solid OpenSCAD_Model
  facet normal 0.989176 0.146736 0
    outer loop
      vertex 3.23435 0.318555 1
      vertex 3.18755 0.634043 0
      vertex 3.18755 0.634043 1
    endloop
  endfacet
  facet normal 0.989176 0.146736 0
    outer loop
      vertex 3.18755 0.634043 0
      vertex 3.23435 0.318555 1
      vertex 3.23435 0.318555 0
    endloop
  endfacet
  facet normal 0.998795 0.0490689 0
    outer loop
      vertex 3.25 0 1
      vertex 3.23435 0.318555 0
      vertex 3.23435 0.318555 1
    endloop
  endfacet
  facet normal 0.998795 0.0490689 0
    outer loop
      vertex 3.23435 0.318555 0
      vertex 3.25 0 1
      vertex 3.25 0 0
    endloop
  endfacet
  facet normal 0.970036 0.242962 0
    outer loop
      vertex 3.18755 0.634043 1
      vertex 3.11006 0.943425 0
      vertex 3.11006 0.943425 1
    endloop
  endfacet
  facet normal 0.970036 0.242962 0
    outer loop
      vertex 3.11006 0.943425 0
      vertex 3.18755 0.634043 1
      vertex 3.18755 0.634043 0
    endloop
  endfacet
  facet normal 0.336897 -0.941541 0
    outer loop
      vertex 0.943425 -3.11006 0
      vertex 1.24372 -3.00261 1
      vertex 0.943425 -3.11006 1
    endloop
  endfacet
  facet normal 0.336897 -0.941541 0
    outer loop
      vertex 1.24372 -3.00261 1
      vertex 0.943425 -3.11006 0
      vertex 1.24372 -3.00261 0
    endloop
  endfacet
  facet normal 0.671545 0.740964 -0
    outer loop
      vertex 2.2981 2.2981 0
      vertex 2.06178 2.51228 1
      vertex 2.2981 2.2981 1
    endloop
  endfacet
  facet normal 0.671545 0.740964 0
    outer loop
      vertex 2.06178 2.51228 1
      vertex 2.2981 2.2981 0
      vertex 2.06178 2.51228 0
    endloop
  endfacet
  facet normal -0.857736 0.51409 0
    outer loop
      vertex -2.86624 1.53204 0
      vertex -2.70228 1.8056 1
      vertex -2.70228 1.8056 0
    endloop
  endfacet
  facet normal -0.857736 0.51409 0
    outer loop
      vertex -2.70228 1.8056 1
      vertex -2.86624 1.53204 0
      vertex -2.86624 1.53204 1
    endloop
  endfacet
  facet normal -0.146736 -0.989176 0
    outer loop
      vertex -0.634043 -3.18755 0
      vertex -0.318555 -3.23435 1
      vertex -0.634043 -3.18755 1
    endloop
  endfacet
  facet normal -0.146736 -0.989176 -0
    outer loop
      vertex -0.318555 -3.23435 1
      vertex -0.634043 -3.18755 0
      vertex -0.318555 -3.23435 0
    endloop
  endfacet
  facet normal 0.941541 0.336897 0
    outer loop
      vertex 3.11006 0.943425 1
      vertex 3.00261 1.24372 0
      vertex 3.00261 1.24372 1
    endloop
  endfacet
  facet normal 0.941541 0.336897 0
    outer loop
      vertex 3.00261 1.24372 0
      vertex 3.11006 0.943425 1
      vertex 3.11006 0.943425 0
    endloop
  endfacet
  facet normal -0.0490689 0.998795 0
    outer loop
      vertex 0 3.25 0
      vertex -0.318555 3.23435 1
      vertex 0 3.25 1
    endloop
  endfacet
  facet normal -0.0490689 0.998795 0
    outer loop
      vertex -0.318555 3.23435 1
      vertex 0 3.25 0
      vertex -0.318555 3.23435 0
    endloop
  endfacet
  facet normal 0.0490689 -0.998795 0
    outer loop
      vertex 0 -3.25 0
      vertex 0.318555 -3.23435 1
      vertex 0 -3.25 1
    endloop
  endfacet
  facet normal 0.0490689 -0.998795 0
    outer loop
      vertex 0.318555 -3.23435 1
      vertex 0 -3.25 0
      vertex 0.318555 -3.23435 0
    endloop
  endfacet
  facet normal -0.903983 -0.427567 0
    outer loop
      vertex -2.86624 -1.53204 0
      vertex -3.00261 -1.24372 1
      vertex -3.00261 -1.24372 0
    endloop
  endfacet
  facet normal -0.903983 -0.427567 0
    outer loop
      vertex -3.00261 -1.24372 1
      vertex -2.86624 -1.53204 0
      vertex -2.86624 -1.53204 1
    endloop
  endfacet
  facet normal -0.595707 -0.803202 0
    outer loop
      vertex -2.06178 -2.51228 0
      vertex -1.8056 -2.70228 1
      vertex -2.06178 -2.51228 1
    endloop
  endfacet
  facet normal -0.595707 -0.803202 -0
    outer loop
      vertex -1.8056 -2.70228 1
      vertex -2.06178 -2.51228 0
      vertex -1.8056 -2.70228 0
    endloop
  endfacet
  facet normal -0.803202 0.595707 0
    outer loop
      vertex -2.70228 1.8056 0
      vertex -2.51228 2.06178 1
      vertex -2.51228 2.06178 0
    endloop
  endfacet
  facet normal -0.803202 0.595707 0
    outer loop
      vertex -2.51228 2.06178 1
      vertex -2.70228 1.8056 0
      vertex -2.70228 1.8056 1
    endloop
  endfacet
  facet normal 0.970036 -0.242962 0
    outer loop
      vertex 3.11006 -0.943425 1
      vertex 3.18755 -0.634043 0
      vertex 3.18755 -0.634043 1
    endloop
  endfacet
  facet normal 0.970036 -0.242962 0
    outer loop
      vertex 3.18755 -0.634043 0
      vertex 3.11006 -0.943425 1
      vertex 3.11006 -0.943425 0
    endloop
  endfacet
  facet normal 0.857736 0.51409 0
    outer loop
      vertex 2.86624 1.53204 1
      vertex 2.70228 1.8056 0
      vertex 2.70228 1.8056 1
    endloop
  endfacet
  facet normal 0.857736 0.51409 0
    outer loop
      vertex 2.70228 1.8056 0
      vertex 2.86624 1.53204 1
      vertex 2.86624 1.53204 0
    endloop
  endfacet
  facet normal -0.998795 -0.0490689 0
    outer loop
      vertex -3.23435 -0.318555 0
      vertex -3.25 0 1
      vertex -3.25 0 0
    endloop
  endfacet
  facet normal -0.998795 -0.0490689 0
    outer loop
      vertex -3.25 0 1
      vertex -3.23435 -0.318555 0
      vertex -3.23435 -0.318555 1
    endloop
  endfacet
  facet normal 0.903983 0.427567 0
    outer loop
      vertex 3.00261 1.24372 1
      vertex 2.86624 1.53204 0
      vertex 2.86624 1.53204 1
    endloop
  endfacet
  facet normal 0.903983 0.427567 0
    outer loop
      vertex 2.86624 1.53204 0
      vertex 3.00261 1.24372 1
      vertex 3.00261 1.24372 0
    endloop
  endfacet
  facet normal 0.941541 -0.336897 0
    outer loop
      vertex 3.00261 -1.24372 1
      vertex 3.11006 -0.943425 0
      vertex 3.11006 -0.943425 1
    endloop
  endfacet
  facet normal 0.941541 -0.336897 0
    outer loop
      vertex 3.11006 -0.943425 0
      vertex 3.00261 -1.24372 1
      vertex 3.00261 -1.24372 0
    endloop
  endfacet
  facet normal -0.427567 -0.903983 0
    outer loop
      vertex -1.53204 -2.86624 0
      vertex -1.24372 -3.00261 1
      vertex -1.53204 -2.86624 1
    endloop
  endfacet
  facet normal -0.427567 -0.903983 -0
    outer loop
      vertex -1.24372 -3.00261 1
      vertex -1.53204 -2.86624 0
      vertex -1.24372 -3.00261 0
    endloop
  endfacet
  facet normal -0.970036 -0.242962 0
    outer loop
      vertex -3.11006 -0.943425 0
      vertex -3.18755 -0.634043 1
      vertex -3.18755 -0.634043 0
    endloop
  endfacet
  facet normal -0.970036 -0.242962 0
    outer loop
      vertex -3.18755 -0.634043 1
      vertex -3.11006 -0.943425 0
      vertex -3.11006 -0.943425 1
    endloop
  endfacet
  facet normal -0.740964 0.671545 0
    outer loop
      vertex -2.51228 2.06178 0
      vertex -2.2981 2.2981 1
      vertex -2.2981 2.2981 0
    endloop
  endfacet
  facet normal -0.740964 0.671545 0
    outer loop
      vertex -2.2981 2.2981 1
      vertex -2.51228 2.06178 0
      vertex -2.51228 2.06178 1
    endloop
  endfacet
  facet normal -0.242962 -0.970036 0
    outer loop
      vertex -0.943425 -3.11006 0
      vertex -0.634043 -3.18755 1
      vertex -0.943425 -3.11006 1
    endloop
  endfacet
  facet normal -0.242962 -0.970036 -0
    outer loop
      vertex -0.634043 -3.18755 1
      vertex -0.943425 -3.11006 0
      vertex -0.634043 -3.18755 0
    endloop
  endfacet
  facet normal -0.51409 0.857736 0
    outer loop
      vertex -1.53204 2.86624 0
      vertex -1.8056 2.70228 1
      vertex -1.53204 2.86624 1
    endloop
  endfacet
  facet normal -0.51409 0.857736 0
    outer loop
      vertex -1.8056 2.70228 1
      vertex -1.53204 2.86624 0
      vertex -1.8056 2.70228 0
    endloop
  endfacet
  facet normal 0.803202 0.595707 0
    outer loop
      vertex 2.70228 1.8056 1
      vertex 2.51228 2.06178 0
      vertex 2.51228 2.06178 1
    endloop
  endfacet
  facet normal 0.803202 0.595707 0
    outer loop
      vertex 2.51228 2.06178 0
      vertex 2.70228 1.8056 1
      vertex 2.70228 1.8056 0
    endloop
  endfacet
  facet normal -0.146736 0.989176 0
    outer loop
      vertex -0.318555 3.23435 0
      vertex -0.634043 3.18755 1
      vertex -0.318555 3.23435 1
    endloop
  endfacet
  facet normal -0.146736 0.989176 0
    outer loop
      vertex -0.634043 3.18755 1
      vertex -0.318555 3.23435 0
      vertex -0.634043 3.18755 0
    endloop
  endfacet
  facet normal 0.427567 -0.903983 0
    outer loop
      vertex 1.24372 -3.00261 0
      vertex 1.53204 -2.86624 1
      vertex 1.24372 -3.00261 1
    endloop
  endfacet
  facet normal 0.427567 -0.903983 0
    outer loop
      vertex 1.53204 -2.86624 1
      vertex 1.24372 -3.00261 0
      vertex 1.53204 -2.86624 0
    endloop
  endfacet
  facet normal -0.671545 0.740964 0
    outer loop
      vertex -2.06178 2.51228 0
      vertex -2.2981 2.2981 1
      vertex -2.06178 2.51228 1
    endloop
  endfacet
  facet normal -0.671545 0.740964 0
    outer loop
      vertex -2.2981 2.2981 1
      vertex -2.06178 2.51228 0
      vertex -2.2981 2.2981 0
    endloop
  endfacet
  facet normal 0.857736 -0.51409 0
    outer loop
      vertex 2.70228 -1.8056 1
      vertex 2.86624 -1.53204 0
      vertex 2.86624 -1.53204 1
    endloop
  endfacet
  facet normal 0.857736 -0.51409 0
    outer loop
      vertex 2.86624 -1.53204 0
      vertex 2.70228 -1.8056 1
      vertex 2.70228 -1.8056 0
    endloop
  endfacet
  facet normal -0.595707 0.803202 0
    outer loop
      vertex -1.8056 2.70228 0
      vertex -2.06178 2.51228 1
      vertex -1.8056 2.70228 1
    endloop
  endfacet
  facet normal -0.595707 0.803202 0
    outer loop
      vertex -2.06178 2.51228 1
      vertex -1.8056 2.70228 0
      vertex -2.06178 2.51228 0
    endloop
  endfacet
  facet normal 0.336897 0.941541 -0
    outer loop
      vertex 1.24372 3.00261 0
      vertex 0.943425 3.11006 1
      vertex 1.24372 3.00261 1
    endloop
  endfacet
  facet normal 0.336897 0.941541 0
    outer loop
      vertex 0.943425 3.11006 1
      vertex 1.24372 3.00261 0
      vertex 0.943425 3.11006 0
    endloop
  endfacet
  facet normal 0.740964 0.671545 0
    outer loop
      vertex 2.51228 2.06178 1
      vertex 2.2981 2.2981 0
      vertex 2.2981 2.2981 1
    endloop
  endfacet
  facet normal 0.740964 0.671545 0
    outer loop
      vertex 2.2981 2.2981 0
      vertex 2.51228 2.06178 1
      vertex 2.51228 2.06178 0
    endloop
  endfacet
  facet normal 0.998795 -0.0490689 0
    outer loop
      vertex 3.23435 -0.318555 1
      vertex 3.25 0 0
      vertex 3.25 0 1
    endloop
  endfacet
  facet normal 0.998795 -0.0490689 0
    outer loop
      vertex 3.25 0 0
      vertex 3.23435 -0.318555 1
      vertex 3.23435 -0.318555 0
    endloop
  endfacet
  facet normal -0.941541 -0.336897 0
    outer loop
      vertex -3.00261 -1.24372 0
      vertex -3.11006 -0.943425 1
      vertex -3.11006 -0.943425 0
    endloop
  endfacet
  facet normal -0.941541 -0.336897 0
    outer loop
      vertex -3.11006 -0.943425 1
      vertex -3.00261 -1.24372 0
      vertex -3.00261 -1.24372 1
    endloop
  endfacet
  facet normal 0.51409 0.857736 -0
    outer loop
      vertex 1.8056 2.70228 0
      vertex 1.53204 2.86624 1
      vertex 1.8056 2.70228 1
    endloop
  endfacet
  facet normal 0.51409 0.857736 0
    outer loop
      vertex 1.53204 2.86624 1
      vertex 1.8056 2.70228 0
      vertex 1.53204 2.86624 0
    endloop
  endfacet
  facet normal 0.595707 0.803202 -0
    outer loop
      vertex 2.06178 2.51228 0
      vertex 1.8056 2.70228 1
      vertex 2.06178 2.51228 1
    endloop
  endfacet
  facet normal 0.595707 0.803202 0
    outer loop
      vertex 1.8056 2.70228 1
      vertex 2.06178 2.51228 0
      vertex 1.8056 2.70228 0
    endloop
  endfacet
  facet normal 0.146736 -0.989176 0
    outer loop
      vertex 0.318555 -3.23435 0
      vertex 0.634043 -3.18755 1
      vertex 0.318555 -3.23435 1
    endloop
  endfacet
  facet normal 0.146736 -0.989176 0
    outer loop
      vertex 0.634043 -3.18755 1
      vertex 0.318555 -3.23435 0
      vertex 0.634043 -3.18755 0
    endloop
  endfacet
  facet normal 0.740964 -0.671545 0
    outer loop
      vertex 2.2981 -2.2981 1
      vertex 2.51228 -2.06178 0
      vertex 2.51228 -2.06178 1
    endloop
  endfacet
  facet normal 0.740964 -0.671545 0
    outer loop
      vertex 2.51228 -2.06178 0
      vertex 2.2981 -2.2981 1
      vertex 2.2981 -2.2981 0
    endloop
  endfacet
  facet normal 0.803202 -0.595707 0
    outer loop
      vertex 2.51228 -2.06178 1
      vertex 2.70228 -1.8056 0
      vertex 2.70228 -1.8056 1
    endloop
  endfacet
  facet normal 0.803202 -0.595707 0
    outer loop
      vertex 2.70228 -1.8056 0
      vertex 2.51228 -2.06178 1
      vertex 2.51228 -2.06178 0
    endloop
  endfacet
  facet normal 0.242962 -0.970036 0
    outer loop
      vertex 0.634043 -3.18755 0
      vertex 0.943425 -3.11006 1
      vertex 0.634043 -3.18755 1
    endloop
  endfacet
  facet normal 0.242962 -0.970036 0
    outer loop
      vertex 0.943425 -3.11006 1
      vertex 0.634043 -3.18755 0
      vertex 0.943425 -3.11006 0
    endloop
  endfacet
  facet normal 0.903983 -0.427567 0
    outer loop
      vertex 2.86624 -1.53204 1
      vertex 3.00261 -1.24372 0
      vertex 3.00261 -1.24372 1
    endloop
  endfacet
  facet normal 0.903983 -0.427567 0
    outer loop
      vertex 3.00261 -1.24372 0
      vertex 2.86624 -1.53204 1
      vertex 2.86624 -1.53204 0
    endloop
  endfacet
  facet normal -0.242962 0.970036 0
    outer loop
      vertex -0.634043 3.18755 0
      vertex -0.943425 3.11006 1
      vertex -0.634043 3.18755 1
    endloop
  endfacet
  facet normal -0.242962 0.970036 0
    outer loop
      vertex -0.943425 3.11006 1
      vertex -0.634043 3.18755 0
      vertex -0.943425 3.11006 0
    endloop
  endfacet
  facet normal -0.941541 0.336897 0
    outer loop
      vertex -3.11006 0.943425 0
      vertex -3.00261 1.24372 1
      vertex -3.00261 1.24372 0
    endloop
  endfacet
  facet normal -0.941541 0.336897 0
    outer loop
      vertex -3.00261 1.24372 1
      vertex -3.11006 0.943425 0
      vertex -3.11006 0.943425 1
    endloop
  endfacet
  facet normal -0.427567 0.903983 0
    outer loop
      vertex -1.24372 3.00261 0
      vertex -1.53204 2.86624 1
      vertex -1.24372 3.00261 1
    endloop
  endfacet
  facet normal -0.427567 0.903983 0
    outer loop
      vertex -1.53204 2.86624 1
      vertex -1.24372 3.00261 0
      vertex -1.53204 2.86624 0
    endloop
  endfacet
  facet normal -0.989176 0.146736 0
    outer loop
      vertex -3.23435 0.318555 0
      vertex -3.18755 0.634043 1
      vertex -3.18755 0.634043 0
    endloop
  endfacet
  facet normal -0.989176 0.146736 0
    outer loop
      vertex -3.18755 0.634043 1
      vertex -3.23435 0.318555 0
      vertex -3.23435 0.318555 1
    endloop
  endfacet
  facet normal -0.970036 0.242962 0
    outer loop
      vertex -3.18755 0.634043 0
      vertex -3.11006 0.943425 1
      vertex -3.11006 0.943425 0
    endloop
  endfacet
  facet normal -0.970036 0.242962 0
    outer loop
      vertex -3.11006 0.943425 1
      vertex -3.18755 0.634043 0
      vertex -3.18755 0.634043 1
    endloop
  endfacet
  facet normal 0.427567 0.903983 -0
    outer loop
      vertex 1.53204 2.86624 0
      vertex 1.24372 3.00261 1
      vertex 1.53204 2.86624 1
    endloop
  endfacet
  facet normal 0.427567 0.903983 0
    outer loop
      vertex 1.24372 3.00261 1
      vertex 1.53204 2.86624 0
      vertex 1.24372 3.00261 0
    endloop
  endfacet
  facet normal 0 0 -1
    outer loop
      vertex 3.23435 -0.318555 0
      vertex 3.23435 0.318555 0
      vertex 3.25 0 0
    endloop
  endfacet
  facet normal 0 0 -1
    outer loop
      vertex 3.18755 -0.634043 0
      vertex 3.23435 0.318555 0
      vertex 3.23435 -0.318555 0
    endloop
  endfacet
  facet normal 0 0 -1
    outer loop
      vertex 3.18755 -0.634043 0
      vertex 3.18755 0.634043 0
      vertex 3.23435 0.318555 0
    endloop
  endfacet
  facet normal 0 0 -1
    outer loop
      vertex 3.11006 -0.943425 0
      vertex 3.18755 0.634043 0
      vertex 3.18755 -0.634043 0
    endloop
  endfacet
  facet normal 0 0 -1
    outer loop
      vertex 3.11006 -0.943425 0
      vertex 3.11006 0.943425 0
      vertex 3.18755 0.634043 0
    endloop
  endfacet
  facet normal 0 0 -1
    outer loop
      vertex 3.00261 -1.24372 0
      vertex 3.11006 0.943425 0
      vertex 3.11006 -0.943425 0
    endloop
  endfacet
  facet normal 0 0 -1
    outer loop
      vertex 3.00261 -1.24372 0
      vertex 3.00261 1.24372 0
      vertex 3.11006 0.943425 0
    endloop
  endfacet
  facet normal 0 0 -1
    outer loop
      vertex 2.86624 -1.53204 0
      vertex 3.00261 1.24372 0
      vertex 3.00261 -1.24372 0
    endloop
  endfacet
  facet normal 0 0 -1
    outer loop
      vertex 2.86624 -1.53204 0
      vertex 2.86624 1.53204 0
      vertex 3.00261 1.24372 0
    endloop
  endfacet
  facet normal 0 0 -1
    outer loop
      vertex 2.70228 -1.8056 0
      vertex 2.86624 1.53204 0
      vertex 2.86624 -1.53204 0
    endloop
  endfacet
  facet normal 0 0 -1
    outer loop
      vertex 2.70228 -1.8056 0
      vertex 2.70228 1.8056 0
      vertex 2.86624 1.53204 0
    endloop
  endfacet
  facet normal 0 0 -1
    outer loop
      vertex 2.51228 -2.06178 0
      vertex 2.70228 1.8056 0
      vertex 2.70228 -1.8056 0
    endloop
  endfacet
  facet normal 0 0 -1
    outer loop
      vertex 2.51228 -2.06178 0
      vertex 2.51228 2.06178 0
      vertex 2.70228 1.8056 0
    endloop
  endfacet
  facet normal 0 0 -1
    outer loop
      vertex 2.2981 -2.2981 0
      vertex 2.51228 2.06178 0
      vertex 2.51228 -2.06178 0
    endloop
  endfacet
  facet normal 0 0 -1
    outer loop
      vertex 2.2981 -2.2981 0
      vertex 2.2981 2.2981 0
      vertex 2.51228 2.06178 0
    endloop
  endfacet
  facet normal 0 0 -1
    outer loop
      vertex 2.06178 -2.51228 0
      vertex 2.2981 2.2981 0
      vertex 2.2981 -2.2981 0
    endloop
  endfacet
  facet normal 0 0 -1
    outer loop
      vertex 2.06178 -2.51228 0
      vertex 2.06178 2.51228 0
      vertex 2.2981 2.2981 0
    endloop
  endfacet
  facet normal 0 0 -1
    outer loop
      vertex 1.8056 -2.70228 0
      vertex 2.06178 2.51228 0
      vertex 2.06178 -2.51228 0
    endloop
  endfacet
  facet normal 0 0 -1
    outer loop
      vertex 1.8056 -2.70228 0
      vertex 1.8056 2.70228 0
      vertex 2.06178 2.51228 0
    endloop
  endfacet
  facet normal 0 0 -1
    outer loop
      vertex 1.53204 -2.86624 0
      vertex 1.8056 2.70228 0
      vertex 1.8056 -2.70228 0
    endloop
  endfacet
  facet normal 0 0 -1
    outer loop
      vertex 1.53204 -2.86624 0
      vertex 1.53204 2.86624 0
      vertex 1.8056 2.70228 0
    endloop
  endfacet
  facet normal 0 0 -1
    outer loop
      vertex 1.24372 -3.00261 0
      vertex 1.53204 2.86624 0
      vertex 1.53204 -2.86624 0
    endloop
  endfacet
  facet normal 0 0 -1
    outer loop
      vertex 1.24372 -3.00261 0
      vertex 1.24372 3.00261 0
      vertex 1.53204 2.86624 0
    endloop
  endfacet
  facet normal 0 0 -1
    outer loop
      vertex 0.943425 -3.11006 0
      vertex 1.24372 3.00261 0
      vertex 1.24372 -3.00261 0
    endloop
  endfacet
  facet normal 0 0 -1
    outer loop
      vertex 0.943425 -3.11006 0
      vertex 0.943425 3.11006 0
      vertex 1.24372 3.00261 0
    endloop
  endfacet
  facet normal 0 0 -1
    outer loop
      vertex 0.634043 -3.18755 0
      vertex 0.943425 3.11006 0
      vertex 0.943425 -3.11006 0
    endloop
  endfacet
  facet normal 0 0 -1
    outer loop
      vertex 0.634043 -3.18755 0
      vertex 0.634043 3.18755 0
      vertex 0.943425 3.11006 0
    endloop
  endfacet
  facet normal 0 0 -1
    outer loop
      vertex 0.318555 -3.23435 0
      vertex 0.634043 3.18755 0
      vertex 0.634043 -3.18755 0
    endloop
  endfacet
  facet normal 0 0 -1
    outer loop
      vertex 0.318555 -3.23435 0
      vertex 0.318555 3.23435 0
      vertex 0.634043 3.18755 0
    endloop
  endfacet
  facet normal 0 0 -1
    outer loop
      vertex 0 -3.25 0
      vertex 0.318555 3.23435 0
      vertex 0.318555 -3.23435 0
    endloop
  endfacet
  facet normal 0 0 -1
    outer loop
      vertex 0 -3.25 0
      vertex 0 3.25 0
      vertex 0.318555 3.23435 0
    endloop
  endfacet
  facet normal 0 0 -1
    outer loop
      vertex -0.318555 -3.23435 0
      vertex 0 3.25 0
      vertex 0 -3.25 0
    endloop
  endfacet
  facet normal 0 0 -1
    outer loop
      vertex -0.318555 -3.23435 0
      vertex -0.318555 3.23435 0
      vertex 0 3.25 0
    endloop
  endfacet
  facet normal 0 0 -1
    outer loop
      vertex -0.634043 -3.18755 0
      vertex -0.318555 3.23435 0
      vertex -0.318555 -3.23435 0
    endloop
  endfacet
  facet normal 0 0 -1
    outer loop
      vertex -0.634043 -3.18755 0
      vertex -0.634043 3.18755 0
      vertex -0.318555 3.23435 0
    endloop
  endfacet
  facet normal 0 0 -1
    outer loop
      vertex -0.943425 -3.11006 0
      vertex -0.634043 3.18755 0
      vertex -0.634043 -3.18755 0
    endloop
  endfacet
  facet normal 0 0 -1
    outer loop
      vertex -0.943425 -3.11006 0
      vertex -0.943425 3.11006 0
      vertex -0.634043 3.18755 0
    endloop
  endfacet
  facet normal 0 0 -1
    outer loop
      vertex -1.24372 -3.00261 0
      vertex -0.943425 3.11006 0
      vertex -0.943425 -3.11006 0
    endloop
  endfacet
  facet normal 0 0 -1
    outer loop
      vertex -1.24372 -3.00261 0
      vertex -1.24372 3.00261 0
      vertex -0.943425 3.11006 0
    endloop
  endfacet
  facet normal 0 0 -1
    outer loop
      vertex -1.53204 -2.86624 0
      vertex -1.24372 3.00261 0
      vertex -1.24372 -3.00261 0
    endloop
  endfacet
  facet normal 0 0 -1
    outer loop
      vertex -1.53204 -2.86624 0
      vertex -1.53204 2.86624 0
      vertex -1.24372 3.00261 0
    endloop
  endfacet
  facet normal 0 0 -1
    outer loop
      vertex -1.8056 -2.70228 0
      vertex -1.53204 2.86624 0
      vertex -1.53204 -2.86624 0
    endloop
  endfacet
  facet normal 0 0 -1
    outer loop
      vertex -1.8056 -2.70228 0
      vertex -1.8056 2.70228 0
      vertex -1.53204 2.86624 0
    endloop
  endfacet
  facet normal 0 0 -1
    outer loop
      vertex -2.06178 -2.51228 0
      vertex -1.8056 2.70228 0
      vertex -1.8056 -2.70228 0
    endloop
  endfacet
  facet normal 0 0 -1
    outer loop
      vertex -2.06178 -2.51228 0
      vertex -2.06178 2.51228 0
      vertex -1.8056 2.70228 0
    endloop
  endfacet
  facet normal 0 0 -1
    outer loop
      vertex -2.2981 -2.2981 0
      vertex -2.06178 2.51228 0
      vertex -2.06178 -2.51228 0
    endloop
  endfacet
  facet normal 0 0 -1
    outer loop
      vertex -2.2981 -2.2981 0
      vertex -2.2981 2.2981 0
      vertex -2.06178 2.51228 0
    endloop
  endfacet
  facet normal 0 0 -1
    outer loop
      vertex -2.51228 -2.06178 0
      vertex -2.2981 2.2981 0
      vertex -2.2981 -2.2981 0
    endloop
  endfacet
  facet normal 0 0 -1
    outer loop
      vertex -2.51228 -2.06178 0
      vertex -2.51228 2.06178 0
      vertex -2.2981 2.2981 0
    endloop
  endfacet
  facet normal 0 0 -1
    outer loop
      vertex -2.70228 -1.8056 0
      vertex -2.51228 2.06178 0
      vertex -2.51228 -2.06178 0
    endloop
  endfacet
  facet normal 0 0 -1
    outer loop
      vertex -2.70228 -1.8056 0
      vertex -2.70228 1.8056 0
      vertex -2.51228 2.06178 0
    endloop
  endfacet
  facet normal 0 0 -1
    outer loop
      vertex -2.86624 -1.53204 0
      vertex -2.70228 1.8056 0
      vertex -2.70228 -1.8056 0
    endloop
  endfacet
  facet normal 0 0 -1
    outer loop
      vertex -2.86624 -1.53204 0
      vertex -2.86624 1.53204 0
      vertex -2.70228 1.8056 0
    endloop
  endfacet
  facet normal 0 0 -1
    outer loop
      vertex -3.00261 -1.24372 0
      vertex -2.86624 1.53204 0
      vertex -2.86624 -1.53204 0
    endloop
  endfacet
  facet normal 0 0 -1
    outer loop
      vertex -3.00261 -1.24372 0
      vertex -3.00261 1.24372 0
      vertex -2.86624 1.53204 0
    endloop
  endfacet
  facet normal 0 0 -1
    outer loop
      vertex -3.11006 -0.943425 0
      vertex -3.00261 1.24372 0
      vertex -3.00261 -1.24372 0
    endloop
  endfacet
  facet normal 0 0 -1
    outer loop
      vertex -3.11006 -0.943425 0
      vertex -3.11006 0.943425 0
      vertex -3.00261 1.24372 0
    endloop
  endfacet
  facet normal 0 0 -1
    outer loop
      vertex -3.18755 -0.634043 0
      vertex -3.11006 0.943425 0
      vertex -3.11006 -0.943425 0
    endloop
  endfacet
  facet normal 0 0 -1
    outer loop
      vertex -3.18755 -0.634043 0
      vertex -3.18755 0.634043 0
      vertex -3.11006 0.943425 0
    endloop
  endfacet
  facet normal 0 0 -1
    outer loop
      vertex -3.23435 -0.318555 0
      vertex -3.18755 0.634043 0
      vertex -3.18755 -0.634043 0
    endloop
  endfacet
  facet normal 0 0 -1
    outer loop
      vertex -3.23435 -0.318555 0
      vertex -3.23435 0.318555 0
      vertex -3.18755 0.634043 0
    endloop
  endfacet
  facet normal 0 -0 -1
    outer loop
      vertex -3.23435 0.318555 0
      vertex -3.23435 -0.318555 0
      vertex -3.25 0 0
    endloop
  endfacet
  facet normal 0.989176 -0.146736 0
    outer loop
      vertex 3.18755 -0.634043 1
      vertex 3.23435 -0.318555 0
      vertex 3.23435 -0.318555 1
    endloop
  endfacet
  facet normal 0.989176 -0.146736 0
    outer loop
      vertex 3.23435 -0.318555 0
      vertex 3.18755 -0.634043 1
      vertex 3.18755 -0.634043 0
    endloop
  endfacet
  facet normal 0.146736 0.989176 -0
    outer loop
      vertex 0.634043 3.18755 0
      vertex 0.318555 3.23435 1
      vertex 0.634043 3.18755 1
    endloop
  endfacet
  facet normal 0.146736 0.989176 0
    outer loop
      vertex 0.318555 3.23435 1
      vertex 0.634043 3.18755 0
      vertex 0.318555 3.23435 0
    endloop
  endfacet
  facet normal 0.0490689 0.998795 -0
    outer loop
      vertex 0.318555 3.23435 0
      vertex 0 3.25 1
      vertex 0.318555 3.23435 1
    endloop
  endfacet
  facet normal 0.0490689 0.998795 0
    outer loop
      vertex 0 3.25 1
      vertex 0.318555 3.23435 0
      vertex 0 3.25 0
    endloop
  endfacet
  facet normal -0.740964 -0.671545 0
    outer loop
      vertex -2.2981 -2.2981 0
      vertex -2.51228 -2.06178 1
      vertex -2.51228 -2.06178 0
    endloop
  endfacet
  facet normal -0.740964 -0.671545 0
    outer loop
      vertex -2.51228 -2.06178 1
      vertex -2.2981 -2.2981 0
      vertex -2.2981 -2.2981 1
    endloop
  endfacet
  facet normal -0.857736 -0.51409 0
    outer loop
      vertex -2.70228 -1.8056 0
      vertex -2.86624 -1.53204 1
      vertex -2.86624 -1.53204 0
    endloop
  endfacet
  facet normal -0.857736 -0.51409 0
    outer loop
      vertex -2.86624 -1.53204 1
      vertex -2.70228 -1.8056 0
      vertex -2.70228 -1.8056 1
    endloop
  endfacet
  facet normal -0.336897 0.941541 0
    outer loop
      vertex -0.943425 3.11006 0
      vertex -1.24372 3.00261 1
      vertex -0.943425 3.11006 1
    endloop
  endfacet
  facet normal -0.336897 0.941541 0
    outer loop
      vertex -1.24372 3.00261 1
      vertex -0.943425 3.11006 0
      vertex -1.24372 3.00261 0
    endloop
  endfacet
  facet normal -0.51409 -0.857736 0
    outer loop
      vertex -1.8056 -2.70228 0
      vertex -1.53204 -2.86624 1
      vertex -1.8056 -2.70228 1
    endloop
  endfacet
  facet normal -0.51409 -0.857736 -0
    outer loop
      vertex -1.53204 -2.86624 1
      vertex -1.8056 -2.70228 0
      vertex -1.53204 -2.86624 0
    endloop
  endfacet
  facet normal 0.595707 -0.803202 0
    outer loop
      vertex 1.8056 -2.70228 0
      vertex 2.06178 -2.51228 1
      vertex 1.8056 -2.70228 1
    endloop
  endfacet
  facet normal 0.595707 -0.803202 0
    outer loop
      vertex 2.06178 -2.51228 1
      vertex 1.8056 -2.70228 0
      vertex 2.06178 -2.51228 0
    endloop
  endfacet
  facet normal -0.336897 -0.941541 0
    outer loop
      vertex -1.24372 -3.00261 0
      vertex -0.943425 -3.11006 1
      vertex -1.24372 -3.00261 1
    endloop
  endfacet
  facet normal -0.336897 -0.941541 -0
    outer loop
      vertex -0.943425 -3.11006 1
      vertex -1.24372 -3.00261 0
      vertex -0.943425 -3.11006 0
    endloop
  endfacet
  facet normal -0.803202 -0.595707 0
    outer loop
      vertex -2.51228 -2.06178 0
      vertex -2.70228 -1.8056 1
      vertex -2.70228 -1.8056 0
    endloop
  endfacet
  facet normal -0.803202 -0.595707 0
    outer loop
      vertex -2.70228 -1.8056 1
      vertex -2.51228 -2.06178 0
      vertex -2.51228 -2.06178 1
    endloop
  endfacet
  facet normal -0.903983 0.427567 0
    outer loop
      vertex -3.00261 1.24372 0
      vertex -2.86624 1.53204 1
      vertex -2.86624 1.53204 0
    endloop
  endfacet
  facet normal -0.903983 0.427567 0
    outer loop
      vertex -2.86624 1.53204 1
      vertex -3.00261 1.24372 0
      vertex -3.00261 1.24372 1
    endloop
  endfacet
  facet normal -0.989176 -0.146736 0
    outer loop
      vertex -3.18755 -0.634043 0
      vertex -3.23435 -0.318555 1
      vertex -3.23435 -0.318555 0
    endloop
  endfacet
  facet normal -0.989176 -0.146736 0
    outer loop
      vertex -3.23435 -0.318555 1
      vertex -3.18755 -0.634043 0
      vertex -3.18755 -0.634043 1
    endloop
  endfacet
  facet normal 0.242962 0.970036 -0
    outer loop
      vertex 0.943425 3.11006 0
      vertex 0.634043 3.18755 1
      vertex 0.943425 3.11006 1
    endloop
  endfacet
  facet normal 0.242962 0.970036 0
    outer loop
      vertex 0.634043 3.18755 1
      vertex 0.943425 3.11006 0
      vertex 0.634043 3.18755 0
    endloop
  endfacet
  facet normal 0.51409 -0.857736 0
    outer loop
      vertex 1.53204 -2.86624 0
      vertex 1.8056 -2.70228 1
      vertex 1.53204 -2.86624 1
    endloop
  endfacet
  facet normal 0.51409 -0.857736 0
    outer loop
      vertex 1.8056 -2.70228 1
      vertex 1.53204 -2.86624 0
      vertex 1.8056 -2.70228 0
    endloop
  endfacet
  facet normal -0.671545 -0.740964 0
    outer loop
      vertex -2.2981 -2.2981 0
      vertex -2.06178 -2.51228 1
      vertex -2.2981 -2.2981 1
    endloop
  endfacet
  facet normal -0.671545 -0.740964 -0
    outer loop
      vertex -2.06178 -2.51228 1
      vertex -2.2981 -2.2981 0
      vertex -2.06178 -2.51228 0
    endloop
  endfacet
  facet normal -0.0490689 -0.998795 0
    outer loop
      vertex -0.318555 -3.23435 0
      vertex 0 -3.25 1
      vertex -0.318555 -3.23435 1
    endloop
  endfacet
  facet normal -0.0490689 -0.998795 -0
    outer loop
      vertex 0 -3.25 1
      vertex -0.318555 -3.23435 0
      vertex 0 -3.25 0
    endloop
  endfacet
  facet normal 0 0 1
    outer loop
      vertex 2 0 1
      vertex 3.25 0 1
      vertex 3.23435 0.318555 1
    endloop
  endfacet
  facet normal 0 0 1
    outer loop
      vertex 1.99037 0.196033 1
      vertex 3.23435 0.318555 1
      vertex 3.18755 0.634043 1
    endloop
  endfacet
  facet normal 0 0 1
    outer loop
      vertex 3.25 0 1
      vertex 2 0 1
      vertex 3.23435 -0.318555 1
    endloop
  endfacet
  facet normal 0 0 1
    outer loop
      vertex 1.96157 0.390181 1
      vertex 3.18755 0.634043 1
      vertex 3.11006 0.943425 1
    endloop
  endfacet
  facet normal -0 0 1
    outer loop
      vertex 1.99037 -0.196033 1
      vertex 3.23435 -0.318555 1
      vertex 2 0 1
    endloop
  endfacet
  facet normal 0 0 1
    outer loop
      vertex 1.91388 0.580569 1
      vertex 3.11006 0.943425 1
      vertex 3.00261 1.24372 1
    endloop
  endfacet
  facet normal 0 0 1
    outer loop
      vertex 3.23435 -0.318555 1
      vertex 1.99037 -0.196033 1
      vertex 3.18755 -0.634043 1
    endloop
  endfacet
  facet normal 0 0 1
    outer loop
      vertex 1.84776 0.765367 1
      vertex 3.00261 1.24372 1
      vertex 2.86624 1.53204 1
    endloop
  endfacet
  facet normal -0 0 1
    outer loop
      vertex 1.96157 -0.390181 1
      vertex 3.18755 -0.634043 1
      vertex 1.99037 -0.196033 1
    endloop
  endfacet
  facet normal 0 0 1
    outer loop
      vertex 1.76384 0.942793 1
      vertex 2.86624 1.53204 1
      vertex 2.70228 1.8056 1
    endloop
  endfacet
  facet normal 0 0 1
    outer loop
      vertex 3.18755 -0.634043 1
      vertex 1.96157 -0.390181 1
      vertex 3.11006 -0.943425 1
    endloop
  endfacet
  facet normal 0 0 1
    outer loop
      vertex 1.66294 1.11114 1
      vertex 2.70228 1.8056 1
      vertex 2.51228 2.06178 1
    endloop
  endfacet
  facet normal -0 0 1
    outer loop
      vertex 1.91388 -0.580569 1
      vertex 3.11006 -0.943425 1
      vertex 1.96157 -0.390181 1
    endloop
  endfacet
  facet normal 0 0 1
    outer loop
      vertex 1.54602 1.26879 1
      vertex 2.51228 2.06178 1
      vertex 2.2981 2.2981 1
    endloop
  endfacet
  facet normal 0 0 1
    outer loop
      vertex 3.11006 -0.943425 1
      vertex 1.91388 -0.580569 1
      vertex 3.00261 -1.24372 1
    endloop
  endfacet
  facet normal 0 0 1
    outer loop
      vertex 1.41421 1.41421 1
      vertex 2.2981 2.2981 1
      vertex 2.06178 2.51228 1
    endloop
  endfacet
  facet normal -0 0 1
    outer loop
      vertex 1.84776 -0.765367 1
      vertex 3.00261 -1.24372 1
      vertex 1.91388 -0.580569 1
    endloop
  endfacet
  facet normal 0 0 1
    outer loop
      vertex 3.00261 -1.24372 1
      vertex 1.84776 -0.765367 1
      vertex 2.86624 -1.53204 1
    endloop
  endfacet
  facet normal 0 0 1
    outer loop
      vertex 3.23435 0.318555 1
      vertex 1.99037 0.196033 1
      vertex 2 0 1
    endloop
  endfacet
  facet normal 0 0 1
    outer loop
      vertex 3.18755 0.634043 1
      vertex 1.96157 0.390181 1
      vertex 1.99037 0.196033 1
    endloop
  endfacet
  facet normal 0 0 1
    outer loop
      vertex 3.11006 0.943425 1
      vertex 1.91388 0.580569 1
      vertex 1.96157 0.390181 1
    endloop
  endfacet
  facet normal 0 0 1
    outer loop
      vertex 3.00261 1.24372 1
      vertex 1.84776 0.765367 1
      vertex 1.91388 0.580569 1
    endloop
  endfacet
  facet normal 0 0 1
    outer loop
      vertex 1.26879 1.54602 1
      vertex 2.06178 2.51228 1
      vertex 1.8056 2.70228 1
    endloop
  endfacet
  facet normal 0 0 1
    outer loop
      vertex 2.86624 1.53204 1
      vertex 1.76384 0.942793 1
      vertex 1.84776 0.765367 1
    endloop
  endfacet
  facet normal 0 0 1
    outer loop
      vertex 2.70228 1.8056 1
      vertex 1.66294 1.11114 1
      vertex 1.76384 0.942793 1
    endloop
  endfacet
  facet normal 0 0 1
    outer loop
      vertex 2.51228 2.06178 1
      vertex 1.54602 1.26879 1
      vertex 1.66294 1.11114 1
    endloop
  endfacet
  facet normal 0 0 1
    outer loop
      vertex 1.11114 1.66294 1
      vertex 1.8056 2.70228 1
      vertex 1.53204 2.86624 1
    endloop
  endfacet
  facet normal 0 0 1
    outer loop
      vertex 2.2981 2.2981 1
      vertex 1.41421 1.41421 1
      vertex 1.54602 1.26879 1
    endloop
  endfacet
  facet normal 0 0 1
    outer loop
      vertex 2.06178 2.51228 1
      vertex 1.26879 1.54602 1
      vertex 1.41421 1.41421 1
    endloop
  endfacet
  facet normal 0 0 1
    outer loop
      vertex 0.942793 1.76384 1
      vertex 1.53204 2.86624 1
      vertex 1.24372 3.00261 1
    endloop
  endfacet
  facet normal 0 0 1
    outer loop
      vertex 1.8056 2.70228 1
      vertex 1.11114 1.66294 1
      vertex 1.26879 1.54602 1
    endloop
  endfacet
  facet normal 0 0 1
    outer loop
      vertex 0.765367 1.84776 1
      vertex 1.24372 3.00261 1
      vertex 0.943425 3.11006 1
    endloop
  endfacet
  facet normal 0 0 1
    outer loop
      vertex 1.53204 2.86624 1
      vertex 0.942793 1.76384 1
      vertex 1.11114 1.66294 1
    endloop
  endfacet
  facet normal 0 0 1
    outer loop
      vertex 1.24372 3.00261 1
      vertex 0.765367 1.84776 1
      vertex 0.942793 1.76384 1
    endloop
  endfacet
  facet normal 0 0 1
    outer loop
      vertex 0.580569 1.91388 1
      vertex 0.943425 3.11006 1
      vertex 0.634043 3.18755 1
    endloop
  endfacet
  facet normal 0 0 1
    outer loop
      vertex 0.943425 3.11006 1
      vertex 0.580569 1.91388 1
      vertex 0.765367 1.84776 1
    endloop
  endfacet
  facet normal 0 0 1
    outer loop
      vertex 0.634043 3.18755 1
      vertex 0.390181 1.96157 1
      vertex 0.580569 1.91388 1
    endloop
  endfacet
  facet normal 0 0 1
    outer loop
      vertex 0.318555 3.23435 1
      vertex 0.390181 1.96157 1
      vertex 0.634043 3.18755 1
    endloop
  endfacet
  facet normal 0 0 1
    outer loop
      vertex 0.318555 3.23435 1
      vertex 0.196033 1.99037 1
      vertex 0.390181 1.96157 1
    endloop
  endfacet
  facet normal 0 0 1
    outer loop
      vertex 0 3.25 1
      vertex 0.196033 1.99037 1
      vertex 0.318555 3.23435 1
    endloop
  endfacet
  facet normal 0 0 1
    outer loop
      vertex 0 3.25 1
      vertex 0 2 1
      vertex 0.196033 1.99037 1
    endloop
  endfacet
  facet normal 0 0 1
    outer loop
      vertex 0 3.25 1
      vertex -0.196033 1.99037 1
      vertex 0 2 1
    endloop
  endfacet
  facet normal -0 0 1
    outer loop
      vertex -0.318555 3.23435 1
      vertex -0.196033 1.99037 1
      vertex 0 3.25 1
    endloop
  endfacet
  facet normal 0 0 1
    outer loop
      vertex -0.318555 3.23435 1
      vertex -0.390181 1.96157 1
      vertex -0.196033 1.99037 1
    endloop
  endfacet
  facet normal -0 0 1
    outer loop
      vertex -0.634043 3.18755 1
      vertex -0.390181 1.96157 1
      vertex -0.318555 3.23435 1
    endloop
  endfacet
  facet normal 0 0 1
    outer loop
      vertex -0.390181 1.96157 1
      vertex -0.634043 3.18755 1
      vertex -0.580569 1.91388 1
    endloop
  endfacet
  facet normal -0 0 1
    outer loop
      vertex -0.943425 3.11006 1
      vertex -0.580569 1.91388 1
      vertex -0.634043 3.18755 1
    endloop
  endfacet
  facet normal 0 0 1
    outer loop
      vertex -0.580569 1.91388 1
      vertex -0.943425 3.11006 1
      vertex -0.765367 1.84776 1
    endloop
  endfacet
  facet normal -0 0 1
    outer loop
      vertex -1.24372 3.00261 1
      vertex -0.765367 1.84776 1
      vertex -0.943425 3.11006 1
    endloop
  endfacet
  facet normal 0 0 1
    outer loop
      vertex -0.765367 1.84776 1
      vertex -1.24372 3.00261 1
      vertex -0.942793 1.76384 1
    endloop
  endfacet
  facet normal -0 0 1
    outer loop
      vertex -1.53204 2.86624 1
      vertex -0.942793 1.76384 1
      vertex -1.24372 3.00261 1
    endloop
  endfacet
  facet normal 0 0 1
    outer loop
      vertex -0.942793 1.76384 1
      vertex -1.53204 2.86624 1
      vertex -1.11114 1.66294 1
    endloop
  endfacet
  facet normal -0 0 1
    outer loop
      vertex -1.8056 2.70228 1
      vertex -1.11114 1.66294 1
      vertex -1.53204 2.86624 1
    endloop
  endfacet
  facet normal 0 0 1
    outer loop
      vertex -1.11114 1.66294 1
      vertex -1.8056 2.70228 1
      vertex -1.26879 1.54602 1
    endloop
  endfacet
  facet normal -0 0 1
    outer loop
      vertex -2.06178 2.51228 1
      vertex -1.26879 1.54602 1
      vertex -1.8056 2.70228 1
    endloop
  endfacet
  facet normal 0 0 1
    outer loop
      vertex -1.26879 1.54602 1
      vertex -2.06178 2.51228 1
      vertex -1.41421 1.41421 1
    endloop
  endfacet
  facet normal -0 0 1
    outer loop
      vertex -2.2981 2.2981 1
      vertex -1.41421 1.41421 1
      vertex -2.06178 2.51228 1
    endloop
  endfacet
  facet normal 0 0 1
    outer loop
      vertex -1.41421 1.41421 1
      vertex -2.2981 2.2981 1
      vertex -1.54602 1.26879 1
    endloop
  endfacet
  facet normal -0 0 1
    outer loop
      vertex -2.51228 2.06178 1
      vertex -1.54602 1.26879 1
      vertex -2.2981 2.2981 1
    endloop
  endfacet
  facet normal 0 0 1
    outer loop
      vertex -1.54602 1.26879 1
      vertex -2.51228 2.06178 1
      vertex -1.66294 1.11114 1
    endloop
  endfacet
  facet normal -0 0 1
    outer loop
      vertex -2.70228 1.8056 1
      vertex -1.66294 1.11114 1
      vertex -2.51228 2.06178 1
    endloop
  endfacet
  facet normal 0 0 1
    outer loop
      vertex -1.66294 1.11114 1
      vertex -2.70228 1.8056 1
      vertex -1.76384 0.942793 1
    endloop
  endfacet
  facet normal 0 0 1
    outer loop
      vertex -1.76384 0.942793 1
      vertex -2.86624 1.53204 1
      vertex -1.84776 0.765367 1
    endloop
  endfacet
  facet normal -0 0 1
    outer loop
      vertex -2.86624 1.53204 1
      vertex -1.76384 0.942793 1
      vertex -2.70228 1.8056 1
    endloop
  endfacet
  facet normal -0 0 1
    outer loop
      vertex 1.76384 -0.942793 1
      vertex 2.86624 -1.53204 1
      vertex 1.84776 -0.765367 1
    endloop
  endfacet
  facet normal 0 0 1
    outer loop
      vertex 2.86624 -1.53204 1
      vertex 1.76384 -0.942793 1
      vertex 2.70228 -1.8056 1
    endloop
  endfacet
  facet normal -0 0 1
    outer loop
      vertex 1.66294 -1.11114 1
      vertex 2.70228 -1.8056 1
      vertex 1.76384 -0.942793 1
    endloop
  endfacet
  facet normal 0 0 1
    outer loop
      vertex 2.70228 -1.8056 1
      vertex 1.66294 -1.11114 1
      vertex 2.51228 -2.06178 1
    endloop
  endfacet
  facet normal -0 0 1
    outer loop
      vertex 1.54602 -1.26879 1
      vertex 2.51228 -2.06178 1
      vertex 1.66294 -1.11114 1
    endloop
  endfacet
  facet normal 0 0 1
    outer loop
      vertex 2.51228 -2.06178 1
      vertex 1.54602 -1.26879 1
      vertex 2.2981 -2.2981 1
    endloop
  endfacet
  facet normal -0 0 1
    outer loop
      vertex 1.41421 -1.41421 1
      vertex 2.2981 -2.2981 1
      vertex 1.54602 -1.26879 1
    endloop
  endfacet
  facet normal 0 0 1
    outer loop
      vertex 2.2981 -2.2981 1
      vertex 1.41421 -1.41421 1
      vertex 2.06178 -2.51228 1
    endloop
  endfacet
  facet normal -0 0 1
    outer loop
      vertex 1.26879 -1.54602 1
      vertex 2.06178 -2.51228 1
      vertex 1.41421 -1.41421 1
    endloop
  endfacet
  facet normal 0 0 1
    outer loop
      vertex 2.06178 -2.51228 1
      vertex 1.26879 -1.54602 1
      vertex 1.8056 -2.70228 1
    endloop
  endfacet
  facet normal -0 0 1
    outer loop
      vertex 1.11114 -1.66294 1
      vertex 1.8056 -2.70228 1
      vertex 1.26879 -1.54602 1
    endloop
  endfacet
  facet normal 0 0 1
    outer loop
      vertex 1.8056 -2.70228 1
      vertex 1.11114 -1.66294 1
      vertex 1.53204 -2.86624 1
    endloop
  endfacet
  facet normal -0 0 1
    outer loop
      vertex 0.942793 -1.76384 1
      vertex 1.53204 -2.86624 1
      vertex 1.11114 -1.66294 1
    endloop
  endfacet
  facet normal 0 0 1
    outer loop
      vertex 1.53204 -2.86624 1
      vertex 0.942793 -1.76384 1
      vertex 1.24372 -3.00261 1
    endloop
  endfacet
  facet normal -0 0 1
    outer loop
      vertex 0.765367 -1.84776 1
      vertex 1.24372 -3.00261 1
      vertex 0.942793 -1.76384 1
    endloop
  endfacet
  facet normal 0 0 1
    outer loop
      vertex 1.24372 -3.00261 1
      vertex 0.765367 -1.84776 1
      vertex 0.943425 -3.11006 1
    endloop
  endfacet
  facet normal -0 0 1
    outer loop
      vertex 0.580569 -1.91388 1
      vertex 0.943425 -3.11006 1
      vertex 0.765367 -1.84776 1
    endloop
  endfacet
  facet normal 0 0 1
    outer loop
      vertex 0.943425 -3.11006 1
      vertex 0.580569 -1.91388 1
      vertex 0.634043 -3.18755 1
    endloop
  endfacet
  facet normal -0 0 1
    outer loop
      vertex 0.390181 -1.96157 1
      vertex 0.634043 -3.18755 1
      vertex 0.580569 -1.91388 1
    endloop
  endfacet
  facet normal 0 0 1
    outer loop
      vertex 0.390181 -1.96157 1
      vertex 0.318555 -3.23435 1
      vertex 0.634043 -3.18755 1
    endloop
  endfacet
  facet normal -0 0 1
    outer loop
      vertex 0.196033 -1.99037 1
      vertex 0.318555 -3.23435 1
      vertex 0.390181 -1.96157 1
    endloop
  endfacet
  facet normal -0 0 1
    outer loop
      vertex 0 -2 1
      vertex 0.318555 -3.23435 1
      vertex 0.196033 -1.99037 1
    endloop
  endfacet
  facet normal 0 0 1
    outer loop
      vertex 0 -2 1
      vertex 0 -3.25 1
      vertex 0.318555 -3.23435 1
    endloop
  endfacet
  facet normal 0 0 1
    outer loop
      vertex -0.196033 -1.99037 1
      vertex 0 -3.25 1
      vertex 0 -2 1
    endloop
  endfacet
  facet normal 0 0 1
    outer loop
      vertex -0.196033 -1.99037 1
      vertex -0.318555 -3.23435 1
      vertex 0 -3.25 1
    endloop
  endfacet
  facet normal 0 0 1
    outer loop
      vertex -0.390181 -1.96157 1
      vertex -0.318555 -3.23435 1
      vertex -0.196033 -1.99037 1
    endloop
  endfacet
  facet normal 0 0 1
    outer loop
      vertex -0.634043 -3.18755 1
      vertex -0.390181 -1.96157 1
      vertex -0.580569 -1.91388 1
    endloop
  endfacet
  facet normal 0 0 1
    outer loop
      vertex -0.390181 -1.96157 1
      vertex -0.634043 -3.18755 1
      vertex -0.318555 -3.23435 1
    endloop
  endfacet
  facet normal 0 0 1
    outer loop
      vertex -0.943425 -3.11006 1
      vertex -0.580569 -1.91388 1
      vertex -0.765367 -1.84776 1
    endloop
  endfacet
  facet normal 0 0 1
    outer loop
      vertex -1.24372 -3.00261 1
      vertex -0.765367 -1.84776 1
      vertex -0.942793 -1.76384 1
    endloop
  endfacet
  facet normal 0 0 1
    outer loop
      vertex -0.580569 -1.91388 1
      vertex -0.943425 -3.11006 1
      vertex -0.634043 -3.18755 1
    endloop
  endfacet
  facet normal 0 0 1
    outer loop
      vertex -1.53204 -2.86624 1
      vertex -0.942793 -1.76384 1
      vertex -1.11114 -1.66294 1
    endloop
  endfacet
  facet normal 0 0 1
    outer loop
      vertex -0.765367 -1.84776 1
      vertex -1.24372 -3.00261 1
      vertex -0.943425 -3.11006 1
    endloop
  endfacet
  facet normal 0 0 1
    outer loop
      vertex -1.8056 -2.70228 1
      vertex -1.11114 -1.66294 1
      vertex -1.26879 -1.54602 1
    endloop
  endfacet
  facet normal 0 0 1
    outer loop
      vertex -2.06178 -2.51228 1
      vertex -1.26879 -1.54602 1
      vertex -1.41421 -1.41421 1
    endloop
  endfacet
  facet normal 0 0 1
    outer loop
      vertex -0.942793 -1.76384 1
      vertex -1.53204 -2.86624 1
      vertex -1.24372 -3.00261 1
    endloop
  endfacet
  facet normal 0 0 1
    outer loop
      vertex -2.2981 -2.2981 1
      vertex -1.41421 -1.41421 1
      vertex -1.54602 -1.26879 1
    endloop
  endfacet
  facet normal 0 0 1
    outer loop
      vertex -2.51228 -2.06178 1
      vertex -1.54602 -1.26879 1
      vertex -1.66294 -1.11114 1
    endloop
  endfacet
  facet normal 0 0 1
    outer loop
      vertex -2.70228 -1.8056 1
      vertex -1.66294 -1.11114 1
      vertex -1.76384 -0.942793 1
    endloop
  endfacet
  facet normal 0 0 1
    outer loop
      vertex -1.11114 -1.66294 1
      vertex -1.8056 -2.70228 1
      vertex -1.53204 -2.86624 1
    endloop
  endfacet
  facet normal 0 0 1
    outer loop
      vertex -2.86624 -1.53204 1
      vertex -1.76384 -0.942793 1
      vertex -1.84776 -0.765367 1
    endloop
  endfacet
  facet normal 0 0 1
    outer loop
      vertex -3.00261 -1.24372 1
      vertex -1.84776 -0.765367 1
      vertex -1.91388 -0.580569 1
    endloop
  endfacet
  facet normal 0 0 1
    outer loop
      vertex -3.11006 -0.943425 1
      vertex -1.91388 -0.580569 1
      vertex -1.96157 -0.390181 1
    endloop
  endfacet
  facet normal 0 0 1
    outer loop
      vertex -3.18755 -0.634043 1
      vertex -1.96157 -0.390181 1
      vertex -1.99037 -0.196033 1
    endloop
  endfacet
  facet normal 0 0 1
    outer loop
      vertex -1.26879 -1.54602 1
      vertex -2.06178 -2.51228 1
      vertex -1.8056 -2.70228 1
    endloop
  endfacet
  facet normal 0 0 1
    outer loop
      vertex -3.23435 -0.318555 1
      vertex -1.99037 -0.196033 1
      vertex -2 0 1
    endloop
  endfacet
  facet normal -0 0 1
    outer loop
      vertex -3.00261 1.24372 1
      vertex -1.84776 0.765367 1
      vertex -2.86624 1.53204 1
    endloop
  endfacet
  facet normal 0 0 1
    outer loop
      vertex -1.84776 0.765367 1
      vertex -3.00261 1.24372 1
      vertex -1.91388 0.580569 1
    endloop
  endfacet
  facet normal 0 0 1
    outer loop
      vertex -1.41421 -1.41421 1
      vertex -2.2981 -2.2981 1
      vertex -2.06178 -2.51228 1
    endloop
  endfacet
  facet normal -0 0 1
    outer loop
      vertex -3.11006 0.943425 1
      vertex -1.91388 0.580569 1
      vertex -3.00261 1.24372 1
    endloop
  endfacet
  facet normal 0 0 1
    outer loop
      vertex -1.54602 -1.26879 1
      vertex -2.51228 -2.06178 1
      vertex -2.2981 -2.2981 1
    endloop
  endfacet
  facet normal 0 0 1
    outer loop
      vertex -1.91388 0.580569 1
      vertex -3.11006 0.943425 1
      vertex -1.96157 0.390181 1
    endloop
  endfacet
  facet normal 0 0 1
    outer loop
      vertex -1.66294 -1.11114 1
      vertex -2.70228 -1.8056 1
      vertex -2.51228 -2.06178 1
    endloop
  endfacet
  facet normal -0 0 1
    outer loop
      vertex -3.18755 0.634043 1
      vertex -1.96157 0.390181 1
      vertex -3.11006 0.943425 1
    endloop
  endfacet
  facet normal 0 0 1
    outer loop
      vertex -1.76384 -0.942793 1
      vertex -2.86624 -1.53204 1
      vertex -2.70228 -1.8056 1
    endloop
  endfacet
  facet normal 0 0 1
    outer loop
      vertex -1.96157 0.390181 1
      vertex -3.18755 0.634043 1
      vertex -1.99037 0.196033 1
    endloop
  endfacet
  facet normal 0 0 1
    outer loop
      vertex -1.84776 -0.765367 1
      vertex -3.00261 -1.24372 1
      vertex -2.86624 -1.53204 1
    endloop
  endfacet
  facet normal -0 0 1
    outer loop
      vertex -3.23435 0.318555 1
      vertex -1.99037 0.196033 1
      vertex -3.18755 0.634043 1
    endloop
  endfacet
  facet normal 0 0 1
    outer loop
      vertex -1.91388 -0.580569 1
      vertex -3.11006 -0.943425 1
      vertex -3.00261 -1.24372 1
    endloop
  endfacet
  facet normal 0 0 1
    outer loop
      vertex -1.99037 0.196033 1
      vertex -3.23435 0.318555 1
      vertex -2 0 1
    endloop
  endfacet
  facet normal 0 0 1
    outer loop
      vertex -1.96157 -0.390181 1
      vertex -3.18755 -0.634043 1
      vertex -3.11006 -0.943425 1
    endloop
  endfacet
  facet normal 0 0 1
    outer loop
      vertex -3.25 0 1
      vertex -2 0 1
      vertex -3.23435 0.318555 1
    endloop
  endfacet
  facet normal 0 0 1
    outer loop
      vertex -1.99037 -0.196033 1
      vertex -3.23435 -0.318555 1
      vertex -3.18755 -0.634043 1
    endloop
  endfacet
  facet normal 0 0 1
    outer loop
      vertex -2 0 1
      vertex -3.25 0 1
      vertex -3.23435 -0.318555 1
    endloop
  endfacet
  facet normal -0.998795 0.0490689 0
    outer loop
      vertex -3.25 0 0
      vertex -3.23435 0.318555 1
      vertex -3.23435 0.318555 0
    endloop
  endfacet
  facet normal -0.998795 0.0490689 0
    outer loop
      vertex -3.23435 0.318555 1
      vertex -3.25 0 0
      vertex -3.25 0 1
    endloop
  endfacet
  facet normal 0.671545 -0.740964 0
    outer loop
      vertex 2.06178 -2.51228 0
      vertex 2.2981 -2.2981 1
      vertex 2.06178 -2.51228 1
    endloop
  endfacet
  facet normal 0.671545 -0.740964 0
    outer loop
      vertex 2.2981 -2.2981 1
      vertex 2.06178 -2.51228 0
      vertex 2.2981 -2.2981 0
    endloop
  endfacet
  facet normal 0.989176 0.146735 0
    outer loop
      vertex 1.99037 0.196033 10
      vertex 1.96157 0.390181 1
      vertex 1.96157 0.390181 10
    endloop
  endfacet
  facet normal 0.989176 0.146735 0
    outer loop
      vertex 1.96157 0.390181 1
      vertex 1.99037 0.196033 10
      vertex 1.99037 0.196033 1
    endloop
  endfacet
  facet normal 0.998796 0.0490652 0
    outer loop
      vertex 2 0 10
      vertex 1.99037 0.196033 1
      vertex 1.99037 0.196033 10
    endloop
  endfacet
  facet normal 0.998796 0.0490652 0
    outer loop
      vertex 1.99037 0.196033 1
      vertex 2 0 10
      vertex 2 0 1
    endloop
  endfacet
  facet normal 0.970031 0.242982 0
    outer loop
      vertex 1.96157 0.390181 10
      vertex 1.91388 0.580569 1
      vertex 1.91388 0.580569 10
    endloop
  endfacet
  facet normal 0.970031 0.242982 0
    outer loop
      vertex 1.91388 0.580569 1
      vertex 1.96157 0.390181 10
      vertex 1.96157 0.390181 1
    endloop
  endfacet
  facet normal -0.51409 -0.857736 0
    outer loop
      vertex -1.11114 -1.66294 1
      vertex -0.942793 -1.76384 10
      vertex -1.11114 -1.66294 10
    endloop
  endfacet
  facet normal -0.51409 -0.857736 -0
    outer loop
      vertex -0.942793 -1.76384 10
      vertex -1.11114 -1.66294 1
      vertex -0.942793 -1.76384 1
    endloop
  endfacet
  facet normal -0.51409 0.857736 0
    outer loop
      vertex -0.942793 1.76384 1
      vertex -1.11114 1.66294 10
      vertex -0.942793 1.76384 10
    endloop
  endfacet
  facet normal -0.51409 0.857736 0
    outer loop
      vertex -1.11114 1.66294 10
      vertex -0.942793 1.76384 1
      vertex -1.11114 1.66294 1
    endloop
  endfacet
  facet normal -0.941547 0.336882 0
    outer loop
      vertex -1.91388 0.580569 1
      vertex -1.84776 0.765367 10
      vertex -1.84776 0.765367 1
    endloop
  endfacet
  facet normal -0.941547 0.336882 0
    outer loop
      vertex -1.84776 0.765367 10
      vertex -1.91388 0.580569 1
      vertex -1.91388 0.580569 10
    endloop
  endfacet
  facet normal 0.336882 0.941547 -0
    outer loop
      vertex 0.765367 1.84776 1
      vertex 0.580569 1.91388 10
      vertex 0.765367 1.84776 10
    endloop
  endfacet
  facet normal 0.336882 0.941547 0
    outer loop
      vertex 0.580569 1.91388 10
      vertex 0.765367 1.84776 1
      vertex 0.580569 1.91388 1
    endloop
  endfacet
  facet normal -0.941547 -0.336882 0
    outer loop
      vertex -1.84776 -0.765367 1
      vertex -1.91388 -0.580569 10
      vertex -1.91388 -0.580569 1
    endloop
  endfacet
  facet normal -0.941547 -0.336882 0
    outer loop
      vertex -1.91388 -0.580569 10
      vertex -1.84776 -0.765367 1
      vertex -1.84776 -0.765367 10
    endloop
  endfacet
  facet normal -0.146735 0.989176 0
    outer loop
      vertex -0.196033 1.99037 1
      vertex -0.390181 1.96157 10
      vertex -0.196033 1.99037 10
    endloop
  endfacet
  facet normal -0.146735 0.989176 0
    outer loop
      vertex -0.390181 1.96157 10
      vertex -0.196033 1.99037 1
      vertex -0.390181 1.96157 1
    endloop
  endfacet
  facet normal 0.146735 -0.989176 0
    outer loop
      vertex 0.196033 -1.99037 1
      vertex 0.390181 -1.96157 10
      vertex 0.196033 -1.99037 10
    endloop
  endfacet
  facet normal 0.146735 -0.989176 0
    outer loop
      vertex 0.390181 -1.96157 10
      vertex 0.196033 -1.99037 1
      vertex 0.390181 -1.96157 1
    endloop
  endfacet
  facet normal -0.740928 0.671584 0
    outer loop
      vertex -1.54602 1.26879 1
      vertex -1.41421 1.41421 10
      vertex -1.41421 1.41421 1
    endloop
  endfacet
  facet normal -0.740928 0.671584 0
    outer loop
      vertex -1.41421 1.41421 10
      vertex -1.54602 1.26879 1
      vertex -1.54602 1.26879 10
    endloop
  endfacet
  facet normal 0.427571 -0.903982 0
    outer loop
      vertex 0.765367 -1.84776 1
      vertex 0.942793 -1.76384 10
      vertex 0.765367 -1.84776 10
    endloop
  endfacet
  facet normal 0.427571 -0.903982 0
    outer loop
      vertex 0.942793 -1.76384 10
      vertex 0.765367 -1.84776 1
      vertex 0.942793 -1.76384 1
    endloop
  endfacet
  facet normal 0.80321 -0.595695 0
    outer loop
      vertex 1.54602 -1.26879 10
      vertex 1.66294 -1.11114 1
      vertex 1.66294 -1.11114 10
    endloop
  endfacet
  facet normal 0.80321 -0.595695 0
    outer loop
      vertex 1.66294 -1.11114 1
      vertex 1.54602 -1.26879 10
      vertex 1.54602 -1.26879 1
    endloop
  endfacet
  facet normal 0.336882 -0.941547 0
    outer loop
      vertex 0.580569 -1.91388 1
      vertex 0.765367 -1.84776 10
      vertex 0.580569 -1.91388 10
    endloop
  endfacet
  facet normal 0.336882 -0.941547 0
    outer loop
      vertex 0.765367 -1.84776 10
      vertex 0.580569 -1.91388 1
      vertex 0.765367 -1.84776 1
    endloop
  endfacet
  facet normal 0.989176 -0.146735 0
    outer loop
      vertex 1.96157 -0.390181 10
      vertex 1.99037 -0.196033 1
      vertex 1.99037 -0.196033 10
    endloop
  endfacet
  facet normal 0.989176 -0.146735 0
    outer loop
      vertex 1.99037 -0.196033 1
      vertex 1.96157 -0.390181 10
      vertex 1.96157 -0.390181 1
    endloop
  endfacet
  facet normal 0.671584 -0.740928 0
    outer loop
      vertex 1.26879 -1.54602 1
      vertex 1.41421 -1.41421 10
      vertex 1.26879 -1.54602 10
    endloop
  endfacet
  facet normal 0.671584 -0.740928 0
    outer loop
      vertex 1.41421 -1.41421 10
      vertex 1.26879 -1.54602 1
      vertex 1.41421 -1.41421 1
    endloop
  endfacet
  facet normal 0.0490652 0.998796 -0
    outer loop
      vertex 0.196033 1.99037 1
      vertex 0 2 10
      vertex 0.196033 1.99037 10
    endloop
  endfacet
  facet normal 0.0490652 0.998796 0
    outer loop
      vertex 0 2 10
      vertex 0.196033 1.99037 1
      vertex 0 2 1
    endloop
  endfacet
  facet normal 0.427571 0.903982 -0
    outer loop
      vertex 0.942793 1.76384 1
      vertex 0.765367 1.84776 10
      vertex 0.942793 1.76384 10
    endloop
  endfacet
  facet normal 0.427571 0.903982 0
    outer loop
      vertex 0.765367 1.84776 10
      vertex 0.942793 1.76384 1
      vertex 0.765367 1.84776 1
    endloop
  endfacet
  facet normal -0.427571 0.903982 0
    outer loop
      vertex -0.765367 1.84776 1
      vertex -0.942793 1.76384 10
      vertex -0.765367 1.84776 10
    endloop
  endfacet
  facet normal -0.427571 0.903982 0
    outer loop
      vertex -0.942793 1.76384 10
      vertex -0.765367 1.84776 1
      vertex -0.942793 1.76384 1
    endloop
  endfacet
  facet normal -0.857736 -0.51409 0
    outer loop
      vertex -1.66294 -1.11114 1
      vertex -1.76384 -0.942793 10
      vertex -1.76384 -0.942793 1
    endloop
  endfacet
  facet normal -0.857736 -0.51409 0
    outer loop
      vertex -1.76384 -0.942793 10
      vertex -1.66294 -1.11114 1
      vertex -1.66294 -1.11114 10
    endloop
  endfacet
  facet normal -0.242982 -0.970031 0
    outer loop
      vertex -0.580569 -1.91388 1
      vertex -0.390181 -1.96157 10
      vertex -0.580569 -1.91388 10
    endloop
  endfacet
  facet normal -0.242982 -0.970031 -0
    outer loop
      vertex -0.390181 -1.96157 10
      vertex -0.580569 -1.91388 1
      vertex -0.390181 -1.96157 1
    endloop
  endfacet
  facet normal 0.740928 -0.671584 0
    outer loop
      vertex 1.41421 -1.41421 10
      vertex 1.54602 -1.26879 1
      vertex 1.54602 -1.26879 10
    endloop
  endfacet
  facet normal 0.740928 -0.671584 0
    outer loop
      vertex 1.54602 -1.26879 1
      vertex 1.41421 -1.41421 10
      vertex 1.41421 -1.41421 1
    endloop
  endfacet
  facet normal -0.970031 -0.242982 0
    outer loop
      vertex -1.91388 -0.580569 1
      vertex -1.96157 -0.390181 10
      vertex -1.96157 -0.390181 1
    endloop
  endfacet
  facet normal -0.970031 -0.242982 0
    outer loop
      vertex -1.96157 -0.390181 10
      vertex -1.91388 -0.580569 1
      vertex -1.91388 -0.580569 10
    endloop
  endfacet
  facet normal -0.671584 -0.740928 0
    outer loop
      vertex -1.41421 -1.41421 1
      vertex -1.26879 -1.54602 10
      vertex -1.41421 -1.41421 10
    endloop
  endfacet
  facet normal -0.671584 -0.740928 -0
    outer loop
      vertex -1.26879 -1.54602 10
      vertex -1.41421 -1.41421 1
      vertex -1.26879 -1.54602 1
    endloop
  endfacet
  facet normal 0.970031 -0.242982 0
    outer loop
      vertex 1.91388 -0.580569 10
      vertex 1.96157 -0.390181 1
      vertex 1.96157 -0.390181 10
    endloop
  endfacet
  facet normal 0.970031 -0.242982 0
    outer loop
      vertex 1.96157 -0.390181 1
      vertex 1.91388 -0.580569 10
      vertex 1.91388 -0.580569 1
    endloop
  endfacet
  facet normal -0.336882 0.941547 0
    outer loop
      vertex -0.580569 1.91388 1
      vertex -0.765367 1.84776 10
      vertex -0.580569 1.91388 10
    endloop
  endfacet
  facet normal -0.336882 0.941547 0
    outer loop
      vertex -0.765367 1.84776 10
      vertex -0.580569 1.91388 1
      vertex -0.765367 1.84776 1
    endloop
  endfacet
  facet normal -0.595695 0.80321 0
    outer loop
      vertex -1.11114 1.66294 1
      vertex -1.26879 1.54602 10
      vertex -1.11114 1.66294 10
    endloop
  endfacet
  facet normal -0.595695 0.80321 0
    outer loop
      vertex -1.26879 1.54602 10
      vertex -1.11114 1.66294 1
      vertex -1.26879 1.54602 1
    endloop
  endfacet
  facet normal 0.242982 -0.970031 0
    outer loop
      vertex 0.390181 -1.96157 1
      vertex 0.580569 -1.91388 10
      vertex 0.390181 -1.96157 10
    endloop
  endfacet
  facet normal 0.242982 -0.970031 0
    outer loop
      vertex 0.580569 -1.91388 10
      vertex 0.390181 -1.96157 1
      vertex 0.580569 -1.91388 1
    endloop
  endfacet
  facet normal -0.242982 0.970031 0
    outer loop
      vertex -0.390181 1.96157 1
      vertex -0.580569 1.91388 10
      vertex -0.390181 1.96157 10
    endloop
  endfacet
  facet normal -0.242982 0.970031 0
    outer loop
      vertex -0.580569 1.91388 10
      vertex -0.390181 1.96157 1
      vertex -0.580569 1.91388 1
    endloop
  endfacet
  facet normal 0.80321 0.595695 0
    outer loop
      vertex 1.66294 1.11114 10
      vertex 1.54602 1.26879 1
      vertex 1.54602 1.26879 10
    endloop
  endfacet
  facet normal 0.80321 0.595695 0
    outer loop
      vertex 1.54602 1.26879 1
      vertex 1.66294 1.11114 10
      vertex 1.66294 1.11114 1
    endloop
  endfacet
  facet normal -0.857736 0.51409 0
    outer loop
      vertex -1.76384 0.942793 1
      vertex -1.66294 1.11114 10
      vertex -1.66294 1.11114 1
    endloop
  endfacet
  facet normal -0.857736 0.51409 0
    outer loop
      vertex -1.66294 1.11114 10
      vertex -1.76384 0.942793 1
      vertex -1.76384 0.942793 10
    endloop
  endfacet
  facet normal 0 0 1
    outer loop
      vertex 2.33868 0.23034 10.6
      vertex 2.33868 -0.23034 10.6
      vertex 2.35 0 10.6
    endloop
  endfacet
  facet normal 0 0 1
    outer loop
      vertex 2.30484 0.458462 10.6
      vertex 2.33868 -0.23034 10.6
      vertex 2.33868 0.23034 10.6
    endloop
  endfacet
  facet normal 0 0 1
    outer loop
      vertex 2.30484 0.458462 10.6
      vertex 2.30484 -0.458462 10.6
      vertex 2.33868 -0.23034 10.6
    endloop
  endfacet
  facet normal 0 0 1
    outer loop
      vertex 2.24881 0.682169 10.6
      vertex 2.30484 -0.458462 10.6
      vertex 2.30484 0.458462 10.6
    endloop
  endfacet
  facet normal 0 0 1
    outer loop
      vertex 2.24881 0.682169 10.6
      vertex 2.24881 -0.682169 10.6
      vertex 2.30484 -0.458462 10.6
    endloop
  endfacet
  facet normal 0 0 1
    outer loop
      vertex 2.17112 0.899305 10.6
      vertex 2.24881 -0.682169 10.6
      vertex 2.24881 0.682169 10.6
    endloop
  endfacet
  facet normal 0 0 1
    outer loop
      vertex 2.17112 0.899305 10.6
      vertex 2.17112 -0.899305 10.6
      vertex 2.24881 -0.682169 10.6
    endloop
  endfacet
  facet normal 0 0 1
    outer loop
      vertex 2.07251 1.10778 10.6
      vertex 2.17112 -0.899305 10.6
      vertex 2.17112 0.899305 10.6
    endloop
  endfacet
  facet normal 0 0 1
    outer loop
      vertex 2.07251 1.10778 10.6
      vertex 2.07251 -1.10778 10.6
      vertex 2.17112 -0.899305 10.6
    endloop
  endfacet
  facet normal 0 0 1
    outer loop
      vertex 1.95395 1.30559 10.6
      vertex 2.07251 -1.10778 10.6
      vertex 2.07251 1.10778 10.6
    endloop
  endfacet
  facet normal 0 0 1
    outer loop
      vertex 1.95395 1.30559 10.6
      vertex 1.95395 -1.30559 10.6
      vertex 2.07251 -1.10778 10.6
    endloop
  endfacet
  facet normal 0 0 1
    outer loop
      vertex 1.81657 1.49082 10.6
      vertex 1.95395 -1.30559 10.6
      vertex 1.95395 1.30559 10.6
    endloop
  endfacet
  facet normal 0 0 1
    outer loop
      vertex 1.81657 1.49082 10.6
      vertex 1.81657 -1.49082 10.6
      vertex 1.95395 -1.30559 10.6
    endloop
  endfacet
  facet normal 0 0 1
    outer loop
      vertex 1.6617 1.6617 10.6
      vertex 1.81657 -1.49082 10.6
      vertex 1.81657 1.49082 10.6
    endloop
  endfacet
  facet normal 0 0 1
    outer loop
      vertex 1.6617 1.6617 10.6
      vertex 1.6617 -1.6617 10.6
      vertex 1.81657 -1.49082 10.6
    endloop
  endfacet
  facet normal 0 0 1
    outer loop
      vertex 1.49082 1.81657 10.6
      vertex 1.6617 -1.6617 10.6
      vertex 1.6617 1.6617 10.6
    endloop
  endfacet
  facet normal 0 0 1
    outer loop
      vertex 1.49082 1.81657 10.6
      vertex 1.49082 -1.81657 10.6
      vertex 1.6617 -1.6617 10.6
    endloop
  endfacet
  facet normal 0 0 1
    outer loop
      vertex 1.30559 1.95395 10.6
      vertex 1.49082 -1.81657 10.6
      vertex 1.49082 1.81657 10.6
    endloop
  endfacet
  facet normal 0 0 1
    outer loop
      vertex 1.30559 1.95395 10.6
      vertex 1.30559 -1.95395 10.6
      vertex 1.49082 -1.81657 10.6
    endloop
  endfacet
  facet normal 0 0 1
    outer loop
      vertex 1.10778 2.07251 10.6
      vertex 1.30559 -1.95395 10.6
      vertex 1.30559 1.95395 10.6
    endloop
  endfacet
  facet normal 0 0 1
    outer loop
      vertex 1.10778 2.07251 10.6
      vertex 1.10778 -2.07251 10.6
      vertex 1.30559 -1.95395 10.6
    endloop
  endfacet
  facet normal 0 0 1
    outer loop
      vertex 0.899305 2.17112 10.6
      vertex 1.10778 -2.07251 10.6
      vertex 1.10778 2.07251 10.6
    endloop
  endfacet
  facet normal 0 0 1
    outer loop
      vertex 0.899305 2.17112 10.6
      vertex 0.899305 -2.17112 10.6
      vertex 1.10778 -2.07251 10.6
    endloop
  endfacet
  facet normal 0 0 1
    outer loop
      vertex 0.682169 2.24881 10.6
      vertex 0.899305 -2.17112 10.6
      vertex 0.899305 2.17112 10.6
    endloop
  endfacet
  facet normal 0 0 1
    outer loop
      vertex 0.682169 2.24881 10.6
      vertex 0.682169 -2.24881 10.6
      vertex 0.899305 -2.17112 10.6
    endloop
  endfacet
  facet normal 0 0 1
    outer loop
      vertex 0.458462 2.30484 10.6
      vertex 0.682169 -2.24881 10.6
      vertex 0.682169 2.24881 10.6
    endloop
  endfacet
  facet normal 0 0 1
    outer loop
      vertex 0.458462 2.30484 10.6
      vertex 0.458462 -2.30484 10.6
      vertex 0.682169 -2.24881 10.6
    endloop
  endfacet
  facet normal 0 0 1
    outer loop
      vertex 0.23034 2.33868 10.6
      vertex 0.458462 -2.30484 10.6
      vertex 0.458462 2.30484 10.6
    endloop
  endfacet
  facet normal 0 0 1
    outer loop
      vertex 0.23034 2.33868 10.6
      vertex 0.23034 -2.33868 10.6
      vertex 0.458462 -2.30484 10.6
    endloop
  endfacet
  facet normal 0 0 1
    outer loop
      vertex 0 2.35 10.6
      vertex 0.23034 -2.33868 10.6
      vertex 0.23034 2.33868 10.6
    endloop
  endfacet
  facet normal 0 0 1
    outer loop
      vertex 0 2.35 10.6
      vertex 0 -2.35 10.6
      vertex 0.23034 -2.33868 10.6
    endloop
  endfacet
  facet normal -0 0 1
    outer loop
      vertex -0.23034 2.33868 10.6
      vertex 0 -2.35 10.6
      vertex 0 2.35 10.6
    endloop
  endfacet
  facet normal 0 0 1
    outer loop
      vertex -0.23034 2.33868 10.6
      vertex -0.23034 -2.33868 10.6
      vertex 0 -2.35 10.6
    endloop
  endfacet
  facet normal -0 0 1
    outer loop
      vertex -0.458462 2.30484 10.6
      vertex -0.23034 -2.33868 10.6
      vertex -0.23034 2.33868 10.6
    endloop
  endfacet
  facet normal 0 0 1
    outer loop
      vertex -0.458462 2.30484 10.6
      vertex -0.458462 -2.30484 10.6
      vertex -0.23034 -2.33868 10.6
    endloop
  endfacet
  facet normal -0 0 1
    outer loop
      vertex -0.682169 2.24881 10.6
      vertex -0.458462 -2.30484 10.6
      vertex -0.458462 2.30484 10.6
    endloop
  endfacet
  facet normal 0 0 1
    outer loop
      vertex -0.682169 2.24881 10.6
      vertex -0.682169 -2.24881 10.6
      vertex -0.458462 -2.30484 10.6
    endloop
  endfacet
  facet normal -0 0 1
    outer loop
      vertex -0.899305 2.17112 10.6
      vertex -0.682169 -2.24881 10.6
      vertex -0.682169 2.24881 10.6
    endloop
  endfacet
  facet normal 0 0 1
    outer loop
      vertex -0.899305 2.17112 10.6
      vertex -0.899305 -2.17112 10.6
      vertex -0.682169 -2.24881 10.6
    endloop
  endfacet
  facet normal -0 0 1
    outer loop
      vertex -1.10778 2.07251 10.6
      vertex -0.899305 -2.17112 10.6
      vertex -0.899305 2.17112 10.6
    endloop
  endfacet
  facet normal 0 0 1
    outer loop
      vertex -1.10778 2.07251 10.6
      vertex -1.10778 -2.07251 10.6
      vertex -0.899305 -2.17112 10.6
    endloop
  endfacet
  facet normal -0 0 1
    outer loop
      vertex -1.30559 1.95395 10.6
      vertex -1.10778 -2.07251 10.6
      vertex -1.10778 2.07251 10.6
    endloop
  endfacet
  facet normal 0 0 1
    outer loop
      vertex -1.30559 1.95395 10.6
      vertex -1.30559 -1.95395 10.6
      vertex -1.10778 -2.07251 10.6
    endloop
  endfacet
  facet normal -0 0 1
    outer loop
      vertex -1.49082 1.81657 10.6
      vertex -1.30559 -1.95395 10.6
      vertex -1.30559 1.95395 10.6
    endloop
  endfacet
  facet normal 0 0 1
    outer loop
      vertex -1.49082 1.81657 10.6
      vertex -1.49082 -1.81657 10.6
      vertex -1.30559 -1.95395 10.6
    endloop
  endfacet
  facet normal -0 0 1
    outer loop
      vertex -1.6617 1.6617 10.6
      vertex -1.49082 -1.81657 10.6
      vertex -1.49082 1.81657 10.6
    endloop
  endfacet
  facet normal 0 0 1
    outer loop
      vertex -1.6617 1.6617 10.6
      vertex -1.6617 -1.6617 10.6
      vertex -1.49082 -1.81657 10.6
    endloop
  endfacet
  facet normal -0 0 1
    outer loop
      vertex -1.81657 1.49082 10.6
      vertex -1.6617 -1.6617 10.6
      vertex -1.6617 1.6617 10.6
    endloop
  endfacet
  facet normal 0 0 1
    outer loop
      vertex -1.81657 1.49082 10.6
      vertex -1.81657 -1.49082 10.6
      vertex -1.6617 -1.6617 10.6
    endloop
  endfacet
  facet normal -0 0 1
    outer loop
      vertex -1.95395 1.30559 10.6
      vertex -1.81657 -1.49082 10.6
      vertex -1.81657 1.49082 10.6
    endloop
  endfacet
  facet normal 0 0 1
    outer loop
      vertex -1.95395 1.30559 10.6
      vertex -1.95395 -1.30559 10.6
      vertex -1.81657 -1.49082 10.6
    endloop
  endfacet
  facet normal -0 0 1
    outer loop
      vertex -2.07251 1.10778 10.6
      vertex -1.95395 -1.30559 10.6
      vertex -1.95395 1.30559 10.6
    endloop
  endfacet
  facet normal 0 0 1
    outer loop
      vertex -2.07251 1.10778 10.6
      vertex -2.07251 -1.10778 10.6
      vertex -1.95395 -1.30559 10.6
    endloop
  endfacet
  facet normal -0 0 1
    outer loop
      vertex -2.17112 0.899305 10.6
      vertex -2.07251 -1.10778 10.6
      vertex -2.07251 1.10778 10.6
    endloop
  endfacet
  facet normal 0 0 1
    outer loop
      vertex -2.17112 0.899305 10.6
      vertex -2.17112 -0.899305 10.6
      vertex -2.07251 -1.10778 10.6
    endloop
  endfacet
  facet normal -0 0 1
    outer loop
      vertex -2.24881 0.682169 10.6
      vertex -2.17112 -0.899305 10.6
      vertex -2.17112 0.899305 10.6
    endloop
  endfacet
  facet normal 0 0 1
    outer loop
      vertex -2.24881 0.682169 10.6
      vertex -2.24881 -0.682169 10.6
      vertex -2.17112 -0.899305 10.6
    endloop
  endfacet
  facet normal -0 0 1
    outer loop
      vertex -2.30484 0.458462 10.6
      vertex -2.24881 -0.682169 10.6
      vertex -2.24881 0.682169 10.6
    endloop
  endfacet
  facet normal 0 0 1
    outer loop
      vertex -2.30484 0.458462 10.6
      vertex -2.30484 -0.458462 10.6
      vertex -2.24881 -0.682169 10.6
    endloop
  endfacet
  facet normal -0 0 1
    outer loop
      vertex -2.33868 0.23034 10.6
      vertex -2.30484 -0.458462 10.6
      vertex -2.30484 0.458462 10.6
    endloop
  endfacet
  facet normal 0 0 1
    outer loop
      vertex -2.33868 0.23034 10.6
      vertex -2.33868 -0.23034 10.6
      vertex -2.30484 -0.458462 10.6
    endloop
  endfacet
  facet normal 0 -0 1
    outer loop
      vertex -2.33868 -0.23034 10.6
      vertex -2.33868 0.23034 10.6
      vertex -2.35 0 10.6
    endloop
  endfacet
  facet normal 0.146735 0.989176 -0
    outer loop
      vertex 0.390181 1.96157 1
      vertex 0.196033 1.99037 10
      vertex 0.390181 1.96157 10
    endloop
  endfacet
  facet normal 0.146735 0.989176 0
    outer loop
      vertex 0.196033 1.99037 10
      vertex 0.390181 1.96157 1
      vertex 0.196033 1.99037 1
    endloop
  endfacet
  facet normal 0.998796 -0.0490652 0
    outer loop
      vertex 1.99037 -0.196033 10
      vertex 2 0 1
      vertex 2 0 10
    endloop
  endfacet
  facet normal 0.998796 -0.0490652 0
    outer loop
      vertex 2 0 1
      vertex 1.99037 -0.196033 10
      vertex 1.99037 -0.196033 1
    endloop
  endfacet
  facet normal 0.903982 -0.427571 0
    outer loop
      vertex 1.76384 -0.942793 10
      vertex 1.84776 -0.765367 1
      vertex 1.84776 -0.765367 10
    endloop
  endfacet
  facet normal 0.903982 -0.427571 0
    outer loop
      vertex 1.84776 -0.765367 1
      vertex 1.76384 -0.942793 10
      vertex 1.76384 -0.942793 1
    endloop
  endfacet
  facet normal 0.242982 0.970031 -0
    outer loop
      vertex 0.580569 1.91388 1
      vertex 0.390181 1.96157 10
      vertex 0.580569 1.91388 10
    endloop
  endfacet
  facet normal 0.242982 0.970031 0
    outer loop
      vertex 0.390181 1.96157 10
      vertex 0.580569 1.91388 1
      vertex 0.390181 1.96157 1
    endloop
  endfacet
  facet normal 0.51409 0.857736 -0
    outer loop
      vertex 1.11114 1.66294 1
      vertex 0.942793 1.76384 10
      vertex 1.11114 1.66294 10
    endloop
  endfacet
  facet normal 0.51409 0.857736 0
    outer loop
      vertex 0.942793 1.76384 10
      vertex 1.11114 1.66294 1
      vertex 0.942793 1.76384 1
    endloop
  endfacet
  facet normal 0.595695 0.80321 -0
    outer loop
      vertex 1.26879 1.54602 1
      vertex 1.11114 1.66294 10
      vertex 1.26879 1.54602 10
    endloop
  endfacet
  facet normal 0.595695 0.80321 0
    outer loop
      vertex 1.11114 1.66294 10
      vertex 1.26879 1.54602 1
      vertex 1.11114 1.66294 1
    endloop
  endfacet
  facet normal 0.0490652 -0.998796 0
    outer loop
      vertex 0 -2 1
      vertex 0.196033 -1.99037 10
      vertex 0 -2 10
    endloop
  endfacet
  facet normal 0.0490652 -0.998796 0
    outer loop
      vertex 0.196033 -1.99037 10
      vertex 0 -2 1
      vertex 0.196033 -1.99037 1
    endloop
  endfacet
  facet normal 0.941547 0.336882 0
    outer loop
      vertex 1.91388 0.580569 10
      vertex 1.84776 0.765367 1
      vertex 1.84776 0.765367 10
    endloop
  endfacet
  facet normal 0.941547 0.336882 0
    outer loop
      vertex 1.84776 0.765367 1
      vertex 1.91388 0.580569 10
      vertex 1.91388 0.580569 1
    endloop
  endfacet
  facet normal 0.857736 -0.51409 0
    outer loop
      vertex 1.66294 -1.11114 10
      vertex 1.76384 -0.942793 1
      vertex 1.76384 -0.942793 10
    endloop
  endfacet
  facet normal 0.857736 -0.51409 0
    outer loop
      vertex 1.76384 -0.942793 1
      vertex 1.66294 -1.11114 10
      vertex 1.66294 -1.11114 1
    endloop
  endfacet
  facet normal -0.998796 0.0490652 0
    outer loop
      vertex -2 0 1
      vertex -1.99037 0.196033 10
      vertex -1.99037 0.196033 1
    endloop
  endfacet
  facet normal -0.998796 0.0490652 0
    outer loop
      vertex -1.99037 0.196033 10
      vertex -2 0 1
      vertex -2 0 10
    endloop
  endfacet
  facet normal 0.941547 -0.336882 0
    outer loop
      vertex 1.84776 -0.765367 10
      vertex 1.91388 -0.580569 1
      vertex 1.91388 -0.580569 10
    endloop
  endfacet
  facet normal 0.941547 -0.336882 0
    outer loop
      vertex 1.91388 -0.580569 1
      vertex 1.84776 -0.765367 10
      vertex 1.84776 -0.765367 1
    endloop
  endfacet
  facet normal -0.0490652 0.998796 0
    outer loop
      vertex 0 2 1
      vertex -0.196033 1.99037 10
      vertex 0 2 10
    endloop
  endfacet
  facet normal -0.0490652 0.998796 0
    outer loop
      vertex -0.196033 1.99037 10
      vertex 0 2 1
      vertex -0.196033 1.99037 1
    endloop
  endfacet
  facet normal 0.740928 0.671584 0
    outer loop
      vertex 1.54602 1.26879 10
      vertex 1.41421 1.41421 1
      vertex 1.41421 1.41421 10
    endloop
  endfacet
  facet normal 0.740928 0.671584 0
    outer loop
      vertex 1.41421 1.41421 1
      vertex 1.54602 1.26879 10
      vertex 1.54602 1.26879 1
    endloop
  endfacet
  facet normal -0.903982 -0.427571 0
    outer loop
      vertex -1.76384 -0.942793 1
      vertex -1.84776 -0.765367 10
      vertex -1.84776 -0.765367 1
    endloop
  endfacet
  facet normal -0.903982 -0.427571 0
    outer loop
      vertex -1.84776 -0.765367 10
      vertex -1.76384 -0.942793 1
      vertex -1.76384 -0.942793 10
    endloop
  endfacet
  facet normal 0.903982 0.427571 0
    outer loop
      vertex 1.84776 0.765367 10
      vertex 1.76384 0.942793 1
      vertex 1.76384 0.942793 10
    endloop
  endfacet
  facet normal 0.903982 0.427571 0
    outer loop
      vertex 1.76384 0.942793 1
      vertex 1.84776 0.765367 10
      vertex 1.84776 0.765367 1
    endloop
  endfacet
  facet normal 0.595695 -0.80321 0
    outer loop
      vertex 1.11114 -1.66294 1
      vertex 1.26879 -1.54602 10
      vertex 1.11114 -1.66294 10
    endloop
  endfacet
  facet normal 0.595695 -0.80321 0
    outer loop
      vertex 1.26879 -1.54602 10
      vertex 1.11114 -1.66294 1
      vertex 1.26879 -1.54602 1
    endloop
  endfacet
  facet normal 0.857736 0.51409 0
    outer loop
      vertex 1.76384 0.942793 10
      vertex 1.66294 1.11114 1
      vertex 1.66294 1.11114 10
    endloop
  endfacet
  facet normal 0.857736 0.51409 0
    outer loop
      vertex 1.66294 1.11114 1
      vertex 1.76384 0.942793 10
      vertex 1.76384 0.942793 1
    endloop
  endfacet
  facet normal -0.671584 0.740928 0
    outer loop
      vertex -1.26879 1.54602 1
      vertex -1.41421 1.41421 10
      vertex -1.26879 1.54602 10
    endloop
  endfacet
  facet normal -0.671584 0.740928 0
    outer loop
      vertex -1.41421 1.41421 10
      vertex -1.26879 1.54602 1
      vertex -1.41421 1.41421 1
    endloop
  endfacet
  facet normal -0.903982 0.427571 0
    outer loop
      vertex -1.84776 0.765367 1
      vertex -1.76384 0.942793 10
      vertex -1.76384 0.942793 1
    endloop
  endfacet
  facet normal -0.903982 0.427571 0
    outer loop
      vertex -1.76384 0.942793 10
      vertex -1.84776 0.765367 1
      vertex -1.84776 0.765367 10
    endloop
  endfacet
  facet normal 0.671584 0.740928 -0
    outer loop
      vertex 1.41421 1.41421 1
      vertex 1.26879 1.54602 10
      vertex 1.41421 1.41421 10
    endloop
  endfacet
  facet normal 0.671584 0.740928 0
    outer loop
      vertex 1.26879 1.54602 10
      vertex 1.41421 1.41421 1
      vertex 1.26879 1.54602 1
    endloop
  endfacet
  facet normal -0.989176 -0.146735 0
    outer loop
      vertex -1.96157 -0.390181 1
      vertex -1.99037 -0.196033 10
      vertex -1.99037 -0.196033 1
    endloop
  endfacet
  facet normal -0.989176 -0.146735 0
    outer loop
      vertex -1.99037 -0.196033 10
      vertex -1.96157 -0.390181 1
      vertex -1.96157 -0.390181 10
    endloop
  endfacet
  facet normal -0.740928 -0.671584 0
    outer loop
      vertex -1.41421 -1.41421 1
      vertex -1.54602 -1.26879 10
      vertex -1.54602 -1.26879 1
    endloop
  endfacet
  facet normal -0.740928 -0.671584 0
    outer loop
      vertex -1.54602 -1.26879 10
      vertex -1.41421 -1.41421 1
      vertex -1.41421 -1.41421 10
    endloop
  endfacet
  facet normal -0.595695 -0.80321 0
    outer loop
      vertex -1.26879 -1.54602 1
      vertex -1.11114 -1.66294 10
      vertex -1.26879 -1.54602 10
    endloop
  endfacet
  facet normal -0.595695 -0.80321 -0
    outer loop
      vertex -1.11114 -1.66294 10
      vertex -1.26879 -1.54602 1
      vertex -1.11114 -1.66294 1
    endloop
  endfacet
  facet normal -0.80321 -0.595695 0
    outer loop
      vertex -1.54602 -1.26879 1
      vertex -1.66294 -1.11114 10
      vertex -1.66294 -1.11114 1
    endloop
  endfacet
  facet normal -0.80321 -0.595695 0
    outer loop
      vertex -1.66294 -1.11114 10
      vertex -1.54602 -1.26879 1
      vertex -1.54602 -1.26879 10
    endloop
  endfacet
  facet normal -0.998796 -0.0490652 0
    outer loop
      vertex -1.99037 -0.196033 1
      vertex -2 0 10
      vertex -2 0 1
    endloop
  endfacet
  facet normal -0.998796 -0.0490652 0
    outer loop
      vertex -2 0 10
      vertex -1.99037 -0.196033 1
      vertex -1.99037 -0.196033 10
    endloop
  endfacet
  facet normal -0.970031 0.242982 0
    outer loop
      vertex -1.96157 0.390181 1
      vertex -1.91388 0.580569 10
      vertex -1.91388 0.580569 1
    endloop
  endfacet
  facet normal -0.970031 0.242982 0
    outer loop
      vertex -1.91388 0.580569 10
      vertex -1.96157 0.390181 1
      vertex -1.96157 0.390181 10
    endloop
  endfacet
  facet normal -0.80321 0.595695 0
    outer loop
      vertex -1.66294 1.11114 1
      vertex -1.54602 1.26879 10
      vertex -1.54602 1.26879 1
    endloop
  endfacet
  facet normal -0.80321 0.595695 0
    outer loop
      vertex -1.54602 1.26879 10
      vertex -1.66294 1.11114 1
      vertex -1.66294 1.11114 10
    endloop
  endfacet
  facet normal 0.51409 -0.857736 0
    outer loop
      vertex 0.942793 -1.76384 1
      vertex 1.11114 -1.66294 10
      vertex 0.942793 -1.76384 10
    endloop
  endfacet
  facet normal 0.51409 -0.857736 0
    outer loop
      vertex 1.11114 -1.66294 10
      vertex 0.942793 -1.76384 1
      vertex 1.11114 -1.66294 1
    endloop
  endfacet
  facet normal -0.427571 -0.903982 0
    outer loop
      vertex -0.942793 -1.76384 1
      vertex -0.765367 -1.84776 10
      vertex -0.942793 -1.76384 10
    endloop
  endfacet
  facet normal -0.427571 -0.903982 -0
    outer loop
      vertex -0.765367 -1.84776 10
      vertex -0.942793 -1.76384 1
      vertex -0.765367 -1.84776 1
    endloop
  endfacet
  facet normal -0.0490652 -0.998796 0
    outer loop
      vertex -0.196033 -1.99037 1
      vertex 0 -2 10
      vertex -0.196033 -1.99037 10
    endloop
  endfacet
  facet normal -0.0490652 -0.998796 -0
    outer loop
      vertex 0 -2 10
      vertex -0.196033 -1.99037 1
      vertex 0 -2 1
    endloop
  endfacet
  facet normal -0.146735 -0.989176 0
    outer loop
      vertex -0.390181 -1.96157 1
      vertex -0.196033 -1.99037 10
      vertex -0.390181 -1.96157 10
    endloop
  endfacet
  facet normal -0.146735 -0.989176 -0
    outer loop
      vertex -0.196033 -1.99037 10
      vertex -0.390181 -1.96157 1
      vertex -0.196033 -1.99037 1
    endloop
  endfacet
  facet normal -0.989176 0.146735 0
    outer loop
      vertex -1.99037 0.196033 1
      vertex -1.96157 0.390181 10
      vertex -1.96157 0.390181 1
    endloop
  endfacet
  facet normal -0.989176 0.146735 0
    outer loop
      vertex -1.96157 0.390181 10
      vertex -1.99037 0.196033 1
      vertex -1.99037 0.196033 10
    endloop
  endfacet
  facet normal -0.336882 -0.941547 0
    outer loop
      vertex -0.765367 -1.84776 1
      vertex -0.580569 -1.91388 10
      vertex -0.765367 -1.84776 10
    endloop
  endfacet
  facet normal -0.336882 -0.941547 -0
    outer loop
      vertex -0.580569 -1.91388 10
      vertex -0.765367 -1.84776 1
      vertex -0.580569 -1.91388 1
    endloop
  endfacet
  facet normal -0.813537 0.291079 -0.503419
    outer loop
      vertex -1.91388 0.580569 10
      vertex -2.24881 0.682169 10.6
      vertex -2.17112 0.899305 10.6
    endloop
  endfacet
  facet normal 0.694 -0.514721 -0.503414
    outer loop
      vertex 1.81657 -1.49082 10.6
      vertex 1.66294 -1.11114 10
      vertex 1.95395 -1.30559 10.6
    endloop
  endfacet
  facet normal -0.781074 -0.369453 -0.503415
    outer loop
      vertex -2.07251 -1.10778 10.6
      vertex -2.17112 -0.899305 10.6
      vertex -1.76384 -0.942793 10
    endloop
  endfacet
  facet normal 0.863002 0.042412 -0.503418
    outer loop
      vertex 2.35 0 10.6
      vertex 2 0 10
      vertex 2.33868 0.23034 10.6
    endloop
  endfacet
  facet normal 0.863005 0.0423946 -0.503413
    outer loop
      vertex 2 0 10
      vertex 1.99037 0.196033 10
      vertex 2.33868 0.23034 10.6
    endloop
  endfacet
  facet normal 0.854693 -0.126786 -0.503413
    outer loop
      vertex 2.33868 -0.23034 10.6
      vertex 1.96157 -0.390181 10
      vertex 1.99037 -0.196033 10
    endloop
  endfacet
  facet normal 0.369453 0.781074 -0.503415
    outer loop
      vertex 0.942793 1.76384 10
      vertex 0.899305 2.17112 10.6
      vertex 1.10778 2.07251 10.6
    endloop
  endfacet
  facet normal -0.580281 0.640198 -0.503409
    outer loop
      vertex -1.41421 1.41421 10
      vertex -1.49082 1.81657 10.6
      vertex -1.26879 1.54602 10
    endloop
  endfacet
  facet normal 0.514721 0.694 -0.503414
    outer loop
      vertex 1.49082 1.81657 10.6
      vertex 1.11114 1.66294 10
      vertex 1.30559 1.95395 10.6
    endloop
  endfacet
  facet normal 0.854693 -0.126787 -0.503413
    outer loop
      vertex 2.30484 -0.458462 10.6
      vertex 1.96157 -0.390181 10
      vertex 2.33868 -0.23034 10.6
    endloop
  endfacet
  facet normal 0.126786 -0.854693 -0.503413
    outer loop
      vertex 0.23034 -2.33868 10.6
      vertex 0.196033 -1.99037 10
      vertex 0.390181 -1.96157 10
    endloop
  endfacet
  facet normal 0.369453 -0.781074 -0.503415
    outer loop
      vertex 1.10778 -2.07251 10.6
      vertex 0.899305 -2.17112 10.6
      vertex 0.942793 -1.76384 10
    endloop
  endfacet
  facet normal 0.694012 -0.514709 -0.50341
    outer loop
      vertex 1.81657 -1.49082 10.6
      vertex 1.54602 -1.26879 10
      vertex 1.66294 -1.11114 10
    endloop
  endfacet
  facet normal -0.514709 -0.694012 -0.50341
    outer loop
      vertex -1.11114 -1.66294 10
      vertex -1.49082 -1.81657 10.6
      vertex -1.26879 -1.54602 10
    endloop
  endfacet
  facet normal 0.369439 -0.781079 -0.503419
    outer loop
      vertex 0.899305 -2.17112 10.6
      vertex 0.765367 -1.84776 10
      vertex 0.942793 -1.76384 10
    endloop
  endfacet
  facet normal -0.29108 0.813536 -0.50342
    outer loop
      vertex -0.765367 1.84776 10
      vertex -0.899305 2.17112 10.6
      vertex -0.580569 1.91388 10
    endloop
  endfacet
  facet normal -0.369439 0.781079 -0.503419
    outer loop
      vertex -0.765367 1.84776 10
      vertex -0.942793 1.76384 10
      vertex -0.899305 2.17112 10.6
    endloop
  endfacet
  facet normal -0.640198 -0.580281 -0.503409
    outer loop
      vertex -1.41421 -1.41421 10
      vertex -1.81657 -1.49082 10.6
      vertex -1.54602 -1.26879 10
    endloop
  endfacet
  facet normal -0.209947 -0.838151 -0.503413
    outer loop
      vertex -0.458462 -2.30484 10.6
      vertex -0.580569 -1.91388 10
      vertex -0.390181 -1.96157 10
    endloop
  endfacet
  facet normal 0.640224 -0.580241 -0.503422
    outer loop
      vertex 1.6617 -1.6617 10.6
      vertex 1.41421 -1.41421 10
      vertex 1.81657 -1.49082 10.6
    endloop
  endfacet
  facet normal -0.291079 -0.813537 -0.503419
    outer loop
      vertex -0.682169 -2.24881 10.6
      vertex -0.899305 -2.17112 10.6
      vertex -0.580569 -1.91388 10
    endloop
  endfacet
  facet normal -0.813536 0.29108 -0.50342
    outer loop
      vertex -1.91388 0.580569 10
      vertex -2.17112 0.899305 10.6
      vertex -1.84776 0.765367 10
    endloop
  endfacet
  facet normal -0.863002 -0.042412 -0.503418
    outer loop
      vertex -2.33868 -0.23034 10.6
      vertex -2.35 0 10.6
      vertex -2 0 10
    endloop
  endfacet
  facet normal 0.444197 -0.741122 -0.503415
    outer loop
      vertex 1.10778 -2.07251 10.6
      vertex 0.942793 -1.76384 10
      vertex 1.11114 -1.66294 10
    endloop
  endfacet
  facet normal -0.514721 0.694 -0.503414
    outer loop
      vertex -1.11114 1.66294 10
      vertex -1.49082 1.81657 10.6
      vertex -1.30559 1.95395 10.6
    endloop
  endfacet
  facet normal -0.369453 -0.781074 -0.503415
    outer loop
      vertex -0.899305 -2.17112 10.6
      vertex -1.10778 -2.07251 10.6
      vertex -0.942793 -1.76384 10
    endloop
  endfacet
  facet normal -0.580281 -0.640198 -0.503409
    outer loop
      vertex -1.26879 -1.54602 10
      vertex -1.49082 -1.81657 10.6
      vertex -1.41421 -1.41421 10
    endloop
  endfacet
  facet normal 0.741121 -0.4442 -0.503414
    outer loop
      vertex 1.95395 -1.30559 10.6
      vertex 1.66294 -1.11114 10
      vertex 2.07251 -1.10778 10.6
    endloop
  endfacet
  facet normal -0.640224 0.580241 -0.503422
    outer loop
      vertex -1.41421 1.41421 10
      vertex -1.81657 1.49082 10.6
      vertex -1.6617 1.6617 10.6
    endloop
  endfacet
  facet normal -0.854693 0.126787 -0.503413
    outer loop
      vertex -1.96157 0.390181 10
      vertex -2.33868 0.23034 10.6
      vertex -2.30484 0.458462 10.6
    endloop
  endfacet
  facet normal 0.863005 -0.0423946 -0.503413
    outer loop
      vertex 2.33868 -0.23034 10.6
      vertex 1.99037 -0.196033 10
      vertex 2 0 10
    endloop
  endfacet
  facet normal -0.042412 0.863002 -0.503418
    outer loop
      vertex 0 2 10
      vertex -0.23034 2.33868 10.6
      vertex 0 2.35 10.6
    endloop
  endfacet
  facet normal 0.863002 -0.042412 -0.503418
    outer loop
      vertex 2.33868 -0.23034 10.6
      vertex 2 0 10
      vertex 2.35 0 10.6
    endloop
  endfacet
  facet normal 0.0423946 -0.863005 -0.503413
    outer loop
      vertex 0.23034 -2.33868 10.6
      vertex 0 -2 10
      vertex 0.196033 -1.99037 10
    endloop
  endfacet
  facet normal -0.838153 -0.209925 -0.503419
    outer loop
      vertex -2.24881 -0.682169 10.6
      vertex -2.30484 -0.458462 10.6
      vertex -1.91388 -0.580569 10
    endloop
  endfacet
  facet normal 0.29108 -0.813536 -0.50342
    outer loop
      vertex 0.899305 -2.17112 10.6
      vertex 0.580569 -1.91388 10
      vertex 0.765367 -1.84776 10
    endloop
  endfacet
  facet normal 0.0423946 0.863005 -0.503413
    outer loop
      vertex 0.196033 1.99037 10
      vertex 0 2 10
      vertex 0.23034 2.33868 10.6
    endloop
  endfacet
  facet normal 0.838151 -0.209947 -0.503413
    outer loop
      vertex 2.30484 -0.458462 10.6
      vertex 1.91388 -0.580569 10
      vertex 1.96157 -0.390181 10
    endloop
  endfacet
  facet normal -0.838151 -0.209947 -0.503413
    outer loop
      vertex -1.91388 -0.580569 10
      vertex -2.30484 -0.458462 10.6
      vertex -1.96157 -0.390181 10
    endloop
  endfacet
  facet normal 0.580241 -0.640224 -0.503422
    outer loop
      vertex 1.49082 -1.81657 10.6
      vertex 1.41421 -1.41421 10
      vertex 1.6617 -1.6617 10.6
    endloop
  endfacet
  facet normal 0.209925 -0.838153 -0.503419
    outer loop
      vertex 0.682169 -2.24881 10.6
      vertex 0.458462 -2.30484 10.6
      vertex 0.580569 -1.91388 10
    endloop
  endfacet
  facet normal 0.781074 0.369453 -0.503415
    outer loop
      vertex 2.17112 0.899305 10.6
      vertex 1.76384 0.942793 10
      vertex 2.07251 1.10778 10.6
    endloop
  endfacet
  facet normal -0.838151 0.209947 -0.503413
    outer loop
      vertex -1.96157 0.390181 10
      vertex -2.30484 0.458462 10.6
      vertex -1.91388 0.580569 10
    endloop
  endfacet
  facet normal 0.126786 0.854693 -0.503413
    outer loop
      vertex 0.390181 1.96157 10
      vertex 0.196033 1.99037 10
      vertex 0.23034 2.33868 10.6
    endloop
  endfacet
  facet normal -0.741121 -0.4442 -0.503414
    outer loop
      vertex -1.95395 -1.30559 10.6
      vertex -2.07251 -1.10778 10.6
      vertex -1.66294 -1.11114 10
    endloop
  endfacet
  facet normal 0.580241 0.640224 -0.503422
    outer loop
      vertex 1.6617 1.6617 10.6
      vertex 1.41421 1.41421 10
      vertex 1.49082 1.81657 10.6
    endloop
  endfacet
  facet normal 0.741122 -0.444197 -0.503415
    outer loop
      vertex 2.07251 -1.10778 10.6
      vertex 1.66294 -1.11114 10
      vertex 1.76384 -0.942793 10
    endloop
  endfacet
  facet normal -0.694012 0.514709 -0.50341
    outer loop
      vertex -1.66294 1.11114 10
      vertex -1.81657 1.49082 10.6
      vertex -1.54602 1.26879 10
    endloop
  endfacet
  facet normal 0.126787 -0.854693 -0.503413
    outer loop
      vertex 0.458462 -2.30484 10.6
      vertex 0.23034 -2.33868 10.6
      vertex 0.390181 -1.96157 10
    endloop
  endfacet
  facet normal -0.126787 0.854693 -0.503413
    outer loop
      vertex -0.390181 1.96157 10
      vertex -0.458462 2.30484 10.6
      vertex -0.23034 2.33868 10.6
    endloop
  endfacet
  facet normal -0.126787 -0.854693 -0.503413
    outer loop
      vertex -0.23034 -2.33868 10.6
      vertex -0.458462 -2.30484 10.6
      vertex -0.390181 -1.96157 10
    endloop
  endfacet
  facet normal 0.640224 0.580241 -0.503422
    outer loop
      vertex 1.81657 1.49082 10.6
      vertex 1.41421 1.41421 10
      vertex 1.6617 1.6617 10.6
    endloop
  endfacet
  facet normal 0.209947 -0.838151 -0.503413
    outer loop
      vertex 0.458462 -2.30484 10.6
      vertex 0.390181 -1.96157 10
      vertex 0.580569 -1.91388 10
    endloop
  endfacet
  facet normal -0.042412 -0.863002 -0.503418
    outer loop
      vertex 0 -2.35 10.6
      vertex -0.23034 -2.33868 10.6
      vertex 0 -2 10
    endloop
  endfacet
  facet normal 0.813537 -0.291079 -0.503419
    outer loop
      vertex 2.17112 -0.899305 10.6
      vertex 1.91388 -0.580569 10
      vertex 2.24881 -0.682169 10.6
    endloop
  endfacet
  facet normal -0.694 0.514721 -0.503414
    outer loop
      vertex -1.66294 1.11114 10
      vertex -1.95395 1.30559 10.6
      vertex -1.81657 1.49082 10.6
    endloop
  endfacet
  facet normal 0.580281 -0.640198 -0.503409
    outer loop
      vertex 1.49082 -1.81657 10.6
      vertex 1.26879 -1.54602 10
      vertex 1.41421 -1.41421 10
    endloop
  endfacet
  facet normal 0.514709 -0.694012 -0.50341
    outer loop
      vertex 1.49082 -1.81657 10.6
      vertex 1.11114 -1.66294 10
      vertex 1.26879 -1.54602 10
    endloop
  endfacet
  facet normal 0.4442 -0.741121 -0.503414
    outer loop
      vertex 1.30559 -1.95395 10.6
      vertex 1.10778 -2.07251 10.6
      vertex 1.11114 -1.66294 10
    endloop
  endfacet
  facet normal 0.781079 -0.369439 -0.503419
    outer loop
      vertex 2.17112 -0.899305 10.6
      vertex 1.76384 -0.942793 10
      vertex 1.84776 -0.765367 10
    endloop
  endfacet
  facet normal -0.4442 -0.741121 -0.503414
    outer loop
      vertex -1.10778 -2.07251 10.6
      vertex -1.30559 -1.95395 10.6
      vertex -1.11114 -1.66294 10
    endloop
  endfacet
  facet normal 0.514721 -0.694 -0.503414
    outer loop
      vertex 1.30559 -1.95395 10.6
      vertex 1.11114 -1.66294 10
      vertex 1.49082 -1.81657 10.6
    endloop
  endfacet
  facet normal 0.042412 -0.863002 -0.503418
    outer loop
      vertex 0.23034 -2.33868 10.6
      vertex 0 -2.35 10.6
      vertex 0 -2 10
    endloop
  endfacet
  facet normal 0.369439 0.781079 -0.503419
    outer loop
      vertex 0.942793 1.76384 10
      vertex 0.765367 1.84776 10
      vertex 0.899305 2.17112 10.6
    endloop
  endfacet
  facet normal -0.126786 -0.854693 -0.503413
    outer loop
      vertex -0.23034 -2.33868 10.6
      vertex -0.390181 -1.96157 10
      vertex -0.196033 -1.99037 10
    endloop
  endfacet
  facet normal -0.863002 0.042412 -0.503418
    outer loop
      vertex -2 0 10
      vertex -2.35 0 10.6
      vertex -2.33868 0.23034 10.6
    endloop
  endfacet
  facet normal 0.640198 0.580281 -0.503409
    outer loop
      vertex 1.54602 1.26879 10
      vertex 1.41421 1.41421 10
      vertex 1.81657 1.49082 10.6
    endloop
  endfacet
  facet normal 0.838153 -0.209925 -0.503419
    outer loop
      vertex 2.24881 -0.682169 10.6
      vertex 1.91388 -0.580569 10
      vertex 2.30484 -0.458462 10.6
    endloop
  endfacet
  facet normal 0.813536 -0.29108 -0.50342
    outer loop
      vertex 2.17112 -0.899305 10.6
      vertex 1.84776 -0.765367 10
      vertex 1.91388 -0.580569 10
    endloop
  endfacet
  facet normal -0.514721 -0.694 -0.503414
    outer loop
      vertex -1.30559 -1.95395 10.6
      vertex -1.49082 -1.81657 10.6
      vertex -1.11114 -1.66294 10
    endloop
  endfacet
  facet normal 0.640198 -0.580281 -0.503409
    outer loop
      vertex 1.81657 -1.49082 10.6
      vertex 1.41421 -1.41421 10
      vertex 1.54602 -1.26879 10
    endloop
  endfacet
  facet normal 0.042412 0.863002 -0.503418
    outer loop
      vertex 0.23034 2.33868 10.6
      vertex 0 2 10
      vertex 0 2.35 10.6
    endloop
  endfacet
  facet normal -0.0423946 -0.863005 -0.503413
    outer loop
      vertex 0 -2 10
      vertex -0.23034 -2.33868 10.6
      vertex -0.196033 -1.99037 10
    endloop
  endfacet
  facet normal -0.694 -0.514721 -0.503414
    outer loop
      vertex -1.81657 -1.49082 10.6
      vertex -1.95395 -1.30559 10.6
      vertex -1.66294 -1.11114 10
    endloop
  endfacet
  facet normal -0.854693 -0.126787 -0.503413
    outer loop
      vertex -2.30484 -0.458462 10.6
      vertex -2.33868 -0.23034 10.6
      vertex -1.96157 -0.390181 10
    endloop
  endfacet
  facet normal -0.854693 -0.126786 -0.503413
    outer loop
      vertex -1.96157 -0.390181 10
      vertex -2.33868 -0.23034 10.6
      vertex -1.99037 -0.196033 10
    endloop
  endfacet
  facet normal -0.369453 0.781074 -0.503415
    outer loop
      vertex -0.942793 1.76384 10
      vertex -1.10778 2.07251 10.6
      vertex -0.899305 2.17112 10.6
    endloop
  endfacet
  facet normal -0.4442 0.741121 -0.503414
    outer loop
      vertex -1.11114 1.66294 10
      vertex -1.30559 1.95395 10.6
      vertex -1.10778 2.07251 10.6
    endloop
  endfacet
  facet normal -0.444197 0.741122 -0.503415
    outer loop
      vertex -0.942793 1.76384 10
      vertex -1.11114 1.66294 10
      vertex -1.10778 2.07251 10.6
    endloop
  endfacet
  facet normal -0.854693 0.126786 -0.503413
    outer loop
      vertex -1.99037 0.196033 10
      vertex -2.33868 0.23034 10.6
      vertex -1.96157 0.390181 10
    endloop
  endfacet
  facet normal -0.209925 -0.838153 -0.503419
    outer loop
      vertex -0.458462 -2.30484 10.6
      vertex -0.682169 -2.24881 10.6
      vertex -0.580569 -1.91388 10
    endloop
  endfacet
  facet normal -0.209925 0.838153 -0.503419
    outer loop
      vertex -0.580569 1.91388 10
      vertex -0.682169 2.24881 10.6
      vertex -0.458462 2.30484 10.6
    endloop
  endfacet
  facet normal -0.694012 -0.514709 -0.50341
    outer loop
      vertex -1.54602 -1.26879 10
      vertex -1.81657 -1.49082 10.6
      vertex -1.66294 -1.11114 10
    endloop
  endfacet
  facet normal -0.444197 -0.741122 -0.503415
    outer loop
      vertex -1.10778 -2.07251 10.6
      vertex -1.11114 -1.66294 10
      vertex -0.942793 -1.76384 10
    endloop
  endfacet
  facet normal -0.514709 0.694012 -0.50341
    outer loop
      vertex -1.26879 1.54602 10
      vertex -1.49082 1.81657 10.6
      vertex -1.11114 1.66294 10
    endloop
  endfacet
  facet normal -0.741122 0.444197 -0.503415
    outer loop
      vertex -1.76384 0.942793 10
      vertex -2.07251 1.10778 10.6
      vertex -1.66294 1.11114 10
    endloop
  endfacet
  facet normal 0.813537 0.291079 -0.503419
    outer loop
      vertex 2.24881 0.682169 10.6
      vertex 1.91388 0.580569 10
      vertex 2.17112 0.899305 10.6
    endloop
  endfacet
  facet normal 0.514709 0.694012 -0.50341
    outer loop
      vertex 1.26879 1.54602 10
      vertex 1.11114 1.66294 10
      vertex 1.49082 1.81657 10.6
    endloop
  endfacet
  facet normal -0.813536 -0.29108 -0.50342
    outer loop
      vertex -1.84776 -0.765367 10
      vertex -2.17112 -0.899305 10.6
      vertex -1.91388 -0.580569 10
    endloop
  endfacet
  facet normal 0.291079 -0.813537 -0.503419
    outer loop
      vertex 0.682169 -2.24881 10.6
      vertex 0.580569 -1.91388 10
      vertex 0.899305 -2.17112 10.6
    endloop
  endfacet
  facet normal -0.838153 0.209925 -0.503419
    outer loop
      vertex -1.91388 0.580569 10
      vertex -2.30484 0.458462 10.6
      vertex -2.24881 0.682169 10.6
    endloop
  endfacet
  facet normal -0.813537 -0.291079 -0.503419
    outer loop
      vertex -2.17112 -0.899305 10.6
      vertex -2.24881 -0.682169 10.6
      vertex -1.91388 -0.580569 10
    endloop
  endfacet
  facet normal 0.444197 0.741122 -0.503415
    outer loop
      vertex 1.11114 1.66294 10
      vertex 0.942793 1.76384 10
      vertex 1.10778 2.07251 10.6
    endloop
  endfacet
  facet normal -0.291079 0.813537 -0.503419
    outer loop
      vertex -0.580569 1.91388 10
      vertex -0.899305 2.17112 10.6
      vertex -0.682169 2.24881 10.6
    endloop
  endfacet
  facet normal -0.126786 0.854693 -0.503413
    outer loop
      vertex -0.196033 1.99037 10
      vertex -0.390181 1.96157 10
      vertex -0.23034 2.33868 10.6
    endloop
  endfacet
  facet normal 0.741122 0.444197 -0.503415
    outer loop
      vertex 1.76384 0.942793 10
      vertex 1.66294 1.11114 10
      vertex 2.07251 1.10778 10.6
    endloop
  endfacet
  facet normal 0.741121 0.4442 -0.503414
    outer loop
      vertex 2.07251 1.10778 10.6
      vertex 1.66294 1.11114 10
      vertex 1.95395 1.30559 10.6
    endloop
  endfacet
  facet normal 0.781074 -0.369453 -0.503415
    outer loop
      vertex 2.07251 -1.10778 10.6
      vertex 1.76384 -0.942793 10
      vertex 2.17112 -0.899305 10.6
    endloop
  endfacet
  facet normal -0.741121 0.4442 -0.503414
    outer loop
      vertex -1.66294 1.11114 10
      vertex -2.07251 1.10778 10.6
      vertex -1.95395 1.30559 10.6
    endloop
  endfacet
  facet normal -0.640198 0.580281 -0.503409
    outer loop
      vertex -1.54602 1.26879 10
      vertex -1.81657 1.49082 10.6
      vertex -1.41421 1.41421 10
    endloop
  endfacet
  facet normal -0.369439 -0.781079 -0.503419
    outer loop
      vertex -0.899305 -2.17112 10.6
      vertex -0.942793 -1.76384 10
      vertex -0.765367 -1.84776 10
    endloop
  endfacet
  facet normal -0.580241 0.640224 -0.503422
    outer loop
      vertex -1.41421 1.41421 10
      vertex -1.6617 1.6617 10.6
      vertex -1.49082 1.81657 10.6
    endloop
  endfacet
  facet normal 0.781079 0.369439 -0.503419
    outer loop
      vertex 1.84776 0.765367 10
      vertex 1.76384 0.942793 10
      vertex 2.17112 0.899305 10.6
    endloop
  endfacet
  facet normal 0.29108 0.813536 -0.50342
    outer loop
      vertex 0.765367 1.84776 10
      vertex 0.580569 1.91388 10
      vertex 0.899305 2.17112 10.6
    endloop
  endfacet
  facet normal 0.209947 0.838151 -0.503413
    outer loop
      vertex 0.580569 1.91388 10
      vertex 0.390181 1.96157 10
      vertex 0.458462 2.30484 10.6
    endloop
  endfacet
  facet normal -0.781074 0.369453 -0.503415
    outer loop
      vertex -1.76384 0.942793 10
      vertex -2.17112 0.899305 10.6
      vertex -2.07251 1.10778 10.6
    endloop
  endfacet
  facet normal -0.741122 -0.444197 -0.503415
    outer loop
      vertex -1.66294 -1.11114 10
      vertex -2.07251 -1.10778 10.6
      vertex -1.76384 -0.942793 10
    endloop
  endfacet
  facet normal 0.291079 0.813537 -0.503419
    outer loop
      vertex 0.899305 2.17112 10.6
      vertex 0.580569 1.91388 10
      vertex 0.682169 2.24881 10.6
    endloop
  endfacet
  facet normal -0.863005 0.0423946 -0.503413
    outer loop
      vertex -2 0 10
      vertex -2.33868 0.23034 10.6
      vertex -1.99037 0.196033 10
    endloop
  endfacet
  facet normal -0.781079 0.369439 -0.503419
    outer loop
      vertex -1.84776 0.765367 10
      vertex -2.17112 0.899305 10.6
      vertex -1.76384 0.942793 10
    endloop
  endfacet
  facet normal -0.781079 -0.369439 -0.503419
    outer loop
      vertex -1.76384 -0.942793 10
      vertex -2.17112 -0.899305 10.6
      vertex -1.84776 -0.765367 10
    endloop
  endfacet
  facet normal 0.4442 0.741121 -0.503414
    outer loop
      vertex 1.11114 1.66294 10
      vertex 1.10778 2.07251 10.6
      vertex 1.30559 1.95395 10.6
    endloop
  endfacet
  facet normal -0.580241 -0.640224 -0.503422
    outer loop
      vertex -1.49082 -1.81657 10.6
      vertex -1.6617 -1.6617 10.6
      vertex -1.41421 -1.41421 10
    endloop
  endfacet
  facet normal -0.640224 -0.580241 -0.503422
    outer loop
      vertex -1.6617 -1.6617 10.6
      vertex -1.81657 -1.49082 10.6
      vertex -1.41421 -1.41421 10
    endloop
  endfacet
  facet normal -0.863005 -0.0423946 -0.503413
    outer loop
      vertex -1.99037 -0.196033 10
      vertex -2.33868 -0.23034 10.6
      vertex -2 0 10
    endloop
  endfacet
  facet normal 0.580281 0.640198 -0.503409
    outer loop
      vertex 1.41421 1.41421 10
      vertex 1.26879 1.54602 10
      vertex 1.49082 1.81657 10.6
    endloop
  endfacet
  facet normal -0.0423946 0.863005 -0.503413
    outer loop
      vertex -0.196033 1.99037 10
      vertex -0.23034 2.33868 10.6
      vertex 0 2 10
    endloop
  endfacet
  facet normal 0.126787 0.854693 -0.503413
    outer loop
      vertex 0.390181 1.96157 10
      vertex 0.23034 2.33868 10.6
      vertex 0.458462 2.30484 10.6
    endloop
  endfacet
  facet normal -0.209947 0.838151 -0.503413
    outer loop
      vertex -0.390181 1.96157 10
      vertex -0.580569 1.91388 10
      vertex -0.458462 2.30484 10.6
    endloop
  endfacet
  facet normal 0.694 0.514721 -0.503414
    outer loop
      vertex 1.95395 1.30559 10.6
      vertex 1.66294 1.11114 10
      vertex 1.81657 1.49082 10.6
    endloop
  endfacet
  facet normal 0.694012 0.514709 -0.50341
    outer loop
      vertex 1.66294 1.11114 10
      vertex 1.54602 1.26879 10
      vertex 1.81657 1.49082 10.6
    endloop
  endfacet
  facet normal -0.29108 -0.813536 -0.50342
    outer loop
      vertex -0.580569 -1.91388 10
      vertex -0.899305 -2.17112 10.6
      vertex -0.765367 -1.84776 10
    endloop
  endfacet
  facet normal 0.838151 0.209947 -0.503413
    outer loop
      vertex 1.96157 0.390181 10
      vertex 1.91388 0.580569 10
      vertex 2.30484 0.458462 10.6
    endloop
  endfacet
  facet normal 0.209925 0.838153 -0.503419
    outer loop
      vertex 0.580569 1.91388 10
      vertex 0.458462 2.30484 10.6
      vertex 0.682169 2.24881 10.6
    endloop
  endfacet
  facet normal 0.838153 0.209925 -0.503419
    outer loop
      vertex 2.30484 0.458462 10.6
      vertex 1.91388 0.580569 10
      vertex 2.24881 0.682169 10.6
    endloop
  endfacet
  facet normal 0.813536 0.29108 -0.50342
    outer loop
      vertex 1.91388 0.580569 10
      vertex 1.84776 0.765367 10
      vertex 2.17112 0.899305 10.6
    endloop
  endfacet
  facet normal 0.854693 0.126787 -0.503413
    outer loop
      vertex 2.33868 0.23034 10.6
      vertex 1.96157 0.390181 10
      vertex 2.30484 0.458462 10.6
    endloop
  endfacet
  facet normal 0.854693 0.126786 -0.503413
    outer loop
      vertex 1.99037 0.196033 10
      vertex 1.96157 0.390181 10
      vertex 2.33868 0.23034 10.6
    endloop
  endfacet
  facet normal 0.989176 0.146736 0
    outer loop
      vertex 13.7344 0.318555 1
      vertex 13.6876 0.634043 0
      vertex 13.6876 0.634043 1
    endloop
  endfacet
  facet normal 0.989176 0.146736 0
    outer loop
      vertex 13.6876 0.634043 0
      vertex 13.7344 0.318555 1
      vertex 13.7344 0.318555 0
    endloop
  endfacet
  facet normal 0.998803 0.0489125 0
    outer loop
      vertex 13.75 0 1
      vertex 13.7344 0.318555 0
      vertex 13.7344 0.318555 1
    endloop
  endfacet
  facet normal 0.998803 0.0489125 0
    outer loop
      vertex 13.7344 0.318555 0
      vertex 13.75 0 1
      vertex 13.75 0 0
    endloop
  endfacet
  facet normal 0.970028 0.242992 0
    outer loop
      vertex 13.6876 0.634043 1
      vertex 13.6101 0.943425 0
      vertex 13.6101 0.943425 1
    endloop
  endfacet
  facet normal 0.970028 0.242992 0
    outer loop
      vertex 13.6101 0.943425 0
      vertex 13.6876 0.634043 1
      vertex 13.6876 0.634043 0
    endloop
  endfacet
  facet normal 0.336892 -0.941543 0
    outer loop
      vertex 11.4434 -3.11006 0
      vertex 11.7437 -3.00261 1
      vertex 11.4434 -3.11006 1
    endloop
  endfacet
  facet normal 0.336892 -0.941543 0
    outer loop
      vertex 11.7437 -3.00261 1
      vertex 11.4434 -3.11006 0
      vertex 11.7437 -3.00261 0
    endloop
  endfacet
  facet normal 0.671576 0.740935 -0
    outer loop
      vertex 12.7981 2.2981 0
      vertex 12.5618 2.51228 1
      vertex 12.7981 2.2981 1
    endloop
  endfacet
  facet normal 0.671576 0.740935 0
    outer loop
      vertex 12.5618 2.51228 1
      vertex 12.7981 2.2981 0
      vertex 12.5618 2.51228 0
    endloop
  endfacet
  facet normal -0.857736 0.51409 0
    outer loop
      vertex 7.63376 1.53204 0
      vertex 7.79772 1.8056 1
      vertex 7.79772 1.8056 0
    endloop
  endfacet
  facet normal -0.857736 0.51409 0
    outer loop
      vertex 7.79772 1.8056 1
      vertex 7.63376 1.53204 0
      vertex 7.63376 1.53204 1
    endloop
  endfacet
  facet normal -0.146758 -0.989172 0
    outer loop
      vertex 9.86596 -3.18755 0
      vertex 10.1814 -3.23435 1
      vertex 9.86596 -3.18755 1
    endloop
  endfacet
  facet normal -0.146758 -0.989172 -0
    outer loop
      vertex 10.1814 -3.23435 1
      vertex 9.86596 -3.18755 0
      vertex 10.1814 -3.23435 0
    endloop
  endfacet
  facet normal 0.941492 0.337036 0
    outer loop
      vertex 13.6101 0.943425 1
      vertex 13.5026 1.24372 0
      vertex 13.5026 1.24372 1
    endloop
  endfacet
  facet normal 0.941492 0.337036 0
    outer loop
      vertex 13.5026 1.24372 0
      vertex 13.6101 0.943425 1
      vertex 13.6101 0.943425 0
    endloop
  endfacet
  facet normal -0.049062 0.998796 0
    outer loop
      vertex 10.5 3.25 0
      vertex 10.1814 3.23435 1
      vertex 10.5 3.25 1
    endloop
  endfacet
  facet normal -0.049062 0.998796 0
    outer loop
      vertex 10.1814 3.23435 1
      vertex 10.5 3.25 0
      vertex 10.1814 3.23435 0
    endloop
  endfacet
  facet normal 0.049062 -0.998796 0
    outer loop
      vertex 10.5 -3.25 0
      vertex 10.8186 -3.23435 1
      vertex 10.5 -3.25 1
    endloop
  endfacet
  facet normal 0.049062 -0.998796 0
    outer loop
      vertex 10.8186 -3.23435 1
      vertex 10.5 -3.25 0
      vertex 10.8186 -3.23435 0
    endloop
  endfacet
  facet normal -0.903983 -0.427567 0
    outer loop
      vertex 7.63376 -1.53204 0
      vertex 7.49739 -1.24372 1
      vertex 7.49739 -1.24372 0
    endloop
  endfacet
  facet normal -0.903983 -0.427567 0
    outer loop
      vertex 7.49739 -1.24372 1
      vertex 7.63376 -1.53204 0
      vertex 7.63376 -1.53204 1
    endloop
  endfacet
  facet normal -0.595707 -0.803202 0
    outer loop
      vertex 8.43822 -2.51228 0
      vertex 8.6944 -2.70228 1
      vertex 8.43822 -2.51228 1
    endloop
  endfacet
  facet normal -0.595707 -0.803202 -0
    outer loop
      vertex 8.6944 -2.70228 1
      vertex 8.43822 -2.51228 0
      vertex 8.6944 -2.70228 0
    endloop
  endfacet
  facet normal -0.803202 0.595707 0
    outer loop
      vertex 7.79772 1.8056 0
      vertex 7.98772 2.06178 1
      vertex 7.98772 2.06178 0
    endloop
  endfacet
  facet normal -0.803202 0.595707 0
    outer loop
      vertex 7.98772 2.06178 1
      vertex 7.79772 1.8056 0
      vertex 7.79772 1.8056 1
    endloop
  endfacet
  facet normal 0.970028 -0.242992 0
    outer loop
      vertex 13.6101 -0.943425 1
      vertex 13.6876 -0.634043 0
      vertex 13.6876 -0.634043 1
    endloop
  endfacet
  facet normal 0.970028 -0.242992 0
    outer loop
      vertex 13.6876 -0.634043 0
      vertex 13.6101 -0.943425 1
      vertex 13.6101 -0.943425 0
    endloop
  endfacet
  facet normal 0.857819 0.513952 0
    outer loop
      vertex 13.3662 1.53204 1
      vertex 13.2023 1.8056 0
      vertex 13.2023 1.8056 1
    endloop
  endfacet
  facet normal 0.857819 0.513952 0
    outer loop
      vertex 13.2023 1.8056 0
      vertex 13.3662 1.53204 1
      vertex 13.3662 1.53204 0
    endloop
  endfacet
  facet normal -0.998795 -0.0490689 0
    outer loop
      vertex 7.26565 -0.318555 0
      vertex 7.25 0 1
      vertex 7.25 0 0
    endloop
  endfacet
  facet normal -0.998795 -0.0490689 0
    outer loop
      vertex 7.25 0 1
      vertex 7.26565 -0.318555 0
      vertex 7.26565 -0.318555 1
    endloop
  endfacet
  facet normal 0.903947 0.427644 0
    outer loop
      vertex 13.5026 1.24372 1
      vertex 13.3662 1.53204 0
      vertex 13.3662 1.53204 1
    endloop
  endfacet
  facet normal 0.903947 0.427644 0
    outer loop
      vertex 13.3662 1.53204 0
      vertex 13.5026 1.24372 1
      vertex 13.5026 1.24372 0
    endloop
  endfacet
  facet normal 0.941492 -0.337036 0
    outer loop
      vertex 13.5026 -1.24372 1
      vertex 13.6101 -0.943425 0
      vertex 13.6101 -0.943425 1
    endloop
  endfacet
  facet normal 0.941492 -0.337036 0
    outer loop
      vertex 13.6101 -0.943425 0
      vertex 13.5026 -1.24372 1
      vertex 13.5026 -1.24372 0
    endloop
  endfacet
  facet normal -0.427567 -0.903983 0
    outer loop
      vertex 8.96796 -2.86624 0
      vertex 9.25628 -3.00261 1
      vertex 8.96796 -2.86624 1
    endloop
  endfacet
  facet normal -0.427567 -0.903983 -0
    outer loop
      vertex 9.25628 -3.00261 1
      vertex 8.96796 -2.86624 0
      vertex 9.25628 -3.00261 0
    endloop
  endfacet
  facet normal -0.970036 -0.242962 0
    outer loop
      vertex 7.38994 -0.943425 0
      vertex 7.31245 -0.634043 1
      vertex 7.31245 -0.634043 0
    endloop
  endfacet
  facet normal -0.970036 -0.242962 0
    outer loop
      vertex 7.31245 -0.634043 1
      vertex 7.38994 -0.943425 0
      vertex 7.38994 -0.943425 1
    endloop
  endfacet
  facet normal -0.740964 0.671545 0
    outer loop
      vertex 7.98772 2.06178 0
      vertex 8.2019 2.2981 1
      vertex 8.2019 2.2981 0
    endloop
  endfacet
  facet normal -0.740964 0.671545 0
    outer loop
      vertex 8.2019 2.2981 1
      vertex 7.98772 2.06178 0
      vertex 7.98772 2.06178 1
    endloop
  endfacet
  facet normal -0.242956 -0.970037 0
    outer loop
      vertex 9.55657 -3.11006 0
      vertex 9.86596 -3.18755 1
      vertex 9.55657 -3.11006 1
    endloop
  endfacet
  facet normal -0.242956 -0.970037 -0
    outer loop
      vertex 9.86596 -3.18755 1
      vertex 9.55657 -3.11006 0
      vertex 9.86596 -3.18755 0
    endloop
  endfacet
  facet normal -0.51409 0.857736 0
    outer loop
      vertex 8.96796 2.86624 0
      vertex 8.6944 2.70228 1
      vertex 8.96796 2.86624 1
    endloop
  endfacet
  facet normal -0.51409 0.857736 0
    outer loop
      vertex 8.6944 2.70228 1
      vertex 8.96796 2.86624 0
      vertex 8.6944 2.70228 0
    endloop
  endfacet
  facet normal 0.803202 0.595707 0
    outer loop
      vertex 13.2023 1.8056 1
      vertex 13.0123 2.06178 0
      vertex 13.0123 2.06178 1
    endloop
  endfacet
  facet normal 0.803202 0.595707 0
    outer loop
      vertex 13.0123 2.06178 0
      vertex 13.2023 1.8056 1
      vertex 13.2023 1.8056 0
    endloop
  endfacet
  facet normal -0.146758 0.989172 0
    outer loop
      vertex 10.1814 3.23435 0
      vertex 9.86596 3.18755 1
      vertex 10.1814 3.23435 1
    endloop
  endfacet
  facet normal -0.146758 0.989172 0
    outer loop
      vertex 9.86596 3.18755 1
      vertex 10.1814 3.23435 0
      vertex 9.86596 3.18755 0
    endloop
  endfacet
  facet normal 0.427592 -0.903972 0
    outer loop
      vertex 11.7437 -3.00261 0
      vertex 12.032 -2.86624 1
      vertex 11.7437 -3.00261 1
    endloop
  endfacet
  facet normal 0.427592 -0.903972 0
    outer loop
      vertex 12.032 -2.86624 1
      vertex 11.7437 -3.00261 0
      vertex 12.032 -2.86624 0
    endloop
  endfacet
  facet normal -0.671545 0.740964 0
    outer loop
      vertex 8.43822 2.51228 0
      vertex 8.2019 2.2981 1
      vertex 8.43822 2.51228 1
    endloop
  endfacet
  facet normal -0.671545 0.740964 0
    outer loop
      vertex 8.2019 2.2981 1
      vertex 8.43822 2.51228 0
      vertex 8.2019 2.2981 0
    endloop
  endfacet
  facet normal 0.857819 -0.513952 0
    outer loop
      vertex 13.2023 -1.8056 1
      vertex 13.3662 -1.53204 0
      vertex 13.3662 -1.53204 1
    endloop
  endfacet
  facet normal 0.857819 -0.513952 0
    outer loop
      vertex 13.3662 -1.53204 0
      vertex 13.2023 -1.8056 1
      vertex 13.2023 -1.8056 0
    endloop
  endfacet
  facet normal -0.595707 0.803202 0
    outer loop
      vertex 8.6944 2.70228 0
      vertex 8.43822 2.51228 1
      vertex 8.6944 2.70228 1
    endloop
  endfacet
  facet normal -0.595707 0.803202 0
    outer loop
      vertex 8.43822 2.51228 1
      vertex 8.6944 2.70228 0
      vertex 8.43822 2.51228 0
    endloop
  endfacet
  facet normal 0.336892 0.941543 -0
    outer loop
      vertex 11.7437 3.00261 0
      vertex 11.4434 3.11006 1
      vertex 11.7437 3.00261 1
    endloop
  endfacet
  facet normal 0.336892 0.941543 0
    outer loop
      vertex 11.4434 3.11006 1
      vertex 11.7437 3.00261 0
      vertex 11.4434 3.11006 0
    endloop
  endfacet
  facet normal 0.740932 0.67158 0
    outer loop
      vertex 13.0123 2.06178 1
      vertex 12.7981 2.2981 0
      vertex 12.7981 2.2981 1
    endloop
  endfacet
  facet normal 0.740932 0.67158 0
    outer loop
      vertex 12.7981 2.2981 0
      vertex 13.0123 2.06178 1
      vertex 13.0123 2.06178 0
    endloop
  endfacet
  facet normal 0.998803 -0.0489125 0
    outer loop
      vertex 13.7344 -0.318555 1
      vertex 13.75 0 0
      vertex 13.75 0 1
    endloop
  endfacet
  facet normal 0.998803 -0.0489125 0
    outer loop
      vertex 13.75 0 0
      vertex 13.7344 -0.318555 1
      vertex 13.7344 -0.318555 0
    endloop
  endfacet
  facet normal -0.941541 -0.336897 0
    outer loop
      vertex 7.49739 -1.24372 0
      vertex 7.38994 -0.943425 1
      vertex 7.38994 -0.943425 0
    endloop
  endfacet
  facet normal -0.941541 -0.336897 0
    outer loop
      vertex 7.38994 -0.943425 1
      vertex 7.49739 -1.24372 0
      vertex 7.49739 -1.24372 1
    endloop
  endfacet
  facet normal 0.514035 0.857769 -0
    outer loop
      vertex 12.3056 2.70228 0
      vertex 12.032 2.86624 1
      vertex 12.3056 2.70228 1
    endloop
  endfacet
  facet normal 0.514035 0.857769 0
    outer loop
      vertex 12.032 2.86624 1
      vertex 12.3056 2.70228 0
      vertex 12.032 2.86624 0
    endloop
  endfacet
  facet normal 0.595677 0.803224 -0
    outer loop
      vertex 12.5618 2.51228 0
      vertex 12.3056 2.70228 1
      vertex 12.5618 2.51228 1
    endloop
  endfacet
  facet normal 0.595677 0.803224 0
    outer loop
      vertex 12.3056 2.70228 1
      vertex 12.5618 2.51228 0
      vertex 12.3056 2.70228 0
    endloop
  endfacet
  facet normal 0.146776 -0.98917 0
    outer loop
      vertex 10.8186 -3.23435 0
      vertex 11.134 -3.18755 1
      vertex 10.8186 -3.23435 1
    endloop
  endfacet
  facet normal 0.146776 -0.98917 0
    outer loop
      vertex 11.134 -3.18755 1
      vertex 10.8186 -3.23435 0
      vertex 11.134 -3.18755 0
    endloop
  endfacet
  facet normal 0.740932 -0.67158 0
    outer loop
      vertex 12.7981 -2.2981 1
      vertex 13.0123 -2.06178 0
      vertex 13.0123 -2.06178 1
    endloop
  endfacet
  facet normal 0.740932 -0.67158 0
    outer loop
      vertex 13.0123 -2.06178 0
      vertex 12.7981 -2.2981 1
      vertex 12.7981 -2.2981 0
    endloop
  endfacet
  facet normal 0.803202 -0.595707 0
    outer loop
      vertex 13.0123 -2.06178 1
      vertex 13.2023 -1.8056 0
      vertex 13.2023 -1.8056 1
    endloop
  endfacet
  facet normal 0.803202 -0.595707 0
    outer loop
      vertex 13.2023 -1.8056 0
      vertex 13.0123 -2.06178 1
      vertex 13.0123 -2.06178 0
    endloop
  endfacet
  facet normal 0.242949 -0.970039 0
    outer loop
      vertex 11.134 -3.18755 0
      vertex 11.4434 -3.11006 1
      vertex 11.134 -3.18755 1
    endloop
  endfacet
  facet normal 0.242949 -0.970039 0
    outer loop
      vertex 11.4434 -3.11006 1
      vertex 11.134 -3.18755 0
      vertex 11.4434 -3.11006 0
    endloop
  endfacet
  facet normal 0.903947 -0.427644 0
    outer loop
      vertex 13.3662 -1.53204 1
      vertex 13.5026 -1.24372 0
      vertex 13.5026 -1.24372 1
    endloop
  endfacet
  facet normal 0.903947 -0.427644 0
    outer loop
      vertex 13.5026 -1.24372 0
      vertex 13.3662 -1.53204 1
      vertex 13.3662 -1.53204 0
    endloop
  endfacet
  facet normal -0.242956 0.970037 0
    outer loop
      vertex 9.86596 3.18755 0
      vertex 9.55657 3.11006 1
      vertex 9.86596 3.18755 1
    endloop
  endfacet
  facet normal -0.242956 0.970037 0
    outer loop
      vertex 9.55657 3.11006 1
      vertex 9.86596 3.18755 0
      vertex 9.55657 3.11006 0
    endloop
  endfacet
  facet normal -0.941541 0.336897 0
    outer loop
      vertex 7.38994 0.943425 0
      vertex 7.49739 1.24372 1
      vertex 7.49739 1.24372 0
    endloop
  endfacet
  facet normal -0.941541 0.336897 0
    outer loop
      vertex 7.49739 1.24372 1
      vertex 7.38994 0.943425 0
      vertex 7.38994 0.943425 1
    endloop
  endfacet
  facet normal -0.427567 0.903983 0
    outer loop
      vertex 9.25628 3.00261 0
      vertex 8.96796 2.86624 1
      vertex 9.25628 3.00261 1
    endloop
  endfacet
  facet normal -0.427567 0.903983 0
    outer loop
      vertex 8.96796 2.86624 1
      vertex 9.25628 3.00261 0
      vertex 8.96796 2.86624 0
    endloop
  endfacet
  facet normal -0.989176 0.146736 0
    outer loop
      vertex 7.26565 0.318555 0
      vertex 7.31245 0.634043 1
      vertex 7.31245 0.634043 0
    endloop
  endfacet
  facet normal -0.989176 0.146736 0
    outer loop
      vertex 7.31245 0.634043 1
      vertex 7.26565 0.318555 0
      vertex 7.26565 0.318555 1
    endloop
  endfacet
  facet normal -0.970036 0.242962 0
    outer loop
      vertex 7.31245 0.634043 0
      vertex 7.38994 0.943425 1
      vertex 7.38994 0.943425 0
    endloop
  endfacet
  facet normal -0.970036 0.242962 0
    outer loop
      vertex 7.38994 0.943425 1
      vertex 7.31245 0.634043 0
      vertex 7.31245 0.634043 1
    endloop
  endfacet
  facet normal 0.427592 0.903972 -0
    outer loop
      vertex 12.032 2.86624 0
      vertex 11.7437 3.00261 1
      vertex 12.032 2.86624 1
    endloop
  endfacet
  facet normal 0.427592 0.903972 0
    outer loop
      vertex 11.7437 3.00261 1
      vertex 12.032 2.86624 0
      vertex 11.7437 3.00261 0
    endloop
  endfacet
  facet normal 0 0 -1
    outer loop
      vertex 13.7344 -0.318555 0
      vertex 13.7344 0.318555 0
      vertex 13.75 0 0
    endloop
  endfacet
  facet normal 0 0 -1
    outer loop
      vertex 13.6876 -0.634043 0
      vertex 13.7344 0.318555 0
      vertex 13.7344 -0.318555 0
    endloop
  endfacet
  facet normal 0 0 -1
    outer loop
      vertex 13.6876 -0.634043 0
      vertex 13.6876 0.634043 0
      vertex 13.7344 0.318555 0
    endloop
  endfacet
  facet normal 0 0 -1
    outer loop
      vertex 13.6101 -0.943425 0
      vertex 13.6876 0.634043 0
      vertex 13.6876 -0.634043 0
    endloop
  endfacet
  facet normal 0 0 -1
    outer loop
      vertex 13.6101 -0.943425 0
      vertex 13.6101 0.943425 0
      vertex 13.6876 0.634043 0
    endloop
  endfacet
  facet normal 0 0 -1
    outer loop
      vertex 13.5026 -1.24372 0
      vertex 13.6101 0.943425 0
      vertex 13.6101 -0.943425 0
    endloop
  endfacet
  facet normal 0 0 -1
    outer loop
      vertex 13.5026 -1.24372 0
      vertex 13.5026 1.24372 0
      vertex 13.6101 0.943425 0
    endloop
  endfacet
  facet normal 0 0 -1
    outer loop
      vertex 13.3662 -1.53204 0
      vertex 13.5026 1.24372 0
      vertex 13.5026 -1.24372 0
    endloop
  endfacet
  facet normal 0 0 -1
    outer loop
      vertex 13.3662 -1.53204 0
      vertex 13.3662 1.53204 0
      vertex 13.5026 1.24372 0
    endloop
  endfacet
  facet normal 0 0 -1
    outer loop
      vertex 13.2023 -1.8056 0
      vertex 13.3662 1.53204 0
      vertex 13.3662 -1.53204 0
    endloop
  endfacet
  facet normal 0 0 -1
    outer loop
      vertex 13.2023 -1.8056 0
      vertex 13.2023 1.8056 0
      vertex 13.3662 1.53204 0
    endloop
  endfacet
  facet normal 0 0 -1
    outer loop
      vertex 13.0123 -2.06178 0
      vertex 13.2023 1.8056 0
      vertex 13.2023 -1.8056 0
    endloop
  endfacet
  facet normal 0 0 -1
    outer loop
      vertex 13.0123 -2.06178 0
      vertex 13.0123 2.06178 0
      vertex 13.2023 1.8056 0
    endloop
  endfacet
  facet normal 0 0 -1
    outer loop
      vertex 12.7981 -2.2981 0
      vertex 13.0123 2.06178 0
      vertex 13.0123 -2.06178 0
    endloop
  endfacet
  facet normal 0 0 -1
    outer loop
      vertex 12.7981 -2.2981 0
      vertex 12.7981 2.2981 0
      vertex 13.0123 2.06178 0
    endloop
  endfacet
  facet normal 0 0 -1
    outer loop
      vertex 12.5618 -2.51228 0
      vertex 12.7981 2.2981 0
      vertex 12.7981 -2.2981 0
    endloop
  endfacet
  facet normal 0 0 -1
    outer loop
      vertex 12.5618 -2.51228 0
      vertex 12.5618 2.51228 0
      vertex 12.7981 2.2981 0
    endloop
  endfacet
  facet normal 0 0 -1
    outer loop
      vertex 12.3056 -2.70228 0
      vertex 12.5618 2.51228 0
      vertex 12.5618 -2.51228 0
    endloop
  endfacet
  facet normal 0 0 -1
    outer loop
      vertex 12.3056 -2.70228 0
      vertex 12.3056 2.70228 0
      vertex 12.5618 2.51228 0
    endloop
  endfacet
  facet normal 0 0 -1
    outer loop
      vertex 12.032 -2.86624 0
      vertex 12.3056 2.70228 0
      vertex 12.3056 -2.70228 0
    endloop
  endfacet
  facet normal 0 0 -1
    outer loop
      vertex 12.032 -2.86624 0
      vertex 12.032 2.86624 0
      vertex 12.3056 2.70228 0
    endloop
  endfacet
  facet normal 0 0 -1
    outer loop
      vertex 11.7437 -3.00261 0
      vertex 12.032 2.86624 0
      vertex 12.032 -2.86624 0
    endloop
  endfacet
  facet normal 0 0 -1
    outer loop
      vertex 11.7437 -3.00261 0
      vertex 11.7437 3.00261 0
      vertex 12.032 2.86624 0
    endloop
  endfacet
  facet normal 0 0 -1
    outer loop
      vertex 11.4434 -3.11006 0
      vertex 11.7437 3.00261 0
      vertex 11.7437 -3.00261 0
    endloop
  endfacet
  facet normal 0 0 -1
    outer loop
      vertex 11.4434 -3.11006 0
      vertex 11.4434 3.11006 0
      vertex 11.7437 3.00261 0
    endloop
  endfacet
  facet normal 0 0 -1
    outer loop
      vertex 11.134 -3.18755 0
      vertex 11.4434 3.11006 0
      vertex 11.4434 -3.11006 0
    endloop
  endfacet
  facet normal 0 0 -1
    outer loop
      vertex 11.134 -3.18755 0
      vertex 11.134 3.18755 0
      vertex 11.4434 3.11006 0
    endloop
  endfacet
  facet normal 0 0 -1
    outer loop
      vertex 10.8186 -3.23435 0
      vertex 11.134 3.18755 0
      vertex 11.134 -3.18755 0
    endloop
  endfacet
  facet normal 0 0 -1
    outer loop
      vertex 10.8186 -3.23435 0
      vertex 10.8186 3.23435 0
      vertex 11.134 3.18755 0
    endloop
  endfacet
  facet normal 0 0 -1
    outer loop
      vertex 10.5 -3.25 0
      vertex 10.8186 3.23435 0
      vertex 10.8186 -3.23435 0
    endloop
  endfacet
  facet normal 0 0 -1
    outer loop
      vertex 10.5 -3.25 0
      vertex 10.5 3.25 0
      vertex 10.8186 3.23435 0
    endloop
  endfacet
  facet normal 0 0 -1
    outer loop
      vertex 10.1814 -3.23435 0
      vertex 10.5 3.25 0
      vertex 10.5 -3.25 0
    endloop
  endfacet
  facet normal 0 0 -1
    outer loop
      vertex 10.1814 -3.23435 0
      vertex 10.1814 3.23435 0
      vertex 10.5 3.25 0
    endloop
  endfacet
  facet normal 0 0 -1
    outer loop
      vertex 9.86596 -3.18755 0
      vertex 10.1814 3.23435 0
      vertex 10.1814 -3.23435 0
    endloop
  endfacet
  facet normal 0 0 -1
    outer loop
      vertex 9.86596 -3.18755 0
      vertex 9.86596 3.18755 0
      vertex 10.1814 3.23435 0
    endloop
  endfacet
  facet normal 0 0 -1
    outer loop
      vertex 9.55657 -3.11006 0
      vertex 9.86596 3.18755 0
      vertex 9.86596 -3.18755 0
    endloop
  endfacet
  facet normal 0 0 -1
    outer loop
      vertex 9.55657 -3.11006 0
      vertex 9.55657 3.11006 0
      vertex 9.86596 3.18755 0
    endloop
  endfacet
  facet normal 0 0 -1
    outer loop
      vertex 9.25628 -3.00261 0
      vertex 9.55657 3.11006 0
      vertex 9.55657 -3.11006 0
    endloop
  endfacet
  facet normal 0 0 -1
    outer loop
      vertex 9.25628 -3.00261 0
      vertex 9.25628 3.00261 0
      vertex 9.55657 3.11006 0
    endloop
  endfacet
  facet normal 0 0 -1
    outer loop
      vertex 8.96796 -2.86624 0
      vertex 9.25628 3.00261 0
      vertex 9.25628 -3.00261 0
    endloop
  endfacet
  facet normal 0 0 -1
    outer loop
      vertex 8.96796 -2.86624 0
      vertex 8.96796 2.86624 0
      vertex 9.25628 3.00261 0
    endloop
  endfacet
  facet normal 0 0 -1
    outer loop
      vertex 8.6944 -2.70228 0
      vertex 8.96796 2.86624 0
      vertex 8.96796 -2.86624 0
    endloop
  endfacet
  facet normal 0 0 -1
    outer loop
      vertex 8.6944 -2.70228 0
      vertex 8.6944 2.70228 0
      vertex 8.96796 2.86624 0
    endloop
  endfacet
  facet normal 0 0 -1
    outer loop
      vertex 8.43822 -2.51228 0
      vertex 8.6944 2.70228 0
      vertex 8.6944 -2.70228 0
    endloop
  endfacet
  facet normal 0 0 -1
    outer loop
      vertex 8.43822 -2.51228 0
      vertex 8.43822 2.51228 0
      vertex 8.6944 2.70228 0
    endloop
  endfacet
  facet normal 0 0 -1
    outer loop
      vertex 8.2019 -2.2981 0
      vertex 8.43822 2.51228 0
      vertex 8.43822 -2.51228 0
    endloop
  endfacet
  facet normal 0 0 -1
    outer loop
      vertex 8.2019 -2.2981 0
      vertex 8.2019 2.2981 0
      vertex 8.43822 2.51228 0
    endloop
  endfacet
  facet normal 0 0 -1
    outer loop
      vertex 7.98772 -2.06178 0
      vertex 8.2019 2.2981 0
      vertex 8.2019 -2.2981 0
    endloop
  endfacet
  facet normal 0 0 -1
    outer loop
      vertex 7.98772 -2.06178 0
      vertex 7.98772 2.06178 0
      vertex 8.2019 2.2981 0
    endloop
  endfacet
  facet normal 0 0 -1
    outer loop
      vertex 7.79772 -1.8056 0
      vertex 7.98772 2.06178 0
      vertex 7.98772 -2.06178 0
    endloop
  endfacet
  facet normal 0 0 -1
    outer loop
      vertex 7.79772 -1.8056 0
      vertex 7.79772 1.8056 0
      vertex 7.98772 2.06178 0
    endloop
  endfacet
  facet normal 0 0 -1
    outer loop
      vertex 7.63376 -1.53204 0
      vertex 7.79772 1.8056 0
      vertex 7.79772 -1.8056 0
    endloop
  endfacet
  facet normal 0 0 -1
    outer loop
      vertex 7.63376 -1.53204 0
      vertex 7.63376 1.53204 0
      vertex 7.79772 1.8056 0
    endloop
  endfacet
  facet normal 0 0 -1
    outer loop
      vertex 7.49739 -1.24372 0
      vertex 7.63376 1.53204 0
      vertex 7.63376 -1.53204 0
    endloop
  endfacet
  facet normal 0 0 -1
    outer loop
      vertex 7.49739 -1.24372 0
      vertex 7.49739 1.24372 0
      vertex 7.63376 1.53204 0
    endloop
  endfacet
  facet normal 0 0 -1
    outer loop
      vertex 7.38994 -0.943425 0
      vertex 7.49739 1.24372 0
      vertex 7.49739 -1.24372 0
    endloop
  endfacet
  facet normal 0 0 -1
    outer loop
      vertex 7.38994 -0.943425 0
      vertex 7.38994 0.943425 0
      vertex 7.49739 1.24372 0
    endloop
  endfacet
  facet normal 0 0 -1
    outer loop
      vertex 7.31245 -0.634043 0
      vertex 7.38994 0.943425 0
      vertex 7.38994 -0.943425 0
    endloop
  endfacet
  facet normal 0 0 -1
    outer loop
      vertex 7.31245 -0.634043 0
      vertex 7.31245 0.634043 0
      vertex 7.38994 0.943425 0
    endloop
  endfacet
  facet normal 0 0 -1
    outer loop
      vertex 7.26565 -0.318555 0
      vertex 7.31245 0.634043 0
      vertex 7.31245 -0.634043 0
    endloop
  endfacet
  facet normal 0 0 -1
    outer loop
      vertex 7.26565 -0.318555 0
      vertex 7.26565 0.318555 0
      vertex 7.31245 0.634043 0
    endloop
  endfacet
  facet normal 0 -0 -1
    outer loop
      vertex 7.26565 0.318555 0
      vertex 7.26565 -0.318555 0
      vertex 7.25 0 0
    endloop
  endfacet
  facet normal 0.989176 -0.146736 0
    outer loop
      vertex 13.6876 -0.634043 1
      vertex 13.7344 -0.318555 0
      vertex 13.7344 -0.318555 1
    endloop
  endfacet
  facet normal 0.989176 -0.146736 0
    outer loop
      vertex 13.7344 -0.318555 0
      vertex 13.6876 -0.634043 1
      vertex 13.6876 -0.634043 0
    endloop
  endfacet
  facet normal 0.146776 0.98917 -0
    outer loop
      vertex 11.134 3.18755 0
      vertex 10.8186 3.23435 1
      vertex 11.134 3.18755 1
    endloop
  endfacet
  facet normal 0.146776 0.98917 0
    outer loop
      vertex 10.8186 3.23435 1
      vertex 11.134 3.18755 0
      vertex 10.8186 3.23435 0
    endloop
  endfacet
  facet normal 0.049062 0.998796 -0
    outer loop
      vertex 10.8186 3.23435 0
      vertex 10.5 3.25 1
      vertex 10.8186 3.23435 1
    endloop
  endfacet
  facet normal 0.049062 0.998796 0
    outer loop
      vertex 10.5 3.25 1
      vertex 10.8186 3.23435 0
      vertex 10.5 3.25 0
    endloop
  endfacet
  facet normal -0.740964 -0.671545 0
    outer loop
      vertex 8.2019 -2.2981 0
      vertex 7.98772 -2.06178 1
      vertex 7.98772 -2.06178 0
    endloop
  endfacet
  facet normal -0.740964 -0.671545 0
    outer loop
      vertex 7.98772 -2.06178 1
      vertex 8.2019 -2.2981 0
      vertex 8.2019 -2.2981 1
    endloop
  endfacet
  facet normal -0.857736 -0.51409 0
    outer loop
      vertex 7.79772 -1.8056 0
      vertex 7.63376 -1.53204 1
      vertex 7.63376 -1.53204 0
    endloop
  endfacet
  facet normal -0.857736 -0.51409 0
    outer loop
      vertex 7.63376 -1.53204 1
      vertex 7.79772 -1.8056 0
      vertex 7.79772 -1.8056 1
    endloop
  endfacet
  facet normal -0.336902 0.94154 0
    outer loop
      vertex 9.55657 3.11006 0
      vertex 9.25628 3.00261 1
      vertex 9.55657 3.11006 1
    endloop
  endfacet
  facet normal -0.336902 0.94154 0
    outer loop
      vertex 9.25628 3.00261 1
      vertex 9.55657 3.11006 0
      vertex 9.25628 3.00261 0
    endloop
  endfacet
  facet normal -0.51409 -0.857736 0
    outer loop
      vertex 8.6944 -2.70228 0
      vertex 8.96796 -2.86624 1
      vertex 8.6944 -2.70228 1
    endloop
  endfacet
  facet normal -0.51409 -0.857736 -0
    outer loop
      vertex 8.96796 -2.86624 1
      vertex 8.6944 -2.70228 0
      vertex 8.96796 -2.86624 0
    endloop
  endfacet
  facet normal 0.595677 -0.803224 0
    outer loop
      vertex 12.3056 -2.70228 0
      vertex 12.5618 -2.51228 1
      vertex 12.3056 -2.70228 1
    endloop
  endfacet
  facet normal 0.595677 -0.803224 0
    outer loop
      vertex 12.5618 -2.51228 1
      vertex 12.3056 -2.70228 0
      vertex 12.5618 -2.51228 0
    endloop
  endfacet
  facet normal -0.336902 -0.94154 0
    outer loop
      vertex 9.25628 -3.00261 0
      vertex 9.55657 -3.11006 1
      vertex 9.25628 -3.00261 1
    endloop
  endfacet
  facet normal -0.336902 -0.94154 -0
    outer loop
      vertex 9.55657 -3.11006 1
      vertex 9.25628 -3.00261 0
      vertex 9.55657 -3.11006 0
    endloop
  endfacet
  facet normal -0.803202 -0.595707 0
    outer loop
      vertex 7.98772 -2.06178 0
      vertex 7.79772 -1.8056 1
      vertex 7.79772 -1.8056 0
    endloop
  endfacet
  facet normal -0.803202 -0.595707 0
    outer loop
      vertex 7.79772 -1.8056 1
      vertex 7.98772 -2.06178 0
      vertex 7.98772 -2.06178 1
    endloop
  endfacet
  facet normal -0.903983 0.427567 0
    outer loop
      vertex 7.49739 1.24372 0
      vertex 7.63376 1.53204 1
      vertex 7.63376 1.53204 0
    endloop
  endfacet
  facet normal -0.903983 0.427567 0
    outer loop
      vertex 7.63376 1.53204 1
      vertex 7.49739 1.24372 0
      vertex 7.49739 1.24372 1
    endloop
  endfacet
  facet normal -0.989176 -0.146736 0
    outer loop
      vertex 7.31245 -0.634043 0
      vertex 7.26565 -0.318555 1
      vertex 7.26565 -0.318555 0
    endloop
  endfacet
  facet normal -0.989176 -0.146736 0
    outer loop
      vertex 7.26565 -0.318555 1
      vertex 7.31245 -0.634043 0
      vertex 7.31245 -0.634043 1
    endloop
  endfacet
  facet normal 0.242949 0.970039 -0
    outer loop
      vertex 11.4434 3.11006 0
      vertex 11.134 3.18755 1
      vertex 11.4434 3.11006 1
    endloop
  endfacet
  facet normal 0.242949 0.970039 0
    outer loop
      vertex 11.134 3.18755 1
      vertex 11.4434 3.11006 0
      vertex 11.134 3.18755 0
    endloop
  endfacet
  facet normal 0.514035 -0.857769 0
    outer loop
      vertex 12.032 -2.86624 0
      vertex 12.3056 -2.70228 1
      vertex 12.032 -2.86624 1
    endloop
  endfacet
  facet normal 0.514035 -0.857769 0
    outer loop
      vertex 12.3056 -2.70228 1
      vertex 12.032 -2.86624 0
      vertex 12.3056 -2.70228 0
    endloop
  endfacet
  facet normal -0.671545 -0.740964 0
    outer loop
      vertex 8.2019 -2.2981 0
      vertex 8.43822 -2.51228 1
      vertex 8.2019 -2.2981 1
    endloop
  endfacet
  facet normal -0.671545 -0.740964 -0
    outer loop
      vertex 8.43822 -2.51228 1
      vertex 8.2019 -2.2981 0
      vertex 8.43822 -2.51228 0
    endloop
  endfacet
  facet normal -0.049062 -0.998796 0
    outer loop
      vertex 10.1814 -3.23435 0
      vertex 10.5 -3.25 1
      vertex 10.1814 -3.23435 1
    endloop
  endfacet
  facet normal -0.049062 -0.998796 -0
    outer loop
      vertex 10.5 -3.25 1
      vertex 10.1814 -3.23435 0
      vertex 10.5 -3.25 0
    endloop
  endfacet
  facet normal 0 0 1
    outer loop
      vertex 12.5 0 1
      vertex 13.75 0 1
      vertex 13.7344 0.318555 1
    endloop
  endfacet
  facet normal 0 0 1
    outer loop
      vertex 12.4904 0.196033 1
      vertex 13.7344 0.318555 1
      vertex 13.6876 0.634043 1
    endloop
  endfacet
  facet normal 0 0 1
    outer loop
      vertex 13.75 0 1
      vertex 12.5 0 1
      vertex 13.7344 -0.318555 1
    endloop
  endfacet
  facet normal 0 0 1
    outer loop
      vertex 12.4616 0.390181 1
      vertex 13.6876 0.634043 1
      vertex 13.6101 0.943425 1
    endloop
  endfacet
  facet normal -0 0 1
    outer loop
      vertex 12.4904 -0.196033 1
      vertex 13.7344 -0.318555 1
      vertex 12.5 0 1
    endloop
  endfacet
  facet normal 0 0 1
    outer loop
      vertex 12.4139 0.580569 1
      vertex 13.6101 0.943425 1
      vertex 13.5026 1.24372 1
    endloop
  endfacet
  facet normal 0 0 1
    outer loop
      vertex 13.7344 -0.318555 1
      vertex 12.4904 -0.196033 1
      vertex 13.6876 -0.634043 1
    endloop
  endfacet
  facet normal 0 0 1
    outer loop
      vertex 12.3478 0.765367 1
      vertex 13.5026 1.24372 1
      vertex 13.3662 1.53204 1
    endloop
  endfacet
  facet normal -0 0 1
    outer loop
      vertex 12.4616 -0.390181 1
      vertex 13.6876 -0.634043 1
      vertex 12.4904 -0.196033 1
    endloop
  endfacet
  facet normal 0 0 1
    outer loop
      vertex 12.2638 0.942793 1
      vertex 13.3662 1.53204 1
      vertex 13.2023 1.8056 1
    endloop
  endfacet
  facet normal 0 0 1
    outer loop
      vertex 13.6876 -0.634043 1
      vertex 12.4616 -0.390181 1
      vertex 13.6101 -0.943425 1
    endloop
  endfacet
  facet normal 0 0 1
    outer loop
      vertex 12.1629 1.11114 1
      vertex 13.2023 1.8056 1
      vertex 13.0123 2.06178 1
    endloop
  endfacet
  facet normal -0 0 1
    outer loop
      vertex 12.4139 -0.580569 1
      vertex 13.6101 -0.943425 1
      vertex 12.4616 -0.390181 1
    endloop
  endfacet
  facet normal 0 0 1
    outer loop
      vertex 12.046 1.26879 1
      vertex 13.0123 2.06178 1
      vertex 12.7981 2.2981 1
    endloop
  endfacet
  facet normal 0 0 1
    outer loop
      vertex 13.6101 -0.943425 1
      vertex 12.4139 -0.580569 1
      vertex 13.5026 -1.24372 1
    endloop
  endfacet
  facet normal 0 0 1
    outer loop
      vertex 11.9142 1.41421 1
      vertex 12.7981 2.2981 1
      vertex 12.5618 2.51228 1
    endloop
  endfacet
  facet normal -0 0 1
    outer loop
      vertex 12.3478 -0.765367 1
      vertex 13.5026 -1.24372 1
      vertex 12.4139 -0.580569 1
    endloop
  endfacet
  facet normal 0 0 1
    outer loop
      vertex 13.5026 -1.24372 1
      vertex 12.3478 -0.765367 1
      vertex 13.3662 -1.53204 1
    endloop
  endfacet
  facet normal 0 0 1
    outer loop
      vertex 13.7344 0.318555 1
      vertex 12.4904 0.196033 1
      vertex 12.5 0 1
    endloop
  endfacet
  facet normal 0 0 1
    outer loop
      vertex 13.6876 0.634043 1
      vertex 12.4616 0.390181 1
      vertex 12.4904 0.196033 1
    endloop
  endfacet
  facet normal 0 0 1
    outer loop
      vertex 13.6101 0.943425 1
      vertex 12.4139 0.580569 1
      vertex 12.4616 0.390181 1
    endloop
  endfacet
  facet normal 0 0 1
    outer loop
      vertex 13.5026 1.24372 1
      vertex 12.3478 0.765367 1
      vertex 12.4139 0.580569 1
    endloop
  endfacet
  facet normal 0 0 1
    outer loop
      vertex 11.7688 1.54602 1
      vertex 12.5618 2.51228 1
      vertex 12.3056 2.70228 1
    endloop
  endfacet
  facet normal 0 0 1
    outer loop
      vertex 13.3662 1.53204 1
      vertex 12.2638 0.942793 1
      vertex 12.3478 0.765367 1
    endloop
  endfacet
  facet normal 0 0 1
    outer loop
      vertex 13.2023 1.8056 1
      vertex 12.1629 1.11114 1
      vertex 12.2638 0.942793 1
    endloop
  endfacet
  facet normal 0 0 1
    outer loop
      vertex 13.0123 2.06178 1
      vertex 12.046 1.26879 1
      vertex 12.1629 1.11114 1
    endloop
  endfacet
  facet normal 0 0 1
    outer loop
      vertex 11.6111 1.66294 1
      vertex 12.3056 2.70228 1
      vertex 12.032 2.86624 1
    endloop
  endfacet
  facet normal 0 0 1
    outer loop
      vertex 12.7981 2.2981 1
      vertex 11.9142 1.41421 1
      vertex 12.046 1.26879 1
    endloop
  endfacet
  facet normal 0 0 1
    outer loop
      vertex 12.5618 2.51228 1
      vertex 11.7688 1.54602 1
      vertex 11.9142 1.41421 1
    endloop
  endfacet
  facet normal 0 0 1
    outer loop
      vertex 11.4428 1.76384 1
      vertex 12.032 2.86624 1
      vertex 11.7437 3.00261 1
    endloop
  endfacet
  facet normal 0 0 1
    outer loop
      vertex 12.3056 2.70228 1
      vertex 11.6111 1.66294 1
      vertex 11.7688 1.54602 1
    endloop
  endfacet
  facet normal 0 0 1
    outer loop
      vertex 11.2654 1.84776 1
      vertex 11.7437 3.00261 1
      vertex 11.4434 3.11006 1
    endloop
  endfacet
  facet normal 0 0 1
    outer loop
      vertex 12.032 2.86624 1
      vertex 11.4428 1.76384 1
      vertex 11.6111 1.66294 1
    endloop
  endfacet
  facet normal 0 0 1
    outer loop
      vertex 11.7437 3.00261 1
      vertex 11.2654 1.84776 1
      vertex 11.4428 1.76384 1
    endloop
  endfacet
  facet normal 0 0 1
    outer loop
      vertex 11.0806 1.91388 1
      vertex 11.4434 3.11006 1
      vertex 11.134 3.18755 1
    endloop
  endfacet
  facet normal 0 0 1
    outer loop
      vertex 11.4434 3.11006 1
      vertex 11.0806 1.91388 1
      vertex 11.2654 1.84776 1
    endloop
  endfacet
  facet normal 0 0 1
    outer loop
      vertex 11.134 3.18755 1
      vertex 10.8902 1.96157 1
      vertex 11.0806 1.91388 1
    endloop
  endfacet
  facet normal 0 0 1
    outer loop
      vertex 10.8186 3.23435 1
      vertex 10.8902 1.96157 1
      vertex 11.134 3.18755 1
    endloop
  endfacet
  facet normal 0 0 1
    outer loop
      vertex 10.8186 3.23435 1
      vertex 10.696 1.99037 1
      vertex 10.8902 1.96157 1
    endloop
  endfacet
  facet normal 0 0 1
    outer loop
      vertex 10.5 3.25 1
      vertex 10.696 1.99037 1
      vertex 10.8186 3.23435 1
    endloop
  endfacet
  facet normal 0 0 1
    outer loop
      vertex 10.5 3.25 1
      vertex 10.5 2 1
      vertex 10.696 1.99037 1
    endloop
  endfacet
  facet normal 0 0 1
    outer loop
      vertex 10.5 3.25 1
      vertex 10.304 1.99037 1
      vertex 10.5 2 1
    endloop
  endfacet
  facet normal -0 0 1
    outer loop
      vertex 10.1814 3.23435 1
      vertex 10.304 1.99037 1
      vertex 10.5 3.25 1
    endloop
  endfacet
  facet normal 0 0 1
    outer loop
      vertex 10.1814 3.23435 1
      vertex 10.1098 1.96157 1
      vertex 10.304 1.99037 1
    endloop
  endfacet
  facet normal -0 0 1
    outer loop
      vertex 9.86596 3.18755 1
      vertex 10.1098 1.96157 1
      vertex 10.1814 3.23435 1
    endloop
  endfacet
  facet normal 0 0 1
    outer loop
      vertex 10.1098 1.96157 1
      vertex 9.86596 3.18755 1
      vertex 9.91943 1.91388 1
    endloop
  endfacet
  facet normal -0 0 1
    outer loop
      vertex 9.55657 3.11006 1
      vertex 9.91943 1.91388 1
      vertex 9.86596 3.18755 1
    endloop
  endfacet
  facet normal 0 0 1
    outer loop
      vertex 9.91943 1.91388 1
      vertex 9.55657 3.11006 1
      vertex 9.73463 1.84776 1
    endloop
  endfacet
  facet normal -0 0 1
    outer loop
      vertex 9.25628 3.00261 1
      vertex 9.73463 1.84776 1
      vertex 9.55657 3.11006 1
    endloop
  endfacet
  facet normal 0 0 1
    outer loop
      vertex 9.73463 1.84776 1
      vertex 9.25628 3.00261 1
      vertex 9.55721 1.76384 1
    endloop
  endfacet
  facet normal -0 0 1
    outer loop
      vertex 8.96796 2.86624 1
      vertex 9.55721 1.76384 1
      vertex 9.25628 3.00261 1
    endloop
  endfacet
  facet normal 0 0 1
    outer loop
      vertex 9.55721 1.76384 1
      vertex 8.96796 2.86624 1
      vertex 9.38886 1.66294 1
    endloop
  endfacet
  facet normal -0 0 1
    outer loop
      vertex 8.6944 2.70228 1
      vertex 9.38886 1.66294 1
      vertex 8.96796 2.86624 1
    endloop
  endfacet
  facet normal 0 0 1
    outer loop
      vertex 9.38886 1.66294 1
      vertex 8.6944 2.70228 1
      vertex 9.23121 1.54602 1
    endloop
  endfacet
  facet normal -0 0 1
    outer loop
      vertex 8.43822 2.51228 1
      vertex 9.23121 1.54602 1
      vertex 8.6944 2.70228 1
    endloop
  endfacet
  facet normal 0 0 1
    outer loop
      vertex 9.23121 1.54602 1
      vertex 8.43822 2.51228 1
      vertex 9.08579 1.41421 1
    endloop
  endfacet
  facet normal -0 0 1
    outer loop
      vertex 8.2019 2.2981 1
      vertex 9.08579 1.41421 1
      vertex 8.43822 2.51228 1
    endloop
  endfacet
  facet normal 0 0 1
    outer loop
      vertex 9.08579 1.41421 1
      vertex 8.2019 2.2981 1
      vertex 8.95398 1.26879 1
    endloop
  endfacet
  facet normal -0 0 1
    outer loop
      vertex 7.98772 2.06178 1
      vertex 8.95398 1.26879 1
      vertex 8.2019 2.2981 1
    endloop
  endfacet
  facet normal 0 0 1
    outer loop
      vertex 8.95398 1.26879 1
      vertex 7.98772 2.06178 1
      vertex 8.83706 1.11114 1
    endloop
  endfacet
  facet normal -0 0 1
    outer loop
      vertex 7.79772 1.8056 1
      vertex 8.83706 1.11114 1
      vertex 7.98772 2.06178 1
    endloop
  endfacet
  facet normal 0 0 1
    outer loop
      vertex 8.83706 1.11114 1
      vertex 7.79772 1.8056 1
      vertex 8.73616 0.942793 1
    endloop
  endfacet
  facet normal 0 0 1
    outer loop
      vertex 8.73616 0.942793 1
      vertex 7.63376 1.53204 1
      vertex 8.65224 0.765367 1
    endloop
  endfacet
  facet normal -0 0 1
    outer loop
      vertex 7.63376 1.53204 1
      vertex 8.73616 0.942793 1
      vertex 7.79772 1.8056 1
    endloop
  endfacet
  facet normal -0 0 1
    outer loop
      vertex 12.2638 -0.942793 1
      vertex 13.3662 -1.53204 1
      vertex 12.3478 -0.765367 1
    endloop
  endfacet
  facet normal 0 0 1
    outer loop
      vertex 13.3662 -1.53204 1
      vertex 12.2638 -0.942793 1
      vertex 13.2023 -1.8056 1
    endloop
  endfacet
  facet normal -0 0 1
    outer loop
      vertex 12.1629 -1.11114 1
      vertex 13.2023 -1.8056 1
      vertex 12.2638 -0.942793 1
    endloop
  endfacet
  facet normal 0 0 1
    outer loop
      vertex 13.2023 -1.8056 1
      vertex 12.1629 -1.11114 1
      vertex 13.0123 -2.06178 1
    endloop
  endfacet
  facet normal -0 0 1
    outer loop
      vertex 12.046 -1.26879 1
      vertex 13.0123 -2.06178 1
      vertex 12.1629 -1.11114 1
    endloop
  endfacet
  facet normal 0 0 1
    outer loop
      vertex 13.0123 -2.06178 1
      vertex 12.046 -1.26879 1
      vertex 12.7981 -2.2981 1
    endloop
  endfacet
  facet normal -0 0 1
    outer loop
      vertex 11.9142 -1.41421 1
      vertex 12.7981 -2.2981 1
      vertex 12.046 -1.26879 1
    endloop
  endfacet
  facet normal 0 0 1
    outer loop
      vertex 12.7981 -2.2981 1
      vertex 11.9142 -1.41421 1
      vertex 12.5618 -2.51228 1
    endloop
  endfacet
  facet normal -0 0 1
    outer loop
      vertex 11.7688 -1.54602 1
      vertex 12.5618 -2.51228 1
      vertex 11.9142 -1.41421 1
    endloop
  endfacet
  facet normal 0 0 1
    outer loop
      vertex 12.5618 -2.51228 1
      vertex 11.7688 -1.54602 1
      vertex 12.3056 -2.70228 1
    endloop
  endfacet
  facet normal -0 0 1
    outer loop
      vertex 11.6111 -1.66294 1
      vertex 12.3056 -2.70228 1
      vertex 11.7688 -1.54602 1
    endloop
  endfacet
  facet normal 0 0 1
    outer loop
      vertex 12.3056 -2.70228 1
      vertex 11.6111 -1.66294 1
      vertex 12.032 -2.86624 1
    endloop
  endfacet
  facet normal -0 0 1
    outer loop
      vertex 11.4428 -1.76384 1
      vertex 12.032 -2.86624 1
      vertex 11.6111 -1.66294 1
    endloop
  endfacet
  facet normal 0 0 1
    outer loop
      vertex 12.032 -2.86624 1
      vertex 11.4428 -1.76384 1
      vertex 11.7437 -3.00261 1
    endloop
  endfacet
  facet normal -0 0 1
    outer loop
      vertex 11.2654 -1.84776 1
      vertex 11.7437 -3.00261 1
      vertex 11.4428 -1.76384 1
    endloop
  endfacet
  facet normal 0 0 1
    outer loop
      vertex 11.7437 -3.00261 1
      vertex 11.2654 -1.84776 1
      vertex 11.4434 -3.11006 1
    endloop
  endfacet
  facet normal -0 0 1
    outer loop
      vertex 11.0806 -1.91388 1
      vertex 11.4434 -3.11006 1
      vertex 11.2654 -1.84776 1
    endloop
  endfacet
  facet normal 0 0 1
    outer loop
      vertex 11.4434 -3.11006 1
      vertex 11.0806 -1.91388 1
      vertex 11.134 -3.18755 1
    endloop
  endfacet
  facet normal -0 0 1
    outer loop
      vertex 10.8902 -1.96157 1
      vertex 11.134 -3.18755 1
      vertex 11.0806 -1.91388 1
    endloop
  endfacet
  facet normal 0 0 1
    outer loop
      vertex 10.8902 -1.96157 1
      vertex 10.8186 -3.23435 1
      vertex 11.134 -3.18755 1
    endloop
  endfacet
  facet normal -0 0 1
    outer loop
      vertex 10.696 -1.99037 1
      vertex 10.8186 -3.23435 1
      vertex 10.8902 -1.96157 1
    endloop
  endfacet
  facet normal -0 0 1
    outer loop
      vertex 10.5 -2 1
      vertex 10.8186 -3.23435 1
      vertex 10.696 -1.99037 1
    endloop
  endfacet
  facet normal 0 0 1
    outer loop
      vertex 10.5 -2 1
      vertex 10.5 -3.25 1
      vertex 10.8186 -3.23435 1
    endloop
  endfacet
  facet normal 0 0 1
    outer loop
      vertex 10.304 -1.99037 1
      vertex 10.5 -3.25 1
      vertex 10.5 -2 1
    endloop
  endfacet
  facet normal 0 0 1
    outer loop
      vertex 10.304 -1.99037 1
      vertex 10.1814 -3.23435 1
      vertex 10.5 -3.25 1
    endloop
  endfacet
  facet normal 0 0 1
    outer loop
      vertex 10.1098 -1.96157 1
      vertex 10.1814 -3.23435 1
      vertex 10.304 -1.99037 1
    endloop
  endfacet
  facet normal 0 0 1
    outer loop
      vertex 9.86596 -3.18755 1
      vertex 10.1098 -1.96157 1
      vertex 9.91943 -1.91388 1
    endloop
  endfacet
  facet normal 0 0 1
    outer loop
      vertex 10.1098 -1.96157 1
      vertex 9.86596 -3.18755 1
      vertex 10.1814 -3.23435 1
    endloop
  endfacet
  facet normal 0 0 1
    outer loop
      vertex 9.55657 -3.11006 1
      vertex 9.91943 -1.91388 1
      vertex 9.73463 -1.84776 1
    endloop
  endfacet
  facet normal 0 0 1
    outer loop
      vertex 9.25628 -3.00261 1
      vertex 9.73463 -1.84776 1
      vertex 9.55721 -1.76384 1
    endloop
  endfacet
  facet normal 0 0 1
    outer loop
      vertex 9.91943 -1.91388 1
      vertex 9.55657 -3.11006 1
      vertex 9.86596 -3.18755 1
    endloop
  endfacet
  facet normal 0 0 1
    outer loop
      vertex 8.96796 -2.86624 1
      vertex 9.55721 -1.76384 1
      vertex 9.38886 -1.66294 1
    endloop
  endfacet
  facet normal 0 0 1
    outer loop
      vertex 9.73463 -1.84776 1
      vertex 9.25628 -3.00261 1
      vertex 9.55657 -3.11006 1
    endloop
  endfacet
  facet normal 0 0 1
    outer loop
      vertex 8.6944 -2.70228 1
      vertex 9.38886 -1.66294 1
      vertex 9.23121 -1.54602 1
    endloop
  endfacet
  facet normal 0 0 1
    outer loop
      vertex 8.43822 -2.51228 1
      vertex 9.23121 -1.54602 1
      vertex 9.08579 -1.41421 1
    endloop
  endfacet
  facet normal 0 0 1
    outer loop
      vertex 9.55721 -1.76384 1
      vertex 8.96796 -2.86624 1
      vertex 9.25628 -3.00261 1
    endloop
  endfacet
  facet normal 0 0 1
    outer loop
      vertex 8.2019 -2.2981 1
      vertex 9.08579 -1.41421 1
      vertex 8.95398 -1.26879 1
    endloop
  endfacet
  facet normal 0 0 1
    outer loop
      vertex 7.98772 -2.06178 1
      vertex 8.95398 -1.26879 1
      vertex 8.83706 -1.11114 1
    endloop
  endfacet
  facet normal 0 0 1
    outer loop
      vertex 7.79772 -1.8056 1
      vertex 8.83706 -1.11114 1
      vertex 8.73616 -0.942793 1
    endloop
  endfacet
  facet normal 0 0 1
    outer loop
      vertex 9.38886 -1.66294 1
      vertex 8.6944 -2.70228 1
      vertex 8.96796 -2.86624 1
    endloop
  endfacet
  facet normal 0 0 1
    outer loop
      vertex 7.63376 -1.53204 1
      vertex 8.73616 -0.942793 1
      vertex 8.65224 -0.765367 1
    endloop
  endfacet
  facet normal 0 0 1
    outer loop
      vertex 7.49739 -1.24372 1
      vertex 8.65224 -0.765367 1
      vertex 8.58612 -0.580569 1
    endloop
  endfacet
  facet normal 0 0 1
    outer loop
      vertex 7.38994 -0.943425 1
      vertex 8.58612 -0.580569 1
      vertex 8.53843 -0.390181 1
    endloop
  endfacet
  facet normal 0 0 1
    outer loop
      vertex 7.31245 -0.634043 1
      vertex 8.53843 -0.390181 1
      vertex 8.50963 -0.196033 1
    endloop
  endfacet
  facet normal 0 0 1
    outer loop
      vertex 9.23121 -1.54602 1
      vertex 8.43822 -2.51228 1
      vertex 8.6944 -2.70228 1
    endloop
  endfacet
  facet normal 0 0 1
    outer loop
      vertex 7.26565 -0.318555 1
      vertex 8.50963 -0.196033 1
      vertex 8.5 0 1
    endloop
  endfacet
  facet normal -0 0 1
    outer loop
      vertex 7.49739 1.24372 1
      vertex 8.65224 0.765367 1
      vertex 7.63376 1.53204 1
    endloop
  endfacet
  facet normal 0 0 1
    outer loop
      vertex 8.65224 0.765367 1
      vertex 7.49739 1.24372 1
      vertex 8.58612 0.580569 1
    endloop
  endfacet
  facet normal 0 0 1
    outer loop
      vertex 9.08579 -1.41421 1
      vertex 8.2019 -2.2981 1
      vertex 8.43822 -2.51228 1
    endloop
  endfacet
  facet normal -0 0 1
    outer loop
      vertex 7.38994 0.943425 1
      vertex 8.58612 0.580569 1
      vertex 7.49739 1.24372 1
    endloop
  endfacet
  facet normal 0 0 1
    outer loop
      vertex 8.95398 -1.26879 1
      vertex 7.98772 -2.06178 1
      vertex 8.2019 -2.2981 1
    endloop
  endfacet
  facet normal 0 0 1
    outer loop
      vertex 8.58612 0.580569 1
      vertex 7.38994 0.943425 1
      vertex 8.53843 0.390181 1
    endloop
  endfacet
  facet normal 0 0 1
    outer loop
      vertex 8.83706 -1.11114 1
      vertex 7.79772 -1.8056 1
      vertex 7.98772 -2.06178 1
    endloop
  endfacet
  facet normal -0 0 1
    outer loop
      vertex 7.31245 0.634043 1
      vertex 8.53843 0.390181 1
      vertex 7.38994 0.943425 1
    endloop
  endfacet
  facet normal 0 0 1
    outer loop
      vertex 8.73616 -0.942793 1
      vertex 7.63376 -1.53204 1
      vertex 7.79772 -1.8056 1
    endloop
  endfacet
  facet normal 0 0 1
    outer loop
      vertex 8.53843 0.390181 1
      vertex 7.31245 0.634043 1
      vertex 8.50963 0.196033 1
    endloop
  endfacet
  facet normal 0 0 1
    outer loop
      vertex 8.65224 -0.765367 1
      vertex 7.49739 -1.24372 1
      vertex 7.63376 -1.53204 1
    endloop
  endfacet
  facet normal -0 0 1
    outer loop
      vertex 7.26565 0.318555 1
      vertex 8.50963 0.196033 1
      vertex 7.31245 0.634043 1
    endloop
  endfacet
  facet normal 0 0 1
    outer loop
      vertex 8.58612 -0.580569 1
      vertex 7.38994 -0.943425 1
      vertex 7.49739 -1.24372 1
    endloop
  endfacet
  facet normal 0 0 1
    outer loop
      vertex 8.50963 0.196033 1
      vertex 7.26565 0.318555 1
      vertex 8.5 0 1
    endloop
  endfacet
  facet normal 0 0 1
    outer loop
      vertex 8.53843 -0.390181 1
      vertex 7.31245 -0.634043 1
      vertex 7.38994 -0.943425 1
    endloop
  endfacet
  facet normal 0 0 1
    outer loop
      vertex 7.25 0 1
      vertex 8.5 0 1
      vertex 7.26565 0.318555 1
    endloop
  endfacet
  facet normal 0 0 1
    outer loop
      vertex 8.50963 -0.196033 1
      vertex 7.26565 -0.318555 1
      vertex 7.31245 -0.634043 1
    endloop
  endfacet
  facet normal 0 0 1
    outer loop
      vertex 8.5 0 1
      vertex 7.25 0 1
      vertex 7.26565 -0.318555 1
    endloop
  endfacet
  facet normal -0.998795 0.0490689 0
    outer loop
      vertex 7.25 0 0
      vertex 7.26565 0.318555 1
      vertex 7.26565 0.318555 0
    endloop
  endfacet
  facet normal -0.998795 0.0490689 0
    outer loop
      vertex 7.26565 0.318555 1
      vertex 7.25 0 0
      vertex 7.25 0 1
    endloop
  endfacet
  facet normal 0.671576 -0.740935 0
    outer loop
      vertex 12.5618 -2.51228 0
      vertex 12.7981 -2.2981 1
      vertex 12.5618 -2.51228 1
    endloop
  endfacet
  facet normal 0.671576 -0.740935 0
    outer loop
      vertex 12.7981 -2.2981 1
      vertex 12.5618 -2.51228 0
      vertex 12.7981 -2.2981 0
    endloop
  endfacet
  facet normal 0.989176 0.146735 0
    outer loop
      vertex 12.4904 0.196033 10
      vertex 12.4616 0.390181 1
      vertex 12.4616 0.390181 10
    endloop
  endfacet
  facet normal 0.989176 0.146735 0
    outer loop
      vertex 12.4616 0.390181 1
      vertex 12.4904 0.196033 10
      vertex 12.4904 0.196033 1
    endloop
  endfacet
  facet normal 0.998803 0.0489127 0
    outer loop
      vertex 12.5 0 10
      vertex 12.4904 0.196033 1
      vertex 12.4904 0.196033 10
    endloop
  endfacet
  facet normal 0.998803 0.0489127 0
    outer loop
      vertex 12.4904 0.196033 1
      vertex 12.5 0 10
      vertex 12.5 0 1
    endloop
  endfacet
  facet normal 0.970019 0.24303 0
    outer loop
      vertex 12.4616 0.390181 10
      vertex 12.4139 0.580569 1
      vertex 12.4139 0.580569 10
    endloop
  endfacet
  facet normal 0.970019 0.24303 0
    outer loop
      vertex 12.4139 0.580569 1
      vertex 12.4616 0.390181 10
      vertex 12.4616 0.390181 1
    endloop
  endfacet
  facet normal -0.514084 -0.85774 0
    outer loop
      vertex 9.38886 -1.66294 1
      vertex 9.55721 -1.76384 10
      vertex 9.38886 -1.66294 10
    endloop
  endfacet
  facet normal -0.514084 -0.85774 -0
    outer loop
      vertex 9.55721 -1.76384 10
      vertex 9.38886 -1.66294 1
      vertex 9.55721 -1.76384 1
    endloop
  endfacet
  facet normal -0.514084 0.85774 0
    outer loop
      vertex 9.55721 1.76384 1
      vertex 9.38886 1.66294 10
      vertex 9.55721 1.76384 10
    endloop
  endfacet
  facet normal -0.514084 0.85774 0
    outer loop
      vertex 9.38886 1.66294 10
      vertex 9.55721 1.76384 1
      vertex 9.38886 1.66294 1
    endloop
  endfacet
  facet normal -0.941547 0.336882 0
    outer loop
      vertex 8.58612 0.580569 1
      vertex 8.65224 0.765367 10
      vertex 8.65224 0.765367 1
    endloop
  endfacet
  facet normal -0.941547 0.336882 0
    outer loop
      vertex 8.65224 0.765367 10
      vertex 8.58612 0.580569 1
      vertex 8.58612 0.580569 10
    endloop
  endfacet
  facet normal 0.336879 0.941548 -0
    outer loop
      vertex 11.2654 1.84776 1
      vertex 11.0806 1.91388 10
      vertex 11.2654 1.84776 10
    endloop
  endfacet
  facet normal 0.336879 0.941548 0
    outer loop
      vertex 11.0806 1.91388 10
      vertex 11.2654 1.84776 1
      vertex 11.0806 1.91388 1
    endloop
  endfacet
  facet normal -0.941547 -0.336882 0
    outer loop
      vertex 8.65224 -0.765367 1
      vertex 8.58612 -0.580569 10
      vertex 8.58612 -0.580569 1
    endloop
  endfacet
  facet normal -0.941547 -0.336882 0
    outer loop
      vertex 8.58612 -0.580569 10
      vertex 8.65224 -0.765367 1
      vertex 8.65224 -0.765367 10
    endloop
  endfacet
  facet normal -0.146696 0.989182 0
    outer loop
      vertex 10.304 1.99037 1
      vertex 10.1098 1.96157 10
      vertex 10.304 1.99037 10
    endloop
  endfacet
  facet normal -0.146696 0.989182 0
    outer loop
      vertex 10.1098 1.96157 10
      vertex 10.304 1.99037 1
      vertex 10.1098 1.96157 1
    endloop
  endfacet
  facet normal 0.146696 -0.989182 0
    outer loop
      vertex 10.696 -1.99037 1
      vertex 10.8902 -1.96157 10
      vertex 10.696 -1.99037 10
    endloop
  endfacet
  facet normal 0.146696 -0.989182 0
    outer loop
      vertex 10.8902 -1.96157 10
      vertex 10.696 -1.99037 1
      vertex 10.8902 -1.96157 1
    endloop
  endfacet
  facet normal -0.740928 0.671584 0
    outer loop
      vertex 8.95398 1.26879 1
      vertex 9.08579 1.41421 10
      vertex 9.08579 1.41421 1
    endloop
  endfacet
  facet normal -0.740928 0.671584 0
    outer loop
      vertex 9.08579 1.41421 10
      vertex 8.95398 1.26879 1
      vertex 8.95398 1.26879 10
    endloop
  endfacet
  facet normal 0.427622 -0.903958 0
    outer loop
      vertex 11.2654 -1.84776 1
      vertex 11.4428 -1.76384 10
      vertex 11.2654 -1.84776 10
    endloop
  endfacet
  facet normal 0.427622 -0.903958 0
    outer loop
      vertex 11.4428 -1.76384 10
      vertex 11.2654 -1.84776 1
      vertex 11.4428 -1.76384 1
    endloop
  endfacet
  facet normal 0.803259 -0.59563 0
    outer loop
      vertex 12.046 -1.26879 10
      vertex 12.1629 -1.11114 1
      vertex 12.1629 -1.11114 10
    endloop
  endfacet
  facet normal 0.803259 -0.59563 0
    outer loop
      vertex 12.1629 -1.11114 1
      vertex 12.046 -1.26879 10
      vertex 12.046 -1.26879 1
    endloop
  endfacet
  facet normal 0.336879 -0.941548 0
    outer loop
      vertex 11.0806 -1.91388 1
      vertex 11.2654 -1.84776 10
      vertex 11.0806 -1.91388 10
    endloop
  endfacet
  facet normal 0.336879 -0.941548 0
    outer loop
      vertex 11.2654 -1.84776 10
      vertex 11.0806 -1.91388 1
      vertex 11.2654 -1.84776 1
    endloop
  endfacet
  facet normal 0.989176 -0.146735 0
    outer loop
      vertex 12.4616 -0.390181 10
      vertex 12.4904 -0.196033 1
      vertex 12.4904 -0.196033 10
    endloop
  endfacet
  facet normal 0.989176 -0.146735 0
    outer loop
      vertex 12.4904 -0.196033 1
      vertex 12.4616 -0.390181 10
      vertex 12.4616 -0.390181 1
    endloop
  endfacet
  facet normal 0.671635 -0.740882 0
    outer loop
      vertex 11.7688 -1.54602 1
      vertex 11.9142 -1.41421 10
      vertex 11.7688 -1.54602 10
    endloop
  endfacet
  facet normal 0.671635 -0.740882 0
    outer loop
      vertex 11.9142 -1.41421 10
      vertex 11.7688 -1.54602 1
      vertex 11.9142 -1.41421 1
    endloop
  endfacet
  facet normal 0.0490735 0.998795 -0
    outer loop
      vertex 10.696 1.99037 1
      vertex 10.5 2 10
      vertex 10.696 1.99037 10
    endloop
  endfacet
  facet normal 0.0490735 0.998795 0
    outer loop
      vertex 10.5 2 10
      vertex 10.696 1.99037 1
      vertex 10.5 2 1
    endloop
  endfacet
  facet normal 0.427622 0.903958 -0
    outer loop
      vertex 11.4428 1.76384 1
      vertex 11.2654 1.84776 10
      vertex 11.4428 1.76384 10
    endloop
  endfacet
  facet normal 0.427622 0.903958 0
    outer loop
      vertex 11.2654 1.84776 10
      vertex 11.4428 1.76384 1
      vertex 11.2654 1.84776 1
    endloop
  endfacet
  facet normal -0.427583 0.903976 0
    outer loop
      vertex 9.73463 1.84776 1
      vertex 9.55721 1.76384 10
      vertex 9.73463 1.84776 10
    endloop
  endfacet
  facet normal -0.427583 0.903976 0
    outer loop
      vertex 9.55721 1.76384 10
      vertex 9.73463 1.84776 1
      vertex 9.55721 1.76384 1
    endloop
  endfacet
  facet normal -0.857736 -0.51409 0
    outer loop
      vertex 8.83706 -1.11114 1
      vertex 8.73616 -0.942793 10
      vertex 8.73616 -0.942793 1
    endloop
  endfacet
  facet normal -0.857736 -0.51409 0
    outer loop
      vertex 8.73616 -0.942793 10
      vertex 8.83706 -1.11114 1
      vertex 8.83706 -1.11114 10
    endloop
  endfacet
  facet normal -0.243003 -0.970025 0
    outer loop
      vertex 9.91943 -1.91388 1
      vertex 10.1098 -1.96157 10
      vertex 9.91943 -1.91388 10
    endloop
  endfacet
  facet normal -0.243003 -0.970025 -0
    outer loop
      vertex 10.1098 -1.96157 10
      vertex 9.91943 -1.91388 1
      vertex 10.1098 -1.96157 1
    endloop
  endfacet
  facet normal 0.740954 -0.671556 0
    outer loop
      vertex 11.9142 -1.41421 10
      vertex 12.046 -1.26879 1
      vertex 12.046 -1.26879 10
    endloop
  endfacet
  facet normal 0.740954 -0.671556 0
    outer loop
      vertex 12.046 -1.26879 1
      vertex 11.9142 -1.41421 10
      vertex 11.9142 -1.41421 1
    endloop
  endfacet
  facet normal -0.970031 -0.242982 0
    outer loop
      vertex 8.58612 -0.580569 1
      vertex 8.53843 -0.390181 10
      vertex 8.53843 -0.390181 1
    endloop
  endfacet
  facet normal -0.970031 -0.242982 0
    outer loop
      vertex 8.53843 -0.390181 10
      vertex 8.58612 -0.580569 1
      vertex 8.58612 -0.580569 10
    endloop
  endfacet
  facet normal -0.671584 -0.740928 0
    outer loop
      vertex 9.08579 -1.41421 1
      vertex 9.23121 -1.54602 10
      vertex 9.08579 -1.41421 10
    endloop
  endfacet
  facet normal -0.671584 -0.740928 -0
    outer loop
      vertex 9.23121 -1.54602 10
      vertex 9.08579 -1.41421 1
      vertex 9.23121 -1.54602 1
    endloop
  endfacet
  facet normal 0.970019 -0.24303 0
    outer loop
      vertex 12.4139 -0.580569 10
      vertex 12.4616 -0.390181 1
      vertex 12.4616 -0.390181 10
    endloop
  endfacet
  facet normal 0.970019 -0.24303 0
    outer loop
      vertex 12.4616 -0.390181 1
      vertex 12.4139 -0.580569 10
      vertex 12.4139 -0.580569 1
    endloop
  endfacet
  facet normal -0.336879 0.941548 0
    outer loop
      vertex 9.91943 1.91388 1
      vertex 9.73463 1.84776 10
      vertex 9.91943 1.91388 10
    endloop
  endfacet
  facet normal -0.336879 0.941548 0
    outer loop
      vertex 9.73463 1.84776 10
      vertex 9.91943 1.91388 1
      vertex 9.73463 1.84776 1
    endloop
  endfacet
  facet normal -0.595695 0.80321 0
    outer loop
      vertex 9.38886 1.66294 1
      vertex 9.23121 1.54602 10
      vertex 9.38886 1.66294 10
    endloop
  endfacet
  facet normal -0.595695 0.80321 0
    outer loop
      vertex 9.23121 1.54602 10
      vertex 9.38886 1.66294 1
      vertex 9.23121 1.54602 1
    endloop
  endfacet
  facet normal 0.242967 -0.970035 0
    outer loop
      vertex 10.8902 -1.96157 1
      vertex 11.0806 -1.91388 10
      vertex 10.8902 -1.96157 10
    endloop
  endfacet
  facet normal 0.242967 -0.970035 0
    outer loop
      vertex 11.0806 -1.91388 10
      vertex 10.8902 -1.96157 1
      vertex 11.0806 -1.91388 1
    endloop
  endfacet
  facet normal -0.243003 0.970025 0
    outer loop
      vertex 10.1098 1.96157 1
      vertex 9.91943 1.91388 10
      vertex 10.1098 1.96157 10
    endloop
  endfacet
  facet normal -0.243003 0.970025 0
    outer loop
      vertex 9.91943 1.91388 10
      vertex 10.1098 1.96157 1
      vertex 9.91943 1.91388 1
    endloop
  endfacet
  facet normal 0.803259 0.59563 0
    outer loop
      vertex 12.1629 1.11114 10
      vertex 12.046 1.26879 1
      vertex 12.046 1.26879 10
    endloop
  endfacet
  facet normal 0.803259 0.59563 0
    outer loop
      vertex 12.046 1.26879 1
      vertex 12.1629 1.11114 10
      vertex 12.1629 1.11114 1
    endloop
  endfacet
  facet normal -0.857736 0.51409 0
    outer loop
      vertex 8.73616 0.942793 1
      vertex 8.83706 1.11114 10
      vertex 8.83706 1.11114 1
    endloop
  endfacet
  facet normal -0.857736 0.51409 0
    outer loop
      vertex 8.83706 1.11114 10
      vertex 8.73616 0.942793 1
      vertex 8.73616 0.942793 10
    endloop
  endfacet
  facet normal 0 0 1
    outer loop
      vertex 12.8387 0.23034 10.6
      vertex 12.8387 -0.23034 10.6
      vertex 12.85 0 10.6
    endloop
  endfacet
  facet normal 0 0 1
    outer loop
      vertex 12.8048 0.458462 10.6
      vertex 12.8387 -0.23034 10.6
      vertex 12.8387 0.23034 10.6
    endloop
  endfacet
  facet normal 0 0 1
    outer loop
      vertex 12.8048 0.458462 10.6
      vertex 12.8048 -0.458462 10.6
      vertex 12.8387 -0.23034 10.6
    endloop
  endfacet
  facet normal 0 0 1
    outer loop
      vertex 12.7488 0.682169 10.6
      vertex 12.8048 -0.458462 10.6
      vertex 12.8048 0.458462 10.6
    endloop
  endfacet
  facet normal 0 0 1
    outer loop
      vertex 12.7488 0.682169 10.6
      vertex 12.7488 -0.682169 10.6
      vertex 12.8048 -0.458462 10.6
    endloop
  endfacet
  facet normal 0 0 1
    outer loop
      vertex 12.6711 0.899305 10.6
      vertex 12.7488 -0.682169 10.6
      vertex 12.7488 0.682169 10.6
    endloop
  endfacet
  facet normal 0 0 1
    outer loop
      vertex 12.6711 0.899305 10.6
      vertex 12.6711 -0.899305 10.6
      vertex 12.7488 -0.682169 10.6
    endloop
  endfacet
  facet normal 0 0 1
    outer loop
      vertex 12.5725 1.10778 10.6
      vertex 12.6711 -0.899305 10.6
      vertex 12.6711 0.899305 10.6
    endloop
  endfacet
  facet normal 0 0 1
    outer loop
      vertex 12.5725 1.10778 10.6
      vertex 12.5725 -1.10778 10.6
      vertex 12.6711 -0.899305 10.6
    endloop
  endfacet
  facet normal 0 0 1
    outer loop
      vertex 12.454 1.30559 10.6
      vertex 12.5725 -1.10778 10.6
      vertex 12.5725 1.10778 10.6
    endloop
  endfacet
  facet normal 0 0 1
    outer loop
      vertex 12.454 1.30559 10.6
      vertex 12.454 -1.30559 10.6
      vertex 12.5725 -1.10778 10.6
    endloop
  endfacet
  facet normal 0 0 1
    outer loop
      vertex 12.3166 1.49082 10.6
      vertex 12.454 -1.30559 10.6
      vertex 12.454 1.30559 10.6
    endloop
  endfacet
  facet normal 0 0 1
    outer loop
      vertex 12.3166 1.49082 10.6
      vertex 12.3166 -1.49082 10.6
      vertex 12.454 -1.30559 10.6
    endloop
  endfacet
  facet normal 0 0 1
    outer loop
      vertex 12.1617 1.6617 10.6
      vertex 12.3166 -1.49082 10.6
      vertex 12.3166 1.49082 10.6
    endloop
  endfacet
  facet normal 0 0 1
    outer loop
      vertex 12.1617 1.6617 10.6
      vertex 12.1617 -1.6617 10.6
      vertex 12.3166 -1.49082 10.6
    endloop
  endfacet
  facet normal 0 0 1
    outer loop
      vertex 11.9908 1.81657 10.6
      vertex 12.1617 -1.6617 10.6
      vertex 12.1617 1.6617 10.6
    endloop
  endfacet
  facet normal 0 0 1
    outer loop
      vertex 11.9908 1.81657 10.6
      vertex 11.9908 -1.81657 10.6
      vertex 12.1617 -1.6617 10.6
    endloop
  endfacet
  facet normal 0 0 1
    outer loop
      vertex 11.8056 1.95395 10.6
      vertex 11.9908 -1.81657 10.6
      vertex 11.9908 1.81657 10.6
    endloop
  endfacet
  facet normal 0 0 1
    outer loop
      vertex 11.8056 1.95395 10.6
      vertex 11.8056 -1.95395 10.6
      vertex 11.9908 -1.81657 10.6
    endloop
  endfacet
  facet normal 0 0 1
    outer loop
      vertex 11.6078 2.07251 10.6
      vertex 11.8056 -1.95395 10.6
      vertex 11.8056 1.95395 10.6
    endloop
  endfacet
  facet normal 0 0 1
    outer loop
      vertex 11.6078 2.07251 10.6
      vertex 11.6078 -2.07251 10.6
      vertex 11.8056 -1.95395 10.6
    endloop
  endfacet
  facet normal 0 0 1
    outer loop
      vertex 11.3993 2.17112 10.6
      vertex 11.6078 -2.07251 10.6
      vertex 11.6078 2.07251 10.6
    endloop
  endfacet
  facet normal 0 0 1
    outer loop
      vertex 11.3993 2.17112 10.6
      vertex 11.3993 -2.17112 10.6
      vertex 11.6078 -2.07251 10.6
    endloop
  endfacet
  facet normal 0 0 1
    outer loop
      vertex 11.1822 2.24881 10.6
      vertex 11.3993 -2.17112 10.6
      vertex 11.3993 2.17112 10.6
    endloop
  endfacet
  facet normal 0 0 1
    outer loop
      vertex 11.1822 2.24881 10.6
      vertex 11.1822 -2.24881 10.6
      vertex 11.3993 -2.17112 10.6
    endloop
  endfacet
  facet normal 0 0 1
    outer loop
      vertex 10.9585 2.30484 10.6
      vertex 11.1822 -2.24881 10.6
      vertex 11.1822 2.24881 10.6
    endloop
  endfacet
  facet normal 0 0 1
    outer loop
      vertex 10.9585 2.30484 10.6
      vertex 10.9585 -2.30484 10.6
      vertex 11.1822 -2.24881 10.6
    endloop
  endfacet
  facet normal 0 0 1
    outer loop
      vertex 10.7303 2.33868 10.6
      vertex 10.9585 -2.30484 10.6
      vertex 10.9585 2.30484 10.6
    endloop
  endfacet
  facet normal 0 0 1
    outer loop
      vertex 10.7303 2.33868 10.6
      vertex 10.7303 -2.33868 10.6
      vertex 10.9585 -2.30484 10.6
    endloop
  endfacet
  facet normal 0 0 1
    outer loop
      vertex 10.5 2.35 10.6
      vertex 10.7303 -2.33868 10.6
      vertex 10.7303 2.33868 10.6
    endloop
  endfacet
  facet normal 0 0 1
    outer loop
      vertex 10.5 2.35 10.6
      vertex 10.5 -2.35 10.6
      vertex 10.7303 -2.33868 10.6
    endloop
  endfacet
  facet normal -0 0 1
    outer loop
      vertex 10.2697 2.33868 10.6
      vertex 10.5 -2.35 10.6
      vertex 10.5 2.35 10.6
    endloop
  endfacet
  facet normal 0 0 1
    outer loop
      vertex 10.2697 2.33868 10.6
      vertex 10.2697 -2.33868 10.6
      vertex 10.5 -2.35 10.6
    endloop
  endfacet
  facet normal -0 0 1
    outer loop
      vertex 10.0415 2.30484 10.6
      vertex 10.2697 -2.33868 10.6
      vertex 10.2697 2.33868 10.6
    endloop
  endfacet
  facet normal 0 0 1
    outer loop
      vertex 10.0415 2.30484 10.6
      vertex 10.0415 -2.30484 10.6
      vertex 10.2697 -2.33868 10.6
    endloop
  endfacet
  facet normal -0 0 1
    outer loop
      vertex 9.81783 2.24881 10.6
      vertex 10.0415 -2.30484 10.6
      vertex 10.0415 2.30484 10.6
    endloop
  endfacet
  facet normal 0 0 1
    outer loop
      vertex 9.81783 2.24881 10.6
      vertex 9.81783 -2.24881 10.6
      vertex 10.0415 -2.30484 10.6
    endloop
  endfacet
  facet normal -0 0 1
    outer loop
      vertex 9.60069 2.17112 10.6
      vertex 9.81783 -2.24881 10.6
      vertex 9.81783 2.24881 10.6
    endloop
  endfacet
  facet normal 0 0 1
    outer loop
      vertex 9.60069 2.17112 10.6
      vertex 9.60069 -2.17112 10.6
      vertex 9.81783 -2.24881 10.6
    endloop
  endfacet
  facet normal -0 0 1
    outer loop
      vertex 9.39222 2.07251 10.6
      vertex 9.60069 -2.17112 10.6
      vertex 9.60069 2.17112 10.6
    endloop
  endfacet
  facet normal 0 0 1
    outer loop
      vertex 9.39222 2.07251 10.6
      vertex 9.39222 -2.07251 10.6
      vertex 9.60069 -2.17112 10.6
    endloop
  endfacet
  facet normal -0 0 1
    outer loop
      vertex 9.19441 1.95395 10.6
      vertex 9.39222 -2.07251 10.6
      vertex 9.39222 2.07251 10.6
    endloop
  endfacet
  facet normal 0 0 1
    outer loop
      vertex 9.19441 1.95395 10.6
      vertex 9.19441 -1.95395 10.6
      vertex 9.39222 -2.07251 10.6
    endloop
  endfacet
  facet normal -0 0 1
    outer loop
      vertex 9.00918 1.81657 10.6
      vertex 9.19441 -1.95395 10.6
      vertex 9.19441 1.95395 10.6
    endloop
  endfacet
  facet normal 0 0 1
    outer loop
      vertex 9.00918 1.81657 10.6
      vertex 9.00918 -1.81657 10.6
      vertex 9.19441 -1.95395 10.6
    endloop
  endfacet
  facet normal -0 0 1
    outer loop
      vertex 8.8383 1.6617 10.6
      vertex 9.00918 -1.81657 10.6
      vertex 9.00918 1.81657 10.6
    endloop
  endfacet
  facet normal 0 0 1
    outer loop
      vertex 8.8383 1.6617 10.6
      vertex 8.8383 -1.6617 10.6
      vertex 9.00918 -1.81657 10.6
    endloop
  endfacet
  facet normal -0 0 1
    outer loop
      vertex 8.68343 1.49082 10.6
      vertex 8.8383 -1.6617 10.6
      vertex 8.8383 1.6617 10.6
    endloop
  endfacet
  facet normal 0 0 1
    outer loop
      vertex 8.68343 1.49082 10.6
      vertex 8.68343 -1.49082 10.6
      vertex 8.8383 -1.6617 10.6
    endloop
  endfacet
  facet normal -0 0 1
    outer loop
      vertex 8.54605 1.30559 10.6
      vertex 8.68343 -1.49082 10.6
      vertex 8.68343 1.49082 10.6
    endloop
  endfacet
  facet normal 0 0 1
    outer loop
      vertex 8.54605 1.30559 10.6
      vertex 8.54605 -1.30559 10.6
      vertex 8.68343 -1.49082 10.6
    endloop
  endfacet
  facet normal -0 0 1
    outer loop
      vertex 8.42749 1.10778 10.6
      vertex 8.54605 -1.30559 10.6
      vertex 8.54605 1.30559 10.6
    endloop
  endfacet
  facet normal 0 0 1
    outer loop
      vertex 8.42749 1.10778 10.6
      vertex 8.42749 -1.10778 10.6
      vertex 8.54605 -1.30559 10.6
    endloop
  endfacet
  facet normal -0 0 1
    outer loop
      vertex 8.32888 0.899305 10.6
      vertex 8.42749 -1.10778 10.6
      vertex 8.42749 1.10778 10.6
    endloop
  endfacet
  facet normal 0 0 1
    outer loop
      vertex 8.32888 0.899305 10.6
      vertex 8.32888 -0.899305 10.6
      vertex 8.42749 -1.10778 10.6
    endloop
  endfacet
  facet normal -0 0 1
    outer loop
      vertex 8.25119 0.682169 10.6
      vertex 8.32888 -0.899305 10.6
      vertex 8.32888 0.899305 10.6
    endloop
  endfacet
  facet normal 0 0 1
    outer loop
      vertex 8.25119 0.682169 10.6
      vertex 8.25119 -0.682169 10.6
      vertex 8.32888 -0.899305 10.6
    endloop
  endfacet
  facet normal -0 0 1
    outer loop
      vertex 8.19516 0.458462 10.6
      vertex 8.25119 -0.682169 10.6
      vertex 8.25119 0.682169 10.6
    endloop
  endfacet
  facet normal 0 0 1
    outer loop
      vertex 8.19516 0.458462 10.6
      vertex 8.19516 -0.458462 10.6
      vertex 8.25119 -0.682169 10.6
    endloop
  endfacet
  facet normal -0 0 1
    outer loop
      vertex 8.16132 0.23034 10.6
      vertex 8.19516 -0.458462 10.6
      vertex 8.19516 0.458462 10.6
    endloop
  endfacet
  facet normal 0 0 1
    outer loop
      vertex 8.16132 0.23034 10.6
      vertex 8.16132 -0.23034 10.6
      vertex 8.19516 -0.458462 10.6
    endloop
  endfacet
  facet normal 0 -0 1
    outer loop
      vertex 8.16132 -0.23034 10.6
      vertex 8.16132 0.23034 10.6
      vertex 8.15 0 10.6
    endloop
  endfacet
  facet normal 0.146696 0.989182 -0
    outer loop
      vertex 10.8902 1.96157 1
      vertex 10.696 1.99037 10
      vertex 10.8902 1.96157 10
    endloop
  endfacet
  facet normal 0.146696 0.989182 0
    outer loop
      vertex 10.696 1.99037 10
      vertex 10.8902 1.96157 1
      vertex 10.696 1.99037 1
    endloop
  endfacet
  facet normal 0.998803 -0.0489127 0
    outer loop
      vertex 12.4904 -0.196033 10
      vertex 12.5 0 1
      vertex 12.5 0 10
    endloop
  endfacet
  facet normal 0.998803 -0.0489127 0
    outer loop
      vertex 12.5 0 1
      vertex 12.4904 -0.196033 10
      vertex 12.4904 -0.196033 1
    endloop
  endfacet
  facet normal 0.903824 -0.427904 0
    outer loop
      vertex 12.2638 -0.942793 10
      vertex 12.3478 -0.765367 1
      vertex 12.3478 -0.765367 10
    endloop
  endfacet
  facet normal 0.903824 -0.427904 0
    outer loop
      vertex 12.3478 -0.765367 1
      vertex 12.2638 -0.942793 10
      vertex 12.2638 -0.942793 1
    endloop
  endfacet
  facet normal 0.242967 0.970035 -0
    outer loop
      vertex 11.0806 1.91388 1
      vertex 10.8902 1.96157 10
      vertex 11.0806 1.91388 10
    endloop
  endfacet
  facet normal 0.242967 0.970035 0
    outer loop
      vertex 10.8902 1.96157 10
      vertex 11.0806 1.91388 1
      vertex 10.8902 1.96157 1
    endloop
  endfacet
  facet normal 0.514196 0.857673 -0
    outer loop
      vertex 11.6111 1.66294 1
      vertex 11.4428 1.76384 10
      vertex 11.6111 1.66294 10
    endloop
  endfacet
  facet normal 0.514196 0.857673 0
    outer loop
      vertex 11.4428 1.76384 10
      vertex 11.6111 1.66294 1
      vertex 11.4428 1.76384 1
    endloop
  endfacet
  facet normal 0.595573 0.803301 -0
    outer loop
      vertex 11.7688 1.54602 1
      vertex 11.6111 1.66294 10
      vertex 11.7688 1.54602 10
    endloop
  endfacet
  facet normal 0.595573 0.803301 0
    outer loop
      vertex 11.6111 1.66294 10
      vertex 11.7688 1.54602 1
      vertex 11.6111 1.66294 1
    endloop
  endfacet
  facet normal 0.0490735 -0.998795 0
    outer loop
      vertex 10.5 -2 1
      vertex 10.696 -1.99037 10
      vertex 10.5 -2 10
    endloop
  endfacet
  facet normal 0.0490735 -0.998795 0
    outer loop
      vertex 10.696 -1.99037 10
      vertex 10.5 -2 1
      vertex 10.696 -1.99037 1
    endloop
  endfacet
  facet normal 0.941579 0.336791 0
    outer loop
      vertex 12.4139 0.580569 10
      vertex 12.3478 0.765367 1
      vertex 12.3478 0.765367 10
    endloop
  endfacet
  facet normal 0.941579 0.336791 0
    outer loop
      vertex 12.3478 0.765367 1
      vertex 12.4139 0.580569 10
      vertex 12.4139 0.580569 1
    endloop
  endfacet
  facet normal 0.857736 -0.51409 0
    outer loop
      vertex 12.1629 -1.11114 10
      vertex 12.2638 -0.942793 1
      vertex 12.2638 -0.942793 10
    endloop
  endfacet
  facet normal 0.857736 -0.51409 0
    outer loop
      vertex 12.2638 -0.942793 1
      vertex 12.1629 -1.11114 10
      vertex 12.1629 -1.11114 1
    endloop
  endfacet
  facet normal -0.998796 0.0490652 0
    outer loop
      vertex 8.5 0 1
      vertex 8.50963 0.196033 10
      vertex 8.50963 0.196033 1
    endloop
  endfacet
  facet normal -0.998796 0.0490652 0
    outer loop
      vertex 8.50963 0.196033 10
      vertex 8.5 0 1
      vertex 8.5 0 10
    endloop
  endfacet
  facet normal 0.941579 -0.336791 0
    outer loop
      vertex 12.3478 -0.765367 10
      vertex 12.4139 -0.580569 1
      vertex 12.4139 -0.580569 10
    endloop
  endfacet
  facet normal 0.941579 -0.336791 0
    outer loop
      vertex 12.4139 -0.580569 1
      vertex 12.3478 -0.765367 10
      vertex 12.3478 -0.765367 1
    endloop
  endfacet
  facet normal -0.0490735 0.998795 0
    outer loop
      vertex 10.5 2 1
      vertex 10.304 1.99037 10
      vertex 10.5 2 10
    endloop
  endfacet
  facet normal -0.0490735 0.998795 0
    outer loop
      vertex 10.304 1.99037 10
      vertex 10.5 2 1
      vertex 10.304 1.99037 1
    endloop
  endfacet
  facet normal 0.740954 0.671556 0
    outer loop
      vertex 12.046 1.26879 10
      vertex 11.9142 1.41421 1
      vertex 11.9142 1.41421 10
    endloop
  endfacet
  facet normal 0.740954 0.671556 0
    outer loop
      vertex 11.9142 1.41421 1
      vertex 12.046 1.26879 10
      vertex 12.046 1.26879 1
    endloop
  endfacet
  facet normal -0.903982 -0.427571 0
    outer loop
      vertex 8.73616 -0.942793 1
      vertex 8.65224 -0.765367 10
      vertex 8.65224 -0.765367 1
    endloop
  endfacet
  facet normal -0.903982 -0.427571 0
    outer loop
      vertex 8.65224 -0.765367 10
      vertex 8.73616 -0.942793 1
      vertex 8.73616 -0.942793 10
    endloop
  endfacet
  facet normal 0.903824 0.427904 0
    outer loop
      vertex 12.3478 0.765367 10
      vertex 12.2638 0.942793 1
      vertex 12.2638 0.942793 10
    endloop
  endfacet
  facet normal 0.903824 0.427904 0
    outer loop
      vertex 12.2638 0.942793 1
      vertex 12.3478 0.765367 10
      vertex 12.3478 0.765367 1
    endloop
  endfacet
  facet normal 0.595573 -0.803301 0
    outer loop
      vertex 11.6111 -1.66294 1
      vertex 11.7688 -1.54602 10
      vertex 11.6111 -1.66294 10
    endloop
  endfacet
  facet normal 0.595573 -0.803301 0
    outer loop
      vertex 11.7688 -1.54602 10
      vertex 11.6111 -1.66294 1
      vertex 11.7688 -1.54602 1
    endloop
  endfacet
  facet normal 0.857736 0.51409 0
    outer loop
      vertex 12.2638 0.942793 10
      vertex 12.1629 1.11114 1
      vertex 12.1629 1.11114 10
    endloop
  endfacet
  facet normal 0.857736 0.51409 0
    outer loop
      vertex 12.1629 1.11114 1
      vertex 12.2638 0.942793 10
      vertex 12.2638 0.942793 1
    endloop
  endfacet
  facet normal -0.671584 0.740928 0
    outer loop
      vertex 9.23121 1.54602 1
      vertex 9.08579 1.41421 10
      vertex 9.23121 1.54602 10
    endloop
  endfacet
  facet normal -0.671584 0.740928 0
    outer loop
      vertex 9.08579 1.41421 10
      vertex 9.23121 1.54602 1
      vertex 9.08579 1.41421 1
    endloop
  endfacet
  facet normal -0.903982 0.427571 0
    outer loop
      vertex 8.65224 0.765367 1
      vertex 8.73616 0.942793 10
      vertex 8.73616 0.942793 1
    endloop
  endfacet
  facet normal -0.903982 0.427571 0
    outer loop
      vertex 8.73616 0.942793 10
      vertex 8.65224 0.765367 1
      vertex 8.65224 0.765367 10
    endloop
  endfacet
  facet normal 0.671635 0.740882 -0
    outer loop
      vertex 11.9142 1.41421 1
      vertex 11.7688 1.54602 10
      vertex 11.9142 1.41421 10
    endloop
  endfacet
  facet normal 0.671635 0.740882 0
    outer loop
      vertex 11.7688 1.54602 10
      vertex 11.9142 1.41421 1
      vertex 11.7688 1.54602 1
    endloop
  endfacet
  facet normal -0.989176 -0.146735 0
    outer loop
      vertex 8.53843 -0.390181 1
      vertex 8.50963 -0.196033 10
      vertex 8.50963 -0.196033 1
    endloop
  endfacet
  facet normal -0.989176 -0.146735 0
    outer loop
      vertex 8.50963 -0.196033 10
      vertex 8.53843 -0.390181 1
      vertex 8.53843 -0.390181 10
    endloop
  endfacet
  facet normal -0.740928 -0.671584 0
    outer loop
      vertex 9.08579 -1.41421 1
      vertex 8.95398 -1.26879 10
      vertex 8.95398 -1.26879 1
    endloop
  endfacet
  facet normal -0.740928 -0.671584 0
    outer loop
      vertex 8.95398 -1.26879 10
      vertex 9.08579 -1.41421 1
      vertex 9.08579 -1.41421 10
    endloop
  endfacet
  facet normal -0.595695 -0.80321 0
    outer loop
      vertex 9.23121 -1.54602 1
      vertex 9.38886 -1.66294 10
      vertex 9.23121 -1.54602 10
    endloop
  endfacet
  facet normal -0.595695 -0.80321 -0
    outer loop
      vertex 9.38886 -1.66294 10
      vertex 9.23121 -1.54602 1
      vertex 9.38886 -1.66294 1
    endloop
  endfacet
  facet normal -0.80321 -0.595695 0
    outer loop
      vertex 8.95398 -1.26879 1
      vertex 8.83706 -1.11114 10
      vertex 8.83706 -1.11114 1
    endloop
  endfacet
  facet normal -0.80321 -0.595695 0
    outer loop
      vertex 8.83706 -1.11114 10
      vertex 8.95398 -1.26879 1
      vertex 8.95398 -1.26879 10
    endloop
  endfacet
  facet normal -0.998796 -0.0490652 0
    outer loop
      vertex 8.50963 -0.196033 1
      vertex 8.5 0 10
      vertex 8.5 0 1
    endloop
  endfacet
  facet normal -0.998796 -0.0490652 0
    outer loop
      vertex 8.5 0 10
      vertex 8.50963 -0.196033 1
      vertex 8.50963 -0.196033 10
    endloop
  endfacet
  facet normal -0.970031 0.242982 0
    outer loop
      vertex 8.53843 0.390181 1
      vertex 8.58612 0.580569 10
      vertex 8.58612 0.580569 1
    endloop
  endfacet
  facet normal -0.970031 0.242982 0
    outer loop
      vertex 8.58612 0.580569 10
      vertex 8.53843 0.390181 1
      vertex 8.53843 0.390181 10
    endloop
  endfacet
  facet normal -0.80321 0.595695 0
    outer loop
      vertex 8.83706 1.11114 1
      vertex 8.95398 1.26879 10
      vertex 8.95398 1.26879 1
    endloop
  endfacet
  facet normal -0.80321 0.595695 0
    outer loop
      vertex 8.95398 1.26879 10
      vertex 8.83706 1.11114 1
      vertex 8.83706 1.11114 10
    endloop
  endfacet
  facet normal 0.514196 -0.857673 0
    outer loop
      vertex 11.4428 -1.76384 1
      vertex 11.6111 -1.66294 10
      vertex 11.4428 -1.76384 10
    endloop
  endfacet
  facet normal 0.514196 -0.857673 0
    outer loop
      vertex 11.6111 -1.66294 10
      vertex 11.4428 -1.76384 1
      vertex 11.6111 -1.66294 1
    endloop
  endfacet
  facet normal -0.427583 -0.903976 0
    outer loop
      vertex 9.55721 -1.76384 1
      vertex 9.73463 -1.84776 10
      vertex 9.55721 -1.76384 10
    endloop
  endfacet
  facet normal -0.427583 -0.903976 -0
    outer loop
      vertex 9.73463 -1.84776 10
      vertex 9.55721 -1.76384 1
      vertex 9.73463 -1.84776 1
    endloop
  endfacet
  facet normal -0.0490735 -0.998795 0
    outer loop
      vertex 10.304 -1.99037 1
      vertex 10.5 -2 10
      vertex 10.304 -1.99037 10
    endloop
  endfacet
  facet normal -0.0490735 -0.998795 -0
    outer loop
      vertex 10.5 -2 10
      vertex 10.304 -1.99037 1
      vertex 10.5 -2 1
    endloop
  endfacet
  facet normal -0.146696 -0.989182 0
    outer loop
      vertex 10.1098 -1.96157 1
      vertex 10.304 -1.99037 10
      vertex 10.1098 -1.96157 10
    endloop
  endfacet
  facet normal -0.146696 -0.989182 -0
    outer loop
      vertex 10.304 -1.99037 10
      vertex 10.1098 -1.96157 1
      vertex 10.304 -1.99037 1
    endloop
  endfacet
  facet normal -0.989176 0.146735 0
    outer loop
      vertex 8.50963 0.196033 1
      vertex 8.53843 0.390181 10
      vertex 8.53843 0.390181 1
    endloop
  endfacet
  facet normal -0.989176 0.146735 0
    outer loop
      vertex 8.53843 0.390181 10
      vertex 8.50963 0.196033 1
      vertex 8.50963 0.196033 10
    endloop
  endfacet
  facet normal -0.336879 -0.941548 0
    outer loop
      vertex 9.73463 -1.84776 1
      vertex 9.91943 -1.91388 10
      vertex 9.73463 -1.84776 10
    endloop
  endfacet
  facet normal -0.336879 -0.941548 -0
    outer loop
      vertex 9.91943 -1.91388 10
      vertex 9.73463 -1.84776 1
      vertex 9.91943 -1.91388 1
    endloop
  endfacet
  facet normal -0.813537 0.291079 -0.503419
    outer loop
      vertex 8.58612 0.580569 10
      vertex 8.25119 0.682169 10.6
      vertex 8.32888 0.899305 10.6
    endloop
  endfacet
  facet normal 0.693929 -0.514743 -0.503491
    outer loop
      vertex 12.3166 -1.49082 10.6
      vertex 12.1629 -1.11114 10
      vertex 12.454 -1.30559 10.6
    endloop
  endfacet
  facet normal -0.781074 -0.369453 -0.503415
    outer loop
      vertex 8.42749 -1.10778 10.6
      vertex 8.32888 -0.899305 10.6
      vertex 8.73616 -0.942793 10
    endloop
  endfacet
  facet normal 0.863004 0.0423372 -0.503419
    outer loop
      vertex 12.85 0 10.6
      vertex 12.5 0 10
      vertex 12.8387 0.23034 10.6
    endloop
  endfacet
  facet normal 0.86302 0.0422632 -0.503399
    outer loop
      vertex 12.5 0 10
      vertex 12.4904 0.196033 10
      vertex 12.8387 0.23034 10.6
    endloop
  endfacet
  facet normal 0.854699 -0.126786 -0.503402
    outer loop
      vertex 12.8387 -0.23034 10.6
      vertex 12.4616 -0.390181 10
      vertex 12.4904 -0.196033 10
    endloop
  endfacet
  facet normal 0.369416 0.781089 -0.50342
    outer loop
      vertex 11.4428 1.76384 10
      vertex 11.3993 2.17112 10.6
      vertex 11.6078 2.07251 10.6
    endloop
  endfacet
  facet normal -0.580281 0.640198 -0.503409
    outer loop
      vertex 9.08579 1.41421 10
      vertex 9.00918 1.81657 10.6
      vertex 9.23121 1.54602 10
    endloop
  endfacet
  facet normal 0.514764 0.693946 -0.503445
    outer loop
      vertex 11.9908 1.81657 10.6
      vertex 11.6111 1.66294 10
      vertex 11.8056 1.95395 10.6
    endloop
  endfacet
  facet normal 0.854701 -0.127013 -0.503343
    outer loop
      vertex 12.8048 -0.458462 10.6
      vertex 12.4616 -0.390181 10
      vertex 12.8387 -0.23034 10.6
    endloop
  endfacet
  facet normal 0.126752 -0.854698 -0.503413
    outer loop
      vertex 10.7303 -2.33868 10.6
      vertex 10.696 -1.99037 10
      vertex 10.8902 -1.96157 10
    endloop
  endfacet
  facet normal 0.369416 -0.781089 -0.50342
    outer loop
      vertex 11.6078 -2.07251 10.6
      vertex 11.3993 -2.17112 10.6
      vertex 11.4428 -1.76384 10
    endloop
  endfacet
  facet normal 0.694035 -0.514638 -0.503451
    outer loop
      vertex 12.3166 -1.49082 10.6
      vertex 12.046 -1.26879 10
      vertex 12.1629 -1.11114 10
    endloop
  endfacet
  facet normal -0.514709 -0.694012 -0.50341
    outer loop
      vertex 9.38886 -1.66294 10
      vertex 9.00918 -1.81657 10.6
      vertex 9.23121 -1.54602 10
    endloop
  endfacet
  facet normal 0.369488 -0.781067 -0.503401
    outer loop
      vertex 11.3993 -2.17112 10.6
      vertex 11.2654 -1.84776 10
      vertex 11.4428 -1.76384 10
    endloop
  endfacet
  facet normal -0.291077 0.813537 -0.50342
    outer loop
      vertex 9.73463 1.84776 10
      vertex 9.60069 2.17112 10.6
      vertex 9.91943 1.91388 10
    endloop
  endfacet
  facet normal -0.369449 0.781073 -0.50342
    outer loop
      vertex 9.73463 1.84776 10
      vertex 9.55721 1.76384 10
      vertex 9.60069 2.17112 10.6
    endloop
  endfacet
  facet normal -0.640198 -0.580281 -0.503409
    outer loop
      vertex 9.08579 -1.41421 10
      vertex 8.68343 -1.49082 10.6
      vertex 8.95398 -1.26879 10
    endloop
  endfacet
  facet normal -0.209965 -0.838144 -0.503417
    outer loop
      vertex 10.0415 -2.30484 10.6
      vertex 9.91943 -1.91388 10
      vertex 10.1098 -1.96157 10
    endloop
  endfacet
  facet normal 0.640164 -0.580299 -0.503431
    outer loop
      vertex 12.1617 -1.6617 10.6
      vertex 11.9142 -1.41421 10
      vertex 12.3166 -1.49082 10.6
    endloop
  endfacet
  facet normal -0.291074 -0.813539 -0.503419
    outer loop
      vertex 9.81783 -2.24881 10.6
      vertex 9.60069 -2.17112 10.6
      vertex 9.91943 -1.91388 10
    endloop
  endfacet
  facet normal -0.813536 0.29108 -0.50342
    outer loop
      vertex 8.58612 0.580569 10
      vertex 8.32888 0.899305 10.6
      vertex 8.65224 0.765367 10
    endloop
  endfacet
  facet normal -0.863002 -0.042412 -0.503418
    outer loop
      vertex 8.16132 -0.23034 10.6
      vertex 8.15 0 10.6
      vertex 8.5 0 10
    endloop
  endfacet
  facet normal 0.444287 -0.741065 -0.50342
    outer loop
      vertex 11.6078 -2.07251 10.6
      vertex 11.4428 -1.76384 10
      vertex 11.6111 -1.66294 10
    endloop
  endfacet
  facet normal -0.514721 0.694 -0.503414
    outer loop
      vertex 9.38886 1.66294 10
      vertex 9.00918 1.81657 10.6
      vertex 9.19441 1.95395 10.6
    endloop
  endfacet
  facet normal -0.36946 -0.78107 -0.503417
    outer loop
      vertex 9.60069 -2.17112 10.6
      vertex 9.39222 -2.07251 10.6
      vertex 9.55721 -1.76384 10
    endloop
  endfacet
  facet normal -0.580281 -0.640198 -0.503409
    outer loop
      vertex 9.23121 -1.54602 10
      vertex 9.00918 -1.81657 10.6
      vertex 9.08579 -1.41421 10
    endloop
  endfacet
  facet normal 0.741181 -0.444011 -0.503493
    outer loop
      vertex 12.454 -1.30559 10.6
      vertex 12.1629 -1.11114 10
      vertex 12.5725 -1.10778 10.6
    endloop
  endfacet
  facet normal -0.640224 0.580241 -0.503422
    outer loop
      vertex 9.08579 1.41421 10
      vertex 8.68343 1.49082 10.6
      vertex 8.8383 1.6617 10.6
    endloop
  endfacet
  facet normal -0.854693 0.126787 -0.503413
    outer loop
      vertex 8.53843 0.390181 10
      vertex 8.16132 0.23034 10.6
      vertex 8.19516 0.458462 10.6
    endloop
  endfacet
  facet normal 0.86302 -0.0422632 -0.503399
    outer loop
      vertex 12.8387 -0.23034 10.6
      vertex 12.4904 -0.196033 10
      vertex 12.5 0 10
    endloop
  endfacet
  facet normal -0.0424193 0.863001 -0.503417
    outer loop
      vertex 10.5 2 10
      vertex 10.2697 2.33868 10.6
      vertex 10.5 2.35 10.6
    endloop
  endfacet
  facet normal 0.863004 -0.0423372 -0.503419
    outer loop
      vertex 12.8387 -0.23034 10.6
      vertex 12.5 0 10
      vertex 12.85 0 10.6
    endloop
  endfacet
  facet normal 0.0424017 -0.863005 -0.503413
    outer loop
      vertex 10.7303 -2.33868 10.6
      vertex 10.5 -2 10
      vertex 10.696 -1.99037 10
    endloop
  endfacet
  facet normal -0.838153 -0.209925 -0.503419
    outer loop
      vertex 8.25119 -0.682169 10.6
      vertex 8.19516 -0.458462 10.6
      vertex 8.58612 -0.580569 10
    endloop
  endfacet
  facet normal 0.29108 -0.813545 -0.503406
    outer loop
      vertex 11.3993 -2.17112 10.6
      vertex 11.0806 -1.91388 10
      vertex 11.2654 -1.84776 10
    endloop
  endfacet
  facet normal 0.0424017 0.863005 -0.503413
    outer loop
      vertex 10.696 1.99037 10
      vertex 10.5 2 10
      vertex 10.7303 2.33868 10.6
    endloop
  endfacet
  facet normal 0.838183 -0.209999 -0.503339
    outer loop
      vertex 12.8048 -0.458462 10.6
      vertex 12.4139 -0.580569 10
      vertex 12.4616 -0.390181 10
    endloop
  endfacet
  facet normal -0.838151 -0.209947 -0.503413
    outer loop
      vertex 8.58612 -0.580569 10
      vertex 8.19516 -0.458462 10.6
      vertex 8.53843 -0.390181 10
    endloop
  endfacet
  facet normal 0.580201 -0.640256 -0.503428
    outer loop
      vertex 11.9908 -1.81657 10.6
      vertex 11.9142 -1.41421 10
      vertex 12.1617 -1.6617 10.6
    endloop
  endfacet
  facet normal 0.209931 -0.838152 -0.503419
    outer loop
      vertex 11.1822 -2.24881 10.6
      vertex 10.9585 -2.30484 10.6
      vertex 11.0806 -1.91388 10
    endloop
  endfacet
  facet normal 0.781074 0.369415 -0.503444
    outer loop
      vertex 12.6711 0.899305 10.6
      vertex 12.2638 0.942793 10
      vertex 12.5725 1.10778 10.6
    endloop
  endfacet
  facet normal -0.838151 0.209947 -0.503413
    outer loop
      vertex 8.53843 0.390181 10
      vertex 8.19516 0.458462 10.6
      vertex 8.58612 0.580569 10
    endloop
  endfacet
  facet normal 0.126752 0.854698 -0.503413
    outer loop
      vertex 10.8902 1.96157 10
      vertex 10.696 1.99037 10
      vertex 10.7303 2.33868 10.6
    endloop
  endfacet
  facet normal -0.741121 -0.4442 -0.503414
    outer loop
      vertex 8.54605 -1.30559 10.6
      vertex 8.42749 -1.10778 10.6
      vertex 8.83706 -1.11114 10
    endloop
  endfacet
  facet normal 0.580201 0.640256 -0.503428
    outer loop
      vertex 12.1617 1.6617 10.6
      vertex 11.9142 1.41421 10
      vertex 11.9908 1.81657 10.6
    endloop
  endfacet
  facet normal 0.741109 -0.444189 -0.503443
    outer loop
      vertex 12.5725 -1.10778 10.6
      vertex 12.1629 -1.11114 10
      vertex 12.2638 -0.942793 10
    endloop
  endfacet
  facet normal -0.694012 0.514709 -0.50341
    outer loop
      vertex 8.83706 1.11114 10
      vertex 8.68343 1.49082 10.6
      vertex 8.95398 1.26879 10
    endloop
  endfacet
  facet normal 0.126744 -0.854698 -0.503415
    outer loop
      vertex 10.9585 -2.30484 10.6
      vertex 10.7303 -2.33868 10.6
      vertex 10.8902 -1.96157 10
    endloop
  endfacet
  facet normal -0.126744 0.854698 -0.503415
    outer loop
      vertex 10.1098 1.96157 10
      vertex 10.0415 2.30484 10.6
      vertex 10.2697 2.33868 10.6
    endloop
  endfacet
  facet normal -0.126744 -0.854698 -0.503415
    outer loop
      vertex 10.2697 -2.33868 10.6
      vertex 10.0415 -2.30484 10.6
      vertex 10.1098 -1.96157 10
    endloop
  endfacet
  facet normal 0.640164 0.580299 -0.503431
    outer loop
      vertex 12.3166 1.49082 10.6
      vertex 11.9142 1.41421 10
      vertex 12.1617 1.6617 10.6
    endloop
  endfacet
  facet normal 0.209934 -0.838152 -0.503418
    outer loop
      vertex 10.9585 -2.30484 10.6
      vertex 10.8902 -1.96157 10
      vertex 11.0806 -1.91388 10
    endloop
  endfacet
  facet normal -0.0424193 -0.863001 -0.503417
    outer loop
      vertex 10.5 -2.35 10.6
      vertex 10.2697 -2.33868 10.6
      vertex 10.5 -2 10
    endloop
  endfacet
  facet normal 0.813542 -0.291118 -0.503388
    outer loop
      vertex 12.6711 -0.899305 10.6
      vertex 12.4139 -0.580569 10
      vertex 12.7488 -0.682169 10.6
    endloop
  endfacet
  facet normal -0.694 0.514721 -0.503414
    outer loop
      vertex 8.83706 1.11114 10
      vertex 8.54605 1.30559 10.6
      vertex 8.68343 1.49082 10.6
    endloop
  endfacet
  facet normal 0.580334 -0.640168 -0.503386
    outer loop
      vertex 11.9908 -1.81657 10.6
      vertex 11.7688 -1.54602 10
      vertex 11.9142 -1.41421 10
    endloop
  endfacet
  facet normal 0.514612 -0.694101 -0.503388
    outer loop
      vertex 11.9908 -1.81657 10.6
      vertex 11.6111 -1.66294 10
      vertex 11.7688 -1.54602 10
    endloop
  endfacet
  facet normal 0.444209 -0.741097 -0.503442
    outer loop
      vertex 11.8056 -1.95395 10.6
      vertex 11.6078 -2.07251 10.6
      vertex 11.6111 -1.66294 10
    endloop
  endfacet
  facet normal 0.780977 -0.369743 -0.503354
    outer loop
      vertex 12.6711 -0.899305 10.6
      vertex 12.2638 -0.942793 10
      vertex 12.3478 -0.765367 10
    endloop
  endfacet
  facet normal -0.4442 -0.741121 -0.503414
    outer loop
      vertex 9.39222 -2.07251 10.6
      vertex 9.19441 -1.95395 10.6
      vertex 9.38886 -1.66294 10
    endloop
  endfacet
  facet normal 0.514764 -0.693946 -0.503445
    outer loop
      vertex 11.8056 -1.95395 10.6
      vertex 11.6111 -1.66294 10
      vertex 11.9908 -1.81657 10.6
    endloop
  endfacet
  facet normal 0.0424193 -0.863001 -0.503417
    outer loop
      vertex 10.7303 -2.33868 10.6
      vertex 10.5 -2.35 10.6
      vertex 10.5 -2 10
    endloop
  endfacet
  facet normal 0.369488 0.781067 -0.503401
    outer loop
      vertex 11.4428 1.76384 10
      vertex 11.2654 1.84776 10
      vertex 11.3993 2.17112 10.6
    endloop
  endfacet
  facet normal -0.126752 -0.854698 -0.503413
    outer loop
      vertex 10.2697 -2.33868 10.6
      vertex 10.1098 -1.96157 10
      vertex 10.304 -1.99037 10
    endloop
  endfacet
  facet normal -0.863002 0.042412 -0.503418
    outer loop
      vertex 8.5 0 10
      vertex 8.15 0 10.6
      vertex 8.16132 0.23034 10.6
    endloop
  endfacet
  facet normal 0.640202 0.580241 -0.503449
    outer loop
      vertex 12.046 1.26879 10
      vertex 11.9142 1.41421 10
      vertex 12.3166 1.49082 10.6
    endloop
  endfacet
  facet normal 0.838199 -0.209824 -0.503385
    outer loop
      vertex 12.7488 -0.682169 10.6
      vertex 12.4139 -0.580569 10
      vertex 12.8048 -0.458462 10.6
    endloop
  endfacet
  facet normal 0.813598 -0.291014 -0.503357
    outer loop
      vertex 12.6711 -0.899305 10.6
      vertex 12.3478 -0.765367 10
      vertex 12.4139 -0.580569 10
    endloop
  endfacet
  facet normal -0.514721 -0.694 -0.503414
    outer loop
      vertex 9.19441 -1.95395 10.6
      vertex 9.00918 -1.81657 10.6
      vertex 9.38886 -1.66294 10
    endloop
  endfacet
  facet normal 0.640202 -0.580241 -0.503449
    outer loop
      vertex 12.3166 -1.49082 10.6
      vertex 11.9142 -1.41421 10
      vertex 12.046 -1.26879 10
    endloop
  endfacet
  facet normal 0.0424193 0.863001 -0.503417
    outer loop
      vertex 10.7303 2.33868 10.6
      vertex 10.5 2 10
      vertex 10.5 2.35 10.6
    endloop
  endfacet
  facet normal -0.0424017 -0.863005 -0.503413
    outer loop
      vertex 10.5 -2 10
      vertex 10.2697 -2.33868 10.6
      vertex 10.304 -1.99037 10
    endloop
  endfacet
  facet normal -0.694 -0.514721 -0.503414
    outer loop
      vertex 8.68343 -1.49082 10.6
      vertex 8.54605 -1.30559 10.6
      vertex 8.83706 -1.11114 10
    endloop
  endfacet
  facet normal -0.854693 -0.126787 -0.503413
    outer loop
      vertex 8.19516 -0.458462 10.6
      vertex 8.16132 -0.23034 10.6
      vertex 8.53843 -0.390181 10
    endloop
  endfacet
  facet normal -0.854693 -0.126786 -0.503413
    outer loop
      vertex 8.53843 -0.390181 10
      vertex 8.16132 -0.23034 10.6
      vertex 8.50963 -0.196033 10
    endloop
  endfacet
  facet normal -0.36946 0.78107 -0.503417
    outer loop
      vertex 9.55721 1.76384 10
      vertex 9.39222 2.07251 10.6
      vertex 9.60069 2.17112 10.6
    endloop
  endfacet
  facet normal -0.4442 0.741121 -0.503414
    outer loop
      vertex 9.38886 1.66294 10
      vertex 9.19441 1.95395 10.6
      vertex 9.39222 2.07251 10.6
    endloop
  endfacet
  facet normal -0.444191 0.741125 -0.503417
    outer loop
      vertex 9.55721 1.76384 10
      vertex 9.38886 1.66294 10
      vertex 9.39222 2.07251 10.6
    endloop
  endfacet
  facet normal -0.854693 0.126786 -0.503413
    outer loop
      vertex 8.50963 0.196033 10
      vertex 8.16132 0.23034 10.6
      vertex 8.53843 0.390181 10
    endloop
  endfacet
  facet normal -0.209958 -0.838145 -0.503419
    outer loop
      vertex 10.0415 -2.30484 10.6
      vertex 9.81783 -2.24881 10.6
      vertex 9.91943 -1.91388 10
    endloop
  endfacet
  facet normal -0.209958 0.838145 -0.503419
    outer loop
      vertex 9.91943 1.91388 10
      vertex 9.81783 2.24881 10.6
      vertex 10.0415 2.30484 10.6
    endloop
  endfacet
  facet normal -0.694012 -0.514709 -0.50341
    outer loop
      vertex 8.95398 -1.26879 10
      vertex 8.68343 -1.49082 10.6
      vertex 8.83706 -1.11114 10
    endloop
  endfacet
  facet normal -0.444191 -0.741125 -0.503417
    outer loop
      vertex 9.39222 -2.07251 10.6
      vertex 9.38886 -1.66294 10
      vertex 9.55721 -1.76384 10
    endloop
  endfacet
  facet normal -0.514709 0.694012 -0.50341
    outer loop
      vertex 9.23121 1.54602 10
      vertex 9.00918 1.81657 10.6
      vertex 9.38886 1.66294 10
    endloop
  endfacet
  facet normal -0.741122 0.444197 -0.503415
    outer loop
      vertex 8.73616 0.942793 10
      vertex 8.42749 1.10778 10.6
      vertex 8.83706 1.11114 10
    endloop
  endfacet
  facet normal 0.813542 0.291118 -0.503388
    outer loop
      vertex 12.7488 0.682169 10.6
      vertex 12.4139 0.580569 10
      vertex 12.6711 0.899305 10.6
    endloop
  endfacet
  facet normal 0.514612 0.694101 -0.503388
    outer loop
      vertex 11.7688 1.54602 10
      vertex 11.6111 1.66294 10
      vertex 11.9908 1.81657 10.6
    endloop
  endfacet
  facet normal -0.813536 -0.29108 -0.50342
    outer loop
      vertex 8.65224 -0.765367 10
      vertex 8.32888 -0.899305 10.6
      vertex 8.58612 -0.580569 10
    endloop
  endfacet
  facet normal 0.291122 -0.813522 -0.503418
    outer loop
      vertex 11.1822 -2.24881 10.6
      vertex 11.0806 -1.91388 10
      vertex 11.3993 -2.17112 10.6
    endloop
  endfacet
  facet normal -0.838153 0.209925 -0.503419
    outer loop
      vertex 8.58612 0.580569 10
      vertex 8.19516 0.458462 10.6
      vertex 8.25119 0.682169 10.6
    endloop
  endfacet
  facet normal -0.813537 -0.291079 -0.503419
    outer loop
      vertex 8.32888 -0.899305 10.6
      vertex 8.25119 -0.682169 10.6
      vertex 8.58612 -0.580569 10
    endloop
  endfacet
  facet normal 0.444287 0.741065 -0.50342
    outer loop
      vertex 11.6111 1.66294 10
      vertex 11.4428 1.76384 10
      vertex 11.6078 2.07251 10.6
    endloop
  endfacet
  facet normal -0.291074 0.813539 -0.503419
    outer loop
      vertex 9.91943 1.91388 10
      vertex 9.60069 2.17112 10.6
      vertex 9.81783 2.24881 10.6
    endloop
  endfacet
  facet normal -0.126752 0.854698 -0.503413
    outer loop
      vertex 10.304 1.99037 10
      vertex 10.1098 1.96157 10
      vertex 10.2697 2.33868 10.6
    endloop
  endfacet
  facet normal 0.741109 0.444189 -0.503443
    outer loop
      vertex 12.2638 0.942793 10
      vertex 12.1629 1.11114 10
      vertex 12.5725 1.10778 10.6
    endloop
  endfacet
  facet normal 0.741181 0.444011 -0.503493
    outer loop
      vertex 12.5725 1.10778 10.6
      vertex 12.1629 1.11114 10
      vertex 12.454 1.30559 10.6
    endloop
  endfacet
  facet normal 0.781074 -0.369415 -0.503444
    outer loop
      vertex 12.5725 -1.10778 10.6
      vertex 12.2638 -0.942793 10
      vertex 12.6711 -0.899305 10.6
    endloop
  endfacet
  facet normal -0.741121 0.4442 -0.503414
    outer loop
      vertex 8.83706 1.11114 10
      vertex 8.42749 1.10778 10.6
      vertex 8.54605 1.30559 10.6
    endloop
  endfacet
  facet normal -0.640198 0.580281 -0.503409
    outer loop
      vertex 8.95398 1.26879 10
      vertex 8.68343 1.49082 10.6
      vertex 9.08579 1.41421 10
    endloop
  endfacet
  facet normal -0.369449 -0.781073 -0.50342
    outer loop
      vertex 9.60069 -2.17112 10.6
      vertex 9.55721 -1.76384 10
      vertex 9.73463 -1.84776 10
    endloop
  endfacet
  facet normal -0.580241 0.640224 -0.503422
    outer loop
      vertex 9.08579 1.41421 10
      vertex 8.8383 1.6617 10.6
      vertex 9.00918 1.81657 10.6
    endloop
  endfacet
  facet normal 0.780977 0.369743 -0.503354
    outer loop
      vertex 12.3478 0.765367 10
      vertex 12.2638 0.942793 10
      vertex 12.6711 0.899305 10.6
    endloop
  endfacet
  facet normal 0.29108 0.813545 -0.503406
    outer loop
      vertex 11.2654 1.84776 10
      vertex 11.0806 1.91388 10
      vertex 11.3993 2.17112 10.6
    endloop
  endfacet
  facet normal 0.209934 0.838152 -0.503418
    outer loop
      vertex 11.0806 1.91388 10
      vertex 10.8902 1.96157 10
      vertex 10.9585 2.30484 10.6
    endloop
  endfacet
  facet normal -0.781074 0.369453 -0.503415
    outer loop
      vertex 8.73616 0.942793 10
      vertex 8.32888 0.899305 10.6
      vertex 8.42749 1.10778 10.6
    endloop
  endfacet
  facet normal -0.741122 -0.444197 -0.503415
    outer loop
      vertex 8.83706 -1.11114 10
      vertex 8.42749 -1.10778 10.6
      vertex 8.73616 -0.942793 10
    endloop
  endfacet
  facet normal 0.291122 0.813522 -0.503418
    outer loop
      vertex 11.3993 2.17112 10.6
      vertex 11.0806 1.91388 10
      vertex 11.1822 2.24881 10.6
    endloop
  endfacet
  facet normal -0.863005 0.0423946 -0.503413
    outer loop
      vertex 8.5 0 10
      vertex 8.16132 0.23034 10.6
      vertex 8.50963 0.196033 10
    endloop
  endfacet
  facet normal -0.781079 0.369439 -0.503419
    outer loop
      vertex 8.65224 0.765367 10
      vertex 8.32888 0.899305 10.6
      vertex 8.73616 0.942793 10
    endloop
  endfacet
  facet normal -0.781079 -0.369439 -0.503419
    outer loop
      vertex 8.73616 -0.942793 10
      vertex 8.32888 -0.899305 10.6
      vertex 8.65224 -0.765367 10
    endloop
  endfacet
  facet normal 0.444209 0.741097 -0.503442
    outer loop
      vertex 11.6111 1.66294 10
      vertex 11.6078 2.07251 10.6
      vertex 11.8056 1.95395 10.6
    endloop
  endfacet
  facet normal -0.580241 -0.640224 -0.503422
    outer loop
      vertex 9.00918 -1.81657 10.6
      vertex 8.8383 -1.6617 10.6
      vertex 9.08579 -1.41421 10
    endloop
  endfacet
  facet normal -0.640224 -0.580241 -0.503422
    outer loop
      vertex 8.8383 -1.6617 10.6
      vertex 8.68343 -1.49082 10.6
      vertex 9.08579 -1.41421 10
    endloop
  endfacet
  facet normal -0.863005 -0.0423946 -0.503413
    outer loop
      vertex 8.50963 -0.196033 10
      vertex 8.16132 -0.23034 10.6
      vertex 8.5 0 10
    endloop
  endfacet
  facet normal 0.580334 0.640168 -0.503386
    outer loop
      vertex 11.9142 1.41421 10
      vertex 11.7688 1.54602 10
      vertex 11.9908 1.81657 10.6
    endloop
  endfacet
  facet normal -0.0424017 0.863005 -0.503413
    outer loop
      vertex 10.304 1.99037 10
      vertex 10.2697 2.33868 10.6
      vertex 10.5 2 10
    endloop
  endfacet
  facet normal 0.126744 0.854698 -0.503415
    outer loop
      vertex 10.8902 1.96157 10
      vertex 10.7303 2.33868 10.6
      vertex 10.9585 2.30484 10.6
    endloop
  endfacet
  facet normal -0.209965 0.838144 -0.503417
    outer loop
      vertex 10.1098 1.96157 10
      vertex 9.91943 1.91388 10
      vertex 10.0415 2.30484 10.6
    endloop
  endfacet
  facet normal 0.693929 0.514743 -0.503491
    outer loop
      vertex 12.454 1.30559 10.6
      vertex 12.1629 1.11114 10
      vertex 12.3166 1.49082 10.6
    endloop
  endfacet
  facet normal 0.694035 0.514638 -0.503451
    outer loop
      vertex 12.1629 1.11114 10
      vertex 12.046 1.26879 10
      vertex 12.3166 1.49082 10.6
    endloop
  endfacet
  facet normal -0.291077 -0.813537 -0.50342
    outer loop
      vertex 9.91943 -1.91388 10
      vertex 9.60069 -2.17112 10.6
      vertex 9.73463 -1.84776 10
    endloop
  endfacet
  facet normal 0.838183 0.209999 -0.503339
    outer loop
      vertex 12.4616 0.390181 10
      vertex 12.4139 0.580569 10
      vertex 12.8048 0.458462 10.6
    endloop
  endfacet
  facet normal 0.209931 0.838152 -0.503419
    outer loop
      vertex 11.0806 1.91388 10
      vertex 10.9585 2.30484 10.6
      vertex 11.1822 2.24881 10.6
    endloop
  endfacet
  facet normal 0.838199 0.209824 -0.503385
    outer loop
      vertex 12.8048 0.458462 10.6
      vertex 12.4139 0.580569 10
      vertex 12.7488 0.682169 10.6
    endloop
  endfacet
  facet normal 0.813598 0.291014 -0.503357
    outer loop
      vertex 12.4139 0.580569 10
      vertex 12.3478 0.765367 10
      vertex 12.6711 0.899305 10.6
    endloop
  endfacet
  facet normal 0.854701 0.127013 -0.503343
    outer loop
      vertex 12.8387 0.23034 10.6
      vertex 12.4616 0.390181 10
      vertex 12.8048 0.458462 10.6
    endloop
  endfacet
  facet normal 0.854699 0.126786 -0.503402
    outer loop
      vertex 12.4904 0.196033 10
      vertex 12.4616 0.390181 10
      vertex 12.8387 0.23034 10.6
    endloop
  endfacet
endsolid OpenSCAD_Model
