solid OpenSCAD_Model
  facet normal -0.999465 0.0327158 0
    outer loop
      vertex 70.7329 41.5611 1.1
      vertex 70.78 43 1.5
      vertex 70.78 43 1.1
    endloop
  endfacet
  facet normal -0.999465 0.0327158 0
    outer loop
      vertex 70.78 43 1.5
      vertex 70.7329 41.5611 1.1
      vertex 70.7329 41.5611 1.5
    endloop
  endfacet
  facet normal -0.995185 -0.0980112 0
    outer loop
      vertex 70.7329 44.4389 1.1
      vertex 70.5918 45.8716 1.5
      vertex 70.5918 45.8716 1.1
    endloop
  endfacet
  facet normal -0.995185 -0.0980112 0
    outer loop
      vertex 70.5918 45.8716 1.5
      vertex 70.7329 44.4389 1.1
      vertex 70.7329 44.4389 1.5
    endloop
  endfacet
  facet normal -0.999465 -0.0327158 0
    outer loop
      vertex 70.78 43 1.1
      vertex 70.7329 44.4389 1.5
      vertex 70.7329 44.4389 1.1
    endloop
  endfacet
  facet normal -0.999465 -0.0327158 0
    outer loop
      vertex 70.7329 44.4389 1.5
      vertex 70.78 43 1.1
      vertex 70.78 43 1.5
    endloop
  endfacet
  facet normal 0.973877 0.227076 0
    outer loop
      vertex 27.5296 37.306 1.5
      vertex 27.2027 38.708 1.1
      vertex 27.2027 38.708 1.5
    endloop
  endfacet
  facet normal 0.973877 0.227076 0
    outer loop
      vertex 27.2027 38.708 1.1
      vertex 27.5296 37.306 1.5
      vertex 27.5296 37.306 1.1
    endloop
  endfacet
  facet normal 0.956944 0.290271 0
    outer loop
      vertex 27.9475 35.9283 1.5
      vertex 27.5296 37.306 1.1
      vertex 27.5296 37.306 1.5
    endloop
  endfacet
  facet normal 0.956944 0.290271 0
    outer loop
      vertex 27.5296 37.306 1.1
      vertex 27.9475 35.9283 1.5
      vertex 27.9475 35.9283 1.1
    endloop
  endfacet
  facet normal -0.634413 0.772994 0
    outer loop
      vertex 63.2856 26.4595 1.1
      vertex 62.1728 25.5462 1.5
      vertex 63.2856 26.4595 1.5
    endloop
  endfacet
  facet normal -0.634413 0.772994 0
    outer loop
      vertex 62.1728 25.5462 1.5
      vertex 63.2856 26.4595 1.1
      vertex 62.1728 25.5462 1.1
    endloop
  endfacet
  facet normal -0.0327158 0.999465 0
    outer loop
      vertex 50.2189 21.0471 1.1
      vertex 48.78 21 1.5
      vertex 50.2189 21.0471 1.5
    endloop
  endfacet
  facet normal -0.0327158 0.999465 0
    outer loop
      vertex 48.78 21 1.5
      vertex 50.2189 21.0471 1.1
      vertex 48.78 21 1.1
    endloop
  endfacet
  facet normal 0.58242 -0.812888 0
    outer loop
      vertex 35.3872 60.4538 1.1
      vertex 36.5575 61.2923 1.5
      vertex 35.3872 60.4538 1.5
    endloop
  endfacet
  facet normal 0.58242 -0.812888 0
    outer loop
      vertex 36.5575 61.2923 1.5
      vertex 35.3872 60.4538 1.1
      vertex 36.5575 61.2923 1.1
    endloop
  endfacet
  facet normal 0.812864 0.582453 0
    outer loop
      vertex 31.3262 29.6073 1.5
      vertex 30.4877 30.7775 1.1
      vertex 30.4877 30.7775 1.5
    endloop
  endfacet
  facet normal 0.812864 0.582453 0
    outer loop
      vertex 30.4877 30.7775 1.1
      vertex 31.3262 29.6073 1.5
      vertex 31.3262 29.6073 1.1
    endloop
  endfacet
  facet normal 0.729825 0.683634 0
    outer loop
      vertex 33.2237 27.4437 1.5
      vertex 32.2395 28.4944 1.1
      vertex 32.2395 28.4944 1.5
    endloop
  endfacet
  facet normal 0.729825 0.683634 0
    outer loop
      vertex 32.2395 28.4944 1.1
      vertex 33.2237 27.4437 1.5
      vertex 33.2237 27.4437 1.1
    endloop
  endfacet
  facet normal -0.634413 -0.772994 0
    outer loop
      vertex 62.1728 60.4538 1.1
      vertex 63.2856 59.5405 1.5
      vertex 62.1728 60.4538 1.5
    endloop
  endfacet
  facet normal -0.634413 -0.772994 -0
    outer loop
      vertex 63.2856 59.5405 1.5
      vertex 62.1728 60.4538 1.1
      vertex 63.2856 59.5405 1.1
    endloop
  endfacet
  facet normal 0.683597 -0.72986 0
    outer loop
      vertex 33.2237 58.5564 1.1
      vertex 34.2744 59.5405 1.5
      vertex 33.2237 58.5564 1.5
    endloop
  endfacet
  facet normal 0.683597 -0.72986 0
    outer loop
      vertex 34.2744 59.5405 1.5
      vertex 33.2237 58.5564 1.1
      vertex 34.2744 59.5405 1.1
    endloop
  endfacet
  facet normal 0.986644 0.162889 0
    outer loop
      vertex 27.2027 38.708 1.5
      vertex 26.9682 40.1284 1.1
      vertex 26.9682 40.1284 1.5
    endloop
  endfacet
  facet normal 0.986644 0.162889 0
    outer loop
      vertex 26.9682 40.1284 1.1
      vertex 27.2027 38.708 1.5
      vertex 27.2027 38.708 1.1
    endloop
  endfacet
  facet normal -0.812864 0.582453 0
    outer loop
      vertex 66.2338 29.6073 1.1
      vertex 67.0723 30.7775 1.5
      vertex 67.0723 30.7775 1.1
    endloop
  endfacet
  facet normal -0.812864 0.582453 0
    outer loop
      vertex 67.0723 30.7775 1.5
      vertex 66.2338 29.6073 1.1
      vertex 66.2338 29.6073 1.5
    endloop
  endfacet
  facet normal 0.812864 -0.582453 0
    outer loop
      vertex 30.4877 55.2225 1.5
      vertex 31.3262 56.3927 1.1
      vertex 31.3262 56.3927 1.5
    endloop
  endfacet
  facet normal 0.812864 -0.582453 0
    outer loop
      vertex 31.3262 56.3927 1.1
      vertex 30.4877 55.2225 1.5
      vertex 30.4877 55.2225 1.1
    endloop
  endfacet
  facet normal -0.162889 0.986644 0
    outer loop
      vertex 53.072 21.4227 1.1
      vertex 51.6516 21.1882 1.5
      vertex 53.072 21.4227 1.5
    endloop
  endfacet
  facet normal -0.162889 0.986644 0
    outer loop
      vertex 51.6516 21.1882 1.5
      vertex 53.072 21.4227 1.1
      vertex 51.6516 21.1882 1.1
    endloop
  endfacet
  facet normal -0.162889 -0.986644 0
    outer loop
      vertex 51.6516 64.8118 1.1
      vertex 53.072 64.5773 1.5
      vertex 51.6516 64.8118 1.5
    endloop
  endfacet
  facet normal -0.162889 -0.986644 -0
    outer loop
      vertex 53.072 64.5773 1.5
      vertex 51.6516 64.8118 1.1
      vertex 53.072 64.5773 1.1
    endloop
  endfacet
  facet normal 0.973877 -0.227076 0
    outer loop
      vertex 27.2027 47.292 1.5
      vertex 27.5296 48.694 1.1
      vertex 27.5296 48.694 1.5
    endloop
  endfacet
  facet normal 0.973877 -0.227076 0
    outer loop
      vertex 27.5296 48.694 1.1
      vertex 27.2027 47.292 1.5
      vertex 27.2027 47.292 1.1
    endloop
  endfacet
  facet normal -0.910887 -0.412657 0
    outer loop
      vertex 69.1053 51.419 1.1
      vertex 68.5112 52.7304 1.5
      vertex 68.5112 52.7304 1.1
    endloop
  endfacet
  facet normal -0.910887 -0.412657 0
    outer loop
      vertex 68.5112 52.7304 1.5
      vertex 69.1053 51.419 1.1
      vertex 69.1053 51.419 1.5
    endloop
  endfacet
  facet normal 0.93588 -0.352318 0
    outer loop
      vertex 27.9475 50.0717 1.5
      vertex 28.4547 51.419 1.1
      vertex 28.4547 51.419 1.5
    endloop
  endfacet
  facet normal 0.93588 -0.352318 0
    outer loop
      vertex 28.4547 51.419 1.1
      vertex 27.9475 50.0717 1.5
      vertex 27.9475 50.0717 1.1
    endloop
  endfacet
  facet normal 0.227076 -0.973877 0
    outer loop
      vertex 43.086 64.2504 1.1
      vertex 44.488 64.5773 1.5
      vertex 43.086 64.2504 1.5
    endloop
  endfacet
  facet normal 0.227076 -0.973877 0
    outer loop
      vertex 44.488 64.5773 1.5
      vertex 43.086 64.2504 1.1
      vertex 44.488 64.5773 1.1
    endloop
  endfacet
  facet normal 0.634413 0.772994 -0
    outer loop
      vertex 35.3872 25.5462 1.1
      vertex 34.2744 26.4595 1.5
      vertex 35.3872 25.5462 1.5
    endloop
  endfacet
  facet normal 0.634413 0.772994 0
    outer loop
      vertex 34.2744 26.4595 1.5
      vertex 35.3872 25.5462 1.1
      vertex 34.2744 26.4595 1.1
    endloop
  endfacet
  facet normal -0.93588 -0.352318 0
    outer loop
      vertex 69.6125 50.0717 1.1
      vertex 69.1053 51.419 1.5
      vertex 69.1053 51.419 1.1
    endloop
  endfacet
  facet normal -0.93588 -0.352318 0
    outer loop
      vertex 69.1053 51.419 1.5
      vertex 69.6125 50.0717 1.1
      vertex 69.6125 50.0717 1.5
    endloop
  endfacet
  facet normal 0.352318 -0.93588 0
    outer loop
      vertex 40.361 63.3253 1.1
      vertex 41.7083 63.8325 1.5
      vertex 40.361 63.3253 1.5
    endloop
  endfacet
  facet normal 0.352318 -0.93588 0
    outer loop
      vertex 41.7083 63.8325 1.5
      vertex 40.361 63.3253 1.1
      vertex 41.7083 63.8325 1.1
    endloop
  endfacet
  facet normal -0.0980112 0.995185 0
    outer loop
      vertex 51.6516 21.1882 1.1
      vertex 50.2189 21.0471 1.5
      vertex 51.6516 21.1882 1.5
    endloop
  endfacet
  facet normal -0.0980112 0.995185 0
    outer loop
      vertex 50.2189 21.0471 1.5
      vertex 51.6516 21.1882 1.1
      vertex 50.2189 21.0471 1.1
    endloop
  endfacet
  facet normal 0.729858 -0.683599 0
    outer loop
      vertex 32.2395 57.5056 1.5
      vertex 33.2237 58.5564 1.1
      vertex 33.2237 58.5564 1.5
    endloop
  endfacet
  facet normal 0.729858 -0.683599 0
    outer loop
      vertex 33.2237 58.5564 1.1
      vertex 32.2395 57.5056 1.5
      vertex 32.2395 57.5056 1.1
    endloop
  endfacet
  facet normal 0.773022 -0.634379 0
    outer loop
      vertex 31.3262 56.3927 1.5
      vertex 32.2395 57.5056 1.1
      vertex 32.2395 57.5056 1.5
    endloop
  endfacet
  facet normal 0.773022 -0.634379 0
    outer loop
      vertex 32.2395 57.5056 1.1
      vertex 31.3262 56.3927 1.5
      vertex 31.3262 56.3927 1.1
    endloop
  endfacet
  facet normal 0.881926 -0.471388 0
    outer loop
      vertex 29.0488 52.7304 1.5
      vertex 29.7274 54 1.1
      vertex 29.7274 54 1.5
    endloop
  endfacet
  facet normal 0.881926 -0.471388 0
    outer loop
      vertex 29.7274 54 1.1
      vertex 29.0488 52.7304 1.5
      vertex 29.0488 52.7304 1.1
    endloop
  endfacet
  facet normal -0.528118 0.849171 0
    outer loop
      vertex 61.0025 24.7077 1.1
      vertex 59.78 23.9474 1.5
      vertex 61.0025 24.7077 1.5
    endloop
  endfacet
  facet normal -0.528118 0.849171 0
    outer loop
      vertex 59.78 23.9474 1.5
      vertex 61.0025 24.7077 1.1
      vertex 59.78 23.9474 1.1
    endloop
  endfacet
  facet normal 0.0327158 0.999465 -0
    outer loop
      vertex 48.78 21 1.1
      vertex 47.3411 21.0471 1.5
      vertex 48.78 21 1.5
    endloop
  endfacet
  facet normal 0.0327158 0.999465 0
    outer loop
      vertex 47.3411 21.0471 1.5
      vertex 48.78 21 1.1
      vertex 47.3411 21.0471 1.1
    endloop
  endfacet
  facet normal 0.849171 0.528118 0
    outer loop
      vertex 30.4877 30.7775 1.5
      vertex 29.7274 32 1.1
      vertex 29.7274 32 1.5
    endloop
  endfacet
  facet normal 0.849171 0.528118 0
    outer loop
      vertex 29.7274 32 1.1
      vertex 30.4877 30.7775 1.5
      vertex 30.4877 30.7775 1.1
    endloop
  endfacet
  facet normal 0.412657 0.910887 -0
    outer loop
      vertex 40.361 22.6747 1.1
      vertex 39.0496 23.2688 1.5
      vertex 40.361 22.6747 1.5
    endloop
  endfacet
  facet normal 0.412657 0.910887 0
    outer loop
      vertex 39.0496 23.2688 1.5
      vertex 40.361 22.6747 1.1
      vertex 39.0496 23.2688 1.1
    endloop
  endfacet
  facet normal 0.995185 -0.0980112 0
    outer loop
      vertex 26.8271 44.4389 1.5
      vertex 26.9682 45.8716 1.1
      vertex 26.9682 45.8716 1.5
    endloop
  endfacet
  facet normal 0.995185 -0.0980112 0
    outer loop
      vertex 26.9682 45.8716 1.1
      vertex 26.8271 44.4389 1.5
      vertex 26.8271 44.4389 1.1
    endloop
  endfacet
  facet normal 0.910887 -0.412657 0
    outer loop
      vertex 28.4547 51.419 1.5
      vertex 29.0488 52.7304 1.1
      vertex 29.0488 52.7304 1.5
    endloop
  endfacet
  facet normal 0.910887 -0.412657 0
    outer loop
      vertex 29.0488 52.7304 1.1
      vertex 28.4547 51.419 1.5
      vertex 28.4547 51.419 1.1
    endloop
  endfacet
  facet normal 0.999465 0.0327158 0
    outer loop
      vertex 26.8271 41.5611 1.5
      vertex 26.78 43 1.1
      vertex 26.78 43 1.5
    endloop
  endfacet
  facet normal 0.999465 0.0327158 0
    outer loop
      vertex 26.78 43 1.1
      vertex 26.8271 41.5611 1.5
      vertex 26.8271 41.5611 1.1
    endloop
  endfacet
  facet normal 0.849171 -0.528118 0
    outer loop
      vertex 29.7274 54 1.5
      vertex 30.4877 55.2225 1.1
      vertex 30.4877 55.2225 1.5
    endloop
  endfacet
  facet normal 0.849171 -0.528118 0
    outer loop
      vertex 30.4877 55.2225 1.1
      vertex 29.7274 54 1.5
      vertex 29.7274 54 1.1
    endloop
  endfacet
  facet normal 0.986644 -0.162889 0
    outer loop
      vertex 26.9682 45.8716 1.5
      vertex 27.2027 47.292 1.1
      vertex 27.2027 47.292 1.5
    endloop
  endfacet
  facet normal 0.986644 -0.162889 0
    outer loop
      vertex 27.2027 47.292 1.1
      vertex 26.9682 45.8716 1.5
      vertex 26.9682 45.8716 1.1
    endloop
  endfacet
  facet normal -0.812864 -0.582453 0
    outer loop
      vertex 67.0723 55.2225 1.1
      vertex 66.2338 56.3927 1.5
      vertex 66.2338 56.3927 1.1
    endloop
  endfacet
  facet normal -0.812864 -0.582453 0
    outer loop
      vertex 66.2338 56.3927 1.5
      vertex 67.0723 55.2225 1.1
      vertex 67.0723 55.2225 1.5
    endloop
  endfacet
  facet normal -0.412683 0.910875 0
    outer loop
      vertex 58.5103 23.2688 1.1
      vertex 57.199 22.6747 1.5
      vertex 58.5103 23.2688 1.5
    endloop
  endfacet
  facet normal -0.412683 0.910875 0
    outer loop
      vertex 57.199 22.6747 1.5
      vertex 58.5103 23.2688 1.1
      vertex 57.199 22.6747 1.1
    endloop
  endfacet
  facet normal -0.956944 0.290271 0
    outer loop
      vertex 69.6125 35.9283 1.1
      vertex 70.0304 37.306 1.5
      vertex 70.0304 37.306 1.1
    endloop
  endfacet
  facet normal -0.956944 0.290271 0
    outer loop
      vertex 70.0304 37.306 1.5
      vertex 69.6125 35.9283 1.1
      vertex 69.6125 35.9283 1.5
    endloop
  endfacet
  facet normal 0.227076 0.973877 -0
    outer loop
      vertex 44.488 21.4227 1.1
      vertex 43.086 21.7496 1.5
      vertex 44.488 21.4227 1.5
    endloop
  endfacet
  facet normal 0.227076 0.973877 0
    outer loop
      vertex 43.086 21.7496 1.5
      vertex 44.488 21.4227 1.1
      vertex 43.086 21.7496 1.1
    endloop
  endfacet
  facet normal 0.881926 0.471388 0
    outer loop
      vertex 29.7274 32 1.5
      vertex 29.0488 33.2696 1.1
      vertex 29.0488 33.2696 1.5
    endloop
  endfacet
  facet normal 0.881926 0.471388 0
    outer loop
      vertex 29.0488 33.2696 1.1
      vertex 29.7274 32 1.5
      vertex 29.7274 32 1.1
    endloop
  endfacet
  facet normal -0.995185 0.0980112 0
    outer loop
      vertex 70.5918 40.1284 1.1
      vertex 70.7329 41.5611 1.5
      vertex 70.7329 41.5611 1.1
    endloop
  endfacet
  facet normal -0.995185 0.0980112 0
    outer loop
      vertex 70.7329 41.5611 1.5
      vertex 70.5918 40.1284 1.1
      vertex 70.5918 40.1284 1.5
    endloop
  endfacet
  facet normal -0.412683 -0.910875 0
    outer loop
      vertex 57.199 63.3253 1.1
      vertex 58.5103 62.7312 1.5
      vertex 57.199 63.3253 1.5
    endloop
  endfacet
  facet normal -0.412683 -0.910875 -0
    outer loop
      vertex 58.5103 62.7312 1.5
      vertex 57.199 63.3253 1.1
      vertex 58.5103 62.7312 1.1
    endloop
  endfacet
  facet normal -0.683597 -0.72986 0
    outer loop
      vertex 63.2856 59.5405 1.1
      vertex 64.3363 58.5564 1.5
      vertex 63.2856 59.5405 1.5
    endloop
  endfacet
  facet normal -0.683597 -0.72986 -0
    outer loop
      vertex 64.3363 58.5564 1.5
      vertex 63.2856 59.5405 1.1
      vertex 64.3363 58.5564 1.1
    endloop
  endfacet
  facet normal 0.0980112 -0.995185 0
    outer loop
      vertex 45.9084 64.8118 1.1
      vertex 47.3411 64.9529 1.5
      vertex 45.9084 64.8118 1.5
    endloop
  endfacet
  facet normal 0.0980112 -0.995185 0
    outer loop
      vertex 47.3411 64.9529 1.5
      vertex 45.9084 64.8118 1.1
      vertex 47.3411 64.9529 1.1
    endloop
  endfacet
  facet normal 0.528118 -0.849171 0
    outer loop
      vertex 36.5575 61.2923 1.1
      vertex 37.78 62.0526 1.5
      vertex 36.5575 61.2923 1.5
    endloop
  endfacet
  facet normal 0.528118 -0.849171 0
    outer loop
      vertex 37.78 62.0526 1.5
      vertex 36.5575 61.2923 1.1
      vertex 37.78 62.0526 1.1
    endloop
  endfacet
  facet normal -0.973877 0.227076 0
    outer loop
      vertex 70.0304 37.306 1.1
      vertex 70.3573 38.708 1.5
      vertex 70.3573 38.708 1.1
    endloop
  endfacet
  facet normal -0.973877 0.227076 0
    outer loop
      vertex 70.3573 38.708 1.5
      vertex 70.0304 37.306 1.1
      vertex 70.0304 37.306 1.5
    endloop
  endfacet
  facet normal 0.910887 0.412657 0
    outer loop
      vertex 29.0488 33.2696 1.5
      vertex 28.4547 34.581 1.1
      vertex 28.4547 34.581 1.5
    endloop
  endfacet
  facet normal 0.910887 0.412657 0
    outer loop
      vertex 28.4547 34.581 1.1
      vertex 29.0488 33.2696 1.5
      vertex 29.0488 33.2696 1.1
    endloop
  endfacet
  facet normal -0.849171 -0.528118 0
    outer loop
      vertex 67.8326 54 1.1
      vertex 67.0723 55.2225 1.5
      vertex 67.0723 55.2225 1.1
    endloop
  endfacet
  facet normal -0.849171 -0.528118 0
    outer loop
      vertex 67.0723 55.2225 1.5
      vertex 67.8326 54 1.1
      vertex 67.8326 54 1.5
    endloop
  endfacet
  facet normal -0.0980112 -0.995185 0
    outer loop
      vertex 50.2189 64.9529 1.1
      vertex 51.6516 64.8118 1.5
      vertex 50.2189 64.9529 1.5
    endloop
  endfacet
  facet normal -0.0980112 -0.995185 -0
    outer loop
      vertex 51.6516 64.8118 1.5
      vertex 50.2189 64.9529 1.1
      vertex 51.6516 64.8118 1.1
    endloop
  endfacet
  facet normal -0.290271 0.956944 0
    outer loop
      vertex 55.8517 22.1675 1.1
      vertex 54.474 21.7496 1.5
      vertex 55.8517 22.1675 1.5
    endloop
  endfacet
  facet normal -0.290271 0.956944 0
    outer loop
      vertex 54.474 21.7496 1.5
      vertex 55.8517 22.1675 1.1
      vertex 54.474 21.7496 1.1
    endloop
  endfacet
  facet normal -0.956944 -0.290271 0
    outer loop
      vertex 70.0304 48.694 1.1
      vertex 69.6125 50.0717 1.5
      vertex 69.6125 50.0717 1.1
    endloop
  endfacet
  facet normal -0.956944 -0.290271 0
    outer loop
      vertex 69.6125 50.0717 1.5
      vertex 70.0304 48.694 1.1
      vertex 70.0304 48.694 1.5
    endloop
  endfacet
  facet normal -0.881926 -0.471388 0
    outer loop
      vertex 68.5112 52.7304 1.1
      vertex 67.8326 54 1.5
      vertex 67.8326 54 1.1
    endloop
  endfacet
  facet normal -0.881926 -0.471388 0
    outer loop
      vertex 67.8326 54 1.5
      vertex 68.5112 52.7304 1.1
      vertex 68.5112 52.7304 1.5
    endloop
  endfacet
  facet normal -0.773022 0.634379 0
    outer loop
      vertex 65.3205 28.4944 1.1
      vertex 66.2338 29.6073 1.5
      vertex 66.2338 29.6073 1.1
    endloop
  endfacet
  facet normal -0.773022 0.634379 0
    outer loop
      vertex 66.2338 29.6073 1.5
      vertex 65.3205 28.4944 1.1
      vertex 65.3205 28.4944 1.5
    endloop
  endfacet
  facet normal 0.0980112 0.995185 -0
    outer loop
      vertex 47.3411 21.0471 1.1
      vertex 45.9084 21.1882 1.5
      vertex 47.3411 21.0471 1.5
    endloop
  endfacet
  facet normal 0.0980112 0.995185 0
    outer loop
      vertex 45.9084 21.1882 1.5
      vertex 47.3411 21.0471 1.1
      vertex 45.9084 21.1882 1.1
    endloop
  endfacet
  facet normal 0.471388 0.881926 -0
    outer loop
      vertex 39.0496 23.2688 1.1
      vertex 37.78 23.9474 1.5
      vertex 39.0496 23.2688 1.5
    endloop
  endfacet
  facet normal 0.471388 0.881926 0
    outer loop
      vertex 37.78 23.9474 1.5
      vertex 39.0496 23.2688 1.1
      vertex 37.78 23.9474 1.1
    endloop
  endfacet
  facet normal -0.227076 0.973877 0
    outer loop
      vertex 54.474 21.7496 1.1
      vertex 53.072 21.4227 1.5
      vertex 54.474 21.7496 1.5
    endloop
  endfacet
  facet normal -0.227076 0.973877 0
    outer loop
      vertex 53.072 21.4227 1.5
      vertex 54.474 21.7496 1.1
      vertex 53.072 21.4227 1.1
    endloop
  endfacet
  facet normal 0.956944 -0.290271 0
    outer loop
      vertex 27.5296 48.694 1.5
      vertex 27.9475 50.0717 1.1
      vertex 27.9475 50.0717 1.5
    endloop
  endfacet
  facet normal 0.956944 -0.290271 0
    outer loop
      vertex 27.9475 50.0717 1.1
      vertex 27.5296 48.694 1.5
      vertex 27.5296 48.694 1.1
    endloop
  endfacet
  facet normal 0.412657 -0.910887 0
    outer loop
      vertex 39.0496 62.7312 1.1
      vertex 40.361 63.3253 1.5
      vertex 39.0496 62.7312 1.5
    endloop
  endfacet
  facet normal 0.412657 -0.910887 0
    outer loop
      vertex 40.361 63.3253 1.5
      vertex 39.0496 62.7312 1.1
      vertex 40.361 63.3253 1.1
    endloop
  endfacet
  facet normal -0.227076 -0.973877 0
    outer loop
      vertex 53.072 64.5773 1.1
      vertex 54.474 64.2504 1.5
      vertex 53.072 64.5773 1.5
    endloop
  endfacet
  facet normal -0.227076 -0.973877 -0
    outer loop
      vertex 54.474 64.2504 1.5
      vertex 53.072 64.5773 1.1
      vertex 54.474 64.2504 1.1
    endloop
  endfacet
  facet normal 0.162889 -0.986644 0
    outer loop
      vertex 44.488 64.5773 1.1
      vertex 45.9084 64.8118 1.5
      vertex 44.488 64.5773 1.5
    endloop
  endfacet
  facet normal 0.162889 -0.986644 0
    outer loop
      vertex 45.9084 64.8118 1.5
      vertex 44.488 64.5773 1.1
      vertex 45.9084 64.8118 1.1
    endloop
  endfacet
  facet normal 0.471388 -0.881926 0
    outer loop
      vertex 37.78 62.0526 1.1
      vertex 39.0496 62.7312 1.5
      vertex 37.78 62.0526 1.5
    endloop
  endfacet
  facet normal 0.471388 -0.881926 0
    outer loop
      vertex 39.0496 62.7312 1.5
      vertex 37.78 62.0526 1.1
      vertex 39.0496 62.7312 1.1
    endloop
  endfacet
  facet normal -0.881926 0.471388 0
    outer loop
      vertex 67.8326 32 1.1
      vertex 68.5112 33.2696 1.5
      vertex 68.5112 33.2696 1.1
    endloop
  endfacet
  facet normal -0.881926 0.471388 0
    outer loop
      vertex 68.5112 33.2696 1.5
      vertex 67.8326 32 1.1
      vertex 67.8326 32 1.5
    endloop
  endfacet
  facet normal -0.58242 -0.812888 0
    outer loop
      vertex 61.0025 61.2923 1.1
      vertex 62.1728 60.4538 1.5
      vertex 61.0025 61.2923 1.5
    endloop
  endfacet
  facet normal -0.58242 -0.812888 -0
    outer loop
      vertex 62.1728 60.4538 1.5
      vertex 61.0025 61.2923 1.1
      vertex 62.1728 60.4538 1.1
    endloop
  endfacet
  facet normal -0.729825 0.683634 0
    outer loop
      vertex 64.3363 27.4437 1.1
      vertex 65.3205 28.4944 1.5
      vertex 65.3205 28.4944 1.1
    endloop
  endfacet
  facet normal -0.729825 0.683634 0
    outer loop
      vertex 65.3205 28.4944 1.5
      vertex 64.3363 27.4437 1.1
      vertex 64.3363 27.4437 1.5
    endloop
  endfacet
  facet normal -0.47136 0.881941 0
    outer loop
      vertex 59.78 23.9474 1.1
      vertex 58.5103 23.2688 1.5
      vertex 59.78 23.9474 1.5
    endloop
  endfacet
  facet normal -0.47136 0.881941 0
    outer loop
      vertex 58.5103 23.2688 1.5
      vertex 59.78 23.9474 1.1
      vertex 58.5103 23.2688 1.1
    endloop
  endfacet
  facet normal -0.352318 0.93588 0
    outer loop
      vertex 57.199 22.6747 1.1
      vertex 55.8517 22.1675 1.5
      vertex 57.199 22.6747 1.5
    endloop
  endfacet
  facet normal -0.352318 0.93588 0
    outer loop
      vertex 55.8517 22.1675 1.5
      vertex 57.199 22.6747 1.1
      vertex 55.8517 22.1675 1.1
    endloop
  endfacet
  facet normal 0.58242 0.812888 -0
    outer loop
      vertex 36.5575 24.7077 1.1
      vertex 35.3872 25.5462 1.5
      vertex 36.5575 24.7077 1.5
    endloop
  endfacet
  facet normal 0.58242 0.812888 0
    outer loop
      vertex 35.3872 25.5462 1.5
      vertex 36.5575 24.7077 1.1
      vertex 35.3872 25.5462 1.1
    endloop
  endfacet
  facet normal -0.729858 -0.683599 0
    outer loop
      vertex 65.3205 57.5056 1.1
      vertex 64.3363 58.5564 1.5
      vertex 64.3363 58.5564 1.1
    endloop
  endfacet
  facet normal -0.729858 -0.683599 0
    outer loop
      vertex 64.3363 58.5564 1.5
      vertex 65.3205 57.5056 1.1
      vertex 65.3205 57.5056 1.5
    endloop
  endfacet
  facet normal -0.773022 -0.634379 0
    outer loop
      vertex 66.2338 56.3927 1.1
      vertex 65.3205 57.5056 1.5
      vertex 65.3205 57.5056 1.1
    endloop
  endfacet
  facet normal -0.773022 -0.634379 0
    outer loop
      vertex 65.3205 57.5056 1.5
      vertex 66.2338 56.3927 1.1
      vertex 66.2338 56.3927 1.5
    endloop
  endfacet
  facet normal -0.986644 0.162889 0
    outer loop
      vertex 70.3573 38.708 1.1
      vertex 70.5918 40.1284 1.5
      vertex 70.5918 40.1284 1.1
    endloop
  endfacet
  facet normal -0.986644 0.162889 0
    outer loop
      vertex 70.5918 40.1284 1.5
      vertex 70.3573 38.708 1.1
      vertex 70.3573 38.708 1.5
    endloop
  endfacet
  facet normal 0.162889 0.986644 -0
    outer loop
      vertex 45.9084 21.1882 1.1
      vertex 44.488 21.4227 1.5
      vertex 45.9084 21.1882 1.5
    endloop
  endfacet
  facet normal 0.162889 0.986644 0
    outer loop
      vertex 44.488 21.4227 1.5
      vertex 45.9084 21.1882 1.1
      vertex 44.488 21.4227 1.1
    endloop
  endfacet
  facet normal 0.290271 -0.956944 0
    outer loop
      vertex 41.7083 63.8325 1.1
      vertex 43.086 64.2504 1.5
      vertex 41.7083 63.8325 1.5
    endloop
  endfacet
  facet normal 0.290271 -0.956944 0
    outer loop
      vertex 43.086 64.2504 1.5
      vertex 41.7083 63.8325 1.1
      vertex 43.086 64.2504 1.1
    endloop
  endfacet
  facet normal 0.773022 0.634379 0
    outer loop
      vertex 32.2395 28.4944 1.5
      vertex 31.3262 29.6073 1.1
      vertex 31.3262 29.6073 1.5
    endloop
  endfacet
  facet normal 0.773022 0.634379 0
    outer loop
      vertex 31.3262 29.6073 1.1
      vertex 32.2395 28.4944 1.5
      vertex 32.2395 28.4944 1.1
    endloop
  endfacet
  facet normal -0.528118 -0.849171 0
    outer loop
      vertex 59.78 62.0526 1.1
      vertex 61.0025 61.2923 1.5
      vertex 59.78 62.0526 1.5
    endloop
  endfacet
  facet normal -0.528118 -0.849171 -0
    outer loop
      vertex 61.0025 61.2923 1.5
      vertex 59.78 62.0526 1.1
      vertex 61.0025 61.2923 1.1
    endloop
  endfacet
  facet normal -0.973877 -0.227076 0
    outer loop
      vertex 70.3573 47.292 1.1
      vertex 70.0304 48.694 1.5
      vertex 70.0304 48.694 1.1
    endloop
  endfacet
  facet normal -0.973877 -0.227076 0
    outer loop
      vertex 70.0304 48.694 1.5
      vertex 70.3573 47.292 1.1
      vertex 70.3573 47.292 1.5
    endloop
  endfacet
  facet normal -0.986644 -0.162889 0
    outer loop
      vertex 70.5918 45.8716 1.1
      vertex 70.3573 47.292 1.5
      vertex 70.3573 47.292 1.1
    endloop
  endfacet
  facet normal -0.986644 -0.162889 0
    outer loop
      vertex 70.3573 47.292 1.5
      vertex 70.5918 45.8716 1.1
      vertex 70.5918 45.8716 1.5
    endloop
  endfacet
  facet normal 0.995185 0.0980112 0
    outer loop
      vertex 26.9682 40.1284 1.5
      vertex 26.8271 41.5611 1.1
      vertex 26.8271 41.5611 1.5
    endloop
  endfacet
  facet normal 0.995185 0.0980112 0
    outer loop
      vertex 26.8271 41.5611 1.1
      vertex 26.9682 40.1284 1.5
      vertex 26.9682 40.1284 1.1
    endloop
  endfacet
  facet normal -0.0327158 -0.999465 0
    outer loop
      vertex 48.78 65 1.1
      vertex 50.2189 64.9529 1.5
      vertex 48.78 65 1.5
    endloop
  endfacet
  facet normal -0.0327158 -0.999465 -0
    outer loop
      vertex 50.2189 64.9529 1.5
      vertex 48.78 65 1.1
      vertex 50.2189 64.9529 1.1
    endloop
  endfacet
  facet normal 0.634413 -0.772994 0
    outer loop
      vertex 34.2744 59.5405 1.1
      vertex 35.3872 60.4538 1.5
      vertex 34.2744 59.5405 1.5
    endloop
  endfacet
  facet normal 0.634413 -0.772994 0
    outer loop
      vertex 35.3872 60.4538 1.5
      vertex 34.2744 59.5405 1.1
      vertex 35.3872 60.4538 1.1
    endloop
  endfacet
  facet normal -0.93588 0.352318 0
    outer loop
      vertex 69.1053 34.581 1.1
      vertex 69.6125 35.9283 1.5
      vertex 69.6125 35.9283 1.1
    endloop
  endfacet
  facet normal -0.93588 0.352318 0
    outer loop
      vertex 69.6125 35.9283 1.5
      vertex 69.1053 34.581 1.1
      vertex 69.1053 34.581 1.5
    endloop
  endfacet
  facet normal 0.93588 0.352318 0
    outer loop
      vertex 28.4547 34.581 1.5
      vertex 27.9475 35.9283 1.1
      vertex 27.9475 35.9283 1.5
    endloop
  endfacet
  facet normal 0.93588 0.352318 0
    outer loop
      vertex 27.9475 35.9283 1.1
      vertex 28.4547 34.581 1.5
      vertex 28.4547 34.581 1.1
    endloop
  endfacet
  facet normal -0.58242 0.812888 0
    outer loop
      vertex 62.1728 25.5462 1.1
      vertex 61.0025 24.7077 1.5
      vertex 62.1728 25.5462 1.5
    endloop
  endfacet
  facet normal -0.58242 0.812888 0
    outer loop
      vertex 61.0025 24.7077 1.5
      vertex 62.1728 25.5462 1.1
      vertex 61.0025 24.7077 1.1
    endloop
  endfacet
  facet normal 0.0327158 -0.999465 0
    outer loop
      vertex 47.3411 64.9529 1.1
      vertex 48.78 65 1.5
      vertex 47.3411 64.9529 1.5
    endloop
  endfacet
  facet normal 0.0327158 -0.999465 0
    outer loop
      vertex 48.78 65 1.5
      vertex 47.3411 64.9529 1.1
      vertex 48.78 65 1.1
    endloop
  endfacet
  facet normal -0.683634 0.729825 0
    outer loop
      vertex 64.3363 27.4437 1.1
      vertex 63.2856 26.4595 1.5
      vertex 64.3363 27.4437 1.5
    endloop
  endfacet
  facet normal -0.683634 0.729825 0
    outer loop
      vertex 63.2856 26.4595 1.5
      vertex 64.3363 27.4437 1.1
      vertex 63.2856 26.4595 1.1
    endloop
  endfacet
  facet normal -0.290271 -0.956944 0
    outer loop
      vertex 54.474 64.2504 1.1
      vertex 55.8517 63.8325 1.5
      vertex 54.474 64.2504 1.5
    endloop
  endfacet
  facet normal -0.290271 -0.956944 -0
    outer loop
      vertex 55.8517 63.8325 1.5
      vertex 54.474 64.2504 1.1
      vertex 55.8517 63.8325 1.1
    endloop
  endfacet
  facet normal -0.352318 -0.93588 0
    outer loop
      vertex 55.8517 63.8325 1.1
      vertex 57.199 63.3253 1.5
      vertex 55.8517 63.8325 1.5
    endloop
  endfacet
  facet normal -0.352318 -0.93588 -0
    outer loop
      vertex 57.199 63.3253 1.5
      vertex 55.8517 63.8325 1.1
      vertex 57.199 63.3253 1.1
    endloop
  endfacet
  facet normal -0.47136 -0.881941 0
    outer loop
      vertex 58.5103 62.7312 1.1
      vertex 59.78 62.0526 1.5
      vertex 58.5103 62.7312 1.5
    endloop
  endfacet
  facet normal -0.47136 -0.881941 -0
    outer loop
      vertex 59.78 62.0526 1.5
      vertex 58.5103 62.7312 1.1
      vertex 59.78 62.0526 1.1
    endloop
  endfacet
  facet normal -0.849171 0.528118 0
    outer loop
      vertex 67.0723 30.7775 1.1
      vertex 67.8326 32 1.5
      vertex 67.8326 32 1.1
    endloop
  endfacet
  facet normal -0.849171 0.528118 0
    outer loop
      vertex 67.8326 32 1.5
      vertex 67.0723 30.7775 1.1
      vertex 67.0723 30.7775 1.5
    endloop
  endfacet
  facet normal 0.528118 0.849171 -0
    outer loop
      vertex 37.78 23.9474 1.1
      vertex 36.5575 24.7077 1.5
      vertex 37.78 23.9474 1.5
    endloop
  endfacet
  facet normal 0.528118 0.849171 0
    outer loop
      vertex 36.5575 24.7077 1.5
      vertex 37.78 23.9474 1.1
      vertex 36.5575 24.7077 1.1
    endloop
  endfacet
  facet normal 0.683634 0.729825 -0
    outer loop
      vertex 34.2744 26.4595 1.1
      vertex 33.2237 27.4437 1.5
      vertex 34.2744 26.4595 1.5
    endloop
  endfacet
  facet normal 0.683634 0.729825 0
    outer loop
      vertex 33.2237 27.4437 1.5
      vertex 34.2744 26.4595 1.1
      vertex 33.2237 27.4437 1.1
    endloop
  endfacet
  facet normal 0.290271 0.956944 -0
    outer loop
      vertex 43.086 21.7496 1.1
      vertex 41.7083 22.1675 1.5
      vertex 43.086 21.7496 1.5
    endloop
  endfacet
  facet normal 0.290271 0.956944 0
    outer loop
      vertex 41.7083 22.1675 1.5
      vertex 43.086 21.7496 1.1
      vertex 41.7083 22.1675 1.1
    endloop
  endfacet
  facet normal 0.999465 -0.0327158 0
    outer loop
      vertex 26.78 43 1.5
      vertex 26.8271 44.4389 1.1
      vertex 26.8271 44.4389 1.5
    endloop
  endfacet
  facet normal 0.999465 -0.0327158 0
    outer loop
      vertex 26.8271 44.4389 1.1
      vertex 26.78 43 1.5
      vertex 26.78 43 1.1
    endloop
  endfacet
  facet normal 0.352318 0.93588 -0
    outer loop
      vertex 41.7083 22.1675 1.1
      vertex 40.361 22.6747 1.5
      vertex 41.7083 22.1675 1.5
    endloop
  endfacet
  facet normal 0.352318 0.93588 0
    outer loop
      vertex 40.361 22.6747 1.5
      vertex 41.7083 22.1675 1.1
      vertex 40.361 22.6747 1.1
    endloop
  endfacet
  facet normal -0.910887 0.412657 0
    outer loop
      vertex 68.5112 33.2696 1.1
      vertex 69.1053 34.581 1.5
      vertex 69.1053 34.581 1.1
    endloop
  endfacet
  facet normal -0.910887 0.412657 0
    outer loop
      vertex 69.1053 34.581 1.5
      vertex 68.5112 33.2696 1.1
      vertex 68.5112 33.2696 1.5
    endloop
  endfacet
  facet normal -0 0 1
    outer loop
      vertex 68.2683 43.3571 1.1
      vertex 70.78 43 1.1
      vertex 70.7329 44.4389 1.1
    endloop
  endfacet
  facet normal -0 0 1
    outer loop
      vertex 68.1482 45.1897 1.1
      vertex 70.7329 44.4389 1.1
      vertex 70.5918 45.8716 1.1
    endloop
  endfacet
  facet normal 0 0 1
    outer loop
      vertex 70.78 43 1.1
      vertex 68.2683 43.3571 1.1
      vertex 68.28 43 1.1
    endloop
  endfacet
  facet normal 0 0 1
    outer loop
      vertex 68.1132 45.5453 1.1
      vertex 70.5918 45.8716 1.1
      vertex 70.3573 47.292 1.1
    endloop
  endfacet
  facet normal 0 0 1
    outer loop
      vertex 68.2687 42.6542 1.1
      vertex 70.78 43 1.1
      vertex 68.28 43 1.1
    endloop
  endfacet
  facet normal 0 0 1
    outer loop
      vertex 67.9053 46.8043 1.1
      vertex 70.3573 47.292 1.1
      vertex 70.0304 48.694 1.1
    endloop
  endfacet
  facet normal 0 0 1
    outer loop
      vertex 70.78 43 1.1
      vertex 68.2687 42.6542 1.1
      vertex 70.7329 41.5611 1.1
    endloop
  endfacet
  facet normal 0 0 1
    outer loop
      vertex 67.6156 48.047 1.1
      vertex 70.0304 48.694 1.1
      vertex 69.6125 50.0717 1.1
    endloop
  endfacet
  facet normal -0 0 1
    outer loop
      vertex 68.2383 41.7246 1.1
      vertex 70.7329 41.5611 1.1
      vertex 68.2687 42.6542 1.1
    endloop
  endfacet
  facet normal 0 0 1
    outer loop
      vertex 67.2451 49.2681 1.1
      vertex 69.6125 50.0717 1.1
      vertex 69.1053 51.419 1.1
    endloop
  endfacet
  facet normal 0 0 1
    outer loop
      vertex 68.1359 40.6852 1.1
      vertex 70.7329 41.5611 1.1
      vertex 68.2383 41.7246 1.1
    endloop
  endfacet
  facet normal 0 0 1
    outer loop
      vertex 66.7957 50.4623 1.1
      vertex 69.1053 51.419 1.1
      vertex 68.5112 52.7304 1.1
    endloop
  endfacet
  facet normal -0 0 1
    outer loop
      vertex 68.1132 40.4547 1.1
      vertex 70.5918 40.1284 1.1
      vertex 68.1359 40.6852 1.1
    endloop
  endfacet
  facet normal 0 0 1
    outer loop
      vertex 70.5918 40.1284 1.1
      vertex 68.1132 40.4547 1.1
      vertex 70.3573 38.708 1.1
    endloop
  endfacet
  facet normal 0 0 1
    outer loop
      vertex 70.7329 41.5611 1.1
      vertex 68.1359 40.6852 1.1
      vertex 70.5918 40.1284 1.1
    endloop
  endfacet
  facet normal 0 0 1
    outer loop
      vertex 70.7329 44.4389 1.1
      vertex 68.2383 44.2754 1.1
      vertex 68.2683 43.3571 1.1
    endloop
  endfacet
  facet normal 0 0 1
    outer loop
      vertex 70.7329 44.4389 1.1
      vertex 68.1482 45.1897 1.1
      vertex 68.2383 44.2754 1.1
    endloop
  endfacet
  facet normal 0 0 1
    outer loop
      vertex 70.5918 45.8716 1.1
      vertex 68.1132 45.5453 1.1
      vertex 68.1482 45.1897 1.1
    endloop
  endfacet
  facet normal 0 0 1
    outer loop
      vertex 70.3573 47.292 1.1
      vertex 67.9053 46.8043 1.1
      vertex 68.1132 45.5453 1.1
    endloop
  endfacet
  facet normal 0 0 1
    outer loop
      vertex 66.269 51.6246 1.1
      vertex 68.5112 52.7304 1.1
      vertex 67.8326 54 1.1
    endloop
  endfacet
  facet normal 0 0 1
    outer loop
      vertex 70.0304 48.694 1.1
      vertex 67.6156 48.047 1.1
      vertex 67.9053 46.8043 1.1
    endloop
  endfacet
  facet normal 0 0 1
    outer loop
      vertex 69.6125 50.0717 1.1
      vertex 67.2451 49.2681 1.1
      vertex 67.6156 48.047 1.1
    endloop
  endfacet
  facet normal 0 0 1
    outer loop
      vertex 65.6675 52.75 1.1
      vertex 67.8326 54 1.1
      vertex 67.0723 55.2225 1.1
    endloop
  endfacet
  facet normal 0 0 1
    outer loop
      vertex 69.1053 51.419 1.1
      vertex 66.7957 50.4623 1.1
      vertex 67.2451 49.2681 1.1
    endloop
  endfacet
  facet normal 0 0 1
    outer loop
      vertex 68.5112 52.7304 1.1
      vertex 66.269 51.6246 1.1
      vertex 66.7957 50.4623 1.1
    endloop
  endfacet
  facet normal 0 0 1
    outer loop
      vertex 64.7855 54.124 1.1
      vertex 67.0723 55.2225 1.1
      vertex 66.2338 56.3927 1.1
    endloop
  endfacet
  facet normal 0 0 1
    outer loop
      vertex 67.8326 54 1.1
      vertex 65.6675 52.75 1.1
      vertex 66.269 51.6246 1.1
    endloop
  endfacet
  facet normal 0 0 1
    outer loop
      vertex 64.2504 54.8708 1.1
      vertex 66.2338 56.3927 1.1
      vertex 65.3205 57.5056 1.1
    endloop
  endfacet
  facet normal 0 0 1
    outer loop
      vertex 67.0723 55.2225 1.1
      vertex 64.9937 53.8336 1.1
      vertex 65.6675 52.75 1.1
    endloop
  endfacet
  facet normal 0 0 1
    outer loop
      vertex 67.0723 55.2225 1.1
      vertex 64.7855 54.124 1.1
      vertex 64.9937 53.8336 1.1
    endloop
  endfacet
  facet normal 0 0 1
    outer loop
      vertex 62.8128 56.5278 1.1
      vertex 65.3205 57.5056 1.1
      vertex 64.3363 58.5564 1.1
    endloop
  endfacet
  facet normal 0 0 1
    outer loop
      vertex 66.2338 56.3927 1.1
      vertex 64.2504 54.8708 1.1
      vertex 64.7855 54.124 1.1
    endloop
  endfacet
  facet normal 0 0 1
    outer loop
      vertex 65.3205 57.5056 1.1
      vertex 63.4409 55.8572 1.1
      vertex 64.2504 54.8708 1.1
    endloop
  endfacet
  facet normal 0 0 1
    outer loop
      vertex 62.3078 57.0328 1.1
      vertex 64.3363 58.5564 1.1
      vertex 63.2856 59.5405 1.1
    endloop
  endfacet
  facet normal 0 0 1
    outer loop
      vertex 65.3205 57.5056 1.1
      vertex 62.8128 56.5278 1.1
      vertex 63.4409 55.8572 1.1
    endloop
  endfacet
  facet normal 0 0 1
    outer loop
      vertex 64.3363 58.5564 1.1
      vertex 62.5686 56.7886 1.1
      vertex 62.8128 56.5278 1.1
    endloop
  endfacet
  facet normal 0 0 1
    outer loop
      vertex 64.3363 58.5564 1.1
      vertex 62.3078 57.0328 1.1
      vertex 62.5686 56.7886 1.1
    endloop
  endfacet
  facet normal 0 0 1
    outer loop
      vertex 60.927 58.2437 1.1
      vertex 63.2856 59.5405 1.1
      vertex 62.1728 60.4538 1.1
    endloop
  endfacet
  facet normal 0 0 1
    outer loop
      vertex 63.2856 59.5405 1.1
      vertex 61.6372 57.6609 1.1
      vertex 62.3078 57.0328 1.1
    endloop
  endfacet
  facet normal 0 0 1
    outer loop
      vertex 60.6508 58.4704 1.1
      vertex 62.1728 60.4538 1.1
      vertex 61.0025 61.2923 1.1
    endloop
  endfacet
  facet normal 0 0 1
    outer loop
      vertex 63.2856 59.5405 1.1
      vertex 60.927 58.2437 1.1
      vertex 61.6372 57.6609 1.1
    endloop
  endfacet
  facet normal 0 0 1
    outer loop
      vertex 62.1728 60.4538 1.1
      vertex 60.6508 58.4704 1.1
      vertex 60.927 58.2437 1.1
    endloop
  endfacet
  facet normal 0 0 1
    outer loop
      vertex 59.6136 59.2137 1.1
      vertex 61.0025 61.2923 1.1
      vertex 59.78 62.0526 1.1
    endloop
  endfacet
  facet normal 0 0 1
    outer loop
      vertex 61.0025 61.2923 1.1
      vertex 59.6136 59.2137 1.1
      vertex 60.6508 58.4704 1.1
    endloop
  endfacet
  facet normal 0 0 1
    outer loop
      vertex 59.78 62.0526 1.1
      vertex 58.53 59.8875 1.1
      vertex 59.6136 59.2137 1.1
    endloop
  endfacet
  facet normal 0 0 1
    outer loop
      vertex 58.5103 62.7312 1.1
      vertex 58.53 59.8875 1.1
      vertex 59.78 62.0526 1.1
    endloop
  endfacet
  facet normal 0 0 1
    outer loop
      vertex 58.5103 62.7312 1.1
      vertex 57.4046 60.489 1.1
      vertex 58.53 59.8875 1.1
    endloop
  endfacet
  facet normal 0 0 1
    outer loop
      vertex 57.0792 60.6365 1.1
      vertex 58.5103 62.7312 1.1
      vertex 57.199 63.3253 1.1
    endloop
  endfacet
  facet normal 0 0 1
    outer loop
      vertex 58.5103 62.7312 1.1
      vertex 57.0792 60.6365 1.1
      vertex 57.4046 60.489 1.1
    endloop
  endfacet
  facet normal 0 0 1
    outer loop
      vertex 57.199 63.3253 1.1
      vertex 56.2423 61.0157 1.1
      vertex 57.0792 60.6365 1.1
    endloop
  endfacet
  facet normal 0 0 1
    outer loop
      vertex 55.3825 61.3393 1.1
      vertex 57.199 63.3253 1.1
      vertex 55.8517 63.8325 1.1
    endloop
  endfacet
  facet normal 0 0 1
    outer loop
      vertex 57.199 63.3253 1.1
      vertex 55.3825 61.3393 1.1
      vertex 56.2423 61.0157 1.1
    endloop
  endfacet
  facet normal 0 0 1
    outer loop
      vertex 55.8517 63.8325 1.1
      vertex 55.0481 61.4651 1.1
      vertex 55.3825 61.3393 1.1
    endloop
  endfacet
  facet normal 0 0 1
    outer loop
      vertex 54.474 64.2504 1.1
      vertex 55.0481 61.4651 1.1
      vertex 55.8517 63.8325 1.1
    endloop
  endfacet
  facet normal 0 0 1
    outer loop
      vertex 54.474 64.2504 1.1
      vertex 53.827 61.8356 1.1
      vertex 55.0481 61.4651 1.1
    endloop
  endfacet
  facet normal 0 0 1
    outer loop
      vertex 53.072 64.5773 1.1
      vertex 53.827 61.8356 1.1
      vertex 54.474 64.2504 1.1
    endloop
  endfacet
  facet normal 0 0 1
    outer loop
      vertex 53.072 64.5773 1.1
      vertex 52.5843 62.1253 1.1
      vertex 53.827 61.8356 1.1
    endloop
  endfacet
  facet normal 0 0 1
    outer loop
      vertex 51.6516 64.8118 1.1
      vertex 52.5843 62.1253 1.1
      vertex 53.072 64.5773 1.1
    endloop
  endfacet
  facet normal 0 0 1
    outer loop
      vertex 51.6516 64.8118 1.1
      vertex 51.3253 62.3332 1.1
      vertex 52.5843 62.1253 1.1
    endloop
  endfacet
  facet normal 0 0 1
    outer loop
      vertex 51.6516 64.8118 1.1
      vertex 50.9697 62.3682 1.1
      vertex 51.3253 62.3332 1.1
    endloop
  endfacet
  facet normal 0 0 1
    outer loop
      vertex 50.2189 64.9529 1.1
      vertex 50.9697 62.3682 1.1
      vertex 51.6516 64.8118 1.1
    endloop
  endfacet
  facet normal 0 0 1
    outer loop
      vertex 50.2189 64.9529 1.1
      vertex 50.0554 62.4582 1.1
      vertex 50.9697 62.3682 1.1
    endloop
  endfacet
  facet normal 0 0 1
    outer loop
      vertex 50.2189 64.9529 1.1
      vertex 49.1371 62.4883 1.1
      vertex 50.0554 62.4582 1.1
    endloop
  endfacet
  facet normal 0 0 1
    outer loop
      vertex 48.78 65 1.1
      vertex 49.1371 62.4883 1.1
      vertex 50.2189 64.9529 1.1
    endloop
  endfacet
  facet normal 0 0 1
    outer loop
      vertex 48.78 65 1.1
      vertex 48.78 62.5 1.1
      vertex 49.1371 62.4883 1.1
    endloop
  endfacet
  facet normal 0 0 1
    outer loop
      vertex 48.78 65 1.1
      vertex 47.5046 62.4582 1.1
      vertex 48.78 62.5 1.1
    endloop
  endfacet
  facet normal -0 0 1
    outer loop
      vertex 47.3411 64.9529 1.1
      vertex 47.5046 62.4582 1.1
      vertex 48.78 65 1.1
    endloop
  endfacet
  facet normal 0 0 1
    outer loop
      vertex 47.3411 64.9529 1.1
      vertex 46.2347 62.3332 1.1
      vertex 47.5046 62.4582 1.1
    endloop
  endfacet
  facet normal -0 0 1
    outer loop
      vertex 45.9084 64.8118 1.1
      vertex 46.2347 62.3332 1.1
      vertex 47.3411 64.9529 1.1
    endloop
  endfacet
  facet normal 0 0 1
    outer loop
      vertex 45.9084 64.8118 1.1
      vertex 44.9757 62.1253 1.1
      vertex 46.2347 62.3332 1.1
    endloop
  endfacet
  facet normal -0 0 1
    outer loop
      vertex 44.488 64.5773 1.1
      vertex 44.9757 62.1253 1.1
      vertex 45.9084 64.8118 1.1
    endloop
  endfacet
  facet normal 0 0 1
    outer loop
      vertex 44.488 64.5773 1.1
      vertex 43.733 61.8356 1.1
      vertex 44.9757 62.1253 1.1
    endloop
  endfacet
  facet normal -0 0 1
    outer loop
      vertex 43.086 64.2504 1.1
      vertex 43.733 61.8356 1.1
      vertex 44.488 64.5773 1.1
    endloop
  endfacet
  facet normal 0 0 1
    outer loop
      vertex 43.086 64.2504 1.1
      vertex 42.5119 61.4651 1.1
      vertex 43.733 61.8356 1.1
    endloop
  endfacet
  facet normal -0 0 1
    outer loop
      vertex 41.7083 63.8325 1.1
      vertex 42.5119 61.4651 1.1
      vertex 43.086 64.2504 1.1
    endloop
  endfacet
  facet normal 0 0 1
    outer loop
      vertex 41.7083 63.8325 1.1
      vertex 41.3177 61.0157 1.1
      vertex 42.5119 61.4651 1.1
    endloop
  endfacet
  facet normal -0 0 1
    outer loop
      vertex 40.361 63.3253 1.1
      vertex 41.3177 61.0157 1.1
      vertex 41.7083 63.8325 1.1
    endloop
  endfacet
  facet normal 0 0 1
    outer loop
      vertex 40.361 63.3253 1.1
      vertex 40.1554 60.489 1.1
      vertex 41.3177 61.0157 1.1
    endloop
  endfacet
  facet normal -0 0 1
    outer loop
      vertex 39.0496 62.7312 1.1
      vertex 40.1554 60.489 1.1
      vertex 40.361 63.3253 1.1
    endloop
  endfacet
  facet normal 0 0 1
    outer loop
      vertex 39.0496 62.7312 1.1
      vertex 39.03 59.8875 1.1
      vertex 40.1554 60.489 1.1
    endloop
  endfacet
  facet normal -0 0 1
    outer loop
      vertex 37.78 62.0526 1.1
      vertex 39.03 59.8875 1.1
      vertex 39.0496 62.7312 1.1
    endloop
  endfacet
  facet normal 0 0 1
    outer loop
      vertex 39.03 59.8875 1.1
      vertex 37.78 62.0526 1.1
      vertex 37.9464 59.2137 1.1
    endloop
  endfacet
  facet normal -0 0 1
    outer loop
      vertex 36.5575 61.2923 1.1
      vertex 37.9464 59.2137 1.1
      vertex 37.78 62.0526 1.1
    endloop
  endfacet
  facet normal 0 0 1
    outer loop
      vertex 37.9464 59.2137 1.1
      vertex 36.5575 61.2923 1.1
      vertex 36.9092 58.4704 1.1
    endloop
  endfacet
  facet normal -0 0 1
    outer loop
      vertex 35.3872 60.4538 1.1
      vertex 36.9092 58.4704 1.1
      vertex 36.5575 61.2923 1.1
    endloop
  endfacet
  facet normal 0 0 1
    outer loop
      vertex 36.9092 58.4704 1.1
      vertex 35.3872 60.4538 1.1
      vertex 35.9228 57.6609 1.1
    endloop
  endfacet
  facet normal -0 0 1
    outer loop
      vertex 34.2744 59.5405 1.1
      vertex 35.9228 57.6609 1.1
      vertex 35.3872 60.4538 1.1
    endloop
  endfacet
  facet normal 0 0 1
    outer loop
      vertex 35.9228 57.6609 1.1
      vertex 34.2744 59.5405 1.1
      vertex 34.9914 56.7886 1.1
    endloop
  endfacet
  facet normal -0 0 1
    outer loop
      vertex 33.2237 58.5564 1.1
      vertex 34.9914 56.7886 1.1
      vertex 34.2744 59.5405 1.1
    endloop
  endfacet
  facet normal 0 0 1
    outer loop
      vertex 34.9914 56.7886 1.1
      vertex 33.2237 58.5564 1.1
      vertex 34.1191 55.8572 1.1
    endloop
  endfacet
  facet normal -0 0 1
    outer loop
      vertex 32.2395 57.5056 1.1
      vertex 34.1191 55.8572 1.1
      vertex 33.2237 58.5564 1.1
    endloop
  endfacet
  facet normal 0 0 1
    outer loop
      vertex 34.1191 55.8572 1.1
      vertex 32.2395 57.5056 1.1
      vertex 33.3096 54.8708 1.1
    endloop
  endfacet
  facet normal -0 0 1
    outer loop
      vertex 31.3262 56.3927 1.1
      vertex 33.3096 54.8708 1.1
      vertex 32.2395 57.5056 1.1
    endloop
  endfacet
  facet normal 0 0 1
    outer loop
      vertex 33.3096 54.8708 1.1
      vertex 31.3262 56.3927 1.1
      vertex 32.5663 53.8336 1.1
    endloop
  endfacet
  facet normal -0 0 1
    outer loop
      vertex 30.4877 55.2225 1.1
      vertex 32.5663 53.8336 1.1
      vertex 31.3262 56.3927 1.1
    endloop
  endfacet
  facet normal 0 0 1
    outer loop
      vertex 32.5663 53.8336 1.1
      vertex 30.4877 55.2225 1.1
      vertex 31.8925 52.75 1.1
    endloop
  endfacet
  facet normal -0 0 1
    outer loop
      vertex 29.7274 54 1.1
      vertex 31.8925 52.75 1.1
      vertex 30.4877 55.2225 1.1
    endloop
  endfacet
  facet normal 0 0 1
    outer loop
      vertex 31.8925 52.75 1.1
      vertex 29.7274 54 1.1
      vertex 31.291 51.6246 1.1
    endloop
  endfacet
  facet normal -0 0 1
    outer loop
      vertex 29.0488 52.7304 1.1
      vertex 31.291 51.6246 1.1
      vertex 29.7274 54 1.1
    endloop
  endfacet
  facet normal 0 0 1
    outer loop
      vertex 31.291 51.6246 1.1
      vertex 29.0488 52.7304 1.1
      vertex 30.7643 50.4623 1.1
    endloop
  endfacet
  facet normal -0 0 1
    outer loop
      vertex 28.4547 51.419 1.1
      vertex 30.7643 50.4623 1.1
      vertex 29.0488 52.7304 1.1
    endloop
  endfacet
  facet normal 0 0 1
    outer loop
      vertex 30.7643 50.4623 1.1
      vertex 28.4547 51.419 1.1
      vertex 30.3149 49.2681 1.1
    endloop
  endfacet
  facet normal -0 0 1
    outer loop
      vertex 27.9475 50.0717 1.1
      vertex 30.3149 49.2681 1.1
      vertex 28.4547 51.419 1.1
    endloop
  endfacet
  facet normal 0 0 1
    outer loop
      vertex 30.3149 49.2681 1.1
      vertex 27.9475 50.0717 1.1
      vertex 29.9444 48.047 1.1
    endloop
  endfacet
  facet normal 0 0 1
    outer loop
      vertex 29.9444 48.047 1.1
      vertex 27.5296 48.694 1.1
      vertex 29.6547 46.8043 1.1
    endloop
  endfacet
  facet normal -0 0 1
    outer loop
      vertex 27.5296 48.694 1.1
      vertex 29.9444 48.047 1.1
      vertex 27.9475 50.0717 1.1
    endloop
  endfacet
  facet normal -0 0 1
    outer loop
      vertex 67.9053 39.1957 1.1
      vertex 70.3573 38.708 1.1
      vertex 68.1132 40.4547 1.1
    endloop
  endfacet
  facet normal 0 0 1
    outer loop
      vertex 70.3573 38.708 1.1
      vertex 67.9053 39.1957 1.1
      vertex 70.0304 37.306 1.1
    endloop
  endfacet
  facet normal -0 0 1
    outer loop
      vertex 67.6156 37.953 1.1
      vertex 70.0304 37.306 1.1
      vertex 67.9053 39.1957 1.1
    endloop
  endfacet
  facet normal -0 0 1
    outer loop
      vertex 67.2451 36.7319 1.1
      vertex 69.6125 35.9283 1.1
      vertex 67.6156 37.953 1.1
    endloop
  endfacet
  facet normal 0 0 1
    outer loop
      vertex 69.6125 35.9283 1.1
      vertex 67.2451 36.7319 1.1
      vertex 69.1053 34.581 1.1
    endloop
  endfacet
  facet normal 0 0 1
    outer loop
      vertex 70.0304 37.306 1.1
      vertex 67.6156 37.953 1.1
      vertex 69.6125 35.9283 1.1
    endloop
  endfacet
  facet normal -0 0 1
    outer loop
      vertex 66.7957 35.5377 1.1
      vertex 69.1053 34.581 1.1
      vertex 67.2451 36.7319 1.1
    endloop
  endfacet
  facet normal 0 0 1
    outer loop
      vertex 69.1053 34.581 1.1
      vertex 66.7957 35.5377 1.1
      vertex 68.5112 33.2696 1.1
    endloop
  endfacet
  facet normal -0 0 1
    outer loop
      vertex 66.269 34.3754 1.1
      vertex 68.5112 33.2696 1.1
      vertex 66.7957 35.5377 1.1
    endloop
  endfacet
  facet normal -0 0 1
    outer loop
      vertex 65.9826 33.8395 1.1
      vertex 68.5112 33.2696 1.1
      vertex 66.269 34.3754 1.1
    endloop
  endfacet
  facet normal 0 0 1
    outer loop
      vertex 68.5112 33.2696 1.1
      vertex 65.9826 33.8395 1.1
      vertex 67.8326 32 1.1
    endloop
  endfacet
  facet normal -0 0 1
    outer loop
      vertex 65.6675 33.25 1.1
      vertex 67.8326 32 1.1
      vertex 65.9826 33.8395 1.1
    endloop
  endfacet
  facet normal -0 0 1
    outer loop
      vertex 65.3641 32.7621 1.1
      vertex 67.8326 32 1.1
      vertex 65.6675 33.25 1.1
    endloop
  endfacet
  facet normal 0 0 1
    outer loop
      vertex 67.8326 32 1.1
      vertex 65.3641 32.7621 1.1
      vertex 67.0723 30.7775 1.1
    endloop
  endfacet
  facet normal -0 0 1
    outer loop
      vertex 64.9937 32.1664 1.1
      vertex 67.0723 30.7775 1.1
      vertex 65.3641 32.7621 1.1
    endloop
  endfacet
  facet normal 0 0 1
    outer loop
      vertex 67.0723 30.7775 1.1
      vertex 64.9937 32.1664 1.1
      vertex 66.2338 29.6073 1.1
    endloop
  endfacet
  facet normal -0 0 1
    outer loop
      vertex 64.2504 31.1292 1.1
      vertex 66.2338 29.6073 1.1
      vertex 64.9937 32.1664 1.1
    endloop
  endfacet
  facet normal 0 0 1
    outer loop
      vertex 66.2338 29.6073 1.1
      vertex 64.2504 31.1292 1.1
      vertex 65.3205 28.4944 1.1
    endloop
  endfacet
  facet normal -0 0 1
    outer loop
      vertex 63.4409 30.1428 1.1
      vertex 65.3205 28.4944 1.1
      vertex 64.2504 31.1292 1.1
    endloop
  endfacet
  facet normal 0 0 1
    outer loop
      vertex 65.3205 28.4944 1.1
      vertex 63.4409 30.1428 1.1
      vertex 64.3363 27.4437 1.1
    endloop
  endfacet
  facet normal -0 0 1
    outer loop
      vertex 62.5686 29.2114 1.1
      vertex 64.3363 27.4437 1.1
      vertex 63.4409 30.1428 1.1
    endloop
  endfacet
  facet normal 0 0 1
    outer loop
      vertex 64.3363 27.4437 1.1
      vertex 62.5686 29.2114 1.1
      vertex 63.2856 26.4595 1.1
    endloop
  endfacet
  facet normal -0 0 1
    outer loop
      vertex 61.6372 28.3391 1.1
      vertex 63.2856 26.4595 1.1
      vertex 62.5686 29.2114 1.1
    endloop
  endfacet
  facet normal 0 0 1
    outer loop
      vertex 63.2856 26.4595 1.1
      vertex 61.6372 28.3391 1.1
      vertex 62.1728 25.5462 1.1
    endloop
  endfacet
  facet normal -0 0 1
    outer loop
      vertex 60.6508 27.5296 1.1
      vertex 62.1728 25.5462 1.1
      vertex 61.6372 28.3391 1.1
    endloop
  endfacet
  facet normal 0 0 1
    outer loop
      vertex 62.1728 25.5462 1.1
      vertex 60.6508 27.5296 1.1
      vertex 61.0025 24.7077 1.1
    endloop
  endfacet
  facet normal -0 0 1
    outer loop
      vertex 59.6136 26.7863 1.1
      vertex 61.0025 24.7077 1.1
      vertex 60.6508 27.5296 1.1
    endloop
  endfacet
  facet normal 0 0 1
    outer loop
      vertex 61.0025 24.7077 1.1
      vertex 59.6136 26.7863 1.1
      vertex 59.78 23.9474 1.1
    endloop
  endfacet
  facet normal -0 0 1
    outer loop
      vertex 58.53 26.1125 1.1
      vertex 59.78 23.9474 1.1
      vertex 59.6136 26.7863 1.1
    endloop
  endfacet
  facet normal 0 0 1
    outer loop
      vertex 58.53 26.1125 1.1
      vertex 58.5103 23.2688 1.1
      vertex 59.78 23.9474 1.1
    endloop
  endfacet
  facet normal -0 0 1
    outer loop
      vertex 57.4046 25.511 1.1
      vertex 58.5103 23.2688 1.1
      vertex 58.53 26.1125 1.1
    endloop
  endfacet
  facet normal 0 0 1
    outer loop
      vertex 57.4046 25.511 1.1
      vertex 57.199 22.6747 1.1
      vertex 58.5103 23.2688 1.1
    endloop
  endfacet
  facet normal -0 0 1
    outer loop
      vertex 56.2423 24.9843 1.1
      vertex 57.199 22.6747 1.1
      vertex 57.4046 25.511 1.1
    endloop
  endfacet
  facet normal 0 0 1
    outer loop
      vertex 56.2423 24.9843 1.1
      vertex 55.8517 22.1675 1.1
      vertex 57.199 22.6747 1.1
    endloop
  endfacet
  facet normal -0 0 1
    outer loop
      vertex 55.0481 24.5349 1.1
      vertex 55.8517 22.1675 1.1
      vertex 56.2423 24.9843 1.1
    endloop
  endfacet
  facet normal 0 0 1
    outer loop
      vertex 55.0481 24.5349 1.1
      vertex 54.474 21.7496 1.1
      vertex 55.8517 22.1675 1.1
    endloop
  endfacet
  facet normal -0 0 1
    outer loop
      vertex 53.827 24.1644 1.1
      vertex 54.474 21.7496 1.1
      vertex 55.0481 24.5349 1.1
    endloop
  endfacet
  facet normal 0 0 1
    outer loop
      vertex 53.827 24.1644 1.1
      vertex 53.072 21.4227 1.1
      vertex 54.474 21.7496 1.1
    endloop
  endfacet
  facet normal -0 0 1
    outer loop
      vertex 52.5843 23.8747 1.1
      vertex 53.072 21.4227 1.1
      vertex 53.827 24.1644 1.1
    endloop
  endfacet
  facet normal 0 0 1
    outer loop
      vertex 52.5843 23.8747 1.1
      vertex 51.6516 21.1882 1.1
      vertex 53.072 21.4227 1.1
    endloop
  endfacet
  facet normal -0 0 1
    outer loop
      vertex 51.3253 23.6668 1.1
      vertex 51.6516 21.1882 1.1
      vertex 52.5843 23.8747 1.1
    endloop
  endfacet
  facet normal 0 0 1
    outer loop
      vertex 51.3253 23.6668 1.1
      vertex 50.2189 21.0471 1.1
      vertex 51.6516 21.1882 1.1
    endloop
  endfacet
  facet normal -0 0 1
    outer loop
      vertex 50.0554 23.5418 1.1
      vertex 50.2189 21.0471 1.1
      vertex 51.3253 23.6668 1.1
    endloop
  endfacet
  facet normal -0 0 1
    outer loop
      vertex 48.7913 23.5004 1.1
      vertex 50.2189 21.0471 1.1
      vertex 50.0554 23.5418 1.1
    endloop
  endfacet
  facet normal 0 0 1
    outer loop
      vertex 48.78 21 1.1
      vertex 48.7913 23.5004 1.1
      vertex 48.78 23.5 1.1
    endloop
  endfacet
  facet normal 0 0 1
    outer loop
      vertex 48.7913 23.5004 1.1
      vertex 48.78 21 1.1
      vertex 50.2189 21.0471 1.1
    endloop
  endfacet
  facet normal 0 0 1
    outer loop
      vertex 47.5046 23.5418 1.1
      vertex 48.78 21 1.1
      vertex 48.78 23.5 1.1
    endloop
  endfacet
  facet normal 0 0 1
    outer loop
      vertex 47.5046 23.5418 1.1
      vertex 47.3411 21.0471 1.1
      vertex 48.78 21 1.1
    endloop
  endfacet
  facet normal 0 0 1
    outer loop
      vertex 46.2347 23.6668 1.1
      vertex 47.3411 21.0471 1.1
      vertex 47.5046 23.5418 1.1
    endloop
  endfacet
  facet normal 0 0 1
    outer loop
      vertex 46.2347 23.6668 1.1
      vertex 45.9084 21.1882 1.1
      vertex 47.3411 21.0471 1.1
    endloop
  endfacet
  facet normal 0 0 1
    outer loop
      vertex 44.9757 23.8747 1.1
      vertex 45.9084 21.1882 1.1
      vertex 46.2347 23.6668 1.1
    endloop
  endfacet
  facet normal 0 0 1
    outer loop
      vertex 44.9757 23.8747 1.1
      vertex 44.488 21.4227 1.1
      vertex 45.9084 21.1882 1.1
    endloop
  endfacet
  facet normal 0 0 1
    outer loop
      vertex 43.733 24.1644 1.1
      vertex 44.488 21.4227 1.1
      vertex 44.9757 23.8747 1.1
    endloop
  endfacet
  facet normal 0 0 1
    outer loop
      vertex 43.733 24.1644 1.1
      vertex 43.086 21.7496 1.1
      vertex 44.488 21.4227 1.1
    endloop
  endfacet
  facet normal 0 0 1
    outer loop
      vertex 42.5119 24.5349 1.1
      vertex 43.086 21.7496 1.1
      vertex 43.733 24.1644 1.1
    endloop
  endfacet
  facet normal 0 0 1
    outer loop
      vertex 42.5119 24.5349 1.1
      vertex 41.7083 22.1675 1.1
      vertex 43.086 21.7496 1.1
    endloop
  endfacet
  facet normal 0 0 1
    outer loop
      vertex 41.3177 24.9843 1.1
      vertex 41.7083 22.1675 1.1
      vertex 42.5119 24.5349 1.1
    endloop
  endfacet
  facet normal 0 0 1
    outer loop
      vertex 41.3177 24.9843 1.1
      vertex 40.361 22.6747 1.1
      vertex 41.7083 22.1675 1.1
    endloop
  endfacet
  facet normal 0 0 1
    outer loop
      vertex 40.1554 25.511 1.1
      vertex 40.361 22.6747 1.1
      vertex 41.3177 24.9843 1.1
    endloop
  endfacet
  facet normal 0 0 1
    outer loop
      vertex 40.1554 25.511 1.1
      vertex 39.0496 23.2688 1.1
      vertex 40.361 22.6747 1.1
    endloop
  endfacet
  facet normal 0 0 1
    outer loop
      vertex 39.03 26.1125 1.1
      vertex 39.0496 23.2688 1.1
      vertex 40.1554 25.511 1.1
    endloop
  endfacet
  facet normal 0 0 1
    outer loop
      vertex 37.78 23.9474 1.1
      vertex 39.03 26.1125 1.1
      vertex 37.9464 26.7863 1.1
    endloop
  endfacet
  facet normal 0 0 1
    outer loop
      vertex 39.03 26.1125 1.1
      vertex 37.78 23.9474 1.1
      vertex 39.0496 23.2688 1.1
    endloop
  endfacet
  facet normal 0 0 1
    outer loop
      vertex 36.5575 24.7077 1.1
      vertex 37.9464 26.7863 1.1
      vertex 36.9092 27.5296 1.1
    endloop
  endfacet
  facet normal 0 0 1
    outer loop
      vertex 37.9464 26.7863 1.1
      vertex 36.5575 24.7077 1.1
      vertex 37.78 23.9474 1.1
    endloop
  endfacet
  facet normal 0 0 1
    outer loop
      vertex 35.3872 25.5462 1.1
      vertex 36.9092 27.5296 1.1
      vertex 35.9228 28.3391 1.1
    endloop
  endfacet
  facet normal 0 0 1
    outer loop
      vertex 36.9092 27.5296 1.1
      vertex 35.3872 25.5462 1.1
      vertex 36.5575 24.7077 1.1
    endloop
  endfacet
  facet normal 0 0 1
    outer loop
      vertex 34.2744 26.4595 1.1
      vertex 35.9228 28.3391 1.1
      vertex 34.9914 29.2114 1.1
    endloop
  endfacet
  facet normal 0 0 1
    outer loop
      vertex 35.9228 28.3391 1.1
      vertex 34.2744 26.4595 1.1
      vertex 35.3872 25.5462 1.1
    endloop
  endfacet
  facet normal 0 0 1
    outer loop
      vertex 33.2237 27.4437 1.1
      vertex 34.9914 29.2114 1.1
      vertex 34.1191 30.1428 1.1
    endloop
  endfacet
  facet normal 0 0 1
    outer loop
      vertex 32.2395 28.4944 1.1
      vertex 34.1191 30.1428 1.1
      vertex 33.3096 31.1292 1.1
    endloop
  endfacet
  facet normal 0 0 1
    outer loop
      vertex 34.9914 29.2114 1.1
      vertex 33.2237 27.4437 1.1
      vertex 34.2744 26.4595 1.1
    endloop
  endfacet
  facet normal 0 0 1
    outer loop
      vertex 31.3262 29.6073 1.1
      vertex 33.3096 31.1292 1.1
      vertex 32.5663 32.1664 1.1
    endloop
  endfacet
  facet normal 0 0 1
    outer loop
      vertex 34.1191 30.1428 1.1
      vertex 32.2395 28.4944 1.1
      vertex 33.2237 27.4437 1.1
    endloop
  endfacet
  facet normal 0 0 1
    outer loop
      vertex 30.4877 30.7775 1.1
      vertex 32.5663 32.1664 1.1
      vertex 31.8925 33.25 1.1
    endloop
  endfacet
  facet normal 0 0 1
    outer loop
      vertex 33.3096 31.1292 1.1
      vertex 31.3262 29.6073 1.1
      vertex 32.2395 28.4944 1.1
    endloop
  endfacet
  facet normal 0 0 1
    outer loop
      vertex 29.7274 32 1.1
      vertex 31.8925 33.25 1.1
      vertex 31.291 34.3754 1.1
    endloop
  endfacet
  facet normal 0 0 1
    outer loop
      vertex 29.0488 33.2696 1.1
      vertex 31.291 34.3754 1.1
      vertex 30.7643 35.5377 1.1
    endloop
  endfacet
  facet normal 0 0 1
    outer loop
      vertex 32.5663 32.1664 1.1
      vertex 30.4877 30.7775 1.1
      vertex 31.3262 29.6073 1.1
    endloop
  endfacet
  facet normal 0 0 1
    outer loop
      vertex 28.4547 34.581 1.1
      vertex 30.7643 35.5377 1.1
      vertex 30.3149 36.7319 1.1
    endloop
  endfacet
  facet normal 0 0 1
    outer loop
      vertex 27.9475 35.9283 1.1
      vertex 30.3149 36.7319 1.1
      vertex 29.9444 37.953 1.1
    endloop
  endfacet
  facet normal 0 0 1
    outer loop
      vertex 31.8925 33.25 1.1
      vertex 29.7274 32 1.1
      vertex 30.4877 30.7775 1.1
    endloop
  endfacet
  facet normal 0 0 1
    outer loop
      vertex 27.5296 37.306 1.1
      vertex 29.9444 37.953 1.1
      vertex 29.6547 39.1957 1.1
    endloop
  endfacet
  facet normal 0 0 1
    outer loop
      vertex 27.2027 38.708 1.1
      vertex 29.6547 39.1957 1.1
      vertex 29.4468 40.4547 1.1
    endloop
  endfacet
  facet normal 0 0 1
    outer loop
      vertex 26.9682 40.1284 1.1
      vertex 29.4468 40.4547 1.1
      vertex 29.3218 41.7246 1.1
    endloop
  endfacet
  facet normal 0 0 1
    outer loop
      vertex 31.291 34.3754 1.1
      vertex 29.0488 33.2696 1.1
      vertex 29.7274 32 1.1
    endloop
  endfacet
  facet normal 0 0 1
    outer loop
      vertex 26.8271 41.5611 1.1
      vertex 29.3218 41.7246 1.1
      vertex 29.28 43 1.1
    endloop
  endfacet
  facet normal -0 0 1
    outer loop
      vertex 27.2027 47.292 1.1
      vertex 29.6547 46.8043 1.1
      vertex 27.5296 48.694 1.1
    endloop
  endfacet
  facet normal 0 0 1
    outer loop
      vertex 29.6547 46.8043 1.1
      vertex 27.2027 47.292 1.1
      vertex 29.4468 45.5453 1.1
    endloop
  endfacet
  facet normal 0 0 1
    outer loop
      vertex 30.7643 35.5377 1.1
      vertex 28.4547 34.581 1.1
      vertex 29.0488 33.2696 1.1
    endloop
  endfacet
  facet normal -0 0 1
    outer loop
      vertex 26.9682 45.8716 1.1
      vertex 29.4468 45.5453 1.1
      vertex 27.2027 47.292 1.1
    endloop
  endfacet
  facet normal 0 0 1
    outer loop
      vertex 30.3149 36.7319 1.1
      vertex 27.9475 35.9283 1.1
      vertex 28.4547 34.581 1.1
    endloop
  endfacet
  facet normal 0 0 1
    outer loop
      vertex 29.4468 45.5453 1.1
      vertex 26.9682 45.8716 1.1
      vertex 29.3218 44.2754 1.1
    endloop
  endfacet
  facet normal 0 0 1
    outer loop
      vertex 29.9444 37.953 1.1
      vertex 27.5296 37.306 1.1
      vertex 27.9475 35.9283 1.1
    endloop
  endfacet
  facet normal -0 0 1
    outer loop
      vertex 26.8271 44.4389 1.1
      vertex 29.3218 44.2754 1.1
      vertex 26.9682 45.8716 1.1
    endloop
  endfacet
  facet normal 0 0 1
    outer loop
      vertex 29.6547 39.1957 1.1
      vertex 27.2027 38.708 1.1
      vertex 27.5296 37.306 1.1
    endloop
  endfacet
  facet normal 0 0 1
    outer loop
      vertex 29.3218 44.2754 1.1
      vertex 26.8271 44.4389 1.1
      vertex 29.28 43 1.1
    endloop
  endfacet
  facet normal 0 0 1
    outer loop
      vertex 29.4468 40.4547 1.1
      vertex 26.9682 40.1284 1.1
      vertex 27.2027 38.708 1.1
    endloop
  endfacet
  facet normal 0 0 1
    outer loop
      vertex 26.78 43 1.1
      vertex 29.28 43 1.1
      vertex 26.8271 44.4389 1.1
    endloop
  endfacet
  facet normal 0 0 1
    outer loop
      vertex 29.3218 41.7246 1.1
      vertex 26.8271 41.5611 1.1
      vertex 26.9682 40.1284 1.1
    endloop
  endfacet
  facet normal 0 0 1
    outer loop
      vertex 29.28 43 1.1
      vertex 26.78 43 1.1
      vertex 26.8271 41.5611 1.1
    endloop
  endfacet
  facet normal 0.999467 -0.0326604 0
    outer loop
      vertex 68.2687 42.6542 1.5
      vertex 68.28 43 1.1
      vertex 68.28 43 1.5
    endloop
  endfacet
  facet normal 0.999467 -0.0326604 0
    outer loop
      vertex 68.28 43 1.1
      vertex 68.2687 42.6542 1.5
      vertex 68.2687 42.6542 1.1
    endloop
  endfacet
  facet normal 0.995191 0.0979519 0
    outer loop
      vertex 68.1482 45.1897 1.5
      vertex 68.1132 45.5453 1.1
      vertex 68.1132 45.5453 1.5
    endloop
  endfacet
  facet normal 0.995191 0.0979519 0
    outer loop
      vertex 68.1132 45.5453 1.1
      vertex 68.1482 45.1897 1.5
      vertex 68.1482 45.1897 1.1
    endloop
  endfacet
  facet normal 0.999464 0.0327464 0
    outer loop
      vertex 68.28 43 1.5
      vertex 68.2683 43.3571 1.1
      vertex 68.2683 43.3571 1.5
    endloop
  endfacet
  facet normal 0.999464 0.0327464 0
    outer loop
      vertex 68.2683 43.3571 1.1
      vertex 68.28 43 1.5
      vertex 68.28 43 1.1
    endloop
  endfacet
  facet normal 0.0353761 -0.999374 0
    outer loop
      vertex 48.78 23.5 1.1
      vertex 48.7913 23.5004 1.5
      vertex 48.78 23.5 1.5
    endloop
  endfacet
  facet normal 0.0353761 -0.999374 0
    outer loop
      vertex 48.7913 23.5004 1.5
      vertex 48.78 23.5 1.1
      vertex 48.7913 23.5004 1.1
    endloop
  endfacet
  facet normal 0.582505 0.812827 -0
    outer loop
      vertex 60.6508 58.4704 1.1
      vertex 59.6136 59.2137 1.5
      vertex 60.6508 58.4704 1.5
    endloop
  endfacet
  facet normal 0.582505 0.812827 0
    outer loop
      vertex 59.6136 59.2137 1.5
      vertex 60.6508 58.4704 1.1
      vertex 59.6136 59.2137 1.1
    endloop
  endfacet
  facet normal 0.412854 0.910797 -0
    outer loop
      vertex 57.4046 60.489 1.1
      vertex 57.0792 60.6365 1.5
      vertex 57.4046 60.489 1.5
    endloop
  endfacet
  facet normal 0.412854 0.910797 0
    outer loop
      vertex 57.0792 60.6365 1.5
      vertex 57.4046 60.489 1.1
      vertex 57.0792 60.6365 1.1
    endloop
  endfacet
  facet normal 0.634441 0.772971 -0
    outer loop
      vertex 60.927 58.2437 1.1
      vertex 60.6508 58.4704 1.5
      vertex 60.927 58.2437 1.5
    endloop
  endfacet
  facet normal 0.634441 0.772971 0
    outer loop
      vertex 60.6508 58.4704 1.5
      vertex 60.927 58.2437 1.1
      vertex 60.6508 58.4704 1.1
    endloop
  endfacet
  facet normal 0.849211 0.528053 0
    outer loop
      vertex 65.6675 52.75 1.5
      vertex 64.9937 53.8336 1.1
      vertex 64.9937 53.8336 1.5
    endloop
  endfacet
  facet normal 0.849211 0.528053 0
    outer loop
      vertex 64.9937 53.8336 1.1
      vertex 65.6675 52.75 1.5
      vertex 65.6675 52.75 1.1
    endloop
  endfacet
  facet normal 0.986639 0.162925 0
    outer loop
      vertex 68.1132 45.5453 1.5
      vertex 67.9053 46.8043 1.1
      vertex 67.9053 46.8043 1.5
    endloop
  endfacet
  facet normal 0.986639 0.162925 0
    outer loop
      vertex 67.9053 46.8043 1.1
      vertex 68.1132 45.5453 1.5
      vertex 68.1132 45.5453 1.1
    endloop
  endfacet
  facet normal 0.986639 -0.162925 0
    outer loop
      vertex 67.9053 39.1957 1.5
      vertex 68.1132 40.4547 1.1
      vertex 68.1132 40.4547 1.5
    endloop
  endfacet
  facet normal 0.986639 -0.162925 0
    outer loop
      vertex 68.1132 40.4547 1.1
      vertex 67.9053 39.1957 1.5
      vertex 67.9053 39.1957 1.1
    endloop
  endfacet
  facet normal 0.471373 0.881934 -0
    outer loop
      vertex 58.53 59.8875 1.1
      vertex 57.4046 60.489 1.5
      vertex 58.53 59.8875 1.5
    endloop
  endfacet
  facet normal 0.471373 0.881934 0
    outer loop
      vertex 57.4046 60.489 1.5
      vertex 58.53 59.8875 1.1
      vertex 57.4046 60.489 1.1
    endloop
  endfacet
  facet normal 0.995186 -0.0980074 0
    outer loop
      vertex 68.1132 40.4547 1.5
      vertex 68.1359 40.6852 1.1
      vertex 68.1359 40.6852 1.5
    endloop
  endfacet
  facet normal 0.995186 -0.0980074 0
    outer loop
      vertex 68.1359 40.6852 1.1
      vertex 68.1132 40.4547 1.5
      vertex 68.1132 40.4547 1.1
    endloop
  endfacet
  facet normal 0.956922 0.290345 0
    outer loop
      vertex 67.6156 48.047 1.5
      vertex 67.2451 49.2681 1.1
      vertex 67.2451 49.2681 1.5
    endloop
  endfacet
  facet normal 0.956922 0.290345 0
    outer loop
      vertex 67.2451 49.2681 1.1
      vertex 67.6156 48.047 1.5
      vertex 67.6156 48.047 1.1
    endloop
  endfacet
  facet normal 0.935923 0.352205 0
    outer loop
      vertex 67.2451 49.2681 1.5
      vertex 66.7957 50.4623 1.1
      vertex 66.7957 50.4623 1.5
    endloop
  endfacet
  facet normal 0.935923 0.352205 0
    outer loop
      vertex 66.7957 50.4623 1.1
      vertex 67.2451 49.2681 1.5
      vertex 67.2451 49.2681 1.1
    endloop
  endfacet
  facet normal 0.683494 0.729956 -0
    outer loop
      vertex 62.5686 56.7886 1.1
      vertex 62.3078 57.0328 1.5
      vertex 62.5686 56.7886 1.5
    endloop
  endfacet
  facet normal 0.683494 0.729956 0
    outer loop
      vertex 62.3078 57.0328 1.5
      vertex 62.5686 56.7886 1.1
      vertex 62.3078 57.0328 1.1
    endloop
  endfacet
  facet normal 0.162925 0.986639 -0
    outer loop
      vertex 52.5843 62.1253 1.1
      vertex 51.3253 62.3332 1.5
      vertex 52.5843 62.1253 1.5
    endloop
  endfacet
  facet normal 0.162925 0.986639 0
    outer loop
      vertex 51.3253 62.3332 1.5
      vertex 52.5843 62.1253 1.1
      vertex 51.3253 62.3332 1.1
    endloop
  endfacet
  facet normal 0.910844 0.412752 0
    outer loop
      vertex 66.7957 50.4623 1.5
      vertex 66.269 51.6246 1.1
      vertex 66.269 51.6246 1.5
    endloop
  endfacet
  facet normal 0.910844 0.412752 0
    outer loop
      vertex 66.269 51.6246 1.1
      vertex 66.7957 50.4623 1.5
      vertex 66.7957 50.4623 1.1
    endloop
  endfacet
  facet normal 0.881934 0.471373 0
    outer loop
      vertex 66.269 51.6246 1.5
      vertex 65.6675 52.75 1.1
      vertex 65.6675 52.75 1.5
    endloop
  endfacet
  facet normal 0.881934 0.471373 0
    outer loop
      vertex 65.6675 52.75 1.1
      vertex 66.269 51.6246 1.5
      vertex 66.269 51.6246 1.1
    endloop
  endfacet
  facet normal 0.352105 0.935961 -0
    outer loop
      vertex 55.3825 61.3393 1.1
      vertex 55.0481 61.4651 1.5
      vertex 55.3825 61.3393 1.5
    endloop
  endfacet
  facet normal 0.352105 0.935961 0
    outer loop
      vertex 55.0481 61.4651 1.5
      vertex 55.3825 61.3393 1.1
      vertex 55.0481 61.4651 1.1
    endloop
  endfacet
  facet normal 0.812711 0.582667 0
    outer loop
      vertex 64.9937 53.8336 1.5
      vertex 64.7855 54.124 1.1
      vertex 64.7855 54.124 1.5
    endloop
  endfacet
  facet normal 0.812711 0.582667 0
    outer loop
      vertex 64.7855 54.124 1.1
      vertex 64.9937 53.8336 1.5
      vertex 64.9937 53.8336 1.1
    endloop
  endfacet
  facet normal 0.881918 -0.471403 0
    outer loop
      vertex 65.6675 33.25 1.5
      vertex 65.9826 33.8395 1.1
      vertex 65.9826 33.8395 1.5
    endloop
  endfacet
  facet normal 0.881918 -0.471403 0
    outer loop
      vertex 65.9826 33.8395 1.1
      vertex 65.6675 33.25 1.5
      vertex 65.6675 33.25 1.1
    endloop
  endfacet
  facet normal 0.528053 0.849211 -0
    outer loop
      vertex 59.6136 59.2137 1.1
      vertex 58.53 59.8875 1.5
      vertex 59.6136 59.2137 1.5
    endloop
  endfacet
  facet normal 0.528053 0.849211 0
    outer loop
      vertex 58.53 59.8875 1.5
      vertex 59.6136 59.2137 1.1
      vertex 58.53 59.8875 1.1
    endloop
  endfacet
  facet normal 0.973887 -0.227034 0
    outer loop
      vertex 67.6156 37.953 1.5
      vertex 67.9053 39.1957 1.1
      vertex 67.9053 39.1957 1.5
    endloop
  endfacet
  facet normal 0.973887 -0.227034 0
    outer loop
      vertex 67.9053 39.1957 1.1
      vertex 67.6156 37.953 1.5
      vertex 67.6156 37.953 1.1
    endloop
  endfacet
  facet normal 0.973887 0.227034 0
    outer loop
      vertex 67.9053 46.8043 1.5
      vertex 67.6156 48.047 1.1
      vertex 67.6156 48.047 1.5
    endloop
  endfacet
  facet normal 0.973887 0.227034 0
    outer loop
      vertex 67.6156 48.047 1.1
      vertex 67.9053 46.8043 1.5
      vertex 67.9053 46.8043 1.1
    endloop
  endfacet
  facet normal 0.729956 0.683494 0
    outer loop
      vertex 62.8128 56.5278 1.5
      vertex 62.5686 56.7886 1.1
      vertex 62.5686 56.7886 1.5
    endloop
  endfacet
  facet normal 0.729956 0.683494 0
    outer loop
      vertex 62.5686 56.7886 1.1
      vertex 62.8128 56.5278 1.5
      vertex 62.8128 56.5278 1.1
    endloop
  endfacet
  facet normal 0.290345 0.956922 -0
    outer loop
      vertex 55.0481 61.4651 1.1
      vertex 53.827 61.8356 1.5
      vertex 55.0481 61.4651 1.5
    endloop
  endfacet
  facet normal 0.290345 0.956922 0
    outer loop
      vertex 53.827 61.8356 1.5
      vertex 55.0481 61.4651 1.1
      vertex 53.827 61.8356 1.1
    endloop
  endfacet
  facet normal 0.0979519 0.995191 -0
    outer loop
      vertex 51.3253 62.3332 1.1
      vertex 50.9697 62.3682 1.5
      vertex 51.3253 62.3332 1.5
    endloop
  endfacet
  facet normal 0.0979519 0.995191 0
    outer loop
      vertex 50.9697 62.3682 1.5
      vertex 51.3253 62.3332 1.1
      vertex 50.9697 62.3682 1.1
    endloop
  endfacet
  facet normal 0.0327464 0.999464 -0
    outer loop
      vertex 49.1371 62.4883 1.1
      vertex 48.78 62.5 1.5
      vertex 49.1371 62.4883 1.5
    endloop
  endfacet
  facet normal 0.0327464 0.999464 0
    outer loop
      vertex 48.78 62.5 1.5
      vertex 49.1371 62.4883 1.1
      vertex 48.78 62.5 1.1
    endloop
  endfacet
  facet normal 0.849199 -0.528073 0
    outer loop
      vertex 65.3641 32.7621 1.5
      vertex 65.6675 33.25 1.1
      vertex 65.6675 33.25 1.5
    endloop
  endfacet
  facet normal 0.849199 -0.528073 0
    outer loop
      vertex 65.6675 33.25 1.1
      vertex 65.3641 32.7621 1.5
      vertex 65.3641 32.7621 1.1
    endloop
  endfacet
  facet normal 0.227034 0.973887 -0
    outer loop
      vertex 53.827 61.8356 1.1
      vertex 52.5843 62.1253 1.5
      vertex 53.827 61.8356 1.5
    endloop
  endfacet
  facet normal 0.227034 0.973887 0
    outer loop
      vertex 52.5843 62.1253 1.5
      vertex 53.827 61.8356 1.1
      vertex 52.5843 62.1253 1.1
    endloop
  endfacet
  facet normal -0.995138 -0.0984948 0
    outer loop
      vertex 88.7952 20.0222 0
      vertex 88.7807 20.1687 1.5
      vertex 88.7807 20.1687 0
    endloop
  endfacet
  facet normal -0.995138 -0.0984948 0
    outer loop
      vertex 88.7807 20.1687 1.5
      vertex 88.7952 20.0222 0
      vertex 88.7952 20.0222 1.5
    endloop
  endfacet
  facet normal -0.999469 -0.0325914 0
    outer loop
      vertex 88.8 19.875 0
      vertex 88.7952 20.0222 1.5
      vertex 88.7952 20.0222 0
    endloop
  endfacet
  facet normal -0.999469 -0.0325914 0
    outer loop
      vertex 88.7952 20.0222 1.5
      vertex 88.8 19.875 0
      vertex 88.8 19.875 1.5
    endloop
  endfacet
  facet normal -0.98674 -0.162306 0
    outer loop
      vertex 88.7807 20.1687 0
      vertex 88.7568 20.314 1.5
      vertex 88.7568 20.314 0
    endloop
  endfacet
  facet normal -0.98674 -0.162306 0
    outer loop
      vertex 88.7568 20.314 1.5
      vertex 88.7807 20.1687 0
      vertex 88.7807 20.1687 1.5
    endloop
  endfacet
  facet normal -0.882014 -0.471222 0
    outer loop
      vertex 88.568 20.8701 0
      vertex 88.4986 21 1.5
      vertex 88.4986 21 0
    endloop
  endfacet
  facet normal -0.882014 -0.471222 0
    outer loop
      vertex 88.4986 21 1.5
      vertex 88.568 20.8701 0
      vertex 88.568 20.8701 1.5
    endloop
  endfacet
  facet normal 0.0978221 -0.995204 0
    outer loop
      vertex 86.2563 22.1058 0
      vertex 86.4028 22.1202 1.5
      vertex 86.2563 22.1058 1.5
    endloop
  endfacet
  facet normal 0.0978221 -0.995204 0
    outer loop
      vertex 86.4028 22.1202 1.5
      vertex 86.2563 22.1058 0
      vertex 86.4028 22.1202 0
    endloop
  endfacet
  facet normal -0.528411 0.848989 0
    outer loop
      vertex 87.8 18.0042 0
      vertex 87.675 17.9264 1.5
      vertex 87.8 18.0042 1.5
    endloop
  endfacet
  facet normal -0.528411 0.848989 0
    outer loop
      vertex 87.675 17.9264 1.5
      vertex 87.8 18.0042 0
      vertex 87.675 17.9264 0
    endloop
  endfacet
  facet normal 0.772988 0.634421 0
    outer loop
      vertex 84.8584 18.3915 1.5
      vertex 84.765 18.5053 0
      vertex 84.765 18.5053 1.5
    endloop
  endfacet
  facet normal 0.772988 0.634421 0
    outer loop
      vertex 84.765 18.5053 0
      vertex 84.8584 18.3915 1.5
      vertex 84.8584 18.3915 0
    endloop
  endfacet
  facet normal 0.935826 0.352463 0
    outer loop
      vertex 84.4713 19.014 1.5
      vertex 84.4194 19.1518 0
      vertex 84.4194 19.1518 1.5
    endloop
  endfacet
  facet normal 0.935826 0.352463 0
    outer loop
      vertex 84.4194 19.1518 0
      vertex 84.4713 19.014 1.5
      vertex 84.4713 19.014 0
    endloop
  endfacet
  facet normal -0.848989 -0.528411 0
    outer loop
      vertex 88.4986 21 0
      vertex 88.4208 21.125 1.5
      vertex 88.4208 21.125 0
    endloop
  endfacet
  facet normal -0.848989 -0.528411 0
    outer loop
      vertex 88.4208 21.125 1.5
      vertex 88.4986 21 0
      vertex 88.4986 21 1.5
    endloop
  endfacet
  facet normal -0.634421 -0.772988 0
    outer loop
      vertex 87.9197 21.66 0
      vertex 88.0335 21.5666 1.5
      vertex 87.9197 21.66 1.5
    endloop
  endfacet
  facet normal -0.634421 -0.772988 -0
    outer loop
      vertex 88.0335 21.5666 1.5
      vertex 87.9197 21.66 0
      vertex 88.0335 21.5666 0
    endloop
  endfacet
  facet normal 0.0325914 -0.999469 0
    outer loop
      vertex 86.4028 22.1202 0
      vertex 86.55 22.125 1.5
      vertex 86.4028 22.1202 1.5
    endloop
  endfacet
  facet normal 0.0325914 -0.999469 0
    outer loop
      vertex 86.55 22.125 1.5
      vertex 86.4028 22.1202 0
      vertex 86.55 22.125 0
    endloop
  endfacet
  facet normal -0.412114 0.911132 0
    outer loop
      vertex 87.5452 17.857 0
      vertex 87.411 17.7963 1.5
      vertex 87.5452 17.857 1.5
    endloop
  endfacet
  facet normal -0.412114 0.911132 0
    outer loop
      vertex 87.411 17.7963 1.5
      vertex 87.5452 17.857 0
      vertex 87.411 17.7963 0
    endloop
  endfacet
  facet normal 0.227638 -0.973746 0
    outer loop
      vertex 85.9677 22.0483 0
      vertex 86.111 22.0818 1.5
      vertex 85.9677 22.0483 1.5
    endloop
  endfacet
  facet normal 0.227638 -0.973746 0
    outer loop
      vertex 86.111 22.0818 1.5
      vertex 85.9677 22.0483 0
      vertex 86.111 22.0818 0
    endloop
  endfacet
  facet normal 0.882014 0.471222 0
    outer loop
      vertex 84.6014 18.75 1.5
      vertex 84.532 18.8799 0
      vertex 84.532 18.8799 1.5
    endloop
  endfacet
  facet normal 0.882014 0.471222 0
    outer loop
      vertex 84.532 18.8799 0
      vertex 84.6014 18.75 1.5
      vertex 84.6014 18.75 0
    endloop
  endfacet
  facet normal -0.973746 -0.227638 0
    outer loop
      vertex 88.7568 20.314 0
      vertex 88.7233 20.4573 1.5
      vertex 88.7233 20.4573 0
    endloop
  endfacet
  facet normal -0.973746 -0.227638 0
    outer loop
      vertex 88.7233 20.4573 1.5
      vertex 88.7568 20.314 0
      vertex 88.7568 20.314 1.5
    endloop
  endfacet
  facet normal 0.528411 0.848989 -0
    outer loop
      vertex 85.425 17.9264 0
      vertex 85.3 18.0042 1.5
      vertex 85.425 17.9264 1.5
    endloop
  endfacet
  facet normal 0.528411 0.848989 0
    outer loop
      vertex 85.3 18.0042 1.5
      vertex 85.425 17.9264 0
      vertex 85.3 18.0042 0
    endloop
  endfacet
  facet normal -0.471505 0.881863 0
    outer loop
      vertex 87.675 17.9264 0
      vertex 87.5452 17.857 1.5
      vertex 87.675 17.9264 1.5
    endloop
  endfacet
  facet normal -0.471505 0.881863 0
    outer loop
      vertex 87.5452 17.857 1.5
      vertex 87.675 17.9264 0
      vertex 87.5452 17.857 0
    endloop
  endfacet
  facet normal -0.227638 0.973746 0
    outer loop
      vertex 87.1323 17.7017 0
      vertex 86.989 17.6682 1.5
      vertex 87.1323 17.7017 1.5
    endloop
  endfacet
  facet normal -0.227638 0.973746 0
    outer loop
      vertex 86.989 17.6682 1.5
      vertex 87.1323 17.7017 0
      vertex 86.989 17.6682 0
    endloop
  endfacet
  facet normal 0.412114 0.911132 -0
    outer loop
      vertex 85.689 17.7963 0
      vertex 85.5548 17.857 1.5
      vertex 85.689 17.7963 1.5
    endloop
  endfacet
  facet normal 0.412114 0.911132 0
    outer loop
      vertex 85.5548 17.857 1.5
      vertex 85.689 17.7963 0
      vertex 85.5548 17.857 0
    endloop
  endfacet
  facet normal -0.162967 0.986631 0
    outer loop
      vertex 86.989 17.6682 0
      vertex 86.8437 17.6442 1.5
      vertex 86.989 17.6682 1.5
    endloop
  endfacet
  facet normal -0.162967 0.986631 0
    outer loop
      vertex 86.8437 17.6442 1.5
      vertex 86.989 17.6682 0
      vertex 86.8437 17.6442 0
    endloop
  endfacet
  facet normal 0.352463 -0.935826 0
    outer loop
      vertex 85.689 21.9537 0
      vertex 85.8268 22.0056 1.5
      vertex 85.689 21.9537 1.5
    endloop
  endfacet
  facet normal 0.352463 -0.935826 0
    outer loop
      vertex 85.8268 22.0056 1.5
      vertex 85.689 21.9537 0
      vertex 85.8268 22.0056 0
    endloop
  endfacet
  facet normal 0.986631 0.162967 0
    outer loop
      vertex 84.3432 19.436 1.5
      vertex 84.3192 19.5813 0
      vertex 84.3192 19.5813 1.5
    endloop
  endfacet
  facet normal 0.986631 0.162967 0
    outer loop
      vertex 84.3192 19.5813 0
      vertex 84.3432 19.436 1.5
      vertex 84.3432 19.436 0
    endloop
  endfacet
  facet normal -0.582586 -0.812769 0
    outer loop
      vertex 87.8 21.7458 0
      vertex 87.9197 21.66 1.5
      vertex 87.8 21.7458 1.5
    endloop
  endfacet
  facet normal -0.582586 -0.812769 -0
    outer loop
      vertex 87.9197 21.66 1.5
      vertex 87.8 21.7458 0
      vertex 87.9197 21.66 0
    endloop
  endfacet
  facet normal -0.999469 0.0325914 0
    outer loop
      vertex 88.7952 19.7278 0
      vertex 88.8 19.875 1.5
      vertex 88.8 19.875 0
    endloop
  endfacet
  facet normal -0.999469 0.0325914 0
    outer loop
      vertex 88.8 19.875 1.5
      vertex 88.7952 19.7278 0
      vertex 88.7952 19.7278 1.5
    endloop
  endfacet
  facet normal -0.528411 -0.848989 0
    outer loop
      vertex 87.675 21.8236 0
      vertex 87.8 21.7458 1.5
      vertex 87.675 21.8236 1.5
    endloop
  endfacet
  facet normal -0.528411 -0.848989 -0
    outer loop
      vertex 87.8 21.7458 1.5
      vertex 87.675 21.8236 0
      vertex 87.8 21.7458 0
    endloop
  endfacet
  facet normal 0.0325914 0.999469 -0
    outer loop
      vertex 86.55 17.625 0
      vertex 86.4028 17.6298 1.5
      vertex 86.55 17.625 1.5
    endloop
  endfacet
  facet normal 0.0325914 0.999469 0
    outer loop
      vertex 86.4028 17.6298 1.5
      vertex 86.55 17.625 0
      vertex 86.4028 17.6298 0
    endloop
  endfacet
  facet normal 0.162967 0.986631 -0
    outer loop
      vertex 86.2563 17.6442 0
      vertex 86.111 17.6682 1.5
      vertex 86.2563 17.6442 1.5
    endloop
  endfacet
  facet normal 0.162967 0.986631 0
    outer loop
      vertex 86.111 17.6682 1.5
      vertex 86.2563 17.6442 0
      vertex 86.111 17.6682 0
    endloop
  endfacet
  facet normal -0.412114 -0.911132 0
    outer loop
      vertex 87.411 21.9537 0
      vertex 87.5452 21.893 1.5
      vertex 87.411 21.9537 1.5
    endloop
  endfacet
  facet normal -0.412114 -0.911132 -0
    outer loop
      vertex 87.5452 21.893 1.5
      vertex 87.411 21.9537 0
      vertex 87.5452 21.893 0
    endloop
  endfacet
  facet normal 0.162967 -0.986631 0
    outer loop
      vertex 86.111 22.0818 0
      vertex 86.2563 22.1058 1.5
      vertex 86.111 22.0818 1.5
    endloop
  endfacet
  facet normal 0.162967 -0.986631 0
    outer loop
      vertex 86.2563 22.1058 1.5
      vertex 86.111 22.0818 0
      vertex 86.2563 22.1058 0
    endloop
  endfacet
  facet normal 0.582586 -0.812769 0
    outer loop
      vertex 85.1803 21.66 0
      vertex 85.3 21.7458 1.5
      vertex 85.1803 21.66 1.5
    endloop
  endfacet
  facet normal 0.582586 -0.812769 0
    outer loop
      vertex 85.3 21.7458 1.5
      vertex 85.1803 21.66 0
      vertex 85.3 21.7458 0
    endloop
  endfacet
  facet normal 0.352463 0.935826 -0
    outer loop
      vertex 85.8268 17.7444 0
      vertex 85.689 17.7963 1.5
      vertex 85.8268 17.7444 1.5
    endloop
  endfacet
  facet normal 0.352463 0.935826 0
    outer loop
      vertex 85.689 17.7963 1.5
      vertex 85.8268 17.7444 0
      vertex 85.689 17.7963 0
    endloop
  endfacet
  facet normal 0.812769 0.582586 0
    outer loop
      vertex 84.765 18.5053 1.5
      vertex 84.6792 18.625 0
      vertex 84.6792 18.625 1.5
    endloop
  endfacet
  facet normal 0.812769 0.582586 0
    outer loop
      vertex 84.6792 18.625 0
      vertex 84.765 18.5053 1.5
      vertex 84.765 18.5053 0
    endloop
  endfacet
  facet normal 0.528411 -0.848989 0
    outer loop
      vertex 85.3 21.7458 0
      vertex 85.425 21.8236 1.5
      vertex 85.3 21.7458 1.5
    endloop
  endfacet
  facet normal 0.528411 -0.848989 0
    outer loop
      vertex 85.425 21.8236 1.5
      vertex 85.3 21.7458 0
      vertex 85.425 21.8236 0
    endloop
  endfacet
  facet normal -0.290026 0.957019 0
    outer loop
      vertex 87.2732 17.7444 0
      vertex 87.1323 17.7017 1.5
      vertex 87.2732 17.7444 1.5
    endloop
  endfacet
  facet normal -0.290026 0.957019 0
    outer loop
      vertex 87.1323 17.7017 1.5
      vertex 87.2732 17.7444 0
      vertex 87.1323 17.7017 0
    endloop
  endfacet
  facet normal -0.0978221 -0.995204 0
    outer loop
      vertex 86.6972 22.1202 0
      vertex 86.8437 22.1058 1.5
      vertex 86.6972 22.1202 1.5
    endloop
  endfacet
  facet normal -0.0978221 -0.995204 -0
    outer loop
      vertex 86.8437 22.1058 1.5
      vertex 86.6972 22.1202 0
      vertex 86.8437 22.1058 0
    endloop
  endfacet
  facet normal -0.995138 0.0984948 0
    outer loop
      vertex 88.7807 19.5813 0
      vertex 88.7952 19.7278 1.5
      vertex 88.7952 19.7278 0
    endloop
  endfacet
  facet normal -0.995138 0.0984948 0
    outer loop
      vertex 88.7952 19.7278 1.5
      vertex 88.7807 19.5813 0
      vertex 88.7807 19.5813 1.5
    endloop
  endfacet
  facet normal -0.935826 -0.352463 0
    outer loop
      vertex 88.6806 20.5982 0
      vertex 88.6287 20.736 1.5
      vertex 88.6287 20.736 0
    endloop
  endfacet
  facet normal -0.935826 -0.352463 0
    outer loop
      vertex 88.6287 20.736 1.5
      vertex 88.6806 20.5982 0
      vertex 88.6806 20.5982 1.5
    endloop
  endfacet
  facet normal -0.0325914 -0.999469 0
    outer loop
      vertex 86.55 22.125 0
      vertex 86.6972 22.1202 1.5
      vertex 86.55 22.125 1.5
    endloop
  endfacet
  facet normal -0.0325914 -0.999469 -0
    outer loop
      vertex 86.6972 22.1202 1.5
      vertex 86.55 22.125 0
      vertex 86.6972 22.1202 0
    endloop
  endfacet
  facet normal -0.911017 0.412369 0
    outer loop
      vertex 88.568 18.8799 0
      vertex 88.6287 19.014 1.5
      vertex 88.6287 19.014 0
    endloop
  endfacet
  facet normal -0.911017 0.412369 0
    outer loop
      vertex 88.6287 19.014 1.5
      vertex 88.568 18.8799 0
      vertex 88.568 18.8799 1.5
    endloop
  endfacet
  facet normal 0.973746 0.227638 0
    outer loop
      vertex 84.3767 19.2927 1.5
      vertex 84.3432 19.436 0
      vertex 84.3432 19.436 1.5
    endloop
  endfacet
  facet normal 0.973746 0.227638 0
    outer loop
      vertex 84.3432 19.436 0
      vertex 84.3767 19.2927 1.5
      vertex 84.3767 19.2927 0
    endloop
  endfacet
  facet normal -0.683286 -0.730151 0
    outer loop
      vertex 88.0335 21.5666 0
      vertex 88.141 21.466 1.5
      vertex 88.0335 21.5666 1.5
    endloop
  endfacet
  facet normal -0.683286 -0.730151 -0
    outer loop
      vertex 88.141 21.466 1.5
      vertex 88.0335 21.5666 0
      vertex 88.141 21.466 0
    endloop
  endfacet
  facet normal -0.911017 -0.412369 0
    outer loop
      vertex 88.6287 20.736 0
      vertex 88.568 20.8701 1.5
      vertex 88.568 20.8701 0
    endloop
  endfacet
  facet normal -0.911017 -0.412369 0
    outer loop
      vertex 88.568 20.8701 1.5
      vertex 88.6287 20.736 0
      vertex 88.6287 20.736 1.5
    endloop
  endfacet
  facet normal -0.98674 0.162306 0
    outer loop
      vertex 88.7568 19.436 0
      vertex 88.7807 19.5813 1.5
      vertex 88.7807 19.5813 0
    endloop
  endfacet
  facet normal -0.98674 0.162306 0
    outer loop
      vertex 88.7807 19.5813 1.5
      vertex 88.7568 19.436 0
      vertex 88.7568 19.436 1.5
    endloop
  endfacet
  facet normal 0.999469 0.0325914 0
    outer loop
      vertex 84.3048 19.7278 1.5
      vertex 84.3 19.875 0
      vertex 84.3 19.875 1.5
    endloop
  endfacet
  facet normal 0.999469 0.0325914 0
    outer loop
      vertex 84.3 19.875 0
      vertex 84.3048 19.7278 1.5
      vertex 84.3048 19.7278 0
    endloop
  endfacet
  facet normal -0.772988 0.634421 0
    outer loop
      vertex 88.2416 18.3915 0
      vertex 88.335 18.5053 1.5
      vertex 88.335 18.5053 0
    endloop
  endfacet
  facet normal -0.772988 0.634421 0
    outer loop
      vertex 88.335 18.5053 1.5
      vertex 88.2416 18.3915 0
      vertex 88.2416 18.3915 1.5
    endloop
  endfacet
  facet normal -0.730151 0.683286 0
    outer loop
      vertex 88.141 18.284 0
      vertex 88.2416 18.3915 1.5
      vertex 88.2416 18.3915 0
    endloop
  endfacet
  facet normal -0.730151 0.683286 0
    outer loop
      vertex 88.2416 18.3915 1.5
      vertex 88.141 18.284 0
      vertex 88.141 18.284 1.5
    endloop
  endfacet
  facet normal -0.227638 -0.973746 0
    outer loop
      vertex 86.989 22.0818 0
      vertex 87.1323 22.0483 1.5
      vertex 86.989 22.0818 1.5
    endloop
  endfacet
  facet normal -0.227638 -0.973746 -0
    outer loop
      vertex 87.1323 22.0483 1.5
      vertex 86.989 22.0818 0
      vertex 87.1323 22.0483 0
    endloop
  endfacet
  facet normal -0.935826 0.352463 0
    outer loop
      vertex 88.6287 19.014 0
      vertex 88.6806 19.1518 1.5
      vertex 88.6806 19.1518 0
    endloop
  endfacet
  facet normal -0.935826 0.352463 0
    outer loop
      vertex 88.6806 19.1518 1.5
      vertex 88.6287 19.014 0
      vertex 88.6287 19.014 1.5
    endloop
  endfacet
  facet normal -0.0325914 0.999469 0
    outer loop
      vertex 86.6972 17.6298 0
      vertex 86.55 17.625 1.5
      vertex 86.6972 17.6298 1.5
    endloop
  endfacet
  facet normal -0.0325914 0.999469 0
    outer loop
      vertex 86.55 17.625 1.5
      vertex 86.6972 17.6298 0
      vertex 86.55 17.625 0
    endloop
  endfacet
  facet normal -0.730151 -0.683286 0
    outer loop
      vertex 88.2416 21.3585 0
      vertex 88.141 21.466 1.5
      vertex 88.141 21.466 0
    endloop
  endfacet
  facet normal -0.730151 -0.683286 0
    outer loop
      vertex 88.141 21.466 1.5
      vertex 88.2416 21.3585 0
      vertex 88.2416 21.3585 1.5
    endloop
  endfacet
  facet normal -0.162967 -0.986631 0
    outer loop
      vertex 86.8437 22.1058 0
      vertex 86.989 22.0818 1.5
      vertex 86.8437 22.1058 1.5
    endloop
  endfacet
  facet normal -0.162967 -0.986631 -0
    outer loop
      vertex 86.989 22.0818 1.5
      vertex 86.8437 22.1058 0
      vertex 86.989 22.0818 0
    endloop
  endfacet
  facet normal -0.471505 -0.881863 0
    outer loop
      vertex 87.5452 21.893 0
      vertex 87.675 21.8236 1.5
      vertex 87.5452 21.893 1.5
    endloop
  endfacet
  facet normal -0.471505 -0.881863 -0
    outer loop
      vertex 87.675 21.8236 1.5
      vertex 87.5452 21.893 0
      vertex 87.675 21.8236 0
    endloop
  endfacet
  facet normal 0.730151 0.683286 0
    outer loop
      vertex 84.959 18.284 1.5
      vertex 84.8584 18.3915 0
      vertex 84.8584 18.3915 1.5
    endloop
  endfacet
  facet normal 0.730151 0.683286 0
    outer loop
      vertex 84.8584 18.3915 0
      vertex 84.959 18.284 1.5
      vertex 84.959 18.284 0
    endloop
  endfacet
  facet normal -0.973746 0.227638 0
    outer loop
      vertex 88.7233 19.2927 0
      vertex 88.7568 19.436 1.5
      vertex 88.7568 19.436 0
    endloop
  endfacet
  facet normal -0.973746 0.227638 0
    outer loop
      vertex 88.7568 19.436 1.5
      vertex 88.7233 19.2927 0
      vertex 88.7233 19.2927 1.5
    endloop
  endfacet
  facet normal -0.290026 -0.957019 0
    outer loop
      vertex 87.1323 22.0483 0
      vertex 87.2732 22.0056 1.5
      vertex 87.1323 22.0483 1.5
    endloop
  endfacet
  facet normal -0.290026 -0.957019 -0
    outer loop
      vertex 87.2732 22.0056 1.5
      vertex 87.1323 22.0483 0
      vertex 87.2732 22.0056 0
    endloop
  endfacet
  facet normal 0.0978221 0.995204 -0
    outer loop
      vertex 86.4028 17.6298 0
      vertex 86.2563 17.6442 1.5
      vertex 86.4028 17.6298 1.5
    endloop
  endfacet
  facet normal 0.0978221 0.995204 0
    outer loop
      vertex 86.2563 17.6442 1.5
      vertex 86.4028 17.6298 0
      vertex 86.2563 17.6442 0
    endloop
  endfacet
  facet normal 0.812769 -0.582586 0
    outer loop
      vertex 84.6792 21.125 1.5
      vertex 84.765 21.2447 0
      vertex 84.765 21.2447 1.5
    endloop
  endfacet
  facet normal 0.812769 -0.582586 0
    outer loop
      vertex 84.765 21.2447 0
      vertex 84.6792 21.125 1.5
      vertex 84.6792 21.125 0
    endloop
  endfacet
  facet normal -0.957019 0.290026 0
    outer loop
      vertex 88.6806 19.1518 0
      vertex 88.7233 19.2927 1.5
      vertex 88.7233 19.2927 0
    endloop
  endfacet
  facet normal -0.957019 0.290026 0
    outer loop
      vertex 88.7233 19.2927 1.5
      vertex 88.6806 19.1518 0
      vertex 88.6806 19.1518 1.5
    endloop
  endfacet
  facet normal -0.882014 0.471222 0
    outer loop
      vertex 88.4986 18.75 0
      vertex 88.568 18.8799 1.5
      vertex 88.568 18.8799 0
    endloop
  endfacet
  facet normal -0.882014 0.471222 0
    outer loop
      vertex 88.568 18.8799 1.5
      vertex 88.4986 18.75 0
      vertex 88.4986 18.75 1.5
    endloop
  endfacet
  facet normal -0.848989 0.528411 0
    outer loop
      vertex 88.4208 18.625 0
      vertex 88.4986 18.75 1.5
      vertex 88.4986 18.75 0
    endloop
  endfacet
  facet normal -0.848989 0.528411 0
    outer loop
      vertex 88.4986 18.75 1.5
      vertex 88.4208 18.625 0
      vertex 88.4208 18.625 1.5
    endloop
  endfacet
  facet normal 0.995204 -0.0978221 0
    outer loop
      vertex 84.3048 20.0222 1.5
      vertex 84.3192 20.1687 0
      vertex 84.3192 20.1687 1.5
    endloop
  endfacet
  facet normal 0.995204 -0.0978221 0
    outer loop
      vertex 84.3192 20.1687 0
      vertex 84.3048 20.0222 1.5
      vertex 84.3048 20.0222 0
    endloop
  endfacet
  facet normal -0.957019 -0.290026 0
    outer loop
      vertex 88.7233 20.4573 0
      vertex 88.6806 20.5982 1.5
      vertex 88.6806 20.5982 0
    endloop
  endfacet
  facet normal -0.957019 -0.290026 0
    outer loop
      vertex 88.6806 20.5982 1.5
      vertex 88.7233 20.4573 0
      vertex 88.7233 20.4573 1.5
    endloop
  endfacet
  facet normal -0.0978221 0.995204 0
    outer loop
      vertex 86.8437 17.6442 0
      vertex 86.6972 17.6298 1.5
      vertex 86.8437 17.6442 1.5
    endloop
  endfacet
  facet normal -0.0978221 0.995204 0
    outer loop
      vertex 86.6972 17.6298 1.5
      vertex 86.8437 17.6442 0
      vertex 86.6972 17.6298 0
    endloop
  endfacet
  facet normal 0.683286 -0.730151 0
    outer loop
      vertex 84.959 21.466 0
      vertex 85.0665 21.5666 1.5
      vertex 84.959 21.466 1.5
    endloop
  endfacet
  facet normal 0.683286 -0.730151 0
    outer loop
      vertex 85.0665 21.5666 1.5
      vertex 84.959 21.466 0
      vertex 85.0665 21.5666 0
    endloop
  endfacet
  facet normal 0.973746 -0.227638 0
    outer loop
      vertex 84.3432 20.314 1.5
      vertex 84.3767 20.4573 0
      vertex 84.3767 20.4573 1.5
    endloop
  endfacet
  facet normal 0.973746 -0.227638 0
    outer loop
      vertex 84.3767 20.4573 0
      vertex 84.3432 20.314 1.5
      vertex 84.3432 20.314 0
    endloop
  endfacet
  facet normal 0.730151 -0.683286 0
    outer loop
      vertex 84.8584 21.3585 1.5
      vertex 84.959 21.466 0
      vertex 84.959 21.466 1.5
    endloop
  endfacet
  facet normal 0.730151 -0.683286 0
    outer loop
      vertex 84.959 21.466 0
      vertex 84.8584 21.3585 1.5
      vertex 84.8584 21.3585 0
    endloop
  endfacet
  facet normal -0.582586 0.812769 0
    outer loop
      vertex 87.9197 18.09 0
      vertex 87.8 18.0042 1.5
      vertex 87.9197 18.09 1.5
    endloop
  endfacet
  facet normal -0.582586 0.812769 0
    outer loop
      vertex 87.8 18.0042 1.5
      vertex 87.9197 18.09 0
      vertex 87.8 18.0042 0
    endloop
  endfacet
  facet normal 0.227638 0.973746 -0
    outer loop
      vertex 86.111 17.6682 0
      vertex 85.9677 17.7017 1.5
      vertex 86.111 17.6682 1.5
    endloop
  endfacet
  facet normal 0.227638 0.973746 0
    outer loop
      vertex 85.9677 17.7017 1.5
      vertex 86.111 17.6682 0
      vertex 85.9677 17.7017 0
    endloop
  endfacet
  facet normal 0.995204 0.0978221 0
    outer loop
      vertex 84.3192 19.5813 1.5
      vertex 84.3048 19.7278 0
      vertex 84.3048 19.7278 1.5
    endloop
  endfacet
  facet normal 0.995204 0.0978221 0
    outer loop
      vertex 84.3048 19.7278 0
      vertex 84.3192 19.5813 1.5
      vertex 84.3192 19.5813 0
    endloop
  endfacet
  facet normal -0.812769 -0.582586 0
    outer loop
      vertex 88.4208 21.125 0
      vertex 88.335 21.2447 1.5
      vertex 88.335 21.2447 0
    endloop
  endfacet
  facet normal -0.812769 -0.582586 0
    outer loop
      vertex 88.335 21.2447 1.5
      vertex 88.4208 21.125 0
      vertex 88.4208 21.125 1.5
    endloop
  endfacet
  facet normal -0.352463 0.935826 0
    outer loop
      vertex 87.411 17.7963 0
      vertex 87.2732 17.7444 1.5
      vertex 87.411 17.7963 1.5
    endloop
  endfacet
  facet normal -0.352463 0.935826 0
    outer loop
      vertex 87.2732 17.7444 1.5
      vertex 87.411 17.7963 0
      vertex 87.2732 17.7444 0
    endloop
  endfacet
  facet normal 0.634421 -0.772988 0
    outer loop
      vertex 85.0665 21.5666 0
      vertex 85.1803 21.66 1.5
      vertex 85.0665 21.5666 1.5
    endloop
  endfacet
  facet normal 0.634421 -0.772988 0
    outer loop
      vertex 85.1803 21.66 1.5
      vertex 85.0665 21.5666 0
      vertex 85.1803 21.66 0
    endloop
  endfacet
  facet normal 0.935826 -0.352463 0
    outer loop
      vertex 84.4194 20.5982 1.5
      vertex 84.4713 20.736 0
      vertex 84.4713 20.736 1.5
    endloop
  endfacet
  facet normal 0.935826 -0.352463 0
    outer loop
      vertex 84.4713 20.736 0
      vertex 84.4194 20.5982 1.5
      vertex 84.4194 20.5982 0
    endloop
  endfacet
  facet normal 0.957019 0.290026 0
    outer loop
      vertex 84.4194 19.1518 1.5
      vertex 84.3767 19.2927 0
      vertex 84.3767 19.2927 1.5
    endloop
  endfacet
  facet normal 0.957019 0.290026 0
    outer loop
      vertex 84.3767 19.2927 0
      vertex 84.4194 19.1518 1.5
      vertex 84.4194 19.1518 0
    endloop
  endfacet
  facet normal 0.911017 0.412369 0
    outer loop
      vertex 84.532 18.8799 1.5
      vertex 84.4713 19.014 0
      vertex 84.4713 19.014 1.5
    endloop
  endfacet
  facet normal 0.911017 0.412369 0
    outer loop
      vertex 84.4713 19.014 0
      vertex 84.532 18.8799 1.5
      vertex 84.532 18.8799 0
    endloop
  endfacet
  facet normal 0.986631 -0.162967 0
    outer loop
      vertex 84.3192 20.1687 1.5
      vertex 84.3432 20.314 0
      vertex 84.3432 20.314 1.5
    endloop
  endfacet
  facet normal 0.986631 -0.162967 0
    outer loop
      vertex 84.3432 20.314 0
      vertex 84.3192 20.1687 1.5
      vertex 84.3192 20.1687 0
    endloop
  endfacet
  facet normal -0.634421 0.772988 0
    outer loop
      vertex 88.0335 18.1834 0
      vertex 87.9197 18.09 1.5
      vertex 88.0335 18.1834 1.5
    endloop
  endfacet
  facet normal -0.634421 0.772988 0
    outer loop
      vertex 87.9197 18.09 1.5
      vertex 88.0335 18.1834 0
      vertex 87.9197 18.09 0
    endloop
  endfacet
  facet normal 0.848989 0.528411 0
    outer loop
      vertex 84.6792 18.625 1.5
      vertex 84.6014 18.75 0
      vertex 84.6014 18.75 1.5
    endloop
  endfacet
  facet normal 0.848989 0.528411 0
    outer loop
      vertex 84.6014 18.75 0
      vertex 84.6792 18.625 1.5
      vertex 84.6792 18.625 0
    endloop
  endfacet
  facet normal -0.352463 -0.935826 0
    outer loop
      vertex 87.2732 22.0056 0
      vertex 87.411 21.9537 1.5
      vertex 87.2732 22.0056 1.5
    endloop
  endfacet
  facet normal -0.352463 -0.935826 -0
    outer loop
      vertex 87.411 21.9537 1.5
      vertex 87.2732 22.0056 0
      vertex 87.411 21.9537 0
    endloop
  endfacet
  facet normal 0.911017 -0.412369 0
    outer loop
      vertex 84.4713 20.736 1.5
      vertex 84.532 20.8701 0
      vertex 84.532 20.8701 1.5
    endloop
  endfacet
  facet normal 0.911017 -0.412369 0
    outer loop
      vertex 84.532 20.8701 0
      vertex 84.4713 20.736 1.5
      vertex 84.4713 20.736 0
    endloop
  endfacet
  facet normal 0.412114 -0.911132 0
    outer loop
      vertex 85.5548 21.893 0
      vertex 85.689 21.9537 1.5
      vertex 85.5548 21.893 1.5
    endloop
  endfacet
  facet normal 0.412114 -0.911132 0
    outer loop
      vertex 85.689 21.9537 1.5
      vertex 85.5548 21.893 0
      vertex 85.689 21.9537 0
    endloop
  endfacet
  facet normal 0.848989 -0.528411 0
    outer loop
      vertex 84.6014 21 1.5
      vertex 84.6792 21.125 0
      vertex 84.6792 21.125 1.5
    endloop
  endfacet
  facet normal 0.848989 -0.528411 0
    outer loop
      vertex 84.6792 21.125 0
      vertex 84.6014 21 1.5
      vertex 84.6014 21 0
    endloop
  endfacet
  facet normal 0.999469 -0.0325914 0
    outer loop
      vertex 84.3 19.875 1.5
      vertex 84.3048 20.0222 0
      vertex 84.3048 20.0222 1.5
    endloop
  endfacet
  facet normal 0.999469 -0.0325914 0
    outer loop
      vertex 84.3048 20.0222 0
      vertex 84.3 19.875 1.5
      vertex 84.3 19.875 0
    endloop
  endfacet
  facet normal -0.812769 0.582586 0
    outer loop
      vertex 88.335 18.5053 0
      vertex 88.4208 18.625 1.5
      vertex 88.4208 18.625 0
    endloop
  endfacet
  facet normal -0.812769 0.582586 0
    outer loop
      vertex 88.4208 18.625 1.5
      vertex 88.335 18.5053 0
      vertex 88.335 18.5053 1.5
    endloop
  endfacet
  facet normal 0.471505 0.881863 -0
    outer loop
      vertex 85.5548 17.857 0
      vertex 85.425 17.9264 1.5
      vertex 85.5548 17.857 1.5
    endloop
  endfacet
  facet normal 0.471505 0.881863 0
    outer loop
      vertex 85.425 17.9264 1.5
      vertex 85.5548 17.857 0
      vertex 85.425 17.9264 0
    endloop
  endfacet
  facet normal 0.290026 -0.957019 0
    outer loop
      vertex 85.8268 22.0056 0
      vertex 85.9677 22.0483 1.5
      vertex 85.8268 22.0056 1.5
    endloop
  endfacet
  facet normal 0.290026 -0.957019 0
    outer loop
      vertex 85.9677 22.0483 1.5
      vertex 85.8268 22.0056 0
      vertex 85.9677 22.0483 0
    endloop
  endfacet
  facet normal 0.772988 -0.634421 0
    outer loop
      vertex 84.765 21.2447 1.5
      vertex 84.8584 21.3585 0
      vertex 84.8584 21.3585 1.5
    endloop
  endfacet
  facet normal 0.772988 -0.634421 0
    outer loop
      vertex 84.8584 21.3585 0
      vertex 84.765 21.2447 1.5
      vertex 84.765 21.2447 0
    endloop
  endfacet
  facet normal -0.772988 -0.634421 0
    outer loop
      vertex 88.335 21.2447 0
      vertex 88.2416 21.3585 1.5
      vertex 88.2416 21.3585 0
    endloop
  endfacet
  facet normal -0.772988 -0.634421 0
    outer loop
      vertex 88.2416 21.3585 1.5
      vertex 88.335 21.2447 0
      vertex 88.335 21.2447 1.5
    endloop
  endfacet
  facet normal 0.471505 -0.881863 0
    outer loop
      vertex 85.425 21.8236 0
      vertex 85.5548 21.893 1.5
      vertex 85.425 21.8236 1.5
    endloop
  endfacet
  facet normal 0.471505 -0.881863 0
    outer loop
      vertex 85.5548 21.893 1.5
      vertex 85.425 21.8236 0
      vertex 85.5548 21.893 0
    endloop
  endfacet
  facet normal 0.957019 -0.290026 0
    outer loop
      vertex 84.3767 20.4573 1.5
      vertex 84.4194 20.5982 0
      vertex 84.4194 20.5982 1.5
    endloop
  endfacet
  facet normal 0.957019 -0.290026 0
    outer loop
      vertex 84.4194 20.5982 0
      vertex 84.3767 20.4573 1.5
      vertex 84.3767 20.4573 0
    endloop
  endfacet
  facet normal 0.290026 0.957019 -0
    outer loop
      vertex 85.9677 17.7017 0
      vertex 85.8268 17.7444 1.5
      vertex 85.9677 17.7017 1.5
    endloop
  endfacet
  facet normal 0.290026 0.957019 0
    outer loop
      vertex 85.8268 17.7444 1.5
      vertex 85.9677 17.7017 0
      vertex 85.8268 17.7444 0
    endloop
  endfacet
  facet normal 0.683286 0.730151 -0
    outer loop
      vertex 85.0665 18.1834 0
      vertex 84.959 18.284 1.5
      vertex 85.0665 18.1834 1.5
    endloop
  endfacet
  facet normal 0.683286 0.730151 0
    outer loop
      vertex 84.959 18.284 1.5
      vertex 85.0665 18.1834 0
      vertex 84.959 18.284 0
    endloop
  endfacet
  facet normal 0.634421 0.772988 -0
    outer loop
      vertex 85.1803 18.09 0
      vertex 85.0665 18.1834 1.5
      vertex 85.1803 18.09 1.5
    endloop
  endfacet
  facet normal 0.634421 0.772988 0
    outer loop
      vertex 85.0665 18.1834 1.5
      vertex 85.1803 18.09 0
      vertex 85.0665 18.1834 0
    endloop
  endfacet
  facet normal -0.683286 0.730151 0
    outer loop
      vertex 88.141 18.284 0
      vertex 88.0335 18.1834 1.5
      vertex 88.141 18.284 1.5
    endloop
  endfacet
  facet normal -0.683286 0.730151 0
    outer loop
      vertex 88.0335 18.1834 1.5
      vertex 88.141 18.284 0
      vertex 88.0335 18.1834 0
    endloop
  endfacet
  facet normal 0.882014 -0.471222 0
    outer loop
      vertex 84.532 20.8701 1.5
      vertex 84.6014 21 0
      vertex 84.6014 21 1.5
    endloop
  endfacet
  facet normal 0.882014 -0.471222 0
    outer loop
      vertex 84.6014 21 0
      vertex 84.532 20.8701 1.5
      vertex 84.532 20.8701 0
    endloop
  endfacet
  facet normal 0.582586 0.812769 -0
    outer loop
      vertex 85.3 18.0042 0
      vertex 85.1803 18.09 1.5
      vertex 85.3 18.0042 1.5
    endloop
  endfacet
  facet normal 0.582586 0.812769 0
    outer loop
      vertex 85.1803 18.09 1.5
      vertex 85.3 18.0042 0
      vertex 85.1803 18.09 0
    endloop
  endfacet
  facet normal -0.528411 -0.848989 0
    outer loop
      vertex 87.575 34.3236 0
      vertex 87.7 34.2458 1.5
      vertex 87.575 34.3236 1.5
    endloop
  endfacet
  facet normal -0.528411 -0.848989 -0
    outer loop
      vertex 87.7 34.2458 1.5
      vertex 87.575 34.3236 0
      vertex 87.7 34.2458 0
    endloop
  endfacet
  facet normal -0.999469 0.0325914 0
    outer loop
      vertex 88.6952 32.2278 0
      vertex 88.7 32.375 1.5
      vertex 88.7 32.375 0
    endloop
  endfacet
  facet normal -0.999469 0.0325914 0
    outer loop
      vertex 88.7 32.375 1.5
      vertex 88.6952 32.2278 0
      vertex 88.6952 32.2278 1.5
    endloop
  endfacet
  facet normal -0.995138 -0.0984948 0
    outer loop
      vertex 88.6952 32.5222 0
      vertex 88.6807 32.6687 1.5
      vertex 88.6807 32.6687 0
    endloop
  endfacet
  facet normal -0.995138 -0.0984948 0
    outer loop
      vertex 88.6807 32.6687 1.5
      vertex 88.6952 32.5222 0
      vertex 88.6952 32.5222 1.5
    endloop
  endfacet
  facet normal -0.999469 -0.0325914 0
    outer loop
      vertex 88.7 32.375 0
      vertex 88.6952 32.5222 1.5
      vertex 88.6952 32.5222 0
    endloop
  endfacet
  facet normal -0.999469 -0.0325914 0
    outer loop
      vertex 88.6952 32.5222 1.5
      vertex 88.7 32.375 0
      vertex 88.7 32.375 1.5
    endloop
  endfacet
  facet normal 0.986631 0.162967 0
    outer loop
      vertex 84.2432 31.936 1.5
      vertex 84.2192 32.0813 0
      vertex 84.2192 32.0813 1.5
    endloop
  endfacet
  facet normal 0.986631 0.162967 0
    outer loop
      vertex 84.2192 32.0813 0
      vertex 84.2432 31.936 1.5
      vertex 84.2432 31.936 0
    endloop
  endfacet
  facet normal -0.730151 0.683286 0
    outer loop
      vertex 88.041 30.784 0
      vertex 88.1416 30.8915 1.5
      vertex 88.1416 30.8915 0
    endloop
  endfacet
  facet normal -0.730151 0.683286 0
    outer loop
      vertex 88.1416 30.8915 1.5
      vertex 88.041 30.784 0
      vertex 88.041 30.784 1.5
    endloop
  endfacet
  facet normal 0.882014 -0.471222 0
    outer loop
      vertex 84.432 33.3701 1.5
      vertex 84.5014 33.5 0
      vertex 84.5014 33.5 1.5
    endloop
  endfacet
  facet normal 0.882014 -0.471222 0
    outer loop
      vertex 84.5014 33.5 0
      vertex 84.432 33.3701 1.5
      vertex 84.432 33.3701 0
    endloop
  endfacet
  facet normal 0.772988 -0.634421 0
    outer loop
      vertex 84.665 33.7447 1.5
      vertex 84.7584 33.8585 0
      vertex 84.7584 33.8585 1.5
    endloop
  endfacet
  facet normal 0.772988 -0.634421 0
    outer loop
      vertex 84.7584 33.8585 0
      vertex 84.665 33.7447 1.5
      vertex 84.665 33.7447 0
    endloop
  endfacet
  facet normal 0.683286 0.730151 -0
    outer loop
      vertex 84.9665 30.6834 0
      vertex 84.859 30.784 1.5
      vertex 84.9665 30.6834 1.5
    endloop
  endfacet
  facet normal 0.683286 0.730151 0
    outer loop
      vertex 84.859 30.784 1.5
      vertex 84.9665 30.6834 0
      vertex 84.859 30.784 0
    endloop
  endfacet
  facet normal -0.352463 -0.935826 0
    outer loop
      vertex 87.1732 34.5056 0
      vertex 87.311 34.4537 1.5
      vertex 87.1732 34.5056 1.5
    endloop
  endfacet
  facet normal -0.352463 -0.935826 -0
    outer loop
      vertex 87.311 34.4537 1.5
      vertex 87.1732 34.5056 0
      vertex 87.311 34.4537 0
    endloop
  endfacet
  facet normal 0.730151 -0.683286 0
    outer loop
      vertex 84.7584 33.8585 1.5
      vertex 84.859 33.966 0
      vertex 84.859 33.966 1.5
    endloop
  endfacet
  facet normal 0.730151 -0.683286 0
    outer loop
      vertex 84.859 33.966 0
      vertex 84.7584 33.8585 1.5
      vertex 84.7584 33.8585 0
    endloop
  endfacet
  facet normal 0.973746 0.227638 0
    outer loop
      vertex 84.2767 31.7927 1.5
      vertex 84.2432 31.936 0
      vertex 84.2432 31.936 1.5
    endloop
  endfacet
  facet normal 0.973746 0.227638 0
    outer loop
      vertex 84.2432 31.936 0
      vertex 84.2767 31.7927 1.5
      vertex 84.2767 31.7927 0
    endloop
  endfacet
  facet normal -0.227638 0.973746 0
    outer loop
      vertex 87.0323 30.2017 0
      vertex 86.889 30.1682 1.5
      vertex 87.0323 30.2017 1.5
    endloop
  endfacet
  facet normal -0.227638 0.973746 0
    outer loop
      vertex 86.889 30.1682 1.5
      vertex 87.0323 30.2017 0
      vertex 86.889 30.1682 0
    endloop
  endfacet
  facet normal 0.582586 0.812769 -0
    outer loop
      vertex 85.2 30.5042 0
      vertex 85.0803 30.59 1.5
      vertex 85.2 30.5042 1.5
    endloop
  endfacet
  facet normal 0.582586 0.812769 0
    outer loop
      vertex 85.0803 30.59 1.5
      vertex 85.2 30.5042 0
      vertex 85.0803 30.59 0
    endloop
  endfacet
  facet normal 0.634421 -0.772988 0
    outer loop
      vertex 84.9665 34.0666 0
      vertex 85.0803 34.16 1.5
      vertex 84.9665 34.0666 1.5
    endloop
  endfacet
  facet normal 0.634421 -0.772988 0
    outer loop
      vertex 85.0803 34.16 1.5
      vertex 84.9665 34.0666 0
      vertex 85.0803 34.16 0
    endloop
  endfacet
  facet normal 0.0325914 -0.999469 0
    outer loop
      vertex 86.3028 34.6202 0
      vertex 86.45 34.625 1.5
      vertex 86.3028 34.6202 1.5
    endloop
  endfacet
  facet normal 0.0325914 -0.999469 0
    outer loop
      vertex 86.45 34.625 1.5
      vertex 86.3028 34.6202 0
      vertex 86.45 34.625 0
    endloop
  endfacet
  facet normal 0.582586 -0.812769 0
    outer loop
      vertex 85.0803 34.16 0
      vertex 85.2 34.2458 1.5
      vertex 85.0803 34.16 1.5
    endloop
  endfacet
  facet normal 0.582586 -0.812769 0
    outer loop
      vertex 85.2 34.2458 1.5
      vertex 85.0803 34.16 0
      vertex 85.2 34.2458 0
    endloop
  endfacet
  facet normal -0.227638 -0.973746 0
    outer loop
      vertex 86.889 34.5818 0
      vertex 87.0323 34.5483 1.5
      vertex 86.889 34.5818 1.5
    endloop
  endfacet
  facet normal -0.227638 -0.973746 -0
    outer loop
      vertex 87.0323 34.5483 1.5
      vertex 86.889 34.5818 0
      vertex 87.0323 34.5483 0
    endloop
  endfacet
  facet normal 0.957019 0.290026 0
    outer loop
      vertex 84.3194 31.6518 1.5
      vertex 84.2767 31.7927 0
      vertex 84.2767 31.7927 1.5
    endloop
  endfacet
  facet normal 0.957019 0.290026 0
    outer loop
      vertex 84.2767 31.7927 0
      vertex 84.3194 31.6518 1.5
      vertex 84.3194 31.6518 0
    endloop
  endfacet
  facet normal 0.911017 0.412369 0
    outer loop
      vertex 84.432 31.3799 1.5
      vertex 84.3713 31.514 0
      vertex 84.3713 31.514 1.5
    endloop
  endfacet
  facet normal 0.911017 0.412369 0
    outer loop
      vertex 84.3713 31.514 0
      vertex 84.432 31.3799 1.5
      vertex 84.432 31.3799 0
    endloop
  endfacet
  facet normal -0.812769 -0.582586 0
    outer loop
      vertex 88.3208 33.625 0
      vertex 88.235 33.7447 1.5
      vertex 88.235 33.7447 0
    endloop
  endfacet
  facet normal -0.812769 -0.582586 0
    outer loop
      vertex 88.235 33.7447 1.5
      vertex 88.3208 33.625 0
      vertex 88.3208 33.625 1.5
    endloop
  endfacet
  facet normal 0.412114 -0.911132 0
    outer loop
      vertex 85.4548 34.393 0
      vertex 85.589 34.4537 1.5
      vertex 85.4548 34.393 1.5
    endloop
  endfacet
  facet normal 0.412114 -0.911132 0
    outer loop
      vertex 85.589 34.4537 1.5
      vertex 85.4548 34.393 0
      vertex 85.589 34.4537 0
    endloop
  endfacet
  facet normal -0.162967 0.986631 0
    outer loop
      vertex 86.889 30.1682 0
      vertex 86.7437 30.1442 1.5
      vertex 86.889 30.1682 1.5
    endloop
  endfacet
  facet normal -0.162967 0.986631 0
    outer loop
      vertex 86.7437 30.1442 1.5
      vertex 86.889 30.1682 0
      vertex 86.7437 30.1442 0
    endloop
  endfacet
  facet normal 0.730151 0.683286 0
    outer loop
      vertex 84.859 30.784 1.5
      vertex 84.7584 30.8915 0
      vertex 84.7584 30.8915 1.5
    endloop
  endfacet
  facet normal 0.730151 0.683286 0
    outer loop
      vertex 84.7584 30.8915 0
      vertex 84.859 30.784 1.5
      vertex 84.859 30.784 0
    endloop
  endfacet
  facet normal -0.730151 -0.683286 0
    outer loop
      vertex 88.1416 33.8585 0
      vertex 88.041 33.966 1.5
      vertex 88.041 33.966 0
    endloop
  endfacet
  facet normal -0.730151 -0.683286 0
    outer loop
      vertex 88.041 33.966 1.5
      vertex 88.1416 33.8585 0
      vertex 88.1416 33.8585 1.5
    endloop
  endfacet
  facet normal -0.957019 -0.290026 0
    outer loop
      vertex 88.6233 32.9573 0
      vertex 88.5806 33.0982 1.5
      vertex 88.5806 33.0982 0
    endloop
  endfacet
  facet normal -0.957019 -0.290026 0
    outer loop
      vertex 88.5806 33.0982 1.5
      vertex 88.6233 32.9573 0
      vertex 88.6233 32.9573 1.5
    endloop
  endfacet
  facet normal 0.986631 -0.162967 0
    outer loop
      vertex 84.2192 32.6687 1.5
      vertex 84.2432 32.814 0
      vertex 84.2432 32.814 1.5
    endloop
  endfacet
  facet normal 0.986631 -0.162967 0
    outer loop
      vertex 84.2432 32.814 0
      vertex 84.2192 32.6687 1.5
      vertex 84.2192 32.6687 0
    endloop
  endfacet
  facet normal -0.911017 -0.412369 0
    outer loop
      vertex 88.5287 33.236 0
      vertex 88.468 33.3701 1.5
      vertex 88.468 33.3701 0
    endloop
  endfacet
  facet normal -0.911017 -0.412369 0
    outer loop
      vertex 88.468 33.3701 1.5
      vertex 88.5287 33.236 0
      vertex 88.5287 33.236 1.5
    endloop
  endfacet
  facet normal -0.973746 0.227638 0
    outer loop
      vertex 88.6233 31.7927 0
      vertex 88.6568 31.936 1.5
      vertex 88.6568 31.936 0
    endloop
  endfacet
  facet normal -0.973746 0.227638 0
    outer loop
      vertex 88.6568 31.936 1.5
      vertex 88.6233 31.7927 0
      vertex 88.6233 31.7927 1.5
    endloop
  endfacet
  facet normal 0.772988 0.634421 0
    outer loop
      vertex 84.7584 30.8915 1.5
      vertex 84.665 31.0053 0
      vertex 84.665 31.0053 1.5
    endloop
  endfacet
  facet normal 0.772988 0.634421 0
    outer loop
      vertex 84.665 31.0053 0
      vertex 84.7584 30.8915 1.5
      vertex 84.7584 30.8915 0
    endloop
  endfacet
  facet normal -0.471505 0.881863 0
    outer loop
      vertex 87.575 30.4264 0
      vertex 87.4452 30.357 1.5
      vertex 87.575 30.4264 1.5
    endloop
  endfacet
  facet normal -0.471505 0.881863 0
    outer loop
      vertex 87.4452 30.357 1.5
      vertex 87.575 30.4264 0
      vertex 87.4452 30.357 0
    endloop
  endfacet
  facet normal 0.528411 -0.848989 0
    outer loop
      vertex 85.2 34.2458 0
      vertex 85.325 34.3236 1.5
      vertex 85.2 34.2458 1.5
    endloop
  endfacet
  facet normal 0.528411 -0.848989 0
    outer loop
      vertex 85.325 34.3236 1.5
      vertex 85.2 34.2458 0
      vertex 85.325 34.3236 0
    endloop
  endfacet
  facet normal 0.935826 0.352463 0
    outer loop
      vertex 84.3713 31.514 1.5
      vertex 84.3194 31.6518 0
      vertex 84.3194 31.6518 1.5
    endloop
  endfacet
  facet normal 0.935826 0.352463 0
    outer loop
      vertex 84.3194 31.6518 0
      vertex 84.3713 31.514 1.5
      vertex 84.3713 31.514 0
    endloop
  endfacet
  facet normal -0.882014 0.471222 0
    outer loop
      vertex 88.3986 31.25 0
      vertex 88.468 31.3799 1.5
      vertex 88.468 31.3799 0
    endloop
  endfacet
  facet normal -0.882014 0.471222 0
    outer loop
      vertex 88.468 31.3799 1.5
      vertex 88.3986 31.25 0
      vertex 88.3986 31.25 1.5
    endloop
  endfacet
  facet normal -0.772988 -0.634421 0
    outer loop
      vertex 88.235 33.7447 0
      vertex 88.1416 33.8585 1.5
      vertex 88.1416 33.8585 0
    endloop
  endfacet
  facet normal -0.772988 -0.634421 0
    outer loop
      vertex 88.1416 33.8585 1.5
      vertex 88.235 33.7447 0
      vertex 88.235 33.7447 1.5
    endloop
  endfacet
  facet normal -0.957019 0.290026 0
    outer loop
      vertex 88.5806 31.6518 0
      vertex 88.6233 31.7927 1.5
      vertex 88.6233 31.7927 0
    endloop
  endfacet
  facet normal -0.957019 0.290026 0
    outer loop
      vertex 88.6233 31.7927 1.5
      vertex 88.5806 31.6518 0
      vertex 88.5806 31.6518 1.5
    endloop
  endfacet
  facet normal 0.848989 0.528411 0
    outer loop
      vertex 84.5792 31.125 1.5
      vertex 84.5014 31.25 0
      vertex 84.5014 31.25 1.5
    endloop
  endfacet
  facet normal 0.848989 0.528411 0
    outer loop
      vertex 84.5014 31.25 0
      vertex 84.5792 31.125 1.5
      vertex 84.5792 31.125 0
    endloop
  endfacet
  facet normal -0.634421 -0.772988 0
    outer loop
      vertex 87.8197 34.16 0
      vertex 87.9335 34.0666 1.5
      vertex 87.8197 34.16 1.5
    endloop
  endfacet
  facet normal -0.634421 -0.772988 -0
    outer loop
      vertex 87.9335 34.0666 1.5
      vertex 87.8197 34.16 0
      vertex 87.9335 34.0666 0
    endloop
  endfacet
  facet normal -0.848989 0.528411 0
    outer loop
      vertex 88.3208 31.125 0
      vertex 88.3986 31.25 1.5
      vertex 88.3986 31.25 0
    endloop
  endfacet
  facet normal -0.848989 0.528411 0
    outer loop
      vertex 88.3986 31.25 1.5
      vertex 88.3208 31.125 0
      vertex 88.3208 31.125 1.5
    endloop
  endfacet
  facet normal -0.98674 0.162306 0
    outer loop
      vertex 88.6568 31.936 0
      vertex 88.6807 32.0813 1.5
      vertex 88.6807 32.0813 0
    endloop
  endfacet
  facet normal -0.98674 0.162306 0
    outer loop
      vertex 88.6807 32.0813 1.5
      vertex 88.6568 31.936 0
      vertex 88.6568 31.936 1.5
    endloop
  endfacet
  facet normal -0.935826 0.352463 0
    outer loop
      vertex 88.5287 31.514 0
      vertex 88.5806 31.6518 1.5
      vertex 88.5806 31.6518 0
    endloop
  endfacet
  facet normal -0.935826 0.352463 0
    outer loop
      vertex 88.5806 31.6518 1.5
      vertex 88.5287 31.514 0
      vertex 88.5287 31.514 1.5
    endloop
  endfacet
  facet normal -0.471505 -0.881863 0
    outer loop
      vertex 87.4452 34.393 0
      vertex 87.575 34.3236 1.5
      vertex 87.4452 34.393 1.5
    endloop
  endfacet
  facet normal -0.471505 -0.881863 -0
    outer loop
      vertex 87.575 34.3236 1.5
      vertex 87.4452 34.393 0
      vertex 87.575 34.3236 0
    endloop
  endfacet
  facet normal -0.162967 -0.986631 0
    outer loop
      vertex 86.7437 34.6058 0
      vertex 86.889 34.5818 1.5
      vertex 86.7437 34.6058 1.5
    endloop
  endfacet
  facet normal -0.162967 -0.986631 -0
    outer loop
      vertex 86.889 34.5818 1.5
      vertex 86.7437 34.6058 0
      vertex 86.889 34.5818 0
    endloop
  endfacet
  facet normal -0.0978221 0.995204 0
    outer loop
      vertex 86.7437 30.1442 0
      vertex 86.5972 30.1298 1.5
      vertex 86.7437 30.1442 1.5
    endloop
  endfacet
  facet normal -0.0978221 0.995204 0
    outer loop
      vertex 86.5972 30.1298 1.5
      vertex 86.7437 30.1442 0
      vertex 86.5972 30.1298 0
    endloop
  endfacet
  facet normal -0.352463 0.935826 0
    outer loop
      vertex 87.311 30.2963 0
      vertex 87.1732 30.2444 1.5
      vertex 87.311 30.2963 1.5
    endloop
  endfacet
  facet normal -0.352463 0.935826 0
    outer loop
      vertex 87.1732 30.2444 1.5
      vertex 87.311 30.2963 0
      vertex 87.1732 30.2444 0
    endloop
  endfacet
  facet normal -0.848989 -0.528411 0
    outer loop
      vertex 88.3986 33.5 0
      vertex 88.3208 33.625 1.5
      vertex 88.3208 33.625 0
    endloop
  endfacet
  facet normal -0.848989 -0.528411 0
    outer loop
      vertex 88.3208 33.625 1.5
      vertex 88.3986 33.5 0
      vertex 88.3986 33.5 1.5
    endloop
  endfacet
  facet normal -0.290026 -0.957019 0
    outer loop
      vertex 87.0323 34.5483 0
      vertex 87.1732 34.5056 1.5
      vertex 87.0323 34.5483 1.5
    endloop
  endfacet
  facet normal -0.290026 -0.957019 -0
    outer loop
      vertex 87.1732 34.5056 1.5
      vertex 87.0323 34.5483 0
      vertex 87.1732 34.5056 0
    endloop
  endfacet
  facet normal -0.882014 -0.471222 0
    outer loop
      vertex 88.468 33.3701 0
      vertex 88.3986 33.5 1.5
      vertex 88.3986 33.5 0
    endloop
  endfacet
  facet normal -0.882014 -0.471222 0
    outer loop
      vertex 88.3986 33.5 1.5
      vertex 88.468 33.3701 0
      vertex 88.468 33.3701 1.5
    endloop
  endfacet
  facet normal 0.162967 0.986631 -0
    outer loop
      vertex 86.1563 30.1442 0
      vertex 86.011 30.1682 1.5
      vertex 86.1563 30.1442 1.5
    endloop
  endfacet
  facet normal 0.162967 0.986631 0
    outer loop
      vertex 86.011 30.1682 1.5
      vertex 86.1563 30.1442 0
      vertex 86.011 30.1682 0
    endloop
  endfacet
  facet normal 0.957019 -0.290026 0
    outer loop
      vertex 84.2767 32.9573 1.5
      vertex 84.3194 33.0982 0
      vertex 84.3194 33.0982 1.5
    endloop
  endfacet
  facet normal 0.957019 -0.290026 0
    outer loop
      vertex 84.3194 33.0982 0
      vertex 84.2767 32.9573 1.5
      vertex 84.2767 32.9573 0
    endloop
  endfacet
  facet normal 0.683286 -0.730151 0
    outer loop
      vertex 84.859 33.966 0
      vertex 84.9665 34.0666 1.5
      vertex 84.859 33.966 1.5
    endloop
  endfacet
  facet normal 0.683286 -0.730151 0
    outer loop
      vertex 84.9665 34.0666 1.5
      vertex 84.859 33.966 0
      vertex 84.9665 34.0666 0
    endloop
  endfacet
  facet normal -0.290026 0.957019 0
    outer loop
      vertex 87.1732 30.2444 0
      vertex 87.0323 30.2017 1.5
      vertex 87.1732 30.2444 1.5
    endloop
  endfacet
  facet normal -0.290026 0.957019 0
    outer loop
      vertex 87.0323 30.2017 1.5
      vertex 87.1732 30.2444 0
      vertex 87.0323 30.2017 0
    endloop
  endfacet
  facet normal 0.471505 -0.881863 0
    outer loop
      vertex 85.325 34.3236 0
      vertex 85.4548 34.393 1.5
      vertex 85.325 34.3236 1.5
    endloop
  endfacet
  facet normal 0.471505 -0.881863 0
    outer loop
      vertex 85.4548 34.393 1.5
      vertex 85.325 34.3236 0
      vertex 85.4548 34.393 0
    endloop
  endfacet
  facet normal -0.683286 0.730151 0
    outer loop
      vertex 88.041 30.784 0
      vertex 87.9335 30.6834 1.5
      vertex 88.041 30.784 1.5
    endloop
  endfacet
  facet normal -0.683286 0.730151 0
    outer loop
      vertex 87.9335 30.6834 1.5
      vertex 88.041 30.784 0
      vertex 87.9335 30.6834 0
    endloop
  endfacet
  facet normal -0.812769 0.582586 0
    outer loop
      vertex 88.235 31.0053 0
      vertex 88.3208 31.125 1.5
      vertex 88.3208 31.125 0
    endloop
  endfacet
  facet normal -0.812769 0.582586 0
    outer loop
      vertex 88.3208 31.125 1.5
      vertex 88.235 31.0053 0
      vertex 88.235 31.0053 1.5
    endloop
  endfacet
  facet normal 0.995204 0.0978221 0
    outer loop
      vertex 84.2192 32.0813 1.5
      vertex 84.2048 32.2278 0
      vertex 84.2048 32.2278 1.5
    endloop
  endfacet
  facet normal 0.995204 0.0978221 0
    outer loop
      vertex 84.2048 32.2278 0
      vertex 84.2192 32.0813 1.5
      vertex 84.2192 32.0813 0
    endloop
  endfacet
  facet normal 0.528411 0.848989 -0
    outer loop
      vertex 85.325 30.4264 0
      vertex 85.2 30.5042 1.5
      vertex 85.325 30.4264 1.5
    endloop
  endfacet
  facet normal 0.528411 0.848989 0
    outer loop
      vertex 85.2 30.5042 1.5
      vertex 85.325 30.4264 0
      vertex 85.2 30.5042 0
    endloop
  endfacet
  facet normal -0.0325914 0.999469 0
    outer loop
      vertex 86.5972 30.1298 0
      vertex 86.45 30.125 1.5
      vertex 86.5972 30.1298 1.5
    endloop
  endfacet
  facet normal -0.0325914 0.999469 0
    outer loop
      vertex 86.45 30.125 1.5
      vertex 86.5972 30.1298 0
      vertex 86.45 30.125 0
    endloop
  endfacet
  facet normal 0.227638 0.973746 -0
    outer loop
      vertex 86.011 30.1682 0
      vertex 85.8677 30.2017 1.5
      vertex 86.011 30.1682 1.5
    endloop
  endfacet
  facet normal 0.227638 0.973746 0
    outer loop
      vertex 85.8677 30.2017 1.5
      vertex 86.011 30.1682 0
      vertex 85.8677 30.2017 0
    endloop
  endfacet
  facet normal 0.227638 -0.973746 0
    outer loop
      vertex 85.8677 34.5483 0
      vertex 86.011 34.5818 1.5
      vertex 85.8677 34.5483 1.5
    endloop
  endfacet
  facet normal 0.227638 -0.973746 0
    outer loop
      vertex 86.011 34.5818 1.5
      vertex 85.8677 34.5483 0
      vertex 86.011 34.5818 0
    endloop
  endfacet
  facet normal -0.772988 0.634421 0
    outer loop
      vertex 88.1416 30.8915 0
      vertex 88.235 31.0053 1.5
      vertex 88.235 31.0053 0
    endloop
  endfacet
  facet normal -0.772988 0.634421 0
    outer loop
      vertex 88.235 31.0053 1.5
      vertex 88.1416 30.8915 0
      vertex 88.1416 30.8915 1.5
    endloop
  endfacet
  facet normal 0.162967 -0.986631 0
    outer loop
      vertex 86.011 34.5818 0
      vertex 86.1563 34.6058 1.5
      vertex 86.011 34.5818 1.5
    endloop
  endfacet
  facet normal 0.162967 -0.986631 0
    outer loop
      vertex 86.1563 34.6058 1.5
      vertex 86.011 34.5818 0
      vertex 86.1563 34.6058 0
    endloop
  endfacet
  facet normal -0.412114 -0.911132 0
    outer loop
      vertex 87.311 34.4537 0
      vertex 87.4452 34.393 1.5
      vertex 87.311 34.4537 1.5
    endloop
  endfacet
  facet normal -0.412114 -0.911132 -0
    outer loop
      vertex 87.4452 34.393 1.5
      vertex 87.311 34.4537 0
      vertex 87.4452 34.393 0
    endloop
  endfacet
  facet normal -0.0325914 -0.999469 0
    outer loop
      vertex 86.45 34.625 0
      vertex 86.5972 34.6202 1.5
      vertex 86.45 34.625 1.5
    endloop
  endfacet
  facet normal -0.0325914 -0.999469 -0
    outer loop
      vertex 86.5972 34.6202 1.5
      vertex 86.45 34.625 0
      vertex 86.5972 34.6202 0
    endloop
  endfacet
  facet normal -0.0978221 -0.995204 0
    outer loop
      vertex 86.5972 34.6202 0
      vertex 86.7437 34.6058 1.5
      vertex 86.5972 34.6202 1.5
    endloop
  endfacet
  facet normal -0.0978221 -0.995204 -0
    outer loop
      vertex 86.7437 34.6058 1.5
      vertex 86.5972 34.6202 0
      vertex 86.7437 34.6058 0
    endloop
  endfacet
  facet normal -0.528411 0.848989 0
    outer loop
      vertex 87.7 30.5042 0
      vertex 87.575 30.4264 1.5
      vertex 87.7 30.5042 1.5
    endloop
  endfacet
  facet normal -0.528411 0.848989 0
    outer loop
      vertex 87.575 30.4264 1.5
      vertex 87.7 30.5042 0
      vertex 87.575 30.4264 0
    endloop
  endfacet
  facet normal -0.995138 0.0984948 0
    outer loop
      vertex 88.6807 32.0813 0
      vertex 88.6952 32.2278 1.5
      vertex 88.6952 32.2278 0
    endloop
  endfacet
  facet normal -0.995138 0.0984948 0
    outer loop
      vertex 88.6952 32.2278 1.5
      vertex 88.6807 32.0813 0
      vertex 88.6807 32.0813 1.5
    endloop
  endfacet
  facet normal -0.634421 0.772988 0
    outer loop
      vertex 87.9335 30.6834 0
      vertex 87.8197 30.59 1.5
      vertex 87.9335 30.6834 1.5
    endloop
  endfacet
  facet normal -0.634421 0.772988 0
    outer loop
      vertex 87.8197 30.59 1.5
      vertex 87.9335 30.6834 0
      vertex 87.8197 30.59 0
    endloop
  endfacet
  facet normal 0.352463 -0.935826 0
    outer loop
      vertex 85.589 34.4537 0
      vertex 85.7268 34.5056 1.5
      vertex 85.589 34.4537 1.5
    endloop
  endfacet
  facet normal 0.352463 -0.935826 0
    outer loop
      vertex 85.7268 34.5056 1.5
      vertex 85.589 34.4537 0
      vertex 85.7268 34.5056 0
    endloop
  endfacet
  facet normal 0.0325914 0.999469 -0
    outer loop
      vertex 86.45 30.125 0
      vertex 86.3028 30.1298 1.5
      vertex 86.45 30.125 1.5
    endloop
  endfacet
  facet normal 0.0325914 0.999469 0
    outer loop
      vertex 86.3028 30.1298 1.5
      vertex 86.45 30.125 0
      vertex 86.3028 30.1298 0
    endloop
  endfacet
  facet normal -0.582586 -0.812769 0
    outer loop
      vertex 87.7 34.2458 0
      vertex 87.8197 34.16 1.5
      vertex 87.7 34.2458 1.5
    endloop
  endfacet
  facet normal -0.582586 -0.812769 -0
    outer loop
      vertex 87.8197 34.16 1.5
      vertex 87.7 34.2458 0
      vertex 87.8197 34.16 0
    endloop
  endfacet
  facet normal -0.911017 0.412369 0
    outer loop
      vertex 88.468 31.3799 0
      vertex 88.5287 31.514 1.5
      vertex 88.5287 31.514 0
    endloop
  endfacet
  facet normal -0.911017 0.412369 0
    outer loop
      vertex 88.5287 31.514 1.5
      vertex 88.468 31.3799 0
      vertex 88.468 31.3799 1.5
    endloop
  endfacet
  facet normal 0.882014 0.471222 0
    outer loop
      vertex 84.5014 31.25 1.5
      vertex 84.432 31.3799 0
      vertex 84.432 31.3799 1.5
    endloop
  endfacet
  facet normal 0.882014 0.471222 0
    outer loop
      vertex 84.432 31.3799 0
      vertex 84.5014 31.25 1.5
      vertex 84.5014 31.25 0
    endloop
  endfacet
  facet normal -0.683286 -0.730151 0
    outer loop
      vertex 87.9335 34.0666 0
      vertex 88.041 33.966 1.5
      vertex 87.9335 34.0666 1.5
    endloop
  endfacet
  facet normal -0.683286 -0.730151 -0
    outer loop
      vertex 88.041 33.966 1.5
      vertex 87.9335 34.0666 0
      vertex 88.041 33.966 0
    endloop
  endfacet
  facet normal 0.290026 -0.957019 0
    outer loop
      vertex 85.7268 34.5056 0
      vertex 85.8677 34.5483 1.5
      vertex 85.7268 34.5056 1.5
    endloop
  endfacet
  facet normal 0.290026 -0.957019 0
    outer loop
      vertex 85.8677 34.5483 1.5
      vertex 85.7268 34.5056 0
      vertex 85.8677 34.5483 0
    endloop
  endfacet
  facet normal -0.973746 -0.227638 0
    outer loop
      vertex 88.6568 32.814 0
      vertex 88.6233 32.9573 1.5
      vertex 88.6233 32.9573 0
    endloop
  endfacet
  facet normal -0.973746 -0.227638 0
    outer loop
      vertex 88.6233 32.9573 1.5
      vertex 88.6568 32.814 0
      vertex 88.6568 32.814 1.5
    endloop
  endfacet
  facet normal -0.935826 -0.352463 0
    outer loop
      vertex 88.5806 33.0982 0
      vertex 88.5287 33.236 1.5
      vertex 88.5287 33.236 0
    endloop
  endfacet
  facet normal -0.935826 -0.352463 0
    outer loop
      vertex 88.5287 33.236 1.5
      vertex 88.5806 33.0982 0
      vertex 88.5806 33.0982 1.5
    endloop
  endfacet
  facet normal -0.98674 -0.162306 0
    outer loop
      vertex 88.6807 32.6687 0
      vertex 88.6568 32.814 1.5
      vertex 88.6568 32.814 0
    endloop
  endfacet
  facet normal -0.98674 -0.162306 0
    outer loop
      vertex 88.6568 32.814 1.5
      vertex 88.6807 32.6687 0
      vertex 88.6807 32.6687 1.5
    endloop
  endfacet
  facet normal 0.812769 0.582586 0
    outer loop
      vertex 84.665 31.0053 1.5
      vertex 84.5792 31.125 0
      vertex 84.5792 31.125 1.5
    endloop
  endfacet
  facet normal 0.812769 0.582586 0
    outer loop
      vertex 84.5792 31.125 0
      vertex 84.665 31.0053 1.5
      vertex 84.665 31.0053 0
    endloop
  endfacet
  facet normal 0.634421 0.772988 -0
    outer loop
      vertex 85.0803 30.59 0
      vertex 84.9665 30.6834 1.5
      vertex 85.0803 30.59 1.5
    endloop
  endfacet
  facet normal 0.634421 0.772988 0
    outer loop
      vertex 84.9665 30.6834 1.5
      vertex 85.0803 30.59 0
      vertex 84.9665 30.6834 0
    endloop
  endfacet
  facet normal 0.995204 -0.0978221 0
    outer loop
      vertex 84.2048 32.5222 1.5
      vertex 84.2192 32.6687 0
      vertex 84.2192 32.6687 1.5
    endloop
  endfacet
  facet normal 0.995204 -0.0978221 0
    outer loop
      vertex 84.2192 32.6687 0
      vertex 84.2048 32.5222 1.5
      vertex 84.2048 32.5222 0
    endloop
  endfacet
  facet normal 0.0978221 -0.995204 0
    outer loop
      vertex 86.1563 34.6058 0
      vertex 86.3028 34.6202 1.5
      vertex 86.1563 34.6058 1.5
    endloop
  endfacet
  facet normal 0.0978221 -0.995204 0
    outer loop
      vertex 86.3028 34.6202 1.5
      vertex 86.1563 34.6058 0
      vertex 86.3028 34.6202 0
    endloop
  endfacet
  facet normal 0.973746 -0.227638 0
    outer loop
      vertex 84.2432 32.814 1.5
      vertex 84.2767 32.9573 0
      vertex 84.2767 32.9573 1.5
    endloop
  endfacet
  facet normal 0.973746 -0.227638 0
    outer loop
      vertex 84.2767 32.9573 0
      vertex 84.2432 32.814 1.5
      vertex 84.2432 32.814 0
    endloop
  endfacet
  facet normal 0.935826 -0.352463 0
    outer loop
      vertex 84.3194 33.0982 1.5
      vertex 84.3713 33.236 0
      vertex 84.3713 33.236 1.5
    endloop
  endfacet
  facet normal 0.935826 -0.352463 0
    outer loop
      vertex 84.3713 33.236 0
      vertex 84.3194 33.0982 1.5
      vertex 84.3194 33.0982 0
    endloop
  endfacet
  facet normal 0.0978221 0.995204 -0
    outer loop
      vertex 86.3028 30.1298 0
      vertex 86.1563 30.1442 1.5
      vertex 86.3028 30.1298 1.5
    endloop
  endfacet
  facet normal 0.0978221 0.995204 0
    outer loop
      vertex 86.1563 30.1442 1.5
      vertex 86.3028 30.1298 0
      vertex 86.1563 30.1442 0
    endloop
  endfacet
  facet normal 0.848989 -0.528411 0
    outer loop
      vertex 84.5014 33.5 1.5
      vertex 84.5792 33.625 0
      vertex 84.5792 33.625 1.5
    endloop
  endfacet
  facet normal 0.848989 -0.528411 0
    outer loop
      vertex 84.5792 33.625 0
      vertex 84.5014 33.5 1.5
      vertex 84.5014 33.5 0
    endloop
  endfacet
  facet normal -0.582586 0.812769 0
    outer loop
      vertex 87.8197 30.59 0
      vertex 87.7 30.5042 1.5
      vertex 87.8197 30.59 1.5
    endloop
  endfacet
  facet normal -0.582586 0.812769 0
    outer loop
      vertex 87.7 30.5042 1.5
      vertex 87.8197 30.59 0
      vertex 87.7 30.5042 0
    endloop
  endfacet
  facet normal 0.911017 -0.412369 0
    outer loop
      vertex 84.3713 33.236 1.5
      vertex 84.432 33.3701 0
      vertex 84.432 33.3701 1.5
    endloop
  endfacet
  facet normal 0.911017 -0.412369 0
    outer loop
      vertex 84.432 33.3701 0
      vertex 84.3713 33.236 1.5
      vertex 84.3713 33.236 0
    endloop
  endfacet
  facet normal 0.412114 0.911132 -0
    outer loop
      vertex 85.589 30.2963 0
      vertex 85.4548 30.357 1.5
      vertex 85.589 30.2963 1.5
    endloop
  endfacet
  facet normal 0.412114 0.911132 0
    outer loop
      vertex 85.4548 30.357 1.5
      vertex 85.589 30.2963 0
      vertex 85.4548 30.357 0
    endloop
  endfacet
  facet normal -0.412114 0.911132 0
    outer loop
      vertex 87.4452 30.357 0
      vertex 87.311 30.2963 1.5
      vertex 87.4452 30.357 1.5
    endloop
  endfacet
  facet normal -0.412114 0.911132 0
    outer loop
      vertex 87.311 30.2963 1.5
      vertex 87.4452 30.357 0
      vertex 87.311 30.2963 0
    endloop
  endfacet
  facet normal 0.812769 -0.582586 0
    outer loop
      vertex 84.5792 33.625 1.5
      vertex 84.665 33.7447 0
      vertex 84.665 33.7447 1.5
    endloop
  endfacet
  facet normal 0.812769 -0.582586 0
    outer loop
      vertex 84.665 33.7447 0
      vertex 84.5792 33.625 1.5
      vertex 84.5792 33.625 0
    endloop
  endfacet
  facet normal 0.999469 -0.0325914 0
    outer loop
      vertex 84.2 32.375 1.5
      vertex 84.2048 32.5222 0
      vertex 84.2048 32.5222 1.5
    endloop
  endfacet
  facet normal 0.999469 -0.0325914 0
    outer loop
      vertex 84.2048 32.5222 0
      vertex 84.2 32.375 1.5
      vertex 84.2 32.375 0
    endloop
  endfacet
  facet normal 0.999469 0.0325914 0
    outer loop
      vertex 84.2048 32.2278 1.5
      vertex 84.2 32.375 0
      vertex 84.2 32.375 1.5
    endloop
  endfacet
  facet normal 0.999469 0.0325914 0
    outer loop
      vertex 84.2 32.375 0
      vertex 84.2048 32.2278 1.5
      vertex 84.2048 32.2278 0
    endloop
  endfacet
  facet normal 0.290026 0.957019 -0
    outer loop
      vertex 85.8677 30.2017 0
      vertex 85.7268 30.2444 1.5
      vertex 85.8677 30.2017 1.5
    endloop
  endfacet
  facet normal 0.290026 0.957019 0
    outer loop
      vertex 85.7268 30.2444 1.5
      vertex 85.8677 30.2017 0
      vertex 85.7268 30.2444 0
    endloop
  endfacet
  facet normal 0.471505 0.881863 -0
    outer loop
      vertex 85.4548 30.357 0
      vertex 85.325 30.4264 1.5
      vertex 85.4548 30.357 1.5
    endloop
  endfacet
  facet normal 0.471505 0.881863 0
    outer loop
      vertex 85.325 30.4264 1.5
      vertex 85.4548 30.357 0
      vertex 85.325 30.4264 0
    endloop
  endfacet
  facet normal 0.352463 0.935826 -0
    outer loop
      vertex 85.7268 30.2444 0
      vertex 85.589 30.2963 1.5
      vertex 85.7268 30.2444 1.5
    endloop
  endfacet
  facet normal 0.352463 0.935826 0
    outer loop
      vertex 85.589 30.2963 1.5
      vertex 85.7268 30.2444 0
      vertex 85.589 30.2963 0
    endloop
  endfacet
  facet normal -0.995185 -0.0980158 0
    outer loop
      vertex 9.59229 6.23545 0
      vertex 9.5692 6.46989 1.5
      vertex 9.5692 6.46989 0
    endloop
  endfacet
  facet normal -0.995185 -0.0980158 0
    outer loop
      vertex 9.5692 6.46989 1.5
      vertex 9.59229 6.23545 0
      vertex 9.59229 6.23545 1.5
    endloop
  endfacet
  facet normal -0.999464 -0.0327283 0
    outer loop
      vertex 9.6 6 0
      vertex 9.59229 6.23545 1.5
      vertex 9.59229 6.23545 0
    endloop
  endfacet
  facet normal -0.999464 -0.0327283 0
    outer loop
      vertex 9.59229 6.23545 1.5
      vertex 9.6 6 0
      vertex 9.6 6 1.5
    endloop
  endfacet
  facet normal -0.773001 -0.634404 0
    outer loop
      vertex 8.85607 8.19154 0
      vertex 8.70662 8.37364 1.5
      vertex 8.70662 8.37364 0
    endloop
  endfacet
  facet normal -0.773001 -0.634404 0
    outer loop
      vertex 8.70662 8.37364 1.5
      vertex 8.85607 8.19154 0
      vertex 8.85607 8.19154 1.5
    endloop
  endfacet
  facet normal 0.683615 0.729843 -0
    outer loop
      vertex 3.62635 3.29338 0
      vertex 3.45442 3.45442 1.5
      vertex 3.62635 3.29338 1.5
    endloop
  endfacet
  facet normal 0.683615 0.729843 0
    outer loop
      vertex 3.45442 3.45442 1.5
      vertex 3.62635 3.29338 0
      vertex 3.45442 3.45442 0
    endloop
  endfacet
  facet normal 0.35224 -0.93591 0
    outer loop
      vertex 4.62234 9.32597 0
      vertex 4.84282 9.40895 1.5
      vertex 4.62234 9.32597 1.5
    endloop
  endfacet
  facet normal 0.35224 -0.93591 0
    outer loop
      vertex 4.84282 9.40895 1.5
      vertex 4.62234 9.32597 0
      vertex 4.84282 9.40895 0
    endloop
  endfacet
  facet normal -0.290271 -0.956944 0
    outer loop
      vertex 6.93175 9.47733 0
      vertex 7.15718 9.40895 1.5
      vertex 6.93175 9.47733 1.5
    endloop
  endfacet
  facet normal -0.290271 -0.956944 -0
    outer loop
      vertex 7.15718 9.40895 1.5
      vertex 6.93175 9.47733 0
      vertex 7.15718 9.40895 0
    endloop
  endfacet
  facet normal -0.910856 0.412725 0
    outer loop
      vertex 9.22874 4.40776 0
      vertex 9.32597 4.62234 1.5
      vertex 9.32597 4.62234 0
    endloop
  endfacet
  facet normal -0.910856 0.412725 0
    outer loop
      vertex 9.32597 4.62234 1.5
      vertex 9.22874 4.40776 0
      vertex 9.22874 4.40776 1.5
    endloop
  endfacet
  facet normal 0.986647 0.162871 0
    outer loop
      vertex 2.46917 5.29767 1.5
      vertex 2.4308 5.53011 0
      vertex 2.4308 5.53011 1.5
    endloop
  endfacet
  facet normal 0.986647 0.162871 0
    outer loop
      vertex 2.4308 5.53011 0
      vertex 2.46917 5.29767 1.5
      vertex 2.46917 5.29767 0
    endloop
  endfacet
  facet normal -0.0327283 -0.999464 0
    outer loop
      vertex 6 9.6 0
      vertex 6.23545 9.59229 1.5
      vertex 6 9.6 1.5
    endloop
  endfacet
  facet normal -0.0327283 -0.999464 -0
    outer loop
      vertex 6.23545 9.59229 1.5
      vertex 6 9.6 0
      vertex 6.23545 9.59229 0
    endloop
  endfacet
  facet normal 0.0980158 -0.995185 0
    outer loop
      vertex 5.53011 9.5692 0
      vertex 5.76455 9.59229 1.5
      vertex 5.53011 9.5692 1.5
    endloop
  endfacet
  facet normal 0.0980158 -0.995185 0
    outer loop
      vertex 5.76455 9.59229 1.5
      vertex 5.53011 9.5692 0
      vertex 5.76455 9.59229 0
    endloop
  endfacet
  facet normal 0.995185 0.0980158 0
    outer loop
      vertex 2.4308 5.53011 1.5
      vertex 2.40771 5.76455 0
      vertex 2.40771 5.76455 1.5
    endloop
  endfacet
  facet normal 0.995185 0.0980158 0
    outer loop
      vertex 2.40771 5.76455 0
      vertex 2.4308 5.53011 1.5
      vertex 2.4308 5.53011 0
    endloop
  endfacet
  facet normal 0.162871 0.986647 -0
    outer loop
      vertex 5.53011 2.4308 0
      vertex 5.29767 2.46917 1.5
      vertex 5.53011 2.4308 1.5
    endloop
  endfacet
  facet normal 0.162871 0.986647 0
    outer loop
      vertex 5.29767 2.46917 1.5
      vertex 5.53011 2.4308 0
      vertex 5.29767 2.46917 0
    endloop
  endfacet
  facet normal 0.93591 0.35224 0
    outer loop
      vertex 2.67403 4.62234 1.5
      vertex 2.59105 4.84282 0
      vertex 2.59105 4.84282 1.5
    endloop
  endfacet
  facet normal 0.93591 0.35224 0
    outer loop
      vertex 2.59105 4.84282 0
      vertex 2.67403 4.62234 1.5
      vertex 2.67403 4.62234 0
    endloop
  endfacet
  facet normal -0.729843 0.683615 0
    outer loop
      vertex 8.54558 3.45442 0
      vertex 8.70662 3.62635 1.5
      vertex 8.70662 3.62635 0
    endloop
  endfacet
  facet normal -0.729843 0.683615 0
    outer loop
      vertex 8.70662 3.62635 1.5
      vertex 8.54558 3.45442 0
      vertex 8.54558 3.45442 1.5
    endloop
  endfacet
  facet normal 0.412725 -0.910856 0
    outer loop
      vertex 4.40776 9.22874 0
      vertex 4.62234 9.32597 1.5
      vertex 4.40776 9.22874 1.5
    endloop
  endfacet
  facet normal 0.412725 -0.910856 0
    outer loop
      vertex 4.62234 9.32597 1.5
      vertex 4.40776 9.22874 0
      vertex 4.62234 9.32597 0
    endloop
  endfacet
  facet normal -0.93591 -0.35224 0
    outer loop
      vertex 9.40895 7.15718 0
      vertex 9.32597 7.37766 1.5
      vertex 9.32597 7.37766 0
    endloop
  endfacet
  facet normal -0.93591 -0.35224 0
    outer loop
      vertex 9.32597 7.37766 1.5
      vertex 9.40895 7.15718 0
      vertex 9.40895 7.15718 1.5
    endloop
  endfacet
  facet normal -0.999464 0.0327283 0
    outer loop
      vertex 9.59229 5.76455 0
      vertex 9.6 6 1.5
      vertex 9.6 6 0
    endloop
  endfacet
  facet normal -0.999464 0.0327283 0
    outer loop
      vertex 9.6 6 1.5
      vertex 9.59229 5.76455 0
      vertex 9.59229 5.76455 1.5
    endloop
  endfacet
  facet normal 0.634384 -0.773018 0
    outer loop
      vertex 3.62635 8.70662 0
      vertex 3.80846 8.85607 1.5
      vertex 3.62635 8.70662 1.5
    endloop
  endfacet
  facet normal 0.634384 -0.773018 0
    outer loop
      vertex 3.80846 8.85607 1.5
      vertex 3.62635 8.70662 0
      vertex 3.80846 8.85607 0
    endloop
  endfacet
  facet normal 0.683615 -0.729843 0
    outer loop
      vertex 3.45442 8.54558 0
      vertex 3.62635 8.70662 1.5
      vertex 3.45442 8.54558 1.5
    endloop
  endfacet
  facet normal 0.683615 -0.729843 0
    outer loop
      vertex 3.62635 8.70662 1.5
      vertex 3.45442 8.54558 0
      vertex 3.62635 8.70662 0
    endloop
  endfacet
  facet normal -0.471397 -0.881921 0
    outer loop
      vertex 7.59224 9.22874 0
      vertex 7.8 9.11769 1.5
      vertex 7.59224 9.22874 1.5
    endloop
  endfacet
  facet normal -0.471397 -0.881921 -0
    outer loop
      vertex 7.8 9.11769 1.5
      vertex 7.59224 9.22874 0
      vertex 7.8 9.11769 0
    endloop
  endfacet
  facet normal -0.8492 -0.528071 0
    outer loop
      vertex 9.11769 7.8 0
      vertex 8.99329 8.00005 1.5
      vertex 8.99329 8.00005 0
    endloop
  endfacet
  facet normal -0.8492 -0.528071 0
    outer loop
      vertex 8.99329 8.00005 1.5
      vertex 9.11769 7.8 0
      vertex 9.11769 7.8 1.5
    endloop
  endfacet
  facet normal -0.162878 -0.986646 0
    outer loop
      vertex 6.46989 9.5692 0
      vertex 6.70232 9.53083 1.5
      vertex 6.46989 9.5692 1.5
    endloop
  endfacet
  facet normal -0.162878 -0.986646 -0
    outer loop
      vertex 6.70232 9.53083 1.5
      vertex 6.46989 9.5692 0
      vertex 6.70232 9.53083 0
    endloop
  endfacet
  facet normal 0.956944 -0.290271 0
    outer loop
      vertex 2.52267 6.93175 1.5
      vertex 2.59105 7.15718 0
      vertex 2.59105 7.15718 1.5
    endloop
  endfacet
  facet normal 0.956944 -0.290271 0
    outer loop
      vertex 2.59105 7.15718 0
      vertex 2.52267 6.93175 1.5
      vertex 2.52267 6.93175 0
    endloop
  endfacet
  facet normal -0.412725 0.910856 0
    outer loop
      vertex 7.59224 2.77126 0
      vertex 7.37766 2.67403 1.5
      vertex 7.59224 2.77126 1.5
    endloop
  endfacet
  facet normal -0.412725 0.910856 0
    outer loop
      vertex 7.37766 2.67403 1.5
      vertex 7.59224 2.77126 0
      vertex 7.37766 2.67403 0
    endloop
  endfacet
  facet normal -0.528071 -0.8492 0
    outer loop
      vertex 7.8 9.11769 0
      vertex 8.00005 8.99329 1.5
      vertex 7.8 9.11769 1.5
    endloop
  endfacet
  facet normal -0.528071 -0.8492 -0
    outer loop
      vertex 8.00005 8.99329 1.5
      vertex 7.8 9.11769 0
      vertex 8.00005 8.99329 0
    endloop
  endfacet
  facet normal -0.683594 0.729863 0
    outer loop
      vertex 8.54558 3.45442 0
      vertex 8.37364 3.29338 1.5
      vertex 8.54558 3.45442 1.5
    endloop
  endfacet
  facet normal -0.683594 0.729863 0
    outer loop
      vertex 8.37364 3.29338 1.5
      vertex 8.54558 3.45442 0
      vertex 8.37364 3.29338 0
    endloop
  endfacet
  facet normal -0.956944 -0.290271 0
    outer loop
      vertex 9.47733 6.93175 0
      vertex 9.40895 7.15718 1.5
      vertex 9.40895 7.15718 0
    endloop
  endfacet
  facet normal -0.956944 -0.290271 0
    outer loop
      vertex 9.40895 7.15718 1.5
      vertex 9.47733 6.93175 0
      vertex 9.47733 6.93175 1.5
    endloop
  endfacet
  facet normal 0.162871 -0.986647 0
    outer loop
      vertex 5.29767 9.53083 0
      vertex 5.53011 9.5692 1.5
      vertex 5.29767 9.53083 1.5
    endloop
  endfacet
  facet normal 0.162871 -0.986647 0
    outer loop
      vertex 5.53011 9.5692 1.5
      vertex 5.29767 9.53083 0
      vertex 5.53011 9.5692 0
    endloop
  endfacet
  facet normal 0.986646 -0.162878 0
    outer loop
      vertex 2.4308 6.46989 1.5
      vertex 2.46917 6.70232 0
      vertex 2.46917 6.70232 1.5
    endloop
  endfacet
  facet normal 0.986646 -0.162878 0
    outer loop
      vertex 2.46917 6.70232 0
      vertex 2.4308 6.46989 1.5
      vertex 2.4308 6.46989 0
    endloop
  endfacet
  facet normal 0.528071 -0.8492 0
    outer loop
      vertex 3.99995 8.99329 0
      vertex 4.2 9.11769 1.5
      vertex 3.99995 8.99329 1.5
    endloop
  endfacet
  facet normal 0.528071 -0.8492 0
    outer loop
      vertex 4.2 9.11769 1.5
      vertex 3.99995 8.99329 0
      vertex 4.2 9.11769 0
    endloop
  endfacet
  facet normal -0.986647 0.162871 0
    outer loop
      vertex 9.53083 5.29767 0
      vertex 9.5692 5.53011 1.5
      vertex 9.5692 5.53011 0
    endloop
  endfacet
  facet normal -0.986647 0.162871 0
    outer loop
      vertex 9.5692 5.53011 1.5
      vertex 9.53083 5.29767 0
      vertex 9.53083 5.29767 1.5
    endloop
  endfacet
  facet normal -0.683594 -0.729863 0
    outer loop
      vertex 8.37364 8.70662 0
      vertex 8.54558 8.54558 1.5
      vertex 8.37364 8.70662 1.5
    endloop
  endfacet
  facet normal -0.683594 -0.729863 -0
    outer loop
      vertex 8.54558 8.54558 1.5
      vertex 8.37364 8.70662 0
      vertex 8.54558 8.54558 0
    endloop
  endfacet
  facet normal -0.812846 -0.582478 0
    outer loop
      vertex 8.99329 8.00005 0
      vertex 8.85607 8.19154 1.5
      vertex 8.85607 8.19154 0
    endloop
  endfacet
  facet normal -0.812846 -0.582478 0
    outer loop
      vertex 8.85607 8.19154 1.5
      vertex 8.99329 8.00005 0
      vertex 8.99329 8.00005 1.5
    endloop
  endfacet
  facet normal -0.0980158 0.995185 0
    outer loop
      vertex 6.46989 2.4308 0
      vertex 6.23545 2.40771 1.5
      vertex 6.46989 2.4308 1.5
    endloop
  endfacet
  facet normal -0.0980158 0.995185 0
    outer loop
      vertex 6.23545 2.40771 1.5
      vertex 6.46989 2.4308 0
      vertex 6.23545 2.40771 0
    endloop
  endfacet
  facet normal -0.8492 0.528071 0
    outer loop
      vertex 8.99329 3.99995 0
      vertex 9.11769 4.2 1.5
      vertex 9.11769 4.2 0
    endloop
  endfacet
  facet normal -0.8492 0.528071 0
    outer loop
      vertex 9.11769 4.2 1.5
      vertex 8.99329 3.99995 0
      vertex 8.99329 3.99995 1.5
    endloop
  endfacet
  facet normal -0.881921 0.471397 0
    outer loop
      vertex 9.11769 4.2 0
      vertex 9.22874 4.40776 1.5
      vertex 9.22874 4.40776 0
    endloop
  endfacet
  facet normal -0.881921 0.471397 0
    outer loop
      vertex 9.22874 4.40776 1.5
      vertex 9.11769 4.2 0
      vertex 9.11769 4.2 1.5
    endloop
  endfacet
  facet normal -0.995185 0.0980158 0
    outer loop
      vertex 9.5692 5.53011 0
      vertex 9.59229 5.76455 1.5
      vertex 9.59229 5.76455 0
    endloop
  endfacet
  facet normal -0.995185 0.0980158 0
    outer loop
      vertex 9.59229 5.76455 1.5
      vertex 9.5692 5.53011 0
      vertex 9.5692 5.53011 1.5
    endloop
  endfacet
  facet normal -0.471397 0.881921 0
    outer loop
      vertex 7.8 2.88231 0
      vertex 7.59224 2.77126 1.5
      vertex 7.8 2.88231 1.5
    endloop
  endfacet
  facet normal -0.471397 0.881921 0
    outer loop
      vertex 7.59224 2.77126 1.5
      vertex 7.8 2.88231 0
      vertex 7.59224 2.77126 0
    endloop
  endfacet
  facet normal -0.773018 0.634384 0
    outer loop
      vertex 8.70662 3.62635 0
      vertex 8.85607 3.80846 1.5
      vertex 8.85607 3.80846 0
    endloop
  endfacet
  facet normal -0.773018 0.634384 0
    outer loop
      vertex 8.85607 3.80846 1.5
      vertex 8.70662 3.62635 0
      vertex 8.70662 3.62635 1.5
    endloop
  endfacet
  facet normal 0.973871 0.227103 0
    outer loop
      vertex 2.52267 5.06825 1.5
      vertex 2.46917 5.29767 0
      vertex 2.46917 5.29767 1.5
    endloop
  endfacet
  facet normal 0.973871 0.227103 0
    outer loop
      vertex 2.46917 5.29767 0
      vertex 2.52267 5.06825 1.5
      vertex 2.52267 5.06825 0
    endloop
  endfacet
  facet normal -0.910856 -0.412725 0
    outer loop
      vertex 9.32597 7.37766 0
      vertex 9.22874 7.59224 1.5
      vertex 9.22874 7.59224 0
    endloop
  endfacet
  facet normal -0.910856 -0.412725 0
    outer loop
      vertex 9.22874 7.59224 1.5
      vertex 9.32597 7.37766 0
      vertex 9.32597 7.37766 1.5
    endloop
  endfacet
  facet normal 0.290271 0.956944 -0
    outer loop
      vertex 5.06825 2.52267 0
      vertex 4.84282 2.59105 1.5
      vertex 5.06825 2.52267 1.5
    endloop
  endfacet
  facet normal 0.290271 0.956944 0
    outer loop
      vertex 4.84282 2.59105 1.5
      vertex 5.06825 2.52267 0
      vertex 4.84282 2.59105 0
    endloop
  endfacet
  facet normal -0.634404 0.773001 0
    outer loop
      vertex 8.37364 3.29338 0
      vertex 8.19154 3.14393 1.5
      vertex 8.37364 3.29338 1.5
    endloop
  endfacet
  facet normal -0.634404 0.773001 0
    outer loop
      vertex 8.19154 3.14393 1.5
      vertex 8.37364 3.29338 0
      vertex 8.19154 3.14393 0
    endloop
  endfacet
  facet normal -0.973873 -0.227094 0
    outer loop
      vertex 9.53083 6.70232 0
      vertex 9.47733 6.93175 1.5
      vertex 9.47733 6.93175 0
    endloop
  endfacet
  facet normal -0.973873 -0.227094 0
    outer loop
      vertex 9.47733 6.93175 1.5
      vertex 9.53083 6.70232 0
      vertex 9.53083 6.70232 1.5
    endloop
  endfacet
  facet normal 0.729863 -0.683594 0
    outer loop
      vertex 3.29338 8.37364 1.5
      vertex 3.45442 8.54558 0
      vertex 3.45442 8.54558 1.5
    endloop
  endfacet
  facet normal 0.729863 -0.683594 0
    outer loop
      vertex 3.45442 8.54558 0
      vertex 3.29338 8.37364 1.5
      vertex 3.29338 8.37364 0
    endloop
  endfacet
  facet normal -0.881921 -0.471397 0
    outer loop
      vertex 9.22874 7.59224 0
      vertex 9.11769 7.8 1.5
      vertex 9.11769 7.8 0
    endloop
  endfacet
  facet normal -0.881921 -0.471397 0
    outer loop
      vertex 9.11769 7.8 1.5
      vertex 9.22874 7.59224 0
      vertex 9.22874 7.59224 1.5
    endloop
  endfacet
  facet normal 0.999464 0.0327283 0
    outer loop
      vertex 2.40771 5.76455 1.5
      vertex 2.4 6 0
      vertex 2.4 6 1.5
    endloop
  endfacet
  facet normal 0.999464 0.0327283 0
    outer loop
      vertex 2.4 6 0
      vertex 2.40771 5.76455 1.5
      vertex 2.40771 5.76455 0
    endloop
  endfacet
  facet normal 0.290271 -0.956944 0
    outer loop
      vertex 4.84282 9.40895 0
      vertex 5.06825 9.47733 1.5
      vertex 4.84282 9.40895 1.5
    endloop
  endfacet
  facet normal 0.290271 -0.956944 0
    outer loop
      vertex 5.06825 9.47733 1.5
      vertex 4.84282 9.40895 0
      vertex 5.06825 9.47733 0
    endloop
  endfacet
  facet normal -0.582478 0.812846 0
    outer loop
      vertex 8.19154 3.14393 0
      vertex 8.00005 3.00671 1.5
      vertex 8.19154 3.14393 1.5
    endloop
  endfacet
  facet normal -0.582478 0.812846 0
    outer loop
      vertex 8.00005 3.00671 1.5
      vertex 8.19154 3.14393 0
      vertex 8.00005 3.00671 0
    endloop
  endfacet
  facet normal 0.227103 -0.973871 0
    outer loop
      vertex 5.06825 9.47733 0
      vertex 5.29767 9.53083 1.5
      vertex 5.06825 9.47733 1.5
    endloop
  endfacet
  facet normal 0.227103 -0.973871 0
    outer loop
      vertex 5.29767 9.53083 1.5
      vertex 5.06825 9.47733 0
      vertex 5.29767 9.53083 0
    endloop
  endfacet
  facet normal 0.412725 0.910856 -0
    outer loop
      vertex 4.62234 2.67403 0
      vertex 4.40776 2.77126 1.5
      vertex 4.62234 2.67403 1.5
    endloop
  endfacet
  facet normal 0.412725 0.910856 0
    outer loop
      vertex 4.40776 2.77126 1.5
      vertex 4.62234 2.67403 0
      vertex 4.40776 2.77126 0
    endloop
  endfacet
  facet normal 0.956944 0.290271 0
    outer loop
      vertex 2.59105 4.84282 1.5
      vertex 2.52267 5.06825 0
      vertex 2.52267 5.06825 1.5
    endloop
  endfacet
  facet normal 0.956944 0.290271 0
    outer loop
      vertex 2.52267 5.06825 0
      vertex 2.59105 4.84282 1.5
      vertex 2.59105 4.84282 0
    endloop
  endfacet
  facet normal 0.582478 -0.812846 0
    outer loop
      vertex 3.80846 8.85607 0
      vertex 3.99995 8.99329 1.5
      vertex 3.80846 8.85607 1.5
    endloop
  endfacet
  facet normal 0.582478 -0.812846 0
    outer loop
      vertex 3.99995 8.99329 1.5
      vertex 3.80846 8.85607 0
      vertex 3.99995 8.99329 0
    endloop
  endfacet
  facet normal 0.773018 0.634384 0
    outer loop
      vertex 3.29338 3.62635 1.5
      vertex 3.14393 3.80846 0
      vertex 3.14393 3.80846 1.5
    endloop
  endfacet
  facet normal 0.773018 0.634384 0
    outer loop
      vertex 3.14393 3.80846 0
      vertex 3.29338 3.62635 1.5
      vertex 3.29338 3.62635 0
    endloop
  endfacet
  facet normal 0.528071 0.8492 -0
    outer loop
      vertex 4.2 2.88231 0
      vertex 3.99995 3.00671 1.5
      vertex 4.2 2.88231 1.5
    endloop
  endfacet
  facet normal 0.528071 0.8492 0
    outer loop
      vertex 3.99995 3.00671 1.5
      vertex 4.2 2.88231 0
      vertex 3.99995 3.00671 0
    endloop
  endfacet
  facet normal 0.973873 -0.227094 0
    outer loop
      vertex 2.46917 6.70232 1.5
      vertex 2.52267 6.93175 0
      vertex 2.52267 6.93175 1.5
    endloop
  endfacet
  facet normal 0.973873 -0.227094 0
    outer loop
      vertex 2.52267 6.93175 0
      vertex 2.46917 6.70232 1.5
      vertex 2.46917 6.70232 0
    endloop
  endfacet
  facet normal -0.35224 -0.93591 0
    outer loop
      vertex 7.15718 9.40895 0
      vertex 7.37766 9.32597 1.5
      vertex 7.15718 9.40895 1.5
    endloop
  endfacet
  facet normal -0.35224 -0.93591 -0
    outer loop
      vertex 7.37766 9.32597 1.5
      vertex 7.15718 9.40895 0
      vertex 7.37766 9.32597 0
    endloop
  endfacet
  facet normal 0.910856 0.412725 0
    outer loop
      vertex 2.77126 4.40776 1.5
      vertex 2.67403 4.62234 0
      vertex 2.67403 4.62234 1.5
    endloop
  endfacet
  facet normal 0.910856 0.412725 0
    outer loop
      vertex 2.67403 4.62234 0
      vertex 2.77126 4.40776 1.5
      vertex 2.77126 4.40776 0
    endloop
  endfacet
  facet normal -0.956944 0.290271 0
    outer loop
      vertex 9.40895 4.84282 0
      vertex 9.47733 5.06825 1.5
      vertex 9.47733 5.06825 0
    endloop
  endfacet
  facet normal -0.956944 0.290271 0
    outer loop
      vertex 9.47733 5.06825 1.5
      vertex 9.40895 4.84282 0
      vertex 9.40895 4.84282 1.5
    endloop
  endfacet
  facet normal -0.973871 0.227103 0
    outer loop
      vertex 9.47733 5.06825 0
      vertex 9.53083 5.29767 1.5
      vertex 9.53083 5.29767 0
    endloop
  endfacet
  facet normal -0.973871 0.227103 0
    outer loop
      vertex 9.53083 5.29767 1.5
      vertex 9.47733 5.06825 0
      vertex 9.47733 5.06825 1.5
    endloop
  endfacet
  facet normal 0.729843 0.683615 0
    outer loop
      vertex 3.45442 3.45442 1.5
      vertex 3.29338 3.62635 0
      vertex 3.29338 3.62635 1.5
    endloop
  endfacet
  facet normal 0.729843 0.683615 0
    outer loop
      vertex 3.29338 3.62635 0
      vertex 3.45442 3.45442 1.5
      vertex 3.45442 3.45442 0
    endloop
  endfacet
  facet normal -0.290271 0.956944 0
    outer loop
      vertex 7.15718 2.59105 0
      vertex 6.93175 2.52267 1.5
      vertex 7.15718 2.59105 1.5
    endloop
  endfacet
  facet normal -0.290271 0.956944 0
    outer loop
      vertex 6.93175 2.52267 1.5
      vertex 7.15718 2.59105 0
      vertex 6.93175 2.52267 0
    endloop
  endfacet
  facet normal -0.812846 0.582478 0
    outer loop
      vertex 8.85607 3.80846 0
      vertex 8.99329 3.99995 1.5
      vertex 8.99329 3.99995 0
    endloop
  endfacet
  facet normal -0.812846 0.582478 0
    outer loop
      vertex 8.99329 3.99995 1.5
      vertex 8.85607 3.80846 0
      vertex 8.85607 3.80846 1.5
    endloop
  endfacet
  facet normal -0.634404 -0.773001 0
    outer loop
      vertex 8.19154 8.85607 0
      vertex 8.37364 8.70662 1.5
      vertex 8.19154 8.85607 1.5
    endloop
  endfacet
  facet normal -0.634404 -0.773001 -0
    outer loop
      vertex 8.37364 8.70662 1.5
      vertex 8.19154 8.85607 0
      vertex 8.37364 8.70662 0
    endloop
  endfacet
  facet normal -0.0980158 -0.995185 0
    outer loop
      vertex 6.23545 9.59229 0
      vertex 6.46989 9.5692 1.5
      vertex 6.23545 9.59229 1.5
    endloop
  endfacet
  facet normal -0.0980158 -0.995185 -0
    outer loop
      vertex 6.46989 9.5692 1.5
      vertex 6.23545 9.59229 0
      vertex 6.46989 9.5692 0
    endloop
  endfacet
  facet normal -0.93591 0.35224 0
    outer loop
      vertex 9.32597 4.62234 0
      vertex 9.40895 4.84282 1.5
      vertex 9.40895 4.84282 0
    endloop
  endfacet
  facet normal -0.93591 0.35224 0
    outer loop
      vertex 9.40895 4.84282 1.5
      vertex 9.32597 4.62234 0
      vertex 9.32597 4.62234 1.5
    endloop
  endfacet
  facet normal -0.412725 -0.910856 0
    outer loop
      vertex 7.37766 9.32597 0
      vertex 7.59224 9.22874 1.5
      vertex 7.37766 9.32597 1.5
    endloop
  endfacet
  facet normal -0.412725 -0.910856 -0
    outer loop
      vertex 7.59224 9.22874 1.5
      vertex 7.37766 9.32597 0
      vertex 7.59224 9.22874 0
    endloop
  endfacet
  facet normal -0.582478 -0.812846 0
    outer loop
      vertex 8.00005 8.99329 0
      vertex 8.19154 8.85607 1.5
      vertex 8.00005 8.99329 1.5
    endloop
  endfacet
  facet normal -0.582478 -0.812846 -0
    outer loop
      vertex 8.19154 8.85607 1.5
      vertex 8.00005 8.99329 0
      vertex 8.19154 8.85607 0
    endloop
  endfacet
  facet normal 0.634384 0.773018 -0
    outer loop
      vertex 3.80846 3.14393 0
      vertex 3.62635 3.29338 1.5
      vertex 3.80846 3.14393 1.5
    endloop
  endfacet
  facet normal 0.634384 0.773018 0
    outer loop
      vertex 3.62635 3.29338 1.5
      vertex 3.80846 3.14393 0
      vertex 3.62635 3.29338 0
    endloop
  endfacet
  facet normal -0.35224 0.93591 0
    outer loop
      vertex 7.37766 2.67403 0
      vertex 7.15718 2.59105 1.5
      vertex 7.37766 2.67403 1.5
    endloop
  endfacet
  facet normal -0.35224 0.93591 0
    outer loop
      vertex 7.15718 2.59105 1.5
      vertex 7.37766 2.67403 0
      vertex 7.15718 2.59105 0
    endloop
  endfacet
  facet normal -0.729863 -0.683594 0
    outer loop
      vertex 8.70662 8.37364 0
      vertex 8.54558 8.54558 1.5
      vertex 8.54558 8.54558 0
    endloop
  endfacet
  facet normal -0.729863 -0.683594 0
    outer loop
      vertex 8.54558 8.54558 1.5
      vertex 8.70662 8.37364 0
      vertex 8.70662 8.37364 1.5
    endloop
  endfacet
  facet normal -0.986646 -0.162878 0
    outer loop
      vertex 9.5692 6.46989 0
      vertex 9.53083 6.70232 1.5
      vertex 9.53083 6.70232 0
    endloop
  endfacet
  facet normal -0.986646 -0.162878 0
    outer loop
      vertex 9.53083 6.70232 1.5
      vertex 9.5692 6.46989 0
      vertex 9.5692 6.46989 1.5
    endloop
  endfacet
  facet normal 0.0980158 0.995185 -0
    outer loop
      vertex 5.76455 2.40771 0
      vertex 5.53011 2.4308 1.5
      vertex 5.76455 2.40771 1.5
    endloop
  endfacet
  facet normal 0.0980158 0.995185 0
    outer loop
      vertex 5.53011 2.4308 1.5
      vertex 5.76455 2.40771 0
      vertex 5.53011 2.4308 0
    endloop
  endfacet
  facet normal -0.162878 0.986646 0
    outer loop
      vertex 6.70232 2.46917 0
      vertex 6.46989 2.4308 1.5
      vertex 6.70232 2.46917 1.5
    endloop
  endfacet
  facet normal -0.162878 0.986646 0
    outer loop
      vertex 6.46989 2.4308 1.5
      vertex 6.70232 2.46917 0
      vertex 6.46989 2.4308 0
    endloop
  endfacet
  facet normal -0.528071 0.8492 0
    outer loop
      vertex 8.00005 3.00671 0
      vertex 7.8 2.88231 1.5
      vertex 8.00005 3.00671 1.5
    endloop
  endfacet
  facet normal -0.528071 0.8492 0
    outer loop
      vertex 7.8 2.88231 1.5
      vertex 8.00005 3.00671 0
      vertex 7.8 2.88231 0
    endloop
  endfacet
  facet normal 0.812846 0.582478 0
    outer loop
      vertex 3.14393 3.80846 1.5
      vertex 3.00671 3.99995 0
      vertex 3.00671 3.99995 1.5
    endloop
  endfacet
  facet normal 0.812846 0.582478 0
    outer loop
      vertex 3.00671 3.99995 0
      vertex 3.14393 3.80846 1.5
      vertex 3.14393 3.80846 0
    endloop
  endfacet
  facet normal 0.471397 -0.881921 0
    outer loop
      vertex 4.2 9.11769 0
      vertex 4.40776 9.22874 1.5
      vertex 4.2 9.11769 1.5
    endloop
  endfacet
  facet normal 0.471397 -0.881921 0
    outer loop
      vertex 4.40776 9.22874 1.5
      vertex 4.2 9.11769 0
      vertex 4.40776 9.22874 0
    endloop
  endfacet
  facet normal 0.995185 -0.0980158 0
    outer loop
      vertex 2.40771 6.23545 1.5
      vertex 2.4308 6.46989 0
      vertex 2.4308 6.46989 1.5
    endloop
  endfacet
  facet normal 0.995185 -0.0980158 0
    outer loop
      vertex 2.4308 6.46989 0
      vertex 2.40771 6.23545 1.5
      vertex 2.40771 6.23545 0
    endloop
  endfacet
  facet normal 0.227103 0.973871 -0
    outer loop
      vertex 5.29767 2.46917 0
      vertex 5.06825 2.52267 1.5
      vertex 5.29767 2.46917 1.5
    endloop
  endfacet
  facet normal 0.227103 0.973871 0
    outer loop
      vertex 5.06825 2.52267 1.5
      vertex 5.29767 2.46917 0
      vertex 5.06825 2.52267 0
    endloop
  endfacet
  facet normal 0.881921 -0.471397 0
    outer loop
      vertex 2.77126 7.59224 1.5
      vertex 2.88231 7.8 0
      vertex 2.88231 7.8 1.5
    endloop
  endfacet
  facet normal 0.881921 -0.471397 0
    outer loop
      vertex 2.88231 7.8 0
      vertex 2.77126 7.59224 1.5
      vertex 2.77126 7.59224 0
    endloop
  endfacet
  facet normal -0.227094 -0.973873 0
    outer loop
      vertex 6.70232 9.53083 0
      vertex 6.93175 9.47733 1.5
      vertex 6.70232 9.53083 1.5
    endloop
  endfacet
  facet normal -0.227094 -0.973873 -0
    outer loop
      vertex 6.93175 9.47733 1.5
      vertex 6.70232 9.53083 0
      vertex 6.93175 9.47733 0
    endloop
  endfacet
  facet normal 0.812846 -0.582478 0
    outer loop
      vertex 3.00671 8.00005 1.5
      vertex 3.14393 8.19154 0
      vertex 3.14393 8.19154 1.5
    endloop
  endfacet
  facet normal 0.812846 -0.582478 0
    outer loop
      vertex 3.14393 8.19154 0
      vertex 3.00671 8.00005 1.5
      vertex 3.00671 8.00005 0
    endloop
  endfacet
  facet normal 0.8492 -0.528071 0
    outer loop
      vertex 2.88231 7.8 1.5
      vertex 3.00671 8.00005 0
      vertex 3.00671 8.00005 1.5
    endloop
  endfacet
  facet normal 0.8492 -0.528071 0
    outer loop
      vertex 3.00671 8.00005 0
      vertex 2.88231 7.8 1.5
      vertex 2.88231 7.8 0
    endloop
  endfacet
  facet normal 0.0327283 -0.999464 0
    outer loop
      vertex 5.76455 9.59229 0
      vertex 6 9.6 1.5
      vertex 5.76455 9.59229 1.5
    endloop
  endfacet
  facet normal 0.0327283 -0.999464 0
    outer loop
      vertex 6 9.6 1.5
      vertex 5.76455 9.59229 0
      vertex 6 9.6 0
    endloop
  endfacet
  facet normal -0.227094 0.973873 0
    outer loop
      vertex 6.93175 2.52267 0
      vertex 6.70232 2.46917 1.5
      vertex 6.93175 2.52267 1.5
    endloop
  endfacet
  facet normal -0.227094 0.973873 0
    outer loop
      vertex 6.70232 2.46917 1.5
      vertex 6.93175 2.52267 0
      vertex 6.70232 2.46917 0
    endloop
  endfacet
  facet normal 0.0327283 0.999464 -0
    outer loop
      vertex 6 2.4 0
      vertex 5.76455 2.40771 1.5
      vertex 6 2.4 1.5
    endloop
  endfacet
  facet normal 0.0327283 0.999464 0
    outer loop
      vertex 5.76455 2.40771 1.5
      vertex 6 2.4 0
      vertex 5.76455 2.40771 0
    endloop
  endfacet
  facet normal 0.8492 0.528071 0
    outer loop
      vertex 3.00671 3.99995 1.5
      vertex 2.88231 4.2 0
      vertex 2.88231 4.2 1.5
    endloop
  endfacet
  facet normal 0.8492 0.528071 0
    outer loop
      vertex 2.88231 4.2 0
      vertex 3.00671 3.99995 1.5
      vertex 3.00671 3.99995 0
    endloop
  endfacet
  facet normal 0.773001 -0.634404 0
    outer loop
      vertex 3.14393 8.19154 1.5
      vertex 3.29338 8.37364 0
      vertex 3.29338 8.37364 1.5
    endloop
  endfacet
  facet normal 0.773001 -0.634404 0
    outer loop
      vertex 3.29338 8.37364 0
      vertex 3.14393 8.19154 1.5
      vertex 3.14393 8.19154 0
    endloop
  endfacet
  facet normal -0.0327283 0.999464 0
    outer loop
      vertex 6.23545 2.40771 0
      vertex 6 2.4 1.5
      vertex 6.23545 2.40771 1.5
    endloop
  endfacet
  facet normal -0.0327283 0.999464 0
    outer loop
      vertex 6 2.4 1.5
      vertex 6.23545 2.40771 0
      vertex 6 2.4 0
    endloop
  endfacet
  facet normal 0.999464 -0.0327283 0
    outer loop
      vertex 2.4 6 1.5
      vertex 2.40771 6.23545 0
      vertex 2.40771 6.23545 1.5
    endloop
  endfacet
  facet normal 0.999464 -0.0327283 0
    outer loop
      vertex 2.40771 6.23545 0
      vertex 2.4 6 1.5
      vertex 2.4 6 0
    endloop
  endfacet
  facet normal 0.471397 0.881921 -0
    outer loop
      vertex 4.40776 2.77126 0
      vertex 4.2 2.88231 1.5
      vertex 4.40776 2.77126 1.5
    endloop
  endfacet
  facet normal 0.471397 0.881921 0
    outer loop
      vertex 4.2 2.88231 1.5
      vertex 4.40776 2.77126 0
      vertex 4.2 2.88231 0
    endloop
  endfacet
  facet normal 0.93591 -0.35224 0
    outer loop
      vertex 2.59105 7.15718 1.5
      vertex 2.67403 7.37766 0
      vertex 2.67403 7.37766 1.5
    endloop
  endfacet
  facet normal 0.93591 -0.35224 0
    outer loop
      vertex 2.67403 7.37766 0
      vertex 2.59105 7.15718 1.5
      vertex 2.59105 7.15718 0
    endloop
  endfacet
  facet normal 0.881921 0.471397 0
    outer loop
      vertex 2.88231 4.2 1.5
      vertex 2.77126 4.40776 0
      vertex 2.77126 4.40776 1.5
    endloop
  endfacet
  facet normal 0.881921 0.471397 0
    outer loop
      vertex 2.77126 4.40776 0
      vertex 2.88231 4.2 1.5
      vertex 2.88231 4.2 0
    endloop
  endfacet
  facet normal 0.910856 -0.412725 0
    outer loop
      vertex 2.67403 7.37766 1.5
      vertex 2.77126 7.59224 0
      vertex 2.77126 7.59224 1.5
    endloop
  endfacet
  facet normal 0.910856 -0.412725 0
    outer loop
      vertex 2.77126 7.59224 0
      vertex 2.67403 7.37766 1.5
      vertex 2.67403 7.37766 0
    endloop
  endfacet
  facet normal 0.35224 0.93591 -0
    outer loop
      vertex 4.84282 2.59105 0
      vertex 4.62234 2.67403 1.5
      vertex 4.84282 2.59105 1.5
    endloop
  endfacet
  facet normal 0.35224 0.93591 0
    outer loop
      vertex 4.62234 2.67403 1.5
      vertex 4.84282 2.59105 0
      vertex 4.62234 2.67403 0
    endloop
  endfacet
  facet normal 0.582478 0.812846 -0
    outer loop
      vertex 3.99995 3.00671 0
      vertex 3.80846 3.14393 1.5
      vertex 3.99995 3.00671 1.5
    endloop
  endfacet
  facet normal 0.582478 0.812846 0
    outer loop
      vertex 3.80846 3.14393 1.5
      vertex 3.99995 3.00671 0
      vertex 3.80846 3.14393 0
    endloop
  endfacet
  facet normal -0.995179 -0.0980744 0
    outer loop
      vertex 91.5923 70.2355 0
      vertex 91.5692 70.4699 1.5
      vertex 91.5692 70.4699 0
    endloop
  endfacet
  facet normal -0.995179 -0.0980744 0
    outer loop
      vertex 91.5692 70.4699 1.5
      vertex 91.5923 70.2355 0
      vertex 91.5923 70.2355 1.5
    endloop
  endfacet
  facet normal -0.999466 -0.0326789 0
    outer loop
      vertex 91.6 70 0
      vertex 91.5923 70.2355 1.5
      vertex 91.5923 70.2355 0
    endloop
  endfacet
  facet normal -0.999466 -0.0326789 0
    outer loop
      vertex 91.5923 70.2355 1.5
      vertex 91.6 70 0
      vertex 91.6 70 1.5
    endloop
  endfacet
  facet normal -0.772897 -0.634531 0
    outer loop
      vertex 90.8561 72.1915 0
      vertex 90.7066 72.3736 1.5
      vertex 90.7066 72.3736 0
    endloop
  endfacet
  facet normal -0.772897 -0.634531 0
    outer loop
      vertex 90.7066 72.3736 1.5
      vertex 90.8561 72.1915 0
      vertex 90.8561 72.1915 1.5
    endloop
  endfacet
  facet normal 0.683376 0.730066 -0
    outer loop
      vertex 85.6264 67.2934 0
      vertex 85.4544 67.4544 1.5
      vertex 85.6264 67.2934 1.5
    endloop
  endfacet
  facet normal 0.683376 0.730066 0
    outer loop
      vertex 85.4544 67.4544 1.5
      vertex 85.6264 67.2934 0
      vertex 85.4544 67.4544 0
    endloop
  endfacet
  facet normal -0.289878 -0.957064 0
    outer loop
      vertex 88.9317 73.4773 0
      vertex 89.1572 73.409 1.5
      vertex 88.9317 73.4773 1.5
    endloop
  endfacet
  facet normal -0.289878 -0.957064 -0
    outer loop
      vertex 89.1572 73.409 1.5
      vertex 88.9317 73.4773 0
      vertex 89.1572 73.409 0
    endloop
  endfacet
  facet normal 0.986622 0.163022 0
    outer loop
      vertex 84.4692 69.2977 1.5
      vertex 84.4308 69.5301 0
      vertex 84.4308 69.5301 1.5
    endloop
  endfacet
  facet normal 0.986622 0.163022 0
    outer loop
      vertex 84.4308 69.5301 0
      vertex 84.4692 69.2977 1.5
      vertex 84.4692 69.2977 0
    endloop
  endfacet
  facet normal -0.0326789 -0.999466 0
    outer loop
      vertex 88 73.6 0
      vertex 88.2355 73.5923 1.5
      vertex 88 73.6 1.5
    endloop
  endfacet
  facet normal -0.0326789 -0.999466 -0
    outer loop
      vertex 88.2355 73.5923 1.5
      vertex 88 73.6 0
      vertex 88.2355 73.5923 0
    endloop
  endfacet
  facet normal 0.0980744 -0.995179 0
    outer loop
      vertex 87.5301 73.5692 0
      vertex 87.7645 73.5923 1.5
      vertex 87.5301 73.5692 1.5
    endloop
  endfacet
  facet normal 0.0980744 -0.995179 0
    outer loop
      vertex 87.7645 73.5923 1.5
      vertex 87.5301 73.5692 0
      vertex 87.7645 73.5923 0
    endloop
  endfacet
  facet normal 0.995179 0.0980744 0
    outer loop
      vertex 84.4308 69.5301 1.5
      vertex 84.4077 69.7645 0
      vertex 84.4077 69.7645 1.5
    endloop
  endfacet
  facet normal 0.995179 0.0980744 0
    outer loop
      vertex 84.4077 69.7645 0
      vertex 84.4308 69.5301 1.5
      vertex 84.4308 69.5301 0
    endloop
  endfacet
  facet normal 0.163022 0.986622 -0
    outer loop
      vertex 87.5301 66.4308 0
      vertex 87.2977 66.4692 1.5
      vertex 87.5301 66.4308 1.5
    endloop
  endfacet
  facet normal 0.163022 0.986622 0
    outer loop
      vertex 87.2977 66.4692 1.5
      vertex 87.5301 66.4308 0
      vertex 87.2977 66.4692 0
    endloop
  endfacet
  facet normal 0.935892 0.352286 0
    outer loop
      vertex 84.674 68.6223 1.5
      vertex 84.591 68.8428 0
      vertex 84.591 68.8428 1.5
    endloop
  endfacet
  facet normal 0.935892 0.352286 0
    outer loop
      vertex 84.591 68.8428 0
      vertex 84.674 68.6223 1.5
      vertex 84.674 68.6223 0
    endloop
  endfacet
  facet normal -0.730066 0.683376 0
    outer loop
      vertex 90.5456 67.4544 0
      vertex 90.7066 67.6264 1.5
      vertex 90.7066 67.6264 0
    endloop
  endfacet
  facet normal -0.730066 0.683376 0
    outer loop
      vertex 90.7066 67.6264 1.5
      vertex 90.5456 67.4544 0
      vertex 90.5456 67.4544 1.5
    endloop
  endfacet
  facet normal 0.413099 -0.910686 0
    outer loop
      vertex 86.4078 73.2287 0
      vertex 86.6223 73.326 1.5
      vertex 86.4078 73.2287 1.5
    endloop
  endfacet
  facet normal 0.413099 -0.910686 0
    outer loop
      vertex 86.6223 73.326 1.5
      vertex 86.4078 73.2287 0
      vertex 86.6223 73.326 0
    endloop
  endfacet
  facet normal -0.935892 -0.352286 0
    outer loop
      vertex 91.409 71.1572 0
      vertex 91.326 71.3777 1.5
      vertex 91.326 71.3777 0
    endloop
  endfacet
  facet normal -0.935892 -0.352286 0
    outer loop
      vertex 91.326 71.3777 1.5
      vertex 91.409 71.1572 0
      vertex 91.409 71.1572 1.5
    endloop
  endfacet
  facet normal -0.999466 0.0326789 0
    outer loop
      vertex 91.5923 69.7645 0
      vertex 91.6 70 1.5
      vertex 91.6 70 0
    endloop
  endfacet
  facet normal -0.999466 0.0326789 0
    outer loop
      vertex 91.6 70 1.5
      vertex 91.5923 69.7645 0
      vertex 91.5923 69.7645 1.5
    endloop
  endfacet
  facet normal 0.634531 -0.772897 0
    outer loop
      vertex 85.6264 72.7066 0
      vertex 85.8085 72.8561 1.5
      vertex 85.6264 72.7066 1.5
    endloop
  endfacet
  facet normal 0.634531 -0.772897 0
    outer loop
      vertex 85.8085 72.8561 1.5
      vertex 85.6264 72.7066 0
      vertex 85.8085 72.8561 0
    endloop
  endfacet
  facet normal 0.683376 -0.730066 0
    outer loop
      vertex 85.4544 72.5456 0
      vertex 85.6264 72.7066 1.5
      vertex 85.4544 72.5456 1.5
    endloop
  endfacet
  facet normal 0.683376 -0.730066 0
    outer loop
      vertex 85.6264 72.7066 1.5
      vertex 85.4544 72.5456 0
      vertex 85.6264 72.7066 0
    endloop
  endfacet
  facet normal -0.471161 -0.882047 0
    outer loop
      vertex 89.5922 73.2287 0
      vertex 89.8 73.1177 1.5
      vertex 89.5922 73.2287 1.5
    endloop
  endfacet
  facet normal -0.471161 -0.882047 -0
    outer loop
      vertex 89.8 73.1177 1.5
      vertex 89.5922 73.2287 0
      vertex 89.8 73.1177 0
    endloop
  endfacet
  facet normal -0.84926 -0.527975 0
    outer loop
      vertex 91.1177 71.8 0
      vertex 90.9933 72.0001 1.5
      vertex 90.9933 72.0001 0
    endloop
  endfacet
  facet normal -0.84926 -0.527975 0
    outer loop
      vertex 90.9933 72.0001 1.5
      vertex 91.1177 71.8 0
      vertex 91.1177 71.8 1.5
    endloop
  endfacet
  facet normal -0.163022 -0.986622 0
    outer loop
      vertex 88.4699 73.5692 0
      vertex 88.7023 73.5308 1.5
      vertex 88.4699 73.5692 1.5
    endloop
  endfacet
  facet normal -0.163022 -0.986622 -0
    outer loop
      vertex 88.7023 73.5308 1.5
      vertex 88.4699 73.5692 0
      vertex 88.7023 73.5308 0
    endloop
  endfacet
  facet normal 0.957064 -0.289878 0
    outer loop
      vertex 84.5227 70.9317 1.5
      vertex 84.591 71.1572 0
      vertex 84.591 71.1572 1.5
    endloop
  endfacet
  facet normal 0.957064 -0.289878 0
    outer loop
      vertex 84.591 71.1572 0
      vertex 84.5227 70.9317 1.5
      vertex 84.5227 70.9317 0
    endloop
  endfacet
  facet normal -0.413099 0.910686 0
    outer loop
      vertex 89.5922 66.7713 0
      vertex 89.3777 66.674 1.5
      vertex 89.5922 66.7713 1.5
    endloop
  endfacet
  facet normal -0.413099 0.910686 0
    outer loop
      vertex 89.3777 66.674 1.5
      vertex 89.5922 66.7713 0
      vertex 89.3777 66.674 0
    endloop
  endfacet
  facet normal -0.527975 -0.84926 0
    outer loop
      vertex 89.8 73.1177 0
      vertex 90.0001 72.9933 1.5
      vertex 89.8 73.1177 1.5
    endloop
  endfacet
  facet normal -0.527975 -0.84926 -0
    outer loop
      vertex 90.0001 72.9933 1.5
      vertex 89.8 73.1177 0
      vertex 90.0001 72.9933 0
    endloop
  endfacet
  facet normal -0.683376 0.730066 0
    outer loop
      vertex 90.5456 67.4544 0
      vertex 90.3736 67.2934 1.5
      vertex 90.5456 67.4544 1.5
    endloop
  endfacet
  facet normal -0.683376 0.730066 0
    outer loop
      vertex 90.3736 67.2934 1.5
      vertex 90.5456 67.4544 0
      vertex 90.3736 67.2934 0
    endloop
  endfacet
  facet normal -0.957064 -0.289878 0
    outer loop
      vertex 91.4773 70.9317 0
      vertex 91.409 71.1572 1.5
      vertex 91.409 71.1572 0
    endloop
  endfacet
  facet normal -0.957064 -0.289878 0
    outer loop
      vertex 91.409 71.1572 1.5
      vertex 91.4773 70.9317 0
      vertex 91.4773 70.9317 1.5
    endloop
  endfacet
  facet normal 0.163022 -0.986622 0
    outer loop
      vertex 87.2977 73.5308 0
      vertex 87.5301 73.5692 1.5
      vertex 87.2977 73.5308 1.5
    endloop
  endfacet
  facet normal 0.163022 -0.986622 0
    outer loop
      vertex 87.5301 73.5692 1.5
      vertex 87.2977 73.5308 0
      vertex 87.5301 73.5692 0
    endloop
  endfacet
  facet normal -0.634531 -0.772897 0
    outer loop
      vertex 90.1915 72.8561 0
      vertex 90.3736 72.7066 1.5
      vertex 90.1915 72.8561 1.5
    endloop
  endfacet
  facet normal -0.634531 -0.772897 -0
    outer loop
      vertex 90.3736 72.7066 1.5
      vertex 90.1915 72.8561 0
      vertex 90.3736 72.7066 0
    endloop
  endfacet
  facet normal 0.986622 -0.163022 0
    outer loop
      vertex 84.4308 70.4699 1.5
      vertex 84.4692 70.7023 0
      vertex 84.4692 70.7023 1.5
    endloop
  endfacet
  facet normal 0.986622 -0.163022 0
    outer loop
      vertex 84.4692 70.7023 0
      vertex 84.4308 70.4699 1.5
      vertex 84.4308 70.4699 0
    endloop
  endfacet
  facet normal 0.527975 -0.84926 0
    outer loop
      vertex 85.9999 72.9933 0
      vertex 86.2 73.1177 1.5
      vertex 85.9999 72.9933 1.5
    endloop
  endfacet
  facet normal 0.527975 -0.84926 0
    outer loop
      vertex 86.2 73.1177 1.5
      vertex 85.9999 72.9933 0
      vertex 86.2 73.1177 0
    endloop
  endfacet
  facet normal -0.986622 0.163022 0
    outer loop
      vertex 91.5308 69.2977 0
      vertex 91.5692 69.5301 1.5
      vertex 91.5692 69.5301 0
    endloop
  endfacet
  facet normal -0.986622 0.163022 0
    outer loop
      vertex 91.5692 69.5301 1.5
      vertex 91.5308 69.2977 0
      vertex 91.5308 69.2977 1.5
    endloop
  endfacet
  facet normal -0.683376 -0.730066 0
    outer loop
      vertex 90.3736 72.7066 0
      vertex 90.5456 72.5456 1.5
      vertex 90.3736 72.7066 1.5
    endloop
  endfacet
  facet normal -0.683376 -0.730066 -0
    outer loop
      vertex 90.5456 72.5456 1.5
      vertex 90.3736 72.7066 0
      vertex 90.5456 72.5456 0
    endloop
  endfacet
  facet normal -0.812757 -0.582603 0
    outer loop
      vertex 90.9933 72.0001 0
      vertex 90.8561 72.1915 1.5
      vertex 90.8561 72.1915 0
    endloop
  endfacet
  facet normal -0.812757 -0.582603 0
    outer loop
      vertex 90.8561 72.1915 1.5
      vertex 90.9933 72.0001 0
      vertex 90.9933 72.0001 1.5
    endloop
  endfacet
  facet normal -0.0980744 0.995179 0
    outer loop
      vertex 88.4699 66.4308 0
      vertex 88.2355 66.4077 1.5
      vertex 88.4699 66.4308 1.5
    endloop
  endfacet
  facet normal -0.0980744 0.995179 0
    outer loop
      vertex 88.2355 66.4077 1.5
      vertex 88.4699 66.4308 0
      vertex 88.2355 66.4077 0
    endloop
  endfacet
  facet normal -0.84926 0.527975 0
    outer loop
      vertex 90.9933 67.9999 0
      vertex 91.1177 68.2 1.5
      vertex 91.1177 68.2 0
    endloop
  endfacet
  facet normal -0.84926 0.527975 0
    outer loop
      vertex 91.1177 68.2 1.5
      vertex 90.9933 67.9999 0
      vertex 90.9933 67.9999 1.5
    endloop
  endfacet
  facet normal -0.882047 0.471161 0
    outer loop
      vertex 91.1177 68.2 0
      vertex 91.2287 68.4078 1.5
      vertex 91.2287 68.4078 0
    endloop
  endfacet
  facet normal -0.882047 0.471161 0
    outer loop
      vertex 91.2287 68.4078 1.5
      vertex 91.1177 68.2 0
      vertex 91.1177 68.2 1.5
    endloop
  endfacet
  facet normal -0.995179 0.0980744 0
    outer loop
      vertex 91.5692 69.5301 0
      vertex 91.5923 69.7645 1.5
      vertex 91.5923 69.7645 0
    endloop
  endfacet
  facet normal -0.995179 0.0980744 0
    outer loop
      vertex 91.5923 69.7645 1.5
      vertex 91.5692 69.5301 0
      vertex 91.5692 69.5301 1.5
    endloop
  endfacet
  facet normal -0.471161 0.882047 0
    outer loop
      vertex 89.8 66.8823 0
      vertex 89.5922 66.7713 1.5
      vertex 89.8 66.8823 1.5
    endloop
  endfacet
  facet normal -0.471161 0.882047 0
    outer loop
      vertex 89.5922 66.7713 1.5
      vertex 89.8 66.8823 0
      vertex 89.5922 66.7713 0
    endloop
  endfacet
  facet normal -0.772897 0.634531 0
    outer loop
      vertex 90.7066 67.6264 0
      vertex 90.8561 67.8085 1.5
      vertex 90.8561 67.8085 0
    endloop
  endfacet
  facet normal -0.772897 0.634531 0
    outer loop
      vertex 90.8561 67.8085 1.5
      vertex 90.7066 67.6264 0
      vertex 90.7066 67.6264 1.5
    endloop
  endfacet
  facet normal 0.973866 0.227122 0
    outer loop
      vertex 84.5227 69.0683 1.5
      vertex 84.4692 69.2977 0
      vertex 84.4692 69.2977 1.5
    endloop
  endfacet
  facet normal 0.973866 0.227122 0
    outer loop
      vertex 84.4692 69.2977 0
      vertex 84.5227 69.0683 1.5
      vertex 84.5227 69.0683 0
    endloop
  endfacet
  facet normal -0.910686 -0.413099 0
    outer loop
      vertex 91.326 71.3777 0
      vertex 91.2287 71.5922 1.5
      vertex 91.2287 71.5922 0
    endloop
  endfacet
  facet normal -0.910686 -0.413099 0
    outer loop
      vertex 91.2287 71.5922 1.5
      vertex 91.326 71.3777 0
      vertex 91.326 71.3777 1.5
    endloop
  endfacet
  facet normal 0.289878 0.957064 -0
    outer loop
      vertex 87.0683 66.5227 0
      vertex 86.8428 66.591 1.5
      vertex 87.0683 66.5227 1.5
    endloop
  endfacet
  facet normal 0.289878 0.957064 0
    outer loop
      vertex 86.8428 66.591 1.5
      vertex 87.0683 66.5227 0
      vertex 86.8428 66.591 0
    endloop
  endfacet
  facet normal -0.634531 0.772897 0
    outer loop
      vertex 90.3736 67.2934 0
      vertex 90.1915 67.1439 1.5
      vertex 90.3736 67.2934 1.5
    endloop
  endfacet
  facet normal -0.634531 0.772897 0
    outer loop
      vertex 90.1915 67.1439 1.5
      vertex 90.3736 67.2934 0
      vertex 90.1915 67.1439 0
    endloop
  endfacet
  facet normal -0.973866 -0.227122 0
    outer loop
      vertex 91.5308 70.7023 0
      vertex 91.4773 70.9317 1.5
      vertex 91.4773 70.9317 0
    endloop
  endfacet
  facet normal -0.973866 -0.227122 0
    outer loop
      vertex 91.4773 70.9317 1.5
      vertex 91.5308 70.7023 0
      vertex 91.5308 70.7023 1.5
    endloop
  endfacet
  facet normal 0.730066 -0.683376 0
    outer loop
      vertex 85.2934 72.3736 1.5
      vertex 85.4544 72.5456 0
      vertex 85.4544 72.5456 1.5
    endloop
  endfacet
  facet normal 0.730066 -0.683376 0
    outer loop
      vertex 85.4544 72.5456 0
      vertex 85.2934 72.3736 1.5
      vertex 85.2934 72.3736 0
    endloop
  endfacet
  facet normal -0.882047 -0.471161 0
    outer loop
      vertex 91.2287 71.5922 0
      vertex 91.1177 71.8 1.5
      vertex 91.1177 71.8 0
    endloop
  endfacet
  facet normal -0.882047 -0.471161 0
    outer loop
      vertex 91.1177 71.8 1.5
      vertex 91.2287 71.5922 0
      vertex 91.2287 71.5922 1.5
    endloop
  endfacet
  facet normal 0.999466 0.0326789 0
    outer loop
      vertex 84.4077 69.7645 1.5
      vertex 84.4 70 0
      vertex 84.4 70 1.5
    endloop
  endfacet
  facet normal 0.999466 0.0326789 0
    outer loop
      vertex 84.4 70 0
      vertex 84.4077 69.7645 1.5
      vertex 84.4077 69.7645 0
    endloop
  endfacet
  facet normal 0.289878 -0.957064 0
    outer loop
      vertex 86.8428 73.409 0
      vertex 87.0683 73.4773 1.5
      vertex 86.8428 73.409 1.5
    endloop
  endfacet
  facet normal 0.289878 -0.957064 0
    outer loop
      vertex 87.0683 73.4773 1.5
      vertex 86.8428 73.409 0
      vertex 87.0683 73.4773 0
    endloop
  endfacet
  facet normal -0.582603 0.812757 0
    outer loop
      vertex 90.1915 67.1439 0
      vertex 90.0001 67.0067 1.5
      vertex 90.1915 67.1439 1.5
    endloop
  endfacet
  facet normal -0.582603 0.812757 0
    outer loop
      vertex 90.0001 67.0067 1.5
      vertex 90.1915 67.1439 0
      vertex 90.0001 67.0067 0
    endloop
  endfacet
  facet normal 0.227122 -0.973866 0
    outer loop
      vertex 87.0683 73.4773 0
      vertex 87.2977 73.5308 1.5
      vertex 87.0683 73.4773 1.5
    endloop
  endfacet
  facet normal 0.227122 -0.973866 0
    outer loop
      vertex 87.2977 73.5308 1.5
      vertex 87.0683 73.4773 0
      vertex 87.2977 73.5308 0
    endloop
  endfacet
  facet normal 0.413099 0.910686 -0
    outer loop
      vertex 86.6223 66.674 0
      vertex 86.4078 66.7713 1.5
      vertex 86.6223 66.674 1.5
    endloop
  endfacet
  facet normal 0.413099 0.910686 0
    outer loop
      vertex 86.4078 66.7713 1.5
      vertex 86.6223 66.674 0
      vertex 86.4078 66.7713 0
    endloop
  endfacet
  facet normal 0.957064 0.289878 0
    outer loop
      vertex 84.591 68.8428 1.5
      vertex 84.5227 69.0683 0
      vertex 84.5227 69.0683 1.5
    endloop
  endfacet
  facet normal 0.957064 0.289878 0
    outer loop
      vertex 84.5227 69.0683 0
      vertex 84.591 68.8428 1.5
      vertex 84.591 68.8428 0
    endloop
  endfacet
  facet normal 0.582603 -0.812757 0
    outer loop
      vertex 85.8085 72.8561 0
      vertex 85.9999 72.9933 1.5
      vertex 85.8085 72.8561 1.5
    endloop
  endfacet
  facet normal 0.582603 -0.812757 0
    outer loop
      vertex 85.9999 72.9933 1.5
      vertex 85.8085 72.8561 0
      vertex 85.9999 72.9933 0
    endloop
  endfacet
  facet normal 0.772897 0.634531 0
    outer loop
      vertex 85.2934 67.6264 1.5
      vertex 85.1439 67.8085 0
      vertex 85.1439 67.8085 1.5
    endloop
  endfacet
  facet normal 0.772897 0.634531 0
    outer loop
      vertex 85.1439 67.8085 0
      vertex 85.2934 67.6264 1.5
      vertex 85.2934 67.6264 0
    endloop
  endfacet
  facet normal 0.527975 0.84926 -0
    outer loop
      vertex 86.2 66.8823 0
      vertex 85.9999 67.0067 1.5
      vertex 86.2 66.8823 1.5
    endloop
  endfacet
  facet normal 0.527975 0.84926 0
    outer loop
      vertex 85.9999 67.0067 1.5
      vertex 86.2 66.8823 0
      vertex 85.9999 67.0067 0
    endloop
  endfacet
  facet normal 0.973866 -0.227122 0
    outer loop
      vertex 84.4692 70.7023 1.5
      vertex 84.5227 70.9317 0
      vertex 84.5227 70.9317 1.5
    endloop
  endfacet
  facet normal 0.973866 -0.227122 0
    outer loop
      vertex 84.5227 70.9317 0
      vertex 84.4692 70.7023 1.5
      vertex 84.4692 70.7023 0
    endloop
  endfacet
  facet normal -0.352286 -0.935892 0
    outer loop
      vertex 89.1572 73.409 0
      vertex 89.3777 73.326 1.5
      vertex 89.1572 73.409 1.5
    endloop
  endfacet
  facet normal -0.352286 -0.935892 -0
    outer loop
      vertex 89.3777 73.326 1.5
      vertex 89.1572 73.409 0
      vertex 89.3777 73.326 0
    endloop
  endfacet
  facet normal 0.910686 0.413099 0
    outer loop
      vertex 84.7713 68.4078 1.5
      vertex 84.674 68.6223 0
      vertex 84.674 68.6223 1.5
    endloop
  endfacet
  facet normal 0.910686 0.413099 0
    outer loop
      vertex 84.674 68.6223 0
      vertex 84.7713 68.4078 1.5
      vertex 84.7713 68.4078 0
    endloop
  endfacet
  facet normal -0.957064 0.289878 0
    outer loop
      vertex 91.409 68.8428 0
      vertex 91.4773 69.0683 1.5
      vertex 91.4773 69.0683 0
    endloop
  endfacet
  facet normal -0.957064 0.289878 0
    outer loop
      vertex 91.4773 69.0683 1.5
      vertex 91.409 68.8428 0
      vertex 91.409 68.8428 1.5
    endloop
  endfacet
  facet normal -0.973866 0.227122 0
    outer loop
      vertex 91.4773 69.0683 0
      vertex 91.5308 69.2977 1.5
      vertex 91.5308 69.2977 0
    endloop
  endfacet
  facet normal -0.973866 0.227122 0
    outer loop
      vertex 91.5308 69.2977 1.5
      vertex 91.4773 69.0683 0
      vertex 91.4773 69.0683 1.5
    endloop
  endfacet
  facet normal 0.730066 0.683376 0
    outer loop
      vertex 85.4544 67.4544 1.5
      vertex 85.2934 67.6264 0
      vertex 85.2934 67.6264 1.5
    endloop
  endfacet
  facet normal 0.730066 0.683376 0
    outer loop
      vertex 85.2934 67.6264 0
      vertex 85.4544 67.4544 1.5
      vertex 85.4544 67.4544 0
    endloop
  endfacet
  facet normal -0.289878 0.957064 0
    outer loop
      vertex 89.1572 66.591 0
      vertex 88.9317 66.5227 1.5
      vertex 89.1572 66.591 1.5
    endloop
  endfacet
  facet normal -0.289878 0.957064 0
    outer loop
      vertex 88.9317 66.5227 1.5
      vertex 89.1572 66.591 0
      vertex 88.9317 66.5227 0
    endloop
  endfacet
  facet normal -0.812757 0.582603 0
    outer loop
      vertex 90.8561 67.8085 0
      vertex 90.9933 67.9999 1.5
      vertex 90.9933 67.9999 0
    endloop
  endfacet
  facet normal -0.812757 0.582603 0
    outer loop
      vertex 90.9933 67.9999 1.5
      vertex 90.8561 67.8085 0
      vertex 90.8561 67.8085 1.5
    endloop
  endfacet
  facet normal -0.0980744 -0.995179 0
    outer loop
      vertex 88.2355 73.5923 0
      vertex 88.4699 73.5692 1.5
      vertex 88.2355 73.5923 1.5
    endloop
  endfacet
  facet normal -0.0980744 -0.995179 -0
    outer loop
      vertex 88.4699 73.5692 1.5
      vertex 88.2355 73.5923 0
      vertex 88.4699 73.5692 0
    endloop
  endfacet
  facet normal -0.935892 0.352286 0
    outer loop
      vertex 91.326 68.6223 0
      vertex 91.409 68.8428 1.5
      vertex 91.409 68.8428 0
    endloop
  endfacet
  facet normal -0.935892 0.352286 0
    outer loop
      vertex 91.409 68.8428 1.5
      vertex 91.326 68.6223 0
      vertex 91.326 68.6223 1.5
    endloop
  endfacet
  facet normal -0.413099 -0.910686 0
    outer loop
      vertex 89.3777 73.326 0
      vertex 89.5922 73.2287 1.5
      vertex 89.3777 73.326 1.5
    endloop
  endfacet
  facet normal -0.413099 -0.910686 -0
    outer loop
      vertex 89.5922 73.2287 1.5
      vertex 89.3777 73.326 0
      vertex 89.5922 73.2287 0
    endloop
  endfacet
  facet normal -0.582603 -0.812757 0
    outer loop
      vertex 90.0001 72.9933 0
      vertex 90.1915 72.8561 1.5
      vertex 90.0001 72.9933 1.5
    endloop
  endfacet
  facet normal -0.582603 -0.812757 -0
    outer loop
      vertex 90.1915 72.8561 1.5
      vertex 90.0001 72.9933 0
      vertex 90.1915 72.8561 0
    endloop
  endfacet
  facet normal 0.634531 0.772897 -0
    outer loop
      vertex 85.8085 67.1439 0
      vertex 85.6264 67.2934 1.5
      vertex 85.8085 67.1439 1.5
    endloop
  endfacet
  facet normal 0.634531 0.772897 0
    outer loop
      vertex 85.6264 67.2934 1.5
      vertex 85.8085 67.1439 0
      vertex 85.6264 67.2934 0
    endloop
  endfacet
  facet normal -0.352286 0.935892 0
    outer loop
      vertex 89.3777 66.674 0
      vertex 89.1572 66.591 1.5
      vertex 89.3777 66.674 1.5
    endloop
  endfacet
  facet normal -0.352286 0.935892 0
    outer loop
      vertex 89.1572 66.591 1.5
      vertex 89.3777 66.674 0
      vertex 89.1572 66.591 0
    endloop
  endfacet
  facet normal -0.730066 -0.683376 0
    outer loop
      vertex 90.7066 72.3736 0
      vertex 90.5456 72.5456 1.5
      vertex 90.5456 72.5456 0
    endloop
  endfacet
  facet normal -0.730066 -0.683376 0
    outer loop
      vertex 90.5456 72.5456 1.5
      vertex 90.7066 72.3736 0
      vertex 90.7066 72.3736 1.5
    endloop
  endfacet
  facet normal -0.986622 -0.163022 0
    outer loop
      vertex 91.5692 70.4699 0
      vertex 91.5308 70.7023 1.5
      vertex 91.5308 70.7023 0
    endloop
  endfacet
  facet normal -0.986622 -0.163022 0
    outer loop
      vertex 91.5308 70.7023 1.5
      vertex 91.5692 70.4699 0
      vertex 91.5692 70.4699 1.5
    endloop
  endfacet
  facet normal 0.352286 -0.935892 0
    outer loop
      vertex 86.6223 73.326 0
      vertex 86.8428 73.409 1.5
      vertex 86.6223 73.326 1.5
    endloop
  endfacet
  facet normal 0.352286 -0.935892 0
    outer loop
      vertex 86.8428 73.409 1.5
      vertex 86.6223 73.326 0
      vertex 86.8428 73.409 0
    endloop
  endfacet
  facet normal 0.0980744 0.995179 -0
    outer loop
      vertex 87.7645 66.4077 0
      vertex 87.5301 66.4308 1.5
      vertex 87.7645 66.4077 1.5
    endloop
  endfacet
  facet normal 0.0980744 0.995179 0
    outer loop
      vertex 87.5301 66.4308 1.5
      vertex 87.7645 66.4077 0
      vertex 87.5301 66.4308 0
    endloop
  endfacet
  facet normal -0.910686 0.413099 0
    outer loop
      vertex 91.2287 68.4078 0
      vertex 91.326 68.6223 1.5
      vertex 91.326 68.6223 0
    endloop
  endfacet
  facet normal -0.910686 0.413099 0
    outer loop
      vertex 91.326 68.6223 1.5
      vertex 91.2287 68.4078 0
      vertex 91.2287 68.4078 1.5
    endloop
  endfacet
  facet normal -0.163022 0.986622 0
    outer loop
      vertex 88.7023 66.4692 0
      vertex 88.4699 66.4308 1.5
      vertex 88.7023 66.4692 1.5
    endloop
  endfacet
  facet normal -0.163022 0.986622 0
    outer loop
      vertex 88.4699 66.4308 1.5
      vertex 88.7023 66.4692 0
      vertex 88.4699 66.4308 0
    endloop
  endfacet
  facet normal -0.527975 0.84926 0
    outer loop
      vertex 90.0001 67.0067 0
      vertex 89.8 66.8823 1.5
      vertex 90.0001 67.0067 1.5
    endloop
  endfacet
  facet normal -0.527975 0.84926 0
    outer loop
      vertex 89.8 66.8823 1.5
      vertex 90.0001 67.0067 0
      vertex 89.8 66.8823 0
    endloop
  endfacet
  facet normal 0.812757 0.582603 0
    outer loop
      vertex 85.1439 67.8085 1.5
      vertex 85.0067 67.9999 0
      vertex 85.0067 67.9999 1.5
    endloop
  endfacet
  facet normal 0.812757 0.582603 0
    outer loop
      vertex 85.0067 67.9999 0
      vertex 85.1439 67.8085 1.5
      vertex 85.1439 67.8085 0
    endloop
  endfacet
  facet normal 0.995179 -0.0980744 0
    outer loop
      vertex 84.4077 70.2355 1.5
      vertex 84.4308 70.4699 0
      vertex 84.4308 70.4699 1.5
    endloop
  endfacet
  facet normal 0.995179 -0.0980744 0
    outer loop
      vertex 84.4308 70.4699 0
      vertex 84.4077 70.2355 1.5
      vertex 84.4077 70.2355 0
    endloop
  endfacet
  facet normal 0.227122 0.973866 -0
    outer loop
      vertex 87.2977 66.4692 0
      vertex 87.0683 66.5227 1.5
      vertex 87.2977 66.4692 1.5
    endloop
  endfacet
  facet normal 0.227122 0.973866 0
    outer loop
      vertex 87.0683 66.5227 1.5
      vertex 87.2977 66.4692 0
      vertex 87.0683 66.5227 0
    endloop
  endfacet
  facet normal 0.882047 -0.471161 0
    outer loop
      vertex 84.7713 71.5922 1.5
      vertex 84.8823 71.8 0
      vertex 84.8823 71.8 1.5
    endloop
  endfacet
  facet normal 0.882047 -0.471161 0
    outer loop
      vertex 84.8823 71.8 0
      vertex 84.7713 71.5922 1.5
      vertex 84.7713 71.5922 0
    endloop
  endfacet
  facet normal -0.227122 -0.973866 0
    outer loop
      vertex 88.7023 73.5308 0
      vertex 88.9317 73.4773 1.5
      vertex 88.7023 73.5308 1.5
    endloop
  endfacet
  facet normal -0.227122 -0.973866 -0
    outer loop
      vertex 88.9317 73.4773 1.5
      vertex 88.7023 73.5308 0
      vertex 88.9317 73.4773 0
    endloop
  endfacet
  facet normal 0.812757 -0.582603 0
    outer loop
      vertex 85.0067 72.0001 1.5
      vertex 85.1439 72.1915 0
      vertex 85.1439 72.1915 1.5
    endloop
  endfacet
  facet normal 0.812757 -0.582603 0
    outer loop
      vertex 85.1439 72.1915 0
      vertex 85.0067 72.0001 1.5
      vertex 85.0067 72.0001 0
    endloop
  endfacet
  facet normal 0.84926 -0.527975 0
    outer loop
      vertex 84.8823 71.8 1.5
      vertex 85.0067 72.0001 0
      vertex 85.0067 72.0001 1.5
    endloop
  endfacet
  facet normal 0.84926 -0.527975 0
    outer loop
      vertex 85.0067 72.0001 0
      vertex 84.8823 71.8 1.5
      vertex 84.8823 71.8 0
    endloop
  endfacet
  facet normal 0.0326789 -0.999466 0
    outer loop
      vertex 87.7645 73.5923 0
      vertex 88 73.6 1.5
      vertex 87.7645 73.5923 1.5
    endloop
  endfacet
  facet normal 0.0326789 -0.999466 0
    outer loop
      vertex 88 73.6 1.5
      vertex 87.7645 73.5923 0
      vertex 88 73.6 0
    endloop
  endfacet
  facet normal -0.227122 0.973866 0
    outer loop
      vertex 88.9317 66.5227 0
      vertex 88.7023 66.4692 1.5
      vertex 88.9317 66.5227 1.5
    endloop
  endfacet
  facet normal -0.227122 0.973866 0
    outer loop
      vertex 88.7023 66.4692 1.5
      vertex 88.9317 66.5227 0
      vertex 88.7023 66.4692 0
    endloop
  endfacet
  facet normal 0.0326789 0.999466 -0
    outer loop
      vertex 88 66.4 0
      vertex 87.7645 66.4077 1.5
      vertex 88 66.4 1.5
    endloop
  endfacet
  facet normal 0.0326789 0.999466 0
    outer loop
      vertex 87.7645 66.4077 1.5
      vertex 88 66.4 0
      vertex 87.7645 66.4077 0
    endloop
  endfacet
  facet normal 0.84926 0.527975 0
    outer loop
      vertex 85.0067 67.9999 1.5
      vertex 84.8823 68.2 0
      vertex 84.8823 68.2 1.5
    endloop
  endfacet
  facet normal 0.84926 0.527975 0
    outer loop
      vertex 84.8823 68.2 0
      vertex 85.0067 67.9999 1.5
      vertex 85.0067 67.9999 0
    endloop
  endfacet
  facet normal 0.471161 -0.882047 0
    outer loop
      vertex 86.2 73.1177 0
      vertex 86.4078 73.2287 1.5
      vertex 86.2 73.1177 1.5
    endloop
  endfacet
  facet normal 0.471161 -0.882047 0
    outer loop
      vertex 86.4078 73.2287 1.5
      vertex 86.2 73.1177 0
      vertex 86.4078 73.2287 0
    endloop
  endfacet
  facet normal 0.772897 -0.634531 0
    outer loop
      vertex 85.1439 72.1915 1.5
      vertex 85.2934 72.3736 0
      vertex 85.2934 72.3736 1.5
    endloop
  endfacet
  facet normal 0.772897 -0.634531 0
    outer loop
      vertex 85.2934 72.3736 0
      vertex 85.1439 72.1915 1.5
      vertex 85.1439 72.1915 0
    endloop
  endfacet
  facet normal -0.0326789 0.999466 0
    outer loop
      vertex 88.2355 66.4077 0
      vertex 88 66.4 1.5
      vertex 88.2355 66.4077 1.5
    endloop
  endfacet
  facet normal -0.0326789 0.999466 0
    outer loop
      vertex 88 66.4 1.5
      vertex 88.2355 66.4077 0
      vertex 88 66.4 0
    endloop
  endfacet
  facet normal 0.999466 -0.0326789 0
    outer loop
      vertex 84.4 70 1.5
      vertex 84.4077 70.2355 0
      vertex 84.4077 70.2355 1.5
    endloop
  endfacet
  facet normal 0.999466 -0.0326789 0
    outer loop
      vertex 84.4077 70.2355 0
      vertex 84.4 70 1.5
      vertex 84.4 70 0
    endloop
  endfacet
  facet normal 0.471161 0.882047 -0
    outer loop
      vertex 86.4078 66.7713 0
      vertex 86.2 66.8823 1.5
      vertex 86.4078 66.7713 1.5
    endloop
  endfacet
  facet normal 0.471161 0.882047 0
    outer loop
      vertex 86.2 66.8823 1.5
      vertex 86.4078 66.7713 0
      vertex 86.2 66.8823 0
    endloop
  endfacet
  facet normal 0.935892 -0.352286 0
    outer loop
      vertex 84.591 71.1572 1.5
      vertex 84.674 71.3777 0
      vertex 84.674 71.3777 1.5
    endloop
  endfacet
  facet normal 0.935892 -0.352286 0
    outer loop
      vertex 84.674 71.3777 0
      vertex 84.591 71.1572 1.5
      vertex 84.591 71.1572 0
    endloop
  endfacet
  facet normal 0.882047 0.471161 0
    outer loop
      vertex 84.8823 68.2 1.5
      vertex 84.7713 68.4078 0
      vertex 84.7713 68.4078 1.5
    endloop
  endfacet
  facet normal 0.882047 0.471161 0
    outer loop
      vertex 84.7713 68.4078 0
      vertex 84.8823 68.2 1.5
      vertex 84.8823 68.2 0
    endloop
  endfacet
  facet normal 0.910686 -0.413099 0
    outer loop
      vertex 84.674 71.3777 1.5
      vertex 84.7713 71.5922 0
      vertex 84.7713 71.5922 1.5
    endloop
  endfacet
  facet normal 0.910686 -0.413099 0
    outer loop
      vertex 84.7713 71.5922 0
      vertex 84.674 71.3777 1.5
      vertex 84.674 71.3777 0
    endloop
  endfacet
  facet normal 0.352286 0.935892 -0
    outer loop
      vertex 86.8428 66.591 0
      vertex 86.6223 66.674 1.5
      vertex 86.8428 66.591 1.5
    endloop
  endfacet
  facet normal 0.352286 0.935892 0
    outer loop
      vertex 86.6223 66.674 1.5
      vertex 86.8428 66.591 0
      vertex 86.6223 66.674 0
    endloop
  endfacet
  facet normal 0.582603 0.812757 -0
    outer loop
      vertex 85.9999 67.0067 0
      vertex 85.8085 67.1439 1.5
      vertex 85.9999 67.0067 1.5
    endloop
  endfacet
  facet normal 0.582603 0.812757 0
    outer loop
      vertex 85.8085 67.1439 1.5
      vertex 85.9999 67.0067 0
      vertex 85.8085 67.1439 0
    endloop
  endfacet
  facet normal -0.935906 -0.352251 0
    outer loop
      vertex 0.647023 5.24719 0
      vertex 0.451094 5.76776 1.5
      vertex 0.451094 5.76776 0
    endloop
  endfacet
  facet normal -0.935906 -0.352251 0
    outer loop
      vertex 0.451094 5.76776 1.5
      vertex 0.647023 5.24719 0
      vertex 0.647023 5.24719 1.5
    endloop
  endfacet
  facet normal -0.849199 -0.528073 0
    outer loop
      vertex 1.43251 3.77765 0
      vertex 1.13878 4.25 1.5
      vertex 1.13878 4.25 0
    endloop
  endfacet
  facet normal -0.849199 -0.528073 0
    outer loop
      vertex 1.13878 4.25 1.5
      vertex 1.43251 3.77765 0
      vertex 1.43251 3.77765 1.5
    endloop
  endfacet
  facet normal 0 1 -0
    outer loop
      vertex 85.5 76 0
      vertex 8.5 76 1.5
      vertex 85.5 76 1.5
    endloop
  endfacet
  facet normal 0 1 0
    outer loop
      vertex 8.5 76 1.5
      vertex 85.5 76 0
      vertex 8.5 76 0
    endloop
  endfacet
  facet normal -0.729866 -0.68359 0
    outer loop
      vertex 2.48959 2.48959 0
      vertex 2.10936 2.89556 1.5
      vertex 2.10936 2.89556 0
    endloop
  endfacet
  facet normal -0.729866 -0.68359 0
    outer loop
      vertex 2.10936 2.89556 1.5
      vertex 2.48959 2.48959 0
      vertex 2.48959 2.48959 1.5
    endloop
  endfacet
  facet normal 0.881925 -0.471391 0
    outer loop
      vertex 92.8612 4.25 1.5
      vertex 93.1234 4.74055 0
      vertex 93.1234 4.74055 1.5
    endloop
  endfacet
  facet normal 0.881925 -0.471391 0
    outer loop
      vertex 93.1234 4.74055 0
      vertex 92.8612 4.25 1.5
      vertex 92.8612 4.25 0
    endloop
  endfacet
  facet normal -0.471389 -0.881925 0
    outer loop
      vertex 4.25 1.13878 0
      vertex 4.74055 0.876581 1.5
      vertex 4.25 1.13878 1.5
    endloop
  endfacet
  facet normal -0.471389 -0.881925 -0
    outer loop
      vertex 4.74055 0.876581 1.5
      vertex 4.25 1.13878 0
      vertex 4.74055 0.876581 0
    endloop
  endfacet
  facet normal -0.910862 -0.412711 0
    outer loop
      vertex 0.876581 4.74055 0
      vertex 0.647023 5.24719 1.5
      vertex 0.647023 5.24719 0
    endloop
  endfacet
  facet normal -0.910862 -0.412711 0
    outer loop
      vertex 0.647023 5.24719 1.5
      vertex 0.876581 4.74055 0
      vertex 0.876581 4.74055 1.5
    endloop
  endfacet
  facet normal -0.634385 -0.773017 0
    outer loop
      vertex 2.89556 2.10936 0
      vertex 3.32553 1.7565 1.5
      vertex 2.89556 2.10936 1.5
    endloop
  endfacet
  facet normal -0.634385 -0.773017 -0
    outer loop
      vertex 3.32553 1.7565 1.5
      vertex 2.89556 2.10936 0
      vertex 3.32553 1.7565 0
    endloop
  endfacet
  facet normal 0.412733 0.910852 -0
    outer loop
      vertex 89.2595 75.1234 0
      vertex 88.7528 75.353 1.5
      vertex 89.2595 75.1234 1.5
    endloop
  endfacet
  facet normal 0.412733 0.910852 0
    outer loop
      vertex 88.7528 75.353 1.5
      vertex 89.2595 75.1234 0
      vertex 88.7528 75.353 0
    endloop
  endfacet
  facet normal 0.849198 0.528074 0
    outer loop
      vertex 92.8612 71.75 1.5
      vertex 92.5675 72.2223 0
      vertex 92.5675 72.2223 1.5
    endloop
  endfacet
  facet normal 0.849198 0.528074 0
    outer loop
      vertex 92.5675 72.2223 0
      vertex 92.8612 71.75 1.5
      vertex 92.8612 71.75 0
    endloop
  endfacet
  facet normal 0.995189 0.0979729 0
    outer loop
      vertex 93.9818 68.0559 1.5
      vertex 93.9273 68.6095 0
      vertex 93.9273 68.6095 1.5
    endloop
  endfacet
  facet normal 0.995189 0.0979729 0
    outer loop
      vertex 93.9273 68.6095 0
      vertex 93.9818 68.0559 1.5
      vertex 93.9818 68.0559 0
    endloop
  endfacet
  facet normal 0.973879 -0.227069 0
    outer loop
      vertex 93.7104 6.30004 1.5
      vertex 93.8367 6.84173 0
      vertex 93.8367 6.84173 1.5
    endloop
  endfacet
  facet normal 0.973879 -0.227069 0
    outer loop
      vertex 93.8367 6.84173 0
      vertex 93.7104 6.30004 1.5
      vertex 93.7104 6.30004 0
    endloop
  endfacet
  facet normal 0.528074 0.849198 -0
    outer loop
      vertex 90.2223 74.5675 0
      vertex 89.75 74.8612 1.5
      vertex 90.2223 74.5675 1.5
    endloop
  endfacet
  facet normal 0.528074 0.849198 0
    outer loop
      vertex 89.75 74.8612 1.5
      vertex 90.2223 74.5675 0
      vertex 89.75 74.8612 0
    endloop
  endfacet
  facet normal 0.582416 -0.812891 0
    outer loop
      vertex 90.2223 1.43251 0
      vertex 90.6745 1.7565 1.5
      vertex 90.2223 1.43251 1.5
    endloop
  endfacet
  facet normal 0.582416 -0.812891 0
    outer loop
      vertex 90.6745 1.7565 1.5
      vertex 90.2223 1.43251 0
      vertex 90.6745 1.7565 0
    endloop
  endfacet
  facet normal 0.0979729 0.995189 -0
    outer loop
      vertex 86.6095 75.9273 0
      vertex 86.0559 75.9818 1.5
      vertex 86.6095 75.9273 1.5
    endloop
  endfacet
  facet normal 0.0979729 0.995189 0
    outer loop
      vertex 86.0559 75.9818 1.5
      vertex 86.6095 75.9273 0
      vertex 86.0559 75.9818 0
    endloop
  endfacet
  facet normal 0.41267 -0.910881 0
    outer loop
      vertex 88.7528 0.647023 0
      vertex 89.2595 0.876581 1.5
      vertex 88.7528 0.647023 1.5
    endloop
  endfacet
  facet normal 0.41267 -0.910881 0
    outer loop
      vertex 89.2595 0.876581 1.5
      vertex 88.7528 0.647023 0
      vertex 89.2595 0.876581 0
    endloop
  endfacet
  facet normal -0.582496 0.812834 0
    outer loop
      vertex 3.77765 74.5675 0
      vertex 3.32553 74.2435 1.5
      vertex 3.77765 74.5675 1.5
    endloop
  endfacet
  facet normal -0.582496 0.812834 0
    outer loop
      vertex 3.32553 74.2435 1.5
      vertex 3.77765 74.5675 0
      vertex 3.32553 74.2435 0
    endloop
  endfacet
  facet normal 0.471428 0.881905 -0
    outer loop
      vertex 89.75 74.8612 0
      vertex 89.2595 75.1234 1.5
      vertex 89.75 74.8612 1.5
    endloop
  endfacet
  facet normal 0.471428 0.881905 0
    outer loop
      vertex 89.2595 75.1234 1.5
      vertex 89.75 74.8612 0
      vertex 89.2595 75.1234 0
    endloop
  endfacet
  facet normal -0.68359 -0.729866 0
    outer loop
      vertex 2.48959 2.48959 0
      vertex 2.89556 2.10936 1.5
      vertex 2.48959 2.48959 1.5
    endloop
  endfacet
  facet normal -0.68359 -0.729866 -0
    outer loop
      vertex 2.89556 2.10936 1.5
      vertex 2.48959 2.48959 0
      vertex 2.89556 2.10936 0
    endloop
  endfacet
  facet normal -1 0 0
    outer loop
      vertex 0 8.5 0
      vertex 0 67.5 1.5
      vertex 0 67.5 0
    endloop
  endfacet
  facet normal -1 -0 0
    outer loop
      vertex 0 67.5 1.5
      vertex 0 8.5 0
      vertex 0 8.5 1.5
    endloop
  endfacet
  facet normal -0.973876 -0.227079 0
    outer loop
      vertex 0.28963 6.30004 0
      vertex 0.163324 6.84173 1.5
      vertex 0.163324 6.84173 0
    endloop
  endfacet
  facet normal -0.973876 -0.227079 0
    outer loop
      vertex 0.163324 6.84173 1.5
      vertex 0.28963 6.30004 0
      vertex 0.28963 6.30004 1.5
    endloop
  endfacet
  facet normal 0.683534 0.729918 -0
    outer loop
      vertex 91.5104 73.5104 0
      vertex 91.1044 73.8906 1.5
      vertex 91.5104 73.5104 1.5
    endloop
  endfacet
  facet normal 0.683534 0.729918 0
    outer loop
      vertex 91.1044 73.8906 1.5
      vertex 91.5104 73.5104 0
      vertex 91.1044 73.8906 0
    endloop
  endfacet
  facet normal -0.412773 0.910834 0
    outer loop
      vertex 5.24719 75.353 0
      vertex 4.74055 75.1234 1.5
      vertex 5.24719 75.353 1.5
    endloop
  endfacet
  facet normal -0.412773 0.910834 0
    outer loop
      vertex 4.74055 75.1234 1.5
      vertex 5.24719 75.353 0
      vertex 4.74055 75.1234 0
    endloop
  endfacet
  facet normal 0.910834 -0.412773 0
    outer loop
      vertex 93.1234 4.74055 1.5
      vertex 93.353 5.24719 0
      vertex 93.353 5.24719 1.5
    endloop
  endfacet
  facet normal 0.910834 -0.412773 0
    outer loop
      vertex 93.353 5.24719 0
      vertex 93.1234 4.74055 1.5
      vertex 93.1234 4.74055 0
    endloop
  endfacet
  facet normal 0.93593 0.352187 0
    outer loop
      vertex 93.5489 70.2322 1.5
      vertex 93.353 70.7528 0
      vertex 93.353 70.7528 1.5
    endloop
  endfacet
  facet normal 0.93593 0.352187 0
    outer loop
      vertex 93.353 70.7528 0
      vertex 93.5489 70.2322 1.5
      vertex 93.5489 70.2322 0
    endloop
  endfacet
  facet normal -0.986644 -0.162892 0
    outer loop
      vertex 0.163324 6.84173 0
      vertex 0.0727186 7.39053 1.5
      vertex 0.0727186 7.39053 0
    endloop
  endfacet
  facet normal -0.986644 -0.162892 0
    outer loop
      vertex 0.0727186 7.39053 1.5
      vertex 0.163324 6.84173 0
      vertex 0.163324 6.84173 1.5
    endloop
  endfacet
  facet normal -0.412711 -0.910862 0
    outer loop
      vertex 4.74055 0.876581 0
      vertex 5.24719 0.647023 1.5
      vertex 4.74055 0.876581 1.5
    endloop
  endfacet
  facet normal -0.412711 -0.910862 -0
    outer loop
      vertex 5.24719 0.647023 1.5
      vertex 4.74055 0.876581 0
      vertex 5.24719 0.647023 0
    endloop
  endfacet
  facet normal 0.812882 0.582428 0
    outer loop
      vertex 92.5675 72.2223 1.5
      vertex 92.2435 72.6745 0
      vertex 92.2435 72.6745 1.5
    endloop
  endfacet
  facet normal 0.812882 0.582428 0
    outer loop
      vertex 92.2435 72.6745 0
      vertex 92.5675 72.2223 1.5
      vertex 92.5675 72.2223 0
    endloop
  endfacet
  facet normal -0.973877 0.227075 0
    outer loop
      vertex 0.163324 69.1583 0
      vertex 0.28963 69.7 1.5
      vertex 0.28963 69.7 0
    endloop
  endfacet
  facet normal -0.973877 0.227075 0
    outer loop
      vertex 0.28963 69.7 1.5
      vertex 0.163324 69.1583 0
      vertex 0.163324 69.1583 1.5
    endloop
  endfacet
  facet normal 0 -1 0
    outer loop
      vertex 8.5 0 0
      vertex 85.5 0 1.5
      vertex 8.5 0 1.5
    endloop
  endfacet
  facet normal 0 -1 -0
    outer loop
      vertex 85.5 0 1.5
      vertex 8.5 0 0
      vertex 85.5 0 0
    endloop
  endfacet
  facet normal -0.528073 -0.849199 0
    outer loop
      vertex 3.77765 1.43251 0
      vertex 4.25 1.13878 1.5
      vertex 3.77765 1.43251 1.5
    endloop
  endfacet
  facet normal -0.528073 -0.849199 -0
    outer loop
      vertex 4.25 1.13878 1.5
      vertex 3.77765 1.43251 0
      vertex 4.25 1.13878 0
    endloop
  endfacet
  facet normal -0.881925 -0.471389 0
    outer loop
      vertex 1.13878 4.25 0
      vertex 0.876581 4.74055 1.5
      vertex 0.876581 4.74055 0
    endloop
  endfacet
  facet normal -0.881925 -0.471389 0
    outer loop
      vertex 0.876581 4.74055 1.5
      vertex 1.13878 4.25 0
      vertex 1.13878 4.25 1.5
    endloop
  endfacet
  facet normal 0.162883 0.986645 -0
    outer loop
      vertex 87.1583 75.8367 0
      vertex 86.6095 75.9273 1.5
      vertex 87.1583 75.8367 1.5
    endloop
  endfacet
  facet normal 0.162883 0.986645 0
    outer loop
      vertex 86.6095 75.9273 1.5
      vertex 87.1583 75.8367 0
      vertex 86.6095 75.9273 0
    endloop
  endfacet
  facet normal 1 -0 0
    outer loop
      vertex 94 8.5 1.5
      vertex 94 67.5 0
      vertex 94 67.5 1.5
    endloop
  endfacet
  facet normal 1 0 0
    outer loop
      vertex 94 67.5 0
      vertex 94 8.5 1.5
      vertex 94 8.5 0
    endloop
  endfacet
  facet normal 0.729893 -0.683561 0
    outer loop
      vertex 91.5104 2.48959 1.5
      vertex 91.8906 2.89556 0
      vertex 91.8906 2.89556 1.5
    endloop
  endfacet
  facet normal 0.729893 -0.683561 0
    outer loop
      vertex 91.8906 2.89556 0
      vertex 91.5104 2.48959 1.5
      vertex 91.5104 2.48959 0
    endloop
  endfacet
  facet normal 0.352233 -0.935912 0
    outer loop
      vertex 88.2322 0.451094 0
      vertex 88.7528 0.647023 1.5
      vertex 88.2322 0.451094 1.5
    endloop
  endfacet
  facet normal 0.352233 -0.935912 0
    outer loop
      vertex 88.7528 0.647023 1.5
      vertex 88.2322 0.451094 0
      vertex 88.7528 0.647023 0
    endloop
  endfacet
  facet normal -0.729891 0.683563 0
    outer loop
      vertex 2.10936 73.1044 0
      vertex 2.48959 73.5104 1.5
      vertex 2.48959 73.5104 0
    endloop
  endfacet
  facet normal -0.729891 0.683563 0
    outer loop
      vertex 2.48959 73.5104 1.5
      vertex 2.10936 73.1044 0
      vertex 2.10936 73.1044 1.5
    endloop
  endfacet
  facet normal -0.910881 0.41267 0
    outer loop
      vertex 0.647023 70.7528 0
      vertex 0.876581 71.2595 1.5
      vertex 0.876581 71.2595 0
    endloop
  endfacet
  facet normal -0.910881 0.41267 0
    outer loop
      vertex 0.876581 71.2595 1.5
      vertex 0.647023 70.7528 0
      vertex 0.647023 70.7528 1.5
    endloop
  endfacet
  facet normal -0.634428 0.772982 0
    outer loop
      vertex 3.32553 74.2435 0
      vertex 2.89556 73.8906 1.5
      vertex 3.32553 74.2435 1.5
    endloop
  endfacet
  facet normal -0.634428 0.772982 0
    outer loop
      vertex 2.89556 73.8906 1.5
      vertex 3.32553 74.2435 0
      vertex 2.89556 73.8906 0
    endloop
  endfacet
  facet normal -0.582484 -0.812842 0
    outer loop
      vertex 3.32553 1.7565 0
      vertex 3.77765 1.43251 1.5
      vertex 3.32553 1.7565 1.5
    endloop
  endfacet
  facet normal -0.582484 -0.812842 -0
    outer loop
      vertex 3.77765 1.43251 1.5
      vertex 3.32553 1.7565 0
      vertex 3.77765 1.43251 0
    endloop
  endfacet
  facet normal -0.290282 -0.956941 0
    outer loop
      vertex 5.76776 0.451094 0
      vertex 6.30004 0.28963 1.5
      vertex 5.76776 0.451094 1.5
    endloop
  endfacet
  facet normal -0.290282 -0.956941 -0
    outer loop
      vertex 6.30004 0.28963 1.5
      vertex 5.76776 0.451094 0
      vertex 6.30004 0.28963 0
    endloop
  endfacet
  facet normal -0.683561 0.729893 0
    outer loop
      vertex 2.89556 73.8906 0
      vertex 2.48959 73.5104 1.5
      vertex 2.89556 73.8906 1.5
    endloop
  endfacet
  facet normal -0.683561 0.729893 0
    outer loop
      vertex 2.48959 73.5104 1.5
      vertex 2.89556 73.8906 0
      vertex 2.48959 73.5104 0
    endloop
  endfacet
  facet normal 0.881905 0.471428 0
    outer loop
      vertex 93.1234 71.2595 1.5
      vertex 92.8612 71.75 0
      vertex 92.8612 71.75 1.5
    endloop
  endfacet
  facet normal 0.881905 0.471428 0
    outer loop
      vertex 92.8612 71.75 0
      vertex 93.1234 71.2595 1.5
      vertex 93.1234 71.2595 0
    endloop
  endfacet
  facet normal -0.999465 0.0327204 0
    outer loop
      vertex 0 67.5 0
      vertex 0.018199 68.0559 1.5
      vertex 0.018199 68.0559 0
    endloop
  endfacet
  facet normal -0.999465 0.0327204 0
    outer loop
      vertex 0.018199 68.0559 1.5
      vertex 0 67.5 0
      vertex 0 67.5 1.5
    endloop
  endfacet
  facet normal 0.999465 -0.0327204 0
    outer loop
      vertex 93.9818 7.94407 1.5
      vertex 94 8.5 0
      vertex 94 8.5 1.5
    endloop
  endfacet
  facet normal 0.999465 -0.0327204 0
    outer loop
      vertex 94 8.5 0
      vertex 93.9818 7.94407 1.5
      vertex 93.9818 7.94407 0
    endloop
  endfacet
  facet normal -0.352251 -0.935906 0
    outer loop
      vertex 5.24719 0.647023 0
      vertex 5.76776 0.451094 1.5
      vertex 5.24719 0.647023 1.5
    endloop
  endfacet
  facet normal -0.352251 -0.935906 -0
    outer loop
      vertex 5.76776 0.451094 1.5
      vertex 5.24719 0.647023 0
      vertex 5.76776 0.451094 0
    endloop
  endfacet
  facet normal -0.227069 0.973879 0
    outer loop
      vertex 6.84173 75.8367 0
      vertex 6.30004 75.7104 1.5
      vertex 6.84173 75.8367 1.5
    endloop
  endfacet
  facet normal -0.227069 0.973879 0
    outer loop
      vertex 6.30004 75.7104 1.5
      vertex 6.84173 75.8367 0
      vertex 6.30004 75.7104 0
    endloop
  endfacet
  facet normal 0.582428 0.812882 -0
    outer loop
      vertex 90.6745 74.2435 0
      vertex 90.2223 74.5675 1.5
      vertex 90.6745 74.2435 1.5
    endloop
  endfacet
  facet normal 0.582428 0.812882 0
    outer loop
      vertex 90.2223 74.5675 1.5
      vertex 90.6745 74.2435 0
      vertex 90.2223 74.5675 0
    endloop
  endfacet
  facet normal 0.986645 -0.162883 0
    outer loop
      vertex 93.8367 6.84173 1.5
      vertex 93.9273 7.39053 0
      vertex 93.9273 7.39053 1.5
    endloop
  endfacet
  facet normal 0.986645 -0.162883 0
    outer loop
      vertex 93.9273 7.39053 0
      vertex 93.8367 6.84173 1.5
      vertex 93.8367 6.84173 0
    endloop
  endfacet
  facet normal 0.0327222 0.999464 -0
    outer loop
      vertex 86.0559 75.9818 0
      vertex 85.5 76 1.5
      vertex 86.0559 75.9818 1.5
    endloop
  endfacet
  facet normal 0.0327222 0.999464 0
    outer loop
      vertex 85.5 76 1.5
      vertex 86.0559 75.9818 0
      vertex 85.5 76 0
    endloop
  endfacet
  facet normal 0.528113 -0.849174 0
    outer loop
      vertex 89.75 1.13878 0
      vertex 90.2223 1.43251 1.5
      vertex 89.75 1.13878 1.5
    endloop
  endfacet
  facet normal 0.528113 -0.849174 0
    outer loop
      vertex 90.2223 1.43251 1.5
      vertex 89.75 1.13878 0
      vertex 90.2223 1.43251 0
    endloop
  endfacet
  facet normal -0.773017 -0.634385 0
    outer loop
      vertex 2.10936 2.89556 0
      vertex 1.7565 3.32553 1.5
      vertex 1.7565 3.32553 0
    endloop
  endfacet
  facet normal -0.773017 -0.634385 0
    outer loop
      vertex 1.7565 3.32553 1.5
      vertex 2.10936 2.89556 0
      vertex 2.10936 2.89556 1.5
    endloop
  endfacet
  facet normal 0.0327204 -0.999465 0
    outer loop
      vertex 85.5 0 0
      vertex 86.0559 0.018199 1.5
      vertex 85.5 0 1.5
    endloop
  endfacet
  facet normal 0.0327204 -0.999465 0
    outer loop
      vertex 86.0559 0.018199 1.5
      vertex 85.5 0 0
      vertex 86.0559 0.018199 0
    endloop
  endfacet
  facet normal 0.290382 0.956911 -0
    outer loop
      vertex 88.2322 75.5489 0
      vertex 87.7 75.7104 1.5
      vertex 88.2322 75.5489 1.5
    endloop
  endfacet
  facet normal 0.290382 0.956911 0
    outer loop
      vertex 87.7 75.7104 1.5
      vertex 88.2322 75.5489 0
      vertex 87.7 75.7104 0
    endloop
  endfacet
  facet normal 0.956911 0.290382 0
    outer loop
      vertex 93.7104 69.7 1.5
      vertex 93.5489 70.2322 0
      vertex 93.5489 70.2322 1.5
    endloop
  endfacet
  facet normal 0.956911 0.290382 0
    outer loop
      vertex 93.5489 70.2322 0
      vertex 93.7104 69.7 1.5
      vertex 93.7104 69.7 0
    endloop
  endfacet
  facet normal -0.0327186 -0.999465 0
    outer loop
      vertex 7.94407 0.018199 0
      vertex 8.5 0 1.5
      vertex 7.94407 0.018199 1.5
    endloop
  endfacet
  facet normal -0.0327186 -0.999465 -0
    outer loop
      vertex 8.5 0 1.5
      vertex 7.94407 0.018199 0
      vertex 8.5 0 0
    endloop
  endfacet
  facet normal 0 0 1
    outer loop
      vertex 89.1572 66.591 1.5
      vertex 88.6952 32.5222 1.5
      vertex 88.7 32.375 1.5
    endloop
  endfacet
  facet normal 0 0 1
    outer loop
      vertex 88.9317 66.5227 1.5
      vertex 88.6807 32.6687 1.5
      vertex 88.6952 32.5222 1.5
    endloop
  endfacet
  facet normal 0 0 1
    outer loop
      vertex 88.9317 66.5227 1.5
      vertex 88.6568 32.814 1.5
      vertex 88.6807 32.6687 1.5
    endloop
  endfacet
  facet normal 0 0 1
    outer loop
      vertex 88.9317 66.5227 1.5
      vertex 88.6233 32.9573 1.5
      vertex 88.6568 32.814 1.5
    endloop
  endfacet
  facet normal 0 0 1
    outer loop
      vertex 88.9317 66.5227 1.5
      vertex 88.5806 33.0982 1.5
      vertex 88.6233 32.9573 1.5
    endloop
  endfacet
  facet normal 0 0 1
    outer loop
      vertex 88.9317 66.5227 1.5
      vertex 88.5287 33.236 1.5
      vertex 88.5806 33.0982 1.5
    endloop
  endfacet
  facet normal 0 0 1
    outer loop
      vertex 87.0323 34.5483 1.5
      vertex 88.7023 66.4692 1.5
      vertex 88.4699 66.4308 1.5
    endloop
  endfacet
  facet normal 0 0 1
    outer loop
      vertex 88.9317 66.5227 1.5
      vertex 88.468 33.3701 1.5
      vertex 88.5287 33.236 1.5
    endloop
  endfacet
  facet normal 0 0 1
    outer loop
      vertex 88.9317 66.5227 1.5
      vertex 88.3986 33.5 1.5
      vertex 88.468 33.3701 1.5
    endloop
  endfacet
  facet normal 0 0 1
    outer loop
      vertex 88.9317 66.5227 1.5
      vertex 88.3208 33.625 1.5
      vertex 88.3986 33.5 1.5
    endloop
  endfacet
  facet normal 0 0 1
    outer loop
      vertex 86.889 34.5818 1.5
      vertex 88.4699 66.4308 1.5
      vertex 88.2355 66.4077 1.5
    endloop
  endfacet
  facet normal 0 0 1
    outer loop
      vertex 88.9317 66.5227 1.5
      vertex 88.235 33.7447 1.5
      vertex 88.3208 33.625 1.5
    endloop
  endfacet
  facet normal 0 0 1
    outer loop
      vertex 88.9317 66.5227 1.5
      vertex 88.1416 33.8585 1.5
      vertex 88.235 33.7447 1.5
    endloop
  endfacet
  facet normal 0 0 1
    outer loop
      vertex 88.9317 66.5227 1.5
      vertex 88.041 33.966 1.5
      vertex 88.1416 33.8585 1.5
    endloop
  endfacet
  facet normal 0 0 1
    outer loop
      vertex 86.7437 34.6058 1.5
      vertex 88.2355 66.4077 1.5
      vertex 88 66.4 1.5
    endloop
  endfacet
  facet normal 0 0 1
    outer loop
      vertex 88.9317 66.5227 1.5
      vertex 87.9335 34.0666 1.5
      vertex 88.041 33.966 1.5
    endloop
  endfacet
  facet normal 0 0 1
    outer loop
      vertex 88.9317 66.5227 1.5
      vertex 87.8197 34.16 1.5
      vertex 87.9335 34.0666 1.5
    endloop
  endfacet
  facet normal 0 0 1
    outer loop
      vertex 86.5972 34.6202 1.5
      vertex 88 66.4 1.5
      vertex 87.7645 66.4077 1.5
    endloop
  endfacet
  facet normal 0 0 1
    outer loop
      vertex 88.9317 66.5227 1.5
      vertex 87.7 34.2458 1.5
      vertex 87.8197 34.16 1.5
    endloop
  endfacet
  facet normal 0 0 1
    outer loop
      vertex 88.9317 66.5227 1.5
      vertex 87.575 34.3236 1.5
      vertex 87.7 34.2458 1.5
    endloop
  endfacet
  facet normal 0 0 1
    outer loop
      vertex 86.45 34.625 1.5
      vertex 87.7645 66.4077 1.5
      vertex 87.5301 66.4308 1.5
    endloop
  endfacet
  facet normal 0 0 1
    outer loop
      vertex 88.9317 66.5227 1.5
      vertex 87.4452 34.393 1.5
      vertex 87.575 34.3236 1.5
    endloop
  endfacet
  facet normal 0 0 1
    outer loop
      vertex 88.9317 66.5227 1.5
      vertex 87.311 34.4537 1.5
      vertex 87.4452 34.393 1.5
    endloop
  endfacet
  facet normal 0 0 1
    outer loop
      vertex 70.3573 47.292 1.5
      vertex 87.5301 66.4308 1.5
      vertex 87.2977 66.4692 1.5
    endloop
  endfacet
  facet normal 0 0 1
    outer loop
      vertex 88.9317 66.5227 1.5
      vertex 87.1732 34.5056 1.5
      vertex 87.311 34.4537 1.5
    endloop
  endfacet
  facet normal 0 0 1
    outer loop
      vertex 70.0304 48.694 1.5
      vertex 87.2977 66.4692 1.5
      vertex 87.0683 66.5227 1.5
    endloop
  endfacet
  facet normal 0 0 1
    outer loop
      vertex 88.7023 66.4692 1.5
      vertex 87.0323 34.5483 1.5
      vertex 87.1732 34.5056 1.5
    endloop
  endfacet
  facet normal 0 0 1
    outer loop
      vertex 88.4699 66.4308 1.5
      vertex 86.889 34.5818 1.5
      vertex 87.0323 34.5483 1.5
    endloop
  endfacet
  facet normal 0 0 1
    outer loop
      vertex 70.0304 48.694 1.5
      vertex 87.0683 66.5227 1.5
      vertex 86.8428 66.591 1.5
    endloop
  endfacet
  facet normal 0 0 1
    outer loop
      vertex 88.2355 66.4077 1.5
      vertex 86.7437 34.6058 1.5
      vertex 86.889 34.5818 1.5
    endloop
  endfacet
  facet normal 0 0 1
    outer loop
      vertex 69.6125 50.0717 1.5
      vertex 86.8428 66.591 1.5
      vertex 86.6223 66.674 1.5
    endloop
  endfacet
  facet normal 0 0 1
    outer loop
      vertex 88 66.4 1.5
      vertex 86.5972 34.6202 1.5
      vertex 86.7437 34.6058 1.5
    endloop
  endfacet
  facet normal 0 0 1
    outer loop
      vertex 87.7645 66.4077 1.5
      vertex 86.45 34.625 1.5
      vertex 86.5972 34.6202 1.5
    endloop
  endfacet
  facet normal 0 0 1
    outer loop
      vertex 69.6125 50.0717 1.5
      vertex 86.6223 66.674 1.5
      vertex 86.4078 66.7713 1.5
    endloop
  endfacet
  facet normal 0 0 1
    outer loop
      vertex 87.5301 66.4308 1.5
      vertex 70.3573 47.292 1.5
      vertex 86.45 34.625 1.5
    endloop
  endfacet
  facet normal 0 0 1
    outer loop
      vertex 69.1053 51.419 1.5
      vertex 86.4078 66.7713 1.5
      vertex 86.2 66.8823 1.5
    endloop
  endfacet
  facet normal 0 0 1
    outer loop
      vertex 86.45 34.625 1.5
      vertex 70.3573 47.292 1.5
      vertex 86.3028 34.6202 1.5
    endloop
  endfacet
  facet normal 0 0 1
    outer loop
      vertex 86.3028 34.6202 1.5
      vertex 70.3573 47.292 1.5
      vertex 86.1563 34.6058 1.5
    endloop
  endfacet
  facet normal 0 0 1
    outer loop
      vertex 69.1053 51.419 1.5
      vertex 86.2 66.8823 1.5
      vertex 85.9999 67.0067 1.5
    endloop
  endfacet
  facet normal -0 -0 1
    outer loop
      vertex 70.5918 45.8716 1.5
      vertex 86.1563 34.6058 1.5
      vertex 70.3573 47.292 1.5
    endloop
  endfacet
  facet normal 0 0 1
    outer loop
      vertex 68.5112 52.7304 1.5
      vertex 85.9999 67.0067 1.5
      vertex 85.8085 67.1439 1.5
    endloop
  endfacet
  facet normal 0 0 1
    outer loop
      vertex 86.1563 34.6058 1.5
      vertex 70.5918 45.8716 1.5
      vertex 86.011 34.5818 1.5
    endloop
  endfacet
  facet normal 0 0 1
    outer loop
      vertex 68.5112 52.7304 1.5
      vertex 85.8085 67.1439 1.5
      vertex 85.6264 67.2934 1.5
    endloop
  endfacet
  facet normal 0 0 1
    outer loop
      vertex 86.011 34.5818 1.5
      vertex 70.5918 45.8716 1.5
      vertex 85.8677 34.5483 1.5
    endloop
  endfacet
  facet normal -0 -0 1
    outer loop
      vertex 70.7329 44.4389 1.5
      vertex 85.8677 34.5483 1.5
      vertex 70.5918 45.8716 1.5
    endloop
  endfacet
  facet normal 0 0 1
    outer loop
      vertex 67.8326 54 1.5
      vertex 85.6264 67.2934 1.5
      vertex 85.4544 67.4544 1.5
    endloop
  endfacet
  facet normal 0 0 1
    outer loop
      vertex 85.8677 34.5483 1.5
      vertex 70.7329 44.4389 1.5
      vertex 85.7268 34.5056 1.5
    endloop
  endfacet
  facet normal 0 0 1
    outer loop
      vertex 67.8326 54 1.5
      vertex 85.4544 67.4544 1.5
      vertex 85.2934 67.6264 1.5
    endloop
  endfacet
  facet normal 0 0 1
    outer loop
      vertex 85.7268 34.5056 1.5
      vertex 70.7329 44.4389 1.5
      vertex 85.589 34.4537 1.5
    endloop
  endfacet
  facet normal 0 0 1
    outer loop
      vertex 67.0723 55.2225 1.5
      vertex 85.2934 67.6264 1.5
      vertex 85.1439 67.8085 1.5
    endloop
  endfacet
  facet normal 0 0 1
    outer loop
      vertex 85.589 34.4537 1.5
      vertex 70.7329 44.4389 1.5
      vertex 85.4548 34.393 1.5
    endloop
  endfacet
  facet normal 0 0 1
    outer loop
      vertex 67.0723 55.2225 1.5
      vertex 85.1439 67.8085 1.5
      vertex 85.0067 67.9999 1.5
    endloop
  endfacet
  facet normal -0 -0 1
    outer loop
      vertex 70.78 43 1.5
      vertex 85.4548 34.393 1.5
      vertex 70.7329 44.4389 1.5
    endloop
  endfacet
  facet normal 0 0 1
    outer loop
      vertex 67.0723 55.2225 1.5
      vertex 85.0067 67.9999 1.5
      vertex 84.8823 68.2 1.5
    endloop
  endfacet
  facet normal 0 0 1
    outer loop
      vertex 85.4548 34.393 1.5
      vertex 70.78 43 1.5
      vertex 85.325 34.3236 1.5
    endloop
  endfacet
  facet normal 0 0 1
    outer loop
      vertex 66.2338 56.3927 1.5
      vertex 84.8823 68.2 1.5
      vertex 84.7713 68.4078 1.5
    endloop
  endfacet
  facet normal 0 0 1
    outer loop
      vertex 85.325 34.3236 1.5
      vertex 70.78 43 1.5
      vertex 85.2 34.2458 1.5
    endloop
  endfacet
  facet normal 0 0 1
    outer loop
      vertex 66.2338 56.3927 1.5
      vertex 84.7713 68.4078 1.5
      vertex 84.674 68.6223 1.5
    endloop
  endfacet
  facet normal -0 0 1
    outer loop
      vertex 70.7329 41.5611 1.5
      vertex 85.2 34.2458 1.5
      vertex 70.78 43 1.5
    endloop
  endfacet
  facet normal 0 0 1
    outer loop
      vertex 65.3205 57.5056 1.5
      vertex 84.674 68.6223 1.5
      vertex 84.591 68.8428 1.5
    endloop
  endfacet
  facet normal 0 0 1
    outer loop
      vertex 85.2 34.2458 1.5
      vertex 70.7329 41.5611 1.5
      vertex 85.0803 34.16 1.5
    endloop
  endfacet
  facet normal 0 0 1
    outer loop
      vertex 65.3205 57.5056 1.5
      vertex 84.591 68.8428 1.5
      vertex 84.5227 69.0683 1.5
    endloop
  endfacet
  facet normal 0 0 1
    outer loop
      vertex 85.0803 34.16 1.5
      vertex 70.7329 41.5611 1.5
      vertex 84.9665 34.0666 1.5
    endloop
  endfacet
  facet normal 0 0 1
    outer loop
      vertex 64.3363 58.5564 1.5
      vertex 84.5227 69.0683 1.5
      vertex 84.4692 69.2977 1.5
    endloop
  endfacet
  facet normal 0 0 1
    outer loop
      vertex 84.9665 34.0666 1.5
      vertex 70.7329 41.5611 1.5
      vertex 84.859 33.966 1.5
    endloop
  endfacet
  facet normal 0 0 1
    outer loop
      vertex 64.3363 58.5564 1.5
      vertex 84.4692 69.2977 1.5
      vertex 84.4308 69.5301 1.5
    endloop
  endfacet
  facet normal 0 0 1
    outer loop
      vertex 63.2856 59.5405 1.5
      vertex 84.4308 69.5301 1.5
      vertex 84.4077 69.7645 1.5
    endloop
  endfacet
  facet normal 0 0 1
    outer loop
      vertex 63.2856 59.5405 1.5
      vertex 84.4077 69.7645 1.5
      vertex 84.4 70 1.5
    endloop
  endfacet
  facet normal -0 0 1
    outer loop
      vertex 70.5918 40.1284 1.5
      vertex 84.859 33.966 1.5
      vertex 70.7329 41.5611 1.5
    endloop
  endfacet
  facet normal 0 0 1
    outer loop
      vertex 94 8.5 1.5
      vertex 88.7952 20.0222 1.5
      vertex 88.8 19.875 1.5
    endloop
  endfacet
  facet normal 0 0 1
    outer loop
      vertex 89.1572 66.591 1.5
      vertex 88.7 32.375 1.5
      vertex 88.7952 20.0222 1.5
    endloop
  endfacet
  facet normal -0 0 1
    outer loop
      vertex 88.6952 32.2278 1.5
      vertex 88.7952 20.0222 1.5
      vertex 88.7 32.375 1.5
    endloop
  endfacet
  facet normal 0 0 1
    outer loop
      vertex 88.7952 20.0222 1.5
      vertex 88.6952 32.2278 1.5
      vertex 88.7807 20.1687 1.5
    endloop
  endfacet
  facet normal 0 0 1
    outer loop
      vertex 87.1732 34.5056 1.5
      vertex 88.9317 66.5227 1.5
      vertex 88.7023 66.4692 1.5
    endloop
  endfacet
  facet normal -0 0 1
    outer loop
      vertex 88.6807 32.0813 1.5
      vertex 88.7807 20.1687 1.5
      vertex 88.6952 32.2278 1.5
    endloop
  endfacet
  facet normal 0 0 1
    outer loop
      vertex 88.7807 20.1687 1.5
      vertex 88.6807 32.0813 1.5
      vertex 88.7568 20.314 1.5
    endloop
  endfacet
  facet normal -0 0 1
    outer loop
      vertex 88.6568 31.936 1.5
      vertex 88.7568 20.314 1.5
      vertex 88.6807 32.0813 1.5
    endloop
  endfacet
  facet normal 0 0 1
    outer loop
      vertex 88.7568 20.314 1.5
      vertex 88.6568 31.936 1.5
      vertex 88.7233 20.4573 1.5
    endloop
  endfacet
  facet normal -0 0 1
    outer loop
      vertex 88.6233 31.7927 1.5
      vertex 88.7233 20.4573 1.5
      vertex 88.6568 31.936 1.5
    endloop
  endfacet
  facet normal 0 0 1
    outer loop
      vertex 88.7233 20.4573 1.5
      vertex 88.6233 31.7927 1.5
      vertex 88.6806 20.5982 1.5
    endloop
  endfacet
  facet normal -0 0 1
    outer loop
      vertex 88.5806 31.6518 1.5
      vertex 88.6806 20.5982 1.5
      vertex 88.6233 31.7927 1.5
    endloop
  endfacet
  facet normal 0 0 1
    outer loop
      vertex 88.6806 20.5982 1.5
      vertex 88.5806 31.6518 1.5
      vertex 88.6287 20.736 1.5
    endloop
  endfacet
  facet normal -0 0 1
    outer loop
      vertex 88.5287 31.514 1.5
      vertex 88.6287 20.736 1.5
      vertex 88.5806 31.6518 1.5
    endloop
  endfacet
  facet normal 0 0 1
    outer loop
      vertex 88.6287 20.736 1.5
      vertex 88.5287 31.514 1.5
      vertex 88.568 20.8701 1.5
    endloop
  endfacet
  facet normal -0 0 1
    outer loop
      vertex 88.468 31.3799 1.5
      vertex 88.568 20.8701 1.5
      vertex 88.5287 31.514 1.5
    endloop
  endfacet
  facet normal 0 0 1
    outer loop
      vertex 88.568 20.8701 1.5
      vertex 88.468 31.3799 1.5
      vertex 88.4986 21 1.5
    endloop
  endfacet
  facet normal -0 0 1
    outer loop
      vertex 88.3986 31.25 1.5
      vertex 88.4986 21 1.5
      vertex 88.468 31.3799 1.5
    endloop
  endfacet
  facet normal 0 0 1
    outer loop
      vertex 88.4986 21 1.5
      vertex 88.3986 31.25 1.5
      vertex 88.4208 21.125 1.5
    endloop
  endfacet
  facet normal -0 0 1
    outer loop
      vertex 88.3208 31.125 1.5
      vertex 88.4208 21.125 1.5
      vertex 88.3986 31.25 1.5
    endloop
  endfacet
  facet normal 0 0 1
    outer loop
      vertex 88.4208 21.125 1.5
      vertex 88.3208 31.125 1.5
      vertex 88.335 21.2447 1.5
    endloop
  endfacet
  facet normal -0 0 1
    outer loop
      vertex 88.235 31.0053 1.5
      vertex 88.335 21.2447 1.5
      vertex 88.3208 31.125 1.5
    endloop
  endfacet
  facet normal 0 0 1
    outer loop
      vertex 88.335 21.2447 1.5
      vertex 88.235 31.0053 1.5
      vertex 88.2416 21.3585 1.5
    endloop
  endfacet
  facet normal -0 0 1
    outer loop
      vertex 88.1416 30.8915 1.5
      vertex 88.2416 21.3585 1.5
      vertex 88.235 31.0053 1.5
    endloop
  endfacet
  facet normal 0 0 1
    outer loop
      vertex 88.1416 30.8915 1.5
      vertex 88.141 21.466 1.5
      vertex 88.2416 21.3585 1.5
    endloop
  endfacet
  facet normal -0 0 1
    outer loop
      vertex 88.041 30.784 1.5
      vertex 88.141 21.466 1.5
      vertex 88.1416 30.8915 1.5
    endloop
  endfacet
  facet normal 0 0 1
    outer loop
      vertex 88.041 30.784 1.5
      vertex 88.0335 21.5666 1.5
      vertex 88.141 21.466 1.5
    endloop
  endfacet
  facet normal -0 0 1
    outer loop
      vertex 87.9335 30.6834 1.5
      vertex 88.0335 21.5666 1.5
      vertex 88.041 30.784 1.5
    endloop
  endfacet
  facet normal 0 0 1
    outer loop
      vertex 87.9335 30.6834 1.5
      vertex 87.9197 21.66 1.5
      vertex 88.0335 21.5666 1.5
    endloop
  endfacet
  facet normal -0 0 1
    outer loop
      vertex 87.8197 30.59 1.5
      vertex 87.9197 21.66 1.5
      vertex 87.9335 30.6834 1.5
    endloop
  endfacet
  facet normal 0 0 1
    outer loop
      vertex 87.8197 30.59 1.5
      vertex 87.8 21.7458 1.5
      vertex 87.9197 21.66 1.5
    endloop
  endfacet
  facet normal -0 0 1
    outer loop
      vertex 87.7 30.5042 1.5
      vertex 87.8 21.7458 1.5
      vertex 87.8197 30.59 1.5
    endloop
  endfacet
  facet normal 0 0 1
    outer loop
      vertex 87.7 30.5042 1.5
      vertex 87.675 21.8236 1.5
      vertex 87.8 21.7458 1.5
    endloop
  endfacet
  facet normal -0 0 1
    outer loop
      vertex 87.575 30.4264 1.5
      vertex 87.675 21.8236 1.5
      vertex 87.7 30.5042 1.5
    endloop
  endfacet
  facet normal 0 0 1
    outer loop
      vertex 87.575 30.4264 1.5
      vertex 87.5452 21.893 1.5
      vertex 87.675 21.8236 1.5
    endloop
  endfacet
  facet normal -0 0 1
    outer loop
      vertex 87.4452 30.357 1.5
      vertex 87.5452 21.893 1.5
      vertex 87.575 30.4264 1.5
    endloop
  endfacet
  facet normal 0 0 1
    outer loop
      vertex 87.4452 30.357 1.5
      vertex 87.411 21.9537 1.5
      vertex 87.5452 21.893 1.5
    endloop
  endfacet
  facet normal -0 0 1
    outer loop
      vertex 87.311 30.2963 1.5
      vertex 87.411 21.9537 1.5
      vertex 87.4452 30.357 1.5
    endloop
  endfacet
  facet normal 0 0 1
    outer loop
      vertex 87.311 30.2963 1.5
      vertex 87.2732 22.0056 1.5
      vertex 87.411 21.9537 1.5
    endloop
  endfacet
  facet normal -0 0 1
    outer loop
      vertex 87.1732 30.2444 1.5
      vertex 87.2732 22.0056 1.5
      vertex 87.311 30.2963 1.5
    endloop
  endfacet
  facet normal 0 0 1
    outer loop
      vertex 87.1732 30.2444 1.5
      vertex 87.1323 22.0483 1.5
      vertex 87.2732 22.0056 1.5
    endloop
  endfacet
  facet normal -0 0 1
    outer loop
      vertex 87.0323 30.2017 1.5
      vertex 87.1323 22.0483 1.5
      vertex 87.1732 30.2444 1.5
    endloop
  endfacet
  facet normal 0 0 1
    outer loop
      vertex 87.0323 30.2017 1.5
      vertex 86.989 22.0818 1.5
      vertex 87.1323 22.0483 1.5
    endloop
  endfacet
  facet normal -0 0 1
    outer loop
      vertex 86.889 30.1682 1.5
      vertex 86.989 22.0818 1.5
      vertex 87.0323 30.2017 1.5
    endloop
  endfacet
  facet normal 0 0 1
    outer loop
      vertex 86.889 30.1682 1.5
      vertex 86.8437 22.1058 1.5
      vertex 86.989 22.0818 1.5
    endloop
  endfacet
  facet normal -0 0 1
    outer loop
      vertex 86.7437 30.1442 1.5
      vertex 86.8437 22.1058 1.5
      vertex 86.889 30.1682 1.5
    endloop
  endfacet
  facet normal 0 0 1
    outer loop
      vertex 86.7437 30.1442 1.5
      vertex 86.6972 22.1202 1.5
      vertex 86.8437 22.1058 1.5
    endloop
  endfacet
  facet normal -0 0 1
    outer loop
      vertex 86.5972 30.1298 1.5
      vertex 86.6972 22.1202 1.5
      vertex 86.7437 30.1442 1.5
    endloop
  endfacet
  facet normal 0 0 1
    outer loop
      vertex 86.5972 30.1298 1.5
      vertex 86.55 22.125 1.5
      vertex 86.6972 22.1202 1.5
    endloop
  endfacet
  facet normal -0 0 1
    outer loop
      vertex 86.45 30.125 1.5
      vertex 86.55 22.125 1.5
      vertex 86.5972 30.1298 1.5
    endloop
  endfacet
  facet normal 0 0 1
    outer loop
      vertex 86.45 30.125 1.5
      vertex 86.4028 22.1202 1.5
      vertex 86.55 22.125 1.5
    endloop
  endfacet
  facet normal 0 0 1
    outer loop
      vertex 86.3028 30.1298 1.5
      vertex 86.4028 22.1202 1.5
      vertex 86.45 30.125 1.5
    endloop
  endfacet
  facet normal 0 0 1
    outer loop
      vertex 86.3028 30.1298 1.5
      vertex 86.2563 22.1058 1.5
      vertex 86.4028 22.1202 1.5
    endloop
  endfacet
  facet normal 0 0 1
    outer loop
      vertex 86.1563 30.1442 1.5
      vertex 86.2563 22.1058 1.5
      vertex 86.3028 30.1298 1.5
    endloop
  endfacet
  facet normal 0 0 1
    outer loop
      vertex 86.1563 30.1442 1.5
      vertex 86.111 22.0818 1.5
      vertex 86.2563 22.1058 1.5
    endloop
  endfacet
  facet normal 0 0 1
    outer loop
      vertex 86.011 30.1682 1.5
      vertex 86.111 22.0818 1.5
      vertex 86.1563 30.1442 1.5
    endloop
  endfacet
  facet normal 0 0 1
    outer loop
      vertex 86.011 30.1682 1.5
      vertex 85.9677 22.0483 1.5
      vertex 86.111 22.0818 1.5
    endloop
  endfacet
  facet normal 0 0 1
    outer loop
      vertex 85.8677 30.2017 1.5
      vertex 85.9677 22.0483 1.5
      vertex 86.011 30.1682 1.5
    endloop
  endfacet
  facet normal 0 0 1
    outer loop
      vertex 85.8677 30.2017 1.5
      vertex 85.8268 22.0056 1.5
      vertex 85.9677 22.0483 1.5
    endloop
  endfacet
  facet normal 0 0 1
    outer loop
      vertex 85.7268 30.2444 1.5
      vertex 85.8268 22.0056 1.5
      vertex 85.8677 30.2017 1.5
    endloop
  endfacet
  facet normal 0 0 1
    outer loop
      vertex 85.7268 30.2444 1.5
      vertex 85.689 21.9537 1.5
      vertex 85.8268 22.0056 1.5
    endloop
  endfacet
  facet normal 0 0 1
    outer loop
      vertex 85.589 30.2963 1.5
      vertex 85.689 21.9537 1.5
      vertex 85.7268 30.2444 1.5
    endloop
  endfacet
  facet normal 0 0 1
    outer loop
      vertex 85.589 30.2963 1.5
      vertex 85.5548 21.893 1.5
      vertex 85.689 21.9537 1.5
    endloop
  endfacet
  facet normal 0 0 1
    outer loop
      vertex 85.4548 30.357 1.5
      vertex 85.5548 21.893 1.5
      vertex 85.589 30.2963 1.5
    endloop
  endfacet
  facet normal 0 0 1
    outer loop
      vertex 85.4548 30.357 1.5
      vertex 85.425 21.8236 1.5
      vertex 85.5548 21.893 1.5
    endloop
  endfacet
  facet normal 0 0 1
    outer loop
      vertex 85.325 30.4264 1.5
      vertex 85.425 21.8236 1.5
      vertex 85.4548 30.357 1.5
    endloop
  endfacet
  facet normal 0 0 1
    outer loop
      vertex 85.325 30.4264 1.5
      vertex 85.3 21.7458 1.5
      vertex 85.425 21.8236 1.5
    endloop
  endfacet
  facet normal 0 0 1
    outer loop
      vertex 85.2 30.5042 1.5
      vertex 85.3 21.7458 1.5
      vertex 85.325 30.4264 1.5
    endloop
  endfacet
  facet normal 0 0 1
    outer loop
      vertex 85.2 30.5042 1.5
      vertex 85.1803 21.66 1.5
      vertex 85.3 21.7458 1.5
    endloop
  endfacet
  facet normal 0 0 1
    outer loop
      vertex 85.0803 30.59 1.5
      vertex 85.1803 21.66 1.5
      vertex 85.2 30.5042 1.5
    endloop
  endfacet
  facet normal 0 0 1
    outer loop
      vertex 85.0803 30.59 1.5
      vertex 85.0665 21.5666 1.5
      vertex 85.1803 21.66 1.5
    endloop
  endfacet
  facet normal 0 0 1
    outer loop
      vertex 84.9665 30.6834 1.5
      vertex 85.0665 21.5666 1.5
      vertex 85.0803 30.59 1.5
    endloop
  endfacet
  facet normal 0 0 1
    outer loop
      vertex 84.9665 30.6834 1.5
      vertex 84.959 21.466 1.5
      vertex 85.0665 21.5666 1.5
    endloop
  endfacet
  facet normal 0 0 1
    outer loop
      vertex 84.859 30.784 1.5
      vertex 84.959 21.466 1.5
      vertex 84.9665 30.6834 1.5
    endloop
  endfacet
  facet normal 0 0 1
    outer loop
      vertex 84.859 30.784 1.5
      vertex 84.8584 21.3585 1.5
      vertex 84.959 21.466 1.5
    endloop
  endfacet
  facet normal 0 0 1
    outer loop
      vertex 84.7584 30.8915 1.5
      vertex 84.8584 21.3585 1.5
      vertex 84.859 30.784 1.5
    endloop
  endfacet
  facet normal 0 0 1
    outer loop
      vertex 84.8584 21.3585 1.5
      vertex 84.7584 30.8915 1.5
      vertex 84.765 21.2447 1.5
    endloop
  endfacet
  facet normal 0 0 1
    outer loop
      vertex 84.665 31.0053 1.5
      vertex 84.765 21.2447 1.5
      vertex 84.7584 30.8915 1.5
    endloop
  endfacet
  facet normal 0 0 1
    outer loop
      vertex 84.765 21.2447 1.5
      vertex 84.665 31.0053 1.5
      vertex 84.6792 21.125 1.5
    endloop
  endfacet
  facet normal 0 0 1
    outer loop
      vertex 84.5792 31.125 1.5
      vertex 84.6792 21.125 1.5
      vertex 84.665 31.0053 1.5
    endloop
  endfacet
  facet normal 0 0 1
    outer loop
      vertex 84.6792 21.125 1.5
      vertex 84.5792 31.125 1.5
      vertex 84.6014 21 1.5
    endloop
  endfacet
  facet normal 0 0 1
    outer loop
      vertex 84.5014 31.25 1.5
      vertex 84.6014 21 1.5
      vertex 84.5792 31.125 1.5
    endloop
  endfacet
  facet normal -0 0 1
    outer loop
      vertex 67.0723 30.7775 1.5
      vertex 84.6014 21 1.5
      vertex 84.5014 31.25 1.5
    endloop
  endfacet
  facet normal 0 0 1
    outer loop
      vertex 84.6014 21 1.5
      vertex 67.0723 30.7775 1.5
      vertex 84.532 20.8701 1.5
    endloop
  endfacet
  facet normal 0 0 1
    outer loop
      vertex 67.8326 32 1.5
      vertex 84.5014 31.25 1.5
      vertex 84.432 31.3799 1.5
    endloop
  endfacet
  facet normal 0 0 1
    outer loop
      vertex 84.532 20.8701 1.5
      vertex 67.0723 30.7775 1.5
      vertex 84.4713 20.736 1.5
    endloop
  endfacet
  facet normal 0 0 1
    outer loop
      vertex 84.4713 20.736 1.5
      vertex 67.0723 30.7775 1.5
      vertex 84.4194 20.5982 1.5
    endloop
  endfacet
  facet normal 0 0 1
    outer loop
      vertex 67.8326 32 1.5
      vertex 84.432 31.3799 1.5
      vertex 84.3713 31.514 1.5
    endloop
  endfacet
  facet normal -0 0 1
    outer loop
      vertex 66.2338 29.6073 1.5
      vertex 84.4194 20.5982 1.5
      vertex 67.0723 30.7775 1.5
    endloop
  endfacet
  facet normal 0 0 1
    outer loop
      vertex 67.8326 32 1.5
      vertex 84.3713 31.514 1.5
      vertex 84.3194 31.6518 1.5
    endloop
  endfacet
  facet normal 0 0 1
    outer loop
      vertex 84.4194 20.5982 1.5
      vertex 66.2338 29.6073 1.5
      vertex 84.3767 20.4573 1.5
    endloop
  endfacet
  facet normal 0 0 1
    outer loop
      vertex 84.3767 20.4573 1.5
      vertex 66.2338 29.6073 1.5
      vertex 84.3432 20.314 1.5
    endloop
  endfacet
  facet normal -0 0 1
    outer loop
      vertex 65.3205 28.4944 1.5
      vertex 84.3432 20.314 1.5
      vertex 66.2338 29.6073 1.5
    endloop
  endfacet
  facet normal 0 0 1
    outer loop
      vertex 68.5112 33.2696 1.5
      vertex 84.3194 31.6518 1.5
      vertex 84.2767 31.7927 1.5
    endloop
  endfacet
  facet normal 0 0 1
    outer loop
      vertex 91.2287 68.4078 1.5
      vertex 94 67.5 1.5
      vertex 93.9818 68.0559 1.5
    endloop
  endfacet
  facet normal -0 0 1
    outer loop
      vertex 88.7952 20.0222 1.5
      vertex 94 8.5 1.5
      vertex 94 67.5 1.5
    endloop
  endfacet
  facet normal 0 0 1
    outer loop
      vertex 91.326 68.6223 1.5
      vertex 93.9818 68.0559 1.5
      vertex 93.9273 68.6095 1.5
    endloop
  endfacet
  facet normal -0 0 1
    outer loop
      vertex 88.7952 19.7278 1.5
      vertex 94 8.5 1.5
      vertex 88.8 19.875 1.5
    endloop
  endfacet
  facet normal -0 0 1
    outer loop
      vertex 91.4773 69.0683 1.5
      vertex 93.9273 68.6095 1.5
      vertex 93.8367 69.1583 1.5
    endloop
  endfacet
  facet normal -0 0 1
    outer loop
      vertex 88.7807 19.5813 1.5
      vertex 94 8.5 1.5
      vertex 88.7952 19.7278 1.5
    endloop
  endfacet
  facet normal -0 0 1
    outer loop
      vertex 91.5308 69.2977 1.5
      vertex 93.8367 69.1583 1.5
      vertex 93.7104 69.7 1.5
    endloop
  endfacet
  facet normal -0 0 1
    outer loop
      vertex 88.7568 19.436 1.5
      vertex 94 8.5 1.5
      vertex 88.7807 19.5813 1.5
    endloop
  endfacet
  facet normal -0 0 1
    outer loop
      vertex 91.5923 69.7645 1.5
      vertex 93.7104 69.7 1.5
      vertex 93.5489 70.2322 1.5
    endloop
  endfacet
  facet normal -0 0 1
    outer loop
      vertex 88.7233 19.2927 1.5
      vertex 94 8.5 1.5
      vertex 88.7568 19.436 1.5
    endloop
  endfacet
  facet normal -0 0 1
    outer loop
      vertex 91.5923 70.2355 1.5
      vertex 93.5489 70.2322 1.5
      vertex 93.353 70.7528 1.5
    endloop
  endfacet
  facet normal -0 0 1
    outer loop
      vertex 88.6806 19.1518 1.5
      vertex 94 8.5 1.5
      vertex 88.7233 19.2927 1.5
    endloop
  endfacet
  facet normal 0 0 1
    outer loop
      vertex 91.5692 70.4699 1.5
      vertex 93.353 70.7528 1.5
      vertex 93.1234 71.2595 1.5
    endloop
  endfacet
  facet normal -0 0 1
    outer loop
      vertex 88.6287 19.014 1.5
      vertex 94 8.5 1.5
      vertex 88.6806 19.1518 1.5
    endloop
  endfacet
  facet normal 0 0 1
    outer loop
      vertex 91.4773 70.9317 1.5
      vertex 93.1234 71.2595 1.5
      vertex 92.8612 71.75 1.5
    endloop
  endfacet
  facet normal -0 0 1
    outer loop
      vertex 88.568 18.8799 1.5
      vertex 94 8.5 1.5
      vertex 88.6287 19.014 1.5
    endloop
  endfacet
  facet normal 0 0 1
    outer loop
      vertex 91.326 71.3777 1.5
      vertex 92.8612 71.75 1.5
      vertex 92.5675 72.2223 1.5
    endloop
  endfacet
  facet normal -0 0 1
    outer loop
      vertex 88.4986 18.75 1.5
      vertex 94 8.5 1.5
      vertex 88.568 18.8799 1.5
    endloop
  endfacet
  facet normal 0 0 1
    outer loop
      vertex 91.2287 71.5922 1.5
      vertex 92.5675 72.2223 1.5
      vertex 92.2435 72.6745 1.5
    endloop
  endfacet
  facet normal 0 0 1
    outer loop
      vertex 93.8367 69.1583 1.5
      vertex 91.5308 69.2977 1.5
      vertex 91.4773 69.0683 1.5
    endloop
  endfacet
  facet normal 0 0 1
    outer loop
      vertex 90.9933 72.0001 1.5
      vertex 92.2435 72.6745 1.5
      vertex 91.8906 73.1044 1.5
    endloop
  endfacet
  facet normal 0 0 1
    outer loop
      vertex 93.7104 69.7 1.5
      vertex 91.5923 69.7645 1.5
      vertex 91.5692 69.5301 1.5
    endloop
  endfacet
  facet normal 0 0 1
    outer loop
      vertex 93.5489 70.2322 1.5
      vertex 91.6 70 1.5
      vertex 91.5923 69.7645 1.5
    endloop
  endfacet
  facet normal 0 0 1
    outer loop
      vertex 93.5489 70.2322 1.5
      vertex 91.5923 70.2355 1.5
      vertex 91.6 70 1.5
    endloop
  endfacet
  facet normal 0 0 1
    outer loop
      vertex 93.353 70.7528 1.5
      vertex 91.5692 70.4699 1.5
      vertex 91.5923 70.2355 1.5
    endloop
  endfacet
  facet normal 0 0 1
    outer loop
      vertex 93.1234 71.2595 1.5
      vertex 91.5308 70.7023 1.5
      vertex 91.5692 70.4699 1.5
    endloop
  endfacet
  facet normal 0 0 1
    outer loop
      vertex 90.7066 72.3736 1.5
      vertex 91.8906 73.1044 1.5
      vertex 91.5104 73.5104 1.5
    endloop
  endfacet
  facet normal 0 0 1
    outer loop
      vertex 93.1234 71.2595 1.5
      vertex 91.4773 70.9317 1.5
      vertex 91.5308 70.7023 1.5
    endloop
  endfacet
  facet normal 0 0 1
    outer loop
      vertex 92.8612 71.75 1.5
      vertex 91.409 71.1572 1.5
      vertex 91.4773 70.9317 1.5
    endloop
  endfacet
  facet normal 0 0 1
    outer loop
      vertex 92.8612 71.75 1.5
      vertex 91.326 71.3777 1.5
      vertex 91.409 71.1572 1.5
    endloop
  endfacet
  facet normal 0 0 1
    outer loop
      vertex 92.5675 72.2223 1.5
      vertex 91.2287 71.5922 1.5
      vertex 91.326 71.3777 1.5
    endloop
  endfacet
  facet normal 0 0 1
    outer loop
      vertex 92.2435 72.6745 1.5
      vertex 91.1177 71.8 1.5
      vertex 91.2287 71.5922 1.5
    endloop
  endfacet
  facet normal 0 0 1
    outer loop
      vertex 90.3736 72.7066 1.5
      vertex 91.5104 73.5104 1.5
      vertex 91.1044 73.8906 1.5
    endloop
  endfacet
  facet normal 0 0 1
    outer loop
      vertex 92.2435 72.6745 1.5
      vertex 90.9933 72.0001 1.5
      vertex 91.1177 71.8 1.5
    endloop
  endfacet
  facet normal 0 0 1
    outer loop
      vertex 91.8906 73.1044 1.5
      vertex 90.8561 72.1915 1.5
      vertex 90.9933 72.0001 1.5
    endloop
  endfacet
  facet normal 0 0 1
    outer loop
      vertex 91.8906 73.1044 1.5
      vertex 90.7066 72.3736 1.5
      vertex 90.8561 72.1915 1.5
    endloop
  endfacet
  facet normal 0 0 1
    outer loop
      vertex 90.0001 72.9933 1.5
      vertex 91.1044 73.8906 1.5
      vertex 90.6745 74.2435 1.5
    endloop
  endfacet
  facet normal 0 0 1
    outer loop
      vertex 91.5104 73.5104 1.5
      vertex 90.5456 72.5456 1.5
      vertex 90.7066 72.3736 1.5
    endloop
  endfacet
  facet normal 0 0 1
    outer loop
      vertex 91.5104 73.5104 1.5
      vertex 90.3736 72.7066 1.5
      vertex 90.5456 72.5456 1.5
    endloop
  endfacet
  facet normal 0 0 1
    outer loop
      vertex 89.5922 73.2287 1.5
      vertex 90.6745 74.2435 1.5
      vertex 90.2223 74.5675 1.5
    endloop
  endfacet
  facet normal 0 0 1
    outer loop
      vertex 91.1044 73.8906 1.5
      vertex 90.1915 72.8561 1.5
      vertex 90.3736 72.7066 1.5
    endloop
  endfacet
  facet normal 0 0 1
    outer loop
      vertex 91.1044 73.8906 1.5
      vertex 90.0001 72.9933 1.5
      vertex 90.1915 72.8561 1.5
    endloop
  endfacet
  facet normal 0 0 1
    outer loop
      vertex 90.6745 74.2435 1.5
      vertex 89.8 73.1177 1.5
      vertex 90.0001 72.9933 1.5
    endloop
  endfacet
  facet normal 0 0 1
    outer loop
      vertex 89.3777 73.326 1.5
      vertex 90.2223 74.5675 1.5
      vertex 89.75 74.8612 1.5
    endloop
  endfacet
  facet normal 0 0 1
    outer loop
      vertex 90.6745 74.2435 1.5
      vertex 89.5922 73.2287 1.5
      vertex 89.8 73.1177 1.5
    endloop
  endfacet
  facet normal 0 0 1
    outer loop
      vertex 90.2223 74.5675 1.5
      vertex 89.3777 73.326 1.5
      vertex 89.5922 73.2287 1.5
    endloop
  endfacet
  facet normal 0 0 1
    outer loop
      vertex 88.9317 73.4773 1.5
      vertex 89.75 74.8612 1.5
      vertex 89.2595 75.1234 1.5
    endloop
  endfacet
  facet normal 0 0 1
    outer loop
      vertex 89.75 74.8612 1.5
      vertex 89.1572 73.409 1.5
      vertex 89.3777 73.326 1.5
    endloop
  endfacet
  facet normal 0 0 1
    outer loop
      vertex 89.75 74.8612 1.5
      vertex 88.9317 73.4773 1.5
      vertex 89.1572 73.409 1.5
    endloop
  endfacet
  facet normal 0 0 1
    outer loop
      vertex 88.4699 73.5692 1.5
      vertex 89.2595 75.1234 1.5
      vertex 88.7528 75.353 1.5
    endloop
  endfacet
  facet normal 0 0 1
    outer loop
      vertex 89.2595 75.1234 1.5
      vertex 88.7023 73.5308 1.5
      vertex 88.9317 73.4773 1.5
    endloop
  endfacet
  facet normal 0 0 1
    outer loop
      vertex 89.2595 75.1234 1.5
      vertex 88.4699 73.5692 1.5
      vertex 88.7023 73.5308 1.5
    endloop
  endfacet
  facet normal 0 0 1
    outer loop
      vertex 88.7528 75.353 1.5
      vertex 88.2355 73.5923 1.5
      vertex 88.4699 73.5692 1.5
    endloop
  endfacet
  facet normal 0 0 1
    outer loop
      vertex 88.2322 75.5489 1.5
      vertex 88.2355 73.5923 1.5
      vertex 88.7528 75.353 1.5
    endloop
  endfacet
  facet normal 0 0 1
    outer loop
      vertex 88.2322 75.5489 1.5
      vertex 88 73.6 1.5
      vertex 88.2355 73.5923 1.5
    endloop
  endfacet
  facet normal 0 0 1
    outer loop
      vertex 88.2322 75.5489 1.5
      vertex 87.7645 73.5923 1.5
      vertex 88 73.6 1.5
    endloop
  endfacet
  facet normal 0 0 1
    outer loop
      vertex 87.7 75.7104 1.5
      vertex 87.7645 73.5923 1.5
      vertex 88.2322 75.5489 1.5
    endloop
  endfacet
  facet normal 0 0 1
    outer loop
      vertex 87.7 75.7104 1.5
      vertex 87.5301 73.5692 1.5
      vertex 87.7645 73.5923 1.5
    endloop
  endfacet
  facet normal 0 0 1
    outer loop
      vertex 87.7 75.7104 1.5
      vertex 87.2977 73.5308 1.5
      vertex 87.5301 73.5692 1.5
    endloop
  endfacet
  facet normal 0 0 1
    outer loop
      vertex 87.1583 75.8367 1.5
      vertex 87.2977 73.5308 1.5
      vertex 87.7 75.7104 1.5
    endloop
  endfacet
  facet normal 0 0 1
    outer loop
      vertex 87.1583 75.8367 1.5
      vertex 87.0683 73.4773 1.5
      vertex 87.2977 73.5308 1.5
    endloop
  endfacet
  facet normal 0 0 1
    outer loop
      vertex 86.6095 75.9273 1.5
      vertex 87.0683 73.4773 1.5
      vertex 87.1583 75.8367 1.5
    endloop
  endfacet
  facet normal 0 0 1
    outer loop
      vertex 87.0683 73.4773 1.5
      vertex 86.6095 75.9273 1.5
      vertex 86.8428 73.409 1.5
    endloop
  endfacet
  facet normal 0 0 1
    outer loop
      vertex 86.8428 73.409 1.5
      vertex 86.6095 75.9273 1.5
      vertex 86.6223 73.326 1.5
    endloop
  endfacet
  facet normal 0 0 1
    outer loop
      vertex 86.0559 75.9818 1.5
      vertex 86.6223 73.326 1.5
      vertex 86.6095 75.9273 1.5
    endloop
  endfacet
  facet normal 0 0 1
    outer loop
      vertex 86.6223 73.326 1.5
      vertex 86.0559 75.9818 1.5
      vertex 86.4078 73.2287 1.5
    endloop
  endfacet
  facet normal 0 0 1
    outer loop
      vertex 85.5 76 1.5
      vertex 86.4078 73.2287 1.5
      vertex 86.0559 75.9818 1.5
    endloop
  endfacet
  facet normal 0 0 1
    outer loop
      vertex 86.4078 73.2287 1.5
      vertex 85.5 76 1.5
      vertex 86.2 73.1177 1.5
    endloop
  endfacet
  facet normal 0 0 1
    outer loop
      vertex 86.2 73.1177 1.5
      vertex 85.5 76 1.5
      vertex 85.9999 72.9933 1.5
    endloop
  endfacet
  facet normal 0 0 1
    outer loop
      vertex 85.9999 72.9933 1.5
      vertex 85.5 76 1.5
      vertex 85.8085 72.8561 1.5
    endloop
  endfacet
  facet normal 0 0 1
    outer loop
      vertex 85.8085 72.8561 1.5
      vertex 85.5 76 1.5
      vertex 85.6264 72.7066 1.5
    endloop
  endfacet
  facet normal 0 0 1
    outer loop
      vertex 85.5 76 1.5
      vertex 85.4544 72.5456 1.5
      vertex 85.6264 72.7066 1.5
    endloop
  endfacet
  facet normal 0 0 1
    outer loop
      vertex 85.5 76 1.5
      vertex 85.2934 72.3736 1.5
      vertex 85.4544 72.5456 1.5
    endloop
  endfacet
  facet normal 0 0 1
    outer loop
      vertex 85.5 76 1.5
      vertex 85.1439 72.1915 1.5
      vertex 85.2934 72.3736 1.5
    endloop
  endfacet
  facet normal 0 0 1
    outer loop
      vertex 85.5 76 1.5
      vertex 85.0067 72.0001 1.5
      vertex 85.1439 72.1915 1.5
    endloop
  endfacet
  facet normal 0 0 1
    outer loop
      vertex 85.5 76 1.5
      vertex 84.8823 71.8 1.5
      vertex 85.0067 72.0001 1.5
    endloop
  endfacet
  facet normal 0 0 1
    outer loop
      vertex 85.5 76 1.5
      vertex 84.7713 71.5922 1.5
      vertex 84.8823 71.8 1.5
    endloop
  endfacet
  facet normal 0 0 1
    outer loop
      vertex 85.5 76 1.5
      vertex 84.674 71.3777 1.5
      vertex 84.7713 71.5922 1.5
    endloop
  endfacet
  facet normal 0 0 1
    outer loop
      vertex 85.5 76 1.5
      vertex 84.591 71.1572 1.5
      vertex 84.674 71.3777 1.5
    endloop
  endfacet
  facet normal 0 0 1
    outer loop
      vertex 59.78 62.0526 1.5
      vertex 84.591 71.1572 1.5
      vertex 85.5 76 1.5
    endloop
  endfacet
  facet normal 0 0 1
    outer loop
      vertex 84.591 71.1572 1.5
      vertex 59.78 62.0526 1.5
      vertex 84.5227 70.9317 1.5
    endloop
  endfacet
  facet normal 0 0 1
    outer loop
      vertex 84.859 33.966 1.5
      vertex 70.5918 40.1284 1.5
      vertex 84.7584 33.8585 1.5
    endloop
  endfacet
  facet normal 0 0 1
    outer loop
      vertex 84.7584 33.8585 1.5
      vertex 70.5918 40.1284 1.5
      vertex 84.665 33.7447 1.5
    endloop
  endfacet
  facet normal 0 0 1
    outer loop
      vertex 84.665 33.7447 1.5
      vertex 70.5918 40.1284 1.5
      vertex 84.5792 33.625 1.5
    endloop
  endfacet
  facet normal -0 0 1
    outer loop
      vertex 70.3573 38.708 1.5
      vertex 84.5792 33.625 1.5
      vertex 70.5918 40.1284 1.5
    endloop
  endfacet
  facet normal 0 0 1
    outer loop
      vertex 84.5792 33.625 1.5
      vertex 70.3573 38.708 1.5
      vertex 84.5014 33.5 1.5
    endloop
  endfacet
  facet normal 0 0 1
    outer loop
      vertex 84.5014 33.5 1.5
      vertex 70.3573 38.708 1.5
      vertex 84.432 33.3701 1.5
    endloop
  endfacet
  facet normal 0 0 1
    outer loop
      vertex 84.432 33.3701 1.5
      vertex 70.3573 38.708 1.5
      vertex 84.3713 33.236 1.5
    endloop
  endfacet
  facet normal 0 0 1
    outer loop
      vertex 62.1728 60.4538 1.5
      vertex 84.4 70 1.5
      vertex 84.4077 70.2355 1.5
    endloop
  endfacet
  facet normal 0 0 1
    outer loop
      vertex 62.1728 60.4538 1.5
      vertex 84.4077 70.2355 1.5
      vertex 84.4308 70.4699 1.5
    endloop
  endfacet
  facet normal 0 0 1
    outer loop
      vertex 61.0025 61.2923 1.5
      vertex 84.4308 70.4699 1.5
      vertex 84.4692 70.7023 1.5
    endloop
  endfacet
  facet normal 0 -0 1
    outer loop
      vertex 61.0025 61.2923 1.5
      vertex 84.5227 70.9317 1.5
      vertex 59.78 62.0526 1.5
    endloop
  endfacet
  facet normal 0 0 1
    outer loop
      vertex 84.3194 33.0982 1.5
      vertex 70.0304 37.306 1.5
      vertex 84.2767 32.9573 1.5
    endloop
  endfacet
  facet normal 0 0 1
    outer loop
      vertex 84.3713 33.236 1.5
      vertex 70.0304 37.306 1.5
      vertex 84.3194 33.0982 1.5
    endloop
  endfacet
  facet normal -0 0 1
    outer loop
      vertex 70.0304 37.306 1.5
      vertex 84.3713 33.236 1.5
      vertex 70.3573 38.708 1.5
    endloop
  endfacet
  facet normal 0 0 1
    outer loop
      vertex 87.2977 66.4692 1.5
      vertex 70.0304 48.694 1.5
      vertex 70.3573 47.292 1.5
    endloop
  endfacet
  facet normal 0 0 1
    outer loop
      vertex 86.8428 66.591 1.5
      vertex 69.6125 50.0717 1.5
      vertex 70.0304 48.694 1.5
    endloop
  endfacet
  facet normal 0 0 1
    outer loop
      vertex 86.4078 66.7713 1.5
      vertex 69.1053 51.419 1.5
      vertex 69.6125 50.0717 1.5
    endloop
  endfacet
  facet normal 0 0 1
    outer loop
      vertex 85.9999 67.0067 1.5
      vertex 68.5112 52.7304 1.5
      vertex 69.1053 51.419 1.5
    endloop
  endfacet
  facet normal 0 0 1
    outer loop
      vertex 85.6264 67.2934 1.5
      vertex 67.8326 54 1.5
      vertex 68.5112 52.7304 1.5
    endloop
  endfacet
  facet normal 0 0 1
    outer loop
      vertex 85.2934 67.6264 1.5
      vertex 67.0723 55.2225 1.5
      vertex 67.8326 54 1.5
    endloop
  endfacet
  facet normal 0 0 1
    outer loop
      vertex 84.8823 68.2 1.5
      vertex 66.2338 56.3927 1.5
      vertex 67.0723 55.2225 1.5
    endloop
  endfacet
  facet normal 0 0 1
    outer loop
      vertex 84.674 68.6223 1.5
      vertex 65.3205 57.5056 1.5
      vertex 66.2338 56.3927 1.5
    endloop
  endfacet
  facet normal 0 0 1
    outer loop
      vertex 84.5227 69.0683 1.5
      vertex 64.3363 58.5564 1.5
      vertex 65.3205 57.5056 1.5
    endloop
  endfacet
  facet normal 0 0 1
    outer loop
      vertex 84.4308 69.5301 1.5
      vertex 63.2856 59.5405 1.5
      vertex 64.3363 58.5564 1.5
    endloop
  endfacet
  facet normal 0 0 1
    outer loop
      vertex 84.4 70 1.5
      vertex 62.1728 60.4538 1.5
      vertex 63.2856 59.5405 1.5
    endloop
  endfacet
  facet normal 0 0 1
    outer loop
      vertex 84.4308 70.4699 1.5
      vertex 61.0025 61.2923 1.5
      vertex 62.1728 60.4538 1.5
    endloop
  endfacet
  facet normal 0 0 1
    outer loop
      vertex 84.5227 70.9317 1.5
      vertex 61.0025 61.2923 1.5
      vertex 84.4692 70.7023 1.5
    endloop
  endfacet
  facet normal 0 0 1
    outer loop
      vertex 85.5 76 1.5
      vertex 58.5103 62.7312 1.5
      vertex 59.78 62.0526 1.5
    endloop
  endfacet
  facet normal 0 0 1
    outer loop
      vertex 85.5 76 1.5
      vertex 57.199 63.3253 1.5
      vertex 58.5103 62.7312 1.5
    endloop
  endfacet
  facet normal 0 0 1
    outer loop
      vertex 85.5 76 1.5
      vertex 55.8517 63.8325 1.5
      vertex 57.199 63.3253 1.5
    endloop
  endfacet
  facet normal 0 0 1
    outer loop
      vertex 85.5 76 1.5
      vertex 54.474 64.2504 1.5
      vertex 55.8517 63.8325 1.5
    endloop
  endfacet
  facet normal 0 0 1
    outer loop
      vertex 85.5 76 1.5
      vertex 53.072 64.5773 1.5
      vertex 54.474 64.2504 1.5
    endloop
  endfacet
  facet normal 0 0 1
    outer loop
      vertex 85.5 76 1.5
      vertex 51.6516 64.8118 1.5
      vertex 53.072 64.5773 1.5
    endloop
  endfacet
  facet normal 0 0 1
    outer loop
      vertex 85.5 76 1.5
      vertex 50.2189 64.9529 1.5
      vertex 51.6516 64.8118 1.5
    endloop
  endfacet
  facet normal 0 0 1
    outer loop
      vertex 85.5 76 1.5
      vertex 48.78 65 1.5
      vertex 50.2189 64.9529 1.5
    endloop
  endfacet
  facet normal -0 0 1
    outer loop
      vertex 8.5 76 1.5
      vertex 48.78 65 1.5
      vertex 85.5 76 1.5
    endloop
  endfacet
  facet normal 0 0 1
    outer loop
      vertex 48.78 65 1.5
      vertex 8.5 76 1.5
      vertex 47.3411 64.9529 1.5
    endloop
  endfacet
  facet normal 0 0 1
    outer loop
      vertex 47.3411 64.9529 1.5
      vertex 8.5 76 1.5
      vertex 45.9084 64.8118 1.5
    endloop
  endfacet
  facet normal 0 0 1
    outer loop
      vertex 45.9084 64.8118 1.5
      vertex 8.5 76 1.5
      vertex 44.488 64.5773 1.5
    endloop
  endfacet
  facet normal 0 0 1
    outer loop
      vertex 0 67.5 1.5
      vertex 26.78 43 1.5
      vertex 26.8271 44.4389 1.5
    endloop
  endfacet
  facet normal 0 0 1
    outer loop
      vertex 0 67.5 1.5
      vertex 26.8271 44.4389 1.5
      vertex 26.9682 45.8716 1.5
    endloop
  endfacet
  facet normal 0 0 1
    outer loop
      vertex 0 67.5 1.5
      vertex 26.9682 45.8716 1.5
      vertex 27.2027 47.292 1.5
    endloop
  endfacet
  facet normal 0 0 1
    outer loop
      vertex 0 67.5 1.5
      vertex 27.2027 47.292 1.5
      vertex 27.5296 48.694 1.5
    endloop
  endfacet
  facet normal 0 0 1
    outer loop
      vertex 0 67.5 1.5
      vertex 27.5296 48.694 1.5
      vertex 27.9475 50.0717 1.5
    endloop
  endfacet
  facet normal 0 0 1
    outer loop
      vertex 0 67.5 1.5
      vertex 27.9475 50.0717 1.5
      vertex 28.4547 51.419 1.5
    endloop
  endfacet
  facet normal 0 0 1
    outer loop
      vertex 26.78 43 1.5
      vertex 9.59229 6.23545 1.5
      vertex 9.6 6 1.5
    endloop
  endfacet
  facet normal 0 0 1
    outer loop
      vertex 26.78 43 1.5
      vertex 9.5692 6.46989 1.5
      vertex 9.59229 6.23545 1.5
    endloop
  endfacet
  facet normal 0 0 1
    outer loop
      vertex 26.78 43 1.5
      vertex 9.53083 6.70232 1.5
      vertex 9.5692 6.46989 1.5
    endloop
  endfacet
  facet normal 0 0 1
    outer loop
      vertex 26.78 43 1.5
      vertex 9.47733 6.93175 1.5
      vertex 9.53083 6.70232 1.5
    endloop
  endfacet
  facet normal 0 0 1
    outer loop
      vertex 26.78 43 1.5
      vertex 9.40895 7.15718 1.5
      vertex 9.47733 6.93175 1.5
    endloop
  endfacet
  facet normal 0 0 1
    outer loop
      vertex 26.78 43 1.5
      vertex 9.32597 7.37766 1.5
      vertex 9.40895 7.15718 1.5
    endloop
  endfacet
  facet normal 0 0 1
    outer loop
      vertex 26.78 43 1.5
      vertex 9.22874 7.59224 1.5
      vertex 9.32597 7.37766 1.5
    endloop
  endfacet
  facet normal 0 0 1
    outer loop
      vertex 26.78 43 1.5
      vertex 9.11769 7.8 1.5
      vertex 9.22874 7.59224 1.5
    endloop
  endfacet
  facet normal 0 0 1
    outer loop
      vertex 26.78 43 1.5
      vertex 8.99329 8.00005 1.5
      vertex 9.11769 7.8 1.5
    endloop
  endfacet
  facet normal 0 0 1
    outer loop
      vertex 26.78 43 1.5
      vertex 8.85607 8.19154 1.5
      vertex 8.99329 8.00005 1.5
    endloop
  endfacet
  facet normal 0 0 1
    outer loop
      vertex 0 67.5 1.5
      vertex 28.4547 51.419 1.5
      vertex 29.0488 52.7304 1.5
    endloop
  endfacet
  facet normal 0 0 1
    outer loop
      vertex 26.78 43 1.5
      vertex 8.70662 8.37364 1.5
      vertex 8.85607 8.19154 1.5
    endloop
  endfacet
  facet normal 0 0 1
    outer loop
      vertex 26.78 43 1.5
      vertex 8.54558 8.54558 1.5
      vertex 8.70662 8.37364 1.5
    endloop
  endfacet
  facet normal 0 0 1
    outer loop
      vertex 44.488 64.5773 1.5
      vertex 8.5 76 1.5
      vertex 43.086 64.2504 1.5
    endloop
  endfacet
  facet normal 0 0 1
    outer loop
      vertex 8.5 76 1.5
      vertex 41.7083 63.8325 1.5
      vertex 43.086 64.2504 1.5
    endloop
  endfacet
  facet normal 0 0 1
    outer loop
      vertex 8.5 76 1.5
      vertex 40.361 63.3253 1.5
      vertex 41.7083 63.8325 1.5
    endloop
  endfacet
  facet normal 0 0 1
    outer loop
      vertex 8.5 76 1.5
      vertex 39.0496 62.7312 1.5
      vertex 40.361 63.3253 1.5
    endloop
  endfacet
  facet normal 0 0 1
    outer loop
      vertex 8.5 76 1.5
      vertex 37.78 62.0526 1.5
      vertex 39.0496 62.7312 1.5
    endloop
  endfacet
  facet normal 0 0 1
    outer loop
      vertex 8.5 76 1.5
      vertex 36.5575 61.2923 1.5
      vertex 37.78 62.0526 1.5
    endloop
  endfacet
  facet normal 0 0 1
    outer loop
      vertex 8.5 76 1.5
      vertex 35.3872 60.4538 1.5
      vertex 36.5575 61.2923 1.5
    endloop
  endfacet
  facet normal 0 0 1
    outer loop
      vertex 8.5 76 1.5
      vertex 34.2744 59.5405 1.5
      vertex 35.3872 60.4538 1.5
    endloop
  endfacet
  facet normal 0 0 1
    outer loop
      vertex 8.5 76 1.5
      vertex 33.2237 58.5564 1.5
      vertex 34.2744 59.5405 1.5
    endloop
  endfacet
  facet normal 0 0 1
    outer loop
      vertex 8.5 76 1.5
      vertex 32.2395 57.5056 1.5
      vertex 33.2237 58.5564 1.5
    endloop
  endfacet
  facet normal 0 0 1
    outer loop
      vertex 8.5 76 1.5
      vertex 31.3262 56.3927 1.5
      vertex 32.2395 57.5056 1.5
    endloop
  endfacet
  facet normal 0 0 1
    outer loop
      vertex 8.5 76 1.5
      vertex 30.4877 55.2225 1.5
      vertex 31.3262 56.3927 1.5
    endloop
  endfacet
  facet normal 0 0 1
    outer loop
      vertex 8.5 76 1.5
      vertex 29.7274 54 1.5
      vertex 30.4877 55.2225 1.5
    endloop
  endfacet
  facet normal 0 0 1
    outer loop
      vertex 8.5 76 1.5
      vertex 29.0488 52.7304 1.5
      vertex 29.7274 54 1.5
    endloop
  endfacet
  facet normal -0 0 1
    outer loop
      vertex 0 67.5 1.5
      vertex 29.0488 52.7304 1.5
      vertex 8.5 76 1.5
    endloop
  endfacet
  facet normal 0 0 1
    outer loop
      vertex 26.78 43 1.5
      vertex 8.37364 8.70662 1.5
      vertex 8.54558 8.54558 1.5
    endloop
  endfacet
  facet normal 0 0 1
    outer loop
      vertex 26.78 43 1.5
      vertex 8.19154 8.85607 1.5
      vertex 8.37364 8.70662 1.5
    endloop
  endfacet
  facet normal 0 0 1
    outer loop
      vertex 26.78 43 1.5
      vertex 0 67.5 1.5
      vertex 5.06825 9.47733 1.5
    endloop
  endfacet
  facet normal 0 0 1
    outer loop
      vertex 0 67.5 1.5
      vertex 8.5 76 1.5
      vertex 7.94407 75.9818 1.5
    endloop
  endfacet
  facet normal 0 0 1
    outer loop
      vertex 26.78 43 1.5
      vertex 8.00005 8.99329 1.5
      vertex 8.19154 8.85607 1.5
    endloop
  endfacet
  facet normal 0 0 1
    outer loop
      vertex 26.78 43 1.5
      vertex 7.8 9.11769 1.5
      vertex 8.00005 8.99329 1.5
    endloop
  endfacet
  facet normal 0 0 1
    outer loop
      vertex 0 67.5 1.5
      vertex 7.94407 75.9818 1.5
      vertex 7.39053 75.9273 1.5
    endloop
  endfacet
  facet normal 0 0 1
    outer loop
      vertex 26.78 43 1.5
      vertex 7.59224 9.22874 1.5
      vertex 7.8 9.11769 1.5
    endloop
  endfacet
  facet normal 0 0 1
    outer loop
      vertex 26.78 43 1.5
      vertex 7.37766 9.32597 1.5
      vertex 7.59224 9.22874 1.5
    endloop
  endfacet
  facet normal 0 0 1
    outer loop
      vertex 26.78 43 1.5
      vertex 7.15718 9.40895 1.5
      vertex 7.37766 9.32597 1.5
    endloop
  endfacet
  facet normal 0 0 1
    outer loop
      vertex 0 67.5 1.5
      vertex 7.39053 75.9273 1.5
      vertex 6.84173 75.8367 1.5
    endloop
  endfacet
  facet normal 0 0 1
    outer loop
      vertex 26.78 43 1.5
      vertex 6.93175 9.47733 1.5
      vertex 7.15718 9.40895 1.5
    endloop
  endfacet
  facet normal 0 0 1
    outer loop
      vertex 26.78 43 1.5
      vertex 6.70232 9.53083 1.5
      vertex 6.93175 9.47733 1.5
    endloop
  endfacet
  facet normal 0 0 1
    outer loop
      vertex 0 67.5 1.5
      vertex 6.84173 75.8367 1.5
      vertex 6.30004 75.7104 1.5
    endloop
  endfacet
  facet normal 0 0 1
    outer loop
      vertex 26.78 43 1.5
      vertex 6.46989 9.5692 1.5
      vertex 6.70232 9.53083 1.5
    endloop
  endfacet
  facet normal 0 0 1
    outer loop
      vertex 26.78 43 1.5
      vertex 6.23545 9.59229 1.5
      vertex 6.46989 9.5692 1.5
    endloop
  endfacet
  facet normal 0 0 1
    outer loop
      vertex 0 67.5 1.5
      vertex 6.30004 75.7104 1.5
      vertex 5.76776 75.5489 1.5
    endloop
  endfacet
  facet normal 0 0 1
    outer loop
      vertex 26.78 43 1.5
      vertex 6 9.6 1.5
      vertex 6.23545 9.59229 1.5
    endloop
  endfacet
  facet normal 0 0 1
    outer loop
      vertex 26.78 43 1.5
      vertex 5.76455 9.59229 1.5
      vertex 6 9.6 1.5
    endloop
  endfacet
  facet normal 0 0 1
    outer loop
      vertex 26.78 43 1.5
      vertex 5.53011 9.5692 1.5
      vertex 5.76455 9.59229 1.5
    endloop
  endfacet
  facet normal 0 0 1
    outer loop
      vertex 0 67.5 1.5
      vertex 5.76776 75.5489 1.5
      vertex 5.24719 75.353 1.5
    endloop
  endfacet
  facet normal 0 0 1
    outer loop
      vertex 26.78 43 1.5
      vertex 5.29767 9.53083 1.5
      vertex 5.53011 9.5692 1.5
    endloop
  endfacet
  facet normal 0 0 1
    outer loop
      vertex 26.78 43 1.5
      vertex 5.06825 9.47733 1.5
      vertex 5.29767 9.53083 1.5
    endloop
  endfacet
  facet normal 0 0 1
    outer loop
      vertex 0 67.5 1.5
      vertex 5.24719 75.353 1.5
      vertex 4.74055 75.1234 1.5
    endloop
  endfacet
  facet normal 0 0 1
    outer loop
      vertex 0 8.5 1.5
      vertex 5.06825 9.47733 1.5
      vertex 0 67.5 1.5
    endloop
  endfacet
  facet normal 0 0 1
    outer loop
      vertex 5.06825 9.47733 1.5
      vertex 0 8.5 1.5
      vertex 4.84282 9.40895 1.5
    endloop
  endfacet
  facet normal 0 0 1
    outer loop
      vertex 0 67.5 1.5
      vertex 4.74055 75.1234 1.5
      vertex 4.25 74.8612 1.5
    endloop
  endfacet
  facet normal 0 0 1
    outer loop
      vertex 4.84282 9.40895 1.5
      vertex 0 8.5 1.5
      vertex 4.62234 9.32597 1.5
    endloop
  endfacet
  facet normal 0 0 1
    outer loop
      vertex 4.62234 9.32597 1.5
      vertex 0 8.5 1.5
      vertex 4.40776 9.22874 1.5
    endloop
  endfacet
  facet normal 0 0 1
    outer loop
      vertex 4.40776 9.22874 1.5
      vertex 0 8.5 1.5
      vertex 4.2 9.11769 1.5
    endloop
  endfacet
  facet normal 0 0 1
    outer loop
      vertex 0 67.5 1.5
      vertex 4.25 74.8612 1.5
      vertex 3.77765 74.5675 1.5
    endloop
  endfacet
  facet normal 0 0 1
    outer loop
      vertex 4.2 9.11769 1.5
      vertex 0 8.5 1.5
      vertex 3.99995 8.99329 1.5
    endloop
  endfacet
  facet normal 0 0 1
    outer loop
      vertex 3.99995 8.99329 1.5
      vertex 0 8.5 1.5
      vertex 3.80846 8.85607 1.5
    endloop
  endfacet
  facet normal 0 0 1
    outer loop
      vertex 0 67.5 1.5
      vertex 3.77765 74.5675 1.5
      vertex 3.32553 74.2435 1.5
    endloop
  endfacet
  facet normal 0 0 1
    outer loop
      vertex 3.80846 8.85607 1.5
      vertex 0 8.5 1.5
      vertex 3.62635 8.70662 1.5
    endloop
  endfacet
  facet normal 0 0 1
    outer loop
      vertex 3.62635 8.70662 1.5
      vertex 0 8.5 1.5
      vertex 3.45442 8.54558 1.5
    endloop
  endfacet
  facet normal 0 0 1
    outer loop
      vertex 3.45442 8.54558 1.5
      vertex 0 8.5 1.5
      vertex 3.29338 8.37364 1.5
    endloop
  endfacet
  facet normal 0 0 1
    outer loop
      vertex 0 67.5 1.5
      vertex 3.32553 74.2435 1.5
      vertex 2.89556 73.8906 1.5
    endloop
  endfacet
  facet normal 0 0 1
    outer loop
      vertex 3.29338 8.37364 1.5
      vertex 0 8.5 1.5
      vertex 3.14393 8.19154 1.5
    endloop
  endfacet
  facet normal 0 0 1
    outer loop
      vertex 3.14393 8.19154 1.5
      vertex 0 8.5 1.5
      vertex 3.00671 8.00005 1.5
    endloop
  endfacet
  facet normal 0 0 1
    outer loop
      vertex 3.00671 8.00005 1.5
      vertex 0 8.5 1.5
      vertex 2.88231 7.8 1.5
    endloop
  endfacet
  facet normal 0 0 1
    outer loop
      vertex 2.88231 7.8 1.5
      vertex 0 8.5 1.5
      vertex 2.77126 7.59224 1.5
    endloop
  endfacet
  facet normal -0 -0 1
    outer loop
      vertex 0.018199 7.94407 1.5
      vertex 2.77126 7.59224 1.5
      vertex 0 8.5 1.5
    endloop
  endfacet
  facet normal 0 0 1
    outer loop
      vertex 0 67.5 1.5
      vertex 2.89556 73.8906 1.5
      vertex 2.48959 73.5104 1.5
    endloop
  endfacet
  facet normal 0 0 1
    outer loop
      vertex 2.77126 7.59224 1.5
      vertex 0.018199 7.94407 1.5
      vertex 2.67403 7.37766 1.5
    endloop
  endfacet
  facet normal -0 -0 1
    outer loop
      vertex 0.0727186 7.39053 1.5
      vertex 2.67403 7.37766 1.5
      vertex 0.018199 7.94407 1.5
    endloop
  endfacet
  facet normal 0 0 1
    outer loop
      vertex 2.67403 7.37766 1.5
      vertex 0.0727186 7.39053 1.5
      vertex 2.59105 7.15718 1.5
    endloop
  endfacet
  facet normal 0 0 1
    outer loop
      vertex 2.59105 7.15718 1.5
      vertex 0.0727186 7.39053 1.5
      vertex 2.52267 6.93175 1.5
    endloop
  endfacet
  facet normal 0 0 1
    outer loop
      vertex 0 67.5 1.5
      vertex 2.48959 73.5104 1.5
      vertex 2.10936 73.1044 1.5
    endloop
  endfacet
  facet normal 0 0 1
    outer loop
      vertex 93.7104 69.7 1.5
      vertex 91.5692 69.5301 1.5
      vertex 91.5308 69.2977 1.5
    endloop
  endfacet
  facet normal 0 0 1
    outer loop
      vertex 93.9273 68.6095 1.5
      vertex 91.4773 69.0683 1.5
      vertex 91.409 68.8428 1.5
    endloop
  endfacet
  facet normal -0 0 1
    outer loop
      vertex 88.4208 18.625 1.5
      vertex 94 8.5 1.5
      vertex 88.4986 18.75 1.5
    endloop
  endfacet
  facet normal -0 0 1
    outer loop
      vertex 88.2416 18.3915 1.5
      vertex 94 8.5 1.5
      vertex 88.335 18.5053 1.5
    endloop
  endfacet
  facet normal -0 0 1
    outer loop
      vertex 88.335 18.5053 1.5
      vertex 94 8.5 1.5
      vertex 88.4208 18.625 1.5
    endloop
  endfacet
  facet normal 0 0 1
    outer loop
      vertex 93.9273 68.6095 1.5
      vertex 91.409 68.8428 1.5
      vertex 91.326 68.6223 1.5
    endloop
  endfacet
  facet normal 0 0 1
    outer loop
      vertex 93.9818 68.0559 1.5
      vertex 91.326 68.6223 1.5
      vertex 91.2287 68.4078 1.5
    endloop
  endfacet
  facet normal 0 0 1
    outer loop
      vertex 94 67.5 1.5
      vertex 91.2287 68.4078 1.5
      vertex 91.1177 68.2 1.5
    endloop
  endfacet
  facet normal 0 0 1
    outer loop
      vertex 94 67.5 1.5
      vertex 91.1177 68.2 1.5
      vertex 90.9933 67.9999 1.5
    endloop
  endfacet
  facet normal -0 0 1
    outer loop
      vertex 88.141 18.284 1.5
      vertex 94 8.5 1.5
      vertex 88.2416 18.3915 1.5
    endloop
  endfacet
  facet normal 0 0 1
    outer loop
      vertex 94 67.5 1.5
      vertex 90.9933 67.9999 1.5
      vertex 90.8561 67.8085 1.5
    endloop
  endfacet
  facet normal 0 0 1
    outer loop
      vertex 94 67.5 1.5
      vertex 90.8561 67.8085 1.5
      vertex 90.7066 67.6264 1.5
    endloop
  endfacet
  facet normal 0 0 1
    outer loop
      vertex 94 67.5 1.5
      vertex 90.7066 67.6264 1.5
      vertex 90.5456 67.4544 1.5
    endloop
  endfacet
  facet normal -0 0 1
    outer loop
      vertex 88.0335 18.1834 1.5
      vertex 94 8.5 1.5
      vertex 88.141 18.284 1.5
    endloop
  endfacet
  facet normal 0 0 1
    outer loop
      vertex 94 67.5 1.5
      vertex 90.5456 67.4544 1.5
      vertex 90.3736 67.2934 1.5
    endloop
  endfacet
  facet normal 0 0 1
    outer loop
      vertex 94 67.5 1.5
      vertex 90.3736 67.2934 1.5
      vertex 90.1915 67.1439 1.5
    endloop
  endfacet
  facet normal -0 0 1
    outer loop
      vertex 87.9197 18.09 1.5
      vertex 94 8.5 1.5
      vertex 88.0335 18.1834 1.5
    endloop
  endfacet
  facet normal 0 0 1
    outer loop
      vertex 94 67.5 1.5
      vertex 90.1915 67.1439 1.5
      vertex 90.0001 67.0067 1.5
    endloop
  endfacet
  facet normal 0 0 1
    outer loop
      vertex 94 67.5 1.5
      vertex 90.0001 67.0067 1.5
      vertex 89.8 66.8823 1.5
    endloop
  endfacet
  facet normal 0 0 1
    outer loop
      vertex 94 67.5 1.5
      vertex 89.8 66.8823 1.5
      vertex 89.5922 66.7713 1.5
    endloop
  endfacet
  facet normal -0 0 1
    outer loop
      vertex 87.8 18.0042 1.5
      vertex 94 8.5 1.5
      vertex 87.9197 18.09 1.5
    endloop
  endfacet
  facet normal 0 0 1
    outer loop
      vertex 94 67.5 1.5
      vertex 89.5922 66.7713 1.5
      vertex 89.3777 66.674 1.5
    endloop
  endfacet
  facet normal 0 0 1
    outer loop
      vertex 89.1572 66.591 1.5
      vertex 94 67.5 1.5
      vertex 89.3777 66.674 1.5
    endloop
  endfacet
  facet normal -0 0 1
    outer loop
      vertex 87.675 17.9264 1.5
      vertex 94 8.5 1.5
      vertex 87.8 18.0042 1.5
    endloop
  endfacet
  facet normal 0 0 1
    outer loop
      vertex 88.7952 20.0222 1.5
      vertex 94 67.5 1.5
      vertex 89.1572 66.591 1.5
    endloop
  endfacet
  facet normal 0 0 1
    outer loop
      vertex 88.6952 32.5222 1.5
      vertex 89.1572 66.591 1.5
      vertex 88.9317 66.5227 1.5
    endloop
  endfacet
  facet normal -0 0 1
    outer loop
      vertex 87.5452 17.857 1.5
      vertex 94 8.5 1.5
      vertex 87.675 17.9264 1.5
    endloop
  endfacet
  facet normal -0 0 1
    outer loop
      vertex 87.411 17.7963 1.5
      vertex 94 8.5 1.5
      vertex 87.5452 17.857 1.5
    endloop
  endfacet
  facet normal -0 0 1
    outer loop
      vertex 87.2732 17.7444 1.5
      vertex 94 8.5 1.5
      vertex 87.411 17.7963 1.5
    endloop
  endfacet
  facet normal -0 0 1
    outer loop
      vertex 87.1323 17.7017 1.5
      vertex 94 8.5 1.5
      vertex 87.2732 17.7444 1.5
    endloop
  endfacet
  facet normal -0 0 1
    outer loop
      vertex 86.989 17.6682 1.5
      vertex 94 8.5 1.5
      vertex 87.1323 17.7017 1.5
    endloop
  endfacet
  facet normal -0 0 1
    outer loop
      vertex 86.8437 17.6442 1.5
      vertex 94 8.5 1.5
      vertex 86.989 17.6682 1.5
    endloop
  endfacet
  facet normal -0 0 1
    outer loop
      vertex 86.6972 17.6298 1.5
      vertex 94 8.5 1.5
      vertex 86.8437 17.6442 1.5
    endloop
  endfacet
  facet normal -0 0 1
    outer loop
      vertex 86.55 17.625 1.5
      vertex 94 8.5 1.5
      vertex 86.6972 17.6298 1.5
    endloop
  endfacet
  facet normal 0 0 1
    outer loop
      vertex 86.4028 17.6298 1.5
      vertex 94 8.5 1.5
      vertex 86.55 17.625 1.5
    endloop
  endfacet
  facet normal 0 0 1
    outer loop
      vertex 94 8.5 1.5
      vertex 86.4028 17.6298 1.5
      vertex 93.9818 7.94407 1.5
    endloop
  endfacet
  facet normal 0 0 1
    outer loop
      vertex 93.9818 7.94407 1.5
      vertex 86.4028 17.6298 1.5
      vertex 93.9273 7.39053 1.5
    endloop
  endfacet
  facet normal 0 0 1
    outer loop
      vertex 93.9273 7.39053 1.5
      vertex 86.4028 17.6298 1.5
      vertex 93.8367 6.84173 1.5
    endloop
  endfacet
  facet normal 0 0 1
    outer loop
      vertex 93.8367 6.84173 1.5
      vertex 86.4028 17.6298 1.5
      vertex 93.7104 6.30004 1.5
    endloop
  endfacet
  facet normal 0 0 1
    outer loop
      vertex 93.7104 6.30004 1.5
      vertex 86.4028 17.6298 1.5
      vertex 93.5489 5.76776 1.5
    endloop
  endfacet
  facet normal 0 0 1
    outer loop
      vertex 93.5489 5.76776 1.5
      vertex 86.4028 17.6298 1.5
      vertex 93.353 5.24719 1.5
    endloop
  endfacet
  facet normal 0 0 1
    outer loop
      vertex 93.353 5.24719 1.5
      vertex 86.4028 17.6298 1.5
      vertex 93.1234 4.74055 1.5
    endloop
  endfacet
  facet normal 0 0 1
    outer loop
      vertex 93.1234 4.74055 1.5
      vertex 86.4028 17.6298 1.5
      vertex 92.8612 4.25 1.5
    endloop
  endfacet
  facet normal 0 0 1
    outer loop
      vertex 92.8612 4.25 1.5
      vertex 86.4028 17.6298 1.5
      vertex 92.5675 3.77765 1.5
    endloop
  endfacet
  facet normal 0 0 1
    outer loop
      vertex 92.5675 3.77765 1.5
      vertex 86.4028 17.6298 1.5
      vertex 92.2435 3.32553 1.5
    endloop
  endfacet
  facet normal 0 0 1
    outer loop
      vertex 92.2435 3.32553 1.5
      vertex 86.4028 17.6298 1.5
      vertex 91.8906 2.89556 1.5
    endloop
  endfacet
  facet normal 0 0 1
    outer loop
      vertex 91.8906 2.89556 1.5
      vertex 86.4028 17.6298 1.5
      vertex 91.5104 2.48959 1.5
    endloop
  endfacet
  facet normal 0 0 1
    outer loop
      vertex 91.5104 2.48959 1.5
      vertex 86.4028 17.6298 1.5
      vertex 91.1044 2.10936 1.5
    endloop
  endfacet
  facet normal 0 0 1
    outer loop
      vertex 91.1044 2.10936 1.5
      vertex 86.4028 17.6298 1.5
      vertex 90.6745 1.7565 1.5
    endloop
  endfacet
  facet normal 0 0 1
    outer loop
      vertex 90.6745 1.7565 1.5
      vertex 86.4028 17.6298 1.5
      vertex 90.2223 1.43251 1.5
    endloop
  endfacet
  facet normal 0 0 1
    outer loop
      vertex 90.2223 1.43251 1.5
      vertex 86.4028 17.6298 1.5
      vertex 89.75 1.13878 1.5
    endloop
  endfacet
  facet normal 0 0 1
    outer loop
      vertex 89.75 1.13878 1.5
      vertex 86.4028 17.6298 1.5
      vertex 89.2595 0.876581 1.5
    endloop
  endfacet
  facet normal 0 0 1
    outer loop
      vertex 89.2595 0.876581 1.5
      vertex 86.4028 17.6298 1.5
      vertex 88.7528 0.647023 1.5
    endloop
  endfacet
  facet normal 0 0 1
    outer loop
      vertex 88.7528 0.647023 1.5
      vertex 86.4028 17.6298 1.5
      vertex 88.2322 0.451094 1.5
    endloop
  endfacet
  facet normal 0 0 1
    outer loop
      vertex 88.2322 0.451094 1.5
      vertex 86.4028 17.6298 1.5
      vertex 87.7 0.28963 1.5
    endloop
  endfacet
  facet normal 0 0 1
    outer loop
      vertex 87.7 0.28963 1.5
      vertex 86.4028 17.6298 1.5
      vertex 87.1583 0.163324 1.5
    endloop
  endfacet
  facet normal 0 0 1
    outer loop
      vertex 87.1583 0.163324 1.5
      vertex 86.4028 17.6298 1.5
      vertex 86.6095 0.0727186 1.5
    endloop
  endfacet
  facet normal 0 0 1
    outer loop
      vertex 86.2563 17.6442 1.5
      vertex 86.6095 0.0727186 1.5
      vertex 86.4028 17.6298 1.5
    endloop
  endfacet
  facet normal 0 0 1
    outer loop
      vertex 85.5 0 1.5
      vertex 86.2563 17.6442 1.5
      vertex 86.111 17.6682 1.5
    endloop
  endfacet
  facet normal 0 0 1
    outer loop
      vertex 86.2563 17.6442 1.5
      vertex 86.0559 0.018199 1.5
      vertex 86.6095 0.0727186 1.5
    endloop
  endfacet
  facet normal 0 0 1
    outer loop
      vertex 85.5 0 1.5
      vertex 86.111 17.6682 1.5
      vertex 85.9677 17.7017 1.5
    endloop
  endfacet
  facet normal 0 0 1
    outer loop
      vertex 85.5 0 1.5
      vertex 85.9677 17.7017 1.5
      vertex 85.8268 17.7444 1.5
    endloop
  endfacet
  facet normal 0 0 1
    outer loop
      vertex 85.5 0 1.5
      vertex 85.8268 17.7444 1.5
      vertex 85.689 17.7963 1.5
    endloop
  endfacet
  facet normal 0 0 1
    outer loop
      vertex 85.5 0 1.5
      vertex 85.689 17.7963 1.5
      vertex 85.5548 17.857 1.5
    endloop
  endfacet
  facet normal 0 0 1
    outer loop
      vertex 86.2563 17.6442 1.5
      vertex 85.5 0 1.5
      vertex 86.0559 0.018199 1.5
    endloop
  endfacet
  facet normal 0 0 1
    outer loop
      vertex 85.425 17.9264 1.5
      vertex 85.5 0 1.5
      vertex 85.5548 17.857 1.5
    endloop
  endfacet
  facet normal 0 0 1
    outer loop
      vertex 85.3 18.0042 1.5
      vertex 85.5 0 1.5
      vertex 85.425 17.9264 1.5
    endloop
  endfacet
  facet normal 0 0 1
    outer loop
      vertex 85.1803 18.09 1.5
      vertex 85.5 0 1.5
      vertex 85.3 18.0042 1.5
    endloop
  endfacet
  facet normal 0 0 1
    outer loop
      vertex 85.0665 18.1834 1.5
      vertex 85.5 0 1.5
      vertex 85.1803 18.09 1.5
    endloop
  endfacet
  facet normal 0 0 1
    outer loop
      vertex 84.959 18.284 1.5
      vertex 85.5 0 1.5
      vertex 85.0665 18.1834 1.5
    endloop
  endfacet
  facet normal 0 0 1
    outer loop
      vertex 84.8584 18.3915 1.5
      vertex 85.5 0 1.5
      vertex 84.959 18.284 1.5
    endloop
  endfacet
  facet normal 0 0 1
    outer loop
      vertex 84.765 18.5053 1.5
      vertex 85.5 0 1.5
      vertex 84.8584 18.3915 1.5
    endloop
  endfacet
  facet normal 0 0 1
    outer loop
      vertex 84.6792 18.625 1.5
      vertex 85.5 0 1.5
      vertex 84.765 18.5053 1.5
    endloop
  endfacet
  facet normal 0 0 1
    outer loop
      vertex 59.78 23.9474 1.5
      vertex 84.6792 18.625 1.5
      vertex 84.6014 18.75 1.5
    endloop
  endfacet
  facet normal 0 0 1
    outer loop
      vertex 61.0025 24.7077 1.5
      vertex 84.6014 18.75 1.5
      vertex 84.532 18.8799 1.5
    endloop
  endfacet
  facet normal 0 0 1
    outer loop
      vertex 61.0025 24.7077 1.5
      vertex 84.532 18.8799 1.5
      vertex 84.4713 19.014 1.5
    endloop
  endfacet
  facet normal 0 0 1
    outer loop
      vertex 62.1728 25.5462 1.5
      vertex 84.4713 19.014 1.5
      vertex 84.4194 19.1518 1.5
    endloop
  endfacet
  facet normal 0 0 1
    outer loop
      vertex 62.1728 25.5462 1.5
      vertex 84.4194 19.1518 1.5
      vertex 84.3767 19.2927 1.5
    endloop
  endfacet
  facet normal 0 0 1
    outer loop
      vertex 63.2856 26.4595 1.5
      vertex 84.3767 19.2927 1.5
      vertex 84.3432 19.436 1.5
    endloop
  endfacet
  facet normal 0 0 1
    outer loop
      vertex 63.2856 26.4595 1.5
      vertex 84.3432 19.436 1.5
      vertex 84.3192 19.5813 1.5
    endloop
  endfacet
  facet normal 0 0 1
    outer loop
      vertex 64.3363 27.4437 1.5
      vertex 84.3192 19.5813 1.5
      vertex 84.3048 19.7278 1.5
    endloop
  endfacet
  facet normal 0 0 1
    outer loop
      vertex 68.5112 33.2696 1.5
      vertex 84.2767 31.7927 1.5
      vertex 84.2432 31.936 1.5
    endloop
  endfacet
  facet normal 0 0 1
    outer loop
      vertex 69.1053 34.581 1.5
      vertex 84.2432 31.936 1.5
      vertex 84.2192 32.0813 1.5
    endloop
  endfacet
  facet normal 0 0 1
    outer loop
      vertex 69.1053 34.581 1.5
      vertex 84.2192 32.0813 1.5
      vertex 84.2048 32.2278 1.5
    endloop
  endfacet
  facet normal 0 0 1
    outer loop
      vertex 69.1053 34.581 1.5
      vertex 84.2048 32.2278 1.5
      vertex 84.2 32.375 1.5
    endloop
  endfacet
  facet normal 0 0 1
    outer loop
      vertex 84.2767 32.9573 1.5
      vertex 70.0304 37.306 1.5
      vertex 84.2432 32.814 1.5
    endloop
  endfacet
  facet normal -0 0 1
    outer loop
      vertex 69.6125 35.9283 1.5
      vertex 84.2432 32.814 1.5
      vertex 70.0304 37.306 1.5
    endloop
  endfacet
  facet normal 0 0 1
    outer loop
      vertex 84.2432 32.814 1.5
      vertex 69.6125 35.9283 1.5
      vertex 84.2192 32.6687 1.5
    endloop
  endfacet
  facet normal 0 0 1
    outer loop
      vertex 84.2192 32.6687 1.5
      vertex 69.6125 35.9283 1.5
      vertex 84.2048 32.5222 1.5
    endloop
  endfacet
  facet normal 0 0 1
    outer loop
      vertex 84.2048 32.5222 1.5
      vertex 69.6125 35.9283 1.5
      vertex 84.2 32.375 1.5
    endloop
  endfacet
  facet normal -0 0 1
    outer loop
      vertex 69.1053 34.581 1.5
      vertex 84.2 32.375 1.5
      vertex 69.6125 35.9283 1.5
    endloop
  endfacet
  facet normal 0 0 1
    outer loop
      vertex 84.2432 31.936 1.5
      vertex 69.1053 34.581 1.5
      vertex 68.5112 33.2696 1.5
    endloop
  endfacet
  facet normal 0 0 1
    outer loop
      vertex 84.3194 31.6518 1.5
      vertex 68.5112 33.2696 1.5
      vertex 67.8326 32 1.5
    endloop
  endfacet
  facet normal 0 0 1
    outer loop
      vertex 84.5014 31.25 1.5
      vertex 67.8326 32 1.5
      vertex 67.0723 30.7775 1.5
    endloop
  endfacet
  facet normal 0 0 1
    outer loop
      vertex 84.3432 20.314 1.5
      vertex 65.3205 28.4944 1.5
      vertex 84.3192 20.1687 1.5
    endloop
  endfacet
  facet normal 0 0 1
    outer loop
      vertex 84.3192 20.1687 1.5
      vertex 65.3205 28.4944 1.5
      vertex 84.3048 20.0222 1.5
    endloop
  endfacet
  facet normal 0 0 1
    outer loop
      vertex 84.3048 20.0222 1.5
      vertex 65.3205 28.4944 1.5
      vertex 84.3 19.875 1.5
    endloop
  endfacet
  facet normal -0 0 1
    outer loop
      vertex 64.3363 27.4437 1.5
      vertex 84.3 19.875 1.5
      vertex 65.3205 28.4944 1.5
    endloop
  endfacet
  facet normal 0 0 1
    outer loop
      vertex 84.3 19.875 1.5
      vertex 64.3363 27.4437 1.5
      vertex 84.3048 19.7278 1.5
    endloop
  endfacet
  facet normal 0 0 1
    outer loop
      vertex 84.3192 19.5813 1.5
      vertex 64.3363 27.4437 1.5
      vertex 63.2856 26.4595 1.5
    endloop
  endfacet
  facet normal 0 0 1
    outer loop
      vertex 84.3767 19.2927 1.5
      vertex 63.2856 26.4595 1.5
      vertex 62.1728 25.5462 1.5
    endloop
  endfacet
  facet normal 0 0 1
    outer loop
      vertex 84.4713 19.014 1.5
      vertex 62.1728 25.5462 1.5
      vertex 61.0025 24.7077 1.5
    endloop
  endfacet
  facet normal 0 0 1
    outer loop
      vertex 84.6014 18.75 1.5
      vertex 61.0025 24.7077 1.5
      vertex 59.78 23.9474 1.5
    endloop
  endfacet
  facet normal 0 0 1
    outer loop
      vertex 84.6792 18.625 1.5
      vertex 59.78 23.9474 1.5
      vertex 85.5 0 1.5
    endloop
  endfacet
  facet normal -0 0 1
    outer loop
      vertex 58.5103 23.2688 1.5
      vertex 85.5 0 1.5
      vertex 59.78 23.9474 1.5
    endloop
  endfacet
  facet normal -0 0 1
    outer loop
      vertex 57.199 22.6747 1.5
      vertex 85.5 0 1.5
      vertex 58.5103 23.2688 1.5
    endloop
  endfacet
  facet normal -0 0 1
    outer loop
      vertex 55.8517 22.1675 1.5
      vertex 85.5 0 1.5
      vertex 57.199 22.6747 1.5
    endloop
  endfacet
  facet normal -0 0 1
    outer loop
      vertex 54.474 21.7496 1.5
      vertex 85.5 0 1.5
      vertex 55.8517 22.1675 1.5
    endloop
  endfacet
  facet normal -0 0 1
    outer loop
      vertex 53.072 21.4227 1.5
      vertex 85.5 0 1.5
      vertex 54.474 21.7496 1.5
    endloop
  endfacet
  facet normal -0 0 1
    outer loop
      vertex 51.6516 21.1882 1.5
      vertex 85.5 0 1.5
      vertex 53.072 21.4227 1.5
    endloop
  endfacet
  facet normal -0 0 1
    outer loop
      vertex 50.2189 21.0471 1.5
      vertex 85.5 0 1.5
      vertex 51.6516 21.1882 1.5
    endloop
  endfacet
  facet normal -0 0 1
    outer loop
      vertex 48.78 21 1.5
      vertex 85.5 0 1.5
      vertex 50.2189 21.0471 1.5
    endloop
  endfacet
  facet normal 0 0 1
    outer loop
      vertex 47.3411 21.0471 1.5
      vertex 85.5 0 1.5
      vertex 48.78 21 1.5
    endloop
  endfacet
  facet normal 0 0 1
    outer loop
      vertex 8.5 0 1.5
      vertex 47.3411 21.0471 1.5
      vertex 45.9084 21.1882 1.5
    endloop
  endfacet
  facet normal 0 0 1
    outer loop
      vertex 8.5 0 1.5
      vertex 45.9084 21.1882 1.5
      vertex 44.488 21.4227 1.5
    endloop
  endfacet
  facet normal 0 0 1
    outer loop
      vertex 8.5 0 1.5
      vertex 44.488 21.4227 1.5
      vertex 43.086 21.7496 1.5
    endloop
  endfacet
  facet normal 0 0 1
    outer loop
      vertex 8.5 0 1.5
      vertex 43.086 21.7496 1.5
      vertex 41.7083 22.1675 1.5
    endloop
  endfacet
  facet normal 0 0 1
    outer loop
      vertex 9.53083 5.29767 1.5
      vertex 41.7083 22.1675 1.5
      vertex 40.361 22.6747 1.5
    endloop
  endfacet
  facet normal 0 0 1
    outer loop
      vertex 9.5692 5.53011 1.5
      vertex 40.361 22.6747 1.5
      vertex 39.0496 23.2688 1.5
    endloop
  endfacet
  facet normal 0 0 1
    outer loop
      vertex 9.6 6 1.5
      vertex 26.8271 41.5611 1.5
      vertex 26.78 43 1.5
    endloop
  endfacet
  facet normal 0 0 1
    outer loop
      vertex 9.6 6 1.5
      vertex 26.9682 40.1284 1.5
      vertex 26.8271 41.5611 1.5
    endloop
  endfacet
  facet normal 0 0 1
    outer loop
      vertex 9.6 6 1.5
      vertex 27.2027 38.708 1.5
      vertex 26.9682 40.1284 1.5
    endloop
  endfacet
  facet normal 0 0 1
    outer loop
      vertex 9.6 6 1.5
      vertex 27.5296 37.306 1.5
      vertex 27.2027 38.708 1.5
    endloop
  endfacet
  facet normal 0 0 1
    outer loop
      vertex 9.6 6 1.5
      vertex 27.9475 35.9283 1.5
      vertex 27.5296 37.306 1.5
    endloop
  endfacet
  facet normal 0 0 1
    outer loop
      vertex 9.6 6 1.5
      vertex 28.4547 34.581 1.5
      vertex 27.9475 35.9283 1.5
    endloop
  endfacet
  facet normal 0 0 1
    outer loop
      vertex 9.6 6 1.5
      vertex 29.0488 33.2696 1.5
      vertex 28.4547 34.581 1.5
    endloop
  endfacet
  facet normal 0 0 1
    outer loop
      vertex 9.6 6 1.5
      vertex 29.7274 32 1.5
      vertex 29.0488 33.2696 1.5
    endloop
  endfacet
  facet normal 0 0 1
    outer loop
      vertex 9.6 6 1.5
      vertex 30.4877 30.7775 1.5
      vertex 29.7274 32 1.5
    endloop
  endfacet
  facet normal 0 0 1
    outer loop
      vertex 9.6 6 1.5
      vertex 31.3262 29.6073 1.5
      vertex 30.4877 30.7775 1.5
    endloop
  endfacet
  facet normal 0 0 1
    outer loop
      vertex 9.6 6 1.5
      vertex 32.2395 28.4944 1.5
      vertex 31.3262 29.6073 1.5
    endloop
  endfacet
  facet normal 0 0 1
    outer loop
      vertex 9.6 6 1.5
      vertex 33.2237 27.4437 1.5
      vertex 32.2395 28.4944 1.5
    endloop
  endfacet
  facet normal 0 0 1
    outer loop
      vertex 9.6 6 1.5
      vertex 34.2744 26.4595 1.5
      vertex 33.2237 27.4437 1.5
    endloop
  endfacet
  facet normal 0 0 1
    outer loop
      vertex 9.6 6 1.5
      vertex 35.3872 25.5462 1.5
      vertex 34.2744 26.4595 1.5
    endloop
  endfacet
  facet normal 0 0 1
    outer loop
      vertex 9.6 6 1.5
      vertex 36.5575 24.7077 1.5
      vertex 35.3872 25.5462 1.5
    endloop
  endfacet
  facet normal 0 0 1
    outer loop
      vertex 9.6 6 1.5
      vertex 37.78 23.9474 1.5
      vertex 36.5575 24.7077 1.5
    endloop
  endfacet
  facet normal 0 0 1
    outer loop
      vertex 9.6 6 1.5
      vertex 39.0496 23.2688 1.5
      vertex 37.78 23.9474 1.5
    endloop
  endfacet
  facet normal 0 0 1
    outer loop
      vertex 9.59229 5.76455 1.5
      vertex 39.0496 23.2688 1.5
      vertex 9.6 6 1.5
    endloop
  endfacet
  facet normal 0 0 1
    outer loop
      vertex 9.5692 5.53011 1.5
      vertex 39.0496 23.2688 1.5
      vertex 9.59229 5.76455 1.5
    endloop
  endfacet
  facet normal 0 0 1
    outer loop
      vertex 40.361 22.6747 1.5
      vertex 9.5692 5.53011 1.5
      vertex 9.53083 5.29767 1.5
    endloop
  endfacet
  facet normal 0 0 1
    outer loop
      vertex 41.7083 22.1675 1.5
      vertex 9.53083 5.29767 1.5
      vertex 9.47733 5.06825 1.5
    endloop
  endfacet
  facet normal 0 0 1
    outer loop
      vertex 41.7083 22.1675 1.5
      vertex 9.47733 5.06825 1.5
      vertex 8.5 0 1.5
    endloop
  endfacet
  facet normal 0 0 1
    outer loop
      vertex 8.5 0 1.5
      vertex 9.47733 5.06825 1.5
      vertex 9.40895 4.84282 1.5
    endloop
  endfacet
  facet normal 0 0 1
    outer loop
      vertex 8.5 0 1.5
      vertex 9.40895 4.84282 1.5
      vertex 9.32597 4.62234 1.5
    endloop
  endfacet
  facet normal 0 0 1
    outer loop
      vertex 8.5 0 1.5
      vertex 9.32597 4.62234 1.5
      vertex 9.22874 4.40776 1.5
    endloop
  endfacet
  facet normal 0 0 1
    outer loop
      vertex 8.5 0 1.5
      vertex 9.22874 4.40776 1.5
      vertex 9.11769 4.2 1.5
    endloop
  endfacet
  facet normal 0 0 1
    outer loop
      vertex 8.5 0 1.5
      vertex 9.11769 4.2 1.5
      vertex 8.99329 3.99995 1.5
    endloop
  endfacet
  facet normal 0 0 1
    outer loop
      vertex 8.5 0 1.5
      vertex 8.99329 3.99995 1.5
      vertex 8.85607 3.80846 1.5
    endloop
  endfacet
  facet normal 0 0 1
    outer loop
      vertex 8.5 0 1.5
      vertex 8.85607 3.80846 1.5
      vertex 8.70662 3.62635 1.5
    endloop
  endfacet
  facet normal 0 0 1
    outer loop
      vertex 8.5 0 1.5
      vertex 8.70662 3.62635 1.5
      vertex 8.54558 3.45442 1.5
    endloop
  endfacet
  facet normal 0 0 1
    outer loop
      vertex 47.3411 21.0471 1.5
      vertex 8.5 0 1.5
      vertex 85.5 0 1.5
    endloop
  endfacet
  facet normal -0 0 1
    outer loop
      vertex 8.37364 3.29338 1.5
      vertex 8.5 0 1.5
      vertex 8.54558 3.45442 1.5
    endloop
  endfacet
  facet normal -0 0 1
    outer loop
      vertex 8.19154 3.14393 1.5
      vertex 8.5 0 1.5
      vertex 8.37364 3.29338 1.5
    endloop
  endfacet
  facet normal -0 0 1
    outer loop
      vertex 8.00005 3.00671 1.5
      vertex 8.5 0 1.5
      vertex 8.19154 3.14393 1.5
    endloop
  endfacet
  facet normal -0 0 1
    outer loop
      vertex 7.8 2.88231 1.5
      vertex 8.5 0 1.5
      vertex 8.00005 3.00671 1.5
    endloop
  endfacet
  facet normal -0 0 1
    outer loop
      vertex 7.59224 2.77126 1.5
      vertex 8.5 0 1.5
      vertex 7.8 2.88231 1.5
    endloop
  endfacet
  facet normal 0 0 1
    outer loop
      vertex 8.5 0 1.5
      vertex 7.59224 2.77126 1.5
      vertex 7.94407 0.018199 1.5
    endloop
  endfacet
  facet normal -0 0 1
    outer loop
      vertex 7.37766 2.67403 1.5
      vertex 7.94407 0.018199 1.5
      vertex 7.59224 2.77126 1.5
    endloop
  endfacet
  facet normal 0 0 1
    outer loop
      vertex 7.94407 0.018199 1.5
      vertex 7.37766 2.67403 1.5
      vertex 7.39053 0.0727186 1.5
    endloop
  endfacet
  facet normal -0 0 1
    outer loop
      vertex 7.15718 2.59105 1.5
      vertex 7.39053 0.0727186 1.5
      vertex 7.37766 2.67403 1.5
    endloop
  endfacet
  facet normal -0 0 1
    outer loop
      vertex 6.93175 2.52267 1.5
      vertex 7.39053 0.0727186 1.5
      vertex 7.15718 2.59105 1.5
    endloop
  endfacet
  facet normal 0 0 1
    outer loop
      vertex 6.93175 2.52267 1.5
      vertex 6.84173 0.163324 1.5
      vertex 7.39053 0.0727186 1.5
    endloop
  endfacet
  facet normal -0 0 1
    outer loop
      vertex 6.70232 2.46917 1.5
      vertex 6.84173 0.163324 1.5
      vertex 6.93175 2.52267 1.5
    endloop
  endfacet
  facet normal 0 0 1
    outer loop
      vertex 6.30004 0.28963 1.5
      vertex 6.70232 2.46917 1.5
      vertex 6.46989 2.4308 1.5
    endloop
  endfacet
  facet normal 0 0 1
    outer loop
      vertex 6.70232 2.46917 1.5
      vertex 6.30004 0.28963 1.5
      vertex 6.84173 0.163324 1.5
    endloop
  endfacet
  facet normal -0 0 1
    outer loop
      vertex 6.23545 2.40771 1.5
      vertex 6.30004 0.28963 1.5
      vertex 6.46989 2.4308 1.5
    endloop
  endfacet
  facet normal 0 0 1
    outer loop
      vertex 5.76776 0.451094 1.5
      vertex 6.23545 2.40771 1.5
      vertex 6 2.4 1.5
    endloop
  endfacet
  facet normal 0 0 1
    outer loop
      vertex 6.23545 2.40771 1.5
      vertex 5.76776 0.451094 1.5
      vertex 6.30004 0.28963 1.5
    endloop
  endfacet
  facet normal 0 0 1
    outer loop
      vertex 5.76455 2.40771 1.5
      vertex 5.76776 0.451094 1.5
      vertex 6 2.4 1.5
    endloop
  endfacet
  facet normal 0 0 1
    outer loop
      vertex 5.24719 0.647023 1.5
      vertex 5.76455 2.40771 1.5
      vertex 5.53011 2.4308 1.5
    endloop
  endfacet
  facet normal 0 0 1
    outer loop
      vertex 4.74055 0.876581 1.5
      vertex 5.53011 2.4308 1.5
      vertex 5.29767 2.46917 1.5
    endloop
  endfacet
  facet normal 0 0 1
    outer loop
      vertex 5.76455 2.40771 1.5
      vertex 5.24719 0.647023 1.5
      vertex 5.76776 0.451094 1.5
    endloop
  endfacet
  facet normal 0 0 1
    outer loop
      vertex 4.74055 0.876581 1.5
      vertex 5.29767 2.46917 1.5
      vertex 5.06825 2.52267 1.5
    endloop
  endfacet
  facet normal 0 0 1
    outer loop
      vertex 4.25 1.13878 1.5
      vertex 5.06825 2.52267 1.5
      vertex 4.84282 2.59105 1.5
    endloop
  endfacet
  facet normal 0 0 1
    outer loop
      vertex 5.53011 2.4308 1.5
      vertex 4.74055 0.876581 1.5
      vertex 5.24719 0.647023 1.5
    endloop
  endfacet
  facet normal 0 0 1
    outer loop
      vertex 4.25 1.13878 1.5
      vertex 4.84282 2.59105 1.5
      vertex 4.62234 2.67403 1.5
    endloop
  endfacet
  facet normal 0 0 1
    outer loop
      vertex 3.77765 1.43251 1.5
      vertex 4.62234 2.67403 1.5
      vertex 4.40776 2.77126 1.5
    endloop
  endfacet
  facet normal 0 0 1
    outer loop
      vertex 5.06825 2.52267 1.5
      vertex 4.25 1.13878 1.5
      vertex 4.74055 0.876581 1.5
    endloop
  endfacet
  facet normal 0 0 1
    outer loop
      vertex 3.32553 1.7565 1.5
      vertex 4.40776 2.77126 1.5
      vertex 4.2 2.88231 1.5
    endloop
  endfacet
  facet normal 0 0 1
    outer loop
      vertex 3.32553 1.7565 1.5
      vertex 4.2 2.88231 1.5
      vertex 3.99995 3.00671 1.5
    endloop
  endfacet
  facet normal 0 0 1
    outer loop
      vertex 2.89556 2.10936 1.5
      vertex 3.99995 3.00671 1.5
      vertex 3.80846 3.14393 1.5
    endloop
  endfacet
  facet normal 0 0 1
    outer loop
      vertex 4.62234 2.67403 1.5
      vertex 3.77765 1.43251 1.5
      vertex 4.25 1.13878 1.5
    endloop
  endfacet
  facet normal 0 0 1
    outer loop
      vertex 2.89556 2.10936 1.5
      vertex 3.80846 3.14393 1.5
      vertex 3.62635 3.29338 1.5
    endloop
  endfacet
  facet normal 0 0 1
    outer loop
      vertex 2.48959 2.48959 1.5
      vertex 3.62635 3.29338 1.5
      vertex 3.45442 3.45442 1.5
    endloop
  endfacet
  facet normal 0 0 1
    outer loop
      vertex 4.40776 2.77126 1.5
      vertex 3.32553 1.7565 1.5
      vertex 3.77765 1.43251 1.5
    endloop
  endfacet
  facet normal 0 0 1
    outer loop
      vertex 2.48959 2.48959 1.5
      vertex 3.45442 3.45442 1.5
      vertex 3.29338 3.62635 1.5
    endloop
  endfacet
  facet normal 0 0 1
    outer loop
      vertex 2.10936 2.89556 1.5
      vertex 3.29338 3.62635 1.5
      vertex 3.14393 3.80846 1.5
    endloop
  endfacet
  facet normal 0 0 1
    outer loop
      vertex 2.10936 2.89556 1.5
      vertex 3.14393 3.80846 1.5
      vertex 3.00671 3.99995 1.5
    endloop
  endfacet
  facet normal 0 0 1
    outer loop
      vertex 3.99995 3.00671 1.5
      vertex 2.89556 2.10936 1.5
      vertex 3.32553 1.7565 1.5
    endloop
  endfacet
  facet normal 0 0 1
    outer loop
      vertex 1.7565 3.32553 1.5
      vertex 3.00671 3.99995 1.5
      vertex 2.88231 4.2 1.5
    endloop
  endfacet
  facet normal 0 0 1
    outer loop
      vertex 1.7565 3.32553 1.5
      vertex 2.88231 4.2 1.5
      vertex 2.77126 4.40776 1.5
    endloop
  endfacet
  facet normal 0 0 1
    outer loop
      vertex 1.43251 3.77765 1.5
      vertex 2.77126 4.40776 1.5
      vertex 2.67403 4.62234 1.5
    endloop
  endfacet
  facet normal 0 0 1
    outer loop
      vertex 1.13878 4.25 1.5
      vertex 2.67403 4.62234 1.5
      vertex 2.59105 4.84282 1.5
    endloop
  endfacet
  facet normal 0 0 1
    outer loop
      vertex 1.13878 4.25 1.5
      vertex 2.59105 4.84282 1.5
      vertex 2.52267 5.06825 1.5
    endloop
  endfacet
  facet normal 0 0 1
    outer loop
      vertex 3.62635 3.29338 1.5
      vertex 2.48959 2.48959 1.5
      vertex 2.89556 2.10936 1.5
    endloop
  endfacet
  facet normal 0 0 1
    outer loop
      vertex 0.876581 4.74055 1.5
      vertex 2.52267 5.06825 1.5
      vertex 2.46917 5.29767 1.5
    endloop
  endfacet
  facet normal 0 0 1
    outer loop
      vertex 0.876581 4.74055 1.5
      vertex 2.46917 5.29767 1.5
      vertex 2.4308 5.53011 1.5
    endloop
  endfacet
  facet normal 0 0 1
    outer loop
      vertex 0.647023 5.24719 1.5
      vertex 2.4308 5.53011 1.5
      vertex 2.40771 5.76455 1.5
    endloop
  endfacet
  facet normal -0 0 1
    outer loop
      vertex 0.451094 5.76776 1.5
      vertex 2.40771 5.76455 1.5
      vertex 2.4 6 1.5
    endloop
  endfacet
  facet normal 0 0 1
    outer loop
      vertex 3.29338 3.62635 1.5
      vertex 2.10936 2.89556 1.5
      vertex 2.48959 2.48959 1.5
    endloop
  endfacet
  facet normal 0 -0 1
    outer loop
      vertex 0.163324 6.84173 1.5
      vertex 2.52267 6.93175 1.5
      vertex 0.0727186 7.39053 1.5
    endloop
  endfacet
  facet normal 0 0 1
    outer loop
      vertex 0 67.5 1.5
      vertex 2.10936 73.1044 1.5
      vertex 1.7565 72.6745 1.5
    endloop
  endfacet
  facet normal 0 0 1
    outer loop
      vertex 2.52267 6.93175 1.5
      vertex 0.163324 6.84173 1.5
      vertex 2.46917 6.70232 1.5
    endloop
  endfacet
  facet normal 0 0 1
    outer loop
      vertex 0 67.5 1.5
      vertex 1.7565 72.6745 1.5
      vertex 1.43251 72.2223 1.5
    endloop
  endfacet
  facet normal 0 -0 1
    outer loop
      vertex 0.28963 6.30004 1.5
      vertex 2.46917 6.70232 1.5
      vertex 0.163324 6.84173 1.5
    endloop
  endfacet
  facet normal 0 0 1
    outer loop
      vertex 0 67.5 1.5
      vertex 1.43251 72.2223 1.5
      vertex 1.13878 71.75 1.5
    endloop
  endfacet
  facet normal 0 0 1
    outer loop
      vertex 3.00671 3.99995 1.5
      vertex 1.7565 3.32553 1.5
      vertex 2.10936 2.89556 1.5
    endloop
  endfacet
  facet normal 0 0 1
    outer loop
      vertex 0 67.5 1.5
      vertex 1.13878 71.75 1.5
      vertex 0.876581 71.2595 1.5
    endloop
  endfacet
  facet normal 0 0 1
    outer loop
      vertex 2.77126 4.40776 1.5
      vertex 1.43251 3.77765 1.5
      vertex 1.7565 3.32553 1.5
    endloop
  endfacet
  facet normal 0 0 1
    outer loop
      vertex 0 67.5 1.5
      vertex 0.876581 71.2595 1.5
      vertex 0.647023 70.7528 1.5
    endloop
  endfacet
  facet normal 0 0 1
    outer loop
      vertex 2.67403 4.62234 1.5
      vertex 1.13878 4.25 1.5
      vertex 1.43251 3.77765 1.5
    endloop
  endfacet
  facet normal 0 0 1
    outer loop
      vertex 0 67.5 1.5
      vertex 0.647023 70.7528 1.5
      vertex 0.451094 70.2322 1.5
    endloop
  endfacet
  facet normal 0 0 1
    outer loop
      vertex 2.52267 5.06825 1.5
      vertex 0.876581 4.74055 1.5
      vertex 1.13878 4.25 1.5
    endloop
  endfacet
  facet normal 0 0 1
    outer loop
      vertex 0 67.5 1.5
      vertex 0.451094 70.2322 1.5
      vertex 0.28963 69.7 1.5
    endloop
  endfacet
  facet normal 0 0 1
    outer loop
      vertex 2.4308 5.53011 1.5
      vertex 0.647023 5.24719 1.5
      vertex 0.876581 4.74055 1.5
    endloop
  endfacet
  facet normal 0 0 1
    outer loop
      vertex 0 67.5 1.5
      vertex 0.28963 69.7 1.5
      vertex 0.163324 69.1583 1.5
    endloop
  endfacet
  facet normal 0 0 1
    outer loop
      vertex 2.40771 5.76455 1.5
      vertex 0.451094 5.76776 1.5
      vertex 0.647023 5.24719 1.5
    endloop
  endfacet
  facet normal 0 0 1
    outer loop
      vertex 0 67.5 1.5
      vertex 0.163324 69.1583 1.5
      vertex 0.0727186 68.6095 1.5
    endloop
  endfacet
  facet normal 0 0 1
    outer loop
      vertex 2.40771 6.23545 1.5
      vertex 0.451094 5.76776 1.5
      vertex 2.4 6 1.5
    endloop
  endfacet
  facet normal 0 0 1
    outer loop
      vertex 0 67.5 1.5
      vertex 0.0727186 68.6095 1.5
      vertex 0.018199 68.0559 1.5
    endloop
  endfacet
  facet normal 0 -0 1
    outer loop
      vertex 0.451094 5.76776 1.5
      vertex 2.40771 6.23545 1.5
      vertex 0.28963 6.30004 1.5
    endloop
  endfacet
  facet normal 0 0 1
    outer loop
      vertex 2.4308 6.46989 1.5
      vertex 0.28963 6.30004 1.5
      vertex 2.40771 6.23545 1.5
    endloop
  endfacet
  facet normal 0 0 1
    outer loop
      vertex 2.46917 6.70232 1.5
      vertex 0.28963 6.30004 1.5
      vertex 2.4308 6.46989 1.5
    endloop
  endfacet
  facet normal 0.97388 0.227065 0
    outer loop
      vertex 93.8367 69.1583 1.5
      vertex 93.7104 69.7 0
      vertex 93.7104 69.7 1.5
    endloop
  endfacet
  facet normal 0.97388 0.227065 0
    outer loop
      vertex 93.7104 69.7 0
      vertex 93.8367 69.1583 1.5
      vertex 93.8367 69.1583 0
    endloop
  endfacet
  facet normal -0.812842 -0.582484 0
    outer loop
      vertex 1.7565 3.32553 0
      vertex 1.43251 3.77765 1.5
      vertex 1.43251 3.77765 0
    endloop
  endfacet
  facet normal -0.812842 -0.582484 0
    outer loop
      vertex 1.43251 3.77765 1.5
      vertex 1.7565 3.32553 0
      vertex 1.7565 3.32553 1.5
    endloop
  endfacet
  facet normal -0.956941 -0.290282 0
    outer loop
      vertex 0.451094 5.76776 0
      vertex 0.28963 6.30004 1.5
      vertex 0.28963 6.30004 0
    endloop
  endfacet
  facet normal -0.956941 -0.290282 0
    outer loop
      vertex 0.28963 6.30004 1.5
      vertex 0.451094 5.76776 0
      vertex 0.451094 5.76776 1.5
    endloop
  endfacet
  facet normal 0.956923 -0.290342 0
    outer loop
      vertex 93.5489 5.76776 1.5
      vertex 93.7104 6.30004 0
      vertex 93.7104 6.30004 1.5
    endloop
  endfacet
  facet normal 0.956923 -0.290342 0
    outer loop
      vertex 93.7104 6.30004 0
      vertex 93.5489 5.76776 1.5
      vertex 93.5489 5.76776 0
    endloop
  endfacet
  facet normal -0.995186 0.0980078 0
    outer loop
      vertex 0.018199 68.0559 0
      vertex 0.0727186 68.6095 1.5
      vertex 0.0727186 68.6095 0
    endloop
  endfacet
  facet normal -0.995186 0.0980078 0
    outer loop
      vertex 0.0727186 68.6095 1.5
      vertex 0.018199 68.0559 0
      vertex 0.018199 68.0559 1.5
    endloop
  endfacet
  facet normal -0.0980183 -0.995185 0
    outer loop
      vertex 7.39053 0.0727186 0
      vertex 7.94407 0.018199 1.5
      vertex 7.39053 0.0727186 1.5
    endloop
  endfacet
  facet normal -0.0980183 -0.995185 -0
    outer loop
      vertex 7.94407 0.018199 1.5
      vertex 7.39053 0.0727186 0
      vertex 7.94407 0.018199 0
    endloop
  endfacet
  facet normal -0.290342 0.956923 0
    outer loop
      vertex 6.30004 75.7104 0
      vertex 5.76776 75.5489 1.5
      vertex 6.30004 75.7104 1.5
    endloop
  endfacet
  facet normal -0.290342 0.956923 0
    outer loop
      vertex 5.76776 75.5489 1.5
      vertex 6.30004 75.7104 0
      vertex 5.76776 75.5489 0
    endloop
  endfacet
  facet normal -0.956929 0.290322 0
    outer loop
      vertex 0.28963 69.7 0
      vertex 0.451094 70.2322 1.5
      vertex 0.451094 70.2322 0
    endloop
  endfacet
  facet normal -0.956929 0.290322 0
    outer loop
      vertex 0.451094 70.2322 1.5
      vertex 0.28963 69.7 0
      vertex 0.28963 69.7 1.5
    endloop
  endfacet
  facet normal -0.995185 -0.0980183 0
    outer loop
      vertex 0.0727186 7.39053 0
      vertex 0.018199 7.94407 1.5
      vertex 0.018199 7.94407 0
    endloop
  endfacet
  facet normal -0.995185 -0.0980183 0
    outer loop
      vertex 0.018199 7.94407 1.5
      vertex 0.0727186 7.39053 0
      vertex 0.0727186 7.39053 1.5
    endloop
  endfacet
  facet normal 0.772931 0.63449 0
    outer loop
      vertex 92.2435 72.6745 1.5
      vertex 91.8906 73.1044 0
      vertex 91.8906 73.1044 1.5
    endloop
  endfacet
  facet normal 0.772931 0.63449 0
    outer loop
      vertex 91.8906 73.1044 0
      vertex 92.2435 72.6745 1.5
      vertex 92.2435 72.6745 0
    endloop
  endfacet
  facet normal -0.999465 -0.0327186 0
    outer loop
      vertex 0.018199 7.94407 0
      vertex 0 8.5 1.5
      vertex 0 8.5 0
    endloop
  endfacet
  facet normal -0.999465 -0.0327186 0
    outer loop
      vertex 0 8.5 1.5
      vertex 0.018199 7.94407 0
      vertex 0.018199 7.94407 1.5
    endloop
  endfacet
  facet normal -0.0327204 0.999465 0
    outer loop
      vertex 8.5 76 0
      vertex 7.94407 75.9818 1.5
      vertex 8.5 76 1.5
    endloop
  endfacet
  facet normal -0.0327204 0.999465 0
    outer loop
      vertex 7.94407 75.9818 1.5
      vertex 8.5 76 0
      vertex 7.94407 75.9818 0
    endloop
  endfacet
  facet normal 0.634447 -0.772966 0
    outer loop
      vertex 90.6745 1.7565 0
      vertex 91.1044 2.10936 1.5
      vertex 90.6745 1.7565 1.5
    endloop
  endfacet
  facet normal 0.634447 -0.772966 0
    outer loop
      vertex 91.1044 2.10936 1.5
      vertex 90.6745 1.7565 0
      vertex 91.1044 2.10936 0
    endloop
  endfacet
  facet normal 0.935923 -0.352205 0
    outer loop
      vertex 93.353 5.24719 1.5
      vertex 93.5489 5.76776 0
      vertex 93.5489 5.76776 1.5
    endloop
  endfacet
  facet normal 0.935923 -0.352205 0
    outer loop
      vertex 93.5489 5.76776 0
      vertex 93.353 5.24719 1.5
      vertex 93.353 5.24719 0
    endloop
  endfacet
  facet normal 0.910852 0.412733 0
    outer loop
      vertex 93.353 70.7528 1.5
      vertex 93.1234 71.2595 0
      vertex 93.1234 71.2595 1.5
    endloop
  endfacet
  facet normal 0.910852 0.412733 0
    outer loop
      vertex 93.1234 71.2595 0
      vertex 93.353 70.7528 1.5
      vertex 93.353 70.7528 0
    endloop
  endfacet
  facet normal 0.683563 -0.729891 0
    outer loop
      vertex 91.1044 2.10936 0
      vertex 91.5104 2.48959 1.5
      vertex 91.1044 2.10936 1.5
    endloop
  endfacet
  facet normal 0.683563 -0.729891 0
    outer loop
      vertex 91.5104 2.48959 1.5
      vertex 91.1044 2.10936 0
      vertex 91.5104 2.48959 0
    endloop
  endfacet
  facet normal -0.227079 -0.973876 0
    outer loop
      vertex 6.30004 0.28963 0
      vertex 6.84173 0.163324 1.5
      vertex 6.30004 0.28963 1.5
    endloop
  endfacet
  facet normal -0.227079 -0.973876 -0
    outer loop
      vertex 6.84173 0.163324 1.5
      vertex 6.30004 0.28963 0
      vertex 6.84173 0.163324 0
    endloop
  endfacet
  facet normal 0.162892 -0.986644 0
    outer loop
      vertex 86.6095 0.0727186 0
      vertex 87.1583 0.163324 1.5
      vertex 86.6095 0.0727186 1.5
    endloop
  endfacet
  facet normal 0.162892 -0.986644 0
    outer loop
      vertex 87.1583 0.163324 1.5
      vertex 86.6095 0.0727186 0
      vertex 87.1583 0.163324 0
    endloop
  endfacet
  facet normal 0.999464 0.0327222 0
    outer loop
      vertex 94 67.5 1.5
      vertex 93.9818 68.0559 0
      vertex 93.9818 68.0559 1.5
    endloop
  endfacet
  facet normal 0.999464 0.0327222 0
    outer loop
      vertex 93.9818 68.0559 0
      vertex 94 67.5 1.5
      vertex 94 67.5 0
    endloop
  endfacet
  facet normal -0.935912 0.352233 0
    outer loop
      vertex 0.451094 70.2322 0
      vertex 0.647023 70.7528 1.5
      vertex 0.647023 70.7528 0
    endloop
  endfacet
  facet normal -0.935912 0.352233 0
    outer loop
      vertex 0.647023 70.7528 1.5
      vertex 0.451094 70.2322 0
      vertex 0.451094 70.2322 1.5
    endloop
  endfacet
  facet normal -0.162892 -0.986644 0
    outer loop
      vertex 6.84173 0.163324 0
      vertex 7.39053 0.0727186 1.5
      vertex 6.84173 0.163324 1.5
    endloop
  endfacet
  facet normal -0.162892 -0.986644 -0
    outer loop
      vertex 7.39053 0.0727186 1.5
      vertex 6.84173 0.163324 0
      vertex 7.39053 0.0727186 0
    endloop
  endfacet
  facet normal 0.290322 -0.956929 0
    outer loop
      vertex 87.7 0.28963 0
      vertex 88.2322 0.451094 1.5
      vertex 87.7 0.28963 1.5
    endloop
  endfacet
  facet normal 0.290322 -0.956929 0
    outer loop
      vertex 88.2322 0.451094 1.5
      vertex 87.7 0.28963 0
      vertex 88.2322 0.451094 0
    endloop
  endfacet
  facet normal 0.729918 0.683534 0
    outer loop
      vertex 91.8906 73.1044 1.5
      vertex 91.5104 73.5104 0
      vertex 91.5104 73.5104 1.5
    endloop
  endfacet
  facet normal 0.729918 0.683534 0
    outer loop
      vertex 91.5104 73.5104 0
      vertex 91.8906 73.1044 1.5
      vertex 91.8906 73.1044 0
    endloop
  endfacet
  facet normal -0.162883 0.986645 0
    outer loop
      vertex 7.39053 75.9273 0
      vertex 6.84173 75.8367 1.5
      vertex 7.39053 75.9273 1.5
    endloop
  endfacet
  facet normal -0.162883 0.986645 0
    outer loop
      vertex 6.84173 75.8367 1.5
      vertex 7.39053 75.9273 0
      vertex 6.84173 75.8367 0
    endloop
  endfacet
  facet normal 0 0 -1
    outer loop
      vertex 86.4028 17.6298 0
      vertex 94 8.5 0
      vertex 93.9818 7.94407 0
    endloop
  endfacet
  facet normal 0 0 -1
    outer loop
      vertex 94 8.5 0
      vertex 88.6952 32.5222 0
      vertex 94 67.5 0
    endloop
  endfacet
  facet normal 0 0 -1
    outer loop
      vertex 86.4028 17.6298 0
      vertex 93.9818 7.94407 0
      vertex 93.9273 7.39053 0
    endloop
  endfacet
  facet normal 0 0 -1
    outer loop
      vertex 88.6807 32.6687 0
      vertex 94 67.5 0
      vertex 88.6952 32.5222 0
    endloop
  endfacet
  facet normal 0 0 -1
    outer loop
      vertex 86.4028 17.6298 0
      vertex 93.9273 7.39053 0
      vertex 93.8367 6.84173 0
    endloop
  endfacet
  facet normal 0 0 -1
    outer loop
      vertex 88.6568 32.814 0
      vertex 94 67.5 0
      vertex 88.6807 32.6687 0
    endloop
  endfacet
  facet normal 0 0 -1
    outer loop
      vertex 86.4028 17.6298 0
      vertex 93.8367 6.84173 0
      vertex 93.7104 6.30004 0
    endloop
  endfacet
  facet normal 0 0 -1
    outer loop
      vertex 88.6233 32.9573 0
      vertex 94 67.5 0
      vertex 88.6568 32.814 0
    endloop
  endfacet
  facet normal 0 0 -1
    outer loop
      vertex 86.4028 17.6298 0
      vertex 93.7104 6.30004 0
      vertex 93.5489 5.76776 0
    endloop
  endfacet
  facet normal 0 0 -1
    outer loop
      vertex 88.5806 33.0982 0
      vertex 94 67.5 0
      vertex 88.6233 32.9573 0
    endloop
  endfacet
  facet normal 0 0 -1
    outer loop
      vertex 86.4028 17.6298 0
      vertex 93.5489 5.76776 0
      vertex 93.353 5.24719 0
    endloop
  endfacet
  facet normal 0 0 -1
    outer loop
      vertex 88.5287 33.236 0
      vertex 94 67.5 0
      vertex 88.5806 33.0982 0
    endloop
  endfacet
  facet normal 0 0 -1
    outer loop
      vertex 86.4028 17.6298 0
      vertex 93.353 5.24719 0
      vertex 93.1234 4.74055 0
    endloop
  endfacet
  facet normal 0 0 -1
    outer loop
      vertex 88.468 33.3701 0
      vertex 94 67.5 0
      vertex 88.5287 33.236 0
    endloop
  endfacet
  facet normal 0 0 -1
    outer loop
      vertex 86.4028 17.6298 0
      vertex 93.1234 4.74055 0
      vertex 92.8612 4.25 0
    endloop
  endfacet
  facet normal 0 0 -1
    outer loop
      vertex 94 8.5 0
      vertex 88.7 32.375 0
      vertex 88.6952 32.5222 0
    endloop
  endfacet
  facet normal 0 0 -1
    outer loop
      vertex 86.4028 17.6298 0
      vertex 92.8612 4.25 0
      vertex 92.5675 3.77765 0
    endloop
  endfacet
  facet normal 0 0 -1
    outer loop
      vertex 88.3986 33.5 0
      vertex 94 67.5 0
      vertex 88.468 33.3701 0
    endloop
  endfacet
  facet normal 0 0 -1
    outer loop
      vertex 86.4028 17.6298 0
      vertex 92.5675 3.77765 0
      vertex 92.2435 3.32553 0
    endloop
  endfacet
  facet normal 0 0 -1
    outer loop
      vertex 88.3208 33.625 0
      vertex 94 67.5 0
      vertex 88.3986 33.5 0
    endloop
  endfacet
  facet normal 0 0 -1
    outer loop
      vertex 86.4028 17.6298 0
      vertex 92.2435 3.32553 0
      vertex 91.8906 2.89556 0
    endloop
  endfacet
  facet normal 0 0 -1
    outer loop
      vertex 88.235 33.7447 0
      vertex 94 67.5 0
      vertex 88.3208 33.625 0
    endloop
  endfacet
  facet normal 0 0 -1
    outer loop
      vertex 91.5308 70.7023 0
      vertex 93.1234 71.2595 0
      vertex 91.5692 70.4699 0
    endloop
  endfacet
  facet normal 0 0 -1
    outer loop
      vertex 91.4773 70.9317 0
      vertex 93.1234 71.2595 0
      vertex 91.5308 70.7023 0
    endloop
  endfacet
  facet normal -0 0 -1
    outer loop
      vertex 93.353 70.7528 0
      vertex 91.5692 70.4699 0
      vertex 93.1234 71.2595 0
    endloop
  endfacet
  facet normal 0 0 -1
    outer loop
      vertex 91.5692 70.4699 0
      vertex 93.353 70.7528 0
      vertex 91.5923 70.2355 0
    endloop
  endfacet
  facet normal 0 0 -1
    outer loop
      vertex 86.4028 17.6298 0
      vertex 91.8906 2.89556 0
      vertex 91.5104 2.48959 0
    endloop
  endfacet
  facet normal 0 0 -1
    outer loop
      vertex 88.1416 33.8585 0
      vertex 94 67.5 0
      vertex 88.235 33.7447 0
    endloop
  endfacet
  facet normal 0 0 -1
    outer loop
      vertex 93.5489 70.2322 0
      vertex 91.5923 70.2355 0
      vertex 93.353 70.7528 0
    endloop
  endfacet
  facet normal 0 0 -1
    outer loop
      vertex 91.5923 70.2355 0
      vertex 93.5489 70.2322 0
      vertex 91.6 70 0
    endloop
  endfacet
  facet normal 0 0 -1
    outer loop
      vertex 93.7104 69.7 0
      vertex 91.5923 69.7645 0
      vertex 93.5489 70.2322 0
    endloop
  endfacet
  facet normal 0 -0 -1
    outer loop
      vertex 91.6 70 0
      vertex 93.5489 70.2322 0
      vertex 91.5923 69.7645 0
    endloop
  endfacet
  facet normal 0 0 -1
    outer loop
      vertex 86.4028 17.6298 0
      vertex 91.5104 2.48959 0
      vertex 91.1044 2.10936 0
    endloop
  endfacet
  facet normal 0 0 -1
    outer loop
      vertex 88.041 33.966 0
      vertex 94 67.5 0
      vertex 88.1416 33.8585 0
    endloop
  endfacet
  facet normal 0 -0 -1
    outer loop
      vertex 91.5923 69.7645 0
      vertex 93.7104 69.7 0
      vertex 91.5692 69.5301 0
    endloop
  endfacet
  facet normal 0 -0 -1
    outer loop
      vertex 91.5692 69.5301 0
      vertex 93.7104 69.7 0
      vertex 91.5308 69.2977 0
    endloop
  endfacet
  facet normal 0 0 -1
    outer loop
      vertex 86.4028 17.6298 0
      vertex 91.1044 2.10936 0
      vertex 90.6745 1.7565 0
    endloop
  endfacet
  facet normal 0 0 -1
    outer loop
      vertex 93.8367 69.1583 0
      vertex 91.5308 69.2977 0
      vertex 93.7104 69.7 0
    endloop
  endfacet
  facet normal 0 0 -1
    outer loop
      vertex 87.9335 34.0666 0
      vertex 94 67.5 0
      vertex 88.041 33.966 0
    endloop
  endfacet
  facet normal 0 0 -1
    outer loop
      vertex 86.4028 17.6298 0
      vertex 90.6745 1.7565 0
      vertex 90.2223 1.43251 0
    endloop
  endfacet
  facet normal 0 -0 -1
    outer loop
      vertex 91.5308 69.2977 0
      vertex 93.8367 69.1583 0
      vertex 91.4773 69.0683 0
    endloop
  endfacet
  facet normal 0 0 -1
    outer loop
      vertex 93.9273 68.6095 0
      vertex 91.4773 69.0683 0
      vertex 93.8367 69.1583 0
    endloop
  endfacet
  facet normal 0 -0 -1
    outer loop
      vertex 91.4773 69.0683 0
      vertex 93.9273 68.6095 0
      vertex 91.409 68.8428 0
    endloop
  endfacet
  facet normal 0 0 -1
    outer loop
      vertex 86.4028 17.6298 0
      vertex 90.2223 1.43251 0
      vertex 89.75 1.13878 0
    endloop
  endfacet
  facet normal 0 0 -1
    outer loop
      vertex 87.8197 34.16 0
      vertex 94 67.5 0
      vertex 87.9335 34.0666 0
    endloop
  endfacet
  facet normal 0 -0 -1
    outer loop
      vertex 91.409 68.8428 0
      vertex 93.9273 68.6095 0
      vertex 91.326 68.6223 0
    endloop
  endfacet
  facet normal 0 0 -1
    outer loop
      vertex 86.4028 17.6298 0
      vertex 89.75 1.13878 0
      vertex 89.2595 0.876581 0
    endloop
  endfacet
  facet normal 0 0 -1
    outer loop
      vertex 94 8.5 0
      vertex 88.8 19.875 0
      vertex 88.7952 20.0222 0
    endloop
  endfacet
  facet normal 0 0 -1
    outer loop
      vertex 93.9818 68.0559 0
      vertex 91.326 68.6223 0
      vertex 93.9273 68.6095 0
    endloop
  endfacet
  facet normal 0 -0 -1
    outer loop
      vertex 91.326 68.6223 0
      vertex 93.9818 68.0559 0
      vertex 91.2287 68.4078 0
    endloop
  endfacet
  facet normal 0 0 -1
    outer loop
      vertex 94 8.5 0
      vertex 88.7952 19.7278 0
      vertex 88.8 19.875 0
    endloop
  endfacet
  facet normal 0 0 -1
    outer loop
      vertex 94 8.5 0
      vertex 88.7807 19.5813 0
      vertex 88.7952 19.7278 0
    endloop
  endfacet
  facet normal 0 0 -1
    outer loop
      vertex 94 8.5 0
      vertex 88.7568 19.436 0
      vertex 88.7807 19.5813 0
    endloop
  endfacet
  facet normal 0 0 -1
    outer loop
      vertex 86.4028 17.6298 0
      vertex 89.2595 0.876581 0
      vertex 88.7528 0.647023 0
    endloop
  endfacet
  facet normal 0 0 -1
    outer loop
      vertex 94 8.5 0
      vertex 88.7233 19.2927 0
      vertex 88.7568 19.436 0
    endloop
  endfacet
  facet normal 0 0 -1
    outer loop
      vertex 94 8.5 0
      vertex 88.6806 19.1518 0
      vertex 88.7233 19.2927 0
    endloop
  endfacet
  facet normal 0 0 -1
    outer loop
      vertex 94 8.5 0
      vertex 88.6287 19.014 0
      vertex 88.6806 19.1518 0
    endloop
  endfacet
  facet normal 0 0 -1
    outer loop
      vertex 94 8.5 0
      vertex 88.568 18.8799 0
      vertex 88.6287 19.014 0
    endloop
  endfacet
  facet normal 0 0 -1
    outer loop
      vertex 94 8.5 0
      vertex 88.4986 18.75 0
      vertex 88.568 18.8799 0
    endloop
  endfacet
  facet normal 0 0 -1
    outer loop
      vertex 94 8.5 0
      vertex 88.4208 18.625 0
      vertex 88.4986 18.75 0
    endloop
  endfacet
  facet normal 0 0 -1
    outer loop
      vertex 94 8.5 0
      vertex 88.335 18.5053 0
      vertex 88.4208 18.625 0
    endloop
  endfacet
  facet normal 0 0 -1
    outer loop
      vertex 94 8.5 0
      vertex 88.2416 18.3915 0
      vertex 88.335 18.5053 0
    endloop
  endfacet
  facet normal 0 0 -1
    outer loop
      vertex 86.4028 17.6298 0
      vertex 88.7528 0.647023 0
      vertex 88.2322 0.451094 0
    endloop
  endfacet
  facet normal 0 0 -1
    outer loop
      vertex 94 8.5 0
      vertex 88.141 18.284 0
      vertex 88.2416 18.3915 0
    endloop
  endfacet
  facet normal 0 0 -1
    outer loop
      vertex 94 8.5 0
      vertex 88.0335 18.1834 0
      vertex 88.141 18.284 0
    endloop
  endfacet
  facet normal 0 0 -1
    outer loop
      vertex 94 8.5 0
      vertex 87.9197 18.09 0
      vertex 88.0335 18.1834 0
    endloop
  endfacet
  facet normal 0 0 -1
    outer loop
      vertex 94 8.5 0
      vertex 87.8 18.0042 0
      vertex 87.9197 18.09 0
    endloop
  endfacet
  facet normal 0 0 -1
    outer loop
      vertex 86.4028 17.6298 0
      vertex 88.2322 0.451094 0
      vertex 87.7 0.28963 0
    endloop
  endfacet
  facet normal 0 0 -1
    outer loop
      vertex 94 8.5 0
      vertex 87.675 17.9264 0
      vertex 87.8 18.0042 0
    endloop
  endfacet
  facet normal 0 0 -1
    outer loop
      vertex 94 8.5 0
      vertex 87.5452 17.857 0
      vertex 87.675 17.9264 0
    endloop
  endfacet
  facet normal 0 0 -1
    outer loop
      vertex 94 8.5 0
      vertex 87.411 17.7963 0
      vertex 87.5452 17.857 0
    endloop
  endfacet
  facet normal 0 0 -1
    outer loop
      vertex 94 8.5 0
      vertex 87.2732 17.7444 0
      vertex 87.411 17.7963 0
    endloop
  endfacet
  facet normal 0 0 -1
    outer loop
      vertex 86.4028 17.6298 0
      vertex 87.7 0.28963 0
      vertex 87.1583 0.163324 0
    endloop
  endfacet
  facet normal 0 0 -1
    outer loop
      vertex 94 8.5 0
      vertex 87.1323 17.7017 0
      vertex 87.2732 17.7444 0
    endloop
  endfacet
  facet normal 0 0 -1
    outer loop
      vertex 94 8.5 0
      vertex 86.989 17.6682 0
      vertex 87.1323 17.7017 0
    endloop
  endfacet
  facet normal 0 0 -1
    outer loop
      vertex 94 8.5 0
      vertex 86.8437 17.6442 0
      vertex 86.989 17.6682 0
    endloop
  endfacet
  facet normal 0 0 -1
    outer loop
      vertex 94 8.5 0
      vertex 86.6972 17.6298 0
      vertex 86.8437 17.6442 0
    endloop
  endfacet
  facet normal 0 0 -1
    outer loop
      vertex 86.4028 17.6298 0
      vertex 87.1583 0.163324 0
      vertex 86.6095 0.0727186 0
    endloop
  endfacet
  facet normal 0 0 -1
    outer loop
      vertex 94 8.5 0
      vertex 86.55 17.625 0
      vertex 86.6972 17.6298 0
    endloop
  endfacet
  facet normal 0 0 -1
    outer loop
      vertex 94 8.5 0
      vertex 86.4028 17.6298 0
      vertex 86.55 17.625 0
    endloop
  endfacet
  facet normal 0 0 -1
    outer loop
      vertex 86.6095 0.0727186 0
      vertex 86.2563 17.6442 0
      vertex 86.4028 17.6298 0
    endloop
  endfacet
  facet normal 0 0 -1
    outer loop
      vertex 86.0559 0.018199 0
      vertex 86.2563 17.6442 0
      vertex 86.6095 0.0727186 0
    endloop
  endfacet
  facet normal 0 0 -1
    outer loop
      vertex 85.5 0 0
      vertex 86.2563 17.6442 0
      vertex 86.0559 0.018199 0
    endloop
  endfacet
  facet normal -0 0 -1
    outer loop
      vertex 86.2563 17.6442 0
      vertex 85.5 0 0
      vertex 86.111 17.6682 0
    endloop
  endfacet
  facet normal -0 0 -1
    outer loop
      vertex 86.111 17.6682 0
      vertex 85.5 0 0
      vertex 85.9677 17.7017 0
    endloop
  endfacet
  facet normal -0 0 -1
    outer loop
      vertex 85.9677 17.7017 0
      vertex 85.5 0 0
      vertex 85.8268 17.7444 0
    endloop
  endfacet
  facet normal -0 0 -1
    outer loop
      vertex 85.8268 17.7444 0
      vertex 85.5 0 0
      vertex 85.689 17.7963 0
    endloop
  endfacet
  facet normal -0 0 -1
    outer loop
      vertex 85.689 17.7963 0
      vertex 85.5 0 0
      vertex 85.5548 17.857 0
    endloop
  endfacet
  facet normal 0 0 -1
    outer loop
      vertex 85.5 0 0
      vertex 85.425 17.9264 0
      vertex 85.5548 17.857 0
    endloop
  endfacet
  facet normal 0 0 -1
    outer loop
      vertex 85.5 0 0
      vertex 85.3 18.0042 0
      vertex 85.425 17.9264 0
    endloop
  endfacet
  facet normal 0 0 -1
    outer loop
      vertex 85.5 0 0
      vertex 85.1803 18.09 0
      vertex 85.3 18.0042 0
    endloop
  endfacet
  facet normal 0 0 -1
    outer loop
      vertex 85.5 0 0
      vertex 85.0665 18.1834 0
      vertex 85.1803 18.09 0
    endloop
  endfacet
  facet normal 0 0 -1
    outer loop
      vertex 85.5 0 0
      vertex 84.959 18.284 0
      vertex 85.0665 18.1834 0
    endloop
  endfacet
  facet normal 0 0 -1
    outer loop
      vertex 85.5 0 0
      vertex 84.8584 18.3915 0
      vertex 84.959 18.284 0
    endloop
  endfacet
  facet normal 0 0 -1
    outer loop
      vertex 85.5 0 0
      vertex 84.765 18.5053 0
      vertex 84.8584 18.3915 0
    endloop
  endfacet
  facet normal 0 0 -1
    outer loop
      vertex 85.5 0 0
      vertex 84.6792 18.625 0
      vertex 84.765 18.5053 0
    endloop
  endfacet
  facet normal 0 0 -1
    outer loop
      vertex 85.5 0 0
      vertex 84.6014 18.75 0
      vertex 84.6792 18.625 0
    endloop
  endfacet
  facet normal 0 0 -1
    outer loop
      vertex 58.53 26.1125 0
      vertex 84.6014 18.75 0
      vertex 85.5 0 0
    endloop
  endfacet
  facet normal 0 0 -1
    outer loop
      vertex 84.6014 18.75 0
      vertex 58.53 26.1125 0
      vertex 84.532 18.8799 0
    endloop
  endfacet
  facet normal 0 -0 -1
    outer loop
      vertex 59.6136 26.7863 0
      vertex 84.532 18.8799 0
      vertex 58.53 26.1125 0
    endloop
  endfacet
  facet normal 0 0 -1
    outer loop
      vertex 84.532 18.8799 0
      vertex 59.6136 26.7863 0
      vertex 84.4713 19.014 0
    endloop
  endfacet
  facet normal 0 0 -1
    outer loop
      vertex 84.4713 19.014 0
      vertex 59.6136 26.7863 0
      vertex 84.4194 19.1518 0
    endloop
  endfacet
  facet normal 0 -0 -1
    outer loop
      vertex 60.6508 27.5296 0
      vertex 84.4194 19.1518 0
      vertex 59.6136 26.7863 0
    endloop
  endfacet
  facet normal 0 0 -1
    outer loop
      vertex 84.4194 19.1518 0
      vertex 60.6508 27.5296 0
      vertex 84.3767 19.2927 0
    endloop
  endfacet
  facet normal 0 0 -1
    outer loop
      vertex 84.3432 20.314 0
      vertex 84.2432 31.936 0
      vertex 84.2767 31.7927 0
    endloop
  endfacet
  facet normal 0 0 -1
    outer loop
      vertex 84.3048 20.0222 0
      vertex 64.9937 32.1664 0
      vertex 84.2432 31.936 0
    endloop
  endfacet
  facet normal 0 -0 -1
    outer loop
      vertex 65.6675 33.25 0
      vertex 84.2432 31.936 0
      vertex 64.9937 32.1664 0
    endloop
  endfacet
  facet normal 0 -0 -1
    outer loop
      vertex 66.269 34.3754 0
      vertex 84.2432 31.936 0
      vertex 65.6675 33.25 0
    endloop
  endfacet
  facet normal 0 0 -1
    outer loop
      vertex 84.2432 31.936 0
      vertex 66.269 34.3754 0
      vertex 84.2192 32.0813 0
    endloop
  endfacet
  facet normal 0 0 -1
    outer loop
      vertex 62.5686 29.2114 0
      vertex 84.3 19.875 0
      vertex 84.3048 19.7278 0
    endloop
  endfacet
  facet normal 0 0 -1
    outer loop
      vertex 84.3767 19.2927 0
      vertex 60.6508 27.5296 0
      vertex 84.3432 19.436 0
    endloop
  endfacet
  facet normal 0 0 -1
    outer loop
      vertex 84.2 32.375 0
      vertex 68.2383 41.7246 0
      vertex 68.28 43 0
    endloop
  endfacet
  facet normal 0 0 -1
    outer loop
      vertex 84.2 32.375 0
      vertex 68.1132 40.4547 0
      vertex 68.2383 41.7246 0
    endloop
  endfacet
  facet normal 0 0 -1
    outer loop
      vertex 84.2 32.375 0
      vertex 67.9053 39.1957 0
      vertex 68.1132 40.4547 0
    endloop
  endfacet
  facet normal 0 0 -1
    outer loop
      vertex 84.2 32.375 0
      vertex 67.6156 37.953 0
      vertex 67.9053 39.1957 0
    endloop
  endfacet
  facet normal 0 0 -1
    outer loop
      vertex 84.2 32.375 0
      vertex 67.2451 36.7319 0
      vertex 67.6156 37.953 0
    endloop
  endfacet
  facet normal 0 0 -1
    outer loop
      vertex 84.2 32.375 0
      vertex 66.7957 35.5377 0
      vertex 67.2451 36.7319 0
    endloop
  endfacet
  facet normal 0 0 -1
    outer loop
      vertex 84.2048 32.2278 0
      vertex 66.7957 35.5377 0
      vertex 84.2 32.375 0
    endloop
  endfacet
  facet normal 0 0 -1
    outer loop
      vertex 84.2192 32.0813 0
      vertex 66.7957 35.5377 0
      vertex 84.2048 32.2278 0
    endloop
  endfacet
  facet normal 0 -0 -1
    outer loop
      vertex 66.7957 35.5377 0
      vertex 84.2192 32.0813 0
      vertex 66.269 34.3754 0
    endloop
  endfacet
  facet normal 0 0 -1
    outer loop
      vertex 84.3048 20.0222 0
      vertex 64.2504 31.1292 0
      vertex 64.9937 32.1664 0
    endloop
  endfacet
  facet normal 0 0 -1
    outer loop
      vertex 84.3048 20.0222 0
      vertex 63.4409 30.1428 0
      vertex 64.2504 31.1292 0
    endloop
  endfacet
  facet normal 0 0 -1
    outer loop
      vertex 84.3048 20.0222 0
      vertex 62.5686 29.2114 0
      vertex 63.4409 30.1428 0
    endloop
  endfacet
  facet normal 0 0 -1
    outer loop
      vertex 84.3048 19.7278 0
      vertex 61.6372 28.3391 0
      vertex 62.5686 29.2114 0
    endloop
  endfacet
  facet normal 0 0 -1
    outer loop
      vertex 84.3192 19.5813 0
      vertex 61.6372 28.3391 0
      vertex 84.3048 19.7278 0
    endloop
  endfacet
  facet normal 0 0 -1
    outer loop
      vertex 84.3432 19.436 0
      vertex 61.6372 28.3391 0
      vertex 84.3192 19.5813 0
    endloop
  endfacet
  facet normal 0 -0 -1
    outer loop
      vertex 61.6372 28.3391 0
      vertex 84.3432 19.436 0
      vertex 60.6508 27.5296 0
    endloop
  endfacet
  facet normal 0 0 -1
    outer loop
      vertex 85.5 0 0
      vertex 57.4046 25.511 0
      vertex 58.53 26.1125 0
    endloop
  endfacet
  facet normal 0 0 -1
    outer loop
      vertex 85.5 0 0
      vertex 56.2423 24.9843 0
      vertex 57.4046 25.511 0
    endloop
  endfacet
  facet normal 0 0 -1
    outer loop
      vertex 85.5 0 0
      vertex 55.0481 24.5349 0
      vertex 56.2423 24.9843 0
    endloop
  endfacet
  facet normal 0 0 -1
    outer loop
      vertex 85.5 0 0
      vertex 53.827 24.1644 0
      vertex 55.0481 24.5349 0
    endloop
  endfacet
  facet normal 0 0 -1
    outer loop
      vertex 85.5 0 0
      vertex 52.5843 23.8747 0
      vertex 53.827 24.1644 0
    endloop
  endfacet
  facet normal 0 0 -1
    outer loop
      vertex 85.5 0 0
      vertex 51.3253 23.6668 0
      vertex 52.5843 23.8747 0
    endloop
  endfacet
  facet normal 0 0 -1
    outer loop
      vertex 85.5 0 0
      vertex 50.0554 23.5418 0
      vertex 51.3253 23.6668 0
    endloop
  endfacet
  facet normal 0 0 -1
    outer loop
      vertex 85.5 0 0
      vertex 48.78 23.5 0
      vertex 50.0554 23.5418 0
    endloop
  endfacet
  facet normal 0 0 -1
    outer loop
      vertex 85.5 0 0
      vertex 47.5046 23.5418 0
      vertex 48.78 23.5 0
    endloop
  endfacet
  facet normal 0 0 -1
    outer loop
      vertex 8.5 0 0
      vertex 47.5046 23.5418 0
      vertex 85.5 0 0
    endloop
  endfacet
  facet normal -0 0 -1
    outer loop
      vertex 47.5046 23.5418 0
      vertex 8.5 0 0
      vertex 46.2347 23.6668 0
    endloop
  endfacet
  facet normal -0 0 -1
    outer loop
      vertex 46.2347 23.6668 0
      vertex 8.5 0 0
      vertex 44.9757 23.8747 0
    endloop
  endfacet
  facet normal -0 0 -1
    outer loop
      vertex 44.9757 23.8747 0
      vertex 8.5 0 0
      vertex 43.733 24.1644 0
    endloop
  endfacet
  facet normal 0 -0 -1
    outer loop
      vertex 9.47733 5.06825 0
      vertex 43.733 24.1644 0
      vertex 8.5 0 0
    endloop
  endfacet
  facet normal -0 0 -1
    outer loop
      vertex 43.733 24.1644 0
      vertex 9.47733 5.06825 0
      vertex 42.5119 24.5349 0
    endloop
  endfacet
  facet normal 0 -0 -1
    outer loop
      vertex 9.53083 5.29767 0
      vertex 42.5119 24.5349 0
      vertex 9.47733 5.06825 0
    endloop
  endfacet
  facet normal 0 0 -1
    outer loop
      vertex 8.70662 8.37364 0
      vertex 34.1191 30.1428 0
      vertex 8.85607 8.19154 0
    endloop
  endfacet
  facet normal -0 0 -1
    outer loop
      vertex 34.9914 29.2114 0
      vertex 8.85607 8.19154 0
      vertex 34.1191 30.1428 0
    endloop
  endfacet
  facet normal 0 0 -1
    outer loop
      vertex 8.85607 8.19154 0
      vertex 34.9914 29.2114 0
      vertex 8.99329 8.00005 0
    endloop
  endfacet
  facet normal 0 0 -1
    outer loop
      vertex 8.99329 8.00005 0
      vertex 34.9914 29.2114 0
      vertex 9.11769 7.8 0
    endloop
  endfacet
  facet normal -0 0 -1
    outer loop
      vertex 35.9228 28.3391 0
      vertex 9.11769 7.8 0
      vertex 34.9914 29.2114 0
    endloop
  endfacet
  facet normal 0 0 -1
    outer loop
      vertex 9.11769 7.8 0
      vertex 35.9228 28.3391 0
      vertex 9.22874 7.59224 0
    endloop
  endfacet
  facet normal 0 0 -1
    outer loop
      vertex 9.22874 7.59224 0
      vertex 35.9228 28.3391 0
      vertex 9.32597 7.37766 0
    endloop
  endfacet
  facet normal -0 0 -1
    outer loop
      vertex 36.9092 27.5296 0
      vertex 9.32597 7.37766 0
      vertex 35.9228 28.3391 0
    endloop
  endfacet
  facet normal 0 0 -1
    outer loop
      vertex 9.32597 7.37766 0
      vertex 36.9092 27.5296 0
      vertex 9.40895 7.15718 0
    endloop
  endfacet
  facet normal 0 0 -1
    outer loop
      vertex 9.40895 7.15718 0
      vertex 36.9092 27.5296 0
      vertex 9.47733 6.93175 0
    endloop
  endfacet
  facet normal -0 0 -1
    outer loop
      vertex 37.9464 26.7863 0
      vertex 9.47733 6.93175 0
      vertex 36.9092 27.5296 0
    endloop
  endfacet
  facet normal 0 0 -1
    outer loop
      vertex 9.47733 6.93175 0
      vertex 37.9464 26.7863 0
      vertex 9.53083 6.70232 0
    endloop
  endfacet
  facet normal -0 0 -1
    outer loop
      vertex 39.03 26.1125 0
      vertex 9.53083 6.70232 0
      vertex 37.9464 26.7863 0
    endloop
  endfacet
  facet normal 0 0 -1
    outer loop
      vertex 9.53083 6.70232 0
      vertex 39.03 26.1125 0
      vertex 9.5692 6.46989 0
    endloop
  endfacet
  facet normal 0 0 -1
    outer loop
      vertex 9.5692 6.46989 0
      vertex 39.03 26.1125 0
      vertex 9.59229 6.23545 0
    endloop
  endfacet
  facet normal -0 0 -1
    outer loop
      vertex 40.1554 25.511 0
      vertex 9.59229 6.23545 0
      vertex 39.03 26.1125 0
    endloop
  endfacet
  facet normal 0 -0 -1
    outer loop
      vertex 9.5692 5.53011 0
      vertex 42.5119 24.5349 0
      vertex 9.53083 5.29767 0
    endloop
  endfacet
  facet normal 0 0 -1
    outer loop
      vertex 9.59229 6.23545 0
      vertex 40.1554 25.511 0
      vertex 9.6 6 0
    endloop
  endfacet
  facet normal 0 -0 -1
    outer loop
      vertex 9.6 6 0
      vertex 40.1554 25.511 0
      vertex 9.59229 5.76455 0
    endloop
  endfacet
  facet normal -0 0 -1
    outer loop
      vertex 41.3177 24.9843 0
      vertex 9.59229 5.76455 0
      vertex 40.1554 25.511 0
    endloop
  endfacet
  facet normal 0 -0 -1
    outer loop
      vertex 9.59229 5.76455 0
      vertex 41.3177 24.9843 0
      vertex 9.5692 5.53011 0
    endloop
  endfacet
  facet normal -0 0 -1
    outer loop
      vertex 42.5119 24.5349 0
      vertex 9.5692 5.53011 0
      vertex 41.3177 24.9843 0
    endloop
  endfacet
  facet normal 0 0 -1
    outer loop
      vertex 9.47733 5.06825 0
      vertex 8.5 0 0
      vertex 9.40895 4.84282 0
    endloop
  endfacet
  facet normal 0 0 -1
    outer loop
      vertex 9.40895 4.84282 0
      vertex 8.5 0 0
      vertex 9.32597 4.62234 0
    endloop
  endfacet
  facet normal 0 0 -1
    outer loop
      vertex 9.32597 4.62234 0
      vertex 8.5 0 0
      vertex 9.22874 4.40776 0
    endloop
  endfacet
  facet normal 0 0 -1
    outer loop
      vertex 9.22874 4.40776 0
      vertex 8.5 0 0
      vertex 9.11769 4.2 0
    endloop
  endfacet
  facet normal 0 0 -1
    outer loop
      vertex 9.11769 4.2 0
      vertex 8.5 0 0
      vertex 8.99329 3.99995 0
    endloop
  endfacet
  facet normal 0 0 -1
    outer loop
      vertex 8.99329 3.99995 0
      vertex 8.5 0 0
      vertex 8.85607 3.80846 0
    endloop
  endfacet
  facet normal 0 0 -1
    outer loop
      vertex 8.85607 3.80846 0
      vertex 8.5 0 0
      vertex 8.70662 3.62635 0
    endloop
  endfacet
  facet normal 0 0 -1
    outer loop
      vertex 8.70662 3.62635 0
      vertex 8.5 0 0
      vertex 8.54558 3.45442 0
    endloop
  endfacet
  facet normal 0 0 -1
    outer loop
      vertex 8.5 0 0
      vertex 8.37364 3.29338 0
      vertex 8.54558 3.45442 0
    endloop
  endfacet
  facet normal 0 0 -1
    outer loop
      vertex 8.5 0 0
      vertex 8.19154 3.14393 0
      vertex 8.37364 3.29338 0
    endloop
  endfacet
  facet normal 0 0 -1
    outer loop
      vertex 8.5 0 0
      vertex 8.00005 3.00671 0
      vertex 8.19154 3.14393 0
    endloop
  endfacet
  facet normal 0 0 -1
    outer loop
      vertex 7.59224 2.77126 0
      vertex 8.5 0 0
      vertex 7.94407 0.018199 0
    endloop
  endfacet
  facet normal 0 0 -1
    outer loop
      vertex 8.5 0 0
      vertex 7.8 2.88231 0
      vertex 8.00005 3.00671 0
    endloop
  endfacet
  facet normal 0 0 -1
    outer loop
      vertex 8.5 0 0
      vertex 7.59224 2.77126 0
      vertex 7.8 2.88231 0
    endloop
  endfacet
  facet normal 0 0 -1
    outer loop
      vertex 7.37766 2.67403 0
      vertex 7.94407 0.018199 0
      vertex 7.39053 0.0727186 0
    endloop
  endfacet
  facet normal 0 0 -1
    outer loop
      vertex 7.94407 0.018199 0
      vertex 7.37766 2.67403 0
      vertex 7.59224 2.77126 0
    endloop
  endfacet
  facet normal 0 0 -1
    outer loop
      vertex 7.39053 0.0727186 0
      vertex 7.15718 2.59105 0
      vertex 7.37766 2.67403 0
    endloop
  endfacet
  facet normal 0 0 -1
    outer loop
      vertex 7.39053 0.0727186 0
      vertex 6.93175 2.52267 0
      vertex 7.15718 2.59105 0
    endloop
  endfacet
  facet normal 0 0 -1
    outer loop
      vertex 6.84173 0.163324 0
      vertex 6.93175 2.52267 0
      vertex 7.39053 0.0727186 0
    endloop
  endfacet
  facet normal 0 0 -1
    outer loop
      vertex 6.84173 0.163324 0
      vertex 6.70232 2.46917 0
      vertex 6.93175 2.52267 0
    endloop
  endfacet
  facet normal 0 0 -1
    outer loop
      vertex 6.30004 0.28963 0
      vertex 6.70232 2.46917 0
      vertex 6.84173 0.163324 0
    endloop
  endfacet
  facet normal 0 0 -1
    outer loop
      vertex 6.70232 2.46917 0
      vertex 6.30004 0.28963 0
      vertex 6.46989 2.4308 0
    endloop
  endfacet
  facet normal 0 0 -1
    outer loop
      vertex 6.30004 0.28963 0
      vertex 6.23545 2.40771 0
      vertex 6.46989 2.4308 0
    endloop
  endfacet
  facet normal 0 0 -1
    outer loop
      vertex 5.76776 0.451094 0
      vertex 6.23545 2.40771 0
      vertex 6.30004 0.28963 0
    endloop
  endfacet
  facet normal 0 0 -1
    outer loop
      vertex 6.23545 2.40771 0
      vertex 5.76776 0.451094 0
      vertex 6 2.4 0
    endloop
  endfacet
  facet normal 0 0 -1
    outer loop
      vertex 5.76776 0.451094 0
      vertex 5.76455 2.40771 0
      vertex 6 2.4 0
    endloop
  endfacet
  facet normal 0 0 -1
    outer loop
      vertex 5.24719 0.647023 0
      vertex 5.76455 2.40771 0
      vertex 5.76776 0.451094 0
    endloop
  endfacet
  facet normal -0 0 -1
    outer loop
      vertex 5.76455 2.40771 0
      vertex 5.24719 0.647023 0
      vertex 5.53011 2.4308 0
    endloop
  endfacet
  facet normal 0 0 -1
    outer loop
      vertex 4.74055 0.876581 0
      vertex 5.53011 2.4308 0
      vertex 5.24719 0.647023 0
    endloop
  endfacet
  facet normal -0 0 -1
    outer loop
      vertex 5.53011 2.4308 0
      vertex 4.74055 0.876581 0
      vertex 5.29767 2.46917 0
    endloop
  endfacet
  facet normal -0 0 -1
    outer loop
      vertex 5.29767 2.46917 0
      vertex 4.74055 0.876581 0
      vertex 5.06825 2.52267 0
    endloop
  endfacet
  facet normal 0 0 -1
    outer loop
      vertex 4.25 1.13878 0
      vertex 5.06825 2.52267 0
      vertex 4.74055 0.876581 0
    endloop
  endfacet
  facet normal -0 0 -1
    outer loop
      vertex 5.06825 2.52267 0
      vertex 4.25 1.13878 0
      vertex 4.84282 2.59105 0
    endloop
  endfacet
  facet normal -0 0 -1
    outer loop
      vertex 4.84282 2.59105 0
      vertex 4.25 1.13878 0
      vertex 4.62234 2.67403 0
    endloop
  endfacet
  facet normal 0 0 -1
    outer loop
      vertex 3.77765 1.43251 0
      vertex 4.62234 2.67403 0
      vertex 4.25 1.13878 0
    endloop
  endfacet
  facet normal -0 0 -1
    outer loop
      vertex 4.62234 2.67403 0
      vertex 3.77765 1.43251 0
      vertex 4.40776 2.77126 0
    endloop
  endfacet
  facet normal 0 0 -1
    outer loop
      vertex 3.32553 1.7565 0
      vertex 4.40776 2.77126 0
      vertex 3.77765 1.43251 0
    endloop
  endfacet
  facet normal -0 0 -1
    outer loop
      vertex 4.40776 2.77126 0
      vertex 3.32553 1.7565 0
      vertex 4.2 2.88231 0
    endloop
  endfacet
  facet normal -0 0 -1
    outer loop
      vertex 4.2 2.88231 0
      vertex 3.32553 1.7565 0
      vertex 3.99995 3.00671 0
    endloop
  endfacet
  facet normal 0 0 -1
    outer loop
      vertex 2.89556 2.10936 0
      vertex 3.99995 3.00671 0
      vertex 3.32553 1.7565 0
    endloop
  endfacet
  facet normal -0 0 -1
    outer loop
      vertex 3.99995 3.00671 0
      vertex 2.89556 2.10936 0
      vertex 3.80846 3.14393 0
    endloop
  endfacet
  facet normal -0 0 -1
    outer loop
      vertex 3.80846 3.14393 0
      vertex 2.89556 2.10936 0
      vertex 3.62635 3.29338 0
    endloop
  endfacet
  facet normal 0 0 -1
    outer loop
      vertex 2.48959 2.48959 0
      vertex 3.62635 3.29338 0
      vertex 2.89556 2.10936 0
    endloop
  endfacet
  facet normal -0 0 -1
    outer loop
      vertex 3.62635 3.29338 0
      vertex 2.48959 2.48959 0
      vertex 3.45442 3.45442 0
    endloop
  endfacet
  facet normal -0 0 -1
    outer loop
      vertex 3.45442 3.45442 0
      vertex 2.48959 2.48959 0
      vertex 3.29338 3.62635 0
    endloop
  endfacet
  facet normal 0 0 -1
    outer loop
      vertex 2.10936 2.89556 0
      vertex 3.29338 3.62635 0
      vertex 2.48959 2.48959 0
    endloop
  endfacet
  facet normal -0 0 -1
    outer loop
      vertex 3.29338 3.62635 0
      vertex 2.10936 2.89556 0
      vertex 3.14393 3.80846 0
    endloop
  endfacet
  facet normal -0 0 -1
    outer loop
      vertex 3.14393 3.80846 0
      vertex 2.10936 2.89556 0
      vertex 3.00671 3.99995 0
    endloop
  endfacet
  facet normal 0 0 -1
    outer loop
      vertex 1.7565 3.32553 0
      vertex 3.00671 3.99995 0
      vertex 2.10936 2.89556 0
    endloop
  endfacet
  facet normal -0 0 -1
    outer loop
      vertex 3.00671 3.99995 0
      vertex 1.7565 3.32553 0
      vertex 2.88231 4.2 0
    endloop
  endfacet
  facet normal -0 0 -1
    outer loop
      vertex 2.88231 4.2 0
      vertex 1.7565 3.32553 0
      vertex 2.77126 4.40776 0
    endloop
  endfacet
  facet normal 0 0 -1
    outer loop
      vertex 1.43251 3.77765 0
      vertex 2.77126 4.40776 0
      vertex 1.7565 3.32553 0
    endloop
  endfacet
  facet normal -0 0 -1
    outer loop
      vertex 2.77126 4.40776 0
      vertex 1.43251 3.77765 0
      vertex 2.67403 4.62234 0
    endloop
  endfacet
  facet normal 0 0 -1
    outer loop
      vertex 1.13878 4.25 0
      vertex 2.67403 4.62234 0
      vertex 1.43251 3.77765 0
    endloop
  endfacet
  facet normal -0 0 -1
    outer loop
      vertex 2.67403 4.62234 0
      vertex 1.13878 4.25 0
      vertex 2.59105 4.84282 0
    endloop
  endfacet
  facet normal -0 0 -1
    outer loop
      vertex 2.59105 4.84282 0
      vertex 1.13878 4.25 0
      vertex 2.52267 5.06825 0
    endloop
  endfacet
  facet normal 0 0 -1
    outer loop
      vertex 0.876581 4.74055 0
      vertex 2.52267 5.06825 0
      vertex 1.13878 4.25 0
    endloop
  endfacet
  facet normal -0 0 -1
    outer loop
      vertex 93.1234 71.2595 0
      vertex 91.4773 70.9317 0
      vertex 92.8612 71.75 0
    endloop
  endfacet
  facet normal 0 0 -1
    outer loop
      vertex 91.409 71.1572 0
      vertex 92.8612 71.75 0
      vertex 91.4773 70.9317 0
    endloop
  endfacet
  facet normal 0 0 -1
    outer loop
      vertex 91.326 71.3777 0
      vertex 92.8612 71.75 0
      vertex 91.409 71.1572 0
    endloop
  endfacet
  facet normal -0 0 -1
    outer loop
      vertex 92.8612 71.75 0
      vertex 91.326 71.3777 0
      vertex 92.5675 72.2223 0
    endloop
  endfacet
  facet normal 0 0 -1
    outer loop
      vertex 91.2287 71.5922 0
      vertex 92.5675 72.2223 0
      vertex 91.326 71.3777 0
    endloop
  endfacet
  facet normal -0 0 -1
    outer loop
      vertex 92.5675 72.2223 0
      vertex 91.2287 71.5922 0
      vertex 92.2435 72.6745 0
    endloop
  endfacet
  facet normal 0 0 -1
    outer loop
      vertex 91.1177 71.8 0
      vertex 92.2435 72.6745 0
      vertex 91.2287 71.5922 0
    endloop
  endfacet
  facet normal 0 0 -1
    outer loop
      vertex 90.9933 72.0001 0
      vertex 92.2435 72.6745 0
      vertex 91.1177 71.8 0
    endloop
  endfacet
  facet normal -0 0 -1
    outer loop
      vertex 92.2435 72.6745 0
      vertex 90.9933 72.0001 0
      vertex 91.8906 73.1044 0
    endloop
  endfacet
  facet normal 0 0 -1
    outer loop
      vertex 90.8561 72.1915 0
      vertex 91.8906 73.1044 0
      vertex 90.9933 72.0001 0
    endloop
  endfacet
  facet normal 0 0 -1
    outer loop
      vertex 90.7066 72.3736 0
      vertex 91.8906 73.1044 0
      vertex 90.8561 72.1915 0
    endloop
  endfacet
  facet normal -0 0 -1
    outer loop
      vertex 91.8906 73.1044 0
      vertex 90.7066 72.3736 0
      vertex 91.5104 73.5104 0
    endloop
  endfacet
  facet normal 0 0 -1
    outer loop
      vertex 90.5456 72.5456 0
      vertex 91.5104 73.5104 0
      vertex 90.7066 72.3736 0
    endloop
  endfacet
  facet normal 0 0 -1
    outer loop
      vertex 90.3736 72.7066 0
      vertex 91.5104 73.5104 0
      vertex 90.5456 72.5456 0
    endloop
  endfacet
  facet normal -0 0 -1
    outer loop
      vertex 91.5104 73.5104 0
      vertex 90.3736 72.7066 0
      vertex 91.1044 73.8906 0
    endloop
  endfacet
  facet normal 0 0 -1
    outer loop
      vertex 90.1915 72.8561 0
      vertex 91.1044 73.8906 0
      vertex 90.3736 72.7066 0
    endloop
  endfacet
  facet normal 0 0 -1
    outer loop
      vertex 90.0001 72.9933 0
      vertex 91.1044 73.8906 0
      vertex 90.1915 72.8561 0
    endloop
  endfacet
  facet normal -0 0 -1
    outer loop
      vertex 91.1044 73.8906 0
      vertex 90.0001 72.9933 0
      vertex 90.6745 74.2435 0
    endloop
  endfacet
  facet normal 0 0 -1
    outer loop
      vertex 89.8 73.1177 0
      vertex 90.6745 74.2435 0
      vertex 90.0001 72.9933 0
    endloop
  endfacet
  facet normal 0 0 -1
    outer loop
      vertex 89.5922 73.2287 0
      vertex 90.6745 74.2435 0
      vertex 89.8 73.1177 0
    endloop
  endfacet
  facet normal -0 0 -1
    outer loop
      vertex 90.6745 74.2435 0
      vertex 89.5922 73.2287 0
      vertex 90.2223 74.5675 0
    endloop
  endfacet
  facet normal 0 0 -1
    outer loop
      vertex 89.3777 73.326 0
      vertex 90.2223 74.5675 0
      vertex 89.5922 73.2287 0
    endloop
  endfacet
  facet normal -0 0 -1
    outer loop
      vertex 90.2223 74.5675 0
      vertex 89.3777 73.326 0
      vertex 89.75 74.8612 0
    endloop
  endfacet
  facet normal 0 0 -1
    outer loop
      vertex 89.1572 73.409 0
      vertex 89.75 74.8612 0
      vertex 89.3777 73.326 0
    endloop
  endfacet
  facet normal 0 0 -1
    outer loop
      vertex 88.9317 73.4773 0
      vertex 89.75 74.8612 0
      vertex 89.1572 73.409 0
    endloop
  endfacet
  facet normal -0 0 -1
    outer loop
      vertex 89.75 74.8612 0
      vertex 88.9317 73.4773 0
      vertex 89.2595 75.1234 0
    endloop
  endfacet
  facet normal 0 0 -1
    outer loop
      vertex 88.7023 73.5308 0
      vertex 89.2595 75.1234 0
      vertex 88.9317 73.4773 0
    endloop
  endfacet
  facet normal 0 0 -1
    outer loop
      vertex 88.4699 73.5692 0
      vertex 89.2595 75.1234 0
      vertex 88.7023 73.5308 0
    endloop
  endfacet
  facet normal -0 0 -1
    outer loop
      vertex 89.2595 75.1234 0
      vertex 88.4699 73.5692 0
      vertex 88.7528 75.353 0
    endloop
  endfacet
  facet normal 0 0 -1
    outer loop
      vertex 88.2355 73.5923 0
      vertex 88.7528 75.353 0
      vertex 88.4699 73.5692 0
    endloop
  endfacet
  facet normal 0 0 -1
    outer loop
      vertex 88.2355 73.5923 0
      vertex 88.2322 75.5489 0
      vertex 88.7528 75.353 0
    endloop
  endfacet
  facet normal 0 0 -1
    outer loop
      vertex 88 73.6 0
      vertex 88.2322 75.5489 0
      vertex 88.2355 73.5923 0
    endloop
  endfacet
  facet normal 0 0 -1
    outer loop
      vertex 87.7645 73.5923 0
      vertex 88.2322 75.5489 0
      vertex 88 73.6 0
    endloop
  endfacet
  facet normal 0 0 -1
    outer loop
      vertex 87.7645 73.5923 0
      vertex 87.7 75.7104 0
      vertex 88.2322 75.5489 0
    endloop
  endfacet
  facet normal 0 0 -1
    outer loop
      vertex 87.5301 73.5692 0
      vertex 87.7 75.7104 0
      vertex 87.7645 73.5923 0
    endloop
  endfacet
  facet normal 0 0 -1
    outer loop
      vertex 87.2977 73.5308 0
      vertex 87.7 75.7104 0
      vertex 87.5301 73.5692 0
    endloop
  endfacet
  facet normal 0 0 -1
    outer loop
      vertex 87.2977 73.5308 0
      vertex 87.1583 75.8367 0
      vertex 87.7 75.7104 0
    endloop
  endfacet
  facet normal 0 0 -1
    outer loop
      vertex 87.0683 73.4773 0
      vertex 87.1583 75.8367 0
      vertex 87.2977 73.5308 0
    endloop
  endfacet
  facet normal 0 0 -1
    outer loop
      vertex 86.6095 75.9273 0
      vertex 87.0683 73.4773 0
      vertex 86.8428 73.409 0
    endloop
  endfacet
  facet normal 0 0 -1
    outer loop
      vertex 86.6095 75.9273 0
      vertex 86.8428 73.409 0
      vertex 86.6223 73.326 0
    endloop
  endfacet
  facet normal 0 0 -1
    outer loop
      vertex 87.0683 73.4773 0
      vertex 86.6095 75.9273 0
      vertex 87.1583 75.8367 0
    endloop
  endfacet
  facet normal 0 0 -1
    outer loop
      vertex 86.0559 75.9818 0
      vertex 86.6223 73.326 0
      vertex 86.4078 73.2287 0
    endloop
  endfacet
  facet normal 0 0 -1
    outer loop
      vertex 85.5 76 0
      vertex 86.4078 73.2287 0
      vertex 86.2 73.1177 0
    endloop
  endfacet
  facet normal 0 0 -1
    outer loop
      vertex 86.6223 73.326 0
      vertex 86.0559 75.9818 0
      vertex 86.6095 75.9273 0
    endloop
  endfacet
  facet normal 0 0 -1
    outer loop
      vertex 85.5 76 0
      vertex 86.2 73.1177 0
      vertex 85.9999 72.9933 0
    endloop
  endfacet
  facet normal 0 0 -1
    outer loop
      vertex 85.5 76 0
      vertex 85.9999 72.9933 0
      vertex 85.8085 72.8561 0
    endloop
  endfacet
  facet normal 0 0 -1
    outer loop
      vertex 85.5 76 0
      vertex 85.8085 72.8561 0
      vertex 85.6264 72.7066 0
    endloop
  endfacet
  facet normal 0 0 -1
    outer loop
      vertex 86.4078 73.2287 0
      vertex 85.5 76 0
      vertex 86.0559 75.9818 0
    endloop
  endfacet
  facet normal 0 0 -1
    outer loop
      vertex 85.4544 72.5456 0
      vertex 85.5 76 0
      vertex 85.6264 72.7066 0
    endloop
  endfacet
  facet normal 0 0 -1
    outer loop
      vertex 85.2934 72.3736 0
      vertex 85.5 76 0
      vertex 85.4544 72.5456 0
    endloop
  endfacet
  facet normal 0 0 -1
    outer loop
      vertex 85.1439 72.1915 0
      vertex 85.5 76 0
      vertex 85.2934 72.3736 0
    endloop
  endfacet
  facet normal 0 0 -1
    outer loop
      vertex 85.0067 72.0001 0
      vertex 85.5 76 0
      vertex 85.1439 72.1915 0
    endloop
  endfacet
  facet normal 0 0 -1
    outer loop
      vertex 84.8823 71.8 0
      vertex 85.5 76 0
      vertex 85.0067 72.0001 0
    endloop
  endfacet
  facet normal 0 0 -1
    outer loop
      vertex 84.7713 71.5922 0
      vertex 85.5 76 0
      vertex 84.8823 71.8 0
    endloop
  endfacet
  facet normal 0 0 -1
    outer loop
      vertex 84.674 71.3777 0
      vertex 85.5 76 0
      vertex 84.7713 71.5922 0
    endloop
  endfacet
  facet normal 0 0 -1
    outer loop
      vertex 84.591 71.1572 0
      vertex 85.5 76 0
      vertex 84.674 71.3777 0
    endloop
  endfacet
  facet normal 0 0 -1
    outer loop
      vertex 57.4046 60.489 0
      vertex 84.591 71.1572 0
      vertex 84.5227 70.9317 0
    endloop
  endfacet
  facet normal 0 0 -1
    outer loop
      vertex 58.53 59.8875 0
      vertex 84.5227 70.9317 0
      vertex 84.4692 70.7023 0
    endloop
  endfacet
  facet normal -0 0 -1
    outer loop
      vertex 85.0067 67.9999 0
      vertex 64.2504 54.8708 0
      vertex 84.8823 68.2 0
    endloop
  endfacet
  facet normal 0 0 -1
    outer loop
      vertex 68.28 43 0
      vertex 84.3194 33.0982 0
      vertex 84.2767 32.9573 0
    endloop
  endfacet
  facet normal 0 0 -1
    outer loop
      vertex 68.28 43 0
      vertex 84.2767 32.9573 0
      vertex 84.2432 32.814 0
    endloop
  endfacet
  facet normal 0 0 -1
    outer loop
      vertex 68.28 43 0
      vertex 84.2432 32.814 0
      vertex 84.2192 32.6687 0
    endloop
  endfacet
  facet normal 0 0 -1
    outer loop
      vertex 68.28 43 0
      vertex 84.2192 32.6687 0
      vertex 84.2048 32.5222 0
    endloop
  endfacet
  facet normal 0 0 -1
    outer loop
      vertex 68.28 43 0
      vertex 84.2048 32.5222 0
      vertex 84.2 32.375 0
    endloop
  endfacet
  facet normal 0 0 -1
    outer loop
      vertex 84.3194 33.0982 0
      vertex 68.28 43 0
      vertex 68.2383 44.2754 0
    endloop
  endfacet
  facet normal 0 0 -1
    outer loop
      vertex 84.3194 33.0982 0
      vertex 68.2383 44.2754 0
      vertex 68.1132 45.5453 0
    endloop
  endfacet
  facet normal 0 0 -1
    outer loop
      vertex 84.3194 33.0982 0
      vertex 68.1132 45.5453 0
      vertex 67.9053 46.8043 0
    endloop
  endfacet
  facet normal -0 0 -1
    outer loop
      vertex 84.8823 68.2 0
      vertex 64.2504 54.8708 0
      vertex 84.7713 68.4078 0
    endloop
  endfacet
  facet normal 0 0 -1
    outer loop
      vertex 63.4409 55.8572 0
      vertex 84.7713 68.4078 0
      vertex 64.2504 54.8708 0
    endloop
  endfacet
  facet normal -0 0 -1
    outer loop
      vertex 84.7713 68.4078 0
      vertex 63.4409 55.8572 0
      vertex 84.674 68.6223 0
    endloop
  endfacet
  facet normal -0 0 -1
    outer loop
      vertex 84.674 68.6223 0
      vertex 63.4409 55.8572 0
      vertex 84.591 68.8428 0
    endloop
  endfacet
  facet normal 0 0 -1
    outer loop
      vertex 62.5686 56.7886 0
      vertex 84.591 68.8428 0
      vertex 63.4409 55.8572 0
    endloop
  endfacet
  facet normal -0 0 -1
    outer loop
      vertex 84.591 68.8428 0
      vertex 62.5686 56.7886 0
      vertex 84.5227 69.0683 0
    endloop
  endfacet
  facet normal -0 0 -1
    outer loop
      vertex 84.5227 69.0683 0
      vertex 62.5686 56.7886 0
      vertex 84.4692 69.2977 0
    endloop
  endfacet
  facet normal 0 0 -1
    outer loop
      vertex 61.6372 57.6609 0
      vertex 84.4692 69.2977 0
      vertex 62.5686 56.7886 0
    endloop
  endfacet
  facet normal -0 0 -1
    outer loop
      vertex 84.4692 69.2977 0
      vertex 61.6372 57.6609 0
      vertex 84.4308 69.5301 0
    endloop
  endfacet
  facet normal -0 0 -1
    outer loop
      vertex 84.4308 69.5301 0
      vertex 61.6372 57.6609 0
      vertex 84.4077 69.7645 0
    endloop
  endfacet
  facet normal 0 0 -1
    outer loop
      vertex 60.6508 58.4704 0
      vertex 84.4077 69.7645 0
      vertex 61.6372 57.6609 0
    endloop
  endfacet
  facet normal -0 0 -1
    outer loop
      vertex 84.4077 69.7645 0
      vertex 60.6508 58.4704 0
      vertex 84.4 70 0
    endloop
  endfacet
  facet normal -0 0 -1
    outer loop
      vertex 84.4 70 0
      vertex 60.6508 58.4704 0
      vertex 84.4077 70.2355 0
    endloop
  endfacet
  facet normal 0 0 -1
    outer loop
      vertex 59.6136 59.2137 0
      vertex 84.4077 70.2355 0
      vertex 60.6508 58.4704 0
    endloop
  endfacet
  facet normal -0 0 -1
    outer loop
      vertex 84.4077 70.2355 0
      vertex 59.6136 59.2137 0
      vertex 84.4308 70.4699 0
    endloop
  endfacet
  facet normal -0 0 -1
    outer loop
      vertex 84.4308 70.4699 0
      vertex 59.6136 59.2137 0
      vertex 84.4692 70.7023 0
    endloop
  endfacet
  facet normal 0 0 -1
    outer loop
      vertex 58.53 59.8875 0
      vertex 84.4692 70.7023 0
      vertex 59.6136 59.2137 0
    endloop
  endfacet
  facet normal 0 0 -1
    outer loop
      vertex 84.5227 70.9317 0
      vertex 58.53 59.8875 0
      vertex 57.4046 60.489 0
    endloop
  endfacet
  facet normal -0 0 -1
    outer loop
      vertex 84.591 71.1572 0
      vertex 57.4046 60.489 0
      vertex 85.5 76 0
    endloop
  endfacet
  facet normal 0 0 -1
    outer loop
      vertex 56.2423 61.0157 0
      vertex 85.5 76 0
      vertex 57.4046 60.489 0
    endloop
  endfacet
  facet normal 0 0 -1
    outer loop
      vertex 55.0481 61.4651 0
      vertex 85.5 76 0
      vertex 56.2423 61.0157 0
    endloop
  endfacet
  facet normal 0 0 -1
    outer loop
      vertex 53.827 61.8356 0
      vertex 85.5 76 0
      vertex 55.0481 61.4651 0
    endloop
  endfacet
  facet normal 0 0 -1
    outer loop
      vertex 52.5843 62.1253 0
      vertex 85.5 76 0
      vertex 53.827 61.8356 0
    endloop
  endfacet
  facet normal 0 0 -1
    outer loop
      vertex 51.3253 62.3332 0
      vertex 85.5 76 0
      vertex 52.5843 62.1253 0
    endloop
  endfacet
  facet normal 0 0 -1
    outer loop
      vertex 50.0554 62.4582 0
      vertex 85.5 76 0
      vertex 51.3253 62.3332 0
    endloop
  endfacet
  facet normal 0 0 -1
    outer loop
      vertex 48.78 62.5 0
      vertex 85.5 76 0
      vertex 50.0554 62.4582 0
    endloop
  endfacet
  facet normal 0 0 -1
    outer loop
      vertex 8.5 76 0
      vertex 48.78 62.5 0
      vertex 47.5046 62.4582 0
    endloop
  endfacet
  facet normal 0 0 -1
    outer loop
      vertex 8.5 76 0
      vertex 47.5046 62.4582 0
      vertex 46.2347 62.3332 0
    endloop
  endfacet
  facet normal 0 0 -1
    outer loop
      vertex 8.5 76 0
      vertex 46.2347 62.3332 0
      vertex 44.9757 62.1253 0
    endloop
  endfacet
  facet normal 0 0 -1
    outer loop
      vertex 8.5 76 0
      vertex 44.9757 62.1253 0
      vertex 43.733 61.8356 0
    endloop
  endfacet
  facet normal 0 0 -1
    outer loop
      vertex 8.5 76 0
      vertex 43.733 61.8356 0
      vertex 42.5119 61.4651 0
    endloop
  endfacet
  facet normal -0 0 -1
    outer loop
      vertex 34.1191 30.1428 0
      vertex 8.70662 8.37364 0
      vertex 33.3096 31.1292 0
    endloop
  endfacet
  facet normal 0 0 -1
    outer loop
      vertex 8.54558 8.54558 0
      vertex 33.3096 31.1292 0
      vertex 8.70662 8.37364 0
    endloop
  endfacet
  facet normal 0 0 -1
    outer loop
      vertex 8.37364 8.70662 0
      vertex 33.3096 31.1292 0
      vertex 8.54558 8.54558 0
    endloop
  endfacet
  facet normal -0 0 -1
    outer loop
      vertex 33.3096 31.1292 0
      vertex 8.37364 8.70662 0
      vertex 32.5663 32.1664 0
    endloop
  endfacet
  facet normal 0 0 -1
    outer loop
      vertex 8.19154 8.85607 0
      vertex 32.5663 32.1664 0
      vertex 8.37364 8.70662 0
    endloop
  endfacet
  facet normal 0 0 -1
    outer loop
      vertex 8.00005 8.99329 0
      vertex 32.5663 32.1664 0
      vertex 8.19154 8.85607 0
    endloop
  endfacet
  facet normal -0 0 -1
    outer loop
      vertex 32.5663 32.1664 0
      vertex 8.00005 8.99329 0
      vertex 31.8925 33.25 0
    endloop
  endfacet
  facet normal 0 0 -1
    outer loop
      vertex 7.8 9.11769 0
      vertex 31.8925 33.25 0
      vertex 8.00005 8.99329 0
    endloop
  endfacet
  facet normal 0 0 -1
    outer loop
      vertex 7.59224 9.22874 0
      vertex 31.8925 33.25 0
      vertex 7.8 9.11769 0
    endloop
  endfacet
  facet normal -0 0 -1
    outer loop
      vertex 31.8925 33.25 0
      vertex 7.59224 9.22874 0
      vertex 31.291 34.3754 0
    endloop
  endfacet
  facet normal 0 0 -1
    outer loop
      vertex 7.37766 9.32597 0
      vertex 31.291 34.3754 0
      vertex 7.59224 9.22874 0
    endloop
  endfacet
  facet normal -0 0 -1
    outer loop
      vertex 31.291 34.3754 0
      vertex 7.37766 9.32597 0
      vertex 30.7643 35.5377 0
    endloop
  endfacet
  facet normal 0 0 -1
    outer loop
      vertex 7.15718 9.40895 0
      vertex 30.7643 35.5377 0
      vertex 7.37766 9.32597 0
    endloop
  endfacet
  facet normal 0 0 -1
    outer loop
      vertex 6.93175 9.47733 0
      vertex 30.7643 35.5377 0
      vertex 7.15718 9.40895 0
    endloop
  endfacet
  facet normal -0 0 -1
    outer loop
      vertex 30.7643 35.5377 0
      vertex 6.93175 9.47733 0
      vertex 30.3149 36.7319 0
    endloop
  endfacet
  facet normal 0 0 -1
    outer loop
      vertex 6.70232 9.53083 0
      vertex 30.3149 36.7319 0
      vertex 6.93175 9.47733 0
    endloop
  endfacet
  facet normal 0 0 -1
    outer loop
      vertex 6.46989 9.5692 0
      vertex 30.3149 36.7319 0
      vertex 6.70232 9.53083 0
    endloop
  endfacet
  facet normal -0 0 -1
    outer loop
      vertex 30.3149 36.7319 0
      vertex 6.46989 9.5692 0
      vertex 29.9444 37.953 0
    endloop
  endfacet
  facet normal 0 0 -1
    outer loop
      vertex 6.23545 9.59229 0
      vertex 29.9444 37.953 0
      vertex 6.46989 9.5692 0
    endloop
  endfacet
  facet normal 0 0 -1
    outer loop
      vertex 48.78 62.5 0
      vertex 8.5 76 0
      vertex 85.5 76 0
    endloop
  endfacet
  facet normal 0 0 -1
    outer loop
      vertex 41.3177 61.0157 0
      vertex 8.5 76 0
      vertex 42.5119 61.4651 0
    endloop
  endfacet
  facet normal 0 0 -1
    outer loop
      vertex 40.1554 60.489 0
      vertex 8.5 76 0
      vertex 41.3177 61.0157 0
    endloop
  endfacet
  facet normal 0 0 -1
    outer loop
      vertex 39.03 59.8875 0
      vertex 8.5 76 0
      vertex 40.1554 60.489 0
    endloop
  endfacet
  facet normal 0 0 -1
    outer loop
      vertex 37.9464 59.2137 0
      vertex 8.5 76 0
      vertex 39.03 59.8875 0
    endloop
  endfacet
  facet normal 0 0 -1
    outer loop
      vertex 36.9092 58.4704 0
      vertex 8.5 76 0
      vertex 37.9464 59.2137 0
    endloop
  endfacet
  facet normal 0 0 -1
    outer loop
      vertex 35.9228 57.6609 0
      vertex 8.5 76 0
      vertex 36.9092 58.4704 0
    endloop
  endfacet
  facet normal 0 0 -1
    outer loop
      vertex 34.9914 56.7886 0
      vertex 8.5 76 0
      vertex 35.9228 57.6609 0
    endloop
  endfacet
  facet normal 0 0 -1
    outer loop
      vertex 34.1191 55.8572 0
      vertex 8.5 76 0
      vertex 34.9914 56.7886 0
    endloop
  endfacet
  facet normal 0 0 -1
    outer loop
      vertex 33.3096 54.8708 0
      vertex 8.5 76 0
      vertex 34.1191 55.8572 0
    endloop
  endfacet
  facet normal 0 0 -1
    outer loop
      vertex 32.5663 53.8336 0
      vertex 8.5 76 0
      vertex 33.3096 54.8708 0
    endloop
  endfacet
  facet normal 0 0 -1
    outer loop
      vertex 31.8925 52.75 0
      vertex 8.5 76 0
      vertex 32.5663 53.8336 0
    endloop
  endfacet
  facet normal 0 0 -1
    outer loop
      vertex 31.291 51.6246 0
      vertex 8.5 76 0
      vertex 31.8925 52.75 0
    endloop
  endfacet
  facet normal -0 0 -1
    outer loop
      vertex 29.9444 37.953 0
      vertex 6.23545 9.59229 0
      vertex 29.6547 39.1957 0
    endloop
  endfacet
  facet normal 0 0 -1
    outer loop
      vertex 6 9.6 0
      vertex 29.6547 39.1957 0
      vertex 6.23545 9.59229 0
    endloop
  endfacet
  facet normal 0 0 -1
    outer loop
      vertex 5.76455 9.59229 0
      vertex 29.6547 39.1957 0
      vertex 6 9.6 0
    endloop
  endfacet
  facet normal -0 0 -1
    outer loop
      vertex 29.6547 39.1957 0
      vertex 5.76455 9.59229 0
      vertex 29.4468 40.4547 0
    endloop
  endfacet
  facet normal 0 0 -1
    outer loop
      vertex 31.291 51.6246 0
      vertex 0 67.5 0
      vertex 8.5 76 0
    endloop
  endfacet
  facet normal 0 0 -1
    outer loop
      vertex 5.53011 9.5692 0
      vertex 29.4468 40.4547 0
      vertex 5.76455 9.59229 0
    endloop
  endfacet
  facet normal -0 0 -1
    outer loop
      vertex 29.4468 40.4547 0
      vertex 5.53011 9.5692 0
      vertex 29.3218 41.7246 0
    endloop
  endfacet
  facet normal 0 0 -1
    outer loop
      vertex 8.5 76 0
      vertex 0 67.5 0
      vertex 7.94407 75.9818 0
    endloop
  endfacet
  facet normal 0 0 -1
    outer loop
      vertex 5.29767 9.53083 0
      vertex 29.3218 41.7246 0
      vertex 5.53011 9.5692 0
    endloop
  endfacet
  facet normal 0 0 -1
    outer loop
      vertex 29.3218 41.7246 0
      vertex 0 67.5 0
      vertex 29.28 43 0
    endloop
  endfacet
  facet normal 0 0 -1
    outer loop
      vertex 29.28 43 0
      vertex 0 67.5 0
      vertex 29.3218 44.2754 0
    endloop
  endfacet
  facet normal 0 0 -1
    outer loop
      vertex 7.94407 75.9818 0
      vertex 0 67.5 0
      vertex 7.39053 75.9273 0
    endloop
  endfacet
  facet normal 0 0 -1
    outer loop
      vertex 29.3218 44.2754 0
      vertex 0 67.5 0
      vertex 29.4468 45.5453 0
    endloop
  endfacet
  facet normal 0 0 -1
    outer loop
      vertex 29.4468 45.5453 0
      vertex 0 67.5 0
      vertex 29.6547 46.8043 0
    endloop
  endfacet
  facet normal 0 0 -1
    outer loop
      vertex 7.39053 75.9273 0
      vertex 0 67.5 0
      vertex 6.84173 75.8367 0
    endloop
  endfacet
  facet normal 0 0 -1
    outer loop
      vertex 29.9444 48.047 0
      vertex 0 67.5 0
      vertex 30.3149 49.2681 0
    endloop
  endfacet
  facet normal 0 0 -1
    outer loop
      vertex 30.7643 50.4623 0
      vertex 0 67.5 0
      vertex 31.291 51.6246 0
    endloop
  endfacet
  facet normal 0 0 -1
    outer loop
      vertex 6.84173 75.8367 0
      vertex 0 67.5 0
      vertex 6.30004 75.7104 0
    endloop
  endfacet
  facet normal 0 0 -1
    outer loop
      vertex 30.3149 49.2681 0
      vertex 0 67.5 0
      vertex 30.7643 50.4623 0
    endloop
  endfacet
  facet normal 0 0 -1
    outer loop
      vertex 29.6547 46.8043 0
      vertex 0 67.5 0
      vertex 29.9444 48.047 0
    endloop
  endfacet
  facet normal -0 0 -1
    outer loop
      vertex 29.3218 41.7246 0
      vertex 5.29767 9.53083 0
      vertex 0 67.5 0
    endloop
  endfacet
  facet normal 0 0 -1
    outer loop
      vertex 6.30004 75.7104 0
      vertex 0 67.5 0
      vertex 5.76776 75.5489 0
    endloop
  endfacet
  facet normal 0 0 -1
    outer loop
      vertex 0 67.5 0
      vertex 5.29767 9.53083 0
      vertex 5.06825 9.47733 0
    endloop
  endfacet
  facet normal 0 0 -1
    outer loop
      vertex 0 8.5 0
      vertex 5.06825 9.47733 0
      vertex 4.84282 9.40895 0
    endloop
  endfacet
  facet normal 0 0 -1
    outer loop
      vertex 5.76776 75.5489 0
      vertex 0 67.5 0
      vertex 5.24719 75.353 0
    endloop
  endfacet
  facet normal 0 0 -1
    outer loop
      vertex 0 8.5 0
      vertex 4.84282 9.40895 0
      vertex 4.62234 9.32597 0
    endloop
  endfacet
  facet normal 0 0 -1
    outer loop
      vertex 0 8.5 0
      vertex 4.62234 9.32597 0
      vertex 4.40776 9.22874 0
    endloop
  endfacet
  facet normal 0 0 -1
    outer loop
      vertex 5.24719 75.353 0
      vertex 0 67.5 0
      vertex 4.74055 75.1234 0
    endloop
  endfacet
  facet normal 0 0 -1
    outer loop
      vertex 0 8.5 0
      vertex 4.40776 9.22874 0
      vertex 4.2 9.11769 0
    endloop
  endfacet
  facet normal 0 0 -1
    outer loop
      vertex 0 8.5 0
      vertex 4.2 9.11769 0
      vertex 3.99995 8.99329 0
    endloop
  endfacet
  facet normal 0 0 -1
    outer loop
      vertex 0 8.5 0
      vertex 3.99995 8.99329 0
      vertex 3.80846 8.85607 0
    endloop
  endfacet
  facet normal 0 0 -1
    outer loop
      vertex 4.74055 75.1234 0
      vertex 0 67.5 0
      vertex 4.25 74.8612 0
    endloop
  endfacet
  facet normal 0 0 -1
    outer loop
      vertex 0 8.5 0
      vertex 3.80846 8.85607 0
      vertex 3.62635 8.70662 0
    endloop
  endfacet
  facet normal 0 0 -1
    outer loop
      vertex 0 8.5 0
      vertex 3.62635 8.70662 0
      vertex 3.45442 8.54558 0
    endloop
  endfacet
  facet normal 0 0 -1
    outer loop
      vertex 4.25 74.8612 0
      vertex 0 67.5 0
      vertex 3.77765 74.5675 0
    endloop
  endfacet
  facet normal 0 0 -1
    outer loop
      vertex 0 8.5 0
      vertex 3.45442 8.54558 0
      vertex 3.29338 8.37364 0
    endloop
  endfacet
  facet normal 0 0 -1
    outer loop
      vertex 0 8.5 0
      vertex 3.29338 8.37364 0
      vertex 3.14393 8.19154 0
    endloop
  endfacet
  facet normal 0 0 -1
    outer loop
      vertex 0 8.5 0
      vertex 3.14393 8.19154 0
      vertex 3.00671 8.00005 0
    endloop
  endfacet
  facet normal 0 0 -1
    outer loop
      vertex 3.77765 74.5675 0
      vertex 0 67.5 0
      vertex 3.32553 74.2435 0
    endloop
  endfacet
  facet normal 0 0 -1
    outer loop
      vertex 0 8.5 0
      vertex 3.00671 8.00005 0
      vertex 2.88231 7.8 0
    endloop
  endfacet
  facet normal 0 0 -1
    outer loop
      vertex 0 8.5 0
      vertex 2.88231 7.8 0
      vertex 2.77126 7.59224 0
    endloop
  endfacet
  facet normal 0 0 -1
    outer loop
      vertex 0.018199 7.94407 0
      vertex 2.77126 7.59224 0
      vertex 2.67403 7.37766 0
    endloop
  endfacet
  facet normal 0 0 -1
    outer loop
      vertex 0.0727186 7.39053 0
      vertex 2.67403 7.37766 0
      vertex 2.59105 7.15718 0
    endloop
  endfacet
  facet normal 0 0 -1
    outer loop
      vertex 0.0727186 7.39053 0
      vertex 2.59105 7.15718 0
      vertex 2.52267 6.93175 0
    endloop
  endfacet
  facet normal 0 0 -1
    outer loop
      vertex 3.32553 74.2435 0
      vertex 0 67.5 0
      vertex 2.89556 73.8906 0
    endloop
  endfacet
  facet normal 0 0 -1
    outer loop
      vertex 0.163324 6.84173 0
      vertex 2.52267 6.93175 0
      vertex 2.46917 6.70232 0
    endloop
  endfacet
  facet normal 0 0 -1
    outer loop
      vertex 0.28963 6.30004 0
      vertex 2.46917 6.70232 0
      vertex 2.4308 6.46989 0
    endloop
  endfacet
  facet normal 0 0 -1
    outer loop
      vertex 0.28963 6.30004 0
      vertex 2.4308 6.46989 0
      vertex 2.40771 6.23545 0
    endloop
  endfacet
  facet normal 0 0 -1
    outer loop
      vertex 0.451094 5.76776 0
      vertex 2.40771 6.23545 0
      vertex 2.4 6 0
    endloop
  endfacet
  facet normal -0 0 -1
    outer loop
      vertex 2.52267 5.06825 0
      vertex 0.876581 4.74055 0
      vertex 2.46917 5.29767 0
    endloop
  endfacet
  facet normal -0 0 -1
    outer loop
      vertex 5.06825 9.47733 0
      vertex 0 8.5 0
      vertex 0 67.5 0
    endloop
  endfacet
  facet normal -0 0 -1
    outer loop
      vertex 2.46917 5.29767 0
      vertex 0.876581 4.74055 0
      vertex 2.4308 5.53011 0
    endloop
  endfacet
  facet normal 0 0 -1
    outer loop
      vertex 2.89556 73.8906 0
      vertex 0 67.5 0
      vertex 2.48959 73.5104 0
    endloop
  endfacet
  facet normal 0 0 -1
    outer loop
      vertex 0.647023 5.24719 0
      vertex 2.4308 5.53011 0
      vertex 0.876581 4.74055 0
    endloop
  endfacet
  facet normal 0 0 -1
    outer loop
      vertex 2.48959 73.5104 0
      vertex 0 67.5 0
      vertex 2.10936 73.1044 0
    endloop
  endfacet
  facet normal -0 0 -1
    outer loop
      vertex 2.4308 5.53011 0
      vertex 0.647023 5.24719 0
      vertex 2.40771 5.76455 0
    endloop
  endfacet
  facet normal 0 0 -1
    outer loop
      vertex 2.10936 73.1044 0
      vertex 0 67.5 0
      vertex 1.7565 72.6745 0
    endloop
  endfacet
  facet normal 0 0 -1
    outer loop
      vertex 0.451094 5.76776 0
      vertex 2.40771 5.76455 0
      vertex 0.647023 5.24719 0
    endloop
  endfacet
  facet normal 0 0 -1
    outer loop
      vertex 1.7565 72.6745 0
      vertex 0 67.5 0
      vertex 1.43251 72.2223 0
    endloop
  endfacet
  facet normal 0 0 -1
    outer loop
      vertex 2.40771 5.76455 0
      vertex 0.451094 5.76776 0
      vertex 2.4 6 0
    endloop
  endfacet
  facet normal 0 0 -1
    outer loop
      vertex 1.43251 72.2223 0
      vertex 0 67.5 0
      vertex 1.13878 71.75 0
    endloop
  endfacet
  facet normal -0 0 -1
    outer loop
      vertex 2.40771 6.23545 0
      vertex 0.451094 5.76776 0
      vertex 0.28963 6.30004 0
    endloop
  endfacet
  facet normal 0 0 -1
    outer loop
      vertex 1.13878 71.75 0
      vertex 0 67.5 0
      vertex 0.876581 71.2595 0
    endloop
  endfacet
  facet normal -0 0 -1
    outer loop
      vertex 2.46917 6.70232 0
      vertex 0.28963 6.30004 0
      vertex 0.163324 6.84173 0
    endloop
  endfacet
  facet normal 0 0 -1
    outer loop
      vertex 0.876581 71.2595 0
      vertex 0 67.5 0
      vertex 0.647023 70.7528 0
    endloop
  endfacet
  facet normal -0 0 -1
    outer loop
      vertex 2.52267 6.93175 0
      vertex 0.163324 6.84173 0
      vertex 0.0727186 7.39053 0
    endloop
  endfacet
  facet normal 0 0 -1
    outer loop
      vertex 0.647023 70.7528 0
      vertex 0 67.5 0
      vertex 0.451094 70.2322 0
    endloop
  endfacet
  facet normal 0 0 -1
    outer loop
      vertex 2.67403 7.37766 0
      vertex 0.0727186 7.39053 0
      vertex 0.018199 7.94407 0
    endloop
  endfacet
  facet normal 0 0 -1
    outer loop
      vertex 0.451094 70.2322 0
      vertex 0 67.5 0
      vertex 0.28963 69.7 0
    endloop
  endfacet
  facet normal 0 0 -1
    outer loop
      vertex 2.77126 7.59224 0
      vertex 0.018199 7.94407 0
      vertex 0 8.5 0
    endloop
  endfacet
  facet normal 0 0 -1
    outer loop
      vertex 0.28963 69.7 0
      vertex 0 67.5 0
      vertex 0.163324 69.1583 0
    endloop
  endfacet
  facet normal 0 0 -1
    outer loop
      vertex 0.163324 69.1583 0
      vertex 0 67.5 0
      vertex 0.0727186 68.6095 0
    endloop
  endfacet
  facet normal 0 0 -1
    outer loop
      vertex 0.0727186 68.6095 0
      vertex 0 67.5 0
      vertex 0.018199 68.0559 0
    endloop
  endfacet
  facet normal 0 0 -1
    outer loop
      vertex 94 8.5 0
      vertex 88.7952 20.0222 0
      vertex 88.7807 20.1687 0
    endloop
  endfacet
  facet normal 0 0 -1
    outer loop
      vertex 94 8.5 0
      vertex 88.7807 20.1687 0
      vertex 88.7568 20.314 0
    endloop
  endfacet
  facet normal 0 0 -1
    outer loop
      vertex 94 8.5 0
      vertex 88.7568 20.314 0
      vertex 88.6568 31.936 0
    endloop
  endfacet
  facet normal 0 0 -1
    outer loop
      vertex 88.6568 31.936 0
      vertex 88.7568 20.314 0
      vertex 88.7233 20.4573 0
    endloop
  endfacet
  facet normal 0 0 -1
    outer loop
      vertex 94 67.5 0
      vertex 91.2287 68.4078 0
      vertex 93.9818 68.0559 0
    endloop
  endfacet
  facet normal 0 -0 -1
    outer loop
      vertex 91.2287 68.4078 0
      vertex 94 67.5 0
      vertex 91.1177 68.2 0
    endloop
  endfacet
  facet normal 0 0 -1
    outer loop
      vertex 94 8.5 0
      vertex 88.6952 32.2278 0
      vertex 88.7 32.375 0
    endloop
  endfacet
  facet normal 0 0 -1
    outer loop
      vertex 94 8.5 0
      vertex 88.6807 32.0813 0
      vertex 88.6952 32.2278 0
    endloop
  endfacet
  facet normal 0 0 -1
    outer loop
      vertex 88.6233 31.7927 0
      vertex 88.7233 20.4573 0
      vertex 88.6806 20.5982 0
    endloop
  endfacet
  facet normal 0 0 -1
    outer loop
      vertex 94 8.5 0
      vertex 88.6568 31.936 0
      vertex 88.6807 32.0813 0
    endloop
  endfacet
  facet normal 0 0 -1
    outer loop
      vertex 88.5806 31.6518 0
      vertex 88.6806 20.5982 0
      vertex 88.6287 20.736 0
    endloop
  endfacet
  facet normal 0 0 -1
    outer loop
      vertex 88.7233 20.4573 0
      vertex 88.6233 31.7927 0
      vertex 88.6568 31.936 0
    endloop
  endfacet
  facet normal 0 0 -1
    outer loop
      vertex 88.6806 20.5982 0
      vertex 88.5806 31.6518 0
      vertex 88.6233 31.7927 0
    endloop
  endfacet
  facet normal 0 0 -1
    outer loop
      vertex 88.5287 31.514 0
      vertex 88.6287 20.736 0
      vertex 88.568 20.8701 0
    endloop
  endfacet
  facet normal 0 0 -1
    outer loop
      vertex 88.6287 20.736 0
      vertex 88.5287 31.514 0
      vertex 88.5806 31.6518 0
    endloop
  endfacet
  facet normal 0 0 -1
    outer loop
      vertex 88.468 31.3799 0
      vertex 88.568 20.8701 0
      vertex 88.4986 21 0
    endloop
  endfacet
  facet normal 0 0 -1
    outer loop
      vertex 88.568 20.8701 0
      vertex 88.468 31.3799 0
      vertex 88.5287 31.514 0
    endloop
  endfacet
  facet normal 0 0 -1
    outer loop
      vertex 88.3986 31.25 0
      vertex 88.4986 21 0
      vertex 88.4208 21.125 0
    endloop
  endfacet
  facet normal 0 0 -1
    outer loop
      vertex 88.4986 21 0
      vertex 88.3986 31.25 0
      vertex 88.468 31.3799 0
    endloop
  endfacet
  facet normal 0 0 -1
    outer loop
      vertex 88.3208 31.125 0
      vertex 88.4208 21.125 0
      vertex 88.335 21.2447 0
    endloop
  endfacet
  facet normal 0 0 -1
    outer loop
      vertex 88.4208 21.125 0
      vertex 88.3208 31.125 0
      vertex 88.3986 31.25 0
    endloop
  endfacet
  facet normal 0 0 -1
    outer loop
      vertex 88.235 31.0053 0
      vertex 88.335 21.2447 0
      vertex 88.2416 21.3585 0
    endloop
  endfacet
  facet normal 0 0 -1
    outer loop
      vertex 88.335 21.2447 0
      vertex 88.235 31.0053 0
      vertex 88.3208 31.125 0
    endloop
  endfacet
  facet normal 0 0 -1
    outer loop
      vertex 88.2416 21.3585 0
      vertex 88.1416 30.8915 0
      vertex 88.235 31.0053 0
    endloop
  endfacet
  facet normal 0 0 -1
    outer loop
      vertex 88.141 21.466 0
      vertex 88.1416 30.8915 0
      vertex 88.2416 21.3585 0
    endloop
  endfacet
  facet normal 0 0 -1
    outer loop
      vertex 88.141 21.466 0
      vertex 88.041 30.784 0
      vertex 88.1416 30.8915 0
    endloop
  endfacet
  facet normal 0 0 -1
    outer loop
      vertex 88.0335 21.5666 0
      vertex 88.041 30.784 0
      vertex 88.141 21.466 0
    endloop
  endfacet
  facet normal 0 0 -1
    outer loop
      vertex 88.0335 21.5666 0
      vertex 87.9335 30.6834 0
      vertex 88.041 30.784 0
    endloop
  endfacet
  facet normal 0 0 -1
    outer loop
      vertex 87.9197 21.66 0
      vertex 87.9335 30.6834 0
      vertex 88.0335 21.5666 0
    endloop
  endfacet
  facet normal 0 0 -1
    outer loop
      vertex 87.9197 21.66 0
      vertex 87.8197 30.59 0
      vertex 87.9335 30.6834 0
    endloop
  endfacet
  facet normal 0 0 -1
    outer loop
      vertex 87.8 21.7458 0
      vertex 87.8197 30.59 0
      vertex 87.9197 21.66 0
    endloop
  endfacet
  facet normal 0 0 -1
    outer loop
      vertex 87.8 21.7458 0
      vertex 87.7 30.5042 0
      vertex 87.8197 30.59 0
    endloop
  endfacet
  facet normal 0 0 -1
    outer loop
      vertex 87.675 21.8236 0
      vertex 87.7 30.5042 0
      vertex 87.8 21.7458 0
    endloop
  endfacet
  facet normal 0 0 -1
    outer loop
      vertex 87.675 21.8236 0
      vertex 87.575 30.4264 0
      vertex 87.7 30.5042 0
    endloop
  endfacet
  facet normal 0 0 -1
    outer loop
      vertex 87.5452 21.893 0
      vertex 87.575 30.4264 0
      vertex 87.675 21.8236 0
    endloop
  endfacet
  facet normal 0 0 -1
    outer loop
      vertex 87.5452 21.893 0
      vertex 87.4452 30.357 0
      vertex 87.575 30.4264 0
    endloop
  endfacet
  facet normal 0 0 -1
    outer loop
      vertex 87.411 21.9537 0
      vertex 87.4452 30.357 0
      vertex 87.5452 21.893 0
    endloop
  endfacet
  facet normal 0 0 -1
    outer loop
      vertex 87.411 21.9537 0
      vertex 87.311 30.2963 0
      vertex 87.4452 30.357 0
    endloop
  endfacet
  facet normal 0 0 -1
    outer loop
      vertex 87.2732 22.0056 0
      vertex 87.311 30.2963 0
      vertex 87.411 21.9537 0
    endloop
  endfacet
  facet normal 0 0 -1
    outer loop
      vertex 87.2732 22.0056 0
      vertex 87.1732 30.2444 0
      vertex 87.311 30.2963 0
    endloop
  endfacet
  facet normal 0 0 -1
    outer loop
      vertex 87.1323 22.0483 0
      vertex 87.1732 30.2444 0
      vertex 87.2732 22.0056 0
    endloop
  endfacet
  facet normal 0 0 -1
    outer loop
      vertex 87.1323 22.0483 0
      vertex 87.0323 30.2017 0
      vertex 87.1732 30.2444 0
    endloop
  endfacet
  facet normal 0 0 -1
    outer loop
      vertex 86.989 22.0818 0
      vertex 87.0323 30.2017 0
      vertex 87.1323 22.0483 0
    endloop
  endfacet
  facet normal 0 0 -1
    outer loop
      vertex 86.989 22.0818 0
      vertex 86.889 30.1682 0
      vertex 87.0323 30.2017 0
    endloop
  endfacet
  facet normal 0 0 -1
    outer loop
      vertex 86.8437 22.1058 0
      vertex 86.889 30.1682 0
      vertex 86.989 22.0818 0
    endloop
  endfacet
  facet normal 0 0 -1
    outer loop
      vertex 86.8437 22.1058 0
      vertex 86.7437 30.1442 0
      vertex 86.889 30.1682 0
    endloop
  endfacet
  facet normal 0 0 -1
    outer loop
      vertex 86.6972 22.1202 0
      vertex 86.7437 30.1442 0
      vertex 86.8437 22.1058 0
    endloop
  endfacet
  facet normal 0 0 -1
    outer loop
      vertex 86.6972 22.1202 0
      vertex 86.5972 30.1298 0
      vertex 86.7437 30.1442 0
    endloop
  endfacet
  facet normal 0 0 -1
    outer loop
      vertex 86.55 22.125 0
      vertex 86.5972 30.1298 0
      vertex 86.6972 22.1202 0
    endloop
  endfacet
  facet normal 0 0 -1
    outer loop
      vertex 86.55 22.125 0
      vertex 86.45 30.125 0
      vertex 86.5972 30.1298 0
    endloop
  endfacet
  facet normal 0 0 -1
    outer loop
      vertex 86.4028 22.1202 0
      vertex 86.45 30.125 0
      vertex 86.55 22.125 0
    endloop
  endfacet
  facet normal 0 0 -1
    outer loop
      vertex 86.4028 22.1202 0
      vertex 86.3028 30.1298 0
      vertex 86.45 30.125 0
    endloop
  endfacet
  facet normal 0 0 -1
    outer loop
      vertex 86.2563 22.1058 0
      vertex 86.3028 30.1298 0
      vertex 86.4028 22.1202 0
    endloop
  endfacet
  facet normal 0 0 -1
    outer loop
      vertex 86.2563 22.1058 0
      vertex 86.1563 30.1442 0
      vertex 86.3028 30.1298 0
    endloop
  endfacet
  facet normal 0 0 -1
    outer loop
      vertex 86.111 22.0818 0
      vertex 86.1563 30.1442 0
      vertex 86.2563 22.1058 0
    endloop
  endfacet
  facet normal 0 0 -1
    outer loop
      vertex 86.111 22.0818 0
      vertex 86.011 30.1682 0
      vertex 86.1563 30.1442 0
    endloop
  endfacet
  facet normal 0 0 -1
    outer loop
      vertex 85.9677 22.0483 0
      vertex 86.011 30.1682 0
      vertex 86.111 22.0818 0
    endloop
  endfacet
  facet normal 0 0 -1
    outer loop
      vertex 85.9677 22.0483 0
      vertex 85.8677 30.2017 0
      vertex 86.011 30.1682 0
    endloop
  endfacet
  facet normal 0 0 -1
    outer loop
      vertex 85.8268 22.0056 0
      vertex 85.8677 30.2017 0
      vertex 85.9677 22.0483 0
    endloop
  endfacet
  facet normal 0 0 -1
    outer loop
      vertex 85.8268 22.0056 0
      vertex 85.7268 30.2444 0
      vertex 85.8677 30.2017 0
    endloop
  endfacet
  facet normal 0 0 -1
    outer loop
      vertex 85.689 21.9537 0
      vertex 85.7268 30.2444 0
      vertex 85.8268 22.0056 0
    endloop
  endfacet
  facet normal 0 0 -1
    outer loop
      vertex 85.689 21.9537 0
      vertex 85.589 30.2963 0
      vertex 85.7268 30.2444 0
    endloop
  endfacet
  facet normal 0 0 -1
    outer loop
      vertex 85.5548 21.893 0
      vertex 85.589 30.2963 0
      vertex 85.689 21.9537 0
    endloop
  endfacet
  facet normal 0 0 -1
    outer loop
      vertex 85.5548 21.893 0
      vertex 85.4548 30.357 0
      vertex 85.589 30.2963 0
    endloop
  endfacet
  facet normal 0 0 -1
    outer loop
      vertex 85.425 21.8236 0
      vertex 85.4548 30.357 0
      vertex 85.5548 21.893 0
    endloop
  endfacet
  facet normal 0 0 -1
    outer loop
      vertex 85.425 21.8236 0
      vertex 85.325 30.4264 0
      vertex 85.4548 30.357 0
    endloop
  endfacet
  facet normal 0 0 -1
    outer loop
      vertex 85.3 21.7458 0
      vertex 85.325 30.4264 0
      vertex 85.425 21.8236 0
    endloop
  endfacet
  facet normal 0 0 -1
    outer loop
      vertex 85.3 21.7458 0
      vertex 85.2 30.5042 0
      vertex 85.325 30.4264 0
    endloop
  endfacet
  facet normal 0 0 -1
    outer loop
      vertex 85.1803 21.66 0
      vertex 85.2 30.5042 0
      vertex 85.3 21.7458 0
    endloop
  endfacet
  facet normal 0 0 -1
    outer loop
      vertex 85.1803 21.66 0
      vertex 85.0803 30.59 0
      vertex 85.2 30.5042 0
    endloop
  endfacet
  facet normal 0 0 -1
    outer loop
      vertex 85.0665 21.5666 0
      vertex 85.0803 30.59 0
      vertex 85.1803 21.66 0
    endloop
  endfacet
  facet normal 0 0 -1
    outer loop
      vertex 85.0665 21.5666 0
      vertex 84.9665 30.6834 0
      vertex 85.0803 30.59 0
    endloop
  endfacet
  facet normal 0 0 -1
    outer loop
      vertex 84.959 21.466 0
      vertex 84.9665 30.6834 0
      vertex 85.0665 21.5666 0
    endloop
  endfacet
  facet normal 0 0 -1
    outer loop
      vertex 84.959 21.466 0
      vertex 84.859 30.784 0
      vertex 84.9665 30.6834 0
    endloop
  endfacet
  facet normal 0 0 -1
    outer loop
      vertex 84.8584 21.3585 0
      vertex 84.859 30.784 0
      vertex 84.959 21.466 0
    endloop
  endfacet
  facet normal 0 0 -1
    outer loop
      vertex 84.7584 30.8915 0
      vertex 84.8584 21.3585 0
      vertex 84.765 21.2447 0
    endloop
  endfacet
  facet normal 0 0 -1
    outer loop
      vertex 84.8584 21.3585 0
      vertex 84.7584 30.8915 0
      vertex 84.859 30.784 0
    endloop
  endfacet
  facet normal 0 0 -1
    outer loop
      vertex 84.665 31.0053 0
      vertex 84.765 21.2447 0
      vertex 84.6792 21.125 0
    endloop
  endfacet
  facet normal 0 0 -1
    outer loop
      vertex 84.765 21.2447 0
      vertex 84.665 31.0053 0
      vertex 84.7584 30.8915 0
    endloop
  endfacet
  facet normal 0 0 -1
    outer loop
      vertex 84.5792 31.125 0
      vertex 84.6792 21.125 0
      vertex 84.6014 21 0
    endloop
  endfacet
  facet normal 0 0 -1
    outer loop
      vertex 84.6792 21.125 0
      vertex 84.5792 31.125 0
      vertex 84.665 31.0053 0
    endloop
  endfacet
  facet normal 0 0 -1
    outer loop
      vertex 84.5014 31.25 0
      vertex 84.6014 21 0
      vertex 84.532 20.8701 0
    endloop
  endfacet
  facet normal 0 0 -1
    outer loop
      vertex 84.6014 21 0
      vertex 84.5014 31.25 0
      vertex 84.5792 31.125 0
    endloop
  endfacet
  facet normal 0 0 -1
    outer loop
      vertex 84.432 31.3799 0
      vertex 84.532 20.8701 0
      vertex 84.4713 20.736 0
    endloop
  endfacet
  facet normal 0 0 -1
    outer loop
      vertex 84.532 20.8701 0
      vertex 84.432 31.3799 0
      vertex 84.5014 31.25 0
    endloop
  endfacet
  facet normal 0 0 -1
    outer loop
      vertex 84.3713 31.514 0
      vertex 84.4713 20.736 0
      vertex 84.4194 20.5982 0
    endloop
  endfacet
  facet normal 0 0 -1
    outer loop
      vertex 84.3194 31.6518 0
      vertex 84.4194 20.5982 0
      vertex 84.3767 20.4573 0
    endloop
  endfacet
  facet normal 0 0 -1
    outer loop
      vertex 84.4713 20.736 0
      vertex 84.3713 31.514 0
      vertex 84.432 31.3799 0
    endloop
  endfacet
  facet normal 0 0 -1
    outer loop
      vertex 84.2767 31.7927 0
      vertex 84.3767 20.4573 0
      vertex 84.3432 20.314 0
    endloop
  endfacet
  facet normal 0 0 -1
    outer loop
      vertex 84.4194 20.5982 0
      vertex 84.3194 31.6518 0
      vertex 84.3713 31.514 0
    endloop
  endfacet
  facet normal 0 0 -1
    outer loop
      vertex 84.2432 31.936 0
      vertex 84.3432 20.314 0
      vertex 84.3192 20.1687 0
    endloop
  endfacet
  facet normal 0 0 -1
    outer loop
      vertex 84.2432 31.936 0
      vertex 84.3192 20.1687 0
      vertex 84.3048 20.0222 0
    endloop
  endfacet
  facet normal 0 0 -1
    outer loop
      vertex 62.5686 29.2114 0
      vertex 84.3048 20.0222 0
      vertex 84.3 19.875 0
    endloop
  endfacet
  facet normal 0 0 -1
    outer loop
      vertex 84.3767 20.4573 0
      vertex 84.2767 31.7927 0
      vertex 84.3194 31.6518 0
    endloop
  endfacet
  facet normal 0 0 -1
    outer loop
      vertex 87.7 34.2458 0
      vertex 94 67.5 0
      vertex 87.8197 34.16 0
    endloop
  endfacet
  facet normal 0 -0 -1
    outer loop
      vertex 91.1177 68.2 0
      vertex 94 67.5 0
      vertex 90.9933 67.9999 0
    endloop
  endfacet
  facet normal 0 -0 -1
    outer loop
      vertex 90.9933 67.9999 0
      vertex 94 67.5 0
      vertex 90.8561 67.8085 0
    endloop
  endfacet
  facet normal 0 -0 -1
    outer loop
      vertex 90.8561 67.8085 0
      vertex 94 67.5 0
      vertex 90.7066 67.6264 0
    endloop
  endfacet
  facet normal 0 0 -1
    outer loop
      vertex 87.575 34.3236 0
      vertex 94 67.5 0
      vertex 87.7 34.2458 0
    endloop
  endfacet
  facet normal 0 -0 -1
    outer loop
      vertex 90.7066 67.6264 0
      vertex 94 67.5 0
      vertex 90.5456 67.4544 0
    endloop
  endfacet
  facet normal 0 -0 -1
    outer loop
      vertex 90.5456 67.4544 0
      vertex 94 67.5 0
      vertex 90.3736 67.2934 0
    endloop
  endfacet
  facet normal 0 -0 -1
    outer loop
      vertex 90.3736 67.2934 0
      vertex 94 67.5 0
      vertex 90.1915 67.1439 0
    endloop
  endfacet
  facet normal 0 -0 -1
    outer loop
      vertex 90.1915 67.1439 0
      vertex 94 67.5 0
      vertex 90.0001 67.0067 0
    endloop
  endfacet
  facet normal 0 0 -1
    outer loop
      vertex 87.4452 34.393 0
      vertex 94 67.5 0
      vertex 87.575 34.3236 0
    endloop
  endfacet
  facet normal 0 -0 -1
    outer loop
      vertex 90.0001 67.0067 0
      vertex 94 67.5 0
      vertex 89.8 66.8823 0
    endloop
  endfacet
  facet normal 0 -0 -1
    outer loop
      vertex 89.8 66.8823 0
      vertex 94 67.5 0
      vertex 89.5922 66.7713 0
    endloop
  endfacet
  facet normal 0 0 -1
    outer loop
      vertex 94 67.5 0
      vertex 89.3777 66.674 0
      vertex 89.5922 66.7713 0
    endloop
  endfacet
  facet normal 0 -0 -1
    outer loop
      vertex 89.1572 66.591 0
      vertex 94 67.5 0
      vertex 87.4452 34.393 0
    endloop
  endfacet
  facet normal 0 0 -1
    outer loop
      vertex 94 67.5 0
      vertex 89.1572 66.591 0
      vertex 89.3777 66.674 0
    endloop
  endfacet
  facet normal 0 0 -1
    outer loop
      vertex 87.311 34.4537 0
      vertex 89.1572 66.591 0
      vertex 87.4452 34.393 0
    endloop
  endfacet
  facet normal 0 0 -1
    outer loop
      vertex 89.1572 66.591 0
      vertex 87.311 34.4537 0
      vertex 88.9317 66.5227 0
    endloop
  endfacet
  facet normal 0 0 -1
    outer loop
      vertex 87.1732 34.5056 0
      vertex 88.9317 66.5227 0
      vertex 87.311 34.4537 0
    endloop
  endfacet
  facet normal 0 0 -1
    outer loop
      vertex 88.9317 66.5227 0
      vertex 87.1732 34.5056 0
      vertex 88.7023 66.4692 0
    endloop
  endfacet
  facet normal 0 0 -1
    outer loop
      vertex 87.0323 34.5483 0
      vertex 88.7023 66.4692 0
      vertex 87.1732 34.5056 0
    endloop
  endfacet
  facet normal 0 0 -1
    outer loop
      vertex 88.7023 66.4692 0
      vertex 87.0323 34.5483 0
      vertex 88.4699 66.4308 0
    endloop
  endfacet
  facet normal 0 0 -1
    outer loop
      vertex 86.889 34.5818 0
      vertex 88.4699 66.4308 0
      vertex 87.0323 34.5483 0
    endloop
  endfacet
  facet normal 0 0 -1
    outer loop
      vertex 88.4699 66.4308 0
      vertex 86.889 34.5818 0
      vertex 88.2355 66.4077 0
    endloop
  endfacet
  facet normal 0 0 -1
    outer loop
      vertex 86.7437 34.6058 0
      vertex 88.2355 66.4077 0
      vertex 86.889 34.5818 0
    endloop
  endfacet
  facet normal 0 0 -1
    outer loop
      vertex 88.2355 66.4077 0
      vertex 86.7437 34.6058 0
      vertex 88 66.4 0
    endloop
  endfacet
  facet normal 0 0 -1
    outer loop
      vertex 86.5972 34.6202 0
      vertex 88 66.4 0
      vertex 86.7437 34.6058 0
    endloop
  endfacet
  facet normal -0 0 -1
    outer loop
      vertex 88 66.4 0
      vertex 86.5972 34.6202 0
      vertex 87.7645 66.4077 0
    endloop
  endfacet
  facet normal 0 0 -1
    outer loop
      vertex 86.45 34.625 0
      vertex 87.7645 66.4077 0
      vertex 86.5972 34.6202 0
    endloop
  endfacet
  facet normal -0 0 -1
    outer loop
      vertex 87.7645 66.4077 0
      vertex 86.45 34.625 0
      vertex 87.5301 66.4308 0
    endloop
  endfacet
  facet normal 0 0 -1
    outer loop
      vertex 86.3028 34.6202 0
      vertex 87.5301 66.4308 0
      vertex 86.45 34.625 0
    endloop
  endfacet
  facet normal -0 0 -1
    outer loop
      vertex 87.5301 66.4308 0
      vertex 86.3028 34.6202 0
      vertex 87.2977 66.4692 0
    endloop
  endfacet
  facet normal 0 0 -1
    outer loop
      vertex 86.1563 34.6058 0
      vertex 87.2977 66.4692 0
      vertex 86.3028 34.6202 0
    endloop
  endfacet
  facet normal 0 0 -1
    outer loop
      vertex 67.9053 46.8043 0
      vertex 87.2977 66.4692 0
      vertex 86.1563 34.6058 0
    endloop
  endfacet
  facet normal 0 0 -1
    outer loop
      vertex 67.9053 46.8043 0
      vertex 86.1563 34.6058 0
      vertex 86.011 34.5818 0
    endloop
  endfacet
  facet normal -0 0 -1
    outer loop
      vertex 87.2977 66.4692 0
      vertex 67.9053 46.8043 0
      vertex 87.0683 66.5227 0
    endloop
  endfacet
  facet normal 0 0 -1
    outer loop
      vertex 67.9053 46.8043 0
      vertex 86.011 34.5818 0
      vertex 85.8677 34.5483 0
    endloop
  endfacet
  facet normal 0 0 -1
    outer loop
      vertex 67.6156 48.047 0
      vertex 87.0683 66.5227 0
      vertex 67.9053 46.8043 0
    endloop
  endfacet
  facet normal 0 0 -1
    outer loop
      vertex 67.9053 46.8043 0
      vertex 85.8677 34.5483 0
      vertex 85.7268 34.5056 0
    endloop
  endfacet
  facet normal 0 0 -1
    outer loop
      vertex 67.9053 46.8043 0
      vertex 85.7268 34.5056 0
      vertex 85.589 34.4537 0
    endloop
  endfacet
  facet normal -0 0 -1
    outer loop
      vertex 87.0683 66.5227 0
      vertex 67.6156 48.047 0
      vertex 86.8428 66.591 0
    endloop
  endfacet
  facet normal 0 0 -1
    outer loop
      vertex 67.9053 46.8043 0
      vertex 85.589 34.4537 0
      vertex 85.4548 34.393 0
    endloop
  endfacet
  facet normal -0 0 -1
    outer loop
      vertex 86.8428 66.591 0
      vertex 67.6156 48.047 0
      vertex 86.6223 66.674 0
    endloop
  endfacet
  facet normal 0 0 -1
    outer loop
      vertex 67.9053 46.8043 0
      vertex 85.4548 34.393 0
      vertex 85.325 34.3236 0
    endloop
  endfacet
  facet normal 0 0 -1
    outer loop
      vertex 67.2451 49.2681 0
      vertex 86.6223 66.674 0
      vertex 67.6156 48.047 0
    endloop
  endfacet
  facet normal 0 0 -1
    outer loop
      vertex 67.9053 46.8043 0
      vertex 85.325 34.3236 0
      vertex 85.2 34.2458 0
    endloop
  endfacet
  facet normal -0 0 -1
    outer loop
      vertex 86.6223 66.674 0
      vertex 67.2451 49.2681 0
      vertex 86.4078 66.7713 0
    endloop
  endfacet
  facet normal 0 0 -1
    outer loop
      vertex 67.9053 46.8043 0
      vertex 85.2 34.2458 0
      vertex 85.0803 34.16 0
    endloop
  endfacet
  facet normal -0 0 -1
    outer loop
      vertex 86.4078 66.7713 0
      vertex 67.2451 49.2681 0
      vertex 86.2 66.8823 0
    endloop
  endfacet
  facet normal 0 0 -1
    outer loop
      vertex 67.9053 46.8043 0
      vertex 85.0803 34.16 0
      vertex 84.9665 34.0666 0
    endloop
  endfacet
  facet normal 0 0 -1
    outer loop
      vertex 66.7957 50.4623 0
      vertex 86.2 66.8823 0
      vertex 67.2451 49.2681 0
    endloop
  endfacet
  facet normal 0 0 -1
    outer loop
      vertex 67.9053 46.8043 0
      vertex 84.9665 34.0666 0
      vertex 84.859 33.966 0
    endloop
  endfacet
  facet normal -0 0 -1
    outer loop
      vertex 86.2 66.8823 0
      vertex 66.7957 50.4623 0
      vertex 85.9999 67.0067 0
    endloop
  endfacet
  facet normal 0 0 -1
    outer loop
      vertex 67.9053 46.8043 0
      vertex 84.859 33.966 0
      vertex 84.7584 33.8585 0
    endloop
  endfacet
  facet normal -0 0 -1
    outer loop
      vertex 85.9999 67.0067 0
      vertex 66.7957 50.4623 0
      vertex 85.8085 67.1439 0
    endloop
  endfacet
  facet normal 0 0 -1
    outer loop
      vertex 67.9053 46.8043 0
      vertex 84.7584 33.8585 0
      vertex 84.665 33.7447 0
    endloop
  endfacet
  facet normal 0 0 -1
    outer loop
      vertex 66.269 51.6246 0
      vertex 85.8085 67.1439 0
      vertex 66.7957 50.4623 0
    endloop
  endfacet
  facet normal 0 0 -1
    outer loop
      vertex 67.9053 46.8043 0
      vertex 84.665 33.7447 0
      vertex 84.5792 33.625 0
    endloop
  endfacet
  facet normal -0 0 -1
    outer loop
      vertex 85.8085 67.1439 0
      vertex 66.269 51.6246 0
      vertex 85.6264 67.2934 0
    endloop
  endfacet
  facet normal 0 0 -1
    outer loop
      vertex 67.9053 46.8043 0
      vertex 84.5792 33.625 0
      vertex 84.5014 33.5 0
    endloop
  endfacet
  facet normal 0 0 -1
    outer loop
      vertex 65.6675 52.75 0
      vertex 85.6264 67.2934 0
      vertex 66.269 51.6246 0
    endloop
  endfacet
  facet normal 0 0 -1
    outer loop
      vertex 67.9053 46.8043 0
      vertex 84.5014 33.5 0
      vertex 84.432 33.3701 0
    endloop
  endfacet
  facet normal -0 0 -1
    outer loop
      vertex 85.6264 67.2934 0
      vertex 65.6675 52.75 0
      vertex 85.4544 67.4544 0
    endloop
  endfacet
  facet normal 0 0 -1
    outer loop
      vertex 67.9053 46.8043 0
      vertex 84.432 33.3701 0
      vertex 84.3713 33.236 0
    endloop
  endfacet
  facet normal -0 0 -1
    outer loop
      vertex 85.4544 67.4544 0
      vertex 65.6675 52.75 0
      vertex 85.2934 67.6264 0
    endloop
  endfacet
  facet normal 0 0 -1
    outer loop
      vertex 67.9053 46.8043 0
      vertex 84.3713 33.236 0
      vertex 84.3194 33.0982 0
    endloop
  endfacet
  facet normal 0 0 -1
    outer loop
      vertex 64.9937 53.8336 0
      vertex 85.2934 67.6264 0
      vertex 65.6675 52.75 0
    endloop
  endfacet
  facet normal -0 0 -1
    outer loop
      vertex 85.2934 67.6264 0
      vertex 64.9937 53.8336 0
      vertex 85.1439 67.8085 0
    endloop
  endfacet
  facet normal -0 0 -1
    outer loop
      vertex 85.1439 67.8085 0
      vertex 64.9937 53.8336 0
      vertex 85.0067 67.9999 0
    endloop
  endfacet
  facet normal 0 0 -1
    outer loop
      vertex 64.2504 54.8708 0
      vertex 85.0067 67.9999 0
      vertex 64.9937 53.8336 0
    endloop
  endfacet
  facet normal -0.881905 0.471427 0
    outer loop
      vertex 0.876581 71.2595 0
      vertex 1.13878 71.75 1.5
      vertex 1.13878 71.75 0
    endloop
  endfacet
  facet normal -0.881905 0.471427 0
    outer loop
      vertex 1.13878 71.75 1.5
      vertex 0.876581 71.2595 0
      vertex 0.876581 71.2595 1.5
    endloop
  endfacet
  facet normal 0.227065 0.97388 -0
    outer loop
      vertex 87.7 75.7104 0
      vertex 87.1583 75.8367 1.5
      vertex 87.7 75.7104 1.5
    endloop
  endfacet
  facet normal 0.227065 0.97388 0
    outer loop
      vertex 87.1583 75.8367 1.5
      vertex 87.7 75.7104 0
      vertex 87.1583 75.8367 0
    endloop
  endfacet
  facet normal 0.849223 -0.528034 0
    outer loop
      vertex 92.5675 3.77765 1.5
      vertex 92.8612 4.25 0
      vertex 92.8612 4.25 1.5
    endloop
  endfacet
  facet normal 0.849223 -0.528034 0
    outer loop
      vertex 92.8612 4.25 0
      vertex 92.5675 3.77765 1.5
      vertex 92.5675 3.77765 0
    endloop
  endfacet
  facet normal -0.986644 0.162892 0
    outer loop
      vertex 0.0727186 68.6095 0
      vertex 0.163324 69.1583 1.5
      vertex 0.163324 69.1583 0
    endloop
  endfacet
  facet normal -0.986644 0.162892 0
    outer loop
      vertex 0.163324 69.1583 1.5
      vertex 0.0727186 68.6095 0
      vertex 0.0727186 68.6095 1.5
    endloop
  endfacet
  facet normal 0.471427 -0.881905 0
    outer loop
      vertex 89.2595 0.876581 0
      vertex 89.75 1.13878 1.5
      vertex 89.2595 0.876581 1.5
    endloop
  endfacet
  facet normal 0.471427 -0.881905 0
    outer loop
      vertex 89.75 1.13878 1.5
      vertex 89.2595 0.876581 0
      vertex 89.75 1.13878 0
    endloop
  endfacet
  facet normal 0.227075 -0.973877 0
    outer loop
      vertex 87.1583 0.163324 0
      vertex 87.7 0.28963 1.5
      vertex 87.1583 0.163324 1.5
    endloop
  endfacet
  facet normal 0.227075 -0.973877 0
    outer loop
      vertex 87.7 0.28963 1.5
      vertex 87.1583 0.163324 0
      vertex 87.7 0.28963 0
    endloop
  endfacet
  facet normal -0.352205 0.935923 0
    outer loop
      vertex 5.76776 75.5489 0
      vertex 5.24719 75.353 1.5
      vertex 5.76776 75.5489 1.5
    endloop
  endfacet
  facet normal -0.352205 0.935923 0
    outer loop
      vertex 5.24719 75.353 1.5
      vertex 5.76776 75.5489 0
      vertex 5.24719 75.353 0
    endloop
  endfacet
  facet normal 0.352187 0.93593 -0
    outer loop
      vertex 88.7528 75.353 0
      vertex 88.2322 75.5489 1.5
      vertex 88.7528 75.353 1.5
    endloop
  endfacet
  facet normal 0.352187 0.93593 0
    outer loop
      vertex 88.2322 75.5489 1.5
      vertex 88.7528 75.353 0
      vertex 88.2322 75.5489 0
    endloop
  endfacet
  facet normal 0.63449 0.772931 -0
    outer loop
      vertex 91.1044 73.8906 0
      vertex 90.6745 74.2435 1.5
      vertex 91.1044 73.8906 1.5
    endloop
  endfacet
  facet normal 0.63449 0.772931 0
    outer loop
      vertex 90.6745 74.2435 1.5
      vertex 91.1044 73.8906 0
      vertex 90.6745 74.2435 0
    endloop
  endfacet
  facet normal -0.849174 0.528113 0
    outer loop
      vertex 1.13878 71.75 0
      vertex 1.43251 72.2223 1.5
      vertex 1.43251 72.2223 0
    endloop
  endfacet
  facet normal -0.849174 0.528113 0
    outer loop
      vertex 1.43251 72.2223 1.5
      vertex 1.13878 71.75 0
      vertex 1.13878 71.75 1.5
    endloop
  endfacet
  facet normal 0.0980078 -0.995186 0
    outer loop
      vertex 86.0559 0.018199 0
      vertex 86.6095 0.0727186 1.5
      vertex 86.0559 0.018199 1.5
    endloop
  endfacet
  facet normal 0.0980078 -0.995186 0
    outer loop
      vertex 86.6095 0.0727186 1.5
      vertex 86.0559 0.018199 0
      vertex 86.6095 0.0727186 0
    endloop
  endfacet
  facet normal -0.772966 0.634447 0
    outer loop
      vertex 1.7565 72.6745 0
      vertex 2.10936 73.1044 1.5
      vertex 2.10936 73.1044 0
    endloop
  endfacet
  facet normal -0.772966 0.634447 0
    outer loop
      vertex 2.10936 73.1044 1.5
      vertex 1.7565 72.6745 0
      vertex 1.7565 72.6745 1.5
    endloop
  endfacet
  facet normal 0.772982 -0.634428 0
    outer loop
      vertex 91.8906 2.89556 1.5
      vertex 92.2435 3.32553 0
      vertex 92.2435 3.32553 1.5
    endloop
  endfacet
  facet normal 0.772982 -0.634428 0
    outer loop
      vertex 92.2435 3.32553 0
      vertex 91.8906 2.89556 1.5
      vertex 91.8906 2.89556 0
    endloop
  endfacet
  facet normal 0.995188 -0.0979834 0
    outer loop
      vertex 93.9273 7.39053 1.5
      vertex 93.9818 7.94407 0
      vertex 93.9818 7.94407 1.5
    endloop
  endfacet
  facet normal 0.995188 -0.0979834 0
    outer loop
      vertex 93.9818 7.94407 0
      vertex 93.9273 7.39053 1.5
      vertex 93.9273 7.39053 0
    endloop
  endfacet
  facet normal -0.0979834 0.995188 0
    outer loop
      vertex 7.94407 75.9818 0
      vertex 7.39053 75.9273 1.5
      vertex 7.94407 75.9818 1.5
    endloop
  endfacet
  facet normal -0.0979834 0.995188 0
    outer loop
      vertex 7.39053 75.9273 1.5
      vertex 7.94407 75.9818 0
      vertex 7.39053 75.9273 0
    endloop
  endfacet
  facet normal -0.471391 0.881925 0
    outer loop
      vertex 4.74055 75.1234 0
      vertex 4.25 74.8612 1.5
      vertex 4.74055 75.1234 1.5
    endloop
  endfacet
  facet normal -0.471391 0.881925 0
    outer loop
      vertex 4.25 74.8612 1.5
      vertex 4.74055 75.1234 0
      vertex 4.25 74.8612 0
    endloop
  endfacet
  facet normal -0.528034 0.849223 0
    outer loop
      vertex 4.25 74.8612 0
      vertex 3.77765 74.5675 1.5
      vertex 4.25 74.8612 1.5
    endloop
  endfacet
  facet normal -0.528034 0.849223 0
    outer loop
      vertex 3.77765 74.5675 1.5
      vertex 4.25 74.8612 0
      vertex 3.77765 74.5675 0
    endloop
  endfacet
  facet normal 0.812834 -0.582496 0
    outer loop
      vertex 92.2435 3.32553 1.5
      vertex 92.5675 3.77765 0
      vertex 92.5675 3.77765 1.5
    endloop
  endfacet
  facet normal 0.812834 -0.582496 0
    outer loop
      vertex 92.5675 3.77765 0
      vertex 92.2435 3.32553 1.5
      vertex 92.2435 3.32553 0
    endloop
  endfacet
  facet normal 0.986645 0.162883 0
    outer loop
      vertex 93.9273 68.6095 1.5
      vertex 93.8367 69.1583 0
      vertex 93.8367 69.1583 1.5
    endloop
  endfacet
  facet normal 0.986645 0.162883 0
    outer loop
      vertex 93.8367 69.1583 0
      vertex 93.9273 68.6095 1.5
      vertex 93.9273 68.6095 0
    endloop
  endfacet
  facet normal -0.812891 0.582416 0
    outer loop
      vertex 1.43251 72.2223 0
      vertex 1.7565 72.6745 1.5
      vertex 1.7565 72.6745 0
    endloop
  endfacet
  facet normal -0.812891 0.582416 0
    outer loop
      vertex 1.7565 72.6745 1.5
      vertex 1.43251 72.2223 0
      vertex 1.43251 72.2223 1.5
    endloop
  endfacet
  facet normal 0.999463 -0.0327564 0
    outer loop
      vertex 29.28 43 1.1
      vertex 29.3218 44.2754 0
      vertex 29.3218 44.2754 1.1
    endloop
  endfacet
  facet normal 0.999463 -0.0327564 0
    outer loop
      vertex 29.3218 44.2754 0
      vertex 29.28 43 1.1
      vertex 29.28 43 0
    endloop
  endfacet
  facet normal -0.995191 -0.0979519 0
    outer loop
      vertex 68.1132 45.5453 0
      vertex 68.1482 45.1897 1.1
      vertex 68.1132 45.5453 1.5
    endloop
  endfacet
  facet normal -0.995183 -0.0980371 -2.78274e-05
    outer loop
      vertex 68.2383 44.2754 0
      vertex 68.1482 45.1897 1.1
      vertex 68.1132 45.5453 0
    endloop
  endfacet
  facet normal -0.995179 -0.0980703 0
    outer loop
      vertex 68.1482 45.1897 1.1
      vertex 68.2383 44.2754 0
      vertex 68.2383 44.2754 1.1
    endloop
  endfacet
  facet normal -0.995191 -0.0979519 0
    outer loop
      vertex 68.1132 45.5453 1.5
      vertex 68.1482 45.1897 1.1
      vertex 68.1482 45.1897 1.5
    endloop
  endfacet
  facet normal -0.999467 -0.0326516 0
    outer loop
      vertex 68.2383 44.2754 0
      vertex 68.2683 43.3571 1.1
      vertex 68.2383 44.2754 1.1
    endloop
  endfacet
  facet normal -0.999466 -0.0326782 -2.2163e-05
    outer loop
      vertex 68.28 43 0
      vertex 68.2683 43.3571 1.1
      vertex 68.2383 44.2754 0
    endloop
  endfacet
  facet normal -0.999464 -0.0327464 -0
    outer loop
      vertex 68.28 43 1.5
      vertex 68.2683 43.3571 1.1
      vertex 68.28 43 0
    endloop
  endfacet
  facet normal -0.999464 -0.0327464 0
    outer loop
      vertex 68.2683 43.3571 1.1
      vertex 68.28 43 1.5
      vertex 68.2683 43.3571 1.5
    endloop
  endfacet
  facet normal -0.986639 -0.162925 0
    outer loop
      vertex 68.1132 45.5453 0
      vertex 67.9053 46.8043 1.5
      vertex 67.9053 46.8043 0
    endloop
  endfacet
  facet normal -0.986639 -0.162925 0
    outer loop
      vertex 67.9053 46.8043 1.5
      vertex 68.1132 45.5453 0
      vertex 68.1132 45.5453 1.5
    endloop
  endfacet
  facet normal 0.99519 0.0979595 0
    outer loop
      vertex 29.4468 40.4547 1.1
      vertex 29.3218 41.7246 0
      vertex 29.3218 41.7246 1.1
    endloop
  endfacet
  facet normal 0.99519 0.0979595 0
    outer loop
      vertex 29.3218 41.7246 0
      vertex 29.4468 40.4547 1.1
      vertex 29.4468 40.4547 0
    endloop
  endfacet
  facet normal 0.99519 -0.0979595 0
    outer loop
      vertex 29.3218 44.2754 1.1
      vertex 29.4468 45.5453 0
      vertex 29.4468 45.5453 1.1
    endloop
  endfacet
  facet normal 0.99519 -0.0979595 0
    outer loop
      vertex 29.4468 45.5453 0
      vertex 29.3218 44.2754 1.1
      vertex 29.3218 44.2754 0
    endloop
  endfacet
  facet normal 0.412752 -0.910844 0
    outer loop
      vertex 40.1554 60.489 0
      vertex 41.3177 61.0157 1.1
      vertex 40.1554 60.489 1.1
    endloop
  endfacet
  facet normal 0.412752 -0.910844 0
    outer loop
      vertex 41.3177 61.0157 1.1
      vertex 40.1554 60.489 0
      vertex 41.3177 61.0157 0
    endloop
  endfacet
  facet normal 0.999463 0.0327564 0
    outer loop
      vertex 29.3218 41.7246 1.1
      vertex 29.28 43 0
      vertex 29.28 43 1.1
    endloop
  endfacet
  facet normal 0.999463 0.0327564 0
    outer loop
      vertex 29.28 43 0
      vertex 29.3218 41.7246 1.1
      vertex 29.3218 41.7246 0
    endloop
  endfacet
  facet normal -0.032733 0.999464 0
    outer loop
      vertex 50.0554 23.5418 0
      vertex 48.7913 23.5004 1.1
      vertex 50.0554 23.5418 1.1
    endloop
  endfacet
  facet normal -0.0327564 0.999463 -2.69432e-05
    outer loop
      vertex 48.78 23.5 0
      vertex 48.7913 23.5004 1.1
      vertex 50.0554 23.5418 0
    endloop
  endfacet
  facet normal -0.0353761 0.999374 0
    outer loop
      vertex 48.7913 23.5004 1.1
      vertex 48.78 23.5 0
      vertex 48.78 23.5 1.1
    endloop
  endfacet
  facet normal -0.0353761 0.999374 0
    outer loop
      vertex 48.7913 23.5004 1.1
      vertex 48.78 23.5 1.5
      vertex 48.7913 23.5004 1.5
    endloop
  endfacet
  facet normal -0.0353761 0.999374 0
    outer loop
      vertex 48.78 23.5 1.5
      vertex 48.7913 23.5004 1.1
      vertex 48.78 23.5 1.1
    endloop
  endfacet
  facet normal -0.290345 0.956922 0
    outer loop
      vertex 55.0481 24.5349 0
      vertex 53.827 24.1644 1.1
      vertex 55.0481 24.5349 1.1
    endloop
  endfacet
  facet normal -0.290345 0.956922 0
    outer loop
      vertex 53.827 24.1644 1.1
      vertex 55.0481 24.5349 0
      vertex 53.827 24.1644 0
    endloop
  endfacet
  facet normal 0.290345 -0.956922 0
    outer loop
      vertex 42.5119 61.4651 0
      vertex 43.733 61.8356 1.1
      vertex 42.5119 61.4651 1.1
    endloop
  endfacet
  facet normal 0.290345 -0.956922 0
    outer loop
      vertex 43.733 61.8356 1.1
      vertex 42.5119 61.4651 0
      vertex 43.733 61.8356 0
    endloop
  endfacet
  facet normal -0.582505 0.812827 0
    outer loop
      vertex 60.6508 27.5296 0
      vertex 59.6136 26.7863 1.1
      vertex 60.6508 27.5296 1.1
    endloop
  endfacet
  facet normal -0.582505 0.812827 0
    outer loop
      vertex 59.6136 26.7863 1.1
      vertex 60.6508 27.5296 0
      vertex 59.6136 26.7863 0
    endloop
  endfacet
  facet normal 0.471373 0.881934 -0
    outer loop
      vertex 40.1554 25.511 0
      vertex 39.03 26.1125 1.1
      vertex 40.1554 25.511 1.1
    endloop
  endfacet
  facet normal 0.471373 0.881934 0
    outer loop
      vertex 39.03 26.1125 1.1
      vertex 40.1554 25.511 0
      vertex 39.03 26.1125 0
    endloop
  endfacet
  facet normal 0.412752 0.910844 -0
    outer loop
      vertex 41.3177 24.9843 0
      vertex 40.1554 25.511 1.1
      vertex 41.3177 24.9843 1.1
    endloop
  endfacet
  facet normal 0.412752 0.910844 0
    outer loop
      vertex 40.1554 25.511 1.1
      vertex 41.3177 24.9843 0
      vertex 40.1554 25.511 0
    endloop
  endfacet
  facet normal 0.729884 0.683571 0
    outer loop
      vertex 34.9914 29.2114 1.1
      vertex 34.1191 30.1428 0
      vertex 34.1191 30.1428 1.1
    endloop
  endfacet
  facet normal 0.729884 0.683571 0
    outer loop
      vertex 34.1191 30.1428 0
      vertex 34.9914 29.2114 1.1
      vertex 34.9914 29.2114 0
    endloop
  endfacet
  facet normal -0.956922 0.290345 0
    outer loop
      vertex 67.2451 36.7319 0
      vertex 67.6156 37.953 1.1
      vertex 67.6156 37.953 0
    endloop
  endfacet
  facet normal -0.956922 0.290345 0
    outer loop
      vertex 67.6156 37.953 1.1
      vertex 67.2451 36.7319 0
      vertex 67.2451 36.7319 1.1
    endloop
  endfacet
  facet normal 0.881934 0.471373 0
    outer loop
      vertex 31.8925 33.25 1.1
      vertex 31.291 34.3754 0
      vertex 31.291 34.3754 1.1
    endloop
  endfacet
  facet normal 0.881934 0.471373 0
    outer loop
      vertex 31.291 34.3754 0
      vertex 31.8925 33.25 1.1
      vertex 31.8925 33.25 0
    endloop
  endfacet
  facet normal 0.910844 0.412752 0
    outer loop
      vertex 31.291 34.3754 1.1
      vertex 30.7643 35.5377 0
      vertex 30.7643 35.5377 1.1
    endloop
  endfacet
  facet normal 0.910844 0.412752 0
    outer loop
      vertex 30.7643 35.5377 0
      vertex 31.291 34.3754 1.1
      vertex 31.291 34.3754 0
    endloop
  endfacet
  facet normal -0.999467 0.0326604 0
    outer loop
      vertex 68.28 43 0
      vertex 68.2687 42.6542 1.1
      vertex 68.28 43 1.5
    endloop
  endfacet
  facet normal -0.999466 0.0326782 5.58528e-06
    outer loop
      vertex 68.2383 41.7246 0
      vertex 68.2687 42.6542 1.1
      vertex 68.28 43 0
    endloop
  endfacet
  facet normal -0.999466 0.0326848 0
    outer loop
      vertex 68.2687 42.6542 1.1
      vertex 68.2383 41.7246 0
      vertex 68.2383 41.7246 1.1
    endloop
  endfacet
  facet normal -0.999467 0.0326604 0
    outer loop
      vertex 68.28 43 1.5
      vertex 68.2687 42.6542 1.1
      vertex 68.2687 42.6542 1.5
    endloop
  endfacet
  facet normal -0.773017 0.634385 0
    outer loop
      vertex 63.4409 30.1428 0
      vertex 64.2504 31.1292 1.1
      vertex 64.2504 31.1292 0
    endloop
  endfacet
  facet normal -0.773017 0.634385 0
    outer loop
      vertex 64.2504 31.1292 1.1
      vertex 63.4409 30.1428 0
      vertex 63.4409 30.1428 1.1
    endloop
  endfacet
  facet normal 0.352205 -0.935923 0
    outer loop
      vertex 41.3177 61.0157 0
      vertex 42.5119 61.4651 1.1
      vertex 41.3177 61.0157 1.1
    endloop
  endfacet
  facet normal 0.352205 -0.935923 0
    outer loop
      vertex 42.5119 61.4651 1.1
      vertex 41.3177 61.0157 0
      vertex 42.5119 61.4651 0
    endloop
  endfacet
  facet normal 0.973887 -0.227034 0
    outer loop
      vertex 29.6547 46.8043 1.1
      vertex 29.9444 48.047 0
      vertex 29.9444 48.047 1.1
    endloop
  endfacet
  facet normal 0.973887 -0.227034 0
    outer loop
      vertex 29.9444 48.047 0
      vertex 29.6547 46.8043 1.1
      vertex 29.6547 46.8043 0
    endloop
  endfacet
  facet normal -0.881934 -0.471373 0
    outer loop
      vertex 66.269 51.6246 0
      vertex 65.6675 52.75 1.5
      vertex 65.6675 52.75 0
    endloop
  endfacet
  facet normal -0.881934 -0.471373 0
    outer loop
      vertex 65.6675 52.75 1.5
      vertex 66.269 51.6246 0
      vertex 66.269 51.6246 1.5
    endloop
  endfacet
  facet normal 0.634385 -0.773017 0
    outer loop
      vertex 35.9228 57.6609 0
      vertex 36.9092 58.4704 1.1
      vertex 35.9228 57.6609 1.1
    endloop
  endfacet
  facet normal 0.634385 -0.773017 0
    outer loop
      vertex 36.9092 58.4704 1.1
      vertex 35.9228 57.6609 0
      vertex 36.9092 58.4704 0
    endloop
  endfacet
  facet normal -0.973887 -0.227034 0
    outer loop
      vertex 67.9053 46.8043 0
      vertex 67.6156 48.047 1.5
      vertex 67.6156 48.047 0
    endloop
  endfacet
  facet normal -0.973887 -0.227034 0
    outer loop
      vertex 67.6156 48.047 1.5
      vertex 67.9053 46.8043 0
      vertex 67.9053 46.8043 1.5
    endloop
  endfacet
  facet normal -0.0327464 -0.999464 0
    outer loop
      vertex 48.78 62.5 1.1
      vertex 49.1371 62.4883 1.5
      vertex 48.78 62.5 1.5
    endloop
  endfacet
  facet normal -0.0327464 -0.999464 0
    outer loop
      vertex 48.78 62.5 1.1
      vertex 49.1371 62.4883 1.1
      vertex 49.1371 62.4883 1.5
    endloop
  endfacet
  facet normal -0.0327464 -0.999464 0
    outer loop
      vertex 48.78 62.5 0
      vertex 49.1371 62.4883 1.1
      vertex 48.78 62.5 1.1
    endloop
  endfacet
  facet normal -0.0327564 -0.999463 3.27707e-06
    outer loop
      vertex 50.0554 62.4582 0
      vertex 49.1371 62.4883 1.1
      vertex 48.78 62.5 0
    endloop
  endfacet
  facet normal -0.0327604 -0.999463 0
    outer loop
      vertex 49.1371 62.4883 1.1
      vertex 50.0554 62.4582 0
      vertex 50.0554 62.4582 1.1
    endloop
  endfacet
  facet normal 0.881934 -0.471373 0
    outer loop
      vertex 31.291 51.6246 1.1
      vertex 31.8925 52.75 0
      vertex 31.8925 52.75 1.1
    endloop
  endfacet
  facet normal 0.881934 -0.471373 0
    outer loop
      vertex 31.8925 52.75 0
      vertex 31.291 51.6246 1.1
      vertex 31.291 51.6246 0
    endloop
  endfacet
  facet normal 0.956922 0.290345 0
    outer loop
      vertex 30.3149 36.7319 1.1
      vertex 29.9444 37.953 0
      vertex 29.9444 37.953 1.1
    endloop
  endfacet
  facet normal 0.956922 0.290345 0
    outer loop
      vertex 29.9444 37.953 0
      vertex 30.3149 36.7319 1.1
      vertex 30.3149 36.7319 0
    endloop
  endfacet
  facet normal -0.634441 -0.772971 0
    outer loop
      vertex 60.6508 58.4704 1.5
      vertex 60.927 58.2437 1.1
      vertex 60.927 58.2437 1.5
    endloop
  endfacet
  facet normal -0.634441 -0.772971 0
    outer loop
      vertex 60.6508 58.4704 0
      vertex 60.927 58.2437 1.1
      vertex 60.6508 58.4704 1.5
    endloop
  endfacet
  facet normal -0.634385 -0.773017 -2.3496e-05
    outer loop
      vertex 61.6372 57.6609 0
      vertex 60.927 58.2437 1.1
      vertex 60.6508 58.4704 0
    endloop
  endfacet
  facet normal -0.634363 -0.773035 0
    outer loop
      vertex 60.927 58.2437 1.1
      vertex 61.6372 57.6609 0
      vertex 61.6372 57.6609 1.1
    endloop
  endfacet
  facet normal -0.683601 -0.729856 -0
    outer loop
      vertex 61.6372 57.6609 1.1
      vertex 61.6372 57.6609 0
      vertex 62.3078 57.0328 1.1
    endloop
  endfacet
  facet normal -0.683494 -0.729956 0
    outer loop
      vertex 62.3078 57.0328 1.1
      vertex 62.5686 56.7886 1.5
      vertex 62.3078 57.0328 1.5
    endloop
  endfacet
  facet normal -0.683571 -0.729884 -3.41668e-05
    outer loop
      vertex 62.5686 56.7886 0
      vertex 62.3078 57.0328 1.1
      vertex 61.6372 57.6609 0
    endloop
  endfacet
  facet normal -0.683494 -0.729956 0
    outer loop
      vertex 62.3078 57.0328 1.1
      vertex 62.5686 56.7886 0
      vertex 62.5686 56.7886 1.5
    endloop
  endfacet
  facet normal -0.729884 0.683571 0
    outer loop
      vertex 62.5686 29.2114 0
      vertex 63.4409 30.1428 1.1
      vertex 63.4409 30.1428 0
    endloop
  endfacet
  facet normal -0.729884 0.683571 0
    outer loop
      vertex 63.4409 30.1428 1.1
      vertex 62.5686 29.2114 0
      vertex 62.5686 29.2114 1.1
    endloop
  endfacet
  facet normal 0.0979595 0.99519 -0
    outer loop
      vertex 47.5046 23.5418 0
      vertex 46.2347 23.6668 1.1
      vertex 47.5046 23.5418 1.1
    endloop
  endfacet
  facet normal 0.0979595 0.99519 0
    outer loop
      vertex 46.2347 23.6668 1.1
      vertex 47.5046 23.5418 0
      vertex 46.2347 23.6668 0
    endloop
  endfacet
  facet normal -0.956922 -0.290345 0
    outer loop
      vertex 67.6156 48.047 0
      vertex 67.2451 49.2681 1.5
      vertex 67.2451 49.2681 0
    endloop
  endfacet
  facet normal -0.956922 -0.290345 0
    outer loop
      vertex 67.2451 49.2681 1.5
      vertex 67.6156 48.047 0
      vertex 67.6156 48.047 1.5
    endloop
  endfacet
  facet normal 0.162925 0.986639 -0
    outer loop
      vertex 46.2347 23.6668 0
      vertex 44.9757 23.8747 1.1
      vertex 46.2347 23.6668 1.1
    endloop
  endfacet
  facet normal 0.162925 0.986639 0
    outer loop
      vertex 44.9757 23.8747 1.1
      vertex 46.2347 23.6668 0
      vertex 44.9757 23.8747 0
    endloop
  endfacet
  facet normal 0.0327564 0.999463 -0
    outer loop
      vertex 48.78 23.5 0
      vertex 47.5046 23.5418 1.1
      vertex 48.78 23.5 1.1
    endloop
  endfacet
  facet normal 0.0327564 0.999463 0
    outer loop
      vertex 47.5046 23.5418 1.1
      vertex 48.78 23.5 0
      vertex 47.5046 23.5418 0
    endloop
  endfacet
  facet normal 0.683571 -0.729884 0
    outer loop
      vertex 34.9914 56.7886 0
      vertex 35.9228 57.6609 1.1
      vertex 34.9914 56.7886 1.1
    endloop
  endfacet
  facet normal 0.683571 -0.729884 0
    outer loop
      vertex 35.9228 57.6609 1.1
      vertex 34.9914 56.7886 0
      vertex 35.9228 57.6609 0
    endloop
  endfacet
  facet normal -0.812872 -0.582442 0
    outer loop
      vertex 64.2504 54.8708 0
      vertex 64.7855 54.124 1.1
      vertex 64.2504 54.8708 1.1
    endloop
  endfacet
  facet normal -0.812827 -0.582505 -6.46318e-05
    outer loop
      vertex 64.9937 53.8336 0
      vertex 64.7855 54.124 1.1
      vertex 64.2504 54.8708 0
    endloop
  endfacet
  facet normal -0.812711 -0.582667 -0
    outer loop
      vertex 64.9937 53.8336 1.5
      vertex 64.7855 54.124 1.1
      vertex 64.9937 53.8336 0
    endloop
  endfacet
  facet normal -0.812711 -0.582667 0
    outer loop
      vertex 64.7855 54.124 1.1
      vertex 64.9937 53.8336 1.5
      vertex 64.7855 54.124 1.5
    endloop
  endfacet
  facet normal -0.352105 -0.935961 0
    outer loop
      vertex 55.0481 61.4651 1.5
      vertex 55.3825 61.3393 1.1
      vertex 55.3825 61.3393 1.5
    endloop
  endfacet
  facet normal -0.352105 -0.935961 0
    outer loop
      vertex 55.0481 61.4651 0
      vertex 55.3825 61.3393 1.1
      vertex 55.0481 61.4651 1.5
    endloop
  endfacet
  facet normal -0.352205 -0.935923 3.49113e-05
    outer loop
      vertex 56.2423 61.0157 0
      vertex 55.3825 61.3393 1.1
      vertex 55.0481 61.4651 0
    endloop
  endfacet
  facet normal -0.352245 -0.935908 0
    outer loop
      vertex 55.3825 61.3393 1.1
      vertex 56.2423 61.0157 0
      vertex 56.2423 61.0157 1.1
    endloop
  endfacet
  facet normal -0.935923 -0.352205 0
    outer loop
      vertex 67.2451 49.2681 0
      vertex 66.7957 50.4623 1.5
      vertex 66.7957 50.4623 0
    endloop
  endfacet
  facet normal -0.935923 -0.352205 0
    outer loop
      vertex 66.7957 50.4623 1.5
      vertex 67.2451 49.2681 0
      vertex 67.2451 49.2681 1.5
    endloop
  endfacet
  facet normal -0.849199 0.528073 0
    outer loop
      vertex 65.6675 33.25 0
      vertex 65.3641 32.7621 1.1
      vertex 65.6675 33.25 1.5
    endloop
  endfacet
  facet normal -0.849211 0.528053 -1.22684e-05
    outer loop
      vertex 64.9937 32.1664 0
      vertex 65.3641 32.7621 1.1
      vertex 65.6675 33.25 0
    endloop
  endfacet
  facet normal -0.849221 0.528037 0
    outer loop
      vertex 65.3641 32.7621 1.1
      vertex 64.9937 32.1664 0
      vertex 64.9937 32.1664 1.1
    endloop
  endfacet
  facet normal -0.849199 0.528073 0
    outer loop
      vertex 65.6675 33.25 1.5
      vertex 65.3641 32.7621 1.1
      vertex 65.3641 32.7621 1.5
    endloop
  endfacet
  facet normal 0.582505 -0.812827 0
    outer loop
      vertex 36.9092 58.4704 0
      vertex 37.9464 59.2137 1.1
      vertex 36.9092 58.4704 1.1
    endloop
  endfacet
  facet normal 0.582505 -0.812827 0
    outer loop
      vertex 37.9464 59.2137 1.1
      vertex 36.9092 58.4704 0
      vertex 37.9464 59.2137 0
    endloop
  endfacet
  facet normal 0.773017 -0.634385 0
    outer loop
      vertex 33.3096 54.8708 1.1
      vertex 34.1191 55.8572 0
      vertex 34.1191 55.8572 1.1
    endloop
  endfacet
  facet normal 0.773017 -0.634385 0
    outer loop
      vertex 34.1191 55.8572 0
      vertex 33.3096 54.8708 1.1
      vertex 33.3096 54.8708 0
    endloop
  endfacet
  facet normal -0.528053 0.849211 0
    outer loop
      vertex 59.6136 26.7863 0
      vertex 58.53 26.1125 1.1
      vertex 59.6136 26.7863 1.1
    endloop
  endfacet
  facet normal -0.528053 0.849211 0
    outer loop
      vertex 58.53 26.1125 1.1
      vertex 59.6136 26.7863 0
      vertex 58.53 26.1125 0
    endloop
  endfacet
  facet normal -0.986639 0.162925 0
    outer loop
      vertex 67.9053 39.1957 0
      vertex 68.1132 40.4547 1.5
      vertex 68.1132 40.4547 0
    endloop
  endfacet
  facet normal -0.986639 0.162925 0
    outer loop
      vertex 68.1132 40.4547 1.5
      vertex 67.9053 39.1957 0
      vertex 67.9053 39.1957 1.5
    endloop
  endfacet
  facet normal 0.956922 -0.290345 0
    outer loop
      vertex 29.9444 48.047 1.1
      vertex 30.3149 49.2681 0
      vertex 30.3149 49.2681 1.1
    endloop
  endfacet
  facet normal 0.956922 -0.290345 0
    outer loop
      vertex 30.3149 49.2681 0
      vertex 29.9444 48.047 1.1
      vertex 29.9444 48.047 0
    endloop
  endfacet
  facet normal 0.471373 -0.881934 0
    outer loop
      vertex 39.03 59.8875 0
      vertex 40.1554 60.489 1.1
      vertex 39.03 59.8875 1.1
    endloop
  endfacet
  facet normal 0.471373 -0.881934 0
    outer loop
      vertex 40.1554 60.489 1.1
      vertex 39.03 59.8875 0
      vertex 40.1554 60.489 0
    endloop
  endfacet
  facet normal -0.0979595 0.99519 0
    outer loop
      vertex 51.3253 23.6668 0
      vertex 50.0554 23.5418 1.1
      vertex 51.3253 23.6668 1.1
    endloop
  endfacet
  facet normal -0.0979595 0.99519 0
    outer loop
      vertex 50.0554 23.5418 1.1
      vertex 51.3253 23.6668 0
      vertex 50.0554 23.5418 0
    endloop
  endfacet
  facet normal -0.162925 -0.986639 0
    outer loop
      vertex 51.3253 62.3332 0
      vertex 52.5843 62.1253 1.5
      vertex 51.3253 62.3332 1.5
    endloop
  endfacet
  facet normal -0.162925 -0.986639 -0
    outer loop
      vertex 52.5843 62.1253 1.5
      vertex 51.3253 62.3332 0
      vertex 52.5843 62.1253 0
    endloop
  endfacet
  facet normal 0.227034 -0.973887 0
    outer loop
      vertex 43.733 61.8356 0
      vertex 44.9757 62.1253 1.1
      vertex 43.733 61.8356 1.1
    endloop
  endfacet
  facet normal 0.227034 -0.973887 0
    outer loop
      vertex 44.9757 62.1253 1.1
      vertex 43.733 61.8356 0
      vertex 44.9757 62.1253 0
    endloop
  endfacet
  facet normal -0.528053 -0.849211 0
    outer loop
      vertex 58.53 59.8875 0
      vertex 59.6136 59.2137 1.5
      vertex 58.53 59.8875 1.5
    endloop
  endfacet
  facet normal -0.528053 -0.849211 -0
    outer loop
      vertex 59.6136 59.2137 1.5
      vertex 58.53 59.8875 0
      vertex 59.6136 59.2137 0
    endloop
  endfacet
  facet normal -0.471373 0.881934 0
    outer loop
      vertex 58.53 26.1125 0
      vertex 57.4046 25.511 1.1
      vertex 58.53 26.1125 1.1
    endloop
  endfacet
  facet normal -0.471373 0.881934 0
    outer loop
      vertex 57.4046 25.511 1.1
      vertex 58.53 26.1125 0
      vertex 57.4046 25.511 0
    endloop
  endfacet
  facet normal -0.995182 0.0980437 0
    outer loop
      vertex 68.2383 41.7246 0
      vertex 68.1359 40.6852 1.1
      vertex 68.2383 41.7246 1.1
    endloop
  endfacet
  facet normal -0.995183 0.0980371 -6.28361e-06
    outer loop
      vertex 68.1132 40.4547 0
      vertex 68.1359 40.6852 1.1
      vertex 68.2383 41.7246 0
    endloop
  endfacet
  facet normal -0.995186 0.0980074 0
    outer loop
      vertex 68.1132 40.4547 1.5
      vertex 68.1359 40.6852 1.1
      vertex 68.1132 40.4547 0
    endloop
  endfacet
  facet normal -0.995186 0.0980074 0
    outer loop
      vertex 68.1359 40.6852 1.1
      vertex 68.1132 40.4547 1.5
      vertex 68.1359 40.6852 1.5
    endloop
  endfacet
  facet normal -0.910844 -0.412752 0
    outer loop
      vertex 66.7957 50.4623 0
      vertex 66.269 51.6246 1.5
      vertex 66.269 51.6246 0
    endloop
  endfacet
  facet normal -0.910844 -0.412752 0
    outer loop
      vertex 66.269 51.6246 1.5
      vertex 66.7957 50.4623 0
      vertex 66.7957 50.4623 1.5
    endloop
  endfacet
  facet normal -0.683571 0.729884 0
    outer loop
      vertex 62.5686 29.2114 0
      vertex 61.6372 28.3391 1.1
      vertex 62.5686 29.2114 1.1
    endloop
  endfacet
  facet normal -0.683571 0.729884 0
    outer loop
      vertex 61.6372 28.3391 1.1
      vertex 62.5686 29.2114 0
      vertex 61.6372 28.3391 0
    endloop
  endfacet
  facet normal -0.849211 -0.528053 0
    outer loop
      vertex 65.6675 52.75 0
      vertex 64.9937 53.8336 1.5
      vertex 64.9937 53.8336 0
    endloop
  endfacet
  facet normal -0.849211 -0.528053 0
    outer loop
      vertex 64.9937 53.8336 1.5
      vertex 65.6675 52.75 0
      vertex 65.6675 52.75 1.5
    endloop
  endfacet
  facet normal -0.412752 0.910844 0
    outer loop
      vertex 57.4046 25.511 0
      vertex 56.2423 24.9843 1.1
      vertex 57.4046 25.511 1.1
    endloop
  endfacet
  facet normal -0.412752 0.910844 0
    outer loop
      vertex 56.2423 24.9843 1.1
      vertex 57.4046 25.511 0
      vertex 56.2423 24.9843 0
    endloop
  endfacet
  facet normal -0.881952 0.47134 0
    outer loop
      vertex 66.269 34.3754 0
      vertex 65.9826 33.8395 1.1
      vertex 66.269 34.3754 1.1
    endloop
  endfacet
  facet normal -0.881934 0.471373 2.08668e-05
    outer loop
      vertex 65.6675 33.25 0
      vertex 65.9826 33.8395 1.1
      vertex 66.269 34.3754 0
    endloop
  endfacet
  facet normal -0.881918 0.471403 0
    outer loop
      vertex 65.6675 33.25 1.5
      vertex 65.9826 33.8395 1.1
      vertex 65.6675 33.25 0
    endloop
  endfacet
  facet normal -0.881918 0.471403 0
    outer loop
      vertex 65.9826 33.8395 1.1
      vertex 65.6675 33.25 1.5
      vertex 65.9826 33.8395 1.5
    endloop
  endfacet
  facet normal 0.729884 -0.683571 0
    outer loop
      vertex 34.1191 55.8572 1.1
      vertex 34.9914 56.7886 0
      vertex 34.9914 56.7886 1.1
    endloop
  endfacet
  facet normal 0.729884 -0.683571 0
    outer loop
      vertex 34.9914 56.7886 0
      vertex 34.1191 55.8572 1.1
      vertex 34.1191 55.8572 0
    endloop
  endfacet
  facet normal -0.227034 0.973887 0
    outer loop
      vertex 53.827 24.1644 0
      vertex 52.5843 23.8747 1.1
      vertex 53.827 24.1644 1.1
    endloop
  endfacet
  facet normal -0.227034 0.973887 0
    outer loop
      vertex 52.5843 23.8747 1.1
      vertex 53.827 24.1644 0
      vertex 52.5843 23.8747 0
    endloop
  endfacet
  facet normal -0.582505 -0.812827 0
    outer loop
      vertex 59.6136 59.2137 0
      vertex 60.6508 58.4704 1.5
      vertex 59.6136 59.2137 1.5
    endloop
  endfacet
  facet normal -0.582505 -0.812827 -0
    outer loop
      vertex 60.6508 58.4704 1.5
      vertex 59.6136 59.2137 0
      vertex 60.6508 58.4704 0
    endloop
  endfacet
  facet normal 0.935923 -0.352205 0
    outer loop
      vertex 30.3149 49.2681 1.1
      vertex 30.7643 50.4623 0
      vertex 30.7643 50.4623 1.1
    endloop
  endfacet
  facet normal 0.935923 -0.352205 0
    outer loop
      vertex 30.7643 50.4623 0
      vertex 30.3149 49.2681 1.1
      vertex 30.3149 49.2681 0
    endloop
  endfacet
  facet normal 0.0979595 -0.99519 0
    outer loop
      vertex 46.2347 62.3332 0
      vertex 47.5046 62.4582 1.1
      vertex 46.2347 62.3332 1.1
    endloop
  endfacet
  facet normal 0.0979595 -0.99519 0
    outer loop
      vertex 47.5046 62.4582 1.1
      vertex 46.2347 62.3332 0
      vertex 47.5046 62.4582 0
    endloop
  endfacet
  facet normal 0.528053 0.849211 -0
    outer loop
      vertex 39.03 26.1125 0
      vertex 37.9464 26.7863 1.1
      vertex 39.03 26.1125 1.1
    endloop
  endfacet
  facet normal 0.528053 0.849211 0
    outer loop
      vertex 37.9464 26.7863 1.1
      vertex 39.03 26.1125 0
      vertex 37.9464 26.7863 0
    endloop
  endfacet
  facet normal -0.471373 -0.881934 0
    outer loop
      vertex 57.4046 60.489 0
      vertex 58.53 59.8875 1.5
      vertex 57.4046 60.489 1.5
    endloop
  endfacet
  facet normal -0.471373 -0.881934 -0
    outer loop
      vertex 58.53 59.8875 1.5
      vertex 57.4046 60.489 0
      vertex 58.53 59.8875 0
    endloop
  endfacet
  facet normal 0.935923 0.352205 0
    outer loop
      vertex 30.7643 35.5377 1.1
      vertex 30.3149 36.7319 0
      vertex 30.3149 36.7319 1.1
    endloop
  endfacet
  facet normal 0.935923 0.352205 0
    outer loop
      vertex 30.3149 36.7319 0
      vertex 30.7643 35.5377 1.1
      vertex 30.7643 35.5377 0
    endloop
  endfacet
  facet normal -0.910844 0.412752 0
    outer loop
      vertex 66.269 34.3754 0
      vertex 66.7957 35.5377 1.1
      vertex 66.7957 35.5377 0
    endloop
  endfacet
  facet normal -0.910844 0.412752 0
    outer loop
      vertex 66.7957 35.5377 1.1
      vertex 66.269 34.3754 0
      vertex 66.269 34.3754 1.1
    endloop
  endfacet
  facet normal 0.683571 0.729884 -0
    outer loop
      vertex 35.9228 28.3391 0
      vertex 34.9914 29.2114 1.1
      vertex 35.9228 28.3391 1.1
    endloop
  endfacet
  facet normal 0.683571 0.729884 0
    outer loop
      vertex 34.9914 29.2114 1.1
      vertex 35.9228 28.3391 0
      vertex 34.9914 29.2114 0
    endloop
  endfacet
  facet normal 0.162925 -0.986639 0
    outer loop
      vertex 44.9757 62.1253 0
      vertex 46.2347 62.3332 1.1
      vertex 44.9757 62.1253 1.1
    endloop
  endfacet
  facet normal 0.162925 -0.986639 0
    outer loop
      vertex 46.2347 62.3332 1.1
      vertex 44.9757 62.1253 0
      vertex 46.2347 62.3332 0
    endloop
  endfacet
  facet normal 0.849211 -0.528053 0
    outer loop
      vertex 31.8925 52.75 1.1
      vertex 32.5663 53.8336 0
      vertex 32.5663 53.8336 1.1
    endloop
  endfacet
  facet normal 0.849211 -0.528053 0
    outer loop
      vertex 32.5663 53.8336 0
      vertex 31.8925 52.75 1.1
      vertex 31.8925 52.75 0
    endloop
  endfacet
  facet normal -0.0979625 -0.99519 -0
    outer loop
      vertex 50.0554 62.4582 1.1
      vertex 50.0554 62.4582 0
      vertex 50.9697 62.3682 1.1
    endloop
  endfacet
  facet normal -0.0979519 -0.995191 0
    outer loop
      vertex 50.9697 62.3682 1.1
      vertex 51.3253 62.3332 1.5
      vertex 50.9697 62.3682 1.5
    endloop
  endfacet
  facet normal -0.0979595 -0.99519 -2.49352e-06
    outer loop
      vertex 51.3253 62.3332 0
      vertex 50.9697 62.3682 1.1
      vertex 50.0554 62.4582 0
    endloop
  endfacet
  facet normal -0.0979519 -0.995191 0
    outer loop
      vertex 50.9697 62.3682 1.1
      vertex 51.3253 62.3332 0
      vertex 51.3253 62.3332 1.5
    endloop
  endfacet
  facet normal -0.973887 0.227034 0
    outer loop
      vertex 67.9053 39.1957 0
      vertex 67.6156 37.953 1.1
      vertex 67.9053 39.1957 1.5
    endloop
  endfacet
  facet normal -0.973887 0.227034 0
    outer loop
      vertex 67.6156 37.953 0
      vertex 67.6156 37.953 1.1
      vertex 67.9053 39.1957 0
    endloop
  endfacet
  facet normal -0.973887 0.227034 0
    outer loop
      vertex 67.9053 39.1957 1.5
      vertex 67.6156 37.953 1.1
      vertex 67.6156 37.953 1.5
    endloop
  endfacet
  facet normal 0.986639 -0.162925 0
    outer loop
      vertex 29.4468 45.5453 1.1
      vertex 29.6547 46.8043 0
      vertex 29.6547 46.8043 1.1
    endloop
  endfacet
  facet normal 0.986639 -0.162925 0
    outer loop
      vertex 29.6547 46.8043 0
      vertex 29.4468 45.5453 1.1
      vertex 29.4468 45.5453 0
    endloop
  endfacet
  facet normal 0.0327564 -0.999463 0
    outer loop
      vertex 47.5046 62.4582 0
      vertex 48.78 62.5 1.1
      vertex 47.5046 62.4582 1.1
    endloop
  endfacet
  facet normal 0.0327564 -0.999463 0
    outer loop
      vertex 48.78 62.5 1.1
      vertex 47.5046 62.4582 0
      vertex 48.78 62.5 0
    endloop
  endfacet
  facet normal -0.290345 -0.956922 0
    outer loop
      vertex 53.827 61.8356 0
      vertex 55.0481 61.4651 1.5
      vertex 53.827 61.8356 1.5
    endloop
  endfacet
  facet normal -0.290345 -0.956922 -0
    outer loop
      vertex 55.0481 61.4651 1.5
      vertex 53.827 61.8356 0
      vertex 55.0481 61.4651 0
    endloop
  endfacet
  facet normal 0.634385 0.773017 -0
    outer loop
      vertex 36.9092 27.5296 0
      vertex 35.9228 28.3391 1.1
      vertex 36.9092 27.5296 1.1
    endloop
  endfacet
  facet normal 0.634385 0.773017 0
    outer loop
      vertex 35.9228 28.3391 1.1
      vertex 36.9092 27.5296 0
      vertex 35.9228 28.3391 0
    endloop
  endfacet
  facet normal -0.729956 -0.683494 0
    outer loop
      vertex 62.5686 56.7886 0
      vertex 62.8128 56.5278 1.1
      vertex 62.5686 56.7886 1.5
    endloop
  endfacet
  facet normal -0.729884 -0.683571 -3.41668e-05
    outer loop
      vertex 63.4409 55.8572 0
      vertex 62.8128 56.5278 1.1
      vertex 62.5686 56.7886 0
    endloop
  endfacet
  facet normal -0.729856 -0.683601 0
    outer loop
      vertex 62.8128 56.5278 1.1
      vertex 63.4409 55.8572 0
      vertex 63.4409 55.8572 1.1
    endloop
  endfacet
  facet normal -0.729956 -0.683494 0
    outer loop
      vertex 62.5686 56.7886 1.5
      vertex 62.8128 56.5278 1.1
      vertex 62.8128 56.5278 1.5
    endloop
  endfacet
  facet normal -0.162925 0.986639 0
    outer loop
      vertex 52.5843 23.8747 0
      vertex 51.3253 23.6668 1.1
      vertex 52.5843 23.8747 1.1
    endloop
  endfacet
  facet normal -0.162925 0.986639 0
    outer loop
      vertex 51.3253 23.6668 1.1
      vertex 52.5843 23.8747 0
      vertex 51.3253 23.6668 0
    endloop
  endfacet
  facet normal 0.812827 0.582505 0
    outer loop
      vertex 33.3096 31.1292 1.1
      vertex 32.5663 32.1664 0
      vertex 32.5663 32.1664 1.1
    endloop
  endfacet
  facet normal 0.812827 0.582505 0
    outer loop
      vertex 32.5663 32.1664 0
      vertex 33.3096 31.1292 1.1
      vertex 33.3096 31.1292 0
    endloop
  endfacet
  facet normal 0.973887 0.227034 0
    outer loop
      vertex 29.9444 37.953 1.1
      vertex 29.6547 39.1957 0
      vertex 29.6547 39.1957 1.1
    endloop
  endfacet
  facet normal 0.973887 0.227034 0
    outer loop
      vertex 29.6547 39.1957 0
      vertex 29.9444 37.953 1.1
      vertex 29.9444 37.953 0
    endloop
  endfacet
  facet normal -0.634385 0.773017 0
    outer loop
      vertex 61.6372 28.3391 0
      vertex 60.6508 27.5296 1.1
      vertex 61.6372 28.3391 1.1
    endloop
  endfacet
  facet normal -0.634385 0.773017 0
    outer loop
      vertex 60.6508 27.5296 1.1
      vertex 61.6372 28.3391 0
      vertex 60.6508 27.5296 0
    endloop
  endfacet
  facet normal 0.986639 0.162925 0
    outer loop
      vertex 29.6547 39.1957 1.1
      vertex 29.4468 40.4547 0
      vertex 29.4468 40.4547 1.1
    endloop
  endfacet
  facet normal 0.986639 0.162925 0
    outer loop
      vertex 29.4468 40.4547 0
      vertex 29.6547 39.1957 1.1
      vertex 29.6547 39.1957 0
    endloop
  endfacet
  facet normal -0.412712 -0.910862 -0
    outer loop
      vertex 56.2423 61.0157 1.1
      vertex 56.2423 61.0157 0
      vertex 57.0792 60.6365 1.1
    endloop
  endfacet
  facet normal -0.412854 -0.910797 0
    outer loop
      vertex 57.0792 60.6365 1.1
      vertex 57.4046 60.489 1.5
      vertex 57.0792 60.6365 1.5
    endloop
  endfacet
  facet normal -0.412752 -0.910844 3.6383e-05
    outer loop
      vertex 57.4046 60.489 0
      vertex 57.0792 60.6365 1.1
      vertex 56.2423 61.0157 0
    endloop
  endfacet
  facet normal -0.412854 -0.910797 0
    outer loop
      vertex 57.0792 60.6365 1.1
      vertex 57.4046 60.489 0
      vertex 57.4046 60.489 1.5
    endloop
  endfacet
  facet normal -0.812827 0.582505 0
    outer loop
      vertex 64.2504 31.1292 0
      vertex 64.9937 32.1664 1.1
      vertex 64.9937 32.1664 0
    endloop
  endfacet
  facet normal -0.812827 0.582505 0
    outer loop
      vertex 64.9937 32.1664 1.1
      vertex 64.2504 31.1292 0
      vertex 64.2504 31.1292 1.1
    endloop
  endfacet
  facet normal -0.773017 -0.634385 0
    outer loop
      vertex 64.2504 54.8708 0
      vertex 63.4409 55.8572 1.1
      vertex 63.4409 55.8572 0
    endloop
  endfacet
  facet normal -0.773017 -0.634385 0
    outer loop
      vertex 63.4409 55.8572 1.1
      vertex 64.2504 54.8708 0
      vertex 64.2504 54.8708 1.1
    endloop
  endfacet
  facet normal -0.352205 0.935923 0
    outer loop
      vertex 56.2423 24.9843 0
      vertex 55.0481 24.5349 1.1
      vertex 56.2423 24.9843 1.1
    endloop
  endfacet
  facet normal -0.352205 0.935923 0
    outer loop
      vertex 55.0481 24.5349 1.1
      vertex 56.2423 24.9843 0
      vertex 55.0481 24.5349 0
    endloop
  endfacet
  facet normal -0.227034 -0.973887 0
    outer loop
      vertex 52.5843 62.1253 0
      vertex 53.827 61.8356 1.5
      vertex 52.5843 62.1253 1.5
    endloop
  endfacet
  facet normal -0.227034 -0.973887 -0
    outer loop
      vertex 53.827 61.8356 1.5
      vertex 52.5843 62.1253 0
      vertex 53.827 61.8356 0
    endloop
  endfacet
  facet normal 0.849211 0.528053 0
    outer loop
      vertex 32.5663 32.1664 1.1
      vertex 31.8925 33.25 0
      vertex 31.8925 33.25 1.1
    endloop
  endfacet
  facet normal 0.849211 0.528053 0
    outer loop
      vertex 31.8925 33.25 0
      vertex 32.5663 32.1664 1.1
      vertex 32.5663 32.1664 0
    endloop
  endfacet
  facet normal 0.812827 -0.582505 0
    outer loop
      vertex 32.5663 53.8336 1.1
      vertex 33.3096 54.8708 0
      vertex 33.3096 54.8708 1.1
    endloop
  endfacet
  facet normal 0.812827 -0.582505 0
    outer loop
      vertex 33.3096 54.8708 0
      vertex 32.5663 53.8336 1.1
      vertex 32.5663 53.8336 0
    endloop
  endfacet
  facet normal 0.773017 0.634385 0
    outer loop
      vertex 34.1191 30.1428 1.1
      vertex 33.3096 31.1292 0
      vertex 33.3096 31.1292 1.1
    endloop
  endfacet
  facet normal 0.773017 0.634385 0
    outer loop
      vertex 33.3096 31.1292 0
      vertex 34.1191 30.1428 1.1
      vertex 34.1191 30.1428 0
    endloop
  endfacet
  facet normal 0.290345 0.956922 -0
    outer loop
      vertex 43.733 24.1644 0
      vertex 42.5119 24.5349 1.1
      vertex 43.733 24.1644 1.1
    endloop
  endfacet
  facet normal 0.290345 0.956922 0
    outer loop
      vertex 42.5119 24.5349 1.1
      vertex 43.733 24.1644 0
      vertex 42.5119 24.5349 0
    endloop
  endfacet
  facet normal 0.227034 0.973887 -0
    outer loop
      vertex 44.9757 23.8747 0
      vertex 43.733 24.1644 1.1
      vertex 44.9757 23.8747 1.1
    endloop
  endfacet
  facet normal 0.227034 0.973887 0
    outer loop
      vertex 43.733 24.1644 1.1
      vertex 44.9757 23.8747 0
      vertex 43.733 24.1644 0
    endloop
  endfacet
  facet normal -0.935923 0.352205 0
    outer loop
      vertex 66.7957 35.5377 0
      vertex 67.2451 36.7319 1.1
      vertex 67.2451 36.7319 0
    endloop
  endfacet
  facet normal -0.935923 0.352205 0
    outer loop
      vertex 67.2451 36.7319 1.1
      vertex 66.7957 35.5377 0
      vertex 66.7957 35.5377 1.1
    endloop
  endfacet
  facet normal 0.910844 -0.412752 0
    outer loop
      vertex 30.7643 50.4623 1.1
      vertex 31.291 51.6246 0
      vertex 31.291 51.6246 1.1
    endloop
  endfacet
  facet normal 0.910844 -0.412752 0
    outer loop
      vertex 31.291 51.6246 0
      vertex 30.7643 50.4623 1.1
      vertex 30.7643 50.4623 0
    endloop
  endfacet
  facet normal 0.352205 0.935923 -0
    outer loop
      vertex 42.5119 24.5349 0
      vertex 41.3177 24.9843 1.1
      vertex 42.5119 24.5349 1.1
    endloop
  endfacet
  facet normal 0.352205 0.935923 0
    outer loop
      vertex 41.3177 24.9843 1.1
      vertex 42.5119 24.5349 0
      vertex 41.3177 24.9843 0
    endloop
  endfacet
  facet normal 0.528053 -0.849211 0
    outer loop
      vertex 37.9464 59.2137 0
      vertex 39.03 59.8875 1.1
      vertex 37.9464 59.2137 1.1
    endloop
  endfacet
  facet normal 0.528053 -0.849211 0
    outer loop
      vertex 39.03 59.8875 1.1
      vertex 37.9464 59.2137 0
      vertex 39.03 59.8875 0
    endloop
  endfacet
  facet normal 0.582505 0.812827 -0
    outer loop
      vertex 37.9464 26.7863 0
      vertex 36.9092 27.5296 1.1
      vertex 37.9464 26.7863 1.1
    endloop
  endfacet
  facet normal 0.582505 0.812827 0
    outer loop
      vertex 36.9092 27.5296 1.1
      vertex 37.9464 26.7863 0
      vertex 36.9092 27.5296 0
    endloop
  endfacet
endsolid OpenSCAD_Model
