solid OpenSCAD_Model
  facet normal 0.336939 0.941527 -0
    outer loop
      vertex 13.6291 31.1292 0
      vertex 13.3519 31.2284 2
      vertex 13.6291 31.1292 2
    endloop
  endfacet
  facet normal 0.336939 0.941527 0
    outer loop
      vertex 13.3519 31.2284 2
      vertex 13.6291 31.1292 0
      vertex 13.3519 31.2284 0
    endloop
  endfacet
  facet normal -0.989174 -0.146746 0
    outer loop
      vertex 17.4856 34.2941 0
      vertex 17.4424 34.5853 2
      vertex 17.4424 34.5853 0
    endloop
  endfacet
  facet normal -0.989174 -0.146746 0
    outer loop
      vertex 17.4424 34.5853 2
      vertex 17.4856 34.2941 0
      vertex 17.4856 34.2941 2
    endloop
  endfacet
  facet normal -0.998803 -0.0489044 0
    outer loop
      vertex 17.5 34 0
      vertex 17.4856 34.2941 2
      vertex 17.4856 34.2941 0
    endloop
  endfacet
  facet normal -0.998803 -0.0489044 0
    outer loop
      vertex 17.4856 34.2941 2
      vertex 17.5 34 0
      vertex 17.5 34 2
    endloop
  endfacet
  facet normal -0.969982 -0.243175 0
    outer loop
      vertex 17.4424 34.5853 0
      vertex 17.3708 34.8709 2
      vertex 17.3708 34.8709 0
    endloop
  endfacet
  facet normal -0.969982 -0.243175 0
    outer loop
      vertex 17.3708 34.8709 2
      vertex 17.4424 34.5853 0
      vertex 17.4424 34.5853 2
    endloop
  endfacet
  facet normal 0.989174 -0.146746 0
    outer loop
      vertex 11.5144 34.2941 2
      vertex 11.5576 34.5853 0
      vertex 11.5576 34.5853 2
    endloop
  endfacet
  facet normal 0.989174 -0.146746 0
    outer loop
      vertex 11.5576 34.5853 0
      vertex 11.5144 34.2941 2
      vertex 11.5144 34.2941 0
    endloop
  endfacet
  facet normal 0.243175 0.969982 -0
    outer loop
      vertex 13.9147 31.0576 0
      vertex 13.6291 31.1292 2
      vertex 13.9147 31.0576 2
    endloop
  endfacet
  facet normal 0.243175 0.969982 0
    outer loop
      vertex 13.6291 31.1292 2
      vertex 13.9147 31.0576 0
      vertex 13.6291 31.1292 0
    endloop
  endfacet
  facet normal -0.337047 -0.941488 0
    outer loop
      vertex 15.3709 36.8708 0
      vertex 15.648 36.7716 2
      vertex 15.3709 36.8708 2
    endloop
  endfacet
  facet normal -0.337047 -0.941488 -0
    outer loop
      vertex 15.648 36.7716 2
      vertex 15.3709 36.8708 0
      vertex 15.648 36.7716 0
    endloop
  endfacet
  facet normal 0.514246 -0.857643 0
    outer loop
      vertex 12.8333 36.4944 0
      vertex 13.0858 36.6458 2
      vertex 12.8333 36.4944 2
    endloop
  endfacet
  facet normal 0.514246 -0.857643 0
    outer loop
      vertex 13.0858 36.6458 2
      vertex 12.8333 36.4944 0
      vertex 13.0858 36.6458 0
    endloop
  endfacet
  facet normal 0.904125 0.427269 0
    outer loop
      vertex 11.8542 32.5858 2
      vertex 11.7284 32.852 0
      vertex 11.7284 32.852 2
    endloop
  endfacet
  facet normal 0.904125 0.427269 0
    outer loop
      vertex 11.7284 32.852 0
      vertex 11.8542 32.5858 2
      vertex 11.8542 32.5858 0
    endloop
  endfacet
  facet normal 0.243175 -0.969982 0
    outer loop
      vertex 13.6291 36.8708 0
      vertex 13.9147 36.9424 2
      vertex 13.6291 36.8708 2
    endloop
  endfacet
  facet normal 0.243175 -0.969982 0
    outer loop
      vertex 13.9147 36.9424 2
      vertex 13.6291 36.8708 0
      vertex 13.9147 36.9424 0
    endloop
  endfacet
  facet normal 0.857643 0.514246 0
    outer loop
      vertex 12.0056 32.3333 2
      vertex 11.8542 32.5858 0
      vertex 11.8542 32.5858 2
    endloop
  endfacet
  facet normal 0.857643 0.514246 0
    outer loop
      vertex 11.8542 32.5858 0
      vertex 12.0056 32.3333 2
      vertex 12.0056 32.3333 0
    endloop
  endfacet
  facet normal -0.243175 0.969982 0
    outer loop
      vertex 15.3709 31.1292 0
      vertex 15.0853 31.0576 2
      vertex 15.3709 31.1292 2
    endloop
  endfacet
  facet normal -0.243175 0.969982 0
    outer loop
      vertex 15.0853 31.0576 2
      vertex 15.3709 31.1292 0
      vertex 15.0853 31.0576 0
    endloop
  endfacet
  facet normal 0.595699 0.803208 -0
    outer loop
      vertex 12.8333 31.5056 0
      vertex 12.5968 31.681 2
      vertex 12.8333 31.5056 2
    endloop
  endfacet
  facet normal 0.595699 0.803208 0
    outer loop
      vertex 12.5968 31.681 2
      vertex 12.8333 31.5056 0
      vertex 12.5968 31.681 0
    endloop
  endfacet
  facet normal -0.514246 0.857643 0
    outer loop
      vertex 16.1667 31.5056 0
      vertex 15.9142 31.3542 2
      vertex 16.1667 31.5056 2
    endloop
  endfacet
  facet normal -0.514246 0.857643 0
    outer loop
      vertex 15.9142 31.3542 2
      vertex 16.1667 31.5056 0
      vertex 15.9142 31.3542 0
    endloop
  endfacet
  facet normal -0.803208 0.595699 0
    outer loop
      vertex 16.819 32.0968 0
      vertex 16.9944 32.3333 2
      vertex 16.9944 32.3333 0
    endloop
  endfacet
  facet normal -0.803208 0.595699 0
    outer loop
      vertex 16.9944 32.3333 2
      vertex 16.819 32.0968 0
      vertex 16.819 32.0968 2
    endloop
  endfacet
  facet normal -0.146746 -0.989174 0
    outer loop
      vertex 14.7941 36.9856 0
      vertex 15.0853 36.9424 2
      vertex 14.7941 36.9856 2
    endloop
  endfacet
  facet normal -0.146746 -0.989174 -0
    outer loop
      vertex 15.0853 36.9424 2
      vertex 14.7941 36.9856 0
      vertex 15.0853 36.9424 0
    endloop
  endfacet
  facet normal 0.595699 -0.803208 0
    outer loop
      vertex 12.5968 36.319 0
      vertex 12.8333 36.4944 2
      vertex 12.5968 36.319 2
    endloop
  endfacet
  facet normal 0.595699 -0.803208 0
    outer loop
      vertex 12.8333 36.4944 2
      vertex 12.5968 36.319 0
      vertex 12.8333 36.4944 0
    endloop
  endfacet
  facet normal -0.427269 0.904125 0
    outer loop
      vertex 15.9142 31.3542 0
      vertex 15.648 31.2284 2
      vertex 15.9142 31.3542 2
    endloop
  endfacet
  facet normal -0.427269 0.904125 0
    outer loop
      vertex 15.648 31.2284 2
      vertex 15.9142 31.3542 0
      vertex 15.648 31.2284 0
    endloop
  endfacet
  facet normal 0.803208 -0.595699 0
    outer loop
      vertex 12.0056 35.6667 2
      vertex 12.181 35.9032 0
      vertex 12.181 35.9032 2
    endloop
  endfacet
  facet normal 0.803208 -0.595699 0
    outer loop
      vertex 12.181 35.9032 0
      vertex 12.0056 35.6667 2
      vertex 12.0056 35.6667 0
    endloop
  endfacet
  facet normal -0.989174 0.146746 0
    outer loop
      vertex 17.4424 33.4147 0
      vertex 17.4856 33.7059 2
      vertex 17.4856 33.7059 0
    endloop
  endfacet
  facet normal -0.989174 0.146746 0
    outer loop
      vertex 17.4856 33.7059 2
      vertex 17.4424 33.4147 0
      vertex 17.4424 33.4147 2
    endloop
  endfacet
  facet normal 0.941488 -0.337047 0
    outer loop
      vertex 11.6292 34.8709 2
      vertex 11.7284 35.148 0
      vertex 11.7284 35.148 2
    endloop
  endfacet
  facet normal 0.941488 -0.337047 0
    outer loop
      vertex 11.7284 35.148 0
      vertex 11.6292 34.8709 2
      vertex 11.6292 34.8709 0
    endloop
  endfacet
  facet normal -0.427269 -0.904125 0
    outer loop
      vertex 15.648 36.7716 0
      vertex 15.9142 36.6458 2
      vertex 15.648 36.7716 2
    endloop
  endfacet
  facet normal -0.427269 -0.904125 -0
    outer loop
      vertex 15.9142 36.6458 2
      vertex 15.648 36.7716 0
      vertex 15.9142 36.6458 0
    endloop
  endfacet
  facet normal 0.941488 0.337047 0
    outer loop
      vertex 11.7284 32.852 2
      vertex 11.6292 33.1291 0
      vertex 11.6292 33.1291 2
    endloop
  endfacet
  facet normal 0.941488 0.337047 0
    outer loop
      vertex 11.6292 33.1291 0
      vertex 11.7284 32.852 2
      vertex 11.7284 32.852 0
    endloop
  endfacet
  facet normal -0.969982 0.243175 0
    outer loop
      vertex 17.3708 33.1291 0
      vertex 17.4424 33.4147 2
      vertex 17.4424 33.4147 0
    endloop
  endfacet
  facet normal -0.969982 0.243175 0
    outer loop
      vertex 17.4424 33.4147 2
      vertex 17.3708 33.1291 0
      vertex 17.3708 33.1291 2
    endloop
  endfacet
  facet normal 0.0489044 -0.998803 0
    outer loop
      vertex 14.2059 36.9856 0
      vertex 14.5 37 2
      vertex 14.2059 36.9856 2
    endloop
  endfacet
  facet normal 0.0489044 -0.998803 0
    outer loop
      vertex 14.5 37 2
      vertex 14.2059 36.9856 0
      vertex 14.5 37 0
    endloop
  endfacet
  facet normal -0.671607 -0.740908 0
    outer loop
      vertex 16.4032 36.319 0
      vertex 16.6213 36.1213 2
      vertex 16.4032 36.319 2
    endloop
  endfacet
  facet normal -0.671607 -0.740908 -0
    outer loop
      vertex 16.6213 36.1213 2
      vertex 16.4032 36.319 0
      vertex 16.6213 36.1213 0
    endloop
  endfacet
  facet normal 0.4274 -0.904063 0
    outer loop
      vertex 13.0858 36.6458 0
      vertex 13.3519 36.7716 2
      vertex 13.0858 36.6458 2
    endloop
  endfacet
  facet normal 0.4274 -0.904063 0
    outer loop
      vertex 13.3519 36.7716 2
      vertex 13.0858 36.6458 0
      vertex 13.3519 36.7716 0
    endloop
  endfacet
  facet normal 0.671607 -0.740908 0
    outer loop
      vertex 12.3787 36.1213 0
      vertex 12.5968 36.319 2
      vertex 12.3787 36.1213 2
    endloop
  endfacet
  facet normal 0.671607 -0.740908 0
    outer loop
      vertex 12.5968 36.319 2
      vertex 12.3787 36.1213 0
      vertex 12.5968 36.319 0
    endloop
  endfacet
  facet normal -0.337047 0.941488 0
    outer loop
      vertex 15.648 31.2284 0
      vertex 15.3709 31.1292 2
      vertex 15.648 31.2284 2
    endloop
  endfacet
  facet normal -0.337047 0.941488 0
    outer loop
      vertex 15.3709 31.1292 2
      vertex 15.648 31.2284 0
      vertex 15.3709 31.1292 0
    endloop
  endfacet
  facet normal 0.336939 -0.941527 0
    outer loop
      vertex 13.3519 36.7716 0
      vertex 13.6291 36.8708 2
      vertex 13.3519 36.7716 2
    endloop
  endfacet
  facet normal 0.336939 -0.941527 0
    outer loop
      vertex 13.6291 36.8708 2
      vertex 13.3519 36.7716 0
      vertex 13.6291 36.8708 0
    endloop
  endfacet
  facet normal -0.803208 -0.595699 0
    outer loop
      vertex 16.9944 35.6667 0
      vertex 16.819 35.9032 2
      vertex 16.819 35.9032 0
    endloop
  endfacet
  facet normal -0.803208 -0.595699 0
    outer loop
      vertex 16.819 35.9032 2
      vertex 16.9944 35.6667 0
      vertex 16.9944 35.6667 2
    endloop
  endfacet
  facet normal 0.857643 -0.514246 0
    outer loop
      vertex 11.8542 35.4142 2
      vertex 12.0056 35.6667 0
      vertex 12.0056 35.6667 2
    endloop
  endfacet
  facet normal 0.857643 -0.514246 0
    outer loop
      vertex 12.0056 35.6667 0
      vertex 11.8542 35.4142 2
      vertex 11.8542 35.4142 0
    endloop
  endfacet
  facet normal -0.998803 0.0489044 0
    outer loop
      vertex 17.4856 33.7059 0
      vertex 17.5 34 2
      vertex 17.5 34 0
    endloop
  endfacet
  facet normal -0.998803 0.0489044 0
    outer loop
      vertex 17.5 34 2
      vertex 17.4856 33.7059 0
      vertex 17.4856 33.7059 2
    endloop
  endfacet
  facet normal -0.904125 0.427269 0
    outer loop
      vertex 17.1458 32.5858 0
      vertex 17.2716 32.852 2
      vertex 17.2716 32.852 0
    endloop
  endfacet
  facet normal -0.904125 0.427269 0
    outer loop
      vertex 17.2716 32.852 2
      vertex 17.1458 32.5858 0
      vertex 17.1458 32.5858 2
    endloop
  endfacet
  facet normal -0.857643 -0.514246 0
    outer loop
      vertex 17.1458 35.4142 0
      vertex 16.9944 35.6667 2
      vertex 16.9944 35.6667 0
    endloop
  endfacet
  facet normal -0.857643 -0.514246 0
    outer loop
      vertex 16.9944 35.6667 2
      vertex 17.1458 35.4142 0
      vertex 17.1458 35.4142 2
    endloop
  endfacet
  facet normal 0.671607 0.740908 -0
    outer loop
      vertex 12.5968 31.681 0
      vertex 12.3787 31.8787 2
      vertex 12.5968 31.681 2
    endloop
  endfacet
  facet normal 0.671607 0.740908 0
    outer loop
      vertex 12.3787 31.8787 2
      vertex 12.5968 31.681 0
      vertex 12.3787 31.8787 0
    endloop
  endfacet
  facet normal -0.595699 -0.803208 0
    outer loop
      vertex 16.1667 36.4944 0
      vertex 16.4032 36.319 2
      vertex 16.1667 36.4944 2
    endloop
  endfacet
  facet normal -0.595699 -0.803208 -0
    outer loop
      vertex 16.4032 36.319 2
      vertex 16.1667 36.4944 0
      vertex 16.4032 36.319 0
    endloop
  endfacet
  facet normal 0.514246 0.857643 -0
    outer loop
      vertex 13.0858 31.3542 0
      vertex 12.8333 31.5056 2
      vertex 13.0858 31.3542 2
    endloop
  endfacet
  facet normal 0.514246 0.857643 0
    outer loop
      vertex 12.8333 31.5056 2
      vertex 13.0858 31.3542 0
      vertex 12.8333 31.5056 0
    endloop
  endfacet
  facet normal -0.514246 -0.857643 0
    outer loop
      vertex 15.9142 36.6458 0
      vertex 16.1667 36.4944 2
      vertex 15.9142 36.6458 2
    endloop
  endfacet
  facet normal -0.514246 -0.857643 -0
    outer loop
      vertex 16.1667 36.4944 2
      vertex 15.9142 36.6458 0
      vertex 16.1667 36.4944 0
    endloop
  endfacet
  facet normal -0.146746 0.989174 0
    outer loop
      vertex 15.0853 31.0576 0
      vertex 14.7941 31.0144 2
      vertex 15.0853 31.0576 2
    endloop
  endfacet
  facet normal -0.146746 0.989174 0
    outer loop
      vertex 14.7941 31.0144 2
      vertex 15.0853 31.0576 0
      vertex 14.7941 31.0144 0
    endloop
  endfacet
  facet normal -0.941488 -0.337047 0
    outer loop
      vertex 17.3708 34.8709 0
      vertex 17.2716 35.148 2
      vertex 17.2716 35.148 0
    endloop
  endfacet
  facet normal -0.941488 -0.337047 0
    outer loop
      vertex 17.2716 35.148 2
      vertex 17.3708 34.8709 0
      vertex 17.3708 34.8709 2
    endloop
  endfacet
  facet normal -0.857643 0.514246 0
    outer loop
      vertex 16.9944 32.3333 0
      vertex 17.1458 32.5858 2
      vertex 17.1458 32.5858 0
    endloop
  endfacet
  facet normal -0.857643 0.514246 0
    outer loop
      vertex 17.1458 32.5858 2
      vertex 16.9944 32.3333 0
      vertex 16.9944 32.3333 2
    endloop
  endfacet
  facet normal 0.998803 0.0489044 0
    outer loop
      vertex 11.5144 33.7059 2
      vertex 11.5 34 0
      vertex 11.5 34 2
    endloop
  endfacet
  facet normal 0.998803 0.0489044 0
    outer loop
      vertex 11.5 34 0
      vertex 11.5144 33.7059 2
      vertex 11.5144 33.7059 0
    endloop
  endfacet
  facet normal -0.941488 0.337047 0
    outer loop
      vertex 17.2716 32.852 0
      vertex 17.3708 33.1291 2
      vertex 17.3708 33.1291 0
    endloop
  endfacet
  facet normal -0.941488 0.337047 0
    outer loop
      vertex 17.3708 33.1291 2
      vertex 17.2716 32.852 0
      vertex 17.2716 32.852 2
    endloop
  endfacet
  facet normal -0.740908 -0.671607 0
    outer loop
      vertex 16.819 35.9032 0
      vertex 16.6213 36.1213 2
      vertex 16.6213 36.1213 0
    endloop
  endfacet
  facet normal -0.740908 -0.671607 0
    outer loop
      vertex 16.6213 36.1213 2
      vertex 16.819 35.9032 0
      vertex 16.819 35.9032 2
    endloop
  endfacet
  facet normal -0.0489044 -0.998803 0
    outer loop
      vertex 14.5 37 0
      vertex 14.7941 36.9856 2
      vertex 14.5 37 2
    endloop
  endfacet
  facet normal -0.0489044 -0.998803 -0
    outer loop
      vertex 14.7941 36.9856 2
      vertex 14.5 37 0
      vertex 14.7941 36.9856 0
    endloop
  endfacet
  facet normal -0.904125 -0.427269 0
    outer loop
      vertex 17.2716 35.148 0
      vertex 17.1458 35.4142 2
      vertex 17.1458 35.4142 0
    endloop
  endfacet
  facet normal -0.904125 -0.427269 0
    outer loop
      vertex 17.1458 35.4142 2
      vertex 17.2716 35.148 0
      vertex 17.2716 35.148 2
    endloop
  endfacet
  facet normal 0.146746 0.989174 -0
    outer loop
      vertex 14.2059 31.0144 0
      vertex 13.9147 31.0576 2
      vertex 14.2059 31.0144 2
    endloop
  endfacet
  facet normal 0.146746 0.989174 0
    outer loop
      vertex 13.9147 31.0576 2
      vertex 14.2059 31.0144 0
      vertex 13.9147 31.0576 0
    endloop
  endfacet
  facet normal -0.671607 0.740908 0
    outer loop
      vertex 16.6213 31.8787 0
      vertex 16.4032 31.681 2
      vertex 16.6213 31.8787 2
    endloop
  endfacet
  facet normal -0.671607 0.740908 0
    outer loop
      vertex 16.4032 31.681 2
      vertex 16.6213 31.8787 0
      vertex 16.4032 31.681 0
    endloop
  endfacet
  facet normal 0.0489044 0.998803 -0
    outer loop
      vertex 14.5 31 0
      vertex 14.2059 31.0144 2
      vertex 14.5 31 2
    endloop
  endfacet
  facet normal 0.0489044 0.998803 0
    outer loop
      vertex 14.2059 31.0144 2
      vertex 14.5 31 0
      vertex 14.2059 31.0144 0
    endloop
  endfacet
  facet normal 0.740908 -0.671607 0
    outer loop
      vertex 12.181 35.9032 2
      vertex 12.3787 36.1213 0
      vertex 12.3787 36.1213 2
    endloop
  endfacet
  facet normal 0.740908 -0.671607 0
    outer loop
      vertex 12.3787 36.1213 0
      vertex 12.181 35.9032 2
      vertex 12.181 35.9032 0
    endloop
  endfacet
  facet normal 0.146746 -0.989174 0
    outer loop
      vertex 13.9147 36.9424 0
      vertex 14.2059 36.9856 2
      vertex 13.9147 36.9424 2
    endloop
  endfacet
  facet normal 0.146746 -0.989174 0
    outer loop
      vertex 14.2059 36.9856 2
      vertex 13.9147 36.9424 0
      vertex 14.2059 36.9856 0
    endloop
  endfacet
  facet normal 0.904125 -0.427269 0
    outer loop
      vertex 11.7284 35.148 2
      vertex 11.8542 35.4142 0
      vertex 11.8542 35.4142 2
    endloop
  endfacet
  facet normal 0.904125 -0.427269 0
    outer loop
      vertex 11.8542 35.4142 0
      vertex 11.7284 35.148 2
      vertex 11.7284 35.148 0
    endloop
  endfacet
  facet normal 0.969982 -0.243175 0
    outer loop
      vertex 11.5576 34.5853 2
      vertex 11.6292 34.8709 0
      vertex 11.6292 34.8709 2
    endloop
  endfacet
  facet normal 0.969982 -0.243175 0
    outer loop
      vertex 11.6292 34.8709 0
      vertex 11.5576 34.5853 2
      vertex 11.5576 34.5853 0
    endloop
  endfacet
  facet normal -0.243175 -0.969982 0
    outer loop
      vertex 15.0853 36.9424 0
      vertex 15.3709 36.8708 2
      vertex 15.0853 36.9424 2
    endloop
  endfacet
  facet normal -0.243175 -0.969982 -0
    outer loop
      vertex 15.3709 36.8708 2
      vertex 15.0853 36.9424 0
      vertex 15.3709 36.8708 0
    endloop
  endfacet
  facet normal 0.969982 0.243175 0
    outer loop
      vertex 11.6292 33.1291 2
      vertex 11.5576 33.4147 0
      vertex 11.5576 33.4147 2
    endloop
  endfacet
  facet normal 0.969982 0.243175 0
    outer loop
      vertex 11.5576 33.4147 0
      vertex 11.6292 33.1291 2
      vertex 11.6292 33.1291 0
    endloop
  endfacet
  facet normal 0.4274 0.904063 -0
    outer loop
      vertex 13.3519 31.2284 0
      vertex 13.0858 31.3542 2
      vertex 13.3519 31.2284 2
    endloop
  endfacet
  facet normal 0.4274 0.904063 0
    outer loop
      vertex 13.0858 31.3542 2
      vertex 13.3519 31.2284 0
      vertex 13.0858 31.3542 0
    endloop
  endfacet
  facet normal 0.740908 0.671607 0
    outer loop
      vertex 12.3787 31.8787 2
      vertex 12.181 32.0968 0
      vertex 12.181 32.0968 2
    endloop
  endfacet
  facet normal 0.740908 0.671607 0
    outer loop
      vertex 12.181 32.0968 0
      vertex 12.3787 31.8787 2
      vertex 12.3787 31.8787 0
    endloop
  endfacet
  facet normal -0.0489044 0.998803 0
    outer loop
      vertex 14.7941 31.0144 0
      vertex 14.5 31 2
      vertex 14.7941 31.0144 2
    endloop
  endfacet
  facet normal -0.0489044 0.998803 0
    outer loop
      vertex 14.5 31 2
      vertex 14.7941 31.0144 0
      vertex 14.5 31 0
    endloop
  endfacet
  facet normal 0.989174 0.146746 0
    outer loop
      vertex 11.5576 33.4147 2
      vertex 11.5144 33.7059 0
      vertex 11.5144 33.7059 2
    endloop
  endfacet
  facet normal 0.989174 0.146746 0
    outer loop
      vertex 11.5144 33.7059 0
      vertex 11.5576 33.4147 2
      vertex 11.5576 33.4147 0
    endloop
  endfacet
  facet normal -0.595699 0.803208 0
    outer loop
      vertex 16.4032 31.681 0
      vertex 16.1667 31.5056 2
      vertex 16.4032 31.681 2
    endloop
  endfacet
  facet normal -0.595699 0.803208 0
    outer loop
      vertex 16.1667 31.5056 2
      vertex 16.4032 31.681 0
      vertex 16.1667 31.5056 0
    endloop
  endfacet
  facet normal 0.803208 0.595699 0
    outer loop
      vertex 12.181 32.0968 2
      vertex 12.0056 32.3333 0
      vertex 12.0056 32.3333 2
    endloop
  endfacet
  facet normal 0.803208 0.595699 0
    outer loop
      vertex 12.0056 32.3333 0
      vertex 12.181 32.0968 2
      vertex 12.181 32.0968 0
    endloop
  endfacet
  facet normal 0.998803 -0.0489044 0
    outer loop
      vertex 11.5 34 2
      vertex 11.5144 34.2941 0
      vertex 11.5144 34.2941 2
    endloop
  endfacet
  facet normal 0.998803 -0.0489044 0
    outer loop
      vertex 11.5144 34.2941 0
      vertex 11.5 34 2
      vertex 11.5 34 0
    endloop
  endfacet
  facet normal -0.740908 0.671607 0
    outer loop
      vertex 16.6213 31.8787 0
      vertex 16.819 32.0968 2
      vertex 16.819 32.0968 0
    endloop
  endfacet
  facet normal -0.740908 0.671607 0
    outer loop
      vertex 16.819 32.0968 2
      vertex 16.6213 31.8787 0
      vertex 16.6213 31.8787 2
    endloop
  endfacet
  facet normal 0.337047 0.941488 -0
    outer loop
      vertex 67.1291 31.6292 0
      vertex 66.852 31.7284 2
      vertex 67.1291 31.6292 2
    endloop
  endfacet
  facet normal 0.337047 0.941488 0
    outer loop
      vertex 66.852 31.7284 2
      vertex 67.1291 31.6292 0
      vertex 66.852 31.7284 0
    endloop
  endfacet
  facet normal -0.989224 -0.146413 0
    outer loop
      vertex 70.9855 34.7941 0
      vertex 70.9424 35.0853 2
      vertex 70.9424 35.0853 0
    endloop
  endfacet
  facet normal -0.989224 -0.146413 0
    outer loop
      vertex 70.9424 35.0853 2
      vertex 70.9855 34.7941 0
      vertex 70.9855 34.7941 2
    endloop
  endfacet
  facet normal -0.998787 -0.0492431 0
    outer loop
      vertex 71 34.5 0
      vertex 70.9855 34.7941 2
      vertex 70.9855 34.7941 0
    endloop
  endfacet
  facet normal -0.998787 -0.0492431 0
    outer loop
      vertex 70.9855 34.7941 2
      vertex 71 34.5 0
      vertex 71 34.5 2
    endloop
  endfacet
  facet normal -0.969982 -0.243175 0
    outer loop
      vertex 70.9424 35.0853 0
      vertex 70.8708 35.3709 2
      vertex 70.8708 35.3709 0
    endloop
  endfacet
  facet normal -0.969982 -0.243175 0
    outer loop
      vertex 70.8708 35.3709 2
      vertex 70.9424 35.0853 0
      vertex 70.9424 35.0853 2
    endloop
  endfacet
  facet normal 0.989174 -0.146746 0
    outer loop
      vertex 65.0144 34.7941 2
      vertex 65.0576 35.0853 0
      vertex 65.0576 35.0853 2
    endloop
  endfacet
  facet normal 0.989174 -0.146746 0
    outer loop
      vertex 65.0576 35.0853 0
      vertex 65.0144 34.7941 2
      vertex 65.0144 34.7941 0
    endloop
  endfacet
  facet normal 0.243175 0.969982 -0
    outer loop
      vertex 67.4147 31.5576 0
      vertex 67.1291 31.6292 2
      vertex 67.4147 31.5576 2
    endloop
  endfacet
  facet normal 0.243175 0.969982 0
    outer loop
      vertex 67.1291 31.6292 2
      vertex 67.4147 31.5576 0
      vertex 67.1291 31.6292 0
    endloop
  endfacet
  facet normal -0.336939 -0.941527 0
    outer loop
      vertex 68.8708 37.3708 0
      vertex 69.148 37.2716 2
      vertex 68.8708 37.3708 2
    endloop
  endfacet
  facet normal -0.336939 -0.941527 -0
    outer loop
      vertex 69.148 37.2716 2
      vertex 68.8708 37.3708 0
      vertex 69.148 37.2716 0
    endloop
  endfacet
  facet normal 0.514246 -0.857643 0
    outer loop
      vertex 66.3333 36.9944 0
      vertex 66.5858 37.1458 2
      vertex 66.3333 36.9944 2
    endloop
  endfacet
  facet normal 0.514246 -0.857643 0
    outer loop
      vertex 66.5858 37.1458 2
      vertex 66.3333 36.9944 0
      vertex 66.5858 37.1458 0
    endloop
  endfacet
  facet normal 0.904125 0.427269 0
    outer loop
      vertex 65.3542 33.0858 2
      vertex 65.2284 33.352 0
      vertex 65.2284 33.352 2
    endloop
  endfacet
  facet normal 0.904125 0.427269 0
    outer loop
      vertex 65.2284 33.352 0
      vertex 65.3542 33.0858 2
      vertex 65.3542 33.0858 0
    endloop
  endfacet
  facet normal 0.243175 -0.969982 0
    outer loop
      vertex 67.1291 37.3708 0
      vertex 67.4147 37.4424 2
      vertex 67.1291 37.3708 2
    endloop
  endfacet
  facet normal 0.243175 -0.969982 0
    outer loop
      vertex 67.4147 37.4424 2
      vertex 67.1291 37.3708 0
      vertex 67.4147 37.4424 0
    endloop
  endfacet
  facet normal 0.857643 0.514246 0
    outer loop
      vertex 65.5056 32.8333 2
      vertex 65.3542 33.0858 0
      vertex 65.3542 33.0858 2
    endloop
  endfacet
  facet normal 0.857643 0.514246 0
    outer loop
      vertex 65.3542 33.0858 0
      vertex 65.5056 32.8333 2
      vertex 65.5056 32.8333 0
    endloop
  endfacet
  facet normal -0.243255 0.969962 0
    outer loop
      vertex 68.8708 31.6292 0
      vertex 68.5853 31.5576 2
      vertex 68.8708 31.6292 2
    endloop
  endfacet
  facet normal -0.243255 0.969962 0
    outer loop
      vertex 68.5853 31.5576 2
      vertex 68.8708 31.6292 0
      vertex 68.5853 31.5576 0
    endloop
  endfacet
  facet normal 0.595699 0.803208 -0
    outer loop
      vertex 66.3333 32.0056 0
      vertex 66.0968 32.181 2
      vertex 66.3333 32.0056 2
    endloop
  endfacet
  facet normal 0.595699 0.803208 0
    outer loop
      vertex 66.0968 32.181 2
      vertex 66.3333 32.0056 0
      vertex 66.0968 32.181 0
    endloop
  endfacet
  facet normal -0.514246 0.857643 0
    outer loop
      vertex 69.6667 32.0056 0
      vertex 69.4142 31.8542 2
      vertex 69.6667 32.0056 2
    endloop
  endfacet
  facet normal -0.514246 0.857643 0
    outer loop
      vertex 69.4142 31.8542 2
      vertex 69.6667 32.0056 0
      vertex 69.4142 31.8542 0
    endloop
  endfacet
  facet normal -0.803208 0.595699 0
    outer loop
      vertex 70.319 32.5968 0
      vertex 70.4944 32.8333 2
      vertex 70.4944 32.8333 0
    endloop
  endfacet
  facet normal -0.803208 0.595699 0
    outer loop
      vertex 70.4944 32.8333 2
      vertex 70.319 32.5968 0
      vertex 70.319 32.5968 2
    endloop
  endfacet
  facet normal -0.146746 -0.989174 0
    outer loop
      vertex 68.2941 37.4856 0
      vertex 68.5853 37.4424 2
      vertex 68.2941 37.4856 2
    endloop
  endfacet
  facet normal -0.146746 -0.989174 -0
    outer loop
      vertex 68.5853 37.4424 2
      vertex 68.2941 37.4856 0
      vertex 68.5853 37.4424 0
    endloop
  endfacet
  facet normal 0.595699 -0.803208 0
    outer loop
      vertex 66.0968 36.819 0
      vertex 66.3333 36.9944 2
      vertex 66.0968 36.819 2
    endloop
  endfacet
  facet normal 0.595699 -0.803208 0
    outer loop
      vertex 66.3333 36.9944 2
      vertex 66.0968 36.819 0
      vertex 66.3333 36.9944 0
    endloop
  endfacet
  facet normal -0.427269 0.904125 0
    outer loop
      vertex 69.4142 31.8542 0
      vertex 69.148 31.7284 2
      vertex 69.4142 31.8542 2
    endloop
  endfacet
  facet normal -0.427269 0.904125 0
    outer loop
      vertex 69.148 31.7284 2
      vertex 69.4142 31.8542 0
      vertex 69.148 31.7284 0
    endloop
  endfacet
  facet normal 0.803208 -0.595699 0
    outer loop
      vertex 65.5056 36.1667 2
      vertex 65.681 36.4032 0
      vertex 65.681 36.4032 2
    endloop
  endfacet
  facet normal 0.803208 -0.595699 0
    outer loop
      vertex 65.681 36.4032 0
      vertex 65.5056 36.1667 2
      vertex 65.5056 36.1667 0
    endloop
  endfacet
  facet normal -0.989224 0.146413 0
    outer loop
      vertex 70.9424 33.9147 0
      vertex 70.9855 34.2059 2
      vertex 70.9855 34.2059 0
    endloop
  endfacet
  facet normal -0.989224 0.146413 0
    outer loop
      vertex 70.9855 34.2059 2
      vertex 70.9424 33.9147 0
      vertex 70.9424 33.9147 2
    endloop
  endfacet
  facet normal 0.941488 -0.337047 0
    outer loop
      vertex 65.1292 35.3709 2
      vertex 65.2284 35.648 0
      vertex 65.2284 35.648 2
    endloop
  endfacet
  facet normal 0.941488 -0.337047 0
    outer loop
      vertex 65.2284 35.648 0
      vertex 65.1292 35.3709 2
      vertex 65.1292 35.3709 0
    endloop
  endfacet
  facet normal -0.427269 -0.904125 0
    outer loop
      vertex 69.148 37.2716 0
      vertex 69.4142 37.1458 2
      vertex 69.148 37.2716 2
    endloop
  endfacet
  facet normal -0.427269 -0.904125 -0
    outer loop
      vertex 69.4142 37.1458 2
      vertex 69.148 37.2716 0
      vertex 69.4142 37.1458 0
    endloop
  endfacet
  facet normal 0.941488 0.337047 0
    outer loop
      vertex 65.2284 33.352 2
      vertex 65.1292 33.6291 0
      vertex 65.1292 33.6291 2
    endloop
  endfacet
  facet normal 0.941488 0.337047 0
    outer loop
      vertex 65.1292 33.6291 0
      vertex 65.2284 33.352 2
      vertex 65.2284 33.352 0
    endloop
  endfacet
  facet normal -0.969982 0.243175 0
    outer loop
      vertex 70.8708 33.6291 0
      vertex 70.9424 33.9147 2
      vertex 70.9424 33.9147 0
    endloop
  endfacet
  facet normal -0.969982 0.243175 0
    outer loop
      vertex 70.9424 33.9147 2
      vertex 70.8708 33.6291 0
      vertex 70.8708 33.6291 2
    endloop
  endfacet
  facet normal 0.0489044 -0.998803 0
    outer loop
      vertex 67.7059 37.4856 0
      vertex 68 37.5 2
      vertex 67.7059 37.4856 2
    endloop
  endfacet
  facet normal 0.0489044 -0.998803 0
    outer loop
      vertex 68 37.5 2
      vertex 67.7059 37.4856 0
      vertex 68 37.5 0
    endloop
  endfacet
  facet normal 0.427269 -0.904125 0
    outer loop
      vertex 66.5858 37.1458 0
      vertex 66.852 37.2716 2
      vertex 66.5858 37.1458 2
    endloop
  endfacet
  facet normal 0.427269 -0.904125 0
    outer loop
      vertex 66.852 37.2716 2
      vertex 66.5858 37.1458 0
      vertex 66.852 37.2716 0
    endloop
  endfacet
  facet normal 0.671607 -0.740908 0
    outer loop
      vertex 65.8787 36.6213 0
      vertex 66.0968 36.819 2
      vertex 65.8787 36.6213 2
    endloop
  endfacet
  facet normal 0.671607 -0.740908 0
    outer loop
      vertex 66.0968 36.819 2
      vertex 65.8787 36.6213 0
      vertex 66.0968 36.819 0
    endloop
  endfacet
  facet normal -0.336939 0.941527 0
    outer loop
      vertex 69.148 31.7284 0
      vertex 68.8708 31.6292 2
      vertex 69.148 31.7284 2
    endloop
  endfacet
  facet normal -0.336939 0.941527 0
    outer loop
      vertex 68.8708 31.6292 2
      vertex 69.148 31.7284 0
      vertex 68.8708 31.6292 0
    endloop
  endfacet
  facet normal 0.337047 -0.941488 0
    outer loop
      vertex 66.852 37.2716 0
      vertex 67.1291 37.3708 2
      vertex 66.852 37.2716 2
    endloop
  endfacet
  facet normal 0.337047 -0.941488 0
    outer loop
      vertex 67.1291 37.3708 2
      vertex 66.852 37.2716 0
      vertex 67.1291 37.3708 0
    endloop
  endfacet
  facet normal -0.803208 -0.595699 0
    outer loop
      vertex 70.4944 36.1667 0
      vertex 70.319 36.4032 2
      vertex 70.319 36.4032 0
    endloop
  endfacet
  facet normal -0.803208 -0.595699 0
    outer loop
      vertex 70.319 36.4032 2
      vertex 70.4944 36.1667 0
      vertex 70.4944 36.1667 2
    endloop
  endfacet
  facet normal 0.857643 -0.514246 0
    outer loop
      vertex 65.3542 35.9142 2
      vertex 65.5056 36.1667 0
      vertex 65.5056 36.1667 2
    endloop
  endfacet
  facet normal 0.857643 -0.514246 0
    outer loop
      vertex 65.5056 36.1667 0
      vertex 65.3542 35.9142 2
      vertex 65.3542 35.9142 0
    endloop
  endfacet
  facet normal -0.998787 0.0492431 0
    outer loop
      vertex 70.9855 34.2059 0
      vertex 71 34.5 2
      vertex 71 34.5 0
    endloop
  endfacet
  facet normal -0.998787 0.0492431 0
    outer loop
      vertex 71 34.5 2
      vertex 70.9855 34.2059 0
      vertex 70.9855 34.2059 2
    endloop
  endfacet
  facet normal -0.904125 0.427269 0
    outer loop
      vertex 70.6458 33.0858 0
      vertex 70.7716 33.352 2
      vertex 70.7716 33.352 0
    endloop
  endfacet
  facet normal -0.904125 0.427269 0
    outer loop
      vertex 70.7716 33.352 2
      vertex 70.6458 33.0858 0
      vertex 70.6458 33.0858 2
    endloop
  endfacet
  facet normal -0.595699 -0.803208 0
    outer loop
      vertex 69.6667 36.9944 0
      vertex 69.9032 36.819 2
      vertex 69.6667 36.9944 2
    endloop
  endfacet
  facet normal -0.595699 -0.803208 -0
    outer loop
      vertex 69.9032 36.819 2
      vertex 69.6667 36.9944 0
      vertex 69.9032 36.819 0
    endloop
  endfacet
  facet normal 0.514246 0.857643 -0
    outer loop
      vertex 66.5858 31.8542 0
      vertex 66.3333 32.0056 2
      vertex 66.5858 31.8542 2
    endloop
  endfacet
  facet normal 0.514246 0.857643 0
    outer loop
      vertex 66.3333 32.0056 2
      vertex 66.5858 31.8542 0
      vertex 66.3333 32.0056 0
    endloop
  endfacet
  facet normal -0.514246 -0.857643 0
    outer loop
      vertex 69.4142 37.1458 0
      vertex 69.6667 36.9944 2
      vertex 69.4142 37.1458 2
    endloop
  endfacet
  facet normal -0.514246 -0.857643 -0
    outer loop
      vertex 69.6667 36.9944 2
      vertex 69.4142 37.1458 0
      vertex 69.6667 36.9944 0
    endloop
  endfacet
  facet normal -0.146746 0.989174 0
    outer loop
      vertex 68.5853 31.5576 0
      vertex 68.2941 31.5144 2
      vertex 68.5853 31.5576 2
    endloop
  endfacet
  facet normal -0.146746 0.989174 0
    outer loop
      vertex 68.2941 31.5144 2
      vertex 68.5853 31.5576 0
      vertex 68.2941 31.5144 0
    endloop
  endfacet
  facet normal -0.941488 -0.337047 0
    outer loop
      vertex 70.8708 35.3709 0
      vertex 70.7716 35.648 2
      vertex 70.7716 35.648 0
    endloop
  endfacet
  facet normal -0.941488 -0.337047 0
    outer loop
      vertex 70.7716 35.648 2
      vertex 70.8708 35.3709 0
      vertex 70.8708 35.3709 2
    endloop
  endfacet
  facet normal -0.857643 0.514246 0
    outer loop
      vertex 70.4944 32.8333 0
      vertex 70.6458 33.0858 2
      vertex 70.6458 33.0858 0
    endloop
  endfacet
  facet normal -0.857643 0.514246 0
    outer loop
      vertex 70.6458 33.0858 2
      vertex 70.4944 32.8333 0
      vertex 70.4944 32.8333 2
    endloop
  endfacet
  facet normal 0.998803 0.0489044 0
    outer loop
      vertex 65.0144 34.2059 2
      vertex 65 34.5 0
      vertex 65 34.5 2
    endloop
  endfacet
  facet normal 0.998803 0.0489044 0
    outer loop
      vertex 65 34.5 0
      vertex 65.0144 34.2059 2
      vertex 65.0144 34.2059 0
    endloop
  endfacet
  facet normal -0.941488 0.337047 0
    outer loop
      vertex 70.7716 33.352 0
      vertex 70.8708 33.6291 2
      vertex 70.8708 33.6291 0
    endloop
  endfacet
  facet normal -0.941488 0.337047 0
    outer loop
      vertex 70.8708 33.6291 2
      vertex 70.7716 33.352 0
      vertex 70.7716 33.352 2
    endloop
  endfacet
  facet normal -0.740908 -0.671607 0
    outer loop
      vertex 70.319 36.4032 0
      vertex 70.1213 36.6213 2
      vertex 70.1213 36.6213 0
    endloop
  endfacet
  facet normal -0.740908 -0.671607 0
    outer loop
      vertex 70.1213 36.6213 2
      vertex 70.319 36.4032 0
      vertex 70.319 36.4032 2
    endloop
  endfacet
  facet normal -0.0489044 -0.998803 0
    outer loop
      vertex 68 37.5 0
      vertex 68.2941 37.4856 2
      vertex 68 37.5 2
    endloop
  endfacet
  facet normal -0.0489044 -0.998803 -0
    outer loop
      vertex 68.2941 37.4856 2
      vertex 68 37.5 0
      vertex 68.2941 37.4856 0
    endloop
  endfacet
  facet normal -0.904125 -0.427269 0
    outer loop
      vertex 70.7716 35.648 0
      vertex 70.6458 35.9142 2
      vertex 70.6458 35.9142 0
    endloop
  endfacet
  facet normal -0.904125 -0.427269 0
    outer loop
      vertex 70.6458 35.9142 2
      vertex 70.7716 35.648 0
      vertex 70.7716 35.648 2
    endloop
  endfacet
  facet normal 0.146746 0.989174 -0
    outer loop
      vertex 67.7059 31.5144 0
      vertex 67.4147 31.5576 2
      vertex 67.7059 31.5144 2
    endloop
  endfacet
  facet normal 0.146746 0.989174 0
    outer loop
      vertex 67.4147 31.5576 2
      vertex 67.7059 31.5144 0
      vertex 67.4147 31.5576 0
    endloop
  endfacet
  facet normal -0.671607 0.740908 0
    outer loop
      vertex 70.1213 32.3787 0
      vertex 69.9032 32.181 2
      vertex 70.1213 32.3787 2
    endloop
  endfacet
  facet normal -0.671607 0.740908 0
    outer loop
      vertex 69.9032 32.181 2
      vertex 70.1213 32.3787 0
      vertex 69.9032 32.181 0
    endloop
  endfacet
  facet normal -0.857643 -0.514246 0
    outer loop
      vertex 70.6458 35.9142 0
      vertex 70.4944 36.1667 2
      vertex 70.4944 36.1667 0
    endloop
  endfacet
  facet normal -0.857643 -0.514246 0
    outer loop
      vertex 70.4944 36.1667 2
      vertex 70.6458 35.9142 0
      vertex 70.6458 35.9142 2
    endloop
  endfacet
  facet normal 0.0489044 0.998803 -0
    outer loop
      vertex 68 31.5 0
      vertex 67.7059 31.5144 2
      vertex 68 31.5 2
    endloop
  endfacet
  facet normal 0.0489044 0.998803 0
    outer loop
      vertex 67.7059 31.5144 2
      vertex 68 31.5 0
      vertex 67.7059 31.5144 0
    endloop
  endfacet
  facet normal 0.740908 -0.671607 0
    outer loop
      vertex 65.681 36.4032 2
      vertex 65.8787 36.6213 0
      vertex 65.8787 36.6213 2
    endloop
  endfacet
  facet normal 0.740908 -0.671607 0
    outer loop
      vertex 65.8787 36.6213 0
      vertex 65.681 36.4032 2
      vertex 65.681 36.4032 0
    endloop
  endfacet
  facet normal -0.671607 -0.740908 0
    outer loop
      vertex 69.9032 36.819 0
      vertex 70.1213 36.6213 2
      vertex 69.9032 36.819 2
    endloop
  endfacet
  facet normal -0.671607 -0.740908 -0
    outer loop
      vertex 70.1213 36.6213 2
      vertex 69.9032 36.819 0
      vertex 70.1213 36.6213 0
    endloop
  endfacet
  facet normal 0.146746 -0.989174 0
    outer loop
      vertex 67.4147 37.4424 0
      vertex 67.7059 37.4856 2
      vertex 67.4147 37.4424 2
    endloop
  endfacet
  facet normal 0.146746 -0.989174 0
    outer loop
      vertex 67.7059 37.4856 2
      vertex 67.4147 37.4424 0
      vertex 67.7059 37.4856 0
    endloop
  endfacet
  facet normal 0.904125 -0.427269 0
    outer loop
      vertex 65.2284 35.648 2
      vertex 65.3542 35.9142 0
      vertex 65.3542 35.9142 2
    endloop
  endfacet
  facet normal 0.904125 -0.427269 0
    outer loop
      vertex 65.3542 35.9142 0
      vertex 65.2284 35.648 2
      vertex 65.2284 35.648 0
    endloop
  endfacet
  facet normal 0.671607 0.740908 -0
    outer loop
      vertex 66.0968 32.181 0
      vertex 65.8787 32.3787 2
      vertex 66.0968 32.181 2
    endloop
  endfacet
  facet normal 0.671607 0.740908 0
    outer loop
      vertex 65.8787 32.3787 2
      vertex 66.0968 32.181 0
      vertex 65.8787 32.3787 0
    endloop
  endfacet
  facet normal 0.969982 -0.243175 0
    outer loop
      vertex 65.0576 35.0853 2
      vertex 65.1292 35.3709 0
      vertex 65.1292 35.3709 2
    endloop
  endfacet
  facet normal 0.969982 -0.243175 0
    outer loop
      vertex 65.1292 35.3709 0
      vertex 65.0576 35.0853 2
      vertex 65.0576 35.0853 0
    endloop
  endfacet
  facet normal -0.243255 -0.969962 0
    outer loop
      vertex 68.5853 37.4424 0
      vertex 68.8708 37.3708 2
      vertex 68.5853 37.4424 2
    endloop
  endfacet
  facet normal -0.243255 -0.969962 -0
    outer loop
      vertex 68.8708 37.3708 2
      vertex 68.5853 37.4424 0
      vertex 68.8708 37.3708 0
    endloop
  endfacet
  facet normal 0.969982 0.243175 0
    outer loop
      vertex 65.1292 33.6291 2
      vertex 65.0576 33.9147 0
      vertex 65.0576 33.9147 2
    endloop
  endfacet
  facet normal 0.969982 0.243175 0
    outer loop
      vertex 65.0576 33.9147 0
      vertex 65.1292 33.6291 2
      vertex 65.1292 33.6291 0
    endloop
  endfacet
  facet normal 0.427269 0.904125 -0
    outer loop
      vertex 66.852 31.7284 0
      vertex 66.5858 31.8542 2
      vertex 66.852 31.7284 2
    endloop
  endfacet
  facet normal 0.427269 0.904125 0
    outer loop
      vertex 66.5858 31.8542 2
      vertex 66.852 31.7284 0
      vertex 66.5858 31.8542 0
    endloop
  endfacet
  facet normal 0.740908 0.671607 0
    outer loop
      vertex 65.8787 32.3787 2
      vertex 65.681 32.5968 0
      vertex 65.681 32.5968 2
    endloop
  endfacet
  facet normal 0.740908 0.671607 0
    outer loop
      vertex 65.681 32.5968 0
      vertex 65.8787 32.3787 2
      vertex 65.8787 32.3787 0
    endloop
  endfacet
  facet normal -0.0489044 0.998803 0
    outer loop
      vertex 68.2941 31.5144 0
      vertex 68 31.5 2
      vertex 68.2941 31.5144 2
    endloop
  endfacet
  facet normal -0.0489044 0.998803 0
    outer loop
      vertex 68 31.5 2
      vertex 68.2941 31.5144 0
      vertex 68 31.5 0
    endloop
  endfacet
  facet normal 0.989174 0.146746 0
    outer loop
      vertex 65.0576 33.9147 2
      vertex 65.0144 34.2059 0
      vertex 65.0144 34.2059 2
    endloop
  endfacet
  facet normal 0.989174 0.146746 0
    outer loop
      vertex 65.0144 34.2059 0
      vertex 65.0576 33.9147 2
      vertex 65.0576 33.9147 0
    endloop
  endfacet
  facet normal -0.595699 0.803208 0
    outer loop
      vertex 69.9032 32.181 0
      vertex 69.6667 32.0056 2
      vertex 69.9032 32.181 2
    endloop
  endfacet
  facet normal -0.595699 0.803208 0
    outer loop
      vertex 69.6667 32.0056 2
      vertex 69.9032 32.181 0
      vertex 69.6667 32.0056 0
    endloop
  endfacet
  facet normal 0.803208 0.595699 0
    outer loop
      vertex 65.681 32.5968 2
      vertex 65.5056 32.8333 0
      vertex 65.5056 32.8333 2
    endloop
  endfacet
  facet normal 0.803208 0.595699 0
    outer loop
      vertex 65.5056 32.8333 0
      vertex 65.681 32.5968 2
      vertex 65.681 32.5968 0
    endloop
  endfacet
  facet normal 0.998803 -0.0489044 0
    outer loop
      vertex 65 34.5 2
      vertex 65.0144 34.7941 0
      vertex 65.0144 34.7941 2
    endloop
  endfacet
  facet normal 0.998803 -0.0489044 0
    outer loop
      vertex 65.0144 34.7941 0
      vertex 65 34.5 2
      vertex 65 34.5 0
    endloop
  endfacet
  facet normal -0.740908 0.671607 0
    outer loop
      vertex 70.1213 32.3787 0
      vertex 70.319 32.5968 2
      vertex 70.319 32.5968 0
    endloop
  endfacet
  facet normal -0.740908 0.671607 0
    outer loop
      vertex 70.319 32.5968 2
      vertex 70.1213 32.3787 0
      vertex 70.1213 32.3787 2
    endloop
  endfacet
  facet normal 0.336986 0.94151 -0
    outer loop
      vertex 45.1291 3.62918 0
      vertex 44.852 3.72836 2
      vertex 45.1291 3.62918 2
    endloop
  endfacet
  facet normal 0.336986 0.94151 0
    outer loop
      vertex 44.852 3.72836 2
      vertex 45.1291 3.62918 0
      vertex 44.852 3.72836 0
    endloop
  endfacet
  facet normal -0.989176 -0.146736 0
    outer loop
      vertex 48.9856 6.79405 0
      vertex 48.9424 7.08527 2
      vertex 48.9424 7.08527 0
    endloop
  endfacet
  facet normal -0.989176 -0.146736 0
    outer loop
      vertex 48.9424 7.08527 2
      vertex 48.9856 6.79405 0
      vertex 48.9856 6.79405 2
    endloop
  endfacet
  facet normal -0.998803 -0.0489126 0
    outer loop
      vertex 49 6.5 0
      vertex 48.9856 6.79405 2
      vertex 48.9856 6.79405 0
    endloop
  endfacet
  facet normal -0.998803 -0.0489126 0
    outer loop
      vertex 48.9856 6.79405 2
      vertex 49 6.5 0
      vertex 49 6.5 2
    endloop
  endfacet
  facet normal -0.969978 -0.243191 0
    outer loop
      vertex 48.9424 7.08527 0
      vertex 48.8708 7.37085 2
      vertex 48.8708 7.37085 0
    endloop
  endfacet
  facet normal -0.969978 -0.243191 0
    outer loop
      vertex 48.8708 7.37085 2
      vertex 48.9424 7.08527 0
      vertex 48.9424 7.08527 2
    endloop
  endfacet
  facet normal 0.989176 -0.146736 0
    outer loop
      vertex 43.0144 6.79405 2
      vertex 43.0576 7.08527 0
      vertex 43.0576 7.08527 2
    endloop
  endfacet
  facet normal 0.989176 -0.146736 0
    outer loop
      vertex 43.0576 7.08527 0
      vertex 43.0144 6.79405 2
      vertex 43.0144 6.79405 0
    endloop
  endfacet
  facet normal 0.242983 0.970031 -0
    outer loop
      vertex 45.4147 3.55764 0
      vertex 45.1291 3.62918 2
      vertex 45.4147 3.55764 2
    endloop
  endfacet
  facet normal 0.242983 0.970031 0
    outer loop
      vertex 45.1291 3.62918 2
      vertex 45.4147 3.55764 0
      vertex 45.1291 3.62918 0
    endloop
  endfacet
  facet normal -0.336986 -0.94151 0
    outer loop
      vertex 46.8709 9.37082 0
      vertex 47.148 9.27164 2
      vertex 46.8709 9.37082 2
    endloop
  endfacet
  facet normal -0.336986 -0.94151 -0
    outer loop
      vertex 47.148 9.27164 2
      vertex 46.8709 9.37082 0
      vertex 47.148 9.27164 0
    endloop
  endfacet
  facet normal 0.514121 -0.857718 0
    outer loop
      vertex 44.3333 8.99441 0
      vertex 44.5858 9.14576 2
      vertex 44.3333 8.99441 2
    endloop
  endfacet
  facet normal 0.514121 -0.857718 0
    outer loop
      vertex 44.5858 9.14576 2
      vertex 44.3333 8.99441 0
      vertex 44.5858 9.14576 0
    endloop
  endfacet
  facet normal 0.904088 0.427347 0
    outer loop
      vertex 43.3542 5.08581 2
      vertex 43.2284 5.35195 0
      vertex 43.2284 5.35195 2
    endloop
  endfacet
  facet normal 0.904088 0.427347 0
    outer loop
      vertex 43.2284 5.35195 0
      vertex 43.3542 5.08581 2
      vertex 43.3542 5.08581 0
    endloop
  endfacet
  facet normal 0.242983 -0.970031 0
    outer loop
      vertex 45.1291 9.37082 0
      vertex 45.4147 9.44236 2
      vertex 45.1291 9.37082 2
    endloop
  endfacet
  facet normal 0.242983 -0.970031 0
    outer loop
      vertex 45.4147 9.44236 2
      vertex 45.1291 9.37082 0
      vertex 45.4147 9.44236 0
    endloop
  endfacet
  facet normal 0.857661 0.514216 0
    outer loop
      vertex 43.5056 4.83329 2
      vertex 43.3542 5.08581 0
      vertex 43.3542 5.08581 2
    endloop
  endfacet
  facet normal 0.857661 0.514216 0
    outer loop
      vertex 43.3542 5.08581 0
      vertex 43.5056 4.83329 2
      vertex 43.5056 4.83329 0
    endloop
  endfacet
  facet normal -0.242983 0.970031 0
    outer loop
      vertex 46.8709 3.62918 0
      vertex 46.5853 3.55764 2
      vertex 46.8709 3.62918 2
    endloop
  endfacet
  facet normal -0.242983 0.970031 0
    outer loop
      vertex 46.5853 3.55764 2
      vertex 46.8709 3.62918 0
      vertex 46.5853 3.55764 0
    endloop
  endfacet
  facet normal 0.595655 0.803241 -0
    outer loop
      vertex 44.3333 4.00559 0
      vertex 44.0968 4.18097 2
      vertex 44.3333 4.00559 2
    endloop
  endfacet
  facet normal 0.595655 0.803241 0
    outer loop
      vertex 44.0968 4.18097 2
      vertex 44.3333 4.00559 0
      vertex 44.0968 4.18097 0
    endloop
  endfacet
  facet normal -0.514121 0.857718 0
    outer loop
      vertex 47.6667 4.00559 0
      vertex 47.4142 3.85424 2
      vertex 47.6667 4.00559 2
    endloop
  endfacet
  facet normal -0.514121 0.857718 0
    outer loop
      vertex 47.4142 3.85424 2
      vertex 47.6667 4.00559 0
      vertex 47.4142 3.85424 0
    endloop
  endfacet
  facet normal -0.803172 0.595747 0
    outer loop
      vertex 48.319 4.59682 0
      vertex 48.4944 4.83329 2
      vertex 48.4944 4.83329 0
    endloop
  endfacet
  facet normal -0.803172 0.595747 0
    outer loop
      vertex 48.4944 4.83329 2
      vertex 48.319 4.59682 0
      vertex 48.319 4.59682 2
    endloop
  endfacet
  facet normal -0.146712 -0.989179 0
    outer loop
      vertex 46.2941 9.48555 0
      vertex 46.5853 9.44236 2
      vertex 46.2941 9.48555 2
    endloop
  endfacet
  facet normal -0.146712 -0.989179 -0
    outer loop
      vertex 46.5853 9.44236 2
      vertex 46.2941 9.48555 0
      vertex 46.5853 9.44236 0
    endloop
  endfacet
  facet normal 0.595655 -0.803241 0
    outer loop
      vertex 44.0968 8.81903 0
      vertex 44.3333 8.99441 2
      vertex 44.0968 8.81903 2
    endloop
  endfacet
  facet normal 0.595655 -0.803241 0
    outer loop
      vertex 44.3333 8.99441 2
      vertex 44.0968 8.81903 0
      vertex 44.3333 8.99441 0
    endloop
  endfacet
  facet normal 0.803172 -0.595747 0
    outer loop
      vertex 43.5056 8.16671 2
      vertex 43.681 8.40318 0
      vertex 43.681 8.40318 2
    endloop
  endfacet
  facet normal 0.803172 -0.595747 0
    outer loop
      vertex 43.681 8.40318 0
      vertex 43.5056 8.16671 2
      vertex 43.5056 8.16671 0
    endloop
  endfacet
  facet normal -0.989176 0.146736 0
    outer loop
      vertex 48.9424 5.91473 0
      vertex 48.9856 6.20595 2
      vertex 48.9856 6.20595 0
    endloop
  endfacet
  facet normal -0.989176 0.146736 0
    outer loop
      vertex 48.9856 6.20595 2
      vertex 48.9424 5.91473 0
      vertex 48.9424 5.91473 2
    endloop
  endfacet
  facet normal 0.941527 -0.336939 0
    outer loop
      vertex 43.1292 7.37085 2
      vertex 43.2284 7.64805 0
      vertex 43.2284 7.64805 2
    endloop
  endfacet
  facet normal 0.941527 -0.336939 0
    outer loop
      vertex 43.2284 7.64805 0
      vertex 43.1292 7.37085 2
      vertex 43.1292 7.37085 0
    endloop
  endfacet
  facet normal -0.427491 -0.90402 0
    outer loop
      vertex 47.148 9.27164 0
      vertex 47.4142 9.14576 2
      vertex 47.148 9.27164 2
    endloop
  endfacet
  facet normal -0.427491 -0.90402 -0
    outer loop
      vertex 47.4142 9.14576 2
      vertex 47.148 9.27164 0
      vertex 47.4142 9.14576 0
    endloop
  endfacet
  facet normal 0.941527 0.336939 0
    outer loop
      vertex 43.2284 5.35195 2
      vertex 43.1292 5.62915 0
      vertex 43.1292 5.62915 2
    endloop
  endfacet
  facet normal 0.941527 0.336939 0
    outer loop
      vertex 43.1292 5.62915 0
      vertex 43.2284 5.35195 2
      vertex 43.2284 5.35195 0
    endloop
  endfacet
  facet normal -0.969978 0.243191 0
    outer loop
      vertex 48.8708 5.62915 0
      vertex 48.9424 5.91473 2
      vertex 48.9424 5.91473 0
    endloop
  endfacet
  facet normal -0.969978 0.243191 0
    outer loop
      vertex 48.9424 5.91473 2
      vertex 48.8708 5.62915 0
      vertex 48.8708 5.62915 2
    endloop
  endfacet
  facet normal 0.0490738 -0.998795 0
    outer loop
      vertex 45.7059 9.48555 0
      vertex 46 9.5 2
      vertex 45.7059 9.48555 2
    endloop
  endfacet
  facet normal 0.0490738 -0.998795 0
    outer loop
      vertex 46 9.5 2
      vertex 45.7059 9.48555 0
      vertex 46 9.5 0
    endloop
  endfacet
  facet normal -0.671625 -0.740891 0
    outer loop
      vertex 47.9032 8.81903 0
      vertex 48.1213 8.62132 2
      vertex 47.9032 8.81903 2
    endloop
  endfacet
  facet normal -0.671625 -0.740891 -0
    outer loop
      vertex 48.1213 8.62132 2
      vertex 47.9032 8.81903 0
      vertex 48.1213 8.62132 0
    endloop
  endfacet
  facet normal 0.427491 -0.90402 0
    outer loop
      vertex 44.5858 9.14576 0
      vertex 44.852 9.27164 2
      vertex 44.5858 9.14576 2
    endloop
  endfacet
  facet normal 0.427491 -0.90402 0
    outer loop
      vertex 44.852 9.27164 2
      vertex 44.5858 9.14576 0
      vertex 44.852 9.27164 0
    endloop
  endfacet
  facet normal 0.671625 -0.740891 0
    outer loop
      vertex 43.8787 8.62132 0
      vertex 44.0968 8.81903 2
      vertex 43.8787 8.62132 2
    endloop
  endfacet
  facet normal 0.671625 -0.740891 0
    outer loop
      vertex 44.0968 8.81903 2
      vertex 43.8787 8.62132 0
      vertex 44.0968 8.81903 0
    endloop
  endfacet
  facet normal -0.336986 0.94151 0
    outer loop
      vertex 47.148 3.72836 0
      vertex 46.8709 3.62918 2
      vertex 47.148 3.72836 2
    endloop
  endfacet
  facet normal -0.336986 0.94151 0
    outer loop
      vertex 46.8709 3.62918 2
      vertex 47.148 3.72836 0
      vertex 46.8709 3.62918 0
    endloop
  endfacet
  facet normal 0.336986 -0.94151 0
    outer loop
      vertex 44.852 9.27164 0
      vertex 45.1291 9.37082 2
      vertex 44.852 9.27164 2
    endloop
  endfacet
  facet normal 0.336986 -0.94151 0
    outer loop
      vertex 45.1291 9.37082 2
      vertex 44.852 9.27164 0
      vertex 45.1291 9.37082 0
    endloop
  endfacet
  facet normal -0.803172 -0.595747 0
    outer loop
      vertex 48.4944 8.16671 0
      vertex 48.319 8.40318 2
      vertex 48.319 8.40318 0
    endloop
  endfacet
  facet normal -0.803172 -0.595747 0
    outer loop
      vertex 48.319 8.40318 2
      vertex 48.4944 8.16671 0
      vertex 48.4944 8.16671 2
    endloop
  endfacet
  facet normal 0.857661 -0.514216 0
    outer loop
      vertex 43.3542 7.91419 2
      vertex 43.5056 8.16671 0
      vertex 43.5056 8.16671 2
    endloop
  endfacet
  facet normal 0.857661 -0.514216 0
    outer loop
      vertex 43.5056 8.16671 0
      vertex 43.3542 7.91419 2
      vertex 43.3542 7.91419 0
    endloop
  endfacet
  facet normal -0.998803 0.0489126 0
    outer loop
      vertex 48.9856 6.20595 0
      vertex 49 6.5 2
      vertex 49 6.5 0
    endloop
  endfacet
  facet normal -0.998803 0.0489126 0
    outer loop
      vertex 49 6.5 2
      vertex 48.9856 6.20595 0
      vertex 48.9856 6.20595 2
    endloop
  endfacet
  facet normal -0.904088 0.427347 0
    outer loop
      vertex 48.6458 5.08581 0
      vertex 48.7716 5.35195 2
      vertex 48.7716 5.35195 0
    endloop
  endfacet
  facet normal -0.904088 0.427347 0
    outer loop
      vertex 48.7716 5.35195 2
      vertex 48.6458 5.08581 0
      vertex 48.6458 5.08581 2
    endloop
  endfacet
  facet normal 0.671625 0.740891 -0
    outer loop
      vertex 44.0968 4.18097 0
      vertex 43.8787 4.37868 2
      vertex 44.0968 4.18097 2
    endloop
  endfacet
  facet normal 0.671625 0.740891 0
    outer loop
      vertex 43.8787 4.37868 2
      vertex 44.0968 4.18097 0
      vertex 43.8787 4.37868 0
    endloop
  endfacet
  facet normal -0.595655 -0.803241 0
    outer loop
      vertex 47.6667 8.99441 0
      vertex 47.9032 8.81903 2
      vertex 47.6667 8.99441 2
    endloop
  endfacet
  facet normal -0.595655 -0.803241 -0
    outer loop
      vertex 47.9032 8.81903 2
      vertex 47.6667 8.99441 0
      vertex 47.9032 8.81903 0
    endloop
  endfacet
  facet normal 0.514121 0.857718 -0
    outer loop
      vertex 44.5858 3.85424 0
      vertex 44.3333 4.00559 2
      vertex 44.5858 3.85424 2
    endloop
  endfacet
  facet normal 0.514121 0.857718 0
    outer loop
      vertex 44.3333 4.00559 2
      vertex 44.5858 3.85424 0
      vertex 44.3333 4.00559 0
    endloop
  endfacet
  facet normal -0.514121 -0.857718 0
    outer loop
      vertex 47.4142 9.14576 0
      vertex 47.6667 8.99441 2
      vertex 47.4142 9.14576 2
    endloop
  endfacet
  facet normal -0.514121 -0.857718 -0
    outer loop
      vertex 47.6667 8.99441 2
      vertex 47.4142 9.14576 0
      vertex 47.6667 8.99441 0
    endloop
  endfacet
  facet normal -0.146712 0.989179 0
    outer loop
      vertex 46.5853 3.55764 0
      vertex 46.2941 3.51445 2
      vertex 46.5853 3.55764 2
    endloop
  endfacet
  facet normal -0.146712 0.989179 0
    outer loop
      vertex 46.2941 3.51445 2
      vertex 46.5853 3.55764 0
      vertex 46.2941 3.51445 0
    endloop
  endfacet
  facet normal -0.941527 -0.336939 0
    outer loop
      vertex 48.8708 7.37085 0
      vertex 48.7716 7.64805 2
      vertex 48.7716 7.64805 0
    endloop
  endfacet
  facet normal -0.941527 -0.336939 0
    outer loop
      vertex 48.7716 7.64805 2
      vertex 48.8708 7.37085 0
      vertex 48.8708 7.37085 2
    endloop
  endfacet
  facet normal -0.857661 0.514216 0
    outer loop
      vertex 48.4944 4.83329 0
      vertex 48.6458 5.08581 2
      vertex 48.6458 5.08581 0
    endloop
  endfacet
  facet normal -0.857661 0.514216 0
    outer loop
      vertex 48.6458 5.08581 2
      vertex 48.4944 4.83329 0
      vertex 48.4944 4.83329 2
    endloop
  endfacet
  facet normal 0.998803 0.0489126 0
    outer loop
      vertex 43.0144 6.20595 2
      vertex 43 6.5 0
      vertex 43 6.5 2
    endloop
  endfacet
  facet normal 0.998803 0.0489126 0
    outer loop
      vertex 43 6.5 0
      vertex 43.0144 6.20595 2
      vertex 43.0144 6.20595 0
    endloop
  endfacet
  facet normal -0.941527 0.336939 0
    outer loop
      vertex 48.7716 5.35195 0
      vertex 48.8708 5.62915 2
      vertex 48.8708 5.62915 0
    endloop
  endfacet
  facet normal -0.941527 0.336939 0
    outer loop
      vertex 48.8708 5.62915 2
      vertex 48.7716 5.35195 0
      vertex 48.7716 5.35195 2
    endloop
  endfacet
  facet normal -0.740969 -0.671539 0
    outer loop
      vertex 48.319 8.40318 0
      vertex 48.1213 8.62132 2
      vertex 48.1213 8.62132 0
    endloop
  endfacet
  facet normal -0.740969 -0.671539 0
    outer loop
      vertex 48.1213 8.62132 2
      vertex 48.319 8.40318 0
      vertex 48.319 8.40318 2
    endloop
  endfacet
  facet normal -0.0490738 -0.998795 0
    outer loop
      vertex 46 9.5 0
      vertex 46.2941 9.48555 2
      vertex 46 9.5 2
    endloop
  endfacet
  facet normal -0.0490738 -0.998795 -0
    outer loop
      vertex 46.2941 9.48555 2
      vertex 46 9.5 0
      vertex 46.2941 9.48555 0
    endloop
  endfacet
  facet normal -0.904088 -0.427347 0
    outer loop
      vertex 48.7716 7.64805 0
      vertex 48.6458 7.91419 2
      vertex 48.6458 7.91419 0
    endloop
  endfacet
  facet normal -0.904088 -0.427347 0
    outer loop
      vertex 48.6458 7.91419 2
      vertex 48.7716 7.64805 0
      vertex 48.7716 7.64805 2
    endloop
  endfacet
  facet normal 0.146712 0.989179 -0
    outer loop
      vertex 45.7059 3.51445 0
      vertex 45.4147 3.55764 2
      vertex 45.7059 3.51445 2
    endloop
  endfacet
  facet normal 0.146712 0.989179 0
    outer loop
      vertex 45.4147 3.55764 2
      vertex 45.7059 3.51445 0
      vertex 45.4147 3.55764 0
    endloop
  endfacet
  facet normal -0.671625 0.740891 0
    outer loop
      vertex 48.1213 4.37868 0
      vertex 47.9032 4.18097 2
      vertex 48.1213 4.37868 2
    endloop
  endfacet
  facet normal -0.671625 0.740891 0
    outer loop
      vertex 47.9032 4.18097 2
      vertex 48.1213 4.37868 0
      vertex 47.9032 4.18097 0
    endloop
  endfacet
  facet normal -0.857661 -0.514216 0
    outer loop
      vertex 48.6458 7.91419 0
      vertex 48.4944 8.16671 2
      vertex 48.4944 8.16671 0
    endloop
  endfacet
  facet normal -0.857661 -0.514216 0
    outer loop
      vertex 48.4944 8.16671 2
      vertex 48.6458 7.91419 0
      vertex 48.6458 7.91419 2
    endloop
  endfacet
  facet normal 0.0490738 0.998795 -0
    outer loop
      vertex 46 3.5 0
      vertex 45.7059 3.51445 2
      vertex 46 3.5 2
    endloop
  endfacet
  facet normal 0.0490738 0.998795 0
    outer loop
      vertex 45.7059 3.51445 2
      vertex 46 3.5 0
      vertex 45.7059 3.51445 0
    endloop
  endfacet
  facet normal 0.740969 -0.671539 0
    outer loop
      vertex 43.681 8.40318 2
      vertex 43.8787 8.62132 0
      vertex 43.8787 8.62132 2
    endloop
  endfacet
  facet normal 0.740969 -0.671539 0
    outer loop
      vertex 43.8787 8.62132 0
      vertex 43.681 8.40318 2
      vertex 43.681 8.40318 0
    endloop
  endfacet
  facet normal 0.146712 -0.989179 0
    outer loop
      vertex 45.4147 9.44236 0
      vertex 45.7059 9.48555 2
      vertex 45.4147 9.44236 2
    endloop
  endfacet
  facet normal 0.146712 -0.989179 0
    outer loop
      vertex 45.7059 9.48555 2
      vertex 45.4147 9.44236 0
      vertex 45.7059 9.48555 0
    endloop
  endfacet
  facet normal 0.904088 -0.427347 0
    outer loop
      vertex 43.2284 7.64805 2
      vertex 43.3542 7.91419 0
      vertex 43.3542 7.91419 2
    endloop
  endfacet
  facet normal 0.904088 -0.427347 0
    outer loop
      vertex 43.3542 7.91419 0
      vertex 43.2284 7.64805 2
      vertex 43.2284 7.64805 0
    endloop
  endfacet
  facet normal 0.969978 -0.243191 0
    outer loop
      vertex 43.0576 7.08527 2
      vertex 43.1292 7.37085 0
      vertex 43.1292 7.37085 2
    endloop
  endfacet
  facet normal 0.969978 -0.243191 0
    outer loop
      vertex 43.1292 7.37085 0
      vertex 43.0576 7.08527 2
      vertex 43.0576 7.08527 0
    endloop
  endfacet
  facet normal -0.242983 -0.970031 0
    outer loop
      vertex 46.5853 9.44236 0
      vertex 46.8709 9.37082 2
      vertex 46.5853 9.44236 2
    endloop
  endfacet
  facet normal -0.242983 -0.970031 -0
    outer loop
      vertex 46.8709 9.37082 2
      vertex 46.5853 9.44236 0
      vertex 46.8709 9.37082 0
    endloop
  endfacet
  facet normal 0.969978 0.243191 0
    outer loop
      vertex 43.1292 5.62915 2
      vertex 43.0576 5.91473 0
      vertex 43.0576 5.91473 2
    endloop
  endfacet
  facet normal 0.969978 0.243191 0
    outer loop
      vertex 43.0576 5.91473 0
      vertex 43.1292 5.62915 2
      vertex 43.1292 5.62915 0
    endloop
  endfacet
  facet normal 0.427491 0.90402 -0
    outer loop
      vertex 44.852 3.72836 0
      vertex 44.5858 3.85424 2
      vertex 44.852 3.72836 2
    endloop
  endfacet
  facet normal 0.427491 0.90402 0
    outer loop
      vertex 44.5858 3.85424 2
      vertex 44.852 3.72836 0
      vertex 44.5858 3.85424 0
    endloop
  endfacet
  facet normal 0.740969 0.671539 0
    outer loop
      vertex 43.8787 4.37868 2
      vertex 43.681 4.59682 0
      vertex 43.681 4.59682 2
    endloop
  endfacet
  facet normal 0.740969 0.671539 0
    outer loop
      vertex 43.681 4.59682 0
      vertex 43.8787 4.37868 2
      vertex 43.8787 4.37868 0
    endloop
  endfacet
  facet normal -0.427491 0.90402 0
    outer loop
      vertex 47.4142 3.85424 0
      vertex 47.148 3.72836 2
      vertex 47.4142 3.85424 2
    endloop
  endfacet
  facet normal -0.427491 0.90402 0
    outer loop
      vertex 47.148 3.72836 2
      vertex 47.4142 3.85424 0
      vertex 47.148 3.72836 0
    endloop
  endfacet
  facet normal -0.0490738 0.998795 0
    outer loop
      vertex 46.2941 3.51445 0
      vertex 46 3.5 2
      vertex 46.2941 3.51445 2
    endloop
  endfacet
  facet normal -0.0490738 0.998795 0
    outer loop
      vertex 46 3.5 2
      vertex 46.2941 3.51445 0
      vertex 46 3.5 0
    endloop
  endfacet
  facet normal 0.989176 0.146736 0
    outer loop
      vertex 43.0576 5.91473 2
      vertex 43.0144 6.20595 0
      vertex 43.0144 6.20595 2
    endloop
  endfacet
  facet normal 0.989176 0.146736 0
    outer loop
      vertex 43.0144 6.20595 0
      vertex 43.0576 5.91473 2
      vertex 43.0576 5.91473 0
    endloop
  endfacet
  facet normal -0.595655 0.803241 0
    outer loop
      vertex 47.9032 4.18097 0
      vertex 47.6667 4.00559 2
      vertex 47.9032 4.18097 2
    endloop
  endfacet
  facet normal -0.595655 0.803241 0
    outer loop
      vertex 47.6667 4.00559 2
      vertex 47.9032 4.18097 0
      vertex 47.6667 4.00559 0
    endloop
  endfacet
  facet normal 0.803172 0.595747 0
    outer loop
      vertex 43.681 4.59682 2
      vertex 43.5056 4.83329 0
      vertex 43.5056 4.83329 2
    endloop
  endfacet
  facet normal 0.803172 0.595747 0
    outer loop
      vertex 43.5056 4.83329 0
      vertex 43.681 4.59682 2
      vertex 43.681 4.59682 0
    endloop
  endfacet
  facet normal 0.998803 -0.0489126 0
    outer loop
      vertex 43 6.5 2
      vertex 43.0144 6.79405 0
      vertex 43.0144 6.79405 2
    endloop
  endfacet
  facet normal 0.998803 -0.0489126 0
    outer loop
      vertex 43.0144 6.79405 0
      vertex 43 6.5 2
      vertex 43 6.5 0
    endloop
  endfacet
  facet normal -0.740969 0.671539 0
    outer loop
      vertex 48.1213 4.37868 0
      vertex 48.319 4.59682 2
      vertex 48.319 4.59682 0
    endloop
  endfacet
  facet normal -0.740969 0.671539 0
    outer loop
      vertex 48.319 4.59682 2
      vertex 48.1213 4.37868 0
      vertex 48.1213 4.37868 2
    endloop
  endfacet
  facet normal 0.998796 -0.049048 0
    outer loop
      vertex 4.4 66 2
      vertex 4.4077 66.1568 0
      vertex 4.4077 66.1568 2
    endloop
  endfacet
  facet normal 0.998796 -0.049048 0
    outer loop
      vertex 4.4077 66.1568 0
      vertex 4.4 66 2
      vertex 4.4 66 0
    endloop
  endfacet
  facet normal -0.989183 -0.146689 0
    outer loop
      vertex 7.59229 66.1568 2
      vertex 7.56926 66.3121 2
      vertex 7.56926 66.3121 0
    endloop
  endfacet
  facet normal -0.989183 -0.146689 -0
    outer loop
      vertex 7.59229 66.1568 2
      vertex 7.56926 66.3121 0
      vertex 7.59229 66.1568 0
    endloop
  endfacet
  facet normal -0.989183 -0.146689 0
    outer loop
      vertex 7.56926 66.3121 2
      vertex 7.59229 66.1568 2
      vertex 7.56926 66.3121 4
    endloop
  endfacet
  facet normal -0.989183 -0.146689 0
    outer loop
      vertex 7.56926 66.3121 4
      vertex 7.59229 66.1568 2
      vertex 7.59229 66.1568 4
    endloop
  endfacet
  facet normal -0.998793 -0.0491116 0
    outer loop
      vertex 7.6 66 2
      vertex 7.59229 66.1568 2
      vertex 7.59229 66.1568 0
    endloop
  endfacet
  facet normal -0.998793 -0.0491116 -0
    outer loop
      vertex 7.6 66 2
      vertex 7.59229 66.1568 0
      vertex 7.6 66 0
    endloop
  endfacet
  facet normal -0.998793 -0.0491116 0
    outer loop
      vertex 7.59229 66.1568 2
      vertex 7.6 66 2
      vertex 7.59229 66.1568 4
    endloop
  endfacet
  facet normal -0.998793 -0.0491116 0
    outer loop
      vertex 7.59229 66.1568 4
      vertex 7.6 66 2
      vertex 7.6 66 4
    endloop
  endfacet
  facet normal -0.970053 -0.242895 0
    outer loop
      vertex 7.56926 66.3121 2
      vertex 7.5311 66.4645 2
      vertex 7.5311 66.4645 0
    endloop
  endfacet
  facet normal -0.970053 -0.242895 -0
    outer loop
      vertex 7.56926 66.3121 2
      vertex 7.5311 66.4645 0
      vertex 7.56926 66.3121 0
    endloop
  endfacet
  facet normal -0.970053 -0.242895 0
    outer loop
      vertex 7.5311 66.4645 2
      vertex 7.56926 66.3121 2
      vertex 7.5311 66.4645 4
    endloop
  endfacet
  facet normal -0.970053 -0.242895 0
    outer loop
      vertex 7.5311 66.4645 4
      vertex 7.56926 66.3121 2
      vertex 7.56926 66.3121 4
    endloop
  endfacet
  facet normal -0.146493 -0.989212 0
    outer loop
      vertex 6.15683 67.5923 2
      vertex 6.31214 67.5693 4
      vertex 6.15683 67.5923 4
    endloop
  endfacet
  facet normal -0.146493 -0.989212 0
    outer loop
      vertex 6.15683 67.5923 2
      vertex 6.31214 67.5693 2
      vertex 6.31214 67.5693 4
    endloop
  endfacet
  facet normal -0.146493 -0.989212 0
    outer loop
      vertex 6.15683 67.5923 0
      vertex 6.31214 67.5693 2
      vertex 6.15683 67.5923 2
    endloop
  endfacet
  facet normal -0.146493 -0.989212 -0
    outer loop
      vertex 6.31214 67.5693 2
      vertex 6.15683 67.5923 0
      vertex 6.31214 67.5693 0
    endloop
  endfacet
  facet normal 0.970068 0.242835 0
    outer loop
      vertex 4.46889 65.5355 2
      vertex 4.43074 65.6879 0
      vertex 4.43074 65.6879 2
    endloop
  endfacet
  facet normal 0.970068 0.242835 0
    outer loop
      vertex 4.43074 65.6879 0
      vertex 4.46889 65.5355 2
      vertex 4.46889 65.5355 0
    endloop
  endfacet
  facet normal 0.336921 0.941533 -0
    outer loop
      vertex 5.53554 64.4689 0
      vertex 5.38771 64.5218 2
      vertex 5.53554 64.4689 2
    endloop
  endfacet
  facet normal 0.336921 0.941533 0
    outer loop
      vertex 5.38771 64.5218 2
      vertex 5.53554 64.4689 0
      vertex 5.38771 64.5218 0
    endloop
  endfacet
  facet normal -0.998793 0.0491116 0
    outer loop
      vertex 7.59229 65.8432 0
      vertex 7.6 66 2
      vertex 7.6 66 0
    endloop
  endfacet
  facet normal -0.998793 0.0491116 0
    outer loop
      vertex 7.6 66 2
      vertex 7.59229 65.8432 0
      vertex 7.59229 65.8432 2
    endloop
  endfacet
  facet normal 0.989173 -0.146752 0
    outer loop
      vertex 4.4077 66.1568 2
      vertex 4.43074 66.3121 0
      vertex 4.43074 66.3121 2
    endloop
  endfacet
  facet normal 0.989173 -0.146752 0
    outer loop
      vertex 4.43074 66.3121 0
      vertex 4.4077 66.1568 2
      vertex 4.4077 66.1568 0
    endloop
  endfacet
  facet normal -0.146493 0.989212 0
    outer loop
      vertex 6.31214 64.4307 0
      vertex 6.15683 64.4077 2
      vertex 6.31214 64.4307 2
    endloop
  endfacet
  facet normal -0.146493 0.989212 0
    outer loop
      vertex 6.15683 64.4077 2
      vertex 6.31214 64.4307 0
      vertex 6.15683 64.4077 0
    endloop
  endfacet
  facet normal -0.941531 -0.336926 0
    outer loop
      vertex 7.5311 66.4645 2
      vertex 7.47821 66.6123 2
      vertex 7.47821 66.6123 0
    endloop
  endfacet
  facet normal -0.941531 -0.336926 -0
    outer loop
      vertex 7.5311 66.4645 2
      vertex 7.47821 66.6123 0
      vertex 7.5311 66.4645 0
    endloop
  endfacet
  facet normal -0.941531 -0.336926 0
    outer loop
      vertex 7.47821 66.6123 2
      vertex 7.5311 66.4645 2
      vertex 7.47821 66.6123 4
    endloop
  endfacet
  facet normal -0.941531 -0.336926 0
    outer loop
      vertex 7.47821 66.6123 4
      vertex 7.5311 66.4645 2
      vertex 7.5311 66.4645 4
    endloop
  endfacet
  facet normal 0.427361 -0.904081 0
    outer loop
      vertex 5.24576 67.4111 0
      vertex 5.38771 67.4782 2
      vertex 5.24576 67.4111 2
    endloop
  endfacet
  facet normal 0.427361 -0.904081 0
    outer loop
      vertex 5.38771 67.4782 2
      vertex 5.24576 67.4111 0
      vertex 5.38771 67.4782 0
    endloop
  endfacet
  facet normal -0.970053 0.242895 0
    outer loop
      vertex 7.5311 65.5355 0
      vertex 7.56926 65.6879 2
      vertex 7.56926 65.6879 0
    endloop
  endfacet
  facet normal -0.970053 0.242895 0
    outer loop
      vertex 7.56926 65.6879 2
      vertex 7.5311 65.5355 0
      vertex 7.5311 65.5355 2
    endloop
  endfacet
  facet normal 0.427361 0.904081 -0
    outer loop
      vertex 5.38771 64.5218 0
      vertex 5.24576 64.5889 2
      vertex 5.38771 64.5218 2
    endloop
  endfacet
  facet normal 0.427361 0.904081 0
    outer loop
      vertex 5.24576 64.5889 2
      vertex 5.38771 64.5218 0
      vertex 5.24576 64.5889 0
    endloop
  endfacet
  facet normal 0.24327 -0.969959 0
    outer loop
      vertex 5.53554 67.5311 0
      vertex 5.68785 67.5693 2
      vertex 5.53554 67.5311 2
    endloop
  endfacet
  facet normal 0.24327 -0.969959 0
    outer loop
      vertex 5.68785 67.5693 2
      vertex 5.53554 67.5311 0
      vertex 5.68785 67.5693 0
    endloop
  endfacet
  facet normal 0.903925 -0.427692 0
    outer loop
      vertex 4.52179 66.6123 2
      vertex 4.58893 66.7542 0
      vertex 4.58893 66.7542 2
    endloop
  endfacet
  facet normal 0.903925 -0.427692 0
    outer loop
      vertex 4.58893 66.7542 0
      vertex 4.52179 66.6123 2
      vertex 4.52179 66.6123 0
    endloop
  endfacet
  facet normal 0.903925 0.427692 0
    outer loop
      vertex 4.58893 65.2458 2
      vertex 4.52179 65.3877 0
      vertex 4.52179 65.3877 2
    endloop
  endfacet
  facet normal 0.903925 0.427692 0
    outer loop
      vertex 4.52179 65.3877 0
      vertex 4.58893 65.2458 2
      vertex 4.58893 65.2458 0
    endloop
  endfacet
  facet normal -0.336901 -0.94154 0
    outer loop
      vertex 6.46445 67.5311 2
      vertex 6.61229 67.4782 4
      vertex 6.46445 67.5311 4
    endloop
  endfacet
  facet normal -0.336901 -0.94154 0
    outer loop
      vertex 6.46445 67.5311 2
      vertex 6.61229 67.4782 2
      vertex 6.61229 67.4782 4
    endloop
  endfacet
  facet normal -0.336901 -0.94154 0
    outer loop
      vertex 6.46445 67.5311 0
      vertex 6.61229 67.4782 2
      vertex 6.46445 67.5311 2
    endloop
  endfacet
  facet normal -0.336901 -0.94154 -0
    outer loop
      vertex 6.61229 67.4782 2
      vertex 6.46445 67.5311 0
      vertex 6.61229 67.4782 0
    endloop
  endfacet
  facet normal -0.24327 -0.969959 0
    outer loop
      vertex 6.31214 67.5693 2
      vertex 6.46445 67.5311 4
      vertex 6.31214 67.5693 4
    endloop
  endfacet
  facet normal -0.24327 -0.969959 0
    outer loop
      vertex 6.31214 67.5693 2
      vertex 6.46445 67.5311 2
      vertex 6.46445 67.5311 4
    endloop
  endfacet
  facet normal -0.24327 -0.969959 0
    outer loop
      vertex 6.31214 67.5693 0
      vertex 6.46445 67.5311 2
      vertex 6.31214 67.5693 2
    endloop
  endfacet
  facet normal -0.24327 -0.969959 -0
    outer loop
      vertex 6.46445 67.5311 2
      vertex 6.31214 67.5693 0
      vertex 6.46445 67.5311 0
    endloop
  endfacet
  facet normal 0.336921 -0.941533 0
    outer loop
      vertex 5.38771 67.4782 0
      vertex 5.53554 67.5311 2
      vertex 5.38771 67.4782 2
    endloop
  endfacet
  facet normal 0.336921 -0.941533 0
    outer loop
      vertex 5.53554 67.5311 2
      vertex 5.38771 67.4782 0
      vertex 5.53554 67.5311 0
    endloop
  endfacet
  facet normal -0.803184 0.595732 0
    outer loop
      vertex 7.23682 64.985 0
      vertex 7.33035 65.1111 2
      vertex 7.33035 65.1111 0
    endloop
  endfacet
  facet normal -0.803184 0.595732 0
    outer loop
      vertex 7.33035 65.1111 2
      vertex 7.23682 64.985 0
      vertex 7.23682 64.985 2
    endloop
  endfacet
  facet normal 0.857774 -0.514027 0
    outer loop
      vertex 4.58893 66.7542 2
      vertex 4.66965 66.8889 0
      vertex 4.66965 66.8889 2
    endloop
  endfacet
  facet normal 0.857774 -0.514027 0
    outer loop
      vertex 4.66965 66.8889 0
      vertex 4.58893 66.7542 2
      vertex 4.58893 66.7542 0
    endloop
  endfacet
  facet normal -0.671404 -0.741092 0
    outer loop
      vertex 7.01503 67.2368 2
      vertex 7.13137 67.1314 4
      vertex 7.01503 67.2368 4
    endloop
  endfacet
  facet normal -0.671404 -0.741092 0
    outer loop
      vertex 7.01503 67.2368 2
      vertex 7.13137 67.1314 2
      vertex 7.13137 67.1314 4
    endloop
  endfacet
  facet normal -0.671404 -0.741092 0
    outer loop
      vertex 7.01503 67.2368 0
      vertex 7.13137 67.1314 2
      vertex 7.01503 67.2368 2
    endloop
  endfacet
  facet normal -0.671404 -0.741092 -0
    outer loop
      vertex 7.13137 67.1314 2
      vertex 7.01503 67.2368 0
      vertex 7.13137 67.1314 0
    endloop
  endfacet
  facet normal -0.0490387 0.998797 0
    outer loop
      vertex 6.15683 64.4077 0
      vertex 6 64.4 2
      vertex 6.15683 64.4077 2
    endloop
  endfacet
  facet normal -0.0490387 0.998797 0
    outer loop
      vertex 6 64.4 2
      vertex 6.15683 64.4077 0
      vertex 6 64.4 0
    endloop
  endfacet
  facet normal -0.427385 -0.90407 0
    outer loop
      vertex 6.61229 67.4782 2
      vertex 6.75423 67.4111 4
      vertex 6.61229 67.4782 4
    endloop
  endfacet
  facet normal -0.427385 -0.90407 0
    outer loop
      vertex 6.61229 67.4782 2
      vertex 6.75423 67.4111 2
      vertex 6.75423 67.4111 4
    endloop
  endfacet
  facet normal -0.427385 -0.90407 0
    outer loop
      vertex 6.61229 67.4782 0
      vertex 6.75423 67.4111 2
      vertex 6.61229 67.4782 2
    endloop
  endfacet
  facet normal -0.427385 -0.90407 -0
    outer loop
      vertex 6.75423 67.4111 2
      vertex 6.61229 67.4782 0
      vertex 6.75423 67.4111 0
    endloop
  endfacet
  facet normal 0.741106 0.671388 0
    outer loop
      vertex 4.86863 64.8686 2
      vertex 4.76318 64.985 0
      vertex 4.76318 64.985 2
    endloop
  endfacet
  facet normal 0.741106 0.671388 0
    outer loop
      vertex 4.76318 64.985 0
      vertex 4.86863 64.8686 2
      vertex 4.86863 64.8686 0
    endloop
  endfacet
  facet normal -0.903925 -0.427692 0
    outer loop
      vertex 7.47821 66.6123 2
      vertex 7.41107 66.7542 2
      vertex 7.41107 66.7542 0
    endloop
  endfacet
  facet normal -0.903925 -0.427692 -0
    outer loop
      vertex 7.47821 66.6123 2
      vertex 7.41107 66.7542 0
      vertex 7.47821 66.6123 0
    endloop
  endfacet
  facet normal -0.903925 -0.427692 0
    outer loop
      vertex 7.41107 66.7542 2
      vertex 7.47821 66.6123 2
      vertex 7.41107 66.7542 4
    endloop
  endfacet
  facet normal -0.903925 -0.427692 0
    outer loop
      vertex 7.41107 66.7542 4
      vertex 7.47821 66.6123 2
      vertex 7.47821 66.6123 4
    endloop
  endfacet
  facet normal -0.857774 0.514027 0
    outer loop
      vertex 7.33035 65.1111 0
      vertex 7.41107 65.2458 2
      vertex 7.41107 65.2458 0
    endloop
  endfacet
  facet normal -0.857774 0.514027 0
    outer loop
      vertex 7.41107 65.2458 2
      vertex 7.33035 65.1111 0
      vertex 7.33035 65.1111 2
    endloop
  endfacet
  facet normal -0.24327 0.969959 0
    outer loop
      vertex 6.46445 64.4689 0
      vertex 6.31214 64.4307 2
      vertex 6.46445 64.4689 2
    endloop
  endfacet
  facet normal -0.24327 0.969959 0
    outer loop
      vertex 6.31214 64.4307 2
      vertex 6.46445 64.4689 0
      vertex 6.31214 64.4307 0
    endloop
  endfacet
  facet normal 0.941511 0.336982 0
    outer loop
      vertex 4.52179 65.3877 2
      vertex 4.46889 65.5355 0
      vertex 4.46889 65.5355 2
    endloop
  endfacet
  facet normal 0.941511 0.336982 0
    outer loop
      vertex 4.46889 65.5355 0
      vertex 4.52179 65.3877 2
      vertex 4.52179 65.3877 0
    endloop
  endfacet
  facet normal -0.51399 -0.857796 0
    outer loop
      vertex 6.75423 67.4111 2
      vertex 6.88891 67.3304 4
      vertex 6.75423 67.4111 4
    endloop
  endfacet
  facet normal -0.51399 -0.857796 0
    outer loop
      vertex 6.75423 67.4111 2
      vertex 6.88891 67.3304 2
      vertex 6.88891 67.3304 4
    endloop
  endfacet
  facet normal -0.51399 -0.857796 0
    outer loop
      vertex 6.75423 67.4111 0
      vertex 6.88891 67.3304 2
      vertex 6.75423 67.4111 2
    endloop
  endfacet
  facet normal -0.51399 -0.857796 -0
    outer loop
      vertex 6.88891 67.3304 2
      vertex 6.75423 67.4111 0
      vertex 6.88891 67.3304 0
    endloop
  endfacet
  facet normal 0.0490387 0.998797 -0
    outer loop
      vertex 6 64.4 0
      vertex 5.84317 64.4077 2
      vertex 6 64.4 2
    endloop
  endfacet
  facet normal 0.0490387 0.998797 0
    outer loop
      vertex 5.84317 64.4077 2
      vertex 6 64.4 0
      vertex 5.84317 64.4077 0
    endloop
  endfacet
  facet normal -0.595958 0.803015 0
    outer loop
      vertex 7.01503 64.7632 0
      vertex 6.88891 64.6696 2
      vertex 7.01503 64.7632 2
    endloop
  endfacet
  facet normal -0.595958 0.803015 0
    outer loop
      vertex 6.88891 64.6696 2
      vertex 7.01503 64.7632 0
      vertex 6.88891 64.6696 0
    endloop
  endfacet
  facet normal 0.970068 -0.242835 0
    outer loop
      vertex 4.43074 66.3121 2
      vertex 4.46889 66.4645 0
      vertex 4.46889 66.4645 2
    endloop
  endfacet
  facet normal 0.970068 -0.242835 0
    outer loop
      vertex 4.46889 66.4645 0
      vertex 4.43074 66.3121 2
      vertex 4.43074 66.3121 0
    endloop
  endfacet
  facet normal -0.336901 0.94154 0
    outer loop
      vertex 6.61229 64.5218 0
      vertex 6.46445 64.4689 2
      vertex 6.61229 64.5218 2
    endloop
  endfacet
  facet normal -0.336901 0.94154 0
    outer loop
      vertex 6.46445 64.4689 2
      vertex 6.61229 64.5218 0
      vertex 6.46445 64.4689 0
    endloop
  endfacet
  facet normal -0.803184 -0.595732 0
    outer loop
      vertex 7.33035 66.8889 2
      vertex 7.23682 67.015 2
      vertex 7.23682 67.015 0
    endloop
  endfacet
  facet normal -0.803184 -0.595732 -0
    outer loop
      vertex 7.33035 66.8889 2
      vertex 7.23682 67.015 0
      vertex 7.33035 66.8889 0
    endloop
  endfacet
  facet normal -0.803184 -0.595732 0
    outer loop
      vertex 7.23682 67.015 2
      vertex 7.33035 66.8889 2
      vertex 7.23682 67.015 4
    endloop
  endfacet
  facet normal -0.803184 -0.595732 0
    outer loop
      vertex 7.23682 67.015 4
      vertex 7.33035 66.8889 2
      vertex 7.33035 66.8889 4
    endloop
  endfacet
  facet normal 0.514018 0.857779 -0
    outer loop
      vertex 5.24576 64.5889 0
      vertex 5.11109 64.6696 2
      vertex 5.24576 64.5889 2
    endloop
  endfacet
  facet normal 0.514018 0.857779 0
    outer loop
      vertex 5.11109 64.6696 2
      vertex 5.24576 64.5889 0
      vertex 5.11109 64.6696 0
    endloop
  endfacet
  facet normal -0.595958 -0.803015 0
    outer loop
      vertex 6.88891 67.3304 2
      vertex 7.01503 67.2368 4
      vertex 6.88891 67.3304 4
    endloop
  endfacet
  facet normal -0.595958 -0.803015 0
    outer loop
      vertex 6.88891 67.3304 2
      vertex 7.01503 67.2368 2
      vertex 7.01503 67.2368 4
    endloop
  endfacet
  facet normal -0.595958 -0.803015 0
    outer loop
      vertex 6.88891 67.3304 0
      vertex 7.01503 67.2368 2
      vertex 6.88891 67.3304 2
    endloop
  endfacet
  facet normal -0.595958 -0.803015 -0
    outer loop
      vertex 7.01503 67.2368 2
      vertex 6.88891 67.3304 0
      vertex 7.01503 67.2368 0
    endloop
  endfacet
  facet normal -0.903925 0.427692 0
    outer loop
      vertex 7.41107 65.2458 0
      vertex 7.47821 65.3877 2
      vertex 7.47821 65.3877 0
    endloop
  endfacet
  facet normal -0.903925 0.427692 0
    outer loop
      vertex 7.47821 65.3877 2
      vertex 7.41107 65.2458 0
      vertex 7.41107 65.2458 2
    endloop
  endfacet
  facet normal -0.741106 0.671388 0
    outer loop
      vertex 7.13137 64.8686 0
      vertex 7.23682 64.985 2
      vertex 7.23682 64.985 0
    endloop
  endfacet
  facet normal -0.741106 0.671388 0
    outer loop
      vertex 7.23682 64.985 2
      vertex 7.13137 64.8686 0
      vertex 7.13137 64.8686 2
    endloop
  endfacet
  facet normal -0.0490387 -0.998797 0
    outer loop
      vertex 6 67.6 2
      vertex 6.15683 67.5923 4
      vertex 6 67.6 4
    endloop
  endfacet
  facet normal -0.0490387 -0.998797 0
    outer loop
      vertex 6 67.6 2
      vertex 6.15683 67.5923 2
      vertex 6.15683 67.5923 4
    endloop
  endfacet
  facet normal -0.0490387 -0.998797 0
    outer loop
      vertex 6 67.6 0
      vertex 6.15683 67.5923 2
      vertex 6 67.6 2
    endloop
  endfacet
  facet normal -0.0490387 -0.998797 -0
    outer loop
      vertex 6.15683 67.5923 2
      vertex 6 67.6 0
      vertex 6.15683 67.5923 0
    endloop
  endfacet
  facet normal -0.427385 0.90407 0
    outer loop
      vertex 6.75423 64.5889 0
      vertex 6.61229 64.5218 2
      vertex 6.75423 64.5889 2
    endloop
  endfacet
  facet normal -0.427385 0.90407 0
    outer loop
      vertex 6.61229 64.5218 2
      vertex 6.75423 64.5889 0
      vertex 6.61229 64.5218 0
    endloop
  endfacet
  facet normal 0.146484 -0.989213 0
    outer loop
      vertex 5.68785 67.5693 0
      vertex 5.84317 67.5923 2
      vertex 5.68785 67.5693 2
    endloop
  endfacet
  facet normal 0.146484 -0.989213 0
    outer loop
      vertex 5.84317 67.5923 2
      vertex 5.68785 67.5693 0
      vertex 5.84317 67.5923 0
    endloop
  endfacet
  facet normal -0.989183 0.146689 0
    outer loop
      vertex 7.56926 65.6879 0
      vertex 7.59229 65.8432 2
      vertex 7.59229 65.8432 0
    endloop
  endfacet
  facet normal -0.989183 0.146689 0
    outer loop
      vertex 7.59229 65.8432 2
      vertex 7.56926 65.6879 0
      vertex 7.56926 65.6879 2
    endloop
  endfacet
  facet normal 0.671404 -0.741092 0
    outer loop
      vertex 4.86863 67.1314 0
      vertex 4.98497 67.2368 2
      vertex 4.86863 67.1314 2
    endloop
  endfacet
  facet normal 0.671404 -0.741092 0
    outer loop
      vertex 4.98497 67.2368 2
      vertex 4.86863 67.1314 0
      vertex 4.98497 67.2368 0
    endloop
  endfacet
  facet normal -0.857774 -0.514027 0
    outer loop
      vertex 7.41107 66.7542 2
      vertex 7.33035 66.8889 2
      vertex 7.33035 66.8889 0
    endloop
  endfacet
  facet normal -0.857774 -0.514027 -0
    outer loop
      vertex 7.41107 66.7542 2
      vertex 7.33035 66.8889 0
      vertex 7.41107 66.7542 0
    endloop
  endfacet
  facet normal -0.857774 -0.514027 0
    outer loop
      vertex 7.33035 66.8889 2
      vertex 7.41107 66.7542 2
      vertex 7.33035 66.8889 4
    endloop
  endfacet
  facet normal -0.857774 -0.514027 0
    outer loop
      vertex 7.33035 66.8889 4
      vertex 7.41107 66.7542 2
      vertex 7.41107 66.7542 4
    endloop
  endfacet
  facet normal -0.741106 -0.671388 0
    outer loop
      vertex 7.23682 67.015 2
      vertex 7.13137 67.1314 2
      vertex 7.13137 67.1314 0
    endloop
  endfacet
  facet normal -0.741106 -0.671388 -0
    outer loop
      vertex 7.23682 67.015 2
      vertex 7.13137 67.1314 0
      vertex 7.23682 67.015 0
    endloop
  endfacet
  facet normal -0.741106 -0.671388 0
    outer loop
      vertex 7.13137 67.1314 2
      vertex 7.23682 67.015 2
      vertex 7.13137 67.1314 4
    endloop
  endfacet
  facet normal -0.741106 -0.671388 0
    outer loop
      vertex 7.13137 67.1314 4
      vertex 7.23682 67.015 2
      vertex 7.23682 67.015 4
    endloop
  endfacet
  facet normal 0.803184 0.595732 0
    outer loop
      vertex 4.76318 64.985 2
      vertex 4.66965 65.1111 0
      vertex 4.66965 65.1111 2
    endloop
  endfacet
  facet normal 0.803184 0.595732 0
    outer loop
      vertex 4.66965 65.1111 0
      vertex 4.76318 64.985 2
      vertex 4.76318 64.985 0
    endloop
  endfacet
  facet normal 0.741106 -0.671388 0
    outer loop
      vertex 4.76318 67.015 2
      vertex 4.86863 67.1314 0
      vertex 4.86863 67.1314 2
    endloop
  endfacet
  facet normal 0.741106 -0.671388 0
    outer loop
      vertex 4.86863 67.1314 0
      vertex 4.76318 67.015 2
      vertex 4.76318 67.015 0
    endloop
  endfacet
  facet normal 0.595958 0.803015 -0
    outer loop
      vertex 5.11109 64.6696 0
      vertex 4.98497 64.7632 2
      vertex 5.11109 64.6696 2
    endloop
  endfacet
  facet normal 0.595958 0.803015 0
    outer loop
      vertex 4.98497 64.7632 2
      vertex 5.11109 64.6696 0
      vertex 4.98497 64.7632 0
    endloop
  endfacet
  facet normal 0.671404 0.741092 -0
    outer loop
      vertex 4.98497 64.7632 0
      vertex 4.86863 64.8686 2
      vertex 4.98497 64.7632 2
    endloop
  endfacet
  facet normal 0.671404 0.741092 0
    outer loop
      vertex 4.86863 64.8686 2
      vertex 4.98497 64.7632 0
      vertex 4.86863 64.8686 0
    endloop
  endfacet
  facet normal -0.51399 0.857796 0
    outer loop
      vertex 6.88891 64.6696 0
      vertex 6.75423 64.5889 2
      vertex 6.88891 64.6696 2
    endloop
  endfacet
  facet normal -0.51399 0.857796 0
    outer loop
      vertex 6.75423 64.5889 2
      vertex 6.88891 64.6696 0
      vertex 6.75423 64.5889 0
    endloop
  endfacet
  facet normal -0.671404 0.741092 0
    outer loop
      vertex 7.13137 64.8686 0
      vertex 7.01503 64.7632 2
      vertex 7.13137 64.8686 2
    endloop
  endfacet
  facet normal -0.671404 0.741092 0
    outer loop
      vertex 7.01503 64.7632 2
      vertex 7.13137 64.8686 0
      vertex 7.01503 64.7632 0
    endloop
  endfacet
  facet normal 0.0490387 -0.998797 0
    outer loop
      vertex 5.84317 67.5923 0
      vertex 6 67.6 2
      vertex 5.84317 67.5923 2
    endloop
  endfacet
  facet normal 0.0490387 -0.998797 0
    outer loop
      vertex 6 67.6 2
      vertex 5.84317 67.5923 0
      vertex 6 67.6 0
    endloop
  endfacet
  facet normal 0.24327 0.969959 -0
    outer loop
      vertex 5.68785 64.4307 0
      vertex 5.53554 64.4689 2
      vertex 5.68785 64.4307 2
    endloop
  endfacet
  facet normal 0.24327 0.969959 0
    outer loop
      vertex 5.53554 64.4689 2
      vertex 5.68785 64.4307 0
      vertex 5.53554 64.4689 0
    endloop
  endfacet
  facet normal 0.989173 0.146752 0
    outer loop
      vertex 4.43074 65.6879 2
      vertex 4.4077 65.8432 0
      vertex 4.4077 65.8432 2
    endloop
  endfacet
  facet normal 0.989173 0.146752 0
    outer loop
      vertex 4.4077 65.8432 0
      vertex 4.43074 65.6879 2
      vertex 4.43074 65.6879 0
    endloop
  endfacet
  facet normal 0.514018 -0.857779 0
    outer loop
      vertex 5.11109 67.3304 0
      vertex 5.24576 67.4111 2
      vertex 5.11109 67.3304 2
    endloop
  endfacet
  facet normal 0.514018 -0.857779 0
    outer loop
      vertex 5.24576 67.4111 2
      vertex 5.11109 67.3304 0
      vertex 5.24576 67.4111 0
    endloop
  endfacet
  facet normal 0.595958 -0.803015 0
    outer loop
      vertex 4.98497 67.2368 0
      vertex 5.11109 67.3304 2
      vertex 4.98497 67.2368 2
    endloop
  endfacet
  facet normal 0.595958 -0.803015 0
    outer loop
      vertex 5.11109 67.3304 2
      vertex 4.98497 67.2368 0
      vertex 5.11109 67.3304 0
    endloop
  endfacet
  facet normal 0.941511 -0.336982 0
    outer loop
      vertex 4.46889 66.4645 2
      vertex 4.52179 66.6123 0
      vertex 4.52179 66.6123 2
    endloop
  endfacet
  facet normal 0.941511 -0.336982 0
    outer loop
      vertex 4.52179 66.6123 0
      vertex 4.46889 66.4645 2
      vertex 4.46889 66.4645 0
    endloop
  endfacet
  facet normal -0.941531 0.336926 0
    outer loop
      vertex 7.47821 65.3877 0
      vertex 7.5311 65.5355 2
      vertex 7.5311 65.5355 0
    endloop
  endfacet
  facet normal -0.941531 0.336926 0
    outer loop
      vertex 7.5311 65.5355 2
      vertex 7.47821 65.3877 0
      vertex 7.47821 65.3877 2
    endloop
  endfacet
  facet normal 0.857774 0.514027 0
    outer loop
      vertex 4.66965 65.1111 2
      vertex 4.58893 65.2458 0
      vertex 4.58893 65.2458 2
    endloop
  endfacet
  facet normal 0.857774 0.514027 0
    outer loop
      vertex 4.58893 65.2458 0
      vertex 4.66965 65.1111 2
      vertex 4.66965 65.1111 0
    endloop
  endfacet
  facet normal 0.998796 0.049048 0
    outer loop
      vertex 4.4077 65.8432 2
      vertex 4.4 66 0
      vertex 4.4 66 2
    endloop
  endfacet
  facet normal 0.998796 0.049048 0
    outer loop
      vertex 4.4 66 0
      vertex 4.4077 65.8432 2
      vertex 4.4077 65.8432 0
    endloop
  endfacet
  facet normal 0.146484 0.989213 -0
    outer loop
      vertex 5.84317 64.4077 0
      vertex 5.68785 64.4307 2
      vertex 5.84317 64.4077 2
    endloop
  endfacet
  facet normal 0.146484 0.989213 0
    outer loop
      vertex 5.68785 64.4307 2
      vertex 5.84317 64.4077 0
      vertex 5.68785 64.4307 0
    endloop
  endfacet
  facet normal 0.803184 -0.595732 0
    outer loop
      vertex 4.66965 66.8889 2
      vertex 4.76318 67.015 0
      vertex 4.76318 67.015 2
    endloop
  endfacet
  facet normal 0.803184 -0.595732 0
    outer loop
      vertex 4.76318 67.015 0
      vertex 4.66965 66.8889 2
      vertex 4.66965 66.8889 0
    endloop
  endfacet
  facet normal 0.998796 -0.049048 0
    outer loop
      vertex 82.4 66 2
      vertex 82.4077 66.1568 0
      vertex 82.4077 66.1568 2
    endloop
  endfacet
  facet normal 0.998796 -0.049048 0
    outer loop
      vertex 82.4077 66.1568 0
      vertex 82.4 66 2
      vertex 82.4 66 0
    endloop
  endfacet
  facet normal -0.98921 -0.146502 0
    outer loop
      vertex 85.5923 66.1568 2
      vertex 85.5693 66.3121 2
      vertex 85.5693 66.3121 0
    endloop
  endfacet
  facet normal -0.98921 -0.146502 -0
    outer loop
      vertex 85.5923 66.1568 2
      vertex 85.5693 66.3121 0
      vertex 85.5923 66.1568 0
    endloop
  endfacet
  facet normal -0.98921 -0.146502 0
    outer loop
      vertex 85.5693 66.3121 2
      vertex 85.5923 66.1568 2
      vertex 85.5693 66.3121 4
    endloop
  endfacet
  facet normal -0.98921 -0.146502 0
    outer loop
      vertex 85.5693 66.3121 4
      vertex 85.5923 66.1568 2
      vertex 85.5923 66.1568 4
    endloop
  endfacet
  facet normal -0.998796 -0.049048 0
    outer loop
      vertex 85.6 66 2
      vertex 85.5923 66.1568 2
      vertex 85.5923 66.1568 0
    endloop
  endfacet
  facet normal -0.998796 -0.049048 -0
    outer loop
      vertex 85.6 66 2
      vertex 85.5923 66.1568 0
      vertex 85.6 66 0
    endloop
  endfacet
  facet normal -0.998796 -0.049048 0
    outer loop
      vertex 85.5923 66.1568 2
      vertex 85.6 66 2
      vertex 85.5923 66.1568 4
    endloop
  endfacet
  facet normal -0.998796 -0.049048 0
    outer loop
      vertex 85.5923 66.1568 4
      vertex 85.6 66 2
      vertex 85.6 66 4
    endloop
  endfacet
  facet normal -0.969993 -0.243135 0
    outer loop
      vertex 85.5693 66.3121 2
      vertex 85.5311 66.4645 2
      vertex 85.5311 66.4645 0
    endloop
  endfacet
  facet normal -0.969993 -0.243135 -0
    outer loop
      vertex 85.5693 66.3121 2
      vertex 85.5311 66.4645 0
      vertex 85.5693 66.3121 0
    endloop
  endfacet
  facet normal -0.969993 -0.243135 0
    outer loop
      vertex 85.5311 66.4645 2
      vertex 85.5693 66.3121 2
      vertex 85.5311 66.4645 4
    endloop
  endfacet
  facet normal -0.969993 -0.243135 0
    outer loop
      vertex 85.5311 66.4645 4
      vertex 85.5693 66.3121 2
      vertex 85.5693 66.3121 4
    endloop
  endfacet
  facet normal -0.146502 -0.98921 0
    outer loop
      vertex 84.1568 67.5923 2
      vertex 84.3121 67.5693 4
      vertex 84.1568 67.5923 4
    endloop
  endfacet
  facet normal -0.146502 -0.98921 0
    outer loop
      vertex 84.1568 67.5923 2
      vertex 84.3121 67.5693 2
      vertex 84.3121 67.5693 4
    endloop
  endfacet
  facet normal -0.146502 -0.98921 0
    outer loop
      vertex 84.1568 67.5923 0
      vertex 84.3121 67.5693 2
      vertex 84.1568 67.5923 2
    endloop
  endfacet
  facet normal -0.146502 -0.98921 -0
    outer loop
      vertex 84.3121 67.5693 2
      vertex 84.1568 67.5923 0
      vertex 84.3121 67.5693 0
    endloop
  endfacet
  facet normal 0.969993 0.243135 0
    outer loop
      vertex 82.4689 65.5355 2
      vertex 82.4307 65.6879 0
      vertex 82.4307 65.6879 2
    endloop
  endfacet
  facet normal 0.969993 0.243135 0
    outer loop
      vertex 82.4307 65.6879 0
      vertex 82.4689 65.5355 2
      vertex 82.4689 65.5355 0
    endloop
  endfacet
  facet normal 0.336982 0.941511 -0
    outer loop
      vertex 83.5355 64.4689 0
      vertex 83.3877 64.5218 2
      vertex 83.5355 64.4689 2
    endloop
  endfacet
  facet normal 0.336982 0.941511 0
    outer loop
      vertex 83.3877 64.5218 2
      vertex 83.5355 64.4689 0
      vertex 83.3877 64.5218 0
    endloop
  endfacet
  facet normal -0.998796 0.049048 0
    outer loop
      vertex 85.5923 65.8432 0
      vertex 85.6 66 2
      vertex 85.6 66 0
    endloop
  endfacet
  facet normal -0.998796 0.049048 0
    outer loop
      vertex 85.6 66 2
      vertex 85.5923 65.8432 0
      vertex 85.5923 65.8432 2
    endloop
  endfacet
  facet normal 0.98921 -0.146502 0
    outer loop
      vertex 82.4077 66.1568 2
      vertex 82.4307 66.3121 0
      vertex 82.4307 66.3121 2
    endloop
  endfacet
  facet normal 0.98921 -0.146502 0
    outer loop
      vertex 82.4307 66.3121 0
      vertex 82.4077 66.1568 2
      vertex 82.4077 66.1568 0
    endloop
  endfacet
  facet normal -0.146502 0.98921 0
    outer loop
      vertex 84.3121 64.4307 0
      vertex 84.1568 64.4077 2
      vertex 84.3121 64.4307 2
    endloop
  endfacet
  facet normal -0.146502 0.98921 0
    outer loop
      vertex 84.1568 64.4077 2
      vertex 84.3121 64.4307 0
      vertex 84.1568 64.4077 0
    endloop
  endfacet
  facet normal -0.941511 -0.336982 0
    outer loop
      vertex 85.5311 66.4645 2
      vertex 85.4782 66.6123 2
      vertex 85.4782 66.6123 0
    endloop
  endfacet
  facet normal -0.941511 -0.336982 -0
    outer loop
      vertex 85.5311 66.4645 2
      vertex 85.4782 66.6123 0
      vertex 85.5311 66.4645 0
    endloop
  endfacet
  facet normal -0.941511 -0.336982 0
    outer loop
      vertex 85.4782 66.6123 2
      vertex 85.5311 66.4645 2
      vertex 85.4782 66.6123 4
    endloop
  endfacet
  facet normal -0.941511 -0.336982 0
    outer loop
      vertex 85.4782 66.6123 4
      vertex 85.5311 66.4645 2
      vertex 85.5311 66.4645 4
    endloop
  endfacet
  facet normal 0.427484 -0.904023 0
    outer loop
      vertex 83.2458 67.4111 0
      vertex 83.3877 67.4782 2
      vertex 83.2458 67.4111 2
    endloop
  endfacet
  facet normal 0.427484 -0.904023 0
    outer loop
      vertex 83.3877 67.4782 2
      vertex 83.2458 67.4111 0
      vertex 83.3877 67.4782 0
    endloop
  endfacet
  facet normal -0.969993 0.243135 0
    outer loop
      vertex 85.5311 65.5355 0
      vertex 85.5693 65.6879 2
      vertex 85.5693 65.6879 0
    endloop
  endfacet
  facet normal -0.969993 0.243135 0
    outer loop
      vertex 85.5693 65.6879 2
      vertex 85.5311 65.5355 0
      vertex 85.5311 65.5355 2
    endloop
  endfacet
  facet normal 0.427484 0.904023 -0
    outer loop
      vertex 83.3877 64.5218 0
      vertex 83.2458 64.5889 2
      vertex 83.3877 64.5218 2
    endloop
  endfacet
  facet normal 0.427484 0.904023 0
    outer loop
      vertex 83.2458 64.5889 2
      vertex 83.3877 64.5218 0
      vertex 83.2458 64.5889 0
    endloop
  endfacet
  facet normal 0.243135 -0.969993 0
    outer loop
      vertex 83.5355 67.5311 0
      vertex 83.6879 67.5693 2
      vertex 83.5355 67.5311 2
    endloop
  endfacet
  facet normal 0.243135 -0.969993 0
    outer loop
      vertex 83.6879 67.5693 2
      vertex 83.5355 67.5311 0
      vertex 83.6879 67.5693 0
    endloop
  endfacet
  facet normal 0.904023 -0.427484 0
    outer loop
      vertex 82.5218 66.6123 2
      vertex 82.5889 66.7542 0
      vertex 82.5889 66.7542 2
    endloop
  endfacet
  facet normal 0.904023 -0.427484 0
    outer loop
      vertex 82.5889 66.7542 0
      vertex 82.5218 66.6123 2
      vertex 82.5218 66.6123 0
    endloop
  endfacet
  facet normal 0.904023 0.427484 0
    outer loop
      vertex 82.5889 65.2458 2
      vertex 82.5218 65.3877 0
      vertex 82.5218 65.3877 2
    endloop
  endfacet
  facet normal 0.904023 0.427484 0
    outer loop
      vertex 82.5218 65.3877 0
      vertex 82.5889 65.2458 2
      vertex 82.5889 65.2458 0
    endloop
  endfacet
  facet normal -0.336982 -0.941511 0
    outer loop
      vertex 84.4645 67.5311 2
      vertex 84.6123 67.4782 4
      vertex 84.4645 67.5311 4
    endloop
  endfacet
  facet normal -0.336982 -0.941511 0
    outer loop
      vertex 84.4645 67.5311 2
      vertex 84.6123 67.4782 2
      vertex 84.6123 67.4782 4
    endloop
  endfacet
  facet normal -0.336982 -0.941511 0
    outer loop
      vertex 84.4645 67.5311 0
      vertex 84.6123 67.4782 2
      vertex 84.4645 67.5311 2
    endloop
  endfacet
  facet normal -0.336982 -0.941511 -0
    outer loop
      vertex 84.6123 67.4782 2
      vertex 84.4645 67.5311 0
      vertex 84.6123 67.4782 0
    endloop
  endfacet
  facet normal -0.243135 -0.969993 0
    outer loop
      vertex 84.3121 67.5693 2
      vertex 84.4645 67.5311 4
      vertex 84.3121 67.5693 4
    endloop
  endfacet
  facet normal -0.243135 -0.969993 0
    outer loop
      vertex 84.3121 67.5693 2
      vertex 84.4645 67.5311 2
      vertex 84.4645 67.5311 4
    endloop
  endfacet
  facet normal -0.243135 -0.969993 0
    outer loop
      vertex 84.3121 67.5693 0
      vertex 84.4645 67.5311 2
      vertex 84.3121 67.5693 2
    endloop
  endfacet
  facet normal -0.243135 -0.969993 -0
    outer loop
      vertex 84.4645 67.5311 2
      vertex 84.3121 67.5693 0
      vertex 84.4645 67.5311 0
    endloop
  endfacet
  facet normal 0.336982 -0.941511 0
    outer loop
      vertex 83.3877 67.4782 0
      vertex 83.5355 67.5311 2
      vertex 83.3877 67.4782 2
    endloop
  endfacet
  facet normal 0.336982 -0.941511 0
    outer loop
      vertex 83.5355 67.5311 2
      vertex 83.3877 67.4782 0
      vertex 83.5355 67.5311 0
    endloop
  endfacet
  facet normal -0.80297 0.596019 0
    outer loop
      vertex 85.2368 64.985 0
      vertex 85.3304 65.1111 2
      vertex 85.3304 65.1111 0
    endloop
  endfacet
  facet normal -0.80297 0.596019 0
    outer loop
      vertex 85.3304 65.1111 2
      vertex 85.2368 64.985 0
      vertex 85.2368 64.985 2
    endloop
  endfacet
  facet normal 0.85783 -0.513934 0
    outer loop
      vertex 82.5889 66.7542 2
      vertex 82.6696 66.8889 0
      vertex 82.6696 66.8889 2
    endloop
  endfacet
  facet normal 0.85783 -0.513934 0
    outer loop
      vertex 82.6696 66.8889 0
      vertex 82.5889 66.7542 2
      vertex 82.5889 66.7542 0
    endloop
  endfacet
  facet normal -0.671213 -0.741264 0
    outer loop
      vertex 85.015 67.2368 2
      vertex 85.1314 67.1314 4
      vertex 85.015 67.2368 4
    endloop
  endfacet
  facet normal -0.671213 -0.741264 0
    outer loop
      vertex 85.015 67.2368 2
      vertex 85.1314 67.1314 2
      vertex 85.1314 67.1314 4
    endloop
  endfacet
  facet normal -0.671213 -0.741264 0
    outer loop
      vertex 85.015 67.2368 0
      vertex 85.1314 67.1314 2
      vertex 85.015 67.2368 2
    endloop
  endfacet
  facet normal -0.671213 -0.741264 -0
    outer loop
      vertex 85.1314 67.1314 2
      vertex 85.015 67.2368 0
      vertex 85.1314 67.1314 0
    endloop
  endfacet
  facet normal -0.049048 0.998796 0
    outer loop
      vertex 84.1568 64.4077 0
      vertex 84 64.4 2
      vertex 84.1568 64.4077 2
    endloop
  endfacet
  facet normal -0.049048 0.998796 0
    outer loop
      vertex 84 64.4 2
      vertex 84.1568 64.4077 0
      vertex 84 64.4 0
    endloop
  endfacet
  facet normal -0.427484 -0.904023 0
    outer loop
      vertex 84.6123 67.4782 2
      vertex 84.7542 67.4111 4
      vertex 84.6123 67.4782 4
    endloop
  endfacet
  facet normal -0.427484 -0.904023 0
    outer loop
      vertex 84.6123 67.4782 2
      vertex 84.7542 67.4111 2
      vertex 84.7542 67.4111 4
    endloop
  endfacet
  facet normal -0.427484 -0.904023 0
    outer loop
      vertex 84.6123 67.4782 0
      vertex 84.7542 67.4111 2
      vertex 84.6123 67.4782 2
    endloop
  endfacet
  facet normal -0.427484 -0.904023 -0
    outer loop
      vertex 84.7542 67.4111 2
      vertex 84.6123 67.4782 0
      vertex 84.7542 67.4111 0
    endloop
  endfacet
  facet normal 0.741264 0.671213 0
    outer loop
      vertex 82.8686 64.8686 2
      vertex 82.7632 64.985 0
      vertex 82.7632 64.985 2
    endloop
  endfacet
  facet normal 0.741264 0.671213 0
    outer loop
      vertex 82.7632 64.985 0
      vertex 82.8686 64.8686 2
      vertex 82.8686 64.8686 0
    endloop
  endfacet
  facet normal -0.904023 -0.427484 0
    outer loop
      vertex 85.4782 66.6123 2
      vertex 85.4111 66.7542 2
      vertex 85.4111 66.7542 0
    endloop
  endfacet
  facet normal -0.904023 -0.427484 -0
    outer loop
      vertex 85.4782 66.6123 2
      vertex 85.4111 66.7542 0
      vertex 85.4782 66.6123 0
    endloop
  endfacet
  facet normal -0.904023 -0.427484 0
    outer loop
      vertex 85.4111 66.7542 2
      vertex 85.4782 66.6123 2
      vertex 85.4111 66.7542 4
    endloop
  endfacet
  facet normal -0.904023 -0.427484 0
    outer loop
      vertex 85.4111 66.7542 4
      vertex 85.4782 66.6123 2
      vertex 85.4782 66.6123 4
    endloop
  endfacet
  facet normal -0.85783 0.513934 0
    outer loop
      vertex 85.3304 65.1111 0
      vertex 85.4111 65.2458 2
      vertex 85.4111 65.2458 0
    endloop
  endfacet
  facet normal -0.85783 0.513934 0
    outer loop
      vertex 85.4111 65.2458 2
      vertex 85.3304 65.1111 0
      vertex 85.3304 65.1111 2
    endloop
  endfacet
  facet normal -0.243135 0.969993 0
    outer loop
      vertex 84.4645 64.4689 0
      vertex 84.3121 64.4307 2
      vertex 84.4645 64.4689 2
    endloop
  endfacet
  facet normal -0.243135 0.969993 0
    outer loop
      vertex 84.3121 64.4307 2
      vertex 84.4645 64.4689 0
      vertex 84.3121 64.4307 0
    endloop
  endfacet
  facet normal 0.941511 0.336982 0
    outer loop
      vertex 82.5218 65.3877 2
      vertex 82.4689 65.5355 0
      vertex 82.4689 65.5355 2
    endloop
  endfacet
  facet normal 0.941511 0.336982 0
    outer loop
      vertex 82.4689 65.5355 0
      vertex 82.5218 65.3877 2
      vertex 82.5218 65.3877 0
    endloop
  endfacet
  facet normal -0.513934 -0.85783 0
    outer loop
      vertex 84.7542 67.4111 2
      vertex 84.8889 67.3304 4
      vertex 84.7542 67.4111 4
    endloop
  endfacet
  facet normal -0.513934 -0.85783 0
    outer loop
      vertex 84.7542 67.4111 2
      vertex 84.8889 67.3304 2
      vertex 84.8889 67.3304 4
    endloop
  endfacet
  facet normal -0.513934 -0.85783 0
    outer loop
      vertex 84.7542 67.4111 0
      vertex 84.8889 67.3304 2
      vertex 84.7542 67.4111 2
    endloop
  endfacet
  facet normal -0.513934 -0.85783 -0
    outer loop
      vertex 84.8889 67.3304 2
      vertex 84.7542 67.4111 0
      vertex 84.8889 67.3304 0
    endloop
  endfacet
  facet normal 0.049048 0.998796 -0
    outer loop
      vertex 84 64.4 0
      vertex 83.8432 64.4077 2
      vertex 84 64.4 2
    endloop
  endfacet
  facet normal 0.049048 0.998796 0
    outer loop
      vertex 83.8432 64.4077 2
      vertex 84 64.4 0
      vertex 83.8432 64.4077 0
    endloop
  endfacet
  facet normal -0.596019 0.80297 0
    outer loop
      vertex 85.015 64.7632 0
      vertex 84.8889 64.6696 2
      vertex 85.015 64.7632 2
    endloop
  endfacet
  facet normal -0.596019 0.80297 0
    outer loop
      vertex 84.8889 64.6696 2
      vertex 85.015 64.7632 0
      vertex 84.8889 64.6696 0
    endloop
  endfacet
  facet normal 0.969993 -0.243135 0
    outer loop
      vertex 82.4307 66.3121 2
      vertex 82.4689 66.4645 0
      vertex 82.4689 66.4645 2
    endloop
  endfacet
  facet normal 0.969993 -0.243135 0
    outer loop
      vertex 82.4689 66.4645 0
      vertex 82.4307 66.3121 2
      vertex 82.4307 66.3121 0
    endloop
  endfacet
  facet normal -0.336982 0.941511 0
    outer loop
      vertex 84.6123 64.5218 0
      vertex 84.4645 64.4689 2
      vertex 84.6123 64.5218 2
    endloop
  endfacet
  facet normal -0.336982 0.941511 0
    outer loop
      vertex 84.4645 64.4689 2
      vertex 84.6123 64.5218 0
      vertex 84.4645 64.4689 0
    endloop
  endfacet
  facet normal -0.80297 -0.596019 0
    outer loop
      vertex 85.3304 66.8889 2
      vertex 85.2368 67.015 2
      vertex 85.2368 67.015 0
    endloop
  endfacet
  facet normal -0.80297 -0.596019 -0
    outer loop
      vertex 85.3304 66.8889 2
      vertex 85.2368 67.015 0
      vertex 85.3304 66.8889 0
    endloop
  endfacet
  facet normal -0.80297 -0.596019 0
    outer loop
      vertex 85.2368 67.015 2
      vertex 85.3304 66.8889 2
      vertex 85.2368 67.015 4
    endloop
  endfacet
  facet normal -0.80297 -0.596019 0
    outer loop
      vertex 85.2368 67.015 4
      vertex 85.3304 66.8889 2
      vertex 85.3304 66.8889 4
    endloop
  endfacet
  facet normal 0.513934 0.85783 -0
    outer loop
      vertex 83.2458 64.5889 0
      vertex 83.1111 64.6696 2
      vertex 83.2458 64.5889 2
    endloop
  endfacet
  facet normal 0.513934 0.85783 0
    outer loop
      vertex 83.1111 64.6696 2
      vertex 83.2458 64.5889 0
      vertex 83.1111 64.6696 0
    endloop
  endfacet
  facet normal -0.596019 -0.80297 0
    outer loop
      vertex 84.8889 67.3304 2
      vertex 85.015 67.2368 4
      vertex 84.8889 67.3304 4
    endloop
  endfacet
  facet normal -0.596019 -0.80297 0
    outer loop
      vertex 84.8889 67.3304 2
      vertex 85.015 67.2368 2
      vertex 85.015 67.2368 4
    endloop
  endfacet
  facet normal -0.596019 -0.80297 0
    outer loop
      vertex 84.8889 67.3304 0
      vertex 85.015 67.2368 2
      vertex 84.8889 67.3304 2
    endloop
  endfacet
  facet normal -0.596019 -0.80297 -0
    outer loop
      vertex 85.015 67.2368 2
      vertex 84.8889 67.3304 0
      vertex 85.015 67.2368 0
    endloop
  endfacet
  facet normal -0.904023 0.427484 0
    outer loop
      vertex 85.4111 65.2458 0
      vertex 85.4782 65.3877 2
      vertex 85.4782 65.3877 0
    endloop
  endfacet
  facet normal -0.904023 0.427484 0
    outer loop
      vertex 85.4782 65.3877 2
      vertex 85.4111 65.2458 0
      vertex 85.4111 65.2458 2
    endloop
  endfacet
  facet normal -0.741264 0.671213 0
    outer loop
      vertex 85.1314 64.8686 0
      vertex 85.2368 64.985 2
      vertex 85.2368 64.985 0
    endloop
  endfacet
  facet normal -0.741264 0.671213 0
    outer loop
      vertex 85.2368 64.985 2
      vertex 85.1314 64.8686 0
      vertex 85.1314 64.8686 2
    endloop
  endfacet
  facet normal -0.049048 -0.998796 0
    outer loop
      vertex 84 67.6 2
      vertex 84.1568 67.5923 4
      vertex 84 67.6 4
    endloop
  endfacet
  facet normal -0.049048 -0.998796 0
    outer loop
      vertex 84 67.6 2
      vertex 84.1568 67.5923 2
      vertex 84.1568 67.5923 4
    endloop
  endfacet
  facet normal -0.049048 -0.998796 0
    outer loop
      vertex 84 67.6 0
      vertex 84.1568 67.5923 2
      vertex 84 67.6 2
    endloop
  endfacet
  facet normal -0.049048 -0.998796 -0
    outer loop
      vertex 84.1568 67.5923 2
      vertex 84 67.6 0
      vertex 84.1568 67.5923 0
    endloop
  endfacet
  facet normal -0.427484 0.904023 0
    outer loop
      vertex 84.7542 64.5889 0
      vertex 84.6123 64.5218 2
      vertex 84.7542 64.5889 2
    endloop
  endfacet
  facet normal -0.427484 0.904023 0
    outer loop
      vertex 84.6123 64.5218 2
      vertex 84.7542 64.5889 0
      vertex 84.6123 64.5218 0
    endloop
  endfacet
  facet normal 0.146502 -0.98921 0
    outer loop
      vertex 83.6879 67.5693 0
      vertex 83.8432 67.5923 2
      vertex 83.6879 67.5693 2
    endloop
  endfacet
  facet normal 0.146502 -0.98921 0
    outer loop
      vertex 83.8432 67.5923 2
      vertex 83.6879 67.5693 0
      vertex 83.8432 67.5923 0
    endloop
  endfacet
  facet normal -0.98921 0.146502 0
    outer loop
      vertex 85.5693 65.6879 0
      vertex 85.5923 65.8432 2
      vertex 85.5923 65.8432 0
    endloop
  endfacet
  facet normal -0.98921 0.146502 0
    outer loop
      vertex 85.5923 65.8432 2
      vertex 85.5693 65.6879 0
      vertex 85.5693 65.6879 2
    endloop
  endfacet
  facet normal 0.671213 -0.741264 0
    outer loop
      vertex 82.8686 67.1314 0
      vertex 82.985 67.2368 2
      vertex 82.8686 67.1314 2
    endloop
  endfacet
  facet normal 0.671213 -0.741264 0
    outer loop
      vertex 82.985 67.2368 2
      vertex 82.8686 67.1314 0
      vertex 82.985 67.2368 0
    endloop
  endfacet
  facet normal -0.85783 -0.513934 0
    outer loop
      vertex 85.4111 66.7542 2
      vertex 85.3304 66.8889 2
      vertex 85.3304 66.8889 0
    endloop
  endfacet
  facet normal -0.85783 -0.513934 -0
    outer loop
      vertex 85.4111 66.7542 2
      vertex 85.3304 66.8889 0
      vertex 85.4111 66.7542 0
    endloop
  endfacet
  facet normal -0.85783 -0.513934 0
    outer loop
      vertex 85.3304 66.8889 2
      vertex 85.4111 66.7542 2
      vertex 85.3304 66.8889 4
    endloop
  endfacet
  facet normal -0.85783 -0.513934 0
    outer loop
      vertex 85.3304 66.8889 4
      vertex 85.4111 66.7542 2
      vertex 85.4111 66.7542 4
    endloop
  endfacet
  facet normal -0.741264 -0.671213 0
    outer loop
      vertex 85.2368 67.015 2
      vertex 85.1314 67.1314 2
      vertex 85.1314 67.1314 0
    endloop
  endfacet
  facet normal -0.741264 -0.671213 -0
    outer loop
      vertex 85.2368 67.015 2
      vertex 85.1314 67.1314 0
      vertex 85.2368 67.015 0
    endloop
  endfacet
  facet normal -0.741264 -0.671213 0
    outer loop
      vertex 85.1314 67.1314 2
      vertex 85.2368 67.015 2
      vertex 85.1314 67.1314 4
    endloop
  endfacet
  facet normal -0.741264 -0.671213 0
    outer loop
      vertex 85.1314 67.1314 4
      vertex 85.2368 67.015 2
      vertex 85.2368 67.015 4
    endloop
  endfacet
  facet normal 0.80297 0.596019 0
    outer loop
      vertex 82.7632 64.985 2
      vertex 82.6696 65.1111 0
      vertex 82.6696 65.1111 2
    endloop
  endfacet
  facet normal 0.80297 0.596019 0
    outer loop
      vertex 82.6696 65.1111 0
      vertex 82.7632 64.985 2
      vertex 82.7632 64.985 0
    endloop
  endfacet
  facet normal 0.741264 -0.671213 0
    outer loop
      vertex 82.7632 67.015 2
      vertex 82.8686 67.1314 0
      vertex 82.8686 67.1314 2
    endloop
  endfacet
  facet normal 0.741264 -0.671213 0
    outer loop
      vertex 82.8686 67.1314 0
      vertex 82.7632 67.015 2
      vertex 82.7632 67.015 0
    endloop
  endfacet
  facet normal 0.596019 0.80297 -0
    outer loop
      vertex 83.1111 64.6696 0
      vertex 82.985 64.7632 2
      vertex 83.1111 64.6696 2
    endloop
  endfacet
  facet normal 0.596019 0.80297 0
    outer loop
      vertex 82.985 64.7632 2
      vertex 83.1111 64.6696 0
      vertex 82.985 64.7632 0
    endloop
  endfacet
  facet normal 0.671213 0.741264 -0
    outer loop
      vertex 82.985 64.7632 0
      vertex 82.8686 64.8686 2
      vertex 82.985 64.7632 2
    endloop
  endfacet
  facet normal 0.671213 0.741264 0
    outer loop
      vertex 82.8686 64.8686 2
      vertex 82.985 64.7632 0
      vertex 82.8686 64.8686 0
    endloop
  endfacet
  facet normal -0.513934 0.85783 0
    outer loop
      vertex 84.8889 64.6696 0
      vertex 84.7542 64.5889 2
      vertex 84.8889 64.6696 2
    endloop
  endfacet
  facet normal -0.513934 0.85783 0
    outer loop
      vertex 84.7542 64.5889 2
      vertex 84.8889 64.6696 0
      vertex 84.7542 64.5889 0
    endloop
  endfacet
  facet normal -0.671213 0.741264 0
    outer loop
      vertex 85.1314 64.8686 0
      vertex 85.015 64.7632 2
      vertex 85.1314 64.8686 2
    endloop
  endfacet
  facet normal -0.671213 0.741264 0
    outer loop
      vertex 85.015 64.7632 2
      vertex 85.1314 64.8686 0
      vertex 85.015 64.7632 0
    endloop
  endfacet
  facet normal 0.049048 -0.998796 0
    outer loop
      vertex 83.8432 67.5923 0
      vertex 84 67.6 2
      vertex 83.8432 67.5923 2
    endloop
  endfacet
  facet normal 0.049048 -0.998796 0
    outer loop
      vertex 84 67.6 2
      vertex 83.8432 67.5923 0
      vertex 84 67.6 0
    endloop
  endfacet
  facet normal 0.243135 0.969993 -0
    outer loop
      vertex 83.6879 64.4307 0
      vertex 83.5355 64.4689 2
      vertex 83.6879 64.4307 2
    endloop
  endfacet
  facet normal 0.243135 0.969993 0
    outer loop
      vertex 83.5355 64.4689 2
      vertex 83.6879 64.4307 0
      vertex 83.5355 64.4689 0
    endloop
  endfacet
  facet normal 0.98921 0.146502 0
    outer loop
      vertex 82.4307 65.6879 2
      vertex 82.4077 65.8432 0
      vertex 82.4077 65.8432 2
    endloop
  endfacet
  facet normal 0.98921 0.146502 0
    outer loop
      vertex 82.4077 65.8432 0
      vertex 82.4307 65.6879 2
      vertex 82.4307 65.6879 0
    endloop
  endfacet
  facet normal 0.513934 -0.85783 0
    outer loop
      vertex 83.1111 67.3304 0
      vertex 83.2458 67.4111 2
      vertex 83.1111 67.3304 2
    endloop
  endfacet
  facet normal 0.513934 -0.85783 0
    outer loop
      vertex 83.2458 67.4111 2
      vertex 83.1111 67.3304 0
      vertex 83.2458 67.4111 0
    endloop
  endfacet
  facet normal 0.596019 -0.80297 0
    outer loop
      vertex 82.985 67.2368 0
      vertex 83.1111 67.3304 2
      vertex 82.985 67.2368 2
    endloop
  endfacet
  facet normal 0.596019 -0.80297 0
    outer loop
      vertex 83.1111 67.3304 2
      vertex 82.985 67.2368 0
      vertex 83.1111 67.3304 0
    endloop
  endfacet
  facet normal 0.941511 -0.336982 0
    outer loop
      vertex 82.4689 66.4645 2
      vertex 82.5218 66.6123 0
      vertex 82.5218 66.6123 2
    endloop
  endfacet
  facet normal 0.941511 -0.336982 0
    outer loop
      vertex 82.5218 66.6123 0
      vertex 82.4689 66.4645 2
      vertex 82.4689 66.4645 0
    endloop
  endfacet
  facet normal -0.941511 0.336982 0
    outer loop
      vertex 85.4782 65.3877 0
      vertex 85.5311 65.5355 2
      vertex 85.5311 65.5355 0
    endloop
  endfacet
  facet normal -0.941511 0.336982 0
    outer loop
      vertex 85.5311 65.5355 2
      vertex 85.4782 65.3877 0
      vertex 85.4782 65.3877 2
    endloop
  endfacet
  facet normal 0.85783 0.513934 0
    outer loop
      vertex 82.6696 65.1111 2
      vertex 82.5889 65.2458 0
      vertex 82.5889 65.2458 2
    endloop
  endfacet
  facet normal 0.85783 0.513934 0
    outer loop
      vertex 82.5889 65.2458 0
      vertex 82.6696 65.1111 2
      vertex 82.6696 65.1111 0
    endloop
  endfacet
  facet normal 0.998796 0.049048 0
    outer loop
      vertex 82.4077 65.8432 2
      vertex 82.4 66 0
      vertex 82.4 66 2
    endloop
  endfacet
  facet normal 0.998796 0.049048 0
    outer loop
      vertex 82.4 66 0
      vertex 82.4077 65.8432 2
      vertex 82.4077 65.8432 0
    endloop
  endfacet
  facet normal 0.146502 0.98921 -0
    outer loop
      vertex 83.8432 64.4077 0
      vertex 83.6879 64.4307 2
      vertex 83.8432 64.4077 2
    endloop
  endfacet
  facet normal 0.146502 0.98921 0
    outer loop
      vertex 83.6879 64.4307 2
      vertex 83.8432 64.4077 0
      vertex 83.6879 64.4307 0
    endloop
  endfacet
  facet normal 0.80297 -0.596019 0
    outer loop
      vertex 82.6696 66.8889 2
      vertex 82.7632 67.015 0
      vertex 82.7632 67.015 2
    endloop
  endfacet
  facet normal 0.80297 -0.596019 0
    outer loop
      vertex 82.7632 67.015 0
      vertex 82.6696 66.8889 2
      vertex 82.6696 66.8889 0
    endloop
  endfacet
  facet normal 0.998797 -0.0490387 0
    outer loop
      vertex 4.4 6 2
      vertex 4.4077 6.15683 0
      vertex 4.4077 6.15683 2
    endloop
  endfacet
  facet normal 0.998797 -0.0490387 0
    outer loop
      vertex 4.4077 6.15683 0
      vertex 4.4 6 2
      vertex 4.4 6 0
    endloop
  endfacet
  facet normal -0.989184 -0.14668 0
    outer loop
      vertex 7.59229 6.15683 2
      vertex 7.56926 6.31214 2
      vertex 7.56926 6.31214 0
    endloop
  endfacet
  facet normal -0.989184 -0.14668 -0
    outer loop
      vertex 7.59229 6.15683 2
      vertex 7.56926 6.31214 0
      vertex 7.59229 6.15683 0
    endloop
  endfacet
  facet normal -0.989184 -0.14668 0
    outer loop
      vertex 7.56926 6.31214 2
      vertex 7.59229 6.15683 2
      vertex 7.56926 6.31214 4
    endloop
  endfacet
  facet normal -0.989184 -0.14668 0
    outer loop
      vertex 7.56926 6.31214 4
      vertex 7.59229 6.15683 2
      vertex 7.59229 6.15683 4
    endloop
  endfacet
  facet normal -0.998794 -0.0491022 0
    outer loop
      vertex 7.6 6 2
      vertex 7.59229 6.15683 2
      vertex 7.59229 6.15683 0
    endloop
  endfacet
  facet normal -0.998794 -0.0491022 -0
    outer loop
      vertex 7.6 6 2
      vertex 7.59229 6.15683 0
      vertex 7.6 6 0
    endloop
  endfacet
  facet normal -0.998794 -0.0491022 0
    outer loop
      vertex 7.59229 6.15683 2
      vertex 7.6 6 2
      vertex 7.59229 6.15683 4
    endloop
  endfacet
  facet normal -0.998794 -0.0491022 0
    outer loop
      vertex 7.59229 6.15683 4
      vertex 7.6 6 2
      vertex 7.6 6 4
    endloop
  endfacet
  facet normal -0.970019 -0.24303 0
    outer loop
      vertex 7.56926 6.31214 2
      vertex 7.5311 6.46445 2
      vertex 7.5311 6.46445 0
    endloop
  endfacet
  facet normal -0.970019 -0.24303 -0
    outer loop
      vertex 7.56926 6.31214 2
      vertex 7.5311 6.46445 0
      vertex 7.56926 6.31214 0
    endloop
  endfacet
  facet normal -0.970019 -0.24303 0
    outer loop
      vertex 7.5311 6.46445 2
      vertex 7.56926 6.31214 2
      vertex 7.5311 6.46445 4
    endloop
  endfacet
  facet normal -0.970019 -0.24303 0
    outer loop
      vertex 7.5311 6.46445 4
      vertex 7.56926 6.31214 2
      vertex 7.56926 6.31214 4
    endloop
  endfacet
  facet normal -0.14668 -0.989184 0
    outer loop
      vertex 6.15683 7.59229 2
      vertex 6.31214 7.56926 4
      vertex 6.15683 7.59229 4
    endloop
  endfacet
  facet normal -0.14668 -0.989184 0
    outer loop
      vertex 6.15683 7.59229 2
      vertex 6.31214 7.56926 2
      vertex 6.31214 7.56926 4
    endloop
  endfacet
  facet normal -0.14668 -0.989184 0
    outer loop
      vertex 6.15683 7.59229 0
      vertex 6.31214 7.56926 2
      vertex 6.15683 7.59229 2
    endloop
  endfacet
  facet normal -0.14668 -0.989184 -0
    outer loop
      vertex 6.31214 7.56926 2
      vertex 6.15683 7.59229 0
      vertex 6.31214 7.56926 0
    endloop
  endfacet
  facet normal 0.970034 0.24297 0
    outer loop
      vertex 4.46889 5.53554 2
      vertex 4.43074 5.68785 0
      vertex 4.43074 5.68785 2
    endloop
  endfacet
  facet normal 0.970034 0.24297 0
    outer loop
      vertex 4.43074 5.68785 0
      vertex 4.46889 5.53554 2
      vertex 4.46889 5.53554 0
    endloop
  endfacet
  facet normal 0.336921 0.941533 -0
    outer loop
      vertex 5.53554 4.46889 0
      vertex 5.38771 4.52179 2
      vertex 5.53554 4.46889 2
    endloop
  endfacet
  facet normal 0.336921 0.941533 0
    outer loop
      vertex 5.38771 4.52179 2
      vertex 5.53554 4.46889 0
      vertex 5.38771 4.52179 0
    endloop
  endfacet
  facet normal -0.998794 0.0491022 0
    outer loop
      vertex 7.59229 5.84317 0
      vertex 7.6 6 2
      vertex 7.6 6 0
    endloop
  endfacet
  facet normal -0.998794 0.0491022 0
    outer loop
      vertex 7.6 6 2
      vertex 7.59229 5.84317 0
      vertex 7.59229 5.84317 2
    endloop
  endfacet
  facet normal 0.989175 -0.146743 0
    outer loop
      vertex 4.4077 6.15683 2
      vertex 4.43074 6.31214 0
      vertex 4.43074 6.31214 2
    endloop
  endfacet
  facet normal 0.989175 -0.146743 0
    outer loop
      vertex 4.43074 6.31214 0
      vertex 4.4077 6.15683 2
      vertex 4.4077 6.15683 0
    endloop
  endfacet
  facet normal -0.146743 0.989175 0
    outer loop
      vertex 6.31214 4.43074 0
      vertex 6.15683 4.4077 2
      vertex 6.31214 4.43074 2
    endloop
  endfacet
  facet normal -0.146743 0.989175 0
    outer loop
      vertex 6.15683 4.4077 2
      vertex 6.31214 4.43074 0
      vertex 6.15683 4.4077 0
    endloop
  endfacet
  facet normal -0.94156 -0.336845 0
    outer loop
      vertex 7.5311 6.46445 2
      vertex 7.47821 6.61229 2
      vertex 7.47821 6.61229 0
    endloop
  endfacet
  facet normal -0.94156 -0.336845 -0
    outer loop
      vertex 7.5311 6.46445 2
      vertex 7.47821 6.61229 0
      vertex 7.5311 6.46445 0
    endloop
  endfacet
  facet normal -0.94156 -0.336845 0
    outer loop
      vertex 7.47821 6.61229 2
      vertex 7.5311 6.46445 2
      vertex 7.47821 6.61229 4
    endloop
  endfacet
  facet normal -0.94156 -0.336845 0
    outer loop
      vertex 7.47821 6.61229 4
      vertex 7.5311 6.46445 2
      vertex 7.5311 6.46445 4
    endloop
  endfacet
  facet normal 0.427569 -0.903983 0
    outer loop
      vertex 5.24576 7.41107 0
      vertex 5.38771 7.47821 2
      vertex 5.24576 7.41107 2
    endloop
  endfacet
  facet normal 0.427569 -0.903983 0
    outer loop
      vertex 5.38771 7.47821 2
      vertex 5.24576 7.41107 0
      vertex 5.38771 7.47821 0
    endloop
  endfacet
  facet normal -0.970019 0.24303 0
    outer loop
      vertex 7.5311 5.53554 0
      vertex 7.56926 5.68785 2
      vertex 7.56926 5.68785 0
    endloop
  endfacet
  facet normal -0.970019 0.24303 0
    outer loop
      vertex 7.56926 5.68785 2
      vertex 7.5311 5.53554 0
      vertex 7.5311 5.53554 2
    endloop
  endfacet
  facet normal 0.427569 0.903983 -0
    outer loop
      vertex 5.38771 4.52179 0
      vertex 5.24576 4.58893 2
      vertex 5.38771 4.52179 2
    endloop
  endfacet
  facet normal 0.427569 0.903983 0
    outer loop
      vertex 5.24576 4.58893 2
      vertex 5.38771 4.52179 0
      vertex 5.24576 4.58893 0
    endloop
  endfacet
  facet normal 0.24303 -0.970019 0
    outer loop
      vertex 5.53554 7.5311 0
      vertex 5.68785 7.56926 2
      vertex 5.53554 7.5311 2
    endloop
  endfacet
  facet normal 0.24303 -0.970019 0
    outer loop
      vertex 5.68785 7.56926 2
      vertex 5.53554 7.5311 0
      vertex 5.68785 7.56926 0
    endloop
  endfacet
  facet normal 0.903971 -0.427594 0
    outer loop
      vertex 4.52179 6.61229 2
      vertex 4.58893 6.75423 0
      vertex 4.58893 6.75423 2
    endloop
  endfacet
  facet normal 0.903971 -0.427594 0
    outer loop
      vertex 4.58893 6.75423 0
      vertex 4.52179 6.61229 2
      vertex 4.52179 6.61229 0
    endloop
  endfacet
  facet normal 0.903983 0.427569 0
    outer loop
      vertex 4.58893 5.24576 2
      vertex 4.52179 5.38771 0
      vertex 4.52179 5.38771 2
    endloop
  endfacet
  facet normal 0.903983 0.427569 0
    outer loop
      vertex 4.52179 5.38771 0
      vertex 4.58893 5.24576 2
      vertex 4.58893 5.24576 0
    endloop
  endfacet
  facet normal -0.336845 -0.94156 0
    outer loop
      vertex 6.46445 7.5311 2
      vertex 6.61229 7.47821 4
      vertex 6.46445 7.5311 4
    endloop
  endfacet
  facet normal -0.336845 -0.94156 0
    outer loop
      vertex 6.46445 7.5311 2
      vertex 6.61229 7.47821 2
      vertex 6.61229 7.47821 4
    endloop
  endfacet
  facet normal -0.336845 -0.94156 0
    outer loop
      vertex 6.46445 7.5311 0
      vertex 6.61229 7.47821 2
      vertex 6.46445 7.5311 2
    endloop
  endfacet
  facet normal -0.336845 -0.94156 -0
    outer loop
      vertex 6.61229 7.47821 2
      vertex 6.46445 7.5311 0
      vertex 6.61229 7.47821 0
    endloop
  endfacet
  facet normal -0.24303 -0.970019 0
    outer loop
      vertex 6.31214 7.56926 2
      vertex 6.46445 7.5311 4
      vertex 6.31214 7.56926 4
    endloop
  endfacet
  facet normal -0.24303 -0.970019 0
    outer loop
      vertex 6.31214 7.56926 2
      vertex 6.46445 7.5311 2
      vertex 6.46445 7.5311 4
    endloop
  endfacet
  facet normal -0.24303 -0.970019 0
    outer loop
      vertex 6.31214 7.56926 0
      vertex 6.46445 7.5311 2
      vertex 6.31214 7.56926 2
    endloop
  endfacet
  facet normal -0.24303 -0.970019 -0
    outer loop
      vertex 6.46445 7.5311 2
      vertex 6.31214 7.56926 0
      vertex 6.46445 7.5311 0
    endloop
  endfacet
  facet normal 0.336865 -0.941553 0
    outer loop
      vertex 5.38771 7.47821 0
      vertex 5.53554 7.5311 2
      vertex 5.38771 7.47821 2
    endloop
  endfacet
  facet normal 0.336865 -0.941553 0
    outer loop
      vertex 5.53554 7.5311 2
      vertex 5.38771 7.47821 0
      vertex 5.53554 7.5311 0
    endloop
  endfacet
  facet normal -0.803229 0.595671 0
    outer loop
      vertex 7.23682 4.98497 0
      vertex 7.33035 5.11109 2
      vertex 7.33035 5.11109 0
    endloop
  endfacet
  facet normal -0.803229 0.595671 0
    outer loop
      vertex 7.33035 5.11109 2
      vertex 7.23682 4.98497 0
      vertex 7.23682 4.98497 2
    endloop
  endfacet
  facet normal 0.85774 -0.514084 0
    outer loop
      vertex 4.58893 6.75423 2
      vertex 4.66965 6.88891 0
      vertex 4.66965 6.88891 2
    endloop
  endfacet
  facet normal 0.85774 -0.514084 0
    outer loop
      vertex 4.66965 6.88891 0
      vertex 4.58893 6.75423 2
      vertex 4.58893 6.75423 0
    endloop
  endfacet
  facet normal -0.671578 -0.740933 0
    outer loop
      vertex 7.01503 7.23682 2
      vertex 7.13137 7.13137 4
      vertex 7.01503 7.23682 4
    endloop
  endfacet
  facet normal -0.671578 -0.740933 0
    outer loop
      vertex 7.01503 7.23682 2
      vertex 7.13137 7.13137 2
      vertex 7.13137 7.13137 4
    endloop
  endfacet
  facet normal -0.671578 -0.740933 0
    outer loop
      vertex 7.01503 7.23682 0
      vertex 7.13137 7.13137 2
      vertex 7.01503 7.23682 2
    endloop
  endfacet
  facet normal -0.671578 -0.740933 -0
    outer loop
      vertex 7.13137 7.13137 2
      vertex 7.01503 7.23682 0
      vertex 7.13137 7.13137 0
    endloop
  endfacet
  facet normal -0.0490387 0.998797 0
    outer loop
      vertex 6.15683 4.4077 0
      vertex 6 4.4 2
      vertex 6.15683 4.4077 2
    endloop
  endfacet
  facet normal -0.0490387 0.998797 0
    outer loop
      vertex 6 4.4 2
      vertex 6.15683 4.4077 0
      vertex 6 4.4 0
    endloop
  endfacet
  facet normal -0.427594 -0.903971 0
    outer loop
      vertex 6.61229 7.47821 2
      vertex 6.75423 7.41107 4
      vertex 6.61229 7.47821 4
    endloop
  endfacet
  facet normal -0.427594 -0.903971 0
    outer loop
      vertex 6.61229 7.47821 2
      vertex 6.75423 7.41107 2
      vertex 6.75423 7.41107 4
    endloop
  endfacet
  facet normal -0.427594 -0.903971 0
    outer loop
      vertex 6.61229 7.47821 0
      vertex 6.75423 7.41107 2
      vertex 6.61229 7.47821 2
    endloop
  endfacet
  facet normal -0.427594 -0.903971 -0
    outer loop
      vertex 6.75423 7.41107 2
      vertex 6.61229 7.47821 0
      vertex 6.75423 7.41107 0
    endloop
  endfacet
  facet normal 0.740933 0.671578 0
    outer loop
      vertex 4.86863 4.86863 2
      vertex 4.76318 4.98497 0
      vertex 4.76318 4.98497 2
    endloop
  endfacet
  facet normal 0.740933 0.671578 0
    outer loop
      vertex 4.76318 4.98497 0
      vertex 4.86863 4.86863 2
      vertex 4.86863 4.86863 0
    endloop
  endfacet
  facet normal -0.903971 -0.427594 0
    outer loop
      vertex 7.47821 6.61229 2
      vertex 7.41107 6.75423 2
      vertex 7.41107 6.75423 0
    endloop
  endfacet
  facet normal -0.903971 -0.427594 -0
    outer loop
      vertex 7.47821 6.61229 2
      vertex 7.41107 6.75423 0
      vertex 7.47821 6.61229 0
    endloop
  endfacet
  facet normal -0.903971 -0.427594 0
    outer loop
      vertex 7.41107 6.75423 2
      vertex 7.47821 6.61229 2
      vertex 7.41107 6.75423 4
    endloop
  endfacet
  facet normal -0.903971 -0.427594 0
    outer loop
      vertex 7.41107 6.75423 4
      vertex 7.47821 6.61229 2
      vertex 7.47821 6.61229 4
    endloop
  endfacet
  facet normal -0.857723 0.514112 0
    outer loop
      vertex 7.33035 5.11109 0
      vertex 7.41107 5.24576 2
      vertex 7.41107 5.24576 0
    endloop
  endfacet
  facet normal -0.857723 0.514112 0
    outer loop
      vertex 7.41107 5.24576 2
      vertex 7.33035 5.11109 0
      vertex 7.33035 5.11109 2
    endloop
  endfacet
  facet normal -0.24297 0.970034 0
    outer loop
      vertex 6.46445 4.46889 0
      vertex 6.31214 4.43074 2
      vertex 6.46445 4.46889 2
    endloop
  endfacet
  facet normal -0.24297 0.970034 0
    outer loop
      vertex 6.31214 4.43074 2
      vertex 6.46445 4.46889 0
      vertex 6.31214 4.43074 0
    endloop
  endfacet
  facet normal 0.941533 0.336921 0
    outer loop
      vertex 4.52179 5.38771 2
      vertex 4.46889 5.53554 0
      vertex 4.46889 5.53554 2
    endloop
  endfacet
  facet normal 0.941533 0.336921 0
    outer loop
      vertex 4.46889 5.53554 0
      vertex 4.52179 5.38771 2
      vertex 4.52179 5.38771 0
    endloop
  endfacet
  facet normal -0.514084 -0.85774 0
    outer loop
      vertex 6.75423 7.41107 2
      vertex 6.88891 7.33035 4
      vertex 6.75423 7.41107 4
    endloop
  endfacet
  facet normal -0.514084 -0.85774 0
    outer loop
      vertex 6.75423 7.41107 2
      vertex 6.88891 7.33035 2
      vertex 6.88891 7.33035 4
    endloop
  endfacet
  facet normal -0.514084 -0.85774 0
    outer loop
      vertex 6.75423 7.41107 0
      vertex 6.88891 7.33035 2
      vertex 6.75423 7.41107 2
    endloop
  endfacet
  facet normal -0.514084 -0.85774 -0
    outer loop
      vertex 6.88891 7.33035 2
      vertex 6.75423 7.41107 0
      vertex 6.88891 7.33035 0
    endloop
  endfacet
  facet normal 0.0490387 0.998797 -0
    outer loop
      vertex 6 4.4 0
      vertex 5.84317 4.4077 2
      vertex 6 4.4 2
    endloop
  endfacet
  facet normal 0.0490387 0.998797 0
    outer loop
      vertex 5.84317 4.4077 2
      vertex 6 4.4 0
      vertex 5.84317 4.4077 0
    endloop
  endfacet
  facet normal -0.595671 0.803229 0
    outer loop
      vertex 7.01503 4.76318 0
      vertex 6.88891 4.66965 2
      vertex 7.01503 4.76318 2
    endloop
  endfacet
  facet normal -0.595671 0.803229 0
    outer loop
      vertex 6.88891 4.66965 2
      vertex 7.01503 4.76318 0
      vertex 6.88891 4.66965 0
    endloop
  endfacet
  facet normal 0.970034 -0.24297 0
    outer loop
      vertex 4.43074 6.31214 2
      vertex 4.46889 6.46445 0
      vertex 4.46889 6.46445 2
    endloop
  endfacet
  facet normal 0.970034 -0.24297 0
    outer loop
      vertex 4.46889 6.46445 0
      vertex 4.43074 6.31214 2
      vertex 4.43074 6.31214 0
    endloop
  endfacet
  facet normal -0.336901 0.94154 0
    outer loop
      vertex 6.61229 4.52179 0
      vertex 6.46445 4.46889 2
      vertex 6.61229 4.52179 2
    endloop
  endfacet
  facet normal -0.336901 0.94154 0
    outer loop
      vertex 6.46445 4.46889 2
      vertex 6.61229 4.52179 0
      vertex 6.46445 4.46889 0
    endloop
  endfacet
  facet normal -0.803229 -0.595671 0
    outer loop
      vertex 7.33035 6.88891 2
      vertex 7.23682 7.01503 2
      vertex 7.23682 7.01503 0
    endloop
  endfacet
  facet normal -0.803229 -0.595671 -0
    outer loop
      vertex 7.33035 6.88891 2
      vertex 7.23682 7.01503 0
      vertex 7.33035 6.88891 0
    endloop
  endfacet
  facet normal -0.803229 -0.595671 0
    outer loop
      vertex 7.23682 7.01503 2
      vertex 7.33035 6.88891 2
      vertex 7.23682 7.01503 4
    endloop
  endfacet
  facet normal -0.803229 -0.595671 0
    outer loop
      vertex 7.23682 7.01503 4
      vertex 7.33035 6.88891 2
      vertex 7.33035 6.88891 4
    endloop
  endfacet
  facet normal 0.514112 0.857723 -0
    outer loop
      vertex 5.24576 4.58893 0
      vertex 5.11109 4.66965 2
      vertex 5.24576 4.58893 2
    endloop
  endfacet
  facet normal 0.514112 0.857723 0
    outer loop
      vertex 5.11109 4.66965 2
      vertex 5.24576 4.58893 0
      vertex 5.11109 4.66965 0
    endloop
  endfacet
  facet normal -0.595671 -0.803229 0
    outer loop
      vertex 6.88891 7.33035 2
      vertex 7.01503 7.23682 4
      vertex 6.88891 7.33035 4
    endloop
  endfacet
  facet normal -0.595671 -0.803229 0
    outer loop
      vertex 6.88891 7.33035 2
      vertex 7.01503 7.23682 2
      vertex 7.01503 7.23682 4
    endloop
  endfacet
  facet normal -0.595671 -0.803229 0
    outer loop
      vertex 6.88891 7.33035 0
      vertex 7.01503 7.23682 2
      vertex 6.88891 7.33035 2
    endloop
  endfacet
  facet normal -0.595671 -0.803229 -0
    outer loop
      vertex 7.01503 7.23682 2
      vertex 6.88891 7.33035 0
      vertex 7.01503 7.23682 0
    endloop
  endfacet
  facet normal -0.903983 0.427569 0
    outer loop
      vertex 7.41107 5.24576 0
      vertex 7.47821 5.38771 2
      vertex 7.47821 5.38771 0
    endloop
  endfacet
  facet normal -0.903983 0.427569 0
    outer loop
      vertex 7.47821 5.38771 2
      vertex 7.41107 5.24576 0
      vertex 7.41107 5.24576 2
    endloop
  endfacet
  facet normal -0.740933 0.671578 0
    outer loop
      vertex 7.13137 4.86863 0
      vertex 7.23682 4.98497 2
      vertex 7.23682 4.98497 0
    endloop
  endfacet
  facet normal -0.740933 0.671578 0
    outer loop
      vertex 7.23682 4.98497 2
      vertex 7.13137 4.86863 0
      vertex 7.13137 4.86863 2
    endloop
  endfacet
  facet normal -0.0491022 -0.998794 0
    outer loop
      vertex 6 7.6 2
      vertex 6.15683 7.59229 4
      vertex 6 7.6 4
    endloop
  endfacet
  facet normal -0.0491022 -0.998794 0
    outer loop
      vertex 6 7.6 2
      vertex 6.15683 7.59229 2
      vertex 6.15683 7.59229 4
    endloop
  endfacet
  facet normal -0.0491022 -0.998794 0
    outer loop
      vertex 6 7.6 0
      vertex 6.15683 7.59229 2
      vertex 6 7.6 2
    endloop
  endfacet
  facet normal -0.0491022 -0.998794 -0
    outer loop
      vertex 6.15683 7.59229 2
      vertex 6 7.6 0
      vertex 6.15683 7.59229 0
    endloop
  endfacet
  facet normal -0.427594 0.903971 0
    outer loop
      vertex 6.75423 4.58893 0
      vertex 6.61229 4.52179 2
      vertex 6.75423 4.58893 2
    endloop
  endfacet
  facet normal -0.427594 0.903971 0
    outer loop
      vertex 6.61229 4.52179 2
      vertex 6.75423 4.58893 0
      vertex 6.61229 4.52179 0
    endloop
  endfacet
  facet normal 0.146671 -0.989185 0
    outer loop
      vertex 5.68785 7.56926 0
      vertex 5.84317 7.59229 2
      vertex 5.68785 7.56926 2
    endloop
  endfacet
  facet normal 0.146671 -0.989185 0
    outer loop
      vertex 5.84317 7.59229 2
      vertex 5.68785 7.56926 0
      vertex 5.84317 7.59229 0
    endloop
  endfacet
  facet normal -0.989185 0.146671 0
    outer loop
      vertex 7.56926 5.68785 0
      vertex 7.59229 5.84317 2
      vertex 7.59229 5.84317 0
    endloop
  endfacet
  facet normal -0.989185 0.146671 0
    outer loop
      vertex 7.59229 5.84317 2
      vertex 7.56926 5.68785 0
      vertex 7.56926 5.68785 2
    endloop
  endfacet
  facet normal 0.671578 -0.740933 0
    outer loop
      vertex 4.86863 7.13137 0
      vertex 4.98497 7.23682 2
      vertex 4.86863 7.13137 2
    endloop
  endfacet
  facet normal 0.671578 -0.740933 0
    outer loop
      vertex 4.98497 7.23682 2
      vertex 4.86863 7.13137 0
      vertex 4.98497 7.23682 0
    endloop
  endfacet
  facet normal -0.85774 -0.514084 0
    outer loop
      vertex 7.41107 6.75423 2
      vertex 7.33035 6.88891 2
      vertex 7.33035 6.88891 0
    endloop
  endfacet
  facet normal -0.85774 -0.514084 -0
    outer loop
      vertex 7.41107 6.75423 2
      vertex 7.33035 6.88891 0
      vertex 7.41107 6.75423 0
    endloop
  endfacet
  facet normal -0.85774 -0.514084 0
    outer loop
      vertex 7.33035 6.88891 2
      vertex 7.41107 6.75423 2
      vertex 7.33035 6.88891 4
    endloop
  endfacet
  facet normal -0.85774 -0.514084 0
    outer loop
      vertex 7.33035 6.88891 4
      vertex 7.41107 6.75423 2
      vertex 7.41107 6.75423 4
    endloop
  endfacet
  facet normal -0.740933 -0.671578 0
    outer loop
      vertex 7.23682 7.01503 2
      vertex 7.13137 7.13137 2
      vertex 7.13137 7.13137 0
    endloop
  endfacet
  facet normal -0.740933 -0.671578 -0
    outer loop
      vertex 7.23682 7.01503 2
      vertex 7.13137 7.13137 0
      vertex 7.23682 7.01503 0
    endloop
  endfacet
  facet normal -0.740933 -0.671578 0
    outer loop
      vertex 7.13137 7.13137 2
      vertex 7.23682 7.01503 2
      vertex 7.13137 7.13137 4
    endloop
  endfacet
  facet normal -0.740933 -0.671578 0
    outer loop
      vertex 7.13137 7.13137 4
      vertex 7.23682 7.01503 2
      vertex 7.23682 7.01503 4
    endloop
  endfacet
  facet normal 0.803229 0.595671 0
    outer loop
      vertex 4.76318 4.98497 2
      vertex 4.66965 5.11109 0
      vertex 4.66965 5.11109 2
    endloop
  endfacet
  facet normal 0.803229 0.595671 0
    outer loop
      vertex 4.66965 5.11109 0
      vertex 4.76318 4.98497 2
      vertex 4.76318 4.98497 0
    endloop
  endfacet
  facet normal 0.740933 -0.671578 0
    outer loop
      vertex 4.76318 7.01503 2
      vertex 4.86863 7.13137 0
      vertex 4.86863 7.13137 2
    endloop
  endfacet
  facet normal 0.740933 -0.671578 0
    outer loop
      vertex 4.86863 7.13137 0
      vertex 4.76318 7.01503 2
      vertex 4.76318 7.01503 0
    endloop
  endfacet
  facet normal 0.595671 0.803229 -0
    outer loop
      vertex 5.11109 4.66965 0
      vertex 4.98497 4.76318 2
      vertex 5.11109 4.66965 2
    endloop
  endfacet
  facet normal 0.595671 0.803229 0
    outer loop
      vertex 4.98497 4.76318 2
      vertex 5.11109 4.66965 0
      vertex 4.98497 4.76318 0
    endloop
  endfacet
  facet normal 0.671578 0.740933 -0
    outer loop
      vertex 4.98497 4.76318 0
      vertex 4.86863 4.86863 2
      vertex 4.98497 4.76318 2
    endloop
  endfacet
  facet normal 0.671578 0.740933 0
    outer loop
      vertex 4.86863 4.86863 2
      vertex 4.98497 4.76318 0
      vertex 4.86863 4.86863 0
    endloop
  endfacet
  facet normal -0.514084 0.85774 0
    outer loop
      vertex 6.88891 4.66965 0
      vertex 6.75423 4.58893 2
      vertex 6.88891 4.66965 2
    endloop
  endfacet
  facet normal -0.514084 0.85774 0
    outer loop
      vertex 6.75423 4.58893 2
      vertex 6.88891 4.66965 0
      vertex 6.75423 4.58893 0
    endloop
  endfacet
  facet normal -0.671578 0.740933 0
    outer loop
      vertex 7.13137 4.86863 0
      vertex 7.01503 4.76318 2
      vertex 7.13137 4.86863 2
    endloop
  endfacet
  facet normal -0.671578 0.740933 0
    outer loop
      vertex 7.01503 4.76318 2
      vertex 7.13137 4.86863 0
      vertex 7.01503 4.76318 0
    endloop
  endfacet
  facet normal 0.0491022 -0.998794 0
    outer loop
      vertex 5.84317 7.59229 0
      vertex 6 7.6 2
      vertex 5.84317 7.59229 2
    endloop
  endfacet
  facet normal 0.0491022 -0.998794 0
    outer loop
      vertex 6 7.6 2
      vertex 5.84317 7.59229 0
      vertex 6 7.6 0
    endloop
  endfacet
  facet normal 0.24297 0.970034 -0
    outer loop
      vertex 5.68785 4.43074 0
      vertex 5.53554 4.46889 2
      vertex 5.68785 4.43074 2
    endloop
  endfacet
  facet normal 0.24297 0.970034 0
    outer loop
      vertex 5.53554 4.46889 2
      vertex 5.68785 4.43074 0
      vertex 5.53554 4.46889 0
    endloop
  endfacet
  facet normal 0.989176 0.146733 0
    outer loop
      vertex 4.43074 5.68785 2
      vertex 4.4077 5.84317 0
      vertex 4.4077 5.84317 2
    endloop
  endfacet
  facet normal 0.989176 0.146733 0
    outer loop
      vertex 4.4077 5.84317 0
      vertex 4.43074 5.68785 2
      vertex 4.43074 5.68785 0
    endloop
  endfacet
  facet normal 0.514112 -0.857723 0
    outer loop
      vertex 5.11109 7.33035 0
      vertex 5.24576 7.41107 2
      vertex 5.11109 7.33035 2
    endloop
  endfacet
  facet normal 0.514112 -0.857723 0
    outer loop
      vertex 5.24576 7.41107 2
      vertex 5.11109 7.33035 0
      vertex 5.24576 7.41107 0
    endloop
  endfacet
  facet normal 0.595671 -0.803229 0
    outer loop
      vertex 4.98497 7.23682 0
      vertex 5.11109 7.33035 2
      vertex 4.98497 7.23682 2
    endloop
  endfacet
  facet normal 0.595671 -0.803229 0
    outer loop
      vertex 5.11109 7.33035 2
      vertex 4.98497 7.23682 0
      vertex 5.11109 7.33035 0
    endloop
  endfacet
  facet normal 0.94154 -0.336901 0
    outer loop
      vertex 4.46889 6.46445 2
      vertex 4.52179 6.61229 0
      vertex 4.52179 6.61229 2
    endloop
  endfacet
  facet normal 0.94154 -0.336901 0
    outer loop
      vertex 4.52179 6.61229 0
      vertex 4.46889 6.46445 2
      vertex 4.46889 6.46445 0
    endloop
  endfacet
  facet normal -0.941553 0.336865 0
    outer loop
      vertex 7.47821 5.38771 0
      vertex 7.5311 5.53554 2
      vertex 7.5311 5.53554 0
    endloop
  endfacet
  facet normal -0.941553 0.336865 0
    outer loop
      vertex 7.5311 5.53554 2
      vertex 7.47821 5.38771 0
      vertex 7.47821 5.38771 2
    endloop
  endfacet
  facet normal 0.857723 0.514112 0
    outer loop
      vertex 4.66965 5.11109 2
      vertex 4.58893 5.24576 0
      vertex 4.58893 5.24576 2
    endloop
  endfacet
  facet normal 0.857723 0.514112 0
    outer loop
      vertex 4.58893 5.24576 0
      vertex 4.66965 5.11109 2
      vertex 4.66965 5.11109 0
    endloop
  endfacet
  facet normal 0.998797 0.0490387 0
    outer loop
      vertex 4.4077 5.84317 2
      vertex 4.4 6 0
      vertex 4.4 6 2
    endloop
  endfacet
  facet normal 0.998797 0.0490387 0
    outer loop
      vertex 4.4 6 0
      vertex 4.4077 5.84317 2
      vertex 4.4077 5.84317 0
    endloop
  endfacet
  facet normal 0.146733 0.989176 -0
    outer loop
      vertex 5.84317 4.4077 0
      vertex 5.68785 4.43074 2
      vertex 5.84317 4.4077 2
    endloop
  endfacet
  facet normal 0.146733 0.989176 0
    outer loop
      vertex 5.68785 4.43074 2
      vertex 5.84317 4.4077 0
      vertex 5.68785 4.43074 0
    endloop
  endfacet
  facet normal 0.803229 -0.595671 0
    outer loop
      vertex 4.66965 6.88891 2
      vertex 4.76318 7.01503 0
      vertex 4.76318 7.01503 2
    endloop
  endfacet
  facet normal 0.803229 -0.595671 0
    outer loop
      vertex 4.76318 7.01503 0
      vertex 4.66965 6.88891 2
      vertex 4.66965 6.88891 0
    endloop
  endfacet
  facet normal 0.998797 -0.0490387 0
    outer loop
      vertex 82.4 6 2
      vertex 82.4077 6.15683 0
      vertex 82.4077 6.15683 2
    endloop
  endfacet
  facet normal 0.998797 -0.0490387 0
    outer loop
      vertex 82.4077 6.15683 0
      vertex 82.4 6 2
      vertex 82.4 6 0
    endloop
  endfacet
  facet normal -0.989212 -0.146493 0
    outer loop
      vertex 85.5923 6.15683 2
      vertex 85.5693 6.31214 2
      vertex 85.5693 6.31214 0
    endloop
  endfacet
  facet normal -0.989212 -0.146493 -0
    outer loop
      vertex 85.5923 6.15683 2
      vertex 85.5693 6.31214 0
      vertex 85.5923 6.15683 0
    endloop
  endfacet
  facet normal -0.989212 -0.146493 0
    outer loop
      vertex 85.5693 6.31214 2
      vertex 85.5923 6.15683 2
      vertex 85.5693 6.31214 4
    endloop
  endfacet
  facet normal -0.989212 -0.146493 0
    outer loop
      vertex 85.5693 6.31214 4
      vertex 85.5923 6.15683 2
      vertex 85.5923 6.15683 4
    endloop
  endfacet
  facet normal -0.998797 -0.0490387 0
    outer loop
      vertex 85.6 6 2
      vertex 85.5923 6.15683 2
      vertex 85.5923 6.15683 0
    endloop
  endfacet
  facet normal -0.998797 -0.0490387 -0
    outer loop
      vertex 85.6 6 2
      vertex 85.5923 6.15683 0
      vertex 85.6 6 0
    endloop
  endfacet
  facet normal -0.998797 -0.0490387 0
    outer loop
      vertex 85.5923 6.15683 2
      vertex 85.6 6 2
      vertex 85.5923 6.15683 4
    endloop
  endfacet
  facet normal -0.998797 -0.0490387 0
    outer loop
      vertex 85.5923 6.15683 4
      vertex 85.6 6 2
      vertex 85.6 6 4
    endloop
  endfacet
  facet normal -0.969959 -0.24327 0
    outer loop
      vertex 85.5693 6.31214 2
      vertex 85.5311 6.46445 2
      vertex 85.5311 6.46445 0
    endloop
  endfacet
  facet normal -0.969959 -0.24327 -0
    outer loop
      vertex 85.5693 6.31214 2
      vertex 85.5311 6.46445 0
      vertex 85.5693 6.31214 0
    endloop
  endfacet
  facet normal -0.969959 -0.24327 0
    outer loop
      vertex 85.5311 6.46445 2
      vertex 85.5693 6.31214 2
      vertex 85.5311 6.46445 4
    endloop
  endfacet
  facet normal -0.969959 -0.24327 0
    outer loop
      vertex 85.5311 6.46445 4
      vertex 85.5693 6.31214 2
      vertex 85.5693 6.31214 4
    endloop
  endfacet
  facet normal -0.146689 -0.989183 0
    outer loop
      vertex 84.1568 7.59229 2
      vertex 84.3121 7.56926 4
      vertex 84.1568 7.59229 4
    endloop
  endfacet
  facet normal -0.146689 -0.989183 0
    outer loop
      vertex 84.1568 7.59229 2
      vertex 84.3121 7.56926 2
      vertex 84.3121 7.56926 4
    endloop
  endfacet
  facet normal -0.146689 -0.989183 0
    outer loop
      vertex 84.1568 7.59229 0
      vertex 84.3121 7.56926 2
      vertex 84.1568 7.59229 2
    endloop
  endfacet
  facet normal -0.146689 -0.989183 -0
    outer loop
      vertex 84.3121 7.56926 2
      vertex 84.1568 7.59229 0
      vertex 84.3121 7.56926 0
    endloop
  endfacet
  facet normal 0.969959 0.24327 0
    outer loop
      vertex 82.4689 5.53554 2
      vertex 82.4307 5.68785 0
      vertex 82.4307 5.68785 2
    endloop
  endfacet
  facet normal 0.969959 0.24327 0
    outer loop
      vertex 82.4307 5.68785 0
      vertex 82.4689 5.53554 2
      vertex 82.4689 5.53554 0
    endloop
  endfacet
  facet normal 0.336982 0.941511 -0
    outer loop
      vertex 83.5355 4.46889 0
      vertex 83.3877 4.52179 2
      vertex 83.5355 4.46889 2
    endloop
  endfacet
  facet normal 0.336982 0.941511 0
    outer loop
      vertex 83.3877 4.52179 2
      vertex 83.5355 4.46889 0
      vertex 83.3877 4.52179 0
    endloop
  endfacet
  facet normal -0.998797 0.0490387 0
    outer loop
      vertex 85.5923 5.84317 0
      vertex 85.6 6 2
      vertex 85.6 6 0
    endloop
  endfacet
  facet normal -0.998797 0.0490387 0
    outer loop
      vertex 85.6 6 2
      vertex 85.5923 5.84317 0
      vertex 85.5923 5.84317 2
    endloop
  endfacet
  facet normal 0.989212 -0.146493 0
    outer loop
      vertex 82.4077 6.15683 2
      vertex 82.4307 6.31214 0
      vertex 82.4307 6.31214 2
    endloop
  endfacet
  facet normal 0.989212 -0.146493 0
    outer loop
      vertex 82.4307 6.31214 0
      vertex 82.4077 6.15683 2
      vertex 82.4077 6.15683 0
    endloop
  endfacet
  facet normal -0.146752 0.989173 0
    outer loop
      vertex 84.3121 4.43074 0
      vertex 84.1568 4.4077 2
      vertex 84.3121 4.43074 2
    endloop
  endfacet
  facet normal -0.146752 0.989173 0
    outer loop
      vertex 84.1568 4.4077 2
      vertex 84.3121 4.43074 0
      vertex 84.1568 4.4077 0
    endloop
  endfacet
  facet normal -0.94154 -0.336901 0
    outer loop
      vertex 85.5311 6.46445 2
      vertex 85.4782 6.61229 2
      vertex 85.4782 6.61229 0
    endloop
  endfacet
  facet normal -0.94154 -0.336901 -0
    outer loop
      vertex 85.5311 6.46445 2
      vertex 85.4782 6.61229 0
      vertex 85.5311 6.46445 0
    endloop
  endfacet
  facet normal -0.94154 -0.336901 0
    outer loop
      vertex 85.4782 6.61229 2
      vertex 85.5311 6.46445 2
      vertex 85.4782 6.61229 4
    endloop
  endfacet
  facet normal -0.94154 -0.336901 0
    outer loop
      vertex 85.4782 6.61229 4
      vertex 85.5311 6.46445 2
      vertex 85.5311 6.46445 4
    endloop
  endfacet
  facet normal 0.427692 -0.903925 0
    outer loop
      vertex 83.2458 7.41107 0
      vertex 83.3877 7.47821 2
      vertex 83.2458 7.41107 2
    endloop
  endfacet
  facet normal 0.427692 -0.903925 0
    outer loop
      vertex 83.3877 7.47821 2
      vertex 83.2458 7.41107 0
      vertex 83.3877 7.47821 0
    endloop
  endfacet
  facet normal -0.969959 0.24327 0
    outer loop
      vertex 85.5311 5.53554 0
      vertex 85.5693 5.68785 2
      vertex 85.5693 5.68785 0
    endloop
  endfacet
  facet normal -0.969959 0.24327 0
    outer loop
      vertex 85.5693 5.68785 2
      vertex 85.5311 5.53554 0
      vertex 85.5311 5.53554 2
    endloop
  endfacet
  facet normal 0.427692 0.903925 -0
    outer loop
      vertex 83.3877 4.52179 0
      vertex 83.2458 4.58893 2
      vertex 83.3877 4.52179 2
    endloop
  endfacet
  facet normal 0.427692 0.903925 0
    outer loop
      vertex 83.2458 4.58893 2
      vertex 83.3877 4.52179 0
      vertex 83.2458 4.58893 0
    endloop
  endfacet
  facet normal 0.242895 -0.970053 0
    outer loop
      vertex 83.5355 7.5311 0
      vertex 83.6879 7.56926 2
      vertex 83.5355 7.5311 2
    endloop
  endfacet
  facet normal 0.242895 -0.970053 0
    outer loop
      vertex 83.6879 7.56926 2
      vertex 83.5355 7.5311 0
      vertex 83.6879 7.56926 0
    endloop
  endfacet
  facet normal 0.90407 -0.427385 0
    outer loop
      vertex 82.5218 6.61229 2
      vertex 82.5889 6.75423 0
      vertex 82.5889 6.75423 2
    endloop
  endfacet
  facet normal 0.90407 -0.427385 0
    outer loop
      vertex 82.5889 6.75423 0
      vertex 82.5218 6.61229 2
      vertex 82.5218 6.61229 0
    endloop
  endfacet
  facet normal 0.904081 0.427361 0
    outer loop
      vertex 82.5889 5.24576 2
      vertex 82.5218 5.38771 0
      vertex 82.5218 5.38771 2
    endloop
  endfacet
  facet normal 0.904081 0.427361 0
    outer loop
      vertex 82.5218 5.38771 0
      vertex 82.5889 5.24576 2
      vertex 82.5889 5.24576 0
    endloop
  endfacet
  facet normal -0.336926 -0.941531 0
    outer loop
      vertex 84.4645 7.5311 2
      vertex 84.6123 7.47821 4
      vertex 84.4645 7.5311 4
    endloop
  endfacet
  facet normal -0.336926 -0.941531 0
    outer loop
      vertex 84.4645 7.5311 2
      vertex 84.6123 7.47821 2
      vertex 84.6123 7.47821 4
    endloop
  endfacet
  facet normal -0.336926 -0.941531 0
    outer loop
      vertex 84.4645 7.5311 0
      vertex 84.6123 7.47821 2
      vertex 84.4645 7.5311 2
    endloop
  endfacet
  facet normal -0.336926 -0.941531 -0
    outer loop
      vertex 84.6123 7.47821 2
      vertex 84.4645 7.5311 0
      vertex 84.6123 7.47821 0
    endloop
  endfacet
  facet normal -0.242895 -0.970053 0
    outer loop
      vertex 84.3121 7.56926 2
      vertex 84.4645 7.5311 4
      vertex 84.3121 7.56926 4
    endloop
  endfacet
  facet normal -0.242895 -0.970053 0
    outer loop
      vertex 84.3121 7.56926 2
      vertex 84.4645 7.5311 2
      vertex 84.4645 7.5311 4
    endloop
  endfacet
  facet normal -0.242895 -0.970053 0
    outer loop
      vertex 84.3121 7.56926 0
      vertex 84.4645 7.5311 2
      vertex 84.3121 7.56926 2
    endloop
  endfacet
  facet normal -0.242895 -0.970053 -0
    outer loop
      vertex 84.4645 7.5311 2
      vertex 84.3121 7.56926 0
      vertex 84.4645 7.5311 0
    endloop
  endfacet
  facet normal 0.336926 -0.941531 0
    outer loop
      vertex 83.3877 7.47821 0
      vertex 83.5355 7.5311 2
      vertex 83.3877 7.47821 2
    endloop
  endfacet
  facet normal 0.336926 -0.941531 0
    outer loop
      vertex 83.5355 7.5311 2
      vertex 83.3877 7.47821 0
      vertex 83.5355 7.5311 0
    endloop
  endfacet
  facet normal -0.803015 0.595958 0
    outer loop
      vertex 85.2368 4.98497 0
      vertex 85.3304 5.11109 2
      vertex 85.3304 5.11109 0
    endloop
  endfacet
  facet normal -0.803015 0.595958 0
    outer loop
      vertex 85.3304 5.11109 2
      vertex 85.2368 4.98497 0
      vertex 85.2368 4.98497 2
    endloop
  endfacet
  facet normal 0.857796 -0.51399 0
    outer loop
      vertex 82.5889 6.75423 2
      vertex 82.6696 6.88891 0
      vertex 82.6696 6.88891 2
    endloop
  endfacet
  facet normal 0.857796 -0.51399 0
    outer loop
      vertex 82.6696 6.88891 0
      vertex 82.5889 6.75423 2
      vertex 82.5889 6.75423 0
    endloop
  endfacet
  facet normal -0.671388 -0.741106 0
    outer loop
      vertex 85.015 7.23682 2
      vertex 85.1314 7.13137 4
      vertex 85.015 7.23682 4
    endloop
  endfacet
  facet normal -0.671388 -0.741106 0
    outer loop
      vertex 85.015 7.23682 2
      vertex 85.1314 7.13137 2
      vertex 85.1314 7.13137 4
    endloop
  endfacet
  facet normal -0.671388 -0.741106 0
    outer loop
      vertex 85.015 7.23682 0
      vertex 85.1314 7.13137 2
      vertex 85.015 7.23682 2
    endloop
  endfacet
  facet normal -0.671388 -0.741106 -0
    outer loop
      vertex 85.1314 7.13137 2
      vertex 85.015 7.23682 0
      vertex 85.1314 7.13137 0
    endloop
  endfacet
  facet normal -0.049048 0.998796 0
    outer loop
      vertex 84.1568 4.4077 0
      vertex 84 4.4 2
      vertex 84.1568 4.4077 2
    endloop
  endfacet
  facet normal -0.049048 0.998796 0
    outer loop
      vertex 84 4.4 2
      vertex 84.1568 4.4077 0
      vertex 84 4.4 0
    endloop
  endfacet
  facet normal -0.427692 -0.903925 0
    outer loop
      vertex 84.6123 7.47821 2
      vertex 84.7542 7.41107 4
      vertex 84.6123 7.47821 4
    endloop
  endfacet
  facet normal -0.427692 -0.903925 0
    outer loop
      vertex 84.6123 7.47821 2
      vertex 84.7542 7.41107 2
      vertex 84.7542 7.41107 4
    endloop
  endfacet
  facet normal -0.427692 -0.903925 0
    outer loop
      vertex 84.6123 7.47821 0
      vertex 84.7542 7.41107 2
      vertex 84.6123 7.47821 2
    endloop
  endfacet
  facet normal -0.427692 -0.903925 -0
    outer loop
      vertex 84.7542 7.41107 2
      vertex 84.6123 7.47821 0
      vertex 84.7542 7.41107 0
    endloop
  endfacet
  facet normal 0.741092 0.671404 0
    outer loop
      vertex 82.8686 4.86863 2
      vertex 82.7632 4.98497 0
      vertex 82.7632 4.98497 2
    endloop
  endfacet
  facet normal 0.741092 0.671404 0
    outer loop
      vertex 82.7632 4.98497 0
      vertex 82.8686 4.86863 2
      vertex 82.8686 4.86863 0
    endloop
  endfacet
  facet normal -0.90407 -0.427385 0
    outer loop
      vertex 85.4782 6.61229 2
      vertex 85.4111 6.75423 2
      vertex 85.4111 6.75423 0
    endloop
  endfacet
  facet normal -0.90407 -0.427385 -0
    outer loop
      vertex 85.4782 6.61229 2
      vertex 85.4111 6.75423 0
      vertex 85.4782 6.61229 0
    endloop
  endfacet
  facet normal -0.90407 -0.427385 0
    outer loop
      vertex 85.4111 6.75423 2
      vertex 85.4782 6.61229 2
      vertex 85.4111 6.75423 4
    endloop
  endfacet
  facet normal -0.90407 -0.427385 0
    outer loop
      vertex 85.4111 6.75423 4
      vertex 85.4782 6.61229 2
      vertex 85.4782 6.61229 4
    endloop
  endfacet
  facet normal -0.857779 0.514018 0
    outer loop
      vertex 85.3304 5.11109 0
      vertex 85.4111 5.24576 2
      vertex 85.4111 5.24576 0
    endloop
  endfacet
  facet normal -0.857779 0.514018 0
    outer loop
      vertex 85.4111 5.24576 2
      vertex 85.3304 5.11109 0
      vertex 85.3304 5.11109 2
    endloop
  endfacet
  facet normal 0.671388 0.741106 -0
    outer loop
      vertex 82.985 4.76318 0
      vertex 82.8686 4.86863 2
      vertex 82.985 4.76318 2
    endloop
  endfacet
  facet normal 0.671388 0.741106 0
    outer loop
      vertex 82.8686 4.86863 2
      vertex 82.985 4.76318 0
      vertex 82.8686 4.86863 0
    endloop
  endfacet
  facet normal -0.242835 0.970068 0
    outer loop
      vertex 84.4645 4.46889 0
      vertex 84.3121 4.43074 2
      vertex 84.4645 4.46889 2
    endloop
  endfacet
  facet normal -0.242835 0.970068 0
    outer loop
      vertex 84.3121 4.43074 2
      vertex 84.4645 4.46889 0
      vertex 84.3121 4.43074 0
    endloop
  endfacet
  facet normal 0.941533 0.336921 0
    outer loop
      vertex 82.5218 5.38771 2
      vertex 82.4689 5.53554 0
      vertex 82.4689 5.53554 2
    endloop
  endfacet
  facet normal 0.941533 0.336921 0
    outer loop
      vertex 82.4689 5.53554 0
      vertex 82.5218 5.38771 2
      vertex 82.5218 5.38771 0
    endloop
  endfacet
  facet normal -0.514027 -0.857774 0
    outer loop
      vertex 84.7542 7.41107 2
      vertex 84.8889 7.33035 4
      vertex 84.7542 7.41107 4
    endloop
  endfacet
  facet normal -0.514027 -0.857774 0
    outer loop
      vertex 84.7542 7.41107 2
      vertex 84.8889 7.33035 2
      vertex 84.8889 7.33035 4
    endloop
  endfacet
  facet normal -0.514027 -0.857774 0
    outer loop
      vertex 84.7542 7.41107 0
      vertex 84.8889 7.33035 2
      vertex 84.7542 7.41107 2
    endloop
  endfacet
  facet normal -0.514027 -0.857774 -0
    outer loop
      vertex 84.8889 7.33035 2
      vertex 84.7542 7.41107 0
      vertex 84.8889 7.33035 0
    endloop
  endfacet
  facet normal 0.049048 0.998796 -0
    outer loop
      vertex 84 4.4 0
      vertex 83.8432 4.4077 2
      vertex 84 4.4 2
    endloop
  endfacet
  facet normal 0.049048 0.998796 0
    outer loop
      vertex 83.8432 4.4077 2
      vertex 84 4.4 0
      vertex 83.8432 4.4077 0
    endloop
  endfacet
  facet normal -0.595732 0.803184 0
    outer loop
      vertex 85.015 4.76318 0
      vertex 84.8889 4.66965 2
      vertex 85.015 4.76318 2
    endloop
  endfacet
  facet normal -0.595732 0.803184 0
    outer loop
      vertex 84.8889 4.66965 2
      vertex 85.015 4.76318 0
      vertex 84.8889 4.66965 0
    endloop
  endfacet
  facet normal 0.969959 -0.24327 0
    outer loop
      vertex 82.4307 6.31214 2
      vertex 82.4689 6.46445 0
      vertex 82.4689 6.46445 2
    endloop
  endfacet
  facet normal 0.969959 -0.24327 0
    outer loop
      vertex 82.4689 6.46445 0
      vertex 82.4307 6.31214 2
      vertex 82.4307 6.31214 0
    endloop
  endfacet
  facet normal -0.336982 0.941511 0
    outer loop
      vertex 84.6123 4.52179 0
      vertex 84.4645 4.46889 2
      vertex 84.6123 4.52179 2
    endloop
  endfacet
  facet normal -0.336982 0.941511 0
    outer loop
      vertex 84.4645 4.46889 2
      vertex 84.6123 4.52179 0
      vertex 84.4645 4.46889 0
    endloop
  endfacet
  facet normal -0.803015 -0.595958 0
    outer loop
      vertex 85.3304 6.88891 2
      vertex 85.2368 7.01503 2
      vertex 85.2368 7.01503 0
    endloop
  endfacet
  facet normal -0.803015 -0.595958 -0
    outer loop
      vertex 85.3304 6.88891 2
      vertex 85.2368 7.01503 0
      vertex 85.3304 6.88891 0
    endloop
  endfacet
  facet normal -0.803015 -0.595958 0
    outer loop
      vertex 85.2368 7.01503 2
      vertex 85.3304 6.88891 2
      vertex 85.2368 7.01503 4
    endloop
  endfacet
  facet normal -0.803015 -0.595958 0
    outer loop
      vertex 85.2368 7.01503 4
      vertex 85.3304 6.88891 2
      vertex 85.3304 6.88891 4
    endloop
  endfacet
  facet normal 0.514027 0.857774 -0
    outer loop
      vertex 83.2458 4.58893 0
      vertex 83.1111 4.66965 2
      vertex 83.2458 4.58893 2
    endloop
  endfacet
  facet normal 0.514027 0.857774 0
    outer loop
      vertex 83.1111 4.66965 2
      vertex 83.2458 4.58893 0
      vertex 83.1111 4.66965 0
    endloop
  endfacet
  facet normal -0.595732 -0.803184 0
    outer loop
      vertex 84.8889 7.33035 2
      vertex 85.015 7.23682 4
      vertex 84.8889 7.33035 4
    endloop
  endfacet
  facet normal -0.595732 -0.803184 0
    outer loop
      vertex 84.8889 7.33035 2
      vertex 85.015 7.23682 2
      vertex 85.015 7.23682 4
    endloop
  endfacet
  facet normal -0.595732 -0.803184 0
    outer loop
      vertex 84.8889 7.33035 0
      vertex 85.015 7.23682 2
      vertex 84.8889 7.33035 2
    endloop
  endfacet
  facet normal -0.595732 -0.803184 -0
    outer loop
      vertex 85.015 7.23682 2
      vertex 84.8889 7.33035 0
      vertex 85.015 7.23682 0
    endloop
  endfacet
  facet normal -0.904081 0.427361 0
    outer loop
      vertex 85.4111 5.24576 0
      vertex 85.4782 5.38771 2
      vertex 85.4782 5.38771 0
    endloop
  endfacet
  facet normal -0.904081 0.427361 0
    outer loop
      vertex 85.4782 5.38771 2
      vertex 85.4111 5.24576 0
      vertex 85.4111 5.24576 2
    endloop
  endfacet
  facet normal -0.741092 0.671404 0
    outer loop
      vertex 85.1314 4.86863 0
      vertex 85.2368 4.98497 2
      vertex 85.2368 4.98497 0
    endloop
  endfacet
  facet normal -0.741092 0.671404 0
    outer loop
      vertex 85.2368 4.98497 2
      vertex 85.1314 4.86863 0
      vertex 85.1314 4.86863 2
    endloop
  endfacet
  facet normal -0.0491116 -0.998793 0
    outer loop
      vertex 84 7.6 2
      vertex 84.1568 7.59229 4
      vertex 84 7.6 4
    endloop
  endfacet
  facet normal -0.0491116 -0.998793 0
    outer loop
      vertex 84 7.6 2
      vertex 84.1568 7.59229 2
      vertex 84.1568 7.59229 4
    endloop
  endfacet
  facet normal -0.0491116 -0.998793 0
    outer loop
      vertex 84 7.6 0
      vertex 84.1568 7.59229 2
      vertex 84 7.6 2
    endloop
  endfacet
  facet normal -0.0491116 -0.998793 -0
    outer loop
      vertex 84.1568 7.59229 2
      vertex 84 7.6 0
      vertex 84.1568 7.59229 0
    endloop
  endfacet
  facet normal -0.427692 0.903925 0
    outer loop
      vertex 84.7542 4.58893 0
      vertex 84.6123 4.52179 2
      vertex 84.7542 4.58893 2
    endloop
  endfacet
  facet normal -0.427692 0.903925 0
    outer loop
      vertex 84.6123 4.52179 2
      vertex 84.7542 4.58893 0
      vertex 84.6123 4.52179 0
    endloop
  endfacet
  facet normal 0.146689 -0.989183 0
    outer loop
      vertex 83.6879 7.56926 0
      vertex 83.8432 7.59229 2
      vertex 83.6879 7.56926 2
    endloop
  endfacet
  facet normal 0.146689 -0.989183 0
    outer loop
      vertex 83.8432 7.59229 2
      vertex 83.6879 7.56926 0
      vertex 83.8432 7.59229 0
    endloop
  endfacet
  facet normal -0.989213 0.146484 0
    outer loop
      vertex 85.5693 5.68785 0
      vertex 85.5923 5.84317 2
      vertex 85.5923 5.84317 0
    endloop
  endfacet
  facet normal -0.989213 0.146484 0
    outer loop
      vertex 85.5923 5.84317 2
      vertex 85.5693 5.68785 0
      vertex 85.5693 5.68785 2
    endloop
  endfacet
  facet normal 0.671388 -0.741106 0
    outer loop
      vertex 82.8686 7.13137 0
      vertex 82.985 7.23682 2
      vertex 82.8686 7.13137 2
    endloop
  endfacet
  facet normal 0.671388 -0.741106 0
    outer loop
      vertex 82.985 7.23682 2
      vertex 82.8686 7.13137 0
      vertex 82.985 7.23682 0
    endloop
  endfacet
  facet normal -0.857796 -0.51399 0
    outer loop
      vertex 85.4111 6.75423 2
      vertex 85.3304 6.88891 2
      vertex 85.3304 6.88891 0
    endloop
  endfacet
  facet normal -0.857796 -0.51399 -0
    outer loop
      vertex 85.4111 6.75423 2
      vertex 85.3304 6.88891 0
      vertex 85.4111 6.75423 0
    endloop
  endfacet
  facet normal -0.857796 -0.51399 0
    outer loop
      vertex 85.3304 6.88891 2
      vertex 85.4111 6.75423 2
      vertex 85.3304 6.88891 4
    endloop
  endfacet
  facet normal -0.857796 -0.51399 0
    outer loop
      vertex 85.3304 6.88891 4
      vertex 85.4111 6.75423 2
      vertex 85.4111 6.75423 4
    endloop
  endfacet
  facet normal -0.741092 -0.671404 0
    outer loop
      vertex 85.2368 7.01503 2
      vertex 85.1314 7.13137 2
      vertex 85.1314 7.13137 0
    endloop
  endfacet
  facet normal -0.741092 -0.671404 -0
    outer loop
      vertex 85.2368 7.01503 2
      vertex 85.1314 7.13137 0
      vertex 85.2368 7.01503 0
    endloop
  endfacet
  facet normal -0.741092 -0.671404 0
    outer loop
      vertex 85.1314 7.13137 2
      vertex 85.2368 7.01503 2
      vertex 85.1314 7.13137 4
    endloop
  endfacet
  facet normal -0.741092 -0.671404 0
    outer loop
      vertex 85.1314 7.13137 4
      vertex 85.2368 7.01503 2
      vertex 85.2368 7.01503 4
    endloop
  endfacet
  facet normal 0.803015 0.595958 0
    outer loop
      vertex 82.7632 4.98497 2
      vertex 82.6696 5.11109 0
      vertex 82.6696 5.11109 2
    endloop
  endfacet
  facet normal 0.803015 0.595958 0
    outer loop
      vertex 82.6696 5.11109 0
      vertex 82.7632 4.98497 2
      vertex 82.7632 4.98497 0
    endloop
  endfacet
  facet normal -0.941533 0.336921 0
    outer loop
      vertex 85.4782 5.38771 0
      vertex 85.5311 5.53554 2
      vertex 85.5311 5.53554 0
    endloop
  endfacet
  facet normal -0.941533 0.336921 0
    outer loop
      vertex 85.5311 5.53554 2
      vertex 85.4782 5.38771 0
      vertex 85.4782 5.38771 2
    endloop
  endfacet
  facet normal 0.741092 -0.671404 0
    outer loop
      vertex 82.7632 7.01503 2
      vertex 82.8686 7.13137 0
      vertex 82.8686 7.13137 2
    endloop
  endfacet
  facet normal 0.741092 -0.671404 0
    outer loop
      vertex 82.8686 7.13137 0
      vertex 82.7632 7.01503 2
      vertex 82.7632 7.01503 0
    endloop
  endfacet
  facet normal 0.595732 0.803184 -0
    outer loop
      vertex 83.1111 4.66965 0
      vertex 82.985 4.76318 2
      vertex 83.1111 4.66965 2
    endloop
  endfacet
  facet normal 0.595732 0.803184 0
    outer loop
      vertex 82.985 4.76318 2
      vertex 83.1111 4.66965 0
      vertex 82.985 4.76318 0
    endloop
  endfacet
  facet normal -0.514027 0.857774 0
    outer loop
      vertex 84.8889 4.66965 0
      vertex 84.7542 4.58893 2
      vertex 84.8889 4.66965 2
    endloop
  endfacet
  facet normal -0.514027 0.857774 0
    outer loop
      vertex 84.7542 4.58893 2
      vertex 84.8889 4.66965 0
      vertex 84.7542 4.58893 0
    endloop
  endfacet
  facet normal -0.671388 0.741106 0
    outer loop
      vertex 85.1314 4.86863 0
      vertex 85.015 4.76318 2
      vertex 85.1314 4.86863 2
    endloop
  endfacet
  facet normal -0.671388 0.741106 0
    outer loop
      vertex 85.015 4.76318 2
      vertex 85.1314 4.86863 0
      vertex 85.015 4.76318 0
    endloop
  endfacet
  facet normal 0.0491116 -0.998793 0
    outer loop
      vertex 83.8432 7.59229 0
      vertex 84 7.6 2
      vertex 83.8432 7.59229 2
    endloop
  endfacet
  facet normal 0.0491116 -0.998793 0
    outer loop
      vertex 84 7.6 2
      vertex 83.8432 7.59229 0
      vertex 84 7.6 0
    endloop
  endfacet
  facet normal 0.242835 0.970068 -0
    outer loop
      vertex 83.6879 4.43074 0
      vertex 83.5355 4.46889 2
      vertex 83.6879 4.43074 2
    endloop
  endfacet
  facet normal 0.242835 0.970068 0
    outer loop
      vertex 83.5355 4.46889 2
      vertex 83.6879 4.43074 0
      vertex 83.5355 4.46889 0
    endloop
  endfacet
  facet normal 0.989213 0.146484 0
    outer loop
      vertex 82.4307 5.68785 2
      vertex 82.4077 5.84317 0
      vertex 82.4077 5.84317 2
    endloop
  endfacet
  facet normal 0.989213 0.146484 0
    outer loop
      vertex 82.4077 5.84317 0
      vertex 82.4307 5.68785 2
      vertex 82.4307 5.68785 0
    endloop
  endfacet
  facet normal 0.514027 -0.857774 0
    outer loop
      vertex 83.1111 7.33035 0
      vertex 83.2458 7.41107 2
      vertex 83.1111 7.33035 2
    endloop
  endfacet
  facet normal 0.514027 -0.857774 0
    outer loop
      vertex 83.2458 7.41107 2
      vertex 83.1111 7.33035 0
      vertex 83.2458 7.41107 0
    endloop
  endfacet
  facet normal 0.595732 -0.803184 0
    outer loop
      vertex 82.985 7.23682 0
      vertex 83.1111 7.33035 2
      vertex 82.985 7.23682 2
    endloop
  endfacet
  facet normal 0.595732 -0.803184 0
    outer loop
      vertex 83.1111 7.33035 2
      vertex 82.985 7.23682 0
      vertex 83.1111 7.33035 0
    endloop
  endfacet
  facet normal 0.94154 -0.336901 0
    outer loop
      vertex 82.4689 6.46445 2
      vertex 82.5218 6.61229 0
      vertex 82.5218 6.61229 2
    endloop
  endfacet
  facet normal 0.94154 -0.336901 0
    outer loop
      vertex 82.5218 6.61229 0
      vertex 82.4689 6.46445 2
      vertex 82.4689 6.46445 0
    endloop
  endfacet
  facet normal 0.857779 0.514018 0
    outer loop
      vertex 82.6696 5.11109 2
      vertex 82.5889 5.24576 0
      vertex 82.5889 5.24576 2
    endloop
  endfacet
  facet normal 0.857779 0.514018 0
    outer loop
      vertex 82.5889 5.24576 0
      vertex 82.6696 5.11109 2
      vertex 82.6696 5.11109 0
    endloop
  endfacet
  facet normal 0.998797 0.0490387 0
    outer loop
      vertex 82.4077 5.84317 2
      vertex 82.4 6 0
      vertex 82.4 6 2
    endloop
  endfacet
  facet normal 0.998797 0.0490387 0
    outer loop
      vertex 82.4 6 0
      vertex 82.4077 5.84317 2
      vertex 82.4077 5.84317 0
    endloop
  endfacet
  facet normal 0.146752 0.989173 -0
    outer loop
      vertex 83.8432 4.4077 0
      vertex 83.6879 4.43074 2
      vertex 83.8432 4.4077 2
    endloop
  endfacet
  facet normal 0.146752 0.989173 0
    outer loop
      vertex 83.6879 4.43074 2
      vertex 83.8432 4.4077 0
      vertex 83.6879 4.43074 0
    endloop
  endfacet
  facet normal 0.803015 -0.595958 0
    outer loop
      vertex 82.6696 6.88891 2
      vertex 82.7632 7.01503 0
      vertex 82.7632 7.01503 2
    endloop
  endfacet
  facet normal 0.803015 -0.595958 0
    outer loop
      vertex 82.7632 7.01503 0
      vertex 82.6696 6.88891 2
      vertex 82.6696 6.88891 0
    endloop
  endfacet
  facet normal 1 -0 0
    outer loop
      vertex 90 0 4
      vertex 90 72 0
      vertex 90 72 4
    endloop
  endfacet
  facet normal 1 0 0
    outer loop
      vertex 90 72 0
      vertex 90 0 4
      vertex 90 0 0
    endloop
  endfacet
  facet normal 0 0 1
    outer loop
      vertex 90 72 4
      vertex 88 70 4
      vertex 90 0 4
    endloop
  endfacet
  facet normal 0 0 1
    outer loop
      vertex 90 72 4
      vertex 2 70 4
      vertex 88 70 4
    endloop
  endfacet
  facet normal 0 0 1
    outer loop
      vertex 2 70 4
      vertex 0 72 4
      vertex 2 2 4
    endloop
  endfacet
  facet normal -0 0 1
    outer loop
      vertex 0 72 4
      vertex 2 70 4
      vertex 90 72 4
    endloop
  endfacet
  facet normal -0 0 1
    outer loop
      vertex 88 2 4
      vertex 90 0 4
      vertex 88 70 4
    endloop
  endfacet
  facet normal -0 0 1
    outer loop
      vertex 2 2 4
      vertex 90 0 4
      vertex 88 2 4
    endloop
  endfacet
  facet normal 0 0 1
    outer loop
      vertex 2 2 4
      vertex 0 0 4
      vertex 90 0 4
    endloop
  endfacet
  facet normal 0 0 1
    outer loop
      vertex 0 0 4
      vertex 2 2 4
      vertex 0 72 4
    endloop
  endfacet
  facet normal 0 0 -1
    outer loop
      vertex 6.31214 7.56926 0
      vertex 13.3519 31.2284 0
      vertex 6.46445 7.5311 0
    endloop
  endfacet
  facet normal 0 0 -1
    outer loop
      vertex 11.5 34 0
      vertex 7.59229 65.8432 0
      vertex 7.6 66 0
    endloop
  endfacet
  facet normal 0 0 -1
    outer loop
      vertex 6.15683 7.59229 0
      vertex 13.3519 31.2284 0
      vertex 6.31214 7.56926 0
    endloop
  endfacet
  facet normal 0 0 -1
    outer loop
      vertex 11.5 34 0
      vertex 7.56926 65.6879 0
      vertex 7.59229 65.8432 0
    endloop
  endfacet
  facet normal -0 0 -1
    outer loop
      vertex 13.3519 31.2284 0
      vertex 6.15683 7.59229 0
      vertex 13.0858 31.3542 0
    endloop
  endfacet
  facet normal 0 0 -1
    outer loop
      vertex 11.5 34 0
      vertex 7.5311 65.5355 0
      vertex 7.56926 65.6879 0
    endloop
  endfacet
  facet normal 0 0 -1
    outer loop
      vertex 6 7.6 0
      vertex 13.0858 31.3542 0
      vertex 6.15683 7.59229 0
    endloop
  endfacet
  facet normal 0 0 -1
    outer loop
      vertex 11.5 34 0
      vertex 7.47821 65.3877 0
      vertex 7.5311 65.5355 0
    endloop
  endfacet
  facet normal -0 0 -1
    outer loop
      vertex 13.0858 31.3542 0
      vertex 6 7.6 0
      vertex 12.8333 31.5056 0
    endloop
  endfacet
  facet normal 0 0 -1
    outer loop
      vertex 11.5 34 0
      vertex 7.41107 65.2458 0
      vertex 7.47821 65.3877 0
    endloop
  endfacet
  facet normal 0 0 -1
    outer loop
      vertex 5.84317 7.59229 0
      vertex 12.8333 31.5056 0
      vertex 6 7.6 0
    endloop
  endfacet
  facet normal 0 0 -1
    outer loop
      vertex 11.5 34 0
      vertex 7.33035 65.1111 0
      vertex 7.41107 65.2458 0
    endloop
  endfacet
  facet normal -0 0 -1
    outer loop
      vertex 12.8333 31.5056 0
      vertex 5.84317 7.59229 0
      vertex 12.5968 31.681 0
    endloop
  endfacet
  facet normal 0 0 -1
    outer loop
      vertex 11.5 34 0
      vertex 7.23682 64.985 0
      vertex 7.33035 65.1111 0
    endloop
  endfacet
  facet normal 0 0 -1
    outer loop
      vertex 5.68785 7.56926 0
      vertex 12.5968 31.681 0
      vertex 5.84317 7.59229 0
    endloop
  endfacet
  facet normal 0 0 -1
    outer loop
      vertex 11.5 34 0
      vertex 7.13137 64.8686 0
      vertex 7.23682 64.985 0
    endloop
  endfacet
  facet normal -0 0 -1
    outer loop
      vertex 12.5968 31.681 0
      vertex 5.68785 7.56926 0
      vertex 12.3787 31.8787 0
    endloop
  endfacet
  facet normal 0 0 -1
    outer loop
      vertex 11.5 34 0
      vertex 7.01503 64.7632 0
      vertex 7.13137 64.8686 0
    endloop
  endfacet
  facet normal 0 0 -1
    outer loop
      vertex 5.53554 7.5311 0
      vertex 12.3787 31.8787 0
      vertex 5.68785 7.56926 0
    endloop
  endfacet
  facet normal 0 0 -1
    outer loop
      vertex 11.5 34 0
      vertex 6.88891 64.6696 0
      vertex 7.01503 64.7632 0
    endloop
  endfacet
  facet normal -0 0 -1
    outer loop
      vertex 12.3787 31.8787 0
      vertex 5.53554 7.5311 0
      vertex 12.181 32.0968 0
    endloop
  endfacet
  facet normal 0 0 -1
    outer loop
      vertex 11.5 34 0
      vertex 6.75423 64.5889 0
      vertex 6.88891 64.6696 0
    endloop
  endfacet
  facet normal 0 0 -1
    outer loop
      vertex 5.38771 7.47821 0
      vertex 12.181 32.0968 0
      vertex 5.53554 7.5311 0
    endloop
  endfacet
  facet normal 0 0 -1
    outer loop
      vertex 11.5 34 0
      vertex 6.61229 64.5218 0
      vertex 6.75423 64.5889 0
    endloop
  endfacet
  facet normal -0 0 -1
    outer loop
      vertex 12.181 32.0968 0
      vertex 5.38771 7.47821 0
      vertex 12.0056 32.3333 0
    endloop
  endfacet
  facet normal 0 0 -1
    outer loop
      vertex 11.5 34 0
      vertex 6.46445 64.4689 0
      vertex 6.61229 64.5218 0
    endloop
  endfacet
  facet normal 0 0 -1
    outer loop
      vertex 5.24576 7.41107 0
      vertex 12.0056 32.3333 0
      vertex 5.38771 7.47821 0
    endloop
  endfacet
  facet normal 0 0 -1
    outer loop
      vertex 11.5 34 0
      vertex 6.31214 64.4307 0
      vertex 6.46445 64.4689 0
    endloop
  endfacet
  facet normal -0 0 -1
    outer loop
      vertex 12.0056 32.3333 0
      vertex 5.24576 7.41107 0
      vertex 11.8542 32.5858 0
    endloop
  endfacet
  facet normal 0 0 -1
    outer loop
      vertex 11.5 34 0
      vertex 6.15683 64.4077 0
      vertex 6.31214 64.4307 0
    endloop
  endfacet
  facet normal 0 0 -1
    outer loop
      vertex 5.11109 7.33035 0
      vertex 11.8542 32.5858 0
      vertex 5.24576 7.41107 0
    endloop
  endfacet
  facet normal 0 0 -1
    outer loop
      vertex 11.5 34 0
      vertex 6 64.4 0
      vertex 6.15683 64.4077 0
    endloop
  endfacet
  facet normal -0 0 -1
    outer loop
      vertex 11.8542 32.5858 0
      vertex 5.11109 7.33035 0
      vertex 11.7284 32.852 0
    endloop
  endfacet
  facet normal 0 0 -1
    outer loop
      vertex 11.5 34 0
      vertex 5.84317 64.4077 0
      vertex 6 64.4 0
    endloop
  endfacet
  facet normal 0 0 -1
    outer loop
      vertex 4.98497 7.23682 0
      vertex 11.7284 32.852 0
      vertex 5.11109 7.33035 0
    endloop
  endfacet
  facet normal 0 0 -1
    outer loop
      vertex 11.5 34 0
      vertex 5.68785 64.4307 0
      vertex 5.84317 64.4077 0
    endloop
  endfacet
  facet normal -0 0 -1
    outer loop
      vertex 11.7284 32.852 0
      vertex 4.98497 7.23682 0
      vertex 11.6292 33.1291 0
    endloop
  endfacet
  facet normal 0 0 -1
    outer loop
      vertex 11.5 34 0
      vertex 5.53554 64.4689 0
      vertex 5.68785 64.4307 0
    endloop
  endfacet
  facet normal 0 0 -1
    outer loop
      vertex 4.86863 7.13137 0
      vertex 11.6292 33.1291 0
      vertex 4.98497 7.23682 0
    endloop
  endfacet
  facet normal 0 0 -1
    outer loop
      vertex 11.5 34 0
      vertex 5.38771 64.5218 0
      vertex 5.53554 64.4689 0
    endloop
  endfacet
  facet normal -0 0 -1
    outer loop
      vertex 11.6292 33.1291 0
      vertex 4.86863 7.13137 0
      vertex 11.5576 33.4147 0
    endloop
  endfacet
  facet normal 0 0 -1
    outer loop
      vertex 11.5 34 0
      vertex 5.24576 64.5889 0
      vertex 5.38771 64.5218 0
    endloop
  endfacet
  facet normal 0 0 -1
    outer loop
      vertex 4.76318 7.01503 0
      vertex 11.5576 33.4147 0
      vertex 4.86863 7.13137 0
    endloop
  endfacet
  facet normal 0 0 -1
    outer loop
      vertex 11.5 34 0
      vertex 5.11109 64.6696 0
      vertex 5.24576 64.5889 0
    endloop
  endfacet
  facet normal -0 0 -1
    outer loop
      vertex 11.5576 33.4147 0
      vertex 4.76318 7.01503 0
      vertex 11.5144 33.7059 0
    endloop
  endfacet
  facet normal 0 0 -1
    outer loop
      vertex 11.5 34 0
      vertex 4.98497 64.7632 0
      vertex 5.11109 64.6696 0
    endloop
  endfacet
  facet normal 0 0 -1
    outer loop
      vertex 4.66965 6.88891 0
      vertex 11.5144 33.7059 0
      vertex 4.76318 7.01503 0
    endloop
  endfacet
  facet normal 0 0 -1
    outer loop
      vertex 11.5 34 0
      vertex 4.86863 64.8686 0
      vertex 4.98497 64.7632 0
    endloop
  endfacet
  facet normal -0 0 -1
    outer loop
      vertex 11.5144 33.7059 0
      vertex 4.66965 6.88891 0
      vertex 11.5 34 0
    endloop
  endfacet
  facet normal 0 0 -1
    outer loop
      vertex 11.5 34 0
      vertex 4.76318 64.985 0
      vertex 4.86863 64.8686 0
    endloop
  endfacet
  facet normal 0 0 -1
    outer loop
      vertex 4.58893 6.75423 0
      vertex 11.5 34 0
      vertex 4.66965 6.88891 0
    endloop
  endfacet
  facet normal 0 0 -1
    outer loop
      vertex 11.5 34 0
      vertex 4.66965 65.1111 0
      vertex 4.76318 64.985 0
    endloop
  endfacet
  facet normal 0 0 -1
    outer loop
      vertex 0 0 0
      vertex 11.5 34 0
      vertex 4.58893 6.75423 0
    endloop
  endfacet
  facet normal 0 0 -1
    outer loop
      vertex 11.5 34 0
      vertex 4.58893 65.2458 0
      vertex 4.66965 65.1111 0
    endloop
  endfacet
  facet normal 0 0 -1
    outer loop
      vertex 0 0 0
      vertex 4.58893 6.75423 0
      vertex 4.52179 6.61229 0
    endloop
  endfacet
  facet normal 0 0 -1
    outer loop
      vertex 0 72 0
      vertex 11.5 34 0
      vertex 0 0 0
    endloop
  endfacet
  facet normal 0 0 -1
    outer loop
      vertex 0 0 0
      vertex 4.52179 6.61229 0
      vertex 4.46889 6.46445 0
    endloop
  endfacet
  facet normal 0 0 -1
    outer loop
      vertex 11.5 34 0
      vertex 0 72 0
      vertex 4.58893 65.2458 0
    endloop
  endfacet
  facet normal 0 0 -1
    outer loop
      vertex 0 0 0
      vertex 4.46889 6.46445 0
      vertex 4.43074 6.31214 0
    endloop
  endfacet
  facet normal 0 0 -1
    outer loop
      vertex 4.58893 65.2458 0
      vertex 0 72 0
      vertex 4.52179 65.3877 0
    endloop
  endfacet
  facet normal 0 0 -1
    outer loop
      vertex 0 0 0
      vertex 4.43074 6.31214 0
      vertex 4.4077 6.15683 0
    endloop
  endfacet
  facet normal 0 0 -1
    outer loop
      vertex 4.52179 65.3877 0
      vertex 0 72 0
      vertex 4.46889 65.5355 0
    endloop
  endfacet
  facet normal 0 0 -1
    outer loop
      vertex 0 0 0
      vertex 4.4077 6.15683 0
      vertex 4.4 6 0
    endloop
  endfacet
  facet normal 0 0 -1
    outer loop
      vertex 4.46889 65.5355 0
      vertex 0 72 0
      vertex 4.43074 65.6879 0
    endloop
  endfacet
  facet normal 0 0 -1
    outer loop
      vertex 85.5311 6.46445 0
      vertex 90 0 0
      vertex 85.5693 6.31214 0
    endloop
  endfacet
  facet normal 0 0 -1
    outer loop
      vertex 90 72 0
      vertex 85.5923 65.8432 0
      vertex 85.6 66 0
    endloop
  endfacet
  facet normal 0 0 -1
    outer loop
      vertex 85.4782 6.61229 0
      vertex 90 0 0
      vertex 85.5311 6.46445 0
    endloop
  endfacet
  facet normal 0 0 -1
    outer loop
      vertex 90 72 0
      vertex 85.5693 65.6879 0
      vertex 85.5923 65.8432 0
    endloop
  endfacet
  facet normal 0 0 -1
    outer loop
      vertex 85.4111 6.75423 0
      vertex 90 0 0
      vertex 85.4782 6.61229 0
    endloop
  endfacet
  facet normal 0 0 -1
    outer loop
      vertex 90 72 0
      vertex 85.5311 65.5355 0
      vertex 85.5693 65.6879 0
    endloop
  endfacet
  facet normal 0 0 -1
    outer loop
      vertex 90 0 0
      vertex 85.4111 6.75423 0
      vertex 90 72 0
    endloop
  endfacet
  facet normal 0 0 -1
    outer loop
      vertex 90 72 0
      vertex 85.4782 65.3877 0
      vertex 85.5311 65.5355 0
    endloop
  endfacet
  facet normal 0 0 -1
    outer loop
      vertex 85.4111 65.2458 0
      vertex 90 72 0
      vertex 85.4111 6.75423 0
    endloop
  endfacet
  facet normal 0 0 -1
    outer loop
      vertex 90 72 0
      vertex 85.4111 65.2458 0
      vertex 85.4782 65.3877 0
    endloop
  endfacet
  facet normal 0 0 -1
    outer loop
      vertex 85.3304 6.88891 0
      vertex 85.4111 65.2458 0
      vertex 85.4111 6.75423 0
    endloop
  endfacet
  facet normal 0 0 -1
    outer loop
      vertex 85.3304 6.88891 0
      vertex 85.3304 65.1111 0
      vertex 85.4111 65.2458 0
    endloop
  endfacet
  facet normal 0 0 -1
    outer loop
      vertex 85.2368 7.01503 0
      vertex 85.3304 65.1111 0
      vertex 85.3304 6.88891 0
    endloop
  endfacet
  facet normal 0 0 -1
    outer loop
      vertex 85.2368 7.01503 0
      vertex 85.2368 64.985 0
      vertex 85.3304 65.1111 0
    endloop
  endfacet
  facet normal 0 0 -1
    outer loop
      vertex 85.1314 7.13137 0
      vertex 85.2368 64.985 0
      vertex 85.2368 7.01503 0
    endloop
  endfacet
  facet normal 0 0 -1
    outer loop
      vertex 85.1314 7.13137 0
      vertex 85.1314 64.8686 0
      vertex 85.2368 64.985 0
    endloop
  endfacet
  facet normal 0 0 -1
    outer loop
      vertex 85.015 7.23682 0
      vertex 85.1314 64.8686 0
      vertex 85.1314 7.13137 0
    endloop
  endfacet
  facet normal 0 0 -1
    outer loop
      vertex 85.015 7.23682 0
      vertex 85.015 64.7632 0
      vertex 85.1314 64.8686 0
    endloop
  endfacet
  facet normal 0 0 -1
    outer loop
      vertex 71 34.5 0
      vertex 85.015 7.23682 0
      vertex 84.8889 7.33035 0
    endloop
  endfacet
  facet normal 0 0 -1
    outer loop
      vertex 85.015 7.23682 0
      vertex 71 34.5 0
      vertex 85.015 64.7632 0
    endloop
  endfacet
  facet normal 0 0 -1
    outer loop
      vertex 70.9855 34.2059 0
      vertex 84.8889 7.33035 0
      vertex 84.7542 7.41107 0
    endloop
  endfacet
  facet normal 0 0 -1
    outer loop
      vertex 70.9855 34.7941 0
      vertex 85.015 64.7632 0
      vertex 71 34.5 0
    endloop
  endfacet
  facet normal 0 0 -1
    outer loop
      vertex 70.9424 33.9147 0
      vertex 84.7542 7.41107 0
      vertex 84.6123 7.47821 0
    endloop
  endfacet
  facet normal 0 0 -1
    outer loop
      vertex 85.015 64.7632 0
      vertex 70.9855 34.7941 0
      vertex 84.8889 64.6696 0
    endloop
  endfacet
  facet normal 0 0 -1
    outer loop
      vertex 70.8708 33.6291 0
      vertex 84.6123 7.47821 0
      vertex 84.4645 7.5311 0
    endloop
  endfacet
  facet normal 0 0 -1
    outer loop
      vertex 70.9424 35.0853 0
      vertex 84.8889 64.6696 0
      vertex 70.9855 34.7941 0
    endloop
  endfacet
  facet normal 0 0 -1
    outer loop
      vertex 70.7716 33.352 0
      vertex 84.4645 7.5311 0
      vertex 84.3121 7.56926 0
    endloop
  endfacet
  facet normal 0 0 -1
    outer loop
      vertex 84.8889 64.6696 0
      vertex 70.9424 35.0853 0
      vertex 84.7542 64.5889 0
    endloop
  endfacet
  facet normal 0 0 -1
    outer loop
      vertex 70.6458 33.0858 0
      vertex 84.3121 7.56926 0
      vertex 84.1568 7.59229 0
    endloop
  endfacet
  facet normal 0 0 -1
    outer loop
      vertex 84.7542 64.5889 0
      vertex 70.9424 35.0853 0
      vertex 84.6123 64.5218 0
    endloop
  endfacet
  facet normal 0 0 -1
    outer loop
      vertex 70.6458 33.0858 0
      vertex 84.1568 7.59229 0
      vertex 84 7.6 0
    endloop
  endfacet
  facet normal 0 0 -1
    outer loop
      vertex 70.8708 35.3709 0
      vertex 84.6123 64.5218 0
      vertex 70.9424 35.0853 0
    endloop
  endfacet
  facet normal 0 0 -1
    outer loop
      vertex 70.4944 32.8333 0
      vertex 84 7.6 0
      vertex 83.8432 7.59229 0
    endloop
  endfacet
  facet normal 0 0 -1
    outer loop
      vertex 84.6123 64.5218 0
      vertex 70.8708 35.3709 0
      vertex 84.4645 64.4689 0
    endloop
  endfacet
  facet normal 0 0 -1
    outer loop
      vertex 70.319 32.5968 0
      vertex 83.8432 7.59229 0
      vertex 83.6879 7.56926 0
    endloop
  endfacet
  facet normal 0 0 -1
    outer loop
      vertex 70.7716 35.648 0
      vertex 84.4645 64.4689 0
      vertex 70.8708 35.3709 0
    endloop
  endfacet
  facet normal 0 0 -1
    outer loop
      vertex 70.1213 32.3787 0
      vertex 83.6879 7.56926 0
      vertex 83.5355 7.5311 0
    endloop
  endfacet
  facet normal 0 0 -1
    outer loop
      vertex 84.4645 64.4689 0
      vertex 70.7716 35.648 0
      vertex 84.3121 64.4307 0
    endloop
  endfacet
  facet normal 0 0 -1
    outer loop
      vertex 69.9032 32.181 0
      vertex 83.5355 7.5311 0
      vertex 83.3877 7.47821 0
    endloop
  endfacet
  facet normal 0 0 -1
    outer loop
      vertex 70.6458 35.9142 0
      vertex 84.3121 64.4307 0
      vertex 70.7716 35.648 0
    endloop
  endfacet
  facet normal 0 0 -1
    outer loop
      vertex 69.6667 32.0056 0
      vertex 83.3877 7.47821 0
      vertex 83.2458 7.41107 0
    endloop
  endfacet
  facet normal 0 0 -1
    outer loop
      vertex 84.3121 64.4307 0
      vertex 70.6458 35.9142 0
      vertex 84.1568 64.4077 0
    endloop
  endfacet
  facet normal 0 0 -1
    outer loop
      vertex 69.4142 31.8542 0
      vertex 83.2458 7.41107 0
      vertex 83.1111 7.33035 0
    endloop
  endfacet
  facet normal 0 0 -1
    outer loop
      vertex 70.4944 36.1667 0
      vertex 84.1568 64.4077 0
      vertex 70.6458 35.9142 0
    endloop
  endfacet
  facet normal 0 0 -1
    outer loop
      vertex 69.148 31.7284 0
      vertex 83.1111 7.33035 0
      vertex 82.985 7.23682 0
    endloop
  endfacet
  facet normal 0 0 -1
    outer loop
      vertex 84.1568 64.4077 0
      vertex 70.4944 36.1667 0
      vertex 84 64.4 0
    endloop
  endfacet
  facet normal 0 0 -1
    outer loop
      vertex 68.8708 31.6292 0
      vertex 82.985 7.23682 0
      vertex 82.8686 7.13137 0
    endloop
  endfacet
  facet normal 0 0 -1
    outer loop
      vertex 70.319 36.4032 0
      vertex 84 64.4 0
      vertex 70.4944 36.1667 0
    endloop
  endfacet
  facet normal 0 0 -1
    outer loop
      vertex 68.5853 31.5576 0
      vertex 82.8686 7.13137 0
      vertex 82.7632 7.01503 0
    endloop
  endfacet
  facet normal -0 0 -1
    outer loop
      vertex 84 64.4 0
      vertex 70.319 36.4032 0
      vertex 83.8432 64.4077 0
    endloop
  endfacet
  facet normal 0 0 -1
    outer loop
      vertex 68.2941 31.5144 0
      vertex 82.7632 7.01503 0
      vertex 82.6696 6.88891 0
    endloop
  endfacet
  facet normal 0 0 -1
    outer loop
      vertex 70.1213 36.6213 0
      vertex 83.8432 64.4077 0
      vertex 70.319 36.4032 0
    endloop
  endfacet
  facet normal 0 0 -1
    outer loop
      vertex 54.5 14.5 0
      vertex 82.6696 6.88891 0
      vertex 82.5889 6.75423 0
    endloop
  endfacet
  facet normal -0 0 -1
    outer loop
      vertex 83.8432 64.4077 0
      vertex 70.1213 36.6213 0
      vertex 83.6879 64.4307 0
    endloop
  endfacet
  facet normal 0 0 -1
    outer loop
      vertex 54.5 14.5 0
      vertex 82.5889 6.75423 0
      vertex 82.5218 6.61229 0
    endloop
  endfacet
  facet normal 0 0 -1
    outer loop
      vertex 69.9032 36.819 0
      vertex 83.6879 64.4307 0
      vertex 70.1213 36.6213 0
    endloop
  endfacet
  facet normal 0 0 -1
    outer loop
      vertex 54.5 14.5 0
      vertex 82.5218 6.61229 0
      vertex 82.4689 6.46445 0
    endloop
  endfacet
  facet normal -0 0 -1
    outer loop
      vertex 83.6879 64.4307 0
      vertex 69.9032 36.819 0
      vertex 83.5355 64.4689 0
    endloop
  endfacet
  facet normal 0 0 -1
    outer loop
      vertex 54.5 14.5 0
      vertex 82.4689 6.46445 0
      vertex 82.4307 6.31214 0
    endloop
  endfacet
  facet normal 0 0 -1
    outer loop
      vertex 69.6667 36.9944 0
      vertex 83.5355 64.4689 0
      vertex 69.9032 36.819 0
    endloop
  endfacet
  facet normal 0 0 -1
    outer loop
      vertex 54.5 14.5 0
      vertex 82.4307 6.31214 0
      vertex 82.4077 6.15683 0
    endloop
  endfacet
  facet normal -0 0 -1
    outer loop
      vertex 83.5355 64.4689 0
      vertex 69.6667 36.9944 0
      vertex 83.3877 64.5218 0
    endloop
  endfacet
  facet normal 0 0 -1
    outer loop
      vertex 54.5 14.5 0
      vertex 82.4077 6.15683 0
      vertex 82.4 6 0
    endloop
  endfacet
  facet normal 0 0 -1
    outer loop
      vertex 69.4142 37.1458 0
      vertex 83.3877 64.5218 0
      vertex 69.6667 36.9944 0
    endloop
  endfacet
  facet normal 0 0 -1
    outer loop
      vertex 85.5923 6.15683 0
      vertex 90 0 0
      vertex 85.6 6 0
    endloop
  endfacet
  facet normal 0 0 -1
    outer loop
      vertex 90 0 0
      vertex 85.5923 5.84317 0
      vertex 85.6 6 0
    endloop
  endfacet
  facet normal 0 0 -1
    outer loop
      vertex 90 0 0
      vertex 85.5693 5.68785 0
      vertex 85.5923 5.84317 0
    endloop
  endfacet
  facet normal 0 0 -1
    outer loop
      vertex 90 0 0
      vertex 85.5311 5.53554 0
      vertex 85.5693 5.68785 0
    endloop
  endfacet
  facet normal 0 0 -1
    outer loop
      vertex 90 0 0
      vertex 85.4782 5.38771 0
      vertex 85.5311 5.53554 0
    endloop
  endfacet
  facet normal 0 0 -1
    outer loop
      vertex 90 0 0
      vertex 85.4111 5.24576 0
      vertex 85.4782 5.38771 0
    endloop
  endfacet
  facet normal 0 0 -1
    outer loop
      vertex 90 0 0
      vertex 85.3304 5.11109 0
      vertex 85.4111 5.24576 0
    endloop
  endfacet
  facet normal 0 0 -1
    outer loop
      vertex 90 0 0
      vertex 85.2368 4.98497 0
      vertex 85.3304 5.11109 0
    endloop
  endfacet
  facet normal 0 0 -1
    outer loop
      vertex 90 0 0
      vertex 85.1314 4.86863 0
      vertex 85.2368 4.98497 0
    endloop
  endfacet
  facet normal 0 0 -1
    outer loop
      vertex 90 0 0
      vertex 85.015 4.76318 0
      vertex 85.1314 4.86863 0
    endloop
  endfacet
  facet normal 0 0 -1
    outer loop
      vertex 90 0 0
      vertex 84.8889 4.66965 0
      vertex 85.015 4.76318 0
    endloop
  endfacet
  facet normal 0 0 -1
    outer loop
      vertex 90 0 0
      vertex 84.7542 4.58893 0
      vertex 84.8889 4.66965 0
    endloop
  endfacet
  facet normal 0 0 -1
    outer loop
      vertex 90 0 0
      vertex 84.6123 4.52179 0
      vertex 84.7542 4.58893 0
    endloop
  endfacet
  facet normal 0 0 -1
    outer loop
      vertex 90 0 0
      vertex 84.4645 4.46889 0
      vertex 84.6123 4.52179 0
    endloop
  endfacet
  facet normal 0 0 -1
    outer loop
      vertex 90 0 0
      vertex 84.3121 4.43074 0
      vertex 84.4645 4.46889 0
    endloop
  endfacet
  facet normal 0 0 -1
    outer loop
      vertex 90 0 0
      vertex 84.1568 4.4077 0
      vertex 84.3121 4.43074 0
    endloop
  endfacet
  facet normal 0 0 -1
    outer loop
      vertex 90 0 0
      vertex 84 4.4 0
      vertex 84.1568 4.4077 0
    endloop
  endfacet
  facet normal 0 0 -1
    outer loop
      vertex 90 0 0
      vertex 83.8432 4.4077 0
      vertex 84 4.4 0
    endloop
  endfacet
  facet normal 0 0 -1
    outer loop
      vertex 90 0 0
      vertex 83.6879 4.43074 0
      vertex 83.8432 4.4077 0
    endloop
  endfacet
  facet normal 0 0 -1
    outer loop
      vertex 90 0 0
      vertex 83.5355 4.46889 0
      vertex 83.6879 4.43074 0
    endloop
  endfacet
  facet normal 0 0 -1
    outer loop
      vertex 90 0 0
      vertex 83.3877 4.52179 0
      vertex 83.5355 4.46889 0
    endloop
  endfacet
  facet normal 0 0 -1
    outer loop
      vertex 90 0 0
      vertex 83.2458 4.58893 0
      vertex 83.3877 4.52179 0
    endloop
  endfacet
  facet normal 0 0 -1
    outer loop
      vertex 47.4142 3.85424 0
      vertex 83.2458 4.58893 0
      vertex 90 0 0
    endloop
  endfacet
  facet normal -0 0 -1
    outer loop
      vertex 83.3877 64.5218 0
      vertex 69.4142 37.1458 0
      vertex 83.2458 64.5889 0
    endloop
  endfacet
  facet normal 0 0 -1
    outer loop
      vertex 54.5 14.5 0
      vertex 82.4 6 0
      vertex 82.4077 5.84317 0
    endloop
  endfacet
  facet normal 0 0 -1
    outer loop
      vertex 54.5 14.5 0
      vertex 82.4077 5.84317 0
      vertex 82.4307 5.68785 0
    endloop
  endfacet
  facet normal 0 0 -1
    outer loop
      vertex 54.5 14.5 0
      vertex 82.4307 5.68785 0
      vertex 82.4689 5.53554 0
    endloop
  endfacet
  facet normal 0 0 -1
    outer loop
      vertex 48.8708 5.62915 0
      vertex 82.4689 5.53554 0
      vertex 82.5218 5.38771 0
    endloop
  endfacet
  facet normal 0 0 -1
    outer loop
      vertex 84.8889 7.33035 0
      vertex 70.9855 34.2059 0
      vertex 71 34.5 0
    endloop
  endfacet
  facet normal 0 0 -1
    outer loop
      vertex 84.7542 7.41107 0
      vertex 70.9424 33.9147 0
      vertex 70.9855 34.2059 0
    endloop
  endfacet
  facet normal 0 0 -1
    outer loop
      vertex 84.6123 7.47821 0
      vertex 70.8708 33.6291 0
      vertex 70.9424 33.9147 0
    endloop
  endfacet
  facet normal 0 0 -1
    outer loop
      vertex 84.4645 7.5311 0
      vertex 70.7716 33.352 0
      vertex 70.8708 33.6291 0
    endloop
  endfacet
  facet normal 0 0 -1
    outer loop
      vertex 84.3121 7.56926 0
      vertex 70.6458 33.0858 0
      vertex 70.7716 33.352 0
    endloop
  endfacet
  facet normal 0 0 -1
    outer loop
      vertex 84 7.6 0
      vertex 70.4944 32.8333 0
      vertex 70.6458 33.0858 0
    endloop
  endfacet
  facet normal 0 0 -1
    outer loop
      vertex 83.8432 7.59229 0
      vertex 70.319 32.5968 0
      vertex 70.4944 32.8333 0
    endloop
  endfacet
  facet normal 0 0 -1
    outer loop
      vertex 83.6879 7.56926 0
      vertex 70.1213 32.3787 0
      vertex 70.319 32.5968 0
    endloop
  endfacet
  facet normal 0 0 -1
    outer loop
      vertex 83.5355 7.5311 0
      vertex 69.9032 32.181 0
      vertex 70.1213 32.3787 0
    endloop
  endfacet
  facet normal 0 0 -1
    outer loop
      vertex 83.3877 7.47821 0
      vertex 69.6667 32.0056 0
      vertex 69.9032 32.181 0
    endloop
  endfacet
  facet normal 0 0 -1
    outer loop
      vertex 48.7716 5.35195 0
      vertex 82.5218 5.38771 0
      vertex 82.5889 5.24576 0
    endloop
  endfacet
  facet normal 0 0 -1
    outer loop
      vertex 83.2458 7.41107 0
      vertex 69.4142 31.8542 0
      vertex 69.6667 32.0056 0
    endloop
  endfacet
  facet normal 0 0 -1
    outer loop
      vertex 83.1111 7.33035 0
      vertex 69.148 31.7284 0
      vertex 69.4142 31.8542 0
    endloop
  endfacet
  facet normal 0 0 -1
    outer loop
      vertex 82.985 7.23682 0
      vertex 68.8708 31.6292 0
      vertex 69.148 31.7284 0
    endloop
  endfacet
  facet normal 0 0 -1
    outer loop
      vertex 82.8686 7.13137 0
      vertex 68.5853 31.5576 0
      vertex 68.8708 31.6292 0
    endloop
  endfacet
  facet normal 0 0 -1
    outer loop
      vertex 82.7632 7.01503 0
      vertex 68.2941 31.5144 0
      vertex 68.5853 31.5576 0
    endloop
  endfacet
  facet normal 0 0 -1
    outer loop
      vertex 82.6696 6.88891 0
      vertex 54.5 14.5 0
      vertex 68.2941 31.5144 0
    endloop
  endfacet
  facet normal 0 -0 -1
    outer loop
      vertex 59 27.195 0
      vertex 68.2941 31.5144 0
      vertex 54.5 14.5 0
    endloop
  endfacet
  facet normal 0 0 -1
    outer loop
      vertex 68.2941 31.5144 0
      vertex 59 27.195 0
      vertex 68 31.5 0
    endloop
  endfacet
  facet normal -0 0 -1
    outer loop
      vertex 68 31.5 0
      vertex 59 27.195 0
      vertex 67.7059 31.5144 0
    endloop
  endfacet
  facet normal -0 0 -1
    outer loop
      vertex 67.4147 31.5576 0
      vertex 59 27.195 0
      vertex 67.1291 31.6292 0
    endloop
  endfacet
  facet normal -0 0 -1
    outer loop
      vertex 67.1291 31.6292 0
      vertex 59 27.195 0
      vertex 66.852 31.7284 0
    endloop
  endfacet
  facet normal 0 0 -1
    outer loop
      vertex 48.6458 5.08581 0
      vertex 82.5889 5.24576 0
      vertex 82.6696 5.11109 0
    endloop
  endfacet
  facet normal -0 0 -1
    outer loop
      vertex 66.852 31.7284 0
      vertex 59 27.195 0
      vertex 66.5858 31.8542 0
    endloop
  endfacet
  facet normal -0 0 -1
    outer loop
      vertex 66.5858 31.8542 0
      vertex 59 27.195 0
      vertex 66.3333 32.0056 0
    endloop
  endfacet
  facet normal -0 0 -1
    outer loop
      vertex 66.3333 32.0056 0
      vertex 59 27.195 0
      vertex 66.0968 32.181 0
    endloop
  endfacet
  facet normal -0 0 -1
    outer loop
      vertex 66.0968 32.181 0
      vertex 59 27.195 0
      vertex 65.8787 32.3787 0
    endloop
  endfacet
  facet normal -0 0 -1
    outer loop
      vertex 65.8787 32.3787 0
      vertex 59 27.195 0
      vertex 65.681 32.5968 0
    endloop
  endfacet
  facet normal -0 0 -1
    outer loop
      vertex 65.0144 34.2059 0
      vertex 59 27.195 0
      vertex 65 34.5 0
    endloop
  endfacet
  facet normal -0 0 -1
    outer loop
      vertex 65.0576 33.9147 0
      vertex 59 27.195 0
      vertex 65.0144 34.2059 0
    endloop
  endfacet
  facet normal -0 0 -1
    outer loop
      vertex 65.1292 33.6291 0
      vertex 59 27.195 0
      vertex 65.0576 33.9147 0
    endloop
  endfacet
  facet normal -0 0 -1
    outer loop
      vertex 65.2284 33.352 0
      vertex 59 27.195 0
      vertex 65.1292 33.6291 0
    endloop
  endfacet
  facet normal -0 0 -1
    outer loop
      vertex 65.3542 33.0858 0
      vertex 59 27.195 0
      vertex 65.2284 33.352 0
    endloop
  endfacet
  facet normal -0 0 -1
    outer loop
      vertex 65.5056 32.8333 0
      vertex 59 27.195 0
      vertex 65.3542 33.0858 0
    endloop
  endfacet
  facet normal -0 0 -1
    outer loop
      vertex 65.681 32.5968 0
      vertex 59 27.195 0
      vertex 65.5056 32.8333 0
    endloop
  endfacet
  facet normal 0 0 -1
    outer loop
      vertex 48.4944 4.83329 0
      vertex 82.6696 5.11109 0
      vertex 82.7632 4.98497 0
    endloop
  endfacet
  facet normal 0 0 -1
    outer loop
      vertex 48.319 4.59682 0
      vertex 82.7632 4.98497 0
      vertex 82.8686 4.86863 0
    endloop
  endfacet
  facet normal -0 0 -1
    outer loop
      vertex 67.7059 31.5144 0
      vertex 59 27.195 0
      vertex 67.4147 31.5576 0
    endloop
  endfacet
  facet normal 0 0 -1
    outer loop
      vertex 48.1213 4.37868 0
      vertex 82.8686 4.86863 0
      vertex 82.985 4.76318 0
    endloop
  endfacet
  facet normal 0 0 -1
    outer loop
      vertex 47.9032 4.18097 0
      vertex 82.985 4.76318 0
      vertex 83.1111 4.66965 0
    endloop
  endfacet
  facet normal 0 -0 -1
    outer loop
      vertex 47.6667 4.00559 0
      vertex 83.2458 4.58893 0
      vertex 47.4142 3.85424 0
    endloop
  endfacet
  facet normal 0 0 -1
    outer loop
      vertex 82.4689 5.53554 0
      vertex 48.8708 5.62915 0
      vertex 54.5 14.5 0
    endloop
  endfacet
  facet normal 0 0 -1
    outer loop
      vertex 54.5 14.5 0
      vertex 48.9856 6.20595 0
      vertex 49 6.5 0
    endloop
  endfacet
  facet normal 0 0 -1
    outer loop
      vertex 54.5 14.5 0
      vertex 48.9424 5.91473 0
      vertex 48.9856 6.20595 0
    endloop
  endfacet
  facet normal 0 0 -1
    outer loop
      vertex 54.5 14.5 0
      vertex 48.8708 5.62915 0
      vertex 48.9424 5.91473 0
    endloop
  endfacet
  facet normal -0 0 -1
    outer loop
      vertex 82.5218 5.38771 0
      vertex 48.7716 5.35195 0
      vertex 48.8708 5.62915 0
    endloop
  endfacet
  facet normal -0 0 -1
    outer loop
      vertex 82.5889 5.24576 0
      vertex 48.6458 5.08581 0
      vertex 48.7716 5.35195 0
    endloop
  endfacet
  facet normal 0 0 -1
    outer loop
      vertex 82.6696 5.11109 0
      vertex 48.4944 4.83329 0
      vertex 48.6458 5.08581 0
    endloop
  endfacet
  facet normal 0 0 -1
    outer loop
      vertex 82.7632 4.98497 0
      vertex 48.319 4.59682 0
      vertex 48.4944 4.83329 0
    endloop
  endfacet
  facet normal 0 0 -1
    outer loop
      vertex 82.8686 4.86863 0
      vertex 48.1213 4.37868 0
      vertex 48.319 4.59682 0
    endloop
  endfacet
  facet normal 0 0 -1
    outer loop
      vertex 82.985 4.76318 0
      vertex 47.9032 4.18097 0
      vertex 48.1213 4.37868 0
    endloop
  endfacet
  facet normal 0 0 -1
    outer loop
      vertex 83.1111 4.66965 0
      vertex 47.6667 4.00559 0
      vertex 47.9032 4.18097 0
    endloop
  endfacet
  facet normal -0 0 -1
    outer loop
      vertex 83.2458 4.58893 0
      vertex 47.6667 4.00559 0
      vertex 83.1111 4.66965 0
    endloop
  endfacet
  facet normal 0 0 -1
    outer loop
      vertex 90 0 0
      vertex 47.148 3.72836 0
      vertex 47.4142 3.85424 0
    endloop
  endfacet
  facet normal 0 0 -1
    outer loop
      vertex 90 0 0
      vertex 46.8709 3.62918 0
      vertex 47.148 3.72836 0
    endloop
  endfacet
  facet normal 0 0 -1
    outer loop
      vertex 90 0 0
      vertex 46.5853 3.55764 0
      vertex 46.8709 3.62918 0
    endloop
  endfacet
  facet normal 0 0 -1
    outer loop
      vertex 90 0 0
      vertex 46.2941 3.51445 0
      vertex 46.5853 3.55764 0
    endloop
  endfacet
  facet normal 0 0 -1
    outer loop
      vertex 90 0 0
      vertex 46 3.5 0
      vertex 46.2941 3.51445 0
    endloop
  endfacet
  facet normal 0 0 -1
    outer loop
      vertex 0 0 0
      vertex 46 3.5 0
      vertex 90 0 0
    endloop
  endfacet
  facet normal 0 0 -1
    outer loop
      vertex 43.0144 6.20595 0
      vertex 40.5 14.5 0
      vertex 43 6.5 0
    endloop
  endfacet
  facet normal 0 0 -1
    outer loop
      vertex 7.59229 5.84317 0
      vertex 43.0144 6.20595 0
      vertex 43.0576 5.91473 0
    endloop
  endfacet
  facet normal 0 0 -1
    outer loop
      vertex 7.56926 5.68785 0
      vertex 43.0576 5.91473 0
      vertex 43.1292 5.62915 0
    endloop
  endfacet
  facet normal 0 0 -1
    outer loop
      vertex 40.5 14.5 0
      vertex 37 27.195 0
      vertex 40.5 24.5 0
    endloop
  endfacet
  facet normal 0 0 -1
    outer loop
      vertex 17.4856 34.2941 0
      vertex 37 27.195 0
      vertex 17.5 34 0
    endloop
  endfacet
  facet normal 0 0 -1
    outer loop
      vertex 15.9142 31.3542 0
      vertex 37 27.195 0
      vertex 40.5 14.5 0
    endloop
  endfacet
  facet normal -0 0 -1
    outer loop
      vertex 43.0144 6.20595 0
      vertex 7.6 6 0
      vertex 40.5 14.5 0
    endloop
  endfacet
  facet normal 0 0 -1
    outer loop
      vertex 7.5311 5.53554 0
      vertex 43.1292 5.62915 0
      vertex 43.2284 5.35195 0
    endloop
  endfacet
  facet normal 0 0 -1
    outer loop
      vertex 7.47821 5.38771 0
      vertex 43.2284 5.35195 0
      vertex 43.3542 5.08581 0
    endloop
  endfacet
  facet normal 0 0 -1
    outer loop
      vertex 7.33035 5.11109 0
      vertex 43.3542 5.08581 0
      vertex 43.5056 4.83329 0
    endloop
  endfacet
  facet normal 0 0 -1
    outer loop
      vertex 7.23682 4.98497 0
      vertex 43.5056 4.83329 0
      vertex 43.681 4.59682 0
    endloop
  endfacet
  facet normal 0 0 -1
    outer loop
      vertex 37 27.195 0
      vertex 17.4856 33.7059 0
      vertex 17.5 34 0
    endloop
  endfacet
  facet normal 0 0 -1
    outer loop
      vertex 37 27.195 0
      vertex 17.4424 33.4147 0
      vertex 17.4856 33.7059 0
    endloop
  endfacet
  facet normal 0 0 -1
    outer loop
      vertex 7.13137 4.86863 0
      vertex 43.681 4.59682 0
      vertex 43.8787 4.37868 0
    endloop
  endfacet
  facet normal 0 0 -1
    outer loop
      vertex 37 27.195 0
      vertex 17.3708 33.1291 0
      vertex 17.4424 33.4147 0
    endloop
  endfacet
  facet normal 0 0 -1
    outer loop
      vertex 37 27.195 0
      vertex 17.2716 32.852 0
      vertex 17.3708 33.1291 0
    endloop
  endfacet
  facet normal 0 0 -1
    outer loop
      vertex 37 27.195 0
      vertex 17.1458 32.5858 0
      vertex 17.2716 32.852 0
    endloop
  endfacet
  facet normal 0 0 -1
    outer loop
      vertex 37 27.195 0
      vertex 16.9944 32.3333 0
      vertex 17.1458 32.5858 0
    endloop
  endfacet
  facet normal 0 0 -1
    outer loop
      vertex 37 27.195 0
      vertex 16.819 32.0968 0
      vertex 16.9944 32.3333 0
    endloop
  endfacet
  facet normal 0 0 -1
    outer loop
      vertex 37 27.195 0
      vertex 16.6213 31.8787 0
      vertex 16.819 32.0968 0
    endloop
  endfacet
  facet normal 0 0 -1
    outer loop
      vertex 37 27.195 0
      vertex 16.4032 31.681 0
      vertex 16.6213 31.8787 0
    endloop
  endfacet
  facet normal 0 0 -1
    outer loop
      vertex 37 27.195 0
      vertex 16.1667 31.5056 0
      vertex 16.4032 31.681 0
    endloop
  endfacet
  facet normal 0 0 -1
    outer loop
      vertex 37 27.195 0
      vertex 15.9142 31.3542 0
      vertex 16.1667 31.5056 0
    endloop
  endfacet
  facet normal 0 0 -1
    outer loop
      vertex 7.59229 6.15683 0
      vertex 40.5 14.5 0
      vertex 7.6 6 0
    endloop
  endfacet
  facet normal 0 0 -1
    outer loop
      vertex 40.5 14.5 0
      vertex 15.648 31.2284 0
      vertex 15.9142 31.3542 0
    endloop
  endfacet
  facet normal 0 0 -1
    outer loop
      vertex 7.56926 6.31214 0
      vertex 40.5 14.5 0
      vertex 7.59229 6.15683 0
    endloop
  endfacet
  facet normal 0 0 -1
    outer loop
      vertex 7.5311 6.46445 0
      vertex 40.5 14.5 0
      vertex 7.56926 6.31214 0
    endloop
  endfacet
  facet normal 0 0 -1
    outer loop
      vertex 7.47821 6.61229 0
      vertex 40.5 14.5 0
      vertex 7.5311 6.46445 0
    endloop
  endfacet
  facet normal 0 0 -1
    outer loop
      vertex 7.01503 4.76318 0
      vertex 43.8787 4.37868 0
      vertex 44.0968 4.18097 0
    endloop
  endfacet
  facet normal 0 0 -1
    outer loop
      vertex 7.41107 6.75423 0
      vertex 40.5 14.5 0
      vertex 7.47821 6.61229 0
    endloop
  endfacet
  facet normal -0 0 -1
    outer loop
      vertex 40.5 14.5 0
      vertex 7.41107 6.75423 0
      vertex 15.648 31.2284 0
    endloop
  endfacet
  facet normal 0 0 -1
    outer loop
      vertex 7.33035 6.88891 0
      vertex 15.648 31.2284 0
      vertex 7.41107 6.75423 0
    endloop
  endfacet
  facet normal 0 0 -1
    outer loop
      vertex 15.648 31.2284 0
      vertex 7.33035 6.88891 0
      vertex 15.3709 31.1292 0
    endloop
  endfacet
  facet normal 0 0 -1
    outer loop
      vertex 7.23682 7.01503 0
      vertex 15.3709 31.1292 0
      vertex 7.33035 6.88891 0
    endloop
  endfacet
  facet normal 0 0 -1
    outer loop
      vertex 15.3709 31.1292 0
      vertex 7.23682 7.01503 0
      vertex 15.0853 31.0576 0
    endloop
  endfacet
  facet normal 0 0 -1
    outer loop
      vertex 7.13137 7.13137 0
      vertex 15.0853 31.0576 0
      vertex 7.23682 7.01503 0
    endloop
  endfacet
  facet normal 0 0 -1
    outer loop
      vertex 6.46445 7.5311 0
      vertex 13.6291 31.1292 0
      vertex 6.61229 7.47821 0
    endloop
  endfacet
  facet normal -0 0 -1
    outer loop
      vertex 13.9147 31.0576 0
      vertex 6.61229 7.47821 0
      vertex 13.6291 31.1292 0
    endloop
  endfacet
  facet normal 0 0 -1
    outer loop
      vertex 6.61229 7.47821 0
      vertex 13.9147 31.0576 0
      vertex 6.75423 7.41107 0
    endloop
  endfacet
  facet normal -0 0 -1
    outer loop
      vertex 14.2059 31.0144 0
      vertex 6.75423 7.41107 0
      vertex 13.9147 31.0576 0
    endloop
  endfacet
  facet normal 0 0 -1
    outer loop
      vertex 6.75423 7.41107 0
      vertex 14.2059 31.0144 0
      vertex 6.88891 7.33035 0
    endloop
  endfacet
  facet normal -0 0 -1
    outer loop
      vertex 14.5 31 0
      vertex 6.88891 7.33035 0
      vertex 14.2059 31.0144 0
    endloop
  endfacet
  facet normal 0 0 -1
    outer loop
      vertex 6.88891 7.33035 0
      vertex 14.5 31 0
      vertex 7.01503 7.23682 0
    endloop
  endfacet
  facet normal 0 0 -1
    outer loop
      vertex 14.7941 31.0144 0
      vertex 7.01503 7.23682 0
      vertex 14.5 31 0
    endloop
  endfacet
  facet normal 0 0 -1
    outer loop
      vertex 7.01503 7.23682 0
      vertex 14.7941 31.0144 0
      vertex 7.13137 7.13137 0
    endloop
  endfacet
  facet normal 0 0 -1
    outer loop
      vertex 15.0853 31.0576 0
      vertex 7.13137 7.13137 0
      vertex 14.7941 31.0144 0
    endloop
  endfacet
  facet normal 0 0 -1
    outer loop
      vertex 6.88891 4.66965 0
      vertex 44.0968 4.18097 0
      vertex 44.3333 4.00559 0
    endloop
  endfacet
  facet normal 0 0 -1
    outer loop
      vertex 6.75423 4.58893 0
      vertex 44.3333 4.00559 0
      vertex 44.5858 3.85424 0
    endloop
  endfacet
  facet normal 0 0 -1
    outer loop
      vertex 0 0 0
      vertex 44.5858 3.85424 0
      vertex 44.852 3.72836 0
    endloop
  endfacet
  facet normal 0 0 -1
    outer loop
      vertex 0 0 0
      vertex 44.852 3.72836 0
      vertex 45.1291 3.62918 0
    endloop
  endfacet
  facet normal 0 0 -1
    outer loop
      vertex 0 0 0
      vertex 45.1291 3.62918 0
      vertex 45.4147 3.55764 0
    endloop
  endfacet
  facet normal 0 0 -1
    outer loop
      vertex 0 0 0
      vertex 45.4147 3.55764 0
      vertex 45.7059 3.51445 0
    endloop
  endfacet
  facet normal -0 0 -1
    outer loop
      vertex 46 3.5 0
      vertex 0 0 0
      vertex 45.7059 3.51445 0
    endloop
  endfacet
  facet normal 0 0 -1
    outer loop
      vertex 43.0144 6.20595 0
      vertex 7.59229 5.84317 0
      vertex 7.6 6 0
    endloop
  endfacet
  facet normal 0 0 -1
    outer loop
      vertex 43.0576 5.91473 0
      vertex 7.56926 5.68785 0
      vertex 7.59229 5.84317 0
    endloop
  endfacet
  facet normal -0 0 -1
    outer loop
      vertex 43.1292 5.62915 0
      vertex 7.5311 5.53554 0
      vertex 7.56926 5.68785 0
    endloop
  endfacet
  facet normal 0 0 -1
    outer loop
      vertex 43.2284 5.35195 0
      vertex 7.47821 5.38771 0
      vertex 7.5311 5.53554 0
    endloop
  endfacet
  facet normal 0 0 -1
    outer loop
      vertex 43.3542 5.08581 0
      vertex 7.41107 5.24576 0
      vertex 7.47821 5.38771 0
    endloop
  endfacet
  facet normal 0 0 -1
    outer loop
      vertex 43.3542 5.08581 0
      vertex 7.33035 5.11109 0
      vertex 7.41107 5.24576 0
    endloop
  endfacet
  facet normal 0 0 -1
    outer loop
      vertex 43.5056 4.83329 0
      vertex 7.23682 4.98497 0
      vertex 7.33035 5.11109 0
    endloop
  endfacet
  facet normal 0 0 -1
    outer loop
      vertex 43.681 4.59682 0
      vertex 7.13137 4.86863 0
      vertex 7.23682 4.98497 0
    endloop
  endfacet
  facet normal 0 0 -1
    outer loop
      vertex 43.8787 4.37868 0
      vertex 7.01503 4.76318 0
      vertex 7.13137 4.86863 0
    endloop
  endfacet
  facet normal 0 0 -1
    outer loop
      vertex 44.0968 4.18097 0
      vertex 6.88891 4.66965 0
      vertex 7.01503 4.76318 0
    endloop
  endfacet
  facet normal 0 0 -1
    outer loop
      vertex 44.3333 4.00559 0
      vertex 6.75423 4.58893 0
      vertex 6.88891 4.66965 0
    endloop
  endfacet
  facet normal -0 0 -1
    outer loop
      vertex 44.5858 3.85424 0
      vertex 0 0 0
      vertex 6.75423 4.58893 0
    endloop
  endfacet
  facet normal 0 0 -1
    outer loop
      vertex 6.75423 4.58893 0
      vertex 0 0 0
      vertex 6.61229 4.52179 0
    endloop
  endfacet
  facet normal 0 0 -1
    outer loop
      vertex 6.61229 4.52179 0
      vertex 0 0 0
      vertex 6.46445 4.46889 0
    endloop
  endfacet
  facet normal 0 0 -1
    outer loop
      vertex 6.46445 4.46889 0
      vertex 0 0 0
      vertex 6.31214 4.43074 0
    endloop
  endfacet
  facet normal 0 0 -1
    outer loop
      vertex 6.31214 4.43074 0
      vertex 0 0 0
      vertex 6.15683 4.4077 0
    endloop
  endfacet
  facet normal 0 0 -1
    outer loop
      vertex 6.15683 4.4077 0
      vertex 0 0 0
      vertex 6 4.4 0
    endloop
  endfacet
  facet normal 0 0 -1
    outer loop
      vertex 4.43074 65.6879 0
      vertex 0 72 0
      vertex 4.4077 65.8432 0
    endloop
  endfacet
  facet normal -0 0 -1
    outer loop
      vertex 4.4077 5.84317 0
      vertex 0 0 0
      vertex 4.4 6 0
    endloop
  endfacet
  facet normal -0 0 -1
    outer loop
      vertex 4.43074 5.68785 0
      vertex 0 0 0
      vertex 4.4077 5.84317 0
    endloop
  endfacet
  facet normal -0 0 -1
    outer loop
      vertex 4.46889 5.53554 0
      vertex 0 0 0
      vertex 4.43074 5.68785 0
    endloop
  endfacet
  facet normal -0 0 -1
    outer loop
      vertex 4.52179 5.38771 0
      vertex 0 0 0
      vertex 4.46889 5.53554 0
    endloop
  endfacet
  facet normal -0 0 -1
    outer loop
      vertex 4.58893 5.24576 0
      vertex 0 0 0
      vertex 4.52179 5.38771 0
    endloop
  endfacet
  facet normal -0 0 -1
    outer loop
      vertex 4.66965 5.11109 0
      vertex 0 0 0
      vertex 4.58893 5.24576 0
    endloop
  endfacet
  facet normal -0 0 -1
    outer loop
      vertex 4.76318 4.98497 0
      vertex 0 0 0
      vertex 4.66965 5.11109 0
    endloop
  endfacet
  facet normal -0 0 -1
    outer loop
      vertex 4.86863 4.86863 0
      vertex 0 0 0
      vertex 4.76318 4.98497 0
    endloop
  endfacet
  facet normal -0 0 -1
    outer loop
      vertex 4.98497 4.76318 0
      vertex 0 0 0
      vertex 4.86863 4.86863 0
    endloop
  endfacet
  facet normal -0 0 -1
    outer loop
      vertex 5.11109 4.66965 0
      vertex 0 0 0
      vertex 4.98497 4.76318 0
    endloop
  endfacet
  facet normal -0 0 -1
    outer loop
      vertex 5.24576 4.58893 0
      vertex 0 0 0
      vertex 5.11109 4.66965 0
    endloop
  endfacet
  facet normal -0 0 -1
    outer loop
      vertex 5.38771 4.52179 0
      vertex 0 0 0
      vertex 5.24576 4.58893 0
    endloop
  endfacet
  facet normal -0 0 -1
    outer loop
      vertex 5.53554 4.46889 0
      vertex 0 0 0
      vertex 5.38771 4.52179 0
    endloop
  endfacet
  facet normal -0 0 -1
    outer loop
      vertex 5.68785 4.43074 0
      vertex 0 0 0
      vertex 5.53554 4.46889 0
    endloop
  endfacet
  facet normal -0 0 -1
    outer loop
      vertex 5.84317 4.4077 0
      vertex 0 0 0
      vertex 5.68785 4.43074 0
    endloop
  endfacet
  facet normal -0 0 -1
    outer loop
      vertex 6 4.4 0
      vertex 0 0 0
      vertex 5.84317 4.4077 0
    endloop
  endfacet
  facet normal 0 0 -1
    outer loop
      vertex 85.5693 6.31214 0
      vertex 90 0 0
      vertex 85.5923 6.15683 0
    endloop
  endfacet
  facet normal 0 0 -1
    outer loop
      vertex 85.5923 66.1568 0
      vertex 90 72 0
      vertex 85.6 66 0
    endloop
  endfacet
  facet normal 0 0 -1
    outer loop
      vertex 85.5693 66.3121 0
      vertex 90 72 0
      vertex 85.5923 66.1568 0
    endloop
  endfacet
  facet normal 0 0 -1
    outer loop
      vertex 85.5311 66.4645 0
      vertex 90 72 0
      vertex 85.5693 66.3121 0
    endloop
  endfacet
  facet normal 0 0 -1
    outer loop
      vertex 85.4782 66.6123 0
      vertex 90 72 0
      vertex 85.5311 66.4645 0
    endloop
  endfacet
  facet normal 0 0 -1
    outer loop
      vertex 85.4111 66.7542 0
      vertex 90 72 0
      vertex 85.4782 66.6123 0
    endloop
  endfacet
  facet normal 0 0 -1
    outer loop
      vertex 85.3304 66.8889 0
      vertex 90 72 0
      vertex 85.4111 66.7542 0
    endloop
  endfacet
  facet normal 0 0 -1
    outer loop
      vertex 85.2368 67.015 0
      vertex 90 72 0
      vertex 85.3304 66.8889 0
    endloop
  endfacet
  facet normal 0 0 -1
    outer loop
      vertex 85.1314 67.1314 0
      vertex 90 72 0
      vertex 85.2368 67.015 0
    endloop
  endfacet
  facet normal 0 0 -1
    outer loop
      vertex 85.015 67.2368 0
      vertex 90 72 0
      vertex 85.1314 67.1314 0
    endloop
  endfacet
  facet normal 0 0 -1
    outer loop
      vertex 84.8889 67.3304 0
      vertex 90 72 0
      vertex 85.015 67.2368 0
    endloop
  endfacet
  facet normal 0 0 -1
    outer loop
      vertex 84.7542 67.4111 0
      vertex 90 72 0
      vertex 84.8889 67.3304 0
    endloop
  endfacet
  facet normal 0 0 -1
    outer loop
      vertex 84.6123 67.4782 0
      vertex 90 72 0
      vertex 84.7542 67.4111 0
    endloop
  endfacet
  facet normal 0 0 -1
    outer loop
      vertex 84.4645 67.5311 0
      vertex 90 72 0
      vertex 84.6123 67.4782 0
    endloop
  endfacet
  facet normal 0 0 -1
    outer loop
      vertex 84.3121 67.5693 0
      vertex 90 72 0
      vertex 84.4645 67.5311 0
    endloop
  endfacet
  facet normal 0 0 -1
    outer loop
      vertex 84.1568 67.5923 0
      vertex 90 72 0
      vertex 84.3121 67.5693 0
    endloop
  endfacet
  facet normal 0 0 -1
    outer loop
      vertex 84 67.6 0
      vertex 90 72 0
      vertex 84.1568 67.5923 0
    endloop
  endfacet
  facet normal 0 0 -1
    outer loop
      vertex 83.8432 67.5923 0
      vertex 90 72 0
      vertex 84 67.6 0
    endloop
  endfacet
  facet normal 0 0 -1
    outer loop
      vertex 83.6879 67.5693 0
      vertex 90 72 0
      vertex 83.8432 67.5923 0
    endloop
  endfacet
  facet normal 0 0 -1
    outer loop
      vertex 83.5355 67.5311 0
      vertex 90 72 0
      vertex 83.6879 67.5693 0
    endloop
  endfacet
  facet normal 0 0 -1
    outer loop
      vertex 83.3877 67.4782 0
      vertex 90 72 0
      vertex 83.5355 67.5311 0
    endloop
  endfacet
  facet normal 0 0 -1
    outer loop
      vertex 83.2458 67.4111 0
      vertex 90 72 0
      vertex 83.3877 67.4782 0
    endloop
  endfacet
  facet normal 0 0 -1
    outer loop
      vertex 83.1111 67.3304 0
      vertex 90 72 0
      vertex 83.2458 67.4111 0
    endloop
  endfacet
  facet normal 0 0 -1
    outer loop
      vertex 69.148 37.2716 0
      vertex 83.2458 64.5889 0
      vertex 69.4142 37.1458 0
    endloop
  endfacet
  facet normal -0 0 -1
    outer loop
      vertex 83.2458 64.5889 0
      vertex 69.148 37.2716 0
      vertex 83.1111 64.6696 0
    endloop
  endfacet
  facet normal 0 0 -1
    outer loop
      vertex 68.8708 37.3708 0
      vertex 83.1111 64.6696 0
      vertex 69.148 37.2716 0
    endloop
  endfacet
  facet normal -0 0 -1
    outer loop
      vertex 83.1111 64.6696 0
      vertex 68.8708 37.3708 0
      vertex 82.985 64.7632 0
    endloop
  endfacet
  facet normal 0 0 -1
    outer loop
      vertex 68.5853 37.4424 0
      vertex 82.985 64.7632 0
      vertex 68.8708 37.3708 0
    endloop
  endfacet
  facet normal -0 0 -1
    outer loop
      vertex 82.985 64.7632 0
      vertex 68.5853 37.4424 0
      vertex 82.8686 64.8686 0
    endloop
  endfacet
  facet normal 0 0 -1
    outer loop
      vertex 59 44.195 0
      vertex 82.8686 64.8686 0
      vertex 68.5853 37.4424 0
    endloop
  endfacet
  facet normal -0 0 -1
    outer loop
      vertex 82.8686 64.8686 0
      vertex 59 44.195 0
      vertex 82.7632 64.985 0
    endloop
  endfacet
  facet normal -0 0 -1
    outer loop
      vertex 82.7632 64.985 0
      vertex 59 44.195 0
      vertex 82.6696 65.1111 0
    endloop
  endfacet
  facet normal -0 0 -1
    outer loop
      vertex 82.6696 65.1111 0
      vertex 59 44.195 0
      vertex 82.5889 65.2458 0
    endloop
  endfacet
  facet normal -0 0 -1
    outer loop
      vertex 82.5889 65.2458 0
      vertex 59 44.195 0
      vertex 82.5218 65.3877 0
    endloop
  endfacet
  facet normal -0 0 -1
    outer loop
      vertex 82.5218 65.3877 0
      vertex 59 44.195 0
      vertex 82.4689 65.5355 0
    endloop
  endfacet
  facet normal -0 0 -1
    outer loop
      vertex 82.4689 65.5355 0
      vertex 59 44.195 0
      vertex 82.4307 65.6879 0
    endloop
  endfacet
  facet normal -0 0 -1
    outer loop
      vertex 82.4307 65.6879 0
      vertex 59 44.195 0
      vertex 82.4077 65.8432 0
    endloop
  endfacet
  facet normal -0 0 -1
    outer loop
      vertex 82.4077 65.8432 0
      vertex 59 44.195 0
      vertex 82.4 66 0
    endloop
  endfacet
  facet normal -0 0 -1
    outer loop
      vertex 82.4 66 0
      vertex 59 44.195 0
      vertex 82.4077 66.1568 0
    endloop
  endfacet
  facet normal -0 0 -1
    outer loop
      vertex 82.4077 66.1568 0
      vertex 59 44.195 0
      vertex 82.4307 66.3121 0
    endloop
  endfacet
  facet normal -0 0 -1
    outer loop
      vertex 82.4307 66.3121 0
      vertex 59 44.195 0
      vertex 82.4689 66.4645 0
    endloop
  endfacet
  facet normal -0 0 -1
    outer loop
      vertex 82.4689 66.4645 0
      vertex 59 44.195 0
      vertex 82.5218 66.6123 0
    endloop
  endfacet
  facet normal 0 0 -1
    outer loop
      vertex 59 44.195 0
      vertex 68.5853 37.4424 0
      vertex 68.2941 37.4856 0
    endloop
  endfacet
  facet normal 0 0 -1
    outer loop
      vertex 59 44.195 0
      vertex 68.2941 37.4856 0
      vertex 68 37.5 0
    endloop
  endfacet
  facet normal 0 0 -1
    outer loop
      vertex 59 44.195 0
      vertex 68 37.5 0
      vertex 67.7059 37.4856 0
    endloop
  endfacet
  facet normal 0 0 -1
    outer loop
      vertex 59 44.195 0
      vertex 67.7059 37.4856 0
      vertex 67.4147 37.4424 0
    endloop
  endfacet
  facet normal 0 0 -1
    outer loop
      vertex 59 44.195 0
      vertex 67.4147 37.4424 0
      vertex 67.1291 37.3708 0
    endloop
  endfacet
  facet normal 0 0 -1
    outer loop
      vertex 59 44.195 0
      vertex 67.1291 37.3708 0
      vertex 66.852 37.2716 0
    endloop
  endfacet
  facet normal 0 0 -1
    outer loop
      vertex 59 44.195 0
      vertex 66.852 37.2716 0
      vertex 66.5858 37.1458 0
    endloop
  endfacet
  facet normal 0 0 -1
    outer loop
      vertex 59 44.195 0
      vertex 66.5858 37.1458 0
      vertex 66.3333 36.9944 0
    endloop
  endfacet
  facet normal 0 0 -1
    outer loop
      vertex 59 44.195 0
      vertex 66.3333 36.9944 0
      vertex 66.0968 36.819 0
    endloop
  endfacet
  facet normal 0 0 -1
    outer loop
      vertex 59 44.195 0
      vertex 66.0968 36.819 0
      vertex 65.8787 36.6213 0
    endloop
  endfacet
  facet normal 0 0 -1
    outer loop
      vertex 59 44.195 0
      vertex 65.8787 36.6213 0
      vertex 65.681 36.4032 0
    endloop
  endfacet
  facet normal 0 0 -1
    outer loop
      vertex 59 44.195 0
      vertex 65.681 36.4032 0
      vertex 65.5056 36.1667 0
    endloop
  endfacet
  facet normal 0 0 -1
    outer loop
      vertex 59 44.195 0
      vertex 65.5056 36.1667 0
      vertex 65.3542 35.9142 0
    endloop
  endfacet
  facet normal 0 0 -1
    outer loop
      vertex 59 27.195 0
      vertex 65.0144 34.7941 0
      vertex 65 34.5 0
    endloop
  endfacet
  facet normal 0 0 -1
    outer loop
      vertex 59 44.195 0
      vertex 65.0144 34.7941 0
      vertex 59 27.195 0
    endloop
  endfacet
  facet normal 0 0 -1
    outer loop
      vertex 65.0144 34.7941 0
      vertex 59 44.195 0
      vertex 65.0576 35.0853 0
    endloop
  endfacet
  facet normal 0 0 -1
    outer loop
      vertex 65.0576 35.0853 0
      vertex 59 44.195 0
      vertex 65.1292 35.3709 0
    endloop
  endfacet
  facet normal 0 0 -1
    outer loop
      vertex 65.1292 35.3709 0
      vertex 59 44.195 0
      vertex 65.2284 35.648 0
    endloop
  endfacet
  facet normal 0 0 -1
    outer loop
      vertex 65.2284 35.648 0
      vertex 59 44.195 0
      vertex 65.3542 35.9142 0
    endloop
  endfacet
  facet normal 0 0 -1
    outer loop
      vertex 37 44.195 0
      vertex 82.5218 66.6123 0
      vertex 59 44.195 0
    endloop
  endfacet
  facet normal -0 0 -1
    outer loop
      vertex 82.5218 66.6123 0
      vertex 37 44.195 0
      vertex 82.5889 66.7542 0
    endloop
  endfacet
  facet normal 0 0 -1
    outer loop
      vertex 7.41107 66.7542 0
      vertex 82.5889 66.7542 0
      vertex 37 44.195 0
    endloop
  endfacet
  facet normal 0 0 -1
    outer loop
      vertex 82.5889 66.7542 0
      vertex 7.41107 66.7542 0
      vertex 82.6696 66.8889 0
    endloop
  endfacet
  facet normal 0 0 -1
    outer loop
      vertex 7.33035 66.8889 0
      vertex 82.6696 66.8889 0
      vertex 7.41107 66.7542 0
    endloop
  endfacet
  facet normal 0 0 -1
    outer loop
      vertex 82.6696 66.8889 0
      vertex 7.33035 66.8889 0
      vertex 82.7632 67.015 0
    endloop
  endfacet
  facet normal 0 0 -1
    outer loop
      vertex 7.23682 67.015 0
      vertex 82.7632 67.015 0
      vertex 7.33035 66.8889 0
    endloop
  endfacet
  facet normal 0 0 -1
    outer loop
      vertex 82.7632 67.015 0
      vertex 7.23682 67.015 0
      vertex 82.8686 67.1314 0
    endloop
  endfacet
  facet normal 0 0 -1
    outer loop
      vertex 37 27.195 0
      vertex 17.4856 34.2941 0
      vertex 37 44.195 0
    endloop
  endfacet
  facet normal 0 0 -1
    outer loop
      vertex 17.4424 34.5853 0
      vertex 37 44.195 0
      vertex 17.4856 34.2941 0
    endloop
  endfacet
  facet normal 0 0 -1
    outer loop
      vertex 17.3708 34.8709 0
      vertex 37 44.195 0
      vertex 17.4424 34.5853 0
    endloop
  endfacet
  facet normal 0 0 -1
    outer loop
      vertex 17.2716 35.148 0
      vertex 37 44.195 0
      vertex 17.3708 34.8709 0
    endloop
  endfacet
  facet normal 0 0 -1
    outer loop
      vertex 17.1458 35.4142 0
      vertex 37 44.195 0
      vertex 17.2716 35.148 0
    endloop
  endfacet
  facet normal 0 0 -1
    outer loop
      vertex 16.9944 35.6667 0
      vertex 37 44.195 0
      vertex 17.1458 35.4142 0
    endloop
  endfacet
  facet normal 0 0 -1
    outer loop
      vertex 16.819 35.9032 0
      vertex 37 44.195 0
      vertex 16.9944 35.6667 0
    endloop
  endfacet
  facet normal 0 0 -1
    outer loop
      vertex 16.6213 36.1213 0
      vertex 37 44.195 0
      vertex 16.819 35.9032 0
    endloop
  endfacet
  facet normal 0 0 -1
    outer loop
      vertex 16.4032 36.319 0
      vertex 37 44.195 0
      vertex 16.6213 36.1213 0
    endloop
  endfacet
  facet normal 0 0 -1
    outer loop
      vertex 16.1667 36.4944 0
      vertex 37 44.195 0
      vertex 16.4032 36.319 0
    endloop
  endfacet
  facet normal 0 0 -1
    outer loop
      vertex 15.9142 36.6458 0
      vertex 37 44.195 0
      vertex 16.1667 36.4944 0
    endloop
  endfacet
  facet normal 0 0 -1
    outer loop
      vertex 15.648 36.7716 0
      vertex 37 44.195 0
      vertex 15.9142 36.6458 0
    endloop
  endfacet
  facet normal -0 0 -1
    outer loop
      vertex 37 44.195 0
      vertex 15.648 36.7716 0
      vertex 7.6 66 0
    endloop
  endfacet
  facet normal 0 0 -1
    outer loop
      vertex 7.6 66 0
      vertex 15.648 36.7716 0
      vertex 15.3709 36.8708 0
    endloop
  endfacet
  facet normal 0 0 -1
    outer loop
      vertex 7.6 66 0
      vertex 15.3709 36.8708 0
      vertex 15.0853 36.9424 0
    endloop
  endfacet
  facet normal 0 0 -1
    outer loop
      vertex 7.6 66 0
      vertex 15.0853 36.9424 0
      vertex 14.7941 36.9856 0
    endloop
  endfacet
  facet normal 0 0 -1
    outer loop
      vertex 7.6 66 0
      vertex 14.7941 36.9856 0
      vertex 14.5 37 0
    endloop
  endfacet
  facet normal 0 0 -1
    outer loop
      vertex 7.6 66 0
      vertex 14.5 37 0
      vertex 14.2059 36.9856 0
    endloop
  endfacet
  facet normal 0 0 -1
    outer loop
      vertex 7.6 66 0
      vertex 14.2059 36.9856 0
      vertex 13.9147 36.9424 0
    endloop
  endfacet
  facet normal 0 0 -1
    outer loop
      vertex 7.6 66 0
      vertex 13.9147 36.9424 0
      vertex 13.6291 36.8708 0
    endloop
  endfacet
  facet normal 0 0 -1
    outer loop
      vertex 7.6 66 0
      vertex 13.6291 36.8708 0
      vertex 13.3519 36.7716 0
    endloop
  endfacet
  facet normal -0 0 -1
    outer loop
      vertex 13.6291 31.1292 0
      vertex 6.46445 7.5311 0
      vertex 13.3519 31.2284 0
    endloop
  endfacet
  facet normal 0 0 -1
    outer loop
      vertex 11.5 34 0
      vertex 7.6 66 0
      vertex 11.5144 34.2941 0
    endloop
  endfacet
  facet normal 0 0 -1
    outer loop
      vertex 7.6 66 0
      vertex 11.5576 34.5853 0
      vertex 11.5144 34.2941 0
    endloop
  endfacet
  facet normal 0 0 -1
    outer loop
      vertex 7.6 66 0
      vertex 11.6292 34.8709 0
      vertex 11.5576 34.5853 0
    endloop
  endfacet
  facet normal 0 0 -1
    outer loop
      vertex 7.6 66 0
      vertex 11.7284 35.148 0
      vertex 11.6292 34.8709 0
    endloop
  endfacet
  facet normal 0 0 -1
    outer loop
      vertex 7.6 66 0
      vertex 11.8542 35.4142 0
      vertex 11.7284 35.148 0
    endloop
  endfacet
  facet normal 0 0 -1
    outer loop
      vertex 7.6 66 0
      vertex 12.0056 35.6667 0
      vertex 11.8542 35.4142 0
    endloop
  endfacet
  facet normal 0 0 -1
    outer loop
      vertex 7.6 66 0
      vertex 12.181 35.9032 0
      vertex 12.0056 35.6667 0
    endloop
  endfacet
  facet normal 0 0 -1
    outer loop
      vertex 7.6 66 0
      vertex 12.3787 36.1213 0
      vertex 12.181 35.9032 0
    endloop
  endfacet
  facet normal 0 0 -1
    outer loop
      vertex 7.6 66 0
      vertex 12.5968 36.319 0
      vertex 12.3787 36.1213 0
    endloop
  endfacet
  facet normal 0 0 -1
    outer loop
      vertex 7.6 66 0
      vertex 12.8333 36.4944 0
      vertex 12.5968 36.319 0
    endloop
  endfacet
  facet normal 0 0 -1
    outer loop
      vertex 7.6 66 0
      vertex 13.0858 36.6458 0
      vertex 12.8333 36.4944 0
    endloop
  endfacet
  facet normal 0 0 -1
    outer loop
      vertex 7.6 66 0
      vertex 13.3519 36.7716 0
      vertex 13.0858 36.6458 0
    endloop
  endfacet
  facet normal 0 0 -1
    outer loop
      vertex 7.59229 66.1568 0
      vertex 37 44.195 0
      vertex 7.6 66 0
    endloop
  endfacet
  facet normal 0 0 -1
    outer loop
      vertex 7.56926 66.3121 0
      vertex 37 44.195 0
      vertex 7.59229 66.1568 0
    endloop
  endfacet
  facet normal 0 0 -1
    outer loop
      vertex 7.5311 66.4645 0
      vertex 37 44.195 0
      vertex 7.56926 66.3121 0
    endloop
  endfacet
  facet normal 0 0 -1
    outer loop
      vertex 7.47821 66.6123 0
      vertex 37 44.195 0
      vertex 7.5311 66.4645 0
    endloop
  endfacet
  facet normal 0 0 -1
    outer loop
      vertex 7.41107 66.7542 0
      vertex 37 44.195 0
      vertex 7.47821 66.6123 0
    endloop
  endfacet
  facet normal 0 0 -1
    outer loop
      vertex 7.13137 67.1314 0
      vertex 82.8686 67.1314 0
      vertex 7.23682 67.015 0
    endloop
  endfacet
  facet normal 0 0 -1
    outer loop
      vertex 82.8686 67.1314 0
      vertex 7.13137 67.1314 0
      vertex 82.985 67.2368 0
    endloop
  endfacet
  facet normal 0 0 -1
    outer loop
      vertex 7.01503 67.2368 0
      vertex 82.985 67.2368 0
      vertex 7.13137 67.1314 0
    endloop
  endfacet
  facet normal 0 0 -1
    outer loop
      vertex 82.985 67.2368 0
      vertex 7.01503 67.2368 0
      vertex 83.1111 67.3304 0
    endloop
  endfacet
  facet normal 0 0 -1
    outer loop
      vertex 6.88891 67.3304 0
      vertex 83.1111 67.3304 0
      vertex 7.01503 67.2368 0
    endloop
  endfacet
  facet normal 0 0 -1
    outer loop
      vertex 83.1111 67.3304 0
      vertex 6.88891 67.3304 0
      vertex 90 72 0
    endloop
  endfacet
  facet normal 0 0 -1
    outer loop
      vertex 6.75423 67.4111 0
      vertex 90 72 0
      vertex 6.88891 67.3304 0
    endloop
  endfacet
  facet normal 0 0 -1
    outer loop
      vertex 0 72 0
      vertex 6.75423 67.4111 0
      vertex 6.61229 67.4782 0
    endloop
  endfacet
  facet normal 0 0 -1
    outer loop
      vertex 0 72 0
      vertex 6.61229 67.4782 0
      vertex 6.46445 67.5311 0
    endloop
  endfacet
  facet normal 0 0 -1
    outer loop
      vertex 0 72 0
      vertex 6.46445 67.5311 0
      vertex 6.31214 67.5693 0
    endloop
  endfacet
  facet normal 0 0 -1
    outer loop
      vertex 0 72 0
      vertex 6.31214 67.5693 0
      vertex 6.15683 67.5923 0
    endloop
  endfacet
  facet normal 0 0 -1
    outer loop
      vertex 0 72 0
      vertex 6.15683 67.5923 0
      vertex 6 67.6 0
    endloop
  endfacet
  facet normal 0 0 -1
    outer loop
      vertex 0 72 0
      vertex 6 67.6 0
      vertex 5.84317 67.5923 0
    endloop
  endfacet
  facet normal 0 0 -1
    outer loop
      vertex 4.4077 65.8432 0
      vertex 0 72 0
      vertex 4.4 66 0
    endloop
  endfacet
  facet normal 0 0 -1
    outer loop
      vertex 6.75423 67.4111 0
      vertex 0 72 0
      vertex 90 72 0
    endloop
  endfacet
  facet normal 0 0 -1
    outer loop
      vertex 5.68785 67.5693 0
      vertex 0 72 0
      vertex 5.84317 67.5923 0
    endloop
  endfacet
  facet normal 0 0 -1
    outer loop
      vertex 5.53554 67.5311 0
      vertex 0 72 0
      vertex 5.68785 67.5693 0
    endloop
  endfacet
  facet normal 0 0 -1
    outer loop
      vertex 5.38771 67.4782 0
      vertex 0 72 0
      vertex 5.53554 67.5311 0
    endloop
  endfacet
  facet normal 0 0 -1
    outer loop
      vertex 5.24576 67.4111 0
      vertex 0 72 0
      vertex 5.38771 67.4782 0
    endloop
  endfacet
  facet normal 0 0 -1
    outer loop
      vertex 5.11109 67.3304 0
      vertex 0 72 0
      vertex 5.24576 67.4111 0
    endloop
  endfacet
  facet normal 0 0 -1
    outer loop
      vertex 4.98497 67.2368 0
      vertex 0 72 0
      vertex 5.11109 67.3304 0
    endloop
  endfacet
  facet normal 0 0 -1
    outer loop
      vertex 4.86863 67.1314 0
      vertex 0 72 0
      vertex 4.98497 67.2368 0
    endloop
  endfacet
  facet normal 0 0 -1
    outer loop
      vertex 4.76318 67.015 0
      vertex 0 72 0
      vertex 4.86863 67.1314 0
    endloop
  endfacet
  facet normal 0 0 -1
    outer loop
      vertex 4.66965 66.8889 0
      vertex 0 72 0
      vertex 4.76318 67.015 0
    endloop
  endfacet
  facet normal 0 0 -1
    outer loop
      vertex 4.58893 66.7542 0
      vertex 0 72 0
      vertex 4.66965 66.8889 0
    endloop
  endfacet
  facet normal 0 0 -1
    outer loop
      vertex 4.52179 66.6123 0
      vertex 0 72 0
      vertex 4.58893 66.7542 0
    endloop
  endfacet
  facet normal 0 0 -1
    outer loop
      vertex 4.46889 66.4645 0
      vertex 0 72 0
      vertex 4.52179 66.6123 0
    endloop
  endfacet
  facet normal 0 0 -1
    outer loop
      vertex 4.43074 66.3121 0
      vertex 0 72 0
      vertex 4.46889 66.4645 0
    endloop
  endfacet
  facet normal 0 0 -1
    outer loop
      vertex 4.4077 66.1568 0
      vertex 0 72 0
      vertex 4.43074 66.3121 0
    endloop
  endfacet
  facet normal 0 0 -1
    outer loop
      vertex 4.4 66 0
      vertex 0 72 0
      vertex 4.4077 66.1568 0
    endloop
  endfacet
  facet normal 0 0 -1
    outer loop
      vertex 54.5 24.5 0
      vertex 59 27.195 0
      vertex 54.5 14.5 0
    endloop
  endfacet
  facet normal 0 0 -1
    outer loop
      vertex 37 27.195 0
      vertex 54.5 24.5 0
      vertex 40.5 24.5 0
    endloop
  endfacet
  facet normal 0 0 -1
    outer loop
      vertex 54.5 24.5 0
      vertex 37 27.195 0
      vertex 59 27.195 0
    endloop
  endfacet
  facet normal 0 0 -1
    outer loop
      vertex 48.9856 6.79405 0
      vertex 54.5 14.5 0
      vertex 49 6.5 0
    endloop
  endfacet
  facet normal 0 0 -1
    outer loop
      vertex 48.9424 7.08527 0
      vertex 54.5 14.5 0
      vertex 48.9856 6.79405 0
    endloop
  endfacet
  facet normal 0 0 -1
    outer loop
      vertex 48.8708 7.37085 0
      vertex 54.5 14.5 0
      vertex 48.9424 7.08527 0
    endloop
  endfacet
  facet normal 0 0 -1
    outer loop
      vertex 48.7716 7.64805 0
      vertex 54.5 14.5 0
      vertex 48.8708 7.37085 0
    endloop
  endfacet
  facet normal 0 0 -1
    outer loop
      vertex 48.6458 7.91419 0
      vertex 54.5 14.5 0
      vertex 48.7716 7.64805 0
    endloop
  endfacet
  facet normal 0 0 -1
    outer loop
      vertex 48.4944 8.16671 0
      vertex 54.5 14.5 0
      vertex 48.6458 7.91419 0
    endloop
  endfacet
  facet normal 0 0 -1
    outer loop
      vertex 48.319 8.40318 0
      vertex 54.5 14.5 0
      vertex 48.4944 8.16671 0
    endloop
  endfacet
  facet normal 0 0 -1
    outer loop
      vertex 48.1213 8.62132 0
      vertex 54.5 14.5 0
      vertex 48.319 8.40318 0
    endloop
  endfacet
  facet normal 0 0 -1
    outer loop
      vertex 47.9032 8.81903 0
      vertex 54.5 14.5 0
      vertex 48.1213 8.62132 0
    endloop
  endfacet
  facet normal 0 0 -1
    outer loop
      vertex 47.6667 8.99441 0
      vertex 54.5 14.5 0
      vertex 47.9032 8.81903 0
    endloop
  endfacet
  facet normal 0 0 -1
    outer loop
      vertex 47.4142 9.14576 0
      vertex 54.5 14.5 0
      vertex 47.6667 8.99441 0
    endloop
  endfacet
  facet normal 0 0 -1
    outer loop
      vertex 47.148 9.27164 0
      vertex 54.5 14.5 0
      vertex 47.4142 9.14576 0
    endloop
  endfacet
  facet normal 0 0 -1
    outer loop
      vertex 46.8709 9.37082 0
      vertex 54.5 14.5 0
      vertex 47.148 9.27164 0
    endloop
  endfacet
  facet normal 0 0 -1
    outer loop
      vertex 46.5853 9.44236 0
      vertex 54.5 14.5 0
      vertex 46.8709 9.37082 0
    endloop
  endfacet
  facet normal 0 0 -1
    outer loop
      vertex 46.2941 9.48555 0
      vertex 54.5 14.5 0
      vertex 46.5853 9.44236 0
    endloop
  endfacet
  facet normal 0 0 -1
    outer loop
      vertex 40.5 14.5 0
      vertex 46.2941 9.48555 0
      vertex 46 9.5 0
    endloop
  endfacet
  facet normal 0 0 -1
    outer loop
      vertex 40.5 14.5 0
      vertex 46 9.5 0
      vertex 45.7059 9.48555 0
    endloop
  endfacet
  facet normal 0 0 -1
    outer loop
      vertex 40.5 14.5 0
      vertex 45.7059 9.48555 0
      vertex 45.4147 9.44236 0
    endloop
  endfacet
  facet normal 0 0 -1
    outer loop
      vertex 40.5 14.5 0
      vertex 45.4147 9.44236 0
      vertex 45.1291 9.37082 0
    endloop
  endfacet
  facet normal 0 0 -1
    outer loop
      vertex 40.5 14.5 0
      vertex 45.1291 9.37082 0
      vertex 44.852 9.27164 0
    endloop
  endfacet
  facet normal 0 0 -1
    outer loop
      vertex 40.5 14.5 0
      vertex 44.852 9.27164 0
      vertex 44.5858 9.14576 0
    endloop
  endfacet
  facet normal 0 0 -1
    outer loop
      vertex 46.2941 9.48555 0
      vertex 40.5 14.5 0
      vertex 54.5 14.5 0
    endloop
  endfacet
  facet normal 0 0 -1
    outer loop
      vertex 44.3333 8.99441 0
      vertex 40.5 14.5 0
      vertex 44.5858 9.14576 0
    endloop
  endfacet
  facet normal 0 0 -1
    outer loop
      vertex 44.0968 8.81903 0
      vertex 40.5 14.5 0
      vertex 44.3333 8.99441 0
    endloop
  endfacet
  facet normal 0 0 -1
    outer loop
      vertex 43.8787 8.62132 0
      vertex 40.5 14.5 0
      vertex 44.0968 8.81903 0
    endloop
  endfacet
  facet normal 0 0 -1
    outer loop
      vertex 43.681 8.40318 0
      vertex 40.5 14.5 0
      vertex 43.8787 8.62132 0
    endloop
  endfacet
  facet normal 0 0 -1
    outer loop
      vertex 43.5056 8.16671 0
      vertex 40.5 14.5 0
      vertex 43.681 8.40318 0
    endloop
  endfacet
  facet normal 0 0 -1
    outer loop
      vertex 43.3542 7.91419 0
      vertex 40.5 14.5 0
      vertex 43.5056 8.16671 0
    endloop
  endfacet
  facet normal 0 0 -1
    outer loop
      vertex 43.2284 7.64805 0
      vertex 40.5 14.5 0
      vertex 43.3542 7.91419 0
    endloop
  endfacet
  facet normal 0 0 -1
    outer loop
      vertex 43.1292 7.37085 0
      vertex 40.5 14.5 0
      vertex 43.2284 7.64805 0
    endloop
  endfacet
  facet normal 0 0 -1
    outer loop
      vertex 43.0576 7.08527 0
      vertex 40.5 14.5 0
      vertex 43.1292 7.37085 0
    endloop
  endfacet
  facet normal 0 0 -1
    outer loop
      vertex 43.0144 6.79405 0
      vertex 40.5 14.5 0
      vertex 43.0576 7.08527 0
    endloop
  endfacet
  facet normal 0 0 -1
    outer loop
      vertex 40.5 14.5 0
      vertex 43.0144 6.79405 0
      vertex 43 6.5 0
    endloop
  endfacet
  facet normal -1 0 0
    outer loop
      vertex 0 0 0
      vertex 0 72 4
      vertex 0 72 0
    endloop
  endfacet
  facet normal -1 -0 0
    outer loop
      vertex 0 72 4
      vertex 0 0 0
      vertex 0 0 4
    endloop
  endfacet
  facet normal 0 1 -0
    outer loop
      vertex 90 72 0
      vertex 0 72 4
      vertex 90 72 4
    endloop
  endfacet
  facet normal 0 1 0
    outer loop
      vertex 0 72 4
      vertex 90 72 0
      vertex 0 72 0
    endloop
  endfacet
  facet normal 0 -1 0
    outer loop
      vertex 0 0 0
      vertex 90 0 4
      vertex 0 0 4
    endloop
  endfacet
  facet normal 0 -1 -0
    outer loop
      vertex 90 0 4
      vertex 0 0 0
      vertex 90 0 0
    endloop
  endfacet
  facet normal -1 0 0
    outer loop
      vertex 88 2 2
      vertex 88 70 4
      vertex 88 70 2
    endloop
  endfacet
  facet normal -1 -0 0
    outer loop
      vertex 88 70 4
      vertex 88 2 2
      vertex 88 2 4
    endloop
  endfacet
  facet normal 0 0 1
    outer loop
      vertex 13.6291 36.8708 2
      vertex 6.5365 63.3028 2
      vertex 13.3519 36.7716 2
    endloop
  endfacet
  facet normal 0 0 1
    outer loop
      vertex 11.5 34 2
      vertex 8.73676 6.26955 2
      vertex 8.75 6 2
    endloop
  endfacet
  facet normal -0 0 1
    outer loop
      vertex 6.26955 63.2632 2
      vertex 13.3519 36.7716 2
      vertex 6.5365 63.3028 2
    endloop
  endfacet
  facet normal 0 0 1
    outer loop
      vertex 11.5 34 2
      vertex 8.69716 6.5365 2
      vertex 8.73676 6.26955 2
    endloop
  endfacet
  facet normal 0 0 1
    outer loop
      vertex 13.3519 36.7716 2
      vertex 6.26955 63.2632 2
      vertex 13.0858 36.6458 2
    endloop
  endfacet
  facet normal 0 0 1
    outer loop
      vertex 11.5 34 2
      vertex 8.63159 6.79828 2
      vertex 8.69716 6.5365 2
    endloop
  endfacet
  facet normal -0 0 1
    outer loop
      vertex 6 63.25 2
      vertex 13.0858 36.6458 2
      vertex 6.26955 63.2632 2
    endloop
  endfacet
  facet normal 0 0 1
    outer loop
      vertex 11.5 34 2
      vertex 8.54067 7.05238 2
      vertex 8.63159 6.79828 2
    endloop
  endfacet
  facet normal 0 0 1
    outer loop
      vertex 13.0858 36.6458 2
      vertex 6 63.25 2
      vertex 12.8333 36.4944 2
    endloop
  endfacet
  facet normal 0 0 1
    outer loop
      vertex 11.5 34 2
      vertex 8.42528 7.29634 2
      vertex 8.54067 7.05238 2
    endloop
  endfacet
  facet normal 0 0 1
    outer loop
      vertex 5.73045 63.2632 2
      vertex 12.8333 36.4944 2
      vertex 6 63.25 2
    endloop
  endfacet
  facet normal 0 0 1
    outer loop
      vertex 11.5 34 2
      vertex 8.28654 7.52782 2
      vertex 8.42528 7.29634 2
    endloop
  endfacet
  facet normal 0 0 1
    outer loop
      vertex 12.8333 36.4944 2
      vertex 5.73045 63.2632 2
      vertex 12.5968 36.319 2
    endloop
  endfacet
  facet normal 0 0 1
    outer loop
      vertex 11.5 34 2
      vertex 8.12578 7.74458 2
      vertex 8.28654 7.52782 2
    endloop
  endfacet
  facet normal 0 0 1
    outer loop
      vertex 5.4635 63.3028 2
      vertex 12.5968 36.319 2
      vertex 5.73045 63.2632 2
    endloop
  endfacet
  facet normal 0 0 1
    outer loop
      vertex 11.5 34 2
      vertex 7.94454 7.94454 2
      vertex 8.12578 7.74458 2
    endloop
  endfacet
  facet normal 0 0 1
    outer loop
      vertex 12.5968 36.319 2
      vertex 5.4635 63.3028 2
      vertex 12.3787 36.1213 2
    endloop
  endfacet
  facet normal 0 0 1
    outer loop
      vertex 11.5 34 2
      vertex 7.74458 8.12578 2
      vertex 7.94454 7.94454 2
    endloop
  endfacet
  facet normal 0 0 1
    outer loop
      vertex 5.20172 63.3684 2
      vertex 12.3787 36.1213 2
      vertex 5.4635 63.3028 2
    endloop
  endfacet
  facet normal 0 0 1
    outer loop
      vertex 11.5 34 2
      vertex 7.52782 8.28654 2
      vertex 7.74458 8.12578 2
    endloop
  endfacet
  facet normal 0 0 1
    outer loop
      vertex 12.3787 36.1213 2
      vertex 5.20172 63.3684 2
      vertex 12.181 35.9032 2
    endloop
  endfacet
  facet normal 0 0 1
    outer loop
      vertex 11.5 34 2
      vertex 7.29634 8.42528 2
      vertex 7.52782 8.28654 2
    endloop
  endfacet
  facet normal 0 0 1
    outer loop
      vertex 4.94762 63.4593 2
      vertex 12.181 35.9032 2
      vertex 5.20172 63.3684 2
    endloop
  endfacet
  facet normal 0 0 1
    outer loop
      vertex 11.5 34 2
      vertex 7.05238 8.54067 2
      vertex 7.29634 8.42528 2
    endloop
  endfacet
  facet normal 0 0 1
    outer loop
      vertex 12.181 35.9032 2
      vertex 4.94762 63.4593 2
      vertex 12.0056 35.6667 2
    endloop
  endfacet
  facet normal 0 0 1
    outer loop
      vertex 11.5 34 2
      vertex 6.79828 8.63159 2
      vertex 7.05238 8.54067 2
    endloop
  endfacet
  facet normal 0 0 1
    outer loop
      vertex 4.70366 63.5747 2
      vertex 12.0056 35.6667 2
      vertex 4.94762 63.4593 2
    endloop
  endfacet
  facet normal 0 0 1
    outer loop
      vertex 11.5 34 2
      vertex 6.5365 8.69716 2
      vertex 6.79828 8.63159 2
    endloop
  endfacet
  facet normal 0 0 1
    outer loop
      vertex 12.0056 35.6667 2
      vertex 4.70366 63.5747 2
      vertex 11.8542 35.4142 2
    endloop
  endfacet
  facet normal 0 0 1
    outer loop
      vertex 11.5 34 2
      vertex 6.26955 8.73676 2
      vertex 6.5365 8.69716 2
    endloop
  endfacet
  facet normal 0 0 1
    outer loop
      vertex 4.47218 63.7135 2
      vertex 11.8542 35.4142 2
      vertex 4.70366 63.5747 2
    endloop
  endfacet
  facet normal 0 0 1
    outer loop
      vertex 11.5 34 2
      vertex 6 8.75 2
      vertex 6.26955 8.73676 2
    endloop
  endfacet
  facet normal 0 0 1
    outer loop
      vertex 11.8542 35.4142 2
      vertex 4.47218 63.7135 2
      vertex 11.7284 35.148 2
    endloop
  endfacet
  facet normal 0 0 1
    outer loop
      vertex 11.5 34 2
      vertex 5.73045 8.73676 2
      vertex 6 8.75 2
    endloop
  endfacet
  facet normal 0 0 1
    outer loop
      vertex 4.25542 63.8742 2
      vertex 11.7284 35.148 2
      vertex 4.47218 63.7135 2
    endloop
  endfacet
  facet normal 0 0 1
    outer loop
      vertex 11.5 34 2
      vertex 5.4635 8.69716 2
      vertex 5.73045 8.73676 2
    endloop
  endfacet
  facet normal 0 0 1
    outer loop
      vertex 11.7284 35.148 2
      vertex 4.25542 63.8742 2
      vertex 11.6292 34.8709 2
    endloop
  endfacet
  facet normal 0 0 1
    outer loop
      vertex 11.5 34 2
      vertex 5.20172 8.63159 2
      vertex 5.4635 8.69716 2
    endloop
  endfacet
  facet normal 0 0 1
    outer loop
      vertex 4.05546 64.0555 2
      vertex 11.6292 34.8709 2
      vertex 4.25542 63.8742 2
    endloop
  endfacet
  facet normal 0 0 1
    outer loop
      vertex 11.5 34 2
      vertex 4.94762 8.54067 2
      vertex 5.20172 8.63159 2
    endloop
  endfacet
  facet normal 0 0 1
    outer loop
      vertex 11.6292 34.8709 2
      vertex 4.05546 64.0555 2
      vertex 11.5576 34.5853 2
    endloop
  endfacet
  facet normal 0 0 1
    outer loop
      vertex 11.5 34 2
      vertex 4.70366 8.42528 2
      vertex 4.94762 8.54067 2
    endloop
  endfacet
  facet normal 0 0 1
    outer loop
      vertex 3.87422 64.2554 2
      vertex 11.5576 34.5853 2
      vertex 4.05546 64.0555 2
    endloop
  endfacet
  facet normal 0 0 1
    outer loop
      vertex 11.5 34 2
      vertex 4.47218 8.28654 2
      vertex 4.70366 8.42528 2
    endloop
  endfacet
  facet normal 0 0 1
    outer loop
      vertex 11.5576 34.5853 2
      vertex 3.87422 64.2554 2
      vertex 11.5144 34.2941 2
    endloop
  endfacet
  facet normal 0 0 1
    outer loop
      vertex 11.5 34 2
      vertex 4.25542 8.12578 2
      vertex 4.47218 8.28654 2
    endloop
  endfacet
  facet normal 0 0 1
    outer loop
      vertex 3.71346 64.4722 2
      vertex 11.5144 34.2941 2
      vertex 3.87422 64.2554 2
    endloop
  endfacet
  facet normal 0 0 1
    outer loop
      vertex 11.5 34 2
      vertex 4.05546 7.94454 2
      vertex 4.25542 8.12578 2
    endloop
  endfacet
  facet normal 0 0 1
    outer loop
      vertex 11.5144 34.2941 2
      vertex 3.71346 64.4722 2
      vertex 11.5 34 2
    endloop
  endfacet
  facet normal 0 0 1
    outer loop
      vertex 11.5 34 2
      vertex 3.87422 7.74458 2
      vertex 4.05546 7.94454 2
    endloop
  endfacet
  facet normal 0 0 1
    outer loop
      vertex 3.71346 7.52782 2
      vertex 11.5 34 2
      vertex 3.71346 64.4722 2
    endloop
  endfacet
  facet normal 0 0 1
    outer loop
      vertex 11.5 34 2
      vertex 3.71346 7.52782 2
      vertex 3.87422 7.74458 2
    endloop
  endfacet
  facet normal 0 0 1
    outer loop
      vertex 3.57472 64.7037 2
      vertex 3.71346 7.52782 2
      vertex 3.71346 64.4722 2
    endloop
  endfacet
  facet normal 0 0 1
    outer loop
      vertex 3.57472 64.7037 2
      vertex 3.57472 7.29634 2
      vertex 3.71346 7.52782 2
    endloop
  endfacet
  facet normal 0 0 1
    outer loop
      vertex 3.45933 64.9476 2
      vertex 3.57472 7.29634 2
      vertex 3.57472 64.7037 2
    endloop
  endfacet
  facet normal 0 0 1
    outer loop
      vertex 3.45933 64.9476 2
      vertex 3.45933 7.05238 2
      vertex 3.57472 7.29634 2
    endloop
  endfacet
  facet normal 0 0 1
    outer loop
      vertex 3.36841 65.2017 2
      vertex 3.45933 7.05238 2
      vertex 3.45933 64.9476 2
    endloop
  endfacet
  facet normal 0 0 1
    outer loop
      vertex 3.36841 65.2017 2
      vertex 3.36841 6.79828 2
      vertex 3.45933 7.05238 2
    endloop
  endfacet
  facet normal 0 0 1
    outer loop
      vertex 2 70 2
      vertex 3.36841 65.2017 2
      vertex 3.30284 65.4635 2
    endloop
  endfacet
  facet normal 0 0 1
    outer loop
      vertex 3.36841 65.2017 2
      vertex 2 70 2
      vertex 3.36841 6.79828 2
    endloop
  endfacet
  facet normal 0 0 1
    outer loop
      vertex 2 70 2
      vertex 3.30284 65.4635 2
      vertex 3.26324 65.7305 2
    endloop
  endfacet
  facet normal 0 0 1
    outer loop
      vertex 2 2 2
      vertex 3.36841 6.79828 2
      vertex 2 70 2
    endloop
  endfacet
  facet normal 0 0 1
    outer loop
      vertex 2 70 2
      vertex 3.26324 65.7305 2
      vertex 3.25 66 2
    endloop
  endfacet
  facet normal 0 0 1
    outer loop
      vertex 3.36841 6.79828 2
      vertex 2 2 2
      vertex 3.30284 6.5365 2
    endloop
  endfacet
  facet normal 0 0 1
    outer loop
      vertex 54.5 14.5 2
      vertex 48.9856 6.79405 2
      vertex 49 6.5 2
    endloop
  endfacet
  facet normal 0 0 1
    outer loop
      vertex 54.5 14.5 2
      vertex 48.9424 7.08527 2
      vertex 48.9856 6.79405 2
    endloop
  endfacet
  facet normal 0 0 1
    outer loop
      vertex 54.5 14.5 2
      vertex 48.8708 7.37085 2
      vertex 48.9424 7.08527 2
    endloop
  endfacet
  facet normal 0 0 1
    outer loop
      vertex 54.5 14.5 2
      vertex 48.7716 7.64805 2
      vertex 48.8708 7.37085 2
    endloop
  endfacet
  facet normal 0 0 1
    outer loop
      vertex 54.5 14.5 2
      vertex 48.6458 7.91419 2
      vertex 48.7716 7.64805 2
    endloop
  endfacet
  facet normal 0 0 1
    outer loop
      vertex 54.5 14.5 2
      vertex 48.4944 8.16671 2
      vertex 48.6458 7.91419 2
    endloop
  endfacet
  facet normal 0 0 1
    outer loop
      vertex 54.5 14.5 2
      vertex 48.319 8.40318 2
      vertex 48.4944 8.16671 2
    endloop
  endfacet
  facet normal 0 0 1
    outer loop
      vertex 54.5 14.5 2
      vertex 48.1213 8.62132 2
      vertex 48.319 8.40318 2
    endloop
  endfacet
  facet normal 0 0 1
    outer loop
      vertex 54.5 14.5 2
      vertex 47.9032 8.81903 2
      vertex 48.1213 8.62132 2
    endloop
  endfacet
  facet normal 0 0 1
    outer loop
      vertex 54.5 14.5 2
      vertex 47.6667 8.99441 2
      vertex 47.9032 8.81903 2
    endloop
  endfacet
  facet normal 0 0 1
    outer loop
      vertex 54.5 14.5 2
      vertex 47.4142 9.14576 2
      vertex 47.6667 8.99441 2
    endloop
  endfacet
  facet normal 0 0 1
    outer loop
      vertex 54.5 14.5 2
      vertex 47.148 9.27164 2
      vertex 47.4142 9.14576 2
    endloop
  endfacet
  facet normal 0 0 1
    outer loop
      vertex 54.5 14.5 2
      vertex 46.8709 9.37082 2
      vertex 47.148 9.27164 2
    endloop
  endfacet
  facet normal 0 0 1
    outer loop
      vertex 54.5 14.5 2
      vertex 46.5853 9.44236 2
      vertex 46.8709 9.37082 2
    endloop
  endfacet
  facet normal 0 0 1
    outer loop
      vertex 54.5 14.5 2
      vertex 46.2941 9.48555 2
      vertex 46.5853 9.44236 2
    endloop
  endfacet
  facet normal -0 0 1
    outer loop
      vertex 40.5 14.5 2
      vertex 46.2941 9.48555 2
      vertex 54.5 14.5 2
    endloop
  endfacet
  facet normal 0 0 1
    outer loop
      vertex 46.2941 9.48555 2
      vertex 40.5 14.5 2
      vertex 46 9.5 2
    endloop
  endfacet
  facet normal 0 0 1
    outer loop
      vertex 46 9.5 2
      vertex 40.5 14.5 2
      vertex 45.7059 9.48555 2
    endloop
  endfacet
  facet normal 0 0 1
    outer loop
      vertex 45.7059 9.48555 2
      vertex 40.5 14.5 2
      vertex 45.4147 9.44236 2
    endloop
  endfacet
  facet normal 0 0 1
    outer loop
      vertex 45.4147 9.44236 2
      vertex 40.5 14.5 2
      vertex 45.1291 9.37082 2
    endloop
  endfacet
  facet normal 0 0 1
    outer loop
      vertex 45.1291 9.37082 2
      vertex 40.5 14.5 2
      vertex 44.852 9.27164 2
    endloop
  endfacet
  facet normal 0 0 1
    outer loop
      vertex 43.0144 6.79405 2
      vertex 40.5 14.5 2
      vertex 43 6.5 2
    endloop
  endfacet
  facet normal 0 0 1
    outer loop
      vertex 43.0576 7.08527 2
      vertex 40.5 14.5 2
      vertex 43.0144 6.79405 2
    endloop
  endfacet
  facet normal 0 0 1
    outer loop
      vertex 43.1292 7.37085 2
      vertex 40.5 14.5 2
      vertex 43.0576 7.08527 2
    endloop
  endfacet
  facet normal 0 0 1
    outer loop
      vertex 43.2284 7.64805 2
      vertex 40.5 14.5 2
      vertex 43.1292 7.37085 2
    endloop
  endfacet
  facet normal 0 0 1
    outer loop
      vertex 43.3542 7.91419 2
      vertex 40.5 14.5 2
      vertex 43.2284 7.64805 2
    endloop
  endfacet
  facet normal 0 0 1
    outer loop
      vertex 43.5056 8.16671 2
      vertex 40.5 14.5 2
      vertex 43.3542 7.91419 2
    endloop
  endfacet
  facet normal 0 0 1
    outer loop
      vertex 43.681 8.40318 2
      vertex 40.5 14.5 2
      vertex 43.5056 8.16671 2
    endloop
  endfacet
  facet normal 0 0 1
    outer loop
      vertex 43.8787 8.62132 2
      vertex 40.5 14.5 2
      vertex 43.681 8.40318 2
    endloop
  endfacet
  facet normal 0 0 1
    outer loop
      vertex 44.0968 8.81903 2
      vertex 40.5 14.5 2
      vertex 43.8787 8.62132 2
    endloop
  endfacet
  facet normal 0 0 1
    outer loop
      vertex 44.3333 8.99441 2
      vertex 40.5 14.5 2
      vertex 44.0968 8.81903 2
    endloop
  endfacet
  facet normal 0 0 1
    outer loop
      vertex 44.5858 9.14576 2
      vertex 40.5 14.5 2
      vertex 44.3333 8.99441 2
    endloop
  endfacet
  facet normal 0 0 1
    outer loop
      vertex 44.852 9.27164 2
      vertex 40.5 14.5 2
      vertex 44.5858 9.14576 2
    endloop
  endfacet
  facet normal -0 0 1
    outer loop
      vertex 37 27.195 2
      vertex 54.5 24.5 2
      vertex 59 27.195 2
    endloop
  endfacet
  facet normal 0 0 1
    outer loop
      vertex 40.5 24.5 2
      vertex 37 27.195 2
      vertex 40.5 14.5 2
    endloop
  endfacet
  facet normal 0 0 1
    outer loop
      vertex 54.5 24.5 2
      vertex 37 27.195 2
      vertex 40.5 24.5 2
    endloop
  endfacet
  facet normal 0 0 1
    outer loop
      vertex 86.6316 65.2017 2
      vertex 88 70 2
      vertex 86.6972 65.4635 2
    endloop
  endfacet
  facet normal 0 0 1
    outer loop
      vertex 88 2 2
      vertex 86.7368 6.26955 2
      vertex 86.75 6 2
    endloop
  endfacet
  facet normal 0 0 1
    outer loop
      vertex 88 70 2
      vertex 86.6316 65.2017 2
      vertex 88 2 2
    endloop
  endfacet
  facet normal 0 0 1
    outer loop
      vertex 88 2 2
      vertex 86.6972 6.5365 2
      vertex 86.7368 6.26955 2
    endloop
  endfacet
  facet normal -0 0 1
    outer loop
      vertex 86.6316 6.79828 2
      vertex 88 2 2
      vertex 86.6316 65.2017 2
    endloop
  endfacet
  facet normal 0 0 1
    outer loop
      vertex 88 2 2
      vertex 86.6316 6.79828 2
      vertex 86.6972 6.5365 2
    endloop
  endfacet
  facet normal -0 0 1
    outer loop
      vertex 86.5407 64.9476 2
      vertex 86.6316 6.79828 2
      vertex 86.6316 65.2017 2
    endloop
  endfacet
  facet normal 0 0 1
    outer loop
      vertex 86.5407 64.9476 2
      vertex 86.5407 7.05238 2
      vertex 86.6316 6.79828 2
    endloop
  endfacet
  facet normal -0 0 1
    outer loop
      vertex 86.4253 64.7037 2
      vertex 86.5407 7.05238 2
      vertex 86.5407 64.9476 2
    endloop
  endfacet
  facet normal 0 0 1
    outer loop
      vertex 86.4253 64.7037 2
      vertex 86.4253 7.29634 2
      vertex 86.5407 7.05238 2
    endloop
  endfacet
  facet normal -0 0 1
    outer loop
      vertex 86.2865 64.4722 2
      vertex 86.4253 7.29634 2
      vertex 86.4253 64.7037 2
    endloop
  endfacet
  facet normal 0 0 1
    outer loop
      vertex 86.2865 64.4722 2
      vertex 86.2865 7.52782 2
      vertex 86.4253 7.29634 2
    endloop
  endfacet
  facet normal -0 0 1
    outer loop
      vertex 86.1258 64.2554 2
      vertex 86.2865 7.52782 2
      vertex 86.2865 64.4722 2
    endloop
  endfacet
  facet normal 0 0 1
    outer loop
      vertex 86.1258 64.2554 2
      vertex 86.1258 7.74458 2
      vertex 86.2865 7.52782 2
    endloop
  endfacet
  facet normal -0 0 1
    outer loop
      vertex 85.9445 64.0555 2
      vertex 86.1258 7.74458 2
      vertex 86.1258 64.2554 2
    endloop
  endfacet
  facet normal 0 0 1
    outer loop
      vertex 85.9445 64.0555 2
      vertex 85.9445 7.94454 2
      vertex 86.1258 7.74458 2
    endloop
  endfacet
  facet normal -0 0 1
    outer loop
      vertex 85.7446 63.8742 2
      vertex 85.9445 7.94454 2
      vertex 85.9445 64.0555 2
    endloop
  endfacet
  facet normal 0 0 1
    outer loop
      vertex 85.7446 63.8742 2
      vertex 85.7446 8.12578 2
      vertex 85.9445 7.94454 2
    endloop
  endfacet
  facet normal -0 0 1
    outer loop
      vertex 85.5278 63.7135 2
      vertex 85.7446 8.12578 2
      vertex 85.7446 63.8742 2
    endloop
  endfacet
  facet normal 0 0 1
    outer loop
      vertex 85.5278 63.7135 2
      vertex 85.5278 8.28654 2
      vertex 85.7446 8.12578 2
    endloop
  endfacet
  facet normal 0 0 1
    outer loop
      vertex 70.9855 34.7941 2
      vertex 85.5278 63.7135 2
      vertex 85.2963 63.5747 2
    endloop
  endfacet
  facet normal 0 0 1
    outer loop
      vertex 85.5278 63.7135 2
      vertex 71 34.5 2
      vertex 85.5278 8.28654 2
    endloop
  endfacet
  facet normal 0 0 1
    outer loop
      vertex 70.9424 35.0853 2
      vertex 85.2963 63.5747 2
      vertex 85.0524 63.4593 2
    endloop
  endfacet
  facet normal 0 0 1
    outer loop
      vertex 85.5278 8.28654 2
      vertex 71 34.5 2
      vertex 85.2963 8.42528 2
    endloop
  endfacet
  facet normal 0 0 1
    outer loop
      vertex 70.8708 35.3709 2
      vertex 85.0524 63.4593 2
      vertex 84.7983 63.3684 2
    endloop
  endfacet
  facet normal -0 0 1
    outer loop
      vertex 70.9855 34.2059 2
      vertex 85.2963 8.42528 2
      vertex 71 34.5 2
    endloop
  endfacet
  facet normal 0 0 1
    outer loop
      vertex 70.7716 35.648 2
      vertex 84.7983 63.3684 2
      vertex 84.5365 63.3028 2
    endloop
  endfacet
  facet normal 0 0 1
    outer loop
      vertex 85.2963 8.42528 2
      vertex 70.9855 34.2059 2
      vertex 85.0524 8.54067 2
    endloop
  endfacet
  facet normal 0 0 1
    outer loop
      vertex 70.6458 35.9142 2
      vertex 84.5365 63.3028 2
      vertex 84.2695 63.2632 2
    endloop
  endfacet
  facet normal -0 0 1
    outer loop
      vertex 70.9424 33.9147 2
      vertex 85.0524 8.54067 2
      vertex 70.9855 34.2059 2
    endloop
  endfacet
  facet normal 0 0 1
    outer loop
      vertex 70.4944 36.1667 2
      vertex 84.2695 63.2632 2
      vertex 84 63.25 2
    endloop
  endfacet
  facet normal 0 0 1
    outer loop
      vertex 85.0524 8.54067 2
      vertex 70.9424 33.9147 2
      vertex 84.7983 8.63159 2
    endloop
  endfacet
  facet normal 0 0 1
    outer loop
      vertex 70.319 36.4032 2
      vertex 84 63.25 2
      vertex 83.7305 63.2632 2
    endloop
  endfacet
  facet normal -0 0 1
    outer loop
      vertex 70.8708 33.6291 2
      vertex 84.7983 8.63159 2
      vertex 70.9424 33.9147 2
    endloop
  endfacet
  facet normal 0 0 1
    outer loop
      vertex 70.1213 36.6213 2
      vertex 83.7305 63.2632 2
      vertex 83.4635 63.3028 2
    endloop
  endfacet
  facet normal 0 0 1
    outer loop
      vertex 84.7983 8.63159 2
      vertex 70.8708 33.6291 2
      vertex 84.5365 8.69716 2
    endloop
  endfacet
  facet normal 0 0 1
    outer loop
      vertex 69.9032 36.819 2
      vertex 83.4635 63.3028 2
      vertex 83.2017 63.3684 2
    endloop
  endfacet
  facet normal -0 0 1
    outer loop
      vertex 70.7716 33.352 2
      vertex 84.5365 8.69716 2
      vertex 70.8708 33.6291 2
    endloop
  endfacet
  facet normal 0 0 1
    outer loop
      vertex 69.6667 36.9944 2
      vertex 83.2017 63.3684 2
      vertex 82.9476 63.4593 2
    endloop
  endfacet
  facet normal 0 0 1
    outer loop
      vertex 84.5365 8.69716 2
      vertex 70.7716 33.352 2
      vertex 84.2695 8.73676 2
    endloop
  endfacet
  facet normal 0 0 1
    outer loop
      vertex 69.4142 37.1458 2
      vertex 82.9476 63.4593 2
      vertex 82.7037 63.5747 2
    endloop
  endfacet
  facet normal -0 0 1
    outer loop
      vertex 70.6458 33.0858 2
      vertex 84.2695 8.73676 2
      vertex 70.7716 33.352 2
    endloop
  endfacet
  facet normal 0 0 1
    outer loop
      vertex 69.148 37.2716 2
      vertex 82.7037 63.5747 2
      vertex 82.4722 63.7135 2
    endloop
  endfacet
  facet normal 0 0 1
    outer loop
      vertex 84.2695 8.73676 2
      vertex 70.6458 33.0858 2
      vertex 84 8.75 2
    endloop
  endfacet
  facet normal 0 0 1
    outer loop
      vertex 68.8708 37.3708 2
      vertex 82.4722 63.7135 2
      vertex 82.2554 63.8742 2
    endloop
  endfacet
  facet normal -0 0 1
    outer loop
      vertex 70.4944 32.8333 2
      vertex 84 8.75 2
      vertex 70.6458 33.0858 2
    endloop
  endfacet
  facet normal 0 0 1
    outer loop
      vertex 59 44.195 2
      vertex 82.2554 63.8742 2
      vertex 82.0555 64.0555 2
    endloop
  endfacet
  facet normal 0 0 1
    outer loop
      vertex 84 8.75 2
      vertex 70.4944 32.8333 2
      vertex 83.7305 8.73676 2
    endloop
  endfacet
  facet normal 0 0 1
    outer loop
      vertex 59 44.195 2
      vertex 82.0555 64.0555 2
      vertex 81.8742 64.2554 2
    endloop
  endfacet
  facet normal -0 0 1
    outer loop
      vertex 70.319 32.5968 2
      vertex 83.7305 8.73676 2
      vertex 70.4944 32.8333 2
    endloop
  endfacet
  facet normal 0 0 1
    outer loop
      vertex 59 44.195 2
      vertex 81.8742 64.2554 2
      vertex 81.7135 64.4722 2
    endloop
  endfacet
  facet normal 0 0 1
    outer loop
      vertex 83.7305 8.73676 2
      vertex 70.319 32.5968 2
      vertex 83.4635 8.69716 2
    endloop
  endfacet
  facet normal 0 0 1
    outer loop
      vertex 59 44.195 2
      vertex 81.7135 64.4722 2
      vertex 81.5747 64.7037 2
    endloop
  endfacet
  facet normal -0 0 1
    outer loop
      vertex 70.1213 32.3787 2
      vertex 83.4635 8.69716 2
      vertex 70.319 32.5968 2
    endloop
  endfacet
  facet normal 0 0 1
    outer loop
      vertex 59 44.195 2
      vertex 81.5747 64.7037 2
      vertex 81.4593 64.9476 2
    endloop
  endfacet
  facet normal 0 0 1
    outer loop
      vertex 83.4635 8.69716 2
      vertex 70.1213 32.3787 2
      vertex 83.2017 8.63159 2
    endloop
  endfacet
  facet normal 0 0 1
    outer loop
      vertex 59 44.195 2
      vertex 81.4593 64.9476 2
      vertex 81.3684 65.2017 2
    endloop
  endfacet
  facet normal -0 0 1
    outer loop
      vertex 69.9032 32.181 2
      vertex 83.2017 8.63159 2
      vertex 70.1213 32.3787 2
    endloop
  endfacet
  facet normal 0 0 1
    outer loop
      vertex 59 44.195 2
      vertex 81.3684 65.2017 2
      vertex 81.3028 65.4635 2
    endloop
  endfacet
  facet normal 0 0 1
    outer loop
      vertex 83.2017 8.63159 2
      vertex 69.9032 32.181 2
      vertex 82.9476 8.54067 2
    endloop
  endfacet
  facet normal 0 0 1
    outer loop
      vertex 59 44.195 2
      vertex 81.3028 65.4635 2
      vertex 81.2632 65.7305 2
    endloop
  endfacet
  facet normal -0 0 1
    outer loop
      vertex 69.6667 32.0056 2
      vertex 82.9476 8.54067 2
      vertex 69.9032 32.181 2
    endloop
  endfacet
  facet normal 0 0 1
    outer loop
      vertex 59 44.195 2
      vertex 81.2632 65.7305 2
      vertex 81.25 66 2
    endloop
  endfacet
  facet normal 0 0 1
    outer loop
      vertex 82.9476 8.54067 2
      vertex 69.6667 32.0056 2
      vertex 82.7037 8.42528 2
    endloop
  endfacet
  facet normal 0 0 1
    outer loop
      vertex 86.7368 65.7305 2
      vertex 88 70 2
      vertex 86.75 66 2
    endloop
  endfacet
  facet normal 0 0 1
    outer loop
      vertex 88 70 2
      vertex 86.7368 66.2695 2
      vertex 86.75 66 2
    endloop
  endfacet
  facet normal 0 0 1
    outer loop
      vertex 88 70 2
      vertex 86.6972 66.5365 2
      vertex 86.7368 66.2695 2
    endloop
  endfacet
  facet normal 0 0 1
    outer loop
      vertex 88 70 2
      vertex 86.6316 66.7983 2
      vertex 86.6972 66.5365 2
    endloop
  endfacet
  facet normal 0 0 1
    outer loop
      vertex 88 70 2
      vertex 86.5407 67.0524 2
      vertex 86.6316 66.7983 2
    endloop
  endfacet
  facet normal 0 0 1
    outer loop
      vertex 88 70 2
      vertex 86.4253 67.2963 2
      vertex 86.5407 67.0524 2
    endloop
  endfacet
  facet normal 0 0 1
    outer loop
      vertex 88 70 2
      vertex 86.2865 67.5278 2
      vertex 86.4253 67.2963 2
    endloop
  endfacet
  facet normal 0 0 1
    outer loop
      vertex 88 70 2
      vertex 86.1258 67.7446 2
      vertex 86.2865 67.5278 2
    endloop
  endfacet
  facet normal 0 0 1
    outer loop
      vertex 88 70 2
      vertex 85.9445 67.9445 2
      vertex 86.1258 67.7446 2
    endloop
  endfacet
  facet normal 0 0 1
    outer loop
      vertex 88 70 2
      vertex 85.7446 68.1258 2
      vertex 85.9445 67.9445 2
    endloop
  endfacet
  facet normal 0 0 1
    outer loop
      vertex 88 70 2
      vertex 85.5278 68.2865 2
      vertex 85.7446 68.1258 2
    endloop
  endfacet
  facet normal 0 0 1
    outer loop
      vertex 88 70 2
      vertex 85.2963 68.4253 2
      vertex 85.5278 68.2865 2
    endloop
  endfacet
  facet normal 0 0 1
    outer loop
      vertex 88 70 2
      vertex 85.0524 68.5407 2
      vertex 85.2963 68.4253 2
    endloop
  endfacet
  facet normal 0 0 1
    outer loop
      vertex 88 70 2
      vertex 84.7983 68.6316 2
      vertex 85.0524 68.5407 2
    endloop
  endfacet
  facet normal 0 0 1
    outer loop
      vertex 88 70 2
      vertex 84.5365 68.6972 2
      vertex 84.7983 68.6316 2
    endloop
  endfacet
  facet normal 0 0 1
    outer loop
      vertex 88 70 2
      vertex 84.2695 68.7368 2
      vertex 84.5365 68.6972 2
    endloop
  endfacet
  facet normal 0 0 1
    outer loop
      vertex 88 70 2
      vertex 84 68.75 2
      vertex 84.2695 68.7368 2
    endloop
  endfacet
  facet normal 0 0 1
    outer loop
      vertex 88 70 2
      vertex 83.7305 68.7368 2
      vertex 84 68.75 2
    endloop
  endfacet
  facet normal 0 0 1
    outer loop
      vertex 88 70 2
      vertex 83.4635 68.6972 2
      vertex 83.7305 68.7368 2
    endloop
  endfacet
  facet normal 0 0 1
    outer loop
      vertex 88 70 2
      vertex 83.2017 68.6316 2
      vertex 83.4635 68.6972 2
    endloop
  endfacet
  facet normal -0 0 1
    outer loop
      vertex 69.4142 31.8542 2
      vertex 82.7037 8.42528 2
      vertex 69.6667 32.0056 2
    endloop
  endfacet
  facet normal 0 0 1
    outer loop
      vertex 59 44.195 2
      vertex 81.25 66 2
      vertex 81.2632 66.2695 2
    endloop
  endfacet
  facet normal 0 0 1
    outer loop
      vertex 59 44.195 2
      vertex 81.2632 66.2695 2
      vertex 81.3028 66.5365 2
    endloop
  endfacet
  facet normal 0 0 1
    outer loop
      vertex 59 44.195 2
      vertex 81.3028 66.5365 2
      vertex 81.3684 66.7983 2
    endloop
  endfacet
  facet normal 0 0 1
    outer loop
      vertex 85.5278 63.7135 2
      vertex 70.9855 34.7941 2
      vertex 71 34.5 2
    endloop
  endfacet
  facet normal 0 0 1
    outer loop
      vertex 85.2963 63.5747 2
      vertex 70.9424 35.0853 2
      vertex 70.9855 34.7941 2
    endloop
  endfacet
  facet normal 0 0 1
    outer loop
      vertex 85.0524 63.4593 2
      vertex 70.8708 35.3709 2
      vertex 70.9424 35.0853 2
    endloop
  endfacet
  facet normal 0 0 1
    outer loop
      vertex 84.7983 63.3684 2
      vertex 70.7716 35.648 2
      vertex 70.8708 35.3709 2
    endloop
  endfacet
  facet normal 0 0 1
    outer loop
      vertex 84.5365 63.3028 2
      vertex 70.6458 35.9142 2
      vertex 70.7716 35.648 2
    endloop
  endfacet
  facet normal 0 0 1
    outer loop
      vertex 84.2695 63.2632 2
      vertex 70.4944 36.1667 2
      vertex 70.6458 35.9142 2
    endloop
  endfacet
  facet normal 0 0 1
    outer loop
      vertex 84 63.25 2
      vertex 70.319 36.4032 2
      vertex 70.4944 36.1667 2
    endloop
  endfacet
  facet normal 0 0 1
    outer loop
      vertex 37 44.195 2
      vertex 81.3684 66.7983 2
      vertex 81.4593 67.0524 2
    endloop
  endfacet
  facet normal 0 0 1
    outer loop
      vertex 83.7305 63.2632 2
      vertex 70.1213 36.6213 2
      vertex 70.319 36.4032 2
    endloop
  endfacet
  facet normal 0 0 1
    outer loop
      vertex 83.4635 63.3028 2
      vertex 69.9032 36.819 2
      vertex 70.1213 36.6213 2
    endloop
  endfacet
  facet normal 0 0 1
    outer loop
      vertex 83.2017 63.3684 2
      vertex 69.6667 36.9944 2
      vertex 69.9032 36.819 2
    endloop
  endfacet
  facet normal 0 0 1
    outer loop
      vertex 82.9476 63.4593 2
      vertex 69.4142 37.1458 2
      vertex 69.6667 36.9944 2
    endloop
  endfacet
  facet normal 0 0 1
    outer loop
      vertex 82.7037 63.5747 2
      vertex 69.148 37.2716 2
      vertex 69.4142 37.1458 2
    endloop
  endfacet
  facet normal 0 0 1
    outer loop
      vertex 82.4722 63.7135 2
      vertex 68.8708 37.3708 2
      vertex 69.148 37.2716 2
    endloop
  endfacet
  facet normal 0 0 1
    outer loop
      vertex 82.2554 63.8742 2
      vertex 68.5853 37.4424 2
      vertex 68.8708 37.3708 2
    endloop
  endfacet
  facet normal 0 0 1
    outer loop
      vertex 82.2554 63.8742 2
      vertex 59 44.195 2
      vertex 68.5853 37.4424 2
    endloop
  endfacet
  facet normal 0 0 1
    outer loop
      vertex 68.5853 37.4424 2
      vertex 59 44.195 2
      vertex 68.2941 37.4856 2
    endloop
  endfacet
  facet normal 0 0 1
    outer loop
      vertex 68.2941 37.4856 2
      vertex 59 44.195 2
      vertex 68 37.5 2
    endloop
  endfacet
  facet normal 0 0 1
    outer loop
      vertex 68 37.5 2
      vertex 59 44.195 2
      vertex 67.7059 37.4856 2
    endloop
  endfacet
  facet normal 0 0 1
    outer loop
      vertex 8.54067 67.0524 2
      vertex 81.4593 67.0524 2
      vertex 81.5747 67.2963 2
    endloop
  endfacet
  facet normal 0 0 1
    outer loop
      vertex 67.7059 37.4856 2
      vertex 59 44.195 2
      vertex 67.4147 37.4424 2
    endloop
  endfacet
  facet normal 0 0 1
    outer loop
      vertex 67.4147 37.4424 2
      vertex 59 44.195 2
      vertex 67.1291 37.3708 2
    endloop
  endfacet
  facet normal 0 0 1
    outer loop
      vertex 67.1291 37.3708 2
      vertex 59 44.195 2
      vertex 66.852 37.2716 2
    endloop
  endfacet
  facet normal 0 0 1
    outer loop
      vertex 66.852 37.2716 2
      vertex 59 44.195 2
      vertex 66.5858 37.1458 2
    endloop
  endfacet
  facet normal 0 0 1
    outer loop
      vertex 66.5858 37.1458 2
      vertex 59 44.195 2
      vertex 66.3333 36.9944 2
    endloop
  endfacet
  facet normal 0 0 1
    outer loop
      vertex 66.3333 36.9944 2
      vertex 59 44.195 2
      vertex 66.0968 36.819 2
    endloop
  endfacet
  facet normal 0 0 1
    outer loop
      vertex 66.0968 36.819 2
      vertex 59 44.195 2
      vertex 65.8787 36.6213 2
    endloop
  endfacet
  facet normal 0 0 1
    outer loop
      vertex 65.8787 36.6213 2
      vertex 59 44.195 2
      vertex 65.681 36.4032 2
    endloop
  endfacet
  facet normal 0 0 1
    outer loop
      vertex 65.681 36.4032 2
      vertex 59 44.195 2
      vertex 65.5056 36.1667 2
    endloop
  endfacet
  facet normal 0 0 1
    outer loop
      vertex 59 27.195 2
      vertex 65.0144 34.7941 2
      vertex 59 44.195 2
    endloop
  endfacet
  facet normal 0 0 1
    outer loop
      vertex 65.0576 35.0853 2
      vertex 59 44.195 2
      vertex 65.0144 34.7941 2
    endloop
  endfacet
  facet normal 0 0 1
    outer loop
      vertex 65.1292 35.3709 2
      vertex 59 44.195 2
      vertex 65.0576 35.0853 2
    endloop
  endfacet
  facet normal 0 0 1
    outer loop
      vertex 65.2284 35.648 2
      vertex 59 44.195 2
      vertex 65.1292 35.3709 2
    endloop
  endfacet
  facet normal 0 0 1
    outer loop
      vertex 65.3542 35.9142 2
      vertex 59 44.195 2
      vertex 65.2284 35.648 2
    endloop
  endfacet
  facet normal 0 0 1
    outer loop
      vertex 65.5056 36.1667 2
      vertex 59 44.195 2
      vertex 65.3542 35.9142 2
    endloop
  endfacet
  facet normal 0 0 1
    outer loop
      vertex 8.42528 67.2963 2
      vertex 81.5747 67.2963 2
      vertex 81.7135 67.5278 2
    endloop
  endfacet
  facet normal 0 0 1
    outer loop
      vertex 8.28654 67.5278 2
      vertex 81.7135 67.5278 2
      vertex 81.8742 67.7446 2
    endloop
  endfacet
  facet normal 0 0 1
    outer loop
      vertex 8.12578 67.7446 2
      vertex 81.8742 67.7446 2
      vertex 82.0555 67.9445 2
    endloop
  endfacet
  facet normal 0 0 1
    outer loop
      vertex 81.3684 66.7983 2
      vertex 37 44.195 2
      vertex 59 44.195 2
    endloop
  endfacet
  facet normal 0 0 1
    outer loop
      vertex 7.94454 67.9445 2
      vertex 82.0555 67.9445 2
      vertex 82.2554 68.1258 2
    endloop
  endfacet
  facet normal 0 0 1
    outer loop
      vertex 7.74458 68.1258 2
      vertex 82.2554 68.1258 2
      vertex 82.4722 68.2865 2
    endloop
  endfacet
  facet normal 0 0 1
    outer loop
      vertex 7.52782 68.2865 2
      vertex 82.4722 68.2865 2
      vertex 82.7037 68.4253 2
    endloop
  endfacet
  facet normal -0 0 1
    outer loop
      vertex 17.4856 34.2941 2
      vertex 37 27.195 2
      vertex 37 44.195 2
    endloop
  endfacet
  facet normal 0 0 1
    outer loop
      vertex 81.4593 67.0524 2
      vertex 8.54067 67.0524 2
      vertex 37 44.195 2
    endloop
  endfacet
  facet normal 0 0 1
    outer loop
      vertex 37 27.195 2
      vertex 17.4856 34.2941 2
      vertex 17.5 34 2
    endloop
  endfacet
  facet normal 0 0 1
    outer loop
      vertex 37 44.195 2
      vertex 17.4424 34.5853 2
      vertex 17.4856 34.2941 2
    endloop
  endfacet
  facet normal 0 0 1
    outer loop
      vertex 37 44.195 2
      vertex 17.3708 34.8709 2
      vertex 17.4424 34.5853 2
    endloop
  endfacet
  facet normal 0 0 1
    outer loop
      vertex 37 44.195 2
      vertex 17.2716 35.148 2
      vertex 17.3708 34.8709 2
    endloop
  endfacet
  facet normal 0 0 1
    outer loop
      vertex 37 44.195 2
      vertex 17.1458 35.4142 2
      vertex 17.2716 35.148 2
    endloop
  endfacet
  facet normal 0 0 1
    outer loop
      vertex 37 44.195 2
      vertex 16.9944 35.6667 2
      vertex 17.1458 35.4142 2
    endloop
  endfacet
  facet normal 0 0 1
    outer loop
      vertex 37 44.195 2
      vertex 16.819 35.9032 2
      vertex 16.9944 35.6667 2
    endloop
  endfacet
  facet normal -0 0 1
    outer loop
      vertex 8.73676 65.7305 2
      vertex 37 44.195 2
      vertex 8.75 66 2
    endloop
  endfacet
  facet normal 0 0 1
    outer loop
      vertex 37 44.195 2
      vertex 16.6213 36.1213 2
      vertex 16.819 35.9032 2
    endloop
  endfacet
  facet normal 0 0 1
    outer loop
      vertex 37 44.195 2
      vertex 16.4032 36.319 2
      vertex 16.6213 36.1213 2
    endloop
  endfacet
  facet normal 0 0 1
    outer loop
      vertex 37 44.195 2
      vertex 16.1667 36.4944 2
      vertex 16.4032 36.319 2
    endloop
  endfacet
  facet normal 0 0 1
    outer loop
      vertex 37 44.195 2
      vertex 15.9142 36.6458 2
      vertex 16.1667 36.4944 2
    endloop
  endfacet
  facet normal 0 0 1
    outer loop
      vertex 7.29634 68.4253 2
      vertex 82.7037 68.4253 2
      vertex 82.9476 68.5407 2
    endloop
  endfacet
  facet normal 0 0 1
    outer loop
      vertex 37 44.195 2
      vertex 15.648 36.7716 2
      vertex 15.9142 36.6458 2
    endloop
  endfacet
  facet normal -0 0 1
    outer loop
      vertex 8.69716 65.4635 2
      vertex 37 44.195 2
      vertex 8.73676 65.7305 2
    endloop
  endfacet
  facet normal -0 0 1
    outer loop
      vertex 8.63159 65.2017 2
      vertex 37 44.195 2
      vertex 8.69716 65.4635 2
    endloop
  endfacet
  facet normal -0 0 1
    outer loop
      vertex 8.54067 64.9476 2
      vertex 37 44.195 2
      vertex 8.63159 65.2017 2
    endloop
  endfacet
  facet normal -0 0 1
    outer loop
      vertex 8.42528 64.7037 2
      vertex 37 44.195 2
      vertex 8.54067 64.9476 2
    endloop
  endfacet
  facet normal -0 0 1
    outer loop
      vertex 8.28654 64.4722 2
      vertex 37 44.195 2
      vertex 8.42528 64.7037 2
    endloop
  endfacet
  facet normal -0 0 1
    outer loop
      vertex 8.12578 64.2554 2
      vertex 37 44.195 2
      vertex 8.28654 64.4722 2
    endloop
  endfacet
  facet normal 0 0 1
    outer loop
      vertex 37 44.195 2
      vertex 8.12578 64.2554 2
      vertex 15.648 36.7716 2
    endloop
  endfacet
  facet normal 0 0 1
    outer loop
      vertex 13.9147 36.9424 2
      vertex 6.79828 63.3684 2
      vertex 13.6291 36.8708 2
    endloop
  endfacet
  facet normal -0 0 1
    outer loop
      vertex 6.79828 63.3684 2
      vertex 13.9147 36.9424 2
      vertex 7.05238 63.4593 2
    endloop
  endfacet
  facet normal 0 0 1
    outer loop
      vertex 14.2059 36.9856 2
      vertex 7.05238 63.4593 2
      vertex 13.9147 36.9424 2
    endloop
  endfacet
  facet normal -0 0 1
    outer loop
      vertex 7.05238 63.4593 2
      vertex 14.2059 36.9856 2
      vertex 7.29634 63.5747 2
    endloop
  endfacet
  facet normal 0 0 1
    outer loop
      vertex 14.5 37 2
      vertex 7.29634 63.5747 2
      vertex 14.2059 36.9856 2
    endloop
  endfacet
  facet normal -0 0 1
    outer loop
      vertex 7.29634 63.5747 2
      vertex 14.5 37 2
      vertex 7.52782 63.7135 2
    endloop
  endfacet
  facet normal 0 0 1
    outer loop
      vertex 14.7941 36.9856 2
      vertex 7.52782 63.7135 2
      vertex 14.5 37 2
    endloop
  endfacet
  facet normal -0 0 1
    outer loop
      vertex 7.52782 63.7135 2
      vertex 14.7941 36.9856 2
      vertex 7.74458 63.8742 2
    endloop
  endfacet
  facet normal 0 0 1
    outer loop
      vertex 15.0853 36.9424 2
      vertex 7.74458 63.8742 2
      vertex 14.7941 36.9856 2
    endloop
  endfacet
  facet normal -0 0 1
    outer loop
      vertex 7.74458 63.8742 2
      vertex 15.0853 36.9424 2
      vertex 7.94454 64.0555 2
    endloop
  endfacet
  facet normal 0 0 1
    outer loop
      vertex 15.3709 36.8708 2
      vertex 7.94454 64.0555 2
      vertex 15.0853 36.9424 2
    endloop
  endfacet
  facet normal -0 0 1
    outer loop
      vertex 7.94454 64.0555 2
      vertex 15.3709 36.8708 2
      vertex 8.12578 64.2554 2
    endloop
  endfacet
  facet normal 0 0 1
    outer loop
      vertex 15.648 36.7716 2
      vertex 8.12578 64.2554 2
      vertex 15.3709 36.8708 2
    endloop
  endfacet
  facet normal 0 0 1
    outer loop
      vertex 7.05238 68.5407 2
      vertex 82.9476 68.5407 2
      vertex 83.2017 68.6316 2
    endloop
  endfacet
  facet normal 0 0 1
    outer loop
      vertex 6.79828 68.6316 2
      vertex 83.2017 68.6316 2
      vertex 88 70 2
    endloop
  endfacet
  facet normal 0 0 1
    outer loop
      vertex 37 44.195 2
      vertex 8.73676 66.2695 2
      vertex 8.75 66 2
    endloop
  endfacet
  facet normal 0 0 1
    outer loop
      vertex 37 44.195 2
      vertex 8.69716 66.5365 2
      vertex 8.73676 66.2695 2
    endloop
  endfacet
  facet normal 0 0 1
    outer loop
      vertex 37 44.195 2
      vertex 8.63159 66.7983 2
      vertex 8.69716 66.5365 2
    endloop
  endfacet
  facet normal 0 0 1
    outer loop
      vertex 37 44.195 2
      vertex 8.54067 67.0524 2
      vertex 8.63159 66.7983 2
    endloop
  endfacet
  facet normal 0 0 1
    outer loop
      vertex 81.5747 67.2963 2
      vertex 8.42528 67.2963 2
      vertex 8.54067 67.0524 2
    endloop
  endfacet
  facet normal 0 0 1
    outer loop
      vertex 81.7135 67.5278 2
      vertex 8.28654 67.5278 2
      vertex 8.42528 67.2963 2
    endloop
  endfacet
  facet normal 0 0 1
    outer loop
      vertex 81.8742 67.7446 2
      vertex 8.12578 67.7446 2
      vertex 8.28654 67.5278 2
    endloop
  endfacet
  facet normal 0 0 1
    outer loop
      vertex 82.0555 67.9445 2
      vertex 7.94454 67.9445 2
      vertex 8.12578 67.7446 2
    endloop
  endfacet
  facet normal 0 0 1
    outer loop
      vertex 82.2554 68.1258 2
      vertex 7.74458 68.1258 2
      vertex 7.94454 67.9445 2
    endloop
  endfacet
  facet normal 0 0 1
    outer loop
      vertex 82.4722 68.2865 2
      vertex 7.52782 68.2865 2
      vertex 7.74458 68.1258 2
    endloop
  endfacet
  facet normal 0 0 1
    outer loop
      vertex 82.7037 68.4253 2
      vertex 7.29634 68.4253 2
      vertex 7.52782 68.2865 2
    endloop
  endfacet
  facet normal 0 0 1
    outer loop
      vertex 82.9476 68.5407 2
      vertex 7.05238 68.5407 2
      vertex 7.29634 68.4253 2
    endloop
  endfacet
  facet normal 0 0 1
    outer loop
      vertex 83.2017 68.6316 2
      vertex 6.79828 68.6316 2
      vertex 7.05238 68.5407 2
    endloop
  endfacet
  facet normal -0 0 1
    outer loop
      vertex 2 70 2
      vertex 6.79828 68.6316 2
      vertex 88 70 2
    endloop
  endfacet
  facet normal 0 0 1
    outer loop
      vertex 6.79828 68.6316 2
      vertex 2 70 2
      vertex 6.5365 68.6972 2
    endloop
  endfacet
  facet normal 0 0 1
    outer loop
      vertex 6.5365 68.6972 2
      vertex 2 70 2
      vertex 6.26955 68.7368 2
    endloop
  endfacet
  facet normal 0 0 1
    outer loop
      vertex 3.30284 6.5365 2
      vertex 2 2 2
      vertex 3.26324 6.26955 2
    endloop
  endfacet
  facet normal 0 0 1
    outer loop
      vertex 3.26324 66.2695 2
      vertex 2 70 2
      vertex 3.25 66 2
    endloop
  endfacet
  facet normal 0 0 1
    outer loop
      vertex 3.30284 66.5365 2
      vertex 2 70 2
      vertex 3.26324 66.2695 2
    endloop
  endfacet
  facet normal 0 0 1
    outer loop
      vertex 3.36841 66.7983 2
      vertex 2 70 2
      vertex 3.30284 66.5365 2
    endloop
  endfacet
  facet normal 0 0 1
    outer loop
      vertex 3.45933 67.0524 2
      vertex 2 70 2
      vertex 3.36841 66.7983 2
    endloop
  endfacet
  facet normal 0 0 1
    outer loop
      vertex 3.57472 67.2963 2
      vertex 2 70 2
      vertex 3.45933 67.0524 2
    endloop
  endfacet
  facet normal 0 0 1
    outer loop
      vertex 3.71346 67.5278 2
      vertex 2 70 2
      vertex 3.57472 67.2963 2
    endloop
  endfacet
  facet normal 0 0 1
    outer loop
      vertex 3.87422 67.7446 2
      vertex 2 70 2
      vertex 3.71346 67.5278 2
    endloop
  endfacet
  facet normal 0 0 1
    outer loop
      vertex 4.05546 67.9445 2
      vertex 2 70 2
      vertex 3.87422 67.7446 2
    endloop
  endfacet
  facet normal 0 0 1
    outer loop
      vertex 4.25542 68.1258 2
      vertex 2 70 2
      vertex 4.05546 67.9445 2
    endloop
  endfacet
  facet normal 0 0 1
    outer loop
      vertex 4.47218 68.2865 2
      vertex 2 70 2
      vertex 4.25542 68.1258 2
    endloop
  endfacet
  facet normal 0 0 1
    outer loop
      vertex 4.70366 68.4253 2
      vertex 2 70 2
      vertex 4.47218 68.2865 2
    endloop
  endfacet
  facet normal 0 0 1
    outer loop
      vertex 4.94762 68.5407 2
      vertex 2 70 2
      vertex 4.70366 68.4253 2
    endloop
  endfacet
  facet normal 0 0 1
    outer loop
      vertex 5.20172 68.6316 2
      vertex 2 70 2
      vertex 4.94762 68.5407 2
    endloop
  endfacet
  facet normal 0 0 1
    outer loop
      vertex 5.4635 68.6972 2
      vertex 2 70 2
      vertex 5.20172 68.6316 2
    endloop
  endfacet
  facet normal 0 0 1
    outer loop
      vertex 5.73045 68.7368 2
      vertex 2 70 2
      vertex 5.4635 68.6972 2
    endloop
  endfacet
  facet normal 0 0 1
    outer loop
      vertex 6 68.75 2
      vertex 2 70 2
      vertex 5.73045 68.7368 2
    endloop
  endfacet
  facet normal 0 0 1
    outer loop
      vertex 6.26955 68.7368 2
      vertex 2 70 2
      vertex 6 68.75 2
    endloop
  endfacet
  facet normal 0 0 1
    outer loop
      vertex 86.6972 65.4635 2
      vertex 88 70 2
      vertex 86.7368 65.7305 2
    endloop
  endfacet
  facet normal -0 0 1
    outer loop
      vertex 86.7368 5.73045 2
      vertex 88 2 2
      vertex 86.75 6 2
    endloop
  endfacet
  facet normal -0 0 1
    outer loop
      vertex 86.6972 5.4635 2
      vertex 88 2 2
      vertex 86.7368 5.73045 2
    endloop
  endfacet
  facet normal -0 0 1
    outer loop
      vertex 86.6316 5.20172 2
      vertex 88 2 2
      vertex 86.6972 5.4635 2
    endloop
  endfacet
  facet normal -0 0 1
    outer loop
      vertex 86.5407 4.94762 2
      vertex 88 2 2
      vertex 86.6316 5.20172 2
    endloop
  endfacet
  facet normal -0 0 1
    outer loop
      vertex 86.4253 4.70366 2
      vertex 88 2 2
      vertex 86.5407 4.94762 2
    endloop
  endfacet
  facet normal -0 0 1
    outer loop
      vertex 86.2865 4.47218 2
      vertex 88 2 2
      vertex 86.4253 4.70366 2
    endloop
  endfacet
  facet normal -0 0 1
    outer loop
      vertex 86.1258 4.25542 2
      vertex 88 2 2
      vertex 86.2865 4.47218 2
    endloop
  endfacet
  facet normal -0 0 1
    outer loop
      vertex 85.9445 4.05546 2
      vertex 88 2 2
      vertex 86.1258 4.25542 2
    endloop
  endfacet
  facet normal -0 0 1
    outer loop
      vertex 85.7446 3.87422 2
      vertex 88 2 2
      vertex 85.9445 4.05546 2
    endloop
  endfacet
  facet normal -0 0 1
    outer loop
      vertex 85.5278 3.71346 2
      vertex 88 2 2
      vertex 85.7446 3.87422 2
    endloop
  endfacet
  facet normal -0 0 1
    outer loop
      vertex 85.2963 3.57472 2
      vertex 88 2 2
      vertex 85.5278 3.71346 2
    endloop
  endfacet
  facet normal -0 0 1
    outer loop
      vertex 85.0524 3.45933 2
      vertex 88 2 2
      vertex 85.2963 3.57472 2
    endloop
  endfacet
  facet normal -0 0 1
    outer loop
      vertex 84.7983 3.36841 2
      vertex 88 2 2
      vertex 85.0524 3.45933 2
    endloop
  endfacet
  facet normal -0 0 1
    outer loop
      vertex 84.5365 3.30284 2
      vertex 88 2 2
      vertex 84.7983 3.36841 2
    endloop
  endfacet
  facet normal -0 0 1
    outer loop
      vertex 84.2695 3.26324 2
      vertex 88 2 2
      vertex 84.5365 3.30284 2
    endloop
  endfacet
  facet normal -0 0 1
    outer loop
      vertex 84 3.25 2
      vertex 88 2 2
      vertex 84.2695 3.26324 2
    endloop
  endfacet
  facet normal 0 0 1
    outer loop
      vertex 83.7305 3.26324 2
      vertex 88 2 2
      vertex 84 3.25 2
    endloop
  endfacet
  facet normal 0 0 1
    outer loop
      vertex 83.4635 3.30284 2
      vertex 88 2 2
      vertex 83.7305 3.26324 2
    endloop
  endfacet
  facet normal 0 0 1
    outer loop
      vertex 83.2017 3.36841 2
      vertex 88 2 2
      vertex 83.4635 3.30284 2
    endloop
  endfacet
  facet normal 0 0 1
    outer loop
      vertex 82.7037 8.42528 2
      vertex 69.4142 31.8542 2
      vertex 82.4722 8.28654 2
    endloop
  endfacet
  facet normal -0 0 1
    outer loop
      vertex 69.148 31.7284 2
      vertex 82.4722 8.28654 2
      vertex 69.4142 31.8542 2
    endloop
  endfacet
  facet normal 0 0 1
    outer loop
      vertex 82.4722 8.28654 2
      vertex 69.148 31.7284 2
      vertex 82.2554 8.12578 2
    endloop
  endfacet
  facet normal -0 0 1
    outer loop
      vertex 68.8708 31.6292 2
      vertex 82.2554 8.12578 2
      vertex 69.148 31.7284 2
    endloop
  endfacet
  facet normal 0 0 1
    outer loop
      vertex 82.2554 8.12578 2
      vertex 68.8708 31.6292 2
      vertex 82.0555 7.94454 2
    endloop
  endfacet
  facet normal -0 0 1
    outer loop
      vertex 68.5853 31.5576 2
      vertex 82.0555 7.94454 2
      vertex 68.8708 31.6292 2
    endloop
  endfacet
  facet normal 0 0 1
    outer loop
      vertex 82.0555 7.94454 2
      vertex 68.5853 31.5576 2
      vertex 81.8742 7.74458 2
    endloop
  endfacet
  facet normal -0 0 1
    outer loop
      vertex 68.2941 31.5144 2
      vertex 81.8742 7.74458 2
      vertex 68.5853 31.5576 2
    endloop
  endfacet
  facet normal 0 0 1
    outer loop
      vertex 81.8742 7.74458 2
      vertex 68.2941 31.5144 2
      vertex 81.7135 7.52782 2
    endloop
  endfacet
  facet normal -0 0 1
    outer loop
      vertex 59 27.195 2
      vertex 81.7135 7.52782 2
      vertex 68.2941 31.5144 2
    endloop
  endfacet
  facet normal -0 0 1
    outer loop
      vertex 54.5 14.5 2
      vertex 81.7135 7.52782 2
      vertex 59 27.195 2
    endloop
  endfacet
  facet normal 0 0 1
    outer loop
      vertex 81.7135 7.52782 2
      vertex 54.5 14.5 2
      vertex 81.5747 7.29634 2
    endloop
  endfacet
  facet normal 0 0 1
    outer loop
      vertex 81.4593 7.05238 2
      vertex 54.5 14.5 2
      vertex 81.3684 6.79828 2
    endloop
  endfacet
  facet normal 0 0 1
    outer loop
      vertex 81.3684 6.79828 2
      vertex 54.5 14.5 2
      vertex 81.3028 6.5365 2
    endloop
  endfacet
  facet normal 0 0 1
    outer loop
      vertex 81.3028 6.5365 2
      vertex 54.5 14.5 2
      vertex 81.2632 6.26955 2
    endloop
  endfacet
  facet normal 0 0 1
    outer loop
      vertex 81.2632 6.26955 2
      vertex 54.5 14.5 2
      vertex 81.25 6 2
    endloop
  endfacet
  facet normal 0 0 1
    outer loop
      vertex 81.25 6 2
      vertex 54.5 14.5 2
      vertex 81.2632 5.73045 2
    endloop
  endfacet
  facet normal 0 0 1
    outer loop
      vertex 81.2632 5.73045 2
      vertex 54.5 14.5 2
      vertex 81.3028 5.4635 2
    endloop
  endfacet
  facet normal -0 0 1
    outer loop
      vertex 48.8708 5.62915 2
      vertex 81.3028 5.4635 2
      vertex 54.5 14.5 2
    endloop
  endfacet
  facet normal 0 0 1
    outer loop
      vertex 81.3028 5.4635 2
      vertex 48.8708 5.62915 2
      vertex 81.3684 5.20172 2
    endloop
  endfacet
  facet normal 0 0 1
    outer loop
      vertex 59 27.195 2
      vertex 68.2941 31.5144 2
      vertex 68 31.5 2
    endloop
  endfacet
  facet normal 0 0 1
    outer loop
      vertex 59 27.195 2
      vertex 68 31.5 2
      vertex 67.7059 31.5144 2
    endloop
  endfacet
  facet normal 0 0 1
    outer loop
      vertex 59 27.195 2
      vertex 67.7059 31.5144 2
      vertex 67.4147 31.5576 2
    endloop
  endfacet
  facet normal 0 0 1
    outer loop
      vertex 59 27.195 2
      vertex 67.4147 31.5576 2
      vertex 67.1291 31.6292 2
    endloop
  endfacet
  facet normal 0 0 1
    outer loop
      vertex 59 27.195 2
      vertex 67.1291 31.6292 2
      vertex 66.852 31.7284 2
    endloop
  endfacet
  facet normal 0 0 1
    outer loop
      vertex 59 27.195 2
      vertex 66.852 31.7284 2
      vertex 66.5858 31.8542 2
    endloop
  endfacet
  facet normal 0 0 1
    outer loop
      vertex 59 27.195 2
      vertex 66.5858 31.8542 2
      vertex 66.3333 32.0056 2
    endloop
  endfacet
  facet normal 0 0 1
    outer loop
      vertex 59 27.195 2
      vertex 66.3333 32.0056 2
      vertex 66.0968 32.181 2
    endloop
  endfacet
  facet normal 0 0 1
    outer loop
      vertex 59 27.195 2
      vertex 66.0968 32.181 2
      vertex 65.8787 32.3787 2
    endloop
  endfacet
  facet normal 0 0 1
    outer loop
      vertex 59 27.195 2
      vertex 65.8787 32.3787 2
      vertex 65.681 32.5968 2
    endloop
  endfacet
  facet normal 0 0 1
    outer loop
      vertex 59 27.195 2
      vertex 65.681 32.5968 2
      vertex 65.5056 32.8333 2
    endloop
  endfacet
  facet normal 0 0 1
    outer loop
      vertex 59 27.195 2
      vertex 65.5056 32.8333 2
      vertex 65.3542 33.0858 2
    endloop
  endfacet
  facet normal 0 0 1
    outer loop
      vertex 65.0144 34.7941 2
      vertex 59 27.195 2
      vertex 65 34.5 2
    endloop
  endfacet
  facet normal 0 0 1
    outer loop
      vertex 65 34.5 2
      vertex 59 27.195 2
      vertex 65.0144 34.2059 2
    endloop
  endfacet
  facet normal 0 0 1
    outer loop
      vertex 65.0144 34.2059 2
      vertex 59 27.195 2
      vertex 65.0576 33.9147 2
    endloop
  endfacet
  facet normal 0 0 1
    outer loop
      vertex 65.0576 33.9147 2
      vertex 59 27.195 2
      vertex 65.1292 33.6291 2
    endloop
  endfacet
  facet normal 0 0 1
    outer loop
      vertex 65.1292 33.6291 2
      vertex 59 27.195 2
      vertex 65.2284 33.352 2
    endloop
  endfacet
  facet normal 0 0 1
    outer loop
      vertex 65.2284 33.352 2
      vertex 59 27.195 2
      vertex 65.3542 33.0858 2
    endloop
  endfacet
  facet normal 0 0 1
    outer loop
      vertex 81.5747 7.29634 2
      vertex 54.5 14.5 2
      vertex 81.4593 7.05238 2
    endloop
  endfacet
  facet normal -0 0 1
    outer loop
      vertex 48.7716 5.35195 2
      vertex 81.3684 5.20172 2
      vertex 48.8708 5.62915 2
    endloop
  endfacet
  facet normal 0 0 1
    outer loop
      vertex 81.3684 5.20172 2
      vertex 48.7716 5.35195 2
      vertex 81.4593 4.94762 2
    endloop
  endfacet
  facet normal -0 0 1
    outer loop
      vertex 48.6458 5.08581 2
      vertex 81.4593 4.94762 2
      vertex 48.7716 5.35195 2
    endloop
  endfacet
  facet normal 0 0 1
    outer loop
      vertex 54.5 14.5 2
      vertex 59 27.195 2
      vertex 54.5 24.5 2
    endloop
  endfacet
  facet normal 0 0 1
    outer loop
      vertex 81.4593 4.94762 2
      vertex 48.6458 5.08581 2
      vertex 81.5747 4.70366 2
    endloop
  endfacet
  facet normal -0 0 1
    outer loop
      vertex 48.4944 4.83329 2
      vertex 81.5747 4.70366 2
      vertex 48.6458 5.08581 2
    endloop
  endfacet
  facet normal 0 0 1
    outer loop
      vertex 81.5747 4.70366 2
      vertex 48.4944 4.83329 2
      vertex 81.7135 4.47218 2
    endloop
  endfacet
  facet normal -0 0 1
    outer loop
      vertex 48.319 4.59682 2
      vertex 81.7135 4.47218 2
      vertex 48.4944 4.83329 2
    endloop
  endfacet
  facet normal 0 0 1
    outer loop
      vertex 81.7135 4.47218 2
      vertex 48.319 4.59682 2
      vertex 81.8742 4.25542 2
    endloop
  endfacet
  facet normal 0 0 1
    outer loop
      vertex 48.9856 6.20595 2
      vertex 54.5 14.5 2
      vertex 49 6.5 2
    endloop
  endfacet
  facet normal 0 0 1
    outer loop
      vertex 48.9424 5.91473 2
      vertex 54.5 14.5 2
      vertex 48.9856 6.20595 2
    endloop
  endfacet
  facet normal 0 0 1
    outer loop
      vertex 48.8708 5.62915 2
      vertex 54.5 14.5 2
      vertex 48.9424 5.91473 2
    endloop
  endfacet
  facet normal -0 0 1
    outer loop
      vertex 48.1213 4.37868 2
      vertex 81.8742 4.25542 2
      vertex 48.319 4.59682 2
    endloop
  endfacet
  facet normal 0 0 1
    outer loop
      vertex 81.8742 4.25542 2
      vertex 48.1213 4.37868 2
      vertex 82.0555 4.05546 2
    endloop
  endfacet
  facet normal -0 0 1
    outer loop
      vertex 47.9032 4.18097 2
      vertex 82.0555 4.05546 2
      vertex 48.1213 4.37868 2
    endloop
  endfacet
  facet normal 0 0 1
    outer loop
      vertex 82.0555 4.05546 2
      vertex 47.9032 4.18097 2
      vertex 82.2554 3.87422 2
    endloop
  endfacet
  facet normal -0 0 1
    outer loop
      vertex 47.6667 4.00559 2
      vertex 82.2554 3.87422 2
      vertex 47.9032 4.18097 2
    endloop
  endfacet
  facet normal 0 0 1
    outer loop
      vertex 82.2554 3.87422 2
      vertex 47.6667 4.00559 2
      vertex 82.4722 3.71346 2
    endloop
  endfacet
  facet normal -0 0 1
    outer loop
      vertex 47.4142 3.85424 2
      vertex 82.4722 3.71346 2
      vertex 47.6667 4.00559 2
    endloop
  endfacet
  facet normal 0 0 1
    outer loop
      vertex 82.4722 3.71346 2
      vertex 47.4142 3.85424 2
      vertex 82.7037 3.57472 2
    endloop
  endfacet
  facet normal -0 0 1
    outer loop
      vertex 47.148 3.72836 2
      vertex 82.7037 3.57472 2
      vertex 47.4142 3.85424 2
    endloop
  endfacet
  facet normal 0 0 1
    outer loop
      vertex 82.7037 3.57472 2
      vertex 47.148 3.72836 2
      vertex 82.9476 3.45933 2
    endloop
  endfacet
  facet normal -0 0 1
    outer loop
      vertex 46.8709 3.62918 2
      vertex 82.9476 3.45933 2
      vertex 47.148 3.72836 2
    endloop
  endfacet
  facet normal 0 0 1
    outer loop
      vertex 82.9476 3.45933 2
      vertex 46.8709 3.62918 2
      vertex 83.2017 3.36841 2
    endloop
  endfacet
  facet normal -0 0 1
    outer loop
      vertex 46.5853 3.55764 2
      vertex 83.2017 3.36841 2
      vertex 46.8709 3.62918 2
    endloop
  endfacet
  facet normal 0 0 1
    outer loop
      vertex 83.2017 3.36841 2
      vertex 46.5853 3.55764 2
      vertex 88 2 2
    endloop
  endfacet
  facet normal -0 0 1
    outer loop
      vertex 46.2941 3.51445 2
      vertex 88 2 2
      vertex 46.5853 3.55764 2
    endloop
  endfacet
  facet normal -0 0 1
    outer loop
      vertex 46 3.5 2
      vertex 88 2 2
      vertex 46.2941 3.51445 2
    endloop
  endfacet
  facet normal 0 0 1
    outer loop
      vertex 40.5 14.5 2
      vertex 43.0144 6.20595 2
      vertex 43 6.5 2
    endloop
  endfacet
  facet normal 0 0 1
    outer loop
      vertex 8.75 6 2
      vertex 43.0144 6.20595 2
      vertex 40.5 14.5 2
    endloop
  endfacet
  facet normal 0 0 1
    outer loop
      vertex 8.73676 5.73045 2
      vertex 43.0144 6.20595 2
      vertex 8.75 6 2
    endloop
  endfacet
  facet normal -0 0 1
    outer loop
      vertex 17.4856 33.7059 2
      vertex 37 27.195 2
      vertex 17.5 34 2
    endloop
  endfacet
  facet normal -0 0 1
    outer loop
      vertex 17.4424 33.4147 2
      vertex 37 27.195 2
      vertex 17.4856 33.7059 2
    endloop
  endfacet
  facet normal -0 0 1
    outer loop
      vertex 17.3708 33.1291 2
      vertex 37 27.195 2
      vertex 17.4424 33.4147 2
    endloop
  endfacet
  facet normal -0 0 1
    outer loop
      vertex 17.2716 32.852 2
      vertex 37 27.195 2
      vertex 17.3708 33.1291 2
    endloop
  endfacet
  facet normal -0 0 1
    outer loop
      vertex 17.1458 32.5858 2
      vertex 37 27.195 2
      vertex 17.2716 32.852 2
    endloop
  endfacet
  facet normal -0 0 1
    outer loop
      vertex 16.9944 32.3333 2
      vertex 37 27.195 2
      vertex 17.1458 32.5858 2
    endloop
  endfacet
  facet normal -0 0 1
    outer loop
      vertex 16.819 32.0968 2
      vertex 37 27.195 2
      vertex 16.9944 32.3333 2
    endloop
  endfacet
  facet normal -0 0 1
    outer loop
      vertex 16.6213 31.8787 2
      vertex 37 27.195 2
      vertex 16.819 32.0968 2
    endloop
  endfacet
  facet normal -0 0 1
    outer loop
      vertex 16.4032 31.681 2
      vertex 37 27.195 2
      vertex 16.6213 31.8787 2
    endloop
  endfacet
  facet normal -0 0 1
    outer loop
      vertex 16.1667 31.5056 2
      vertex 37 27.195 2
      vertex 16.4032 31.681 2
    endloop
  endfacet
  facet normal -0 0 1
    outer loop
      vertex 15.9142 31.3542 2
      vertex 37 27.195 2
      vertex 16.1667 31.5056 2
    endloop
  endfacet
  facet normal 0 0 1
    outer loop
      vertex 37 27.195 2
      vertex 15.9142 31.3542 2
      vertex 40.5 14.5 2
    endloop
  endfacet
  facet normal 0 0 1
    outer loop
      vertex 43.0144 6.20595 2
      vertex 8.73676 5.73045 2
      vertex 43.0576 5.91473 2
    endloop
  endfacet
  facet normal 0 0 1
    outer loop
      vertex 8.69716 5.4635 2
      vertex 43.0576 5.91473 2
      vertex 8.73676 5.73045 2
    endloop
  endfacet
  facet normal 0 0 1
    outer loop
      vertex 43.0576 5.91473 2
      vertex 8.69716 5.4635 2
      vertex 43.1292 5.62915 2
    endloop
  endfacet
  facet normal 0 0 1
    outer loop
      vertex 8.63159 5.20172 2
      vertex 43.1292 5.62915 2
      vertex 8.69716 5.4635 2
    endloop
  endfacet
  facet normal 0 0 1
    outer loop
      vertex 43.1292 5.62915 2
      vertex 8.63159 5.20172 2
      vertex 43.2284 5.35195 2
    endloop
  endfacet
  facet normal 0 0 1
    outer loop
      vertex 40.5 14.5 2
      vertex 15.9142 31.3542 2
      vertex 8.75 6 2
    endloop
  endfacet
  facet normal 0 0 1
    outer loop
      vertex 8.75 6 2
      vertex 15.9142 31.3542 2
      vertex 15.648 31.2284 2
    endloop
  endfacet
  facet normal 0 0 1
    outer loop
      vertex 8.75 6 2
      vertex 15.648 31.2284 2
      vertex 15.3709 31.1292 2
    endloop
  endfacet
  facet normal 0 0 1
    outer loop
      vertex 8.75 6 2
      vertex 15.3709 31.1292 2
      vertex 15.0853 31.0576 2
    endloop
  endfacet
  facet normal 0 0 1
    outer loop
      vertex 8.75 6 2
      vertex 15.0853 31.0576 2
      vertex 14.7941 31.0144 2
    endloop
  endfacet
  facet normal 0 0 1
    outer loop
      vertex 8.75 6 2
      vertex 14.7941 31.0144 2
      vertex 14.5 31 2
    endloop
  endfacet
  facet normal 0 0 1
    outer loop
      vertex 8.54067 4.94762 2
      vertex 43.2284 5.35195 2
      vertex 8.63159 5.20172 2
    endloop
  endfacet
  facet normal 0 0 1
    outer loop
      vertex 8.75 6 2
      vertex 14.5 31 2
      vertex 14.2059 31.0144 2
    endloop
  endfacet
  facet normal 0 0 1
    outer loop
      vertex 8.75 6 2
      vertex 14.2059 31.0144 2
      vertex 13.9147 31.0576 2
    endloop
  endfacet
  facet normal 0 0 1
    outer loop
      vertex 8.75 6 2
      vertex 13.9147 31.0576 2
      vertex 13.6291 31.1292 2
    endloop
  endfacet
  facet normal 0 0 1
    outer loop
      vertex 8.75 6 2
      vertex 13.6291 31.1292 2
      vertex 13.3519 31.2284 2
    endloop
  endfacet
  facet normal 0 0 1
    outer loop
      vertex 8.75 6 2
      vertex 13.3519 31.2284 2
      vertex 13.0858 31.3542 2
    endloop
  endfacet
  facet normal 0 0 1
    outer loop
      vertex 8.75 6 2
      vertex 13.0858 31.3542 2
      vertex 12.8333 31.5056 2
    endloop
  endfacet
  facet normal 0 0 1
    outer loop
      vertex 8.75 6 2
      vertex 12.8333 31.5056 2
      vertex 12.5968 31.681 2
    endloop
  endfacet
  facet normal -0 0 1
    outer loop
      vertex 6.5365 63.3028 2
      vertex 13.6291 36.8708 2
      vertex 6.79828 63.3684 2
    endloop
  endfacet
  facet normal 0 0 1
    outer loop
      vertex 11.5 34 2
      vertex 8.75 6 2
      vertex 11.5144 33.7059 2
    endloop
  endfacet
  facet normal 0 0 1
    outer loop
      vertex 8.75 6 2
      vertex 11.5576 33.4147 2
      vertex 11.5144 33.7059 2
    endloop
  endfacet
  facet normal 0 0 1
    outer loop
      vertex 8.75 6 2
      vertex 11.6292 33.1291 2
      vertex 11.5576 33.4147 2
    endloop
  endfacet
  facet normal 0 0 1
    outer loop
      vertex 8.75 6 2
      vertex 11.7284 32.852 2
      vertex 11.6292 33.1291 2
    endloop
  endfacet
  facet normal 0 0 1
    outer loop
      vertex 8.75 6 2
      vertex 11.8542 32.5858 2
      vertex 11.7284 32.852 2
    endloop
  endfacet
  facet normal 0 0 1
    outer loop
      vertex 8.75 6 2
      vertex 12.0056 32.3333 2
      vertex 11.8542 32.5858 2
    endloop
  endfacet
  facet normal 0 0 1
    outer loop
      vertex 8.75 6 2
      vertex 12.181 32.0968 2
      vertex 12.0056 32.3333 2
    endloop
  endfacet
  facet normal 0 0 1
    outer loop
      vertex 8.75 6 2
      vertex 12.3787 31.8787 2
      vertex 12.181 32.0968 2
    endloop
  endfacet
  facet normal 0 0 1
    outer loop
      vertex 8.75 6 2
      vertex 12.5968 31.681 2
      vertex 12.3787 31.8787 2
    endloop
  endfacet
  facet normal 0 0 1
    outer loop
      vertex 43.2284 5.35195 2
      vertex 8.54067 4.94762 2
      vertex 43.3542 5.08581 2
    endloop
  endfacet
  facet normal 0 0 1
    outer loop
      vertex 8.42528 4.70366 2
      vertex 43.3542 5.08581 2
      vertex 8.54067 4.94762 2
    endloop
  endfacet
  facet normal 0 0 1
    outer loop
      vertex 43.3542 5.08581 2
      vertex 8.42528 4.70366 2
      vertex 43.5056 4.83329 2
    endloop
  endfacet
  facet normal 0 0 1
    outer loop
      vertex 8.28654 4.47218 2
      vertex 43.5056 4.83329 2
      vertex 8.42528 4.70366 2
    endloop
  endfacet
  facet normal 0 0 1
    outer loop
      vertex 43.5056 4.83329 2
      vertex 8.28654 4.47218 2
      vertex 43.681 4.59682 2
    endloop
  endfacet
  facet normal 0 0 1
    outer loop
      vertex 8.12578 4.25542 2
      vertex 43.681 4.59682 2
      vertex 8.28654 4.47218 2
    endloop
  endfacet
  facet normal 0 0 1
    outer loop
      vertex 43.681 4.59682 2
      vertex 8.12578 4.25542 2
      vertex 43.8787 4.37868 2
    endloop
  endfacet
  facet normal 0 0 1
    outer loop
      vertex 7.94454 4.05546 2
      vertex 43.8787 4.37868 2
      vertex 8.12578 4.25542 2
    endloop
  endfacet
  facet normal 0 0 1
    outer loop
      vertex 43.8787 4.37868 2
      vertex 7.94454 4.05546 2
      vertex 44.0968 4.18097 2
    endloop
  endfacet
  facet normal 0 0 1
    outer loop
      vertex 7.74458 3.87422 2
      vertex 44.0968 4.18097 2
      vertex 7.94454 4.05546 2
    endloop
  endfacet
  facet normal 0 0 1
    outer loop
      vertex 44.0968 4.18097 2
      vertex 7.74458 3.87422 2
      vertex 44.3333 4.00559 2
    endloop
  endfacet
  facet normal 0 0 1
    outer loop
      vertex 7.52782 3.71346 2
      vertex 44.3333 4.00559 2
      vertex 7.74458 3.87422 2
    endloop
  endfacet
  facet normal 0 0 1
    outer loop
      vertex 44.3333 4.00559 2
      vertex 7.52782 3.71346 2
      vertex 44.5858 3.85424 2
    endloop
  endfacet
  facet normal 0 0 1
    outer loop
      vertex 7.29634 3.57472 2
      vertex 44.5858 3.85424 2
      vertex 7.52782 3.71346 2
    endloop
  endfacet
  facet normal 0 0 1
    outer loop
      vertex 44.5858 3.85424 2
      vertex 7.29634 3.57472 2
      vertex 44.852 3.72836 2
    endloop
  endfacet
  facet normal 0 0 1
    outer loop
      vertex 7.05238 3.45933 2
      vertex 44.852 3.72836 2
      vertex 7.29634 3.57472 2
    endloop
  endfacet
  facet normal 0 0 1
    outer loop
      vertex 44.852 3.72836 2
      vertex 7.05238 3.45933 2
      vertex 45.1291 3.62918 2
    endloop
  endfacet
  facet normal 0 0 1
    outer loop
      vertex 6.79828 3.36841 2
      vertex 45.1291 3.62918 2
      vertex 7.05238 3.45933 2
    endloop
  endfacet
  facet normal 0 0 1
    outer loop
      vertex 45.1291 3.62918 2
      vertex 6.79828 3.36841 2
      vertex 45.4147 3.55764 2
    endloop
  endfacet
  facet normal 0 0 1
    outer loop
      vertex 2 2 2
      vertex 45.4147 3.55764 2
      vertex 6.79828 3.36841 2
    endloop
  endfacet
  facet normal 0 0 1
    outer loop
      vertex 45.4147 3.55764 2
      vertex 2 2 2
      vertex 45.7059 3.51445 2
    endloop
  endfacet
  facet normal 0 0 1
    outer loop
      vertex 45.7059 3.51445 2
      vertex 2 2 2
      vertex 46 3.5 2
    endloop
  endfacet
  facet normal 0 0 1
    outer loop
      vertex 2 2 2
      vertex 6.79828 3.36841 2
      vertex 6.5365 3.30284 2
    endloop
  endfacet
  facet normal 0 0 1
    outer loop
      vertex 2 2 2
      vertex 6.5365 3.30284 2
      vertex 6.26955 3.26324 2
    endloop
  endfacet
  facet normal 0 0 1
    outer loop
      vertex 2 2 2
      vertex 6.26955 3.26324 2
      vertex 6 3.25 2
    endloop
  endfacet
  facet normal 0 0 1
    outer loop
      vertex 46 3.5 2
      vertex 2 2 2
      vertex 88 2 2
    endloop
  endfacet
  facet normal 0 0 1
    outer loop
      vertex 5.73045 3.26324 2
      vertex 2 2 2
      vertex 6 3.25 2
    endloop
  endfacet
  facet normal 0 0 1
    outer loop
      vertex 5.4635 3.30284 2
      vertex 2 2 2
      vertex 5.73045 3.26324 2
    endloop
  endfacet
  facet normal 0 0 1
    outer loop
      vertex 5.20172 3.36841 2
      vertex 2 2 2
      vertex 5.4635 3.30284 2
    endloop
  endfacet
  facet normal 0 0 1
    outer loop
      vertex 4.94762 3.45933 2
      vertex 2 2 2
      vertex 5.20172 3.36841 2
    endloop
  endfacet
  facet normal 0 0 1
    outer loop
      vertex 4.70366 3.57472 2
      vertex 2 2 2
      vertex 4.94762 3.45933 2
    endloop
  endfacet
  facet normal 0 0 1
    outer loop
      vertex 4.47218 3.71346 2
      vertex 2 2 2
      vertex 4.70366 3.57472 2
    endloop
  endfacet
  facet normal 0 0 1
    outer loop
      vertex 4.25542 3.87422 2
      vertex 2 2 2
      vertex 4.47218 3.71346 2
    endloop
  endfacet
  facet normal 0 0 1
    outer loop
      vertex 4.05546 4.05546 2
      vertex 2 2 2
      vertex 4.25542 3.87422 2
    endloop
  endfacet
  facet normal 0 0 1
    outer loop
      vertex 3.87422 4.25542 2
      vertex 2 2 2
      vertex 4.05546 4.05546 2
    endloop
  endfacet
  facet normal 0 0 1
    outer loop
      vertex 3.71346 4.47218 2
      vertex 2 2 2
      vertex 3.87422 4.25542 2
    endloop
  endfacet
  facet normal 0 0 1
    outer loop
      vertex 3.57472 4.70366 2
      vertex 2 2 2
      vertex 3.71346 4.47218 2
    endloop
  endfacet
  facet normal 0 0 1
    outer loop
      vertex 3.45933 4.94762 2
      vertex 2 2 2
      vertex 3.57472 4.70366 2
    endloop
  endfacet
  facet normal 0 0 1
    outer loop
      vertex 3.36841 5.20172 2
      vertex 2 2 2
      vertex 3.45933 4.94762 2
    endloop
  endfacet
  facet normal 0 0 1
    outer loop
      vertex 3.30284 5.4635 2
      vertex 2 2 2
      vertex 3.36841 5.20172 2
    endloop
  endfacet
  facet normal 0 0 1
    outer loop
      vertex 3.26324 5.73045 2
      vertex 2 2 2
      vertex 3.30284 5.4635 2
    endloop
  endfacet
  facet normal 0 0 1
    outer loop
      vertex 3.25 6 2
      vertex 2 2 2
      vertex 3.26324 5.73045 2
    endloop
  endfacet
  facet normal 0 0 1
    outer loop
      vertex 3.26324 6.26955 2
      vertex 2 2 2
      vertex 3.25 6 2
    endloop
  endfacet
  facet normal 0 0 -1
    outer loop
      vertex 5.68785 64.4307 2
      vertex 5.68786 64.4307 2
      vertex 5.84317 64.4077 2
    endloop
  endfacet
  facet normal 0 0 -1
    outer loop
      vertex 5.68785 64.4307 2
      vertex 5.53555 64.4689 2
      vertex 5.68786 64.4307 2
    endloop
  endfacet
  facet normal 0 0 -1
    outer loop
      vertex 5.53554 64.4689 2
      vertex 5.53555 64.4689 2
      vertex 5.68785 64.4307 2
    endloop
  endfacet
  facet normal 0 0 -1
    outer loop
      vertex 5.53554 64.4689 2
      vertex 5.38771 64.5218 2
      vertex 5.53555 64.4689 2
    endloop
  endfacet
  facet normal 0 0 -1
    outer loop
      vertex 5.24576 64.5889 2
      vertex 5.24577 64.5889 2
      vertex 5.38771 64.5218 2
    endloop
  endfacet
  facet normal 0 0 -1
    outer loop
      vertex 5.24576 64.5889 2
      vertex 5.11109 64.6696 2
      vertex 5.24577 64.5889 2
    endloop
  endfacet
  facet normal 0 0 -1
    outer loop
      vertex 4.52179 65.3877 2
      vertex 4.46889 65.5355 2
      vertex 4.4689 65.5355 2
    endloop
  endfacet
  facet normal 0 0 -1
    outer loop
      vertex 4.43074 65.6879 2
      vertex 4.4689 65.5355 2
      vertex 4.46889 65.5355 2
    endloop
  endfacet
  facet normal 0 0 -1
    outer loop
      vertex 4.43074 65.6879 2
      vertex 4.4077 65.8432 2
      vertex 4.40771 65.8432 2
    endloop
  endfacet
  facet normal 0 0 -1
    outer loop
      vertex 4.4077 65.8432 2
      vertex 4.4 66 2
      vertex 4.40771 65.8432 2
    endloop
  endfacet
  facet normal 0 0 -1
    outer loop
      vertex 5.68786 67.5693 2
      vertex 5.68785 67.5693 2
      vertex 5.84317 67.5923 2
    endloop
  endfacet
  facet normal 0 0 -1
    outer loop
      vertex 5.53555 67.5311 2
      vertex 5.68785 67.5693 2
      vertex 5.68786 67.5693 2
    endloop
  endfacet
  facet normal 0 0 -1
    outer loop
      vertex 5.53555 67.5311 2
      vertex 5.53554 67.5311 2
      vertex 5.68785 67.5693 2
    endloop
  endfacet
  facet normal 0 0 -1
    outer loop
      vertex 5.38771 67.4782 2
      vertex 5.53554 67.5311 2
      vertex 5.53555 67.5311 2
    endloop
  endfacet
  facet normal 0 0 -1
    outer loop
      vertex 5.24577 67.4111 2
      vertex 5.24576 67.4111 2
      vertex 5.38771 67.4782 2
    endloop
  endfacet
  facet normal 0 0 -1
    outer loop
      vertex 5.11109 67.3304 2
      vertex 5.24576 67.4111 2
      vertex 5.24577 67.4111 2
    endloop
  endfacet
  facet normal 0 0 -1
    outer loop
      vertex 4.4689 66.4645 2
      vertex 4.46889 66.4645 2
      vertex 4.52179 66.6123 2
    endloop
  endfacet
  facet normal 0 0 -1
    outer loop
      vertex 4.43074 66.3121 2
      vertex 4.46889 66.4645 2
      vertex 4.4689 66.4645 2
    endloop
  endfacet
  facet normal 0 0 -1
    outer loop
      vertex 4.40771 66.1568 2
      vertex 4.4077 66.1568 2
      vertex 4.43074 66.3121 2
    endloop
  endfacet
  facet normal 0 0 -1
    outer loop
      vertex 4.4 66 2
      vertex 4.4077 66.1568 2
      vertex 4.40771 66.1568 2
    endloop
  endfacet
  facet normal 0 0 -1
    outer loop
      vertex 7.56926 5.68786 2
      vertex 7.59229 5.84317 2
      vertex 7.56926 5.68785 2
    endloop
  endfacet
  facet normal 0 0 -1
    outer loop
      vertex 7.5311 5.53555 2
      vertex 7.56926 5.68785 2
      vertex 7.5311 5.53554 2
    endloop
  endfacet
  facet normal -0 0 -1
    outer loop
      vertex 7.56926 5.68785 2
      vertex 7.5311 5.53555 2
      vertex 7.56926 5.68786 2
    endloop
  endfacet
  facet normal -0 0 -1
    outer loop
      vertex 7.5311 5.53554 2
      vertex 7.47821 5.38771 2
      vertex 7.5311 5.53555 2
    endloop
  endfacet
  facet normal 0 0 -1
    outer loop
      vertex 7.41107 5.24577 2
      vertex 7.47821 5.38771 2
      vertex 7.41107 5.24576 2
    endloop
  endfacet
  facet normal -0 0 -1
    outer loop
      vertex 7.41107 5.24576 2
      vertex 7.33035 5.11109 2
      vertex 7.41107 5.24577 2
    endloop
  endfacet
  facet normal 0 0 -1
    outer loop
      vertex 6.46445 4.4689 2
      vertex 6.61229 4.52179 2
      vertex 6.46445 4.46889 2
    endloop
  endfacet
  facet normal -0 0 -1
    outer loop
      vertex 6.46445 4.46889 2
      vertex 6.31214 4.43074 2
      vertex 6.46445 4.4689 2
    endloop
  endfacet
  facet normal 0 0 -1
    outer loop
      vertex 6.15683 4.40771 2
      vertex 6.31214 4.43074 2
      vertex 6.15683 4.4077 2
    endloop
  endfacet
  facet normal -0 0 -1
    outer loop
      vertex 6.15683 4.4077 2
      vertex 6 4.4 2
      vertex 6.15683 4.40771 2
    endloop
  endfacet
  facet normal 0 0 -1
    outer loop
      vertex 5.84317 4.4077 2
      vertex 5.84317 4.40771 2
      vertex 6 4.4 2
    endloop
  endfacet
  facet normal 0 0 -1
    outer loop
      vertex 5.84317 4.4077 2
      vertex 5.68786 4.43074 2
      vertex 5.84317 4.40771 2
    endloop
  endfacet
  facet normal 0 0 -1
    outer loop
      vertex 5.68785 4.43074 2
      vertex 5.68786 4.43074 2
      vertex 5.84317 4.4077 2
    endloop
  endfacet
  facet normal 0 0 -1
    outer loop
      vertex 5.68785 4.43074 2
      vertex 5.53555 4.4689 2
      vertex 5.68786 4.43074 2
    endloop
  endfacet
  facet normal 0 0 -1
    outer loop
      vertex 5.53554 4.46889 2
      vertex 5.53555 4.4689 2
      vertex 5.68785 4.43074 2
    endloop
  endfacet
  facet normal 0 0 -1
    outer loop
      vertex 5.53554 4.46889 2
      vertex 5.38771 4.52179 2
      vertex 5.53555 4.4689 2
    endloop
  endfacet
  facet normal 0 0 -1
    outer loop
      vertex 5.24576 4.58893 2
      vertex 5.24577 4.58893 2
      vertex 5.38771 4.52179 2
    endloop
  endfacet
  facet normal 0 0 -1
    outer loop
      vertex 5.24576 4.58893 2
      vertex 5.11109 4.66965 2
      vertex 5.24577 4.58893 2
    endloop
  endfacet
  facet normal 0 0 -1
    outer loop
      vertex 4.66965 5.11109 2
      vertex 4.58893 5.24576 2
      vertex 4.58893 5.24577 2
    endloop
  endfacet
  facet normal 0 0 -1
    outer loop
      vertex 4.52179 5.38771 2
      vertex 4.58893 5.24577 2
      vertex 4.58893 5.24576 2
    endloop
  endfacet
  facet normal 0 0 -1
    outer loop
      vertex 4.52179 5.38771 2
      vertex 4.46889 5.53554 2
      vertex 4.4689 5.53555 2
    endloop
  endfacet
  facet normal 0 0 -1
    outer loop
      vertex 4.43074 5.68785 2
      vertex 4.4689 5.53555 2
      vertex 4.46889 5.53554 2
    endloop
  endfacet
  facet normal 0 0 -1
    outer loop
      vertex 4.4689 5.53555 2
      vertex 4.43074 5.68785 2
      vertex 4.43074 5.68786 2
    endloop
  endfacet
  facet normal 0 0 -1
    outer loop
      vertex 4.4077 5.84317 2
      vertex 4.43074 5.68786 2
      vertex 4.43074 5.68785 2
    endloop
  endfacet
  facet normal 0 0 -1
    outer loop
      vertex 4.43074 5.68786 2
      vertex 4.4077 5.84317 2
      vertex 4.40771 5.84317 2
    endloop
  endfacet
  facet normal 0 0 -1
    outer loop
      vertex 4.4 6 2
      vertex 4.40771 5.84317 2
      vertex 4.4077 5.84317 2
    endloop
  endfacet
  facet normal 0 0 -1
    outer loop
      vertex 5.68786 7.56926 2
      vertex 5.68785 7.56926 2
      vertex 5.84317 7.59229 2
    endloop
  endfacet
  facet normal 0 0 -1
    outer loop
      vertex 5.53555 7.5311 2
      vertex 5.68785 7.56926 2
      vertex 5.68786 7.56926 2
    endloop
  endfacet
  facet normal 0 0 -1
    outer loop
      vertex 5.53555 7.5311 2
      vertex 5.53554 7.5311 2
      vertex 5.68785 7.56926 2
    endloop
  endfacet
  facet normal 0 0 -1
    outer loop
      vertex 5.38771 7.47821 2
      vertex 5.53554 7.5311 2
      vertex 5.53555 7.5311 2
    endloop
  endfacet
  facet normal 0 0 -1
    outer loop
      vertex 5.24577 7.41107 2
      vertex 5.24576 7.41107 2
      vertex 5.38771 7.47821 2
    endloop
  endfacet
  facet normal 0 0 -1
    outer loop
      vertex 5.11109 7.33035 2
      vertex 5.24576 7.41107 2
      vertex 5.24577 7.41107 2
    endloop
  endfacet
  facet normal 0 0 -1
    outer loop
      vertex 4.4689 6.46445 2
      vertex 4.46889 6.46445 2
      vertex 4.52179 6.61229 2
    endloop
  endfacet
  facet normal 0 0 -1
    outer loop
      vertex 4.43074 6.31214 2
      vertex 4.46889 6.46445 2
      vertex 4.4689 6.46445 2
    endloop
  endfacet
  facet normal 0 0 -1
    outer loop
      vertex 4.40771 6.15683 2
      vertex 4.4077 6.15683 2
      vertex 4.43074 6.31214 2
    endloop
  endfacet
  facet normal 0 0 -1
    outer loop
      vertex 4.4 6 2
      vertex 4.4077 6.15683 2
      vertex 4.40771 6.15683 2
    endloop
  endfacet
  facet normal 0 0 -1
    outer loop
      vertex 85.5693 5.68786 2
      vertex 85.5923 5.84317 2
      vertex 85.5693 5.68785 2
    endloop
  endfacet
  facet normal 0 0 -1
    outer loop
      vertex 85.5311 5.53555 2
      vertex 85.5693 5.68785 2
      vertex 85.5311 5.53554 2
    endloop
  endfacet
  facet normal -0 0 -1
    outer loop
      vertex 85.5693 5.68785 2
      vertex 85.5311 5.53555 2
      vertex 85.5693 5.68786 2
    endloop
  endfacet
  facet normal -0 0 -1
    outer loop
      vertex 85.5311 5.53554 2
      vertex 85.4782 5.38771 2
      vertex 85.5311 5.53555 2
    endloop
  endfacet
  facet normal 0 0 -1
    outer loop
      vertex 85.4111 5.24577 2
      vertex 85.4782 5.38771 2
      vertex 85.4111 5.24576 2
    endloop
  endfacet
  facet normal -0 0 -1
    outer loop
      vertex 85.4111 5.24576 2
      vertex 85.3304 5.11109 2
      vertex 85.4111 5.24577 2
    endloop
  endfacet
  facet normal 0 0 -1
    outer loop
      vertex 84.4645 4.4689 2
      vertex 84.6123 4.52179 2
      vertex 84.4645 4.46889 2
    endloop
  endfacet
  facet normal -0 0 -1
    outer loop
      vertex 84.4645 4.46889 2
      vertex 84.3121 4.43074 2
      vertex 84.4645 4.4689 2
    endloop
  endfacet
  facet normal 0 0 -1
    outer loop
      vertex 84.1568 4.40771 2
      vertex 84.3121 4.43074 2
      vertex 84.1568 4.4077 2
    endloop
  endfacet
  facet normal -0 0 -1
    outer loop
      vertex 84.1568 4.4077 2
      vertex 84 4.4 2
      vertex 84.1568 4.40771 2
    endloop
  endfacet
  facet normal 0 0 -1
    outer loop
      vertex 83.8432 4.4077 2
      vertex 83.8432 4.40771 2
      vertex 84 4.4 2
    endloop
  endfacet
  facet normal 0 0 -1
    outer loop
      vertex 83.8432 4.4077 2
      vertex 83.6879 4.43074 2
      vertex 83.8432 4.40771 2
    endloop
  endfacet
  facet normal 0 0 -1
    outer loop
      vertex 83.5355 4.4689 2
      vertex 83.6879 4.43074 2
      vertex 83.5355 4.46889 2
    endloop
  endfacet
  facet normal 0 0 -1
    outer loop
      vertex 83.5355 4.46889 2
      vertex 83.3877 4.52179 2
      vertex 83.5355 4.4689 2
    endloop
  endfacet
  facet normal 0 0 -1
    outer loop
      vertex 82.5889 5.24576 2
      vertex 82.5889 5.24577 2
      vertex 82.6696 5.11109 2
    endloop
  endfacet
  facet normal 0 0 -1
    outer loop
      vertex 82.5218 5.38771 2
      vertex 82.5889 5.24577 2
      vertex 82.5889 5.24576 2
    endloop
  endfacet
  facet normal 0 0 -1
    outer loop
      vertex 82.4689 5.53554 2
      vertex 82.4689 5.53555 2
      vertex 82.5218 5.38771 2
    endloop
  endfacet
  facet normal 0 0 -1
    outer loop
      vertex 82.4307 5.68785 2
      vertex 82.4689 5.53555 2
      vertex 82.4689 5.53554 2
    endloop
  endfacet
  facet normal 0 0 -1
    outer loop
      vertex 82.4307 5.68785 2
      vertex 82.4307 5.68786 2
      vertex 82.4689 5.53555 2
    endloop
  endfacet
  facet normal 0 0 -1
    outer loop
      vertex 82.4077 5.84317 2
      vertex 82.4307 5.68786 2
      vertex 82.4307 5.68785 2
    endloop
  endfacet
  facet normal 1 -0 0
    outer loop
      vertex 2 2 4
      vertex 2 70 2
      vertex 2 70 4
    endloop
  endfacet
  facet normal 1 0 0
    outer loop
      vertex 2 70 2
      vertex 2 2 4
      vertex 2 2 2
    endloop
  endfacet
  facet normal 0 -1 0
    outer loop
      vertex 2 70 2
      vertex 88 70 4
      vertex 2 70 4
    endloop
  endfacet
  facet normal 0 -1 -0
    outer loop
      vertex 88 70 4
      vertex 2 70 2
      vertex 88 70 2
    endloop
  endfacet
  facet normal 0 1 -0
    outer loop
      vertex 88 2 2
      vertex 2 2 4
      vertex 88 2 4
    endloop
  endfacet
  facet normal 0 1 0
    outer loop
      vertex 2 2 4
      vertex 88 2 2
      vertex 2 2 2
    endloop
  endfacet
  facet normal -1 0 0
    outer loop
      vertex 59 27.195 0
      vertex 59 44.195 2
      vertex 59 44.195 0
    endloop
  endfacet
  facet normal -1 -0 0
    outer loop
      vertex 59 44.195 2
      vertex 59 27.195 0
      vertex 59 27.195 2
    endloop
  endfacet
  facet normal 1 -0 0
    outer loop
      vertex 37 27.195 2
      vertex 37 44.195 0
      vertex 37 44.195 2
    endloop
  endfacet
  facet normal 1 0 0
    outer loop
      vertex 37 44.195 0
      vertex 37 27.195 2
      vertex 37 27.195 0
    endloop
  endfacet
  facet normal 0 -1 0
    outer loop
      vertex 37 44.195 0
      vertex 59 44.195 2
      vertex 37 44.195 2
    endloop
  endfacet
  facet normal 0 -1 -0
    outer loop
      vertex 59 44.195 2
      vertex 37 44.195 0
      vertex 59 44.195 0
    endloop
  endfacet
  facet normal 0 1 -0
    outer loop
      vertex 59 27.195 0
      vertex 37 27.195 2
      vertex 59 27.195 2
    endloop
  endfacet
  facet normal 0 1 0
    outer loop
      vertex 37 27.195 2
      vertex 59 27.195 0
      vertex 37 27.195 0
    endloop
  endfacet
  facet normal -1 0 0
    outer loop
      vertex 54.5 14.5 0
      vertex 54.5 24.5 2
      vertex 54.5 24.5 0
    endloop
  endfacet
  facet normal -1 -0 0
    outer loop
      vertex 54.5 24.5 2
      vertex 54.5 14.5 0
      vertex 54.5 14.5 2
    endloop
  endfacet
  facet normal 1 -0 0
    outer loop
      vertex 40.5 14.5 2
      vertex 40.5 24.5 0
      vertex 40.5 24.5 2
    endloop
  endfacet
  facet normal 1 0 0
    outer loop
      vertex 40.5 24.5 0
      vertex 40.5 14.5 2
      vertex 40.5 14.5 0
    endloop
  endfacet
  facet normal 0 -1 0
    outer loop
      vertex 40.5 24.5 0
      vertex 54.5 24.5 2
      vertex 40.5 24.5 2
    endloop
  endfacet
  facet normal 0 -1 -0
    outer loop
      vertex 54.5 24.5 2
      vertex 40.5 24.5 0
      vertex 54.5 24.5 0
    endloop
  endfacet
  facet normal 0 1 -0
    outer loop
      vertex 54.5 14.5 0
      vertex 40.5 14.5 2
      vertex 54.5 14.5 2
    endloop
  endfacet
  facet normal 0 1 0
    outer loop
      vertex 40.5 14.5 2
      vertex 54.5 14.5 0
      vertex 40.5 14.5 0
    endloop
  endfacet
  facet normal 0.671695 -0.740828 0
    outer loop
      vertex 7.74458 63.8742 2
      vertex 7.94454 64.0555 4
      vertex 7.74458 63.8742 4
    endloop
  endfacet
  facet normal 0.671695 -0.740828 0
    outer loop
      vertex 7.94454 64.0555 4
      vertex 7.74458 63.8742 2
      vertex 7.94454 64.0555 2
    endloop
  endfacet
  facet normal 0.98918 0.14671 0
    outer loop
      vertex 8.73676 66.2695 4
      vertex 8.69716 66.5365 2
      vertex 8.69716 66.5365 4
    endloop
  endfacet
  facet normal 0.98918 0.14671 0
    outer loop
      vertex 8.69716 66.5365 2
      vertex 8.73676 66.2695 4
      vertex 8.73676 66.2695 2
    endloop
  endfacet
  facet normal 0.998795 0.0490688 0
    outer loop
      vertex 8.75 66 4
      vertex 8.73676 66.2695 2
      vertex 8.73676 66.2695 4
    endloop
  endfacet
  facet normal 0.998795 0.0490688 0
    outer loop
      vertex 8.73676 66.2695 2
      vertex 8.75 66 4
      vertex 8.75 66 2
    endloop
  endfacet
  facet normal 0.970038 0.242954 0
    outer loop
      vertex 8.69716 66.5365 4
      vertex 8.63159 66.7983 2
      vertex 8.63159 66.7983 4
    endloop
  endfacet
  facet normal 0.970038 0.242954 0
    outer loop
      vertex 8.63159 66.7983 2
      vertex 8.69716 66.5365 4
      vertex 8.69716 66.5365 2
    endloop
  endfacet
  facet normal 0.427602 -0.903967 0
    outer loop
      vertex 7.05238 63.4593 2
      vertex 7.29634 63.5747 4
      vertex 7.05238 63.4593 4
    endloop
  endfacet
  facet normal 0.427602 -0.903967 0
    outer loop
      vertex 7.29634 63.5747 4
      vertex 7.05238 63.4593 2
      vertex 7.29634 63.5747 2
    endloop
  endfacet
  facet normal -0.0489119 0.998803 0
    outer loop
      vertex 6 68.75 2
      vertex 5.73045 68.7368 4
      vertex 6 68.75 4
    endloop
  endfacet
  facet normal -0.0489119 0.998803 0
    outer loop
      vertex 5.73045 68.7368 4
      vertex 6 68.75 2
      vertex 5.73045 68.7368 2
    endloop
  endfacet
  facet normal -0.427602 0.903967 0
    outer loop
      vertex 4.94762 68.5407 2
      vertex 4.70366 68.4253 4
      vertex 4.94762 68.5407 4
    endloop
  endfacet
  facet normal -0.427602 0.903967 0
    outer loop
      vertex 4.70366 68.4253 4
      vertex 4.94762 68.5407 2
      vertex 4.70366 68.4253 2
    endloop
  endfacet
  facet normal 0.740838 0.671683 0
    outer loop
      vertex 8.12578 67.7446 4
      vertex 7.94454 67.9445 2
      vertex 7.94454 67.9445 4
    endloop
  endfacet
  facet normal 0.740838 0.671683 0
    outer loop
      vertex 7.94454 67.9445 2
      vertex 8.12578 67.7446 4
      vertex 8.12578 67.7446 2
    endloop
  endfacet
  facet normal -0.146737 -0.989176 0
    outer loop
      vertex 5.4635 63.3028 2
      vertex 5.73045 63.2632 4
      vertex 5.4635 63.3028 4
    endloop
  endfacet
  facet normal -0.146737 -0.989176 -0
    outer loop
      vertex 5.73045 63.2632 4
      vertex 5.4635 63.3028 2
      vertex 5.73045 63.2632 2
    endloop
  endfacet
  facet normal 0.427602 0.903967 -0
    outer loop
      vertex 7.29634 68.4253 2
      vertex 7.05238 68.5407 4
      vertex 7.29634 68.4253 4
    endloop
  endfacet
  facet normal 0.427602 0.903967 0
    outer loop
      vertex 7.05238 68.5407 4
      vertex 7.29634 68.4253 2
      vertex 7.05238 68.5407 2
    endloop
  endfacet
  facet normal -0.146737 0.989176 0
    outer loop
      vertex 5.73045 68.7368 2
      vertex 5.4635 68.6972 4
      vertex 5.73045 68.7368 4
    endloop
  endfacet
  facet normal -0.146737 0.989176 0
    outer loop
      vertex 5.4635 68.6972 4
      vertex 5.73045 68.7368 2
      vertex 5.4635 68.6972 2
    endloop
  endfacet
  facet normal 0.243076 -0.970007 0
    outer loop
      vertex 6.5365 63.3028 2
      vertex 6.79828 63.3684 4
      vertex 6.5365 63.3028 4
    endloop
  endfacet
  facet normal 0.243076 -0.970007 0
    outer loop
      vertex 6.79828 63.3684 4
      vertex 6.5365 63.3028 2
      vertex 6.79828 63.3684 2
    endloop
  endfacet
  facet normal -0.595555 0.803314 0
    outer loop
      vertex 4.47218 68.2865 2
      vertex 4.25542 68.1258 4
      vertex 4.47218 68.2865 4
    endloop
  endfacet
  facet normal -0.595555 0.803314 0
    outer loop
      vertex 4.25542 68.1258 4
      vertex 4.47218 68.2865 2
      vertex 4.25542 68.1258 2
    endloop
  endfacet
  facet normal -0.903941 0.427658 0
    outer loop
      vertex 3.45933 67.0524 2
      vertex 3.57472 67.2963 4
      vertex 3.57472 67.2963 2
    endloop
  endfacet
  facet normal -0.903941 0.427658 0
    outer loop
      vertex 3.57472 67.2963 4
      vertex 3.45933 67.0524 2
      vertex 3.45933 67.0524 4
    endloop
  endfacet
  facet normal -0.427602 -0.903967 0
    outer loop
      vertex 4.70366 63.5747 2
      vertex 4.94762 63.4593 4
      vertex 4.70366 63.5747 4
    endloop
  endfacet
  facet normal -0.427602 -0.903967 -0
    outer loop
      vertex 4.94762 63.4593 4
      vertex 4.70366 63.5747 2
      vertex 4.94762 63.4593 2
    endloop
  endfacet
  facet normal -0.595555 -0.803314 0
    outer loop
      vertex 4.25542 63.8742 2
      vertex 4.47218 63.7135 4
      vertex 4.25542 63.8742 4
    endloop
  endfacet
  facet normal -0.595555 -0.803314 -0
    outer loop
      vertex 4.47218 63.7135 4
      vertex 4.25542 63.8742 2
      vertex 4.47218 63.7135 2
    endloop
  endfacet
  facet normal -0.903941 -0.427658 0
    outer loop
      vertex 3.57472 64.7037 2
      vertex 3.45933 64.9476 4
      vertex 3.45933 64.9476 2
    endloop
  endfacet
  facet normal -0.903941 -0.427658 0
    outer loop
      vertex 3.45933 64.9476 4
      vertex 3.57472 64.7037 2
      vertex 3.57472 64.7037 4
    endloop
  endfacet
  facet normal 0.514256 0.857637 -0
    outer loop
      vertex 7.52782 68.2865 2
      vertex 7.29634 68.4253 4
      vertex 7.52782 68.2865 4
    endloop
  endfacet
  facet normal 0.514256 0.857637 0
    outer loop
      vertex 7.29634 68.4253 4
      vertex 7.52782 68.2865 2
      vertex 7.29634 68.4253 2
    endloop
  endfacet
  facet normal 0.595555 -0.803314 0
    outer loop
      vertex 7.52782 63.7135 2
      vertex 7.74458 63.8742 4
      vertex 7.52782 63.7135 4
    endloop
  endfacet
  facet normal 0.595555 -0.803314 0
    outer loop
      vertex 7.74458 63.8742 4
      vertex 7.52782 63.7135 2
      vertex 7.74458 63.8742 2
    endloop
  endfacet
  facet normal -0.998795 -0.0490688 0
    outer loop
      vertex 3.26324 65.7305 2
      vertex 3.25 66 4
      vertex 3.25 66 2
    endloop
  endfacet
  facet normal -0.998795 -0.0490688 0
    outer loop
      vertex 3.25 66 4
      vertex 3.26324 65.7305 2
      vertex 3.26324 65.7305 4
    endloop
  endfacet
  facet normal -0.336829 -0.941566 0
    outer loop
      vertex 4.94762 63.4593 2
      vertex 5.20172 63.3684 4
      vertex 4.94762 63.4593 4
    endloop
  endfacet
  facet normal -0.336829 -0.941566 -0
    outer loop
      vertex 5.20172 63.3684 4
      vertex 4.94762 63.4593 2
      vertex 5.20172 63.3684 2
    endloop
  endfacet
  facet normal 0.595555 0.803314 -0
    outer loop
      vertex 7.74458 68.1258 2
      vertex 7.52782 68.2865 4
      vertex 7.74458 68.1258 4
    endloop
  endfacet
  facet normal 0.595555 0.803314 0
    outer loop
      vertex 7.52782 68.2865 4
      vertex 7.74458 68.1258 2
      vertex 7.52782 68.2865 2
    endloop
  endfacet
  facet normal 0.970038 -0.242954 0
    outer loop
      vertex 8.63159 65.2017 4
      vertex 8.69716 65.4635 2
      vertex 8.69716 65.4635 4
    endloop
  endfacet
  facet normal 0.970038 -0.242954 0
    outer loop
      vertex 8.69716 65.4635 2
      vertex 8.63159 65.2017 4
      vertex 8.63159 65.2017 2
    endloop
  endfacet
  facet normal -0.941542 -0.336895 0
    outer loop
      vertex 3.45933 64.9476 2
      vertex 3.36841 65.2017 4
      vertex 3.36841 65.2017 2
    endloop
  endfacet
  facet normal -0.941542 -0.336895 0
    outer loop
      vertex 3.36841 65.2017 4
      vertex 3.45933 64.9476 2
      vertex 3.45933 64.9476 4
    endloop
  endfacet
  facet normal 0.243076 0.970007 -0
    outer loop
      vertex 6.79828 68.6316 2
      vertex 6.5365 68.6972 4
      vertex 6.79828 68.6316 4
    endloop
  endfacet
  facet normal 0.243076 0.970007 0
    outer loop
      vertex 6.5365 68.6972 4
      vertex 6.79828 68.6316 2
      vertex 6.5365 68.6972 2
    endloop
  endfacet
  facet normal -0.740838 0.671683 0
    outer loop
      vertex 3.87422 67.7446 2
      vertex 4.05546 67.9445 4
      vertex 4.05546 67.9445 2
    endloop
  endfacet
  facet normal -0.740838 0.671683 0
    outer loop
      vertex 4.05546 67.9445 4
      vertex 3.87422 67.7446 2
      vertex 3.87422 67.7446 4
    endloop
  endfacet
  facet normal 0.0489119 -0.998803 0
    outer loop
      vertex 6 63.25 2
      vertex 6.26955 63.2632 4
      vertex 6 63.25 4
    endloop
  endfacet
  facet normal 0.0489119 -0.998803 0
    outer loop
      vertex 6.26955 63.2632 4
      vertex 6 63.25 2
      vertex 6.26955 63.2632 2
    endloop
  endfacet
  facet normal 0.80326 0.595628 0
    outer loop
      vertex 8.28654 67.5278 4
      vertex 8.12578 67.7446 2
      vertex 8.12578 67.7446 4
    endloop
  endfacet
  facet normal 0.80326 0.595628 0
    outer loop
      vertex 8.12578 67.7446 2
      vertex 8.28654 67.5278 4
      vertex 8.28654 67.5278 2
    endloop
  endfacet
  facet normal -0.970038 -0.242954 0
    outer loop
      vertex 3.36841 65.2017 2
      vertex 3.30284 65.4635 4
      vertex 3.30284 65.4635 2
    endloop
  endfacet
  facet normal -0.970038 -0.242954 0
    outer loop
      vertex 3.30284 65.4635 4
      vertex 3.36841 65.2017 2
      vertex 3.36841 65.2017 4
    endloop
  endfacet
  facet normal 0.98918 -0.14671 0
    outer loop
      vertex 8.69716 65.4635 4
      vertex 8.73676 65.7305 2
      vertex 8.73676 65.7305 4
    endloop
  endfacet
  facet normal 0.98918 -0.14671 0
    outer loop
      vertex 8.73676 65.7305 2
      vertex 8.69716 65.4635 4
      vertex 8.69716 65.4635 2
    endloop
  endfacet
  facet normal 0.514256 -0.857637 0
    outer loop
      vertex 7.29634 63.5747 2
      vertex 7.52782 63.7135 4
      vertex 7.29634 63.5747 4
    endloop
  endfacet
  facet normal 0.514256 -0.857637 0
    outer loop
      vertex 7.52782 63.7135 4
      vertex 7.29634 63.5747 2
      vertex 7.52782 63.7135 2
    endloop
  endfacet
  facet normal -0.941542 0.336895 0
    outer loop
      vertex 3.36841 66.7983 2
      vertex 3.45933 67.0524 4
      vertex 3.45933 67.0524 2
    endloop
  endfacet
  facet normal -0.941542 0.336895 0
    outer loop
      vertex 3.45933 67.0524 4
      vertex 3.36841 66.7983 2
      vertex 3.36841 66.7983 4
    endloop
  endfacet
  facet normal 0.671695 0.740828 -0
    outer loop
      vertex 7.94454 67.9445 2
      vertex 7.74458 68.1258 4
      vertex 7.94454 67.9445 4
    endloop
  endfacet
  facet normal 0.671695 0.740828 0
    outer loop
      vertex 7.74458 68.1258 4
      vertex 7.94454 67.9445 2
      vertex 7.74458 68.1258 2
    endloop
  endfacet
  facet normal -0.98918 0.14671 0
    outer loop
      vertex 3.26324 66.2695 2
      vertex 3.30284 66.5365 4
      vertex 3.30284 66.5365 2
    endloop
  endfacet
  facet normal -0.98918 0.14671 0
    outer loop
      vertex 3.30284 66.5365 4
      vertex 3.26324 66.2695 2
      vertex 3.26324 66.2695 4
    endloop
  endfacet
  facet normal 0.903941 -0.427658 0
    outer loop
      vertex 8.42528 64.7037 4
      vertex 8.54067 64.9476 2
      vertex 8.54067 64.9476 4
    endloop
  endfacet
  facet normal 0.903941 -0.427658 0
    outer loop
      vertex 8.54067 64.9476 2
      vertex 8.42528 64.7037 4
      vertex 8.42528 64.7037 2
    endloop
  endfacet
  facet normal 0.336829 0.941566 -0
    outer loop
      vertex 7.05238 68.5407 2
      vertex 6.79828 68.6316 4
      vertex 7.05238 68.5407 4
    endloop
  endfacet
  facet normal 0.336829 0.941566 0
    outer loop
      vertex 6.79828 68.6316 4
      vertex 7.05238 68.5407 2
      vertex 6.79828 68.6316 2
    endloop
  endfacet
  facet normal 0.998795 -0.0490688 0
    outer loop
      vertex 8.73676 65.7305 4
      vertex 8.75 66 2
      vertex 8.75 66 4
    endloop
  endfacet
  facet normal 0.998795 -0.0490688 0
    outer loop
      vertex 8.75 66 2
      vertex 8.73676 65.7305 4
      vertex 8.73676 65.7305 2
    endloop
  endfacet
  facet normal 0.146737 -0.989176 0
    outer loop
      vertex 6.26955 63.2632 2
      vertex 6.5365 63.3028 4
      vertex 6.26955 63.2632 4
    endloop
  endfacet
  facet normal 0.146737 -0.989176 0
    outer loop
      vertex 6.5365 63.3028 4
      vertex 6.26955 63.2632 2
      vertex 6.5365 63.3028 2
    endloop
  endfacet
  facet normal 0.941542 0.336895 0
    outer loop
      vertex 8.63159 66.7983 4
      vertex 8.54067 67.0524 2
      vertex 8.54067 67.0524 4
    endloop
  endfacet
  facet normal 0.941542 0.336895 0
    outer loop
      vertex 8.54067 67.0524 2
      vertex 8.63159 66.7983 4
      vertex 8.63159 66.7983 2
    endloop
  endfacet
  facet normal 0.80326 -0.595628 0
    outer loop
      vertex 8.12578 64.2554 4
      vertex 8.28654 64.4722 2
      vertex 8.28654 64.4722 4
    endloop
  endfacet
  facet normal 0.80326 -0.595628 0
    outer loop
      vertex 8.28654 64.4722 2
      vertex 8.12578 64.2554 4
      vertex 8.12578 64.2554 2
    endloop
  endfacet
  facet normal 0.857754 -0.51406 0
    outer loop
      vertex 8.28654 64.4722 4
      vertex 8.42528 64.7037 2
      vertex 8.42528 64.7037 4
    endloop
  endfacet
  facet normal 0.857754 -0.51406 0
    outer loop
      vertex 8.42528 64.7037 2
      vertex 8.28654 64.4722 4
      vertex 8.28654 64.4722 2
    endloop
  endfacet
  facet normal -0.243076 0.970007 0
    outer loop
      vertex 5.4635 68.6972 2
      vertex 5.20172 68.6316 4
      vertex 5.4635 68.6972 4
    endloop
  endfacet
  facet normal -0.243076 0.970007 0
    outer loop
      vertex 5.20172 68.6316 4
      vertex 5.4635 68.6972 2
      vertex 5.20172 68.6316 2
    endloop
  endfacet
  facet normal 0.941542 -0.336895 0
    outer loop
      vertex 8.54067 64.9476 4
      vertex 8.63159 65.2017 2
      vertex 8.63159 65.2017 4
    endloop
  endfacet
  facet normal 0.941542 -0.336895 0
    outer loop
      vertex 8.63159 65.2017 2
      vertex 8.54067 64.9476 4
      vertex 8.54067 64.9476 2
    endloop
  endfacet
  facet normal 0.0489119 0.998803 -0
    outer loop
      vertex 6.26955 68.7368 2
      vertex 6 68.75 4
      vertex 6.26955 68.7368 4
    endloop
  endfacet
  facet normal 0.0489119 0.998803 0
    outer loop
      vertex 6 68.75 4
      vertex 6.26955 68.7368 2
      vertex 6 68.75 2
    endloop
  endfacet
  facet normal -0.514256 0.857637 0
    outer loop
      vertex 4.70366 68.4253 2
      vertex 4.47218 68.2865 4
      vertex 4.70366 68.4253 4
    endloop
  endfacet
  facet normal -0.514256 0.857637 0
    outer loop
      vertex 4.47218 68.2865 4
      vertex 4.70366 68.4253 2
      vertex 4.47218 68.2865 2
    endloop
  endfacet
  facet normal 0.903941 0.427658 0
    outer loop
      vertex 8.54067 67.0524 4
      vertex 8.42528 67.2963 2
      vertex 8.42528 67.2963 4
    endloop
  endfacet
  facet normal 0.903941 0.427658 0
    outer loop
      vertex 8.42528 67.2963 2
      vertex 8.54067 67.0524 4
      vertex 8.54067 67.0524 2
    endloop
  endfacet
  facet normal 0.146737 0.989176 -0
    outer loop
      vertex 6.5365 68.6972 2
      vertex 6.26955 68.7368 4
      vertex 6.5365 68.6972 4
    endloop
  endfacet
  facet normal 0.146737 0.989176 0
    outer loop
      vertex 6.26955 68.7368 4
      vertex 6.5365 68.6972 2
      vertex 6.26955 68.7368 2
    endloop
  endfacet
  facet normal -0.243076 -0.970007 0
    outer loop
      vertex 5.20172 63.3684 2
      vertex 5.4635 63.3028 4
      vertex 5.20172 63.3684 4
    endloop
  endfacet
  facet normal -0.243076 -0.970007 -0
    outer loop
      vertex 5.4635 63.3028 4
      vertex 5.20172 63.3684 2
      vertex 5.4635 63.3028 2
    endloop
  endfacet
  facet normal -0.857754 -0.51406 0
    outer loop
      vertex 3.71346 64.4722 2
      vertex 3.57472 64.7037 4
      vertex 3.57472 64.7037 2
    endloop
  endfacet
  facet normal -0.857754 -0.51406 0
    outer loop
      vertex 3.57472 64.7037 4
      vertex 3.71346 64.4722 2
      vertex 3.71346 64.4722 4
    endloop
  endfacet
  facet normal 0.857754 0.51406 0
    outer loop
      vertex 8.42528 67.2963 4
      vertex 8.28654 67.5278 2
      vertex 8.28654 67.5278 4
    endloop
  endfacet
  facet normal 0.857754 0.51406 0
    outer loop
      vertex 8.28654 67.5278 2
      vertex 8.42528 67.2963 4
      vertex 8.42528 67.2963 2
    endloop
  endfacet
  facet normal -0.336829 0.941566 0
    outer loop
      vertex 5.20172 68.6316 2
      vertex 4.94762 68.5407 4
      vertex 5.20172 68.6316 4
    endloop
  endfacet
  facet normal -0.336829 0.941566 0
    outer loop
      vertex 4.94762 68.5407 4
      vertex 5.20172 68.6316 2
      vertex 4.94762 68.5407 2
    endloop
  endfacet
  facet normal -0.740838 -0.671683 0
    outer loop
      vertex 4.05546 64.0555 2
      vertex 3.87422 64.2554 4
      vertex 3.87422 64.2554 2
    endloop
  endfacet
  facet normal -0.740838 -0.671683 0
    outer loop
      vertex 3.87422 64.2554 4
      vertex 4.05546 64.0555 2
      vertex 4.05546 64.0555 4
    endloop
  endfacet
  facet normal -0.671695 0.740828 0
    outer loop
      vertex 4.25542 68.1258 2
      vertex 4.05546 67.9445 4
      vertex 4.25542 68.1258 4
    endloop
  endfacet
  facet normal -0.671695 0.740828 0
    outer loop
      vertex 4.05546 67.9445 4
      vertex 4.25542 68.1258 2
      vertex 4.05546 67.9445 2
    endloop
  endfacet
  facet normal -0.514256 -0.857637 0
    outer loop
      vertex 4.47218 63.7135 2
      vertex 4.70366 63.5747 4
      vertex 4.47218 63.7135 4
    endloop
  endfacet
  facet normal -0.514256 -0.857637 -0
    outer loop
      vertex 4.70366 63.5747 4
      vertex 4.47218 63.7135 2
      vertex 4.70366 63.5747 2
    endloop
  endfacet
  facet normal -0.970038 0.242954 0
    outer loop
      vertex 3.30284 66.5365 2
      vertex 3.36841 66.7983 4
      vertex 3.36841 66.7983 2
    endloop
  endfacet
  facet normal -0.970038 0.242954 0
    outer loop
      vertex 3.36841 66.7983 4
      vertex 3.30284 66.5365 2
      vertex 3.30284 66.5365 4
    endloop
  endfacet
  facet normal 0.336829 -0.941566 0
    outer loop
      vertex 6.79828 63.3684 2
      vertex 7.05238 63.4593 4
      vertex 6.79828 63.3684 4
    endloop
  endfacet
  facet normal 0.336829 -0.941566 0
    outer loop
      vertex 7.05238 63.4593 4
      vertex 6.79828 63.3684 2
      vertex 7.05238 63.4593 2
    endloop
  endfacet
  facet normal -0.80326 -0.595628 0
    outer loop
      vertex 3.87422 64.2554 2
      vertex 3.71346 64.4722 4
      vertex 3.71346 64.4722 2
    endloop
  endfacet
  facet normal -0.80326 -0.595628 0
    outer loop
      vertex 3.71346 64.4722 4
      vertex 3.87422 64.2554 2
      vertex 3.87422 64.2554 4
    endloop
  endfacet
  facet normal -0.98918 -0.14671 0
    outer loop
      vertex 3.30284 65.4635 2
      vertex 3.26324 65.7305 4
      vertex 3.26324 65.7305 2
    endloop
  endfacet
  facet normal -0.98918 -0.14671 0
    outer loop
      vertex 3.26324 65.7305 4
      vertex 3.30284 65.4635 2
      vertex 3.30284 65.4635 4
    endloop
  endfacet
  facet normal -0.671695 -0.740828 0
    outer loop
      vertex 4.05546 64.0555 2
      vertex 4.25542 63.8742 4
      vertex 4.05546 64.0555 4
    endloop
  endfacet
  facet normal -0.671695 -0.740828 -0
    outer loop
      vertex 4.25542 63.8742 4
      vertex 4.05546 64.0555 2
      vertex 4.25542 63.8742 2
    endloop
  endfacet
  facet normal -0.80326 0.595628 0
    outer loop
      vertex 3.71346 67.5278 2
      vertex 3.87422 67.7446 4
      vertex 3.87422 67.7446 2
    endloop
  endfacet
  facet normal -0.80326 0.595628 0
    outer loop
      vertex 3.87422 67.7446 4
      vertex 3.71346 67.5278 2
      vertex 3.71346 67.5278 4
    endloop
  endfacet
  facet normal -0.857754 0.51406 0
    outer loop
      vertex 3.57472 67.2963 2
      vertex 3.71346 67.5278 4
      vertex 3.71346 67.5278 2
    endloop
  endfacet
  facet normal -0.857754 0.51406 0
    outer loop
      vertex 3.71346 67.5278 4
      vertex 3.57472 67.2963 2
      vertex 3.57472 67.2963 4
    endloop
  endfacet
  facet normal 0 0 1
    outer loop
      vertex 7.6 66 4
      vertex 8.75 66 4
      vertex 8.73676 66.2695 4
    endloop
  endfacet
  facet normal 0 0 1
    outer loop
      vertex 7.59229 66.1568 4
      vertex 8.73676 66.2695 4
      vertex 8.69716 66.5365 4
    endloop
  endfacet
  facet normal 0 0 1
    outer loop
      vertex 8.75 66 4
      vertex 7.6 66 4
      vertex 8.73676 65.7305 4
    endloop
  endfacet
  facet normal 0 0 1
    outer loop
      vertex 7.56926 66.3121 4
      vertex 8.69716 66.5365 4
      vertex 8.63159 66.7983 4
    endloop
  endfacet
  facet normal -0 0 1
    outer loop
      vertex 7.59229 65.8432 4
      vertex 8.73676 65.7305 4
      vertex 7.6 66 4
    endloop
  endfacet
  facet normal 0 0 1
    outer loop
      vertex 7.5311 66.4645 4
      vertex 8.63159 66.7983 4
      vertex 8.54067 67.0524 4
    endloop
  endfacet
  facet normal 0 0 1
    outer loop
      vertex 8.73676 65.7305 4
      vertex 7.59229 65.8432 4
      vertex 8.69716 65.4635 4
    endloop
  endfacet
  facet normal 0 0 1
    outer loop
      vertex 7.47821 66.6123 4
      vertex 8.54067 67.0524 4
      vertex 8.42528 67.2963 4
    endloop
  endfacet
  facet normal -0 0 1
    outer loop
      vertex 7.56926 65.6879 4
      vertex 8.69716 65.4635 4
      vertex 7.59229 65.8432 4
    endloop
  endfacet
  facet normal 0 0 1
    outer loop
      vertex 7.41107 66.7542 4
      vertex 8.42528 67.2963 4
      vertex 8.28654 67.5278 4
    endloop
  endfacet
  facet normal 0 0 1
    outer loop
      vertex 8.69716 65.4635 4
      vertex 7.56926 65.6879 4
      vertex 8.63159 65.2017 4
    endloop
  endfacet
  facet normal 0 0 1
    outer loop
      vertex 7.33035 66.8889 4
      vertex 8.28654 67.5278 4
      vertex 8.12578 67.7446 4
    endloop
  endfacet
  facet normal -0 0 1
    outer loop
      vertex 7.5311 65.5355 4
      vertex 8.63159 65.2017 4
      vertex 7.56926 65.6879 4
    endloop
  endfacet
  facet normal 0 0 1
    outer loop
      vertex 7.23682 67.015 4
      vertex 8.12578 67.7446 4
      vertex 7.94454 67.9445 4
    endloop
  endfacet
  facet normal 0 0 1
    outer loop
      vertex 8.63159 65.2017 4
      vertex 7.5311 65.5355 4
      vertex 8.54067 64.9476 4
    endloop
  endfacet
  facet normal 0 0 1
    outer loop
      vertex 7.13137 67.1314 4
      vertex 7.94454 67.9445 4
      vertex 7.74458 68.1258 4
    endloop
  endfacet
  facet normal -0 0 1
    outer loop
      vertex 7.47821 65.3877 4
      vertex 8.54067 64.9476 4
      vertex 7.5311 65.5355 4
    endloop
  endfacet
  facet normal 0 0 1
    outer loop
      vertex 8.54067 64.9476 4
      vertex 7.47821 65.3877 4
      vertex 8.42528 64.7037 4
    endloop
  endfacet
  facet normal 0 0 1
    outer loop
      vertex 8.73676 66.2695 4
      vertex 7.59229 66.1568 4
      vertex 7.6 66 4
    endloop
  endfacet
  facet normal 0 0 1
    outer loop
      vertex 8.69716 66.5365 4
      vertex 7.56926 66.3121 4
      vertex 7.59229 66.1568 4
    endloop
  endfacet
  facet normal 0 0 1
    outer loop
      vertex 8.63159 66.7983 4
      vertex 7.5311 66.4645 4
      vertex 7.56926 66.3121 4
    endloop
  endfacet
  facet normal 0 0 1
    outer loop
      vertex 7.01503 67.2368 4
      vertex 7.74458 68.1258 4
      vertex 7.52782 68.2865 4
    endloop
  endfacet
  facet normal 0 0 1
    outer loop
      vertex 8.54067 67.0524 4
      vertex 7.47821 66.6123 4
      vertex 7.5311 66.4645 4
    endloop
  endfacet
  facet normal 0 0 1
    outer loop
      vertex 8.42528 67.2963 4
      vertex 7.41107 66.7542 4
      vertex 7.47821 66.6123 4
    endloop
  endfacet
  facet normal 0 0 1
    outer loop
      vertex 8.28654 67.5278 4
      vertex 7.33035 66.8889 4
      vertex 7.41107 66.7542 4
    endloop
  endfacet
  facet normal 0 0 1
    outer loop
      vertex 6.88891 67.3304 4
      vertex 7.52782 68.2865 4
      vertex 7.29634 68.4253 4
    endloop
  endfacet
  facet normal 0 0 1
    outer loop
      vertex 8.12578 67.7446 4
      vertex 7.23682 67.015 4
      vertex 7.33035 66.8889 4
    endloop
  endfacet
  facet normal 0 0 1
    outer loop
      vertex 7.94454 67.9445 4
      vertex 7.13137 67.1314 4
      vertex 7.23682 67.015 4
    endloop
  endfacet
  facet normal 0 0 1
    outer loop
      vertex 6.75423 67.4111 4
      vertex 7.29634 68.4253 4
      vertex 7.05238 68.5407 4
    endloop
  endfacet
  facet normal 0 0 1
    outer loop
      vertex 7.74458 68.1258 4
      vertex 7.01503 67.2368 4
      vertex 7.13137 67.1314 4
    endloop
  endfacet
  facet normal 0 0 1
    outer loop
      vertex 7.52782 68.2865 4
      vertex 6.88891 67.3304 4
      vertex 7.01503 67.2368 4
    endloop
  endfacet
  facet normal 0 0 1
    outer loop
      vertex 6.61229 67.4782 4
      vertex 7.05238 68.5407 4
      vertex 6.79828 68.6316 4
    endloop
  endfacet
  facet normal 0 0 1
    outer loop
      vertex 7.29634 68.4253 4
      vertex 6.75423 67.4111 4
      vertex 6.88891 67.3304 4
    endloop
  endfacet
  facet normal 0 0 1
    outer loop
      vertex 7.05238 68.5407 4
      vertex 6.61229 67.4782 4
      vertex 6.75423 67.4111 4
    endloop
  endfacet
  facet normal 0 0 1
    outer loop
      vertex 6.46445 67.5311 4
      vertex 6.79828 68.6316 4
      vertex 6.5365 68.6972 4
    endloop
  endfacet
  facet normal 0 0 1
    outer loop
      vertex 6.79828 68.6316 4
      vertex 6.46445 67.5311 4
      vertex 6.61229 67.4782 4
    endloop
  endfacet
  facet normal 0 0 1
    outer loop
      vertex 6.5365 68.6972 4
      vertex 6.31214 67.5693 4
      vertex 6.46445 67.5311 4
    endloop
  endfacet
  facet normal 0 0 1
    outer loop
      vertex 6.26955 68.7368 4
      vertex 6.31214 67.5693 4
      vertex 6.5365 68.6972 4
    endloop
  endfacet
  facet normal 0 0 1
    outer loop
      vertex 6.26955 68.7368 4
      vertex 6.15683 67.5923 4
      vertex 6.31214 67.5693 4
    endloop
  endfacet
  facet normal 0 0 1
    outer loop
      vertex 6 68.75 4
      vertex 6.15683 67.5923 4
      vertex 6.26955 68.7368 4
    endloop
  endfacet
  facet normal 0 0 1
    outer loop
      vertex 6 68.75 4
      vertex 6 67.6 4
      vertex 6.15683 67.5923 4
    endloop
  endfacet
  facet normal 0 0 1
    outer loop
      vertex 6 68.75 4
      vertex 5.84317 67.5923 4
      vertex 6 67.6 4
    endloop
  endfacet
  facet normal -0 0 1
    outer loop
      vertex 5.73045 68.7368 4
      vertex 5.84317 67.5923 4
      vertex 6 68.75 4
    endloop
  endfacet
  facet normal 0 0 1
    outer loop
      vertex 5.73045 68.7368 4
      vertex 5.68786 67.5693 4
      vertex 5.84317 67.5923 4
    endloop
  endfacet
  facet normal -0 0 1
    outer loop
      vertex 5.4635 68.6972 4
      vertex 5.68786 67.5693 4
      vertex 5.73045 68.7368 4
    endloop
  endfacet
  facet normal 0 0 1
    outer loop
      vertex 5.68786 67.5693 4
      vertex 5.4635 68.6972 4
      vertex 5.53555 67.5311 4
    endloop
  endfacet
  facet normal -0 0 1
    outer loop
      vertex 5.20172 68.6316 4
      vertex 5.53555 67.5311 4
      vertex 5.4635 68.6972 4
    endloop
  endfacet
  facet normal 0 0 1
    outer loop
      vertex 5.53555 67.5311 4
      vertex 5.20172 68.6316 4
      vertex 5.38771 67.4782 4
    endloop
  endfacet
  facet normal -0 0 1
    outer loop
      vertex 4.94762 68.5407 4
      vertex 5.38771 67.4782 4
      vertex 5.20172 68.6316 4
    endloop
  endfacet
  facet normal 0 0 1
    outer loop
      vertex 5.38771 67.4782 4
      vertex 4.94762 68.5407 4
      vertex 5.24577 67.4111 4
    endloop
  endfacet
  facet normal -0 0 1
    outer loop
      vertex 4.70366 68.4253 4
      vertex 5.24577 67.4111 4
      vertex 4.94762 68.5407 4
    endloop
  endfacet
  facet normal 0 0 1
    outer loop
      vertex 5.24577 67.4111 4
      vertex 4.70366 68.4253 4
      vertex 5.11109 67.3304 4
    endloop
  endfacet
  facet normal -0 0 1
    outer loop
      vertex 4.47218 68.2865 4
      vertex 5.11109 67.3304 4
      vertex 4.70366 68.4253 4
    endloop
  endfacet
  facet normal 0 0 1
    outer loop
      vertex 5.11109 67.3304 4
      vertex 4.47218 68.2865 4
      vertex 4.98497 67.2368 4
    endloop
  endfacet
  facet normal -0 0 1
    outer loop
      vertex 4.25542 68.1258 4
      vertex 4.98497 67.2368 4
      vertex 4.47218 68.2865 4
    endloop
  endfacet
  facet normal 0 0 1
    outer loop
      vertex 4.98497 67.2368 4
      vertex 4.25542 68.1258 4
      vertex 4.86863 67.1314 4
    endloop
  endfacet
  facet normal -0 0 1
    outer loop
      vertex 4.05546 67.9445 4
      vertex 4.86863 67.1314 4
      vertex 4.25542 68.1258 4
    endloop
  endfacet
  facet normal 0 0 1
    outer loop
      vertex 4.86863 67.1314 4
      vertex 4.05546 67.9445 4
      vertex 4.76318 67.015 4
    endloop
  endfacet
  facet normal -0 0 1
    outer loop
      vertex 3.87422 67.7446 4
      vertex 4.76318 67.015 4
      vertex 4.05546 67.9445 4
    endloop
  endfacet
  facet normal 0 0 1
    outer loop
      vertex 4.76318 67.015 4
      vertex 3.87422 67.7446 4
      vertex 4.66965 66.8889 4
    endloop
  endfacet
  facet normal -0 0 1
    outer loop
      vertex 3.71346 67.5278 4
      vertex 4.66965 66.8889 4
      vertex 3.87422 67.7446 4
    endloop
  endfacet
  facet normal 0 0 1
    outer loop
      vertex 4.66965 66.8889 4
      vertex 3.71346 67.5278 4
      vertex 4.58893 66.7542 4
    endloop
  endfacet
  facet normal -0 0 1
    outer loop
      vertex 3.57472 67.2963 4
      vertex 4.58893 66.7542 4
      vertex 3.71346 67.5278 4
    endloop
  endfacet
  facet normal 0 0 1
    outer loop
      vertex 4.58893 66.7542 4
      vertex 3.57472 67.2963 4
      vertex 4.52179 66.6123 4
    endloop
  endfacet
  facet normal -0 0 1
    outer loop
      vertex 7.41107 65.2458 4
      vertex 8.42528 64.7037 4
      vertex 7.47821 65.3877 4
    endloop
  endfacet
  facet normal 0 0 1
    outer loop
      vertex 8.42528 64.7037 4
      vertex 7.41107 65.2458 4
      vertex 8.28654 64.4722 4
    endloop
  endfacet
  facet normal -0 0 1
    outer loop
      vertex 7.33035 65.1111 4
      vertex 8.28654 64.4722 4
      vertex 7.41107 65.2458 4
    endloop
  endfacet
  facet normal 0 0 1
    outer loop
      vertex 8.28654 64.4722 4
      vertex 7.33035 65.1111 4
      vertex 8.12578 64.2554 4
    endloop
  endfacet
  facet normal -0 0 1
    outer loop
      vertex 7.23682 64.985 4
      vertex 8.12578 64.2554 4
      vertex 7.33035 65.1111 4
    endloop
  endfacet
  facet normal 0 0 1
    outer loop
      vertex 8.12578 64.2554 4
      vertex 7.23682 64.985 4
      vertex 7.94454 64.0555 4
    endloop
  endfacet
  facet normal -0 0 1
    outer loop
      vertex 7.13137 64.8686 4
      vertex 7.94454 64.0555 4
      vertex 7.23682 64.985 4
    endloop
  endfacet
  facet normal 0 0 1
    outer loop
      vertex 7.94454 64.0555 4
      vertex 7.13137 64.8686 4
      vertex 7.74458 63.8742 4
    endloop
  endfacet
  facet normal -0 0 1
    outer loop
      vertex 7.01503 64.7632 4
      vertex 7.74458 63.8742 4
      vertex 7.13137 64.8686 4
    endloop
  endfacet
  facet normal 0 0 1
    outer loop
      vertex 7.74458 63.8742 4
      vertex 7.01503 64.7632 4
      vertex 7.52782 63.7135 4
    endloop
  endfacet
  facet normal -0 0 1
    outer loop
      vertex 6.88891 64.6696 4
      vertex 7.52782 63.7135 4
      vertex 7.01503 64.7632 4
    endloop
  endfacet
  facet normal 0 0 1
    outer loop
      vertex 7.52782 63.7135 4
      vertex 6.88891 64.6696 4
      vertex 7.29634 63.5747 4
    endloop
  endfacet
  facet normal -0 0 1
    outer loop
      vertex 6.75423 64.5889 4
      vertex 7.29634 63.5747 4
      vertex 6.88891 64.6696 4
    endloop
  endfacet
  facet normal 0 0 1
    outer loop
      vertex 7.29634 63.5747 4
      vertex 6.75423 64.5889 4
      vertex 7.05238 63.4593 4
    endloop
  endfacet
  facet normal -0 0 1
    outer loop
      vertex 6.61229 64.5218 4
      vertex 7.05238 63.4593 4
      vertex 6.75423 64.5889 4
    endloop
  endfacet
  facet normal 0 0 1
    outer loop
      vertex 7.05238 63.4593 4
      vertex 6.61229 64.5218 4
      vertex 6.79828 63.3684 4
    endloop
  endfacet
  facet normal -0 0 1
    outer loop
      vertex 6.46445 64.4689 4
      vertex 6.79828 63.3684 4
      vertex 6.61229 64.5218 4
    endloop
  endfacet
  facet normal 0 0 1
    outer loop
      vertex 6.79828 63.3684 4
      vertex 6.46445 64.4689 4
      vertex 6.5365 63.3028 4
    endloop
  endfacet
  facet normal -0 0 1
    outer loop
      vertex 6.31214 64.4307 4
      vertex 6.5365 63.3028 4
      vertex 6.46445 64.4689 4
    endloop
  endfacet
  facet normal 0 0 1
    outer loop
      vertex 6.31214 64.4307 4
      vertex 6.26955 63.2632 4
      vertex 6.5365 63.3028 4
    endloop
  endfacet
  facet normal -0 0 1
    outer loop
      vertex 6.15683 64.4077 4
      vertex 6.26955 63.2632 4
      vertex 6.31214 64.4307 4
    endloop
  endfacet
  facet normal -0 0 1
    outer loop
      vertex 6 64.4 4
      vertex 6.26955 63.2632 4
      vertex 6.15683 64.4077 4
    endloop
  endfacet
  facet normal 0 0 1
    outer loop
      vertex 6 64.4 4
      vertex 6 63.25 4
      vertex 6.26955 63.2632 4
    endloop
  endfacet
  facet normal 0 0 1
    outer loop
      vertex 5.84317 64.4077 4
      vertex 6 63.25 4
      vertex 6 64.4 4
    endloop
  endfacet
  facet normal 0 0 1
    outer loop
      vertex 5.84317 64.4077 4
      vertex 5.73045 63.2632 4
      vertex 6 63.25 4
    endloop
  endfacet
  facet normal 0 0 1
    outer loop
      vertex 5.68786 64.4307 4
      vertex 5.73045 63.2632 4
      vertex 5.84317 64.4077 4
    endloop
  endfacet
  facet normal 0 0 1
    outer loop
      vertex 5.4635 63.3028 4
      vertex 5.68786 64.4307 4
      vertex 5.53555 64.4689 4
    endloop
  endfacet
  facet normal 0 0 1
    outer loop
      vertex 5.68786 64.4307 4
      vertex 5.4635 63.3028 4
      vertex 5.73045 63.2632 4
    endloop
  endfacet
  facet normal 0 0 1
    outer loop
      vertex 5.20172 63.3684 4
      vertex 5.53555 64.4689 4
      vertex 5.38771 64.5218 4
    endloop
  endfacet
  facet normal 0 0 1
    outer loop
      vertex 4.94762 63.4593 4
      vertex 5.38771 64.5218 4
      vertex 5.24577 64.5889 4
    endloop
  endfacet
  facet normal 0 0 1
    outer loop
      vertex 5.53555 64.4689 4
      vertex 5.20172 63.3684 4
      vertex 5.4635 63.3028 4
    endloop
  endfacet
  facet normal 0 0 1
    outer loop
      vertex 4.70366 63.5747 4
      vertex 5.24577 64.5889 4
      vertex 5.11109 64.6696 4
    endloop
  endfacet
  facet normal 0 0 1
    outer loop
      vertex 4.47218 63.7135 4
      vertex 5.11109 64.6696 4
      vertex 4.98497 64.7632 4
    endloop
  endfacet
  facet normal 0 0 1
    outer loop
      vertex 5.38771 64.5218 4
      vertex 4.94762 63.4593 4
      vertex 5.20172 63.3684 4
    endloop
  endfacet
  facet normal 0 0 1
    outer loop
      vertex 4.25542 63.8742 4
      vertex 4.98497 64.7632 4
      vertex 4.86863 64.8686 4
    endloop
  endfacet
  facet normal 0 0 1
    outer loop
      vertex 4.05546 64.0555 4
      vertex 4.86863 64.8686 4
      vertex 4.76318 64.985 4
    endloop
  endfacet
  facet normal 0 0 1
    outer loop
      vertex 5.24577 64.5889 4
      vertex 4.70366 63.5747 4
      vertex 4.94762 63.4593 4
    endloop
  endfacet
  facet normal 0 0 1
    outer loop
      vertex 3.87422 64.2554 4
      vertex 4.76318 64.985 4
      vertex 4.66965 65.1111 4
    endloop
  endfacet
  facet normal 0 0 1
    outer loop
      vertex 3.71346 64.4722 4
      vertex 4.66965 65.1111 4
      vertex 4.58893 65.2458 4
    endloop
  endfacet
  facet normal 0 0 1
    outer loop
      vertex 3.57472 64.7037 4
      vertex 4.58893 65.2458 4
      vertex 4.52179 65.3877 4
    endloop
  endfacet
  facet normal 0 0 1
    outer loop
      vertex 5.11109 64.6696 4
      vertex 4.47218 63.7135 4
      vertex 4.70366 63.5747 4
    endloop
  endfacet
  facet normal 0 0 1
    outer loop
      vertex 3.45933 64.9476 4
      vertex 4.52179 65.3877 4
      vertex 4.4689 65.5355 4
    endloop
  endfacet
  facet normal 0 0 1
    outer loop
      vertex 3.36841 65.2017 4
      vertex 4.4689 65.5355 4
      vertex 4.43074 65.6879 4
    endloop
  endfacet
  facet normal 0 0 1
    outer loop
      vertex 3.30284 65.4635 4
      vertex 4.43074 65.6879 4
      vertex 4.40771 65.8432 4
    endloop
  endfacet
  facet normal 0 0 1
    outer loop
      vertex 3.26324 65.7305 4
      vertex 4.40771 65.8432 4
      vertex 4.4 66 4
    endloop
  endfacet
  facet normal -0 0 1
    outer loop
      vertex 3.45933 67.0524 4
      vertex 4.52179 66.6123 4
      vertex 3.57472 67.2963 4
    endloop
  endfacet
  facet normal 0 0 1
    outer loop
      vertex 4.98497 64.7632 4
      vertex 4.25542 63.8742 4
      vertex 4.47218 63.7135 4
    endloop
  endfacet
  facet normal 0 0 1
    outer loop
      vertex 4.52179 66.6123 4
      vertex 3.45933 67.0524 4
      vertex 4.4689 66.4645 4
    endloop
  endfacet
  facet normal 0 0 1
    outer loop
      vertex 4.86863 64.8686 4
      vertex 4.05546 64.0555 4
      vertex 4.25542 63.8742 4
    endloop
  endfacet
  facet normal -0 0 1
    outer loop
      vertex 3.36841 66.7983 4
      vertex 4.4689 66.4645 4
      vertex 3.45933 67.0524 4
    endloop
  endfacet
  facet normal 0 0 1
    outer loop
      vertex 4.76318 64.985 4
      vertex 3.87422 64.2554 4
      vertex 4.05546 64.0555 4
    endloop
  endfacet
  facet normal 0 0 1
    outer loop
      vertex 4.4689 66.4645 4
      vertex 3.36841 66.7983 4
      vertex 4.43074 66.3121 4
    endloop
  endfacet
  facet normal 0 0 1
    outer loop
      vertex 4.66965 65.1111 4
      vertex 3.71346 64.4722 4
      vertex 3.87422 64.2554 4
    endloop
  endfacet
  facet normal -0 0 1
    outer loop
      vertex 3.30284 66.5365 4
      vertex 4.43074 66.3121 4
      vertex 3.36841 66.7983 4
    endloop
  endfacet
  facet normal 0 0 1
    outer loop
      vertex 4.58893 65.2458 4
      vertex 3.57472 64.7037 4
      vertex 3.71346 64.4722 4
    endloop
  endfacet
  facet normal 0 0 1
    outer loop
      vertex 4.43074 66.3121 4
      vertex 3.30284 66.5365 4
      vertex 4.40771 66.1568 4
    endloop
  endfacet
  facet normal 0 0 1
    outer loop
      vertex 4.52179 65.3877 4
      vertex 3.45933 64.9476 4
      vertex 3.57472 64.7037 4
    endloop
  endfacet
  facet normal -0 0 1
    outer loop
      vertex 3.26324 66.2695 4
      vertex 4.40771 66.1568 4
      vertex 3.30284 66.5365 4
    endloop
  endfacet
  facet normal 0 0 1
    outer loop
      vertex 4.4689 65.5355 4
      vertex 3.36841 65.2017 4
      vertex 3.45933 64.9476 4
    endloop
  endfacet
  facet normal 0 0 1
    outer loop
      vertex 4.40771 66.1568 4
      vertex 3.26324 66.2695 4
      vertex 4.4 66 4
    endloop
  endfacet
  facet normal 0 0 1
    outer loop
      vertex 4.43074 65.6879 4
      vertex 3.30284 65.4635 4
      vertex 3.36841 65.2017 4
    endloop
  endfacet
  facet normal 0 0 1
    outer loop
      vertex 3.25 66 4
      vertex 4.4 66 4
      vertex 3.26324 66.2695 4
    endloop
  endfacet
  facet normal 0 0 1
    outer loop
      vertex 4.40771 65.8432 4
      vertex 3.26324 65.7305 4
      vertex 3.30284 65.4635 4
    endloop
  endfacet
  facet normal 0 0 1
    outer loop
      vertex 4.4 66 4
      vertex 3.25 66 4
      vertex 3.26324 65.7305 4
    endloop
  endfacet
  facet normal -0.0489119 -0.998803 0
    outer loop
      vertex 5.73045 63.2632 2
      vertex 6 63.25 4
      vertex 5.73045 63.2632 4
    endloop
  endfacet
  facet normal -0.0489119 -0.998803 -0
    outer loop
      vertex 6 63.25 4
      vertex 5.73045 63.2632 2
      vertex 6 63.25 2
    endloop
  endfacet
  facet normal -0.998795 0.0490688 0
    outer loop
      vertex 3.25 66 2
      vertex 3.26324 66.2695 4
      vertex 3.26324 66.2695 2
    endloop
  endfacet
  facet normal -0.998795 0.0490688 0
    outer loop
      vertex 3.26324 66.2695 4
      vertex 3.25 66 2
      vertex 3.25 66 4
    endloop
  endfacet
  facet normal 0.740838 -0.671683 0
    outer loop
      vertex 7.94454 64.0555 4
      vertex 8.12578 64.2554 2
      vertex 8.12578 64.2554 4
    endloop
  endfacet
  facet normal 0.740838 -0.671683 0
    outer loop
      vertex 8.12578 64.2554 2
      vertex 7.94454 64.0555 4
      vertex 7.94454 64.0555 2
    endloop
  endfacet
  facet normal 0.24327 0.969959 -0
    outer loop
      vertex 5.68786 64.4307 2
      vertex 5.53555 64.4689 4
      vertex 5.68786 64.4307 4
    endloop
  endfacet
  facet normal 0.24327 0.969959 0
    outer loop
      vertex 5.53555 64.4689 4
      vertex 5.68786 64.4307 2
      vertex 5.53555 64.4689 2
    endloop
  endfacet
  facet normal 0.857774 0.514027 0
    outer loop
      vertex 4.66965 65.1111 4
      vertex 4.58893 65.2458 2
      vertex 4.58893 65.2458 4
    endloop
  endfacet
  facet normal 0.857774 0.514027 0
    outer loop
      vertex 4.58893 65.2458 2
      vertex 4.66965 65.1111 4
      vertex 4.66965 65.1111 2
    endloop
  endfacet
  facet normal -0.146493 0.989212 0
    outer loop
      vertex 6.31214 64.4307 2
      vertex 6.15683 64.4077 4
      vertex 6.31214 64.4307 4
    endloop
  endfacet
  facet normal -0.146493 0.989212 0
    outer loop
      vertex 6.15683 64.4077 4
      vertex 6.31214 64.4307 2
      vertex 6.15683 64.4077 2
    endloop
  endfacet
  facet normal 0.51399 -0.857796 0
    outer loop
      vertex 5.11109 67.3304 2
      vertex 5.24577 67.4111 4
      vertex 5.11109 67.3304 4
    endloop
  endfacet
  facet normal 0.51399 -0.857796 0
    outer loop
      vertex 5.24577 67.4111 4
      vertex 5.11109 67.3304 2
      vertex 5.24577 67.4111 2
    endloop
  endfacet
  facet normal -0.741106 0.671388 0
    outer loop
      vertex 7.13137 64.8686 2
      vertex 7.23682 64.985 4
      vertex 7.23682 64.985 2
    endloop
  endfacet
  facet normal -0.741106 0.671388 0
    outer loop
      vertex 7.23682 64.985 4
      vertex 7.13137 64.8686 2
      vertex 7.13137 64.8686 4
    endloop
  endfacet
  facet normal -0.51399 0.857796 0
    outer loop
      vertex 6.88891 64.6696 2
      vertex 6.75423 64.5889 4
      vertex 6.88891 64.6696 4
    endloop
  endfacet
  facet normal -0.51399 0.857796 0
    outer loop
      vertex 6.75423 64.5889 4
      vertex 6.88891 64.6696 2
      vertex 6.75423 64.5889 2
    endloop
  endfacet
  facet normal 0.989183 -0.146689 0
    outer loop
      vertex 4.40771 66.1568 4
      vertex 4.43074 66.3121 2
      vertex 4.43074 66.3121 4
    endloop
  endfacet
  facet normal 0.989183 -0.146689 0
    outer loop
      vertex 4.43074 66.3121 2
      vertex 4.40771 66.1568 4
      vertex 4.40771 66.1568 2
    endloop
  endfacet
  facet normal -0.970053 0.242895 0
    outer loop
      vertex 7.5311 65.5355 2
      vertex 7.56926 65.6879 4
      vertex 7.56926 65.6879 2
    endloop
  endfacet
  facet normal -0.970053 0.242895 0
    outer loop
      vertex 7.56926 65.6879 4
      vertex 7.5311 65.5355 2
      vertex 7.5311 65.5355 4
    endloop
  endfacet
  facet normal 0.146493 0.989212 -0
    outer loop
      vertex 5.84317 64.4077 2
      vertex 5.68786 64.4307 4
      vertex 5.84317 64.4077 4
    endloop
  endfacet
  facet normal 0.146493 0.989212 0
    outer loop
      vertex 5.68786 64.4307 4
      vertex 5.84317 64.4077 2
      vertex 5.68786 64.4307 2
    endloop
  endfacet
  facet normal 0.998793 0.0491116 0
    outer loop
      vertex 4.40771 65.8432 4
      vertex 4.4 66 2
      vertex 4.4 66 4
    endloop
  endfacet
  facet normal 0.998793 0.0491116 0
    outer loop
      vertex 4.4 66 2
      vertex 4.40771 65.8432 4
      vertex 4.40771 65.8432 2
    endloop
  endfacet
  facet normal 0.741106 -0.671388 0
    outer loop
      vertex 4.76318 67.015 4
      vertex 4.86863 67.1314 2
      vertex 4.86863 67.1314 4
    endloop
  endfacet
  facet normal 0.741106 -0.671388 0
    outer loop
      vertex 4.86863 67.1314 2
      vertex 4.76318 67.015 4
      vertex 4.76318 67.015 2
    endloop
  endfacet
  facet normal 0.970053 0.242895 0
    outer loop
      vertex 4.4689 65.5355 4
      vertex 4.43074 65.6879 2
      vertex 4.43074 65.6879 4
    endloop
  endfacet
  facet normal 0.970053 0.242895 0
    outer loop
      vertex 4.43074 65.6879 2
      vertex 4.4689 65.5355 4
      vertex 4.4689 65.5355 2
    endloop
  endfacet
  facet normal 0.336901 -0.94154 0
    outer loop
      vertex 5.38771 67.4782 2
      vertex 5.53555 67.5311 4
      vertex 5.38771 67.4782 4
    endloop
  endfacet
  facet normal 0.336901 -0.94154 0
    outer loop
      vertex 5.53555 67.5311 4
      vertex 5.38771 67.4782 2
      vertex 5.53555 67.5311 2
    endloop
  endfacet
  facet normal 0.941531 0.336926 0
    outer loop
      vertex 4.52179 65.3877 4
      vertex 4.4689 65.5355 2
      vertex 4.4689 65.5355 4
    endloop
  endfacet
  facet normal 0.941531 0.336926 0
    outer loop
      vertex 4.4689 65.5355 2
      vertex 4.52179 65.3877 4
      vertex 4.52179 65.3877 2
    endloop
  endfacet
  facet normal 0.803184 -0.595732 0
    outer loop
      vertex 4.66965 66.8889 4
      vertex 4.76318 67.015 2
      vertex 4.76318 67.015 4
    endloop
  endfacet
  facet normal 0.803184 -0.595732 0
    outer loop
      vertex 4.76318 67.015 2
      vertex 4.66965 66.8889 4
      vertex 4.66965 66.8889 2
    endloop
  endfacet
  facet normal 0.970053 -0.242895 0
    outer loop
      vertex 4.43074 66.3121 4
      vertex 4.4689 66.4645 2
      vertex 4.4689 66.4645 4
    endloop
  endfacet
  facet normal 0.970053 -0.242895 0
    outer loop
      vertex 4.4689 66.4645 2
      vertex 4.43074 66.3121 4
      vertex 4.43074 66.3121 2
    endloop
  endfacet
  facet normal 0.671404 -0.741092 0
    outer loop
      vertex 4.86863 67.1314 2
      vertex 4.98497 67.2368 4
      vertex 4.86863 67.1314 4
    endloop
  endfacet
  facet normal 0.671404 -0.741092 0
    outer loop
      vertex 4.98497 67.2368 4
      vertex 4.86863 67.1314 2
      vertex 4.98497 67.2368 2
    endloop
  endfacet
  facet normal -0.427385 0.90407 0
    outer loop
      vertex 6.75423 64.5889 2
      vertex 6.61229 64.5218 4
      vertex 6.75423 64.5889 4
    endloop
  endfacet
  facet normal -0.427385 0.90407 0
    outer loop
      vertex 6.61229 64.5218 4
      vertex 6.75423 64.5889 2
      vertex 6.61229 64.5218 2
    endloop
  endfacet
  facet normal 0.24327 -0.969959 0
    outer loop
      vertex 5.53555 67.5311 2
      vertex 5.68786 67.5693 4
      vertex 5.53555 67.5311 4
    endloop
  endfacet
  facet normal 0.24327 -0.969959 0
    outer loop
      vertex 5.68786 67.5693 4
      vertex 5.53555 67.5311 2
      vertex 5.68786 67.5693 2
    endloop
  endfacet
  facet normal 0.941531 -0.336926 0
    outer loop
      vertex 4.4689 66.4645 4
      vertex 4.52179 66.6123 2
      vertex 4.52179 66.6123 4
    endloop
  endfacet
  facet normal 0.941531 -0.336926 0
    outer loop
      vertex 4.52179 66.6123 2
      vertex 4.4689 66.4645 4
      vertex 4.4689 66.4645 2
    endloop
  endfacet
  facet normal 0.51399 0.857796 -0
    outer loop
      vertex 5.24577 64.5889 2
      vertex 5.11109 64.6696 4
      vertex 5.24577 64.5889 4
    endloop
  endfacet
  facet normal 0.51399 0.857796 0
    outer loop
      vertex 5.11109 64.6696 4
      vertex 5.24577 64.5889 2
      vertex 5.11109 64.6696 2
    endloop
  endfacet
  facet normal 0.595958 -0.803015 0
    outer loop
      vertex 4.98497 67.2368 2
      vertex 5.11109 67.3304 4
      vertex 4.98497 67.2368 4
    endloop
  endfacet
  facet normal 0.595958 -0.803015 0
    outer loop
      vertex 5.11109 67.3304 4
      vertex 4.98497 67.2368 2
      vertex 5.11109 67.3304 2
    endloop
  endfacet
  facet normal 0.0490387 -0.998797 0
    outer loop
      vertex 5.84317 67.5923 2
      vertex 6 67.6 4
      vertex 5.84317 67.5923 4
    endloop
  endfacet
  facet normal 0.0490387 -0.998797 0
    outer loop
      vertex 6 67.6 4
      vertex 5.84317 67.5923 2
      vertex 6 67.6 2
    endloop
  endfacet
  facet normal -0.0490387 0.998797 0
    outer loop
      vertex 6.15683 64.4077 2
      vertex 6 64.4 4
      vertex 6.15683 64.4077 4
    endloop
  endfacet
  facet normal -0.0490387 0.998797 0
    outer loop
      vertex 6 64.4 4
      vertex 6.15683 64.4077 2
      vertex 6 64.4 2
    endloop
  endfacet
  facet normal -0.941531 0.336926 0
    outer loop
      vertex 7.47821 65.3877 2
      vertex 7.5311 65.5355 4
      vertex 7.5311 65.5355 2
    endloop
  endfacet
  facet normal -0.941531 0.336926 0
    outer loop
      vertex 7.5311 65.5355 4
      vertex 7.47821 65.3877 2
      vertex 7.47821 65.3877 4
    endloop
  endfacet
  facet normal -0.803184 0.595732 0
    outer loop
      vertex 7.23682 64.985 2
      vertex 7.33035 65.1111 4
      vertex 7.33035 65.1111 2
    endloop
  endfacet
  facet normal -0.803184 0.595732 0
    outer loop
      vertex 7.33035 65.1111 4
      vertex 7.23682 64.985 2
      vertex 7.23682 64.985 4
    endloop
  endfacet
  facet normal -0.989183 0.146689 0
    outer loop
      vertex 7.56926 65.6879 2
      vertex 7.59229 65.8432 4
      vertex 7.59229 65.8432 2
    endloop
  endfacet
  facet normal -0.989183 0.146689 0
    outer loop
      vertex 7.59229 65.8432 4
      vertex 7.56926 65.6879 2
      vertex 7.56926 65.6879 4
    endloop
  endfacet
  facet normal 0.857774 -0.514027 0
    outer loop
      vertex 4.58893 66.7542 4
      vertex 4.66965 66.8889 2
      vertex 4.66965 66.8889 4
    endloop
  endfacet
  facet normal 0.857774 -0.514027 0
    outer loop
      vertex 4.66965 66.8889 2
      vertex 4.58893 66.7542 4
      vertex 4.58893 66.7542 2
    endloop
  endfacet
  facet normal 0.336901 0.94154 -0
    outer loop
      vertex 5.53555 64.4689 2
      vertex 5.38771 64.5218 4
      vertex 5.53555 64.4689 4
    endloop
  endfacet
  facet normal 0.336901 0.94154 0
    outer loop
      vertex 5.38771 64.5218 4
      vertex 5.53555 64.4689 2
      vertex 5.38771 64.5218 2
    endloop
  endfacet
  facet normal 0.427385 -0.90407 0
    outer loop
      vertex 5.24577 67.4111 2
      vertex 5.38771 67.4782 4
      vertex 5.24577 67.4111 4
    endloop
  endfacet
  facet normal 0.427385 -0.90407 0
    outer loop
      vertex 5.38771 67.4782 4
      vertex 5.24577 67.4111 2
      vertex 5.38771 67.4782 2
    endloop
  endfacet
  facet normal -0.595958 0.803015 0
    outer loop
      vertex 7.01503 64.7632 2
      vertex 6.88891 64.6696 4
      vertex 7.01503 64.7632 4
    endloop
  endfacet
  facet normal -0.595958 0.803015 0
    outer loop
      vertex 6.88891 64.6696 4
      vertex 7.01503 64.7632 2
      vertex 6.88891 64.6696 2
    endloop
  endfacet
  facet normal 0.671404 0.741092 -0
    outer loop
      vertex 4.98497 64.7632 2
      vertex 4.86863 64.8686 4
      vertex 4.98497 64.7632 4
    endloop
  endfacet
  facet normal 0.671404 0.741092 0
    outer loop
      vertex 4.86863 64.8686 4
      vertex 4.98497 64.7632 2
      vertex 4.86863 64.8686 2
    endloop
  endfacet
  facet normal -0.998793 0.0491116 0
    outer loop
      vertex 7.59229 65.8432 2
      vertex 7.6 66 4
      vertex 7.6 66 2
    endloop
  endfacet
  facet normal -0.998793 0.0491116 0
    outer loop
      vertex 7.6 66 4
      vertex 7.59229 65.8432 2
      vertex 7.59229 65.8432 4
    endloop
  endfacet
  facet normal 0.803184 0.595732 0
    outer loop
      vertex 4.76318 64.985 4
      vertex 4.66965 65.1111 2
      vertex 4.66965 65.1111 4
    endloop
  endfacet
  facet normal 0.803184 0.595732 0
    outer loop
      vertex 4.66965 65.1111 2
      vertex 4.76318 64.985 4
      vertex 4.76318 64.985 2
    endloop
  endfacet
  facet normal 0.903925 0.427692 0
    outer loop
      vertex 4.58893 65.2458 4
      vertex 4.52179 65.3877 2
      vertex 4.52179 65.3877 4
    endloop
  endfacet
  facet normal 0.903925 0.427692 0
    outer loop
      vertex 4.52179 65.3877 2
      vertex 4.58893 65.2458 4
      vertex 4.58893 65.2458 2
    endloop
  endfacet
  facet normal 0.427385 0.90407 -0
    outer loop
      vertex 5.38771 64.5218 2
      vertex 5.24577 64.5889 4
      vertex 5.38771 64.5218 4
    endloop
  endfacet
  facet normal 0.427385 0.90407 0
    outer loop
      vertex 5.24577 64.5889 4
      vertex 5.38771 64.5218 2
      vertex 5.24577 64.5889 2
    endloop
  endfacet
  facet normal 0.146493 -0.989212 0
    outer loop
      vertex 5.68786 67.5693 2
      vertex 5.84317 67.5923 4
      vertex 5.68786 67.5693 4
    endloop
  endfacet
  facet normal 0.146493 -0.989212 0
    outer loop
      vertex 5.84317 67.5923 4
      vertex 5.68786 67.5693 2
      vertex 5.84317 67.5923 2
    endloop
  endfacet
  facet normal 0.989183 0.146689 0
    outer loop
      vertex 4.43074 65.6879 4
      vertex 4.40771 65.8432 2
      vertex 4.40771 65.8432 4
    endloop
  endfacet
  facet normal 0.989183 0.146689 0
    outer loop
      vertex 4.40771 65.8432 2
      vertex 4.43074 65.6879 4
      vertex 4.43074 65.6879 2
    endloop
  endfacet
  facet normal -0.336901 0.94154 0
    outer loop
      vertex 6.61229 64.5218 2
      vertex 6.46445 64.4689 4
      vertex 6.61229 64.5218 4
    endloop
  endfacet
  facet normal -0.336901 0.94154 0
    outer loop
      vertex 6.46445 64.4689 4
      vertex 6.61229 64.5218 2
      vertex 6.46445 64.4689 2
    endloop
  endfacet
  facet normal -0.24327 0.969959 0
    outer loop
      vertex 6.46445 64.4689 2
      vertex 6.31214 64.4307 4
      vertex 6.46445 64.4689 4
    endloop
  endfacet
  facet normal -0.24327 0.969959 0
    outer loop
      vertex 6.31214 64.4307 4
      vertex 6.46445 64.4689 2
      vertex 6.31214 64.4307 2
    endloop
  endfacet
  facet normal 0.903925 -0.427692 0
    outer loop
      vertex 4.52179 66.6123 4
      vertex 4.58893 66.7542 2
      vertex 4.58893 66.7542 4
    endloop
  endfacet
  facet normal 0.903925 -0.427692 0
    outer loop
      vertex 4.58893 66.7542 2
      vertex 4.52179 66.6123 4
      vertex 4.52179 66.6123 2
    endloop
  endfacet
  facet normal 0.741106 0.671388 0
    outer loop
      vertex 4.86863 64.8686 4
      vertex 4.76318 64.985 2
      vertex 4.76318 64.985 4
    endloop
  endfacet
  facet normal 0.741106 0.671388 0
    outer loop
      vertex 4.76318 64.985 2
      vertex 4.86863 64.8686 4
      vertex 4.86863 64.8686 2
    endloop
  endfacet
  facet normal 0.595958 0.803015 -0
    outer loop
      vertex 5.11109 64.6696 2
      vertex 4.98497 64.7632 4
      vertex 5.11109 64.6696 4
    endloop
  endfacet
  facet normal 0.595958 0.803015 0
    outer loop
      vertex 4.98497 64.7632 4
      vertex 5.11109 64.6696 2
      vertex 4.98497 64.7632 2
    endloop
  endfacet
  facet normal -0.903925 0.427692 0
    outer loop
      vertex 7.41107 65.2458 2
      vertex 7.47821 65.3877 4
      vertex 7.47821 65.3877 2
    endloop
  endfacet
  facet normal -0.903925 0.427692 0
    outer loop
      vertex 7.47821 65.3877 4
      vertex 7.41107 65.2458 2
      vertex 7.41107 65.2458 4
    endloop
  endfacet
  facet normal -0.857774 0.514027 0
    outer loop
      vertex 7.33035 65.1111 2
      vertex 7.41107 65.2458 4
      vertex 7.41107 65.2458 2
    endloop
  endfacet
  facet normal -0.857774 0.514027 0
    outer loop
      vertex 7.41107 65.2458 4
      vertex 7.33035 65.1111 2
      vertex 7.33035 65.1111 4
    endloop
  endfacet
  facet normal 0.0490387 0.998797 -0
    outer loop
      vertex 6 64.4 2
      vertex 5.84317 64.4077 4
      vertex 6 64.4 4
    endloop
  endfacet
  facet normal 0.0490387 0.998797 0
    outer loop
      vertex 5.84317 64.4077 4
      vertex 6 64.4 2
      vertex 5.84317 64.4077 2
    endloop
  endfacet
  facet normal 0.998793 -0.0491116 0
    outer loop
      vertex 4.4 66 4
      vertex 4.40771 66.1568 2
      vertex 4.40771 66.1568 4
    endloop
  endfacet
  facet normal 0.998793 -0.0491116 0
    outer loop
      vertex 4.40771 66.1568 2
      vertex 4.4 66 4
      vertex 4.4 66 2
    endloop
  endfacet
  facet normal -0.671404 0.741092 0
    outer loop
      vertex 7.13137 64.8686 2
      vertex 7.01503 64.7632 4
      vertex 7.13137 64.8686 4
    endloop
  endfacet
  facet normal -0.671404 0.741092 0
    outer loop
      vertex 7.01503 64.7632 4
      vertex 7.13137 64.8686 2
      vertex 7.01503 64.7632 2
    endloop
  endfacet
  facet normal 0.671805 -0.740728 0
    outer loop
      vertex 85.7446 63.8742 2
      vertex 85.9445 64.0555 4
      vertex 85.7446 63.8742 4
    endloop
  endfacet
  facet normal 0.671805 -0.740728 0
    outer loop
      vertex 85.9445 64.0555 4
      vertex 85.7446 63.8742 2
      vertex 85.9445 64.0555 2
    endloop
  endfacet
  facet normal 0.98918 0.14671 0
    outer loop
      vertex 86.7368 66.2695 4
      vertex 86.6972 66.5365 2
      vertex 86.6972 66.5365 4
    endloop
  endfacet
  facet normal 0.98918 0.14671 0
    outer loop
      vertex 86.6972 66.5365 2
      vertex 86.7368 66.2695 4
      vertex 86.7368 66.2695 2
    endloop
  endfacet
  facet normal 0.998803 0.0489209 0
    outer loop
      vertex 86.75 66 4
      vertex 86.7368 66.2695 2
      vertex 86.7368 66.2695 4
    endloop
  endfacet
  facet normal 0.998803 0.0489209 0
    outer loop
      vertex 86.7368 66.2695 2
      vertex 86.75 66 4
      vertex 86.75 66 2
    endloop
  endfacet
  facet normal 0.970012 0.243059 0
    outer loop
      vertex 86.6972 66.5365 4
      vertex 86.6316 66.7983 2
      vertex 86.6316 66.7983 4
    endloop
  endfacet
  facet normal 0.970012 0.243059 0
    outer loop
      vertex 86.6316 66.7983 2
      vertex 86.6972 66.5365 4
      vertex 86.6972 66.5365 2
    endloop
  endfacet
  facet normal 0.427688 -0.903926 0
    outer loop
      vertex 85.0524 63.4593 2
      vertex 85.2963 63.5747 4
      vertex 85.0524 63.4593 4
    endloop
  endfacet
  facet normal 0.427688 -0.903926 0
    outer loop
      vertex 85.2963 63.5747 4
      vertex 85.0524 63.4593 2
      vertex 85.2963 63.5747 2
    endloop
  endfacet
  facet normal -0.0489209 0.998803 0
    outer loop
      vertex 84 68.75 2
      vertex 83.7305 68.7368 4
      vertex 84 68.75 4
    endloop
  endfacet
  facet normal -0.0489209 0.998803 0
    outer loop
      vertex 83.7305 68.7368 4
      vertex 84 68.75 2
      vertex 83.7305 68.7368 2
    endloop
  endfacet
  facet normal -0.427688 0.903926 0
    outer loop
      vertex 82.9476 68.5407 2
      vertex 82.7037 68.4253 4
      vertex 82.9476 68.5407 4
    endloop
  endfacet
  facet normal -0.427688 0.903926 0
    outer loop
      vertex 82.7037 68.4253 4
      vertex 82.9476 68.5407 2
      vertex 82.7037 68.4253 2
    endloop
  endfacet
  facet normal 0.740728 0.671805 0
    outer loop
      vertex 86.1258 67.7446 4
      vertex 85.9445 67.9445 2
      vertex 85.9445 67.9445 4
    endloop
  endfacet
  facet normal 0.740728 0.671805 0
    outer loop
      vertex 85.9445 67.9445 2
      vertex 86.1258 67.7446 4
      vertex 86.1258 67.7446 2
    endloop
  endfacet
  facet normal -0.14671 -0.98918 0
    outer loop
      vertex 83.4635 63.3028 2
      vertex 83.7305 63.2632 4
      vertex 83.4635 63.3028 4
    endloop
  endfacet
  facet normal -0.14671 -0.98918 -0
    outer loop
      vertex 83.7305 63.2632 4
      vertex 83.4635 63.3028 2
      vertex 83.7305 63.2632 2
    endloop
  endfacet
  facet normal 0.427688 0.903926 -0
    outer loop
      vertex 85.2963 68.4253 2
      vertex 85.0524 68.5407 4
      vertex 85.2963 68.4253 4
    endloop
  endfacet
  facet normal 0.427688 0.903926 0
    outer loop
      vertex 85.0524 68.5407 4
      vertex 85.2963 68.4253 2
      vertex 85.0524 68.5407 2
    endloop
  endfacet
  facet normal -0.14671 0.98918 0
    outer loop
      vertex 83.7305 68.7368 2
      vertex 83.4635 68.6972 4
      vertex 83.7305 68.7368 4
    endloop
  endfacet
  facet normal -0.14671 0.98918 0
    outer loop
      vertex 83.4635 68.6972 4
      vertex 83.7305 68.7368 2
      vertex 83.4635 68.6972 2
    endloop
  endfacet
  facet normal 0.243059 -0.970012 0
    outer loop
      vertex 84.5365 63.3028 2
      vertex 84.7983 63.3684 4
      vertex 84.5365 63.3028 4
    endloop
  endfacet
  facet normal 0.243059 -0.970012 0
    outer loop
      vertex 84.7983 63.3684 4
      vertex 84.5365 63.3028 2
      vertex 84.7983 63.3684 2
    endloop
  endfacet
  facet normal -0.595485 0.803367 0
    outer loop
      vertex 82.4722 68.2865 2
      vertex 82.2554 68.1258 4
      vertex 82.4722 68.2865 4
    endloop
  endfacet
  facet normal -0.595485 0.803367 0
    outer loop
      vertex 82.2554 68.1258 4
      vertex 82.4722 68.2865 2
      vertex 82.2554 68.1258 2
    endloop
  endfacet
  facet normal -0.903926 0.427688 0
    outer loop
      vertex 81.4593 67.0524 2
      vertex 81.5747 67.2963 4
      vertex 81.5747 67.2963 2
    endloop
  endfacet
  facet normal -0.903926 0.427688 0
    outer loop
      vertex 81.5747 67.2963 4
      vertex 81.4593 67.0524 2
      vertex 81.4593 67.0524 4
    endloop
  endfacet
  facet normal -0.427688 -0.903926 0
    outer loop
      vertex 82.7037 63.5747 2
      vertex 82.9476 63.4593 4
      vertex 82.7037 63.5747 4
    endloop
  endfacet
  facet normal -0.427688 -0.903926 -0
    outer loop
      vertex 82.9476 63.4593 4
      vertex 82.7037 63.5747 2
      vertex 82.9476 63.4593 2
    endloop
  endfacet
  facet normal -0.595485 -0.803367 0
    outer loop
      vertex 82.2554 63.8742 2
      vertex 82.4722 63.7135 4
      vertex 82.2554 63.8742 4
    endloop
  endfacet
  facet normal -0.595485 -0.803367 -0
    outer loop
      vertex 82.4722 63.7135 4
      vertex 82.2554 63.8742 2
      vertex 82.4722 63.7135 2
    endloop
  endfacet
  facet normal -0.903926 -0.427688 0
    outer loop
      vertex 81.5747 64.7037 2
      vertex 81.4593 64.9476 4
      vertex 81.4593 64.9476 2
    endloop
  endfacet
  facet normal -0.903926 -0.427688 0
    outer loop
      vertex 81.4593 64.9476 4
      vertex 81.5747 64.7037 2
      vertex 81.5747 64.7037 4
    endloop
  endfacet
  facet normal 0.514223 0.857656 -0
    outer loop
      vertex 85.5278 68.2865 2
      vertex 85.2963 68.4253 4
      vertex 85.5278 68.2865 4
    endloop
  endfacet
  facet normal 0.514223 0.857656 0
    outer loop
      vertex 85.2963 68.4253 4
      vertex 85.5278 68.2865 2
      vertex 85.2963 68.4253 2
    endloop
  endfacet
  facet normal 0.595485 -0.803367 0
    outer loop
      vertex 85.5278 63.7135 2
      vertex 85.7446 63.8742 4
      vertex 85.5278 63.7135 4
    endloop
  endfacet
  facet normal 0.595485 -0.803367 0
    outer loop
      vertex 85.7446 63.8742 4
      vertex 85.5278 63.7135 2
      vertex 85.7446 63.8742 2
    endloop
  endfacet
  facet normal -0.998803 -0.0489209 0
    outer loop
      vertex 81.2632 65.7305 2
      vertex 81.25 66 4
      vertex 81.25 66 2
    endloop
  endfacet
  facet normal -0.998803 -0.0489209 0
    outer loop
      vertex 81.25 66 4
      vertex 81.2632 65.7305 2
      vertex 81.2632 65.7305 4
    endloop
  endfacet
  facet normal -0.336829 -0.941566 0
    outer loop
      vertex 82.9476 63.4593 2
      vertex 83.2017 63.3684 4
      vertex 82.9476 63.4593 4
    endloop
  endfacet
  facet normal -0.336829 -0.941566 -0
    outer loop
      vertex 83.2017 63.3684 4
      vertex 82.9476 63.4593 2
      vertex 83.2017 63.3684 2
    endloop
  endfacet
  facet normal 0.595485 0.803367 -0
    outer loop
      vertex 85.7446 68.1258 2
      vertex 85.5278 68.2865 4
      vertex 85.7446 68.1258 4
    endloop
  endfacet
  facet normal 0.595485 0.803367 0
    outer loop
      vertex 85.5278 68.2865 4
      vertex 85.7446 68.1258 2
      vertex 85.5278 68.2865 2
    endloop
  endfacet
  facet normal 0.970012 -0.243059 0
    outer loop
      vertex 86.6316 65.2017 4
      vertex 86.6972 65.4635 2
      vertex 86.6972 65.4635 4
    endloop
  endfacet
  facet normal 0.970012 -0.243059 0
    outer loop
      vertex 86.6972 65.4635 2
      vertex 86.6316 65.2017 4
      vertex 86.6316 65.2017 2
    endloop
  endfacet
  facet normal -0.941566 -0.336829 0
    outer loop
      vertex 81.4593 64.9476 2
      vertex 81.3684 65.2017 4
      vertex 81.3684 65.2017 2
    endloop
  endfacet
  facet normal -0.941566 -0.336829 0
    outer loop
      vertex 81.3684 65.2017 4
      vertex 81.4593 64.9476 2
      vertex 81.4593 64.9476 4
    endloop
  endfacet
  facet normal 0.243059 0.970012 -0
    outer loop
      vertex 84.7983 68.6316 2
      vertex 84.5365 68.6972 4
      vertex 84.7983 68.6316 4
    endloop
  endfacet
  facet normal 0.243059 0.970012 0
    outer loop
      vertex 84.5365 68.6972 4
      vertex 84.7983 68.6316 2
      vertex 84.5365 68.6972 2
    endloop
  endfacet
  facet normal -0.740728 0.671805 0
    outer loop
      vertex 81.8742 67.7446 2
      vertex 82.0555 67.9445 4
      vertex 82.0555 67.9445 2
    endloop
  endfacet
  facet normal -0.740728 0.671805 0
    outer loop
      vertex 82.0555 67.9445 4
      vertex 81.8742 67.7446 2
      vertex 81.8742 67.7446 4
    endloop
  endfacet
  facet normal 0.0489209 -0.998803 0
    outer loop
      vertex 84 63.25 2
      vertex 84.2695 63.2632 4
      vertex 84 63.25 4
    endloop
  endfacet
  facet normal 0.0489209 -0.998803 0
    outer loop
      vertex 84.2695 63.2632 4
      vertex 84 63.25 2
      vertex 84.2695 63.2632 2
    endloop
  endfacet
  facet normal 0.803367 0.595485 0
    outer loop
      vertex 86.2865 67.5278 4
      vertex 86.1258 67.7446 2
      vertex 86.1258 67.7446 4
    endloop
  endfacet
  facet normal 0.803367 0.595485 0
    outer loop
      vertex 86.1258 67.7446 2
      vertex 86.2865 67.5278 4
      vertex 86.2865 67.5278 2
    endloop
  endfacet
  facet normal -0.970012 -0.243059 0
    outer loop
      vertex 81.3684 65.2017 2
      vertex 81.3028 65.4635 4
      vertex 81.3028 65.4635 2
    endloop
  endfacet
  facet normal -0.970012 -0.243059 0
    outer loop
      vertex 81.3028 65.4635 4
      vertex 81.3684 65.2017 2
      vertex 81.3684 65.2017 4
    endloop
  endfacet
  facet normal 0.98918 -0.14671 0
    outer loop
      vertex 86.6972 65.4635 4
      vertex 86.7368 65.7305 2
      vertex 86.7368 65.7305 4
    endloop
  endfacet
  facet normal 0.98918 -0.14671 0
    outer loop
      vertex 86.7368 65.7305 2
      vertex 86.6972 65.4635 4
      vertex 86.6972 65.4635 2
    endloop
  endfacet
  facet normal 0.514223 -0.857656 0
    outer loop
      vertex 85.2963 63.5747 2
      vertex 85.5278 63.7135 4
      vertex 85.2963 63.5747 4
    endloop
  endfacet
  facet normal 0.514223 -0.857656 0
    outer loop
      vertex 85.5278 63.7135 4
      vertex 85.2963 63.5747 2
      vertex 85.5278 63.7135 2
    endloop
  endfacet
  facet normal -0.941566 0.336829 0
    outer loop
      vertex 81.3684 66.7983 2
      vertex 81.4593 67.0524 4
      vertex 81.4593 67.0524 2
    endloop
  endfacet
  facet normal -0.941566 0.336829 0
    outer loop
      vertex 81.4593 67.0524 4
      vertex 81.3684 66.7983 2
      vertex 81.3684 66.7983 4
    endloop
  endfacet
  facet normal 0.671805 0.740728 -0
    outer loop
      vertex 85.9445 67.9445 2
      vertex 85.7446 68.1258 4
      vertex 85.9445 67.9445 4
    endloop
  endfacet
  facet normal 0.671805 0.740728 0
    outer loop
      vertex 85.7446 68.1258 4
      vertex 85.9445 67.9445 2
      vertex 85.7446 68.1258 2
    endloop
  endfacet
  facet normal -0.98918 0.14671 0
    outer loop
      vertex 81.2632 66.2695 2
      vertex 81.3028 66.5365 4
      vertex 81.3028 66.5365 2
    endloop
  endfacet
  facet normal -0.98918 0.14671 0
    outer loop
      vertex 81.3028 66.5365 4
      vertex 81.2632 66.2695 2
      vertex 81.2632 66.2695 4
    endloop
  endfacet
  facet normal 0.903926 -0.427688 0
    outer loop
      vertex 86.4253 64.7037 4
      vertex 86.5407 64.9476 2
      vertex 86.5407 64.9476 4
    endloop
  endfacet
  facet normal 0.903926 -0.427688 0
    outer loop
      vertex 86.5407 64.9476 2
      vertex 86.4253 64.7037 4
      vertex 86.4253 64.7037 2
    endloop
  endfacet
  facet normal 0.336829 0.941566 -0
    outer loop
      vertex 85.0524 68.5407 2
      vertex 84.7983 68.6316 4
      vertex 85.0524 68.5407 4
    endloop
  endfacet
  facet normal 0.336829 0.941566 0
    outer loop
      vertex 84.7983 68.6316 4
      vertex 85.0524 68.5407 2
      vertex 84.7983 68.6316 2
    endloop
  endfacet
  facet normal 0.998803 -0.0489209 0
    outer loop
      vertex 86.7368 65.7305 4
      vertex 86.75 66 2
      vertex 86.75 66 4
    endloop
  endfacet
  facet normal 0.998803 -0.0489209 0
    outer loop
      vertex 86.75 66 2
      vertex 86.7368 65.7305 4
      vertex 86.7368 65.7305 2
    endloop
  endfacet
  facet normal 0.14671 -0.98918 0
    outer loop
      vertex 84.2695 63.2632 2
      vertex 84.5365 63.3028 4
      vertex 84.2695 63.2632 4
    endloop
  endfacet
  facet normal 0.14671 -0.98918 0
    outer loop
      vertex 84.5365 63.3028 4
      vertex 84.2695 63.2632 2
      vertex 84.5365 63.3028 2
    endloop
  endfacet
  facet normal 0.941566 0.336829 0
    outer loop
      vertex 86.6316 66.7983 4
      vertex 86.5407 67.0524 2
      vertex 86.5407 67.0524 4
    endloop
  endfacet
  facet normal 0.941566 0.336829 0
    outer loop
      vertex 86.5407 67.0524 2
      vertex 86.6316 66.7983 4
      vertex 86.6316 66.7983 2
    endloop
  endfacet
  facet normal 0.803367 -0.595485 0
    outer loop
      vertex 86.1258 64.2554 4
      vertex 86.2865 64.4722 2
      vertex 86.2865 64.4722 4
    endloop
  endfacet
  facet normal 0.803367 -0.595485 0
    outer loop
      vertex 86.2865 64.4722 2
      vertex 86.1258 64.2554 4
      vertex 86.1258 64.2554 2
    endloop
  endfacet
  facet normal 0.857656 -0.514223 0
    outer loop
      vertex 86.2865 64.4722 4
      vertex 86.4253 64.7037 2
      vertex 86.4253 64.7037 4
    endloop
  endfacet
  facet normal 0.857656 -0.514223 0
    outer loop
      vertex 86.4253 64.7037 2
      vertex 86.2865 64.4722 4
      vertex 86.2865 64.4722 2
    endloop
  endfacet
  facet normal -0.243059 0.970012 0
    outer loop
      vertex 83.4635 68.6972 2
      vertex 83.2017 68.6316 4
      vertex 83.4635 68.6972 4
    endloop
  endfacet
  facet normal -0.243059 0.970012 0
    outer loop
      vertex 83.2017 68.6316 4
      vertex 83.4635 68.6972 2
      vertex 83.2017 68.6316 2
    endloop
  endfacet
  facet normal 0.941566 -0.336829 0
    outer loop
      vertex 86.5407 64.9476 4
      vertex 86.6316 65.2017 2
      vertex 86.6316 65.2017 4
    endloop
  endfacet
  facet normal 0.941566 -0.336829 0
    outer loop
      vertex 86.6316 65.2017 2
      vertex 86.5407 64.9476 4
      vertex 86.5407 64.9476 2
    endloop
  endfacet
  facet normal 0.0489209 0.998803 -0
    outer loop
      vertex 84.2695 68.7368 2
      vertex 84 68.75 4
      vertex 84.2695 68.7368 4
    endloop
  endfacet
  facet normal 0.0489209 0.998803 0
    outer loop
      vertex 84 68.75 4
      vertex 84.2695 68.7368 2
      vertex 84 68.75 2
    endloop
  endfacet
  facet normal -0.514223 0.857656 0
    outer loop
      vertex 82.7037 68.4253 2
      vertex 82.4722 68.2865 4
      vertex 82.7037 68.4253 4
    endloop
  endfacet
  facet normal -0.514223 0.857656 0
    outer loop
      vertex 82.4722 68.2865 4
      vertex 82.7037 68.4253 2
      vertex 82.4722 68.2865 2
    endloop
  endfacet
  facet normal 0.903926 0.427688 0
    outer loop
      vertex 86.5407 67.0524 4
      vertex 86.4253 67.2963 2
      vertex 86.4253 67.2963 4
    endloop
  endfacet
  facet normal 0.903926 0.427688 0
    outer loop
      vertex 86.4253 67.2963 2
      vertex 86.5407 67.0524 4
      vertex 86.5407 67.0524 2
    endloop
  endfacet
  facet normal 0.14671 0.98918 -0
    outer loop
      vertex 84.5365 68.6972 2
      vertex 84.2695 68.7368 4
      vertex 84.5365 68.6972 4
    endloop
  endfacet
  facet normal 0.14671 0.98918 0
    outer loop
      vertex 84.2695 68.7368 4
      vertex 84.5365 68.6972 2
      vertex 84.2695 68.7368 2
    endloop
  endfacet
  facet normal -0.243059 -0.970012 0
    outer loop
      vertex 83.2017 63.3684 2
      vertex 83.4635 63.3028 4
      vertex 83.2017 63.3684 4
    endloop
  endfacet
  facet normal -0.243059 -0.970012 -0
    outer loop
      vertex 83.4635 63.3028 4
      vertex 83.2017 63.3684 2
      vertex 83.4635 63.3028 2
    endloop
  endfacet
  facet normal -0.857656 -0.514223 0
    outer loop
      vertex 81.7135 64.4722 2
      vertex 81.5747 64.7037 4
      vertex 81.5747 64.7037 2
    endloop
  endfacet
  facet normal -0.857656 -0.514223 0
    outer loop
      vertex 81.5747 64.7037 4
      vertex 81.7135 64.4722 2
      vertex 81.7135 64.4722 4
    endloop
  endfacet
  facet normal 0.857656 0.514223 0
    outer loop
      vertex 86.4253 67.2963 4
      vertex 86.2865 67.5278 2
      vertex 86.2865 67.5278 4
    endloop
  endfacet
  facet normal 0.857656 0.514223 0
    outer loop
      vertex 86.2865 67.5278 2
      vertex 86.4253 67.2963 4
      vertex 86.4253 67.2963 2
    endloop
  endfacet
  facet normal -0.336829 0.941566 0
    outer loop
      vertex 83.2017 68.6316 2
      vertex 82.9476 68.5407 4
      vertex 83.2017 68.6316 4
    endloop
  endfacet
  facet normal -0.336829 0.941566 0
    outer loop
      vertex 82.9476 68.5407 4
      vertex 83.2017 68.6316 2
      vertex 82.9476 68.5407 2
    endloop
  endfacet
  facet normal -0.740728 -0.671805 0
    outer loop
      vertex 82.0555 64.0555 2
      vertex 81.8742 64.2554 4
      vertex 81.8742 64.2554 2
    endloop
  endfacet
  facet normal -0.740728 -0.671805 0
    outer loop
      vertex 81.8742 64.2554 4
      vertex 82.0555 64.0555 2
      vertex 82.0555 64.0555 4
    endloop
  endfacet
  facet normal -0.671805 0.740728 0
    outer loop
      vertex 82.2554 68.1258 2
      vertex 82.0555 67.9445 4
      vertex 82.2554 68.1258 4
    endloop
  endfacet
  facet normal -0.671805 0.740728 0
    outer loop
      vertex 82.0555 67.9445 4
      vertex 82.2554 68.1258 2
      vertex 82.0555 67.9445 2
    endloop
  endfacet
  facet normal -0.514223 -0.857656 0
    outer loop
      vertex 82.4722 63.7135 2
      vertex 82.7037 63.5747 4
      vertex 82.4722 63.7135 4
    endloop
  endfacet
  facet normal -0.514223 -0.857656 -0
    outer loop
      vertex 82.7037 63.5747 4
      vertex 82.4722 63.7135 2
      vertex 82.7037 63.5747 2
    endloop
  endfacet
  facet normal -0.970012 0.243059 0
    outer loop
      vertex 81.3028 66.5365 2
      vertex 81.3684 66.7983 4
      vertex 81.3684 66.7983 2
    endloop
  endfacet
  facet normal -0.970012 0.243059 0
    outer loop
      vertex 81.3684 66.7983 4
      vertex 81.3028 66.5365 2
      vertex 81.3028 66.5365 4
    endloop
  endfacet
  facet normal 0.336829 -0.941566 0
    outer loop
      vertex 84.7983 63.3684 2
      vertex 85.0524 63.4593 4
      vertex 84.7983 63.3684 4
    endloop
  endfacet
  facet normal 0.336829 -0.941566 0
    outer loop
      vertex 85.0524 63.4593 4
      vertex 84.7983 63.3684 2
      vertex 85.0524 63.4593 2
    endloop
  endfacet
  facet normal -0.803367 -0.595485 0
    outer loop
      vertex 81.8742 64.2554 2
      vertex 81.7135 64.4722 4
      vertex 81.7135 64.4722 2
    endloop
  endfacet
  facet normal -0.803367 -0.595485 0
    outer loop
      vertex 81.7135 64.4722 4
      vertex 81.8742 64.2554 2
      vertex 81.8742 64.2554 4
    endloop
  endfacet
  facet normal -0.98918 -0.14671 0
    outer loop
      vertex 81.3028 65.4635 2
      vertex 81.2632 65.7305 4
      vertex 81.2632 65.7305 2
    endloop
  endfacet
  facet normal -0.98918 -0.14671 0
    outer loop
      vertex 81.2632 65.7305 4
      vertex 81.3028 65.4635 2
      vertex 81.3028 65.4635 4
    endloop
  endfacet
  facet normal -0.671805 -0.740728 0
    outer loop
      vertex 82.0555 64.0555 2
      vertex 82.2554 63.8742 4
      vertex 82.0555 64.0555 4
    endloop
  endfacet
  facet normal -0.671805 -0.740728 -0
    outer loop
      vertex 82.2554 63.8742 4
      vertex 82.0555 64.0555 2
      vertex 82.2554 63.8742 2
    endloop
  endfacet
  facet normal -0.803367 0.595485 0
    outer loop
      vertex 81.7135 67.5278 2
      vertex 81.8742 67.7446 4
      vertex 81.8742 67.7446 2
    endloop
  endfacet
  facet normal -0.803367 0.595485 0
    outer loop
      vertex 81.8742 67.7446 4
      vertex 81.7135 67.5278 2
      vertex 81.7135 67.5278 4
    endloop
  endfacet
  facet normal -0.857656 0.514223 0
    outer loop
      vertex 81.5747 67.2963 2
      vertex 81.7135 67.5278 4
      vertex 81.7135 67.5278 2
    endloop
  endfacet
  facet normal -0.857656 0.514223 0
    outer loop
      vertex 81.7135 67.5278 4
      vertex 81.5747 67.2963 2
      vertex 81.5747 67.2963 4
    endloop
  endfacet
  facet normal 0 0 1
    outer loop
      vertex 85.6 66 4
      vertex 86.75 66 4
      vertex 86.7368 66.2695 4
    endloop
  endfacet
  facet normal 0 0 1
    outer loop
      vertex 85.5923 66.1568 4
      vertex 86.7368 66.2695 4
      vertex 86.6972 66.5365 4
    endloop
  endfacet
  facet normal 0 0 1
    outer loop
      vertex 86.75 66 4
      vertex 85.6 66 4
      vertex 86.7368 65.7305 4
    endloop
  endfacet
  facet normal 0 0 1
    outer loop
      vertex 85.5693 66.3121 4
      vertex 86.6972 66.5365 4
      vertex 86.6316 66.7983 4
    endloop
  endfacet
  facet normal -0 0 1
    outer loop
      vertex 85.5923 65.8432 4
      vertex 86.7368 65.7305 4
      vertex 85.6 66 4
    endloop
  endfacet
  facet normal 0 0 1
    outer loop
      vertex 85.5311 66.4645 4
      vertex 86.6316 66.7983 4
      vertex 86.5407 67.0524 4
    endloop
  endfacet
  facet normal 0 0 1
    outer loop
      vertex 86.7368 65.7305 4
      vertex 85.5923 65.8432 4
      vertex 86.6972 65.4635 4
    endloop
  endfacet
  facet normal 0 0 1
    outer loop
      vertex 85.4782 66.6123 4
      vertex 86.5407 67.0524 4
      vertex 86.4253 67.2963 4
    endloop
  endfacet
  facet normal -0 0 1
    outer loop
      vertex 85.5693 65.6879 4
      vertex 86.6972 65.4635 4
      vertex 85.5923 65.8432 4
    endloop
  endfacet
  facet normal 0 0 1
    outer loop
      vertex 85.4111 66.7542 4
      vertex 86.4253 67.2963 4
      vertex 86.2865 67.5278 4
    endloop
  endfacet
  facet normal 0 0 1
    outer loop
      vertex 86.6972 65.4635 4
      vertex 85.5693 65.6879 4
      vertex 86.6316 65.2017 4
    endloop
  endfacet
  facet normal 0 0 1
    outer loop
      vertex 85.3304 66.8889 4
      vertex 86.2865 67.5278 4
      vertex 86.1258 67.7446 4
    endloop
  endfacet
  facet normal -0 0 1
    outer loop
      vertex 85.5311 65.5355 4
      vertex 86.6316 65.2017 4
      vertex 85.5693 65.6879 4
    endloop
  endfacet
  facet normal 0 0 1
    outer loop
      vertex 85.2368 67.015 4
      vertex 86.1258 67.7446 4
      vertex 85.9445 67.9445 4
    endloop
  endfacet
  facet normal 0 0 1
    outer loop
      vertex 86.6316 65.2017 4
      vertex 85.5311 65.5355 4
      vertex 86.5407 64.9476 4
    endloop
  endfacet
  facet normal 0 0 1
    outer loop
      vertex 85.1314 67.1314 4
      vertex 85.9445 67.9445 4
      vertex 85.7446 68.1258 4
    endloop
  endfacet
  facet normal -0 0 1
    outer loop
      vertex 85.4782 65.3877 4
      vertex 86.5407 64.9476 4
      vertex 85.5311 65.5355 4
    endloop
  endfacet
  facet normal 0 0 1
    outer loop
      vertex 86.5407 64.9476 4
      vertex 85.4782 65.3877 4
      vertex 86.4253 64.7037 4
    endloop
  endfacet
  facet normal 0 0 1
    outer loop
      vertex 86.7368 66.2695 4
      vertex 85.5923 66.1568 4
      vertex 85.6 66 4
    endloop
  endfacet
  facet normal 0 0 1
    outer loop
      vertex 86.6972 66.5365 4
      vertex 85.5693 66.3121 4
      vertex 85.5923 66.1568 4
    endloop
  endfacet
  facet normal 0 0 1
    outer loop
      vertex 86.6316 66.7983 4
      vertex 85.5311 66.4645 4
      vertex 85.5693 66.3121 4
    endloop
  endfacet
  facet normal 0 0 1
    outer loop
      vertex 85.015 67.2368 4
      vertex 85.7446 68.1258 4
      vertex 85.5278 68.2865 4
    endloop
  endfacet
  facet normal 0 0 1
    outer loop
      vertex 86.5407 67.0524 4
      vertex 85.4782 66.6123 4
      vertex 85.5311 66.4645 4
    endloop
  endfacet
  facet normal 0 0 1
    outer loop
      vertex 86.4253 67.2963 4
      vertex 85.4111 66.7542 4
      vertex 85.4782 66.6123 4
    endloop
  endfacet
  facet normal 0 0 1
    outer loop
      vertex 86.2865 67.5278 4
      vertex 85.3304 66.8889 4
      vertex 85.4111 66.7542 4
    endloop
  endfacet
  facet normal 0 0 1
    outer loop
      vertex 84.8889 67.3304 4
      vertex 85.5278 68.2865 4
      vertex 85.2963 68.4253 4
    endloop
  endfacet
  facet normal 0 0 1
    outer loop
      vertex 86.1258 67.7446 4
      vertex 85.2368 67.015 4
      vertex 85.3304 66.8889 4
    endloop
  endfacet
  facet normal 0 0 1
    outer loop
      vertex 85.9445 67.9445 4
      vertex 85.1314 67.1314 4
      vertex 85.2368 67.015 4
    endloop
  endfacet
  facet normal 0 0 1
    outer loop
      vertex 84.7542 67.4111 4
      vertex 85.2963 68.4253 4
      vertex 85.0524 68.5407 4
    endloop
  endfacet
  facet normal 0 0 1
    outer loop
      vertex 85.7446 68.1258 4
      vertex 85.015 67.2368 4
      vertex 85.1314 67.1314 4
    endloop
  endfacet
  facet normal 0 0 1
    outer loop
      vertex 85.5278 68.2865 4
      vertex 84.8889 67.3304 4
      vertex 85.015 67.2368 4
    endloop
  endfacet
  facet normal 0 0 1
    outer loop
      vertex 84.6123 67.4782 4
      vertex 85.0524 68.5407 4
      vertex 84.7983 68.6316 4
    endloop
  endfacet
  facet normal 0 0 1
    outer loop
      vertex 85.2963 68.4253 4
      vertex 84.7542 67.4111 4
      vertex 84.8889 67.3304 4
    endloop
  endfacet
  facet normal 0 0 1
    outer loop
      vertex 85.0524 68.5407 4
      vertex 84.6123 67.4782 4
      vertex 84.7542 67.4111 4
    endloop
  endfacet
  facet normal 0 0 1
    outer loop
      vertex 84.4645 67.5311 4
      vertex 84.7983 68.6316 4
      vertex 84.5365 68.6972 4
    endloop
  endfacet
  facet normal 0 0 1
    outer loop
      vertex 84.7983 68.6316 4
      vertex 84.4645 67.5311 4
      vertex 84.6123 67.4782 4
    endloop
  endfacet
  facet normal 0 0 1
    outer loop
      vertex 84.5365 68.6972 4
      vertex 84.3121 67.5693 4
      vertex 84.4645 67.5311 4
    endloop
  endfacet
  facet normal 0 0 1
    outer loop
      vertex 84.2695 68.7368 4
      vertex 84.3121 67.5693 4
      vertex 84.5365 68.6972 4
    endloop
  endfacet
  facet normal 0 0 1
    outer loop
      vertex 84.2695 68.7368 4
      vertex 84.1568 67.5923 4
      vertex 84.3121 67.5693 4
    endloop
  endfacet
  facet normal 0 0 1
    outer loop
      vertex 84 68.75 4
      vertex 84.1568 67.5923 4
      vertex 84.2695 68.7368 4
    endloop
  endfacet
  facet normal 0 0 1
    outer loop
      vertex 84 68.75 4
      vertex 84 67.6 4
      vertex 84.1568 67.5923 4
    endloop
  endfacet
  facet normal 0 0 1
    outer loop
      vertex 84 68.75 4
      vertex 83.8432 67.5923 4
      vertex 84 67.6 4
    endloop
  endfacet
  facet normal -0 0 1
    outer loop
      vertex 83.7305 68.7368 4
      vertex 83.8432 67.5923 4
      vertex 84 68.75 4
    endloop
  endfacet
  facet normal 0 0 1
    outer loop
      vertex 83.7305 68.7368 4
      vertex 83.6879 67.5693 4
      vertex 83.8432 67.5923 4
    endloop
  endfacet
  facet normal -0 0 1
    outer loop
      vertex 83.4635 68.6972 4
      vertex 83.6879 67.5693 4
      vertex 83.7305 68.7368 4
    endloop
  endfacet
  facet normal 0 0 1
    outer loop
      vertex 83.6879 67.5693 4
      vertex 83.4635 68.6972 4
      vertex 83.5355 67.5311 4
    endloop
  endfacet
  facet normal -0 0 1
    outer loop
      vertex 83.2017 68.6316 4
      vertex 83.5355 67.5311 4
      vertex 83.4635 68.6972 4
    endloop
  endfacet
  facet normal 0 0 1
    outer loop
      vertex 83.5355 67.5311 4
      vertex 83.2017 68.6316 4
      vertex 83.3877 67.4782 4
    endloop
  endfacet
  facet normal -0 0 1
    outer loop
      vertex 82.9476 68.5407 4
      vertex 83.3877 67.4782 4
      vertex 83.2017 68.6316 4
    endloop
  endfacet
  facet normal 0 0 1
    outer loop
      vertex 83.3877 67.4782 4
      vertex 82.9476 68.5407 4
      vertex 83.2458 67.4111 4
    endloop
  endfacet
  facet normal -0 0 1
    outer loop
      vertex 82.7037 68.4253 4
      vertex 83.2458 67.4111 4
      vertex 82.9476 68.5407 4
    endloop
  endfacet
  facet normal 0 0 1
    outer loop
      vertex 83.2458 67.4111 4
      vertex 82.7037 68.4253 4
      vertex 83.1111 67.3304 4
    endloop
  endfacet
  facet normal -0 0 1
    outer loop
      vertex 82.4722 68.2865 4
      vertex 83.1111 67.3304 4
      vertex 82.7037 68.4253 4
    endloop
  endfacet
  facet normal 0 0 1
    outer loop
      vertex 83.1111 67.3304 4
      vertex 82.4722 68.2865 4
      vertex 82.985 67.2368 4
    endloop
  endfacet
  facet normal -0 0 1
    outer loop
      vertex 82.2554 68.1258 4
      vertex 82.985 67.2368 4
      vertex 82.4722 68.2865 4
    endloop
  endfacet
  facet normal 0 0 1
    outer loop
      vertex 82.985 67.2368 4
      vertex 82.2554 68.1258 4
      vertex 82.8686 67.1314 4
    endloop
  endfacet
  facet normal -0 0 1
    outer loop
      vertex 82.0555 67.9445 4
      vertex 82.8686 67.1314 4
      vertex 82.2554 68.1258 4
    endloop
  endfacet
  facet normal 0 0 1
    outer loop
      vertex 82.8686 67.1314 4
      vertex 82.0555 67.9445 4
      vertex 82.7632 67.015 4
    endloop
  endfacet
  facet normal -0 0 1
    outer loop
      vertex 81.8742 67.7446 4
      vertex 82.7632 67.015 4
      vertex 82.0555 67.9445 4
    endloop
  endfacet
  facet normal 0 0 1
    outer loop
      vertex 82.7632 67.015 4
      vertex 81.8742 67.7446 4
      vertex 82.6696 66.8889 4
    endloop
  endfacet
  facet normal -0 0 1
    outer loop
      vertex 81.7135 67.5278 4
      vertex 82.6696 66.8889 4
      vertex 81.8742 67.7446 4
    endloop
  endfacet
  facet normal 0 0 1
    outer loop
      vertex 82.6696 66.8889 4
      vertex 81.7135 67.5278 4
      vertex 82.5889 66.7542 4
    endloop
  endfacet
  facet normal -0 0 1
    outer loop
      vertex 81.5747 67.2963 4
      vertex 82.5889 66.7542 4
      vertex 81.7135 67.5278 4
    endloop
  endfacet
  facet normal 0 0 1
    outer loop
      vertex 82.5889 66.7542 4
      vertex 81.5747 67.2963 4
      vertex 82.5218 66.6123 4
    endloop
  endfacet
  facet normal -0 0 1
    outer loop
      vertex 85.4111 65.2458 4
      vertex 86.4253 64.7037 4
      vertex 85.4782 65.3877 4
    endloop
  endfacet
  facet normal 0 0 1
    outer loop
      vertex 86.4253 64.7037 4
      vertex 85.4111 65.2458 4
      vertex 86.2865 64.4722 4
    endloop
  endfacet
  facet normal -0 0 1
    outer loop
      vertex 85.3304 65.1111 4
      vertex 86.2865 64.4722 4
      vertex 85.4111 65.2458 4
    endloop
  endfacet
  facet normal 0 0 1
    outer loop
      vertex 86.2865 64.4722 4
      vertex 85.3304 65.1111 4
      vertex 86.1258 64.2554 4
    endloop
  endfacet
  facet normal -0 0 1
    outer loop
      vertex 85.2368 64.985 4
      vertex 86.1258 64.2554 4
      vertex 85.3304 65.1111 4
    endloop
  endfacet
  facet normal 0 0 1
    outer loop
      vertex 86.1258 64.2554 4
      vertex 85.2368 64.985 4
      vertex 85.9445 64.0555 4
    endloop
  endfacet
  facet normal -0 0 1
    outer loop
      vertex 85.1314 64.8686 4
      vertex 85.9445 64.0555 4
      vertex 85.2368 64.985 4
    endloop
  endfacet
  facet normal 0 0 1
    outer loop
      vertex 85.9445 64.0555 4
      vertex 85.1314 64.8686 4
      vertex 85.7446 63.8742 4
    endloop
  endfacet
  facet normal -0 0 1
    outer loop
      vertex 85.015 64.7632 4
      vertex 85.7446 63.8742 4
      vertex 85.1314 64.8686 4
    endloop
  endfacet
  facet normal 0 0 1
    outer loop
      vertex 85.7446 63.8742 4
      vertex 85.015 64.7632 4
      vertex 85.5278 63.7135 4
    endloop
  endfacet
  facet normal -0 0 1
    outer loop
      vertex 84.8889 64.6696 4
      vertex 85.5278 63.7135 4
      vertex 85.015 64.7632 4
    endloop
  endfacet
  facet normal 0 0 1
    outer loop
      vertex 85.5278 63.7135 4
      vertex 84.8889 64.6696 4
      vertex 85.2963 63.5747 4
    endloop
  endfacet
  facet normal -0 0 1
    outer loop
      vertex 84.7542 64.5889 4
      vertex 85.2963 63.5747 4
      vertex 84.8889 64.6696 4
    endloop
  endfacet
  facet normal 0 0 1
    outer loop
      vertex 85.2963 63.5747 4
      vertex 84.7542 64.5889 4
      vertex 85.0524 63.4593 4
    endloop
  endfacet
  facet normal -0 0 1
    outer loop
      vertex 84.6123 64.5218 4
      vertex 85.0524 63.4593 4
      vertex 84.7542 64.5889 4
    endloop
  endfacet
  facet normal 0 0 1
    outer loop
      vertex 85.0524 63.4593 4
      vertex 84.6123 64.5218 4
      vertex 84.7983 63.3684 4
    endloop
  endfacet
  facet normal -0 0 1
    outer loop
      vertex 84.4645 64.4689 4
      vertex 84.7983 63.3684 4
      vertex 84.6123 64.5218 4
    endloop
  endfacet
  facet normal 0 0 1
    outer loop
      vertex 84.7983 63.3684 4
      vertex 84.4645 64.4689 4
      vertex 84.5365 63.3028 4
    endloop
  endfacet
  facet normal -0 0 1
    outer loop
      vertex 84.3121 64.4307 4
      vertex 84.5365 63.3028 4
      vertex 84.4645 64.4689 4
    endloop
  endfacet
  facet normal 0 0 1
    outer loop
      vertex 84.3121 64.4307 4
      vertex 84.2695 63.2632 4
      vertex 84.5365 63.3028 4
    endloop
  endfacet
  facet normal -0 0 1
    outer loop
      vertex 84.1568 64.4077 4
      vertex 84.2695 63.2632 4
      vertex 84.3121 64.4307 4
    endloop
  endfacet
  facet normal -0 0 1
    outer loop
      vertex 84 64.4 4
      vertex 84.2695 63.2632 4
      vertex 84.1568 64.4077 4
    endloop
  endfacet
  facet normal 0 0 1
    outer loop
      vertex 84 64.4 4
      vertex 84 63.25 4
      vertex 84.2695 63.2632 4
    endloop
  endfacet
  facet normal 0 0 1
    outer loop
      vertex 83.8432 64.4077 4
      vertex 84 63.25 4
      vertex 84 64.4 4
    endloop
  endfacet
  facet normal 0 0 1
    outer loop
      vertex 83.8432 64.4077 4
      vertex 83.7305 63.2632 4
      vertex 84 63.25 4
    endloop
  endfacet
  facet normal 0 0 1
    outer loop
      vertex 83.6879 64.4307 4
      vertex 83.7305 63.2632 4
      vertex 83.8432 64.4077 4
    endloop
  endfacet
  facet normal 0 0 1
    outer loop
      vertex 83.4635 63.3028 4
      vertex 83.6879 64.4307 4
      vertex 83.5355 64.4689 4
    endloop
  endfacet
  facet normal 0 0 1
    outer loop
      vertex 83.6879 64.4307 4
      vertex 83.4635 63.3028 4
      vertex 83.7305 63.2632 4
    endloop
  endfacet
  facet normal 0 0 1
    outer loop
      vertex 83.2017 63.3684 4
      vertex 83.5355 64.4689 4
      vertex 83.3877 64.5218 4
    endloop
  endfacet
  facet normal 0 0 1
    outer loop
      vertex 82.9476 63.4593 4
      vertex 83.3877 64.5218 4
      vertex 83.2458 64.5889 4
    endloop
  endfacet
  facet normal 0 0 1
    outer loop
      vertex 83.5355 64.4689 4
      vertex 83.2017 63.3684 4
      vertex 83.4635 63.3028 4
    endloop
  endfacet
  facet normal 0 0 1
    outer loop
      vertex 82.7037 63.5747 4
      vertex 83.2458 64.5889 4
      vertex 83.1111 64.6696 4
    endloop
  endfacet
  facet normal 0 0 1
    outer loop
      vertex 82.4722 63.7135 4
      vertex 83.1111 64.6696 4
      vertex 82.985 64.7632 4
    endloop
  endfacet
  facet normal 0 0 1
    outer loop
      vertex 83.3877 64.5218 4
      vertex 82.9476 63.4593 4
      vertex 83.2017 63.3684 4
    endloop
  endfacet
  facet normal 0 0 1
    outer loop
      vertex 82.2554 63.8742 4
      vertex 82.985 64.7632 4
      vertex 82.8686 64.8686 4
    endloop
  endfacet
  facet normal 0 0 1
    outer loop
      vertex 82.0555 64.0555 4
      vertex 82.8686 64.8686 4
      vertex 82.7632 64.985 4
    endloop
  endfacet
  facet normal 0 0 1
    outer loop
      vertex 83.2458 64.5889 4
      vertex 82.7037 63.5747 4
      vertex 82.9476 63.4593 4
    endloop
  endfacet
  facet normal 0 0 1
    outer loop
      vertex 81.8742 64.2554 4
      vertex 82.7632 64.985 4
      vertex 82.6696 65.1111 4
    endloop
  endfacet
  facet normal 0 0 1
    outer loop
      vertex 81.7135 64.4722 4
      vertex 82.6696 65.1111 4
      vertex 82.5889 65.2458 4
    endloop
  endfacet
  facet normal 0 0 1
    outer loop
      vertex 81.5747 64.7037 4
      vertex 82.5889 65.2458 4
      vertex 82.5218 65.3877 4
    endloop
  endfacet
  facet normal 0 0 1
    outer loop
      vertex 83.1111 64.6696 4
      vertex 82.4722 63.7135 4
      vertex 82.7037 63.5747 4
    endloop
  endfacet
  facet normal 0 0 1
    outer loop
      vertex 81.4593 64.9476 4
      vertex 82.5218 65.3877 4
      vertex 82.4689 65.5355 4
    endloop
  endfacet
  facet normal 0 0 1
    outer loop
      vertex 81.3684 65.2017 4
      vertex 82.4689 65.5355 4
      vertex 82.4307 65.6879 4
    endloop
  endfacet
  facet normal 0 0 1
    outer loop
      vertex 81.3028 65.4635 4
      vertex 82.4307 65.6879 4
      vertex 82.4077 65.8432 4
    endloop
  endfacet
  facet normal 0 0 1
    outer loop
      vertex 81.2632 65.7305 4
      vertex 82.4077 65.8432 4
      vertex 82.4 66 4
    endloop
  endfacet
  facet normal -0 0 1
    outer loop
      vertex 81.4593 67.0524 4
      vertex 82.5218 66.6123 4
      vertex 81.5747 67.2963 4
    endloop
  endfacet
  facet normal 0 0 1
    outer loop
      vertex 82.985 64.7632 4
      vertex 82.2554 63.8742 4
      vertex 82.4722 63.7135 4
    endloop
  endfacet
  facet normal 0 0 1
    outer loop
      vertex 82.5218 66.6123 4
      vertex 81.4593 67.0524 4
      vertex 82.4689 66.4645 4
    endloop
  endfacet
  facet normal 0 0 1
    outer loop
      vertex 82.8686 64.8686 4
      vertex 82.0555 64.0555 4
      vertex 82.2554 63.8742 4
    endloop
  endfacet
  facet normal -0 0 1
    outer loop
      vertex 81.3684 66.7983 4
      vertex 82.4689 66.4645 4
      vertex 81.4593 67.0524 4
    endloop
  endfacet
  facet normal 0 0 1
    outer loop
      vertex 82.7632 64.985 4
      vertex 81.8742 64.2554 4
      vertex 82.0555 64.0555 4
    endloop
  endfacet
  facet normal 0 0 1
    outer loop
      vertex 82.4689 66.4645 4
      vertex 81.3684 66.7983 4
      vertex 82.4307 66.3121 4
    endloop
  endfacet
  facet normal 0 0 1
    outer loop
      vertex 82.6696 65.1111 4
      vertex 81.7135 64.4722 4
      vertex 81.8742 64.2554 4
    endloop
  endfacet
  facet normal -0 0 1
    outer loop
      vertex 81.3028 66.5365 4
      vertex 82.4307 66.3121 4
      vertex 81.3684 66.7983 4
    endloop
  endfacet
  facet normal 0 0 1
    outer loop
      vertex 82.5889 65.2458 4
      vertex 81.5747 64.7037 4
      vertex 81.7135 64.4722 4
    endloop
  endfacet
  facet normal 0 0 1
    outer loop
      vertex 82.4307 66.3121 4
      vertex 81.3028 66.5365 4
      vertex 82.4077 66.1568 4
    endloop
  endfacet
  facet normal 0 0 1
    outer loop
      vertex 82.5218 65.3877 4
      vertex 81.4593 64.9476 4
      vertex 81.5747 64.7037 4
    endloop
  endfacet
  facet normal -0 0 1
    outer loop
      vertex 81.2632 66.2695 4
      vertex 82.4077 66.1568 4
      vertex 81.3028 66.5365 4
    endloop
  endfacet
  facet normal 0 0 1
    outer loop
      vertex 82.4689 65.5355 4
      vertex 81.3684 65.2017 4
      vertex 81.4593 64.9476 4
    endloop
  endfacet
  facet normal 0 0 1
    outer loop
      vertex 82.4077 66.1568 4
      vertex 81.2632 66.2695 4
      vertex 82.4 66 4
    endloop
  endfacet
  facet normal 0 0 1
    outer loop
      vertex 82.4307 65.6879 4
      vertex 81.3028 65.4635 4
      vertex 81.3684 65.2017 4
    endloop
  endfacet
  facet normal 0 0 1
    outer loop
      vertex 81.25 66 4
      vertex 82.4 66 4
      vertex 81.2632 66.2695 4
    endloop
  endfacet
  facet normal 0 0 1
    outer loop
      vertex 82.4077 65.8432 4
      vertex 81.2632 65.7305 4
      vertex 81.3028 65.4635 4
    endloop
  endfacet
  facet normal 0 0 1
    outer loop
      vertex 82.4 66 4
      vertex 81.25 66 4
      vertex 81.2632 65.7305 4
    endloop
  endfacet
  facet normal -0.0489209 -0.998803 0
    outer loop
      vertex 83.7305 63.2632 2
      vertex 84 63.25 4
      vertex 83.7305 63.2632 4
    endloop
  endfacet
  facet normal -0.0489209 -0.998803 -0
    outer loop
      vertex 84 63.25 4
      vertex 83.7305 63.2632 2
      vertex 84 63.25 2
    endloop
  endfacet
  facet normal -0.998803 0.0489209 0
    outer loop
      vertex 81.25 66 2
      vertex 81.2632 66.2695 4
      vertex 81.2632 66.2695 2
    endloop
  endfacet
  facet normal -0.998803 0.0489209 0
    outer loop
      vertex 81.2632 66.2695 4
      vertex 81.25 66 2
      vertex 81.25 66 4
    endloop
  endfacet
  facet normal 0.740728 -0.671805 0
    outer loop
      vertex 85.9445 64.0555 4
      vertex 86.1258 64.2554 2
      vertex 86.1258 64.2554 4
    endloop
  endfacet
  facet normal 0.740728 -0.671805 0
    outer loop
      vertex 86.1258 64.2554 2
      vertex 85.9445 64.0555 4
      vertex 85.9445 64.0555 2
    endloop
  endfacet
  facet normal 0.243135 0.969993 -0
    outer loop
      vertex 83.6879 64.4307 2
      vertex 83.5355 64.4689 4
      vertex 83.6879 64.4307 4
    endloop
  endfacet
  facet normal 0.243135 0.969993 0
    outer loop
      vertex 83.5355 64.4689 4
      vertex 83.6879 64.4307 2
      vertex 83.5355 64.4689 2
    endloop
  endfacet
  facet normal 0.85783 0.513934 0
    outer loop
      vertex 82.6696 65.1111 4
      vertex 82.5889 65.2458 2
      vertex 82.5889 65.2458 4
    endloop
  endfacet
  facet normal 0.85783 0.513934 0
    outer loop
      vertex 82.5889 65.2458 2
      vertex 82.6696 65.1111 4
      vertex 82.6696 65.1111 2
    endloop
  endfacet
  facet normal -0.146502 0.98921 0
    outer loop
      vertex 84.3121 64.4307 2
      vertex 84.1568 64.4077 4
      vertex 84.3121 64.4307 4
    endloop
  endfacet
  facet normal -0.146502 0.98921 0
    outer loop
      vertex 84.1568 64.4077 4
      vertex 84.3121 64.4307 2
      vertex 84.1568 64.4077 2
    endloop
  endfacet
  facet normal 0.513934 -0.85783 0
    outer loop
      vertex 83.1111 67.3304 2
      vertex 83.2458 67.4111 4
      vertex 83.1111 67.3304 4
    endloop
  endfacet
  facet normal 0.513934 -0.85783 0
    outer loop
      vertex 83.2458 67.4111 4
      vertex 83.1111 67.3304 2
      vertex 83.2458 67.4111 2
    endloop
  endfacet
  facet normal -0.741264 0.671213 0
    outer loop
      vertex 85.1314 64.8686 2
      vertex 85.2368 64.985 4
      vertex 85.2368 64.985 2
    endloop
  endfacet
  facet normal -0.741264 0.671213 0
    outer loop
      vertex 85.2368 64.985 4
      vertex 85.1314 64.8686 2
      vertex 85.1314 64.8686 4
    endloop
  endfacet
  facet normal -0.513934 0.85783 0
    outer loop
      vertex 84.8889 64.6696 2
      vertex 84.7542 64.5889 4
      vertex 84.8889 64.6696 4
    endloop
  endfacet
  facet normal -0.513934 0.85783 0
    outer loop
      vertex 84.7542 64.5889 4
      vertex 84.8889 64.6696 2
      vertex 84.7542 64.5889 2
    endloop
  endfacet
  facet normal 0.98921 -0.146502 0
    outer loop
      vertex 82.4077 66.1568 4
      vertex 82.4307 66.3121 2
      vertex 82.4307 66.3121 4
    endloop
  endfacet
  facet normal 0.98921 -0.146502 0
    outer loop
      vertex 82.4307 66.3121 2
      vertex 82.4077 66.1568 4
      vertex 82.4077 66.1568 2
    endloop
  endfacet
  facet normal -0.969993 0.243135 0
    outer loop
      vertex 85.5311 65.5355 2
      vertex 85.5693 65.6879 4
      vertex 85.5693 65.6879 2
    endloop
  endfacet
  facet normal -0.969993 0.243135 0
    outer loop
      vertex 85.5693 65.6879 4
      vertex 85.5311 65.5355 2
      vertex 85.5311 65.5355 4
    endloop
  endfacet
  facet normal 0.146502 0.98921 -0
    outer loop
      vertex 83.8432 64.4077 2
      vertex 83.6879 64.4307 4
      vertex 83.8432 64.4077 4
    endloop
  endfacet
  facet normal 0.146502 0.98921 0
    outer loop
      vertex 83.6879 64.4307 4
      vertex 83.8432 64.4077 2
      vertex 83.6879 64.4307 2
    endloop
  endfacet
  facet normal 0.998796 0.049048 0
    outer loop
      vertex 82.4077 65.8432 4
      vertex 82.4 66 2
      vertex 82.4 66 4
    endloop
  endfacet
  facet normal 0.998796 0.049048 0
    outer loop
      vertex 82.4 66 2
      vertex 82.4077 65.8432 4
      vertex 82.4077 65.8432 2
    endloop
  endfacet
  facet normal 0.741264 -0.671213 0
    outer loop
      vertex 82.7632 67.015 4
      vertex 82.8686 67.1314 2
      vertex 82.8686 67.1314 4
    endloop
  endfacet
  facet normal 0.741264 -0.671213 0
    outer loop
      vertex 82.8686 67.1314 2
      vertex 82.7632 67.015 4
      vertex 82.7632 67.015 2
    endloop
  endfacet
  facet normal 0.969993 0.243135 0
    outer loop
      vertex 82.4689 65.5355 4
      vertex 82.4307 65.6879 2
      vertex 82.4307 65.6879 4
    endloop
  endfacet
  facet normal 0.969993 0.243135 0
    outer loop
      vertex 82.4307 65.6879 2
      vertex 82.4689 65.5355 4
      vertex 82.4689 65.5355 2
    endloop
  endfacet
  facet normal 0.336982 -0.941511 0
    outer loop
      vertex 83.3877 67.4782 2
      vertex 83.5355 67.5311 4
      vertex 83.3877 67.4782 4
    endloop
  endfacet
  facet normal 0.336982 -0.941511 0
    outer loop
      vertex 83.5355 67.5311 4
      vertex 83.3877 67.4782 2
      vertex 83.5355 67.5311 2
    endloop
  endfacet
  facet normal 0.941511 0.336982 0
    outer loop
      vertex 82.5218 65.3877 4
      vertex 82.4689 65.5355 2
      vertex 82.4689 65.5355 4
    endloop
  endfacet
  facet normal 0.941511 0.336982 0
    outer loop
      vertex 82.4689 65.5355 2
      vertex 82.5218 65.3877 4
      vertex 82.5218 65.3877 2
    endloop
  endfacet
  facet normal 0.80297 -0.596019 0
    outer loop
      vertex 82.6696 66.8889 4
      vertex 82.7632 67.015 2
      vertex 82.7632 67.015 4
    endloop
  endfacet
  facet normal 0.80297 -0.596019 0
    outer loop
      vertex 82.7632 67.015 2
      vertex 82.6696 66.8889 4
      vertex 82.6696 66.8889 2
    endloop
  endfacet
  facet normal 0.969993 -0.243135 0
    outer loop
      vertex 82.4307 66.3121 4
      vertex 82.4689 66.4645 2
      vertex 82.4689 66.4645 4
    endloop
  endfacet
  facet normal 0.969993 -0.243135 0
    outer loop
      vertex 82.4689 66.4645 2
      vertex 82.4307 66.3121 4
      vertex 82.4307 66.3121 2
    endloop
  endfacet
  facet normal 0.671213 -0.741264 0
    outer loop
      vertex 82.8686 67.1314 2
      vertex 82.985 67.2368 4
      vertex 82.8686 67.1314 4
    endloop
  endfacet
  facet normal 0.671213 -0.741264 0
    outer loop
      vertex 82.985 67.2368 4
      vertex 82.8686 67.1314 2
      vertex 82.985 67.2368 2
    endloop
  endfacet
  facet normal -0.427484 0.904023 0
    outer loop
      vertex 84.7542 64.5889 2
      vertex 84.6123 64.5218 4
      vertex 84.7542 64.5889 4
    endloop
  endfacet
  facet normal -0.427484 0.904023 0
    outer loop
      vertex 84.6123 64.5218 4
      vertex 84.7542 64.5889 2
      vertex 84.6123 64.5218 2
    endloop
  endfacet
  facet normal 0.243135 -0.969993 0
    outer loop
      vertex 83.5355 67.5311 2
      vertex 83.6879 67.5693 4
      vertex 83.5355 67.5311 4
    endloop
  endfacet
  facet normal 0.243135 -0.969993 0
    outer loop
      vertex 83.6879 67.5693 4
      vertex 83.5355 67.5311 2
      vertex 83.6879 67.5693 2
    endloop
  endfacet
  facet normal 0.941511 -0.336982 0
    outer loop
      vertex 82.4689 66.4645 4
      vertex 82.5218 66.6123 2
      vertex 82.5218 66.6123 4
    endloop
  endfacet
  facet normal 0.941511 -0.336982 0
    outer loop
      vertex 82.5218 66.6123 2
      vertex 82.4689 66.4645 4
      vertex 82.4689 66.4645 2
    endloop
  endfacet
  facet normal 0.513934 0.85783 -0
    outer loop
      vertex 83.2458 64.5889 2
      vertex 83.1111 64.6696 4
      vertex 83.2458 64.5889 4
    endloop
  endfacet
  facet normal 0.513934 0.85783 0
    outer loop
      vertex 83.1111 64.6696 4
      vertex 83.2458 64.5889 2
      vertex 83.1111 64.6696 2
    endloop
  endfacet
  facet normal 0.596019 -0.80297 0
    outer loop
      vertex 82.985 67.2368 2
      vertex 83.1111 67.3304 4
      vertex 82.985 67.2368 4
    endloop
  endfacet
  facet normal 0.596019 -0.80297 0
    outer loop
      vertex 83.1111 67.3304 4
      vertex 82.985 67.2368 2
      vertex 83.1111 67.3304 2
    endloop
  endfacet
  facet normal 0.049048 -0.998796 0
    outer loop
      vertex 83.8432 67.5923 2
      vertex 84 67.6 4
      vertex 83.8432 67.5923 4
    endloop
  endfacet
  facet normal 0.049048 -0.998796 0
    outer loop
      vertex 84 67.6 4
      vertex 83.8432 67.5923 2
      vertex 84 67.6 2
    endloop
  endfacet
  facet normal -0.049048 0.998796 0
    outer loop
      vertex 84.1568 64.4077 2
      vertex 84 64.4 4
      vertex 84.1568 64.4077 4
    endloop
  endfacet
  facet normal -0.049048 0.998796 0
    outer loop
      vertex 84 64.4 4
      vertex 84.1568 64.4077 2
      vertex 84 64.4 2
    endloop
  endfacet
  facet normal -0.941511 0.336982 0
    outer loop
      vertex 85.4782 65.3877 2
      vertex 85.5311 65.5355 4
      vertex 85.5311 65.5355 2
    endloop
  endfacet
  facet normal -0.941511 0.336982 0
    outer loop
      vertex 85.5311 65.5355 4
      vertex 85.4782 65.3877 2
      vertex 85.4782 65.3877 4
    endloop
  endfacet
  facet normal -0.80297 0.596019 0
    outer loop
      vertex 85.2368 64.985 2
      vertex 85.3304 65.1111 4
      vertex 85.3304 65.1111 2
    endloop
  endfacet
  facet normal -0.80297 0.596019 0
    outer loop
      vertex 85.3304 65.1111 4
      vertex 85.2368 64.985 2
      vertex 85.2368 64.985 4
    endloop
  endfacet
  facet normal -0.98921 0.146502 0
    outer loop
      vertex 85.5693 65.6879 2
      vertex 85.5923 65.8432 4
      vertex 85.5923 65.8432 2
    endloop
  endfacet
  facet normal -0.98921 0.146502 0
    outer loop
      vertex 85.5923 65.8432 4
      vertex 85.5693 65.6879 2
      vertex 85.5693 65.6879 4
    endloop
  endfacet
  facet normal 0.85783 -0.513934 0
    outer loop
      vertex 82.5889 66.7542 4
      vertex 82.6696 66.8889 2
      vertex 82.6696 66.8889 4
    endloop
  endfacet
  facet normal 0.85783 -0.513934 0
    outer loop
      vertex 82.6696 66.8889 2
      vertex 82.5889 66.7542 4
      vertex 82.5889 66.7542 2
    endloop
  endfacet
  facet normal 0.336982 0.941511 -0
    outer loop
      vertex 83.5355 64.4689 2
      vertex 83.3877 64.5218 4
      vertex 83.5355 64.4689 4
    endloop
  endfacet
  facet normal 0.336982 0.941511 0
    outer loop
      vertex 83.3877 64.5218 4
      vertex 83.5355 64.4689 2
      vertex 83.3877 64.5218 2
    endloop
  endfacet
  facet normal 0.427484 -0.904023 0
    outer loop
      vertex 83.2458 67.4111 2
      vertex 83.3877 67.4782 4
      vertex 83.2458 67.4111 4
    endloop
  endfacet
  facet normal 0.427484 -0.904023 0
    outer loop
      vertex 83.3877 67.4782 4
      vertex 83.2458 67.4111 2
      vertex 83.3877 67.4782 2
    endloop
  endfacet
  facet normal -0.596019 0.80297 0
    outer loop
      vertex 85.015 64.7632 2
      vertex 84.8889 64.6696 4
      vertex 85.015 64.7632 4
    endloop
  endfacet
  facet normal -0.596019 0.80297 0
    outer loop
      vertex 84.8889 64.6696 4
      vertex 85.015 64.7632 2
      vertex 84.8889 64.6696 2
    endloop
  endfacet
  facet normal 0.671213 0.741264 -0
    outer loop
      vertex 82.985 64.7632 2
      vertex 82.8686 64.8686 4
      vertex 82.985 64.7632 4
    endloop
  endfacet
  facet normal 0.671213 0.741264 0
    outer loop
      vertex 82.8686 64.8686 4
      vertex 82.985 64.7632 2
      vertex 82.8686 64.8686 2
    endloop
  endfacet
  facet normal -0.998796 0.049048 0
    outer loop
      vertex 85.5923 65.8432 2
      vertex 85.6 66 4
      vertex 85.6 66 2
    endloop
  endfacet
  facet normal -0.998796 0.049048 0
    outer loop
      vertex 85.6 66 4
      vertex 85.5923 65.8432 2
      vertex 85.5923 65.8432 4
    endloop
  endfacet
  facet normal 0.80297 0.596019 0
    outer loop
      vertex 82.7632 64.985 4
      vertex 82.6696 65.1111 2
      vertex 82.6696 65.1111 4
    endloop
  endfacet
  facet normal 0.80297 0.596019 0
    outer loop
      vertex 82.6696 65.1111 2
      vertex 82.7632 64.985 4
      vertex 82.7632 64.985 2
    endloop
  endfacet
  facet normal 0.904023 0.427484 0
    outer loop
      vertex 82.5889 65.2458 4
      vertex 82.5218 65.3877 2
      vertex 82.5218 65.3877 4
    endloop
  endfacet
  facet normal 0.904023 0.427484 0
    outer loop
      vertex 82.5218 65.3877 2
      vertex 82.5889 65.2458 4
      vertex 82.5889 65.2458 2
    endloop
  endfacet
  facet normal 0.427484 0.904023 -0
    outer loop
      vertex 83.3877 64.5218 2
      vertex 83.2458 64.5889 4
      vertex 83.3877 64.5218 4
    endloop
  endfacet
  facet normal 0.427484 0.904023 0
    outer loop
      vertex 83.2458 64.5889 4
      vertex 83.3877 64.5218 2
      vertex 83.2458 64.5889 2
    endloop
  endfacet
  facet normal 0.146502 -0.98921 0
    outer loop
      vertex 83.6879 67.5693 2
      vertex 83.8432 67.5923 4
      vertex 83.6879 67.5693 4
    endloop
  endfacet
  facet normal 0.146502 -0.98921 0
    outer loop
      vertex 83.8432 67.5923 4
      vertex 83.6879 67.5693 2
      vertex 83.8432 67.5923 2
    endloop
  endfacet
  facet normal 0.98921 0.146502 0
    outer loop
      vertex 82.4307 65.6879 4
      vertex 82.4077 65.8432 2
      vertex 82.4077 65.8432 4
    endloop
  endfacet
  facet normal 0.98921 0.146502 0
    outer loop
      vertex 82.4077 65.8432 2
      vertex 82.4307 65.6879 4
      vertex 82.4307 65.6879 2
    endloop
  endfacet
  facet normal -0.336982 0.941511 0
    outer loop
      vertex 84.6123 64.5218 2
      vertex 84.4645 64.4689 4
      vertex 84.6123 64.5218 4
    endloop
  endfacet
  facet normal -0.336982 0.941511 0
    outer loop
      vertex 84.4645 64.4689 4
      vertex 84.6123 64.5218 2
      vertex 84.4645 64.4689 2
    endloop
  endfacet
  facet normal -0.243135 0.969993 0
    outer loop
      vertex 84.4645 64.4689 2
      vertex 84.3121 64.4307 4
      vertex 84.4645 64.4689 4
    endloop
  endfacet
  facet normal -0.243135 0.969993 0
    outer loop
      vertex 84.3121 64.4307 4
      vertex 84.4645 64.4689 2
      vertex 84.3121 64.4307 2
    endloop
  endfacet
  facet normal 0.904023 -0.427484 0
    outer loop
      vertex 82.5218 66.6123 4
      vertex 82.5889 66.7542 2
      vertex 82.5889 66.7542 4
    endloop
  endfacet
  facet normal 0.904023 -0.427484 0
    outer loop
      vertex 82.5889 66.7542 2
      vertex 82.5218 66.6123 4
      vertex 82.5218 66.6123 2
    endloop
  endfacet
  facet normal 0.741264 0.671213 0
    outer loop
      vertex 82.8686 64.8686 4
      vertex 82.7632 64.985 2
      vertex 82.7632 64.985 4
    endloop
  endfacet
  facet normal 0.741264 0.671213 0
    outer loop
      vertex 82.7632 64.985 2
      vertex 82.8686 64.8686 4
      vertex 82.8686 64.8686 2
    endloop
  endfacet
  facet normal 0.596019 0.80297 -0
    outer loop
      vertex 83.1111 64.6696 2
      vertex 82.985 64.7632 4
      vertex 83.1111 64.6696 4
    endloop
  endfacet
  facet normal 0.596019 0.80297 0
    outer loop
      vertex 82.985 64.7632 4
      vertex 83.1111 64.6696 2
      vertex 82.985 64.7632 2
    endloop
  endfacet
  facet normal -0.904023 0.427484 0
    outer loop
      vertex 85.4111 65.2458 2
      vertex 85.4782 65.3877 4
      vertex 85.4782 65.3877 2
    endloop
  endfacet
  facet normal -0.904023 0.427484 0
    outer loop
      vertex 85.4782 65.3877 4
      vertex 85.4111 65.2458 2
      vertex 85.4111 65.2458 4
    endloop
  endfacet
  facet normal -0.85783 0.513934 0
    outer loop
      vertex 85.3304 65.1111 2
      vertex 85.4111 65.2458 4
      vertex 85.4111 65.2458 2
    endloop
  endfacet
  facet normal -0.85783 0.513934 0
    outer loop
      vertex 85.4111 65.2458 4
      vertex 85.3304 65.1111 2
      vertex 85.3304 65.1111 4
    endloop
  endfacet
  facet normal 0.049048 0.998796 -0
    outer loop
      vertex 84 64.4 2
      vertex 83.8432 64.4077 4
      vertex 84 64.4 4
    endloop
  endfacet
  facet normal 0.049048 0.998796 0
    outer loop
      vertex 83.8432 64.4077 4
      vertex 84 64.4 2
      vertex 83.8432 64.4077 2
    endloop
  endfacet
  facet normal 0.998796 -0.049048 0
    outer loop
      vertex 82.4 66 4
      vertex 82.4077 66.1568 2
      vertex 82.4077 66.1568 4
    endloop
  endfacet
  facet normal 0.998796 -0.049048 0
    outer loop
      vertex 82.4077 66.1568 2
      vertex 82.4 66 4
      vertex 82.4 66 2
    endloop
  endfacet
  facet normal -0.671213 0.741264 0
    outer loop
      vertex 85.1314 64.8686 2
      vertex 85.015 64.7632 4
      vertex 85.1314 64.8686 4
    endloop
  endfacet
  facet normal -0.671213 0.741264 0
    outer loop
      vertex 85.015 64.7632 4
      vertex 85.1314 64.8686 2
      vertex 85.015 64.7632 2
    endloop
  endfacet
  facet normal 0.671573 -0.740939 0
    outer loop
      vertex 7.74458 3.87422 2
      vertex 7.94454 4.05546 4
      vertex 7.74458 3.87422 4
    endloop
  endfacet
  facet normal 0.671573 -0.740939 0
    outer loop
      vertex 7.94454 4.05546 4
      vertex 7.74458 3.87422 2
      vertex 7.94454 4.05546 2
    endloop
  endfacet
  facet normal 0.989176 0.146737 0
    outer loop
      vertex 8.73676 6.26955 4
      vertex 8.69716 6.5365 2
      vertex 8.69716 6.5365 4
    endloop
  endfacet
  facet normal 0.989176 0.146737 0
    outer loop
      vertex 8.69716 6.5365 2
      vertex 8.73676 6.26955 4
      vertex 8.73676 6.26955 2
    endloop
  endfacet
  facet normal 0.998796 0.0490598 0
    outer loop
      vertex 8.75 6 4
      vertex 8.73676 6.26955 2
      vertex 8.73676 6.26955 4
    endloop
  endfacet
  facet normal 0.998796 0.0490598 0
    outer loop
      vertex 8.73676 6.26955 2
      vertex 8.75 6 4
      vertex 8.75 6 2
    endloop
  endfacet
  facet normal 0.970033 0.242972 0
    outer loop
      vertex 8.69716 6.5365 4
      vertex 8.63159 6.79828 2
      vertex 8.63159 6.79828 4
    endloop
  endfacet
  facet normal 0.970033 0.242972 0
    outer loop
      vertex 8.63159 6.79828 2
      vertex 8.69716 6.5365 4
      vertex 8.69716 6.5365 2
    endloop
  endfacet
  facet normal 0.427572 -0.903981 0
    outer loop
      vertex 7.05238 3.45933 2
      vertex 7.29634 3.57472 4
      vertex 7.05238 3.45933 4
    endloop
  endfacet
  facet normal 0.427572 -0.903981 0
    outer loop
      vertex 7.29634 3.57472 4
      vertex 7.05238 3.45933 2
      vertex 7.29634 3.57472 2
    endloop
  endfacet
  facet normal -0.0490598 0.998796 0
    outer loop
      vertex 6 8.75 2
      vertex 5.73045 8.73676 4
      vertex 6 8.75 4
    endloop
  endfacet
  facet normal -0.0490598 0.998796 0
    outer loop
      vertex 5.73045 8.73676 4
      vertex 6 8.75 2
      vertex 5.73045 8.73676 2
    endloop
  endfacet
  facet normal -0.427572 0.903981 0
    outer loop
      vertex 4.94762 8.54067 2
      vertex 4.70366 8.42528 4
      vertex 4.94762 8.54067 4
    endloop
  endfacet
  facet normal -0.427572 0.903981 0
    outer loop
      vertex 4.70366 8.42528 4
      vertex 4.94762 8.54067 2
      vertex 4.70366 8.42528 2
    endloop
  endfacet
  facet normal 0.740939 0.671573 0
    outer loop
      vertex 8.12578 7.74458 4
      vertex 7.94454 7.94454 2
      vertex 7.94454 7.94454 4
    endloop
  endfacet
  facet normal 0.740939 0.671573 0
    outer loop
      vertex 7.94454 7.94454 2
      vertex 8.12578 7.74458 4
      vertex 8.12578 7.74458 2
    endloop
  endfacet
  facet normal -0.146737 -0.989176 0
    outer loop
      vertex 5.4635 3.30284 2
      vertex 5.73045 3.26324 4
      vertex 5.4635 3.30284 4
    endloop
  endfacet
  facet normal -0.146737 -0.989176 -0
    outer loop
      vertex 5.73045 3.26324 4
      vertex 5.4635 3.30284 2
      vertex 5.73045 3.26324 2
    endloop
  endfacet
  facet normal 0.427572 0.903981 -0
    outer loop
      vertex 7.29634 8.42528 2
      vertex 7.05238 8.54067 4
      vertex 7.29634 8.42528 4
    endloop
  endfacet
  facet normal 0.427572 0.903981 0
    outer loop
      vertex 7.05238 8.54067 4
      vertex 7.29634 8.42528 2
      vertex 7.05238 8.54067 2
    endloop
  endfacet
  facet normal -0.146737 0.989176 0
    outer loop
      vertex 5.73045 8.73676 2
      vertex 5.4635 8.69716 4
      vertex 5.73045 8.73676 4
    endloop
  endfacet
  facet normal -0.146737 0.989176 0
    outer loop
      vertex 5.4635 8.69716 4
      vertex 5.73045 8.73676 2
      vertex 5.4635 8.69716 2
    endloop
  endfacet
  facet normal 0.242972 -0.970033 0
    outer loop
      vertex 6.5365 3.30284 2
      vertex 6.79828 3.36841 4
      vertex 6.5365 3.30284 4
    endloop
  endfacet
  facet normal 0.242972 -0.970033 0
    outer loop
      vertex 6.79828 3.36841 4
      vertex 6.5365 3.30284 2
      vertex 6.79828 3.36841 2
    endloop
  endfacet
  facet normal -0.595699 0.803208 0
    outer loop
      vertex 4.47218 8.28654 2
      vertex 4.25542 8.12578 4
      vertex 4.47218 8.28654 4
    endloop
  endfacet
  facet normal -0.595699 0.803208 0
    outer loop
      vertex 4.25542 8.12578 4
      vertex 4.47218 8.28654 2
      vertex 4.25542 8.12578 2
    endloop
  endfacet
  facet normal -0.903981 0.427572 0
    outer loop
      vertex 3.45933 7.05238 2
      vertex 3.57472 7.29634 4
      vertex 3.57472 7.29634 2
    endloop
  endfacet
  facet normal -0.903981 0.427572 0
    outer loop
      vertex 3.57472 7.29634 4
      vertex 3.45933 7.05238 2
      vertex 3.45933 7.05238 4
    endloop
  endfacet
  facet normal -0.427572 -0.903981 0
    outer loop
      vertex 4.70366 3.57472 2
      vertex 4.94762 3.45933 4
      vertex 4.70366 3.57472 4
    endloop
  endfacet
  facet normal -0.427572 -0.903981 -0
    outer loop
      vertex 4.94762 3.45933 4
      vertex 4.70366 3.57472 2
      vertex 4.94762 3.45933 2
    endloop
  endfacet
  facet normal -0.595699 -0.803208 0
    outer loop
      vertex 4.25542 3.87422 2
      vertex 4.47218 3.71346 4
      vertex 4.25542 3.87422 4
    endloop
  endfacet
  facet normal -0.595699 -0.803208 -0
    outer loop
      vertex 4.47218 3.71346 4
      vertex 4.25542 3.87422 2
      vertex 4.47218 3.71346 2
    endloop
  endfacet
  facet normal -0.903981 -0.427572 0
    outer loop
      vertex 3.57472 4.70366 2
      vertex 3.45933 4.94762 4
      vertex 3.45933 4.94762 2
    endloop
  endfacet
  facet normal -0.903981 -0.427572 0
    outer loop
      vertex 3.45933 4.94762 4
      vertex 3.57472 4.70366 2
      vertex 3.57472 4.70366 4
    endloop
  endfacet
  facet normal 0.514092 0.857735 -0
    outer loop
      vertex 7.52782 8.28654 2
      vertex 7.29634 8.42528 4
      vertex 7.52782 8.28654 4
    endloop
  endfacet
  facet normal 0.514092 0.857735 0
    outer loop
      vertex 7.29634 8.42528 4
      vertex 7.52782 8.28654 2
      vertex 7.29634 8.42528 2
    endloop
  endfacet
  facet normal 0.595699 -0.803208 0
    outer loop
      vertex 7.52782 3.71346 2
      vertex 7.74458 3.87422 4
      vertex 7.52782 3.71346 4
    endloop
  endfacet
  facet normal 0.595699 -0.803208 0
    outer loop
      vertex 7.74458 3.87422 4
      vertex 7.52782 3.71346 2
      vertex 7.74458 3.87422 2
    endloop
  endfacet
  facet normal -0.998796 -0.0490598 0
    outer loop
      vertex 3.26324 5.73045 2
      vertex 3.25 6 4
      vertex 3.25 6 2
    endloop
  endfacet
  facet normal -0.998796 -0.0490598 0
    outer loop
      vertex 3.25 6 4
      vertex 3.26324 5.73045 2
      vertex 3.26324 5.73045 4
    endloop
  endfacet
  facet normal -0.336895 -0.941542 0
    outer loop
      vertex 4.94762 3.45933 2
      vertex 5.20172 3.36841 4
      vertex 4.94762 3.45933 4
    endloop
  endfacet
  facet normal -0.336895 -0.941542 -0
    outer loop
      vertex 5.20172 3.36841 4
      vertex 4.94762 3.45933 2
      vertex 5.20172 3.36841 2
    endloop
  endfacet
  facet normal 0.595699 0.803208 -0
    outer loop
      vertex 7.74458 8.12578 2
      vertex 7.52782 8.28654 4
      vertex 7.74458 8.12578 4
    endloop
  endfacet
  facet normal 0.595699 0.803208 0
    outer loop
      vertex 7.52782 8.28654 4
      vertex 7.74458 8.12578 2
      vertex 7.52782 8.28654 2
    endloop
  endfacet
  facet normal 0.970033 -0.242972 0
    outer loop
      vertex 8.63159 5.20172 4
      vertex 8.69716 5.4635 2
      vertex 8.69716 5.4635 4
    endloop
  endfacet
  facet normal 0.970033 -0.242972 0
    outer loop
      vertex 8.69716 5.4635 2
      vertex 8.63159 5.20172 4
      vertex 8.63159 5.20172 2
    endloop
  endfacet
  facet normal -0.941542 -0.336895 0
    outer loop
      vertex 3.45933 4.94762 2
      vertex 3.36841 5.20172 4
      vertex 3.36841 5.20172 2
    endloop
  endfacet
  facet normal -0.941542 -0.336895 0
    outer loop
      vertex 3.36841 5.20172 4
      vertex 3.45933 4.94762 2
      vertex 3.45933 4.94762 4
    endloop
  endfacet
  facet normal 0.242972 0.970033 -0
    outer loop
      vertex 6.79828 8.63159 2
      vertex 6.5365 8.69716 4
      vertex 6.79828 8.63159 4
    endloop
  endfacet
  facet normal 0.242972 0.970033 0
    outer loop
      vertex 6.5365 8.69716 4
      vertex 6.79828 8.63159 2
      vertex 6.5365 8.69716 2
    endloop
  endfacet
  facet normal -0.740939 0.671573 0
    outer loop
      vertex 3.87422 7.74458 2
      vertex 4.05546 7.94454 4
      vertex 4.05546 7.94454 2
    endloop
  endfacet
  facet normal -0.740939 0.671573 0
    outer loop
      vertex 4.05546 7.94454 4
      vertex 3.87422 7.74458 2
      vertex 3.87422 7.74458 4
    endloop
  endfacet
  facet normal 0.0490598 -0.998796 0
    outer loop
      vertex 6 3.25 2
      vertex 6.26955 3.26324 4
      vertex 6 3.25 4
    endloop
  endfacet
  facet normal 0.0490598 -0.998796 0
    outer loop
      vertex 6.26955 3.26324 4
      vertex 6 3.25 2
      vertex 6.26955 3.26324 2
    endloop
  endfacet
  facet normal 0.803208 0.595699 0
    outer loop
      vertex 8.28654 7.52782 4
      vertex 8.12578 7.74458 2
      vertex 8.12578 7.74458 4
    endloop
  endfacet
  facet normal 0.803208 0.595699 0
    outer loop
      vertex 8.12578 7.74458 2
      vertex 8.28654 7.52782 4
      vertex 8.28654 7.52782 2
    endloop
  endfacet
  facet normal -0.970033 -0.242972 0
    outer loop
      vertex 3.36841 5.20172 2
      vertex 3.30284 5.4635 4
      vertex 3.30284 5.4635 2
    endloop
  endfacet
  facet normal -0.970033 -0.242972 0
    outer loop
      vertex 3.30284 5.4635 4
      vertex 3.36841 5.20172 2
      vertex 3.36841 5.20172 4
    endloop
  endfacet
  facet normal 0.989176 -0.146737 0
    outer loop
      vertex 8.69716 5.4635 4
      vertex 8.73676 5.73045 2
      vertex 8.73676 5.73045 4
    endloop
  endfacet
  facet normal 0.989176 -0.146737 0
    outer loop
      vertex 8.73676 5.73045 2
      vertex 8.69716 5.4635 4
      vertex 8.69716 5.4635 2
    endloop
  endfacet
  facet normal 0.514092 -0.857735 0
    outer loop
      vertex 7.29634 3.57472 2
      vertex 7.52782 3.71346 4
      vertex 7.29634 3.57472 4
    endloop
  endfacet
  facet normal 0.514092 -0.857735 0
    outer loop
      vertex 7.52782 3.71346 4
      vertex 7.29634 3.57472 2
      vertex 7.52782 3.71346 2
    endloop
  endfacet
  facet normal -0.941542 0.336895 0
    outer loop
      vertex 3.36841 6.79828 2
      vertex 3.45933 7.05238 4
      vertex 3.45933 7.05238 2
    endloop
  endfacet
  facet normal -0.941542 0.336895 0
    outer loop
      vertex 3.45933 7.05238 4
      vertex 3.36841 6.79828 2
      vertex 3.36841 6.79828 4
    endloop
  endfacet
  facet normal 0.671573 0.740939 -0
    outer loop
      vertex 7.94454 7.94454 2
      vertex 7.74458 8.12578 4
      vertex 7.94454 7.94454 4
    endloop
  endfacet
  facet normal 0.671573 0.740939 0
    outer loop
      vertex 7.74458 8.12578 4
      vertex 7.94454 7.94454 2
      vertex 7.74458 8.12578 2
    endloop
  endfacet
  facet normal -0.989176 0.146737 0
    outer loop
      vertex 3.26324 6.26955 2
      vertex 3.30284 6.5365 4
      vertex 3.30284 6.5365 2
    endloop
  endfacet
  facet normal -0.989176 0.146737 0
    outer loop
      vertex 3.30284 6.5365 4
      vertex 3.26324 6.26955 2
      vertex 3.26324 6.26955 4
    endloop
  endfacet
  facet normal 0.903981 -0.427572 0
    outer loop
      vertex 8.42528 4.70366 4
      vertex 8.54067 4.94762 2
      vertex 8.54067 4.94762 4
    endloop
  endfacet
  facet normal 0.903981 -0.427572 0
    outer loop
      vertex 8.54067 4.94762 2
      vertex 8.42528 4.70366 4
      vertex 8.42528 4.70366 2
    endloop
  endfacet
  facet normal 0.336895 0.941542 -0
    outer loop
      vertex 7.05238 8.54067 2
      vertex 6.79828 8.63159 4
      vertex 7.05238 8.54067 4
    endloop
  endfacet
  facet normal 0.336895 0.941542 0
    outer loop
      vertex 6.79828 8.63159 4
      vertex 7.05238 8.54067 2
      vertex 6.79828 8.63159 2
    endloop
  endfacet
  facet normal 0.998796 -0.0490598 0
    outer loop
      vertex 8.73676 5.73045 4
      vertex 8.75 6 2
      vertex 8.75 6 4
    endloop
  endfacet
  facet normal 0.998796 -0.0490598 0
    outer loop
      vertex 8.75 6 2
      vertex 8.73676 5.73045 4
      vertex 8.73676 5.73045 2
    endloop
  endfacet
  facet normal 0.146737 -0.989176 0
    outer loop
      vertex 6.26955 3.26324 2
      vertex 6.5365 3.30284 4
      vertex 6.26955 3.26324 4
    endloop
  endfacet
  facet normal 0.146737 -0.989176 0
    outer loop
      vertex 6.5365 3.30284 4
      vertex 6.26955 3.26324 2
      vertex 6.5365 3.30284 2
    endloop
  endfacet
  facet normal 0.941542 0.336895 0
    outer loop
      vertex 8.63159 6.79828 4
      vertex 8.54067 7.05238 2
      vertex 8.54067 7.05238 4
    endloop
  endfacet
  facet normal 0.941542 0.336895 0
    outer loop
      vertex 8.54067 7.05238 2
      vertex 8.63159 6.79828 4
      vertex 8.63159 6.79828 2
    endloop
  endfacet
  facet normal 0.803208 -0.595699 0
    outer loop
      vertex 8.12578 4.25542 4
      vertex 8.28654 4.47218 2
      vertex 8.28654 4.47218 4
    endloop
  endfacet
  facet normal 0.803208 -0.595699 0
    outer loop
      vertex 8.28654 4.47218 2
      vertex 8.12578 4.25542 4
      vertex 8.12578 4.25542 2
    endloop
  endfacet
  facet normal 0.857735 -0.514092 0
    outer loop
      vertex 8.28654 4.47218 4
      vertex 8.42528 4.70366 2
      vertex 8.42528 4.70366 4
    endloop
  endfacet
  facet normal 0.857735 -0.514092 0
    outer loop
      vertex 8.42528 4.70366 2
      vertex 8.28654 4.47218 4
      vertex 8.28654 4.47218 2
    endloop
  endfacet
  facet normal -0.242972 0.970033 0
    outer loop
      vertex 5.4635 8.69716 2
      vertex 5.20172 8.63159 4
      vertex 5.4635 8.69716 4
    endloop
  endfacet
  facet normal -0.242972 0.970033 0
    outer loop
      vertex 5.20172 8.63159 4
      vertex 5.4635 8.69716 2
      vertex 5.20172 8.63159 2
    endloop
  endfacet
  facet normal 0.941542 -0.336895 0
    outer loop
      vertex 8.54067 4.94762 4
      vertex 8.63159 5.20172 2
      vertex 8.63159 5.20172 4
    endloop
  endfacet
  facet normal 0.941542 -0.336895 0
    outer loop
      vertex 8.63159 5.20172 2
      vertex 8.54067 4.94762 4
      vertex 8.54067 4.94762 2
    endloop
  endfacet
  facet normal 0.0490598 0.998796 -0
    outer loop
      vertex 6.26955 8.73676 2
      vertex 6 8.75 4
      vertex 6.26955 8.73676 4
    endloop
  endfacet
  facet normal 0.0490598 0.998796 0
    outer loop
      vertex 6 8.75 4
      vertex 6.26955 8.73676 2
      vertex 6 8.75 2
    endloop
  endfacet
  facet normal -0.514092 0.857735 0
    outer loop
      vertex 4.70366 8.42528 2
      vertex 4.47218 8.28654 4
      vertex 4.70366 8.42528 4
    endloop
  endfacet
  facet normal -0.514092 0.857735 0
    outer loop
      vertex 4.47218 8.28654 4
      vertex 4.70366 8.42528 2
      vertex 4.47218 8.28654 2
    endloop
  endfacet
  facet normal 0.903981 0.427572 0
    outer loop
      vertex 8.54067 7.05238 4
      vertex 8.42528 7.29634 2
      vertex 8.42528 7.29634 4
    endloop
  endfacet
  facet normal 0.903981 0.427572 0
    outer loop
      vertex 8.42528 7.29634 2
      vertex 8.54067 7.05238 4
      vertex 8.54067 7.05238 2
    endloop
  endfacet
  facet normal 0.146737 0.989176 -0
    outer loop
      vertex 6.5365 8.69716 2
      vertex 6.26955 8.73676 4
      vertex 6.5365 8.69716 4
    endloop
  endfacet
  facet normal 0.146737 0.989176 0
    outer loop
      vertex 6.26955 8.73676 4
      vertex 6.5365 8.69716 2
      vertex 6.26955 8.73676 2
    endloop
  endfacet
  facet normal -0.242972 -0.970033 0
    outer loop
      vertex 5.20172 3.36841 2
      vertex 5.4635 3.30284 4
      vertex 5.20172 3.36841 4
    endloop
  endfacet
  facet normal -0.242972 -0.970033 -0
    outer loop
      vertex 5.4635 3.30284 4
      vertex 5.20172 3.36841 2
      vertex 5.4635 3.30284 2
    endloop
  endfacet
  facet normal -0.857735 -0.514092 0
    outer loop
      vertex 3.71346 4.47218 2
      vertex 3.57472 4.70366 4
      vertex 3.57472 4.70366 2
    endloop
  endfacet
  facet normal -0.857735 -0.514092 0
    outer loop
      vertex 3.57472 4.70366 4
      vertex 3.71346 4.47218 2
      vertex 3.71346 4.47218 4
    endloop
  endfacet
  facet normal 0.857735 0.514092 0
    outer loop
      vertex 8.42528 7.29634 4
      vertex 8.28654 7.52782 2
      vertex 8.28654 7.52782 4
    endloop
  endfacet
  facet normal 0.857735 0.514092 0
    outer loop
      vertex 8.28654 7.52782 2
      vertex 8.42528 7.29634 4
      vertex 8.42528 7.29634 2
    endloop
  endfacet
  facet normal -0.336895 0.941542 0
    outer loop
      vertex 5.20172 8.63159 2
      vertex 4.94762 8.54067 4
      vertex 5.20172 8.63159 4
    endloop
  endfacet
  facet normal -0.336895 0.941542 0
    outer loop
      vertex 4.94762 8.54067 4
      vertex 5.20172 8.63159 2
      vertex 4.94762 8.54067 2
    endloop
  endfacet
  facet normal -0.740939 -0.671573 0
    outer loop
      vertex 4.05546 4.05546 2
      vertex 3.87422 4.25542 4
      vertex 3.87422 4.25542 2
    endloop
  endfacet
  facet normal -0.740939 -0.671573 0
    outer loop
      vertex 3.87422 4.25542 4
      vertex 4.05546 4.05546 2
      vertex 4.05546 4.05546 4
    endloop
  endfacet
  facet normal -0.671573 0.740939 0
    outer loop
      vertex 4.25542 8.12578 2
      vertex 4.05546 7.94454 4
      vertex 4.25542 8.12578 4
    endloop
  endfacet
  facet normal -0.671573 0.740939 0
    outer loop
      vertex 4.05546 7.94454 4
      vertex 4.25542 8.12578 2
      vertex 4.05546 7.94454 2
    endloop
  endfacet
  facet normal -0.514092 -0.857735 0
    outer loop
      vertex 4.47218 3.71346 2
      vertex 4.70366 3.57472 4
      vertex 4.47218 3.71346 4
    endloop
  endfacet
  facet normal -0.514092 -0.857735 -0
    outer loop
      vertex 4.70366 3.57472 4
      vertex 4.47218 3.71346 2
      vertex 4.70366 3.57472 2
    endloop
  endfacet
  facet normal -0.970033 0.242972 0
    outer loop
      vertex 3.30284 6.5365 2
      vertex 3.36841 6.79828 4
      vertex 3.36841 6.79828 2
    endloop
  endfacet
  facet normal -0.970033 0.242972 0
    outer loop
      vertex 3.36841 6.79828 4
      vertex 3.30284 6.5365 2
      vertex 3.30284 6.5365 4
    endloop
  endfacet
  facet normal 0.336895 -0.941542 0
    outer loop
      vertex 6.79828 3.36841 2
      vertex 7.05238 3.45933 4
      vertex 6.79828 3.36841 4
    endloop
  endfacet
  facet normal 0.336895 -0.941542 0
    outer loop
      vertex 7.05238 3.45933 4
      vertex 6.79828 3.36841 2
      vertex 7.05238 3.45933 2
    endloop
  endfacet
  facet normal -0.803208 -0.595699 0
    outer loop
      vertex 3.87422 4.25542 2
      vertex 3.71346 4.47218 4
      vertex 3.71346 4.47218 2
    endloop
  endfacet
  facet normal -0.803208 -0.595699 0
    outer loop
      vertex 3.71346 4.47218 4
      vertex 3.87422 4.25542 2
      vertex 3.87422 4.25542 4
    endloop
  endfacet
  facet normal -0.989176 -0.146737 0
    outer loop
      vertex 3.30284 5.4635 2
      vertex 3.26324 5.73045 4
      vertex 3.26324 5.73045 2
    endloop
  endfacet
  facet normal -0.989176 -0.146737 0
    outer loop
      vertex 3.26324 5.73045 4
      vertex 3.30284 5.4635 2
      vertex 3.30284 5.4635 4
    endloop
  endfacet
  facet normal -0.671573 -0.740939 0
    outer loop
      vertex 4.05546 4.05546 2
      vertex 4.25542 3.87422 4
      vertex 4.05546 4.05546 4
    endloop
  endfacet
  facet normal -0.671573 -0.740939 -0
    outer loop
      vertex 4.25542 3.87422 4
      vertex 4.05546 4.05546 2
      vertex 4.25542 3.87422 2
    endloop
  endfacet
  facet normal -0.803208 0.595699 0
    outer loop
      vertex 3.71346 7.52782 2
      vertex 3.87422 7.74458 4
      vertex 3.87422 7.74458 2
    endloop
  endfacet
  facet normal -0.803208 0.595699 0
    outer loop
      vertex 3.87422 7.74458 4
      vertex 3.71346 7.52782 2
      vertex 3.71346 7.52782 4
    endloop
  endfacet
  facet normal -0.857735 0.514092 0
    outer loop
      vertex 3.57472 7.29634 2
      vertex 3.71346 7.52782 4
      vertex 3.71346 7.52782 2
    endloop
  endfacet
  facet normal -0.857735 0.514092 0
    outer loop
      vertex 3.71346 7.52782 4
      vertex 3.57472 7.29634 2
      vertex 3.57472 7.29634 4
    endloop
  endfacet
  facet normal 0 0 1
    outer loop
      vertex 7.6 6 4
      vertex 8.75 6 4
      vertex 8.73676 6.26955 4
    endloop
  endfacet
  facet normal 0 0 1
    outer loop
      vertex 7.59229 6.15683 4
      vertex 8.73676 6.26955 4
      vertex 8.69716 6.5365 4
    endloop
  endfacet
  facet normal 0 0 1
    outer loop
      vertex 8.75 6 4
      vertex 7.6 6 4
      vertex 8.73676 5.73045 4
    endloop
  endfacet
  facet normal 0 0 1
    outer loop
      vertex 7.56926 6.31214 4
      vertex 8.69716 6.5365 4
      vertex 8.63159 6.79828 4
    endloop
  endfacet
  facet normal -0 0 1
    outer loop
      vertex 7.59229 5.84317 4
      vertex 8.73676 5.73045 4
      vertex 7.6 6 4
    endloop
  endfacet
  facet normal 0 0 1
    outer loop
      vertex 7.5311 6.46445 4
      vertex 8.63159 6.79828 4
      vertex 8.54067 7.05238 4
    endloop
  endfacet
  facet normal 0 0 1
    outer loop
      vertex 8.73676 5.73045 4
      vertex 7.59229 5.84317 4
      vertex 8.69716 5.4635 4
    endloop
  endfacet
  facet normal 0 0 1
    outer loop
      vertex 7.47821 6.61229 4
      vertex 8.54067 7.05238 4
      vertex 8.42528 7.29634 4
    endloop
  endfacet
  facet normal -0 0 1
    outer loop
      vertex 7.56926 5.68786 4
      vertex 8.69716 5.4635 4
      vertex 7.59229 5.84317 4
    endloop
  endfacet
  facet normal 0 0 1
    outer loop
      vertex 7.41107 6.75423 4
      vertex 8.42528 7.29634 4
      vertex 8.28654 7.52782 4
    endloop
  endfacet
  facet normal 0 0 1
    outer loop
      vertex 8.69716 5.4635 4
      vertex 7.56926 5.68786 4
      vertex 8.63159 5.20172 4
    endloop
  endfacet
  facet normal 0 0 1
    outer loop
      vertex 7.33035 6.88891 4
      vertex 8.28654 7.52782 4
      vertex 8.12578 7.74458 4
    endloop
  endfacet
  facet normal -0 0 1
    outer loop
      vertex 7.5311 5.53555 4
      vertex 8.63159 5.20172 4
      vertex 7.56926 5.68786 4
    endloop
  endfacet
  facet normal 0 0 1
    outer loop
      vertex 7.23682 7.01503 4
      vertex 8.12578 7.74458 4
      vertex 7.94454 7.94454 4
    endloop
  endfacet
  facet normal 0 0 1
    outer loop
      vertex 8.63159 5.20172 4
      vertex 7.5311 5.53555 4
      vertex 8.54067 4.94762 4
    endloop
  endfacet
  facet normal 0 0 1
    outer loop
      vertex 7.13137 7.13137 4
      vertex 7.94454 7.94454 4
      vertex 7.74458 8.12578 4
    endloop
  endfacet
  facet normal -0 0 1
    outer loop
      vertex 7.47821 5.38771 4
      vertex 8.54067 4.94762 4
      vertex 7.5311 5.53555 4
    endloop
  endfacet
  facet normal 0 0 1
    outer loop
      vertex 8.54067 4.94762 4
      vertex 7.47821 5.38771 4
      vertex 8.42528 4.70366 4
    endloop
  endfacet
  facet normal 0 0 1
    outer loop
      vertex 8.73676 6.26955 4
      vertex 7.59229 6.15683 4
      vertex 7.6 6 4
    endloop
  endfacet
  facet normal 0 0 1
    outer loop
      vertex 8.69716 6.5365 4
      vertex 7.56926 6.31214 4
      vertex 7.59229 6.15683 4
    endloop
  endfacet
  facet normal 0 0 1
    outer loop
      vertex 8.63159 6.79828 4
      vertex 7.5311 6.46445 4
      vertex 7.56926 6.31214 4
    endloop
  endfacet
  facet normal 0 0 1
    outer loop
      vertex 7.01503 7.23682 4
      vertex 7.74458 8.12578 4
      vertex 7.52782 8.28654 4
    endloop
  endfacet
  facet normal 0 0 1
    outer loop
      vertex 8.54067 7.05238 4
      vertex 7.47821 6.61229 4
      vertex 7.5311 6.46445 4
    endloop
  endfacet
  facet normal 0 0 1
    outer loop
      vertex 8.42528 7.29634 4
      vertex 7.41107 6.75423 4
      vertex 7.47821 6.61229 4
    endloop
  endfacet
  facet normal 0 0 1
    outer loop
      vertex 8.28654 7.52782 4
      vertex 7.33035 6.88891 4
      vertex 7.41107 6.75423 4
    endloop
  endfacet
  facet normal 0 0 1
    outer loop
      vertex 6.88891 7.33035 4
      vertex 7.52782 8.28654 4
      vertex 7.29634 8.42528 4
    endloop
  endfacet
  facet normal 0 0 1
    outer loop
      vertex 8.12578 7.74458 4
      vertex 7.23682 7.01503 4
      vertex 7.33035 6.88891 4
    endloop
  endfacet
  facet normal 0 0 1
    outer loop
      vertex 7.94454 7.94454 4
      vertex 7.13137 7.13137 4
      vertex 7.23682 7.01503 4
    endloop
  endfacet
  facet normal 0 0 1
    outer loop
      vertex 6.75423 7.41107 4
      vertex 7.29634 8.42528 4
      vertex 7.05238 8.54067 4
    endloop
  endfacet
  facet normal 0 0 1
    outer loop
      vertex 7.74458 8.12578 4
      vertex 7.01503 7.23682 4
      vertex 7.13137 7.13137 4
    endloop
  endfacet
  facet normal 0 0 1
    outer loop
      vertex 7.52782 8.28654 4
      vertex 6.88891 7.33035 4
      vertex 7.01503 7.23682 4
    endloop
  endfacet
  facet normal 0 0 1
    outer loop
      vertex 6.61229 7.47821 4
      vertex 7.05238 8.54067 4
      vertex 6.79828 8.63159 4
    endloop
  endfacet
  facet normal 0 0 1
    outer loop
      vertex 7.29634 8.42528 4
      vertex 6.75423 7.41107 4
      vertex 6.88891 7.33035 4
    endloop
  endfacet
  facet normal 0 0 1
    outer loop
      vertex 7.05238 8.54067 4
      vertex 6.61229 7.47821 4
      vertex 6.75423 7.41107 4
    endloop
  endfacet
  facet normal 0 0 1
    outer loop
      vertex 6.46445 7.5311 4
      vertex 6.79828 8.63159 4
      vertex 6.5365 8.69716 4
    endloop
  endfacet
  facet normal 0 0 1
    outer loop
      vertex 6.79828 8.63159 4
      vertex 6.46445 7.5311 4
      vertex 6.61229 7.47821 4
    endloop
  endfacet
  facet normal 0 0 1
    outer loop
      vertex 6.5365 8.69716 4
      vertex 6.31214 7.56926 4
      vertex 6.46445 7.5311 4
    endloop
  endfacet
  facet normal 0 0 1
    outer loop
      vertex 6.26955 8.73676 4
      vertex 6.31214 7.56926 4
      vertex 6.5365 8.69716 4
    endloop
  endfacet
  facet normal 0 0 1
    outer loop
      vertex 6.26955 8.73676 4
      vertex 6.15683 7.59229 4
      vertex 6.31214 7.56926 4
    endloop
  endfacet
  facet normal 0 0 1
    outer loop
      vertex 6 8.75 4
      vertex 6.15683 7.59229 4
      vertex 6.26955 8.73676 4
    endloop
  endfacet
  facet normal 0 0 1
    outer loop
      vertex 6 8.75 4
      vertex 6 7.6 4
      vertex 6.15683 7.59229 4
    endloop
  endfacet
  facet normal 0 0 1
    outer loop
      vertex 6 8.75 4
      vertex 5.84317 7.59229 4
      vertex 6 7.6 4
    endloop
  endfacet
  facet normal -0 0 1
    outer loop
      vertex 5.73045 8.73676 4
      vertex 5.84317 7.59229 4
      vertex 6 8.75 4
    endloop
  endfacet
  facet normal 0 0 1
    outer loop
      vertex 5.73045 8.73676 4
      vertex 5.68786 7.56926 4
      vertex 5.84317 7.59229 4
    endloop
  endfacet
  facet normal -0 0 1
    outer loop
      vertex 5.4635 8.69716 4
      vertex 5.68786 7.56926 4
      vertex 5.73045 8.73676 4
    endloop
  endfacet
  facet normal 0 0 1
    outer loop
      vertex 5.68786 7.56926 4
      vertex 5.4635 8.69716 4
      vertex 5.53555 7.5311 4
    endloop
  endfacet
  facet normal -0 0 1
    outer loop
      vertex 5.20172 8.63159 4
      vertex 5.53555 7.5311 4
      vertex 5.4635 8.69716 4
    endloop
  endfacet
  facet normal 0 0 1
    outer loop
      vertex 5.53555 7.5311 4
      vertex 5.20172 8.63159 4
      vertex 5.38771 7.47821 4
    endloop
  endfacet
  facet normal -0 0 1
    outer loop
      vertex 4.94762 8.54067 4
      vertex 5.38771 7.47821 4
      vertex 5.20172 8.63159 4
    endloop
  endfacet
  facet normal 0 0 1
    outer loop
      vertex 5.38771 7.47821 4
      vertex 4.94762 8.54067 4
      vertex 5.24577 7.41107 4
    endloop
  endfacet
  facet normal -0 0 1
    outer loop
      vertex 4.70366 8.42528 4
      vertex 5.24577 7.41107 4
      vertex 4.94762 8.54067 4
    endloop
  endfacet
  facet normal 0 0 1
    outer loop
      vertex 5.24577 7.41107 4
      vertex 4.70366 8.42528 4
      vertex 5.11109 7.33035 4
    endloop
  endfacet
  facet normal -0 0 1
    outer loop
      vertex 4.47218 8.28654 4
      vertex 5.11109 7.33035 4
      vertex 4.70366 8.42528 4
    endloop
  endfacet
  facet normal 0 0 1
    outer loop
      vertex 5.11109 7.33035 4
      vertex 4.47218 8.28654 4
      vertex 4.98497 7.23682 4
    endloop
  endfacet
  facet normal -0 0 1
    outer loop
      vertex 4.25542 8.12578 4
      vertex 4.98497 7.23682 4
      vertex 4.47218 8.28654 4
    endloop
  endfacet
  facet normal 0 0 1
    outer loop
      vertex 4.98497 7.23682 4
      vertex 4.25542 8.12578 4
      vertex 4.86863 7.13137 4
    endloop
  endfacet
  facet normal -0 0 1
    outer loop
      vertex 4.05546 7.94454 4
      vertex 4.86863 7.13137 4
      vertex 4.25542 8.12578 4
    endloop
  endfacet
  facet normal 0 0 1
    outer loop
      vertex 4.86863 7.13137 4
      vertex 4.05546 7.94454 4
      vertex 4.76318 7.01503 4
    endloop
  endfacet
  facet normal -0 0 1
    outer loop
      vertex 3.87422 7.74458 4
      vertex 4.76318 7.01503 4
      vertex 4.05546 7.94454 4
    endloop
  endfacet
  facet normal 0 0 1
    outer loop
      vertex 4.76318 7.01503 4
      vertex 3.87422 7.74458 4
      vertex 4.66965 6.88891 4
    endloop
  endfacet
  facet normal -0 0 1
    outer loop
      vertex 3.71346 7.52782 4
      vertex 4.66965 6.88891 4
      vertex 3.87422 7.74458 4
    endloop
  endfacet
  facet normal 0 0 1
    outer loop
      vertex 4.66965 6.88891 4
      vertex 3.71346 7.52782 4
      vertex 4.58893 6.75423 4
    endloop
  endfacet
  facet normal -0 0 1
    outer loop
      vertex 3.57472 7.29634 4
      vertex 4.58893 6.75423 4
      vertex 3.71346 7.52782 4
    endloop
  endfacet
  facet normal 0 0 1
    outer loop
      vertex 4.58893 6.75423 4
      vertex 3.57472 7.29634 4
      vertex 4.52179 6.61229 4
    endloop
  endfacet
  facet normal -0 0 1
    outer loop
      vertex 7.41107 5.24577 4
      vertex 8.42528 4.70366 4
      vertex 7.47821 5.38771 4
    endloop
  endfacet
  facet normal 0 0 1
    outer loop
      vertex 8.42528 4.70366 4
      vertex 7.41107 5.24577 4
      vertex 8.28654 4.47218 4
    endloop
  endfacet
  facet normal -0 0 1
    outer loop
      vertex 7.33035 5.11109 4
      vertex 8.28654 4.47218 4
      vertex 7.41107 5.24577 4
    endloop
  endfacet
  facet normal 0 0 1
    outer loop
      vertex 8.28654 4.47218 4
      vertex 7.33035 5.11109 4
      vertex 8.12578 4.25542 4
    endloop
  endfacet
  facet normal -0 0 1
    outer loop
      vertex 7.23682 4.98497 4
      vertex 8.12578 4.25542 4
      vertex 7.33035 5.11109 4
    endloop
  endfacet
  facet normal 0 0 1
    outer loop
      vertex 8.12578 4.25542 4
      vertex 7.23682 4.98497 4
      vertex 7.94454 4.05546 4
    endloop
  endfacet
  facet normal -0 0 1
    outer loop
      vertex 7.13137 4.86863 4
      vertex 7.94454 4.05546 4
      vertex 7.23682 4.98497 4
    endloop
  endfacet
  facet normal 0 0 1
    outer loop
      vertex 7.94454 4.05546 4
      vertex 7.13137 4.86863 4
      vertex 7.74458 3.87422 4
    endloop
  endfacet
  facet normal -0 0 1
    outer loop
      vertex 7.01503 4.76318 4
      vertex 7.74458 3.87422 4
      vertex 7.13137 4.86863 4
    endloop
  endfacet
  facet normal 0 0 1
    outer loop
      vertex 7.74458 3.87422 4
      vertex 7.01503 4.76318 4
      vertex 7.52782 3.71346 4
    endloop
  endfacet
  facet normal -0 0 1
    outer loop
      vertex 6.88891 4.66965 4
      vertex 7.52782 3.71346 4
      vertex 7.01503 4.76318 4
    endloop
  endfacet
  facet normal 0 0 1
    outer loop
      vertex 7.52782 3.71346 4
      vertex 6.88891 4.66965 4
      vertex 7.29634 3.57472 4
    endloop
  endfacet
  facet normal -0 0 1
    outer loop
      vertex 6.75423 4.58893 4
      vertex 7.29634 3.57472 4
      vertex 6.88891 4.66965 4
    endloop
  endfacet
  facet normal 0 0 1
    outer loop
      vertex 7.29634 3.57472 4
      vertex 6.75423 4.58893 4
      vertex 7.05238 3.45933 4
    endloop
  endfacet
  facet normal -0 0 1
    outer loop
      vertex 6.61229 4.52179 4
      vertex 7.05238 3.45933 4
      vertex 6.75423 4.58893 4
    endloop
  endfacet
  facet normal 0 0 1
    outer loop
      vertex 7.05238 3.45933 4
      vertex 6.61229 4.52179 4
      vertex 6.79828 3.36841 4
    endloop
  endfacet
  facet normal -0 0 1
    outer loop
      vertex 6.46445 4.4689 4
      vertex 6.79828 3.36841 4
      vertex 6.61229 4.52179 4
    endloop
  endfacet
  facet normal 0 0 1
    outer loop
      vertex 6.79828 3.36841 4
      vertex 6.46445 4.4689 4
      vertex 6.5365 3.30284 4
    endloop
  endfacet
  facet normal -0 0 1
    outer loop
      vertex 6.31214 4.43074 4
      vertex 6.5365 3.30284 4
      vertex 6.46445 4.4689 4
    endloop
  endfacet
  facet normal 0 0 1
    outer loop
      vertex 6.31214 4.43074 4
      vertex 6.26955 3.26324 4
      vertex 6.5365 3.30284 4
    endloop
  endfacet
  facet normal -0 0 1
    outer loop
      vertex 6.15683 4.40771 4
      vertex 6.26955 3.26324 4
      vertex 6.31214 4.43074 4
    endloop
  endfacet
  facet normal -0 0 1
    outer loop
      vertex 6 4.4 4
      vertex 6.26955 3.26324 4
      vertex 6.15683 4.40771 4
    endloop
  endfacet
  facet normal 0 0 1
    outer loop
      vertex 6 4.4 4
      vertex 6 3.25 4
      vertex 6.26955 3.26324 4
    endloop
  endfacet
  facet normal 0 0 1
    outer loop
      vertex 5.84317 4.40771 4
      vertex 6 3.25 4
      vertex 6 4.4 4
    endloop
  endfacet
  facet normal 0 0 1
    outer loop
      vertex 5.84317 4.40771 4
      vertex 5.73045 3.26324 4
      vertex 6 3.25 4
    endloop
  endfacet
  facet normal 0 0 1
    outer loop
      vertex 5.68786 4.43074 4
      vertex 5.73045 3.26324 4
      vertex 5.84317 4.40771 4
    endloop
  endfacet
  facet normal 0 0 1
    outer loop
      vertex 5.4635 3.30284 4
      vertex 5.68786 4.43074 4
      vertex 5.53555 4.4689 4
    endloop
  endfacet
  facet normal 0 0 1
    outer loop
      vertex 5.68786 4.43074 4
      vertex 5.4635 3.30284 4
      vertex 5.73045 3.26324 4
    endloop
  endfacet
  facet normal 0 0 1
    outer loop
      vertex 5.20172 3.36841 4
      vertex 5.53555 4.4689 4
      vertex 5.38771 4.52179 4
    endloop
  endfacet
  facet normal 0 0 1
    outer loop
      vertex 4.94762 3.45933 4
      vertex 5.38771 4.52179 4
      vertex 5.24577 4.58893 4
    endloop
  endfacet
  facet normal 0 0 1
    outer loop
      vertex 5.53555 4.4689 4
      vertex 5.20172 3.36841 4
      vertex 5.4635 3.30284 4
    endloop
  endfacet
  facet normal 0 0 1
    outer loop
      vertex 4.70366 3.57472 4
      vertex 5.24577 4.58893 4
      vertex 5.11109 4.66965 4
    endloop
  endfacet
  facet normal 0 0 1
    outer loop
      vertex 4.47218 3.71346 4
      vertex 5.11109 4.66965 4
      vertex 4.98497 4.76318 4
    endloop
  endfacet
  facet normal 0 0 1
    outer loop
      vertex 5.38771 4.52179 4
      vertex 4.94762 3.45933 4
      vertex 5.20172 3.36841 4
    endloop
  endfacet
  facet normal 0 0 1
    outer loop
      vertex 4.25542 3.87422 4
      vertex 4.98497 4.76318 4
      vertex 4.86863 4.86863 4
    endloop
  endfacet
  facet normal 0 0 1
    outer loop
      vertex 4.05546 4.05546 4
      vertex 4.86863 4.86863 4
      vertex 4.76318 4.98497 4
    endloop
  endfacet
  facet normal 0 0 1
    outer loop
      vertex 5.24577 4.58893 4
      vertex 4.70366 3.57472 4
      vertex 4.94762 3.45933 4
    endloop
  endfacet
  facet normal 0 0 1
    outer loop
      vertex 3.87422 4.25542 4
      vertex 4.76318 4.98497 4
      vertex 4.66965 5.11109 4
    endloop
  endfacet
  facet normal 0 0 1
    outer loop
      vertex 3.71346 4.47218 4
      vertex 4.66965 5.11109 4
      vertex 4.58893 5.24577 4
    endloop
  endfacet
  facet normal 0 0 1
    outer loop
      vertex 3.57472 4.70366 4
      vertex 4.58893 5.24577 4
      vertex 4.52179 5.38771 4
    endloop
  endfacet
  facet normal 0 0 1
    outer loop
      vertex 5.11109 4.66965 4
      vertex 4.47218 3.71346 4
      vertex 4.70366 3.57472 4
    endloop
  endfacet
  facet normal 0 0 1
    outer loop
      vertex 3.45933 4.94762 4
      vertex 4.52179 5.38771 4
      vertex 4.4689 5.53555 4
    endloop
  endfacet
  facet normal 0 0 1
    outer loop
      vertex 3.36841 5.20172 4
      vertex 4.4689 5.53555 4
      vertex 4.43074 5.68786 4
    endloop
  endfacet
  facet normal 0 0 1
    outer loop
      vertex 3.30284 5.4635 4
      vertex 4.43074 5.68786 4
      vertex 4.40771 5.84317 4
    endloop
  endfacet
  facet normal 0 0 1
    outer loop
      vertex 3.26324 5.73045 4
      vertex 4.40771 5.84317 4
      vertex 4.4 6 4
    endloop
  endfacet
  facet normal -0 0 1
    outer loop
      vertex 3.45933 7.05238 4
      vertex 4.52179 6.61229 4
      vertex 3.57472 7.29634 4
    endloop
  endfacet
  facet normal 0 0 1
    outer loop
      vertex 4.98497 4.76318 4
      vertex 4.25542 3.87422 4
      vertex 4.47218 3.71346 4
    endloop
  endfacet
  facet normal 0 0 1
    outer loop
      vertex 4.52179 6.61229 4
      vertex 3.45933 7.05238 4
      vertex 4.4689 6.46445 4
    endloop
  endfacet
  facet normal 0 0 1
    outer loop
      vertex 4.86863 4.86863 4
      vertex 4.05546 4.05546 4
      vertex 4.25542 3.87422 4
    endloop
  endfacet
  facet normal -0 0 1
    outer loop
      vertex 3.36841 6.79828 4
      vertex 4.4689 6.46445 4
      vertex 3.45933 7.05238 4
    endloop
  endfacet
  facet normal 0 0 1
    outer loop
      vertex 4.76318 4.98497 4
      vertex 3.87422 4.25542 4
      vertex 4.05546 4.05546 4
    endloop
  endfacet
  facet normal 0 0 1
    outer loop
      vertex 4.4689 6.46445 4
      vertex 3.36841 6.79828 4
      vertex 4.43074 6.31214 4
    endloop
  endfacet
  facet normal 0 0 1
    outer loop
      vertex 4.66965 5.11109 4
      vertex 3.71346 4.47218 4
      vertex 3.87422 4.25542 4
    endloop
  endfacet
  facet normal -0 0 1
    outer loop
      vertex 3.30284 6.5365 4
      vertex 4.43074 6.31214 4
      vertex 3.36841 6.79828 4
    endloop
  endfacet
  facet normal 0 0 1
    outer loop
      vertex 4.58893 5.24577 4
      vertex 3.57472 4.70366 4
      vertex 3.71346 4.47218 4
    endloop
  endfacet
  facet normal 0 0 1
    outer loop
      vertex 4.43074 6.31214 4
      vertex 3.30284 6.5365 4
      vertex 4.40771 6.15683 4
    endloop
  endfacet
  facet normal 0 0 1
    outer loop
      vertex 4.52179 5.38771 4
      vertex 3.45933 4.94762 4
      vertex 3.57472 4.70366 4
    endloop
  endfacet
  facet normal -0 0 1
    outer loop
      vertex 3.26324 6.26955 4
      vertex 4.40771 6.15683 4
      vertex 3.30284 6.5365 4
    endloop
  endfacet
  facet normal 0 0 1
    outer loop
      vertex 4.4689 5.53555 4
      vertex 3.36841 5.20172 4
      vertex 3.45933 4.94762 4
    endloop
  endfacet
  facet normal 0 0 1
    outer loop
      vertex 4.40771 6.15683 4
      vertex 3.26324 6.26955 4
      vertex 4.4 6 4
    endloop
  endfacet
  facet normal 0 0 1
    outer loop
      vertex 4.43074 5.68786 4
      vertex 3.30284 5.4635 4
      vertex 3.36841 5.20172 4
    endloop
  endfacet
  facet normal 0 0 1
    outer loop
      vertex 3.25 6 4
      vertex 4.4 6 4
      vertex 3.26324 6.26955 4
    endloop
  endfacet
  facet normal 0 0 1
    outer loop
      vertex 4.40771 5.84317 4
      vertex 3.26324 5.73045 4
      vertex 3.30284 5.4635 4
    endloop
  endfacet
  facet normal 0 0 1
    outer loop
      vertex 4.4 6 4
      vertex 3.25 6 4
      vertex 3.26324 5.73045 4
    endloop
  endfacet
  facet normal -0.0490598 -0.998796 0
    outer loop
      vertex 5.73045 3.26324 2
      vertex 6 3.25 4
      vertex 5.73045 3.26324 4
    endloop
  endfacet
  facet normal -0.0490598 -0.998796 -0
    outer loop
      vertex 6 3.25 4
      vertex 5.73045 3.26324 2
      vertex 6 3.25 2
    endloop
  endfacet
  facet normal -0.998796 0.0490598 0
    outer loop
      vertex 3.25 6 2
      vertex 3.26324 6.26955 4
      vertex 3.26324 6.26955 2
    endloop
  endfacet
  facet normal -0.998796 0.0490598 0
    outer loop
      vertex 3.26324 6.26955 4
      vertex 3.25 6 2
      vertex 3.25 6 4
    endloop
  endfacet
  facet normal 0.740939 -0.671573 0
    outer loop
      vertex 7.94454 4.05546 4
      vertex 8.12578 4.25542 2
      vertex 8.12578 4.25542 4
    endloop
  endfacet
  facet normal 0.740939 -0.671573 0
    outer loop
      vertex 8.12578 4.25542 2
      vertex 7.94454 4.05546 4
      vertex 7.94454 4.05546 2
    endloop
  endfacet
  facet normal 0.24303 0.970019 -0
    outer loop
      vertex 5.68786 4.43074 2
      vertex 5.53555 4.4689 4
      vertex 5.68786 4.43074 4
    endloop
  endfacet
  facet normal 0.24303 0.970019 0
    outer loop
      vertex 5.53555 4.4689 4
      vertex 5.68786 4.43074 2
      vertex 5.53555 4.4689 2
    endloop
  endfacet
  facet normal 0.85774 0.514084 0
    outer loop
      vertex 4.66965 5.11109 4
      vertex 4.58893 5.24577 2
      vertex 4.58893 5.24577 4
    endloop
  endfacet
  facet normal 0.85774 0.514084 0
    outer loop
      vertex 4.58893 5.24577 2
      vertex 4.66965 5.11109 4
      vertex 4.66965 5.11109 2
    endloop
  endfacet
  facet normal -0.14668 0.989184 0
    outer loop
      vertex 6.31214 4.43074 2
      vertex 6.15683 4.40771 4
      vertex 6.31214 4.43074 4
    endloop
  endfacet
  facet normal -0.14668 0.989184 0
    outer loop
      vertex 6.15683 4.40771 4
      vertex 6.31214 4.43074 2
      vertex 6.15683 4.40771 2
    endloop
  endfacet
  facet normal 0.514084 -0.85774 0
    outer loop
      vertex 5.11109 7.33035 2
      vertex 5.24577 7.41107 4
      vertex 5.11109 7.33035 4
    endloop
  endfacet
  facet normal 0.514084 -0.85774 0
    outer loop
      vertex 5.24577 7.41107 4
      vertex 5.11109 7.33035 2
      vertex 5.24577 7.41107 2
    endloop
  endfacet
  facet normal -0.740933 0.671578 0
    outer loop
      vertex 7.13137 4.86863 2
      vertex 7.23682 4.98497 4
      vertex 7.23682 4.98497 2
    endloop
  endfacet
  facet normal -0.740933 0.671578 0
    outer loop
      vertex 7.23682 4.98497 4
      vertex 7.13137 4.86863 2
      vertex 7.13137 4.86863 4
    endloop
  endfacet
  facet normal -0.514084 0.85774 0
    outer loop
      vertex 6.88891 4.66965 2
      vertex 6.75423 4.58893 4
      vertex 6.88891 4.66965 4
    endloop
  endfacet
  facet normal -0.514084 0.85774 0
    outer loop
      vertex 6.75423 4.58893 4
      vertex 6.88891 4.66965 2
      vertex 6.75423 4.58893 2
    endloop
  endfacet
  facet normal 0.989184 -0.14668 0
    outer loop
      vertex 4.40771 6.15683 4
      vertex 4.43074 6.31214 2
      vertex 4.43074 6.31214 4
    endloop
  endfacet
  facet normal 0.989184 -0.14668 0
    outer loop
      vertex 4.43074 6.31214 2
      vertex 4.40771 6.15683 4
      vertex 4.40771 6.15683 2
    endloop
  endfacet
  facet normal -0.970019 0.24303 0
    outer loop
      vertex 7.5311 5.53555 2
      vertex 7.56926 5.68786 4
      vertex 7.56926 5.68786 2
    endloop
  endfacet
  facet normal -0.970019 0.24303 0
    outer loop
      vertex 7.56926 5.68786 4
      vertex 7.5311 5.53555 2
      vertex 7.5311 5.53555 4
    endloop
  endfacet
  facet normal 0.14668 0.989184 -0
    outer loop
      vertex 5.84317 4.40771 2
      vertex 5.68786 4.43074 4
      vertex 5.84317 4.40771 4
    endloop
  endfacet
  facet normal 0.14668 0.989184 0
    outer loop
      vertex 5.68786 4.43074 4
      vertex 5.84317 4.40771 2
      vertex 5.68786 4.43074 2
    endloop
  endfacet
  facet normal 0.998794 0.0491022 0
    outer loop
      vertex 4.40771 5.84317 4
      vertex 4.4 6 2
      vertex 4.4 6 4
    endloop
  endfacet
  facet normal 0.998794 0.0491022 0
    outer loop
      vertex 4.4 6 2
      vertex 4.40771 5.84317 4
      vertex 4.40771 5.84317 2
    endloop
  endfacet
  facet normal 0.740933 -0.671578 0
    outer loop
      vertex 4.76318 7.01503 4
      vertex 4.86863 7.13137 2
      vertex 4.86863 7.13137 4
    endloop
  endfacet
  facet normal 0.740933 -0.671578 0
    outer loop
      vertex 4.86863 7.13137 2
      vertex 4.76318 7.01503 4
      vertex 4.76318 7.01503 2
    endloop
  endfacet
  facet normal 0.970019 0.24303 0
    outer loop
      vertex 4.4689 5.53555 4
      vertex 4.43074 5.68786 2
      vertex 4.43074 5.68786 4
    endloop
  endfacet
  facet normal 0.970019 0.24303 0
    outer loop
      vertex 4.43074 5.68786 2
      vertex 4.4689 5.53555 4
      vertex 4.4689 5.53555 2
    endloop
  endfacet
  facet normal 0.336845 -0.94156 0
    outer loop
      vertex 5.38771 7.47821 2
      vertex 5.53555 7.5311 4
      vertex 5.38771 7.47821 4
    endloop
  endfacet
  facet normal 0.336845 -0.94156 0
    outer loop
      vertex 5.53555 7.5311 4
      vertex 5.38771 7.47821 2
      vertex 5.53555 7.5311 2
    endloop
  endfacet
  facet normal 0.94156 0.336845 0
    outer loop
      vertex 4.52179 5.38771 4
      vertex 4.4689 5.53555 2
      vertex 4.4689 5.53555 4
    endloop
  endfacet
  facet normal 0.94156 0.336845 0
    outer loop
      vertex 4.4689 5.53555 2
      vertex 4.52179 5.38771 4
      vertex 4.52179 5.38771 2
    endloop
  endfacet
  facet normal 0.803229 -0.595671 0
    outer loop
      vertex 4.66965 6.88891 4
      vertex 4.76318 7.01503 2
      vertex 4.76318 7.01503 4
    endloop
  endfacet
  facet normal 0.803229 -0.595671 0
    outer loop
      vertex 4.76318 7.01503 2
      vertex 4.66965 6.88891 4
      vertex 4.66965 6.88891 2
    endloop
  endfacet
  facet normal 0.970019 -0.24303 0
    outer loop
      vertex 4.43074 6.31214 4
      vertex 4.4689 6.46445 2
      vertex 4.4689 6.46445 4
    endloop
  endfacet
  facet normal 0.970019 -0.24303 0
    outer loop
      vertex 4.4689 6.46445 2
      vertex 4.43074 6.31214 4
      vertex 4.43074 6.31214 2
    endloop
  endfacet
  facet normal 0.671578 -0.740933 0
    outer loop
      vertex 4.86863 7.13137 2
      vertex 4.98497 7.23682 4
      vertex 4.86863 7.13137 4
    endloop
  endfacet
  facet normal 0.671578 -0.740933 0
    outer loop
      vertex 4.98497 7.23682 4
      vertex 4.86863 7.13137 2
      vertex 4.98497 7.23682 2
    endloop
  endfacet
  facet normal -0.427594 0.903971 0
    outer loop
      vertex 6.75423 4.58893 2
      vertex 6.61229 4.52179 4
      vertex 6.75423 4.58893 4
    endloop
  endfacet
  facet normal -0.427594 0.903971 0
    outer loop
      vertex 6.61229 4.52179 4
      vertex 6.75423 4.58893 2
      vertex 6.61229 4.52179 2
    endloop
  endfacet
  facet normal 0.24303 -0.970019 0
    outer loop
      vertex 5.53555 7.5311 2
      vertex 5.68786 7.56926 4
      vertex 5.53555 7.5311 4
    endloop
  endfacet
  facet normal 0.24303 -0.970019 0
    outer loop
      vertex 5.68786 7.56926 4
      vertex 5.53555 7.5311 2
      vertex 5.68786 7.56926 2
    endloop
  endfacet
  facet normal 0.94156 -0.336845 0
    outer loop
      vertex 4.4689 6.46445 4
      vertex 4.52179 6.61229 2
      vertex 4.52179 6.61229 4
    endloop
  endfacet
  facet normal 0.94156 -0.336845 0
    outer loop
      vertex 4.52179 6.61229 2
      vertex 4.4689 6.46445 4
      vertex 4.4689 6.46445 2
    endloop
  endfacet
  facet normal 0.514084 0.85774 -0
    outer loop
      vertex 5.24577 4.58893 2
      vertex 5.11109 4.66965 4
      vertex 5.24577 4.58893 4
    endloop
  endfacet
  facet normal 0.514084 0.85774 0
    outer loop
      vertex 5.11109 4.66965 4
      vertex 5.24577 4.58893 2
      vertex 5.11109 4.66965 2
    endloop
  endfacet
  facet normal 0.595671 -0.803229 0
    outer loop
      vertex 4.98497 7.23682 2
      vertex 5.11109 7.33035 4
      vertex 4.98497 7.23682 4
    endloop
  endfacet
  facet normal 0.595671 -0.803229 0
    outer loop
      vertex 5.11109 7.33035 4
      vertex 4.98497 7.23682 2
      vertex 5.11109 7.33035 2
    endloop
  endfacet
  facet normal 0.0491022 -0.998794 0
    outer loop
      vertex 5.84317 7.59229 2
      vertex 6 7.6 4
      vertex 5.84317 7.59229 4
    endloop
  endfacet
  facet normal 0.0491022 -0.998794 0
    outer loop
      vertex 6 7.6 4
      vertex 5.84317 7.59229 2
      vertex 6 7.6 2
    endloop
  endfacet
  facet normal -0.0491022 0.998794 0
    outer loop
      vertex 6.15683 4.40771 2
      vertex 6 4.4 4
      vertex 6.15683 4.40771 4
    endloop
  endfacet
  facet normal -0.0491022 0.998794 0
    outer loop
      vertex 6 4.4 4
      vertex 6.15683 4.40771 2
      vertex 6 4.4 2
    endloop
  endfacet
  facet normal -0.94156 0.336845 0
    outer loop
      vertex 7.47821 5.38771 2
      vertex 7.5311 5.53555 4
      vertex 7.5311 5.53555 2
    endloop
  endfacet
  facet normal -0.94156 0.336845 0
    outer loop
      vertex 7.5311 5.53555 4
      vertex 7.47821 5.38771 2
      vertex 7.47821 5.38771 4
    endloop
  endfacet
  facet normal -0.803229 0.595671 0
    outer loop
      vertex 7.23682 4.98497 2
      vertex 7.33035 5.11109 4
      vertex 7.33035 5.11109 2
    endloop
  endfacet
  facet normal -0.803229 0.595671 0
    outer loop
      vertex 7.33035 5.11109 4
      vertex 7.23682 4.98497 2
      vertex 7.23682 4.98497 4
    endloop
  endfacet
  facet normal -0.989184 0.14668 0
    outer loop
      vertex 7.56926 5.68786 2
      vertex 7.59229 5.84317 4
      vertex 7.59229 5.84317 2
    endloop
  endfacet
  facet normal -0.989184 0.14668 0
    outer loop
      vertex 7.59229 5.84317 4
      vertex 7.56926 5.68786 2
      vertex 7.56926 5.68786 4
    endloop
  endfacet
  facet normal 0.85774 -0.514084 0
    outer loop
      vertex 4.58893 6.75423 4
      vertex 4.66965 6.88891 2
      vertex 4.66965 6.88891 4
    endloop
  endfacet
  facet normal 0.85774 -0.514084 0
    outer loop
      vertex 4.66965 6.88891 2
      vertex 4.58893 6.75423 4
      vertex 4.58893 6.75423 2
    endloop
  endfacet
  facet normal 0.336845 0.94156 -0
    outer loop
      vertex 5.53555 4.4689 2
      vertex 5.38771 4.52179 4
      vertex 5.53555 4.4689 4
    endloop
  endfacet
  facet normal 0.336845 0.94156 0
    outer loop
      vertex 5.38771 4.52179 4
      vertex 5.53555 4.4689 2
      vertex 5.38771 4.52179 2
    endloop
  endfacet
  facet normal 0.427594 -0.903971 0
    outer loop
      vertex 5.24577 7.41107 2
      vertex 5.38771 7.47821 4
      vertex 5.24577 7.41107 4
    endloop
  endfacet
  facet normal 0.427594 -0.903971 0
    outer loop
      vertex 5.38771 7.47821 4
      vertex 5.24577 7.41107 2
      vertex 5.38771 7.47821 2
    endloop
  endfacet
  facet normal -0.595671 0.803229 0
    outer loop
      vertex 7.01503 4.76318 2
      vertex 6.88891 4.66965 4
      vertex 7.01503 4.76318 4
    endloop
  endfacet
  facet normal -0.595671 0.803229 0
    outer loop
      vertex 6.88891 4.66965 4
      vertex 7.01503 4.76318 2
      vertex 6.88891 4.66965 2
    endloop
  endfacet
  facet normal 0.671578 0.740933 -0
    outer loop
      vertex 4.98497 4.76318 2
      vertex 4.86863 4.86863 4
      vertex 4.98497 4.76318 4
    endloop
  endfacet
  facet normal 0.671578 0.740933 0
    outer loop
      vertex 4.86863 4.86863 4
      vertex 4.98497 4.76318 2
      vertex 4.86863 4.86863 2
    endloop
  endfacet
  facet normal -0.998794 0.0491022 0
    outer loop
      vertex 7.59229 5.84317 2
      vertex 7.6 6 4
      vertex 7.6 6 2
    endloop
  endfacet
  facet normal -0.998794 0.0491022 0
    outer loop
      vertex 7.6 6 4
      vertex 7.59229 5.84317 2
      vertex 7.59229 5.84317 4
    endloop
  endfacet
  facet normal 0.803229 0.595671 0
    outer loop
      vertex 4.76318 4.98497 4
      vertex 4.66965 5.11109 2
      vertex 4.66965 5.11109 4
    endloop
  endfacet
  facet normal 0.803229 0.595671 0
    outer loop
      vertex 4.66965 5.11109 2
      vertex 4.76318 4.98497 4
      vertex 4.76318 4.98497 2
    endloop
  endfacet
  facet normal 0.903971 0.427594 0
    outer loop
      vertex 4.58893 5.24577 4
      vertex 4.52179 5.38771 2
      vertex 4.52179 5.38771 4
    endloop
  endfacet
  facet normal 0.903971 0.427594 0
    outer loop
      vertex 4.52179 5.38771 2
      vertex 4.58893 5.24577 4
      vertex 4.58893 5.24577 2
    endloop
  endfacet
  facet normal 0.427594 0.903971 -0
    outer loop
      vertex 5.38771 4.52179 2
      vertex 5.24577 4.58893 4
      vertex 5.38771 4.52179 4
    endloop
  endfacet
  facet normal 0.427594 0.903971 0
    outer loop
      vertex 5.24577 4.58893 4
      vertex 5.38771 4.52179 2
      vertex 5.24577 4.58893 2
    endloop
  endfacet
  facet normal 0.14668 -0.989184 0
    outer loop
      vertex 5.68786 7.56926 2
      vertex 5.84317 7.59229 4
      vertex 5.68786 7.56926 4
    endloop
  endfacet
  facet normal 0.14668 -0.989184 0
    outer loop
      vertex 5.84317 7.59229 4
      vertex 5.68786 7.56926 2
      vertex 5.84317 7.59229 2
    endloop
  endfacet
  facet normal 0.989184 0.14668 0
    outer loop
      vertex 4.43074 5.68786 4
      vertex 4.40771 5.84317 2
      vertex 4.40771 5.84317 4
    endloop
  endfacet
  facet normal 0.989184 0.14668 0
    outer loop
      vertex 4.40771 5.84317 2
      vertex 4.43074 5.68786 4
      vertex 4.43074 5.68786 2
    endloop
  endfacet
  facet normal -0.336845 0.94156 0
    outer loop
      vertex 6.61229 4.52179 2
      vertex 6.46445 4.4689 4
      vertex 6.61229 4.52179 4
    endloop
  endfacet
  facet normal -0.336845 0.94156 0
    outer loop
      vertex 6.46445 4.4689 4
      vertex 6.61229 4.52179 2
      vertex 6.46445 4.4689 2
    endloop
  endfacet
  facet normal -0.24303 0.970019 0
    outer loop
      vertex 6.46445 4.4689 2
      vertex 6.31214 4.43074 4
      vertex 6.46445 4.4689 4
    endloop
  endfacet
  facet normal -0.24303 0.970019 0
    outer loop
      vertex 6.31214 4.43074 4
      vertex 6.46445 4.4689 2
      vertex 6.31214 4.43074 2
    endloop
  endfacet
  facet normal 0.903971 -0.427594 0
    outer loop
      vertex 4.52179 6.61229 4
      vertex 4.58893 6.75423 2
      vertex 4.58893 6.75423 4
    endloop
  endfacet
  facet normal 0.903971 -0.427594 0
    outer loop
      vertex 4.58893 6.75423 2
      vertex 4.52179 6.61229 4
      vertex 4.52179 6.61229 2
    endloop
  endfacet
  facet normal 0.740933 0.671578 0
    outer loop
      vertex 4.86863 4.86863 4
      vertex 4.76318 4.98497 2
      vertex 4.76318 4.98497 4
    endloop
  endfacet
  facet normal 0.740933 0.671578 0
    outer loop
      vertex 4.76318 4.98497 2
      vertex 4.86863 4.86863 4
      vertex 4.86863 4.86863 2
    endloop
  endfacet
  facet normal 0.595671 0.803229 -0
    outer loop
      vertex 5.11109 4.66965 2
      vertex 4.98497 4.76318 4
      vertex 5.11109 4.66965 4
    endloop
  endfacet
  facet normal 0.595671 0.803229 0
    outer loop
      vertex 4.98497 4.76318 4
      vertex 5.11109 4.66965 2
      vertex 4.98497 4.76318 2
    endloop
  endfacet
  facet normal -0.903971 0.427594 0
    outer loop
      vertex 7.41107 5.24577 2
      vertex 7.47821 5.38771 4
      vertex 7.47821 5.38771 2
    endloop
  endfacet
  facet normal -0.903971 0.427594 0
    outer loop
      vertex 7.47821 5.38771 4
      vertex 7.41107 5.24577 2
      vertex 7.41107 5.24577 4
    endloop
  endfacet
  facet normal -0.85774 0.514084 0
    outer loop
      vertex 7.33035 5.11109 2
      vertex 7.41107 5.24577 4
      vertex 7.41107 5.24577 2
    endloop
  endfacet
  facet normal -0.85774 0.514084 0
    outer loop
      vertex 7.41107 5.24577 4
      vertex 7.33035 5.11109 2
      vertex 7.33035 5.11109 4
    endloop
  endfacet
  facet normal 0.0491022 0.998794 -0
    outer loop
      vertex 6 4.4 2
      vertex 5.84317 4.40771 4
      vertex 6 4.4 4
    endloop
  endfacet
  facet normal 0.0491022 0.998794 0
    outer loop
      vertex 5.84317 4.40771 4
      vertex 6 4.4 2
      vertex 5.84317 4.40771 2
    endloop
  endfacet
  facet normal 0.998794 -0.0491022 0
    outer loop
      vertex 4.4 6 4
      vertex 4.40771 6.15683 2
      vertex 4.40771 6.15683 4
    endloop
  endfacet
  facet normal 0.998794 -0.0491022 0
    outer loop
      vertex 4.40771 6.15683 2
      vertex 4.4 6 4
      vertex 4.4 6 2
    endloop
  endfacet
  facet normal -0.671578 0.740933 0
    outer loop
      vertex 7.13137 4.86863 2
      vertex 7.01503 4.76318 4
      vertex 7.13137 4.86863 4
    endloop
  endfacet
  facet normal -0.671578 0.740933 0
    outer loop
      vertex 7.01503 4.76318 4
      vertex 7.13137 4.86863 2
      vertex 7.01503 4.76318 2
    endloop
  endfacet
  facet normal 0.671683 -0.740838 0
    outer loop
      vertex 85.7446 3.87422 2
      vertex 85.9445 4.05546 4
      vertex 85.7446 3.87422 4
    endloop
  endfacet
  facet normal 0.671683 -0.740838 0
    outer loop
      vertex 85.9445 4.05546 4
      vertex 85.7446 3.87422 2
      vertex 85.9445 4.05546 2
    endloop
  endfacet
  facet normal 0.989176 0.146737 0
    outer loop
      vertex 86.7368 6.26955 4
      vertex 86.6972 6.5365 2
      vertex 86.6972 6.5365 4
    endloop
  endfacet
  facet normal 0.989176 0.146737 0
    outer loop
      vertex 86.6972 6.5365 2
      vertex 86.7368 6.26955 4
      vertex 86.7368 6.26955 2
    endloop
  endfacet
  facet normal 0.998803 0.0489119 0
    outer loop
      vertex 86.75 6 4
      vertex 86.7368 6.26955 2
      vertex 86.7368 6.26955 4
    endloop
  endfacet
  facet normal 0.998803 0.0489119 0
    outer loop
      vertex 86.7368 6.26955 2
      vertex 86.75 6 4
      vertex 86.75 6 2
    endloop
  endfacet
  facet normal 0.970007 0.243076 0
    outer loop
      vertex 86.6972 6.5365 4
      vertex 86.6316 6.79828 2
      vertex 86.6316 6.79828 4
    endloop
  endfacet
  facet normal 0.970007 0.243076 0
    outer loop
      vertex 86.6316 6.79828 2
      vertex 86.6972 6.5365 4
      vertex 86.6972 6.5365 2
    endloop
  endfacet
  facet normal 0.427658 -0.903941 0
    outer loop
      vertex 85.0524 3.45933 2
      vertex 85.2963 3.57472 4
      vertex 85.0524 3.45933 4
    endloop
  endfacet
  facet normal 0.427658 -0.903941 0
    outer loop
      vertex 85.2963 3.57472 4
      vertex 85.0524 3.45933 2
      vertex 85.2963 3.57472 2
    endloop
  endfacet
  facet normal -0.0490688 0.998795 0
    outer loop
      vertex 84 8.75 2
      vertex 83.7305 8.73676 4
      vertex 84 8.75 4
    endloop
  endfacet
  facet normal -0.0490688 0.998795 0
    outer loop
      vertex 83.7305 8.73676 4
      vertex 84 8.75 2
      vertex 83.7305 8.73676 2
    endloop
  endfacet
  facet normal -0.427658 0.903941 0
    outer loop
      vertex 82.9476 8.54067 2
      vertex 82.7037 8.42528 4
      vertex 82.9476 8.54067 4
    endloop
  endfacet
  facet normal -0.427658 0.903941 0
    outer loop
      vertex 82.7037 8.42528 4
      vertex 82.9476 8.54067 2
      vertex 82.7037 8.42528 2
    endloop
  endfacet
  facet normal 0.740828 0.671695 0
    outer loop
      vertex 86.1258 7.74458 4
      vertex 85.9445 7.94454 2
      vertex 85.9445 7.94454 4
    endloop
  endfacet
  facet normal 0.740828 0.671695 0
    outer loop
      vertex 85.9445 7.94454 2
      vertex 86.1258 7.74458 4
      vertex 86.1258 7.74458 2
    endloop
  endfacet
  facet normal -0.14671 -0.98918 0
    outer loop
      vertex 83.4635 3.30284 2
      vertex 83.7305 3.26324 4
      vertex 83.4635 3.30284 4
    endloop
  endfacet
  facet normal -0.14671 -0.98918 -0
    outer loop
      vertex 83.7305 3.26324 4
      vertex 83.4635 3.30284 2
      vertex 83.7305 3.26324 2
    endloop
  endfacet
  facet normal 0.427658 0.903941 -0
    outer loop
      vertex 85.2963 8.42528 2
      vertex 85.0524 8.54067 4
      vertex 85.2963 8.42528 4
    endloop
  endfacet
  facet normal 0.427658 0.903941 0
    outer loop
      vertex 85.0524 8.54067 4
      vertex 85.2963 8.42528 2
      vertex 85.0524 8.54067 2
    endloop
  endfacet
  facet normal -0.14671 0.98918 0
    outer loop
      vertex 83.7305 8.73676 2
      vertex 83.4635 8.69716 4
      vertex 83.7305 8.73676 4
    endloop
  endfacet
  facet normal -0.14671 0.98918 0
    outer loop
      vertex 83.4635 8.69716 4
      vertex 83.7305 8.73676 2
      vertex 83.4635 8.69716 2
    endloop
  endfacet
  facet normal 0.242954 -0.970038 0
    outer loop
      vertex 84.5365 3.30284 2
      vertex 84.7983 3.36841 4
      vertex 84.5365 3.30284 4
    endloop
  endfacet
  facet normal 0.242954 -0.970038 0
    outer loop
      vertex 84.7983 3.36841 4
      vertex 84.5365 3.30284 2
      vertex 84.7983 3.36841 2
    endloop
  endfacet
  facet normal -0.595628 0.80326 0
    outer loop
      vertex 82.4722 8.28654 2
      vertex 82.2554 8.12578 4
      vertex 82.4722 8.28654 4
    endloop
  endfacet
  facet normal -0.595628 0.80326 0
    outer loop
      vertex 82.2554 8.12578 4
      vertex 82.4722 8.28654 2
      vertex 82.2554 8.12578 2
    endloop
  endfacet
  facet normal -0.903967 0.427602 0
    outer loop
      vertex 81.4593 7.05238 2
      vertex 81.5747 7.29634 4
      vertex 81.5747 7.29634 2
    endloop
  endfacet
  facet normal -0.903967 0.427602 0
    outer loop
      vertex 81.5747 7.29634 4
      vertex 81.4593 7.05238 2
      vertex 81.4593 7.05238 4
    endloop
  endfacet
  facet normal -0.427658 -0.903941 0
    outer loop
      vertex 82.7037 3.57472 2
      vertex 82.9476 3.45933 4
      vertex 82.7037 3.57472 4
    endloop
  endfacet
  facet normal -0.427658 -0.903941 -0
    outer loop
      vertex 82.9476 3.45933 4
      vertex 82.7037 3.57472 2
      vertex 82.9476 3.45933 2
    endloop
  endfacet
  facet normal -0.595628 -0.80326 0
    outer loop
      vertex 82.2554 3.87422 2
      vertex 82.4722 3.71346 4
      vertex 82.2554 3.87422 4
    endloop
  endfacet
  facet normal -0.595628 -0.80326 -0
    outer loop
      vertex 82.4722 3.71346 4
      vertex 82.2554 3.87422 2
      vertex 82.4722 3.71346 2
    endloop
  endfacet
  facet normal -0.903967 -0.427602 0
    outer loop
      vertex 81.5747 4.70366 2
      vertex 81.4593 4.94762 4
      vertex 81.4593 4.94762 2
    endloop
  endfacet
  facet normal -0.903967 -0.427602 0
    outer loop
      vertex 81.4593 4.94762 4
      vertex 81.5747 4.70366 2
      vertex 81.5747 4.70366 4
    endloop
  endfacet
  facet normal 0.51406 0.857754 -0
    outer loop
      vertex 85.5278 8.28654 2
      vertex 85.2963 8.42528 4
      vertex 85.5278 8.28654 4
    endloop
  endfacet
  facet normal 0.51406 0.857754 0
    outer loop
      vertex 85.2963 8.42528 4
      vertex 85.5278 8.28654 2
      vertex 85.2963 8.42528 2
    endloop
  endfacet
  facet normal 0.595628 -0.80326 0
    outer loop
      vertex 85.5278 3.71346 2
      vertex 85.7446 3.87422 4
      vertex 85.5278 3.71346 4
    endloop
  endfacet
  facet normal 0.595628 -0.80326 0
    outer loop
      vertex 85.7446 3.87422 4
      vertex 85.5278 3.71346 2
      vertex 85.7446 3.87422 2
    endloop
  endfacet
  facet normal -0.998803 -0.0489119 0
    outer loop
      vertex 81.2632 5.73045 2
      vertex 81.25 6 4
      vertex 81.25 6 2
    endloop
  endfacet
  facet normal -0.998803 -0.0489119 0
    outer loop
      vertex 81.25 6 4
      vertex 81.2632 5.73045 2
      vertex 81.2632 5.73045 4
    endloop
  endfacet
  facet normal -0.336895 -0.941542 0
    outer loop
      vertex 82.9476 3.45933 2
      vertex 83.2017 3.36841 4
      vertex 82.9476 3.45933 4
    endloop
  endfacet
  facet normal -0.336895 -0.941542 -0
    outer loop
      vertex 83.2017 3.36841 4
      vertex 82.9476 3.45933 2
      vertex 83.2017 3.36841 2
    endloop
  endfacet
  facet normal 0.595628 0.80326 -0
    outer loop
      vertex 85.7446 8.12578 2
      vertex 85.5278 8.28654 4
      vertex 85.7446 8.12578 4
    endloop
  endfacet
  facet normal 0.595628 0.80326 0
    outer loop
      vertex 85.5278 8.28654 4
      vertex 85.7446 8.12578 2
      vertex 85.5278 8.28654 2
    endloop
  endfacet
  facet normal 0.970007 -0.243076 0
    outer loop
      vertex 86.6316 5.20172 4
      vertex 86.6972 5.4635 2
      vertex 86.6972 5.4635 4
    endloop
  endfacet
  facet normal 0.970007 -0.243076 0
    outer loop
      vertex 86.6972 5.4635 2
      vertex 86.6316 5.20172 4
      vertex 86.6316 5.20172 2
    endloop
  endfacet
  facet normal -0.941566 -0.336829 0
    outer loop
      vertex 81.4593 4.94762 2
      vertex 81.3684 5.20172 4
      vertex 81.3684 5.20172 2
    endloop
  endfacet
  facet normal -0.941566 -0.336829 0
    outer loop
      vertex 81.3684 5.20172 4
      vertex 81.4593 4.94762 2
      vertex 81.4593 4.94762 4
    endloop
  endfacet
  facet normal 0.242954 0.970038 -0
    outer loop
      vertex 84.7983 8.63159 2
      vertex 84.5365 8.69716 4
      vertex 84.7983 8.63159 4
    endloop
  endfacet
  facet normal 0.242954 0.970038 0
    outer loop
      vertex 84.5365 8.69716 4
      vertex 84.7983 8.63159 2
      vertex 84.5365 8.69716 2
    endloop
  endfacet
  facet normal -0.740828 0.671695 0
    outer loop
      vertex 81.8742 7.74458 2
      vertex 82.0555 7.94454 4
      vertex 82.0555 7.94454 2
    endloop
  endfacet
  facet normal -0.740828 0.671695 0
    outer loop
      vertex 82.0555 7.94454 4
      vertex 81.8742 7.74458 2
      vertex 81.8742 7.74458 4
    endloop
  endfacet
  facet normal 0.0490688 -0.998795 0
    outer loop
      vertex 84 3.25 2
      vertex 84.2695 3.26324 4
      vertex 84 3.25 4
    endloop
  endfacet
  facet normal 0.0490688 -0.998795 0
    outer loop
      vertex 84.2695 3.26324 4
      vertex 84 3.25 2
      vertex 84.2695 3.26324 2
    endloop
  endfacet
  facet normal 0.803314 0.595555 0
    outer loop
      vertex 86.2865 7.52782 4
      vertex 86.1258 7.74458 2
      vertex 86.1258 7.74458 4
    endloop
  endfacet
  facet normal 0.803314 0.595555 0
    outer loop
      vertex 86.1258 7.74458 2
      vertex 86.2865 7.52782 4
      vertex 86.2865 7.52782 2
    endloop
  endfacet
  facet normal -0.970007 -0.243076 0
    outer loop
      vertex 81.3684 5.20172 2
      vertex 81.3028 5.4635 4
      vertex 81.3028 5.4635 2
    endloop
  endfacet
  facet normal -0.970007 -0.243076 0
    outer loop
      vertex 81.3028 5.4635 4
      vertex 81.3684 5.20172 2
      vertex 81.3684 5.20172 4
    endloop
  endfacet
  facet normal 0.989176 -0.146737 0
    outer loop
      vertex 86.6972 5.4635 4
      vertex 86.7368 5.73045 2
      vertex 86.7368 5.73045 4
    endloop
  endfacet
  facet normal 0.989176 -0.146737 0
    outer loop
      vertex 86.7368 5.73045 2
      vertex 86.6972 5.4635 4
      vertex 86.6972 5.4635 2
    endloop
  endfacet
  facet normal 0.51406 -0.857754 0
    outer loop
      vertex 85.2963 3.57472 2
      vertex 85.5278 3.71346 4
      vertex 85.2963 3.57472 4
    endloop
  endfacet
  facet normal 0.51406 -0.857754 0
    outer loop
      vertex 85.5278 3.71346 4
      vertex 85.2963 3.57472 2
      vertex 85.5278 3.71346 2
    endloop
  endfacet
  facet normal -0.941566 0.336829 0
    outer loop
      vertex 81.3684 6.79828 2
      vertex 81.4593 7.05238 4
      vertex 81.4593 7.05238 2
    endloop
  endfacet
  facet normal -0.941566 0.336829 0
    outer loop
      vertex 81.4593 7.05238 4
      vertex 81.3684 6.79828 2
      vertex 81.3684 6.79828 4
    endloop
  endfacet
  facet normal 0.671683 0.740838 -0
    outer loop
      vertex 85.9445 7.94454 2
      vertex 85.7446 8.12578 4
      vertex 85.9445 7.94454 4
    endloop
  endfacet
  facet normal 0.671683 0.740838 0
    outer loop
      vertex 85.7446 8.12578 4
      vertex 85.9445 7.94454 2
      vertex 85.7446 8.12578 2
    endloop
  endfacet
  facet normal -0.989176 0.146737 0
    outer loop
      vertex 81.2632 6.26955 2
      vertex 81.3028 6.5365 4
      vertex 81.3028 6.5365 2
    endloop
  endfacet
  facet normal -0.989176 0.146737 0
    outer loop
      vertex 81.3028 6.5365 4
      vertex 81.2632 6.26955 2
      vertex 81.2632 6.26955 4
    endloop
  endfacet
  facet normal 0.903967 -0.427602 0
    outer loop
      vertex 86.4253 4.70366 4
      vertex 86.5407 4.94762 2
      vertex 86.5407 4.94762 4
    endloop
  endfacet
  facet normal 0.903967 -0.427602 0
    outer loop
      vertex 86.5407 4.94762 2
      vertex 86.4253 4.70366 4
      vertex 86.4253 4.70366 2
    endloop
  endfacet
  facet normal 0.336895 0.941542 -0
    outer loop
      vertex 85.0524 8.54067 2
      vertex 84.7983 8.63159 4
      vertex 85.0524 8.54067 4
    endloop
  endfacet
  facet normal 0.336895 0.941542 0
    outer loop
      vertex 84.7983 8.63159 4
      vertex 85.0524 8.54067 2
      vertex 84.7983 8.63159 2
    endloop
  endfacet
  facet normal 0.998803 -0.0489119 0
    outer loop
      vertex 86.7368 5.73045 4
      vertex 86.75 6 2
      vertex 86.75 6 4
    endloop
  endfacet
  facet normal 0.998803 -0.0489119 0
    outer loop
      vertex 86.75 6 2
      vertex 86.7368 5.73045 4
      vertex 86.7368 5.73045 2
    endloop
  endfacet
  facet normal 0.14671 -0.98918 0
    outer loop
      vertex 84.2695 3.26324 2
      vertex 84.5365 3.30284 4
      vertex 84.2695 3.26324 4
    endloop
  endfacet
  facet normal 0.14671 -0.98918 0
    outer loop
      vertex 84.5365 3.30284 4
      vertex 84.2695 3.26324 2
      vertex 84.5365 3.30284 2
    endloop
  endfacet
  facet normal 0.941566 0.336829 0
    outer loop
      vertex 86.6316 6.79828 4
      vertex 86.5407 7.05238 2
      vertex 86.5407 7.05238 4
    endloop
  endfacet
  facet normal 0.941566 0.336829 0
    outer loop
      vertex 86.5407 7.05238 2
      vertex 86.6316 6.79828 4
      vertex 86.6316 6.79828 2
    endloop
  endfacet
  facet normal 0.803314 -0.595555 0
    outer loop
      vertex 86.1258 4.25542 4
      vertex 86.2865 4.47218 2
      vertex 86.2865 4.47218 4
    endloop
  endfacet
  facet normal 0.803314 -0.595555 0
    outer loop
      vertex 86.2865 4.47218 2
      vertex 86.1258 4.25542 4
      vertex 86.1258 4.25542 2
    endloop
  endfacet
  facet normal 0.857637 -0.514256 0
    outer loop
      vertex 86.2865 4.47218 4
      vertex 86.4253 4.70366 2
      vertex 86.4253 4.70366 4
    endloop
  endfacet
  facet normal 0.857637 -0.514256 0
    outer loop
      vertex 86.4253 4.70366 2
      vertex 86.2865 4.47218 4
      vertex 86.2865 4.47218 2
    endloop
  endfacet
  facet normal -0.242954 0.970038 0
    outer loop
      vertex 83.4635 8.69716 2
      vertex 83.2017 8.63159 4
      vertex 83.4635 8.69716 4
    endloop
  endfacet
  facet normal -0.242954 0.970038 0
    outer loop
      vertex 83.2017 8.63159 4
      vertex 83.4635 8.69716 2
      vertex 83.2017 8.63159 2
    endloop
  endfacet
  facet normal 0.941566 -0.336829 0
    outer loop
      vertex 86.5407 4.94762 4
      vertex 86.6316 5.20172 2
      vertex 86.6316 5.20172 4
    endloop
  endfacet
  facet normal 0.941566 -0.336829 0
    outer loop
      vertex 86.6316 5.20172 2
      vertex 86.5407 4.94762 4
      vertex 86.5407 4.94762 2
    endloop
  endfacet
  facet normal 0.0490688 0.998795 -0
    outer loop
      vertex 84.2695 8.73676 2
      vertex 84 8.75 4
      vertex 84.2695 8.73676 4
    endloop
  endfacet
  facet normal 0.0490688 0.998795 0
    outer loop
      vertex 84 8.75 4
      vertex 84.2695 8.73676 2
      vertex 84 8.75 2
    endloop
  endfacet
  facet normal -0.51406 0.857754 0
    outer loop
      vertex 82.7037 8.42528 2
      vertex 82.4722 8.28654 4
      vertex 82.7037 8.42528 4
    endloop
  endfacet
  facet normal -0.51406 0.857754 0
    outer loop
      vertex 82.4722 8.28654 4
      vertex 82.7037 8.42528 2
      vertex 82.4722 8.28654 2
    endloop
  endfacet
  facet normal 0.903967 0.427602 0
    outer loop
      vertex 86.5407 7.05238 4
      vertex 86.4253 7.29634 2
      vertex 86.4253 7.29634 4
    endloop
  endfacet
  facet normal 0.903967 0.427602 0
    outer loop
      vertex 86.4253 7.29634 2
      vertex 86.5407 7.05238 4
      vertex 86.5407 7.05238 2
    endloop
  endfacet
  facet normal 0.14671 0.98918 -0
    outer loop
      vertex 84.5365 8.69716 2
      vertex 84.2695 8.73676 4
      vertex 84.5365 8.69716 4
    endloop
  endfacet
  facet normal 0.14671 0.98918 0
    outer loop
      vertex 84.2695 8.73676 4
      vertex 84.5365 8.69716 2
      vertex 84.2695 8.73676 2
    endloop
  endfacet
  facet normal -0.242954 -0.970038 0
    outer loop
      vertex 83.2017 3.36841 2
      vertex 83.4635 3.30284 4
      vertex 83.2017 3.36841 4
    endloop
  endfacet
  facet normal -0.242954 -0.970038 -0
    outer loop
      vertex 83.4635 3.30284 4
      vertex 83.2017 3.36841 2
      vertex 83.4635 3.30284 2
    endloop
  endfacet
  facet normal -0.857637 -0.514256 0
    outer loop
      vertex 81.7135 4.47218 2
      vertex 81.5747 4.70366 4
      vertex 81.5747 4.70366 2
    endloop
  endfacet
  facet normal -0.857637 -0.514256 0
    outer loop
      vertex 81.5747 4.70366 4
      vertex 81.7135 4.47218 2
      vertex 81.7135 4.47218 4
    endloop
  endfacet
  facet normal 0.857637 0.514256 0
    outer loop
      vertex 86.4253 7.29634 4
      vertex 86.2865 7.52782 2
      vertex 86.2865 7.52782 4
    endloop
  endfacet
  facet normal 0.857637 0.514256 0
    outer loop
      vertex 86.2865 7.52782 2
      vertex 86.4253 7.29634 4
      vertex 86.4253 7.29634 2
    endloop
  endfacet
  facet normal -0.336895 0.941542 0
    outer loop
      vertex 83.2017 8.63159 2
      vertex 82.9476 8.54067 4
      vertex 83.2017 8.63159 4
    endloop
  endfacet
  facet normal -0.336895 0.941542 0
    outer loop
      vertex 82.9476 8.54067 4
      vertex 83.2017 8.63159 2
      vertex 82.9476 8.54067 2
    endloop
  endfacet
  facet normal -0.740828 -0.671695 0
    outer loop
      vertex 82.0555 4.05546 2
      vertex 81.8742 4.25542 4
      vertex 81.8742 4.25542 2
    endloop
  endfacet
  facet normal -0.740828 -0.671695 0
    outer loop
      vertex 81.8742 4.25542 4
      vertex 82.0555 4.05546 2
      vertex 82.0555 4.05546 4
    endloop
  endfacet
  facet normal -0.671683 0.740838 0
    outer loop
      vertex 82.2554 8.12578 2
      vertex 82.0555 7.94454 4
      vertex 82.2554 8.12578 4
    endloop
  endfacet
  facet normal -0.671683 0.740838 0
    outer loop
      vertex 82.0555 7.94454 4
      vertex 82.2554 8.12578 2
      vertex 82.0555 7.94454 2
    endloop
  endfacet
  facet normal -0.51406 -0.857754 0
    outer loop
      vertex 82.4722 3.71346 2
      vertex 82.7037 3.57472 4
      vertex 82.4722 3.71346 4
    endloop
  endfacet
  facet normal -0.51406 -0.857754 -0
    outer loop
      vertex 82.7037 3.57472 4
      vertex 82.4722 3.71346 2
      vertex 82.7037 3.57472 2
    endloop
  endfacet
  facet normal -0.970007 0.243076 0
    outer loop
      vertex 81.3028 6.5365 2
      vertex 81.3684 6.79828 4
      vertex 81.3684 6.79828 2
    endloop
  endfacet
  facet normal -0.970007 0.243076 0
    outer loop
      vertex 81.3684 6.79828 4
      vertex 81.3028 6.5365 2
      vertex 81.3028 6.5365 4
    endloop
  endfacet
  facet normal 0.336895 -0.941542 0
    outer loop
      vertex 84.7983 3.36841 2
      vertex 85.0524 3.45933 4
      vertex 84.7983 3.36841 4
    endloop
  endfacet
  facet normal 0.336895 -0.941542 0
    outer loop
      vertex 85.0524 3.45933 4
      vertex 84.7983 3.36841 2
      vertex 85.0524 3.45933 2
    endloop
  endfacet
  facet normal -0.803314 -0.595555 0
    outer loop
      vertex 81.8742 4.25542 2
      vertex 81.7135 4.47218 4
      vertex 81.7135 4.47218 2
    endloop
  endfacet
  facet normal -0.803314 -0.595555 0
    outer loop
      vertex 81.7135 4.47218 4
      vertex 81.8742 4.25542 2
      vertex 81.8742 4.25542 4
    endloop
  endfacet
  facet normal -0.989176 -0.146737 0
    outer loop
      vertex 81.3028 5.4635 2
      vertex 81.2632 5.73045 4
      vertex 81.2632 5.73045 2
    endloop
  endfacet
  facet normal -0.989176 -0.146737 0
    outer loop
      vertex 81.2632 5.73045 4
      vertex 81.3028 5.4635 2
      vertex 81.3028 5.4635 4
    endloop
  endfacet
  facet normal -0.671683 -0.740838 0
    outer loop
      vertex 82.0555 4.05546 2
      vertex 82.2554 3.87422 4
      vertex 82.0555 4.05546 4
    endloop
  endfacet
  facet normal -0.671683 -0.740838 -0
    outer loop
      vertex 82.2554 3.87422 4
      vertex 82.0555 4.05546 2
      vertex 82.2554 3.87422 2
    endloop
  endfacet
  facet normal -0.803314 0.595555 0
    outer loop
      vertex 81.7135 7.52782 2
      vertex 81.8742 7.74458 4
      vertex 81.8742 7.74458 2
    endloop
  endfacet
  facet normal -0.803314 0.595555 0
    outer loop
      vertex 81.8742 7.74458 4
      vertex 81.7135 7.52782 2
      vertex 81.7135 7.52782 4
    endloop
  endfacet
  facet normal -0.857637 0.514256 0
    outer loop
      vertex 81.5747 7.29634 2
      vertex 81.7135 7.52782 4
      vertex 81.7135 7.52782 2
    endloop
  endfacet
  facet normal -0.857637 0.514256 0
    outer loop
      vertex 81.7135 7.52782 4
      vertex 81.5747 7.29634 2
      vertex 81.5747 7.29634 4
    endloop
  endfacet
  facet normal 0 0 1
    outer loop
      vertex 85.6 6 4
      vertex 86.75 6 4
      vertex 86.7368 6.26955 4
    endloop
  endfacet
  facet normal 0 0 1
    outer loop
      vertex 85.5923 6.15683 4
      vertex 86.7368 6.26955 4
      vertex 86.6972 6.5365 4
    endloop
  endfacet
  facet normal 0 0 1
    outer loop
      vertex 86.75 6 4
      vertex 85.6 6 4
      vertex 86.7368 5.73045 4
    endloop
  endfacet
  facet normal 0 0 1
    outer loop
      vertex 85.5693 6.31214 4
      vertex 86.6972 6.5365 4
      vertex 86.6316 6.79828 4
    endloop
  endfacet
  facet normal -0 0 1
    outer loop
      vertex 85.5923 5.84317 4
      vertex 86.7368 5.73045 4
      vertex 85.6 6 4
    endloop
  endfacet
  facet normal 0 0 1
    outer loop
      vertex 85.5311 6.46445 4
      vertex 86.6316 6.79828 4
      vertex 86.5407 7.05238 4
    endloop
  endfacet
  facet normal 0 0 1
    outer loop
      vertex 86.7368 5.73045 4
      vertex 85.5923 5.84317 4
      vertex 86.6972 5.4635 4
    endloop
  endfacet
  facet normal 0 0 1
    outer loop
      vertex 85.4782 6.61229 4
      vertex 86.5407 7.05238 4
      vertex 86.4253 7.29634 4
    endloop
  endfacet
  facet normal -0 0 1
    outer loop
      vertex 85.5693 5.68786 4
      vertex 86.6972 5.4635 4
      vertex 85.5923 5.84317 4
    endloop
  endfacet
  facet normal 0 0 1
    outer loop
      vertex 85.4111 6.75423 4
      vertex 86.4253 7.29634 4
      vertex 86.2865 7.52782 4
    endloop
  endfacet
  facet normal 0 0 1
    outer loop
      vertex 86.6972 5.4635 4
      vertex 85.5693 5.68786 4
      vertex 86.6316 5.20172 4
    endloop
  endfacet
  facet normal 0 0 1
    outer loop
      vertex 85.3304 6.88891 4
      vertex 86.2865 7.52782 4
      vertex 86.1258 7.74458 4
    endloop
  endfacet
  facet normal -0 0 1
    outer loop
      vertex 85.5311 5.53555 4
      vertex 86.6316 5.20172 4
      vertex 85.5693 5.68786 4
    endloop
  endfacet
  facet normal 0 0 1
    outer loop
      vertex 85.2368 7.01503 4
      vertex 86.1258 7.74458 4
      vertex 85.9445 7.94454 4
    endloop
  endfacet
  facet normal 0 0 1
    outer loop
      vertex 86.6316 5.20172 4
      vertex 85.5311 5.53555 4
      vertex 86.5407 4.94762 4
    endloop
  endfacet
  facet normal 0 0 1
    outer loop
      vertex 85.1314 7.13137 4
      vertex 85.9445 7.94454 4
      vertex 85.7446 8.12578 4
    endloop
  endfacet
  facet normal -0 0 1
    outer loop
      vertex 85.4782 5.38771 4
      vertex 86.5407 4.94762 4
      vertex 85.5311 5.53555 4
    endloop
  endfacet
  facet normal 0 0 1
    outer loop
      vertex 86.5407 4.94762 4
      vertex 85.4782 5.38771 4
      vertex 86.4253 4.70366 4
    endloop
  endfacet
  facet normal 0 0 1
    outer loop
      vertex 86.7368 6.26955 4
      vertex 85.5923 6.15683 4
      vertex 85.6 6 4
    endloop
  endfacet
  facet normal 0 0 1
    outer loop
      vertex 86.6972 6.5365 4
      vertex 85.5693 6.31214 4
      vertex 85.5923 6.15683 4
    endloop
  endfacet
  facet normal 0 0 1
    outer loop
      vertex 86.6316 6.79828 4
      vertex 85.5311 6.46445 4
      vertex 85.5693 6.31214 4
    endloop
  endfacet
  facet normal 0 0 1
    outer loop
      vertex 85.015 7.23682 4
      vertex 85.7446 8.12578 4
      vertex 85.5278 8.28654 4
    endloop
  endfacet
  facet normal 0 0 1
    outer loop
      vertex 86.5407 7.05238 4
      vertex 85.4782 6.61229 4
      vertex 85.5311 6.46445 4
    endloop
  endfacet
  facet normal 0 0 1
    outer loop
      vertex 86.4253 7.29634 4
      vertex 85.4111 6.75423 4
      vertex 85.4782 6.61229 4
    endloop
  endfacet
  facet normal 0 0 1
    outer loop
      vertex 86.2865 7.52782 4
      vertex 85.3304 6.88891 4
      vertex 85.4111 6.75423 4
    endloop
  endfacet
  facet normal 0 0 1
    outer loop
      vertex 84.8889 7.33035 4
      vertex 85.5278 8.28654 4
      vertex 85.2963 8.42528 4
    endloop
  endfacet
  facet normal 0 0 1
    outer loop
      vertex 86.1258 7.74458 4
      vertex 85.2368 7.01503 4
      vertex 85.3304 6.88891 4
    endloop
  endfacet
  facet normal 0 0 1
    outer loop
      vertex 85.9445 7.94454 4
      vertex 85.1314 7.13137 4
      vertex 85.2368 7.01503 4
    endloop
  endfacet
  facet normal 0 0 1
    outer loop
      vertex 84.7542 7.41107 4
      vertex 85.2963 8.42528 4
      vertex 85.0524 8.54067 4
    endloop
  endfacet
  facet normal 0 0 1
    outer loop
      vertex 85.7446 8.12578 4
      vertex 85.015 7.23682 4
      vertex 85.1314 7.13137 4
    endloop
  endfacet
  facet normal 0 0 1
    outer loop
      vertex 85.5278 8.28654 4
      vertex 84.8889 7.33035 4
      vertex 85.015 7.23682 4
    endloop
  endfacet
  facet normal 0 0 1
    outer loop
      vertex 84.6123 7.47821 4
      vertex 85.0524 8.54067 4
      vertex 84.7983 8.63159 4
    endloop
  endfacet
  facet normal 0 0 1
    outer loop
      vertex 85.2963 8.42528 4
      vertex 84.7542 7.41107 4
      vertex 84.8889 7.33035 4
    endloop
  endfacet
  facet normal 0 0 1
    outer loop
      vertex 85.0524 8.54067 4
      vertex 84.6123 7.47821 4
      vertex 84.7542 7.41107 4
    endloop
  endfacet
  facet normal 0 0 1
    outer loop
      vertex 84.4645 7.5311 4
      vertex 84.7983 8.63159 4
      vertex 84.5365 8.69716 4
    endloop
  endfacet
  facet normal 0 0 1
    outer loop
      vertex 84.7983 8.63159 4
      vertex 84.4645 7.5311 4
      vertex 84.6123 7.47821 4
    endloop
  endfacet
  facet normal 0 0 1
    outer loop
      vertex 84.5365 8.69716 4
      vertex 84.3121 7.56926 4
      vertex 84.4645 7.5311 4
    endloop
  endfacet
  facet normal 0 0 1
    outer loop
      vertex 84.2695 8.73676 4
      vertex 84.3121 7.56926 4
      vertex 84.5365 8.69716 4
    endloop
  endfacet
  facet normal 0 0 1
    outer loop
      vertex 84.2695 8.73676 4
      vertex 84.1568 7.59229 4
      vertex 84.3121 7.56926 4
    endloop
  endfacet
  facet normal 0 0 1
    outer loop
      vertex 84 8.75 4
      vertex 84.1568 7.59229 4
      vertex 84.2695 8.73676 4
    endloop
  endfacet
  facet normal 0 0 1
    outer loop
      vertex 84 8.75 4
      vertex 84 7.6 4
      vertex 84.1568 7.59229 4
    endloop
  endfacet
  facet normal 0 0 1
    outer loop
      vertex 84 8.75 4
      vertex 83.8432 7.59229 4
      vertex 84 7.6 4
    endloop
  endfacet
  facet normal -0 0 1
    outer loop
      vertex 83.7305 8.73676 4
      vertex 83.8432 7.59229 4
      vertex 84 8.75 4
    endloop
  endfacet
  facet normal 0 0 1
    outer loop
      vertex 83.7305 8.73676 4
      vertex 83.6879 7.56926 4
      vertex 83.8432 7.59229 4
    endloop
  endfacet
  facet normal -0 0 1
    outer loop
      vertex 83.4635 8.69716 4
      vertex 83.6879 7.56926 4
      vertex 83.7305 8.73676 4
    endloop
  endfacet
  facet normal 0 0 1
    outer loop
      vertex 83.6879 7.56926 4
      vertex 83.4635 8.69716 4
      vertex 83.5355 7.5311 4
    endloop
  endfacet
  facet normal -0 0 1
    outer loop
      vertex 83.2017 8.63159 4
      vertex 83.5355 7.5311 4
      vertex 83.4635 8.69716 4
    endloop
  endfacet
  facet normal 0 0 1
    outer loop
      vertex 83.5355 7.5311 4
      vertex 83.2017 8.63159 4
      vertex 83.3877 7.47821 4
    endloop
  endfacet
  facet normal -0 0 1
    outer loop
      vertex 82.9476 8.54067 4
      vertex 83.3877 7.47821 4
      vertex 83.2017 8.63159 4
    endloop
  endfacet
  facet normal 0 0 1
    outer loop
      vertex 83.3877 7.47821 4
      vertex 82.9476 8.54067 4
      vertex 83.2458 7.41107 4
    endloop
  endfacet
  facet normal -0 0 1
    outer loop
      vertex 82.7037 8.42528 4
      vertex 83.2458 7.41107 4
      vertex 82.9476 8.54067 4
    endloop
  endfacet
  facet normal 0 0 1
    outer loop
      vertex 83.2458 7.41107 4
      vertex 82.7037 8.42528 4
      vertex 83.1111 7.33035 4
    endloop
  endfacet
  facet normal -0 0 1
    outer loop
      vertex 82.4722 8.28654 4
      vertex 83.1111 7.33035 4
      vertex 82.7037 8.42528 4
    endloop
  endfacet
  facet normal 0 0 1
    outer loop
      vertex 83.1111 7.33035 4
      vertex 82.4722 8.28654 4
      vertex 82.985 7.23682 4
    endloop
  endfacet
  facet normal -0 0 1
    outer loop
      vertex 82.2554 8.12578 4
      vertex 82.985 7.23682 4
      vertex 82.4722 8.28654 4
    endloop
  endfacet
  facet normal 0 0 1
    outer loop
      vertex 82.985 7.23682 4
      vertex 82.2554 8.12578 4
      vertex 82.8686 7.13137 4
    endloop
  endfacet
  facet normal -0 0 1
    outer loop
      vertex 82.0555 7.94454 4
      vertex 82.8686 7.13137 4
      vertex 82.2554 8.12578 4
    endloop
  endfacet
  facet normal 0 0 1
    outer loop
      vertex 82.8686 7.13137 4
      vertex 82.0555 7.94454 4
      vertex 82.7632 7.01503 4
    endloop
  endfacet
  facet normal -0 0 1
    outer loop
      vertex 81.8742 7.74458 4
      vertex 82.7632 7.01503 4
      vertex 82.0555 7.94454 4
    endloop
  endfacet
  facet normal 0 0 1
    outer loop
      vertex 82.7632 7.01503 4
      vertex 81.8742 7.74458 4
      vertex 82.6696 6.88891 4
    endloop
  endfacet
  facet normal -0 0 1
    outer loop
      vertex 81.7135 7.52782 4
      vertex 82.6696 6.88891 4
      vertex 81.8742 7.74458 4
    endloop
  endfacet
  facet normal 0 0 1
    outer loop
      vertex 82.6696 6.88891 4
      vertex 81.7135 7.52782 4
      vertex 82.5889 6.75423 4
    endloop
  endfacet
  facet normal -0 0 1
    outer loop
      vertex 81.5747 7.29634 4
      vertex 82.5889 6.75423 4
      vertex 81.7135 7.52782 4
    endloop
  endfacet
  facet normal 0 0 1
    outer loop
      vertex 82.5889 6.75423 4
      vertex 81.5747 7.29634 4
      vertex 82.5218 6.61229 4
    endloop
  endfacet
  facet normal -0 0 1
    outer loop
      vertex 85.4111 5.24577 4
      vertex 86.4253 4.70366 4
      vertex 85.4782 5.38771 4
    endloop
  endfacet
  facet normal 0 0 1
    outer loop
      vertex 86.4253 4.70366 4
      vertex 85.4111 5.24577 4
      vertex 86.2865 4.47218 4
    endloop
  endfacet
  facet normal -0 0 1
    outer loop
      vertex 85.3304 5.11109 4
      vertex 86.2865 4.47218 4
      vertex 85.4111 5.24577 4
    endloop
  endfacet
  facet normal 0 0 1
    outer loop
      vertex 86.2865 4.47218 4
      vertex 85.3304 5.11109 4
      vertex 86.1258 4.25542 4
    endloop
  endfacet
  facet normal -0 0 1
    outer loop
      vertex 85.2368 4.98497 4
      vertex 86.1258 4.25542 4
      vertex 85.3304 5.11109 4
    endloop
  endfacet
  facet normal 0 0 1
    outer loop
      vertex 86.1258 4.25542 4
      vertex 85.2368 4.98497 4
      vertex 85.9445 4.05546 4
    endloop
  endfacet
  facet normal -0 0 1
    outer loop
      vertex 85.1314 4.86863 4
      vertex 85.9445 4.05546 4
      vertex 85.2368 4.98497 4
    endloop
  endfacet
  facet normal 0 0 1
    outer loop
      vertex 85.9445 4.05546 4
      vertex 85.1314 4.86863 4
      vertex 85.7446 3.87422 4
    endloop
  endfacet
  facet normal -0 0 1
    outer loop
      vertex 85.015 4.76318 4
      vertex 85.7446 3.87422 4
      vertex 85.1314 4.86863 4
    endloop
  endfacet
  facet normal 0 0 1
    outer loop
      vertex 85.7446 3.87422 4
      vertex 85.015 4.76318 4
      vertex 85.5278 3.71346 4
    endloop
  endfacet
  facet normal -0 0 1
    outer loop
      vertex 84.8889 4.66965 4
      vertex 85.5278 3.71346 4
      vertex 85.015 4.76318 4
    endloop
  endfacet
  facet normal 0 0 1
    outer loop
      vertex 85.5278 3.71346 4
      vertex 84.8889 4.66965 4
      vertex 85.2963 3.57472 4
    endloop
  endfacet
  facet normal -0 0 1
    outer loop
      vertex 84.7542 4.58893 4
      vertex 85.2963 3.57472 4
      vertex 84.8889 4.66965 4
    endloop
  endfacet
  facet normal 0 0 1
    outer loop
      vertex 85.2963 3.57472 4
      vertex 84.7542 4.58893 4
      vertex 85.0524 3.45933 4
    endloop
  endfacet
  facet normal -0 0 1
    outer loop
      vertex 84.6123 4.52179 4
      vertex 85.0524 3.45933 4
      vertex 84.7542 4.58893 4
    endloop
  endfacet
  facet normal 0 0 1
    outer loop
      vertex 85.0524 3.45933 4
      vertex 84.6123 4.52179 4
      vertex 84.7983 3.36841 4
    endloop
  endfacet
  facet normal -0 0 1
    outer loop
      vertex 84.4645 4.4689 4
      vertex 84.7983 3.36841 4
      vertex 84.6123 4.52179 4
    endloop
  endfacet
  facet normal 0 0 1
    outer loop
      vertex 84.7983 3.36841 4
      vertex 84.4645 4.4689 4
      vertex 84.5365 3.30284 4
    endloop
  endfacet
  facet normal -0 0 1
    outer loop
      vertex 84.3121 4.43074 4
      vertex 84.5365 3.30284 4
      vertex 84.4645 4.4689 4
    endloop
  endfacet
  facet normal 0 0 1
    outer loop
      vertex 84.3121 4.43074 4
      vertex 84.2695 3.26324 4
      vertex 84.5365 3.30284 4
    endloop
  endfacet
  facet normal -0 0 1
    outer loop
      vertex 84.1568 4.40771 4
      vertex 84.2695 3.26324 4
      vertex 84.3121 4.43074 4
    endloop
  endfacet
  facet normal -0 0 1
    outer loop
      vertex 84 4.4 4
      vertex 84.2695 3.26324 4
      vertex 84.1568 4.40771 4
    endloop
  endfacet
  facet normal 0 0 1
    outer loop
      vertex 84 4.4 4
      vertex 84 3.25 4
      vertex 84.2695 3.26324 4
    endloop
  endfacet
  facet normal 0 0 1
    outer loop
      vertex 83.8432 4.40771 4
      vertex 84 3.25 4
      vertex 84 4.4 4
    endloop
  endfacet
  facet normal 0 0 1
    outer loop
      vertex 83.8432 4.40771 4
      vertex 83.7305 3.26324 4
      vertex 84 3.25 4
    endloop
  endfacet
  facet normal 0 0 1
    outer loop
      vertex 83.6879 4.43074 4
      vertex 83.7305 3.26324 4
      vertex 83.8432 4.40771 4
    endloop
  endfacet
  facet normal 0 0 1
    outer loop
      vertex 83.4635 3.30284 4
      vertex 83.6879 4.43074 4
      vertex 83.5355 4.4689 4
    endloop
  endfacet
  facet normal 0 0 1
    outer loop
      vertex 83.6879 4.43074 4
      vertex 83.4635 3.30284 4
      vertex 83.7305 3.26324 4
    endloop
  endfacet
  facet normal 0 0 1
    outer loop
      vertex 83.2017 3.36841 4
      vertex 83.5355 4.4689 4
      vertex 83.3877 4.52179 4
    endloop
  endfacet
  facet normal 0 0 1
    outer loop
      vertex 82.9476 3.45933 4
      vertex 83.3877 4.52179 4
      vertex 83.2458 4.58893 4
    endloop
  endfacet
  facet normal 0 0 1
    outer loop
      vertex 83.5355 4.4689 4
      vertex 83.2017 3.36841 4
      vertex 83.4635 3.30284 4
    endloop
  endfacet
  facet normal 0 0 1
    outer loop
      vertex 82.7037 3.57472 4
      vertex 83.2458 4.58893 4
      vertex 83.1111 4.66965 4
    endloop
  endfacet
  facet normal 0 0 1
    outer loop
      vertex 82.4722 3.71346 4
      vertex 83.1111 4.66965 4
      vertex 82.985 4.76318 4
    endloop
  endfacet
  facet normal 0 0 1
    outer loop
      vertex 83.3877 4.52179 4
      vertex 82.9476 3.45933 4
      vertex 83.2017 3.36841 4
    endloop
  endfacet
  facet normal 0 0 1
    outer loop
      vertex 82.2554 3.87422 4
      vertex 82.985 4.76318 4
      vertex 82.8686 4.86863 4
    endloop
  endfacet
  facet normal 0 0 1
    outer loop
      vertex 82.0555 4.05546 4
      vertex 82.8686 4.86863 4
      vertex 82.7632 4.98497 4
    endloop
  endfacet
  facet normal 0 0 1
    outer loop
      vertex 83.2458 4.58893 4
      vertex 82.7037 3.57472 4
      vertex 82.9476 3.45933 4
    endloop
  endfacet
  facet normal 0 0 1
    outer loop
      vertex 81.8742 4.25542 4
      vertex 82.7632 4.98497 4
      vertex 82.6696 5.11109 4
    endloop
  endfacet
  facet normal 0 0 1
    outer loop
      vertex 81.7135 4.47218 4
      vertex 82.6696 5.11109 4
      vertex 82.5889 5.24577 4
    endloop
  endfacet
  facet normal 0 0 1
    outer loop
      vertex 81.5747 4.70366 4
      vertex 82.5889 5.24577 4
      vertex 82.5218 5.38771 4
    endloop
  endfacet
  facet normal 0 0 1
    outer loop
      vertex 83.1111 4.66965 4
      vertex 82.4722 3.71346 4
      vertex 82.7037 3.57472 4
    endloop
  endfacet
  facet normal 0 0 1
    outer loop
      vertex 81.4593 4.94762 4
      vertex 82.5218 5.38771 4
      vertex 82.4689 5.53555 4
    endloop
  endfacet
  facet normal 0 0 1
    outer loop
      vertex 81.3684 5.20172 4
      vertex 82.4689 5.53555 4
      vertex 82.4307 5.68786 4
    endloop
  endfacet
  facet normal 0 0 1
    outer loop
      vertex 81.3028 5.4635 4
      vertex 82.4307 5.68786 4
      vertex 82.4077 5.84317 4
    endloop
  endfacet
  facet normal 0 0 1
    outer loop
      vertex 81.2632 5.73045 4
      vertex 82.4077 5.84317 4
      vertex 82.4 6 4
    endloop
  endfacet
  facet normal -0 0 1
    outer loop
      vertex 81.4593 7.05238 4
      vertex 82.5218 6.61229 4
      vertex 81.5747 7.29634 4
    endloop
  endfacet
  facet normal 0 0 1
    outer loop
      vertex 82.985 4.76318 4
      vertex 82.2554 3.87422 4
      vertex 82.4722 3.71346 4
    endloop
  endfacet
  facet normal 0 0 1
    outer loop
      vertex 82.5218 6.61229 4
      vertex 81.4593 7.05238 4
      vertex 82.4689 6.46445 4
    endloop
  endfacet
  facet normal 0 0 1
    outer loop
      vertex 82.8686 4.86863 4
      vertex 82.0555 4.05546 4
      vertex 82.2554 3.87422 4
    endloop
  endfacet
  facet normal -0 0 1
    outer loop
      vertex 81.3684 6.79828 4
      vertex 82.4689 6.46445 4
      vertex 81.4593 7.05238 4
    endloop
  endfacet
  facet normal 0 0 1
    outer loop
      vertex 82.7632 4.98497 4
      vertex 81.8742 4.25542 4
      vertex 82.0555 4.05546 4
    endloop
  endfacet
  facet normal 0 0 1
    outer loop
      vertex 82.4689 6.46445 4
      vertex 81.3684 6.79828 4
      vertex 82.4307 6.31214 4
    endloop
  endfacet
  facet normal 0 0 1
    outer loop
      vertex 82.6696 5.11109 4
      vertex 81.7135 4.47218 4
      vertex 81.8742 4.25542 4
    endloop
  endfacet
  facet normal -0 0 1
    outer loop
      vertex 81.3028 6.5365 4
      vertex 82.4307 6.31214 4
      vertex 81.3684 6.79828 4
    endloop
  endfacet
  facet normal 0 0 1
    outer loop
      vertex 82.5889 5.24577 4
      vertex 81.5747 4.70366 4
      vertex 81.7135 4.47218 4
    endloop
  endfacet
  facet normal 0 0 1
    outer loop
      vertex 82.4307 6.31214 4
      vertex 81.3028 6.5365 4
      vertex 82.4077 6.15683 4
    endloop
  endfacet
  facet normal 0 0 1
    outer loop
      vertex 82.5218 5.38771 4
      vertex 81.4593 4.94762 4
      vertex 81.5747 4.70366 4
    endloop
  endfacet
  facet normal -0 0 1
    outer loop
      vertex 81.2632 6.26955 4
      vertex 82.4077 6.15683 4
      vertex 81.3028 6.5365 4
    endloop
  endfacet
  facet normal 0 0 1
    outer loop
      vertex 82.4689 5.53555 4
      vertex 81.3684 5.20172 4
      vertex 81.4593 4.94762 4
    endloop
  endfacet
  facet normal 0 0 1
    outer loop
      vertex 82.4077 6.15683 4
      vertex 81.2632 6.26955 4
      vertex 82.4 6 4
    endloop
  endfacet
  facet normal 0 0 1
    outer loop
      vertex 82.4307 5.68786 4
      vertex 81.3028 5.4635 4
      vertex 81.3684 5.20172 4
    endloop
  endfacet
  facet normal 0 0 1
    outer loop
      vertex 81.25 6 4
      vertex 82.4 6 4
      vertex 81.2632 6.26955 4
    endloop
  endfacet
  facet normal 0 0 1
    outer loop
      vertex 82.4077 5.84317 4
      vertex 81.2632 5.73045 4
      vertex 81.3028 5.4635 4
    endloop
  endfacet
  facet normal 0 0 1
    outer loop
      vertex 82.4 6 4
      vertex 81.25 6 4
      vertex 81.2632 5.73045 4
    endloop
  endfacet
  facet normal -0.0490688 -0.998795 0
    outer loop
      vertex 83.7305 3.26324 2
      vertex 84 3.25 4
      vertex 83.7305 3.26324 4
    endloop
  endfacet
  facet normal -0.0490688 -0.998795 -0
    outer loop
      vertex 84 3.25 4
      vertex 83.7305 3.26324 2
      vertex 84 3.25 2
    endloop
  endfacet
  facet normal -0.998803 0.0489119 0
    outer loop
      vertex 81.25 6 2
      vertex 81.2632 6.26955 4
      vertex 81.2632 6.26955 2
    endloop
  endfacet
  facet normal -0.998803 0.0489119 0
    outer loop
      vertex 81.2632 6.26955 4
      vertex 81.25 6 2
      vertex 81.25 6 4
    endloop
  endfacet
  facet normal 0.740828 -0.671695 0
    outer loop
      vertex 85.9445 4.05546 4
      vertex 86.1258 4.25542 2
      vertex 86.1258 4.25542 4
    endloop
  endfacet
  facet normal 0.740828 -0.671695 0
    outer loop
      vertex 86.1258 4.25542 2
      vertex 85.9445 4.05546 4
      vertex 85.9445 4.05546 2
    endloop
  endfacet
  facet normal 0.242895 0.970053 -0
    outer loop
      vertex 83.6879 4.43074 2
      vertex 83.5355 4.4689 4
      vertex 83.6879 4.43074 4
    endloop
  endfacet
  facet normal 0.242895 0.970053 0
    outer loop
      vertex 83.5355 4.4689 4
      vertex 83.6879 4.43074 2
      vertex 83.5355 4.4689 2
    endloop
  endfacet
  facet normal 0.857796 0.51399 0
    outer loop
      vertex 82.6696 5.11109 4
      vertex 82.5889 5.24577 2
      vertex 82.5889 5.24577 4
    endloop
  endfacet
  facet normal 0.857796 0.51399 0
    outer loop
      vertex 82.5889 5.24577 2
      vertex 82.6696 5.11109 4
      vertex 82.6696 5.11109 2
    endloop
  endfacet
  facet normal -0.146689 0.989183 0
    outer loop
      vertex 84.3121 4.43074 2
      vertex 84.1568 4.40771 4
      vertex 84.3121 4.43074 4
    endloop
  endfacet
  facet normal -0.146689 0.989183 0
    outer loop
      vertex 84.1568 4.40771 4
      vertex 84.3121 4.43074 2
      vertex 84.1568 4.40771 2
    endloop
  endfacet
  facet normal 0.514027 -0.857774 0
    outer loop
      vertex 83.1111 7.33035 2
      vertex 83.2458 7.41107 4
      vertex 83.1111 7.33035 4
    endloop
  endfacet
  facet normal 0.514027 -0.857774 0
    outer loop
      vertex 83.2458 7.41107 4
      vertex 83.1111 7.33035 2
      vertex 83.2458 7.41107 2
    endloop
  endfacet
  facet normal -0.741092 0.671404 0
    outer loop
      vertex 85.1314 4.86863 2
      vertex 85.2368 4.98497 4
      vertex 85.2368 4.98497 2
    endloop
  endfacet
  facet normal -0.741092 0.671404 0
    outer loop
      vertex 85.2368 4.98497 4
      vertex 85.1314 4.86863 2
      vertex 85.1314 4.86863 4
    endloop
  endfacet
  facet normal -0.514027 0.857774 0
    outer loop
      vertex 84.8889 4.66965 2
      vertex 84.7542 4.58893 4
      vertex 84.8889 4.66965 4
    endloop
  endfacet
  facet normal -0.514027 0.857774 0
    outer loop
      vertex 84.7542 4.58893 4
      vertex 84.8889 4.66965 2
      vertex 84.7542 4.58893 2
    endloop
  endfacet
  facet normal 0.989212 -0.146493 0
    outer loop
      vertex 82.4077 6.15683 4
      vertex 82.4307 6.31214 2
      vertex 82.4307 6.31214 4
    endloop
  endfacet
  facet normal 0.989212 -0.146493 0
    outer loop
      vertex 82.4307 6.31214 2
      vertex 82.4077 6.15683 4
      vertex 82.4077 6.15683 2
    endloop
  endfacet
  facet normal -0.969959 0.24327 0
    outer loop
      vertex 85.5311 5.53555 2
      vertex 85.5693 5.68786 4
      vertex 85.5693 5.68786 2
    endloop
  endfacet
  facet normal -0.969959 0.24327 0
    outer loop
      vertex 85.5693 5.68786 4
      vertex 85.5311 5.53555 2
      vertex 85.5311 5.53555 4
    endloop
  endfacet
  facet normal 0.146689 0.989183 -0
    outer loop
      vertex 83.8432 4.40771 2
      vertex 83.6879 4.43074 4
      vertex 83.8432 4.40771 4
    endloop
  endfacet
  facet normal 0.146689 0.989183 0
    outer loop
      vertex 83.6879 4.43074 4
      vertex 83.8432 4.40771 2
      vertex 83.6879 4.43074 2
    endloop
  endfacet
  facet normal 0.998797 0.0490387 0
    outer loop
      vertex 82.4077 5.84317 4
      vertex 82.4 6 2
      vertex 82.4 6 4
    endloop
  endfacet
  facet normal 0.998797 0.0490387 0
    outer loop
      vertex 82.4 6 2
      vertex 82.4077 5.84317 4
      vertex 82.4077 5.84317 2
    endloop
  endfacet
  facet normal 0.741092 -0.671404 0
    outer loop
      vertex 82.7632 7.01503 4
      vertex 82.8686 7.13137 2
      vertex 82.8686 7.13137 4
    endloop
  endfacet
  facet normal 0.741092 -0.671404 0
    outer loop
      vertex 82.8686 7.13137 2
      vertex 82.7632 7.01503 4
      vertex 82.7632 7.01503 2
    endloop
  endfacet
  facet normal 0.969959 0.24327 0
    outer loop
      vertex 82.4689 5.53555 4
      vertex 82.4307 5.68786 2
      vertex 82.4307 5.68786 4
    endloop
  endfacet
  facet normal 0.969959 0.24327 0
    outer loop
      vertex 82.4307 5.68786 2
      vertex 82.4689 5.53555 4
      vertex 82.4689 5.53555 2
    endloop
  endfacet
  facet normal 0.336926 -0.941531 0
    outer loop
      vertex 83.3877 7.47821 2
      vertex 83.5355 7.5311 4
      vertex 83.3877 7.47821 4
    endloop
  endfacet
  facet normal 0.336926 -0.941531 0
    outer loop
      vertex 83.5355 7.5311 4
      vertex 83.3877 7.47821 2
      vertex 83.5355 7.5311 2
    endloop
  endfacet
  facet normal 0.94154 0.336901 0
    outer loop
      vertex 82.5218 5.38771 4
      vertex 82.4689 5.53555 2
      vertex 82.4689 5.53555 4
    endloop
  endfacet
  facet normal 0.94154 0.336901 0
    outer loop
      vertex 82.4689 5.53555 2
      vertex 82.5218 5.38771 4
      vertex 82.5218 5.38771 2
    endloop
  endfacet
  facet normal 0.803015 -0.595958 0
    outer loop
      vertex 82.6696 6.88891 4
      vertex 82.7632 7.01503 2
      vertex 82.7632 7.01503 4
    endloop
  endfacet
  facet normal 0.803015 -0.595958 0
    outer loop
      vertex 82.7632 7.01503 2
      vertex 82.6696 6.88891 4
      vertex 82.6696 6.88891 2
    endloop
  endfacet
  facet normal 0.969959 -0.24327 0
    outer loop
      vertex 82.4307 6.31214 4
      vertex 82.4689 6.46445 2
      vertex 82.4689 6.46445 4
    endloop
  endfacet
  facet normal 0.969959 -0.24327 0
    outer loop
      vertex 82.4689 6.46445 2
      vertex 82.4307 6.31214 4
      vertex 82.4307 6.31214 2
    endloop
  endfacet
  facet normal 0.671388 -0.741106 0
    outer loop
      vertex 82.8686 7.13137 2
      vertex 82.985 7.23682 4
      vertex 82.8686 7.13137 4
    endloop
  endfacet
  facet normal 0.671388 -0.741106 0
    outer loop
      vertex 82.985 7.23682 4
      vertex 82.8686 7.13137 2
      vertex 82.985 7.23682 2
    endloop
  endfacet
  facet normal -0.427692 0.903925 0
    outer loop
      vertex 84.7542 4.58893 2
      vertex 84.6123 4.52179 4
      vertex 84.7542 4.58893 4
    endloop
  endfacet
  facet normal -0.427692 0.903925 0
    outer loop
      vertex 84.6123 4.52179 4
      vertex 84.7542 4.58893 2
      vertex 84.6123 4.52179 2
    endloop
  endfacet
  facet normal 0.242895 -0.970053 0
    outer loop
      vertex 83.5355 7.5311 2
      vertex 83.6879 7.56926 4
      vertex 83.5355 7.5311 4
    endloop
  endfacet
  facet normal 0.242895 -0.970053 0
    outer loop
      vertex 83.6879 7.56926 4
      vertex 83.5355 7.5311 2
      vertex 83.6879 7.56926 2
    endloop
  endfacet
  facet normal 0.94154 -0.336901 0
    outer loop
      vertex 82.4689 6.46445 4
      vertex 82.5218 6.61229 2
      vertex 82.5218 6.61229 4
    endloop
  endfacet
  facet normal 0.94154 -0.336901 0
    outer loop
      vertex 82.5218 6.61229 2
      vertex 82.4689 6.46445 4
      vertex 82.4689 6.46445 2
    endloop
  endfacet
  facet normal 0.514027 0.857774 -0
    outer loop
      vertex 83.2458 4.58893 2
      vertex 83.1111 4.66965 4
      vertex 83.2458 4.58893 4
    endloop
  endfacet
  facet normal 0.514027 0.857774 0
    outer loop
      vertex 83.1111 4.66965 4
      vertex 83.2458 4.58893 2
      vertex 83.1111 4.66965 2
    endloop
  endfacet
  facet normal 0.595732 -0.803184 0
    outer loop
      vertex 82.985 7.23682 2
      vertex 83.1111 7.33035 4
      vertex 82.985 7.23682 4
    endloop
  endfacet
  facet normal 0.595732 -0.803184 0
    outer loop
      vertex 83.1111 7.33035 4
      vertex 82.985 7.23682 2
      vertex 83.1111 7.33035 2
    endloop
  endfacet
  facet normal 0.0491116 -0.998793 0
    outer loop
      vertex 83.8432 7.59229 2
      vertex 84 7.6 4
      vertex 83.8432 7.59229 4
    endloop
  endfacet
  facet normal 0.0491116 -0.998793 0
    outer loop
      vertex 84 7.6 4
      vertex 83.8432 7.59229 2
      vertex 84 7.6 2
    endloop
  endfacet
  facet normal -0.0491116 0.998793 0
    outer loop
      vertex 84.1568 4.40771 2
      vertex 84 4.4 4
      vertex 84.1568 4.40771 4
    endloop
  endfacet
  facet normal -0.0491116 0.998793 0
    outer loop
      vertex 84 4.4 4
      vertex 84.1568 4.40771 2
      vertex 84 4.4 2
    endloop
  endfacet
  facet normal -0.94154 0.336901 0
    outer loop
      vertex 85.4782 5.38771 2
      vertex 85.5311 5.53555 4
      vertex 85.5311 5.53555 2
    endloop
  endfacet
  facet normal -0.94154 0.336901 0
    outer loop
      vertex 85.5311 5.53555 4
      vertex 85.4782 5.38771 2
      vertex 85.4782 5.38771 4
    endloop
  endfacet
  facet normal -0.803015 0.595958 0
    outer loop
      vertex 85.2368 4.98497 2
      vertex 85.3304 5.11109 4
      vertex 85.3304 5.11109 2
    endloop
  endfacet
  facet normal -0.803015 0.595958 0
    outer loop
      vertex 85.3304 5.11109 4
      vertex 85.2368 4.98497 2
      vertex 85.2368 4.98497 4
    endloop
  endfacet
  facet normal -0.989212 0.146493 0
    outer loop
      vertex 85.5693 5.68786 2
      vertex 85.5923 5.84317 4
      vertex 85.5923 5.84317 2
    endloop
  endfacet
  facet normal -0.989212 0.146493 0
    outer loop
      vertex 85.5923 5.84317 4
      vertex 85.5693 5.68786 2
      vertex 85.5693 5.68786 4
    endloop
  endfacet
  facet normal 0.857796 -0.51399 0
    outer loop
      vertex 82.5889 6.75423 4
      vertex 82.6696 6.88891 2
      vertex 82.6696 6.88891 4
    endloop
  endfacet
  facet normal 0.857796 -0.51399 0
    outer loop
      vertex 82.6696 6.88891 2
      vertex 82.5889 6.75423 4
      vertex 82.5889 6.75423 2
    endloop
  endfacet
  facet normal 0.336926 0.941531 -0
    outer loop
      vertex 83.5355 4.4689 2
      vertex 83.3877 4.52179 4
      vertex 83.5355 4.4689 4
    endloop
  endfacet
  facet normal 0.336926 0.941531 0
    outer loop
      vertex 83.3877 4.52179 4
      vertex 83.5355 4.4689 2
      vertex 83.3877 4.52179 2
    endloop
  endfacet
  facet normal 0.427692 -0.903925 0
    outer loop
      vertex 83.2458 7.41107 2
      vertex 83.3877 7.47821 4
      vertex 83.2458 7.41107 4
    endloop
  endfacet
  facet normal 0.427692 -0.903925 0
    outer loop
      vertex 83.3877 7.47821 4
      vertex 83.2458 7.41107 2
      vertex 83.3877 7.47821 2
    endloop
  endfacet
  facet normal -0.595732 0.803184 0
    outer loop
      vertex 85.015 4.76318 2
      vertex 84.8889 4.66965 4
      vertex 85.015 4.76318 4
    endloop
  endfacet
  facet normal -0.595732 0.803184 0
    outer loop
      vertex 84.8889 4.66965 4
      vertex 85.015 4.76318 2
      vertex 84.8889 4.66965 2
    endloop
  endfacet
  facet normal 0.671388 0.741106 -0
    outer loop
      vertex 82.985 4.76318 2
      vertex 82.8686 4.86863 4
      vertex 82.985 4.76318 4
    endloop
  endfacet
  facet normal 0.671388 0.741106 0
    outer loop
      vertex 82.8686 4.86863 4
      vertex 82.985 4.76318 2
      vertex 82.8686 4.86863 2
    endloop
  endfacet
  facet normal -0.998797 0.0490387 0
    outer loop
      vertex 85.5923 5.84317 2
      vertex 85.6 6 4
      vertex 85.6 6 2
    endloop
  endfacet
  facet normal -0.998797 0.0490387 0
    outer loop
      vertex 85.6 6 4
      vertex 85.5923 5.84317 2
      vertex 85.5923 5.84317 4
    endloop
  endfacet
  facet normal 0.803015 0.595958 0
    outer loop
      vertex 82.7632 4.98497 4
      vertex 82.6696 5.11109 2
      vertex 82.6696 5.11109 4
    endloop
  endfacet
  facet normal 0.803015 0.595958 0
    outer loop
      vertex 82.6696 5.11109 2
      vertex 82.7632 4.98497 4
      vertex 82.7632 4.98497 2
    endloop
  endfacet
  facet normal 0.90407 0.427385 0
    outer loop
      vertex 82.5889 5.24577 4
      vertex 82.5218 5.38771 2
      vertex 82.5218 5.38771 4
    endloop
  endfacet
  facet normal 0.90407 0.427385 0
    outer loop
      vertex 82.5218 5.38771 2
      vertex 82.5889 5.24577 4
      vertex 82.5889 5.24577 2
    endloop
  endfacet
  facet normal 0.427692 0.903925 -0
    outer loop
      vertex 83.3877 4.52179 2
      vertex 83.2458 4.58893 4
      vertex 83.3877 4.52179 4
    endloop
  endfacet
  facet normal 0.427692 0.903925 0
    outer loop
      vertex 83.2458 4.58893 4
      vertex 83.3877 4.52179 2
      vertex 83.2458 4.58893 2
    endloop
  endfacet
  facet normal 0.146689 -0.989183 0
    outer loop
      vertex 83.6879 7.56926 2
      vertex 83.8432 7.59229 4
      vertex 83.6879 7.56926 4
    endloop
  endfacet
  facet normal 0.146689 -0.989183 0
    outer loop
      vertex 83.8432 7.59229 4
      vertex 83.6879 7.56926 2
      vertex 83.8432 7.59229 2
    endloop
  endfacet
  facet normal 0.989212 0.146493 0
    outer loop
      vertex 82.4307 5.68786 4
      vertex 82.4077 5.84317 2
      vertex 82.4077 5.84317 4
    endloop
  endfacet
  facet normal 0.989212 0.146493 0
    outer loop
      vertex 82.4077 5.84317 2
      vertex 82.4307 5.68786 4
      vertex 82.4307 5.68786 2
    endloop
  endfacet
  facet normal -0.336926 0.941531 0
    outer loop
      vertex 84.6123 4.52179 2
      vertex 84.4645 4.4689 4
      vertex 84.6123 4.52179 4
    endloop
  endfacet
  facet normal -0.336926 0.941531 0
    outer loop
      vertex 84.4645 4.4689 4
      vertex 84.6123 4.52179 2
      vertex 84.4645 4.4689 2
    endloop
  endfacet
  facet normal -0.242895 0.970053 0
    outer loop
      vertex 84.4645 4.4689 2
      vertex 84.3121 4.43074 4
      vertex 84.4645 4.4689 4
    endloop
  endfacet
  facet normal -0.242895 0.970053 0
    outer loop
      vertex 84.3121 4.43074 4
      vertex 84.4645 4.4689 2
      vertex 84.3121 4.43074 2
    endloop
  endfacet
  facet normal 0.90407 -0.427385 0
    outer loop
      vertex 82.5218 6.61229 4
      vertex 82.5889 6.75423 2
      vertex 82.5889 6.75423 4
    endloop
  endfacet
  facet normal 0.90407 -0.427385 0
    outer loop
      vertex 82.5889 6.75423 2
      vertex 82.5218 6.61229 4
      vertex 82.5218 6.61229 2
    endloop
  endfacet
  facet normal 0.741092 0.671404 0
    outer loop
      vertex 82.8686 4.86863 4
      vertex 82.7632 4.98497 2
      vertex 82.7632 4.98497 4
    endloop
  endfacet
  facet normal 0.741092 0.671404 0
    outer loop
      vertex 82.7632 4.98497 2
      vertex 82.8686 4.86863 4
      vertex 82.8686 4.86863 2
    endloop
  endfacet
  facet normal 0.595732 0.803184 -0
    outer loop
      vertex 83.1111 4.66965 2
      vertex 82.985 4.76318 4
      vertex 83.1111 4.66965 4
    endloop
  endfacet
  facet normal 0.595732 0.803184 0
    outer loop
      vertex 82.985 4.76318 4
      vertex 83.1111 4.66965 2
      vertex 82.985 4.76318 2
    endloop
  endfacet
  facet normal -0.90407 0.427385 0
    outer loop
      vertex 85.4111 5.24577 2
      vertex 85.4782 5.38771 4
      vertex 85.4782 5.38771 2
    endloop
  endfacet
  facet normal -0.90407 0.427385 0
    outer loop
      vertex 85.4782 5.38771 4
      vertex 85.4111 5.24577 2
      vertex 85.4111 5.24577 4
    endloop
  endfacet
  facet normal -0.857796 0.51399 0
    outer loop
      vertex 85.3304 5.11109 2
      vertex 85.4111 5.24577 4
      vertex 85.4111 5.24577 2
    endloop
  endfacet
  facet normal -0.857796 0.51399 0
    outer loop
      vertex 85.4111 5.24577 4
      vertex 85.3304 5.11109 2
      vertex 85.3304 5.11109 4
    endloop
  endfacet
  facet normal 0.0491116 0.998793 -0
    outer loop
      vertex 84 4.4 2
      vertex 83.8432 4.40771 4
      vertex 84 4.4 4
    endloop
  endfacet
  facet normal 0.0491116 0.998793 0
    outer loop
      vertex 83.8432 4.40771 4
      vertex 84 4.4 2
      vertex 83.8432 4.40771 2
    endloop
  endfacet
  facet normal 0.998797 -0.0490387 0
    outer loop
      vertex 82.4 6 4
      vertex 82.4077 6.15683 2
      vertex 82.4077 6.15683 4
    endloop
  endfacet
  facet normal 0.998797 -0.0490387 0
    outer loop
      vertex 82.4077 6.15683 2
      vertex 82.4 6 4
      vertex 82.4 6 2
    endloop
  endfacet
  facet normal -0.671388 0.741106 0
    outer loop
      vertex 85.1314 4.86863 2
      vertex 85.015 4.76318 4
      vertex 85.1314 4.86863 4
    endloop
  endfacet
  facet normal -0.671388 0.741106 0
    outer loop
      vertex 85.015 4.76318 4
      vertex 85.1314 4.86863 2
      vertex 85.015 4.76318 2
    endloop
  endfacet
endsolid OpenSCAD_Model
