solid OpenSCAD_Model
  facet normal 0.989176 0.146736 0
    outer loop
      vertex 3.23435 0.318555 1.5
      vertex 3.18755 0.634043 0
      vertex 3.18755 0.634043 1.5
    endloop
  endfacet
  facet normal 0.989176 0.146736 0
    outer loop
      vertex 3.18755 0.634043 0
      vertex 3.23435 0.318555 1.5
      vertex 3.23435 0.318555 0
    endloop
  endfacet
  facet normal 0.998795 0.0490689 0
    outer loop
      vertex 3.25 0 1.5
      vertex 3.23435 0.318555 0
      vertex 3.23435 0.318555 1.5
    endloop
  endfacet
  facet normal 0.998795 0.0490689 0
    outer loop
      vertex 3.23435 0.318555 0
      vertex 3.25 0 1.5
      vertex 3.25 0 0
    endloop
  endfacet
  facet normal 0.970036 0.242962 0
    outer loop
      vertex 3.18755 0.634043 1.5
      vertex 3.11006 0.943425 0
      vertex 3.11006 0.943425 1.5
    endloop
  endfacet
  facet normal 0.970036 0.242962 0
    outer loop
      vertex 3.11006 0.943425 0
      vertex 3.18755 0.634043 1.5
      vertex 3.18755 0.634043 0
    endloop
  endfacet
  facet normal 0.336897 -0.941541 0
    outer loop
      vertex 0.943425 -3.11006 0
      vertex 1.24372 -3.00261 1.5
      vertex 0.943425 -3.11006 1.5
    endloop
  endfacet
  facet normal 0.336897 -0.941541 0
    outer loop
      vertex 1.24372 -3.00261 1.5
      vertex 0.943425 -3.11006 0
      vertex 1.24372 -3.00261 0
    endloop
  endfacet
  facet normal 0.671545 0.740964 -0
    outer loop
      vertex 2.2981 2.2981 0
      vertex 2.06178 2.51228 1.5
      vertex 2.2981 2.2981 1.5
    endloop
  endfacet
  facet normal 0.671545 0.740964 0
    outer loop
      vertex 2.06178 2.51228 1.5
      vertex 2.2981 2.2981 0
      vertex 2.06178 2.51228 0
    endloop
  endfacet
  facet normal -0.857736 0.51409 0
    outer loop
      vertex -2.86624 1.53204 0
      vertex -2.70228 1.8056 1.5
      vertex -2.70228 1.8056 0
    endloop
  endfacet
  facet normal -0.857736 0.51409 0
    outer loop
      vertex -2.70228 1.8056 1.5
      vertex -2.86624 1.53204 0
      vertex -2.86624 1.53204 1.5
    endloop
  endfacet
  facet normal -0.146736 -0.989176 0
    outer loop
      vertex -0.634043 -3.18755 0
      vertex -0.318555 -3.23435 1.5
      vertex -0.634043 -3.18755 1.5
    endloop
  endfacet
  facet normal -0.146736 -0.989176 -0
    outer loop
      vertex -0.318555 -3.23435 1.5
      vertex -0.634043 -3.18755 0
      vertex -0.318555 -3.23435 0
    endloop
  endfacet
  facet normal 0.941541 0.336897 0
    outer loop
      vertex 3.11006 0.943425 1.5
      vertex 3.00261 1.24372 0
      vertex 3.00261 1.24372 1.5
    endloop
  endfacet
  facet normal 0.941541 0.336897 0
    outer loop
      vertex 3.00261 1.24372 0
      vertex 3.11006 0.943425 1.5
      vertex 3.11006 0.943425 0
    endloop
  endfacet
  facet normal -0.0490689 0.998795 0
    outer loop
      vertex 0 3.25 0
      vertex -0.318555 3.23435 1.5
      vertex 0 3.25 1.5
    endloop
  endfacet
  facet normal -0.0490689 0.998795 0
    outer loop
      vertex -0.318555 3.23435 1.5
      vertex 0 3.25 0
      vertex -0.318555 3.23435 0
    endloop
  endfacet
  facet normal 0.0490689 -0.998795 0
    outer loop
      vertex 0 -3.25 0
      vertex 0.318555 -3.23435 1.5
      vertex 0 -3.25 1.5
    endloop
  endfacet
  facet normal 0.0490689 -0.998795 0
    outer loop
      vertex 0.318555 -3.23435 1.5
      vertex 0 -3.25 0
      vertex 0.318555 -3.23435 0
    endloop
  endfacet
  facet normal -0.903983 -0.427567 0
    outer loop
      vertex -2.86624 -1.53204 0
      vertex -3.00261 -1.24372 1.5
      vertex -3.00261 -1.24372 0
    endloop
  endfacet
  facet normal -0.903983 -0.427567 0
    outer loop
      vertex -3.00261 -1.24372 1.5
      vertex -2.86624 -1.53204 0
      vertex -2.86624 -1.53204 1.5
    endloop
  endfacet
  facet normal -0.595707 -0.803202 0
    outer loop
      vertex -2.06178 -2.51228 0
      vertex -1.8056 -2.70228 1.5
      vertex -2.06178 -2.51228 1.5
    endloop
  endfacet
  facet normal -0.595707 -0.803202 -0
    outer loop
      vertex -1.8056 -2.70228 1.5
      vertex -2.06178 -2.51228 0
      vertex -1.8056 -2.70228 0
    endloop
  endfacet
  facet normal -0.803202 0.595707 0
    outer loop
      vertex -2.70228 1.8056 0
      vertex -2.51228 2.06178 1.5
      vertex -2.51228 2.06178 0
    endloop
  endfacet
  facet normal -0.803202 0.595707 0
    outer loop
      vertex -2.51228 2.06178 1.5
      vertex -2.70228 1.8056 0
      vertex -2.70228 1.8056 1.5
    endloop
  endfacet
  facet normal 0.970036 -0.242962 0
    outer loop
      vertex 3.11006 -0.943425 1.5
      vertex 3.18755 -0.634043 0
      vertex 3.18755 -0.634043 1.5
    endloop
  endfacet
  facet normal 0.970036 -0.242962 0
    outer loop
      vertex 3.18755 -0.634043 0
      vertex 3.11006 -0.943425 1.5
      vertex 3.11006 -0.943425 0
    endloop
  endfacet
  facet normal 0.857736 0.51409 0
    outer loop
      vertex 2.86624 1.53204 1.5
      vertex 2.70228 1.8056 0
      vertex 2.70228 1.8056 1.5
    endloop
  endfacet
  facet normal 0.857736 0.51409 0
    outer loop
      vertex 2.70228 1.8056 0
      vertex 2.86624 1.53204 1.5
      vertex 2.86624 1.53204 0
    endloop
  endfacet
  facet normal -0.998795 -0.0490689 0
    outer loop
      vertex -3.23435 -0.318555 0
      vertex -3.25 0 1.5
      vertex -3.25 0 0
    endloop
  endfacet
  facet normal -0.998795 -0.0490689 0
    outer loop
      vertex -3.25 0 1.5
      vertex -3.23435 -0.318555 0
      vertex -3.23435 -0.318555 1.5
    endloop
  endfacet
  facet normal 0.903983 0.427567 0
    outer loop
      vertex 3.00261 1.24372 1.5
      vertex 2.86624 1.53204 0
      vertex 2.86624 1.53204 1.5
    endloop
  endfacet
  facet normal 0.903983 0.427567 0
    outer loop
      vertex 2.86624 1.53204 0
      vertex 3.00261 1.24372 1.5
      vertex 3.00261 1.24372 0
    endloop
  endfacet
  facet normal 0.941541 -0.336897 0
    outer loop
      vertex 3.00261 -1.24372 1.5
      vertex 3.11006 -0.943425 0
      vertex 3.11006 -0.943425 1.5
    endloop
  endfacet
  facet normal 0.941541 -0.336897 0
    outer loop
      vertex 3.11006 -0.943425 0
      vertex 3.00261 -1.24372 1.5
      vertex 3.00261 -1.24372 0
    endloop
  endfacet
  facet normal -0.427567 -0.903983 0
    outer loop
      vertex -1.53204 -2.86624 0
      vertex -1.24372 -3.00261 1.5
      vertex -1.53204 -2.86624 1.5
    endloop
  endfacet
  facet normal -0.427567 -0.903983 -0
    outer loop
      vertex -1.24372 -3.00261 1.5
      vertex -1.53204 -2.86624 0
      vertex -1.24372 -3.00261 0
    endloop
  endfacet
  facet normal -0.970036 -0.242962 0
    outer loop
      vertex -3.11006 -0.943425 0
      vertex -3.18755 -0.634043 1.5
      vertex -3.18755 -0.634043 0
    endloop
  endfacet
  facet normal -0.970036 -0.242962 0
    outer loop
      vertex -3.18755 -0.634043 1.5
      vertex -3.11006 -0.943425 0
      vertex -3.11006 -0.943425 1.5
    endloop
  endfacet
  facet normal -0.740964 0.671545 0
    outer loop
      vertex -2.51228 2.06178 0
      vertex -2.2981 2.2981 1.5
      vertex -2.2981 2.2981 0
    endloop
  endfacet
  facet normal -0.740964 0.671545 0
    outer loop
      vertex -2.2981 2.2981 1.5
      vertex -2.51228 2.06178 0
      vertex -2.51228 2.06178 1.5
    endloop
  endfacet
  facet normal -0.242962 -0.970036 0
    outer loop
      vertex -0.943425 -3.11006 0
      vertex -0.634043 -3.18755 1.5
      vertex -0.943425 -3.11006 1.5
    endloop
  endfacet
  facet normal -0.242962 -0.970036 -0
    outer loop
      vertex -0.634043 -3.18755 1.5
      vertex -0.943425 -3.11006 0
      vertex -0.634043 -3.18755 0
    endloop
  endfacet
  facet normal -0.51409 0.857736 0
    outer loop
      vertex -1.53204 2.86624 0
      vertex -1.8056 2.70228 1.5
      vertex -1.53204 2.86624 1.5
    endloop
  endfacet
  facet normal -0.51409 0.857736 0
    outer loop
      vertex -1.8056 2.70228 1.5
      vertex -1.53204 2.86624 0
      vertex -1.8056 2.70228 0
    endloop
  endfacet
  facet normal 0.803202 0.595707 0
    outer loop
      vertex 2.70228 1.8056 1.5
      vertex 2.51228 2.06178 0
      vertex 2.51228 2.06178 1.5
    endloop
  endfacet
  facet normal 0.803202 0.595707 0
    outer loop
      vertex 2.51228 2.06178 0
      vertex 2.70228 1.8056 1.5
      vertex 2.70228 1.8056 0
    endloop
  endfacet
  facet normal -0.146736 0.989176 0
    outer loop
      vertex -0.318555 3.23435 0
      vertex -0.634043 3.18755 1.5
      vertex -0.318555 3.23435 1.5
    endloop
  endfacet
  facet normal -0.146736 0.989176 0
    outer loop
      vertex -0.634043 3.18755 1.5
      vertex -0.318555 3.23435 0
      vertex -0.634043 3.18755 0
    endloop
  endfacet
  facet normal 0.427567 -0.903983 0
    outer loop
      vertex 1.24372 -3.00261 0
      vertex 1.53204 -2.86624 1.5
      vertex 1.24372 -3.00261 1.5
    endloop
  endfacet
  facet normal 0.427567 -0.903983 0
    outer loop
      vertex 1.53204 -2.86624 1.5
      vertex 1.24372 -3.00261 0
      vertex 1.53204 -2.86624 0
    endloop
  endfacet
  facet normal -0.671545 0.740964 0
    outer loop
      vertex -2.06178 2.51228 0
      vertex -2.2981 2.2981 1.5
      vertex -2.06178 2.51228 1.5
    endloop
  endfacet
  facet normal -0.671545 0.740964 0
    outer loop
      vertex -2.2981 2.2981 1.5
      vertex -2.06178 2.51228 0
      vertex -2.2981 2.2981 0
    endloop
  endfacet
  facet normal 0.857736 -0.51409 0
    outer loop
      vertex 2.70228 -1.8056 1.5
      vertex 2.86624 -1.53204 0
      vertex 2.86624 -1.53204 1.5
    endloop
  endfacet
  facet normal 0.857736 -0.51409 0
    outer loop
      vertex 2.86624 -1.53204 0
      vertex 2.70228 -1.8056 1.5
      vertex 2.70228 -1.8056 0
    endloop
  endfacet
  facet normal -0.595707 0.803202 0
    outer loop
      vertex -1.8056 2.70228 0
      vertex -2.06178 2.51228 1.5
      vertex -1.8056 2.70228 1.5
    endloop
  endfacet
  facet normal -0.595707 0.803202 0
    outer loop
      vertex -2.06178 2.51228 1.5
      vertex -1.8056 2.70228 0
      vertex -2.06178 2.51228 0
    endloop
  endfacet
  facet normal 0.336897 0.941541 -0
    outer loop
      vertex 1.24372 3.00261 0
      vertex 0.943425 3.11006 1.5
      vertex 1.24372 3.00261 1.5
    endloop
  endfacet
  facet normal 0.336897 0.941541 0
    outer loop
      vertex 0.943425 3.11006 1.5
      vertex 1.24372 3.00261 0
      vertex 0.943425 3.11006 0
    endloop
  endfacet
  facet normal 0.740964 0.671545 0
    outer loop
      vertex 2.51228 2.06178 1.5
      vertex 2.2981 2.2981 0
      vertex 2.2981 2.2981 1.5
    endloop
  endfacet
  facet normal 0.740964 0.671545 0
    outer loop
      vertex 2.2981 2.2981 0
      vertex 2.51228 2.06178 1.5
      vertex 2.51228 2.06178 0
    endloop
  endfacet
  facet normal 0.998795 -0.0490689 0
    outer loop
      vertex 3.23435 -0.318555 1.5
      vertex 3.25 0 0
      vertex 3.25 0 1.5
    endloop
  endfacet
  facet normal 0.998795 -0.0490689 0
    outer loop
      vertex 3.25 0 0
      vertex 3.23435 -0.318555 1.5
      vertex 3.23435 -0.318555 0
    endloop
  endfacet
  facet normal -0.941541 -0.336897 0
    outer loop
      vertex -3.00261 -1.24372 0
      vertex -3.11006 -0.943425 1.5
      vertex -3.11006 -0.943425 0
    endloop
  endfacet
  facet normal -0.941541 -0.336897 0
    outer loop
      vertex -3.11006 -0.943425 1.5
      vertex -3.00261 -1.24372 0
      vertex -3.00261 -1.24372 1.5
    endloop
  endfacet
  facet normal 0.51409 0.857736 -0
    outer loop
      vertex 1.8056 2.70228 0
      vertex 1.53204 2.86624 1.5
      vertex 1.8056 2.70228 1.5
    endloop
  endfacet
  facet normal 0.51409 0.857736 0
    outer loop
      vertex 1.53204 2.86624 1.5
      vertex 1.8056 2.70228 0
      vertex 1.53204 2.86624 0
    endloop
  endfacet
  facet normal 0.595707 0.803202 -0
    outer loop
      vertex 2.06178 2.51228 0
      vertex 1.8056 2.70228 1.5
      vertex 2.06178 2.51228 1.5
    endloop
  endfacet
  facet normal 0.595707 0.803202 0
    outer loop
      vertex 1.8056 2.70228 1.5
      vertex 2.06178 2.51228 0
      vertex 1.8056 2.70228 0
    endloop
  endfacet
  facet normal 0.146736 -0.989176 0
    outer loop
      vertex 0.318555 -3.23435 0
      vertex 0.634043 -3.18755 1.5
      vertex 0.318555 -3.23435 1.5
    endloop
  endfacet
  facet normal 0.146736 -0.989176 0
    outer loop
      vertex 0.634043 -3.18755 1.5
      vertex 0.318555 -3.23435 0
      vertex 0.634043 -3.18755 0
    endloop
  endfacet
  facet normal 0.740964 -0.671545 0
    outer loop
      vertex 2.2981 -2.2981 1.5
      vertex 2.51228 -2.06178 0
      vertex 2.51228 -2.06178 1.5
    endloop
  endfacet
  facet normal 0.740964 -0.671545 0
    outer loop
      vertex 2.51228 -2.06178 0
      vertex 2.2981 -2.2981 1.5
      vertex 2.2981 -2.2981 0
    endloop
  endfacet
  facet normal 0.803202 -0.595707 0
    outer loop
      vertex 2.51228 -2.06178 1.5
      vertex 2.70228 -1.8056 0
      vertex 2.70228 -1.8056 1.5
    endloop
  endfacet
  facet normal 0.803202 -0.595707 0
    outer loop
      vertex 2.70228 -1.8056 0
      vertex 2.51228 -2.06178 1.5
      vertex 2.51228 -2.06178 0
    endloop
  endfacet
  facet normal 0.242962 -0.970036 0
    outer loop
      vertex 0.634043 -3.18755 0
      vertex 0.943425 -3.11006 1.5
      vertex 0.634043 -3.18755 1.5
    endloop
  endfacet
  facet normal 0.242962 -0.970036 0
    outer loop
      vertex 0.943425 -3.11006 1.5
      vertex 0.634043 -3.18755 0
      vertex 0.943425 -3.11006 0
    endloop
  endfacet
  facet normal 0.903983 -0.427567 0
    outer loop
      vertex 2.86624 -1.53204 1.5
      vertex 3.00261 -1.24372 0
      vertex 3.00261 -1.24372 1.5
    endloop
  endfacet
  facet normal 0.903983 -0.427567 0
    outer loop
      vertex 3.00261 -1.24372 0
      vertex 2.86624 -1.53204 1.5
      vertex 2.86624 -1.53204 0
    endloop
  endfacet
  facet normal -0.242962 0.970036 0
    outer loop
      vertex -0.634043 3.18755 0
      vertex -0.943425 3.11006 1.5
      vertex -0.634043 3.18755 1.5
    endloop
  endfacet
  facet normal -0.242962 0.970036 0
    outer loop
      vertex -0.943425 3.11006 1.5
      vertex -0.634043 3.18755 0
      vertex -0.943425 3.11006 0
    endloop
  endfacet
  facet normal -0.941541 0.336897 0
    outer loop
      vertex -3.11006 0.943425 0
      vertex -3.00261 1.24372 1.5
      vertex -3.00261 1.24372 0
    endloop
  endfacet
  facet normal -0.941541 0.336897 0
    outer loop
      vertex -3.00261 1.24372 1.5
      vertex -3.11006 0.943425 0
      vertex -3.11006 0.943425 1.5
    endloop
  endfacet
  facet normal -0.427567 0.903983 0
    outer loop
      vertex -1.24372 3.00261 0
      vertex -1.53204 2.86624 1.5
      vertex -1.24372 3.00261 1.5
    endloop
  endfacet
  facet normal -0.427567 0.903983 0
    outer loop
      vertex -1.53204 2.86624 1.5
      vertex -1.24372 3.00261 0
      vertex -1.53204 2.86624 0
    endloop
  endfacet
  facet normal -0.989176 0.146736 0
    outer loop
      vertex -3.23435 0.318555 0
      vertex -3.18755 0.634043 1.5
      vertex -3.18755 0.634043 0
    endloop
  endfacet
  facet normal -0.989176 0.146736 0
    outer loop
      vertex -3.18755 0.634043 1.5
      vertex -3.23435 0.318555 0
      vertex -3.23435 0.318555 1.5
    endloop
  endfacet
  facet normal -0.970036 0.242962 0
    outer loop
      vertex -3.18755 0.634043 0
      vertex -3.11006 0.943425 1.5
      vertex -3.11006 0.943425 0
    endloop
  endfacet
  facet normal -0.970036 0.242962 0
    outer loop
      vertex -3.11006 0.943425 1.5
      vertex -3.18755 0.634043 0
      vertex -3.18755 0.634043 1.5
    endloop
  endfacet
  facet normal 0.427567 0.903983 -0
    outer loop
      vertex 1.53204 2.86624 0
      vertex 1.24372 3.00261 1.5
      vertex 1.53204 2.86624 1.5
    endloop
  endfacet
  facet normal 0.427567 0.903983 0
    outer loop
      vertex 1.24372 3.00261 1.5
      vertex 1.53204 2.86624 0
      vertex 1.24372 3.00261 0
    endloop
  endfacet
  facet normal 0 0 -1
    outer loop
      vertex 3.23435 -0.318555 0
      vertex 3.23435 0.318555 0
      vertex 3.25 0 0
    endloop
  endfacet
  facet normal 0 0 -1
    outer loop
      vertex 3.18755 -0.634043 0
      vertex 3.23435 0.318555 0
      vertex 3.23435 -0.318555 0
    endloop
  endfacet
  facet normal 0 0 -1
    outer loop
      vertex 3.18755 -0.634043 0
      vertex 3.18755 0.634043 0
      vertex 3.23435 0.318555 0
    endloop
  endfacet
  facet normal 0 0 -1
    outer loop
      vertex 3.11006 -0.943425 0
      vertex 3.18755 0.634043 0
      vertex 3.18755 -0.634043 0
    endloop
  endfacet
  facet normal 0 0 -1
    outer loop
      vertex 3.11006 -0.943425 0
      vertex 3.11006 0.943425 0
      vertex 3.18755 0.634043 0
    endloop
  endfacet
  facet normal 0 0 -1
    outer loop
      vertex 3.00261 -1.24372 0
      vertex 3.11006 0.943425 0
      vertex 3.11006 -0.943425 0
    endloop
  endfacet
  facet normal 0 0 -1
    outer loop
      vertex 3.00261 -1.24372 0
      vertex 3.00261 1.24372 0
      vertex 3.11006 0.943425 0
    endloop
  endfacet
  facet normal 0 0 -1
    outer loop
      vertex 2.86624 -1.53204 0
      vertex 3.00261 1.24372 0
      vertex 3.00261 -1.24372 0
    endloop
  endfacet
  facet normal 0 0 -1
    outer loop
      vertex 2.86624 -1.53204 0
      vertex 2.86624 1.53204 0
      vertex 3.00261 1.24372 0
    endloop
  endfacet
  facet normal 0 0 -1
    outer loop
      vertex 2.70228 -1.8056 0
      vertex 2.86624 1.53204 0
      vertex 2.86624 -1.53204 0
    endloop
  endfacet
  facet normal 0 0 -1
    outer loop
      vertex 2.70228 -1.8056 0
      vertex 2.70228 1.8056 0
      vertex 2.86624 1.53204 0
    endloop
  endfacet
  facet normal 0 0 -1
    outer loop
      vertex 2.51228 -2.06178 0
      vertex 2.70228 1.8056 0
      vertex 2.70228 -1.8056 0
    endloop
  endfacet
  facet normal 0 0 -1
    outer loop
      vertex 2.51228 -2.06178 0
      vertex 2.51228 2.06178 0
      vertex 2.70228 1.8056 0
    endloop
  endfacet
  facet normal 0 0 -1
    outer loop
      vertex 2.2981 -2.2981 0
      vertex 2.51228 2.06178 0
      vertex 2.51228 -2.06178 0
    endloop
  endfacet
  facet normal 0 0 -1
    outer loop
      vertex 2.2981 -2.2981 0
      vertex 2.2981 2.2981 0
      vertex 2.51228 2.06178 0
    endloop
  endfacet
  facet normal 0 0 -1
    outer loop
      vertex 2.06178 -2.51228 0
      vertex 2.2981 2.2981 0
      vertex 2.2981 -2.2981 0
    endloop
  endfacet
  facet normal 0 0 -1
    outer loop
      vertex 2.06178 -2.51228 0
      vertex 2.06178 2.51228 0
      vertex 2.2981 2.2981 0
    endloop
  endfacet
  facet normal 0 0 -1
    outer loop
      vertex 1.8056 -2.70228 0
      vertex 2.06178 2.51228 0
      vertex 2.06178 -2.51228 0
    endloop
  endfacet
  facet normal 0 0 -1
    outer loop
      vertex 1.8056 -2.70228 0
      vertex 1.8056 2.70228 0
      vertex 2.06178 2.51228 0
    endloop
  endfacet
  facet normal 0 0 -1
    outer loop
      vertex 1.53204 -2.86624 0
      vertex 1.8056 2.70228 0
      vertex 1.8056 -2.70228 0
    endloop
  endfacet
  facet normal 0 0 -1
    outer loop
      vertex 1.53204 -2.86624 0
      vertex 1.53204 2.86624 0
      vertex 1.8056 2.70228 0
    endloop
  endfacet
  facet normal 0 0 -1
    outer loop
      vertex 1.24372 -3.00261 0
      vertex 1.53204 2.86624 0
      vertex 1.53204 -2.86624 0
    endloop
  endfacet
  facet normal 0 0 -1
    outer loop
      vertex 1.24372 -3.00261 0
      vertex 1.24372 3.00261 0
      vertex 1.53204 2.86624 0
    endloop
  endfacet
  facet normal 0 0 -1
    outer loop
      vertex 0.943425 -3.11006 0
      vertex 1.24372 3.00261 0
      vertex 1.24372 -3.00261 0
    endloop
  endfacet
  facet normal 0 0 -1
    outer loop
      vertex 0.943425 -3.11006 0
      vertex 0.943425 3.11006 0
      vertex 1.24372 3.00261 0
    endloop
  endfacet
  facet normal 0 0 -1
    outer loop
      vertex 0.634043 -3.18755 0
      vertex 0.943425 3.11006 0
      vertex 0.943425 -3.11006 0
    endloop
  endfacet
  facet normal 0 0 -1
    outer loop
      vertex 0.634043 -3.18755 0
      vertex 0.634043 3.18755 0
      vertex 0.943425 3.11006 0
    endloop
  endfacet
  facet normal 0 0 -1
    outer loop
      vertex 0.318555 -3.23435 0
      vertex 0.634043 3.18755 0
      vertex 0.634043 -3.18755 0
    endloop
  endfacet
  facet normal 0 0 -1
    outer loop
      vertex 0.318555 -3.23435 0
      vertex 0.318555 3.23435 0
      vertex 0.634043 3.18755 0
    endloop
  endfacet
  facet normal 0 0 -1
    outer loop
      vertex 0 -3.25 0
      vertex 0.318555 3.23435 0
      vertex 0.318555 -3.23435 0
    endloop
  endfacet
  facet normal 0 0 -1
    outer loop
      vertex 0 -3.25 0
      vertex 0 3.25 0
      vertex 0.318555 3.23435 0
    endloop
  endfacet
  facet normal 0 0 -1
    outer loop
      vertex -0.318555 -3.23435 0
      vertex 0 3.25 0
      vertex 0 -3.25 0
    endloop
  endfacet
  facet normal 0 0 -1
    outer loop
      vertex -0.318555 -3.23435 0
      vertex -0.318555 3.23435 0
      vertex 0 3.25 0
    endloop
  endfacet
  facet normal 0 0 -1
    outer loop
      vertex -0.634043 -3.18755 0
      vertex -0.318555 3.23435 0
      vertex -0.318555 -3.23435 0
    endloop
  endfacet
  facet normal 0 0 -1
    outer loop
      vertex -0.634043 -3.18755 0
      vertex -0.634043 3.18755 0
      vertex -0.318555 3.23435 0
    endloop
  endfacet
  facet normal 0 0 -1
    outer loop
      vertex -0.943425 -3.11006 0
      vertex -0.634043 3.18755 0
      vertex -0.634043 -3.18755 0
    endloop
  endfacet
  facet normal 0 0 -1
    outer loop
      vertex -0.943425 -3.11006 0
      vertex -0.943425 3.11006 0
      vertex -0.634043 3.18755 0
    endloop
  endfacet
  facet normal 0 0 -1
    outer loop
      vertex -1.24372 -3.00261 0
      vertex -0.943425 3.11006 0
      vertex -0.943425 -3.11006 0
    endloop
  endfacet
  facet normal 0 0 -1
    outer loop
      vertex -1.24372 -3.00261 0
      vertex -1.24372 3.00261 0
      vertex -0.943425 3.11006 0
    endloop
  endfacet
  facet normal 0 0 -1
    outer loop
      vertex -1.53204 -2.86624 0
      vertex -1.24372 3.00261 0
      vertex -1.24372 -3.00261 0
    endloop
  endfacet
  facet normal 0 0 -1
    outer loop
      vertex -1.53204 -2.86624 0
      vertex -1.53204 2.86624 0
      vertex -1.24372 3.00261 0
    endloop
  endfacet
  facet normal 0 0 -1
    outer loop
      vertex -1.8056 -2.70228 0
      vertex -1.53204 2.86624 0
      vertex -1.53204 -2.86624 0
    endloop
  endfacet
  facet normal 0 0 -1
    outer loop
      vertex -1.8056 -2.70228 0
      vertex -1.8056 2.70228 0
      vertex -1.53204 2.86624 0
    endloop
  endfacet
  facet normal 0 0 -1
    outer loop
      vertex -2.06178 -2.51228 0
      vertex -1.8056 2.70228 0
      vertex -1.8056 -2.70228 0
    endloop
  endfacet
  facet normal 0 0 -1
    outer loop
      vertex -2.06178 -2.51228 0
      vertex -2.06178 2.51228 0
      vertex -1.8056 2.70228 0
    endloop
  endfacet
  facet normal 0 0 -1
    outer loop
      vertex -2.2981 -2.2981 0
      vertex -2.06178 2.51228 0
      vertex -2.06178 -2.51228 0
    endloop
  endfacet
  facet normal 0 0 -1
    outer loop
      vertex -2.2981 -2.2981 0
      vertex -2.2981 2.2981 0
      vertex -2.06178 2.51228 0
    endloop
  endfacet
  facet normal 0 0 -1
    outer loop
      vertex -2.51228 -2.06178 0
      vertex -2.2981 2.2981 0
      vertex -2.2981 -2.2981 0
    endloop
  endfacet
  facet normal 0 0 -1
    outer loop
      vertex -2.51228 -2.06178 0
      vertex -2.51228 2.06178 0
      vertex -2.2981 2.2981 0
    endloop
  endfacet
  facet normal 0 0 -1
    outer loop
      vertex -2.70228 -1.8056 0
      vertex -2.51228 2.06178 0
      vertex -2.51228 -2.06178 0
    endloop
  endfacet
  facet normal 0 0 -1
    outer loop
      vertex -2.70228 -1.8056 0
      vertex -2.70228 1.8056 0
      vertex -2.51228 2.06178 0
    endloop
  endfacet
  facet normal 0 0 -1
    outer loop
      vertex -2.86624 -1.53204 0
      vertex -2.70228 1.8056 0
      vertex -2.70228 -1.8056 0
    endloop
  endfacet
  facet normal 0 0 -1
    outer loop
      vertex -2.86624 -1.53204 0
      vertex -2.86624 1.53204 0
      vertex -2.70228 1.8056 0
    endloop
  endfacet
  facet normal 0 0 -1
    outer loop
      vertex -3.00261 -1.24372 0
      vertex -2.86624 1.53204 0
      vertex -2.86624 -1.53204 0
    endloop
  endfacet
  facet normal 0 0 -1
    outer loop
      vertex -3.00261 -1.24372 0
      vertex -3.00261 1.24372 0
      vertex -2.86624 1.53204 0
    endloop
  endfacet
  facet normal 0 0 -1
    outer loop
      vertex -3.11006 -0.943425 0
      vertex -3.00261 1.24372 0
      vertex -3.00261 -1.24372 0
    endloop
  endfacet
  facet normal 0 0 -1
    outer loop
      vertex -3.11006 -0.943425 0
      vertex -3.11006 0.943425 0
      vertex -3.00261 1.24372 0
    endloop
  endfacet
  facet normal 0 0 -1
    outer loop
      vertex -3.18755 -0.634043 0
      vertex -3.11006 0.943425 0
      vertex -3.11006 -0.943425 0
    endloop
  endfacet
  facet normal 0 0 -1
    outer loop
      vertex -3.18755 -0.634043 0
      vertex -3.18755 0.634043 0
      vertex -3.11006 0.943425 0
    endloop
  endfacet
  facet normal 0 0 -1
    outer loop
      vertex -3.23435 -0.318555 0
      vertex -3.18755 0.634043 0
      vertex -3.18755 -0.634043 0
    endloop
  endfacet
  facet normal 0 0 -1
    outer loop
      vertex -3.23435 -0.318555 0
      vertex -3.23435 0.318555 0
      vertex -3.18755 0.634043 0
    endloop
  endfacet
  facet normal 0 -0 -1
    outer loop
      vertex -3.23435 0.318555 0
      vertex -3.23435 -0.318555 0
      vertex -3.25 0 0
    endloop
  endfacet
  facet normal 0.989176 -0.146736 0
    outer loop
      vertex 3.18755 -0.634043 1.5
      vertex 3.23435 -0.318555 0
      vertex 3.23435 -0.318555 1.5
    endloop
  endfacet
  facet normal 0.989176 -0.146736 0
    outer loop
      vertex 3.23435 -0.318555 0
      vertex 3.18755 -0.634043 1.5
      vertex 3.18755 -0.634043 0
    endloop
  endfacet
  facet normal 0.146736 0.989176 -0
    outer loop
      vertex 0.634043 3.18755 0
      vertex 0.318555 3.23435 1.5
      vertex 0.634043 3.18755 1.5
    endloop
  endfacet
  facet normal 0.146736 0.989176 0
    outer loop
      vertex 0.318555 3.23435 1.5
      vertex 0.634043 3.18755 0
      vertex 0.318555 3.23435 0
    endloop
  endfacet
  facet normal 0.0490689 0.998795 -0
    outer loop
      vertex 0.318555 3.23435 0
      vertex 0 3.25 1.5
      vertex 0.318555 3.23435 1.5
    endloop
  endfacet
  facet normal 0.0490689 0.998795 0
    outer loop
      vertex 0 3.25 1.5
      vertex 0.318555 3.23435 0
      vertex 0 3.25 0
    endloop
  endfacet
  facet normal -0.740964 -0.671545 0
    outer loop
      vertex -2.2981 -2.2981 0
      vertex -2.51228 -2.06178 1.5
      vertex -2.51228 -2.06178 0
    endloop
  endfacet
  facet normal -0.740964 -0.671545 0
    outer loop
      vertex -2.51228 -2.06178 1.5
      vertex -2.2981 -2.2981 0
      vertex -2.2981 -2.2981 1.5
    endloop
  endfacet
  facet normal -0.857736 -0.51409 0
    outer loop
      vertex -2.70228 -1.8056 0
      vertex -2.86624 -1.53204 1.5
      vertex -2.86624 -1.53204 0
    endloop
  endfacet
  facet normal -0.857736 -0.51409 0
    outer loop
      vertex -2.86624 -1.53204 1.5
      vertex -2.70228 -1.8056 0
      vertex -2.70228 -1.8056 1.5
    endloop
  endfacet
  facet normal -0.336897 0.941541 0
    outer loop
      vertex -0.943425 3.11006 0
      vertex -1.24372 3.00261 1.5
      vertex -0.943425 3.11006 1.5
    endloop
  endfacet
  facet normal -0.336897 0.941541 0
    outer loop
      vertex -1.24372 3.00261 1.5
      vertex -0.943425 3.11006 0
      vertex -1.24372 3.00261 0
    endloop
  endfacet
  facet normal -0.51409 -0.857736 0
    outer loop
      vertex -1.8056 -2.70228 0
      vertex -1.53204 -2.86624 1.5
      vertex -1.8056 -2.70228 1.5
    endloop
  endfacet
  facet normal -0.51409 -0.857736 -0
    outer loop
      vertex -1.53204 -2.86624 1.5
      vertex -1.8056 -2.70228 0
      vertex -1.53204 -2.86624 0
    endloop
  endfacet
  facet normal 0.595707 -0.803202 0
    outer loop
      vertex 1.8056 -2.70228 0
      vertex 2.06178 -2.51228 1.5
      vertex 1.8056 -2.70228 1.5
    endloop
  endfacet
  facet normal 0.595707 -0.803202 0
    outer loop
      vertex 2.06178 -2.51228 1.5
      vertex 1.8056 -2.70228 0
      vertex 2.06178 -2.51228 0
    endloop
  endfacet
  facet normal -0.336897 -0.941541 0
    outer loop
      vertex -1.24372 -3.00261 0
      vertex -0.943425 -3.11006 1.5
      vertex -1.24372 -3.00261 1.5
    endloop
  endfacet
  facet normal -0.336897 -0.941541 -0
    outer loop
      vertex -0.943425 -3.11006 1.5
      vertex -1.24372 -3.00261 0
      vertex -0.943425 -3.11006 0
    endloop
  endfacet
  facet normal -0.803202 -0.595707 0
    outer loop
      vertex -2.51228 -2.06178 0
      vertex -2.70228 -1.8056 1.5
      vertex -2.70228 -1.8056 0
    endloop
  endfacet
  facet normal -0.803202 -0.595707 0
    outer loop
      vertex -2.70228 -1.8056 1.5
      vertex -2.51228 -2.06178 0
      vertex -2.51228 -2.06178 1.5
    endloop
  endfacet
  facet normal -0.903983 0.427567 0
    outer loop
      vertex -3.00261 1.24372 0
      vertex -2.86624 1.53204 1.5
      vertex -2.86624 1.53204 0
    endloop
  endfacet
  facet normal -0.903983 0.427567 0
    outer loop
      vertex -2.86624 1.53204 1.5
      vertex -3.00261 1.24372 0
      vertex -3.00261 1.24372 1.5
    endloop
  endfacet
  facet normal -0.989176 -0.146736 0
    outer loop
      vertex -3.18755 -0.634043 0
      vertex -3.23435 -0.318555 1.5
      vertex -3.23435 -0.318555 0
    endloop
  endfacet
  facet normal -0.989176 -0.146736 0
    outer loop
      vertex -3.23435 -0.318555 1.5
      vertex -3.18755 -0.634043 0
      vertex -3.18755 -0.634043 1.5
    endloop
  endfacet
  facet normal 0.242962 0.970036 -0
    outer loop
      vertex 0.943425 3.11006 0
      vertex 0.634043 3.18755 1.5
      vertex 0.943425 3.11006 1.5
    endloop
  endfacet
  facet normal 0.242962 0.970036 0
    outer loop
      vertex 0.634043 3.18755 1.5
      vertex 0.943425 3.11006 0
      vertex 0.634043 3.18755 0
    endloop
  endfacet
  facet normal 0.51409 -0.857736 0
    outer loop
      vertex 1.53204 -2.86624 0
      vertex 1.8056 -2.70228 1.5
      vertex 1.53204 -2.86624 1.5
    endloop
  endfacet
  facet normal 0.51409 -0.857736 0
    outer loop
      vertex 1.8056 -2.70228 1.5
      vertex 1.53204 -2.86624 0
      vertex 1.8056 -2.70228 0
    endloop
  endfacet
  facet normal -0.671545 -0.740964 0
    outer loop
      vertex -2.2981 -2.2981 0
      vertex -2.06178 -2.51228 1.5
      vertex -2.2981 -2.2981 1.5
    endloop
  endfacet
  facet normal -0.671545 -0.740964 -0
    outer loop
      vertex -2.06178 -2.51228 1.5
      vertex -2.2981 -2.2981 0
      vertex -2.06178 -2.51228 0
    endloop
  endfacet
  facet normal -0.0490689 -0.998795 0
    outer loop
      vertex -0.318555 -3.23435 0
      vertex 0 -3.25 1.5
      vertex -0.318555 -3.23435 1.5
    endloop
  endfacet
  facet normal -0.0490689 -0.998795 -0
    outer loop
      vertex 0 -3.25 1.5
      vertex -0.318555 -3.23435 0
      vertex 0 -3.25 0
    endloop
  endfacet
  facet normal 0 0 1
    outer loop
      vertex 1.75 0 1.5
      vertex 3.25 0 1.5
      vertex 3.23435 0.318555 1.5
    endloop
  endfacet
  facet normal 0 0 1
    outer loop
      vertex 1.74157 0.17153 1.5
      vertex 3.23435 0.318555 1.5
      vertex 3.18755 0.634043 1.5
    endloop
  endfacet
  facet normal 0 0 1
    outer loop
      vertex 3.25 0 1.5
      vertex 1.75 0 1.5
      vertex 3.23435 -0.318555 1.5
    endloop
  endfacet
  facet normal 0 0 1
    outer loop
      vertex 1.71637 0.341408 1.5
      vertex 3.18755 0.634043 1.5
      vertex 3.11006 0.943425 1.5
    endloop
  endfacet
  facet normal -0 0 1
    outer loop
      vertex 1.74157 -0.17153 1.5
      vertex 3.23435 -0.318555 1.5
      vertex 1.75 0 1.5
    endloop
  endfacet
  facet normal 0 0 1
    outer loop
      vertex 1.67465 0.507998 1.5
      vertex 3.11006 0.943425 1.5
      vertex 3.00261 1.24372 1.5
    endloop
  endfacet
  facet normal 0 0 1
    outer loop
      vertex 3.23435 -0.318555 1.5
      vertex 1.74157 -0.17153 1.5
      vertex 3.18755 -0.634043 1.5
    endloop
  endfacet
  facet normal 0 0 1
    outer loop
      vertex 1.61679 0.669696 1.5
      vertex 3.00261 1.24372 1.5
      vertex 2.86624 1.53204 1.5
    endloop
  endfacet
  facet normal -0 0 1
    outer loop
      vertex 1.71637 -0.341408 1.5
      vertex 3.18755 -0.634043 1.5
      vertex 1.74157 -0.17153 1.5
    endloop
  endfacet
  facet normal 0 0 1
    outer loop
      vertex 1.54336 0.824944 1.5
      vertex 2.86624 1.53204 1.5
      vertex 2.70228 1.8056 1.5
    endloop
  endfacet
  facet normal 0 0 1
    outer loop
      vertex 3.18755 -0.634043 1.5
      vertex 1.71637 -0.341408 1.5
      vertex 3.11006 -0.943425 1.5
    endloop
  endfacet
  facet normal 0 0 1
    outer loop
      vertex 1.45507 0.972247 1.5
      vertex 2.70228 1.8056 1.5
      vertex 2.51228 2.06178 1.5
    endloop
  endfacet
  facet normal -0 0 1
    outer loop
      vertex 1.67465 -0.507998 1.5
      vertex 3.11006 -0.943425 1.5
      vertex 1.71637 -0.341408 1.5
    endloop
  endfacet
  facet normal 0 0 1
    outer loop
      vertex 1.35277 1.11019 1.5
      vertex 2.51228 2.06178 1.5
      vertex 2.2981 2.2981 1.5
    endloop
  endfacet
  facet normal 0 0 1
    outer loop
      vertex 3.11006 -0.943425 1.5
      vertex 1.67465 -0.507998 1.5
      vertex 3.00261 -1.24372 1.5
    endloop
  endfacet
  facet normal 0 0 1
    outer loop
      vertex 1.23744 1.23744 1.5
      vertex 2.2981 2.2981 1.5
      vertex 2.06178 2.51228 1.5
    endloop
  endfacet
  facet normal -0 0 1
    outer loop
      vertex 1.61679 -0.669696 1.5
      vertex 3.00261 -1.24372 1.5
      vertex 1.67465 -0.507998 1.5
    endloop
  endfacet
  facet normal 0 0 1
    outer loop
      vertex 1.11019 1.35277 1.5
      vertex 2.06178 2.51228 1.5
      vertex 1.8056 2.70228 1.5
    endloop
  endfacet
  facet normal 0 0 1
    outer loop
      vertex 3.00261 -1.24372 1.5
      vertex 1.61679 -0.669696 1.5
      vertex 2.86624 -1.53204 1.5
    endloop
  endfacet
  facet normal -0 0 1
    outer loop
      vertex 1.54336 -0.824944 1.5
      vertex 2.86624 -1.53204 1.5
      vertex 1.61679 -0.669696 1.5
    endloop
  endfacet
  facet normal 0 0 1
    outer loop
      vertex 3.23435 0.318555 1.5
      vertex 1.74157 0.17153 1.5
      vertex 1.75 0 1.5
    endloop
  endfacet
  facet normal 0 0 1
    outer loop
      vertex 3.18755 0.634043 1.5
      vertex 1.71637 0.341408 1.5
      vertex 1.74157 0.17153 1.5
    endloop
  endfacet
  facet normal 0 0 1
    outer loop
      vertex 3.11006 0.943425 1.5
      vertex 1.67465 0.507998 1.5
      vertex 1.71637 0.341408 1.5
    endloop
  endfacet
  facet normal 0 0 1
    outer loop
      vertex 3.00261 1.24372 1.5
      vertex 1.61679 0.669696 1.5
      vertex 1.67465 0.507998 1.5
    endloop
  endfacet
  facet normal 0 0 1
    outer loop
      vertex 2.86624 1.53204 1.5
      vertex 1.54336 0.824944 1.5
      vertex 1.61679 0.669696 1.5
    endloop
  endfacet
  facet normal 0 0 1
    outer loop
      vertex 0.972247 1.45507 1.5
      vertex 1.8056 2.70228 1.5
      vertex 1.53204 2.86624 1.5
    endloop
  endfacet
  facet normal 0 0 1
    outer loop
      vertex 2.70228 1.8056 1.5
      vertex 1.45507 0.972247 1.5
      vertex 1.54336 0.824944 1.5
    endloop
  endfacet
  facet normal 0 0 1
    outer loop
      vertex 2.51228 2.06178 1.5
      vertex 1.35277 1.11019 1.5
      vertex 1.45507 0.972247 1.5
    endloop
  endfacet
  facet normal 0 0 1
    outer loop
      vertex 0.824944 1.54336 1.5
      vertex 1.53204 2.86624 1.5
      vertex 1.24372 3.00261 1.5
    endloop
  endfacet
  facet normal 0 0 1
    outer loop
      vertex 2.2981 2.2981 1.5
      vertex 1.23744 1.23744 1.5
      vertex 1.35277 1.11019 1.5
    endloop
  endfacet
  facet normal 0 0 1
    outer loop
      vertex 2.06178 2.51228 1.5
      vertex 1.11019 1.35277 1.5
      vertex 1.23744 1.23744 1.5
    endloop
  endfacet
  facet normal 0 0 1
    outer loop
      vertex 1.8056 2.70228 1.5
      vertex 0.972247 1.45507 1.5
      vertex 1.11019 1.35277 1.5
    endloop
  endfacet
  facet normal 0 0 1
    outer loop
      vertex 0.669696 1.61679 1.5
      vertex 1.24372 3.00261 1.5
      vertex 0.943425 3.11006 1.5
    endloop
  endfacet
  facet normal 0 0 1
    outer loop
      vertex 1.53204 2.86624 1.5
      vertex 0.824944 1.54336 1.5
      vertex 0.972247 1.45507 1.5
    endloop
  endfacet
  facet normal 0 0 1
    outer loop
      vertex 1.24372 3.00261 1.5
      vertex 0.669696 1.61679 1.5
      vertex 0.824944 1.54336 1.5
    endloop
  endfacet
  facet normal 0 0 1
    outer loop
      vertex 0.507998 1.67465 1.5
      vertex 0.943425 3.11006 1.5
      vertex 0.634043 3.18755 1.5
    endloop
  endfacet
  facet normal 0 0 1
    outer loop
      vertex 0.943425 3.11006 1.5
      vertex 0.507998 1.67465 1.5
      vertex 0.669696 1.61679 1.5
    endloop
  endfacet
  facet normal 0 0 1
    outer loop
      vertex 0.634043 3.18755 1.5
      vertex 0.341408 1.71637 1.5
      vertex 0.507998 1.67465 1.5
    endloop
  endfacet
  facet normal 0 0 1
    outer loop
      vertex 0.318555 3.23435 1.5
      vertex 0.341408 1.71637 1.5
      vertex 0.634043 3.18755 1.5
    endloop
  endfacet
  facet normal 0 0 1
    outer loop
      vertex 0.318555 3.23435 1.5
      vertex 0.17153 1.74157 1.5
      vertex 0.341408 1.71637 1.5
    endloop
  endfacet
  facet normal 0 0 1
    outer loop
      vertex 0 3.25 1.5
      vertex 0.17153 1.74157 1.5
      vertex 0.318555 3.23435 1.5
    endloop
  endfacet
  facet normal 0 0 1
    outer loop
      vertex 0 3.25 1.5
      vertex 0 1.75 1.5
      vertex 0.17153 1.74157 1.5
    endloop
  endfacet
  facet normal 0 0 1
    outer loop
      vertex 0 3.25 1.5
      vertex -0.17153 1.74157 1.5
      vertex 0 1.75 1.5
    endloop
  endfacet
  facet normal -0 0 1
    outer loop
      vertex -0.318555 3.23435 1.5
      vertex -0.17153 1.74157 1.5
      vertex 0 3.25 1.5
    endloop
  endfacet
  facet normal 0 0 1
    outer loop
      vertex -0.318555 3.23435 1.5
      vertex -0.341408 1.71637 1.5
      vertex -0.17153 1.74157 1.5
    endloop
  endfacet
  facet normal -0 0 1
    outer loop
      vertex -0.634043 3.18755 1.5
      vertex -0.341408 1.71637 1.5
      vertex -0.318555 3.23435 1.5
    endloop
  endfacet
  facet normal 0 0 1
    outer loop
      vertex -0.341408 1.71637 1.5
      vertex -0.634043 3.18755 1.5
      vertex -0.507998 1.67465 1.5
    endloop
  endfacet
  facet normal -0 0 1
    outer loop
      vertex -0.943425 3.11006 1.5
      vertex -0.507998 1.67465 1.5
      vertex -0.634043 3.18755 1.5
    endloop
  endfacet
  facet normal 0 0 1
    outer loop
      vertex -0.507998 1.67465 1.5
      vertex -0.943425 3.11006 1.5
      vertex -0.669696 1.61679 1.5
    endloop
  endfacet
  facet normal -0 0 1
    outer loop
      vertex -1.24372 3.00261 1.5
      vertex -0.669696 1.61679 1.5
      vertex -0.943425 3.11006 1.5
    endloop
  endfacet
  facet normal 0 0 1
    outer loop
      vertex -0.669696 1.61679 1.5
      vertex -1.24372 3.00261 1.5
      vertex -0.824944 1.54336 1.5
    endloop
  endfacet
  facet normal -0 0 1
    outer loop
      vertex -1.53204 2.86624 1.5
      vertex -0.824944 1.54336 1.5
      vertex -1.24372 3.00261 1.5
    endloop
  endfacet
  facet normal 0 0 1
    outer loop
      vertex -0.824944 1.54336 1.5
      vertex -1.53204 2.86624 1.5
      vertex -0.972247 1.45507 1.5
    endloop
  endfacet
  facet normal -0 0 1
    outer loop
      vertex -1.8056 2.70228 1.5
      vertex -0.972247 1.45507 1.5
      vertex -1.53204 2.86624 1.5
    endloop
  endfacet
  facet normal 0 0 1
    outer loop
      vertex -0.972247 1.45507 1.5
      vertex -1.8056 2.70228 1.5
      vertex -1.11019 1.35277 1.5
    endloop
  endfacet
  facet normal -0 0 1
    outer loop
      vertex -2.06178 2.51228 1.5
      vertex -1.11019 1.35277 1.5
      vertex -1.8056 2.70228 1.5
    endloop
  endfacet
  facet normal 0 0 1
    outer loop
      vertex -1.11019 1.35277 1.5
      vertex -2.06178 2.51228 1.5
      vertex -1.23744 1.23744 1.5
    endloop
  endfacet
  facet normal -0 0 1
    outer loop
      vertex -2.2981 2.2981 1.5
      vertex -1.23744 1.23744 1.5
      vertex -2.06178 2.51228 1.5
    endloop
  endfacet
  facet normal 0 0 1
    outer loop
      vertex -1.23744 1.23744 1.5
      vertex -2.2981 2.2981 1.5
      vertex -1.35277 1.11019 1.5
    endloop
  endfacet
  facet normal -0 0 1
    outer loop
      vertex -2.51228 2.06178 1.5
      vertex -1.35277 1.11019 1.5
      vertex -2.2981 2.2981 1.5
    endloop
  endfacet
  facet normal 0 0 1
    outer loop
      vertex -1.35277 1.11019 1.5
      vertex -2.51228 2.06178 1.5
      vertex -1.45507 0.972247 1.5
    endloop
  endfacet
  facet normal -0 0 1
    outer loop
      vertex -2.70228 1.8056 1.5
      vertex -1.45507 0.972247 1.5
      vertex -2.51228 2.06178 1.5
    endloop
  endfacet
  facet normal -0 0 1
    outer loop
      vertex -2.86624 1.53204 1.5
      vertex -1.54336 0.824944 1.5
      vertex -2.70228 1.8056 1.5
    endloop
  endfacet
  facet normal 0 0 1
    outer loop
      vertex -1.45507 0.972247 1.5
      vertex -2.70228 1.8056 1.5
      vertex -1.54336 0.824944 1.5
    endloop
  endfacet
  facet normal 0 0 1
    outer loop
      vertex 2.86624 -1.53204 1.5
      vertex 1.54336 -0.824944 1.5
      vertex 2.70228 -1.8056 1.5
    endloop
  endfacet
  facet normal -0 0 1
    outer loop
      vertex 1.45507 -0.972247 1.5
      vertex 2.70228 -1.8056 1.5
      vertex 1.54336 -0.824944 1.5
    endloop
  endfacet
  facet normal 0 0 1
    outer loop
      vertex 2.70228 -1.8056 1.5
      vertex 1.45507 -0.972247 1.5
      vertex 2.51228 -2.06178 1.5
    endloop
  endfacet
  facet normal -0 0 1
    outer loop
      vertex 1.35277 -1.11019 1.5
      vertex 2.51228 -2.06178 1.5
      vertex 1.45507 -0.972247 1.5
    endloop
  endfacet
  facet normal 0 0 1
    outer loop
      vertex 2.51228 -2.06178 1.5
      vertex 1.35277 -1.11019 1.5
      vertex 2.2981 -2.2981 1.5
    endloop
  endfacet
  facet normal -0 0 1
    outer loop
      vertex 1.23744 -1.23744 1.5
      vertex 2.2981 -2.2981 1.5
      vertex 1.35277 -1.11019 1.5
    endloop
  endfacet
  facet normal 0 0 1
    outer loop
      vertex 2.2981 -2.2981 1.5
      vertex 1.23744 -1.23744 1.5
      vertex 2.06178 -2.51228 1.5
    endloop
  endfacet
  facet normal -0 0 1
    outer loop
      vertex 1.11019 -1.35277 1.5
      vertex 2.06178 -2.51228 1.5
      vertex 1.23744 -1.23744 1.5
    endloop
  endfacet
  facet normal 0 0 1
    outer loop
      vertex 2.06178 -2.51228 1.5
      vertex 1.11019 -1.35277 1.5
      vertex 1.8056 -2.70228 1.5
    endloop
  endfacet
  facet normal -0 0 1
    outer loop
      vertex 0.972247 -1.45507 1.5
      vertex 1.8056 -2.70228 1.5
      vertex 1.11019 -1.35277 1.5
    endloop
  endfacet
  facet normal 0 0 1
    outer loop
      vertex 1.8056 -2.70228 1.5
      vertex 0.972247 -1.45507 1.5
      vertex 1.53204 -2.86624 1.5
    endloop
  endfacet
  facet normal -0 0 1
    outer loop
      vertex 0.824944 -1.54336 1.5
      vertex 1.53204 -2.86624 1.5
      vertex 0.972247 -1.45507 1.5
    endloop
  endfacet
  facet normal 0 0 1
    outer loop
      vertex 1.53204 -2.86624 1.5
      vertex 0.824944 -1.54336 1.5
      vertex 1.24372 -3.00261 1.5
    endloop
  endfacet
  facet normal -0 0 1
    outer loop
      vertex 0.669696 -1.61679 1.5
      vertex 1.24372 -3.00261 1.5
      vertex 0.824944 -1.54336 1.5
    endloop
  endfacet
  facet normal 0 0 1
    outer loop
      vertex 1.24372 -3.00261 1.5
      vertex 0.669696 -1.61679 1.5
      vertex 0.943425 -3.11006 1.5
    endloop
  endfacet
  facet normal -0 0 1
    outer loop
      vertex 0.507998 -1.67465 1.5
      vertex 0.943425 -3.11006 1.5
      vertex 0.669696 -1.61679 1.5
    endloop
  endfacet
  facet normal 0 0 1
    outer loop
      vertex 0.943425 -3.11006 1.5
      vertex 0.507998 -1.67465 1.5
      vertex 0.634043 -3.18755 1.5
    endloop
  endfacet
  facet normal -0 0 1
    outer loop
      vertex 0.341408 -1.71637 1.5
      vertex 0.634043 -3.18755 1.5
      vertex 0.507998 -1.67465 1.5
    endloop
  endfacet
  facet normal 0 0 1
    outer loop
      vertex 0.341408 -1.71637 1.5
      vertex 0.318555 -3.23435 1.5
      vertex 0.634043 -3.18755 1.5
    endloop
  endfacet
  facet normal -0 0 1
    outer loop
      vertex 0.17153 -1.74157 1.5
      vertex 0.318555 -3.23435 1.5
      vertex 0.341408 -1.71637 1.5
    endloop
  endfacet
  facet normal -0 0 1
    outer loop
      vertex 0 -1.75 1.5
      vertex 0.318555 -3.23435 1.5
      vertex 0.17153 -1.74157 1.5
    endloop
  endfacet
  facet normal 0 0 1
    outer loop
      vertex 0 -1.75 1.5
      vertex 0 -3.25 1.5
      vertex 0.318555 -3.23435 1.5
    endloop
  endfacet
  facet normal 0 0 1
    outer loop
      vertex -0.17153 -1.74157 1.5
      vertex 0 -3.25 1.5
      vertex 0 -1.75 1.5
    endloop
  endfacet
  facet normal 0 0 1
    outer loop
      vertex -0.17153 -1.74157 1.5
      vertex -0.318555 -3.23435 1.5
      vertex 0 -3.25 1.5
    endloop
  endfacet
  facet normal 0 0 1
    outer loop
      vertex -0.341408 -1.71637 1.5
      vertex -0.318555 -3.23435 1.5
      vertex -0.17153 -1.74157 1.5
    endloop
  endfacet
  facet normal 0 0 1
    outer loop
      vertex -0.634043 -3.18755 1.5
      vertex -0.341408 -1.71637 1.5
      vertex -0.507998 -1.67465 1.5
    endloop
  endfacet
  facet normal 0 0 1
    outer loop
      vertex -0.341408 -1.71637 1.5
      vertex -0.634043 -3.18755 1.5
      vertex -0.318555 -3.23435 1.5
    endloop
  endfacet
  facet normal 0 0 1
    outer loop
      vertex -0.943425 -3.11006 1.5
      vertex -0.507998 -1.67465 1.5
      vertex -0.669696 -1.61679 1.5
    endloop
  endfacet
  facet normal 0 0 1
    outer loop
      vertex -1.24372 -3.00261 1.5
      vertex -0.669696 -1.61679 1.5
      vertex -0.824944 -1.54336 1.5
    endloop
  endfacet
  facet normal 0 0 1
    outer loop
      vertex -0.507998 -1.67465 1.5
      vertex -0.943425 -3.11006 1.5
      vertex -0.634043 -3.18755 1.5
    endloop
  endfacet
  facet normal 0 0 1
    outer loop
      vertex -1.53204 -2.86624 1.5
      vertex -0.824944 -1.54336 1.5
      vertex -0.972247 -1.45507 1.5
    endloop
  endfacet
  facet normal 0 0 1
    outer loop
      vertex -1.8056 -2.70228 1.5
      vertex -0.972247 -1.45507 1.5
      vertex -1.11019 -1.35277 1.5
    endloop
  endfacet
  facet normal 0 0 1
    outer loop
      vertex -2.06178 -2.51228 1.5
      vertex -1.11019 -1.35277 1.5
      vertex -1.23744 -1.23744 1.5
    endloop
  endfacet
  facet normal 0 0 1
    outer loop
      vertex -0.669696 -1.61679 1.5
      vertex -1.24372 -3.00261 1.5
      vertex -0.943425 -3.11006 1.5
    endloop
  endfacet
  facet normal 0 0 1
    outer loop
      vertex -2.2981 -2.2981 1.5
      vertex -1.23744 -1.23744 1.5
      vertex -1.35277 -1.11019 1.5
    endloop
  endfacet
  facet normal 0 0 1
    outer loop
      vertex -2.51228 -2.06178 1.5
      vertex -1.35277 -1.11019 1.5
      vertex -1.45507 -0.972247 1.5
    endloop
  endfacet
  facet normal 0 0 1
    outer loop
      vertex -0.824944 -1.54336 1.5
      vertex -1.53204 -2.86624 1.5
      vertex -1.24372 -3.00261 1.5
    endloop
  endfacet
  facet normal 0 0 1
    outer loop
      vertex -2.70228 -1.8056 1.5
      vertex -1.45507 -0.972247 1.5
      vertex -1.54336 -0.824944 1.5
    endloop
  endfacet
  facet normal 0 0 1
    outer loop
      vertex -2.86624 -1.53204 1.5
      vertex -1.54336 -0.824944 1.5
      vertex -1.61679 -0.669696 1.5
    endloop
  endfacet
  facet normal 0 0 1
    outer loop
      vertex -3.00261 -1.24372 1.5
      vertex -1.61679 -0.669696 1.5
      vertex -1.67465 -0.507998 1.5
    endloop
  endfacet
  facet normal 0 0 1
    outer loop
      vertex -3.11006 -0.943425 1.5
      vertex -1.67465 -0.507998 1.5
      vertex -1.71637 -0.341408 1.5
    endloop
  endfacet
  facet normal 0 0 1
    outer loop
      vertex -3.18755 -0.634043 1.5
      vertex -1.71637 -0.341408 1.5
      vertex -1.74157 -0.17153 1.5
    endloop
  endfacet
  facet normal 0 0 1
    outer loop
      vertex -0.972247 -1.45507 1.5
      vertex -1.8056 -2.70228 1.5
      vertex -1.53204 -2.86624 1.5
    endloop
  endfacet
  facet normal 0 0 1
    outer loop
      vertex -3.23435 -0.318555 1.5
      vertex -1.74157 -0.17153 1.5
      vertex -1.75 0 1.5
    endloop
  endfacet
  facet normal 0 0 1
    outer loop
      vertex -1.54336 0.824944 1.5
      vertex -2.86624 1.53204 1.5
      vertex -1.61679 0.669696 1.5
    endloop
  endfacet
  facet normal -0 0 1
    outer loop
      vertex -3.00261 1.24372 1.5
      vertex -1.61679 0.669696 1.5
      vertex -2.86624 1.53204 1.5
    endloop
  endfacet
  facet normal 0 0 1
    outer loop
      vertex -1.11019 -1.35277 1.5
      vertex -2.06178 -2.51228 1.5
      vertex -1.8056 -2.70228 1.5
    endloop
  endfacet
  facet normal 0 0 1
    outer loop
      vertex -1.61679 0.669696 1.5
      vertex -3.00261 1.24372 1.5
      vertex -1.67465 0.507998 1.5
    endloop
  endfacet
  facet normal 0 0 1
    outer loop
      vertex -1.23744 -1.23744 1.5
      vertex -2.2981 -2.2981 1.5
      vertex -2.06178 -2.51228 1.5
    endloop
  endfacet
  facet normal -0 0 1
    outer loop
      vertex -3.11006 0.943425 1.5
      vertex -1.67465 0.507998 1.5
      vertex -3.00261 1.24372 1.5
    endloop
  endfacet
  facet normal 0 0 1
    outer loop
      vertex -1.35277 -1.11019 1.5
      vertex -2.51228 -2.06178 1.5
      vertex -2.2981 -2.2981 1.5
    endloop
  endfacet
  facet normal 0 0 1
    outer loop
      vertex -1.67465 0.507998 1.5
      vertex -3.11006 0.943425 1.5
      vertex -1.71637 0.341408 1.5
    endloop
  endfacet
  facet normal 0 0 1
    outer loop
      vertex -1.45507 -0.972247 1.5
      vertex -2.70228 -1.8056 1.5
      vertex -2.51228 -2.06178 1.5
    endloop
  endfacet
  facet normal -0 0 1
    outer loop
      vertex -3.18755 0.634043 1.5
      vertex -1.71637 0.341408 1.5
      vertex -3.11006 0.943425 1.5
    endloop
  endfacet
  facet normal 0 0 1
    outer loop
      vertex -1.54336 -0.824944 1.5
      vertex -2.86624 -1.53204 1.5
      vertex -2.70228 -1.8056 1.5
    endloop
  endfacet
  facet normal 0 0 1
    outer loop
      vertex -1.71637 0.341408 1.5
      vertex -3.18755 0.634043 1.5
      vertex -1.74157 0.17153 1.5
    endloop
  endfacet
  facet normal 0 0 1
    outer loop
      vertex -1.61679 -0.669696 1.5
      vertex -3.00261 -1.24372 1.5
      vertex -2.86624 -1.53204 1.5
    endloop
  endfacet
  facet normal -0 0 1
    outer loop
      vertex -3.23435 0.318555 1.5
      vertex -1.74157 0.17153 1.5
      vertex -3.18755 0.634043 1.5
    endloop
  endfacet
  facet normal 0 0 1
    outer loop
      vertex -1.67465 -0.507998 1.5
      vertex -3.11006 -0.943425 1.5
      vertex -3.00261 -1.24372 1.5
    endloop
  endfacet
  facet normal 0 0 1
    outer loop
      vertex -1.74157 0.17153 1.5
      vertex -3.23435 0.318555 1.5
      vertex -1.75 0 1.5
    endloop
  endfacet
  facet normal 0 0 1
    outer loop
      vertex -1.71637 -0.341408 1.5
      vertex -3.18755 -0.634043 1.5
      vertex -3.11006 -0.943425 1.5
    endloop
  endfacet
  facet normal 0 0 1
    outer loop
      vertex -3.25 0 1.5
      vertex -1.75 0 1.5
      vertex -3.23435 0.318555 1.5
    endloop
  endfacet
  facet normal 0 0 1
    outer loop
      vertex -1.74157 -0.17153 1.5
      vertex -3.23435 -0.318555 1.5
      vertex -3.18755 -0.634043 1.5
    endloop
  endfacet
  facet normal 0 0 1
    outer loop
      vertex -1.75 0 1.5
      vertex -3.25 0 1.5
      vertex -3.23435 -0.318555 1.5
    endloop
  endfacet
  facet normal -0.998795 0.0490689 0
    outer loop
      vertex -3.25 0 0
      vertex -3.23435 0.318555 1.5
      vertex -3.23435 0.318555 0
    endloop
  endfacet
  facet normal -0.998795 0.0490689 0
    outer loop
      vertex -3.23435 0.318555 1.5
      vertex -3.25 0 0
      vertex -3.25 0 1.5
    endloop
  endfacet
  facet normal 0.671545 -0.740964 0
    outer loop
      vertex 2.06178 -2.51228 0
      vertex 2.2981 -2.2981 1.5
      vertex 2.06178 -2.51228 1.5
    endloop
  endfacet
  facet normal 0.671545 -0.740964 0
    outer loop
      vertex 2.2981 -2.2981 1.5
      vertex 2.06178 -2.51228 0
      vertex 2.2981 -2.2981 0
    endloop
  endfacet
  facet normal 0.989176 0.146736 0
    outer loop
      vertex 1.74157 0.17153 4.9
      vertex 1.71637 0.341408 1.5
      vertex 1.71637 0.341408 4.9
    endloop
  endfacet
  facet normal 0.989176 0.146736 0
    outer loop
      vertex 1.71637 0.341408 1.5
      vertex 1.74157 0.17153 4.9
      vertex 1.74157 0.17153 1.5
    endloop
  endfacet
  facet normal 0.998795 0.0490867 0
    outer loop
      vertex 1.75 0 4.9
      vertex 1.74157 0.17153 1.5
      vertex 1.74157 0.17153 4.9
    endloop
  endfacet
  facet normal 0.998795 0.0490867 0
    outer loop
      vertex 1.74157 0.17153 1.5
      vertex 1.75 0 4.9
      vertex 1.75 0 1.5
    endloop
  endfacet
  facet normal 0.970043 0.242933 0
    outer loop
      vertex 1.71637 0.341408 4.9
      vertex 1.67465 0.507998 1.5
      vertex 1.67465 0.507998 4.9
    endloop
  endfacet
  facet normal 0.970043 0.242933 0
    outer loop
      vertex 1.67465 0.507998 1.5
      vertex 1.71637 0.341408 4.9
      vertex 1.71637 0.341408 1.5
    endloop
  endfacet
  facet normal 0.336908 -0.941538 0
    outer loop
      vertex 0.507998 -1.67465 1.5
      vertex 0.669696 -1.61679 4.9
      vertex 0.507998 -1.67465 4.9
    endloop
  endfacet
  facet normal 0.336908 -0.941538 0
    outer loop
      vertex 0.669696 -1.61679 4.9
      vertex 0.507998 -1.67465 1.5
      vertex 0.669696 -1.61679 1.5
    endloop
  endfacet
  facet normal -0.67155 0.740959 0
    outer loop
      vertex -1.11019 1.35277 1.5
      vertex -1.23744 1.23744 4.9
      vertex -1.11019 1.35277 4.9
    endloop
  endfacet
  facet normal -0.67155 0.740959 0
    outer loop
      vertex -1.23744 1.23744 4.9
      vertex -1.11019 1.35277 1.5
      vertex -1.23744 1.23744 1.5
    endloop
  endfacet
  facet normal -0.970043 -0.242933 0
    outer loop
      vertex -1.67465 -0.507998 1.5
      vertex -1.71637 -0.341408 4.9
      vertex -1.71637 -0.341408 1.5
    endloop
  endfacet
  facet normal -0.970043 -0.242933 0
    outer loop
      vertex -1.71637 -0.341408 4.9
      vertex -1.67465 -0.507998 1.5
      vertex -1.67465 -0.507998 4.9
    endloop
  endfacet
  facet normal 0.42757 0.903982 -0
    outer loop
      vertex 0.824944 1.54336 1.5
      vertex 0.669696 1.61679 4.9
      vertex 0.824944 1.54336 4.9
    endloop
  endfacet
  facet normal 0.42757 0.903982 0
    outer loop
      vertex 0.669696 1.61679 4.9
      vertex 0.824944 1.54336 1.5
      vertex 0.669696 1.61679 1.5
    endloop
  endfacet
  facet normal -0.242933 -0.970043 0
    outer loop
      vertex -0.507998 -1.67465 1.5
      vertex -0.341408 -1.71637 4.9
      vertex -0.507998 -1.67465 4.9
    endloop
  endfacet
  facet normal -0.242933 -0.970043 -0
    outer loop
      vertex -0.341408 -1.71637 4.9
      vertex -0.507998 -1.67465 1.5
      vertex -0.341408 -1.71637 1.5
    endloop
  endfacet
  facet normal -0.146736 -0.989176 0
    outer loop
      vertex -0.341408 -1.71637 1.5
      vertex -0.17153 -1.74157 4.9
      vertex -0.341408 -1.71637 4.9
    endloop
  endfacet
  facet normal -0.146736 -0.989176 -0
    outer loop
      vertex -0.17153 -1.74157 4.9
      vertex -0.341408 -1.71637 1.5
      vertex -0.17153 -1.74157 1.5
    endloop
  endfacet
  facet normal 0.242933 0.970043 -0
    outer loop
      vertex 0.507998 1.67465 1.5
      vertex 0.341408 1.71637 4.9
      vertex 0.507998 1.67465 4.9
    endloop
  endfacet
  facet normal 0.242933 0.970043 0
    outer loop
      vertex 0.341408 1.71637 4.9
      vertex 0.507998 1.67465 1.5
      vertex 0.341408 1.71637 1.5
    endloop
  endfacet
  facet normal -0.740959 0.67155 0
    outer loop
      vertex -1.35277 1.11019 1.5
      vertex -1.23744 1.23744 4.9
      vertex -1.23744 1.23744 1.5
    endloop
  endfacet
  facet normal -0.740959 0.67155 0
    outer loop
      vertex -1.23744 1.23744 4.9
      vertex -1.35277 1.11019 1.5
      vertex -1.35277 1.11019 4.9
    endloop
  endfacet
  facet normal -0.336908 0.941538 0
    outer loop
      vertex -0.507998 1.67465 1.5
      vertex -0.669696 1.61679 4.9
      vertex -0.507998 1.67465 4.9
    endloop
  endfacet
  facet normal -0.336908 0.941538 0
    outer loop
      vertex -0.669696 1.61679 4.9
      vertex -0.507998 1.67465 1.5
      vertex -0.669696 1.61679 1.5
    endloop
  endfacet
  facet normal 0.0490867 -0.998795 0
    outer loop
      vertex 0 -1.75 1.5
      vertex 0.17153 -1.74157 4.9
      vertex 0 -1.75 4.9
    endloop
  endfacet
  facet normal 0.0490867 -0.998795 0
    outer loop
      vertex 0.17153 -1.74157 4.9
      vertex 0 -1.75 1.5
      vertex 0.17153 -1.74157 1.5
    endloop
  endfacet
  facet normal -0.0490867 0.998795 0
    outer loop
      vertex 0 1.75 1.5
      vertex -0.17153 1.74157 4.9
      vertex 0 1.75 4.9
    endloop
  endfacet
  facet normal -0.0490867 0.998795 0
    outer loop
      vertex -0.17153 1.74157 4.9
      vertex 0 1.75 1.5
      vertex -0.17153 1.74157 1.5
    endloop
  endfacet
  facet normal -0.595679 -0.803223 0
    outer loop
      vertex -1.11019 -1.35277 1.5
      vertex -0.972247 -1.45507 4.9
      vertex -1.11019 -1.35277 4.9
    endloop
  endfacet
  facet normal -0.595679 -0.803223 -0
    outer loop
      vertex -0.972247 -1.45507 4.9
      vertex -1.11019 -1.35277 1.5
      vertex -0.972247 -1.45507 1.5
    endloop
  endfacet
  facet normal -0.903982 -0.42757 0
    outer loop
      vertex -1.54336 -0.824944 1.5
      vertex -1.61679 -0.669696 4.9
      vertex -1.61679 -0.669696 1.5
    endloop
  endfacet
  facet normal -0.903982 -0.42757 0
    outer loop
      vertex -1.61679 -0.669696 4.9
      vertex -1.54336 -0.824944 1.5
      vertex -1.54336 -0.824944 4.9
    endloop
  endfacet
  facet normal -0.146736 0.989176 0
    outer loop
      vertex -0.17153 1.74157 1.5
      vertex -0.341408 1.71637 4.9
      vertex -0.17153 1.74157 4.9
    endloop
  endfacet
  facet normal -0.146736 0.989176 0
    outer loop
      vertex -0.341408 1.71637 4.9
      vertex -0.17153 1.74157 1.5
      vertex -0.341408 1.71637 1.5
    endloop
  endfacet
  facet normal 0.514103 0.857729 -0
    outer loop
      vertex 0.972247 1.45507 1.5
      vertex 0.824944 1.54336 4.9
      vertex 0.972247 1.45507 4.9
    endloop
  endfacet
  facet normal 0.514103 0.857729 0
    outer loop
      vertex 0.824944 1.54336 4.9
      vertex 0.972247 1.45507 1.5
      vertex 0.824944 1.54336 1.5
    endloop
  endfacet
  facet normal -0.998795 -0.0490867 0
    outer loop
      vertex -1.74157 -0.17153 1.5
      vertex -1.75 0 4.9
      vertex -1.75 0 1.5
    endloop
  endfacet
  facet normal -0.998795 -0.0490867 0
    outer loop
      vertex -1.75 0 4.9
      vertex -1.74157 -0.17153 1.5
      vertex -1.74157 -0.17153 4.9
    endloop
  endfacet
  facet normal -0.903982 0.42757 0
    outer loop
      vertex -1.61679 0.669696 1.5
      vertex -1.54336 0.824944 4.9
      vertex -1.54336 0.824944 1.5
    endloop
  endfacet
  facet normal -0.903982 0.42757 0
    outer loop
      vertex -1.54336 0.824944 4.9
      vertex -1.61679 0.669696 1.5
      vertex -1.61679 0.669696 4.9
    endloop
  endfacet
  facet normal 0.970043 -0.242933 0
    outer loop
      vertex 1.67465 -0.507998 4.9
      vertex 1.71637 -0.341408 1.5
      vertex 1.71637 -0.341408 4.9
    endloop
  endfacet
  facet normal 0.970043 -0.242933 0
    outer loop
      vertex 1.71637 -0.341408 1.5
      vertex 1.67465 -0.507998 4.9
      vertex 1.67465 -0.507998 1.5
    endloop
  endfacet
  facet normal 0.67155 0.740959 -0
    outer loop
      vertex 1.23744 1.23744 1.5
      vertex 1.11019 1.35277 4.9
      vertex 1.23744 1.23744 4.9
    endloop
  endfacet
  facet normal 0.67155 0.740959 0
    outer loop
      vertex 1.11019 1.35277 4.9
      vertex 1.23744 1.23744 1.5
      vertex 1.11019 1.35277 1.5
    endloop
  endfacet
  facet normal 0.595679 0.803223 -0
    outer loop
      vertex 1.11019 1.35277 1.5
      vertex 0.972247 1.45507 4.9
      vertex 1.11019 1.35277 4.9
    endloop
  endfacet
  facet normal 0.595679 0.803223 0
    outer loop
      vertex 0.972247 1.45507 4.9
      vertex 1.11019 1.35277 1.5
      vertex 0.972247 1.45507 1.5
    endloop
  endfacet
  facet normal -0.595679 0.803223 0
    outer loop
      vertex -0.972247 1.45507 1.5
      vertex -1.11019 1.35277 4.9
      vertex -0.972247 1.45507 4.9
    endloop
  endfacet
  facet normal -0.595679 0.803223 0
    outer loop
      vertex -1.11019 1.35277 4.9
      vertex -0.972247 1.45507 1.5
      vertex -1.11019 1.35277 1.5
    endloop
  endfacet
  facet normal 0.514103 -0.857729 0
    outer loop
      vertex 0.824944 -1.54336 1.5
      vertex 0.972247 -1.45507 4.9
      vertex 0.824944 -1.54336 4.9
    endloop
  endfacet
  facet normal 0.514103 -0.857729 0
    outer loop
      vertex 0.972247 -1.45507 4.9
      vertex 0.824944 -1.54336 1.5
      vertex 0.972247 -1.45507 1.5
    endloop
  endfacet
  facet normal 0.740959 0.67155 0
    outer loop
      vertex 1.35277 1.11019 4.9
      vertex 1.23744 1.23744 1.5
      vertex 1.23744 1.23744 4.9
    endloop
  endfacet
  facet normal 0.740959 0.67155 0
    outer loop
      vertex 1.23744 1.23744 1.5
      vertex 1.35277 1.11019 4.9
      vertex 1.35277 1.11019 1.5
    endloop
  endfacet
  facet normal 0.803223 0.595679 0
    outer loop
      vertex 1.45507 0.972247 4.9
      vertex 1.35277 1.11019 1.5
      vertex 1.35277 1.11019 4.9
    endloop
  endfacet
  facet normal 0.803223 0.595679 0
    outer loop
      vertex 1.35277 1.11019 1.5
      vertex 1.45507 0.972247 4.9
      vertex 1.45507 0.972247 1.5
    endloop
  endfacet
  facet normal 0.989176 -0.146736 0
    outer loop
      vertex 1.71637 -0.341408 4.9
      vertex 1.74157 -0.17153 1.5
      vertex 1.74157 -0.17153 4.9
    endloop
  endfacet
  facet normal 0.989176 -0.146736 0
    outer loop
      vertex 1.74157 -0.17153 1.5
      vertex 1.71637 -0.341408 4.9
      vertex 1.71637 -0.341408 1.5
    endloop
  endfacet
  facet normal -0.941538 0.336908 0
    outer loop
      vertex -1.67465 0.507998 1.5
      vertex -1.61679 0.669696 4.9
      vertex -1.61679 0.669696 1.5
    endloop
  endfacet
  facet normal -0.941538 0.336908 0
    outer loop
      vertex -1.61679 0.669696 4.9
      vertex -1.67465 0.507998 1.5
      vertex -1.67465 0.507998 4.9
    endloop
  endfacet
  facet normal 0.903982 -0.42757 0
    outer loop
      vertex 1.54336 -0.824944 4.9
      vertex 1.61679 -0.669696 1.5
      vertex 1.61679 -0.669696 4.9
    endloop
  endfacet
  facet normal 0.903982 -0.42757 0
    outer loop
      vertex 1.61679 -0.669696 1.5
      vertex 1.54336 -0.824944 4.9
      vertex 1.54336 -0.824944 1.5
    endloop
  endfacet
  facet normal 0.998795 -0.0490867 0
    outer loop
      vertex 1.74157 -0.17153 4.9
      vertex 1.75 0 1.5
      vertex 1.75 0 4.9
    endloop
  endfacet
  facet normal 0.998795 -0.0490867 0
    outer loop
      vertex 1.75 0 1.5
      vertex 1.74157 -0.17153 4.9
      vertex 1.74157 -0.17153 1.5
    endloop
  endfacet
  facet normal 0.242933 -0.970043 0
    outer loop
      vertex 0.341408 -1.71637 1.5
      vertex 0.507998 -1.67465 4.9
      vertex 0.341408 -1.71637 4.9
    endloop
  endfacet
  facet normal 0.242933 -0.970043 0
    outer loop
      vertex 0.507998 -1.67465 4.9
      vertex 0.341408 -1.71637 1.5
      vertex 0.507998 -1.67465 1.5
    endloop
  endfacet
  facet normal 0.146736 -0.989176 0
    outer loop
      vertex 0.17153 -1.74157 1.5
      vertex 0.341408 -1.71637 4.9
      vertex 0.17153 -1.74157 4.9
    endloop
  endfacet
  facet normal 0.146736 -0.989176 0
    outer loop
      vertex 0.341408 -1.71637 4.9
      vertex 0.17153 -1.74157 1.5
      vertex 0.341408 -1.71637 1.5
    endloop
  endfacet
  facet normal 0.941538 0.336908 0
    outer loop
      vertex 1.67465 0.507998 4.9
      vertex 1.61679 0.669696 1.5
      vertex 1.61679 0.669696 4.9
    endloop
  endfacet
  facet normal 0.941538 0.336908 0
    outer loop
      vertex 1.61679 0.669696 1.5
      vertex 1.67465 0.507998 4.9
      vertex 1.67465 0.507998 1.5
    endloop
  endfacet
  facet normal 0.803223 -0.595679 0
    outer loop
      vertex 1.35277 -1.11019 4.9
      vertex 1.45507 -0.972247 1.5
      vertex 1.45507 -0.972247 4.9
    endloop
  endfacet
  facet normal 0.803223 -0.595679 0
    outer loop
      vertex 1.45507 -0.972247 1.5
      vertex 1.35277 -1.11019 4.9
      vertex 1.35277 -1.11019 1.5
    endloop
  endfacet
  facet normal 0.857729 -0.514103 0
    outer loop
      vertex 1.45507 -0.972247 4.9
      vertex 1.54336 -0.824944 1.5
      vertex 1.54336 -0.824944 4.9
    endloop
  endfacet
  facet normal 0.857729 -0.514103 0
    outer loop
      vertex 1.54336 -0.824944 1.5
      vertex 1.45507 -0.972247 4.9
      vertex 1.45507 -0.972247 1.5
    endloop
  endfacet
  facet normal 0.42757 -0.903982 0
    outer loop
      vertex 0.669696 -1.61679 1.5
      vertex 0.824944 -1.54336 4.9
      vertex 0.669696 -1.61679 4.9
    endloop
  endfacet
  facet normal 0.42757 -0.903982 0
    outer loop
      vertex 0.824944 -1.54336 4.9
      vertex 0.669696 -1.61679 1.5
      vertex 0.824944 -1.54336 1.5
    endloop
  endfacet
  facet normal 0.0490867 0.998795 -0
    outer loop
      vertex 0.17153 1.74157 1.5
      vertex 0 1.75 4.9
      vertex 0.17153 1.74157 4.9
    endloop
  endfacet
  facet normal 0.0490867 0.998795 0
    outer loop
      vertex 0 1.75 4.9
      vertex 0.17153 1.74157 1.5
      vertex 0 1.75 1.5
    endloop
  endfacet
  facet normal 0.941538 -0.336908 0
    outer loop
      vertex 1.61679 -0.669696 4.9
      vertex 1.67465 -0.507998 1.5
      vertex 1.67465 -0.507998 4.9
    endloop
  endfacet
  facet normal 0.941538 -0.336908 0
    outer loop
      vertex 1.67465 -0.507998 1.5
      vertex 1.61679 -0.669696 4.9
      vertex 1.61679 -0.669696 1.5
    endloop
  endfacet
  facet normal -0.242933 0.970043 0
    outer loop
      vertex -0.341408 1.71637 1.5
      vertex -0.507998 1.67465 4.9
      vertex -0.341408 1.71637 4.9
    endloop
  endfacet
  facet normal -0.242933 0.970043 0
    outer loop
      vertex -0.507998 1.67465 4.9
      vertex -0.341408 1.71637 1.5
      vertex -0.507998 1.67465 1.5
    endloop
  endfacet
  facet normal 0.903982 0.42757 0
    outer loop
      vertex 1.61679 0.669696 4.9
      vertex 1.54336 0.824944 1.5
      vertex 1.54336 0.824944 4.9
    endloop
  endfacet
  facet normal 0.903982 0.42757 0
    outer loop
      vertex 1.54336 0.824944 1.5
      vertex 1.61679 0.669696 4.9
      vertex 1.61679 0.669696 1.5
    endloop
  endfacet
  facet normal -0.42757 0.903982 0
    outer loop
      vertex -0.669696 1.61679 1.5
      vertex -0.824944 1.54336 4.9
      vertex -0.669696 1.61679 4.9
    endloop
  endfacet
  facet normal -0.42757 0.903982 0
    outer loop
      vertex -0.824944 1.54336 4.9
      vertex -0.669696 1.61679 1.5
      vertex -0.824944 1.54336 1.5
    endloop
  endfacet
  facet normal 0.146736 0.989176 -0
    outer loop
      vertex 0.341408 1.71637 1.5
      vertex 0.17153 1.74157 4.9
      vertex 0.341408 1.71637 4.9
    endloop
  endfacet
  facet normal 0.146736 0.989176 0
    outer loop
      vertex 0.17153 1.74157 4.9
      vertex 0.341408 1.71637 1.5
      vertex 0.17153 1.74157 1.5
    endloop
  endfacet
  facet normal -0.857729 -0.514103 0
    outer loop
      vertex -1.45507 -0.972247 1.5
      vertex -1.54336 -0.824944 4.9
      vertex -1.54336 -0.824944 1.5
    endloop
  endfacet
  facet normal -0.857729 -0.514103 0
    outer loop
      vertex -1.54336 -0.824944 4.9
      vertex -1.45507 -0.972247 1.5
      vertex -1.45507 -0.972247 4.9
    endloop
  endfacet
  facet normal 0.857729 0.514103 0
    outer loop
      vertex 1.54336 0.824944 4.9
      vertex 1.45507 0.972247 1.5
      vertex 1.45507 0.972247 4.9
    endloop
  endfacet
  facet normal 0.857729 0.514103 0
    outer loop
      vertex 1.45507 0.972247 1.5
      vertex 1.54336 0.824944 4.9
      vertex 1.54336 0.824944 1.5
    endloop
  endfacet
  facet normal -0.514103 0.857729 0
    outer loop
      vertex -0.824944 1.54336 1.5
      vertex -0.972247 1.45507 4.9
      vertex -0.824944 1.54336 4.9
    endloop
  endfacet
  facet normal -0.514103 0.857729 0
    outer loop
      vertex -0.972247 1.45507 4.9
      vertex -0.824944 1.54336 1.5
      vertex -0.972247 1.45507 1.5
    endloop
  endfacet
  facet normal -0.740959 -0.67155 0
    outer loop
      vertex -1.23744 -1.23744 1.5
      vertex -1.35277 -1.11019 4.9
      vertex -1.35277 -1.11019 1.5
    endloop
  endfacet
  facet normal -0.740959 -0.67155 0
    outer loop
      vertex -1.35277 -1.11019 4.9
      vertex -1.23744 -1.23744 1.5
      vertex -1.23744 -1.23744 4.9
    endloop
  endfacet
  facet normal -0.42757 -0.903982 0
    outer loop
      vertex -0.824944 -1.54336 1.5
      vertex -0.669696 -1.61679 4.9
      vertex -0.824944 -1.54336 4.9
    endloop
  endfacet
  facet normal -0.42757 -0.903982 -0
    outer loop
      vertex -0.669696 -1.61679 4.9
      vertex -0.824944 -1.54336 1.5
      vertex -0.669696 -1.61679 1.5
    endloop
  endfacet
  facet normal -0.941538 -0.336908 0
    outer loop
      vertex -1.61679 -0.669696 1.5
      vertex -1.67465 -0.507998 4.9
      vertex -1.67465 -0.507998 1.5
    endloop
  endfacet
  facet normal -0.941538 -0.336908 0
    outer loop
      vertex -1.67465 -0.507998 4.9
      vertex -1.61679 -0.669696 1.5
      vertex -1.61679 -0.669696 4.9
    endloop
  endfacet
  facet normal -0.514103 -0.857729 0
    outer loop
      vertex -0.972247 -1.45507 1.5
      vertex -0.824944 -1.54336 4.9
      vertex -0.972247 -1.45507 4.9
    endloop
  endfacet
  facet normal -0.514103 -0.857729 -0
    outer loop
      vertex -0.824944 -1.54336 4.9
      vertex -0.972247 -1.45507 1.5
      vertex -0.824944 -1.54336 1.5
    endloop
  endfacet
  facet normal -0.970043 0.242933 0
    outer loop
      vertex -1.71637 0.341408 1.5
      vertex -1.67465 0.507998 4.9
      vertex -1.67465 0.507998 1.5
    endloop
  endfacet
  facet normal -0.970043 0.242933 0
    outer loop
      vertex -1.67465 0.507998 4.9
      vertex -1.71637 0.341408 1.5
      vertex -1.71637 0.341408 4.9
    endloop
  endfacet
  facet normal -0.989176 0.146736 0
    outer loop
      vertex -1.74157 0.17153 1.5
      vertex -1.71637 0.341408 4.9
      vertex -1.71637 0.341408 1.5
    endloop
  endfacet
  facet normal -0.989176 0.146736 0
    outer loop
      vertex -1.71637 0.341408 4.9
      vertex -1.74157 0.17153 1.5
      vertex -1.74157 0.17153 4.9
    endloop
  endfacet
  facet normal 0.336908 0.941538 -0
    outer loop
      vertex 0.669696 1.61679 1.5
      vertex 0.507998 1.67465 4.9
      vertex 0.669696 1.61679 4.9
    endloop
  endfacet
  facet normal 0.336908 0.941538 0
    outer loop
      vertex 0.507998 1.67465 4.9
      vertex 0.669696 1.61679 1.5
      vertex 0.507998 1.67465 1.5
    endloop
  endfacet
  facet normal -0.803223 -0.595679 0
    outer loop
      vertex -1.35277 -1.11019 1.5
      vertex -1.45507 -0.972247 4.9
      vertex -1.45507 -0.972247 1.5
    endloop
  endfacet
  facet normal -0.803223 -0.595679 0
    outer loop
      vertex -1.45507 -0.972247 4.9
      vertex -1.35277 -1.11019 1.5
      vertex -1.35277 -1.11019 4.9
    endloop
  endfacet
  facet normal -0.989176 -0.146736 0
    outer loop
      vertex -1.71637 -0.341408 1.5
      vertex -1.74157 -0.17153 4.9
      vertex -1.74157 -0.17153 1.5
    endloop
  endfacet
  facet normal -0.989176 -0.146736 0
    outer loop
      vertex -1.74157 -0.17153 4.9
      vertex -1.71637 -0.341408 1.5
      vertex -1.71637 -0.341408 4.9
    endloop
  endfacet
  facet normal 0.595679 -0.803223 0
    outer loop
      vertex 0.972247 -1.45507 1.5
      vertex 1.11019 -1.35277 4.9
      vertex 0.972247 -1.45507 4.9
    endloop
  endfacet
  facet normal 0.595679 -0.803223 0
    outer loop
      vertex 1.11019 -1.35277 4.9
      vertex 0.972247 -1.45507 1.5
      vertex 1.11019 -1.35277 1.5
    endloop
  endfacet
  facet normal -0.67155 -0.740959 0
    outer loop
      vertex -1.23744 -1.23744 1.5
      vertex -1.11019 -1.35277 4.9
      vertex -1.23744 -1.23744 4.9
    endloop
  endfacet
  facet normal -0.67155 -0.740959 -0
    outer loop
      vertex -1.11019 -1.35277 4.9
      vertex -1.23744 -1.23744 1.5
      vertex -1.11019 -1.35277 1.5
    endloop
  endfacet
  facet normal -0.803223 0.595679 0
    outer loop
      vertex -1.45507 0.972247 1.5
      vertex -1.35277 1.11019 4.9
      vertex -1.35277 1.11019 1.5
    endloop
  endfacet
  facet normal -0.803223 0.595679 0
    outer loop
      vertex -1.35277 1.11019 4.9
      vertex -1.45507 0.972247 1.5
      vertex -1.45507 0.972247 4.9
    endloop
  endfacet
  facet normal -0.857729 0.514103 0
    outer loop
      vertex -1.54336 0.824944 1.5
      vertex -1.45507 0.972247 4.9
      vertex -1.45507 0.972247 1.5
    endloop
  endfacet
  facet normal -0.857729 0.514103 0
    outer loop
      vertex -1.45507 0.972247 4.9
      vertex -1.54336 0.824944 1.5
      vertex -1.54336 0.824944 4.9
    endloop
  endfacet
  facet normal 0 0 1
    outer loop
      vertex 2.18941 0.215637 5.4
      vertex 2.18941 -0.215637 5.4
      vertex 2.2 0 5.4
    endloop
  endfacet
  facet normal 0 0 1
    outer loop
      vertex 2.15773 0.429198 5.4
      vertex 2.18941 -0.215637 5.4
      vertex 2.18941 0.215637 5.4
    endloop
  endfacet
  facet normal 0 0 1
    outer loop
      vertex 2.15773 0.429198 5.4
      vertex 2.15773 -0.429198 5.4
      vertex 2.18941 -0.215637 5.4
    endloop
  endfacet
  facet normal 0 0 1
    outer loop
      vertex 2.10527 0.638626 5.4
      vertex 2.15773 -0.429198 5.4
      vertex 2.15773 0.429198 5.4
    endloop
  endfacet
  facet normal 0 0 1
    outer loop
      vertex 2.10527 0.638626 5.4
      vertex 2.10527 -0.638626 5.4
      vertex 2.15773 -0.429198 5.4
    endloop
  endfacet
  facet normal 0 0 1
    outer loop
      vertex 2.03253 0.841903 5.4
      vertex 2.10527 -0.638626 5.4
      vertex 2.10527 0.638626 5.4
    endloop
  endfacet
  facet normal 0 0 1
    outer loop
      vertex 2.03253 0.841903 5.4
      vertex 2.03253 -0.841903 5.4
      vertex 2.10527 -0.638626 5.4
    endloop
  endfacet
  facet normal 0 0 1
    outer loop
      vertex 1.94023 1.03707 5.4
      vertex 2.03253 -0.841903 5.4
      vertex 2.03253 0.841903 5.4
    endloop
  endfacet
  facet normal 0 0 1
    outer loop
      vertex 1.94023 1.03707 5.4
      vertex 1.94023 -1.03707 5.4
      vertex 2.03253 -0.841903 5.4
    endloop
  endfacet
  facet normal 0 0 1
    outer loop
      vertex 1.82923 1.22225 5.4
      vertex 1.94023 -1.03707 5.4
      vertex 1.94023 1.03707 5.4
    endloop
  endfacet
  facet normal 0 0 1
    outer loop
      vertex 1.82923 1.22225 5.4
      vertex 1.82923 -1.22225 5.4
      vertex 1.94023 -1.03707 5.4
    endloop
  endfacet
  facet normal 0 0 1
    outer loop
      vertex 1.70062 1.39567 5.4
      vertex 1.82923 -1.22225 5.4
      vertex 1.82923 1.22225 5.4
    endloop
  endfacet
  facet normal 0 0 1
    outer loop
      vertex 1.70062 1.39567 5.4
      vertex 1.70062 -1.39567 5.4
      vertex 1.82923 -1.22225 5.4
    endloop
  endfacet
  facet normal 0 0 1
    outer loop
      vertex 1.55563 1.55563 5.4
      vertex 1.70062 -1.39567 5.4
      vertex 1.70062 1.39567 5.4
    endloop
  endfacet
  facet normal 0 0 1
    outer loop
      vertex 1.55563 1.55563 5.4
      vertex 1.55563 -1.55563 5.4
      vertex 1.70062 -1.39567 5.4
    endloop
  endfacet
  facet normal 0 0 1
    outer loop
      vertex 1.39567 1.70062 5.4
      vertex 1.55563 -1.55563 5.4
      vertex 1.55563 1.55563 5.4
    endloop
  endfacet
  facet normal 0 0 1
    outer loop
      vertex 1.39567 1.70062 5.4
      vertex 1.39567 -1.70062 5.4
      vertex 1.55563 -1.55563 5.4
    endloop
  endfacet
  facet normal 0 0 1
    outer loop
      vertex 1.22225 1.82923 5.4
      vertex 1.39567 -1.70062 5.4
      vertex 1.39567 1.70062 5.4
    endloop
  endfacet
  facet normal 0 0 1
    outer loop
      vertex 1.22225 1.82923 5.4
      vertex 1.22225 -1.82923 5.4
      vertex 1.39567 -1.70062 5.4
    endloop
  endfacet
  facet normal 0 0 1
    outer loop
      vertex 1.03707 1.94023 5.4
      vertex 1.22225 -1.82923 5.4
      vertex 1.22225 1.82923 5.4
    endloop
  endfacet
  facet normal 0 0 1
    outer loop
      vertex 1.03707 1.94023 5.4
      vertex 1.03707 -1.94023 5.4
      vertex 1.22225 -1.82923 5.4
    endloop
  endfacet
  facet normal 0 0 1
    outer loop
      vertex 0.841903 2.03253 5.4
      vertex 1.03707 -1.94023 5.4
      vertex 1.03707 1.94023 5.4
    endloop
  endfacet
  facet normal 0 0 1
    outer loop
      vertex 0.841903 2.03253 5.4
      vertex 0.841903 -2.03253 5.4
      vertex 1.03707 -1.94023 5.4
    endloop
  endfacet
  facet normal 0 0 1
    outer loop
      vertex 0.638626 2.10527 5.4
      vertex 0.841903 -2.03253 5.4
      vertex 0.841903 2.03253 5.4
    endloop
  endfacet
  facet normal 0 0 1
    outer loop
      vertex 0.638626 2.10527 5.4
      vertex 0.638626 -2.10527 5.4
      vertex 0.841903 -2.03253 5.4
    endloop
  endfacet
  facet normal 0 0 1
    outer loop
      vertex 0.429198 2.15773 5.4
      vertex 0.638626 -2.10527 5.4
      vertex 0.638626 2.10527 5.4
    endloop
  endfacet
  facet normal 0 0 1
    outer loop
      vertex 0.429198 2.15773 5.4
      vertex 0.429198 -2.15773 5.4
      vertex 0.638626 -2.10527 5.4
    endloop
  endfacet
  facet normal 0 0 1
    outer loop
      vertex 0.215637 2.18941 5.4
      vertex 0.429198 -2.15773 5.4
      vertex 0.429198 2.15773 5.4
    endloop
  endfacet
  facet normal 0 0 1
    outer loop
      vertex 0.215637 2.18941 5.4
      vertex 0.215637 -2.18941 5.4
      vertex 0.429198 -2.15773 5.4
    endloop
  endfacet
  facet normal 0 0 1
    outer loop
      vertex 0 2.2 5.4
      vertex 0.215637 -2.18941 5.4
      vertex 0.215637 2.18941 5.4
    endloop
  endfacet
  facet normal 0 0 1
    outer loop
      vertex 0 2.2 5.4
      vertex 0 -2.2 5.4
      vertex 0.215637 -2.18941 5.4
    endloop
  endfacet
  facet normal -0 0 1
    outer loop
      vertex -0.215637 2.18941 5.4
      vertex 0 -2.2 5.4
      vertex 0 2.2 5.4
    endloop
  endfacet
  facet normal 0 0 1
    outer loop
      vertex -0.215637 2.18941 5.4
      vertex -0.215637 -2.18941 5.4
      vertex 0 -2.2 5.4
    endloop
  endfacet
  facet normal -0 0 1
    outer loop
      vertex -0.429198 2.15773 5.4
      vertex -0.215637 -2.18941 5.4
      vertex -0.215637 2.18941 5.4
    endloop
  endfacet
  facet normal 0 0 1
    outer loop
      vertex -0.429198 2.15773 5.4
      vertex -0.429198 -2.15773 5.4
      vertex -0.215637 -2.18941 5.4
    endloop
  endfacet
  facet normal -0 0 1
    outer loop
      vertex -0.638626 2.10527 5.4
      vertex -0.429198 -2.15773 5.4
      vertex -0.429198 2.15773 5.4
    endloop
  endfacet
  facet normal 0 0 1
    outer loop
      vertex -0.638626 2.10527 5.4
      vertex -0.638626 -2.10527 5.4
      vertex -0.429198 -2.15773 5.4
    endloop
  endfacet
  facet normal -0 0 1
    outer loop
      vertex -0.841903 2.03253 5.4
      vertex -0.638626 -2.10527 5.4
      vertex -0.638626 2.10527 5.4
    endloop
  endfacet
  facet normal 0 0 1
    outer loop
      vertex -0.841903 2.03253 5.4
      vertex -0.841903 -2.03253 5.4
      vertex -0.638626 -2.10527 5.4
    endloop
  endfacet
  facet normal -0 0 1
    outer loop
      vertex -1.03707 1.94023 5.4
      vertex -0.841903 -2.03253 5.4
      vertex -0.841903 2.03253 5.4
    endloop
  endfacet
  facet normal 0 0 1
    outer loop
      vertex -1.03707 1.94023 5.4
      vertex -1.03707 -1.94023 5.4
      vertex -0.841903 -2.03253 5.4
    endloop
  endfacet
  facet normal -0 0 1
    outer loop
      vertex -1.22225 1.82923 5.4
      vertex -1.03707 -1.94023 5.4
      vertex -1.03707 1.94023 5.4
    endloop
  endfacet
  facet normal 0 0 1
    outer loop
      vertex -1.22225 1.82923 5.4
      vertex -1.22225 -1.82923 5.4
      vertex -1.03707 -1.94023 5.4
    endloop
  endfacet
  facet normal -0 0 1
    outer loop
      vertex -1.39567 1.70062 5.4
      vertex -1.22225 -1.82923 5.4
      vertex -1.22225 1.82923 5.4
    endloop
  endfacet
  facet normal 0 0 1
    outer loop
      vertex -1.39567 1.70062 5.4
      vertex -1.39567 -1.70062 5.4
      vertex -1.22225 -1.82923 5.4
    endloop
  endfacet
  facet normal -0 0 1
    outer loop
      vertex -1.55563 1.55563 5.4
      vertex -1.39567 -1.70062 5.4
      vertex -1.39567 1.70062 5.4
    endloop
  endfacet
  facet normal 0 0 1
    outer loop
      vertex -1.55563 1.55563 5.4
      vertex -1.55563 -1.55563 5.4
      vertex -1.39567 -1.70062 5.4
    endloop
  endfacet
  facet normal -0 0 1
    outer loop
      vertex -1.70062 1.39567 5.4
      vertex -1.55563 -1.55563 5.4
      vertex -1.55563 1.55563 5.4
    endloop
  endfacet
  facet normal 0 0 1
    outer loop
      vertex -1.70062 1.39567 5.4
      vertex -1.70062 -1.39567 5.4
      vertex -1.55563 -1.55563 5.4
    endloop
  endfacet
  facet normal -0 0 1
    outer loop
      vertex -1.82923 1.22225 5.4
      vertex -1.70062 -1.39567 5.4
      vertex -1.70062 1.39567 5.4
    endloop
  endfacet
  facet normal 0 0 1
    outer loop
      vertex -1.82923 1.22225 5.4
      vertex -1.82923 -1.22225 5.4
      vertex -1.70062 -1.39567 5.4
    endloop
  endfacet
  facet normal -0 0 1
    outer loop
      vertex -1.94023 1.03707 5.4
      vertex -1.82923 -1.22225 5.4
      vertex -1.82923 1.22225 5.4
    endloop
  endfacet
  facet normal 0 0 1
    outer loop
      vertex -1.94023 1.03707 5.4
      vertex -1.94023 -1.03707 5.4
      vertex -1.82923 -1.22225 5.4
    endloop
  endfacet
  facet normal -0 0 1
    outer loop
      vertex -2.03253 0.841903 5.4
      vertex -1.94023 -1.03707 5.4
      vertex -1.94023 1.03707 5.4
    endloop
  endfacet
  facet normal 0 0 1
    outer loop
      vertex -2.03253 0.841903 5.4
      vertex -2.03253 -0.841903 5.4
      vertex -1.94023 -1.03707 5.4
    endloop
  endfacet
  facet normal -0 0 1
    outer loop
      vertex -2.10527 0.638626 5.4
      vertex -2.03253 -0.841903 5.4
      vertex -2.03253 0.841903 5.4
    endloop
  endfacet
  facet normal 0 0 1
    outer loop
      vertex -2.10527 0.638626 5.4
      vertex -2.10527 -0.638626 5.4
      vertex -2.03253 -0.841903 5.4
    endloop
  endfacet
  facet normal -0 0 1
    outer loop
      vertex -2.15773 0.429198 5.4
      vertex -2.10527 -0.638626 5.4
      vertex -2.10527 0.638626 5.4
    endloop
  endfacet
  facet normal 0 0 1
    outer loop
      vertex -2.15773 0.429198 5.4
      vertex -2.15773 -0.429198 5.4
      vertex -2.10527 -0.638626 5.4
    endloop
  endfacet
  facet normal -0 0 1
    outer loop
      vertex -2.18941 0.215637 5.4
      vertex -2.15773 -0.429198 5.4
      vertex -2.15773 0.429198 5.4
    endloop
  endfacet
  facet normal 0 0 1
    outer loop
      vertex -2.18941 0.215637 5.4
      vertex -2.18941 -0.215637 5.4
      vertex -2.15773 -0.429198 5.4
    endloop
  endfacet
  facet normal 0 -0 1
    outer loop
      vertex -2.18941 -0.215637 5.4
      vertex -2.18941 0.215637 5.4
      vertex -2.2 0 5.4
    endloop
  endfacet
  facet normal -0.0490867 -0.998795 0
    outer loop
      vertex -0.17153 -1.74157 1.5
      vertex 0 -1.75 4.9
      vertex -0.17153 -1.74157 4.9
    endloop
  endfacet
  facet normal -0.0490867 -0.998795 -0
    outer loop
      vertex 0 -1.75 4.9
      vertex -0.17153 -1.74157 1.5
      vertex 0 -1.75 1.5
    endloop
  endfacet
  facet normal -0.998795 0.0490867 0
    outer loop
      vertex -1.75 0 1.5
      vertex -1.74157 0.17153 4.9
      vertex -1.74157 0.17153 1.5
    endloop
  endfacet
  facet normal -0.998795 0.0490867 0
    outer loop
      vertex -1.74157 0.17153 4.9
      vertex -1.75 0 1.5
      vertex -1.75 0 4.9
    endloop
  endfacet
  facet normal -0.336908 -0.941538 0
    outer loop
      vertex -0.669696 -1.61679 1.5
      vertex -0.507998 -1.67465 4.9
      vertex -0.669696 -1.61679 4.9
    endloop
  endfacet
  facet normal -0.336908 -0.941538 -0
    outer loop
      vertex -0.507998 -1.67465 4.9
      vertex -0.669696 -1.61679 1.5
      vertex -0.507998 -1.67465 1.5
    endloop
  endfacet
  facet normal 0.740959 -0.67155 0
    outer loop
      vertex 1.23744 -1.23744 4.9
      vertex 1.35277 -1.11019 1.5
      vertex 1.35277 -1.11019 4.9
    endloop
  endfacet
  facet normal 0.740959 -0.67155 0
    outer loop
      vertex 1.35277 -1.11019 1.5
      vertex 1.23744 -1.23744 4.9
      vertex 1.23744 -1.23744 1.5
    endloop
  endfacet
  facet normal 0.67155 -0.740959 0
    outer loop
      vertex 1.11019 -1.35277 1.5
      vertex 1.23744 -1.23744 4.9
      vertex 1.11019 -1.35277 4.9
    endloop
  endfacet
  facet normal 0.67155 -0.740959 0
    outer loop
      vertex 1.23744 -1.23744 4.9
      vertex 1.11019 -1.35277 1.5
      vertex 1.23744 -1.23744 1.5
    endloop
  endfacet
  facet normal 0.742793 -0.0365052 -0.668525
    outer loop
      vertex 2.18941 -0.215637 5.4
      vertex 1.74157 -0.17153 4.9
      vertex 1.75 0 4.9
    endloop
  endfacet
  facet normal -0.672284 0.31798 -0.668523
    outer loop
      vertex -1.61679 0.669696 4.9
      vertex -1.94023 1.03707 5.4
      vertex -1.54336 0.824944 4.9
    endloop
  endfacet
  facet normal -0.73564 0.109126 -0.668525
    outer loop
      vertex -1.74157 0.17153 4.9
      vertex -2.18941 0.215637 5.4
      vertex -1.71637 0.341408 4.9
    endloop
  endfacet
  facet normal 0.742799 0.0364791 -0.668519
    outer loop
      vertex 2.2 0 5.4
      vertex 1.75 0 4.9
      vertex 2.18941 0.215637 5.4
    endloop
  endfacet
  facet normal 0.742793 0.0365052 -0.668525
    outer loop
      vertex 1.75 0 4.9
      vertex 1.74157 0.17153 4.9
      vertex 2.18941 0.215637 5.4
    endloop
  endfacet
  facet normal -0.180707 0.721409 -0.668517
    outer loop
      vertex -0.507998 1.67465 4.9
      vertex -0.638626 2.10527 5.4
      vertex -0.429198 2.15773 5.4
    endloop
  endfacet
  facet normal 0.672305 -0.317952 -0.668515
    outer loop
      vertex 1.94023 -1.03707 5.4
      vertex 1.61679 -0.669696 4.9
      vertex 2.03253 -0.841903 5.4
    endloop
  endfacet
  facet normal 0.597354 -0.443004 -0.668517
    outer loop
      vertex 1.70062 -1.39567 5.4
      vertex 1.35277 -1.11019 4.9
      vertex 1.45507 -0.972247 4.9
    endloop
  endfacet
  facet normal 0.250558 -0.700219 -0.668516
    outer loop
      vertex 0.638626 -2.10527 5.4
      vertex 0.507998 -1.67465 4.9
      vertex 0.669696 -1.61679 4.9
    endloop
  endfacet
  facet normal -0.443004 0.597355 -0.668517
    outer loop
      vertex -0.972247 1.45507 4.9
      vertex -1.39567 1.70062 5.4
      vertex -1.22225 1.82923 5.4
    endloop
  endfacet
  facet normal 0.109126 0.73564 -0.668525
    outer loop
      vertex 0.341408 1.71637 4.9
      vertex 0.17153 1.74157 4.9
      vertex 0.215637 2.18941 5.4
    endloop
  endfacet
  facet normal -0.317952 0.672305 -0.668515
    outer loop
      vertex -0.669696 1.61679 4.9
      vertex -1.03707 1.94023 5.4
      vertex -0.841903 2.03253 5.4
    endloop
  endfacet
  facet normal 0.597355 -0.443004 -0.668517
    outer loop
      vertex 1.70062 -1.39567 5.4
      vertex 1.45507 -0.972247 4.9
      vertex 1.82923 -1.22225 5.4
    endloop
  endfacet
  facet normal 0.73564 -0.109126 -0.668525
    outer loop
      vertex 2.15773 -0.429198 5.4
      vertex 1.71637 -0.341408 4.9
      vertex 2.18941 -0.215637 5.4
    endloop
  endfacet
  facet normal -0.672284 -0.31798 -0.668523
    outer loop
      vertex -1.54336 -0.824944 4.9
      vertex -1.94023 -1.03707 5.4
      vertex -1.61679 -0.669696 4.9
    endloop
  endfacet
  facet normal -0.597355 0.443004 -0.668517
    outer loop
      vertex -1.45507 0.972247 4.9
      vertex -1.82923 1.22225 5.4
      vertex -1.70062 1.39567 5.4
    endloop
  endfacet
  facet normal 0.721409 -0.180707 -0.668517
    outer loop
      vertex 2.10527 -0.638626 5.4
      vertex 1.67465 -0.507998 4.9
      vertex 2.15773 -0.429198 5.4
    endloop
  endfacet
  facet normal -0.382355 -0.637879 -0.668517
    outer loop
      vertex -1.03707 -1.94023 5.4
      vertex -1.22225 -1.82923 5.4
      vertex -0.972247 -1.45507 4.9
    endloop
  endfacet
  facet normal 0.31798 0.672284 -0.668523
    outer loop
      vertex 0.824944 1.54336 4.9
      vertex 0.669696 1.61679 4.9
      vertex 1.03707 1.94023 5.4
    endloop
  endfacet
  facet normal 0.637879 -0.382355 -0.668517
    outer loop
      vertex 1.82923 -1.22225 5.4
      vertex 1.45507 -0.972247 4.9
      vertex 1.94023 -1.03707 5.4
    endloop
  endfacet
  facet normal 0.742799 -0.0364791 -0.668519
    outer loop
      vertex 2.18941 -0.215637 5.4
      vertex 1.75 0 4.9
      vertex 2.2 0 5.4
    endloop
  endfacet
  facet normal 0.700218 -0.250564 -0.668515
    outer loop
      vertex 2.03253 -0.841903 5.4
      vertex 1.61679 -0.669696 4.9
      vertex 2.10527 -0.638626 5.4
    endloop
  endfacet
  facet normal -0.551048 -0.499429 -0.668518
    outer loop
      vertex -1.23744 -1.23744 4.9
      vertex -1.70062 -1.39567 5.4
      vertex -1.35277 -1.11019 4.9
    endloop
  endfacet
  facet normal -0.742793 0.0365052 -0.668525
    outer loop
      vertex -1.75 0 4.9
      vertex -2.18941 0.215637 5.4
      vertex -1.74157 0.17153 4.9
    endloop
  endfacet
  facet normal 0.49946 -0.551029 -0.66851
    outer loop
      vertex 1.39567 -1.70062 5.4
      vertex 1.23744 -1.23744 4.9
      vertex 1.55563 -1.55563 5.4
    endloop
  endfacet
  facet normal 0.0365052 -0.742793 -0.668525
    outer loop
      vertex 0.215637 -2.18941 5.4
      vertex 0 -1.75 4.9
      vertex 0.17153 -1.74157 4.9
    endloop
  endfacet
  facet normal 0.382334 -0.637886 -0.668522
    outer loop
      vertex 1.03707 -1.94023 5.4
      vertex 0.824944 -1.54336 4.9
      vertex 0.972247 -1.45507 4.9
    endloop
  endfacet
  facet normal 0.499429 -0.551048 -0.668518
    outer loop
      vertex 1.39567 -1.70062 5.4
      vertex 1.11019 -1.35277 4.9
      vertex 1.23744 -1.23744 4.9
    endloop
  endfacet
  facet normal -0.637886 -0.382334 -0.668522
    outer loop
      vertex -1.45507 -0.972247 4.9
      vertex -1.94023 -1.03707 5.4
      vertex -1.54336 -0.824944 4.9
    endloop
  endfacet
  facet normal -0.742799 0.0364791 -0.668519
    outer loop
      vertex -1.75 0 4.9
      vertex -2.2 0 5.4
      vertex -2.18941 0.215637 5.4
    endloop
  endfacet
  facet normal 0.180667 -0.721411 -0.668525
    outer loop
      vertex 0.429198 -2.15773 5.4
      vertex 0.341408 -1.71637 4.9
      vertex 0.507998 -1.67465 4.9
    endloop
  endfacet
  facet normal 0.721411 -0.180667 -0.668525
    outer loop
      vertex 2.15773 -0.429198 5.4
      vertex 1.67465 -0.507998 4.9
      vertex 1.71637 -0.341408 4.9
    endloop
  endfacet
  facet normal -0.551029 -0.49946 -0.66851
    outer loop
      vertex -1.55563 -1.55563 5.4
      vertex -1.70062 -1.39567 5.4
      vertex -1.23744 -1.23744 4.9
    endloop
  endfacet
  facet normal -0.721411 -0.180667 -0.668525
    outer loop
      vertex -1.67465 -0.507998 4.9
      vertex -2.15773 -0.429198 5.4
      vertex -1.71637 -0.341408 4.9
    endloop
  endfacet
  facet normal 0.551048 -0.499429 -0.668518
    outer loop
      vertex 1.70062 -1.39567 5.4
      vertex 1.23744 -1.23744 4.9
      vertex 1.35277 -1.11019 4.9
    endloop
  endfacet
  facet normal -0.180667 0.721411 -0.668525
    outer loop
      vertex -0.341408 1.71637 4.9
      vertex -0.507998 1.67465 4.9
      vertex -0.429198 2.15773 5.4
    endloop
  endfacet
  facet normal 0.700219 -0.250558 -0.668516
    outer loop
      vertex 2.10527 -0.638626 5.4
      vertex 1.61679 -0.669696 4.9
      vertex 1.67465 -0.507998 4.9
    endloop
  endfacet
  facet normal 0.180667 0.721411 -0.668525
    outer loop
      vertex 0.507998 1.67465 4.9
      vertex 0.341408 1.71637 4.9
      vertex 0.429198 2.15773 5.4
    endloop
  endfacet
  facet normal -0.250564 -0.700218 -0.668515
    outer loop
      vertex -0.638626 -2.10527 5.4
      vertex -0.841903 -2.03253 5.4
      vertex -0.669696 -1.61679 4.9
    endloop
  endfacet
  facet normal -0.0365052 0.742793 -0.668525
    outer loop
      vertex -0.17153 1.74157 4.9
      vertex -0.215637 2.18941 5.4
      vertex 0 1.75 4.9
    endloop
  endfacet
  facet normal 0.637886 -0.382334 -0.668522
    outer loop
      vertex 1.94023 -1.03707 5.4
      vertex 1.45507 -0.972247 4.9
      vertex 1.54336 -0.824944 4.9
    endloop
  endfacet
  facet normal 0.551029 -0.49946 -0.66851
    outer loop
      vertex 1.55563 -1.55563 5.4
      vertex 1.23744 -1.23744 4.9
      vertex 1.70062 -1.39567 5.4
    endloop
  endfacet
  facet normal -0.637879 -0.382355 -0.668517
    outer loop
      vertex -1.82923 -1.22225 5.4
      vertex -1.94023 -1.03707 5.4
      vertex -1.45507 -0.972247 4.9
    endloop
  endfacet
  facet normal 0.250558 0.700219 -0.668516
    outer loop
      vertex 0.669696 1.61679 4.9
      vertex 0.507998 1.67465 4.9
      vertex 0.638626 2.10527 5.4
    endloop
  endfacet
  facet normal 0.672284 -0.31798 -0.668523
    outer loop
      vertex 1.94023 -1.03707 5.4
      vertex 1.54336 -0.824944 4.9
      vertex 1.61679 -0.669696 4.9
    endloop
  endfacet
  facet normal -0.109126 -0.73564 -0.668525
    outer loop
      vertex -0.215637 -2.18941 5.4
      vertex -0.341408 -1.71637 4.9
      vertex -0.17153 -1.74157 4.9
    endloop
  endfacet
  facet normal 0.180707 0.721409 -0.668517
    outer loop
      vertex 0.507998 1.67465 4.9
      vertex 0.429198 2.15773 5.4
      vertex 0.638626 2.10527 5.4
    endloop
  endfacet
  facet normal -0.250558 0.700219 -0.668516
    outer loop
      vertex -0.507998 1.67465 4.9
      vertex -0.669696 1.61679 4.9
      vertex -0.638626 2.10527 5.4
    endloop
  endfacet
  facet normal 0.317952 0.672305 -0.668515
    outer loop
      vertex 1.03707 1.94023 5.4
      vertex 0.669696 1.61679 4.9
      vertex 0.841903 2.03253 5.4
    endloop
  endfacet
  facet normal -0.31798 0.672284 -0.668523
    outer loop
      vertex -0.824944 1.54336 4.9
      vertex -1.03707 1.94023 5.4
      vertex -0.669696 1.61679 4.9
    endloop
  endfacet
  facet normal -0.700219 -0.250558 -0.668516
    outer loop
      vertex -1.61679 -0.669696 4.9
      vertex -2.10527 -0.638626 5.4
      vertex -1.67465 -0.507998 4.9
    endloop
  endfacet
  facet normal -0.721409 -0.180707 -0.668517
    outer loop
      vertex -2.10527 -0.638626 5.4
      vertex -2.15773 -0.429198 5.4
      vertex -1.67465 -0.507998 4.9
    endloop
  endfacet
  facet normal -0.0364791 -0.742799 -0.668519
    outer loop
      vertex 0 -2.2 5.4
      vertex -0.215637 -2.18941 5.4
      vertex 0 -1.75 4.9
    endloop
  endfacet
  facet normal -0.637879 0.382355 -0.668517
    outer loop
      vertex -1.45507 0.972247 4.9
      vertex -1.94023 1.03707 5.4
      vertex -1.82923 1.22225 5.4
    endloop
  endfacet
  facet normal -0.443004 -0.597354 -0.668517
    outer loop
      vertex -0.972247 -1.45507 4.9
      vertex -1.39567 -1.70062 5.4
      vertex -1.11019 -1.35277 4.9
    endloop
  endfacet
  facet normal -0.597355 -0.443004 -0.668517
    outer loop
      vertex -1.70062 -1.39567 5.4
      vertex -1.82923 -1.22225 5.4
      vertex -1.45507 -0.972247 4.9
    endloop
  endfacet
  facet normal -0.382355 0.637879 -0.668517
    outer loop
      vertex -0.972247 1.45507 4.9
      vertex -1.22225 1.82923 5.4
      vertex -1.03707 1.94023 5.4
    endloop
  endfacet
  facet normal 0.700218 0.250564 -0.668515
    outer loop
      vertex 2.10527 0.638626 5.4
      vertex 1.61679 0.669696 4.9
      vertex 2.03253 0.841903 5.4
    endloop
  endfacet
  facet normal 0.443004 -0.597354 -0.668517
    outer loop
      vertex 1.39567 -1.70062 5.4
      vertex 0.972247 -1.45507 4.9
      vertex 1.11019 -1.35277 4.9
    endloop
  endfacet
  facet normal 0.551048 0.499429 -0.668518
    outer loop
      vertex 1.35277 1.11019 4.9
      vertex 1.23744 1.23744 4.9
      vertex 1.70062 1.39567 5.4
    endloop
  endfacet
  facet normal -0.180707 -0.721409 -0.668517
    outer loop
      vertex -0.429198 -2.15773 5.4
      vertex -0.638626 -2.10527 5.4
      vertex -0.507998 -1.67465 4.9
    endloop
  endfacet
  facet normal 0.443004 0.597354 -0.668517
    outer loop
      vertex 1.11019 1.35277 4.9
      vertex 0.972247 1.45507 4.9
      vertex 1.39567 1.70062 5.4
    endloop
  endfacet
  facet normal -0.597354 0.443004 -0.668517
    outer loop
      vertex -1.45507 0.972247 4.9
      vertex -1.70062 1.39567 5.4
      vertex -1.35277 1.11019 4.9
    endloop
  endfacet
  facet normal 0.0364791 -0.742799 -0.668519
    outer loop
      vertex 0.215637 -2.18941 5.4
      vertex 0 -2.2 5.4
      vertex 0 -1.75 4.9
    endloop
  endfacet
  facet normal -0.0364791 0.742799 -0.668519
    outer loop
      vertex 0 1.75 4.9
      vertex -0.215637 2.18941 5.4
      vertex 0 2.2 5.4
    endloop
  endfacet
  facet normal -0.551048 0.499429 -0.668518
    outer loop
      vertex -1.35277 1.11019 4.9
      vertex -1.70062 1.39567 5.4
      vertex -1.23744 1.23744 4.9
    endloop
  endfacet
  facet normal 0.31798 -0.672284 -0.668523
    outer loop
      vertex 1.03707 -1.94023 5.4
      vertex 0.669696 -1.61679 4.9
      vertex 0.824944 -1.54336 4.9
    endloop
  endfacet
  facet normal 0.382355 -0.637879 -0.668517
    outer loop
      vertex 1.03707 -1.94023 5.4
      vertex 0.972247 -1.45507 4.9
      vertex 1.22225 -1.82923 5.4
    endloop
  endfacet
  facet normal -0.443004 -0.597355 -0.668517
    outer loop
      vertex -1.22225 -1.82923 5.4
      vertex -1.39567 -1.70062 5.4
      vertex -0.972247 -1.45507 4.9
    endloop
  endfacet
  facet normal -0.742799 -0.0364791 -0.668519
    outer loop
      vertex -2.18941 -0.215637 5.4
      vertex -2.2 0 5.4
      vertex -1.75 0 4.9
    endloop
  endfacet
  facet normal 0.0365052 0.742793 -0.668525
    outer loop
      vertex 0.17153 1.74157 4.9
      vertex 0 1.75 4.9
      vertex 0.215637 2.18941 5.4
    endloop
  endfacet
  facet normal 0.250564 -0.700218 -0.668515
    outer loop
      vertex 0.841903 -2.03253 5.4
      vertex 0.638626 -2.10527 5.4
      vertex 0.669696 -1.61679 4.9
    endloop
  endfacet
  facet normal -0.0365052 -0.742793 -0.668525
    outer loop
      vertex 0 -1.75 4.9
      vertex -0.215637 -2.18941 5.4
      vertex -0.17153 -1.74157 4.9
    endloop
  endfacet
  facet normal 0.443004 -0.597355 -0.668517
    outer loop
      vertex 1.22225 -1.82923 5.4
      vertex 0.972247 -1.45507 4.9
      vertex 1.39567 -1.70062 5.4
    endloop
  endfacet
  facet normal -0.73564 0.109126 -0.668525
    outer loop
      vertex -1.71637 0.341408 4.9
      vertex -2.18941 0.215637 5.4
      vertex -2.15773 0.429198 5.4
    endloop
  endfacet
  facet normal 0.109126 -0.73564 -0.668525
    outer loop
      vertex 0.429198 -2.15773 5.4
      vertex 0.215637 -2.18941 5.4
      vertex 0.341408 -1.71637 4.9
    endloop
  endfacet
  facet normal 0.180707 -0.721409 -0.668517
    outer loop
      vertex 0.638626 -2.10527 5.4
      vertex 0.429198 -2.15773 5.4
      vertex 0.507998 -1.67465 4.9
    endloop
  endfacet
  facet normal 0.109126 -0.73564 -0.668525
    outer loop
      vertex 0.215637 -2.18941 5.4
      vertex 0.17153 -1.74157 4.9
      vertex 0.341408 -1.71637 4.9
    endloop
  endfacet
  facet normal -0.700219 0.250558 -0.668516
    outer loop
      vertex -1.67465 0.507998 4.9
      vertex -2.10527 0.638626 5.4
      vertex -1.61679 0.669696 4.9
    endloop
  endfacet
  facet normal -0.73564 -0.109126 -0.668525
    outer loop
      vertex -2.15773 -0.429198 5.4
      vertex -2.18941 -0.215637 5.4
      vertex -1.71637 -0.341408 4.9
    endloop
  endfacet
  facet normal -0.700218 0.250564 -0.668515
    outer loop
      vertex -1.61679 0.669696 4.9
      vertex -2.10527 0.638626 5.4
      vertex -2.03253 0.841903 5.4
    endloop
  endfacet
  facet normal -0.250564 0.700218 -0.668515
    outer loop
      vertex -0.669696 1.61679 4.9
      vertex -0.841903 2.03253 5.4
      vertex -0.638626 2.10527 5.4
    endloop
  endfacet
  facet normal -0.672305 -0.317952 -0.668515
    outer loop
      vertex -1.94023 -1.03707 5.4
      vertex -2.03253 -0.841903 5.4
      vertex -1.61679 -0.669696 4.9
    endloop
  endfacet
  facet normal -0.700218 -0.250564 -0.668515
    outer loop
      vertex -2.03253 -0.841903 5.4
      vertex -2.10527 -0.638626 5.4
      vertex -1.61679 -0.669696 4.9
    endloop
  endfacet
  facet normal 0.0364791 0.742799 -0.668519
    outer loop
      vertex 0.215637 2.18941 5.4
      vertex 0 1.75 4.9
      vertex 0 2.2 5.4
    endloop
  endfacet
  facet normal -0.597354 -0.443004 -0.668517
    outer loop
      vertex -1.35277 -1.11019 4.9
      vertex -1.70062 -1.39567 5.4
      vertex -1.45507 -0.972247 4.9
    endloop
  endfacet
  facet normal -0.317952 -0.672305 -0.668515
    outer loop
      vertex -0.841903 -2.03253 5.4
      vertex -1.03707 -1.94023 5.4
      vertex -0.669696 -1.61679 4.9
    endloop
  endfacet
  facet normal -0.73564 -0.109126 -0.668525
    outer loop
      vertex -1.71637 -0.341408 4.9
      vertex -2.18941 -0.215637 5.4
      vertex -1.74157 -0.17153 4.9
    endloop
  endfacet
  facet normal -0.672305 0.317952 -0.668515
    outer loop
      vertex -1.61679 0.669696 4.9
      vertex -2.03253 0.841903 5.4
      vertex -1.94023 1.03707 5.4
    endloop
  endfacet
  facet normal -0.250558 -0.700219 -0.668516
    outer loop
      vertex -0.638626 -2.10527 5.4
      vertex -0.669696 -1.61679 4.9
      vertex -0.507998 -1.67465 4.9
    endloop
  endfacet
  facet normal -0.109126 -0.73564 -0.668525
    outer loop
      vertex -0.215637 -2.18941 5.4
      vertex -0.429198 -2.15773 5.4
      vertex -0.341408 -1.71637 4.9
    endloop
  endfacet
  facet normal -0.499429 -0.551048 -0.668518
    outer loop
      vertex -1.11019 -1.35277 4.9
      vertex -1.39567 -1.70062 5.4
      vertex -1.23744 -1.23744 4.9
    endloop
  endfacet
  facet normal -0.109126 0.73564 -0.668525
    outer loop
      vertex -0.17153 1.74157 4.9
      vertex -0.341408 1.71637 4.9
      vertex -0.215637 2.18941 5.4
    endloop
  endfacet
  facet normal 0.317952 -0.672305 -0.668515
    outer loop
      vertex 0.841903 -2.03253 5.4
      vertex 0.669696 -1.61679 4.9
      vertex 1.03707 -1.94023 5.4
    endloop
  endfacet
  facet normal -0.742793 -0.0365052 -0.668525
    outer loop
      vertex -1.74157 -0.17153 4.9
      vertex -2.18941 -0.215637 5.4
      vertex -1.75 0 4.9
    endloop
  endfacet
  facet normal 0.109126 0.73564 -0.668525
    outer loop
      vertex 0.341408 1.71637 4.9
      vertex 0.215637 2.18941 5.4
      vertex 0.429198 2.15773 5.4
    endloop
  endfacet
  facet normal 0.250564 0.700218 -0.668515
    outer loop
      vertex 0.669696 1.61679 4.9
      vertex 0.638626 2.10527 5.4
      vertex 0.841903 2.03253 5.4
    endloop
  endfacet
  facet normal 0.637886 0.382334 -0.668522
    outer loop
      vertex 1.54336 0.824944 4.9
      vertex 1.45507 0.972247 4.9
      vertex 1.94023 1.03707 5.4
    endloop
  endfacet
  facet normal 0.73564 -0.109126 -0.668525
    outer loop
      vertex 2.18941 -0.215637 5.4
      vertex 1.71637 -0.341408 4.9
      vertex 1.74157 -0.17153 4.9
    endloop
  endfacet
  facet normal -0.443004 0.597354 -0.668517
    outer loop
      vertex -1.11019 1.35277 4.9
      vertex -1.39567 1.70062 5.4
      vertex -0.972247 1.45507 4.9
    endloop
  endfacet
  facet normal -0.721409 0.180707 -0.668517
    outer loop
      vertex -1.67465 0.507998 4.9
      vertex -2.15773 0.429198 5.4
      vertex -2.10527 0.638626 5.4
    endloop
  endfacet
  facet normal -0.109126 0.73564 -0.668525
    outer loop
      vertex -0.341408 1.71637 4.9
      vertex -0.429198 2.15773 5.4
      vertex -0.215637 2.18941 5.4
    endloop
  endfacet
  facet normal -0.382334 -0.637886 -0.668522
    outer loop
      vertex -0.824944 -1.54336 4.9
      vertex -1.03707 -1.94023 5.4
      vertex -0.972247 -1.45507 4.9
    endloop
  endfacet
  facet normal -0.49946 -0.551029 -0.66851
    outer loop
      vertex -1.39567 -1.70062 5.4
      vertex -1.55563 -1.55563 5.4
      vertex -1.23744 -1.23744 4.9
    endloop
  endfacet
  facet normal -0.180667 -0.721411 -0.668525
    outer loop
      vertex -0.429198 -2.15773 5.4
      vertex -0.507998 -1.67465 4.9
      vertex -0.341408 -1.71637 4.9
    endloop
  endfacet
  facet normal -0.382334 0.637886 -0.668522
    outer loop
      vertex -0.972247 1.45507 4.9
      vertex -1.03707 1.94023 5.4
      vertex -0.824944 1.54336 4.9
    endloop
  endfacet
  facet normal 0.443004 0.597355 -0.668517
    outer loop
      vertex 1.39567 1.70062 5.4
      vertex 0.972247 1.45507 4.9
      vertex 1.22225 1.82923 5.4
    endloop
  endfacet
  facet normal -0.499429 0.551048 -0.668518
    outer loop
      vertex -1.23744 1.23744 4.9
      vertex -1.39567 1.70062 5.4
      vertex -1.11019 1.35277 4.9
    endloop
  endfacet
  facet normal -0.637886 0.382334 -0.668522
    outer loop
      vertex -1.54336 0.824944 4.9
      vertex -1.94023 1.03707 5.4
      vertex -1.45507 0.972247 4.9
    endloop
  endfacet
  facet normal -0.31798 -0.672284 -0.668523
    outer loop
      vertex -0.669696 -1.61679 4.9
      vertex -1.03707 -1.94023 5.4
      vertex -0.824944 -1.54336 4.9
    endloop
  endfacet
  facet normal 0.382355 0.637879 -0.668517
    outer loop
      vertex 1.22225 1.82923 5.4
      vertex 0.972247 1.45507 4.9
      vertex 1.03707 1.94023 5.4
    endloop
  endfacet
  facet normal -0.49946 0.551029 -0.66851
    outer loop
      vertex -1.23744 1.23744 4.9
      vertex -1.55563 1.55563 5.4
      vertex -1.39567 1.70062 5.4
    endloop
  endfacet
  facet normal 0.499429 0.551048 -0.668518
    outer loop
      vertex 1.23744 1.23744 4.9
      vertex 1.11019 1.35277 4.9
      vertex 1.39567 1.70062 5.4
    endloop
  endfacet
  facet normal 0.49946 0.551029 -0.66851
    outer loop
      vertex 1.55563 1.55563 5.4
      vertex 1.23744 1.23744 4.9
      vertex 1.39567 1.70062 5.4
    endloop
  endfacet
  facet normal -0.721411 0.180667 -0.668525
    outer loop
      vertex -1.71637 0.341408 4.9
      vertex -2.15773 0.429198 5.4
      vertex -1.67465 0.507998 4.9
    endloop
  endfacet
  facet normal 0.672284 0.31798 -0.668523
    outer loop
      vertex 1.61679 0.669696 4.9
      vertex 1.54336 0.824944 4.9
      vertex 1.94023 1.03707 5.4
    endloop
  endfacet
  facet normal -0.551029 0.49946 -0.66851
    outer loop
      vertex -1.23744 1.23744 4.9
      vertex -1.70062 1.39567 5.4
      vertex -1.55563 1.55563 5.4
    endloop
  endfacet
  facet normal 0.597355 0.443004 -0.668517
    outer loop
      vertex 1.82923 1.22225 5.4
      vertex 1.45507 0.972247 4.9
      vertex 1.70062 1.39567 5.4
    endloop
  endfacet
  facet normal 0.637879 0.382355 -0.668517
    outer loop
      vertex 1.94023 1.03707 5.4
      vertex 1.45507 0.972247 4.9
      vertex 1.82923 1.22225 5.4
    endloop
  endfacet
  facet normal 0.551029 0.49946 -0.66851
    outer loop
      vertex 1.70062 1.39567 5.4
      vertex 1.23744 1.23744 4.9
      vertex 1.55563 1.55563 5.4
    endloop
  endfacet
  facet normal 0.672305 0.317952 -0.668515
    outer loop
      vertex 2.03253 0.841903 5.4
      vertex 1.61679 0.669696 4.9
      vertex 1.94023 1.03707 5.4
    endloop
  endfacet
  facet normal 0.382334 0.637886 -0.668522
    outer loop
      vertex 0.972247 1.45507 4.9
      vertex 0.824944 1.54336 4.9
      vertex 1.03707 1.94023 5.4
    endloop
  endfacet
  facet normal 0.721409 0.180707 -0.668517
    outer loop
      vertex 2.15773 0.429198 5.4
      vertex 1.67465 0.507998 4.9
      vertex 2.10527 0.638626 5.4
    endloop
  endfacet
  facet normal 0.721411 0.180667 -0.668525
    outer loop
      vertex 1.71637 0.341408 4.9
      vertex 1.67465 0.507998 4.9
      vertex 2.15773 0.429198 5.4
    endloop
  endfacet
  facet normal 0.597354 0.443004 -0.668517
    outer loop
      vertex 1.45507 0.972247 4.9
      vertex 1.35277 1.11019 4.9
      vertex 1.70062 1.39567 5.4
    endloop
  endfacet
  facet normal 0.700219 0.250558 -0.668516
    outer loop
      vertex 1.67465 0.507998 4.9
      vertex 1.61679 0.669696 4.9
      vertex 2.10527 0.638626 5.4
    endloop
  endfacet
  facet normal 0.73564 0.109126 -0.668525
    outer loop
      vertex 2.18941 0.215637 5.4
      vertex 1.71637 0.341408 4.9
      vertex 2.15773 0.429198 5.4
    endloop
  endfacet
  facet normal 0.73564 0.109126 -0.668525
    outer loop
      vertex 1.74157 0.17153 4.9
      vertex 1.71637 0.341408 4.9
      vertex 2.18941 0.215637 5.4
    endloop
  endfacet
  facet normal 0.989176 0.146736 0
    outer loop
      vertex 13.7344 0.318555 1.5
      vertex 13.6876 0.634043 0
      vertex 13.6876 0.634043 1.5
    endloop
  endfacet
  facet normal 0.989176 0.146736 0
    outer loop
      vertex 13.6876 0.634043 0
      vertex 13.7344 0.318555 1.5
      vertex 13.7344 0.318555 0
    endloop
  endfacet
  facet normal 0.998803 0.0489125 0
    outer loop
      vertex 13.75 0 1.5
      vertex 13.7344 0.318555 0
      vertex 13.7344 0.318555 1.5
    endloop
  endfacet
  facet normal 0.998803 0.0489125 0
    outer loop
      vertex 13.7344 0.318555 0
      vertex 13.75 0 1.5
      vertex 13.75 0 0
    endloop
  endfacet
  facet normal 0.970028 0.242992 0
    outer loop
      vertex 13.6876 0.634043 1.5
      vertex 13.6101 0.943425 0
      vertex 13.6101 0.943425 1.5
    endloop
  endfacet
  facet normal 0.970028 0.242992 0
    outer loop
      vertex 13.6101 0.943425 0
      vertex 13.6876 0.634043 1.5
      vertex 13.6876 0.634043 0
    endloop
  endfacet
  facet normal 0.336892 -0.941543 0
    outer loop
      vertex 11.4434 -3.11006 0
      vertex 11.7437 -3.00261 1.5
      vertex 11.4434 -3.11006 1.5
    endloop
  endfacet
  facet normal 0.336892 -0.941543 0
    outer loop
      vertex 11.7437 -3.00261 1.5
      vertex 11.4434 -3.11006 0
      vertex 11.7437 -3.00261 0
    endloop
  endfacet
  facet normal 0.671576 0.740935 -0
    outer loop
      vertex 12.7981 2.2981 0
      vertex 12.5618 2.51228 1.5
      vertex 12.7981 2.2981 1.5
    endloop
  endfacet
  facet normal 0.671576 0.740935 0
    outer loop
      vertex 12.5618 2.51228 1.5
      vertex 12.7981 2.2981 0
      vertex 12.5618 2.51228 0
    endloop
  endfacet
  facet normal -0.857736 0.51409 0
    outer loop
      vertex 7.63376 1.53204 0
      vertex 7.79772 1.8056 1.5
      vertex 7.79772 1.8056 0
    endloop
  endfacet
  facet normal -0.857736 0.51409 0
    outer loop
      vertex 7.79772 1.8056 1.5
      vertex 7.63376 1.53204 0
      vertex 7.63376 1.53204 1.5
    endloop
  endfacet
  facet normal -0.146758 -0.989172 0
    outer loop
      vertex 9.86596 -3.18755 0
      vertex 10.1814 -3.23435 1.5
      vertex 9.86596 -3.18755 1.5
    endloop
  endfacet
  facet normal -0.146758 -0.989172 -0
    outer loop
      vertex 10.1814 -3.23435 1.5
      vertex 9.86596 -3.18755 0
      vertex 10.1814 -3.23435 0
    endloop
  endfacet
  facet normal 0.941492 0.337036 0
    outer loop
      vertex 13.6101 0.943425 1.5
      vertex 13.5026 1.24372 0
      vertex 13.5026 1.24372 1.5
    endloop
  endfacet
  facet normal 0.941492 0.337036 0
    outer loop
      vertex 13.5026 1.24372 0
      vertex 13.6101 0.943425 1.5
      vertex 13.6101 0.943425 0
    endloop
  endfacet
  facet normal -0.049062 0.998796 0
    outer loop
      vertex 10.5 3.25 0
      vertex 10.1814 3.23435 1.5
      vertex 10.5 3.25 1.5
    endloop
  endfacet
  facet normal -0.049062 0.998796 0
    outer loop
      vertex 10.1814 3.23435 1.5
      vertex 10.5 3.25 0
      vertex 10.1814 3.23435 0
    endloop
  endfacet
  facet normal 0.049062 -0.998796 0
    outer loop
      vertex 10.5 -3.25 0
      vertex 10.8186 -3.23435 1.5
      vertex 10.5 -3.25 1.5
    endloop
  endfacet
  facet normal 0.049062 -0.998796 0
    outer loop
      vertex 10.8186 -3.23435 1.5
      vertex 10.5 -3.25 0
      vertex 10.8186 -3.23435 0
    endloop
  endfacet
  facet normal -0.903983 -0.427567 0
    outer loop
      vertex 7.63376 -1.53204 0
      vertex 7.49739 -1.24372 1.5
      vertex 7.49739 -1.24372 0
    endloop
  endfacet
  facet normal -0.903983 -0.427567 0
    outer loop
      vertex 7.49739 -1.24372 1.5
      vertex 7.63376 -1.53204 0
      vertex 7.63376 -1.53204 1.5
    endloop
  endfacet
  facet normal -0.595707 -0.803202 0
    outer loop
      vertex 8.43822 -2.51228 0
      vertex 8.6944 -2.70228 1.5
      vertex 8.43822 -2.51228 1.5
    endloop
  endfacet
  facet normal -0.595707 -0.803202 -0
    outer loop
      vertex 8.6944 -2.70228 1.5
      vertex 8.43822 -2.51228 0
      vertex 8.6944 -2.70228 0
    endloop
  endfacet
  facet normal -0.803202 0.595707 0
    outer loop
      vertex 7.79772 1.8056 0
      vertex 7.98772 2.06178 1.5
      vertex 7.98772 2.06178 0
    endloop
  endfacet
  facet normal -0.803202 0.595707 0
    outer loop
      vertex 7.98772 2.06178 1.5
      vertex 7.79772 1.8056 0
      vertex 7.79772 1.8056 1.5
    endloop
  endfacet
  facet normal 0.970028 -0.242992 0
    outer loop
      vertex 13.6101 -0.943425 1.5
      vertex 13.6876 -0.634043 0
      vertex 13.6876 -0.634043 1.5
    endloop
  endfacet
  facet normal 0.970028 -0.242992 0
    outer loop
      vertex 13.6876 -0.634043 0
      vertex 13.6101 -0.943425 1.5
      vertex 13.6101 -0.943425 0
    endloop
  endfacet
  facet normal 0.857819 0.513952 0
    outer loop
      vertex 13.3662 1.53204 1.5
      vertex 13.2023 1.8056 0
      vertex 13.2023 1.8056 1.5
    endloop
  endfacet
  facet normal 0.857819 0.513952 0
    outer loop
      vertex 13.2023 1.8056 0
      vertex 13.3662 1.53204 1.5
      vertex 13.3662 1.53204 0
    endloop
  endfacet
  facet normal -0.998795 -0.0490689 0
    outer loop
      vertex 7.26565 -0.318555 0
      vertex 7.25 0 1.5
      vertex 7.25 0 0
    endloop
  endfacet
  facet normal -0.998795 -0.0490689 0
    outer loop
      vertex 7.25 0 1.5
      vertex 7.26565 -0.318555 0
      vertex 7.26565 -0.318555 1.5
    endloop
  endfacet
  facet normal 0.903947 0.427644 0
    outer loop
      vertex 13.5026 1.24372 1.5
      vertex 13.3662 1.53204 0
      vertex 13.3662 1.53204 1.5
    endloop
  endfacet
  facet normal 0.903947 0.427644 0
    outer loop
      vertex 13.3662 1.53204 0
      vertex 13.5026 1.24372 1.5
      vertex 13.5026 1.24372 0
    endloop
  endfacet
  facet normal 0.941492 -0.337036 0
    outer loop
      vertex 13.5026 -1.24372 1.5
      vertex 13.6101 -0.943425 0
      vertex 13.6101 -0.943425 1.5
    endloop
  endfacet
  facet normal 0.941492 -0.337036 0
    outer loop
      vertex 13.6101 -0.943425 0
      vertex 13.5026 -1.24372 1.5
      vertex 13.5026 -1.24372 0
    endloop
  endfacet
  facet normal -0.427567 -0.903983 0
    outer loop
      vertex 8.96796 -2.86624 0
      vertex 9.25628 -3.00261 1.5
      vertex 8.96796 -2.86624 1.5
    endloop
  endfacet
  facet normal -0.427567 -0.903983 -0
    outer loop
      vertex 9.25628 -3.00261 1.5
      vertex 8.96796 -2.86624 0
      vertex 9.25628 -3.00261 0
    endloop
  endfacet
  facet normal -0.970036 -0.242962 0
    outer loop
      vertex 7.38994 -0.943425 0
      vertex 7.31245 -0.634043 1.5
      vertex 7.31245 -0.634043 0
    endloop
  endfacet
  facet normal -0.970036 -0.242962 0
    outer loop
      vertex 7.31245 -0.634043 1.5
      vertex 7.38994 -0.943425 0
      vertex 7.38994 -0.943425 1.5
    endloop
  endfacet
  facet normal -0.740964 0.671545 0
    outer loop
      vertex 7.98772 2.06178 0
      vertex 8.2019 2.2981 1.5
      vertex 8.2019 2.2981 0
    endloop
  endfacet
  facet normal -0.740964 0.671545 0
    outer loop
      vertex 8.2019 2.2981 1.5
      vertex 7.98772 2.06178 0
      vertex 7.98772 2.06178 1.5
    endloop
  endfacet
  facet normal -0.242956 -0.970037 0
    outer loop
      vertex 9.55657 -3.11006 0
      vertex 9.86596 -3.18755 1.5
      vertex 9.55657 -3.11006 1.5
    endloop
  endfacet
  facet normal -0.242956 -0.970037 -0
    outer loop
      vertex 9.86596 -3.18755 1.5
      vertex 9.55657 -3.11006 0
      vertex 9.86596 -3.18755 0
    endloop
  endfacet
  facet normal -0.51409 0.857736 0
    outer loop
      vertex 8.96796 2.86624 0
      vertex 8.6944 2.70228 1.5
      vertex 8.96796 2.86624 1.5
    endloop
  endfacet
  facet normal -0.51409 0.857736 0
    outer loop
      vertex 8.6944 2.70228 1.5
      vertex 8.96796 2.86624 0
      vertex 8.6944 2.70228 0
    endloop
  endfacet
  facet normal 0.803202 0.595707 0
    outer loop
      vertex 13.2023 1.8056 1.5
      vertex 13.0123 2.06178 0
      vertex 13.0123 2.06178 1.5
    endloop
  endfacet
  facet normal 0.803202 0.595707 0
    outer loop
      vertex 13.0123 2.06178 0
      vertex 13.2023 1.8056 1.5
      vertex 13.2023 1.8056 0
    endloop
  endfacet
  facet normal -0.146758 0.989172 0
    outer loop
      vertex 10.1814 3.23435 0
      vertex 9.86596 3.18755 1.5
      vertex 10.1814 3.23435 1.5
    endloop
  endfacet
  facet normal -0.146758 0.989172 0
    outer loop
      vertex 9.86596 3.18755 1.5
      vertex 10.1814 3.23435 0
      vertex 9.86596 3.18755 0
    endloop
  endfacet
  facet normal 0.427592 -0.903972 0
    outer loop
      vertex 11.7437 -3.00261 0
      vertex 12.032 -2.86624 1.5
      vertex 11.7437 -3.00261 1.5
    endloop
  endfacet
  facet normal 0.427592 -0.903972 0
    outer loop
      vertex 12.032 -2.86624 1.5
      vertex 11.7437 -3.00261 0
      vertex 12.032 -2.86624 0
    endloop
  endfacet
  facet normal -0.671545 0.740964 0
    outer loop
      vertex 8.43822 2.51228 0
      vertex 8.2019 2.2981 1.5
      vertex 8.43822 2.51228 1.5
    endloop
  endfacet
  facet normal -0.671545 0.740964 0
    outer loop
      vertex 8.2019 2.2981 1.5
      vertex 8.43822 2.51228 0
      vertex 8.2019 2.2981 0
    endloop
  endfacet
  facet normal 0.857819 -0.513952 0
    outer loop
      vertex 13.2023 -1.8056 1.5
      vertex 13.3662 -1.53204 0
      vertex 13.3662 -1.53204 1.5
    endloop
  endfacet
  facet normal 0.857819 -0.513952 0
    outer loop
      vertex 13.3662 -1.53204 0
      vertex 13.2023 -1.8056 1.5
      vertex 13.2023 -1.8056 0
    endloop
  endfacet
  facet normal -0.595707 0.803202 0
    outer loop
      vertex 8.6944 2.70228 0
      vertex 8.43822 2.51228 1.5
      vertex 8.6944 2.70228 1.5
    endloop
  endfacet
  facet normal -0.595707 0.803202 0
    outer loop
      vertex 8.43822 2.51228 1.5
      vertex 8.6944 2.70228 0
      vertex 8.43822 2.51228 0
    endloop
  endfacet
  facet normal 0.336892 0.941543 -0
    outer loop
      vertex 11.7437 3.00261 0
      vertex 11.4434 3.11006 1.5
      vertex 11.7437 3.00261 1.5
    endloop
  endfacet
  facet normal 0.336892 0.941543 0
    outer loop
      vertex 11.4434 3.11006 1.5
      vertex 11.7437 3.00261 0
      vertex 11.4434 3.11006 0
    endloop
  endfacet
  facet normal 0.740932 0.67158 0
    outer loop
      vertex 13.0123 2.06178 1.5
      vertex 12.7981 2.2981 0
      vertex 12.7981 2.2981 1.5
    endloop
  endfacet
  facet normal 0.740932 0.67158 0
    outer loop
      vertex 12.7981 2.2981 0
      vertex 13.0123 2.06178 1.5
      vertex 13.0123 2.06178 0
    endloop
  endfacet
  facet normal 0.998803 -0.0489125 0
    outer loop
      vertex 13.7344 -0.318555 1.5
      vertex 13.75 0 0
      vertex 13.75 0 1.5
    endloop
  endfacet
  facet normal 0.998803 -0.0489125 0
    outer loop
      vertex 13.75 0 0
      vertex 13.7344 -0.318555 1.5
      vertex 13.7344 -0.318555 0
    endloop
  endfacet
  facet normal -0.941541 -0.336897 0
    outer loop
      vertex 7.49739 -1.24372 0
      vertex 7.38994 -0.943425 1.5
      vertex 7.38994 -0.943425 0
    endloop
  endfacet
  facet normal -0.941541 -0.336897 0
    outer loop
      vertex 7.38994 -0.943425 1.5
      vertex 7.49739 -1.24372 0
      vertex 7.49739 -1.24372 1.5
    endloop
  endfacet
  facet normal 0.514035 0.857769 -0
    outer loop
      vertex 12.3056 2.70228 0
      vertex 12.032 2.86624 1.5
      vertex 12.3056 2.70228 1.5
    endloop
  endfacet
  facet normal 0.514035 0.857769 0
    outer loop
      vertex 12.032 2.86624 1.5
      vertex 12.3056 2.70228 0
      vertex 12.032 2.86624 0
    endloop
  endfacet
  facet normal 0.595677 0.803224 -0
    outer loop
      vertex 12.5618 2.51228 0
      vertex 12.3056 2.70228 1.5
      vertex 12.5618 2.51228 1.5
    endloop
  endfacet
  facet normal 0.595677 0.803224 0
    outer loop
      vertex 12.3056 2.70228 1.5
      vertex 12.5618 2.51228 0
      vertex 12.3056 2.70228 0
    endloop
  endfacet
  facet normal 0.146776 -0.98917 0
    outer loop
      vertex 10.8186 -3.23435 0
      vertex 11.134 -3.18755 1.5
      vertex 10.8186 -3.23435 1.5
    endloop
  endfacet
  facet normal 0.146776 -0.98917 0
    outer loop
      vertex 11.134 -3.18755 1.5
      vertex 10.8186 -3.23435 0
      vertex 11.134 -3.18755 0
    endloop
  endfacet
  facet normal 0.740932 -0.67158 0
    outer loop
      vertex 12.7981 -2.2981 1.5
      vertex 13.0123 -2.06178 0
      vertex 13.0123 -2.06178 1.5
    endloop
  endfacet
  facet normal 0.740932 -0.67158 0
    outer loop
      vertex 13.0123 -2.06178 0
      vertex 12.7981 -2.2981 1.5
      vertex 12.7981 -2.2981 0
    endloop
  endfacet
  facet normal 0.803202 -0.595707 0
    outer loop
      vertex 13.0123 -2.06178 1.5
      vertex 13.2023 -1.8056 0
      vertex 13.2023 -1.8056 1.5
    endloop
  endfacet
  facet normal 0.803202 -0.595707 0
    outer loop
      vertex 13.2023 -1.8056 0
      vertex 13.0123 -2.06178 1.5
      vertex 13.0123 -2.06178 0
    endloop
  endfacet
  facet normal 0.242949 -0.970039 0
    outer loop
      vertex 11.134 -3.18755 0
      vertex 11.4434 -3.11006 1.5
      vertex 11.134 -3.18755 1.5
    endloop
  endfacet
  facet normal 0.242949 -0.970039 0
    outer loop
      vertex 11.4434 -3.11006 1.5
      vertex 11.134 -3.18755 0
      vertex 11.4434 -3.11006 0
    endloop
  endfacet
  facet normal 0.903947 -0.427644 0
    outer loop
      vertex 13.3662 -1.53204 1.5
      vertex 13.5026 -1.24372 0
      vertex 13.5026 -1.24372 1.5
    endloop
  endfacet
  facet normal 0.903947 -0.427644 0
    outer loop
      vertex 13.5026 -1.24372 0
      vertex 13.3662 -1.53204 1.5
      vertex 13.3662 -1.53204 0
    endloop
  endfacet
  facet normal -0.242956 0.970037 0
    outer loop
      vertex 9.86596 3.18755 0
      vertex 9.55657 3.11006 1.5
      vertex 9.86596 3.18755 1.5
    endloop
  endfacet
  facet normal -0.242956 0.970037 0
    outer loop
      vertex 9.55657 3.11006 1.5
      vertex 9.86596 3.18755 0
      vertex 9.55657 3.11006 0
    endloop
  endfacet
  facet normal -0.941541 0.336897 0
    outer loop
      vertex 7.38994 0.943425 0
      vertex 7.49739 1.24372 1.5
      vertex 7.49739 1.24372 0
    endloop
  endfacet
  facet normal -0.941541 0.336897 0
    outer loop
      vertex 7.49739 1.24372 1.5
      vertex 7.38994 0.943425 0
      vertex 7.38994 0.943425 1.5
    endloop
  endfacet
  facet normal -0.427567 0.903983 0
    outer loop
      vertex 9.25628 3.00261 0
      vertex 8.96796 2.86624 1.5
      vertex 9.25628 3.00261 1.5
    endloop
  endfacet
  facet normal -0.427567 0.903983 0
    outer loop
      vertex 8.96796 2.86624 1.5
      vertex 9.25628 3.00261 0
      vertex 8.96796 2.86624 0
    endloop
  endfacet
  facet normal -0.989176 0.146736 0
    outer loop
      vertex 7.26565 0.318555 0
      vertex 7.31245 0.634043 1.5
      vertex 7.31245 0.634043 0
    endloop
  endfacet
  facet normal -0.989176 0.146736 0
    outer loop
      vertex 7.31245 0.634043 1.5
      vertex 7.26565 0.318555 0
      vertex 7.26565 0.318555 1.5
    endloop
  endfacet
  facet normal -0.970036 0.242962 0
    outer loop
      vertex 7.31245 0.634043 0
      vertex 7.38994 0.943425 1.5
      vertex 7.38994 0.943425 0
    endloop
  endfacet
  facet normal -0.970036 0.242962 0
    outer loop
      vertex 7.38994 0.943425 1.5
      vertex 7.31245 0.634043 0
      vertex 7.31245 0.634043 1.5
    endloop
  endfacet
  facet normal 0.427592 0.903972 -0
    outer loop
      vertex 12.032 2.86624 0
      vertex 11.7437 3.00261 1.5
      vertex 12.032 2.86624 1.5
    endloop
  endfacet
  facet normal 0.427592 0.903972 0
    outer loop
      vertex 11.7437 3.00261 1.5
      vertex 12.032 2.86624 0
      vertex 11.7437 3.00261 0
    endloop
  endfacet
  facet normal 0 0 -1
    outer loop
      vertex 13.7344 -0.318555 0
      vertex 13.7344 0.318555 0
      vertex 13.75 0 0
    endloop
  endfacet
  facet normal 0 0 -1
    outer loop
      vertex 13.6876 -0.634043 0
      vertex 13.7344 0.318555 0
      vertex 13.7344 -0.318555 0
    endloop
  endfacet
  facet normal 0 0 -1
    outer loop
      vertex 13.6876 -0.634043 0
      vertex 13.6876 0.634043 0
      vertex 13.7344 0.318555 0
    endloop
  endfacet
  facet normal 0 0 -1
    outer loop
      vertex 13.6101 -0.943425 0
      vertex 13.6876 0.634043 0
      vertex 13.6876 -0.634043 0
    endloop
  endfacet
  facet normal 0 0 -1
    outer loop
      vertex 13.6101 -0.943425 0
      vertex 13.6101 0.943425 0
      vertex 13.6876 0.634043 0
    endloop
  endfacet
  facet normal 0 0 -1
    outer loop
      vertex 13.5026 -1.24372 0
      vertex 13.6101 0.943425 0
      vertex 13.6101 -0.943425 0
    endloop
  endfacet
  facet normal 0 0 -1
    outer loop
      vertex 13.5026 -1.24372 0
      vertex 13.5026 1.24372 0
      vertex 13.6101 0.943425 0
    endloop
  endfacet
  facet normal 0 0 -1
    outer loop
      vertex 13.3662 -1.53204 0
      vertex 13.5026 1.24372 0
      vertex 13.5026 -1.24372 0
    endloop
  endfacet
  facet normal 0 0 -1
    outer loop
      vertex 13.3662 -1.53204 0
      vertex 13.3662 1.53204 0
      vertex 13.5026 1.24372 0
    endloop
  endfacet
  facet normal 0 0 -1
    outer loop
      vertex 13.2023 -1.8056 0
      vertex 13.3662 1.53204 0
      vertex 13.3662 -1.53204 0
    endloop
  endfacet
  facet normal 0 0 -1
    outer loop
      vertex 13.2023 -1.8056 0
      vertex 13.2023 1.8056 0
      vertex 13.3662 1.53204 0
    endloop
  endfacet
  facet normal 0 0 -1
    outer loop
      vertex 13.0123 -2.06178 0
      vertex 13.2023 1.8056 0
      vertex 13.2023 -1.8056 0
    endloop
  endfacet
  facet normal 0 0 -1
    outer loop
      vertex 13.0123 -2.06178 0
      vertex 13.0123 2.06178 0
      vertex 13.2023 1.8056 0
    endloop
  endfacet
  facet normal 0 0 -1
    outer loop
      vertex 12.7981 -2.2981 0
      vertex 13.0123 2.06178 0
      vertex 13.0123 -2.06178 0
    endloop
  endfacet
  facet normal 0 0 -1
    outer loop
      vertex 12.7981 -2.2981 0
      vertex 12.7981 2.2981 0
      vertex 13.0123 2.06178 0
    endloop
  endfacet
  facet normal 0 0 -1
    outer loop
      vertex 12.5618 -2.51228 0
      vertex 12.7981 2.2981 0
      vertex 12.7981 -2.2981 0
    endloop
  endfacet
  facet normal 0 0 -1
    outer loop
      vertex 12.5618 -2.51228 0
      vertex 12.5618 2.51228 0
      vertex 12.7981 2.2981 0
    endloop
  endfacet
  facet normal 0 0 -1
    outer loop
      vertex 12.3056 -2.70228 0
      vertex 12.5618 2.51228 0
      vertex 12.5618 -2.51228 0
    endloop
  endfacet
  facet normal 0 0 -1
    outer loop
      vertex 12.3056 -2.70228 0
      vertex 12.3056 2.70228 0
      vertex 12.5618 2.51228 0
    endloop
  endfacet
  facet normal 0 0 -1
    outer loop
      vertex 12.032 -2.86624 0
      vertex 12.3056 2.70228 0
      vertex 12.3056 -2.70228 0
    endloop
  endfacet
  facet normal 0 0 -1
    outer loop
      vertex 12.032 -2.86624 0
      vertex 12.032 2.86624 0
      vertex 12.3056 2.70228 0
    endloop
  endfacet
  facet normal 0 0 -1
    outer loop
      vertex 11.7437 -3.00261 0
      vertex 12.032 2.86624 0
      vertex 12.032 -2.86624 0
    endloop
  endfacet
  facet normal 0 0 -1
    outer loop
      vertex 11.7437 -3.00261 0
      vertex 11.7437 3.00261 0
      vertex 12.032 2.86624 0
    endloop
  endfacet
  facet normal 0 0 -1
    outer loop
      vertex 11.4434 -3.11006 0
      vertex 11.7437 3.00261 0
      vertex 11.7437 -3.00261 0
    endloop
  endfacet
  facet normal 0 0 -1
    outer loop
      vertex 11.4434 -3.11006 0
      vertex 11.4434 3.11006 0
      vertex 11.7437 3.00261 0
    endloop
  endfacet
  facet normal 0 0 -1
    outer loop
      vertex 11.134 -3.18755 0
      vertex 11.4434 3.11006 0
      vertex 11.4434 -3.11006 0
    endloop
  endfacet
  facet normal 0 0 -1
    outer loop
      vertex 11.134 -3.18755 0
      vertex 11.134 3.18755 0
      vertex 11.4434 3.11006 0
    endloop
  endfacet
  facet normal 0 0 -1
    outer loop
      vertex 10.8186 -3.23435 0
      vertex 11.134 3.18755 0
      vertex 11.134 -3.18755 0
    endloop
  endfacet
  facet normal 0 0 -1
    outer loop
      vertex 10.8186 -3.23435 0
      vertex 10.8186 3.23435 0
      vertex 11.134 3.18755 0
    endloop
  endfacet
  facet normal 0 0 -1
    outer loop
      vertex 10.5 -3.25 0
      vertex 10.8186 3.23435 0
      vertex 10.8186 -3.23435 0
    endloop
  endfacet
  facet normal 0 0 -1
    outer loop
      vertex 10.5 -3.25 0
      vertex 10.5 3.25 0
      vertex 10.8186 3.23435 0
    endloop
  endfacet
  facet normal 0 0 -1
    outer loop
      vertex 10.1814 -3.23435 0
      vertex 10.5 3.25 0
      vertex 10.5 -3.25 0
    endloop
  endfacet
  facet normal 0 0 -1
    outer loop
      vertex 10.1814 -3.23435 0
      vertex 10.1814 3.23435 0
      vertex 10.5 3.25 0
    endloop
  endfacet
  facet normal 0 0 -1
    outer loop
      vertex 9.86596 -3.18755 0
      vertex 10.1814 3.23435 0
      vertex 10.1814 -3.23435 0
    endloop
  endfacet
  facet normal 0 0 -1
    outer loop
      vertex 9.86596 -3.18755 0
      vertex 9.86596 3.18755 0
      vertex 10.1814 3.23435 0
    endloop
  endfacet
  facet normal 0 0 -1
    outer loop
      vertex 9.55657 -3.11006 0
      vertex 9.86596 3.18755 0
      vertex 9.86596 -3.18755 0
    endloop
  endfacet
  facet normal 0 0 -1
    outer loop
      vertex 9.55657 -3.11006 0
      vertex 9.55657 3.11006 0
      vertex 9.86596 3.18755 0
    endloop
  endfacet
  facet normal 0 0 -1
    outer loop
      vertex 9.25628 -3.00261 0
      vertex 9.55657 3.11006 0
      vertex 9.55657 -3.11006 0
    endloop
  endfacet
  facet normal 0 0 -1
    outer loop
      vertex 9.25628 -3.00261 0
      vertex 9.25628 3.00261 0
      vertex 9.55657 3.11006 0
    endloop
  endfacet
  facet normal 0 0 -1
    outer loop
      vertex 8.96796 -2.86624 0
      vertex 9.25628 3.00261 0
      vertex 9.25628 -3.00261 0
    endloop
  endfacet
  facet normal 0 0 -1
    outer loop
      vertex 8.96796 -2.86624 0
      vertex 8.96796 2.86624 0
      vertex 9.25628 3.00261 0
    endloop
  endfacet
  facet normal 0 0 -1
    outer loop
      vertex 8.6944 -2.70228 0
      vertex 8.96796 2.86624 0
      vertex 8.96796 -2.86624 0
    endloop
  endfacet
  facet normal 0 0 -1
    outer loop
      vertex 8.6944 -2.70228 0
      vertex 8.6944 2.70228 0
      vertex 8.96796 2.86624 0
    endloop
  endfacet
  facet normal 0 0 -1
    outer loop
      vertex 8.43822 -2.51228 0
      vertex 8.6944 2.70228 0
      vertex 8.6944 -2.70228 0
    endloop
  endfacet
  facet normal 0 0 -1
    outer loop
      vertex 8.43822 -2.51228 0
      vertex 8.43822 2.51228 0
      vertex 8.6944 2.70228 0
    endloop
  endfacet
  facet normal 0 0 -1
    outer loop
      vertex 8.2019 -2.2981 0
      vertex 8.43822 2.51228 0
      vertex 8.43822 -2.51228 0
    endloop
  endfacet
  facet normal 0 0 -1
    outer loop
      vertex 8.2019 -2.2981 0
      vertex 8.2019 2.2981 0
      vertex 8.43822 2.51228 0
    endloop
  endfacet
  facet normal 0 0 -1
    outer loop
      vertex 7.98772 -2.06178 0
      vertex 8.2019 2.2981 0
      vertex 8.2019 -2.2981 0
    endloop
  endfacet
  facet normal 0 0 -1
    outer loop
      vertex 7.98772 -2.06178 0
      vertex 7.98772 2.06178 0
      vertex 8.2019 2.2981 0
    endloop
  endfacet
  facet normal 0 0 -1
    outer loop
      vertex 7.79772 -1.8056 0
      vertex 7.98772 2.06178 0
      vertex 7.98772 -2.06178 0
    endloop
  endfacet
  facet normal 0 0 -1
    outer loop
      vertex 7.79772 -1.8056 0
      vertex 7.79772 1.8056 0
      vertex 7.98772 2.06178 0
    endloop
  endfacet
  facet normal 0 0 -1
    outer loop
      vertex 7.63376 -1.53204 0
      vertex 7.79772 1.8056 0
      vertex 7.79772 -1.8056 0
    endloop
  endfacet
  facet normal 0 0 -1
    outer loop
      vertex 7.63376 -1.53204 0
      vertex 7.63376 1.53204 0
      vertex 7.79772 1.8056 0
    endloop
  endfacet
  facet normal 0 0 -1
    outer loop
      vertex 7.49739 -1.24372 0
      vertex 7.63376 1.53204 0
      vertex 7.63376 -1.53204 0
    endloop
  endfacet
  facet normal 0 0 -1
    outer loop
      vertex 7.49739 -1.24372 0
      vertex 7.49739 1.24372 0
      vertex 7.63376 1.53204 0
    endloop
  endfacet
  facet normal 0 0 -1
    outer loop
      vertex 7.38994 -0.943425 0
      vertex 7.49739 1.24372 0
      vertex 7.49739 -1.24372 0
    endloop
  endfacet
  facet normal 0 0 -1
    outer loop
      vertex 7.38994 -0.943425 0
      vertex 7.38994 0.943425 0
      vertex 7.49739 1.24372 0
    endloop
  endfacet
  facet normal 0 0 -1
    outer loop
      vertex 7.31245 -0.634043 0
      vertex 7.38994 0.943425 0
      vertex 7.38994 -0.943425 0
    endloop
  endfacet
  facet normal 0 0 -1
    outer loop
      vertex 7.31245 -0.634043 0
      vertex 7.31245 0.634043 0
      vertex 7.38994 0.943425 0
    endloop
  endfacet
  facet normal 0 0 -1
    outer loop
      vertex 7.26565 -0.318555 0
      vertex 7.31245 0.634043 0
      vertex 7.31245 -0.634043 0
    endloop
  endfacet
  facet normal 0 0 -1
    outer loop
      vertex 7.26565 -0.318555 0
      vertex 7.26565 0.318555 0
      vertex 7.31245 0.634043 0
    endloop
  endfacet
  facet normal 0 -0 -1
    outer loop
      vertex 7.26565 0.318555 0
      vertex 7.26565 -0.318555 0
      vertex 7.25 0 0
    endloop
  endfacet
  facet normal 0.989176 -0.146736 0
    outer loop
      vertex 13.6876 -0.634043 1.5
      vertex 13.7344 -0.318555 0
      vertex 13.7344 -0.318555 1.5
    endloop
  endfacet
  facet normal 0.989176 -0.146736 0
    outer loop
      vertex 13.7344 -0.318555 0
      vertex 13.6876 -0.634043 1.5
      vertex 13.6876 -0.634043 0
    endloop
  endfacet
  facet normal 0.146776 0.98917 -0
    outer loop
      vertex 11.134 3.18755 0
      vertex 10.8186 3.23435 1.5
      vertex 11.134 3.18755 1.5
    endloop
  endfacet
  facet normal 0.146776 0.98917 0
    outer loop
      vertex 10.8186 3.23435 1.5
      vertex 11.134 3.18755 0
      vertex 10.8186 3.23435 0
    endloop
  endfacet
  facet normal 0.049062 0.998796 -0
    outer loop
      vertex 10.8186 3.23435 0
      vertex 10.5 3.25 1.5
      vertex 10.8186 3.23435 1.5
    endloop
  endfacet
  facet normal 0.049062 0.998796 0
    outer loop
      vertex 10.5 3.25 1.5
      vertex 10.8186 3.23435 0
      vertex 10.5 3.25 0
    endloop
  endfacet
  facet normal -0.740964 -0.671545 0
    outer loop
      vertex 8.2019 -2.2981 0
      vertex 7.98772 -2.06178 1.5
      vertex 7.98772 -2.06178 0
    endloop
  endfacet
  facet normal -0.740964 -0.671545 0
    outer loop
      vertex 7.98772 -2.06178 1.5
      vertex 8.2019 -2.2981 0
      vertex 8.2019 -2.2981 1.5
    endloop
  endfacet
  facet normal -0.857736 -0.51409 0
    outer loop
      vertex 7.79772 -1.8056 0
      vertex 7.63376 -1.53204 1.5
      vertex 7.63376 -1.53204 0
    endloop
  endfacet
  facet normal -0.857736 -0.51409 0
    outer loop
      vertex 7.63376 -1.53204 1.5
      vertex 7.79772 -1.8056 0
      vertex 7.79772 -1.8056 1.5
    endloop
  endfacet
  facet normal -0.336902 0.94154 0
    outer loop
      vertex 9.55657 3.11006 0
      vertex 9.25628 3.00261 1.5
      vertex 9.55657 3.11006 1.5
    endloop
  endfacet
  facet normal -0.336902 0.94154 0
    outer loop
      vertex 9.25628 3.00261 1.5
      vertex 9.55657 3.11006 0
      vertex 9.25628 3.00261 0
    endloop
  endfacet
  facet normal -0.51409 -0.857736 0
    outer loop
      vertex 8.6944 -2.70228 0
      vertex 8.96796 -2.86624 1.5
      vertex 8.6944 -2.70228 1.5
    endloop
  endfacet
  facet normal -0.51409 -0.857736 -0
    outer loop
      vertex 8.96796 -2.86624 1.5
      vertex 8.6944 -2.70228 0
      vertex 8.96796 -2.86624 0
    endloop
  endfacet
  facet normal 0.595677 -0.803224 0
    outer loop
      vertex 12.3056 -2.70228 0
      vertex 12.5618 -2.51228 1.5
      vertex 12.3056 -2.70228 1.5
    endloop
  endfacet
  facet normal 0.595677 -0.803224 0
    outer loop
      vertex 12.5618 -2.51228 1.5
      vertex 12.3056 -2.70228 0
      vertex 12.5618 -2.51228 0
    endloop
  endfacet
  facet normal -0.336902 -0.94154 0
    outer loop
      vertex 9.25628 -3.00261 0
      vertex 9.55657 -3.11006 1.5
      vertex 9.25628 -3.00261 1.5
    endloop
  endfacet
  facet normal -0.336902 -0.94154 -0
    outer loop
      vertex 9.55657 -3.11006 1.5
      vertex 9.25628 -3.00261 0
      vertex 9.55657 -3.11006 0
    endloop
  endfacet
  facet normal -0.803202 -0.595707 0
    outer loop
      vertex 7.98772 -2.06178 0
      vertex 7.79772 -1.8056 1.5
      vertex 7.79772 -1.8056 0
    endloop
  endfacet
  facet normal -0.803202 -0.595707 0
    outer loop
      vertex 7.79772 -1.8056 1.5
      vertex 7.98772 -2.06178 0
      vertex 7.98772 -2.06178 1.5
    endloop
  endfacet
  facet normal -0.903983 0.427567 0
    outer loop
      vertex 7.49739 1.24372 0
      vertex 7.63376 1.53204 1.5
      vertex 7.63376 1.53204 0
    endloop
  endfacet
  facet normal -0.903983 0.427567 0
    outer loop
      vertex 7.63376 1.53204 1.5
      vertex 7.49739 1.24372 0
      vertex 7.49739 1.24372 1.5
    endloop
  endfacet
  facet normal -0.989176 -0.146736 0
    outer loop
      vertex 7.31245 -0.634043 0
      vertex 7.26565 -0.318555 1.5
      vertex 7.26565 -0.318555 0
    endloop
  endfacet
  facet normal -0.989176 -0.146736 0
    outer loop
      vertex 7.26565 -0.318555 1.5
      vertex 7.31245 -0.634043 0
      vertex 7.31245 -0.634043 1.5
    endloop
  endfacet
  facet normal 0.242949 0.970039 -0
    outer loop
      vertex 11.4434 3.11006 0
      vertex 11.134 3.18755 1.5
      vertex 11.4434 3.11006 1.5
    endloop
  endfacet
  facet normal 0.242949 0.970039 0
    outer loop
      vertex 11.134 3.18755 1.5
      vertex 11.4434 3.11006 0
      vertex 11.134 3.18755 0
    endloop
  endfacet
  facet normal 0.514035 -0.857769 0
    outer loop
      vertex 12.032 -2.86624 0
      vertex 12.3056 -2.70228 1.5
      vertex 12.032 -2.86624 1.5
    endloop
  endfacet
  facet normal 0.514035 -0.857769 0
    outer loop
      vertex 12.3056 -2.70228 1.5
      vertex 12.032 -2.86624 0
      vertex 12.3056 -2.70228 0
    endloop
  endfacet
  facet normal -0.671545 -0.740964 0
    outer loop
      vertex 8.2019 -2.2981 0
      vertex 8.43822 -2.51228 1.5
      vertex 8.2019 -2.2981 1.5
    endloop
  endfacet
  facet normal -0.671545 -0.740964 -0
    outer loop
      vertex 8.43822 -2.51228 1.5
      vertex 8.2019 -2.2981 0
      vertex 8.43822 -2.51228 0
    endloop
  endfacet
  facet normal -0.049062 -0.998796 0
    outer loop
      vertex 10.1814 -3.23435 0
      vertex 10.5 -3.25 1.5
      vertex 10.1814 -3.23435 1.5
    endloop
  endfacet
  facet normal -0.049062 -0.998796 -0
    outer loop
      vertex 10.5 -3.25 1.5
      vertex 10.1814 -3.23435 0
      vertex 10.5 -3.25 0
    endloop
  endfacet
  facet normal 0 0 1
    outer loop
      vertex 12.25 0 1.5
      vertex 13.75 0 1.5
      vertex 13.7344 0.318555 1.5
    endloop
  endfacet
  facet normal 0 0 1
    outer loop
      vertex 12.2416 0.17153 1.5
      vertex 13.7344 0.318555 1.5
      vertex 13.6876 0.634043 1.5
    endloop
  endfacet
  facet normal 0 0 1
    outer loop
      vertex 13.75 0 1.5
      vertex 12.25 0 1.5
      vertex 13.7344 -0.318555 1.5
    endloop
  endfacet
  facet normal 0 0 1
    outer loop
      vertex 12.2164 0.341408 1.5
      vertex 13.6876 0.634043 1.5
      vertex 13.6101 0.943425 1.5
    endloop
  endfacet
  facet normal -0 0 1
    outer loop
      vertex 12.2416 -0.17153 1.5
      vertex 13.7344 -0.318555 1.5
      vertex 12.25 0 1.5
    endloop
  endfacet
  facet normal 0 0 1
    outer loop
      vertex 12.1746 0.507998 1.5
      vertex 13.6101 0.943425 1.5
      vertex 13.5026 1.24372 1.5
    endloop
  endfacet
  facet normal 0 0 1
    outer loop
      vertex 13.7344 -0.318555 1.5
      vertex 12.2416 -0.17153 1.5
      vertex 13.6876 -0.634043 1.5
    endloop
  endfacet
  facet normal 0 0 1
    outer loop
      vertex 12.1168 0.669696 1.5
      vertex 13.5026 1.24372 1.5
      vertex 13.3662 1.53204 1.5
    endloop
  endfacet
  facet normal -0 0 1
    outer loop
      vertex 12.2164 -0.341408 1.5
      vertex 13.6876 -0.634043 1.5
      vertex 12.2416 -0.17153 1.5
    endloop
  endfacet
  facet normal 0 0 1
    outer loop
      vertex 12.0434 0.824944 1.5
      vertex 13.3662 1.53204 1.5
      vertex 13.2023 1.8056 1.5
    endloop
  endfacet
  facet normal 0 0 1
    outer loop
      vertex 13.6876 -0.634043 1.5
      vertex 12.2164 -0.341408 1.5
      vertex 13.6101 -0.943425 1.5
    endloop
  endfacet
  facet normal 0 0 1
    outer loop
      vertex 11.9551 0.972247 1.5
      vertex 13.2023 1.8056 1.5
      vertex 13.0123 2.06178 1.5
    endloop
  endfacet
  facet normal -0 0 1
    outer loop
      vertex 12.1746 -0.507998 1.5
      vertex 13.6101 -0.943425 1.5
      vertex 12.2164 -0.341408 1.5
    endloop
  endfacet
  facet normal 0 0 1
    outer loop
      vertex 11.8528 1.11019 1.5
      vertex 13.0123 2.06178 1.5
      vertex 12.7981 2.2981 1.5
    endloop
  endfacet
  facet normal 0 0 1
    outer loop
      vertex 13.6101 -0.943425 1.5
      vertex 12.1746 -0.507998 1.5
      vertex 13.5026 -1.24372 1.5
    endloop
  endfacet
  facet normal 0 0 1
    outer loop
      vertex 11.7374 1.23744 1.5
      vertex 12.7981 2.2981 1.5
      vertex 12.5618 2.51228 1.5
    endloop
  endfacet
  facet normal -0 0 1
    outer loop
      vertex 12.1168 -0.669696 1.5
      vertex 13.5026 -1.24372 1.5
      vertex 12.1746 -0.507998 1.5
    endloop
  endfacet
  facet normal 0 0 1
    outer loop
      vertex 11.6102 1.35277 1.5
      vertex 12.5618 2.51228 1.5
      vertex 12.3056 2.70228 1.5
    endloop
  endfacet
  facet normal 0 0 1
    outer loop
      vertex 13.5026 -1.24372 1.5
      vertex 12.1168 -0.669696 1.5
      vertex 13.3662 -1.53204 1.5
    endloop
  endfacet
  facet normal -0 0 1
    outer loop
      vertex 12.0434 -0.824944 1.5
      vertex 13.3662 -1.53204 1.5
      vertex 12.1168 -0.669696 1.5
    endloop
  endfacet
  facet normal 0 0 1
    outer loop
      vertex 13.7344 0.318555 1.5
      vertex 12.2416 0.17153 1.5
      vertex 12.25 0 1.5
    endloop
  endfacet
  facet normal 0 0 1
    outer loop
      vertex 13.6876 0.634043 1.5
      vertex 12.2164 0.341408 1.5
      vertex 12.2416 0.17153 1.5
    endloop
  endfacet
  facet normal 0 0 1
    outer loop
      vertex 13.6101 0.943425 1.5
      vertex 12.1746 0.507998 1.5
      vertex 12.2164 0.341408 1.5
    endloop
  endfacet
  facet normal 0 0 1
    outer loop
      vertex 13.5026 1.24372 1.5
      vertex 12.1168 0.669696 1.5
      vertex 12.1746 0.507998 1.5
    endloop
  endfacet
  facet normal 0 0 1
    outer loop
      vertex 13.3662 1.53204 1.5
      vertex 12.0434 0.824944 1.5
      vertex 12.1168 0.669696 1.5
    endloop
  endfacet
  facet normal 0 0 1
    outer loop
      vertex 11.4722 1.45507 1.5
      vertex 12.3056 2.70228 1.5
      vertex 12.032 2.86624 1.5
    endloop
  endfacet
  facet normal 0 0 1
    outer loop
      vertex 13.2023 1.8056 1.5
      vertex 11.9551 0.972247 1.5
      vertex 12.0434 0.824944 1.5
    endloop
  endfacet
  facet normal 0 0 1
    outer loop
      vertex 13.0123 2.06178 1.5
      vertex 11.8528 1.11019 1.5
      vertex 11.9551 0.972247 1.5
    endloop
  endfacet
  facet normal 0 0 1
    outer loop
      vertex 11.3249 1.54336 1.5
      vertex 12.032 2.86624 1.5
      vertex 11.7437 3.00261 1.5
    endloop
  endfacet
  facet normal 0 0 1
    outer loop
      vertex 12.7981 2.2981 1.5
      vertex 11.7374 1.23744 1.5
      vertex 11.8528 1.11019 1.5
    endloop
  endfacet
  facet normal 0 0 1
    outer loop
      vertex 12.5618 2.51228 1.5
      vertex 11.6102 1.35277 1.5
      vertex 11.7374 1.23744 1.5
    endloop
  endfacet
  facet normal 0 0 1
    outer loop
      vertex 12.3056 2.70228 1.5
      vertex 11.4722 1.45507 1.5
      vertex 11.6102 1.35277 1.5
    endloop
  endfacet
  facet normal 0 0 1
    outer loop
      vertex 11.1697 1.61679 1.5
      vertex 11.7437 3.00261 1.5
      vertex 11.4434 3.11006 1.5
    endloop
  endfacet
  facet normal 0 0 1
    outer loop
      vertex 12.032 2.86624 1.5
      vertex 11.3249 1.54336 1.5
      vertex 11.4722 1.45507 1.5
    endloop
  endfacet
  facet normal 0 0 1
    outer loop
      vertex 11.7437 3.00261 1.5
      vertex 11.1697 1.61679 1.5
      vertex 11.3249 1.54336 1.5
    endloop
  endfacet
  facet normal 0 0 1
    outer loop
      vertex 11.008 1.67465 1.5
      vertex 11.4434 3.11006 1.5
      vertex 11.134 3.18755 1.5
    endloop
  endfacet
  facet normal 0 0 1
    outer loop
      vertex 11.4434 3.11006 1.5
      vertex 11.008 1.67465 1.5
      vertex 11.1697 1.61679 1.5
    endloop
  endfacet
  facet normal 0 0 1
    outer loop
      vertex 11.134 3.18755 1.5
      vertex 10.8414 1.71637 1.5
      vertex 11.008 1.67465 1.5
    endloop
  endfacet
  facet normal 0 0 1
    outer loop
      vertex 10.8186 3.23435 1.5
      vertex 10.8414 1.71637 1.5
      vertex 11.134 3.18755 1.5
    endloop
  endfacet
  facet normal 0 0 1
    outer loop
      vertex 10.8186 3.23435 1.5
      vertex 10.6715 1.74157 1.5
      vertex 10.8414 1.71637 1.5
    endloop
  endfacet
  facet normal 0 0 1
    outer loop
      vertex 10.5 3.25 1.5
      vertex 10.6715 1.74157 1.5
      vertex 10.8186 3.23435 1.5
    endloop
  endfacet
  facet normal 0 0 1
    outer loop
      vertex 10.5 3.25 1.5
      vertex 10.5 1.75 1.5
      vertex 10.6715 1.74157 1.5
    endloop
  endfacet
  facet normal 0 0 1
    outer loop
      vertex 10.5 3.25 1.5
      vertex 10.3285 1.74157 1.5
      vertex 10.5 1.75 1.5
    endloop
  endfacet
  facet normal -0 0 1
    outer loop
      vertex 10.1814 3.23435 1.5
      vertex 10.3285 1.74157 1.5
      vertex 10.5 3.25 1.5
    endloop
  endfacet
  facet normal 0 0 1
    outer loop
      vertex 10.1814 3.23435 1.5
      vertex 10.1586 1.71637 1.5
      vertex 10.3285 1.74157 1.5
    endloop
  endfacet
  facet normal -0 0 1
    outer loop
      vertex 9.86596 3.18755 1.5
      vertex 10.1586 1.71637 1.5
      vertex 10.1814 3.23435 1.5
    endloop
  endfacet
  facet normal 0 0 1
    outer loop
      vertex 10.1586 1.71637 1.5
      vertex 9.86596 3.18755 1.5
      vertex 9.992 1.67465 1.5
    endloop
  endfacet
  facet normal -0 0 1
    outer loop
      vertex 9.55657 3.11006 1.5
      vertex 9.992 1.67465 1.5
      vertex 9.86596 3.18755 1.5
    endloop
  endfacet
  facet normal 0 0 1
    outer loop
      vertex 9.992 1.67465 1.5
      vertex 9.55657 3.11006 1.5
      vertex 9.8303 1.61679 1.5
    endloop
  endfacet
  facet normal -0 0 1
    outer loop
      vertex 9.25628 3.00261 1.5
      vertex 9.8303 1.61679 1.5
      vertex 9.55657 3.11006 1.5
    endloop
  endfacet
  facet normal 0 0 1
    outer loop
      vertex 9.8303 1.61679 1.5
      vertex 9.25628 3.00261 1.5
      vertex 9.67506 1.54336 1.5
    endloop
  endfacet
  facet normal -0 0 1
    outer loop
      vertex 8.96796 2.86624 1.5
      vertex 9.67506 1.54336 1.5
      vertex 9.25628 3.00261 1.5
    endloop
  endfacet
  facet normal 0 0 1
    outer loop
      vertex 9.67506 1.54336 1.5
      vertex 8.96796 2.86624 1.5
      vertex 9.52775 1.45507 1.5
    endloop
  endfacet
  facet normal -0 0 1
    outer loop
      vertex 8.6944 2.70228 1.5
      vertex 9.52775 1.45507 1.5
      vertex 8.96796 2.86624 1.5
    endloop
  endfacet
  facet normal 0 0 1
    outer loop
      vertex 9.52775 1.45507 1.5
      vertex 8.6944 2.70228 1.5
      vertex 9.38981 1.35277 1.5
    endloop
  endfacet
  facet normal -0 0 1
    outer loop
      vertex 8.43822 2.51228 1.5
      vertex 9.38981 1.35277 1.5
      vertex 8.6944 2.70228 1.5
    endloop
  endfacet
  facet normal 0 0 1
    outer loop
      vertex 9.38981 1.35277 1.5
      vertex 8.43822 2.51228 1.5
      vertex 9.26256 1.23744 1.5
    endloop
  endfacet
  facet normal -0 0 1
    outer loop
      vertex 8.2019 2.2981 1.5
      vertex 9.26256 1.23744 1.5
      vertex 8.43822 2.51228 1.5
    endloop
  endfacet
  facet normal 0 0 1
    outer loop
      vertex 9.26256 1.23744 1.5
      vertex 8.2019 2.2981 1.5
      vertex 9.14723 1.11019 1.5
    endloop
  endfacet
  facet normal -0 0 1
    outer loop
      vertex 7.98772 2.06178 1.5
      vertex 9.14723 1.11019 1.5
      vertex 8.2019 2.2981 1.5
    endloop
  endfacet
  facet normal 0 0 1
    outer loop
      vertex 9.14723 1.11019 1.5
      vertex 7.98772 2.06178 1.5
      vertex 9.04493 0.972247 1.5
    endloop
  endfacet
  facet normal -0 0 1
    outer loop
      vertex 7.79772 1.8056 1.5
      vertex 9.04493 0.972247 1.5
      vertex 7.98772 2.06178 1.5
    endloop
  endfacet
  facet normal -0 0 1
    outer loop
      vertex 7.63376 1.53204 1.5
      vertex 8.95664 0.824944 1.5
      vertex 7.79772 1.8056 1.5
    endloop
  endfacet
  facet normal 0 0 1
    outer loop
      vertex 9.04493 0.972247 1.5
      vertex 7.79772 1.8056 1.5
      vertex 8.95664 0.824944 1.5
    endloop
  endfacet
  facet normal 0 0 1
    outer loop
      vertex 13.3662 -1.53204 1.5
      vertex 12.0434 -0.824944 1.5
      vertex 13.2023 -1.8056 1.5
    endloop
  endfacet
  facet normal -0 0 1
    outer loop
      vertex 11.9551 -0.972247 1.5
      vertex 13.2023 -1.8056 1.5
      vertex 12.0434 -0.824944 1.5
    endloop
  endfacet
  facet normal 0 0 1
    outer loop
      vertex 13.2023 -1.8056 1.5
      vertex 11.9551 -0.972247 1.5
      vertex 13.0123 -2.06178 1.5
    endloop
  endfacet
  facet normal -0 0 1
    outer loop
      vertex 11.8528 -1.11019 1.5
      vertex 13.0123 -2.06178 1.5
      vertex 11.9551 -0.972247 1.5
    endloop
  endfacet
  facet normal 0 0 1
    outer loop
      vertex 13.0123 -2.06178 1.5
      vertex 11.8528 -1.11019 1.5
      vertex 12.7981 -2.2981 1.5
    endloop
  endfacet
  facet normal -0 0 1
    outer loop
      vertex 11.7374 -1.23744 1.5
      vertex 12.7981 -2.2981 1.5
      vertex 11.8528 -1.11019 1.5
    endloop
  endfacet
  facet normal 0 0 1
    outer loop
      vertex 12.7981 -2.2981 1.5
      vertex 11.7374 -1.23744 1.5
      vertex 12.5618 -2.51228 1.5
    endloop
  endfacet
  facet normal -0 0 1
    outer loop
      vertex 11.6102 -1.35277 1.5
      vertex 12.5618 -2.51228 1.5
      vertex 11.7374 -1.23744 1.5
    endloop
  endfacet
  facet normal 0 0 1
    outer loop
      vertex 12.5618 -2.51228 1.5
      vertex 11.6102 -1.35277 1.5
      vertex 12.3056 -2.70228 1.5
    endloop
  endfacet
  facet normal -0 0 1
    outer loop
      vertex 11.4722 -1.45507 1.5
      vertex 12.3056 -2.70228 1.5
      vertex 11.6102 -1.35277 1.5
    endloop
  endfacet
  facet normal 0 0 1
    outer loop
      vertex 12.3056 -2.70228 1.5
      vertex 11.4722 -1.45507 1.5
      vertex 12.032 -2.86624 1.5
    endloop
  endfacet
  facet normal -0 0 1
    outer loop
      vertex 11.3249 -1.54336 1.5
      vertex 12.032 -2.86624 1.5
      vertex 11.4722 -1.45507 1.5
    endloop
  endfacet
  facet normal 0 0 1
    outer loop
      vertex 12.032 -2.86624 1.5
      vertex 11.3249 -1.54336 1.5
      vertex 11.7437 -3.00261 1.5
    endloop
  endfacet
  facet normal -0 0 1
    outer loop
      vertex 11.1697 -1.61679 1.5
      vertex 11.7437 -3.00261 1.5
      vertex 11.3249 -1.54336 1.5
    endloop
  endfacet
  facet normal 0 0 1
    outer loop
      vertex 11.7437 -3.00261 1.5
      vertex 11.1697 -1.61679 1.5
      vertex 11.4434 -3.11006 1.5
    endloop
  endfacet
  facet normal -0 0 1
    outer loop
      vertex 11.008 -1.67465 1.5
      vertex 11.4434 -3.11006 1.5
      vertex 11.1697 -1.61679 1.5
    endloop
  endfacet
  facet normal 0 0 1
    outer loop
      vertex 11.4434 -3.11006 1.5
      vertex 11.008 -1.67465 1.5
      vertex 11.134 -3.18755 1.5
    endloop
  endfacet
  facet normal -0 0 1
    outer loop
      vertex 10.8414 -1.71637 1.5
      vertex 11.134 -3.18755 1.5
      vertex 11.008 -1.67465 1.5
    endloop
  endfacet
  facet normal 0 0 1
    outer loop
      vertex 10.8414 -1.71637 1.5
      vertex 10.8186 -3.23435 1.5
      vertex 11.134 -3.18755 1.5
    endloop
  endfacet
  facet normal -0 0 1
    outer loop
      vertex 10.6715 -1.74157 1.5
      vertex 10.8186 -3.23435 1.5
      vertex 10.8414 -1.71637 1.5
    endloop
  endfacet
  facet normal -0 0 1
    outer loop
      vertex 10.5 -1.75 1.5
      vertex 10.8186 -3.23435 1.5
      vertex 10.6715 -1.74157 1.5
    endloop
  endfacet
  facet normal 0 0 1
    outer loop
      vertex 10.5 -1.75 1.5
      vertex 10.5 -3.25 1.5
      vertex 10.8186 -3.23435 1.5
    endloop
  endfacet
  facet normal 0 0 1
    outer loop
      vertex 10.3285 -1.74157 1.5
      vertex 10.5 -3.25 1.5
      vertex 10.5 -1.75 1.5
    endloop
  endfacet
  facet normal 0 0 1
    outer loop
      vertex 10.3285 -1.74157 1.5
      vertex 10.1814 -3.23435 1.5
      vertex 10.5 -3.25 1.5
    endloop
  endfacet
  facet normal 0 0 1
    outer loop
      vertex 10.1586 -1.71637 1.5
      vertex 10.1814 -3.23435 1.5
      vertex 10.3285 -1.74157 1.5
    endloop
  endfacet
  facet normal 0 0 1
    outer loop
      vertex 9.86596 -3.18755 1.5
      vertex 10.1586 -1.71637 1.5
      vertex 9.992 -1.67465 1.5
    endloop
  endfacet
  facet normal 0 0 1
    outer loop
      vertex 10.1586 -1.71637 1.5
      vertex 9.86596 -3.18755 1.5
      vertex 10.1814 -3.23435 1.5
    endloop
  endfacet
  facet normal 0 0 1
    outer loop
      vertex 9.55657 -3.11006 1.5
      vertex 9.992 -1.67465 1.5
      vertex 9.8303 -1.61679 1.5
    endloop
  endfacet
  facet normal 0 0 1
    outer loop
      vertex 9.25628 -3.00261 1.5
      vertex 9.8303 -1.61679 1.5
      vertex 9.67506 -1.54336 1.5
    endloop
  endfacet
  facet normal 0 0 1
    outer loop
      vertex 9.992 -1.67465 1.5
      vertex 9.55657 -3.11006 1.5
      vertex 9.86596 -3.18755 1.5
    endloop
  endfacet
  facet normal 0 0 1
    outer loop
      vertex 8.96796 -2.86624 1.5
      vertex 9.67506 -1.54336 1.5
      vertex 9.52775 -1.45507 1.5
    endloop
  endfacet
  facet normal 0 0 1
    outer loop
      vertex 8.6944 -2.70228 1.5
      vertex 9.52775 -1.45507 1.5
      vertex 9.38981 -1.35277 1.5
    endloop
  endfacet
  facet normal 0 0 1
    outer loop
      vertex 8.43822 -2.51228 1.5
      vertex 9.38981 -1.35277 1.5
      vertex 9.26256 -1.23744 1.5
    endloop
  endfacet
  facet normal 0 0 1
    outer loop
      vertex 9.8303 -1.61679 1.5
      vertex 9.25628 -3.00261 1.5
      vertex 9.55657 -3.11006 1.5
    endloop
  endfacet
  facet normal 0 0 1
    outer loop
      vertex 8.2019 -2.2981 1.5
      vertex 9.26256 -1.23744 1.5
      vertex 9.14723 -1.11019 1.5
    endloop
  endfacet
  facet normal 0 0 1
    outer loop
      vertex 7.98772 -2.06178 1.5
      vertex 9.14723 -1.11019 1.5
      vertex 9.04493 -0.972247 1.5
    endloop
  endfacet
  facet normal 0 0 1
    outer loop
      vertex 9.67506 -1.54336 1.5
      vertex 8.96796 -2.86624 1.5
      vertex 9.25628 -3.00261 1.5
    endloop
  endfacet
  facet normal 0 0 1
    outer loop
      vertex 7.79772 -1.8056 1.5
      vertex 9.04493 -0.972247 1.5
      vertex 8.95664 -0.824944 1.5
    endloop
  endfacet
  facet normal 0 0 1
    outer loop
      vertex 7.63376 -1.53204 1.5
      vertex 8.95664 -0.824944 1.5
      vertex 8.88321 -0.669696 1.5
    endloop
  endfacet
  facet normal 0 0 1
    outer loop
      vertex 7.49739 -1.24372 1.5
      vertex 8.88321 -0.669696 1.5
      vertex 8.82535 -0.507998 1.5
    endloop
  endfacet
  facet normal 0 0 1
    outer loop
      vertex 7.38994 -0.943425 1.5
      vertex 8.82535 -0.507998 1.5
      vertex 8.78363 -0.341408 1.5
    endloop
  endfacet
  facet normal 0 0 1
    outer loop
      vertex 7.31245 -0.634043 1.5
      vertex 8.78363 -0.341408 1.5
      vertex 8.75843 -0.17153 1.5
    endloop
  endfacet
  facet normal 0 0 1
    outer loop
      vertex 9.52775 -1.45507 1.5
      vertex 8.6944 -2.70228 1.5
      vertex 8.96796 -2.86624 1.5
    endloop
  endfacet
  facet normal 0 0 1
    outer loop
      vertex 7.26565 -0.318555 1.5
      vertex 8.75843 -0.17153 1.5
      vertex 8.75 0 1.5
    endloop
  endfacet
  facet normal 0 0 1
    outer loop
      vertex 8.95664 0.824944 1.5
      vertex 7.63376 1.53204 1.5
      vertex 8.88321 0.669696 1.5
    endloop
  endfacet
  facet normal -0 0 1
    outer loop
      vertex 7.49739 1.24372 1.5
      vertex 8.88321 0.669696 1.5
      vertex 7.63376 1.53204 1.5
    endloop
  endfacet
  facet normal 0 0 1
    outer loop
      vertex 9.38981 -1.35277 1.5
      vertex 8.43822 -2.51228 1.5
      vertex 8.6944 -2.70228 1.5
    endloop
  endfacet
  facet normal 0 0 1
    outer loop
      vertex 8.88321 0.669696 1.5
      vertex 7.49739 1.24372 1.5
      vertex 8.82535 0.507998 1.5
    endloop
  endfacet
  facet normal 0 0 1
    outer loop
      vertex 9.26256 -1.23744 1.5
      vertex 8.2019 -2.2981 1.5
      vertex 8.43822 -2.51228 1.5
    endloop
  endfacet
  facet normal -0 0 1
    outer loop
      vertex 7.38994 0.943425 1.5
      vertex 8.82535 0.507998 1.5
      vertex 7.49739 1.24372 1.5
    endloop
  endfacet
  facet normal 0 0 1
    outer loop
      vertex 9.14723 -1.11019 1.5
      vertex 7.98772 -2.06178 1.5
      vertex 8.2019 -2.2981 1.5
    endloop
  endfacet
  facet normal 0 0 1
    outer loop
      vertex 8.82535 0.507998 1.5
      vertex 7.38994 0.943425 1.5
      vertex 8.78363 0.341408 1.5
    endloop
  endfacet
  facet normal 0 0 1
    outer loop
      vertex 9.04493 -0.972247 1.5
      vertex 7.79772 -1.8056 1.5
      vertex 7.98772 -2.06178 1.5
    endloop
  endfacet
  facet normal -0 0 1
    outer loop
      vertex 7.31245 0.634043 1.5
      vertex 8.78363 0.341408 1.5
      vertex 7.38994 0.943425 1.5
    endloop
  endfacet
  facet normal 0 0 1
    outer loop
      vertex 8.95664 -0.824944 1.5
      vertex 7.63376 -1.53204 1.5
      vertex 7.79772 -1.8056 1.5
    endloop
  endfacet
  facet normal 0 0 1
    outer loop
      vertex 8.78363 0.341408 1.5
      vertex 7.31245 0.634043 1.5
      vertex 8.75843 0.17153 1.5
    endloop
  endfacet
  facet normal 0 0 1
    outer loop
      vertex 8.88321 -0.669696 1.5
      vertex 7.49739 -1.24372 1.5
      vertex 7.63376 -1.53204 1.5
    endloop
  endfacet
  facet normal -0 0 1
    outer loop
      vertex 7.26565 0.318555 1.5
      vertex 8.75843 0.17153 1.5
      vertex 7.31245 0.634043 1.5
    endloop
  endfacet
  facet normal 0 0 1
    outer loop
      vertex 8.82535 -0.507998 1.5
      vertex 7.38994 -0.943425 1.5
      vertex 7.49739 -1.24372 1.5
    endloop
  endfacet
  facet normal 0 0 1
    outer loop
      vertex 8.75843 0.17153 1.5
      vertex 7.26565 0.318555 1.5
      vertex 8.75 0 1.5
    endloop
  endfacet
  facet normal 0 0 1
    outer loop
      vertex 8.78363 -0.341408 1.5
      vertex 7.31245 -0.634043 1.5
      vertex 7.38994 -0.943425 1.5
    endloop
  endfacet
  facet normal 0 0 1
    outer loop
      vertex 7.25 0 1.5
      vertex 8.75 0 1.5
      vertex 7.26565 0.318555 1.5
    endloop
  endfacet
  facet normal 0 0 1
    outer loop
      vertex 8.75843 -0.17153 1.5
      vertex 7.26565 -0.318555 1.5
      vertex 7.31245 -0.634043 1.5
    endloop
  endfacet
  facet normal 0 0 1
    outer loop
      vertex 8.75 0 1.5
      vertex 7.25 0 1.5
      vertex 7.26565 -0.318555 1.5
    endloop
  endfacet
  facet normal -0.998795 0.0490689 0
    outer loop
      vertex 7.25 0 0
      vertex 7.26565 0.318555 1.5
      vertex 7.26565 0.318555 0
    endloop
  endfacet
  facet normal -0.998795 0.0490689 0
    outer loop
      vertex 7.26565 0.318555 1.5
      vertex 7.25 0 0
      vertex 7.25 0 1.5
    endloop
  endfacet
  facet normal 0.671576 -0.740935 0
    outer loop
      vertex 12.5618 -2.51228 0
      vertex 12.7981 -2.2981 1.5
      vertex 12.5618 -2.51228 1.5
    endloop
  endfacet
  facet normal 0.671576 -0.740935 0
    outer loop
      vertex 12.7981 -2.2981 1.5
      vertex 12.5618 -2.51228 0
      vertex 12.7981 -2.2981 0
    endloop
  endfacet
  facet normal 0.989176 0.146736 0
    outer loop
      vertex 12.2416 0.17153 4.9
      vertex 12.2164 0.341408 1.5
      vertex 12.2164 0.341408 4.9
    endloop
  endfacet
  facet normal 0.989176 0.146736 0
    outer loop
      vertex 12.2164 0.341408 1.5
      vertex 12.2416 0.17153 4.9
      vertex 12.2416 0.17153 1.5
    endloop
  endfacet
  facet normal 0.998803 0.0489124 0
    outer loop
      vertex 12.25 0 4.9
      vertex 12.2416 0.17153 1.5
      vertex 12.2416 0.17153 4.9
    endloop
  endfacet
  facet normal 0.998803 0.0489124 0
    outer loop
      vertex 12.2416 0.17153 1.5
      vertex 12.25 0 4.9
      vertex 12.25 0 1.5
    endloop
  endfacet
  facet normal 0.969933 0.243371 0
    outer loop
      vertex 12.2164 0.341408 4.9
      vertex 12.1746 0.507998 1.5
      vertex 12.1746 0.507998 4.9
    endloop
  endfacet
  facet normal 0.969933 0.243371 0
    outer loop
      vertex 12.1746 0.507998 1.5
      vertex 12.2164 0.341408 4.9
      vertex 12.2164 0.341408 1.5
    endloop
  endfacet
  facet normal 0.336904 -0.941539 0
    outer loop
      vertex 11.008 -1.67465 1.5
      vertex 11.1697 -1.61679 4.9
      vertex 11.008 -1.67465 4.9
    endloop
  endfacet
  facet normal 0.336904 -0.941539 0
    outer loop
      vertex 11.1697 -1.61679 4.9
      vertex 11.008 -1.67465 1.5
      vertex 11.1697 -1.61679 1.5
    endloop
  endfacet
  facet normal -0.67155 0.740959 0
    outer loop
      vertex 9.38981 1.35277 1.5
      vertex 9.26256 1.23744 4.9
      vertex 9.38981 1.35277 4.9
    endloop
  endfacet
  facet normal -0.67155 0.740959 0
    outer loop
      vertex 9.26256 1.23744 4.9
      vertex 9.38981 1.35277 1.5
      vertex 9.26256 1.23744 1.5
    endloop
  endfacet
  facet normal -0.970043 -0.242933 0
    outer loop
      vertex 8.82535 -0.507998 1.5
      vertex 8.78363 -0.341408 4.9
      vertex 8.78363 -0.341408 1.5
    endloop
  endfacet
  facet normal -0.970043 -0.242933 0
    outer loop
      vertex 8.78363 -0.341408 4.9
      vertex 8.82535 -0.507998 1.5
      vertex 8.82535 -0.507998 4.9
    endloop
  endfacet
  facet normal 0.427678 0.903931 -0
    outer loop
      vertex 11.3249 1.54336 1.5
      vertex 11.1697 1.61679 4.9
      vertex 11.3249 1.54336 4.9
    endloop
  endfacet
  facet normal 0.427678 0.903931 0
    outer loop
      vertex 11.1697 1.61679 4.9
      vertex 11.3249 1.54336 1.5
      vertex 11.1697 1.61679 1.5
    endloop
  endfacet
  facet normal -0.242919 -0.970047 0
    outer loop
      vertex 9.992 -1.67465 1.5
      vertex 10.1586 -1.71637 4.9
      vertex 9.992 -1.67465 4.9
    endloop
  endfacet
  facet normal -0.242919 -0.970047 -0
    outer loop
      vertex 10.1586 -1.71637 4.9
      vertex 9.992 -1.67465 1.5
      vertex 10.1586 -1.71637 1.5
    endloop
  endfacet
  facet normal -0.146717 -0.989178 0
    outer loop
      vertex 10.1586 -1.71637 1.5
      vertex 10.3285 -1.74157 4.9
      vertex 10.1586 -1.71637 4.9
    endloop
  endfacet
  facet normal -0.146717 -0.989178 -0
    outer loop
      vertex 10.3285 -1.74157 4.9
      vertex 10.1586 -1.71637 1.5
      vertex 10.3285 -1.74157 1.5
    endloop
  endfacet
  facet normal 0.242919 0.970047 -0
    outer loop
      vertex 11.008 1.67465 1.5
      vertex 10.8414 1.71637 4.9
      vertex 11.008 1.67465 4.9
    endloop
  endfacet
  facet normal 0.242919 0.970047 0
    outer loop
      vertex 10.8414 1.71637 4.9
      vertex 11.008 1.67465 1.5
      vertex 10.8414 1.71637 1.5
    endloop
  endfacet
  facet normal -0.740959 0.67155 0
    outer loop
      vertex 9.14723 1.11019 1.5
      vertex 9.26256 1.23744 4.9
      vertex 9.26256 1.23744 1.5
    endloop
  endfacet
  facet normal -0.740959 0.67155 0
    outer loop
      vertex 9.26256 1.23744 4.9
      vertex 9.14723 1.11019 1.5
      vertex 9.14723 1.11019 4.9
    endloop
  endfacet
  facet normal -0.336904 0.941539 0
    outer loop
      vertex 9.992 1.67465 1.5
      vertex 9.8303 1.61679 4.9
      vertex 9.992 1.67465 4.9
    endloop
  endfacet
  facet normal -0.336904 0.941539 0
    outer loop
      vertex 9.8303 1.61679 4.9
      vertex 9.992 1.67465 1.5
      vertex 9.8303 1.61679 1.5
    endloop
  endfacet
  facet normal 0.0490952 -0.998794 0
    outer loop
      vertex 10.5 -1.75 1.5
      vertex 10.6715 -1.74157 4.9
      vertex 10.5 -1.75 4.9
    endloop
  endfacet
  facet normal 0.0490952 -0.998794 0
    outer loop
      vertex 10.6715 -1.74157 4.9
      vertex 10.5 -1.75 1.5
      vertex 10.6715 -1.74157 1.5
    endloop
  endfacet
  facet normal -0.0490952 0.998794 0
    outer loop
      vertex 10.5 1.75 1.5
      vertex 10.3285 1.74157 4.9
      vertex 10.5 1.75 4.9
    endloop
  endfacet
  facet normal -0.0490952 0.998794 0
    outer loop
      vertex 10.3285 1.74157 4.9
      vertex 10.5 1.75 1.5
      vertex 10.3285 1.74157 1.5
    endloop
  endfacet
  facet normal -0.595687 -0.803217 0
    outer loop
      vertex 9.38981 -1.35277 1.5
      vertex 9.52775 -1.45507 4.9
      vertex 9.38981 -1.35277 4.9
    endloop
  endfacet
  facet normal -0.595687 -0.803217 -0
    outer loop
      vertex 9.52775 -1.45507 4.9
      vertex 9.38981 -1.35277 1.5
      vertex 9.52775 -1.45507 1.5
    endloop
  endfacet
  facet normal -0.903982 -0.42757 0
    outer loop
      vertex 8.95664 -0.824944 1.5
      vertex 8.88321 -0.669696 4.9
      vertex 8.88321 -0.669696 1.5
    endloop
  endfacet
  facet normal -0.903982 -0.42757 0
    outer loop
      vertex 8.88321 -0.669696 4.9
      vertex 8.95664 -0.824944 1.5
      vertex 8.95664 -0.824944 4.9
    endloop
  endfacet
  facet normal -0.146717 0.989178 0
    outer loop
      vertex 10.3285 1.74157 1.5
      vertex 10.1586 1.71637 4.9
      vertex 10.3285 1.74157 4.9
    endloop
  endfacet
  facet normal -0.146717 0.989178 0
    outer loop
      vertex 10.1586 1.71637 4.9
      vertex 10.3285 1.74157 1.5
      vertex 10.1586 1.71637 1.5
    endloop
  endfacet
  facet normal 0.51411 0.857724 -0
    outer loop
      vertex 11.4722 1.45507 1.5
      vertex 11.3249 1.54336 4.9
      vertex 11.4722 1.45507 4.9
    endloop
  endfacet
  facet normal 0.51411 0.857724 0
    outer loop
      vertex 11.3249 1.54336 4.9
      vertex 11.4722 1.45507 1.5
      vertex 11.3249 1.54336 1.5
    endloop
  endfacet
  facet normal -0.998795 -0.0490867 0
    outer loop
      vertex 8.75843 -0.17153 1.5
      vertex 8.75 0 4.9
      vertex 8.75 0 1.5
    endloop
  endfacet
  facet normal -0.998795 -0.0490867 0
    outer loop
      vertex 8.75 0 4.9
      vertex 8.75843 -0.17153 1.5
      vertex 8.75843 -0.17153 4.9
    endloop
  endfacet
  facet normal -0.903982 0.42757 0
    outer loop
      vertex 8.88321 0.669696 1.5
      vertex 8.95664 0.824944 4.9
      vertex 8.95664 0.824944 1.5
    endloop
  endfacet
  facet normal -0.903982 0.42757 0
    outer loop
      vertex 8.95664 0.824944 4.9
      vertex 8.88321 0.669696 1.5
      vertex 8.88321 0.669696 4.9
    endloop
  endfacet
  facet normal 0.969933 -0.243371 0
    outer loop
      vertex 12.1746 -0.507998 4.9
      vertex 12.2164 -0.341408 1.5
      vertex 12.2164 -0.341408 4.9
    endloop
  endfacet
  facet normal 0.969933 -0.243371 0
    outer loop
      vertex 12.2164 -0.341408 1.5
      vertex 12.1746 -0.507998 4.9
      vertex 12.1746 -0.507998 1.5
    endloop
  endfacet
  facet normal 0.671695 0.740828 -0
    outer loop
      vertex 11.7374 1.23744 1.5
      vertex 11.6102 1.35277 4.9
      vertex 11.7374 1.23744 4.9
    endloop
  endfacet
  facet normal 0.671695 0.740828 0
    outer loop
      vertex 11.6102 1.35277 4.9
      vertex 11.7374 1.23744 1.5
      vertex 11.6102 1.35277 1.5
    endloop
  endfacet
  facet normal 0.59552 0.803341 -0
    outer loop
      vertex 11.6102 1.35277 1.5
      vertex 11.4722 1.45507 4.9
      vertex 11.6102 1.35277 4.9
    endloop
  endfacet
  facet normal 0.59552 0.803341 0
    outer loop
      vertex 11.4722 1.45507 4.9
      vertex 11.6102 1.35277 1.5
      vertex 11.4722 1.45507 1.5
    endloop
  endfacet
  facet normal -0.595687 0.803217 0
    outer loop
      vertex 9.52775 1.45507 1.5
      vertex 9.38981 1.35277 4.9
      vertex 9.52775 1.45507 4.9
    endloop
  endfacet
  facet normal -0.595687 0.803217 0
    outer loop
      vertex 9.38981 1.35277 4.9
      vertex 9.52775 1.45507 1.5
      vertex 9.38981 1.35277 1.5
    endloop
  endfacet
  facet normal 0.51411 -0.857724 0
    outer loop
      vertex 11.3249 -1.54336 1.5
      vertex 11.4722 -1.45507 4.9
      vertex 11.3249 -1.54336 4.9
    endloop
  endfacet
  facet normal 0.51411 -0.857724 0
    outer loop
      vertex 11.4722 -1.45507 4.9
      vertex 11.3249 -1.54336 1.5
      vertex 11.4722 -1.45507 1.5
    endloop
  endfacet
  facet normal 0.740756 0.671774 0
    outer loop
      vertex 11.8528 1.11019 4.9
      vertex 11.7374 1.23744 1.5
      vertex 11.7374 1.23744 4.9
    endloop
  endfacet
  facet normal 0.740756 0.671774 0
    outer loop
      vertex 11.7374 1.23744 1.5
      vertex 11.8528 1.11019 4.9
      vertex 11.8528 1.11019 1.5
    endloop
  endfacet
  facet normal 0.803223 0.595679 0
    outer loop
      vertex 11.9551 0.972247 4.9
      vertex 11.8528 1.11019 1.5
      vertex 11.8528 1.11019 4.9
    endloop
  endfacet
  facet normal 0.803223 0.595679 0
    outer loop
      vertex 11.8528 1.11019 1.5
      vertex 11.9551 0.972247 4.9
      vertex 11.9551 0.972247 1.5
    endloop
  endfacet
  facet normal 0.989176 -0.146736 0
    outer loop
      vertex 12.2164 -0.341408 4.9
      vertex 12.2416 -0.17153 1.5
      vertex 12.2416 -0.17153 4.9
    endloop
  endfacet
  facet normal 0.989176 -0.146736 0
    outer loop
      vertex 12.2416 -0.17153 1.5
      vertex 12.2164 -0.341408 4.9
      vertex 12.2164 -0.341408 1.5
    endloop
  endfacet
  facet normal -0.941538 0.336908 0
    outer loop
      vertex 8.82535 0.507998 1.5
      vertex 8.88321 0.669696 4.9
      vertex 8.88321 0.669696 1.5
    endloop
  endfacet
  facet normal -0.941538 0.336908 0
    outer loop
      vertex 8.88321 0.669696 4.9
      vertex 8.82535 0.507998 1.5
      vertex 8.82535 0.507998 4.9
    endloop
  endfacet
  facet normal 0.90405 -0.427427 0
    outer loop
      vertex 12.0434 -0.824944 4.9
      vertex 12.1168 -0.669696 1.5
      vertex 12.1168 -0.669696 4.9
    endloop
  endfacet
  facet normal 0.90405 -0.427427 0
    outer loop
      vertex 12.1168 -0.669696 1.5
      vertex 12.0434 -0.824944 4.9
      vertex 12.0434 -0.824944 1.5
    endloop
  endfacet
  facet normal 0.998803 -0.0489124 0
    outer loop
      vertex 12.2416 -0.17153 4.9
      vertex 12.25 0 1.5
      vertex 12.25 0 4.9
    endloop
  endfacet
  facet normal 0.998803 -0.0489124 0
    outer loop
      vertex 12.25 0 1.5
      vertex 12.2416 -0.17153 4.9
      vertex 12.2416 -0.17153 1.5
    endloop
  endfacet
  facet normal 0.242919 -0.970047 0
    outer loop
      vertex 10.8414 -1.71637 1.5
      vertex 11.008 -1.67465 4.9
      vertex 10.8414 -1.71637 4.9
    endloop
  endfacet
  facet normal 0.242919 -0.970047 0
    outer loop
      vertex 11.008 -1.67465 4.9
      vertex 10.8414 -1.71637 1.5
      vertex 11.008 -1.67465 1.5
    endloop
  endfacet
  facet normal 0.146717 -0.989178 0
    outer loop
      vertex 10.6715 -1.74157 1.5
      vertex 10.8414 -1.71637 4.9
      vertex 10.6715 -1.74157 4.9
    endloop
  endfacet
  facet normal 0.146717 -0.989178 0
    outer loop
      vertex 10.8414 -1.71637 4.9
      vertex 10.6715 -1.74157 1.5
      vertex 10.8414 -1.71637 1.5
    endloop
  endfacet
  facet normal 0.941648 0.336598 0
    outer loop
      vertex 12.1746 0.507998 4.9
      vertex 12.1168 0.669696 1.5
      vertex 12.1168 0.669696 4.9
    endloop
  endfacet
  facet normal 0.941648 0.336598 0
    outer loop
      vertex 12.1168 0.669696 1.5
      vertex 12.1746 0.507998 4.9
      vertex 12.1746 0.507998 1.5
    endloop
  endfacet
  facet normal 0.803223 -0.595679 0
    outer loop
      vertex 11.8528 -1.11019 4.9
      vertex 11.9551 -0.972247 1.5
      vertex 11.9551 -0.972247 4.9
    endloop
  endfacet
  facet normal 0.803223 -0.595679 0
    outer loop
      vertex 11.9551 -0.972247 1.5
      vertex 11.8528 -1.11019 4.9
      vertex 11.8528 -1.11019 1.5
    endloop
  endfacet
  facet normal 0.857703 -0.514145 0
    outer loop
      vertex 11.9551 -0.972247 4.9
      vertex 12.0434 -0.824944 1.5
      vertex 12.0434 -0.824944 4.9
    endloop
  endfacet
  facet normal 0.857703 -0.514145 0
    outer loop
      vertex 12.0434 -0.824944 1.5
      vertex 11.9551 -0.972247 4.9
      vertex 11.9551 -0.972247 1.5
    endloop
  endfacet
  facet normal 0.427678 -0.903931 0
    outer loop
      vertex 11.1697 -1.61679 1.5
      vertex 11.3249 -1.54336 4.9
      vertex 11.1697 -1.61679 4.9
    endloop
  endfacet
  facet normal 0.427678 -0.903931 0
    outer loop
      vertex 11.3249 -1.54336 4.9
      vertex 11.1697 -1.61679 1.5
      vertex 11.3249 -1.54336 1.5
    endloop
  endfacet
  facet normal 0.0490952 0.998794 -0
    outer loop
      vertex 10.6715 1.74157 1.5
      vertex 10.5 1.75 4.9
      vertex 10.6715 1.74157 4.9
    endloop
  endfacet
  facet normal 0.0490952 0.998794 0
    outer loop
      vertex 10.5 1.75 4.9
      vertex 10.6715 1.74157 1.5
      vertex 10.5 1.75 1.5
    endloop
  endfacet
  facet normal 0.941648 -0.336598 0
    outer loop
      vertex 12.1168 -0.669696 4.9
      vertex 12.1746 -0.507998 1.5
      vertex 12.1746 -0.507998 4.9
    endloop
  endfacet
  facet normal 0.941648 -0.336598 0
    outer loop
      vertex 12.1746 -0.507998 1.5
      vertex 12.1168 -0.669696 4.9
      vertex 12.1168 -0.669696 1.5
    endloop
  endfacet
  facet normal -0.242919 0.970047 0
    outer loop
      vertex 10.1586 1.71637 1.5
      vertex 9.992 1.67465 4.9
      vertex 10.1586 1.71637 4.9
    endloop
  endfacet
  facet normal -0.242919 0.970047 0
    outer loop
      vertex 9.992 1.67465 4.9
      vertex 10.1586 1.71637 1.5
      vertex 9.992 1.67465 1.5
    endloop
  endfacet
  facet normal 0.90405 0.427427 0
    outer loop
      vertex 12.1168 0.669696 4.9
      vertex 12.0434 0.824944 1.5
      vertex 12.0434 0.824944 4.9
    endloop
  endfacet
  facet normal 0.90405 0.427427 0
    outer loop
      vertex 12.0434 0.824944 1.5
      vertex 12.1168 0.669696 4.9
      vertex 12.1168 0.669696 1.5
    endloop
  endfacet
  facet normal -0.427588 0.903974 0
    outer loop
      vertex 9.8303 1.61679 1.5
      vertex 9.67506 1.54336 4.9
      vertex 9.8303 1.61679 4.9
    endloop
  endfacet
  facet normal -0.427588 0.903974 0
    outer loop
      vertex 9.67506 1.54336 4.9
      vertex 9.8303 1.61679 1.5
      vertex 9.67506 1.54336 1.5
    endloop
  endfacet
  facet normal 0.146717 0.989178 -0
    outer loop
      vertex 10.8414 1.71637 1.5
      vertex 10.6715 1.74157 4.9
      vertex 10.8414 1.71637 4.9
    endloop
  endfacet
  facet normal 0.146717 0.989178 0
    outer loop
      vertex 10.6715 1.74157 4.9
      vertex 10.8414 1.71637 1.5
      vertex 10.6715 1.74157 1.5
    endloop
  endfacet
  facet normal -0.857729 -0.514103 0
    outer loop
      vertex 9.04493 -0.972247 1.5
      vertex 8.95664 -0.824944 4.9
      vertex 8.95664 -0.824944 1.5
    endloop
  endfacet
  facet normal -0.857729 -0.514103 0
    outer loop
      vertex 8.95664 -0.824944 4.9
      vertex 9.04493 -0.972247 1.5
      vertex 9.04493 -0.972247 4.9
    endloop
  endfacet
  facet normal 0.857703 0.514145 0
    outer loop
      vertex 12.0434 0.824944 4.9
      vertex 11.9551 0.972247 1.5
      vertex 11.9551 0.972247 4.9
    endloop
  endfacet
  facet normal 0.857703 0.514145 0
    outer loop
      vertex 11.9551 0.972247 1.5
      vertex 12.0434 0.824944 4.9
      vertex 12.0434 0.824944 1.5
    endloop
  endfacet
  facet normal -0.514085 0.857739 0
    outer loop
      vertex 9.67506 1.54336 1.5
      vertex 9.52775 1.45507 4.9
      vertex 9.67506 1.54336 4.9
    endloop
  endfacet
  facet normal -0.514085 0.857739 0
    outer loop
      vertex 9.52775 1.45507 4.9
      vertex 9.67506 1.54336 1.5
      vertex 9.52775 1.45507 1.5
    endloop
  endfacet
  facet normal -0.740959 -0.67155 0
    outer loop
      vertex 9.26256 -1.23744 1.5
      vertex 9.14723 -1.11019 4.9
      vertex 9.14723 -1.11019 1.5
    endloop
  endfacet
  facet normal -0.740959 -0.67155 0
    outer loop
      vertex 9.14723 -1.11019 4.9
      vertex 9.26256 -1.23744 1.5
      vertex 9.26256 -1.23744 4.9
    endloop
  endfacet
  facet normal -0.427588 -0.903974 0
    outer loop
      vertex 9.67506 -1.54336 1.5
      vertex 9.8303 -1.61679 4.9
      vertex 9.67506 -1.54336 4.9
    endloop
  endfacet
  facet normal -0.427588 -0.903974 -0
    outer loop
      vertex 9.8303 -1.61679 4.9
      vertex 9.67506 -1.54336 1.5
      vertex 9.8303 -1.61679 1.5
    endloop
  endfacet
  facet normal -0.941538 -0.336908 0
    outer loop
      vertex 8.88321 -0.669696 1.5
      vertex 8.82535 -0.507998 4.9
      vertex 8.82535 -0.507998 1.5
    endloop
  endfacet
  facet normal -0.941538 -0.336908 0
    outer loop
      vertex 8.82535 -0.507998 4.9
      vertex 8.88321 -0.669696 1.5
      vertex 8.88321 -0.669696 4.9
    endloop
  endfacet
  facet normal -0.514085 -0.857739 0
    outer loop
      vertex 9.52775 -1.45507 1.5
      vertex 9.67506 -1.54336 4.9
      vertex 9.52775 -1.45507 4.9
    endloop
  endfacet
  facet normal -0.514085 -0.857739 -0
    outer loop
      vertex 9.67506 -1.54336 4.9
      vertex 9.52775 -1.45507 1.5
      vertex 9.67506 -1.54336 1.5
    endloop
  endfacet
  facet normal -0.970043 0.242933 0
    outer loop
      vertex 8.78363 0.341408 1.5
      vertex 8.82535 0.507998 4.9
      vertex 8.82535 0.507998 1.5
    endloop
  endfacet
  facet normal -0.970043 0.242933 0
    outer loop
      vertex 8.82535 0.507998 4.9
      vertex 8.78363 0.341408 1.5
      vertex 8.78363 0.341408 4.9
    endloop
  endfacet
  facet normal -0.989176 0.146736 0
    outer loop
      vertex 8.75843 0.17153 1.5
      vertex 8.78363 0.341408 4.9
      vertex 8.78363 0.341408 1.5
    endloop
  endfacet
  facet normal -0.989176 0.146736 0
    outer loop
      vertex 8.78363 0.341408 4.9
      vertex 8.75843 0.17153 1.5
      vertex 8.75843 0.17153 4.9
    endloop
  endfacet
  facet normal 0.336904 0.941539 -0
    outer loop
      vertex 11.1697 1.61679 1.5
      vertex 11.008 1.67465 4.9
      vertex 11.1697 1.61679 4.9
    endloop
  endfacet
  facet normal 0.336904 0.941539 0
    outer loop
      vertex 11.008 1.67465 4.9
      vertex 11.1697 1.61679 1.5
      vertex 11.008 1.67465 1.5
    endloop
  endfacet
  facet normal -0.803223 -0.595679 0
    outer loop
      vertex 9.14723 -1.11019 1.5
      vertex 9.04493 -0.972247 4.9
      vertex 9.04493 -0.972247 1.5
    endloop
  endfacet
  facet normal -0.803223 -0.595679 0
    outer loop
      vertex 9.04493 -0.972247 4.9
      vertex 9.14723 -1.11019 1.5
      vertex 9.14723 -1.11019 4.9
    endloop
  endfacet
  facet normal -0.989176 -0.146736 0
    outer loop
      vertex 8.78363 -0.341408 1.5
      vertex 8.75843 -0.17153 4.9
      vertex 8.75843 -0.17153 1.5
    endloop
  endfacet
  facet normal -0.989176 -0.146736 0
    outer loop
      vertex 8.75843 -0.17153 4.9
      vertex 8.78363 -0.341408 1.5
      vertex 8.78363 -0.341408 4.9
    endloop
  endfacet
  facet normal 0.59552 -0.803341 0
    outer loop
      vertex 11.4722 -1.45507 1.5
      vertex 11.6102 -1.35277 4.9
      vertex 11.4722 -1.45507 4.9
    endloop
  endfacet
  facet normal 0.59552 -0.803341 0
    outer loop
      vertex 11.6102 -1.35277 4.9
      vertex 11.4722 -1.45507 1.5
      vertex 11.6102 -1.35277 1.5
    endloop
  endfacet
  facet normal -0.67155 -0.740959 0
    outer loop
      vertex 9.26256 -1.23744 1.5
      vertex 9.38981 -1.35277 4.9
      vertex 9.26256 -1.23744 4.9
    endloop
  endfacet
  facet normal -0.67155 -0.740959 -0
    outer loop
      vertex 9.38981 -1.35277 4.9
      vertex 9.26256 -1.23744 1.5
      vertex 9.38981 -1.35277 1.5
    endloop
  endfacet
  facet normal -0.803223 0.595679 0
    outer loop
      vertex 9.04493 0.972247 1.5
      vertex 9.14723 1.11019 4.9
      vertex 9.14723 1.11019 1.5
    endloop
  endfacet
  facet normal -0.803223 0.595679 0
    outer loop
      vertex 9.14723 1.11019 4.9
      vertex 9.04493 0.972247 1.5
      vertex 9.04493 0.972247 4.9
    endloop
  endfacet
  facet normal -0.857729 0.514103 0
    outer loop
      vertex 8.95664 0.824944 1.5
      vertex 9.04493 0.972247 4.9
      vertex 9.04493 0.972247 1.5
    endloop
  endfacet
  facet normal -0.857729 0.514103 0
    outer loop
      vertex 9.04493 0.972247 4.9
      vertex 8.95664 0.824944 1.5
      vertex 8.95664 0.824944 4.9
    endloop
  endfacet
  facet normal 0 0 1
    outer loop
      vertex 12.6894 0.215637 5.4
      vertex 12.6894 -0.215637 5.4
      vertex 12.7 0 5.4
    endloop
  endfacet
  facet normal 0 0 1
    outer loop
      vertex 12.6577 0.429198 5.4
      vertex 12.6894 -0.215637 5.4
      vertex 12.6894 0.215637 5.4
    endloop
  endfacet
  facet normal 0 0 1
    outer loop
      vertex 12.6577 0.429198 5.4
      vertex 12.6577 -0.429198 5.4
      vertex 12.6894 -0.215637 5.4
    endloop
  endfacet
  facet normal 0 0 1
    outer loop
      vertex 12.6053 0.638626 5.4
      vertex 12.6577 -0.429198 5.4
      vertex 12.6577 0.429198 5.4
    endloop
  endfacet
  facet normal 0 0 1
    outer loop
      vertex 12.6053 0.638626 5.4
      vertex 12.6053 -0.638626 5.4
      vertex 12.6577 -0.429198 5.4
    endloop
  endfacet
  facet normal 0 0 1
    outer loop
      vertex 12.5325 0.841903 5.4
      vertex 12.6053 -0.638626 5.4
      vertex 12.6053 0.638626 5.4
    endloop
  endfacet
  facet normal 0 0 1
    outer loop
      vertex 12.5325 0.841903 5.4
      vertex 12.5325 -0.841903 5.4
      vertex 12.6053 -0.638626 5.4
    endloop
  endfacet
  facet normal 0 0 1
    outer loop
      vertex 12.4402 1.03707 5.4
      vertex 12.5325 -0.841903 5.4
      vertex 12.5325 0.841903 5.4
    endloop
  endfacet
  facet normal 0 0 1
    outer loop
      vertex 12.4402 1.03707 5.4
      vertex 12.4402 -1.03707 5.4
      vertex 12.5325 -0.841903 5.4
    endloop
  endfacet
  facet normal 0 0 1
    outer loop
      vertex 12.3292 1.22225 5.4
      vertex 12.4402 -1.03707 5.4
      vertex 12.4402 1.03707 5.4
    endloop
  endfacet
  facet normal 0 0 1
    outer loop
      vertex 12.3292 1.22225 5.4
      vertex 12.3292 -1.22225 5.4
      vertex 12.4402 -1.03707 5.4
    endloop
  endfacet
  facet normal 0 0 1
    outer loop
      vertex 12.2006 1.39567 5.4
      vertex 12.3292 -1.22225 5.4
      vertex 12.3292 1.22225 5.4
    endloop
  endfacet
  facet normal 0 0 1
    outer loop
      vertex 12.2006 1.39567 5.4
      vertex 12.2006 -1.39567 5.4
      vertex 12.3292 -1.22225 5.4
    endloop
  endfacet
  facet normal 0 0 1
    outer loop
      vertex 12.0556 1.55563 5.4
      vertex 12.2006 -1.39567 5.4
      vertex 12.2006 1.39567 5.4
    endloop
  endfacet
  facet normal 0 0 1
    outer loop
      vertex 12.0556 1.55563 5.4
      vertex 12.0556 -1.55563 5.4
      vertex 12.2006 -1.39567 5.4
    endloop
  endfacet
  facet normal 0 0 1
    outer loop
      vertex 11.8957 1.70062 5.4
      vertex 12.0556 -1.55563 5.4
      vertex 12.0556 1.55563 5.4
    endloop
  endfacet
  facet normal 0 0 1
    outer loop
      vertex 11.8957 1.70062 5.4
      vertex 11.8957 -1.70062 5.4
      vertex 12.0556 -1.55563 5.4
    endloop
  endfacet
  facet normal 0 0 1
    outer loop
      vertex 11.7223 1.82923 5.4
      vertex 11.8957 -1.70062 5.4
      vertex 11.8957 1.70062 5.4
    endloop
  endfacet
  facet normal 0 0 1
    outer loop
      vertex 11.7223 1.82923 5.4
      vertex 11.7223 -1.82923 5.4
      vertex 11.8957 -1.70062 5.4
    endloop
  endfacet
  facet normal 0 0 1
    outer loop
      vertex 11.5371 1.94023 5.4
      vertex 11.7223 -1.82923 5.4
      vertex 11.7223 1.82923 5.4
    endloop
  endfacet
  facet normal 0 0 1
    outer loop
      vertex 11.5371 1.94023 5.4
      vertex 11.5371 -1.94023 5.4
      vertex 11.7223 -1.82923 5.4
    endloop
  endfacet
  facet normal 0 0 1
    outer loop
      vertex 11.3419 2.03253 5.4
      vertex 11.5371 -1.94023 5.4
      vertex 11.5371 1.94023 5.4
    endloop
  endfacet
  facet normal 0 0 1
    outer loop
      vertex 11.3419 2.03253 5.4
      vertex 11.3419 -2.03253 5.4
      vertex 11.5371 -1.94023 5.4
    endloop
  endfacet
  facet normal 0 0 1
    outer loop
      vertex 11.1386 2.10527 5.4
      vertex 11.3419 -2.03253 5.4
      vertex 11.3419 2.03253 5.4
    endloop
  endfacet
  facet normal 0 0 1
    outer loop
      vertex 11.1386 2.10527 5.4
      vertex 11.1386 -2.10527 5.4
      vertex 11.3419 -2.03253 5.4
    endloop
  endfacet
  facet normal 0 0 1
    outer loop
      vertex 10.9292 2.15773 5.4
      vertex 11.1386 -2.10527 5.4
      vertex 11.1386 2.10527 5.4
    endloop
  endfacet
  facet normal 0 0 1
    outer loop
      vertex 10.9292 2.15773 5.4
      vertex 10.9292 -2.15773 5.4
      vertex 11.1386 -2.10527 5.4
    endloop
  endfacet
  facet normal 0 0 1
    outer loop
      vertex 10.7156 2.18941 5.4
      vertex 10.9292 -2.15773 5.4
      vertex 10.9292 2.15773 5.4
    endloop
  endfacet
  facet normal 0 0 1
    outer loop
      vertex 10.7156 2.18941 5.4
      vertex 10.7156 -2.18941 5.4
      vertex 10.9292 -2.15773 5.4
    endloop
  endfacet
  facet normal 0 0 1
    outer loop
      vertex 10.5 2.2 5.4
      vertex 10.7156 -2.18941 5.4
      vertex 10.7156 2.18941 5.4
    endloop
  endfacet
  facet normal 0 0 1
    outer loop
      vertex 10.5 2.2 5.4
      vertex 10.5 -2.2 5.4
      vertex 10.7156 -2.18941 5.4
    endloop
  endfacet
  facet normal -0 0 1
    outer loop
      vertex 10.2844 2.18941 5.4
      vertex 10.5 -2.2 5.4
      vertex 10.5 2.2 5.4
    endloop
  endfacet
  facet normal 0 0 1
    outer loop
      vertex 10.2844 2.18941 5.4
      vertex 10.2844 -2.18941 5.4
      vertex 10.5 -2.2 5.4
    endloop
  endfacet
  facet normal -0 0 1
    outer loop
      vertex 10.0708 2.15773 5.4
      vertex 10.2844 -2.18941 5.4
      vertex 10.2844 2.18941 5.4
    endloop
  endfacet
  facet normal 0 0 1
    outer loop
      vertex 10.0708 2.15773 5.4
      vertex 10.0708 -2.15773 5.4
      vertex 10.2844 -2.18941 5.4
    endloop
  endfacet
  facet normal -0 0 1
    outer loop
      vertex 9.86137 2.10527 5.4
      vertex 10.0708 -2.15773 5.4
      vertex 10.0708 2.15773 5.4
    endloop
  endfacet
  facet normal 0 0 1
    outer loop
      vertex 9.86137 2.10527 5.4
      vertex 9.86137 -2.10527 5.4
      vertex 10.0708 -2.15773 5.4
    endloop
  endfacet
  facet normal -0 0 1
    outer loop
      vertex 9.6581 2.03253 5.4
      vertex 9.86137 -2.10527 5.4
      vertex 9.86137 2.10527 5.4
    endloop
  endfacet
  facet normal 0 0 1
    outer loop
      vertex 9.6581 2.03253 5.4
      vertex 9.6581 -2.03253 5.4
      vertex 9.86137 -2.10527 5.4
    endloop
  endfacet
  facet normal -0 0 1
    outer loop
      vertex 9.46293 1.94023 5.4
      vertex 9.6581 -2.03253 5.4
      vertex 9.6581 2.03253 5.4
    endloop
  endfacet
  facet normal 0 0 1
    outer loop
      vertex 9.46293 1.94023 5.4
      vertex 9.46293 -1.94023 5.4
      vertex 9.6581 -2.03253 5.4
    endloop
  endfacet
  facet normal -0 0 1
    outer loop
      vertex 9.27775 1.82923 5.4
      vertex 9.46293 -1.94023 5.4
      vertex 9.46293 1.94023 5.4
    endloop
  endfacet
  facet normal 0 0 1
    outer loop
      vertex 9.27775 1.82923 5.4
      vertex 9.27775 -1.82923 5.4
      vertex 9.46293 -1.94023 5.4
    endloop
  endfacet
  facet normal -0 0 1
    outer loop
      vertex 9.10433 1.70062 5.4
      vertex 9.27775 -1.82923 5.4
      vertex 9.27775 1.82923 5.4
    endloop
  endfacet
  facet normal 0 0 1
    outer loop
      vertex 9.10433 1.70062 5.4
      vertex 9.10433 -1.70062 5.4
      vertex 9.27775 -1.82923 5.4
    endloop
  endfacet
  facet normal -0 0 1
    outer loop
      vertex 8.94437 1.55563 5.4
      vertex 9.10433 -1.70062 5.4
      vertex 9.10433 1.70062 5.4
    endloop
  endfacet
  facet normal 0 0 1
    outer loop
      vertex 8.94437 1.55563 5.4
      vertex 8.94437 -1.55563 5.4
      vertex 9.10433 -1.70062 5.4
    endloop
  endfacet
  facet normal -0 0 1
    outer loop
      vertex 8.79938 1.39567 5.4
      vertex 8.94437 -1.55563 5.4
      vertex 8.94437 1.55563 5.4
    endloop
  endfacet
  facet normal 0 0 1
    outer loop
      vertex 8.79938 1.39567 5.4
      vertex 8.79938 -1.39567 5.4
      vertex 8.94437 -1.55563 5.4
    endloop
  endfacet
  facet normal -0 0 1
    outer loop
      vertex 8.67077 1.22225 5.4
      vertex 8.79938 -1.39567 5.4
      vertex 8.79938 1.39567 5.4
    endloop
  endfacet
  facet normal 0 0 1
    outer loop
      vertex 8.67077 1.22225 5.4
      vertex 8.67077 -1.22225 5.4
      vertex 8.79938 -1.39567 5.4
    endloop
  endfacet
  facet normal -0 0 1
    outer loop
      vertex 8.55977 1.03707 5.4
      vertex 8.67077 -1.22225 5.4
      vertex 8.67077 1.22225 5.4
    endloop
  endfacet
  facet normal 0 0 1
    outer loop
      vertex 8.55977 1.03707 5.4
      vertex 8.55977 -1.03707 5.4
      vertex 8.67077 -1.22225 5.4
    endloop
  endfacet
  facet normal -0 0 1
    outer loop
      vertex 8.46747 0.841903 5.4
      vertex 8.55977 -1.03707 5.4
      vertex 8.55977 1.03707 5.4
    endloop
  endfacet
  facet normal 0 0 1
    outer loop
      vertex 8.46747 0.841903 5.4
      vertex 8.46747 -0.841903 5.4
      vertex 8.55977 -1.03707 5.4
    endloop
  endfacet
  facet normal -0 0 1
    outer loop
      vertex 8.39473 0.638626 5.4
      vertex 8.46747 -0.841903 5.4
      vertex 8.46747 0.841903 5.4
    endloop
  endfacet
  facet normal 0 0 1
    outer loop
      vertex 8.39473 0.638626 5.4
      vertex 8.39473 -0.638626 5.4
      vertex 8.46747 -0.841903 5.4
    endloop
  endfacet
  facet normal -0 0 1
    outer loop
      vertex 8.34227 0.429198 5.4
      vertex 8.39473 -0.638626 5.4
      vertex 8.39473 0.638626 5.4
    endloop
  endfacet
  facet normal 0 0 1
    outer loop
      vertex 8.34227 0.429198 5.4
      vertex 8.34227 -0.429198 5.4
      vertex 8.39473 -0.638626 5.4
    endloop
  endfacet
  facet normal -0 0 1
    outer loop
      vertex 8.31059 0.215637 5.4
      vertex 8.34227 -0.429198 5.4
      vertex 8.34227 0.429198 5.4
    endloop
  endfacet
  facet normal 0 0 1
    outer loop
      vertex 8.31059 0.215637 5.4
      vertex 8.31059 -0.215637 5.4
      vertex 8.34227 -0.429198 5.4
    endloop
  endfacet
  facet normal 0 -0 1
    outer loop
      vertex 8.31059 -0.215637 5.4
      vertex 8.31059 0.215637 5.4
      vertex 8.3 0 5.4
    endloop
  endfacet
  facet normal -0.0490952 -0.998794 0
    outer loop
      vertex 10.3285 -1.74157 1.5
      vertex 10.5 -1.75 4.9
      vertex 10.3285 -1.74157 4.9
    endloop
  endfacet
  facet normal -0.0490952 -0.998794 -0
    outer loop
      vertex 10.5 -1.75 4.9
      vertex 10.3285 -1.74157 1.5
      vertex 10.5 -1.75 1.5
    endloop
  endfacet
  facet normal -0.998795 0.0490867 0
    outer loop
      vertex 8.75 0 1.5
      vertex 8.75843 0.17153 4.9
      vertex 8.75843 0.17153 1.5
    endloop
  endfacet
  facet normal -0.998795 0.0490867 0
    outer loop
      vertex 8.75843 0.17153 4.9
      vertex 8.75 0 1.5
      vertex 8.75 0 4.9
    endloop
  endfacet
  facet normal -0.336904 -0.941539 0
    outer loop
      vertex 9.8303 -1.61679 1.5
      vertex 9.992 -1.67465 4.9
      vertex 9.8303 -1.61679 4.9
    endloop
  endfacet
  facet normal -0.336904 -0.941539 -0
    outer loop
      vertex 9.992 -1.67465 4.9
      vertex 9.8303 -1.61679 1.5
      vertex 9.992 -1.67465 1.5
    endloop
  endfacet
  facet normal 0.740756 -0.671774 0
    outer loop
      vertex 11.7374 -1.23744 4.9
      vertex 11.8528 -1.11019 1.5
      vertex 11.8528 -1.11019 4.9
    endloop
  endfacet
  facet normal 0.740756 -0.671774 0
    outer loop
      vertex 11.8528 -1.11019 1.5
      vertex 11.7374 -1.23744 4.9
      vertex 11.7374 -1.23744 1.5
    endloop
  endfacet
  facet normal 0.671695 -0.740828 0
    outer loop
      vertex 11.6102 -1.35277 1.5
      vertex 11.7374 -1.23744 4.9
      vertex 11.6102 -1.35277 4.9
    endloop
  endfacet
  facet normal 0.671695 -0.740828 0
    outer loop
      vertex 11.7374 -1.23744 4.9
      vertex 11.6102 -1.35277 1.5
      vertex 11.7374 -1.23744 1.5
    endloop
  endfacet
  facet normal 0.742832 -0.0363772 -0.668489
    outer loop
      vertex 12.6894 -0.215637 5.4
      vertex 12.2416 -0.17153 4.9
      vertex 12.25 0 4.9
    endloop
  endfacet
  facet normal -0.672284 0.31798 -0.668523
    outer loop
      vertex 8.88321 0.669696 4.9
      vertex 8.55977 1.03707 5.4
      vertex 8.95664 0.824944 4.9
    endloop
  endfacet
  facet normal -0.73564 0.109126 -0.668525
    outer loop
      vertex 8.75843 0.17153 4.9
      vertex 8.31059 0.215637 5.4
      vertex 8.78363 0.341408 4.9
    endloop
  endfacet
  facet normal 0.742798 0.0365135 -0.668519
    outer loop
      vertex 12.7 0 5.4
      vertex 12.25 0 4.9
      vertex 12.6894 0.215637 5.4
    endloop
  endfacet
  facet normal 0.742832 0.0363772 -0.668489
    outer loop
      vertex 12.25 0 4.9
      vertex 12.2416 0.17153 4.9
      vertex 12.6894 0.215637 5.4
    endloop
  endfacet
  facet normal -0.180705 0.721409 -0.668517
    outer loop
      vertex 9.992 1.67465 4.9
      vertex 9.86137 2.10527 5.4
      vertex 10.0708 2.15773 5.4
    endloop
  endfacet
  facet normal 0.672329 -0.317963 -0.668485
    outer loop
      vertex 12.4402 -1.03707 5.4
      vertex 12.1168 -0.669696 4.9
      vertex 12.5325 -0.841903 5.4
    endloop
  endfacet
  facet normal 0.597378 -0.443022 -0.668484
    outer loop
      vertex 12.2006 -1.39567 5.4
      vertex 11.8528 -1.11019 4.9
      vertex 11.9551 -0.972247 4.9
    endloop
  endfacet
  facet normal 0.250557 -0.700227 -0.668509
    outer loop
      vertex 11.1386 -2.10527 5.4
      vertex 11.008 -1.67465 4.9
      vertex 11.1697 -1.61679 4.9
    endloop
  endfacet
  facet normal -0.443005 0.597356 -0.668516
    outer loop
      vertex 9.52775 1.45507 4.9
      vertex 9.10433 1.70062 5.4
      vertex 9.27775 1.82923 5.4
    endloop
  endfacet
  facet normal 0.109112 0.735643 -0.668524
    outer loop
      vertex 10.8414 1.71637 4.9
      vertex 10.6715 1.74157 4.9
      vertex 10.7156 2.18941 5.4
    endloop
  endfacet
  facet normal -0.317949 0.672309 -0.668513
    outer loop
      vertex 9.8303 1.61679 4.9
      vertex 9.46293 1.94023 5.4
      vertex 9.6581 2.03253 5.4
    endloop
  endfacet
  facet normal 0.597399 -0.443003 -0.668478
    outer loop
      vertex 12.2006 -1.39567 5.4
      vertex 11.9551 -0.972247 4.9
      vertex 12.3292 -1.22225 5.4
    endloop
  endfacet
  facet normal 0.735672 -0.1092 -0.668477
    outer loop
      vertex 12.6577 -0.429198 5.4
      vertex 12.2164 -0.341408 4.9
      vertex 12.6894 -0.215637 5.4
    endloop
  endfacet
  facet normal -0.672284 -0.31798 -0.668523
    outer loop
      vertex 8.95664 -0.824944 4.9
      vertex 8.55977 -1.03707 5.4
      vertex 8.88321 -0.669696 4.9
    endloop
  endfacet
  facet normal -0.597355 0.443004 -0.668517
    outer loop
      vertex 9.04493 0.972247 4.9
      vertex 8.67077 1.22225 5.4
      vertex 8.79938 1.39567 5.4
    endloop
  endfacet
  facet normal 0.721406 -0.1805 -0.668576
    outer loop
      vertex 12.6053 -0.638626 5.4
      vertex 12.1746 -0.507998 4.9
      vertex 12.6577 -0.429198 5.4
    endloop
  endfacet
  facet normal -0.382356 -0.63788 -0.668516
    outer loop
      vertex 9.46293 -1.94023 5.4
      vertex 9.27775 -1.82923 5.4
      vertex 9.52775 -1.45507 4.9
    endloop
  endfacet
  facet normal 0.31805 0.672223 -0.668551
    outer loop
      vertex 11.3249 1.54336 4.9
      vertex 11.1697 1.61679 4.9
      vertex 11.5371 1.94023 5.4
    endloop
  endfacet
  facet normal 0.637911 -0.382375 -0.668475
    outer loop
      vertex 12.3292 -1.22225 5.4
      vertex 11.9551 -0.972247 4.9
      vertex 12.4402 -1.03707 5.4
    endloop
  endfacet
  facet normal 0.742798 -0.0365135 -0.668519
    outer loop
      vertex 12.6894 -0.215637 5.4
      vertex 12.25 0 4.9
      vertex 12.7 0 5.4
    endloop
  endfacet
  facet normal 0.700175 -0.250755 -0.668489
    outer loop
      vertex 12.5325 -0.841903 5.4
      vertex 12.1168 -0.669696 4.9
      vertex 12.6053 -0.638626 5.4
    endloop
  endfacet
  facet normal -0.551048 -0.499429 -0.668518
    outer loop
      vertex 9.26256 -1.23744 4.9
      vertex 8.79938 -1.39567 5.4
      vertex 9.14723 -1.11019 4.9
    endloop
  endfacet
  facet normal -0.742793 0.0365052 -0.668525
    outer loop
      vertex 8.75 0 4.9
      vertex 8.31059 0.215637 5.4
      vertex 8.75843 0.17153 4.9
    endloop
  endfacet
  facet normal 0.499558 -0.55093 -0.668519
    outer loop
      vertex 11.8957 -1.70062 5.4
      vertex 11.7374 -1.23744 4.9
      vertex 12.0556 -1.55563 5.4
    endloop
  endfacet
  facet normal 0.0365116 -0.742793 -0.668525
    outer loop
      vertex 10.7156 -2.18941 5.4
      vertex 10.5 -1.75 4.9
      vertex 10.6715 -1.74157 4.9
    endloop
  endfacet
  facet normal 0.382326 -0.637859 -0.668553
    outer loop
      vertex 11.5371 -1.94023 5.4
      vertex 11.3249 -1.54336 4.9
      vertex 11.4722 -1.45507 4.9
    endloop
  endfacet
  facet normal 0.499532 -0.550945 -0.668526
    outer loop
      vertex 11.8957 -1.70062 5.4
      vertex 11.6102 -1.35277 4.9
      vertex 11.7374 -1.23744 4.9
    endloop
  endfacet
  facet normal -0.637886 -0.382334 -0.668522
    outer loop
      vertex 9.04493 -0.972247 4.9
      vertex 8.55977 -1.03707 5.4
      vertex 8.95664 -0.824944 4.9
    endloop
  endfacet
  facet normal -0.742799 0.0364791 -0.668519
    outer loop
      vertex 8.75 0 4.9
      vertex 8.3 0 5.4
      vertex 8.31059 0.215637 5.4
    endloop
  endfacet
  facet normal 0.180656 -0.721411 -0.668527
    outer loop
      vertex 10.9292 -2.15773 5.4
      vertex 10.8414 -1.71637 4.9
      vertex 11.008 -1.67465 4.9
    endloop
  endfacet
  facet normal 0.721378 -0.181005 -0.668469
    outer loop
      vertex 12.6577 -0.429198 5.4
      vertex 12.1746 -0.507998 4.9
      vertex 12.2164 -0.341408 4.9
    endloop
  endfacet
  facet normal -0.551029 -0.49946 -0.66851
    outer loop
      vertex 8.94437 -1.55563 5.4
      vertex 8.79938 -1.39567 5.4
      vertex 9.26256 -1.23744 4.9
    endloop
  endfacet
  facet normal -0.721411 -0.180667 -0.668525
    outer loop
      vertex 8.82535 -0.507998 4.9
      vertex 8.34227 -0.429198 5.4
      vertex 8.78363 -0.341408 4.9
    endloop
  endfacet
  facet normal 0.550921 -0.499617 -0.668482
    outer loop
      vertex 12.2006 -1.39567 5.4
      vertex 11.7374 -1.23744 4.9
      vertex 11.8528 -1.11019 4.9
    endloop
  endfacet
  facet normal -0.180656 0.721411 -0.668527
    outer loop
      vertex 10.1586 1.71637 4.9
      vertex 9.992 1.67465 4.9
      vertex 10.0708 2.15773 5.4
    endloop
  endfacet
  facet normal 0.700244 -0.250307 -0.668584
    outer loop
      vertex 12.6053 -0.638626 5.4
      vertex 12.1168 -0.669696 4.9
      vertex 12.1746 -0.507998 4.9
    endloop
  endfacet
  facet normal 0.180656 0.721411 -0.668527
    outer loop
      vertex 11.008 1.67465 4.9
      vertex 10.8414 1.71637 4.9
      vertex 10.9292 2.15773 5.4
    endloop
  endfacet
  facet normal -0.250572 -0.700217 -0.668513
    outer loop
      vertex 9.86137 -2.10527 5.4
      vertex 9.6581 -2.03253 5.4
      vertex 9.8303 -1.61679 4.9
    endloop
  endfacet
  facet normal -0.0365116 0.742793 -0.668525
    outer loop
      vertex 10.3285 1.74157 4.9
      vertex 10.2844 2.18941 5.4
      vertex 10.5 1.75 4.9
    endloop
  endfacet
  facet normal 0.637906 -0.382389 -0.668472
    outer loop
      vertex 12.4402 -1.03707 5.4
      vertex 11.9551 -0.972247 4.9
      vertex 12.0434 -0.824944 4.9
    endloop
  endfacet
  facet normal 0.551007 -0.499475 -0.668517
    outer loop
      vertex 12.0556 -1.55563 5.4
      vertex 11.7374 -1.23744 4.9
      vertex 12.2006 -1.39567 5.4
    endloop
  endfacet
  facet normal -0.637879 -0.382355 -0.668517
    outer loop
      vertex 8.67077 -1.22225 5.4
      vertex 8.55977 -1.03707 5.4
      vertex 9.04493 -0.972247 4.9
    endloop
  endfacet
  facet normal 0.250557 0.700227 -0.668509
    outer loop
      vertex 11.1697 1.61679 4.9
      vertex 11.008 1.67465 4.9
      vertex 11.1386 2.10527 5.4
    endloop
  endfacet
  facet normal 0.672379 -0.317895 -0.668468
    outer loop
      vertex 12.4402 -1.03707 5.4
      vertex 12.0434 -0.824944 4.9
      vertex 12.1168 -0.669696 4.9
    endloop
  endfacet
  facet normal -0.109112 -0.735643 -0.668524
    outer loop
      vertex 10.2844 -2.18941 5.4
      vertex 10.1586 -1.71637 4.9
      vertex 10.3285 -1.74157 4.9
    endloop
  endfacet
  facet normal 0.180731 0.721407 -0.668512
    outer loop
      vertex 11.008 1.67465 4.9
      vertex 10.9292 2.15773 5.4
      vertex 11.1386 2.10527 5.4
    endloop
  endfacet
  facet normal -0.250555 0.70022 -0.668517
    outer loop
      vertex 9.992 1.67465 4.9
      vertex 9.8303 1.61679 4.9
      vertex 9.86137 2.10527 5.4
    endloop
  endfacet
  facet normal 0.317909 0.672327 -0.668514
    outer loop
      vertex 11.5371 1.94023 5.4
      vertex 11.1697 1.61679 4.9
      vertex 11.3419 2.03253 5.4
    endloop
  endfacet
  facet normal -0.317993 0.672276 -0.668524
    outer loop
      vertex 9.67506 1.54336 4.9
      vertex 9.46293 1.94023 5.4
      vertex 9.8303 1.61679 4.9
    endloop
  endfacet
  facet normal -0.700219 -0.250558 -0.668516
    outer loop
      vertex 8.88321 -0.669696 4.9
      vertex 8.39473 -0.638626 5.4
      vertex 8.82535 -0.507998 4.9
    endloop
  endfacet
  facet normal -0.721409 -0.180707 -0.668517
    outer loop
      vertex 8.39473 -0.638626 5.4
      vertex 8.34227 -0.429198 5.4
      vertex 8.82535 -0.507998 4.9
    endloop
  endfacet
  facet normal -0.0364854 -0.742799 -0.668519
    outer loop
      vertex 10.5 -2.2 5.4
      vertex 10.2844 -2.18941 5.4
      vertex 10.5 -1.75 4.9
    endloop
  endfacet
  facet normal -0.637879 0.382355 -0.668517
    outer loop
      vertex 9.04493 0.972247 4.9
      vertex 8.55977 1.03707 5.4
      vertex 8.67077 1.22225 5.4
    endloop
  endfacet
  facet normal -0.44301 -0.59735 -0.668517
    outer loop
      vertex 9.52775 -1.45507 4.9
      vertex 9.10433 -1.70062 5.4
      vertex 9.38981 -1.35277 4.9
    endloop
  endfacet
  facet normal -0.597355 -0.443004 -0.668517
    outer loop
      vertex 8.79938 -1.39567 5.4
      vertex 8.67077 -1.22225 5.4
      vertex 9.04493 -0.972247 4.9
    endloop
  endfacet
  facet normal -0.382356 0.63788 -0.668516
    outer loop
      vertex 9.52775 1.45507 4.9
      vertex 9.27775 1.82923 5.4
      vertex 9.46293 1.94023 5.4
    endloop
  endfacet
  facet normal 0.700175 0.250755 -0.668489
    outer loop
      vertex 12.6053 0.638626 5.4
      vertex 12.1168 0.669696 4.9
      vertex 12.5325 0.841903 5.4
    endloop
  endfacet
  facet normal 0.442883 -0.597437 -0.668523
    outer loop
      vertex 11.8957 -1.70062 5.4
      vertex 11.4722 -1.45507 4.9
      vertex 11.6102 -1.35277 4.9
    endloop
  endfacet
  facet normal 0.550921 0.499617 -0.668482
    outer loop
      vertex 11.8528 1.11019 4.9
      vertex 11.7374 1.23744 4.9
      vertex 12.2006 1.39567 5.4
    endloop
  endfacet
  facet normal -0.180705 -0.721409 -0.668517
    outer loop
      vertex 10.0708 -2.15773 5.4
      vertex 9.86137 -2.10527 5.4
      vertex 9.992 -1.67465 4.9
    endloop
  endfacet
  facet normal 0.442883 0.597437 -0.668523
    outer loop
      vertex 11.6102 1.35277 4.9
      vertex 11.4722 1.45507 4.9
      vertex 11.8957 1.70062 5.4
    endloop
  endfacet
  facet normal -0.597354 0.443004 -0.668517
    outer loop
      vertex 9.04493 0.972247 4.9
      vertex 8.79938 1.39567 5.4
      vertex 9.14723 1.11019 4.9
    endloop
  endfacet
  facet normal 0.0364854 -0.742799 -0.668519
    outer loop
      vertex 10.7156 -2.18941 5.4
      vertex 10.5 -2.2 5.4
      vertex 10.5 -1.75 4.9
    endloop
  endfacet
  facet normal -0.0364854 0.742799 -0.668519
    outer loop
      vertex 10.5 1.75 4.9
      vertex 10.2844 2.18941 5.4
      vertex 10.5 2.2 5.4
    endloop
  endfacet
  facet normal -0.551048 0.499429 -0.668518
    outer loop
      vertex 9.14723 1.11019 4.9
      vertex 8.79938 1.39567 5.4
      vertex 9.26256 1.23744 4.9
    endloop
  endfacet
  facet normal 0.31805 -0.672223 -0.668551
    outer loop
      vertex 11.5371 -1.94023 5.4
      vertex 11.1697 -1.61679 4.9
      vertex 11.3249 -1.54336 4.9
    endloop
  endfacet
  facet normal 0.382306 -0.637866 -0.668557
    outer loop
      vertex 11.5371 -1.94023 5.4
      vertex 11.4722 -1.45507 4.9
      vertex 11.7223 -1.82923 5.4
    endloop
  endfacet
  facet normal -0.443005 -0.597356 -0.668516
    outer loop
      vertex 9.27775 -1.82923 5.4
      vertex 9.10433 -1.70062 5.4
      vertex 9.52775 -1.45507 4.9
    endloop
  endfacet
  facet normal -0.742799 -0.0364791 -0.668519
    outer loop
      vertex 8.31059 -0.215637 5.4
      vertex 8.3 0 5.4
      vertex 8.75 0 4.9
    endloop
  endfacet
  facet normal 0.0365116 0.742793 -0.668525
    outer loop
      vertex 10.6715 1.74157 4.9
      vertex 10.5 1.75 4.9
      vertex 10.7156 2.18941 5.4
    endloop
  endfacet
  facet normal 0.250539 -0.700229 -0.668512
    outer loop
      vertex 11.3419 -2.03253 5.4
      vertex 11.1386 -2.10527 5.4
      vertex 11.1697 -1.61679 4.9
    endloop
  endfacet
  facet normal -0.0365116 -0.742793 -0.668525
    outer loop
      vertex 10.5 -1.75 4.9
      vertex 10.2844 -2.18941 5.4
      vertex 10.3285 -1.74157 4.9
    endloop
  endfacet
  facet normal 0.443012 -0.597296 -0.668564
    outer loop
      vertex 11.7223 -1.82923 5.4
      vertex 11.4722 -1.45507 4.9
      vertex 11.8957 -1.70062 5.4
    endloop
  endfacet
  facet normal -0.73564 0.109126 -0.668525
    outer loop
      vertex 8.78363 0.341408 4.9
      vertex 8.31059 0.215637 5.4
      vertex 8.34227 0.429198 5.4
    endloop
  endfacet
  facet normal 0.109107 -0.735642 -0.668525
    outer loop
      vertex 10.9292 -2.15773 5.4
      vertex 10.7156 -2.18941 5.4
      vertex 10.8414 -1.71637 4.9
    endloop
  endfacet
  facet normal 0.180731 -0.721407 -0.668512
    outer loop
      vertex 11.1386 -2.10527 5.4
      vertex 10.9292 -2.15773 5.4
      vertex 11.008 -1.67465 4.9
    endloop
  endfacet
  facet normal 0.109112 -0.735643 -0.668524
    outer loop
      vertex 10.7156 -2.18941 5.4
      vertex 10.6715 -1.74157 4.9
      vertex 10.8414 -1.71637 4.9
    endloop
  endfacet
  facet normal -0.700219 0.250558 -0.668516
    outer loop
      vertex 8.82535 0.507998 4.9
      vertex 8.39473 0.638626 5.4
      vertex 8.88321 0.669696 4.9
    endloop
  endfacet
  facet normal -0.73564 -0.109126 -0.668525
    outer loop
      vertex 8.34227 -0.429198 5.4
      vertex 8.31059 -0.215637 5.4
      vertex 8.78363 -0.341408 4.9
    endloop
  endfacet
  facet normal -0.700218 0.250564 -0.668515
    outer loop
      vertex 8.88321 0.669696 4.9
      vertex 8.39473 0.638626 5.4
      vertex 8.46747 0.841903 5.4
    endloop
  endfacet
  facet normal -0.250572 0.700217 -0.668513
    outer loop
      vertex 9.8303 1.61679 4.9
      vertex 9.6581 2.03253 5.4
      vertex 9.86137 2.10527 5.4
    endloop
  endfacet
  facet normal -0.672305 -0.317952 -0.668515
    outer loop
      vertex 8.55977 -1.03707 5.4
      vertex 8.46747 -0.841903 5.4
      vertex 8.88321 -0.669696 4.9
    endloop
  endfacet
  facet normal -0.700218 -0.250564 -0.668515
    outer loop
      vertex 8.46747 -0.841903 5.4
      vertex 8.39473 -0.638626 5.4
      vertex 8.88321 -0.669696 4.9
    endloop
  endfacet
  facet normal 0.0364854 0.742799 -0.668519
    outer loop
      vertex 10.7156 2.18941 5.4
      vertex 10.5 1.75 4.9
      vertex 10.5 2.2 5.4
    endloop
  endfacet
  facet normal -0.597354 -0.443004 -0.668517
    outer loop
      vertex 9.14723 -1.11019 4.9
      vertex 8.79938 -1.39567 5.4
      vertex 9.04493 -0.972247 4.9
    endloop
  endfacet
  facet normal -0.317949 -0.672309 -0.668513
    outer loop
      vertex 9.6581 -2.03253 5.4
      vertex 9.46293 -1.94023 5.4
      vertex 9.8303 -1.61679 4.9
    endloop
  endfacet
  facet normal -0.73564 -0.109126 -0.668525
    outer loop
      vertex 8.78363 -0.341408 4.9
      vertex 8.31059 -0.215637 5.4
      vertex 8.75843 -0.17153 4.9
    endloop
  endfacet
  facet normal -0.672305 0.317952 -0.668515
    outer loop
      vertex 8.88321 0.669696 4.9
      vertex 8.46747 0.841903 5.4
      vertex 8.55977 1.03707 5.4
    endloop
  endfacet
  facet normal -0.250555 -0.70022 -0.668517
    outer loop
      vertex 9.86137 -2.10527 5.4
      vertex 9.8303 -1.61679 4.9
      vertex 9.992 -1.67465 4.9
    endloop
  endfacet
  facet normal -0.109107 -0.735642 -0.668525
    outer loop
      vertex 10.2844 -2.18941 5.4
      vertex 10.0708 -2.15773 5.4
      vertex 10.1586 -1.71637 4.9
    endloop
  endfacet
  facet normal -0.499429 -0.551048 -0.668518
    outer loop
      vertex 9.38981 -1.35277 4.9
      vertex 9.10433 -1.70062 5.4
      vertex 9.26256 -1.23744 4.9
    endloop
  endfacet
  facet normal -0.109112 0.735643 -0.668524
    outer loop
      vertex 10.3285 1.74157 4.9
      vertex 10.1586 1.71637 4.9
      vertex 10.2844 2.18941 5.4
    endloop
  endfacet
  facet normal 0.317909 -0.672327 -0.668514
    outer loop
      vertex 11.3419 -2.03253 5.4
      vertex 11.1697 -1.61679 4.9
      vertex 11.5371 -1.94023 5.4
    endloop
  endfacet
  facet normal -0.742793 -0.0365052 -0.668525
    outer loop
      vertex 8.75843 -0.17153 4.9
      vertex 8.31059 -0.215637 5.4
      vertex 8.75 0 4.9
    endloop
  endfacet
  facet normal 0.109107 0.735642 -0.668525
    outer loop
      vertex 10.8414 1.71637 4.9
      vertex 10.7156 2.18941 5.4
      vertex 10.9292 2.15773 5.4
    endloop
  endfacet
  facet normal 0.250539 0.700229 -0.668512
    outer loop
      vertex 11.1697 1.61679 4.9
      vertex 11.1386 2.10527 5.4
      vertex 11.3419 2.03253 5.4
    endloop
  endfacet
  facet normal 0.637906 0.382389 -0.668472
    outer loop
      vertex 12.0434 0.824944 4.9
      vertex 11.9551 0.972247 4.9
      vertex 12.4402 1.03707 5.4
    endloop
  endfacet
  facet normal 0.735669 -0.10913 -0.668492
    outer loop
      vertex 12.6894 -0.215637 5.4
      vertex 12.2164 -0.341408 4.9
      vertex 12.2416 -0.17153 4.9
    endloop
  endfacet
  facet normal -0.44301 0.59735 -0.668517
    outer loop
      vertex 9.38981 1.35277 4.9
      vertex 9.10433 1.70062 5.4
      vertex 9.52775 1.45507 4.9
    endloop
  endfacet
  facet normal -0.721409 0.180707 -0.668517
    outer loop
      vertex 8.82535 0.507998 4.9
      vertex 8.34227 0.429198 5.4
      vertex 8.39473 0.638626 5.4
    endloop
  endfacet
  facet normal -0.109107 0.735642 -0.668525
    outer loop
      vertex 10.1586 1.71637 4.9
      vertex 10.0708 2.15773 5.4
      vertex 10.2844 2.18941 5.4
    endloop
  endfacet
  facet normal -0.38232 -0.637893 -0.668524
    outer loop
      vertex 9.67506 -1.54336 4.9
      vertex 9.46293 -1.94023 5.4
      vertex 9.52775 -1.45507 4.9
    endloop
  endfacet
  facet normal -0.49946 -0.551029 -0.66851
    outer loop
      vertex 9.10433 -1.70062 5.4
      vertex 8.94437 -1.55563 5.4
      vertex 9.26256 -1.23744 4.9
    endloop
  endfacet
  facet normal -0.180656 -0.721411 -0.668527
    outer loop
      vertex 10.0708 -2.15773 5.4
      vertex 9.992 -1.67465 4.9
      vertex 10.1586 -1.71637 4.9
    endloop
  endfacet
  facet normal -0.38232 0.637893 -0.668524
    outer loop
      vertex 9.52775 1.45507 4.9
      vertex 9.46293 1.94023 5.4
      vertex 9.67506 1.54336 4.9
    endloop
  endfacet
  facet normal 0.443012 0.597296 -0.668564
    outer loop
      vertex 11.8957 1.70062 5.4
      vertex 11.4722 1.45507 4.9
      vertex 11.7223 1.82923 5.4
    endloop
  endfacet
  facet normal -0.499429 0.551048 -0.668518
    outer loop
      vertex 9.26256 1.23744 4.9
      vertex 9.10433 1.70062 5.4
      vertex 9.38981 1.35277 4.9
    endloop
  endfacet
  facet normal -0.637886 0.382334 -0.668522
    outer loop
      vertex 8.95664 0.824944 4.9
      vertex 8.55977 1.03707 5.4
      vertex 9.04493 0.972247 4.9
    endloop
  endfacet
  facet normal -0.317993 -0.672276 -0.668524
    outer loop
      vertex 9.8303 -1.61679 4.9
      vertex 9.46293 -1.94023 5.4
      vertex 9.67506 -1.54336 4.9
    endloop
  endfacet
  facet normal 0.382306 0.637866 -0.668557
    outer loop
      vertex 11.7223 1.82923 5.4
      vertex 11.4722 1.45507 4.9
      vertex 11.5371 1.94023 5.4
    endloop
  endfacet
  facet normal -0.49946 0.551029 -0.66851
    outer loop
      vertex 9.26256 1.23744 4.9
      vertex 8.94437 1.55563 5.4
      vertex 9.10433 1.70062 5.4
    endloop
  endfacet
  facet normal 0.499532 0.550945 -0.668526
    outer loop
      vertex 11.7374 1.23744 4.9
      vertex 11.6102 1.35277 4.9
      vertex 11.8957 1.70062 5.4
    endloop
  endfacet
  facet normal 0.499558 0.55093 -0.668519
    outer loop
      vertex 12.0556 1.55563 5.4
      vertex 11.7374 1.23744 4.9
      vertex 11.8957 1.70062 5.4
    endloop
  endfacet
  facet normal -0.721411 0.180667 -0.668525
    outer loop
      vertex 8.78363 0.341408 4.9
      vertex 8.34227 0.429198 5.4
      vertex 8.82535 0.507998 4.9
    endloop
  endfacet
  facet normal 0.672379 0.317895 -0.668468
    outer loop
      vertex 12.1168 0.669696 4.9
      vertex 12.0434 0.824944 4.9
      vertex 12.4402 1.03707 5.4
    endloop
  endfacet
  facet normal -0.551029 0.49946 -0.66851
    outer loop
      vertex 9.26256 1.23744 4.9
      vertex 8.79938 1.39567 5.4
      vertex 8.94437 1.55563 5.4
    endloop
  endfacet
  facet normal 0.597399 0.443003 -0.668478
    outer loop
      vertex 12.3292 1.22225 5.4
      vertex 11.9551 0.972247 4.9
      vertex 12.2006 1.39567 5.4
    endloop
  endfacet
  facet normal 0.637911 0.382375 -0.668475
    outer loop
      vertex 12.4402 1.03707 5.4
      vertex 11.9551 0.972247 4.9
      vertex 12.3292 1.22225 5.4
    endloop
  endfacet
  facet normal 0.551007 0.499475 -0.668517
    outer loop
      vertex 12.2006 1.39567 5.4
      vertex 11.7374 1.23744 4.9
      vertex 12.0556 1.55563 5.4
    endloop
  endfacet
  facet normal 0.672329 0.317963 -0.668485
    outer loop
      vertex 12.5325 0.841903 5.4
      vertex 12.1168 0.669696 4.9
      vertex 12.4402 1.03707 5.4
    endloop
  endfacet
  facet normal 0.382326 0.637859 -0.668553
    outer loop
      vertex 11.4722 1.45507 4.9
      vertex 11.3249 1.54336 4.9
      vertex 11.5371 1.94023 5.4
    endloop
  endfacet
  facet normal 0.721406 0.1805 -0.668576
    outer loop
      vertex 12.6577 0.429198 5.4
      vertex 12.1746 0.507998 4.9
      vertex 12.6053 0.638626 5.4
    endloop
  endfacet
  facet normal 0.721378 0.181005 -0.668469
    outer loop
      vertex 12.2164 0.341408 4.9
      vertex 12.1746 0.507998 4.9
      vertex 12.6577 0.429198 5.4
    endloop
  endfacet
  facet normal 0.597378 0.443022 -0.668484
    outer loop
      vertex 11.9551 0.972247 4.9
      vertex 11.8528 1.11019 4.9
      vertex 12.2006 1.39567 5.4
    endloop
  endfacet
  facet normal 0.700244 0.250307 -0.668584
    outer loop
      vertex 12.1746 0.507998 4.9
      vertex 12.1168 0.669696 4.9
      vertex 12.6053 0.638626 5.4
    endloop
  endfacet
  facet normal 0.735672 0.1092 -0.668477
    outer loop
      vertex 12.6894 0.215637 5.4
      vertex 12.2164 0.341408 4.9
      vertex 12.6577 0.429198 5.4
    endloop
  endfacet
  facet normal 0.735669 0.10913 -0.668492
    outer loop
      vertex 12.2416 0.17153 4.9
      vertex 12.2164 0.341408 4.9
      vertex 12.6894 0.215637 5.4
    endloop
  endfacet
endsolid OpenSCAD_Model
