solid OpenSCAD_Model
  facet normal 0 -0.85774 0.514084
    outer loop
      vertex 88 19.5379 2.38886
      vertex 90 19.6388 2.55721
      vertex 88 19.6388 2.55721
    endloop
  endfacet
  facet normal 0 -0.85774 0.514084
    outer loop
      vertex 90 19.6388 2.55721
      vertex 88 19.5379 2.38886
      vertex 90 19.5379 2.38886
    endloop
  endfacet
  facet normal 0 -0.242967 0.970035
    outer loop
      vertex 88 18.4556 1.58612
      vertex 90 18.2652 1.53843
      vertex 90 18.4556 1.58612
    endloop
  endfacet
  facet normal 0 -0.242967 0.970035
    outer loop
      vertex 90 18.2652 1.53843
      vertex 88 18.4556 1.58612
      vertex 88 18.2652 1.53843
    endloop
  endfacet
  facet normal -0 0.0490735 0.998795
    outer loop
      vertex 88 17.875 1.5
      vertex 90 17.679 1.50963
      vertex 90 17.875 1.5
    endloop
  endfacet
  facet normal 0 0.0490735 0.998795
    outer loop
      vertex 90 17.679 1.50963
      vertex 88 17.875 1.5
      vertex 88 17.679 1.50963
    endloop
  endfacet
  facet normal 0 -0.970019 -0.243027
    outer loop
      vertex 88 19.8366 3.89018
      vertex 90 19.7889 4.08057
      vertex 88 19.7889 4.08057
    endloop
  endfacet
  facet normal 0 -0.970019 -0.243027
    outer loop
      vertex 90 19.7889 4.08057
      vertex 88 19.8366 3.89018
      vertex 90 19.8366 3.89018
    endloop
  endfacet
  facet normal 0 -0.0490735 0.998795
    outer loop
      vertex 88 18.071 1.50963
      vertex 90 17.875 1.5
      vertex 90 18.071 1.50963
    endloop
  endfacet
  facet normal 0 -0.0490735 0.998795
    outer loop
      vertex 90 17.875 1.5
      vertex 88 18.071 1.50963
      vertex 88 17.875 1.5
    endloop
  endfacet
  facet normal 0 0.595573 -0.803301
    outer loop
      vertex 88 16.6062 5.04602
      vertex 90 16.7639 5.16294
      vertex 90 16.6062 5.04602
    endloop
  endfacet
  facet normal 0 0.595573 -0.803301
    outer loop
      vertex 90 16.7639 5.16294
      vertex 88 16.6062 5.04602
      vertex 88 16.7639 5.16294
    endloop
  endfacet
  facet normal 0 0.94158 0.336788
    outer loop
      vertex 90 16.0272 2.73463
      vertex 88 15.9611 2.91943
      vertex 90 15.9611 2.91943
    endloop
  endfacet
  facet normal 0 0.94158 0.336788
    outer loop
      vertex 88 15.9611 2.91943
      vertex 90 16.0272 2.73463
      vertex 88 16.0272 2.73463
    endloop
  endfacet
  facet normal 0 -0.146696 -0.989182
    outer loop
      vertex 88 18.071 5.49037
      vertex 90 18.2652 5.46157
      vertex 90 18.071 5.49037
    endloop
  endfacet
  facet normal -0 -0.146696 -0.989182
    outer loop
      vertex 90 18.2652 5.46157
      vertex 88 18.071 5.49037
      vertex 88 18.2652 5.46157
    endloop
  endfacet
  facet normal 0 -0.903819 -0.427916
    outer loop
      vertex 88 19.7228 4.26537
      vertex 90 19.6388 4.44279
      vertex 88 19.6388 4.44279
    endloop
  endfacet
  facet normal 0 -0.903819 -0.427916
    outer loop
      vertex 90 19.6388 4.44279
      vertex 88 19.7228 4.26537
      vertex 90 19.7228 4.26537
    endloop
  endfacet
  facet normal 0 -0.803259 -0.59563
    outer loop
      vertex 88 19.5379 4.61114
      vertex 90 19.421 4.76879
      vertex 88 19.421 4.76879
    endloop
  endfacet
  facet normal 0 -0.803259 -0.59563
    outer loop
      vertex 90 19.421 4.76879
      vertex 88 19.5379 4.61114
      vertex 90 19.5379 4.61114
    endloop
  endfacet
  facet normal 0 -0.989176 -0.146733
    outer loop
      vertex 88 19.8654 3.69603
      vertex 90 19.8366 3.89018
      vertex 88 19.8366 3.89018
    endloop
  endfacet
  facet normal 0 -0.989176 -0.146733
    outer loop
      vertex 90 19.8366 3.89018
      vertex 88 19.8654 3.69603
      vertex 90 19.8654 3.69603
    endloop
  endfacet
  facet normal 0 -0.595573 -0.803301
    outer loop
      vertex 88 18.9861 5.16294
      vertex 90 19.1438 5.04602
      vertex 90 18.9861 5.16294
    endloop
  endfacet
  facet normal -0 -0.595573 -0.803301
    outer loop
      vertex 90 19.1438 5.04602
      vertex 88 18.9861 5.16294
      vertex 88 19.1438 5.04602
    endloop
  endfacet
  facet normal -0 0.336879 0.941548
    outer loop
      vertex 88 17.2944 1.58612
      vertex 90 17.1096 1.65224
      vertex 90 17.2944 1.58612
    endloop
  endfacet
  facet normal 0 0.336879 0.941548
    outer loop
      vertex 90 17.1096 1.65224
      vertex 88 17.2944 1.58612
      vertex 88 17.1096 1.65224
    endloop
  endfacet
  facet normal 0 -0.803259 0.59563
    outer loop
      vertex 88 19.421 2.23121
      vertex 90 19.5379 2.38886
      vertex 88 19.5379 2.38886
    endloop
  endfacet
  facet normal 0 -0.803259 0.59563
    outer loop
      vertex 90 19.5379 2.38886
      vertex 88 19.421 2.23121
      vertex 90 19.421 2.23121
    endloop
  endfacet
  facet normal 0 -0.595573 0.803301
    outer loop
      vertex 88 19.1438 1.95398
      vertex 90 18.9861 1.83706
      vertex 90 19.1438 1.95398
    endloop
  endfacet
  facet normal 0 -0.595573 0.803301
    outer loop
      vertex 90 18.9861 1.83706
      vertex 88 19.1438 1.95398
      vertex 88 18.9861 1.83706
    endloop
  endfacet
  facet normal -0 0.146696 0.989182
    outer loop
      vertex 88 17.679 1.50963
      vertex 90 17.4848 1.53843
      vertex 90 17.679 1.50963
    endloop
  endfacet
  facet normal 0 0.146696 0.989182
    outer loop
      vertex 90 17.4848 1.53843
      vertex 88 17.679 1.50963
      vertex 88 17.4848 1.53843
    endloop
  endfacet
  facet normal 0 0.970019 -0.243027
    outer loop
      vertex 90 15.9134 3.89018
      vertex 88 15.9611 4.08057
      vertex 90 15.9611 4.08057
    endloop
  endfacet
  facet normal 0 0.970019 -0.243027
    outer loop
      vertex 88 15.9611 4.08057
      vertex 90 15.9134 3.89018
      vertex 88 15.9134 3.89018
    endloop
  endfacet
  facet normal 0 -0.336879 -0.941548
    outer loop
      vertex 88 18.4556 5.41388
      vertex 90 18.6404 5.34776
      vertex 90 18.4556 5.41388
    endloop
  endfacet
  facet normal -0 -0.336879 -0.941548
    outer loop
      vertex 90 18.6404 5.34776
      vertex 88 18.4556 5.41388
      vertex 88 18.6404 5.34776
    endloop
  endfacet
  facet normal 0 0.85774 0.514084
    outer loop
      vertex 90 16.2121 2.38886
      vertex 88 16.1112 2.55721
      vertex 90 16.1112 2.55721
    endloop
  endfacet
  facet normal 0 0.85774 0.514084
    outer loop
      vertex 88 16.1112 2.55721
      vertex 90 16.2121 2.38886
      vertex 88 16.2121 2.38886
    endloop
  endfacet
  facet normal -0 0.242967 0.970035
    outer loop
      vertex 88 17.4848 1.53843
      vertex 90 17.2944 1.58612
      vertex 90 17.4848 1.53843
    endloop
  endfacet
  facet normal 0 0.242967 0.970035
    outer loop
      vertex 90 17.2944 1.58612
      vertex 88 17.4848 1.53843
      vertex 88 17.2944 1.58612
    endloop
  endfacet
  facet normal -0 0.427622 0.903958
    outer loop
      vertex 88 17.1096 1.65224
      vertex 90 16.9322 1.73616
      vertex 90 17.1096 1.65224
    endloop
  endfacet
  facet normal 0 0.427622 0.903958
    outer loop
      vertex 90 16.9322 1.73616
      vertex 88 17.1096 1.65224
      vertex 88 16.9322 1.73616
    endloop
  endfacet
  facet normal 0 0.514196 -0.857673
    outer loop
      vertex 88 16.7639 5.16294
      vertex 90 16.9322 5.26384
      vertex 90 16.7639 5.16294
    endloop
  endfacet
  facet normal 0 0.514196 -0.857673
    outer loop
      vertex 90 16.9322 5.26384
      vertex 88 16.7639 5.16294
      vertex 88 16.9322 5.26384
    endloop
  endfacet
  facet normal 0 -0.146696 0.989182
    outer loop
      vertex 88 18.2652 1.53843
      vertex 90 18.071 1.50963
      vertex 90 18.2652 1.53843
    endloop
  endfacet
  facet normal 0 -0.146696 0.989182
    outer loop
      vertex 90 18.071 1.50963
      vertex 88 18.2652 1.53843
      vertex 88 18.071 1.50963
    endloop
  endfacet
  facet normal 0 0.998803 0.0489135
    outer loop
      vertex 90 15.8846 3.30397
      vertex 88 15.875 3.5
      vertex 90 15.875 3.5
    endloop
  endfacet
  facet normal 0 0.998803 0.0489135
    outer loop
      vertex 88 15.875 3.5
      vertex 90 15.8846 3.30397
      vertex 88 15.8846 3.30397
    endloop
  endfacet
  facet normal 0 -0.0490735 -0.998795
    outer loop
      vertex 88 17.875 5.5
      vertex 90 18.071 5.49037
      vertex 90 17.875 5.5
    endloop
  endfacet
  facet normal -0 -0.0490735 -0.998795
    outer loop
      vertex 90 18.071 5.49037
      vertex 88 17.875 5.5
      vertex 88 18.071 5.49037
    endloop
  endfacet
  facet normal 0 0.903819 0.427916
    outer loop
      vertex 90 16.1112 2.55721
      vertex 88 16.0272 2.73463
      vertex 90 16.0272 2.73463
    endloop
  endfacet
  facet normal 0 0.903819 0.427916
    outer loop
      vertex 88 16.0272 2.73463
      vertex 90 16.1112 2.55721
      vertex 88 16.1112 2.55721
    endloop
  endfacet
  facet normal 0 -0.94158 0.336788
    outer loop
      vertex 88 19.7228 2.73463
      vertex 90 19.7889 2.91943
      vertex 88 19.7889 2.91943
    endloop
  endfacet
  facet normal 0 -0.94158 0.336788
    outer loop
      vertex 90 19.7889 2.91943
      vertex 88 19.7228 2.73463
      vertex 90 19.7228 2.73463
    endloop
  endfacet
  facet normal 0 -0.903819 0.427916
    outer loop
      vertex 88 19.6388 2.55721
      vertex 90 19.7228 2.73463
      vertex 88 19.7228 2.73463
    endloop
  endfacet
  facet normal 0 -0.903819 0.427916
    outer loop
      vertex 90 19.7228 2.73463
      vertex 88 19.6388 2.55721
      vertex 90 19.6388 2.55721
    endloop
  endfacet
  facet normal 0 0.242967 -0.970035
    outer loop
      vertex 88 17.2944 5.41388
      vertex 90 17.4848 5.46157
      vertex 90 17.2944 5.41388
    endloop
  endfacet
  facet normal 0 0.242967 -0.970035
    outer loop
      vertex 90 17.4848 5.46157
      vertex 88 17.2944 5.41388
      vertex 88 17.4848 5.46157
    endloop
  endfacet
  facet normal -0 0.514196 0.857673
    outer loop
      vertex 88 16.9322 1.73616
      vertex 90 16.7639 1.83706
      vertex 90 16.9322 1.73616
    endloop
  endfacet
  facet normal 0 0.514196 0.857673
    outer loop
      vertex 90 16.7639 1.83706
      vertex 88 16.9322 1.73616
      vertex 88 16.7639 1.83706
    endloop
  endfacet
  facet normal 0 -0.85774 -0.514084
    outer loop
      vertex 88 19.6388 4.44279
      vertex 90 19.5379 4.61114
      vertex 88 19.5379 4.61114
    endloop
  endfacet
  facet normal 0 -0.85774 -0.514084
    outer loop
      vertex 90 19.5379 4.61114
      vertex 88 19.6388 4.44279
      vertex 90 19.6388 4.44279
    endloop
  endfacet
  facet normal 0 -0.336879 0.941548
    outer loop
      vertex 88 18.6404 1.65224
      vertex 90 18.4556 1.58612
      vertex 90 18.6404 1.65224
    endloop
  endfacet
  facet normal 0 -0.336879 0.941548
    outer loop
      vertex 90 18.4556 1.58612
      vertex 88 18.6404 1.65224
      vertex 88 18.4556 1.58612
    endloop
  endfacet
  facet normal 0 -0.970019 0.243027
    outer loop
      vertex 88 19.7889 2.91943
      vertex 90 19.8366 3.10982
      vertex 88 19.8366 3.10982
    endloop
  endfacet
  facet normal 0 -0.970019 0.243027
    outer loop
      vertex 90 19.8366 3.10982
      vertex 88 19.7889 2.91943
      vertex 90 19.7889 2.91943
    endloop
  endfacet
  facet normal -0 0.595573 0.803301
    outer loop
      vertex 88 16.7639 1.83706
      vertex 90 16.6062 1.95398
      vertex 90 16.7639 1.83706
    endloop
  endfacet
  facet normal 0 0.595573 0.803301
    outer loop
      vertex 90 16.6062 1.95398
      vertex 88 16.7639 1.83706
      vertex 88 16.6062 1.95398
    endloop
  endfacet
  facet normal 0 -0.427622 0.903958
    outer loop
      vertex 88 18.8178 1.73616
      vertex 90 18.6404 1.65224
      vertex 90 18.8178 1.73616
    endloop
  endfacet
  facet normal 0 -0.427622 0.903958
    outer loop
      vertex 90 18.6404 1.65224
      vertex 88 18.8178 1.73616
      vertex 88 18.6404 1.65224
    endloop
  endfacet
  facet normal 0 -0.242967 -0.970035
    outer loop
      vertex 88 18.2652 5.46157
      vertex 90 18.4556 5.41388
      vertex 90 18.2652 5.46157
    endloop
  endfacet
  facet normal -0 -0.242967 -0.970035
    outer loop
      vertex 90 18.4556 5.41388
      vertex 88 18.2652 5.46157
      vertex 88 18.4556 5.41388
    endloop
  endfacet
  facet normal 0 -0.998803 -0.0489135
    outer loop
      vertex 88 19.875 3.5
      vertex 90 19.8654 3.69603
      vertex 88 19.8654 3.69603
    endloop
  endfacet
  facet normal 0 -0.998803 -0.0489135
    outer loop
      vertex 90 19.8654 3.69603
      vertex 88 19.875 3.5
      vertex 90 19.875 3.5
    endloop
  endfacet
  facet normal 0 -0.94158 -0.336788
    outer loop
      vertex 88 19.7889 4.08057
      vertex 90 19.7228 4.26537
      vertex 88 19.7228 4.26537
    endloop
  endfacet
  facet normal 0 -0.94158 -0.336788
    outer loop
      vertex 90 19.7228 4.26537
      vertex 88 19.7889 4.08057
      vertex 90 19.7889 4.08057
    endloop
  endfacet
  facet normal 0 0.146696 -0.989182
    outer loop
      vertex 88 17.4848 5.46157
      vertex 90 17.679 5.49037
      vertex 90 17.4848 5.46157
    endloop
  endfacet
  facet normal 0 0.146696 -0.989182
    outer loop
      vertex 90 17.679 5.49037
      vertex 88 17.4848 5.46157
      vertex 88 17.679 5.49037
    endloop
  endfacet
  facet normal 0 0.671635 -0.740882
    outer loop
      vertex 88 16.4608 4.91421
      vertex 90 16.6062 5.04602
      vertex 90 16.4608 4.91421
    endloop
  endfacet
  facet normal 0 0.671635 -0.740882
    outer loop
      vertex 90 16.6062 5.04602
      vertex 88 16.4608 4.91421
      vertex 88 16.6062 5.04602
    endloop
  endfacet
  facet normal 0 -0.514196 0.857673
    outer loop
      vertex 88 18.9861 1.83706
      vertex 90 18.8178 1.73616
      vertex 90 18.9861 1.83706
    endloop
  endfacet
  facet normal 0 -0.514196 0.857673
    outer loop
      vertex 90 18.8178 1.73616
      vertex 88 18.9861 1.83706
      vertex 88 18.8178 1.73616
    endloop
  endfacet
  facet normal 0 0.998803 -0.0489135
    outer loop
      vertex 90 15.875 3.5
      vertex 88 15.8846 3.69603
      vertex 90 15.8846 3.69603
    endloop
  endfacet
  facet normal 0 0.998803 -0.0489135
    outer loop
      vertex 88 15.8846 3.69603
      vertex 90 15.875 3.5
      vertex 88 15.875 3.5
    endloop
  endfacet
  facet normal 0 0.0490735 -0.998795
    outer loop
      vertex 88 17.679 5.49037
      vertex 90 17.875 5.5
      vertex 90 17.679 5.49037
    endloop
  endfacet
  facet normal 0 0.0490735 -0.998795
    outer loop
      vertex 90 17.875 5.5
      vertex 88 17.679 5.49037
      vertex 88 17.875 5.5
    endloop
  endfacet
  facet normal 0 0.803259 -0.59563
    outer loop
      vertex 90 16.2121 4.61114
      vertex 88 16.329 4.76879
      vertex 90 16.329 4.76879
    endloop
  endfacet
  facet normal 0 0.803259 -0.59563
    outer loop
      vertex 88 16.329 4.76879
      vertex 90 16.2121 4.61114
      vertex 88 16.2121 4.61114
    endloop
  endfacet
  facet normal 0 -0.740954 -0.671556
    outer loop
      vertex 88 19.421 4.76879
      vertex 90 19.2892 4.91421
      vertex 88 19.2892 4.91421
    endloop
  endfacet
  facet normal 0 -0.740954 -0.671556
    outer loop
      vertex 90 19.2892 4.91421
      vertex 88 19.421 4.76879
      vertex 90 19.421 4.76879
    endloop
  endfacet
  facet normal 0 0.336879 -0.941548
    outer loop
      vertex 88 17.1096 5.34776
      vertex 90 17.2944 5.41388
      vertex 90 17.1096 5.34776
    endloop
  endfacet
  facet normal 0 0.336879 -0.941548
    outer loop
      vertex 90 17.2944 5.41388
      vertex 88 17.1096 5.34776
      vertex 88 17.2944 5.41388
    endloop
  endfacet
  facet normal 0 0.803259 0.59563
    outer loop
      vertex 90 16.329 2.23121
      vertex 88 16.2121 2.38886
      vertex 90 16.2121 2.38886
    endloop
  endfacet
  facet normal 0 0.803259 0.59563
    outer loop
      vertex 88 16.2121 2.38886
      vertex 90 16.329 2.23121
      vertex 88 16.329 2.23121
    endloop
  endfacet
  facet normal 0 0.989176 0.146733
    outer loop
      vertex 90 15.9134 3.10982
      vertex 88 15.8846 3.30397
      vertex 90 15.8846 3.30397
    endloop
  endfacet
  facet normal 0 0.989176 0.146733
    outer loop
      vertex 88 15.8846 3.30397
      vertex 90 15.9134 3.10982
      vertex 88 15.9134 3.10982
    endloop
  endfacet
  facet normal 0 -0.514196 -0.857673
    outer loop
      vertex 88 18.8178 5.26384
      vertex 90 18.9861 5.16294
      vertex 90 18.8178 5.26384
    endloop
  endfacet
  facet normal -0 -0.514196 -0.857673
    outer loop
      vertex 90 18.9861 5.16294
      vertex 88 18.8178 5.26384
      vertex 88 18.9861 5.16294
    endloop
  endfacet
  facet normal 0 0.903819 -0.427916
    outer loop
      vertex 90 16.0272 4.26537
      vertex 88 16.1112 4.44279
      vertex 90 16.1112 4.44279
    endloop
  endfacet
  facet normal 0 0.903819 -0.427916
    outer loop
      vertex 88 16.1112 4.44279
      vertex 90 16.0272 4.26537
      vertex 88 16.0272 4.26537
    endloop
  endfacet
  facet normal 0 0.970019 0.243027
    outer loop
      vertex 90 15.9611 2.91943
      vertex 88 15.9134 3.10982
      vertex 90 15.9134 3.10982
    endloop
  endfacet
  facet normal 0 0.970019 0.243027
    outer loop
      vertex 88 15.9134 3.10982
      vertex 90 15.9611 2.91943
      vertex 88 15.9611 2.91943
    endloop
  endfacet
  facet normal 0 -0.998803 0.0489135
    outer loop
      vertex 88 19.8654 3.30397
      vertex 90 19.875 3.5
      vertex 88 19.875 3.5
    endloop
  endfacet
  facet normal 0 -0.998803 0.0489135
    outer loop
      vertex 90 19.875 3.5
      vertex 88 19.8654 3.30397
      vertex 90 19.8654 3.30397
    endloop
  endfacet
  facet normal 0 -0.989176 0.146733
    outer loop
      vertex 88 19.8366 3.10982
      vertex 90 19.8654 3.30397
      vertex 88 19.8654 3.30397
    endloop
  endfacet
  facet normal 0 -0.989176 0.146733
    outer loop
      vertex 90 19.8654 3.30397
      vertex 88 19.8366 3.10982
      vertex 90 19.8366 3.10982
    endloop
  endfacet
  facet normal 0 -0.740954 0.671556
    outer loop
      vertex 88 19.2892 2.08579
      vertex 90 19.421 2.23121
      vertex 88 19.421 2.23121
    endloop
  endfacet
  facet normal 0 -0.740954 0.671556
    outer loop
      vertex 90 19.421 2.23121
      vertex 88 19.2892 2.08579
      vertex 90 19.2892 2.08579
    endloop
  endfacet
  facet normal 0 0.740954 0.671556
    outer loop
      vertex 90 16.4608 2.08579
      vertex 88 16.329 2.23121
      vertex 90 16.329 2.23121
    endloop
  endfacet
  facet normal 0 0.740954 0.671556
    outer loop
      vertex 88 16.329 2.23121
      vertex 90 16.4608 2.08579
      vertex 88 16.4608 2.08579
    endloop
  endfacet
  facet normal 0 -0.671635 -0.740882
    outer loop
      vertex 88 19.1438 5.04602
      vertex 90 19.2892 4.91421
      vertex 90 19.1438 5.04602
    endloop
  endfacet
  facet normal -0 -0.671635 -0.740882
    outer loop
      vertex 90 19.2892 4.91421
      vertex 88 19.1438 5.04602
      vertex 88 19.2892 4.91421
    endloop
  endfacet
  facet normal 0 -0.671635 0.740882
    outer loop
      vertex 88 19.2892 2.08579
      vertex 90 19.1438 1.95398
      vertex 90 19.2892 2.08579
    endloop
  endfacet
  facet normal 0 -0.671635 0.740882
    outer loop
      vertex 90 19.1438 1.95398
      vertex 88 19.2892 2.08579
      vertex 88 19.1438 1.95398
    endloop
  endfacet
  facet normal 0 0.740954 -0.671556
    outer loop
      vertex 90 16.329 4.76879
      vertex 88 16.4608 4.91421
      vertex 90 16.4608 4.91421
    endloop
  endfacet
  facet normal 0 0.740954 -0.671556
    outer loop
      vertex 88 16.4608 4.91421
      vertex 90 16.329 4.76879
      vertex 88 16.329 4.76879
    endloop
  endfacet
  facet normal 0 0.427622 -0.903958
    outer loop
      vertex 88 16.9322 5.26384
      vertex 90 17.1096 5.34776
      vertex 90 16.9322 5.26384
    endloop
  endfacet
  facet normal 0 0.427622 -0.903958
    outer loop
      vertex 90 17.1096 5.34776
      vertex 88 16.9322 5.26384
      vertex 88 17.1096 5.34776
    endloop
  endfacet
  facet normal 0 0.989176 -0.146733
    outer loop
      vertex 90 15.8846 3.69603
      vertex 88 15.9134 3.89018
      vertex 90 15.9134 3.89018
    endloop
  endfacet
  facet normal 0 0.989176 -0.146733
    outer loop
      vertex 88 15.9134 3.89018
      vertex 90 15.8846 3.69603
      vertex 88 15.8846 3.69603
    endloop
  endfacet
  facet normal -0 0.671635 0.740882
    outer loop
      vertex 88 16.6062 1.95398
      vertex 90 16.4608 2.08579
      vertex 90 16.6062 1.95398
    endloop
  endfacet
  facet normal 0 0.671635 0.740882
    outer loop
      vertex 90 16.4608 2.08579
      vertex 88 16.6062 1.95398
      vertex 88 16.4608 2.08579
    endloop
  endfacet
  facet normal 0 -0.427622 -0.903958
    outer loop
      vertex 88 18.6404 5.34776
      vertex 90 18.8178 5.26384
      vertex 90 18.6404 5.34776
    endloop
  endfacet
  facet normal -0 -0.427622 -0.903958
    outer loop
      vertex 90 18.8178 5.26384
      vertex 88 18.6404 5.34776
      vertex 88 18.8178 5.26384
    endloop
  endfacet
  facet normal 0 0.94158 -0.336788
    outer loop
      vertex 90 15.9611 4.08057
      vertex 88 16.0272 4.26537
      vertex 90 16.0272 4.26537
    endloop
  endfacet
  facet normal 0 0.94158 -0.336788
    outer loop
      vertex 88 16.0272 4.26537
      vertex 90 15.9611 4.08057
      vertex 88 15.9611 4.08057
    endloop
  endfacet
  facet normal 0 0.85774 -0.514084
    outer loop
      vertex 90 16.1112 4.44279
      vertex 88 16.2121 4.61114
      vertex 90 16.2121 4.61114
    endloop
  endfacet
  facet normal 0 0.85774 -0.514084
    outer loop
      vertex 88 16.2121 4.61114
      vertex 90 16.1112 4.44279
      vertex 88 16.1112 4.44279
    endloop
  endfacet
  facet normal 0 -0.85774 0.514084
    outer loop
      vertex 88 32.0379 2.38886
      vertex 90 32.1388 2.55721
      vertex 88 32.1388 2.55721
    endloop
  endfacet
  facet normal 0 -0.85774 0.514084
    outer loop
      vertex 90 32.1388 2.55721
      vertex 88 32.0379 2.38886
      vertex 90 32.0379 2.38886
    endloop
  endfacet
  facet normal 0 -0.146696 0.989182
    outer loop
      vertex 88 30.7652 1.53843
      vertex 90 30.571 1.50963
      vertex 90 30.7652 1.53843
    endloop
  endfacet
  facet normal 0 -0.146696 0.989182
    outer loop
      vertex 90 30.571 1.50963
      vertex 88 30.7652 1.53843
      vertex 88 30.571 1.50963
    endloop
  endfacet
  facet normal 0 -0.242967 0.970035
    outer loop
      vertex 88 30.9556 1.58612
      vertex 90 30.7652 1.53843
      vertex 90 30.9556 1.58612
    endloop
  endfacet
  facet normal 0 -0.242967 0.970035
    outer loop
      vertex 90 30.7652 1.53843
      vertex 88 30.9556 1.58612
      vertex 88 30.7652 1.53843
    endloop
  endfacet
  facet normal -0 0.0490735 0.998795
    outer loop
      vertex 88 30.375 1.5
      vertex 90 30.179 1.50963
      vertex 90 30.375 1.5
    endloop
  endfacet
  facet normal 0 0.0490735 0.998795
    outer loop
      vertex 90 30.179 1.50963
      vertex 88 30.375 1.5
      vertex 88 30.179 1.50963
    endloop
  endfacet
  facet normal 0 -0.970019 -0.243027
    outer loop
      vertex 88 32.3366 3.89018
      vertex 90 32.2889 4.08057
      vertex 88 32.2889 4.08057
    endloop
  endfacet
  facet normal 0 -0.970019 -0.243027
    outer loop
      vertex 90 32.2889 4.08057
      vertex 88 32.3366 3.89018
      vertex 90 32.3366 3.89018
    endloop
  endfacet
  facet normal 0 -0.0490735 0.998795
    outer loop
      vertex 88 30.571 1.50963
      vertex 90 30.375 1.5
      vertex 90 30.571 1.50963
    endloop
  endfacet
  facet normal 0 -0.0490735 0.998795
    outer loop
      vertex 90 30.375 1.5
      vertex 88 30.571 1.50963
      vertex 88 30.375 1.5
    endloop
  endfacet
  facet normal 0 0.595573 -0.803301
    outer loop
      vertex 88 29.1062 5.04602
      vertex 90 29.2639 5.16294
      vertex 90 29.1062 5.04602
    endloop
  endfacet
  facet normal 0 0.595573 -0.803301
    outer loop
      vertex 90 29.2639 5.16294
      vertex 88 29.1062 5.04602
      vertex 88 29.2639 5.16294
    endloop
  endfacet
  facet normal 0 0.94158 0.336788
    outer loop
      vertex 90 28.5272 2.73463
      vertex 88 28.4611 2.91943
      vertex 90 28.4611 2.91943
    endloop
  endfacet
  facet normal 0 0.94158 0.336788
    outer loop
      vertex 88 28.4611 2.91943
      vertex 90 28.5272 2.73463
      vertex 88 28.5272 2.73463
    endloop
  endfacet
  facet normal 0 -0.146696 -0.989182
    outer loop
      vertex 88 30.571 5.49037
      vertex 90 30.7652 5.46157
      vertex 90 30.571 5.49037
    endloop
  endfacet
  facet normal -0 -0.146696 -0.989182
    outer loop
      vertex 90 30.7652 5.46157
      vertex 88 30.571 5.49037
      vertex 88 30.7652 5.46157
    endloop
  endfacet
  facet normal 0 -0.903819 -0.427916
    outer loop
      vertex 88 32.2228 4.26537
      vertex 90 32.1388 4.44279
      vertex 88 32.1388 4.44279
    endloop
  endfacet
  facet normal 0 -0.903819 -0.427916
    outer loop
      vertex 90 32.1388 4.44279
      vertex 88 32.2228 4.26537
      vertex 90 32.2228 4.26537
    endloop
  endfacet
  facet normal 0 -0.803259 -0.59563
    outer loop
      vertex 88 32.0379 4.61114
      vertex 90 31.921 4.76879
      vertex 88 31.921 4.76879
    endloop
  endfacet
  facet normal 0 -0.803259 -0.59563
    outer loop
      vertex 90 31.921 4.76879
      vertex 88 32.0379 4.61114
      vertex 90 32.0379 4.61114
    endloop
  endfacet
  facet normal 0 -0.989176 -0.146733
    outer loop
      vertex 88 32.3654 3.69603
      vertex 90 32.3366 3.89018
      vertex 88 32.3366 3.89018
    endloop
  endfacet
  facet normal 0 -0.989176 -0.146733
    outer loop
      vertex 90 32.3366 3.89018
      vertex 88 32.3654 3.69603
      vertex 90 32.3654 3.69603
    endloop
  endfacet
  facet normal 0 -0.595573 -0.803301
    outer loop
      vertex 88 31.4861 5.16294
      vertex 90 31.6438 5.04602
      vertex 90 31.4861 5.16294
    endloop
  endfacet
  facet normal -0 -0.595573 -0.803301
    outer loop
      vertex 90 31.6438 5.04602
      vertex 88 31.4861 5.16294
      vertex 88 31.6438 5.04602
    endloop
  endfacet
  facet normal -0 0.336879 0.941548
    outer loop
      vertex 88 29.7944 1.58612
      vertex 90 29.6096 1.65224
      vertex 90 29.7944 1.58612
    endloop
  endfacet
  facet normal 0 0.336879 0.941548
    outer loop
      vertex 90 29.6096 1.65224
      vertex 88 29.7944 1.58612
      vertex 88 29.6096 1.65224
    endloop
  endfacet
  facet normal 0 -0.803259 0.59563
    outer loop
      vertex 88 31.921 2.23121
      vertex 90 32.0379 2.38886
      vertex 88 32.0379 2.38886
    endloop
  endfacet
  facet normal 0 -0.803259 0.59563
    outer loop
      vertex 90 32.0379 2.38886
      vertex 88 31.921 2.23121
      vertex 90 31.921 2.23121
    endloop
  endfacet
  facet normal 0 -0.595573 0.803301
    outer loop
      vertex 88 31.6438 1.95398
      vertex 90 31.4861 1.83706
      vertex 90 31.6438 1.95398
    endloop
  endfacet
  facet normal 0 -0.595573 0.803301
    outer loop
      vertex 90 31.4861 1.83706
      vertex 88 31.6438 1.95398
      vertex 88 31.4861 1.83706
    endloop
  endfacet
  facet normal -0 0.146696 0.989182
    outer loop
      vertex 88 30.179 1.50963
      vertex 90 29.9848 1.53843
      vertex 90 30.179 1.50963
    endloop
  endfacet
  facet normal 0 0.146696 0.989182
    outer loop
      vertex 90 29.9848 1.53843
      vertex 88 30.179 1.50963
      vertex 88 29.9848 1.53843
    endloop
  endfacet
  facet normal 0 0.970019 -0.243027
    outer loop
      vertex 90 28.4134 3.89018
      vertex 88 28.4611 4.08057
      vertex 90 28.4611 4.08057
    endloop
  endfacet
  facet normal 0 0.970019 -0.243027
    outer loop
      vertex 88 28.4611 4.08057
      vertex 90 28.4134 3.89018
      vertex 88 28.4134 3.89018
    endloop
  endfacet
  facet normal 0 -0.336879 -0.941548
    outer loop
      vertex 88 30.9556 5.41388
      vertex 90 31.1404 5.34776
      vertex 90 30.9556 5.41388
    endloop
  endfacet
  facet normal -0 -0.336879 -0.941548
    outer loop
      vertex 90 31.1404 5.34776
      vertex 88 30.9556 5.41388
      vertex 88 31.1404 5.34776
    endloop
  endfacet
  facet normal 0 0.85774 0.514084
    outer loop
      vertex 90 28.7121 2.38886
      vertex 88 28.6112 2.55721
      vertex 90 28.6112 2.55721
    endloop
  endfacet
  facet normal 0 0.85774 0.514084
    outer loop
      vertex 88 28.6112 2.55721
      vertex 90 28.7121 2.38886
      vertex 88 28.7121 2.38886
    endloop
  endfacet
  facet normal -0 0.242967 0.970035
    outer loop
      vertex 88 29.9848 1.53843
      vertex 90 29.7944 1.58612
      vertex 90 29.9848 1.53843
    endloop
  endfacet
  facet normal 0 0.242967 0.970035
    outer loop
      vertex 90 29.7944 1.58612
      vertex 88 29.9848 1.53843
      vertex 88 29.7944 1.58612
    endloop
  endfacet
  facet normal -0 0.427622 0.903958
    outer loop
      vertex 88 29.6096 1.65224
      vertex 90 29.4322 1.73616
      vertex 90 29.6096 1.65224
    endloop
  endfacet
  facet normal 0 0.427622 0.903958
    outer loop
      vertex 90 29.4322 1.73616
      vertex 88 29.6096 1.65224
      vertex 88 29.4322 1.73616
    endloop
  endfacet
  facet normal 0 0.514196 -0.857673
    outer loop
      vertex 88 29.2639 5.16294
      vertex 90 29.4322 5.26384
      vertex 90 29.2639 5.16294
    endloop
  endfacet
  facet normal 0 0.514196 -0.857673
    outer loop
      vertex 90 29.4322 5.26384
      vertex 88 29.2639 5.16294
      vertex 88 29.4322 5.26384
    endloop
  endfacet
  facet normal 0 0.998803 0.0489135
    outer loop
      vertex 90 28.3846 3.30397
      vertex 88 28.375 3.5
      vertex 90 28.375 3.5
    endloop
  endfacet
  facet normal 0 0.998803 0.0489135
    outer loop
      vertex 88 28.375 3.5
      vertex 90 28.3846 3.30397
      vertex 88 28.3846 3.30397
    endloop
  endfacet
  facet normal 0 -0.0490735 -0.998795
    outer loop
      vertex 88 30.375 5.5
      vertex 90 30.571 5.49037
      vertex 90 30.375 5.5
    endloop
  endfacet
  facet normal -0 -0.0490735 -0.998795
    outer loop
      vertex 90 30.571 5.49037
      vertex 88 30.375 5.5
      vertex 88 30.571 5.49037
    endloop
  endfacet
  facet normal 0 0.903819 0.427916
    outer loop
      vertex 90 28.6112 2.55721
      vertex 88 28.5272 2.73463
      vertex 90 28.5272 2.73463
    endloop
  endfacet
  facet normal 0 0.903819 0.427916
    outer loop
      vertex 88 28.5272 2.73463
      vertex 90 28.6112 2.55721
      vertex 88 28.6112 2.55721
    endloop
  endfacet
  facet normal 0 -0.94158 0.336788
    outer loop
      vertex 88 32.2228 2.73463
      vertex 90 32.2889 2.91943
      vertex 88 32.2889 2.91943
    endloop
  endfacet
  facet normal 0 -0.94158 0.336788
    outer loop
      vertex 90 32.2889 2.91943
      vertex 88 32.2228 2.73463
      vertex 90 32.2228 2.73463
    endloop
  endfacet
  facet normal 0 -0.903819 0.427916
    outer loop
      vertex 88 32.1388 2.55721
      vertex 90 32.2228 2.73463
      vertex 88 32.2228 2.73463
    endloop
  endfacet
  facet normal 0 -0.903819 0.427916
    outer loop
      vertex 90 32.2228 2.73463
      vertex 88 32.1388 2.55721
      vertex 90 32.1388 2.55721
    endloop
  endfacet
  facet normal 0 0.242967 -0.970035
    outer loop
      vertex 88 29.7944 5.41388
      vertex 90 29.9848 5.46157
      vertex 90 29.7944 5.41388
    endloop
  endfacet
  facet normal 0 0.242967 -0.970035
    outer loop
      vertex 90 29.9848 5.46157
      vertex 88 29.7944 5.41388
      vertex 88 29.9848 5.46157
    endloop
  endfacet
  facet normal -0 0.514196 0.857673
    outer loop
      vertex 88 29.4322 1.73616
      vertex 90 29.2639 1.83706
      vertex 90 29.4322 1.73616
    endloop
  endfacet
  facet normal 0 0.514196 0.857673
    outer loop
      vertex 90 29.2639 1.83706
      vertex 88 29.4322 1.73616
      vertex 88 29.2639 1.83706
    endloop
  endfacet
  facet normal 0 -0.85774 -0.514084
    outer loop
      vertex 88 32.1388 4.44279
      vertex 90 32.0379 4.61114
      vertex 88 32.0379 4.61114
    endloop
  endfacet
  facet normal 0 -0.85774 -0.514084
    outer loop
      vertex 90 32.0379 4.61114
      vertex 88 32.1388 4.44279
      vertex 90 32.1388 4.44279
    endloop
  endfacet
  facet normal 0 -0.336879 0.941548
    outer loop
      vertex 88 31.1404 1.65224
      vertex 90 30.9556 1.58612
      vertex 90 31.1404 1.65224
    endloop
  endfacet
  facet normal 0 -0.336879 0.941548
    outer loop
      vertex 90 30.9556 1.58612
      vertex 88 31.1404 1.65224
      vertex 88 30.9556 1.58612
    endloop
  endfacet
  facet normal 0 -0.970019 0.243027
    outer loop
      vertex 88 32.2889 2.91943
      vertex 90 32.3366 3.10982
      vertex 88 32.3366 3.10982
    endloop
  endfacet
  facet normal 0 -0.970019 0.243027
    outer loop
      vertex 90 32.3366 3.10982
      vertex 88 32.2889 2.91943
      vertex 90 32.2889 2.91943
    endloop
  endfacet
  facet normal -0 0.595573 0.803301
    outer loop
      vertex 88 29.2639 1.83706
      vertex 90 29.1062 1.95398
      vertex 90 29.2639 1.83706
    endloop
  endfacet
  facet normal 0 0.595573 0.803301
    outer loop
      vertex 90 29.1062 1.95398
      vertex 88 29.2639 1.83706
      vertex 88 29.1062 1.95398
    endloop
  endfacet
  facet normal 0 -0.427622 0.903958
    outer loop
      vertex 88 31.3178 1.73616
      vertex 90 31.1404 1.65224
      vertex 90 31.3178 1.73616
    endloop
  endfacet
  facet normal 0 -0.427622 0.903958
    outer loop
      vertex 90 31.1404 1.65224
      vertex 88 31.3178 1.73616
      vertex 88 31.1404 1.65224
    endloop
  endfacet
  facet normal 0 -0.242967 -0.970035
    outer loop
      vertex 88 30.7652 5.46157
      vertex 90 30.9556 5.41388
      vertex 90 30.7652 5.46157
    endloop
  endfacet
  facet normal -0 -0.242967 -0.970035
    outer loop
      vertex 90 30.9556 5.41388
      vertex 88 30.7652 5.46157
      vertex 88 30.9556 5.41388
    endloop
  endfacet
  facet normal 0 -0.998803 -0.0489135
    outer loop
      vertex 88 32.375 3.5
      vertex 90 32.3654 3.69603
      vertex 88 32.3654 3.69603
    endloop
  endfacet
  facet normal 0 -0.998803 -0.0489135
    outer loop
      vertex 90 32.3654 3.69603
      vertex 88 32.375 3.5
      vertex 90 32.375 3.5
    endloop
  endfacet
  facet normal 0 -0.94158 -0.336788
    outer loop
      vertex 88 32.2889 4.08057
      vertex 90 32.2228 4.26537
      vertex 88 32.2228 4.26537
    endloop
  endfacet
  facet normal 0 -0.94158 -0.336788
    outer loop
      vertex 90 32.2228 4.26537
      vertex 88 32.2889 4.08057
      vertex 90 32.2889 4.08057
    endloop
  endfacet
  facet normal 0 0.146696 -0.989182
    outer loop
      vertex 88 29.9848 5.46157
      vertex 90 30.179 5.49037
      vertex 90 29.9848 5.46157
    endloop
  endfacet
  facet normal 0 0.146696 -0.989182
    outer loop
      vertex 90 30.179 5.49037
      vertex 88 29.9848 5.46157
      vertex 88 30.179 5.49037
    endloop
  endfacet
  facet normal 0 0.671635 -0.740882
    outer loop
      vertex 88 28.9608 4.91421
      vertex 90 29.1062 5.04602
      vertex 90 28.9608 4.91421
    endloop
  endfacet
  facet normal 0 0.671635 -0.740882
    outer loop
      vertex 90 29.1062 5.04602
      vertex 88 28.9608 4.91421
      vertex 88 29.1062 5.04602
    endloop
  endfacet
  facet normal 0 -0.514196 0.857673
    outer loop
      vertex 88 31.4861 1.83706
      vertex 90 31.3178 1.73616
      vertex 90 31.4861 1.83706
    endloop
  endfacet
  facet normal 0 -0.514196 0.857673
    outer loop
      vertex 90 31.3178 1.73616
      vertex 88 31.4861 1.83706
      vertex 88 31.3178 1.73616
    endloop
  endfacet
  facet normal 0 0.0490735 -0.998795
    outer loop
      vertex 88 30.179 5.49037
      vertex 90 30.375 5.5
      vertex 90 30.179 5.49037
    endloop
  endfacet
  facet normal 0 0.0490735 -0.998795
    outer loop
      vertex 90 30.375 5.5
      vertex 88 30.179 5.49037
      vertex 88 30.375 5.5
    endloop
  endfacet
  facet normal 0 0.803259 -0.59563
    outer loop
      vertex 90 28.7121 4.61114
      vertex 88 28.829 4.76879
      vertex 90 28.829 4.76879
    endloop
  endfacet
  facet normal 0 0.803259 -0.59563
    outer loop
      vertex 88 28.829 4.76879
      vertex 90 28.7121 4.61114
      vertex 88 28.7121 4.61114
    endloop
  endfacet
  facet normal 0 -0.740954 -0.671556
    outer loop
      vertex 88 31.921 4.76879
      vertex 90 31.7892 4.91421
      vertex 88 31.7892 4.91421
    endloop
  endfacet
  facet normal 0 -0.740954 -0.671556
    outer loop
      vertex 90 31.7892 4.91421
      vertex 88 31.921 4.76879
      vertex 90 31.921 4.76879
    endloop
  endfacet
  facet normal 0 0.336879 -0.941548
    outer loop
      vertex 88 29.6096 5.34776
      vertex 90 29.7944 5.41388
      vertex 90 29.6096 5.34776
    endloop
  endfacet
  facet normal 0 0.336879 -0.941548
    outer loop
      vertex 90 29.7944 5.41388
      vertex 88 29.6096 5.34776
      vertex 88 29.7944 5.41388
    endloop
  endfacet
  facet normal 0 0.803259 0.59563
    outer loop
      vertex 90 28.829 2.23121
      vertex 88 28.7121 2.38886
      vertex 90 28.7121 2.38886
    endloop
  endfacet
  facet normal 0 0.803259 0.59563
    outer loop
      vertex 88 28.7121 2.38886
      vertex 90 28.829 2.23121
      vertex 88 28.829 2.23121
    endloop
  endfacet
  facet normal 0 0.989176 0.146733
    outer loop
      vertex 90 28.4134 3.10982
      vertex 88 28.3846 3.30397
      vertex 90 28.3846 3.30397
    endloop
  endfacet
  facet normal 0 0.989176 0.146733
    outer loop
      vertex 88 28.3846 3.30397
      vertex 90 28.4134 3.10982
      vertex 88 28.4134 3.10982
    endloop
  endfacet
  facet normal 0 -0.514196 -0.857673
    outer loop
      vertex 88 31.3178 5.26384
      vertex 90 31.4861 5.16294
      vertex 90 31.3178 5.26384
    endloop
  endfacet
  facet normal -0 -0.514196 -0.857673
    outer loop
      vertex 90 31.4861 5.16294
      vertex 88 31.3178 5.26384
      vertex 88 31.4861 5.16294
    endloop
  endfacet
  facet normal 0 0.903819 -0.427916
    outer loop
      vertex 90 28.5272 4.26537
      vertex 88 28.6112 4.44279
      vertex 90 28.6112 4.44279
    endloop
  endfacet
  facet normal 0 0.903819 -0.427916
    outer loop
      vertex 88 28.6112 4.44279
      vertex 90 28.5272 4.26537
      vertex 88 28.5272 4.26537
    endloop
  endfacet
  facet normal 0 0.970019 0.243027
    outer loop
      vertex 90 28.4611 2.91943
      vertex 88 28.4134 3.10982
      vertex 90 28.4134 3.10982
    endloop
  endfacet
  facet normal 0 0.970019 0.243027
    outer loop
      vertex 88 28.4134 3.10982
      vertex 90 28.4611 2.91943
      vertex 88 28.4611 2.91943
    endloop
  endfacet
  facet normal 0 -0.998803 0.0489135
    outer loop
      vertex 88 32.3654 3.30397
      vertex 90 32.375 3.5
      vertex 88 32.375 3.5
    endloop
  endfacet
  facet normal 0 -0.998803 0.0489135
    outer loop
      vertex 90 32.375 3.5
      vertex 88 32.3654 3.30397
      vertex 90 32.3654 3.30397
    endloop
  endfacet
  facet normal 0 -0.989176 0.146733
    outer loop
      vertex 88 32.3366 3.10982
      vertex 90 32.3654 3.30397
      vertex 88 32.3654 3.30397
    endloop
  endfacet
  facet normal 0 -0.989176 0.146733
    outer loop
      vertex 90 32.3654 3.30397
      vertex 88 32.3366 3.10982
      vertex 90 32.3366 3.10982
    endloop
  endfacet
  facet normal 0 -0.740954 0.671556
    outer loop
      vertex 88 31.7892 2.08579
      vertex 90 31.921 2.23121
      vertex 88 31.921 2.23121
    endloop
  endfacet
  facet normal 0 -0.740954 0.671556
    outer loop
      vertex 90 31.921 2.23121
      vertex 88 31.7892 2.08579
      vertex 90 31.7892 2.08579
    endloop
  endfacet
  facet normal 0 0.740954 0.671556
    outer loop
      vertex 90 28.9608 2.08579
      vertex 88 28.829 2.23121
      vertex 90 28.829 2.23121
    endloop
  endfacet
  facet normal 0 0.740954 0.671556
    outer loop
      vertex 88 28.829 2.23121
      vertex 90 28.9608 2.08579
      vertex 88 28.9608 2.08579
    endloop
  endfacet
  facet normal 0 -0.671635 -0.740882
    outer loop
      vertex 88 31.6438 5.04602
      vertex 90 31.7892 4.91421
      vertex 90 31.6438 5.04602
    endloop
  endfacet
  facet normal -0 -0.671635 -0.740882
    outer loop
      vertex 90 31.7892 4.91421
      vertex 88 31.6438 5.04602
      vertex 88 31.7892 4.91421
    endloop
  endfacet
  facet normal 0 -0.671635 0.740882
    outer loop
      vertex 88 31.7892 2.08579
      vertex 90 31.6438 1.95398
      vertex 90 31.7892 2.08579
    endloop
  endfacet
  facet normal 0 -0.671635 0.740882
    outer loop
      vertex 90 31.6438 1.95398
      vertex 88 31.7892 2.08579
      vertex 88 31.6438 1.95398
    endloop
  endfacet
  facet normal 0 0.740954 -0.671556
    outer loop
      vertex 90 28.829 4.76879
      vertex 88 28.9608 4.91421
      vertex 90 28.9608 4.91421
    endloop
  endfacet
  facet normal 0 0.740954 -0.671556
    outer loop
      vertex 88 28.9608 4.91421
      vertex 90 28.829 4.76879
      vertex 88 28.829 4.76879
    endloop
  endfacet
  facet normal 0 0.427622 -0.903958
    outer loop
      vertex 88 29.4322 5.26384
      vertex 90 29.6096 5.34776
      vertex 90 29.4322 5.26384
    endloop
  endfacet
  facet normal 0 0.427622 -0.903958
    outer loop
      vertex 90 29.6096 5.34776
      vertex 88 29.4322 5.26384
      vertex 88 29.6096 5.34776
    endloop
  endfacet
  facet normal 0 0.998803 -0.0489135
    outer loop
      vertex 90 28.375 3.5
      vertex 88 28.3846 3.69603
      vertex 90 28.3846 3.69603
    endloop
  endfacet
  facet normal 0 0.998803 -0.0489135
    outer loop
      vertex 88 28.3846 3.69603
      vertex 90 28.375 3.5
      vertex 88 28.375 3.5
    endloop
  endfacet
  facet normal 0 0.989176 -0.146733
    outer loop
      vertex 90 28.3846 3.69603
      vertex 88 28.4134 3.89018
      vertex 90 28.4134 3.89018
    endloop
  endfacet
  facet normal 0 0.989176 -0.146733
    outer loop
      vertex 88 28.4134 3.89018
      vertex 90 28.3846 3.69603
      vertex 88 28.3846 3.69603
    endloop
  endfacet
  facet normal -0 0.671635 0.740882
    outer loop
      vertex 88 29.1062 1.95398
      vertex 90 28.9608 2.08579
      vertex 90 29.1062 1.95398
    endloop
  endfacet
  facet normal 0 0.671635 0.740882
    outer loop
      vertex 90 28.9608 2.08579
      vertex 88 29.1062 1.95398
      vertex 88 28.9608 2.08579
    endloop
  endfacet
  facet normal 0 -0.427622 -0.903958
    outer loop
      vertex 88 31.1404 5.34776
      vertex 90 31.3178 5.26384
      vertex 90 31.1404 5.34776
    endloop
  endfacet
  facet normal -0 -0.427622 -0.903958
    outer loop
      vertex 90 31.3178 5.26384
      vertex 88 31.1404 5.34776
      vertex 88 31.3178 5.26384
    endloop
  endfacet
  facet normal 0 0.94158 -0.336788
    outer loop
      vertex 90 28.4611 4.08057
      vertex 88 28.5272 4.26537
      vertex 90 28.5272 4.26537
    endloop
  endfacet
  facet normal 0 0.94158 -0.336788
    outer loop
      vertex 88 28.5272 4.26537
      vertex 90 28.4611 4.08057
      vertex 88 28.4611 4.08057
    endloop
  endfacet
  facet normal 0 0.85774 -0.514084
    outer loop
      vertex 90 28.6112 4.44279
      vertex 88 28.7121 4.61114
      vertex 90 28.7121 4.61114
    endloop
  endfacet
  facet normal 0 0.85774 -0.514084
    outer loop
      vertex 88 28.7121 4.61114
      vertex 90 28.6112 4.44279
      vertex 88 28.6112 4.44279
    endloop
  endfacet
  facet normal 1 0 0
    outer loop
      vertex 90 55.5 10.6
      vertex 90 72 18
      vertex 90 55.5 14.6
    endloop
  endfacet
  facet normal 1 0 0
    outer loop
      vertex 90 72 18
      vertex 90 45.5 14.6
      vertex 90 55.5 14.6
    endloop
  endfacet
  facet normal 1 0 0
    outer loop
      vertex 90 31.4861 5.16294
      vertex 90 45.5 10.6
      vertex 90 45.5 14.6
    endloop
  endfacet
  facet normal 1 0 0
    outer loop
      vertex 90 45.5 10.6
      vertex 90 32.3654 3.69603
      vertex 90 32.375 3.5
    endloop
  endfacet
  facet normal 1 0 0
    outer loop
      vertex 90 45.5 10.6
      vertex 90 32.3366 3.89018
      vertex 90 32.3654 3.69603
    endloop
  endfacet
  facet normal 1 0 0
    outer loop
      vertex 90 45.5 10.6
      vertex 90 32.2889 4.08057
      vertex 90 32.3366 3.89018
    endloop
  endfacet
  facet normal 1 0 0
    outer loop
      vertex 90 45.5 10.6
      vertex 90 32.2228 4.26537
      vertex 90 32.2889 4.08057
    endloop
  endfacet
  facet normal 1 0 0
    outer loop
      vertex 90 45.5 10.6
      vertex 90 32.1388 4.44279
      vertex 90 32.2228 4.26537
    endloop
  endfacet
  facet normal 1 0 0
    outer loop
      vertex 90 45.5 10.6
      vertex 90 32.0379 4.61114
      vertex 90 32.1388 4.44279
    endloop
  endfacet
  facet normal 1 0 0
    outer loop
      vertex 90 45.5 10.6
      vertex 90 31.921 4.76879
      vertex 90 32.0379 4.61114
    endloop
  endfacet
  facet normal 1 0 0
    outer loop
      vertex 90 45.5 10.6
      vertex 90 31.7892 4.91421
      vertex 90 31.921 4.76879
    endloop
  endfacet
  facet normal 1 0 0
    outer loop
      vertex 90 45.5 10.6
      vertex 90 31.6438 5.04602
      vertex 90 31.7892 4.91421
    endloop
  endfacet
  facet normal 1 0 0
    outer loop
      vertex 90 45.5 10.6
      vertex 90 31.4861 5.16294
      vertex 90 31.6438 5.04602
    endloop
  endfacet
  facet normal 1 0 0
    outer loop
      vertex 90 45.5 14.6
      vertex 90 31.3178 5.26384
      vertex 90 31.4861 5.16294
    endloop
  endfacet
  facet normal 1 0 0
    outer loop
      vertex 90 45.5 14.6
      vertex 90 31.1404 5.34776
      vertex 90 31.3178 5.26384
    endloop
  endfacet
  facet normal 1 0 0
    outer loop
      vertex 90 45.5 14.6
      vertex 90 30.9556 5.41388
      vertex 90 31.1404 5.34776
    endloop
  endfacet
  facet normal 1 0 0
    outer loop
      vertex 90 45.5 14.6
      vertex 90 30.7652 5.46157
      vertex 90 30.9556 5.41388
    endloop
  endfacet
  facet normal 1 0 0
    outer loop
      vertex 90 45.5 14.6
      vertex 90 30.571 5.49037
      vertex 90 30.7652 5.46157
    endloop
  endfacet
  facet normal 1 0 0
    outer loop
      vertex 90 45.5 14.6
      vertex 90 30.375 5.5
      vertex 90 30.571 5.49037
    endloop
  endfacet
  facet normal 1 0 0
    outer loop
      vertex 90 45.5 14.6
      vertex 90 30.179 5.49037
      vertex 90 30.375 5.5
    endloop
  endfacet
  facet normal 1 0 0
    outer loop
      vertex 90 45.5 14.6
      vertex 90 29.9848 5.46157
      vertex 90 30.179 5.49037
    endloop
  endfacet
  facet normal 1 0 0
    outer loop
      vertex 90 18.2652 5.46157
      vertex 90 29.9848 5.46157
      vertex 90 45.5 14.6
    endloop
  endfacet
  facet normal 1 0 0
    outer loop
      vertex 90 29.9848 5.46157
      vertex 90 18.2652 5.46157
      vertex 90 29.7944 5.41388
    endloop
  endfacet
  facet normal 1 0 -0
    outer loop
      vertex 90 18.4556 5.41388
      vertex 90 29.7944 5.41388
      vertex 90 18.2652 5.46157
    endloop
  endfacet
  facet normal 1 0 0
    outer loop
      vertex 90 28.3846 3.69603
      vertex 90 19.875 3.5
      vertex 90 28.375 3.5
    endloop
  endfacet
  facet normal 1 0 0
    outer loop
      vertex 90 19.8654 3.69603
      vertex 90 28.3846 3.69603
      vertex 90 28.4134 3.89018
    endloop
  endfacet
  facet normal 1 0 0
    outer loop
      vertex 90 19.8366 3.89018
      vertex 90 28.4134 3.89018
      vertex 90 28.4611 4.08057
    endloop
  endfacet
  facet normal 1 0 0
    outer loop
      vertex 90 19.7889 4.08057
      vertex 90 28.4611 4.08057
      vertex 90 28.5272 4.26537
    endloop
  endfacet
  facet normal 1 0 0
    outer loop
      vertex 90 19.7228 4.26537
      vertex 90 28.5272 4.26537
      vertex 90 28.6112 4.44279
    endloop
  endfacet
  facet normal 1 0 0
    outer loop
      vertex 90 19.6388 4.44279
      vertex 90 28.6112 4.44279
      vertex 90 28.7121 4.61114
    endloop
  endfacet
  facet normal 1 0 0
    outer loop
      vertex 90 19.5379 4.61114
      vertex 90 28.7121 4.61114
      vertex 90 28.829 4.76879
    endloop
  endfacet
  facet normal 1 0 0
    outer loop
      vertex 90 19.421 4.76879
      vertex 90 28.829 4.76879
      vertex 90 28.9608 4.91421
    endloop
  endfacet
  facet normal 1 0 0
    outer loop
      vertex 90 19.2892 4.91421
      vertex 90 28.9608 4.91421
      vertex 90 29.1062 5.04602
    endloop
  endfacet
  facet normal 1 0 0
    outer loop
      vertex 90 19.1438 5.04602
      vertex 90 29.1062 5.04602
      vertex 90 29.2639 5.16294
    endloop
  endfacet
  facet normal 1 0 0
    outer loop
      vertex 90 18.9861 5.16294
      vertex 90 29.2639 5.16294
      vertex 90 29.4322 5.26384
    endloop
  endfacet
  facet normal 1 0 0
    outer loop
      vertex 90 29.7944 5.41388
      vertex 90 18.4556 5.41388
      vertex 90 29.6096 5.34776
    endloop
  endfacet
  facet normal 1 0 0
    outer loop
      vertex 90 28.3846 3.69603
      vertex 90 19.8654 3.69603
      vertex 90 19.875 3.5
    endloop
  endfacet
  facet normal 1 0 0
    outer loop
      vertex 90 28.4134 3.89018
      vertex 90 19.8366 3.89018
      vertex 90 19.8654 3.69603
    endloop
  endfacet
  facet normal 1 0 0
    outer loop
      vertex 90 28.4611 4.08057
      vertex 90 19.7889 4.08057
      vertex 90 19.8366 3.89018
    endloop
  endfacet
  facet normal 1 0 0
    outer loop
      vertex 90 28.5272 4.26537
      vertex 90 19.7228 4.26537
      vertex 90 19.7889 4.08057
    endloop
  endfacet
  facet normal 1 0 0
    outer loop
      vertex 90 28.6112 4.44279
      vertex 90 19.6388 4.44279
      vertex 90 19.7228 4.26537
    endloop
  endfacet
  facet normal 1 0 0
    outer loop
      vertex 90 28.7121 4.61114
      vertex 90 19.5379 4.61114
      vertex 90 19.6388 4.44279
    endloop
  endfacet
  facet normal 1 0 0
    outer loop
      vertex 90 28.829 4.76879
      vertex 90 19.421 4.76879
      vertex 90 19.5379 4.61114
    endloop
  endfacet
  facet normal 1 0 0
    outer loop
      vertex 90 28.9608 4.91421
      vertex 90 19.2892 4.91421
      vertex 90 19.421 4.76879
    endloop
  endfacet
  facet normal 1 0 0
    outer loop
      vertex 90 29.1062 5.04602
      vertex 90 19.1438 5.04602
      vertex 90 19.2892 4.91421
    endloop
  endfacet
  facet normal 1 0 0
    outer loop
      vertex 90 29.2639 5.16294
      vertex 90 18.9861 5.16294
      vertex 90 19.1438 5.04602
    endloop
  endfacet
  facet normal 1 0 0
    outer loop
      vertex 90 29.4322 5.26384
      vertex 90 18.8178 5.26384
      vertex 90 18.9861 5.16294
    endloop
  endfacet
  facet normal 1 0 0
    outer loop
      vertex 90 29.4322 5.26384
      vertex 90 18.6404 5.34776
      vertex 90 18.8178 5.26384
    endloop
  endfacet
  facet normal 1 0 0
    outer loop
      vertex 90 29.6096 5.34776
      vertex 90 18.6404 5.34776
      vertex 90 29.4322 5.26384
    endloop
  endfacet
  facet normal 1 0 -0
    outer loop
      vertex 90 18.6404 5.34776
      vertex 90 29.6096 5.34776
      vertex 90 18.4556 5.41388
    endloop
  endfacet
  facet normal 1 0 0
    outer loop
      vertex 90 0 18
      vertex 90 18.2652 5.46157
      vertex 90 45.5 14.6
    endloop
  endfacet
  facet normal 1 0 0
    outer loop
      vertex 90 18.2652 5.46157
      vertex 90 0 18
      vertex 90 18.071 5.49037
    endloop
  endfacet
  facet normal 1 0 0
    outer loop
      vertex 90 18.071 5.49037
      vertex 90 0 18
      vertex 90 17.875 5.5
    endloop
  endfacet
  facet normal 1 0 0
    outer loop
      vertex 90 17.875 5.5
      vertex 90 0 18
      vertex 90 17.679 5.49037
    endloop
  endfacet
  facet normal 1 0 0
    outer loop
      vertex 90 17.679 5.49037
      vertex 90 0 18
      vertex 90 17.4848 5.46157
    endloop
  endfacet
  facet normal 1 0 0
    outer loop
      vertex 90 15.9134 3.89018
      vertex 90 0 0
      vertex 90 15.8846 3.69603
    endloop
  endfacet
  facet normal 1 0 0
    outer loop
      vertex 90 15.9611 4.08057
      vertex 90 0 0
      vertex 90 15.9134 3.89018
    endloop
  endfacet
  facet normal 1 0 0
    outer loop
      vertex 90 16.0272 4.26537
      vertex 90 0 0
      vertex 90 15.9611 4.08057
    endloop
  endfacet
  facet normal 1 0 0
    outer loop
      vertex 90 0 0
      vertex 90 16.0272 4.26537
      vertex 90 0 18
    endloop
  endfacet
  facet normal 1 0 0
    outer loop
      vertex 90 16.1112 4.44279
      vertex 90 0 18
      vertex 90 16.0272 4.26537
    endloop
  endfacet
  facet normal 1 0 0
    outer loop
      vertex 90 16.2121 4.61114
      vertex 90 0 18
      vertex 90 16.1112 4.44279
    endloop
  endfacet
  facet normal 1 0 0
    outer loop
      vertex 90 16.329 4.76879
      vertex 90 0 18
      vertex 90 16.2121 4.61114
    endloop
  endfacet
  facet normal 1 0 0
    outer loop
      vertex 90 16.4608 4.91421
      vertex 90 0 18
      vertex 90 16.329 4.76879
    endloop
  endfacet
  facet normal 1 0 0
    outer loop
      vertex 90 16.6062 5.04602
      vertex 90 0 18
      vertex 90 16.4608 4.91421
    endloop
  endfacet
  facet normal 1 0 0
    outer loop
      vertex 90 16.7639 5.16294
      vertex 90 0 18
      vertex 90 16.6062 5.04602
    endloop
  endfacet
  facet normal 1 0 0
    outer loop
      vertex 90 16.9322 5.26384
      vertex 90 0 18
      vertex 90 16.7639 5.16294
    endloop
  endfacet
  facet normal 1 0 0
    outer loop
      vertex 90 17.1096 5.34776
      vertex 90 0 18
      vertex 90 16.9322 5.26384
    endloop
  endfacet
  facet normal 1 0 0
    outer loop
      vertex 90 17.2944 5.41388
      vertex 90 0 18
      vertex 90 17.1096 5.34776
    endloop
  endfacet
  facet normal 1 0 0
    outer loop
      vertex 90 17.4848 5.46157
      vertex 90 0 18
      vertex 90 17.2944 5.41388
    endloop
  endfacet
  facet normal 1 -0 0
    outer loop
      vertex 90 0 18
      vertex 90 45.5 14.6
      vertex 90 72 18
    endloop
  endfacet
  facet normal 1 0 0
    outer loop
      vertex 90 72 18
      vertex 90 55.5 10.6
      vertex 90 72 0
    endloop
  endfacet
  facet normal 1 0 0
    outer loop
      vertex 90 31.921 2.23121
      vertex 90 55.5 10.6
      vertex 90 45.5 10.6
    endloop
  endfacet
  facet normal 1 0 0
    outer loop
      vertex 90 32.3654 3.30397
      vertex 90 45.5 10.6
      vertex 90 32.375 3.5
    endloop
  endfacet
  facet normal 1 0 0
    outer loop
      vertex 90 32.3366 3.10982
      vertex 90 45.5 10.6
      vertex 90 32.3654 3.30397
    endloop
  endfacet
  facet normal 1 0 0
    outer loop
      vertex 90 32.2889 2.91943
      vertex 90 45.5 10.6
      vertex 90 32.3366 3.10982
    endloop
  endfacet
  facet normal 1 0 0
    outer loop
      vertex 90 32.2228 2.73463
      vertex 90 45.5 10.6
      vertex 90 32.2889 2.91943
    endloop
  endfacet
  facet normal 1 0 0
    outer loop
      vertex 90 32.1388 2.55721
      vertex 90 45.5 10.6
      vertex 90 32.2228 2.73463
    endloop
  endfacet
  facet normal 1 0 0
    outer loop
      vertex 90 32.0379 2.38886
      vertex 90 45.5 10.6
      vertex 90 32.1388 2.55721
    endloop
  endfacet
  facet normal 1 0 0
    outer loop
      vertex 90 31.921 2.23121
      vertex 90 45.5 10.6
      vertex 90 32.0379 2.38886
    endloop
  endfacet
  facet normal 1 0 0
    outer loop
      vertex 90 55.5 10.6
      vertex 90 31.921 2.23121
      vertex 90 72 0
    endloop
  endfacet
  facet normal 1 -0 0
    outer loop
      vertex 90 31.7892 2.08579
      vertex 90 72 0
      vertex 90 31.921 2.23121
    endloop
  endfacet
  facet normal 1 -0 0
    outer loop
      vertex 90 31.6438 1.95398
      vertex 90 72 0
      vertex 90 31.7892 2.08579
    endloop
  endfacet
  facet normal 1 -0 0
    outer loop
      vertex 90 31.4861 1.83706
      vertex 90 72 0
      vertex 90 31.6438 1.95398
    endloop
  endfacet
  facet normal 1 -0 0
    outer loop
      vertex 90 31.3178 1.73616
      vertex 90 72 0
      vertex 90 31.4861 1.83706
    endloop
  endfacet
  facet normal 1 -0 0
    outer loop
      vertex 90 31.1404 1.65224
      vertex 90 72 0
      vertex 90 31.3178 1.73616
    endloop
  endfacet
  facet normal 1 -0 0
    outer loop
      vertex 90 30.9556 1.58612
      vertex 90 72 0
      vertex 90 31.1404 1.65224
    endloop
  endfacet
  facet normal 1 -0 0
    outer loop
      vertex 90 30.7652 1.53843
      vertex 90 72 0
      vertex 90 30.9556 1.58612
    endloop
  endfacet
  facet normal 1 -0 0
    outer loop
      vertex 90 30.571 1.50963
      vertex 90 72 0
      vertex 90 30.7652 1.53843
    endloop
  endfacet
  facet normal 1 -0 0
    outer loop
      vertex 90 30.375 1.5
      vertex 90 72 0
      vertex 90 30.571 1.50963
    endloop
  endfacet
  facet normal 1 -0 0
    outer loop
      vertex 90 19.875 3.5
      vertex 90 28.3846 3.30397
      vertex 90 28.375 3.5
    endloop
  endfacet
  facet normal 1 0 0
    outer loop
      vertex 90 19.8654 3.30397
      vertex 90 28.3846 3.30397
      vertex 90 19.875 3.5
    endloop
  endfacet
  facet normal 1 0 0
    outer loop
      vertex 90 28.3846 3.30397
      vertex 90 19.8654 3.30397
      vertex 90 28.4134 3.10982
    endloop
  endfacet
  facet normal 1 0 0
    outer loop
      vertex 90 19.8366 3.10982
      vertex 90 28.4134 3.10982
      vertex 90 19.8654 3.30397
    endloop
  endfacet
  facet normal 1 0 0
    outer loop
      vertex 90 28.4134 3.10982
      vertex 90 19.8366 3.10982
      vertex 90 28.4611 2.91943
    endloop
  endfacet
  facet normal 1 0 0
    outer loop
      vertex 90 19.7889 2.91943
      vertex 90 28.4611 2.91943
      vertex 90 19.8366 3.10982
    endloop
  endfacet
  facet normal 1 0 0
    outer loop
      vertex 90 28.4611 2.91943
      vertex 90 19.7889 2.91943
      vertex 90 28.5272 2.73463
    endloop
  endfacet
  facet normal 1 0 0
    outer loop
      vertex 90 19.7228 2.73463
      vertex 90 28.5272 2.73463
      vertex 90 19.7889 2.91943
    endloop
  endfacet
  facet normal 1 0 0
    outer loop
      vertex 90 28.5272 2.73463
      vertex 90 19.7228 2.73463
      vertex 90 28.6112 2.55721
    endloop
  endfacet
  facet normal 1 0 0
    outer loop
      vertex 90 19.6388 2.55721
      vertex 90 28.6112 2.55721
      vertex 90 19.7228 2.73463
    endloop
  endfacet
  facet normal 1 0 0
    outer loop
      vertex 90 28.6112 2.55721
      vertex 90 19.6388 2.55721
      vertex 90 28.7121 2.38886
    endloop
  endfacet
  facet normal 1 0 0
    outer loop
      vertex 90 19.5379 2.38886
      vertex 90 28.7121 2.38886
      vertex 90 19.6388 2.55721
    endloop
  endfacet
  facet normal 1 0 0
    outer loop
      vertex 90 28.7121 2.38886
      vertex 90 19.5379 2.38886
      vertex 90 28.829 2.23121
    endloop
  endfacet
  facet normal 1 0 0
    outer loop
      vertex 90 19.421 2.23121
      vertex 90 28.829 2.23121
      vertex 90 19.5379 2.38886
    endloop
  endfacet
  facet normal 1 0 0
    outer loop
      vertex 90 28.829 2.23121
      vertex 90 19.421 2.23121
      vertex 90 28.9608 2.08579
    endloop
  endfacet
  facet normal 1 0 0
    outer loop
      vertex 90 19.2892 2.08579
      vertex 90 28.9608 2.08579
      vertex 90 19.421 2.23121
    endloop
  endfacet
  facet normal 1 0 0
    outer loop
      vertex 90 28.9608 2.08579
      vertex 90 19.2892 2.08579
      vertex 90 29.1062 1.95398
    endloop
  endfacet
  facet normal 1 0 0
    outer loop
      vertex 90 19.1438 1.95398
      vertex 90 29.1062 1.95398
      vertex 90 19.2892 2.08579
    endloop
  endfacet
  facet normal 1 0 0
    outer loop
      vertex 90 29.1062 1.95398
      vertex 90 19.1438 1.95398
      vertex 90 29.2639 1.83706
    endloop
  endfacet
  facet normal 1 0 0
    outer loop
      vertex 90 18.9861 1.83706
      vertex 90 29.2639 1.83706
      vertex 90 19.1438 1.95398
    endloop
  endfacet
  facet normal 1 0 0
    outer loop
      vertex 90 29.2639 1.83706
      vertex 90 18.9861 1.83706
      vertex 90 29.4322 1.73616
    endloop
  endfacet
  facet normal 1 0 0
    outer loop
      vertex 90 18.8178 1.73616
      vertex 90 29.4322 1.73616
      vertex 90 18.9861 1.83706
    endloop
  endfacet
  facet normal 1 0 0
    outer loop
      vertex 90 29.4322 1.73616
      vertex 90 18.8178 1.73616
      vertex 90 29.6096 1.65224
    endloop
  endfacet
  facet normal 1 0 0
    outer loop
      vertex 90 18.6404 1.65224
      vertex 90 29.6096 1.65224
      vertex 90 18.8178 1.73616
    endloop
  endfacet
  facet normal 1 0 0
    outer loop
      vertex 90 29.6096 1.65224
      vertex 90 18.6404 1.65224
      vertex 90 29.7944 1.58612
    endloop
  endfacet
  facet normal 1 0 0
    outer loop
      vertex 90 18.4556 1.58612
      vertex 90 29.7944 1.58612
      vertex 90 18.6404 1.65224
    endloop
  endfacet
  facet normal 1 0 0
    outer loop
      vertex 90 29.7944 1.58612
      vertex 90 18.4556 1.58612
      vertex 90 29.9848 1.53843
    endloop
  endfacet
  facet normal 1 0 0
    outer loop
      vertex 90 18.2652 1.53843
      vertex 90 29.9848 1.53843
      vertex 90 18.4556 1.58612
    endloop
  endfacet
  facet normal 1 0 0
    outer loop
      vertex 90 29.9848 1.53843
      vertex 90 18.2652 1.53843
      vertex 90 30.179 1.50963
    endloop
  endfacet
  facet normal 1 0 0
    outer loop
      vertex 90 18.071 1.50963
      vertex 90 30.179 1.50963
      vertex 90 18.2652 1.53843
    endloop
  endfacet
  facet normal 1 0 0
    outer loop
      vertex 90 30.179 1.50963
      vertex 90 18.071 1.50963
      vertex 90 30.375 1.5
    endloop
  endfacet
  facet normal 1 0 0
    outer loop
      vertex 90 17.875 1.5
      vertex 90 30.375 1.5
      vertex 90 18.071 1.50963
    endloop
  endfacet
  facet normal 1 0 0
    outer loop
      vertex 90 0 0
      vertex 90 30.375 1.5
      vertex 90 17.875 1.5
    endloop
  endfacet
  facet normal 1 0 0
    outer loop
      vertex 90 15.8846 3.69603
      vertex 90 0 0
      vertex 90 15.875 3.5
    endloop
  endfacet
  facet normal 1 0 0
    outer loop
      vertex 90 15.875 3.5
      vertex 90 0 0
      vertex 90 15.8846 3.30397
    endloop
  endfacet
  facet normal 1 0 0
    outer loop
      vertex 90 15.8846 3.30397
      vertex 90 0 0
      vertex 90 15.9134 3.10982
    endloop
  endfacet
  facet normal 1 0 0
    outer loop
      vertex 90 15.9134 3.10982
      vertex 90 0 0
      vertex 90 15.9611 2.91943
    endloop
  endfacet
  facet normal 1 0 0
    outer loop
      vertex 90 15.9611 2.91943
      vertex 90 0 0
      vertex 90 16.0272 2.73463
    endloop
  endfacet
  facet normal 1 0 0
    outer loop
      vertex 90 16.0272 2.73463
      vertex 90 0 0
      vertex 90 16.1112 2.55721
    endloop
  endfacet
  facet normal 1 0 0
    outer loop
      vertex 90 16.1112 2.55721
      vertex 90 0 0
      vertex 90 16.2121 2.38886
    endloop
  endfacet
  facet normal 1 0 0
    outer loop
      vertex 90 16.2121 2.38886
      vertex 90 0 0
      vertex 90 16.329 2.23121
    endloop
  endfacet
  facet normal 1 0 0
    outer loop
      vertex 90 30.375 1.5
      vertex 90 0 0
      vertex 90 72 0
    endloop
  endfacet
  facet normal 1 0 0
    outer loop
      vertex 90 17.679 1.50963
      vertex 90 0 0
      vertex 90 17.875 1.5
    endloop
  endfacet
  facet normal 1 0 0
    outer loop
      vertex 90 17.4848 1.53843
      vertex 90 0 0
      vertex 90 17.679 1.50963
    endloop
  endfacet
  facet normal 1 0 0
    outer loop
      vertex 90 17.2944 1.58612
      vertex 90 0 0
      vertex 90 17.4848 1.53843
    endloop
  endfacet
  facet normal 1 0 0
    outer loop
      vertex 90 17.1096 1.65224
      vertex 90 0 0
      vertex 90 17.2944 1.58612
    endloop
  endfacet
  facet normal 1 0 0
    outer loop
      vertex 90 16.9322 1.73616
      vertex 90 0 0
      vertex 90 17.1096 1.65224
    endloop
  endfacet
  facet normal 1 0 0
    outer loop
      vertex 90 16.7639 1.83706
      vertex 90 0 0
      vertex 90 16.9322 1.73616
    endloop
  endfacet
  facet normal 1 0 0
    outer loop
      vertex 90 16.6062 1.95398
      vertex 90 0 0
      vertex 90 16.7639 1.83706
    endloop
  endfacet
  facet normal 1 0 0
    outer loop
      vertex 90 16.4608 2.08579
      vertex 90 0 0
      vertex 90 16.6062 1.95398
    endloop
  endfacet
  facet normal 1 0 0
    outer loop
      vertex 90 16.329 2.23121
      vertex 90 0 0
      vertex 90 16.4608 2.08579
    endloop
  endfacet
  facet normal 0 0 1
    outer loop
      vertex 70.28 20.5 18
      vertex 90 72 18
      vertex 70.28 54.5 18
    endloop
  endfacet
  facet normal 0 0 1
    outer loop
      vertex 90 72 18
      vertex 42.28 54.5 18
      vertex 70.28 54.5 18
    endloop
  endfacet
  facet normal 0 0 1
    outer loop
      vertex 42.28 54.5 18
      vertex 0 72 18
      vertex 42.28 20.5 18
    endloop
  endfacet
  facet normal -0 0 1
    outer loop
      vertex 0 72 18
      vertex 42.28 54.5 18
      vertex 90 72 18
    endloop
  endfacet
  facet normal 0 0 1
    outer loop
      vertex 90 72 18
      vertex 70.28 20.5 18
      vertex 90 0 18
    endloop
  endfacet
  facet normal -0 0 1
    outer loop
      vertex 42.28 20.5 18
      vertex 90 0 18
      vertex 70.28 20.5 18
    endloop
  endfacet
  facet normal 0 0 1
    outer loop
      vertex 42.28 20.5 18
      vertex 0 0 18
      vertex 90 0 18
    endloop
  endfacet
  facet normal 0 0 1
    outer loop
      vertex 0 0 18
      vertex 42.28 20.5 18
      vertex 0 72 18
    endloop
  endfacet
  facet normal 0 0 -1
    outer loop
      vertex 90 0 0
      vertex 88 2 0
      vertex 90 72 0
    endloop
  endfacet
  facet normal 0 0 -1
    outer loop
      vertex 90 0 0
      vertex 2 2 0
      vertex 88 2 0
    endloop
  endfacet
  facet normal -0 0 -1
    outer loop
      vertex 2 2 0
      vertex 0 0 0
      vertex 2 70 0
    endloop
  endfacet
  facet normal 0 0 -1
    outer loop
      vertex 0 0 0
      vertex 2 2 0
      vertex 90 0 0
    endloop
  endfacet
  facet normal 0 0 -1
    outer loop
      vertex 88 70 0
      vertex 90 72 0
      vertex 88 2 0
    endloop
  endfacet
  facet normal 0 0 -1
    outer loop
      vertex 2 70 0
      vertex 90 72 0
      vertex 88 70 0
    endloop
  endfacet
  facet normal 0 0 -1
    outer loop
      vertex 2 70 0
      vertex 0 72 0
      vertex 90 72 0
    endloop
  endfacet
  facet normal 0 0 -1
    outer loop
      vertex 0 72 0
      vertex 2 70 0
      vertex 0 0 0
    endloop
  endfacet
  facet normal -1 0 0
    outer loop
      vertex 0 0 0
      vertex 0 72 18
      vertex 0 72 0
    endloop
  endfacet
  facet normal -1 -0 0
    outer loop
      vertex 0 72 18
      vertex 0 0 0
      vertex 0 0 18
    endloop
  endfacet
  facet normal 0 1 -0
    outer loop
      vertex 90 72 0
      vertex 0 72 18
      vertex 90 72 18
    endloop
  endfacet
  facet normal 0 1 0
    outer loop
      vertex 0 72 18
      vertex 90 72 0
      vertex 0 72 0
    endloop
  endfacet
  facet normal 0 -1 0
    outer loop
      vertex 16.3436 0 7.83435
      vertex 0 0 18
      vertex 16.025 0 7.85
    endloop
  endfacet
  facet normal 0 -1 0
    outer loop
      vertex 0 0 18
      vertex 15.7064 0 7.83435
      vertex 16.025 0 7.85
    endloop
  endfacet
  facet normal 0 -1 0
    outer loop
      vertex 0 0 18
      vertex 15.391 0 7.78755
      vertex 15.7064 0 7.83435
    endloop
  endfacet
  facet normal 0 -1 0
    outer loop
      vertex 0 0 18
      vertex 15.0816 0 7.71006
      vertex 15.391 0 7.78755
    endloop
  endfacet
  facet normal 0 -1 0
    outer loop
      vertex 0 0 18
      vertex 14.7813 0 7.60261
      vertex 15.0816 0 7.71006
    endloop
  endfacet
  facet normal 0 -1 0
    outer loop
      vertex 0 0 18
      vertex 14.493 0 7.46624
      vertex 14.7813 0 7.60261
    endloop
  endfacet
  facet normal 0 -1 0
    outer loop
      vertex 0 0 18
      vertex 14.2194 0 7.30228
      vertex 14.493 0 7.46624
    endloop
  endfacet
  facet normal 0 -1 0
    outer loop
      vertex 0 0 18
      vertex 13.9632 0 7.11228
      vertex 14.2194 0 7.30228
    endloop
  endfacet
  facet normal 0 -1 0
    outer loop
      vertex 0 0 18
      vertex 13.7269 0 6.8981
      vertex 13.9632 0 7.11228
    endloop
  endfacet
  facet normal 0 -1 0
    outer loop
      vertex 0 0 18
      vertex 13.5127 0 6.66178
      vertex 13.7269 0 6.8981
    endloop
  endfacet
  facet normal 0 -1 0
    outer loop
      vertex 0 0 18
      vertex 13.3227 0 6.4056
      vertex 13.5127 0 6.66178
    endloop
  endfacet
  facet normal 0 -1 0
    outer loop
      vertex 0 0 18
      vertex 13.1588 0 6.13204
      vertex 13.3227 0 6.4056
    endloop
  endfacet
  facet normal 0 -1 0
    outer loop
      vertex 0 0 18
      vertex 13.0224 0 5.84372
      vertex 13.1588 0 6.13204
    endloop
  endfacet
  facet normal 0 -1 0
    outer loop
      vertex 0 0 18
      vertex 12.9149 0 5.54342
      vertex 13.0224 0 5.84372
    endloop
  endfacet
  facet normal 0 -1 0
    outer loop
      vertex 0 0 0
      vertex 12.9149 0 5.54342
      vertex 0 0 18
    endloop
  endfacet
  facet normal 0 -1 0
    outer loop
      vertex 12.9149 0 5.54342
      vertex 0 0 0
      vertex 12.8374 0 5.23404
    endloop
  endfacet
  facet normal 0 -1 0
    outer loop
      vertex 12.8374 0 5.23404
      vertex 0 0 0
      vertex 12.7906 0 4.91856
    endloop
  endfacet
  facet normal 0 -1 0
    outer loop
      vertex 12.7906 0 4.91856
      vertex 0 0 0
      vertex 12.775 0 4.6
    endloop
  endfacet
  facet normal 0 -1 -0
    outer loop
      vertex 12.775 0 4.6
      vertex 0 0 0
      vertex 12.7906 0 4.28144
    endloop
  endfacet
  facet normal 0 -1 -0
    outer loop
      vertex 12.7906 0 4.28144
      vertex 0 0 0
      vertex 12.8374 0 3.96596
    endloop
  endfacet
  facet normal 0 -1 -0
    outer loop
      vertex 12.8374 0 3.96596
      vertex 0 0 0
      vertex 12.9149 0 3.65657
    endloop
  endfacet
  facet normal 0 -1 -0
    outer loop
      vertex 12.9149 0 3.65657
      vertex 0 0 0
      vertex 13.0224 0 3.35628
    endloop
  endfacet
  facet normal 0 -1 -0
    outer loop
      vertex 13.0224 0 3.35628
      vertex 0 0 0
      vertex 13.1588 0 3.06796
    endloop
  endfacet
  facet normal 0 -1 -0
    outer loop
      vertex 13.1588 0 3.06796
      vertex 0 0 0
      vertex 13.3227 0 2.7944
    endloop
  endfacet
  facet normal 0 -1 -0
    outer loop
      vertex 15.7064 0 1.36565
      vertex 0 0 0
      vertex 16.025 0 1.35
    endloop
  endfacet
  facet normal 0 -1 -0
    outer loop
      vertex 15.391 0 1.41245
      vertex 0 0 0
      vertex 15.7064 0 1.36565
    endloop
  endfacet
  facet normal 0 -1 -0
    outer loop
      vertex 15.0816 0 1.48994
      vertex 0 0 0
      vertex 15.391 0 1.41245
    endloop
  endfacet
  facet normal 0 -1 -0
    outer loop
      vertex 14.7813 0 1.59739
      vertex 0 0 0
      vertex 15.0816 0 1.48994
    endloop
  endfacet
  facet normal 0 -1 -0
    outer loop
      vertex 14.493 0 1.73376
      vertex 0 0 0
      vertex 14.7813 0 1.59739
    endloop
  endfacet
  facet normal 0 -1 -0
    outer loop
      vertex 14.2194 0 1.89772
      vertex 0 0 0
      vertex 14.493 0 1.73376
    endloop
  endfacet
  facet normal 0 -1 -0
    outer loop
      vertex 13.9632 0 2.08772
      vertex 0 0 0
      vertex 14.2194 0 1.89772
    endloop
  endfacet
  facet normal 0 -1 -0
    outer loop
      vertex 13.7269 0 2.3019
      vertex 0 0 0
      vertex 13.9632 0 2.08772
    endloop
  endfacet
  facet normal 0 -1 -0
    outer loop
      vertex 13.5127 0 2.53822
      vertex 0 0 0
      vertex 13.7269 0 2.3019
    endloop
  endfacet
  facet normal 0 -1 -0
    outer loop
      vertex 13.3227 0 2.7944
      vertex 0 0 0
      vertex 13.5127 0 2.53822
    endloop
  endfacet
  facet normal 0 -1 0
    outer loop
      vertex 16.659 0 7.78755
      vertex 0 0 18
      vertex 16.3436 0 7.83435
    endloop
  endfacet
  facet normal 0 -1 0
    outer loop
      vertex 16.9684 0 7.71006
      vertex 0 0 18
      vertex 16.659 0 7.78755
    endloop
  endfacet
  facet normal 0 -1 0
    outer loop
      vertex 17.2687 0 7.60261
      vertex 0 0 18
      vertex 16.9684 0 7.71006
    endloop
  endfacet
  facet normal 0 -1 0
    outer loop
      vertex 0 0 18
      vertex 17.2687 0 7.60261
      vertex 90 0 18
    endloop
  endfacet
  facet normal 0 -1 0
    outer loop
      vertex 17.557 0 7.46624
      vertex 90 0 18
      vertex 17.2687 0 7.60261
    endloop
  endfacet
  facet normal 0 -1 0
    outer loop
      vertex 17.8306 0 7.30228
      vertex 90 0 18
      vertex 17.557 0 7.46624
    endloop
  endfacet
  facet normal 0 -1 0
    outer loop
      vertex 18.0868 0 7.11228
      vertex 90 0 18
      vertex 17.8306 0 7.30228
    endloop
  endfacet
  facet normal 0 -1 0
    outer loop
      vertex 18.3231 0 6.8981
      vertex 90 0 18
      vertex 18.0868 0 7.11228
    endloop
  endfacet
  facet normal 0 -1 0
    outer loop
      vertex 18.5373 0 6.66178
      vertex 90 0 18
      vertex 18.3231 0 6.8981
    endloop
  endfacet
  facet normal 0 -1 0
    outer loop
      vertex 18.7273 0 6.4056
      vertex 90 0 18
      vertex 18.5373 0 6.66178
    endloop
  endfacet
  facet normal 0 -1 0
    outer loop
      vertex 18.8912 0 6.13204
      vertex 90 0 18
      vertex 18.7273 0 6.4056
    endloop
  endfacet
  facet normal 0 -1 0
    outer loop
      vertex 19.0276 0 5.84372
      vertex 90 0 18
      vertex 18.8912 0 6.13204
    endloop
  endfacet
  facet normal 0 -1 0
    outer loop
      vertex 19.1351 0 5.54342
      vertex 90 0 18
      vertex 19.0276 0 5.84372
    endloop
  endfacet
  facet normal 0 -1 0
    outer loop
      vertex 19.2126 0 5.23404
      vertex 90 0 18
      vertex 19.1351 0 5.54342
    endloop
  endfacet
  facet normal 0 -1 0
    outer loop
      vertex 19.2593 0 4.91856
      vertex 90 0 18
      vertex 19.2126 0 5.23404
    endloop
  endfacet
  facet normal 0 -1 0
    outer loop
      vertex 90 0 0
      vertex 19.2593 0 4.91856
      vertex 19.275 0 4.6
    endloop
  endfacet
  facet normal 0 -1 0
    outer loop
      vertex 90 0 0
      vertex 19.275 0 4.6
      vertex 19.2593 0 4.28144
    endloop
  endfacet
  facet normal 0 -1 0
    outer loop
      vertex 90 0 0
      vertex 19.2593 0 4.28144
      vertex 19.2126 0 3.96596
    endloop
  endfacet
  facet normal 0 -1 0
    outer loop
      vertex 90 0 0
      vertex 19.2126 0 3.96596
      vertex 19.1351 0 3.65657
    endloop
  endfacet
  facet normal 0 -1 0
    outer loop
      vertex 90 0 0
      vertex 19.1351 0 3.65657
      vertex 19.0276 0 3.35628
    endloop
  endfacet
  facet normal 0 -1 0
    outer loop
      vertex 90 0 0
      vertex 19.0276 0 3.35628
      vertex 18.8912 0 3.06796
    endloop
  endfacet
  facet normal 0 -1 0
    outer loop
      vertex 90 0 0
      vertex 18.8912 0 3.06796
      vertex 18.7273 0 2.7944
    endloop
  endfacet
  facet normal 0 -1 0
    outer loop
      vertex 90 0 0
      vertex 18.7273 0 2.7944
      vertex 18.5373 0 2.53822
    endloop
  endfacet
  facet normal 0 -1 0
    outer loop
      vertex 90 0 0
      vertex 18.5373 0 2.53822
      vertex 18.3231 0 2.3019
    endloop
  endfacet
  facet normal 0 -1 0
    outer loop
      vertex 90 0 0
      vertex 18.3231 0 2.3019
      vertex 18.0868 0 2.08772
    endloop
  endfacet
  facet normal 0 -1 0
    outer loop
      vertex 90 0 0
      vertex 18.0868 0 2.08772
      vertex 17.8306 0 1.89772
    endloop
  endfacet
  facet normal 0 -1 0
    outer loop
      vertex 90 0 0
      vertex 17.8306 0 1.89772
      vertex 17.557 0 1.73376
    endloop
  endfacet
  facet normal 0 -1 0
    outer loop
      vertex 90 0 0
      vertex 17.557 0 1.73376
      vertex 17.2687 0 1.59739
    endloop
  endfacet
  facet normal 0 -1 0
    outer loop
      vertex 90 0 0
      vertex 17.2687 0 1.59739
      vertex 16.9684 0 1.48994
    endloop
  endfacet
  facet normal 0 -1 0
    outer loop
      vertex 90 0 0
      vertex 16.9684 0 1.48994
      vertex 16.659 0 1.41245
    endloop
  endfacet
  facet normal 0 -1 0
    outer loop
      vertex 0 0 0
      vertex 16.3436 0 1.36565
      vertex 16.025 0 1.35
    endloop
  endfacet
  facet normal 0 -1 0
    outer loop
      vertex 19.2593 0 4.91856
      vertex 90 0 0
      vertex 90 0 18
    endloop
  endfacet
  facet normal 0 -1 0
    outer loop
      vertex 16.3436 0 1.36565
      vertex 90 0 0
      vertex 16.659 0 1.41245
    endloop
  endfacet
  facet normal 0 -1 0
    outer loop
      vertex 90 0 0
      vertex 16.3436 0 1.36565
      vertex 0 0 0
    endloop
  endfacet
  facet normal -1 0 0
    outer loop
      vertex 88 70 0
      vertex 88 55.5 10.6
      vertex 88 70 16
    endloop
  endfacet
  facet normal -1 0 0
    outer loop
      vertex 88 70 0
      vertex 88 45.5 10.6
      vertex 88 55.5 10.6
    endloop
  endfacet
  facet normal -1 0 0
    outer loop
      vertex 88 32.3654 3.69603
      vertex 88 45.5 10.6
      vertex 88 32.375 3.5
    endloop
  endfacet
  facet normal -1 0 0
    outer loop
      vertex 88 31.921 2.23121
      vertex 88 45.5 10.6
      vertex 88 70 0
    endloop
  endfacet
  facet normal -1 0 0
    outer loop
      vertex 88 45.5 10.6
      vertex 88 32.3654 3.30397
      vertex 88 32.375 3.5
    endloop
  endfacet
  facet normal -1 0 0
    outer loop
      vertex 88 45.5 10.6
      vertex 88 32.3366 3.10982
      vertex 88 32.3654 3.30397
    endloop
  endfacet
  facet normal -1 0 0
    outer loop
      vertex 88 45.5 10.6
      vertex 88 32.2889 2.91943
      vertex 88 32.3366 3.10982
    endloop
  endfacet
  facet normal -1 0 0
    outer loop
      vertex 88 45.5 10.6
      vertex 88 32.2228 2.73463
      vertex 88 32.2889 2.91943
    endloop
  endfacet
  facet normal -1 0 0
    outer loop
      vertex 88 45.5 10.6
      vertex 88 32.1388 2.55721
      vertex 88 32.2228 2.73463
    endloop
  endfacet
  facet normal -1 0 0
    outer loop
      vertex 88 45.5 10.6
      vertex 88 32.0379 2.38886
      vertex 88 32.1388 2.55721
    endloop
  endfacet
  facet normal -1 0 0
    outer loop
      vertex 88 45.5 10.6
      vertex 88 31.921 2.23121
      vertex 88 32.0379 2.38886
    endloop
  endfacet
  facet normal -1 0 0
    outer loop
      vertex 88 70 0
      vertex 88 31.7892 2.08579
      vertex 88 31.921 2.23121
    endloop
  endfacet
  facet normal -1 0 0
    outer loop
      vertex 88 70 0
      vertex 88 31.6438 1.95398
      vertex 88 31.7892 2.08579
    endloop
  endfacet
  facet normal -1 0 0
    outer loop
      vertex 88 70 0
      vertex 88 31.4861 1.83706
      vertex 88 31.6438 1.95398
    endloop
  endfacet
  facet normal -1 0 0
    outer loop
      vertex 88 70 0
      vertex 88 31.3178 1.73616
      vertex 88 31.4861 1.83706
    endloop
  endfacet
  facet normal -1 0 0
    outer loop
      vertex 88 70 0
      vertex 88 31.1404 1.65224
      vertex 88 31.3178 1.73616
    endloop
  endfacet
  facet normal -1 0 0
    outer loop
      vertex 88 70 0
      vertex 88 30.9556 1.58612
      vertex 88 31.1404 1.65224
    endloop
  endfacet
  facet normal -1 0 0
    outer loop
      vertex 88 70 0
      vertex 88 30.7652 1.53843
      vertex 88 30.9556 1.58612
    endloop
  endfacet
  facet normal -1 0 0
    outer loop
      vertex 88 70 0
      vertex 88 30.571 1.50963
      vertex 88 30.7652 1.53843
    endloop
  endfacet
  facet normal -1 0 0
    outer loop
      vertex 88 70 0
      vertex 88 30.375 1.5
      vertex 88 30.571 1.50963
    endloop
  endfacet
  facet normal -1 0 0
    outer loop
      vertex 88 28.3846 3.30397
      vertex 88 19.875 3.5
      vertex 88 28.375 3.5
    endloop
  endfacet
  facet normal -1 0 0
    outer loop
      vertex 88 19.8654 3.30397
      vertex 88 28.3846 3.30397
      vertex 88 28.4134 3.10982
    endloop
  endfacet
  facet normal -1 0 0
    outer loop
      vertex 88 19.8366 3.10982
      vertex 88 28.4134 3.10982
      vertex 88 28.4611 2.91943
    endloop
  endfacet
  facet normal -1 0 0
    outer loop
      vertex 88 19.7889 2.91943
      vertex 88 28.4611 2.91943
      vertex 88 28.5272 2.73463
    endloop
  endfacet
  facet normal -1 0 0
    outer loop
      vertex 88 19.7228 2.73463
      vertex 88 28.5272 2.73463
      vertex 88 28.6112 2.55721
    endloop
  endfacet
  facet normal -1 0 0
    outer loop
      vertex 88 19.6388 2.55721
      vertex 88 28.6112 2.55721
      vertex 88 28.7121 2.38886
    endloop
  endfacet
  facet normal -1 0 0
    outer loop
      vertex 88 19.5379 2.38886
      vertex 88 28.7121 2.38886
      vertex 88 28.829 2.23121
    endloop
  endfacet
  facet normal -1 0 0
    outer loop
      vertex 88 19.421 2.23121
      vertex 88 28.829 2.23121
      vertex 88 28.9608 2.08579
    endloop
  endfacet
  facet normal -1 0 0
    outer loop
      vertex 88 19.2892 2.08579
      vertex 88 28.9608 2.08579
      vertex 88 29.1062 1.95398
    endloop
  endfacet
  facet normal -1 0 0
    outer loop
      vertex 88 19.1438 1.95398
      vertex 88 29.1062 1.95398
      vertex 88 29.2639 1.83706
    endloop
  endfacet
  facet normal -1 0 0
    outer loop
      vertex 88 18.9861 1.83706
      vertex 88 29.2639 1.83706
      vertex 88 29.4322 1.73616
    endloop
  endfacet
  facet normal -1 0 0
    outer loop
      vertex 88 18.8178 1.73616
      vertex 88 29.4322 1.73616
      vertex 88 29.6096 1.65224
    endloop
  endfacet
  facet normal -1 0 0
    outer loop
      vertex 88 18.6404 1.65224
      vertex 88 29.6096 1.65224
      vertex 88 29.7944 1.58612
    endloop
  endfacet
  facet normal -1 0 0
    outer loop
      vertex 88 18.4556 1.58612
      vertex 88 29.7944 1.58612
      vertex 88 29.9848 1.53843
    endloop
  endfacet
  facet normal -1 0 0
    outer loop
      vertex 88 28.3846 3.30397
      vertex 88 19.8654 3.30397
      vertex 88 19.875 3.5
    endloop
  endfacet
  facet normal -1 0 0
    outer loop
      vertex 88 28.4134 3.10982
      vertex 88 19.8366 3.10982
      vertex 88 19.8654 3.30397
    endloop
  endfacet
  facet normal -1 0 0
    outer loop
      vertex 88 28.4611 2.91943
      vertex 88 19.7889 2.91943
      vertex 88 19.8366 3.10982
    endloop
  endfacet
  facet normal -1 0 0
    outer loop
      vertex 88 18.2652 1.53843
      vertex 88 29.9848 1.53843
      vertex 88 30.179 1.50963
    endloop
  endfacet
  facet normal -1 0 0
    outer loop
      vertex 88 28.5272 2.73463
      vertex 88 19.7228 2.73463
      vertex 88 19.7889 2.91943
    endloop
  endfacet
  facet normal -1 0 0
    outer loop
      vertex 88 28.6112 2.55721
      vertex 88 19.6388 2.55721
      vertex 88 19.7228 2.73463
    endloop
  endfacet
  facet normal -1 0 0
    outer loop
      vertex 88 28.7121 2.38886
      vertex 88 19.5379 2.38886
      vertex 88 19.6388 2.55721
    endloop
  endfacet
  facet normal -1 0 0
    outer loop
      vertex 88 28.829 2.23121
      vertex 88 19.421 2.23121
      vertex 88 19.5379 2.38886
    endloop
  endfacet
  facet normal -1 0 0
    outer loop
      vertex 88 28.9608 2.08579
      vertex 88 19.2892 2.08579
      vertex 88 19.421 2.23121
    endloop
  endfacet
  facet normal -1 0 0
    outer loop
      vertex 88 29.1062 1.95398
      vertex 88 19.1438 1.95398
      vertex 88 19.2892 2.08579
    endloop
  endfacet
  facet normal -1 0 0
    outer loop
      vertex 88 18.071 1.50963
      vertex 88 30.179 1.50963
      vertex 88 30.375 1.5
    endloop
  endfacet
  facet normal -1 0 0
    outer loop
      vertex 88 29.2639 1.83706
      vertex 88 18.9861 1.83706
      vertex 88 19.1438 1.95398
    endloop
  endfacet
  facet normal -1 0 0
    outer loop
      vertex 88 2 0
      vertex 88 30.375 1.5
      vertex 88 70 0
    endloop
  endfacet
  facet normal -1 0 0
    outer loop
      vertex 88 29.4322 1.73616
      vertex 88 18.8178 1.73616
      vertex 88 18.9861 1.83706
    endloop
  endfacet
  facet normal -1 0 0
    outer loop
      vertex 88 29.6096 1.65224
      vertex 88 18.6404 1.65224
      vertex 88 18.8178 1.73616
    endloop
  endfacet
  facet normal -1 0 0
    outer loop
      vertex 88 29.7944 1.58612
      vertex 88 18.4556 1.58612
      vertex 88 18.6404 1.65224
    endloop
  endfacet
  facet normal -1 0 0
    outer loop
      vertex 88 29.9848 1.53843
      vertex 88 18.2652 1.53843
      vertex 88 18.4556 1.58612
    endloop
  endfacet
  facet normal -1 0 0
    outer loop
      vertex 88 30.179 1.50963
      vertex 88 18.071 1.50963
      vertex 88 18.2652 1.53843
    endloop
  endfacet
  facet normal -1 -0 0
    outer loop
      vertex 88 30.375 1.5
      vertex 88 2 0
      vertex 88 18.071 1.50963
    endloop
  endfacet
  facet normal -1 -0 0
    outer loop
      vertex 88 15.8846 3.30397
      vertex 88 2 0
      vertex 88 15.875 3.5
    endloop
  endfacet
  facet normal -1 -0 0
    outer loop
      vertex 88 15.9134 3.10982
      vertex 88 2 0
      vertex 88 15.8846 3.30397
    endloop
  endfacet
  facet normal -1 -0 0
    outer loop
      vertex 88 15.9611 2.91943
      vertex 88 2 0
      vertex 88 15.9134 3.10982
    endloop
  endfacet
  facet normal -1 -0 0
    outer loop
      vertex 88 16.0272 2.73463
      vertex 88 2 0
      vertex 88 15.9611 2.91943
    endloop
  endfacet
  facet normal -1 -0 0
    outer loop
      vertex 88 16.1112 2.55721
      vertex 88 2 0
      vertex 88 16.0272 2.73463
    endloop
  endfacet
  facet normal -1 -0 0
    outer loop
      vertex 88 16.2121 2.38886
      vertex 88 2 0
      vertex 88 16.1112 2.55721
    endloop
  endfacet
  facet normal -1 -0 0
    outer loop
      vertex 88 16.329 2.23121
      vertex 88 2 0
      vertex 88 16.2121 2.38886
    endloop
  endfacet
  facet normal -1 -0 0
    outer loop
      vertex 88 16.4608 2.08579
      vertex 88 2 0
      vertex 88 16.329 2.23121
    endloop
  endfacet
  facet normal -1 -0 0
    outer loop
      vertex 88 16.6062 1.95398
      vertex 88 2 0
      vertex 88 16.4608 2.08579
    endloop
  endfacet
  facet normal -1 -0 0
    outer loop
      vertex 88 16.7639 1.83706
      vertex 88 2 0
      vertex 88 16.6062 1.95398
    endloop
  endfacet
  facet normal -1 -0 0
    outer loop
      vertex 88 16.9322 1.73616
      vertex 88 2 0
      vertex 88 16.7639 1.83706
    endloop
  endfacet
  facet normal -1 -0 0
    outer loop
      vertex 88 17.1096 1.65224
      vertex 88 2 0
      vertex 88 16.9322 1.73616
    endloop
  endfacet
  facet normal -1 -0 0
    outer loop
      vertex 88 17.2944 1.58612
      vertex 88 2 0
      vertex 88 17.1096 1.65224
    endloop
  endfacet
  facet normal -1 -0 0
    outer loop
      vertex 88 17.4848 1.53843
      vertex 88 2 0
      vertex 88 17.2944 1.58612
    endloop
  endfacet
  facet normal -1 -0 0
    outer loop
      vertex 88 17.679 1.50963
      vertex 88 2 0
      vertex 88 17.4848 1.53843
    endloop
  endfacet
  facet normal -1 -0 0
    outer loop
      vertex 88 17.875 1.5
      vertex 88 2 0
      vertex 88 17.679 1.50963
    endloop
  endfacet
  facet normal -1 0 0
    outer loop
      vertex 88 18.071 1.50963
      vertex 88 2 0
      vertex 88 17.875 1.5
    endloop
  endfacet
  facet normal -1 0 0
    outer loop
      vertex 88 55.5 14.6
      vertex 88 70 16
      vertex 88 55.5 10.6
    endloop
  endfacet
  facet normal -1 0 0
    outer loop
      vertex 88 45.5 14.6
      vertex 88 70 16
      vertex 88 55.5 14.6
    endloop
  endfacet
  facet normal -1 0 0
    outer loop
      vertex 88 32.3366 3.89018
      vertex 88 45.5 10.6
      vertex 88 32.3654 3.69603
    endloop
  endfacet
  facet normal -1 0 0
    outer loop
      vertex 88 32.2889 4.08057
      vertex 88 45.5 10.6
      vertex 88 32.3366 3.89018
    endloop
  endfacet
  facet normal -1 0 0
    outer loop
      vertex 88 32.2228 4.26537
      vertex 88 45.5 10.6
      vertex 88 32.2889 4.08057
    endloop
  endfacet
  facet normal -1 0 0
    outer loop
      vertex 88 32.1388 4.44279
      vertex 88 45.5 10.6
      vertex 88 32.2228 4.26537
    endloop
  endfacet
  facet normal -1 0 0
    outer loop
      vertex 88 32.0379 4.61114
      vertex 88 45.5 10.6
      vertex 88 32.1388 4.44279
    endloop
  endfacet
  facet normal -1 0 0
    outer loop
      vertex 88 31.921 4.76879
      vertex 88 45.5 10.6
      vertex 88 32.0379 4.61114
    endloop
  endfacet
  facet normal -1 0 0
    outer loop
      vertex 88 31.7892 4.91421
      vertex 88 45.5 10.6
      vertex 88 31.921 4.76879
    endloop
  endfacet
  facet normal -1 0 0
    outer loop
      vertex 88 31.6438 5.04602
      vertex 88 45.5 10.6
      vertex 88 31.7892 4.91421
    endloop
  endfacet
  facet normal -1 0 0
    outer loop
      vertex 88 31.4861 5.16294
      vertex 88 45.5 10.6
      vertex 88 31.6438 5.04602
    endloop
  endfacet
  facet normal -1 -0 0
    outer loop
      vertex 88 45.5 10.6
      vertex 88 31.4861 5.16294
      vertex 88 45.5 14.6
    endloop
  endfacet
  facet normal -1 0 0
    outer loop
      vertex 88 31.3178 5.26384
      vertex 88 45.5 14.6
      vertex 88 31.4861 5.16294
    endloop
  endfacet
  facet normal -1 0 0
    outer loop
      vertex 88 31.1404 5.34776
      vertex 88 45.5 14.6
      vertex 88 31.3178 5.26384
    endloop
  endfacet
  facet normal -1 0 0
    outer loop
      vertex 88 30.9556 5.41388
      vertex 88 45.5 14.6
      vertex 88 31.1404 5.34776
    endloop
  endfacet
  facet normal -1 0 0
    outer loop
      vertex 88 30.7652 5.46157
      vertex 88 45.5 14.6
      vertex 88 30.9556 5.41388
    endloop
  endfacet
  facet normal -1 0 0
    outer loop
      vertex 88 30.571 5.49037
      vertex 88 45.5 14.6
      vertex 88 30.7652 5.46157
    endloop
  endfacet
  facet normal -1 0 0
    outer loop
      vertex 88 30.375 5.5
      vertex 88 45.5 14.6
      vertex 88 30.571 5.49037
    endloop
  endfacet
  facet normal -1 0 0
    outer loop
      vertex 88 30.179 5.49037
      vertex 88 45.5 14.6
      vertex 88 30.375 5.5
    endloop
  endfacet
  facet normal -1 0 0
    outer loop
      vertex 88 29.9848 5.46157
      vertex 88 45.5 14.6
      vertex 88 30.179 5.49037
    endloop
  endfacet
  facet normal -1 0 0
    outer loop
      vertex 88 18.2652 5.46157
      vertex 88 29.9848 5.46157
      vertex 88 29.7944 5.41388
    endloop
  endfacet
  facet normal -1 0 0
    outer loop
      vertex 88 18.4556 5.41388
      vertex 88 29.7944 5.41388
      vertex 88 29.6096 5.34776
    endloop
  endfacet
  facet normal -1 0 0
    outer loop
      vertex 88 18.6404 5.34776
      vertex 88 29.6096 5.34776
      vertex 88 29.4322 5.26384
    endloop
  endfacet
  facet normal -1 0 0
    outer loop
      vertex 88 19.875 3.5
      vertex 88 28.3846 3.69603
      vertex 88 28.375 3.5
    endloop
  endfacet
  facet normal -1 0 0
    outer loop
      vertex 88 19.8654 3.69603
      vertex 88 28.3846 3.69603
      vertex 88 19.875 3.5
    endloop
  endfacet
  facet normal -1 0 0
    outer loop
      vertex 88 28.3846 3.69603
      vertex 88 19.8654 3.69603
      vertex 88 28.4134 3.89018
    endloop
  endfacet
  facet normal -1 0 0
    outer loop
      vertex 88 19.8366 3.89018
      vertex 88 28.4134 3.89018
      vertex 88 19.8654 3.69603
    endloop
  endfacet
  facet normal -1 0 0
    outer loop
      vertex 88 28.4134 3.89018
      vertex 88 19.8366 3.89018
      vertex 88 28.4611 4.08057
    endloop
  endfacet
  facet normal -1 0 0
    outer loop
      vertex 88 19.7889 4.08057
      vertex 88 28.4611 4.08057
      vertex 88 19.8366 3.89018
    endloop
  endfacet
  facet normal -1 0 0
    outer loop
      vertex 88 28.4611 4.08057
      vertex 88 19.7889 4.08057
      vertex 88 28.5272 4.26537
    endloop
  endfacet
  facet normal -1 0 0
    outer loop
      vertex 88 19.7228 4.26537
      vertex 88 28.5272 4.26537
      vertex 88 19.7889 4.08057
    endloop
  endfacet
  facet normal -1 0 0
    outer loop
      vertex 88 28.5272 4.26537
      vertex 88 19.7228 4.26537
      vertex 88 28.6112 4.44279
    endloop
  endfacet
  facet normal -1 0 0
    outer loop
      vertex 88 19.6388 4.44279
      vertex 88 28.6112 4.44279
      vertex 88 19.7228 4.26537
    endloop
  endfacet
  facet normal -1 0 0
    outer loop
      vertex 88 28.6112 4.44279
      vertex 88 19.6388 4.44279
      vertex 88 28.7121 4.61114
    endloop
  endfacet
  facet normal -1 0 0
    outer loop
      vertex 88 19.5379 4.61114
      vertex 88 28.7121 4.61114
      vertex 88 19.6388 4.44279
    endloop
  endfacet
  facet normal -1 0 0
    outer loop
      vertex 88 28.7121 4.61114
      vertex 88 19.5379 4.61114
      vertex 88 28.829 4.76879
    endloop
  endfacet
  facet normal -1 0 0
    outer loop
      vertex 88 19.421 4.76879
      vertex 88 28.829 4.76879
      vertex 88 19.5379 4.61114
    endloop
  endfacet
  facet normal -1 0 0
    outer loop
      vertex 88 28.829 4.76879
      vertex 88 19.421 4.76879
      vertex 88 28.9608 4.91421
    endloop
  endfacet
  facet normal -1 0 0
    outer loop
      vertex 88 19.2892 4.91421
      vertex 88 28.9608 4.91421
      vertex 88 19.421 4.76879
    endloop
  endfacet
  facet normal -1 0 0
    outer loop
      vertex 88 28.9608 4.91421
      vertex 88 19.2892 4.91421
      vertex 88 29.1062 5.04602
    endloop
  endfacet
  facet normal -1 0 0
    outer loop
      vertex 88 19.1438 5.04602
      vertex 88 29.1062 5.04602
      vertex 88 19.2892 4.91421
    endloop
  endfacet
  facet normal -1 0 0
    outer loop
      vertex 88 29.1062 5.04602
      vertex 88 19.1438 5.04602
      vertex 88 29.2639 5.16294
    endloop
  endfacet
  facet normal -1 0 0
    outer loop
      vertex 88 18.9861 5.16294
      vertex 88 29.2639 5.16294
      vertex 88 19.1438 5.04602
    endloop
  endfacet
  facet normal -1 0 0
    outer loop
      vertex 88 29.2639 5.16294
      vertex 88 18.9861 5.16294
      vertex 88 29.4322 5.26384
    endloop
  endfacet
  facet normal -1 0 0
    outer loop
      vertex 88 18.8178 5.26384
      vertex 88 29.4322 5.26384
      vertex 88 18.9861 5.16294
    endloop
  endfacet
  facet normal -1 0 0
    outer loop
      vertex 88 18.6404 5.34776
      vertex 88 29.4322 5.26384
      vertex 88 18.8178 5.26384
    endloop
  endfacet
  facet normal -1 0 0
    outer loop
      vertex 88 29.6096 5.34776
      vertex 88 18.6404 5.34776
      vertex 88 18.4556 5.41388
    endloop
  endfacet
  facet normal -1 0 0
    outer loop
      vertex 88 29.7944 5.41388
      vertex 88 18.4556 5.41388
      vertex 88 18.2652 5.46157
    endloop
  endfacet
  facet normal -1 0 0
    outer loop
      vertex 88 2 16
      vertex 88 29.9848 5.46157
      vertex 88 18.2652 5.46157
    endloop
  endfacet
  facet normal -1 0 0
    outer loop
      vertex 88 2 16
      vertex 88 18.2652 5.46157
      vertex 88 18.071 5.49037
    endloop
  endfacet
  facet normal -1 0 0
    outer loop
      vertex 88 2 16
      vertex 88 18.071 5.49037
      vertex 88 17.875 5.5
    endloop
  endfacet
  facet normal -1 0 0
    outer loop
      vertex 88 2 16
      vertex 88 17.875 5.5
      vertex 88 17.679 5.49037
    endloop
  endfacet
  facet normal -1 0 0
    outer loop
      vertex 88 2 16
      vertex 88 17.679 5.49037
      vertex 88 17.4848 5.46157
    endloop
  endfacet
  facet normal -1 0 0
    outer loop
      vertex 88 2 16
      vertex 88 17.4848 5.46157
      vertex 88 17.2944 5.41388
    endloop
  endfacet
  facet normal -1 0 0
    outer loop
      vertex 88 2 0
      vertex 88 15.8846 3.69603
      vertex 88 15.875 3.5
    endloop
  endfacet
  facet normal -1 0 0
    outer loop
      vertex 88 2 0
      vertex 88 15.9134 3.89018
      vertex 88 15.8846 3.69603
    endloop
  endfacet
  facet normal -1 0 0
    outer loop
      vertex 88 2 0
      vertex 88 15.9611 4.08057
      vertex 88 15.9134 3.89018
    endloop
  endfacet
  facet normal -1 0 0
    outer loop
      vertex 88 2 0
      vertex 88 16.0272 4.26537
      vertex 88 15.9611 4.08057
    endloop
  endfacet
  facet normal -1 0 0
    outer loop
      vertex 88 2 16
      vertex 88 16.0272 4.26537
      vertex 88 2 0
    endloop
  endfacet
  facet normal -1 0 0
    outer loop
      vertex 88 16.0272 4.26537
      vertex 88 2 16
      vertex 88 16.1112 4.44279
    endloop
  endfacet
  facet normal -1 0 0
    outer loop
      vertex 88 16.1112 4.44279
      vertex 88 2 16
      vertex 88 16.2121 4.61114
    endloop
  endfacet
  facet normal -1 0 0
    outer loop
      vertex 88 16.2121 4.61114
      vertex 88 2 16
      vertex 88 16.329 4.76879
    endloop
  endfacet
  facet normal -1 0 0
    outer loop
      vertex 88 16.329 4.76879
      vertex 88 2 16
      vertex 88 16.4608 4.91421
    endloop
  endfacet
  facet normal -1 0 0
    outer loop
      vertex 88 16.4608 4.91421
      vertex 88 2 16
      vertex 88 16.6062 5.04602
    endloop
  endfacet
  facet normal -1 0 0
    outer loop
      vertex 88 16.6062 5.04602
      vertex 88 2 16
      vertex 88 16.7639 5.16294
    endloop
  endfacet
  facet normal -1 0 0
    outer loop
      vertex 88 16.7639 5.16294
      vertex 88 2 16
      vertex 88 16.9322 5.26384
    endloop
  endfacet
  facet normal -1 0 0
    outer loop
      vertex 88 16.9322 5.26384
      vertex 88 2 16
      vertex 88 17.1096 5.34776
    endloop
  endfacet
  facet normal -1 0 0
    outer loop
      vertex 88 45.5 14.6
      vertex 88 2 16
      vertex 88 70 16
    endloop
  endfacet
  facet normal -1 0 0
    outer loop
      vertex 88 29.9848 5.46157
      vertex 88 2 16
      vertex 88 45.5 14.6
    endloop
  endfacet
  facet normal -1 0 0
    outer loop
      vertex 88 17.1096 5.34776
      vertex 88 2 16
      vertex 88 17.2944 5.41388
    endloop
  endfacet
  facet normal 0 0 -1
    outer loop
      vertex 88 2 16
      vertex 70.28 20.5 16
      vertex 88 70 16
    endloop
  endfacet
  facet normal 0 0 -1
    outer loop
      vertex 88 2 16
      vertex 42.28 20.5 16
      vertex 70.28 20.5 16
    endloop
  endfacet
  facet normal 0 0 -1
    outer loop
      vertex 2 70 16
      vertex 42.28 20.5 16
      vertex 2 2 16
    endloop
  endfacet
  facet normal 0 0 -1
    outer loop
      vertex 2 2 16
      vertex 42.28 20.5 16
      vertex 88 2 16
    endloop
  endfacet
  facet normal 0 0 -1
    outer loop
      vertex 70.28 54.5 16
      vertex 88 70 16
      vertex 70.28 20.5 16
    endloop
  endfacet
  facet normal 0 0 -1
    outer loop
      vertex 42.28 54.5 16
      vertex 88 70 16
      vertex 70.28 54.5 16
    endloop
  endfacet
  facet normal 0 0 -1
    outer loop
      vertex 42.28 54.5 16
      vertex 2 70 16
      vertex 88 70 16
    endloop
  endfacet
  facet normal 0 0 -1
    outer loop
      vertex 42.28 20.5 16
      vertex 2 70 16
      vertex 42.28 54.5 16
    endloop
  endfacet
  facet normal 1 -0 0
    outer loop
      vertex 2 2 16
      vertex 2 70 0
      vertex 2 70 16
    endloop
  endfacet
  facet normal 1 0 0
    outer loop
      vertex 2 70 0
      vertex 2 2 16
      vertex 2 2 0
    endloop
  endfacet
  facet normal 0 -1 0
    outer loop
      vertex 2 70 0
      vertex 88 70 16
      vertex 2 70 16
    endloop
  endfacet
  facet normal 0 -1 -0
    outer loop
      vertex 88 70 16
      vertex 2 70 0
      vertex 88 70 0
    endloop
  endfacet
  facet normal 0 1 -0
    outer loop
      vertex 17.2687 2 7.60261
      vertex 2 2 16
      vertex 88 2 16
    endloop
  endfacet
  facet normal 0 1 0
    outer loop
      vertex 2 2 16
      vertex 16.3436 2 7.83435
      vertex 16.025 2 7.85
    endloop
  endfacet
  facet normal 0 1 0
    outer loop
      vertex 2 2 16
      vertex 16.659 2 7.78755
      vertex 16.3436 2 7.83435
    endloop
  endfacet
  facet normal 0 1 0
    outer loop
      vertex 2 2 16
      vertex 16.9684 2 7.71006
      vertex 16.659 2 7.78755
    endloop
  endfacet
  facet normal 0 1 0
    outer loop
      vertex 2 2 16
      vertex 17.2687 2 7.60261
      vertex 16.9684 2 7.71006
    endloop
  endfacet
  facet normal 0 1 0
    outer loop
      vertex 88 2 16
      vertex 17.557 2 7.46624
      vertex 17.2687 2 7.60261
    endloop
  endfacet
  facet normal 0 1 0
    outer loop
      vertex 88 2 16
      vertex 17.8306 2 7.30228
      vertex 17.557 2 7.46624
    endloop
  endfacet
  facet normal 0 1 0
    outer loop
      vertex 88 2 16
      vertex 18.0868 2 7.11228
      vertex 17.8306 2 7.30228
    endloop
  endfacet
  facet normal 0 1 0
    outer loop
      vertex 88 2 16
      vertex 18.3231 2 6.8981
      vertex 18.0868 2 7.11228
    endloop
  endfacet
  facet normal 0 1 0
    outer loop
      vertex 88 2 16
      vertex 18.5373 2 6.66178
      vertex 18.3231 2 6.8981
    endloop
  endfacet
  facet normal 0 1 0
    outer loop
      vertex 88 2 16
      vertex 18.7273 2 6.4056
      vertex 18.5373 2 6.66178
    endloop
  endfacet
  facet normal 0 1 0
    outer loop
      vertex 88 2 16
      vertex 18.8912 2 6.13204
      vertex 18.7273 2 6.4056
    endloop
  endfacet
  facet normal 0 1 0
    outer loop
      vertex 88 2 16
      vertex 19.0276 2 5.84372
      vertex 18.8912 2 6.13204
    endloop
  endfacet
  facet normal 0 1 0
    outer loop
      vertex 88 2 16
      vertex 19.1351 2 5.54342
      vertex 19.0276 2 5.84372
    endloop
  endfacet
  facet normal 0 1 0
    outer loop
      vertex 88 2 16
      vertex 19.2126 2 5.23404
      vertex 19.1351 2 5.54342
    endloop
  endfacet
  facet normal 0 1 0
    outer loop
      vertex 88 2 16
      vertex 19.2593 2 4.91856
      vertex 19.2126 2 5.23404
    endloop
  endfacet
  facet normal 0 1 -0
    outer loop
      vertex 88 2 0
      vertex 19.2593 2 4.91856
      vertex 88 2 16
    endloop
  endfacet
  facet normal 0 1 0
    outer loop
      vertex 19.2593 2 4.91856
      vertex 88 2 0
      vertex 19.275 2 4.6
    endloop
  endfacet
  facet normal 0 1 0
    outer loop
      vertex 19.275 2 4.6
      vertex 88 2 0
      vertex 19.2593 2 4.28144
    endloop
  endfacet
  facet normal 0 1 0
    outer loop
      vertex 19.2593 2 4.28144
      vertex 88 2 0
      vertex 19.2126 2 3.96596
    endloop
  endfacet
  facet normal 0 1 0
    outer loop
      vertex 19.2126 2 3.96596
      vertex 88 2 0
      vertex 19.1351 2 3.65657
    endloop
  endfacet
  facet normal 0 1 0
    outer loop
      vertex 19.1351 2 3.65657
      vertex 88 2 0
      vertex 19.0276 2 3.35628
    endloop
  endfacet
  facet normal 0 1 0
    outer loop
      vertex 19.0276 2 3.35628
      vertex 88 2 0
      vertex 18.8912 2 3.06796
    endloop
  endfacet
  facet normal 0 1 0
    outer loop
      vertex 18.8912 2 3.06796
      vertex 88 2 0
      vertex 18.7273 2 2.7944
    endloop
  endfacet
  facet normal 0 1 0
    outer loop
      vertex 18.7273 2 2.7944
      vertex 88 2 0
      vertex 18.5373 2 2.53822
    endloop
  endfacet
  facet normal 0 1 0
    outer loop
      vertex 18.5373 2 2.53822
      vertex 88 2 0
      vertex 18.3231 2 2.3019
    endloop
  endfacet
  facet normal 0 1 0
    outer loop
      vertex 18.3231 2 2.3019
      vertex 88 2 0
      vertex 18.0868 2 2.08772
    endloop
  endfacet
  facet normal 0 1 0
    outer loop
      vertex 18.0868 2 2.08772
      vertex 88 2 0
      vertex 17.8306 2 1.89772
    endloop
  endfacet
  facet normal 0 1 0
    outer loop
      vertex 17.8306 2 1.89772
      vertex 88 2 0
      vertex 17.557 2 1.73376
    endloop
  endfacet
  facet normal 0 1 0
    outer loop
      vertex 17.557 2 1.73376
      vertex 88 2 0
      vertex 17.2687 2 1.59739
    endloop
  endfacet
  facet normal 0 1 0
    outer loop
      vertex 17.2687 2 1.59739
      vertex 88 2 0
      vertex 16.9684 2 1.48994
    endloop
  endfacet
  facet normal 0 1 0
    outer loop
      vertex 2 2 0
      vertex 16.3436 2 1.36565
      vertex 88 2 0
    endloop
  endfacet
  facet normal 0 1 0
    outer loop
      vertex 16.659 2 1.41245
      vertex 88 2 0
      vertex 16.3436 2 1.36565
    endloop
  endfacet
  facet normal 0 1 0
    outer loop
      vertex 16.9684 2 1.48994
      vertex 88 2 0
      vertex 16.659 2 1.41245
    endloop
  endfacet
  facet normal 0 1 -0
    outer loop
      vertex 15.7064 2 7.83435
      vertex 2 2 16
      vertex 16.025 2 7.85
    endloop
  endfacet
  facet normal 0 1 -0
    outer loop
      vertex 15.391 2 7.78755
      vertex 2 2 16
      vertex 15.7064 2 7.83435
    endloop
  endfacet
  facet normal 0 1 -0
    outer loop
      vertex 15.0816 2 7.71006
      vertex 2 2 16
      vertex 15.391 2 7.78755
    endloop
  endfacet
  facet normal 0 1 -0
    outer loop
      vertex 14.7813 2 7.60261
      vertex 2 2 16
      vertex 15.0816 2 7.71006
    endloop
  endfacet
  facet normal 0 1 -0
    outer loop
      vertex 14.493 2 7.46624
      vertex 2 2 16
      vertex 14.7813 2 7.60261
    endloop
  endfacet
  facet normal 0 1 -0
    outer loop
      vertex 14.2194 2 7.30228
      vertex 2 2 16
      vertex 14.493 2 7.46624
    endloop
  endfacet
  facet normal 0 1 -0
    outer loop
      vertex 13.9632 2 7.11228
      vertex 2 2 16
      vertex 14.2194 2 7.30228
    endloop
  endfacet
  facet normal 0 1 -0
    outer loop
      vertex 13.7269 2 6.8981
      vertex 2 2 16
      vertex 13.9632 2 7.11228
    endloop
  endfacet
  facet normal 0 1 -0
    outer loop
      vertex 13.5127 2 6.66178
      vertex 2 2 16
      vertex 13.7269 2 6.8981
    endloop
  endfacet
  facet normal 0 1 -0
    outer loop
      vertex 13.3227 2 6.4056
      vertex 2 2 16
      vertex 13.5127 2 6.66178
    endloop
  endfacet
  facet normal 0 1 -0
    outer loop
      vertex 13.1588 2 6.13204
      vertex 2 2 16
      vertex 13.3227 2 6.4056
    endloop
  endfacet
  facet normal 0 1 -0
    outer loop
      vertex 13.0224 2 5.84372
      vertex 2 2 16
      vertex 13.1588 2 6.13204
    endloop
  endfacet
  facet normal 0 1 -0
    outer loop
      vertex 12.9149 2 5.54342
      vertex 2 2 16
      vertex 13.0224 2 5.84372
    endloop
  endfacet
  facet normal 0 1 0
    outer loop
      vertex 2 2 0
      vertex 12.9149 2 5.54342
      vertex 12.8374 2 5.23404
    endloop
  endfacet
  facet normal 0 1 0
    outer loop
      vertex 2 2 0
      vertex 12.8374 2 5.23404
      vertex 12.7906 2 4.91856
    endloop
  endfacet
  facet normal 0 1 0
    outer loop
      vertex 2 2 0
      vertex 12.7906 2 4.91856
      vertex 12.775 2 4.6
    endloop
  endfacet
  facet normal 0 1 0
    outer loop
      vertex 2 2 0
      vertex 12.775 2 4.6
      vertex 12.7906 2 4.28144
    endloop
  endfacet
  facet normal 0 1 0
    outer loop
      vertex 2 2 0
      vertex 12.7906 2 4.28144
      vertex 12.8374 2 3.96596
    endloop
  endfacet
  facet normal 0 1 0
    outer loop
      vertex 2 2 0
      vertex 12.8374 2 3.96596
      vertex 12.9149 2 3.65657
    endloop
  endfacet
  facet normal 0 1 0
    outer loop
      vertex 2 2 0
      vertex 12.9149 2 3.65657
      vertex 13.0224 2 3.35628
    endloop
  endfacet
  facet normal 0 1 0
    outer loop
      vertex 2 2 0
      vertex 13.0224 2 3.35628
      vertex 13.1588 2 3.06796
    endloop
  endfacet
  facet normal 0 1 0
    outer loop
      vertex 2 2 0
      vertex 13.1588 2 3.06796
      vertex 13.3227 2 2.7944
    endloop
  endfacet
  facet normal 0 1 0
    outer loop
      vertex 2 2 0
      vertex 13.3227 2 2.7944
      vertex 13.5127 2 2.53822
    endloop
  endfacet
  facet normal 0 1 0
    outer loop
      vertex 12.9149 2 5.54342
      vertex 2 2 0
      vertex 2 2 16
    endloop
  endfacet
  facet normal 0 1 0
    outer loop
      vertex 13.7269 2 2.3019
      vertex 2 2 0
      vertex 13.5127 2 2.53822
    endloop
  endfacet
  facet normal 0 1 0
    outer loop
      vertex 13.9632 2 2.08772
      vertex 2 2 0
      vertex 13.7269 2 2.3019
    endloop
  endfacet
  facet normal 0 1 0
    outer loop
      vertex 14.2194 2 1.89772
      vertex 2 2 0
      vertex 13.9632 2 2.08772
    endloop
  endfacet
  facet normal 0 1 0
    outer loop
      vertex 14.493 2 1.73376
      vertex 2 2 0
      vertex 14.2194 2 1.89772
    endloop
  endfacet
  facet normal 0 1 0
    outer loop
      vertex 14.7813 2 1.59739
      vertex 2 2 0
      vertex 14.493 2 1.73376
    endloop
  endfacet
  facet normal 0 1 0
    outer loop
      vertex 15.0816 2 1.48994
      vertex 2 2 0
      vertex 14.7813 2 1.59739
    endloop
  endfacet
  facet normal 0 1 0
    outer loop
      vertex 15.391 2 1.41245
      vertex 2 2 0
      vertex 15.0816 2 1.48994
    endloop
  endfacet
  facet normal 0 1 0
    outer loop
      vertex 15.7064 2 1.36565
      vertex 2 2 0
      vertex 15.391 2 1.41245
    endloop
  endfacet
  facet normal 0 1 0
    outer loop
      vertex 16.025 2 1.35
      vertex 2 2 0
      vertex 15.7064 2 1.36565
    endloop
  endfacet
  facet normal 0 1 0
    outer loop
      vertex 16.3436 2 1.36565
      vertex 2 2 0
      vertex 16.025 2 1.35
    endloop
  endfacet
  facet normal -1 0 0
    outer loop
      vertex 70.28 20.5 16
      vertex 70.28 54.5 18
      vertex 70.28 54.5 16
    endloop
  endfacet
  facet normal -1 -0 0
    outer loop
      vertex 70.28 54.5 18
      vertex 70.28 20.5 16
      vertex 70.28 20.5 18
    endloop
  endfacet
  facet normal 1 -0 0
    outer loop
      vertex 42.28 20.5 18
      vertex 42.28 54.5 16
      vertex 42.28 54.5 18
    endloop
  endfacet
  facet normal 1 0 0
    outer loop
      vertex 42.28 54.5 16
      vertex 42.28 20.5 18
      vertex 42.28 20.5 16
    endloop
  endfacet
  facet normal 0 -1 0
    outer loop
      vertex 42.28 54.5 16
      vertex 70.28 54.5 18
      vertex 42.28 54.5 18
    endloop
  endfacet
  facet normal 0 -1 -0
    outer loop
      vertex 70.28 54.5 18
      vertex 42.28 54.5 16
      vertex 70.28 54.5 16
    endloop
  endfacet
  facet normal 0 1 -0
    outer loop
      vertex 70.28 20.5 16
      vertex 42.28 20.5 18
      vertex 70.28 20.5 18
    endloop
  endfacet
  facet normal 0 1 0
    outer loop
      vertex 42.28 20.5 18
      vertex 70.28 20.5 16
      vertex 42.28 20.5 16
    endloop
  endfacet
  facet normal -0.989221 0 0.146433
    outer loop
      vertex 19.2126 0 3.96596
      vertex 19.2593 2 4.28144
      vertex 19.2126 2 3.96596
    endloop
  endfacet
  facet normal -0.989221 0 0.146433
    outer loop
      vertex 19.2593 2 4.28144
      vertex 19.2126 0 3.96596
      vertex 19.2593 0 4.28144
    endloop
  endfacet
  facet normal -0.998788 0 0.0492245
    outer loop
      vertex 19.2593 0 4.28144
      vertex 19.275 2 4.6
      vertex 19.2593 2 4.28144
    endloop
  endfacet
  facet normal -0.998788 0 0.0492245
    outer loop
      vertex 19.275 2 4.6
      vertex 19.2593 0 4.28144
      vertex 19.275 0 4.6
    endloop
  endfacet
  facet normal -0.97003 0 0.242986
    outer loop
      vertex 19.1351 0 3.65657
      vertex 19.2126 2 3.96596
      vertex 19.1351 2 3.65657
    endloop
  endfacet
  facet normal -0.97003 0 0.242986
    outer loop
      vertex 19.2126 2 3.96596
      vertex 19.1351 0 3.65657
      vertex 19.2126 0 3.96596
    endloop
  endfacet
  facet normal 0.146776 0 0.98917
    outer loop
      vertex 15.391 2 1.41245
      vertex 15.7064 0 1.36565
      vertex 15.7064 2 1.36565
    endloop
  endfacet
  facet normal 0.146776 0 0.98917
    outer loop
      vertex 15.7064 0 1.36565
      vertex 15.391 2 1.41245
      vertex 15.391 0 1.41245
    endloop
  endfacet
  facet normal 0.941493 0 -0.337031
    outer loop
      vertex 13.0224 0 5.84372
      vertex 12.9149 2 5.54342
      vertex 13.0224 2 5.84372
    endloop
  endfacet
  facet normal 0.941493 0 -0.337031
    outer loop
      vertex 12.9149 2 5.54342
      vertex 13.0224 0 5.84372
      vertex 12.9149 0 5.54342
    endloop
  endfacet
  facet normal -0.514035 0 0.857769
    outer loop
      vertex 17.557 2 1.73376
      vertex 17.8306 0 1.89772
      vertex 17.8306 2 1.89772
    endloop
  endfacet
  facet normal -0.514035 0 0.857769
    outer loop
      vertex 17.8306 0 1.89772
      vertex 17.557 2 1.73376
      vertex 17.557 0 1.73376
    endloop
  endfacet
  facet normal -0.514035 0 -0.857769
    outer loop
      vertex 17.557 0 7.46624
      vertex 17.8306 2 7.30228
      vertex 17.8306 0 7.30228
    endloop
  endfacet
  facet normal -0.514035 0 -0.857769
    outer loop
      vertex 17.8306 2 7.30228
      vertex 17.557 0 7.46624
      vertex 17.557 2 7.46624
    endloop
  endfacet
  facet normal -0.242949 0 -0.970039
    outer loop
      vertex 16.659 0 7.78755
      vertex 16.9684 2 7.71006
      vertex 16.9684 0 7.71006
    endloop
  endfacet
  facet normal -0.242949 0 -0.970039
    outer loop
      vertex 16.9684 2 7.71006
      vertex 16.659 0 7.78755
      vertex 16.659 2 7.78755
    endloop
  endfacet
  facet normal 0.857819 0 -0.513952
    outer loop
      vertex 13.3227 0 6.4056
      vertex 13.1588 2 6.13204
      vertex 13.3227 2 6.4056
    endloop
  endfacet
  facet normal 0.857819 0 -0.513952
    outer loop
      vertex 13.1588 2 6.13204
      vertex 13.3227 0 6.4056
      vertex 13.1588 0 6.13204
    endloop
  endfacet
  facet normal 0.595677 0 0.803224
    outer loop
      vertex 13.9632 2 2.08772
      vertex 14.2194 0 1.89772
      vertex 14.2194 2 1.89772
    endloop
  endfacet
  facet normal 0.595677 0 0.803224
    outer loop
      vertex 14.2194 0 1.89772
      vertex 13.9632 2 2.08772
      vertex 13.9632 0 2.08772
    endloop
  endfacet
  facet normal -0.049062 0 -0.998796
    outer loop
      vertex 16.025 0 7.85
      vertex 16.3436 2 7.83435
      vertex 16.3436 0 7.83435
    endloop
  endfacet
  facet normal -0.049062 0 -0.998796
    outer loop
      vertex 16.3436 2 7.83435
      vertex 16.025 0 7.85
      vertex 16.025 2 7.85
    endloop
  endfacet
  facet normal 0.514035 0 -0.857769
    outer loop
      vertex 14.2194 0 7.30228
      vertex 14.493 2 7.46624
      vertex 14.493 0 7.46624
    endloop
  endfacet
  facet normal 0.514035 0 -0.857769
    outer loop
      vertex 14.493 2 7.46624
      vertex 14.2194 0 7.30228
      vertex 14.2194 2 7.30228
    endloop
  endfacet
  facet normal -0.903947 0 0.427644
    outer loop
      vertex 18.8912 0 3.06796
      vertex 19.0276 2 3.35628
      vertex 18.8912 2 3.06796
    endloop
  endfacet
  facet normal -0.903947 0 0.427644
    outer loop
      vertex 19.0276 2 3.35628
      vertex 18.8912 0 3.06796
      vertex 19.0276 0 3.35628
    endloop
  endfacet
  facet normal -0.803202 0 -0.595707
    outer loop
      vertex 18.7273 0 6.4056
      vertex 18.5373 2 6.66178
      vertex 18.7273 2 6.4056
    endloop
  endfacet
  facet normal -0.803202 -0 -0.595707
    outer loop
      vertex 18.5373 2 6.66178
      vertex 18.7273 0 6.4056
      vertex 18.5373 0 6.66178
    endloop
  endfacet
  facet normal 0.97003 -0 0.242986
    outer loop
      vertex 12.8374 0 3.96596
      vertex 12.9149 2 3.65657
      vertex 12.8374 2 3.96596
    endloop
  endfacet
  facet normal 0.97003 0 0.242986
    outer loop
      vertex 12.9149 2 3.65657
      vertex 12.8374 0 3.96596
      vertex 12.9149 0 3.65657
    endloop
  endfacet
  facet normal 0.514035 0 0.857769
    outer loop
      vertex 14.2194 2 1.89772
      vertex 14.493 0 1.73376
      vertex 14.493 2 1.73376
    endloop
  endfacet
  facet normal 0.514035 0 0.857769
    outer loop
      vertex 14.493 0 1.73376
      vertex 14.2194 2 1.89772
      vertex 14.2194 0 1.89772
    endloop
  endfacet
  facet normal -0.803202 0 0.595707
    outer loop
      vertex 18.5373 0 2.53822
      vertex 18.7273 2 2.7944
      vertex 18.5373 2 2.53822
    endloop
  endfacet
  facet normal -0.803202 0 0.595707
    outer loop
      vertex 18.7273 2 2.7944
      vertex 18.5373 0 2.53822
      vertex 18.7273 0 2.7944
    endloop
  endfacet
  facet normal 0.049062 0 0.998796
    outer loop
      vertex 15.7064 2 1.36565
      vertex 16.025 0 1.35
      vertex 16.025 2 1.35
    endloop
  endfacet
  facet normal 0.049062 0 0.998796
    outer loop
      vertex 16.025 0 1.35
      vertex 15.7064 2 1.36565
      vertex 15.7064 0 1.36565
    endloop
  endfacet
  facet normal -0.427592 0 -0.903972
    outer loop
      vertex 17.2687 0 7.60261
      vertex 17.557 2 7.46624
      vertex 17.557 0 7.46624
    endloop
  endfacet
  facet normal -0.427592 0 -0.903972
    outer loop
      vertex 17.557 2 7.46624
      vertex 17.2687 0 7.60261
      vertex 17.2687 2 7.60261
    endloop
  endfacet
  facet normal 0.970028 0 -0.242993
    outer loop
      vertex 12.9149 0 5.54342
      vertex 12.8374 2 5.23404
      vertex 12.9149 2 5.54342
    endloop
  endfacet
  facet normal 0.970028 0 -0.242993
    outer loop
      vertex 12.8374 2 5.23404
      vertex 12.9149 0 5.54342
      vertex 12.8374 0 5.23404
    endloop
  endfacet
  facet normal 0.336892 0 0.941543
    outer loop
      vertex 14.7813 2 1.59739
      vertex 15.0816 0 1.48994
      vertex 15.0816 2 1.48994
    endloop
  endfacet
  facet normal 0.336892 0 0.941543
    outer loop
      vertex 15.0816 0 1.48994
      vertex 14.7813 2 1.59739
      vertex 14.7813 0 1.59739
    endloop
  endfacet
  facet normal -0.903947 0 -0.427644
    outer loop
      vertex 19.0276 0 5.84372
      vertex 18.8912 2 6.13204
      vertex 19.0276 2 5.84372
    endloop
  endfacet
  facet normal -0.903947 -0 -0.427644
    outer loop
      vertex 18.8912 2 6.13204
      vertex 19.0276 0 5.84372
      vertex 18.8912 0 6.13204
    endloop
  endfacet
  facet normal 0.740932 -0 0.67158
    outer loop
      vertex 13.5127 0 2.53822
      vertex 13.7269 2 2.3019
      vertex 13.5127 2 2.53822
    endloop
  endfacet
  facet normal 0.740932 0 0.67158
    outer loop
      vertex 13.7269 2 2.3019
      vertex 13.5127 0 2.53822
      vertex 13.7269 0 2.3019
    endloop
  endfacet
  facet normal -0.998788 0 -0.0492245
    outer loop
      vertex 19.275 0 4.6
      vertex 19.2593 2 4.91856
      vertex 19.275 2 4.6
    endloop
  endfacet
  facet normal -0.998788 -0 -0.0492245
    outer loop
      vertex 19.2593 2 4.91856
      vertex 19.275 0 4.6
      vertex 19.2593 0 4.91856
    endloop
  endfacet
  facet normal -0.941493 0 -0.337031
    outer loop
      vertex 19.1351 0 5.54342
      vertex 19.0276 2 5.84372
      vertex 19.1351 2 5.54342
    endloop
  endfacet
  facet normal -0.941493 -0 -0.337031
    outer loop
      vertex 19.0276 2 5.84372
      vertex 19.1351 0 5.54342
      vertex 19.0276 0 5.84372
    endloop
  endfacet
  facet normal -0.146776 0 -0.98917
    outer loop
      vertex 16.3436 0 7.83435
      vertex 16.659 2 7.78755
      vertex 16.659 0 7.78755
    endloop
  endfacet
  facet normal -0.146776 0 -0.98917
    outer loop
      vertex 16.659 2 7.78755
      vertex 16.3436 0 7.83435
      vertex 16.3436 2 7.83435
    endloop
  endfacet
  facet normal -0.857819 0 0.513952
    outer loop
      vertex 18.7273 0 2.7944
      vertex 18.8912 2 3.06796
      vertex 18.7273 2 2.7944
    endloop
  endfacet
  facet normal -0.857819 0 0.513952
    outer loop
      vertex 18.8912 2 3.06796
      vertex 18.7273 0 2.7944
      vertex 18.8912 0 3.06796
    endloop
  endfacet
  facet normal -0.94149 0 0.337041
    outer loop
      vertex 19.0276 0 3.35628
      vertex 19.1351 2 3.65657
      vertex 19.0276 2 3.35628
    endloop
  endfacet
  facet normal -0.94149 0 0.337041
    outer loop
      vertex 19.1351 2 3.65657
      vertex 19.0276 0 3.35628
      vertex 19.1351 0 3.65657
    endloop
  endfacet
  facet normal 0.998803 -0 0.0489118
    outer loop
      vertex 12.775 0 4.6
      vertex 12.7906 2 4.28144
      vertex 12.775 2 4.6
    endloop
  endfacet
  facet normal 0.998803 0 0.0489118
    outer loop
      vertex 12.7906 2 4.28144
      vertex 12.775 0 4.6
      vertex 12.7906 0 4.28144
    endloop
  endfacet
  facet normal -0.970028 0 -0.242993
    outer loop
      vertex 19.2126 0 5.23404
      vertex 19.1351 2 5.54342
      vertex 19.2126 2 5.23404
    endloop
  endfacet
  facet normal -0.970028 -0 -0.242993
    outer loop
      vertex 19.1351 2 5.54342
      vertex 19.2126 0 5.23404
      vertex 19.1351 0 5.54342
    endloop
  endfacet
  facet normal -0.671576 0 0.740935
    outer loop
      vertex 18.0868 2 2.08772
      vertex 18.3231 0 2.3019
      vertex 18.3231 2 2.3019
    endloop
  endfacet
  facet normal -0.671576 0 0.740935
    outer loop
      vertex 18.3231 0 2.3019
      vertex 18.0868 2 2.08772
      vertex 18.0868 0 2.08772
    endloop
  endfacet
  facet normal -0.336892 0 0.941543
    outer loop
      vertex 16.9684 2 1.48994
      vertex 17.2687 0 1.59739
      vertex 17.2687 2 1.59739
    endloop
  endfacet
  facet normal -0.336892 0 0.941543
    outer loop
      vertex 17.2687 0 1.59739
      vertex 16.9684 2 1.48994
      vertex 16.9684 0 1.48994
    endloop
  endfacet
  facet normal 0.242949 0 0.970039
    outer loop
      vertex 15.0816 2 1.48994
      vertex 15.391 0 1.41245
      vertex 15.391 2 1.41245
    endloop
  endfacet
  facet normal 0.242949 0 0.970039
    outer loop
      vertex 15.391 0 1.41245
      vertex 15.0816 2 1.48994
      vertex 15.0816 0 1.48994
    endloop
  endfacet
  facet normal -0.595677 0 0.803224
    outer loop
      vertex 17.8306 2 1.89772
      vertex 18.0868 0 2.08772
      vertex 18.0868 2 2.08772
    endloop
  endfacet
  facet normal -0.595677 0 0.803224
    outer loop
      vertex 18.0868 0 2.08772
      vertex 17.8306 2 1.89772
      vertex 17.8306 0 1.89772
    endloop
  endfacet
  facet normal -0.857819 0 -0.513952
    outer loop
      vertex 18.8912 0 6.13204
      vertex 18.7273 2 6.4056
      vertex 18.8912 2 6.13204
    endloop
  endfacet
  facet normal -0.857819 -0 -0.513952
    outer loop
      vertex 18.7273 2 6.4056
      vertex 18.8912 0 6.13204
      vertex 18.7273 0 6.4056
    endloop
  endfacet
  facet normal -0.427592 0 0.903972
    outer loop
      vertex 17.2687 2 1.59739
      vertex 17.557 0 1.73376
      vertex 17.557 2 1.73376
    endloop
  endfacet
  facet normal -0.427592 0 0.903972
    outer loop
      vertex 17.557 0 1.73376
      vertex 17.2687 2 1.59739
      vertex 17.2687 0 1.59739
    endloop
  endfacet
  facet normal -0.242949 0 0.970039
    outer loop
      vertex 16.659 2 1.41245
      vertex 16.9684 0 1.48994
      vertex 16.9684 2 1.48994
    endloop
  endfacet
  facet normal -0.242949 0 0.970039
    outer loop
      vertex 16.9684 0 1.48994
      vertex 16.659 2 1.41245
      vertex 16.659 0 1.41245
    endloop
  endfacet
  facet normal -0.989221 0 -0.146433
    outer loop
      vertex 19.2593 0 4.91856
      vertex 19.2126 2 5.23404
      vertex 19.2593 2 4.91856
    endloop
  endfacet
  facet normal -0.989221 -0 -0.146433
    outer loop
      vertex 19.2126 2 5.23404
      vertex 19.2593 0 4.91856
      vertex 19.2126 0 5.23404
    endloop
  endfacet
  facet normal 0.146776 0 -0.98917
    outer loop
      vertex 15.391 0 7.78755
      vertex 15.7064 2 7.83435
      vertex 15.7064 0 7.83435
    endloop
  endfacet
  facet normal 0.146776 0 -0.98917
    outer loop
      vertex 15.7064 2 7.83435
      vertex 15.391 0 7.78755
      vertex 15.391 2 7.78755
    endloop
  endfacet
  facet normal 0.427592 0 0.903972
    outer loop
      vertex 14.493 2 1.73376
      vertex 14.7813 0 1.59739
      vertex 14.7813 2 1.59739
    endloop
  endfacet
  facet normal 0.427592 0 0.903972
    outer loop
      vertex 14.7813 0 1.59739
      vertex 14.493 2 1.73376
      vertex 14.493 0 1.73376
    endloop
  endfacet
  facet normal 0.671576 0 0.740935
    outer loop
      vertex 13.7269 2 2.3019
      vertex 13.9632 0 2.08772
      vertex 13.9632 2 2.08772
    endloop
  endfacet
  facet normal 0.671576 0 0.740935
    outer loop
      vertex 13.9632 0 2.08772
      vertex 13.7269 2 2.3019
      vertex 13.7269 0 2.3019
    endloop
  endfacet
  facet normal 0.94149 -0 0.337041
    outer loop
      vertex 12.9149 0 3.65657
      vertex 13.0224 2 3.35628
      vertex 12.9149 2 3.65657
    endloop
  endfacet
  facet normal 0.94149 0 0.337041
    outer loop
      vertex 13.0224 2 3.35628
      vertex 12.9149 0 3.65657
      vertex 13.0224 0 3.35628
    endloop
  endfacet
  facet normal 0.242949 0 -0.970039
    outer loop
      vertex 15.0816 0 7.71006
      vertex 15.391 2 7.78755
      vertex 15.391 0 7.78755
    endloop
  endfacet
  facet normal 0.242949 0 -0.970039
    outer loop
      vertex 15.391 2 7.78755
      vertex 15.0816 0 7.71006
      vertex 15.0816 2 7.71006
    endloop
  endfacet
  facet normal -0.671576 0 -0.740935
    outer loop
      vertex 18.0868 0 7.11228
      vertex 18.3231 2 6.8981
      vertex 18.3231 0 6.8981
    endloop
  endfacet
  facet normal -0.671576 0 -0.740935
    outer loop
      vertex 18.3231 2 6.8981
      vertex 18.0868 0 7.11228
      vertex 18.0868 2 7.11228
    endloop
  endfacet
  facet normal 0.740932 0 -0.67158
    outer loop
      vertex 13.7269 0 6.8981
      vertex 13.5127 2 6.66178
      vertex 13.7269 2 6.8981
    endloop
  endfacet
  facet normal 0.740932 0 -0.67158
    outer loop
      vertex 13.5127 2 6.66178
      vertex 13.7269 0 6.8981
      vertex 13.5127 0 6.66178
    endloop
  endfacet
  facet normal -0.049062 0 0.998796
    outer loop
      vertex 16.025 2 1.35
      vertex 16.3436 0 1.36565
      vertex 16.3436 2 1.36565
    endloop
  endfacet
  facet normal -0.049062 0 0.998796
    outer loop
      vertex 16.3436 0 1.36565
      vertex 16.025 2 1.35
      vertex 16.025 0 1.35
    endloop
  endfacet
  facet normal -0.146776 0 0.98917
    outer loop
      vertex 16.3436 2 1.36565
      vertex 16.659 0 1.41245
      vertex 16.659 2 1.41245
    endloop
  endfacet
  facet normal -0.146776 0 0.98917
    outer loop
      vertex 16.659 0 1.41245
      vertex 16.3436 2 1.36565
      vertex 16.3436 0 1.36565
    endloop
  endfacet
  facet normal 0.595677 0 -0.803224
    outer loop
      vertex 13.9632 0 7.11228
      vertex 14.2194 2 7.30228
      vertex 14.2194 0 7.30228
    endloop
  endfacet
  facet normal 0.595677 0 -0.803224
    outer loop
      vertex 14.2194 2 7.30228
      vertex 13.9632 0 7.11228
      vertex 13.9632 2 7.11228
    endloop
  endfacet
  facet normal 0.989175 0 -0.14674
    outer loop
      vertex 12.8374 0 5.23404
      vertex 12.7906 2 4.91856
      vertex 12.8374 2 5.23404
    endloop
  endfacet
  facet normal 0.989175 0 -0.14674
    outer loop
      vertex 12.7906 2 4.91856
      vertex 12.8374 0 5.23404
      vertex 12.7906 0 4.91856
    endloop
  endfacet
  facet normal 0.427592 0 -0.903972
    outer loop
      vertex 14.493 0 7.46624
      vertex 14.7813 2 7.60261
      vertex 14.7813 0 7.60261
    endloop
  endfacet
  facet normal 0.427592 0 -0.903972
    outer loop
      vertex 14.7813 2 7.60261
      vertex 14.493 0 7.46624
      vertex 14.493 2 7.46624
    endloop
  endfacet
  facet normal 0.803202 0 -0.595707
    outer loop
      vertex 13.5127 0 6.66178
      vertex 13.3227 2 6.4056
      vertex 13.5127 2 6.66178
    endloop
  endfacet
  facet normal 0.803202 0 -0.595707
    outer loop
      vertex 13.3227 2 6.4056
      vertex 13.5127 0 6.66178
      vertex 13.3227 0 6.4056
    endloop
  endfacet
  facet normal 0.998803 0 -0.0489118
    outer loop
      vertex 12.7906 0 4.91856
      vertex 12.775 2 4.6
      vertex 12.7906 2 4.91856
    endloop
  endfacet
  facet normal 0.998803 0 -0.0489118
    outer loop
      vertex 12.775 2 4.6
      vertex 12.7906 0 4.91856
      vertex 12.775 0 4.6
    endloop
  endfacet
  facet normal -0.740932 0 0.67158
    outer loop
      vertex 18.3231 0 2.3019
      vertex 18.5373 2 2.53822
      vertex 18.3231 2 2.3019
    endloop
  endfacet
  facet normal -0.740932 0 0.67158
    outer loop
      vertex 18.5373 2 2.53822
      vertex 18.3231 0 2.3019
      vertex 18.5373 0 2.53822
    endloop
  endfacet
  facet normal 0.803202 -0 0.595707
    outer loop
      vertex 13.3227 0 2.7944
      vertex 13.5127 2 2.53822
      vertex 13.3227 2 2.7944
    endloop
  endfacet
  facet normal 0.803202 0 0.595707
    outer loop
      vertex 13.5127 2 2.53822
      vertex 13.3227 0 2.7944
      vertex 13.5127 0 2.53822
    endloop
  endfacet
  facet normal -0.595677 0 -0.803224
    outer loop
      vertex 17.8306 0 7.30228
      vertex 18.0868 2 7.11228
      vertex 18.0868 0 7.11228
    endloop
  endfacet
  facet normal -0.595677 0 -0.803224
    outer loop
      vertex 18.0868 2 7.11228
      vertex 17.8306 0 7.30228
      vertex 17.8306 2 7.30228
    endloop
  endfacet
  facet normal -0.336892 0 -0.941543
    outer loop
      vertex 16.9684 0 7.71006
      vertex 17.2687 2 7.60261
      vertex 17.2687 0 7.60261
    endloop
  endfacet
  facet normal -0.336892 0 -0.941543
    outer loop
      vertex 17.2687 2 7.60261
      vertex 16.9684 0 7.71006
      vertex 16.9684 2 7.71006
    endloop
  endfacet
  facet normal 0.336892 0 -0.941543
    outer loop
      vertex 14.7813 0 7.60261
      vertex 15.0816 2 7.71006
      vertex 15.0816 0 7.71006
    endloop
  endfacet
  facet normal 0.336892 0 -0.941543
    outer loop
      vertex 15.0816 2 7.71006
      vertex 14.7813 0 7.60261
      vertex 14.7813 2 7.60261
    endloop
  endfacet
  facet normal 0.903947 -0 0.427644
    outer loop
      vertex 13.0224 0 3.35628
      vertex 13.1588 2 3.06796
      vertex 13.0224 2 3.35628
    endloop
  endfacet
  facet normal 0.903947 0 0.427644
    outer loop
      vertex 13.1588 2 3.06796
      vertex 13.0224 0 3.35628
      vertex 13.1588 0 3.06796
    endloop
  endfacet
  facet normal 0.049062 0 -0.998796
    outer loop
      vertex 15.7064 0 7.83435
      vertex 16.025 2 7.85
      vertex 16.025 0 7.85
    endloop
  endfacet
  facet normal 0.049062 0 -0.998796
    outer loop
      vertex 16.025 2 7.85
      vertex 15.7064 0 7.83435
      vertex 15.7064 2 7.83435
    endloop
  endfacet
  facet normal 0.903947 0 -0.427644
    outer loop
      vertex 13.1588 0 6.13204
      vertex 13.0224 2 5.84372
      vertex 13.1588 2 6.13204
    endloop
  endfacet
  facet normal 0.903947 0 -0.427644
    outer loop
      vertex 13.0224 2 5.84372
      vertex 13.1588 0 6.13204
      vertex 13.0224 0 5.84372
    endloop
  endfacet
  facet normal 0.989175 -0 0.14674
    outer loop
      vertex 12.7906 0 4.28144
      vertex 12.8374 2 3.96596
      vertex 12.7906 2 4.28144
    endloop
  endfacet
  facet normal 0.989175 0 0.14674
    outer loop
      vertex 12.8374 2 3.96596
      vertex 12.7906 0 4.28144
      vertex 12.8374 0 3.96596
    endloop
  endfacet
  facet normal 0.671576 0 -0.740935
    outer loop
      vertex 13.7269 0 6.8981
      vertex 13.9632 2 7.11228
      vertex 13.9632 0 7.11228
    endloop
  endfacet
  facet normal 0.671576 0 -0.740935
    outer loop
      vertex 13.9632 2 7.11228
      vertex 13.7269 0 6.8981
      vertex 13.7269 2 6.8981
    endloop
  endfacet
  facet normal -0.740932 0 -0.67158
    outer loop
      vertex 18.5373 0 6.66178
      vertex 18.3231 2 6.8981
      vertex 18.5373 2 6.66178
    endloop
  endfacet
  facet normal -0.740932 -0 -0.67158
    outer loop
      vertex 18.3231 2 6.8981
      vertex 18.5373 0 6.66178
      vertex 18.3231 0 6.8981
    endloop
  endfacet
  facet normal 0.857819 -0 0.513952
    outer loop
      vertex 13.1588 0 3.06796
      vertex 13.3227 2 2.7944
      vertex 13.1588 2 3.06796
    endloop
  endfacet
  facet normal 0.857819 0 0.513952
    outer loop
      vertex 13.3227 2 2.7944
      vertex 13.1588 0 3.06796
      vertex 13.3227 0 2.7944
    endloop
  endfacet
  facet normal 0 0 -1
    outer loop
      vertex 88 45.5 14.6
      vertex 90 55.5 14.6
      vertex 90 45.5 14.6
    endloop
  endfacet
  facet normal -0 0 -1
    outer loop
      vertex 90 55.5 14.6
      vertex 88 45.5 14.6
      vertex 88 55.5 14.6
    endloop
  endfacet
  facet normal -0 0 1
    outer loop
      vertex 88 55.5 10.6
      vertex 90 45.5 10.6
      vertex 90 55.5 10.6
    endloop
  endfacet
  facet normal 0 0 1
    outer loop
      vertex 90 45.5 10.6
      vertex 88 55.5 10.6
      vertex 88 45.5 10.6
    endloop
  endfacet
  facet normal 0 -1 0
    outer loop
      vertex 88 55.5 10.6
      vertex 90 55.5 14.6
      vertex 88 55.5 14.6
    endloop
  endfacet
  facet normal 0 -1 -0
    outer loop
      vertex 90 55.5 14.6
      vertex 88 55.5 10.6
      vertex 90 55.5 10.6
    endloop
  endfacet
  facet normal 0 1 -0
    outer loop
      vertex 90 45.5 10.6
      vertex 88 45.5 14.6
      vertex 90 45.5 14.6
    endloop
  endfacet
  facet normal 0 1 0
    outer loop
      vertex 88 45.5 14.6
      vertex 90 45.5 10.6
      vertex 88 45.5 10.6
    endloop
  endfacet
  facet normal 0.671695 -0.740828 0
    outer loop
      vertex 7.74458 63.8742 1.6
      vertex 7.94454 64.0555 16
      vertex 7.74458 63.8742 16
    endloop
  endfacet
  facet normal 0.671695 -0.740828 0
    outer loop
      vertex 7.94454 64.0555 16
      vertex 7.74458 63.8742 1.6
      vertex 7.94454 64.0555 1.6
    endloop
  endfacet
  facet normal 0.98918 0.14671 0
    outer loop
      vertex 8.73676 66.2695 16
      vertex 8.69716 66.5365 1.6
      vertex 8.69716 66.5365 16
    endloop
  endfacet
  facet normal 0.98918 0.14671 0
    outer loop
      vertex 8.69716 66.5365 1.6
      vertex 8.73676 66.2695 16
      vertex 8.73676 66.2695 1.6
    endloop
  endfacet
  facet normal 0.998795 0.0490688 0
    outer loop
      vertex 8.75 66 16
      vertex 8.73676 66.2695 1.6
      vertex 8.73676 66.2695 16
    endloop
  endfacet
  facet normal 0.998795 0.0490688 0
    outer loop
      vertex 8.73676 66.2695 1.6
      vertex 8.75 66 16
      vertex 8.75 66 1.6
    endloop
  endfacet
  facet normal 0.970038 0.242954 0
    outer loop
      vertex 8.69716 66.5365 16
      vertex 8.63159 66.7983 1.6
      vertex 8.63159 66.7983 16
    endloop
  endfacet
  facet normal 0.970038 0.242954 0
    outer loop
      vertex 8.63159 66.7983 1.6
      vertex 8.69716 66.5365 16
      vertex 8.69716 66.5365 1.6
    endloop
  endfacet
  facet normal 0.427602 -0.903967 0
    outer loop
      vertex 7.05238 63.4593 1.6
      vertex 7.29634 63.5747 16
      vertex 7.05238 63.4593 16
    endloop
  endfacet
  facet normal 0.427602 -0.903967 0
    outer loop
      vertex 7.29634 63.5747 16
      vertex 7.05238 63.4593 1.6
      vertex 7.29634 63.5747 1.6
    endloop
  endfacet
  facet normal -0.0489119 0.998803 0
    outer loop
      vertex 6 68.75 1.6
      vertex 5.73045 68.7368 16
      vertex 6 68.75 16
    endloop
  endfacet
  facet normal -0.0489119 0.998803 0
    outer loop
      vertex 5.73045 68.7368 16
      vertex 6 68.75 1.6
      vertex 5.73045 68.7368 1.6
    endloop
  endfacet
  facet normal -0.427602 0.903967 0
    outer loop
      vertex 4.94762 68.5407 1.6
      vertex 4.70366 68.4253 16
      vertex 4.94762 68.5407 16
    endloop
  endfacet
  facet normal -0.427602 0.903967 0
    outer loop
      vertex 4.70366 68.4253 16
      vertex 4.94762 68.5407 1.6
      vertex 4.70366 68.4253 1.6
    endloop
  endfacet
  facet normal 0.740838 0.671683 0
    outer loop
      vertex 8.12578 67.7446 16
      vertex 7.94454 67.9445 1.6
      vertex 7.94454 67.9445 16
    endloop
  endfacet
  facet normal 0.740838 0.671683 0
    outer loop
      vertex 7.94454 67.9445 1.6
      vertex 8.12578 67.7446 16
      vertex 8.12578 67.7446 1.6
    endloop
  endfacet
  facet normal -0.146737 -0.989176 0
    outer loop
      vertex 5.4635 63.3028 1.6
      vertex 5.73045 63.2632 16
      vertex 5.4635 63.3028 16
    endloop
  endfacet
  facet normal -0.146737 -0.989176 -0
    outer loop
      vertex 5.73045 63.2632 16
      vertex 5.4635 63.3028 1.6
      vertex 5.73045 63.2632 1.6
    endloop
  endfacet
  facet normal 0.427602 0.903967 -0
    outer loop
      vertex 7.29634 68.4253 1.6
      vertex 7.05238 68.5407 16
      vertex 7.29634 68.4253 16
    endloop
  endfacet
  facet normal 0.427602 0.903967 0
    outer loop
      vertex 7.05238 68.5407 16
      vertex 7.29634 68.4253 1.6
      vertex 7.05238 68.5407 1.6
    endloop
  endfacet
  facet normal -0.146737 0.989176 0
    outer loop
      vertex 5.73045 68.7368 1.6
      vertex 5.4635 68.6972 16
      vertex 5.73045 68.7368 16
    endloop
  endfacet
  facet normal -0.146737 0.989176 0
    outer loop
      vertex 5.4635 68.6972 16
      vertex 5.73045 68.7368 1.6
      vertex 5.4635 68.6972 1.6
    endloop
  endfacet
  facet normal 0.243076 -0.970007 0
    outer loop
      vertex 6.5365 63.3028 1.6
      vertex 6.79828 63.3684 16
      vertex 6.5365 63.3028 16
    endloop
  endfacet
  facet normal 0.243076 -0.970007 0
    outer loop
      vertex 6.79828 63.3684 16
      vertex 6.5365 63.3028 1.6
      vertex 6.79828 63.3684 1.6
    endloop
  endfacet
  facet normal -0.595555 0.803314 0
    outer loop
      vertex 4.47218 68.2865 1.6
      vertex 4.25542 68.1258 16
      vertex 4.47218 68.2865 16
    endloop
  endfacet
  facet normal -0.595555 0.803314 0
    outer loop
      vertex 4.25542 68.1258 16
      vertex 4.47218 68.2865 1.6
      vertex 4.25542 68.1258 1.6
    endloop
  endfacet
  facet normal -0.903941 0.427658 0
    outer loop
      vertex 3.45933 67.0524 1.6
      vertex 3.57472 67.2963 16
      vertex 3.57472 67.2963 1.6
    endloop
  endfacet
  facet normal -0.903941 0.427658 0
    outer loop
      vertex 3.57472 67.2963 16
      vertex 3.45933 67.0524 1.6
      vertex 3.45933 67.0524 16
    endloop
  endfacet
  facet normal -0.427602 -0.903967 0
    outer loop
      vertex 4.70366 63.5747 1.6
      vertex 4.94762 63.4593 16
      vertex 4.70366 63.5747 16
    endloop
  endfacet
  facet normal -0.427602 -0.903967 -0
    outer loop
      vertex 4.94762 63.4593 16
      vertex 4.70366 63.5747 1.6
      vertex 4.94762 63.4593 1.6
    endloop
  endfacet
  facet normal 0.336829 -0.941566 0
    outer loop
      vertex 6.79828 63.3684 1.6
      vertex 7.05238 63.4593 16
      vertex 6.79828 63.3684 16
    endloop
  endfacet
  facet normal 0.336829 -0.941566 0
    outer loop
      vertex 7.05238 63.4593 16
      vertex 6.79828 63.3684 1.6
      vertex 7.05238 63.4593 1.6
    endloop
  endfacet
  facet normal -0.595555 -0.803314 0
    outer loop
      vertex 4.25542 63.8742 1.6
      vertex 4.47218 63.7135 16
      vertex 4.25542 63.8742 16
    endloop
  endfacet
  facet normal -0.595555 -0.803314 -0
    outer loop
      vertex 4.47218 63.7135 16
      vertex 4.25542 63.8742 1.6
      vertex 4.47218 63.7135 1.6
    endloop
  endfacet
  facet normal -0.903941 -0.427658 0
    outer loop
      vertex 3.57472 64.7037 1.6
      vertex 3.45933 64.9476 16
      vertex 3.45933 64.9476 1.6
    endloop
  endfacet
  facet normal -0.903941 -0.427658 0
    outer loop
      vertex 3.45933 64.9476 16
      vertex 3.57472 64.7037 1.6
      vertex 3.57472 64.7037 16
    endloop
  endfacet
  facet normal 0.514256 0.857637 -0
    outer loop
      vertex 7.52782 68.2865 1.6
      vertex 7.29634 68.4253 16
      vertex 7.52782 68.2865 16
    endloop
  endfacet
  facet normal 0.514256 0.857637 0
    outer loop
      vertex 7.29634 68.4253 16
      vertex 7.52782 68.2865 1.6
      vertex 7.29634 68.4253 1.6
    endloop
  endfacet
  facet normal 0.595555 -0.803314 0
    outer loop
      vertex 7.52782 63.7135 1.6
      vertex 7.74458 63.8742 16
      vertex 7.52782 63.7135 16
    endloop
  endfacet
  facet normal 0.595555 -0.803314 0
    outer loop
      vertex 7.74458 63.8742 16
      vertex 7.52782 63.7135 1.6
      vertex 7.74458 63.8742 1.6
    endloop
  endfacet
  facet normal -0.998795 -0.0490688 0
    outer loop
      vertex 3.26324 65.7305 1.6
      vertex 3.25 66 16
      vertex 3.25 66 1.6
    endloop
  endfacet
  facet normal -0.998795 -0.0490688 0
    outer loop
      vertex 3.25 66 16
      vertex 3.26324 65.7305 1.6
      vertex 3.26324 65.7305 16
    endloop
  endfacet
  facet normal -0.336829 -0.941566 0
    outer loop
      vertex 4.94762 63.4593 1.6
      vertex 5.20172 63.3684 16
      vertex 4.94762 63.4593 16
    endloop
  endfacet
  facet normal -0.336829 -0.941566 -0
    outer loop
      vertex 5.20172 63.3684 16
      vertex 4.94762 63.4593 1.6
      vertex 5.20172 63.3684 1.6
    endloop
  endfacet
  facet normal 0.595555 0.803314 -0
    outer loop
      vertex 7.74458 68.1258 1.6
      vertex 7.52782 68.2865 16
      vertex 7.74458 68.1258 16
    endloop
  endfacet
  facet normal 0.595555 0.803314 0
    outer loop
      vertex 7.52782 68.2865 16
      vertex 7.74458 68.1258 1.6
      vertex 7.52782 68.2865 1.6
    endloop
  endfacet
  facet normal 0.970038 -0.242954 0
    outer loop
      vertex 8.63159 65.2017 16
      vertex 8.69716 65.4635 1.6
      vertex 8.69716 65.4635 16
    endloop
  endfacet
  facet normal 0.970038 -0.242954 0
    outer loop
      vertex 8.69716 65.4635 1.6
      vertex 8.63159 65.2017 16
      vertex 8.63159 65.2017 1.6
    endloop
  endfacet
  facet normal -0.941542 -0.336895 0
    outer loop
      vertex 3.45933 64.9476 1.6
      vertex 3.36841 65.2017 16
      vertex 3.36841 65.2017 1.6
    endloop
  endfacet
  facet normal -0.941542 -0.336895 0
    outer loop
      vertex 3.36841 65.2017 16
      vertex 3.45933 64.9476 1.6
      vertex 3.45933 64.9476 16
    endloop
  endfacet
  facet normal 0.243076 0.970007 -0
    outer loop
      vertex 6.79828 68.6316 1.6
      vertex 6.5365 68.6972 16
      vertex 6.79828 68.6316 16
    endloop
  endfacet
  facet normal 0.243076 0.970007 0
    outer loop
      vertex 6.5365 68.6972 16
      vertex 6.79828 68.6316 1.6
      vertex 6.5365 68.6972 1.6
    endloop
  endfacet
  facet normal -0.740838 0.671683 0
    outer loop
      vertex 3.87422 67.7446 1.6
      vertex 4.05546 67.9445 16
      vertex 4.05546 67.9445 1.6
    endloop
  endfacet
  facet normal -0.740838 0.671683 0
    outer loop
      vertex 4.05546 67.9445 16
      vertex 3.87422 67.7446 1.6
      vertex 3.87422 67.7446 16
    endloop
  endfacet
  facet normal 0.0489119 -0.998803 0
    outer loop
      vertex 6 63.25 1.6
      vertex 6.26955 63.2632 16
      vertex 6 63.25 16
    endloop
  endfacet
  facet normal 0.0489119 -0.998803 0
    outer loop
      vertex 6.26955 63.2632 16
      vertex 6 63.25 1.6
      vertex 6.26955 63.2632 1.6
    endloop
  endfacet
  facet normal 0.80326 0.595628 0
    outer loop
      vertex 8.28654 67.5278 16
      vertex 8.12578 67.7446 1.6
      vertex 8.12578 67.7446 16
    endloop
  endfacet
  facet normal 0.80326 0.595628 0
    outer loop
      vertex 8.12578 67.7446 1.6
      vertex 8.28654 67.5278 16
      vertex 8.28654 67.5278 1.6
    endloop
  endfacet
  facet normal -0.970038 -0.242954 0
    outer loop
      vertex 3.36841 65.2017 1.6
      vertex 3.30284 65.4635 16
      vertex 3.30284 65.4635 1.6
    endloop
  endfacet
  facet normal -0.970038 -0.242954 0
    outer loop
      vertex 3.30284 65.4635 16
      vertex 3.36841 65.2017 1.6
      vertex 3.36841 65.2017 16
    endloop
  endfacet
  facet normal 0.98918 -0.14671 0
    outer loop
      vertex 8.69716 65.4635 16
      vertex 8.73676 65.7305 1.6
      vertex 8.73676 65.7305 16
    endloop
  endfacet
  facet normal 0.98918 -0.14671 0
    outer loop
      vertex 8.73676 65.7305 1.6
      vertex 8.69716 65.4635 16
      vertex 8.69716 65.4635 1.6
    endloop
  endfacet
  facet normal 0.514256 -0.857637 0
    outer loop
      vertex 7.29634 63.5747 1.6
      vertex 7.52782 63.7135 16
      vertex 7.29634 63.5747 16
    endloop
  endfacet
  facet normal 0.514256 -0.857637 0
    outer loop
      vertex 7.52782 63.7135 16
      vertex 7.29634 63.5747 1.6
      vertex 7.52782 63.7135 1.6
    endloop
  endfacet
  facet normal -0.941542 0.336895 0
    outer loop
      vertex 3.36841 66.7983 1.6
      vertex 3.45933 67.0524 16
      vertex 3.45933 67.0524 1.6
    endloop
  endfacet
  facet normal -0.941542 0.336895 0
    outer loop
      vertex 3.45933 67.0524 16
      vertex 3.36841 66.7983 1.6
      vertex 3.36841 66.7983 16
    endloop
  endfacet
  facet normal 0.671695 0.740828 -0
    outer loop
      vertex 7.94454 67.9445 1.6
      vertex 7.74458 68.1258 16
      vertex 7.94454 67.9445 16
    endloop
  endfacet
  facet normal 0.671695 0.740828 0
    outer loop
      vertex 7.74458 68.1258 16
      vertex 7.94454 67.9445 1.6
      vertex 7.74458 68.1258 1.6
    endloop
  endfacet
  facet normal -0.98918 0.14671 0
    outer loop
      vertex 3.26324 66.2695 1.6
      vertex 3.30284 66.5365 16
      vertex 3.30284 66.5365 1.6
    endloop
  endfacet
  facet normal -0.98918 0.14671 0
    outer loop
      vertex 3.30284 66.5365 16
      vertex 3.26324 66.2695 1.6
      vertex 3.26324 66.2695 16
    endloop
  endfacet
  facet normal 0.903941 -0.427658 0
    outer loop
      vertex 8.42528 64.7037 16
      vertex 8.54067 64.9476 1.6
      vertex 8.54067 64.9476 16
    endloop
  endfacet
  facet normal 0.903941 -0.427658 0
    outer loop
      vertex 8.54067 64.9476 1.6
      vertex 8.42528 64.7037 16
      vertex 8.42528 64.7037 1.6
    endloop
  endfacet
  facet normal 0.336829 0.941566 -0
    outer loop
      vertex 7.05238 68.5407 1.6
      vertex 6.79828 68.6316 16
      vertex 7.05238 68.5407 16
    endloop
  endfacet
  facet normal 0.336829 0.941566 0
    outer loop
      vertex 6.79828 68.6316 16
      vertex 7.05238 68.5407 1.6
      vertex 6.79828 68.6316 1.6
    endloop
  endfacet
  facet normal 0.998795 -0.0490688 0
    outer loop
      vertex 8.73676 65.7305 16
      vertex 8.75 66 1.6
      vertex 8.75 66 16
    endloop
  endfacet
  facet normal 0.998795 -0.0490688 0
    outer loop
      vertex 8.75 66 1.6
      vertex 8.73676 65.7305 16
      vertex 8.73676 65.7305 1.6
    endloop
  endfacet
  facet normal 0 0 -1
    outer loop
      vertex 7.35 66 1.6
      vertex 8.75 66 1.6
      vertex 8.73676 65.7305 1.6
    endloop
  endfacet
  facet normal 0 0 -1
    outer loop
      vertex 7.3435 65.8677 1.6
      vertex 8.73676 65.7305 1.6
      vertex 8.69716 65.4635 1.6
    endloop
  endfacet
  facet normal 0 0 -1
    outer loop
      vertex 8.75 66 1.6
      vertex 7.35 66 1.6
      vertex 8.73676 66.2695 1.6
    endloop
  endfacet
  facet normal 0 0 -1
    outer loop
      vertex 7.32406 65.7366 1.6
      vertex 8.69716 65.4635 1.6
      vertex 8.63159 65.2017 1.6
    endloop
  endfacet
  facet normal 0 0 -1
    outer loop
      vertex 7.3435 66.1323 1.6
      vertex 8.73676 66.2695 1.6
      vertex 7.35 66 1.6
    endloop
  endfacet
  facet normal 0 0 -1
    outer loop
      vertex 7.29187 65.6081 1.6
      vertex 8.63159 65.2017 1.6
      vertex 8.54067 64.9476 1.6
    endloop
  endfacet
  facet normal -0 0 -1
    outer loop
      vertex 8.73676 66.2695 1.6
      vertex 7.3435 66.1323 1.6
      vertex 8.69716 66.5365 1.6
    endloop
  endfacet
  facet normal 0 0 -1
    outer loop
      vertex 7.24724 65.4834 1.6
      vertex 8.54067 64.9476 1.6
      vertex 8.42528 64.7037 1.6
    endloop
  endfacet
  facet normal 0 0 -1
    outer loop
      vertex 7.32406 66.2634 1.6
      vertex 8.69716 66.5365 1.6
      vertex 7.3435 66.1323 1.6
    endloop
  endfacet
  facet normal 0 0 -1
    outer loop
      vertex 7.19059 65.3636 1.6
      vertex 8.42528 64.7037 1.6
      vertex 8.28654 64.4722 1.6
    endloop
  endfacet
  facet normal -0 0 -1
    outer loop
      vertex 8.69716 66.5365 1.6
      vertex 7.32406 66.2634 1.6
      vertex 8.63159 66.7983 1.6
    endloop
  endfacet
  facet normal 0 0 -1
    outer loop
      vertex 7.12248 65.25 1.6
      vertex 8.28654 64.4722 1.6
      vertex 8.12578 64.2554 1.6
    endloop
  endfacet
  facet normal 0 0 -1
    outer loop
      vertex 7.29187 66.3919 1.6
      vertex 8.63159 66.7983 1.6
      vertex 7.32406 66.2634 1.6
    endloop
  endfacet
  facet normal 0 0 -1
    outer loop
      vertex 7.04356 65.1436 1.6
      vertex 8.12578 64.2554 1.6
      vertex 7.94454 64.0555 1.6
    endloop
  endfacet
  facet normal -0 0 -1
    outer loop
      vertex 8.63159 66.7983 1.6
      vertex 7.29187 66.3919 1.6
      vertex 8.54067 67.0524 1.6
    endloop
  endfacet
  facet normal 0 0 -1
    outer loop
      vertex 6.95459 65.0454 1.6
      vertex 7.94454 64.0555 1.6
      vertex 7.74458 63.8742 1.6
    endloop
  endfacet
  facet normal 0 0 -1
    outer loop
      vertex 7.24724 66.5166 1.6
      vertex 8.54067 67.0524 1.6
      vertex 7.29187 66.3919 1.6
    endloop
  endfacet
  facet normal 0 0 -1
    outer loop
      vertex 6.85643 64.9564 1.6
      vertex 7.74458 63.8742 1.6
      vertex 7.52782 63.7135 1.6
    endloop
  endfacet
  facet normal -0 0 -1
    outer loop
      vertex 8.54067 67.0524 1.6
      vertex 7.24724 66.5166 1.6
      vertex 8.42528 67.2963 1.6
    endloop
  endfacet
  facet normal 0 0 -1
    outer loop
      vertex 7.19059 66.6364 1.6
      vertex 8.42528 67.2963 1.6
      vertex 7.24724 66.5166 1.6
    endloop
  endfacet
  facet normal 0 0 -1
    outer loop
      vertex 8.73676 65.7305 1.6
      vertex 7.3435 65.8677 1.6
      vertex 7.35 66 1.6
    endloop
  endfacet
  facet normal 0 0 -1
    outer loop
      vertex 8.69716 65.4635 1.6
      vertex 7.32406 65.7366 1.6
      vertex 7.3435 65.8677 1.6
    endloop
  endfacet
  facet normal 0 0 -1
    outer loop
      vertex 6.75002 64.8775 1.6
      vertex 7.52782 63.7135 1.6
      vertex 7.29634 63.5747 1.6
    endloop
  endfacet
  facet normal 0 0 -1
    outer loop
      vertex 8.63159 65.2017 1.6
      vertex 7.29187 65.6081 1.6
      vertex 7.32406 65.7366 1.6
    endloop
  endfacet
  facet normal 0 0 -1
    outer loop
      vertex 8.54067 64.9476 1.6
      vertex 7.24724 65.4834 1.6
      vertex 7.29187 65.6081 1.6
    endloop
  endfacet
  facet normal 0 0 -1
    outer loop
      vertex 8.42528 64.7037 1.6
      vertex 7.19059 65.3636 1.6
      vertex 7.24724 65.4834 1.6
    endloop
  endfacet
  facet normal 0 0 -1
    outer loop
      vertex 8.28654 64.4722 1.6
      vertex 7.12248 65.25 1.6
      vertex 7.19059 65.3636 1.6
    endloop
  endfacet
  facet normal 0 0 -1
    outer loop
      vertex 6.63638 64.8094 1.6
      vertex 7.29634 63.5747 1.6
      vertex 7.05238 63.4593 1.6
    endloop
  endfacet
  facet normal 0 0 -1
    outer loop
      vertex 8.12578 64.2554 1.6
      vertex 7.04356 65.1436 1.6
      vertex 7.12248 65.25 1.6
    endloop
  endfacet
  facet normal 0 0 -1
    outer loop
      vertex 7.94454 64.0555 1.6
      vertex 6.95459 65.0454 1.6
      vertex 7.04356 65.1436 1.6
    endloop
  endfacet
  facet normal 0 0 -1
    outer loop
      vertex 7.74458 63.8742 1.6
      vertex 6.85643 64.9564 1.6
      vertex 6.95459 65.0454 1.6
    endloop
  endfacet
  facet normal 0 0 -1
    outer loop
      vertex 6.51662 64.7528 1.6
      vertex 7.05238 63.4593 1.6
      vertex 6.79828 63.3684 1.6
    endloop
  endfacet
  facet normal 0 0 -1
    outer loop
      vertex 7.52782 63.7135 1.6
      vertex 6.75002 64.8775 1.6
      vertex 6.85643 64.9564 1.6
    endloop
  endfacet
  facet normal 0 0 -1
    outer loop
      vertex 7.29634 63.5747 1.6
      vertex 6.63638 64.8094 1.6
      vertex 6.75002 64.8775 1.6
    endloop
  endfacet
  facet normal 0 0 -1
    outer loop
      vertex 6.39188 64.7081 1.6
      vertex 6.79828 63.3684 1.6
      vertex 6.5365 63.3028 1.6
    endloop
  endfacet
  facet normal 0 0 -1
    outer loop
      vertex 7.05238 63.4593 1.6
      vertex 6.51662 64.7528 1.6
      vertex 6.63638 64.8094 1.6
    endloop
  endfacet
  facet normal 0 0 -1
    outer loop
      vertex 6.79828 63.3684 1.6
      vertex 6.39188 64.7081 1.6
      vertex 6.51662 64.7528 1.6
    endloop
  endfacet
  facet normal 0 0 -1
    outer loop
      vertex 6.26337 64.6759 1.6
      vertex 6.5365 63.3028 1.6
      vertex 6.26955 63.2632 1.6
    endloop
  endfacet
  facet normal 0 0 -1
    outer loop
      vertex 6.5365 63.3028 1.6
      vertex 6.26337 64.6759 1.6
      vertex 6.39188 64.7081 1.6
    endloop
  endfacet
  facet normal 0 0 -1
    outer loop
      vertex 6.26955 63.2632 1.6
      vertex 6.13232 64.6565 1.6
      vertex 6.26337 64.6759 1.6
    endloop
  endfacet
  facet normal 0 0 -1
    outer loop
      vertex 6 63.25 1.6
      vertex 6.13232 64.6565 1.6
      vertex 6.26955 63.2632 1.6
    endloop
  endfacet
  facet normal 0 0 -1
    outer loop
      vertex 6 63.25 1.6
      vertex 6 64.65 1.6
      vertex 6.13232 64.6565 1.6
    endloop
  endfacet
  facet normal 0 0 -1
    outer loop
      vertex 6 63.25 1.6
      vertex 5.86768 64.6565 1.6
      vertex 6 64.65 1.6
    endloop
  endfacet
  facet normal 0 0 -1
    outer loop
      vertex 5.73045 63.2632 1.6
      vertex 5.86768 64.6565 1.6
      vertex 6 63.25 1.6
    endloop
  endfacet
  facet normal -0 0 -1
    outer loop
      vertex 5.86768 64.6565 1.6
      vertex 5.73045 63.2632 1.6
      vertex 5.73663 64.6759 1.6
    endloop
  endfacet
  facet normal 0 0 -1
    outer loop
      vertex 5.4635 63.3028 1.6
      vertex 5.73663 64.6759 1.6
      vertex 5.73045 63.2632 1.6
    endloop
  endfacet
  facet normal -0 0 -1
    outer loop
      vertex 5.73663 64.6759 1.6
      vertex 5.4635 63.3028 1.6
      vertex 5.60812 64.7081 1.6
    endloop
  endfacet
  facet normal 0 0 -1
    outer loop
      vertex 5.20172 63.3684 1.6
      vertex 5.60812 64.7081 1.6
      vertex 5.4635 63.3028 1.6
    endloop
  endfacet
  facet normal -0 0 -1
    outer loop
      vertex 5.60812 64.7081 1.6
      vertex 5.20172 63.3684 1.6
      vertex 5.48338 64.7528 1.6
    endloop
  endfacet
  facet normal 0 0 -1
    outer loop
      vertex 4.94762 63.4593 1.6
      vertex 5.48338 64.7528 1.6
      vertex 5.20172 63.3684 1.6
    endloop
  endfacet
  facet normal -0 0 -1
    outer loop
      vertex 5.48338 64.7528 1.6
      vertex 4.94762 63.4593 1.6
      vertex 5.36362 64.8094 1.6
    endloop
  endfacet
  facet normal 0 0 -1
    outer loop
      vertex 4.70366 63.5747 1.6
      vertex 5.36362 64.8094 1.6
      vertex 4.94762 63.4593 1.6
    endloop
  endfacet
  facet normal -0 0 -1
    outer loop
      vertex 5.36362 64.8094 1.6
      vertex 4.70366 63.5747 1.6
      vertex 5.24998 64.8775 1.6
    endloop
  endfacet
  facet normal 0 0 -1
    outer loop
      vertex 4.47218 63.7135 1.6
      vertex 5.24998 64.8775 1.6
      vertex 4.70366 63.5747 1.6
    endloop
  endfacet
  facet normal -0 0 -1
    outer loop
      vertex 5.24998 64.8775 1.6
      vertex 4.47218 63.7135 1.6
      vertex 5.14357 64.9564 1.6
    endloop
  endfacet
  facet normal 0 0 -1
    outer loop
      vertex 4.25542 63.8742 1.6
      vertex 5.14357 64.9564 1.6
      vertex 4.47218 63.7135 1.6
    endloop
  endfacet
  facet normal -0 0 -1
    outer loop
      vertex 5.14357 64.9564 1.6
      vertex 4.25542 63.8742 1.6
      vertex 5.04541 65.0454 1.6
    endloop
  endfacet
  facet normal 0 0 -1
    outer loop
      vertex 4.05546 64.0555 1.6
      vertex 5.04541 65.0454 1.6
      vertex 4.25542 63.8742 1.6
    endloop
  endfacet
  facet normal -0 0 -1
    outer loop
      vertex 5.04541 65.0454 1.6
      vertex 4.05546 64.0555 1.6
      vertex 4.95644 65.1436 1.6
    endloop
  endfacet
  facet normal 0 0 -1
    outer loop
      vertex 3.87422 64.2554 1.6
      vertex 4.95644 65.1436 1.6
      vertex 4.05546 64.0555 1.6
    endloop
  endfacet
  facet normal -0 0 -1
    outer loop
      vertex 4.95644 65.1436 1.6
      vertex 3.87422 64.2554 1.6
      vertex 4.87752 65.25 1.6
    endloop
  endfacet
  facet normal 0 0 -1
    outer loop
      vertex 3.71346 64.4722 1.6
      vertex 4.87752 65.25 1.6
      vertex 3.87422 64.2554 1.6
    endloop
  endfacet
  facet normal -0 0 -1
    outer loop
      vertex 4.87752 65.25 1.6
      vertex 3.71346 64.4722 1.6
      vertex 4.80941 65.3636 1.6
    endloop
  endfacet
  facet normal 0 0 -1
    outer loop
      vertex 3.57472 64.7037 1.6
      vertex 4.80941 65.3636 1.6
      vertex 3.71346 64.4722 1.6
    endloop
  endfacet
  facet normal -0 0 -1
    outer loop
      vertex 8.42528 67.2963 1.6
      vertex 7.19059 66.6364 1.6
      vertex 8.28654 67.5278 1.6
    endloop
  endfacet
  facet normal 0 0 -1
    outer loop
      vertex 7.12248 66.75 1.6
      vertex 8.28654 67.5278 1.6
      vertex 7.19059 66.6364 1.6
    endloop
  endfacet
  facet normal -0 0 -1
    outer loop
      vertex 8.28654 67.5278 1.6
      vertex 7.12248 66.75 1.6
      vertex 8.12578 67.7446 1.6
    endloop
  endfacet
  facet normal 0 0 -1
    outer loop
      vertex 7.04356 66.8564 1.6
      vertex 8.12578 67.7446 1.6
      vertex 7.12248 66.75 1.6
    endloop
  endfacet
  facet normal -0 0 -1
    outer loop
      vertex 8.12578 67.7446 1.6
      vertex 7.04356 66.8564 1.6
      vertex 7.94454 67.9445 1.6
    endloop
  endfacet
  facet normal 0 0 -1
    outer loop
      vertex 6.95459 66.9546 1.6
      vertex 7.94454 67.9445 1.6
      vertex 7.04356 66.8564 1.6
    endloop
  endfacet
  facet normal -0 0 -1
    outer loop
      vertex 7.94454 67.9445 1.6
      vertex 6.95459 66.9546 1.6
      vertex 7.74458 68.1258 1.6
    endloop
  endfacet
  facet normal 0 0 -1
    outer loop
      vertex 6.85643 67.0436 1.6
      vertex 7.74458 68.1258 1.6
      vertex 6.95459 66.9546 1.6
    endloop
  endfacet
  facet normal -0 0 -1
    outer loop
      vertex 7.74458 68.1258 1.6
      vertex 6.85643 67.0436 1.6
      vertex 7.52782 68.2865 1.6
    endloop
  endfacet
  facet normal 0 0 -1
    outer loop
      vertex 6.75002 67.1225 1.6
      vertex 7.52782 68.2865 1.6
      vertex 6.85643 67.0436 1.6
    endloop
  endfacet
  facet normal -0 0 -1
    outer loop
      vertex 7.52782 68.2865 1.6
      vertex 6.75002 67.1225 1.6
      vertex 7.29634 68.4253 1.6
    endloop
  endfacet
  facet normal 0 0 -1
    outer loop
      vertex 6.63638 67.1906 1.6
      vertex 7.29634 68.4253 1.6
      vertex 6.75002 67.1225 1.6
    endloop
  endfacet
  facet normal -0 0 -1
    outer loop
      vertex 7.29634 68.4253 1.6
      vertex 6.63638 67.1906 1.6
      vertex 7.05238 68.5407 1.6
    endloop
  endfacet
  facet normal 0 0 -1
    outer loop
      vertex 6.51662 67.2472 1.6
      vertex 7.05238 68.5407 1.6
      vertex 6.63638 67.1906 1.6
    endloop
  endfacet
  facet normal -0 0 -1
    outer loop
      vertex 7.05238 68.5407 1.6
      vertex 6.51662 67.2472 1.6
      vertex 6.79828 68.6316 1.6
    endloop
  endfacet
  facet normal 0 0 -1
    outer loop
      vertex 6.39188 67.2919 1.6
      vertex 6.79828 68.6316 1.6
      vertex 6.51662 67.2472 1.6
    endloop
  endfacet
  facet normal -0 0 -1
    outer loop
      vertex 6.79828 68.6316 1.6
      vertex 6.39188 67.2919 1.6
      vertex 6.5365 68.6972 1.6
    endloop
  endfacet
  facet normal 0 0 -1
    outer loop
      vertex 6.26337 67.3241 1.6
      vertex 6.5365 68.6972 1.6
      vertex 6.39188 67.2919 1.6
    endloop
  endfacet
  facet normal -0 0 -1
    outer loop
      vertex 6.5365 68.6972 1.6
      vertex 6.26337 67.3241 1.6
      vertex 6.26955 68.7368 1.6
    endloop
  endfacet
  facet normal 0 0 -1
    outer loop
      vertex 6.13232 67.3435 1.6
      vertex 6.26955 68.7368 1.6
      vertex 6.26337 67.3241 1.6
    endloop
  endfacet
  facet normal 0 0 -1
    outer loop
      vertex 6 67.35 1.6
      vertex 6.26955 68.7368 1.6
      vertex 6.13232 67.3435 1.6
    endloop
  endfacet
  facet normal 0 0 -1
    outer loop
      vertex 6 67.35 1.6
      vertex 6 68.75 1.6
      vertex 6.26955 68.7368 1.6
    endloop
  endfacet
  facet normal 0 0 -1
    outer loop
      vertex 5.86768 67.3435 1.6
      vertex 6 68.75 1.6
      vertex 6 67.35 1.6
    endloop
  endfacet
  facet normal 0 0 -1
    outer loop
      vertex 5.73045 68.7368 1.6
      vertex 5.86768 67.3435 1.6
      vertex 5.73663 67.3241 1.6
    endloop
  endfacet
  facet normal 0 0 -1
    outer loop
      vertex 5.86768 67.3435 1.6
      vertex 5.73045 68.7368 1.6
      vertex 6 68.75 1.6
    endloop
  endfacet
  facet normal 0 0 -1
    outer loop
      vertex 5.4635 68.6972 1.6
      vertex 5.73663 67.3241 1.6
      vertex 5.60812 67.2919 1.6
    endloop
  endfacet
  facet normal 0 0 -1
    outer loop
      vertex 5.20172 68.6316 1.6
      vertex 5.60812 67.2919 1.6
      vertex 5.48338 67.2472 1.6
    endloop
  endfacet
  facet normal 0 0 -1
    outer loop
      vertex 5.73663 67.3241 1.6
      vertex 5.4635 68.6972 1.6
      vertex 5.73045 68.7368 1.6
    endloop
  endfacet
  facet normal 0 0 -1
    outer loop
      vertex 4.94762 68.5407 1.6
      vertex 5.48338 67.2472 1.6
      vertex 5.36362 67.1906 1.6
    endloop
  endfacet
  facet normal 0 0 -1
    outer loop
      vertex 4.70366 68.4253 1.6
      vertex 5.36362 67.1906 1.6
      vertex 5.24998 67.1225 1.6
    endloop
  endfacet
  facet normal 0 0 -1
    outer loop
      vertex 5.60812 67.2919 1.6
      vertex 5.20172 68.6316 1.6
      vertex 5.4635 68.6972 1.6
    endloop
  endfacet
  facet normal 0 0 -1
    outer loop
      vertex 4.47218 68.2865 1.6
      vertex 5.24998 67.1225 1.6
      vertex 5.14357 67.0436 1.6
    endloop
  endfacet
  facet normal 0 0 -1
    outer loop
      vertex 4.25542 68.1258 1.6
      vertex 5.14357 67.0436 1.6
      vertex 5.04541 66.9546 1.6
    endloop
  endfacet
  facet normal 0 0 -1
    outer loop
      vertex 4.05546 67.9445 1.6
      vertex 5.04541 66.9546 1.6
      vertex 4.95644 66.8564 1.6
    endloop
  endfacet
  facet normal 0 0 -1
    outer loop
      vertex 5.48338 67.2472 1.6
      vertex 4.94762 68.5407 1.6
      vertex 5.20172 68.6316 1.6
    endloop
  endfacet
  facet normal 0 0 -1
    outer loop
      vertex 3.87422 67.7446 1.6
      vertex 4.95644 66.8564 1.6
      vertex 4.87752 66.75 1.6
    endloop
  endfacet
  facet normal 0 0 -1
    outer loop
      vertex 3.71346 67.5278 1.6
      vertex 4.87752 66.75 1.6
      vertex 4.80941 66.6364 1.6
    endloop
  endfacet
  facet normal 0 0 -1
    outer loop
      vertex 3.57472 67.2963 1.6
      vertex 4.80941 66.6364 1.6
      vertex 4.75276 66.5166 1.6
    endloop
  endfacet
  facet normal 0 0 -1
    outer loop
      vertex 3.45933 67.0524 1.6
      vertex 4.75276 66.5166 1.6
      vertex 4.70813 66.3919 1.6
    endloop
  endfacet
  facet normal 0 0 -1
    outer loop
      vertex 5.36362 67.1906 1.6
      vertex 4.70366 68.4253 1.6
      vertex 4.94762 68.5407 1.6
    endloop
  endfacet
  facet normal 0 0 -1
    outer loop
      vertex 3.36841 66.7983 1.6
      vertex 4.70813 66.3919 1.6
      vertex 4.67594 66.2634 1.6
    endloop
  endfacet
  facet normal 0 0 -1
    outer loop
      vertex 3.30284 66.5365 1.6
      vertex 4.67594 66.2634 1.6
      vertex 4.6565 66.1323 1.6
    endloop
  endfacet
  facet normal 0 0 -1
    outer loop
      vertex 3.26324 66.2695 1.6
      vertex 4.6565 66.1323 1.6
      vertex 4.65 66 1.6
    endloop
  endfacet
  facet normal -0 0 -1
    outer loop
      vertex 4.80941 65.3636 1.6
      vertex 3.57472 64.7037 1.6
      vertex 4.75276 65.4834 1.6
    endloop
  endfacet
  facet normal 0 0 -1
    outer loop
      vertex 5.24998 67.1225 1.6
      vertex 4.47218 68.2865 1.6
      vertex 4.70366 68.4253 1.6
    endloop
  endfacet
  facet normal 0 0 -1
    outer loop
      vertex 3.45933 64.9476 1.6
      vertex 4.75276 65.4834 1.6
      vertex 3.57472 64.7037 1.6
    endloop
  endfacet
  facet normal 0 0 -1
    outer loop
      vertex 5.14357 67.0436 1.6
      vertex 4.25542 68.1258 1.6
      vertex 4.47218 68.2865 1.6
    endloop
  endfacet
  facet normal -0 0 -1
    outer loop
      vertex 4.75276 65.4834 1.6
      vertex 3.45933 64.9476 1.6
      vertex 4.70813 65.6081 1.6
    endloop
  endfacet
  facet normal 0 0 -1
    outer loop
      vertex 5.04541 66.9546 1.6
      vertex 4.05546 67.9445 1.6
      vertex 4.25542 68.1258 1.6
    endloop
  endfacet
  facet normal 0 0 -1
    outer loop
      vertex 3.36841 65.2017 1.6
      vertex 4.70813 65.6081 1.6
      vertex 3.45933 64.9476 1.6
    endloop
  endfacet
  facet normal 0 0 -1
    outer loop
      vertex 4.95644 66.8564 1.6
      vertex 3.87422 67.7446 1.6
      vertex 4.05546 67.9445 1.6
    endloop
  endfacet
  facet normal -0 0 -1
    outer loop
      vertex 4.70813 65.6081 1.6
      vertex 3.36841 65.2017 1.6
      vertex 4.67594 65.7366 1.6
    endloop
  endfacet
  facet normal 0 0 -1
    outer loop
      vertex 4.87752 66.75 1.6
      vertex 3.71346 67.5278 1.6
      vertex 3.87422 67.7446 1.6
    endloop
  endfacet
  facet normal 0 0 -1
    outer loop
      vertex 3.30284 65.4635 1.6
      vertex 4.67594 65.7366 1.6
      vertex 3.36841 65.2017 1.6
    endloop
  endfacet
  facet normal 0 0 -1
    outer loop
      vertex 4.80941 66.6364 1.6
      vertex 3.57472 67.2963 1.6
      vertex 3.71346 67.5278 1.6
    endloop
  endfacet
  facet normal -0 0 -1
    outer loop
      vertex 4.67594 65.7366 1.6
      vertex 3.30284 65.4635 1.6
      vertex 4.6565 65.8677 1.6
    endloop
  endfacet
  facet normal 0 0 -1
    outer loop
      vertex 4.75276 66.5166 1.6
      vertex 3.45933 67.0524 1.6
      vertex 3.57472 67.2963 1.6
    endloop
  endfacet
  facet normal 0 0 -1
    outer loop
      vertex 3.26324 65.7305 1.6
      vertex 4.6565 65.8677 1.6
      vertex 3.30284 65.4635 1.6
    endloop
  endfacet
  facet normal 0 0 -1
    outer loop
      vertex 4.70813 66.3919 1.6
      vertex 3.36841 66.7983 1.6
      vertex 3.45933 67.0524 1.6
    endloop
  endfacet
  facet normal -0 0 -1
    outer loop
      vertex 4.6565 65.8677 1.6
      vertex 3.26324 65.7305 1.6
      vertex 4.65 66 1.6
    endloop
  endfacet
  facet normal 0 0 -1
    outer loop
      vertex 4.67594 66.2634 1.6
      vertex 3.30284 66.5365 1.6
      vertex 3.36841 66.7983 1.6
    endloop
  endfacet
  facet normal 0 0 -1
    outer loop
      vertex 3.25 66 1.6
      vertex 4.65 66 1.6
      vertex 3.26324 65.7305 1.6
    endloop
  endfacet
  facet normal 0 0 -1
    outer loop
      vertex 4.6565 66.1323 1.6
      vertex 3.26324 66.2695 1.6
      vertex 3.30284 66.5365 1.6
    endloop
  endfacet
  facet normal 0 0 -1
    outer loop
      vertex 4.65 66 1.6
      vertex 3.25 66 1.6
      vertex 3.26324 66.2695 1.6
    endloop
  endfacet
  facet normal 0.146737 -0.989176 0
    outer loop
      vertex 6.26955 63.2632 1.6
      vertex 6.5365 63.3028 16
      vertex 6.26955 63.2632 16
    endloop
  endfacet
  facet normal 0.146737 -0.989176 0
    outer loop
      vertex 6.5365 63.3028 16
      vertex 6.26955 63.2632 1.6
      vertex 6.5365 63.3028 1.6
    endloop
  endfacet
  facet normal 0.941542 0.336895 0
    outer loop
      vertex 8.63159 66.7983 16
      vertex 8.54067 67.0524 1.6
      vertex 8.54067 67.0524 16
    endloop
  endfacet
  facet normal 0.941542 0.336895 0
    outer loop
      vertex 8.54067 67.0524 1.6
      vertex 8.63159 66.7983 16
      vertex 8.63159 66.7983 1.6
    endloop
  endfacet
  facet normal 0.80326 -0.595628 0
    outer loop
      vertex 8.12578 64.2554 16
      vertex 8.28654 64.4722 1.6
      vertex 8.28654 64.4722 16
    endloop
  endfacet
  facet normal 0.80326 -0.595628 0
    outer loop
      vertex 8.28654 64.4722 1.6
      vertex 8.12578 64.2554 16
      vertex 8.12578 64.2554 1.6
    endloop
  endfacet
  facet normal 0.857754 -0.51406 0
    outer loop
      vertex 8.28654 64.4722 16
      vertex 8.42528 64.7037 1.6
      vertex 8.42528 64.7037 16
    endloop
  endfacet
  facet normal 0.857754 -0.51406 0
    outer loop
      vertex 8.42528 64.7037 1.6
      vertex 8.28654 64.4722 16
      vertex 8.28654 64.4722 1.6
    endloop
  endfacet
  facet normal -0.243076 0.970007 0
    outer loop
      vertex 5.4635 68.6972 1.6
      vertex 5.20172 68.6316 16
      vertex 5.4635 68.6972 16
    endloop
  endfacet
  facet normal -0.243076 0.970007 0
    outer loop
      vertex 5.20172 68.6316 16
      vertex 5.4635 68.6972 1.6
      vertex 5.20172 68.6316 1.6
    endloop
  endfacet
  facet normal 0.941542 -0.336895 0
    outer loop
      vertex 8.54067 64.9476 16
      vertex 8.63159 65.2017 1.6
      vertex 8.63159 65.2017 16
    endloop
  endfacet
  facet normal 0.941542 -0.336895 0
    outer loop
      vertex 8.63159 65.2017 1.6
      vertex 8.54067 64.9476 16
      vertex 8.54067 64.9476 1.6
    endloop
  endfacet
  facet normal 0.0489119 0.998803 -0
    outer loop
      vertex 6.26955 68.7368 1.6
      vertex 6 68.75 16
      vertex 6.26955 68.7368 16
    endloop
  endfacet
  facet normal 0.0489119 0.998803 0
    outer loop
      vertex 6 68.75 16
      vertex 6.26955 68.7368 1.6
      vertex 6 68.75 1.6
    endloop
  endfacet
  facet normal -0.514256 0.857637 0
    outer loop
      vertex 4.70366 68.4253 1.6
      vertex 4.47218 68.2865 16
      vertex 4.70366 68.4253 16
    endloop
  endfacet
  facet normal -0.514256 0.857637 0
    outer loop
      vertex 4.47218 68.2865 16
      vertex 4.70366 68.4253 1.6
      vertex 4.47218 68.2865 1.6
    endloop
  endfacet
  facet normal 0.903941 0.427658 0
    outer loop
      vertex 8.54067 67.0524 16
      vertex 8.42528 67.2963 1.6
      vertex 8.42528 67.2963 16
    endloop
  endfacet
  facet normal 0.903941 0.427658 0
    outer loop
      vertex 8.42528 67.2963 1.6
      vertex 8.54067 67.0524 16
      vertex 8.54067 67.0524 1.6
    endloop
  endfacet
  facet normal 0.146737 0.989176 -0
    outer loop
      vertex 6.5365 68.6972 1.6
      vertex 6.26955 68.7368 16
      vertex 6.5365 68.6972 16
    endloop
  endfacet
  facet normal 0.146737 0.989176 0
    outer loop
      vertex 6.26955 68.7368 16
      vertex 6.5365 68.6972 1.6
      vertex 6.26955 68.7368 1.6
    endloop
  endfacet
  facet normal -0.243076 -0.970007 0
    outer loop
      vertex 5.20172 63.3684 1.6
      vertex 5.4635 63.3028 16
      vertex 5.20172 63.3684 16
    endloop
  endfacet
  facet normal -0.243076 -0.970007 -0
    outer loop
      vertex 5.4635 63.3028 16
      vertex 5.20172 63.3684 1.6
      vertex 5.4635 63.3028 1.6
    endloop
  endfacet
  facet normal -0.857754 -0.51406 0
    outer loop
      vertex 3.71346 64.4722 1.6
      vertex 3.57472 64.7037 16
      vertex 3.57472 64.7037 1.6
    endloop
  endfacet
  facet normal -0.857754 -0.51406 0
    outer loop
      vertex 3.57472 64.7037 16
      vertex 3.71346 64.4722 1.6
      vertex 3.71346 64.4722 16
    endloop
  endfacet
  facet normal 0.857754 0.51406 0
    outer loop
      vertex 8.42528 67.2963 16
      vertex 8.28654 67.5278 1.6
      vertex 8.28654 67.5278 16
    endloop
  endfacet
  facet normal 0.857754 0.51406 0
    outer loop
      vertex 8.28654 67.5278 1.6
      vertex 8.42528 67.2963 16
      vertex 8.42528 67.2963 1.6
    endloop
  endfacet
  facet normal -0.336829 0.941566 0
    outer loop
      vertex 5.20172 68.6316 1.6
      vertex 4.94762 68.5407 16
      vertex 5.20172 68.6316 16
    endloop
  endfacet
  facet normal -0.336829 0.941566 0
    outer loop
      vertex 4.94762 68.5407 16
      vertex 5.20172 68.6316 1.6
      vertex 4.94762 68.5407 1.6
    endloop
  endfacet
  facet normal -0.740838 -0.671683 0
    outer loop
      vertex 4.05546 64.0555 1.6
      vertex 3.87422 64.2554 16
      vertex 3.87422 64.2554 1.6
    endloop
  endfacet
  facet normal -0.740838 -0.671683 0
    outer loop
      vertex 3.87422 64.2554 16
      vertex 4.05546 64.0555 1.6
      vertex 4.05546 64.0555 16
    endloop
  endfacet
  facet normal -0.671695 0.740828 0
    outer loop
      vertex 4.25542 68.1258 1.6
      vertex 4.05546 67.9445 16
      vertex 4.25542 68.1258 16
    endloop
  endfacet
  facet normal -0.671695 0.740828 0
    outer loop
      vertex 4.05546 67.9445 16
      vertex 4.25542 68.1258 1.6
      vertex 4.05546 67.9445 1.6
    endloop
  endfacet
  facet normal -0.514256 -0.857637 0
    outer loop
      vertex 4.47218 63.7135 1.6
      vertex 4.70366 63.5747 16
      vertex 4.47218 63.7135 16
    endloop
  endfacet
  facet normal -0.514256 -0.857637 -0
    outer loop
      vertex 4.70366 63.5747 16
      vertex 4.47218 63.7135 1.6
      vertex 4.70366 63.5747 1.6
    endloop
  endfacet
  facet normal -0.970038 0.242954 0
    outer loop
      vertex 3.30284 66.5365 1.6
      vertex 3.36841 66.7983 16
      vertex 3.36841 66.7983 1.6
    endloop
  endfacet
  facet normal -0.970038 0.242954 0
    outer loop
      vertex 3.36841 66.7983 16
      vertex 3.30284 66.5365 1.6
      vertex 3.30284 66.5365 16
    endloop
  endfacet
  facet normal -0.80326 -0.595628 0
    outer loop
      vertex 3.87422 64.2554 1.6
      vertex 3.71346 64.4722 16
      vertex 3.71346 64.4722 1.6
    endloop
  endfacet
  facet normal -0.80326 -0.595628 0
    outer loop
      vertex 3.71346 64.4722 16
      vertex 3.87422 64.2554 1.6
      vertex 3.87422 64.2554 16
    endloop
  endfacet
  facet normal -0.98918 -0.14671 0
    outer loop
      vertex 3.30284 65.4635 1.6
      vertex 3.26324 65.7305 16
      vertex 3.26324 65.7305 1.6
    endloop
  endfacet
  facet normal -0.98918 -0.14671 0
    outer loop
      vertex 3.26324 65.7305 16
      vertex 3.30284 65.4635 1.6
      vertex 3.30284 65.4635 16
    endloop
  endfacet
  facet normal -0.671695 -0.740828 0
    outer loop
      vertex 4.05546 64.0555 1.6
      vertex 4.25542 63.8742 16
      vertex 4.05546 64.0555 16
    endloop
  endfacet
  facet normal -0.671695 -0.740828 -0
    outer loop
      vertex 4.25542 63.8742 16
      vertex 4.05546 64.0555 1.6
      vertex 4.25542 63.8742 1.6
    endloop
  endfacet
  facet normal -0.80326 0.595628 0
    outer loop
      vertex 3.71346 67.5278 1.6
      vertex 3.87422 67.7446 16
      vertex 3.87422 67.7446 1.6
    endloop
  endfacet
  facet normal -0.80326 0.595628 0
    outer loop
      vertex 3.87422 67.7446 16
      vertex 3.71346 67.5278 1.6
      vertex 3.71346 67.5278 16
    endloop
  endfacet
  facet normal -0.857754 0.51406 0
    outer loop
      vertex 3.57472 67.2963 1.6
      vertex 3.71346 67.5278 16
      vertex 3.71346 67.5278 1.6
    endloop
  endfacet
  facet normal -0.857754 0.51406 0
    outer loop
      vertex 3.71346 67.5278 16
      vertex 3.57472 67.2963 1.6
      vertex 3.57472 67.2963 16
    endloop
  endfacet
  facet normal 0 0 1
    outer loop
      vertex 7.35 66 16
      vertex 8.75 66 16
      vertex 8.73676 66.2695 16
    endloop
  endfacet
  facet normal 0 0 1
    outer loop
      vertex 7.3435 66.1323 16
      vertex 8.73676 66.2695 16
      vertex 8.69716 66.5365 16
    endloop
  endfacet
  facet normal 0 0 1
    outer loop
      vertex 8.75 66 16
      vertex 7.35 66 16
      vertex 8.73676 65.7305 16
    endloop
  endfacet
  facet normal 0 0 1
    outer loop
      vertex 7.32406 66.2634 16
      vertex 8.69716 66.5365 16
      vertex 8.63159 66.7983 16
    endloop
  endfacet
  facet normal -0 0 1
    outer loop
      vertex 7.3435 65.8677 16
      vertex 8.73676 65.7305 16
      vertex 7.35 66 16
    endloop
  endfacet
  facet normal 0 0 1
    outer loop
      vertex 7.29187 66.3919 16
      vertex 8.63159 66.7983 16
      vertex 8.54067 67.0524 16
    endloop
  endfacet
  facet normal 0 0 1
    outer loop
      vertex 8.73676 65.7305 16
      vertex 7.3435 65.8677 16
      vertex 8.69716 65.4635 16
    endloop
  endfacet
  facet normal 0 0 1
    outer loop
      vertex 7.24724 66.5166 16
      vertex 8.54067 67.0524 16
      vertex 8.42528 67.2963 16
    endloop
  endfacet
  facet normal -0 0 1
    outer loop
      vertex 7.32406 65.7366 16
      vertex 8.69716 65.4635 16
      vertex 7.3435 65.8677 16
    endloop
  endfacet
  facet normal 0 0 1
    outer loop
      vertex 7.19059 66.6364 16
      vertex 8.42528 67.2963 16
      vertex 8.28654 67.5278 16
    endloop
  endfacet
  facet normal 0 0 1
    outer loop
      vertex 8.69716 65.4635 16
      vertex 7.32406 65.7366 16
      vertex 8.63159 65.2017 16
    endloop
  endfacet
  facet normal 0 0 1
    outer loop
      vertex 7.12248 66.75 16
      vertex 8.28654 67.5278 16
      vertex 8.12578 67.7446 16
    endloop
  endfacet
  facet normal -0 0 1
    outer loop
      vertex 7.29187 65.6081 16
      vertex 8.63159 65.2017 16
      vertex 7.32406 65.7366 16
    endloop
  endfacet
  facet normal 0 0 1
    outer loop
      vertex 7.04356 66.8564 16
      vertex 8.12578 67.7446 16
      vertex 7.94454 67.9445 16
    endloop
  endfacet
  facet normal 0 0 1
    outer loop
      vertex 8.63159 65.2017 16
      vertex 7.29187 65.6081 16
      vertex 8.54067 64.9476 16
    endloop
  endfacet
  facet normal 0 0 1
    outer loop
      vertex 6.95459 66.9546 16
      vertex 7.94454 67.9445 16
      vertex 7.74458 68.1258 16
    endloop
  endfacet
  facet normal -0 0 1
    outer loop
      vertex 7.24724 65.4834 16
      vertex 8.54067 64.9476 16
      vertex 7.29187 65.6081 16
    endloop
  endfacet
  facet normal 0 0 1
    outer loop
      vertex 6.85643 67.0436 16
      vertex 7.74458 68.1258 16
      vertex 7.52782 68.2865 16
    endloop
  endfacet
  facet normal 0 0 1
    outer loop
      vertex 8.54067 64.9476 16
      vertex 7.24724 65.4834 16
      vertex 8.42528 64.7037 16
    endloop
  endfacet
  facet normal -0 0 1
    outer loop
      vertex 7.19059 65.3636 16
      vertex 8.42528 64.7037 16
      vertex 7.24724 65.4834 16
    endloop
  endfacet
  facet normal 0 0 1
    outer loop
      vertex 8.73676 66.2695 16
      vertex 7.3435 66.1323 16
      vertex 7.35 66 16
    endloop
  endfacet
  facet normal 0 0 1
    outer loop
      vertex 8.69716 66.5365 16
      vertex 7.32406 66.2634 16
      vertex 7.3435 66.1323 16
    endloop
  endfacet
  facet normal 0 0 1
    outer loop
      vertex 6.75002 67.1225 16
      vertex 7.52782 68.2865 16
      vertex 7.29634 68.4253 16
    endloop
  endfacet
  facet normal 0 0 1
    outer loop
      vertex 8.63159 66.7983 16
      vertex 7.29187 66.3919 16
      vertex 7.32406 66.2634 16
    endloop
  endfacet
  facet normal 0 0 1
    outer loop
      vertex 8.54067 67.0524 16
      vertex 7.24724 66.5166 16
      vertex 7.29187 66.3919 16
    endloop
  endfacet
  facet normal 0 0 1
    outer loop
      vertex 8.42528 67.2963 16
      vertex 7.19059 66.6364 16
      vertex 7.24724 66.5166 16
    endloop
  endfacet
  facet normal 0 0 1
    outer loop
      vertex 8.28654 67.5278 16
      vertex 7.12248 66.75 16
      vertex 7.19059 66.6364 16
    endloop
  endfacet
  facet normal 0 0 1
    outer loop
      vertex 6.63638 67.1906 16
      vertex 7.29634 68.4253 16
      vertex 7.05238 68.5407 16
    endloop
  endfacet
  facet normal 0 0 1
    outer loop
      vertex 8.12578 67.7446 16
      vertex 7.04356 66.8564 16
      vertex 7.12248 66.75 16
    endloop
  endfacet
  facet normal 0 0 1
    outer loop
      vertex 7.94454 67.9445 16
      vertex 6.95459 66.9546 16
      vertex 7.04356 66.8564 16
    endloop
  endfacet
  facet normal 0 0 1
    outer loop
      vertex 7.74458 68.1258 16
      vertex 6.85643 67.0436 16
      vertex 6.95459 66.9546 16
    endloop
  endfacet
  facet normal 0 0 1
    outer loop
      vertex 6.51662 67.2472 16
      vertex 7.05238 68.5407 16
      vertex 6.79828 68.6316 16
    endloop
  endfacet
  facet normal 0 0 1
    outer loop
      vertex 7.52782 68.2865 16
      vertex 6.75002 67.1225 16
      vertex 6.85643 67.0436 16
    endloop
  endfacet
  facet normal 0 0 1
    outer loop
      vertex 7.29634 68.4253 16
      vertex 6.63638 67.1906 16
      vertex 6.75002 67.1225 16
    endloop
  endfacet
  facet normal 0 0 1
    outer loop
      vertex 6.39188 67.2919 16
      vertex 6.79828 68.6316 16
      vertex 6.5365 68.6972 16
    endloop
  endfacet
  facet normal 0 0 1
    outer loop
      vertex 7.05238 68.5407 16
      vertex 6.51662 67.2472 16
      vertex 6.63638 67.1906 16
    endloop
  endfacet
  facet normal 0 0 1
    outer loop
      vertex 6.79828 68.6316 16
      vertex 6.39188 67.2919 16
      vertex 6.51662 67.2472 16
    endloop
  endfacet
  facet normal 0 0 1
    outer loop
      vertex 6.26337 67.3241 16
      vertex 6.5365 68.6972 16
      vertex 6.26955 68.7368 16
    endloop
  endfacet
  facet normal 0 0 1
    outer loop
      vertex 6.5365 68.6972 16
      vertex 6.26337 67.3241 16
      vertex 6.39188 67.2919 16
    endloop
  endfacet
  facet normal 0 0 1
    outer loop
      vertex 6.26955 68.7368 16
      vertex 6.13232 67.3435 16
      vertex 6.26337 67.3241 16
    endloop
  endfacet
  facet normal 0 0 1
    outer loop
      vertex 6 68.75 16
      vertex 6.13232 67.3435 16
      vertex 6.26955 68.7368 16
    endloop
  endfacet
  facet normal 0 0 1
    outer loop
      vertex 6 68.75 16
      vertex 6 67.35 16
      vertex 6.13232 67.3435 16
    endloop
  endfacet
  facet normal 0 0 1
    outer loop
      vertex 6 68.75 16
      vertex 5.86768 67.3435 16
      vertex 6 67.35 16
    endloop
  endfacet
  facet normal -0 0 1
    outer loop
      vertex 5.73045 68.7368 16
      vertex 5.86768 67.3435 16
      vertex 6 68.75 16
    endloop
  endfacet
  facet normal 0 0 1
    outer loop
      vertex 5.86768 67.3435 16
      vertex 5.73045 68.7368 16
      vertex 5.73663 67.3241 16
    endloop
  endfacet
  facet normal -0 0 1
    outer loop
      vertex 5.4635 68.6972 16
      vertex 5.73663 67.3241 16
      vertex 5.73045 68.7368 16
    endloop
  endfacet
  facet normal 0 0 1
    outer loop
      vertex 5.73663 67.3241 16
      vertex 5.4635 68.6972 16
      vertex 5.60812 67.2919 16
    endloop
  endfacet
  facet normal -0 0 1
    outer loop
      vertex 5.20172 68.6316 16
      vertex 5.60812 67.2919 16
      vertex 5.4635 68.6972 16
    endloop
  endfacet
  facet normal 0 0 1
    outer loop
      vertex 5.60812 67.2919 16
      vertex 5.20172 68.6316 16
      vertex 5.48338 67.2472 16
    endloop
  endfacet
  facet normal -0 0 1
    outer loop
      vertex 4.94762 68.5407 16
      vertex 5.48338 67.2472 16
      vertex 5.20172 68.6316 16
    endloop
  endfacet
  facet normal 0 0 1
    outer loop
      vertex 5.48338 67.2472 16
      vertex 4.94762 68.5407 16
      vertex 5.36362 67.1906 16
    endloop
  endfacet
  facet normal -0 0 1
    outer loop
      vertex 4.70366 68.4253 16
      vertex 5.36362 67.1906 16
      vertex 4.94762 68.5407 16
    endloop
  endfacet
  facet normal 0 0 1
    outer loop
      vertex 5.36362 67.1906 16
      vertex 4.70366 68.4253 16
      vertex 5.24998 67.1225 16
    endloop
  endfacet
  facet normal -0 0 1
    outer loop
      vertex 4.47218 68.2865 16
      vertex 5.24998 67.1225 16
      vertex 4.70366 68.4253 16
    endloop
  endfacet
  facet normal 0 0 1
    outer loop
      vertex 5.24998 67.1225 16
      vertex 4.47218 68.2865 16
      vertex 5.14357 67.0436 16
    endloop
  endfacet
  facet normal -0 0 1
    outer loop
      vertex 4.25542 68.1258 16
      vertex 5.14357 67.0436 16
      vertex 4.47218 68.2865 16
    endloop
  endfacet
  facet normal 0 0 1
    outer loop
      vertex 5.14357 67.0436 16
      vertex 4.25542 68.1258 16
      vertex 5.04541 66.9546 16
    endloop
  endfacet
  facet normal -0 0 1
    outer loop
      vertex 4.05546 67.9445 16
      vertex 5.04541 66.9546 16
      vertex 4.25542 68.1258 16
    endloop
  endfacet
  facet normal 0 0 1
    outer loop
      vertex 5.04541 66.9546 16
      vertex 4.05546 67.9445 16
      vertex 4.95644 66.8564 16
    endloop
  endfacet
  facet normal -0 0 1
    outer loop
      vertex 3.87422 67.7446 16
      vertex 4.95644 66.8564 16
      vertex 4.05546 67.9445 16
    endloop
  endfacet
  facet normal 0 0 1
    outer loop
      vertex 4.95644 66.8564 16
      vertex 3.87422 67.7446 16
      vertex 4.87752 66.75 16
    endloop
  endfacet
  facet normal -0 0 1
    outer loop
      vertex 3.71346 67.5278 16
      vertex 4.87752 66.75 16
      vertex 3.87422 67.7446 16
    endloop
  endfacet
  facet normal 0 0 1
    outer loop
      vertex 4.87752 66.75 16
      vertex 3.71346 67.5278 16
      vertex 4.80941 66.6364 16
    endloop
  endfacet
  facet normal -0 0 1
    outer loop
      vertex 3.57472 67.2963 16
      vertex 4.80941 66.6364 16
      vertex 3.71346 67.5278 16
    endloop
  endfacet
  facet normal 0 0 1
    outer loop
      vertex 8.42528 64.7037 16
      vertex 7.19059 65.3636 16
      vertex 8.28654 64.4722 16
    endloop
  endfacet
  facet normal -0 0 1
    outer loop
      vertex 7.12248 65.25 16
      vertex 8.28654 64.4722 16
      vertex 7.19059 65.3636 16
    endloop
  endfacet
  facet normal 0 0 1
    outer loop
      vertex 8.28654 64.4722 16
      vertex 7.12248 65.25 16
      vertex 8.12578 64.2554 16
    endloop
  endfacet
  facet normal -0 0 1
    outer loop
      vertex 7.04356 65.1436 16
      vertex 8.12578 64.2554 16
      vertex 7.12248 65.25 16
    endloop
  endfacet
  facet normal 0 0 1
    outer loop
      vertex 8.12578 64.2554 16
      vertex 7.04356 65.1436 16
      vertex 7.94454 64.0555 16
    endloop
  endfacet
  facet normal -0 0 1
    outer loop
      vertex 6.95459 65.0454 16
      vertex 7.94454 64.0555 16
      vertex 7.04356 65.1436 16
    endloop
  endfacet
  facet normal 0 0 1
    outer loop
      vertex 7.94454 64.0555 16
      vertex 6.95459 65.0454 16
      vertex 7.74458 63.8742 16
    endloop
  endfacet
  facet normal -0 0 1
    outer loop
      vertex 6.85643 64.9564 16
      vertex 7.74458 63.8742 16
      vertex 6.95459 65.0454 16
    endloop
  endfacet
  facet normal 0 0 1
    outer loop
      vertex 7.74458 63.8742 16
      vertex 6.85643 64.9564 16
      vertex 7.52782 63.7135 16
    endloop
  endfacet
  facet normal -0 0 1
    outer loop
      vertex 6.75002 64.8775 16
      vertex 7.52782 63.7135 16
      vertex 6.85643 64.9564 16
    endloop
  endfacet
  facet normal 0 0 1
    outer loop
      vertex 7.52782 63.7135 16
      vertex 6.75002 64.8775 16
      vertex 7.29634 63.5747 16
    endloop
  endfacet
  facet normal -0 0 1
    outer loop
      vertex 6.63638 64.8094 16
      vertex 7.29634 63.5747 16
      vertex 6.75002 64.8775 16
    endloop
  endfacet
  facet normal 0 0 1
    outer loop
      vertex 7.29634 63.5747 16
      vertex 6.63638 64.8094 16
      vertex 7.05238 63.4593 16
    endloop
  endfacet
  facet normal -0 0 1
    outer loop
      vertex 6.51662 64.7528 16
      vertex 7.05238 63.4593 16
      vertex 6.63638 64.8094 16
    endloop
  endfacet
  facet normal 0 0 1
    outer loop
      vertex 7.05238 63.4593 16
      vertex 6.51662 64.7528 16
      vertex 6.79828 63.3684 16
    endloop
  endfacet
  facet normal -0 0 1
    outer loop
      vertex 6.39188 64.7081 16
      vertex 6.79828 63.3684 16
      vertex 6.51662 64.7528 16
    endloop
  endfacet
  facet normal 0 0 1
    outer loop
      vertex 6.79828 63.3684 16
      vertex 6.39188 64.7081 16
      vertex 6.5365 63.3028 16
    endloop
  endfacet
  facet normal -0 0 1
    outer loop
      vertex 6.26337 64.6759 16
      vertex 6.5365 63.3028 16
      vertex 6.39188 64.7081 16
    endloop
  endfacet
  facet normal 0 0 1
    outer loop
      vertex 6.5365 63.3028 16
      vertex 6.26337 64.6759 16
      vertex 6.26955 63.2632 16
    endloop
  endfacet
  facet normal -0 0 1
    outer loop
      vertex 6.13232 64.6565 16
      vertex 6.26955 63.2632 16
      vertex 6.26337 64.6759 16
    endloop
  endfacet
  facet normal -0 0 1
    outer loop
      vertex 6 64.65 16
      vertex 6.26955 63.2632 16
      vertex 6.13232 64.6565 16
    endloop
  endfacet
  facet normal 0 0 1
    outer loop
      vertex 6 64.65 16
      vertex 6 63.25 16
      vertex 6.26955 63.2632 16
    endloop
  endfacet
  facet normal 0 0 1
    outer loop
      vertex 5.86768 64.6565 16
      vertex 6 63.25 16
      vertex 6 64.65 16
    endloop
  endfacet
  facet normal 0 0 1
    outer loop
      vertex 5.73045 63.2632 16
      vertex 5.86768 64.6565 16
      vertex 5.73663 64.6759 16
    endloop
  endfacet
  facet normal 0 0 1
    outer loop
      vertex 5.86768 64.6565 16
      vertex 5.73045 63.2632 16
      vertex 6 63.25 16
    endloop
  endfacet
  facet normal 0 0 1
    outer loop
      vertex 5.4635 63.3028 16
      vertex 5.73663 64.6759 16
      vertex 5.60812 64.7081 16
    endloop
  endfacet
  facet normal 0 0 1
    outer loop
      vertex 5.20172 63.3684 16
      vertex 5.60812 64.7081 16
      vertex 5.48338 64.7528 16
    endloop
  endfacet
  facet normal 0 0 1
    outer loop
      vertex 5.73663 64.6759 16
      vertex 5.4635 63.3028 16
      vertex 5.73045 63.2632 16
    endloop
  endfacet
  facet normal 0 0 1
    outer loop
      vertex 4.94762 63.4593 16
      vertex 5.48338 64.7528 16
      vertex 5.36362 64.8094 16
    endloop
  endfacet
  facet normal 0 0 1
    outer loop
      vertex 4.70366 63.5747 16
      vertex 5.36362 64.8094 16
      vertex 5.24998 64.8775 16
    endloop
  endfacet
  facet normal 0 0 1
    outer loop
      vertex 5.60812 64.7081 16
      vertex 5.20172 63.3684 16
      vertex 5.4635 63.3028 16
    endloop
  endfacet
  facet normal 0 0 1
    outer loop
      vertex 4.47218 63.7135 16
      vertex 5.24998 64.8775 16
      vertex 5.14357 64.9564 16
    endloop
  endfacet
  facet normal 0 0 1
    outer loop
      vertex 4.25542 63.8742 16
      vertex 5.14357 64.9564 16
      vertex 5.04541 65.0454 16
    endloop
  endfacet
  facet normal 0 0 1
    outer loop
      vertex 4.05546 64.0555 16
      vertex 5.04541 65.0454 16
      vertex 4.95644 65.1436 16
    endloop
  endfacet
  facet normal 0 0 1
    outer loop
      vertex 5.48338 64.7528 16
      vertex 4.94762 63.4593 16
      vertex 5.20172 63.3684 16
    endloop
  endfacet
  facet normal 0 0 1
    outer loop
      vertex 3.87422 64.2554 16
      vertex 4.95644 65.1436 16
      vertex 4.87752 65.25 16
    endloop
  endfacet
  facet normal 0 0 1
    outer loop
      vertex 3.71346 64.4722 16
      vertex 4.87752 65.25 16
      vertex 4.80941 65.3636 16
    endloop
  endfacet
  facet normal 0 0 1
    outer loop
      vertex 3.57472 64.7037 16
      vertex 4.80941 65.3636 16
      vertex 4.75276 65.4834 16
    endloop
  endfacet
  facet normal 0 0 1
    outer loop
      vertex 3.45933 64.9476 16
      vertex 4.75276 65.4834 16
      vertex 4.70813 65.6081 16
    endloop
  endfacet
  facet normal 0 0 1
    outer loop
      vertex 5.36362 64.8094 16
      vertex 4.70366 63.5747 16
      vertex 4.94762 63.4593 16
    endloop
  endfacet
  facet normal 0 0 1
    outer loop
      vertex 3.36841 65.2017 16
      vertex 4.70813 65.6081 16
      vertex 4.67594 65.7366 16
    endloop
  endfacet
  facet normal 0 0 1
    outer loop
      vertex 3.30284 65.4635 16
      vertex 4.67594 65.7366 16
      vertex 4.6565 65.8677 16
    endloop
  endfacet
  facet normal 0 0 1
    outer loop
      vertex 3.26324 65.7305 16
      vertex 4.6565 65.8677 16
      vertex 4.65 66 16
    endloop
  endfacet
  facet normal 0 0 1
    outer loop
      vertex 4.80941 66.6364 16
      vertex 3.57472 67.2963 16
      vertex 4.75276 66.5166 16
    endloop
  endfacet
  facet normal 0 0 1
    outer loop
      vertex 5.24998 64.8775 16
      vertex 4.47218 63.7135 16
      vertex 4.70366 63.5747 16
    endloop
  endfacet
  facet normal -0 0 1
    outer loop
      vertex 3.45933 67.0524 16
      vertex 4.75276 66.5166 16
      vertex 3.57472 67.2963 16
    endloop
  endfacet
  facet normal 0 0 1
    outer loop
      vertex 5.14357 64.9564 16
      vertex 4.25542 63.8742 16
      vertex 4.47218 63.7135 16
    endloop
  endfacet
  facet normal 0 0 1
    outer loop
      vertex 4.75276 66.5166 16
      vertex 3.45933 67.0524 16
      vertex 4.70813 66.3919 16
    endloop
  endfacet
  facet normal 0 0 1
    outer loop
      vertex 5.04541 65.0454 16
      vertex 4.05546 64.0555 16
      vertex 4.25542 63.8742 16
    endloop
  endfacet
  facet normal -0 0 1
    outer loop
      vertex 3.36841 66.7983 16
      vertex 4.70813 66.3919 16
      vertex 3.45933 67.0524 16
    endloop
  endfacet
  facet normal 0 0 1
    outer loop
      vertex 4.95644 65.1436 16
      vertex 3.87422 64.2554 16
      vertex 4.05546 64.0555 16
    endloop
  endfacet
  facet normal 0 0 1
    outer loop
      vertex 4.70813 66.3919 16
      vertex 3.36841 66.7983 16
      vertex 4.67594 66.2634 16
    endloop
  endfacet
  facet normal 0 0 1
    outer loop
      vertex 4.87752 65.25 16
      vertex 3.71346 64.4722 16
      vertex 3.87422 64.2554 16
    endloop
  endfacet
  facet normal -0 0 1
    outer loop
      vertex 3.30284 66.5365 16
      vertex 4.67594 66.2634 16
      vertex 3.36841 66.7983 16
    endloop
  endfacet
  facet normal 0 0 1
    outer loop
      vertex 4.80941 65.3636 16
      vertex 3.57472 64.7037 16
      vertex 3.71346 64.4722 16
    endloop
  endfacet
  facet normal 0 0 1
    outer loop
      vertex 4.67594 66.2634 16
      vertex 3.30284 66.5365 16
      vertex 4.6565 66.1323 16
    endloop
  endfacet
  facet normal 0 0 1
    outer loop
      vertex 4.75276 65.4834 16
      vertex 3.45933 64.9476 16
      vertex 3.57472 64.7037 16
    endloop
  endfacet
  facet normal -0 0 1
    outer loop
      vertex 3.26324 66.2695 16
      vertex 4.6565 66.1323 16
      vertex 3.30284 66.5365 16
    endloop
  endfacet
  facet normal 0 0 1
    outer loop
      vertex 4.70813 65.6081 16
      vertex 3.36841 65.2017 16
      vertex 3.45933 64.9476 16
    endloop
  endfacet
  facet normal 0 0 1
    outer loop
      vertex 4.6565 66.1323 16
      vertex 3.26324 66.2695 16
      vertex 4.65 66 16
    endloop
  endfacet
  facet normal 0 0 1
    outer loop
      vertex 4.67594 65.7366 16
      vertex 3.30284 65.4635 16
      vertex 3.36841 65.2017 16
    endloop
  endfacet
  facet normal 0 0 1
    outer loop
      vertex 3.25 66 16
      vertex 4.65 66 16
      vertex 3.26324 66.2695 16
    endloop
  endfacet
  facet normal 0 0 1
    outer loop
      vertex 4.6565 65.8677 16
      vertex 3.26324 65.7305 16
      vertex 3.30284 65.4635 16
    endloop
  endfacet
  facet normal 0 0 1
    outer loop
      vertex 4.65 66 16
      vertex 3.25 66 16
      vertex 3.26324 65.7305 16
    endloop
  endfacet
  facet normal -0.0489119 -0.998803 0
    outer loop
      vertex 5.73045 63.2632 1.6
      vertex 6 63.25 16
      vertex 5.73045 63.2632 16
    endloop
  endfacet
  facet normal -0.0489119 -0.998803 -0
    outer loop
      vertex 6 63.25 16
      vertex 5.73045 63.2632 1.6
      vertex 6 63.25 1.6
    endloop
  endfacet
  facet normal -0.998795 0.0490688 0
    outer loop
      vertex 3.25 66 1.6
      vertex 3.26324 66.2695 16
      vertex 3.26324 66.2695 1.6
    endloop
  endfacet
  facet normal -0.998795 0.0490688 0
    outer loop
      vertex 3.26324 66.2695 16
      vertex 3.25 66 1.6
      vertex 3.25 66 16
    endloop
  endfacet
  facet normal 0.740838 -0.671683 0
    outer loop
      vertex 7.94454 64.0555 16
      vertex 8.12578 64.2554 1.6
      vertex 8.12578 64.2554 16
    endloop
  endfacet
  facet normal 0.740838 -0.671683 0
    outer loop
      vertex 8.12578 64.2554 1.6
      vertex 7.94454 64.0555 16
      vertex 7.94454 64.0555 1.6
    endloop
  endfacet
  facet normal -0.989184 -0.14668 0
    outer loop
      vertex 7.3435 66.1323 1.6
      vertex 7.32406 66.2634 16
      vertex 7.32406 66.2634 1.6
    endloop
  endfacet
  facet normal -0.989184 -0.14668 0
    outer loop
      vertex 7.32406 66.2634 16
      vertex 7.3435 66.1323 1.6
      vertex 7.3435 66.1323 16
    endloop
  endfacet
  facet normal -0.998795 -0.0490716 0
    outer loop
      vertex 7.35 66 1.6
      vertex 7.3435 66.1323 16
      vertex 7.3435 66.1323 1.6
    endloop
  endfacet
  facet normal -0.998795 -0.0490716 0
    outer loop
      vertex 7.3435 66.1323 16
      vertex 7.35 66 1.6
      vertex 7.35 66 16
    endloop
  endfacet
  facet normal -0.970027 -0.242997 0
    outer loop
      vertex 7.32406 66.2634 1.6
      vertex 7.29187 66.3919 16
      vertex 7.29187 66.3919 1.6
    endloop
  endfacet
  facet normal -0.970027 -0.242997 0
    outer loop
      vertex 7.29187 66.3919 16
      vertex 7.32406 66.2634 1.6
      vertex 7.32406 66.2634 16
    endloop
  endfacet
  facet normal -0.33734 -0.941383 0
    outer loop
      vertex 6.39188 67.2919 1.6
      vertex 6.51662 67.2472 16
      vertex 6.39188 67.2919 16
    endloop
  endfacet
  facet normal -0.33734 -0.941383 -0
    outer loop
      vertex 6.51662 67.2472 16
      vertex 6.39188 67.2919 1.6
      vertex 6.51662 67.2472 1.6
    endloop
  endfacet
  facet normal -0.989184 0.14668 0
    outer loop
      vertex 7.32406 65.7366 1.6
      vertex 7.3435 65.8677 16
      vertex 7.3435 65.8677 1.6
    endloop
  endfacet
  facet normal -0.989184 0.14668 0
    outer loop
      vertex 7.3435 65.8677 16
      vertex 7.32406 65.7366 1.6
      vertex 7.32406 65.7366 16
    endloop
  endfacet
  facet normal -0.803177 -0.59574 0
    outer loop
      vertex 7.12248 66.75 1.6
      vertex 7.04356 66.8564 16
      vertex 7.04356 66.8564 1.6
    endloop
  endfacet
  facet normal -0.803177 -0.59574 0
    outer loop
      vertex 7.04356 66.8564 16
      vertex 7.12248 66.75 1.6
      vertex 7.12248 66.75 16
    endloop
  endfacet
  facet normal -0.595607 -0.803276 0
    outer loop
      vertex 6.75002 67.1225 1.6
      vertex 6.85643 67.0436 16
      vertex 6.75002 67.1225 16
    endloop
  endfacet
  facet normal -0.595607 -0.803276 -0
    outer loop
      vertex 6.85643 67.0436 16
      vertex 6.75002 67.1225 1.6
      vertex 6.85643 67.0436 1.6
    endloop
  endfacet
  facet normal -0.998795 0.0490716 0
    outer loop
      vertex 7.3435 65.8677 1.6
      vertex 7.35 66 16
      vertex 7.35 66 1.6
    endloop
  endfacet
  facet normal -0.998795 0.0490716 0
    outer loop
      vertex 7.35 66 16
      vertex 7.3435 65.8677 1.6
      vertex 7.3435 65.8677 16
    endloop
  endfacet
  facet normal -0.243051 -0.970014 0
    outer loop
      vertex 6.26337 67.3241 1.6
      vertex 6.39188 67.2919 16
      vertex 6.26337 67.3241 16
    endloop
  endfacet
  facet normal -0.243051 -0.970014 -0
    outer loop
      vertex 6.39188 67.2919 16
      vertex 6.26337 67.3241 1.6
      vertex 6.39188 67.2919 1.6
    endloop
  endfacet
  facet normal 0.970027 -0.242997 0
    outer loop
      vertex 4.67594 66.2634 16
      vertex 4.70813 66.3919 1.6
      vertex 4.70813 66.3919 16
    endloop
  endfacet
  facet normal 0.970027 -0.242997 0
    outer loop
      vertex 4.70813 66.3919 1.6
      vertex 4.67594 66.2634 16
      vertex 4.67594 66.2634 1.6
    endloop
  endfacet
  facet normal 0.741076 -0.671421 0
    outer loop
      vertex 4.95644 66.8564 16
      vertex 5.04541 66.9546 1.6
      vertex 5.04541 66.9546 16
    endloop
  endfacet
  facet normal 0.741076 -0.671421 0
    outer loop
      vertex 5.04541 66.9546 1.6
      vertex 4.95644 66.8564 16
      vertex 4.95644 66.8564 1.6
    endloop
  endfacet
  facet normal -0.427294 -0.904113 0
    outer loop
      vertex 6.51662 67.2472 1.6
      vertex 6.63638 67.1906 16
      vertex 6.51662 67.2472 16
    endloop
  endfacet
  facet normal -0.427294 -0.904113 -0
    outer loop
      vertex 6.63638 67.1906 16
      vertex 6.51662 67.2472 1.6
      vertex 6.63638 67.1906 1.6
    endloop
  endfacet
  facet normal 0.904022 0.427486 0
    outer loop
      vertex 4.80941 65.3636 16
      vertex 4.75276 65.4834 1.6
      vertex 4.75276 65.4834 16
    endloop
  endfacet
  facet normal 0.904022 0.427486 0
    outer loop
      vertex 4.75276 65.4834 1.6
      vertex 4.80941 65.3636 16
      vertex 4.80941 65.3636 1.6
    endloop
  endfacet
  facet normal -0.671696 0.740827 0
    outer loop
      vertex 6.95459 65.0454 1.6
      vertex 6.85643 64.9564 16
      vertex 6.95459 65.0454 16
    endloop
  endfacet
  facet normal -0.671696 0.740827 0
    outer loop
      vertex 6.85643 64.9564 16
      vertex 6.95459 65.0454 1.6
      vertex 6.85643 64.9564 1.6
    endloop
  endfacet
  facet normal 0.595607 0.803276 -0
    outer loop
      vertex 5.24998 64.8775 1.6
      vertex 5.14357 64.9564 16
      vertex 5.24998 64.8775 16
    endloop
  endfacet
  facet normal 0.595607 0.803276 0
    outer loop
      vertex 5.14357 64.9564 16
      vertex 5.24998 64.8775 1.6
      vertex 5.14357 64.9564 1.6
    endloop
  endfacet
  facet normal -0.941516 -0.336968 0
    outer loop
      vertex 7.29187 66.3919 1.6
      vertex 7.24724 66.5166 16
      vertex 7.24724 66.5166 1.6
    endloop
  endfacet
  facet normal -0.941516 -0.336968 0
    outer loop
      vertex 7.24724 66.5166 16
      vertex 7.29187 66.3919 1.6
      vertex 7.29187 66.3919 16
    endloop
  endfacet
  facet normal 0.803177 0.59574 0
    outer loop
      vertex 4.95644 65.1436 16
      vertex 4.87752 65.25 1.6
      vertex 4.87752 65.25 16
    endloop
  endfacet
  facet normal 0.803177 0.59574 0
    outer loop
      vertex 4.87752 65.25 1.6
      vertex 4.95644 65.1436 16
      vertex 4.95644 65.1436 1.6
    endloop
  endfacet
  facet normal 0.998795 0.0490716 0
    outer loop
      vertex 4.6565 65.8677 16
      vertex 4.65 66 1.6
      vertex 4.65 66 16
    endloop
  endfacet
  facet normal 0.998795 0.0490716 0
    outer loop
      vertex 4.65 66 1.6
      vertex 4.6565 65.8677 16
      vertex 4.6565 65.8677 1.6
    endloop
  endfacet
  facet normal -0.33734 0.941383 0
    outer loop
      vertex 6.51662 64.7528 1.6
      vertex 6.39188 64.7081 16
      vertex 6.51662 64.7528 16
    endloop
  endfacet
  facet normal -0.33734 0.941383 0
    outer loop
      vertex 6.39188 64.7081 16
      vertex 6.51662 64.7528 1.6
      vertex 6.39188 64.7081 1.6
    endloop
  endfacet
  facet normal 0.0490642 -0.998796 0
    outer loop
      vertex 5.86768 67.3435 1.6
      vertex 6 67.35 16
      vertex 5.86768 67.3435 16
    endloop
  endfacet
  facet normal 0.0490642 -0.998796 0
    outer loop
      vertex 6 67.35 16
      vertex 5.86768 67.3435 1.6
      vertex 6 67.35 1.6
    endloop
  endfacet
  facet normal -0.595607 0.803276 0
    outer loop
      vertex 6.85643 64.9564 1.6
      vertex 6.75002 64.8775 16
      vertex 6.85643 64.9564 16
    endloop
  endfacet
  facet normal -0.595607 0.803276 0
    outer loop
      vertex 6.75002 64.8775 16
      vertex 6.85643 64.9564 1.6
      vertex 6.75002 64.8775 1.6
    endloop
  endfacet
  facet normal 0.741076 0.671421 0
    outer loop
      vertex 5.04541 65.0454 16
      vertex 4.95644 65.1436 1.6
      vertex 4.95644 65.1436 16
    endloop
  endfacet
  facet normal 0.741076 0.671421 0
    outer loop
      vertex 4.95644 65.1436 1.6
      vertex 5.04541 65.0454 16
      vertex 5.04541 65.0454 1.6
    endloop
  endfacet
  facet normal -0.803177 0.59574 0
    outer loop
      vertex 7.04356 65.1436 1.6
      vertex 7.12248 65.25 16
      vertex 7.12248 65.25 1.6
    endloop
  endfacet
  facet normal -0.803177 0.59574 0
    outer loop
      vertex 7.12248 65.25 16
      vertex 7.04356 65.1436 1.6
      vertex 7.04356 65.1436 16
    endloop
  endfacet
  facet normal 0.857659 0.514218 0
    outer loop
      vertex 4.87752 65.25 16
      vertex 4.80941 65.3636 1.6
      vertex 4.80941 65.3636 16
    endloop
  endfacet
  facet normal 0.857659 0.514218 0
    outer loop
      vertex 4.80941 65.3636 1.6
      vertex 4.87752 65.25 16
      vertex 4.87752 65.25 1.6
    endloop
  endfacet
  facet normal -0.146439 -0.98922 0
    outer loop
      vertex 6.13232 67.3435 1.6
      vertex 6.26337 67.3241 16
      vertex 6.13232 67.3435 16
    endloop
  endfacet
  facet normal -0.146439 -0.98922 -0
    outer loop
      vertex 6.26337 67.3241 16
      vertex 6.13232 67.3435 1.6
      vertex 6.26337 67.3241 1.6
    endloop
  endfacet
  facet normal -0.146439 0.98922 0
    outer loop
      vertex 6.26337 64.6759 1.6
      vertex 6.13232 64.6565 16
      vertex 6.26337 64.6759 16
    endloop
  endfacet
  facet normal -0.146439 0.98922 0
    outer loop
      vertex 6.13232 64.6565 16
      vertex 6.26337 64.6759 1.6
      vertex 6.13232 64.6565 1.6
    endloop
  endfacet
  facet normal 0.146439 0.98922 -0
    outer loop
      vertex 5.86768 64.6565 1.6
      vertex 5.73663 64.6759 16
      vertex 5.86768 64.6565 16
    endloop
  endfacet
  facet normal 0.146439 0.98922 0
    outer loop
      vertex 5.73663 64.6759 16
      vertex 5.86768 64.6565 1.6
      vertex 5.73663 64.6759 1.6
    endloop
  endfacet
  facet normal 0.243051 -0.970014 0
    outer loop
      vertex 5.60812 67.2919 1.6
      vertex 5.73663 67.3241 16
      vertex 5.60812 67.2919 16
    endloop
  endfacet
  facet normal 0.243051 -0.970014 0
    outer loop
      vertex 5.73663 67.3241 16
      vertex 5.60812 67.2919 1.6
      vertex 5.73663 67.3241 1.6
    endloop
  endfacet
  facet normal 0.998795 -0.0490716 0
    outer loop
      vertex 4.65 66 16
      vertex 4.6565 66.1323 1.6
      vertex 4.6565 66.1323 16
    endloop
  endfacet
  facet normal 0.998795 -0.0490716 0
    outer loop
      vertex 4.6565 66.1323 1.6
      vertex 4.65 66 16
      vertex 4.65 66 1.6
    endloop
  endfacet
  facet normal -0.741076 0.671421 0
    outer loop
      vertex 6.95459 65.0454 1.6
      vertex 7.04356 65.1436 16
      vertex 7.04356 65.1436 1.6
    endloop
  endfacet
  facet normal -0.741076 0.671421 0
    outer loop
      vertex 7.04356 65.1436 16
      vertex 6.95459 65.0454 1.6
      vertex 6.95459 65.0454 16
    endloop
  endfacet
  facet normal -0.904022 -0.427486 0
    outer loop
      vertex 7.24724 66.5166 1.6
      vertex 7.19059 66.6364 16
      vertex 7.19059 66.6364 1.6
    endloop
  endfacet
  facet normal -0.904022 -0.427486 0
    outer loop
      vertex 7.19059 66.6364 16
      vertex 7.24724 66.5166 1.6
      vertex 7.24724 66.5166 16
    endloop
  endfacet
  facet normal 0.146439 -0.98922 0
    outer loop
      vertex 5.73663 67.3241 1.6
      vertex 5.86768 67.3435 16
      vertex 5.73663 67.3241 16
    endloop
  endfacet
  facet normal 0.146439 -0.98922 0
    outer loop
      vertex 5.86768 67.3435 16
      vertex 5.73663 67.3241 1.6
      vertex 5.86768 67.3435 1.6
    endloop
  endfacet
  facet normal 0.904022 -0.427486 0
    outer loop
      vertex 4.75276 66.5166 16
      vertex 4.80941 66.6364 1.6
      vertex 4.80941 66.6364 16
    endloop
  endfacet
  facet normal 0.904022 -0.427486 0
    outer loop
      vertex 4.80941 66.6364 1.6
      vertex 4.75276 66.5166 16
      vertex 4.75276 66.5166 1.6
    endloop
  endfacet
  facet normal 0.33734 -0.941383 0
    outer loop
      vertex 5.48338 67.2472 1.6
      vertex 5.60812 67.2919 16
      vertex 5.48338 67.2472 16
    endloop
  endfacet
  facet normal 0.33734 -0.941383 0
    outer loop
      vertex 5.60812 67.2919 16
      vertex 5.48338 67.2472 1.6
      vertex 5.60812 67.2919 1.6
    endloop
  endfacet
  facet normal -0.514029 -0.857773 0
    outer loop
      vertex 6.63638 67.1906 1.6
      vertex 6.75002 67.1225 16
      vertex 6.63638 67.1906 16
    endloop
  endfacet
  facet normal -0.514029 -0.857773 -0
    outer loop
      vertex 6.75002 67.1225 16
      vertex 6.63638 67.1906 1.6
      vertex 6.75002 67.1225 1.6
    endloop
  endfacet
  facet normal -0.671696 -0.740827 0
    outer loop
      vertex 6.85643 67.0436 1.6
      vertex 6.95459 66.9546 16
      vertex 6.85643 67.0436 16
    endloop
  endfacet
  facet normal -0.671696 -0.740827 -0
    outer loop
      vertex 6.95459 66.9546 16
      vertex 6.85643 67.0436 1.6
      vertex 6.95459 66.9546 1.6
    endloop
  endfacet
  facet normal 0.0490642 0.998796 -0
    outer loop
      vertex 6 64.65 1.6
      vertex 5.86768 64.6565 16
      vertex 6 64.65 16
    endloop
  endfacet
  facet normal 0.0490642 0.998796 0
    outer loop
      vertex 5.86768 64.6565 16
      vertex 6 64.65 1.6
      vertex 5.86768 64.6565 1.6
    endloop
  endfacet
  facet normal 0.941516 0.336968 0
    outer loop
      vertex 4.75276 65.4834 16
      vertex 4.70813 65.6081 1.6
      vertex 4.70813 65.6081 16
    endloop
  endfacet
  facet normal 0.941516 0.336968 0
    outer loop
      vertex 4.70813 65.6081 1.6
      vertex 4.75276 65.4834 16
      vertex 4.75276 65.4834 1.6
    endloop
  endfacet
  facet normal -0.243051 0.970014 0
    outer loop
      vertex 6.39188 64.7081 1.6
      vertex 6.26337 64.6759 16
      vertex 6.39188 64.7081 16
    endloop
  endfacet
  facet normal -0.243051 0.970014 0
    outer loop
      vertex 6.26337 64.6759 16
      vertex 6.39188 64.7081 1.6
      vertex 6.26337 64.6759 1.6
    endloop
  endfacet
  facet normal -0.904022 0.427486 0
    outer loop
      vertex 7.19059 65.3636 1.6
      vertex 7.24724 65.4834 16
      vertex 7.24724 65.4834 1.6
    endloop
  endfacet
  facet normal -0.904022 0.427486 0
    outer loop
      vertex 7.24724 65.4834 16
      vertex 7.19059 65.3636 1.6
      vertex 7.19059 65.3636 16
    endloop
  endfacet
  facet normal -0.427294 0.904113 0
    outer loop
      vertex 6.63638 64.8094 1.6
      vertex 6.51662 64.7528 16
      vertex 6.63638 64.8094 16
    endloop
  endfacet
  facet normal -0.427294 0.904113 0
    outer loop
      vertex 6.51662 64.7528 16
      vertex 6.63638 64.8094 1.6
      vertex 6.51662 64.7528 1.6
    endloop
  endfacet
  facet normal 0.427294 -0.904113 0
    outer loop
      vertex 5.36362 67.1906 1.6
      vertex 5.48338 67.2472 16
      vertex 5.36362 67.1906 16
    endloop
  endfacet
  facet normal 0.427294 -0.904113 0
    outer loop
      vertex 5.48338 67.2472 16
      vertex 5.36362 67.1906 1.6
      vertex 5.48338 67.2472 1.6
    endloop
  endfacet
  facet normal -0.0490642 -0.998796 0
    outer loop
      vertex 6 67.35 1.6
      vertex 6.13232 67.3435 16
      vertex 6 67.35 16
    endloop
  endfacet
  facet normal -0.0490642 -0.998796 -0
    outer loop
      vertex 6.13232 67.3435 16
      vertex 6 67.35 1.6
      vertex 6.13232 67.3435 1.6
    endloop
  endfacet
  facet normal 0.514029 -0.857773 0
    outer loop
      vertex 5.24998 67.1225 1.6
      vertex 5.36362 67.1906 16
      vertex 5.24998 67.1225 16
    endloop
  endfacet
  facet normal 0.514029 -0.857773 0
    outer loop
      vertex 5.36362 67.1906 16
      vertex 5.24998 67.1225 1.6
      vertex 5.36362 67.1906 1.6
    endloop
  endfacet
  facet normal -0.970027 0.242997 0
    outer loop
      vertex 7.29187 65.6081 1.6
      vertex 7.32406 65.7366 16
      vertex 7.32406 65.7366 1.6
    endloop
  endfacet
  facet normal -0.970027 0.242997 0
    outer loop
      vertex 7.32406 65.7366 16
      vertex 7.29187 65.6081 1.6
      vertex 7.29187 65.6081 16
    endloop
  endfacet
  facet normal -0.857659 -0.514218 0
    outer loop
      vertex 7.19059 66.6364 1.6
      vertex 7.12248 66.75 16
      vertex 7.12248 66.75 1.6
    endloop
  endfacet
  facet normal -0.857659 -0.514218 0
    outer loop
      vertex 7.12248 66.75 16
      vertex 7.19059 66.6364 1.6
      vertex 7.19059 66.6364 16
    endloop
  endfacet
  facet normal 0.989184 0.14668 0
    outer loop
      vertex 4.67594 65.7366 16
      vertex 4.6565 65.8677 1.6
      vertex 4.6565 65.8677 16
    endloop
  endfacet
  facet normal 0.989184 0.14668 0
    outer loop
      vertex 4.6565 65.8677 1.6
      vertex 4.67594 65.7366 16
      vertex 4.67594 65.7366 1.6
    endloop
  endfacet
  facet normal 0.595607 -0.803276 0
    outer loop
      vertex 5.14357 67.0436 1.6
      vertex 5.24998 67.1225 16
      vertex 5.14357 67.0436 16
    endloop
  endfacet
  facet normal 0.595607 -0.803276 0
    outer loop
      vertex 5.24998 67.1225 16
      vertex 5.14357 67.0436 1.6
      vertex 5.24998 67.1225 1.6
    endloop
  endfacet
  facet normal -0.0490642 0.998796 0
    outer loop
      vertex 6.13232 64.6565 1.6
      vertex 6 64.65 16
      vertex 6.13232 64.6565 16
    endloop
  endfacet
  facet normal -0.0490642 0.998796 0
    outer loop
      vertex 6 64.65 16
      vertex 6.13232 64.6565 1.6
      vertex 6 64.65 1.6
    endloop
  endfacet
  facet normal 0.970027 0.242997 0
    outer loop
      vertex 4.70813 65.6081 16
      vertex 4.67594 65.7366 1.6
      vertex 4.67594 65.7366 16
    endloop
  endfacet
  facet normal 0.970027 0.242997 0
    outer loop
      vertex 4.67594 65.7366 1.6
      vertex 4.70813 65.6081 16
      vertex 4.70813 65.6081 1.6
    endloop
  endfacet
  facet normal 0.671696 0.740827 -0
    outer loop
      vertex 5.14357 64.9564 1.6
      vertex 5.04541 65.0454 16
      vertex 5.14357 64.9564 16
    endloop
  endfacet
  facet normal 0.671696 0.740827 0
    outer loop
      vertex 5.04541 65.0454 16
      vertex 5.14357 64.9564 1.6
      vertex 5.04541 65.0454 1.6
    endloop
  endfacet
  facet normal 0.671696 -0.740827 0
    outer loop
      vertex 5.04541 66.9546 1.6
      vertex 5.14357 67.0436 16
      vertex 5.04541 66.9546 16
    endloop
  endfacet
  facet normal 0.671696 -0.740827 0
    outer loop
      vertex 5.14357 67.0436 16
      vertex 5.04541 66.9546 1.6
      vertex 5.14357 67.0436 1.6
    endloop
  endfacet
  facet normal 0.857659 -0.514218 0
    outer loop
      vertex 4.80941 66.6364 16
      vertex 4.87752 66.75 1.6
      vertex 4.87752 66.75 16
    endloop
  endfacet
  facet normal 0.857659 -0.514218 0
    outer loop
      vertex 4.87752 66.75 1.6
      vertex 4.80941 66.6364 16
      vertex 4.80941 66.6364 1.6
    endloop
  endfacet
  facet normal 0.514029 0.857773 -0
    outer loop
      vertex 5.36362 64.8094 1.6
      vertex 5.24998 64.8775 16
      vertex 5.36362 64.8094 16
    endloop
  endfacet
  facet normal 0.514029 0.857773 0
    outer loop
      vertex 5.24998 64.8775 16
      vertex 5.36362 64.8094 1.6
      vertex 5.24998 64.8775 1.6
    endloop
  endfacet
  facet normal -0.514029 0.857773 0
    outer loop
      vertex 6.75002 64.8775 1.6
      vertex 6.63638 64.8094 16
      vertex 6.75002 64.8775 16
    endloop
  endfacet
  facet normal -0.514029 0.857773 0
    outer loop
      vertex 6.63638 64.8094 16
      vertex 6.75002 64.8775 1.6
      vertex 6.63638 64.8094 1.6
    endloop
  endfacet
  facet normal 0.989184 -0.14668 0
    outer loop
      vertex 4.6565 66.1323 16
      vertex 4.67594 66.2634 1.6
      vertex 4.67594 66.2634 16
    endloop
  endfacet
  facet normal 0.989184 -0.14668 0
    outer loop
      vertex 4.67594 66.2634 1.6
      vertex 4.6565 66.1323 16
      vertex 4.6565 66.1323 1.6
    endloop
  endfacet
  facet normal -0.741076 -0.671421 0
    outer loop
      vertex 7.04356 66.8564 1.6
      vertex 6.95459 66.9546 16
      vertex 6.95459 66.9546 1.6
    endloop
  endfacet
  facet normal -0.741076 -0.671421 0
    outer loop
      vertex 6.95459 66.9546 16
      vertex 7.04356 66.8564 1.6
      vertex 7.04356 66.8564 16
    endloop
  endfacet
  facet normal 0.941516 -0.336968 0
    outer loop
      vertex 4.70813 66.3919 16
      vertex 4.75276 66.5166 1.6
      vertex 4.75276 66.5166 16
    endloop
  endfacet
  facet normal 0.941516 -0.336968 0
    outer loop
      vertex 4.75276 66.5166 1.6
      vertex 4.70813 66.3919 16
      vertex 4.70813 66.3919 1.6
    endloop
  endfacet
  facet normal -0.857659 0.514218 0
    outer loop
      vertex 7.12248 65.25 1.6
      vertex 7.19059 65.3636 16
      vertex 7.19059 65.3636 1.6
    endloop
  endfacet
  facet normal -0.857659 0.514218 0
    outer loop
      vertex 7.19059 65.3636 16
      vertex 7.12248 65.25 1.6
      vertex 7.12248 65.25 16
    endloop
  endfacet
  facet normal -0.941516 0.336968 0
    outer loop
      vertex 7.24724 65.4834 1.6
      vertex 7.29187 65.6081 16
      vertex 7.29187 65.6081 1.6
    endloop
  endfacet
  facet normal -0.941516 0.336968 0
    outer loop
      vertex 7.29187 65.6081 16
      vertex 7.24724 65.4834 1.6
      vertex 7.24724 65.4834 16
    endloop
  endfacet
  facet normal 0.33734 0.941383 -0
    outer loop
      vertex 5.60812 64.7081 1.6
      vertex 5.48338 64.7528 16
      vertex 5.60812 64.7081 16
    endloop
  endfacet
  facet normal 0.33734 0.941383 0
    outer loop
      vertex 5.48338 64.7528 16
      vertex 5.60812 64.7081 1.6
      vertex 5.48338 64.7528 1.6
    endloop
  endfacet
  facet normal 0.243051 0.970014 -0
    outer loop
      vertex 5.73663 64.6759 1.6
      vertex 5.60812 64.7081 16
      vertex 5.73663 64.6759 16
    endloop
  endfacet
  facet normal 0.243051 0.970014 0
    outer loop
      vertex 5.60812 64.7081 16
      vertex 5.73663 64.6759 1.6
      vertex 5.60812 64.7081 1.6
    endloop
  endfacet
  facet normal 0.803177 -0.59574 0
    outer loop
      vertex 4.87752 66.75 16
      vertex 4.95644 66.8564 1.6
      vertex 4.95644 66.8564 16
    endloop
  endfacet
  facet normal 0.803177 -0.59574 0
    outer loop
      vertex 4.95644 66.8564 1.6
      vertex 4.87752 66.75 16
      vertex 4.87752 66.75 1.6
    endloop
  endfacet
  facet normal 0.427294 0.904113 -0
    outer loop
      vertex 5.48338 64.7528 1.6
      vertex 5.36362 64.8094 16
      vertex 5.48338 64.7528 16
    endloop
  endfacet
  facet normal 0.427294 0.904113 0
    outer loop
      vertex 5.36362 64.8094 16
      vertex 5.48338 64.7528 1.6
      vertex 5.36362 64.8094 1.6
    endloop
  endfacet
  facet normal 0.671805 -0.740728 0
    outer loop
      vertex 85.7446 63.8742 1.6
      vertex 85.9445 64.0555 16
      vertex 85.7446 63.8742 16
    endloop
  endfacet
  facet normal 0.671805 -0.740728 0
    outer loop
      vertex 85.9445 64.0555 16
      vertex 85.7446 63.8742 1.6
      vertex 85.9445 64.0555 1.6
    endloop
  endfacet
  facet normal 0.98918 0.14671 0
    outer loop
      vertex 86.7368 66.2695 16
      vertex 86.6972 66.5365 1.6
      vertex 86.6972 66.5365 16
    endloop
  endfacet
  facet normal 0.98918 0.14671 0
    outer loop
      vertex 86.6972 66.5365 1.6
      vertex 86.7368 66.2695 16
      vertex 86.7368 66.2695 1.6
    endloop
  endfacet
  facet normal 0.998803 0.0489209 0
    outer loop
      vertex 86.75 66 16
      vertex 86.7368 66.2695 1.6
      vertex 86.7368 66.2695 16
    endloop
  endfacet
  facet normal 0.998803 0.0489209 0
    outer loop
      vertex 86.7368 66.2695 1.6
      vertex 86.75 66 16
      vertex 86.75 66 1.6
    endloop
  endfacet
  facet normal 0.970012 0.243059 0
    outer loop
      vertex 86.6972 66.5365 16
      vertex 86.6316 66.7983 1.6
      vertex 86.6316 66.7983 16
    endloop
  endfacet
  facet normal 0.970012 0.243059 0
    outer loop
      vertex 86.6316 66.7983 1.6
      vertex 86.6972 66.5365 16
      vertex 86.6972 66.5365 1.6
    endloop
  endfacet
  facet normal 0.427688 -0.903926 0
    outer loop
      vertex 85.0524 63.4593 1.6
      vertex 85.2963 63.5747 16
      vertex 85.0524 63.4593 16
    endloop
  endfacet
  facet normal 0.427688 -0.903926 0
    outer loop
      vertex 85.2963 63.5747 16
      vertex 85.0524 63.4593 1.6
      vertex 85.2963 63.5747 1.6
    endloop
  endfacet
  facet normal -0.0489209 0.998803 0
    outer loop
      vertex 84 68.75 1.6
      vertex 83.7305 68.7368 16
      vertex 84 68.75 16
    endloop
  endfacet
  facet normal -0.0489209 0.998803 0
    outer loop
      vertex 83.7305 68.7368 16
      vertex 84 68.75 1.6
      vertex 83.7305 68.7368 1.6
    endloop
  endfacet
  facet normal -0.427688 0.903926 0
    outer loop
      vertex 82.9476 68.5407 1.6
      vertex 82.7037 68.4253 16
      vertex 82.9476 68.5407 16
    endloop
  endfacet
  facet normal -0.427688 0.903926 0
    outer loop
      vertex 82.7037 68.4253 16
      vertex 82.9476 68.5407 1.6
      vertex 82.7037 68.4253 1.6
    endloop
  endfacet
  facet normal 0.740728 0.671805 0
    outer loop
      vertex 86.1258 67.7446 16
      vertex 85.9445 67.9445 1.6
      vertex 85.9445 67.9445 16
    endloop
  endfacet
  facet normal 0.740728 0.671805 0
    outer loop
      vertex 85.9445 67.9445 1.6
      vertex 86.1258 67.7446 16
      vertex 86.1258 67.7446 1.6
    endloop
  endfacet
  facet normal -0.14671 -0.98918 0
    outer loop
      vertex 83.4635 63.3028 1.6
      vertex 83.7305 63.2632 16
      vertex 83.4635 63.3028 16
    endloop
  endfacet
  facet normal -0.14671 -0.98918 -0
    outer loop
      vertex 83.7305 63.2632 16
      vertex 83.4635 63.3028 1.6
      vertex 83.7305 63.2632 1.6
    endloop
  endfacet
  facet normal 0.427688 0.903926 -0
    outer loop
      vertex 85.2963 68.4253 1.6
      vertex 85.0524 68.5407 16
      vertex 85.2963 68.4253 16
    endloop
  endfacet
  facet normal 0.427688 0.903926 0
    outer loop
      vertex 85.0524 68.5407 16
      vertex 85.2963 68.4253 1.6
      vertex 85.0524 68.5407 1.6
    endloop
  endfacet
  facet normal -0.14671 0.98918 0
    outer loop
      vertex 83.7305 68.7368 1.6
      vertex 83.4635 68.6972 16
      vertex 83.7305 68.7368 16
    endloop
  endfacet
  facet normal -0.14671 0.98918 0
    outer loop
      vertex 83.4635 68.6972 16
      vertex 83.7305 68.7368 1.6
      vertex 83.4635 68.6972 1.6
    endloop
  endfacet
  facet normal 0.243059 -0.970012 0
    outer loop
      vertex 84.5365 63.3028 1.6
      vertex 84.7983 63.3684 16
      vertex 84.5365 63.3028 16
    endloop
  endfacet
  facet normal 0.243059 -0.970012 0
    outer loop
      vertex 84.7983 63.3684 16
      vertex 84.5365 63.3028 1.6
      vertex 84.7983 63.3684 1.6
    endloop
  endfacet
  facet normal -0.595485 0.803367 0
    outer loop
      vertex 82.4722 68.2865 1.6
      vertex 82.2554 68.1258 16
      vertex 82.4722 68.2865 16
    endloop
  endfacet
  facet normal -0.595485 0.803367 0
    outer loop
      vertex 82.2554 68.1258 16
      vertex 82.4722 68.2865 1.6
      vertex 82.2554 68.1258 1.6
    endloop
  endfacet
  facet normal -0.903926 0.427688 0
    outer loop
      vertex 81.4593 67.0524 1.6
      vertex 81.5747 67.2963 16
      vertex 81.5747 67.2963 1.6
    endloop
  endfacet
  facet normal -0.903926 0.427688 0
    outer loop
      vertex 81.5747 67.2963 16
      vertex 81.4593 67.0524 1.6
      vertex 81.4593 67.0524 16
    endloop
  endfacet
  facet normal -0.427688 -0.903926 0
    outer loop
      vertex 82.7037 63.5747 1.6
      vertex 82.9476 63.4593 16
      vertex 82.7037 63.5747 16
    endloop
  endfacet
  facet normal -0.427688 -0.903926 -0
    outer loop
      vertex 82.9476 63.4593 16
      vertex 82.7037 63.5747 1.6
      vertex 82.9476 63.4593 1.6
    endloop
  endfacet
  facet normal 0.336829 -0.941566 0
    outer loop
      vertex 84.7983 63.3684 1.6
      vertex 85.0524 63.4593 16
      vertex 84.7983 63.3684 16
    endloop
  endfacet
  facet normal 0.336829 -0.941566 0
    outer loop
      vertex 85.0524 63.4593 16
      vertex 84.7983 63.3684 1.6
      vertex 85.0524 63.4593 1.6
    endloop
  endfacet
  facet normal -0.595485 -0.803367 0
    outer loop
      vertex 82.2554 63.8742 1.6
      vertex 82.4722 63.7135 16
      vertex 82.2554 63.8742 16
    endloop
  endfacet
  facet normal -0.595485 -0.803367 -0
    outer loop
      vertex 82.4722 63.7135 16
      vertex 82.2554 63.8742 1.6
      vertex 82.4722 63.7135 1.6
    endloop
  endfacet
  facet normal -0.903926 -0.427688 0
    outer loop
      vertex 81.5747 64.7037 1.6
      vertex 81.4593 64.9476 16
      vertex 81.4593 64.9476 1.6
    endloop
  endfacet
  facet normal -0.903926 -0.427688 0
    outer loop
      vertex 81.4593 64.9476 16
      vertex 81.5747 64.7037 1.6
      vertex 81.5747 64.7037 16
    endloop
  endfacet
  facet normal 0.514223 0.857656 -0
    outer loop
      vertex 85.5278 68.2865 1.6
      vertex 85.2963 68.4253 16
      vertex 85.5278 68.2865 16
    endloop
  endfacet
  facet normal 0.514223 0.857656 0
    outer loop
      vertex 85.2963 68.4253 16
      vertex 85.5278 68.2865 1.6
      vertex 85.2963 68.4253 1.6
    endloop
  endfacet
  facet normal 0.595485 -0.803367 0
    outer loop
      vertex 85.5278 63.7135 1.6
      vertex 85.7446 63.8742 16
      vertex 85.5278 63.7135 16
    endloop
  endfacet
  facet normal 0.595485 -0.803367 0
    outer loop
      vertex 85.7446 63.8742 16
      vertex 85.5278 63.7135 1.6
      vertex 85.7446 63.8742 1.6
    endloop
  endfacet
  facet normal -0.998803 -0.0489209 0
    outer loop
      vertex 81.2632 65.7305 1.6
      vertex 81.25 66 16
      vertex 81.25 66 1.6
    endloop
  endfacet
  facet normal -0.998803 -0.0489209 0
    outer loop
      vertex 81.25 66 16
      vertex 81.2632 65.7305 1.6
      vertex 81.2632 65.7305 16
    endloop
  endfacet
  facet normal -0.336829 -0.941566 0
    outer loop
      vertex 82.9476 63.4593 1.6
      vertex 83.2017 63.3684 16
      vertex 82.9476 63.4593 16
    endloop
  endfacet
  facet normal -0.336829 -0.941566 -0
    outer loop
      vertex 83.2017 63.3684 16
      vertex 82.9476 63.4593 1.6
      vertex 83.2017 63.3684 1.6
    endloop
  endfacet
  facet normal 0.595485 0.803367 -0
    outer loop
      vertex 85.7446 68.1258 1.6
      vertex 85.5278 68.2865 16
      vertex 85.7446 68.1258 16
    endloop
  endfacet
  facet normal 0.595485 0.803367 0
    outer loop
      vertex 85.5278 68.2865 16
      vertex 85.7446 68.1258 1.6
      vertex 85.5278 68.2865 1.6
    endloop
  endfacet
  facet normal 0.970012 -0.243059 0
    outer loop
      vertex 86.6316 65.2017 16
      vertex 86.6972 65.4635 1.6
      vertex 86.6972 65.4635 16
    endloop
  endfacet
  facet normal 0.970012 -0.243059 0
    outer loop
      vertex 86.6972 65.4635 1.6
      vertex 86.6316 65.2017 16
      vertex 86.6316 65.2017 1.6
    endloop
  endfacet
  facet normal -0.941566 -0.336829 0
    outer loop
      vertex 81.4593 64.9476 1.6
      vertex 81.3684 65.2017 16
      vertex 81.3684 65.2017 1.6
    endloop
  endfacet
  facet normal -0.941566 -0.336829 0
    outer loop
      vertex 81.3684 65.2017 16
      vertex 81.4593 64.9476 1.6
      vertex 81.4593 64.9476 16
    endloop
  endfacet
  facet normal 0.243059 0.970012 -0
    outer loop
      vertex 84.7983 68.6316 1.6
      vertex 84.5365 68.6972 16
      vertex 84.7983 68.6316 16
    endloop
  endfacet
  facet normal 0.243059 0.970012 0
    outer loop
      vertex 84.5365 68.6972 16
      vertex 84.7983 68.6316 1.6
      vertex 84.5365 68.6972 1.6
    endloop
  endfacet
  facet normal -0.740728 0.671805 0
    outer loop
      vertex 81.8742 67.7446 1.6
      vertex 82.0555 67.9445 16
      vertex 82.0555 67.9445 1.6
    endloop
  endfacet
  facet normal -0.740728 0.671805 0
    outer loop
      vertex 82.0555 67.9445 16
      vertex 81.8742 67.7446 1.6
      vertex 81.8742 67.7446 16
    endloop
  endfacet
  facet normal 0.0489209 -0.998803 0
    outer loop
      vertex 84 63.25 1.6
      vertex 84.2695 63.2632 16
      vertex 84 63.25 16
    endloop
  endfacet
  facet normal 0.0489209 -0.998803 0
    outer loop
      vertex 84.2695 63.2632 16
      vertex 84 63.25 1.6
      vertex 84.2695 63.2632 1.6
    endloop
  endfacet
  facet normal 0.803367 0.595485 0
    outer loop
      vertex 86.2865 67.5278 16
      vertex 86.1258 67.7446 1.6
      vertex 86.1258 67.7446 16
    endloop
  endfacet
  facet normal 0.803367 0.595485 0
    outer loop
      vertex 86.1258 67.7446 1.6
      vertex 86.2865 67.5278 16
      vertex 86.2865 67.5278 1.6
    endloop
  endfacet
  facet normal -0.970012 -0.243059 0
    outer loop
      vertex 81.3684 65.2017 1.6
      vertex 81.3028 65.4635 16
      vertex 81.3028 65.4635 1.6
    endloop
  endfacet
  facet normal -0.970012 -0.243059 0
    outer loop
      vertex 81.3028 65.4635 16
      vertex 81.3684 65.2017 1.6
      vertex 81.3684 65.2017 16
    endloop
  endfacet
  facet normal 0.98918 -0.14671 0
    outer loop
      vertex 86.6972 65.4635 16
      vertex 86.7368 65.7305 1.6
      vertex 86.7368 65.7305 16
    endloop
  endfacet
  facet normal 0.98918 -0.14671 0
    outer loop
      vertex 86.7368 65.7305 1.6
      vertex 86.6972 65.4635 16
      vertex 86.6972 65.4635 1.6
    endloop
  endfacet
  facet normal 0.514223 -0.857656 0
    outer loop
      vertex 85.2963 63.5747 1.6
      vertex 85.5278 63.7135 16
      vertex 85.2963 63.5747 16
    endloop
  endfacet
  facet normal 0.514223 -0.857656 0
    outer loop
      vertex 85.5278 63.7135 16
      vertex 85.2963 63.5747 1.6
      vertex 85.5278 63.7135 1.6
    endloop
  endfacet
  facet normal -0.941566 0.336829 0
    outer loop
      vertex 81.3684 66.7983 1.6
      vertex 81.4593 67.0524 16
      vertex 81.4593 67.0524 1.6
    endloop
  endfacet
  facet normal -0.941566 0.336829 0
    outer loop
      vertex 81.4593 67.0524 16
      vertex 81.3684 66.7983 1.6
      vertex 81.3684 66.7983 16
    endloop
  endfacet
  facet normal 0.671805 0.740728 -0
    outer loop
      vertex 85.9445 67.9445 1.6
      vertex 85.7446 68.1258 16
      vertex 85.9445 67.9445 16
    endloop
  endfacet
  facet normal 0.671805 0.740728 0
    outer loop
      vertex 85.7446 68.1258 16
      vertex 85.9445 67.9445 1.6
      vertex 85.7446 68.1258 1.6
    endloop
  endfacet
  facet normal -0.98918 0.14671 0
    outer loop
      vertex 81.2632 66.2695 1.6
      vertex 81.3028 66.5365 16
      vertex 81.3028 66.5365 1.6
    endloop
  endfacet
  facet normal -0.98918 0.14671 0
    outer loop
      vertex 81.3028 66.5365 16
      vertex 81.2632 66.2695 1.6
      vertex 81.2632 66.2695 16
    endloop
  endfacet
  facet normal 0.903926 -0.427688 0
    outer loop
      vertex 86.4253 64.7037 16
      vertex 86.5407 64.9476 1.6
      vertex 86.5407 64.9476 16
    endloop
  endfacet
  facet normal 0.903926 -0.427688 0
    outer loop
      vertex 86.5407 64.9476 1.6
      vertex 86.4253 64.7037 16
      vertex 86.4253 64.7037 1.6
    endloop
  endfacet
  facet normal 0.336829 0.941566 -0
    outer loop
      vertex 85.0524 68.5407 1.6
      vertex 84.7983 68.6316 16
      vertex 85.0524 68.5407 16
    endloop
  endfacet
  facet normal 0.336829 0.941566 0
    outer loop
      vertex 84.7983 68.6316 16
      vertex 85.0524 68.5407 1.6
      vertex 84.7983 68.6316 1.6
    endloop
  endfacet
  facet normal 0.998803 -0.0489209 0
    outer loop
      vertex 86.7368 65.7305 16
      vertex 86.75 66 1.6
      vertex 86.75 66 16
    endloop
  endfacet
  facet normal 0.998803 -0.0489209 0
    outer loop
      vertex 86.75 66 1.6
      vertex 86.7368 65.7305 16
      vertex 86.7368 65.7305 1.6
    endloop
  endfacet
  facet normal 0 0 -1
    outer loop
      vertex 85.35 66 1.6
      vertex 86.75 66 1.6
      vertex 86.7368 65.7305 1.6
    endloop
  endfacet
  facet normal 0 0 -1
    outer loop
      vertex 85.3435 65.8677 1.6
      vertex 86.7368 65.7305 1.6
      vertex 86.6972 65.4635 1.6
    endloop
  endfacet
  facet normal 0 0 -1
    outer loop
      vertex 86.75 66 1.6
      vertex 85.35 66 1.6
      vertex 86.7368 66.2695 1.6
    endloop
  endfacet
  facet normal 0 0 -1
    outer loop
      vertex 85.3241 65.7366 1.6
      vertex 86.6972 65.4635 1.6
      vertex 86.6316 65.2017 1.6
    endloop
  endfacet
  facet normal 0 0 -1
    outer loop
      vertex 85.3435 66.1323 1.6
      vertex 86.7368 66.2695 1.6
      vertex 85.35 66 1.6
    endloop
  endfacet
  facet normal 0 0 -1
    outer loop
      vertex 85.2919 65.6081 1.6
      vertex 86.6316 65.2017 1.6
      vertex 86.5407 64.9476 1.6
    endloop
  endfacet
  facet normal -0 0 -1
    outer loop
      vertex 86.7368 66.2695 1.6
      vertex 85.3435 66.1323 1.6
      vertex 86.6972 66.5365 1.6
    endloop
  endfacet
  facet normal 0 0 -1
    outer loop
      vertex 85.2472 65.4834 1.6
      vertex 86.5407 64.9476 1.6
      vertex 86.4253 64.7037 1.6
    endloop
  endfacet
  facet normal 0 0 -1
    outer loop
      vertex 85.3241 66.2634 1.6
      vertex 86.6972 66.5365 1.6
      vertex 85.3435 66.1323 1.6
    endloop
  endfacet
  facet normal 0 0 -1
    outer loop
      vertex 85.1906 65.3636 1.6
      vertex 86.4253 64.7037 1.6
      vertex 86.2865 64.4722 1.6
    endloop
  endfacet
  facet normal -0 0 -1
    outer loop
      vertex 86.6972 66.5365 1.6
      vertex 85.3241 66.2634 1.6
      vertex 86.6316 66.7983 1.6
    endloop
  endfacet
  facet normal 0 0 -1
    outer loop
      vertex 85.1225 65.25 1.6
      vertex 86.2865 64.4722 1.6
      vertex 86.1258 64.2554 1.6
    endloop
  endfacet
  facet normal 0 0 -1
    outer loop
      vertex 85.2919 66.3919 1.6
      vertex 86.6316 66.7983 1.6
      vertex 85.3241 66.2634 1.6
    endloop
  endfacet
  facet normal 0 0 -1
    outer loop
      vertex 85.0436 65.1436 1.6
      vertex 86.1258 64.2554 1.6
      vertex 85.9445 64.0555 1.6
    endloop
  endfacet
  facet normal -0 0 -1
    outer loop
      vertex 86.6316 66.7983 1.6
      vertex 85.2919 66.3919 1.6
      vertex 86.5407 67.0524 1.6
    endloop
  endfacet
  facet normal 0 0 -1
    outer loop
      vertex 84.9546 65.0454 1.6
      vertex 85.9445 64.0555 1.6
      vertex 85.7446 63.8742 1.6
    endloop
  endfacet
  facet normal 0 0 -1
    outer loop
      vertex 85.2472 66.5166 1.6
      vertex 86.5407 67.0524 1.6
      vertex 85.2919 66.3919 1.6
    endloop
  endfacet
  facet normal 0 0 -1
    outer loop
      vertex 84.8564 64.9564 1.6
      vertex 85.7446 63.8742 1.6
      vertex 85.5278 63.7135 1.6
    endloop
  endfacet
  facet normal -0 0 -1
    outer loop
      vertex 86.5407 67.0524 1.6
      vertex 85.2472 66.5166 1.6
      vertex 86.4253 67.2963 1.6
    endloop
  endfacet
  facet normal 0 0 -1
    outer loop
      vertex 85.1906 66.6364 1.6
      vertex 86.4253 67.2963 1.6
      vertex 85.2472 66.5166 1.6
    endloop
  endfacet
  facet normal 0 0 -1
    outer loop
      vertex 86.7368 65.7305 1.6
      vertex 85.3435 65.8677 1.6
      vertex 85.35 66 1.6
    endloop
  endfacet
  facet normal 0 0 -1
    outer loop
      vertex 86.6972 65.4635 1.6
      vertex 85.3241 65.7366 1.6
      vertex 85.3435 65.8677 1.6
    endloop
  endfacet
  facet normal 0 0 -1
    outer loop
      vertex 84.75 64.8775 1.6
      vertex 85.5278 63.7135 1.6
      vertex 85.2963 63.5747 1.6
    endloop
  endfacet
  facet normal 0 0 -1
    outer loop
      vertex 86.6316 65.2017 1.6
      vertex 85.2919 65.6081 1.6
      vertex 85.3241 65.7366 1.6
    endloop
  endfacet
  facet normal 0 0 -1
    outer loop
      vertex 86.5407 64.9476 1.6
      vertex 85.2472 65.4834 1.6
      vertex 85.2919 65.6081 1.6
    endloop
  endfacet
  facet normal 0 0 -1
    outer loop
      vertex 86.4253 64.7037 1.6
      vertex 85.1906 65.3636 1.6
      vertex 85.2472 65.4834 1.6
    endloop
  endfacet
  facet normal 0 0 -1
    outer loop
      vertex 86.2865 64.4722 1.6
      vertex 85.1225 65.25 1.6
      vertex 85.1906 65.3636 1.6
    endloop
  endfacet
  facet normal 0 0 -1
    outer loop
      vertex 84.6364 64.8094 1.6
      vertex 85.2963 63.5747 1.6
      vertex 85.0524 63.4593 1.6
    endloop
  endfacet
  facet normal 0 0 -1
    outer loop
      vertex 86.1258 64.2554 1.6
      vertex 85.0436 65.1436 1.6
      vertex 85.1225 65.25 1.6
    endloop
  endfacet
  facet normal 0 0 -1
    outer loop
      vertex 85.9445 64.0555 1.6
      vertex 84.9546 65.0454 1.6
      vertex 85.0436 65.1436 1.6
    endloop
  endfacet
  facet normal 0 0 -1
    outer loop
      vertex 85.7446 63.8742 1.6
      vertex 84.8564 64.9564 1.6
      vertex 84.9546 65.0454 1.6
    endloop
  endfacet
  facet normal 0 0 -1
    outer loop
      vertex 84.5166 64.7528 1.6
      vertex 85.0524 63.4593 1.6
      vertex 84.7983 63.3684 1.6
    endloop
  endfacet
  facet normal 0 0 -1
    outer loop
      vertex 85.5278 63.7135 1.6
      vertex 84.75 64.8775 1.6
      vertex 84.8564 64.9564 1.6
    endloop
  endfacet
  facet normal 0 0 -1
    outer loop
      vertex 85.2963 63.5747 1.6
      vertex 84.6364 64.8094 1.6
      vertex 84.75 64.8775 1.6
    endloop
  endfacet
  facet normal 0 0 -1
    outer loop
      vertex 84.3919 64.7081 1.6
      vertex 84.7983 63.3684 1.6
      vertex 84.5365 63.3028 1.6
    endloop
  endfacet
  facet normal 0 0 -1
    outer loop
      vertex 85.0524 63.4593 1.6
      vertex 84.5166 64.7528 1.6
      vertex 84.6364 64.8094 1.6
    endloop
  endfacet
  facet normal 0 0 -1
    outer loop
      vertex 84.7983 63.3684 1.6
      vertex 84.3919 64.7081 1.6
      vertex 84.5166 64.7528 1.6
    endloop
  endfacet
  facet normal 0 0 -1
    outer loop
      vertex 84.2634 64.6759 1.6
      vertex 84.5365 63.3028 1.6
      vertex 84.2695 63.2632 1.6
    endloop
  endfacet
  facet normal 0 0 -1
    outer loop
      vertex 84.5365 63.3028 1.6
      vertex 84.2634 64.6759 1.6
      vertex 84.3919 64.7081 1.6
    endloop
  endfacet
  facet normal 0 0 -1
    outer loop
      vertex 84.2695 63.2632 1.6
      vertex 84.1323 64.6565 1.6
      vertex 84.2634 64.6759 1.6
    endloop
  endfacet
  facet normal 0 0 -1
    outer loop
      vertex 84 63.25 1.6
      vertex 84.1323 64.6565 1.6
      vertex 84.2695 63.2632 1.6
    endloop
  endfacet
  facet normal 0 0 -1
    outer loop
      vertex 84 63.25 1.6
      vertex 84 64.65 1.6
      vertex 84.1323 64.6565 1.6
    endloop
  endfacet
  facet normal 0 0 -1
    outer loop
      vertex 84 63.25 1.6
      vertex 83.8677 64.6565 1.6
      vertex 84 64.65 1.6
    endloop
  endfacet
  facet normal 0 0 -1
    outer loop
      vertex 83.7305 63.2632 1.6
      vertex 83.8677 64.6565 1.6
      vertex 84 63.25 1.6
    endloop
  endfacet
  facet normal -0 0 -1
    outer loop
      vertex 83.8677 64.6565 1.6
      vertex 83.7305 63.2632 1.6
      vertex 83.7366 64.6759 1.6
    endloop
  endfacet
  facet normal 0 0 -1
    outer loop
      vertex 83.4635 63.3028 1.6
      vertex 83.7366 64.6759 1.6
      vertex 83.7305 63.2632 1.6
    endloop
  endfacet
  facet normal -0 0 -1
    outer loop
      vertex 83.7366 64.6759 1.6
      vertex 83.4635 63.3028 1.6
      vertex 83.6081 64.7081 1.6
    endloop
  endfacet
  facet normal 0 0 -1
    outer loop
      vertex 83.2017 63.3684 1.6
      vertex 83.6081 64.7081 1.6
      vertex 83.4635 63.3028 1.6
    endloop
  endfacet
  facet normal -0 0 -1
    outer loop
      vertex 83.6081 64.7081 1.6
      vertex 83.2017 63.3684 1.6
      vertex 83.4834 64.7528 1.6
    endloop
  endfacet
  facet normal 0 0 -1
    outer loop
      vertex 82.9476 63.4593 1.6
      vertex 83.4834 64.7528 1.6
      vertex 83.2017 63.3684 1.6
    endloop
  endfacet
  facet normal -0 0 -1
    outer loop
      vertex 83.4834 64.7528 1.6
      vertex 82.9476 63.4593 1.6
      vertex 83.3636 64.8094 1.6
    endloop
  endfacet
  facet normal 0 0 -1
    outer loop
      vertex 82.7037 63.5747 1.6
      vertex 83.3636 64.8094 1.6
      vertex 82.9476 63.4593 1.6
    endloop
  endfacet
  facet normal -0 0 -1
    outer loop
      vertex 83.3636 64.8094 1.6
      vertex 82.7037 63.5747 1.6
      vertex 83.25 64.8775 1.6
    endloop
  endfacet
  facet normal 0 0 -1
    outer loop
      vertex 82.4722 63.7135 1.6
      vertex 83.25 64.8775 1.6
      vertex 82.7037 63.5747 1.6
    endloop
  endfacet
  facet normal -0 0 -1
    outer loop
      vertex 83.25 64.8775 1.6
      vertex 82.4722 63.7135 1.6
      vertex 83.1436 64.9564 1.6
    endloop
  endfacet
  facet normal 0 0 -1
    outer loop
      vertex 82.2554 63.8742 1.6
      vertex 83.1436 64.9564 1.6
      vertex 82.4722 63.7135 1.6
    endloop
  endfacet
  facet normal -0 0 -1
    outer loop
      vertex 83.1436 64.9564 1.6
      vertex 82.2554 63.8742 1.6
      vertex 83.0454 65.0454 1.6
    endloop
  endfacet
  facet normal 0 0 -1
    outer loop
      vertex 82.0555 64.0555 1.6
      vertex 83.0454 65.0454 1.6
      vertex 82.2554 63.8742 1.6
    endloop
  endfacet
  facet normal -0 0 -1
    outer loop
      vertex 83.0454 65.0454 1.6
      vertex 82.0555 64.0555 1.6
      vertex 82.9564 65.1436 1.6
    endloop
  endfacet
  facet normal 0 0 -1
    outer loop
      vertex 81.8742 64.2554 1.6
      vertex 82.9564 65.1436 1.6
      vertex 82.0555 64.0555 1.6
    endloop
  endfacet
  facet normal -0 0 -1
    outer loop
      vertex 82.9564 65.1436 1.6
      vertex 81.8742 64.2554 1.6
      vertex 82.8775 65.25 1.6
    endloop
  endfacet
  facet normal 0 0 -1
    outer loop
      vertex 81.7135 64.4722 1.6
      vertex 82.8775 65.25 1.6
      vertex 81.8742 64.2554 1.6
    endloop
  endfacet
  facet normal -0 0 -1
    outer loop
      vertex 82.8775 65.25 1.6
      vertex 81.7135 64.4722 1.6
      vertex 82.8094 65.3636 1.6
    endloop
  endfacet
  facet normal 0 0 -1
    outer loop
      vertex 81.5747 64.7037 1.6
      vertex 82.8094 65.3636 1.6
      vertex 81.7135 64.4722 1.6
    endloop
  endfacet
  facet normal -0 0 -1
    outer loop
      vertex 86.4253 67.2963 1.6
      vertex 85.1906 66.6364 1.6
      vertex 86.2865 67.5278 1.6
    endloop
  endfacet
  facet normal 0 0 -1
    outer loop
      vertex 85.1225 66.75 1.6
      vertex 86.2865 67.5278 1.6
      vertex 85.1906 66.6364 1.6
    endloop
  endfacet
  facet normal -0 0 -1
    outer loop
      vertex 86.2865 67.5278 1.6
      vertex 85.1225 66.75 1.6
      vertex 86.1258 67.7446 1.6
    endloop
  endfacet
  facet normal 0 0 -1
    outer loop
      vertex 85.0436 66.8564 1.6
      vertex 86.1258 67.7446 1.6
      vertex 85.1225 66.75 1.6
    endloop
  endfacet
  facet normal -0 0 -1
    outer loop
      vertex 86.1258 67.7446 1.6
      vertex 85.0436 66.8564 1.6
      vertex 85.9445 67.9445 1.6
    endloop
  endfacet
  facet normal 0 0 -1
    outer loop
      vertex 84.9546 66.9546 1.6
      vertex 85.9445 67.9445 1.6
      vertex 85.0436 66.8564 1.6
    endloop
  endfacet
  facet normal -0 0 -1
    outer loop
      vertex 85.9445 67.9445 1.6
      vertex 84.9546 66.9546 1.6
      vertex 85.7446 68.1258 1.6
    endloop
  endfacet
  facet normal 0 0 -1
    outer loop
      vertex 84.8564 67.0436 1.6
      vertex 85.7446 68.1258 1.6
      vertex 84.9546 66.9546 1.6
    endloop
  endfacet
  facet normal -0 0 -1
    outer loop
      vertex 85.7446 68.1258 1.6
      vertex 84.8564 67.0436 1.6
      vertex 85.5278 68.2865 1.6
    endloop
  endfacet
  facet normal 0 0 -1
    outer loop
      vertex 84.75 67.1225 1.6
      vertex 85.5278 68.2865 1.6
      vertex 84.8564 67.0436 1.6
    endloop
  endfacet
  facet normal -0 0 -1
    outer loop
      vertex 85.5278 68.2865 1.6
      vertex 84.75 67.1225 1.6
      vertex 85.2963 68.4253 1.6
    endloop
  endfacet
  facet normal 0 0 -1
    outer loop
      vertex 84.6364 67.1906 1.6
      vertex 85.2963 68.4253 1.6
      vertex 84.75 67.1225 1.6
    endloop
  endfacet
  facet normal -0 0 -1
    outer loop
      vertex 85.2963 68.4253 1.6
      vertex 84.6364 67.1906 1.6
      vertex 85.0524 68.5407 1.6
    endloop
  endfacet
  facet normal 0 0 -1
    outer loop
      vertex 84.5166 67.2472 1.6
      vertex 85.0524 68.5407 1.6
      vertex 84.6364 67.1906 1.6
    endloop
  endfacet
  facet normal -0 0 -1
    outer loop
      vertex 85.0524 68.5407 1.6
      vertex 84.5166 67.2472 1.6
      vertex 84.7983 68.6316 1.6
    endloop
  endfacet
  facet normal 0 0 -1
    outer loop
      vertex 84.3919 67.2919 1.6
      vertex 84.7983 68.6316 1.6
      vertex 84.5166 67.2472 1.6
    endloop
  endfacet
  facet normal -0 0 -1
    outer loop
      vertex 84.7983 68.6316 1.6
      vertex 84.3919 67.2919 1.6
      vertex 84.5365 68.6972 1.6
    endloop
  endfacet
  facet normal 0 0 -1
    outer loop
      vertex 84.2634 67.3241 1.6
      vertex 84.5365 68.6972 1.6
      vertex 84.3919 67.2919 1.6
    endloop
  endfacet
  facet normal -0 0 -1
    outer loop
      vertex 84.5365 68.6972 1.6
      vertex 84.2634 67.3241 1.6
      vertex 84.2695 68.7368 1.6
    endloop
  endfacet
  facet normal 0 0 -1
    outer loop
      vertex 84.1323 67.3435 1.6
      vertex 84.2695 68.7368 1.6
      vertex 84.2634 67.3241 1.6
    endloop
  endfacet
  facet normal 0 0 -1
    outer loop
      vertex 84 67.35 1.6
      vertex 84.2695 68.7368 1.6
      vertex 84.1323 67.3435 1.6
    endloop
  endfacet
  facet normal 0 0 -1
    outer loop
      vertex 84 67.35 1.6
      vertex 84 68.75 1.6
      vertex 84.2695 68.7368 1.6
    endloop
  endfacet
  facet normal 0 0 -1
    outer loop
      vertex 83.8677 67.3435 1.6
      vertex 84 68.75 1.6
      vertex 84 67.35 1.6
    endloop
  endfacet
  facet normal 0 0 -1
    outer loop
      vertex 83.7305 68.7368 1.6
      vertex 83.8677 67.3435 1.6
      vertex 83.7366 67.3241 1.6
    endloop
  endfacet
  facet normal 0 0 -1
    outer loop
      vertex 83.8677 67.3435 1.6
      vertex 83.7305 68.7368 1.6
      vertex 84 68.75 1.6
    endloop
  endfacet
  facet normal 0 0 -1
    outer loop
      vertex 83.4635 68.6972 1.6
      vertex 83.7366 67.3241 1.6
      vertex 83.6081 67.2919 1.6
    endloop
  endfacet
  facet normal 0 0 -1
    outer loop
      vertex 83.2017 68.6316 1.6
      vertex 83.6081 67.2919 1.6
      vertex 83.4834 67.2472 1.6
    endloop
  endfacet
  facet normal 0 0 -1
    outer loop
      vertex 83.7366 67.3241 1.6
      vertex 83.4635 68.6972 1.6
      vertex 83.7305 68.7368 1.6
    endloop
  endfacet
  facet normal 0 0 -1
    outer loop
      vertex 82.9476 68.5407 1.6
      vertex 83.4834 67.2472 1.6
      vertex 83.3636 67.1906 1.6
    endloop
  endfacet
  facet normal 0 0 -1
    outer loop
      vertex 82.7037 68.4253 1.6
      vertex 83.3636 67.1906 1.6
      vertex 83.25 67.1225 1.6
    endloop
  endfacet
  facet normal 0 0 -1
    outer loop
      vertex 83.6081 67.2919 1.6
      vertex 83.2017 68.6316 1.6
      vertex 83.4635 68.6972 1.6
    endloop
  endfacet
  facet normal 0 0 -1
    outer loop
      vertex 82.4722 68.2865 1.6
      vertex 83.25 67.1225 1.6
      vertex 83.1436 67.0436 1.6
    endloop
  endfacet
  facet normal 0 0 -1
    outer loop
      vertex 82.2554 68.1258 1.6
      vertex 83.1436 67.0436 1.6
      vertex 83.0454 66.9546 1.6
    endloop
  endfacet
  facet normal 0 0 -1
    outer loop
      vertex 82.0555 67.9445 1.6
      vertex 83.0454 66.9546 1.6
      vertex 82.9564 66.8564 1.6
    endloop
  endfacet
  facet normal 0 0 -1
    outer loop
      vertex 83.4834 67.2472 1.6
      vertex 82.9476 68.5407 1.6
      vertex 83.2017 68.6316 1.6
    endloop
  endfacet
  facet normal 0 0 -1
    outer loop
      vertex 81.8742 67.7446 1.6
      vertex 82.9564 66.8564 1.6
      vertex 82.8775 66.75 1.6
    endloop
  endfacet
  facet normal 0 0 -1
    outer loop
      vertex 81.7135 67.5278 1.6
      vertex 82.8775 66.75 1.6
      vertex 82.8094 66.6364 1.6
    endloop
  endfacet
  facet normal 0 0 -1
    outer loop
      vertex 81.5747 67.2963 1.6
      vertex 82.8094 66.6364 1.6
      vertex 82.7528 66.5166 1.6
    endloop
  endfacet
  facet normal 0 0 -1
    outer loop
      vertex 81.4593 67.0524 1.6
      vertex 82.7528 66.5166 1.6
      vertex 82.7081 66.3919 1.6
    endloop
  endfacet
  facet normal 0 0 -1
    outer loop
      vertex 83.3636 67.1906 1.6
      vertex 82.7037 68.4253 1.6
      vertex 82.9476 68.5407 1.6
    endloop
  endfacet
  facet normal 0 0 -1
    outer loop
      vertex 81.3684 66.7983 1.6
      vertex 82.7081 66.3919 1.6
      vertex 82.6759 66.2634 1.6
    endloop
  endfacet
  facet normal 0 0 -1
    outer loop
      vertex 81.3028 66.5365 1.6
      vertex 82.6759 66.2634 1.6
      vertex 82.6565 66.1323 1.6
    endloop
  endfacet
  facet normal 0 0 -1
    outer loop
      vertex 81.2632 66.2695 1.6
      vertex 82.6565 66.1323 1.6
      vertex 82.65 66 1.6
    endloop
  endfacet
  facet normal -0 0 -1
    outer loop
      vertex 82.8094 65.3636 1.6
      vertex 81.5747 64.7037 1.6
      vertex 82.7528 65.4834 1.6
    endloop
  endfacet
  facet normal 0 0 -1
    outer loop
      vertex 83.25 67.1225 1.6
      vertex 82.4722 68.2865 1.6
      vertex 82.7037 68.4253 1.6
    endloop
  endfacet
  facet normal 0 0 -1
    outer loop
      vertex 81.4593 64.9476 1.6
      vertex 82.7528 65.4834 1.6
      vertex 81.5747 64.7037 1.6
    endloop
  endfacet
  facet normal 0 0 -1
    outer loop
      vertex 83.1436 67.0436 1.6
      vertex 82.2554 68.1258 1.6
      vertex 82.4722 68.2865 1.6
    endloop
  endfacet
  facet normal -0 0 -1
    outer loop
      vertex 82.7528 65.4834 1.6
      vertex 81.4593 64.9476 1.6
      vertex 82.7081 65.6081 1.6
    endloop
  endfacet
  facet normal 0 0 -1
    outer loop
      vertex 83.0454 66.9546 1.6
      vertex 82.0555 67.9445 1.6
      vertex 82.2554 68.1258 1.6
    endloop
  endfacet
  facet normal 0 0 -1
    outer loop
      vertex 81.3684 65.2017 1.6
      vertex 82.7081 65.6081 1.6
      vertex 81.4593 64.9476 1.6
    endloop
  endfacet
  facet normal 0 0 -1
    outer loop
      vertex 82.9564 66.8564 1.6
      vertex 81.8742 67.7446 1.6
      vertex 82.0555 67.9445 1.6
    endloop
  endfacet
  facet normal -0 0 -1
    outer loop
      vertex 82.7081 65.6081 1.6
      vertex 81.3684 65.2017 1.6
      vertex 82.6759 65.7366 1.6
    endloop
  endfacet
  facet normal 0 0 -1
    outer loop
      vertex 82.8775 66.75 1.6
      vertex 81.7135 67.5278 1.6
      vertex 81.8742 67.7446 1.6
    endloop
  endfacet
  facet normal 0 0 -1
    outer loop
      vertex 81.3028 65.4635 1.6
      vertex 82.6759 65.7366 1.6
      vertex 81.3684 65.2017 1.6
    endloop
  endfacet
  facet normal 0 0 -1
    outer loop
      vertex 82.8094 66.6364 1.6
      vertex 81.5747 67.2963 1.6
      vertex 81.7135 67.5278 1.6
    endloop
  endfacet
  facet normal -0 0 -1
    outer loop
      vertex 82.6759 65.7366 1.6
      vertex 81.3028 65.4635 1.6
      vertex 82.6565 65.8677 1.6
    endloop
  endfacet
  facet normal 0 0 -1
    outer loop
      vertex 82.7528 66.5166 1.6
      vertex 81.4593 67.0524 1.6
      vertex 81.5747 67.2963 1.6
    endloop
  endfacet
  facet normal 0 0 -1
    outer loop
      vertex 81.2632 65.7305 1.6
      vertex 82.6565 65.8677 1.6
      vertex 81.3028 65.4635 1.6
    endloop
  endfacet
  facet normal 0 0 -1
    outer loop
      vertex 82.7081 66.3919 1.6
      vertex 81.3684 66.7983 1.6
      vertex 81.4593 67.0524 1.6
    endloop
  endfacet
  facet normal -0 0 -1
    outer loop
      vertex 82.6565 65.8677 1.6
      vertex 81.2632 65.7305 1.6
      vertex 82.65 66 1.6
    endloop
  endfacet
  facet normal 0 0 -1
    outer loop
      vertex 82.6759 66.2634 1.6
      vertex 81.3028 66.5365 1.6
      vertex 81.3684 66.7983 1.6
    endloop
  endfacet
  facet normal 0 0 -1
    outer loop
      vertex 81.25 66 1.6
      vertex 82.65 66 1.6
      vertex 81.2632 65.7305 1.6
    endloop
  endfacet
  facet normal 0 0 -1
    outer loop
      vertex 82.6565 66.1323 1.6
      vertex 81.2632 66.2695 1.6
      vertex 81.3028 66.5365 1.6
    endloop
  endfacet
  facet normal 0 0 -1
    outer loop
      vertex 82.65 66 1.6
      vertex 81.25 66 1.6
      vertex 81.2632 66.2695 1.6
    endloop
  endfacet
  facet normal 0.14671 -0.98918 0
    outer loop
      vertex 84.2695 63.2632 1.6
      vertex 84.5365 63.3028 16
      vertex 84.2695 63.2632 16
    endloop
  endfacet
  facet normal 0.14671 -0.98918 0
    outer loop
      vertex 84.5365 63.3028 16
      vertex 84.2695 63.2632 1.6
      vertex 84.5365 63.3028 1.6
    endloop
  endfacet
  facet normal 0.941566 0.336829 0
    outer loop
      vertex 86.6316 66.7983 16
      vertex 86.5407 67.0524 1.6
      vertex 86.5407 67.0524 16
    endloop
  endfacet
  facet normal 0.941566 0.336829 0
    outer loop
      vertex 86.5407 67.0524 1.6
      vertex 86.6316 66.7983 16
      vertex 86.6316 66.7983 1.6
    endloop
  endfacet
  facet normal 0.803367 -0.595485 0
    outer loop
      vertex 86.1258 64.2554 16
      vertex 86.2865 64.4722 1.6
      vertex 86.2865 64.4722 16
    endloop
  endfacet
  facet normal 0.803367 -0.595485 0
    outer loop
      vertex 86.2865 64.4722 1.6
      vertex 86.1258 64.2554 16
      vertex 86.1258 64.2554 1.6
    endloop
  endfacet
  facet normal 0.857656 -0.514223 0
    outer loop
      vertex 86.2865 64.4722 16
      vertex 86.4253 64.7037 1.6
      vertex 86.4253 64.7037 16
    endloop
  endfacet
  facet normal 0.857656 -0.514223 0
    outer loop
      vertex 86.4253 64.7037 1.6
      vertex 86.2865 64.4722 16
      vertex 86.2865 64.4722 1.6
    endloop
  endfacet
  facet normal -0.243059 0.970012 0
    outer loop
      vertex 83.4635 68.6972 1.6
      vertex 83.2017 68.6316 16
      vertex 83.4635 68.6972 16
    endloop
  endfacet
  facet normal -0.243059 0.970012 0
    outer loop
      vertex 83.2017 68.6316 16
      vertex 83.4635 68.6972 1.6
      vertex 83.2017 68.6316 1.6
    endloop
  endfacet
  facet normal 0.941566 -0.336829 0
    outer loop
      vertex 86.5407 64.9476 16
      vertex 86.6316 65.2017 1.6
      vertex 86.6316 65.2017 16
    endloop
  endfacet
  facet normal 0.941566 -0.336829 0
    outer loop
      vertex 86.6316 65.2017 1.6
      vertex 86.5407 64.9476 16
      vertex 86.5407 64.9476 1.6
    endloop
  endfacet
  facet normal 0.0489209 0.998803 -0
    outer loop
      vertex 84.2695 68.7368 1.6
      vertex 84 68.75 16
      vertex 84.2695 68.7368 16
    endloop
  endfacet
  facet normal 0.0489209 0.998803 0
    outer loop
      vertex 84 68.75 16
      vertex 84.2695 68.7368 1.6
      vertex 84 68.75 1.6
    endloop
  endfacet
  facet normal -0.514223 0.857656 0
    outer loop
      vertex 82.7037 68.4253 1.6
      vertex 82.4722 68.2865 16
      vertex 82.7037 68.4253 16
    endloop
  endfacet
  facet normal -0.514223 0.857656 0
    outer loop
      vertex 82.4722 68.2865 16
      vertex 82.7037 68.4253 1.6
      vertex 82.4722 68.2865 1.6
    endloop
  endfacet
  facet normal 0.903926 0.427688 0
    outer loop
      vertex 86.5407 67.0524 16
      vertex 86.4253 67.2963 1.6
      vertex 86.4253 67.2963 16
    endloop
  endfacet
  facet normal 0.903926 0.427688 0
    outer loop
      vertex 86.4253 67.2963 1.6
      vertex 86.5407 67.0524 16
      vertex 86.5407 67.0524 1.6
    endloop
  endfacet
  facet normal 0.14671 0.98918 -0
    outer loop
      vertex 84.5365 68.6972 1.6
      vertex 84.2695 68.7368 16
      vertex 84.5365 68.6972 16
    endloop
  endfacet
  facet normal 0.14671 0.98918 0
    outer loop
      vertex 84.2695 68.7368 16
      vertex 84.5365 68.6972 1.6
      vertex 84.2695 68.7368 1.6
    endloop
  endfacet
  facet normal -0.243059 -0.970012 0
    outer loop
      vertex 83.2017 63.3684 1.6
      vertex 83.4635 63.3028 16
      vertex 83.2017 63.3684 16
    endloop
  endfacet
  facet normal -0.243059 -0.970012 -0
    outer loop
      vertex 83.4635 63.3028 16
      vertex 83.2017 63.3684 1.6
      vertex 83.4635 63.3028 1.6
    endloop
  endfacet
  facet normal -0.857656 -0.514223 0
    outer loop
      vertex 81.7135 64.4722 1.6
      vertex 81.5747 64.7037 16
      vertex 81.5747 64.7037 1.6
    endloop
  endfacet
  facet normal -0.857656 -0.514223 0
    outer loop
      vertex 81.5747 64.7037 16
      vertex 81.7135 64.4722 1.6
      vertex 81.7135 64.4722 16
    endloop
  endfacet
  facet normal 0.857656 0.514223 0
    outer loop
      vertex 86.4253 67.2963 16
      vertex 86.2865 67.5278 1.6
      vertex 86.2865 67.5278 16
    endloop
  endfacet
  facet normal 0.857656 0.514223 0
    outer loop
      vertex 86.2865 67.5278 1.6
      vertex 86.4253 67.2963 16
      vertex 86.4253 67.2963 1.6
    endloop
  endfacet
  facet normal -0.336829 0.941566 0
    outer loop
      vertex 83.2017 68.6316 1.6
      vertex 82.9476 68.5407 16
      vertex 83.2017 68.6316 16
    endloop
  endfacet
  facet normal -0.336829 0.941566 0
    outer loop
      vertex 82.9476 68.5407 16
      vertex 83.2017 68.6316 1.6
      vertex 82.9476 68.5407 1.6
    endloop
  endfacet
  facet normal -0.740728 -0.671805 0
    outer loop
      vertex 82.0555 64.0555 1.6
      vertex 81.8742 64.2554 16
      vertex 81.8742 64.2554 1.6
    endloop
  endfacet
  facet normal -0.740728 -0.671805 0
    outer loop
      vertex 81.8742 64.2554 16
      vertex 82.0555 64.0555 1.6
      vertex 82.0555 64.0555 16
    endloop
  endfacet
  facet normal -0.671805 0.740728 0
    outer loop
      vertex 82.2554 68.1258 1.6
      vertex 82.0555 67.9445 16
      vertex 82.2554 68.1258 16
    endloop
  endfacet
  facet normal -0.671805 0.740728 0
    outer loop
      vertex 82.0555 67.9445 16
      vertex 82.2554 68.1258 1.6
      vertex 82.0555 67.9445 1.6
    endloop
  endfacet
  facet normal -0.514223 -0.857656 0
    outer loop
      vertex 82.4722 63.7135 1.6
      vertex 82.7037 63.5747 16
      vertex 82.4722 63.7135 16
    endloop
  endfacet
  facet normal -0.514223 -0.857656 -0
    outer loop
      vertex 82.7037 63.5747 16
      vertex 82.4722 63.7135 1.6
      vertex 82.7037 63.5747 1.6
    endloop
  endfacet
  facet normal -0.970012 0.243059 0
    outer loop
      vertex 81.3028 66.5365 1.6
      vertex 81.3684 66.7983 16
      vertex 81.3684 66.7983 1.6
    endloop
  endfacet
  facet normal -0.970012 0.243059 0
    outer loop
      vertex 81.3684 66.7983 16
      vertex 81.3028 66.5365 1.6
      vertex 81.3028 66.5365 16
    endloop
  endfacet
  facet normal -0.803367 -0.595485 0
    outer loop
      vertex 81.8742 64.2554 1.6
      vertex 81.7135 64.4722 16
      vertex 81.7135 64.4722 1.6
    endloop
  endfacet
  facet normal -0.803367 -0.595485 0
    outer loop
      vertex 81.7135 64.4722 16
      vertex 81.8742 64.2554 1.6
      vertex 81.8742 64.2554 16
    endloop
  endfacet
  facet normal -0.98918 -0.14671 0
    outer loop
      vertex 81.3028 65.4635 1.6
      vertex 81.2632 65.7305 16
      vertex 81.2632 65.7305 1.6
    endloop
  endfacet
  facet normal -0.98918 -0.14671 0
    outer loop
      vertex 81.2632 65.7305 16
      vertex 81.3028 65.4635 1.6
      vertex 81.3028 65.4635 16
    endloop
  endfacet
  facet normal -0.671805 -0.740728 0
    outer loop
      vertex 82.0555 64.0555 1.6
      vertex 82.2554 63.8742 16
      vertex 82.0555 64.0555 16
    endloop
  endfacet
  facet normal -0.671805 -0.740728 -0
    outer loop
      vertex 82.2554 63.8742 16
      vertex 82.0555 64.0555 1.6
      vertex 82.2554 63.8742 1.6
    endloop
  endfacet
  facet normal -0.803367 0.595485 0
    outer loop
      vertex 81.7135 67.5278 1.6
      vertex 81.8742 67.7446 16
      vertex 81.8742 67.7446 1.6
    endloop
  endfacet
  facet normal -0.803367 0.595485 0
    outer loop
      vertex 81.8742 67.7446 16
      vertex 81.7135 67.5278 1.6
      vertex 81.7135 67.5278 16
    endloop
  endfacet
  facet normal -0.857656 0.514223 0
    outer loop
      vertex 81.5747 67.2963 1.6
      vertex 81.7135 67.5278 16
      vertex 81.7135 67.5278 1.6
    endloop
  endfacet
  facet normal -0.857656 0.514223 0
    outer loop
      vertex 81.7135 67.5278 16
      vertex 81.5747 67.2963 1.6
      vertex 81.5747 67.2963 16
    endloop
  endfacet
  facet normal 0 0 1
    outer loop
      vertex 85.35 66 16
      vertex 86.75 66 16
      vertex 86.7368 66.2695 16
    endloop
  endfacet
  facet normal 0 0 1
    outer loop
      vertex 85.3435 66.1323 16
      vertex 86.7368 66.2695 16
      vertex 86.6972 66.5365 16
    endloop
  endfacet
  facet normal 0 0 1
    outer loop
      vertex 86.75 66 16
      vertex 85.35 66 16
      vertex 86.7368 65.7305 16
    endloop
  endfacet
  facet normal 0 0 1
    outer loop
      vertex 85.3241 66.2634 16
      vertex 86.6972 66.5365 16
      vertex 86.6316 66.7983 16
    endloop
  endfacet
  facet normal -0 0 1
    outer loop
      vertex 85.3435 65.8677 16
      vertex 86.7368 65.7305 16
      vertex 85.35 66 16
    endloop
  endfacet
  facet normal 0 0 1
    outer loop
      vertex 85.2919 66.3919 16
      vertex 86.6316 66.7983 16
      vertex 86.5407 67.0524 16
    endloop
  endfacet
  facet normal 0 0 1
    outer loop
      vertex 86.7368 65.7305 16
      vertex 85.3435 65.8677 16
      vertex 86.6972 65.4635 16
    endloop
  endfacet
  facet normal 0 0 1
    outer loop
      vertex 85.2472 66.5166 16
      vertex 86.5407 67.0524 16
      vertex 86.4253 67.2963 16
    endloop
  endfacet
  facet normal -0 0 1
    outer loop
      vertex 85.3241 65.7366 16
      vertex 86.6972 65.4635 16
      vertex 85.3435 65.8677 16
    endloop
  endfacet
  facet normal 0 0 1
    outer loop
      vertex 85.1906 66.6364 16
      vertex 86.4253 67.2963 16
      vertex 86.2865 67.5278 16
    endloop
  endfacet
  facet normal 0 0 1
    outer loop
      vertex 86.6972 65.4635 16
      vertex 85.3241 65.7366 16
      vertex 86.6316 65.2017 16
    endloop
  endfacet
  facet normal 0 0 1
    outer loop
      vertex 85.1225 66.75 16
      vertex 86.2865 67.5278 16
      vertex 86.1258 67.7446 16
    endloop
  endfacet
  facet normal -0 0 1
    outer loop
      vertex 85.2919 65.6081 16
      vertex 86.6316 65.2017 16
      vertex 85.3241 65.7366 16
    endloop
  endfacet
  facet normal 0 0 1
    outer loop
      vertex 85.0436 66.8564 16
      vertex 86.1258 67.7446 16
      vertex 85.9445 67.9445 16
    endloop
  endfacet
  facet normal 0 0 1
    outer loop
      vertex 86.6316 65.2017 16
      vertex 85.2919 65.6081 16
      vertex 86.5407 64.9476 16
    endloop
  endfacet
  facet normal 0 0 1
    outer loop
      vertex 84.9546 66.9546 16
      vertex 85.9445 67.9445 16
      vertex 85.7446 68.1258 16
    endloop
  endfacet
  facet normal -0 0 1
    outer loop
      vertex 85.2472 65.4834 16
      vertex 86.5407 64.9476 16
      vertex 85.2919 65.6081 16
    endloop
  endfacet
  facet normal 0 0 1
    outer loop
      vertex 84.8564 67.0436 16
      vertex 85.7446 68.1258 16
      vertex 85.5278 68.2865 16
    endloop
  endfacet
  facet normal 0 0 1
    outer loop
      vertex 86.5407 64.9476 16
      vertex 85.2472 65.4834 16
      vertex 86.4253 64.7037 16
    endloop
  endfacet
  facet normal -0 0 1
    outer loop
      vertex 85.1906 65.3636 16
      vertex 86.4253 64.7037 16
      vertex 85.2472 65.4834 16
    endloop
  endfacet
  facet normal 0 0 1
    outer loop
      vertex 86.7368 66.2695 16
      vertex 85.3435 66.1323 16
      vertex 85.35 66 16
    endloop
  endfacet
  facet normal 0 0 1
    outer loop
      vertex 86.6972 66.5365 16
      vertex 85.3241 66.2634 16
      vertex 85.3435 66.1323 16
    endloop
  endfacet
  facet normal 0 0 1
    outer loop
      vertex 84.75 67.1225 16
      vertex 85.5278 68.2865 16
      vertex 85.2963 68.4253 16
    endloop
  endfacet
  facet normal 0 0 1
    outer loop
      vertex 86.6316 66.7983 16
      vertex 85.2919 66.3919 16
      vertex 85.3241 66.2634 16
    endloop
  endfacet
  facet normal 0 0 1
    outer loop
      vertex 86.5407 67.0524 16
      vertex 85.2472 66.5166 16
      vertex 85.2919 66.3919 16
    endloop
  endfacet
  facet normal 0 0 1
    outer loop
      vertex 86.4253 67.2963 16
      vertex 85.1906 66.6364 16
      vertex 85.2472 66.5166 16
    endloop
  endfacet
  facet normal 0 0 1
    outer loop
      vertex 86.2865 67.5278 16
      vertex 85.1225 66.75 16
      vertex 85.1906 66.6364 16
    endloop
  endfacet
  facet normal 0 0 1
    outer loop
      vertex 84.6364 67.1906 16
      vertex 85.2963 68.4253 16
      vertex 85.0524 68.5407 16
    endloop
  endfacet
  facet normal 0 0 1
    outer loop
      vertex 86.1258 67.7446 16
      vertex 85.0436 66.8564 16
      vertex 85.1225 66.75 16
    endloop
  endfacet
  facet normal 0 0 1
    outer loop
      vertex 85.9445 67.9445 16
      vertex 84.9546 66.9546 16
      vertex 85.0436 66.8564 16
    endloop
  endfacet
  facet normal 0 0 1
    outer loop
      vertex 85.7446 68.1258 16
      vertex 84.8564 67.0436 16
      vertex 84.9546 66.9546 16
    endloop
  endfacet
  facet normal 0 0 1
    outer loop
      vertex 84.5166 67.2472 16
      vertex 85.0524 68.5407 16
      vertex 84.7983 68.6316 16
    endloop
  endfacet
  facet normal 0 0 1
    outer loop
      vertex 85.5278 68.2865 16
      vertex 84.75 67.1225 16
      vertex 84.8564 67.0436 16
    endloop
  endfacet
  facet normal 0 0 1
    outer loop
      vertex 85.2963 68.4253 16
      vertex 84.6364 67.1906 16
      vertex 84.75 67.1225 16
    endloop
  endfacet
  facet normal 0 0 1
    outer loop
      vertex 84.3919 67.2919 16
      vertex 84.7983 68.6316 16
      vertex 84.5365 68.6972 16
    endloop
  endfacet
  facet normal 0 0 1
    outer loop
      vertex 85.0524 68.5407 16
      vertex 84.5166 67.2472 16
      vertex 84.6364 67.1906 16
    endloop
  endfacet
  facet normal 0 0 1
    outer loop
      vertex 84.7983 68.6316 16
      vertex 84.3919 67.2919 16
      vertex 84.5166 67.2472 16
    endloop
  endfacet
  facet normal 0 0 1
    outer loop
      vertex 84.2634 67.3241 16
      vertex 84.5365 68.6972 16
      vertex 84.2695 68.7368 16
    endloop
  endfacet
  facet normal 0 0 1
    outer loop
      vertex 84.5365 68.6972 16
      vertex 84.2634 67.3241 16
      vertex 84.3919 67.2919 16
    endloop
  endfacet
  facet normal 0 0 1
    outer loop
      vertex 84.2695 68.7368 16
      vertex 84.1323 67.3435 16
      vertex 84.2634 67.3241 16
    endloop
  endfacet
  facet normal 0 0 1
    outer loop
      vertex 84 68.75 16
      vertex 84.1323 67.3435 16
      vertex 84.2695 68.7368 16
    endloop
  endfacet
  facet normal 0 0 1
    outer loop
      vertex 84 68.75 16
      vertex 84 67.35 16
      vertex 84.1323 67.3435 16
    endloop
  endfacet
  facet normal 0 0 1
    outer loop
      vertex 84 68.75 16
      vertex 83.8677 67.3435 16
      vertex 84 67.35 16
    endloop
  endfacet
  facet normal -0 0 1
    outer loop
      vertex 83.7305 68.7368 16
      vertex 83.8677 67.3435 16
      vertex 84 68.75 16
    endloop
  endfacet
  facet normal 0 0 1
    outer loop
      vertex 83.8677 67.3435 16
      vertex 83.7305 68.7368 16
      vertex 83.7366 67.3241 16
    endloop
  endfacet
  facet normal -0 0 1
    outer loop
      vertex 83.4635 68.6972 16
      vertex 83.7366 67.3241 16
      vertex 83.7305 68.7368 16
    endloop
  endfacet
  facet normal 0 0 1
    outer loop
      vertex 83.7366 67.3241 16
      vertex 83.4635 68.6972 16
      vertex 83.6081 67.2919 16
    endloop
  endfacet
  facet normal -0 0 1
    outer loop
      vertex 83.2017 68.6316 16
      vertex 83.6081 67.2919 16
      vertex 83.4635 68.6972 16
    endloop
  endfacet
  facet normal 0 0 1
    outer loop
      vertex 83.6081 67.2919 16
      vertex 83.2017 68.6316 16
      vertex 83.4834 67.2472 16
    endloop
  endfacet
  facet normal -0 0 1
    outer loop
      vertex 82.9476 68.5407 16
      vertex 83.4834 67.2472 16
      vertex 83.2017 68.6316 16
    endloop
  endfacet
  facet normal 0 0 1
    outer loop
      vertex 83.4834 67.2472 16
      vertex 82.9476 68.5407 16
      vertex 83.3636 67.1906 16
    endloop
  endfacet
  facet normal -0 0 1
    outer loop
      vertex 82.7037 68.4253 16
      vertex 83.3636 67.1906 16
      vertex 82.9476 68.5407 16
    endloop
  endfacet
  facet normal 0 0 1
    outer loop
      vertex 83.3636 67.1906 16
      vertex 82.7037 68.4253 16
      vertex 83.25 67.1225 16
    endloop
  endfacet
  facet normal -0 0 1
    outer loop
      vertex 82.4722 68.2865 16
      vertex 83.25 67.1225 16
      vertex 82.7037 68.4253 16
    endloop
  endfacet
  facet normal 0 0 1
    outer loop
      vertex 83.25 67.1225 16
      vertex 82.4722 68.2865 16
      vertex 83.1436 67.0436 16
    endloop
  endfacet
  facet normal -0 0 1
    outer loop
      vertex 82.2554 68.1258 16
      vertex 83.1436 67.0436 16
      vertex 82.4722 68.2865 16
    endloop
  endfacet
  facet normal 0 0 1
    outer loop
      vertex 83.1436 67.0436 16
      vertex 82.2554 68.1258 16
      vertex 83.0454 66.9546 16
    endloop
  endfacet
  facet normal -0 0 1
    outer loop
      vertex 82.0555 67.9445 16
      vertex 83.0454 66.9546 16
      vertex 82.2554 68.1258 16
    endloop
  endfacet
  facet normal 0 0 1
    outer loop
      vertex 83.0454 66.9546 16
      vertex 82.0555 67.9445 16
      vertex 82.9564 66.8564 16
    endloop
  endfacet
  facet normal -0 0 1
    outer loop
      vertex 81.8742 67.7446 16
      vertex 82.9564 66.8564 16
      vertex 82.0555 67.9445 16
    endloop
  endfacet
  facet normal 0 0 1
    outer loop
      vertex 82.9564 66.8564 16
      vertex 81.8742 67.7446 16
      vertex 82.8775 66.75 16
    endloop
  endfacet
  facet normal -0 0 1
    outer loop
      vertex 81.7135 67.5278 16
      vertex 82.8775 66.75 16
      vertex 81.8742 67.7446 16
    endloop
  endfacet
  facet normal 0 0 1
    outer loop
      vertex 82.8775 66.75 16
      vertex 81.7135 67.5278 16
      vertex 82.8094 66.6364 16
    endloop
  endfacet
  facet normal -0 0 1
    outer loop
      vertex 81.5747 67.2963 16
      vertex 82.8094 66.6364 16
      vertex 81.7135 67.5278 16
    endloop
  endfacet
  facet normal 0 0 1
    outer loop
      vertex 86.4253 64.7037 16
      vertex 85.1906 65.3636 16
      vertex 86.2865 64.4722 16
    endloop
  endfacet
  facet normal -0 0 1
    outer loop
      vertex 85.1225 65.25 16
      vertex 86.2865 64.4722 16
      vertex 85.1906 65.3636 16
    endloop
  endfacet
  facet normal 0 0 1
    outer loop
      vertex 86.2865 64.4722 16
      vertex 85.1225 65.25 16
      vertex 86.1258 64.2554 16
    endloop
  endfacet
  facet normal -0 0 1
    outer loop
      vertex 85.0436 65.1436 16
      vertex 86.1258 64.2554 16
      vertex 85.1225 65.25 16
    endloop
  endfacet
  facet normal 0 0 1
    outer loop
      vertex 86.1258 64.2554 16
      vertex 85.0436 65.1436 16
      vertex 85.9445 64.0555 16
    endloop
  endfacet
  facet normal -0 0 1
    outer loop
      vertex 84.9546 65.0454 16
      vertex 85.9445 64.0555 16
      vertex 85.0436 65.1436 16
    endloop
  endfacet
  facet normal 0 0 1
    outer loop
      vertex 85.9445 64.0555 16
      vertex 84.9546 65.0454 16
      vertex 85.7446 63.8742 16
    endloop
  endfacet
  facet normal -0 0 1
    outer loop
      vertex 84.8564 64.9564 16
      vertex 85.7446 63.8742 16
      vertex 84.9546 65.0454 16
    endloop
  endfacet
  facet normal 0 0 1
    outer loop
      vertex 85.7446 63.8742 16
      vertex 84.8564 64.9564 16
      vertex 85.5278 63.7135 16
    endloop
  endfacet
  facet normal -0 0 1
    outer loop
      vertex 84.75 64.8775 16
      vertex 85.5278 63.7135 16
      vertex 84.8564 64.9564 16
    endloop
  endfacet
  facet normal 0 0 1
    outer loop
      vertex 85.5278 63.7135 16
      vertex 84.75 64.8775 16
      vertex 85.2963 63.5747 16
    endloop
  endfacet
  facet normal -0 0 1
    outer loop
      vertex 84.6364 64.8094 16
      vertex 85.2963 63.5747 16
      vertex 84.75 64.8775 16
    endloop
  endfacet
  facet normal 0 0 1
    outer loop
      vertex 85.2963 63.5747 16
      vertex 84.6364 64.8094 16
      vertex 85.0524 63.4593 16
    endloop
  endfacet
  facet normal -0 0 1
    outer loop
      vertex 84.5166 64.7528 16
      vertex 85.0524 63.4593 16
      vertex 84.6364 64.8094 16
    endloop
  endfacet
  facet normal 0 0 1
    outer loop
      vertex 85.0524 63.4593 16
      vertex 84.5166 64.7528 16
      vertex 84.7983 63.3684 16
    endloop
  endfacet
  facet normal -0 0 1
    outer loop
      vertex 84.3919 64.7081 16
      vertex 84.7983 63.3684 16
      vertex 84.5166 64.7528 16
    endloop
  endfacet
  facet normal 0 0 1
    outer loop
      vertex 84.7983 63.3684 16
      vertex 84.3919 64.7081 16
      vertex 84.5365 63.3028 16
    endloop
  endfacet
  facet normal -0 0 1
    outer loop
      vertex 84.2634 64.6759 16
      vertex 84.5365 63.3028 16
      vertex 84.3919 64.7081 16
    endloop
  endfacet
  facet normal 0 0 1
    outer loop
      vertex 84.5365 63.3028 16
      vertex 84.2634 64.6759 16
      vertex 84.2695 63.2632 16
    endloop
  endfacet
  facet normal -0 0 1
    outer loop
      vertex 84.1323 64.6565 16
      vertex 84.2695 63.2632 16
      vertex 84.2634 64.6759 16
    endloop
  endfacet
  facet normal -0 0 1
    outer loop
      vertex 84 64.65 16
      vertex 84.2695 63.2632 16
      vertex 84.1323 64.6565 16
    endloop
  endfacet
  facet normal 0 0 1
    outer loop
      vertex 84 64.65 16
      vertex 84 63.25 16
      vertex 84.2695 63.2632 16
    endloop
  endfacet
  facet normal 0 0 1
    outer loop
      vertex 83.8677 64.6565 16
      vertex 84 63.25 16
      vertex 84 64.65 16
    endloop
  endfacet
  facet normal 0 0 1
    outer loop
      vertex 83.7305 63.2632 16
      vertex 83.8677 64.6565 16
      vertex 83.7366 64.6759 16
    endloop
  endfacet
  facet normal 0 0 1
    outer loop
      vertex 83.8677 64.6565 16
      vertex 83.7305 63.2632 16
      vertex 84 63.25 16
    endloop
  endfacet
  facet normal 0 0 1
    outer loop
      vertex 83.4635 63.3028 16
      vertex 83.7366 64.6759 16
      vertex 83.6081 64.7081 16
    endloop
  endfacet
  facet normal 0 0 1
    outer loop
      vertex 83.2017 63.3684 16
      vertex 83.6081 64.7081 16
      vertex 83.4834 64.7528 16
    endloop
  endfacet
  facet normal 0 0 1
    outer loop
      vertex 83.7366 64.6759 16
      vertex 83.4635 63.3028 16
      vertex 83.7305 63.2632 16
    endloop
  endfacet
  facet normal 0 0 1
    outer loop
      vertex 82.9476 63.4593 16
      vertex 83.4834 64.7528 16
      vertex 83.3636 64.8094 16
    endloop
  endfacet
  facet normal 0 0 1
    outer loop
      vertex 82.7037 63.5747 16
      vertex 83.3636 64.8094 16
      vertex 83.25 64.8775 16
    endloop
  endfacet
  facet normal 0 0 1
    outer loop
      vertex 83.6081 64.7081 16
      vertex 83.2017 63.3684 16
      vertex 83.4635 63.3028 16
    endloop
  endfacet
  facet normal 0 0 1
    outer loop
      vertex 82.4722 63.7135 16
      vertex 83.25 64.8775 16
      vertex 83.1436 64.9564 16
    endloop
  endfacet
  facet normal 0 0 1
    outer loop
      vertex 82.2554 63.8742 16
      vertex 83.1436 64.9564 16
      vertex 83.0454 65.0454 16
    endloop
  endfacet
  facet normal 0 0 1
    outer loop
      vertex 82.0555 64.0555 16
      vertex 83.0454 65.0454 16
      vertex 82.9564 65.1436 16
    endloop
  endfacet
  facet normal 0 0 1
    outer loop
      vertex 83.4834 64.7528 16
      vertex 82.9476 63.4593 16
      vertex 83.2017 63.3684 16
    endloop
  endfacet
  facet normal 0 0 1
    outer loop
      vertex 81.8742 64.2554 16
      vertex 82.9564 65.1436 16
      vertex 82.8775 65.25 16
    endloop
  endfacet
  facet normal 0 0 1
    outer loop
      vertex 81.7135 64.4722 16
      vertex 82.8775 65.25 16
      vertex 82.8094 65.3636 16
    endloop
  endfacet
  facet normal 0 0 1
    outer loop
      vertex 81.5747 64.7037 16
      vertex 82.8094 65.3636 16
      vertex 82.7528 65.4834 16
    endloop
  endfacet
  facet normal 0 0 1
    outer loop
      vertex 81.4593 64.9476 16
      vertex 82.7528 65.4834 16
      vertex 82.7081 65.6081 16
    endloop
  endfacet
  facet normal 0 0 1
    outer loop
      vertex 83.3636 64.8094 16
      vertex 82.7037 63.5747 16
      vertex 82.9476 63.4593 16
    endloop
  endfacet
  facet normal 0 0 1
    outer loop
      vertex 81.3684 65.2017 16
      vertex 82.7081 65.6081 16
      vertex 82.6759 65.7366 16
    endloop
  endfacet
  facet normal 0 0 1
    outer loop
      vertex 81.3028 65.4635 16
      vertex 82.6759 65.7366 16
      vertex 82.6565 65.8677 16
    endloop
  endfacet
  facet normal 0 0 1
    outer loop
      vertex 81.2632 65.7305 16
      vertex 82.6565 65.8677 16
      vertex 82.65 66 16
    endloop
  endfacet
  facet normal 0 0 1
    outer loop
      vertex 82.8094 66.6364 16
      vertex 81.5747 67.2963 16
      vertex 82.7528 66.5166 16
    endloop
  endfacet
  facet normal 0 0 1
    outer loop
      vertex 83.25 64.8775 16
      vertex 82.4722 63.7135 16
      vertex 82.7037 63.5747 16
    endloop
  endfacet
  facet normal -0 0 1
    outer loop
      vertex 81.4593 67.0524 16
      vertex 82.7528 66.5166 16
      vertex 81.5747 67.2963 16
    endloop
  endfacet
  facet normal 0 0 1
    outer loop
      vertex 83.1436 64.9564 16
      vertex 82.2554 63.8742 16
      vertex 82.4722 63.7135 16
    endloop
  endfacet
  facet normal 0 0 1
    outer loop
      vertex 82.7528 66.5166 16
      vertex 81.4593 67.0524 16
      vertex 82.7081 66.3919 16
    endloop
  endfacet
  facet normal 0 0 1
    outer loop
      vertex 83.0454 65.0454 16
      vertex 82.0555 64.0555 16
      vertex 82.2554 63.8742 16
    endloop
  endfacet
  facet normal -0 0 1
    outer loop
      vertex 81.3684 66.7983 16
      vertex 82.7081 66.3919 16
      vertex 81.4593 67.0524 16
    endloop
  endfacet
  facet normal 0 0 1
    outer loop
      vertex 82.9564 65.1436 16
      vertex 81.8742 64.2554 16
      vertex 82.0555 64.0555 16
    endloop
  endfacet
  facet normal 0 0 1
    outer loop
      vertex 82.7081 66.3919 16
      vertex 81.3684 66.7983 16
      vertex 82.6759 66.2634 16
    endloop
  endfacet
  facet normal 0 0 1
    outer loop
      vertex 82.8775 65.25 16
      vertex 81.7135 64.4722 16
      vertex 81.8742 64.2554 16
    endloop
  endfacet
  facet normal -0 0 1
    outer loop
      vertex 81.3028 66.5365 16
      vertex 82.6759 66.2634 16
      vertex 81.3684 66.7983 16
    endloop
  endfacet
  facet normal 0 0 1
    outer loop
      vertex 82.8094 65.3636 16
      vertex 81.5747 64.7037 16
      vertex 81.7135 64.4722 16
    endloop
  endfacet
  facet normal 0 0 1
    outer loop
      vertex 82.6759 66.2634 16
      vertex 81.3028 66.5365 16
      vertex 82.6565 66.1323 16
    endloop
  endfacet
  facet normal 0 0 1
    outer loop
      vertex 82.7528 65.4834 16
      vertex 81.4593 64.9476 16
      vertex 81.5747 64.7037 16
    endloop
  endfacet
  facet normal -0 0 1
    outer loop
      vertex 81.2632 66.2695 16
      vertex 82.6565 66.1323 16
      vertex 81.3028 66.5365 16
    endloop
  endfacet
  facet normal 0 0 1
    outer loop
      vertex 82.7081 65.6081 16
      vertex 81.3684 65.2017 16
      vertex 81.4593 64.9476 16
    endloop
  endfacet
  facet normal 0 0 1
    outer loop
      vertex 82.6565 66.1323 16
      vertex 81.2632 66.2695 16
      vertex 82.65 66 16
    endloop
  endfacet
  facet normal 0 0 1
    outer loop
      vertex 82.6759 65.7366 16
      vertex 81.3028 65.4635 16
      vertex 81.3684 65.2017 16
    endloop
  endfacet
  facet normal 0 0 1
    outer loop
      vertex 81.25 66 16
      vertex 82.65 66 16
      vertex 81.2632 66.2695 16
    endloop
  endfacet
  facet normal 0 0 1
    outer loop
      vertex 82.6565 65.8677 16
      vertex 81.2632 65.7305 16
      vertex 81.3028 65.4635 16
    endloop
  endfacet
  facet normal 0 0 1
    outer loop
      vertex 82.65 66 16
      vertex 81.25 66 16
      vertex 81.2632 65.7305 16
    endloop
  endfacet
  facet normal -0.0489209 -0.998803 0
    outer loop
      vertex 83.7305 63.2632 1.6
      vertex 84 63.25 16
      vertex 83.7305 63.2632 16
    endloop
  endfacet
  facet normal -0.0489209 -0.998803 -0
    outer loop
      vertex 84 63.25 16
      vertex 83.7305 63.2632 1.6
      vertex 84 63.25 1.6
    endloop
  endfacet
  facet normal -0.998803 0.0489209 0
    outer loop
      vertex 81.25 66 1.6
      vertex 81.2632 66.2695 16
      vertex 81.2632 66.2695 1.6
    endloop
  endfacet
  facet normal -0.998803 0.0489209 0
    outer loop
      vertex 81.2632 66.2695 16
      vertex 81.25 66 1.6
      vertex 81.25 66 16
    endloop
  endfacet
  facet normal 0.740728 -0.671805 0
    outer loop
      vertex 85.9445 64.0555 16
      vertex 86.1258 64.2554 1.6
      vertex 86.1258 64.2554 16
    endloop
  endfacet
  facet normal 0.740728 -0.671805 0
    outer loop
      vertex 86.1258 64.2554 1.6
      vertex 85.9445 64.0555 16
      vertex 85.9445 64.0555 1.6
    endloop
  endfacet
  facet normal -0.989228 -0.146385 0
    outer loop
      vertex 85.3435 66.1323 1.6
      vertex 85.3241 66.2634 16
      vertex 85.3241 66.2634 1.6
    endloop
  endfacet
  facet normal -0.989228 -0.146385 0
    outer loop
      vertex 85.3241 66.2634 16
      vertex 85.3435 66.1323 1.6
      vertex 85.3435 66.1323 16
    endloop
  endfacet
  facet normal -0.998795 -0.0490716 0
    outer loop
      vertex 85.35 66 1.6
      vertex 85.3435 66.1323 16
      vertex 85.3435 66.1323 1.6
    endloop
  endfacet
  facet normal -0.998795 -0.0490716 0
    outer loop
      vertex 85.3435 66.1323 16
      vertex 85.35 66 1.6
      vertex 85.35 66 16
    endloop
  endfacet
  facet normal -0.970009 -0.243068 0
    outer loop
      vertex 85.3241 66.2634 1.6
      vertex 85.2919 66.3919 16
      vertex 85.2919 66.3919 1.6
    endloop
  endfacet
  facet normal -0.970009 -0.243068 0
    outer loop
      vertex 85.2919 66.3919 16
      vertex 85.3241 66.2634 1.6
      vertex 85.3241 66.2634 16
    endloop
  endfacet
  facet normal -0.337436 -0.941348 0
    outer loop
      vertex 84.3919 67.2919 1.6
      vertex 84.5166 67.2472 16
      vertex 84.3919 67.2919 16
    endloop
  endfacet
  facet normal -0.337436 -0.941348 -0
    outer loop
      vertex 84.5166 67.2472 16
      vertex 84.3919 67.2919 1.6
      vertex 84.5166 67.2472 1.6
    endloop
  endfacet
  facet normal -0.989228 0.146385 0
    outer loop
      vertex 85.3241 65.7366 1.6
      vertex 85.3435 65.8677 16
      vertex 85.3435 65.8677 1.6
    endloop
  endfacet
  facet normal -0.989228 0.146385 0
    outer loop
      vertex 85.3435 65.8677 16
      vertex 85.3241 65.7366 1.6
      vertex 85.3241 65.7366 16
    endloop
  endfacet
  facet normal -0.803249 -0.595643 0
    outer loop
      vertex 85.1225 66.75 1.6
      vertex 85.0436 66.8564 16
      vertex 85.0436 66.8564 1.6
    endloop
  endfacet
  facet normal -0.803249 -0.595643 0
    outer loop
      vertex 85.0436 66.8564 16
      vertex 85.1225 66.75 1.6
      vertex 85.1225 66.75 16
    endloop
  endfacet
  facet normal -0.595643 -0.803249 0
    outer loop
      vertex 84.75 67.1225 1.6
      vertex 84.8564 67.0436 16
      vertex 84.75 67.1225 16
    endloop
  endfacet
  facet normal -0.595643 -0.803249 -0
    outer loop
      vertex 84.8564 67.0436 16
      vertex 84.75 67.1225 1.6
      vertex 84.8564 67.0436 1.6
    endloop
  endfacet
  facet normal -0.998795 0.0490716 0
    outer loop
      vertex 85.3435 65.8677 1.6
      vertex 85.35 66 16
      vertex 85.35 66 1.6
    endloop
  endfacet
  facet normal -0.998795 0.0490716 0
    outer loop
      vertex 85.35 66 16
      vertex 85.3435 65.8677 1.6
      vertex 85.3435 65.8677 16
    endloop
  endfacet
  facet normal -0.243068 -0.970009 0
    outer loop
      vertex 84.2634 67.3241 1.6
      vertex 84.3919 67.2919 16
      vertex 84.2634 67.3241 16
    endloop
  endfacet
  facet normal -0.243068 -0.970009 -0
    outer loop
      vertex 84.3919 67.2919 16
      vertex 84.2634 67.3241 1.6
      vertex 84.3919 67.2919 1.6
    endloop
  endfacet
  facet normal 0.970009 -0.243068 0
    outer loop
      vertex 82.6759 66.2634 16
      vertex 82.7081 66.3919 1.6
      vertex 82.7081 66.3919 16
    endloop
  endfacet
  facet normal 0.970009 -0.243068 0
    outer loop
      vertex 82.7081 66.3919 1.6
      vertex 82.6759 66.2634 16
      vertex 82.6759 66.2634 1.6
    endloop
  endfacet
  facet normal 0.740963 -0.671545 0
    outer loop
      vertex 82.9564 66.8564 16
      vertex 83.0454 66.9546 1.6
      vertex 83.0454 66.9546 16
    endloop
  endfacet
  facet normal 0.740963 -0.671545 0
    outer loop
      vertex 83.0454 66.9546 1.6
      vertex 82.9564 66.8564 16
      vertex 82.9564 66.8564 1.6
    endloop
  endfacet
  facet normal -0.427178 -0.904168 0
    outer loop
      vertex 84.5166 67.2472 1.6
      vertex 84.6364 67.1906 16
      vertex 84.5166 67.2472 16
    endloop
  endfacet
  facet normal -0.427178 -0.904168 -0
    outer loop
      vertex 84.6364 67.1906 16
      vertex 84.5166 67.2472 1.6
      vertex 84.6364 67.1906 1.6
    endloop
  endfacet
  facet normal 0.904168 0.427178 0
    outer loop
      vertex 82.8094 65.3636 16
      vertex 82.7528 65.4834 1.6
      vertex 82.7528 65.4834 16
    endloop
  endfacet
  facet normal 0.904168 0.427178 0
    outer loop
      vertex 82.7528 65.4834 1.6
      vertex 82.8094 65.3636 16
      vertex 82.8094 65.3636 1.6
    endloop
  endfacet
  facet normal -0.671545 0.740963 0
    outer loop
      vertex 84.9546 65.0454 1.6
      vertex 84.8564 64.9564 16
      vertex 84.9546 65.0454 16
    endloop
  endfacet
  facet normal -0.671545 0.740963 0
    outer loop
      vertex 84.8564 64.9564 16
      vertex 84.9546 65.0454 1.6
      vertex 84.8564 64.9564 1.6
    endloop
  endfacet
  facet normal 0.595643 0.803249 -0
    outer loop
      vertex 83.25 64.8775 1.6
      vertex 83.1436 64.9564 16
      vertex 83.25 64.8775 16
    endloop
  endfacet
  facet normal 0.595643 0.803249 0
    outer loop
      vertex 83.1436 64.9564 16
      vertex 83.25 64.8775 1.6
      vertex 83.1436 64.9564 1.6
    endloop
  endfacet
  facet normal -0.941348 -0.337436 0
    outer loop
      vertex 85.2919 66.3919 1.6
      vertex 85.2472 66.5166 16
      vertex 85.2472 66.5166 1.6
    endloop
  endfacet
  facet normal -0.941348 -0.337436 0
    outer loop
      vertex 85.2472 66.5166 16
      vertex 85.2919 66.3919 1.6
      vertex 85.2919 66.3919 16
    endloop
  endfacet
  facet normal 0.803249 0.595643 0
    outer loop
      vertex 82.9564 65.1436 16
      vertex 82.8775 65.25 1.6
      vertex 82.8775 65.25 16
    endloop
  endfacet
  facet normal 0.803249 0.595643 0
    outer loop
      vertex 82.8775 65.25 1.6
      vertex 82.9564 65.1436 16
      vertex 82.9564 65.1436 1.6
    endloop
  endfacet
  facet normal 0.998795 0.0490716 0
    outer loop
      vertex 82.6565 65.8677 16
      vertex 82.65 66 1.6
      vertex 82.65 66 16
    endloop
  endfacet
  facet normal 0.998795 0.0490716 0
    outer loop
      vertex 82.65 66 1.6
      vertex 82.6565 65.8677 16
      vertex 82.6565 65.8677 1.6
    endloop
  endfacet
  facet normal -0.337436 0.941348 0
    outer loop
      vertex 84.5166 64.7528 1.6
      vertex 84.3919 64.7081 16
      vertex 84.5166 64.7528 16
    endloop
  endfacet
  facet normal -0.337436 0.941348 0
    outer loop
      vertex 84.3919 64.7081 16
      vertex 84.5166 64.7528 1.6
      vertex 84.3919 64.7081 1.6
    endloop
  endfacet
  facet normal 0.0490716 -0.998795 0
    outer loop
      vertex 83.8677 67.3435 1.6
      vertex 84 67.35 16
      vertex 83.8677 67.3435 16
    endloop
  endfacet
  facet normal 0.0490716 -0.998795 0
    outer loop
      vertex 84 67.35 16
      vertex 83.8677 67.3435 1.6
      vertex 84 67.35 1.6
    endloop
  endfacet
  facet normal -0.595643 0.803249 0
    outer loop
      vertex 84.8564 64.9564 1.6
      vertex 84.75 64.8775 16
      vertex 84.8564 64.9564 16
    endloop
  endfacet
  facet normal -0.595643 0.803249 0
    outer loop
      vertex 84.75 64.8775 16
      vertex 84.8564 64.9564 1.6
      vertex 84.75 64.8775 1.6
    endloop
  endfacet
  facet normal 0.740963 0.671545 0
    outer loop
      vertex 83.0454 65.0454 16
      vertex 82.9564 65.1436 1.6
      vertex 82.9564 65.1436 16
    endloop
  endfacet
  facet normal 0.740963 0.671545 0
    outer loop
      vertex 82.9564 65.1436 1.6
      vertex 83.0454 65.0454 16
      vertex 83.0454 65.0454 1.6
    endloop
  endfacet
  facet normal -0.803249 0.595643 0
    outer loop
      vertex 85.0436 65.1436 1.6
      vertex 85.1225 65.25 16
      vertex 85.1225 65.25 1.6
    endloop
  endfacet
  facet normal -0.803249 0.595643 0
    outer loop
      vertex 85.1225 65.25 16
      vertex 85.0436 65.1436 1.6
      vertex 85.0436 65.1436 16
    endloop
  endfacet
  facet normal 0.857693 0.514163 0
    outer loop
      vertex 82.8775 65.25 16
      vertex 82.8094 65.3636 1.6
      vertex 82.8094 65.3636 16
    endloop
  endfacet
  facet normal 0.857693 0.514163 0
    outer loop
      vertex 82.8094 65.3636 1.6
      vertex 82.8775 65.25 16
      vertex 82.8775 65.25 1.6
    endloop
  endfacet
  facet normal -0.146385 -0.989228 0
    outer loop
      vertex 84.1323 67.3435 1.6
      vertex 84.2634 67.3241 16
      vertex 84.1323 67.3435 16
    endloop
  endfacet
  facet normal -0.146385 -0.989228 -0
    outer loop
      vertex 84.2634 67.3241 16
      vertex 84.1323 67.3435 1.6
      vertex 84.2634 67.3241 1.6
    endloop
  endfacet
  facet normal -0.146385 0.989228 0
    outer loop
      vertex 84.2634 64.6759 1.6
      vertex 84.1323 64.6565 16
      vertex 84.2634 64.6759 16
    endloop
  endfacet
  facet normal -0.146385 0.989228 0
    outer loop
      vertex 84.1323 64.6565 16
      vertex 84.2634 64.6759 1.6
      vertex 84.1323 64.6565 1.6
    endloop
  endfacet
  facet normal 0.146385 0.989228 -0
    outer loop
      vertex 83.8677 64.6565 1.6
      vertex 83.7366 64.6759 16
      vertex 83.8677 64.6565 16
    endloop
  endfacet
  facet normal 0.146385 0.989228 0
    outer loop
      vertex 83.7366 64.6759 16
      vertex 83.8677 64.6565 1.6
      vertex 83.7366 64.6759 1.6
    endloop
  endfacet
  facet normal 0.243068 -0.970009 0
    outer loop
      vertex 83.6081 67.2919 1.6
      vertex 83.7366 67.3241 16
      vertex 83.6081 67.2919 16
    endloop
  endfacet
  facet normal 0.243068 -0.970009 0
    outer loop
      vertex 83.7366 67.3241 16
      vertex 83.6081 67.2919 1.6
      vertex 83.7366 67.3241 1.6
    endloop
  endfacet
  facet normal 0.998795 -0.0490716 0
    outer loop
      vertex 82.65 66 16
      vertex 82.6565 66.1323 1.6
      vertex 82.6565 66.1323 16
    endloop
  endfacet
  facet normal 0.998795 -0.0490716 0
    outer loop
      vertex 82.6565 66.1323 1.6
      vertex 82.65 66 16
      vertex 82.65 66 1.6
    endloop
  endfacet
  facet normal -0.740963 0.671545 0
    outer loop
      vertex 84.9546 65.0454 1.6
      vertex 85.0436 65.1436 16
      vertex 85.0436 65.1436 1.6
    endloop
  endfacet
  facet normal -0.740963 0.671545 0
    outer loop
      vertex 85.0436 65.1436 16
      vertex 84.9546 65.0454 1.6
      vertex 84.9546 65.0454 16
    endloop
  endfacet
  facet normal -0.904168 -0.427178 0
    outer loop
      vertex 85.2472 66.5166 1.6
      vertex 85.1906 66.6364 16
      vertex 85.1906 66.6364 1.6
    endloop
  endfacet
  facet normal -0.904168 -0.427178 0
    outer loop
      vertex 85.1906 66.6364 16
      vertex 85.2472 66.5166 1.6
      vertex 85.2472 66.5166 16
    endloop
  endfacet
  facet normal 0.146385 -0.989228 0
    outer loop
      vertex 83.7366 67.3241 1.6
      vertex 83.8677 67.3435 16
      vertex 83.7366 67.3241 16
    endloop
  endfacet
  facet normal 0.146385 -0.989228 0
    outer loop
      vertex 83.8677 67.3435 16
      vertex 83.7366 67.3241 1.6
      vertex 83.8677 67.3435 1.6
    endloop
  endfacet
  facet normal 0.904168 -0.427178 0
    outer loop
      vertex 82.7528 66.5166 16
      vertex 82.8094 66.6364 1.6
      vertex 82.8094 66.6364 16
    endloop
  endfacet
  facet normal 0.904168 -0.427178 0
    outer loop
      vertex 82.8094 66.6364 1.6
      vertex 82.7528 66.5166 16
      vertex 82.7528 66.5166 1.6
    endloop
  endfacet
  facet normal 0.337436 -0.941348 0
    outer loop
      vertex 83.4834 67.2472 1.6
      vertex 83.6081 67.2919 16
      vertex 83.4834 67.2472 16
    endloop
  endfacet
  facet normal 0.337436 -0.941348 0
    outer loop
      vertex 83.6081 67.2919 16
      vertex 83.4834 67.2472 1.6
      vertex 83.6081 67.2919 1.6
    endloop
  endfacet
  facet normal -0.514163 -0.857693 0
    outer loop
      vertex 84.6364 67.1906 1.6
      vertex 84.75 67.1225 16
      vertex 84.6364 67.1906 16
    endloop
  endfacet
  facet normal -0.514163 -0.857693 -0
    outer loop
      vertex 84.75 67.1225 16
      vertex 84.6364 67.1906 1.6
      vertex 84.75 67.1225 1.6
    endloop
  endfacet
  facet normal -0.671545 -0.740963 0
    outer loop
      vertex 84.8564 67.0436 1.6
      vertex 84.9546 66.9546 16
      vertex 84.8564 67.0436 16
    endloop
  endfacet
  facet normal -0.671545 -0.740963 -0
    outer loop
      vertex 84.9546 66.9546 16
      vertex 84.8564 67.0436 1.6
      vertex 84.9546 66.9546 1.6
    endloop
  endfacet
  facet normal 0.0490716 0.998795 -0
    outer loop
      vertex 84 64.65 1.6
      vertex 83.8677 64.6565 16
      vertex 84 64.65 16
    endloop
  endfacet
  facet normal 0.0490716 0.998795 0
    outer loop
      vertex 83.8677 64.6565 16
      vertex 84 64.65 1.6
      vertex 83.8677 64.6565 1.6
    endloop
  endfacet
  facet normal 0.941348 0.337436 0
    outer loop
      vertex 82.7528 65.4834 16
      vertex 82.7081 65.6081 1.6
      vertex 82.7081 65.6081 16
    endloop
  endfacet
  facet normal 0.941348 0.337436 0
    outer loop
      vertex 82.7081 65.6081 1.6
      vertex 82.7528 65.4834 16
      vertex 82.7528 65.4834 1.6
    endloop
  endfacet
  facet normal -0.243068 0.970009 0
    outer loop
      vertex 84.3919 64.7081 1.6
      vertex 84.2634 64.6759 16
      vertex 84.3919 64.7081 16
    endloop
  endfacet
  facet normal -0.243068 0.970009 0
    outer loop
      vertex 84.2634 64.6759 16
      vertex 84.3919 64.7081 1.6
      vertex 84.2634 64.6759 1.6
    endloop
  endfacet
  facet normal -0.904168 0.427178 0
    outer loop
      vertex 85.1906 65.3636 1.6
      vertex 85.2472 65.4834 16
      vertex 85.2472 65.4834 1.6
    endloop
  endfacet
  facet normal -0.904168 0.427178 0
    outer loop
      vertex 85.2472 65.4834 16
      vertex 85.1906 65.3636 1.6
      vertex 85.1906 65.3636 16
    endloop
  endfacet
  facet normal -0.427178 0.904168 0
    outer loop
      vertex 84.6364 64.8094 1.6
      vertex 84.5166 64.7528 16
      vertex 84.6364 64.8094 16
    endloop
  endfacet
  facet normal -0.427178 0.904168 0
    outer loop
      vertex 84.5166 64.7528 16
      vertex 84.6364 64.8094 1.6
      vertex 84.5166 64.7528 1.6
    endloop
  endfacet
  facet normal 0.427178 -0.904168 0
    outer loop
      vertex 83.3636 67.1906 1.6
      vertex 83.4834 67.2472 16
      vertex 83.3636 67.1906 16
    endloop
  endfacet
  facet normal 0.427178 -0.904168 0
    outer loop
      vertex 83.4834 67.2472 16
      vertex 83.3636 67.1906 1.6
      vertex 83.4834 67.2472 1.6
    endloop
  endfacet
  facet normal -0.0490716 -0.998795 0
    outer loop
      vertex 84 67.35 1.6
      vertex 84.1323 67.3435 16
      vertex 84 67.35 16
    endloop
  endfacet
  facet normal -0.0490716 -0.998795 -0
    outer loop
      vertex 84.1323 67.3435 16
      vertex 84 67.35 1.6
      vertex 84.1323 67.3435 1.6
    endloop
  endfacet
  facet normal 0.514163 -0.857693 0
    outer loop
      vertex 83.25 67.1225 1.6
      vertex 83.3636 67.1906 16
      vertex 83.25 67.1225 16
    endloop
  endfacet
  facet normal 0.514163 -0.857693 0
    outer loop
      vertex 83.3636 67.1906 16
      vertex 83.25 67.1225 1.6
      vertex 83.3636 67.1906 1.6
    endloop
  endfacet
  facet normal -0.970009 0.243068 0
    outer loop
      vertex 85.2919 65.6081 1.6
      vertex 85.3241 65.7366 16
      vertex 85.3241 65.7366 1.6
    endloop
  endfacet
  facet normal -0.970009 0.243068 0
    outer loop
      vertex 85.3241 65.7366 16
      vertex 85.2919 65.6081 1.6
      vertex 85.2919 65.6081 16
    endloop
  endfacet
  facet normal -0.857693 -0.514163 0
    outer loop
      vertex 85.1906 66.6364 1.6
      vertex 85.1225 66.75 16
      vertex 85.1225 66.75 1.6
    endloop
  endfacet
  facet normal -0.857693 -0.514163 0
    outer loop
      vertex 85.1225 66.75 16
      vertex 85.1906 66.6364 1.6
      vertex 85.1906 66.6364 16
    endloop
  endfacet
  facet normal 0.989228 0.146385 0
    outer loop
      vertex 82.6759 65.7366 16
      vertex 82.6565 65.8677 1.6
      vertex 82.6565 65.8677 16
    endloop
  endfacet
  facet normal 0.989228 0.146385 0
    outer loop
      vertex 82.6565 65.8677 1.6
      vertex 82.6759 65.7366 16
      vertex 82.6759 65.7366 1.6
    endloop
  endfacet
  facet normal 0.595643 -0.803249 0
    outer loop
      vertex 83.1436 67.0436 1.6
      vertex 83.25 67.1225 16
      vertex 83.1436 67.0436 16
    endloop
  endfacet
  facet normal 0.595643 -0.803249 0
    outer loop
      vertex 83.25 67.1225 16
      vertex 83.1436 67.0436 1.6
      vertex 83.25 67.1225 1.6
    endloop
  endfacet
  facet normal -0.0490716 0.998795 0
    outer loop
      vertex 84.1323 64.6565 1.6
      vertex 84 64.65 16
      vertex 84.1323 64.6565 16
    endloop
  endfacet
  facet normal -0.0490716 0.998795 0
    outer loop
      vertex 84 64.65 16
      vertex 84.1323 64.6565 1.6
      vertex 84 64.65 1.6
    endloop
  endfacet
  facet normal 0.970009 0.243068 0
    outer loop
      vertex 82.7081 65.6081 16
      vertex 82.6759 65.7366 1.6
      vertex 82.6759 65.7366 16
    endloop
  endfacet
  facet normal 0.970009 0.243068 0
    outer loop
      vertex 82.6759 65.7366 1.6
      vertex 82.7081 65.6081 16
      vertex 82.7081 65.6081 1.6
    endloop
  endfacet
  facet normal 0.671545 0.740963 -0
    outer loop
      vertex 83.1436 64.9564 1.6
      vertex 83.0454 65.0454 16
      vertex 83.1436 64.9564 16
    endloop
  endfacet
  facet normal 0.671545 0.740963 0
    outer loop
      vertex 83.0454 65.0454 16
      vertex 83.1436 64.9564 1.6
      vertex 83.0454 65.0454 1.6
    endloop
  endfacet
  facet normal 0.671545 -0.740963 0
    outer loop
      vertex 83.0454 66.9546 1.6
      vertex 83.1436 67.0436 16
      vertex 83.0454 66.9546 16
    endloop
  endfacet
  facet normal 0.671545 -0.740963 0
    outer loop
      vertex 83.1436 67.0436 16
      vertex 83.0454 66.9546 1.6
      vertex 83.1436 67.0436 1.6
    endloop
  endfacet
  facet normal 0.857693 -0.514163 0
    outer loop
      vertex 82.8094 66.6364 16
      vertex 82.8775 66.75 1.6
      vertex 82.8775 66.75 16
    endloop
  endfacet
  facet normal 0.857693 -0.514163 0
    outer loop
      vertex 82.8775 66.75 1.6
      vertex 82.8094 66.6364 16
      vertex 82.8094 66.6364 1.6
    endloop
  endfacet
  facet normal 0.514163 0.857693 -0
    outer loop
      vertex 83.3636 64.8094 1.6
      vertex 83.25 64.8775 16
      vertex 83.3636 64.8094 16
    endloop
  endfacet
  facet normal 0.514163 0.857693 0
    outer loop
      vertex 83.25 64.8775 16
      vertex 83.3636 64.8094 1.6
      vertex 83.25 64.8775 1.6
    endloop
  endfacet
  facet normal -0.514163 0.857693 0
    outer loop
      vertex 84.75 64.8775 1.6
      vertex 84.6364 64.8094 16
      vertex 84.75 64.8775 16
    endloop
  endfacet
  facet normal -0.514163 0.857693 0
    outer loop
      vertex 84.6364 64.8094 16
      vertex 84.75 64.8775 1.6
      vertex 84.6364 64.8094 1.6
    endloop
  endfacet
  facet normal 0.989228 -0.146385 0
    outer loop
      vertex 82.6565 66.1323 16
      vertex 82.6759 66.2634 1.6
      vertex 82.6759 66.2634 16
    endloop
  endfacet
  facet normal 0.989228 -0.146385 0
    outer loop
      vertex 82.6759 66.2634 1.6
      vertex 82.6565 66.1323 16
      vertex 82.6565 66.1323 1.6
    endloop
  endfacet
  facet normal -0.740963 -0.671545 0
    outer loop
      vertex 85.0436 66.8564 1.6
      vertex 84.9546 66.9546 16
      vertex 84.9546 66.9546 1.6
    endloop
  endfacet
  facet normal -0.740963 -0.671545 0
    outer loop
      vertex 84.9546 66.9546 16
      vertex 85.0436 66.8564 1.6
      vertex 85.0436 66.8564 16
    endloop
  endfacet
  facet normal 0.941348 -0.337436 0
    outer loop
      vertex 82.7081 66.3919 16
      vertex 82.7528 66.5166 1.6
      vertex 82.7528 66.5166 16
    endloop
  endfacet
  facet normal 0.941348 -0.337436 0
    outer loop
      vertex 82.7528 66.5166 1.6
      vertex 82.7081 66.3919 16
      vertex 82.7081 66.3919 1.6
    endloop
  endfacet
  facet normal -0.857693 0.514163 0
    outer loop
      vertex 85.1225 65.25 1.6
      vertex 85.1906 65.3636 16
      vertex 85.1906 65.3636 1.6
    endloop
  endfacet
  facet normal -0.857693 0.514163 0
    outer loop
      vertex 85.1906 65.3636 16
      vertex 85.1225 65.25 1.6
      vertex 85.1225 65.25 16
    endloop
  endfacet
  facet normal -0.941348 0.337436 0
    outer loop
      vertex 85.2472 65.4834 1.6
      vertex 85.2919 65.6081 16
      vertex 85.2919 65.6081 1.6
    endloop
  endfacet
  facet normal -0.941348 0.337436 0
    outer loop
      vertex 85.2919 65.6081 16
      vertex 85.2472 65.4834 1.6
      vertex 85.2472 65.4834 16
    endloop
  endfacet
  facet normal 0.337436 0.941348 -0
    outer loop
      vertex 83.6081 64.7081 1.6
      vertex 83.4834 64.7528 16
      vertex 83.6081 64.7081 16
    endloop
  endfacet
  facet normal 0.337436 0.941348 0
    outer loop
      vertex 83.4834 64.7528 16
      vertex 83.6081 64.7081 1.6
      vertex 83.4834 64.7528 1.6
    endloop
  endfacet
  facet normal 0.243068 0.970009 -0
    outer loop
      vertex 83.7366 64.6759 1.6
      vertex 83.6081 64.7081 16
      vertex 83.7366 64.6759 16
    endloop
  endfacet
  facet normal 0.243068 0.970009 0
    outer loop
      vertex 83.6081 64.7081 16
      vertex 83.7366 64.6759 1.6
      vertex 83.6081 64.7081 1.6
    endloop
  endfacet
  facet normal 0.803249 -0.595643 0
    outer loop
      vertex 82.8775 66.75 16
      vertex 82.9564 66.8564 1.6
      vertex 82.9564 66.8564 16
    endloop
  endfacet
  facet normal 0.803249 -0.595643 0
    outer loop
      vertex 82.9564 66.8564 1.6
      vertex 82.8775 66.75 16
      vertex 82.8775 66.75 1.6
    endloop
  endfacet
  facet normal 0.427178 0.904168 -0
    outer loop
      vertex 83.4834 64.7528 1.6
      vertex 83.3636 64.8094 16
      vertex 83.4834 64.7528 16
    endloop
  endfacet
  facet normal 0.427178 0.904168 0
    outer loop
      vertex 83.3636 64.8094 16
      vertex 83.4834 64.7528 1.6
      vertex 83.3636 64.8094 1.6
    endloop
  endfacet
  facet normal 0.671573 -0.740939 0
    outer loop
      vertex 7.74458 3.87422 1.6
      vertex 7.94454 4.05546 16
      vertex 7.74458 3.87422 16
    endloop
  endfacet
  facet normal 0.671573 -0.740939 0
    outer loop
      vertex 7.94454 4.05546 16
      vertex 7.74458 3.87422 1.6
      vertex 7.94454 4.05546 1.6
    endloop
  endfacet
  facet normal 0.989176 0.146737 0
    outer loop
      vertex 8.73676 6.26955 16
      vertex 8.69716 6.5365 1.6
      vertex 8.69716 6.5365 16
    endloop
  endfacet
  facet normal 0.989176 0.146737 0
    outer loop
      vertex 8.69716 6.5365 1.6
      vertex 8.73676 6.26955 16
      vertex 8.73676 6.26955 1.6
    endloop
  endfacet
  facet normal 0.998796 0.0490598 0
    outer loop
      vertex 8.75 6 16
      vertex 8.73676 6.26955 1.6
      vertex 8.73676 6.26955 16
    endloop
  endfacet
  facet normal 0.998796 0.0490598 0
    outer loop
      vertex 8.73676 6.26955 1.6
      vertex 8.75 6 16
      vertex 8.75 6 1.6
    endloop
  endfacet
  facet normal 0.970033 0.242972 0
    outer loop
      vertex 8.69716 6.5365 16
      vertex 8.63159 6.79828 1.6
      vertex 8.63159 6.79828 16
    endloop
  endfacet
  facet normal 0.970033 0.242972 0
    outer loop
      vertex 8.63159 6.79828 1.6
      vertex 8.69716 6.5365 16
      vertex 8.69716 6.5365 1.6
    endloop
  endfacet
  facet normal 0.427572 -0.903981 0
    outer loop
      vertex 7.05238 3.45933 1.6
      vertex 7.29634 3.57472 16
      vertex 7.05238 3.45933 16
    endloop
  endfacet
  facet normal 0.427572 -0.903981 0
    outer loop
      vertex 7.29634 3.57472 16
      vertex 7.05238 3.45933 1.6
      vertex 7.29634 3.57472 1.6
    endloop
  endfacet
  facet normal -0.0490598 0.998796 0
    outer loop
      vertex 6 8.75 1.6
      vertex 5.73045 8.73676 16
      vertex 6 8.75 16
    endloop
  endfacet
  facet normal -0.0490598 0.998796 0
    outer loop
      vertex 5.73045 8.73676 16
      vertex 6 8.75 1.6
      vertex 5.73045 8.73676 1.6
    endloop
  endfacet
  facet normal -0.427572 0.903981 0
    outer loop
      vertex 4.94762 8.54067 1.6
      vertex 4.70366 8.42528 16
      vertex 4.94762 8.54067 16
    endloop
  endfacet
  facet normal -0.427572 0.903981 0
    outer loop
      vertex 4.70366 8.42528 16
      vertex 4.94762 8.54067 1.6
      vertex 4.70366 8.42528 1.6
    endloop
  endfacet
  facet normal 0.740939 0.671573 0
    outer loop
      vertex 8.12578 7.74458 16
      vertex 7.94454 7.94454 1.6
      vertex 7.94454 7.94454 16
    endloop
  endfacet
  facet normal 0.740939 0.671573 0
    outer loop
      vertex 7.94454 7.94454 1.6
      vertex 8.12578 7.74458 16
      vertex 8.12578 7.74458 1.6
    endloop
  endfacet
  facet normal -0.146737 -0.989176 0
    outer loop
      vertex 5.4635 3.30284 1.6
      vertex 5.73045 3.26324 16
      vertex 5.4635 3.30284 16
    endloop
  endfacet
  facet normal -0.146737 -0.989176 -0
    outer loop
      vertex 5.73045 3.26324 16
      vertex 5.4635 3.30284 1.6
      vertex 5.73045 3.26324 1.6
    endloop
  endfacet
  facet normal 0.427572 0.903981 -0
    outer loop
      vertex 7.29634 8.42528 1.6
      vertex 7.05238 8.54067 16
      vertex 7.29634 8.42528 16
    endloop
  endfacet
  facet normal 0.427572 0.903981 0
    outer loop
      vertex 7.05238 8.54067 16
      vertex 7.29634 8.42528 1.6
      vertex 7.05238 8.54067 1.6
    endloop
  endfacet
  facet normal -0.146737 0.989176 0
    outer loop
      vertex 5.73045 8.73676 1.6
      vertex 5.4635 8.69716 16
      vertex 5.73045 8.73676 16
    endloop
  endfacet
  facet normal -0.146737 0.989176 0
    outer loop
      vertex 5.4635 8.69716 16
      vertex 5.73045 8.73676 1.6
      vertex 5.4635 8.69716 1.6
    endloop
  endfacet
  facet normal 0.242972 -0.970033 0
    outer loop
      vertex 6.5365 3.30284 1.6
      vertex 6.79828 3.36841 16
      vertex 6.5365 3.30284 16
    endloop
  endfacet
  facet normal 0.242972 -0.970033 0
    outer loop
      vertex 6.79828 3.36841 16
      vertex 6.5365 3.30284 1.6
      vertex 6.79828 3.36841 1.6
    endloop
  endfacet
  facet normal -0.595699 0.803208 0
    outer loop
      vertex 4.47218 8.28654 1.6
      vertex 4.25542 8.12578 16
      vertex 4.47218 8.28654 16
    endloop
  endfacet
  facet normal -0.595699 0.803208 0
    outer loop
      vertex 4.25542 8.12578 16
      vertex 4.47218 8.28654 1.6
      vertex 4.25542 8.12578 1.6
    endloop
  endfacet
  facet normal -0.903981 0.427572 0
    outer loop
      vertex 3.45933 7.05238 1.6
      vertex 3.57472 7.29634 16
      vertex 3.57472 7.29634 1.6
    endloop
  endfacet
  facet normal -0.903981 0.427572 0
    outer loop
      vertex 3.57472 7.29634 16
      vertex 3.45933 7.05238 1.6
      vertex 3.45933 7.05238 16
    endloop
  endfacet
  facet normal -0.427572 -0.903981 0
    outer loop
      vertex 4.70366 3.57472 1.6
      vertex 4.94762 3.45933 16
      vertex 4.70366 3.57472 16
    endloop
  endfacet
  facet normal -0.427572 -0.903981 -0
    outer loop
      vertex 4.94762 3.45933 16
      vertex 4.70366 3.57472 1.6
      vertex 4.94762 3.45933 1.6
    endloop
  endfacet
  facet normal 0.336895 -0.941542 0
    outer loop
      vertex 6.79828 3.36841 1.6
      vertex 7.05238 3.45933 16
      vertex 6.79828 3.36841 16
    endloop
  endfacet
  facet normal 0.336895 -0.941542 0
    outer loop
      vertex 7.05238 3.45933 16
      vertex 6.79828 3.36841 1.6
      vertex 7.05238 3.45933 1.6
    endloop
  endfacet
  facet normal -0.595699 -0.803208 0
    outer loop
      vertex 4.25542 3.87422 1.6
      vertex 4.47218 3.71346 16
      vertex 4.25542 3.87422 16
    endloop
  endfacet
  facet normal -0.595699 -0.803208 -0
    outer loop
      vertex 4.47218 3.71346 16
      vertex 4.25542 3.87422 1.6
      vertex 4.47218 3.71346 1.6
    endloop
  endfacet
  facet normal -0.903981 -0.427572 0
    outer loop
      vertex 3.57472 4.70366 1.6
      vertex 3.45933 4.94762 16
      vertex 3.45933 4.94762 1.6
    endloop
  endfacet
  facet normal -0.903981 -0.427572 0
    outer loop
      vertex 3.45933 4.94762 16
      vertex 3.57472 4.70366 1.6
      vertex 3.57472 4.70366 16
    endloop
  endfacet
  facet normal 0.514092 0.857735 -0
    outer loop
      vertex 7.52782 8.28654 1.6
      vertex 7.29634 8.42528 16
      vertex 7.52782 8.28654 16
    endloop
  endfacet
  facet normal 0.514092 0.857735 0
    outer loop
      vertex 7.29634 8.42528 16
      vertex 7.52782 8.28654 1.6
      vertex 7.29634 8.42528 1.6
    endloop
  endfacet
  facet normal 0.595699 -0.803208 0
    outer loop
      vertex 7.52782 3.71346 1.6
      vertex 7.74458 3.87422 16
      vertex 7.52782 3.71346 16
    endloop
  endfacet
  facet normal 0.595699 -0.803208 0
    outer loop
      vertex 7.74458 3.87422 16
      vertex 7.52782 3.71346 1.6
      vertex 7.74458 3.87422 1.6
    endloop
  endfacet
  facet normal -0.998796 -0.0490598 0
    outer loop
      vertex 3.26324 5.73045 1.6
      vertex 3.25 6 16
      vertex 3.25 6 1.6
    endloop
  endfacet
  facet normal -0.998796 -0.0490598 0
    outer loop
      vertex 3.25 6 16
      vertex 3.26324 5.73045 1.6
      vertex 3.26324 5.73045 16
    endloop
  endfacet
  facet normal -0.336895 -0.941542 0
    outer loop
      vertex 4.94762 3.45933 1.6
      vertex 5.20172 3.36841 16
      vertex 4.94762 3.45933 16
    endloop
  endfacet
  facet normal -0.336895 -0.941542 -0
    outer loop
      vertex 5.20172 3.36841 16
      vertex 4.94762 3.45933 1.6
      vertex 5.20172 3.36841 1.6
    endloop
  endfacet
  facet normal 0.595699 0.803208 -0
    outer loop
      vertex 7.74458 8.12578 1.6
      vertex 7.52782 8.28654 16
      vertex 7.74458 8.12578 16
    endloop
  endfacet
  facet normal 0.595699 0.803208 0
    outer loop
      vertex 7.52782 8.28654 16
      vertex 7.74458 8.12578 1.6
      vertex 7.52782 8.28654 1.6
    endloop
  endfacet
  facet normal 0.970033 -0.242972 0
    outer loop
      vertex 8.63159 5.20172 16
      vertex 8.69716 5.4635 1.6
      vertex 8.69716 5.4635 16
    endloop
  endfacet
  facet normal 0.970033 -0.242972 0
    outer loop
      vertex 8.69716 5.4635 1.6
      vertex 8.63159 5.20172 16
      vertex 8.63159 5.20172 1.6
    endloop
  endfacet
  facet normal -0.941542 -0.336895 0
    outer loop
      vertex 3.45933 4.94762 1.6
      vertex 3.36841 5.20172 16
      vertex 3.36841 5.20172 1.6
    endloop
  endfacet
  facet normal -0.941542 -0.336895 0
    outer loop
      vertex 3.36841 5.20172 16
      vertex 3.45933 4.94762 1.6
      vertex 3.45933 4.94762 16
    endloop
  endfacet
  facet normal 0.242972 0.970033 -0
    outer loop
      vertex 6.79828 8.63159 1.6
      vertex 6.5365 8.69716 16
      vertex 6.79828 8.63159 16
    endloop
  endfacet
  facet normal 0.242972 0.970033 0
    outer loop
      vertex 6.5365 8.69716 16
      vertex 6.79828 8.63159 1.6
      vertex 6.5365 8.69716 1.6
    endloop
  endfacet
  facet normal -0.740939 0.671573 0
    outer loop
      vertex 3.87422 7.74458 1.6
      vertex 4.05546 7.94454 16
      vertex 4.05546 7.94454 1.6
    endloop
  endfacet
  facet normal -0.740939 0.671573 0
    outer loop
      vertex 4.05546 7.94454 16
      vertex 3.87422 7.74458 1.6
      vertex 3.87422 7.74458 16
    endloop
  endfacet
  facet normal 0.0490598 -0.998796 0
    outer loop
      vertex 6 3.25 1.6
      vertex 6.26955 3.26324 16
      vertex 6 3.25 16
    endloop
  endfacet
  facet normal 0.0490598 -0.998796 0
    outer loop
      vertex 6.26955 3.26324 16
      vertex 6 3.25 1.6
      vertex 6.26955 3.26324 1.6
    endloop
  endfacet
  facet normal 0.803208 0.595699 0
    outer loop
      vertex 8.28654 7.52782 16
      vertex 8.12578 7.74458 1.6
      vertex 8.12578 7.74458 16
    endloop
  endfacet
  facet normal 0.803208 0.595699 0
    outer loop
      vertex 8.12578 7.74458 1.6
      vertex 8.28654 7.52782 16
      vertex 8.28654 7.52782 1.6
    endloop
  endfacet
  facet normal -0.970033 -0.242972 0
    outer loop
      vertex 3.36841 5.20172 1.6
      vertex 3.30284 5.4635 16
      vertex 3.30284 5.4635 1.6
    endloop
  endfacet
  facet normal -0.970033 -0.242972 0
    outer loop
      vertex 3.30284 5.4635 16
      vertex 3.36841 5.20172 1.6
      vertex 3.36841 5.20172 16
    endloop
  endfacet
  facet normal 0.989176 -0.146737 0
    outer loop
      vertex 8.69716 5.4635 16
      vertex 8.73676 5.73045 1.6
      vertex 8.73676 5.73045 16
    endloop
  endfacet
  facet normal 0.989176 -0.146737 0
    outer loop
      vertex 8.73676 5.73045 1.6
      vertex 8.69716 5.4635 16
      vertex 8.69716 5.4635 1.6
    endloop
  endfacet
  facet normal 0.514092 -0.857735 0
    outer loop
      vertex 7.29634 3.57472 1.6
      vertex 7.52782 3.71346 16
      vertex 7.29634 3.57472 16
    endloop
  endfacet
  facet normal 0.514092 -0.857735 0
    outer loop
      vertex 7.52782 3.71346 16
      vertex 7.29634 3.57472 1.6
      vertex 7.52782 3.71346 1.6
    endloop
  endfacet
  facet normal -0.941542 0.336895 0
    outer loop
      vertex 3.36841 6.79828 1.6
      vertex 3.45933 7.05238 16
      vertex 3.45933 7.05238 1.6
    endloop
  endfacet
  facet normal -0.941542 0.336895 0
    outer loop
      vertex 3.45933 7.05238 16
      vertex 3.36841 6.79828 1.6
      vertex 3.36841 6.79828 16
    endloop
  endfacet
  facet normal 0.671573 0.740939 -0
    outer loop
      vertex 7.94454 7.94454 1.6
      vertex 7.74458 8.12578 16
      vertex 7.94454 7.94454 16
    endloop
  endfacet
  facet normal 0.671573 0.740939 0
    outer loop
      vertex 7.74458 8.12578 16
      vertex 7.94454 7.94454 1.6
      vertex 7.74458 8.12578 1.6
    endloop
  endfacet
  facet normal -0.989176 0.146737 0
    outer loop
      vertex 3.26324 6.26955 1.6
      vertex 3.30284 6.5365 16
      vertex 3.30284 6.5365 1.6
    endloop
  endfacet
  facet normal -0.989176 0.146737 0
    outer loop
      vertex 3.30284 6.5365 16
      vertex 3.26324 6.26955 1.6
      vertex 3.26324 6.26955 16
    endloop
  endfacet
  facet normal 0.903981 -0.427572 0
    outer loop
      vertex 8.42528 4.70366 16
      vertex 8.54067 4.94762 1.6
      vertex 8.54067 4.94762 16
    endloop
  endfacet
  facet normal 0.903981 -0.427572 0
    outer loop
      vertex 8.54067 4.94762 1.6
      vertex 8.42528 4.70366 16
      vertex 8.42528 4.70366 1.6
    endloop
  endfacet
  facet normal 0.336895 0.941542 -0
    outer loop
      vertex 7.05238 8.54067 1.6
      vertex 6.79828 8.63159 16
      vertex 7.05238 8.54067 16
    endloop
  endfacet
  facet normal 0.336895 0.941542 0
    outer loop
      vertex 6.79828 8.63159 16
      vertex 7.05238 8.54067 1.6
      vertex 6.79828 8.63159 1.6
    endloop
  endfacet
  facet normal 0.998796 -0.0490598 0
    outer loop
      vertex 8.73676 5.73045 16
      vertex 8.75 6 1.6
      vertex 8.75 6 16
    endloop
  endfacet
  facet normal 0.998796 -0.0490598 0
    outer loop
      vertex 8.75 6 1.6
      vertex 8.73676 5.73045 16
      vertex 8.73676 5.73045 1.6
    endloop
  endfacet
  facet normal 0 0 -1
    outer loop
      vertex 7.35 6 1.6
      vertex 8.75 6 1.6
      vertex 8.73676 5.73045 1.6
    endloop
  endfacet
  facet normal 0 0 -1
    outer loop
      vertex 7.3435 5.86768 1.6
      vertex 8.73676 5.73045 1.6
      vertex 8.69716 5.4635 1.6
    endloop
  endfacet
  facet normal 0 0 -1
    outer loop
      vertex 8.75 6 1.6
      vertex 7.35 6 1.6
      vertex 8.73676 6.26955 1.6
    endloop
  endfacet
  facet normal 0 0 -1
    outer loop
      vertex 7.32406 5.73663 1.6
      vertex 8.69716 5.4635 1.6
      vertex 8.63159 5.20172 1.6
    endloop
  endfacet
  facet normal 0 0 -1
    outer loop
      vertex 7.3435 6.13232 1.6
      vertex 8.73676 6.26955 1.6
      vertex 7.35 6 1.6
    endloop
  endfacet
  facet normal 0 0 -1
    outer loop
      vertex 7.29187 5.60812 1.6
      vertex 8.63159 5.20172 1.6
      vertex 8.54067 4.94762 1.6
    endloop
  endfacet
  facet normal -0 0 -1
    outer loop
      vertex 8.73676 6.26955 1.6
      vertex 7.3435 6.13232 1.6
      vertex 8.69716 6.5365 1.6
    endloop
  endfacet
  facet normal 0 0 -1
    outer loop
      vertex 7.24724 5.48338 1.6
      vertex 8.54067 4.94762 1.6
      vertex 8.42528 4.70366 1.6
    endloop
  endfacet
  facet normal 0 0 -1
    outer loop
      vertex 7.32406 6.26337 1.6
      vertex 8.69716 6.5365 1.6
      vertex 7.3435 6.13232 1.6
    endloop
  endfacet
  facet normal 0 0 -1
    outer loop
      vertex 7.19059 5.36362 1.6
      vertex 8.42528 4.70366 1.6
      vertex 8.28654 4.47218 1.6
    endloop
  endfacet
  facet normal -0 0 -1
    outer loop
      vertex 8.69716 6.5365 1.6
      vertex 7.32406 6.26337 1.6
      vertex 8.63159 6.79828 1.6
    endloop
  endfacet
  facet normal 0 0 -1
    outer loop
      vertex 7.12248 5.24998 1.6
      vertex 8.28654 4.47218 1.6
      vertex 8.12578 4.25542 1.6
    endloop
  endfacet
  facet normal 0 0 -1
    outer loop
      vertex 7.29187 6.39188 1.6
      vertex 8.63159 6.79828 1.6
      vertex 7.32406 6.26337 1.6
    endloop
  endfacet
  facet normal 0 0 -1
    outer loop
      vertex 7.04356 5.14357 1.6
      vertex 8.12578 4.25542 1.6
      vertex 7.94454 4.05546 1.6
    endloop
  endfacet
  facet normal -0 0 -1
    outer loop
      vertex 8.63159 6.79828 1.6
      vertex 7.29187 6.39188 1.6
      vertex 8.54067 7.05238 1.6
    endloop
  endfacet
  facet normal 0 0 -1
    outer loop
      vertex 6.95459 5.04541 1.6
      vertex 7.94454 4.05546 1.6
      vertex 7.74458 3.87422 1.6
    endloop
  endfacet
  facet normal 0 0 -1
    outer loop
      vertex 7.24724 6.51662 1.6
      vertex 8.54067 7.05238 1.6
      vertex 7.29187 6.39188 1.6
    endloop
  endfacet
  facet normal 0 0 -1
    outer loop
      vertex 6.85643 4.95644 1.6
      vertex 7.74458 3.87422 1.6
      vertex 7.52782 3.71346 1.6
    endloop
  endfacet
  facet normal -0 0 -1
    outer loop
      vertex 8.54067 7.05238 1.6
      vertex 7.24724 6.51662 1.6
      vertex 8.42528 7.29634 1.6
    endloop
  endfacet
  facet normal 0 0 -1
    outer loop
      vertex 7.19059 6.63638 1.6
      vertex 8.42528 7.29634 1.6
      vertex 7.24724 6.51662 1.6
    endloop
  endfacet
  facet normal 0 0 -1
    outer loop
      vertex 8.73676 5.73045 1.6
      vertex 7.3435 5.86768 1.6
      vertex 7.35 6 1.6
    endloop
  endfacet
  facet normal 0 0 -1
    outer loop
      vertex 8.69716 5.4635 1.6
      vertex 7.32406 5.73663 1.6
      vertex 7.3435 5.86768 1.6
    endloop
  endfacet
  facet normal 0 0 -1
    outer loop
      vertex 6.75002 4.87752 1.6
      vertex 7.52782 3.71346 1.6
      vertex 7.29634 3.57472 1.6
    endloop
  endfacet
  facet normal 0 0 -1
    outer loop
      vertex 8.63159 5.20172 1.6
      vertex 7.29187 5.60812 1.6
      vertex 7.32406 5.73663 1.6
    endloop
  endfacet
  facet normal 0 0 -1
    outer loop
      vertex 8.54067 4.94762 1.6
      vertex 7.24724 5.48338 1.6
      vertex 7.29187 5.60812 1.6
    endloop
  endfacet
  facet normal 0 0 -1
    outer loop
      vertex 8.42528 4.70366 1.6
      vertex 7.19059 5.36362 1.6
      vertex 7.24724 5.48338 1.6
    endloop
  endfacet
  facet normal 0 0 -1
    outer loop
      vertex 8.28654 4.47218 1.6
      vertex 7.12248 5.24998 1.6
      vertex 7.19059 5.36362 1.6
    endloop
  endfacet
  facet normal 0 0 -1
    outer loop
      vertex 6.63638 4.80941 1.6
      vertex 7.29634 3.57472 1.6
      vertex 7.05238 3.45933 1.6
    endloop
  endfacet
  facet normal 0 0 -1
    outer loop
      vertex 8.12578 4.25542 1.6
      vertex 7.04356 5.14357 1.6
      vertex 7.12248 5.24998 1.6
    endloop
  endfacet
  facet normal 0 0 -1
    outer loop
      vertex 7.94454 4.05546 1.6
      vertex 6.95459 5.04541 1.6
      vertex 7.04356 5.14357 1.6
    endloop
  endfacet
  facet normal 0 0 -1
    outer loop
      vertex 7.74458 3.87422 1.6
      vertex 6.85643 4.95644 1.6
      vertex 6.95459 5.04541 1.6
    endloop
  endfacet
  facet normal 0 0 -1
    outer loop
      vertex 6.51662 4.75276 1.6
      vertex 7.05238 3.45933 1.6
      vertex 6.79828 3.36841 1.6
    endloop
  endfacet
  facet normal 0 0 -1
    outer loop
      vertex 7.52782 3.71346 1.6
      vertex 6.75002 4.87752 1.6
      vertex 6.85643 4.95644 1.6
    endloop
  endfacet
  facet normal 0 0 -1
    outer loop
      vertex 7.29634 3.57472 1.6
      vertex 6.63638 4.80941 1.6
      vertex 6.75002 4.87752 1.6
    endloop
  endfacet
  facet normal 0 0 -1
    outer loop
      vertex 6.39188 4.70813 1.6
      vertex 6.79828 3.36841 1.6
      vertex 6.5365 3.30284 1.6
    endloop
  endfacet
  facet normal 0 0 -1
    outer loop
      vertex 7.05238 3.45933 1.6
      vertex 6.51662 4.75276 1.6
      vertex 6.63638 4.80941 1.6
    endloop
  endfacet
  facet normal 0 0 -1
    outer loop
      vertex 6.79828 3.36841 1.6
      vertex 6.39188 4.70813 1.6
      vertex 6.51662 4.75276 1.6
    endloop
  endfacet
  facet normal 0 0 -1
    outer loop
      vertex 6.26337 4.67594 1.6
      vertex 6.5365 3.30284 1.6
      vertex 6.26955 3.26324 1.6
    endloop
  endfacet
  facet normal 0 0 -1
    outer loop
      vertex 6.5365 3.30284 1.6
      vertex 6.26337 4.67594 1.6
      vertex 6.39188 4.70813 1.6
    endloop
  endfacet
  facet normal 0 0 -1
    outer loop
      vertex 6.26955 3.26324 1.6
      vertex 6.13232 4.6565 1.6
      vertex 6.26337 4.67594 1.6
    endloop
  endfacet
  facet normal 0 0 -1
    outer loop
      vertex 6 3.25 1.6
      vertex 6.13232 4.6565 1.6
      vertex 6.26955 3.26324 1.6
    endloop
  endfacet
  facet normal 0 0 -1
    outer loop
      vertex 6 3.25 1.6
      vertex 6 4.65 1.6
      vertex 6.13232 4.6565 1.6
    endloop
  endfacet
  facet normal 0 0 -1
    outer loop
      vertex 6 3.25 1.6
      vertex 5.86768 4.6565 1.6
      vertex 6 4.65 1.6
    endloop
  endfacet
  facet normal 0 0 -1
    outer loop
      vertex 5.73045 3.26324 1.6
      vertex 5.86768 4.6565 1.6
      vertex 6 3.25 1.6
    endloop
  endfacet
  facet normal -0 0 -1
    outer loop
      vertex 5.86768 4.6565 1.6
      vertex 5.73045 3.26324 1.6
      vertex 5.73663 4.67594 1.6
    endloop
  endfacet
  facet normal 0 0 -1
    outer loop
      vertex 5.4635 3.30284 1.6
      vertex 5.73663 4.67594 1.6
      vertex 5.73045 3.26324 1.6
    endloop
  endfacet
  facet normal -0 0 -1
    outer loop
      vertex 5.73663 4.67594 1.6
      vertex 5.4635 3.30284 1.6
      vertex 5.60812 4.70813 1.6
    endloop
  endfacet
  facet normal 0 0 -1
    outer loop
      vertex 5.20172 3.36841 1.6
      vertex 5.60812 4.70813 1.6
      vertex 5.4635 3.30284 1.6
    endloop
  endfacet
  facet normal -0 0 -1
    outer loop
      vertex 5.60812 4.70813 1.6
      vertex 5.20172 3.36841 1.6
      vertex 5.48338 4.75276 1.6
    endloop
  endfacet
  facet normal 0 0 -1
    outer loop
      vertex 4.94762 3.45933 1.6
      vertex 5.48338 4.75276 1.6
      vertex 5.20172 3.36841 1.6
    endloop
  endfacet
  facet normal -0 0 -1
    outer loop
      vertex 5.48338 4.75276 1.6
      vertex 4.94762 3.45933 1.6
      vertex 5.36362 4.80941 1.6
    endloop
  endfacet
  facet normal 0 0 -1
    outer loop
      vertex 4.70366 3.57472 1.6
      vertex 5.36362 4.80941 1.6
      vertex 4.94762 3.45933 1.6
    endloop
  endfacet
  facet normal -0 0 -1
    outer loop
      vertex 5.36362 4.80941 1.6
      vertex 4.70366 3.57472 1.6
      vertex 5.24998 4.87752 1.6
    endloop
  endfacet
  facet normal 0 0 -1
    outer loop
      vertex 4.47218 3.71346 1.6
      vertex 5.24998 4.87752 1.6
      vertex 4.70366 3.57472 1.6
    endloop
  endfacet
  facet normal -0 0 -1
    outer loop
      vertex 5.24998 4.87752 1.6
      vertex 4.47218 3.71346 1.6
      vertex 5.14357 4.95644 1.6
    endloop
  endfacet
  facet normal 0 0 -1
    outer loop
      vertex 4.25542 3.87422 1.6
      vertex 5.14357 4.95644 1.6
      vertex 4.47218 3.71346 1.6
    endloop
  endfacet
  facet normal -0 0 -1
    outer loop
      vertex 5.14357 4.95644 1.6
      vertex 4.25542 3.87422 1.6
      vertex 5.04541 5.04541 1.6
    endloop
  endfacet
  facet normal 0 0 -1
    outer loop
      vertex 4.05546 4.05546 1.6
      vertex 5.04541 5.04541 1.6
      vertex 4.25542 3.87422 1.6
    endloop
  endfacet
  facet normal -0 0 -1
    outer loop
      vertex 5.04541 5.04541 1.6
      vertex 4.05546 4.05546 1.6
      vertex 4.95644 5.14357 1.6
    endloop
  endfacet
  facet normal 0 0 -1
    outer loop
      vertex 3.87422 4.25542 1.6
      vertex 4.95644 5.14357 1.6
      vertex 4.05546 4.05546 1.6
    endloop
  endfacet
  facet normal -0 0 -1
    outer loop
      vertex 4.95644 5.14357 1.6
      vertex 3.87422 4.25542 1.6
      vertex 4.87752 5.24998 1.6
    endloop
  endfacet
  facet normal 0 0 -1
    outer loop
      vertex 3.71346 4.47218 1.6
      vertex 4.87752 5.24998 1.6
      vertex 3.87422 4.25542 1.6
    endloop
  endfacet
  facet normal -0 0 -1
    outer loop
      vertex 4.87752 5.24998 1.6
      vertex 3.71346 4.47218 1.6
      vertex 4.80941 5.36362 1.6
    endloop
  endfacet
  facet normal 0 0 -1
    outer loop
      vertex 3.57472 4.70366 1.6
      vertex 4.80941 5.36362 1.6
      vertex 3.71346 4.47218 1.6
    endloop
  endfacet
  facet normal -0 0 -1
    outer loop
      vertex 8.42528 7.29634 1.6
      vertex 7.19059 6.63638 1.6
      vertex 8.28654 7.52782 1.6
    endloop
  endfacet
  facet normal 0 0 -1
    outer loop
      vertex 7.12248 6.75002 1.6
      vertex 8.28654 7.52782 1.6
      vertex 7.19059 6.63638 1.6
    endloop
  endfacet
  facet normal -0 0 -1
    outer loop
      vertex 8.28654 7.52782 1.6
      vertex 7.12248 6.75002 1.6
      vertex 8.12578 7.74458 1.6
    endloop
  endfacet
  facet normal 0 0 -1
    outer loop
      vertex 7.04356 6.85643 1.6
      vertex 8.12578 7.74458 1.6
      vertex 7.12248 6.75002 1.6
    endloop
  endfacet
  facet normal -0 0 -1
    outer loop
      vertex 8.12578 7.74458 1.6
      vertex 7.04356 6.85643 1.6
      vertex 7.94454 7.94454 1.6
    endloop
  endfacet
  facet normal 0 0 -1
    outer loop
      vertex 6.95459 6.95459 1.6
      vertex 7.94454 7.94454 1.6
      vertex 7.04356 6.85643 1.6
    endloop
  endfacet
  facet normal -0 0 -1
    outer loop
      vertex 7.94454 7.94454 1.6
      vertex 6.95459 6.95459 1.6
      vertex 7.74458 8.12578 1.6
    endloop
  endfacet
  facet normal 0 0 -1
    outer loop
      vertex 6.85643 7.04356 1.6
      vertex 7.74458 8.12578 1.6
      vertex 6.95459 6.95459 1.6
    endloop
  endfacet
  facet normal -0 0 -1
    outer loop
      vertex 7.74458 8.12578 1.6
      vertex 6.85643 7.04356 1.6
      vertex 7.52782 8.28654 1.6
    endloop
  endfacet
  facet normal 0 0 -1
    outer loop
      vertex 6.75002 7.12248 1.6
      vertex 7.52782 8.28654 1.6
      vertex 6.85643 7.04356 1.6
    endloop
  endfacet
  facet normal -0 0 -1
    outer loop
      vertex 7.52782 8.28654 1.6
      vertex 6.75002 7.12248 1.6
      vertex 7.29634 8.42528 1.6
    endloop
  endfacet
  facet normal 0 0 -1
    outer loop
      vertex 6.63638 7.19059 1.6
      vertex 7.29634 8.42528 1.6
      vertex 6.75002 7.12248 1.6
    endloop
  endfacet
  facet normal -0 0 -1
    outer loop
      vertex 7.29634 8.42528 1.6
      vertex 6.63638 7.19059 1.6
      vertex 7.05238 8.54067 1.6
    endloop
  endfacet
  facet normal 0 0 -1
    outer loop
      vertex 6.51662 7.24724 1.6
      vertex 7.05238 8.54067 1.6
      vertex 6.63638 7.19059 1.6
    endloop
  endfacet
  facet normal -0 0 -1
    outer loop
      vertex 7.05238 8.54067 1.6
      vertex 6.51662 7.24724 1.6
      vertex 6.79828 8.63159 1.6
    endloop
  endfacet
  facet normal 0 0 -1
    outer loop
      vertex 6.39188 7.29187 1.6
      vertex 6.79828 8.63159 1.6
      vertex 6.51662 7.24724 1.6
    endloop
  endfacet
  facet normal -0 0 -1
    outer loop
      vertex 6.79828 8.63159 1.6
      vertex 6.39188 7.29187 1.6
      vertex 6.5365 8.69716 1.6
    endloop
  endfacet
  facet normal 0 0 -1
    outer loop
      vertex 6.26337 7.32406 1.6
      vertex 6.5365 8.69716 1.6
      vertex 6.39188 7.29187 1.6
    endloop
  endfacet
  facet normal -0 0 -1
    outer loop
      vertex 6.5365 8.69716 1.6
      vertex 6.26337 7.32406 1.6
      vertex 6.26955 8.73676 1.6
    endloop
  endfacet
  facet normal 0 0 -1
    outer loop
      vertex 6.13232 7.3435 1.6
      vertex 6.26955 8.73676 1.6
      vertex 6.26337 7.32406 1.6
    endloop
  endfacet
  facet normal 0 0 -1
    outer loop
      vertex 6 7.35 1.6
      vertex 6.26955 8.73676 1.6
      vertex 6.13232 7.3435 1.6
    endloop
  endfacet
  facet normal 0 0 -1
    outer loop
      vertex 6 7.35 1.6
      vertex 6 8.75 1.6
      vertex 6.26955 8.73676 1.6
    endloop
  endfacet
  facet normal 0 0 -1
    outer loop
      vertex 5.86768 7.3435 1.6
      vertex 6 8.75 1.6
      vertex 6 7.35 1.6
    endloop
  endfacet
  facet normal 0 0 -1
    outer loop
      vertex 5.73045 8.73676 1.6
      vertex 5.86768 7.3435 1.6
      vertex 5.73663 7.32406 1.6
    endloop
  endfacet
  facet normal 0 0 -1
    outer loop
      vertex 5.86768 7.3435 1.6
      vertex 5.73045 8.73676 1.6
      vertex 6 8.75 1.6
    endloop
  endfacet
  facet normal 0 0 -1
    outer loop
      vertex 5.4635 8.69716 1.6
      vertex 5.73663 7.32406 1.6
      vertex 5.60812 7.29187 1.6
    endloop
  endfacet
  facet normal 0 0 -1
    outer loop
      vertex 5.20172 8.63159 1.6
      vertex 5.60812 7.29187 1.6
      vertex 5.48338 7.24724 1.6
    endloop
  endfacet
  facet normal 0 0 -1
    outer loop
      vertex 5.73663 7.32406 1.6
      vertex 5.4635 8.69716 1.6
      vertex 5.73045 8.73676 1.6
    endloop
  endfacet
  facet normal 0 0 -1
    outer loop
      vertex 4.94762 8.54067 1.6
      vertex 5.48338 7.24724 1.6
      vertex 5.36362 7.19059 1.6
    endloop
  endfacet
  facet normal 0 0 -1
    outer loop
      vertex 4.70366 8.42528 1.6
      vertex 5.36362 7.19059 1.6
      vertex 5.24998 7.12248 1.6
    endloop
  endfacet
  facet normal 0 0 -1
    outer loop
      vertex 5.60812 7.29187 1.6
      vertex 5.20172 8.63159 1.6
      vertex 5.4635 8.69716 1.6
    endloop
  endfacet
  facet normal 0 0 -1
    outer loop
      vertex 4.47218 8.28654 1.6
      vertex 5.24998 7.12248 1.6
      vertex 5.14357 7.04356 1.6
    endloop
  endfacet
  facet normal 0 0 -1
    outer loop
      vertex 4.25542 8.12578 1.6
      vertex 5.14357 7.04356 1.6
      vertex 5.04541 6.95459 1.6
    endloop
  endfacet
  facet normal 0 0 -1
    outer loop
      vertex 4.05546 7.94454 1.6
      vertex 5.04541 6.95459 1.6
      vertex 4.95644 6.85643 1.6
    endloop
  endfacet
  facet normal 0 0 -1
    outer loop
      vertex 5.48338 7.24724 1.6
      vertex 4.94762 8.54067 1.6
      vertex 5.20172 8.63159 1.6
    endloop
  endfacet
  facet normal 0 0 -1
    outer loop
      vertex 3.87422 7.74458 1.6
      vertex 4.95644 6.85643 1.6
      vertex 4.87752 6.75002 1.6
    endloop
  endfacet
  facet normal 0 0 -1
    outer loop
      vertex 3.71346 7.52782 1.6
      vertex 4.87752 6.75002 1.6
      vertex 4.80941 6.63638 1.6
    endloop
  endfacet
  facet normal 0 0 -1
    outer loop
      vertex 3.57472 7.29634 1.6
      vertex 4.80941 6.63638 1.6
      vertex 4.75276 6.51662 1.6
    endloop
  endfacet
  facet normal 0 0 -1
    outer loop
      vertex 3.45933 7.05238 1.6
      vertex 4.75276 6.51662 1.6
      vertex 4.70813 6.39188 1.6
    endloop
  endfacet
  facet normal 0 0 -1
    outer loop
      vertex 5.36362 7.19059 1.6
      vertex 4.70366 8.42528 1.6
      vertex 4.94762 8.54067 1.6
    endloop
  endfacet
  facet normal 0 0 -1
    outer loop
      vertex 3.36841 6.79828 1.6
      vertex 4.70813 6.39188 1.6
      vertex 4.67594 6.26337 1.6
    endloop
  endfacet
  facet normal 0 0 -1
    outer loop
      vertex 3.30284 6.5365 1.6
      vertex 4.67594 6.26337 1.6
      vertex 4.6565 6.13232 1.6
    endloop
  endfacet
  facet normal 0 0 -1
    outer loop
      vertex 3.26324 6.26955 1.6
      vertex 4.6565 6.13232 1.6
      vertex 4.65 6 1.6
    endloop
  endfacet
  facet normal -0 0 -1
    outer loop
      vertex 4.80941 5.36362 1.6
      vertex 3.57472 4.70366 1.6
      vertex 4.75276 5.48338 1.6
    endloop
  endfacet
  facet normal 0 0 -1
    outer loop
      vertex 5.24998 7.12248 1.6
      vertex 4.47218 8.28654 1.6
      vertex 4.70366 8.42528 1.6
    endloop
  endfacet
  facet normal 0 0 -1
    outer loop
      vertex 3.45933 4.94762 1.6
      vertex 4.75276 5.48338 1.6
      vertex 3.57472 4.70366 1.6
    endloop
  endfacet
  facet normal 0 0 -1
    outer loop
      vertex 5.14357 7.04356 1.6
      vertex 4.25542 8.12578 1.6
      vertex 4.47218 8.28654 1.6
    endloop
  endfacet
  facet normal -0 0 -1
    outer loop
      vertex 4.75276 5.48338 1.6
      vertex 3.45933 4.94762 1.6
      vertex 4.70813 5.60812 1.6
    endloop
  endfacet
  facet normal 0 0 -1
    outer loop
      vertex 5.04541 6.95459 1.6
      vertex 4.05546 7.94454 1.6
      vertex 4.25542 8.12578 1.6
    endloop
  endfacet
  facet normal 0 0 -1
    outer loop
      vertex 3.36841 5.20172 1.6
      vertex 4.70813 5.60812 1.6
      vertex 3.45933 4.94762 1.6
    endloop
  endfacet
  facet normal 0 0 -1
    outer loop
      vertex 4.95644 6.85643 1.6
      vertex 3.87422 7.74458 1.6
      vertex 4.05546 7.94454 1.6
    endloop
  endfacet
  facet normal -0 0 -1
    outer loop
      vertex 4.70813 5.60812 1.6
      vertex 3.36841 5.20172 1.6
      vertex 4.67594 5.73663 1.6
    endloop
  endfacet
  facet normal 0 0 -1
    outer loop
      vertex 4.87752 6.75002 1.6
      vertex 3.71346 7.52782 1.6
      vertex 3.87422 7.74458 1.6
    endloop
  endfacet
  facet normal 0 0 -1
    outer loop
      vertex 3.30284 5.4635 1.6
      vertex 4.67594 5.73663 1.6
      vertex 3.36841 5.20172 1.6
    endloop
  endfacet
  facet normal 0 0 -1
    outer loop
      vertex 4.80941 6.63638 1.6
      vertex 3.57472 7.29634 1.6
      vertex 3.71346 7.52782 1.6
    endloop
  endfacet
  facet normal -0 0 -1
    outer loop
      vertex 4.67594 5.73663 1.6
      vertex 3.30284 5.4635 1.6
      vertex 4.6565 5.86768 1.6
    endloop
  endfacet
  facet normal 0 0 -1
    outer loop
      vertex 4.75276 6.51662 1.6
      vertex 3.45933 7.05238 1.6
      vertex 3.57472 7.29634 1.6
    endloop
  endfacet
  facet normal 0 0 -1
    outer loop
      vertex 3.26324 5.73045 1.6
      vertex 4.6565 5.86768 1.6
      vertex 3.30284 5.4635 1.6
    endloop
  endfacet
  facet normal 0 0 -1
    outer loop
      vertex 4.70813 6.39188 1.6
      vertex 3.36841 6.79828 1.6
      vertex 3.45933 7.05238 1.6
    endloop
  endfacet
  facet normal -0 0 -1
    outer loop
      vertex 4.6565 5.86768 1.6
      vertex 3.26324 5.73045 1.6
      vertex 4.65 6 1.6
    endloop
  endfacet
  facet normal 0 0 -1
    outer loop
      vertex 4.67594 6.26337 1.6
      vertex 3.30284 6.5365 1.6
      vertex 3.36841 6.79828 1.6
    endloop
  endfacet
  facet normal 0 0 -1
    outer loop
      vertex 3.25 6 1.6
      vertex 4.65 6 1.6
      vertex 3.26324 5.73045 1.6
    endloop
  endfacet
  facet normal 0 0 -1
    outer loop
      vertex 4.6565 6.13232 1.6
      vertex 3.26324 6.26955 1.6
      vertex 3.30284 6.5365 1.6
    endloop
  endfacet
  facet normal 0 0 -1
    outer loop
      vertex 4.65 6 1.6
      vertex 3.25 6 1.6
      vertex 3.26324 6.26955 1.6
    endloop
  endfacet
  facet normal 0.146737 -0.989176 0
    outer loop
      vertex 6.26955 3.26324 1.6
      vertex 6.5365 3.30284 16
      vertex 6.26955 3.26324 16
    endloop
  endfacet
  facet normal 0.146737 -0.989176 0
    outer loop
      vertex 6.5365 3.30284 16
      vertex 6.26955 3.26324 1.6
      vertex 6.5365 3.30284 1.6
    endloop
  endfacet
  facet normal 0.941542 0.336895 0
    outer loop
      vertex 8.63159 6.79828 16
      vertex 8.54067 7.05238 1.6
      vertex 8.54067 7.05238 16
    endloop
  endfacet
  facet normal 0.941542 0.336895 0
    outer loop
      vertex 8.54067 7.05238 1.6
      vertex 8.63159 6.79828 16
      vertex 8.63159 6.79828 1.6
    endloop
  endfacet
  facet normal 0.803208 -0.595699 0
    outer loop
      vertex 8.12578 4.25542 16
      vertex 8.28654 4.47218 1.6
      vertex 8.28654 4.47218 16
    endloop
  endfacet
  facet normal 0.803208 -0.595699 0
    outer loop
      vertex 8.28654 4.47218 1.6
      vertex 8.12578 4.25542 16
      vertex 8.12578 4.25542 1.6
    endloop
  endfacet
  facet normal 0.857735 -0.514092 0
    outer loop
      vertex 8.28654 4.47218 16
      vertex 8.42528 4.70366 1.6
      vertex 8.42528 4.70366 16
    endloop
  endfacet
  facet normal 0.857735 -0.514092 0
    outer loop
      vertex 8.42528 4.70366 1.6
      vertex 8.28654 4.47218 16
      vertex 8.28654 4.47218 1.6
    endloop
  endfacet
  facet normal -0.242972 0.970033 0
    outer loop
      vertex 5.4635 8.69716 1.6
      vertex 5.20172 8.63159 16
      vertex 5.4635 8.69716 16
    endloop
  endfacet
  facet normal -0.242972 0.970033 0
    outer loop
      vertex 5.20172 8.63159 16
      vertex 5.4635 8.69716 1.6
      vertex 5.20172 8.63159 1.6
    endloop
  endfacet
  facet normal 0.941542 -0.336895 0
    outer loop
      vertex 8.54067 4.94762 16
      vertex 8.63159 5.20172 1.6
      vertex 8.63159 5.20172 16
    endloop
  endfacet
  facet normal 0.941542 -0.336895 0
    outer loop
      vertex 8.63159 5.20172 1.6
      vertex 8.54067 4.94762 16
      vertex 8.54067 4.94762 1.6
    endloop
  endfacet
  facet normal 0.0490598 0.998796 -0
    outer loop
      vertex 6.26955 8.73676 1.6
      vertex 6 8.75 16
      vertex 6.26955 8.73676 16
    endloop
  endfacet
  facet normal 0.0490598 0.998796 0
    outer loop
      vertex 6 8.75 16
      vertex 6.26955 8.73676 1.6
      vertex 6 8.75 1.6
    endloop
  endfacet
  facet normal -0.514092 0.857735 0
    outer loop
      vertex 4.70366 8.42528 1.6
      vertex 4.47218 8.28654 16
      vertex 4.70366 8.42528 16
    endloop
  endfacet
  facet normal -0.514092 0.857735 0
    outer loop
      vertex 4.47218 8.28654 16
      vertex 4.70366 8.42528 1.6
      vertex 4.47218 8.28654 1.6
    endloop
  endfacet
  facet normal 0.903981 0.427572 0
    outer loop
      vertex 8.54067 7.05238 16
      vertex 8.42528 7.29634 1.6
      vertex 8.42528 7.29634 16
    endloop
  endfacet
  facet normal 0.903981 0.427572 0
    outer loop
      vertex 8.42528 7.29634 1.6
      vertex 8.54067 7.05238 16
      vertex 8.54067 7.05238 1.6
    endloop
  endfacet
  facet normal 0.146737 0.989176 -0
    outer loop
      vertex 6.5365 8.69716 1.6
      vertex 6.26955 8.73676 16
      vertex 6.5365 8.69716 16
    endloop
  endfacet
  facet normal 0.146737 0.989176 0
    outer loop
      vertex 6.26955 8.73676 16
      vertex 6.5365 8.69716 1.6
      vertex 6.26955 8.73676 1.6
    endloop
  endfacet
  facet normal -0.242972 -0.970033 0
    outer loop
      vertex 5.20172 3.36841 1.6
      vertex 5.4635 3.30284 16
      vertex 5.20172 3.36841 16
    endloop
  endfacet
  facet normal -0.242972 -0.970033 -0
    outer loop
      vertex 5.4635 3.30284 16
      vertex 5.20172 3.36841 1.6
      vertex 5.4635 3.30284 1.6
    endloop
  endfacet
  facet normal -0.857735 -0.514092 0
    outer loop
      vertex 3.71346 4.47218 1.6
      vertex 3.57472 4.70366 16
      vertex 3.57472 4.70366 1.6
    endloop
  endfacet
  facet normal -0.857735 -0.514092 0
    outer loop
      vertex 3.57472 4.70366 16
      vertex 3.71346 4.47218 1.6
      vertex 3.71346 4.47218 16
    endloop
  endfacet
  facet normal 0.857735 0.514092 0
    outer loop
      vertex 8.42528 7.29634 16
      vertex 8.28654 7.52782 1.6
      vertex 8.28654 7.52782 16
    endloop
  endfacet
  facet normal 0.857735 0.514092 0
    outer loop
      vertex 8.28654 7.52782 1.6
      vertex 8.42528 7.29634 16
      vertex 8.42528 7.29634 1.6
    endloop
  endfacet
  facet normal -0.336895 0.941542 0
    outer loop
      vertex 5.20172 8.63159 1.6
      vertex 4.94762 8.54067 16
      vertex 5.20172 8.63159 16
    endloop
  endfacet
  facet normal -0.336895 0.941542 0
    outer loop
      vertex 4.94762 8.54067 16
      vertex 5.20172 8.63159 1.6
      vertex 4.94762 8.54067 1.6
    endloop
  endfacet
  facet normal -0.740939 -0.671573 0
    outer loop
      vertex 4.05546 4.05546 1.6
      vertex 3.87422 4.25542 16
      vertex 3.87422 4.25542 1.6
    endloop
  endfacet
  facet normal -0.740939 -0.671573 0
    outer loop
      vertex 3.87422 4.25542 16
      vertex 4.05546 4.05546 1.6
      vertex 4.05546 4.05546 16
    endloop
  endfacet
  facet normal -0.671573 0.740939 0
    outer loop
      vertex 4.25542 8.12578 1.6
      vertex 4.05546 7.94454 16
      vertex 4.25542 8.12578 16
    endloop
  endfacet
  facet normal -0.671573 0.740939 0
    outer loop
      vertex 4.05546 7.94454 16
      vertex 4.25542 8.12578 1.6
      vertex 4.05546 7.94454 1.6
    endloop
  endfacet
  facet normal -0.514092 -0.857735 0
    outer loop
      vertex 4.47218 3.71346 1.6
      vertex 4.70366 3.57472 16
      vertex 4.47218 3.71346 16
    endloop
  endfacet
  facet normal -0.514092 -0.857735 -0
    outer loop
      vertex 4.70366 3.57472 16
      vertex 4.47218 3.71346 1.6
      vertex 4.70366 3.57472 1.6
    endloop
  endfacet
  facet normal -0.970033 0.242972 0
    outer loop
      vertex 3.30284 6.5365 1.6
      vertex 3.36841 6.79828 16
      vertex 3.36841 6.79828 1.6
    endloop
  endfacet
  facet normal -0.970033 0.242972 0
    outer loop
      vertex 3.36841 6.79828 16
      vertex 3.30284 6.5365 1.6
      vertex 3.30284 6.5365 16
    endloop
  endfacet
  facet normal -0.803208 -0.595699 0
    outer loop
      vertex 3.87422 4.25542 1.6
      vertex 3.71346 4.47218 16
      vertex 3.71346 4.47218 1.6
    endloop
  endfacet
  facet normal -0.803208 -0.595699 0
    outer loop
      vertex 3.71346 4.47218 16
      vertex 3.87422 4.25542 1.6
      vertex 3.87422 4.25542 16
    endloop
  endfacet
  facet normal -0.989176 -0.146737 0
    outer loop
      vertex 3.30284 5.4635 1.6
      vertex 3.26324 5.73045 16
      vertex 3.26324 5.73045 1.6
    endloop
  endfacet
  facet normal -0.989176 -0.146737 0
    outer loop
      vertex 3.26324 5.73045 16
      vertex 3.30284 5.4635 1.6
      vertex 3.30284 5.4635 16
    endloop
  endfacet
  facet normal -0.671573 -0.740939 0
    outer loop
      vertex 4.05546 4.05546 1.6
      vertex 4.25542 3.87422 16
      vertex 4.05546 4.05546 16
    endloop
  endfacet
  facet normal -0.671573 -0.740939 -0
    outer loop
      vertex 4.25542 3.87422 16
      vertex 4.05546 4.05546 1.6
      vertex 4.25542 3.87422 1.6
    endloop
  endfacet
  facet normal -0.803208 0.595699 0
    outer loop
      vertex 3.71346 7.52782 1.6
      vertex 3.87422 7.74458 16
      vertex 3.87422 7.74458 1.6
    endloop
  endfacet
  facet normal -0.803208 0.595699 0
    outer loop
      vertex 3.87422 7.74458 16
      vertex 3.71346 7.52782 1.6
      vertex 3.71346 7.52782 16
    endloop
  endfacet
  facet normal -0.857735 0.514092 0
    outer loop
      vertex 3.57472 7.29634 1.6
      vertex 3.71346 7.52782 16
      vertex 3.71346 7.52782 1.6
    endloop
  endfacet
  facet normal -0.857735 0.514092 0
    outer loop
      vertex 3.71346 7.52782 16
      vertex 3.57472 7.29634 1.6
      vertex 3.57472 7.29634 16
    endloop
  endfacet
  facet normal 0 0 1
    outer loop
      vertex 7.35 6 16
      vertex 8.75 6 16
      vertex 8.73676 6.26955 16
    endloop
  endfacet
  facet normal 0 0 1
    outer loop
      vertex 7.3435 6.13232 16
      vertex 8.73676 6.26955 16
      vertex 8.69716 6.5365 16
    endloop
  endfacet
  facet normal 0 0 1
    outer loop
      vertex 8.75 6 16
      vertex 7.35 6 16
      vertex 8.73676 5.73045 16
    endloop
  endfacet
  facet normal 0 0 1
    outer loop
      vertex 7.32406 6.26337 16
      vertex 8.69716 6.5365 16
      vertex 8.63159 6.79828 16
    endloop
  endfacet
  facet normal -0 0 1
    outer loop
      vertex 7.3435 5.86768 16
      vertex 8.73676 5.73045 16
      vertex 7.35 6 16
    endloop
  endfacet
  facet normal 0 0 1
    outer loop
      vertex 7.29187 6.39188 16
      vertex 8.63159 6.79828 16
      vertex 8.54067 7.05238 16
    endloop
  endfacet
  facet normal 0 0 1
    outer loop
      vertex 8.73676 5.73045 16
      vertex 7.3435 5.86768 16
      vertex 8.69716 5.4635 16
    endloop
  endfacet
  facet normal 0 0 1
    outer loop
      vertex 7.24724 6.51662 16
      vertex 8.54067 7.05238 16
      vertex 8.42528 7.29634 16
    endloop
  endfacet
  facet normal -0 0 1
    outer loop
      vertex 7.32406 5.73663 16
      vertex 8.69716 5.4635 16
      vertex 7.3435 5.86768 16
    endloop
  endfacet
  facet normal 0 0 1
    outer loop
      vertex 7.19059 6.63638 16
      vertex 8.42528 7.29634 16
      vertex 8.28654 7.52782 16
    endloop
  endfacet
  facet normal 0 0 1
    outer loop
      vertex 8.69716 5.4635 16
      vertex 7.32406 5.73663 16
      vertex 8.63159 5.20172 16
    endloop
  endfacet
  facet normal 0 0 1
    outer loop
      vertex 7.12248 6.75002 16
      vertex 8.28654 7.52782 16
      vertex 8.12578 7.74458 16
    endloop
  endfacet
  facet normal -0 0 1
    outer loop
      vertex 7.29187 5.60812 16
      vertex 8.63159 5.20172 16
      vertex 7.32406 5.73663 16
    endloop
  endfacet
  facet normal 0 0 1
    outer loop
      vertex 7.04356 6.85643 16
      vertex 8.12578 7.74458 16
      vertex 7.94454 7.94454 16
    endloop
  endfacet
  facet normal 0 0 1
    outer loop
      vertex 8.63159 5.20172 16
      vertex 7.29187 5.60812 16
      vertex 8.54067 4.94762 16
    endloop
  endfacet
  facet normal 0 0 1
    outer loop
      vertex 6.95459 6.95459 16
      vertex 7.94454 7.94454 16
      vertex 7.74458 8.12578 16
    endloop
  endfacet
  facet normal -0 0 1
    outer loop
      vertex 7.24724 5.48338 16
      vertex 8.54067 4.94762 16
      vertex 7.29187 5.60812 16
    endloop
  endfacet
  facet normal 0 0 1
    outer loop
      vertex 6.85643 7.04356 16
      vertex 7.74458 8.12578 16
      vertex 7.52782 8.28654 16
    endloop
  endfacet
  facet normal 0 0 1
    outer loop
      vertex 8.54067 4.94762 16
      vertex 7.24724 5.48338 16
      vertex 8.42528 4.70366 16
    endloop
  endfacet
  facet normal -0 0 1
    outer loop
      vertex 7.19059 5.36362 16
      vertex 8.42528 4.70366 16
      vertex 7.24724 5.48338 16
    endloop
  endfacet
  facet normal 0 0 1
    outer loop
      vertex 8.73676 6.26955 16
      vertex 7.3435 6.13232 16
      vertex 7.35 6 16
    endloop
  endfacet
  facet normal 0 0 1
    outer loop
      vertex 8.69716 6.5365 16
      vertex 7.32406 6.26337 16
      vertex 7.3435 6.13232 16
    endloop
  endfacet
  facet normal 0 0 1
    outer loop
      vertex 6.75002 7.12248 16
      vertex 7.52782 8.28654 16
      vertex 7.29634 8.42528 16
    endloop
  endfacet
  facet normal 0 0 1
    outer loop
      vertex 8.63159 6.79828 16
      vertex 7.29187 6.39188 16
      vertex 7.32406 6.26337 16
    endloop
  endfacet
  facet normal 0 0 1
    outer loop
      vertex 8.54067 7.05238 16
      vertex 7.24724 6.51662 16
      vertex 7.29187 6.39188 16
    endloop
  endfacet
  facet normal 0 0 1
    outer loop
      vertex 8.42528 7.29634 16
      vertex 7.19059 6.63638 16
      vertex 7.24724 6.51662 16
    endloop
  endfacet
  facet normal 0 0 1
    outer loop
      vertex 8.28654 7.52782 16
      vertex 7.12248 6.75002 16
      vertex 7.19059 6.63638 16
    endloop
  endfacet
  facet normal 0 0 1
    outer loop
      vertex 6.63638 7.19059 16
      vertex 7.29634 8.42528 16
      vertex 7.05238 8.54067 16
    endloop
  endfacet
  facet normal 0 0 1
    outer loop
      vertex 8.12578 7.74458 16
      vertex 7.04356 6.85643 16
      vertex 7.12248 6.75002 16
    endloop
  endfacet
  facet normal 0 0 1
    outer loop
      vertex 7.94454 7.94454 16
      vertex 6.95459 6.95459 16
      vertex 7.04356 6.85643 16
    endloop
  endfacet
  facet normal 0 0 1
    outer loop
      vertex 7.74458 8.12578 16
      vertex 6.85643 7.04356 16
      vertex 6.95459 6.95459 16
    endloop
  endfacet
  facet normal 0 0 1
    outer loop
      vertex 6.51662 7.24724 16
      vertex 7.05238 8.54067 16
      vertex 6.79828 8.63159 16
    endloop
  endfacet
  facet normal 0 0 1
    outer loop
      vertex 7.52782 8.28654 16
      vertex 6.75002 7.12248 16
      vertex 6.85643 7.04356 16
    endloop
  endfacet
  facet normal 0 0 1
    outer loop
      vertex 7.29634 8.42528 16
      vertex 6.63638 7.19059 16
      vertex 6.75002 7.12248 16
    endloop
  endfacet
  facet normal 0 0 1
    outer loop
      vertex 6.39188 7.29187 16
      vertex 6.79828 8.63159 16
      vertex 6.5365 8.69716 16
    endloop
  endfacet
  facet normal 0 0 1
    outer loop
      vertex 7.05238 8.54067 16
      vertex 6.51662 7.24724 16
      vertex 6.63638 7.19059 16
    endloop
  endfacet
  facet normal 0 0 1
    outer loop
      vertex 6.79828 8.63159 16
      vertex 6.39188 7.29187 16
      vertex 6.51662 7.24724 16
    endloop
  endfacet
  facet normal 0 0 1
    outer loop
      vertex 6.26337 7.32406 16
      vertex 6.5365 8.69716 16
      vertex 6.26955 8.73676 16
    endloop
  endfacet
  facet normal 0 0 1
    outer loop
      vertex 6.5365 8.69716 16
      vertex 6.26337 7.32406 16
      vertex 6.39188 7.29187 16
    endloop
  endfacet
  facet normal 0 0 1
    outer loop
      vertex 6.26955 8.73676 16
      vertex 6.13232 7.3435 16
      vertex 6.26337 7.32406 16
    endloop
  endfacet
  facet normal 0 0 1
    outer loop
      vertex 6 8.75 16
      vertex 6.13232 7.3435 16
      vertex 6.26955 8.73676 16
    endloop
  endfacet
  facet normal 0 0 1
    outer loop
      vertex 6 8.75 16
      vertex 6 7.35 16
      vertex 6.13232 7.3435 16
    endloop
  endfacet
  facet normal 0 0 1
    outer loop
      vertex 6 8.75 16
      vertex 5.86768 7.3435 16
      vertex 6 7.35 16
    endloop
  endfacet
  facet normal -0 0 1
    outer loop
      vertex 5.73045 8.73676 16
      vertex 5.86768 7.3435 16
      vertex 6 8.75 16
    endloop
  endfacet
  facet normal 0 0 1
    outer loop
      vertex 5.86768 7.3435 16
      vertex 5.73045 8.73676 16
      vertex 5.73663 7.32406 16
    endloop
  endfacet
  facet normal -0 0 1
    outer loop
      vertex 5.4635 8.69716 16
      vertex 5.73663 7.32406 16
      vertex 5.73045 8.73676 16
    endloop
  endfacet
  facet normal 0 0 1
    outer loop
      vertex 5.73663 7.32406 16
      vertex 5.4635 8.69716 16
      vertex 5.60812 7.29187 16
    endloop
  endfacet
  facet normal -0 0 1
    outer loop
      vertex 5.20172 8.63159 16
      vertex 5.60812 7.29187 16
      vertex 5.4635 8.69716 16
    endloop
  endfacet
  facet normal 0 0 1
    outer loop
      vertex 5.60812 7.29187 16
      vertex 5.20172 8.63159 16
      vertex 5.48338 7.24724 16
    endloop
  endfacet
  facet normal -0 0 1
    outer loop
      vertex 4.94762 8.54067 16
      vertex 5.48338 7.24724 16
      vertex 5.20172 8.63159 16
    endloop
  endfacet
  facet normal 0 0 1
    outer loop
      vertex 5.48338 7.24724 16
      vertex 4.94762 8.54067 16
      vertex 5.36362 7.19059 16
    endloop
  endfacet
  facet normal -0 0 1
    outer loop
      vertex 4.70366 8.42528 16
      vertex 5.36362 7.19059 16
      vertex 4.94762 8.54067 16
    endloop
  endfacet
  facet normal 0 0 1
    outer loop
      vertex 5.36362 7.19059 16
      vertex 4.70366 8.42528 16
      vertex 5.24998 7.12248 16
    endloop
  endfacet
  facet normal -0 0 1
    outer loop
      vertex 4.47218 8.28654 16
      vertex 5.24998 7.12248 16
      vertex 4.70366 8.42528 16
    endloop
  endfacet
  facet normal 0 0 1
    outer loop
      vertex 5.24998 7.12248 16
      vertex 4.47218 8.28654 16
      vertex 5.14357 7.04356 16
    endloop
  endfacet
  facet normal -0 0 1
    outer loop
      vertex 4.25542 8.12578 16
      vertex 5.14357 7.04356 16
      vertex 4.47218 8.28654 16
    endloop
  endfacet
  facet normal 0 0 1
    outer loop
      vertex 5.14357 7.04356 16
      vertex 4.25542 8.12578 16
      vertex 5.04541 6.95459 16
    endloop
  endfacet
  facet normal -0 0 1
    outer loop
      vertex 4.05546 7.94454 16
      vertex 5.04541 6.95459 16
      vertex 4.25542 8.12578 16
    endloop
  endfacet
  facet normal 0 0 1
    outer loop
      vertex 5.04541 6.95459 16
      vertex 4.05546 7.94454 16
      vertex 4.95644 6.85643 16
    endloop
  endfacet
  facet normal -0 0 1
    outer loop
      vertex 3.87422 7.74458 16
      vertex 4.95644 6.85643 16
      vertex 4.05546 7.94454 16
    endloop
  endfacet
  facet normal 0 0 1
    outer loop
      vertex 4.95644 6.85643 16
      vertex 3.87422 7.74458 16
      vertex 4.87752 6.75002 16
    endloop
  endfacet
  facet normal -0 0 1
    outer loop
      vertex 3.71346 7.52782 16
      vertex 4.87752 6.75002 16
      vertex 3.87422 7.74458 16
    endloop
  endfacet
  facet normal 0 0 1
    outer loop
      vertex 4.87752 6.75002 16
      vertex 3.71346 7.52782 16
      vertex 4.80941 6.63638 16
    endloop
  endfacet
  facet normal -0 0 1
    outer loop
      vertex 3.57472 7.29634 16
      vertex 4.80941 6.63638 16
      vertex 3.71346 7.52782 16
    endloop
  endfacet
  facet normal 0 0 1
    outer loop
      vertex 8.42528 4.70366 16
      vertex 7.19059 5.36362 16
      vertex 8.28654 4.47218 16
    endloop
  endfacet
  facet normal -0 0 1
    outer loop
      vertex 7.12248 5.24998 16
      vertex 8.28654 4.47218 16
      vertex 7.19059 5.36362 16
    endloop
  endfacet
  facet normal 0 0 1
    outer loop
      vertex 8.28654 4.47218 16
      vertex 7.12248 5.24998 16
      vertex 8.12578 4.25542 16
    endloop
  endfacet
  facet normal -0 0 1
    outer loop
      vertex 7.04356 5.14357 16
      vertex 8.12578 4.25542 16
      vertex 7.12248 5.24998 16
    endloop
  endfacet
  facet normal 0 0 1
    outer loop
      vertex 8.12578 4.25542 16
      vertex 7.04356 5.14357 16
      vertex 7.94454 4.05546 16
    endloop
  endfacet
  facet normal -0 0 1
    outer loop
      vertex 6.95459 5.04541 16
      vertex 7.94454 4.05546 16
      vertex 7.04356 5.14357 16
    endloop
  endfacet
  facet normal 0 0 1
    outer loop
      vertex 7.94454 4.05546 16
      vertex 6.95459 5.04541 16
      vertex 7.74458 3.87422 16
    endloop
  endfacet
  facet normal -0 0 1
    outer loop
      vertex 6.85643 4.95644 16
      vertex 7.74458 3.87422 16
      vertex 6.95459 5.04541 16
    endloop
  endfacet
  facet normal 0 0 1
    outer loop
      vertex 7.74458 3.87422 16
      vertex 6.85643 4.95644 16
      vertex 7.52782 3.71346 16
    endloop
  endfacet
  facet normal -0 0 1
    outer loop
      vertex 6.75002 4.87752 16
      vertex 7.52782 3.71346 16
      vertex 6.85643 4.95644 16
    endloop
  endfacet
  facet normal 0 0 1
    outer loop
      vertex 7.52782 3.71346 16
      vertex 6.75002 4.87752 16
      vertex 7.29634 3.57472 16
    endloop
  endfacet
  facet normal -0 0 1
    outer loop
      vertex 6.63638 4.80941 16
      vertex 7.29634 3.57472 16
      vertex 6.75002 4.87752 16
    endloop
  endfacet
  facet normal 0 0 1
    outer loop
      vertex 7.29634 3.57472 16
      vertex 6.63638 4.80941 16
      vertex 7.05238 3.45933 16
    endloop
  endfacet
  facet normal -0 0 1
    outer loop
      vertex 6.51662 4.75276 16
      vertex 7.05238 3.45933 16
      vertex 6.63638 4.80941 16
    endloop
  endfacet
  facet normal 0 0 1
    outer loop
      vertex 7.05238 3.45933 16
      vertex 6.51662 4.75276 16
      vertex 6.79828 3.36841 16
    endloop
  endfacet
  facet normal -0 0 1
    outer loop
      vertex 6.39188 4.70813 16
      vertex 6.79828 3.36841 16
      vertex 6.51662 4.75276 16
    endloop
  endfacet
  facet normal 0 0 1
    outer loop
      vertex 6.79828 3.36841 16
      vertex 6.39188 4.70813 16
      vertex 6.5365 3.30284 16
    endloop
  endfacet
  facet normal -0 0 1
    outer loop
      vertex 6.26337 4.67594 16
      vertex 6.5365 3.30284 16
      vertex 6.39188 4.70813 16
    endloop
  endfacet
  facet normal 0 0 1
    outer loop
      vertex 6.5365 3.30284 16
      vertex 6.26337 4.67594 16
      vertex 6.26955 3.26324 16
    endloop
  endfacet
  facet normal -0 0 1
    outer loop
      vertex 6.13232 4.6565 16
      vertex 6.26955 3.26324 16
      vertex 6.26337 4.67594 16
    endloop
  endfacet
  facet normal -0 0 1
    outer loop
      vertex 6 4.65 16
      vertex 6.26955 3.26324 16
      vertex 6.13232 4.6565 16
    endloop
  endfacet
  facet normal 0 0 1
    outer loop
      vertex 6 4.65 16
      vertex 6 3.25 16
      vertex 6.26955 3.26324 16
    endloop
  endfacet
  facet normal 0 0 1
    outer loop
      vertex 5.86768 4.6565 16
      vertex 6 3.25 16
      vertex 6 4.65 16
    endloop
  endfacet
  facet normal 0 0 1
    outer loop
      vertex 5.73045 3.26324 16
      vertex 5.86768 4.6565 16
      vertex 5.73663 4.67594 16
    endloop
  endfacet
  facet normal 0 0 1
    outer loop
      vertex 5.86768 4.6565 16
      vertex 5.73045 3.26324 16
      vertex 6 3.25 16
    endloop
  endfacet
  facet normal 0 0 1
    outer loop
      vertex 5.4635 3.30284 16
      vertex 5.73663 4.67594 16
      vertex 5.60812 4.70813 16
    endloop
  endfacet
  facet normal 0 0 1
    outer loop
      vertex 5.20172 3.36841 16
      vertex 5.60812 4.70813 16
      vertex 5.48338 4.75276 16
    endloop
  endfacet
  facet normal 0 0 1
    outer loop
      vertex 5.73663 4.67594 16
      vertex 5.4635 3.30284 16
      vertex 5.73045 3.26324 16
    endloop
  endfacet
  facet normal 0 0 1
    outer loop
      vertex 4.94762 3.45933 16
      vertex 5.48338 4.75276 16
      vertex 5.36362 4.80941 16
    endloop
  endfacet
  facet normal 0 0 1
    outer loop
      vertex 4.70366 3.57472 16
      vertex 5.36362 4.80941 16
      vertex 5.24998 4.87752 16
    endloop
  endfacet
  facet normal 0 0 1
    outer loop
      vertex 5.60812 4.70813 16
      vertex 5.20172 3.36841 16
      vertex 5.4635 3.30284 16
    endloop
  endfacet
  facet normal 0 0 1
    outer loop
      vertex 4.47218 3.71346 16
      vertex 5.24998 4.87752 16
      vertex 5.14357 4.95644 16
    endloop
  endfacet
  facet normal 0 0 1
    outer loop
      vertex 4.25542 3.87422 16
      vertex 5.14357 4.95644 16
      vertex 5.04541 5.04541 16
    endloop
  endfacet
  facet normal 0 0 1
    outer loop
      vertex 4.05546 4.05546 16
      vertex 5.04541 5.04541 16
      vertex 4.95644 5.14357 16
    endloop
  endfacet
  facet normal 0 0 1
    outer loop
      vertex 5.48338 4.75276 16
      vertex 4.94762 3.45933 16
      vertex 5.20172 3.36841 16
    endloop
  endfacet
  facet normal 0 0 1
    outer loop
      vertex 3.87422 4.25542 16
      vertex 4.95644 5.14357 16
      vertex 4.87752 5.24998 16
    endloop
  endfacet
  facet normal 0 0 1
    outer loop
      vertex 3.71346 4.47218 16
      vertex 4.87752 5.24998 16
      vertex 4.80941 5.36362 16
    endloop
  endfacet
  facet normal 0 0 1
    outer loop
      vertex 3.57472 4.70366 16
      vertex 4.80941 5.36362 16
      vertex 4.75276 5.48338 16
    endloop
  endfacet
  facet normal 0 0 1
    outer loop
      vertex 3.45933 4.94762 16
      vertex 4.75276 5.48338 16
      vertex 4.70813 5.60812 16
    endloop
  endfacet
  facet normal 0 0 1
    outer loop
      vertex 5.36362 4.80941 16
      vertex 4.70366 3.57472 16
      vertex 4.94762 3.45933 16
    endloop
  endfacet
  facet normal 0 0 1
    outer loop
      vertex 3.36841 5.20172 16
      vertex 4.70813 5.60812 16
      vertex 4.67594 5.73663 16
    endloop
  endfacet
  facet normal 0 0 1
    outer loop
      vertex 3.30284 5.4635 16
      vertex 4.67594 5.73663 16
      vertex 4.6565 5.86768 16
    endloop
  endfacet
  facet normal 0 0 1
    outer loop
      vertex 3.26324 5.73045 16
      vertex 4.6565 5.86768 16
      vertex 4.65 6 16
    endloop
  endfacet
  facet normal 0 0 1
    outer loop
      vertex 4.80941 6.63638 16
      vertex 3.57472 7.29634 16
      vertex 4.75276 6.51662 16
    endloop
  endfacet
  facet normal 0 0 1
    outer loop
      vertex 5.24998 4.87752 16
      vertex 4.47218 3.71346 16
      vertex 4.70366 3.57472 16
    endloop
  endfacet
  facet normal -0 0 1
    outer loop
      vertex 3.45933 7.05238 16
      vertex 4.75276 6.51662 16
      vertex 3.57472 7.29634 16
    endloop
  endfacet
  facet normal 0 0 1
    outer loop
      vertex 5.14357 4.95644 16
      vertex 4.25542 3.87422 16
      vertex 4.47218 3.71346 16
    endloop
  endfacet
  facet normal 0 0 1
    outer loop
      vertex 4.75276 6.51662 16
      vertex 3.45933 7.05238 16
      vertex 4.70813 6.39188 16
    endloop
  endfacet
  facet normal 0 0 1
    outer loop
      vertex 5.04541 5.04541 16
      vertex 4.05546 4.05546 16
      vertex 4.25542 3.87422 16
    endloop
  endfacet
  facet normal -0 0 1
    outer loop
      vertex 3.36841 6.79828 16
      vertex 4.70813 6.39188 16
      vertex 3.45933 7.05238 16
    endloop
  endfacet
  facet normal 0 0 1
    outer loop
      vertex 4.95644 5.14357 16
      vertex 3.87422 4.25542 16
      vertex 4.05546 4.05546 16
    endloop
  endfacet
  facet normal 0 0 1
    outer loop
      vertex 4.70813 6.39188 16
      vertex 3.36841 6.79828 16
      vertex 4.67594 6.26337 16
    endloop
  endfacet
  facet normal 0 0 1
    outer loop
      vertex 4.87752 5.24998 16
      vertex 3.71346 4.47218 16
      vertex 3.87422 4.25542 16
    endloop
  endfacet
  facet normal -0 0 1
    outer loop
      vertex 3.30284 6.5365 16
      vertex 4.67594 6.26337 16
      vertex 3.36841 6.79828 16
    endloop
  endfacet
  facet normal 0 0 1
    outer loop
      vertex 4.80941 5.36362 16
      vertex 3.57472 4.70366 16
      vertex 3.71346 4.47218 16
    endloop
  endfacet
  facet normal 0 0 1
    outer loop
      vertex 4.67594 6.26337 16
      vertex 3.30284 6.5365 16
      vertex 4.6565 6.13232 16
    endloop
  endfacet
  facet normal 0 0 1
    outer loop
      vertex 4.75276 5.48338 16
      vertex 3.45933 4.94762 16
      vertex 3.57472 4.70366 16
    endloop
  endfacet
  facet normal -0 0 1
    outer loop
      vertex 3.26324 6.26955 16
      vertex 4.6565 6.13232 16
      vertex 3.30284 6.5365 16
    endloop
  endfacet
  facet normal 0 0 1
    outer loop
      vertex 4.70813 5.60812 16
      vertex 3.36841 5.20172 16
      vertex 3.45933 4.94762 16
    endloop
  endfacet
  facet normal 0 0 1
    outer loop
      vertex 4.6565 6.13232 16
      vertex 3.26324 6.26955 16
      vertex 4.65 6 16
    endloop
  endfacet
  facet normal 0 0 1
    outer loop
      vertex 4.67594 5.73663 16
      vertex 3.30284 5.4635 16
      vertex 3.36841 5.20172 16
    endloop
  endfacet
  facet normal 0 0 1
    outer loop
      vertex 3.25 6 16
      vertex 4.65 6 16
      vertex 3.26324 6.26955 16
    endloop
  endfacet
  facet normal 0 0 1
    outer loop
      vertex 4.6565 5.86768 16
      vertex 3.26324 5.73045 16
      vertex 3.30284 5.4635 16
    endloop
  endfacet
  facet normal 0 0 1
    outer loop
      vertex 4.65 6 16
      vertex 3.25 6 16
      vertex 3.26324 5.73045 16
    endloop
  endfacet
  facet normal -0.0490598 -0.998796 0
    outer loop
      vertex 5.73045 3.26324 1.6
      vertex 6 3.25 16
      vertex 5.73045 3.26324 16
    endloop
  endfacet
  facet normal -0.0490598 -0.998796 -0
    outer loop
      vertex 6 3.25 16
      vertex 5.73045 3.26324 1.6
      vertex 6 3.25 1.6
    endloop
  endfacet
  facet normal -0.998796 0.0490598 0
    outer loop
      vertex 3.25 6 1.6
      vertex 3.26324 6.26955 16
      vertex 3.26324 6.26955 1.6
    endloop
  endfacet
  facet normal -0.998796 0.0490598 0
    outer loop
      vertex 3.26324 6.26955 16
      vertex 3.25 6 1.6
      vertex 3.25 6 16
    endloop
  endfacet
  facet normal 0.740939 -0.671573 0
    outer loop
      vertex 7.94454 4.05546 16
      vertex 8.12578 4.25542 1.6
      vertex 8.12578 4.25542 16
    endloop
  endfacet
  facet normal 0.740939 -0.671573 0
    outer loop
      vertex 8.12578 4.25542 1.6
      vertex 7.94454 4.05546 16
      vertex 7.94454 4.05546 1.6
    endloop
  endfacet
  facet normal -0.989176 -0.146735 0
    outer loop
      vertex 7.3435 6.13232 1.6
      vertex 7.32406 6.26337 16
      vertex 7.32406 6.26337 1.6
    endloop
  endfacet
  facet normal -0.989176 -0.146735 0
    outer loop
      vertex 7.32406 6.26337 16
      vertex 7.3435 6.13232 1.6
      vertex 7.3435 6.13232 16
    endloop
  endfacet
  facet normal -0.998796 -0.0490642 0
    outer loop
      vertex 7.35 6 1.6
      vertex 7.3435 6.13232 16
      vertex 7.3435 6.13232 1.6
    endloop
  endfacet
  facet normal -0.998796 -0.0490642 0
    outer loop
      vertex 7.3435 6.13232 16
      vertex 7.35 6 1.6
      vertex 7.35 6 16
    endloop
  endfacet
  facet normal -0.970031 -0.24298 0
    outer loop
      vertex 7.32406 6.26337 1.6
      vertex 7.29187 6.39188 16
      vertex 7.29187 6.39188 1.6
    endloop
  endfacet
  facet normal -0.970031 -0.24298 0
    outer loop
      vertex 7.29187 6.39188 16
      vertex 7.32406 6.26337 1.6
      vertex 7.32406 6.26337 16
    endloop
  endfacet
  facet normal -0.336872 -0.94155 0
    outer loop
      vertex 6.39188 7.29187 1.6
      vertex 6.51662 7.24724 16
      vertex 6.39188 7.29187 16
    endloop
  endfacet
  facet normal -0.336872 -0.94155 -0
    outer loop
      vertex 6.51662 7.24724 16
      vertex 6.39188 7.29187 1.6
      vertex 6.51662 7.24724 1.6
    endloop
  endfacet
  facet normal -0.989176 0.146735 0
    outer loop
      vertex 7.32406 5.73663 1.6
      vertex 7.3435 5.86768 16
      vertex 7.3435 5.86768 1.6
    endloop
  endfacet
  facet normal -0.989176 0.146735 0
    outer loop
      vertex 7.3435 5.86768 16
      vertex 7.32406 5.73663 1.6
      vertex 7.32406 5.73663 16
    endloop
  endfacet
  facet normal -0.803204 -0.595704 0
    outer loop
      vertex 7.12248 6.75002 1.6
      vertex 7.04356 6.85643 16
      vertex 7.04356 6.85643 1.6
    endloop
  endfacet
  facet normal -0.803204 -0.595704 0
    outer loop
      vertex 7.04356 6.85643 16
      vertex 7.12248 6.75002 1.6
      vertex 7.12248 6.75002 16
    endloop
  endfacet
  facet normal -0.595704 -0.803204 0
    outer loop
      vertex 6.75002 7.12248 1.6
      vertex 6.85643 7.04356 16
      vertex 6.75002 7.12248 16
    endloop
  endfacet
  facet normal -0.595704 -0.803204 -0
    outer loop
      vertex 6.85643 7.04356 16
      vertex 6.75002 7.12248 1.6
      vertex 6.85643 7.04356 1.6
    endloop
  endfacet
  facet normal -0.998796 0.0490642 0
    outer loop
      vertex 7.3435 5.86768 1.6
      vertex 7.35 6 16
      vertex 7.35 6 1.6
    endloop
  endfacet
  facet normal -0.998796 0.0490642 0
    outer loop
      vertex 7.35 6 16
      vertex 7.3435 5.86768 1.6
      vertex 7.3435 5.86768 16
    endloop
  endfacet
  facet normal -0.24298 -0.970031 0
    outer loop
      vertex 6.26337 7.32406 1.6
      vertex 6.39188 7.29187 16
      vertex 6.26337 7.32406 16
    endloop
  endfacet
  facet normal -0.24298 -0.970031 -0
    outer loop
      vertex 6.39188 7.29187 16
      vertex 6.26337 7.32406 1.6
      vertex 6.39188 7.29187 1.6
    endloop
  endfacet
  facet normal 0.970031 -0.24298 0
    outer loop
      vertex 4.67594 6.26337 16
      vertex 4.70813 6.39188 1.6
      vertex 4.70813 6.39188 16
    endloop
  endfacet
  facet normal 0.970031 -0.24298 0
    outer loop
      vertex 4.70813 6.39188 1.6
      vertex 4.67594 6.26337 16
      vertex 4.67594 6.26337 1.6
    endloop
  endfacet
  facet normal 0.74094 -0.671571 0
    outer loop
      vertex 4.95644 6.85643 16
      vertex 5.04541 6.95459 1.6
      vertex 5.04541 6.95459 16
    endloop
  endfacet
  facet normal 0.74094 -0.671571 0
    outer loop
      vertex 5.04541 6.95459 1.6
      vertex 4.95644 6.85643 16
      vertex 4.95644 6.85643 1.6
    endloop
  endfacet
  facet normal -0.427603 -0.903967 0
    outer loop
      vertex 6.51662 7.24724 1.6
      vertex 6.63638 7.19059 16
      vertex 6.51662 7.24724 16
    endloop
  endfacet
  facet normal -0.427603 -0.903967 -0
    outer loop
      vertex 6.63638 7.19059 16
      vertex 6.51662 7.24724 1.6
      vertex 6.63638 7.19059 1.6
    endloop
  endfacet
  facet normal 0.903967 0.427603 0
    outer loop
      vertex 4.80941 5.36362 16
      vertex 4.75276 5.48338 1.6
      vertex 4.75276 5.48338 16
    endloop
  endfacet
  facet normal 0.903967 0.427603 0
    outer loop
      vertex 4.75276 5.48338 1.6
      vertex 4.80941 5.36362 16
      vertex 4.80941 5.36362 1.6
    endloop
  endfacet
  facet normal -0.671571 0.74094 0
    outer loop
      vertex 6.95459 5.04541 1.6
      vertex 6.85643 4.95644 16
      vertex 6.95459 5.04541 16
    endloop
  endfacet
  facet normal -0.671571 0.74094 0
    outer loop
      vertex 6.85643 4.95644 16
      vertex 6.95459 5.04541 1.6
      vertex 6.85643 4.95644 1.6
    endloop
  endfacet
  facet normal 0.595704 0.803204 -0
    outer loop
      vertex 5.24998 4.87752 1.6
      vertex 5.14357 4.95644 16
      vertex 5.24998 4.87752 16
    endloop
  endfacet
  facet normal 0.595704 0.803204 0
    outer loop
      vertex 5.14357 4.95644 16
      vertex 5.24998 4.87752 1.6
      vertex 5.14357 4.95644 1.6
    endloop
  endfacet
  facet normal -0.94155 -0.336872 0
    outer loop
      vertex 7.29187 6.39188 1.6
      vertex 7.24724 6.51662 16
      vertex 7.24724 6.51662 1.6
    endloop
  endfacet
  facet normal -0.94155 -0.336872 0
    outer loop
      vertex 7.24724 6.51662 16
      vertex 7.29187 6.39188 1.6
      vertex 7.29187 6.39188 16
    endloop
  endfacet
  facet normal 0.803204 0.595704 0
    outer loop
      vertex 4.95644 5.14357 16
      vertex 4.87752 5.24998 1.6
      vertex 4.87752 5.24998 16
    endloop
  endfacet
  facet normal 0.803204 0.595704 0
    outer loop
      vertex 4.87752 5.24998 1.6
      vertex 4.95644 5.14357 16
      vertex 4.95644 5.14357 1.6
    endloop
  endfacet
  facet normal 0.998796 0.0490642 0
    outer loop
      vertex 4.6565 5.86768 16
      vertex 4.65 6 1.6
      vertex 4.65 6 16
    endloop
  endfacet
  facet normal 0.998796 0.0490642 0
    outer loop
      vertex 4.65 6 1.6
      vertex 4.6565 5.86768 16
      vertex 4.6565 5.86768 1.6
    endloop
  endfacet
  facet normal -0.336872 0.94155 0
    outer loop
      vertex 6.51662 4.75276 1.6
      vertex 6.39188 4.70813 16
      vertex 6.51662 4.75276 16
    endloop
  endfacet
  facet normal -0.336872 0.94155 0
    outer loop
      vertex 6.39188 4.70813 16
      vertex 6.51662 4.75276 1.6
      vertex 6.39188 4.70813 1.6
    endloop
  endfacet
  facet normal 0.0490642 -0.998796 0
    outer loop
      vertex 5.86768 7.3435 1.6
      vertex 6 7.35 16
      vertex 5.86768 7.3435 16
    endloop
  endfacet
  facet normal 0.0490642 -0.998796 0
    outer loop
      vertex 6 7.35 16
      vertex 5.86768 7.3435 1.6
      vertex 6 7.35 1.6
    endloop
  endfacet
  facet normal -0.595704 0.803204 0
    outer loop
      vertex 6.85643 4.95644 1.6
      vertex 6.75002 4.87752 16
      vertex 6.85643 4.95644 16
    endloop
  endfacet
  facet normal -0.595704 0.803204 0
    outer loop
      vertex 6.75002 4.87752 16
      vertex 6.85643 4.95644 1.6
      vertex 6.75002 4.87752 1.6
    endloop
  endfacet
  facet normal 0.74094 0.671571 0
    outer loop
      vertex 5.04541 5.04541 16
      vertex 4.95644 5.14357 1.6
      vertex 4.95644 5.14357 16
    endloop
  endfacet
  facet normal 0.74094 0.671571 0
    outer loop
      vertex 4.95644 5.14357 1.6
      vertex 5.04541 5.04541 16
      vertex 5.04541 5.04541 1.6
    endloop
  endfacet
  facet normal -0.803204 0.595704 0
    outer loop
      vertex 7.04356 5.14357 1.6
      vertex 7.12248 5.24998 16
      vertex 7.12248 5.24998 1.6
    endloop
  endfacet
  facet normal -0.803204 0.595704 0
    outer loop
      vertex 7.12248 5.24998 16
      vertex 7.04356 5.14357 1.6
      vertex 7.04356 5.14357 16
    endloop
  endfacet
  facet normal 0.857739 0.514085 0
    outer loop
      vertex 4.87752 5.24998 16
      vertex 4.80941 5.36362 1.6
      vertex 4.80941 5.36362 16
    endloop
  endfacet
  facet normal 0.857739 0.514085 0
    outer loop
      vertex 4.80941 5.36362 1.6
      vertex 4.87752 5.24998 16
      vertex 4.87752 5.24998 1.6
    endloop
  endfacet
  facet normal -0.146735 -0.989176 0
    outer loop
      vertex 6.13232 7.3435 1.6
      vertex 6.26337 7.32406 16
      vertex 6.13232 7.3435 16
    endloop
  endfacet
  facet normal -0.146735 -0.989176 -0
    outer loop
      vertex 6.26337 7.32406 16
      vertex 6.13232 7.3435 1.6
      vertex 6.26337 7.32406 1.6
    endloop
  endfacet
  facet normal -0.146735 0.989176 0
    outer loop
      vertex 6.26337 4.67594 1.6
      vertex 6.13232 4.6565 16
      vertex 6.26337 4.67594 16
    endloop
  endfacet
  facet normal -0.146735 0.989176 0
    outer loop
      vertex 6.13232 4.6565 16
      vertex 6.26337 4.67594 1.6
      vertex 6.13232 4.6565 1.6
    endloop
  endfacet
  facet normal 0.146735 0.989176 -0
    outer loop
      vertex 5.86768 4.6565 1.6
      vertex 5.73663 4.67594 16
      vertex 5.86768 4.6565 16
    endloop
  endfacet
  facet normal 0.146735 0.989176 0
    outer loop
      vertex 5.73663 4.67594 16
      vertex 5.86768 4.6565 1.6
      vertex 5.73663 4.67594 1.6
    endloop
  endfacet
  facet normal 0.24298 -0.970031 0
    outer loop
      vertex 5.60812 7.29187 1.6
      vertex 5.73663 7.32406 16
      vertex 5.60812 7.29187 16
    endloop
  endfacet
  facet normal 0.24298 -0.970031 0
    outer loop
      vertex 5.73663 7.32406 16
      vertex 5.60812 7.29187 1.6
      vertex 5.73663 7.32406 1.6
    endloop
  endfacet
  facet normal 0.998796 -0.0490642 0
    outer loop
      vertex 4.65 6 16
      vertex 4.6565 6.13232 1.6
      vertex 4.6565 6.13232 16
    endloop
  endfacet
  facet normal 0.998796 -0.0490642 0
    outer loop
      vertex 4.6565 6.13232 1.6
      vertex 4.65 6 16
      vertex 4.65 6 1.6
    endloop
  endfacet
  facet normal -0.74094 0.671571 0
    outer loop
      vertex 6.95459 5.04541 1.6
      vertex 7.04356 5.14357 16
      vertex 7.04356 5.14357 1.6
    endloop
  endfacet
  facet normal -0.74094 0.671571 0
    outer loop
      vertex 7.04356 5.14357 16
      vertex 6.95459 5.04541 1.6
      vertex 6.95459 5.04541 16
    endloop
  endfacet
  facet normal -0.903967 -0.427603 0
    outer loop
      vertex 7.24724 6.51662 1.6
      vertex 7.19059 6.63638 16
      vertex 7.19059 6.63638 1.6
    endloop
  endfacet
  facet normal -0.903967 -0.427603 0
    outer loop
      vertex 7.19059 6.63638 16
      vertex 7.24724 6.51662 1.6
      vertex 7.24724 6.51662 16
    endloop
  endfacet
  facet normal 0.146735 -0.989176 0
    outer loop
      vertex 5.73663 7.32406 1.6
      vertex 5.86768 7.3435 16
      vertex 5.73663 7.32406 16
    endloop
  endfacet
  facet normal 0.146735 -0.989176 0
    outer loop
      vertex 5.86768 7.3435 16
      vertex 5.73663 7.32406 1.6
      vertex 5.86768 7.3435 1.6
    endloop
  endfacet
  facet normal 0.903967 -0.427603 0
    outer loop
      vertex 4.75276 6.51662 16
      vertex 4.80941 6.63638 1.6
      vertex 4.80941 6.63638 16
    endloop
  endfacet
  facet normal 0.903967 -0.427603 0
    outer loop
      vertex 4.80941 6.63638 1.6
      vertex 4.75276 6.51662 16
      vertex 4.75276 6.51662 1.6
    endloop
  endfacet
  facet normal 0.336872 -0.94155 0
    outer loop
      vertex 5.48338 7.24724 1.6
      vertex 5.60812 7.29187 16
      vertex 5.48338 7.24724 16
    endloop
  endfacet
  facet normal 0.336872 -0.94155 0
    outer loop
      vertex 5.60812 7.29187 16
      vertex 5.48338 7.24724 1.6
      vertex 5.60812 7.29187 1.6
    endloop
  endfacet
  facet normal -0.514085 -0.857739 0
    outer loop
      vertex 6.63638 7.19059 1.6
      vertex 6.75002 7.12248 16
      vertex 6.63638 7.19059 16
    endloop
  endfacet
  facet normal -0.514085 -0.857739 -0
    outer loop
      vertex 6.75002 7.12248 16
      vertex 6.63638 7.19059 1.6
      vertex 6.75002 7.12248 1.6
    endloop
  endfacet
  facet normal -0.671571 -0.74094 0
    outer loop
      vertex 6.85643 7.04356 1.6
      vertex 6.95459 6.95459 16
      vertex 6.85643 7.04356 16
    endloop
  endfacet
  facet normal -0.671571 -0.74094 -0
    outer loop
      vertex 6.95459 6.95459 16
      vertex 6.85643 7.04356 1.6
      vertex 6.95459 6.95459 1.6
    endloop
  endfacet
  facet normal 0.0490642 0.998796 -0
    outer loop
      vertex 6 4.65 1.6
      vertex 5.86768 4.6565 16
      vertex 6 4.65 16
    endloop
  endfacet
  facet normal 0.0490642 0.998796 0
    outer loop
      vertex 5.86768 4.6565 16
      vertex 6 4.65 1.6
      vertex 5.86768 4.6565 1.6
    endloop
  endfacet
  facet normal 0.94155 0.336872 0
    outer loop
      vertex 4.75276 5.48338 16
      vertex 4.70813 5.60812 1.6
      vertex 4.70813 5.60812 16
    endloop
  endfacet
  facet normal 0.94155 0.336872 0
    outer loop
      vertex 4.70813 5.60812 1.6
      vertex 4.75276 5.48338 16
      vertex 4.75276 5.48338 1.6
    endloop
  endfacet
  facet normal -0.24298 0.970031 0
    outer loop
      vertex 6.39188 4.70813 1.6
      vertex 6.26337 4.67594 16
      vertex 6.39188 4.70813 16
    endloop
  endfacet
  facet normal -0.24298 0.970031 0
    outer loop
      vertex 6.26337 4.67594 16
      vertex 6.39188 4.70813 1.6
      vertex 6.26337 4.67594 1.6
    endloop
  endfacet
  facet normal -0.903967 0.427603 0
    outer loop
      vertex 7.19059 5.36362 1.6
      vertex 7.24724 5.48338 16
      vertex 7.24724 5.48338 1.6
    endloop
  endfacet
  facet normal -0.903967 0.427603 0
    outer loop
      vertex 7.24724 5.48338 16
      vertex 7.19059 5.36362 1.6
      vertex 7.19059 5.36362 16
    endloop
  endfacet
  facet normal -0.427603 0.903967 0
    outer loop
      vertex 6.63638 4.80941 1.6
      vertex 6.51662 4.75276 16
      vertex 6.63638 4.80941 16
    endloop
  endfacet
  facet normal -0.427603 0.903967 0
    outer loop
      vertex 6.51662 4.75276 16
      vertex 6.63638 4.80941 1.6
      vertex 6.51662 4.75276 1.6
    endloop
  endfacet
  facet normal 0.427603 -0.903967 0
    outer loop
      vertex 5.36362 7.19059 1.6
      vertex 5.48338 7.24724 16
      vertex 5.36362 7.19059 16
    endloop
  endfacet
  facet normal 0.427603 -0.903967 0
    outer loop
      vertex 5.48338 7.24724 16
      vertex 5.36362 7.19059 1.6
      vertex 5.48338 7.24724 1.6
    endloop
  endfacet
  facet normal -0.0490642 -0.998796 0
    outer loop
      vertex 6 7.35 1.6
      vertex 6.13232 7.3435 16
      vertex 6 7.35 16
    endloop
  endfacet
  facet normal -0.0490642 -0.998796 -0
    outer loop
      vertex 6.13232 7.3435 16
      vertex 6 7.35 1.6
      vertex 6.13232 7.3435 1.6
    endloop
  endfacet
  facet normal 0.514085 -0.857739 0
    outer loop
      vertex 5.24998 7.12248 1.6
      vertex 5.36362 7.19059 16
      vertex 5.24998 7.12248 16
    endloop
  endfacet
  facet normal 0.514085 -0.857739 0
    outer loop
      vertex 5.36362 7.19059 16
      vertex 5.24998 7.12248 1.6
      vertex 5.36362 7.19059 1.6
    endloop
  endfacet
  facet normal -0.970031 0.24298 0
    outer loop
      vertex 7.29187 5.60812 1.6
      vertex 7.32406 5.73663 16
      vertex 7.32406 5.73663 1.6
    endloop
  endfacet
  facet normal -0.970031 0.24298 0
    outer loop
      vertex 7.32406 5.73663 16
      vertex 7.29187 5.60812 1.6
      vertex 7.29187 5.60812 16
    endloop
  endfacet
  facet normal -0.857739 -0.514085 0
    outer loop
      vertex 7.19059 6.63638 1.6
      vertex 7.12248 6.75002 16
      vertex 7.12248 6.75002 1.6
    endloop
  endfacet
  facet normal -0.857739 -0.514085 0
    outer loop
      vertex 7.12248 6.75002 16
      vertex 7.19059 6.63638 1.6
      vertex 7.19059 6.63638 16
    endloop
  endfacet
  facet normal 0.989176 0.146735 0
    outer loop
      vertex 4.67594 5.73663 16
      vertex 4.6565 5.86768 1.6
      vertex 4.6565 5.86768 16
    endloop
  endfacet
  facet normal 0.989176 0.146735 0
    outer loop
      vertex 4.6565 5.86768 1.6
      vertex 4.67594 5.73663 16
      vertex 4.67594 5.73663 1.6
    endloop
  endfacet
  facet normal 0.595704 -0.803204 0
    outer loop
      vertex 5.14357 7.04356 1.6
      vertex 5.24998 7.12248 16
      vertex 5.14357 7.04356 16
    endloop
  endfacet
  facet normal 0.595704 -0.803204 0
    outer loop
      vertex 5.24998 7.12248 16
      vertex 5.14357 7.04356 1.6
      vertex 5.24998 7.12248 1.6
    endloop
  endfacet
  facet normal -0.0490642 0.998796 0
    outer loop
      vertex 6.13232 4.6565 1.6
      vertex 6 4.65 16
      vertex 6.13232 4.6565 16
    endloop
  endfacet
  facet normal -0.0490642 0.998796 0
    outer loop
      vertex 6 4.65 16
      vertex 6.13232 4.6565 1.6
      vertex 6 4.65 1.6
    endloop
  endfacet
  facet normal 0.970031 0.24298 0
    outer loop
      vertex 4.70813 5.60812 16
      vertex 4.67594 5.73663 1.6
      vertex 4.67594 5.73663 16
    endloop
  endfacet
  facet normal 0.970031 0.24298 0
    outer loop
      vertex 4.67594 5.73663 1.6
      vertex 4.70813 5.60812 16
      vertex 4.70813 5.60812 1.6
    endloop
  endfacet
  facet normal 0.671571 0.74094 -0
    outer loop
      vertex 5.14357 4.95644 1.6
      vertex 5.04541 5.04541 16
      vertex 5.14357 4.95644 16
    endloop
  endfacet
  facet normal 0.671571 0.74094 0
    outer loop
      vertex 5.04541 5.04541 16
      vertex 5.14357 4.95644 1.6
      vertex 5.04541 5.04541 1.6
    endloop
  endfacet
  facet normal 0.671571 -0.74094 0
    outer loop
      vertex 5.04541 6.95459 1.6
      vertex 5.14357 7.04356 16
      vertex 5.04541 6.95459 16
    endloop
  endfacet
  facet normal 0.671571 -0.74094 0
    outer loop
      vertex 5.14357 7.04356 16
      vertex 5.04541 6.95459 1.6
      vertex 5.14357 7.04356 1.6
    endloop
  endfacet
  facet normal 0.857739 -0.514085 0
    outer loop
      vertex 4.80941 6.63638 16
      vertex 4.87752 6.75002 1.6
      vertex 4.87752 6.75002 16
    endloop
  endfacet
  facet normal 0.857739 -0.514085 0
    outer loop
      vertex 4.87752 6.75002 1.6
      vertex 4.80941 6.63638 16
      vertex 4.80941 6.63638 1.6
    endloop
  endfacet
  facet normal 0.514085 0.857739 -0
    outer loop
      vertex 5.36362 4.80941 1.6
      vertex 5.24998 4.87752 16
      vertex 5.36362 4.80941 16
    endloop
  endfacet
  facet normal 0.514085 0.857739 0
    outer loop
      vertex 5.24998 4.87752 16
      vertex 5.36362 4.80941 1.6
      vertex 5.24998 4.87752 1.6
    endloop
  endfacet
  facet normal -0.514085 0.857739 0
    outer loop
      vertex 6.75002 4.87752 1.6
      vertex 6.63638 4.80941 16
      vertex 6.75002 4.87752 16
    endloop
  endfacet
  facet normal -0.514085 0.857739 0
    outer loop
      vertex 6.63638 4.80941 16
      vertex 6.75002 4.87752 1.6
      vertex 6.63638 4.80941 1.6
    endloop
  endfacet
  facet normal 0.989176 -0.146735 0
    outer loop
      vertex 4.6565 6.13232 16
      vertex 4.67594 6.26337 1.6
      vertex 4.67594 6.26337 16
    endloop
  endfacet
  facet normal 0.989176 -0.146735 0
    outer loop
      vertex 4.67594 6.26337 1.6
      vertex 4.6565 6.13232 16
      vertex 4.6565 6.13232 1.6
    endloop
  endfacet
  facet normal -0.74094 -0.671571 0
    outer loop
      vertex 7.04356 6.85643 1.6
      vertex 6.95459 6.95459 16
      vertex 6.95459 6.95459 1.6
    endloop
  endfacet
  facet normal -0.74094 -0.671571 0
    outer loop
      vertex 6.95459 6.95459 16
      vertex 7.04356 6.85643 1.6
      vertex 7.04356 6.85643 16
    endloop
  endfacet
  facet normal 0.94155 -0.336872 0
    outer loop
      vertex 4.70813 6.39188 16
      vertex 4.75276 6.51662 1.6
      vertex 4.75276 6.51662 16
    endloop
  endfacet
  facet normal 0.94155 -0.336872 0
    outer loop
      vertex 4.75276 6.51662 1.6
      vertex 4.70813 6.39188 16
      vertex 4.70813 6.39188 1.6
    endloop
  endfacet
  facet normal -0.857739 0.514085 0
    outer loop
      vertex 7.12248 5.24998 1.6
      vertex 7.19059 5.36362 16
      vertex 7.19059 5.36362 1.6
    endloop
  endfacet
  facet normal -0.857739 0.514085 0
    outer loop
      vertex 7.19059 5.36362 16
      vertex 7.12248 5.24998 1.6
      vertex 7.12248 5.24998 16
    endloop
  endfacet
  facet normal -0.94155 0.336872 0
    outer loop
      vertex 7.24724 5.48338 1.6
      vertex 7.29187 5.60812 16
      vertex 7.29187 5.60812 1.6
    endloop
  endfacet
  facet normal -0.94155 0.336872 0
    outer loop
      vertex 7.29187 5.60812 16
      vertex 7.24724 5.48338 1.6
      vertex 7.24724 5.48338 16
    endloop
  endfacet
  facet normal 0.336872 0.94155 -0
    outer loop
      vertex 5.60812 4.70813 1.6
      vertex 5.48338 4.75276 16
      vertex 5.60812 4.70813 16
    endloop
  endfacet
  facet normal 0.336872 0.94155 0
    outer loop
      vertex 5.48338 4.75276 16
      vertex 5.60812 4.70813 1.6
      vertex 5.48338 4.75276 1.6
    endloop
  endfacet
  facet normal 0.24298 0.970031 -0
    outer loop
      vertex 5.73663 4.67594 1.6
      vertex 5.60812 4.70813 16
      vertex 5.73663 4.67594 16
    endloop
  endfacet
  facet normal 0.24298 0.970031 0
    outer loop
      vertex 5.60812 4.70813 16
      vertex 5.73663 4.67594 1.6
      vertex 5.60812 4.70813 1.6
    endloop
  endfacet
  facet normal 0.803204 -0.595704 0
    outer loop
      vertex 4.87752 6.75002 16
      vertex 4.95644 6.85643 1.6
      vertex 4.95644 6.85643 16
    endloop
  endfacet
  facet normal 0.803204 -0.595704 0
    outer loop
      vertex 4.95644 6.85643 1.6
      vertex 4.87752 6.75002 16
      vertex 4.87752 6.75002 1.6
    endloop
  endfacet
  facet normal 0.427603 0.903967 -0
    outer loop
      vertex 5.48338 4.75276 1.6
      vertex 5.36362 4.80941 16
      vertex 5.48338 4.75276 16
    endloop
  endfacet
  facet normal 0.427603 0.903967 0
    outer loop
      vertex 5.36362 4.80941 16
      vertex 5.48338 4.75276 1.6
      vertex 5.36362 4.80941 1.6
    endloop
  endfacet
  facet normal 0.671683 -0.740838 0
    outer loop
      vertex 85.7446 3.87422 1.6
      vertex 85.9445 4.05546 16
      vertex 85.7446 3.87422 16
    endloop
  endfacet
  facet normal 0.671683 -0.740838 0
    outer loop
      vertex 85.9445 4.05546 16
      vertex 85.7446 3.87422 1.6
      vertex 85.9445 4.05546 1.6
    endloop
  endfacet
  facet normal 0.989176 0.146737 0
    outer loop
      vertex 86.7368 6.26955 16
      vertex 86.6972 6.5365 1.6
      vertex 86.6972 6.5365 16
    endloop
  endfacet
  facet normal 0.989176 0.146737 0
    outer loop
      vertex 86.6972 6.5365 1.6
      vertex 86.7368 6.26955 16
      vertex 86.7368 6.26955 1.6
    endloop
  endfacet
  facet normal 0.998803 0.0489119 0
    outer loop
      vertex 86.75 6 16
      vertex 86.7368 6.26955 1.6
      vertex 86.7368 6.26955 16
    endloop
  endfacet
  facet normal 0.998803 0.0489119 0
    outer loop
      vertex 86.7368 6.26955 1.6
      vertex 86.75 6 16
      vertex 86.75 6 1.6
    endloop
  endfacet
  facet normal 0.970007 0.243076 0
    outer loop
      vertex 86.6972 6.5365 16
      vertex 86.6316 6.79828 1.6
      vertex 86.6316 6.79828 16
    endloop
  endfacet
  facet normal 0.970007 0.243076 0
    outer loop
      vertex 86.6316 6.79828 1.6
      vertex 86.6972 6.5365 16
      vertex 86.6972 6.5365 1.6
    endloop
  endfacet
  facet normal 0.427658 -0.903941 0
    outer loop
      vertex 85.0524 3.45933 1.6
      vertex 85.2963 3.57472 16
      vertex 85.0524 3.45933 16
    endloop
  endfacet
  facet normal 0.427658 -0.903941 0
    outer loop
      vertex 85.2963 3.57472 16
      vertex 85.0524 3.45933 1.6
      vertex 85.2963 3.57472 1.6
    endloop
  endfacet
  facet normal -0.0490688 0.998795 0
    outer loop
      vertex 84 8.75 1.6
      vertex 83.7305 8.73676 16
      vertex 84 8.75 16
    endloop
  endfacet
  facet normal -0.0490688 0.998795 0
    outer loop
      vertex 83.7305 8.73676 16
      vertex 84 8.75 1.6
      vertex 83.7305 8.73676 1.6
    endloop
  endfacet
  facet normal -0.427658 0.903941 0
    outer loop
      vertex 82.9476 8.54067 1.6
      vertex 82.7037 8.42528 16
      vertex 82.9476 8.54067 16
    endloop
  endfacet
  facet normal -0.427658 0.903941 0
    outer loop
      vertex 82.7037 8.42528 16
      vertex 82.9476 8.54067 1.6
      vertex 82.7037 8.42528 1.6
    endloop
  endfacet
  facet normal 0.740828 0.671695 0
    outer loop
      vertex 86.1258 7.74458 16
      vertex 85.9445 7.94454 1.6
      vertex 85.9445 7.94454 16
    endloop
  endfacet
  facet normal 0.740828 0.671695 0
    outer loop
      vertex 85.9445 7.94454 1.6
      vertex 86.1258 7.74458 16
      vertex 86.1258 7.74458 1.6
    endloop
  endfacet
  facet normal -0.14671 -0.98918 0
    outer loop
      vertex 83.4635 3.30284 1.6
      vertex 83.7305 3.26324 16
      vertex 83.4635 3.30284 16
    endloop
  endfacet
  facet normal -0.14671 -0.98918 -0
    outer loop
      vertex 83.7305 3.26324 16
      vertex 83.4635 3.30284 1.6
      vertex 83.7305 3.26324 1.6
    endloop
  endfacet
  facet normal 0.427658 0.903941 -0
    outer loop
      vertex 85.2963 8.42528 1.6
      vertex 85.0524 8.54067 16
      vertex 85.2963 8.42528 16
    endloop
  endfacet
  facet normal 0.427658 0.903941 0
    outer loop
      vertex 85.0524 8.54067 16
      vertex 85.2963 8.42528 1.6
      vertex 85.0524 8.54067 1.6
    endloop
  endfacet
  facet normal -0.14671 0.98918 0
    outer loop
      vertex 83.7305 8.73676 1.6
      vertex 83.4635 8.69716 16
      vertex 83.7305 8.73676 16
    endloop
  endfacet
  facet normal -0.14671 0.98918 0
    outer loop
      vertex 83.4635 8.69716 16
      vertex 83.7305 8.73676 1.6
      vertex 83.4635 8.69716 1.6
    endloop
  endfacet
  facet normal 0.242954 -0.970038 0
    outer loop
      vertex 84.5365 3.30284 1.6
      vertex 84.7983 3.36841 16
      vertex 84.5365 3.30284 16
    endloop
  endfacet
  facet normal 0.242954 -0.970038 0
    outer loop
      vertex 84.7983 3.36841 16
      vertex 84.5365 3.30284 1.6
      vertex 84.7983 3.36841 1.6
    endloop
  endfacet
  facet normal -0.595628 0.80326 0
    outer loop
      vertex 82.4722 8.28654 1.6
      vertex 82.2554 8.12578 16
      vertex 82.4722 8.28654 16
    endloop
  endfacet
  facet normal -0.595628 0.80326 0
    outer loop
      vertex 82.2554 8.12578 16
      vertex 82.4722 8.28654 1.6
      vertex 82.2554 8.12578 1.6
    endloop
  endfacet
  facet normal -0.903967 0.427602 0
    outer loop
      vertex 81.4593 7.05238 1.6
      vertex 81.5747 7.29634 16
      vertex 81.5747 7.29634 1.6
    endloop
  endfacet
  facet normal -0.903967 0.427602 0
    outer loop
      vertex 81.5747 7.29634 16
      vertex 81.4593 7.05238 1.6
      vertex 81.4593 7.05238 16
    endloop
  endfacet
  facet normal -0.427658 -0.903941 0
    outer loop
      vertex 82.7037 3.57472 1.6
      vertex 82.9476 3.45933 16
      vertex 82.7037 3.57472 16
    endloop
  endfacet
  facet normal -0.427658 -0.903941 -0
    outer loop
      vertex 82.9476 3.45933 16
      vertex 82.7037 3.57472 1.6
      vertex 82.9476 3.45933 1.6
    endloop
  endfacet
  facet normal 0.336895 -0.941542 0
    outer loop
      vertex 84.7983 3.36841 1.6
      vertex 85.0524 3.45933 16
      vertex 84.7983 3.36841 16
    endloop
  endfacet
  facet normal 0.336895 -0.941542 0
    outer loop
      vertex 85.0524 3.45933 16
      vertex 84.7983 3.36841 1.6
      vertex 85.0524 3.45933 1.6
    endloop
  endfacet
  facet normal -0.595628 -0.80326 0
    outer loop
      vertex 82.2554 3.87422 1.6
      vertex 82.4722 3.71346 16
      vertex 82.2554 3.87422 16
    endloop
  endfacet
  facet normal -0.595628 -0.80326 -0
    outer loop
      vertex 82.4722 3.71346 16
      vertex 82.2554 3.87422 1.6
      vertex 82.4722 3.71346 1.6
    endloop
  endfacet
  facet normal -0.903967 -0.427602 0
    outer loop
      vertex 81.5747 4.70366 1.6
      vertex 81.4593 4.94762 16
      vertex 81.4593 4.94762 1.6
    endloop
  endfacet
  facet normal -0.903967 -0.427602 0
    outer loop
      vertex 81.4593 4.94762 16
      vertex 81.5747 4.70366 1.6
      vertex 81.5747 4.70366 16
    endloop
  endfacet
  facet normal 0.51406 0.857754 -0
    outer loop
      vertex 85.5278 8.28654 1.6
      vertex 85.2963 8.42528 16
      vertex 85.5278 8.28654 16
    endloop
  endfacet
  facet normal 0.51406 0.857754 0
    outer loop
      vertex 85.2963 8.42528 16
      vertex 85.5278 8.28654 1.6
      vertex 85.2963 8.42528 1.6
    endloop
  endfacet
  facet normal 0.595628 -0.80326 0
    outer loop
      vertex 85.5278 3.71346 1.6
      vertex 85.7446 3.87422 16
      vertex 85.5278 3.71346 16
    endloop
  endfacet
  facet normal 0.595628 -0.80326 0
    outer loop
      vertex 85.7446 3.87422 16
      vertex 85.5278 3.71346 1.6
      vertex 85.7446 3.87422 1.6
    endloop
  endfacet
  facet normal -0.998803 -0.0489119 0
    outer loop
      vertex 81.2632 5.73045 1.6
      vertex 81.25 6 16
      vertex 81.25 6 1.6
    endloop
  endfacet
  facet normal -0.998803 -0.0489119 0
    outer loop
      vertex 81.25 6 16
      vertex 81.2632 5.73045 1.6
      vertex 81.2632 5.73045 16
    endloop
  endfacet
  facet normal -0.336895 -0.941542 0
    outer loop
      vertex 82.9476 3.45933 1.6
      vertex 83.2017 3.36841 16
      vertex 82.9476 3.45933 16
    endloop
  endfacet
  facet normal -0.336895 -0.941542 -0
    outer loop
      vertex 83.2017 3.36841 16
      vertex 82.9476 3.45933 1.6
      vertex 83.2017 3.36841 1.6
    endloop
  endfacet
  facet normal 0.595628 0.80326 -0
    outer loop
      vertex 85.7446 8.12578 1.6
      vertex 85.5278 8.28654 16
      vertex 85.7446 8.12578 16
    endloop
  endfacet
  facet normal 0.595628 0.80326 0
    outer loop
      vertex 85.5278 8.28654 16
      vertex 85.7446 8.12578 1.6
      vertex 85.5278 8.28654 1.6
    endloop
  endfacet
  facet normal 0.970007 -0.243076 0
    outer loop
      vertex 86.6316 5.20172 16
      vertex 86.6972 5.4635 1.6
      vertex 86.6972 5.4635 16
    endloop
  endfacet
  facet normal 0.970007 -0.243076 0
    outer loop
      vertex 86.6972 5.4635 1.6
      vertex 86.6316 5.20172 16
      vertex 86.6316 5.20172 1.6
    endloop
  endfacet
  facet normal -0.941566 -0.336829 0
    outer loop
      vertex 81.4593 4.94762 1.6
      vertex 81.3684 5.20172 16
      vertex 81.3684 5.20172 1.6
    endloop
  endfacet
  facet normal -0.941566 -0.336829 0
    outer loop
      vertex 81.3684 5.20172 16
      vertex 81.4593 4.94762 1.6
      vertex 81.4593 4.94762 16
    endloop
  endfacet
  facet normal 0.242954 0.970038 -0
    outer loop
      vertex 84.7983 8.63159 1.6
      vertex 84.5365 8.69716 16
      vertex 84.7983 8.63159 16
    endloop
  endfacet
  facet normal 0.242954 0.970038 0
    outer loop
      vertex 84.5365 8.69716 16
      vertex 84.7983 8.63159 1.6
      vertex 84.5365 8.69716 1.6
    endloop
  endfacet
  facet normal -0.740828 0.671695 0
    outer loop
      vertex 81.8742 7.74458 1.6
      vertex 82.0555 7.94454 16
      vertex 82.0555 7.94454 1.6
    endloop
  endfacet
  facet normal -0.740828 0.671695 0
    outer loop
      vertex 82.0555 7.94454 16
      vertex 81.8742 7.74458 1.6
      vertex 81.8742 7.74458 16
    endloop
  endfacet
  facet normal 0.0490688 -0.998795 0
    outer loop
      vertex 84 3.25 1.6
      vertex 84.2695 3.26324 16
      vertex 84 3.25 16
    endloop
  endfacet
  facet normal 0.0490688 -0.998795 0
    outer loop
      vertex 84.2695 3.26324 16
      vertex 84 3.25 1.6
      vertex 84.2695 3.26324 1.6
    endloop
  endfacet
  facet normal 0.803314 0.595555 0
    outer loop
      vertex 86.2865 7.52782 16
      vertex 86.1258 7.74458 1.6
      vertex 86.1258 7.74458 16
    endloop
  endfacet
  facet normal 0.803314 0.595555 0
    outer loop
      vertex 86.1258 7.74458 1.6
      vertex 86.2865 7.52782 16
      vertex 86.2865 7.52782 1.6
    endloop
  endfacet
  facet normal -0.970007 -0.243076 0
    outer loop
      vertex 81.3684 5.20172 1.6
      vertex 81.3028 5.4635 16
      vertex 81.3028 5.4635 1.6
    endloop
  endfacet
  facet normal -0.970007 -0.243076 0
    outer loop
      vertex 81.3028 5.4635 16
      vertex 81.3684 5.20172 1.6
      vertex 81.3684 5.20172 16
    endloop
  endfacet
  facet normal 0.989176 -0.146737 0
    outer loop
      vertex 86.6972 5.4635 16
      vertex 86.7368 5.73045 1.6
      vertex 86.7368 5.73045 16
    endloop
  endfacet
  facet normal 0.989176 -0.146737 0
    outer loop
      vertex 86.7368 5.73045 1.6
      vertex 86.6972 5.4635 16
      vertex 86.6972 5.4635 1.6
    endloop
  endfacet
  facet normal 0.51406 -0.857754 0
    outer loop
      vertex 85.2963 3.57472 1.6
      vertex 85.5278 3.71346 16
      vertex 85.2963 3.57472 16
    endloop
  endfacet
  facet normal 0.51406 -0.857754 0
    outer loop
      vertex 85.5278 3.71346 16
      vertex 85.2963 3.57472 1.6
      vertex 85.5278 3.71346 1.6
    endloop
  endfacet
  facet normal -0.941566 0.336829 0
    outer loop
      vertex 81.3684 6.79828 1.6
      vertex 81.4593 7.05238 16
      vertex 81.4593 7.05238 1.6
    endloop
  endfacet
  facet normal -0.941566 0.336829 0
    outer loop
      vertex 81.4593 7.05238 16
      vertex 81.3684 6.79828 1.6
      vertex 81.3684 6.79828 16
    endloop
  endfacet
  facet normal 0.671683 0.740838 -0
    outer loop
      vertex 85.9445 7.94454 1.6
      vertex 85.7446 8.12578 16
      vertex 85.9445 7.94454 16
    endloop
  endfacet
  facet normal 0.671683 0.740838 0
    outer loop
      vertex 85.7446 8.12578 16
      vertex 85.9445 7.94454 1.6
      vertex 85.7446 8.12578 1.6
    endloop
  endfacet
  facet normal -0.989176 0.146737 0
    outer loop
      vertex 81.2632 6.26955 1.6
      vertex 81.3028 6.5365 16
      vertex 81.3028 6.5365 1.6
    endloop
  endfacet
  facet normal -0.989176 0.146737 0
    outer loop
      vertex 81.3028 6.5365 16
      vertex 81.2632 6.26955 1.6
      vertex 81.2632 6.26955 16
    endloop
  endfacet
  facet normal 0.903967 -0.427602 0
    outer loop
      vertex 86.4253 4.70366 16
      vertex 86.5407 4.94762 1.6
      vertex 86.5407 4.94762 16
    endloop
  endfacet
  facet normal 0.903967 -0.427602 0
    outer loop
      vertex 86.5407 4.94762 1.6
      vertex 86.4253 4.70366 16
      vertex 86.4253 4.70366 1.6
    endloop
  endfacet
  facet normal 0.336895 0.941542 -0
    outer loop
      vertex 85.0524 8.54067 1.6
      vertex 84.7983 8.63159 16
      vertex 85.0524 8.54067 16
    endloop
  endfacet
  facet normal 0.336895 0.941542 0
    outer loop
      vertex 84.7983 8.63159 16
      vertex 85.0524 8.54067 1.6
      vertex 84.7983 8.63159 1.6
    endloop
  endfacet
  facet normal 0.998803 -0.0489119 0
    outer loop
      vertex 86.7368 5.73045 16
      vertex 86.75 6 1.6
      vertex 86.75 6 16
    endloop
  endfacet
  facet normal 0.998803 -0.0489119 0
    outer loop
      vertex 86.75 6 1.6
      vertex 86.7368 5.73045 16
      vertex 86.7368 5.73045 1.6
    endloop
  endfacet
  facet normal 0 0 -1
    outer loop
      vertex 85.35 6 1.6
      vertex 86.75 6 1.6
      vertex 86.7368 5.73045 1.6
    endloop
  endfacet
  facet normal 0 0 -1
    outer loop
      vertex 85.3435 5.86768 1.6
      vertex 86.7368 5.73045 1.6
      vertex 86.6972 5.4635 1.6
    endloop
  endfacet
  facet normal 0 0 -1
    outer loop
      vertex 86.75 6 1.6
      vertex 85.35 6 1.6
      vertex 86.7368 6.26955 1.6
    endloop
  endfacet
  facet normal 0 0 -1
    outer loop
      vertex 85.3241 5.73663 1.6
      vertex 86.6972 5.4635 1.6
      vertex 86.6316 5.20172 1.6
    endloop
  endfacet
  facet normal 0 0 -1
    outer loop
      vertex 85.3435 6.13232 1.6
      vertex 86.7368 6.26955 1.6
      vertex 85.35 6 1.6
    endloop
  endfacet
  facet normal 0 0 -1
    outer loop
      vertex 85.2919 5.60812 1.6
      vertex 86.6316 5.20172 1.6
      vertex 86.5407 4.94762 1.6
    endloop
  endfacet
  facet normal -0 0 -1
    outer loop
      vertex 86.7368 6.26955 1.6
      vertex 85.3435 6.13232 1.6
      vertex 86.6972 6.5365 1.6
    endloop
  endfacet
  facet normal 0 0 -1
    outer loop
      vertex 85.2472 5.48338 1.6
      vertex 86.5407 4.94762 1.6
      vertex 86.4253 4.70366 1.6
    endloop
  endfacet
  facet normal 0 0 -1
    outer loop
      vertex 85.3241 6.26337 1.6
      vertex 86.6972 6.5365 1.6
      vertex 85.3435 6.13232 1.6
    endloop
  endfacet
  facet normal 0 0 -1
    outer loop
      vertex 85.1906 5.36362 1.6
      vertex 86.4253 4.70366 1.6
      vertex 86.2865 4.47218 1.6
    endloop
  endfacet
  facet normal -0 0 -1
    outer loop
      vertex 86.6972 6.5365 1.6
      vertex 85.3241 6.26337 1.6
      vertex 86.6316 6.79828 1.6
    endloop
  endfacet
  facet normal 0 0 -1
    outer loop
      vertex 85.1225 5.24998 1.6
      vertex 86.2865 4.47218 1.6
      vertex 86.1258 4.25542 1.6
    endloop
  endfacet
  facet normal 0 0 -1
    outer loop
      vertex 85.2919 6.39188 1.6
      vertex 86.6316 6.79828 1.6
      vertex 85.3241 6.26337 1.6
    endloop
  endfacet
  facet normal 0 0 -1
    outer loop
      vertex 85.0436 5.14357 1.6
      vertex 86.1258 4.25542 1.6
      vertex 85.9445 4.05546 1.6
    endloop
  endfacet
  facet normal -0 0 -1
    outer loop
      vertex 86.6316 6.79828 1.6
      vertex 85.2919 6.39188 1.6
      vertex 86.5407 7.05238 1.6
    endloop
  endfacet
  facet normal 0 0 -1
    outer loop
      vertex 84.9546 5.04541 1.6
      vertex 85.9445 4.05546 1.6
      vertex 85.7446 3.87422 1.6
    endloop
  endfacet
  facet normal 0 0 -1
    outer loop
      vertex 85.2472 6.51662 1.6
      vertex 86.5407 7.05238 1.6
      vertex 85.2919 6.39188 1.6
    endloop
  endfacet
  facet normal 0 0 -1
    outer loop
      vertex 84.8564 4.95644 1.6
      vertex 85.7446 3.87422 1.6
      vertex 85.5278 3.71346 1.6
    endloop
  endfacet
  facet normal -0 0 -1
    outer loop
      vertex 86.5407 7.05238 1.6
      vertex 85.2472 6.51662 1.6
      vertex 86.4253 7.29634 1.6
    endloop
  endfacet
  facet normal 0 0 -1
    outer loop
      vertex 85.1906 6.63638 1.6
      vertex 86.4253 7.29634 1.6
      vertex 85.2472 6.51662 1.6
    endloop
  endfacet
  facet normal 0 0 -1
    outer loop
      vertex 86.7368 5.73045 1.6
      vertex 85.3435 5.86768 1.6
      vertex 85.35 6 1.6
    endloop
  endfacet
  facet normal 0 0 -1
    outer loop
      vertex 86.6972 5.4635 1.6
      vertex 85.3241 5.73663 1.6
      vertex 85.3435 5.86768 1.6
    endloop
  endfacet
  facet normal 0 0 -1
    outer loop
      vertex 84.75 4.87752 1.6
      vertex 85.5278 3.71346 1.6
      vertex 85.2963 3.57472 1.6
    endloop
  endfacet
  facet normal 0 0 -1
    outer loop
      vertex 86.6316 5.20172 1.6
      vertex 85.2919 5.60812 1.6
      vertex 85.3241 5.73663 1.6
    endloop
  endfacet
  facet normal 0 0 -1
    outer loop
      vertex 86.5407 4.94762 1.6
      vertex 85.2472 5.48338 1.6
      vertex 85.2919 5.60812 1.6
    endloop
  endfacet
  facet normal 0 0 -1
    outer loop
      vertex 86.4253 4.70366 1.6
      vertex 85.1906 5.36362 1.6
      vertex 85.2472 5.48338 1.6
    endloop
  endfacet
  facet normal 0 0 -1
    outer loop
      vertex 86.2865 4.47218 1.6
      vertex 85.1225 5.24998 1.6
      vertex 85.1906 5.36362 1.6
    endloop
  endfacet
  facet normal 0 0 -1
    outer loop
      vertex 84.6364 4.80941 1.6
      vertex 85.2963 3.57472 1.6
      vertex 85.0524 3.45933 1.6
    endloop
  endfacet
  facet normal 0 0 -1
    outer loop
      vertex 86.1258 4.25542 1.6
      vertex 85.0436 5.14357 1.6
      vertex 85.1225 5.24998 1.6
    endloop
  endfacet
  facet normal 0 0 -1
    outer loop
      vertex 85.9445 4.05546 1.6
      vertex 84.9546 5.04541 1.6
      vertex 85.0436 5.14357 1.6
    endloop
  endfacet
  facet normal 0 0 -1
    outer loop
      vertex 85.7446 3.87422 1.6
      vertex 84.8564 4.95644 1.6
      vertex 84.9546 5.04541 1.6
    endloop
  endfacet
  facet normal 0 0 -1
    outer loop
      vertex 84.5166 4.75276 1.6
      vertex 85.0524 3.45933 1.6
      vertex 84.7983 3.36841 1.6
    endloop
  endfacet
  facet normal 0 0 -1
    outer loop
      vertex 85.5278 3.71346 1.6
      vertex 84.75 4.87752 1.6
      vertex 84.8564 4.95644 1.6
    endloop
  endfacet
  facet normal 0 0 -1
    outer loop
      vertex 85.2963 3.57472 1.6
      vertex 84.6364 4.80941 1.6
      vertex 84.75 4.87752 1.6
    endloop
  endfacet
  facet normal 0 0 -1
    outer loop
      vertex 84.3919 4.70813 1.6
      vertex 84.7983 3.36841 1.6
      vertex 84.5365 3.30284 1.6
    endloop
  endfacet
  facet normal 0 0 -1
    outer loop
      vertex 85.0524 3.45933 1.6
      vertex 84.5166 4.75276 1.6
      vertex 84.6364 4.80941 1.6
    endloop
  endfacet
  facet normal 0 0 -1
    outer loop
      vertex 84.7983 3.36841 1.6
      vertex 84.3919 4.70813 1.6
      vertex 84.5166 4.75276 1.6
    endloop
  endfacet
  facet normal 0 0 -1
    outer loop
      vertex 84.2634 4.67594 1.6
      vertex 84.5365 3.30284 1.6
      vertex 84.2695 3.26324 1.6
    endloop
  endfacet
  facet normal 0 0 -1
    outer loop
      vertex 84.5365 3.30284 1.6
      vertex 84.2634 4.67594 1.6
      vertex 84.3919 4.70813 1.6
    endloop
  endfacet
  facet normal 0 0 -1
    outer loop
      vertex 84.2695 3.26324 1.6
      vertex 84.1323 4.6565 1.6
      vertex 84.2634 4.67594 1.6
    endloop
  endfacet
  facet normal 0 0 -1
    outer loop
      vertex 84 3.25 1.6
      vertex 84.1323 4.6565 1.6
      vertex 84.2695 3.26324 1.6
    endloop
  endfacet
  facet normal 0 0 -1
    outer loop
      vertex 84 3.25 1.6
      vertex 84 4.65 1.6
      vertex 84.1323 4.6565 1.6
    endloop
  endfacet
  facet normal 0 0 -1
    outer loop
      vertex 84 3.25 1.6
      vertex 83.8677 4.6565 1.6
      vertex 84 4.65 1.6
    endloop
  endfacet
  facet normal 0 0 -1
    outer loop
      vertex 83.7305 3.26324 1.6
      vertex 83.8677 4.6565 1.6
      vertex 84 3.25 1.6
    endloop
  endfacet
  facet normal -0 0 -1
    outer loop
      vertex 83.8677 4.6565 1.6
      vertex 83.7305 3.26324 1.6
      vertex 83.7366 4.67594 1.6
    endloop
  endfacet
  facet normal 0 0 -1
    outer loop
      vertex 83.4635 3.30284 1.6
      vertex 83.7366 4.67594 1.6
      vertex 83.7305 3.26324 1.6
    endloop
  endfacet
  facet normal -0 0 -1
    outer loop
      vertex 83.7366 4.67594 1.6
      vertex 83.4635 3.30284 1.6
      vertex 83.6081 4.70813 1.6
    endloop
  endfacet
  facet normal 0 0 -1
    outer loop
      vertex 83.2017 3.36841 1.6
      vertex 83.6081 4.70813 1.6
      vertex 83.4635 3.30284 1.6
    endloop
  endfacet
  facet normal -0 0 -1
    outer loop
      vertex 83.6081 4.70813 1.6
      vertex 83.2017 3.36841 1.6
      vertex 83.4834 4.75276 1.6
    endloop
  endfacet
  facet normal 0 0 -1
    outer loop
      vertex 82.9476 3.45933 1.6
      vertex 83.4834 4.75276 1.6
      vertex 83.2017 3.36841 1.6
    endloop
  endfacet
  facet normal -0 0 -1
    outer loop
      vertex 83.4834 4.75276 1.6
      vertex 82.9476 3.45933 1.6
      vertex 83.3636 4.80941 1.6
    endloop
  endfacet
  facet normal 0 0 -1
    outer loop
      vertex 82.7037 3.57472 1.6
      vertex 83.3636 4.80941 1.6
      vertex 82.9476 3.45933 1.6
    endloop
  endfacet
  facet normal -0 0 -1
    outer loop
      vertex 83.3636 4.80941 1.6
      vertex 82.7037 3.57472 1.6
      vertex 83.25 4.87752 1.6
    endloop
  endfacet
  facet normal 0 0 -1
    outer loop
      vertex 82.4722 3.71346 1.6
      vertex 83.25 4.87752 1.6
      vertex 82.7037 3.57472 1.6
    endloop
  endfacet
  facet normal -0 0 -1
    outer loop
      vertex 83.25 4.87752 1.6
      vertex 82.4722 3.71346 1.6
      vertex 83.1436 4.95644 1.6
    endloop
  endfacet
  facet normal 0 0 -1
    outer loop
      vertex 82.2554 3.87422 1.6
      vertex 83.1436 4.95644 1.6
      vertex 82.4722 3.71346 1.6
    endloop
  endfacet
  facet normal -0 0 -1
    outer loop
      vertex 83.1436 4.95644 1.6
      vertex 82.2554 3.87422 1.6
      vertex 83.0454 5.04541 1.6
    endloop
  endfacet
  facet normal 0 0 -1
    outer loop
      vertex 82.0555 4.05546 1.6
      vertex 83.0454 5.04541 1.6
      vertex 82.2554 3.87422 1.6
    endloop
  endfacet
  facet normal -0 0 -1
    outer loop
      vertex 83.0454 5.04541 1.6
      vertex 82.0555 4.05546 1.6
      vertex 82.9564 5.14357 1.6
    endloop
  endfacet
  facet normal 0 0 -1
    outer loop
      vertex 81.8742 4.25542 1.6
      vertex 82.9564 5.14357 1.6
      vertex 82.0555 4.05546 1.6
    endloop
  endfacet
  facet normal -0 0 -1
    outer loop
      vertex 82.9564 5.14357 1.6
      vertex 81.8742 4.25542 1.6
      vertex 82.8775 5.24998 1.6
    endloop
  endfacet
  facet normal 0 0 -1
    outer loop
      vertex 81.7135 4.47218 1.6
      vertex 82.8775 5.24998 1.6
      vertex 81.8742 4.25542 1.6
    endloop
  endfacet
  facet normal -0 0 -1
    outer loop
      vertex 82.8775 5.24998 1.6
      vertex 81.7135 4.47218 1.6
      vertex 82.8094 5.36362 1.6
    endloop
  endfacet
  facet normal 0 0 -1
    outer loop
      vertex 81.5747 4.70366 1.6
      vertex 82.8094 5.36362 1.6
      vertex 81.7135 4.47218 1.6
    endloop
  endfacet
  facet normal -0 0 -1
    outer loop
      vertex 86.4253 7.29634 1.6
      vertex 85.1906 6.63638 1.6
      vertex 86.2865 7.52782 1.6
    endloop
  endfacet
  facet normal 0 0 -1
    outer loop
      vertex 85.1225 6.75002 1.6
      vertex 86.2865 7.52782 1.6
      vertex 85.1906 6.63638 1.6
    endloop
  endfacet
  facet normal -0 0 -1
    outer loop
      vertex 86.2865 7.52782 1.6
      vertex 85.1225 6.75002 1.6
      vertex 86.1258 7.74458 1.6
    endloop
  endfacet
  facet normal 0 0 -1
    outer loop
      vertex 85.0436 6.85643 1.6
      vertex 86.1258 7.74458 1.6
      vertex 85.1225 6.75002 1.6
    endloop
  endfacet
  facet normal -0 0 -1
    outer loop
      vertex 86.1258 7.74458 1.6
      vertex 85.0436 6.85643 1.6
      vertex 85.9445 7.94454 1.6
    endloop
  endfacet
  facet normal 0 0 -1
    outer loop
      vertex 84.9546 6.95459 1.6
      vertex 85.9445 7.94454 1.6
      vertex 85.0436 6.85643 1.6
    endloop
  endfacet
  facet normal -0 0 -1
    outer loop
      vertex 85.9445 7.94454 1.6
      vertex 84.9546 6.95459 1.6
      vertex 85.7446 8.12578 1.6
    endloop
  endfacet
  facet normal 0 0 -1
    outer loop
      vertex 84.8564 7.04356 1.6
      vertex 85.7446 8.12578 1.6
      vertex 84.9546 6.95459 1.6
    endloop
  endfacet
  facet normal -0 0 -1
    outer loop
      vertex 85.7446 8.12578 1.6
      vertex 84.8564 7.04356 1.6
      vertex 85.5278 8.28654 1.6
    endloop
  endfacet
  facet normal 0 0 -1
    outer loop
      vertex 84.75 7.12248 1.6
      vertex 85.5278 8.28654 1.6
      vertex 84.8564 7.04356 1.6
    endloop
  endfacet
  facet normal -0 0 -1
    outer loop
      vertex 85.5278 8.28654 1.6
      vertex 84.75 7.12248 1.6
      vertex 85.2963 8.42528 1.6
    endloop
  endfacet
  facet normal 0 0 -1
    outer loop
      vertex 84.6364 7.19059 1.6
      vertex 85.2963 8.42528 1.6
      vertex 84.75 7.12248 1.6
    endloop
  endfacet
  facet normal -0 0 -1
    outer loop
      vertex 85.2963 8.42528 1.6
      vertex 84.6364 7.19059 1.6
      vertex 85.0524 8.54067 1.6
    endloop
  endfacet
  facet normal 0 0 -1
    outer loop
      vertex 84.5166 7.24724 1.6
      vertex 85.0524 8.54067 1.6
      vertex 84.6364 7.19059 1.6
    endloop
  endfacet
  facet normal -0 0 -1
    outer loop
      vertex 85.0524 8.54067 1.6
      vertex 84.5166 7.24724 1.6
      vertex 84.7983 8.63159 1.6
    endloop
  endfacet
  facet normal 0 0 -1
    outer loop
      vertex 84.3919 7.29187 1.6
      vertex 84.7983 8.63159 1.6
      vertex 84.5166 7.24724 1.6
    endloop
  endfacet
  facet normal -0 0 -1
    outer loop
      vertex 84.7983 8.63159 1.6
      vertex 84.3919 7.29187 1.6
      vertex 84.5365 8.69716 1.6
    endloop
  endfacet
  facet normal 0 0 -1
    outer loop
      vertex 84.2634 7.32406 1.6
      vertex 84.5365 8.69716 1.6
      vertex 84.3919 7.29187 1.6
    endloop
  endfacet
  facet normal -0 0 -1
    outer loop
      vertex 84.5365 8.69716 1.6
      vertex 84.2634 7.32406 1.6
      vertex 84.2695 8.73676 1.6
    endloop
  endfacet
  facet normal 0 0 -1
    outer loop
      vertex 84.1323 7.3435 1.6
      vertex 84.2695 8.73676 1.6
      vertex 84.2634 7.32406 1.6
    endloop
  endfacet
  facet normal 0 0 -1
    outer loop
      vertex 84 7.35 1.6
      vertex 84.2695 8.73676 1.6
      vertex 84.1323 7.3435 1.6
    endloop
  endfacet
  facet normal 0 0 -1
    outer loop
      vertex 84 7.35 1.6
      vertex 84 8.75 1.6
      vertex 84.2695 8.73676 1.6
    endloop
  endfacet
  facet normal 0 0 -1
    outer loop
      vertex 83.8677 7.3435 1.6
      vertex 84 8.75 1.6
      vertex 84 7.35 1.6
    endloop
  endfacet
  facet normal 0 0 -1
    outer loop
      vertex 83.7305 8.73676 1.6
      vertex 83.8677 7.3435 1.6
      vertex 83.7366 7.32406 1.6
    endloop
  endfacet
  facet normal 0 0 -1
    outer loop
      vertex 83.8677 7.3435 1.6
      vertex 83.7305 8.73676 1.6
      vertex 84 8.75 1.6
    endloop
  endfacet
  facet normal 0 0 -1
    outer loop
      vertex 83.4635 8.69716 1.6
      vertex 83.7366 7.32406 1.6
      vertex 83.6081 7.29187 1.6
    endloop
  endfacet
  facet normal 0 0 -1
    outer loop
      vertex 83.2017 8.63159 1.6
      vertex 83.6081 7.29187 1.6
      vertex 83.4834 7.24724 1.6
    endloop
  endfacet
  facet normal 0 0 -1
    outer loop
      vertex 83.7366 7.32406 1.6
      vertex 83.4635 8.69716 1.6
      vertex 83.7305 8.73676 1.6
    endloop
  endfacet
  facet normal 0 0 -1
    outer loop
      vertex 82.9476 8.54067 1.6
      vertex 83.4834 7.24724 1.6
      vertex 83.3636 7.19059 1.6
    endloop
  endfacet
  facet normal 0 0 -1
    outer loop
      vertex 82.7037 8.42528 1.6
      vertex 83.3636 7.19059 1.6
      vertex 83.25 7.12248 1.6
    endloop
  endfacet
  facet normal 0 0 -1
    outer loop
      vertex 83.6081 7.29187 1.6
      vertex 83.2017 8.63159 1.6
      vertex 83.4635 8.69716 1.6
    endloop
  endfacet
  facet normal 0 0 -1
    outer loop
      vertex 82.4722 8.28654 1.6
      vertex 83.25 7.12248 1.6
      vertex 83.1436 7.04356 1.6
    endloop
  endfacet
  facet normal 0 0 -1
    outer loop
      vertex 82.2554 8.12578 1.6
      vertex 83.1436 7.04356 1.6
      vertex 83.0454 6.95459 1.6
    endloop
  endfacet
  facet normal 0 0 -1
    outer loop
      vertex 82.0555 7.94454 1.6
      vertex 83.0454 6.95459 1.6
      vertex 82.9564 6.85643 1.6
    endloop
  endfacet
  facet normal 0 0 -1
    outer loop
      vertex 83.4834 7.24724 1.6
      vertex 82.9476 8.54067 1.6
      vertex 83.2017 8.63159 1.6
    endloop
  endfacet
  facet normal 0 0 -1
    outer loop
      vertex 81.8742 7.74458 1.6
      vertex 82.9564 6.85643 1.6
      vertex 82.8775 6.75002 1.6
    endloop
  endfacet
  facet normal 0 0 -1
    outer loop
      vertex 81.7135 7.52782 1.6
      vertex 82.8775 6.75002 1.6
      vertex 82.8094 6.63638 1.6
    endloop
  endfacet
  facet normal 0 0 -1
    outer loop
      vertex 81.5747 7.29634 1.6
      vertex 82.8094 6.63638 1.6
      vertex 82.7528 6.51662 1.6
    endloop
  endfacet
  facet normal 0 0 -1
    outer loop
      vertex 81.4593 7.05238 1.6
      vertex 82.7528 6.51662 1.6
      vertex 82.7081 6.39188 1.6
    endloop
  endfacet
  facet normal 0 0 -1
    outer loop
      vertex 83.3636 7.19059 1.6
      vertex 82.7037 8.42528 1.6
      vertex 82.9476 8.54067 1.6
    endloop
  endfacet
  facet normal 0 0 -1
    outer loop
      vertex 81.3684 6.79828 1.6
      vertex 82.7081 6.39188 1.6
      vertex 82.6759 6.26337 1.6
    endloop
  endfacet
  facet normal 0 0 -1
    outer loop
      vertex 81.3028 6.5365 1.6
      vertex 82.6759 6.26337 1.6
      vertex 82.6565 6.13232 1.6
    endloop
  endfacet
  facet normal 0 0 -1
    outer loop
      vertex 81.2632 6.26955 1.6
      vertex 82.6565 6.13232 1.6
      vertex 82.65 6 1.6
    endloop
  endfacet
  facet normal -0 0 -1
    outer loop
      vertex 82.8094 5.36362 1.6
      vertex 81.5747 4.70366 1.6
      vertex 82.7528 5.48338 1.6
    endloop
  endfacet
  facet normal 0 0 -1
    outer loop
      vertex 83.25 7.12248 1.6
      vertex 82.4722 8.28654 1.6
      vertex 82.7037 8.42528 1.6
    endloop
  endfacet
  facet normal 0 0 -1
    outer loop
      vertex 81.4593 4.94762 1.6
      vertex 82.7528 5.48338 1.6
      vertex 81.5747 4.70366 1.6
    endloop
  endfacet
  facet normal 0 0 -1
    outer loop
      vertex 83.1436 7.04356 1.6
      vertex 82.2554 8.12578 1.6
      vertex 82.4722 8.28654 1.6
    endloop
  endfacet
  facet normal -0 0 -1
    outer loop
      vertex 82.7528 5.48338 1.6
      vertex 81.4593 4.94762 1.6
      vertex 82.7081 5.60812 1.6
    endloop
  endfacet
  facet normal 0 0 -1
    outer loop
      vertex 83.0454 6.95459 1.6
      vertex 82.0555 7.94454 1.6
      vertex 82.2554 8.12578 1.6
    endloop
  endfacet
  facet normal 0 0 -1
    outer loop
      vertex 81.3684 5.20172 1.6
      vertex 82.7081 5.60812 1.6
      vertex 81.4593 4.94762 1.6
    endloop
  endfacet
  facet normal 0 0 -1
    outer loop
      vertex 82.9564 6.85643 1.6
      vertex 81.8742 7.74458 1.6
      vertex 82.0555 7.94454 1.6
    endloop
  endfacet
  facet normal -0 0 -1
    outer loop
      vertex 82.7081 5.60812 1.6
      vertex 81.3684 5.20172 1.6
      vertex 82.6759 5.73663 1.6
    endloop
  endfacet
  facet normal 0 0 -1
    outer loop
      vertex 82.8775 6.75002 1.6
      vertex 81.7135 7.52782 1.6
      vertex 81.8742 7.74458 1.6
    endloop
  endfacet
  facet normal 0 0 -1
    outer loop
      vertex 81.3028 5.4635 1.6
      vertex 82.6759 5.73663 1.6
      vertex 81.3684 5.20172 1.6
    endloop
  endfacet
  facet normal 0 0 -1
    outer loop
      vertex 82.8094 6.63638 1.6
      vertex 81.5747 7.29634 1.6
      vertex 81.7135 7.52782 1.6
    endloop
  endfacet
  facet normal -0 0 -1
    outer loop
      vertex 82.6759 5.73663 1.6
      vertex 81.3028 5.4635 1.6
      vertex 82.6565 5.86768 1.6
    endloop
  endfacet
  facet normal 0 0 -1
    outer loop
      vertex 82.7528 6.51662 1.6
      vertex 81.4593 7.05238 1.6
      vertex 81.5747 7.29634 1.6
    endloop
  endfacet
  facet normal 0 0 -1
    outer loop
      vertex 81.2632 5.73045 1.6
      vertex 82.6565 5.86768 1.6
      vertex 81.3028 5.4635 1.6
    endloop
  endfacet
  facet normal 0 0 -1
    outer loop
      vertex 82.7081 6.39188 1.6
      vertex 81.3684 6.79828 1.6
      vertex 81.4593 7.05238 1.6
    endloop
  endfacet
  facet normal -0 0 -1
    outer loop
      vertex 82.6565 5.86768 1.6
      vertex 81.2632 5.73045 1.6
      vertex 82.65 6 1.6
    endloop
  endfacet
  facet normal 0 0 -1
    outer loop
      vertex 82.6759 6.26337 1.6
      vertex 81.3028 6.5365 1.6
      vertex 81.3684 6.79828 1.6
    endloop
  endfacet
  facet normal 0 0 -1
    outer loop
      vertex 81.25 6 1.6
      vertex 82.65 6 1.6
      vertex 81.2632 5.73045 1.6
    endloop
  endfacet
  facet normal 0 0 -1
    outer loop
      vertex 82.6565 6.13232 1.6
      vertex 81.2632 6.26955 1.6
      vertex 81.3028 6.5365 1.6
    endloop
  endfacet
  facet normal 0 0 -1
    outer loop
      vertex 82.65 6 1.6
      vertex 81.25 6 1.6
      vertex 81.2632 6.26955 1.6
    endloop
  endfacet
  facet normal 0.14671 -0.98918 0
    outer loop
      vertex 84.2695 3.26324 1.6
      vertex 84.5365 3.30284 16
      vertex 84.2695 3.26324 16
    endloop
  endfacet
  facet normal 0.14671 -0.98918 0
    outer loop
      vertex 84.5365 3.30284 16
      vertex 84.2695 3.26324 1.6
      vertex 84.5365 3.30284 1.6
    endloop
  endfacet
  facet normal 0.941566 0.336829 0
    outer loop
      vertex 86.6316 6.79828 16
      vertex 86.5407 7.05238 1.6
      vertex 86.5407 7.05238 16
    endloop
  endfacet
  facet normal 0.941566 0.336829 0
    outer loop
      vertex 86.5407 7.05238 1.6
      vertex 86.6316 6.79828 16
      vertex 86.6316 6.79828 1.6
    endloop
  endfacet
  facet normal 0.803314 -0.595555 0
    outer loop
      vertex 86.1258 4.25542 16
      vertex 86.2865 4.47218 1.6
      vertex 86.2865 4.47218 16
    endloop
  endfacet
  facet normal 0.803314 -0.595555 0
    outer loop
      vertex 86.2865 4.47218 1.6
      vertex 86.1258 4.25542 16
      vertex 86.1258 4.25542 1.6
    endloop
  endfacet
  facet normal 0.857637 -0.514256 0
    outer loop
      vertex 86.2865 4.47218 16
      vertex 86.4253 4.70366 1.6
      vertex 86.4253 4.70366 16
    endloop
  endfacet
  facet normal 0.857637 -0.514256 0
    outer loop
      vertex 86.4253 4.70366 1.6
      vertex 86.2865 4.47218 16
      vertex 86.2865 4.47218 1.6
    endloop
  endfacet
  facet normal -0.242954 0.970038 0
    outer loop
      vertex 83.4635 8.69716 1.6
      vertex 83.2017 8.63159 16
      vertex 83.4635 8.69716 16
    endloop
  endfacet
  facet normal -0.242954 0.970038 0
    outer loop
      vertex 83.2017 8.63159 16
      vertex 83.4635 8.69716 1.6
      vertex 83.2017 8.63159 1.6
    endloop
  endfacet
  facet normal 0.941566 -0.336829 0
    outer loop
      vertex 86.5407 4.94762 16
      vertex 86.6316 5.20172 1.6
      vertex 86.6316 5.20172 16
    endloop
  endfacet
  facet normal 0.941566 -0.336829 0
    outer loop
      vertex 86.6316 5.20172 1.6
      vertex 86.5407 4.94762 16
      vertex 86.5407 4.94762 1.6
    endloop
  endfacet
  facet normal 0.0490688 0.998795 -0
    outer loop
      vertex 84.2695 8.73676 1.6
      vertex 84 8.75 16
      vertex 84.2695 8.73676 16
    endloop
  endfacet
  facet normal 0.0490688 0.998795 0
    outer loop
      vertex 84 8.75 16
      vertex 84.2695 8.73676 1.6
      vertex 84 8.75 1.6
    endloop
  endfacet
  facet normal -0.51406 0.857754 0
    outer loop
      vertex 82.7037 8.42528 1.6
      vertex 82.4722 8.28654 16
      vertex 82.7037 8.42528 16
    endloop
  endfacet
  facet normal -0.51406 0.857754 0
    outer loop
      vertex 82.4722 8.28654 16
      vertex 82.7037 8.42528 1.6
      vertex 82.4722 8.28654 1.6
    endloop
  endfacet
  facet normal 0.903967 0.427602 0
    outer loop
      vertex 86.5407 7.05238 16
      vertex 86.4253 7.29634 1.6
      vertex 86.4253 7.29634 16
    endloop
  endfacet
  facet normal 0.903967 0.427602 0
    outer loop
      vertex 86.4253 7.29634 1.6
      vertex 86.5407 7.05238 16
      vertex 86.5407 7.05238 1.6
    endloop
  endfacet
  facet normal 0.14671 0.98918 -0
    outer loop
      vertex 84.5365 8.69716 1.6
      vertex 84.2695 8.73676 16
      vertex 84.5365 8.69716 16
    endloop
  endfacet
  facet normal 0.14671 0.98918 0
    outer loop
      vertex 84.2695 8.73676 16
      vertex 84.5365 8.69716 1.6
      vertex 84.2695 8.73676 1.6
    endloop
  endfacet
  facet normal -0.242954 -0.970038 0
    outer loop
      vertex 83.2017 3.36841 1.6
      vertex 83.4635 3.30284 16
      vertex 83.2017 3.36841 16
    endloop
  endfacet
  facet normal -0.242954 -0.970038 -0
    outer loop
      vertex 83.4635 3.30284 16
      vertex 83.2017 3.36841 1.6
      vertex 83.4635 3.30284 1.6
    endloop
  endfacet
  facet normal -0.857637 -0.514256 0
    outer loop
      vertex 81.7135 4.47218 1.6
      vertex 81.5747 4.70366 16
      vertex 81.5747 4.70366 1.6
    endloop
  endfacet
  facet normal -0.857637 -0.514256 0
    outer loop
      vertex 81.5747 4.70366 16
      vertex 81.7135 4.47218 1.6
      vertex 81.7135 4.47218 16
    endloop
  endfacet
  facet normal 0.857637 0.514256 0
    outer loop
      vertex 86.4253 7.29634 16
      vertex 86.2865 7.52782 1.6
      vertex 86.2865 7.52782 16
    endloop
  endfacet
  facet normal 0.857637 0.514256 0
    outer loop
      vertex 86.2865 7.52782 1.6
      vertex 86.4253 7.29634 16
      vertex 86.4253 7.29634 1.6
    endloop
  endfacet
  facet normal -0.336895 0.941542 0
    outer loop
      vertex 83.2017 8.63159 1.6
      vertex 82.9476 8.54067 16
      vertex 83.2017 8.63159 16
    endloop
  endfacet
  facet normal -0.336895 0.941542 0
    outer loop
      vertex 82.9476 8.54067 16
      vertex 83.2017 8.63159 1.6
      vertex 82.9476 8.54067 1.6
    endloop
  endfacet
  facet normal -0.740828 -0.671695 0
    outer loop
      vertex 82.0555 4.05546 1.6
      vertex 81.8742 4.25542 16
      vertex 81.8742 4.25542 1.6
    endloop
  endfacet
  facet normal -0.740828 -0.671695 0
    outer loop
      vertex 81.8742 4.25542 16
      vertex 82.0555 4.05546 1.6
      vertex 82.0555 4.05546 16
    endloop
  endfacet
  facet normal -0.671683 0.740838 0
    outer loop
      vertex 82.2554 8.12578 1.6
      vertex 82.0555 7.94454 16
      vertex 82.2554 8.12578 16
    endloop
  endfacet
  facet normal -0.671683 0.740838 0
    outer loop
      vertex 82.0555 7.94454 16
      vertex 82.2554 8.12578 1.6
      vertex 82.0555 7.94454 1.6
    endloop
  endfacet
  facet normal -0.51406 -0.857754 0
    outer loop
      vertex 82.4722 3.71346 1.6
      vertex 82.7037 3.57472 16
      vertex 82.4722 3.71346 16
    endloop
  endfacet
  facet normal -0.51406 -0.857754 -0
    outer loop
      vertex 82.7037 3.57472 16
      vertex 82.4722 3.71346 1.6
      vertex 82.7037 3.57472 1.6
    endloop
  endfacet
  facet normal -0.970007 0.243076 0
    outer loop
      vertex 81.3028 6.5365 1.6
      vertex 81.3684 6.79828 16
      vertex 81.3684 6.79828 1.6
    endloop
  endfacet
  facet normal -0.970007 0.243076 0
    outer loop
      vertex 81.3684 6.79828 16
      vertex 81.3028 6.5365 1.6
      vertex 81.3028 6.5365 16
    endloop
  endfacet
  facet normal -0.803314 -0.595555 0
    outer loop
      vertex 81.8742 4.25542 1.6
      vertex 81.7135 4.47218 16
      vertex 81.7135 4.47218 1.6
    endloop
  endfacet
  facet normal -0.803314 -0.595555 0
    outer loop
      vertex 81.7135 4.47218 16
      vertex 81.8742 4.25542 1.6
      vertex 81.8742 4.25542 16
    endloop
  endfacet
  facet normal -0.989176 -0.146737 0
    outer loop
      vertex 81.3028 5.4635 1.6
      vertex 81.2632 5.73045 16
      vertex 81.2632 5.73045 1.6
    endloop
  endfacet
  facet normal -0.989176 -0.146737 0
    outer loop
      vertex 81.2632 5.73045 16
      vertex 81.3028 5.4635 1.6
      vertex 81.3028 5.4635 16
    endloop
  endfacet
  facet normal -0.671683 -0.740838 0
    outer loop
      vertex 82.0555 4.05546 1.6
      vertex 82.2554 3.87422 16
      vertex 82.0555 4.05546 16
    endloop
  endfacet
  facet normal -0.671683 -0.740838 -0
    outer loop
      vertex 82.2554 3.87422 16
      vertex 82.0555 4.05546 1.6
      vertex 82.2554 3.87422 1.6
    endloop
  endfacet
  facet normal -0.803314 0.595555 0
    outer loop
      vertex 81.7135 7.52782 1.6
      vertex 81.8742 7.74458 16
      vertex 81.8742 7.74458 1.6
    endloop
  endfacet
  facet normal -0.803314 0.595555 0
    outer loop
      vertex 81.8742 7.74458 16
      vertex 81.7135 7.52782 1.6
      vertex 81.7135 7.52782 16
    endloop
  endfacet
  facet normal -0.857637 0.514256 0
    outer loop
      vertex 81.5747 7.29634 1.6
      vertex 81.7135 7.52782 16
      vertex 81.7135 7.52782 1.6
    endloop
  endfacet
  facet normal -0.857637 0.514256 0
    outer loop
      vertex 81.7135 7.52782 16
      vertex 81.5747 7.29634 1.6
      vertex 81.5747 7.29634 16
    endloop
  endfacet
  facet normal 0 0 1
    outer loop
      vertex 85.35 6 16
      vertex 86.75 6 16
      vertex 86.7368 6.26955 16
    endloop
  endfacet
  facet normal 0 0 1
    outer loop
      vertex 85.3435 6.13232 16
      vertex 86.7368 6.26955 16
      vertex 86.6972 6.5365 16
    endloop
  endfacet
  facet normal 0 0 1
    outer loop
      vertex 86.75 6 16
      vertex 85.35 6 16
      vertex 86.7368 5.73045 16
    endloop
  endfacet
  facet normal 0 0 1
    outer loop
      vertex 85.3241 6.26337 16
      vertex 86.6972 6.5365 16
      vertex 86.6316 6.79828 16
    endloop
  endfacet
  facet normal -0 0 1
    outer loop
      vertex 85.3435 5.86768 16
      vertex 86.7368 5.73045 16
      vertex 85.35 6 16
    endloop
  endfacet
  facet normal 0 0 1
    outer loop
      vertex 85.2919 6.39188 16
      vertex 86.6316 6.79828 16
      vertex 86.5407 7.05238 16
    endloop
  endfacet
  facet normal 0 0 1
    outer loop
      vertex 86.7368 5.73045 16
      vertex 85.3435 5.86768 16
      vertex 86.6972 5.4635 16
    endloop
  endfacet
  facet normal 0 0 1
    outer loop
      vertex 85.2472 6.51662 16
      vertex 86.5407 7.05238 16
      vertex 86.4253 7.29634 16
    endloop
  endfacet
  facet normal -0 0 1
    outer loop
      vertex 85.3241 5.73663 16
      vertex 86.6972 5.4635 16
      vertex 85.3435 5.86768 16
    endloop
  endfacet
  facet normal 0 0 1
    outer loop
      vertex 85.1906 6.63638 16
      vertex 86.4253 7.29634 16
      vertex 86.2865 7.52782 16
    endloop
  endfacet
  facet normal 0 0 1
    outer loop
      vertex 86.6972 5.4635 16
      vertex 85.3241 5.73663 16
      vertex 86.6316 5.20172 16
    endloop
  endfacet
  facet normal 0 0 1
    outer loop
      vertex 85.1225 6.75002 16
      vertex 86.2865 7.52782 16
      vertex 86.1258 7.74458 16
    endloop
  endfacet
  facet normal -0 0 1
    outer loop
      vertex 85.2919 5.60812 16
      vertex 86.6316 5.20172 16
      vertex 85.3241 5.73663 16
    endloop
  endfacet
  facet normal 0 0 1
    outer loop
      vertex 85.0436 6.85643 16
      vertex 86.1258 7.74458 16
      vertex 85.9445 7.94454 16
    endloop
  endfacet
  facet normal 0 0 1
    outer loop
      vertex 86.6316 5.20172 16
      vertex 85.2919 5.60812 16
      vertex 86.5407 4.94762 16
    endloop
  endfacet
  facet normal 0 0 1
    outer loop
      vertex 84.9546 6.95459 16
      vertex 85.9445 7.94454 16
      vertex 85.7446 8.12578 16
    endloop
  endfacet
  facet normal -0 0 1
    outer loop
      vertex 85.2472 5.48338 16
      vertex 86.5407 4.94762 16
      vertex 85.2919 5.60812 16
    endloop
  endfacet
  facet normal 0 0 1
    outer loop
      vertex 84.8564 7.04356 16
      vertex 85.7446 8.12578 16
      vertex 85.5278 8.28654 16
    endloop
  endfacet
  facet normal 0 0 1
    outer loop
      vertex 86.5407 4.94762 16
      vertex 85.2472 5.48338 16
      vertex 86.4253 4.70366 16
    endloop
  endfacet
  facet normal -0 0 1
    outer loop
      vertex 85.1906 5.36362 16
      vertex 86.4253 4.70366 16
      vertex 85.2472 5.48338 16
    endloop
  endfacet
  facet normal 0 0 1
    outer loop
      vertex 86.7368 6.26955 16
      vertex 85.3435 6.13232 16
      vertex 85.35 6 16
    endloop
  endfacet
  facet normal 0 0 1
    outer loop
      vertex 86.6972 6.5365 16
      vertex 85.3241 6.26337 16
      vertex 85.3435 6.13232 16
    endloop
  endfacet
  facet normal 0 0 1
    outer loop
      vertex 84.75 7.12248 16
      vertex 85.5278 8.28654 16
      vertex 85.2963 8.42528 16
    endloop
  endfacet
  facet normal 0 0 1
    outer loop
      vertex 86.6316 6.79828 16
      vertex 85.2919 6.39188 16
      vertex 85.3241 6.26337 16
    endloop
  endfacet
  facet normal 0 0 1
    outer loop
      vertex 86.5407 7.05238 16
      vertex 85.2472 6.51662 16
      vertex 85.2919 6.39188 16
    endloop
  endfacet
  facet normal 0 0 1
    outer loop
      vertex 86.4253 7.29634 16
      vertex 85.1906 6.63638 16
      vertex 85.2472 6.51662 16
    endloop
  endfacet
  facet normal 0 0 1
    outer loop
      vertex 86.2865 7.52782 16
      vertex 85.1225 6.75002 16
      vertex 85.1906 6.63638 16
    endloop
  endfacet
  facet normal 0 0 1
    outer loop
      vertex 84.6364 7.19059 16
      vertex 85.2963 8.42528 16
      vertex 85.0524 8.54067 16
    endloop
  endfacet
  facet normal 0 0 1
    outer loop
      vertex 86.1258 7.74458 16
      vertex 85.0436 6.85643 16
      vertex 85.1225 6.75002 16
    endloop
  endfacet
  facet normal 0 0 1
    outer loop
      vertex 85.9445 7.94454 16
      vertex 84.9546 6.95459 16
      vertex 85.0436 6.85643 16
    endloop
  endfacet
  facet normal 0 0 1
    outer loop
      vertex 85.7446 8.12578 16
      vertex 84.8564 7.04356 16
      vertex 84.9546 6.95459 16
    endloop
  endfacet
  facet normal 0 0 1
    outer loop
      vertex 84.5166 7.24724 16
      vertex 85.0524 8.54067 16
      vertex 84.7983 8.63159 16
    endloop
  endfacet
  facet normal 0 0 1
    outer loop
      vertex 85.5278 8.28654 16
      vertex 84.75 7.12248 16
      vertex 84.8564 7.04356 16
    endloop
  endfacet
  facet normal 0 0 1
    outer loop
      vertex 85.2963 8.42528 16
      vertex 84.6364 7.19059 16
      vertex 84.75 7.12248 16
    endloop
  endfacet
  facet normal 0 0 1
    outer loop
      vertex 84.3919 7.29187 16
      vertex 84.7983 8.63159 16
      vertex 84.5365 8.69716 16
    endloop
  endfacet
  facet normal 0 0 1
    outer loop
      vertex 85.0524 8.54067 16
      vertex 84.5166 7.24724 16
      vertex 84.6364 7.19059 16
    endloop
  endfacet
  facet normal 0 0 1
    outer loop
      vertex 84.7983 8.63159 16
      vertex 84.3919 7.29187 16
      vertex 84.5166 7.24724 16
    endloop
  endfacet
  facet normal 0 0 1
    outer loop
      vertex 84.2634 7.32406 16
      vertex 84.5365 8.69716 16
      vertex 84.2695 8.73676 16
    endloop
  endfacet
  facet normal 0 0 1
    outer loop
      vertex 84.5365 8.69716 16
      vertex 84.2634 7.32406 16
      vertex 84.3919 7.29187 16
    endloop
  endfacet
  facet normal 0 0 1
    outer loop
      vertex 84.2695 8.73676 16
      vertex 84.1323 7.3435 16
      vertex 84.2634 7.32406 16
    endloop
  endfacet
  facet normal 0 0 1
    outer loop
      vertex 84 8.75 16
      vertex 84.1323 7.3435 16
      vertex 84.2695 8.73676 16
    endloop
  endfacet
  facet normal 0 0 1
    outer loop
      vertex 84 8.75 16
      vertex 84 7.35 16
      vertex 84.1323 7.3435 16
    endloop
  endfacet
  facet normal 0 0 1
    outer loop
      vertex 84 8.75 16
      vertex 83.8677 7.3435 16
      vertex 84 7.35 16
    endloop
  endfacet
  facet normal -0 0 1
    outer loop
      vertex 83.7305 8.73676 16
      vertex 83.8677 7.3435 16
      vertex 84 8.75 16
    endloop
  endfacet
  facet normal 0 0 1
    outer loop
      vertex 83.8677 7.3435 16
      vertex 83.7305 8.73676 16
      vertex 83.7366 7.32406 16
    endloop
  endfacet
  facet normal -0 0 1
    outer loop
      vertex 83.4635 8.69716 16
      vertex 83.7366 7.32406 16
      vertex 83.7305 8.73676 16
    endloop
  endfacet
  facet normal 0 0 1
    outer loop
      vertex 83.7366 7.32406 16
      vertex 83.4635 8.69716 16
      vertex 83.6081 7.29187 16
    endloop
  endfacet
  facet normal -0 0 1
    outer loop
      vertex 83.2017 8.63159 16
      vertex 83.6081 7.29187 16
      vertex 83.4635 8.69716 16
    endloop
  endfacet
  facet normal 0 0 1
    outer loop
      vertex 83.6081 7.29187 16
      vertex 83.2017 8.63159 16
      vertex 83.4834 7.24724 16
    endloop
  endfacet
  facet normal -0 0 1
    outer loop
      vertex 82.9476 8.54067 16
      vertex 83.4834 7.24724 16
      vertex 83.2017 8.63159 16
    endloop
  endfacet
  facet normal 0 0 1
    outer loop
      vertex 83.4834 7.24724 16
      vertex 82.9476 8.54067 16
      vertex 83.3636 7.19059 16
    endloop
  endfacet
  facet normal -0 0 1
    outer loop
      vertex 82.7037 8.42528 16
      vertex 83.3636 7.19059 16
      vertex 82.9476 8.54067 16
    endloop
  endfacet
  facet normal 0 0 1
    outer loop
      vertex 83.3636 7.19059 16
      vertex 82.7037 8.42528 16
      vertex 83.25 7.12248 16
    endloop
  endfacet
  facet normal -0 0 1
    outer loop
      vertex 82.4722 8.28654 16
      vertex 83.25 7.12248 16
      vertex 82.7037 8.42528 16
    endloop
  endfacet
  facet normal 0 0 1
    outer loop
      vertex 83.25 7.12248 16
      vertex 82.4722 8.28654 16
      vertex 83.1436 7.04356 16
    endloop
  endfacet
  facet normal -0 0 1
    outer loop
      vertex 82.2554 8.12578 16
      vertex 83.1436 7.04356 16
      vertex 82.4722 8.28654 16
    endloop
  endfacet
  facet normal 0 0 1
    outer loop
      vertex 83.1436 7.04356 16
      vertex 82.2554 8.12578 16
      vertex 83.0454 6.95459 16
    endloop
  endfacet
  facet normal -0 0 1
    outer loop
      vertex 82.0555 7.94454 16
      vertex 83.0454 6.95459 16
      vertex 82.2554 8.12578 16
    endloop
  endfacet
  facet normal 0 0 1
    outer loop
      vertex 83.0454 6.95459 16
      vertex 82.0555 7.94454 16
      vertex 82.9564 6.85643 16
    endloop
  endfacet
  facet normal -0 0 1
    outer loop
      vertex 81.8742 7.74458 16
      vertex 82.9564 6.85643 16
      vertex 82.0555 7.94454 16
    endloop
  endfacet
  facet normal 0 0 1
    outer loop
      vertex 82.9564 6.85643 16
      vertex 81.8742 7.74458 16
      vertex 82.8775 6.75002 16
    endloop
  endfacet
  facet normal -0 0 1
    outer loop
      vertex 81.7135 7.52782 16
      vertex 82.8775 6.75002 16
      vertex 81.8742 7.74458 16
    endloop
  endfacet
  facet normal 0 0 1
    outer loop
      vertex 82.8775 6.75002 16
      vertex 81.7135 7.52782 16
      vertex 82.8094 6.63638 16
    endloop
  endfacet
  facet normal -0 0 1
    outer loop
      vertex 81.5747 7.29634 16
      vertex 82.8094 6.63638 16
      vertex 81.7135 7.52782 16
    endloop
  endfacet
  facet normal 0 0 1
    outer loop
      vertex 86.4253 4.70366 16
      vertex 85.1906 5.36362 16
      vertex 86.2865 4.47218 16
    endloop
  endfacet
  facet normal -0 0 1
    outer loop
      vertex 85.1225 5.24998 16
      vertex 86.2865 4.47218 16
      vertex 85.1906 5.36362 16
    endloop
  endfacet
  facet normal 0 0 1
    outer loop
      vertex 86.2865 4.47218 16
      vertex 85.1225 5.24998 16
      vertex 86.1258 4.25542 16
    endloop
  endfacet
  facet normal -0 0 1
    outer loop
      vertex 85.0436 5.14357 16
      vertex 86.1258 4.25542 16
      vertex 85.1225 5.24998 16
    endloop
  endfacet
  facet normal 0 0 1
    outer loop
      vertex 86.1258 4.25542 16
      vertex 85.0436 5.14357 16
      vertex 85.9445 4.05546 16
    endloop
  endfacet
  facet normal -0 0 1
    outer loop
      vertex 84.9546 5.04541 16
      vertex 85.9445 4.05546 16
      vertex 85.0436 5.14357 16
    endloop
  endfacet
  facet normal 0 0 1
    outer loop
      vertex 85.9445 4.05546 16
      vertex 84.9546 5.04541 16
      vertex 85.7446 3.87422 16
    endloop
  endfacet
  facet normal -0 0 1
    outer loop
      vertex 84.8564 4.95644 16
      vertex 85.7446 3.87422 16
      vertex 84.9546 5.04541 16
    endloop
  endfacet
  facet normal 0 0 1
    outer loop
      vertex 85.7446 3.87422 16
      vertex 84.8564 4.95644 16
      vertex 85.5278 3.71346 16
    endloop
  endfacet
  facet normal -0 0 1
    outer loop
      vertex 84.75 4.87752 16
      vertex 85.5278 3.71346 16
      vertex 84.8564 4.95644 16
    endloop
  endfacet
  facet normal 0 0 1
    outer loop
      vertex 85.5278 3.71346 16
      vertex 84.75 4.87752 16
      vertex 85.2963 3.57472 16
    endloop
  endfacet
  facet normal -0 0 1
    outer loop
      vertex 84.6364 4.80941 16
      vertex 85.2963 3.57472 16
      vertex 84.75 4.87752 16
    endloop
  endfacet
  facet normal 0 0 1
    outer loop
      vertex 85.2963 3.57472 16
      vertex 84.6364 4.80941 16
      vertex 85.0524 3.45933 16
    endloop
  endfacet
  facet normal -0 0 1
    outer loop
      vertex 84.5166 4.75276 16
      vertex 85.0524 3.45933 16
      vertex 84.6364 4.80941 16
    endloop
  endfacet
  facet normal 0 0 1
    outer loop
      vertex 85.0524 3.45933 16
      vertex 84.5166 4.75276 16
      vertex 84.7983 3.36841 16
    endloop
  endfacet
  facet normal -0 0 1
    outer loop
      vertex 84.3919 4.70813 16
      vertex 84.7983 3.36841 16
      vertex 84.5166 4.75276 16
    endloop
  endfacet
  facet normal 0 0 1
    outer loop
      vertex 84.7983 3.36841 16
      vertex 84.3919 4.70813 16
      vertex 84.5365 3.30284 16
    endloop
  endfacet
  facet normal -0 0 1
    outer loop
      vertex 84.2634 4.67594 16
      vertex 84.5365 3.30284 16
      vertex 84.3919 4.70813 16
    endloop
  endfacet
  facet normal 0 0 1
    outer loop
      vertex 84.5365 3.30284 16
      vertex 84.2634 4.67594 16
      vertex 84.2695 3.26324 16
    endloop
  endfacet
  facet normal -0 0 1
    outer loop
      vertex 84.1323 4.6565 16
      vertex 84.2695 3.26324 16
      vertex 84.2634 4.67594 16
    endloop
  endfacet
  facet normal -0 0 1
    outer loop
      vertex 84 4.65 16
      vertex 84.2695 3.26324 16
      vertex 84.1323 4.6565 16
    endloop
  endfacet
  facet normal 0 0 1
    outer loop
      vertex 84 4.65 16
      vertex 84 3.25 16
      vertex 84.2695 3.26324 16
    endloop
  endfacet
  facet normal 0 0 1
    outer loop
      vertex 83.8677 4.6565 16
      vertex 84 3.25 16
      vertex 84 4.65 16
    endloop
  endfacet
  facet normal 0 0 1
    outer loop
      vertex 83.7305 3.26324 16
      vertex 83.8677 4.6565 16
      vertex 83.7366 4.67594 16
    endloop
  endfacet
  facet normal 0 0 1
    outer loop
      vertex 83.8677 4.6565 16
      vertex 83.7305 3.26324 16
      vertex 84 3.25 16
    endloop
  endfacet
  facet normal 0 0 1
    outer loop
      vertex 83.4635 3.30284 16
      vertex 83.7366 4.67594 16
      vertex 83.6081 4.70813 16
    endloop
  endfacet
  facet normal 0 0 1
    outer loop
      vertex 83.2017 3.36841 16
      vertex 83.6081 4.70813 16
      vertex 83.4834 4.75276 16
    endloop
  endfacet
  facet normal 0 0 1
    outer loop
      vertex 83.7366 4.67594 16
      vertex 83.4635 3.30284 16
      vertex 83.7305 3.26324 16
    endloop
  endfacet
  facet normal 0 0 1
    outer loop
      vertex 82.9476 3.45933 16
      vertex 83.4834 4.75276 16
      vertex 83.3636 4.80941 16
    endloop
  endfacet
  facet normal 0 0 1
    outer loop
      vertex 82.7037 3.57472 16
      vertex 83.3636 4.80941 16
      vertex 83.25 4.87752 16
    endloop
  endfacet
  facet normal 0 0 1
    outer loop
      vertex 83.6081 4.70813 16
      vertex 83.2017 3.36841 16
      vertex 83.4635 3.30284 16
    endloop
  endfacet
  facet normal 0 0 1
    outer loop
      vertex 82.4722 3.71346 16
      vertex 83.25 4.87752 16
      vertex 83.1436 4.95644 16
    endloop
  endfacet
  facet normal 0 0 1
    outer loop
      vertex 82.2554 3.87422 16
      vertex 83.1436 4.95644 16
      vertex 83.0454 5.04541 16
    endloop
  endfacet
  facet normal 0 0 1
    outer loop
      vertex 82.0555 4.05546 16
      vertex 83.0454 5.04541 16
      vertex 82.9564 5.14357 16
    endloop
  endfacet
  facet normal 0 0 1
    outer loop
      vertex 83.4834 4.75276 16
      vertex 82.9476 3.45933 16
      vertex 83.2017 3.36841 16
    endloop
  endfacet
  facet normal 0 0 1
    outer loop
      vertex 81.8742 4.25542 16
      vertex 82.9564 5.14357 16
      vertex 82.8775 5.24998 16
    endloop
  endfacet
  facet normal 0 0 1
    outer loop
      vertex 81.7135 4.47218 16
      vertex 82.8775 5.24998 16
      vertex 82.8094 5.36362 16
    endloop
  endfacet
  facet normal 0 0 1
    outer loop
      vertex 81.5747 4.70366 16
      vertex 82.8094 5.36362 16
      vertex 82.7528 5.48338 16
    endloop
  endfacet
  facet normal 0 0 1
    outer loop
      vertex 81.4593 4.94762 16
      vertex 82.7528 5.48338 16
      vertex 82.7081 5.60812 16
    endloop
  endfacet
  facet normal 0 0 1
    outer loop
      vertex 83.3636 4.80941 16
      vertex 82.7037 3.57472 16
      vertex 82.9476 3.45933 16
    endloop
  endfacet
  facet normal 0 0 1
    outer loop
      vertex 81.3684 5.20172 16
      vertex 82.7081 5.60812 16
      vertex 82.6759 5.73663 16
    endloop
  endfacet
  facet normal 0 0 1
    outer loop
      vertex 81.3028 5.4635 16
      vertex 82.6759 5.73663 16
      vertex 82.6565 5.86768 16
    endloop
  endfacet
  facet normal 0 0 1
    outer loop
      vertex 81.2632 5.73045 16
      vertex 82.6565 5.86768 16
      vertex 82.65 6 16
    endloop
  endfacet
  facet normal 0 0 1
    outer loop
      vertex 82.8094 6.63638 16
      vertex 81.5747 7.29634 16
      vertex 82.7528 6.51662 16
    endloop
  endfacet
  facet normal 0 0 1
    outer loop
      vertex 83.25 4.87752 16
      vertex 82.4722 3.71346 16
      vertex 82.7037 3.57472 16
    endloop
  endfacet
  facet normal -0 0 1
    outer loop
      vertex 81.4593 7.05238 16
      vertex 82.7528 6.51662 16
      vertex 81.5747 7.29634 16
    endloop
  endfacet
  facet normal 0 0 1
    outer loop
      vertex 83.1436 4.95644 16
      vertex 82.2554 3.87422 16
      vertex 82.4722 3.71346 16
    endloop
  endfacet
  facet normal 0 0 1
    outer loop
      vertex 82.7528 6.51662 16
      vertex 81.4593 7.05238 16
      vertex 82.7081 6.39188 16
    endloop
  endfacet
  facet normal 0 0 1
    outer loop
      vertex 83.0454 5.04541 16
      vertex 82.0555 4.05546 16
      vertex 82.2554 3.87422 16
    endloop
  endfacet
  facet normal -0 0 1
    outer loop
      vertex 81.3684 6.79828 16
      vertex 82.7081 6.39188 16
      vertex 81.4593 7.05238 16
    endloop
  endfacet
  facet normal 0 0 1
    outer loop
      vertex 82.9564 5.14357 16
      vertex 81.8742 4.25542 16
      vertex 82.0555 4.05546 16
    endloop
  endfacet
  facet normal 0 0 1
    outer loop
      vertex 82.7081 6.39188 16
      vertex 81.3684 6.79828 16
      vertex 82.6759 6.26337 16
    endloop
  endfacet
  facet normal 0 0 1
    outer loop
      vertex 82.8775 5.24998 16
      vertex 81.7135 4.47218 16
      vertex 81.8742 4.25542 16
    endloop
  endfacet
  facet normal -0 0 1
    outer loop
      vertex 81.3028 6.5365 16
      vertex 82.6759 6.26337 16
      vertex 81.3684 6.79828 16
    endloop
  endfacet
  facet normal 0 0 1
    outer loop
      vertex 82.8094 5.36362 16
      vertex 81.5747 4.70366 16
      vertex 81.7135 4.47218 16
    endloop
  endfacet
  facet normal 0 0 1
    outer loop
      vertex 82.6759 6.26337 16
      vertex 81.3028 6.5365 16
      vertex 82.6565 6.13232 16
    endloop
  endfacet
  facet normal 0 0 1
    outer loop
      vertex 82.7528 5.48338 16
      vertex 81.4593 4.94762 16
      vertex 81.5747 4.70366 16
    endloop
  endfacet
  facet normal -0 0 1
    outer loop
      vertex 81.2632 6.26955 16
      vertex 82.6565 6.13232 16
      vertex 81.3028 6.5365 16
    endloop
  endfacet
  facet normal 0 0 1
    outer loop
      vertex 82.7081 5.60812 16
      vertex 81.3684 5.20172 16
      vertex 81.4593 4.94762 16
    endloop
  endfacet
  facet normal 0 0 1
    outer loop
      vertex 82.6565 6.13232 16
      vertex 81.2632 6.26955 16
      vertex 82.65 6 16
    endloop
  endfacet
  facet normal 0 0 1
    outer loop
      vertex 82.6759 5.73663 16
      vertex 81.3028 5.4635 16
      vertex 81.3684 5.20172 16
    endloop
  endfacet
  facet normal 0 0 1
    outer loop
      vertex 81.25 6 16
      vertex 82.65 6 16
      vertex 81.2632 6.26955 16
    endloop
  endfacet
  facet normal 0 0 1
    outer loop
      vertex 82.6565 5.86768 16
      vertex 81.2632 5.73045 16
      vertex 81.3028 5.4635 16
    endloop
  endfacet
  facet normal 0 0 1
    outer loop
      vertex 82.65 6 16
      vertex 81.25 6 16
      vertex 81.2632 5.73045 16
    endloop
  endfacet
  facet normal -0.0490688 -0.998795 0
    outer loop
      vertex 83.7305 3.26324 1.6
      vertex 84 3.25 16
      vertex 83.7305 3.26324 16
    endloop
  endfacet
  facet normal -0.0490688 -0.998795 -0
    outer loop
      vertex 84 3.25 16
      vertex 83.7305 3.26324 1.6
      vertex 84 3.25 1.6
    endloop
  endfacet
  facet normal -0.998803 0.0489119 0
    outer loop
      vertex 81.25 6 1.6
      vertex 81.2632 6.26955 16
      vertex 81.2632 6.26955 1.6
    endloop
  endfacet
  facet normal -0.998803 0.0489119 0
    outer loop
      vertex 81.2632 6.26955 16
      vertex 81.25 6 1.6
      vertex 81.25 6 16
    endloop
  endfacet
  facet normal 0.740828 -0.671695 0
    outer loop
      vertex 85.9445 4.05546 16
      vertex 86.1258 4.25542 1.6
      vertex 86.1258 4.25542 16
    endloop
  endfacet
  facet normal 0.740828 -0.671695 0
    outer loop
      vertex 86.1258 4.25542 1.6
      vertex 85.9445 4.05546 16
      vertex 85.9445 4.05546 1.6
    endloop
  endfacet
  facet normal -0.98922 -0.146439 0
    outer loop
      vertex 85.3435 6.13232 1.6
      vertex 85.3241 6.26337 16
      vertex 85.3241 6.26337 1.6
    endloop
  endfacet
  facet normal -0.98922 -0.146439 0
    outer loop
      vertex 85.3241 6.26337 16
      vertex 85.3435 6.13232 1.6
      vertex 85.3435 6.13232 16
    endloop
  endfacet
  facet normal -0.998796 -0.0490642 0
    outer loop
      vertex 85.35 6 1.6
      vertex 85.3435 6.13232 16
      vertex 85.3435 6.13232 1.6
    endloop
  endfacet
  facet normal -0.998796 -0.0490642 0
    outer loop
      vertex 85.3435 6.13232 16
      vertex 85.35 6 1.6
      vertex 85.35 6 16
    endloop
  endfacet
  facet normal -0.970014 -0.243051 0
    outer loop
      vertex 85.3241 6.26337 1.6
      vertex 85.2919 6.39188 16
      vertex 85.2919 6.39188 1.6
    endloop
  endfacet
  facet normal -0.970014 -0.243051 0
    outer loop
      vertex 85.2919 6.39188 16
      vertex 85.3241 6.26337 1.6
      vertex 85.3241 6.26337 16
    endloop
  endfacet
  facet normal -0.336968 -0.941516 0
    outer loop
      vertex 84.3919 7.29187 1.6
      vertex 84.5166 7.24724 16
      vertex 84.3919 7.29187 16
    endloop
  endfacet
  facet normal -0.336968 -0.941516 -0
    outer loop
      vertex 84.5166 7.24724 16
      vertex 84.3919 7.29187 1.6
      vertex 84.5166 7.24724 1.6
    endloop
  endfacet
  facet normal -0.98922 0.146439 0
    outer loop
      vertex 85.3241 5.73663 1.6
      vertex 85.3435 5.86768 16
      vertex 85.3435 5.86768 1.6
    endloop
  endfacet
  facet normal -0.98922 0.146439 0
    outer loop
      vertex 85.3435 5.86768 16
      vertex 85.3241 5.73663 1.6
      vertex 85.3241 5.73663 16
    endloop
  endfacet
  facet normal -0.803276 -0.595607 0
    outer loop
      vertex 85.1225 6.75002 1.6
      vertex 85.0436 6.85643 16
      vertex 85.0436 6.85643 1.6
    endloop
  endfacet
  facet normal -0.803276 -0.595607 0
    outer loop
      vertex 85.0436 6.85643 16
      vertex 85.1225 6.75002 1.6
      vertex 85.1225 6.75002 16
    endloop
  endfacet
  facet normal -0.59574 -0.803177 0
    outer loop
      vertex 84.75 7.12248 1.6
      vertex 84.8564 7.04356 16
      vertex 84.75 7.12248 16
    endloop
  endfacet
  facet normal -0.59574 -0.803177 -0
    outer loop
      vertex 84.8564 7.04356 16
      vertex 84.75 7.12248 1.6
      vertex 84.8564 7.04356 1.6
    endloop
  endfacet
  facet normal -0.998796 0.0490642 0
    outer loop
      vertex 85.3435 5.86768 1.6
      vertex 85.35 6 16
      vertex 85.35 6 1.6
    endloop
  endfacet
  facet normal -0.998796 0.0490642 0
    outer loop
      vertex 85.35 6 16
      vertex 85.3435 5.86768 1.6
      vertex 85.3435 5.86768 16
    endloop
  endfacet
  facet normal -0.242997 -0.970027 0
    outer loop
      vertex 84.2634 7.32406 1.6
      vertex 84.3919 7.29187 16
      vertex 84.2634 7.32406 16
    endloop
  endfacet
  facet normal -0.242997 -0.970027 -0
    outer loop
      vertex 84.3919 7.29187 16
      vertex 84.2634 7.32406 1.6
      vertex 84.3919 7.29187 1.6
    endloop
  endfacet
  facet normal 0.970014 -0.243051 0
    outer loop
      vertex 82.6759 6.26337 16
      vertex 82.7081 6.39188 1.6
      vertex 82.7081 6.39188 16
    endloop
  endfacet
  facet normal 0.970014 -0.243051 0
    outer loop
      vertex 82.7081 6.39188 1.6
      vertex 82.6759 6.26337 16
      vertex 82.6759 6.26337 1.6
    endloop
  endfacet
  facet normal 0.740827 -0.671696 0
    outer loop
      vertex 82.9564 6.85643 16
      vertex 83.0454 6.95459 1.6
      vertex 83.0454 6.95459 16
    endloop
  endfacet
  facet normal 0.740827 -0.671696 0
    outer loop
      vertex 83.0454 6.95459 1.6
      vertex 82.9564 6.85643 16
      vertex 82.9564 6.85643 1.6
    endloop
  endfacet
  facet normal -0.427486 -0.904022 0
    outer loop
      vertex 84.5166 7.24724 1.6
      vertex 84.6364 7.19059 16
      vertex 84.5166 7.24724 16
    endloop
  endfacet
  facet normal -0.427486 -0.904022 -0
    outer loop
      vertex 84.6364 7.19059 16
      vertex 84.5166 7.24724 1.6
      vertex 84.6364 7.19059 1.6
    endloop
  endfacet
  facet normal 0.904113 0.427294 0
    outer loop
      vertex 82.8094 5.36362 16
      vertex 82.7528 5.48338 1.6
      vertex 82.7528 5.48338 16
    endloop
  endfacet
  facet normal 0.904113 0.427294 0
    outer loop
      vertex 82.7528 5.48338 1.6
      vertex 82.8094 5.36362 16
      vertex 82.8094 5.36362 1.6
    endloop
  endfacet
  facet normal -0.671421 0.741076 0
    outer loop
      vertex 84.9546 5.04541 1.6
      vertex 84.8564 4.95644 16
      vertex 84.9546 5.04541 16
    endloop
  endfacet
  facet normal -0.671421 0.741076 0
    outer loop
      vertex 84.8564 4.95644 16
      vertex 84.9546 5.04541 1.6
      vertex 84.8564 4.95644 1.6
    endloop
  endfacet
  facet normal 0.59574 0.803177 -0
    outer loop
      vertex 83.25 4.87752 1.6
      vertex 83.1436 4.95644 16
      vertex 83.25 4.87752 16
    endloop
  endfacet
  facet normal 0.59574 0.803177 0
    outer loop
      vertex 83.1436 4.95644 16
      vertex 83.25 4.87752 1.6
      vertex 83.1436 4.95644 1.6
    endloop
  endfacet
  facet normal -0.941383 -0.33734 0
    outer loop
      vertex 85.2919 6.39188 1.6
      vertex 85.2472 6.51662 16
      vertex 85.2472 6.51662 1.6
    endloop
  endfacet
  facet normal -0.941383 -0.33734 0
    outer loop
      vertex 85.2472 6.51662 16
      vertex 85.2919 6.39188 1.6
      vertex 85.2919 6.39188 16
    endloop
  endfacet
  facet normal 0.803276 0.595607 0
    outer loop
      vertex 82.9564 5.14357 16
      vertex 82.8775 5.24998 1.6
      vertex 82.8775 5.24998 16
    endloop
  endfacet
  facet normal 0.803276 0.595607 0
    outer loop
      vertex 82.8775 5.24998 1.6
      vertex 82.9564 5.14357 16
      vertex 82.9564 5.14357 1.6
    endloop
  endfacet
  facet normal 0.998796 0.0490642 0
    outer loop
      vertex 82.6565 5.86768 16
      vertex 82.65 6 1.6
      vertex 82.65 6 16
    endloop
  endfacet
  facet normal 0.998796 0.0490642 0
    outer loop
      vertex 82.65 6 1.6
      vertex 82.6565 5.86768 16
      vertex 82.6565 5.86768 1.6
    endloop
  endfacet
  facet normal -0.336968 0.941516 0
    outer loop
      vertex 84.5166 4.75276 1.6
      vertex 84.3919 4.70813 16
      vertex 84.5166 4.75276 16
    endloop
  endfacet
  facet normal -0.336968 0.941516 0
    outer loop
      vertex 84.3919 4.70813 16
      vertex 84.5166 4.75276 1.6
      vertex 84.3919 4.70813 1.6
    endloop
  endfacet
  facet normal 0.0490716 -0.998795 0
    outer loop
      vertex 83.8677 7.3435 1.6
      vertex 84 7.35 16
      vertex 83.8677 7.3435 16
    endloop
  endfacet
  facet normal 0.0490716 -0.998795 0
    outer loop
      vertex 84 7.35 16
      vertex 83.8677 7.3435 1.6
      vertex 84 7.35 1.6
    endloop
  endfacet
  facet normal -0.59574 0.803177 0
    outer loop
      vertex 84.8564 4.95644 1.6
      vertex 84.75 4.87752 16
      vertex 84.8564 4.95644 16
    endloop
  endfacet
  facet normal -0.59574 0.803177 0
    outer loop
      vertex 84.75 4.87752 16
      vertex 84.8564 4.95644 1.6
      vertex 84.75 4.87752 1.6
    endloop
  endfacet
  facet normal 0.740827 0.671696 0
    outer loop
      vertex 83.0454 5.04541 16
      vertex 82.9564 5.14357 1.6
      vertex 82.9564 5.14357 16
    endloop
  endfacet
  facet normal 0.740827 0.671696 0
    outer loop
      vertex 82.9564 5.14357 1.6
      vertex 83.0454 5.04541 16
      vertex 83.0454 5.04541 1.6
    endloop
  endfacet
  facet normal -0.803276 0.595607 0
    outer loop
      vertex 85.0436 5.14357 1.6
      vertex 85.1225 5.24998 16
      vertex 85.1225 5.24998 1.6
    endloop
  endfacet
  facet normal -0.803276 0.595607 0
    outer loop
      vertex 85.1225 5.24998 16
      vertex 85.0436 5.14357 1.6
      vertex 85.0436 5.14357 16
    endloop
  endfacet
  facet normal 0.857773 0.514029 0
    outer loop
      vertex 82.8775 5.24998 16
      vertex 82.8094 5.36362 1.6
      vertex 82.8094 5.36362 16
    endloop
  endfacet
  facet normal 0.857773 0.514029 0
    outer loop
      vertex 82.8094 5.36362 1.6
      vertex 82.8775 5.24998 16
      vertex 82.8775 5.24998 1.6
    endloop
  endfacet
  facet normal -0.14668 -0.989184 0
    outer loop
      vertex 84.1323 7.3435 1.6
      vertex 84.2634 7.32406 16
      vertex 84.1323 7.3435 16
    endloop
  endfacet
  facet normal -0.14668 -0.989184 -0
    outer loop
      vertex 84.2634 7.32406 16
      vertex 84.1323 7.3435 1.6
      vertex 84.2634 7.32406 1.6
    endloop
  endfacet
  facet normal -0.14668 0.989184 0
    outer loop
      vertex 84.2634 4.67594 1.6
      vertex 84.1323 4.6565 16
      vertex 84.2634 4.67594 16
    endloop
  endfacet
  facet normal -0.14668 0.989184 0
    outer loop
      vertex 84.1323 4.6565 16
      vertex 84.2634 4.67594 1.6
      vertex 84.1323 4.6565 1.6
    endloop
  endfacet
  facet normal 0.14668 0.989184 -0
    outer loop
      vertex 83.8677 4.6565 1.6
      vertex 83.7366 4.67594 16
      vertex 83.8677 4.6565 16
    endloop
  endfacet
  facet normal 0.14668 0.989184 0
    outer loop
      vertex 83.7366 4.67594 16
      vertex 83.8677 4.6565 1.6
      vertex 83.7366 4.67594 1.6
    endloop
  endfacet
  facet normal 0.242997 -0.970027 0
    outer loop
      vertex 83.6081 7.29187 1.6
      vertex 83.7366 7.32406 16
      vertex 83.6081 7.29187 16
    endloop
  endfacet
  facet normal 0.242997 -0.970027 0
    outer loop
      vertex 83.7366 7.32406 16
      vertex 83.6081 7.29187 1.6
      vertex 83.7366 7.32406 1.6
    endloop
  endfacet
  facet normal 0.998796 -0.0490642 0
    outer loop
      vertex 82.65 6 16
      vertex 82.6565 6.13232 1.6
      vertex 82.6565 6.13232 16
    endloop
  endfacet
  facet normal 0.998796 -0.0490642 0
    outer loop
      vertex 82.6565 6.13232 1.6
      vertex 82.65 6 16
      vertex 82.65 6 1.6
    endloop
  endfacet
  facet normal -0.740827 0.671696 0
    outer loop
      vertex 84.9546 5.04541 1.6
      vertex 85.0436 5.14357 16
      vertex 85.0436 5.14357 1.6
    endloop
  endfacet
  facet normal -0.740827 0.671696 0
    outer loop
      vertex 85.0436 5.14357 16
      vertex 84.9546 5.04541 1.6
      vertex 84.9546 5.04541 16
    endloop
  endfacet
  facet normal -0.904113 -0.427294 0
    outer loop
      vertex 85.2472 6.51662 1.6
      vertex 85.1906 6.63638 16
      vertex 85.1906 6.63638 1.6
    endloop
  endfacet
  facet normal -0.904113 -0.427294 0
    outer loop
      vertex 85.1906 6.63638 16
      vertex 85.2472 6.51662 1.6
      vertex 85.2472 6.51662 16
    endloop
  endfacet
  facet normal 0.14668 -0.989184 0
    outer loop
      vertex 83.7366 7.32406 1.6
      vertex 83.8677 7.3435 16
      vertex 83.7366 7.32406 16
    endloop
  endfacet
  facet normal 0.14668 -0.989184 0
    outer loop
      vertex 83.8677 7.3435 16
      vertex 83.7366 7.32406 1.6
      vertex 83.8677 7.3435 1.6
    endloop
  endfacet
  facet normal 0.904113 -0.427294 0
    outer loop
      vertex 82.7528 6.51662 16
      vertex 82.8094 6.63638 1.6
      vertex 82.8094 6.63638 16
    endloop
  endfacet
  facet normal 0.904113 -0.427294 0
    outer loop
      vertex 82.8094 6.63638 1.6
      vertex 82.7528 6.51662 16
      vertex 82.7528 6.51662 1.6
    endloop
  endfacet
  facet normal 0.336968 -0.941516 0
    outer loop
      vertex 83.4834 7.24724 1.6
      vertex 83.6081 7.29187 16
      vertex 83.4834 7.24724 16
    endloop
  endfacet
  facet normal 0.336968 -0.941516 0
    outer loop
      vertex 83.6081 7.29187 16
      vertex 83.4834 7.24724 1.6
      vertex 83.6081 7.29187 1.6
    endloop
  endfacet
  facet normal -0.514218 -0.857659 0
    outer loop
      vertex 84.6364 7.19059 1.6
      vertex 84.75 7.12248 16
      vertex 84.6364 7.19059 16
    endloop
  endfacet
  facet normal -0.514218 -0.857659 -0
    outer loop
      vertex 84.75 7.12248 16
      vertex 84.6364 7.19059 1.6
      vertex 84.75 7.12248 1.6
    endloop
  endfacet
  facet normal -0.671421 -0.741076 0
    outer loop
      vertex 84.8564 7.04356 1.6
      vertex 84.9546 6.95459 16
      vertex 84.8564 7.04356 16
    endloop
  endfacet
  facet normal -0.671421 -0.741076 -0
    outer loop
      vertex 84.9546 6.95459 16
      vertex 84.8564 7.04356 1.6
      vertex 84.9546 6.95459 1.6
    endloop
  endfacet
  facet normal 0.0490716 0.998795 -0
    outer loop
      vertex 84 4.65 1.6
      vertex 83.8677 4.6565 16
      vertex 84 4.65 16
    endloop
  endfacet
  facet normal 0.0490716 0.998795 0
    outer loop
      vertex 83.8677 4.6565 16
      vertex 84 4.65 1.6
      vertex 83.8677 4.6565 1.6
    endloop
  endfacet
  facet normal 0.941383 0.33734 0
    outer loop
      vertex 82.7528 5.48338 16
      vertex 82.7081 5.60812 1.6
      vertex 82.7081 5.60812 16
    endloop
  endfacet
  facet normal 0.941383 0.33734 0
    outer loop
      vertex 82.7081 5.60812 1.6
      vertex 82.7528 5.48338 16
      vertex 82.7528 5.48338 1.6
    endloop
  endfacet
  facet normal -0.242997 0.970027 0
    outer loop
      vertex 84.3919 4.70813 1.6
      vertex 84.2634 4.67594 16
      vertex 84.3919 4.70813 16
    endloop
  endfacet
  facet normal -0.242997 0.970027 0
    outer loop
      vertex 84.2634 4.67594 16
      vertex 84.3919 4.70813 1.6
      vertex 84.2634 4.67594 1.6
    endloop
  endfacet
  facet normal -0.904113 0.427294 0
    outer loop
      vertex 85.1906 5.36362 1.6
      vertex 85.2472 5.48338 16
      vertex 85.2472 5.48338 1.6
    endloop
  endfacet
  facet normal -0.904113 0.427294 0
    outer loop
      vertex 85.2472 5.48338 16
      vertex 85.1906 5.36362 1.6
      vertex 85.1906 5.36362 16
    endloop
  endfacet
  facet normal -0.427486 0.904022 0
    outer loop
      vertex 84.6364 4.80941 1.6
      vertex 84.5166 4.75276 16
      vertex 84.6364 4.80941 16
    endloop
  endfacet
  facet normal -0.427486 0.904022 0
    outer loop
      vertex 84.5166 4.75276 16
      vertex 84.6364 4.80941 1.6
      vertex 84.5166 4.75276 1.6
    endloop
  endfacet
  facet normal 0.427486 -0.904022 0
    outer loop
      vertex 83.3636 7.19059 1.6
      vertex 83.4834 7.24724 16
      vertex 83.3636 7.19059 16
    endloop
  endfacet
  facet normal 0.427486 -0.904022 0
    outer loop
      vertex 83.4834 7.24724 16
      vertex 83.3636 7.19059 1.6
      vertex 83.4834 7.24724 1.6
    endloop
  endfacet
  facet normal -0.0490716 -0.998795 0
    outer loop
      vertex 84 7.35 1.6
      vertex 84.1323 7.3435 16
      vertex 84 7.35 16
    endloop
  endfacet
  facet normal -0.0490716 -0.998795 -0
    outer loop
      vertex 84.1323 7.3435 16
      vertex 84 7.35 1.6
      vertex 84.1323 7.3435 1.6
    endloop
  endfacet
  facet normal 0.514218 -0.857659 0
    outer loop
      vertex 83.25 7.12248 1.6
      vertex 83.3636 7.19059 16
      vertex 83.25 7.12248 16
    endloop
  endfacet
  facet normal 0.514218 -0.857659 0
    outer loop
      vertex 83.3636 7.19059 16
      vertex 83.25 7.12248 1.6
      vertex 83.3636 7.19059 1.6
    endloop
  endfacet
  facet normal -0.970014 0.243051 0
    outer loop
      vertex 85.2919 5.60812 1.6
      vertex 85.3241 5.73663 16
      vertex 85.3241 5.73663 1.6
    endloop
  endfacet
  facet normal -0.970014 0.243051 0
    outer loop
      vertex 85.3241 5.73663 16
      vertex 85.2919 5.60812 1.6
      vertex 85.2919 5.60812 16
    endloop
  endfacet
  facet normal -0.857773 -0.514029 0
    outer loop
      vertex 85.1906 6.63638 1.6
      vertex 85.1225 6.75002 16
      vertex 85.1225 6.75002 1.6
    endloop
  endfacet
  facet normal -0.857773 -0.514029 0
    outer loop
      vertex 85.1225 6.75002 16
      vertex 85.1906 6.63638 1.6
      vertex 85.1906 6.63638 16
    endloop
  endfacet
  facet normal 0.98922 0.146439 0
    outer loop
      vertex 82.6759 5.73663 16
      vertex 82.6565 5.86768 1.6
      vertex 82.6565 5.86768 16
    endloop
  endfacet
  facet normal 0.98922 0.146439 0
    outer loop
      vertex 82.6565 5.86768 1.6
      vertex 82.6759 5.73663 16
      vertex 82.6759 5.73663 1.6
    endloop
  endfacet
  facet normal 0.59574 -0.803177 0
    outer loop
      vertex 83.1436 7.04356 1.6
      vertex 83.25 7.12248 16
      vertex 83.1436 7.04356 16
    endloop
  endfacet
  facet normal 0.59574 -0.803177 0
    outer loop
      vertex 83.25 7.12248 16
      vertex 83.1436 7.04356 1.6
      vertex 83.25 7.12248 1.6
    endloop
  endfacet
  facet normal -0.0490716 0.998795 0
    outer loop
      vertex 84.1323 4.6565 1.6
      vertex 84 4.65 16
      vertex 84.1323 4.6565 16
    endloop
  endfacet
  facet normal -0.0490716 0.998795 0
    outer loop
      vertex 84 4.65 16
      vertex 84.1323 4.6565 1.6
      vertex 84 4.65 1.6
    endloop
  endfacet
  facet normal 0.970014 0.243051 0
    outer loop
      vertex 82.7081 5.60812 16
      vertex 82.6759 5.73663 1.6
      vertex 82.6759 5.73663 16
    endloop
  endfacet
  facet normal 0.970014 0.243051 0
    outer loop
      vertex 82.6759 5.73663 1.6
      vertex 82.7081 5.60812 16
      vertex 82.7081 5.60812 1.6
    endloop
  endfacet
  facet normal 0.671421 0.741076 -0
    outer loop
      vertex 83.1436 4.95644 1.6
      vertex 83.0454 5.04541 16
      vertex 83.1436 4.95644 16
    endloop
  endfacet
  facet normal 0.671421 0.741076 0
    outer loop
      vertex 83.0454 5.04541 16
      vertex 83.1436 4.95644 1.6
      vertex 83.0454 5.04541 1.6
    endloop
  endfacet
  facet normal 0.671421 -0.741076 0
    outer loop
      vertex 83.0454 6.95459 1.6
      vertex 83.1436 7.04356 16
      vertex 83.0454 6.95459 16
    endloop
  endfacet
  facet normal 0.671421 -0.741076 0
    outer loop
      vertex 83.1436 7.04356 16
      vertex 83.0454 6.95459 1.6
      vertex 83.1436 7.04356 1.6
    endloop
  endfacet
  facet normal 0.857773 -0.514029 0
    outer loop
      vertex 82.8094 6.63638 16
      vertex 82.8775 6.75002 1.6
      vertex 82.8775 6.75002 16
    endloop
  endfacet
  facet normal 0.857773 -0.514029 0
    outer loop
      vertex 82.8775 6.75002 1.6
      vertex 82.8094 6.63638 16
      vertex 82.8094 6.63638 1.6
    endloop
  endfacet
  facet normal 0.514218 0.857659 -0
    outer loop
      vertex 83.3636 4.80941 1.6
      vertex 83.25 4.87752 16
      vertex 83.3636 4.80941 16
    endloop
  endfacet
  facet normal 0.514218 0.857659 0
    outer loop
      vertex 83.25 4.87752 16
      vertex 83.3636 4.80941 1.6
      vertex 83.25 4.87752 1.6
    endloop
  endfacet
  facet normal -0.514218 0.857659 0
    outer loop
      vertex 84.75 4.87752 1.6
      vertex 84.6364 4.80941 16
      vertex 84.75 4.87752 16
    endloop
  endfacet
  facet normal -0.514218 0.857659 0
    outer loop
      vertex 84.6364 4.80941 16
      vertex 84.75 4.87752 1.6
      vertex 84.6364 4.80941 1.6
    endloop
  endfacet
  facet normal 0.98922 -0.146439 0
    outer loop
      vertex 82.6565 6.13232 16
      vertex 82.6759 6.26337 1.6
      vertex 82.6759 6.26337 16
    endloop
  endfacet
  facet normal 0.98922 -0.146439 0
    outer loop
      vertex 82.6759 6.26337 1.6
      vertex 82.6565 6.13232 16
      vertex 82.6565 6.13232 1.6
    endloop
  endfacet
  facet normal -0.740827 -0.671696 0
    outer loop
      vertex 85.0436 6.85643 1.6
      vertex 84.9546 6.95459 16
      vertex 84.9546 6.95459 1.6
    endloop
  endfacet
  facet normal -0.740827 -0.671696 0
    outer loop
      vertex 84.9546 6.95459 16
      vertex 85.0436 6.85643 1.6
      vertex 85.0436 6.85643 16
    endloop
  endfacet
  facet normal 0.941383 -0.33734 0
    outer loop
      vertex 82.7081 6.39188 16
      vertex 82.7528 6.51662 1.6
      vertex 82.7528 6.51662 16
    endloop
  endfacet
  facet normal 0.941383 -0.33734 0
    outer loop
      vertex 82.7528 6.51662 1.6
      vertex 82.7081 6.39188 16
      vertex 82.7081 6.39188 1.6
    endloop
  endfacet
  facet normal -0.857773 0.514029 0
    outer loop
      vertex 85.1225 5.24998 1.6
      vertex 85.1906 5.36362 16
      vertex 85.1906 5.36362 1.6
    endloop
  endfacet
  facet normal -0.857773 0.514029 0
    outer loop
      vertex 85.1906 5.36362 16
      vertex 85.1225 5.24998 1.6
      vertex 85.1225 5.24998 16
    endloop
  endfacet
  facet normal -0.941383 0.33734 0
    outer loop
      vertex 85.2472 5.48338 1.6
      vertex 85.2919 5.60812 16
      vertex 85.2919 5.60812 1.6
    endloop
  endfacet
  facet normal -0.941383 0.33734 0
    outer loop
      vertex 85.2919 5.60812 16
      vertex 85.2472 5.48338 1.6
      vertex 85.2472 5.48338 16
    endloop
  endfacet
  facet normal 0.336968 0.941516 -0
    outer loop
      vertex 83.6081 4.70813 1.6
      vertex 83.4834 4.75276 16
      vertex 83.6081 4.70813 16
    endloop
  endfacet
  facet normal 0.336968 0.941516 0
    outer loop
      vertex 83.4834 4.75276 16
      vertex 83.6081 4.70813 1.6
      vertex 83.4834 4.75276 1.6
    endloop
  endfacet
  facet normal 0.242997 0.970027 -0
    outer loop
      vertex 83.7366 4.67594 1.6
      vertex 83.6081 4.70813 16
      vertex 83.7366 4.67594 16
    endloop
  endfacet
  facet normal 0.242997 0.970027 0
    outer loop
      vertex 83.6081 4.70813 16
      vertex 83.7366 4.67594 1.6
      vertex 83.6081 4.70813 1.6
    endloop
  endfacet
  facet normal 0.803276 -0.595607 0
    outer loop
      vertex 82.8775 6.75002 16
      vertex 82.9564 6.85643 1.6
      vertex 82.9564 6.85643 16
    endloop
  endfacet
  facet normal 0.803276 -0.595607 0
    outer loop
      vertex 82.9564 6.85643 1.6
      vertex 82.8775 6.75002 16
      vertex 82.8775 6.75002 1.6
    endloop
  endfacet
  facet normal 0.427486 0.904022 -0
    outer loop
      vertex 83.4834 4.75276 1.6
      vertex 83.3636 4.80941 16
      vertex 83.4834 4.75276 16
    endloop
  endfacet
  facet normal 0.427486 0.904022 0
    outer loop
      vertex 83.3636 4.80941 16
      vertex 83.4834 4.75276 1.6
      vertex 83.3636 4.80941 1.6
    endloop
  endfacet
endsolid OpenSCAD_Model
