solid OpenSCAD_Model
  facet normal -1 0 0
    outer loop
      vertex 65.78 26.5 1.1
      vertex 65.78 62.5 1.5
      vertex 65.78 62.5 1.1
    endloop
  endfacet
  facet normal -1 -0 0
    outer loop
      vertex 65.78 62.5 1.5
      vertex 65.78 26.5 1.1
      vertex 65.78 26.5 1.5
    endloop
  endfacet
  facet normal 0 0 1
    outer loop
      vertex 65.78 62.5 1.1
      vertex 64.78 61.5 1.1
      vertex 65.78 26.5 1.1
    endloop
  endfacet
  facet normal 0 0 1
    outer loop
      vertex 65.78 62.5 1.1
      vertex 36.78 61.5 1.1
      vertex 64.78 61.5 1.1
    endloop
  endfacet
  facet normal 0 0 1
    outer loop
      vertex 36.78 61.5 1.1
      vertex 35.78 62.5 1.1
      vertex 36.78 27.5 1.1
    endloop
  endfacet
  facet normal -0 0 1
    outer loop
      vertex 35.78 62.5 1.1
      vertex 36.78 61.5 1.1
      vertex 65.78 62.5 1.1
    endloop
  endfacet
  facet normal -0 0 1
    outer loop
      vertex 64.78 27.5 1.1
      vertex 65.78 26.5 1.1
      vertex 64.78 61.5 1.1
    endloop
  endfacet
  facet normal -0 0 1
    outer loop
      vertex 36.78 27.5 1.1
      vertex 65.78 26.5 1.1
      vertex 64.78 27.5 1.1
    endloop
  endfacet
  facet normal 0 0 1
    outer loop
      vertex 36.78 27.5 1.1
      vertex 35.78 26.5 1.1
      vertex 65.78 26.5 1.1
    endloop
  endfacet
  facet normal 0 0 1
    outer loop
      vertex 35.78 26.5 1.1
      vertex 36.78 27.5 1.1
      vertex 35.78 62.5 1.1
    endloop
  endfacet
  facet normal 1 -0 0
    outer loop
      vertex 35.78 26.5 1.5
      vertex 35.78 62.5 1.1
      vertex 35.78 62.5 1.5
    endloop
  endfacet
  facet normal 1 0 0
    outer loop
      vertex 35.78 62.5 1.1
      vertex 35.78 26.5 1.5
      vertex 35.78 26.5 1.1
    endloop
  endfacet
  facet normal 0 -1 0
    outer loop
      vertex 35.78 62.5 1.1
      vertex 65.78 62.5 1.5
      vertex 35.78 62.5 1.5
    endloop
  endfacet
  facet normal 0 -1 -0
    outer loop
      vertex 65.78 62.5 1.5
      vertex 35.78 62.5 1.1
      vertex 65.78 62.5 1.1
    endloop
  endfacet
  facet normal 0 1 -0
    outer loop
      vertex 65.78 26.5 1.1
      vertex 35.78 26.5 1.5
      vertex 65.78 26.5 1.5
    endloop
  endfacet
  facet normal 0 1 0
    outer loop
      vertex 35.78 26.5 1.5
      vertex 65.78 26.5 1.1
      vertex 35.78 26.5 1.1
    endloop
  endfacet
  facet normal 1 -0 0
    outer loop
      vertex 64.78 27.5 1.5
      vertex 64.78 61.5 1.1
      vertex 64.78 61.5 1.5
    endloop
  endfacet
  facet normal 1 0 0
    outer loop
      vertex 64.78 61.5 1.1
      vertex 64.78 27.5 1.5
      vertex 64.78 27.5 1.1
    endloop
  endfacet
  facet normal 0 -1 0
    outer loop
      vertex 36.78 61.5 0
      vertex 64.78 61.5 1.1
      vertex 36.78 61.5 1.1
    endloop
  endfacet
  facet normal 0 -1 -0
    outer loop
      vertex 64.78 61.5 1.1
      vertex 36.78 61.5 0
      vertex 64.78 61.5 0
    endloop
  endfacet
  facet normal 0 1 -0
    outer loop
      vertex 64.78 27.5 0
      vertex 36.78 27.5 1.1
      vertex 64.78 27.5 1.1
    endloop
  endfacet
  facet normal 0 1 0
    outer loop
      vertex 36.78 27.5 1.1
      vertex 64.78 27.5 0
      vertex 36.78 27.5 0
    endloop
  endfacet
  facet normal -0.995217 -0.09769 0
    outer loop
      vertex 70.2789 44.5327 1.2
      vertex 70.2757 44.5653 1.5
      vertex 70.2757 44.5653 1.2
    endloop
  endfacet
  facet normal -0.995217 -0.09769 0
    outer loop
      vertex 70.2757 44.5653 1.5
      vertex 70.2789 44.5327 1.2
      vertex 70.2789 44.5327 1.5
    endloop
  endfacet
  facet normal -0.999435 -0.0336201 0
    outer loop
      vertex 70.28 44.5 1.2
      vertex 70.2789 44.5327 1.5
      vertex 70.2789 44.5327 1.2
    endloop
  endfacet
  facet normal -0.999435 -0.0336201 0
    outer loop
      vertex 70.2789 44.5327 1.5
      vertex 70.28 44.5 1.2
      vertex 70.28 44.5 1.5
    endloop
  endfacet
  facet normal -0.986723 -0.162411 0
    outer loop
      vertex 70.2757 44.5653 1.2
      vertex 70.2704 44.5975 1.5
      vertex 70.2704 44.5975 1.2
    endloop
  endfacet
  facet normal -0.986723 -0.162411 0
    outer loop
      vertex 70.2704 44.5975 1.5
      vertex 70.2757 44.5653 1.2
      vertex 70.2757 44.5653 1.5
    endloop
  endfacet
  facet normal -0.35447 -0.935067 0
    outer loop
      vertex 69.9407 44.9735 1.2
      vertex 69.9713 44.9619 1.5
      vertex 69.9407 44.9735 1.5
    endloop
  endfacet
  facet normal -0.35447 -0.935067 -0
    outer loop
      vertex 69.9713 44.9619 1.5
      vertex 69.9407 44.9735 1.2
      vertex 69.9713 44.9619 1.2
    endloop
  endfacet
  facet normal 0.731157 0.682209 0
    outer loop
      vertex 69.4264 44.1464 1.5
      vertex 69.4041 44.1703 1.2
      vertex 69.4041 44.1703 1.5
    endloop
  endfacet
  facet normal 0.731157 0.682209 0
    outer loop
      vertex 69.4041 44.1703 1.2
      vertex 69.4264 44.1464 1.5
      vertex 69.4264 44.1464 1.2
    endloop
  endfacet
  facet normal 0 0 1
    outer loop
      vertex 70.2789 44.5327 1.2
      vertex 70.2789 44.4673 1.2
      vertex 70.28 44.5 1.2
    endloop
  endfacet
  facet normal 0 0 1
    outer loop
      vertex 70.2757 44.5653 1.2
      vertex 70.2789 44.4673 1.2
      vertex 70.2789 44.5327 1.2
    endloop
  endfacet
  facet normal 0 0 1
    outer loop
      vertex 70.2757 44.5653 1.2
      vertex 70.2757 44.4347 1.2
      vertex 70.2789 44.4673 1.2
    endloop
  endfacet
  facet normal 0 0 1
    outer loop
      vertex 70.2704 44.5975 1.2
      vertex 70.2757 44.4347 1.2
      vertex 70.2757 44.5653 1.2
    endloop
  endfacet
  facet normal 0 0 1
    outer loop
      vertex 70.2704 44.5975 1.2
      vertex 70.2704 44.4025 1.2
      vertex 70.2757 44.4347 1.2
    endloop
  endfacet
  facet normal 0 0 1
    outer loop
      vertex 70.263 44.6294 1.2
      vertex 70.2704 44.4025 1.2
      vertex 70.2704 44.5975 1.2
    endloop
  endfacet
  facet normal 0 0 1
    outer loop
      vertex 70.263 44.6294 1.2
      vertex 70.263 44.3706 1.2
      vertex 70.2704 44.4025 1.2
    endloop
  endfacet
  facet normal 0 0 1
    outer loop
      vertex 70.2535 44.6607 1.2
      vertex 70.263 44.3706 1.2
      vertex 70.263 44.6294 1.2
    endloop
  endfacet
  facet normal 0 0 1
    outer loop
      vertex 70.2535 44.6607 1.2
      vertex 70.2535 44.3393 1.2
      vertex 70.263 44.3706 1.2
    endloop
  endfacet
  facet normal 0 0 1
    outer loop
      vertex 70.2419 44.6913 1.2
      vertex 70.2535 44.3393 1.2
      vertex 70.2535 44.6607 1.2
    endloop
  endfacet
  facet normal 0 0 1
    outer loop
      vertex 70.2419 44.6913 1.2
      vertex 70.2419 44.3087 1.2
      vertex 70.2535 44.3393 1.2
    endloop
  endfacet
  facet normal 0 0 1
    outer loop
      vertex 70.2284 44.7211 1.2
      vertex 70.2419 44.3087 1.2
      vertex 70.2419 44.6913 1.2
    endloop
  endfacet
  facet normal 0 0 1
    outer loop
      vertex 70.2284 44.7211 1.2
      vertex 70.2284 44.2789 1.2
      vertex 70.2419 44.3087 1.2
    endloop
  endfacet
  facet normal 0 0 1
    outer loop
      vertex 70.213 44.75 1.2
      vertex 70.2284 44.2789 1.2
      vertex 70.2284 44.7211 1.2
    endloop
  endfacet
  facet normal 0 0 1
    outer loop
      vertex 70.213 44.75 1.2
      vertex 70.213 44.25 1.2
      vertex 70.2284 44.2789 1.2
    endloop
  endfacet
  facet normal 0 0 1
    outer loop
      vertex 70.1957 44.7778 1.2
      vertex 70.213 44.25 1.2
      vertex 70.213 44.75 1.2
    endloop
  endfacet
  facet normal 0 0 1
    outer loop
      vertex 70.1957 44.7778 1.2
      vertex 70.1957 44.2222 1.2
      vertex 70.213 44.25 1.2
    endloop
  endfacet
  facet normal 0 0 1
    outer loop
      vertex 70.1767 44.8044 1.2
      vertex 70.1957 44.2222 1.2
      vertex 70.1957 44.7778 1.2
    endloop
  endfacet
  facet normal 0 0 1
    outer loop
      vertex 70.1767 44.8044 1.2
      vertex 70.1767 44.1956 1.2
      vertex 70.1957 44.2222 1.2
    endloop
  endfacet
  facet normal 0 0 1
    outer loop
      vertex 70.1559 44.8297 1.2
      vertex 70.1767 44.1956 1.2
      vertex 70.1767 44.8044 1.2
    endloop
  endfacet
  facet normal 0 0 1
    outer loop
      vertex 70.1559 44.8297 1.2
      vertex 70.1559 44.1703 1.2
      vertex 70.1767 44.1956 1.2
    endloop
  endfacet
  facet normal 0 0 1
    outer loop
      vertex 70.1336 44.8536 1.2
      vertex 70.1559 44.1703 1.2
      vertex 70.1559 44.8297 1.2
    endloop
  endfacet
  facet normal 0 0 1
    outer loop
      vertex 70.1336 44.8536 1.2
      vertex 70.1336 44.1464 1.2
      vertex 70.1559 44.1703 1.2
    endloop
  endfacet
  facet normal 0 0 1
    outer loop
      vertex 70.1097 44.8759 1.2
      vertex 70.1336 44.1464 1.2
      vertex 70.1336 44.8536 1.2
    endloop
  endfacet
  facet normal 0 0 1
    outer loop
      vertex 70.1097 44.8759 1.2
      vertex 70.1097 44.1241 1.2
      vertex 70.1336 44.1464 1.2
    endloop
  endfacet
  facet normal 0 0 1
    outer loop
      vertex 70.0844 44.8967 1.2
      vertex 70.1097 44.1241 1.2
      vertex 70.1097 44.8759 1.2
    endloop
  endfacet
  facet normal 0 0 1
    outer loop
      vertex 70.0844 44.8967 1.2
      vertex 70.0844 44.1033 1.2
      vertex 70.1097 44.1241 1.2
    endloop
  endfacet
  facet normal 0 0 1
    outer loop
      vertex 70.0578 44.9157 1.2
      vertex 70.0844 44.1033 1.2
      vertex 70.0844 44.8967 1.2
    endloop
  endfacet
  facet normal 0 0 1
    outer loop
      vertex 70.0578 44.9157 1.2
      vertex 70.0578 44.0843 1.2
      vertex 70.0844 44.1033 1.2
    endloop
  endfacet
  facet normal 0 0 1
    outer loop
      vertex 70.03 44.933 1.2
      vertex 70.0578 44.0843 1.2
      vertex 70.0578 44.9157 1.2
    endloop
  endfacet
  facet normal 0 0 1
    outer loop
      vertex 70.03 44.933 1.2
      vertex 70.03 44.067 1.2
      vertex 70.0578 44.0843 1.2
    endloop
  endfacet
  facet normal 0 0 1
    outer loop
      vertex 70.0011 44.9484 1.2
      vertex 70.03 44.067 1.2
      vertex 70.03 44.933 1.2
    endloop
  endfacet
  facet normal 0 0 1
    outer loop
      vertex 70.0011 44.9484 1.2
      vertex 70.0011 44.0516 1.2
      vertex 70.03 44.067 1.2
    endloop
  endfacet
  facet normal 0 0 1
    outer loop
      vertex 69.9713 44.9619 1.2
      vertex 70.0011 44.0516 1.2
      vertex 70.0011 44.9484 1.2
    endloop
  endfacet
  facet normal 0 0 1
    outer loop
      vertex 69.9713 44.9619 1.2
      vertex 69.9713 44.0381 1.2
      vertex 70.0011 44.0516 1.2
    endloop
  endfacet
  facet normal 0 0 1
    outer loop
      vertex 69.9407 44.9735 1.2
      vertex 69.9713 44.0381 1.2
      vertex 69.9713 44.9619 1.2
    endloop
  endfacet
  facet normal 0 0 1
    outer loop
      vertex 69.9407 44.9735 1.2
      vertex 69.9407 44.0265 1.2
      vertex 69.9713 44.0381 1.2
    endloop
  endfacet
  facet normal 0 0 1
    outer loop
      vertex 69.9094 44.983 1.2
      vertex 69.9407 44.0265 1.2
      vertex 69.9407 44.9735 1.2
    endloop
  endfacet
  facet normal 0 0 1
    outer loop
      vertex 69.9094 44.983 1.2
      vertex 69.9094 44.017 1.2
      vertex 69.9407 44.0265 1.2
    endloop
  endfacet
  facet normal 0 0 1
    outer loop
      vertex 69.8775 44.9904 1.2
      vertex 69.9094 44.017 1.2
      vertex 69.9094 44.983 1.2
    endloop
  endfacet
  facet normal 0 0 1
    outer loop
      vertex 69.8775 44.9904 1.2
      vertex 69.8775 44.0096 1.2
      vertex 69.9094 44.017 1.2
    endloop
  endfacet
  facet normal 0 0 1
    outer loop
      vertex 69.8453 44.9957 1.2
      vertex 69.8775 44.0096 1.2
      vertex 69.8775 44.9904 1.2
    endloop
  endfacet
  facet normal 0 0 1
    outer loop
      vertex 69.8453 44.9957 1.2
      vertex 69.8453 44.0043 1.2
      vertex 69.8775 44.0096 1.2
    endloop
  endfacet
  facet normal 0 0 1
    outer loop
      vertex 69.8127 44.9989 1.2
      vertex 69.8453 44.0043 1.2
      vertex 69.8453 44.9957 1.2
    endloop
  endfacet
  facet normal 0 0 1
    outer loop
      vertex 69.8127 44.9989 1.2
      vertex 69.8127 44.0011 1.2
      vertex 69.8453 44.0043 1.2
    endloop
  endfacet
  facet normal 0 0 1
    outer loop
      vertex 69.78 45 1.2
      vertex 69.8127 44.0011 1.2
      vertex 69.8127 44.9989 1.2
    endloop
  endfacet
  facet normal 0 0 1
    outer loop
      vertex 69.78 45 1.2
      vertex 69.78 44 1.2
      vertex 69.8127 44.0011 1.2
    endloop
  endfacet
  facet normal -0 0 1
    outer loop
      vertex 69.7473 44.9989 1.2
      vertex 69.78 44 1.2
      vertex 69.78 45 1.2
    endloop
  endfacet
  facet normal 0 0 1
    outer loop
      vertex 69.7473 44.9989 1.2
      vertex 69.7473 44.0011 1.2
      vertex 69.78 44 1.2
    endloop
  endfacet
  facet normal -0 0 1
    outer loop
      vertex 69.7147 44.9957 1.2
      vertex 69.7473 44.0011 1.2
      vertex 69.7473 44.9989 1.2
    endloop
  endfacet
  facet normal 0 0 1
    outer loop
      vertex 69.7147 44.9957 1.2
      vertex 69.7147 44.0043 1.2
      vertex 69.7473 44.0011 1.2
    endloop
  endfacet
  facet normal -0 0 1
    outer loop
      vertex 69.6825 44.9904 1.2
      vertex 69.7147 44.0043 1.2
      vertex 69.7147 44.9957 1.2
    endloop
  endfacet
  facet normal 0 0 1
    outer loop
      vertex 69.6825 44.9904 1.2
      vertex 69.6825 44.0096 1.2
      vertex 69.7147 44.0043 1.2
    endloop
  endfacet
  facet normal -0 0 1
    outer loop
      vertex 69.6506 44.983 1.2
      vertex 69.6825 44.0096 1.2
      vertex 69.6825 44.9904 1.2
    endloop
  endfacet
  facet normal 0 0 1
    outer loop
      vertex 69.6506 44.983 1.2
      vertex 69.6506 44.017 1.2
      vertex 69.6825 44.0096 1.2
    endloop
  endfacet
  facet normal -0 0 1
    outer loop
      vertex 69.6193 44.9735 1.2
      vertex 69.6506 44.017 1.2
      vertex 69.6506 44.983 1.2
    endloop
  endfacet
  facet normal 0 0 1
    outer loop
      vertex 69.6193 44.9735 1.2
      vertex 69.6193 44.0265 1.2
      vertex 69.6506 44.017 1.2
    endloop
  endfacet
  facet normal -0 0 1
    outer loop
      vertex 69.5887 44.9619 1.2
      vertex 69.6193 44.0265 1.2
      vertex 69.6193 44.9735 1.2
    endloop
  endfacet
  facet normal 0 0 1
    outer loop
      vertex 69.5887 44.9619 1.2
      vertex 69.5887 44.0381 1.2
      vertex 69.6193 44.0265 1.2
    endloop
  endfacet
  facet normal -0 0 1
    outer loop
      vertex 69.5589 44.9484 1.2
      vertex 69.5887 44.0381 1.2
      vertex 69.5887 44.9619 1.2
    endloop
  endfacet
  facet normal 0 0 1
    outer loop
      vertex 69.5589 44.9484 1.2
      vertex 69.5589 44.0516 1.2
      vertex 69.5887 44.0381 1.2
    endloop
  endfacet
  facet normal -0 0 1
    outer loop
      vertex 69.53 44.933 1.2
      vertex 69.5589 44.0516 1.2
      vertex 69.5589 44.9484 1.2
    endloop
  endfacet
  facet normal 0 0 1
    outer loop
      vertex 69.53 44.933 1.2
      vertex 69.53 44.067 1.2
      vertex 69.5589 44.0516 1.2
    endloop
  endfacet
  facet normal -0 0 1
    outer loop
      vertex 69.5022 44.9157 1.2
      vertex 69.53 44.067 1.2
      vertex 69.53 44.933 1.2
    endloop
  endfacet
  facet normal 0 0 1
    outer loop
      vertex 69.5022 44.9157 1.2
      vertex 69.5022 44.0843 1.2
      vertex 69.53 44.067 1.2
    endloop
  endfacet
  facet normal -0 0 1
    outer loop
      vertex 69.4756 44.8967 1.2
      vertex 69.5022 44.0843 1.2
      vertex 69.5022 44.9157 1.2
    endloop
  endfacet
  facet normal 0 0 1
    outer loop
      vertex 69.4756 44.8967 1.2
      vertex 69.4756 44.1033 1.2
      vertex 69.5022 44.0843 1.2
    endloop
  endfacet
  facet normal -0 0 1
    outer loop
      vertex 69.4503 44.8759 1.2
      vertex 69.4756 44.1033 1.2
      vertex 69.4756 44.8967 1.2
    endloop
  endfacet
  facet normal 0 0 1
    outer loop
      vertex 69.4503 44.8759 1.2
      vertex 69.4503 44.1241 1.2
      vertex 69.4756 44.1033 1.2
    endloop
  endfacet
  facet normal -0 0 1
    outer loop
      vertex 69.4264 44.8536 1.2
      vertex 69.4503 44.1241 1.2
      vertex 69.4503 44.8759 1.2
    endloop
  endfacet
  facet normal 0 0 1
    outer loop
      vertex 69.4264 44.8536 1.2
      vertex 69.4264 44.1464 1.2
      vertex 69.4503 44.1241 1.2
    endloop
  endfacet
  facet normal -0 0 1
    outer loop
      vertex 69.4041 44.8297 1.2
      vertex 69.4264 44.1464 1.2
      vertex 69.4264 44.8536 1.2
    endloop
  endfacet
  facet normal 0 0 1
    outer loop
      vertex 69.4041 44.8297 1.2
      vertex 69.4041 44.1703 1.2
      vertex 69.4264 44.1464 1.2
    endloop
  endfacet
  facet normal -0 0 1
    outer loop
      vertex 69.3833 44.8044 1.2
      vertex 69.4041 44.1703 1.2
      vertex 69.4041 44.8297 1.2
    endloop
  endfacet
  facet normal 0 0 1
    outer loop
      vertex 69.3833 44.8044 1.2
      vertex 69.3833 44.1956 1.2
      vertex 69.4041 44.1703 1.2
    endloop
  endfacet
  facet normal -0 0 1
    outer loop
      vertex 69.3643 44.7778 1.2
      vertex 69.3833 44.1956 1.2
      vertex 69.3833 44.8044 1.2
    endloop
  endfacet
  facet normal 0 0 1
    outer loop
      vertex 69.3643 44.7778 1.2
      vertex 69.3643 44.2222 1.2
      vertex 69.3833 44.1956 1.2
    endloop
  endfacet
  facet normal -0 0 1
    outer loop
      vertex 69.347 44.75 1.2
      vertex 69.3643 44.2222 1.2
      vertex 69.3643 44.7778 1.2
    endloop
  endfacet
  facet normal 0 0 1
    outer loop
      vertex 69.347 44.75 1.2
      vertex 69.347 44.25 1.2
      vertex 69.3643 44.2222 1.2
    endloop
  endfacet
  facet normal -0 0 1
    outer loop
      vertex 69.3316 44.7211 1.2
      vertex 69.347 44.25 1.2
      vertex 69.347 44.75 1.2
    endloop
  endfacet
  facet normal 0 0 1
    outer loop
      vertex 69.3316 44.7211 1.2
      vertex 69.3316 44.2789 1.2
      vertex 69.347 44.25 1.2
    endloop
  endfacet
  facet normal -0 0 1
    outer loop
      vertex 69.3181 44.6913 1.2
      vertex 69.3316 44.2789 1.2
      vertex 69.3316 44.7211 1.2
    endloop
  endfacet
  facet normal 0 0 1
    outer loop
      vertex 69.3181 44.6913 1.2
      vertex 69.3181 44.3087 1.2
      vertex 69.3316 44.2789 1.2
    endloop
  endfacet
  facet normal -0 0 1
    outer loop
      vertex 69.3065 44.6607 1.2
      vertex 69.3181 44.3087 1.2
      vertex 69.3181 44.6913 1.2
    endloop
  endfacet
  facet normal 0 0 1
    outer loop
      vertex 69.3065 44.6607 1.2
      vertex 69.3065 44.3393 1.2
      vertex 69.3181 44.3087 1.2
    endloop
  endfacet
  facet normal -0 0 1
    outer loop
      vertex 69.297 44.6294 1.2
      vertex 69.3065 44.3393 1.2
      vertex 69.3065 44.6607 1.2
    endloop
  endfacet
  facet normal 0 0 1
    outer loop
      vertex 69.297 44.6294 1.2
      vertex 69.297 44.3706 1.2
      vertex 69.3065 44.3393 1.2
    endloop
  endfacet
  facet normal -0 0 1
    outer loop
      vertex 69.2896 44.5975 1.2
      vertex 69.297 44.3706 1.2
      vertex 69.297 44.6294 1.2
    endloop
  endfacet
  facet normal 0 0 1
    outer loop
      vertex 69.2896 44.5975 1.2
      vertex 69.2896 44.4025 1.2
      vertex 69.297 44.3706 1.2
    endloop
  endfacet
  facet normal -0 0 1
    outer loop
      vertex 69.2843 44.5653 1.2
      vertex 69.2896 44.4025 1.2
      vertex 69.2896 44.5975 1.2
    endloop
  endfacet
  facet normal 0 0 1
    outer loop
      vertex 69.2843 44.5653 1.2
      vertex 69.2843 44.4347 1.2
      vertex 69.2896 44.4025 1.2
    endloop
  endfacet
  facet normal -0 0 1
    outer loop
      vertex 69.2811 44.5327 1.2
      vertex 69.2843 44.4347 1.2
      vertex 69.2843 44.5653 1.2
    endloop
  endfacet
  facet normal 0 0 1
    outer loop
      vertex 69.2811 44.5327 1.2
      vertex 69.2811 44.4673 1.2
      vertex 69.2843 44.4347 1.2
    endloop
  endfacet
  facet normal 0 -0 1
    outer loop
      vertex 69.2811 44.4673 1.2
      vertex 69.2811 44.5327 1.2
      vertex 69.28 44.5 1.2
    endloop
  endfacet
  facet normal -0.813733 0.581238 0
    outer loop
      vertex 70.1767 44.1956 1.2
      vertex 70.1957 44.2222 1.5
      vertex 70.1957 44.2222 1.2
    endloop
  endfacet
  facet normal -0.813733 0.581238 0
    outer loop
      vertex 70.1957 44.2222 1.5
      vertex 70.1767 44.1956 1.2
      vertex 70.1767 44.1956 1.5
    endloop
  endfacet
  facet normal 0.162411 0.986723 -0
    outer loop
      vertex 69.7147 44.0043 1.2
      vertex 69.6825 44.0096 1.5
      vertex 69.7147 44.0043 1.5
    endloop
  endfacet
  facet normal 0.162411 0.986723 0
    outer loop
      vertex 69.6825 44.0096 1.5
      vertex 69.7147 44.0043 1.2
      vertex 69.6825 44.0096 1.2
    endloop
  endfacet
  facet normal -0.974133 -0.225974 0
    outer loop
      vertex 70.2704 44.5975 1.2
      vertex 70.263 44.6294 1.5
      vertex 70.263 44.6294 1.2
    endloop
  endfacet
  facet normal -0.974133 -0.225974 0
    outer loop
      vertex 70.263 44.6294 1.5
      vertex 70.2704 44.5975 1.2
      vertex 70.2704 44.5975 1.5
    endloop
  endfacet
  facet normal -0.581238 0.813733 0
    outer loop
      vertex 70.0844 44.1033 1.2
      vertex 70.0578 44.0843 1.5
      vertex 70.0844 44.1033 1.5
    endloop
  endfacet
  facet normal -0.581238 0.813733 0
    outer loop
      vertex 70.0578 44.0843 1.5
      vertex 70.0844 44.1033 1.2
      vertex 70.0578 44.0843 1.2
    endloop
  endfacet
  facet normal -0.935067 0.35447 0
    outer loop
      vertex 70.2419 44.3087 1.2
      vertex 70.2535 44.3393 1.5
      vertex 70.2535 44.3393 1.2
    endloop
  endfacet
  facet normal -0.935067 0.35447 0
    outer loop
      vertex 70.2535 44.3393 1.5
      vertex 70.2419 44.3087 1.2
      vertex 70.2419 44.3087 1.5
    endloop
  endfacet
  facet normal 0.986723 0.162411 0
    outer loop
      vertex 69.2896 44.4025 1.5
      vertex 69.2843 44.4347 1.2
      vertex 69.2843 44.4347 1.5
    endloop
  endfacet
  facet normal 0.986723 0.162411 0
    outer loop
      vertex 69.2843 44.4347 1.2
      vertex 69.2896 44.4025 1.5
      vertex 69.2896 44.4025 1.2
    endloop
  endfacet
  facet normal -0.731157 -0.682209 0
    outer loop
      vertex 70.1559 44.8297 1.2
      vertex 70.1336 44.8536 1.5
      vertex 70.1336 44.8536 1.2
    endloop
  endfacet
  facet normal -0.731157 -0.682209 0
    outer loop
      vertex 70.1336 44.8536 1.5
      vertex 70.1559 44.8297 1.2
      vertex 70.1559 44.8297 1.5
    endloop
  endfacet
  facet normal -0.09769 0.995217 0
    outer loop
      vertex 69.8453 44.0043 1.2
      vertex 69.8127 44.0011 1.5
      vertex 69.8453 44.0043 1.5
    endloop
  endfacet
  facet normal -0.09769 0.995217 0
    outer loop
      vertex 69.8127 44.0011 1.5
      vertex 69.8453 44.0043 1.2
      vertex 69.8127 44.0011 1.2
    endloop
  endfacet
  facet normal 0.528351 -0.849026 0
    outer loop
      vertex 69.5022 44.9157 1.2
      vertex 69.53 44.933 1.5
      vertex 69.5022 44.9157 1.5
    endloop
  endfacet
  facet normal 0.528351 -0.849026 0
    outer loop
      vertex 69.53 44.933 1.5
      vertex 69.5022 44.9157 1.2
      vertex 69.53 44.933 1.2
    endloop
  endfacet
  facet normal -0.162411 0.986723 0
    outer loop
      vertex 69.8775 44.0096 1.2
      vertex 69.8453 44.0043 1.5
      vertex 69.8775 44.0096 1.5
    endloop
  endfacet
  facet normal -0.162411 0.986723 0
    outer loop
      vertex 69.8453 44.0043 1.5
      vertex 69.8775 44.0096 1.2
      vertex 69.8453 44.0043 1.2
    endloop
  endfacet
  facet normal -0.35447 0.935067 0
    outer loop
      vertex 69.9713 44.0381 1.2
      vertex 69.9407 44.0265 1.5
      vertex 69.9713 44.0381 1.5
    endloop
  endfacet
  facet normal -0.35447 0.935067 0
    outer loop
      vertex 69.9407 44.0265 1.5
      vertex 69.9713 44.0381 1.2
      vertex 69.9407 44.0265 1.2
    endloop
  endfacet
  facet normal -0.528351 -0.849026 0
    outer loop
      vertex 70.03 44.933 1.2
      vertex 70.0578 44.9157 1.5
      vertex 70.03 44.933 1.5
    endloop
  endfacet
  facet normal -0.528351 -0.849026 -0
    outer loop
      vertex 70.0578 44.9157 1.5
      vertex 70.03 44.933 1.2
      vertex 70.0578 44.9157 1.2
    endloop
  endfacet
  facet normal 0.0336201 -0.999435 0
    outer loop
      vertex 69.7473 44.9989 1.2
      vertex 69.78 45 1.5
      vertex 69.7473 44.9989 1.5
    endloop
  endfacet
  facet normal 0.0336201 -0.999435 0
    outer loop
      vertex 69.78 45 1.5
      vertex 69.7473 44.9989 1.2
      vertex 69.78 45 1.2
    endloop
  endfacet
  facet normal 0.731157 -0.682209 0
    outer loop
      vertex 69.4041 44.8297 1.5
      vertex 69.4264 44.8536 1.2
      vertex 69.4264 44.8536 1.5
    endloop
  endfacet
  facet normal 0.731157 -0.682209 0
    outer loop
      vertex 69.4264 44.8536 1.2
      vertex 69.4041 44.8297 1.5
      vertex 69.4041 44.8297 1.2
    endloop
  endfacet
  facet normal -0.956896 0.290432 0
    outer loop
      vertex 70.2535 44.3393 1.2
      vertex 70.263 44.3706 1.5
      vertex 70.263 44.3706 1.2
    endloop
  endfacet
  facet normal -0.956896 0.290432 0
    outer loop
      vertex 70.263 44.3706 1.5
      vertex 70.2535 44.3393 1.2
      vertex 70.2535 44.3393 1.5
    endloop
  endfacet
  facet normal 0.635065 -0.772459 0
    outer loop
      vertex 69.4503 44.8759 1.2
      vertex 69.4756 44.8967 1.5
      vertex 69.4503 44.8759 1.5
    endloop
  endfacet
  facet normal 0.635065 -0.772459 0
    outer loop
      vertex 69.4756 44.8967 1.5
      vertex 69.4503 44.8759 1.2
      vertex 69.4756 44.8967 1.2
    endloop
  endfacet
  facet normal 0.956896 0.290432 0
    outer loop
      vertex 69.3065 44.3393 1.5
      vertex 69.297 44.3706 1.2
      vertex 69.297 44.3706 1.5
    endloop
  endfacet
  facet normal 0.956896 0.290432 0
    outer loop
      vertex 69.297 44.3706 1.2
      vertex 69.3065 44.3393 1.5
      vertex 69.3065 44.3393 1.2
    endloop
  endfacet
  facet normal -0.772459 0.635065 0
    outer loop
      vertex 70.1559 44.1703 1.2
      vertex 70.1767 44.1956 1.5
      vertex 70.1767 44.1956 1.2
    endloop
  endfacet
  facet normal -0.772459 0.635065 0
    outer loop
      vertex 70.1767 44.1956 1.5
      vertex 70.1559 44.1703 1.2
      vertex 70.1559 44.1703 1.5
    endloop
  endfacet
  facet normal -0.986723 0.162411 0
    outer loop
      vertex 70.2704 44.4025 1.2
      vertex 70.2757 44.4347 1.5
      vertex 70.2757 44.4347 1.2
    endloop
  endfacet
  facet normal -0.986723 0.162411 0
    outer loop
      vertex 70.2757 44.4347 1.5
      vertex 70.2704 44.4025 1.2
      vertex 70.2704 44.4025 1.5
    endloop
  endfacet
  facet normal 0.09769 -0.995217 0
    outer loop
      vertex 69.7147 44.9957 1.2
      vertex 69.7473 44.9989 1.5
      vertex 69.7147 44.9957 1.5
    endloop
  endfacet
  facet normal 0.09769 -0.995217 0
    outer loop
      vertex 69.7473 44.9989 1.5
      vertex 69.7147 44.9957 1.2
      vertex 69.7473 44.9989 1.2
    endloop
  endfacet
  facet normal -0.882522 -0.470271 0
    outer loop
      vertex 70.2284 44.7211 1.2
      vertex 70.213 44.75 1.5
      vertex 70.213 44.75 1.2
    endloop
  endfacet
  facet normal -0.882522 -0.470271 0
    outer loop
      vertex 70.213 44.75 1.5
      vertex 70.2284 44.7211 1.2
      vertex 70.2284 44.7211 1.5
    endloop
  endfacet
  facet normal 0.813733 0.581238 0
    outer loop
      vertex 69.3833 44.1956 1.5
      vertex 69.3643 44.2222 1.2
      vertex 69.3643 44.2222 1.5
    endloop
  endfacet
  facet normal 0.813733 0.581238 0
    outer loop
      vertex 69.3643 44.2222 1.2
      vertex 69.3833 44.1956 1.5
      vertex 69.3833 44.1956 1.2
    endloop
  endfacet
  facet normal -0.0336201 0.999435 0
    outer loop
      vertex 69.8127 44.0011 1.2
      vertex 69.78 44 1.5
      vertex 69.8127 44.0011 1.5
    endloop
  endfacet
  facet normal -0.0336201 0.999435 0
    outer loop
      vertex 69.78 44 1.5
      vertex 69.8127 44.0011 1.2
      vertex 69.78 44 1.2
    endloop
  endfacet
  facet normal -0.470271 -0.882522 0
    outer loop
      vertex 70.0011 44.9484 1.2
      vertex 70.03 44.933 1.5
      vertex 70.0011 44.9484 1.5
    endloop
  endfacet
  facet normal -0.470271 -0.882522 -0
    outer loop
      vertex 70.03 44.933 1.5
      vertex 70.0011 44.9484 1.2
      vertex 70.03 44.933 1.2
    endloop
  endfacet
  facet normal -0.772459 -0.635065 0
    outer loop
      vertex 70.1767 44.8044 1.2
      vertex 70.1559 44.8297 1.5
      vertex 70.1559 44.8297 1.2
    endloop
  endfacet
  facet normal -0.772459 -0.635065 0
    outer loop
      vertex 70.1559 44.8297 1.5
      vertex 70.1767 44.8044 1.2
      vertex 70.1767 44.8044 1.5
    endloop
  endfacet
  facet normal 0.910889 0.412651 0
    outer loop
      vertex 69.3316 44.2789 1.5
      vertex 69.3181 44.3087 1.2
      vertex 69.3181 44.3087 1.5
    endloop
  endfacet
  facet normal 0.910889 0.412651 0
    outer loop
      vertex 69.3181 44.3087 1.2
      vertex 69.3316 44.2789 1.5
      vertex 69.3316 44.2789 1.2
    endloop
  endfacet
  facet normal 0.09769 0.995217 -0
    outer loop
      vertex 69.7473 44.0011 1.2
      vertex 69.7147 44.0043 1.5
      vertex 69.7473 44.0011 1.5
    endloop
  endfacet
  facet normal 0.09769 0.995217 0
    outer loop
      vertex 69.7147 44.0043 1.5
      vertex 69.7473 44.0011 1.2
      vertex 69.7147 44.0043 1.2
    endloop
  endfacet
  facet normal 0.682209 -0.731157 0
    outer loop
      vertex 69.4264 44.8536 1.2
      vertex 69.4503 44.8759 1.5
      vertex 69.4264 44.8536 1.5
    endloop
  endfacet
  facet normal 0.682209 -0.731157 0
    outer loop
      vertex 69.4503 44.8759 1.5
      vertex 69.4264 44.8536 1.2
      vertex 69.4503 44.8759 1.2
    endloop
  endfacet
  facet normal -0.910889 0.412651 0
    outer loop
      vertex 70.2284 44.2789 1.2
      vertex 70.2419 44.3087 1.5
      vertex 70.2419 44.3087 1.2
    endloop
  endfacet
  facet normal -0.910889 0.412651 0
    outer loop
      vertex 70.2419 44.3087 1.5
      vertex 70.2284 44.2789 1.2
      vertex 70.2284 44.2789 1.5
    endloop
  endfacet
  facet normal 0.974133 -0.225974 0
    outer loop
      vertex 69.2896 44.5975 1.5
      vertex 69.297 44.6294 1.2
      vertex 69.297 44.6294 1.5
    endloop
  endfacet
  facet normal 0.974133 -0.225974 0
    outer loop
      vertex 69.297 44.6294 1.2
      vertex 69.2896 44.5975 1.5
      vertex 69.2896 44.5975 1.2
    endloop
  endfacet
  facet normal -0.849026 0.528351 0
    outer loop
      vertex 70.1957 44.2222 1.2
      vertex 70.213 44.25 1.5
      vertex 70.213 44.25 1.2
    endloop
  endfacet
  facet normal -0.849026 0.528351 0
    outer loop
      vertex 70.213 44.25 1.5
      vertex 70.1957 44.2222 1.2
      vertex 70.1957 44.2222 1.5
    endloop
  endfacet
  facet normal -0.528351 0.849026 0
    outer loop
      vertex 70.0578 44.0843 1.2
      vertex 70.03 44.067 1.5
      vertex 70.0578 44.0843 1.5
    endloop
  endfacet
  facet normal -0.528351 0.849026 0
    outer loop
      vertex 70.03 44.067 1.5
      vertex 70.0578 44.0843 1.2
      vertex 70.03 44.067 1.2
    endloop
  endfacet
  facet normal 0.882522 -0.470271 0
    outer loop
      vertex 69.3316 44.7211 1.5
      vertex 69.347 44.75 1.2
      vertex 69.347 44.75 1.5
    endloop
  endfacet
  facet normal 0.882522 -0.470271 0
    outer loop
      vertex 69.347 44.75 1.2
      vertex 69.3316 44.7211 1.5
      vertex 69.3316 44.7211 1.2
    endloop
  endfacet
  facet normal -0.682209 0.731157 0
    outer loop
      vertex 70.1336 44.1464 1.2
      vertex 70.1097 44.1241 1.5
      vertex 70.1336 44.1464 1.5
    endloop
  endfacet
  facet normal -0.682209 0.731157 0
    outer loop
      vertex 70.1097 44.1241 1.5
      vertex 70.1336 44.1464 1.2
      vertex 70.1097 44.1241 1.2
    endloop
  endfacet
  facet normal -0.910889 -0.412651 0
    outer loop
      vertex 70.2419 44.6913 1.2
      vertex 70.2284 44.7211 1.5
      vertex 70.2284 44.7211 1.2
    endloop
  endfacet
  facet normal -0.910889 -0.412651 0
    outer loop
      vertex 70.2284 44.7211 1.5
      vertex 70.2419 44.6913 1.2
      vertex 70.2419 44.6913 1.5
    endloop
  endfacet
  facet normal -0.635065 0.772459 0
    outer loop
      vertex 70.1097 44.1241 1.2
      vertex 70.0844 44.1033 1.5
      vertex 70.1097 44.1241 1.5
    endloop
  endfacet
  facet normal -0.635065 0.772459 0
    outer loop
      vertex 70.0844 44.1033 1.5
      vertex 70.1097 44.1241 1.2
      vertex 70.0844 44.1033 1.2
    endloop
  endfacet
  facet normal -0.635065 -0.772459 0
    outer loop
      vertex 70.0844 44.8967 1.2
      vertex 70.1097 44.8759 1.5
      vertex 70.0844 44.8967 1.5
    endloop
  endfacet
  facet normal -0.635065 -0.772459 -0
    outer loop
      vertex 70.1097 44.8759 1.5
      vertex 70.0844 44.8967 1.2
      vertex 70.1097 44.8759 1.2
    endloop
  endfacet
  facet normal 0.470271 0.882522 -0
    outer loop
      vertex 69.5589 44.0516 1.2
      vertex 69.53 44.067 1.5
      vertex 69.5589 44.0516 1.5
    endloop
  endfacet
  facet normal 0.470271 0.882522 0
    outer loop
      vertex 69.53 44.067 1.5
      vertex 69.5589 44.0516 1.2
      vertex 69.53 44.067 1.2
    endloop
  endfacet
  facet normal -0.849026 -0.528351 0
    outer loop
      vertex 70.213 44.75 1.2
      vertex 70.1957 44.7778 1.5
      vertex 70.1957 44.7778 1.2
    endloop
  endfacet
  facet normal -0.849026 -0.528351 0
    outer loop
      vertex 70.1957 44.7778 1.5
      vertex 70.213 44.75 1.2
      vertex 70.213 44.75 1.5
    endloop
  endfacet
  facet normal 0.849026 -0.528351 0
    outer loop
      vertex 69.347 44.75 1.5
      vertex 69.3643 44.7778 1.2
      vertex 69.3643 44.7778 1.5
    endloop
  endfacet
  facet normal 0.849026 -0.528351 0
    outer loop
      vertex 69.3643 44.7778 1.2
      vertex 69.347 44.75 1.5
      vertex 69.347 44.75 1.2
    endloop
  endfacet
  facet normal 0.290432 -0.956896 0
    outer loop
      vertex 69.6193 44.9735 1.2
      vertex 69.6506 44.983 1.5
      vertex 69.6193 44.9735 1.5
    endloop
  endfacet
  facet normal 0.290432 -0.956896 0
    outer loop
      vertex 69.6506 44.983 1.5
      vertex 69.6193 44.9735 1.2
      vertex 69.6506 44.983 1.2
    endloop
  endfacet
  facet normal -0.974133 0.225974 0
    outer loop
      vertex 70.263 44.3706 1.2
      vertex 70.2704 44.4025 1.5
      vertex 70.2704 44.4025 1.2
    endloop
  endfacet
  facet normal -0.974133 0.225974 0
    outer loop
      vertex 70.2704 44.4025 1.5
      vertex 70.263 44.3706 1.2
      vertex 70.263 44.3706 1.5
    endloop
  endfacet
  facet normal 0.682209 0.731157 -0
    outer loop
      vertex 69.4503 44.1241 1.2
      vertex 69.4264 44.1464 1.5
      vertex 69.4503 44.1241 1.5
    endloop
  endfacet
  facet normal 0.682209 0.731157 0
    outer loop
      vertex 69.4264 44.1464 1.5
      vertex 69.4503 44.1241 1.2
      vertex 69.4264 44.1464 1.2
    endloop
  endfacet
  facet normal 0.412651 -0.910889 0
    outer loop
      vertex 69.5589 44.9484 1.2
      vertex 69.5887 44.9619 1.5
      vertex 69.5589 44.9484 1.5
    endloop
  endfacet
  facet normal 0.412651 -0.910889 0
    outer loop
      vertex 69.5887 44.9619 1.5
      vertex 69.5589 44.9484 1.2
      vertex 69.5887 44.9619 1.2
    endloop
  endfacet
  facet normal -0.09769 -0.995217 0
    outer loop
      vertex 69.8127 44.9989 1.2
      vertex 69.8453 44.9957 1.5
      vertex 69.8127 44.9989 1.5
    endloop
  endfacet
  facet normal -0.09769 -0.995217 -0
    outer loop
      vertex 69.8453 44.9957 1.5
      vertex 69.8127 44.9989 1.2
      vertex 69.8453 44.9957 1.2
    endloop
  endfacet
  facet normal -0.470271 0.882522 0
    outer loop
      vertex 70.03 44.067 1.2
      vertex 70.0011 44.0516 1.5
      vertex 70.03 44.067 1.5
    endloop
  endfacet
  facet normal -0.470271 0.882522 0
    outer loop
      vertex 70.0011 44.0516 1.5
      vertex 70.03 44.067 1.2
      vertex 70.0011 44.0516 1.2
    endloop
  endfacet
  facet normal -0.731157 0.682209 0
    outer loop
      vertex 70.1336 44.1464 1.2
      vertex 70.1559 44.1703 1.5
      vertex 70.1559 44.1703 1.2
    endloop
  endfacet
  facet normal -0.731157 0.682209 0
    outer loop
      vertex 70.1559 44.1703 1.5
      vertex 70.1336 44.1464 1.2
      vertex 70.1336 44.1464 1.5
    endloop
  endfacet
  facet normal -0.995217 0.09769 0
    outer loop
      vertex 70.2757 44.4347 1.2
      vertex 70.2789 44.4673 1.5
      vertex 70.2789 44.4673 1.2
    endloop
  endfacet
  facet normal -0.995217 0.09769 0
    outer loop
      vertex 70.2789 44.4673 1.5
      vertex 70.2757 44.4347 1.2
      vertex 70.2757 44.4347 1.5
    endloop
  endfacet
  facet normal -0.999435 0.0336201 0
    outer loop
      vertex 70.2789 44.4673 1.2
      vertex 70.28 44.5 1.5
      vertex 70.28 44.5 1.2
    endloop
  endfacet
  facet normal -0.999435 0.0336201 0
    outer loop
      vertex 70.28 44.5 1.5
      vertex 70.2789 44.4673 1.2
      vertex 70.2789 44.4673 1.5
    endloop
  endfacet
  facet normal -0.882522 0.470271 0
    outer loop
      vertex 70.213 44.25 1.2
      vertex 70.2284 44.2789 1.5
      vertex 70.2284 44.2789 1.2
    endloop
  endfacet
  facet normal -0.882522 0.470271 0
    outer loop
      vertex 70.2284 44.2789 1.5
      vertex 70.213 44.25 1.2
      vertex 70.213 44.25 1.5
    endloop
  endfacet
  facet normal -0.813733 -0.581238 0
    outer loop
      vertex 70.1957 44.7778 1.2
      vertex 70.1767 44.8044 1.5
      vertex 70.1767 44.8044 1.2
    endloop
  endfacet
  facet normal -0.813733 -0.581238 0
    outer loop
      vertex 70.1767 44.8044 1.5
      vertex 70.1957 44.7778 1.2
      vertex 70.1957 44.7778 1.5
    endloop
  endfacet
  facet normal 0.162411 -0.986723 0
    outer loop
      vertex 69.6825 44.9904 1.2
      vertex 69.7147 44.9957 1.5
      vertex 69.6825 44.9904 1.5
    endloop
  endfacet
  facet normal 0.162411 -0.986723 0
    outer loop
      vertex 69.7147 44.9957 1.5
      vertex 69.6825 44.9904 1.2
      vertex 69.7147 44.9957 1.2
    endloop
  endfacet
  facet normal -0.290432 0.956896 0
    outer loop
      vertex 69.9407 44.0265 1.2
      vertex 69.9094 44.017 1.5
      vertex 69.9407 44.0265 1.5
    endloop
  endfacet
  facet normal -0.290432 0.956896 0
    outer loop
      vertex 69.9094 44.017 1.5
      vertex 69.9407 44.0265 1.2
      vertex 69.9094 44.017 1.2
    endloop
  endfacet
  facet normal -0.412651 0.910889 0
    outer loop
      vertex 70.0011 44.0516 1.2
      vertex 69.9713 44.0381 1.5
      vertex 70.0011 44.0516 1.5
    endloop
  endfacet
  facet normal -0.412651 0.910889 0
    outer loop
      vertex 69.9713 44.0381 1.5
      vertex 70.0011 44.0516 1.2
      vertex 69.9713 44.0381 1.2
    endloop
  endfacet
  facet normal -0.581238 -0.813733 0
    outer loop
      vertex 70.0578 44.9157 1.2
      vertex 70.0844 44.8967 1.5
      vertex 70.0578 44.9157 1.5
    endloop
  endfacet
  facet normal -0.581238 -0.813733 -0
    outer loop
      vertex 70.0844 44.8967 1.5
      vertex 70.0578 44.9157 1.2
      vertex 70.0844 44.8967 1.2
    endloop
  endfacet
  facet normal -0.225974 0.974133 0
    outer loop
      vertex 69.9094 44.017 1.2
      vertex 69.8775 44.0096 1.5
      vertex 69.9094 44.017 1.5
    endloop
  endfacet
  facet normal -0.225974 0.974133 0
    outer loop
      vertex 69.8775 44.0096 1.5
      vertex 69.9094 44.017 1.2
      vertex 69.8775 44.0096 1.2
    endloop
  endfacet
  facet normal 0.772459 0.635065 0
    outer loop
      vertex 69.4041 44.1703 1.5
      vertex 69.3833 44.1956 1.2
      vertex 69.3833 44.1956 1.5
    endloop
  endfacet
  facet normal 0.772459 0.635065 0
    outer loop
      vertex 69.3833 44.1956 1.2
      vertex 69.4041 44.1703 1.5
      vertex 69.4041 44.1703 1.2
    endloop
  endfacet
  facet normal 0.995217 0.09769 0
    outer loop
      vertex 69.2843 44.4347 1.5
      vertex 69.2811 44.4673 1.2
      vertex 69.2811 44.4673 1.5
    endloop
  endfacet
  facet normal 0.995217 0.09769 0
    outer loop
      vertex 69.2811 44.4673 1.2
      vertex 69.2843 44.4347 1.5
      vertex 69.2843 44.4347 1.2
    endloop
  endfacet
  facet normal -0.682209 -0.731157 0
    outer loop
      vertex 70.1097 44.8759 1.2
      vertex 70.1336 44.8536 1.5
      vertex 70.1097 44.8759 1.5
    endloop
  endfacet
  facet normal -0.682209 -0.731157 -0
    outer loop
      vertex 70.1336 44.8536 1.5
      vertex 70.1097 44.8759 1.2
      vertex 70.1336 44.8536 1.2
    endloop
  endfacet
  facet normal 0.581238 -0.813733 0
    outer loop
      vertex 69.4756 44.8967 1.2
      vertex 69.5022 44.9157 1.5
      vertex 69.4756 44.8967 1.5
    endloop
  endfacet
  facet normal 0.581238 -0.813733 0
    outer loop
      vertex 69.5022 44.9157 1.5
      vertex 69.4756 44.8967 1.2
      vertex 69.5022 44.9157 1.2
    endloop
  endfacet
  facet normal -0.956896 -0.290432 0
    outer loop
      vertex 70.263 44.6294 1.2
      vertex 70.2535 44.6607 1.5
      vertex 70.2535 44.6607 1.2
    endloop
  endfacet
  facet normal -0.956896 -0.290432 0
    outer loop
      vertex 70.2535 44.6607 1.5
      vertex 70.263 44.6294 1.2
      vertex 70.263 44.6294 1.5
    endloop
  endfacet
  facet normal 0.986723 -0.162411 0
    outer loop
      vertex 69.2843 44.5653 1.5
      vertex 69.2896 44.5975 1.2
      vertex 69.2896 44.5975 1.5
    endloop
  endfacet
  facet normal 0.986723 -0.162411 0
    outer loop
      vertex 69.2896 44.5975 1.2
      vertex 69.2843 44.5653 1.5
      vertex 69.2843 44.5653 1.2
    endloop
  endfacet
  facet normal 0.956896 -0.290432 0
    outer loop
      vertex 69.297 44.6294 1.5
      vertex 69.3065 44.6607 1.2
      vertex 69.3065 44.6607 1.5
    endloop
  endfacet
  facet normal 0.956896 -0.290432 0
    outer loop
      vertex 69.3065 44.6607 1.2
      vertex 69.297 44.6294 1.5
      vertex 69.297 44.6294 1.2
    endloop
  endfacet
  facet normal -0.0336201 -0.999435 0
    outer loop
      vertex 69.78 45 1.2
      vertex 69.8127 44.9989 1.5
      vertex 69.78 45 1.5
    endloop
  endfacet
  facet normal -0.0336201 -0.999435 -0
    outer loop
      vertex 69.8127 44.9989 1.5
      vertex 69.78 45 1.2
      vertex 69.8127 44.9989 1.2
    endloop
  endfacet
  facet normal -0.412651 -0.910889 0
    outer loop
      vertex 69.9713 44.9619 1.2
      vertex 70.0011 44.9484 1.5
      vertex 69.9713 44.9619 1.5
    endloop
  endfacet
  facet normal -0.412651 -0.910889 -0
    outer loop
      vertex 70.0011 44.9484 1.5
      vertex 69.9713 44.9619 1.2
      vertex 70.0011 44.9484 1.2
    endloop
  endfacet
  facet normal -0.162411 -0.986723 0
    outer loop
      vertex 69.8453 44.9957 1.2
      vertex 69.8775 44.9904 1.5
      vertex 69.8453 44.9957 1.5
    endloop
  endfacet
  facet normal -0.162411 -0.986723 -0
    outer loop
      vertex 69.8775 44.9904 1.5
      vertex 69.8453 44.9957 1.2
      vertex 69.8775 44.9904 1.2
    endloop
  endfacet
  facet normal -0.935067 -0.35447 0
    outer loop
      vertex 70.2535 44.6607 1.2
      vertex 70.2419 44.6913 1.5
      vertex 70.2419 44.6913 1.2
    endloop
  endfacet
  facet normal -0.935067 -0.35447 0
    outer loop
      vertex 70.2419 44.6913 1.5
      vertex 70.2535 44.6607 1.2
      vertex 70.2535 44.6607 1.5
    endloop
  endfacet
  facet normal 0.290432 0.956896 -0
    outer loop
      vertex 69.6506 44.017 1.2
      vertex 69.6193 44.0265 1.5
      vertex 69.6506 44.017 1.5
    endloop
  endfacet
  facet normal 0.290432 0.956896 0
    outer loop
      vertex 69.6193 44.0265 1.5
      vertex 69.6506 44.017 1.2
      vertex 69.6193 44.0265 1.2
    endloop
  endfacet
  facet normal 0.974133 0.225974 0
    outer loop
      vertex 69.297 44.3706 1.5
      vertex 69.2896 44.4025 1.2
      vertex 69.2896 44.4025 1.5
    endloop
  endfacet
  facet normal 0.974133 0.225974 0
    outer loop
      vertex 69.2896 44.4025 1.2
      vertex 69.297 44.3706 1.5
      vertex 69.297 44.3706 1.2
    endloop
  endfacet
  facet normal 0.0336201 0.999435 -0
    outer loop
      vertex 69.78 44 1.2
      vertex 69.7473 44.0011 1.5
      vertex 69.78 44 1.5
    endloop
  endfacet
  facet normal 0.0336201 0.999435 0
    outer loop
      vertex 69.7473 44.0011 1.5
      vertex 69.78 44 1.2
      vertex 69.7473 44.0011 1.2
    endloop
  endfacet
  facet normal 0.635065 0.772459 -0
    outer loop
      vertex 69.4756 44.1033 1.2
      vertex 69.4503 44.1241 1.5
      vertex 69.4756 44.1033 1.5
    endloop
  endfacet
  facet normal 0.635065 0.772459 0
    outer loop
      vertex 69.4503 44.1241 1.5
      vertex 69.4756 44.1033 1.2
      vertex 69.4503 44.1241 1.2
    endloop
  endfacet
  facet normal 0.35447 -0.935067 0
    outer loop
      vertex 69.5887 44.9619 1.2
      vertex 69.6193 44.9735 1.5
      vertex 69.5887 44.9619 1.5
    endloop
  endfacet
  facet normal 0.35447 -0.935067 0
    outer loop
      vertex 69.6193 44.9735 1.5
      vertex 69.5887 44.9619 1.2
      vertex 69.6193 44.9735 1.2
    endloop
  endfacet
  facet normal 0.225974 0.974133 -0
    outer loop
      vertex 69.6825 44.0096 1.2
      vertex 69.6506 44.017 1.5
      vertex 69.6825 44.0096 1.5
    endloop
  endfacet
  facet normal 0.225974 0.974133 0
    outer loop
      vertex 69.6506 44.017 1.5
      vertex 69.6825 44.0096 1.2
      vertex 69.6506 44.017 1.2
    endloop
  endfacet
  facet normal 0.225974 -0.974133 0
    outer loop
      vertex 69.6506 44.983 1.2
      vertex 69.6825 44.9904 1.5
      vertex 69.6506 44.983 1.5
    endloop
  endfacet
  facet normal 0.225974 -0.974133 0
    outer loop
      vertex 69.6825 44.9904 1.5
      vertex 69.6506 44.983 1.2
      vertex 69.6825 44.9904 1.2
    endloop
  endfacet
  facet normal 0.772459 -0.635065 0
    outer loop
      vertex 69.3833 44.8044 1.5
      vertex 69.4041 44.8297 1.2
      vertex 69.4041 44.8297 1.5
    endloop
  endfacet
  facet normal 0.772459 -0.635065 0
    outer loop
      vertex 69.4041 44.8297 1.2
      vertex 69.3833 44.8044 1.5
      vertex 69.3833 44.8044 1.2
    endloop
  endfacet
  facet normal 0.995217 -0.09769 0
    outer loop
      vertex 69.2811 44.5327 1.5
      vertex 69.2843 44.5653 1.2
      vertex 69.2843 44.5653 1.5
    endloop
  endfacet
  facet normal 0.995217 -0.09769 0
    outer loop
      vertex 69.2843 44.5653 1.2
      vertex 69.2811 44.5327 1.5
      vertex 69.2811 44.5327 1.2
    endloop
  endfacet
  facet normal 0.935067 0.35447 0
    outer loop
      vertex 69.3181 44.3087 1.5
      vertex 69.3065 44.3393 1.2
      vertex 69.3065 44.3393 1.5
    endloop
  endfacet
  facet normal 0.935067 0.35447 0
    outer loop
      vertex 69.3065 44.3393 1.2
      vertex 69.3181 44.3087 1.5
      vertex 69.3181 44.3087 1.2
    endloop
  endfacet
  facet normal 0.849026 0.528351 0
    outer loop
      vertex 69.3643 44.2222 1.5
      vertex 69.347 44.25 1.2
      vertex 69.347 44.25 1.5
    endloop
  endfacet
  facet normal 0.849026 0.528351 0
    outer loop
      vertex 69.347 44.25 1.2
      vertex 69.3643 44.2222 1.5
      vertex 69.3643 44.2222 1.2
    endloop
  endfacet
  facet normal 0.412651 0.910889 -0
    outer loop
      vertex 69.5887 44.0381 1.2
      vertex 69.5589 44.0516 1.5
      vertex 69.5887 44.0381 1.5
    endloop
  endfacet
  facet normal 0.412651 0.910889 0
    outer loop
      vertex 69.5589 44.0516 1.5
      vertex 69.5887 44.0381 1.2
      vertex 69.5589 44.0516 1.2
    endloop
  endfacet
  facet normal -0.290432 -0.956896 0
    outer loop
      vertex 69.9094 44.983 1.2
      vertex 69.9407 44.9735 1.5
      vertex 69.9094 44.983 1.5
    endloop
  endfacet
  facet normal -0.290432 -0.956896 -0
    outer loop
      vertex 69.9407 44.9735 1.5
      vertex 69.9094 44.983 1.2
      vertex 69.9407 44.9735 1.2
    endloop
  endfacet
  facet normal 0.581238 0.813733 -0
    outer loop
      vertex 69.5022 44.0843 1.2
      vertex 69.4756 44.1033 1.5
      vertex 69.5022 44.0843 1.5
    endloop
  endfacet
  facet normal 0.581238 0.813733 0
    outer loop
      vertex 69.4756 44.1033 1.5
      vertex 69.5022 44.0843 1.2
      vertex 69.4756 44.1033 1.2
    endloop
  endfacet
  facet normal 0.470271 -0.882522 0
    outer loop
      vertex 69.53 44.933 1.2
      vertex 69.5589 44.9484 1.5
      vertex 69.53 44.933 1.5
    endloop
  endfacet
  facet normal 0.470271 -0.882522 0
    outer loop
      vertex 69.5589 44.9484 1.5
      vertex 69.53 44.933 1.2
      vertex 69.5589 44.9484 1.2
    endloop
  endfacet
  facet normal 0.935067 -0.35447 0
    outer loop
      vertex 69.3065 44.6607 1.5
      vertex 69.3181 44.6913 1.2
      vertex 69.3181 44.6913 1.5
    endloop
  endfacet
  facet normal 0.935067 -0.35447 0
    outer loop
      vertex 69.3181 44.6913 1.2
      vertex 69.3065 44.6607 1.5
      vertex 69.3065 44.6607 1.2
    endloop
  endfacet
  facet normal 0.813733 -0.581238 0
    outer loop
      vertex 69.3643 44.7778 1.5
      vertex 69.3833 44.8044 1.2
      vertex 69.3833 44.8044 1.5
    endloop
  endfacet
  facet normal 0.813733 -0.581238 0
    outer loop
      vertex 69.3833 44.8044 1.2
      vertex 69.3643 44.7778 1.5
      vertex 69.3643 44.7778 1.2
    endloop
  endfacet
  facet normal 0.999435 -0.0336201 0
    outer loop
      vertex 69.28 44.5 1.5
      vertex 69.2811 44.5327 1.2
      vertex 69.2811 44.5327 1.5
    endloop
  endfacet
  facet normal 0.999435 -0.0336201 0
    outer loop
      vertex 69.2811 44.5327 1.2
      vertex 69.28 44.5 1.5
      vertex 69.28 44.5 1.2
    endloop
  endfacet
  facet normal 0.999435 0.0336201 0
    outer loop
      vertex 69.2811 44.4673 1.5
      vertex 69.28 44.5 1.2
      vertex 69.28 44.5 1.5
    endloop
  endfacet
  facet normal 0.999435 0.0336201 0
    outer loop
      vertex 69.28 44.5 1.2
      vertex 69.2811 44.4673 1.5
      vertex 69.2811 44.4673 1.2
    endloop
  endfacet
  facet normal 0.882522 0.470271 0
    outer loop
      vertex 69.347 44.25 1.5
      vertex 69.3316 44.2789 1.2
      vertex 69.3316 44.2789 1.5
    endloop
  endfacet
  facet normal 0.882522 0.470271 0
    outer loop
      vertex 69.3316 44.2789 1.2
      vertex 69.347 44.25 1.5
      vertex 69.347 44.25 1.2
    endloop
  endfacet
  facet normal -0.225974 -0.974133 0
    outer loop
      vertex 69.8775 44.9904 1.2
      vertex 69.9094 44.983 1.5
      vertex 69.8775 44.9904 1.5
    endloop
  endfacet
  facet normal -0.225974 -0.974133 -0
    outer loop
      vertex 69.9094 44.983 1.5
      vertex 69.8775 44.9904 1.2
      vertex 69.9094 44.983 1.2
    endloop
  endfacet
  facet normal 0.528351 0.849026 -0
    outer loop
      vertex 69.53 44.067 1.2
      vertex 69.5022 44.0843 1.5
      vertex 69.53 44.067 1.5
    endloop
  endfacet
  facet normal 0.528351 0.849026 0
    outer loop
      vertex 69.5022 44.0843 1.5
      vertex 69.53 44.067 1.2
      vertex 69.5022 44.0843 1.2
    endloop
  endfacet
  facet normal 0.35447 0.935067 -0
    outer loop
      vertex 69.6193 44.0265 1.2
      vertex 69.5887 44.0381 1.5
      vertex 69.6193 44.0265 1.5
    endloop
  endfacet
  facet normal 0.35447 0.935067 0
    outer loop
      vertex 69.5887 44.0381 1.5
      vertex 69.6193 44.0265 1.2
      vertex 69.5887 44.0381 1.2
    endloop
  endfacet
  facet normal 0.910889 -0.412651 0
    outer loop
      vertex 69.3181 44.6913 1.5
      vertex 69.3316 44.7211 1.2
      vertex 69.3316 44.7211 1.5
    endloop
  endfacet
  facet normal 0.910889 -0.412651 0
    outer loop
      vertex 69.3316 44.7211 1.2
      vertex 69.3181 44.6913 1.5
      vertex 69.3181 44.6913 1.2
    endloop
  endfacet
  facet normal -0.995217 -0.09769 0
    outer loop
      vertex 67.7334 54.0327 1.2
      vertex 67.7302 54.0653 1.5
      vertex 67.7302 54.0653 1.2
    endloop
  endfacet
  facet normal -0.995217 -0.09769 0
    outer loop
      vertex 67.7302 54.0653 1.5
      vertex 67.7334 54.0327 1.2
      vertex 67.7334 54.0327 1.5
    endloop
  endfacet
  facet normal -0.999435 -0.0336201 0
    outer loop
      vertex 67.7345 54 1.2
      vertex 67.7334 54.0327 1.5
      vertex 67.7334 54.0327 1.2
    endloop
  endfacet
  facet normal -0.999435 -0.0336201 0
    outer loop
      vertex 67.7334 54.0327 1.5
      vertex 67.7345 54 1.2
      vertex 67.7345 54 1.5
    endloop
  endfacet
  facet normal 0.974133 0.225974 0
    outer loop
      vertex 66.7515 53.8706 1.5
      vertex 66.7441 53.9025 1.2
      vertex 66.7441 53.9025 1.5
    endloop
  endfacet
  facet normal 0.974133 0.225974 0
    outer loop
      vertex 66.7441 53.9025 1.2
      vertex 66.7515 53.8706 1.5
      vertex 66.7515 53.8706 1.2
    endloop
  endfacet
  facet normal -0.683737 0.729728 0
    outer loop
      vertex 67.588 53.6464 1.2
      vertex 67.5642 53.6241 1.5
      vertex 67.588 53.6464 1.5
    endloop
  endfacet
  facet normal -0.683737 0.729728 0
    outer loop
      vertex 67.5642 53.6241 1.5
      vertex 67.588 53.6464 1.2
      vertex 67.5642 53.6241 1.2
    endloop
  endfacet
  facet normal 0.0336201 0.999435 -0
    outer loop
      vertex 67.2345 53.5 1.2
      vertex 67.2018 53.5011 1.5
      vertex 67.2345 53.5 1.5
    endloop
  endfacet
  facet normal 0.0336201 0.999435 0
    outer loop
      vertex 67.2018 53.5011 1.5
      vertex 67.2345 53.5 1.2
      vertex 67.2018 53.5011 1.2
    endloop
  endfacet
  facet normal -0.470271 -0.882522 0
    outer loop
      vertex 67.4556 54.4484 1.2
      vertex 67.4845 54.433 1.5
      vertex 67.4556 54.4484 1.5
    endloop
  endfacet
  facet normal -0.470271 -0.882522 -0
    outer loop
      vertex 67.4845 54.433 1.5
      vertex 67.4556 54.4484 1.2
      vertex 67.4845 54.433 1.2
    endloop
  endfacet
  facet normal 0.956896 0.290432 0
    outer loop
      vertex 66.761 53.8393 1.5
      vertex 66.7515 53.8706 1.2
      vertex 66.7515 53.8706 1.5
    endloop
  endfacet
  facet normal 0.956896 0.290432 0
    outer loop
      vertex 66.7515 53.8706 1.2
      vertex 66.761 53.8393 1.5
      vertex 66.761 53.8393 1.2
    endloop
  endfacet
  facet normal -0.635065 0.772459 0
    outer loop
      vertex 67.5642 53.6241 1.2
      vertex 67.5389 53.6033 1.5
      vertex 67.5642 53.6241 1.5
    endloop
  endfacet
  facet normal -0.635065 0.772459 0
    outer loop
      vertex 67.5389 53.6033 1.5
      vertex 67.5642 53.6241 1.2
      vertex 67.5389 53.6033 1.2
    endloop
  endfacet
  facet normal -0.35447 -0.935067 0
    outer loop
      vertex 67.3952 54.4735 1.2
      vertex 67.4258 54.4619 1.5
      vertex 67.3952 54.4735 1.5
    endloop
  endfacet
  facet normal -0.35447 -0.935067 -0
    outer loop
      vertex 67.4258 54.4619 1.5
      vertex 67.3952 54.4735 1.2
      vertex 67.4258 54.4619 1.2
    endloop
  endfacet
  facet normal -0.973457 -0.228869 0
    outer loop
      vertex 67.7249 54.0975 1.2
      vertex 67.7174 54.1294 1.5
      vertex 67.7174 54.1294 1.2
    endloop
  endfacet
  facet normal -0.973457 -0.228869 0
    outer loop
      vertex 67.7174 54.1294 1.5
      vertex 67.7249 54.0975 1.2
      vertex 67.7249 54.0975 1.5
    endloop
  endfacet
  facet normal -0.849026 0.528351 0
    outer loop
      vertex 67.6502 53.7222 1.2
      vertex 67.6675 53.75 1.5
      vertex 67.6675 53.75 1.2
    endloop
  endfacet
  facet normal -0.849026 0.528351 0
    outer loop
      vertex 67.6675 53.75 1.5
      vertex 67.6502 53.7222 1.2
      vertex 67.6502 53.7222 1.5
    endloop
  endfacet
  facet normal 0.986723 -0.162411 0
    outer loop
      vertex 66.7388 54.0653 1.5
      vertex 66.7441 54.0975 1.2
      vertex 66.7441 54.0975 1.5
    endloop
  endfacet
  facet normal 0.986723 -0.162411 0
    outer loop
      vertex 66.7441 54.0975 1.2
      vertex 66.7388 54.0653 1.5
      vertex 66.7388 54.0653 1.2
    endloop
  endfacet
  facet normal 0.226649 -0.973977 0
    outer loop
      vertex 67.1051 54.483 1.2
      vertex 67.1369 54.4904 1.5
      vertex 67.1051 54.483 1.5
    endloop
  endfacet
  facet normal 0.226649 -0.973977 0
    outer loop
      vertex 67.1369 54.4904 1.5
      vertex 67.1051 54.483 1.2
      vertex 67.1369 54.4904 1.2
    endloop
  endfacet
  facet normal -0.290432 -0.956896 0
    outer loop
      vertex 67.3639 54.483 1.2
      vertex 67.3952 54.4735 1.5
      vertex 67.3639 54.483 1.5
    endloop
  endfacet
  facet normal -0.290432 -0.956896 -0
    outer loop
      vertex 67.3952 54.4735 1.5
      vertex 67.3639 54.483 1.2
      vertex 67.3952 54.4735 1.2
    endloop
  endfacet
  facet normal -0.161921 -0.986804 0
    outer loop
      vertex 67.2997 54.4957 1.2
      vertex 67.332 54.4904 1.5
      vertex 67.2997 54.4957 1.5
    endloop
  endfacet
  facet normal -0.161921 -0.986804 -0
    outer loop
      vertex 67.332 54.4904 1.5
      vertex 67.2997 54.4957 1.2
      vertex 67.332 54.4904 1.2
    endloop
  endfacet
  facet normal -0.0336201 0.999435 0
    outer loop
      vertex 67.2672 53.5011 1.2
      vertex 67.2345 53.5 1.5
      vertex 67.2672 53.5011 1.5
    endloop
  endfacet
  facet normal -0.0336201 0.999435 0
    outer loop
      vertex 67.2345 53.5 1.5
      vertex 67.2672 53.5011 1.2
      vertex 67.2345 53.5 1.2
    endloop
  endfacet
  facet normal -0.849026 -0.528351 0
    outer loop
      vertex 67.6675 54.25 1.2
      vertex 67.6502 54.2778 1.5
      vertex 67.6502 54.2778 1.2
    endloop
  endfacet
  facet normal -0.849026 -0.528351 0
    outer loop
      vertex 67.6502 54.2778 1.5
      vertex 67.6675 54.25 1.2
      vertex 67.6675 54.25 1.5
    endloop
  endfacet
  facet normal -0.999435 0.0336201 0
    outer loop
      vertex 67.7334 53.9673 1.2
      vertex 67.7345 54 1.5
      vertex 67.7345 54 1.2
    endloop
  endfacet
  facet normal -0.999435 0.0336201 0
    outer loop
      vertex 67.7345 54 1.5
      vertex 67.7334 53.9673 1.2
      vertex 67.7334 53.9673 1.5
    endloop
  endfacet
  facet normal 0.635065 -0.772459 0
    outer loop
      vertex 66.9048 54.3759 1.2
      vertex 66.9301 54.3967 1.5
      vertex 66.9048 54.3759 1.5
    endloop
  endfacet
  facet normal 0.635065 -0.772459 0
    outer loop
      vertex 66.9301 54.3967 1.5
      vertex 66.9048 54.3759 1.2
      vertex 66.9301 54.3967 1.2
    endloop
  endfacet
  facet normal -0.729632 0.68384 0
    outer loop
      vertex 67.588 53.6464 1.2
      vertex 67.6104 53.6703 1.5
      vertex 67.6104 53.6703 1.2
    endloop
  endfacet
  facet normal -0.729632 0.68384 0
    outer loop
      vertex 67.6104 53.6703 1.5
      vertex 67.588 53.6464 1.2
      vertex 67.588 53.6464 1.5
    endloop
  endfacet
  facet normal -0.290432 0.956896 0
    outer loop
      vertex 67.3952 53.5265 1.2
      vertex 67.3639 53.517 1.5
      vertex 67.3952 53.5265 1.5
    endloop
  endfacet
  facet normal -0.290432 0.956896 0
    outer loop
      vertex 67.3639 53.517 1.5
      vertex 67.3952 53.5265 1.2
      vertex 67.3639 53.517 1.2
    endloop
  endfacet
  facet normal 0.881253 0.472644 0
    outer loop
      vertex 66.8015 53.75 1.5
      vertex 66.786 53.7789 1.2
      vertex 66.786 53.7789 1.5
    endloop
  endfacet
  facet normal 0.881253 0.472644 0
    outer loop
      vertex 66.786 53.7789 1.2
      vertex 66.8015 53.75 1.5
      vertex 66.8015 53.75 1.2
    endloop
  endfacet
  facet normal -0.581238 -0.813733 0
    outer loop
      vertex 67.5123 54.4157 1.2
      vertex 67.5389 54.3967 1.5
      vertex 67.5123 54.4157 1.5
    endloop
  endfacet
  facet normal -0.581238 -0.813733 -0
    outer loop
      vertex 67.5389 54.3967 1.5
      vertex 67.5123 54.4157 1.2
      vertex 67.5389 54.3967 1.2
    endloop
  endfacet
  facet normal -0.0979877 0.995188 0
    outer loop
      vertex 67.2997 53.5043 1.2
      vertex 67.2672 53.5011 1.5
      vertex 67.2997 53.5043 1.5
    endloop
  endfacet
  facet normal -0.0979877 0.995188 0
    outer loop
      vertex 67.2672 53.5011 1.5
      vertex 67.2997 53.5043 1.2
      vertex 67.2672 53.5011 1.2
    endloop
  endfacet
  facet normal 0.936078 0.351794 0
    outer loop
      vertex 66.7725 53.8087 1.5
      vertex 66.761 53.8393 1.2
      vertex 66.761 53.8393 1.5
    endloop
  endfacet
  facet normal 0.936078 0.351794 0
    outer loop
      vertex 66.761 53.8393 1.2
      vertex 66.7725 53.8087 1.5
      vertex 66.7725 53.8087 1.2
    endloop
  endfacet
  facet normal 0.290432 -0.956896 0
    outer loop
      vertex 67.0738 54.4735 1.2
      vertex 67.1051 54.483 1.5
      vertex 67.0738 54.4735 1.5
    endloop
  endfacet
  facet normal 0.290432 -0.956896 0
    outer loop
      vertex 67.1051 54.483 1.5
      vertex 67.0738 54.4735 1.2
      vertex 67.1051 54.483 1.2
    endloop
  endfacet
  facet normal 0.412651 0.910889 -0
    outer loop
      vertex 67.0431 53.5381 1.2
      vertex 67.0133 53.5516 1.5
      vertex 67.0431 53.5381 1.5
    endloop
  endfacet
  facet normal 0.412651 0.910889 0
    outer loop
      vertex 67.0133 53.5516 1.5
      vertex 67.0431 53.5381 1.2
      vertex 67.0133 53.5516 1.2
    endloop
  endfacet
  facet normal 0.682209 0.731157 -0
    outer loop
      vertex 66.9048 53.6241 1.2
      vertex 66.8809 53.6464 1.5
      vertex 66.9048 53.6241 1.5
    endloop
  endfacet
  facet normal 0.682209 0.731157 0
    outer loop
      vertex 66.8809 53.6464 1.5
      vertex 66.9048 53.6241 1.2
      vertex 66.8809 53.6464 1.2
    endloop
  endfacet
  facet normal 0.910889 0.412651 0
    outer loop
      vertex 66.786 53.7789 1.5
      vertex 66.7725 53.8087 1.2
      vertex 66.7725 53.8087 1.5
    endloop
  endfacet
  facet normal 0.910889 0.412651 0
    outer loop
      vertex 66.7725 53.8087 1.2
      vertex 66.786 53.7789 1.5
      vertex 66.786 53.7789 1.2
    endloop
  endfacet
  facet normal 0.35346 0.93545 -0
    outer loop
      vertex 67.0738 53.5265 1.2
      vertex 67.0431 53.5381 1.5
      vertex 67.0738 53.5265 1.5
    endloop
  endfacet
  facet normal 0.35346 0.93545 0
    outer loop
      vertex 67.0431 53.5381 1.5
      vertex 67.0738 53.5265 1.2
      vertex 67.0431 53.5381 1.2
    endloop
  endfacet
  facet normal -0.995217 0.09769 0
    outer loop
      vertex 67.7302 53.9347 1.2
      vertex 67.7334 53.9673 1.5
      vertex 67.7334 53.9673 1.2
    endloop
  endfacet
  facet normal -0.995217 0.09769 0
    outer loop
      vertex 67.7334 53.9673 1.5
      vertex 67.7302 53.9347 1.2
      vertex 67.7302 53.9347 1.5
    endloop
  endfacet
  facet normal -0.936078 0.351794 0
    outer loop
      vertex 67.6964 53.8087 1.2
      vertex 67.7079 53.8393 1.5
      vertex 67.7079 53.8393 1.2
    endloop
  endfacet
  facet normal -0.936078 0.351794 0
    outer loop
      vertex 67.7079 53.8393 1.5
      vertex 67.6964 53.8087 1.2
      vertex 67.6964 53.8087 1.5
    endloop
  endfacet
  facet normal 0.290432 0.956896 -0
    outer loop
      vertex 67.1051 53.517 1.2
      vertex 67.0738 53.5265 1.5
      vertex 67.1051 53.517 1.5
    endloop
  endfacet
  facet normal 0.290432 0.956896 0
    outer loop
      vertex 67.0738 53.5265 1.5
      vertex 67.1051 53.517 1.2
      vertex 67.0738 53.5265 1.2
    endloop
  endfacet
  facet normal -0.882522 0.470271 0
    outer loop
      vertex 67.6675 53.75 1.2
      vertex 67.6829 53.7789 1.5
      vertex 67.6829 53.7789 1.2
    endloop
  endfacet
  facet normal -0.882522 0.470271 0
    outer loop
      vertex 67.6829 53.7789 1.5
      vertex 67.6675 53.75 1.2
      vertex 67.6675 53.75 1.5
    endloop
  endfacet
  facet normal -0.581238 0.813733 0
    outer loop
      vertex 67.5389 53.6033 1.2
      vertex 67.5123 53.5843 1.5
      vertex 67.5389 53.6033 1.5
    endloop
  endfacet
  facet normal -0.581238 0.813733 0
    outer loop
      vertex 67.5123 53.5843 1.5
      vertex 67.5389 53.6033 1.2
      vertex 67.5123 53.5843 1.2
    endloop
  endfacet
  facet normal -0.0336201 -0.999435 0
    outer loop
      vertex 67.2345 54.5 1.2
      vertex 67.2672 54.4989 1.5
      vertex 67.2345 54.5 1.5
    endloop
  endfacet
  facet normal -0.0336201 -0.999435 -0
    outer loop
      vertex 67.2672 54.4989 1.5
      vertex 67.2345 54.5 1.2
      vertex 67.2672 54.4989 1.2
    endloop
  endfacet
  facet normal 0.956896 -0.290432 0
    outer loop
      vertex 66.7515 54.1294 1.5
      vertex 66.761 54.1607 1.2
      vertex 66.761 54.1607 1.5
    endloop
  endfacet
  facet normal 0.956896 -0.290432 0
    outer loop
      vertex 66.761 54.1607 1.2
      vertex 66.7515 54.1294 1.5
      vertex 66.7515 54.1294 1.2
    endloop
  endfacet
  facet normal -0.528351 -0.849026 0
    outer loop
      vertex 67.4845 54.433 1.2
      vertex 67.5123 54.4157 1.5
      vertex 67.4845 54.433 1.5
    endloop
  endfacet
  facet normal -0.528351 -0.849026 -0
    outer loop
      vertex 67.5123 54.4157 1.5
      vertex 67.4845 54.433 1.2
      vertex 67.5123 54.4157 1.2
    endloop
  endfacet
  facet normal 0.161921 -0.986804 0
    outer loop
      vertex 67.1369 54.4904 1.2
      vertex 67.1692 54.4957 1.5
      vertex 67.1369 54.4904 1.5
    endloop
  endfacet
  facet normal 0.161921 -0.986804 0
    outer loop
      vertex 67.1692 54.4957 1.5
      vertex 67.1369 54.4904 1.2
      vertex 67.1692 54.4957 1.2
    endloop
  endfacet
  facet normal 0.986723 0.162411 0
    outer loop
      vertex 66.7441 53.9025 1.5
      vertex 66.7388 53.9347 1.2
      vertex 66.7388 53.9347 1.5
    endloop
  endfacet
  facet normal 0.986723 0.162411 0
    outer loop
      vertex 66.7388 53.9347 1.2
      vertex 66.7441 53.9025 1.5
      vertex 66.7441 53.9025 1.2
    endloop
  endfacet
  facet normal 0.09769 -0.995217 0
    outer loop
      vertex 67.1692 54.4957 1.2
      vertex 67.2018 54.4989 1.5
      vertex 67.1692 54.4957 1.5
    endloop
  endfacet
  facet normal 0.09769 -0.995217 0
    outer loop
      vertex 67.2018 54.4989 1.5
      vertex 67.1692 54.4957 1.2
      vertex 67.2018 54.4989 1.2
    endloop
  endfacet
  facet normal -0.956896 0.290432 0
    outer loop
      vertex 67.7079 53.8393 1.2
      vertex 67.7174 53.8706 1.5
      vertex 67.7174 53.8706 1.2
    endloop
  endfacet
  facet normal -0.956896 0.290432 0
    outer loop
      vertex 67.7174 53.8706 1.5
      vertex 67.7079 53.8393 1.2
      vertex 67.7079 53.8393 1.5
    endloop
  endfacet
  facet normal -0.956896 -0.290432 0
    outer loop
      vertex 67.7174 54.1294 1.2
      vertex 67.7079 54.1607 1.5
      vertex 67.7079 54.1607 1.2
    endloop
  endfacet
  facet normal -0.956896 -0.290432 0
    outer loop
      vertex 67.7079 54.1607 1.5
      vertex 67.7174 54.1294 1.2
      vertex 67.7174 54.1294 1.5
    endloop
  endfacet
  facet normal -0.882522 -0.470271 0
    outer loop
      vertex 67.6829 54.2211 1.2
      vertex 67.6675 54.25 1.5
      vertex 67.6675 54.25 1.2
    endloop
  endfacet
  facet normal -0.882522 -0.470271 0
    outer loop
      vertex 67.6675 54.25 1.5
      vertex 67.6829 54.2211 1.2
      vertex 67.6829 54.2211 1.5
    endloop
  endfacet
  facet normal -0.412651 0.910889 0
    outer loop
      vertex 67.4556 53.5516 1.2
      vertex 67.4258 53.5381 1.5
      vertex 67.4556 53.5516 1.5
    endloop
  endfacet
  facet normal -0.412651 0.910889 0
    outer loop
      vertex 67.4258 53.5381 1.5
      vertex 67.4556 53.5516 1.2
      vertex 67.4258 53.5381 1.2
    endloop
  endfacet
  facet normal -0.0979877 -0.995188 0
    outer loop
      vertex 67.2672 54.4989 1.2
      vertex 67.2997 54.4957 1.5
      vertex 67.2672 54.4989 1.5
    endloop
  endfacet
  facet normal -0.0979877 -0.995188 -0
    outer loop
      vertex 67.2997 54.4957 1.5
      vertex 67.2672 54.4989 1.2
      vertex 67.2997 54.4957 1.2
    endloop
  endfacet
  facet normal -0.683737 -0.729728 0
    outer loop
      vertex 67.5642 54.3759 1.2
      vertex 67.588 54.3536 1.5
      vertex 67.5642 54.3759 1.5
    endloop
  endfacet
  facet normal -0.683737 -0.729728 -0
    outer loop
      vertex 67.588 54.3536 1.5
      vertex 67.5642 54.3759 1.2
      vertex 67.588 54.3536 1.2
    endloop
  endfacet
  facet normal 0.682209 -0.731157 0
    outer loop
      vertex 66.8809 54.3536 1.2
      vertex 66.9048 54.3759 1.5
      vertex 66.8809 54.3536 1.5
    endloop
  endfacet
  facet normal 0.682209 -0.731157 0
    outer loop
      vertex 66.9048 54.3759 1.5
      vertex 66.8809 54.3536 1.2
      vertex 66.9048 54.3759 1.2
    endloop
  endfacet
  facet normal 0.974133 -0.225974 0
    outer loop
      vertex 66.7441 54.0975 1.5
      vertex 66.7515 54.1294 1.2
      vertex 66.7515 54.1294 1.5
    endloop
  endfacet
  facet normal 0.974133 -0.225974 0
    outer loop
      vertex 66.7515 54.1294 1.2
      vertex 66.7441 54.0975 1.5
      vertex 66.7441 54.0975 1.2
    endloop
  endfacet
  facet normal 0.812287 -0.583258 0
    outer loop
      vertex 66.8187 54.2778 1.5
      vertex 66.8378 54.3044 1.2
      vertex 66.8378 54.3044 1.5
    endloop
  endfacet
  facet normal 0.812287 -0.583258 0
    outer loop
      vertex 66.8378 54.3044 1.2
      vertex 66.8187 54.2778 1.5
      vertex 66.8187 54.2778 1.2
    endloop
  endfacet
  facet normal -0.772459 0.635065 0
    outer loop
      vertex 67.6104 53.6703 1.2
      vertex 67.6312 53.6956 1.5
      vertex 67.6312 53.6956 1.2
    endloop
  endfacet
  facet normal -0.772459 0.635065 0
    outer loop
      vertex 67.6312 53.6956 1.5
      vertex 67.6104 53.6703 1.2
      vertex 67.6104 53.6703 1.5
    endloop
  endfacet
  facet normal 0.999533 0.0305668 0
    outer loop
      vertex 66.7355 53.9673 1.5
      vertex 66.7345 54 1.2
      vertex 66.7345 54 1.5
    endloop
  endfacet
  facet normal 0.999533 0.0305668 0
    outer loop
      vertex 66.7345 54 1.2
      vertex 66.7355 53.9673 1.5
      vertex 66.7355 53.9673 1.2
    endloop
  endfacet
  facet normal 0.35346 -0.93545 0
    outer loop
      vertex 67.0431 54.4619 1.2
      vertex 67.0738 54.4735 1.5
      vertex 67.0431 54.4619 1.5
    endloop
  endfacet
  facet normal 0.35346 -0.93545 0
    outer loop
      vertex 67.0738 54.4735 1.5
      vertex 67.0431 54.4619 1.2
      vertex 67.0738 54.4735 1.2
    endloop
  endfacet
  facet normal 0.910889 -0.412651 0
    outer loop
      vertex 66.7725 54.1913 1.5
      vertex 66.786 54.2211 1.2
      vertex 66.786 54.2211 1.5
    endloop
  endfacet
  facet normal 0.910889 -0.412651 0
    outer loop
      vertex 66.786 54.2211 1.2
      vertex 66.7725 54.1913 1.5
      vertex 66.7725 54.1913 1.2
    endloop
  endfacet
  facet normal -0.986723 0.162411 0
    outer loop
      vertex 67.7249 53.9025 1.2
      vertex 67.7302 53.9347 1.5
      vertex 67.7302 53.9347 1.2
    endloop
  endfacet
  facet normal -0.986723 0.162411 0
    outer loop
      vertex 67.7302 53.9347 1.5
      vertex 67.7249 53.9025 1.2
      vertex 67.7249 53.9025 1.5
    endloop
  endfacet
  facet normal 0 0 1
    outer loop
      vertex 67.7334 54.0327 1.2
      vertex 67.7334 53.9673 1.2
      vertex 67.7345 54 1.2
    endloop
  endfacet
  facet normal 0 0 1
    outer loop
      vertex 67.7302 54.0653 1.2
      vertex 67.7334 53.9673 1.2
      vertex 67.7334 54.0327 1.2
    endloop
  endfacet
  facet normal 0 0 1
    outer loop
      vertex 67.7302 54.0653 1.2
      vertex 67.7302 53.9347 1.2
      vertex 67.7334 53.9673 1.2
    endloop
  endfacet
  facet normal 0 0 1
    outer loop
      vertex 67.7249 54.0975 1.2
      vertex 67.7302 53.9347 1.2
      vertex 67.7302 54.0653 1.2
    endloop
  endfacet
  facet normal 0 0 1
    outer loop
      vertex 67.7249 54.0975 1.2
      vertex 67.7249 53.9025 1.2
      vertex 67.7302 53.9347 1.2
    endloop
  endfacet
  facet normal 0 0 1
    outer loop
      vertex 67.7174 54.1294 1.2
      vertex 67.7249 53.9025 1.2
      vertex 67.7249 54.0975 1.2
    endloop
  endfacet
  facet normal 0 0 1
    outer loop
      vertex 67.7174 54.1294 1.2
      vertex 67.7174 53.8706 1.2
      vertex 67.7249 53.9025 1.2
    endloop
  endfacet
  facet normal 0 0 1
    outer loop
      vertex 67.7079 54.1607 1.2
      vertex 67.7174 53.8706 1.2
      vertex 67.7174 54.1294 1.2
    endloop
  endfacet
  facet normal 0 0 1
    outer loop
      vertex 67.7079 54.1607 1.2
      vertex 67.7079 53.8393 1.2
      vertex 67.7174 53.8706 1.2
    endloop
  endfacet
  facet normal 0 0 1
    outer loop
      vertex 67.6964 54.1913 1.2
      vertex 67.7079 53.8393 1.2
      vertex 67.7079 54.1607 1.2
    endloop
  endfacet
  facet normal 0 0 1
    outer loop
      vertex 67.6964 54.1913 1.2
      vertex 67.6964 53.8087 1.2
      vertex 67.7079 53.8393 1.2
    endloop
  endfacet
  facet normal 0 0 1
    outer loop
      vertex 67.6829 54.2211 1.2
      vertex 67.6964 53.8087 1.2
      vertex 67.6964 54.1913 1.2
    endloop
  endfacet
  facet normal 0 0 1
    outer loop
      vertex 67.6829 54.2211 1.2
      vertex 67.6829 53.7789 1.2
      vertex 67.6964 53.8087 1.2
    endloop
  endfacet
  facet normal 0 0 1
    outer loop
      vertex 67.6675 54.25 1.2
      vertex 67.6829 53.7789 1.2
      vertex 67.6829 54.2211 1.2
    endloop
  endfacet
  facet normal 0 0 1
    outer loop
      vertex 67.6675 54.25 1.2
      vertex 67.6675 53.75 1.2
      vertex 67.6829 53.7789 1.2
    endloop
  endfacet
  facet normal 0 0 1
    outer loop
      vertex 67.6502 54.2778 1.2
      vertex 67.6675 53.75 1.2
      vertex 67.6675 54.25 1.2
    endloop
  endfacet
  facet normal 0 0 1
    outer loop
      vertex 67.6502 54.2778 1.2
      vertex 67.6502 53.7222 1.2
      vertex 67.6675 53.75 1.2
    endloop
  endfacet
  facet normal 0 0 1
    outer loop
      vertex 67.6312 54.3044 1.2
      vertex 67.6502 53.7222 1.2
      vertex 67.6502 54.2778 1.2
    endloop
  endfacet
  facet normal 0 0 1
    outer loop
      vertex 67.6312 54.3044 1.2
      vertex 67.6312 53.6956 1.2
      vertex 67.6502 53.7222 1.2
    endloop
  endfacet
  facet normal 0 0 1
    outer loop
      vertex 67.6104 54.3297 1.2
      vertex 67.6312 53.6956 1.2
      vertex 67.6312 54.3044 1.2
    endloop
  endfacet
  facet normal 0 0 1
    outer loop
      vertex 67.6104 54.3297 1.2
      vertex 67.6104 53.6703 1.2
      vertex 67.6312 53.6956 1.2
    endloop
  endfacet
  facet normal 0 0 1
    outer loop
      vertex 67.588 54.3536 1.2
      vertex 67.6104 53.6703 1.2
      vertex 67.6104 54.3297 1.2
    endloop
  endfacet
  facet normal 0 0 1
    outer loop
      vertex 67.588 54.3536 1.2
      vertex 67.588 53.6464 1.2
      vertex 67.6104 53.6703 1.2
    endloop
  endfacet
  facet normal 0 0 1
    outer loop
      vertex 67.5642 54.3759 1.2
      vertex 67.588 53.6464 1.2
      vertex 67.588 54.3536 1.2
    endloop
  endfacet
  facet normal 0 0 1
    outer loop
      vertex 67.5642 54.3759 1.2
      vertex 67.5642 53.6241 1.2
      vertex 67.588 53.6464 1.2
    endloop
  endfacet
  facet normal 0 0 1
    outer loop
      vertex 67.5389 54.3967 1.2
      vertex 67.5642 53.6241 1.2
      vertex 67.5642 54.3759 1.2
    endloop
  endfacet
  facet normal 0 0 1
    outer loop
      vertex 67.5389 54.3967 1.2
      vertex 67.5389 53.6033 1.2
      vertex 67.5642 53.6241 1.2
    endloop
  endfacet
  facet normal 0 0 1
    outer loop
      vertex 67.5123 54.4157 1.2
      vertex 67.5389 53.6033 1.2
      vertex 67.5389 54.3967 1.2
    endloop
  endfacet
  facet normal 0 0 1
    outer loop
      vertex 67.5123 54.4157 1.2
      vertex 67.5123 53.5843 1.2
      vertex 67.5389 53.6033 1.2
    endloop
  endfacet
  facet normal 0 0 1
    outer loop
      vertex 67.4845 54.433 1.2
      vertex 67.5123 53.5843 1.2
      vertex 67.5123 54.4157 1.2
    endloop
  endfacet
  facet normal 0 0 1
    outer loop
      vertex 67.4845 54.433 1.2
      vertex 67.4845 53.567 1.2
      vertex 67.5123 53.5843 1.2
    endloop
  endfacet
  facet normal 0 0 1
    outer loop
      vertex 67.4556 54.4484 1.2
      vertex 67.4845 53.567 1.2
      vertex 67.4845 54.433 1.2
    endloop
  endfacet
  facet normal 0 0 1
    outer loop
      vertex 67.4556 54.4484 1.2
      vertex 67.4556 53.5516 1.2
      vertex 67.4845 53.567 1.2
    endloop
  endfacet
  facet normal 0 0 1
    outer loop
      vertex 67.4258 54.4619 1.2
      vertex 67.4556 53.5516 1.2
      vertex 67.4556 54.4484 1.2
    endloop
  endfacet
  facet normal 0 0 1
    outer loop
      vertex 67.4258 54.4619 1.2
      vertex 67.4258 53.5381 1.2
      vertex 67.4556 53.5516 1.2
    endloop
  endfacet
  facet normal 0 0 1
    outer loop
      vertex 67.3952 54.4735 1.2
      vertex 67.4258 53.5381 1.2
      vertex 67.4258 54.4619 1.2
    endloop
  endfacet
  facet normal 0 0 1
    outer loop
      vertex 67.3952 54.4735 1.2
      vertex 67.3952 53.5265 1.2
      vertex 67.4258 53.5381 1.2
    endloop
  endfacet
  facet normal 0 0 1
    outer loop
      vertex 67.3639 54.483 1.2
      vertex 67.3952 53.5265 1.2
      vertex 67.3952 54.4735 1.2
    endloop
  endfacet
  facet normal 0 0 1
    outer loop
      vertex 67.3639 54.483 1.2
      vertex 67.3639 53.517 1.2
      vertex 67.3952 53.5265 1.2
    endloop
  endfacet
  facet normal 0 0 1
    outer loop
      vertex 67.332 54.4904 1.2
      vertex 67.3639 53.517 1.2
      vertex 67.3639 54.483 1.2
    endloop
  endfacet
  facet normal 0 0 1
    outer loop
      vertex 67.332 54.4904 1.2
      vertex 67.332 53.5096 1.2
      vertex 67.3639 53.517 1.2
    endloop
  endfacet
  facet normal 0 0 1
    outer loop
      vertex 67.2997 54.4957 1.2
      vertex 67.332 53.5096 1.2
      vertex 67.332 54.4904 1.2
    endloop
  endfacet
  facet normal 0 0 1
    outer loop
      vertex 67.2997 54.4957 1.2
      vertex 67.2997 53.5043 1.2
      vertex 67.332 53.5096 1.2
    endloop
  endfacet
  facet normal 0 0 1
    outer loop
      vertex 67.2672 54.4989 1.2
      vertex 67.2997 53.5043 1.2
      vertex 67.2997 54.4957 1.2
    endloop
  endfacet
  facet normal 0 0 1
    outer loop
      vertex 67.2672 54.4989 1.2
      vertex 67.2672 53.5011 1.2
      vertex 67.2997 53.5043 1.2
    endloop
  endfacet
  facet normal 0 0 1
    outer loop
      vertex 67.2345 54.5 1.2
      vertex 67.2672 53.5011 1.2
      vertex 67.2672 54.4989 1.2
    endloop
  endfacet
  facet normal 0 0 1
    outer loop
      vertex 67.2345 54.5 1.2
      vertex 67.2345 53.5 1.2
      vertex 67.2672 53.5011 1.2
    endloop
  endfacet
  facet normal -0 0 1
    outer loop
      vertex 67.2018 54.4989 1.2
      vertex 67.2345 53.5 1.2
      vertex 67.2345 54.5 1.2
    endloop
  endfacet
  facet normal 0 0 1
    outer loop
      vertex 67.2018 54.4989 1.2
      vertex 67.2018 53.5011 1.2
      vertex 67.2345 53.5 1.2
    endloop
  endfacet
  facet normal -0 0 1
    outer loop
      vertex 67.1692 54.4957 1.2
      vertex 67.2018 53.5011 1.2
      vertex 67.2018 54.4989 1.2
    endloop
  endfacet
  facet normal 0 0 1
    outer loop
      vertex 67.1692 54.4957 1.2
      vertex 67.1692 53.5043 1.2
      vertex 67.2018 53.5011 1.2
    endloop
  endfacet
  facet normal -0 0 1
    outer loop
      vertex 67.1369 54.4904 1.2
      vertex 67.1692 53.5043 1.2
      vertex 67.1692 54.4957 1.2
    endloop
  endfacet
  facet normal 0 0 1
    outer loop
      vertex 67.1369 54.4904 1.2
      vertex 67.1369 53.5096 1.2
      vertex 67.1692 53.5043 1.2
    endloop
  endfacet
  facet normal -0 0 1
    outer loop
      vertex 67.1051 54.483 1.2
      vertex 67.1369 53.5096 1.2
      vertex 67.1369 54.4904 1.2
    endloop
  endfacet
  facet normal 0 0 1
    outer loop
      vertex 67.1051 54.483 1.2
      vertex 67.1051 53.517 1.2
      vertex 67.1369 53.5096 1.2
    endloop
  endfacet
  facet normal -0 0 1
    outer loop
      vertex 67.0738 54.4735 1.2
      vertex 67.1051 53.517 1.2
      vertex 67.1051 54.483 1.2
    endloop
  endfacet
  facet normal 0 0 1
    outer loop
      vertex 67.0738 54.4735 1.2
      vertex 67.0738 53.5265 1.2
      vertex 67.1051 53.517 1.2
    endloop
  endfacet
  facet normal -0 0 1
    outer loop
      vertex 67.0431 54.4619 1.2
      vertex 67.0738 53.5265 1.2
      vertex 67.0738 54.4735 1.2
    endloop
  endfacet
  facet normal 0 0 1
    outer loop
      vertex 67.0431 54.4619 1.2
      vertex 67.0431 53.5381 1.2
      vertex 67.0738 53.5265 1.2
    endloop
  endfacet
  facet normal -0 0 1
    outer loop
      vertex 67.0133 54.4484 1.2
      vertex 67.0431 53.5381 1.2
      vertex 67.0431 54.4619 1.2
    endloop
  endfacet
  facet normal 0 0 1
    outer loop
      vertex 67.0133 54.4484 1.2
      vertex 67.0133 53.5516 1.2
      vertex 67.0431 53.5381 1.2
    endloop
  endfacet
  facet normal -0 0 1
    outer loop
      vertex 66.9845 54.433 1.2
      vertex 67.0133 53.5516 1.2
      vertex 67.0133 54.4484 1.2
    endloop
  endfacet
  facet normal 0 0 1
    outer loop
      vertex 66.9845 54.433 1.2
      vertex 66.9845 53.567 1.2
      vertex 67.0133 53.5516 1.2
    endloop
  endfacet
  facet normal -0 0 1
    outer loop
      vertex 66.9567 54.4157 1.2
      vertex 66.9845 53.567 1.2
      vertex 66.9845 54.433 1.2
    endloop
  endfacet
  facet normal 0 0 1
    outer loop
      vertex 66.9567 54.4157 1.2
      vertex 66.9567 53.5843 1.2
      vertex 66.9845 53.567 1.2
    endloop
  endfacet
  facet normal -0 0 1
    outer loop
      vertex 66.9301 54.3967 1.2
      vertex 66.9567 53.5843 1.2
      vertex 66.9567 54.4157 1.2
    endloop
  endfacet
  facet normal 0 0 1
    outer loop
      vertex 66.9301 54.3967 1.2
      vertex 66.9301 53.6033 1.2
      vertex 66.9567 53.5843 1.2
    endloop
  endfacet
  facet normal -0 0 1
    outer loop
      vertex 66.9048 54.3759 1.2
      vertex 66.9301 53.6033 1.2
      vertex 66.9301 54.3967 1.2
    endloop
  endfacet
  facet normal 0 0 1
    outer loop
      vertex 66.9048 54.3759 1.2
      vertex 66.9048 53.6241 1.2
      vertex 66.9301 53.6033 1.2
    endloop
  endfacet
  facet normal -0 0 1
    outer loop
      vertex 66.8809 54.3536 1.2
      vertex 66.9048 53.6241 1.2
      vertex 66.9048 54.3759 1.2
    endloop
  endfacet
  facet normal 0 0 1
    outer loop
      vertex 66.8809 54.3536 1.2
      vertex 66.8809 53.6464 1.2
      vertex 66.9048 53.6241 1.2
    endloop
  endfacet
  facet normal -0 0 1
    outer loop
      vertex 66.8586 54.3297 1.2
      vertex 66.8809 53.6464 1.2
      vertex 66.8809 54.3536 1.2
    endloop
  endfacet
  facet normal 0 0 1
    outer loop
      vertex 66.8586 54.3297 1.2
      vertex 66.8586 53.6703 1.2
      vertex 66.8809 53.6464 1.2
    endloop
  endfacet
  facet normal -0 0 1
    outer loop
      vertex 66.8378 54.3044 1.2
      vertex 66.8586 53.6703 1.2
      vertex 66.8586 54.3297 1.2
    endloop
  endfacet
  facet normal 0 0 1
    outer loop
      vertex 66.8378 54.3044 1.2
      vertex 66.8378 53.6956 1.2
      vertex 66.8586 53.6703 1.2
    endloop
  endfacet
  facet normal -0 0 1
    outer loop
      vertex 66.8187 54.2778 1.2
      vertex 66.8378 53.6956 1.2
      vertex 66.8378 54.3044 1.2
    endloop
  endfacet
  facet normal 0 0 1
    outer loop
      vertex 66.8187 54.2778 1.2
      vertex 66.8187 53.7222 1.2
      vertex 66.8378 53.6956 1.2
    endloop
  endfacet
  facet normal -0 0 1
    outer loop
      vertex 66.8015 54.25 1.2
      vertex 66.8187 53.7222 1.2
      vertex 66.8187 54.2778 1.2
    endloop
  endfacet
  facet normal 0 0 1
    outer loop
      vertex 66.8015 54.25 1.2
      vertex 66.8015 53.75 1.2
      vertex 66.8187 53.7222 1.2
    endloop
  endfacet
  facet normal -0 0 1
    outer loop
      vertex 66.786 54.2211 1.2
      vertex 66.8015 53.75 1.2
      vertex 66.8015 54.25 1.2
    endloop
  endfacet
  facet normal 0 0 1
    outer loop
      vertex 66.786 54.2211 1.2
      vertex 66.786 53.7789 1.2
      vertex 66.8015 53.75 1.2
    endloop
  endfacet
  facet normal -0 0 1
    outer loop
      vertex 66.7725 54.1913 1.2
      vertex 66.786 53.7789 1.2
      vertex 66.786 54.2211 1.2
    endloop
  endfacet
  facet normal 0 0 1
    outer loop
      vertex 66.7725 54.1913 1.2
      vertex 66.7725 53.8087 1.2
      vertex 66.786 53.7789 1.2
    endloop
  endfacet
  facet normal -0 0 1
    outer loop
      vertex 66.761 54.1607 1.2
      vertex 66.7725 53.8087 1.2
      vertex 66.7725 54.1913 1.2
    endloop
  endfacet
  facet normal 0 0 1
    outer loop
      vertex 66.761 54.1607 1.2
      vertex 66.761 53.8393 1.2
      vertex 66.7725 53.8087 1.2
    endloop
  endfacet
  facet normal -0 0 1
    outer loop
      vertex 66.7515 54.1294 1.2
      vertex 66.761 53.8393 1.2
      vertex 66.761 54.1607 1.2
    endloop
  endfacet
  facet normal 0 0 1
    outer loop
      vertex 66.7515 54.1294 1.2
      vertex 66.7515 53.8706 1.2
      vertex 66.761 53.8393 1.2
    endloop
  endfacet
  facet normal -0 0 1
    outer loop
      vertex 66.7441 54.0975 1.2
      vertex 66.7515 53.8706 1.2
      vertex 66.7515 54.1294 1.2
    endloop
  endfacet
  facet normal 0 0 1
    outer loop
      vertex 66.7441 54.0975 1.2
      vertex 66.7441 53.9025 1.2
      vertex 66.7515 53.8706 1.2
    endloop
  endfacet
  facet normal -0 0 1
    outer loop
      vertex 66.7388 54.0653 1.2
      vertex 66.7441 53.9025 1.2
      vertex 66.7441 54.0975 1.2
    endloop
  endfacet
  facet normal 0 0 1
    outer loop
      vertex 66.7388 54.0653 1.2
      vertex 66.7388 53.9347 1.2
      vertex 66.7441 53.9025 1.2
    endloop
  endfacet
  facet normal -0 0 1
    outer loop
      vertex 66.7355 54.0327 1.2
      vertex 66.7388 53.9347 1.2
      vertex 66.7388 54.0653 1.2
    endloop
  endfacet
  facet normal 0 0 1
    outer loop
      vertex 66.7355 54.0327 1.2
      vertex 66.7355 53.9673 1.2
      vertex 66.7388 53.9347 1.2
    endloop
  endfacet
  facet normal 0 -0 1
    outer loop
      vertex 66.7355 53.9673 1.2
      vertex 66.7355 54.0327 1.2
      vertex 66.7345 54 1.2
    endloop
  endfacet
  facet normal -0.936078 -0.351794 0
    outer loop
      vertex 67.7079 54.1607 1.2
      vertex 67.6964 54.1913 1.5
      vertex 67.6964 54.1913 1.2
    endloop
  endfacet
  facet normal -0.936078 -0.351794 0
    outer loop
      vertex 67.6964 54.1913 1.5
      vertex 67.7079 54.1607 1.2
      vertex 67.7079 54.1607 1.5
    endloop
  endfacet
  facet normal 0.0336201 -0.999435 0
    outer loop
      vertex 67.2018 54.4989 1.2
      vertex 67.2345 54.5 1.5
      vertex 67.2018 54.4989 1.5
    endloop
  endfacet
  facet normal 0.0336201 -0.999435 0
    outer loop
      vertex 67.2345 54.5 1.5
      vertex 67.2018 54.4989 1.2
      vertex 67.2345 54.5 1.2
    endloop
  endfacet
  facet normal -0.813733 -0.581238 0
    outer loop
      vertex 67.6502 54.2778 1.2
      vertex 67.6312 54.3044 1.5
      vertex 67.6312 54.3044 1.2
    endloop
  endfacet
  facet normal -0.813733 -0.581238 0
    outer loop
      vertex 67.6312 54.3044 1.5
      vertex 67.6502 54.2778 1.2
      vertex 67.6502 54.2778 1.5
    endloop
  endfacet
  facet normal -0.772459 -0.635065 0
    outer loop
      vertex 67.6312 54.3044 1.2
      vertex 67.6104 54.3297 1.5
      vertex 67.6104 54.3297 1.2
    endloop
  endfacet
  facet normal -0.772459 -0.635065 0
    outer loop
      vertex 67.6104 54.3297 1.5
      vertex 67.6312 54.3044 1.2
      vertex 67.6312 54.3044 1.5
    endloop
  endfacet
  facet normal 0.772459 0.635065 0
    outer loop
      vertex 66.8586 53.6703 1.5
      vertex 66.8378 53.6956 1.2
      vertex 66.8378 53.6956 1.5
    endloop
  endfacet
  facet normal 0.772459 0.635065 0
    outer loop
      vertex 66.8378 53.6956 1.2
      vertex 66.8586 53.6703 1.5
      vertex 66.8586 53.6703 1.2
    endloop
  endfacet
  facet normal 0.936078 -0.351794 0
    outer loop
      vertex 66.761 54.1607 1.5
      vertex 66.7725 54.1913 1.2
      vertex 66.7725 54.1913 1.5
    endloop
  endfacet
  facet normal 0.936078 -0.351794 0
    outer loop
      vertex 66.7725 54.1913 1.2
      vertex 66.761 54.1607 1.5
      vertex 66.761 54.1607 1.2
    endloop
  endfacet
  facet normal -0.635065 -0.772459 0
    outer loop
      vertex 67.5389 54.3967 1.2
      vertex 67.5642 54.3759 1.5
      vertex 67.5389 54.3967 1.5
    endloop
  endfacet
  facet normal -0.635065 -0.772459 -0
    outer loop
      vertex 67.5642 54.3759 1.5
      vertex 67.5389 54.3967 1.2
      vertex 67.5642 54.3759 1.2
    endloop
  endfacet
  facet normal 0.528351 -0.849026 0
    outer loop
      vertex 66.9567 54.4157 1.2
      vertex 66.9845 54.433 1.5
      vertex 66.9567 54.4157 1.5
    endloop
  endfacet
  facet normal 0.528351 -0.849026 0
    outer loop
      vertex 66.9845 54.433 1.5
      vertex 66.9567 54.4157 1.2
      vertex 66.9845 54.433 1.2
    endloop
  endfacet
  facet normal 0.731157 -0.682209 0
    outer loop
      vertex 66.8586 54.3297 1.5
      vertex 66.8809 54.3536 1.2
      vertex 66.8809 54.3536 1.5
    endloop
  endfacet
  facet normal 0.731157 -0.682209 0
    outer loop
      vertex 66.8809 54.3536 1.2
      vertex 66.8586 54.3297 1.5
      vertex 66.8586 54.3297 1.2
    endloop
  endfacet
  facet normal -0.986723 -0.162411 0
    outer loop
      vertex 67.7302 54.0653 1.2
      vertex 67.7249 54.0975 1.5
      vertex 67.7249 54.0975 1.2
    endloop
  endfacet
  facet normal -0.986723 -0.162411 0
    outer loop
      vertex 67.7249 54.0975 1.5
      vertex 67.7302 54.0653 1.2
      vertex 67.7302 54.0653 1.5
    endloop
  endfacet
  facet normal 0.161921 0.986804 -0
    outer loop
      vertex 67.1692 53.5043 1.2
      vertex 67.1369 53.5096 1.5
      vertex 67.1692 53.5043 1.5
    endloop
  endfacet
  facet normal 0.161921 0.986804 0
    outer loop
      vertex 67.1369 53.5096 1.5
      vertex 67.1692 53.5043 1.2
      vertex 67.1369 53.5096 1.2
    endloop
  endfacet
  facet normal 0.772459 -0.635065 0
    outer loop
      vertex 66.8378 54.3044 1.5
      vertex 66.8586 54.3297 1.2
      vertex 66.8586 54.3297 1.5
    endloop
  endfacet
  facet normal 0.772459 -0.635065 0
    outer loop
      vertex 66.8586 54.3297 1.2
      vertex 66.8378 54.3044 1.5
      vertex 66.8378 54.3044 1.2
    endloop
  endfacet
  facet normal -0.35447 0.935067 0
    outer loop
      vertex 67.4258 53.5381 1.2
      vertex 67.3952 53.5265 1.5
      vertex 67.4258 53.5381 1.5
    endloop
  endfacet
  facet normal -0.35447 0.935067 0
    outer loop
      vertex 67.3952 53.5265 1.5
      vertex 67.4258 53.5381 1.2
      vertex 67.3952 53.5265 1.2
    endloop
  endfacet
  facet normal -0.470271 0.882522 0
    outer loop
      vertex 67.4845 53.567 1.2
      vertex 67.4556 53.5516 1.5
      vertex 67.4845 53.567 1.5
    endloop
  endfacet
  facet normal -0.470271 0.882522 0
    outer loop
      vertex 67.4556 53.5516 1.5
      vertex 67.4845 53.567 1.2
      vertex 67.4556 53.5516 1.2
    endloop
  endfacet
  facet normal 0.850396 -0.526144 0
    outer loop
      vertex 66.8015 54.25 1.5
      vertex 66.8187 54.2778 1.2
      vertex 66.8187 54.2778 1.5
    endloop
  endfacet
  facet normal 0.850396 -0.526144 0
    outer loop
      vertex 66.8187 54.2778 1.2
      vertex 66.8015 54.25 1.5
      vertex 66.8015 54.25 1.2
    endloop
  endfacet
  facet normal -0.412651 -0.910889 0
    outer loop
      vertex 67.4258 54.4619 1.2
      vertex 67.4556 54.4484 1.5
      vertex 67.4258 54.4619 1.5
    endloop
  endfacet
  facet normal -0.412651 -0.910889 -0
    outer loop
      vertex 67.4556 54.4484 1.5
      vertex 67.4258 54.4619 1.2
      vertex 67.4556 54.4484 1.2
    endloop
  endfacet
  facet normal -0.528351 0.849026 0
    outer loop
      vertex 67.5123 53.5843 1.2
      vertex 67.4845 53.567 1.5
      vertex 67.5123 53.5843 1.5
    endloop
  endfacet
  facet normal -0.528351 0.849026 0
    outer loop
      vertex 67.4845 53.567 1.5
      vertex 67.5123 53.5843 1.2
      vertex 67.4845 53.567 1.2
    endloop
  endfacet
  facet normal 0.994916 -0.100712 0
    outer loop
      vertex 66.7355 54.0327 1.5
      vertex 66.7388 54.0653 1.2
      vertex 66.7388 54.0653 1.5
    endloop
  endfacet
  facet normal 0.994916 -0.100712 0
    outer loop
      vertex 66.7388 54.0653 1.2
      vertex 66.7355 54.0327 1.5
      vertex 66.7355 54.0327 1.2
    endloop
  endfacet
  facet normal 0.412651 -0.910889 0
    outer loop
      vertex 67.0133 54.4484 1.2
      vertex 67.0431 54.4619 1.5
      vertex 67.0133 54.4484 1.5
    endloop
  endfacet
  facet normal 0.412651 -0.910889 0
    outer loop
      vertex 67.0431 54.4619 1.5
      vertex 67.0133 54.4484 1.2
      vertex 67.0431 54.4619 1.2
    endloop
  endfacet
  facet normal 0.999533 -0.0305668 0
    outer loop
      vertex 66.7345 54 1.5
      vertex 66.7355 54.0327 1.2
      vertex 66.7355 54.0327 1.5
    endloop
  endfacet
  facet normal 0.999533 -0.0305668 0
    outer loop
      vertex 66.7355 54.0327 1.2
      vertex 66.7345 54 1.5
      vertex 66.7345 54 1.2
    endloop
  endfacet
  facet normal 0.528351 0.849026 -0
    outer loop
      vertex 66.9845 53.567 1.2
      vertex 66.9567 53.5843 1.5
      vertex 66.9845 53.567 1.5
    endloop
  endfacet
  facet normal 0.528351 0.849026 0
    outer loop
      vertex 66.9567 53.5843 1.5
      vertex 66.9845 53.567 1.2
      vertex 66.9567 53.5843 1.2
    endloop
  endfacet
  facet normal -0.729632 -0.68384 0
    outer loop
      vertex 67.6104 54.3297 1.2
      vertex 67.588 54.3536 1.5
      vertex 67.588 54.3536 1.2
    endloop
  endfacet
  facet normal -0.729632 -0.68384 0
    outer loop
      vertex 67.588 54.3536 1.5
      vertex 67.6104 54.3297 1.2
      vertex 67.6104 54.3297 1.5
    endloop
  endfacet
  facet normal 0.226649 0.973977 -0
    outer loop
      vertex 67.1369 53.5096 1.2
      vertex 67.1051 53.517 1.5
      vertex 67.1369 53.5096 1.5
    endloop
  endfacet
  facet normal 0.226649 0.973977 0
    outer loop
      vertex 67.1051 53.517 1.5
      vertex 67.1369 53.5096 1.2
      vertex 67.1051 53.517 1.2
    endloop
  endfacet
  facet normal 0.994916 0.100712 0
    outer loop
      vertex 66.7388 53.9347 1.5
      vertex 66.7355 53.9673 1.2
      vertex 66.7355 53.9673 1.5
    endloop
  endfacet
  facet normal 0.994916 0.100712 0
    outer loop
      vertex 66.7355 53.9673 1.2
      vertex 66.7388 53.9347 1.5
      vertex 66.7388 53.9347 1.2
    endloop
  endfacet
  facet normal 0.812287 0.583258 0
    outer loop
      vertex 66.8378 53.6956 1.5
      vertex 66.8187 53.7222 1.2
      vertex 66.8187 53.7222 1.5
    endloop
  endfacet
  facet normal 0.812287 0.583258 0
    outer loop
      vertex 66.8187 53.7222 1.2
      vertex 66.8378 53.6956 1.5
      vertex 66.8378 53.6956 1.2
    endloop
  endfacet
  facet normal -0.813733 0.581238 0
    outer loop
      vertex 67.6312 53.6956 1.2
      vertex 67.6502 53.7222 1.5
      vertex 67.6502 53.7222 1.2
    endloop
  endfacet
  facet normal -0.813733 0.581238 0
    outer loop
      vertex 67.6502 53.7222 1.5
      vertex 67.6312 53.6956 1.2
      vertex 67.6312 53.6956 1.5
    endloop
  endfacet
  facet normal -0.910889 -0.412651 0
    outer loop
      vertex 67.6964 54.1913 1.2
      vertex 67.6829 54.2211 1.5
      vertex 67.6829 54.2211 1.2
    endloop
  endfacet
  facet normal -0.910889 -0.412651 0
    outer loop
      vertex 67.6829 54.2211 1.5
      vertex 67.6964 54.1913 1.2
      vertex 67.6964 54.1913 1.5
    endloop
  endfacet
  facet normal 0.731157 0.682209 0
    outer loop
      vertex 66.8809 53.6464 1.5
      vertex 66.8586 53.6703 1.2
      vertex 66.8586 53.6703 1.5
    endloop
  endfacet
  facet normal 0.731157 0.682209 0
    outer loop
      vertex 66.8586 53.6703 1.2
      vertex 66.8809 53.6464 1.5
      vertex 66.8809 53.6464 1.2
    endloop
  endfacet
  facet normal -0.161921 0.986804 0
    outer loop
      vertex 67.332 53.5096 1.2
      vertex 67.2997 53.5043 1.5
      vertex 67.332 53.5096 1.5
    endloop
  endfacet
  facet normal -0.161921 0.986804 0
    outer loop
      vertex 67.2997 53.5043 1.5
      vertex 67.332 53.5096 1.2
      vertex 67.2997 53.5043 1.2
    endloop
  endfacet
  facet normal -0.973457 0.228869 0
    outer loop
      vertex 67.7174 53.8706 1.2
      vertex 67.7249 53.9025 1.5
      vertex 67.7249 53.9025 1.2
    endloop
  endfacet
  facet normal -0.973457 0.228869 0
    outer loop
      vertex 67.7249 53.9025 1.5
      vertex 67.7174 53.8706 1.2
      vertex 67.7174 53.8706 1.5
    endloop
  endfacet
  facet normal -0.225974 0.974133 0
    outer loop
      vertex 67.3639 53.517 1.2
      vertex 67.332 53.5096 1.5
      vertex 67.3639 53.517 1.5
    endloop
  endfacet
  facet normal -0.225974 0.974133 0
    outer loop
      vertex 67.332 53.5096 1.5
      vertex 67.3639 53.517 1.2
      vertex 67.332 53.5096 1.2
    endloop
  endfacet
  facet normal 0.581238 -0.813733 0
    outer loop
      vertex 66.9301 54.3967 1.2
      vertex 66.9567 54.4157 1.5
      vertex 66.9301 54.3967 1.5
    endloop
  endfacet
  facet normal 0.581238 -0.813733 0
    outer loop
      vertex 66.9567 54.4157 1.5
      vertex 66.9301 54.3967 1.2
      vertex 66.9567 54.4157 1.2
    endloop
  endfacet
  facet normal -0.910889 0.412651 0
    outer loop
      vertex 67.6829 53.7789 1.2
      vertex 67.6964 53.8087 1.5
      vertex 67.6964 53.8087 1.2
    endloop
  endfacet
  facet normal -0.910889 0.412651 0
    outer loop
      vertex 67.6964 53.8087 1.5
      vertex 67.6829 53.7789 1.2
      vertex 67.6829 53.7789 1.5
    endloop
  endfacet
  facet normal 0.850396 0.526144 0
    outer loop
      vertex 66.8187 53.7222 1.5
      vertex 66.8015 53.75 1.2
      vertex 66.8015 53.75 1.5
    endloop
  endfacet
  facet normal 0.850396 0.526144 0
    outer loop
      vertex 66.8015 53.75 1.2
      vertex 66.8187 53.7222 1.5
      vertex 66.8187 53.7222 1.2
    endloop
  endfacet
  facet normal 0.09769 0.995217 -0
    outer loop
      vertex 67.2018 53.5011 1.2
      vertex 67.1692 53.5043 1.5
      vertex 67.2018 53.5011 1.5
    endloop
  endfacet
  facet normal 0.09769 0.995217 0
    outer loop
      vertex 67.1692 53.5043 1.5
      vertex 67.2018 53.5011 1.2
      vertex 67.1692 53.5043 1.2
    endloop
  endfacet
  facet normal -0.225974 -0.974133 0
    outer loop
      vertex 67.332 54.4904 1.2
      vertex 67.3639 54.483 1.5
      vertex 67.332 54.4904 1.5
    endloop
  endfacet
  facet normal -0.225974 -0.974133 -0
    outer loop
      vertex 67.3639 54.483 1.5
      vertex 67.332 54.4904 1.2
      vertex 67.3639 54.483 1.2
    endloop
  endfacet
  facet normal 0.471542 0.881844 -0
    outer loop
      vertex 67.0133 53.5516 1.2
      vertex 66.9845 53.567 1.5
      vertex 67.0133 53.5516 1.5
    endloop
  endfacet
  facet normal 0.471542 0.881844 0
    outer loop
      vertex 66.9845 53.567 1.5
      vertex 67.0133 53.5516 1.2
      vertex 66.9845 53.567 1.2
    endloop
  endfacet
  facet normal 0.635065 0.772459 -0
    outer loop
      vertex 66.9301 53.6033 1.2
      vertex 66.9048 53.6241 1.5
      vertex 66.9301 53.6033 1.5
    endloop
  endfacet
  facet normal 0.635065 0.772459 0
    outer loop
      vertex 66.9048 53.6241 1.5
      vertex 66.9301 53.6033 1.2
      vertex 66.9048 53.6241 1.2
    endloop
  endfacet
  facet normal 0.881253 -0.472644 0
    outer loop
      vertex 66.786 54.2211 1.5
      vertex 66.8015 54.25 1.2
      vertex 66.8015 54.25 1.5
    endloop
  endfacet
  facet normal 0.881253 -0.472644 0
    outer loop
      vertex 66.8015 54.25 1.2
      vertex 66.786 54.2211 1.5
      vertex 66.786 54.2211 1.2
    endloop
  endfacet
  facet normal 0.471542 -0.881844 0
    outer loop
      vertex 66.9845 54.433 1.2
      vertex 67.0133 54.4484 1.5
      vertex 66.9845 54.433 1.5
    endloop
  endfacet
  facet normal 0.471542 -0.881844 0
    outer loop
      vertex 67.0133 54.4484 1.5
      vertex 66.9845 54.433 1.2
      vertex 67.0133 54.4484 1.2
    endloop
  endfacet
  facet normal 0.581238 0.813733 -0
    outer loop
      vertex 66.9567 53.5843 1.2
      vertex 66.9301 53.6033 1.5
      vertex 66.9567 53.5843 1.5
    endloop
  endfacet
  facet normal 0.581238 0.813733 0
    outer loop
      vertex 66.9301 53.6033 1.5
      vertex 66.9567 53.5843 1.2
      vertex 66.9301 53.6033 1.2
    endloop
  endfacet
  facet normal -0.995217 -0.09769 0
    outer loop
      vertex 51.2789 63.5327 1.2
      vertex 51.2757 63.5653 1.5
      vertex 51.2757 63.5653 1.2
    endloop
  endfacet
  facet normal -0.995217 -0.09769 0
    outer loop
      vertex 51.2757 63.5653 1.5
      vertex 51.2789 63.5327 1.2
      vertex 51.2789 63.5327 1.5
    endloop
  endfacet
  facet normal -0.999435 -0.0336201 0
    outer loop
      vertex 51.28 63.5 1.2
      vertex 51.2789 63.5327 1.5
      vertex 51.2789 63.5327 1.2
    endloop
  endfacet
  facet normal -0.999435 -0.0336201 0
    outer loop
      vertex 51.2789 63.5327 1.5
      vertex 51.28 63.5 1.2
      vertex 51.28 63.5 1.5
    endloop
  endfacet
  facet normal -0.986723 -0.162411 0
    outer loop
      vertex 51.2757 63.5653 1.2
      vertex 51.2704 63.5975 1.5
      vertex 51.2704 63.5975 1.2
    endloop
  endfacet
  facet normal -0.986723 -0.162411 0
    outer loop
      vertex 51.2704 63.5975 1.5
      vertex 51.2757 63.5653 1.2
      vertex 51.2757 63.5653 1.5
    endloop
  endfacet
  facet normal -0.35447 -0.935067 0
    outer loop
      vertex 50.9407 63.9735 1.2
      vertex 50.9713 63.9619 1.5
      vertex 50.9407 63.9735 1.5
    endloop
  endfacet
  facet normal -0.35447 -0.935067 -0
    outer loop
      vertex 50.9713 63.9619 1.5
      vertex 50.9407 63.9735 1.2
      vertex 50.9713 63.9619 1.2
    endloop
  endfacet
  facet normal 0.731157 0.682209 0
    outer loop
      vertex 50.4264 63.1464 1.5
      vertex 50.4041 63.1703 1.2
      vertex 50.4041 63.1703 1.5
    endloop
  endfacet
  facet normal 0.731157 0.682209 0
    outer loop
      vertex 50.4041 63.1703 1.2
      vertex 50.4264 63.1464 1.5
      vertex 50.4264 63.1464 1.2
    endloop
  endfacet
  facet normal 0 0 1
    outer loop
      vertex 51.2789 63.5327 1.2
      vertex 51.2789 63.4673 1.2
      vertex 51.28 63.5 1.2
    endloop
  endfacet
  facet normal 0 0 1
    outer loop
      vertex 51.2757 63.5653 1.2
      vertex 51.2789 63.4673 1.2
      vertex 51.2789 63.5327 1.2
    endloop
  endfacet
  facet normal 0 0 1
    outer loop
      vertex 51.2757 63.5653 1.2
      vertex 51.2757 63.4347 1.2
      vertex 51.2789 63.4673 1.2
    endloop
  endfacet
  facet normal 0 0 1
    outer loop
      vertex 51.2704 63.5975 1.2
      vertex 51.2757 63.4347 1.2
      vertex 51.2757 63.5653 1.2
    endloop
  endfacet
  facet normal 0 0 1
    outer loop
      vertex 51.2704 63.5975 1.2
      vertex 51.2704 63.4025 1.2
      vertex 51.2757 63.4347 1.2
    endloop
  endfacet
  facet normal 0 0 1
    outer loop
      vertex 51.263 63.6294 1.2
      vertex 51.2704 63.4025 1.2
      vertex 51.2704 63.5975 1.2
    endloop
  endfacet
  facet normal 0 0 1
    outer loop
      vertex 51.263 63.6294 1.2
      vertex 51.263 63.3706 1.2
      vertex 51.2704 63.4025 1.2
    endloop
  endfacet
  facet normal 0 0 1
    outer loop
      vertex 51.2535 63.6607 1.2
      vertex 51.263 63.3706 1.2
      vertex 51.263 63.6294 1.2
    endloop
  endfacet
  facet normal 0 0 1
    outer loop
      vertex 51.2535 63.6607 1.2
      vertex 51.2535 63.3393 1.2
      vertex 51.263 63.3706 1.2
    endloop
  endfacet
  facet normal 0 0 1
    outer loop
      vertex 51.2419 63.6913 1.2
      vertex 51.2535 63.3393 1.2
      vertex 51.2535 63.6607 1.2
    endloop
  endfacet
  facet normal 0 0 1
    outer loop
      vertex 51.2419 63.6913 1.2
      vertex 51.2419 63.3087 1.2
      vertex 51.2535 63.3393 1.2
    endloop
  endfacet
  facet normal 0 0 1
    outer loop
      vertex 51.2284 63.7211 1.2
      vertex 51.2419 63.3087 1.2
      vertex 51.2419 63.6913 1.2
    endloop
  endfacet
  facet normal 0 0 1
    outer loop
      vertex 51.2284 63.7211 1.2
      vertex 51.2284 63.2789 1.2
      vertex 51.2419 63.3087 1.2
    endloop
  endfacet
  facet normal 0 0 1
    outer loop
      vertex 51.213 63.75 1.2
      vertex 51.2284 63.2789 1.2
      vertex 51.2284 63.7211 1.2
    endloop
  endfacet
  facet normal 0 0 1
    outer loop
      vertex 51.213 63.75 1.2
      vertex 51.213 63.25 1.2
      vertex 51.2284 63.2789 1.2
    endloop
  endfacet
  facet normal 0 0 1
    outer loop
      vertex 51.1957 63.7778 1.2
      vertex 51.213 63.25 1.2
      vertex 51.213 63.75 1.2
    endloop
  endfacet
  facet normal 0 0 1
    outer loop
      vertex 51.1957 63.7778 1.2
      vertex 51.1957 63.2222 1.2
      vertex 51.213 63.25 1.2
    endloop
  endfacet
  facet normal 0 0 1
    outer loop
      vertex 51.1767 63.8044 1.2
      vertex 51.1957 63.2222 1.2
      vertex 51.1957 63.7778 1.2
    endloop
  endfacet
  facet normal 0 0 1
    outer loop
      vertex 51.1767 63.8044 1.2
      vertex 51.1767 63.1956 1.2
      vertex 51.1957 63.2222 1.2
    endloop
  endfacet
  facet normal 0 0 1
    outer loop
      vertex 51.1559 63.8297 1.2
      vertex 51.1767 63.1956 1.2
      vertex 51.1767 63.8044 1.2
    endloop
  endfacet
  facet normal 0 0 1
    outer loop
      vertex 51.1559 63.8297 1.2
      vertex 51.1559 63.1703 1.2
      vertex 51.1767 63.1956 1.2
    endloop
  endfacet
  facet normal 0 0 1
    outer loop
      vertex 51.1336 63.8536 1.2
      vertex 51.1559 63.1703 1.2
      vertex 51.1559 63.8297 1.2
    endloop
  endfacet
  facet normal 0 0 1
    outer loop
      vertex 51.1336 63.8536 1.2
      vertex 51.1336 63.1464 1.2
      vertex 51.1559 63.1703 1.2
    endloop
  endfacet
  facet normal 0 0 1
    outer loop
      vertex 51.1097 63.8759 1.2
      vertex 51.1336 63.1464 1.2
      vertex 51.1336 63.8536 1.2
    endloop
  endfacet
  facet normal 0 0 1
    outer loop
      vertex 51.1097 63.8759 1.2
      vertex 51.1097 63.1241 1.2
      vertex 51.1336 63.1464 1.2
    endloop
  endfacet
  facet normal 0 0 1
    outer loop
      vertex 51.0844 63.8967 1.2
      vertex 51.1097 63.1241 1.2
      vertex 51.1097 63.8759 1.2
    endloop
  endfacet
  facet normal 0 0 1
    outer loop
      vertex 51.0844 63.8967 1.2
      vertex 51.0844 63.1033 1.2
      vertex 51.1097 63.1241 1.2
    endloop
  endfacet
  facet normal 0 0 1
    outer loop
      vertex 51.0578 63.9157 1.2
      vertex 51.0844 63.1033 1.2
      vertex 51.0844 63.8967 1.2
    endloop
  endfacet
  facet normal 0 0 1
    outer loop
      vertex 51.0578 63.9157 1.2
      vertex 51.0578 63.0843 1.2
      vertex 51.0844 63.1033 1.2
    endloop
  endfacet
  facet normal 0 0 1
    outer loop
      vertex 51.03 63.933 1.2
      vertex 51.0578 63.0843 1.2
      vertex 51.0578 63.9157 1.2
    endloop
  endfacet
  facet normal 0 0 1
    outer loop
      vertex 51.03 63.933 1.2
      vertex 51.03 63.067 1.2
      vertex 51.0578 63.0843 1.2
    endloop
  endfacet
  facet normal 0 0 1
    outer loop
      vertex 51.0011 63.9484 1.2
      vertex 51.03 63.067 1.2
      vertex 51.03 63.933 1.2
    endloop
  endfacet
  facet normal 0 0 1
    outer loop
      vertex 51.0011 63.9484 1.2
      vertex 51.0011 63.0516 1.2
      vertex 51.03 63.067 1.2
    endloop
  endfacet
  facet normal 0 0 1
    outer loop
      vertex 50.9713 63.9619 1.2
      vertex 51.0011 63.0516 1.2
      vertex 51.0011 63.9484 1.2
    endloop
  endfacet
  facet normal 0 0 1
    outer loop
      vertex 50.9713 63.9619 1.2
      vertex 50.9713 63.0381 1.2
      vertex 51.0011 63.0516 1.2
    endloop
  endfacet
  facet normal 0 0 1
    outer loop
      vertex 50.9407 63.9735 1.2
      vertex 50.9713 63.0381 1.2
      vertex 50.9713 63.9619 1.2
    endloop
  endfacet
  facet normal 0 0 1
    outer loop
      vertex 50.9407 63.9735 1.2
      vertex 50.9407 63.0265 1.2
      vertex 50.9713 63.0381 1.2
    endloop
  endfacet
  facet normal 0 0 1
    outer loop
      vertex 50.9094 63.983 1.2
      vertex 50.9407 63.0265 1.2
      vertex 50.9407 63.9735 1.2
    endloop
  endfacet
  facet normal 0 0 1
    outer loop
      vertex 50.9094 63.983 1.2
      vertex 50.9094 63.017 1.2
      vertex 50.9407 63.0265 1.2
    endloop
  endfacet
  facet normal 0 0 1
    outer loop
      vertex 50.8775 63.9904 1.2
      vertex 50.9094 63.017 1.2
      vertex 50.9094 63.983 1.2
    endloop
  endfacet
  facet normal 0 0 1
    outer loop
      vertex 50.8775 63.9904 1.2
      vertex 50.8775 63.0096 1.2
      vertex 50.9094 63.017 1.2
    endloop
  endfacet
  facet normal 0 0 1
    outer loop
      vertex 50.8453 63.9957 1.2
      vertex 50.8775 63.0096 1.2
      vertex 50.8775 63.9904 1.2
    endloop
  endfacet
  facet normal 0 0 1
    outer loop
      vertex 50.8453 63.9957 1.2
      vertex 50.8453 63.0043 1.2
      vertex 50.8775 63.0096 1.2
    endloop
  endfacet
  facet normal 0 0 1
    outer loop
      vertex 50.8127 63.9989 1.2
      vertex 50.8453 63.0043 1.2
      vertex 50.8453 63.9957 1.2
    endloop
  endfacet
  facet normal 0 0 1
    outer loop
      vertex 50.8127 63.9989 1.2
      vertex 50.8127 63.0011 1.2
      vertex 50.8453 63.0043 1.2
    endloop
  endfacet
  facet normal 0 0 1
    outer loop
      vertex 50.78 64 1.2
      vertex 50.8127 63.0011 1.2
      vertex 50.8127 63.9989 1.2
    endloop
  endfacet
  facet normal 0 0 1
    outer loop
      vertex 50.78 64 1.2
      vertex 50.78 63 1.2
      vertex 50.8127 63.0011 1.2
    endloop
  endfacet
  facet normal -0 0 1
    outer loop
      vertex 50.7473 63.9989 1.2
      vertex 50.78 63 1.2
      vertex 50.78 64 1.2
    endloop
  endfacet
  facet normal 0 0 1
    outer loop
      vertex 50.7473 63.9989 1.2
      vertex 50.7473 63.0011 1.2
      vertex 50.78 63 1.2
    endloop
  endfacet
  facet normal -0 0 1
    outer loop
      vertex 50.7147 63.9957 1.2
      vertex 50.7473 63.0011 1.2
      vertex 50.7473 63.9989 1.2
    endloop
  endfacet
  facet normal 0 0 1
    outer loop
      vertex 50.7147 63.9957 1.2
      vertex 50.7147 63.0043 1.2
      vertex 50.7473 63.0011 1.2
    endloop
  endfacet
  facet normal -0 0 1
    outer loop
      vertex 50.6825 63.9904 1.2
      vertex 50.7147 63.0043 1.2
      vertex 50.7147 63.9957 1.2
    endloop
  endfacet
  facet normal 0 0 1
    outer loop
      vertex 50.6825 63.9904 1.2
      vertex 50.6825 63.0096 1.2
      vertex 50.7147 63.0043 1.2
    endloop
  endfacet
  facet normal -0 0 1
    outer loop
      vertex 50.6506 63.983 1.2
      vertex 50.6825 63.0096 1.2
      vertex 50.6825 63.9904 1.2
    endloop
  endfacet
  facet normal 0 0 1
    outer loop
      vertex 50.6506 63.983 1.2
      vertex 50.6506 63.017 1.2
      vertex 50.6825 63.0096 1.2
    endloop
  endfacet
  facet normal -0 0 1
    outer loop
      vertex 50.6193 63.9735 1.2
      vertex 50.6506 63.017 1.2
      vertex 50.6506 63.983 1.2
    endloop
  endfacet
  facet normal 0 0 1
    outer loop
      vertex 50.6193 63.9735 1.2
      vertex 50.6193 63.0265 1.2
      vertex 50.6506 63.017 1.2
    endloop
  endfacet
  facet normal -0 0 1
    outer loop
      vertex 50.5887 63.9619 1.2
      vertex 50.6193 63.0265 1.2
      vertex 50.6193 63.9735 1.2
    endloop
  endfacet
  facet normal 0 0 1
    outer loop
      vertex 50.5887 63.9619 1.2
      vertex 50.5887 63.0381 1.2
      vertex 50.6193 63.0265 1.2
    endloop
  endfacet
  facet normal -0 0 1
    outer loop
      vertex 50.5589 63.9484 1.2
      vertex 50.5887 63.0381 1.2
      vertex 50.5887 63.9619 1.2
    endloop
  endfacet
  facet normal 0 0 1
    outer loop
      vertex 50.5589 63.9484 1.2
      vertex 50.5589 63.0516 1.2
      vertex 50.5887 63.0381 1.2
    endloop
  endfacet
  facet normal -0 0 1
    outer loop
      vertex 50.53 63.933 1.2
      vertex 50.5589 63.0516 1.2
      vertex 50.5589 63.9484 1.2
    endloop
  endfacet
  facet normal 0 0 1
    outer loop
      vertex 50.53 63.933 1.2
      vertex 50.53 63.067 1.2
      vertex 50.5589 63.0516 1.2
    endloop
  endfacet
  facet normal -0 0 1
    outer loop
      vertex 50.5022 63.9157 1.2
      vertex 50.53 63.067 1.2
      vertex 50.53 63.933 1.2
    endloop
  endfacet
  facet normal 0 0 1
    outer loop
      vertex 50.5022 63.9157 1.2
      vertex 50.5022 63.0843 1.2
      vertex 50.53 63.067 1.2
    endloop
  endfacet
  facet normal -0 0 1
    outer loop
      vertex 50.4756 63.8967 1.2
      vertex 50.5022 63.0843 1.2
      vertex 50.5022 63.9157 1.2
    endloop
  endfacet
  facet normal 0 0 1
    outer loop
      vertex 50.4756 63.8967 1.2
      vertex 50.4756 63.1033 1.2
      vertex 50.5022 63.0843 1.2
    endloop
  endfacet
  facet normal -0 0 1
    outer loop
      vertex 50.4503 63.8759 1.2
      vertex 50.4756 63.1033 1.2
      vertex 50.4756 63.8967 1.2
    endloop
  endfacet
  facet normal 0 0 1
    outer loop
      vertex 50.4503 63.8759 1.2
      vertex 50.4503 63.1241 1.2
      vertex 50.4756 63.1033 1.2
    endloop
  endfacet
  facet normal -0 0 1
    outer loop
      vertex 50.4264 63.8536 1.2
      vertex 50.4503 63.1241 1.2
      vertex 50.4503 63.8759 1.2
    endloop
  endfacet
  facet normal 0 0 1
    outer loop
      vertex 50.4264 63.8536 1.2
      vertex 50.4264 63.1464 1.2
      vertex 50.4503 63.1241 1.2
    endloop
  endfacet
  facet normal -0 0 1
    outer loop
      vertex 50.4041 63.8297 1.2
      vertex 50.4264 63.1464 1.2
      vertex 50.4264 63.8536 1.2
    endloop
  endfacet
  facet normal 0 0 1
    outer loop
      vertex 50.4041 63.8297 1.2
      vertex 50.4041 63.1703 1.2
      vertex 50.4264 63.1464 1.2
    endloop
  endfacet
  facet normal -0 0 1
    outer loop
      vertex 50.3833 63.8044 1.2
      vertex 50.4041 63.1703 1.2
      vertex 50.4041 63.8297 1.2
    endloop
  endfacet
  facet normal 0 0 1
    outer loop
      vertex 50.3833 63.8044 1.2
      vertex 50.3833 63.1956 1.2
      vertex 50.4041 63.1703 1.2
    endloop
  endfacet
  facet normal -0 0 1
    outer loop
      vertex 50.3643 63.7778 1.2
      vertex 50.3833 63.1956 1.2
      vertex 50.3833 63.8044 1.2
    endloop
  endfacet
  facet normal 0 0 1
    outer loop
      vertex 50.3643 63.7778 1.2
      vertex 50.3643 63.2222 1.2
      vertex 50.3833 63.1956 1.2
    endloop
  endfacet
  facet normal -0 0 1
    outer loop
      vertex 50.347 63.75 1.2
      vertex 50.3643 63.2222 1.2
      vertex 50.3643 63.7778 1.2
    endloop
  endfacet
  facet normal 0 0 1
    outer loop
      vertex 50.347 63.75 1.2
      vertex 50.347 63.25 1.2
      vertex 50.3643 63.2222 1.2
    endloop
  endfacet
  facet normal -0 0 1
    outer loop
      vertex 50.3316 63.7211 1.2
      vertex 50.347 63.25 1.2
      vertex 50.347 63.75 1.2
    endloop
  endfacet
  facet normal 0 0 1
    outer loop
      vertex 50.3316 63.7211 1.2
      vertex 50.3316 63.2789 1.2
      vertex 50.347 63.25 1.2
    endloop
  endfacet
  facet normal -0 0 1
    outer loop
      vertex 50.3181 63.6913 1.2
      vertex 50.3316 63.2789 1.2
      vertex 50.3316 63.7211 1.2
    endloop
  endfacet
  facet normal 0 0 1
    outer loop
      vertex 50.3181 63.6913 1.2
      vertex 50.3181 63.3087 1.2
      vertex 50.3316 63.2789 1.2
    endloop
  endfacet
  facet normal -0 0 1
    outer loop
      vertex 50.3065 63.6607 1.2
      vertex 50.3181 63.3087 1.2
      vertex 50.3181 63.6913 1.2
    endloop
  endfacet
  facet normal 0 0 1
    outer loop
      vertex 50.3065 63.6607 1.2
      vertex 50.3065 63.3393 1.2
      vertex 50.3181 63.3087 1.2
    endloop
  endfacet
  facet normal -0 0 1
    outer loop
      vertex 50.297 63.6294 1.2
      vertex 50.3065 63.3393 1.2
      vertex 50.3065 63.6607 1.2
    endloop
  endfacet
  facet normal 0 0 1
    outer loop
      vertex 50.297 63.6294 1.2
      vertex 50.297 63.3706 1.2
      vertex 50.3065 63.3393 1.2
    endloop
  endfacet
  facet normal -0 0 1
    outer loop
      vertex 50.2896 63.5975 1.2
      vertex 50.297 63.3706 1.2
      vertex 50.297 63.6294 1.2
    endloop
  endfacet
  facet normal 0 0 1
    outer loop
      vertex 50.2896 63.5975 1.2
      vertex 50.2896 63.4025 1.2
      vertex 50.297 63.3706 1.2
    endloop
  endfacet
  facet normal -0 0 1
    outer loop
      vertex 50.2843 63.5653 1.2
      vertex 50.2896 63.4025 1.2
      vertex 50.2896 63.5975 1.2
    endloop
  endfacet
  facet normal 0 0 1
    outer loop
      vertex 50.2843 63.5653 1.2
      vertex 50.2843 63.4347 1.2
      vertex 50.2896 63.4025 1.2
    endloop
  endfacet
  facet normal -0 0 1
    outer loop
      vertex 50.2811 63.5327 1.2
      vertex 50.2843 63.4347 1.2
      vertex 50.2843 63.5653 1.2
    endloop
  endfacet
  facet normal 0 0 1
    outer loop
      vertex 50.2811 63.5327 1.2
      vertex 50.2811 63.4673 1.2
      vertex 50.2843 63.4347 1.2
    endloop
  endfacet
  facet normal 0 -0 1
    outer loop
      vertex 50.2811 63.4673 1.2
      vertex 50.2811 63.5327 1.2
      vertex 50.28 63.5 1.2
    endloop
  endfacet
  facet normal -0.813733 0.581238 0
    outer loop
      vertex 51.1767 63.1956 1.2
      vertex 51.1957 63.2222 1.5
      vertex 51.1957 63.2222 1.2
    endloop
  endfacet
  facet normal -0.813733 0.581238 0
    outer loop
      vertex 51.1957 63.2222 1.5
      vertex 51.1767 63.1956 1.2
      vertex 51.1767 63.1956 1.5
    endloop
  endfacet
  facet normal 0.162411 0.986723 -0
    outer loop
      vertex 50.7147 63.0043 1.2
      vertex 50.6825 63.0096 1.5
      vertex 50.7147 63.0043 1.5
    endloop
  endfacet
  facet normal 0.162411 0.986723 0
    outer loop
      vertex 50.6825 63.0096 1.5
      vertex 50.7147 63.0043 1.2
      vertex 50.6825 63.0096 1.2
    endloop
  endfacet
  facet normal -0.974133 -0.225974 0
    outer loop
      vertex 51.2704 63.5975 1.2
      vertex 51.263 63.6294 1.5
      vertex 51.263 63.6294 1.2
    endloop
  endfacet
  facet normal -0.974133 -0.225974 0
    outer loop
      vertex 51.263 63.6294 1.5
      vertex 51.2704 63.5975 1.2
      vertex 51.2704 63.5975 1.5
    endloop
  endfacet
  facet normal -0.581238 0.813733 0
    outer loop
      vertex 51.0844 63.1033 1.2
      vertex 51.0578 63.0843 1.5
      vertex 51.0844 63.1033 1.5
    endloop
  endfacet
  facet normal -0.581238 0.813733 0
    outer loop
      vertex 51.0578 63.0843 1.5
      vertex 51.0844 63.1033 1.2
      vertex 51.0578 63.0843 1.2
    endloop
  endfacet
  facet normal -0.935067 0.35447 0
    outer loop
      vertex 51.2419 63.3087 1.2
      vertex 51.2535 63.3393 1.5
      vertex 51.2535 63.3393 1.2
    endloop
  endfacet
  facet normal -0.935067 0.35447 0
    outer loop
      vertex 51.2535 63.3393 1.5
      vertex 51.2419 63.3087 1.2
      vertex 51.2419 63.3087 1.5
    endloop
  endfacet
  facet normal 0.986723 0.162411 0
    outer loop
      vertex 50.2896 63.4025 1.5
      vertex 50.2843 63.4347 1.2
      vertex 50.2843 63.4347 1.5
    endloop
  endfacet
  facet normal 0.986723 0.162411 0
    outer loop
      vertex 50.2843 63.4347 1.2
      vertex 50.2896 63.4025 1.5
      vertex 50.2896 63.4025 1.2
    endloop
  endfacet
  facet normal -0.731157 -0.682209 0
    outer loop
      vertex 51.1559 63.8297 1.2
      vertex 51.1336 63.8536 1.5
      vertex 51.1336 63.8536 1.2
    endloop
  endfacet
  facet normal -0.731157 -0.682209 0
    outer loop
      vertex 51.1336 63.8536 1.5
      vertex 51.1559 63.8297 1.2
      vertex 51.1559 63.8297 1.5
    endloop
  endfacet
  facet normal -0.09769 0.995217 0
    outer loop
      vertex 50.8453 63.0043 1.2
      vertex 50.8127 63.0011 1.5
      vertex 50.8453 63.0043 1.5
    endloop
  endfacet
  facet normal -0.09769 0.995217 0
    outer loop
      vertex 50.8127 63.0011 1.5
      vertex 50.8453 63.0043 1.2
      vertex 50.8127 63.0011 1.2
    endloop
  endfacet
  facet normal 0.528351 -0.849026 0
    outer loop
      vertex 50.5022 63.9157 1.2
      vertex 50.53 63.933 1.5
      vertex 50.5022 63.9157 1.5
    endloop
  endfacet
  facet normal 0.528351 -0.849026 0
    outer loop
      vertex 50.53 63.933 1.5
      vertex 50.5022 63.9157 1.2
      vertex 50.53 63.933 1.2
    endloop
  endfacet
  facet normal -0.162411 0.986723 0
    outer loop
      vertex 50.8775 63.0096 1.2
      vertex 50.8453 63.0043 1.5
      vertex 50.8775 63.0096 1.5
    endloop
  endfacet
  facet normal -0.162411 0.986723 0
    outer loop
      vertex 50.8453 63.0043 1.5
      vertex 50.8775 63.0096 1.2
      vertex 50.8453 63.0043 1.2
    endloop
  endfacet
  facet normal -0.35447 0.935067 0
    outer loop
      vertex 50.9713 63.0381 1.2
      vertex 50.9407 63.0265 1.5
      vertex 50.9713 63.0381 1.5
    endloop
  endfacet
  facet normal -0.35447 0.935067 0
    outer loop
      vertex 50.9407 63.0265 1.5
      vertex 50.9713 63.0381 1.2
      vertex 50.9407 63.0265 1.2
    endloop
  endfacet
  facet normal -0.528351 -0.849026 0
    outer loop
      vertex 51.03 63.933 1.2
      vertex 51.0578 63.9157 1.5
      vertex 51.03 63.933 1.5
    endloop
  endfacet
  facet normal -0.528351 -0.849026 -0
    outer loop
      vertex 51.0578 63.9157 1.5
      vertex 51.03 63.933 1.2
      vertex 51.0578 63.9157 1.2
    endloop
  endfacet
  facet normal 0.0336201 -0.999435 0
    outer loop
      vertex 50.7473 63.9989 1.2
      vertex 50.78 64 1.5
      vertex 50.7473 63.9989 1.5
    endloop
  endfacet
  facet normal 0.0336201 -0.999435 0
    outer loop
      vertex 50.78 64 1.5
      vertex 50.7473 63.9989 1.2
      vertex 50.78 64 1.2
    endloop
  endfacet
  facet normal 0.731157 -0.682209 0
    outer loop
      vertex 50.4041 63.8297 1.5
      vertex 50.4264 63.8536 1.2
      vertex 50.4264 63.8536 1.5
    endloop
  endfacet
  facet normal 0.731157 -0.682209 0
    outer loop
      vertex 50.4264 63.8536 1.2
      vertex 50.4041 63.8297 1.5
      vertex 50.4041 63.8297 1.2
    endloop
  endfacet
  facet normal -0.956896 0.290432 0
    outer loop
      vertex 51.2535 63.3393 1.2
      vertex 51.263 63.3706 1.5
      vertex 51.263 63.3706 1.2
    endloop
  endfacet
  facet normal -0.956896 0.290432 0
    outer loop
      vertex 51.263 63.3706 1.5
      vertex 51.2535 63.3393 1.2
      vertex 51.2535 63.3393 1.5
    endloop
  endfacet
  facet normal 0.635065 -0.772459 0
    outer loop
      vertex 50.4503 63.8759 1.2
      vertex 50.4756 63.8967 1.5
      vertex 50.4503 63.8759 1.5
    endloop
  endfacet
  facet normal 0.635065 -0.772459 0
    outer loop
      vertex 50.4756 63.8967 1.5
      vertex 50.4503 63.8759 1.2
      vertex 50.4756 63.8967 1.2
    endloop
  endfacet
  facet normal 0.956896 0.290432 0
    outer loop
      vertex 50.3065 63.3393 1.5
      vertex 50.297 63.3706 1.2
      vertex 50.297 63.3706 1.5
    endloop
  endfacet
  facet normal 0.956896 0.290432 0
    outer loop
      vertex 50.297 63.3706 1.2
      vertex 50.3065 63.3393 1.5
      vertex 50.3065 63.3393 1.2
    endloop
  endfacet
  facet normal -0.772459 0.635065 0
    outer loop
      vertex 51.1559 63.1703 1.2
      vertex 51.1767 63.1956 1.5
      vertex 51.1767 63.1956 1.2
    endloop
  endfacet
  facet normal -0.772459 0.635065 0
    outer loop
      vertex 51.1767 63.1956 1.5
      vertex 51.1559 63.1703 1.2
      vertex 51.1559 63.1703 1.5
    endloop
  endfacet
  facet normal -0.986723 0.162411 0
    outer loop
      vertex 51.2704 63.4025 1.2
      vertex 51.2757 63.4347 1.5
      vertex 51.2757 63.4347 1.2
    endloop
  endfacet
  facet normal -0.986723 0.162411 0
    outer loop
      vertex 51.2757 63.4347 1.5
      vertex 51.2704 63.4025 1.2
      vertex 51.2704 63.4025 1.5
    endloop
  endfacet
  facet normal 0.09769 -0.995217 0
    outer loop
      vertex 50.7147 63.9957 1.2
      vertex 50.7473 63.9989 1.5
      vertex 50.7147 63.9957 1.5
    endloop
  endfacet
  facet normal 0.09769 -0.995217 0
    outer loop
      vertex 50.7473 63.9989 1.5
      vertex 50.7147 63.9957 1.2
      vertex 50.7473 63.9989 1.2
    endloop
  endfacet
  facet normal -0.882522 -0.470271 0
    outer loop
      vertex 51.2284 63.7211 1.2
      vertex 51.213 63.75 1.5
      vertex 51.213 63.75 1.2
    endloop
  endfacet
  facet normal -0.882522 -0.470271 0
    outer loop
      vertex 51.213 63.75 1.5
      vertex 51.2284 63.7211 1.2
      vertex 51.2284 63.7211 1.5
    endloop
  endfacet
  facet normal 0.813733 0.581238 0
    outer loop
      vertex 50.3833 63.1956 1.5
      vertex 50.3643 63.2222 1.2
      vertex 50.3643 63.2222 1.5
    endloop
  endfacet
  facet normal 0.813733 0.581238 0
    outer loop
      vertex 50.3643 63.2222 1.2
      vertex 50.3833 63.1956 1.5
      vertex 50.3833 63.1956 1.2
    endloop
  endfacet
  facet normal -0.0336201 0.999435 0
    outer loop
      vertex 50.8127 63.0011 1.2
      vertex 50.78 63 1.5
      vertex 50.8127 63.0011 1.5
    endloop
  endfacet
  facet normal -0.0336201 0.999435 0
    outer loop
      vertex 50.78 63 1.5
      vertex 50.8127 63.0011 1.2
      vertex 50.78 63 1.2
    endloop
  endfacet
  facet normal -0.470271 -0.882522 0
    outer loop
      vertex 51.0011 63.9484 1.2
      vertex 51.03 63.933 1.5
      vertex 51.0011 63.9484 1.5
    endloop
  endfacet
  facet normal -0.470271 -0.882522 -0
    outer loop
      vertex 51.03 63.933 1.5
      vertex 51.0011 63.9484 1.2
      vertex 51.03 63.933 1.2
    endloop
  endfacet
  facet normal -0.772459 -0.635065 0
    outer loop
      vertex 51.1767 63.8044 1.2
      vertex 51.1559 63.8297 1.5
      vertex 51.1559 63.8297 1.2
    endloop
  endfacet
  facet normal -0.772459 -0.635065 0
    outer loop
      vertex 51.1559 63.8297 1.5
      vertex 51.1767 63.8044 1.2
      vertex 51.1767 63.8044 1.5
    endloop
  endfacet
  facet normal 0.910889 0.412651 0
    outer loop
      vertex 50.3316 63.2789 1.5
      vertex 50.3181 63.3087 1.2
      vertex 50.3181 63.3087 1.5
    endloop
  endfacet
  facet normal 0.910889 0.412651 0
    outer loop
      vertex 50.3181 63.3087 1.2
      vertex 50.3316 63.2789 1.5
      vertex 50.3316 63.2789 1.2
    endloop
  endfacet
  facet normal 0.09769 0.995217 -0
    outer loop
      vertex 50.7473 63.0011 1.2
      vertex 50.7147 63.0043 1.5
      vertex 50.7473 63.0011 1.5
    endloop
  endfacet
  facet normal 0.09769 0.995217 0
    outer loop
      vertex 50.7147 63.0043 1.5
      vertex 50.7473 63.0011 1.2
      vertex 50.7147 63.0043 1.2
    endloop
  endfacet
  facet normal 0.682209 -0.731157 0
    outer loop
      vertex 50.4264 63.8536 1.2
      vertex 50.4503 63.8759 1.5
      vertex 50.4264 63.8536 1.5
    endloop
  endfacet
  facet normal 0.682209 -0.731157 0
    outer loop
      vertex 50.4503 63.8759 1.5
      vertex 50.4264 63.8536 1.2
      vertex 50.4503 63.8759 1.2
    endloop
  endfacet
  facet normal -0.910889 0.412651 0
    outer loop
      vertex 51.2284 63.2789 1.2
      vertex 51.2419 63.3087 1.5
      vertex 51.2419 63.3087 1.2
    endloop
  endfacet
  facet normal -0.910889 0.412651 0
    outer loop
      vertex 51.2419 63.3087 1.5
      vertex 51.2284 63.2789 1.2
      vertex 51.2284 63.2789 1.5
    endloop
  endfacet
  facet normal 0.974133 -0.225974 0
    outer loop
      vertex 50.2896 63.5975 1.5
      vertex 50.297 63.6294 1.2
      vertex 50.297 63.6294 1.5
    endloop
  endfacet
  facet normal 0.974133 -0.225974 0
    outer loop
      vertex 50.297 63.6294 1.2
      vertex 50.2896 63.5975 1.5
      vertex 50.2896 63.5975 1.2
    endloop
  endfacet
  facet normal -0.849026 0.528351 0
    outer loop
      vertex 51.1957 63.2222 1.2
      vertex 51.213 63.25 1.5
      vertex 51.213 63.25 1.2
    endloop
  endfacet
  facet normal -0.849026 0.528351 0
    outer loop
      vertex 51.213 63.25 1.5
      vertex 51.1957 63.2222 1.2
      vertex 51.1957 63.2222 1.5
    endloop
  endfacet
  facet normal -0.528351 0.849026 0
    outer loop
      vertex 51.0578 63.0843 1.2
      vertex 51.03 63.067 1.5
      vertex 51.0578 63.0843 1.5
    endloop
  endfacet
  facet normal -0.528351 0.849026 0
    outer loop
      vertex 51.03 63.067 1.5
      vertex 51.0578 63.0843 1.2
      vertex 51.03 63.067 1.2
    endloop
  endfacet
  facet normal 0.882522 -0.470271 0
    outer loop
      vertex 50.3316 63.7211 1.5
      vertex 50.347 63.75 1.2
      vertex 50.347 63.75 1.5
    endloop
  endfacet
  facet normal 0.882522 -0.470271 0
    outer loop
      vertex 50.347 63.75 1.2
      vertex 50.3316 63.7211 1.5
      vertex 50.3316 63.7211 1.2
    endloop
  endfacet
  facet normal -0.682209 0.731157 0
    outer loop
      vertex 51.1336 63.1464 1.2
      vertex 51.1097 63.1241 1.5
      vertex 51.1336 63.1464 1.5
    endloop
  endfacet
  facet normal -0.682209 0.731157 0
    outer loop
      vertex 51.1097 63.1241 1.5
      vertex 51.1336 63.1464 1.2
      vertex 51.1097 63.1241 1.2
    endloop
  endfacet
  facet normal -0.910889 -0.412651 0
    outer loop
      vertex 51.2419 63.6913 1.2
      vertex 51.2284 63.7211 1.5
      vertex 51.2284 63.7211 1.2
    endloop
  endfacet
  facet normal -0.910889 -0.412651 0
    outer loop
      vertex 51.2284 63.7211 1.5
      vertex 51.2419 63.6913 1.2
      vertex 51.2419 63.6913 1.5
    endloop
  endfacet
  facet normal -0.635065 -0.772459 0
    outer loop
      vertex 51.0844 63.8967 1.2
      vertex 51.1097 63.8759 1.5
      vertex 51.0844 63.8967 1.5
    endloop
  endfacet
  facet normal -0.635065 -0.772459 -0
    outer loop
      vertex 51.1097 63.8759 1.5
      vertex 51.0844 63.8967 1.2
      vertex 51.1097 63.8759 1.2
    endloop
  endfacet
  facet normal 0.470271 0.882522 -0
    outer loop
      vertex 50.5589 63.0516 1.2
      vertex 50.53 63.067 1.5
      vertex 50.5589 63.0516 1.5
    endloop
  endfacet
  facet normal 0.470271 0.882522 0
    outer loop
      vertex 50.53 63.067 1.5
      vertex 50.5589 63.0516 1.2
      vertex 50.53 63.067 1.2
    endloop
  endfacet
  facet normal -0.849026 -0.528351 0
    outer loop
      vertex 51.213 63.75 1.2
      vertex 51.1957 63.7778 1.5
      vertex 51.1957 63.7778 1.2
    endloop
  endfacet
  facet normal -0.849026 -0.528351 0
    outer loop
      vertex 51.1957 63.7778 1.5
      vertex 51.213 63.75 1.2
      vertex 51.213 63.75 1.5
    endloop
  endfacet
  facet normal 0.849026 -0.528351 0
    outer loop
      vertex 50.347 63.75 1.5
      vertex 50.3643 63.7778 1.2
      vertex 50.3643 63.7778 1.5
    endloop
  endfacet
  facet normal 0.849026 -0.528351 0
    outer loop
      vertex 50.3643 63.7778 1.2
      vertex 50.347 63.75 1.5
      vertex 50.347 63.75 1.2
    endloop
  endfacet
  facet normal 0.290432 -0.956896 0
    outer loop
      vertex 50.6193 63.9735 1.2
      vertex 50.6506 63.983 1.5
      vertex 50.6193 63.9735 1.5
    endloop
  endfacet
  facet normal 0.290432 -0.956896 0
    outer loop
      vertex 50.6506 63.983 1.5
      vertex 50.6193 63.9735 1.2
      vertex 50.6506 63.983 1.2
    endloop
  endfacet
  facet normal -0.974133 0.225974 0
    outer loop
      vertex 51.263 63.3706 1.2
      vertex 51.2704 63.4025 1.5
      vertex 51.2704 63.4025 1.2
    endloop
  endfacet
  facet normal -0.974133 0.225974 0
    outer loop
      vertex 51.2704 63.4025 1.5
      vertex 51.263 63.3706 1.2
      vertex 51.263 63.3706 1.5
    endloop
  endfacet
  facet normal 0.682209 0.731157 -0
    outer loop
      vertex 50.4503 63.1241 1.2
      vertex 50.4264 63.1464 1.5
      vertex 50.4503 63.1241 1.5
    endloop
  endfacet
  facet normal 0.682209 0.731157 0
    outer loop
      vertex 50.4264 63.1464 1.5
      vertex 50.4503 63.1241 1.2
      vertex 50.4264 63.1464 1.2
    endloop
  endfacet
  facet normal 0.412651 -0.910889 0
    outer loop
      vertex 50.5589 63.9484 1.2
      vertex 50.5887 63.9619 1.5
      vertex 50.5589 63.9484 1.5
    endloop
  endfacet
  facet normal 0.412651 -0.910889 0
    outer loop
      vertex 50.5887 63.9619 1.5
      vertex 50.5589 63.9484 1.2
      vertex 50.5887 63.9619 1.2
    endloop
  endfacet
  facet normal -0.09769 -0.995217 0
    outer loop
      vertex 50.8127 63.9989 1.2
      vertex 50.8453 63.9957 1.5
      vertex 50.8127 63.9989 1.5
    endloop
  endfacet
  facet normal -0.09769 -0.995217 -0
    outer loop
      vertex 50.8453 63.9957 1.5
      vertex 50.8127 63.9989 1.2
      vertex 50.8453 63.9957 1.2
    endloop
  endfacet
  facet normal -0.470271 0.882522 0
    outer loop
      vertex 51.03 63.067 1.2
      vertex 51.0011 63.0516 1.5
      vertex 51.03 63.067 1.5
    endloop
  endfacet
  facet normal -0.470271 0.882522 0
    outer loop
      vertex 51.0011 63.0516 1.5
      vertex 51.03 63.067 1.2
      vertex 51.0011 63.0516 1.2
    endloop
  endfacet
  facet normal -0.731157 0.682209 0
    outer loop
      vertex 51.1336 63.1464 1.2
      vertex 51.1559 63.1703 1.5
      vertex 51.1559 63.1703 1.2
    endloop
  endfacet
  facet normal -0.731157 0.682209 0
    outer loop
      vertex 51.1559 63.1703 1.5
      vertex 51.1336 63.1464 1.2
      vertex 51.1336 63.1464 1.5
    endloop
  endfacet
  facet normal -0.995217 0.09769 0
    outer loop
      vertex 51.2757 63.4347 1.2
      vertex 51.2789 63.4673 1.5
      vertex 51.2789 63.4673 1.2
    endloop
  endfacet
  facet normal -0.995217 0.09769 0
    outer loop
      vertex 51.2789 63.4673 1.5
      vertex 51.2757 63.4347 1.2
      vertex 51.2757 63.4347 1.5
    endloop
  endfacet
  facet normal -0.999435 0.0336201 0
    outer loop
      vertex 51.2789 63.4673 1.2
      vertex 51.28 63.5 1.5
      vertex 51.28 63.5 1.2
    endloop
  endfacet
  facet normal -0.999435 0.0336201 0
    outer loop
      vertex 51.28 63.5 1.5
      vertex 51.2789 63.4673 1.2
      vertex 51.2789 63.4673 1.5
    endloop
  endfacet
  facet normal -0.882522 0.470271 0
    outer loop
      vertex 51.213 63.25 1.2
      vertex 51.2284 63.2789 1.5
      vertex 51.2284 63.2789 1.2
    endloop
  endfacet
  facet normal -0.882522 0.470271 0
    outer loop
      vertex 51.2284 63.2789 1.5
      vertex 51.213 63.25 1.2
      vertex 51.213 63.25 1.5
    endloop
  endfacet
  facet normal -0.813733 -0.581238 0
    outer loop
      vertex 51.1957 63.7778 1.2
      vertex 51.1767 63.8044 1.5
      vertex 51.1767 63.8044 1.2
    endloop
  endfacet
  facet normal -0.813733 -0.581238 0
    outer loop
      vertex 51.1767 63.8044 1.5
      vertex 51.1957 63.7778 1.2
      vertex 51.1957 63.7778 1.5
    endloop
  endfacet
  facet normal 0.162411 -0.986723 0
    outer loop
      vertex 50.6825 63.9904 1.2
      vertex 50.7147 63.9957 1.5
      vertex 50.6825 63.9904 1.5
    endloop
  endfacet
  facet normal 0.162411 -0.986723 0
    outer loop
      vertex 50.7147 63.9957 1.5
      vertex 50.6825 63.9904 1.2
      vertex 50.7147 63.9957 1.2
    endloop
  endfacet
  facet normal -0.290432 0.956896 0
    outer loop
      vertex 50.9407 63.0265 1.2
      vertex 50.9094 63.017 1.5
      vertex 50.9407 63.0265 1.5
    endloop
  endfacet
  facet normal -0.290432 0.956896 0
    outer loop
      vertex 50.9094 63.017 1.5
      vertex 50.9407 63.0265 1.2
      vertex 50.9094 63.017 1.2
    endloop
  endfacet
  facet normal -0.412651 0.910889 0
    outer loop
      vertex 51.0011 63.0516 1.2
      vertex 50.9713 63.0381 1.5
      vertex 51.0011 63.0516 1.5
    endloop
  endfacet
  facet normal -0.412651 0.910889 0
    outer loop
      vertex 50.9713 63.0381 1.5
      vertex 51.0011 63.0516 1.2
      vertex 50.9713 63.0381 1.2
    endloop
  endfacet
  facet normal -0.581238 -0.813733 0
    outer loop
      vertex 51.0578 63.9157 1.2
      vertex 51.0844 63.8967 1.5
      vertex 51.0578 63.9157 1.5
    endloop
  endfacet
  facet normal -0.581238 -0.813733 -0
    outer loop
      vertex 51.0844 63.8967 1.5
      vertex 51.0578 63.9157 1.2
      vertex 51.0844 63.8967 1.2
    endloop
  endfacet
  facet normal -0.225974 0.974133 0
    outer loop
      vertex 50.9094 63.017 1.2
      vertex 50.8775 63.0096 1.5
      vertex 50.9094 63.017 1.5
    endloop
  endfacet
  facet normal -0.225974 0.974133 0
    outer loop
      vertex 50.8775 63.0096 1.5
      vertex 50.9094 63.017 1.2
      vertex 50.8775 63.0096 1.2
    endloop
  endfacet
  facet normal 0.772459 0.635065 0
    outer loop
      vertex 50.4041 63.1703 1.5
      vertex 50.3833 63.1956 1.2
      vertex 50.3833 63.1956 1.5
    endloop
  endfacet
  facet normal 0.772459 0.635065 0
    outer loop
      vertex 50.3833 63.1956 1.2
      vertex 50.4041 63.1703 1.5
      vertex 50.4041 63.1703 1.2
    endloop
  endfacet
  facet normal 0.995217 0.09769 0
    outer loop
      vertex 50.2843 63.4347 1.5
      vertex 50.2811 63.4673 1.2
      vertex 50.2811 63.4673 1.5
    endloop
  endfacet
  facet normal 0.995217 0.09769 0
    outer loop
      vertex 50.2811 63.4673 1.2
      vertex 50.2843 63.4347 1.5
      vertex 50.2843 63.4347 1.2
    endloop
  endfacet
  facet normal -0.682209 -0.731157 0
    outer loop
      vertex 51.1097 63.8759 1.2
      vertex 51.1336 63.8536 1.5
      vertex 51.1097 63.8759 1.5
    endloop
  endfacet
  facet normal -0.682209 -0.731157 -0
    outer loop
      vertex 51.1336 63.8536 1.5
      vertex 51.1097 63.8759 1.2
      vertex 51.1336 63.8536 1.2
    endloop
  endfacet
  facet normal 0.581238 -0.813733 0
    outer loop
      vertex 50.4756 63.8967 1.2
      vertex 50.5022 63.9157 1.5
      vertex 50.4756 63.8967 1.5
    endloop
  endfacet
  facet normal 0.581238 -0.813733 0
    outer loop
      vertex 50.5022 63.9157 1.5
      vertex 50.4756 63.8967 1.2
      vertex 50.5022 63.9157 1.2
    endloop
  endfacet
  facet normal -0.956896 -0.290432 0
    outer loop
      vertex 51.263 63.6294 1.2
      vertex 51.2535 63.6607 1.5
      vertex 51.2535 63.6607 1.2
    endloop
  endfacet
  facet normal -0.956896 -0.290432 0
    outer loop
      vertex 51.2535 63.6607 1.5
      vertex 51.263 63.6294 1.2
      vertex 51.263 63.6294 1.5
    endloop
  endfacet
  facet normal 0.986723 -0.162411 0
    outer loop
      vertex 50.2843 63.5653 1.5
      vertex 50.2896 63.5975 1.2
      vertex 50.2896 63.5975 1.5
    endloop
  endfacet
  facet normal 0.986723 -0.162411 0
    outer loop
      vertex 50.2896 63.5975 1.2
      vertex 50.2843 63.5653 1.5
      vertex 50.2843 63.5653 1.2
    endloop
  endfacet
  facet normal 0.956896 -0.290432 0
    outer loop
      vertex 50.297 63.6294 1.5
      vertex 50.3065 63.6607 1.2
      vertex 50.3065 63.6607 1.5
    endloop
  endfacet
  facet normal 0.956896 -0.290432 0
    outer loop
      vertex 50.3065 63.6607 1.2
      vertex 50.297 63.6294 1.5
      vertex 50.297 63.6294 1.2
    endloop
  endfacet
  facet normal -0.0336201 -0.999435 0
    outer loop
      vertex 50.78 64 1.2
      vertex 50.8127 63.9989 1.5
      vertex 50.78 64 1.5
    endloop
  endfacet
  facet normal -0.0336201 -0.999435 -0
    outer loop
      vertex 50.8127 63.9989 1.5
      vertex 50.78 64 1.2
      vertex 50.8127 63.9989 1.2
    endloop
  endfacet
  facet normal -0.412651 -0.910889 0
    outer loop
      vertex 50.9713 63.9619 1.2
      vertex 51.0011 63.9484 1.5
      vertex 50.9713 63.9619 1.5
    endloop
  endfacet
  facet normal -0.412651 -0.910889 -0
    outer loop
      vertex 51.0011 63.9484 1.5
      vertex 50.9713 63.9619 1.2
      vertex 51.0011 63.9484 1.2
    endloop
  endfacet
  facet normal -0.162411 -0.986723 0
    outer loop
      vertex 50.8453 63.9957 1.2
      vertex 50.8775 63.9904 1.5
      vertex 50.8453 63.9957 1.5
    endloop
  endfacet
  facet normal -0.162411 -0.986723 -0
    outer loop
      vertex 50.8775 63.9904 1.5
      vertex 50.8453 63.9957 1.2
      vertex 50.8775 63.9904 1.2
    endloop
  endfacet
  facet normal -0.935067 -0.35447 0
    outer loop
      vertex 51.2535 63.6607 1.2
      vertex 51.2419 63.6913 1.5
      vertex 51.2419 63.6913 1.2
    endloop
  endfacet
  facet normal -0.935067 -0.35447 0
    outer loop
      vertex 51.2419 63.6913 1.5
      vertex 51.2535 63.6607 1.2
      vertex 51.2535 63.6607 1.5
    endloop
  endfacet
  facet normal 0.290432 0.956896 -0
    outer loop
      vertex 50.6506 63.017 1.2
      vertex 50.6193 63.0265 1.5
      vertex 50.6506 63.017 1.5
    endloop
  endfacet
  facet normal 0.290432 0.956896 0
    outer loop
      vertex 50.6193 63.0265 1.5
      vertex 50.6506 63.017 1.2
      vertex 50.6193 63.0265 1.2
    endloop
  endfacet
  facet normal 0.974133 0.225974 0
    outer loop
      vertex 50.297 63.3706 1.5
      vertex 50.2896 63.4025 1.2
      vertex 50.2896 63.4025 1.5
    endloop
  endfacet
  facet normal 0.974133 0.225974 0
    outer loop
      vertex 50.2896 63.4025 1.2
      vertex 50.297 63.3706 1.5
      vertex 50.297 63.3706 1.2
    endloop
  endfacet
  facet normal 0.0336201 0.999435 -0
    outer loop
      vertex 50.78 63 1.2
      vertex 50.7473 63.0011 1.5
      vertex 50.78 63 1.5
    endloop
  endfacet
  facet normal 0.0336201 0.999435 0
    outer loop
      vertex 50.7473 63.0011 1.5
      vertex 50.78 63 1.2
      vertex 50.7473 63.0011 1.2
    endloop
  endfacet
  facet normal 0.635065 0.772459 -0
    outer loop
      vertex 50.4756 63.1033 1.2
      vertex 50.4503 63.1241 1.5
      vertex 50.4756 63.1033 1.5
    endloop
  endfacet
  facet normal 0.635065 0.772459 0
    outer loop
      vertex 50.4503 63.1241 1.5
      vertex 50.4756 63.1033 1.2
      vertex 50.4503 63.1241 1.2
    endloop
  endfacet
  facet normal 0.35447 -0.935067 0
    outer loop
      vertex 50.5887 63.9619 1.2
      vertex 50.6193 63.9735 1.5
      vertex 50.5887 63.9619 1.5
    endloop
  endfacet
  facet normal 0.35447 -0.935067 0
    outer loop
      vertex 50.6193 63.9735 1.5
      vertex 50.5887 63.9619 1.2
      vertex 50.6193 63.9735 1.2
    endloop
  endfacet
  facet normal 0.225974 0.974133 -0
    outer loop
      vertex 50.6825 63.0096 1.2
      vertex 50.6506 63.017 1.5
      vertex 50.6825 63.0096 1.5
    endloop
  endfacet
  facet normal 0.225974 0.974133 0
    outer loop
      vertex 50.6506 63.017 1.5
      vertex 50.6825 63.0096 1.2
      vertex 50.6506 63.017 1.2
    endloop
  endfacet
  facet normal 0.225974 -0.974133 0
    outer loop
      vertex 50.6506 63.983 1.2
      vertex 50.6825 63.9904 1.5
      vertex 50.6506 63.983 1.5
    endloop
  endfacet
  facet normal 0.225974 -0.974133 0
    outer loop
      vertex 50.6825 63.9904 1.5
      vertex 50.6506 63.983 1.2
      vertex 50.6825 63.9904 1.2
    endloop
  endfacet
  facet normal 0.772459 -0.635065 0
    outer loop
      vertex 50.3833 63.8044 1.5
      vertex 50.4041 63.8297 1.2
      vertex 50.4041 63.8297 1.5
    endloop
  endfacet
  facet normal 0.772459 -0.635065 0
    outer loop
      vertex 50.4041 63.8297 1.2
      vertex 50.3833 63.8044 1.5
      vertex 50.3833 63.8044 1.2
    endloop
  endfacet
  facet normal 0.995217 -0.09769 0
    outer loop
      vertex 50.2811 63.5327 1.5
      vertex 50.2843 63.5653 1.2
      vertex 50.2843 63.5653 1.5
    endloop
  endfacet
  facet normal 0.995217 -0.09769 0
    outer loop
      vertex 50.2843 63.5653 1.2
      vertex 50.2811 63.5327 1.5
      vertex 50.2811 63.5327 1.2
    endloop
  endfacet
  facet normal 0.935067 0.35447 0
    outer loop
      vertex 50.3181 63.3087 1.5
      vertex 50.3065 63.3393 1.2
      vertex 50.3065 63.3393 1.5
    endloop
  endfacet
  facet normal 0.935067 0.35447 0
    outer loop
      vertex 50.3065 63.3393 1.2
      vertex 50.3181 63.3087 1.5
      vertex 50.3181 63.3087 1.2
    endloop
  endfacet
  facet normal 0.470271 -0.882522 0
    outer loop
      vertex 50.53 63.933 1.2
      vertex 50.5589 63.9484 1.5
      vertex 50.53 63.933 1.5
    endloop
  endfacet
  facet normal 0.470271 -0.882522 0
    outer loop
      vertex 50.5589 63.9484 1.5
      vertex 50.53 63.933 1.2
      vertex 50.5589 63.9484 1.2
    endloop
  endfacet
  facet normal 0.849026 0.528351 0
    outer loop
      vertex 50.3643 63.2222 1.5
      vertex 50.347 63.25 1.2
      vertex 50.347 63.25 1.5
    endloop
  endfacet
  facet normal 0.849026 0.528351 0
    outer loop
      vertex 50.347 63.25 1.2
      vertex 50.3643 63.2222 1.5
      vertex 50.3643 63.2222 1.2
    endloop
  endfacet
  facet normal 0.412651 0.910889 -0
    outer loop
      vertex 50.5887 63.0381 1.2
      vertex 50.5589 63.0516 1.5
      vertex 50.5887 63.0381 1.5
    endloop
  endfacet
  facet normal 0.412651 0.910889 0
    outer loop
      vertex 50.5589 63.0516 1.5
      vertex 50.5887 63.0381 1.2
      vertex 50.5589 63.0516 1.2
    endloop
  endfacet
  facet normal -0.635065 0.772459 0
    outer loop
      vertex 51.1097 63.1241 1.2
      vertex 51.0844 63.1033 1.5
      vertex 51.1097 63.1241 1.5
    endloop
  endfacet
  facet normal -0.635065 0.772459 0
    outer loop
      vertex 51.0844 63.1033 1.5
      vertex 51.1097 63.1241 1.2
      vertex 51.0844 63.1033 1.2
    endloop
  endfacet
  facet normal -0.290432 -0.956896 0
    outer loop
      vertex 50.9094 63.983 1.2
      vertex 50.9407 63.9735 1.5
      vertex 50.9094 63.983 1.5
    endloop
  endfacet
  facet normal -0.290432 -0.956896 -0
    outer loop
      vertex 50.9407 63.9735 1.5
      vertex 50.9094 63.983 1.2
      vertex 50.9407 63.9735 1.2
    endloop
  endfacet
  facet normal 0.581238 0.813733 -0
    outer loop
      vertex 50.5022 63.0843 1.2
      vertex 50.4756 63.1033 1.5
      vertex 50.5022 63.0843 1.5
    endloop
  endfacet
  facet normal 0.581238 0.813733 0
    outer loop
      vertex 50.4756 63.1033 1.5
      vertex 50.5022 63.0843 1.2
      vertex 50.4756 63.1033 1.2
    endloop
  endfacet
  facet normal 0.935067 -0.35447 0
    outer loop
      vertex 50.3065 63.6607 1.5
      vertex 50.3181 63.6913 1.2
      vertex 50.3181 63.6913 1.5
    endloop
  endfacet
  facet normal 0.935067 -0.35447 0
    outer loop
      vertex 50.3181 63.6913 1.2
      vertex 50.3065 63.6607 1.5
      vertex 50.3065 63.6607 1.2
    endloop
  endfacet
  facet normal 0.813733 -0.581238 0
    outer loop
      vertex 50.3643 63.7778 1.5
      vertex 50.3833 63.8044 1.2
      vertex 50.3833 63.8044 1.5
    endloop
  endfacet
  facet normal 0.813733 -0.581238 0
    outer loop
      vertex 50.3833 63.8044 1.2
      vertex 50.3643 63.7778 1.5
      vertex 50.3643 63.7778 1.2
    endloop
  endfacet
  facet normal 0.999435 -0.0336201 0
    outer loop
      vertex 50.28 63.5 1.5
      vertex 50.2811 63.5327 1.2
      vertex 50.2811 63.5327 1.5
    endloop
  endfacet
  facet normal 0.999435 -0.0336201 0
    outer loop
      vertex 50.2811 63.5327 1.2
      vertex 50.28 63.5 1.5
      vertex 50.28 63.5 1.2
    endloop
  endfacet
  facet normal 0.999435 0.0336201 0
    outer loop
      vertex 50.2811 63.4673 1.5
      vertex 50.28 63.5 1.2
      vertex 50.28 63.5 1.5
    endloop
  endfacet
  facet normal 0.999435 0.0336201 0
    outer loop
      vertex 50.28 63.5 1.2
      vertex 50.2811 63.4673 1.5
      vertex 50.2811 63.4673 1.2
    endloop
  endfacet
  facet normal 0.882522 0.470271 0
    outer loop
      vertex 50.347 63.25 1.5
      vertex 50.3316 63.2789 1.2
      vertex 50.3316 63.2789 1.5
    endloop
  endfacet
  facet normal 0.882522 0.470271 0
    outer loop
      vertex 50.3316 63.2789 1.2
      vertex 50.347 63.25 1.5
      vertex 50.347 63.25 1.2
    endloop
  endfacet
  facet normal -0.225974 -0.974133 0
    outer loop
      vertex 50.8775 63.9904 1.2
      vertex 50.9094 63.983 1.5
      vertex 50.8775 63.9904 1.5
    endloop
  endfacet
  facet normal -0.225974 -0.974133 -0
    outer loop
      vertex 50.9094 63.983 1.5
      vertex 50.8775 63.9904 1.2
      vertex 50.9094 63.983 1.2
    endloop
  endfacet
  facet normal 0.528351 0.849026 -0
    outer loop
      vertex 50.53 63.067 1.2
      vertex 50.5022 63.0843 1.5
      vertex 50.53 63.067 1.5
    endloop
  endfacet
  facet normal 0.528351 0.849026 0
    outer loop
      vertex 50.5022 63.0843 1.5
      vertex 50.53 63.067 1.2
      vertex 50.5022 63.0843 1.2
    endloop
  endfacet
  facet normal 0.35447 0.935067 -0
    outer loop
      vertex 50.6193 63.0265 1.2
      vertex 50.5887 63.0381 1.5
      vertex 50.6193 63.0265 1.5
    endloop
  endfacet
  facet normal 0.35447 0.935067 0
    outer loop
      vertex 50.5887 63.0381 1.5
      vertex 50.6193 63.0265 1.2
      vertex 50.5887 63.0381 1.2
    endloop
  endfacet
  facet normal 0.910889 -0.412651 0
    outer loop
      vertex 50.3181 63.6913 1.5
      vertex 50.3316 63.7211 1.2
      vertex 50.3316 63.7211 1.5
    endloop
  endfacet
  facet normal 0.910889 -0.412651 0
    outer loop
      vertex 50.3316 63.7211 1.2
      vertex 50.3181 63.6913 1.5
      vertex 50.3181 63.6913 1.2
    endloop
  endfacet
  facet normal -0.995217 -0.09769 0
    outer loop
      vertex 34.8244 54.0327 1.2
      vertex 34.8212 54.0653 1.5
      vertex 34.8212 54.0653 1.2
    endloop
  endfacet
  facet normal -0.995217 -0.09769 0
    outer loop
      vertex 34.8212 54.0653 1.5
      vertex 34.8244 54.0327 1.2
      vertex 34.8244 54.0327 1.5
    endloop
  endfacet
  facet normal -0.999435 -0.0336201 0
    outer loop
      vertex 34.8255 54 1.2
      vertex 34.8244 54.0327 1.5
      vertex 34.8244 54.0327 1.2
    endloop
  endfacet
  facet normal -0.999435 -0.0336201 0
    outer loop
      vertex 34.8244 54.0327 1.5
      vertex 34.8255 54 1.2
      vertex 34.8255 54 1.5
    endloop
  endfacet
  facet normal -0.850396 0.526144 0
    outer loop
      vertex 34.7413 53.7222 1.2
      vertex 34.7585 53.75 1.5
      vertex 34.7585 53.75 1.2
    endloop
  endfacet
  facet normal -0.850396 0.526144 0
    outer loop
      vertex 34.7585 53.75 1.5
      vertex 34.7413 53.7222 1.2
      vertex 34.7413 53.7222 1.5
    endloop
  endfacet
  facet normal -0.731157 -0.682209 0
    outer loop
      vertex 34.7014 54.3297 1.2
      vertex 34.6791 54.3536 1.5
      vertex 34.6791 54.3536 1.2
    endloop
  endfacet
  facet normal -0.731157 -0.682209 0
    outer loop
      vertex 34.6791 54.3536 1.5
      vertex 34.7014 54.3297 1.2
      vertex 34.7014 54.3297 1.5
    endloop
  endfacet
  facet normal 0.161921 -0.986804 0
    outer loop
      vertex 34.228 54.4904 1.2
      vertex 34.2603 54.4957 1.5
      vertex 34.228 54.4904 1.5
    endloop
  endfacet
  facet normal 0.161921 -0.986804 0
    outer loop
      vertex 34.2603 54.4957 1.5
      vertex 34.228 54.4904 1.2
      vertex 34.2603 54.4957 1.2
    endloop
  endfacet
  facet normal -0.290432 -0.956896 0
    outer loop
      vertex 34.4549 54.483 1.2
      vertex 34.4862 54.4735 1.5
      vertex 34.4549 54.483 1.5
    endloop
  endfacet
  facet normal -0.290432 -0.956896 -0
    outer loop
      vertex 34.4862 54.4735 1.5
      vertex 34.4549 54.483 1.2
      vertex 34.4862 54.4735 1.2
    endloop
  endfacet
  facet normal -0.999435 0.0336201 0
    outer loop
      vertex 34.8244 53.9673 1.2
      vertex 34.8255 54 1.5
      vertex 34.8255 54 1.2
    endloop
  endfacet
  facet normal -0.999435 0.0336201 0
    outer loop
      vertex 34.8255 54 1.5
      vertex 34.8244 53.9673 1.2
      vertex 34.8244 53.9673 1.5
    endloop
  endfacet
  facet normal -0.09769 -0.995217 0
    outer loop
      vertex 34.3582 54.4989 1.2
      vertex 34.3908 54.4957 1.5
      vertex 34.3582 54.4989 1.5
    endloop
  endfacet
  facet normal -0.09769 -0.995217 -0
    outer loop
      vertex 34.3908 54.4957 1.5
      vertex 34.3582 54.4989 1.2
      vertex 34.3908 54.4957 1.2
    endloop
  endfacet
  facet normal -0.0336201 -0.999435 0
    outer loop
      vertex 34.3255 54.5 1.2
      vertex 34.3582 54.4989 1.5
      vertex 34.3255 54.5 1.5
    endloop
  endfacet
  facet normal -0.0336201 -0.999435 -0
    outer loop
      vertex 34.3582 54.4989 1.5
      vertex 34.3255 54.5 1.2
      vertex 34.3582 54.4989 1.2
    endloop
  endfacet
  facet normal -0.986723 0.162411 0
    outer loop
      vertex 34.8159 53.9025 1.2
      vertex 34.8212 53.9347 1.5
      vertex 34.8212 53.9347 1.2
    endloop
  endfacet
  facet normal -0.986723 0.162411 0
    outer loop
      vertex 34.8212 53.9347 1.5
      vertex 34.8159 53.9025 1.2
      vertex 34.8159 53.9025 1.5
    endloop
  endfacet
  facet normal 0.936078 -0.351794 0
    outer loop
      vertex 33.8521 54.1607 1.5
      vertex 33.8636 54.1913 1.2
      vertex 33.8636 54.1913 1.5
    endloop
  endfacet
  facet normal 0.936078 -0.351794 0
    outer loop
      vertex 33.8636 54.1913 1.2
      vertex 33.8521 54.1607 1.5
      vertex 33.8521 54.1607 1.2
    endloop
  endfacet
  facet normal -0.881253 0.472644 0
    outer loop
      vertex 34.7585 53.75 1.2
      vertex 34.774 53.7789 1.5
      vertex 34.774 53.7789 1.2
    endloop
  endfacet
  facet normal -0.881253 0.472644 0
    outer loop
      vertex 34.774 53.7789 1.5
      vertex 34.7585 53.75 1.2
      vertex 34.7585 53.75 1.5
    endloop
  endfacet
  facet normal 0.986723 -0.162411 0
    outer loop
      vertex 33.8298 54.0653 1.5
      vertex 33.8351 54.0975 1.2
      vertex 33.8351 54.0975 1.5
    endloop
  endfacet
  facet normal 0.986723 -0.162411 0
    outer loop
      vertex 33.8351 54.0975 1.2
      vertex 33.8298 54.0653 1.5
      vertex 33.8298 54.0653 1.2
    endloop
  endfacet
  facet normal 0.956896 -0.290432 0
    outer loop
      vertex 33.8426 54.1294 1.5
      vertex 33.8521 54.1607 1.2
      vertex 33.8521 54.1607 1.5
    endloop
  endfacet
  facet normal 0.956896 -0.290432 0
    outer loop
      vertex 33.8521 54.1607 1.2
      vertex 33.8426 54.1294 1.5
      vertex 33.8426 54.1294 1.2
    endloop
  endfacet
  facet normal -0.581238 -0.813733 0
    outer loop
      vertex 34.6033 54.4157 1.2
      vertex 34.6299 54.3967 1.5
      vertex 34.6033 54.4157 1.5
    endloop
  endfacet
  facet normal -0.581238 -0.813733 -0
    outer loop
      vertex 34.6299 54.3967 1.5
      vertex 34.6033 54.4157 1.2
      vertex 34.6299 54.3967 1.2
    endloop
  endfacet
  facet normal -0.956896 -0.290432 0
    outer loop
      vertex 34.8085 54.1294 1.2
      vertex 34.799 54.1607 1.5
      vertex 34.799 54.1607 1.2
    endloop
  endfacet
  facet normal -0.956896 -0.290432 0
    outer loop
      vertex 34.799 54.1607 1.5
      vertex 34.8085 54.1294 1.2
      vertex 34.8085 54.1294 1.5
    endloop
  endfacet
  facet normal 0.0336201 0.999435 -0
    outer loop
      vertex 34.3255 53.5 1.2
      vertex 34.2928 53.5011 1.5
      vertex 34.3255 53.5 1.5
    endloop
  endfacet
  facet normal 0.0336201 0.999435 0
    outer loop
      vertex 34.2928 53.5011 1.5
      vertex 34.3255 53.5 1.2
      vertex 34.2928 53.5011 1.2
    endloop
  endfacet
  facet normal -0.995217 0.09769 0
    outer loop
      vertex 34.8212 53.9347 1.2
      vertex 34.8244 53.9673 1.5
      vertex 34.8244 53.9673 1.2
    endloop
  endfacet
  facet normal -0.995217 0.09769 0
    outer loop
      vertex 34.8244 53.9673 1.5
      vertex 34.8212 53.9347 1.2
      vertex 34.8212 53.9347 1.5
    endloop
  endfacet
  facet normal -0.412651 -0.910889 0
    outer loop
      vertex 34.5169 54.4619 1.2
      vertex 34.5467 54.4484 1.5
      vertex 34.5169 54.4619 1.5
    endloop
  endfacet
  facet normal -0.412651 -0.910889 -0
    outer loop
      vertex 34.5467 54.4484 1.5
      vertex 34.5169 54.4619 1.2
      vertex 34.5467 54.4484 1.2
    endloop
  endfacet
  facet normal -0.936078 0.351794 0
    outer loop
      vertex 34.7875 53.8087 1.2
      vertex 34.799 53.8393 1.5
      vertex 34.799 53.8393 1.2
    endloop
  endfacet
  facet normal -0.936078 0.351794 0
    outer loop
      vertex 34.799 53.8393 1.5
      vertex 34.7875 53.8087 1.2
      vertex 34.7875 53.8087 1.5
    endloop
  endfacet
  facet normal -0.910889 -0.412651 0
    outer loop
      vertex 34.7875 54.1913 1.2
      vertex 34.774 54.2211 1.5
      vertex 34.774 54.2211 1.2
    endloop
  endfacet
  facet normal -0.910889 -0.412651 0
    outer loop
      vertex 34.774 54.2211 1.5
      vertex 34.7875 54.1913 1.2
      vertex 34.7875 54.1913 1.5
    endloop
  endfacet
  facet normal 0.35447 -0.935067 0
    outer loop
      vertex 34.1342 54.4619 1.2
      vertex 34.1648 54.4735 1.5
      vertex 34.1342 54.4619 1.5
    endloop
  endfacet
  facet normal 0.35447 -0.935067 0
    outer loop
      vertex 34.1648 54.4735 1.5
      vertex 34.1342 54.4619 1.2
      vertex 34.1648 54.4735 1.2
    endloop
  endfacet
  facet normal 0.290432 0.956896 -0
    outer loop
      vertex 34.1961 53.517 1.2
      vertex 34.1648 53.5265 1.5
      vertex 34.1961 53.517 1.5
    endloop
  endfacet
  facet normal 0.290432 0.956896 0
    outer loop
      vertex 34.1648 53.5265 1.5
      vertex 34.1961 53.517 1.2
      vertex 34.1648 53.5265 1.2
    endloop
  endfacet
  facet normal -0.09769 0.995217 0
    outer loop
      vertex 34.3908 53.5043 1.2
      vertex 34.3582 53.5011 1.5
      vertex 34.3908 53.5043 1.5
    endloop
  endfacet
  facet normal -0.09769 0.995217 0
    outer loop
      vertex 34.3582 53.5011 1.5
      vertex 34.3908 53.5043 1.2
      vertex 34.3582 53.5011 1.2
    endloop
  endfacet
  facet normal 0.936078 0.351794 0
    outer loop
      vertex 33.8636 53.8087 1.5
      vertex 33.8521 53.8393 1.2
      vertex 33.8521 53.8393 1.5
    endloop
  endfacet
  facet normal 0.936078 0.351794 0
    outer loop
      vertex 33.8521 53.8393 1.2
      vertex 33.8636 53.8087 1.5
      vertex 33.8636 53.8087 1.2
    endloop
  endfacet
  facet normal 0.225974 0.974133 -0
    outer loop
      vertex 34.228 53.5096 1.2
      vertex 34.1961 53.517 1.5
      vertex 34.228 53.5096 1.5
    endloop
  endfacet
  facet normal 0.225974 0.974133 0
    outer loop
      vertex 34.1961 53.517 1.5
      vertex 34.228 53.5096 1.2
      vertex 34.1961 53.517 1.2
    endloop
  endfacet
  facet normal 0.882522 0.470271 0
    outer loop
      vertex 33.8925 53.75 1.5
      vertex 33.8771 53.7789 1.2
      vertex 33.8771 53.7789 1.5
    endloop
  endfacet
  facet normal 0.882522 0.470271 0
    outer loop
      vertex 33.8771 53.7789 1.2
      vertex 33.8925 53.75 1.5
      vertex 33.8925 53.75 1.2
    endloop
  endfacet
  facet normal -0.290432 0.956896 0
    outer loop
      vertex 34.4862 53.5265 1.2
      vertex 34.4549 53.517 1.5
      vertex 34.4862 53.5265 1.5
    endloop
  endfacet
  facet normal -0.290432 0.956896 0
    outer loop
      vertex 34.4549 53.517 1.5
      vertex 34.4862 53.5265 1.2
      vertex 34.4549 53.517 1.2
    endloop
  endfacet
  facet normal -0.812287 0.583258 0
    outer loop
      vertex 34.7222 53.6956 1.2
      vertex 34.7413 53.7222 1.5
      vertex 34.7413 53.7222 1.2
    endloop
  endfacet
  facet normal -0.812287 0.583258 0
    outer loop
      vertex 34.7413 53.7222 1.5
      vertex 34.7222 53.6956 1.2
      vertex 34.7222 53.6956 1.5
    endloop
  endfacet
  facet normal -0.974133 -0.225974 0
    outer loop
      vertex 34.8159 54.0975 1.2
      vertex 34.8085 54.1294 1.5
      vertex 34.8085 54.1294 1.2
    endloop
  endfacet
  facet normal -0.974133 -0.225974 0
    outer loop
      vertex 34.8085 54.1294 1.5
      vertex 34.8159 54.0975 1.2
      vertex 34.8159 54.0975 1.5
    endloop
  endfacet
  facet normal -0.731157 0.682209 0
    outer loop
      vertex 34.6791 53.6464 1.2
      vertex 34.7014 53.6703 1.5
      vertex 34.7014 53.6703 1.2
    endloop
  endfacet
  facet normal -0.731157 0.682209 0
    outer loop
      vertex 34.7014 53.6703 1.5
      vertex 34.6791 53.6464 1.2
      vertex 34.6791 53.6464 1.5
    endloop
  endfacet
  facet normal -0.412651 0.910889 0
    outer loop
      vertex 34.5467 53.5516 1.2
      vertex 34.5169 53.5381 1.5
      vertex 34.5467 53.5516 1.5
    endloop
  endfacet
  facet normal -0.412651 0.910889 0
    outer loop
      vertex 34.5169 53.5381 1.5
      vertex 34.5467 53.5516 1.2
      vertex 34.5169 53.5381 1.2
    endloop
  endfacet
  facet normal -0.974133 0.225974 0
    outer loop
      vertex 34.8085 53.8706 1.2
      vertex 34.8159 53.9025 1.5
      vertex 34.8159 53.9025 1.2
    endloop
  endfacet
  facet normal -0.974133 0.225974 0
    outer loop
      vertex 34.8159 53.9025 1.5
      vertex 34.8085 53.8706 1.2
      vertex 34.8085 53.8706 1.5
    endloop
  endfacet
  facet normal 0.581238 -0.813733 0
    outer loop
      vertex 34.0211 54.3967 1.2
      vertex 34.0477 54.4157 1.5
      vertex 34.0211 54.3967 1.5
    endloop
  endfacet
  facet normal 0.581238 -0.813733 0
    outer loop
      vertex 34.0477 54.4157 1.5
      vertex 34.0211 54.3967 1.2
      vertex 34.0477 54.4157 1.2
    endloop
  endfacet
  facet normal 0.290432 -0.956896 0
    outer loop
      vertex 34.1648 54.4735 1.2
      vertex 34.1961 54.483 1.5
      vertex 34.1648 54.4735 1.5
    endloop
  endfacet
  facet normal 0.290432 -0.956896 0
    outer loop
      vertex 34.1961 54.483 1.5
      vertex 34.1648 54.4735 1.2
      vertex 34.1961 54.483 1.2
    endloop
  endfacet
  facet normal 0.999435 0.0336201 0
    outer loop
      vertex 33.8266 53.9673 1.5
      vertex 33.8255 54 1.2
      vertex 33.8255 54 1.5
    endloop
  endfacet
  facet normal 0.999435 0.0336201 0
    outer loop
      vertex 33.8255 54 1.2
      vertex 33.8266 53.9673 1.5
      vertex 33.8266 53.9673 1.2
    endloop
  endfacet
  facet normal 0.528351 -0.849026 0
    outer loop
      vertex 34.0477 54.4157 1.2
      vertex 34.0755 54.433 1.5
      vertex 34.0477 54.4157 1.5
    endloop
  endfacet
  facet normal 0.528351 -0.849026 0
    outer loop
      vertex 34.0755 54.433 1.5
      vertex 34.0477 54.4157 1.2
      vertex 34.0755 54.433 1.2
    endloop
  endfacet
  facet normal 0.683737 0.729728 -0
    outer loop
      vertex 33.9958 53.6241 1.2
      vertex 33.972 53.6464 1.5
      vertex 33.9958 53.6241 1.5
    endloop
  endfacet
  facet normal 0.683737 0.729728 0
    outer loop
      vertex 33.972 53.6464 1.5
      vertex 33.9958 53.6241 1.2
      vertex 33.972 53.6464 1.2
    endloop
  endfacet
  facet normal -0.0336201 0.999435 0
    outer loop
      vertex 34.3582 53.5011 1.2
      vertex 34.3255 53.5 1.5
      vertex 34.3582 53.5011 1.5
    endloop
  endfacet
  facet normal -0.0336201 0.999435 0
    outer loop
      vertex 34.3255 53.5 1.5
      vertex 34.3582 53.5011 1.2
      vertex 34.3255 53.5 1.2
    endloop
  endfacet
  facet normal 0.772459 0.635065 0
    outer loop
      vertex 33.9496 53.6703 1.5
      vertex 33.9288 53.6956 1.2
      vertex 33.9288 53.6956 1.5
    endloop
  endfacet
  facet normal 0.772459 0.635065 0
    outer loop
      vertex 33.9288 53.6956 1.2
      vertex 33.9496 53.6703 1.5
      vertex 33.9496 53.6703 1.2
    endloop
  endfacet
  facet normal -0.635065 -0.772459 0
    outer loop
      vertex 34.6299 54.3967 1.2
      vertex 34.6552 54.3759 1.5
      vertex 34.6299 54.3967 1.5
    endloop
  endfacet
  facet normal -0.635065 -0.772459 -0
    outer loop
      vertex 34.6552 54.3759 1.5
      vertex 34.6299 54.3967 1.2
      vertex 34.6552 54.3759 1.2
    endloop
  endfacet
  facet normal -0.682209 0.731157 0
    outer loop
      vertex 34.6791 53.6464 1.2
      vertex 34.6552 53.6241 1.5
      vertex 34.6791 53.6464 1.5
    endloop
  endfacet
  facet normal -0.682209 0.731157 0
    outer loop
      vertex 34.6552 53.6241 1.5
      vertex 34.6791 53.6464 1.2
      vertex 34.6552 53.6241 1.2
    endloop
  endfacet
  facet normal 0.910889 -0.412651 0
    outer loop
      vertex 33.8636 54.1913 1.5
      vertex 33.8771 54.2211 1.2
      vertex 33.8771 54.2211 1.5
    endloop
  endfacet
  facet normal 0.910889 -0.412651 0
    outer loop
      vertex 33.8771 54.2211 1.2
      vertex 33.8636 54.1913 1.5
      vertex 33.8636 54.1913 1.2
    endloop
  endfacet
  facet normal -0.682209 -0.731157 0
    outer loop
      vertex 34.6552 54.3759 1.2
      vertex 34.6791 54.3536 1.5
      vertex 34.6552 54.3759 1.5
    endloop
  endfacet
  facet normal -0.682209 -0.731157 -0
    outer loop
      vertex 34.6791 54.3536 1.5
      vertex 34.6552 54.3759 1.2
      vertex 34.6791 54.3536 1.2
    endloop
  endfacet
  facet normal 0.999435 -0.0336201 0
    outer loop
      vertex 33.8255 54 1.5
      vertex 33.8266 54.0327 1.2
      vertex 33.8266 54.0327 1.5
    endloop
  endfacet
  facet normal 0.999435 -0.0336201 0
    outer loop
      vertex 33.8266 54.0327 1.2
      vertex 33.8255 54 1.5
      vertex 33.8255 54 1.2
    endloop
  endfacet
  facet normal -0.850396 -0.526144 0
    outer loop
      vertex 34.7585 54.25 1.2
      vertex 34.7413 54.2778 1.5
      vertex 34.7413 54.2778 1.2
    endloop
  endfacet
  facet normal -0.850396 -0.526144 0
    outer loop
      vertex 34.7413 54.2778 1.5
      vertex 34.7585 54.25 1.2
      vertex 34.7585 54.25 1.5
    endloop
  endfacet
  facet normal -0.881253 -0.472644 0
    outer loop
      vertex 34.774 54.2211 1.2
      vertex 34.7585 54.25 1.5
      vertex 34.7585 54.25 1.2
    endloop
  endfacet
  facet normal -0.881253 -0.472644 0
    outer loop
      vertex 34.7585 54.25 1.5
      vertex 34.774 54.2211 1.2
      vertex 34.774 54.2211 1.5
    endloop
  endfacet
  facet normal 0.683737 -0.729728 0
    outer loop
      vertex 33.972 54.3536 1.2
      vertex 33.9958 54.3759 1.5
      vertex 33.972 54.3536 1.5
    endloop
  endfacet
  facet normal 0.683737 -0.729728 0
    outer loop
      vertex 33.9958 54.3759 1.5
      vertex 33.972 54.3536 1.2
      vertex 33.9958 54.3759 1.2
    endloop
  endfacet
  facet normal 0.0979877 -0.995188 0
    outer loop
      vertex 34.2603 54.4957 1.2
      vertex 34.2928 54.4989 1.5
      vertex 34.2603 54.4957 1.5
    endloop
  endfacet
  facet normal 0.0979877 -0.995188 0
    outer loop
      vertex 34.2928 54.4989 1.5
      vertex 34.2603 54.4957 1.2
      vertex 34.2928 54.4989 1.2
    endloop
  endfacet
  facet normal -0.528351 -0.849026 0
    outer loop
      vertex 34.5755 54.433 1.2
      vertex 34.6033 54.4157 1.5
      vertex 34.5755 54.433 1.5
    endloop
  endfacet
  facet normal -0.528351 -0.849026 -0
    outer loop
      vertex 34.6033 54.4157 1.5
      vertex 34.5755 54.433 1.2
      vertex 34.6033 54.4157 1.2
    endloop
  endfacet
  facet normal 0.813733 -0.581238 0
    outer loop
      vertex 33.9098 54.2778 1.5
      vertex 33.9288 54.3044 1.2
      vertex 33.9288 54.3044 1.5
    endloop
  endfacet
  facet normal 0.813733 -0.581238 0
    outer loop
      vertex 33.9288 54.3044 1.2
      vertex 33.9098 54.2778 1.5
      vertex 33.9098 54.2778 1.2
    endloop
  endfacet
  facet normal -0.471542 0.881844 0
    outer loop
      vertex 34.5755 53.567 1.2
      vertex 34.5467 53.5516 1.5
      vertex 34.5755 53.567 1.5
    endloop
  endfacet
  facet normal -0.471542 0.881844 0
    outer loop
      vertex 34.5467 53.5516 1.5
      vertex 34.5755 53.567 1.2
      vertex 34.5467 53.5516 1.2
    endloop
  endfacet
  facet normal -0.471542 -0.881844 0
    outer loop
      vertex 34.5467 54.4484 1.2
      vertex 34.5755 54.433 1.5
      vertex 34.5467 54.4484 1.5
    endloop
  endfacet
  facet normal -0.471542 -0.881844 -0
    outer loop
      vertex 34.5755 54.433 1.5
      vertex 34.5467 54.4484 1.2
      vertex 34.5755 54.433 1.2
    endloop
  endfacet
  facet normal -0.956896 0.290432 0
    outer loop
      vertex 34.799 53.8393 1.2
      vertex 34.8085 53.8706 1.5
      vertex 34.8085 53.8706 1.2
    endloop
  endfacet
  facet normal -0.956896 0.290432 0
    outer loop
      vertex 34.8085 53.8706 1.5
      vertex 34.799 53.8393 1.2
      vertex 34.799 53.8393 1.5
    endloop
  endfacet
  facet normal -0.772459 0.635065 0
    outer loop
      vertex 34.7014 53.6703 1.2
      vertex 34.7222 53.6956 1.5
      vertex 34.7222 53.6956 1.2
    endloop
  endfacet
  facet normal -0.772459 0.635065 0
    outer loop
      vertex 34.7222 53.6956 1.5
      vertex 34.7014 53.6703 1.2
      vertex 34.7014 53.6703 1.5
    endloop
  endfacet
  facet normal 0.986723 0.162411 0
    outer loop
      vertex 33.8351 53.9025 1.5
      vertex 33.8298 53.9347 1.2
      vertex 33.8298 53.9347 1.5
    endloop
  endfacet
  facet normal 0.986723 0.162411 0
    outer loop
      vertex 33.8298 53.9347 1.2
      vertex 33.8351 53.9025 1.5
      vertex 33.8351 53.9025 1.2
    endloop
  endfacet
  facet normal -0.581238 0.813733 0
    outer loop
      vertex 34.6299 53.6033 1.2
      vertex 34.6033 53.5843 1.5
      vertex 34.6299 53.6033 1.5
    endloop
  endfacet
  facet normal -0.581238 0.813733 0
    outer loop
      vertex 34.6033 53.5843 1.5
      vertex 34.6299 53.6033 1.2
      vertex 34.6033 53.5843 1.2
    endloop
  endfacet
  facet normal 0.772459 -0.635065 0
    outer loop
      vertex 33.9288 54.3044 1.5
      vertex 33.9496 54.3297 1.2
      vertex 33.9496 54.3297 1.5
    endloop
  endfacet
  facet normal 0.772459 -0.635065 0
    outer loop
      vertex 33.9496 54.3297 1.2
      vertex 33.9288 54.3044 1.5
      vertex 33.9288 54.3044 1.2
    endloop
  endfacet
  facet normal -0.635065 0.772459 0
    outer loop
      vertex 34.6552 53.6241 1.2
      vertex 34.6299 53.6033 1.5
      vertex 34.6552 53.6241 1.5
    endloop
  endfacet
  facet normal -0.635065 0.772459 0
    outer loop
      vertex 34.6299 53.6033 1.5
      vertex 34.6552 53.6241 1.2
      vertex 34.6299 53.6033 1.2
    endloop
  endfacet
  facet normal 0.956896 0.290432 0
    outer loop
      vertex 33.8521 53.8393 1.5
      vertex 33.8426 53.8706 1.2
      vertex 33.8426 53.8706 1.5
    endloop
  endfacet
  facet normal 0.956896 0.290432 0
    outer loop
      vertex 33.8426 53.8706 1.2
      vertex 33.8521 53.8393 1.5
      vertex 33.8521 53.8393 1.2
    endloop
  endfacet
  facet normal -0.161921 -0.986804 0
    outer loop
      vertex 34.3908 54.4957 1.2
      vertex 34.4231 54.4904 1.5
      vertex 34.3908 54.4957 1.5
    endloop
  endfacet
  facet normal -0.161921 -0.986804 -0
    outer loop
      vertex 34.4231 54.4904 1.5
      vertex 34.3908 54.4957 1.2
      vertex 34.4231 54.4904 1.2
    endloop
  endfacet
  facet normal 0 0 1
    outer loop
      vertex 34.8244 54.0327 1.2
      vertex 34.8244 53.9673 1.2
      vertex 34.8255 54 1.2
    endloop
  endfacet
  facet normal 0 0 1
    outer loop
      vertex 34.8212 54.0653 1.2
      vertex 34.8244 53.9673 1.2
      vertex 34.8244 54.0327 1.2
    endloop
  endfacet
  facet normal 0 0 1
    outer loop
      vertex 34.8212 54.0653 1.2
      vertex 34.8212 53.9347 1.2
      vertex 34.8244 53.9673 1.2
    endloop
  endfacet
  facet normal 0 0 1
    outer loop
      vertex 34.8159 54.0975 1.2
      vertex 34.8212 53.9347 1.2
      vertex 34.8212 54.0653 1.2
    endloop
  endfacet
  facet normal 0 0 1
    outer loop
      vertex 34.8159 54.0975 1.2
      vertex 34.8159 53.9025 1.2
      vertex 34.8212 53.9347 1.2
    endloop
  endfacet
  facet normal 0 0 1
    outer loop
      vertex 34.8085 54.1294 1.2
      vertex 34.8159 53.9025 1.2
      vertex 34.8159 54.0975 1.2
    endloop
  endfacet
  facet normal 0 0 1
    outer loop
      vertex 34.8085 54.1294 1.2
      vertex 34.8085 53.8706 1.2
      vertex 34.8159 53.9025 1.2
    endloop
  endfacet
  facet normal 0 0 1
    outer loop
      vertex 34.799 54.1607 1.2
      vertex 34.8085 53.8706 1.2
      vertex 34.8085 54.1294 1.2
    endloop
  endfacet
  facet normal 0 0 1
    outer loop
      vertex 34.799 54.1607 1.2
      vertex 34.799 53.8393 1.2
      vertex 34.8085 53.8706 1.2
    endloop
  endfacet
  facet normal 0 0 1
    outer loop
      vertex 34.7875 54.1913 1.2
      vertex 34.799 53.8393 1.2
      vertex 34.799 54.1607 1.2
    endloop
  endfacet
  facet normal 0 0 1
    outer loop
      vertex 34.7875 54.1913 1.2
      vertex 34.7875 53.8087 1.2
      vertex 34.799 53.8393 1.2
    endloop
  endfacet
  facet normal 0 0 1
    outer loop
      vertex 34.774 54.2211 1.2
      vertex 34.7875 53.8087 1.2
      vertex 34.7875 54.1913 1.2
    endloop
  endfacet
  facet normal 0 0 1
    outer loop
      vertex 34.774 54.2211 1.2
      vertex 34.774 53.7789 1.2
      vertex 34.7875 53.8087 1.2
    endloop
  endfacet
  facet normal 0 0 1
    outer loop
      vertex 34.7585 54.25 1.2
      vertex 34.774 53.7789 1.2
      vertex 34.774 54.2211 1.2
    endloop
  endfacet
  facet normal 0 0 1
    outer loop
      vertex 34.7585 54.25 1.2
      vertex 34.7585 53.75 1.2
      vertex 34.774 53.7789 1.2
    endloop
  endfacet
  facet normal 0 0 1
    outer loop
      vertex 34.7413 54.2778 1.2
      vertex 34.7585 53.75 1.2
      vertex 34.7585 54.25 1.2
    endloop
  endfacet
  facet normal 0 0 1
    outer loop
      vertex 34.7413 54.2778 1.2
      vertex 34.7413 53.7222 1.2
      vertex 34.7585 53.75 1.2
    endloop
  endfacet
  facet normal 0 0 1
    outer loop
      vertex 34.7222 54.3044 1.2
      vertex 34.7413 53.7222 1.2
      vertex 34.7413 54.2778 1.2
    endloop
  endfacet
  facet normal 0 0 1
    outer loop
      vertex 34.7222 54.3044 1.2
      vertex 34.7222 53.6956 1.2
      vertex 34.7413 53.7222 1.2
    endloop
  endfacet
  facet normal 0 0 1
    outer loop
      vertex 34.7014 54.3297 1.2
      vertex 34.7222 53.6956 1.2
      vertex 34.7222 54.3044 1.2
    endloop
  endfacet
  facet normal 0 0 1
    outer loop
      vertex 34.7014 54.3297 1.2
      vertex 34.7014 53.6703 1.2
      vertex 34.7222 53.6956 1.2
    endloop
  endfacet
  facet normal 0 0 1
    outer loop
      vertex 34.6791 54.3536 1.2
      vertex 34.7014 53.6703 1.2
      vertex 34.7014 54.3297 1.2
    endloop
  endfacet
  facet normal 0 0 1
    outer loop
      vertex 34.6791 54.3536 1.2
      vertex 34.6791 53.6464 1.2
      vertex 34.7014 53.6703 1.2
    endloop
  endfacet
  facet normal 0 0 1
    outer loop
      vertex 34.6552 54.3759 1.2
      vertex 34.6791 53.6464 1.2
      vertex 34.6791 54.3536 1.2
    endloop
  endfacet
  facet normal 0 0 1
    outer loop
      vertex 34.6552 54.3759 1.2
      vertex 34.6552 53.6241 1.2
      vertex 34.6791 53.6464 1.2
    endloop
  endfacet
  facet normal 0 0 1
    outer loop
      vertex 34.6299 54.3967 1.2
      vertex 34.6552 53.6241 1.2
      vertex 34.6552 54.3759 1.2
    endloop
  endfacet
  facet normal 0 0 1
    outer loop
      vertex 34.6299 54.3967 1.2
      vertex 34.6299 53.6033 1.2
      vertex 34.6552 53.6241 1.2
    endloop
  endfacet
  facet normal 0 0 1
    outer loop
      vertex 34.6033 54.4157 1.2
      vertex 34.6299 53.6033 1.2
      vertex 34.6299 54.3967 1.2
    endloop
  endfacet
  facet normal 0 0 1
    outer loop
      vertex 34.6033 54.4157 1.2
      vertex 34.6033 53.5843 1.2
      vertex 34.6299 53.6033 1.2
    endloop
  endfacet
  facet normal 0 0 1
    outer loop
      vertex 34.5755 54.433 1.2
      vertex 34.6033 53.5843 1.2
      vertex 34.6033 54.4157 1.2
    endloop
  endfacet
  facet normal 0 0 1
    outer loop
      vertex 34.5755 54.433 1.2
      vertex 34.5755 53.567 1.2
      vertex 34.6033 53.5843 1.2
    endloop
  endfacet
  facet normal 0 0 1
    outer loop
      vertex 34.5467 54.4484 1.2
      vertex 34.5755 53.567 1.2
      vertex 34.5755 54.433 1.2
    endloop
  endfacet
  facet normal 0 0 1
    outer loop
      vertex 34.5467 54.4484 1.2
      vertex 34.5467 53.5516 1.2
      vertex 34.5755 53.567 1.2
    endloop
  endfacet
  facet normal 0 0 1
    outer loop
      vertex 34.5169 54.4619 1.2
      vertex 34.5467 53.5516 1.2
      vertex 34.5467 54.4484 1.2
    endloop
  endfacet
  facet normal 0 0 1
    outer loop
      vertex 34.5169 54.4619 1.2
      vertex 34.5169 53.5381 1.2
      vertex 34.5467 53.5516 1.2
    endloop
  endfacet
  facet normal 0 0 1
    outer loop
      vertex 34.4862 54.4735 1.2
      vertex 34.5169 53.5381 1.2
      vertex 34.5169 54.4619 1.2
    endloop
  endfacet
  facet normal 0 0 1
    outer loop
      vertex 34.4862 54.4735 1.2
      vertex 34.4862 53.5265 1.2
      vertex 34.5169 53.5381 1.2
    endloop
  endfacet
  facet normal 0 0 1
    outer loop
      vertex 34.4549 54.483 1.2
      vertex 34.4862 53.5265 1.2
      vertex 34.4862 54.4735 1.2
    endloop
  endfacet
  facet normal 0 0 1
    outer loop
      vertex 34.4549 54.483 1.2
      vertex 34.4549 53.517 1.2
      vertex 34.4862 53.5265 1.2
    endloop
  endfacet
  facet normal 0 0 1
    outer loop
      vertex 34.4231 54.4904 1.2
      vertex 34.4549 53.517 1.2
      vertex 34.4549 54.483 1.2
    endloop
  endfacet
  facet normal 0 0 1
    outer loop
      vertex 34.4231 54.4904 1.2
      vertex 34.4231 53.5096 1.2
      vertex 34.4549 53.517 1.2
    endloop
  endfacet
  facet normal 0 0 1
    outer loop
      vertex 34.3908 54.4957 1.2
      vertex 34.4231 53.5096 1.2
      vertex 34.4231 54.4904 1.2
    endloop
  endfacet
  facet normal 0 0 1
    outer loop
      vertex 34.3908 54.4957 1.2
      vertex 34.3908 53.5043 1.2
      vertex 34.4231 53.5096 1.2
    endloop
  endfacet
  facet normal 0 0 1
    outer loop
      vertex 34.3582 54.4989 1.2
      vertex 34.3908 53.5043 1.2
      vertex 34.3908 54.4957 1.2
    endloop
  endfacet
  facet normal 0 0 1
    outer loop
      vertex 34.3582 54.4989 1.2
      vertex 34.3582 53.5011 1.2
      vertex 34.3908 53.5043 1.2
    endloop
  endfacet
  facet normal 0 0 1
    outer loop
      vertex 34.3255 54.5 1.2
      vertex 34.3582 53.5011 1.2
      vertex 34.3582 54.4989 1.2
    endloop
  endfacet
  facet normal 0 0 1
    outer loop
      vertex 34.3255 54.5 1.2
      vertex 34.3255 53.5 1.2
      vertex 34.3582 53.5011 1.2
    endloop
  endfacet
  facet normal -0 0 1
    outer loop
      vertex 34.2928 54.4989 1.2
      vertex 34.3255 53.5 1.2
      vertex 34.3255 54.5 1.2
    endloop
  endfacet
  facet normal 0 0 1
    outer loop
      vertex 34.2928 54.4989 1.2
      vertex 34.2928 53.5011 1.2
      vertex 34.3255 53.5 1.2
    endloop
  endfacet
  facet normal -0 0 1
    outer loop
      vertex 34.2603 54.4957 1.2
      vertex 34.2928 53.5011 1.2
      vertex 34.2928 54.4989 1.2
    endloop
  endfacet
  facet normal 0 0 1
    outer loop
      vertex 34.2603 54.4957 1.2
      vertex 34.2603 53.5043 1.2
      vertex 34.2928 53.5011 1.2
    endloop
  endfacet
  facet normal -0 0 1
    outer loop
      vertex 34.228 54.4904 1.2
      vertex 34.2603 53.5043 1.2
      vertex 34.2603 54.4957 1.2
    endloop
  endfacet
  facet normal 0 0 1
    outer loop
      vertex 34.228 54.4904 1.2
      vertex 34.228 53.5096 1.2
      vertex 34.2603 53.5043 1.2
    endloop
  endfacet
  facet normal -0 0 1
    outer loop
      vertex 34.1961 54.483 1.2
      vertex 34.228 53.5096 1.2
      vertex 34.228 54.4904 1.2
    endloop
  endfacet
  facet normal 0 0 1
    outer loop
      vertex 34.1961 54.483 1.2
      vertex 34.1961 53.517 1.2
      vertex 34.228 53.5096 1.2
    endloop
  endfacet
  facet normal -0 0 1
    outer loop
      vertex 34.1648 54.4735 1.2
      vertex 34.1961 53.517 1.2
      vertex 34.1961 54.483 1.2
    endloop
  endfacet
  facet normal 0 0 1
    outer loop
      vertex 34.1648 54.4735 1.2
      vertex 34.1648 53.5265 1.2
      vertex 34.1961 53.517 1.2
    endloop
  endfacet
  facet normal -0 0 1
    outer loop
      vertex 34.1342 54.4619 1.2
      vertex 34.1648 53.5265 1.2
      vertex 34.1648 54.4735 1.2
    endloop
  endfacet
  facet normal 0 0 1
    outer loop
      vertex 34.1342 54.4619 1.2
      vertex 34.1342 53.5381 1.2
      vertex 34.1648 53.5265 1.2
    endloop
  endfacet
  facet normal -0 0 1
    outer loop
      vertex 34.1044 54.4484 1.2
      vertex 34.1342 53.5381 1.2
      vertex 34.1342 54.4619 1.2
    endloop
  endfacet
  facet normal 0 0 1
    outer loop
      vertex 34.1044 54.4484 1.2
      vertex 34.1044 53.5516 1.2
      vertex 34.1342 53.5381 1.2
    endloop
  endfacet
  facet normal -0 0 1
    outer loop
      vertex 34.0755 54.433 1.2
      vertex 34.1044 53.5516 1.2
      vertex 34.1044 54.4484 1.2
    endloop
  endfacet
  facet normal 0 0 1
    outer loop
      vertex 34.0755 54.433 1.2
      vertex 34.0755 53.567 1.2
      vertex 34.1044 53.5516 1.2
    endloop
  endfacet
  facet normal -0 0 1
    outer loop
      vertex 34.0477 54.4157 1.2
      vertex 34.0755 53.567 1.2
      vertex 34.0755 54.433 1.2
    endloop
  endfacet
  facet normal 0 0 1
    outer loop
      vertex 34.0477 54.4157 1.2
      vertex 34.0477 53.5843 1.2
      vertex 34.0755 53.567 1.2
    endloop
  endfacet
  facet normal -0 0 1
    outer loop
      vertex 34.0211 54.3967 1.2
      vertex 34.0477 53.5843 1.2
      vertex 34.0477 54.4157 1.2
    endloop
  endfacet
  facet normal 0 0 1
    outer loop
      vertex 34.0211 54.3967 1.2
      vertex 34.0211 53.6033 1.2
      vertex 34.0477 53.5843 1.2
    endloop
  endfacet
  facet normal -0 0 1
    outer loop
      vertex 33.9958 54.3759 1.2
      vertex 34.0211 53.6033 1.2
      vertex 34.0211 54.3967 1.2
    endloop
  endfacet
  facet normal 0 0 1
    outer loop
      vertex 33.9958 54.3759 1.2
      vertex 33.9958 53.6241 1.2
      vertex 34.0211 53.6033 1.2
    endloop
  endfacet
  facet normal -0 0 1
    outer loop
      vertex 33.972 54.3536 1.2
      vertex 33.9958 53.6241 1.2
      vertex 33.9958 54.3759 1.2
    endloop
  endfacet
  facet normal 0 0 1
    outer loop
      vertex 33.972 54.3536 1.2
      vertex 33.972 53.6464 1.2
      vertex 33.9958 53.6241 1.2
    endloop
  endfacet
  facet normal -0 0 1
    outer loop
      vertex 33.9496 54.3297 1.2
      vertex 33.972 53.6464 1.2
      vertex 33.972 54.3536 1.2
    endloop
  endfacet
  facet normal 0 0 1
    outer loop
      vertex 33.9496 54.3297 1.2
      vertex 33.9496 53.6703 1.2
      vertex 33.972 53.6464 1.2
    endloop
  endfacet
  facet normal -0 0 1
    outer loop
      vertex 33.9288 54.3044 1.2
      vertex 33.9496 53.6703 1.2
      vertex 33.9496 54.3297 1.2
    endloop
  endfacet
  facet normal 0 0 1
    outer loop
      vertex 33.9288 54.3044 1.2
      vertex 33.9288 53.6956 1.2
      vertex 33.9496 53.6703 1.2
    endloop
  endfacet
  facet normal -0 0 1
    outer loop
      vertex 33.9098 54.2778 1.2
      vertex 33.9288 53.6956 1.2
      vertex 33.9288 54.3044 1.2
    endloop
  endfacet
  facet normal 0 0 1
    outer loop
      vertex 33.9098 54.2778 1.2
      vertex 33.9098 53.7222 1.2
      vertex 33.9288 53.6956 1.2
    endloop
  endfacet
  facet normal -0 0 1
    outer loop
      vertex 33.8925 54.25 1.2
      vertex 33.9098 53.7222 1.2
      vertex 33.9098 54.2778 1.2
    endloop
  endfacet
  facet normal 0 0 1
    outer loop
      vertex 33.8925 54.25 1.2
      vertex 33.8925 53.75 1.2
      vertex 33.9098 53.7222 1.2
    endloop
  endfacet
  facet normal -0 0 1
    outer loop
      vertex 33.8771 54.2211 1.2
      vertex 33.8925 53.75 1.2
      vertex 33.8925 54.25 1.2
    endloop
  endfacet
  facet normal 0 0 1
    outer loop
      vertex 33.8771 54.2211 1.2
      vertex 33.8771 53.7789 1.2
      vertex 33.8925 53.75 1.2
    endloop
  endfacet
  facet normal -0 0 1
    outer loop
      vertex 33.8636 54.1913 1.2
      vertex 33.8771 53.7789 1.2
      vertex 33.8771 54.2211 1.2
    endloop
  endfacet
  facet normal 0 0 1
    outer loop
      vertex 33.8636 54.1913 1.2
      vertex 33.8636 53.8087 1.2
      vertex 33.8771 53.7789 1.2
    endloop
  endfacet
  facet normal -0 0 1
    outer loop
      vertex 33.8521 54.1607 1.2
      vertex 33.8636 53.8087 1.2
      vertex 33.8636 54.1913 1.2
    endloop
  endfacet
  facet normal 0 0 1
    outer loop
      vertex 33.8521 54.1607 1.2
      vertex 33.8521 53.8393 1.2
      vertex 33.8636 53.8087 1.2
    endloop
  endfacet
  facet normal -0 0 1
    outer loop
      vertex 33.8426 54.1294 1.2
      vertex 33.8521 53.8393 1.2
      vertex 33.8521 54.1607 1.2
    endloop
  endfacet
  facet normal 0 0 1
    outer loop
      vertex 33.8426 54.1294 1.2
      vertex 33.8426 53.8706 1.2
      vertex 33.8521 53.8393 1.2
    endloop
  endfacet
  facet normal -0 0 1
    outer loop
      vertex 33.8351 54.0975 1.2
      vertex 33.8426 53.8706 1.2
      vertex 33.8426 54.1294 1.2
    endloop
  endfacet
  facet normal 0 0 1
    outer loop
      vertex 33.8351 54.0975 1.2
      vertex 33.8351 53.9025 1.2
      vertex 33.8426 53.8706 1.2
    endloop
  endfacet
  facet normal -0 0 1
    outer loop
      vertex 33.8298 54.0653 1.2
      vertex 33.8351 53.9025 1.2
      vertex 33.8351 54.0975 1.2
    endloop
  endfacet
  facet normal 0 0 1
    outer loop
      vertex 33.8298 54.0653 1.2
      vertex 33.8298 53.9347 1.2
      vertex 33.8351 53.9025 1.2
    endloop
  endfacet
  facet normal -0 0 1
    outer loop
      vertex 33.8266 54.0327 1.2
      vertex 33.8298 53.9347 1.2
      vertex 33.8298 54.0653 1.2
    endloop
  endfacet
  facet normal 0 0 1
    outer loop
      vertex 33.8266 54.0327 1.2
      vertex 33.8266 53.9673 1.2
      vertex 33.8298 53.9347 1.2
    endloop
  endfacet
  facet normal 0 -0 1
    outer loop
      vertex 33.8266 53.9673 1.2
      vertex 33.8266 54.0327 1.2
      vertex 33.8255 54 1.2
    endloop
  endfacet
  facet normal -0.35346 0.93545 0
    outer loop
      vertex 34.5169 53.5381 1.2
      vertex 34.4862 53.5265 1.5
      vertex 34.5169 53.5381 1.5
    endloop
  endfacet
  facet normal -0.35346 0.93545 0
    outer loop
      vertex 34.4862 53.5265 1.5
      vertex 34.5169 53.5381 1.2
      vertex 34.4862 53.5265 1.2
    endloop
  endfacet
  facet normal -0.772459 -0.635065 0
    outer loop
      vertex 34.7222 54.3044 1.2
      vertex 34.7014 54.3297 1.5
      vertex 34.7014 54.3297 1.2
    endloop
  endfacet
  facet normal -0.772459 -0.635065 0
    outer loop
      vertex 34.7014 54.3297 1.5
      vertex 34.7222 54.3044 1.2
      vertex 34.7222 54.3044 1.5
    endloop
  endfacet
  facet normal -0.812287 -0.583258 0
    outer loop
      vertex 34.7413 54.2778 1.2
      vertex 34.7222 54.3044 1.5
      vertex 34.7222 54.3044 1.2
    endloop
  endfacet
  facet normal -0.812287 -0.583258 0
    outer loop
      vertex 34.7222 54.3044 1.5
      vertex 34.7413 54.2778 1.2
      vertex 34.7413 54.2778 1.5
    endloop
  endfacet
  facet normal -0.226649 0.973977 0
    outer loop
      vertex 34.4549 53.517 1.2
      vertex 34.4231 53.5096 1.5
      vertex 34.4549 53.517 1.5
    endloop
  endfacet
  facet normal -0.226649 0.973977 0
    outer loop
      vertex 34.4231 53.5096 1.5
      vertex 34.4549 53.517 1.2
      vertex 34.4231 53.5096 1.2
    endloop
  endfacet
  facet normal -0.936078 -0.351794 0
    outer loop
      vertex 34.799 54.1607 1.2
      vertex 34.7875 54.1913 1.5
      vertex 34.7875 54.1913 1.2
    endloop
  endfacet
  facet normal -0.936078 -0.351794 0
    outer loop
      vertex 34.7875 54.1913 1.5
      vertex 34.799 54.1607 1.2
      vertex 34.799 54.1607 1.5
    endloop
  endfacet
  facet normal 0.973457 0.228869 0
    outer loop
      vertex 33.8426 53.8706 1.5
      vertex 33.8351 53.9025 1.2
      vertex 33.8351 53.9025 1.5
    endloop
  endfacet
  facet normal 0.973457 0.228869 0
    outer loop
      vertex 33.8351 53.9025 1.2
      vertex 33.8426 53.8706 1.5
      vertex 33.8426 53.8706 1.2
    endloop
  endfacet
  facet normal -0.986723 -0.162411 0
    outer loop
      vertex 34.8212 54.0653 1.2
      vertex 34.8159 54.0975 1.5
      vertex 34.8159 54.0975 1.2
    endloop
  endfacet
  facet normal -0.986723 -0.162411 0
    outer loop
      vertex 34.8159 54.0975 1.5
      vertex 34.8212 54.0653 1.2
      vertex 34.8212 54.0653 1.5
    endloop
  endfacet
  facet normal 0.225974 -0.974133 0
    outer loop
      vertex 34.1961 54.483 1.2
      vertex 34.228 54.4904 1.5
      vertex 34.1961 54.483 1.5
    endloop
  endfacet
  facet normal 0.225974 -0.974133 0
    outer loop
      vertex 34.228 54.4904 1.5
      vertex 34.1961 54.483 1.2
      vertex 34.228 54.4904 1.2
    endloop
  endfacet
  facet normal 0.0336201 -0.999435 0
    outer loop
      vertex 34.2928 54.4989 1.2
      vertex 34.3255 54.5 1.5
      vertex 34.2928 54.4989 1.5
    endloop
  endfacet
  facet normal 0.0336201 -0.999435 0
    outer loop
      vertex 34.3255 54.5 1.5
      vertex 34.2928 54.4989 1.2
      vertex 34.3255 54.5 1.2
    endloop
  endfacet
  facet normal 0.973457 -0.228869 0
    outer loop
      vertex 33.8351 54.0975 1.5
      vertex 33.8426 54.1294 1.2
      vertex 33.8426 54.1294 1.5
    endloop
  endfacet
  facet normal 0.973457 -0.228869 0
    outer loop
      vertex 33.8426 54.1294 1.2
      vertex 33.8351 54.0975 1.5
      vertex 33.8351 54.0975 1.2
    endloop
  endfacet
  facet normal 0.849026 -0.528351 0
    outer loop
      vertex 33.8925 54.25 1.5
      vertex 33.9098 54.2778 1.2
      vertex 33.9098 54.2778 1.5
    endloop
  endfacet
  facet normal 0.849026 -0.528351 0
    outer loop
      vertex 33.9098 54.2778 1.2
      vertex 33.8925 54.25 1.5
      vertex 33.8925 54.25 1.2
    endloop
  endfacet
  facet normal -0.910889 0.412651 0
    outer loop
      vertex 34.774 53.7789 1.2
      vertex 34.7875 53.8087 1.5
      vertex 34.7875 53.8087 1.2
    endloop
  endfacet
  facet normal -0.910889 0.412651 0
    outer loop
      vertex 34.7875 53.8087 1.5
      vertex 34.774 53.7789 1.2
      vertex 34.774 53.7789 1.5
    endloop
  endfacet
  facet normal 0.412651 0.910889 -0
    outer loop
      vertex 34.1342 53.5381 1.2
      vertex 34.1044 53.5516 1.5
      vertex 34.1342 53.5381 1.5
    endloop
  endfacet
  facet normal 0.412651 0.910889 0
    outer loop
      vertex 34.1044 53.5516 1.5
      vertex 34.1342 53.5381 1.2
      vertex 34.1044 53.5516 1.2
    endloop
  endfacet
  facet normal 0.995217 0.09769 0
    outer loop
      vertex 33.8298 53.9347 1.5
      vertex 33.8266 53.9673 1.2
      vertex 33.8266 53.9673 1.5
    endloop
  endfacet
  facet normal 0.995217 0.09769 0
    outer loop
      vertex 33.8266 53.9673 1.2
      vertex 33.8298 53.9347 1.5
      vertex 33.8298 53.9347 1.2
    endloop
  endfacet
  facet normal 0.729632 -0.68384 0
    outer loop
      vertex 33.9496 54.3297 1.5
      vertex 33.972 54.3536 1.2
      vertex 33.972 54.3536 1.5
    endloop
  endfacet
  facet normal 0.729632 -0.68384 0
    outer loop
      vertex 33.972 54.3536 1.2
      vertex 33.9496 54.3297 1.5
      vertex 33.9496 54.3297 1.2
    endloop
  endfacet
  facet normal 0.528351 0.849026 -0
    outer loop
      vertex 34.0755 53.567 1.2
      vertex 34.0477 53.5843 1.5
      vertex 34.0755 53.567 1.5
    endloop
  endfacet
  facet normal 0.528351 0.849026 0
    outer loop
      vertex 34.0477 53.5843 1.5
      vertex 34.0755 53.567 1.2
      vertex 34.0477 53.5843 1.2
    endloop
  endfacet
  facet normal 0.995217 -0.09769 0
    outer loop
      vertex 33.8266 54.0327 1.5
      vertex 33.8298 54.0653 1.2
      vertex 33.8298 54.0653 1.5
    endloop
  endfacet
  facet normal 0.995217 -0.09769 0
    outer loop
      vertex 33.8298 54.0653 1.2
      vertex 33.8266 54.0327 1.5
      vertex 33.8266 54.0327 1.2
    endloop
  endfacet
  facet normal 0.813733 0.581238 0
    outer loop
      vertex 33.9288 53.6956 1.5
      vertex 33.9098 53.7222 1.2
      vertex 33.9098 53.7222 1.5
    endloop
  endfacet
  facet normal 0.813733 0.581238 0
    outer loop
      vertex 33.9098 53.7222 1.2
      vertex 33.9288 53.6956 1.5
      vertex 33.9288 53.6956 1.2
    endloop
  endfacet
  facet normal 0.412651 -0.910889 0
    outer loop
      vertex 34.1044 54.4484 1.2
      vertex 34.1342 54.4619 1.5
      vertex 34.1044 54.4484 1.5
    endloop
  endfacet
  facet normal 0.412651 -0.910889 0
    outer loop
      vertex 34.1342 54.4619 1.5
      vertex 34.1044 54.4484 1.2
      vertex 34.1342 54.4619 1.2
    endloop
  endfacet
  facet normal 0.729632 0.68384 0
    outer loop
      vertex 33.972 53.6464 1.5
      vertex 33.9496 53.6703 1.2
      vertex 33.9496 53.6703 1.5
    endloop
  endfacet
  facet normal 0.729632 0.68384 0
    outer loop
      vertex 33.9496 53.6703 1.2
      vertex 33.972 53.6464 1.5
      vertex 33.972 53.6464 1.2
    endloop
  endfacet
  facet normal -0.161921 0.986804 0
    outer loop
      vertex 34.4231 53.5096 1.2
      vertex 34.3908 53.5043 1.5
      vertex 34.4231 53.5096 1.5
    endloop
  endfacet
  facet normal -0.161921 0.986804 0
    outer loop
      vertex 34.3908 53.5043 1.5
      vertex 34.4231 53.5096 1.2
      vertex 34.3908 53.5043 1.2
    endloop
  endfacet
  facet normal 0.581238 0.813733 -0
    outer loop
      vertex 34.0477 53.5843 1.2
      vertex 34.0211 53.6033 1.5
      vertex 34.0477 53.5843 1.5
    endloop
  endfacet
  facet normal 0.581238 0.813733 0
    outer loop
      vertex 34.0211 53.6033 1.5
      vertex 34.0477 53.5843 1.2
      vertex 34.0211 53.6033 1.2
    endloop
  endfacet
  facet normal -0.35346 -0.93545 0
    outer loop
      vertex 34.4862 54.4735 1.2
      vertex 34.5169 54.4619 1.5
      vertex 34.4862 54.4735 1.5
    endloop
  endfacet
  facet normal -0.35346 -0.93545 -0
    outer loop
      vertex 34.5169 54.4619 1.5
      vertex 34.4862 54.4735 1.2
      vertex 34.5169 54.4619 1.2
    endloop
  endfacet
  facet normal 0.635065 -0.772459 0
    outer loop
      vertex 33.9958 54.3759 1.2
      vertex 34.0211 54.3967 1.5
      vertex 33.9958 54.3759 1.5
    endloop
  endfacet
  facet normal 0.635065 -0.772459 0
    outer loop
      vertex 34.0211 54.3967 1.5
      vertex 33.9958 54.3759 1.2
      vertex 34.0211 54.3967 1.2
    endloop
  endfacet
  facet normal 0.849026 0.528351 0
    outer loop
      vertex 33.9098 53.7222 1.5
      vertex 33.8925 53.75 1.2
      vertex 33.8925 53.75 1.5
    endloop
  endfacet
  facet normal 0.849026 0.528351 0
    outer loop
      vertex 33.8925 53.75 1.2
      vertex 33.9098 53.7222 1.5
      vertex 33.9098 53.7222 1.2
    endloop
  endfacet
  facet normal 0.910889 0.412651 0
    outer loop
      vertex 33.8771 53.7789 1.5
      vertex 33.8636 53.8087 1.2
      vertex 33.8636 53.8087 1.5
    endloop
  endfacet
  facet normal 0.910889 0.412651 0
    outer loop
      vertex 33.8636 53.8087 1.2
      vertex 33.8771 53.7789 1.5
      vertex 33.8771 53.7789 1.2
    endloop
  endfacet
  facet normal 0.0979877 0.995188 -0
    outer loop
      vertex 34.2928 53.5011 1.2
      vertex 34.2603 53.5043 1.5
      vertex 34.2928 53.5011 1.5
    endloop
  endfacet
  facet normal 0.0979877 0.995188 0
    outer loop
      vertex 34.2603 53.5043 1.5
      vertex 34.2928 53.5011 1.2
      vertex 34.2603 53.5043 1.2
    endloop
  endfacet
  facet normal -0.528351 0.849026 0
    outer loop
      vertex 34.6033 53.5843 1.2
      vertex 34.5755 53.567 1.5
      vertex 34.6033 53.5843 1.5
    endloop
  endfacet
  facet normal -0.528351 0.849026 0
    outer loop
      vertex 34.5755 53.567 1.5
      vertex 34.6033 53.5843 1.2
      vertex 34.5755 53.567 1.2
    endloop
  endfacet
  facet normal 0.470271 0.882522 -0
    outer loop
      vertex 34.1044 53.5516 1.2
      vertex 34.0755 53.567 1.5
      vertex 34.1044 53.5516 1.5
    endloop
  endfacet
  facet normal 0.470271 0.882522 0
    outer loop
      vertex 34.0755 53.567 1.5
      vertex 34.1044 53.5516 1.2
      vertex 34.0755 53.567 1.2
    endloop
  endfacet
  facet normal 0.161921 0.986804 -0
    outer loop
      vertex 34.2603 53.5043 1.2
      vertex 34.228 53.5096 1.5
      vertex 34.2603 53.5043 1.5
    endloop
  endfacet
  facet normal 0.161921 0.986804 0
    outer loop
      vertex 34.228 53.5096 1.5
      vertex 34.2603 53.5043 1.2
      vertex 34.228 53.5096 1.2
    endloop
  endfacet
  facet normal 0.882522 -0.470271 0
    outer loop
      vertex 33.8771 54.2211 1.5
      vertex 33.8925 54.25 1.2
      vertex 33.8925 54.25 1.5
    endloop
  endfacet
  facet normal 0.882522 -0.470271 0
    outer loop
      vertex 33.8925 54.25 1.2
      vertex 33.8771 54.2211 1.5
      vertex 33.8771 54.2211 1.2
    endloop
  endfacet
  facet normal 0.470271 -0.882522 0
    outer loop
      vertex 34.0755 54.433 1.2
      vertex 34.1044 54.4484 1.5
      vertex 34.0755 54.433 1.5
    endloop
  endfacet
  facet normal 0.470271 -0.882522 0
    outer loop
      vertex 34.1044 54.4484 1.5
      vertex 34.0755 54.433 1.2
      vertex 34.1044 54.4484 1.2
    endloop
  endfacet
  facet normal 0.635065 0.772459 -0
    outer loop
      vertex 34.0211 53.6033 1.2
      vertex 33.9958 53.6241 1.5
      vertex 34.0211 53.6033 1.5
    endloop
  endfacet
  facet normal 0.635065 0.772459 0
    outer loop
      vertex 33.9958 53.6241 1.5
      vertex 34.0211 53.6033 1.2
      vertex 33.9958 53.6241 1.2
    endloop
  endfacet
  facet normal 0.35447 0.935067 -0
    outer loop
      vertex 34.1648 53.5265 1.2
      vertex 34.1342 53.5381 1.5
      vertex 34.1648 53.5265 1.5
    endloop
  endfacet
  facet normal 0.35447 0.935067 0
    outer loop
      vertex 34.1342 53.5381 1.5
      vertex 34.1648 53.5265 1.2
      vertex 34.1342 53.5381 1.2
    endloop
  endfacet
  facet normal -0.226649 -0.973977 0
    outer loop
      vertex 34.4231 54.4904 1.2
      vertex 34.4549 54.483 1.5
      vertex 34.4231 54.4904 1.5
    endloop
  endfacet
  facet normal -0.226649 -0.973977 -0
    outer loop
      vertex 34.4549 54.483 1.5
      vertex 34.4231 54.4904 1.2
      vertex 34.4549 54.483 1.2
    endloop
  endfacet
  facet normal -0.995217 -0.09769 0
    outer loop
      vertex 32.2789 44.5327 1.2
      vertex 32.2757 44.5653 1.5
      vertex 32.2757 44.5653 1.2
    endloop
  endfacet
  facet normal -0.995217 -0.09769 0
    outer loop
      vertex 32.2757 44.5653 1.5
      vertex 32.2789 44.5327 1.2
      vertex 32.2789 44.5327 1.5
    endloop
  endfacet
  facet normal -0.999435 -0.0336201 0
    outer loop
      vertex 32.28 44.5 1.2
      vertex 32.2789 44.5327 1.5
      vertex 32.2789 44.5327 1.2
    endloop
  endfacet
  facet normal -0.999435 -0.0336201 0
    outer loop
      vertex 32.2789 44.5327 1.5
      vertex 32.28 44.5 1.2
      vertex 32.28 44.5 1.5
    endloop
  endfacet
  facet normal -0.986723 -0.162411 0
    outer loop
      vertex 32.2757 44.5653 1.2
      vertex 32.2704 44.5975 1.5
      vertex 32.2704 44.5975 1.2
    endloop
  endfacet
  facet normal -0.986723 -0.162411 0
    outer loop
      vertex 32.2704 44.5975 1.5
      vertex 32.2757 44.5653 1.2
      vertex 32.2757 44.5653 1.5
    endloop
  endfacet
  facet normal -0.35447 -0.935067 0
    outer loop
      vertex 31.9407 44.9735 1.2
      vertex 31.9713 44.9619 1.5
      vertex 31.9407 44.9735 1.5
    endloop
  endfacet
  facet normal -0.35447 -0.935067 -0
    outer loop
      vertex 31.9713 44.9619 1.5
      vertex 31.9407 44.9735 1.2
      vertex 31.9713 44.9619 1.2
    endloop
  endfacet
  facet normal 0.731157 0.682209 0
    outer loop
      vertex 31.4264 44.1464 1.5
      vertex 31.4041 44.1703 1.2
      vertex 31.4041 44.1703 1.5
    endloop
  endfacet
  facet normal 0.731157 0.682209 0
    outer loop
      vertex 31.4041 44.1703 1.2
      vertex 31.4264 44.1464 1.5
      vertex 31.4264 44.1464 1.2
    endloop
  endfacet
  facet normal 0 0 1
    outer loop
      vertex 32.2789 44.5327 1.2
      vertex 32.2789 44.4673 1.2
      vertex 32.28 44.5 1.2
    endloop
  endfacet
  facet normal 0 0 1
    outer loop
      vertex 32.2757 44.5653 1.2
      vertex 32.2789 44.4673 1.2
      vertex 32.2789 44.5327 1.2
    endloop
  endfacet
  facet normal 0 0 1
    outer loop
      vertex 32.2757 44.5653 1.2
      vertex 32.2757 44.4347 1.2
      vertex 32.2789 44.4673 1.2
    endloop
  endfacet
  facet normal 0 0 1
    outer loop
      vertex 32.2704 44.5975 1.2
      vertex 32.2757 44.4347 1.2
      vertex 32.2757 44.5653 1.2
    endloop
  endfacet
  facet normal 0 0 1
    outer loop
      vertex 32.2704 44.5975 1.2
      vertex 32.2704 44.4025 1.2
      vertex 32.2757 44.4347 1.2
    endloop
  endfacet
  facet normal 0 0 1
    outer loop
      vertex 32.263 44.6294 1.2
      vertex 32.2704 44.4025 1.2
      vertex 32.2704 44.5975 1.2
    endloop
  endfacet
  facet normal 0 0 1
    outer loop
      vertex 32.263 44.6294 1.2
      vertex 32.263 44.3706 1.2
      vertex 32.2704 44.4025 1.2
    endloop
  endfacet
  facet normal 0 0 1
    outer loop
      vertex 32.2535 44.6607 1.2
      vertex 32.263 44.3706 1.2
      vertex 32.263 44.6294 1.2
    endloop
  endfacet
  facet normal 0 0 1
    outer loop
      vertex 32.2535 44.6607 1.2
      vertex 32.2535 44.3393 1.2
      vertex 32.263 44.3706 1.2
    endloop
  endfacet
  facet normal 0 0 1
    outer loop
      vertex 32.2419 44.6913 1.2
      vertex 32.2535 44.3393 1.2
      vertex 32.2535 44.6607 1.2
    endloop
  endfacet
  facet normal 0 0 1
    outer loop
      vertex 32.2419 44.6913 1.2
      vertex 32.2419 44.3087 1.2
      vertex 32.2535 44.3393 1.2
    endloop
  endfacet
  facet normal 0 0 1
    outer loop
      vertex 32.2284 44.7211 1.2
      vertex 32.2419 44.3087 1.2
      vertex 32.2419 44.6913 1.2
    endloop
  endfacet
  facet normal 0 0 1
    outer loop
      vertex 32.2284 44.7211 1.2
      vertex 32.2284 44.2789 1.2
      vertex 32.2419 44.3087 1.2
    endloop
  endfacet
  facet normal 0 0 1
    outer loop
      vertex 32.213 44.75 1.2
      vertex 32.2284 44.2789 1.2
      vertex 32.2284 44.7211 1.2
    endloop
  endfacet
  facet normal 0 0 1
    outer loop
      vertex 32.213 44.75 1.2
      vertex 32.213 44.25 1.2
      vertex 32.2284 44.2789 1.2
    endloop
  endfacet
  facet normal 0 0 1
    outer loop
      vertex 32.1957 44.7778 1.2
      vertex 32.213 44.25 1.2
      vertex 32.213 44.75 1.2
    endloop
  endfacet
  facet normal 0 0 1
    outer loop
      vertex 32.1957 44.7778 1.2
      vertex 32.1957 44.2222 1.2
      vertex 32.213 44.25 1.2
    endloop
  endfacet
  facet normal 0 0 1
    outer loop
      vertex 32.1767 44.8044 1.2
      vertex 32.1957 44.2222 1.2
      vertex 32.1957 44.7778 1.2
    endloop
  endfacet
  facet normal 0 0 1
    outer loop
      vertex 32.1767 44.8044 1.2
      vertex 32.1767 44.1956 1.2
      vertex 32.1957 44.2222 1.2
    endloop
  endfacet
  facet normal 0 0 1
    outer loop
      vertex 32.1559 44.8297 1.2
      vertex 32.1767 44.1956 1.2
      vertex 32.1767 44.8044 1.2
    endloop
  endfacet
  facet normal 0 0 1
    outer loop
      vertex 32.1559 44.8297 1.2
      vertex 32.1559 44.1703 1.2
      vertex 32.1767 44.1956 1.2
    endloop
  endfacet
  facet normal 0 0 1
    outer loop
      vertex 32.1336 44.8536 1.2
      vertex 32.1559 44.1703 1.2
      vertex 32.1559 44.8297 1.2
    endloop
  endfacet
  facet normal 0 0 1
    outer loop
      vertex 32.1336 44.8536 1.2
      vertex 32.1336 44.1464 1.2
      vertex 32.1559 44.1703 1.2
    endloop
  endfacet
  facet normal 0 0 1
    outer loop
      vertex 32.1097 44.8759 1.2
      vertex 32.1336 44.1464 1.2
      vertex 32.1336 44.8536 1.2
    endloop
  endfacet
  facet normal 0 0 1
    outer loop
      vertex 32.1097 44.8759 1.2
      vertex 32.1097 44.1241 1.2
      vertex 32.1336 44.1464 1.2
    endloop
  endfacet
  facet normal 0 0 1
    outer loop
      vertex 32.0844 44.8967 1.2
      vertex 32.1097 44.1241 1.2
      vertex 32.1097 44.8759 1.2
    endloop
  endfacet
  facet normal 0 0 1
    outer loop
      vertex 32.0844 44.8967 1.2
      vertex 32.0844 44.1033 1.2
      vertex 32.1097 44.1241 1.2
    endloop
  endfacet
  facet normal 0 0 1
    outer loop
      vertex 32.0578 44.9157 1.2
      vertex 32.0844 44.1033 1.2
      vertex 32.0844 44.8967 1.2
    endloop
  endfacet
  facet normal 0 0 1
    outer loop
      vertex 32.0578 44.9157 1.2
      vertex 32.0578 44.0843 1.2
      vertex 32.0844 44.1033 1.2
    endloop
  endfacet
  facet normal 0 0 1
    outer loop
      vertex 32.03 44.933 1.2
      vertex 32.0578 44.0843 1.2
      vertex 32.0578 44.9157 1.2
    endloop
  endfacet
  facet normal 0 0 1
    outer loop
      vertex 32.03 44.933 1.2
      vertex 32.03 44.067 1.2
      vertex 32.0578 44.0843 1.2
    endloop
  endfacet
  facet normal 0 0 1
    outer loop
      vertex 32.0011 44.9484 1.2
      vertex 32.03 44.067 1.2
      vertex 32.03 44.933 1.2
    endloop
  endfacet
  facet normal 0 0 1
    outer loop
      vertex 32.0011 44.9484 1.2
      vertex 32.0011 44.0516 1.2
      vertex 32.03 44.067 1.2
    endloop
  endfacet
  facet normal 0 0 1
    outer loop
      vertex 31.9713 44.9619 1.2
      vertex 32.0011 44.0516 1.2
      vertex 32.0011 44.9484 1.2
    endloop
  endfacet
  facet normal 0 0 1
    outer loop
      vertex 31.9713 44.9619 1.2
      vertex 31.9713 44.0381 1.2
      vertex 32.0011 44.0516 1.2
    endloop
  endfacet
  facet normal 0 0 1
    outer loop
      vertex 31.9407 44.9735 1.2
      vertex 31.9713 44.0381 1.2
      vertex 31.9713 44.9619 1.2
    endloop
  endfacet
  facet normal 0 0 1
    outer loop
      vertex 31.9407 44.9735 1.2
      vertex 31.9407 44.0265 1.2
      vertex 31.9713 44.0381 1.2
    endloop
  endfacet
  facet normal 0 0 1
    outer loop
      vertex 31.9094 44.983 1.2
      vertex 31.9407 44.0265 1.2
      vertex 31.9407 44.9735 1.2
    endloop
  endfacet
  facet normal 0 0 1
    outer loop
      vertex 31.9094 44.983 1.2
      vertex 31.9094 44.017 1.2
      vertex 31.9407 44.0265 1.2
    endloop
  endfacet
  facet normal 0 0 1
    outer loop
      vertex 31.8775 44.9904 1.2
      vertex 31.9094 44.017 1.2
      vertex 31.9094 44.983 1.2
    endloop
  endfacet
  facet normal 0 0 1
    outer loop
      vertex 31.8775 44.9904 1.2
      vertex 31.8775 44.0096 1.2
      vertex 31.9094 44.017 1.2
    endloop
  endfacet
  facet normal 0 0 1
    outer loop
      vertex 31.8453 44.9957 1.2
      vertex 31.8775 44.0096 1.2
      vertex 31.8775 44.9904 1.2
    endloop
  endfacet
  facet normal 0 0 1
    outer loop
      vertex 31.8453 44.9957 1.2
      vertex 31.8453 44.0043 1.2
      vertex 31.8775 44.0096 1.2
    endloop
  endfacet
  facet normal 0 0 1
    outer loop
      vertex 31.8127 44.9989 1.2
      vertex 31.8453 44.0043 1.2
      vertex 31.8453 44.9957 1.2
    endloop
  endfacet
  facet normal 0 0 1
    outer loop
      vertex 31.8127 44.9989 1.2
      vertex 31.8127 44.0011 1.2
      vertex 31.8453 44.0043 1.2
    endloop
  endfacet
  facet normal 0 0 1
    outer loop
      vertex 31.78 45 1.2
      vertex 31.8127 44.0011 1.2
      vertex 31.8127 44.9989 1.2
    endloop
  endfacet
  facet normal 0 0 1
    outer loop
      vertex 31.78 45 1.2
      vertex 31.78 44 1.2
      vertex 31.8127 44.0011 1.2
    endloop
  endfacet
  facet normal -0 0 1
    outer loop
      vertex 31.7473 44.9989 1.2
      vertex 31.78 44 1.2
      vertex 31.78 45 1.2
    endloop
  endfacet
  facet normal 0 0 1
    outer loop
      vertex 31.7473 44.9989 1.2
      vertex 31.7473 44.0011 1.2
      vertex 31.78 44 1.2
    endloop
  endfacet
  facet normal -0 0 1
    outer loop
      vertex 31.7147 44.9957 1.2
      vertex 31.7473 44.0011 1.2
      vertex 31.7473 44.9989 1.2
    endloop
  endfacet
  facet normal 0 0 1
    outer loop
      vertex 31.7147 44.9957 1.2
      vertex 31.7147 44.0043 1.2
      vertex 31.7473 44.0011 1.2
    endloop
  endfacet
  facet normal -0 0 1
    outer loop
      vertex 31.6825 44.9904 1.2
      vertex 31.7147 44.0043 1.2
      vertex 31.7147 44.9957 1.2
    endloop
  endfacet
  facet normal 0 0 1
    outer loop
      vertex 31.6825 44.9904 1.2
      vertex 31.6825 44.0096 1.2
      vertex 31.7147 44.0043 1.2
    endloop
  endfacet
  facet normal -0 0 1
    outer loop
      vertex 31.6506 44.983 1.2
      vertex 31.6825 44.0096 1.2
      vertex 31.6825 44.9904 1.2
    endloop
  endfacet
  facet normal 0 0 1
    outer loop
      vertex 31.6506 44.983 1.2
      vertex 31.6506 44.017 1.2
      vertex 31.6825 44.0096 1.2
    endloop
  endfacet
  facet normal -0 0 1
    outer loop
      vertex 31.6193 44.9735 1.2
      vertex 31.6506 44.017 1.2
      vertex 31.6506 44.983 1.2
    endloop
  endfacet
  facet normal 0 0 1
    outer loop
      vertex 31.6193 44.9735 1.2
      vertex 31.6193 44.0265 1.2
      vertex 31.6506 44.017 1.2
    endloop
  endfacet
  facet normal -0 0 1
    outer loop
      vertex 31.5887 44.9619 1.2
      vertex 31.6193 44.0265 1.2
      vertex 31.6193 44.9735 1.2
    endloop
  endfacet
  facet normal 0 0 1
    outer loop
      vertex 31.5887 44.9619 1.2
      vertex 31.5887 44.0381 1.2
      vertex 31.6193 44.0265 1.2
    endloop
  endfacet
  facet normal -0 0 1
    outer loop
      vertex 31.5589 44.9484 1.2
      vertex 31.5887 44.0381 1.2
      vertex 31.5887 44.9619 1.2
    endloop
  endfacet
  facet normal 0 0 1
    outer loop
      vertex 31.5589 44.9484 1.2
      vertex 31.5589 44.0516 1.2
      vertex 31.5887 44.0381 1.2
    endloop
  endfacet
  facet normal -0 0 1
    outer loop
      vertex 31.53 44.933 1.2
      vertex 31.5589 44.0516 1.2
      vertex 31.5589 44.9484 1.2
    endloop
  endfacet
  facet normal 0 0 1
    outer loop
      vertex 31.53 44.933 1.2
      vertex 31.53 44.067 1.2
      vertex 31.5589 44.0516 1.2
    endloop
  endfacet
  facet normal -0 0 1
    outer loop
      vertex 31.5022 44.9157 1.2
      vertex 31.53 44.067 1.2
      vertex 31.53 44.933 1.2
    endloop
  endfacet
  facet normal 0 0 1
    outer loop
      vertex 31.5022 44.9157 1.2
      vertex 31.5022 44.0843 1.2
      vertex 31.53 44.067 1.2
    endloop
  endfacet
  facet normal -0 0 1
    outer loop
      vertex 31.4756 44.8967 1.2
      vertex 31.5022 44.0843 1.2
      vertex 31.5022 44.9157 1.2
    endloop
  endfacet
  facet normal 0 0 1
    outer loop
      vertex 31.4756 44.8967 1.2
      vertex 31.4756 44.1033 1.2
      vertex 31.5022 44.0843 1.2
    endloop
  endfacet
  facet normal -0 0 1
    outer loop
      vertex 31.4503 44.8759 1.2
      vertex 31.4756 44.1033 1.2
      vertex 31.4756 44.8967 1.2
    endloop
  endfacet
  facet normal 0 0 1
    outer loop
      vertex 31.4503 44.8759 1.2
      vertex 31.4503 44.1241 1.2
      vertex 31.4756 44.1033 1.2
    endloop
  endfacet
  facet normal -0 0 1
    outer loop
      vertex 31.4264 44.8536 1.2
      vertex 31.4503 44.1241 1.2
      vertex 31.4503 44.8759 1.2
    endloop
  endfacet
  facet normal 0 0 1
    outer loop
      vertex 31.4264 44.8536 1.2
      vertex 31.4264 44.1464 1.2
      vertex 31.4503 44.1241 1.2
    endloop
  endfacet
  facet normal -0 0 1
    outer loop
      vertex 31.4041 44.8297 1.2
      vertex 31.4264 44.1464 1.2
      vertex 31.4264 44.8536 1.2
    endloop
  endfacet
  facet normal 0 0 1
    outer loop
      vertex 31.4041 44.8297 1.2
      vertex 31.4041 44.1703 1.2
      vertex 31.4264 44.1464 1.2
    endloop
  endfacet
  facet normal -0 0 1
    outer loop
      vertex 31.3833 44.8044 1.2
      vertex 31.4041 44.1703 1.2
      vertex 31.4041 44.8297 1.2
    endloop
  endfacet
  facet normal 0 0 1
    outer loop
      vertex 31.3833 44.8044 1.2
      vertex 31.3833 44.1956 1.2
      vertex 31.4041 44.1703 1.2
    endloop
  endfacet
  facet normal -0 0 1
    outer loop
      vertex 31.3643 44.7778 1.2
      vertex 31.3833 44.1956 1.2
      vertex 31.3833 44.8044 1.2
    endloop
  endfacet
  facet normal 0 0 1
    outer loop
      vertex 31.3643 44.7778 1.2
      vertex 31.3643 44.2222 1.2
      vertex 31.3833 44.1956 1.2
    endloop
  endfacet
  facet normal -0 0 1
    outer loop
      vertex 31.347 44.75 1.2
      vertex 31.3643 44.2222 1.2
      vertex 31.3643 44.7778 1.2
    endloop
  endfacet
  facet normal 0 0 1
    outer loop
      vertex 31.347 44.75 1.2
      vertex 31.347 44.25 1.2
      vertex 31.3643 44.2222 1.2
    endloop
  endfacet
  facet normal -0 0 1
    outer loop
      vertex 31.3316 44.7211 1.2
      vertex 31.347 44.25 1.2
      vertex 31.347 44.75 1.2
    endloop
  endfacet
  facet normal 0 0 1
    outer loop
      vertex 31.3316 44.7211 1.2
      vertex 31.3316 44.2789 1.2
      vertex 31.347 44.25 1.2
    endloop
  endfacet
  facet normal -0 0 1
    outer loop
      vertex 31.3181 44.6913 1.2
      vertex 31.3316 44.2789 1.2
      vertex 31.3316 44.7211 1.2
    endloop
  endfacet
  facet normal 0 0 1
    outer loop
      vertex 31.3181 44.6913 1.2
      vertex 31.3181 44.3087 1.2
      vertex 31.3316 44.2789 1.2
    endloop
  endfacet
  facet normal -0 0 1
    outer loop
      vertex 31.3065 44.6607 1.2
      vertex 31.3181 44.3087 1.2
      vertex 31.3181 44.6913 1.2
    endloop
  endfacet
  facet normal 0 0 1
    outer loop
      vertex 31.3065 44.6607 1.2
      vertex 31.3065 44.3393 1.2
      vertex 31.3181 44.3087 1.2
    endloop
  endfacet
  facet normal -0 0 1
    outer loop
      vertex 31.297 44.6294 1.2
      vertex 31.3065 44.3393 1.2
      vertex 31.3065 44.6607 1.2
    endloop
  endfacet
  facet normal 0 0 1
    outer loop
      vertex 31.297 44.6294 1.2
      vertex 31.297 44.3706 1.2
      vertex 31.3065 44.3393 1.2
    endloop
  endfacet
  facet normal -0 0 1
    outer loop
      vertex 31.2896 44.5975 1.2
      vertex 31.297 44.3706 1.2
      vertex 31.297 44.6294 1.2
    endloop
  endfacet
  facet normal 0 0 1
    outer loop
      vertex 31.2896 44.5975 1.2
      vertex 31.2896 44.4025 1.2
      vertex 31.297 44.3706 1.2
    endloop
  endfacet
  facet normal -0 0 1
    outer loop
      vertex 31.2843 44.5653 1.2
      vertex 31.2896 44.4025 1.2
      vertex 31.2896 44.5975 1.2
    endloop
  endfacet
  facet normal 0 0 1
    outer loop
      vertex 31.2843 44.5653 1.2
      vertex 31.2843 44.4347 1.2
      vertex 31.2896 44.4025 1.2
    endloop
  endfacet
  facet normal -0 0 1
    outer loop
      vertex 31.2811 44.5327 1.2
      vertex 31.2843 44.4347 1.2
      vertex 31.2843 44.5653 1.2
    endloop
  endfacet
  facet normal 0 0 1
    outer loop
      vertex 31.2811 44.5327 1.2
      vertex 31.2811 44.4673 1.2
      vertex 31.2843 44.4347 1.2
    endloop
  endfacet
  facet normal 0 -0 1
    outer loop
      vertex 31.2811 44.4673 1.2
      vertex 31.2811 44.5327 1.2
      vertex 31.28 44.5 1.2
    endloop
  endfacet
  facet normal -0.813733 0.581238 0
    outer loop
      vertex 32.1767 44.1956 1.2
      vertex 32.1957 44.2222 1.5
      vertex 32.1957 44.2222 1.2
    endloop
  endfacet
  facet normal -0.813733 0.581238 0
    outer loop
      vertex 32.1957 44.2222 1.5
      vertex 32.1767 44.1956 1.2
      vertex 32.1767 44.1956 1.5
    endloop
  endfacet
  facet normal 0.162411 0.986723 -0
    outer loop
      vertex 31.7147 44.0043 1.2
      vertex 31.6825 44.0096 1.5
      vertex 31.7147 44.0043 1.5
    endloop
  endfacet
  facet normal 0.162411 0.986723 0
    outer loop
      vertex 31.6825 44.0096 1.5
      vertex 31.7147 44.0043 1.2
      vertex 31.6825 44.0096 1.2
    endloop
  endfacet
  facet normal -0.974133 -0.225974 0
    outer loop
      vertex 32.2704 44.5975 1.2
      vertex 32.263 44.6294 1.5
      vertex 32.263 44.6294 1.2
    endloop
  endfacet
  facet normal -0.974133 -0.225974 0
    outer loop
      vertex 32.263 44.6294 1.5
      vertex 32.2704 44.5975 1.2
      vertex 32.2704 44.5975 1.5
    endloop
  endfacet
  facet normal -0.581238 0.813733 0
    outer loop
      vertex 32.0844 44.1033 1.2
      vertex 32.0578 44.0843 1.5
      vertex 32.0844 44.1033 1.5
    endloop
  endfacet
  facet normal -0.581238 0.813733 0
    outer loop
      vertex 32.0578 44.0843 1.5
      vertex 32.0844 44.1033 1.2
      vertex 32.0578 44.0843 1.2
    endloop
  endfacet
  facet normal -0.935067 0.35447 0
    outer loop
      vertex 32.2419 44.3087 1.2
      vertex 32.2535 44.3393 1.5
      vertex 32.2535 44.3393 1.2
    endloop
  endfacet
  facet normal -0.935067 0.35447 0
    outer loop
      vertex 32.2535 44.3393 1.5
      vertex 32.2419 44.3087 1.2
      vertex 32.2419 44.3087 1.5
    endloop
  endfacet
  facet normal 0.986723 0.162411 0
    outer loop
      vertex 31.2896 44.4025 1.5
      vertex 31.2843 44.4347 1.2
      vertex 31.2843 44.4347 1.5
    endloop
  endfacet
  facet normal 0.986723 0.162411 0
    outer loop
      vertex 31.2843 44.4347 1.2
      vertex 31.2896 44.4025 1.5
      vertex 31.2896 44.4025 1.2
    endloop
  endfacet
  facet normal -0.731157 -0.682209 0
    outer loop
      vertex 32.1559 44.8297 1.2
      vertex 32.1336 44.8536 1.5
      vertex 32.1336 44.8536 1.2
    endloop
  endfacet
  facet normal -0.731157 -0.682209 0
    outer loop
      vertex 32.1336 44.8536 1.5
      vertex 32.1559 44.8297 1.2
      vertex 32.1559 44.8297 1.5
    endloop
  endfacet
  facet normal -0.09769 0.995217 0
    outer loop
      vertex 31.8453 44.0043 1.2
      vertex 31.8127 44.0011 1.5
      vertex 31.8453 44.0043 1.5
    endloop
  endfacet
  facet normal -0.09769 0.995217 0
    outer loop
      vertex 31.8127 44.0011 1.5
      vertex 31.8453 44.0043 1.2
      vertex 31.8127 44.0011 1.2
    endloop
  endfacet
  facet normal 0.528351 -0.849026 0
    outer loop
      vertex 31.5022 44.9157 1.2
      vertex 31.53 44.933 1.5
      vertex 31.5022 44.9157 1.5
    endloop
  endfacet
  facet normal 0.528351 -0.849026 0
    outer loop
      vertex 31.53 44.933 1.5
      vertex 31.5022 44.9157 1.2
      vertex 31.53 44.933 1.2
    endloop
  endfacet
  facet normal -0.162411 0.986723 0
    outer loop
      vertex 31.8775 44.0096 1.2
      vertex 31.8453 44.0043 1.5
      vertex 31.8775 44.0096 1.5
    endloop
  endfacet
  facet normal -0.162411 0.986723 0
    outer loop
      vertex 31.8453 44.0043 1.5
      vertex 31.8775 44.0096 1.2
      vertex 31.8453 44.0043 1.2
    endloop
  endfacet
  facet normal -0.35447 0.935067 0
    outer loop
      vertex 31.9713 44.0381 1.2
      vertex 31.9407 44.0265 1.5
      vertex 31.9713 44.0381 1.5
    endloop
  endfacet
  facet normal -0.35447 0.935067 0
    outer loop
      vertex 31.9407 44.0265 1.5
      vertex 31.9713 44.0381 1.2
      vertex 31.9407 44.0265 1.2
    endloop
  endfacet
  facet normal -0.528351 -0.849026 0
    outer loop
      vertex 32.03 44.933 1.2
      vertex 32.0578 44.9157 1.5
      vertex 32.03 44.933 1.5
    endloop
  endfacet
  facet normal -0.528351 -0.849026 -0
    outer loop
      vertex 32.0578 44.9157 1.5
      vertex 32.03 44.933 1.2
      vertex 32.0578 44.9157 1.2
    endloop
  endfacet
  facet normal 0.0336201 -0.999435 0
    outer loop
      vertex 31.7473 44.9989 1.2
      vertex 31.78 45 1.5
      vertex 31.7473 44.9989 1.5
    endloop
  endfacet
  facet normal 0.0336201 -0.999435 0
    outer loop
      vertex 31.78 45 1.5
      vertex 31.7473 44.9989 1.2
      vertex 31.78 45 1.2
    endloop
  endfacet
  facet normal 0.731157 -0.682209 0
    outer loop
      vertex 31.4041 44.8297 1.5
      vertex 31.4264 44.8536 1.2
      vertex 31.4264 44.8536 1.5
    endloop
  endfacet
  facet normal 0.731157 -0.682209 0
    outer loop
      vertex 31.4264 44.8536 1.2
      vertex 31.4041 44.8297 1.5
      vertex 31.4041 44.8297 1.2
    endloop
  endfacet
  facet normal -0.956896 0.290432 0
    outer loop
      vertex 32.2535 44.3393 1.2
      vertex 32.263 44.3706 1.5
      vertex 32.263 44.3706 1.2
    endloop
  endfacet
  facet normal -0.956896 0.290432 0
    outer loop
      vertex 32.263 44.3706 1.5
      vertex 32.2535 44.3393 1.2
      vertex 32.2535 44.3393 1.5
    endloop
  endfacet
  facet normal 0.635065 -0.772459 0
    outer loop
      vertex 31.4503 44.8759 1.2
      vertex 31.4756 44.8967 1.5
      vertex 31.4503 44.8759 1.5
    endloop
  endfacet
  facet normal 0.635065 -0.772459 0
    outer loop
      vertex 31.4756 44.8967 1.5
      vertex 31.4503 44.8759 1.2
      vertex 31.4756 44.8967 1.2
    endloop
  endfacet
  facet normal 0.956896 0.290432 0
    outer loop
      vertex 31.3065 44.3393 1.5
      vertex 31.297 44.3706 1.2
      vertex 31.297 44.3706 1.5
    endloop
  endfacet
  facet normal 0.956896 0.290432 0
    outer loop
      vertex 31.297 44.3706 1.2
      vertex 31.3065 44.3393 1.5
      vertex 31.3065 44.3393 1.2
    endloop
  endfacet
  facet normal -0.772459 0.635065 0
    outer loop
      vertex 32.1559 44.1703 1.2
      vertex 32.1767 44.1956 1.5
      vertex 32.1767 44.1956 1.2
    endloop
  endfacet
  facet normal -0.772459 0.635065 0
    outer loop
      vertex 32.1767 44.1956 1.5
      vertex 32.1559 44.1703 1.2
      vertex 32.1559 44.1703 1.5
    endloop
  endfacet
  facet normal -0.986723 0.162411 0
    outer loop
      vertex 32.2704 44.4025 1.2
      vertex 32.2757 44.4347 1.5
      vertex 32.2757 44.4347 1.2
    endloop
  endfacet
  facet normal -0.986723 0.162411 0
    outer loop
      vertex 32.2757 44.4347 1.5
      vertex 32.2704 44.4025 1.2
      vertex 32.2704 44.4025 1.5
    endloop
  endfacet
  facet normal 0.09769 -0.995217 0
    outer loop
      vertex 31.7147 44.9957 1.2
      vertex 31.7473 44.9989 1.5
      vertex 31.7147 44.9957 1.5
    endloop
  endfacet
  facet normal 0.09769 -0.995217 0
    outer loop
      vertex 31.7473 44.9989 1.5
      vertex 31.7147 44.9957 1.2
      vertex 31.7473 44.9989 1.2
    endloop
  endfacet
  facet normal -0.882522 -0.470271 0
    outer loop
      vertex 32.2284 44.7211 1.2
      vertex 32.213 44.75 1.5
      vertex 32.213 44.75 1.2
    endloop
  endfacet
  facet normal -0.882522 -0.470271 0
    outer loop
      vertex 32.213 44.75 1.5
      vertex 32.2284 44.7211 1.2
      vertex 32.2284 44.7211 1.5
    endloop
  endfacet
  facet normal 0.813733 0.581238 0
    outer loop
      vertex 31.3833 44.1956 1.5
      vertex 31.3643 44.2222 1.2
      vertex 31.3643 44.2222 1.5
    endloop
  endfacet
  facet normal 0.813733 0.581238 0
    outer loop
      vertex 31.3643 44.2222 1.2
      vertex 31.3833 44.1956 1.5
      vertex 31.3833 44.1956 1.2
    endloop
  endfacet
  facet normal -0.0336201 0.999435 0
    outer loop
      vertex 31.8127 44.0011 1.2
      vertex 31.78 44 1.5
      vertex 31.8127 44.0011 1.5
    endloop
  endfacet
  facet normal -0.0336201 0.999435 0
    outer loop
      vertex 31.78 44 1.5
      vertex 31.8127 44.0011 1.2
      vertex 31.78 44 1.2
    endloop
  endfacet
  facet normal -0.470271 -0.882522 0
    outer loop
      vertex 32.0011 44.9484 1.2
      vertex 32.03 44.933 1.5
      vertex 32.0011 44.9484 1.5
    endloop
  endfacet
  facet normal -0.470271 -0.882522 -0
    outer loop
      vertex 32.03 44.933 1.5
      vertex 32.0011 44.9484 1.2
      vertex 32.03 44.933 1.2
    endloop
  endfacet
  facet normal -0.772459 -0.635065 0
    outer loop
      vertex 32.1767 44.8044 1.2
      vertex 32.1559 44.8297 1.5
      vertex 32.1559 44.8297 1.2
    endloop
  endfacet
  facet normal -0.772459 -0.635065 0
    outer loop
      vertex 32.1559 44.8297 1.5
      vertex 32.1767 44.8044 1.2
      vertex 32.1767 44.8044 1.5
    endloop
  endfacet
  facet normal 0.910889 0.412651 0
    outer loop
      vertex 31.3316 44.2789 1.5
      vertex 31.3181 44.3087 1.2
      vertex 31.3181 44.3087 1.5
    endloop
  endfacet
  facet normal 0.910889 0.412651 0
    outer loop
      vertex 31.3181 44.3087 1.2
      vertex 31.3316 44.2789 1.5
      vertex 31.3316 44.2789 1.2
    endloop
  endfacet
  facet normal 0.09769 0.995217 -0
    outer loop
      vertex 31.7473 44.0011 1.2
      vertex 31.7147 44.0043 1.5
      vertex 31.7473 44.0011 1.5
    endloop
  endfacet
  facet normal 0.09769 0.995217 0
    outer loop
      vertex 31.7147 44.0043 1.5
      vertex 31.7473 44.0011 1.2
      vertex 31.7147 44.0043 1.2
    endloop
  endfacet
  facet normal 0.682209 -0.731157 0
    outer loop
      vertex 31.4264 44.8536 1.2
      vertex 31.4503 44.8759 1.5
      vertex 31.4264 44.8536 1.5
    endloop
  endfacet
  facet normal 0.682209 -0.731157 0
    outer loop
      vertex 31.4503 44.8759 1.5
      vertex 31.4264 44.8536 1.2
      vertex 31.4503 44.8759 1.2
    endloop
  endfacet
  facet normal -0.910889 0.412651 0
    outer loop
      vertex 32.2284 44.2789 1.2
      vertex 32.2419 44.3087 1.5
      vertex 32.2419 44.3087 1.2
    endloop
  endfacet
  facet normal -0.910889 0.412651 0
    outer loop
      vertex 32.2419 44.3087 1.5
      vertex 32.2284 44.2789 1.2
      vertex 32.2284 44.2789 1.5
    endloop
  endfacet
  facet normal 0.974133 -0.225974 0
    outer loop
      vertex 31.2896 44.5975 1.5
      vertex 31.297 44.6294 1.2
      vertex 31.297 44.6294 1.5
    endloop
  endfacet
  facet normal 0.974133 -0.225974 0
    outer loop
      vertex 31.297 44.6294 1.2
      vertex 31.2896 44.5975 1.5
      vertex 31.2896 44.5975 1.2
    endloop
  endfacet
  facet normal -0.849026 0.528351 0
    outer loop
      vertex 32.1957 44.2222 1.2
      vertex 32.213 44.25 1.5
      vertex 32.213 44.25 1.2
    endloop
  endfacet
  facet normal -0.849026 0.528351 0
    outer loop
      vertex 32.213 44.25 1.5
      vertex 32.1957 44.2222 1.2
      vertex 32.1957 44.2222 1.5
    endloop
  endfacet
  facet normal -0.528351 0.849026 0
    outer loop
      vertex 32.0578 44.0843 1.2
      vertex 32.03 44.067 1.5
      vertex 32.0578 44.0843 1.5
    endloop
  endfacet
  facet normal -0.528351 0.849026 0
    outer loop
      vertex 32.03 44.067 1.5
      vertex 32.0578 44.0843 1.2
      vertex 32.03 44.067 1.2
    endloop
  endfacet
  facet normal 0.882522 -0.470271 0
    outer loop
      vertex 31.3316 44.7211 1.5
      vertex 31.347 44.75 1.2
      vertex 31.347 44.75 1.5
    endloop
  endfacet
  facet normal 0.882522 -0.470271 0
    outer loop
      vertex 31.347 44.75 1.2
      vertex 31.3316 44.7211 1.5
      vertex 31.3316 44.7211 1.2
    endloop
  endfacet
  facet normal -0.682209 0.731157 0
    outer loop
      vertex 32.1336 44.1464 1.2
      vertex 32.1097 44.1241 1.5
      vertex 32.1336 44.1464 1.5
    endloop
  endfacet
  facet normal -0.682209 0.731157 0
    outer loop
      vertex 32.1097 44.1241 1.5
      vertex 32.1336 44.1464 1.2
      vertex 32.1097 44.1241 1.2
    endloop
  endfacet
  facet normal -0.910889 -0.412651 0
    outer loop
      vertex 32.2419 44.6913 1.2
      vertex 32.2284 44.7211 1.5
      vertex 32.2284 44.7211 1.2
    endloop
  endfacet
  facet normal -0.910889 -0.412651 0
    outer loop
      vertex 32.2284 44.7211 1.5
      vertex 32.2419 44.6913 1.2
      vertex 32.2419 44.6913 1.5
    endloop
  endfacet
  facet normal -0.635065 0.772459 0
    outer loop
      vertex 32.1097 44.1241 1.2
      vertex 32.0844 44.1033 1.5
      vertex 32.1097 44.1241 1.5
    endloop
  endfacet
  facet normal -0.635065 0.772459 0
    outer loop
      vertex 32.0844 44.1033 1.5
      vertex 32.1097 44.1241 1.2
      vertex 32.0844 44.1033 1.2
    endloop
  endfacet
  facet normal -0.635065 -0.772459 0
    outer loop
      vertex 32.0844 44.8967 1.2
      vertex 32.1097 44.8759 1.5
      vertex 32.0844 44.8967 1.5
    endloop
  endfacet
  facet normal -0.635065 -0.772459 -0
    outer loop
      vertex 32.1097 44.8759 1.5
      vertex 32.0844 44.8967 1.2
      vertex 32.1097 44.8759 1.2
    endloop
  endfacet
  facet normal 0.470271 0.882522 -0
    outer loop
      vertex 31.5589 44.0516 1.2
      vertex 31.53 44.067 1.5
      vertex 31.5589 44.0516 1.5
    endloop
  endfacet
  facet normal 0.470271 0.882522 0
    outer loop
      vertex 31.53 44.067 1.5
      vertex 31.5589 44.0516 1.2
      vertex 31.53 44.067 1.2
    endloop
  endfacet
  facet normal -0.849026 -0.528351 0
    outer loop
      vertex 32.213 44.75 1.2
      vertex 32.1957 44.7778 1.5
      vertex 32.1957 44.7778 1.2
    endloop
  endfacet
  facet normal -0.849026 -0.528351 0
    outer loop
      vertex 32.1957 44.7778 1.5
      vertex 32.213 44.75 1.2
      vertex 32.213 44.75 1.5
    endloop
  endfacet
  facet normal 0.849026 -0.528351 0
    outer loop
      vertex 31.347 44.75 1.5
      vertex 31.3643 44.7778 1.2
      vertex 31.3643 44.7778 1.5
    endloop
  endfacet
  facet normal 0.849026 -0.528351 0
    outer loop
      vertex 31.3643 44.7778 1.2
      vertex 31.347 44.75 1.5
      vertex 31.347 44.75 1.2
    endloop
  endfacet
  facet normal 0.290432 -0.956896 0
    outer loop
      vertex 31.6193 44.9735 1.2
      vertex 31.6506 44.983 1.5
      vertex 31.6193 44.9735 1.5
    endloop
  endfacet
  facet normal 0.290432 -0.956896 0
    outer loop
      vertex 31.6506 44.983 1.5
      vertex 31.6193 44.9735 1.2
      vertex 31.6506 44.983 1.2
    endloop
  endfacet
  facet normal -0.974133 0.225974 0
    outer loop
      vertex 32.263 44.3706 1.2
      vertex 32.2704 44.4025 1.5
      vertex 32.2704 44.4025 1.2
    endloop
  endfacet
  facet normal -0.974133 0.225974 0
    outer loop
      vertex 32.2704 44.4025 1.5
      vertex 32.263 44.3706 1.2
      vertex 32.263 44.3706 1.5
    endloop
  endfacet
  facet normal 0.682209 0.731157 -0
    outer loop
      vertex 31.4503 44.1241 1.2
      vertex 31.4264 44.1464 1.5
      vertex 31.4503 44.1241 1.5
    endloop
  endfacet
  facet normal 0.682209 0.731157 0
    outer loop
      vertex 31.4264 44.1464 1.5
      vertex 31.4503 44.1241 1.2
      vertex 31.4264 44.1464 1.2
    endloop
  endfacet
  facet normal 0.412651 -0.910889 0
    outer loop
      vertex 31.5589 44.9484 1.2
      vertex 31.5887 44.9619 1.5
      vertex 31.5589 44.9484 1.5
    endloop
  endfacet
  facet normal 0.412651 -0.910889 0
    outer loop
      vertex 31.5887 44.9619 1.5
      vertex 31.5589 44.9484 1.2
      vertex 31.5887 44.9619 1.2
    endloop
  endfacet
  facet normal -0.09769 -0.995217 0
    outer loop
      vertex 31.8127 44.9989 1.2
      vertex 31.8453 44.9957 1.5
      vertex 31.8127 44.9989 1.5
    endloop
  endfacet
  facet normal -0.09769 -0.995217 -0
    outer loop
      vertex 31.8453 44.9957 1.5
      vertex 31.8127 44.9989 1.2
      vertex 31.8453 44.9957 1.2
    endloop
  endfacet
  facet normal -0.470271 0.882522 0
    outer loop
      vertex 32.03 44.067 1.2
      vertex 32.0011 44.0516 1.5
      vertex 32.03 44.067 1.5
    endloop
  endfacet
  facet normal -0.470271 0.882522 0
    outer loop
      vertex 32.0011 44.0516 1.5
      vertex 32.03 44.067 1.2
      vertex 32.0011 44.0516 1.2
    endloop
  endfacet
  facet normal -0.731157 0.682209 0
    outer loop
      vertex 32.1336 44.1464 1.2
      vertex 32.1559 44.1703 1.5
      vertex 32.1559 44.1703 1.2
    endloop
  endfacet
  facet normal -0.731157 0.682209 0
    outer loop
      vertex 32.1559 44.1703 1.5
      vertex 32.1336 44.1464 1.2
      vertex 32.1336 44.1464 1.5
    endloop
  endfacet
  facet normal -0.995217 0.09769 0
    outer loop
      vertex 32.2757 44.4347 1.2
      vertex 32.2789 44.4673 1.5
      vertex 32.2789 44.4673 1.2
    endloop
  endfacet
  facet normal -0.995217 0.09769 0
    outer loop
      vertex 32.2789 44.4673 1.5
      vertex 32.2757 44.4347 1.2
      vertex 32.2757 44.4347 1.5
    endloop
  endfacet
  facet normal -0.999435 0.0336201 0
    outer loop
      vertex 32.2789 44.4673 1.2
      vertex 32.28 44.5 1.5
      vertex 32.28 44.5 1.2
    endloop
  endfacet
  facet normal -0.999435 0.0336201 0
    outer loop
      vertex 32.28 44.5 1.5
      vertex 32.2789 44.4673 1.2
      vertex 32.2789 44.4673 1.5
    endloop
  endfacet
  facet normal -0.882522 0.470271 0
    outer loop
      vertex 32.213 44.25 1.2
      vertex 32.2284 44.2789 1.5
      vertex 32.2284 44.2789 1.2
    endloop
  endfacet
  facet normal -0.882522 0.470271 0
    outer loop
      vertex 32.2284 44.2789 1.5
      vertex 32.213 44.25 1.2
      vertex 32.213 44.25 1.5
    endloop
  endfacet
  facet normal -0.813733 -0.581238 0
    outer loop
      vertex 32.1957 44.7778 1.2
      vertex 32.1767 44.8044 1.5
      vertex 32.1767 44.8044 1.2
    endloop
  endfacet
  facet normal -0.813733 -0.581238 0
    outer loop
      vertex 32.1767 44.8044 1.5
      vertex 32.1957 44.7778 1.2
      vertex 32.1957 44.7778 1.5
    endloop
  endfacet
  facet normal 0.162411 -0.986723 0
    outer loop
      vertex 31.6825 44.9904 1.2
      vertex 31.7147 44.9957 1.5
      vertex 31.6825 44.9904 1.5
    endloop
  endfacet
  facet normal 0.162411 -0.986723 0
    outer loop
      vertex 31.7147 44.9957 1.5
      vertex 31.6825 44.9904 1.2
      vertex 31.7147 44.9957 1.2
    endloop
  endfacet
  facet normal -0.290432 0.956896 0
    outer loop
      vertex 31.9407 44.0265 1.2
      vertex 31.9094 44.017 1.5
      vertex 31.9407 44.0265 1.5
    endloop
  endfacet
  facet normal -0.290432 0.956896 0
    outer loop
      vertex 31.9094 44.017 1.5
      vertex 31.9407 44.0265 1.2
      vertex 31.9094 44.017 1.2
    endloop
  endfacet
  facet normal -0.412651 0.910889 0
    outer loop
      vertex 32.0011 44.0516 1.2
      vertex 31.9713 44.0381 1.5
      vertex 32.0011 44.0516 1.5
    endloop
  endfacet
  facet normal -0.412651 0.910889 0
    outer loop
      vertex 31.9713 44.0381 1.5
      vertex 32.0011 44.0516 1.2
      vertex 31.9713 44.0381 1.2
    endloop
  endfacet
  facet normal -0.581238 -0.813733 0
    outer loop
      vertex 32.0578 44.9157 1.2
      vertex 32.0844 44.8967 1.5
      vertex 32.0578 44.9157 1.5
    endloop
  endfacet
  facet normal -0.581238 -0.813733 -0
    outer loop
      vertex 32.0844 44.8967 1.5
      vertex 32.0578 44.9157 1.2
      vertex 32.0844 44.8967 1.2
    endloop
  endfacet
  facet normal -0.225974 0.974133 0
    outer loop
      vertex 31.9094 44.017 1.2
      vertex 31.8775 44.0096 1.5
      vertex 31.9094 44.017 1.5
    endloop
  endfacet
  facet normal -0.225974 0.974133 0
    outer loop
      vertex 31.8775 44.0096 1.5
      vertex 31.9094 44.017 1.2
      vertex 31.8775 44.0096 1.2
    endloop
  endfacet
  facet normal 0.772459 0.635065 0
    outer loop
      vertex 31.4041 44.1703 1.5
      vertex 31.3833 44.1956 1.2
      vertex 31.3833 44.1956 1.5
    endloop
  endfacet
  facet normal 0.772459 0.635065 0
    outer loop
      vertex 31.3833 44.1956 1.2
      vertex 31.4041 44.1703 1.5
      vertex 31.4041 44.1703 1.2
    endloop
  endfacet
  facet normal 0.995217 0.09769 0
    outer loop
      vertex 31.2843 44.4347 1.5
      vertex 31.2811 44.4673 1.2
      vertex 31.2811 44.4673 1.5
    endloop
  endfacet
  facet normal 0.995217 0.09769 0
    outer loop
      vertex 31.2811 44.4673 1.2
      vertex 31.2843 44.4347 1.5
      vertex 31.2843 44.4347 1.2
    endloop
  endfacet
  facet normal -0.682209 -0.731157 0
    outer loop
      vertex 32.1097 44.8759 1.2
      vertex 32.1336 44.8536 1.5
      vertex 32.1097 44.8759 1.5
    endloop
  endfacet
  facet normal -0.682209 -0.731157 -0
    outer loop
      vertex 32.1336 44.8536 1.5
      vertex 32.1097 44.8759 1.2
      vertex 32.1336 44.8536 1.2
    endloop
  endfacet
  facet normal 0.581238 -0.813733 0
    outer loop
      vertex 31.4756 44.8967 1.2
      vertex 31.5022 44.9157 1.5
      vertex 31.4756 44.8967 1.5
    endloop
  endfacet
  facet normal 0.581238 -0.813733 0
    outer loop
      vertex 31.5022 44.9157 1.5
      vertex 31.4756 44.8967 1.2
      vertex 31.5022 44.9157 1.2
    endloop
  endfacet
  facet normal -0.956896 -0.290432 0
    outer loop
      vertex 32.263 44.6294 1.2
      vertex 32.2535 44.6607 1.5
      vertex 32.2535 44.6607 1.2
    endloop
  endfacet
  facet normal -0.956896 -0.290432 0
    outer loop
      vertex 32.2535 44.6607 1.5
      vertex 32.263 44.6294 1.2
      vertex 32.263 44.6294 1.5
    endloop
  endfacet
  facet normal 0.986723 -0.162411 0
    outer loop
      vertex 31.2843 44.5653 1.5
      vertex 31.2896 44.5975 1.2
      vertex 31.2896 44.5975 1.5
    endloop
  endfacet
  facet normal 0.986723 -0.162411 0
    outer loop
      vertex 31.2896 44.5975 1.2
      vertex 31.2843 44.5653 1.5
      vertex 31.2843 44.5653 1.2
    endloop
  endfacet
  facet normal 0.956896 -0.290432 0
    outer loop
      vertex 31.297 44.6294 1.5
      vertex 31.3065 44.6607 1.2
      vertex 31.3065 44.6607 1.5
    endloop
  endfacet
  facet normal 0.956896 -0.290432 0
    outer loop
      vertex 31.3065 44.6607 1.2
      vertex 31.297 44.6294 1.5
      vertex 31.297 44.6294 1.2
    endloop
  endfacet
  facet normal -0.412651 -0.910889 0
    outer loop
      vertex 31.9713 44.9619 1.2
      vertex 32.0011 44.9484 1.5
      vertex 31.9713 44.9619 1.5
    endloop
  endfacet
  facet normal -0.412651 -0.910889 -0
    outer loop
      vertex 32.0011 44.9484 1.5
      vertex 31.9713 44.9619 1.2
      vertex 32.0011 44.9484 1.2
    endloop
  endfacet
  facet normal -0.162411 -0.986723 0
    outer loop
      vertex 31.8453 44.9957 1.2
      vertex 31.8775 44.9904 1.5
      vertex 31.8453 44.9957 1.5
    endloop
  endfacet
  facet normal -0.162411 -0.986723 -0
    outer loop
      vertex 31.8775 44.9904 1.5
      vertex 31.8453 44.9957 1.2
      vertex 31.8775 44.9904 1.2
    endloop
  endfacet
  facet normal -0.935067 -0.35447 0
    outer loop
      vertex 32.2535 44.6607 1.2
      vertex 32.2419 44.6913 1.5
      vertex 32.2419 44.6913 1.2
    endloop
  endfacet
  facet normal -0.935067 -0.35447 0
    outer loop
      vertex 32.2419 44.6913 1.5
      vertex 32.2535 44.6607 1.2
      vertex 32.2535 44.6607 1.5
    endloop
  endfacet
  facet normal 0.290432 0.956896 -0
    outer loop
      vertex 31.6506 44.017 1.2
      vertex 31.6193 44.0265 1.5
      vertex 31.6506 44.017 1.5
    endloop
  endfacet
  facet normal 0.290432 0.956896 0
    outer loop
      vertex 31.6193 44.0265 1.5
      vertex 31.6506 44.017 1.2
      vertex 31.6193 44.0265 1.2
    endloop
  endfacet
  facet normal 0.974133 0.225974 0
    outer loop
      vertex 31.297 44.3706 1.5
      vertex 31.2896 44.4025 1.2
      vertex 31.2896 44.4025 1.5
    endloop
  endfacet
  facet normal 0.974133 0.225974 0
    outer loop
      vertex 31.2896 44.4025 1.2
      vertex 31.297 44.3706 1.5
      vertex 31.297 44.3706 1.2
    endloop
  endfacet
  facet normal 0.635065 0.772459 -0
    outer loop
      vertex 31.4756 44.1033 1.2
      vertex 31.4503 44.1241 1.5
      vertex 31.4756 44.1033 1.5
    endloop
  endfacet
  facet normal 0.635065 0.772459 0
    outer loop
      vertex 31.4503 44.1241 1.5
      vertex 31.4756 44.1033 1.2
      vertex 31.4503 44.1241 1.2
    endloop
  endfacet
  facet normal 0.35447 -0.935067 0
    outer loop
      vertex 31.5887 44.9619 1.2
      vertex 31.6193 44.9735 1.5
      vertex 31.5887 44.9619 1.5
    endloop
  endfacet
  facet normal 0.35447 -0.935067 0
    outer loop
      vertex 31.6193 44.9735 1.5
      vertex 31.5887 44.9619 1.2
      vertex 31.6193 44.9735 1.2
    endloop
  endfacet
  facet normal 0.225974 0.974133 -0
    outer loop
      vertex 31.6825 44.0096 1.2
      vertex 31.6506 44.017 1.5
      vertex 31.6825 44.0096 1.5
    endloop
  endfacet
  facet normal 0.225974 0.974133 0
    outer loop
      vertex 31.6506 44.017 1.5
      vertex 31.6825 44.0096 1.2
      vertex 31.6506 44.017 1.2
    endloop
  endfacet
  facet normal 0.225974 -0.974133 0
    outer loop
      vertex 31.6506 44.983 1.2
      vertex 31.6825 44.9904 1.5
      vertex 31.6506 44.983 1.5
    endloop
  endfacet
  facet normal 0.225974 -0.974133 0
    outer loop
      vertex 31.6825 44.9904 1.5
      vertex 31.6506 44.983 1.2
      vertex 31.6825 44.9904 1.2
    endloop
  endfacet
  facet normal 0.772459 -0.635065 0
    outer loop
      vertex 31.3833 44.8044 1.5
      vertex 31.4041 44.8297 1.2
      vertex 31.4041 44.8297 1.5
    endloop
  endfacet
  facet normal 0.772459 -0.635065 0
    outer loop
      vertex 31.4041 44.8297 1.2
      vertex 31.3833 44.8044 1.5
      vertex 31.3833 44.8044 1.2
    endloop
  endfacet
  facet normal 0.995217 -0.09769 0
    outer loop
      vertex 31.2811 44.5327 1.5
      vertex 31.2843 44.5653 1.2
      vertex 31.2843 44.5653 1.5
    endloop
  endfacet
  facet normal 0.995217 -0.09769 0
    outer loop
      vertex 31.2843 44.5653 1.2
      vertex 31.2811 44.5327 1.5
      vertex 31.2811 44.5327 1.2
    endloop
  endfacet
  facet normal -0.0336201 -0.999435 0
    outer loop
      vertex 31.78 45 1.2
      vertex 31.8127 44.9989 1.5
      vertex 31.78 45 1.5
    endloop
  endfacet
  facet normal -0.0336201 -0.999435 -0
    outer loop
      vertex 31.8127 44.9989 1.5
      vertex 31.78 45 1.2
      vertex 31.8127 44.9989 1.2
    endloop
  endfacet
  facet normal 0.935067 0.35447 0
    outer loop
      vertex 31.3181 44.3087 1.5
      vertex 31.3065 44.3393 1.2
      vertex 31.3065 44.3393 1.5
    endloop
  endfacet
  facet normal 0.935067 0.35447 0
    outer loop
      vertex 31.3065 44.3393 1.2
      vertex 31.3181 44.3087 1.5
      vertex 31.3181 44.3087 1.2
    endloop
  endfacet
  facet normal 0.0336201 0.999435 -0
    outer loop
      vertex 31.78 44 1.2
      vertex 31.7473 44.0011 1.5
      vertex 31.78 44 1.5
    endloop
  endfacet
  facet normal 0.0336201 0.999435 0
    outer loop
      vertex 31.7473 44.0011 1.5
      vertex 31.78 44 1.2
      vertex 31.7473 44.0011 1.2
    endloop
  endfacet
  facet normal 0.849026 0.528351 0
    outer loop
      vertex 31.3643 44.2222 1.5
      vertex 31.347 44.25 1.2
      vertex 31.347 44.25 1.5
    endloop
  endfacet
  facet normal 0.849026 0.528351 0
    outer loop
      vertex 31.347 44.25 1.2
      vertex 31.3643 44.2222 1.5
      vertex 31.3643 44.2222 1.2
    endloop
  endfacet
  facet normal 0.412651 0.910889 -0
    outer loop
      vertex 31.5887 44.0381 1.2
      vertex 31.5589 44.0516 1.5
      vertex 31.5887 44.0381 1.5
    endloop
  endfacet
  facet normal 0.412651 0.910889 0
    outer loop
      vertex 31.5589 44.0516 1.5
      vertex 31.5887 44.0381 1.2
      vertex 31.5589 44.0516 1.2
    endloop
  endfacet
  facet normal -0.290432 -0.956896 0
    outer loop
      vertex 31.9094 44.983 1.2
      vertex 31.9407 44.9735 1.5
      vertex 31.9094 44.983 1.5
    endloop
  endfacet
  facet normal -0.290432 -0.956896 -0
    outer loop
      vertex 31.9407 44.9735 1.5
      vertex 31.9094 44.983 1.2
      vertex 31.9407 44.9735 1.2
    endloop
  endfacet
  facet normal 0.581238 0.813733 -0
    outer loop
      vertex 31.5022 44.0843 1.2
      vertex 31.4756 44.1033 1.5
      vertex 31.5022 44.0843 1.5
    endloop
  endfacet
  facet normal 0.581238 0.813733 0
    outer loop
      vertex 31.4756 44.1033 1.5
      vertex 31.5022 44.0843 1.2
      vertex 31.4756 44.1033 1.2
    endloop
  endfacet
  facet normal 0.470271 -0.882522 0
    outer loop
      vertex 31.53 44.933 1.2
      vertex 31.5589 44.9484 1.5
      vertex 31.53 44.933 1.5
    endloop
  endfacet
  facet normal 0.470271 -0.882522 0
    outer loop
      vertex 31.5589 44.9484 1.5
      vertex 31.53 44.933 1.2
      vertex 31.5589 44.9484 1.2
    endloop
  endfacet
  facet normal 0.935067 -0.35447 0
    outer loop
      vertex 31.3065 44.6607 1.5
      vertex 31.3181 44.6913 1.2
      vertex 31.3181 44.6913 1.5
    endloop
  endfacet
  facet normal 0.935067 -0.35447 0
    outer loop
      vertex 31.3181 44.6913 1.2
      vertex 31.3065 44.6607 1.5
      vertex 31.3065 44.6607 1.2
    endloop
  endfacet
  facet normal 0.813733 -0.581238 0
    outer loop
      vertex 31.3643 44.7778 1.5
      vertex 31.3833 44.8044 1.2
      vertex 31.3833 44.8044 1.5
    endloop
  endfacet
  facet normal 0.813733 -0.581238 0
    outer loop
      vertex 31.3833 44.8044 1.2
      vertex 31.3643 44.7778 1.5
      vertex 31.3643 44.7778 1.2
    endloop
  endfacet
  facet normal 0.999435 -0.0336201 0
    outer loop
      vertex 31.28 44.5 1.5
      vertex 31.2811 44.5327 1.2
      vertex 31.2811 44.5327 1.5
    endloop
  endfacet
  facet normal 0.999435 -0.0336201 0
    outer loop
      vertex 31.2811 44.5327 1.2
      vertex 31.28 44.5 1.5
      vertex 31.28 44.5 1.2
    endloop
  endfacet
  facet normal 0.999435 0.0336201 0
    outer loop
      vertex 31.2811 44.4673 1.5
      vertex 31.28 44.5 1.2
      vertex 31.28 44.5 1.5
    endloop
  endfacet
  facet normal 0.999435 0.0336201 0
    outer loop
      vertex 31.28 44.5 1.2
      vertex 31.2811 44.4673 1.5
      vertex 31.2811 44.4673 1.2
    endloop
  endfacet
  facet normal 0.882522 0.470271 0
    outer loop
      vertex 31.347 44.25 1.5
      vertex 31.3316 44.2789 1.2
      vertex 31.3316 44.2789 1.5
    endloop
  endfacet
  facet normal 0.882522 0.470271 0
    outer loop
      vertex 31.3316 44.2789 1.2
      vertex 31.347 44.25 1.5
      vertex 31.347 44.25 1.2
    endloop
  endfacet
  facet normal -0.225974 -0.974133 0
    outer loop
      vertex 31.8775 44.9904 1.2
      vertex 31.9094 44.983 1.5
      vertex 31.8775 44.9904 1.5
    endloop
  endfacet
  facet normal -0.225974 -0.974133 -0
    outer loop
      vertex 31.9094 44.983 1.5
      vertex 31.8775 44.9904 1.2
      vertex 31.9094 44.983 1.2
    endloop
  endfacet
  facet normal 0.528351 0.849026 -0
    outer loop
      vertex 31.53 44.067 1.2
      vertex 31.5022 44.0843 1.5
      vertex 31.53 44.067 1.5
    endloop
  endfacet
  facet normal 0.528351 0.849026 0
    outer loop
      vertex 31.5022 44.0843 1.5
      vertex 31.53 44.067 1.2
      vertex 31.5022 44.0843 1.2
    endloop
  endfacet
  facet normal 0.35447 0.935067 -0
    outer loop
      vertex 31.6193 44.0265 1.2
      vertex 31.5887 44.0381 1.5
      vertex 31.6193 44.0265 1.5
    endloop
  endfacet
  facet normal 0.35447 0.935067 0
    outer loop
      vertex 31.5887 44.0381 1.5
      vertex 31.6193 44.0265 1.2
      vertex 31.5887 44.0381 1.2
    endloop
  endfacet
  facet normal 0.910889 -0.412651 0
    outer loop
      vertex 31.3181 44.6913 1.5
      vertex 31.3316 44.7211 1.2
      vertex 31.3316 44.7211 1.5
    endloop
  endfacet
  facet normal 0.910889 -0.412651 0
    outer loop
      vertex 31.3316 44.7211 1.2
      vertex 31.3181 44.6913 1.5
      vertex 31.3181 44.6913 1.2
    endloop
  endfacet
  facet normal -0.995217 -0.09769 0
    outer loop
      vertex 34.8244 35.0327 1.2
      vertex 34.8212 35.0653 1.5
      vertex 34.8212 35.0653 1.2
    endloop
  endfacet
  facet normal -0.995217 -0.09769 0
    outer loop
      vertex 34.8212 35.0653 1.5
      vertex 34.8244 35.0327 1.2
      vertex 34.8244 35.0327 1.5
    endloop
  endfacet
  facet normal -0.999435 -0.0336201 0
    outer loop
      vertex 34.8255 35 1.2
      vertex 34.8244 35.0327 1.5
      vertex 34.8244 35.0327 1.2
    endloop
  endfacet
  facet normal -0.999435 -0.0336201 0
    outer loop
      vertex 34.8244 35.0327 1.5
      vertex 34.8255 35 1.2
      vertex 34.8255 35 1.5
    endloop
  endfacet
  facet normal -0.850396 0.526144 0
    outer loop
      vertex 34.7413 34.7222 1.2
      vertex 34.7585 34.75 1.5
      vertex 34.7585 34.75 1.2
    endloop
  endfacet
  facet normal -0.850396 0.526144 0
    outer loop
      vertex 34.7585 34.75 1.5
      vertex 34.7413 34.7222 1.2
      vertex 34.7413 34.7222 1.5
    endloop
  endfacet
  facet normal 0.910889 0.412651 0
    outer loop
      vertex 33.8771 34.7789 1.5
      vertex 33.8636 34.8087 1.2
      vertex 33.8636 34.8087 1.5
    endloop
  endfacet
  facet normal 0.910889 0.412651 0
    outer loop
      vertex 33.8636 34.8087 1.2
      vertex 33.8771 34.7789 1.5
      vertex 33.8771 34.7789 1.2
    endloop
  endfacet
  facet normal -0.731157 -0.682209 0
    outer loop
      vertex 34.7014 35.3297 1.2
      vertex 34.6791 35.3536 1.5
      vertex 34.6791 35.3536 1.2
    endloop
  endfacet
  facet normal -0.731157 -0.682209 0
    outer loop
      vertex 34.6791 35.3536 1.5
      vertex 34.7014 35.3297 1.2
      vertex 34.7014 35.3297 1.5
    endloop
  endfacet
  facet normal 0.161921 -0.986804 0
    outer loop
      vertex 34.228 35.4904 1.2
      vertex 34.2603 35.4957 1.5
      vertex 34.228 35.4904 1.5
    endloop
  endfacet
  facet normal 0.161921 -0.986804 0
    outer loop
      vertex 34.2603 35.4957 1.5
      vertex 34.228 35.4904 1.2
      vertex 34.2603 35.4957 1.2
    endloop
  endfacet
  facet normal -0.290432 -0.956896 0
    outer loop
      vertex 34.4549 35.483 1.2
      vertex 34.4862 35.4735 1.5
      vertex 34.4549 35.483 1.5
    endloop
  endfacet
  facet normal -0.290432 -0.956896 -0
    outer loop
      vertex 34.4862 35.4735 1.5
      vertex 34.4549 35.483 1.2
      vertex 34.4862 35.4735 1.2
    endloop
  endfacet
  facet normal -0.999435 0.0336201 0
    outer loop
      vertex 34.8244 34.9673 1.2
      vertex 34.8255 35 1.5
      vertex 34.8255 35 1.2
    endloop
  endfacet
  facet normal -0.999435 0.0336201 0
    outer loop
      vertex 34.8255 35 1.5
      vertex 34.8244 34.9673 1.2
      vertex 34.8244 34.9673 1.5
    endloop
  endfacet
  facet normal -0.09769 -0.995217 0
    outer loop
      vertex 34.3582 35.4989 1.2
      vertex 34.3908 35.4957 1.5
      vertex 34.3582 35.4989 1.5
    endloop
  endfacet
  facet normal -0.09769 -0.995217 -0
    outer loop
      vertex 34.3908 35.4957 1.5
      vertex 34.3582 35.4989 1.2
      vertex 34.3908 35.4957 1.2
    endloop
  endfacet
  facet normal -0.0336201 -0.999435 0
    outer loop
      vertex 34.3255 35.5 1.2
      vertex 34.3582 35.4989 1.5
      vertex 34.3255 35.5 1.5
    endloop
  endfacet
  facet normal -0.0336201 -0.999435 -0
    outer loop
      vertex 34.3582 35.4989 1.5
      vertex 34.3255 35.5 1.2
      vertex 34.3582 35.4989 1.2
    endloop
  endfacet
  facet normal -0.986723 0.162411 0
    outer loop
      vertex 34.8159 34.9025 1.2
      vertex 34.8212 34.9347 1.5
      vertex 34.8212 34.9347 1.2
    endloop
  endfacet
  facet normal -0.986723 0.162411 0
    outer loop
      vertex 34.8212 34.9347 1.5
      vertex 34.8159 34.9025 1.2
      vertex 34.8159 34.9025 1.5
    endloop
  endfacet
  facet normal 0.936078 -0.351794 0
    outer loop
      vertex 33.8521 35.1607 1.5
      vertex 33.8636 35.1913 1.2
      vertex 33.8636 35.1913 1.5
    endloop
  endfacet
  facet normal 0.936078 -0.351794 0
    outer loop
      vertex 33.8636 35.1913 1.2
      vertex 33.8521 35.1607 1.5
      vertex 33.8521 35.1607 1.2
    endloop
  endfacet
  facet normal -0.881253 0.472644 0
    outer loop
      vertex 34.7585 34.75 1.2
      vertex 34.774 34.7789 1.5
      vertex 34.774 34.7789 1.2
    endloop
  endfacet
  facet normal -0.881253 0.472644 0
    outer loop
      vertex 34.774 34.7789 1.5
      vertex 34.7585 34.75 1.2
      vertex 34.7585 34.75 1.5
    endloop
  endfacet
  facet normal 0.986723 -0.162411 0
    outer loop
      vertex 33.8298 35.0653 1.5
      vertex 33.8351 35.0975 1.2
      vertex 33.8351 35.0975 1.5
    endloop
  endfacet
  facet normal 0.986723 -0.162411 0
    outer loop
      vertex 33.8351 35.0975 1.2
      vertex 33.8298 35.0653 1.5
      vertex 33.8298 35.0653 1.2
    endloop
  endfacet
  facet normal 0.956896 -0.290432 0
    outer loop
      vertex 33.8426 35.1294 1.5
      vertex 33.8521 35.1607 1.2
      vertex 33.8521 35.1607 1.5
    endloop
  endfacet
  facet normal 0.956896 -0.290432 0
    outer loop
      vertex 33.8521 35.1607 1.2
      vertex 33.8426 35.1294 1.5
      vertex 33.8426 35.1294 1.2
    endloop
  endfacet
  facet normal -0.581238 -0.813733 0
    outer loop
      vertex 34.6033 35.4157 1.2
      vertex 34.6299 35.3967 1.5
      vertex 34.6033 35.4157 1.5
    endloop
  endfacet
  facet normal -0.581238 -0.813733 -0
    outer loop
      vertex 34.6299 35.3967 1.5
      vertex 34.6033 35.4157 1.2
      vertex 34.6299 35.3967 1.2
    endloop
  endfacet
  facet normal -0.956896 -0.290432 0
    outer loop
      vertex 34.8085 35.1294 1.2
      vertex 34.799 35.1607 1.5
      vertex 34.799 35.1607 1.2
    endloop
  endfacet
  facet normal -0.956896 -0.290432 0
    outer loop
      vertex 34.799 35.1607 1.5
      vertex 34.8085 35.1294 1.2
      vertex 34.8085 35.1294 1.5
    endloop
  endfacet
  facet normal 0.0336201 0.999435 -0
    outer loop
      vertex 34.3255 34.5 1.2
      vertex 34.2928 34.5011 1.5
      vertex 34.3255 34.5 1.5
    endloop
  endfacet
  facet normal 0.0336201 0.999435 0
    outer loop
      vertex 34.2928 34.5011 1.5
      vertex 34.3255 34.5 1.2
      vertex 34.2928 34.5011 1.2
    endloop
  endfacet
  facet normal 0.729632 -0.68384 0
    outer loop
      vertex 33.9496 35.3297 1.5
      vertex 33.972 35.3536 1.2
      vertex 33.972 35.3536 1.5
    endloop
  endfacet
  facet normal 0.729632 -0.68384 0
    outer loop
      vertex 33.972 35.3536 1.2
      vertex 33.9496 35.3297 1.5
      vertex 33.9496 35.3297 1.2
    endloop
  endfacet
  facet normal -0.995217 0.09769 0
    outer loop
      vertex 34.8212 34.9347 1.2
      vertex 34.8244 34.9673 1.5
      vertex 34.8244 34.9673 1.2
    endloop
  endfacet
  facet normal -0.995217 0.09769 0
    outer loop
      vertex 34.8244 34.9673 1.5
      vertex 34.8212 34.9347 1.2
      vertex 34.8212 34.9347 1.5
    endloop
  endfacet
  facet normal -0.412651 -0.910889 0
    outer loop
      vertex 34.5169 35.4619 1.2
      vertex 34.5467 35.4484 1.5
      vertex 34.5169 35.4619 1.5
    endloop
  endfacet
  facet normal -0.412651 -0.910889 -0
    outer loop
      vertex 34.5467 35.4484 1.5
      vertex 34.5169 35.4619 1.2
      vertex 34.5467 35.4484 1.2
    endloop
  endfacet
  facet normal -0.936078 0.351794 0
    outer loop
      vertex 34.7875 34.8087 1.2
      vertex 34.799 34.8393 1.5
      vertex 34.799 34.8393 1.2
    endloop
  endfacet
  facet normal -0.936078 0.351794 0
    outer loop
      vertex 34.799 34.8393 1.5
      vertex 34.7875 34.8087 1.2
      vertex 34.7875 34.8087 1.5
    endloop
  endfacet
  facet normal -0.910889 -0.412651 0
    outer loop
      vertex 34.7875 35.1913 1.2
      vertex 34.774 35.2211 1.5
      vertex 34.774 35.2211 1.2
    endloop
  endfacet
  facet normal -0.910889 -0.412651 0
    outer loop
      vertex 34.774 35.2211 1.5
      vertex 34.7875 35.1913 1.2
      vertex 34.7875 35.1913 1.5
    endloop
  endfacet
  facet normal 0.35447 -0.935067 0
    outer loop
      vertex 34.1342 35.4619 1.2
      vertex 34.1648 35.4735 1.5
      vertex 34.1342 35.4619 1.5
    endloop
  endfacet
  facet normal 0.35447 -0.935067 0
    outer loop
      vertex 34.1648 35.4735 1.5
      vertex 34.1342 35.4619 1.2
      vertex 34.1648 35.4735 1.2
    endloop
  endfacet
  facet normal 0.290432 0.956896 -0
    outer loop
      vertex 34.1961 34.517 1.2
      vertex 34.1648 34.5265 1.5
      vertex 34.1961 34.517 1.5
    endloop
  endfacet
  facet normal 0.290432 0.956896 0
    outer loop
      vertex 34.1648 34.5265 1.5
      vertex 34.1961 34.517 1.2
      vertex 34.1648 34.5265 1.2
    endloop
  endfacet
  facet normal -0.09769 0.995217 0
    outer loop
      vertex 34.3908 34.5043 1.2
      vertex 34.3582 34.5011 1.5
      vertex 34.3908 34.5043 1.5
    endloop
  endfacet
  facet normal -0.09769 0.995217 0
    outer loop
      vertex 34.3582 34.5011 1.5
      vertex 34.3908 34.5043 1.2
      vertex 34.3582 34.5011 1.2
    endloop
  endfacet
  facet normal 0.936078 0.351794 0
    outer loop
      vertex 33.8636 34.8087 1.5
      vertex 33.8521 34.8393 1.2
      vertex 33.8521 34.8393 1.5
    endloop
  endfacet
  facet normal 0.936078 0.351794 0
    outer loop
      vertex 33.8521 34.8393 1.2
      vertex 33.8636 34.8087 1.5
      vertex 33.8636 34.8087 1.2
    endloop
  endfacet
  facet normal 0.225974 0.974133 -0
    outer loop
      vertex 34.228 34.5096 1.2
      vertex 34.1961 34.517 1.5
      vertex 34.228 34.5096 1.5
    endloop
  endfacet
  facet normal 0.225974 0.974133 0
    outer loop
      vertex 34.1961 34.517 1.5
      vertex 34.228 34.5096 1.2
      vertex 34.1961 34.517 1.2
    endloop
  endfacet
  facet normal 0.882522 0.470271 0
    outer loop
      vertex 33.8925 34.75 1.5
      vertex 33.8771 34.7789 1.2
      vertex 33.8771 34.7789 1.5
    endloop
  endfacet
  facet normal 0.882522 0.470271 0
    outer loop
      vertex 33.8771 34.7789 1.2
      vertex 33.8925 34.75 1.5
      vertex 33.8925 34.75 1.2
    endloop
  endfacet
  facet normal -0.290432 0.956896 0
    outer loop
      vertex 34.4862 34.5265 1.2
      vertex 34.4549 34.517 1.5
      vertex 34.4862 34.5265 1.5
    endloop
  endfacet
  facet normal -0.290432 0.956896 0
    outer loop
      vertex 34.4549 34.517 1.5
      vertex 34.4862 34.5265 1.2
      vertex 34.4549 34.517 1.2
    endloop
  endfacet
  facet normal -0.812287 0.583258 0
    outer loop
      vertex 34.7222 34.6956 1.2
      vertex 34.7413 34.7222 1.5
      vertex 34.7413 34.7222 1.2
    endloop
  endfacet
  facet normal -0.812287 0.583258 0
    outer loop
      vertex 34.7413 34.7222 1.5
      vertex 34.7222 34.6956 1.2
      vertex 34.7222 34.6956 1.5
    endloop
  endfacet
  facet normal -0.974133 -0.225974 0
    outer loop
      vertex 34.8159 35.0975 1.2
      vertex 34.8085 35.1294 1.5
      vertex 34.8085 35.1294 1.2
    endloop
  endfacet
  facet normal -0.974133 -0.225974 0
    outer loop
      vertex 34.8085 35.1294 1.5
      vertex 34.8159 35.0975 1.2
      vertex 34.8159 35.0975 1.5
    endloop
  endfacet
  facet normal -0.731157 0.682209 0
    outer loop
      vertex 34.6791 34.6464 1.2
      vertex 34.7014 34.6703 1.5
      vertex 34.7014 34.6703 1.2
    endloop
  endfacet
  facet normal -0.731157 0.682209 0
    outer loop
      vertex 34.7014 34.6703 1.5
      vertex 34.6791 34.6464 1.2
      vertex 34.6791 34.6464 1.5
    endloop
  endfacet
  facet normal -0.412651 0.910889 0
    outer loop
      vertex 34.5467 34.5516 1.2
      vertex 34.5169 34.5381 1.5
      vertex 34.5467 34.5516 1.5
    endloop
  endfacet
  facet normal -0.412651 0.910889 0
    outer loop
      vertex 34.5169 34.5381 1.5
      vertex 34.5467 34.5516 1.2
      vertex 34.5169 34.5381 1.2
    endloop
  endfacet
  facet normal -0.974133 0.225974 0
    outer loop
      vertex 34.8085 34.8706 1.2
      vertex 34.8159 34.9025 1.5
      vertex 34.8159 34.9025 1.2
    endloop
  endfacet
  facet normal -0.974133 0.225974 0
    outer loop
      vertex 34.8159 34.9025 1.5
      vertex 34.8085 34.8706 1.2
      vertex 34.8085 34.8706 1.5
    endloop
  endfacet
  facet normal 0.581238 -0.813733 0
    outer loop
      vertex 34.0211 35.3967 1.2
      vertex 34.0477 35.4157 1.5
      vertex 34.0211 35.3967 1.5
    endloop
  endfacet
  facet normal 0.581238 -0.813733 0
    outer loop
      vertex 34.0477 35.4157 1.5
      vertex 34.0211 35.3967 1.2
      vertex 34.0477 35.4157 1.2
    endloop
  endfacet
  facet normal 0.290432 -0.956896 0
    outer loop
      vertex 34.1648 35.4735 1.2
      vertex 34.1961 35.483 1.5
      vertex 34.1648 35.4735 1.5
    endloop
  endfacet
  facet normal 0.290432 -0.956896 0
    outer loop
      vertex 34.1961 35.483 1.5
      vertex 34.1648 35.4735 1.2
      vertex 34.1961 35.483 1.2
    endloop
  endfacet
  facet normal 0.999435 0.0336201 0
    outer loop
      vertex 33.8266 34.9673 1.5
      vertex 33.8255 35 1.2
      vertex 33.8255 35 1.5
    endloop
  endfacet
  facet normal 0.999435 0.0336201 0
    outer loop
      vertex 33.8255 35 1.2
      vertex 33.8266 34.9673 1.5
      vertex 33.8266 34.9673 1.2
    endloop
  endfacet
  facet normal 0.528351 -0.849026 0
    outer loop
      vertex 34.0477 35.4157 1.2
      vertex 34.0755 35.433 1.5
      vertex 34.0477 35.4157 1.5
    endloop
  endfacet
  facet normal 0.528351 -0.849026 0
    outer loop
      vertex 34.0755 35.433 1.5
      vertex 34.0477 35.4157 1.2
      vertex 34.0755 35.433 1.2
    endloop
  endfacet
  facet normal 0.683737 0.729728 -0
    outer loop
      vertex 33.9958 34.6241 1.2
      vertex 33.972 34.6464 1.5
      vertex 33.9958 34.6241 1.5
    endloop
  endfacet
  facet normal 0.683737 0.729728 0
    outer loop
      vertex 33.972 34.6464 1.5
      vertex 33.9958 34.6241 1.2
      vertex 33.972 34.6464 1.2
    endloop
  endfacet
  facet normal -0.0336201 0.999435 0
    outer loop
      vertex 34.3582 34.5011 1.2
      vertex 34.3255 34.5 1.5
      vertex 34.3582 34.5011 1.5
    endloop
  endfacet
  facet normal -0.0336201 0.999435 0
    outer loop
      vertex 34.3255 34.5 1.5
      vertex 34.3582 34.5011 1.2
      vertex 34.3255 34.5 1.2
    endloop
  endfacet
  facet normal 0.772459 0.635065 0
    outer loop
      vertex 33.9496 34.6703 1.5
      vertex 33.9288 34.6956 1.2
      vertex 33.9288 34.6956 1.5
    endloop
  endfacet
  facet normal 0.772459 0.635065 0
    outer loop
      vertex 33.9288 34.6956 1.2
      vertex 33.9496 34.6703 1.5
      vertex 33.9496 34.6703 1.2
    endloop
  endfacet
  facet normal -0.635065 -0.772459 0
    outer loop
      vertex 34.6299 35.3967 1.2
      vertex 34.6552 35.3759 1.5
      vertex 34.6299 35.3967 1.5
    endloop
  endfacet
  facet normal -0.635065 -0.772459 -0
    outer loop
      vertex 34.6552 35.3759 1.5
      vertex 34.6299 35.3967 1.2
      vertex 34.6552 35.3759 1.2
    endloop
  endfacet
  facet normal -0.682209 0.731157 0
    outer loop
      vertex 34.6791 34.6464 1.2
      vertex 34.6552 34.6241 1.5
      vertex 34.6791 34.6464 1.5
    endloop
  endfacet
  facet normal -0.682209 0.731157 0
    outer loop
      vertex 34.6552 34.6241 1.5
      vertex 34.6791 34.6464 1.2
      vertex 34.6552 34.6241 1.2
    endloop
  endfacet
  facet normal 0.910889 -0.412651 0
    outer loop
      vertex 33.8636 35.1913 1.5
      vertex 33.8771 35.2211 1.2
      vertex 33.8771 35.2211 1.5
    endloop
  endfacet
  facet normal 0.910889 -0.412651 0
    outer loop
      vertex 33.8771 35.2211 1.2
      vertex 33.8636 35.1913 1.5
      vertex 33.8636 35.1913 1.2
    endloop
  endfacet
  facet normal -0.682209 -0.731157 0
    outer loop
      vertex 34.6552 35.3759 1.2
      vertex 34.6791 35.3536 1.5
      vertex 34.6552 35.3759 1.5
    endloop
  endfacet
  facet normal -0.682209 -0.731157 -0
    outer loop
      vertex 34.6791 35.3536 1.5
      vertex 34.6552 35.3759 1.2
      vertex 34.6791 35.3536 1.2
    endloop
  endfacet
  facet normal 0.999435 -0.0336201 0
    outer loop
      vertex 33.8255 35 1.5
      vertex 33.8266 35.0327 1.2
      vertex 33.8266 35.0327 1.5
    endloop
  endfacet
  facet normal 0.999435 -0.0336201 0
    outer loop
      vertex 33.8266 35.0327 1.2
      vertex 33.8255 35 1.5
      vertex 33.8255 35 1.2
    endloop
  endfacet
  facet normal -0.850396 -0.526144 0
    outer loop
      vertex 34.7585 35.25 1.2
      vertex 34.7413 35.2778 1.5
      vertex 34.7413 35.2778 1.2
    endloop
  endfacet
  facet normal -0.850396 -0.526144 0
    outer loop
      vertex 34.7413 35.2778 1.5
      vertex 34.7585 35.25 1.2
      vertex 34.7585 35.25 1.5
    endloop
  endfacet
  facet normal -0.881253 -0.472644 0
    outer loop
      vertex 34.774 35.2211 1.2
      vertex 34.7585 35.25 1.5
      vertex 34.7585 35.25 1.2
    endloop
  endfacet
  facet normal -0.881253 -0.472644 0
    outer loop
      vertex 34.7585 35.25 1.5
      vertex 34.774 35.2211 1.2
      vertex 34.774 35.2211 1.5
    endloop
  endfacet
  facet normal 0.683737 -0.729728 0
    outer loop
      vertex 33.972 35.3536 1.2
      vertex 33.9958 35.3759 1.5
      vertex 33.972 35.3536 1.5
    endloop
  endfacet
  facet normal 0.683737 -0.729728 0
    outer loop
      vertex 33.9958 35.3759 1.5
      vertex 33.972 35.3536 1.2
      vertex 33.9958 35.3759 1.2
    endloop
  endfacet
  facet normal 0.0979877 -0.995188 0
    outer loop
      vertex 34.2603 35.4957 1.2
      vertex 34.2928 35.4989 1.5
      vertex 34.2603 35.4957 1.5
    endloop
  endfacet
  facet normal 0.0979877 -0.995188 0
    outer loop
      vertex 34.2928 35.4989 1.5
      vertex 34.2603 35.4957 1.2
      vertex 34.2928 35.4989 1.2
    endloop
  endfacet
  facet normal -0.528351 -0.849026 0
    outer loop
      vertex 34.5755 35.433 1.2
      vertex 34.6033 35.4157 1.5
      vertex 34.5755 35.433 1.5
    endloop
  endfacet
  facet normal -0.528351 -0.849026 -0
    outer loop
      vertex 34.6033 35.4157 1.5
      vertex 34.5755 35.433 1.2
      vertex 34.6033 35.4157 1.2
    endloop
  endfacet
  facet normal 0.813733 -0.581238 0
    outer loop
      vertex 33.9098 35.2778 1.5
      vertex 33.9288 35.3044 1.2
      vertex 33.9288 35.3044 1.5
    endloop
  endfacet
  facet normal 0.813733 -0.581238 0
    outer loop
      vertex 33.9288 35.3044 1.2
      vertex 33.9098 35.2778 1.5
      vertex 33.9098 35.2778 1.2
    endloop
  endfacet
  facet normal -0.471542 0.881844 0
    outer loop
      vertex 34.5755 34.567 1.2
      vertex 34.5467 34.5516 1.5
      vertex 34.5755 34.567 1.5
    endloop
  endfacet
  facet normal -0.471542 0.881844 0
    outer loop
      vertex 34.5467 34.5516 1.5
      vertex 34.5755 34.567 1.2
      vertex 34.5467 34.5516 1.2
    endloop
  endfacet
  facet normal -0.471542 -0.881844 0
    outer loop
      vertex 34.5467 35.4484 1.2
      vertex 34.5755 35.433 1.5
      vertex 34.5467 35.4484 1.5
    endloop
  endfacet
  facet normal -0.471542 -0.881844 -0
    outer loop
      vertex 34.5755 35.433 1.5
      vertex 34.5467 35.4484 1.2
      vertex 34.5755 35.433 1.2
    endloop
  endfacet
  facet normal -0.956896 0.290432 0
    outer loop
      vertex 34.799 34.8393 1.2
      vertex 34.8085 34.8706 1.5
      vertex 34.8085 34.8706 1.2
    endloop
  endfacet
  facet normal -0.956896 0.290432 0
    outer loop
      vertex 34.8085 34.8706 1.5
      vertex 34.799 34.8393 1.2
      vertex 34.799 34.8393 1.5
    endloop
  endfacet
  facet normal -0.772459 0.635065 0
    outer loop
      vertex 34.7014 34.6703 1.2
      vertex 34.7222 34.6956 1.5
      vertex 34.7222 34.6956 1.2
    endloop
  endfacet
  facet normal -0.772459 0.635065 0
    outer loop
      vertex 34.7222 34.6956 1.5
      vertex 34.7014 34.6703 1.2
      vertex 34.7014 34.6703 1.5
    endloop
  endfacet
  facet normal 0.986723 0.162411 0
    outer loop
      vertex 33.8351 34.9025 1.5
      vertex 33.8298 34.9347 1.2
      vertex 33.8298 34.9347 1.5
    endloop
  endfacet
  facet normal 0.986723 0.162411 0
    outer loop
      vertex 33.8298 34.9347 1.2
      vertex 33.8351 34.9025 1.5
      vertex 33.8351 34.9025 1.2
    endloop
  endfacet
  facet normal -0.581238 0.813733 0
    outer loop
      vertex 34.6299 34.6033 1.2
      vertex 34.6033 34.5843 1.5
      vertex 34.6299 34.6033 1.5
    endloop
  endfacet
  facet normal -0.581238 0.813733 0
    outer loop
      vertex 34.6033 34.5843 1.5
      vertex 34.6299 34.6033 1.2
      vertex 34.6033 34.5843 1.2
    endloop
  endfacet
  facet normal 0.772459 -0.635065 0
    outer loop
      vertex 33.9288 35.3044 1.5
      vertex 33.9496 35.3297 1.2
      vertex 33.9496 35.3297 1.5
    endloop
  endfacet
  facet normal 0.772459 -0.635065 0
    outer loop
      vertex 33.9496 35.3297 1.2
      vertex 33.9288 35.3044 1.5
      vertex 33.9288 35.3044 1.2
    endloop
  endfacet
  facet normal -0.635065 0.772459 0
    outer loop
      vertex 34.6552 34.6241 1.2
      vertex 34.6299 34.6033 1.5
      vertex 34.6552 34.6241 1.5
    endloop
  endfacet
  facet normal -0.635065 0.772459 0
    outer loop
      vertex 34.6299 34.6033 1.5
      vertex 34.6552 34.6241 1.2
      vertex 34.6299 34.6033 1.2
    endloop
  endfacet
  facet normal 0.956896 0.290432 0
    outer loop
      vertex 33.8521 34.8393 1.5
      vertex 33.8426 34.8706 1.2
      vertex 33.8426 34.8706 1.5
    endloop
  endfacet
  facet normal 0.956896 0.290432 0
    outer loop
      vertex 33.8426 34.8706 1.2
      vertex 33.8521 34.8393 1.5
      vertex 33.8521 34.8393 1.2
    endloop
  endfacet
  facet normal -0.161921 -0.986804 0
    outer loop
      vertex 34.3908 35.4957 1.2
      vertex 34.4231 35.4904 1.5
      vertex 34.3908 35.4957 1.5
    endloop
  endfacet
  facet normal -0.161921 -0.986804 -0
    outer loop
      vertex 34.4231 35.4904 1.5
      vertex 34.3908 35.4957 1.2
      vertex 34.4231 35.4904 1.2
    endloop
  endfacet
  facet normal 0 0 1
    outer loop
      vertex 34.8244 35.0327 1.2
      vertex 34.8244 34.9673 1.2
      vertex 34.8255 35 1.2
    endloop
  endfacet
  facet normal 0 0 1
    outer loop
      vertex 34.8212 35.0653 1.2
      vertex 34.8244 34.9673 1.2
      vertex 34.8244 35.0327 1.2
    endloop
  endfacet
  facet normal 0 0 1
    outer loop
      vertex 34.8212 35.0653 1.2
      vertex 34.8212 34.9347 1.2
      vertex 34.8244 34.9673 1.2
    endloop
  endfacet
  facet normal 0 0 1
    outer loop
      vertex 34.8159 35.0975 1.2
      vertex 34.8212 34.9347 1.2
      vertex 34.8212 35.0653 1.2
    endloop
  endfacet
  facet normal 0 0 1
    outer loop
      vertex 34.8159 35.0975 1.2
      vertex 34.8159 34.9025 1.2
      vertex 34.8212 34.9347 1.2
    endloop
  endfacet
  facet normal 0 0 1
    outer loop
      vertex 34.8085 35.1294 1.2
      vertex 34.8159 34.9025 1.2
      vertex 34.8159 35.0975 1.2
    endloop
  endfacet
  facet normal 0 0 1
    outer loop
      vertex 34.8085 35.1294 1.2
      vertex 34.8085 34.8706 1.2
      vertex 34.8159 34.9025 1.2
    endloop
  endfacet
  facet normal 0 0 1
    outer loop
      vertex 34.799 35.1607 1.2
      vertex 34.8085 34.8706 1.2
      vertex 34.8085 35.1294 1.2
    endloop
  endfacet
  facet normal 0 0 1
    outer loop
      vertex 34.799 35.1607 1.2
      vertex 34.799 34.8393 1.2
      vertex 34.8085 34.8706 1.2
    endloop
  endfacet
  facet normal 0 0 1
    outer loop
      vertex 34.7875 35.1913 1.2
      vertex 34.799 34.8393 1.2
      vertex 34.799 35.1607 1.2
    endloop
  endfacet
  facet normal 0 0 1
    outer loop
      vertex 34.7875 35.1913 1.2
      vertex 34.7875 34.8087 1.2
      vertex 34.799 34.8393 1.2
    endloop
  endfacet
  facet normal 0 0 1
    outer loop
      vertex 34.774 35.2211 1.2
      vertex 34.7875 34.8087 1.2
      vertex 34.7875 35.1913 1.2
    endloop
  endfacet
  facet normal 0 0 1
    outer loop
      vertex 34.774 35.2211 1.2
      vertex 34.774 34.7789 1.2
      vertex 34.7875 34.8087 1.2
    endloop
  endfacet
  facet normal 0 0 1
    outer loop
      vertex 34.7585 35.25 1.2
      vertex 34.774 34.7789 1.2
      vertex 34.774 35.2211 1.2
    endloop
  endfacet
  facet normal 0 0 1
    outer loop
      vertex 34.7585 35.25 1.2
      vertex 34.7585 34.75 1.2
      vertex 34.774 34.7789 1.2
    endloop
  endfacet
  facet normal 0 0 1
    outer loop
      vertex 34.7413 35.2778 1.2
      vertex 34.7585 34.75 1.2
      vertex 34.7585 35.25 1.2
    endloop
  endfacet
  facet normal 0 0 1
    outer loop
      vertex 34.7413 35.2778 1.2
      vertex 34.7413 34.7222 1.2
      vertex 34.7585 34.75 1.2
    endloop
  endfacet
  facet normal 0 0 1
    outer loop
      vertex 34.7222 35.3044 1.2
      vertex 34.7413 34.7222 1.2
      vertex 34.7413 35.2778 1.2
    endloop
  endfacet
  facet normal 0 0 1
    outer loop
      vertex 34.7222 35.3044 1.2
      vertex 34.7222 34.6956 1.2
      vertex 34.7413 34.7222 1.2
    endloop
  endfacet
  facet normal 0 0 1
    outer loop
      vertex 34.7014 35.3297 1.2
      vertex 34.7222 34.6956 1.2
      vertex 34.7222 35.3044 1.2
    endloop
  endfacet
  facet normal 0 0 1
    outer loop
      vertex 34.7014 35.3297 1.2
      vertex 34.7014 34.6703 1.2
      vertex 34.7222 34.6956 1.2
    endloop
  endfacet
  facet normal 0 0 1
    outer loop
      vertex 34.6791 35.3536 1.2
      vertex 34.7014 34.6703 1.2
      vertex 34.7014 35.3297 1.2
    endloop
  endfacet
  facet normal 0 0 1
    outer loop
      vertex 34.6791 35.3536 1.2
      vertex 34.6791 34.6464 1.2
      vertex 34.7014 34.6703 1.2
    endloop
  endfacet
  facet normal 0 0 1
    outer loop
      vertex 34.6552 35.3759 1.2
      vertex 34.6791 34.6464 1.2
      vertex 34.6791 35.3536 1.2
    endloop
  endfacet
  facet normal 0 0 1
    outer loop
      vertex 34.6552 35.3759 1.2
      vertex 34.6552 34.6241 1.2
      vertex 34.6791 34.6464 1.2
    endloop
  endfacet
  facet normal 0 0 1
    outer loop
      vertex 34.6299 35.3967 1.2
      vertex 34.6552 34.6241 1.2
      vertex 34.6552 35.3759 1.2
    endloop
  endfacet
  facet normal 0 0 1
    outer loop
      vertex 34.6299 35.3967 1.2
      vertex 34.6299 34.6033 1.2
      vertex 34.6552 34.6241 1.2
    endloop
  endfacet
  facet normal 0 0 1
    outer loop
      vertex 34.6033 35.4157 1.2
      vertex 34.6299 34.6033 1.2
      vertex 34.6299 35.3967 1.2
    endloop
  endfacet
  facet normal 0 0 1
    outer loop
      vertex 34.6033 35.4157 1.2
      vertex 34.6033 34.5843 1.2
      vertex 34.6299 34.6033 1.2
    endloop
  endfacet
  facet normal 0 0 1
    outer loop
      vertex 34.5755 35.433 1.2
      vertex 34.6033 34.5843 1.2
      vertex 34.6033 35.4157 1.2
    endloop
  endfacet
  facet normal 0 0 1
    outer loop
      vertex 34.5755 35.433 1.2
      vertex 34.5755 34.567 1.2
      vertex 34.6033 34.5843 1.2
    endloop
  endfacet
  facet normal 0 0 1
    outer loop
      vertex 34.5467 35.4484 1.2
      vertex 34.5755 34.567 1.2
      vertex 34.5755 35.433 1.2
    endloop
  endfacet
  facet normal 0 0 1
    outer loop
      vertex 34.5467 35.4484 1.2
      vertex 34.5467 34.5516 1.2
      vertex 34.5755 34.567 1.2
    endloop
  endfacet
  facet normal 0 0 1
    outer loop
      vertex 34.5169 35.4619 1.2
      vertex 34.5467 34.5516 1.2
      vertex 34.5467 35.4484 1.2
    endloop
  endfacet
  facet normal 0 0 1
    outer loop
      vertex 34.5169 35.4619 1.2
      vertex 34.5169 34.5381 1.2
      vertex 34.5467 34.5516 1.2
    endloop
  endfacet
  facet normal 0 0 1
    outer loop
      vertex 34.4862 35.4735 1.2
      vertex 34.5169 34.5381 1.2
      vertex 34.5169 35.4619 1.2
    endloop
  endfacet
  facet normal 0 0 1
    outer loop
      vertex 34.4862 35.4735 1.2
      vertex 34.4862 34.5265 1.2
      vertex 34.5169 34.5381 1.2
    endloop
  endfacet
  facet normal 0 0 1
    outer loop
      vertex 34.4549 35.483 1.2
      vertex 34.4862 34.5265 1.2
      vertex 34.4862 35.4735 1.2
    endloop
  endfacet
  facet normal 0 0 1
    outer loop
      vertex 34.4549 35.483 1.2
      vertex 34.4549 34.517 1.2
      vertex 34.4862 34.5265 1.2
    endloop
  endfacet
  facet normal 0 0 1
    outer loop
      vertex 34.4231 35.4904 1.2
      vertex 34.4549 34.517 1.2
      vertex 34.4549 35.483 1.2
    endloop
  endfacet
  facet normal 0 0 1
    outer loop
      vertex 34.4231 35.4904 1.2
      vertex 34.4231 34.5096 1.2
      vertex 34.4549 34.517 1.2
    endloop
  endfacet
  facet normal 0 0 1
    outer loop
      vertex 34.3908 35.4957 1.2
      vertex 34.4231 34.5096 1.2
      vertex 34.4231 35.4904 1.2
    endloop
  endfacet
  facet normal 0 0 1
    outer loop
      vertex 34.3908 35.4957 1.2
      vertex 34.3908 34.5043 1.2
      vertex 34.4231 34.5096 1.2
    endloop
  endfacet
  facet normal 0 0 1
    outer loop
      vertex 34.3582 35.4989 1.2
      vertex 34.3908 34.5043 1.2
      vertex 34.3908 35.4957 1.2
    endloop
  endfacet
  facet normal 0 0 1
    outer loop
      vertex 34.3582 35.4989 1.2
      vertex 34.3582 34.5011 1.2
      vertex 34.3908 34.5043 1.2
    endloop
  endfacet
  facet normal 0 0 1
    outer loop
      vertex 34.3255 35.5 1.2
      vertex 34.3582 34.5011 1.2
      vertex 34.3582 35.4989 1.2
    endloop
  endfacet
  facet normal 0 0 1
    outer loop
      vertex 34.3255 35.5 1.2
      vertex 34.3255 34.5 1.2
      vertex 34.3582 34.5011 1.2
    endloop
  endfacet
  facet normal -0 0 1
    outer loop
      vertex 34.2928 35.4989 1.2
      vertex 34.3255 34.5 1.2
      vertex 34.3255 35.5 1.2
    endloop
  endfacet
  facet normal 0 0 1
    outer loop
      vertex 34.2928 35.4989 1.2
      vertex 34.2928 34.5011 1.2
      vertex 34.3255 34.5 1.2
    endloop
  endfacet
  facet normal -0 0 1
    outer loop
      vertex 34.2603 35.4957 1.2
      vertex 34.2928 34.5011 1.2
      vertex 34.2928 35.4989 1.2
    endloop
  endfacet
  facet normal 0 0 1
    outer loop
      vertex 34.2603 35.4957 1.2
      vertex 34.2603 34.5043 1.2
      vertex 34.2928 34.5011 1.2
    endloop
  endfacet
  facet normal -0 0 1
    outer loop
      vertex 34.228 35.4904 1.2
      vertex 34.2603 34.5043 1.2
      vertex 34.2603 35.4957 1.2
    endloop
  endfacet
  facet normal 0 0 1
    outer loop
      vertex 34.228 35.4904 1.2
      vertex 34.228 34.5096 1.2
      vertex 34.2603 34.5043 1.2
    endloop
  endfacet
  facet normal -0 0 1
    outer loop
      vertex 34.1961 35.483 1.2
      vertex 34.228 34.5096 1.2
      vertex 34.228 35.4904 1.2
    endloop
  endfacet
  facet normal 0 0 1
    outer loop
      vertex 34.1961 35.483 1.2
      vertex 34.1961 34.517 1.2
      vertex 34.228 34.5096 1.2
    endloop
  endfacet
  facet normal -0 0 1
    outer loop
      vertex 34.1648 35.4735 1.2
      vertex 34.1961 34.517 1.2
      vertex 34.1961 35.483 1.2
    endloop
  endfacet
  facet normal 0 0 1
    outer loop
      vertex 34.1648 35.4735 1.2
      vertex 34.1648 34.5265 1.2
      vertex 34.1961 34.517 1.2
    endloop
  endfacet
  facet normal -0 0 1
    outer loop
      vertex 34.1342 35.4619 1.2
      vertex 34.1648 34.5265 1.2
      vertex 34.1648 35.4735 1.2
    endloop
  endfacet
  facet normal 0 0 1
    outer loop
      vertex 34.1342 35.4619 1.2
      vertex 34.1342 34.5381 1.2
      vertex 34.1648 34.5265 1.2
    endloop
  endfacet
  facet normal -0 0 1
    outer loop
      vertex 34.1044 35.4484 1.2
      vertex 34.1342 34.5381 1.2
      vertex 34.1342 35.4619 1.2
    endloop
  endfacet
  facet normal 0 0 1
    outer loop
      vertex 34.1044 35.4484 1.2
      vertex 34.1044 34.5516 1.2
      vertex 34.1342 34.5381 1.2
    endloop
  endfacet
  facet normal -0 0 1
    outer loop
      vertex 34.0755 35.433 1.2
      vertex 34.1044 34.5516 1.2
      vertex 34.1044 35.4484 1.2
    endloop
  endfacet
  facet normal 0 0 1
    outer loop
      vertex 34.0755 35.433 1.2
      vertex 34.0755 34.567 1.2
      vertex 34.1044 34.5516 1.2
    endloop
  endfacet
  facet normal -0 0 1
    outer loop
      vertex 34.0477 35.4157 1.2
      vertex 34.0755 34.567 1.2
      vertex 34.0755 35.433 1.2
    endloop
  endfacet
  facet normal 0 0 1
    outer loop
      vertex 34.0477 35.4157 1.2
      vertex 34.0477 34.5843 1.2
      vertex 34.0755 34.567 1.2
    endloop
  endfacet
  facet normal -0 0 1
    outer loop
      vertex 34.0211 35.3967 1.2
      vertex 34.0477 34.5843 1.2
      vertex 34.0477 35.4157 1.2
    endloop
  endfacet
  facet normal 0 0 1
    outer loop
      vertex 34.0211 35.3967 1.2
      vertex 34.0211 34.6033 1.2
      vertex 34.0477 34.5843 1.2
    endloop
  endfacet
  facet normal -0 0 1
    outer loop
      vertex 33.9958 35.3759 1.2
      vertex 34.0211 34.6033 1.2
      vertex 34.0211 35.3967 1.2
    endloop
  endfacet
  facet normal 0 0 1
    outer loop
      vertex 33.9958 35.3759 1.2
      vertex 33.9958 34.6241 1.2
      vertex 34.0211 34.6033 1.2
    endloop
  endfacet
  facet normal -0 0 1
    outer loop
      vertex 33.972 35.3536 1.2
      vertex 33.9958 34.6241 1.2
      vertex 33.9958 35.3759 1.2
    endloop
  endfacet
  facet normal 0 0 1
    outer loop
      vertex 33.972 35.3536 1.2
      vertex 33.972 34.6464 1.2
      vertex 33.9958 34.6241 1.2
    endloop
  endfacet
  facet normal -0 0 1
    outer loop
      vertex 33.9496 35.3297 1.2
      vertex 33.972 34.6464 1.2
      vertex 33.972 35.3536 1.2
    endloop
  endfacet
  facet normal 0 0 1
    outer loop
      vertex 33.9496 35.3297 1.2
      vertex 33.9496 34.6703 1.2
      vertex 33.972 34.6464 1.2
    endloop
  endfacet
  facet normal -0 0 1
    outer loop
      vertex 33.9288 35.3044 1.2
      vertex 33.9496 34.6703 1.2
      vertex 33.9496 35.3297 1.2
    endloop
  endfacet
  facet normal 0 0 1
    outer loop
      vertex 33.9288 35.3044 1.2
      vertex 33.9288 34.6956 1.2
      vertex 33.9496 34.6703 1.2
    endloop
  endfacet
  facet normal -0 0 1
    outer loop
      vertex 33.9098 35.2778 1.2
      vertex 33.9288 34.6956 1.2
      vertex 33.9288 35.3044 1.2
    endloop
  endfacet
  facet normal 0 0 1
    outer loop
      vertex 33.9098 35.2778 1.2
      vertex 33.9098 34.7222 1.2
      vertex 33.9288 34.6956 1.2
    endloop
  endfacet
  facet normal -0 0 1
    outer loop
      vertex 33.8925 35.25 1.2
      vertex 33.9098 34.7222 1.2
      vertex 33.9098 35.2778 1.2
    endloop
  endfacet
  facet normal 0 0 1
    outer loop
      vertex 33.8925 35.25 1.2
      vertex 33.8925 34.75 1.2
      vertex 33.9098 34.7222 1.2
    endloop
  endfacet
  facet normal -0 0 1
    outer loop
      vertex 33.8771 35.2211 1.2
      vertex 33.8925 34.75 1.2
      vertex 33.8925 35.25 1.2
    endloop
  endfacet
  facet normal 0 0 1
    outer loop
      vertex 33.8771 35.2211 1.2
      vertex 33.8771 34.7789 1.2
      vertex 33.8925 34.75 1.2
    endloop
  endfacet
  facet normal -0 0 1
    outer loop
      vertex 33.8636 35.1913 1.2
      vertex 33.8771 34.7789 1.2
      vertex 33.8771 35.2211 1.2
    endloop
  endfacet
  facet normal 0 0 1
    outer loop
      vertex 33.8636 35.1913 1.2
      vertex 33.8636 34.8087 1.2
      vertex 33.8771 34.7789 1.2
    endloop
  endfacet
  facet normal -0 0 1
    outer loop
      vertex 33.8521 35.1607 1.2
      vertex 33.8636 34.8087 1.2
      vertex 33.8636 35.1913 1.2
    endloop
  endfacet
  facet normal 0 0 1
    outer loop
      vertex 33.8521 35.1607 1.2
      vertex 33.8521 34.8393 1.2
      vertex 33.8636 34.8087 1.2
    endloop
  endfacet
  facet normal -0 0 1
    outer loop
      vertex 33.8426 35.1294 1.2
      vertex 33.8521 34.8393 1.2
      vertex 33.8521 35.1607 1.2
    endloop
  endfacet
  facet normal 0 0 1
    outer loop
      vertex 33.8426 35.1294 1.2
      vertex 33.8426 34.8706 1.2
      vertex 33.8521 34.8393 1.2
    endloop
  endfacet
  facet normal -0 0 1
    outer loop
      vertex 33.8351 35.0975 1.2
      vertex 33.8426 34.8706 1.2
      vertex 33.8426 35.1294 1.2
    endloop
  endfacet
  facet normal 0 0 1
    outer loop
      vertex 33.8351 35.0975 1.2
      vertex 33.8351 34.9025 1.2
      vertex 33.8426 34.8706 1.2
    endloop
  endfacet
  facet normal -0 0 1
    outer loop
      vertex 33.8298 35.0653 1.2
      vertex 33.8351 34.9025 1.2
      vertex 33.8351 35.0975 1.2
    endloop
  endfacet
  facet normal 0 0 1
    outer loop
      vertex 33.8298 35.0653 1.2
      vertex 33.8298 34.9347 1.2
      vertex 33.8351 34.9025 1.2
    endloop
  endfacet
  facet normal -0 0 1
    outer loop
      vertex 33.8266 35.0327 1.2
      vertex 33.8298 34.9347 1.2
      vertex 33.8298 35.0653 1.2
    endloop
  endfacet
  facet normal 0 0 1
    outer loop
      vertex 33.8266 35.0327 1.2
      vertex 33.8266 34.9673 1.2
      vertex 33.8298 34.9347 1.2
    endloop
  endfacet
  facet normal 0 -0 1
    outer loop
      vertex 33.8266 34.9673 1.2
      vertex 33.8266 35.0327 1.2
      vertex 33.8255 35 1.2
    endloop
  endfacet
  facet normal -0.35346 0.93545 0
    outer loop
      vertex 34.5169 34.5381 1.2
      vertex 34.4862 34.5265 1.5
      vertex 34.5169 34.5381 1.5
    endloop
  endfacet
  facet normal -0.35346 0.93545 0
    outer loop
      vertex 34.4862 34.5265 1.5
      vertex 34.5169 34.5381 1.2
      vertex 34.4862 34.5265 1.2
    endloop
  endfacet
  facet normal -0.772459 -0.635065 0
    outer loop
      vertex 34.7222 35.3044 1.2
      vertex 34.7014 35.3297 1.5
      vertex 34.7014 35.3297 1.2
    endloop
  endfacet
  facet normal -0.772459 -0.635065 0
    outer loop
      vertex 34.7014 35.3297 1.5
      vertex 34.7222 35.3044 1.2
      vertex 34.7222 35.3044 1.5
    endloop
  endfacet
  facet normal -0.812287 -0.583258 0
    outer loop
      vertex 34.7413 35.2778 1.2
      vertex 34.7222 35.3044 1.5
      vertex 34.7222 35.3044 1.2
    endloop
  endfacet
  facet normal -0.812287 -0.583258 0
    outer loop
      vertex 34.7222 35.3044 1.5
      vertex 34.7413 35.2778 1.2
      vertex 34.7413 35.2778 1.5
    endloop
  endfacet
  facet normal -0.226649 0.973977 0
    outer loop
      vertex 34.4549 34.517 1.2
      vertex 34.4231 34.5096 1.5
      vertex 34.4549 34.517 1.5
    endloop
  endfacet
  facet normal -0.226649 0.973977 0
    outer loop
      vertex 34.4231 34.5096 1.5
      vertex 34.4549 34.517 1.2
      vertex 34.4231 34.5096 1.2
    endloop
  endfacet
  facet normal -0.936078 -0.351794 0
    outer loop
      vertex 34.799 35.1607 1.2
      vertex 34.7875 35.1913 1.5
      vertex 34.7875 35.1913 1.2
    endloop
  endfacet
  facet normal -0.936078 -0.351794 0
    outer loop
      vertex 34.7875 35.1913 1.5
      vertex 34.799 35.1607 1.2
      vertex 34.799 35.1607 1.5
    endloop
  endfacet
  facet normal 0.973457 0.228869 0
    outer loop
      vertex 33.8426 34.8706 1.5
      vertex 33.8351 34.9025 1.2
      vertex 33.8351 34.9025 1.5
    endloop
  endfacet
  facet normal 0.973457 0.228869 0
    outer loop
      vertex 33.8351 34.9025 1.2
      vertex 33.8426 34.8706 1.5
      vertex 33.8426 34.8706 1.2
    endloop
  endfacet
  facet normal -0.986723 -0.162411 0
    outer loop
      vertex 34.8212 35.0653 1.2
      vertex 34.8159 35.0975 1.5
      vertex 34.8159 35.0975 1.2
    endloop
  endfacet
  facet normal -0.986723 -0.162411 0
    outer loop
      vertex 34.8159 35.0975 1.5
      vertex 34.8212 35.0653 1.2
      vertex 34.8212 35.0653 1.5
    endloop
  endfacet
  facet normal 0.225974 -0.974133 0
    outer loop
      vertex 34.1961 35.483 1.2
      vertex 34.228 35.4904 1.5
      vertex 34.1961 35.483 1.5
    endloop
  endfacet
  facet normal 0.225974 -0.974133 0
    outer loop
      vertex 34.228 35.4904 1.5
      vertex 34.1961 35.483 1.2
      vertex 34.228 35.4904 1.2
    endloop
  endfacet
  facet normal 0.0336201 -0.999435 0
    outer loop
      vertex 34.2928 35.4989 1.2
      vertex 34.3255 35.5 1.5
      vertex 34.2928 35.4989 1.5
    endloop
  endfacet
  facet normal 0.0336201 -0.999435 0
    outer loop
      vertex 34.3255 35.5 1.5
      vertex 34.2928 35.4989 1.2
      vertex 34.3255 35.5 1.2
    endloop
  endfacet
  facet normal 0.973457 -0.228869 0
    outer loop
      vertex 33.8351 35.0975 1.5
      vertex 33.8426 35.1294 1.2
      vertex 33.8426 35.1294 1.5
    endloop
  endfacet
  facet normal 0.973457 -0.228869 0
    outer loop
      vertex 33.8426 35.1294 1.2
      vertex 33.8351 35.0975 1.5
      vertex 33.8351 35.0975 1.2
    endloop
  endfacet
  facet normal 0.849026 -0.528351 0
    outer loop
      vertex 33.8925 35.25 1.5
      vertex 33.9098 35.2778 1.2
      vertex 33.9098 35.2778 1.5
    endloop
  endfacet
  facet normal 0.849026 -0.528351 0
    outer loop
      vertex 33.9098 35.2778 1.2
      vertex 33.8925 35.25 1.5
      vertex 33.8925 35.25 1.2
    endloop
  endfacet
  facet normal -0.910889 0.412651 0
    outer loop
      vertex 34.774 34.7789 1.2
      vertex 34.7875 34.8087 1.5
      vertex 34.7875 34.8087 1.2
    endloop
  endfacet
  facet normal -0.910889 0.412651 0
    outer loop
      vertex 34.7875 34.8087 1.5
      vertex 34.774 34.7789 1.2
      vertex 34.774 34.7789 1.5
    endloop
  endfacet
  facet normal 0.412651 0.910889 -0
    outer loop
      vertex 34.1342 34.5381 1.2
      vertex 34.1044 34.5516 1.5
      vertex 34.1342 34.5381 1.5
    endloop
  endfacet
  facet normal 0.412651 0.910889 0
    outer loop
      vertex 34.1044 34.5516 1.5
      vertex 34.1342 34.5381 1.2
      vertex 34.1044 34.5516 1.2
    endloop
  endfacet
  facet normal 0.528351 0.849026 -0
    outer loop
      vertex 34.0755 34.567 1.2
      vertex 34.0477 34.5843 1.5
      vertex 34.0755 34.567 1.5
    endloop
  endfacet
  facet normal 0.528351 0.849026 0
    outer loop
      vertex 34.0477 34.5843 1.5
      vertex 34.0755 34.567 1.2
      vertex 34.0477 34.5843 1.2
    endloop
  endfacet
  facet normal 0.995217 -0.09769 0
    outer loop
      vertex 33.8266 35.0327 1.5
      vertex 33.8298 35.0653 1.2
      vertex 33.8298 35.0653 1.5
    endloop
  endfacet
  facet normal 0.995217 -0.09769 0
    outer loop
      vertex 33.8298 35.0653 1.2
      vertex 33.8266 35.0327 1.5
      vertex 33.8266 35.0327 1.2
    endloop
  endfacet
  facet normal 0.995217 0.09769 0
    outer loop
      vertex 33.8298 34.9347 1.5
      vertex 33.8266 34.9673 1.2
      vertex 33.8266 34.9673 1.5
    endloop
  endfacet
  facet normal 0.995217 0.09769 0
    outer loop
      vertex 33.8266 34.9673 1.2
      vertex 33.8298 34.9347 1.5
      vertex 33.8298 34.9347 1.2
    endloop
  endfacet
  facet normal 0.813733 0.581238 0
    outer loop
      vertex 33.9288 34.6956 1.5
      vertex 33.9098 34.7222 1.2
      vertex 33.9098 34.7222 1.5
    endloop
  endfacet
  facet normal 0.813733 0.581238 0
    outer loop
      vertex 33.9098 34.7222 1.2
      vertex 33.9288 34.6956 1.5
      vertex 33.9288 34.6956 1.2
    endloop
  endfacet
  facet normal 0.412651 -0.910889 0
    outer loop
      vertex 34.1044 35.4484 1.2
      vertex 34.1342 35.4619 1.5
      vertex 34.1044 35.4484 1.5
    endloop
  endfacet
  facet normal 0.412651 -0.910889 0
    outer loop
      vertex 34.1342 35.4619 1.5
      vertex 34.1044 35.4484 1.2
      vertex 34.1342 35.4619 1.2
    endloop
  endfacet
  facet normal 0.729632 0.68384 0
    outer loop
      vertex 33.972 34.6464 1.5
      vertex 33.9496 34.6703 1.2
      vertex 33.9496 34.6703 1.5
    endloop
  endfacet
  facet normal 0.729632 0.68384 0
    outer loop
      vertex 33.9496 34.6703 1.2
      vertex 33.972 34.6464 1.5
      vertex 33.972 34.6464 1.2
    endloop
  endfacet
  facet normal -0.161921 0.986804 0
    outer loop
      vertex 34.4231 34.5096 1.2
      vertex 34.3908 34.5043 1.5
      vertex 34.4231 34.5096 1.5
    endloop
  endfacet
  facet normal -0.161921 0.986804 0
    outer loop
      vertex 34.3908 34.5043 1.5
      vertex 34.4231 34.5096 1.2
      vertex 34.3908 34.5043 1.2
    endloop
  endfacet
  facet normal 0.581238 0.813733 -0
    outer loop
      vertex 34.0477 34.5843 1.2
      vertex 34.0211 34.6033 1.5
      vertex 34.0477 34.5843 1.5
    endloop
  endfacet
  facet normal 0.581238 0.813733 0
    outer loop
      vertex 34.0211 34.6033 1.5
      vertex 34.0477 34.5843 1.2
      vertex 34.0211 34.6033 1.2
    endloop
  endfacet
  facet normal -0.35346 -0.93545 0
    outer loop
      vertex 34.4862 35.4735 1.2
      vertex 34.5169 35.4619 1.5
      vertex 34.4862 35.4735 1.5
    endloop
  endfacet
  facet normal -0.35346 -0.93545 -0
    outer loop
      vertex 34.5169 35.4619 1.5
      vertex 34.4862 35.4735 1.2
      vertex 34.5169 35.4619 1.2
    endloop
  endfacet
  facet normal 0.635065 -0.772459 0
    outer loop
      vertex 33.9958 35.3759 1.2
      vertex 34.0211 35.3967 1.5
      vertex 33.9958 35.3759 1.5
    endloop
  endfacet
  facet normal 0.635065 -0.772459 0
    outer loop
      vertex 34.0211 35.3967 1.5
      vertex 33.9958 35.3759 1.2
      vertex 34.0211 35.3967 1.2
    endloop
  endfacet
  facet normal 0.849026 0.528351 0
    outer loop
      vertex 33.9098 34.7222 1.5
      vertex 33.8925 34.75 1.2
      vertex 33.8925 34.75 1.5
    endloop
  endfacet
  facet normal 0.849026 0.528351 0
    outer loop
      vertex 33.8925 34.75 1.2
      vertex 33.9098 34.7222 1.5
      vertex 33.9098 34.7222 1.2
    endloop
  endfacet
  facet normal 0.0979877 0.995188 -0
    outer loop
      vertex 34.2928 34.5011 1.2
      vertex 34.2603 34.5043 1.5
      vertex 34.2928 34.5011 1.5
    endloop
  endfacet
  facet normal 0.0979877 0.995188 0
    outer loop
      vertex 34.2603 34.5043 1.5
      vertex 34.2928 34.5011 1.2
      vertex 34.2603 34.5043 1.2
    endloop
  endfacet
  facet normal -0.528351 0.849026 0
    outer loop
      vertex 34.6033 34.5843 1.2
      vertex 34.5755 34.567 1.5
      vertex 34.6033 34.5843 1.5
    endloop
  endfacet
  facet normal -0.528351 0.849026 0
    outer loop
      vertex 34.5755 34.567 1.5
      vertex 34.6033 34.5843 1.2
      vertex 34.5755 34.567 1.2
    endloop
  endfacet
  facet normal 0.470271 0.882522 -0
    outer loop
      vertex 34.1044 34.5516 1.2
      vertex 34.0755 34.567 1.5
      vertex 34.1044 34.5516 1.5
    endloop
  endfacet
  facet normal 0.470271 0.882522 0
    outer loop
      vertex 34.0755 34.567 1.5
      vertex 34.1044 34.5516 1.2
      vertex 34.0755 34.567 1.2
    endloop
  endfacet
  facet normal 0.161921 0.986804 -0
    outer loop
      vertex 34.2603 34.5043 1.2
      vertex 34.228 34.5096 1.5
      vertex 34.2603 34.5043 1.5
    endloop
  endfacet
  facet normal 0.161921 0.986804 0
    outer loop
      vertex 34.228 34.5096 1.5
      vertex 34.2603 34.5043 1.2
      vertex 34.228 34.5096 1.2
    endloop
  endfacet
  facet normal 0.882522 -0.470271 0
    outer loop
      vertex 33.8771 35.2211 1.5
      vertex 33.8925 35.25 1.2
      vertex 33.8925 35.25 1.5
    endloop
  endfacet
  facet normal 0.882522 -0.470271 0
    outer loop
      vertex 33.8925 35.25 1.2
      vertex 33.8771 35.2211 1.5
      vertex 33.8771 35.2211 1.2
    endloop
  endfacet
  facet normal 0.470271 -0.882522 0
    outer loop
      vertex 34.0755 35.433 1.2
      vertex 34.1044 35.4484 1.5
      vertex 34.0755 35.433 1.5
    endloop
  endfacet
  facet normal 0.470271 -0.882522 0
    outer loop
      vertex 34.1044 35.4484 1.5
      vertex 34.0755 35.433 1.2
      vertex 34.1044 35.4484 1.2
    endloop
  endfacet
  facet normal 0.635065 0.772459 -0
    outer loop
      vertex 34.0211 34.6033 1.2
      vertex 33.9958 34.6241 1.5
      vertex 34.0211 34.6033 1.5
    endloop
  endfacet
  facet normal 0.635065 0.772459 0
    outer loop
      vertex 33.9958 34.6241 1.5
      vertex 34.0211 34.6033 1.2
      vertex 33.9958 34.6241 1.2
    endloop
  endfacet
  facet normal 0.35447 0.935067 -0
    outer loop
      vertex 34.1648 34.5265 1.2
      vertex 34.1342 34.5381 1.5
      vertex 34.1648 34.5265 1.5
    endloop
  endfacet
  facet normal 0.35447 0.935067 0
    outer loop
      vertex 34.1342 34.5381 1.5
      vertex 34.1648 34.5265 1.2
      vertex 34.1342 34.5381 1.2
    endloop
  endfacet
  facet normal -0.226649 -0.973977 0
    outer loop
      vertex 34.4231 35.4904 1.2
      vertex 34.4549 35.483 1.5
      vertex 34.4231 35.4904 1.5
    endloop
  endfacet
  facet normal -0.226649 -0.973977 -0
    outer loop
      vertex 34.4549 35.483 1.5
      vertex 34.4231 35.4904 1.2
      vertex 34.4549 35.483 1.2
    endloop
  endfacet
  facet normal -0.995217 -0.09769 0
    outer loop
      vertex 51.2789 25.5327 1.2
      vertex 51.2757 25.5653 1.5
      vertex 51.2757 25.5653 1.2
    endloop
  endfacet
  facet normal -0.995217 -0.09769 0
    outer loop
      vertex 51.2757 25.5653 1.5
      vertex 51.2789 25.5327 1.2
      vertex 51.2789 25.5327 1.5
    endloop
  endfacet
  facet normal -0.999435 -0.0336201 0
    outer loop
      vertex 51.28 25.5 1.2
      vertex 51.2789 25.5327 1.5
      vertex 51.2789 25.5327 1.2
    endloop
  endfacet
  facet normal -0.999435 -0.0336201 0
    outer loop
      vertex 51.2789 25.5327 1.5
      vertex 51.28 25.5 1.2
      vertex 51.28 25.5 1.5
    endloop
  endfacet
  facet normal -0.986723 -0.162411 0
    outer loop
      vertex 51.2757 25.5653 1.2
      vertex 51.2704 25.5975 1.5
      vertex 51.2704 25.5975 1.2
    endloop
  endfacet
  facet normal -0.986723 -0.162411 0
    outer loop
      vertex 51.2704 25.5975 1.5
      vertex 51.2757 25.5653 1.2
      vertex 51.2757 25.5653 1.5
    endloop
  endfacet
  facet normal -0.35447 -0.935067 0
    outer loop
      vertex 50.9407 25.9735 1.2
      vertex 50.9713 25.9619 1.5
      vertex 50.9407 25.9735 1.5
    endloop
  endfacet
  facet normal -0.35447 -0.935067 -0
    outer loop
      vertex 50.9713 25.9619 1.5
      vertex 50.9407 25.9735 1.2
      vertex 50.9713 25.9619 1.2
    endloop
  endfacet
  facet normal 0.731157 0.682209 0
    outer loop
      vertex 50.4264 25.1464 1.5
      vertex 50.4041 25.1703 1.2
      vertex 50.4041 25.1703 1.5
    endloop
  endfacet
  facet normal 0.731157 0.682209 0
    outer loop
      vertex 50.4041 25.1703 1.2
      vertex 50.4264 25.1464 1.5
      vertex 50.4264 25.1464 1.2
    endloop
  endfacet
  facet normal 0 0 1
    outer loop
      vertex 51.2789 25.5327 1.2
      vertex 51.2789 25.4673 1.2
      vertex 51.28 25.5 1.2
    endloop
  endfacet
  facet normal 0 0 1
    outer loop
      vertex 51.2757 25.5653 1.2
      vertex 51.2789 25.4673 1.2
      vertex 51.2789 25.5327 1.2
    endloop
  endfacet
  facet normal 0 0 1
    outer loop
      vertex 51.2757 25.5653 1.2
      vertex 51.2757 25.4347 1.2
      vertex 51.2789 25.4673 1.2
    endloop
  endfacet
  facet normal 0 0 1
    outer loop
      vertex 51.2704 25.5975 1.2
      vertex 51.2757 25.4347 1.2
      vertex 51.2757 25.5653 1.2
    endloop
  endfacet
  facet normal 0 0 1
    outer loop
      vertex 51.2704 25.5975 1.2
      vertex 51.2704 25.4025 1.2
      vertex 51.2757 25.4347 1.2
    endloop
  endfacet
  facet normal 0 0 1
    outer loop
      vertex 51.263 25.6294 1.2
      vertex 51.2704 25.4025 1.2
      vertex 51.2704 25.5975 1.2
    endloop
  endfacet
  facet normal 0 0 1
    outer loop
      vertex 51.263 25.6294 1.2
      vertex 51.263 25.3706 1.2
      vertex 51.2704 25.4025 1.2
    endloop
  endfacet
  facet normal 0 0 1
    outer loop
      vertex 51.2535 25.6607 1.2
      vertex 51.263 25.3706 1.2
      vertex 51.263 25.6294 1.2
    endloop
  endfacet
  facet normal 0 0 1
    outer loop
      vertex 51.2535 25.6607 1.2
      vertex 51.2535 25.3393 1.2
      vertex 51.263 25.3706 1.2
    endloop
  endfacet
  facet normal 0 0 1
    outer loop
      vertex 51.2419 25.6913 1.2
      vertex 51.2535 25.3393 1.2
      vertex 51.2535 25.6607 1.2
    endloop
  endfacet
  facet normal 0 0 1
    outer loop
      vertex 51.2419 25.6913 1.2
      vertex 51.2419 25.3087 1.2
      vertex 51.2535 25.3393 1.2
    endloop
  endfacet
  facet normal 0 0 1
    outer loop
      vertex 51.2284 25.7211 1.2
      vertex 51.2419 25.3087 1.2
      vertex 51.2419 25.6913 1.2
    endloop
  endfacet
  facet normal 0 0 1
    outer loop
      vertex 51.2284 25.7211 1.2
      vertex 51.2284 25.2789 1.2
      vertex 51.2419 25.3087 1.2
    endloop
  endfacet
  facet normal 0 0 1
    outer loop
      vertex 51.213 25.75 1.2
      vertex 51.2284 25.2789 1.2
      vertex 51.2284 25.7211 1.2
    endloop
  endfacet
  facet normal 0 0 1
    outer loop
      vertex 51.213 25.75 1.2
      vertex 51.213 25.25 1.2
      vertex 51.2284 25.2789 1.2
    endloop
  endfacet
  facet normal 0 0 1
    outer loop
      vertex 51.1957 25.7778 1.2
      vertex 51.213 25.25 1.2
      vertex 51.213 25.75 1.2
    endloop
  endfacet
  facet normal 0 0 1
    outer loop
      vertex 51.1957 25.7778 1.2
      vertex 51.1957 25.2222 1.2
      vertex 51.213 25.25 1.2
    endloop
  endfacet
  facet normal 0 0 1
    outer loop
      vertex 51.1767 25.8044 1.2
      vertex 51.1957 25.2222 1.2
      vertex 51.1957 25.7778 1.2
    endloop
  endfacet
  facet normal 0 0 1
    outer loop
      vertex 51.1767 25.8044 1.2
      vertex 51.1767 25.1956 1.2
      vertex 51.1957 25.2222 1.2
    endloop
  endfacet
  facet normal 0 0 1
    outer loop
      vertex 51.1559 25.8297 1.2
      vertex 51.1767 25.1956 1.2
      vertex 51.1767 25.8044 1.2
    endloop
  endfacet
  facet normal 0 0 1
    outer loop
      vertex 51.1559 25.8297 1.2
      vertex 51.1559 25.1703 1.2
      vertex 51.1767 25.1956 1.2
    endloop
  endfacet
  facet normal 0 0 1
    outer loop
      vertex 51.1336 25.8536 1.2
      vertex 51.1559 25.1703 1.2
      vertex 51.1559 25.8297 1.2
    endloop
  endfacet
  facet normal 0 0 1
    outer loop
      vertex 51.1336 25.8536 1.2
      vertex 51.1336 25.1464 1.2
      vertex 51.1559 25.1703 1.2
    endloop
  endfacet
  facet normal 0 0 1
    outer loop
      vertex 51.1097 25.8759 1.2
      vertex 51.1336 25.1464 1.2
      vertex 51.1336 25.8536 1.2
    endloop
  endfacet
  facet normal 0 0 1
    outer loop
      vertex 51.1097 25.8759 1.2
      vertex 51.1097 25.1241 1.2
      vertex 51.1336 25.1464 1.2
    endloop
  endfacet
  facet normal 0 0 1
    outer loop
      vertex 51.0844 25.8967 1.2
      vertex 51.1097 25.1241 1.2
      vertex 51.1097 25.8759 1.2
    endloop
  endfacet
  facet normal 0 0 1
    outer loop
      vertex 51.0844 25.8967 1.2
      vertex 51.0844 25.1033 1.2
      vertex 51.1097 25.1241 1.2
    endloop
  endfacet
  facet normal 0 0 1
    outer loop
      vertex 51.0578 25.9157 1.2
      vertex 51.0844 25.1033 1.2
      vertex 51.0844 25.8967 1.2
    endloop
  endfacet
  facet normal 0 0 1
    outer loop
      vertex 51.0578 25.9157 1.2
      vertex 51.0578 25.0843 1.2
      vertex 51.0844 25.1033 1.2
    endloop
  endfacet
  facet normal 0 0 1
    outer loop
      vertex 51.03 25.933 1.2
      vertex 51.0578 25.0843 1.2
      vertex 51.0578 25.9157 1.2
    endloop
  endfacet
  facet normal 0 0 1
    outer loop
      vertex 51.03 25.933 1.2
      vertex 51.03 25.067 1.2
      vertex 51.0578 25.0843 1.2
    endloop
  endfacet
  facet normal 0 0 1
    outer loop
      vertex 51.0011 25.9484 1.2
      vertex 51.03 25.067 1.2
      vertex 51.03 25.933 1.2
    endloop
  endfacet
  facet normal 0 0 1
    outer loop
      vertex 51.0011 25.9484 1.2
      vertex 51.0011 25.0516 1.2
      vertex 51.03 25.067 1.2
    endloop
  endfacet
  facet normal 0 0 1
    outer loop
      vertex 50.9713 25.9619 1.2
      vertex 51.0011 25.0516 1.2
      vertex 51.0011 25.9484 1.2
    endloop
  endfacet
  facet normal 0 0 1
    outer loop
      vertex 50.9713 25.9619 1.2
      vertex 50.9713 25.0381 1.2
      vertex 51.0011 25.0516 1.2
    endloop
  endfacet
  facet normal 0 0 1
    outer loop
      vertex 50.9407 25.9735 1.2
      vertex 50.9713 25.0381 1.2
      vertex 50.9713 25.9619 1.2
    endloop
  endfacet
  facet normal 0 0 1
    outer loop
      vertex 50.9407 25.9735 1.2
      vertex 50.9407 25.0265 1.2
      vertex 50.9713 25.0381 1.2
    endloop
  endfacet
  facet normal 0 0 1
    outer loop
      vertex 50.9094 25.983 1.2
      vertex 50.9407 25.0265 1.2
      vertex 50.9407 25.9735 1.2
    endloop
  endfacet
  facet normal 0 0 1
    outer loop
      vertex 50.9094 25.983 1.2
      vertex 50.9094 25.017 1.2
      vertex 50.9407 25.0265 1.2
    endloop
  endfacet
  facet normal 0 0 1
    outer loop
      vertex 50.8775 25.9904 1.2
      vertex 50.9094 25.017 1.2
      vertex 50.9094 25.983 1.2
    endloop
  endfacet
  facet normal 0 0 1
    outer loop
      vertex 50.8775 25.9904 1.2
      vertex 50.8775 25.0096 1.2
      vertex 50.9094 25.017 1.2
    endloop
  endfacet
  facet normal 0 0 1
    outer loop
      vertex 50.8453 25.9957 1.2
      vertex 50.8775 25.0096 1.2
      vertex 50.8775 25.9904 1.2
    endloop
  endfacet
  facet normal 0 0 1
    outer loop
      vertex 50.8453 25.9957 1.2
      vertex 50.8453 25.0043 1.2
      vertex 50.8775 25.0096 1.2
    endloop
  endfacet
  facet normal 0 0 1
    outer loop
      vertex 50.8127 25.9989 1.2
      vertex 50.8453 25.0043 1.2
      vertex 50.8453 25.9957 1.2
    endloop
  endfacet
  facet normal 0 0 1
    outer loop
      vertex 50.8127 25.9989 1.2
      vertex 50.8127 25.0011 1.2
      vertex 50.8453 25.0043 1.2
    endloop
  endfacet
  facet normal 0 0 1
    outer loop
      vertex 50.78 26 1.2
      vertex 50.8127 25.0011 1.2
      vertex 50.8127 25.9989 1.2
    endloop
  endfacet
  facet normal 0 0 1
    outer loop
      vertex 50.78 26 1.2
      vertex 50.78 25 1.2
      vertex 50.8127 25.0011 1.2
    endloop
  endfacet
  facet normal -0 0 1
    outer loop
      vertex 50.7473 25.9989 1.2
      vertex 50.78 25 1.2
      vertex 50.78 26 1.2
    endloop
  endfacet
  facet normal 0 0 1
    outer loop
      vertex 50.7473 25.9989 1.2
      vertex 50.7473 25.0011 1.2
      vertex 50.78 25 1.2
    endloop
  endfacet
  facet normal -0 0 1
    outer loop
      vertex 50.7147 25.9957 1.2
      vertex 50.7473 25.0011 1.2
      vertex 50.7473 25.9989 1.2
    endloop
  endfacet
  facet normal 0 0 1
    outer loop
      vertex 50.7147 25.9957 1.2
      vertex 50.7147 25.0043 1.2
      vertex 50.7473 25.0011 1.2
    endloop
  endfacet
  facet normal -0 0 1
    outer loop
      vertex 50.6825 25.9904 1.2
      vertex 50.7147 25.0043 1.2
      vertex 50.7147 25.9957 1.2
    endloop
  endfacet
  facet normal 0 0 1
    outer loop
      vertex 50.6825 25.9904 1.2
      vertex 50.6825 25.0096 1.2
      vertex 50.7147 25.0043 1.2
    endloop
  endfacet
  facet normal -0 0 1
    outer loop
      vertex 50.6506 25.983 1.2
      vertex 50.6825 25.0096 1.2
      vertex 50.6825 25.9904 1.2
    endloop
  endfacet
  facet normal 0 0 1
    outer loop
      vertex 50.6506 25.983 1.2
      vertex 50.6506 25.017 1.2
      vertex 50.6825 25.0096 1.2
    endloop
  endfacet
  facet normal -0 0 1
    outer loop
      vertex 50.6193 25.9735 1.2
      vertex 50.6506 25.017 1.2
      vertex 50.6506 25.983 1.2
    endloop
  endfacet
  facet normal 0 0 1
    outer loop
      vertex 50.6193 25.9735 1.2
      vertex 50.6193 25.0265 1.2
      vertex 50.6506 25.017 1.2
    endloop
  endfacet
  facet normal -0 0 1
    outer loop
      vertex 50.5887 25.9619 1.2
      vertex 50.6193 25.0265 1.2
      vertex 50.6193 25.9735 1.2
    endloop
  endfacet
  facet normal 0 0 1
    outer loop
      vertex 50.5887 25.9619 1.2
      vertex 50.5887 25.0381 1.2
      vertex 50.6193 25.0265 1.2
    endloop
  endfacet
  facet normal -0 0 1
    outer loop
      vertex 50.5589 25.9484 1.2
      vertex 50.5887 25.0381 1.2
      vertex 50.5887 25.9619 1.2
    endloop
  endfacet
  facet normal 0 0 1
    outer loop
      vertex 50.5589 25.9484 1.2
      vertex 50.5589 25.0516 1.2
      vertex 50.5887 25.0381 1.2
    endloop
  endfacet
  facet normal -0 0 1
    outer loop
      vertex 50.53 25.933 1.2
      vertex 50.5589 25.0516 1.2
      vertex 50.5589 25.9484 1.2
    endloop
  endfacet
  facet normal 0 0 1
    outer loop
      vertex 50.53 25.933 1.2
      vertex 50.53 25.067 1.2
      vertex 50.5589 25.0516 1.2
    endloop
  endfacet
  facet normal -0 0 1
    outer loop
      vertex 50.5022 25.9157 1.2
      vertex 50.53 25.067 1.2
      vertex 50.53 25.933 1.2
    endloop
  endfacet
  facet normal 0 0 1
    outer loop
      vertex 50.5022 25.9157 1.2
      vertex 50.5022 25.0843 1.2
      vertex 50.53 25.067 1.2
    endloop
  endfacet
  facet normal -0 0 1
    outer loop
      vertex 50.4756 25.8967 1.2
      vertex 50.5022 25.0843 1.2
      vertex 50.5022 25.9157 1.2
    endloop
  endfacet
  facet normal 0 0 1
    outer loop
      vertex 50.4756 25.8967 1.2
      vertex 50.4756 25.1033 1.2
      vertex 50.5022 25.0843 1.2
    endloop
  endfacet
  facet normal -0 0 1
    outer loop
      vertex 50.4503 25.8759 1.2
      vertex 50.4756 25.1033 1.2
      vertex 50.4756 25.8967 1.2
    endloop
  endfacet
  facet normal 0 0 1
    outer loop
      vertex 50.4503 25.8759 1.2
      vertex 50.4503 25.1241 1.2
      vertex 50.4756 25.1033 1.2
    endloop
  endfacet
  facet normal -0 0 1
    outer loop
      vertex 50.4264 25.8536 1.2
      vertex 50.4503 25.1241 1.2
      vertex 50.4503 25.8759 1.2
    endloop
  endfacet
  facet normal 0 0 1
    outer loop
      vertex 50.4264 25.8536 1.2
      vertex 50.4264 25.1464 1.2
      vertex 50.4503 25.1241 1.2
    endloop
  endfacet
  facet normal -0 0 1
    outer loop
      vertex 50.4041 25.8297 1.2
      vertex 50.4264 25.1464 1.2
      vertex 50.4264 25.8536 1.2
    endloop
  endfacet
  facet normal 0 0 1
    outer loop
      vertex 50.4041 25.8297 1.2
      vertex 50.4041 25.1703 1.2
      vertex 50.4264 25.1464 1.2
    endloop
  endfacet
  facet normal -0 0 1
    outer loop
      vertex 50.3833 25.8044 1.2
      vertex 50.4041 25.1703 1.2
      vertex 50.4041 25.8297 1.2
    endloop
  endfacet
  facet normal 0 0 1
    outer loop
      vertex 50.3833 25.8044 1.2
      vertex 50.3833 25.1956 1.2
      vertex 50.4041 25.1703 1.2
    endloop
  endfacet
  facet normal -0 0 1
    outer loop
      vertex 50.3643 25.7778 1.2
      vertex 50.3833 25.1956 1.2
      vertex 50.3833 25.8044 1.2
    endloop
  endfacet
  facet normal 0 0 1
    outer loop
      vertex 50.3643 25.7778 1.2
      vertex 50.3643 25.2222 1.2
      vertex 50.3833 25.1956 1.2
    endloop
  endfacet
  facet normal -0 0 1
    outer loop
      vertex 50.347 25.75 1.2
      vertex 50.3643 25.2222 1.2
      vertex 50.3643 25.7778 1.2
    endloop
  endfacet
  facet normal 0 0 1
    outer loop
      vertex 50.347 25.75 1.2
      vertex 50.347 25.25 1.2
      vertex 50.3643 25.2222 1.2
    endloop
  endfacet
  facet normal -0 0 1
    outer loop
      vertex 50.3316 25.7211 1.2
      vertex 50.347 25.25 1.2
      vertex 50.347 25.75 1.2
    endloop
  endfacet
  facet normal 0 0 1
    outer loop
      vertex 50.3316 25.7211 1.2
      vertex 50.3316 25.2789 1.2
      vertex 50.347 25.25 1.2
    endloop
  endfacet
  facet normal -0 0 1
    outer loop
      vertex 50.3181 25.6913 1.2
      vertex 50.3316 25.2789 1.2
      vertex 50.3316 25.7211 1.2
    endloop
  endfacet
  facet normal 0 0 1
    outer loop
      vertex 50.3181 25.6913 1.2
      vertex 50.3181 25.3087 1.2
      vertex 50.3316 25.2789 1.2
    endloop
  endfacet
  facet normal -0 0 1
    outer loop
      vertex 50.3065 25.6607 1.2
      vertex 50.3181 25.3087 1.2
      vertex 50.3181 25.6913 1.2
    endloop
  endfacet
  facet normal 0 0 1
    outer loop
      vertex 50.3065 25.6607 1.2
      vertex 50.3065 25.3393 1.2
      vertex 50.3181 25.3087 1.2
    endloop
  endfacet
  facet normal -0 0 1
    outer loop
      vertex 50.297 25.6294 1.2
      vertex 50.3065 25.3393 1.2
      vertex 50.3065 25.6607 1.2
    endloop
  endfacet
  facet normal 0 0 1
    outer loop
      vertex 50.297 25.6294 1.2
      vertex 50.297 25.3706 1.2
      vertex 50.3065 25.3393 1.2
    endloop
  endfacet
  facet normal -0 0 1
    outer loop
      vertex 50.2896 25.5975 1.2
      vertex 50.297 25.3706 1.2
      vertex 50.297 25.6294 1.2
    endloop
  endfacet
  facet normal 0 0 1
    outer loop
      vertex 50.2896 25.5975 1.2
      vertex 50.2896 25.4025 1.2
      vertex 50.297 25.3706 1.2
    endloop
  endfacet
  facet normal -0 0 1
    outer loop
      vertex 50.2843 25.5653 1.2
      vertex 50.2896 25.4025 1.2
      vertex 50.2896 25.5975 1.2
    endloop
  endfacet
  facet normal 0 0 1
    outer loop
      vertex 50.2843 25.5653 1.2
      vertex 50.2843 25.4347 1.2
      vertex 50.2896 25.4025 1.2
    endloop
  endfacet
  facet normal -0 0 1
    outer loop
      vertex 50.2811 25.5327 1.2
      vertex 50.2843 25.4347 1.2
      vertex 50.2843 25.5653 1.2
    endloop
  endfacet
  facet normal 0 0 1
    outer loop
      vertex 50.2811 25.5327 1.2
      vertex 50.2811 25.4673 1.2
      vertex 50.2843 25.4347 1.2
    endloop
  endfacet
  facet normal 0 -0 1
    outer loop
      vertex 50.2811 25.4673 1.2
      vertex 50.2811 25.5327 1.2
      vertex 50.28 25.5 1.2
    endloop
  endfacet
  facet normal -0.813733 0.581238 0
    outer loop
      vertex 51.1767 25.1956 1.2
      vertex 51.1957 25.2222 1.5
      vertex 51.1957 25.2222 1.2
    endloop
  endfacet
  facet normal -0.813733 0.581238 0
    outer loop
      vertex 51.1957 25.2222 1.5
      vertex 51.1767 25.1956 1.2
      vertex 51.1767 25.1956 1.5
    endloop
  endfacet
  facet normal 0.162411 0.986723 -0
    outer loop
      vertex 50.7147 25.0043 1.2
      vertex 50.6825 25.0096 1.5
      vertex 50.7147 25.0043 1.5
    endloop
  endfacet
  facet normal 0.162411 0.986723 0
    outer loop
      vertex 50.6825 25.0096 1.5
      vertex 50.7147 25.0043 1.2
      vertex 50.6825 25.0096 1.2
    endloop
  endfacet
  facet normal -0.974133 -0.225974 0
    outer loop
      vertex 51.2704 25.5975 1.2
      vertex 51.263 25.6294 1.5
      vertex 51.263 25.6294 1.2
    endloop
  endfacet
  facet normal -0.974133 -0.225974 0
    outer loop
      vertex 51.263 25.6294 1.5
      vertex 51.2704 25.5975 1.2
      vertex 51.2704 25.5975 1.5
    endloop
  endfacet
  facet normal -0.581238 0.813733 0
    outer loop
      vertex 51.0844 25.1033 1.2
      vertex 51.0578 25.0843 1.5
      vertex 51.0844 25.1033 1.5
    endloop
  endfacet
  facet normal -0.581238 0.813733 0
    outer loop
      vertex 51.0578 25.0843 1.5
      vertex 51.0844 25.1033 1.2
      vertex 51.0578 25.0843 1.2
    endloop
  endfacet
  facet normal -0.935067 0.35447 0
    outer loop
      vertex 51.2419 25.3087 1.2
      vertex 51.2535 25.3393 1.5
      vertex 51.2535 25.3393 1.2
    endloop
  endfacet
  facet normal -0.935067 0.35447 0
    outer loop
      vertex 51.2535 25.3393 1.5
      vertex 51.2419 25.3087 1.2
      vertex 51.2419 25.3087 1.5
    endloop
  endfacet
  facet normal 0.986723 0.162411 0
    outer loop
      vertex 50.2896 25.4025 1.5
      vertex 50.2843 25.4347 1.2
      vertex 50.2843 25.4347 1.5
    endloop
  endfacet
  facet normal 0.986723 0.162411 0
    outer loop
      vertex 50.2843 25.4347 1.2
      vertex 50.2896 25.4025 1.5
      vertex 50.2896 25.4025 1.2
    endloop
  endfacet
  facet normal -0.731157 -0.682209 0
    outer loop
      vertex 51.1559 25.8297 1.2
      vertex 51.1336 25.8536 1.5
      vertex 51.1336 25.8536 1.2
    endloop
  endfacet
  facet normal -0.731157 -0.682209 0
    outer loop
      vertex 51.1336 25.8536 1.5
      vertex 51.1559 25.8297 1.2
      vertex 51.1559 25.8297 1.5
    endloop
  endfacet
  facet normal -0.09769 0.995217 0
    outer loop
      vertex 50.8453 25.0043 1.2
      vertex 50.8127 25.0011 1.5
      vertex 50.8453 25.0043 1.5
    endloop
  endfacet
  facet normal -0.09769 0.995217 0
    outer loop
      vertex 50.8127 25.0011 1.5
      vertex 50.8453 25.0043 1.2
      vertex 50.8127 25.0011 1.2
    endloop
  endfacet
  facet normal 0.528351 -0.849026 0
    outer loop
      vertex 50.5022 25.9157 1.2
      vertex 50.53 25.933 1.5
      vertex 50.5022 25.9157 1.5
    endloop
  endfacet
  facet normal 0.528351 -0.849026 0
    outer loop
      vertex 50.53 25.933 1.5
      vertex 50.5022 25.9157 1.2
      vertex 50.53 25.933 1.2
    endloop
  endfacet
  facet normal -0.162411 0.986723 0
    outer loop
      vertex 50.8775 25.0096 1.2
      vertex 50.8453 25.0043 1.5
      vertex 50.8775 25.0096 1.5
    endloop
  endfacet
  facet normal -0.162411 0.986723 0
    outer loop
      vertex 50.8453 25.0043 1.5
      vertex 50.8775 25.0096 1.2
      vertex 50.8453 25.0043 1.2
    endloop
  endfacet
  facet normal -0.35447 0.935067 0
    outer loop
      vertex 50.9713 25.0381 1.2
      vertex 50.9407 25.0265 1.5
      vertex 50.9713 25.0381 1.5
    endloop
  endfacet
  facet normal -0.35447 0.935067 0
    outer loop
      vertex 50.9407 25.0265 1.5
      vertex 50.9713 25.0381 1.2
      vertex 50.9407 25.0265 1.2
    endloop
  endfacet
  facet normal -0.528351 -0.849026 0
    outer loop
      vertex 51.03 25.933 1.2
      vertex 51.0578 25.9157 1.5
      vertex 51.03 25.933 1.5
    endloop
  endfacet
  facet normal -0.528351 -0.849026 -0
    outer loop
      vertex 51.0578 25.9157 1.5
      vertex 51.03 25.933 1.2
      vertex 51.0578 25.9157 1.2
    endloop
  endfacet
  facet normal 0.0336201 -0.999435 0
    outer loop
      vertex 50.7473 25.9989 1.2
      vertex 50.78 26 1.5
      vertex 50.7473 25.9989 1.5
    endloop
  endfacet
  facet normal 0.0336201 -0.999435 0
    outer loop
      vertex 50.78 26 1.5
      vertex 50.7473 25.9989 1.2
      vertex 50.78 26 1.2
    endloop
  endfacet
  facet normal 0.731157 -0.682209 0
    outer loop
      vertex 50.4041 25.8297 1.5
      vertex 50.4264 25.8536 1.2
      vertex 50.4264 25.8536 1.5
    endloop
  endfacet
  facet normal 0.731157 -0.682209 0
    outer loop
      vertex 50.4264 25.8536 1.2
      vertex 50.4041 25.8297 1.5
      vertex 50.4041 25.8297 1.2
    endloop
  endfacet
  facet normal -0.956896 0.290432 0
    outer loop
      vertex 51.2535 25.3393 1.2
      vertex 51.263 25.3706 1.5
      vertex 51.263 25.3706 1.2
    endloop
  endfacet
  facet normal -0.956896 0.290432 0
    outer loop
      vertex 51.263 25.3706 1.5
      vertex 51.2535 25.3393 1.2
      vertex 51.2535 25.3393 1.5
    endloop
  endfacet
  facet normal 0.635065 -0.772459 0
    outer loop
      vertex 50.4503 25.8759 1.2
      vertex 50.4756 25.8967 1.5
      vertex 50.4503 25.8759 1.5
    endloop
  endfacet
  facet normal 0.635065 -0.772459 0
    outer loop
      vertex 50.4756 25.8967 1.5
      vertex 50.4503 25.8759 1.2
      vertex 50.4756 25.8967 1.2
    endloop
  endfacet
  facet normal 0.956896 0.290432 0
    outer loop
      vertex 50.3065 25.3393 1.5
      vertex 50.297 25.3706 1.2
      vertex 50.297 25.3706 1.5
    endloop
  endfacet
  facet normal 0.956896 0.290432 0
    outer loop
      vertex 50.297 25.3706 1.2
      vertex 50.3065 25.3393 1.5
      vertex 50.3065 25.3393 1.2
    endloop
  endfacet
  facet normal -0.772459 0.635065 0
    outer loop
      vertex 51.1559 25.1703 1.2
      vertex 51.1767 25.1956 1.5
      vertex 51.1767 25.1956 1.2
    endloop
  endfacet
  facet normal -0.772459 0.635065 0
    outer loop
      vertex 51.1767 25.1956 1.5
      vertex 51.1559 25.1703 1.2
      vertex 51.1559 25.1703 1.5
    endloop
  endfacet
  facet normal -0.986723 0.162411 0
    outer loop
      vertex 51.2704 25.4025 1.2
      vertex 51.2757 25.4347 1.5
      vertex 51.2757 25.4347 1.2
    endloop
  endfacet
  facet normal -0.986723 0.162411 0
    outer loop
      vertex 51.2757 25.4347 1.5
      vertex 51.2704 25.4025 1.2
      vertex 51.2704 25.4025 1.5
    endloop
  endfacet
  facet normal 0.09769 -0.995217 0
    outer loop
      vertex 50.7147 25.9957 1.2
      vertex 50.7473 25.9989 1.5
      vertex 50.7147 25.9957 1.5
    endloop
  endfacet
  facet normal 0.09769 -0.995217 0
    outer loop
      vertex 50.7473 25.9989 1.5
      vertex 50.7147 25.9957 1.2
      vertex 50.7473 25.9989 1.2
    endloop
  endfacet
  facet normal -0.882522 -0.470271 0
    outer loop
      vertex 51.2284 25.7211 1.2
      vertex 51.213 25.75 1.5
      vertex 51.213 25.75 1.2
    endloop
  endfacet
  facet normal -0.882522 -0.470271 0
    outer loop
      vertex 51.213 25.75 1.5
      vertex 51.2284 25.7211 1.2
      vertex 51.2284 25.7211 1.5
    endloop
  endfacet
  facet normal 0.813733 0.581238 0
    outer loop
      vertex 50.3833 25.1956 1.5
      vertex 50.3643 25.2222 1.2
      vertex 50.3643 25.2222 1.5
    endloop
  endfacet
  facet normal 0.813733 0.581238 0
    outer loop
      vertex 50.3643 25.2222 1.2
      vertex 50.3833 25.1956 1.5
      vertex 50.3833 25.1956 1.2
    endloop
  endfacet
  facet normal -0.0336201 0.999435 0
    outer loop
      vertex 50.8127 25.0011 1.2
      vertex 50.78 25 1.5
      vertex 50.8127 25.0011 1.5
    endloop
  endfacet
  facet normal -0.0336201 0.999435 0
    outer loop
      vertex 50.78 25 1.5
      vertex 50.8127 25.0011 1.2
      vertex 50.78 25 1.2
    endloop
  endfacet
  facet normal -0.470271 -0.882522 0
    outer loop
      vertex 51.0011 25.9484 1.2
      vertex 51.03 25.933 1.5
      vertex 51.0011 25.9484 1.5
    endloop
  endfacet
  facet normal -0.470271 -0.882522 -0
    outer loop
      vertex 51.03 25.933 1.5
      vertex 51.0011 25.9484 1.2
      vertex 51.03 25.933 1.2
    endloop
  endfacet
  facet normal -0.772459 -0.635065 0
    outer loop
      vertex 51.1767 25.8044 1.2
      vertex 51.1559 25.8297 1.5
      vertex 51.1559 25.8297 1.2
    endloop
  endfacet
  facet normal -0.772459 -0.635065 0
    outer loop
      vertex 51.1559 25.8297 1.5
      vertex 51.1767 25.8044 1.2
      vertex 51.1767 25.8044 1.5
    endloop
  endfacet
  facet normal 0.910889 0.412651 0
    outer loop
      vertex 50.3316 25.2789 1.5
      vertex 50.3181 25.3087 1.2
      vertex 50.3181 25.3087 1.5
    endloop
  endfacet
  facet normal 0.910889 0.412651 0
    outer loop
      vertex 50.3181 25.3087 1.2
      vertex 50.3316 25.2789 1.5
      vertex 50.3316 25.2789 1.2
    endloop
  endfacet
  facet normal 0.09769 0.995217 -0
    outer loop
      vertex 50.7473 25.0011 1.2
      vertex 50.7147 25.0043 1.5
      vertex 50.7473 25.0011 1.5
    endloop
  endfacet
  facet normal 0.09769 0.995217 0
    outer loop
      vertex 50.7147 25.0043 1.5
      vertex 50.7473 25.0011 1.2
      vertex 50.7147 25.0043 1.2
    endloop
  endfacet
  facet normal 0.682209 -0.731157 0
    outer loop
      vertex 50.4264 25.8536 1.2
      vertex 50.4503 25.8759 1.5
      vertex 50.4264 25.8536 1.5
    endloop
  endfacet
  facet normal 0.682209 -0.731157 0
    outer loop
      vertex 50.4503 25.8759 1.5
      vertex 50.4264 25.8536 1.2
      vertex 50.4503 25.8759 1.2
    endloop
  endfacet
  facet normal -0.910889 0.412651 0
    outer loop
      vertex 51.2284 25.2789 1.2
      vertex 51.2419 25.3087 1.5
      vertex 51.2419 25.3087 1.2
    endloop
  endfacet
  facet normal -0.910889 0.412651 0
    outer loop
      vertex 51.2419 25.3087 1.5
      vertex 51.2284 25.2789 1.2
      vertex 51.2284 25.2789 1.5
    endloop
  endfacet
  facet normal 0.974133 -0.225974 0
    outer loop
      vertex 50.2896 25.5975 1.5
      vertex 50.297 25.6294 1.2
      vertex 50.297 25.6294 1.5
    endloop
  endfacet
  facet normal 0.974133 -0.225974 0
    outer loop
      vertex 50.297 25.6294 1.2
      vertex 50.2896 25.5975 1.5
      vertex 50.2896 25.5975 1.2
    endloop
  endfacet
  facet normal -0.849026 0.528351 0
    outer loop
      vertex 51.1957 25.2222 1.2
      vertex 51.213 25.25 1.5
      vertex 51.213 25.25 1.2
    endloop
  endfacet
  facet normal -0.849026 0.528351 0
    outer loop
      vertex 51.213 25.25 1.5
      vertex 51.1957 25.2222 1.2
      vertex 51.1957 25.2222 1.5
    endloop
  endfacet
  facet normal -0.528351 0.849026 0
    outer loop
      vertex 51.0578 25.0843 1.2
      vertex 51.03 25.067 1.5
      vertex 51.0578 25.0843 1.5
    endloop
  endfacet
  facet normal -0.528351 0.849026 0
    outer loop
      vertex 51.03 25.067 1.5
      vertex 51.0578 25.0843 1.2
      vertex 51.03 25.067 1.2
    endloop
  endfacet
  facet normal 0.882522 -0.470271 0
    outer loop
      vertex 50.3316 25.7211 1.5
      vertex 50.347 25.75 1.2
      vertex 50.347 25.75 1.5
    endloop
  endfacet
  facet normal 0.882522 -0.470271 0
    outer loop
      vertex 50.347 25.75 1.2
      vertex 50.3316 25.7211 1.5
      vertex 50.3316 25.7211 1.2
    endloop
  endfacet
  facet normal -0.682209 0.731157 0
    outer loop
      vertex 51.1336 25.1464 1.2
      vertex 51.1097 25.1241 1.5
      vertex 51.1336 25.1464 1.5
    endloop
  endfacet
  facet normal -0.682209 0.731157 0
    outer loop
      vertex 51.1097 25.1241 1.5
      vertex 51.1336 25.1464 1.2
      vertex 51.1097 25.1241 1.2
    endloop
  endfacet
  facet normal -0.910889 -0.412651 0
    outer loop
      vertex 51.2419 25.6913 1.2
      vertex 51.2284 25.7211 1.5
      vertex 51.2284 25.7211 1.2
    endloop
  endfacet
  facet normal -0.910889 -0.412651 0
    outer loop
      vertex 51.2284 25.7211 1.5
      vertex 51.2419 25.6913 1.2
      vertex 51.2419 25.6913 1.5
    endloop
  endfacet
  facet normal -0.635065 0.772459 0
    outer loop
      vertex 51.1097 25.1241 1.2
      vertex 51.0844 25.1033 1.5
      vertex 51.1097 25.1241 1.5
    endloop
  endfacet
  facet normal -0.635065 0.772459 0
    outer loop
      vertex 51.0844 25.1033 1.5
      vertex 51.1097 25.1241 1.2
      vertex 51.0844 25.1033 1.2
    endloop
  endfacet
  facet normal -0.635065 -0.772459 0
    outer loop
      vertex 51.0844 25.8967 1.2
      vertex 51.1097 25.8759 1.5
      vertex 51.0844 25.8967 1.5
    endloop
  endfacet
  facet normal -0.635065 -0.772459 -0
    outer loop
      vertex 51.1097 25.8759 1.5
      vertex 51.0844 25.8967 1.2
      vertex 51.1097 25.8759 1.2
    endloop
  endfacet
  facet normal 0.470271 0.882522 -0
    outer loop
      vertex 50.5589 25.0516 1.2
      vertex 50.53 25.067 1.5
      vertex 50.5589 25.0516 1.5
    endloop
  endfacet
  facet normal 0.470271 0.882522 0
    outer loop
      vertex 50.53 25.067 1.5
      vertex 50.5589 25.0516 1.2
      vertex 50.53 25.067 1.2
    endloop
  endfacet
  facet normal -0.849026 -0.528351 0
    outer loop
      vertex 51.213 25.75 1.2
      vertex 51.1957 25.7778 1.5
      vertex 51.1957 25.7778 1.2
    endloop
  endfacet
  facet normal -0.849026 -0.528351 0
    outer loop
      vertex 51.1957 25.7778 1.5
      vertex 51.213 25.75 1.2
      vertex 51.213 25.75 1.5
    endloop
  endfacet
  facet normal 0.849026 -0.528351 0
    outer loop
      vertex 50.347 25.75 1.5
      vertex 50.3643 25.7778 1.2
      vertex 50.3643 25.7778 1.5
    endloop
  endfacet
  facet normal 0.849026 -0.528351 0
    outer loop
      vertex 50.3643 25.7778 1.2
      vertex 50.347 25.75 1.5
      vertex 50.347 25.75 1.2
    endloop
  endfacet
  facet normal 0.290432 -0.956896 0
    outer loop
      vertex 50.6193 25.9735 1.2
      vertex 50.6506 25.983 1.5
      vertex 50.6193 25.9735 1.5
    endloop
  endfacet
  facet normal 0.290432 -0.956896 0
    outer loop
      vertex 50.6506 25.983 1.5
      vertex 50.6193 25.9735 1.2
      vertex 50.6506 25.983 1.2
    endloop
  endfacet
  facet normal -0.974133 0.225974 0
    outer loop
      vertex 51.263 25.3706 1.2
      vertex 51.2704 25.4025 1.5
      vertex 51.2704 25.4025 1.2
    endloop
  endfacet
  facet normal -0.974133 0.225974 0
    outer loop
      vertex 51.2704 25.4025 1.5
      vertex 51.263 25.3706 1.2
      vertex 51.263 25.3706 1.5
    endloop
  endfacet
  facet normal 0.682209 0.731157 -0
    outer loop
      vertex 50.4503 25.1241 1.2
      vertex 50.4264 25.1464 1.5
      vertex 50.4503 25.1241 1.5
    endloop
  endfacet
  facet normal 0.682209 0.731157 0
    outer loop
      vertex 50.4264 25.1464 1.5
      vertex 50.4503 25.1241 1.2
      vertex 50.4264 25.1464 1.2
    endloop
  endfacet
  facet normal 0.412651 -0.910889 0
    outer loop
      vertex 50.5589 25.9484 1.2
      vertex 50.5887 25.9619 1.5
      vertex 50.5589 25.9484 1.5
    endloop
  endfacet
  facet normal 0.412651 -0.910889 0
    outer loop
      vertex 50.5887 25.9619 1.5
      vertex 50.5589 25.9484 1.2
      vertex 50.5887 25.9619 1.2
    endloop
  endfacet
  facet normal -0.09769 -0.995217 0
    outer loop
      vertex 50.8127 25.9989 1.2
      vertex 50.8453 25.9957 1.5
      vertex 50.8127 25.9989 1.5
    endloop
  endfacet
  facet normal -0.09769 -0.995217 -0
    outer loop
      vertex 50.8453 25.9957 1.5
      vertex 50.8127 25.9989 1.2
      vertex 50.8453 25.9957 1.2
    endloop
  endfacet
  facet normal -0.470271 0.882522 0
    outer loop
      vertex 51.03 25.067 1.2
      vertex 51.0011 25.0516 1.5
      vertex 51.03 25.067 1.5
    endloop
  endfacet
  facet normal -0.470271 0.882522 0
    outer loop
      vertex 51.0011 25.0516 1.5
      vertex 51.03 25.067 1.2
      vertex 51.0011 25.0516 1.2
    endloop
  endfacet
  facet normal -0.731157 0.682209 0
    outer loop
      vertex 51.1336 25.1464 1.2
      vertex 51.1559 25.1703 1.5
      vertex 51.1559 25.1703 1.2
    endloop
  endfacet
  facet normal -0.731157 0.682209 0
    outer loop
      vertex 51.1559 25.1703 1.5
      vertex 51.1336 25.1464 1.2
      vertex 51.1336 25.1464 1.5
    endloop
  endfacet
  facet normal -0.995217 0.09769 0
    outer loop
      vertex 51.2757 25.4347 1.2
      vertex 51.2789 25.4673 1.5
      vertex 51.2789 25.4673 1.2
    endloop
  endfacet
  facet normal -0.995217 0.09769 0
    outer loop
      vertex 51.2789 25.4673 1.5
      vertex 51.2757 25.4347 1.2
      vertex 51.2757 25.4347 1.5
    endloop
  endfacet
  facet normal -0.999435 0.0336201 0
    outer loop
      vertex 51.2789 25.4673 1.2
      vertex 51.28 25.5 1.5
      vertex 51.28 25.5 1.2
    endloop
  endfacet
  facet normal -0.999435 0.0336201 0
    outer loop
      vertex 51.28 25.5 1.5
      vertex 51.2789 25.4673 1.2
      vertex 51.2789 25.4673 1.5
    endloop
  endfacet
  facet normal -0.882522 0.470271 0
    outer loop
      vertex 51.213 25.25 1.2
      vertex 51.2284 25.2789 1.5
      vertex 51.2284 25.2789 1.2
    endloop
  endfacet
  facet normal -0.882522 0.470271 0
    outer loop
      vertex 51.2284 25.2789 1.5
      vertex 51.213 25.25 1.2
      vertex 51.213 25.25 1.5
    endloop
  endfacet
  facet normal -0.813733 -0.581238 0
    outer loop
      vertex 51.1957 25.7778 1.2
      vertex 51.1767 25.8044 1.5
      vertex 51.1767 25.8044 1.2
    endloop
  endfacet
  facet normal -0.813733 -0.581238 0
    outer loop
      vertex 51.1767 25.8044 1.5
      vertex 51.1957 25.7778 1.2
      vertex 51.1957 25.7778 1.5
    endloop
  endfacet
  facet normal 0.162411 -0.986723 0
    outer loop
      vertex 50.6825 25.9904 1.2
      vertex 50.7147 25.9957 1.5
      vertex 50.6825 25.9904 1.5
    endloop
  endfacet
  facet normal 0.162411 -0.986723 0
    outer loop
      vertex 50.7147 25.9957 1.5
      vertex 50.6825 25.9904 1.2
      vertex 50.7147 25.9957 1.2
    endloop
  endfacet
  facet normal -0.290432 0.956896 0
    outer loop
      vertex 50.9407 25.0265 1.2
      vertex 50.9094 25.017 1.5
      vertex 50.9407 25.0265 1.5
    endloop
  endfacet
  facet normal -0.290432 0.956896 0
    outer loop
      vertex 50.9094 25.017 1.5
      vertex 50.9407 25.0265 1.2
      vertex 50.9094 25.017 1.2
    endloop
  endfacet
  facet normal -0.412651 0.910889 0
    outer loop
      vertex 51.0011 25.0516 1.2
      vertex 50.9713 25.0381 1.5
      vertex 51.0011 25.0516 1.5
    endloop
  endfacet
  facet normal -0.412651 0.910889 0
    outer loop
      vertex 50.9713 25.0381 1.5
      vertex 51.0011 25.0516 1.2
      vertex 50.9713 25.0381 1.2
    endloop
  endfacet
  facet normal -0.581238 -0.813733 0
    outer loop
      vertex 51.0578 25.9157 1.2
      vertex 51.0844 25.8967 1.5
      vertex 51.0578 25.9157 1.5
    endloop
  endfacet
  facet normal -0.581238 -0.813733 -0
    outer loop
      vertex 51.0844 25.8967 1.5
      vertex 51.0578 25.9157 1.2
      vertex 51.0844 25.8967 1.2
    endloop
  endfacet
  facet normal -0.225974 0.974133 0
    outer loop
      vertex 50.9094 25.017 1.2
      vertex 50.8775 25.0096 1.5
      vertex 50.9094 25.017 1.5
    endloop
  endfacet
  facet normal -0.225974 0.974133 0
    outer loop
      vertex 50.8775 25.0096 1.5
      vertex 50.9094 25.017 1.2
      vertex 50.8775 25.0096 1.2
    endloop
  endfacet
  facet normal 0.772459 0.635065 0
    outer loop
      vertex 50.4041 25.1703 1.5
      vertex 50.3833 25.1956 1.2
      vertex 50.3833 25.1956 1.5
    endloop
  endfacet
  facet normal 0.772459 0.635065 0
    outer loop
      vertex 50.3833 25.1956 1.2
      vertex 50.4041 25.1703 1.5
      vertex 50.4041 25.1703 1.2
    endloop
  endfacet
  facet normal 0.995217 0.09769 0
    outer loop
      vertex 50.2843 25.4347 1.5
      vertex 50.2811 25.4673 1.2
      vertex 50.2811 25.4673 1.5
    endloop
  endfacet
  facet normal 0.995217 0.09769 0
    outer loop
      vertex 50.2811 25.4673 1.2
      vertex 50.2843 25.4347 1.5
      vertex 50.2843 25.4347 1.2
    endloop
  endfacet
  facet normal -0.682209 -0.731157 0
    outer loop
      vertex 51.1097 25.8759 1.2
      vertex 51.1336 25.8536 1.5
      vertex 51.1097 25.8759 1.5
    endloop
  endfacet
  facet normal -0.682209 -0.731157 -0
    outer loop
      vertex 51.1336 25.8536 1.5
      vertex 51.1097 25.8759 1.2
      vertex 51.1336 25.8536 1.2
    endloop
  endfacet
  facet normal 0.581238 -0.813733 0
    outer loop
      vertex 50.4756 25.8967 1.2
      vertex 50.5022 25.9157 1.5
      vertex 50.4756 25.8967 1.5
    endloop
  endfacet
  facet normal 0.581238 -0.813733 0
    outer loop
      vertex 50.5022 25.9157 1.5
      vertex 50.4756 25.8967 1.2
      vertex 50.5022 25.9157 1.2
    endloop
  endfacet
  facet normal -0.956896 -0.290432 0
    outer loop
      vertex 51.263 25.6294 1.2
      vertex 51.2535 25.6607 1.5
      vertex 51.2535 25.6607 1.2
    endloop
  endfacet
  facet normal -0.956896 -0.290432 0
    outer loop
      vertex 51.2535 25.6607 1.5
      vertex 51.263 25.6294 1.2
      vertex 51.263 25.6294 1.5
    endloop
  endfacet
  facet normal 0.986723 -0.162411 0
    outer loop
      vertex 50.2843 25.5653 1.5
      vertex 50.2896 25.5975 1.2
      vertex 50.2896 25.5975 1.5
    endloop
  endfacet
  facet normal 0.986723 -0.162411 0
    outer loop
      vertex 50.2896 25.5975 1.2
      vertex 50.2843 25.5653 1.5
      vertex 50.2843 25.5653 1.2
    endloop
  endfacet
  facet normal 0.956896 -0.290432 0
    outer loop
      vertex 50.297 25.6294 1.5
      vertex 50.3065 25.6607 1.2
      vertex 50.3065 25.6607 1.5
    endloop
  endfacet
  facet normal 0.956896 -0.290432 0
    outer loop
      vertex 50.3065 25.6607 1.2
      vertex 50.297 25.6294 1.5
      vertex 50.297 25.6294 1.2
    endloop
  endfacet
  facet normal -0.0336201 -0.999435 0
    outer loop
      vertex 50.78 26 1.2
      vertex 50.8127 25.9989 1.5
      vertex 50.78 26 1.5
    endloop
  endfacet
  facet normal -0.0336201 -0.999435 -0
    outer loop
      vertex 50.8127 25.9989 1.5
      vertex 50.78 26 1.2
      vertex 50.8127 25.9989 1.2
    endloop
  endfacet
  facet normal -0.412651 -0.910889 0
    outer loop
      vertex 50.9713 25.9619 1.2
      vertex 51.0011 25.9484 1.5
      vertex 50.9713 25.9619 1.5
    endloop
  endfacet
  facet normal -0.412651 -0.910889 -0
    outer loop
      vertex 51.0011 25.9484 1.5
      vertex 50.9713 25.9619 1.2
      vertex 51.0011 25.9484 1.2
    endloop
  endfacet
  facet normal -0.162411 -0.986723 0
    outer loop
      vertex 50.8453 25.9957 1.2
      vertex 50.8775 25.9904 1.5
      vertex 50.8453 25.9957 1.5
    endloop
  endfacet
  facet normal -0.162411 -0.986723 -0
    outer loop
      vertex 50.8775 25.9904 1.5
      vertex 50.8453 25.9957 1.2
      vertex 50.8775 25.9904 1.2
    endloop
  endfacet
  facet normal -0.935067 -0.35447 0
    outer loop
      vertex 51.2535 25.6607 1.2
      vertex 51.2419 25.6913 1.5
      vertex 51.2419 25.6913 1.2
    endloop
  endfacet
  facet normal -0.935067 -0.35447 0
    outer loop
      vertex 51.2419 25.6913 1.5
      vertex 51.2535 25.6607 1.2
      vertex 51.2535 25.6607 1.5
    endloop
  endfacet
  facet normal 0.290432 0.956896 -0
    outer loop
      vertex 50.6506 25.017 1.2
      vertex 50.6193 25.0265 1.5
      vertex 50.6506 25.017 1.5
    endloop
  endfacet
  facet normal 0.290432 0.956896 0
    outer loop
      vertex 50.6193 25.0265 1.5
      vertex 50.6506 25.017 1.2
      vertex 50.6193 25.0265 1.2
    endloop
  endfacet
  facet normal 0.974133 0.225974 0
    outer loop
      vertex 50.297 25.3706 1.5
      vertex 50.2896 25.4025 1.2
      vertex 50.2896 25.4025 1.5
    endloop
  endfacet
  facet normal 0.974133 0.225974 0
    outer loop
      vertex 50.2896 25.4025 1.2
      vertex 50.297 25.3706 1.5
      vertex 50.297 25.3706 1.2
    endloop
  endfacet
  facet normal 0.635065 0.772459 -0
    outer loop
      vertex 50.4756 25.1033 1.2
      vertex 50.4503 25.1241 1.5
      vertex 50.4756 25.1033 1.5
    endloop
  endfacet
  facet normal 0.635065 0.772459 0
    outer loop
      vertex 50.4503 25.1241 1.5
      vertex 50.4756 25.1033 1.2
      vertex 50.4503 25.1241 1.2
    endloop
  endfacet
  facet normal 0.35447 -0.935067 0
    outer loop
      vertex 50.5887 25.9619 1.2
      vertex 50.6193 25.9735 1.5
      vertex 50.5887 25.9619 1.5
    endloop
  endfacet
  facet normal 0.35447 -0.935067 0
    outer loop
      vertex 50.6193 25.9735 1.5
      vertex 50.5887 25.9619 1.2
      vertex 50.6193 25.9735 1.2
    endloop
  endfacet
  facet normal 0.225974 0.974133 -0
    outer loop
      vertex 50.6825 25.0096 1.2
      vertex 50.6506 25.017 1.5
      vertex 50.6825 25.0096 1.5
    endloop
  endfacet
  facet normal 0.225974 0.974133 0
    outer loop
      vertex 50.6506 25.017 1.5
      vertex 50.6825 25.0096 1.2
      vertex 50.6506 25.017 1.2
    endloop
  endfacet
  facet normal 0.225974 -0.974133 0
    outer loop
      vertex 50.6506 25.983 1.2
      vertex 50.6825 25.9904 1.5
      vertex 50.6506 25.983 1.5
    endloop
  endfacet
  facet normal 0.225974 -0.974133 0
    outer loop
      vertex 50.6825 25.9904 1.5
      vertex 50.6506 25.983 1.2
      vertex 50.6825 25.9904 1.2
    endloop
  endfacet
  facet normal 0.772459 -0.635065 0
    outer loop
      vertex 50.3833 25.8044 1.5
      vertex 50.4041 25.8297 1.2
      vertex 50.4041 25.8297 1.5
    endloop
  endfacet
  facet normal 0.772459 -0.635065 0
    outer loop
      vertex 50.4041 25.8297 1.2
      vertex 50.3833 25.8044 1.5
      vertex 50.3833 25.8044 1.2
    endloop
  endfacet
  facet normal 0.995217 -0.09769 0
    outer loop
      vertex 50.2811 25.5327 1.5
      vertex 50.2843 25.5653 1.2
      vertex 50.2843 25.5653 1.5
    endloop
  endfacet
  facet normal 0.995217 -0.09769 0
    outer loop
      vertex 50.2843 25.5653 1.2
      vertex 50.2811 25.5327 1.5
      vertex 50.2811 25.5327 1.2
    endloop
  endfacet
  facet normal 0.935067 0.35447 0
    outer loop
      vertex 50.3181 25.3087 1.5
      vertex 50.3065 25.3393 1.2
      vertex 50.3065 25.3393 1.5
    endloop
  endfacet
  facet normal 0.935067 0.35447 0
    outer loop
      vertex 50.3065 25.3393 1.2
      vertex 50.3181 25.3087 1.5
      vertex 50.3181 25.3087 1.2
    endloop
  endfacet
  facet normal 0.0336201 0.999435 -0
    outer loop
      vertex 50.78 25 1.2
      vertex 50.7473 25.0011 1.5
      vertex 50.78 25 1.5
    endloop
  endfacet
  facet normal 0.0336201 0.999435 0
    outer loop
      vertex 50.7473 25.0011 1.5
      vertex 50.78 25 1.2
      vertex 50.7473 25.0011 1.2
    endloop
  endfacet
  facet normal 0.849026 0.528351 0
    outer loop
      vertex 50.3643 25.2222 1.5
      vertex 50.347 25.25 1.2
      vertex 50.347 25.25 1.5
    endloop
  endfacet
  facet normal 0.849026 0.528351 0
    outer loop
      vertex 50.347 25.25 1.2
      vertex 50.3643 25.2222 1.5
      vertex 50.3643 25.2222 1.2
    endloop
  endfacet
  facet normal 0.412651 0.910889 -0
    outer loop
      vertex 50.5887 25.0381 1.2
      vertex 50.5589 25.0516 1.5
      vertex 50.5887 25.0381 1.5
    endloop
  endfacet
  facet normal 0.412651 0.910889 0
    outer loop
      vertex 50.5589 25.0516 1.5
      vertex 50.5887 25.0381 1.2
      vertex 50.5589 25.0516 1.2
    endloop
  endfacet
  facet normal -0.290432 -0.956896 0
    outer loop
      vertex 50.9094 25.983 1.2
      vertex 50.9407 25.9735 1.5
      vertex 50.9094 25.983 1.5
    endloop
  endfacet
  facet normal -0.290432 -0.956896 -0
    outer loop
      vertex 50.9407 25.9735 1.5
      vertex 50.9094 25.983 1.2
      vertex 50.9407 25.9735 1.2
    endloop
  endfacet
  facet normal 0.581238 0.813733 -0
    outer loop
      vertex 50.5022 25.0843 1.2
      vertex 50.4756 25.1033 1.5
      vertex 50.5022 25.0843 1.5
    endloop
  endfacet
  facet normal 0.581238 0.813733 0
    outer loop
      vertex 50.4756 25.1033 1.5
      vertex 50.5022 25.0843 1.2
      vertex 50.4756 25.1033 1.2
    endloop
  endfacet
  facet normal 0.470271 -0.882522 0
    outer loop
      vertex 50.53 25.933 1.2
      vertex 50.5589 25.9484 1.5
      vertex 50.53 25.933 1.5
    endloop
  endfacet
  facet normal 0.470271 -0.882522 0
    outer loop
      vertex 50.5589 25.9484 1.5
      vertex 50.53 25.933 1.2
      vertex 50.5589 25.9484 1.2
    endloop
  endfacet
  facet normal 0.935067 -0.35447 0
    outer loop
      vertex 50.3065 25.6607 1.5
      vertex 50.3181 25.6913 1.2
      vertex 50.3181 25.6913 1.5
    endloop
  endfacet
  facet normal 0.935067 -0.35447 0
    outer loop
      vertex 50.3181 25.6913 1.2
      vertex 50.3065 25.6607 1.5
      vertex 50.3065 25.6607 1.2
    endloop
  endfacet
  facet normal 0.813733 -0.581238 0
    outer loop
      vertex 50.3643 25.7778 1.5
      vertex 50.3833 25.8044 1.2
      vertex 50.3833 25.8044 1.5
    endloop
  endfacet
  facet normal 0.813733 -0.581238 0
    outer loop
      vertex 50.3833 25.8044 1.2
      vertex 50.3643 25.7778 1.5
      vertex 50.3643 25.7778 1.2
    endloop
  endfacet
  facet normal 0.999435 -0.0336201 0
    outer loop
      vertex 50.28 25.5 1.5
      vertex 50.2811 25.5327 1.2
      vertex 50.2811 25.5327 1.5
    endloop
  endfacet
  facet normal 0.999435 -0.0336201 0
    outer loop
      vertex 50.2811 25.5327 1.2
      vertex 50.28 25.5 1.5
      vertex 50.28 25.5 1.2
    endloop
  endfacet
  facet normal 0.999435 0.0336201 0
    outer loop
      vertex 50.2811 25.4673 1.5
      vertex 50.28 25.5 1.2
      vertex 50.28 25.5 1.5
    endloop
  endfacet
  facet normal 0.999435 0.0336201 0
    outer loop
      vertex 50.28 25.5 1.2
      vertex 50.2811 25.4673 1.5
      vertex 50.2811 25.4673 1.2
    endloop
  endfacet
  facet normal 0.882522 0.470271 0
    outer loop
      vertex 50.347 25.25 1.5
      vertex 50.3316 25.2789 1.2
      vertex 50.3316 25.2789 1.5
    endloop
  endfacet
  facet normal 0.882522 0.470271 0
    outer loop
      vertex 50.3316 25.2789 1.2
      vertex 50.347 25.25 1.5
      vertex 50.347 25.25 1.2
    endloop
  endfacet
  facet normal -0.225974 -0.974133 0
    outer loop
      vertex 50.8775 25.9904 1.2
      vertex 50.9094 25.983 1.5
      vertex 50.8775 25.9904 1.5
    endloop
  endfacet
  facet normal -0.225974 -0.974133 -0
    outer loop
      vertex 50.9094 25.983 1.5
      vertex 50.8775 25.9904 1.2
      vertex 50.9094 25.983 1.2
    endloop
  endfacet
  facet normal 0.528351 0.849026 -0
    outer loop
      vertex 50.53 25.067 1.2
      vertex 50.5022 25.0843 1.5
      vertex 50.53 25.067 1.5
    endloop
  endfacet
  facet normal 0.528351 0.849026 0
    outer loop
      vertex 50.5022 25.0843 1.5
      vertex 50.53 25.067 1.2
      vertex 50.5022 25.0843 1.2
    endloop
  endfacet
  facet normal 0.35447 0.935067 -0
    outer loop
      vertex 50.6193 25.0265 1.2
      vertex 50.5887 25.0381 1.5
      vertex 50.6193 25.0265 1.5
    endloop
  endfacet
  facet normal 0.35447 0.935067 0
    outer loop
      vertex 50.5887 25.0381 1.5
      vertex 50.6193 25.0265 1.2
      vertex 50.5887 25.0381 1.2
    endloop
  endfacet
  facet normal 0.910889 -0.412651 0
    outer loop
      vertex 50.3181 25.6913 1.5
      vertex 50.3316 25.7211 1.2
      vertex 50.3316 25.7211 1.5
    endloop
  endfacet
  facet normal 0.910889 -0.412651 0
    outer loop
      vertex 50.3316 25.7211 1.2
      vertex 50.3181 25.6913 1.5
      vertex 50.3181 25.6913 1.2
    endloop
  endfacet
  facet normal -0.995217 -0.09769 0
    outer loop
      vertex 67.7334 35.0327 1.2
      vertex 67.7302 35.0653 1.5
      vertex 67.7302 35.0653 1.2
    endloop
  endfacet
  facet normal -0.995217 -0.09769 0
    outer loop
      vertex 67.7302 35.0653 1.5
      vertex 67.7334 35.0327 1.2
      vertex 67.7334 35.0327 1.5
    endloop
  endfacet
  facet normal -0.999435 -0.0336201 0
    outer loop
      vertex 67.7345 35 1.2
      vertex 67.7334 35.0327 1.5
      vertex 67.7334 35.0327 1.2
    endloop
  endfacet
  facet normal -0.999435 -0.0336201 0
    outer loop
      vertex 67.7334 35.0327 1.5
      vertex 67.7345 35 1.2
      vertex 67.7345 35 1.5
    endloop
  endfacet
  facet normal 0.974133 0.225974 0
    outer loop
      vertex 66.7515 34.8706 1.5
      vertex 66.7441 34.9025 1.2
      vertex 66.7441 34.9025 1.5
    endloop
  endfacet
  facet normal 0.974133 0.225974 0
    outer loop
      vertex 66.7441 34.9025 1.2
      vertex 66.7515 34.8706 1.5
      vertex 66.7515 34.8706 1.2
    endloop
  endfacet
  facet normal -0.683737 0.729728 0
    outer loop
      vertex 67.588 34.6464 1.2
      vertex 67.5642 34.6241 1.5
      vertex 67.588 34.6464 1.5
    endloop
  endfacet
  facet normal -0.683737 0.729728 0
    outer loop
      vertex 67.5642 34.6241 1.5
      vertex 67.588 34.6464 1.2
      vertex 67.5642 34.6241 1.2
    endloop
  endfacet
  facet normal 0.0336201 0.999435 -0
    outer loop
      vertex 67.2345 34.5 1.2
      vertex 67.2018 34.5011 1.5
      vertex 67.2345 34.5 1.5
    endloop
  endfacet
  facet normal 0.0336201 0.999435 0
    outer loop
      vertex 67.2018 34.5011 1.5
      vertex 67.2345 34.5 1.2
      vertex 67.2018 34.5011 1.2
    endloop
  endfacet
  facet normal -0.470271 -0.882522 0
    outer loop
      vertex 67.4556 35.4484 1.2
      vertex 67.4845 35.433 1.5
      vertex 67.4556 35.4484 1.5
    endloop
  endfacet
  facet normal -0.470271 -0.882522 -0
    outer loop
      vertex 67.4845 35.433 1.5
      vertex 67.4556 35.4484 1.2
      vertex 67.4845 35.433 1.2
    endloop
  endfacet
  facet normal 0.956896 0.290432 0
    outer loop
      vertex 66.761 34.8393 1.5
      vertex 66.7515 34.8706 1.2
      vertex 66.7515 34.8706 1.5
    endloop
  endfacet
  facet normal 0.956896 0.290432 0
    outer loop
      vertex 66.7515 34.8706 1.2
      vertex 66.761 34.8393 1.5
      vertex 66.761 34.8393 1.2
    endloop
  endfacet
  facet normal -0.635065 0.772459 0
    outer loop
      vertex 67.5642 34.6241 1.2
      vertex 67.5389 34.6033 1.5
      vertex 67.5642 34.6241 1.5
    endloop
  endfacet
  facet normal -0.635065 0.772459 0
    outer loop
      vertex 67.5389 34.6033 1.5
      vertex 67.5642 34.6241 1.2
      vertex 67.5389 34.6033 1.2
    endloop
  endfacet
  facet normal -0.35447 -0.935067 0
    outer loop
      vertex 67.3952 35.4735 1.2
      vertex 67.4258 35.4619 1.5
      vertex 67.3952 35.4735 1.5
    endloop
  endfacet
  facet normal -0.35447 -0.935067 -0
    outer loop
      vertex 67.4258 35.4619 1.5
      vertex 67.3952 35.4735 1.2
      vertex 67.4258 35.4619 1.2
    endloop
  endfacet
  facet normal -0.973457 -0.228869 0
    outer loop
      vertex 67.7249 35.0975 1.2
      vertex 67.7174 35.1294 1.5
      vertex 67.7174 35.1294 1.2
    endloop
  endfacet
  facet normal -0.973457 -0.228869 0
    outer loop
      vertex 67.7174 35.1294 1.5
      vertex 67.7249 35.0975 1.2
      vertex 67.7249 35.0975 1.5
    endloop
  endfacet
  facet normal -0.849026 0.528351 0
    outer loop
      vertex 67.6502 34.7222 1.2
      vertex 67.6675 34.75 1.5
      vertex 67.6675 34.75 1.2
    endloop
  endfacet
  facet normal -0.849026 0.528351 0
    outer loop
      vertex 67.6675 34.75 1.5
      vertex 67.6502 34.7222 1.2
      vertex 67.6502 34.7222 1.5
    endloop
  endfacet
  facet normal 0.986723 -0.162411 0
    outer loop
      vertex 66.7388 35.0653 1.5
      vertex 66.7441 35.0975 1.2
      vertex 66.7441 35.0975 1.5
    endloop
  endfacet
  facet normal 0.986723 -0.162411 0
    outer loop
      vertex 66.7441 35.0975 1.2
      vertex 66.7388 35.0653 1.5
      vertex 66.7388 35.0653 1.2
    endloop
  endfacet
  facet normal 0.226649 -0.973977 0
    outer loop
      vertex 67.1051 35.483 1.2
      vertex 67.1369 35.4904 1.5
      vertex 67.1051 35.483 1.5
    endloop
  endfacet
  facet normal 0.226649 -0.973977 0
    outer loop
      vertex 67.1369 35.4904 1.5
      vertex 67.1051 35.483 1.2
      vertex 67.1369 35.4904 1.2
    endloop
  endfacet
  facet normal -0.290432 -0.956896 0
    outer loop
      vertex 67.3639 35.483 1.2
      vertex 67.3952 35.4735 1.5
      vertex 67.3639 35.483 1.5
    endloop
  endfacet
  facet normal -0.290432 -0.956896 -0
    outer loop
      vertex 67.3952 35.4735 1.5
      vertex 67.3639 35.483 1.2
      vertex 67.3952 35.4735 1.2
    endloop
  endfacet
  facet normal -0.161921 -0.986804 0
    outer loop
      vertex 67.2997 35.4957 1.2
      vertex 67.332 35.4904 1.5
      vertex 67.2997 35.4957 1.5
    endloop
  endfacet
  facet normal -0.161921 -0.986804 -0
    outer loop
      vertex 67.332 35.4904 1.5
      vertex 67.2997 35.4957 1.2
      vertex 67.332 35.4904 1.2
    endloop
  endfacet
  facet normal -0.0336201 0.999435 0
    outer loop
      vertex 67.2672 34.5011 1.2
      vertex 67.2345 34.5 1.5
      vertex 67.2672 34.5011 1.5
    endloop
  endfacet
  facet normal -0.0336201 0.999435 0
    outer loop
      vertex 67.2345 34.5 1.5
      vertex 67.2672 34.5011 1.2
      vertex 67.2345 34.5 1.2
    endloop
  endfacet
  facet normal -0.849026 -0.528351 0
    outer loop
      vertex 67.6675 35.25 1.2
      vertex 67.6502 35.2778 1.5
      vertex 67.6502 35.2778 1.2
    endloop
  endfacet
  facet normal -0.849026 -0.528351 0
    outer loop
      vertex 67.6502 35.2778 1.5
      vertex 67.6675 35.25 1.2
      vertex 67.6675 35.25 1.5
    endloop
  endfacet
  facet normal -0.999435 0.0336201 0
    outer loop
      vertex 67.7334 34.9673 1.2
      vertex 67.7345 35 1.5
      vertex 67.7345 35 1.2
    endloop
  endfacet
  facet normal -0.999435 0.0336201 0
    outer loop
      vertex 67.7345 35 1.5
      vertex 67.7334 34.9673 1.2
      vertex 67.7334 34.9673 1.5
    endloop
  endfacet
  facet normal 0.635065 -0.772459 0
    outer loop
      vertex 66.9048 35.3759 1.2
      vertex 66.9301 35.3967 1.5
      vertex 66.9048 35.3759 1.5
    endloop
  endfacet
  facet normal 0.635065 -0.772459 0
    outer loop
      vertex 66.9301 35.3967 1.5
      vertex 66.9048 35.3759 1.2
      vertex 66.9301 35.3967 1.2
    endloop
  endfacet
  facet normal -0.729632 0.68384 0
    outer loop
      vertex 67.588 34.6464 1.2
      vertex 67.6104 34.6703 1.5
      vertex 67.6104 34.6703 1.2
    endloop
  endfacet
  facet normal -0.729632 0.68384 0
    outer loop
      vertex 67.6104 34.6703 1.5
      vertex 67.588 34.6464 1.2
      vertex 67.588 34.6464 1.5
    endloop
  endfacet
  facet normal -0.290432 0.956896 0
    outer loop
      vertex 67.3952 34.5265 1.2
      vertex 67.3639 34.517 1.5
      vertex 67.3952 34.5265 1.5
    endloop
  endfacet
  facet normal -0.290432 0.956896 0
    outer loop
      vertex 67.3639 34.517 1.5
      vertex 67.3952 34.5265 1.2
      vertex 67.3639 34.517 1.2
    endloop
  endfacet
  facet normal 0.881253 0.472644 0
    outer loop
      vertex 66.8015 34.75 1.5
      vertex 66.786 34.7789 1.2
      vertex 66.786 34.7789 1.5
    endloop
  endfacet
  facet normal 0.881253 0.472644 0
    outer loop
      vertex 66.786 34.7789 1.2
      vertex 66.8015 34.75 1.5
      vertex 66.8015 34.75 1.2
    endloop
  endfacet
  facet normal -0.581238 -0.813733 0
    outer loop
      vertex 67.5123 35.4157 1.2
      vertex 67.5389 35.3967 1.5
      vertex 67.5123 35.4157 1.5
    endloop
  endfacet
  facet normal -0.581238 -0.813733 -0
    outer loop
      vertex 67.5389 35.3967 1.5
      vertex 67.5123 35.4157 1.2
      vertex 67.5389 35.3967 1.2
    endloop
  endfacet
  facet normal -0.0979877 0.995188 0
    outer loop
      vertex 67.2997 34.5043 1.2
      vertex 67.2672 34.5011 1.5
      vertex 67.2997 34.5043 1.5
    endloop
  endfacet
  facet normal -0.0979877 0.995188 0
    outer loop
      vertex 67.2672 34.5011 1.5
      vertex 67.2997 34.5043 1.2
      vertex 67.2672 34.5011 1.2
    endloop
  endfacet
  facet normal 0.936078 0.351794 0
    outer loop
      vertex 66.7725 34.8087 1.5
      vertex 66.761 34.8393 1.2
      vertex 66.761 34.8393 1.5
    endloop
  endfacet
  facet normal 0.936078 0.351794 0
    outer loop
      vertex 66.761 34.8393 1.2
      vertex 66.7725 34.8087 1.5
      vertex 66.7725 34.8087 1.2
    endloop
  endfacet
  facet normal 0.290432 -0.956896 0
    outer loop
      vertex 67.0738 35.4735 1.2
      vertex 67.1051 35.483 1.5
      vertex 67.0738 35.4735 1.5
    endloop
  endfacet
  facet normal 0.290432 -0.956896 0
    outer loop
      vertex 67.1051 35.483 1.5
      vertex 67.0738 35.4735 1.2
      vertex 67.1051 35.483 1.2
    endloop
  endfacet
  facet normal 0.412651 0.910889 -0
    outer loop
      vertex 67.0431 34.5381 1.2
      vertex 67.0133 34.5516 1.5
      vertex 67.0431 34.5381 1.5
    endloop
  endfacet
  facet normal 0.412651 0.910889 0
    outer loop
      vertex 67.0133 34.5516 1.5
      vertex 67.0431 34.5381 1.2
      vertex 67.0133 34.5516 1.2
    endloop
  endfacet
  facet normal 0.682209 0.731157 -0
    outer loop
      vertex 66.9048 34.6241 1.2
      vertex 66.8809 34.6464 1.5
      vertex 66.9048 34.6241 1.5
    endloop
  endfacet
  facet normal 0.682209 0.731157 0
    outer loop
      vertex 66.8809 34.6464 1.5
      vertex 66.9048 34.6241 1.2
      vertex 66.8809 34.6464 1.2
    endloop
  endfacet
  facet normal 0.910889 0.412651 0
    outer loop
      vertex 66.786 34.7789 1.5
      vertex 66.7725 34.8087 1.2
      vertex 66.7725 34.8087 1.5
    endloop
  endfacet
  facet normal 0.910889 0.412651 0
    outer loop
      vertex 66.7725 34.8087 1.2
      vertex 66.786 34.7789 1.5
      vertex 66.786 34.7789 1.2
    endloop
  endfacet
  facet normal 0.35346 0.93545 -0
    outer loop
      vertex 67.0738 34.5265 1.2
      vertex 67.0431 34.5381 1.5
      vertex 67.0738 34.5265 1.5
    endloop
  endfacet
  facet normal 0.35346 0.93545 0
    outer loop
      vertex 67.0431 34.5381 1.5
      vertex 67.0738 34.5265 1.2
      vertex 67.0431 34.5381 1.2
    endloop
  endfacet
  facet normal -0.995217 0.09769 0
    outer loop
      vertex 67.7302 34.9347 1.2
      vertex 67.7334 34.9673 1.5
      vertex 67.7334 34.9673 1.2
    endloop
  endfacet
  facet normal -0.995217 0.09769 0
    outer loop
      vertex 67.7334 34.9673 1.5
      vertex 67.7302 34.9347 1.2
      vertex 67.7302 34.9347 1.5
    endloop
  endfacet
  facet normal -0.936078 0.351794 0
    outer loop
      vertex 67.6964 34.8087 1.2
      vertex 67.7079 34.8393 1.5
      vertex 67.7079 34.8393 1.2
    endloop
  endfacet
  facet normal -0.936078 0.351794 0
    outer loop
      vertex 67.7079 34.8393 1.5
      vertex 67.6964 34.8087 1.2
      vertex 67.6964 34.8087 1.5
    endloop
  endfacet
  facet normal 0.290432 0.956896 -0
    outer loop
      vertex 67.1051 34.517 1.2
      vertex 67.0738 34.5265 1.5
      vertex 67.1051 34.517 1.5
    endloop
  endfacet
  facet normal 0.290432 0.956896 0
    outer loop
      vertex 67.0738 34.5265 1.5
      vertex 67.1051 34.517 1.2
      vertex 67.0738 34.5265 1.2
    endloop
  endfacet
  facet normal -0.882522 0.470271 0
    outer loop
      vertex 67.6675 34.75 1.2
      vertex 67.6829 34.7789 1.5
      vertex 67.6829 34.7789 1.2
    endloop
  endfacet
  facet normal -0.882522 0.470271 0
    outer loop
      vertex 67.6829 34.7789 1.5
      vertex 67.6675 34.75 1.2
      vertex 67.6675 34.75 1.5
    endloop
  endfacet
  facet normal -0.581238 0.813733 0
    outer loop
      vertex 67.5389 34.6033 1.2
      vertex 67.5123 34.5843 1.5
      vertex 67.5389 34.6033 1.5
    endloop
  endfacet
  facet normal -0.581238 0.813733 0
    outer loop
      vertex 67.5123 34.5843 1.5
      vertex 67.5389 34.6033 1.2
      vertex 67.5123 34.5843 1.2
    endloop
  endfacet
  facet normal -0.0336201 -0.999435 0
    outer loop
      vertex 67.2345 35.5 1.2
      vertex 67.2672 35.4989 1.5
      vertex 67.2345 35.5 1.5
    endloop
  endfacet
  facet normal -0.0336201 -0.999435 -0
    outer loop
      vertex 67.2672 35.4989 1.5
      vertex 67.2345 35.5 1.2
      vertex 67.2672 35.4989 1.2
    endloop
  endfacet
  facet normal 0.956896 -0.290432 0
    outer loop
      vertex 66.7515 35.1294 1.5
      vertex 66.761 35.1607 1.2
      vertex 66.761 35.1607 1.5
    endloop
  endfacet
  facet normal 0.956896 -0.290432 0
    outer loop
      vertex 66.761 35.1607 1.2
      vertex 66.7515 35.1294 1.5
      vertex 66.7515 35.1294 1.2
    endloop
  endfacet
  facet normal -0.528351 -0.849026 0
    outer loop
      vertex 67.4845 35.433 1.2
      vertex 67.5123 35.4157 1.5
      vertex 67.4845 35.433 1.5
    endloop
  endfacet
  facet normal -0.528351 -0.849026 -0
    outer loop
      vertex 67.5123 35.4157 1.5
      vertex 67.4845 35.433 1.2
      vertex 67.5123 35.4157 1.2
    endloop
  endfacet
  facet normal 0.161921 -0.986804 0
    outer loop
      vertex 67.1369 35.4904 1.2
      vertex 67.1692 35.4957 1.5
      vertex 67.1369 35.4904 1.5
    endloop
  endfacet
  facet normal 0.161921 -0.986804 0
    outer loop
      vertex 67.1692 35.4957 1.5
      vertex 67.1369 35.4904 1.2
      vertex 67.1692 35.4957 1.2
    endloop
  endfacet
  facet normal 0.986723 0.162411 0
    outer loop
      vertex 66.7441 34.9025 1.5
      vertex 66.7388 34.9347 1.2
      vertex 66.7388 34.9347 1.5
    endloop
  endfacet
  facet normal 0.986723 0.162411 0
    outer loop
      vertex 66.7388 34.9347 1.2
      vertex 66.7441 34.9025 1.5
      vertex 66.7441 34.9025 1.2
    endloop
  endfacet
  facet normal 0.09769 -0.995217 0
    outer loop
      vertex 67.1692 35.4957 1.2
      vertex 67.2018 35.4989 1.5
      vertex 67.1692 35.4957 1.5
    endloop
  endfacet
  facet normal 0.09769 -0.995217 0
    outer loop
      vertex 67.2018 35.4989 1.5
      vertex 67.1692 35.4957 1.2
      vertex 67.2018 35.4989 1.2
    endloop
  endfacet
  facet normal -0.956896 0.290432 0
    outer loop
      vertex 67.7079 34.8393 1.2
      vertex 67.7174 34.8706 1.5
      vertex 67.7174 34.8706 1.2
    endloop
  endfacet
  facet normal -0.956896 0.290432 0
    outer loop
      vertex 67.7174 34.8706 1.5
      vertex 67.7079 34.8393 1.2
      vertex 67.7079 34.8393 1.5
    endloop
  endfacet
  facet normal -0.956896 -0.290432 0
    outer loop
      vertex 67.7174 35.1294 1.2
      vertex 67.7079 35.1607 1.5
      vertex 67.7079 35.1607 1.2
    endloop
  endfacet
  facet normal -0.956896 -0.290432 0
    outer loop
      vertex 67.7079 35.1607 1.5
      vertex 67.7174 35.1294 1.2
      vertex 67.7174 35.1294 1.5
    endloop
  endfacet
  facet normal -0.882522 -0.470271 0
    outer loop
      vertex 67.6829 35.2211 1.2
      vertex 67.6675 35.25 1.5
      vertex 67.6675 35.25 1.2
    endloop
  endfacet
  facet normal -0.882522 -0.470271 0
    outer loop
      vertex 67.6675 35.25 1.5
      vertex 67.6829 35.2211 1.2
      vertex 67.6829 35.2211 1.5
    endloop
  endfacet
  facet normal -0.412651 0.910889 0
    outer loop
      vertex 67.4556 34.5516 1.2
      vertex 67.4258 34.5381 1.5
      vertex 67.4556 34.5516 1.5
    endloop
  endfacet
  facet normal -0.412651 0.910889 0
    outer loop
      vertex 67.4258 34.5381 1.5
      vertex 67.4556 34.5516 1.2
      vertex 67.4258 34.5381 1.2
    endloop
  endfacet
  facet normal -0.0979877 -0.995188 0
    outer loop
      vertex 67.2672 35.4989 1.2
      vertex 67.2997 35.4957 1.5
      vertex 67.2672 35.4989 1.5
    endloop
  endfacet
  facet normal -0.0979877 -0.995188 -0
    outer loop
      vertex 67.2997 35.4957 1.5
      vertex 67.2672 35.4989 1.2
      vertex 67.2997 35.4957 1.2
    endloop
  endfacet
  facet normal -0.683737 -0.729728 0
    outer loop
      vertex 67.5642 35.3759 1.2
      vertex 67.588 35.3536 1.5
      vertex 67.5642 35.3759 1.5
    endloop
  endfacet
  facet normal -0.683737 -0.729728 -0
    outer loop
      vertex 67.588 35.3536 1.5
      vertex 67.5642 35.3759 1.2
      vertex 67.588 35.3536 1.2
    endloop
  endfacet
  facet normal 0.682209 -0.731157 0
    outer loop
      vertex 66.8809 35.3536 1.2
      vertex 66.9048 35.3759 1.5
      vertex 66.8809 35.3536 1.5
    endloop
  endfacet
  facet normal 0.682209 -0.731157 0
    outer loop
      vertex 66.9048 35.3759 1.5
      vertex 66.8809 35.3536 1.2
      vertex 66.9048 35.3759 1.2
    endloop
  endfacet
  facet normal 0.974133 -0.225974 0
    outer loop
      vertex 66.7441 35.0975 1.5
      vertex 66.7515 35.1294 1.2
      vertex 66.7515 35.1294 1.5
    endloop
  endfacet
  facet normal 0.974133 -0.225974 0
    outer loop
      vertex 66.7515 35.1294 1.2
      vertex 66.7441 35.0975 1.5
      vertex 66.7441 35.0975 1.2
    endloop
  endfacet
  facet normal 0.812287 -0.583258 0
    outer loop
      vertex 66.8187 35.2778 1.5
      vertex 66.8378 35.3044 1.2
      vertex 66.8378 35.3044 1.5
    endloop
  endfacet
  facet normal 0.812287 -0.583258 0
    outer loop
      vertex 66.8378 35.3044 1.2
      vertex 66.8187 35.2778 1.5
      vertex 66.8187 35.2778 1.2
    endloop
  endfacet
  facet normal -0.772459 0.635065 0
    outer loop
      vertex 67.6104 34.6703 1.2
      vertex 67.6312 34.6956 1.5
      vertex 67.6312 34.6956 1.2
    endloop
  endfacet
  facet normal -0.772459 0.635065 0
    outer loop
      vertex 67.6312 34.6956 1.5
      vertex 67.6104 34.6703 1.2
      vertex 67.6104 34.6703 1.5
    endloop
  endfacet
  facet normal 0.999533 0.0305668 0
    outer loop
      vertex 66.7355 34.9673 1.5
      vertex 66.7345 35 1.2
      vertex 66.7345 35 1.5
    endloop
  endfacet
  facet normal 0.999533 0.0305668 0
    outer loop
      vertex 66.7345 35 1.2
      vertex 66.7355 34.9673 1.5
      vertex 66.7355 34.9673 1.2
    endloop
  endfacet
  facet normal 0.35346 -0.93545 0
    outer loop
      vertex 67.0431 35.4619 1.2
      vertex 67.0738 35.4735 1.5
      vertex 67.0431 35.4619 1.5
    endloop
  endfacet
  facet normal 0.35346 -0.93545 0
    outer loop
      vertex 67.0738 35.4735 1.5
      vertex 67.0431 35.4619 1.2
      vertex 67.0738 35.4735 1.2
    endloop
  endfacet
  facet normal 0.910889 -0.412651 0
    outer loop
      vertex 66.7725 35.1913 1.5
      vertex 66.786 35.2211 1.2
      vertex 66.786 35.2211 1.5
    endloop
  endfacet
  facet normal 0.910889 -0.412651 0
    outer loop
      vertex 66.786 35.2211 1.2
      vertex 66.7725 35.1913 1.5
      vertex 66.7725 35.1913 1.2
    endloop
  endfacet
  facet normal -0.986723 0.162411 0
    outer loop
      vertex 67.7249 34.9025 1.2
      vertex 67.7302 34.9347 1.5
      vertex 67.7302 34.9347 1.2
    endloop
  endfacet
  facet normal -0.986723 0.162411 0
    outer loop
      vertex 67.7302 34.9347 1.5
      vertex 67.7249 34.9025 1.2
      vertex 67.7249 34.9025 1.5
    endloop
  endfacet
  facet normal 0 0 1
    outer loop
      vertex 67.7334 35.0327 1.2
      vertex 67.7334 34.9673 1.2
      vertex 67.7345 35 1.2
    endloop
  endfacet
  facet normal 0 0 1
    outer loop
      vertex 67.7302 35.0653 1.2
      vertex 67.7334 34.9673 1.2
      vertex 67.7334 35.0327 1.2
    endloop
  endfacet
  facet normal 0 0 1
    outer loop
      vertex 67.7302 35.0653 1.2
      vertex 67.7302 34.9347 1.2
      vertex 67.7334 34.9673 1.2
    endloop
  endfacet
  facet normal 0 0 1
    outer loop
      vertex 67.7249 35.0975 1.2
      vertex 67.7302 34.9347 1.2
      vertex 67.7302 35.0653 1.2
    endloop
  endfacet
  facet normal 0 0 1
    outer loop
      vertex 67.7249 35.0975 1.2
      vertex 67.7249 34.9025 1.2
      vertex 67.7302 34.9347 1.2
    endloop
  endfacet
  facet normal 0 0 1
    outer loop
      vertex 67.7174 35.1294 1.2
      vertex 67.7249 34.9025 1.2
      vertex 67.7249 35.0975 1.2
    endloop
  endfacet
  facet normal 0 0 1
    outer loop
      vertex 67.7174 35.1294 1.2
      vertex 67.7174 34.8706 1.2
      vertex 67.7249 34.9025 1.2
    endloop
  endfacet
  facet normal 0 0 1
    outer loop
      vertex 67.7079 35.1607 1.2
      vertex 67.7174 34.8706 1.2
      vertex 67.7174 35.1294 1.2
    endloop
  endfacet
  facet normal 0 0 1
    outer loop
      vertex 67.7079 35.1607 1.2
      vertex 67.7079 34.8393 1.2
      vertex 67.7174 34.8706 1.2
    endloop
  endfacet
  facet normal 0 0 1
    outer loop
      vertex 67.6964 35.1913 1.2
      vertex 67.7079 34.8393 1.2
      vertex 67.7079 35.1607 1.2
    endloop
  endfacet
  facet normal 0 0 1
    outer loop
      vertex 67.6964 35.1913 1.2
      vertex 67.6964 34.8087 1.2
      vertex 67.7079 34.8393 1.2
    endloop
  endfacet
  facet normal 0 0 1
    outer loop
      vertex 67.6829 35.2211 1.2
      vertex 67.6964 34.8087 1.2
      vertex 67.6964 35.1913 1.2
    endloop
  endfacet
  facet normal 0 0 1
    outer loop
      vertex 67.6829 35.2211 1.2
      vertex 67.6829 34.7789 1.2
      vertex 67.6964 34.8087 1.2
    endloop
  endfacet
  facet normal 0 0 1
    outer loop
      vertex 67.6675 35.25 1.2
      vertex 67.6829 34.7789 1.2
      vertex 67.6829 35.2211 1.2
    endloop
  endfacet
  facet normal 0 0 1
    outer loop
      vertex 67.6675 35.25 1.2
      vertex 67.6675 34.75 1.2
      vertex 67.6829 34.7789 1.2
    endloop
  endfacet
  facet normal 0 0 1
    outer loop
      vertex 67.6502 35.2778 1.2
      vertex 67.6675 34.75 1.2
      vertex 67.6675 35.25 1.2
    endloop
  endfacet
  facet normal 0 0 1
    outer loop
      vertex 67.6502 35.2778 1.2
      vertex 67.6502 34.7222 1.2
      vertex 67.6675 34.75 1.2
    endloop
  endfacet
  facet normal 0 0 1
    outer loop
      vertex 67.6312 35.3044 1.2
      vertex 67.6502 34.7222 1.2
      vertex 67.6502 35.2778 1.2
    endloop
  endfacet
  facet normal 0 0 1
    outer loop
      vertex 67.6312 35.3044 1.2
      vertex 67.6312 34.6956 1.2
      vertex 67.6502 34.7222 1.2
    endloop
  endfacet
  facet normal 0 0 1
    outer loop
      vertex 67.6104 35.3297 1.2
      vertex 67.6312 34.6956 1.2
      vertex 67.6312 35.3044 1.2
    endloop
  endfacet
  facet normal 0 0 1
    outer loop
      vertex 67.6104 35.3297 1.2
      vertex 67.6104 34.6703 1.2
      vertex 67.6312 34.6956 1.2
    endloop
  endfacet
  facet normal 0 0 1
    outer loop
      vertex 67.588 35.3536 1.2
      vertex 67.6104 34.6703 1.2
      vertex 67.6104 35.3297 1.2
    endloop
  endfacet
  facet normal 0 0 1
    outer loop
      vertex 67.588 35.3536 1.2
      vertex 67.588 34.6464 1.2
      vertex 67.6104 34.6703 1.2
    endloop
  endfacet
  facet normal 0 0 1
    outer loop
      vertex 67.5642 35.3759 1.2
      vertex 67.588 34.6464 1.2
      vertex 67.588 35.3536 1.2
    endloop
  endfacet
  facet normal 0 0 1
    outer loop
      vertex 67.5642 35.3759 1.2
      vertex 67.5642 34.6241 1.2
      vertex 67.588 34.6464 1.2
    endloop
  endfacet
  facet normal 0 0 1
    outer loop
      vertex 67.5389 35.3967 1.2
      vertex 67.5642 34.6241 1.2
      vertex 67.5642 35.3759 1.2
    endloop
  endfacet
  facet normal 0 0 1
    outer loop
      vertex 67.5389 35.3967 1.2
      vertex 67.5389 34.6033 1.2
      vertex 67.5642 34.6241 1.2
    endloop
  endfacet
  facet normal 0 0 1
    outer loop
      vertex 67.5123 35.4157 1.2
      vertex 67.5389 34.6033 1.2
      vertex 67.5389 35.3967 1.2
    endloop
  endfacet
  facet normal 0 0 1
    outer loop
      vertex 67.5123 35.4157 1.2
      vertex 67.5123 34.5843 1.2
      vertex 67.5389 34.6033 1.2
    endloop
  endfacet
  facet normal 0 0 1
    outer loop
      vertex 67.4845 35.433 1.2
      vertex 67.5123 34.5843 1.2
      vertex 67.5123 35.4157 1.2
    endloop
  endfacet
  facet normal 0 0 1
    outer loop
      vertex 67.4845 35.433 1.2
      vertex 67.4845 34.567 1.2
      vertex 67.5123 34.5843 1.2
    endloop
  endfacet
  facet normal 0 0 1
    outer loop
      vertex 67.4556 35.4484 1.2
      vertex 67.4845 34.567 1.2
      vertex 67.4845 35.433 1.2
    endloop
  endfacet
  facet normal 0 0 1
    outer loop
      vertex 67.4556 35.4484 1.2
      vertex 67.4556 34.5516 1.2
      vertex 67.4845 34.567 1.2
    endloop
  endfacet
  facet normal 0 0 1
    outer loop
      vertex 67.4258 35.4619 1.2
      vertex 67.4556 34.5516 1.2
      vertex 67.4556 35.4484 1.2
    endloop
  endfacet
  facet normal 0 0 1
    outer loop
      vertex 67.4258 35.4619 1.2
      vertex 67.4258 34.5381 1.2
      vertex 67.4556 34.5516 1.2
    endloop
  endfacet
  facet normal 0 0 1
    outer loop
      vertex 67.3952 35.4735 1.2
      vertex 67.4258 34.5381 1.2
      vertex 67.4258 35.4619 1.2
    endloop
  endfacet
  facet normal 0 0 1
    outer loop
      vertex 67.3952 35.4735 1.2
      vertex 67.3952 34.5265 1.2
      vertex 67.4258 34.5381 1.2
    endloop
  endfacet
  facet normal 0 0 1
    outer loop
      vertex 67.3639 35.483 1.2
      vertex 67.3952 34.5265 1.2
      vertex 67.3952 35.4735 1.2
    endloop
  endfacet
  facet normal 0 0 1
    outer loop
      vertex 67.3639 35.483 1.2
      vertex 67.3639 34.517 1.2
      vertex 67.3952 34.5265 1.2
    endloop
  endfacet
  facet normal 0 0 1
    outer loop
      vertex 67.332 35.4904 1.2
      vertex 67.3639 34.517 1.2
      vertex 67.3639 35.483 1.2
    endloop
  endfacet
  facet normal 0 0 1
    outer loop
      vertex 67.332 35.4904 1.2
      vertex 67.332 34.5096 1.2
      vertex 67.3639 34.517 1.2
    endloop
  endfacet
  facet normal 0 0 1
    outer loop
      vertex 67.2997 35.4957 1.2
      vertex 67.332 34.5096 1.2
      vertex 67.332 35.4904 1.2
    endloop
  endfacet
  facet normal 0 0 1
    outer loop
      vertex 67.2997 35.4957 1.2
      vertex 67.2997 34.5043 1.2
      vertex 67.332 34.5096 1.2
    endloop
  endfacet
  facet normal 0 0 1
    outer loop
      vertex 67.2672 35.4989 1.2
      vertex 67.2997 34.5043 1.2
      vertex 67.2997 35.4957 1.2
    endloop
  endfacet
  facet normal 0 0 1
    outer loop
      vertex 67.2672 35.4989 1.2
      vertex 67.2672 34.5011 1.2
      vertex 67.2997 34.5043 1.2
    endloop
  endfacet
  facet normal 0 0 1
    outer loop
      vertex 67.2345 35.5 1.2
      vertex 67.2672 34.5011 1.2
      vertex 67.2672 35.4989 1.2
    endloop
  endfacet
  facet normal 0 0 1
    outer loop
      vertex 67.2345 35.5 1.2
      vertex 67.2345 34.5 1.2
      vertex 67.2672 34.5011 1.2
    endloop
  endfacet
  facet normal -0 0 1
    outer loop
      vertex 67.2018 35.4989 1.2
      vertex 67.2345 34.5 1.2
      vertex 67.2345 35.5 1.2
    endloop
  endfacet
  facet normal 0 0 1
    outer loop
      vertex 67.2018 35.4989 1.2
      vertex 67.2018 34.5011 1.2
      vertex 67.2345 34.5 1.2
    endloop
  endfacet
  facet normal -0 0 1
    outer loop
      vertex 67.1692 35.4957 1.2
      vertex 67.2018 34.5011 1.2
      vertex 67.2018 35.4989 1.2
    endloop
  endfacet
  facet normal 0 0 1
    outer loop
      vertex 67.1692 35.4957 1.2
      vertex 67.1692 34.5043 1.2
      vertex 67.2018 34.5011 1.2
    endloop
  endfacet
  facet normal -0 0 1
    outer loop
      vertex 67.1369 35.4904 1.2
      vertex 67.1692 34.5043 1.2
      vertex 67.1692 35.4957 1.2
    endloop
  endfacet
  facet normal 0 0 1
    outer loop
      vertex 67.1369 35.4904 1.2
      vertex 67.1369 34.5096 1.2
      vertex 67.1692 34.5043 1.2
    endloop
  endfacet
  facet normal -0 0 1
    outer loop
      vertex 67.1051 35.483 1.2
      vertex 67.1369 34.5096 1.2
      vertex 67.1369 35.4904 1.2
    endloop
  endfacet
  facet normal 0 0 1
    outer loop
      vertex 67.1051 35.483 1.2
      vertex 67.1051 34.517 1.2
      vertex 67.1369 34.5096 1.2
    endloop
  endfacet
  facet normal -0 0 1
    outer loop
      vertex 67.0738 35.4735 1.2
      vertex 67.1051 34.517 1.2
      vertex 67.1051 35.483 1.2
    endloop
  endfacet
  facet normal 0 0 1
    outer loop
      vertex 67.0738 35.4735 1.2
      vertex 67.0738 34.5265 1.2
      vertex 67.1051 34.517 1.2
    endloop
  endfacet
  facet normal -0 0 1
    outer loop
      vertex 67.0431 35.4619 1.2
      vertex 67.0738 34.5265 1.2
      vertex 67.0738 35.4735 1.2
    endloop
  endfacet
  facet normal 0 0 1
    outer loop
      vertex 67.0431 35.4619 1.2
      vertex 67.0431 34.5381 1.2
      vertex 67.0738 34.5265 1.2
    endloop
  endfacet
  facet normal -0 0 1
    outer loop
      vertex 67.0133 35.4484 1.2
      vertex 67.0431 34.5381 1.2
      vertex 67.0431 35.4619 1.2
    endloop
  endfacet
  facet normal 0 0 1
    outer loop
      vertex 67.0133 35.4484 1.2
      vertex 67.0133 34.5516 1.2
      vertex 67.0431 34.5381 1.2
    endloop
  endfacet
  facet normal -0 0 1
    outer loop
      vertex 66.9845 35.433 1.2
      vertex 67.0133 34.5516 1.2
      vertex 67.0133 35.4484 1.2
    endloop
  endfacet
  facet normal 0 0 1
    outer loop
      vertex 66.9845 35.433 1.2
      vertex 66.9845 34.567 1.2
      vertex 67.0133 34.5516 1.2
    endloop
  endfacet
  facet normal -0 0 1
    outer loop
      vertex 66.9567 35.4157 1.2
      vertex 66.9845 34.567 1.2
      vertex 66.9845 35.433 1.2
    endloop
  endfacet
  facet normal 0 0 1
    outer loop
      vertex 66.9567 35.4157 1.2
      vertex 66.9567 34.5843 1.2
      vertex 66.9845 34.567 1.2
    endloop
  endfacet
  facet normal -0 0 1
    outer loop
      vertex 66.9301 35.3967 1.2
      vertex 66.9567 34.5843 1.2
      vertex 66.9567 35.4157 1.2
    endloop
  endfacet
  facet normal 0 0 1
    outer loop
      vertex 66.9301 35.3967 1.2
      vertex 66.9301 34.6033 1.2
      vertex 66.9567 34.5843 1.2
    endloop
  endfacet
  facet normal -0 0 1
    outer loop
      vertex 66.9048 35.3759 1.2
      vertex 66.9301 34.6033 1.2
      vertex 66.9301 35.3967 1.2
    endloop
  endfacet
  facet normal 0 0 1
    outer loop
      vertex 66.9048 35.3759 1.2
      vertex 66.9048 34.6241 1.2
      vertex 66.9301 34.6033 1.2
    endloop
  endfacet
  facet normal -0 0 1
    outer loop
      vertex 66.8809 35.3536 1.2
      vertex 66.9048 34.6241 1.2
      vertex 66.9048 35.3759 1.2
    endloop
  endfacet
  facet normal 0 0 1
    outer loop
      vertex 66.8809 35.3536 1.2
      vertex 66.8809 34.6464 1.2
      vertex 66.9048 34.6241 1.2
    endloop
  endfacet
  facet normal -0 0 1
    outer loop
      vertex 66.8586 35.3297 1.2
      vertex 66.8809 34.6464 1.2
      vertex 66.8809 35.3536 1.2
    endloop
  endfacet
  facet normal 0 0 1
    outer loop
      vertex 66.8586 35.3297 1.2
      vertex 66.8586 34.6703 1.2
      vertex 66.8809 34.6464 1.2
    endloop
  endfacet
  facet normal -0 0 1
    outer loop
      vertex 66.8378 35.3044 1.2
      vertex 66.8586 34.6703 1.2
      vertex 66.8586 35.3297 1.2
    endloop
  endfacet
  facet normal 0 0 1
    outer loop
      vertex 66.8378 35.3044 1.2
      vertex 66.8378 34.6956 1.2
      vertex 66.8586 34.6703 1.2
    endloop
  endfacet
  facet normal -0 0 1
    outer loop
      vertex 66.8187 35.2778 1.2
      vertex 66.8378 34.6956 1.2
      vertex 66.8378 35.3044 1.2
    endloop
  endfacet
  facet normal 0 0 1
    outer loop
      vertex 66.8187 35.2778 1.2
      vertex 66.8187 34.7222 1.2
      vertex 66.8378 34.6956 1.2
    endloop
  endfacet
  facet normal -0 0 1
    outer loop
      vertex 66.8015 35.25 1.2
      vertex 66.8187 34.7222 1.2
      vertex 66.8187 35.2778 1.2
    endloop
  endfacet
  facet normal 0 0 1
    outer loop
      vertex 66.8015 35.25 1.2
      vertex 66.8015 34.75 1.2
      vertex 66.8187 34.7222 1.2
    endloop
  endfacet
  facet normal -0 0 1
    outer loop
      vertex 66.786 35.2211 1.2
      vertex 66.8015 34.75 1.2
      vertex 66.8015 35.25 1.2
    endloop
  endfacet
  facet normal 0 0 1
    outer loop
      vertex 66.786 35.2211 1.2
      vertex 66.786 34.7789 1.2
      vertex 66.8015 34.75 1.2
    endloop
  endfacet
  facet normal -0 0 1
    outer loop
      vertex 66.7725 35.1913 1.2
      vertex 66.786 34.7789 1.2
      vertex 66.786 35.2211 1.2
    endloop
  endfacet
  facet normal 0 0 1
    outer loop
      vertex 66.7725 35.1913 1.2
      vertex 66.7725 34.8087 1.2
      vertex 66.786 34.7789 1.2
    endloop
  endfacet
  facet normal -0 0 1
    outer loop
      vertex 66.761 35.1607 1.2
      vertex 66.7725 34.8087 1.2
      vertex 66.7725 35.1913 1.2
    endloop
  endfacet
  facet normal 0 0 1
    outer loop
      vertex 66.761 35.1607 1.2
      vertex 66.761 34.8393 1.2
      vertex 66.7725 34.8087 1.2
    endloop
  endfacet
  facet normal -0 0 1
    outer loop
      vertex 66.7515 35.1294 1.2
      vertex 66.761 34.8393 1.2
      vertex 66.761 35.1607 1.2
    endloop
  endfacet
  facet normal 0 0 1
    outer loop
      vertex 66.7515 35.1294 1.2
      vertex 66.7515 34.8706 1.2
      vertex 66.761 34.8393 1.2
    endloop
  endfacet
  facet normal -0 0 1
    outer loop
      vertex 66.7441 35.0975 1.2
      vertex 66.7515 34.8706 1.2
      vertex 66.7515 35.1294 1.2
    endloop
  endfacet
  facet normal 0 0 1
    outer loop
      vertex 66.7441 35.0975 1.2
      vertex 66.7441 34.9025 1.2
      vertex 66.7515 34.8706 1.2
    endloop
  endfacet
  facet normal -0 0 1
    outer loop
      vertex 66.7388 35.0653 1.2
      vertex 66.7441 34.9025 1.2
      vertex 66.7441 35.0975 1.2
    endloop
  endfacet
  facet normal 0 0 1
    outer loop
      vertex 66.7388 35.0653 1.2
      vertex 66.7388 34.9347 1.2
      vertex 66.7441 34.9025 1.2
    endloop
  endfacet
  facet normal -0 0 1
    outer loop
      vertex 66.7355 35.0327 1.2
      vertex 66.7388 34.9347 1.2
      vertex 66.7388 35.0653 1.2
    endloop
  endfacet
  facet normal 0 0 1
    outer loop
      vertex 66.7355 35.0327 1.2
      vertex 66.7355 34.9673 1.2
      vertex 66.7388 34.9347 1.2
    endloop
  endfacet
  facet normal 0 -0 1
    outer loop
      vertex 66.7355 34.9673 1.2
      vertex 66.7355 35.0327 1.2
      vertex 66.7345 35 1.2
    endloop
  endfacet
  facet normal -0.936078 -0.351794 0
    outer loop
      vertex 67.7079 35.1607 1.2
      vertex 67.6964 35.1913 1.5
      vertex 67.6964 35.1913 1.2
    endloop
  endfacet
  facet normal -0.936078 -0.351794 0
    outer loop
      vertex 67.6964 35.1913 1.5
      vertex 67.7079 35.1607 1.2
      vertex 67.7079 35.1607 1.5
    endloop
  endfacet
  facet normal 0.0336201 -0.999435 0
    outer loop
      vertex 67.2018 35.4989 1.2
      vertex 67.2345 35.5 1.5
      vertex 67.2018 35.4989 1.5
    endloop
  endfacet
  facet normal 0.0336201 -0.999435 0
    outer loop
      vertex 67.2345 35.5 1.5
      vertex 67.2018 35.4989 1.2
      vertex 67.2345 35.5 1.2
    endloop
  endfacet
  facet normal -0.813733 -0.581238 0
    outer loop
      vertex 67.6502 35.2778 1.2
      vertex 67.6312 35.3044 1.5
      vertex 67.6312 35.3044 1.2
    endloop
  endfacet
  facet normal -0.813733 -0.581238 0
    outer loop
      vertex 67.6312 35.3044 1.5
      vertex 67.6502 35.2778 1.2
      vertex 67.6502 35.2778 1.5
    endloop
  endfacet
  facet normal -0.772459 -0.635065 0
    outer loop
      vertex 67.6312 35.3044 1.2
      vertex 67.6104 35.3297 1.5
      vertex 67.6104 35.3297 1.2
    endloop
  endfacet
  facet normal -0.772459 -0.635065 0
    outer loop
      vertex 67.6104 35.3297 1.5
      vertex 67.6312 35.3044 1.2
      vertex 67.6312 35.3044 1.5
    endloop
  endfacet
  facet normal 0.772459 0.635065 0
    outer loop
      vertex 66.8586 34.6703 1.5
      vertex 66.8378 34.6956 1.2
      vertex 66.8378 34.6956 1.5
    endloop
  endfacet
  facet normal 0.772459 0.635065 0
    outer loop
      vertex 66.8378 34.6956 1.2
      vertex 66.8586 34.6703 1.5
      vertex 66.8586 34.6703 1.2
    endloop
  endfacet
  facet normal 0.936078 -0.351794 0
    outer loop
      vertex 66.761 35.1607 1.5
      vertex 66.7725 35.1913 1.2
      vertex 66.7725 35.1913 1.5
    endloop
  endfacet
  facet normal 0.936078 -0.351794 0
    outer loop
      vertex 66.7725 35.1913 1.2
      vertex 66.761 35.1607 1.5
      vertex 66.761 35.1607 1.2
    endloop
  endfacet
  facet normal -0.635065 -0.772459 0
    outer loop
      vertex 67.5389 35.3967 1.2
      vertex 67.5642 35.3759 1.5
      vertex 67.5389 35.3967 1.5
    endloop
  endfacet
  facet normal -0.635065 -0.772459 -0
    outer loop
      vertex 67.5642 35.3759 1.5
      vertex 67.5389 35.3967 1.2
      vertex 67.5642 35.3759 1.2
    endloop
  endfacet
  facet normal 0.528351 -0.849026 0
    outer loop
      vertex 66.9567 35.4157 1.2
      vertex 66.9845 35.433 1.5
      vertex 66.9567 35.4157 1.5
    endloop
  endfacet
  facet normal 0.528351 -0.849026 0
    outer loop
      vertex 66.9845 35.433 1.5
      vertex 66.9567 35.4157 1.2
      vertex 66.9845 35.433 1.2
    endloop
  endfacet
  facet normal 0.731157 -0.682209 0
    outer loop
      vertex 66.8586 35.3297 1.5
      vertex 66.8809 35.3536 1.2
      vertex 66.8809 35.3536 1.5
    endloop
  endfacet
  facet normal 0.731157 -0.682209 0
    outer loop
      vertex 66.8809 35.3536 1.2
      vertex 66.8586 35.3297 1.5
      vertex 66.8586 35.3297 1.2
    endloop
  endfacet
  facet normal -0.986723 -0.162411 0
    outer loop
      vertex 67.7302 35.0653 1.2
      vertex 67.7249 35.0975 1.5
      vertex 67.7249 35.0975 1.2
    endloop
  endfacet
  facet normal -0.986723 -0.162411 0
    outer loop
      vertex 67.7249 35.0975 1.5
      vertex 67.7302 35.0653 1.2
      vertex 67.7302 35.0653 1.5
    endloop
  endfacet
  facet normal 0.161921 0.986804 -0
    outer loop
      vertex 67.1692 34.5043 1.2
      vertex 67.1369 34.5096 1.5
      vertex 67.1692 34.5043 1.5
    endloop
  endfacet
  facet normal 0.161921 0.986804 0
    outer loop
      vertex 67.1369 34.5096 1.5
      vertex 67.1692 34.5043 1.2
      vertex 67.1369 34.5096 1.2
    endloop
  endfacet
  facet normal 0.772459 -0.635065 0
    outer loop
      vertex 66.8378 35.3044 1.5
      vertex 66.8586 35.3297 1.2
      vertex 66.8586 35.3297 1.5
    endloop
  endfacet
  facet normal 0.772459 -0.635065 0
    outer loop
      vertex 66.8586 35.3297 1.2
      vertex 66.8378 35.3044 1.5
      vertex 66.8378 35.3044 1.2
    endloop
  endfacet
  facet normal -0.35447 0.935067 0
    outer loop
      vertex 67.4258 34.5381 1.2
      vertex 67.3952 34.5265 1.5
      vertex 67.4258 34.5381 1.5
    endloop
  endfacet
  facet normal -0.35447 0.935067 0
    outer loop
      vertex 67.3952 34.5265 1.5
      vertex 67.4258 34.5381 1.2
      vertex 67.3952 34.5265 1.2
    endloop
  endfacet
  facet normal -0.470271 0.882522 0
    outer loop
      vertex 67.4845 34.567 1.2
      vertex 67.4556 34.5516 1.5
      vertex 67.4845 34.567 1.5
    endloop
  endfacet
  facet normal -0.470271 0.882522 0
    outer loop
      vertex 67.4556 34.5516 1.5
      vertex 67.4845 34.567 1.2
      vertex 67.4556 34.5516 1.2
    endloop
  endfacet
  facet normal 0.850396 -0.526144 0
    outer loop
      vertex 66.8015 35.25 1.5
      vertex 66.8187 35.2778 1.2
      vertex 66.8187 35.2778 1.5
    endloop
  endfacet
  facet normal 0.850396 -0.526144 0
    outer loop
      vertex 66.8187 35.2778 1.2
      vertex 66.8015 35.25 1.5
      vertex 66.8015 35.25 1.2
    endloop
  endfacet
  facet normal -0.412651 -0.910889 0
    outer loop
      vertex 67.4258 35.4619 1.2
      vertex 67.4556 35.4484 1.5
      vertex 67.4258 35.4619 1.5
    endloop
  endfacet
  facet normal -0.412651 -0.910889 -0
    outer loop
      vertex 67.4556 35.4484 1.5
      vertex 67.4258 35.4619 1.2
      vertex 67.4556 35.4484 1.2
    endloop
  endfacet
  facet normal -0.528351 0.849026 0
    outer loop
      vertex 67.5123 34.5843 1.2
      vertex 67.4845 34.567 1.5
      vertex 67.5123 34.5843 1.5
    endloop
  endfacet
  facet normal -0.528351 0.849026 0
    outer loop
      vertex 67.4845 34.567 1.5
      vertex 67.5123 34.5843 1.2
      vertex 67.4845 34.567 1.2
    endloop
  endfacet
  facet normal 0.994916 -0.100712 0
    outer loop
      vertex 66.7355 35.0327 1.5
      vertex 66.7388 35.0653 1.2
      vertex 66.7388 35.0653 1.5
    endloop
  endfacet
  facet normal 0.994916 -0.100712 0
    outer loop
      vertex 66.7388 35.0653 1.2
      vertex 66.7355 35.0327 1.5
      vertex 66.7355 35.0327 1.2
    endloop
  endfacet
  facet normal 0.412651 -0.910889 0
    outer loop
      vertex 67.0133 35.4484 1.2
      vertex 67.0431 35.4619 1.5
      vertex 67.0133 35.4484 1.5
    endloop
  endfacet
  facet normal 0.412651 -0.910889 0
    outer loop
      vertex 67.0431 35.4619 1.5
      vertex 67.0133 35.4484 1.2
      vertex 67.0431 35.4619 1.2
    endloop
  endfacet
  facet normal 0.999533 -0.0305668 0
    outer loop
      vertex 66.7345 35 1.5
      vertex 66.7355 35.0327 1.2
      vertex 66.7355 35.0327 1.5
    endloop
  endfacet
  facet normal 0.999533 -0.0305668 0
    outer loop
      vertex 66.7355 35.0327 1.2
      vertex 66.7345 35 1.5
      vertex 66.7345 35 1.2
    endloop
  endfacet
  facet normal 0.528351 0.849026 -0
    outer loop
      vertex 66.9845 34.567 1.2
      vertex 66.9567 34.5843 1.5
      vertex 66.9845 34.567 1.5
    endloop
  endfacet
  facet normal 0.528351 0.849026 0
    outer loop
      vertex 66.9567 34.5843 1.5
      vertex 66.9845 34.567 1.2
      vertex 66.9567 34.5843 1.2
    endloop
  endfacet
  facet normal -0.729632 -0.68384 0
    outer loop
      vertex 67.6104 35.3297 1.2
      vertex 67.588 35.3536 1.5
      vertex 67.588 35.3536 1.2
    endloop
  endfacet
  facet normal -0.729632 -0.68384 0
    outer loop
      vertex 67.588 35.3536 1.5
      vertex 67.6104 35.3297 1.2
      vertex 67.6104 35.3297 1.5
    endloop
  endfacet
  facet normal 0.226649 0.973977 -0
    outer loop
      vertex 67.1369 34.5096 1.2
      vertex 67.1051 34.517 1.5
      vertex 67.1369 34.5096 1.5
    endloop
  endfacet
  facet normal 0.226649 0.973977 0
    outer loop
      vertex 67.1051 34.517 1.5
      vertex 67.1369 34.5096 1.2
      vertex 67.1051 34.517 1.2
    endloop
  endfacet
  facet normal 0.994916 0.100712 0
    outer loop
      vertex 66.7388 34.9347 1.5
      vertex 66.7355 34.9673 1.2
      vertex 66.7355 34.9673 1.5
    endloop
  endfacet
  facet normal 0.994916 0.100712 0
    outer loop
      vertex 66.7355 34.9673 1.2
      vertex 66.7388 34.9347 1.5
      vertex 66.7388 34.9347 1.2
    endloop
  endfacet
  facet normal 0.812287 0.583258 0
    outer loop
      vertex 66.8378 34.6956 1.5
      vertex 66.8187 34.7222 1.2
      vertex 66.8187 34.7222 1.5
    endloop
  endfacet
  facet normal 0.812287 0.583258 0
    outer loop
      vertex 66.8187 34.7222 1.2
      vertex 66.8378 34.6956 1.5
      vertex 66.8378 34.6956 1.2
    endloop
  endfacet
  facet normal -0.813733 0.581238 0
    outer loop
      vertex 67.6312 34.6956 1.2
      vertex 67.6502 34.7222 1.5
      vertex 67.6502 34.7222 1.2
    endloop
  endfacet
  facet normal -0.813733 0.581238 0
    outer loop
      vertex 67.6502 34.7222 1.5
      vertex 67.6312 34.6956 1.2
      vertex 67.6312 34.6956 1.5
    endloop
  endfacet
  facet normal -0.910889 -0.412651 0
    outer loop
      vertex 67.6964 35.1913 1.2
      vertex 67.6829 35.2211 1.5
      vertex 67.6829 35.2211 1.2
    endloop
  endfacet
  facet normal -0.910889 -0.412651 0
    outer loop
      vertex 67.6829 35.2211 1.5
      vertex 67.6964 35.1913 1.2
      vertex 67.6964 35.1913 1.5
    endloop
  endfacet
  facet normal 0.731157 0.682209 0
    outer loop
      vertex 66.8809 34.6464 1.5
      vertex 66.8586 34.6703 1.2
      vertex 66.8586 34.6703 1.5
    endloop
  endfacet
  facet normal 0.731157 0.682209 0
    outer loop
      vertex 66.8586 34.6703 1.2
      vertex 66.8809 34.6464 1.5
      vertex 66.8809 34.6464 1.2
    endloop
  endfacet
  facet normal -0.161921 0.986804 0
    outer loop
      vertex 67.332 34.5096 1.2
      vertex 67.2997 34.5043 1.5
      vertex 67.332 34.5096 1.5
    endloop
  endfacet
  facet normal -0.161921 0.986804 0
    outer loop
      vertex 67.2997 34.5043 1.5
      vertex 67.332 34.5096 1.2
      vertex 67.2997 34.5043 1.2
    endloop
  endfacet
  facet normal -0.973457 0.228869 0
    outer loop
      vertex 67.7174 34.8706 1.2
      vertex 67.7249 34.9025 1.5
      vertex 67.7249 34.9025 1.2
    endloop
  endfacet
  facet normal -0.973457 0.228869 0
    outer loop
      vertex 67.7249 34.9025 1.5
      vertex 67.7174 34.8706 1.2
      vertex 67.7174 34.8706 1.5
    endloop
  endfacet
  facet normal -0.225974 0.974133 0
    outer loop
      vertex 67.3639 34.517 1.2
      vertex 67.332 34.5096 1.5
      vertex 67.3639 34.517 1.5
    endloop
  endfacet
  facet normal -0.225974 0.974133 0
    outer loop
      vertex 67.332 34.5096 1.5
      vertex 67.3639 34.517 1.2
      vertex 67.332 34.5096 1.2
    endloop
  endfacet
  facet normal 0.581238 -0.813733 0
    outer loop
      vertex 66.9301 35.3967 1.2
      vertex 66.9567 35.4157 1.5
      vertex 66.9301 35.3967 1.5
    endloop
  endfacet
  facet normal 0.581238 -0.813733 0
    outer loop
      vertex 66.9567 35.4157 1.5
      vertex 66.9301 35.3967 1.2
      vertex 66.9567 35.4157 1.2
    endloop
  endfacet
  facet normal -0.910889 0.412651 0
    outer loop
      vertex 67.6829 34.7789 1.2
      vertex 67.6964 34.8087 1.5
      vertex 67.6964 34.8087 1.2
    endloop
  endfacet
  facet normal -0.910889 0.412651 0
    outer loop
      vertex 67.6964 34.8087 1.5
      vertex 67.6829 34.7789 1.2
      vertex 67.6829 34.7789 1.5
    endloop
  endfacet
  facet normal 0.850396 0.526144 0
    outer loop
      vertex 66.8187 34.7222 1.5
      vertex 66.8015 34.75 1.2
      vertex 66.8015 34.75 1.5
    endloop
  endfacet
  facet normal 0.850396 0.526144 0
    outer loop
      vertex 66.8015 34.75 1.2
      vertex 66.8187 34.7222 1.5
      vertex 66.8187 34.7222 1.2
    endloop
  endfacet
  facet normal 0.09769 0.995217 -0
    outer loop
      vertex 67.2018 34.5011 1.2
      vertex 67.1692 34.5043 1.5
      vertex 67.2018 34.5011 1.5
    endloop
  endfacet
  facet normal 0.09769 0.995217 0
    outer loop
      vertex 67.1692 34.5043 1.5
      vertex 67.2018 34.5011 1.2
      vertex 67.1692 34.5043 1.2
    endloop
  endfacet
  facet normal -0.225974 -0.974133 0
    outer loop
      vertex 67.332 35.4904 1.2
      vertex 67.3639 35.483 1.5
      vertex 67.332 35.4904 1.5
    endloop
  endfacet
  facet normal -0.225974 -0.974133 -0
    outer loop
      vertex 67.3639 35.483 1.5
      vertex 67.332 35.4904 1.2
      vertex 67.3639 35.483 1.2
    endloop
  endfacet
  facet normal 0.471542 0.881844 -0
    outer loop
      vertex 67.0133 34.5516 1.2
      vertex 66.9845 34.567 1.5
      vertex 67.0133 34.5516 1.5
    endloop
  endfacet
  facet normal 0.471542 0.881844 0
    outer loop
      vertex 66.9845 34.567 1.5
      vertex 67.0133 34.5516 1.2
      vertex 66.9845 34.567 1.2
    endloop
  endfacet
  facet normal 0.635065 0.772459 -0
    outer loop
      vertex 66.9301 34.6033 1.2
      vertex 66.9048 34.6241 1.5
      vertex 66.9301 34.6033 1.5
    endloop
  endfacet
  facet normal 0.635065 0.772459 0
    outer loop
      vertex 66.9048 34.6241 1.5
      vertex 66.9301 34.6033 1.2
      vertex 66.9048 34.6241 1.2
    endloop
  endfacet
  facet normal 0.881253 -0.472644 0
    outer loop
      vertex 66.786 35.2211 1.5
      vertex 66.8015 35.25 1.2
      vertex 66.8015 35.25 1.5
    endloop
  endfacet
  facet normal 0.881253 -0.472644 0
    outer loop
      vertex 66.8015 35.25 1.2
      vertex 66.786 35.2211 1.5
      vertex 66.786 35.2211 1.2
    endloop
  endfacet
  facet normal 0.471542 -0.881844 0
    outer loop
      vertex 66.9845 35.433 1.2
      vertex 67.0133 35.4484 1.5
      vertex 66.9845 35.433 1.5
    endloop
  endfacet
  facet normal 0.471542 -0.881844 0
    outer loop
      vertex 67.0133 35.4484 1.5
      vertex 66.9845 35.433 1.2
      vertex 67.0133 35.4484 1.2
    endloop
  endfacet
  facet normal 0.581238 0.813733 -0
    outer loop
      vertex 66.9567 34.5843 1.2
      vertex 66.9301 34.6033 1.5
      vertex 66.9567 34.5843 1.5
    endloop
  endfacet
  facet normal 0.581238 0.813733 0
    outer loop
      vertex 66.9301 34.6033 1.5
      vertex 66.9567 34.5843 1.2
      vertex 66.9301 34.6033 1.2
    endloop
  endfacet
  facet normal -0.634364 0.773035 0
    outer loop
      vertex 3.91238 76.9335 0
      vertex 3.40654 76.5184 1.5
      vertex 3.91238 76.9335 1.5
    endloop
  endfacet
  facet normal -0.634364 0.773035 0
    outer loop
      vertex 3.40654 76.5184 1.5
      vertex 3.91238 76.9335 0
      vertex 3.40654 76.5184 0
    endloop
  endfacet
  facet normal 0.999465 -0.0327027 0
    outer loop
      vertex 97.9786 9.34597 1.5
      vertex 98 10 0
      vertex 98 10 1.5
    endloop
  endfacet
  facet normal 0.999465 -0.0327027 0
    outer loop
      vertex 98 10 0
      vertex 97.9786 9.34597 1.5
      vertex 97.9786 9.34597 0
    endloop
  endfacet
  facet normal 0.471318 0.881963 -0
    outer loop
      vertex 93 77.6603 0
      vertex 92.4229 77.9687 1.5
      vertex 93 77.6603 1.5
    endloop
  endfacet
  facet normal 0.471318 0.881963 0
    outer loop
      vertex 92.4229 77.9687 1.5
      vertex 93 77.6603 0
      vertex 92.4229 77.9687 0
    endloop
  endfacet
  facet normal 0 0 -1
    outer loop
      vertex 0 10 0
      vertex 7.9 7.9 0
      vertex 4.1 7.9 0
    endloop
  endfacet
  facet normal 0 0 -1
    outer loop
      vertex 7.9 7.9 0
      vertex 0 10 0
      vertex 7.9 71.1 0
    endloop
  endfacet
  facet normal 0 0 -1
    outer loop
      vertex 7.9 71.1 0
      vertex 36.78 27.5 0
      vertex 7.9 7.9 0
    endloop
  endfacet
  facet normal 0 0 -1
    outer loop
      vertex 7.9 74.9 0
      vertex 36.78 27.5 0
      vertex 7.9 71.1 0
    endloop
  endfacet
  facet normal 0 0 -1
    outer loop
      vertex 36.78 27.5 0
      vertex 7.9 74.9 0
      vertex 8.0491 78.8079 0
    endloop
  endfacet
  facet normal 0 0 -1
    outer loop
      vertex 7.9 74.9 0
      vertex 7.41181 78.6593 0
      vertex 8.0491 78.8079 0
    endloop
  endfacet
  facet normal 0 0 -1
    outer loop
      vertex 7.9 74.9 0
      vertex 6.7856 78.4693 0
      vertex 7.41181 78.6593 0
    endloop
  endfacet
  facet normal 0 0 -1
    outer loop
      vertex 7.9 74.9 0
      vertex 6.17317 78.2388 0
      vertex 6.7856 78.4693 0
    endloop
  endfacet
  facet normal 0 0 -1
    outer loop
      vertex 7.9 74.9 0
      vertex 5.57711 77.9687 0
      vertex 6.17317 78.2388 0
    endloop
  endfacet
  facet normal 0 0 -1
    outer loop
      vertex 7.9 74.9 0
      vertex 5 77.6603 0
      vertex 5.57711 77.9687 0
    endloop
  endfacet
  facet normal 0 0 -1
    outer loop
      vertex 4.1 74.9 0
      vertex 5 77.6603 0
      vertex 7.9 74.9 0
    endloop
  endfacet
  facet normal 0 0 -1
    outer loop
      vertex 5 77.6603 0
      vertex 4.1 74.9 0
      vertex 4.4443 77.3147 0
    endloop
  endfacet
  facet normal 0 0 -1
    outer loop
      vertex 4.1 74.9 0
      vertex 3.91238 76.9335 0
      vertex 4.4443 77.3147 0
    endloop
  endfacet
  facet normal 0 0 -1
    outer loop
      vertex 4.1 71.1 0
      vertex 3.91238 76.9335 0
      vertex 4.1 74.9 0
    endloop
  endfacet
  facet normal 0 0 -1
    outer loop
      vertex 0 10 0
      vertex 3.91238 2.06647 0
      vertex 3.40654 2.4816 0
    endloop
  endfacet
  facet normal -0 0 -1
    outer loop
      vertex 7.9 71.1 0
      vertex 0 69 0
      vertex 4.1 71.1 0
    endloop
  endfacet
  facet normal 0 0 -1
    outer loop
      vertex 0 10 0
      vertex 3.40654 2.4816 0
      vertex 2.92893 2.92893 0
    endloop
  endfacet
  facet normal 0 -0 -1
    outer loop
      vertex 0.02141 69.654 0
      vertex 4.1 71.1 0
      vertex 0 69 0
    endloop
  endfacet
  facet normal 0 0 -1
    outer loop
      vertex 0 10 0
      vertex 2.92893 2.92893 0
      vertex 2.4816 3.40654 0
    endloop
  endfacet
  facet normal 0 0 -1
    outer loop
      vertex 4.1 71.1 0
      vertex 3.40654 76.5184 0
      vertex 3.91238 76.9335 0
    endloop
  endfacet
  facet normal 0 0 -1
    outer loop
      vertex 0 10 0
      vertex 2.4816 3.40654 0
      vertex 2.06647 3.91238 0
    endloop
  endfacet
  facet normal 0 0 -1
    outer loop
      vertex 4.1 71.1 0
      vertex 2.92893 76.0711 0
      vertex 3.40654 76.5184 0
    endloop
  endfacet
  facet normal 0 0 -1
    outer loop
      vertex 0 10 0
      vertex 2.06647 3.91238 0
      vertex 1.6853 4.4443 0
    endloop
  endfacet
  facet normal 0 0 -1
    outer loop
      vertex 4.1 71.1 0
      vertex 2.4816 75.5935 0
      vertex 2.92893 76.0711 0
    endloop
  endfacet
  facet normal 0 0 -1
    outer loop
      vertex 0 10 0
      vertex 1.6853 4.4443 0
      vertex 1.33975 5 0
    endloop
  endfacet
  facet normal 0 0 -1
    outer loop
      vertex 4.1 71.1 0
      vertex 2.06647 75.0876 0
      vertex 2.4816 75.5935 0
    endloop
  endfacet
  facet normal 0 0 -1
    outer loop
      vertex 0 10 0
      vertex 1.33975 5 0
      vertex 1.03127 5.57711 0
    endloop
  endfacet
  facet normal 0 0 -1
    outer loop
      vertex 4.1 71.1 0
      vertex 1.6853 74.5557 0
      vertex 2.06647 75.0876 0
    endloop
  endfacet
  facet normal 0 0 -1
    outer loop
      vertex 0 10 0
      vertex 1.03127 5.57711 0
      vertex 0.761204 6.17317 0
    endloop
  endfacet
  facet normal 0 0 -1
    outer loop
      vertex 4.1 71.1 0
      vertex 1.33975 74 0
      vertex 1.6853 74.5557 0
    endloop
  endfacet
  facet normal 0 0 -1
    outer loop
      vertex 0 10 0
      vertex 0.761204 6.17317 0
      vertex 0.530698 6.7856 0
    endloop
  endfacet
  facet normal 0 0 -1
    outer loop
      vertex 4.1 71.1 0
      vertex 1.03127 73.4229 0
      vertex 1.33975 74 0
    endloop
  endfacet
  facet normal 0 0 -1
    outer loop
      vertex 0 10 0
      vertex 0.530698 6.7856 0
      vertex 0.340741 7.41181 0
    endloop
  endfacet
  facet normal 0 0 -1
    outer loop
      vertex 4.1 71.1 0
      vertex 0.761204 72.8268 0
      vertex 1.03127 73.4229 0
    endloop
  endfacet
  facet normal 0 0 -1
    outer loop
      vertex 0 10 0
      vertex 0.340741 7.41181 0
      vertex 0.192146 8.0491 0
    endloop
  endfacet
  facet normal 0 0 -1
    outer loop
      vertex 4.1 71.1 0
      vertex 0.530698 72.2144 0
      vertex 0.761204 72.8268 0
    endloop
  endfacet
  facet normal 0 0 -1
    outer loop
      vertex 0 10 0
      vertex 0.192146 8.0491 0
      vertex 0.0855513 8.69474 0
    endloop
  endfacet
  facet normal 0 0 -1
    outer loop
      vertex 4.1 71.1 0
      vertex 0.340741 71.5882 0
      vertex 0.530698 72.2144 0
    endloop
  endfacet
  facet normal 0 0 -1
    outer loop
      vertex 0 10 0
      vertex 0.0855513 8.69474 0
      vertex 0.02141 9.34597 0
    endloop
  endfacet
  facet normal -0 0 -1
    outer loop
      vertex 4.1 71.1 0
      vertex 0.192146 70.9509 0
      vertex 0.340741 71.5882 0
    endloop
  endfacet
  facet normal 0 0 -1
    outer loop
      vertex 4.1 71.1 0
      vertex 0.0855513 70.3053 0
      vertex 0.192146 70.9509 0
    endloop
  endfacet
  facet normal 0 0 -1
    outer loop
      vertex 4.1 71.1 0
      vertex 0.02141 69.654 0
      vertex 0.0855513 70.3053 0
    endloop
  endfacet
  facet normal -0 0 -1
    outer loop
      vertex 90.1 71.1 0
      vertex 64.78 61.5 0
      vertex 88 79 0
    endloop
  endfacet
  facet normal 0 0 -1
    outer loop
      vertex 36.78 61.5 0
      vertex 88 79 0
      vertex 64.78 61.5 0
    endloop
  endfacet
  facet normal 0 0 -1
    outer loop
      vertex 36.78 61.5 0
      vertex 10 79 0
      vertex 88 79 0
    endloop
  endfacet
  facet normal 0 0 -1
    outer loop
      vertex 36.78 27.5 0
      vertex 10 79 0
      vertex 36.78 61.5 0
    endloop
  endfacet
  facet normal 0 0 -1
    outer loop
      vertex 7.9 4.1 0
      vertex 10 0 0
      vertex 9.34597 0.02141 0
    endloop
  endfacet
  facet normal 0 0 -1
    outer loop
      vertex 10 0 0
      vertex 7.9 7.9 0
      vertex 36.78 27.5 0
    endloop
  endfacet
  facet normal 0 0 -1
    outer loop
      vertex 7.9 4.1 0
      vertex 9.34597 0.02141 0
      vertex 8.69474 0.0855513 0
    endloop
  endfacet
  facet normal 0 0 -1
    outer loop
      vertex 36.78 27.5 0
      vertex 8.0491 78.8079 0
      vertex 10 79 0
    endloop
  endfacet
  facet normal 0 0 -1
    outer loop
      vertex 7.9 4.1 0
      vertex 8.69474 0.0855513 0
      vertex 8.0491 0.192146 0
    endloop
  endfacet
  facet normal 0 0 -1
    outer loop
      vertex 10 79 0
      vertex 8.0491 78.8079 0
      vertex 9.34597 78.9786 0
    endloop
  endfacet
  facet normal 0 0 -1
    outer loop
      vertex 9.34597 78.9786 0
      vertex 8.0491 78.8079 0
      vertex 8.69474 78.9144 0
    endloop
  endfacet
  facet normal 0 0 -1
    outer loop
      vertex 7.41181 0.340741 0
      vertex 7.9 4.1 0
      vertex 8.0491 0.192146 0
    endloop
  endfacet
  facet normal 0 0 -1
    outer loop
      vertex 6.7856 0.530698 0
      vertex 7.9 4.1 0
      vertex 7.41181 0.340741 0
    endloop
  endfacet
  facet normal 0 0 -1
    outer loop
      vertex 6.17317 0.761204 0
      vertex 7.9 4.1 0
      vertex 6.7856 0.530698 0
    endloop
  endfacet
  facet normal 0 0 -1
    outer loop
      vertex 5.57711 1.03127 0
      vertex 7.9 4.1 0
      vertex 6.17317 0.761204 0
    endloop
  endfacet
  facet normal 0 0 -1
    outer loop
      vertex 5 1.33975 0
      vertex 7.9 4.1 0
      vertex 5.57711 1.03127 0
    endloop
  endfacet
  facet normal 0 0 -1
    outer loop
      vertex 4.1 4.1 0
      vertex 5 1.33975 0
      vertex 4.4443 1.6853 0
    endloop
  endfacet
  facet normal 0 0 -1
    outer loop
      vertex 5 1.33975 0
      vertex 4.1 4.1 0
      vertex 7.9 4.1 0
    endloop
  endfacet
  facet normal 0 0 -1
    outer loop
      vertex 0 10 0
      vertex 4.1 4.1 0
      vertex 3.91238 2.06647 0
    endloop
  endfacet
  facet normal 0 0 -1
    outer loop
      vertex 4.1 4.1 0
      vertex 0 10 0
      vertex 4.1 7.9 0
    endloop
  endfacet
  facet normal 0 0 -1
    outer loop
      vertex 0 69 0
      vertex 7.9 71.1 0
      vertex 0 10 0
    endloop
  endfacet
  facet normal 0 0 -1
    outer loop
      vertex 3.91238 2.06647 0
      vertex 4.1 4.1 0
      vertex 4.4443 1.6853 0
    endloop
  endfacet
  facet normal 0 0 -1
    outer loop
      vertex 98 10 0
      vertex 64.78 27.5 0
      vertex 98 69 0
    endloop
  endfacet
  facet normal 0 -0 -1
    outer loop
      vertex 90.1 71.1 0
      vertex 98 69 0
      vertex 64.78 27.5 0
    endloop
  endfacet
  facet normal 0 0 -1
    outer loop
      vertex 93.9 7.9 0
      vertex 98 10 0
      vertex 97.9786 9.34597 0
    endloop
  endfacet
  facet normal 0 0 -1
    outer loop
      vertex 90.1 7.9 0
      vertex 98 10 0
      vertex 93.9 7.9 0
    endloop
  endfacet
  facet normal 0 0 -1
    outer loop
      vertex 93.9 7.9 0
      vertex 97.9786 9.34597 0
      vertex 97.9144 8.69474 0
    endloop
  endfacet
  facet normal 0 0 -1
    outer loop
      vertex 64.78 27.5 0
      vertex 98 10 0
      vertex 90.1 7.9 0
    endloop
  endfacet
  facet normal 0 0 -1
    outer loop
      vertex 93.9 7.9 0
      vertex 97.9144 8.69474 0
      vertex 97.8079 8.0491 0
    endloop
  endfacet
  facet normal 0 0 -1
    outer loop
      vertex 98 69 0
      vertex 93.9 71.1 0
      vertex 97.9786 69.654 0
    endloop
  endfacet
  facet normal 0 0 -1
    outer loop
      vertex 93.9 7.9 0
      vertex 97.8079 8.0491 0
      vertex 97.6593 7.41181 0
    endloop
  endfacet
  facet normal 0 0 -1
    outer loop
      vertex 97.9786 69.654 0
      vertex 93.9 71.1 0
      vertex 97.9144 70.3053 0
    endloop
  endfacet
  facet normal 0 0 -1
    outer loop
      vertex 93.9 7.9 0
      vertex 97.6593 7.41181 0
      vertex 97.4693 6.7856 0
    endloop
  endfacet
  facet normal 0 0 -1
    outer loop
      vertex 97.9144 70.3053 0
      vertex 93.9 71.1 0
      vertex 97.8079 70.9509 0
    endloop
  endfacet
  facet normal 0 0 -1
    outer loop
      vertex 93.9 7.9 0
      vertex 97.4693 6.7856 0
      vertex 97.2388 6.17317 0
    endloop
  endfacet
  facet normal 0 0 -1
    outer loop
      vertex 97.8079 70.9509 0
      vertex 93.9 71.1 0
      vertex 97.6593 71.5882 0
    endloop
  endfacet
  facet normal 0 0 -1
    outer loop
      vertex 93.9 7.9 0
      vertex 97.2388 6.17317 0
      vertex 96.9687 5.57711 0
    endloop
  endfacet
  facet normal -0 0 -1
    outer loop
      vertex 97.6593 71.5882 0
      vertex 93.9 71.1 0
      vertex 97.4693 72.2144 0
    endloop
  endfacet
  facet normal 0 0 -1
    outer loop
      vertex 93.9 7.9 0
      vertex 96.9687 5.57711 0
      vertex 96.6603 5 0
    endloop
  endfacet
  facet normal -0 0 -1
    outer loop
      vertex 97.4693 72.2144 0
      vertex 93.9 71.1 0
      vertex 97.2388 72.8268 0
    endloop
  endfacet
  facet normal 0 0 -1
    outer loop
      vertex 93.9 4.1 0
      vertex 96.6603 5 0
      vertex 96.3147 4.4443 0
    endloop
  endfacet
  facet normal -0 0 -1
    outer loop
      vertex 97.2388 72.8268 0
      vertex 93.9 71.1 0
      vertex 96.9687 73.4229 0
    endloop
  endfacet
  facet normal 0 0 -1
    outer loop
      vertex 93.9 4.1 0
      vertex 96.3147 4.4443 0
      vertex 95.9335 3.91238 0
    endloop
  endfacet
  facet normal -0 0 -1
    outer loop
      vertex 96.9687 73.4229 0
      vertex 93.9 71.1 0
      vertex 96.6603 74 0
    endloop
  endfacet
  facet normal 0 0 -1
    outer loop
      vertex 93.9 4.1 0
      vertex 95.9335 3.91238 0
      vertex 95.5184 3.40654 0
    endloop
  endfacet
  facet normal 0 0 -1
    outer loop
      vertex 93.9 74.9 0
      vertex 96.6603 74 0
      vertex 93.9 71.1 0
    endloop
  endfacet
  facet normal 0 0 -1
    outer loop
      vertex 93.9 4.1 0
      vertex 95.5184 3.40654 0
      vertex 95.0711 2.92893 0
    endloop
  endfacet
  facet normal 0 0 -1
    outer loop
      vertex 96.6603 74 0
      vertex 93.9 74.9 0
      vertex 96.3147 74.5557 0
    endloop
  endfacet
  facet normal 0 0 -1
    outer loop
      vertex 93.9 4.1 0
      vertex 95.0711 2.92893 0
      vertex 94.5935 2.4816 0
    endloop
  endfacet
  facet normal 0 0 -1
    outer loop
      vertex 96.3147 74.5557 0
      vertex 93.9 74.9 0
      vertex 95.9335 75.0876 0
    endloop
  endfacet
  facet normal 0 0 -1
    outer loop
      vertex 93.9 4.1 0
      vertex 94.5935 2.4816 0
      vertex 94.0876 2.06647 0
    endloop
  endfacet
  facet normal -0 0 -1
    outer loop
      vertex 95.9335 75.0876 0
      vertex 93.9 74.9 0
      vertex 95.5184 75.5935 0
    endloop
  endfacet
  facet normal -0 0 -1
    outer loop
      vertex 96.6603 5 0
      vertex 93.9 4.1 0
      vertex 93.9 7.9 0
    endloop
  endfacet
  facet normal 0 0 -1
    outer loop
      vertex 93.5557 1.6853 0
      vertex 93.9 4.1 0
      vertex 94.0876 2.06647 0
    endloop
  endfacet
  facet normal 0 0 -1
    outer loop
      vertex 93 1.33975 0
      vertex 93.9 4.1 0
      vertex 93.5557 1.6853 0
    endloop
  endfacet
  facet normal 0 0 -1
    outer loop
      vertex 90.1 4.1 0
      vertex 93 1.33975 0
      vertex 92.4229 1.03127 0
    endloop
  endfacet
  facet normal 0 0 -1
    outer loop
      vertex 90.1 4.1 0
      vertex 92.4229 1.03127 0
      vertex 91.8268 0.761204 0
    endloop
  endfacet
  facet normal 0 0 -1
    outer loop
      vertex 90.1 4.1 0
      vertex 91.8268 0.761204 0
      vertex 91.2144 0.530698 0
    endloop
  endfacet
  facet normal 0 0 -1
    outer loop
      vertex 90.1 4.1 0
      vertex 91.2144 0.530698 0
      vertex 90.5882 0.340741 0
    endloop
  endfacet
  facet normal 0 0 -1
    outer loop
      vertex 93 1.33975 0
      vertex 90.1 4.1 0
      vertex 93.9 4.1 0
    endloop
  endfacet
  facet normal 0 0 -1
    outer loop
      vertex 88 0 0
      vertex 90.1 7.9 0
      vertex 90.1 4.1 0
    endloop
  endfacet
  facet normal 0 0 -1
    outer loop
      vertex 98 69 0
      vertex 90.1 71.1 0
      vertex 93.9 71.1 0
    endloop
  endfacet
  facet normal 0 0 -1
    outer loop
      vertex 89.3053 0.0855513 0
      vertex 90.1 4.1 0
      vertex 89.9509 0.192146 0
    endloop
  endfacet
  facet normal 0 0 -1
    outer loop
      vertex 89.9509 0.192146 0
      vertex 90.1 4.1 0
      vertex 90.5882 0.340741 0
    endloop
  endfacet
  facet normal -0 0 -1
    outer loop
      vertex 95.5184 75.5935 0
      vertex 93.9 74.9 0
      vertex 95.0711 76.0711 0
    endloop
  endfacet
  facet normal -0 0 -1
    outer loop
      vertex 95.0711 76.0711 0
      vertex 93.9 74.9 0
      vertex 94.5935 76.5184 0
    endloop
  endfacet
  facet normal -0 0 -1
    outer loop
      vertex 94.5935 76.5184 0
      vertex 93.9 74.9 0
      vertex 94.0876 76.9335 0
    endloop
  endfacet
  facet normal 0 0 -1
    outer loop
      vertex 93.9 74.9 0
      vertex 93.5557 77.3147 0
      vertex 94.0876 76.9335 0
    endloop
  endfacet
  facet normal 0 0 -1
    outer loop
      vertex 93.9 74.9 0
      vertex 93 77.6603 0
      vertex 93.5557 77.3147 0
    endloop
  endfacet
  facet normal 0 0 -1
    outer loop
      vertex 90.1 74.9 0
      vertex 93 77.6603 0
      vertex 93.9 74.9 0
    endloop
  endfacet
  facet normal -0 0 -1
    outer loop
      vertex 93 77.6603 0
      vertex 90.1 74.9 0
      vertex 92.4229 77.9687 0
    endloop
  endfacet
  facet normal -0 0 -1
    outer loop
      vertex 92.4229 77.9687 0
      vertex 90.1 74.9 0
      vertex 91.8268 78.2388 0
    endloop
  endfacet
  facet normal -0 0 -1
    outer loop
      vertex 91.8268 78.2388 0
      vertex 90.1 74.9 0
      vertex 91.2144 78.4693 0
    endloop
  endfacet
  facet normal -0 0 -1
    outer loop
      vertex 91.2144 78.4693 0
      vertex 90.1 74.9 0
      vertex 90.5882 78.6593 0
    endloop
  endfacet
  facet normal 0 0 -1
    outer loop
      vertex 90.1 74.9 0
      vertex 89.9509 78.8079 0
      vertex 90.5882 78.6593 0
    endloop
  endfacet
  facet normal 0 0 -1
    outer loop
      vertex 64.78 61.5 0
      vertex 90.1 71.1 0
      vertex 64.78 27.5 0
    endloop
  endfacet
  facet normal 0 0 -1
    outer loop
      vertex 88.654 0.02141 0
      vertex 90.1 4.1 0
      vertex 89.3053 0.0855513 0
    endloop
  endfacet
  facet normal 0 0 -1
    outer loop
      vertex 90.1 71.1 0
      vertex 88 79 0
      vertex 90.1 74.9 0
    endloop
  endfacet
  facet normal 0 0 -1
    outer loop
      vertex 90.1 4.1 0
      vertex 88.654 0.02141 0
      vertex 88 0 0
    endloop
  endfacet
  facet normal -0 -0 -1
    outer loop
      vertex 88.654 78.9786 0
      vertex 90.1 74.9 0
      vertex 88 79 0
    endloop
  endfacet
  facet normal -0 0 -1
    outer loop
      vertex 90.1 7.9 0
      vertex 88 0 0
      vertex 64.78 27.5 0
    endloop
  endfacet
  facet normal 0 0 -1
    outer loop
      vertex 90.1 74.9 0
      vertex 89.3053 78.9144 0
      vertex 89.9509 78.8079 0
    endloop
  endfacet
  facet normal 0 0 -1
    outer loop
      vertex 90.1 74.9 0
      vertex 88.654 78.9786 0
      vertex 89.3053 78.9144 0
    endloop
  endfacet
  facet normal 0 0 -1
    outer loop
      vertex 88 0 0
      vertex 36.78 27.5 0
      vertex 64.78 27.5 0
    endloop
  endfacet
  facet normal 0 0 -1
    outer loop
      vertex 7.9 7.9 0
      vertex 10 0 0
      vertex 7.9 4.1 0
    endloop
  endfacet
  facet normal 0 0 -1
    outer loop
      vertex 10 0 0
      vertex 36.78 27.5 0
      vertex 88 0 0
    endloop
  endfacet
  facet normal -0.290282 -0.956941 0
    outer loop
      vertex 6.7856 0.530698 0
      vertex 7.41181 0.340741 1.5
      vertex 6.7856 0.530698 1.5
    endloop
  endfacet
  facet normal -0.290282 -0.956941 -0
    outer loop
      vertex 7.41181 0.340741 1.5
      vertex 6.7856 0.530698 0
      vertex 7.41181 0.340741 0
    endloop
  endfacet
  facet normal -0.935904 -0.352255 0
    outer loop
      vertex 0.761204 6.17317 0
      vertex 0.530698 6.7856 1.5
      vertex 0.530698 6.7856 0
    endloop
  endfacet
  facet normal -0.935904 -0.352255 0
    outer loop
      vertex 0.530698 6.7856 1.5
      vertex 0.761204 6.17317 0
      vertex 0.761204 6.17317 1.5
    endloop
  endfacet
  facet normal -0.995186 0.0980078 0
    outer loop
      vertex 0.02141 69.654 0
      vertex 0.0855513 70.3053 1.5
      vertex 0.0855513 70.3053 0
    endloop
  endfacet
  facet normal -0.995186 0.0980078 0
    outer loop
      vertex 0.0855513 70.3053 1.5
      vertex 0.02141 69.654 0
      vertex 0.02141 69.654 1.5
    endloop
  endfacet
  facet normal 0.0327042 0.999465 -0
    outer loop
      vertex 88.654 78.9786 0
      vertex 88 79 1.5
      vertex 88.654 78.9786 1.5
    endloop
  endfacet
  facet normal 0.0327042 0.999465 0
    outer loop
      vertex 88 79 1.5
      vertex 88.654 78.9786 0
      vertex 88 79 0
    endloop
  endfacet
  facet normal 0.0980078 -0.995186 0
    outer loop
      vertex 88.654 0.02141 0
      vertex 89.3053 0.0855513 1.5
      vertex 88.654 0.02141 1.5
    endloop
  endfacet
  facet normal 0.0980078 -0.995186 0
    outer loop
      vertex 89.3053 0.0855513 1.5
      vertex 88.654 0.02141 0
      vertex 89.3053 0.0855513 0
    endloop
  endfacet
  facet normal 0.973875 -0.227083 0
    outer loop
      vertex 97.6593 7.41181 1.5
      vertex 97.8079 8.0491 0
      vertex 97.8079 8.0491 1.5
    endloop
  endfacet
  facet normal 0.973875 -0.227083 0
    outer loop
      vertex 97.8079 8.0491 0
      vertex 97.6593 7.41181 1.5
      vertex 97.6593 7.41181 0
    endloop
  endfacet
  facet normal -0.528061 -0.849207 0
    outer loop
      vertex 4.4443 1.6853 0
      vertex 5 1.33975 1.5
      vertex 4.4443 1.6853 1.5
    endloop
  endfacet
  facet normal -0.528061 -0.849207 -0
    outer loop
      vertex 5 1.33975 1.5
      vertex 4.4443 1.6853 0
      vertex 5 1.33975 0
    endloop
  endfacet
  facet normal 0.935907 -0.352247 0
    outer loop
      vertex 97.2388 6.17317 1.5
      vertex 97.4693 6.7856 0
      vertex 97.4693 6.7856 1.5
    endloop
  endfacet
  facet normal 0.935907 -0.352247 0
    outer loop
      vertex 97.4693 6.7856 0
      vertex 97.2388 6.17317 1.5
      vertex 97.2388 6.17317 0
    endloop
  endfacet
  facet normal 0 -1 0
    outer loop
      vertex 10 0 0
      vertex 88 0 1.5
      vertex 10 0 1.5
    endloop
  endfacet
  facet normal 0 -1 -0
    outer loop
      vertex 88 0 1.5
      vertex 10 0 0
      vertex 88 0 0
    endloop
  endfacet
  facet normal -0.973877 -0.227076 0
    outer loop
      vertex 0.340741 7.41181 0
      vertex 0.192146 8.0491 1.5
      vertex 0.192146 8.0491 0
    endloop
  endfacet
  facet normal -0.973877 -0.227076 0
    outer loop
      vertex 0.192146 8.0491 1.5
      vertex 0.340741 7.41181 0
      vertex 0.340741 7.41181 1.5
    endloop
  endfacet
  facet normal -0.999465 0.0327195 0
    outer loop
      vertex 0 69 0
      vertex 0.02141 69.654 1.5
      vertex 0.02141 69.654 0
    endloop
  endfacet
  facet normal -0.999465 0.0327195 0
    outer loop
      vertex 0.02141 69.654 1.5
      vertex 0 69 0
      vertex 0 69 1.5
    endloop
  endfacet
  facet normal -0.881913 0.471413 0
    outer loop
      vertex 1.03127 73.4229 0
      vertex 1.33975 74 1.5
      vertex 1.33975 74 0
    endloop
  endfacet
  facet normal -0.881913 0.471413 0
    outer loop
      vertex 1.33975 74 1.5
      vertex 1.03127 73.4229 0
      vertex 1.03127 73.4229 1.5
    endloop
  endfacet
  facet normal 0.35227 -0.935898 0
    outer loop
      vertex 91.2144 0.530698 0
      vertex 91.8268 0.761204 1.5
      vertex 91.2144 0.530698 1.5
    endloop
  endfacet
  facet normal 0.35227 -0.935898 0
    outer loop
      vertex 91.8268 0.761204 1.5
      vertex 91.2144 0.530698 0
      vertex 91.8268 0.761204 0
    endloop
  endfacet
  facet normal 0.162904 -0.986642 0
    outer loop
      vertex 89.3053 0.0855513 0
      vertex 89.9509 0.192146 1.5
      vertex 89.3053 0.0855513 1.5
    endloop
  endfacet
  facet normal 0.162904 -0.986642 0
    outer loop
      vertex 89.9509 0.192146 1.5
      vertex 89.3053 0.0855513 0
      vertex 89.9509 0.192146 0
    endloop
  endfacet
  facet normal -0.683592 -0.729865 0
    outer loop
      vertex 2.92893 2.92893 0
      vertex 3.40654 2.4816 1.5
      vertex 2.92893 2.92893 1.5
    endloop
  endfacet
  facet normal -0.683592 -0.729865 -0
    outer loop
      vertex 3.40654 2.4816 1.5
      vertex 2.92893 2.92893 0
      vertex 3.40654 2.4816 0
    endloop
  endfacet
  facet normal -0.227076 -0.973877 0
    outer loop
      vertex 7.41181 0.340741 0
      vertex 8.0491 0.192146 1.5
      vertex 7.41181 0.340741 1.5
    endloop
  endfacet
  facet normal -0.227076 -0.973877 -0
    outer loop
      vertex 8.0491 0.192146 1.5
      vertex 7.41181 0.340741 0
      vertex 8.0491 0.192146 0
    endloop
  endfacet
  facet normal -1 0 0
    outer loop
      vertex 0 10 0
      vertex 0 69 1.5
      vertex 0 69 0
    endloop
  endfacet
  facet normal -1 -0 0
    outer loop
      vertex 0 69 1.5
      vertex 0 10 0
      vertex 0 10 1.5
    endloop
  endfacet
  facet normal 0.812824 -0.58251 0
    outer loop
      vertex 95.9335 3.91238 1.5
      vertex 96.3147 4.4443 0
      vertex 96.3147 4.4443 1.5
    endloop
  endfacet
  facet normal 0.812824 -0.58251 0
    outer loop
      vertex 96.3147 4.4443 0
      vertex 95.9335 3.91238 1.5
      vertex 95.9335 3.91238 0
    endloop
  endfacet
  facet normal -0.032718 -0.999465 0
    outer loop
      vertex 9.34597 0.02141 0
      vertex 10 0 1.5
      vertex 9.34597 0.02141 1.5
    endloop
  endfacet
  facet normal -0.032718 -0.999465 -0
    outer loop
      vertex 10 0 1.5
      vertex 9.34597 0.02141 0
      vertex 10 0 0
    endloop
  endfacet
  facet normal 0.956923 -0.290342 0
    outer loop
      vertex 97.4693 6.7856 1.5
      vertex 97.6593 7.41181 0
      vertex 97.6593 7.41181 1.5
    endloop
  endfacet
  facet normal 0.956923 -0.290342 0
    outer loop
      vertex 97.6593 7.41181 0
      vertex 97.4693 6.7856 1.5
      vertex 97.4693 6.7856 0
    endloop
  endfacet
  facet normal -0.910867 -0.4127 0
    outer loop
      vertex 1.03127 5.57711 0
      vertex 0.761204 6.17317 1.5
      vertex 0.761204 6.17317 0
    endloop
  endfacet
  facet normal -0.910867 -0.4127 0
    outer loop
      vertex 0.761204 6.17317 1.5
      vertex 1.03127 5.57711 0
      vertex 1.03127 5.57711 1.5
    endloop
  endfacet
  facet normal 0.986667 -0.162753 0
    outer loop
      vertex 97.8079 8.0491 1.5
      vertex 97.9144 8.69474 0
      vertex 97.9144 8.69474 1.5
    endloop
  endfacet
  facet normal 0.986667 -0.162753 0
    outer loop
      vertex 97.9144 8.69474 0
      vertex 97.8079 8.0491 1.5
      vertex 97.8079 8.0491 0
    endloop
  endfacet
  facet normal 0.881967 -0.471311 0
    outer loop
      vertex 96.6603 5 1.5
      vertex 96.9687 5.57711 0
      vertex 96.9687 5.57711 1.5
    endloop
  endfacet
  facet normal 0.881967 -0.471311 0
    outer loop
      vertex 96.9687 5.57711 0
      vertex 96.6603 5 1.5
      vertex 96.6603 5 0
    endloop
  endfacet
  facet normal -0.812835 0.582494 0
    outer loop
      vertex 1.6853 74.5557 0
      vertex 2.06647 75.0876 1.5
      vertex 2.06647 75.0876 0
    endloop
  endfacet
  facet normal -0.812835 0.582494 0
    outer loop
      vertex 2.06647 75.0876 1.5
      vertex 1.6853 74.5557 0
      vertex 1.6853 74.5557 1.5
    endloop
  endfacet
  facet normal 0.227073 -0.973878 0
    outer loop
      vertex 89.9509 0.192146 0
      vertex 90.5882 0.340741 1.5
      vertex 89.9509 0.192146 1.5
    endloop
  endfacet
  facet normal 0.227073 -0.973878 0
    outer loop
      vertex 90.5882 0.340741 1.5
      vertex 89.9509 0.192146 0
      vertex 90.5882 0.340741 0
    endloop
  endfacet
  facet normal -0.290342 0.956923 0
    outer loop
      vertex 7.41181 78.6593 0
      vertex 6.7856 78.4693 1.5
      vertex 7.41181 78.6593 1.5
    endloop
  endfacet
  facet normal -0.290342 0.956923 0
    outer loop
      vertex 6.7856 78.4693 1.5
      vertex 7.41181 78.6593 0
      vertex 6.7856 78.4693 0
    endloop
  endfacet
  facet normal 0.910847 -0.412743 0
    outer loop
      vertex 96.9687 5.57711 1.5
      vertex 97.2388 6.17317 0
      vertex 97.2388 6.17317 1.5
    endloop
  endfacet
  facet normal 0.910847 -0.412743 0
    outer loop
      vertex 97.2388 6.17317 0
      vertex 96.9687 5.57711 1.5
      vertex 96.9687 5.57711 0
    endloop
  endfacet
  facet normal -0.0980183 -0.995185 0
    outer loop
      vertex 8.69474 0.0855513 0
      vertex 9.34597 0.02141 1.5
      vertex 8.69474 0.0855513 1.5
    endloop
  endfacet
  facet normal -0.0980183 -0.995185 -0
    outer loop
      vertex 9.34597 0.02141 1.5
      vertex 8.69474 0.0855513 0
      vertex 9.34597 0.02141 0
    endloop
  endfacet
  facet normal 0.956922 0.290347 0
    outer loop
      vertex 97.6593 71.5882 1.5
      vertex 97.4693 72.2144 0
      vertex 97.4693 72.2144 1.5
    endloop
  endfacet
  facet normal 0.956922 0.290347 0
    outer loop
      vertex 97.4693 72.2144 0
      vertex 97.6593 71.5882 1.5
      vertex 97.6593 71.5882 0
    endloop
  endfacet
  facet normal 0.683599 -0.729857 0
    outer loop
      vertex 94.5935 2.4816 0
      vertex 95.0711 2.92893 1.5
      vertex 94.5935 2.4816 1.5
    endloop
  endfacet
  facet normal 0.683599 -0.729857 0
    outer loop
      vertex 95.0711 2.92893 1.5
      vertex 94.5935 2.4816 0
      vertex 95.0711 2.92893 0
    endloop
  endfacet
  facet normal -0.973878 0.227073 0
    outer loop
      vertex 0.192146 70.9509 0
      vertex 0.340741 71.5882 1.5
      vertex 0.340741 71.5882 0
    endloop
  endfacet
  facet normal -0.973878 0.227073 0
    outer loop
      vertex 0.340741 71.5882 1.5
      vertex 0.192146 70.9509 0
      vertex 0.192146 70.9509 1.5
    endloop
  endfacet
  facet normal -0.528116 0.849172 0
    outer loop
      vertex 5 77.6603 0
      vertex 4.4443 77.3147 1.5
      vertex 5 77.6603 1.5
    endloop
  endfacet
  facet normal -0.528116 0.849172 0
    outer loop
      vertex 4.4443 77.3147 1.5
      vertex 5 77.6603 0
      vertex 4.4443 77.3147 0
    endloop
  endfacet
  facet normal -0.849207 -0.528061 0
    outer loop
      vertex 1.6853 4.4443 0
      vertex 1.33975 5 1.5
      vertex 1.33975 5 0
    endloop
  endfacet
  facet normal -0.849207 -0.528061 0
    outer loop
      vertex 1.33975 5 1.5
      vertex 1.6853 4.4443 0
      vertex 1.6853 4.4443 1.5
    endloop
  endfacet
  facet normal -0.729865 -0.683592 0
    outer loop
      vertex 2.92893 2.92893 0
      vertex 2.4816 3.40654 1.5
      vertex 2.4816 3.40654 0
    endloop
  endfacet
  facet normal -0.729865 -0.683592 0
    outer loop
      vertex 2.4816 3.40654 1.5
      vertex 2.92893 2.92893 0
      vertex 2.92893 2.92893 1.5
    endloop
  endfacet
  facet normal 0.999465 0.0327042 0
    outer loop
      vertex 98 69 1.5
      vertex 97.9786 69.654 0
      vertex 97.9786 69.654 1.5
    endloop
  endfacet
  facet normal 0.999465 0.0327042 0
    outer loop
      vertex 97.9786 69.654 0
      vertex 98 69 1.5
      vertex 98 69 0
    endloop
  endfacet
  facet normal 0.162763 0.986665 -0
    outer loop
      vertex 89.9509 78.8079 0
      vertex 89.3053 78.9144 1.5
      vertex 89.9509 78.8079 1.5
    endloop
  endfacet
  facet normal 0.162763 0.986665 0
    outer loop
      vertex 89.3053 78.9144 1.5
      vertex 89.9509 78.8079 0
      vertex 89.3053 78.9144 0
    endloop
  endfacet
  facet normal 0 1 -0
    outer loop
      vertex 88 79 0
      vertex 10 79 1.5
      vertex 88 79 1.5
    endloop
  endfacet
  facet normal 0 1 0
    outer loop
      vertex 10 79 1.5
      vertex 88 79 0
      vertex 10 79 0
    endloop
  endfacet
  facet normal 0.995176 -0.0981071 0
    outer loop
      vertex 97.9144 8.69474 1.5
      vertex 97.9786 9.34597 0
      vertex 97.9786 9.34597 1.5
    endloop
  endfacet
  facet normal 0.995176 -0.0981071 0
    outer loop
      vertex 97.9786 9.34597 0
      vertex 97.9144 8.69474 1.5
      vertex 97.9144 8.69474 0
    endloop
  endfacet
  facet normal -0.773012 -0.634391 0
    outer loop
      vertex 2.4816 3.40654 0
      vertex 2.06647 3.91238 1.5
      vertex 2.06647 3.91238 0
    endloop
  endfacet
  facet normal -0.773012 -0.634391 0
    outer loop
      vertex 2.06647 3.91238 1.5
      vertex 2.4816 3.40654 0
      vertex 2.4816 3.40654 1.5
    endloop
  endfacet
  facet normal 0.0327195 -0.999465 0
    outer loop
      vertex 88 0 0
      vertex 88.654 0.02141 1.5
      vertex 88 0 1.5
    endloop
  endfacet
  facet normal 0.0327195 -0.999465 0
    outer loop
      vertex 88.654 0.02141 1.5
      vertex 88 0 0
      vertex 88.654 0.02141 0
    endloop
  endfacet
  facet normal 0.729887 -0.683567 0
    outer loop
      vertex 95.0711 2.92893 1.5
      vertex 95.5184 3.40654 0
      vertex 95.5184 3.40654 1.5
    endloop
  endfacet
  facet normal 0.729887 -0.683567 0
    outer loop
      vertex 95.5184 3.40654 0
      vertex 95.0711 2.92893 1.5
      vertex 95.0711 2.92893 0
    endloop
  endfacet
  facet normal -0.729857 0.683599 0
    outer loop
      vertex 2.4816 75.5935 0
      vertex 2.92893 76.0711 1.5
      vertex 2.92893 76.0711 0
    endloop
  endfacet
  facet normal -0.729857 0.683599 0
    outer loop
      vertex 2.92893 76.0711 1.5
      vertex 2.4816 75.5935 0
      vertex 2.4816 75.5935 1.5
    endloop
  endfacet
  facet normal -0.412743 0.910847 0
    outer loop
      vertex 6.17317 78.2388 0
      vertex 5.57711 77.9687 1.5
      vertex 6.17317 78.2388 1.5
    endloop
  endfacet
  facet normal -0.412743 0.910847 0
    outer loop
      vertex 5.57711 77.9687 1.5
      vertex 6.17317 78.2388 0
      vertex 5.57711 77.9687 0
    endloop
  endfacet
  facet normal 0.849172 0.528116 0
    outer loop
      vertex 96.6603 74 1.5
      vertex 96.3147 74.5557 0
      vertex 96.3147 74.5557 1.5
    endloop
  endfacet
  facet normal 0.849172 0.528116 0
    outer loop
      vertex 96.3147 74.5557 0
      vertex 96.6603 74 1.5
      vertex 96.6603 74 0
    endloop
  endfacet
  facet normal -0.956941 -0.290282 0
    outer loop
      vertex 0.530698 6.7856 0
      vertex 0.340741 7.41181 1.5
      vertex 0.340741 7.41181 0
    endloop
  endfacet
  facet normal -0.956941 -0.290282 0
    outer loop
      vertex 0.340741 7.41181 1.5
      vertex 0.530698 6.7856 0
      vertex 0.530698 6.7856 1.5
    endloop
  endfacet
  facet normal 0.41272 0.910858 -0
    outer loop
      vertex 92.4229 77.9687 0
      vertex 91.8268 78.2388 1.5
      vertex 92.4229 77.9687 1.5
    endloop
  endfacet
  facet normal 0.41272 0.910858 0
    outer loop
      vertex 91.8268 78.2388 1.5
      vertex 92.4229 77.9687 0
      vertex 91.8268 78.2388 0
    endloop
  endfacet
  facet normal -0.812846 -0.582479 0
    outer loop
      vertex 2.06647 3.91238 0
      vertex 1.6853 4.4443 1.5
      vertex 1.6853 4.4443 0
    endloop
  endfacet
  facet normal -0.812846 -0.582479 0
    outer loop
      vertex 1.6853 4.4443 1.5
      vertex 2.06647 3.91238 0
      vertex 2.06647 3.91238 1.5
    endloop
  endfacet
  facet normal -0.986642 0.162904 0
    outer loop
      vertex 0.0855513 70.3053 0
      vertex 0.192146 70.9509 1.5
      vertex 0.192146 70.9509 0
    endloop
  endfacet
  facet normal -0.986642 0.162904 0
    outer loop
      vertex 0.192146 70.9509 1.5
      vertex 0.0855513 70.3053 0
      vertex 0.0855513 70.3053 1.5
    endloop
  endfacet
  facet normal -0.910877 0.412677 0
    outer loop
      vertex 0.761204 72.8268 0
      vertex 1.03127 73.4229 1.5
      vertex 1.03127 73.4229 0
    endloop
  endfacet
  facet normal -0.910877 0.412677 0
    outer loop
      vertex 1.03127 73.4229 1.5
      vertex 0.761204 72.8268 0
      vertex 0.761204 72.8268 1.5
    endloop
  endfacet
  facet normal 0.881963 0.471318 0
    outer loop
      vertex 96.9687 73.4229 1.5
      vertex 96.6603 74 0
      vertex 96.6603 74 1.5
    endloop
  endfacet
  facet normal 0.881963 0.471318 0
    outer loop
      vertex 96.6603 74 0
      vertex 96.9687 73.4229 1.5
      vertex 96.9687 73.4229 0
    endloop
  endfacet
  facet normal 0.72988 0.683575 0
    outer loop
      vertex 95.5184 75.5935 1.5
      vertex 95.0711 76.0711 0
      vertex 95.0711 76.0711 1.5
    endloop
  endfacet
  facet normal 0.72988 0.683575 0
    outer loop
      vertex 95.0711 76.0711 0
      vertex 95.5184 75.5935 1.5
      vertex 95.5184 75.5935 0
    endloop
  endfacet
  facet normal -0.634391 -0.773012 0
    outer loop
      vertex 3.40654 2.4816 0
      vertex 3.91238 2.06647 1.5
      vertex 3.40654 2.4816 1.5
    endloop
  endfacet
  facet normal -0.634391 -0.773012 -0
    outer loop
      vertex 3.91238 2.06647 1.5
      vertex 3.40654 2.4816 0
      vertex 3.91238 2.06647 0
    endloop
  endfacet
  facet normal 0.528116 0.849172 -0
    outer loop
      vertex 93.5557 77.3147 0
      vertex 93 77.6603 1.5
      vertex 93.5557 77.3147 1.5
    endloop
  endfacet
  facet normal 0.528116 0.849172 0
    outer loop
      vertex 93 77.6603 1.5
      vertex 93.5557 77.3147 0
      vertex 93 77.6603 0
    endloop
  endfacet
  facet normal 0.849172 -0.528116 0
    outer loop
      vertex 96.3147 4.4443 1.5
      vertex 96.6603 5 0
      vertex 96.6603 5 1.5
    endloop
  endfacet
  facet normal 0.849172 -0.528116 0
    outer loop
      vertex 96.6603 5 0
      vertex 96.3147 4.4443 1.5
      vertex 96.3147 4.4443 0
    endloop
  endfacet
  facet normal 1 -0 0
    outer loop
      vertex 98 10 1.5
      vertex 98 69 0
      vertex 98 69 1.5
    endloop
  endfacet
  facet normal 1 0 0
    outer loop
      vertex 98 69 0
      vertex 98 10 1.5
      vertex 98 10 0
    endloop
  endfacet
  facet normal -0.352247 0.935907 0
    outer loop
      vertex 6.7856 78.4693 0
      vertex 6.17317 78.2388 1.5
      vertex 6.7856 78.4693 1.5
    endloop
  endfacet
  facet normal -0.352247 0.935907 0
    outer loop
      vertex 6.17317 78.2388 1.5
      vertex 6.7856 78.4693 0
      vertex 6.17317 78.2388 0
    endloop
  endfacet
  facet normal 0.582494 -0.812835 0
    outer loop
      vertex 93.5557 1.6853 0
      vertex 94.0876 2.06647 1.5
      vertex 93.5557 1.6853 1.5
    endloop
  endfacet
  facet normal 0.582494 -0.812835 0
    outer loop
      vertex 94.0876 2.06647 1.5
      vertex 93.5557 1.6853 0
      vertex 94.0876 2.06647 0
    endloop
  endfacet
  facet normal 0.773035 -0.634364 0
    outer loop
      vertex 95.5184 3.40654 1.5
      vertex 95.9335 3.91238 0
      vertex 95.9335 3.91238 1.5
    endloop
  endfacet
  facet normal 0.773035 -0.634364 0
    outer loop
      vertex 95.9335 3.91238 0
      vertex 95.5184 3.40654 1.5
      vertex 95.5184 3.40654 0
    endloop
  endfacet
  facet normal -0.995185 -0.0980183 0
    outer loop
      vertex 0.0855513 8.69474 0
      vertex 0.02141 9.34597 1.5
      vertex 0.02141 9.34597 0
    endloop
  endfacet
  facet normal -0.995185 -0.0980183 0
    outer loop
      vertex 0.02141 9.34597 1.5
      vertex 0.0855513 8.69474 0
      vertex 0.0855513 8.69474 1.5
    endloop
  endfacet
  facet normal -0.986644 -0.162894 0
    outer loop
      vertex 0.192146 8.0491 0
      vertex 0.0855513 8.69474 1.5
      vertex 0.0855513 8.69474 0
    endloop
  endfacet
  facet normal -0.986644 -0.162894 0
    outer loop
      vertex 0.0855513 8.69474 1.5
      vertex 0.192146 8.0491 0
      vertex 0.192146 8.0491 1.5
    endloop
  endfacet
  facet normal 0.290287 -0.95694 0
    outer loop
      vertex 90.5882 0.340741 0
      vertex 91.2144 0.530698 1.5
      vertex 90.5882 0.340741 1.5
    endloop
  endfacet
  facet normal 0.290287 -0.95694 0
    outer loop
      vertex 91.2144 0.530698 1.5
      vertex 90.5882 0.340741 0
      vertex 91.2144 0.530698 0
    endloop
  endfacet
  facet normal -0.471407 -0.881916 0
    outer loop
      vertex 5 1.33975 0
      vertex 5.57711 1.03127 1.5
      vertex 5 1.33975 1.5
    endloop
  endfacet
  facet normal -0.471407 -0.881916 -0
    outer loop
      vertex 5.57711 1.03127 1.5
      vertex 5 1.33975 0
      vertex 5.57711 1.03127 0
    endloop
  endfacet
  facet normal 0.634346 -0.773049 0
    outer loop
      vertex 94.0876 2.06647 0
      vertex 94.5935 2.4816 1.5
      vertex 94.0876 2.06647 1.5
    endloop
  endfacet
  facet normal 0.634346 -0.773049 0
    outer loop
      vertex 94.5935 2.4816 1.5
      vertex 94.0876 2.06647 0
      vertex 94.5935 2.4816 0
    endloop
  endfacet
  facet normal -0.773049 0.634346 0
    outer loop
      vertex 2.06647 75.0876 0
      vertex 2.4816 75.5935 1.5
      vertex 2.4816 75.5935 0
    endloop
  endfacet
  facet normal -0.773049 0.634346 0
    outer loop
      vertex 2.4816 75.5935 1.5
      vertex 2.06647 75.0876 0
      vertex 2.06647 75.0876 1.5
    endloop
  endfacet
  facet normal -0.582479 -0.812846 0
    outer loop
      vertex 3.91238 2.06647 0
      vertex 4.4443 1.6853 1.5
      vertex 3.91238 2.06647 1.5
    endloop
  endfacet
  facet normal -0.582479 -0.812846 -0
    outer loop
      vertex 4.4443 1.6853 1.5
      vertex 3.91238 2.06647 0
      vertex 4.4443 1.6853 0
    endloop
  endfacet
  facet normal -0.999465 -0.032718 0
    outer loop
      vertex 0.02141 9.34597 0
      vertex 0 10 1.5
      vertex 0 10 0
    endloop
  endfacet
  facet normal -0.999465 -0.032718 0
    outer loop
      vertex 0 10 1.5
      vertex 0.02141 9.34597 0
      vertex 0.02141 9.34597 1.5
    endloop
  endfacet
  facet normal -0.58251 0.812824 0
    outer loop
      vertex 4.4443 77.3147 0
      vertex 3.91238 76.9335 1.5
      vertex 4.4443 77.3147 1.5
    endloop
  endfacet
  facet normal -0.58251 0.812824 0
    outer loop
      vertex 3.91238 76.9335 1.5
      vertex 4.4443 77.3147 0
      vertex 3.91238 76.9335 0
    endloop
  endfacet
  facet normal -0.881916 -0.471407 0
    outer loop
      vertex 1.33975 5 0
      vertex 1.03127 5.57711 1.5
      vertex 1.03127 5.57711 0
    endloop
  endfacet
  facet normal -0.881916 -0.471407 0
    outer loop
      vertex 1.03127 5.57711 1.5
      vertex 1.33975 5 0
      vertex 1.33975 5 1.5
    endloop
  endfacet
  facet normal -0.352255 -0.935904 0
    outer loop
      vertex 6.17317 0.761204 0
      vertex 6.7856 0.530698 1.5
      vertex 6.17317 0.761204 1.5
    endloop
  endfacet
  facet normal -0.352255 -0.935904 -0
    outer loop
      vertex 6.7856 0.530698 1.5
      vertex 6.17317 0.761204 0
      vertex 6.7856 0.530698 0
    endloop
  endfacet
  facet normal 0.683575 0.72988 -0
    outer loop
      vertex 95.0711 76.0711 0
      vertex 94.5935 76.5184 1.5
      vertex 95.0711 76.0711 1.5
    endloop
  endfacet
  facet normal 0.683575 0.72988 0
    outer loop
      vertex 94.5935 76.5184 1.5
      vertex 95.0711 76.0711 0
      vertex 94.5935 76.5184 0
    endloop
  endfacet
  facet normal 0.935901 0.352262 0
    outer loop
      vertex 97.4693 72.2144 1.5
      vertex 97.2388 72.8268 0
      vertex 97.2388 72.8268 1.5
    endloop
  endfacet
  facet normal 0.935901 0.352262 0
    outer loop
      vertex 97.2388 72.8268 0
      vertex 97.4693 72.2144 1.5
      vertex 97.4693 72.2144 0
    endloop
  endfacet
  facet normal 0.0980967 0.995177 -0
    outer loop
      vertex 89.3053 78.9144 0
      vertex 88.654 78.9786 1.5
      vertex 89.3053 78.9144 1.5
    endloop
  endfacet
  facet normal 0.0980967 0.995177 0
    outer loop
      vertex 88.654 78.9786 1.5
      vertex 89.3053 78.9144 0
      vertex 88.654 78.9786 0
    endloop
  endfacet
  facet normal -0.683567 0.729887 0
    outer loop
      vertex 3.40654 76.5184 0
      vertex 2.92893 76.0711 1.5
      vertex 3.40654 76.5184 1.5
    endloop
  endfacet
  facet normal -0.683567 0.729887 0
    outer loop
      vertex 2.92893 76.0711 1.5
      vertex 3.40654 76.5184 0
      vertex 2.92893 76.0711 0
    endloop
  endfacet
  facet normal 0.528061 -0.849207 0
    outer loop
      vertex 93 1.33975 0
      vertex 93.5557 1.6853 1.5
      vertex 93 1.33975 1.5
    endloop
  endfacet
  facet normal 0.528061 -0.849207 0
    outer loop
      vertex 93.5557 1.6853 1.5
      vertex 93 1.33975 0
      vertex 93.5557 1.6853 0
    endloop
  endfacet
  facet normal 0.973876 0.22708 0
    outer loop
      vertex 97.8079 70.9509 1.5
      vertex 97.6593 71.5882 0
      vertex 97.6593 71.5882 1.5
    endloop
  endfacet
  facet normal 0.973876 0.22708 0
    outer loop
      vertex 97.6593 71.5882 0
      vertex 97.8079 70.9509 1.5
      vertex 97.8079 70.9509 0
    endloop
  endfacet
  facet normal 0.412677 -0.910877 0
    outer loop
      vertex 91.8268 0.761204 0
      vertex 92.4229 1.03127 1.5
      vertex 91.8268 0.761204 1.5
    endloop
  endfacet
  facet normal 0.412677 -0.910877 0
    outer loop
      vertex 92.4229 1.03127 1.5
      vertex 91.8268 0.761204 0
      vertex 92.4229 1.03127 0
    endloop
  endfacet
  facet normal 0.910858 0.41272 0
    outer loop
      vertex 97.2388 72.8268 1.5
      vertex 96.9687 73.4229 0
      vertex 96.9687 73.4229 1.5
    endloop
  endfacet
  facet normal 0.910858 0.41272 0
    outer loop
      vertex 96.9687 73.4229 0
      vertex 97.2388 72.8268 1.5
      vertex 97.2388 72.8268 0
    endloop
  endfacet
  facet normal -0.0327027 0.999465 0
    outer loop
      vertex 10 79 0
      vertex 9.34597 78.9786 1.5
      vertex 10 79 1.5
    endloop
  endfacet
  facet normal -0.0327027 0.999465 0
    outer loop
      vertex 9.34597 78.9786 1.5
      vertex 10 79 0
      vertex 9.34597 78.9786 0
    endloop
  endfacet
  facet normal -0.4127 -0.910867 0
    outer loop
      vertex 5.57711 1.03127 0
      vertex 6.17317 0.761204 1.5
      vertex 5.57711 1.03127 1.5
    endloop
  endfacet
  facet normal -0.4127 -0.910867 -0
    outer loop
      vertex 6.17317 0.761204 1.5
      vertex 5.57711 1.03127 0
      vertex 6.17317 0.761204 0
    endloop
  endfacet
  facet normal -0.162894 -0.986644 0
    outer loop
      vertex 8.0491 0.192146 0
      vertex 8.69474 0.0855513 1.5
      vertex 8.0491 0.192146 1.5
    endloop
  endfacet
  facet normal -0.162894 -0.986644 -0
    outer loop
      vertex 8.69474 0.0855513 1.5
      vertex 8.0491 0.192146 0
      vertex 8.69474 0.0855513 0
    endloop
  endfacet
  facet normal -0.849207 0.528061 0
    outer loop
      vertex 1.33975 74 0
      vertex 1.6853 74.5557 1.5
      vertex 1.6853 74.5557 0
    endloop
  endfacet
  facet normal -0.849207 0.528061 0
    outer loop
      vertex 1.6853 74.5557 1.5
      vertex 1.33975 74 0
      vertex 1.33975 74 1.5
    endloop
  endfacet
  facet normal -0.471311 0.881967 0
    outer loop
      vertex 5.57711 77.9687 0
      vertex 5 77.6603 1.5
      vertex 5.57711 77.9687 1.5
    endloop
  endfacet
  facet normal -0.471311 0.881967 0
    outer loop
      vertex 5 77.6603 1.5
      vertex 5.57711 77.9687 0
      vertex 5 77.6603 0
    endloop
  endfacet
  facet normal -0.162753 0.986667 0
    outer loop
      vertex 8.69474 78.9144 0
      vertex 8.0491 78.8079 1.5
      vertex 8.69474 78.9144 1.5
    endloop
  endfacet
  facet normal -0.162753 0.986667 0
    outer loop
      vertex 8.0491 78.8079 1.5
      vertex 8.69474 78.9144 0
      vertex 8.0491 78.8079 0
    endloop
  endfacet
  facet normal 0.812814 0.582524 0
    outer loop
      vertex 96.3147 74.5557 1.5
      vertex 95.9335 75.0876 0
      vertex 95.9335 75.0876 1.5
    endloop
  endfacet
  facet normal 0.812814 0.582524 0
    outer loop
      vertex 95.9335 75.0876 0
      vertex 96.3147 74.5557 1.5
      vertex 96.3147 74.5557 0
    endloop
  endfacet
  facet normal 0.22708 0.973876 -0
    outer loop
      vertex 90.5882 78.6593 0
      vertex 89.9509 78.8079 1.5
      vertex 90.5882 78.6593 1.5
    endloop
  endfacet
  facet normal 0.22708 0.973876 0
    outer loop
      vertex 89.9509 78.8079 1.5
      vertex 90.5882 78.6593 0
      vertex 89.9509 78.8079 0
    endloop
  endfacet
  facet normal 0.290347 0.956922 -0
    outer loop
      vertex 91.2144 78.4693 0
      vertex 90.5882 78.6593 1.5
      vertex 91.2144 78.4693 1.5
    endloop
  endfacet
  facet normal 0.290347 0.956922 0
    outer loop
      vertex 90.5882 78.6593 1.5
      vertex 91.2144 78.4693 0
      vertex 90.5882 78.6593 0
    endloop
  endfacet
  facet normal 0.634319 0.773071 -0
    outer loop
      vertex 94.5935 76.5184 0
      vertex 94.0876 76.9335 1.5
      vertex 94.5935 76.5184 1.5
    endloop
  endfacet
  facet normal 0.634319 0.773071 0
    outer loop
      vertex 94.0876 76.9335 1.5
      vertex 94.5935 76.5184 0
      vertex 94.0876 76.9335 0
    endloop
  endfacet
  facet normal 0.471413 -0.881913 0
    outer loop
      vertex 92.4229 1.03127 0
      vertex 93 1.33975 1.5
      vertex 92.4229 1.03127 1.5
    endloop
  endfacet
  facet normal 0.471413 -0.881913 0
    outer loop
      vertex 93 1.33975 1.5
      vertex 92.4229 1.03127 0
      vertex 93 1.33975 0
    endloop
  endfacet
  facet normal 0.773071 0.634319 0
    outer loop
      vertex 95.9335 75.0876 1.5
      vertex 95.5184 75.5935 0
      vertex 95.5184 75.5935 1.5
    endloop
  endfacet
  facet normal 0.773071 0.634319 0
    outer loop
      vertex 95.5184 75.5935 0
      vertex 95.9335 75.0876 1.5
      vertex 95.9335 75.0876 0
    endloop
  endfacet
  facet normal -0.0981071 0.995176 0
    outer loop
      vertex 9.34597 78.9786 0
      vertex 8.69474 78.9144 1.5
      vertex 9.34597 78.9786 1.5
    endloop
  endfacet
  facet normal -0.0981071 0.995176 0
    outer loop
      vertex 8.69474 78.9144 1.5
      vertex 9.34597 78.9786 0
      vertex 8.69474 78.9144 0
    endloop
  endfacet
  facet normal 0.986665 0.162763 0
    outer loop
      vertex 97.9144 70.3053 1.5
      vertex 97.8079 70.9509 0
      vertex 97.8079 70.9509 1.5
    endloop
  endfacet
  facet normal 0.986665 0.162763 0
    outer loop
      vertex 97.8079 70.9509 0
      vertex 97.9144 70.3053 1.5
      vertex 97.9144 70.3053 0
    endloop
  endfacet
  facet normal 0.995177 0.0980967 0
    outer loop
      vertex 97.9786 69.654 1.5
      vertex 97.9144 70.3053 0
      vertex 97.9144 70.3053 1.5
    endloop
  endfacet
  facet normal 0.995177 0.0980967 0
    outer loop
      vertex 97.9144 70.3053 0
      vertex 97.9786 69.654 1.5
      vertex 97.9786 69.654 0
    endloop
  endfacet
  facet normal -0.935898 0.35227 0
    outer loop
      vertex 0.530698 72.2144 0
      vertex 0.761204 72.8268 1.5
      vertex 0.761204 72.8268 0
    endloop
  endfacet
  facet normal -0.935898 0.35227 0
    outer loop
      vertex 0.761204 72.8268 1.5
      vertex 0.530698 72.2144 0
      vertex 0.530698 72.2144 1.5
    endloop
  endfacet
  facet normal 0.582524 0.812814 -0
    outer loop
      vertex 94.0876 76.9335 0
      vertex 93.5557 77.3147 1.5
      vertex 94.0876 76.9335 1.5
    endloop
  endfacet
  facet normal 0.582524 0.812814 0
    outer loop
      vertex 93.5557 77.3147 1.5
      vertex 94.0876 76.9335 0
      vertex 93.5557 77.3147 0
    endloop
  endfacet
  facet normal 0.352262 0.935901 -0
    outer loop
      vertex 91.8268 78.2388 0
      vertex 91.2144 78.4693 1.5
      vertex 91.8268 78.2388 1.5
    endloop
  endfacet
  facet normal 0.352262 0.935901 0
    outer loop
      vertex 91.2144 78.4693 1.5
      vertex 91.8268 78.2388 0
      vertex 91.2144 78.4693 0
    endloop
  endfacet
  facet normal -0.95694 0.290287 0
    outer loop
      vertex 0.340741 71.5882 0
      vertex 0.530698 72.2144 1.5
      vertex 0.530698 72.2144 0
    endloop
  endfacet
  facet normal -0.95694 0.290287 0
    outer loop
      vertex 0.530698 72.2144 1.5
      vertex 0.340741 71.5882 0
      vertex 0.340741 71.5882 1.5
    endloop
  endfacet
  facet normal -0.227083 0.973875 0
    outer loop
      vertex 8.0491 78.8079 0
      vertex 7.41181 78.6593 1.5
      vertex 8.0491 78.8079 1.5
    endloop
  endfacet
  facet normal -0.227083 0.973875 0
    outer loop
      vertex 7.41181 78.6593 1.5
      vertex 8.0491 78.8079 0
      vertex 7.41181 78.6593 0
    endloop
  endfacet
  facet normal -0 0 1
    outer loop
      vertex 34.8244 35.0327 1.5
      vertex 35.78 26.5 1.5
      vertex 34.8244 53.9673 1.5
    endloop
  endfacet
  facet normal 0 0 1
    outer loop
      vertex 35.78 26.5 1.5
      vertex 34.8244 35.0327 1.5
      vertex 34.8255 35 1.5
    endloop
  endfacet
  facet normal -0 0 1
    outer loop
      vertex 34.8212 53.9347 1.5
      vertex 34.8244 35.0327 1.5
      vertex 34.8244 53.9673 1.5
    endloop
  endfacet
  facet normal 0 0 1
    outer loop
      vertex 34.8212 53.9347 1.5
      vertex 34.8212 35.0653 1.5
      vertex 34.8244 35.0327 1.5
    endloop
  endfacet
  facet normal -0 0 1
    outer loop
      vertex 34.8159 53.9025 1.5
      vertex 34.8212 35.0653 1.5
      vertex 34.8212 53.9347 1.5
    endloop
  endfacet
  facet normal 0 0 1
    outer loop
      vertex 34.8159 53.9025 1.5
      vertex 34.8159 35.0975 1.5
      vertex 34.8212 35.0653 1.5
    endloop
  endfacet
  facet normal -0 0 1
    outer loop
      vertex 34.8085 53.8706 1.5
      vertex 34.8159 35.0975 1.5
      vertex 34.8159 53.9025 1.5
    endloop
  endfacet
  facet normal 0 0 1
    outer loop
      vertex 34.8085 53.8706 1.5
      vertex 34.8085 35.1294 1.5
      vertex 34.8159 35.0975 1.5
    endloop
  endfacet
  facet normal -0 0 1
    outer loop
      vertex 34.799 53.8393 1.5
      vertex 34.8085 35.1294 1.5
      vertex 34.8085 53.8706 1.5
    endloop
  endfacet
  facet normal 0 0 1
    outer loop
      vertex 34.799 53.8393 1.5
      vertex 34.799 35.1607 1.5
      vertex 34.8085 35.1294 1.5
    endloop
  endfacet
  facet normal -0 0 1
    outer loop
      vertex 34.7875 53.8087 1.5
      vertex 34.799 35.1607 1.5
      vertex 34.799 53.8393 1.5
    endloop
  endfacet
  facet normal 0 0 1
    outer loop
      vertex 34.7875 53.8087 1.5
      vertex 34.7875 35.1913 1.5
      vertex 34.799 35.1607 1.5
    endloop
  endfacet
  facet normal -0 0 1
    outer loop
      vertex 34.774 53.7789 1.5
      vertex 34.7875 35.1913 1.5
      vertex 34.7875 53.8087 1.5
    endloop
  endfacet
  facet normal 0 0 1
    outer loop
      vertex 34.774 53.7789 1.5
      vertex 34.774 35.2211 1.5
      vertex 34.7875 35.1913 1.5
    endloop
  endfacet
  facet normal -0 0 1
    outer loop
      vertex 34.7585 53.75 1.5
      vertex 34.774 35.2211 1.5
      vertex 34.774 53.7789 1.5
    endloop
  endfacet
  facet normal 0 0 1
    outer loop
      vertex 34.7585 53.75 1.5
      vertex 34.7585 35.25 1.5
      vertex 34.774 35.2211 1.5
    endloop
  endfacet
  facet normal 0 0 1
    outer loop
      vertex 32.28 44.5 1.5
      vertex 34.7585 53.75 1.5
      vertex 34.7413 53.7222 1.5
    endloop
  endfacet
  facet normal 0 0 1
    outer loop
      vertex 34.7585 53.75 1.5
      vertex 32.28 44.5 1.5
      vertex 34.7585 35.25 1.5
    endloop
  endfacet
  facet normal 0 0 1
    outer loop
      vertex 32.2789 44.5327 1.5
      vertex 34.7413 53.7222 1.5
      vertex 34.7222 53.6956 1.5
    endloop
  endfacet
  facet normal 0 0 1
    outer loop
      vertex 34.7585 35.25 1.5
      vertex 32.28 44.5 1.5
      vertex 34.7413 35.2778 1.5
    endloop
  endfacet
  facet normal 0 0 1
    outer loop
      vertex 32.2757 44.5653 1.5
      vertex 34.7222 53.6956 1.5
      vertex 34.7014 53.6703 1.5
    endloop
  endfacet
  facet normal -0 0 1
    outer loop
      vertex 32.2789 44.4673 1.5
      vertex 34.7413 35.2778 1.5
      vertex 32.28 44.5 1.5
    endloop
  endfacet
  facet normal 0 0 1
    outer loop
      vertex 32.2704 44.5975 1.5
      vertex 34.7014 53.6703 1.5
      vertex 34.6791 53.6464 1.5
    endloop
  endfacet
  facet normal 0 0 1
    outer loop
      vertex 34.7413 35.2778 1.5
      vertex 32.2789 44.4673 1.5
      vertex 34.7222 35.3044 1.5
    endloop
  endfacet
  facet normal 0 0 1
    outer loop
      vertex 32.263 44.6294 1.5
      vertex 34.6791 53.6464 1.5
      vertex 34.6552 53.6241 1.5
    endloop
  endfacet
  facet normal -0 0 1
    outer loop
      vertex 32.2757 44.4347 1.5
      vertex 34.7222 35.3044 1.5
      vertex 32.2789 44.4673 1.5
    endloop
  endfacet
  facet normal 0 0 1
    outer loop
      vertex 32.2535 44.6607 1.5
      vertex 34.6552 53.6241 1.5
      vertex 34.6299 53.6033 1.5
    endloop
  endfacet
  facet normal 0 0 1
    outer loop
      vertex 34.7222 35.3044 1.5
      vertex 32.2757 44.4347 1.5
      vertex 34.7014 35.3297 1.5
    endloop
  endfacet
  facet normal 0 0 1
    outer loop
      vertex 32.2419 44.6913 1.5
      vertex 34.6299 53.6033 1.5
      vertex 34.6033 53.5843 1.5
    endloop
  endfacet
  facet normal -0 0 1
    outer loop
      vertex 32.2704 44.4025 1.5
      vertex 34.7014 35.3297 1.5
      vertex 32.2757 44.4347 1.5
    endloop
  endfacet
  facet normal 0 0 1
    outer loop
      vertex 32.2284 44.7211 1.5
      vertex 34.6033 53.5843 1.5
      vertex 34.5755 53.567 1.5
    endloop
  endfacet
  facet normal 0 0 1
    outer loop
      vertex 34.7014 35.3297 1.5
      vertex 32.2704 44.4025 1.5
      vertex 34.6791 35.3536 1.5
    endloop
  endfacet
  facet normal 0 0 1
    outer loop
      vertex 32.213 44.75 1.5
      vertex 34.5755 53.567 1.5
      vertex 34.5467 53.5516 1.5
    endloop
  endfacet
  facet normal -0 0 1
    outer loop
      vertex 32.263 44.3706 1.5
      vertex 34.6791 35.3536 1.5
      vertex 32.2704 44.4025 1.5
    endloop
  endfacet
  facet normal 0 0 1
    outer loop
      vertex 32.1957 44.7778 1.5
      vertex 34.5467 53.5516 1.5
      vertex 34.5169 53.5381 1.5
    endloop
  endfacet
  facet normal 0 0 1
    outer loop
      vertex 34.6791 35.3536 1.5
      vertex 32.263 44.3706 1.5
      vertex 34.6552 35.3759 1.5
    endloop
  endfacet
  facet normal 0 0 1
    outer loop
      vertex 32.1767 44.8044 1.5
      vertex 34.5169 53.5381 1.5
      vertex 34.4862 53.5265 1.5
    endloop
  endfacet
  facet normal -0 0 1
    outer loop
      vertex 32.2535 44.3393 1.5
      vertex 34.6552 35.3759 1.5
      vertex 32.263 44.3706 1.5
    endloop
  endfacet
  facet normal 0 0 1
    outer loop
      vertex 32.1559 44.8297 1.5
      vertex 34.4862 53.5265 1.5
      vertex 34.4549 53.517 1.5
    endloop
  endfacet
  facet normal 0 0 1
    outer loop
      vertex 34.6552 35.3759 1.5
      vertex 32.2535 44.3393 1.5
      vertex 34.6299 35.3967 1.5
    endloop
  endfacet
  facet normal 0 0 1
    outer loop
      vertex 32.1336 44.8536 1.5
      vertex 34.4549 53.517 1.5
      vertex 34.4231 53.5096 1.5
    endloop
  endfacet
  facet normal -0 0 1
    outer loop
      vertex 32.2419 44.3087 1.5
      vertex 34.6299 35.3967 1.5
      vertex 32.2535 44.3393 1.5
    endloop
  endfacet
  facet normal 0 0 1
    outer loop
      vertex 32.1097 44.8759 1.5
      vertex 34.4231 53.5096 1.5
      vertex 34.3908 53.5043 1.5
    endloop
  endfacet
  facet normal 0 0 1
    outer loop
      vertex 34.6299 35.3967 1.5
      vertex 32.2419 44.3087 1.5
      vertex 34.6033 35.4157 1.5
    endloop
  endfacet
  facet normal 0 0 1
    outer loop
      vertex 32.0844 44.8967 1.5
      vertex 34.3908 53.5043 1.5
      vertex 34.3582 53.5011 1.5
    endloop
  endfacet
  facet normal -0 0 1
    outer loop
      vertex 32.2284 44.2789 1.5
      vertex 34.6033 35.4157 1.5
      vertex 32.2419 44.3087 1.5
    endloop
  endfacet
  facet normal 0 0 1
    outer loop
      vertex 32.0578 44.9157 1.5
      vertex 34.3582 53.5011 1.5
      vertex 34.3255 53.5 1.5
    endloop
  endfacet
  facet normal 0 0 1
    outer loop
      vertex 34.6033 35.4157 1.5
      vertex 32.2284 44.2789 1.5
      vertex 34.5755 35.433 1.5
    endloop
  endfacet
  facet normal 0 0 1
    outer loop
      vertex 32.03 44.933 1.5
      vertex 34.3255 53.5 1.5
      vertex 34.2928 53.5011 1.5
    endloop
  endfacet
  facet normal -0 0 1
    outer loop
      vertex 32.213 44.25 1.5
      vertex 34.5755 35.433 1.5
      vertex 32.2284 44.2789 1.5
    endloop
  endfacet
  facet normal 0 0 1
    outer loop
      vertex 32.0011 44.9484 1.5
      vertex 34.2928 53.5011 1.5
      vertex 34.2603 53.5043 1.5
    endloop
  endfacet
  facet normal 0 0 1
    outer loop
      vertex 34.5755 35.433 1.5
      vertex 32.213 44.25 1.5
      vertex 34.5467 35.4484 1.5
    endloop
  endfacet
  facet normal 0 0 1
    outer loop
      vertex 31.9713 44.9619 1.5
      vertex 34.2603 53.5043 1.5
      vertex 34.228 53.5096 1.5
    endloop
  endfacet
  facet normal -0 0 1
    outer loop
      vertex 32.1957 44.2222 1.5
      vertex 34.5467 35.4484 1.5
      vertex 32.213 44.25 1.5
    endloop
  endfacet
  facet normal 0 0 1
    outer loop
      vertex 31.9407 44.9735 1.5
      vertex 34.228 53.5096 1.5
      vertex 34.1961 53.517 1.5
    endloop
  endfacet
  facet normal 0 0 1
    outer loop
      vertex 34.5467 35.4484 1.5
      vertex 32.1957 44.2222 1.5
      vertex 34.5169 35.4619 1.5
    endloop
  endfacet
  facet normal 0 0 1
    outer loop
      vertex 31.9094 44.983 1.5
      vertex 34.1961 53.517 1.5
      vertex 34.1648 53.5265 1.5
    endloop
  endfacet
  facet normal -0 0 1
    outer loop
      vertex 32.1767 44.1956 1.5
      vertex 34.5169 35.4619 1.5
      vertex 32.1957 44.2222 1.5
    endloop
  endfacet
  facet normal 0 0 1
    outer loop
      vertex 31.8775 44.9904 1.5
      vertex 34.1648 53.5265 1.5
      vertex 34.1342 53.5381 1.5
    endloop
  endfacet
  facet normal 0 0 1
    outer loop
      vertex 34.5169 35.4619 1.5
      vertex 32.1767 44.1956 1.5
      vertex 34.4862 35.4735 1.5
    endloop
  endfacet
  facet normal 0 0 1
    outer loop
      vertex 31.8453 44.9957 1.5
      vertex 34.1342 53.5381 1.5
      vertex 34.1044 53.5516 1.5
    endloop
  endfacet
  facet normal -0 0 1
    outer loop
      vertex 32.1559 44.1703 1.5
      vertex 34.4862 35.4735 1.5
      vertex 32.1767 44.1956 1.5
    endloop
  endfacet
  facet normal 0 0 1
    outer loop
      vertex 31.8127 44.9989 1.5
      vertex 34.1044 53.5516 1.5
      vertex 34.0755 53.567 1.5
    endloop
  endfacet
  facet normal 0 0 1
    outer loop
      vertex 34.4862 35.4735 1.5
      vertex 32.1559 44.1703 1.5
      vertex 34.4549 35.483 1.5
    endloop
  endfacet
  facet normal 0 0 1
    outer loop
      vertex 31.78 45 1.5
      vertex 34.0755 53.567 1.5
      vertex 34.0477 53.5843 1.5
    endloop
  endfacet
  facet normal -0 0 1
    outer loop
      vertex 32.1336 44.1464 1.5
      vertex 34.4549 35.483 1.5
      vertex 32.1559 44.1703 1.5
    endloop
  endfacet
  facet normal 0 0 1
    outer loop
      vertex 31.7473 44.9989 1.5
      vertex 34.0477 53.5843 1.5
      vertex 34.0211 53.6033 1.5
    endloop
  endfacet
  facet normal 0 0 1
    outer loop
      vertex 34.4549 35.483 1.5
      vertex 32.1336 44.1464 1.5
      vertex 34.4231 35.4904 1.5
    endloop
  endfacet
  facet normal 0 0 1
    outer loop
      vertex 31.7147 44.9957 1.5
      vertex 34.0211 53.6033 1.5
      vertex 33.9958 53.6241 1.5
    endloop
  endfacet
  facet normal -0 0 1
    outer loop
      vertex 32.1097 44.1241 1.5
      vertex 34.4231 35.4904 1.5
      vertex 32.1336 44.1464 1.5
    endloop
  endfacet
  facet normal 0 0 1
    outer loop
      vertex 31.6825 44.9904 1.5
      vertex 33.9958 53.6241 1.5
      vertex 33.972 53.6464 1.5
    endloop
  endfacet
  facet normal 0 0 1
    outer loop
      vertex 34.4231 35.4904 1.5
      vertex 32.1097 44.1241 1.5
      vertex 34.3908 35.4957 1.5
    endloop
  endfacet
  facet normal 0 0 1
    outer loop
      vertex 31.6506 44.983 1.5
      vertex 33.972 53.6464 1.5
      vertex 33.9496 53.6703 1.5
    endloop
  endfacet
  facet normal -0 0 1
    outer loop
      vertex 32.0844 44.1033 1.5
      vertex 34.3908 35.4957 1.5
      vertex 32.1097 44.1241 1.5
    endloop
  endfacet
  facet normal 0 0 1
    outer loop
      vertex 31.6193 44.9735 1.5
      vertex 33.9496 53.6703 1.5
      vertex 33.9288 53.6956 1.5
    endloop
  endfacet
  facet normal 0 0 1
    outer loop
      vertex 34.3908 35.4957 1.5
      vertex 32.0844 44.1033 1.5
      vertex 34.3582 35.4989 1.5
    endloop
  endfacet
  facet normal 0 0 1
    outer loop
      vertex 31.5887 44.9619 1.5
      vertex 33.9288 53.6956 1.5
      vertex 33.9098 53.7222 1.5
    endloop
  endfacet
  facet normal -0 0 1
    outer loop
      vertex 32.0578 44.0843 1.5
      vertex 34.3582 35.4989 1.5
      vertex 32.0844 44.1033 1.5
    endloop
  endfacet
  facet normal 0 0 1
    outer loop
      vertex 31.5589 44.9484 1.5
      vertex 33.9098 53.7222 1.5
      vertex 33.8925 53.75 1.5
    endloop
  endfacet
  facet normal 0 0 1
    outer loop
      vertex 34.3582 35.4989 1.5
      vertex 32.0578 44.0843 1.5
      vertex 34.3255 35.5 1.5
    endloop
  endfacet
  facet normal 0 0 1
    outer loop
      vertex 31.53 44.933 1.5
      vertex 33.8925 53.75 1.5
      vertex 33.8771 53.7789 1.5
    endloop
  endfacet
  facet normal -0 0 1
    outer loop
      vertex 32.03 44.067 1.5
      vertex 34.3255 35.5 1.5
      vertex 32.0578 44.0843 1.5
    endloop
  endfacet
  facet normal 0 0 1
    outer loop
      vertex 31.5022 44.9157 1.5
      vertex 33.8771 53.7789 1.5
      vertex 33.8636 53.8087 1.5
    endloop
  endfacet
  facet normal 0 0 1
    outer loop
      vertex 34.3255 35.5 1.5
      vertex 32.03 44.067 1.5
      vertex 34.2928 35.4989 1.5
    endloop
  endfacet
  facet normal 0 0 1
    outer loop
      vertex 31.4756 44.8967 1.5
      vertex 33.8636 53.8087 1.5
      vertex 33.8521 53.8393 1.5
    endloop
  endfacet
  facet normal -0 0 1
    outer loop
      vertex 32.0011 44.0516 1.5
      vertex 34.2928 35.4989 1.5
      vertex 32.03 44.067 1.5
    endloop
  endfacet
  facet normal 0 0 1
    outer loop
      vertex 31.4503 44.8759 1.5
      vertex 33.8521 53.8393 1.5
      vertex 33.8426 53.8706 1.5
    endloop
  endfacet
  facet normal 0 0 1
    outer loop
      vertex 34.2928 35.4989 1.5
      vertex 32.0011 44.0516 1.5
      vertex 34.2603 35.4957 1.5
    endloop
  endfacet
  facet normal 0 0 1
    outer loop
      vertex 31.4264 44.8536 1.5
      vertex 33.8426 53.8706 1.5
      vertex 33.8351 53.9025 1.5
    endloop
  endfacet
  facet normal -0 0 1
    outer loop
      vertex 31.9713 44.0381 1.5
      vertex 34.2603 35.4957 1.5
      vertex 32.0011 44.0516 1.5
    endloop
  endfacet
  facet normal 0 0 1
    outer loop
      vertex 31.4041 44.8297 1.5
      vertex 33.8351 53.9025 1.5
      vertex 33.8298 53.9347 1.5
    endloop
  endfacet
  facet normal 0 0 1
    outer loop
      vertex 34.2603 35.4957 1.5
      vertex 31.9713 44.0381 1.5
      vertex 34.228 35.4904 1.5
    endloop
  endfacet
  facet normal 0 0 1
    outer loop
      vertex 31.3833 44.8044 1.5
      vertex 33.8298 53.9347 1.5
      vertex 33.8266 53.9673 1.5
    endloop
  endfacet
  facet normal -0 0 1
    outer loop
      vertex 31.9407 44.0265 1.5
      vertex 34.228 35.4904 1.5
      vertex 31.9713 44.0381 1.5
    endloop
  endfacet
  facet normal 0 0 1
    outer loop
      vertex 31.3643 44.7778 1.5
      vertex 33.8266 53.9673 1.5
      vertex 33.8255 54 1.5
    endloop
  endfacet
  facet normal 0 0 1
    outer loop
      vertex 34.228 35.4904 1.5
      vertex 31.9407 44.0265 1.5
      vertex 34.1961 35.483 1.5
    endloop
  endfacet
  facet normal 0 0 1
    outer loop
      vertex 65.78 26.5 1.5
      vertex 51.2789 25.5327 1.5
      vertex 51.28 25.5 1.5
    endloop
  endfacet
  facet normal 0 0 1
    outer loop
      vertex 65.78 26.5 1.5
      vertex 51.2757 25.5653 1.5
      vertex 51.2789 25.5327 1.5
    endloop
  endfacet
  facet normal 0 0 1
    outer loop
      vertex 65.78 26.5 1.5
      vertex 51.2704 25.5975 1.5
      vertex 51.2757 25.5653 1.5
    endloop
  endfacet
  facet normal 0 0 1
    outer loop
      vertex 65.78 26.5 1.5
      vertex 51.263 25.6294 1.5
      vertex 51.2704 25.5975 1.5
    endloop
  endfacet
  facet normal 0 0 1
    outer loop
      vertex 65.78 26.5 1.5
      vertex 51.2535 25.6607 1.5
      vertex 51.263 25.6294 1.5
    endloop
  endfacet
  facet normal 0 0 1
    outer loop
      vertex 65.78 26.5 1.5
      vertex 51.2419 25.6913 1.5
      vertex 51.2535 25.6607 1.5
    endloop
  endfacet
  facet normal 0 0 1
    outer loop
      vertex 65.78 26.5 1.5
      vertex 51.2284 25.7211 1.5
      vertex 51.2419 25.6913 1.5
    endloop
  endfacet
  facet normal 0 0 1
    outer loop
      vertex 65.78 26.5 1.5
      vertex 51.213 25.75 1.5
      vertex 51.2284 25.7211 1.5
    endloop
  endfacet
  facet normal 0 0 1
    outer loop
      vertex 65.78 26.5 1.5
      vertex 51.1957 25.7778 1.5
      vertex 51.213 25.75 1.5
    endloop
  endfacet
  facet normal 0 0 1
    outer loop
      vertex 65.78 26.5 1.5
      vertex 51.1767 25.8044 1.5
      vertex 51.1957 25.7778 1.5
    endloop
  endfacet
  facet normal 0 0 1
    outer loop
      vertex 65.78 26.5 1.5
      vertex 51.1559 25.8297 1.5
      vertex 51.1767 25.8044 1.5
    endloop
  endfacet
  facet normal 0 0 1
    outer loop
      vertex 65.78 26.5 1.5
      vertex 51.1336 25.8536 1.5
      vertex 51.1559 25.8297 1.5
    endloop
  endfacet
  facet normal 0 0 1
    outer loop
      vertex 65.78 26.5 1.5
      vertex 51.1097 25.8759 1.5
      vertex 51.1336 25.8536 1.5
    endloop
  endfacet
  facet normal 0 0 1
    outer loop
      vertex 65.78 26.5 1.5
      vertex 51.0844 25.8967 1.5
      vertex 51.1097 25.8759 1.5
    endloop
  endfacet
  facet normal 0 0 1
    outer loop
      vertex 65.78 26.5 1.5
      vertex 51.0578 25.9157 1.5
      vertex 51.0844 25.8967 1.5
    endloop
  endfacet
  facet normal 0 0 1
    outer loop
      vertex 65.78 26.5 1.5
      vertex 51.03 25.933 1.5
      vertex 51.0578 25.9157 1.5
    endloop
  endfacet
  facet normal 0 0 1
    outer loop
      vertex 65.78 26.5 1.5
      vertex 51.0011 25.9484 1.5
      vertex 51.03 25.933 1.5
    endloop
  endfacet
  facet normal 0 0 1
    outer loop
      vertex 65.78 26.5 1.5
      vertex 50.9713 25.9619 1.5
      vertex 51.0011 25.9484 1.5
    endloop
  endfacet
  facet normal 0 0 1
    outer loop
      vertex 65.78 26.5 1.5
      vertex 50.9407 25.9735 1.5
      vertex 50.9713 25.9619 1.5
    endloop
  endfacet
  facet normal 0 0 1
    outer loop
      vertex 65.78 26.5 1.5
      vertex 50.9094 25.983 1.5
      vertex 50.9407 25.9735 1.5
    endloop
  endfacet
  facet normal 0 0 1
    outer loop
      vertex 65.78 26.5 1.5
      vertex 50.8775 25.9904 1.5
      vertex 50.9094 25.983 1.5
    endloop
  endfacet
  facet normal 0 0 1
    outer loop
      vertex 65.78 26.5 1.5
      vertex 50.8453 25.9957 1.5
      vertex 50.8775 25.9904 1.5
    endloop
  endfacet
  facet normal 0 0 1
    outer loop
      vertex 65.78 26.5 1.5
      vertex 50.8127 25.9989 1.5
      vertex 50.8453 25.9957 1.5
    endloop
  endfacet
  facet normal 0 0 1
    outer loop
      vertex 65.78 26.5 1.5
      vertex 50.78 26 1.5
      vertex 50.8127 25.9989 1.5
    endloop
  endfacet
  facet normal -0 0 1
    outer loop
      vertex 35.78 26.5 1.5
      vertex 50.78 26 1.5
      vertex 65.78 26.5 1.5
    endloop
  endfacet
  facet normal 0 0 1
    outer loop
      vertex 50.2811 25.5327 1.5
      vertex 35.78 26.5 1.5
      vertex 50.28 25.5 1.5
    endloop
  endfacet
  facet normal 0 0 1
    outer loop
      vertex 50.2843 25.5653 1.5
      vertex 35.78 26.5 1.5
      vertex 50.2811 25.5327 1.5
    endloop
  endfacet
  facet normal 0 0 1
    outer loop
      vertex 50.2896 25.5975 1.5
      vertex 35.78 26.5 1.5
      vertex 50.2843 25.5653 1.5
    endloop
  endfacet
  facet normal 0 0 1
    outer loop
      vertex 50.297 25.6294 1.5
      vertex 35.78 26.5 1.5
      vertex 50.2896 25.5975 1.5
    endloop
  endfacet
  facet normal 0 0 1
    outer loop
      vertex 50.3065 25.6607 1.5
      vertex 35.78 26.5 1.5
      vertex 50.297 25.6294 1.5
    endloop
  endfacet
  facet normal 0 0 1
    outer loop
      vertex 50.3181 25.6913 1.5
      vertex 35.78 26.5 1.5
      vertex 50.3065 25.6607 1.5
    endloop
  endfacet
  facet normal 0 0 1
    outer loop
      vertex 50.3316 25.7211 1.5
      vertex 35.78 26.5 1.5
      vertex 50.3181 25.6913 1.5
    endloop
  endfacet
  facet normal 0 0 1
    outer loop
      vertex 50.347 25.75 1.5
      vertex 35.78 26.5 1.5
      vertex 50.3316 25.7211 1.5
    endloop
  endfacet
  facet normal 0 0 1
    outer loop
      vertex 50.3643 25.7778 1.5
      vertex 35.78 26.5 1.5
      vertex 50.347 25.75 1.5
    endloop
  endfacet
  facet normal 0 0 1
    outer loop
      vertex 50.3833 25.8044 1.5
      vertex 35.78 26.5 1.5
      vertex 50.3643 25.7778 1.5
    endloop
  endfacet
  facet normal 0 0 1
    outer loop
      vertex 50.4041 25.8297 1.5
      vertex 35.78 26.5 1.5
      vertex 50.3833 25.8044 1.5
    endloop
  endfacet
  facet normal 0 0 1
    outer loop
      vertex 50.4264 25.8536 1.5
      vertex 35.78 26.5 1.5
      vertex 50.4041 25.8297 1.5
    endloop
  endfacet
  facet normal 0 0 1
    outer loop
      vertex 50.4503 25.8759 1.5
      vertex 35.78 26.5 1.5
      vertex 50.4264 25.8536 1.5
    endloop
  endfacet
  facet normal 0 0 1
    outer loop
      vertex 50.4756 25.8967 1.5
      vertex 35.78 26.5 1.5
      vertex 50.4503 25.8759 1.5
    endloop
  endfacet
  facet normal 0 0 1
    outer loop
      vertex 50.5022 25.9157 1.5
      vertex 35.78 26.5 1.5
      vertex 50.4756 25.8967 1.5
    endloop
  endfacet
  facet normal 0 0 1
    outer loop
      vertex 50.53 25.933 1.5
      vertex 35.78 26.5 1.5
      vertex 50.5022 25.9157 1.5
    endloop
  endfacet
  facet normal 0 0 1
    outer loop
      vertex 50.5589 25.9484 1.5
      vertex 35.78 26.5 1.5
      vertex 50.53 25.933 1.5
    endloop
  endfacet
  facet normal 0 0 1
    outer loop
      vertex 50.5887 25.9619 1.5
      vertex 35.78 26.5 1.5
      vertex 50.5589 25.9484 1.5
    endloop
  endfacet
  facet normal 0 0 1
    outer loop
      vertex 50.6193 25.9735 1.5
      vertex 35.78 26.5 1.5
      vertex 50.5887 25.9619 1.5
    endloop
  endfacet
  facet normal 0 0 1
    outer loop
      vertex 50.6506 25.983 1.5
      vertex 35.78 26.5 1.5
      vertex 50.6193 25.9735 1.5
    endloop
  endfacet
  facet normal 0 0 1
    outer loop
      vertex 50.6825 25.9904 1.5
      vertex 35.78 26.5 1.5
      vertex 50.6506 25.983 1.5
    endloop
  endfacet
  facet normal 0 0 1
    outer loop
      vertex 50.7147 25.9957 1.5
      vertex 35.78 26.5 1.5
      vertex 50.6825 25.9904 1.5
    endloop
  endfacet
  facet normal 0 0 1
    outer loop
      vertex 50.7473 25.9989 1.5
      vertex 35.78 26.5 1.5
      vertex 50.7147 25.9957 1.5
    endloop
  endfacet
  facet normal 0 0 1
    outer loop
      vertex 50.78 26 1.5
      vertex 35.78 26.5 1.5
      vertex 50.7473 25.9989 1.5
    endloop
  endfacet
  facet normal -0 0 1
    outer loop
      vertex 67.332 53.5096 1.5
      vertex 69.6193 44.9735 1.5
      vertex 67.3639 53.517 1.5
    endloop
  endfacet
  facet normal 0 0 1
    outer loop
      vertex 69.28 44.5 1.5
      vertex 67.7334 35.0327 1.5
      vertex 67.7345 35 1.5
    endloop
  endfacet
  facet normal 0 0 1
    outer loop
      vertex 69.6193 44.9735 1.5
      vertex 67.332 53.5096 1.5
      vertex 69.5887 44.9619 1.5
    endloop
  endfacet
  facet normal 0 0 1
    outer loop
      vertex 69.28 44.5 1.5
      vertex 67.7302 35.0653 1.5
      vertex 67.7334 35.0327 1.5
    endloop
  endfacet
  facet normal -0 0 1
    outer loop
      vertex 67.2997 53.5043 1.5
      vertex 69.5887 44.9619 1.5
      vertex 67.332 53.5096 1.5
    endloop
  endfacet
  facet normal 0 0 1
    outer loop
      vertex 69.28 44.5 1.5
      vertex 67.7249 35.0975 1.5
      vertex 67.7302 35.0653 1.5
    endloop
  endfacet
  facet normal 0 0 1
    outer loop
      vertex 69.5887 44.9619 1.5
      vertex 67.2997 53.5043 1.5
      vertex 69.5589 44.9484 1.5
    endloop
  endfacet
  facet normal 0 0 1
    outer loop
      vertex 69.28 44.5 1.5
      vertex 67.7174 35.1294 1.5
      vertex 67.7249 35.0975 1.5
    endloop
  endfacet
  facet normal -0 0 1
    outer loop
      vertex 67.2672 53.5011 1.5
      vertex 69.5589 44.9484 1.5
      vertex 67.2997 53.5043 1.5
    endloop
  endfacet
  facet normal 0 0 1
    outer loop
      vertex 69.28 44.5 1.5
      vertex 67.7079 35.1607 1.5
      vertex 67.7174 35.1294 1.5
    endloop
  endfacet
  facet normal 0 0 1
    outer loop
      vertex 69.5589 44.9484 1.5
      vertex 67.2672 53.5011 1.5
      vertex 69.53 44.933 1.5
    endloop
  endfacet
  facet normal 0 0 1
    outer loop
      vertex 69.28 44.5 1.5
      vertex 67.6964 35.1913 1.5
      vertex 67.7079 35.1607 1.5
    endloop
  endfacet
  facet normal -0 0 1
    outer loop
      vertex 67.2345 53.5 1.5
      vertex 69.53 44.933 1.5
      vertex 67.2672 53.5011 1.5
    endloop
  endfacet
  facet normal 0 0 1
    outer loop
      vertex 69.28 44.5 1.5
      vertex 67.6829 35.2211 1.5
      vertex 67.6964 35.1913 1.5
    endloop
  endfacet
  facet normal 0 0 1
    outer loop
      vertex 69.53 44.933 1.5
      vertex 67.2345 53.5 1.5
      vertex 69.5022 44.9157 1.5
    endloop
  endfacet
  facet normal 0 0 1
    outer loop
      vertex 69.28 44.5 1.5
      vertex 67.6675 35.25 1.5
      vertex 67.6829 35.2211 1.5
    endloop
  endfacet
  facet normal 0 0 1
    outer loop
      vertex 67.2018 53.5011 1.5
      vertex 69.5022 44.9157 1.5
      vertex 67.2345 53.5 1.5
    endloop
  endfacet
  facet normal 0 0 1
    outer loop
      vertex 69.28 44.5 1.5
      vertex 67.6502 35.2778 1.5
      vertex 67.6675 35.25 1.5
    endloop
  endfacet
  facet normal 0 0 1
    outer loop
      vertex 69.5022 44.9157 1.5
      vertex 67.2018 53.5011 1.5
      vertex 69.4756 44.8967 1.5
    endloop
  endfacet
  facet normal 0 0 1
    outer loop
      vertex 69.28 44.5 1.5
      vertex 67.6312 35.3044 1.5
      vertex 67.6502 35.2778 1.5
    endloop
  endfacet
  facet normal 0 0 1
    outer loop
      vertex 67.1692 53.5043 1.5
      vertex 69.4756 44.8967 1.5
      vertex 67.2018 53.5011 1.5
    endloop
  endfacet
  facet normal 0 0 1
    outer loop
      vertex 69.28 44.5 1.5
      vertex 67.6104 35.3297 1.5
      vertex 67.6312 35.3044 1.5
    endloop
  endfacet
  facet normal 0 0 1
    outer loop
      vertex 69.4756 44.8967 1.5
      vertex 67.1692 53.5043 1.5
      vertex 69.4503 44.8759 1.5
    endloop
  endfacet
  facet normal 0 0 1
    outer loop
      vertex 69.28 44.5 1.5
      vertex 67.588 35.3536 1.5
      vertex 67.6104 35.3297 1.5
    endloop
  endfacet
  facet normal 0 0 1
    outer loop
      vertex 67.1369 53.5096 1.5
      vertex 69.4503 44.8759 1.5
      vertex 67.1692 53.5043 1.5
    endloop
  endfacet
  facet normal 0 0 1
    outer loop
      vertex 69.28 44.5 1.5
      vertex 67.5642 35.3759 1.5
      vertex 67.588 35.3536 1.5
    endloop
  endfacet
  facet normal 0 0 1
    outer loop
      vertex 69.4503 44.8759 1.5
      vertex 67.1369 53.5096 1.5
      vertex 69.4264 44.8536 1.5
    endloop
  endfacet
  facet normal 0 0 1
    outer loop
      vertex 69.28 44.5 1.5
      vertex 67.5389 35.3967 1.5
      vertex 67.5642 35.3759 1.5
    endloop
  endfacet
  facet normal 0 0 1
    outer loop
      vertex 67.1051 53.517 1.5
      vertex 69.4264 44.8536 1.5
      vertex 67.1369 53.5096 1.5
    endloop
  endfacet
  facet normal 0 0 1
    outer loop
      vertex 69.28 44.5 1.5
      vertex 67.5123 35.4157 1.5
      vertex 67.5389 35.3967 1.5
    endloop
  endfacet
  facet normal 0 0 1
    outer loop
      vertex 69.4264 44.8536 1.5
      vertex 67.1051 53.517 1.5
      vertex 69.4041 44.8297 1.5
    endloop
  endfacet
  facet normal 0 0 1
    outer loop
      vertex 69.28 44.5 1.5
      vertex 67.4845 35.433 1.5
      vertex 67.5123 35.4157 1.5
    endloop
  endfacet
  facet normal 0 0 1
    outer loop
      vertex 67.0738 53.5265 1.5
      vertex 69.4041 44.8297 1.5
      vertex 67.1051 53.517 1.5
    endloop
  endfacet
  facet normal 0 0 1
    outer loop
      vertex 69.28 44.5 1.5
      vertex 67.4556 35.4484 1.5
      vertex 67.4845 35.433 1.5
    endloop
  endfacet
  facet normal 0 0 1
    outer loop
      vertex 69.4041 44.8297 1.5
      vertex 67.0738 53.5265 1.5
      vertex 69.3833 44.8044 1.5
    endloop
  endfacet
  facet normal 0 0 1
    outer loop
      vertex 69.28 44.5 1.5
      vertex 67.4258 35.4619 1.5
      vertex 67.4556 35.4484 1.5
    endloop
  endfacet
  facet normal 0 0 1
    outer loop
      vertex 67.0431 53.5381 1.5
      vertex 69.3833 44.8044 1.5
      vertex 67.0738 53.5265 1.5
    endloop
  endfacet
  facet normal 0 0 1
    outer loop
      vertex 69.28 44.5 1.5
      vertex 67.3952 35.4735 1.5
      vertex 67.4258 35.4619 1.5
    endloop
  endfacet
  facet normal 0 0 1
    outer loop
      vertex 69.3833 44.8044 1.5
      vertex 67.0431 53.5381 1.5
      vertex 69.3643 44.7778 1.5
    endloop
  endfacet
  facet normal 0 0 1
    outer loop
      vertex 69.28 44.5 1.5
      vertex 67.3639 35.483 1.5
      vertex 67.3952 35.4735 1.5
    endloop
  endfacet
  facet normal 0 0 1
    outer loop
      vertex 67.0133 53.5516 1.5
      vertex 69.3643 44.7778 1.5
      vertex 67.0431 53.5381 1.5
    endloop
  endfacet
  facet normal 0 0 1
    outer loop
      vertex 69.28 44.5 1.5
      vertex 67.332 35.4904 1.5
      vertex 67.3639 35.483 1.5
    endloop
  endfacet
  facet normal 0 0 1
    outer loop
      vertex 69.3643 44.7778 1.5
      vertex 67.0133 53.5516 1.5
      vertex 69.347 44.75 1.5
    endloop
  endfacet
  facet normal 0 0 1
    outer loop
      vertex 69.28 44.5 1.5
      vertex 67.2997 35.4957 1.5
      vertex 67.332 35.4904 1.5
    endloop
  endfacet
  facet normal 0 0 1
    outer loop
      vertex 66.9845 53.567 1.5
      vertex 69.347 44.75 1.5
      vertex 67.0133 53.5516 1.5
    endloop
  endfacet
  facet normal 0 0 1
    outer loop
      vertex 69.28 44.5 1.5
      vertex 67.2672 35.4989 1.5
      vertex 67.2997 35.4957 1.5
    endloop
  endfacet
  facet normal 0 0 1
    outer loop
      vertex 69.347 44.75 1.5
      vertex 66.9845 53.567 1.5
      vertex 69.3316 44.7211 1.5
    endloop
  endfacet
  facet normal 0 0 1
    outer loop
      vertex 69.28 44.5 1.5
      vertex 67.2345 35.5 1.5
      vertex 67.2672 35.4989 1.5
    endloop
  endfacet
  facet normal 0 0 1
    outer loop
      vertex 66.9567 53.5843 1.5
      vertex 69.3316 44.7211 1.5
      vertex 66.9845 53.567 1.5
    endloop
  endfacet
  facet normal 0 0 1
    outer loop
      vertex 69.28 44.5 1.5
      vertex 67.2018 35.4989 1.5
      vertex 67.2345 35.5 1.5
    endloop
  endfacet
  facet normal 0 0 1
    outer loop
      vertex 69.3316 44.7211 1.5
      vertex 66.9567 53.5843 1.5
      vertex 69.3181 44.6913 1.5
    endloop
  endfacet
  facet normal 0 0 1
    outer loop
      vertex 69.28 44.5 1.5
      vertex 67.1692 35.4957 1.5
      vertex 67.2018 35.4989 1.5
    endloop
  endfacet
  facet normal 0 0 1
    outer loop
      vertex 66.9301 53.6033 1.5
      vertex 69.3181 44.6913 1.5
      vertex 66.9567 53.5843 1.5
    endloop
  endfacet
  facet normal 0 0 1
    outer loop
      vertex 69.28 44.5 1.5
      vertex 67.1369 35.4904 1.5
      vertex 67.1692 35.4957 1.5
    endloop
  endfacet
  facet normal 0 0 1
    outer loop
      vertex 69.3181 44.6913 1.5
      vertex 66.9301 53.6033 1.5
      vertex 69.3065 44.6607 1.5
    endloop
  endfacet
  facet normal 0 0 1
    outer loop
      vertex 69.28 44.5 1.5
      vertex 67.1051 35.483 1.5
      vertex 67.1369 35.4904 1.5
    endloop
  endfacet
  facet normal 0 0 1
    outer loop
      vertex 66.9048 53.6241 1.5
      vertex 69.3065 44.6607 1.5
      vertex 66.9301 53.6033 1.5
    endloop
  endfacet
  facet normal 0 0 1
    outer loop
      vertex 69.28 44.5 1.5
      vertex 67.0738 35.4735 1.5
      vertex 67.1051 35.483 1.5
    endloop
  endfacet
  facet normal 0 0 1
    outer loop
      vertex 69.3065 44.6607 1.5
      vertex 66.9048 53.6241 1.5
      vertex 69.297 44.6294 1.5
    endloop
  endfacet
  facet normal 0 0 1
    outer loop
      vertex 69.28 44.5 1.5
      vertex 67.0431 35.4619 1.5
      vertex 67.0738 35.4735 1.5
    endloop
  endfacet
  facet normal 0 0 1
    outer loop
      vertex 66.8809 53.6464 1.5
      vertex 69.297 44.6294 1.5
      vertex 66.9048 53.6241 1.5
    endloop
  endfacet
  facet normal 0 0 1
    outer loop
      vertex 69.28 44.5 1.5
      vertex 67.0133 35.4484 1.5
      vertex 67.0431 35.4619 1.5
    endloop
  endfacet
  facet normal 0 0 1
    outer loop
      vertex 69.297 44.6294 1.5
      vertex 66.8809 53.6464 1.5
      vertex 69.2896 44.5975 1.5
    endloop
  endfacet
  facet normal 0 0 1
    outer loop
      vertex 69.28 44.5 1.5
      vertex 66.9845 35.433 1.5
      vertex 67.0133 35.4484 1.5
    endloop
  endfacet
  facet normal 0 0 1
    outer loop
      vertex 66.8586 53.6703 1.5
      vertex 69.2896 44.5975 1.5
      vertex 66.8809 53.6464 1.5
    endloop
  endfacet
  facet normal 0 0 1
    outer loop
      vertex 69.28 44.5 1.5
      vertex 66.9567 35.4157 1.5
      vertex 66.9845 35.433 1.5
    endloop
  endfacet
  facet normal 0 0 1
    outer loop
      vertex 69.2896 44.5975 1.5
      vertex 66.8586 53.6703 1.5
      vertex 69.2843 44.5653 1.5
    endloop
  endfacet
  facet normal 0 0 1
    outer loop
      vertex 69.28 44.5 1.5
      vertex 66.9301 35.3967 1.5
      vertex 66.9567 35.4157 1.5
    endloop
  endfacet
  facet normal 0 0 1
    outer loop
      vertex 66.8378 53.6956 1.5
      vertex 69.2843 44.5653 1.5
      vertex 66.8586 53.6703 1.5
    endloop
  endfacet
  facet normal 0 0 1
    outer loop
      vertex 69.28 44.5 1.5
      vertex 66.9048 35.3759 1.5
      vertex 66.9301 35.3967 1.5
    endloop
  endfacet
  facet normal 0 0 1
    outer loop
      vertex 69.2843 44.5653 1.5
      vertex 66.8378 53.6956 1.5
      vertex 69.2811 44.5327 1.5
    endloop
  endfacet
  facet normal 0 0 1
    outer loop
      vertex 69.28 44.5 1.5
      vertex 66.8809 35.3536 1.5
      vertex 66.9048 35.3759 1.5
    endloop
  endfacet
  facet normal 0 0 1
    outer loop
      vertex 66.8187 53.7222 1.5
      vertex 69.2811 44.5327 1.5
      vertex 66.8378 53.6956 1.5
    endloop
  endfacet
  facet normal 0 0 1
    outer loop
      vertex 69.28 44.5 1.5
      vertex 66.8586 35.3297 1.5
      vertex 66.8809 35.3536 1.5
    endloop
  endfacet
  facet normal 0 0 1
    outer loop
      vertex 69.2811 44.5327 1.5
      vertex 66.8187 53.7222 1.5
      vertex 69.28 44.5 1.5
    endloop
  endfacet
  facet normal 0 0 1
    outer loop
      vertex 69.28 44.5 1.5
      vertex 66.8378 35.3044 1.5
      vertex 66.8586 35.3297 1.5
    endloop
  endfacet
  facet normal 0 0 1
    outer loop
      vertex 66.8015 53.75 1.5
      vertex 69.28 44.5 1.5
      vertex 66.8187 53.7222 1.5
    endloop
  endfacet
  facet normal 0 0 1
    outer loop
      vertex 69.28 44.5 1.5
      vertex 66.8187 35.2778 1.5
      vertex 66.8378 35.3044 1.5
    endloop
  endfacet
  facet normal 0 0 1
    outer loop
      vertex 66.8015 35.25 1.5
      vertex 69.28 44.5 1.5
      vertex 66.8015 53.75 1.5
    endloop
  endfacet
  facet normal 0 0 1
    outer loop
      vertex 69.28 44.5 1.5
      vertex 66.8015 35.25 1.5
      vertex 66.8187 35.2778 1.5
    endloop
  endfacet
  facet normal 0 0 1
    outer loop
      vertex 66.786 53.7789 1.5
      vertex 66.8015 35.25 1.5
      vertex 66.8015 53.75 1.5
    endloop
  endfacet
  facet normal 0 0 1
    outer loop
      vertex 66.786 53.7789 1.5
      vertex 66.786 35.2211 1.5
      vertex 66.8015 35.25 1.5
    endloop
  endfacet
  facet normal 0 0 1
    outer loop
      vertex 66.7725 53.8087 1.5
      vertex 66.786 35.2211 1.5
      vertex 66.786 53.7789 1.5
    endloop
  endfacet
  facet normal 0 0 1
    outer loop
      vertex 66.7725 53.8087 1.5
      vertex 66.7725 35.1913 1.5
      vertex 66.786 35.2211 1.5
    endloop
  endfacet
  facet normal 0 0 1
    outer loop
      vertex 66.761 53.8393 1.5
      vertex 66.7725 35.1913 1.5
      vertex 66.7725 53.8087 1.5
    endloop
  endfacet
  facet normal 0 0 1
    outer loop
      vertex 66.761 53.8393 1.5
      vertex 66.761 35.1607 1.5
      vertex 66.7725 35.1913 1.5
    endloop
  endfacet
  facet normal 0 0 1
    outer loop
      vertex 66.7515 53.8706 1.5
      vertex 66.761 35.1607 1.5
      vertex 66.761 53.8393 1.5
    endloop
  endfacet
  facet normal 0 0 1
    outer loop
      vertex 66.7515 53.8706 1.5
      vertex 66.7515 35.1294 1.5
      vertex 66.761 35.1607 1.5
    endloop
  endfacet
  facet normal 0 0 1
    outer loop
      vertex 66.7441 53.9025 1.5
      vertex 66.7515 35.1294 1.5
      vertex 66.7515 53.8706 1.5
    endloop
  endfacet
  facet normal 0 0 1
    outer loop
      vertex 66.7441 53.9025 1.5
      vertex 66.7441 35.0975 1.5
      vertex 66.7515 35.1294 1.5
    endloop
  endfacet
  facet normal 0 0 1
    outer loop
      vertex 66.7388 53.9347 1.5
      vertex 66.7441 35.0975 1.5
      vertex 66.7441 53.9025 1.5
    endloop
  endfacet
  facet normal 0 0 1
    outer loop
      vertex 66.7388 53.9347 1.5
      vertex 66.7388 35.0653 1.5
      vertex 66.7441 35.0975 1.5
    endloop
  endfacet
  facet normal 0 0 1
    outer loop
      vertex 66.7355 53.9673 1.5
      vertex 66.7388 35.0653 1.5
      vertex 66.7388 53.9347 1.5
    endloop
  endfacet
  facet normal 0 0 1
    outer loop
      vertex 66.7355 53.9673 1.5
      vertex 66.7355 35.0327 1.5
      vertex 66.7388 35.0653 1.5
    endloop
  endfacet
  facet normal 0 0 1
    outer loop
      vertex 65.78 62.5 1.5
      vertex 66.7355 53.9673 1.5
      vertex 66.7345 54 1.5
    endloop
  endfacet
  facet normal 0 0 1
    outer loop
      vertex 66.7355 53.9673 1.5
      vertex 65.78 62.5 1.5
      vertex 66.7355 35.0327 1.5
    endloop
  endfacet
  facet normal 0 0 1
    outer loop
      vertex 88 79 1.5
      vertex 98 69 1.5
      vertex 97.9786 69.654 1.5
    endloop
  endfacet
  facet normal 0 0 1
    outer loop
      vertex 98 69 1.5
      vertex 70.2757 44.4347 1.5
      vertex 98 10 1.5
    endloop
  endfacet
  facet normal 0 0 1
    outer loop
      vertex 88 79 1.5
      vertex 97.9786 69.654 1.5
      vertex 97.9144 70.3053 1.5
    endloop
  endfacet
  facet normal -0 0 1
    outer loop
      vertex 70.2704 44.4025 1.5
      vertex 98 10 1.5
      vertex 70.2757 44.4347 1.5
    endloop
  endfacet
  facet normal 0 0 1
    outer loop
      vertex 88 79 1.5
      vertex 97.9144 70.3053 1.5
      vertex 97.8079 70.9509 1.5
    endloop
  endfacet
  facet normal -0 0 1
    outer loop
      vertex 70.263 44.3706 1.5
      vertex 98 10 1.5
      vertex 70.2704 44.4025 1.5
    endloop
  endfacet
  facet normal 0 0 1
    outer loop
      vertex 88 79 1.5
      vertex 97.8079 70.9509 1.5
      vertex 97.6593 71.5882 1.5
    endloop
  endfacet
  facet normal -0 0 1
    outer loop
      vertex 70.2535 44.3393 1.5
      vertex 98 10 1.5
      vertex 70.263 44.3706 1.5
    endloop
  endfacet
  facet normal 0 0 1
    outer loop
      vertex 88 79 1.5
      vertex 97.6593 71.5882 1.5
      vertex 97.4693 72.2144 1.5
    endloop
  endfacet
  facet normal -0 0 1
    outer loop
      vertex 70.2419 44.3087 1.5
      vertex 98 10 1.5
      vertex 70.2535 44.3393 1.5
    endloop
  endfacet
  facet normal 0 0 1
    outer loop
      vertex 88 79 1.5
      vertex 97.4693 72.2144 1.5
      vertex 97.2388 72.8268 1.5
    endloop
  endfacet
  facet normal -0 0 1
    outer loop
      vertex 70.2284 44.2789 1.5
      vertex 98 10 1.5
      vertex 70.2419 44.3087 1.5
    endloop
  endfacet
  facet normal 0 0 1
    outer loop
      vertex 88 79 1.5
      vertex 97.2388 72.8268 1.5
      vertex 96.9687 73.4229 1.5
    endloop
  endfacet
  facet normal -0 0 1
    outer loop
      vertex 67.7334 34.9673 1.5
      vertex 98 10 1.5
      vertex 70.2284 44.2789 1.5
    endloop
  endfacet
  facet normal 0 0 1
    outer loop
      vertex 88 79 1.5
      vertex 96.9687 73.4229 1.5
      vertex 96.6603 74 1.5
    endloop
  endfacet
  facet normal -0 0 1
    outer loop
      vertex 67.7302 34.9347 1.5
      vertex 98 10 1.5
      vertex 67.7334 34.9673 1.5
    endloop
  endfacet
  facet normal 0 0 1
    outer loop
      vertex 88 79 1.5
      vertex 96.6603 74 1.5
      vertex 96.3147 74.5557 1.5
    endloop
  endfacet
  facet normal -0 0 1
    outer loop
      vertex 67.7249 34.9025 1.5
      vertex 98 10 1.5
      vertex 67.7302 34.9347 1.5
    endloop
  endfacet
  facet normal 0 0 1
    outer loop
      vertex 88 79 1.5
      vertex 96.3147 74.5557 1.5
      vertex 95.9335 75.0876 1.5
    endloop
  endfacet
  facet normal -0 0 1
    outer loop
      vertex 67.7174 34.8706 1.5
      vertex 98 10 1.5
      vertex 67.7249 34.9025 1.5
    endloop
  endfacet
  facet normal 0 0 1
    outer loop
      vertex 88 79 1.5
      vertex 95.9335 75.0876 1.5
      vertex 95.5184 75.5935 1.5
    endloop
  endfacet
  facet normal -0 0 1
    outer loop
      vertex 67.7079 34.8393 1.5
      vertex 98 10 1.5
      vertex 67.7174 34.8706 1.5
    endloop
  endfacet
  facet normal 0 0 1
    outer loop
      vertex 88 79 1.5
      vertex 95.5184 75.5935 1.5
      vertex 95.0711 76.0711 1.5
    endloop
  endfacet
  facet normal -0 0 1
    outer loop
      vertex 67.6964 34.8087 1.5
      vertex 98 10 1.5
      vertex 67.7079 34.8393 1.5
    endloop
  endfacet
  facet normal 0 0 1
    outer loop
      vertex 88 79 1.5
      vertex 95.0711 76.0711 1.5
      vertex 94.5935 76.5184 1.5
    endloop
  endfacet
  facet normal -0 0 1
    outer loop
      vertex 67.6829 34.7789 1.5
      vertex 98 10 1.5
      vertex 67.6964 34.8087 1.5
    endloop
  endfacet
  facet normal 0 0 1
    outer loop
      vertex 88 79 1.5
      vertex 94.5935 76.5184 1.5
      vertex 94.0876 76.9335 1.5
    endloop
  endfacet
  facet normal -0 0 1
    outer loop
      vertex 65.78 26.5 1.5
      vertex 98 10 1.5
      vertex 67.6829 34.7789 1.5
    endloop
  endfacet
  facet normal 0 0 1
    outer loop
      vertex 88 79 1.5
      vertex 94.0876 76.9335 1.5
      vertex 93.5557 77.3147 1.5
    endloop
  endfacet
  facet normal 0 0 1
    outer loop
      vertex 97.9144 8.69474 1.5
      vertex 88 0 1.5
      vertex 97.8079 8.0491 1.5
    endloop
  endfacet
  facet normal 0 0 1
    outer loop
      vertex 88 79 1.5
      vertex 93.5557 77.3147 1.5
      vertex 93 77.6603 1.5
    endloop
  endfacet
  facet normal 0 0 1
    outer loop
      vertex 97.8079 8.0491 1.5
      vertex 88 0 1.5
      vertex 97.6593 7.41181 1.5
    endloop
  endfacet
  facet normal 0 0 1
    outer loop
      vertex 88 79 1.5
      vertex 93 77.6603 1.5
      vertex 92.4229 77.9687 1.5
    endloop
  endfacet
  facet normal 0 0 1
    outer loop
      vertex 97.6593 7.41181 1.5
      vertex 88 0 1.5
      vertex 97.4693 6.7856 1.5
    endloop
  endfacet
  facet normal 0 0 1
    outer loop
      vertex 88 79 1.5
      vertex 92.4229 77.9687 1.5
      vertex 91.8268 78.2388 1.5
    endloop
  endfacet
  facet normal 0 0 1
    outer loop
      vertex 97.4693 6.7856 1.5
      vertex 88 0 1.5
      vertex 97.2388 6.17317 1.5
    endloop
  endfacet
  facet normal 0 0 1
    outer loop
      vertex 88 79 1.5
      vertex 91.8268 78.2388 1.5
      vertex 91.2144 78.4693 1.5
    endloop
  endfacet
  facet normal 0 0 1
    outer loop
      vertex 98 69 1.5
      vertex 70.2789 44.4673 1.5
      vertex 70.2757 44.4347 1.5
    endloop
  endfacet
  facet normal 0 0 1
    outer loop
      vertex 88 79 1.5
      vertex 91.2144 78.4693 1.5
      vertex 90.5882 78.6593 1.5
    endloop
  endfacet
  facet normal 0 0 1
    outer loop
      vertex 97.2388 6.17317 1.5
      vertex 88 0 1.5
      vertex 96.9687 5.57711 1.5
    endloop
  endfacet
  facet normal 0 0 1
    outer loop
      vertex 88 79 1.5
      vertex 90.5882 78.6593 1.5
      vertex 89.9509 78.8079 1.5
    endloop
  endfacet
  facet normal 0 0 1
    outer loop
      vertex 96.9687 5.57711 1.5
      vertex 88 0 1.5
      vertex 96.6603 5 1.5
    endloop
  endfacet
  facet normal 0 0 1
    outer loop
      vertex 88 79 1.5
      vertex 89.9509 78.8079 1.5
      vertex 89.3053 78.9144 1.5
    endloop
  endfacet
  facet normal 0 0 1
    outer loop
      vertex 96.6603 5 1.5
      vertex 88 0 1.5
      vertex 96.3147 4.4443 1.5
    endloop
  endfacet
  facet normal 0 0 1
    outer loop
      vertex 88 79 1.5
      vertex 89.3053 78.9144 1.5
      vertex 88.654 78.9786 1.5
    endloop
  endfacet
  facet normal 0 0 1
    outer loop
      vertex 96.3147 4.4443 1.5
      vertex 88 0 1.5
      vertex 95.9335 3.91238 1.5
    endloop
  endfacet
  facet normal 0 0 1
    outer loop
      vertex 98 69 1.5
      vertex 88 79 1.5
      vertex 65.78 62.5 1.5
    endloop
  endfacet
  facet normal 0 0 1
    outer loop
      vertex 95.9335 3.91238 1.5
      vertex 88 0 1.5
      vertex 95.5184 3.40654 1.5
    endloop
  endfacet
  facet normal 0 0 1
    outer loop
      vertex 98 69 1.5
      vertex 70.28 44.5 1.5
      vertex 70.2789 44.4673 1.5
    endloop
  endfacet
  facet normal 0 0 1
    outer loop
      vertex 98 69 1.5
      vertex 70.2789 44.5327 1.5
      vertex 70.28 44.5 1.5
    endloop
  endfacet
  facet normal 0 0 1
    outer loop
      vertex 98 69 1.5
      vertex 70.2757 44.5653 1.5
      vertex 70.2789 44.5327 1.5
    endloop
  endfacet
  facet normal 0 0 1
    outer loop
      vertex 98 69 1.5
      vertex 70.2704 44.5975 1.5
      vertex 70.2757 44.5653 1.5
    endloop
  endfacet
  facet normal 0 0 1
    outer loop
      vertex 98 69 1.5
      vertex 70.263 44.6294 1.5
      vertex 70.2704 44.5975 1.5
    endloop
  endfacet
  facet normal 0 0 1
    outer loop
      vertex 98 69 1.5
      vertex 70.2535 44.6607 1.5
      vertex 70.263 44.6294 1.5
    endloop
  endfacet
  facet normal 0 0 1
    outer loop
      vertex 98 69 1.5
      vertex 70.2419 44.6913 1.5
      vertex 70.2535 44.6607 1.5
    endloop
  endfacet
  facet normal 0 0 1
    outer loop
      vertex 98 69 1.5
      vertex 70.2284 44.7211 1.5
      vertex 70.2419 44.6913 1.5
    endloop
  endfacet
  facet normal 0 0 1
    outer loop
      vertex 98 69 1.5
      vertex 67.7334 54.0327 1.5
      vertex 67.7345 54 1.5
    endloop
  endfacet
  facet normal 0 0 1
    outer loop
      vertex 98 69 1.5
      vertex 70.213 44.75 1.5
      vertex 70.2284 44.7211 1.5
    endloop
  endfacet
  facet normal 0 0 1
    outer loop
      vertex 98 69 1.5
      vertex 67.7345 54 1.5
      vertex 70.213 44.75 1.5
    endloop
  endfacet
  facet normal 0 0 1
    outer loop
      vertex 70.213 44.75 1.5
      vertex 67.7345 54 1.5
      vertex 70.1957 44.7778 1.5
    endloop
  endfacet
  facet normal -0 0 1
    outer loop
      vertex 67.7334 53.9673 1.5
      vertex 70.1957 44.7778 1.5
      vertex 67.7345 54 1.5
    endloop
  endfacet
  facet normal 0 0 1
    outer loop
      vertex 70.1957 44.7778 1.5
      vertex 67.7334 53.9673 1.5
      vertex 70.1767 44.8044 1.5
    endloop
  endfacet
  facet normal -0 0 1
    outer loop
      vertex 67.7302 53.9347 1.5
      vertex 70.1767 44.8044 1.5
      vertex 67.7334 53.9673 1.5
    endloop
  endfacet
  facet normal 0 0 1
    outer loop
      vertex 70.1767 44.8044 1.5
      vertex 67.7302 53.9347 1.5
      vertex 70.1559 44.8297 1.5
    endloop
  endfacet
  facet normal -0 0 1
    outer loop
      vertex 67.7249 53.9025 1.5
      vertex 70.1559 44.8297 1.5
      vertex 67.7302 53.9347 1.5
    endloop
  endfacet
  facet normal 0 0 1
    outer loop
      vertex 70.1559 44.8297 1.5
      vertex 67.7249 53.9025 1.5
      vertex 70.1336 44.8536 1.5
    endloop
  endfacet
  facet normal -0 0 1
    outer loop
      vertex 67.7174 53.8706 1.5
      vertex 70.1336 44.8536 1.5
      vertex 67.7249 53.9025 1.5
    endloop
  endfacet
  facet normal 0 0 1
    outer loop
      vertex 70.1336 44.8536 1.5
      vertex 67.7174 53.8706 1.5
      vertex 70.1097 44.8759 1.5
    endloop
  endfacet
  facet normal -0 0 1
    outer loop
      vertex 67.7079 53.8393 1.5
      vertex 70.1097 44.8759 1.5
      vertex 67.7174 53.8706 1.5
    endloop
  endfacet
  facet normal 0 0 1
    outer loop
      vertex 70.1097 44.8759 1.5
      vertex 67.7079 53.8393 1.5
      vertex 70.0844 44.8967 1.5
    endloop
  endfacet
  facet normal 0 0 1
    outer loop
      vertex 70.0844 44.8967 1.5
      vertex 67.6964 53.8087 1.5
      vertex 70.0578 44.9157 1.5
    endloop
  endfacet
  facet normal -0 0 1
    outer loop
      vertex 67.6829 53.7789 1.5
      vertex 70.0578 44.9157 1.5
      vertex 67.6964 53.8087 1.5
    endloop
  endfacet
  facet normal 0 0 1
    outer loop
      vertex 70.0578 44.9157 1.5
      vertex 67.6829 53.7789 1.5
      vertex 70.03 44.933 1.5
    endloop
  endfacet
  facet normal -0 0 1
    outer loop
      vertex 67.6675 53.75 1.5
      vertex 70.03 44.933 1.5
      vertex 67.6829 53.7789 1.5
    endloop
  endfacet
  facet normal 0 0 1
    outer loop
      vertex 70.03 44.933 1.5
      vertex 67.6675 53.75 1.5
      vertex 70.0011 44.9484 1.5
    endloop
  endfacet
  facet normal -0 0 1
    outer loop
      vertex 67.6502 53.7222 1.5
      vertex 70.0011 44.9484 1.5
      vertex 67.6675 53.75 1.5
    endloop
  endfacet
  facet normal 0 0 1
    outer loop
      vertex 70.0011 44.9484 1.5
      vertex 67.6502 53.7222 1.5
      vertex 69.9713 44.9619 1.5
    endloop
  endfacet
  facet normal -0 0 1
    outer loop
      vertex 67.6312 53.6956 1.5
      vertex 69.9713 44.9619 1.5
      vertex 67.6502 53.7222 1.5
    endloop
  endfacet
  facet normal 0 0 1
    outer loop
      vertex 69.9713 44.9619 1.5
      vertex 67.6312 53.6956 1.5
      vertex 69.9407 44.9735 1.5
    endloop
  endfacet
  facet normal -0 0 1
    outer loop
      vertex 67.6104 53.6703 1.5
      vertex 69.9407 44.9735 1.5
      vertex 67.6312 53.6956 1.5
    endloop
  endfacet
  facet normal 0 0 1
    outer loop
      vertex 69.9407 44.9735 1.5
      vertex 67.6104 53.6703 1.5
      vertex 69.9094 44.983 1.5
    endloop
  endfacet
  facet normal -0 0 1
    outer loop
      vertex 67.588 53.6464 1.5
      vertex 69.9094 44.983 1.5
      vertex 67.6104 53.6703 1.5
    endloop
  endfacet
  facet normal 0 0 1
    outer loop
      vertex 69.9094 44.983 1.5
      vertex 67.588 53.6464 1.5
      vertex 69.8775 44.9904 1.5
    endloop
  endfacet
  facet normal -0 0 1
    outer loop
      vertex 67.5642 53.6241 1.5
      vertex 69.8775 44.9904 1.5
      vertex 67.588 53.6464 1.5
    endloop
  endfacet
  facet normal 0 0 1
    outer loop
      vertex 69.8775 44.9904 1.5
      vertex 67.5642 53.6241 1.5
      vertex 69.8453 44.9957 1.5
    endloop
  endfacet
  facet normal -0 0 1
    outer loop
      vertex 67.5389 53.6033 1.5
      vertex 69.8453 44.9957 1.5
      vertex 67.5642 53.6241 1.5
    endloop
  endfacet
  facet normal 0 0 1
    outer loop
      vertex 69.8453 44.9957 1.5
      vertex 67.5389 53.6033 1.5
      vertex 69.8127 44.9989 1.5
    endloop
  endfacet
  facet normal -0 0 1
    outer loop
      vertex 67.5123 53.5843 1.5
      vertex 69.8127 44.9989 1.5
      vertex 67.5389 53.6033 1.5
    endloop
  endfacet
  facet normal 0 0 1
    outer loop
      vertex 69.8127 44.9989 1.5
      vertex 67.5123 53.5843 1.5
      vertex 69.78 45 1.5
    endloop
  endfacet
  facet normal -0 0 1
    outer loop
      vertex 67.3639 53.517 1.5
      vertex 69.6506 44.983 1.5
      vertex 67.3952 53.5265 1.5
    endloop
  endfacet
  facet normal 0 0 1
    outer loop
      vertex 69.6825 44.9904 1.5
      vertex 67.3952 53.5265 1.5
      vertex 69.6506 44.983 1.5
    endloop
  endfacet
  facet normal -0 0 1
    outer loop
      vertex 67.3952 53.5265 1.5
      vertex 69.6825 44.9904 1.5
      vertex 67.4258 53.5381 1.5
    endloop
  endfacet
  facet normal 0 0 1
    outer loop
      vertex 69.7147 44.9957 1.5
      vertex 67.4258 53.5381 1.5
      vertex 69.6825 44.9904 1.5
    endloop
  endfacet
  facet normal -0 0 1
    outer loop
      vertex 67.4258 53.5381 1.5
      vertex 69.7147 44.9957 1.5
      vertex 67.4556 53.5516 1.5
    endloop
  endfacet
  facet normal 0 0 1
    outer loop
      vertex 69.7473 44.9989 1.5
      vertex 67.4556 53.5516 1.5
      vertex 69.7147 44.9957 1.5
    endloop
  endfacet
  facet normal -0 0 1
    outer loop
      vertex 67.4556 53.5516 1.5
      vertex 69.7473 44.9989 1.5
      vertex 67.4845 53.567 1.5
    endloop
  endfacet
  facet normal 0 0 1
    outer loop
      vertex 69.78 45 1.5
      vertex 67.4845 53.567 1.5
      vertex 69.7473 44.9989 1.5
    endloop
  endfacet
  facet normal -0 0 1
    outer loop
      vertex 67.4845 53.567 1.5
      vertex 69.78 45 1.5
      vertex 67.5123 53.5843 1.5
    endloop
  endfacet
  facet normal -0 0 1
    outer loop
      vertex 67.6964 53.8087 1.5
      vertex 70.0844 44.8967 1.5
      vertex 67.7079 53.8393 1.5
    endloop
  endfacet
  facet normal 0 0 1
    outer loop
      vertex 98 69 1.5
      vertex 67.7302 54.0653 1.5
      vertex 67.7334 54.0327 1.5
    endloop
  endfacet
  facet normal 0 0 1
    outer loop
      vertex 98 69 1.5
      vertex 67.7249 54.0975 1.5
      vertex 67.7302 54.0653 1.5
    endloop
  endfacet
  facet normal 0 0 1
    outer loop
      vertex 98 69 1.5
      vertex 67.7174 54.1294 1.5
      vertex 67.7249 54.0975 1.5
    endloop
  endfacet
  facet normal 0 0 1
    outer loop
      vertex 98 69 1.5
      vertex 67.7079 54.1607 1.5
      vertex 67.7174 54.1294 1.5
    endloop
  endfacet
  facet normal 0 0 1
    outer loop
      vertex 98 69 1.5
      vertex 67.6964 54.1913 1.5
      vertex 67.7079 54.1607 1.5
    endloop
  endfacet
  facet normal 0 0 1
    outer loop
      vertex 98 69 1.5
      vertex 67.6829 54.2211 1.5
      vertex 67.6964 54.1913 1.5
    endloop
  endfacet
  facet normal 0 0 1
    outer loop
      vertex 98 69 1.5
      vertex 65.78 62.5 1.5
      vertex 67.6829 54.2211 1.5
    endloop
  endfacet
  facet normal 0 0 1
    outer loop
      vertex 67.6829 54.2211 1.5
      vertex 65.78 62.5 1.5
      vertex 67.6675 54.25 1.5
    endloop
  endfacet
  facet normal 0 0 1
    outer loop
      vertex 67.6675 54.25 1.5
      vertex 65.78 62.5 1.5
      vertex 67.6502 54.2778 1.5
    endloop
  endfacet
  facet normal 0 0 1
    outer loop
      vertex 67.6502 54.2778 1.5
      vertex 65.78 62.5 1.5
      vertex 67.6312 54.3044 1.5
    endloop
  endfacet
  facet normal 0 0 1
    outer loop
      vertex 67.6312 54.3044 1.5
      vertex 65.78 62.5 1.5
      vertex 67.6104 54.3297 1.5
    endloop
  endfacet
  facet normal 0 0 1
    outer loop
      vertex 67.6104 54.3297 1.5
      vertex 65.78 62.5 1.5
      vertex 67.588 54.3536 1.5
    endloop
  endfacet
  facet normal 0 0 1
    outer loop
      vertex 67.588 54.3536 1.5
      vertex 65.78 62.5 1.5
      vertex 67.5642 54.3759 1.5
    endloop
  endfacet
  facet normal 0 0 1
    outer loop
      vertex 67.5642 54.3759 1.5
      vertex 65.78 62.5 1.5
      vertex 67.5389 54.3967 1.5
    endloop
  endfacet
  facet normal 0 0 1
    outer loop
      vertex 67.5389 54.3967 1.5
      vertex 65.78 62.5 1.5
      vertex 67.5123 54.4157 1.5
    endloop
  endfacet
  facet normal 0 0 1
    outer loop
      vertex 67.5123 54.4157 1.5
      vertex 65.78 62.5 1.5
      vertex 67.4845 54.433 1.5
    endloop
  endfacet
  facet normal 0 0 1
    outer loop
      vertex 67.4845 54.433 1.5
      vertex 65.78 62.5 1.5
      vertex 67.4556 54.4484 1.5
    endloop
  endfacet
  facet normal 0 0 1
    outer loop
      vertex 67.4556 54.4484 1.5
      vertex 65.78 62.5 1.5
      vertex 67.4258 54.4619 1.5
    endloop
  endfacet
  facet normal 0 0 1
    outer loop
      vertex 67.4258 54.4619 1.5
      vertex 65.78 62.5 1.5
      vertex 67.3952 54.4735 1.5
    endloop
  endfacet
  facet normal 0 0 1
    outer loop
      vertex 67.3952 54.4735 1.5
      vertex 65.78 62.5 1.5
      vertex 67.3639 54.483 1.5
    endloop
  endfacet
  facet normal 0 0 1
    outer loop
      vertex 67.3639 54.483 1.5
      vertex 65.78 62.5 1.5
      vertex 67.332 54.4904 1.5
    endloop
  endfacet
  facet normal 0 0 1
    outer loop
      vertex 67.332 54.4904 1.5
      vertex 65.78 62.5 1.5
      vertex 67.2997 54.4957 1.5
    endloop
  endfacet
  facet normal 0 0 1
    outer loop
      vertex 67.2997 54.4957 1.5
      vertex 65.78 62.5 1.5
      vertex 67.2672 54.4989 1.5
    endloop
  endfacet
  facet normal 0 0 1
    outer loop
      vertex 67.2672 54.4989 1.5
      vertex 65.78 62.5 1.5
      vertex 67.2345 54.5 1.5
    endloop
  endfacet
  facet normal 0 0 1
    outer loop
      vertex 67.2345 54.5 1.5
      vertex 65.78 62.5 1.5
      vertex 67.2018 54.4989 1.5
    endloop
  endfacet
  facet normal 0 0 1
    outer loop
      vertex 67.2018 54.4989 1.5
      vertex 65.78 62.5 1.5
      vertex 67.1692 54.4957 1.5
    endloop
  endfacet
  facet normal 0 0 1
    outer loop
      vertex 67.1692 54.4957 1.5
      vertex 65.78 62.5 1.5
      vertex 67.1369 54.4904 1.5
    endloop
  endfacet
  facet normal 0 0 1
    outer loop
      vertex 67.1369 54.4904 1.5
      vertex 65.78 62.5 1.5
      vertex 67.1051 54.483 1.5
    endloop
  endfacet
  facet normal 0 0 1
    outer loop
      vertex 67.1051 54.483 1.5
      vertex 65.78 62.5 1.5
      vertex 67.0738 54.4735 1.5
    endloop
  endfacet
  facet normal 0 0 1
    outer loop
      vertex 67.0738 54.4735 1.5
      vertex 65.78 62.5 1.5
      vertex 67.0431 54.4619 1.5
    endloop
  endfacet
  facet normal 0 0 1
    outer loop
      vertex 67.0431 54.4619 1.5
      vertex 65.78 62.5 1.5
      vertex 67.0133 54.4484 1.5
    endloop
  endfacet
  facet normal 0 0 1
    outer loop
      vertex 67.0133 54.4484 1.5
      vertex 65.78 62.5 1.5
      vertex 66.9845 54.433 1.5
    endloop
  endfacet
  facet normal 0 0 1
    outer loop
      vertex 66.9845 54.433 1.5
      vertex 65.78 62.5 1.5
      vertex 66.9567 54.4157 1.5
    endloop
  endfacet
  facet normal 0 0 1
    outer loop
      vertex 66.9567 54.4157 1.5
      vertex 65.78 62.5 1.5
      vertex 66.9301 54.3967 1.5
    endloop
  endfacet
  facet normal 0 0 1
    outer loop
      vertex 66.9301 54.3967 1.5
      vertex 65.78 62.5 1.5
      vertex 66.9048 54.3759 1.5
    endloop
  endfacet
  facet normal 0 0 1
    outer loop
      vertex 66.9048 54.3759 1.5
      vertex 65.78 62.5 1.5
      vertex 66.8809 54.3536 1.5
    endloop
  endfacet
  facet normal 0 0 1
    outer loop
      vertex 65.78 26.5 1.5
      vertex 66.7355 35.0327 1.5
      vertex 65.78 62.5 1.5
    endloop
  endfacet
  facet normal 0 0 1
    outer loop
      vertex 66.7355 54.0327 1.5
      vertex 65.78 62.5 1.5
      vertex 66.7345 54 1.5
    endloop
  endfacet
  facet normal 0 0 1
    outer loop
      vertex 66.7388 54.0653 1.5
      vertex 65.78 62.5 1.5
      vertex 66.7355 54.0327 1.5
    endloop
  endfacet
  facet normal 0 0 1
    outer loop
      vertex 66.7441 54.0975 1.5
      vertex 65.78 62.5 1.5
      vertex 66.7388 54.0653 1.5
    endloop
  endfacet
  facet normal 0 0 1
    outer loop
      vertex 66.7515 54.1294 1.5
      vertex 65.78 62.5 1.5
      vertex 66.7441 54.0975 1.5
    endloop
  endfacet
  facet normal 0 0 1
    outer loop
      vertex 66.761 54.1607 1.5
      vertex 65.78 62.5 1.5
      vertex 66.7515 54.1294 1.5
    endloop
  endfacet
  facet normal 0 0 1
    outer loop
      vertex 66.7725 54.1913 1.5
      vertex 65.78 62.5 1.5
      vertex 66.761 54.1607 1.5
    endloop
  endfacet
  facet normal 0 0 1
    outer loop
      vertex 66.786 54.2211 1.5
      vertex 65.78 62.5 1.5
      vertex 66.7725 54.1913 1.5
    endloop
  endfacet
  facet normal 0 0 1
    outer loop
      vertex 66.8015 54.25 1.5
      vertex 65.78 62.5 1.5
      vertex 66.786 54.2211 1.5
    endloop
  endfacet
  facet normal 0 0 1
    outer loop
      vertex 66.8187 54.2778 1.5
      vertex 65.78 62.5 1.5
      vertex 66.8015 54.25 1.5
    endloop
  endfacet
  facet normal 0 0 1
    outer loop
      vertex 66.8378 54.3044 1.5
      vertex 65.78 62.5 1.5
      vertex 66.8187 54.2778 1.5
    endloop
  endfacet
  facet normal 0 0 1
    outer loop
      vertex 66.8586 54.3297 1.5
      vertex 65.78 62.5 1.5
      vertex 66.8378 54.3044 1.5
    endloop
  endfacet
  facet normal 0 0 1
    outer loop
      vertex 66.8809 54.3536 1.5
      vertex 65.78 62.5 1.5
      vertex 66.8586 54.3297 1.5
    endloop
  endfacet
  facet normal -0 0 1
    outer loop
      vertex 50.9713 63.9619 1.5
      vertex 65.78 62.5 1.5
      vertex 88 79 1.5
    endloop
  endfacet
  facet normal 0 0 1
    outer loop
      vertex 65.78 62.5 1.5
      vertex 51.2789 63.5327 1.5
      vertex 51.28 63.5 1.5
    endloop
  endfacet
  facet normal 0 0 1
    outer loop
      vertex 65.78 62.5 1.5
      vertex 51.2757 63.5653 1.5
      vertex 51.2789 63.5327 1.5
    endloop
  endfacet
  facet normal 0 0 1
    outer loop
      vertex 65.78 62.5 1.5
      vertex 51.2704 63.5975 1.5
      vertex 51.2757 63.5653 1.5
    endloop
  endfacet
  facet normal 0 0 1
    outer loop
      vertex 65.78 62.5 1.5
      vertex 51.263 63.6294 1.5
      vertex 51.2704 63.5975 1.5
    endloop
  endfacet
  facet normal 0 0 1
    outer loop
      vertex 65.78 62.5 1.5
      vertex 51.2535 63.6607 1.5
      vertex 51.263 63.6294 1.5
    endloop
  endfacet
  facet normal 0 0 1
    outer loop
      vertex 65.78 62.5 1.5
      vertex 51.2419 63.6913 1.5
      vertex 51.2535 63.6607 1.5
    endloop
  endfacet
  facet normal 0 0 1
    outer loop
      vertex 65.78 62.5 1.5
      vertex 51.2284 63.7211 1.5
      vertex 51.2419 63.6913 1.5
    endloop
  endfacet
  facet normal 0 0 1
    outer loop
      vertex 65.78 62.5 1.5
      vertex 51.213 63.75 1.5
      vertex 51.2284 63.7211 1.5
    endloop
  endfacet
  facet normal 0 0 1
    outer loop
      vertex 65.78 62.5 1.5
      vertex 51.1957 63.7778 1.5
      vertex 51.213 63.75 1.5
    endloop
  endfacet
  facet normal 0 0 1
    outer loop
      vertex 65.78 62.5 1.5
      vertex 51.1767 63.8044 1.5
      vertex 51.1957 63.7778 1.5
    endloop
  endfacet
  facet normal 0 0 1
    outer loop
      vertex 65.78 62.5 1.5
      vertex 51.1559 63.8297 1.5
      vertex 51.1767 63.8044 1.5
    endloop
  endfacet
  facet normal 0 0 1
    outer loop
      vertex 65.78 62.5 1.5
      vertex 51.1336 63.8536 1.5
      vertex 51.1559 63.8297 1.5
    endloop
  endfacet
  facet normal 0 0 1
    outer loop
      vertex 65.78 62.5 1.5
      vertex 51.1097 63.8759 1.5
      vertex 51.1336 63.8536 1.5
    endloop
  endfacet
  facet normal 0 0 1
    outer loop
      vertex 65.78 62.5 1.5
      vertex 51.0844 63.8967 1.5
      vertex 51.1097 63.8759 1.5
    endloop
  endfacet
  facet normal 0 0 1
    outer loop
      vertex 65.78 62.5 1.5
      vertex 51.0578 63.9157 1.5
      vertex 51.0844 63.8967 1.5
    endloop
  endfacet
  facet normal 0 0 1
    outer loop
      vertex 65.78 62.5 1.5
      vertex 51.03 63.933 1.5
      vertex 51.0578 63.9157 1.5
    endloop
  endfacet
  facet normal 0 0 1
    outer loop
      vertex 65.78 62.5 1.5
      vertex 51.0011 63.9484 1.5
      vertex 51.03 63.933 1.5
    endloop
  endfacet
  facet normal 0 0 1
    outer loop
      vertex 65.78 62.5 1.5
      vertex 50.9713 63.9619 1.5
      vertex 51.0011 63.9484 1.5
    endloop
  endfacet
  facet normal 0 0 1
    outer loop
      vertex 88 79 1.5
      vertex 50.9407 63.9735 1.5
      vertex 50.9713 63.9619 1.5
    endloop
  endfacet
  facet normal 0 0 1
    outer loop
      vertex 88 79 1.5
      vertex 50.9094 63.983 1.5
      vertex 50.9407 63.9735 1.5
    endloop
  endfacet
  facet normal 0 0 1
    outer loop
      vertex 88 79 1.5
      vertex 50.8775 63.9904 1.5
      vertex 50.9094 63.983 1.5
    endloop
  endfacet
  facet normal 0 0 1
    outer loop
      vertex 88 79 1.5
      vertex 50.8453 63.9957 1.5
      vertex 50.8775 63.9904 1.5
    endloop
  endfacet
  facet normal 0 0 1
    outer loop
      vertex 88 79 1.5
      vertex 50.8127 63.9989 1.5
      vertex 50.8453 63.9957 1.5
    endloop
  endfacet
  facet normal 0 0 1
    outer loop
      vertex 88 79 1.5
      vertex 50.78 64 1.5
      vertex 50.8127 63.9989 1.5
    endloop
  endfacet
  facet normal 0 0 1
    outer loop
      vertex 88 79 1.5
      vertex 50.7473 63.9989 1.5
      vertex 50.78 64 1.5
    endloop
  endfacet
  facet normal -0 0 1
    outer loop
      vertex 10 79 1.5
      vertex 50.7473 63.9989 1.5
      vertex 88 79 1.5
    endloop
  endfacet
  facet normal 0 0 1
    outer loop
      vertex 50.7473 63.9989 1.5
      vertex 10 79 1.5
      vertex 50.7147 63.9957 1.5
    endloop
  endfacet
  facet normal 0 0 1
    outer loop
      vertex 50.7147 63.9957 1.5
      vertex 10 79 1.5
      vertex 50.6825 63.9904 1.5
    endloop
  endfacet
  facet normal 0 0 1
    outer loop
      vertex 50.6825 63.9904 1.5
      vertex 10 79 1.5
      vertex 50.6506 63.983 1.5
    endloop
  endfacet
  facet normal 0 0 1
    outer loop
      vertex 50.6506 63.983 1.5
      vertex 10 79 1.5
      vertex 50.6193 63.9735 1.5
    endloop
  endfacet
  facet normal 0 0 1
    outer loop
      vertex 50.2811 63.5327 1.5
      vertex 35.78 62.5 1.5
      vertex 50.28 63.5 1.5
    endloop
  endfacet
  facet normal 0 0 1
    outer loop
      vertex 50.2843 63.5653 1.5
      vertex 35.78 62.5 1.5
      vertex 50.2811 63.5327 1.5
    endloop
  endfacet
  facet normal 0 0 1
    outer loop
      vertex 50.2896 63.5975 1.5
      vertex 35.78 62.5 1.5
      vertex 50.2843 63.5653 1.5
    endloop
  endfacet
  facet normal 0 0 1
    outer loop
      vertex 50.297 63.6294 1.5
      vertex 35.78 62.5 1.5
      vertex 50.2896 63.5975 1.5
    endloop
  endfacet
  facet normal 0 0 1
    outer loop
      vertex 50.3065 63.6607 1.5
      vertex 35.78 62.5 1.5
      vertex 50.297 63.6294 1.5
    endloop
  endfacet
  facet normal 0 0 1
    outer loop
      vertex 50.3181 63.6913 1.5
      vertex 35.78 62.5 1.5
      vertex 50.3065 63.6607 1.5
    endloop
  endfacet
  facet normal 0 0 1
    outer loop
      vertex 50.3316 63.7211 1.5
      vertex 35.78 62.5 1.5
      vertex 50.3181 63.6913 1.5
    endloop
  endfacet
  facet normal 0 0 1
    outer loop
      vertex 50.347 63.75 1.5
      vertex 35.78 62.5 1.5
      vertex 50.3316 63.7211 1.5
    endloop
  endfacet
  facet normal 0 0 1
    outer loop
      vertex 50.3643 63.7778 1.5
      vertex 35.78 62.5 1.5
      vertex 50.347 63.75 1.5
    endloop
  endfacet
  facet normal 0 0 1
    outer loop
      vertex 50.3833 63.8044 1.5
      vertex 35.78 62.5 1.5
      vertex 50.3643 63.7778 1.5
    endloop
  endfacet
  facet normal 0 0 1
    outer loop
      vertex 50.4041 63.8297 1.5
      vertex 35.78 62.5 1.5
      vertex 50.3833 63.8044 1.5
    endloop
  endfacet
  facet normal 0 0 1
    outer loop
      vertex 50.4264 63.8536 1.5
      vertex 35.78 62.5 1.5
      vertex 50.4041 63.8297 1.5
    endloop
  endfacet
  facet normal 0 0 1
    outer loop
      vertex 50.4503 63.8759 1.5
      vertex 35.78 62.5 1.5
      vertex 50.4264 63.8536 1.5
    endloop
  endfacet
  facet normal 0 0 1
    outer loop
      vertex 50.4756 63.8967 1.5
      vertex 35.78 62.5 1.5
      vertex 50.4503 63.8759 1.5
    endloop
  endfacet
  facet normal 0 0 1
    outer loop
      vertex 50.5022 63.9157 1.5
      vertex 35.78 62.5 1.5
      vertex 50.4756 63.8967 1.5
    endloop
  endfacet
  facet normal 0 0 1
    outer loop
      vertex 50.53 63.933 1.5
      vertex 35.78 62.5 1.5
      vertex 50.5022 63.9157 1.5
    endloop
  endfacet
  facet normal 0 0 1
    outer loop
      vertex 50.5589 63.9484 1.5
      vertex 35.78 62.5 1.5
      vertex 50.53 63.933 1.5
    endloop
  endfacet
  facet normal 0 0 1
    outer loop
      vertex 50.5887 63.9619 1.5
      vertex 35.78 62.5 1.5
      vertex 50.5589 63.9484 1.5
    endloop
  endfacet
  facet normal 0 -0 1
    outer loop
      vertex 35.78 62.5 1.5
      vertex 50.6193 63.9735 1.5
      vertex 10 79 1.5
    endloop
  endfacet
  facet normal 0 0 1
    outer loop
      vertex 34.8244 53.9673 1.5
      vertex 35.78 62.5 1.5
      vertex 34.8255 54 1.5
    endloop
  endfacet
  facet normal 0 0 1
    outer loop
      vertex 35.78 62.5 1.5
      vertex 34.8244 54.0327 1.5
      vertex 34.8255 54 1.5
    endloop
  endfacet
  facet normal 0 0 1
    outer loop
      vertex 35.78 62.5 1.5
      vertex 34.8212 54.0653 1.5
      vertex 34.8244 54.0327 1.5
    endloop
  endfacet
  facet normal 0 0 1
    outer loop
      vertex 35.78 62.5 1.5
      vertex 34.8159 54.0975 1.5
      vertex 34.8212 54.0653 1.5
    endloop
  endfacet
  facet normal 0 0 1
    outer loop
      vertex 35.78 62.5 1.5
      vertex 34.8085 54.1294 1.5
      vertex 34.8159 54.0975 1.5
    endloop
  endfacet
  facet normal 0 0 1
    outer loop
      vertex 35.78 62.5 1.5
      vertex 34.799 54.1607 1.5
      vertex 34.8085 54.1294 1.5
    endloop
  endfacet
  facet normal 0 0 1
    outer loop
      vertex 35.78 62.5 1.5
      vertex 34.7875 54.1913 1.5
      vertex 34.799 54.1607 1.5
    endloop
  endfacet
  facet normal 0 0 1
    outer loop
      vertex 35.78 62.5 1.5
      vertex 34.774 54.2211 1.5
      vertex 34.7875 54.1913 1.5
    endloop
  endfacet
  facet normal 0 0 1
    outer loop
      vertex 35.78 62.5 1.5
      vertex 34.7585 54.25 1.5
      vertex 34.774 54.2211 1.5
    endloop
  endfacet
  facet normal 0 0 1
    outer loop
      vertex 35.78 62.5 1.5
      vertex 34.7413 54.2778 1.5
      vertex 34.7585 54.25 1.5
    endloop
  endfacet
  facet normal 0 0 1
    outer loop
      vertex 35.78 62.5 1.5
      vertex 34.7222 54.3044 1.5
      vertex 34.7413 54.2778 1.5
    endloop
  endfacet
  facet normal 0 0 1
    outer loop
      vertex 35.78 62.5 1.5
      vertex 34.7014 54.3297 1.5
      vertex 34.7222 54.3044 1.5
    endloop
  endfacet
  facet normal 0 0 1
    outer loop
      vertex 35.78 62.5 1.5
      vertex 34.6791 54.3536 1.5
      vertex 34.7014 54.3297 1.5
    endloop
  endfacet
  facet normal 0 0 1
    outer loop
      vertex 35.78 62.5 1.5
      vertex 34.6552 54.3759 1.5
      vertex 34.6791 54.3536 1.5
    endloop
  endfacet
  facet normal 0 0 1
    outer loop
      vertex 35.78 62.5 1.5
      vertex 34.6299 54.3967 1.5
      vertex 34.6552 54.3759 1.5
    endloop
  endfacet
  facet normal 0 0 1
    outer loop
      vertex 35.78 62.5 1.5
      vertex 34.6033 54.4157 1.5
      vertex 34.6299 54.3967 1.5
    endloop
  endfacet
  facet normal 0 0 1
    outer loop
      vertex 35.78 62.5 1.5
      vertex 34.5755 54.433 1.5
      vertex 34.6033 54.4157 1.5
    endloop
  endfacet
  facet normal 0 0 1
    outer loop
      vertex 35.78 62.5 1.5
      vertex 34.5467 54.4484 1.5
      vertex 34.5755 54.433 1.5
    endloop
  endfacet
  facet normal 0 0 1
    outer loop
      vertex 35.78 62.5 1.5
      vertex 34.5169 54.4619 1.5
      vertex 34.5467 54.4484 1.5
    endloop
  endfacet
  facet normal 0 0 1
    outer loop
      vertex 35.78 62.5 1.5
      vertex 34.4862 54.4735 1.5
      vertex 34.5169 54.4619 1.5
    endloop
  endfacet
  facet normal 0 0 1
    outer loop
      vertex 35.78 62.5 1.5
      vertex 34.4549 54.483 1.5
      vertex 34.4862 54.4735 1.5
    endloop
  endfacet
  facet normal 0 0 1
    outer loop
      vertex 35.78 62.5 1.5
      vertex 34.4231 54.4904 1.5
      vertex 34.4549 54.483 1.5
    endloop
  endfacet
  facet normal 0 0 1
    outer loop
      vertex 35.78 62.5 1.5
      vertex 34.3908 54.4957 1.5
      vertex 34.4231 54.4904 1.5
    endloop
  endfacet
  facet normal 0 0 1
    outer loop
      vertex 35.78 62.5 1.5
      vertex 34.3582 54.4989 1.5
      vertex 34.3908 54.4957 1.5
    endloop
  endfacet
  facet normal 0 0 1
    outer loop
      vertex 35.78 62.5 1.5
      vertex 34.3255 54.5 1.5
      vertex 34.3582 54.4989 1.5
    endloop
  endfacet
  facet normal 0 0 1
    outer loop
      vertex 35.78 62.5 1.5
      vertex 34.2928 54.4989 1.5
      vertex 34.3255 54.5 1.5
    endloop
  endfacet
  facet normal 0 0 1
    outer loop
      vertex 35.78 62.5 1.5
      vertex 34.2603 54.4957 1.5
      vertex 34.2928 54.4989 1.5
    endloop
  endfacet
  facet normal 0 0 1
    outer loop
      vertex 35.78 62.5 1.5
      vertex 34.228 54.4904 1.5
      vertex 34.2603 54.4957 1.5
    endloop
  endfacet
  facet normal 0 0 1
    outer loop
      vertex 35.78 62.5 1.5
      vertex 34.1961 54.483 1.5
      vertex 34.228 54.4904 1.5
    endloop
  endfacet
  facet normal 0 0 1
    outer loop
      vertex 35.78 62.5 1.5
      vertex 34.1648 54.4735 1.5
      vertex 34.1961 54.483 1.5
    endloop
  endfacet
  facet normal 0 0 1
    outer loop
      vertex 35.78 62.5 1.5
      vertex 34.1342 54.4619 1.5
      vertex 34.1648 54.4735 1.5
    endloop
  endfacet
  facet normal 0 0 1
    outer loop
      vertex 35.78 62.5 1.5
      vertex 34.1044 54.4484 1.5
      vertex 34.1342 54.4619 1.5
    endloop
  endfacet
  facet normal 0 0 1
    outer loop
      vertex 35.78 62.5 1.5
      vertex 34.0755 54.433 1.5
      vertex 34.1044 54.4484 1.5
    endloop
  endfacet
  facet normal 0 0 1
    outer loop
      vertex 35.78 62.5 1.5
      vertex 34.0477 54.4157 1.5
      vertex 34.0755 54.433 1.5
    endloop
  endfacet
  facet normal 0 0 1
    outer loop
      vertex 35.78 62.5 1.5
      vertex 34.0211 54.3967 1.5
      vertex 34.0477 54.4157 1.5
    endloop
  endfacet
  facet normal 0 0 1
    outer loop
      vertex 35.78 62.5 1.5
      vertex 33.9958 54.3759 1.5
      vertex 34.0211 54.3967 1.5
    endloop
  endfacet
  facet normal 0 0 1
    outer loop
      vertex 35.78 62.5 1.5
      vertex 33.972 54.3536 1.5
      vertex 33.9958 54.3759 1.5
    endloop
  endfacet
  facet normal 0 0 1
    outer loop
      vertex 35.78 62.5 1.5
      vertex 33.9496 54.3297 1.5
      vertex 33.972 54.3536 1.5
    endloop
  endfacet
  facet normal 0 0 1
    outer loop
      vertex 35.78 62.5 1.5
      vertex 33.9288 54.3044 1.5
      vertex 33.9496 54.3297 1.5
    endloop
  endfacet
  facet normal 0 0 1
    outer loop
      vertex 35.78 62.5 1.5
      vertex 33.9098 54.2778 1.5
      vertex 33.9288 54.3044 1.5
    endloop
  endfacet
  facet normal 0 0 1
    outer loop
      vertex 35.78 62.5 1.5
      vertex 33.8925 54.25 1.5
      vertex 33.9098 54.2778 1.5
    endloop
  endfacet
  facet normal 0 0 1
    outer loop
      vertex 35.78 62.5 1.5
      vertex 33.8771 54.2211 1.5
      vertex 33.8925 54.25 1.5
    endloop
  endfacet
  facet normal 0 0 1
    outer loop
      vertex 10 79 1.5
      vertex 33.8771 54.2211 1.5
      vertex 35.78 62.5 1.5
    endloop
  endfacet
  facet normal 0 0 1
    outer loop
      vertex 33.8771 54.2211 1.5
      vertex 10 79 1.5
      vertex 33.8636 54.1913 1.5
    endloop
  endfacet
  facet normal -0 0 1
    outer loop
      vertex 0 69 1.5
      vertex 33.8636 54.1913 1.5
      vertex 10 79 1.5
    endloop
  endfacet
  facet normal 0 0 1
    outer loop
      vertex 33.8636 54.1913 1.5
      vertex 0 69 1.5
      vertex 33.8521 54.1607 1.5
    endloop
  endfacet
  facet normal -0 0 1
    outer loop
      vertex 31.9094 44.017 1.5
      vertex 34.1961 35.483 1.5
      vertex 31.9407 44.0265 1.5
    endloop
  endfacet
  facet normal 0 0 1
    outer loop
      vertex 0 69 1.5
      vertex 33.8255 54 1.5
      vertex 33.8266 54.0327 1.5
    endloop
  endfacet
  facet normal 0 0 1
    outer loop
      vertex 0 69 1.5
      vertex 33.8266 54.0327 1.5
      vertex 33.8298 54.0653 1.5
    endloop
  endfacet
  facet normal 0 0 1
    outer loop
      vertex 34.7413 53.7222 1.5
      vertex 32.2789 44.5327 1.5
      vertex 32.28 44.5 1.5
    endloop
  endfacet
  facet normal 0 0 1
    outer loop
      vertex 34.7222 53.6956 1.5
      vertex 32.2757 44.5653 1.5
      vertex 32.2789 44.5327 1.5
    endloop
  endfacet
  facet normal 0 0 1
    outer loop
      vertex 34.7014 53.6703 1.5
      vertex 32.2704 44.5975 1.5
      vertex 32.2757 44.5653 1.5
    endloop
  endfacet
  facet normal 0 0 1
    outer loop
      vertex 34.6791 53.6464 1.5
      vertex 32.263 44.6294 1.5
      vertex 32.2704 44.5975 1.5
    endloop
  endfacet
  facet normal 0 0 1
    outer loop
      vertex 0 69 1.5
      vertex 33.8298 54.0653 1.5
      vertex 33.8351 54.0975 1.5
    endloop
  endfacet
  facet normal 0 0 1
    outer loop
      vertex 34.6552 53.6241 1.5
      vertex 32.2535 44.6607 1.5
      vertex 32.263 44.6294 1.5
    endloop
  endfacet
  facet normal 0 0 1
    outer loop
      vertex 34.6299 53.6033 1.5
      vertex 32.2419 44.6913 1.5
      vertex 32.2535 44.6607 1.5
    endloop
  endfacet
  facet normal 0 0 1
    outer loop
      vertex 34.6033 53.5843 1.5
      vertex 32.2284 44.7211 1.5
      vertex 32.2419 44.6913 1.5
    endloop
  endfacet
  facet normal 0 0 1
    outer loop
      vertex 34.5755 53.567 1.5
      vertex 32.213 44.75 1.5
      vertex 32.2284 44.7211 1.5
    endloop
  endfacet
  facet normal 0 0 1
    outer loop
      vertex 34.5467 53.5516 1.5
      vertex 32.1957 44.7778 1.5
      vertex 32.213 44.75 1.5
    endloop
  endfacet
  facet normal 0 0 1
    outer loop
      vertex 34.5169 53.5381 1.5
      vertex 32.1767 44.8044 1.5
      vertex 32.1957 44.7778 1.5
    endloop
  endfacet
  facet normal 0 0 1
    outer loop
      vertex 34.4862 53.5265 1.5
      vertex 32.1559 44.8297 1.5
      vertex 32.1767 44.8044 1.5
    endloop
  endfacet
  facet normal 0 0 1
    outer loop
      vertex 34.4549 53.517 1.5
      vertex 32.1336 44.8536 1.5
      vertex 32.1559 44.8297 1.5
    endloop
  endfacet
  facet normal 0 0 1
    outer loop
      vertex 34.4231 53.5096 1.5
      vertex 32.1097 44.8759 1.5
      vertex 32.1336 44.8536 1.5
    endloop
  endfacet
  facet normal 0 0 1
    outer loop
      vertex 34.3908 53.5043 1.5
      vertex 32.0844 44.8967 1.5
      vertex 32.1097 44.8759 1.5
    endloop
  endfacet
  facet normal 0 0 1
    outer loop
      vertex 34.3582 53.5011 1.5
      vertex 32.0578 44.9157 1.5
      vertex 32.0844 44.8967 1.5
    endloop
  endfacet
  facet normal 0 0 1
    outer loop
      vertex 34.3255 53.5 1.5
      vertex 32.03 44.933 1.5
      vertex 32.0578 44.9157 1.5
    endloop
  endfacet
  facet normal 0 0 1
    outer loop
      vertex 34.2928 53.5011 1.5
      vertex 32.0011 44.9484 1.5
      vertex 32.03 44.933 1.5
    endloop
  endfacet
  facet normal 0 0 1
    outer loop
      vertex 34.2603 53.5043 1.5
      vertex 31.9713 44.9619 1.5
      vertex 32.0011 44.9484 1.5
    endloop
  endfacet
  facet normal 0 0 1
    outer loop
      vertex 34.228 53.5096 1.5
      vertex 31.9407 44.9735 1.5
      vertex 31.9713 44.9619 1.5
    endloop
  endfacet
  facet normal 0 0 1
    outer loop
      vertex 34.1961 53.517 1.5
      vertex 31.9094 44.983 1.5
      vertex 31.9407 44.9735 1.5
    endloop
  endfacet
  facet normal 0 0 1
    outer loop
      vertex 34.1648 53.5265 1.5
      vertex 31.8775 44.9904 1.5
      vertex 31.9094 44.983 1.5
    endloop
  endfacet
  facet normal 0 0 1
    outer loop
      vertex 34.1342 53.5381 1.5
      vertex 31.8453 44.9957 1.5
      vertex 31.8775 44.9904 1.5
    endloop
  endfacet
  facet normal 0 0 1
    outer loop
      vertex 34.1044 53.5516 1.5
      vertex 31.8127 44.9989 1.5
      vertex 31.8453 44.9957 1.5
    endloop
  endfacet
  facet normal 0 0 1
    outer loop
      vertex 34.0755 53.567 1.5
      vertex 31.78 45 1.5
      vertex 31.8127 44.9989 1.5
    endloop
  endfacet
  facet normal 0 0 1
    outer loop
      vertex 34.0477 53.5843 1.5
      vertex 31.7473 44.9989 1.5
      vertex 31.78 45 1.5
    endloop
  endfacet
  facet normal 0 0 1
    outer loop
      vertex 34.0211 53.6033 1.5
      vertex 31.7147 44.9957 1.5
      vertex 31.7473 44.9989 1.5
    endloop
  endfacet
  facet normal 0 0 1
    outer loop
      vertex 33.8521 54.1607 1.5
      vertex 0 69 1.5
      vertex 33.8426 54.1294 1.5
    endloop
  endfacet
  facet normal 0 0 1
    outer loop
      vertex 33.9958 53.6241 1.5
      vertex 31.6825 44.9904 1.5
      vertex 31.7147 44.9957 1.5
    endloop
  endfacet
  facet normal 0 0 1
    outer loop
      vertex 33.972 53.6464 1.5
      vertex 31.6506 44.983 1.5
      vertex 31.6825 44.9904 1.5
    endloop
  endfacet
  facet normal 0 0 1
    outer loop
      vertex 33.9496 53.6703 1.5
      vertex 31.6193 44.9735 1.5
      vertex 31.6506 44.983 1.5
    endloop
  endfacet
  facet normal 0 0 1
    outer loop
      vertex 33.9288 53.6956 1.5
      vertex 31.5887 44.9619 1.5
      vertex 31.6193 44.9735 1.5
    endloop
  endfacet
  facet normal 0 0 1
    outer loop
      vertex 33.9098 53.7222 1.5
      vertex 31.5589 44.9484 1.5
      vertex 31.5887 44.9619 1.5
    endloop
  endfacet
  facet normal 0 0 1
    outer loop
      vertex 33.8925 53.75 1.5
      vertex 31.53 44.933 1.5
      vertex 31.5589 44.9484 1.5
    endloop
  endfacet
  facet normal 0 0 1
    outer loop
      vertex 33.8771 53.7789 1.5
      vertex 31.5022 44.9157 1.5
      vertex 31.53 44.933 1.5
    endloop
  endfacet
  facet normal 0 0 1
    outer loop
      vertex 33.8636 53.8087 1.5
      vertex 31.4756 44.8967 1.5
      vertex 31.5022 44.9157 1.5
    endloop
  endfacet
  facet normal 0 0 1
    outer loop
      vertex 33.8521 53.8393 1.5
      vertex 31.4503 44.8759 1.5
      vertex 31.4756 44.8967 1.5
    endloop
  endfacet
  facet normal 0 0 1
    outer loop
      vertex 33.8426 53.8706 1.5
      vertex 31.4264 44.8536 1.5
      vertex 31.4503 44.8759 1.5
    endloop
  endfacet
  facet normal 0 0 1
    outer loop
      vertex 33.8351 53.9025 1.5
      vertex 31.4041 44.8297 1.5
      vertex 31.4264 44.8536 1.5
    endloop
  endfacet
  facet normal 0 0 1
    outer loop
      vertex 33.8255 54 1.5
      vertex 0 69 1.5
      vertex 31.347 44.75 1.5
    endloop
  endfacet
  facet normal 0 0 1
    outer loop
      vertex 33.8298 53.9347 1.5
      vertex 31.3833 44.8044 1.5
      vertex 31.4041 44.8297 1.5
    endloop
  endfacet
  facet normal 0 0 1
    outer loop
      vertex 33.8266 53.9673 1.5
      vertex 31.3643 44.7778 1.5
      vertex 31.3833 44.8044 1.5
    endloop
  endfacet
  facet normal 0 0 1
    outer loop
      vertex 33.8255 54 1.5
      vertex 31.347 44.75 1.5
      vertex 31.3643 44.7778 1.5
    endloop
  endfacet
  facet normal 0 0 1
    outer loop
      vertex 31.347 44.75 1.5
      vertex 0 69 1.5
      vertex 31.3316 44.7211 1.5
    endloop
  endfacet
  facet normal 0 0 1
    outer loop
      vertex 31.3316 44.7211 1.5
      vertex 0 69 1.5
      vertex 31.3181 44.6913 1.5
    endloop
  endfacet
  facet normal 0 0 1
    outer loop
      vertex 31.3181 44.6913 1.5
      vertex 0 69 1.5
      vertex 31.3065 44.6607 1.5
    endloop
  endfacet
  facet normal 0 0 1
    outer loop
      vertex 31.2843 44.5653 1.5
      vertex 0 69 1.5
      vertex 31.2811 44.5327 1.5
    endloop
  endfacet
  facet normal 0 0 1
    outer loop
      vertex 31.2896 44.5975 1.5
      vertex 0 69 1.5
      vertex 31.2843 44.5653 1.5
    endloop
  endfacet
  facet normal 0 0 1
    outer loop
      vertex 31.297 44.6294 1.5
      vertex 0 69 1.5
      vertex 31.2896 44.5975 1.5
    endloop
  endfacet
  facet normal 0 0 1
    outer loop
      vertex 31.3065 44.6607 1.5
      vertex 0 69 1.5
      vertex 31.297 44.6294 1.5
    endloop
  endfacet
  facet normal 0 0 1
    outer loop
      vertex 33.8426 54.1294 1.5
      vertex 0 69 1.5
      vertex 33.8351 54.0975 1.5
    endloop
  endfacet
  facet normal 0 0 1
    outer loop
      vertex 50.6193 63.9735 1.5
      vertex 35.78 62.5 1.5
      vertex 50.5887 63.9619 1.5
    endloop
  endfacet
  facet normal 0 0 1
    outer loop
      vertex 95.5184 3.40654 1.5
      vertex 88 0 1.5
      vertex 95.0711 2.92893 1.5
    endloop
  endfacet
  facet normal 0 0 1
    outer loop
      vertex 95.0711 2.92893 1.5
      vertex 88 0 1.5
      vertex 94.5935 2.4816 1.5
    endloop
  endfacet
  facet normal 0 0 1
    outer loop
      vertex 94.5935 2.4816 1.5
      vertex 88 0 1.5
      vertex 94.0876 2.06647 1.5
    endloop
  endfacet
  facet normal 0 0 1
    outer loop
      vertex 94.0876 2.06647 1.5
      vertex 88 0 1.5
      vertex 93.5557 1.6853 1.5
    endloop
  endfacet
  facet normal 0 0 1
    outer loop
      vertex 93.5557 1.6853 1.5
      vertex 88 0 1.5
      vertex 93 1.33975 1.5
    endloop
  endfacet
  facet normal 0 0 1
    outer loop
      vertex 93 1.33975 1.5
      vertex 88 0 1.5
      vertex 92.4229 1.03127 1.5
    endloop
  endfacet
  facet normal 0 0 1
    outer loop
      vertex 98 10 1.5
      vertex 88 0 1.5
      vertex 97.9786 9.34597 1.5
    endloop
  endfacet
  facet normal 0 0 1
    outer loop
      vertex 67.7334 34.9673 1.5
      vertex 70.2284 44.2789 1.5
      vertex 70.213 44.25 1.5
    endloop
  endfacet
  facet normal 0 0 1
    outer loop
      vertex 67.7345 35 1.5
      vertex 70.213 44.25 1.5
      vertex 70.1957 44.2222 1.5
    endloop
  endfacet
  facet normal 0 0 1
    outer loop
      vertex 67.7345 35 1.5
      vertex 70.1957 44.2222 1.5
      vertex 70.1767 44.1956 1.5
    endloop
  endfacet
  facet normal 0 0 1
    outer loop
      vertex 67.7345 35 1.5
      vertex 70.1767 44.1956 1.5
      vertex 70.1559 44.1703 1.5
    endloop
  endfacet
  facet normal 0 0 1
    outer loop
      vertex 67.7345 35 1.5
      vertex 70.1559 44.1703 1.5
      vertex 70.1336 44.1464 1.5
    endloop
  endfacet
  facet normal 0 0 1
    outer loop
      vertex 67.7345 35 1.5
      vertex 70.1336 44.1464 1.5
      vertex 70.1097 44.1241 1.5
    endloop
  endfacet
  facet normal 0 0 1
    outer loop
      vertex 67.7345 35 1.5
      vertex 70.1097 44.1241 1.5
      vertex 70.0844 44.1033 1.5
    endloop
  endfacet
  facet normal 0 0 1
    outer loop
      vertex 67.7345 35 1.5
      vertex 70.0844 44.1033 1.5
      vertex 70.0578 44.0843 1.5
    endloop
  endfacet
  facet normal 0 0 1
    outer loop
      vertex 67.7345 35 1.5
      vertex 70.0578 44.0843 1.5
      vertex 70.03 44.067 1.5
    endloop
  endfacet
  facet normal 0 0 1
    outer loop
      vertex 67.7345 35 1.5
      vertex 70.03 44.067 1.5
      vertex 70.0011 44.0516 1.5
    endloop
  endfacet
  facet normal 0 0 1
    outer loop
      vertex 67.7345 35 1.5
      vertex 70.0011 44.0516 1.5
      vertex 69.9713 44.0381 1.5
    endloop
  endfacet
  facet normal 0 0 1
    outer loop
      vertex 67.7345 35 1.5
      vertex 69.9713 44.0381 1.5
      vertex 69.9407 44.0265 1.5
    endloop
  endfacet
  facet normal 0 0 1
    outer loop
      vertex 67.7345 35 1.5
      vertex 69.9407 44.0265 1.5
      vertex 69.9094 44.017 1.5
    endloop
  endfacet
  facet normal 0 0 1
    outer loop
      vertex 67.7345 35 1.5
      vertex 69.9094 44.017 1.5
      vertex 69.8775 44.0096 1.5
    endloop
  endfacet
  facet normal 0 0 1
    outer loop
      vertex 67.7345 35 1.5
      vertex 69.8775 44.0096 1.5
      vertex 69.8453 44.0043 1.5
    endloop
  endfacet
  facet normal 0 0 1
    outer loop
      vertex 67.7345 35 1.5
      vertex 69.8453 44.0043 1.5
      vertex 69.8127 44.0011 1.5
    endloop
  endfacet
  facet normal 0 0 1
    outer loop
      vertex 67.7345 35 1.5
      vertex 69.8127 44.0011 1.5
      vertex 69.78 44 1.5
    endloop
  endfacet
  facet normal 0 0 1
    outer loop
      vertex 67.7345 35 1.5
      vertex 69.78 44 1.5
      vertex 69.7473 44.0011 1.5
    endloop
  endfacet
  facet normal 0 0 1
    outer loop
      vertex 67.7345 35 1.5
      vertex 69.7473 44.0011 1.5
      vertex 69.7147 44.0043 1.5
    endloop
  endfacet
  facet normal 0 0 1
    outer loop
      vertex 67.7345 35 1.5
      vertex 69.7147 44.0043 1.5
      vertex 69.6825 44.0096 1.5
    endloop
  endfacet
  facet normal 0 0 1
    outer loop
      vertex 67.7345 35 1.5
      vertex 69.6825 44.0096 1.5
      vertex 69.6506 44.017 1.5
    endloop
  endfacet
  facet normal 0 0 1
    outer loop
      vertex 67.7345 35 1.5
      vertex 69.6506 44.017 1.5
      vertex 69.6193 44.0265 1.5
    endloop
  endfacet
  facet normal 0 0 1
    outer loop
      vertex 67.7345 35 1.5
      vertex 69.6193 44.0265 1.5
      vertex 69.5887 44.0381 1.5
    endloop
  endfacet
  facet normal 0 0 1
    outer loop
      vertex 67.7345 35 1.5
      vertex 69.5887 44.0381 1.5
      vertex 69.5589 44.0516 1.5
    endloop
  endfacet
  facet normal 0 0 1
    outer loop
      vertex 67.7345 35 1.5
      vertex 69.5589 44.0516 1.5
      vertex 69.53 44.067 1.5
    endloop
  endfacet
  facet normal 0 0 1
    outer loop
      vertex 67.7345 35 1.5
      vertex 69.53 44.067 1.5
      vertex 69.5022 44.0843 1.5
    endloop
  endfacet
  facet normal 0 0 1
    outer loop
      vertex 67.7345 35 1.5
      vertex 69.5022 44.0843 1.5
      vertex 69.4756 44.1033 1.5
    endloop
  endfacet
  facet normal 0 0 1
    outer loop
      vertex 67.7345 35 1.5
      vertex 69.4756 44.1033 1.5
      vertex 69.4503 44.1241 1.5
    endloop
  endfacet
  facet normal 0 0 1
    outer loop
      vertex 67.7345 35 1.5
      vertex 69.4503 44.1241 1.5
      vertex 69.4264 44.1464 1.5
    endloop
  endfacet
  facet normal 0 0 1
    outer loop
      vertex 67.7345 35 1.5
      vertex 69.4264 44.1464 1.5
      vertex 69.4041 44.1703 1.5
    endloop
  endfacet
  facet normal 0 0 1
    outer loop
      vertex 67.7345 35 1.5
      vertex 69.4041 44.1703 1.5
      vertex 69.3833 44.1956 1.5
    endloop
  endfacet
  facet normal 0 0 1
    outer loop
      vertex 67.7345 35 1.5
      vertex 69.3833 44.1956 1.5
      vertex 69.3643 44.2222 1.5
    endloop
  endfacet
  facet normal 0 0 1
    outer loop
      vertex 67.7345 35 1.5
      vertex 69.3643 44.2222 1.5
      vertex 69.347 44.25 1.5
    endloop
  endfacet
  facet normal 0 0 1
    outer loop
      vertex 67.7345 35 1.5
      vertex 69.347 44.25 1.5
      vertex 69.3316 44.2789 1.5
    endloop
  endfacet
  facet normal 0 0 1
    outer loop
      vertex 67.7345 35 1.5
      vertex 69.3316 44.2789 1.5
      vertex 69.3181 44.3087 1.5
    endloop
  endfacet
  facet normal 0 0 1
    outer loop
      vertex 69.6506 44.983 1.5
      vertex 67.3639 53.517 1.5
      vertex 69.6193 44.9735 1.5
    endloop
  endfacet
  facet normal 0 0 1
    outer loop
      vertex 69.28 44.5 1.5
      vertex 67.7345 35 1.5
      vertex 69.2811 44.4673 1.5
    endloop
  endfacet
  facet normal 0 0 1
    outer loop
      vertex 69.2811 44.4673 1.5
      vertex 67.7345 35 1.5
      vertex 69.2843 44.4347 1.5
    endloop
  endfacet
  facet normal 0 0 1
    outer loop
      vertex 67.7345 35 1.5
      vertex 69.2896 44.4025 1.5
      vertex 69.2843 44.4347 1.5
    endloop
  endfacet
  facet normal 0 0 1
    outer loop
      vertex 67.7345 35 1.5
      vertex 69.297 44.3706 1.5
      vertex 69.2896 44.4025 1.5
    endloop
  endfacet
  facet normal 0 0 1
    outer loop
      vertex 67.7345 35 1.5
      vertex 69.3065 44.3393 1.5
      vertex 69.297 44.3706 1.5
    endloop
  endfacet
  facet normal 0 0 1
    outer loop
      vertex 67.7345 35 1.5
      vertex 69.3181 44.3087 1.5
      vertex 69.3065 44.3393 1.5
    endloop
  endfacet
  facet normal 0 0 1
    outer loop
      vertex 70.213 44.25 1.5
      vertex 67.7345 35 1.5
      vertex 67.7334 34.9673 1.5
    endloop
  endfacet
  facet normal 0 0 1
    outer loop
      vertex 97.9786 9.34597 1.5
      vertex 88 0 1.5
      vertex 97.9144 8.69474 1.5
    endloop
  endfacet
  facet normal 0 0 1
    outer loop
      vertex 92.4229 1.03127 1.5
      vertex 88 0 1.5
      vertex 91.8268 0.761204 1.5
    endloop
  endfacet
  facet normal 0 0 1
    outer loop
      vertex 91.8268 0.761204 1.5
      vertex 88 0 1.5
      vertex 91.2144 0.530698 1.5
    endloop
  endfacet
  facet normal 0 0 1
    outer loop
      vertex 91.2144 0.530698 1.5
      vertex 88 0 1.5
      vertex 90.5882 0.340741 1.5
    endloop
  endfacet
  facet normal 0 0 1
    outer loop
      vertex 90.5882 0.340741 1.5
      vertex 88 0 1.5
      vertex 89.9509 0.192146 1.5
    endloop
  endfacet
  facet normal 0 0 1
    outer loop
      vertex 89.9509 0.192146 1.5
      vertex 88 0 1.5
      vertex 89.3053 0.0855513 1.5
    endloop
  endfacet
  facet normal 0 -0 1
    outer loop
      vertex 88 0 1.5
      vertex 98 10 1.5
      vertex 65.78 26.5 1.5
    endloop
  endfacet
  facet normal 0 0 1
    outer loop
      vertex 65.78 26.5 1.5
      vertex 67.6829 34.7789 1.5
      vertex 67.6675 34.75 1.5
    endloop
  endfacet
  facet normal 0 0 1
    outer loop
      vertex 65.78 26.5 1.5
      vertex 67.6675 34.75 1.5
      vertex 67.6502 34.7222 1.5
    endloop
  endfacet
  facet normal 0 0 1
    outer loop
      vertex 65.78 26.5 1.5
      vertex 67.6502 34.7222 1.5
      vertex 67.6312 34.6956 1.5
    endloop
  endfacet
  facet normal 0 0 1
    outer loop
      vertex 65.78 26.5 1.5
      vertex 67.6312 34.6956 1.5
      vertex 67.6104 34.6703 1.5
    endloop
  endfacet
  facet normal 0 0 1
    outer loop
      vertex 65.78 26.5 1.5
      vertex 67.6104 34.6703 1.5
      vertex 67.588 34.6464 1.5
    endloop
  endfacet
  facet normal 0 0 1
    outer loop
      vertex 65.78 26.5 1.5
      vertex 67.588 34.6464 1.5
      vertex 67.5642 34.6241 1.5
    endloop
  endfacet
  facet normal 0 0 1
    outer loop
      vertex 65.78 26.5 1.5
      vertex 67.5642 34.6241 1.5
      vertex 67.5389 34.6033 1.5
    endloop
  endfacet
  facet normal 0 0 1
    outer loop
      vertex 65.78 26.5 1.5
      vertex 67.5389 34.6033 1.5
      vertex 67.5123 34.5843 1.5
    endloop
  endfacet
  facet normal 0 0 1
    outer loop
      vertex 65.78 26.5 1.5
      vertex 67.5123 34.5843 1.5
      vertex 67.4845 34.567 1.5
    endloop
  endfacet
  facet normal 0 0 1
    outer loop
      vertex 65.78 26.5 1.5
      vertex 67.4845 34.567 1.5
      vertex 67.4556 34.5516 1.5
    endloop
  endfacet
  facet normal 0 0 1
    outer loop
      vertex 65.78 26.5 1.5
      vertex 67.4556 34.5516 1.5
      vertex 67.4258 34.5381 1.5
    endloop
  endfacet
  facet normal 0 0 1
    outer loop
      vertex 65.78 26.5 1.5
      vertex 67.4258 34.5381 1.5
      vertex 67.3952 34.5265 1.5
    endloop
  endfacet
  facet normal 0 0 1
    outer loop
      vertex 65.78 26.5 1.5
      vertex 67.3952 34.5265 1.5
      vertex 67.3639 34.517 1.5
    endloop
  endfacet
  facet normal 0 0 1
    outer loop
      vertex 65.78 26.5 1.5
      vertex 67.3639 34.517 1.5
      vertex 67.332 34.5096 1.5
    endloop
  endfacet
  facet normal 0 0 1
    outer loop
      vertex 65.78 26.5 1.5
      vertex 67.332 34.5096 1.5
      vertex 67.2997 34.5043 1.5
    endloop
  endfacet
  facet normal 0 0 1
    outer loop
      vertex 65.78 26.5 1.5
      vertex 67.2997 34.5043 1.5
      vertex 67.2672 34.5011 1.5
    endloop
  endfacet
  facet normal 0 0 1
    outer loop
      vertex 65.78 26.5 1.5
      vertex 67.2672 34.5011 1.5
      vertex 67.2345 34.5 1.5
    endloop
  endfacet
  facet normal 0 0 1
    outer loop
      vertex 65.78 26.5 1.5
      vertex 67.2345 34.5 1.5
      vertex 67.2018 34.5011 1.5
    endloop
  endfacet
  facet normal 0 0 1
    outer loop
      vertex 65.78 26.5 1.5
      vertex 67.2018 34.5011 1.5
      vertex 67.1692 34.5043 1.5
    endloop
  endfacet
  facet normal 0 0 1
    outer loop
      vertex 65.78 26.5 1.5
      vertex 67.1692 34.5043 1.5
      vertex 67.1369 34.5096 1.5
    endloop
  endfacet
  facet normal 0 0 1
    outer loop
      vertex 65.78 26.5 1.5
      vertex 67.1369 34.5096 1.5
      vertex 67.1051 34.517 1.5
    endloop
  endfacet
  facet normal 0 0 1
    outer loop
      vertex 65.78 26.5 1.5
      vertex 67.1051 34.517 1.5
      vertex 67.0738 34.5265 1.5
    endloop
  endfacet
  facet normal 0 0 1
    outer loop
      vertex 65.78 26.5 1.5
      vertex 67.0738 34.5265 1.5
      vertex 67.0431 34.5381 1.5
    endloop
  endfacet
  facet normal 0 0 1
    outer loop
      vertex 65.78 26.5 1.5
      vertex 67.0431 34.5381 1.5
      vertex 67.0133 34.5516 1.5
    endloop
  endfacet
  facet normal 0 0 1
    outer loop
      vertex 65.78 26.5 1.5
      vertex 67.0133 34.5516 1.5
      vertex 66.9845 34.567 1.5
    endloop
  endfacet
  facet normal 0 0 1
    outer loop
      vertex 65.78 26.5 1.5
      vertex 66.9845 34.567 1.5
      vertex 66.9567 34.5843 1.5
    endloop
  endfacet
  facet normal 0 0 1
    outer loop
      vertex 65.78 26.5 1.5
      vertex 66.9567 34.5843 1.5
      vertex 66.9301 34.6033 1.5
    endloop
  endfacet
  facet normal 0 0 1
    outer loop
      vertex 65.78 26.5 1.5
      vertex 66.9301 34.6033 1.5
      vertex 66.9048 34.6241 1.5
    endloop
  endfacet
  facet normal 0 0 1
    outer loop
      vertex 65.78 26.5 1.5
      vertex 66.9048 34.6241 1.5
      vertex 66.8809 34.6464 1.5
    endloop
  endfacet
  facet normal 0 0 1
    outer loop
      vertex 65.78 26.5 1.5
      vertex 66.8809 34.6464 1.5
      vertex 66.8586 34.6703 1.5
    endloop
  endfacet
  facet normal 0 0 1
    outer loop
      vertex 65.78 26.5 1.5
      vertex 66.8586 34.6703 1.5
      vertex 66.8378 34.6956 1.5
    endloop
  endfacet
  facet normal 0 0 1
    outer loop
      vertex 65.78 26.5 1.5
      vertex 66.8378 34.6956 1.5
      vertex 66.8187 34.7222 1.5
    endloop
  endfacet
  facet normal 0 0 1
    outer loop
      vertex 65.78 26.5 1.5
      vertex 66.8187 34.7222 1.5
      vertex 66.8015 34.75 1.5
    endloop
  endfacet
  facet normal 0 0 1
    outer loop
      vertex 66.7355 35.0327 1.5
      vertex 65.78 26.5 1.5
      vertex 66.7345 35 1.5
    endloop
  endfacet
  facet normal 0 0 1
    outer loop
      vertex 66.7345 35 1.5
      vertex 65.78 26.5 1.5
      vertex 66.7355 34.9673 1.5
    endloop
  endfacet
  facet normal 0 0 1
    outer loop
      vertex 65.78 26.5 1.5
      vertex 66.7388 34.9347 1.5
      vertex 66.7355 34.9673 1.5
    endloop
  endfacet
  facet normal 0 0 1
    outer loop
      vertex 65.78 26.5 1.5
      vertex 66.7441 34.9025 1.5
      vertex 66.7388 34.9347 1.5
    endloop
  endfacet
  facet normal 0 0 1
    outer loop
      vertex 65.78 26.5 1.5
      vertex 66.7515 34.8706 1.5
      vertex 66.7441 34.9025 1.5
    endloop
  endfacet
  facet normal 0 0 1
    outer loop
      vertex 65.78 26.5 1.5
      vertex 66.761 34.8393 1.5
      vertex 66.7515 34.8706 1.5
    endloop
  endfacet
  facet normal 0 0 1
    outer loop
      vertex 65.78 26.5 1.5
      vertex 66.7725 34.8087 1.5
      vertex 66.761 34.8393 1.5
    endloop
  endfacet
  facet normal 0 0 1
    outer loop
      vertex 65.78 26.5 1.5
      vertex 66.786 34.7789 1.5
      vertex 66.7725 34.8087 1.5
    endloop
  endfacet
  facet normal 0 0 1
    outer loop
      vertex 65.78 26.5 1.5
      vertex 66.8015 34.75 1.5
      vertex 66.786 34.7789 1.5
    endloop
  endfacet
  facet normal 0 0 1
    outer loop
      vertex 89.3053 0.0855513 1.5
      vertex 88 0 1.5
      vertex 88.654 0.02141 1.5
    endloop
  endfacet
  facet normal 0 0 1
    outer loop
      vertex 51.2789 25.4673 1.5
      vertex 65.78 26.5 1.5
      vertex 51.28 25.5 1.5
    endloop
  endfacet
  facet normal 0 0 1
    outer loop
      vertex 51.2757 25.4347 1.5
      vertex 65.78 26.5 1.5
      vertex 51.2789 25.4673 1.5
    endloop
  endfacet
  facet normal 0 0 1
    outer loop
      vertex 51.2704 25.4025 1.5
      vertex 65.78 26.5 1.5
      vertex 51.2757 25.4347 1.5
    endloop
  endfacet
  facet normal 0 0 1
    outer loop
      vertex 51.263 25.3706 1.5
      vertex 65.78 26.5 1.5
      vertex 51.2704 25.4025 1.5
    endloop
  endfacet
  facet normal 0 0 1
    outer loop
      vertex 51.2535 25.3393 1.5
      vertex 65.78 26.5 1.5
      vertex 51.263 25.3706 1.5
    endloop
  endfacet
  facet normal 0 0 1
    outer loop
      vertex 51.2419 25.3087 1.5
      vertex 65.78 26.5 1.5
      vertex 51.2535 25.3393 1.5
    endloop
  endfacet
  facet normal 0 0 1
    outer loop
      vertex 51.2284 25.2789 1.5
      vertex 65.78 26.5 1.5
      vertex 51.2419 25.3087 1.5
    endloop
  endfacet
  facet normal 0 0 1
    outer loop
      vertex 51.213 25.25 1.5
      vertex 65.78 26.5 1.5
      vertex 51.2284 25.2789 1.5
    endloop
  endfacet
  facet normal 0 0 1
    outer loop
      vertex 51.1957 25.2222 1.5
      vertex 65.78 26.5 1.5
      vertex 51.213 25.25 1.5
    endloop
  endfacet
  facet normal 0 0 1
    outer loop
      vertex 51.1767 25.1956 1.5
      vertex 65.78 26.5 1.5
      vertex 51.1957 25.2222 1.5
    endloop
  endfacet
  facet normal 0 0 1
    outer loop
      vertex 51.1559 25.1703 1.5
      vertex 65.78 26.5 1.5
      vertex 51.1767 25.1956 1.5
    endloop
  endfacet
  facet normal 0 0 1
    outer loop
      vertex 51.1336 25.1464 1.5
      vertex 65.78 26.5 1.5
      vertex 51.1559 25.1703 1.5
    endloop
  endfacet
  facet normal 0 0 1
    outer loop
      vertex 51.1097 25.1241 1.5
      vertex 65.78 26.5 1.5
      vertex 51.1336 25.1464 1.5
    endloop
  endfacet
  facet normal 0 0 1
    outer loop
      vertex 51.0844 25.1033 1.5
      vertex 65.78 26.5 1.5
      vertex 51.1097 25.1241 1.5
    endloop
  endfacet
  facet normal 0 0 1
    outer loop
      vertex 51.0578 25.0843 1.5
      vertex 65.78 26.5 1.5
      vertex 51.0844 25.1033 1.5
    endloop
  endfacet
  facet normal 0 0 1
    outer loop
      vertex 51.03 25.067 1.5
      vertex 65.78 26.5 1.5
      vertex 51.0578 25.0843 1.5
    endloop
  endfacet
  facet normal 0 0 1
    outer loop
      vertex 51.0011 25.0516 1.5
      vertex 65.78 26.5 1.5
      vertex 51.03 25.067 1.5
    endloop
  endfacet
  facet normal 0 0 1
    outer loop
      vertex 50.9713 25.0381 1.5
      vertex 65.78 26.5 1.5
      vertex 51.0011 25.0516 1.5
    endloop
  endfacet
  facet normal 0 0 1
    outer loop
      vertex 65.78 26.5 1.5
      vertex 50.9713 25.0381 1.5
      vertex 88 0 1.5
    endloop
  endfacet
  facet normal -0 0 1
    outer loop
      vertex 50.9407 25.0265 1.5
      vertex 88 0 1.5
      vertex 50.9713 25.0381 1.5
    endloop
  endfacet
  facet normal -0 0 1
    outer loop
      vertex 50.9094 25.017 1.5
      vertex 88 0 1.5
      vertex 50.9407 25.0265 1.5
    endloop
  endfacet
  facet normal -0 0 1
    outer loop
      vertex 50.8775 25.0096 1.5
      vertex 88 0 1.5
      vertex 50.9094 25.017 1.5
    endloop
  endfacet
  facet normal -0 0 1
    outer loop
      vertex 50.8453 25.0043 1.5
      vertex 88 0 1.5
      vertex 50.8775 25.0096 1.5
    endloop
  endfacet
  facet normal -0 0 1
    outer loop
      vertex 50.8127 25.0011 1.5
      vertex 88 0 1.5
      vertex 50.8453 25.0043 1.5
    endloop
  endfacet
  facet normal -0 0 1
    outer loop
      vertex 50.78 25 1.5
      vertex 88 0 1.5
      vertex 50.8127 25.0011 1.5
    endloop
  endfacet
  facet normal 0 0 1
    outer loop
      vertex 50.7473 25.0011 1.5
      vertex 88 0 1.5
      vertex 50.78 25 1.5
    endloop
  endfacet
  facet normal 0 0 1
    outer loop
      vertex 10 0 1.5
      vertex 50.7473 25.0011 1.5
      vertex 50.7147 25.0043 1.5
    endloop
  endfacet
  facet normal 0 0 1
    outer loop
      vertex 10 0 1.5
      vertex 50.7147 25.0043 1.5
      vertex 50.6825 25.0096 1.5
    endloop
  endfacet
  facet normal 0 0 1
    outer loop
      vertex 10 0 1.5
      vertex 50.6825 25.0096 1.5
      vertex 50.6506 25.017 1.5
    endloop
  endfacet
  facet normal 0 0 1
    outer loop
      vertex 10 0 1.5
      vertex 50.6506 25.017 1.5
      vertex 50.6193 25.0265 1.5
    endloop
  endfacet
  facet normal 0 0 1
    outer loop
      vertex 35.78 26.5 1.5
      vertex 50.6193 25.0265 1.5
      vertex 50.5887 25.0381 1.5
    endloop
  endfacet
  facet normal 0 0 1
    outer loop
      vertex 35.78 26.5 1.5
      vertex 50.5887 25.0381 1.5
      vertex 50.5589 25.0516 1.5
    endloop
  endfacet
  facet normal 0 0 1
    outer loop
      vertex 35.78 26.5 1.5
      vertex 50.5589 25.0516 1.5
      vertex 50.53 25.067 1.5
    endloop
  endfacet
  facet normal 0 0 1
    outer loop
      vertex 35.78 26.5 1.5
      vertex 50.53 25.067 1.5
      vertex 50.5022 25.0843 1.5
    endloop
  endfacet
  facet normal 0 0 1
    outer loop
      vertex 35.78 26.5 1.5
      vertex 50.2811 25.4673 1.5
      vertex 50.28 25.5 1.5
    endloop
  endfacet
  facet normal 0 0 1
    outer loop
      vertex 35.78 26.5 1.5
      vertex 50.2843 25.4347 1.5
      vertex 50.2811 25.4673 1.5
    endloop
  endfacet
  facet normal 0 0 1
    outer loop
      vertex 35.78 26.5 1.5
      vertex 50.2896 25.4025 1.5
      vertex 50.2843 25.4347 1.5
    endloop
  endfacet
  facet normal 0 0 1
    outer loop
      vertex 35.78 26.5 1.5
      vertex 50.297 25.3706 1.5
      vertex 50.2896 25.4025 1.5
    endloop
  endfacet
  facet normal 0 0 1
    outer loop
      vertex 35.78 26.5 1.5
      vertex 50.3065 25.3393 1.5
      vertex 50.297 25.3706 1.5
    endloop
  endfacet
  facet normal 0 0 1
    outer loop
      vertex 35.78 26.5 1.5
      vertex 50.3181 25.3087 1.5
      vertex 50.3065 25.3393 1.5
    endloop
  endfacet
  facet normal 0 0 1
    outer loop
      vertex 35.78 26.5 1.5
      vertex 50.3316 25.2789 1.5
      vertex 50.3181 25.3087 1.5
    endloop
  endfacet
  facet normal 0 0 1
    outer loop
      vertex 35.78 26.5 1.5
      vertex 50.347 25.25 1.5
      vertex 50.3316 25.2789 1.5
    endloop
  endfacet
  facet normal 0 0 1
    outer loop
      vertex 35.78 26.5 1.5
      vertex 50.3643 25.2222 1.5
      vertex 50.347 25.25 1.5
    endloop
  endfacet
  facet normal 0 0 1
    outer loop
      vertex 35.78 26.5 1.5
      vertex 50.3833 25.1956 1.5
      vertex 50.3643 25.2222 1.5
    endloop
  endfacet
  facet normal 0 0 1
    outer loop
      vertex 35.78 26.5 1.5
      vertex 50.4041 25.1703 1.5
      vertex 50.3833 25.1956 1.5
    endloop
  endfacet
  facet normal 0 0 1
    outer loop
      vertex 35.78 26.5 1.5
      vertex 50.4264 25.1464 1.5
      vertex 50.4041 25.1703 1.5
    endloop
  endfacet
  facet normal 0 0 1
    outer loop
      vertex 35.78 26.5 1.5
      vertex 50.4503 25.1241 1.5
      vertex 50.4264 25.1464 1.5
    endloop
  endfacet
  facet normal 0 0 1
    outer loop
      vertex 35.78 26.5 1.5
      vertex 50.4756 25.1033 1.5
      vertex 50.4503 25.1241 1.5
    endloop
  endfacet
  facet normal 0 0 1
    outer loop
      vertex 35.78 26.5 1.5
      vertex 50.5022 25.0843 1.5
      vertex 50.4756 25.1033 1.5
    endloop
  endfacet
  facet normal 0 0 1
    outer loop
      vertex 50.6193 25.0265 1.5
      vertex 35.78 26.5 1.5
      vertex 10 0 1.5
    endloop
  endfacet
  facet normal 0 0 1
    outer loop
      vertex 35.78 62.5 1.5
      vertex 34.8244 53.9673 1.5
      vertex 35.78 26.5 1.5
    endloop
  endfacet
  facet normal -0 0 1
    outer loop
      vertex 34.8244 34.9673 1.5
      vertex 35.78 26.5 1.5
      vertex 34.8255 35 1.5
    endloop
  endfacet
  facet normal -0 0 1
    outer loop
      vertex 34.8212 34.9347 1.5
      vertex 35.78 26.5 1.5
      vertex 34.8244 34.9673 1.5
    endloop
  endfacet
  facet normal -0 0 1
    outer loop
      vertex 34.8159 34.9025 1.5
      vertex 35.78 26.5 1.5
      vertex 34.8212 34.9347 1.5
    endloop
  endfacet
  facet normal -0 0 1
    outer loop
      vertex 34.8085 34.8706 1.5
      vertex 35.78 26.5 1.5
      vertex 34.8159 34.9025 1.5
    endloop
  endfacet
  facet normal -0 0 1
    outer loop
      vertex 34.799 34.8393 1.5
      vertex 35.78 26.5 1.5
      vertex 34.8085 34.8706 1.5
    endloop
  endfacet
  facet normal -0 0 1
    outer loop
      vertex 34.7875 34.8087 1.5
      vertex 35.78 26.5 1.5
      vertex 34.799 34.8393 1.5
    endloop
  endfacet
  facet normal -0 0 1
    outer loop
      vertex 34.774 34.7789 1.5
      vertex 35.78 26.5 1.5
      vertex 34.7875 34.8087 1.5
    endloop
  endfacet
  facet normal -0 0 1
    outer loop
      vertex 34.7585 34.75 1.5
      vertex 35.78 26.5 1.5
      vertex 34.774 34.7789 1.5
    endloop
  endfacet
  facet normal -0 0 1
    outer loop
      vertex 34.7413 34.7222 1.5
      vertex 35.78 26.5 1.5
      vertex 34.7585 34.75 1.5
    endloop
  endfacet
  facet normal -0 0 1
    outer loop
      vertex 34.7222 34.6956 1.5
      vertex 35.78 26.5 1.5
      vertex 34.7413 34.7222 1.5
    endloop
  endfacet
  facet normal -0 0 1
    outer loop
      vertex 34.7014 34.6703 1.5
      vertex 35.78 26.5 1.5
      vertex 34.7222 34.6956 1.5
    endloop
  endfacet
  facet normal -0 0 1
    outer loop
      vertex 34.6791 34.6464 1.5
      vertex 35.78 26.5 1.5
      vertex 34.7014 34.6703 1.5
    endloop
  endfacet
  facet normal -0 0 1
    outer loop
      vertex 34.6552 34.6241 1.5
      vertex 35.78 26.5 1.5
      vertex 34.6791 34.6464 1.5
    endloop
  endfacet
  facet normal -0 0 1
    outer loop
      vertex 34.6299 34.6033 1.5
      vertex 35.78 26.5 1.5
      vertex 34.6552 34.6241 1.5
    endloop
  endfacet
  facet normal -0 0 1
    outer loop
      vertex 34.6033 34.5843 1.5
      vertex 35.78 26.5 1.5
      vertex 34.6299 34.6033 1.5
    endloop
  endfacet
  facet normal -0 0 1
    outer loop
      vertex 34.5755 34.567 1.5
      vertex 35.78 26.5 1.5
      vertex 34.6033 34.5843 1.5
    endloop
  endfacet
  facet normal -0 0 1
    outer loop
      vertex 34.5467 34.5516 1.5
      vertex 35.78 26.5 1.5
      vertex 34.5755 34.567 1.5
    endloop
  endfacet
  facet normal -0 0 1
    outer loop
      vertex 34.5169 34.5381 1.5
      vertex 35.78 26.5 1.5
      vertex 34.5467 34.5516 1.5
    endloop
  endfacet
  facet normal -0 0 1
    outer loop
      vertex 34.4862 34.5265 1.5
      vertex 35.78 26.5 1.5
      vertex 34.5169 34.5381 1.5
    endloop
  endfacet
  facet normal -0 0 1
    outer loop
      vertex 34.4549 34.517 1.5
      vertex 35.78 26.5 1.5
      vertex 34.4862 34.5265 1.5
    endloop
  endfacet
  facet normal -0 0 1
    outer loop
      vertex 34.4231 34.5096 1.5
      vertex 35.78 26.5 1.5
      vertex 34.4549 34.517 1.5
    endloop
  endfacet
  facet normal -0 0 1
    outer loop
      vertex 34.3908 34.5043 1.5
      vertex 35.78 26.5 1.5
      vertex 34.4231 34.5096 1.5
    endloop
  endfacet
  facet normal -0 0 1
    outer loop
      vertex 34.3582 34.5011 1.5
      vertex 35.78 26.5 1.5
      vertex 34.3908 34.5043 1.5
    endloop
  endfacet
  facet normal -0 0 1
    outer loop
      vertex 34.3255 34.5 1.5
      vertex 35.78 26.5 1.5
      vertex 34.3582 34.5011 1.5
    endloop
  endfacet
  facet normal 0 0 1
    outer loop
      vertex 34.2928 34.5011 1.5
      vertex 35.78 26.5 1.5
      vertex 34.3255 34.5 1.5
    endloop
  endfacet
  facet normal 0 0 1
    outer loop
      vertex 34.2603 34.5043 1.5
      vertex 35.78 26.5 1.5
      vertex 34.2928 34.5011 1.5
    endloop
  endfacet
  facet normal 0 0 1
    outer loop
      vertex 34.228 34.5096 1.5
      vertex 35.78 26.5 1.5
      vertex 34.2603 34.5043 1.5
    endloop
  endfacet
  facet normal 0 0 1
    outer loop
      vertex 34.1961 34.517 1.5
      vertex 35.78 26.5 1.5
      vertex 34.228 34.5096 1.5
    endloop
  endfacet
  facet normal 0 0 1
    outer loop
      vertex 34.1648 34.5265 1.5
      vertex 35.78 26.5 1.5
      vertex 34.1961 34.517 1.5
    endloop
  endfacet
  facet normal 0 0 1
    outer loop
      vertex 34.1342 34.5381 1.5
      vertex 35.78 26.5 1.5
      vertex 34.1648 34.5265 1.5
    endloop
  endfacet
  facet normal 0 0 1
    outer loop
      vertex 34.1044 34.5516 1.5
      vertex 35.78 26.5 1.5
      vertex 34.1342 34.5381 1.5
    endloop
  endfacet
  facet normal 0 0 1
    outer loop
      vertex 34.0755 34.567 1.5
      vertex 35.78 26.5 1.5
      vertex 34.1044 34.5516 1.5
    endloop
  endfacet
  facet normal 0 0 1
    outer loop
      vertex 34.0477 34.5843 1.5
      vertex 35.78 26.5 1.5
      vertex 34.0755 34.567 1.5
    endloop
  endfacet
  facet normal 0 0 1
    outer loop
      vertex 34.0211 34.6033 1.5
      vertex 35.78 26.5 1.5
      vertex 34.0477 34.5843 1.5
    endloop
  endfacet
  facet normal 0 0 1
    outer loop
      vertex 33.9958 34.6241 1.5
      vertex 35.78 26.5 1.5
      vertex 34.0211 34.6033 1.5
    endloop
  endfacet
  facet normal 0 0 1
    outer loop
      vertex 33.972 34.6464 1.5
      vertex 35.78 26.5 1.5
      vertex 33.9958 34.6241 1.5
    endloop
  endfacet
  facet normal 0 0 1
    outer loop
      vertex 33.9496 34.6703 1.5
      vertex 35.78 26.5 1.5
      vertex 33.972 34.6464 1.5
    endloop
  endfacet
  facet normal 0 0 1
    outer loop
      vertex 33.9288 34.6956 1.5
      vertex 35.78 26.5 1.5
      vertex 33.9496 34.6703 1.5
    endloop
  endfacet
  facet normal 0 0 1
    outer loop
      vertex 33.9098 34.7222 1.5
      vertex 35.78 26.5 1.5
      vertex 33.9288 34.6956 1.5
    endloop
  endfacet
  facet normal 0 0 1
    outer loop
      vertex 33.8925 34.75 1.5
      vertex 35.78 26.5 1.5
      vertex 33.9098 34.7222 1.5
    endloop
  endfacet
  facet normal 0 0 1
    outer loop
      vertex 33.8771 34.7789 1.5
      vertex 35.78 26.5 1.5
      vertex 33.8925 34.75 1.5
    endloop
  endfacet
  facet normal 0 0 1
    outer loop
      vertex 33.8636 34.8087 1.5
      vertex 35.78 26.5 1.5
      vertex 33.8771 34.7789 1.5
    endloop
  endfacet
  facet normal 0 0 1
    outer loop
      vertex 0 10 1.5
      vertex 33.8636 34.8087 1.5
      vertex 33.8521 34.8393 1.5
    endloop
  endfacet
  facet normal 0 0 1
    outer loop
      vertex 0 10 1.5
      vertex 33.8521 34.8393 1.5
      vertex 33.8426 34.8706 1.5
    endloop
  endfacet
  facet normal 0 0 1
    outer loop
      vertex 0 10 1.5
      vertex 33.8426 34.8706 1.5
      vertex 33.8351 34.9025 1.5
    endloop
  endfacet
  facet normal 0 0 1
    outer loop
      vertex 34.1961 35.483 1.5
      vertex 31.9094 44.017 1.5
      vertex 34.1648 35.4735 1.5
    endloop
  endfacet
  facet normal -0 0 1
    outer loop
      vertex 31.8775 44.0096 1.5
      vertex 34.1648 35.4735 1.5
      vertex 31.9094 44.017 1.5
    endloop
  endfacet
  facet normal 0 0 1
    outer loop
      vertex 34.1648 35.4735 1.5
      vertex 31.8775 44.0096 1.5
      vertex 34.1342 35.4619 1.5
    endloop
  endfacet
  facet normal -0 0 1
    outer loop
      vertex 31.8453 44.0043 1.5
      vertex 34.1342 35.4619 1.5
      vertex 31.8775 44.0096 1.5
    endloop
  endfacet
  facet normal 0 0 1
    outer loop
      vertex 34.1342 35.4619 1.5
      vertex 31.8453 44.0043 1.5
      vertex 34.1044 35.4484 1.5
    endloop
  endfacet
  facet normal -0 0 1
    outer loop
      vertex 31.8127 44.0011 1.5
      vertex 34.1044 35.4484 1.5
      vertex 31.8453 44.0043 1.5
    endloop
  endfacet
  facet normal 0 0 1
    outer loop
      vertex 34.1044 35.4484 1.5
      vertex 31.8127 44.0011 1.5
      vertex 34.0755 35.433 1.5
    endloop
  endfacet
  facet normal -0 0 1
    outer loop
      vertex 31.78 44 1.5
      vertex 34.0755 35.433 1.5
      vertex 31.8127 44.0011 1.5
    endloop
  endfacet
  facet normal 0 0 1
    outer loop
      vertex 34.0755 35.433 1.5
      vertex 31.78 44 1.5
      vertex 34.0477 35.4157 1.5
    endloop
  endfacet
  facet normal 0 0 1
    outer loop
      vertex 31.7473 44.0011 1.5
      vertex 34.0477 35.4157 1.5
      vertex 31.78 44 1.5
    endloop
  endfacet
  facet normal 0 0 1
    outer loop
      vertex 34.0477 35.4157 1.5
      vertex 31.7473 44.0011 1.5
      vertex 34.0211 35.3967 1.5
    endloop
  endfacet
  facet normal 0 0 1
    outer loop
      vertex 31.7147 44.0043 1.5
      vertex 34.0211 35.3967 1.5
      vertex 31.7473 44.0011 1.5
    endloop
  endfacet
  facet normal 0 0 1
    outer loop
      vertex 34.0211 35.3967 1.5
      vertex 31.7147 44.0043 1.5
      vertex 33.9958 35.3759 1.5
    endloop
  endfacet
  facet normal 0 0 1
    outer loop
      vertex 31.6825 44.0096 1.5
      vertex 33.9958 35.3759 1.5
      vertex 31.7147 44.0043 1.5
    endloop
  endfacet
  facet normal 0 0 1
    outer loop
      vertex 33.9958 35.3759 1.5
      vertex 31.6825 44.0096 1.5
      vertex 33.972 35.3536 1.5
    endloop
  endfacet
  facet normal 0 0 1
    outer loop
      vertex 31.6506 44.017 1.5
      vertex 33.972 35.3536 1.5
      vertex 31.6825 44.0096 1.5
    endloop
  endfacet
  facet normal 0 0 1
    outer loop
      vertex 33.972 35.3536 1.5
      vertex 31.6506 44.017 1.5
      vertex 33.9496 35.3297 1.5
    endloop
  endfacet
  facet normal 0 0 1
    outer loop
      vertex 31.6193 44.0265 1.5
      vertex 33.9496 35.3297 1.5
      vertex 31.6506 44.017 1.5
    endloop
  endfacet
  facet normal 0 0 1
    outer loop
      vertex 33.9496 35.3297 1.5
      vertex 31.6193 44.0265 1.5
      vertex 33.9288 35.3044 1.5
    endloop
  endfacet
  facet normal 0 0 1
    outer loop
      vertex 31.5887 44.0381 1.5
      vertex 33.9288 35.3044 1.5
      vertex 31.6193 44.0265 1.5
    endloop
  endfacet
  facet normal 0 0 1
    outer loop
      vertex 33.9288 35.3044 1.5
      vertex 31.5887 44.0381 1.5
      vertex 33.9098 35.2778 1.5
    endloop
  endfacet
  facet normal 0 0 1
    outer loop
      vertex 31.5589 44.0516 1.5
      vertex 33.9098 35.2778 1.5
      vertex 31.5887 44.0381 1.5
    endloop
  endfacet
  facet normal 0 0 1
    outer loop
      vertex 33.9098 35.2778 1.5
      vertex 31.5589 44.0516 1.5
      vertex 33.8925 35.25 1.5
    endloop
  endfacet
  facet normal 0 0 1
    outer loop
      vertex 31.53 44.067 1.5
      vertex 33.8925 35.25 1.5
      vertex 31.5589 44.0516 1.5
    endloop
  endfacet
  facet normal 0 0 1
    outer loop
      vertex 33.8925 35.25 1.5
      vertex 31.53 44.067 1.5
      vertex 33.8771 35.2211 1.5
    endloop
  endfacet
  facet normal 0 0 1
    outer loop
      vertex 31.5022 44.0843 1.5
      vertex 33.8771 35.2211 1.5
      vertex 31.53 44.067 1.5
    endloop
  endfacet
  facet normal 0 0 1
    outer loop
      vertex 33.8771 35.2211 1.5
      vertex 31.5022 44.0843 1.5
      vertex 33.8636 35.1913 1.5
    endloop
  endfacet
  facet normal 0 0 1
    outer loop
      vertex 31.4756 44.1033 1.5
      vertex 33.8636 35.1913 1.5
      vertex 31.5022 44.0843 1.5
    endloop
  endfacet
  facet normal 0 0 1
    outer loop
      vertex 33.8636 35.1913 1.5
      vertex 31.4756 44.1033 1.5
      vertex 33.8521 35.1607 1.5
    endloop
  endfacet
  facet normal 0 0 1
    outer loop
      vertex 31.4503 44.1241 1.5
      vertex 33.8521 35.1607 1.5
      vertex 31.4756 44.1033 1.5
    endloop
  endfacet
  facet normal 0 0 1
    outer loop
      vertex 33.8521 35.1607 1.5
      vertex 31.4503 44.1241 1.5
      vertex 33.8426 35.1294 1.5
    endloop
  endfacet
  facet normal 0 0 1
    outer loop
      vertex 31.4264 44.1464 1.5
      vertex 33.8426 35.1294 1.5
      vertex 31.4503 44.1241 1.5
    endloop
  endfacet
  facet normal 0 0 1
    outer loop
      vertex 33.8426 35.1294 1.5
      vertex 31.4264 44.1464 1.5
      vertex 33.8351 35.0975 1.5
    endloop
  endfacet
  facet normal 0 0 1
    outer loop
      vertex 31.4041 44.1703 1.5
      vertex 33.8351 35.0975 1.5
      vertex 31.4264 44.1464 1.5
    endloop
  endfacet
  facet normal 0 0 1
    outer loop
      vertex 33.8351 35.0975 1.5
      vertex 31.4041 44.1703 1.5
      vertex 33.8298 35.0653 1.5
    endloop
  endfacet
  facet normal 0 0 1
    outer loop
      vertex 31.3833 44.1956 1.5
      vertex 33.8298 35.0653 1.5
      vertex 31.4041 44.1703 1.5
    endloop
  endfacet
  facet normal 0 0 1
    outer loop
      vertex 33.8298 35.0653 1.5
      vertex 31.3833 44.1956 1.5
      vertex 33.8266 35.0327 1.5
    endloop
  endfacet
  facet normal 0 0 1
    outer loop
      vertex 31.3643 44.2222 1.5
      vertex 33.8266 35.0327 1.5
      vertex 31.3833 44.1956 1.5
    endloop
  endfacet
  facet normal 0 0 1
    outer loop
      vertex 33.8266 35.0327 1.5
      vertex 31.3643 44.2222 1.5
      vertex 33.8255 35 1.5
    endloop
  endfacet
  facet normal 0 0 1
    outer loop
      vertex 31.347 44.25 1.5
      vertex 33.8255 35 1.5
      vertex 31.3643 44.2222 1.5
    endloop
  endfacet
  facet normal 0 0 1
    outer loop
      vertex 33.8255 35 1.5
      vertex 31.347 44.25 1.5
      vertex 33.8266 34.9673 1.5
    endloop
  endfacet
  facet normal 0 0 1
    outer loop
      vertex 31.3316 44.2789 1.5
      vertex 33.8266 34.9673 1.5
      vertex 31.347 44.25 1.5
    endloop
  endfacet
  facet normal 0 0 1
    outer loop
      vertex 0 10 1.5
      vertex 33.8266 34.9673 1.5
      vertex 31.3316 44.2789 1.5
    endloop
  endfacet
  facet normal 0 0 1
    outer loop
      vertex 33.8266 34.9673 1.5
      vertex 0 10 1.5
      vertex 33.8298 34.9347 1.5
    endloop
  endfacet
  facet normal 0 0 1
    outer loop
      vertex 33.8298 34.9347 1.5
      vertex 0 10 1.5
      vertex 33.8351 34.9025 1.5
    endloop
  endfacet
  facet normal 0 0 1
    outer loop
      vertex 0 10 1.5
      vertex 31.3316 44.2789 1.5
      vertex 31.3181 44.3087 1.5
    endloop
  endfacet
  facet normal 0 0 1
    outer loop
      vertex 0 10 1.5
      vertex 31.3181 44.3087 1.5
      vertex 31.3065 44.3393 1.5
    endloop
  endfacet
  facet normal 0 0 1
    outer loop
      vertex 0 10 1.5
      vertex 31.3065 44.3393 1.5
      vertex 31.297 44.3706 1.5
    endloop
  endfacet
  facet normal 0 0 1
    outer loop
      vertex 31.2811 44.5327 1.5
      vertex 0 69 1.5
      vertex 31.28 44.5 1.5
    endloop
  endfacet
  facet normal 0 0 1
    outer loop
      vertex 31.28 44.5 1.5
      vertex 0 69 1.5
      vertex 31.2811 44.4673 1.5
    endloop
  endfacet
  facet normal 0 0 1
    outer loop
      vertex 31.2811 44.4673 1.5
      vertex 0 69 1.5
      vertex 31.2843 44.4347 1.5
    endloop
  endfacet
  facet normal 0 0 1
    outer loop
      vertex 31.2843 44.4347 1.5
      vertex 0 69 1.5
      vertex 31.2896 44.4025 1.5
    endloop
  endfacet
  facet normal 0 0 1
    outer loop
      vertex 0 10 1.5
      vertex 31.2896 44.4025 1.5
      vertex 0 69 1.5
    endloop
  endfacet
  facet normal 0 0 1
    outer loop
      vertex 50.7473 25.0011 1.5
      vertex 10 0 1.5
      vertex 88 0 1.5
    endloop
  endfacet
  facet normal 0 0 1
    outer loop
      vertex 31.2896 44.4025 1.5
      vertex 0 10 1.5
      vertex 31.297 44.3706 1.5
    endloop
  endfacet
  facet normal 0 0 1
    outer loop
      vertex 0 69 1.5
      vertex 10 79 1.5
      vertex 9.34597 78.9786 1.5
    endloop
  endfacet
  facet normal 0 0 1
    outer loop
      vertex 33.8636 34.8087 1.5
      vertex 0 10 1.5
      vertex 35.78 26.5 1.5
    endloop
  endfacet
  facet normal 0 0 1
    outer loop
      vertex 0 69 1.5
      vertex 9.34597 78.9786 1.5
      vertex 8.69474 78.9144 1.5
    endloop
  endfacet
  facet normal 0 0 1
    outer loop
      vertex 35.78 26.5 1.5
      vertex 0 10 1.5
      vertex 10 0 1.5
    endloop
  endfacet
  facet normal 0 0 1
    outer loop
      vertex 0 69 1.5
      vertex 8.69474 78.9144 1.5
      vertex 8.0491 78.8079 1.5
    endloop
  endfacet
  facet normal 0 0 1
    outer loop
      vertex 10 0 1.5
      vertex 0 10 1.5
      vertex 9.34597 0.02141 1.5
    endloop
  endfacet
  facet normal 0 0 1
    outer loop
      vertex 0 69 1.5
      vertex 8.0491 78.8079 1.5
      vertex 7.41181 78.6593 1.5
    endloop
  endfacet
  facet normal 0 0 1
    outer loop
      vertex 9.34597 0.02141 1.5
      vertex 0 10 1.5
      vertex 8.69474 0.0855513 1.5
    endloop
  endfacet
  facet normal 0 0 1
    outer loop
      vertex 0 69 1.5
      vertex 7.41181 78.6593 1.5
      vertex 6.7856 78.4693 1.5
    endloop
  endfacet
  facet normal 0 0 1
    outer loop
      vertex 8.69474 0.0855513 1.5
      vertex 0 10 1.5
      vertex 8.0491 0.192146 1.5
    endloop
  endfacet
  facet normal 0 0 1
    outer loop
      vertex 0 69 1.5
      vertex 6.7856 78.4693 1.5
      vertex 6.17317 78.2388 1.5
    endloop
  endfacet
  facet normal 0 0 1
    outer loop
      vertex 8.0491 0.192146 1.5
      vertex 0 10 1.5
      vertex 7.41181 0.340741 1.5
    endloop
  endfacet
  facet normal 0 0 1
    outer loop
      vertex 0 69 1.5
      vertex 6.17317 78.2388 1.5
      vertex 5.57711 77.9687 1.5
    endloop
  endfacet
  facet normal 0 0 1
    outer loop
      vertex 7.41181 0.340741 1.5
      vertex 0 10 1.5
      vertex 6.7856 0.530698 1.5
    endloop
  endfacet
  facet normal 0 0 1
    outer loop
      vertex 0 69 1.5
      vertex 5.57711 77.9687 1.5
      vertex 5 77.6603 1.5
    endloop
  endfacet
  facet normal 0 0 1
    outer loop
      vertex 6.7856 0.530698 1.5
      vertex 0 10 1.5
      vertex 6.17317 0.761204 1.5
    endloop
  endfacet
  facet normal 0 0 1
    outer loop
      vertex 0 69 1.5
      vertex 5 77.6603 1.5
      vertex 4.4443 77.3147 1.5
    endloop
  endfacet
  facet normal 0 0 1
    outer loop
      vertex 6.17317 0.761204 1.5
      vertex 0 10 1.5
      vertex 5.57711 1.03127 1.5
    endloop
  endfacet
  facet normal 0 0 1
    outer loop
      vertex 0 69 1.5
      vertex 4.4443 77.3147 1.5
      vertex 3.91238 76.9335 1.5
    endloop
  endfacet
  facet normal 0 0 1
    outer loop
      vertex 5.57711 1.03127 1.5
      vertex 0 10 1.5
      vertex 5 1.33975 1.5
    endloop
  endfacet
  facet normal 0 0 1
    outer loop
      vertex 0 69 1.5
      vertex 3.91238 76.9335 1.5
      vertex 3.40654 76.5184 1.5
    endloop
  endfacet
  facet normal 0 0 1
    outer loop
      vertex 5 1.33975 1.5
      vertex 0 10 1.5
      vertex 4.4443 1.6853 1.5
    endloop
  endfacet
  facet normal 0 0 1
    outer loop
      vertex 0 69 1.5
      vertex 3.40654 76.5184 1.5
      vertex 2.92893 76.0711 1.5
    endloop
  endfacet
  facet normal 0 0 1
    outer loop
      vertex 4.4443 1.6853 1.5
      vertex 0 10 1.5
      vertex 3.91238 2.06647 1.5
    endloop
  endfacet
  facet normal 0 0 1
    outer loop
      vertex 0 69 1.5
      vertex 2.92893 76.0711 1.5
      vertex 2.4816 75.5935 1.5
    endloop
  endfacet
  facet normal 0 0 1
    outer loop
      vertex 3.91238 2.06647 1.5
      vertex 0 10 1.5
      vertex 3.40654 2.4816 1.5
    endloop
  endfacet
  facet normal 0 0 1
    outer loop
      vertex 0 69 1.5
      vertex 2.4816 75.5935 1.5
      vertex 2.06647 75.0876 1.5
    endloop
  endfacet
  facet normal 0 0 1
    outer loop
      vertex 3.40654 2.4816 1.5
      vertex 0 10 1.5
      vertex 2.92893 2.92893 1.5
    endloop
  endfacet
  facet normal 0 0 1
    outer loop
      vertex 0 69 1.5
      vertex 2.06647 75.0876 1.5
      vertex 1.6853 74.5557 1.5
    endloop
  endfacet
  facet normal 0 0 1
    outer loop
      vertex 2.92893 2.92893 1.5
      vertex 0 10 1.5
      vertex 2.4816 3.40654 1.5
    endloop
  endfacet
  facet normal 0 0 1
    outer loop
      vertex 0 69 1.5
      vertex 1.6853 74.5557 1.5
      vertex 1.33975 74 1.5
    endloop
  endfacet
  facet normal 0 0 1
    outer loop
      vertex 2.4816 3.40654 1.5
      vertex 0 10 1.5
      vertex 2.06647 3.91238 1.5
    endloop
  endfacet
  facet normal 0 0 1
    outer loop
      vertex 0 69 1.5
      vertex 1.33975 74 1.5
      vertex 1.03127 73.4229 1.5
    endloop
  endfacet
  facet normal 0 0 1
    outer loop
      vertex 2.06647 3.91238 1.5
      vertex 0 10 1.5
      vertex 1.6853 4.4443 1.5
    endloop
  endfacet
  facet normal 0 0 1
    outer loop
      vertex 0 69 1.5
      vertex 1.03127 73.4229 1.5
      vertex 0.761204 72.8268 1.5
    endloop
  endfacet
  facet normal 0 0 1
    outer loop
      vertex 1.6853 4.4443 1.5
      vertex 0 10 1.5
      vertex 1.33975 5 1.5
    endloop
  endfacet
  facet normal 0 0 1
    outer loop
      vertex 0 69 1.5
      vertex 0.761204 72.8268 1.5
      vertex 0.530698 72.2144 1.5
    endloop
  endfacet
  facet normal 0 0 1
    outer loop
      vertex 1.33975 5 1.5
      vertex 0 10 1.5
      vertex 1.03127 5.57711 1.5
    endloop
  endfacet
  facet normal 0 0 1
    outer loop
      vertex 0 69 1.5
      vertex 0.530698 72.2144 1.5
      vertex 0.340741 71.5882 1.5
    endloop
  endfacet
  facet normal 0 0 1
    outer loop
      vertex 1.03127 5.57711 1.5
      vertex 0 10 1.5
      vertex 0.761204 6.17317 1.5
    endloop
  endfacet
  facet normal 0 0 1
    outer loop
      vertex 0 69 1.5
      vertex 0.340741 71.5882 1.5
      vertex 0.192146 70.9509 1.5
    endloop
  endfacet
  facet normal 0 0 1
    outer loop
      vertex 0.761204 6.17317 1.5
      vertex 0 10 1.5
      vertex 0.530698 6.7856 1.5
    endloop
  endfacet
  facet normal 0 0 1
    outer loop
      vertex 0 69 1.5
      vertex 0.192146 70.9509 1.5
      vertex 0.0855513 70.3053 1.5
    endloop
  endfacet
  facet normal 0 0 1
    outer loop
      vertex 0.530698 6.7856 1.5
      vertex 0 10 1.5
      vertex 0.340741 7.41181 1.5
    endloop
  endfacet
  facet normal 0 0 1
    outer loop
      vertex 0 69 1.5
      vertex 0.0855513 70.3053 1.5
      vertex 0.02141 69.654 1.5
    endloop
  endfacet
  facet normal 0 0 1
    outer loop
      vertex 0.340741 7.41181 1.5
      vertex 0 10 1.5
      vertex 0.192146 8.0491 1.5
    endloop
  endfacet
  facet normal 0 0 1
    outer loop
      vertex 0.192146 8.0491 1.5
      vertex 0 10 1.5
      vertex 0.0855513 8.69474 1.5
    endloop
  endfacet
  facet normal 0 0 1
    outer loop
      vertex 0.0855513 8.69474 1.5
      vertex 0 10 1.5
      vertex 0.02141 9.34597 1.5
    endloop
  endfacet
  facet normal -0 0 1
    outer loop
      vertex 51.2789 63.4673 1.5
      vertex 65.78 62.5 1.5
      vertex 51.28 63.5 1.5
    endloop
  endfacet
  facet normal -0 0 1
    outer loop
      vertex 51.2757 63.4347 1.5
      vertex 65.78 62.5 1.5
      vertex 51.2789 63.4673 1.5
    endloop
  endfacet
  facet normal -0 0 1
    outer loop
      vertex 51.2704 63.4025 1.5
      vertex 65.78 62.5 1.5
      vertex 51.2757 63.4347 1.5
    endloop
  endfacet
  facet normal -0 0 1
    outer loop
      vertex 51.263 63.3706 1.5
      vertex 65.78 62.5 1.5
      vertex 51.2704 63.4025 1.5
    endloop
  endfacet
  facet normal -0 0 1
    outer loop
      vertex 51.2535 63.3393 1.5
      vertex 65.78 62.5 1.5
      vertex 51.263 63.3706 1.5
    endloop
  endfacet
  facet normal -0 0 1
    outer loop
      vertex 51.2419 63.3087 1.5
      vertex 65.78 62.5 1.5
      vertex 51.2535 63.3393 1.5
    endloop
  endfacet
  facet normal -0 0 1
    outer loop
      vertex 51.2284 63.2789 1.5
      vertex 65.78 62.5 1.5
      vertex 51.2419 63.3087 1.5
    endloop
  endfacet
  facet normal -0 0 1
    outer loop
      vertex 51.213 63.25 1.5
      vertex 65.78 62.5 1.5
      vertex 51.2284 63.2789 1.5
    endloop
  endfacet
  facet normal -0 0 1
    outer loop
      vertex 51.1957 63.2222 1.5
      vertex 65.78 62.5 1.5
      vertex 51.213 63.25 1.5
    endloop
  endfacet
  facet normal -0 0 1
    outer loop
      vertex 51.1767 63.1956 1.5
      vertex 65.78 62.5 1.5
      vertex 51.1957 63.2222 1.5
    endloop
  endfacet
  facet normal -0 0 1
    outer loop
      vertex 51.1559 63.1703 1.5
      vertex 65.78 62.5 1.5
      vertex 51.1767 63.1956 1.5
    endloop
  endfacet
  facet normal -0 0 1
    outer loop
      vertex 51.1336 63.1464 1.5
      vertex 65.78 62.5 1.5
      vertex 51.1559 63.1703 1.5
    endloop
  endfacet
  facet normal -0 0 1
    outer loop
      vertex 51.1097 63.1241 1.5
      vertex 65.78 62.5 1.5
      vertex 51.1336 63.1464 1.5
    endloop
  endfacet
  facet normal -0 0 1
    outer loop
      vertex 51.0844 63.1033 1.5
      vertex 65.78 62.5 1.5
      vertex 51.1097 63.1241 1.5
    endloop
  endfacet
  facet normal -0 0 1
    outer loop
      vertex 51.0578 63.0843 1.5
      vertex 65.78 62.5 1.5
      vertex 51.0844 63.1033 1.5
    endloop
  endfacet
  facet normal -0 0 1
    outer loop
      vertex 51.03 63.067 1.5
      vertex 65.78 62.5 1.5
      vertex 51.0578 63.0843 1.5
    endloop
  endfacet
  facet normal -0 0 1
    outer loop
      vertex 51.0011 63.0516 1.5
      vertex 65.78 62.5 1.5
      vertex 51.03 63.067 1.5
    endloop
  endfacet
  facet normal -0 0 1
    outer loop
      vertex 50.9713 63.0381 1.5
      vertex 65.78 62.5 1.5
      vertex 51.0011 63.0516 1.5
    endloop
  endfacet
  facet normal -0 0 1
    outer loop
      vertex 50.9407 63.0265 1.5
      vertex 65.78 62.5 1.5
      vertex 50.9713 63.0381 1.5
    endloop
  endfacet
  facet normal -0 0 1
    outer loop
      vertex 50.9094 63.017 1.5
      vertex 65.78 62.5 1.5
      vertex 50.9407 63.0265 1.5
    endloop
  endfacet
  facet normal -0 0 1
    outer loop
      vertex 50.8775 63.0096 1.5
      vertex 65.78 62.5 1.5
      vertex 50.9094 63.017 1.5
    endloop
  endfacet
  facet normal -0 0 1
    outer loop
      vertex 50.8453 63.0043 1.5
      vertex 65.78 62.5 1.5
      vertex 50.8775 63.0096 1.5
    endloop
  endfacet
  facet normal -0 0 1
    outer loop
      vertex 50.8127 63.0011 1.5
      vertex 65.78 62.5 1.5
      vertex 50.8453 63.0043 1.5
    endloop
  endfacet
  facet normal -0 0 1
    outer loop
      vertex 50.78 63 1.5
      vertex 65.78 62.5 1.5
      vertex 50.8127 63.0011 1.5
    endloop
  endfacet
  facet normal 0 0 1
    outer loop
      vertex 35.78 62.5 1.5
      vertex 50.78 63 1.5
      vertex 50.7473 63.0011 1.5
    endloop
  endfacet
  facet normal 0 0 1
    outer loop
      vertex 50.78 63 1.5
      vertex 35.78 62.5 1.5
      vertex 65.78 62.5 1.5
    endloop
  endfacet
  facet normal 0 0 1
    outer loop
      vertex 50.7147 63.0043 1.5
      vertex 35.78 62.5 1.5
      vertex 50.7473 63.0011 1.5
    endloop
  endfacet
  facet normal 0 0 1
    outer loop
      vertex 50.6825 63.0096 1.5
      vertex 35.78 62.5 1.5
      vertex 50.7147 63.0043 1.5
    endloop
  endfacet
  facet normal 0 0 1
    outer loop
      vertex 50.6506 63.017 1.5
      vertex 35.78 62.5 1.5
      vertex 50.6825 63.0096 1.5
    endloop
  endfacet
  facet normal 0 0 1
    outer loop
      vertex 50.6193 63.0265 1.5
      vertex 35.78 62.5 1.5
      vertex 50.6506 63.017 1.5
    endloop
  endfacet
  facet normal 0 0 1
    outer loop
      vertex 50.5887 63.0381 1.5
      vertex 35.78 62.5 1.5
      vertex 50.6193 63.0265 1.5
    endloop
  endfacet
  facet normal 0 0 1
    outer loop
      vertex 50.5589 63.0516 1.5
      vertex 35.78 62.5 1.5
      vertex 50.5887 63.0381 1.5
    endloop
  endfacet
  facet normal 0 0 1
    outer loop
      vertex 50.53 63.067 1.5
      vertex 35.78 62.5 1.5
      vertex 50.5589 63.0516 1.5
    endloop
  endfacet
  facet normal 0 0 1
    outer loop
      vertex 50.5022 63.0843 1.5
      vertex 35.78 62.5 1.5
      vertex 50.53 63.067 1.5
    endloop
  endfacet
  facet normal 0 0 1
    outer loop
      vertex 50.4756 63.1033 1.5
      vertex 35.78 62.5 1.5
      vertex 50.5022 63.0843 1.5
    endloop
  endfacet
  facet normal 0 0 1
    outer loop
      vertex 50.4503 63.1241 1.5
      vertex 35.78 62.5 1.5
      vertex 50.4756 63.1033 1.5
    endloop
  endfacet
  facet normal 0 0 1
    outer loop
      vertex 50.4264 63.1464 1.5
      vertex 35.78 62.5 1.5
      vertex 50.4503 63.1241 1.5
    endloop
  endfacet
  facet normal 0 0 1
    outer loop
      vertex 50.4041 63.1703 1.5
      vertex 35.78 62.5 1.5
      vertex 50.4264 63.1464 1.5
    endloop
  endfacet
  facet normal 0 0 1
    outer loop
      vertex 50.3833 63.1956 1.5
      vertex 35.78 62.5 1.5
      vertex 50.4041 63.1703 1.5
    endloop
  endfacet
  facet normal 0 0 1
    outer loop
      vertex 50.3643 63.2222 1.5
      vertex 35.78 62.5 1.5
      vertex 50.3833 63.1956 1.5
    endloop
  endfacet
  facet normal 0 0 1
    outer loop
      vertex 50.347 63.25 1.5
      vertex 35.78 62.5 1.5
      vertex 50.3643 63.2222 1.5
    endloop
  endfacet
  facet normal 0 0 1
    outer loop
      vertex 50.3316 63.2789 1.5
      vertex 35.78 62.5 1.5
      vertex 50.347 63.25 1.5
    endloop
  endfacet
  facet normal 0 0 1
    outer loop
      vertex 50.3181 63.3087 1.5
      vertex 35.78 62.5 1.5
      vertex 50.3316 63.2789 1.5
    endloop
  endfacet
  facet normal 0 0 1
    outer loop
      vertex 50.3065 63.3393 1.5
      vertex 35.78 62.5 1.5
      vertex 50.3181 63.3087 1.5
    endloop
  endfacet
  facet normal 0 0 1
    outer loop
      vertex 50.297 63.3706 1.5
      vertex 35.78 62.5 1.5
      vertex 50.3065 63.3393 1.5
    endloop
  endfacet
  facet normal 0 0 1
    outer loop
      vertex 50.2896 63.4025 1.5
      vertex 35.78 62.5 1.5
      vertex 50.297 63.3706 1.5
    endloop
  endfacet
  facet normal 0 0 1
    outer loop
      vertex 50.2843 63.4347 1.5
      vertex 35.78 62.5 1.5
      vertex 50.2896 63.4025 1.5
    endloop
  endfacet
  facet normal 0 0 1
    outer loop
      vertex 50.2811 63.4673 1.5
      vertex 35.78 62.5 1.5
      vertex 50.2843 63.4347 1.5
    endloop
  endfacet
  facet normal 0 0 1
    outer loop
      vertex 35.78 62.5 1.5
      vertex 50.2811 63.4673 1.5
      vertex 50.28 63.5 1.5
    endloop
  endfacet
  facet normal -1 0 0
    outer loop
      vertex 64.78 27.5 1.1
      vertex 64.78 61.5 1.1
      vertex 64.78 61.5 0
    endloop
  endfacet
  facet normal -1 0 0
    outer loop
      vertex 64.78 27.5 1.1
      vertex 64.78 61.5 0
      vertex 64.78 27.5 0
    endloop
  endfacet
  facet normal -1 0 0
    outer loop
      vertex 64.78 61.5 1.1
      vertex 64.78 27.5 1.1
      vertex 64.78 61.5 1.5
    endloop
  endfacet
  facet normal -1 -0 0
    outer loop
      vertex 64.78 61.5 1.5
      vertex 64.78 27.5 1.1
      vertex 64.78 27.5 1.5
    endloop
  endfacet
  facet normal 1 -0 0
    outer loop
      vertex 36.78 27.5 1.1
      vertex 36.78 61.5 0
      vertex 36.78 61.5 1.1
    endloop
  endfacet
  facet normal 1 0 0
    outer loop
      vertex 36.78 61.5 0
      vertex 36.78 27.5 1.1
      vertex 36.78 27.5 0
    endloop
  endfacet
  facet normal 1 -0 0
    outer loop
      vertex 7.9 4.1 -4.5
      vertex 7.9 7.9 -5
      vertex 7.9 7.9 -4.5
    endloop
  endfacet
  facet normal 1 0 0
    outer loop
      vertex 7.9 7.9 -5
      vertex 7.9 4.1 -4.5
      vertex 7.9 4.1 -5
    endloop
  endfacet
  facet normal 1 -0 0
    outer loop
      vertex 7.9 4.1 0
      vertex 7.9 7.9 -3.9
      vertex 7.9 7.9 0
    endloop
  endfacet
  facet normal 1 0 0
    outer loop
      vertex 7.9 7.9 -3.9
      vertex 7.9 4.1 0
      vertex 7.9 4.1 -3.9
    endloop
  endfacet
  facet normal 0 0 -1
    outer loop
      vertex 4.1 4.1 -5
      vertex 7.9 7.9 -5
      vertex 7.9 4.1 -5
    endloop
  endfacet
  facet normal -0 0 -1
    outer loop
      vertex 7.9 7.9 -5
      vertex 4.1 4.1 -5
      vertex 4.1 7.9 -5
    endloop
  endfacet
  facet normal -1 0 0
    outer loop
      vertex 4.1 4.1 -5
      vertex 4.1 7.9 0
      vertex 4.1 7.9 -5
    endloop
  endfacet
  facet normal -1 -0 0
    outer loop
      vertex 4.1 7.9 0
      vertex 4.1 4.1 -5
      vertex 4.1 4.1 0
    endloop
  endfacet
  facet normal 0 1 0
    outer loop
      vertex 8.3 7.9 -3.9
      vertex 8.3 7.9 -4.5
      vertex 7.9 7.9 -3.9
    endloop
  endfacet
  facet normal 0 1 -0
    outer loop
      vertex 7.9 7.9 -3.9
      vertex 4.1 7.9 0
      vertex 7.9 7.9 0
    endloop
  endfacet
  facet normal 0 1 0
    outer loop
      vertex 7.9 7.9 -4.5
      vertex 7.9 7.9 -3.9
      vertex 8.3 7.9 -4.5
    endloop
  endfacet
  facet normal 0 1 0
    outer loop
      vertex 4.1 7.9 -5
      vertex 7.9 7.9 -3.9
      vertex 7.9 7.9 -4.5
    endloop
  endfacet
  facet normal 0 1 0
    outer loop
      vertex 4.1 7.9 -5
      vertex 7.9 7.9 -4.5
      vertex 7.9 7.9 -5
    endloop
  endfacet
  facet normal 0 1 0
    outer loop
      vertex 7.9 7.9 -3.9
      vertex 4.1 7.9 -5
      vertex 4.1 7.9 0
    endloop
  endfacet
  facet normal 0 -1 0
    outer loop
      vertex 4.1 4.1 0
      vertex 7.9 4.1 -3.9
      vertex 7.9 4.1 0
    endloop
  endfacet
  facet normal 0 -1 0
    outer loop
      vertex 7.9 4.1 -3.9
      vertex 7.9 4.1 -4.5
      vertex 8.3 4.1 -3.9
    endloop
  endfacet
  facet normal 0 -1 0
    outer loop
      vertex 4.1 4.1 -5
      vertex 7.9 4.1 -3.9
      vertex 4.1 4.1 0
    endloop
  endfacet
  facet normal 0 -1 -0
    outer loop
      vertex 7.9 4.1 -3.9
      vertex 4.1 4.1 -5
      vertex 7.9 4.1 -4.5
    endloop
  endfacet
  facet normal 0 -1 -0
    outer loop
      vertex 7.9 4.1 -4.5
      vertex 4.1 4.1 -5
      vertex 7.9 4.1 -5
    endloop
  endfacet
  facet normal 0 -1 -0
    outer loop
      vertex 8.3 4.1 -3.9
      vertex 7.9 4.1 -4.5
      vertex 8.3 4.1 -4.5
    endloop
  endfacet
  facet normal 1 -0 0
    outer loop
      vertex 8.3 4.1 -3.9
      vertex 8.3 7.9 -4.5
      vertex 8.3 7.9 -3.9
    endloop
  endfacet
  facet normal 1 0 0
    outer loop
      vertex 8.3 7.9 -4.5
      vertex 8.3 4.1 -3.9
      vertex 8.3 4.1 -4.5
    endloop
  endfacet
  facet normal -0 0 1
    outer loop
      vertex 7.9 7.9 -3.9
      vertex 8.3 4.1 -3.9
      vertex 8.3 7.9 -3.9
    endloop
  endfacet
  facet normal 0 0 1
    outer loop
      vertex 8.3 4.1 -3.9
      vertex 7.9 7.9 -3.9
      vertex 7.9 4.1 -3.9
    endloop
  endfacet
  facet normal 0 0 -1
    outer loop
      vertex 7.9 4.1 -4.5
      vertex 8.3 7.9 -4.5
      vertex 8.3 4.1 -4.5
    endloop
  endfacet
  facet normal -0 0 -1
    outer loop
      vertex 8.3 7.9 -4.5
      vertex 7.9 4.1 -4.5
      vertex 7.9 7.9 -4.5
    endloop
  endfacet
  facet normal 1 -0 0
    outer loop
      vertex 93.9 4.1 0
      vertex 93.9 7.9 -5
      vertex 93.9 7.9 0
    endloop
  endfacet
  facet normal 1 0 0
    outer loop
      vertex 93.9 7.9 -5
      vertex 93.9 4.1 0
      vertex 93.9 4.1 -5
    endloop
  endfacet
  facet normal 0 0 -1
    outer loop
      vertex 90.1 4.1 -5
      vertex 93.9 7.9 -5
      vertex 93.9 4.1 -5
    endloop
  endfacet
  facet normal -0 0 -1
    outer loop
      vertex 93.9 7.9 -5
      vertex 90.1 4.1 -5
      vertex 90.1 7.9 -5
    endloop
  endfacet
  facet normal -1 0 0
    outer loop
      vertex 90.1 4.1 -5
      vertex 90.1 7.9 -4.5
      vertex 90.1 7.9 -5
    endloop
  endfacet
  facet normal -1 -0 0
    outer loop
      vertex 90.1 7.9 -4.5
      vertex 90.1 4.1 -5
      vertex 90.1 4.1 -4.5
    endloop
  endfacet
  facet normal -1 0 0
    outer loop
      vertex 90.1 4.1 -3.9
      vertex 90.1 7.9 0
      vertex 90.1 7.9 -3.9
    endloop
  endfacet
  facet normal -1 -0 0
    outer loop
      vertex 90.1 7.9 0
      vertex 90.1 4.1 -3.9
      vertex 90.1 4.1 0
    endloop
  endfacet
  facet normal 0 1 0
    outer loop
      vertex 93.9 7.9 0
      vertex 90.1 7.9 -3.9
      vertex 90.1 7.9 0
    endloop
  endfacet
  facet normal 0 1 0
    outer loop
      vertex 90.1 7.9 -3.9
      vertex 90.1 7.9 -4.5
      vertex 89.7 7.9 -3.9
    endloop
  endfacet
  facet normal 0 1 -0
    outer loop
      vertex 93.9 7.9 -5
      vertex 90.1 7.9 -3.9
      vertex 93.9 7.9 0
    endloop
  endfacet
  facet normal 0 1 0
    outer loop
      vertex 90.1 7.9 -3.9
      vertex 93.9 7.9 -5
      vertex 90.1 7.9 -4.5
    endloop
  endfacet
  facet normal 0 1 0
    outer loop
      vertex 90.1 7.9 -4.5
      vertex 93.9 7.9 -5
      vertex 90.1 7.9 -5
    endloop
  endfacet
  facet normal 0 1 0
    outer loop
      vertex 89.7 7.9 -3.9
      vertex 90.1 7.9 -4.5
      vertex 89.7 7.9 -4.5
    endloop
  endfacet
  facet normal 0 -1 0
    outer loop
      vertex 89.7 4.1 -3.9
      vertex 89.7 4.1 -4.5
      vertex 90.1 4.1 -3.9
    endloop
  endfacet
  facet normal 0 -1 0
    outer loop
      vertex 90.1 4.1 -3.9
      vertex 93.9 4.1 0
      vertex 90.1 4.1 0
    endloop
  endfacet
  facet normal 0 -1 0
    outer loop
      vertex 90.1 4.1 -4.5
      vertex 90.1 4.1 -3.9
      vertex 89.7 4.1 -4.5
    endloop
  endfacet
  facet normal 0 -1 0
    outer loop
      vertex 93.9 4.1 -5
      vertex 90.1 4.1 -3.9
      vertex 90.1 4.1 -4.5
    endloop
  endfacet
  facet normal 0 -1 0
    outer loop
      vertex 93.9 4.1 -5
      vertex 90.1 4.1 -4.5
      vertex 90.1 4.1 -5
    endloop
  endfacet
  facet normal 0 -1 0
    outer loop
      vertex 90.1 4.1 -3.9
      vertex 93.9 4.1 -5
      vertex 93.9 4.1 0
    endloop
  endfacet
  facet normal -0 0 1
    outer loop
      vertex 89.7 7.9 -3.9
      vertex 90.1 4.1 -3.9
      vertex 90.1 7.9 -3.9
    endloop
  endfacet
  facet normal 0 0 1
    outer loop
      vertex 90.1 4.1 -3.9
      vertex 89.7 7.9 -3.9
      vertex 89.7 4.1 -3.9
    endloop
  endfacet
  facet normal 0 0 -1
    outer loop
      vertex 89.7 4.1 -4.5
      vertex 90.1 7.9 -4.5
      vertex 90.1 4.1 -4.5
    endloop
  endfacet
  facet normal -0 0 -1
    outer loop
      vertex 90.1 7.9 -4.5
      vertex 89.7 4.1 -4.5
      vertex 89.7 7.9 -4.5
    endloop
  endfacet
  facet normal -1 0 0
    outer loop
      vertex 89.7 4.1 -4.5
      vertex 89.7 7.9 -3.9
      vertex 89.7 7.9 -4.5
    endloop
  endfacet
  facet normal -1 -0 0
    outer loop
      vertex 89.7 7.9 -3.9
      vertex 89.7 4.1 -4.5
      vertex 89.7 4.1 -3.9
    endloop
  endfacet
  facet normal 1 -0 0
    outer loop
      vertex 7.9 71.1 -4.5
      vertex 7.9 74.9 -5
      vertex 7.9 74.9 -4.5
    endloop
  endfacet
  facet normal 1 0 0
    outer loop
      vertex 7.9 74.9 -5
      vertex 7.9 71.1 -4.5
      vertex 7.9 71.1 -5
    endloop
  endfacet
  facet normal 1 -0 0
    outer loop
      vertex 7.9 71.1 0
      vertex 7.9 74.9 -3.9
      vertex 7.9 74.9 0
    endloop
  endfacet
  facet normal 1 0 0
    outer loop
      vertex 7.9 74.9 -3.9
      vertex 7.9 71.1 0
      vertex 7.9 71.1 -3.9
    endloop
  endfacet
  facet normal 0 0 -1
    outer loop
      vertex 4.1 71.1 -5
      vertex 7.9 74.9 -5
      vertex 7.9 71.1 -5
    endloop
  endfacet
  facet normal -0 0 -1
    outer loop
      vertex 7.9 74.9 -5
      vertex 4.1 71.1 -5
      vertex 4.1 74.9 -5
    endloop
  endfacet
  facet normal -1 0 0
    outer loop
      vertex 4.1 71.1 -5
      vertex 4.1 74.9 0
      vertex 4.1 74.9 -5
    endloop
  endfacet
  facet normal -1 -0 0
    outer loop
      vertex 4.1 74.9 0
      vertex 4.1 71.1 -5
      vertex 4.1 71.1 0
    endloop
  endfacet
  facet normal 0 1 0
    outer loop
      vertex 8.3 74.9 -3.9
      vertex 8.3 74.9 -4.5
      vertex 7.9 74.9 -3.9
    endloop
  endfacet
  facet normal 0 1 -0
    outer loop
      vertex 7.9 74.9 -3.9
      vertex 4.1 74.9 0
      vertex 7.9 74.9 0
    endloop
  endfacet
  facet normal 0 1 0
    outer loop
      vertex 7.9 74.9 -4.5
      vertex 7.9 74.9 -3.9
      vertex 8.3 74.9 -4.5
    endloop
  endfacet
  facet normal 0 1 0
    outer loop
      vertex 4.1 74.9 -5
      vertex 7.9 74.9 -3.9
      vertex 7.9 74.9 -4.5
    endloop
  endfacet
  facet normal 0 1 0
    outer loop
      vertex 4.1 74.9 -5
      vertex 7.9 74.9 -4.5
      vertex 7.9 74.9 -5
    endloop
  endfacet
  facet normal 0 1 0
    outer loop
      vertex 7.9 74.9 -3.9
      vertex 4.1 74.9 -5
      vertex 4.1 74.9 0
    endloop
  endfacet
  facet normal 0 -1 0
    outer loop
      vertex 4.1 71.1 0
      vertex 7.9 71.1 -3.9
      vertex 7.9 71.1 0
    endloop
  endfacet
  facet normal 0 -1 0
    outer loop
      vertex 7.9 71.1 -3.9
      vertex 7.9 71.1 -4.5
      vertex 8.3 71.1 -3.9
    endloop
  endfacet
  facet normal 0 -1 0
    outer loop
      vertex 4.1 71.1 -5
      vertex 7.9 71.1 -3.9
      vertex 4.1 71.1 0
    endloop
  endfacet
  facet normal 0 -1 -0
    outer loop
      vertex 7.9 71.1 -3.9
      vertex 4.1 71.1 -5
      vertex 7.9 71.1 -4.5
    endloop
  endfacet
  facet normal 0 -1 -0
    outer loop
      vertex 7.9 71.1 -4.5
      vertex 4.1 71.1 -5
      vertex 7.9 71.1 -5
    endloop
  endfacet
  facet normal 0 -1 -0
    outer loop
      vertex 8.3 71.1 -3.9
      vertex 7.9 71.1 -4.5
      vertex 8.3 71.1 -4.5
    endloop
  endfacet
  facet normal 1 -0 0
    outer loop
      vertex 8.3 71.1 -3.9
      vertex 8.3 74.9 -4.5
      vertex 8.3 74.9 -3.9
    endloop
  endfacet
  facet normal 1 0 0
    outer loop
      vertex 8.3 74.9 -4.5
      vertex 8.3 71.1 -3.9
      vertex 8.3 71.1 -4.5
    endloop
  endfacet
  facet normal -0 0 1
    outer loop
      vertex 7.9 74.9 -3.9
      vertex 8.3 71.1 -3.9
      vertex 8.3 74.9 -3.9
    endloop
  endfacet
  facet normal 0 0 1
    outer loop
      vertex 8.3 71.1 -3.9
      vertex 7.9 74.9 -3.9
      vertex 7.9 71.1 -3.9
    endloop
  endfacet
  facet normal 0 0 -1
    outer loop
      vertex 7.9 71.1 -4.5
      vertex 8.3 74.9 -4.5
      vertex 8.3 71.1 -4.5
    endloop
  endfacet
  facet normal -0 0 -1
    outer loop
      vertex 8.3 74.9 -4.5
      vertex 7.9 71.1 -4.5
      vertex 7.9 74.9 -4.5
    endloop
  endfacet
  facet normal 1 -0 0
    outer loop
      vertex 93.9 71.1 0
      vertex 93.9 74.9 -5
      vertex 93.9 74.9 0
    endloop
  endfacet
  facet normal 1 0 0
    outer loop
      vertex 93.9 74.9 -5
      vertex 93.9 71.1 0
      vertex 93.9 71.1 -5
    endloop
  endfacet
  facet normal 0 0 -1
    outer loop
      vertex 90.1 71.1 -5
      vertex 93.9 74.9 -5
      vertex 93.9 71.1 -5
    endloop
  endfacet
  facet normal -0 0 -1
    outer loop
      vertex 93.9 74.9 -5
      vertex 90.1 71.1 -5
      vertex 90.1 74.9 -5
    endloop
  endfacet
  facet normal -1 0 0
    outer loop
      vertex 90.1 71.1 -5
      vertex 90.1 74.9 -4.5
      vertex 90.1 74.9 -5
    endloop
  endfacet
  facet normal -1 -0 0
    outer loop
      vertex 90.1 74.9 -4.5
      vertex 90.1 71.1 -5
      vertex 90.1 71.1 -4.5
    endloop
  endfacet
  facet normal -1 0 0
    outer loop
      vertex 90.1 71.1 -3.9
      vertex 90.1 74.9 0
      vertex 90.1 74.9 -3.9
    endloop
  endfacet
  facet normal -1 -0 0
    outer loop
      vertex 90.1 74.9 0
      vertex 90.1 71.1 -3.9
      vertex 90.1 71.1 0
    endloop
  endfacet
  facet normal 0 1 0
    outer loop
      vertex 93.9 74.9 0
      vertex 90.1 74.9 -3.9
      vertex 90.1 74.9 0
    endloop
  endfacet
  facet normal 0 1 0
    outer loop
      vertex 90.1 74.9 -3.9
      vertex 90.1 74.9 -4.5
      vertex 89.7 74.9 -3.9
    endloop
  endfacet
  facet normal 0 1 -0
    outer loop
      vertex 93.9 74.9 -5
      vertex 90.1 74.9 -3.9
      vertex 93.9 74.9 0
    endloop
  endfacet
  facet normal 0 1 0
    outer loop
      vertex 90.1 74.9 -3.9
      vertex 93.9 74.9 -5
      vertex 90.1 74.9 -4.5
    endloop
  endfacet
  facet normal 0 1 0
    outer loop
      vertex 90.1 74.9 -4.5
      vertex 93.9 74.9 -5
      vertex 90.1 74.9 -5
    endloop
  endfacet
  facet normal 0 1 0
    outer loop
      vertex 89.7 74.9 -3.9
      vertex 90.1 74.9 -4.5
      vertex 89.7 74.9 -4.5
    endloop
  endfacet
  facet normal 0 -1 0
    outer loop
      vertex 89.7 71.1 -3.9
      vertex 89.7 71.1 -4.5
      vertex 90.1 71.1 -3.9
    endloop
  endfacet
  facet normal 0 -1 0
    outer loop
      vertex 90.1 71.1 -3.9
      vertex 93.9 71.1 0
      vertex 90.1 71.1 0
    endloop
  endfacet
  facet normal 0 -1 0
    outer loop
      vertex 90.1 71.1 -4.5
      vertex 90.1 71.1 -3.9
      vertex 89.7 71.1 -4.5
    endloop
  endfacet
  facet normal 0 -1 0
    outer loop
      vertex 93.9 71.1 -5
      vertex 90.1 71.1 -3.9
      vertex 90.1 71.1 -4.5
    endloop
  endfacet
  facet normal 0 -1 0
    outer loop
      vertex 93.9 71.1 -5
      vertex 90.1 71.1 -4.5
      vertex 90.1 71.1 -5
    endloop
  endfacet
  facet normal 0 -1 0
    outer loop
      vertex 90.1 71.1 -3.9
      vertex 93.9 71.1 -5
      vertex 93.9 71.1 0
    endloop
  endfacet
  facet normal -0 0 1
    outer loop
      vertex 89.7 74.9 -3.9
      vertex 90.1 71.1 -3.9
      vertex 90.1 74.9 -3.9
    endloop
  endfacet
  facet normal 0 0 1
    outer loop
      vertex 90.1 71.1 -3.9
      vertex 89.7 74.9 -3.9
      vertex 89.7 71.1 -3.9
    endloop
  endfacet
  facet normal 0 0 -1
    outer loop
      vertex 89.7 71.1 -4.5
      vertex 90.1 74.9 -4.5
      vertex 90.1 71.1 -4.5
    endloop
  endfacet
  facet normal -0 0 -1
    outer loop
      vertex 90.1 74.9 -4.5
      vertex 89.7 71.1 -4.5
      vertex 89.7 74.9 -4.5
    endloop
  endfacet
  facet normal -1 0 0
    outer loop
      vertex 89.7 71.1 -4.5
      vertex 89.7 74.9 -3.9
      vertex 89.7 74.9 -4.5
    endloop
  endfacet
  facet normal -1 -0 0
    outer loop
      vertex 89.7 74.9 -3.9
      vertex 89.7 71.1 -4.5
      vertex 89.7 71.1 -3.9
    endloop
  endfacet
endsolid OpenSCAD_Model
