timestamp_ms,ax,ay,az,gx,gy,gz,label,temp_c,steps,bat_mv,bat_soc,hr_bpm,spo2_pct
1779913977357,4625,12362,-9111,38,80,-96,walking,0.00,0,0,0,0,0
1779913977357,4509,12770,-9096,52,77,-81,walking,0.00,0,0,0,0,0
1779913977358,4155,13209,-9060,66,104,-89,walking,0.00,0,0,0,0,0
1779913977387,4599,13829,-8909,79,127,-115,walking,0.00,0,0,0,0,0
1779913977388,4556,14246,-8878,105,105,-112,walking,0.00,0,0,0,0,0
1779913977389,4266,14072,-8972,154,97,-106,walking,0.00,0,0,0,0,0
1779913977417,3922,13548,-9250,173,95,-106,walking,0.00,0,0,0,0,0
1779913977418,3866,12965,-9494,122,95,-142,walking,0.00,0,0,0,0,0
1779913977418,4008,12339,-9506,-14,93,-201,walking,0.00,0,0,0,0,0
1779913977450,4153,12109,-9430,-205,75,-250,walking,0.00,0,0,0,0,0
1779913977451,3736,12172,-9225,-406,70,-285,walking,0.00,0,0,0,0,0
1779913977452,3992,12630,-8939,-565,97,-339,walking,0.00,0,0,0,0,0
1779913977478,4392,13128,-8598,-668,83,-374,walking,0.00,0,0,0,0,0
1779913977479,4326,13801,-8552,-748,52,-379,walking,0.00,0,0,0,0,0
1779913977480,4219,14355,-8831,-747,50,-387,walking,0.00,0,0,0,0,0
1779913977510,4242,14689,-8621,-685,77,-399,walking,0.00,0,0,0,0,0
1779913977511,4319,14358,-8228,-657,102,-437,walking,0.00,0,0,0,0,0
1779913977513,4332,14082,-7930,-712,103,-478,walking,0.00,0,0,0,0,0
1779913977541,4056,13750,-7830,-822,93,-518,walking,0.00,0,0,0,0,0
1779913977541,3291,13494,-7538,-895,41,-552,walking,0.00,0,0,0,0,0
1779913977542,3061,14618,-7066,-940,30,-543,walking,0.00,0,0,0,0,0
1779913977567,3285,16093,-6919,-963,32,-553,walking,0.00,0,0,0,0,0
1779913977569,3185,17857,-6904,-921,11,-547,walking,0.00,0,0,0,0,0
1779913977569,2604,18996,-7427,-799,34,-542,walking,0.00,0,0,0,0,0
1779913977604,1654,18978,-7875,-549,82,-539,walking,0.00,0,0,0,0,0
1779913977605,782,17913,-7988,-268,148,-553,walking,0.00,0,0,0,0,0
1779913977606,664,16119,-8182,-78,211,-571,walking,0.00,0,0,0,0,0
1779913977627,617,14433,-8201,-75,237,-585,walking,0.00,0,0,0,0,0
1779913977628,527,13250,-8073,-229,240,-596,walking,0.00,0,0,0,0,0
1779913977629,679,12939,-7794,-435,227,-589,walking,0.00,0,0,0,0,0
1779913977660,825,13465,-7525,-580,212,-555,walking,0.00,0,0,0,0,0
1779913977661,1101,14101,-7359,-572,194,-481,walking,0.00,0,0,0,0,0
1779913977661,1248,14449,-7048,-420,186,-372,walking,0.00,0,0,0,0,0
1779913977692,1334,14562,-6718,-211,187,-267,walking,0.00,0,0,0,0,0
1779913977693,1576,14674,-6622,12,183,-197,walking,0.00,0,0,0,0,0
1779913977694,1335,14608,-6367,176,163,-170,walking,0.00,0,0,0,0,0
1779913977719,1141,14477,-6211,280,160,-141,walking,0.00,0,0,0,0,0
1779913977720,294,14041,-6339,354,144,-88,walking,0.00,0,0,0,0,0
1779913977721,-373,13840,-6471,343,155,-78,walking,0.00,0,0,0,0,0
1779913977750,-314,14006,-6497,255,185,-98,walking,0.00,0,0,0,0,0
1779913977750,1,14209,-6524,144,215,-111,walking,0.00,0,0,0,0,0
1779913977751,123,14435,-6608,67,232,-107,walking,0.00,0,0,0,0,0
1779913977779,230,14484,-6708,5,239,-100,walking,0.00,0,0,0,0,0
1779913977779,152,14216,-6641,-67,237,-90,walking,0.00,0,0,0,0,0
1779913977780,164,14008,-6598,-164,232,-90,walking,0.00,0,0,0,0,0
1779913977806,391,14138,-6605,-259,229,-107,walking,0.00,0,0,0,0,0
1779913977807,565,14288,-6525,-302,228,-136,walking,0.00,0,0,0,0,0
1779913977808,938,14349,-6530,-313,236,-172,walking,0.00,0,0,0,0,0
1779913977842,1530,14189,-6513,-281,231,-183,walking,0.00,0,0,0,0,0
1779913977843,1661,13854,-6733,-238,205,-171,walking,0.00,0,0,0,0,0
1779913977844,1771,13220,-6984,-177,177,-150,walking,0.00,0,0,0,0,0
1779913977868,1755,12929,-6993,-160,148,-123,walking,0.00,0,0,0,0,0
1779913977868,1623,12972,-7075,-171,133,-117,walking,0.00,0,0,0,0,0
1779913977869,1699,12984,-7146,-175,138,-132,walking,0.00,0,0,0,0,0
1779913977899,1926,12970,-7088,-176,141,-120,walking,0.00,0,0,0,0,0
1779913977900,1796,13124,-7027,-186,127,-93,walking,0.00,0,0,0,0,0
1779913977900,2098,13124,-6848,-175,118,-85,walking,0.00,0,0,0,0,0
1779913977937,1992,13095,-6653,-183,104,-78,walking,0.00,0,0,0,0,0
1779913977938,1785,13186,-6628,-200,96,-78,walking,0.00,0,0,0,0,0
1779913977939,1722,13284,-6711,-202,90,-91,walking,0.00,0,0,0,0,0
1779913977958,1732,13337,-6715,-205,81,-111,walking,0.00,0,0,0,0,0
1779913977959,1764,13258,-6559,-217,56,-112,walking,0.00,0,0,0,0,0
1779913977959,1914,13238,-6754,-245,16,-96,walking,0.00,0,0,0,0,0
1779913977987,1784,13225,-6864,-259,-34,-96,walking,0.00,0,0,0,0,0
1779913977991,1466,13033,-6912,-290,-61,-115,walking,0.00,0,0,0,0,0
1779913977992,1595,12995,-7062,-332,-73,-147,walking,0.00,0,0,0,0,0
1779913978017,1729,13198,-7109,-366,-101,-158,walking,0.00,0,0,0,0,0
1779913978018,1778,13552,-7096,-388,-122,-170,walking,0.00,0,0,0,0,0
1779913978019,1778,13707,-7191,-376,-142,-192,walking,0.00,0,0,0,0,0
1779913978049,2087,14023,-7534,-341,-162,-185,walking,0.00,0,0,0,0,0
1779913978050,2137,14220,-7729,-270,-168,-152,walking,0.00,0,0,0,0,0
1779913978051,1945,14063,-7809,-219,-143,-140,walking,0.00,0,0,0,0,0
1779913978076,1819,14022,-7612,-220,-124,-137,walking,0.00,0,0,0,0,0
1779913978077,1830,14277,-7490,-254,-111,-136,walking,0.00,0,0,0,0,0
1779913978078,1684,14609,-7457,-288,-101,-146,walking,0.00,0,0,0,0,0
1779913978109,1523,15020,-7336,-302,-94,-154,walking,0.00,0,0,0,0,0
1779913978110,1456,15431,-7345,-285,-86,-126,walking,0.00,0,0,0,0,0
1779913978110,1162,15543,-7276,-254,-75,-98,walking,0.00,0,0,0,0,0
1779913978135,1080,15634,-6987,-218,-67,-85,walking,0.00,0,0,0,0,0
1779913978135,1106,15510,-6859,-204,-52,-78,walking,0.00,0,0,0,0,0
1779913978136,1261,15464,-6945,-225,-62,-63,walking,0.00,0,0,0,0,0
1779913978169,1062,15485,-6887,-228,-87,-44,walking,0.00,0,0,0,0,0
1779913978171,735,15304,-6845,-234,-92,-8,walking,0.00,0,0,0,0,0
1779913978173,604,15310,-6982,-279,-78,30,walking,0.00,0,0,0,0,0
1779913978197,671,15664,-7286,-335,-50,88,walking,0.00,0,0,0,0,0
1779913978198,677,15810,-7091,-310,-36,183,walking,0.00,0,0,0,0,0
1779913978199,1006,15573,-6523,-216,-20,228,walking,0.00,0,0,0,0,0
1779913978225,1711,15360,-5798,-210,-33,219,walking,0.00,0,0,0,0,0
1779913978225,1843,15618,-5575,-276,-84,214,walking,0.00,0,0,0,0,0
1779913978226,1488,16219,-5297,-326,-125,204,walking,0.00,0,0,0,0,0
1779913978259,1062,16755,-4908,-364,-145,158,walking,0.00,0,0,0,0,0
1779913978260,808,17174,-5021,-423,-149,89,walking,0.00,0,0,0,0,0
1779913978260,515,17809,-4889,-476,-142,27,walking,0.00,0,0,0,0,0
1779913978287,396,18328,-4553,-537,-116,-22,walking,0.00,0,0,0,0,0
1779913978290,201,18735,-4574,-587,-94,-33,walking,0.00,0,0,0,0,0
1779913978292,-490,18608,-4707,-575,-65,-16,walking,0.00,0,0,0,0,0
1779913978319,-612,17670,-4837,-479,-18,-20,walking,0.00,0,0,0,0,0
1779913978322,-142,16198,-4466,-348,7,-7,walking,0.00,0,0,0,0,0
1779913978322,313,14733,-4004,-276,-11,22,walking,0.00,0,0,0,0,0
1779913978348,598,13796,-3676,-294,-48,43,walking,0.00,0,0,0,0,0
1779913978348,858,13908,-3949,-347,-72,43,walking,0.00,0,0,0,0,0
1779913978349,1202,14677,-3675,-316,-87,31,walking,0.00,0,0,0,0,0
1779913978377,997,15623,-3552,-205,-92,4,walking,0.00,0,0,0,0,0
1779913978382,532,16663,-3548,-60,-59,-58,walking,0.00,0,0,0,0,0
1779913978383,-4,17028,-3970,68,13,-126,walking,0.00,0,0,0,0,0
1779913978408,-513,17253,-3821,208,77,-143,walking,0.00,0,0,0,0,0
1779913978409,-842,17341,-2570,275,110,-159,walking,0.00,0,0,0,0,0
1779913978410,-952,16887,-2286,215,131,-188,walking,0.00,0,0,0,0,0
1779913978436,-567,16375,-2611,122,129,-199,walking,0.00,0,0,0,0,0
1779913978438,-499,15729,-2962,-9,100,-226,walking,0.00,0,0,0,0,0
1779913978439,-902,15238,-3094,-156,87,-279,walking,0.00,0,0,0,0,0
1779913978468,-1263,14803,-3045,-308,114,-322,walking,0.00,0,0,0,0,0
1779913978469,-994,14722,-2817,-452,146,-364,walking,0.00,0,0,0,0,0
1779913978473,-603,14943,-2823,-585,141,-403,walking,0.00,0,0,0,0,0
1779913978498,-298,15126,-3040,-626,132,-453,walking,0.00,0,0,0,0,0
1779913978498,-186,15044,-3153,-566,134,-493,walking,0.00,0,0,0,0,0
1779913978499,2,14544,-3218,-483,120,-505,walking,0.00,0,0,0,0,0
1779913978527,159,14028,-3309,-440,91,-487,walking,0.00,0,0,0,0,0
1779913978531,373,13674,-3507,-401,73,-469,walking,0.00,0,0,0,0,0
1779913978531,829,13459,-3719,-357,57,-465,walking,0.00,0,0,0,0,0
1779913978560,1028,13354,-3783,-304,27,-437,walking,0.00,0,0,0,0,0
1779913978560,1097,13023,-3900,-229,19,-435,walking,0.00,0,0,0,0,0
1779913978561,1329,12765,-3800,-181,24,-485,walking,0.00,0,0,0,0,0
1779913978589,1343,12713,-3454,-212,23,-525,walking,0.00,0,0,0,0,0
1779913978590,1319,13134,-3215,-268,16,-518,walking,0.00,0,0,0,0,0
1779913978590,1195,13839,-3104,-285,21,-474,walking,0.00,0,0,0,0,0
1779913978616,1089,14617,-2880,-248,29,-422,walking,0.00,0,0,0,0,0
1779913978616,871,15177,-2786,-183,47,-379,walking,0.00,0,0,0,0,0
1779913978617,730,15636,-2664,-113,82,-331,walking,0.00,0,0,0,0,0
1779913978647,754,15909,-2602,-50,123,-271,walking,0.00,0,0,0,0,0
1779913978647,708,15998,-2678,-9,152,-191,walking,0.00,0,0,0,0,0
1779913978647,734,15949,-2874,42,179,-121,walking,0.00,0,0,0,0,0
1779913978677,935,15768,-2986,96,204,-77,walking,0.00,0,0,0,0,0
1779913978678,1042,15711,-2986,125,222,-39,walking,0.00,0,0,0,0,0
1779913978679,989,15838,-2934,125,242,-13,walking,0.00,0,0,0,0,0
1779913978711,929,16099,-2899,117,261,0,walking,0.00,0,0,0,0,0
1779913978712,717,16568,-2782,128,280,8,walking,0.00,0,0,0,0,0
1779913978716,611,16673,-2761,172,302,18,walking,0.00,0,0,0,0,0
1779913978738,428,16744,-2834,202,314,34,walking,0.00,0,0,0,0,0
1779913978740,296,16908,-2916,221,331,43,walking,0.00,0,0,0,0,0
1779913978740,-4,16896,-2918,229,346,44,walking,0.00,0,0,0,0,0
1779913978767,-245,16798,-2946,192,364,18,walking,0.00,0,0,0,0,0
1779913978767,-420,17034,-2935,109,369,-3,walking,0.00,0,0,0,0,0
1779913978768,-662,17545,-2979,14,360,-30,walking,0.00,0,0,0,0,0
1779913978797,-714,17936,-3162,-51,363,-59,walking,0.00,0,0,0,0,0
1779913978798,-803,17995,-3360,-74,362,-84,walking,0.00,0,0,0,0,0
1779913978798,-971,17781,-3594,-83,356,-119,walking,0.00,0,0,0,0,0
1779913978831,-985,17500,-3777,-84,343,-153,walking,0.00,0,0,0,0,0
1779913978831,-1081,17366,-3896,-96,324,-193,walking,0.00,0,0,0,0,0
1779913978832,-999,17366,-3987,-116,330,-243,walking,0.00,0,0,0,0,0
1779913978859,-1027,17906,-4021,-136,341,-274,walking,0.00,0,0,0,0,0
1779913978860,-1354,18718,-4086,-116,361,-303,walking,0.00,0,0,0,0,0
1779913978860,-1516,19255,-3993,-39,399,-339,walking,0.00,0,0,0,0,0
1779913978890,-1695,19683,-3736,43,433,-381,walking,0.00,0,0,0,0,0
1779913978891,-1966,20082,-3533,85,458,-443,walking,0.00,0,0,0,0,0
1779913978891,-2391,20034,-3543,73,469,-524,walking,0.00,0,0,0,0,0
1779913978917,-3063,19672,-3602,43,460,-605,walking,0.00,0,0,0,0,0
1779913978918,-3579,18782,-3763,5,443,-662,walking,0.00,0,0,0,0,0
1779913978919,-3745,17257,-3897,-55,408,-645,walking,0.00,0,0,0,0,0
1779913978948,-3513,15787,-4040,-158,367,-564,walking,0.00,0,0,0,0,0
1779913978950,-2924,14622,-4151,-243,342,-442,walking,0.00,0,0,0,0,0
1779913978951,-2248,13873,-4192,-263,331,-305,walking,0.00,0,0,0,0,0
1779913978981,-1647,13676,-4100,-202,347,-209,walking,0.00,0,0,0,0,0
1779913978981,-988,13760,-3934,-96,379,-146,walking,0.00,0,0,0,0,0
1779913978982,-1426,14270,-3920,7,394,-113,walking,0.00,0,0,0,0,0
1779913979008,-1850,14696,-3995,129,430,-95,walking,0.00,0,0,0,0,0
1779913979009,-2472,15237,-3879,247,459,-57,walking,0.00,0,0,0,0,0
1779913979010,-3184,15508,-3799,353,484,-48,walking,0.00,0,0,0,0,0
1779913979039,-3455,15024,-3478,387,536,-34,walking,0.00,0,0,0,0,0
1779913979040,-3480,14947,-3668,326,556,-21,walking,0.00,0,0,0,0,0
1779913979040,-3468,14628,-3674,265,566,-9,walking,0.00,0,0,0,0,0
1779913979067,-3399,14236,-3512,179,567,-16,walking,0.00,0,0,0,0,0
1779913979068,-3095,14016,-3537,60,565,-36,walking,0.00,0,0,0,0,0
1779913979068,-2785,14221,-3608,-43,570,-56,walking,0.00,0,0,0,0,0
1779913979098,-2542,14385,-3823,-105,582,-67,walking,0.00,0,0,0,0,0
1779913979099,-2332,14500,-4018,-107,589,-71,walking,0.00,0,0,0,0,0
1779913979099,-1995,14495,-4117,-62,597,-81,walking,0.00,0,0,0,0,0
1779913979126,-1677,14329,-4269,-7,602,-94,walking,0.00,0,0,0,0,0
1779913979130,-1408,14116,-4461,44,599,-103,walking,0.00,0,0,0,0,0
1779913979131,-1310,13734,-4681,82,580,-113,walking,0.00,0,0,0,0,0
1779913979157,-1230,13513,-4859,92,555,-130,walking,0.00,0,0,0,0,0
1779913979189,-1196,13390,-5036,86,529,-145,walking,0.00,0,0,0,0,0
1779913979190,-1127,13464,-5163,80,514,-148,walking,0.00,0,0,0,0,0
1779913979191,-1113,13474,-5243,88,507,-137,walking,0.00,0,0,0,0,0
1779913979192,-1179,13427,-5353,121,511,-121,walking,0.00,0,0,0,0,0
1779913979192,-1146,13245,-5335,162,518,-108,walking,0.00,0,0,0,0,0
1779913979217,-1123,12753,-5390,178,521,-98,walking,0.00,0,0,0,0,0
1779913979218,-1110,12731,-5286,159,510,-86,walking,0.00,0,0,0,0,0
1779913979219,-886,12745,-5245,134,509,-77,walking,0.00,0,0,0,0,0
1779913979250,-910,12721,-5306,115,502,-72,walking,0.00,0,0,0,0,0
1779913979251,-1147,12644,-5333,98,495,-64,walking,0.00,0,0,0,0,0
1779913979251,-1323,12676,-5372,90,490,-46,walking,0.00,0,0,0,0,0
1779913979277,-1222,12529,-5318,91,490,-13,walking,0.00,0,0,0,0,0
1779913979281,-1247,12646,-5088,103,490,19,walking,0.00,0,0,0,0,0
1779913979281,-1229,12603,-4825,97,504,35,walking,0.00,0,0,0,0,0
1779913979307,-1635,12697,-4654,69,518,52,walking,0.00,0,0,0,0,0
1779913979307,-1943,13218,-4524,39,552,74,walking,0.00,0,0,0,0,0
1779913979309,-2114,13454,-4416,40,606,90,walking,0.00,0,0,0,0,0
1779913979339,-2365,13510,-4193,40,662,101,walking,0.00,0,0,0,0,0
1779913979367,-2425,13816,-3937,4,720,109,walking,0.00,0,0,0,0,0
1779913979368,-2395,14325,-3799,-61,766,102,walking,0.00,0,0,0,0,0
1779913979369,-2615,15100,-3743,-146,795,71,walking,0.00,0,0,0,0,0
1779913979370,-2895,16167,-3657,-248,817,14,walking,0.00,0,0,0,0,0
1779913979372,-3488,17191,-3741,-341,843,-68,walking,0.00,0,0,0,0,0
1779913979398,-4205,17993,-3814,-413,879,-150,walking,0.00,0,0,0,0,0
1779913979399,-4792,18323,-3903,-453,918,-206,walking,0.00,0,0,0,0,0
1779913979400,-4921,17903,-4238,-462,961,-224,walking,0.00,0,0,0,0,0
1779913979430,-4598,16936,-4651,-453,985,-197,walking,0.00,0,0,0,0,0
1779913979431,-3950,15604,-5016,-424,1003,-149,walking,0.00,0,0,0,0,0
1779913979431,-3186,14242,-5019,-370,1022,-105,walking,0.00,0,0,0,0,0
1779913979457,-2402,13706,-4850,-321,1038,-70,walking,0.00,0,0,0,0,0
1779913979457,-1597,13445,-4540,-287,1055,-57,walking,0.00,0,0,0,0,0
1779913979458,-1333,14356,-4118,-271,1074,-43,walking,0.00,0,0,0,0,0
1779913979488,-1463,15815,-4031,-182,1116,-55,walking,0.00,0,0,0,0,0
1779913979489,-2283,16823,-3842,2,1169,-76,walking,0.00,0,0,0,0,0
1779913979490,-3291,17258,-3472,204,1228,-77,walking,0.00,0,0,0,0,0
1779913979519,-3924,16969,-3339,365,1282,-65,walking,0.00,0,0,0,0,0
1779913979523,-4161,16230,-2971,462,1310,-54,walking,0.00,0,0,0,0,0
1779913979524,-3898,15497,-2597,464,1316,-51,walking,0.00,0,0,0,0,0
1779913979547,-3359,15081,-2195,365,1290,-62,walking,0.00,0,0,0,0,0
1779913979548,-3103,15238,-1894,220,1247,-94,walking,0.00,0,0,0,0,0
1779913979549,-3322,15953,-1646,94,1217,-146,walking,0.00,0,0,0,0,0
1779913979583,-3859,16554,-1654,30,1212,-189,walking,0.00,0,0,0,0,0
1779913979584,-4469,16882,-1622,54,1219,-213,walking,0.00,0,0,0,0,0
1779913979585,-4953,16933,-1564,88,1232,-241,walking,0.00,0,0,0,0,0
1779913979607,-5017,16711,-1614,89,1252,-289,walking,0.00,0,0,0,0,0
1779913979609,-4761,16189,-1753,86,1269,-335,walking,0.00,0,0,0,0,0
1779913979609,-4451,15599,-1874,67,1269,-375,walking,0.00,0,0,0,0,0
1779913979639,-4193,15114,-1964,-7,1246,-404,walking,0.00,0,0,0,0,0
1779913979639,-3986,15094,-2009,-102,1208,-425,walking,0.00,0,0,0,0,0
1779913979640,-3777,15462,-2126,-171,1171,-440,walking,0.00,0,0,0,0,0
1779913979668,-3694,15851,-2294,-187,1135,-442,walking,0.00,0,0,0,0,0
1779913979668,-3811,16184,-2404,-146,1111,-440,walking,0.00,0,0,0,0,0
1779913979669,-3916,16496,-2349,-103,1094,-445,walking,0.00,0,0,0,0,0
1779913979698,-3856,16764,-2386,-65,1075,-455,walking,0.00,0,0,0,0,0
1779913979699,-3937,16808,-2499,-10,1051,-467,walking,0.00,0,0,0,0,0
1779913979700,-4168,16813,-2535,40,1024,-476,walking,0.00,0,0,0,0,0
1779913979727,-4064,16727,-2762,79,1009,-489,walking,0.00,0,0,0,0,0
1779913979757,-4072,16577,-2805,110,981,-483,walking,0.00,0,0,0,0,0
1779913979758,-4305,16603,-2831,97,942,-475,walking,0.00,0,0,0,0,0
1779913979759,-4349,16870,-3020,100,924,-478,walking,0.00,0,0,0,0,0
1779913979763,-4427,16870,-3059,147,901,-460,walking,0.00,0,0,0,0,0
1779913979764,-4743,17028,-3066,192,875,-449,walking,0.00,0,0,0,0,0
1779913979789,-4434,16865,-3167,233,866,-445,walking,0.00,0,0,0,0,0
1779913979789,-4632,16776,-3436,262,846,-422,walking,0.00,0,0,0,0,0
1779913979789,-4941,16540,-3570,305,844,-394,walking,0.00,0,0,0,0,0
1779913979817,-4997,16219,-3461,359,866,-363,walking,0.00,0,0,0,0,0
1779913979818,-5027,15756,-3147,379,895,-338,walking,0.00,0,0,0,0,0
1779913979819,-4996,15352,-2944,334,922,-336,walking,0.00,0,0,0,0,0
1779913979850,-4703,15159,-2948,261,943,-387,walking,0.00,0,0,0,0,0
1779913979851,-4200,15025,-2930,187,951,-484,walking,0.00,0,0,0,0,0
1779913979851,-3821,14987,-3028,104,933,-587,walking,0.00,0,0,0,0,0
1779913979880,-3370,15275,-2933,11,909,-680,walking,0.00,0,0,0,0,0
1779913979880,-3131,15640,-2927,-113,867,-706,walking,0.00,0,0,0,0,0
1779913979881,-3221,16344,-3337,-262,826,-670,walking,0.00,0,0,0,0,0
1779913979908,-3217,17142,-3549,-286,818,-617,walking,0.00,0,0,0,0,0
1779913979908,-3168,17131,-3604,-228,829,-569,walking,0.00,0,0,0,0,0
1779913979909,-3226,16567,-3629,-187,844,-535,walking,0.00,0,0,0,0,0
1779913979939,-3315,16348,-3673,-209,860,-519,walking,0.00,0,0,0,0,0
1779913979939,-3472,16393,-3859,-254,876,-520,walking,0.00,0,0,0,0,0
1779913979940,-3706,16624,-4048,-273,889,-525,walking,0.00,0,0,0,0,0
1779913979967,-3866,16834,-4161,-271,905,-528,walking,0.00,0,0,0,0,0
1779913979972,-4008,16963,-4241,-269,930,-530,walking,0.00,0,0,0,0,0
1779913979972,-4263,17055,-4263,-266,947,-526,walking,0.00,0,0,0,0,0
1779913980001,-4602,16869,-4024,-278,965,-519,walking,0.00,0,0,0,0,0
1779913980002,-4374,17529,-3993,-321,1002,-535,walking,0.00,0,0,0,0,0
1779913980003,-4224,17547,-4077,-286,1032,-553,walking,0.00,0,0,0,0,0
1779913980029,-4639,17184,-3792,-298,1037,-568,walking,0.00,0,0,0,0,0
1779913980030,-4364,17271,-3620,-375,1066,-610,walking,0.00,0,0,0,0,0
1779913980030,-4276,17800,-3676,-462,1089,-620,walking,0.00,0,0,0,0,0
1779913980057,-4348,18304,-3759,-516,1110,-616,walking,0.00,0,0,0,0,0
1779913980058,-4366,18688,-3993,-524,1133,-626,walking,0.00,0,0,0,0,0
1779913980058,-4166,19068,-4211,-498,1157,-637,walking,0.00,0,0,0,0,0
1779913980088,-4132,19317,-4366,-445,1182,-648,walking,0.00,0,0,0,0,0
1779913980088,-4240,19329,-4563,-381,1202,-642,walking,0.00,0,0,0,0,0
1779913980089,-4252,19163,-4729,-310,1224,-624,walking,0.00,0,0,0,0,0
1779913980117,-4310,18750,-4777,-257,1252,-610,walking,0.00,0,0,0,0,0
1779913980117,-4486,18438,-4741,-236,1282,-605,walking,0.00,0,0,0,0,0
1779913980118,-4675,18329,-4607,-247,1315,-590,walking,0.00,0,0,0,0,0
1779913980147,-5036,18324,-4617,-282,1353,-582,walking,0.00,0,0,0,0,0
1779913980148,-5355,18415,-4610,-296,1402,-578,walking,0.00,0,0,0,0,0
1779913980149,-5346,17997,-4258,-228,1529,-531,walking,0.00,0,0,0,0,0
1779913980179,-5211,17379,-4104,-213,1575,-491,walking,0.00,0,0,0,0,0
1779913980180,-4977,17076,-3957,-216,1604,-464,walking,0.00,0,0,0,0,0
1779913980180,-4606,17023,-3832,-234,1627,-462,walking,0.00,0,0,0,0,0
1779913980208,-4499,17028,-3906,-231,1646,-472,walking,0.00,0,0,0,0,0
1779913980208,-4626,16835,-3966,-200,1675,-486,walking,0.00,0,0,0,0,0
1779913980209,-4620,16553,-3840,-185,1720,-483,walking,0.00,0,0,0,0,0
1779913980241,-4339,16310,-3776,-174,1777,-459,walking,0.00,0,0,0,0,0
1779913980242,-4034,15901,-3481,-151,1826,-425,walking,0.00,0,0,0,0,0
1779913980243,-3772,15459,-3186,-136,1865,-404,walking,0.00,0,0,0,0,0
1779913980267,-3581,15209,-2949,-142,1894,-405,walking,0.00,0,0,0,0,0
1779913980271,-3397,15098,-2898,-159,1908,-411,walking,0.00,0,0,0,0,0
1779913980272,-3371,15006,-2949,-162,1909,-416,walking,0.00,0,0,0,0,0
1779913980297,-3356,15180,-2889,-170,1923,-430,walking,0.00,0,0,0,0,0
1779913980299,-3222,15710,-2980,-196,1943,-456,walking,0.00,0,0,0,0,0
1779913980299,-3166,16295,-3193,-177,1963,-489,walking,0.00,0,0,0,0,0
1779913980328,-3270,16402,-3188,-90,1988,-525,walking,0.00,0,0,0,0,0
1779913980328,-3323,15909,-3016,-3,2006,-568,walking,0.00,0,0,0,0,0
1779913980328,-3125,15226,-2892,33,2011,-613,walking,0.00,0,0,0,0,0
1779913980358,-2967,14661,-2860,35,2001,-664,walking,0.00,0,0,0,0,0
1779913980359,-2927,14120,-2766,38,1986,-722,walking,0.00,0,0,0,0,0
1779913980360,-2835,13643,-2745,32,1970,-780,walking,0.00,0,0,0,0,0
1779913980387,-2592,13355,-2864,6,1954,-829,walking,0.00,0,0,0,0,0
1779913980388,-2536,13354,-2953,-24,1939,-865,walking,0.00,0,0,0,0,0
1779913980389,-2639,13632,-3076,-52,1931,-876,walking,0.00,0,0,0,0,0
1779913980417,-2743,13952,-3181,-61,1929,-848,walking,0.00,0,0,0,0,0
1779913980421,-2838,13988,-3310,-27,1934,-796,walking,0.00,0,0,0,0,0
1779913980422,-2793,13859,-3381,3,1940,-751,walking,0.00,0,0,0,0,0
1779913980448,-2629,13674,-3482,3,1943,-720,walking,0.00,0,0,0,0,0
1779913980448,-2452,13539,-3620,-12,1949,-697,walking,0.00,0,0,0,0,0
1779913980449,-2183,13463,-3860,-40,1956,-680,walking,0.00,0,0,0,0,0
1779913980479,-1938,13409,-4092,-75,1948,-663,walking,0.00,0,0,0,0,0
1779913980480,-1873,13317,-4355,-102,1930,-650,walking,0.00,0,0,0,0,0
1779913980480,-1773,13391,-4583,-151,1909,-640,walking,0.00,0,0,0,0,0
1779913980507,-1760,13684,-4735,-225,1885,-628,walking,0.00,0,0,0,0,0
1779913980508,-1910,14177,-4776,-279,1868,-615,walking,0.00,0,0,0,0,0
1779913980508,-2111,14660,-4803,-300,1857,-607,walking,0.00,0,0,0,0,0
1779913980538,-2158,14912,-4765,-283,1859,-607,walking,0.00,0,0,0,0,0
1779913980539,-2094,14866,-4658,-252,1867,-608,walking,0.00,0,0,0,0,0
1779913980539,-1928,14620,-4636,-233,1868,-604,walking,0.00,0,0,0,0,0
1779913980574,-1786,14364,-4759,-251,1856,-596,walking,0.00,0,0,0,0,0
1779913980574,-1544,14164,-4915,-289,1835,-585,walking,0.00,0,0,0,0,0
1779913980575,-1177,13928,-5263,-323,1809,-565,walking,0.00,0,0,0,0,0
1779913980607,-885,13718,-5617,-351,1776,-545,walking,0.00,0,0,0,0,0
1779913980608,-569,13399,-5976,-372,1738,-527,walking,0.00,0,0,0,0,0
1779913980608,-256,13284,-6310,-404,1691,-508,walking,0.00,0,0,0,0,0
1779913980629,111,13252,-6589,-414,1645,-491,walking,0.00,0,0,0,0,0
1779913980630,328,13126,-6740,-410,1602,-475,walking,0.00,0,0,0,0,0
1779913980631,420,13281,-6838,-406,1569,-450,walking,0.00,0,0,0,0,0
1779913980662,446,13558,-6849,-387,1540,-412,walking,0.00,0,0,0,0,0
1779913980663,493,13823,-6697,-351,1517,-366,walking,0.00,0,0,0,0,0
1779913980664,492,13953,-6495,-299,1499,-312,walking,0.00,0,0,0,0,0
1779913980688,534,13866,-6339,-240,1486,-263,walking,0.00,0,0,0,0,0
1779913980688,574,13699,-6105,-203,1471,-221,walking,0.00,0,0,0,0,0
1779913980689,627,13552,-5884,-194,1457,-185,walking,0.00,0,0,0,0,0
1779913980717,655,13520,-5723,-192,1439,-158,walking,0.00,0,0,0,0,0
1779913980721,687,13632,-5601,-207,1412,-148,walking,0.00,0,0,0,0,0
1779913980722,670,13748,-5522,-228,1381,-149,walking,0.00,0,0,0,0,0
1779913980748,635,13910,-5499,-235,1352,-155,walking,0.00,0,0,0,0,0
1779913980748,579,14010,-5530,-249,1319,-159,walking,0.00,0,0,0,0,0
1779913980749,506,14175,-5572,-278,1278,-162,walking,0.00,0,0,0,0,0
1779913980779,409,14358,-5676,-309,1236,-169,walking,0.00,0,0,0,0,0
1779913980779,456,14549,-5799,-328,1197,-185,walking,0.00,0,0,0,0,0
1779913980780,362,14878,-5853,-337,1159,-201,walking,0.00,0,0,0,0,0
1779913980807,613,14794,-5995,-338,1124,-210,walking,0.00,0,0,0,0,0
1779913980808,334,15161,-6012,-362,1064,-211,walking,0.00,0,0,0,0,0
1779913980809,272,15085,-6160,-356,1022,-234,walking,0.00,0,0,0,0,0
1779913980840,736,15136,-6284,-368,988,-240,walking,0.00,0,0,0,0,0
1779913980841,317,15589,-6302,-367,924,-236,walking,0.00,0,0,0,0,0
1779913980842,205,15369,-6508,-338,873,-247,walking,0.00,0,0,0,0,0
1779913980870,378,15050,-6548,-318,818,-236,walking,0.00,0,0,0,0,0
1779913980871,88,15172,-6496,-334,749,-219,walking,0.00,0,0,0,0,0
1779913980871,10,15353,-6596,-348,701,-205,walking,0.00,0,0,0,0,0
1779913980898,170,15374,-6575,-304,675,-172,walking,0.00,0,0,0,0,0
1779913980899,-42,15009,-6332,-263,644,-127,walking,0.00,0,0,0,0,0
1779913980900,-433,14723,-6093,-283,610,-90,walking,0.00,0,0,0,0,0
1779913980930,-478,14886,-5844,-328,583,-66,walking,0.00,0,0,0,0,0
1779913980932,-500,15216,-5618,-360,564,-46,walking,0.00,0,0,0,0,0
1779913980932,-633,15531,-5409,-380,556,-37,walking,0.00,0,0,0,0,0
1779913980957,-799,15927,-5194,-401,548,-36,walking,0.00,0,0,0,0,0
1779913980957,-942,16293,-5066,-418,538,-42,walking,0.00,0,0,0,0,0
1779913980958,-1065,16549,-5004,-426,514,-54,walking,0.00,0,0,0,0,0
1779913980989,-1133,16502,-4976,-427,477,-67,walking,0.00,0,0,0,0,0
1779913980991,-1263,16372,-4969,-442,434,-81,walking,0.00,0,0,0,0,0
1779913980991,-1261,16338,-4930,-477,395,-92,walking,0.00,0,0,0,0,0
1779913981020,-1091,16482,-5003,-498,364,-92,walking,0.00,0,0,0,0,0
1779913981021,-1080,16586,-5138,-474,351,-86,walking,0.00,0,0,0,0,0
1779913981022,-1118,16501,-5140,-414,359,-75,walking,0.00,0,0,0,0,0
1779913981047,-1077,16248,-5026,-347,382,-48,walking,0.00,0,0,0,0,0
1779913981048,-1042,16248,-4877,-293,398,-12,walking,0.00,0,0,0,0,0
1779913981049,-987,16392,-4783,-233,408,12,walking,0.00,0,0,0,0,0
1779913981079,-901,16387,-4655,-151,416,17,walking,0.00,0,0,0,0,0
1779913981080,-920,16213,-4494,-64,417,19,walking,0.00,0,0,0,0,0
1779913981080,-943,15996,-4228,-5,417,22,walking,0.00,0,0,0,0,0
1779913981107,-1017,15858,-4056,24,418,29,walking,0.00,0,0,0,0,0
1779913981108,-1022,15908,-3817,40,430,42,walking,0.00,0,0,0,0,0
1779913981109,-1095,16199,-3588,52,449,54,walking,0.00,0,0,0,0,0
1779913981138,-1221,16507,-3337,77,478,58,walking,0.00,0,0,0,0,0
1779913981139,-1324,16703,-3096,119,517,60,walking,0.00,0,0,0,0,0
1779913981140,-1375,16617,-3040,157,556,66,walking,0.00,0,0,0,0,0
1779913981170,-1533,16450,-2884,178,591,64,walking,0.00,0,0,0,0,0
1779913981170,-1503,16360,-2757,173,617,55,walking,0.00,0,0,0,0,0
1779913981171,-1474,16326,-2779,149,636,37,walking,0.00,0,0,0,0,0
1779913981196,-1482,16324,-2815,128,656,13,walking,0.00,0,0,0,0,0
1779913981197,-1460,16138,-2919,119,674,-9,walking,0.00,0,0,0,0,0
1779913981197,-1385,15964,-3032,105,683,-34,walking,0.00,0,0,0,0,0
1779913981231,-1316,15915,-2960,81,688,-62,walking,0.00,0,0,0,0,0
1779913981232,-1210,15936,-3118,52,684,-83,walking,0.00,0,0,0,0,0
1779913981233,-1291,15994,-3377,31,681,-88,walking,0.00,0,0,0,0,0
1779913981262,-1411,15866,-3538,32,683,-82,walking,0.00,0,0,0,0,0
1779913981262,-1312,15616,-3737,42,685,-72,walking,0.00,0,0,0,0,0
1779913981263,-1111,15272,-3919,38,683,-61,walking,0.00,0,0,0,0,0
1779913981290,-874,14936,-4158,24,678,-57,walking,0.00,0,0,0,0,0
1779913981319,-607,14680,-4370,30,672,-59,walking,0.00,0,0,0,0,0
1779913981320,-107,14564,-4566,38,663,-81,walking,0.00,0,0,0,0,0
1779913981321,-7,14757,-4597,60,659,-86,walking,0.00,0,0,0,0,0
1779913981322,58,14929,-4608,99,659,-88,walking,0.00,0,0,0,0,0
1779913981323,73,14979,-4645,139,659,-91,walking,0.00,0,0,0,0,0
1779913981346,1,15023,-4513,171,657,-96,walking,0.00,0,0,0,0,0
1779913981346,-52,14974,-4392,184,656,-100,walking,0.00,0,0,0,0,0
1779913981347,-107,14944,-4380,175,648,-105,walking,0.00,0,0,0,0,0
1779913981378,-246,14919,-4360,154,643,-117,walking,0.00,0,0,0,0,0
1779913981380,-336,15009,-4275,133,647,-132,walking,0.00,0,0,0,0,0
1779913981381,-288,15124,-4207,122,655,-146,walking,0.00,0,0,0,0,0
1779913981407,-304,15140,-4143,125,664,-157,walking,0.00,0,0,0,0,0
1779913981408,-395,15091,-4115,124,673,-169,walking,0.00,0,0,0,0,0
1779913981409,-412,15092,-4100,110,685,-182,walking,0.00,0,0,0,0,0
1779913981437,-507,15116,-4120,93,694,-190,walking,0.00,0,0,0,0,0
1779913981437,-618,15241,-4097,75,700,-197,walking,0.00,0,0,0,0,0
1779913981438,-716,15361,-4093,57,708,-203,walking,0.00,0,0,0,0,0
1779913981469,-754,15415,-4102,35,722,-208,walking,0.00,0,0,0,0,0
1779913981470,-791,15436,-4167,12,741,-206,walking,0.00,0,0,0,0,0
1779913981471,-779,15481,-4129,-3,748,-190,walking,0.00,0,0,0,0,0
1779913981498,-600,15609,-4175,-5,751,-170,walking,0.00,0,0,0,0,0
1779913981499,-488,15621,-4311,13,758,-158,walking,0.00,0,0,0,0,0
1779913981499,-365,15641,-4336,33,769,-152,walking,0.00,0,0,0,0,0
1779913981528,-396,15765,-4436,33,784,-147,walking,0.00,0,0,0,0,0
1779913981529,-602,16054,-4467,30,805,-145,walking,0.00,0,0,0,0,0
1779913981530,-860,16283,-4529,45,833,-144,walking,0.00,0,0,0,0,0
1779913981557,-992,16241,-4521,76,860,-143,walking,0.00,0,0,0,0,0
1779913981558,-1023,16024,-4394,96,883,-141,walking,0.00,0,0,0,0,0
1779913981559,-892,15719,-4499,95,897,-145,walking,0.00,0,0,0,0,0
1779913981588,-728,15366,-4507,89,901,-160,walking,0.00,0,0,0,0,0
1779913981589,-513,15152,-4466,80,903,-188,walking,0.00,0,0,0,0,0
1779913981590,-321,15093,-4474,55,908,-220,walking,0.00,0,0,0,0,0
1779913981619,-165,15364,-4522,31,924,-244,walking,0.00,0,0,0,0,0
1779913981620,-103,15925,-4418,22,950,-265,walking,0.00,0,0,0,0,0
1779913981621,-111,16595,-4309,35,976,-282,walking,0.00,0,0,0,0,0
1779913981647,-34,17314,-4095,72,1010,-301,walking,0.00,0,0,0,0,0
1779913981647,144,17860,-4007,100,1046,-352,walking,0.00,0,0,0,0,0
1779913981648,83,18325,-3993,104,1066,-432,walking,0.00,0,0,0,0,0
1779913981678,-226,18356,-4088,96,1068,-522,walking,0.00,0,0,0,0,0
1779913981679,-495,17534,-4336,64,1045,-582,walking,0.00,0,0,0,0,0
1779913981680,-747,16214,-4527,-28,986,-553,walking,0.00,0,0,0,0,0
1779913981707,-762,14923,-4870,-183,901,-443,walking,0.00,0,0,0,0,0
1779913981707,-357,14129,-5196,-322,821,-307,walking,0.00,0,0,0,0,0
1779913981708,210,13884,-5346,-394,764,-208,walking,0.00,0,0,0,0,0
1779913981737,697,14093,-5481,-394,724,-156,walking,0.00,0,0,0,0,0
1779913981738,733,14637,-5630,-326,699,-127,walking,0.00,0,0,0,0,0
1779913981739,195,15046,-5698,-216,677,-91,walking,0.00,0,0,0,0,0
1779913981769,-717,15096,-5714,-106,659,-45,walking,0.00,0,0,0,0,0
1779913981770,-1261,14809,-5771,-35,651,3,walking,0.00,0,0,0,0,0
1779913981771,-1143,14697,-5698,-7,636,41,walking,0.00,0,0,0,0,0
1779913981797,-805,14722,-5518,-17,619,60,walking,0.00,0,0,0,0,0
1779913981798,-474,14677,-5311,-32,604,73,walking,0.00,0,0,0,0,0
1779913981798,-349,14560,-5262,-57,587,85,walking,0.00,0,0,0,0,0
1779913981830,-371,14547,-5176,-109,572,95,walking,0.00,0,0,0,0,0
1779913981831,-413,14675,-5241,-154,563,110,walking,0.00,0,0,0,0,0
1779913981832,-375,14715,-5283,-166,563,132,walking,0.00,0,0,0,0,0
1779913981856,-148,14528,-5265,-152,567,146,walking,0.00,0,0,0,0,0
1779913981857,19,14236,-5235,-145,570,148,walking,0.00,0,0,0,0,0
1779913981857,131,13868,-5329,-140,568,148,walking,0.00,0,0,0,0,0
1779913981887,415,13656,-5415,-121,564,146,walking,0.00,0,0,0,0,0
1779913981888,796,13345,-5408,-109,556,143,walking,0.00,0,0,0,0,0
1779913981889,1081,13222,-5442,-114,543,141,walking,0.00,0,0,0,0,0
1779913981919,1306,13231,-5446,-124,521,133,walking,0.00,0,0,0,0,0
1779913981919,1516,13187,-5531,-127,494,123,walking,0.00,0,0,0,0,0
1779913981920,1736,13132,-5569,-133,461,123,walking,0.00,0,0,0,0,0
1779913981947,1707,13166,-5525,-153,423,125,walking,0.00,0,0,0,0,0
1779913981948,1731,13250,-5630,-172,396,125,walking,0.00,0,0,0,0,0
1779913981948,1780,13386,-5779,-180,374,116,walking,0.00,0,0,0,0,0
1779913981979,1723,13455,-5809,-172,350,103,walking,0.00,0,0,0,0,0
1779913981980,1638,13464,-5819,-168,330,82,walking,0.00,0,0,0,0,0
1779913981980,1662,13463,-5834,-172,312,60,walking,0.00,0,0,0,0,0
1779913982006,1737,13641,-5839,-182,290,47,walking,0.00,0,0,0,0,0
1779913982007,1743,13811,-5898,-178,258,45,walking,0.00,0,0,0,0,0
1779913982007,1743,13770,-5924,-154,226,50,walking,0.00,0,0,0,0,0
1779913982039,1810,13613,-5997,-120,196,53,walking,0.00,0,0,0,0,0
1779913982040,1991,13292,-6060,-83,163,56,walking,0.00,0,0,0,0,0
1779913982041,2180,12971,-6048,-82,126,57,walking,0.00,0,0,0,0,0
1779913982069,2321,12877,-6058,-117,89,60,walking,0.00,0,0,0,0,0
1779913982070,2555,12936,-6033,-157,60,67,walking,0.00,0,0,0,0,0
1779913982070,2632,13133,-6081,-187,27,72,walking,0.00,0,0,0,0,0
1779913982097,2605,13495,-5952,-204,-8,71,walking,0.00,0,0,0,0,0
1779913982097,2491,13955,-5619,-209,-37,69,walking,0.00,0,0,0,0,0
1779913982098,2469,14483,-5452,-223,-52,71,walking,0.00,0,0,0,0,0
1779913982132,2358,15047,-5290,-234,-58,80,walking,0.00,0,0,0,0,0
1779913982133,1898,15586,-5074,-242,-60,81,walking,0.00,0,0,0,0,0
1779913982136,1575,16016,-4847,-257,-50,74,walking,0.00,0,0,0,0,0
1779913982159,1344,16479,-4595,-292,-44,78,walking,0.00,0,0,0,0,0
1779913982160,948,16932,-4400,-336,-42,78,walking,0.00,0,0,0,0,0
1779913982161,767,17102,-4302,-377,-44,74,walking,0.00,0,0,0,0,0
1779913982187,725,17053,-4216,-406,-53,70,walking,0.00,0,0,0,0,0
1779913982188,757,17027,-4104,-464,-63,55,walking,0.00,0,0,0,0,0
1779913982189,829,17510,-4134,-547,-73,21,walking,0.00,0,0,0,0,0
1779913982222,822,18160,-4070,-592,-78,-27,walking,0.00,0,0,0,0,0
1779913982223,688,18669,-4085,-613,-90,-61,walking,0.00,0,0,0,0,0
1779913982223,416,19148,-4052,-634,-117,-73,walking,0.00,0,0,0,0,0
1779913982247,94,19624,-4085,-652,-152,-88,walking,0.00,0,0,0,0,0
1779913982247,-305,20005,-4233,-663,-178,-116,walking,0.00,0,0,0,0,0
1779913982252,-650,20150,-4311,-662,-184,-151,walking,0.00,0,0,0,0,0
1779913982278,-884,19709,-4369,-641,-176,-169,walking,0.00,0,0,0,0,0
1779913982279,-910,18831,-4260,-599,-167,-154,walking,0.00,0,0,0,0,0
1779913982280,-515,17427,-4158,-547,-169,-118,walking,0.00,0,0,0,0,0
1779913982311,153,16127,-3999,-511,-185,-80,walking,0.00,0,0,0,0,0
1779913982311,705,15376,-3716,-491,-196,-70,walking,0.00,0,0,0,0,0
1779913982312,1331,15307,-3575,-484,-200,-77,walking,0.00,0,0,0,0,0
1779913982338,1207,16488,-3426,-408,-211,-70,walking,0.00,0,0,0,0,0
1779913982339,1101,17426,-3188,-214,-184,-80,walking,0.00,0,0,0,0,0
1779913982339,1024,17443,-2907,-7,-144,-74,walking,0.00,0,0,0,0,0
1779913982368,544,17397,-2732,144,-137,-49,walking,0.00,0,0,0,0,0
1779913982371,130,17386,-2598,241,-141,-36,walking,0.00,0,0,0,0,0
1779913982372,34,17293,-2527,303,-143,-35,walking,0.00,0,0,0,0,0
1779913982397,-406,17084,-2196,309,-163,-47,walking,0.00,0,0,0,0,0
1779913982397,-572,17331,-2053,266,-176,-58,walking,0.00,0,0,0,0,0
1779913982398,-715,17562,-2084,244,-174,-48,walking,0.00,0,0,0,0,0
1779913982427,-1294,17499,-2054,240,-177,-44,walking,0.00,0,0,0,0,0
1779913982427,-1980,16403,-1957,180,-164,-51,walking,0.00,0,0,0,0,0
1779913982428,-2093,16273,-1797,77,-171,-60,walking,0.00,0,0,0,0,0
1779913982460,-1916,16219,-1766,5,-170,-67,walking,0.00,0,0,0,0,0
1779913982461,-1544,16188,-1726,-13,-164,-61,walking,0.00,0,0,0,0,0
1779913982461,-1363,15804,-1709,0,-163,-50,walking,0.00,0,0,0,0,0
1779913982487,-1019,15291,-1736,25,-150,-33,walking,0.00,0,0,0,0,0
1779913982488,-556,14796,-1838,49,-134,-19,walking,0.00,0,0,0,0,0
1779913982488,-226,14123,-2078,57,-113,-16,walking,0.00,0,0,0,0,0
1779913982519,208,13619,-2054,48,-97,-8,walking,0.00,0,0,0,0,0
1779913982519,578,13586,-1917,6,-99,-3,walking,0.00,0,0,0,0,0
1779913982520,896,13866,-2025,-49,-109,6,walking,0.00,0,0,0,0,0
1779913982547,1124,14397,-2098,-46,-111,27,walking,0.00,0,0,0,0,0
1779913982548,1207,14588,-1975,18,-97,45,walking,0.00,0,0,0,0,0
1779913982549,1366,14417,-1888,90,-81,69,walking,0.00,0,0,0,0,0
1779913982579,1541,14217,-1745,128,-70,97,walking,0.00,0,0,0,0,0
1779913982580,1683,13919,-1645,129,-73,118,walking,0.00,0,0,0,0,0
1779913982581,1826,13749,-1492,92,-86,141,walking,0.00,0,0,0,0,0
1779913982610,1967,13838,-1439,47,-106,167,walking,0.00,0,0,0,0,0
1779913982611,2099,14218,-1441,4,-129,196,walking,0.00,0,0,0,0,0
1779913982612,2137,14587,-1542,-16,-144,222,walking,0.00,0,0,0,0,0
1779913982637,1967,14766,-1799,3,-143,245,walking,0.00,0,0,0,0,0
1779913982638,1889,14846,-1918,55,-132,268,walking,0.00,0,0,0,0,0
1779913982638,1881,14797,-1900,100,-123,279,walking,0.00,0,0,0,0,0
1779913982668,1905,14818,-1785,108,-124,286,walking,0.00,0,0,0,0,0
1779913982669,1995,14970,-1771,93,-126,301,walking,0.00,0,0,0,0,0
1779913982669,2080,15291,-1807,76,-136,322,walking,0.00,0,0,0,0,0
1779913982697,2030,15822,-1761,69,-152,332,walking,0.00,0,0,0,0,0
1779913982697,1902,16353,-1642,69,-162,329,walking,0.00,0,0,0,0,0
1779913982698,1743,16638,-1645,89,-163,327,walking,0.00,0,0,0,0,0
1779913982729,1583,16895,-1731,102,-166,329,walking,0.00,0,0,0,0,0
1779913982730,1269,17016,-1799,111,-170,326,walking,0.00,0,0,0,0,0
1779913982731,1039,17153,-1768,112,-170,315,walking,0.00,0,0,0,0,0
1779913982759,992,17309,-1854,80,-175,298,walking,0.00,0,0,0,0,0
1779913982760,788,17523,-2016,48,-182,276,walking,0.00,0,0,0,0,0
1779913982761,594,17640,-2223,41,-179,248,walking,0.00,0,0,0,0,0
1779913982787,541,17628,-2284,29,-170,218,walking,0.00,0,0,0,0,0
1779913982787,662,17712,-2380,12,-156,189,walking,0.00,0,0,0,0,0
1779913982788,713,17969,-2453,10,-147,157,walking,0.00,0,0,0,0,0
1779913982821,651,18231,-2535,16,-137,120,walking,0.00,0,0,0,0,0
1779913982822,686,18575,-2603,22,-116,75,walking,0.00,0,0,0,0,0
1779913982822,747,19252,-2621,21,-84,11,walking,0.00,0,0,0,0,0
1779913982847,927,20150,-2620,6,-44,-79,walking,0.00,0,0,0,0,0
1779913982853,788,21037,-2787,-28,-8,-204,walking,0.00,0,0,0,0,0
1779913982854,188,21310,-3019,-57,16,-333,walking,0.00,0,0,0,0,0
1779913982877,-444,20424,-3246,-80,9,-405,walking,0.00,0,0,0,0,0
1779913982877,-745,18480,-3521,-143,-45,-371,walking,0.00,0,0,0,0,0
1779913982878,-664,16383,-3855,-258,-129,-257,walking,0.00,0,0,0,0,0
1779913982910,-218,14621,-4368,-361,-205,-141,walking,0.00,0,0,0,0,0
1779913982911,520,13268,-4814,-381,-256,-50,walking,0.00,0,0,0,0,0
1779913982912,1003,12880,-4689,-326,-294,11,walking,0.00,0,0,0,0,0
1779913982937,1397,13156,-4476,-238,-316,40,walking,0.00,0,0,0,0,0
1779913982937,1335,13976,-4516,-110,-320,73,walking,0.00,0,0,0,0,0
1779913982938,825,14854,-4566,87,-306,129,walking,0.00,0,0,0,0,0
1779913982968,287,15280,-4258,321,-292,199,walking,0.00,0,0,0,0,0
1779913982968,-19,15439,-3695,482,-285,260,walking,0.00,0,0,0,0,0
1779913982969,-61,15590,-3274,527,-287,308,walking,0.00,0,0,0,0,0
1779913983001,-206,15917,-2950,508,-298,346,walking,0.00,0,0,0,0,0
1779913983001,-543,16212,-2632,459,-305,371,walking,0.00,0,0,0,0,0
1779913983002,-877,16338,-2297,400,-301,377,walking,0.00,0,0,0,0,0
1779913983028,-1277,16285,-2139,329,-289,368,walking,0.00,0,0,0,0,0
1779913983028,-1491,16131,-1947,245,-272,350,walking,0.00,0,0,0,0,0
1779913983029,-1429,15975,-1921,165,-251,336,walking,0.00,0,0,0,0,0
1779913983059,-1433,15922,-1890,114,-221,320,walking,0.00,0,0,0,0,0
1779913983060,-1388,15766,-1932,92,-187,297,walking,0.00,0,0,0,0,0
1779913983061,-1156,15397,-2062,83,-159,271,walking,0.00,0,0,0,0,0
1779913983089,-769,15020,-2258,71,-139,242,walking,0.00,0,0,0,0,0
1779913983090,-502,14591,-2517,50,-132,218,walking,0.00,0,0,0,0,0
1779913983090,-215,14275,-2719,19,-132,194,walking,0.00,0,0,0,0,0
1779913983119,164,13997,-2892,-7,-136,172,walking,0.00,0,0,0,0,0
1779913983121,586,14049,-3032,-19,-145,148,walking,0.00,0,0,0,0,0
1779913983122,945,14200,-3093,-15,-157,113,walking,0.00,0,0,0,0,0
1779913983147,1151,14315,-3223,1,-175,73,walking,0.00,0,0,0,0,0
1779913983150,1231,14385,-3336,15,-199,37,walking,0.00,0,0,0,0,0
1779913983151,1210,14325,-3549,33,-224,11,walking,0.00,0,0,0,0,0
1779913983177,1239,14194,-3626,40,-253,-7,walking,0.00,0,0,0,0,0
1779913983178,1240,14010,-3645,25,-278,-24,walking,0.00,0,0,0,0,0
1779913983179,1340,13949,-3636,-16,-302,-40,walking,0.00,0,0,0,0,0
1779913983214,1414,14158,-3554,-52,-326,-53,walking,0.00,0,0,0,0,0
1779913983215,1405,14351,-3435,-57,-347,-58,walking,0.00,0,0,0,0,0
1779913983215,1329,14316,-3375,-31,-368,-46,walking,0.00,0,0,0,0,0
1779913983239,1211,14148,-3352,13,-385,-34,walking,0.00,0,0,0,0,0
1779913983240,1157,13990,-3300,47,-393,-34,walking,0.00,0,0,0,0,0
1779913983244,1107,13803,-3268,72,-397,-33,walking,0.00,0,0,0,0,0
1779913983268,1031,13746,-3083,74,-402,-29,walking,0.00,0,0,0,0,0
1779913983269,938,13886,-2903,46,-412,-26,walking,0.00,0,0,0,0,0
1779913983270,797,14152,-2856,-1,-421,-27,walking,0.00,0,0,0,0,0
1779913983302,508,14583,-2704,-44,-427,-30,walking,0.00,0,0,0,0,0
1779913983303,173,15061,-2459,-68,-428,-31,walking,0.00,0,0,0,0,0
1779913983303,-92,15476,-2270,-101,-424,-32,walking,0.00,0,0,0,0,0
1779913983329,-398,15817,-2102,-139,-414,-31,walking,0.00,0,0,0,0,0
1779913983330,-640,16143,-2042,-175,-397,-32,walking,0.00,0,0,0,0,0
1779913983331,-788,16550,-1891,-220,-381,-41,walking,0.00,0,0,0,0,0
1779913983359,-845,17050,-1654,-277,-370,-66,walking,0.00,0,0,0,0,0
1779913983360,-920,17901,-1281,-349,-367,-106,walking,0.00,0,0,0,0,0
1779913983360,-1170,19100,-1146,-440,-380,-171,walking,0.00,0,0,0,0,0
1779913983387,-1810,20140,-1297,-510,-404,-241,walking,0.00,0,0,0,0,0
1779913983388,-2720,20540,-1831,-517,-419,-293,walking,0.00,0,0,0,0,0
1779913983389,-3473,20119,-2293,-486,-415,-318,walking,0.00,0,0,0,0,0
1779913983418,-3407,18849,-2389,-453,-382,-321,walking,0.00,0,0,0,0,0
1779913983418,-2624,17395,-2391,-457,-343,-305,walking,0.00,0,0,0,0,0
1779913983419,-1842,16231,-2451,-466,-314,-283,walking,0.00,0,0,0,0,0
1779913983451,-1252,15524,-2462,-437,-288,-272,walking,0.00,0,0,0,0,0
1779913983452,-746,15152,-2378,-365,-268,-270,walking,0.00,0,0,0,0,0
1779913983453,-312,15263,-2270,-274,-250,-277,walking,0.00,0,0,0,0,0
1779913983479,-67,15844,-2187,-199,-223,-292,walking,0.00,0,0,0,0,0
1779913983480,-198,16707,-2171,-136,-192,-298,walking,0.00,0,0,0,0,0
1779913983481,-439,17564,-2093,-56,-163,-300,walking,0.00,0,0,0,0,0
1779913983510,-589,18161,-1852,17,-140,-304,walking,0.00,0,0,0,0,0
1779913983511,-618,18446,-1720,58,-116,-311,walking,0.00,0,0,0,0,0
1779913983512,-816,18398,-1622,88,-94,-314,walking,0.00,0,0,0,0,0
1779913983538,-1099,18166,-1497,99,-73,-320,walking,0.00,0,0,0,0,0
1779913983539,-1349,17886,-1339,81,-51,-327,walking,0.00,0,0,0,0,0
1779913983540,-1466,17749,-1341,50,-32,-330,walking,0.00,0,0,0,0,0
1779913983568,-1449,17490,-1354,55,-5,-324,walking,0.00,0,0,0,0,0
1779913983569,-1602,16450,-1435,90,33,-319,walking,0.00,0,0,0,0,0
1779913983570,-1431,16305,-1536,100,57,-330,walking,0.00,0,0,0,0,0
1779913983602,-1504,16195,-1647,136,84,-329,walking,0.00,0,0,0,0,0
1779913983603,-1628,15985,-1750,187,110,-323,walking,0.00,0,0,0,0,0
1779913983604,-1698,15803,-1856,233,130,-319,walking,0.00,0,0,0,0,0
1779913983626,-1666,15715,-1814,270,144,-310,walking,0.00,0,0,0,0,0
1779913983628,-1699,15596,-1791,299,160,-301,walking,0.00,0,0,0,0,0
1779913983629,-1905,15533,-1774,311,176,-284,walking,0.00,0,0,0,0,0
1779913983660,-2034,15521,-1746,311,194,-262,walking,0.00,0,0,0,0,0
1779913983661,-2295,15633,-1691,305,218,-238,walking,0.00,0,0,0,0,0
1779913983662,-2491,15751,-1678,314,253,-214,walking,0.00,0,0,0,0,0
1779913983692,-2627,15771,-1614,343,296,-190,walking,0.00,0,0,0,0,0
1779913983693,-2660,15677,-1555,370,340,-171,walking,0.00,0,0,0,0,0
1779913983694,-2651,15637,-1502,389,383,-157,walking,0.00,0,0,0,0,0
1779913983718,-2801,15616,-1494,407,423,-143,walking,0.00,0,0,0,0,0
1779913983719,-2938,15493,-1497,436,466,-133,walking,0.00,0,0,0,0,0
1779913983720,-3024,15494,-1424,448,511,-127,walking,0.00,0,0,0,0,0
1779913983749,-3169,15628,-1363,448,561,-120,walking,0.00,0,0,0,0,0
1779913983750,-3131,15821,-1385,457,612,-112,walking,0.00,0,0,0,0,0
1779913983750,-3155,16083,-1296,483,672,-108,walking,0.00,0,0,0,0,0
1779913983778,-3163,16357,-1200,511,733,-111,walking,0.00,0,0,0,0,0
1779913983779,-3161,16485,-1200,536,791,-120,walking,0.00,0,0,0,0,0
1779913983779,-3261,16690,-1076,559,849,-139,walking,0.00,0,0,0,0,0
1779913983813,-3452,16770,-1223,560,898,-166,walking,0.00,0,0,0,0,0
1779913983814,-3595,16877,-1422,555,937,-191,walking,0.00,0,0,0,0,0
1779913983815,-3616,16921,-1606,560,976,-227,walking,0.00,0,0,0,0,0
1779913983837,-3705,17040,-1691,559,1012,-274,walking,0.00,0,0,0,0,0
1779913983838,-3734,17176,-1848,540,1052,-331,walking,0.00,0,0,0,0,0
1779913983839,-3752,17123,-2182,533,1101,-397,walking,0.00,0,0,0,0,0
1779913983872,-3743,16907,-2508,529,1154,-474,walking,0.00,0,0,0,0,0
1779913983873,-3599,16520,-2795,508,1205,-556,walking,0.00,0,0,0,0,0
1779913983874,-3259,16019,-3385,465,1222,-618,walking,0.00,0,0,0,0,0
1779913983901,-2810,15674,-4127,422,1213,-650,walking,0.00,0,0,0,0,0
1779913983902,-2333,15305,-4774,413,1191,-666,walking,0.00,0,0,0,0,0
1779913983903,-1586,14760,-5370,422,1149,-677,walking,0.00,0,0,0,0,0
1779913983928,-937,14357,-5763,424,1088,-681,walking,0.00,0,0,0,0,0
1779913983929,-785,14195,-5942,419,1018,-686,walking,0.00,0,0,0,0,0
1779913983931,-861,14193,-6053,405,956,-684,walking,0.00,0,0,0,0,0
1779913983960,-968,14300,-6161,391,902,-671,walking,0.00,0,0,0,0,0
1779913983961,-1040,14433,-6400,406,862,-650,walking,0.00,0,0,0,0,0
1779913983961,-827,14475,-6524,458,814,-607,walking,0.00,0,0,0,0,0
1779913983988,-1600,14219,-6479,492,753,-555,walking,0.00,0,0,0,0,0
1779913983992,-1663,13849,-6644,482,747,-581,walking,0.00,0,0,0,0,0
1779913983993,-1279,13965,-6704,440,702,-566,walking,0.00,0,0,0,0,0
1779913984017,-1349,14045,-7117,391,634,-517,walking,0.00,0,0,0,0,0
1779913984018,-1472,14212,-7352,394,587,-464,walking,0.00,0,0,0,0,0
1779913984018,-1500,14198,-7455,421,551,-417,walking,0.00,0,0,0,0,0
1779913984051,-1475,13995,-7502,437,512,-377,walking,0.00,0,0,0,0,0
1779913984052,-1518,13663,-7478,441,467,-356,walking,0.00,0,0,0,0,0
1779913984052,-1583,13248,-7483,412,411,-359,walking,0.00,0,0,0,0,0
1779913984082,-1594,13032,-7466,340,344,-366,walking,0.00,0,0,0,0,0
1779913984082,-1653,13117,-7427,247,271,-366,walking,0.00,0,0,0,0,0
1779913984085,-1707,13353,-7601,161,204,-351,walking,0.00,0,0,0,0,0
1779913984109,-1903,13662,-7703,105,161,-325,walking,0.00,0,0,0,0,0
1779913984110,-1918,13796,-7737,81,140,-293,walking,0.00,0,0,0,0,0
1779913984111,-2017,13711,-7661,92,129,-256,walking,0.00,0,0,0,0,0
1779913984137,-2058,13421,-7405,94,124,-234,walking,0.00,0,0,0,0,0
1779913984137,-2012,13052,-7165,65,115,-221,walking,0.00,0,0,0,0,0
1779913984138,-1958,12866,-7070,-1,97,-210,walking,0.00,0,0,0,0,0
1779913984167,-1889,12951,-6978,-67,75,-191,walking,0.00,0,0,0,0,0
1779913984168,-1847,13225,-7124,-119,60,-164,walking,0.00,0,0,0,0,0
1779913984169,-1838,13501,-7398,-142,46,-132,walking,0.00,0,0,0,0,0
1779913984203,-1881,13734,-7503,-131,39,-93,walking,0.00,0,0,0,0,0
1779913984204,-1953,13696,-7782,-108,36,-56,walking,0.00,0,0,0,0,0
1779913984205,-2150,13538,-8032,-80,35,-22,walking,0.00,0,0,0,0,0
1779913984228,-2214,13259,-8108,-68,40,4,walking,0.00,0,0,0,0,0
1779913984228,-2233,13042,-8141,-77,40,22,walking,0.00,0,0,0,0,0
1779913984229,-2164,13001,-8164,-100,30,42,walking,0.00,0,0,0,0,0
1779913984259,-2013,13091,-8257,-115,24,49,walking,0.00,0,0,0,0,0
1779913984260,-2022,13279,-8412,-104,17,51,walking,0.00,0,0,0,0,0
1779913984261,-2036,13454,-8577,-75,12,52,walking,0.00,0,0,0,0,0
1779913984287,-2037,13686,-8686,-32,8,47,walking,0.00,0,0,0,0,0
1779913984292,-2185,13883,-8684,1,1,39,walking,0.00,0,0,0,0,0
1779913984294,-2401,14011,-8681,21,-10,39,walking,0.00,0,0,0,0,0
1779913984319,-2481,14322,-8725,36,-18,35,walking,0.00,0,0,0,0,0
1779913984320,-2577,14418,-8810,51,-22,21,walking,0.00,0,0,0,0,0
1779913984325,-2712,14448,-8677,66,-28,-4,walking,0.00,0,0,0,0,0
1779913984349,-2772,14403,-8699,65,-31,-32,walking,0.00,0,0,0,0,0
1779913984350,-2853,14427,-8668,67,-32,-55,walking,0.00,0,0,0,0,0
1779913984352,-2930,14498,-8549,69,-28,-76,walking,0.00,0,0,0,0,0
1779913984377,-2962,14509,-8484,68,-25,-98,walking,0.00,0,0,0,0,0
1779913984378,-3019,14564,-8384,81,-28,-116,walking,0.00,0,0,0,0,0
1779913984378,-3110,14574,-8282,91,-28,-140,walking,0.00,0,0,0,0,0
1779913984408,-3165,14421,-8246,98,-26,-162,walking,0.00,0,0,0,0,0
1779913984408,-3203,14328,-8289,100,-24,-175,walking,0.00,0,0,0,0,0
1779913984409,-3265,14136,-8263,100,-21,-184,walking,0.00,0,0,0,0,0
1779913984442,-3263,13984,-8178,100,-13,-194,walking,0.00,0,0,0,0,0
1779913984443,-3183,13810,-8127,94,2,-199,walking,0.00,0,0,0,0,0
1779913984444,-3225,13734,-8134,82,19,-196,walking,0.00,0,0,0,0,0
1779913984470,-3360,13769,-8041,76,39,-192,walking,0.00,0,0,0,0,0
1779913984471,-3458,13803,-7969,72,62,-182,walking,0.00,0,0,0,0,0
1779913984472,-3525,13754,-7844,79,88,-169,walking,0.00,0,0,0,0,0
1779913984500,-3542,13690,-7717,81,118,-154,walking,0.00,0,0,0,0,0
1779913984504,-3545,13703,-7556,72,146,-135,walking,0.00,0,0,0,0,0
1779913984508,-3620,13816,-7443,53,171,-105,walking,0.00,0,0,0,0,0
1779913984527,-3816,13712,-7311,47,200,-79,walking,0.00,0,0,0,0,0
1779913984528,-3838,13494,-7184,38,228,-59,walking,0.00,0,0,0,0,0
1779913984529,-3882,13272,-7080,-8,256,-45,walking,0.00,0,0,0,0,0
1779913984558,-3834,13302,-7040,-60,284,-25,walking,0.00,0,0,0,0,0
1779913984559,-3832,13335,-6980,-107,311,-9,walking,0.00,0,0,0,0,0
1779913984560,-3827,13342,-6941,-155,339,-12,walking,0.00,0,0,0,0,0
1779913984590,-3619,13544,-6903,-197,369,-5,walking,0.00,0,0,0,0,0
1779913984591,-3494,13719,-6893,-223,395,1,walking,0.00,0,0,0,0,0
1779913984592,-3434,13946,-6907,-251,412,-2,walking,0.00,0,0,0,0,0
1779913984617,-3369,13950,-6993,-276,429,-5,walking,0.00,0,0,0,0,0
1779913984619,-3262,14233,-6992,-298,441,9,walking,0.00,0,0,0,0,0
1779913984619,-3070,14234,-7070,-298,459,23,walking,0.00,0,0,0,0,0
1779913984650,-3028,13971,-7142,-303,467,38,walking,0.00,0,0,0,0,0
1779913984651,-2985,13876,-7183,-320,471,53,walking,0.00,0,0,0,0,0
1779913984652,-2746,13877,-7286,-343,478,62,walking,0.00,0,0,0,0,0
1779913984680,-2656,13899,-7348,-352,480,62,walking,0.00,0,0,0,0,0
1779913984680,-2637,13903,-7340,-352,483,59,walking,0.00,0,0,0,0,0
1779913984684,-2551,13941,-7320,-357,481,51,walking,0.00,0,0,0,0,0
1779913984708,-2355,14109,-7228,-356,478,43,walking,0.00,0,0,0,0,0
1779913984708,-2310,14141,-7187,-352,476,44,walking,0.00,0,0,0,0,0
1779913984709,-2235,14261,-7102,-355,471,46,walking,0.00,0,0,0,0,0
1779913984737,-2192,14342,-7008,-364,464,52,walking,0.00,0,0,0,0,0
1779913984740,-2127,14441,-6961,-364,458,63,walking,0.00,0,0,0,0,0
1779913984741,-2098,14516,-6937,-364,456,67,walking,0.00,0,0,0,0,0
1779913984768,-2165,14474,-6846,-350,457,69,walking,0.00,0,0,0,0,0
1779913984769,-2130,14396,-6734,-338,460,71,walking,0.00,0,0,0,0,0
1779913984770,-2112,14300,-6756,-337,463,78,walking,0.00,0,0,0,0,0
1779913984797,-2096,14260,-6691,-333,467,86,walking,0.00,0,0,0,0,0
1779913984798,-1964,14279,-6555,-331,471,90,walking,0.00,0,0,0,0,0
1779913984800,-1923,14352,-6532,-341,472,91,walking,0.00,0,0,0,0,0
1779913984832,-1926,14547,-6530,-349,471,86,walking,0.00,0,0,0,0,0
1779913984833,-1963,14742,-6500,-348,473,77,walking,0.00,0,0,0,0,0
1779913984834,-1899,14956,-6479,-338,480,69,walking,0.00,0,0,0,0,0
1779913984862,-1835,15122,-6437,-321,484,61,walking,0.00,0,0,0,0,0
1779913984863,-1871,15261,-6384,-305,490,52,walking,0.00,0,0,0,0,0
1779913984864,-1819,15331,-6360,-294,496,42,walking,0.00,0,0,0,0,0
1779913984891,-1789,15518,-6367,-289,499,35,walking,0.00,0,0,0,0,0
1779913984892,-1869,15725,-6377,-288,501,23,walking,0.00,0,0,0,0,0
1779913984893,-1951,15780,-6393,-287,501,20,walking,0.00,0,0,0,0,0
1779913984919,-1975,15809,-6463,-278,502,25,walking,0.00,0,0,0,0,0
1779913984920,-1994,15702,-6466,-259,506,36,walking,0.00,0,0,0,0,0
1779913984921,-2045,15520,-6425,-241,515,50,walking,0.00,0,0,0,0,0
1779913984950,-2082,15276,-6431,-224,526,61,walking,0.00,0,0,0,0,0
1779913984951,-2082,15087,-6368,-210,536,68,walking,0.00,0,0,0,0,0
1779913984952,-2145,14954,-6293,-200,548,73,walking,0.00,0,0,0,0,0
1779913984977,-2187,14898,-6247,-191,563,74,walking,0.00,0,0,0,0,0
1779913984978,-2163,14860,-6176,-179,581,71,walking,0.00,0,0,0,0,0
1779913984979,-2097,14911,-6048,-168,603,73,walking,0.00,0,0,0,0,0
1779913985007,-2038,14947,-5963,-160,624,77,walking,0.00,0,0,0,0,0
1779913985007,-1894,14914,-5927,-153,641,78,walking,0.00,0,0,0,0,0
1779913985008,-1721,14813,-5910,-145,652,73,walking,0.00,0,0,0,0,0
1779913985040,-1466,14677,-5798,-136,654,65,walking,0.00,0,0,0,0,0
1779913985041,-1286,14498,-5742,-134,649,58,walking,0.00,0,0,0,0,0
1779913985041,-1159,14401,-5736,-139,641,52,walking,0.00,0,0,0,0,0
1779913985066,-999,14464,-5718,-140,637,39,walking,0.00,0,0,0,0,0
1779913985067,-888,14600,-5694,-133,640,21,walking,0.00,0,0,0,0,0
1779913985067,-895,14752,-5712,-117,646,4,walking,0.00,0,0,0,0,0
1779913985099,-851,14915,-5614,-92,650,-14,walking,0.00,0,0,0,0,0
1779913985100,-789,14970,-5518,-71,653,-32,walking,0.00,0,0,0,0,0
1779913985101,-752,14823,-5442,-54,655,-46,walking,0.00,0,0,0,0,0
1779913985128,-653,14652,-5309,-43,650,-59,walking,0.00,0,0,0,0,0
1779913985129,-482,14525,-5202,-59,640,-76,walking,0.00,0,0,0,0,0
1779913985130,-391,14489,-5192,-88,628,-95,walking,0.00,0,0,0,0,0
1779913985158,-351,14594,-5196,-115,611,-109,walking,0.00,0,0,0,0,0
1779913985159,-357,14722,-5217,-139,598,-122,walking,0.00,0,0,0,0,0
1779913985160,-334,14794,-5235,-154,588,-127,walking,0.00,0,0,0,0,0
1779913985187,-289,14882,-5163,-163,581,-125,walking,0.00,0,0,0,0,0
1779913985195,-196,14946,-5179,-176,571,-123,walking,0.00,0,0,0,0,0
1779913985196,-174,15066,-5203,-186,562,-126,walking,0.00,0,0,0,0,0
1779913985218,-183,15285,-5175,-190,553,-127,walking,0.00,0,0,0,0,0
1779913985219,-259,15409,-5270,-192,545,-124,walking,0.00,0,0,0,0,0
1779913985220,-420,15399,-5366,-187,535,-116,walking,0.00,0,0,0,0,0
1779913985249,-502,15346,-5403,-182,531,-101,walking,0.00,0,0,0,0,0
1779913985251,-431,15260,-5400,-180,529,-85,walking,0.00,0,0,0,0,0
1779913985252,-450,15206,-5337,-178,531,-73,walking,0.00,0,0,0,0,0
1779913985277,-397,15187,-5348,-177,537,-66,walking,0.00,0,0,0,0,0
1779913985278,-382,15234,-5286,-172,541,-68,walking,0.00,0,0,0,0,0
1779913985280,-386,15325,-5262,-172,546,-75,walking,0.00,0,0,0,0,0
1779913985308,-425,15485,-5274,-176,551,-79,walking,0.00,0,0,0,0,0
1779913985309,-476,15695,-5301,-179,557,-88,walking,0.00,0,0,0,0,0
1779913985309,-495,15875,-5289,-175,565,-96,walking,0.00,0,0,0,0,0
1779913985340,-397,15929,-5287,-163,573,-96,walking,0.00,0,0,0,0,0
1779913985341,-329,15860,-5285,-154,575,-88,walking,0.00,0,0,0,0,0
1779913985341,-305,15714,-5285,-149,576,-80,walking,0.00,0,0,0,0,0
1779913985369,-225,15416,-5399,-145,576,-69,walking,0.00,0,0,0,0,0
1779913985374,-201,15114,-5483,-147,575,-54,walking,0.00,0,0,0,0,0
1779913985375,-204,15089,-5546,-154,572,-45,walking,0.00,0,0,0,0,0
1779913985397,-175,15294,-5596,-165,576,-50,walking,0.00,0,0,0,0,0
1779913985398,-263,15740,-5599,-174,589,-63,walking,0.00,0,0,0,0,0
1779913985399,-509,16256,-5655,-160,608,-77,walking,0.00,0,0,0,0,0
1779913985427,-754,16713,-5656,-123,628,-100,walking,0.00,0,0,0,0,0
1779913985433,-986,16927,-5591,-87,642,-125,walking,0.00,0,0,0,0,0
1779913985434,-1147,16924,-5480,-66,653,-144,walking,0.00,0,0,0,0,0
1779913985461,-1246,16793,-5498,-61,660,-149,walking,0.00,0,0,0,0,0
1779913985462,-1306,16506,-5433,-56,661,-147,walking,0.00,0,0,0,0,0
1779913985463,-1250,16143,-5354,-58,662,-149,walking,0.00,0,0,0,0,0
1779913985491,-1148,15913,-5387,-76,664,-158,walking,0.00,0,0,0,0,0
1779913985493,-1125,15897,-5522,-77,674,-174,walking,0.00,0,0,0,0,0
1779913985493,-1364,15967,-5491,-51,696,-183,walking,0.00,0,0,0,0,0
1779913985518,-1351,15971,-5461,-17,726,-182,walking,0.00,0,0,0,0,0
1779913985519,-1361,15864,-5459,8,751,-175,walking,0.00,0,0,0,0,0
1779913985520,-1358,15771,-5277,33,772,-165,walking,0.00,0,0,0,0,0
1779913985548,-1233,15651,-5112,63,794,-163,walking,0.00,0,0,0,0,0
1779913985549,-1002,15405,-5040,80,814,-157,walking,0.00,0,0,0,0,0
1779913985550,-943,15241,-4964,86,823,-149,walking,0.00,0,0,0,0,0
1779913985582,-919,15172,-4905,82,825,-146,walking,0.00,0,0,0,0,0
1779913985583,-916,15194,-4934,67,828,-144,walking,0.00,0,0,0,0,0
1779913985584,-894,15281,-4886,57,835,-137,walking,0.00,0,0,0,0,0
1779913985607,-863,15484,-4794,56,849,-129,walking,0.00,0,0,0,0,0
1779913985607,-798,15680,-4709,67,868,-124,walking,0.00,0,0,0,0,0
1779913985608,-757,15805,-4603,88,892,-121,walking,0.00,0,0,0,0,0
1779913985639,-799,15876,-4446,117,910,-118,walking,0.00,0,0,0,0,0
1779913985639,-778,15790,-4283,138,924,-121,walking,0.00,0,0,0,0,0
1779913985640,-760,15734,-4142,143,930,-123,walking,0.00,0,0,0,0,0
1779913985667,-820,15684,-4139,142,935,-125,walking,0.00,0,0,0,0,0
1779913985668,-895,15534,-4068,142,954,-125,walking,0.00,0,0,0,0,0
1779913985669,-820,15497,-4013,121,983,-118,walking,0.00,0,0,0,0,0
1779913985698,-803,15648,-3961,95,1019,-112,walking,0.00,0,0,0,0,0
1779913985699,-782,15837,-3854,96,1057,-108,walking,0.00,0,0,0,0,0
1779913985700,-700,15971,-3648,114,1094,-114,walking,0.00,0,0,0,0,0
1779913985730,-686,16122,-3496,133,1128,-124,walking,0.00,0,0,0,0,0
1779913985731,-665,16114,-3447,165,1158,-128,walking,0.00,0,0,0,0,0
1779913985731,-723,15845,-3387,195,1181,-134,walking,0.00,0,0,0,0,0
1779913985758,-662,15577,-3327,194,1203,-147,walking,0.00,0,0,0,0,0
1779913985759,-472,15367,-3308,175,1227,-163,walking,0.00,0,0,0,0,0
1779913985759,-306,15385,-3172,160,1255,-181,walking,0.00,0,0,0,0,0
1779913985788,-156,15517,-2974,152,1286,-208,walking,0.00,0,0,0,0,0
1779913985789,-59,15694,-2823,160,1325,-241,walking,0.00,0,0,0,0,0
1779913985789,-61,15838,-2593,178,1368,-272,walking,0.00,0,0,0,0,0
1779913985817,-46,15866,-2423,192,1408,-299,walking,0.00,0,0,0,0,0
1779913985818,7,15815,-2324,192,1446,-325,walking,0.00,0,0,0,0,0
1779913985819,132,15711,-2252,176,1481,-346,walking,0.00,0,0,0,0,0
1779913985850,333,15388,-2239,116,1538,-375,walking,0.00,0,0,0,0,0
1779913985851,381,15245,-2292,80,1562,-381,walking,0.00,0,0,0,0,0
1779913985851,475,15230,-2351,44,1584,-383,walking,0.00,0,0,0,0,0
1779913985882,504,15127,-2427,16,1608,-384,walking,0.00,0,0,0,0,0
1779913985883,454,15013,-2544,-1,1635,-384,walking,0.00,0,0,0,0,0
1779913985884,502,14900,-2635,-11,1661,-390,walking,0.00,0,0,0,0,0
1779913985908,532,14940,-2670,-18,1692,-400,walking,0.00,0,0,0,0,0
1779913985909,589,15019,-2708,-27,1722,-408,walking,0.00,0,0,0,0,0
1779913985909,672,15152,-2751,-41,1747,-406,walking,0.00,0,0,0,0,0
1779913985939,722,15260,-2830,-50,1767,-404,walking,0.00,0,0,0,0,0
1779913985940,876,15306,-2932,-64,1784,-407,walking,0.00,0,0,0,0,0
1779913985940,1008,15410,-3009,-74,1794,-411,walking,0.00,0,0,0,0,0
1779913985967,1059,15518,-3078,-92,1802,-417,walking,0.00,0,0,0,0,0
1779913985967,1080,15649,-3153,-106,1809,-423,walking,0.00,0,0,0,0,0
1779913985968,1074,15817,-3149,-102,1821,-432,walking,0.00,0,0,0,0,0
1779913985997,1024,15895,-3156,-95,1831,-440,walking,0.00,0,0,0,0,0
1779913985998,1021,15921,-3137,-80,1841,-450,walking,0.00,0,0,0,0,0
1779913985999,1111,15873,-3033,-66,1851,-467,walking,0.00,0,0,0,0,0
1779913986027,1220,15822,-3011,-71,1862,-484,walking,0.00,0,0,0,0,0
1779913986031,1268,15924,-2971,-78,1872,-496,walking,0.00,0,0,0,0,0
1779913986032,1231,16007,-2910,-78,1882,-508,walking,0.00,0,0,0,0,0
1779913986059,1334,16043,-2844,-78,1892,-518,walking,0.00,0,0,0,0,0
1779913986060,1387,16021,-2789,-75,1901,-529,walking,0.00,0,0,0,0,0
1779913986064,1360,15961,-2750,-70,1906,-541,walking,0.00,0,0,0,0,0
1779913986088,1366,15911,-2668,-70,1908,-554,walking,0.00,0,0,0,0,0
1779913986089,1451,15973,-2642,-82,1907,-570,walking,0.00,0,0,0,0,0
1779913986090,1496,16133,-2675,-89,1905,-586,walking,0.00,0,0,0,0,0
1779913986119,1497,16274,-2673,-91,1903,-602,walking,0.00,0,0,0,0,0
1779913986120,1509,16314,-2667,-85,1902,-613,walking,0.00,0,0,0,0,0
1779913986120,1435,16327,-2681,-75,1897,-614,walking,0.00,0,0,0,0,0
1779913986149,1407,16251,-2669,-61,1890,-616,walking,0.00,0,0,0,0,0
1779913986151,1472,16205,-2669,-56,1883,-609,walking,0.00,0,0,0,0,0
1779913986152,1406,16263,-2652,-44,1876,-594,walking,0.00,0,0,0,0,0
1779913986184,1259,16309,-2604,-18,1874,-579,walking,0.00,0,0,0,0,0
1779913986185,1117,16459,-2397,21,1875,-566,walking,0.00,0,0,0,0,0
1779913986186,999,16657,-2215,56,1886,-568,walking,0.00,0,0,0,0,0
1779913986206,760,16813,-2138,85,1902,-577,walking,0.00,0,0,0,0,0
1779913986207,443,16877,-2066,118,1920,-590,walking,0.00,0,0,0,0,0
1779913986207,165,16873,-1852,140,1933,-604,walking,0.00,0,0,0,0,0
1779913986239,79,16857,-1734,140,1947,-619,walking,0.00,0,0,0,0,0
1779913986240,-97,17024,-1646,125,1960,-637,walking,0.00,0,0,0,0,0
1779913986240,-179,17249,-1552,117,1974,-658,walking,0.00,0,0,0,0,0
1779913986269,-372,17546,-1498,113,1984,-694,walking,0.00,0,0,0,0,0
1779913986274,-548,17760,-1516,103,1997,-749,walking,0.00,0,0,0,0,0
1779913986275,-780,17955,-1578,84,2009,-811,walking,0.00,0,0,0,0,0
1779913986297,-1022,17915,-1702,65,2020,-870,walking,0.00,0,0,0,0,0
1779913986298,-1109,17518,-1769,39,2023,-919,walking,0.00,0,0,0,0,0
1779913986299,-940,17013,-1910,-14,2017,-948,walking,0.00,0,0,0,0,0
1779913986329,-665,16375,-2141,-75,2001,-954,walking,0.00,0,0,0,0,0
1779913986329,-491,15665,-2424,-120,1983,-939,walking,0.00,0,0,0,0,0
1779913986330,-308,15066,-2645,-155,1969,-916,walking,0.00,0,0,0,0,0
1779913986357,-165,14740,-3007,-186,1954,-883,walking,0.00,0,0,0,0,0
1779913986358,-91,14600,-3409,-184,1943,-837,walking,0.00,0,0,0,0,0
1779913986359,-72,14308,-3575,-142,1941,-792,walking,0.00,0,0,0,0,0
1779913986387,196,13918,-3797,-94,1946,-742,walking,0.00,0,0,0,0,0
1779913986417,422,13627,-4006,-61,1934,-680,walking,0.00,0,0,0,0,0
1779913986418,520,13519,-4155,-27,1915,-616,walking,0.00,0,0,0,0,0
1779913986419,697,13691,-4105,-1,1900,-570,walking,0.00,0,0,0,0,0
1779913986424,798,14127,-4144,-9,1885,-535,walking,0.00,0,0,0,0,0
1779913986425,716,14775,-4241,7,1872,-504,walking,0.00,0,0,0,0,0
1779913986451,514,15267,-4179,59,1860,-490,walking,0.00,0,0,0,0,0
1779913986451,331,15445,-4129,91,1850,-490,walking,0.00,0,0,0,0,0
1779913986452,122,15539,-4116,88,1837,-481,walking,0.00,0,0,0,0,0
1779913986481,10,15730,-4007,59,1818,-466,walking,0.00,0,0,0,0,0
1779913986482,-73,15823,-3977,29,1798,-456,walking,0.00,0,0,0,0,0
1779913986483,-125,15834,-3959,-6,1781,-463,walking,0.00,0,0,0,0,0
1779913986508,-180,15783,-3903,-40,1759,-483,walking,0.00,0,0,0,0,0
1779913986509,-96,15703,-3899,-76,1732,-498,walking,0.00,0,0,0,0,0
1779913986510,-110,15595,-3935,-114,1699,-503,walking,0.00,0,0,0,0,0
1779913986540,-166,15477,-3982,-155,1668,-503,walking,0.00,0,0,0,0,0
1779913986541,-107,15353,-4074,-193,1632,-500,walking,0.00,0,0,0,0,0
1779913986541,-31,15175,-4293,-224,1595,-491,walking,0.00,0,0,0,0,0
1779913986566,120,14965,-4436,-244,1557,-483,walking,0.00,0,0,0,0,0
1779913986567,388,14708,-4637,-267,1516,-470,walking,0.00,0,0,0,0,0
1779913986567,612,14540,-4886,-279,1473,-450,walking,0.00,0,0,0,0,0
1779913986597,724,14507,-5021,-281,1430,-427,walking,0.00,0,0,0,0,0
1779913986598,873,14587,-5104,-274,1394,-402,walking,0.00,0,0,0,0,0
1779913986599,980,14757,-5180,-257,1361,-368,walking,0.00,0,0,0,0,0
1779913986631,884,14889,-5250,-227,1330,-328,walking,0.00,0,0,0,0,0
1779913986632,780,14861,-5273,-185,1301,-287,walking,0.00,0,0,0,0,0
1779913986632,758,14959,-5204,-163,1272,-257,walking,0.00,0,0,0,0,0
1779913986658,816,15206,-5207,-158,1238,-235,walking,0.00,0,0,0,0,0
1779913986659,847,15245,-5305,-139,1208,-212,walking,0.00,0,0,0,0,0
1779913986660,796,15182,-5267,-124,1174,-188,walking,0.00,0,0,0,0,0
1779913986689,797,15168,-5240,-133,1137,-173,walking,0.00,0,0,0,0,0
1779913986690,987,15183,-5430,-149,1107,-163,walking,0.00,0,0,0,0,0
1779913986691,1011,15200,-5471,-156,1076,-156,walking,0.00,0,0,0,0,0
1779913986717,1028,15177,-5494,-174,1041,-154,walking,0.00,0,0,0,0,0
1779913986718,1188,15185,-5521,-207,999,-145,walking,0.00,0,0,0,0,0
1779913986719,1335,15488,-5526,-238,949,-135,walking,0.00,0,0,0,0,0
1779913986747,1531,15701,-5479,-226,895,-118,walking,0.00,0,0,0,0,0
1779913986748,1706,15712,-5319,-197,839,-102,walking,0.00,0,0,0,0,0
1779913986749,1908,15480,-5163,-176,783,-77,walking,0.00,0,0,0,0,0
1779913986778,1843,15337,-5027,-176,714,-45,walking,0.00,0,0,0,0,0
1779913986778,1804,15100,-4883,-194,645,-17,walking,0.00,0,0,0,0,0
1779913986779,1817,14970,-4762,-226,583,26,walking,0.00,0,0,0,0,0
1779913986807,1623,15126,-4515,-269,531,75,walking,0.00,0,0,0,0,0
1779913986808,1524,15592,-4179,-295,493,120,walking,0.00,0,0,0,0,0
1779913986809,1541,16164,-3785,-273,467,156,walking,0.00,0,0,0,0,0
1779913986843,1345,16643,-3458,-233,450,181,walking,0.00,0,0,0,0,0
1779913986843,1087,16949,-3087,-199,438,195,walking,0.00,0,0,0,0,0
1779913986843,812,17199,-2739,-193,417,203,walking,0.00,0,0,0,0,0
1779913986868,630,17603,-2477,-220,388,208,walking,0.00,0,0,0,0,0
1779913986873,561,18049,-2241,-259,355,212,walking,0.00,0,0,0,0,0
1779913986874,459,18582,-2114,-292,324,207,walking,0.00,0,0,0,0,0
1779913986897,325,18925,-2199,-301,297,196,walking,0.00,0,0,0,0,0
1779913986897,101,18904,-2213,-277,274,189,walking,0.00,0,0,0,0,0
1779913986899,-50,18335,-2362,-252,253,177,walking,0.00,0,0,0,0,0
1779913986929,-19,17517,-2576,-244,231,162,walking,0.00,0,0,0,0,0
1779913986930,235,16669,-2688,-246,212,158,walking,0.00,0,0,0,0,0
1779913986931,455,16175,-2794,-255,192,160,walking,0.00,0,0,0,0,0
1779913986959,729,15977,-2821,-240,174,150,walking,0.00,0,0,0,0,0
1779913986959,1248,15912,-2734,-198,168,134,walking,0.00,0,0,0,0,0
1779913986960,1449,16765,-2423,-64,172,102,walking,0.00,0,0,0,0,0
1779913986987,1482,16959,-2254,45,181,103,walking,0.00,0,0,0,0,0
1779913986988,1458,16685,-2023,154,184,105,walking,0.00,0,0,0,0,0
1779913986989,1524,16303,-1775,208,190,101,walking,0.00,0,0,0,0,0
1779913987017,1687,16045,-1509,205,202,101,walking,0.00,0,0,0,0,0
1779913987022,1799,15864,-1329,176,210,105,walking,0.00,0,0,0,0,0
1779913987023,1785,15765,-1201,132,219,99,walking,0.00,0,0,0,0,0
1779913987047,1633,15843,-1191,86,229,82,walking,0.00,0,0,0,0,0
1779913987048,1404,15940,-1239,45,244,68,walking,0.00,0,0,0,0,0
1779913987053,1285,15947,-1327,8,263,64,walking,0.00,0,0,0,0,0
1779913987080,1229,15909,-1503,-18,284,66,walking,0.00,0,0,0,0,0
1779913987080,1187,15765,-1698,-52,297,67,walking,0.00,0,0,0,0,0
1779913987081,1089,15588,-1942,-87,298,74,walking,0.00,0,0,0,0,0
1779913987109,1124,15571,-2125,-115,295,79,walking,0.00,0,0,0,0,0
1779913987110,1143,15576,-2402,-139,283,83,walking,0.00,0,0,0,0,0
1779913987110,1091,15482,-2672,-136,269,94,walking,0.00,0,0,0,0,0
1779913987141,1166,15281,-2767,-101,260,102,walking,0.00,0,0,0,0,0
1779913987147,1287,15047,-2824,-70,252,107,walking,0.00,0,0,0,0,0
1779913987148,1337,14924,-2868,-37,245,104,walking,0.00,0,0,0,0,0
1779913987167,1607,14897,-2826,-8,242,97,walking,0.00,0,0,0,0,0
1779913987199,1804,14940,-2723,25,236,87,walking,0.00,0,0,0,0,0
1779913987200,1895,14983,-2641,59,233,77,walking,0.00,0,0,0,0,0
1779913987201,1925,15010,-2468,82,232,72,walking,0.00,0,0,0,0,0
1779913987202,1926,15008,-2250,91,228,74,walking,0.00,0,0,0,0,0
1779913987207,1859,14969,-2200,90,223,77,walking,0.00,0,0,0,0,0
1779913987227,1782,14854,-2144,91,224,77,walking,0.00,0,0,0,0,0
1779913987227,1816,14697,-2022,87,227,67,walking,0.00,0,0,0,0,0
1779913987227,1816,14670,-1975,70,231,56,walking,0.00,0,0,0,0,0
1779913987263,1736,14662,-2067,52,238,43,walking,0.00,0,0,0,0,0
1779913987264,1705,14725,-2130,41,250,27,walking,0.00,0,0,0,0,0
1779913987265,1738,14776,-2091,25,269,8,walking,0.00,0,0,0,0,0
1779913987289,1753,14982,-2110,-2,281,-5,walking,0.00,0,0,0,0,0
1779913987290,1694,15220,-2104,-23,290,-16,walking,0.00,0,0,0,0,0
1779913987291,1669,15317,-2235,-32,297,-34,walking,0.00,0,0,0,0,0
1779913987321,1597,15420,-2269,-34,301,-54,walking,0.00,0,0,0,0,0
1779913987322,1555,15472,-2283,-33,309,-68,walking,0.00,0,0,0,0,0
1779913987323,1485,15620,-2393,-33,313,-80,walking,0.00,0,0,0,0,0
1779913987348,1406,15887,-2535,-23,319,-90,walking,0.00,0,0,0,0,0
1779913987349,1361,16214,-2603,7,326,-99,walking,0.00,0,0,0,0,0
1779913987350,1328,16559,-2541,51,335,-110,walking,0.00,0,0,0,0,0
1779913987380,1188,16889,-2503,95,346,-130,walking,0.00,0,0,0,0,0
1779913987381,1077,17143,-2519,129,357,-150,walking,0.00,0,0,0,0,0
1779913987382,952,17435,-2519,162,360,-165,walking,0.00,0,0,0,0,0
1779913987407,689,17624,-2466,191,360,-181,walking,0.00,0,0,0,0,0
1779913987408,522,17772,-2499,206,362,-199,walking,0.00,0,0,0,0,0
1779913987409,274,17868,-2571,222,371,-214,walking,0.00,0,0,0,0,0
1779913987442,-25,17699,-2601,241,384,-227,walking,0.00,0,0,0,0,0
1779913987442,-135,17403,-2588,255,403,-241,walking,0.00,0,0,0,0,0
1779913987443,65,17373,-2353,255,430,-261,walking,0.00,0,0,0,0,0
1779913987471,296,17788,-2175,230,459,-290,walking,0.00,0,0,0,0,0
1779913987472,296,18640,-2131,214,492,-337,walking,0.00,0,0,0,0,0
1779913987473,-131,19505,-2013,233,530,-410,walking,0.00,0,0,0,0,0
1779913987498,-693,19803,-1974,256,563,-490,walking,0.00,0,0,0,0,0
1779913987499,-1060,19383,-1933,267,587,-550,walking,0.00,0,0,0,0,0
1779913987499,-1170,18400,-2007,231,591,-581,walking,0.00,0,0,0,0,0
1779913987528,-967,17198,-2160,123,575,-581,walking,0.00,0,0,0,0,0
1779913987530,-685,16097,-2509,-14,546,-556,walking,0.00,0,0,0,0,0
1779913987530,-404,15232,-2850,-128,520,-529,walking,0.00,0,0,0,0,0
1779913987558,-77,14725,-3099,-194,506,-498,walking,0.00,0,0,0,0,0
1779913987562,247,14324,-3358,-201,502,-449,walking,0.00,0,0,0,0,0
1779913987563,312,13812,-3487,-143,507,-369,walking,0.00,0,0,0,0,0
1779913987588,357,13366,-3482,-54,519,-280,walking,0.00,0,0,0,0,0
1779913987589,646,13221,-3422,22,531,-202,walking,0.00,0,0,0,0,0
1779913987590,840,13446,-3282,82,534,-139,walking,0.00,0,0,0,0,0
1779913987622,924,14040,-3253,133,537,-95,walking,0.00,0,0,0,0,0
1779913987623,763,14842,-3256,182,538,-69,walking,0.00,0,0,0,0,0
1779913987623,443,15495,-3134,220,534,-49,walking,0.00,0,0,0,0,0
1779913987647,189,15941,-3143,221,525,-35,walking,0.00,0,0,0,0,0
1779913987648,45,16312,-3147,196,516,-32,walking,0.00,0,0,0,0,0
1779913987649,-101,16496,-3273,168,503,-35,walking,0.00,0,0,0,0,0
1779913987679,-253,16364,-3468,141,481,-35,walking,0.00,0,0,0,0,0
1779913987680,-392,16073,-3643,92,451,-24,walking,0.00,0,0,0,0,0
1779913987681,-426,15797,-3763,15,421,-19,walking,0.00,0,0,0,0,0
1779913987711,-362,15674,-3977,-56,394,-25,walking,0.00,0,0,0,0,0
1779913987711,-224,15619,-4087,-85,375,-39,walking,0.00,0,0,0,0,0
1779913987712,-13,15445,-4251,-76,365,-54,walking,0.00,0,0,0,0,0
1779913987737,153,15142,-4321,-46,355,-64,walking,0.00,0,0,0,0,0
1779913987739,326,14852,-4421,-27,345,-64,walking,0.00,0,0,0,0,0
1779913987740,542,14750,-4588,-12,339,-57,walking,0.00,0,0,0,0,0
1779913987766,874,14653,-4640,19,332,-45,walking,0.00,0,0,0,0,0
1779913987766,1220,14454,-4640,63,324,-31,walking,0.00,0,0,0,0,0
1779913987769,1484,14163,-4551,93,312,-19,walking,0.00,0,0,0,0,0
1779913987797,1702,13943,-4446,99,295,-6,walking,0.00,0,0,0,0,0
1779913987798,1833,13852,-4410,90,277,13,walking,0.00,0,0,0,0,0
1779913987799,1832,13886,-4312,89,263,39,walking,0.00,0,0,0,0,0
1779913987833,1832,13906,-4157,91,256,56,walking,0.00,0,0,0,0,0
1779913987834,1899,13935,-4121,91,256,63,walking,0.00,0,0,0,0,0
1779913987835,1947,14016,-4126,93,250,66,walking,0.00,0,0,0,0,0
1779913987859,1902,14047,-4134,90,234,67,walking,0.00,0,0,0,0,0
1779913987859,1851,14045,-4209,75,213,63,walking,0.00,0,0,0,0,0
1779913987862,1786,14125,-4300,48,184,59,walking,0.00,0,0,0,0,0
1779913987887,1694,14269,-4533,18,152,57,walking,0.00,0,0,0,0,0
1779913987888,1604,14494,-4625,-6,118,50,walking,0.00,0,0,0,0,0
1779913987889,1555,14643,-4720,-15,87,43,walking,0.00,0,0,0,0,0
1779913987921,1592,14726,-4865,-18,54,35,walking,0.00,0,0,0,0,0
1779913987922,1625,14750,-4933,-17,18,33,walking,0.00,0,0,0,0,0
1779913987923,1598,14775,-4920,-11,-18,32,walking,0.00,0,0,0,0,0
1779913987948,1619,14800,-4919,-22,-55,30,walking,0.00,0,0,0,0,0
1779913987949,1612,14890,-4844,-35,-93,36,walking,0.00,0,0,0,0,0
1779913987950,1576,15114,-4758,-38,-120,48,walking,0.00,0,0,0,0,0
1779913987978,1506,15357,-4535,-38,-139,61,walking,0.00,0,0,0,0,0
1779913987980,1497,15452,-4272,-44,-151,74,walking,0.00,0,0,0,0,0
1779913987983,1457,15670,-3961,-53,-156,87,walking,0.00,0,0,0,0,0
1779913988007,1277,15937,-3724,-71,-164,103,walking,0.00,0,0,0,0,0
1779913988008,1093,16058,-3440,-86,-169,121,walking,0.00,0,0,0,0,0
1779913988009,913,16201,-3266,-106,-174,139,walking,0.00,0,0,0,0,0
1779913988038,794,16109,-3202,-145,-182,159,walking,0.00,0,0,0,0,0
1779913988040,676,16031,-3281,-195,-191,179,walking,0.00,0,0,0,0,0
1779913988040,563,16052,-3226,-259,-201,196,walking,0.00,0,0,0,0,0
1779913988071,525,16471,-3147,-344,-203,198,walking,0.00,0,0,0,0,0
1779913988072,588,17126,-3192,-403,-193,192,walking,0.00,0,0,0,0,0
1779913988073,394,17705,-3216,-420,-183,190,walking,0.00,0,0,0,0,0
1779913988099,228,18086,-2983,-415,-177,183,walking,0.00,0,0,0,0,0
1779913988099,409,19416,-2550,-461,-199,127,walking,0.00,0,0,0,0,0
1779913988099,223,20287,-2393,-468,-226,75,walking,0.00,0,0,0,0,0
1779913988129,-196,20486,-2406,-434,-261,20,walking,0.00,0,0,0,0,0
1779913988132,-734,19667,-2606,-396,-312,-13,walking,0.00,0,0,0,0,0
1779913988133,-1006,18123,-2780,-370,-373,-5,walking,0.00,0,0,0,0,0
1779913988157,-577,16527,-2841,-369,-427,30,walking,0.00,0,0,0,0,0
1779913988157,-80,15240,-2913,-395,-479,59,walking,0.00,0,0,0,0,0
1779913988159,294,14755,-2969,-405,-504,68,walking,0.00,0,0,0,0,0
1779913988188,672,15020,-2905,-348,-496,72,walking,0.00,0,0,0,0,0
1779913988188,894,15670,-2635,-228,-475,75,walking,0.00,0,0,0,0,0
1779913988190,865,16424,-2287,-73,-449,72,walking,0.00,0,0,0,0,0
1779913988218,671,17160,-1906,103,-419,64,walking,0.00,0,0,0,0,0
1779913988218,586,17640,-1539,285,-392,68,walking,0.00,0,0,0,0,0
1779913988219,366,17509,-1240,433,-375,78,walking,0.00,0,0,0,0,0
1779913988247,316,17013,-1016,479,-357,74,walking,0.00,0,0,0,0,0
1779913988248,113,16795,-806,429,-353,79,walking,0.00,0,0,0,0,0
1779913988248,-148,16670,-759,337,-354,70,walking,0.00,0,0,0,0,0
1779913988279,-272,16456,-803,250,-341,62,walking,0.00,0,0,0,0,0
1779913988280,-564,16116,-853,176,-317,57,walking,0.00,0,0,0,0,0
1779913988281,-557,15744,-1000,109,-275,51,walking,0.00,0,0,0,0,0
1779913988307,-396,15332,-1259,73,-231,49,walking,0.00,0,0,0,0,0
1779913988308,-325,14824,-1480,52,-196,41,walking,0.00,0,0,0,0,0
1779913988309,-125,14350,-1719,11,-171,30,walking,0.00,0,0,0,0,0
1779913988339,31,14170,-2003,-46,-159,23,walking,0.00,0,0,0,0,0
1779913988340,160,14245,-2255,-96,-148,21,walking,0.00,0,0,0,0,0
1779913988346,297,14471,-2497,-112,-128,21,walking,0.00,0,0,0,0,0
1779913988367,642,14641,-2522,-88,-100,22,walking,0.00,0,0,0,0,0
1779913988368,1090,14676,-2513,-49,-77,27,walking,0.00,0,0,0,0,0
1779913988369,1437,14517,-2590,-3,-61,36,walking,0.00,0,0,0,0,0
1779913988398,1676,14337,-2629,37,-56,44,walking,0.00,0,0,0,0,0
1779913988399,1853,14166,-2715,57,-59,43,walking,0.00,0,0,0,0,0
1779913988400,1978,14158,-2745,59,-67,39,walking,0.00,0,0,0,0,0
1779913988431,1974,14284,-2756,61,-72,43,walking,0.00,0,0,0,0,0
1779913988432,1910,14433,-2773,68,-73,50,walking,0.00,0,0,0,0,0
1779913988433,1742,14584,-2765,79,-65,60,walking,0.00,0,0,0,0,0
1779913988462,1673,14662,-2669,93,-47,63,walking,0.00,0,0,0,0,0
1779913988463,1601,14781,-2534,111,-28,68,walking,0.00,0,0,0,0,0
1779913988464,1462,14887,-2407,121,-7,65,walking,0.00,0,0,0,0,0
1779913988488,1391,15102,-2260,124,16,64,walking,0.00,0,0,0,0,0
1779913988489,1254,15431,-2229,120,38,62,walking,0.00,0,0,0,0,0
1779913988490,1083,15704,-2235,129,64,56,walking,0.00,0,0,0,0,0
1779913988519,989,15884,-2251,146,95,52,walking,0.00,0,0,0,0,0
1779913988519,910,15965,-2236,151,125,46,walking,0.00,0,0,0,0,0
1779913988520,838,16020,-2264,144,148,38,walking,0.00,0,0,0,0,0
1779913988548,773,16045,-2327,131,167,31,walking,0.00,0,0,0,0,0
1779913988549,712,16147,-2339,115,183,27,walking,0.00,0,0,0,0,0
1779913988549,690,16444,-2331,99,200,25,walking,0.00,0,0,0,0,0
1779913988578,620,16710,-2422,95,223,15,walking,0.00,0,0,0,0,0
1779913988579,503,17036,-2489,111,246,1,walking,0.00,0,0,0,0,0
1779913988580,359,17225,-2530,136,268,-14,walking,0.00,0,0,0,0,0
1779913988612,216,17281,-2616,155,283,-28,walking,0.00,0,0,0,0,0
1779913988613,115,17334,-2687,163,292,-48,walking,0.00,0,0,0,0,0
1779913988614,106,17446,-2697,163,301,-73,walking,0.00,0,0,0,0,0
1779913988640,154,17488,-2764,152,309,-98,walking,0.00,0,0,0,0,0
1779913988641,231,17635,-2808,148,319,-121,walking,0.00,0,0,0,0,0
1779913988642,363,17812,-2768,156,330,-152,walking,0.00,0,0,0,0,0
1779913988670,541,18122,-2622,169,346,-185,walking,0.00,0,0,0,0,0
1779913988671,524,18517,-2521,184,366,-219,walking,0.00,0,0,0,0,0
1779913988672,327,18991,-2530,197,385,-258,walking,0.00,0,0,0,0,0
1779913988696,-61,19512,-2575,208,397,-303,walking,0.00,0,0,0,0,0
1779913988697,-439,19889,-2700,213,402,-363,walking,0.00,0,0,0,0,0
1779913988698,-816,19821,-2843,206,398,-430,walking,0.00,0,0,0,0,0
1779913988728,-1201,19280,-3017,169,383,-489,walking,0.00,0,0,0,0,0
1779913988729,-1381,18375,-3289,105,352,-509,walking,0.00,0,0,0,0,0
1779913988730,-1468,17119,-3521,28,313,-478,walking,0.00,0,0,0,0,0
1779913988757,-1344,15937,-3844,-25,284,-418,walking,0.00,0,0,0,0,0
1779913988758,-860,14527,-3954,-26,270,-347,walking,0.00,0,0,0,0,0
1779913988759,-488,13511,-4007,-16,258,-257,walking,0.00,0,0,0,0,0
1779913988788,-146,12908,-3973,29,263,-170,walking,0.00,0,0,0,0,0
1779913988789,92,12795,-3800,97,273,-85,walking,0.00,0,0,0,0,0
1779913988790,143,13130,-3763,157,290,-27,walking,0.00,0,0,0,0,0
1779913988820,-61,13786,-3689,211,316,7,walking,0.00,0,0,0,0,0
1779913988820,-362,14567,-3512,269,349,37,walking,0.00,0,0,0,0,0
1779913988821,-550,15211,-3297,324,370,55,walking,0.00,0,0,0,0,0
1779913988848,-600,15538,-3126,346,384,51,walking,0.00,0,0,0,0,0
1779913988848,-608,15642,-3059,313,390,37,walking,0.00,0,0,0,0,0
1779913988849,-794,15709,-3046,249,384,17,walking,0.00,0,0,0,0,0
1779913988879,-941,15620,-3154,167,377,-9,walking,0.00,0,0,0,0,0
1779913988881,-906,15492,-3296,83,366,-28,walking,0.00,0,0,0,0,0
1779913988882,-858,15372,-3477,14,357,-40,walking,0.00,0,0,0,0,0
1779913988911,-771,15121,-3741,-30,354,-46,walking,0.00,0,0,0,0,0
1779913988912,-702,14841,-3982,-50,354,-51,walking,0.00,0,0,0,0,0
1779913988913,-544,14558,-4135,-48,355,-60,walking,0.00,0,0,0,0,0
1779913988937,-392,14352,-4302,-40,354,-72,walking,0.00,0,0,0,0,0
1779913988938,-273,14236,-4403,-29,356,-80,walking,0.00,0,0,0,0,0
1779913988939,-117,14341,-4501,-10,354,-84,walking,0.00,0,0,0,0,0
1779913988969,98,14441,-4579,24,361,-87,walking,0.00,0,0,0,0,0
1779913988997,258,14382,-4559,69,366,-86,walking,0.00,0,0,0,0,0
1779913988998,456,14294,-4441,100,359,-82,walking,0.00,0,0,0,0,0
1779913988999,620,14254,-4441,105,345,-85,walking,0.00,0,0,0,0,0
1779913989004,730,14252,-4453,101,329,-87,walking,0.00,0,0,0,0,0
1779913989005,761,14177,-4462,94,315,-85,walking,0.00,0,0,0,0,0
1779913989027,737,14066,-4408,73,304,-79,walking,0.00,0,0,0,0,0
1779913989028,721,14048,-4370,40,294,-69,walking,0.00,0,0,0,0,0
1779913989028,785,14090,-4322,12,287,-62,walking,0.00,0,0,0,0,0
1779913989061,906,14200,-4294,-7,280,-63,walking,0.00,0,0,0,0,0
1779913989062,950,14224,-4370,-4,272,-67,walking,0.00,0,0,0,0,0
1779913989063,956,14206,-4445,16,267,-72,walking,0.00,0,0,0,0,0
1779913989090,1010,14114,-4503,19,258,-80,walking,0.00,0,0,0,0,0
1779913989091,1096,14137,-4596,-2,241,-91,walking,0.00,0,0,0,0,0
1779913989091,1102,14338,-4747,-30,217,-97,walking,0.00,0,0,0,0,0
1779913989120,1091,14575,-4828,-51,187,-98,walking,0.00,0,0,0,0,0
1779913989123,1067,14542,-4878,-67,152,-88,walking,0.00,0,0,0,0,0
1779913989127,1149,14431,-4927,-80,117,-63,walking,0.00,0,0,0,0,0
1779913989147,1230,14433,-4875,-94,86,-28,walking,0.00,0,0,0,0,0
1779913989147,1215,14540,-4817,-105,58,5,walking,0.00,0,0,0,0,0
1779913989148,1113,14754,-4693,-106,45,36,walking,0.00,0,0,0,0,0
1779913989185,973,15015,-4527,-104,42,69,walking,0.00,0,0,0,0,0
1779913989186,778,15344,-4283,-89,45,108,walking,0.00,0,0,0,0,0
1779913989186,571,15434,-4033,-68,50,144,walking,0.00,0,0,0,0,0
1779913989210,424,15521,-3768,-65,59,189,walking,0.00,0,0,0,0,0
1779913989211,128,15672,-3568,-95,63,233,walking,0.00,0,0,0,0,0
1779913989211,-165,15837,-3485,-136,63,262,walking,0.00,0,0,0,0,0
1779913989237,-336,15909,-3346,-166,67,278,walking,0.00,0,0,0,0,0
1779913989238,-583,16909,-3045,-284,77,278,walking,0.00,0,0,0,0,0
1779913989239,-749,18207,-3070,-357,92,233,walking,0.00,0,0,0,0,0
1779913989269,-1102,19342,-3123,-382,119,166,walking,0.00,0,0,0,0,0
1779913989270,-1475,19976,-2930,-393,149,82,walking,0.00,0,0,0,0,0
1779913989271,-1565,20595,-2900,-423,163,7,walking,0.00,0,0,0,0,0
1779913989297,-1920,20962,-2959,-432,158,-61,walking,0.00,0,0,0,0,0
1779913989297,-1949,20486,-3125,-386,172,-111,walking,0.00,0,0,0,0,0
1779913989298,-1957,19195,-3322,-320,169,-100,walking,0.00,0,0,0,0,0
1779913989328,-2024,17289,-3514,-278,139,-50,walking,0.00,0,0,0,0,0
1779913989328,-1457,15484,-3702,-265,115,6,walking,0.00,0,0,0,0,0
1779913989330,-908,14552,-3767,-264,99,49,walking,0.00,0,0,0,0,0
1779913989358,-462,14328,-3615,-228,101,83,walking,0.00,0,0,0,0,0
1779913989359,-158,14846,-3297,-161,121,108,walking,0.00,0,0,0,0,0
1779913989359,-179,15900,-3073,-56,158,110,walking,0.00,0,0,0,0,0
1779913989388,-616,16766,-2802,114,204,110,walking,0.00,0,0,0,0,0
1779913989391,-906,17081,-2209,300,255,112,walking,0.00,0,0,0,0,0
1779913989392,-976,17142,-1669,418,296,119,walking,0.00,0,0,0,0,0
1779913989423,-975,17197,-1422,463,327,125,walking,0.00,0,0,0,0,0
1779913989424,-1032,17201,-1091,463,359,117,walking,0.00,0,0,0,0,0
1779913989424,-1183,17139,-862,428,389,91,walking,0.00,0,0,0,0,0
1779913989452,-1481,17108,-654,359,410,57,walking,0.00,0,0,0,0,0
1779913989453,-1743,16999,-588,270,430,16,walking,0.00,0,0,0,0,0
1779913989454,-1984,16800,-612,181,449,-31,walking,0.00,0,0,0,0,0
1779913989482,-2127,16715,-670,84,475,-76,walking,0.00,0,0,0,0,0
1779913989482,-2215,16912,-725,0,506,-104,walking,0.00,0,0,0,0,0
1779913989483,-2345,17109,-911,-44,536,-119,walking,0.00,0,0,0,0,0
1779913989509,-2476,16929,-1174,-43,566,-124,walking,0.00,0,0,0,0,0
1779913989509,-2488,16517,-1460,-30,597,-123,walking,0.00,0,0,0,0,0
1779913989510,-2429,16002,-1662,-20,626,-122,walking,0.00,0,0,0,0,0
1779913989537,-2327,15470,-1841,-25,650,-123,walking,0.00,0,0,0,0,0
1779913989538,-2081,15181,-1912,-45,669,-128,walking,0.00,0,0,0,0,0
1779913989539,-1812,15118,-2031,-61,687,-134,walking,0.00,0,0,0,0,0
1779913989569,-1642,15148,-2207,-55,707,-136,walking,0.00,0,0,0,0,0
1779913989570,-1530,15162,-2209,-26,733,-135,walking,0.00,0,0,0,0,0
1779913989571,-1431,15079,-2244,5,765,-123,walking,0.00,0,0,0,0,0
1779913989597,-1288,14912,-2239,34,797,-109,walking,0.00,0,0,0,0,0
1779913989602,-1184,14665,-2225,53,829,-99,walking,0.00,0,0,0,0,0
1779913989604,-1029,14504,-2124,61,858,-98,walking,0.00,0,0,0,0,0
1779913989627,-930,14522,-2004,64,883,-103,walking,0.00,0,0,0,0,0
1779913989628,-940,14640,-1961,60,911,-111,walking,0.00,0,0,0,0,0
1779913989629,-1022,14829,-1904,74,943,-122,walking,0.00,0,0,0,0,0
1779913989660,-1016,15030,-1737,107,986,-132,walking,0.00,0,0,0,0,0
1779913989661,-938,15130,-1651,134,1030,-147,walking,0.00,0,0,0,0,0
1779913989661,-903,15219,-1667,162,1071,-166,walking,0.00,0,0,0,0,0
1779913989688,-972,15248,-1632,184,1108,-188,walking,0.00,0,0,0,0,0
1779913989688,-954,15258,-1593,188,1139,-215,walking,0.00,0,0,0,0,0
1779913989689,-910,15458,-1553,180,1166,-237,walking,0.00,0,0,0,0,0
1779913989719,-902,15700,-1584,175,1189,-259,walking,0.00,0,0,0,0,0
1779913989719,-972,15891,-1648,185,1213,-283,walking,0.00,0,0,0,0,0
1779913989720,-1042,15932,-1705,207,1238,-299,walking,0.00,0,0,0,0,0
1779913989749,-993,15893,-1745,231,1261,-311,walking,0.00,0,0,0,0,0
1779913989751,-1043,15917,-1782,245,1281,-321,walking,0.00,0,0,0,0,0
1779913989751,-1157,15996,-1853,254,1301,-325,walking,0.00,0,0,0,0,0
1779913989777,-1137,16276,-1899,269,1327,-332,walking,0.00,0,0,0,0,0
1779913989779,-1192,16641,-1893,288,1352,-344,walking,0.00,0,0,0,0,0
1779913989780,-1336,16911,-1861,321,1385,-354,walking,0.00,0,0,0,0,0
1779913989814,-1488,16963,-1841,354,1422,-365,walking,0.00,0,0,0,0,0
1779913989815,-1537,16919,-1792,358,1457,-380,walking,0.00,0,0,0,0,0
1779913989816,-1496,16897,-1695,340,1487,-402,walking,0.00,0,0,0,0,0
1779913989836,-1383,16826,-1710,301,1511,-438,walking,0.00,0,0,0,0,0
1779913989837,-1339,16913,-1786,247,1529,-484,walking,0.00,0,0,0,0,0
1779913989838,-1251,17096,-1869,197,1544,-534,walking,0.00,0,0,0,0,0
1779913989866,-1259,17076,-1986,158,1560,-577,walking,0.00,0,0,0,0,0
1779913989867,-1182,16840,-2233,114,1578,-602,walking,0.00,0,0,0,0,0
1779913989867,-1004,16424,-2541,76,1588,-610,walking,0.00,0,0,0,0,0
1779913989897,-725,15880,-2852,48,1590,-603,walking,0.00,0,0,0,0,0
1779913989901,-379,15190,-3178,11,1584,-585,walking,0.00,0,0,0,0,0
1779913989902,-121,14612,-3601,-25,1566,-553,walking,0.00,0,0,0,0,0
1779913989928,101,14391,-3987,-49,1541,-520,walking,0.00,0,0,0,0,0
1779913989928,382,14395,-4289,-61,1517,-493,walking,0.00,0,0,0,0,0
1779913989929,391,14664,-4602,-55,1491,-470,walking,0.00,0,0,0,0,0
1779913989958,283,15116,-4776,-35,1468,-447,walking,0.00,0,0,0,0,0
1779913989959,34,15573,-4946,5,1449,-427,walking,0.00,0,0,0,0,0
1779913989959,-210,15859,-5041,50,1428,-405,walking,0.00,0,0,0,0,0
1779913989986,-374,15830,-5158,84,1404,-380,walking,0.00,0,0,0,0,0
1779913989987,-457,15541,-5173,107,1376,-360,walking,0.00,0,0,0,0,0
1779913989987,-367,15381,-5062,100,1345,-353,walking,0.00,0,0,0,0,0
1779913990019,-306,15456,-5062,61,1310,-359,walking,0.00,0,0,0,0,0
1779913990020,-284,15782,-5141,29,1282,-380,walking,0.00,0,0,0,0,0
1779913990021,-315,16099,-5157,18,1259,-415,walking,0.00,0,0,0,0,0
1779913990047,-320,16384,-5146,17,1238,-460,walking,0.00,0,0,0,0,0
1779913990052,-225,16401,-5265,9,1212,-496,walking,0.00,0,0,0,0,0
1779913990053,-96,16268,-5346,-1,1173,-519,walking,0.00,0,0,0,0,0
1779913990080,187,16012,-5393,-17,1122,-545,walking,0.00,0,0,0,0,0
1779913990080,447,15667,-5530,-46,1060,-564,walking,0.00,0,0,0,0,0
1779913990081,573,15389,-5690,-75,994,-567,walking,0.00,0,0,0,0,0
1779913990108,639,15108,-5796,-87,927,-555,walking,0.00,0,0,0,0,0
1779913990111,711,14821,-5827,-84,869,-532,walking,0.00,0,0,0,0,0
1779913990111,857,14679,-5844,-81,819,-502,walking,0.00,0,0,0,0,0
1779913990137,873,14698,-5736,-71,775,-470,walking,0.00,0,0,0,0,0
1779913990145,882,14899,-5528,-49,740,-437,walking,0.00,0,0,0,0,0
1779913990145,824,15205,-5227,-24,705,-410,walking,0.00,0,0,0,0,0
1779913990168,711,15458,-5044,-6,662,-384,walking,0.00,0,0,0,0,0
1779913990169,442,15500,-4821,3,614,-352,walking,0.00,0,0,0,0,0
1779913990169,385,15581,-4483,-9,568,-326,walking,0.00,0,0,0,0,0
1779913990201,245,15919,-4237,-56,515,-299,walking,0.00,0,0,0,0,0
1779913990203,-99,16215,-4135,-95,468,-278,walking,0.00,0,0,0,0,0
1779913990203,-419,16384,-4170,-98,436,-268,walking,0.00,0,0,0,0,0
1779913990227,-694,16233,-4129,-72,410,-266,walking,0.00,0,0,0,0,0
1779913990229,-759,15690,-4173,-36,392,-267,walking,0.00,0,0,0,0,0
1779913990229,-355,14893,-4069,17,373,-259,walking,0.00,0,0,0,0,0
1779913990267,140,14186,-3931,59,343,-240,walking,0.00,0,0,0,0,0
1779913990268,649,14049,-3657,85,311,-222,walking,0.00,0,0,0,0,0
1779913990269,1106,14542,-3361,122,284,-215,walking,0.00,0,0,0,0,0
1779913990292,1227,15428,-2942,186,268,-218,walking,0.00,0,0,0,0,0
1779913990293,803,16281,-2565,275,272,-215,walking,0.00,0,0,0,0,0
1779913990293,243,16831,-2227,356,290,-217,walking,0.00,0,0,0,0,0
1779913990318,-260,17110,-1839,400,315,-231,walking,0.00,0,0,0,0,0
1779913990319,-430,17157,-1670,391,335,-263,walking,0.00,0,0,0,0,0
1779913990320,-623,17054,-1558,336,349,-308,walking,0.00,0,0,0,0,0
1779913990350,-856,16696,-1646,250,348,-353,walking,0.00,0,0,0,0,0
1779913990353,-1011,16292,-1888,147,335,-381,walking,0.00,0,0,0,0,0
1779913990353,-1069,15868,-2203,37,316,-401,walking,0.00,0,0,0,0,0
1779913990377,-1015,15456,-2486,-55,299,-412,walking,0.00,0,0,0,0,0
1779913990378,-449,15177,-2832,-176,301,-412,walking,0.00,0,0,0,0,0
1779913990379,-267,15100,-2974,-177,305,-404,walking,0.00,0,0,0,0,0
1779913990413,-226,14926,-2958,-142,310,-390,walking,0.00,0,0,0,0,0
1779913990414,-123,14663,-3030,-121,312,-370,walking,0.00,0,0,0,0,0
1779913990415,-39,14679,-3109,-118,314,-341,walking,0.00,0,0,0,0,0
1779913990437,36,14767,-3191,-119,311,-310,walking,0.00,0,0,0,0,0
1779913990438,-8,14912,-3256,-129,301,-283,walking,0.00,0,0,0,0,0
1779913990439,-86,15085,-3295,-144,288,-258,walking,0.00,0,0,0,0,0
1779913990472,-160,15318,-3273,-157,274,-236,walking,0.00,0,0,0,0,0
1779913990473,-184,15590,-3340,-170,263,-225,walking,0.00,0,0,0,0,0
1779913990474,-352,15847,-3272,-170,251,-212,walking,0.00,0,0,0,0,0
1779913990499,-683,15884,-3113,-182,234,-195,walking,0.00,0,0,0,0,0
1779913990499,-948,15902,-3055,-225,216,-174,walking,0.00,0,0,0,0,0
1779913990500,-1133,16198,-3061,-281,197,-149,walking,0.00,0,0,0,0,0
1779913990528,-1399,16336,-3215,-324,176,-120,walking,0.00,0,0,0,0,0
1779913990529,-1536,16119,-3322,-331,154,-89,walking,0.00,0,0,0,0,0
1779913990530,-1437,15755,-3352,-336,130,-72,walking,0.00,0,0,0,0,0
1779913990561,-1143,15495,-3414,-371,102,-73,walking,0.00,0,0,0,0,0
1779913990563,-866,15619,-3460,-407,72,-67,walking,0.00,0,0,0,0,0
1779913990564,-728,16077,-3499,-433,45,-52,walking,0.00,0,0,0,0,0
1779913990587,-764,16718,-3624,-425,24,-25,walking,0.00,0,0,0,0,0
1779913990592,-891,17393,-3591,-349,16,15,walking,0.00,0,0,0,0,0
1779913990593,-923,18086,-3398,-242,20,53,walking,0.00,0,0,0,0,0
1779913990617,-1119,18661,-3417,-114,32,68,walking,0.00,0,0,0,0,0
1779913990619,-1423,18902,-3306,44,60,69,walking,0.00,0,0,0,0,0
1779913990620,-1605,18607,-3149,188,104,56,walking,0.00,0,0,0,0,0
1779913990650,-1541,17642,-2973,279,150,42,walking,0.00,0,0,0,0,0
1779913990651,-1312,16526,-2943,277,180,27,walking,0.00,0,0,0,0,0
1779913990652,-808,15610,-2947,195,188,-9,walking,0.00,0,0,0,0,0
1779913990677,-171,15144,-2935,68,168,-65,walking,0.00,0,0,0,0,0
1779913990678,423,15204,-2989,-65,123,-121,walking,0.00,0,0,0,0,0
1779913990679,796,15739,-3162,-165,64,-162,walking,0.00,0,0,0,0,0
1779913990709,870,16372,-3406,-201,3,-183,walking,0.00,0,0,0,0,0
1779913990710,638,16728,-3698,-166,-51,-174,walking,0.00,0,0,0,0,0
1779913990712,373,16602,-3811,-81,-86,-140,walking,0.00,0,0,0,0,0
1779913990737,298,16149,-3811,10,-102,-96,walking,0.00,0,0,0,0,0
1779913990739,445,15508,-3811,86,-113,-54,walking,0.00,0,0,0,0,0
1779913990739,433,14969,-3746,135,-127,-21,walking,0.00,0,0,0,0,0
1779913990767,276,14638,-3622,158,-143,-2,walking,0.00,0,0,0,0,0
1779913990769,210,14563,-3501,157,-159,7,walking,0.00,0,0,0,0,0
1779913990771,231,14708,-3482,144,-178,4,walking,0.00,0,0,0,0,0
1779913990804,254,15055,-3453,125,-203,-5,walking,0.00,0,0,0,0,0
1779913990805,153,15390,-3382,100,-228,-12,walking,0.00,0,0,0,0,0
1779913990806,102,15629,-3144,85,-248,-7,walking,0.00,0,0,0,0,0
1779913990827,85,15787,-2786,61,-265,6,walking,0.00,0,0,0,0,0
1779913990828,103,15833,-2478,24,-279,13,walking,0.00,0,0,0,0,0
1779913990829,63,15867,-2231,2,-288,16,walking,0.00,0,0,0,0,0
1779913990857,24,15701,-1990,-4,-288,17,walking,0.00,0,0,0,0,0
1779913990858,-43,15300,-1807,-6,-278,25,walking,0.00,0,0,0,0,0
1779913990858,-82,14910,-1831,-24,-272,37,walking,0.00,0,0,0,0,0
1779913990887,-25,14650,-1926,-59,-265,44,walking,0.00,0,0,0,0,0
1779913990891,117,14618,-2056,-90,-261,51,walking,0.00,0,0,0,0,0
1779913990892,176,14785,-2213,-109,-266,56,walking,0.00,0,0,0,0,0
1779913990921,198,14970,-2262,-116,-278,63,walking,0.00,0,0,0,0,0
1779913990926,318,15131,-2306,-110,-298,79,walking,0.00,0,0,0,0,0
1779913990927,353,15221,-2361,-105,-324,107,walking,0.00,0,0,0,0,0
1779913990950,452,15317,-2450,-96,-346,135,walking,0.00,0,0,0,0,0
1779913990951,535,15339,-2411,-73,-365,161,walking,0.00,0,0,0,0,0
1779913990952,493,15380,-2300,-48,-375,175,walking,0.00,0,0,0,0,0
1779913990977,416,15565,-2044,-32,-376,179,walking,0.00,0,0,0,0,0
1779913990978,332,15828,-1946,-18,-369,179,walking,0.00,0,0,0,0,0
1779913990979,230,16001,-1745,7,-354,180,walking,0.00,0,0,0,0,0
1779913991009,228,16018,-1460,24,-335,181,walking,0.00,0,0,0,0,0
1779913991011,429,15934,-1198,17,-317,183,walking,0.00,0,0,0,0,0
1779913991012,586,15997,-1068,-15,-310,179,walking,0.00,0,0,0,0,0
1779913991041,684,16195,-1117,-48,-310,168,walking,0.00,0,0,0,0,0
1779913991043,515,16285,-1062,-69,-319,154,walking,0.00,0,0,0,0,0
1779913991044,602,16455,-1190,-118,-325,124,walking,0.00,0,0,0,0,0
1779913991071,373,16859,-1382,-164,-340,95,walking,0.00,0,0,0,0,0
1779913991072,180,17189,-1499,-177,-348,68,walking,0.00,0,0,0,0,0
1779913991073,142,17287,-1681,-177,-352,46,walking,0.00,0,0,0,0,0
1779913991101,36,17379,-1875,-177,-367,30,walking,0.00,0,0,0,0,0
1779913991101,-21,17425,-2007,-163,-384,17,walking,0.00,0,0,0,0,0
1779913991102,-77,17248,-2217,-129,-405,12,walking,0.00,0,0,0,0,0
1779913991138,-108,16974,-2346,-94,-429,17,walking,0.00,0,0,0,0,0
1779913991139,-73,16805,-2462,-55,-455,27,walking,0.00,0,0,0,0,0
1779913991139,-46,16628,-2597,0,-470,46,walking,0.00,0,0,0,0,0
1779913991160,2,16390,-2533,82,-472,85,walking,0.00,0,0,0,0,0
1779913991161,27,16260,-2362,165,-470,136,walking,0.00,0,0,0,0,0
1779913991161,-72,16335,-2047,237,-456,182,walking,0.00,0,0,0,0,0
1779913991187,-200,16366,-1829,302,-433,214,walking,0.00,0,0,0,0,0
1779913991192,-215,16413,-1569,347,-400,237,walking,0.00,0,0,0,0,0
1779913991194,-271,16529,-1464,353,-372,255,walking,0.00,0,0,0,0,0
1779913991218,-665,16829,-1373,338,-365,260,walking,0.00,0,0,0,0,0
1779913991220,-615,16890,-1384,306,-352,248,walking,0.00,0,0,0,0,0
1779913991220,-586,16962,-1334,266,-342,245,walking,0.00,0,0,0,0,0
1779913991250,-653,17245,-1528,216,-334,232,walking,0.00,0,0,0,0,0
1779913991251,-815,17362,-1804,179,-330,203,walking,0.00,0,0,0,0,0
1779913991252,-1055,17253,-1957,133,-338,165,walking,0.00,0,0,0,0,0
1779913991278,-1125,17119,-2255,80,-346,147,walking,0.00,0,0,0,0,0
1779913991279,-931,17026,-2665,62,-354,157,walking,0.00,0,0,0,0,0
1779913991279,-944,16652,-2909,71,-379,170,walking,0.00,0,0,0,0,0
1779913991308,-857,16244,-3159,82,-407,188,walking,0.00,0,0,0,0,0
1779913991310,-695,15909,-3536,93,-443,214,walking,0.00,0,0,0,0,0
1779913991310,-702,15692,-3730,118,-486,244,walking,0.00,0,0,0,0,0
1779913991340,-890,15666,-3981,142,-531,266,walking,0.00,0,0,0,0,0
1779913991340,-1062,15917,-4127,165,-578,279,walking,0.00,0,0,0,0,0
1779913991341,-1245,16364,-4251,206,-616,287,walking,0.00,0,0,0,0,0
1779913991368,-1526,16633,-4287,259,-648,292,walking,0.00,0,0,0,0,0
1779913991396,-1874,16663,-4305,306,-683,302,walking,0.00,0,0,0,0,0
1779913991397,-2277,16463,-4265,344,-702,317,walking,0.00,0,0,0,0,0
1779913991397,-2565,16128,-4186,358,-703,337,walking,0.00,0,0,0,0,0
1779913991397,-2733,15648,-4104,349,-702,374,walking,0.00,0,0,0,0,0
1779913991399,-2748,15272,-3968,325,-705,410,walking,0.00,0,0,0,0,0
1779913991426,-2626,15058,-3937,277,-706,428,walking,0.00,0,0,0,0,0
1779913991427,-2708,15046,-3981,236,-701,432,walking,0.00,0,0,0,0,0
1779913991428,-2808,15043,-3980,221,-692,429,walking,0.00,0,0,0,0,0
1779913991459,-2930,15095,-3992,196,-682,419,walking,0.00,0,0,0,0,0
1779913991460,-2991,15057,-4106,163,-674,401,walking,0.00,0,0,0,0,0
1779913991461,-2951,15278,-4217,131,-666,383,walking,0.00,0,0,0,0,0
1779913991490,-2786,15414,-4336,120,-651,360,walking,0.00,0,0,0,0,0
1779913991491,-2636,15260,-4467,108,-635,335,walking,0.00,0,0,0,0,0
1779913991492,-2546,15190,-4502,91,-631,304,walking,0.00,0,0,0,0,0
1779913991517,-2223,14864,-4864,53,-636,242,walking,0.00,0,0,0,0,0
1779913991518,-2154,14671,-5031,35,-644,206,walking,0.00,0,0,0,0,0
1779913991519,-1991,14635,-5209,11,-647,171,walking,0.00,0,0,0,0,0
1779913991556,-1869,14829,-5390,-1,-654,141,walking,0.00,0,0,0,0,0
1779913991556,-1848,14954,-5576,27,-658,118,walking,0.00,0,0,0,0,0
1779913991556,-1830,14992,-5534,75,-654,97,walking,0.00,0,0,0,0,0
1779913991576,-1870,14961,-5579,95,-657,87,walking,0.00,0,0,0,0,0
1779913991576,-1923,15004,-5741,114,-669,83,walking,0.00,0,0,0,0,0
1779913991576,-1935,15027,-5799,147,-677,68,walking,0.00,0,0,0,0,0
1779913991607,-1937,14876,-5898,179,-683,39,walking,0.00,0,0,0,0,0
1779913991607,-1883,14762,-5913,191,-693,15,walking,0.00,0,0,0,0,0
1779913991608,-1823,14788,-5859,192,-704,-1,walking,0.00,0,0,0,0,0
1779913991640,-1890,14767,-5864,192,-717,-11,walking,0.00,0,0,0,0,0
1779913991641,-1898,14795,-5799,209,-731,-16,walking,0.00,0,0,0,0,0
1779913991642,-1767,14718,-5703,233,-736,-21,walking,0.00,0,0,0,0,0
1779913991668,-1663,14585,-5632,238,-739,-17,walking,0.00,0,0,0,0,0
1779913991669,-1706,14427,-5566,226,-735,-11,walking,0.00,0,0,0,0,0
1779913991670,-1641,14364,-5424,204,-726,1,walking,0.00,0,0,0,0,0
1779913991699,-1413,14436,-5329,175,-715,10,walking,0.00,0,0,0,0,0
1779913991700,-1295,14496,-5244,144,-705,9,walking,0.00,0,0,0,0,0
1779913991700,-1247,14453,-5136,119,-697,4,walking,0.00,0,0,0,0,0
1779913991727,-1105,14476,-5125,80,-690,8,walking,0.00,0,0,0,0,0
1779913991728,-952,14628,-5262,45,-687,11,walking,0.00,0,0,0,0,0
1779913991729,-1018,14502,-5353,46,-675,27,walking,0.00,0,0,0,0,0
1779913991760,-643,14235,-5344,44,-652,47,walking,0.00,0,0,0,0,0
1779913991760,-517,14092,-5302,18,-640,69,walking,0.00,0,0,0,0,0
1779913991760,-375,14155,-5284,-6,-633,85,walking,0.00,0,0,0,0,0
1779913991790,-330,14289,-5319,-17,-628,100,walking,0.00,0,0,0,0,0
1779913991791,-333,14516,-5393,-23,-626,117,walking,0.00,0,0,0,0,0
1779913991792,-442,14805,-5443,-10,-620,143,walking,0.00,0,0,0,0,0
1779913991818,-417,15070,-5377,14,-607,173,walking,0.00,0,0,0,0,0
1779913991819,-475,15198,-5382,25,-595,201,walking,0.00,0,0,0,0,0
1779913991820,-570,15385,-5361,40,-588,231,walking,0.00,0,0,0,0,0
1779913991849,-632,15496,-5249,60,-580,252,walking,0.00,0,0,0,0,0
1779913991850,-776,15563,-5076,71,-577,268,walking,0.00,0,0,0,0,0
1779913991851,-907,15623,-4988,70,-579,277,walking,0.00,0,0,0,0,0
1779913991877,-1033,15633,-4910,69,-585,282,walking,0.00,0,0,0,0,0
1779913991878,-1228,15885,-4765,48,-589,289,walking,0.00,0,0,0,0,0
1779913991883,-1524,16241,-4889,9,-594,295,walking,0.00,0,0,0,0,0
1779913991908,-1957,16501,-4973,-7,-587,304,walking,0.00,0,0,0,0,0
1779913991909,-2103,16505,-4902,-8,-561,313,walking,0.00,0,0,0,0,0
1779913991910,-1912,16448,-4807,-12,-535,319,walking,0.00,0,0,0,0,0
1779913991939,-1767,16420,-4587,-30,-519,314,walking,0.00,0,0,0,0,0
1779913991940,-1536,16742,-4403,-55,-500,297,walking,0.00,0,0,0,0,0
1779913991941,-1460,16977,-4232,-75,-491,274,walking,0.00,0,0,0,0,0
1779913991968,-1724,17337,-4185,-99,-491,255,walking,0.00,0,0,0,0,0
1779913991970,-1804,17494,-4260,-84,-487,232,walking,0.00,0,0,0,0,0
1779913991975,-1746,17087,-4353,-45,-492,212,walking,0.00,0,0,0,0,0
1779913991998,-1707,16570,-4438,-27,-493,195,walking,0.00,0,0,0,0,0
1779913991999,-1459,15947,-4497,-27,-489,191,walking,0.00,0,0,0,0,0
1779913992000,-1269,15815,-4609,-42,-479,201,walking,0.00,0,0,0,0,0
1779913992028,-1036,15586,-4681,-18,-462,206,walking,0.00,0,0,0,0,0
1779913992032,-951,15207,-4545,28,-458,209,walking,0.00,0,0,0,0,0
1779913992034,-975,15029,-4309,49,-464,196,walking,0.00,0,0,0,0,0
1779913992061,-860,15216,-4199,52,-471,174,walking,0.00,0,0,0,0,0
1779913992062,-801,15386,-4055,69,-485,158,walking,0.00,0,0,0,0,0
1779913992063,-960,15329,-3874,81,-511,157,walking,0.00,0,0,0,0,0
1779913992091,-985,15301,-3878,73,-538,143,walking,0.00,0,0,0,0,0
1779913992123,-824,15346,-3780,58,-554,122,walking,0.00,0,0,0,0,0
1779913992124,-799,15286,-3616,46,-565,106,walking,0.00,0,0,0,0,0
1779913992124,-886,15174,-3458,32,-577,96,walking,0.00,0,0,0,0,0
1779913992124,-1007,14963,-3356,20,-591,86,walking,0.00,0,0,0,0,0
1779913992125,-907,14770,-3251,8,-605,79,walking,0.00,0,0,0,0,0
1779913992147,-794,14603,-3002,-9,-620,73,walking,0.00,0,0,0,0,0
1779913992148,-717,14519,-2866,-36,-638,61,walking,0.00,0,0,0,0,0
1779913992148,-690,14387,-2776,-62,-653,46,walking,0.00,0,0,0,0,0
1779913992181,-734,14304,-2769,-89,-666,38,walking,0.00,0,0,0,0,0
1779913992182,-638,14250,-2729,-115,-674,39,walking,0.00,0,0,0,0,0
1779913992183,-491,14305,-2683,-145,-678,48,walking,0.00,0,0,0,0,0
1779913992208,-258,14475,-2666,-167,-680,50,walking,0.00,0,0,0,0,0
1779913992209,-94,14700,-2667,-177,-685,43,walking,0.00,0,0,0,0,0
1779913992210,-32,14975,-2684,-168,-694,28,walking,0.00,0,0,0,0,0
1779913992240,-108,15329,-2708,-148,-707,22,walking,0.00,0,0,0,0,0
1779913992241,-269,15732,-2736,-117,-715,21,walking,0.00,0,0,0,0,0
1779913992242,-461,15962,-2765,-73,-719,28,walking,0.00,0,0,0,0,0
1779913992269,-651,16111,-2781,-26,-720,42,walking,0.00,0,0,0,0,0
1779913992274,-867,16209,-2733,5,-719,51,walking,0.00,0,0,0,0,0
1779913992275,-1047,16341,-2654,22,-712,47,walking,0.00,0,0,0,0,0
1779913992298,-1230,16506,-2583,40,-705,39,walking,0.00,0,0,0,0,0
1779913992299,-1434,16763,-2462,43,-697,28,walking,0.00,0,0,0,0,0
1779913992299,-1598,17067,-2476,39,-686,18,walking,0.00,0,0,0,0,0
1779913992327,-1807,17309,-2385,51,-680,19,walking,0.00,0,0,0,0,0
1779913992328,-1955,17318,-2232,58,-669,13,walking,0.00,0,0,0,0,0
1779913992331,-2008,17184,-2287,49,-662,13,walking,0.00,0,0,0,0,0
1779913992358,-2165,17052,-2348,28,-666,18,walking,0.00,0,0,0,0,0
1779913992387,-2171,16795,-2464,4,-667,18,walking,0.00,0,0,0,0,0
1779913992391,-2166,16525,-2580,-16,-664,17,walking,0.00,0,0,0,0,0
1779913992392,-2114,16228,-2635,-31,-661,16,walking,0.00,0,0,0,0,0
1779913992392,-1907,15914,-2688,-49,-654,14,walking,0.00,0,0,0,0,0
1779913992393,-1474,15757,-2736,-66,-650,21,walking,0.00,0,0,0,0,0
1779913992418,-1402,15750,-2725,-83,-662,19,walking,0.00,0,0,0,0,0
1779913992419,-1210,15772,-2755,-93,-672,18,walking,0.00,0,0,0,0,0
1779913992420,-1014,15843,-2860,-87,-689,30,walking,0.00,0,0,0,0,0
1779913992452,-1009,15885,-3032,-72,-713,43,walking,0.00,0,0,0,0,0
1779913992452,-1036,15765,-3241,-47,-728,55,walking,0.00,0,0,0,0,0
1779913992453,-890,15517,-3286,-11,-722,61,walking,0.00,0,0,0,0,0
1779913992477,-596,15346,-3287,7,-713,66,walking,0.00,0,0,0,0,0
1779913992478,-456,15266,-3211,7,-706,72,walking,0.00,0,0,0,0,0
1779913992483,-435,15322,-3103,0,-710,78,walking,0.00,0,0,0,0,0
1779913992512,-411,15438,-3014,-5,-722,83,walking,0.00,0,0,0,0,0
1779913992517,-500,15628,-3002,-2,-737,89,walking,0.00,0,0,0,0,0
1779913992518,-668,15814,-3027,7,-750,91,walking,0.00,0,0,0,0,0
1779913992540,-878,15916,-3012,16,-753,94,walking,0.00,0,0,0,0,0
1779913992541,-937,15951,-2974,30,-742,99,walking,0.00,0,0,0,0,0
1779913992542,-1001,15997,-2989,32,-730,112,walking,0.00,0,0,0,0,0
1779913992568,-1173,15884,-3061,31,-720,117,walking,0.00,0,0,0,0,0
1779913992568,-1163,15835,-3015,39,-709,121,walking,0.00,0,0,0,0,0
1779913992570,-1158,15753,-2940,35,-700,128,walking,0.00,0,0,0,0,0
1779913992598,-1296,15728,-2925,24,-696,133,walking,0.00,0,0,0,0,0
1779913992599,-1313,15786,-3007,15,-692,131,walking,0.00,0,0,0,0,0
1779913992600,-1320,15870,-3080,21,-687,130,walking,0.00,0,0,0,0,0
1779913992632,-1483,15929,-3153,26,-680,134,walking,0.00,0,0,0,0,0
1779913992633,-1534,16049,-3212,44,-669,148,walking,0.00,0,0,0,0,0
1779913992634,-1519,15779,-3077,80,-647,155,walking,0.00,0,0,0,0,0
1779913992657,-1380,15785,-3170,73,-636,155,walking,0.00,0,0,0,0,0
1779913992657,-1472,15874,-3182,77,-629,146,walking,0.00,0,0,0,0,0
1779913992659,-1481,15828,-3236,83,-621,140,walking,0.00,0,0,0,0,0
1779913992690,-1513,15805,-3239,90,-616,142,walking,0.00,0,0,0,0,0
1779913992691,-1452,15774,-3294,79,-612,143,walking,0.00,0,0,0,0,0
1779913992692,-1346,15878,-3320,69,-605,147,walking,0.00,0,0,0,0,0
1779913992718,-1215,15909,-3332,81,-594,147,walking,0.00,0,0,0,0,0
1779913992719,-1127,15871,-3279,97,-582,146,walking,0.00,0,0,0,0,0
1779913992723,-1150,15819,-3275,103,-569,147,walking,0.00,0,0,0,0,0
1779913992748,-1073,15722,-3276,110,-563,150,walking,0.00,0,0,0,0,0
1779913992749,-950,15576,-3294,118,-565,155,walking,0.00,0,0,0,0,0
1779913992750,-870,15446,-3309,114,-569,157,walking,0.00,0,0,0,0,0
1779913992785,-756,15397,-3377,97,-565,156,walking,0.00,0,0,0,0,0
1779913992786,-742,15552,-3372,86,-558,158,walking,0.00,0,0,0,0,0
1779913992787,-642,15716,-3395,86,-547,157,walking,0.00,0,0,0,0,0
1779913992809,-520,15818,-3430,93,-533,159,walking,0.00,0,0,0,0,0
1779913992810,-433,15896,-3411,104,-529,164,walking,0.00,0,0,0,0,0
1779913992816,-366,15892,-3429,119,-541,168,walking,0.00,0,0,0,0,0
1779913992840,-407,15878,-3463,133,-562,183,walking,0.00,0,0,0,0,0
1779913992841,-457,15686,-3545,149,-581,194,walking,0.00,0,0,0,0,0
1779913992842,-458,15551,-3639,151,-594,198,walking,0.00,0,0,0,0,0
1779913992866,-466,15572,-3641,140,-596,192,walking,0.00,0,0,0,0,0
1779913992866,-408,15762,-3646,135,-586,180,walking,0.00,0,0,0,0,0
1779913992867,-380,15935,-3623,137,-573,167,walking,0.00,0,0,0,0,0
1779913992899,-499,16044,-3552,138,-567,153,walking,0.00,0,0,0,0,0
1779913992899,-580,16060,-3599,130,-569,140,walking,0.00,0,0,0,0,0
1779913992900,-572,16080,-3602,117,-570,131,walking,0.00,0,0,0,0,0
1779913992929,-624,16102,-3644,105,-574,128,walking,0.00,0,0,0,0,0
1779913992930,-708,16115,-3678,97,-581,123,walking,0.00,0,0,0,0,0
1779913992931,-824,16049,-3788,93,-578,119,walking,0.00,0,0,0,0,0
1779913992957,-919,15988,-3828,95,-569,118,walking,0.00,0,0,0,0,0
1779913992959,-948,15888,-3822,99,-555,115,walking,0.00,0,0,0,0,0
1779913992959,-979,15764,-3859,100,-534,112,walking,0.00,0,0,0,0,0
1779913992988,-1111,15756,-3860,97,-511,116,walking,0.00,0,0,0,0,0
1779913992990,-1209,15781,-3856,90,-489,121,walking,0.00,0,0,0,0,0
1779913992991,-1239,15771,-3885,95,-466,128,walking,0.00,0,0,0,0,0
1779913993017,-1322,15635,-3825,102,-439,135,walking,0.00,0,0,0,0,0
1779913993023,-1398,15617,-3699,105,-410,143,walking,0.00,0,0,0,0,0
1779913993024,-1382,15608,-3614,99,-383,150,walking,0.00,0,0,0,0,0
1779913993051,-1414,15675,-3586,88,-357,156,walking,0.00,0,0,0,0,0
1779913993051,-1554,15786,-3537,87,-335,161,walking,0.00,0,0,0,0,0
1779913993052,-1617,15875,-3486,91,-310,158,walking,0.00,0,0,0,0,0
1779913993079,-1637,15879,-3483,88,-282,155,walking,0.00,0,0,0,0,0
1779913993079,-1687,15877,-3496,84,-250,151,walking,0.00,0,0,0,0,0
1779913993080,-1832,15738,-3447,78,-223,145,walking,0.00,0,0,0,0,0
1779913993107,-1876,15611,-3415,61,-195,139,walking,0.00,0,0,0,0,0
1779913993107,-1914,15584,-3350,28,-172,137,walking,0.00,0,0,0,0,0
1779913993108,-1985,15664,-3408,-4,-154,136,walking,0.00,0,0,0,0,0
1779913993139,-2110,15833,-3465,-10,-134,134,walking,0.00,0,0,0,0,0
1779913993141,-2048,15933,-3496,-2,-111,130,walking,0.00,0,0,0,0,0
1779913993141,-2055,15956,-3503,7,-89,122,walking,0.00,0,0,0,0,0
1779913993166,-2052,16030,-3548,10,-67,116,walking,0.00,0,0,0,0,0
1779913993167,-2145,16075,-3589,13,-53,114,walking,0.00,0,0,0,0,0
1779913993168,-2261,15953,-3587,17,-47,117,walking,0.00,0,0,0,0,0
1779913993197,-2217,15803,-3612,13,-44,123,walking,0.00,0,0,0,0,0
1779913993198,-2099,15753,-3724,1,-44,134,walking,0.00,0,0,0,0,0
1779913993199,-2016,15663,-3814,4,-44,153,walking,0.00,0,0,0,0,0
1779913993235,-1841,15499,-3917,24,-39,171,walking,0.00,0,0,0,0,0
1779913993236,-1679,15337,-3970,45,-30,176,walking,0.00,0,0,0,0,0
1779913993237,-1500,15241,-3878,68,-20,177,walking,0.00,0,0,0,0,0
1779913993263,-1456,15119,-3752,80,-13,191,walking,0.00,0,0,0,0,0
1779913993264,-1269,15084,-3683,81,-5,216,walking,0.00,0,0,0,0,0
1779913993264,-986,15105,-3637,79,-1,241,walking,0.00,0,0,0,0,0
1779913993288,-866,15218,-3603,75,-1,259,walking,0.00,0,0,0,0,0
1779913993290,-833,15519,-3524,68,-6,275,walking,0.00,0,0,0,0,0
1779913993291,-821,15894,-3563,68,-17,293,walking,0.00,0,0,0,0,0
1779913993317,-752,16082,-3560,72,-28,302,walking,0.00,0,0,0,0,0
1779913993322,-543,16062,-3570,67,-42,304,walking,0.00,0,0,0,0,0
1779913993323,-571,15983,-3765,34,-60,308,walking,0.00,0,0,0,0,0
1779913993348,-896,15927,-3855,-5,-84,326,walking,0.00,0,0,0,0,0
1779913993349,-1221,15849,-4037,-45,-104,355,walking,0.00,0,0,0,0,0
1779913993350,-1448,15798,-4344,-76,-120,384,walking,0.00,0,0,0,0,0
1779913993380,-1608,15745,-4681,-80,-125,405,walking,0.00,0,0,0,0,0
1779913993381,-1659,15557,-4991,-54,-124,406,walking,0.00,0,0,0,0,0
1779913993382,-1445,15341,-5054,-18,-118,387,walking,0.00,0,0,0,0,0
1779913993407,-1296,15049,-4986,10,-116,370,walking,0.00,0,0,0,0,0
1779913993407,-1252,15046,-4894,9,-117,360,walking,0.00,0,0,0,0,0
1779913993408,-1251,15091,-4981,-7,-122,351,walking,0.00,0,0,0,0,0
1779913993443,-1091,15177,-5026,-7,-126,345,walking,0.00,0,0,0,0,0
1779913993443,-752,15353,-5007,4,-128,336,walking,0.00,0,0,0,0,0
1779913993444,-348,15456,-4923,14,-132,319,walking,0.00,0,0,0,0,0
1779913993467,-49,15512,-4893,28,-136,305,walking,0.00,0,0,0,0,0
1779913993472,78,15447,-4940,41,-141,301,walking,0.00,0,0,0,0,0
1779913993473,37,15371,-4884,55,-143,303,walking,0.00,0,0,0,0,0
1779913993498,-9,15316,-4799,74,-137,303,walking,0.00,0,0,0,0,0
1779913993498,-154,15213,-4772,92,-128,300,walking,0.00,0,0,0,0,0
1779913993500,-311,15080,-4703,113,-115,288,walking,0.00,0,0,0,0,0
1779913993528,-376,14965,-4635,124,-97,262,walking,0.00,0,0,0,0,0
1779913993528,-338,15065,-4542,116,-87,226,walking,0.00,0,0,0,0,0
1779913993529,-319,15276,-4492,98,-80,186,walking,0.00,0,0,0,0,0
1779913993557,-283,15594,-4503,88,-74,150,walking,0.00,0,0,0,0,0
1779913993558,-395,15778,-4539,88,-70,125,walking,0.00,0,0,0,0,0
1779913993558,-478,15847,-4584,90,-64,107,walking,0.00,0,0,0,0,0
1779913993587,-467,15754,-4657,92,-60,88,walking,0.00,0,0,0,0,0
1779913993588,-365,15699,-4657,93,-59,61,walking,0.00,0,0,0,0,0
1779913993589,-183,15627,-4592,85,-62,27,walking,0.00,0,0,0,0,0
1779913993621,39,15591,-4592,68,-66,-5,walking,0.00,0,0,0,0,0
1779913993622,243,15685,-4786,43,-79,-25,walking,0.00,0,0,0,0,0
1779913993623,337,15886,-4988,36,-93,-37,walking,0.00,0,0,0,0,0
1779913993647,395,15982,-5035,66,-106,-37,walking,0.00,0,0,0,0,0
1779913993649,452,15796,-5063,100,-120,-18,walking,0.00,0,0,0,0,0
1779913993649,582,15593,-5166,123,-135,3,walking,0.00,0,0,0,0,0
1779913993680,773,15444,-5229,133,-153,22,walking,0.00,0,0,0,0,0
1779913993681,908,15339,-5344,139,-175,45,walking,0.00,0,0,0,0,0
1779913993682,969,15337,-5371,149,-200,80,walking,0.00,0,0,0,0,0
1779913993708,953,15338,-5451,161,-228,122,walking,0.00,0,0,0,0,0
1779913993709,1039,15473,-5460,174,-255,162,walking,0.00,0,0,0,0,0
1779913993710,1011,15590,-5466,191,-271,195,walking,0.00,0,0,0,0,0
1779913993736,925,15761,-5347,218,-280,226,walking,0.00,0,0,0,0,0
1779913993737,981,15847,-5083,234,-284,254,walking,0.00,0,0,0,0,0
1779913993737,983,15950,-4803,224,-289,275,walking,0.00,0,0,0,0,0
1779913993774,926,16279,-4454,176,-291,277,walking,0.00,0,0,0,0,0
1779913993775,760,16747,-4310,105,-290,259,walking,0.00,0,0,0,0,0
1779913993776,307,17179,-4272,49,-297,200,walking,0.00,0,0,0,0,0
1779913993797,427,16876,-4279,50,-307,173,walking,0.00,0,0,0,0,0
1779913993797,654,16555,-4271,31,-323,153,walking,0.00,0,0,0,0,0
1779913993799,970,16358,-4223,3,-333,148,walking,0.00,0,0,0,0,0
1779913993827,1284,16420,-4148,-9,-332,147,walking,0.00,0,0,0,0,0
1779913993842,1485,16628,-3989,9,-323,142,walking,0.00,0,0,0,0,0
1779913993843,1525,16811,-3858,61,-304,138,walking,0.00,0,0,0,0,0
1779913993857,1480,16798,-3770,136,-278,143,walking,0.00,0,0,0,0,0
1779913993857,1275,16446,-3763,217,-251,167,walking,0.00,0,0,0,0,0
1779913993857,1134,15760,-3686,271,-229,204,walking,0.00,0,0,0,0,0
1779913993887,1247,15068,-3583,271,-221,245,walking,0.00,0,0,0,0,0
1779913993888,1455,14621,-3592,217,-231,281,walking,0.00,0,0,0,0,0
1779913993888,1595,14626,-3513,146,-250,302,walking,0.00,0,0,0,0,0
1779913993917,1587,15010,-3493,88,-264,311,walking,0.00,0,0,0,0,0
1779913993921,1443,15356,-3429,79,-270,314,walking,0.00,0,0,0,0,0
1779913993922,1312,15497,-3253,105,-259,314,walking,0.00,0,0,0,0,0
1779913993948,1446,15660,-3040,128,-236,327,walking,0.00,0,0,0,0,0
1779913993948,1584,15840,-2809,137,-222,333,walking,0.00,0,0,0,0,0
1779913993949,1794,15802,-2625,150,-211,323,walking,0.00,0,0,0,0,0
1779913993980,2024,15718,-2484,142,-209,307,walking,0.00,0,0,0,0,0
1779913993981,2024,15763,-2496,106,-220,297,walking,0.00,0,0,0,0,0
1779913993982,1759,15888,-2618,59,-238,288,walking,0.00,0,0,0,0,0
1779913994013,1422,15838,-2839,16,-250,283,walking,0.00,0,0,0,0,0
1779913994014,1238,15710,-3002,-15,-253,279,walking,0.00,0,0,0,0,0
1779913994014,1149,15470,-3181,-32,-252,278,walking,0.00,0,0,0,0,0
1779913994042,1255,15107,-3322,-45,-244,277,walking,0.00,0,0,0,0,0
1779913994043,1486,14932,-3446,-69,-234,262,walking,0.00,0,0,0,0,0
1779913994043,1609,14928,-3619,-97,-223,240,walking,0.00,0,0,0,0,0
1779913994072,1624,15152,-3618,-97,-209,226,walking,0.00,0,0,0,0,0
1779913994073,1698,15343,-3576,-70,-196,216,walking,0.00,0,0,0,0,0
1779913994073,1731,15460,-3512,-41,-182,208,walking,0.00,0,0,0,0,0
1779913994097,1717,15569,-3460,-9,-170,203,walking,0.00,0,0,0,0,0
1779913994098,1707,15629,-3476,19,-154,204,walking,0.00,0,0,0,0,0
1779913994099,1634,15647,-3514,53,-137,201,walking,0.00,0,0,0,0,0
1779913994127,1320,15459,-3565,95,-118,191,walking,0.00,0,0,0,0,0
1779913994128,998,15204,-3548,129,-94,174,walking,0.00,0,0,0,0,0
1779913994128,732,14960,-3372,148,-65,153,walking,0.00,0,0,0,0,0
1779913994158,690,14705,-3305,150,-28,135,walking,0.00,0,0,0,0,0
1779913994163,977,14679,-3194,142,15,116,walking,0.00,0,0,0,0,0
1779913994164,1226,14809,-3110,127,56,95,walking,0.00,0,0,0,0,0
1779913994187,1162,14984,-3072,111,94,79,walking,0.00,0,0,0,0,0
1779913994188,947,15039,-3016,108,129,72,walking,0.00,0,0,0,0,0
1779913994189,841,14974,-3031,103,154,62,walking,0.00,0,0,0,0,0
1779913994221,887,14683,-2998,95,180,50,walking,0.00,0,0,0,0,0
1779913994222,1093,14120,-3089,96,212,30,walking,0.00,0,0,0,0,0
1779913994223,1449,13574,-3082,83,248,7,walking,0.00,0,0,0,0,0
1779913994249,2006,13377,-2975,41,291,-18,walking,0.00,0,0,0,0,0
1779913994250,2677,13728,-2821,-8,339,-48,walking,0.00,0,0,0,0,0
1779913994251,3288,14421,-2809,-49,394,-86,walking,0.00,0,0,0,0,0
1779913994279,3582,15242,-2823,-69,446,-128,walking,0.00,0,0,0,0,0
1779913994280,3215,15827,-2857,-43,490,-164,walking,0.00,0,0,0,0,0
1779913994281,2456,15965,-2942,8,523,-197,walking,0.00,0,0,0,0,0
1779913994307,1875,15892,-2975,39,547,-230,walking,0.00,0,0,0,0,0
1779913994313,1574,15710,-3222,29,559,-269,walking,0.00,0,0,0,0,0
1779913994314,1330,15628,-3448,7,573,-315,walking,0.00,0,0,0,0,0
1779913994338,1195,15636,-3688,-21,600,-363,walking,0.00,0,0,0,0,0
1779913994339,1110,15690,-4017,-35,629,-409,walking,0.00,0,0,0,0,0
1779913994340,1180,15902,-4141,-29,655,-451,walking,0.00,0,0,0,0,0
1779913994369,1443,16138,-4213,-15,687,-493,walking,0.00,0,0,0,0,0
1779913994370,1745,16296,-4279,26,730,-525,walking,0.00,0,0,0,0,0
1779913994371,1838,16278,-4166,85,785,-544,walking,0.00,0,0,0,0,0
1779913994397,1900,16094,-3890,136,840,-566,walking,0.00,0,0,0,0,0
1779913994398,1939,16073,-3689,128,889,-594,walking,0.00,0,0,0,0,0
1779913994399,1910,16232,-3490,85,933,-641,walking,0.00,0,0,0,0,0
1779913994435,1686,16554,-3388,11,972,-706,walking,0.00,0,0,0,0,0
1779913994435,1587,16817,-3652,-84,1006,-780,walking,0.00,0,0,0,0,0
1779913994436,1740,17073,-4024,-176,1021,-853,walking,0.00,0,0,0,0,0
1779913994456,1902,16901,-4521,-258,1007,-898,walking,0.00,0,0,0,0,0
1779913994456,1932,16200,-5025,-337,965,-894,walking,0.00,0,0,0,0,0
1779913994457,1987,15581,-5504,-411,906,-842,walking,0.00,0,0,0,0,0
1779913994489,2104,15160,-5964,-471,846,-772,walking,0.00,0,0,0,0,0
1779913994490,2475,14703,-6443,-485,804,-700,walking,0.00,0,0,0,0,0
1779913994491,2808,14328,-6677,-439,768,-636,walking,0.00,0,0,0,0,0
1779913994520,3269,14201,-6781,-374,740,-592,walking,0.00,0,0,0,0,0
1779913994521,3491,14355,-6905,-311,713,-550,walking,0.00,0,0,0,0,0
1779913994522,3394,14627,-6872,-220,691,-490,walking,0.00,0,0,0,0,0
1779913994548,3098,14871,-6564,-110,667,-407,walking,0.00,0,0,0,0,0
1779913994548,2994,15067,-6196,-27,647,-327,walking,0.00,0,0,0,0,0
1779913994549,3061,15142,-5936,21,627,-254,walking,0.00,0,0,0,0,0
1779913994578,3215,15111,-5796,43,602,-185,walking,0.00,0,0,0,0,0
1779913994579,3135,15127,-5617,21,568,-133,walking,0.00,0,0,0,0,0
1779913994580,3043,15124,-5658,-50,528,-91,walking,0.00,0,0,0,0,0
1779913994612,2925,15189,-5860,-132,477,-53,walking,0.00,0,0,0,0,0
1779913994613,2837,15167,-6099,-201,421,-13,walking,0.00,0,0,0,0,0
1779913994613,2899,14937,-6330,-236,358,29,walking,0.00,0,0,0,0,0
1779913994638,2966,14418,-6416,-254,294,51,walking,0.00,0,0,0,0,0
1779913994639,3486,14052,-6538,-292,237,52,walking,0.00,0,0,0,0,0
1779913994639,4112,13998,-6726,-319,179,58,walking,0.00,0,0,0,0,0
1779913994671,4390,14200,-6706,-315,116,67,walking,0.00,0,0,0,0,0
1779913994672,4487,14618,-6432,-298,62,92,walking,0.00,0,0,0,0,0
1779913994673,4644,14975,-6224,-259,14,157,walking,0.00,0,0,0,0,0
1779913994699,4426,15225,-6007,-184,-42,238,walking,0.00,0,0,0,0,0
1779913994700,4307,15041,-5970,-114,-84,301,walking,0.00,0,0,0,0,0
1779913994700,4248,14714,-5935,-63,-122,348,walking,0.00,0,0,0,0,0
1779913994729,3859,14546,-5821,-48,-174,395,walking,0.00,0,0,0,0,0
1779913994731,3761,14658,-5806,-74,-218,435,walking,0.00,0,0,0,0,0
1779913994731,3602,14888,-5802,-95,-262,482,walking,0.00,0,0,0,0,0
1779913994767,3137,14684,-5736,-105,-306,522,walking,0.00,0,0,0,0,0
1779913994767,2986,14923,-5632,-112,-336,561,walking,0.00,0,0,0,0,0
1779913994768,2773,14877,-5598,-79,-359,577,walking,0.00,0,0,0,0,0
1779913994789,2234,14095,-5241,-81,-389,592,walking,0.00,0,0,0,0,0
1779913994789,2080,14229,-5208,-188,-418,607,walking,0.00,0,0,0,0,0
1779913994790,1898,15137,-5330,-283,-452,622,walking,0.00,0,0,0,0,0
1779913994819,1552,15715,-5464,-283,-474,620,walking,0.00,0,0,0,0,0
1779913994820,1241,15696,-5416,-225,-484,618,walking,0.00,0,0,0,0,0
1779913994821,1021,15603,-5423,-207,-502,614,walking,0.00,0,0,0,0,0
1779913994848,1021,15601,-5584,-209,-517,612,walking,0.00,0,0,0,0,0
1779913994848,1010,15356,-5744,-196,-526,611,walking,0.00,0,0,0,0,0
1779913994849,1038,15075,-5906,-177,-541,612,walking,0.00,0,0,0,0,0
1779913994878,960,14460,-6021,-182,-564,608,walking,0.00,0,0,0,0,0
1779913994879,1301,14127,-6101,-238,-584,603,walking,0.00,0,0,0,0,0
1779913994879,1381,14409,-6185,-287,-624,587,walking,0.00,0,0,0,0,0
1779913994906,1592,14387,-6247,-292,-652,562,walking,0.00,0,0,0,0,0
1779913994907,2099,14355,-6144,-224,-681,593,walking,0.00,0,0,0,0,0
1779913994908,1899,14474,-5995,-241,-703,605,walking,0.00,0,0,0,0,0
1779913994940,1709,14713,-5791,-268,-713,606,walking,0.00,0,0,0,0,0
1779913994945,1767,14862,-5783,-288,-706,612,walking,0.00,0,0,0,0,0
1779913994946,1669,15125,-5551,-295,-711,629,walking,0.00,0,0,0,0,0
1779913994967,1525,15144,-5196,-299,-730,646,walking,0.00,0,0,0,0,0
1779913994969,1615,15053,-4982,-308,-757,670,walking,0.00,0,0,0,0,0
1779913994970,1711,14919,-4859,-304,-790,700,walking,0.00,0,0,0,0,0
1779913994998,1968,14603,-4881,-306,-810,720,walking,0.00,0,0,0,0,0
1779913994999,2139,14728,-4754,-329,-819,730,walking,0.00,0,0,0,0,0
1779913995000,1961,15305,-4397,-361,-821,729,walking,0.00,0,0,0,0,0
1779913995031,1687,16106,-3862,-399,-809,712,walking,0.00,0,0,0,0,0
1779913995032,1553,17210,-3366,-451,-772,669,walking,0.00,0,0,0,0,0
1779913995033,1421,18546,-2994,-481,-721,585,walking,0.00,0,0,0,0,0
1779913995062,1529,19810,-2763,-460,-672,469,walking,0.00,0,0,0,0,0
1779913995063,1109,20430,-2758,-443,-672,329,walking,0.00,0,0,0,0,0
1779913995064,364,20628,-3131,-429,-721,189,walking,0.00,0,0,0,0,0
1779913995098,113,20079,-3450,-340,-779,107,walking,0.00,0,0,0,0,0
1779913995099,-2,18662,-3495,-242,-851,87,walking,0.00,0,0,0,0,0
1779913995099,267,17155,-3526,-219,-908,112,walking,0.00,0,0,0,0,0
1779913995120,959,16191,-3727,-213,-916,159,walking,0.00,0,0,0,0,0
1779913995121,1377,15628,-3719,-167,-882,195,walking,0.00,0,0,0,0,0
1779913995122,1350,15728,-3474,-96,-812,205,walking,0.00,0,0,0,0,0
1779913995151,1123,16268,-3252,13,-721,200,walking,0.00,0,0,0,0,0
1779913995152,589,16876,-3125,178,-620,184,walking,0.00,0,0,0,0,0
1779913995153,7,17095,-2774,369,-520,158,walking,0.00,0,0,0,0,0
1779913995178,-271,16936,-2419,511,-418,130,walking,0.00,0,0,0,0,0
1779913995180,-306,16792,-2204,577,-323,109,walking,0.00,0,0,0,0,0
1779913995181,-362,16878,-2053,573,-250,93,walking,0.00,0,0,0,0,0
1779913995211,-561,16844,-2029,530,-192,77,walking,0.00,0,0,0,0,0
1779913995212,-910,16562,-2150,483,-137,60,walking,0.00,0,0,0,0,0
1779913995213,-1173,16038,-2164,426,-83,37,walking,0.00,0,0,0,0,0
1779913995237,-1186,15525,-2297,338,-35,6,walking,0.00,0,0,0,0,0
1779913995238,-1027,15164,-2551,243,11,-31,walking,0.00,0,0,0,0,0
1779913995239,-773,14979,-2792,155,64,-68,walking,0.00,0,0,0,0,0
1779913995270,-589,14842,-3085,87,118,-106,walking,0.00,0,0,0,0,0
1779913995271,-499,14764,-3393,50,175,-141,walking,0.00,0,0,0,0,0
1779913995272,-424,14705,-3637,40,230,-176,walking,0.00,0,0,0,0,0
1779913995297,-203,14649,-3658,26,284,-209,walking,0.00,0,0,0,0,0
1779913995298,239,14740,-3720,4,334,-238,walking,0.00,0,0,0,0,0
1779913995299,363,14835,-3858,-4,380,-262,walking,0.00,0,0,0,0,0
1779913995328,699,14939,-3869,27,431,-266,walking,0.00,0,0,0,0,0
1779913995329,1042,14866,-3912,70,475,-265,walking,0.00,0,0,0,0,0
1779913995330,1287,14684,-4046,87,504,-280,walking,0.00,0,0,0,0,0
1779913995357,1444,14706,-3961,84,525,-298,walking,0.00,0,0,0,0,0
1779913995358,1886,14976,-3962,75,555,-317,walking,0.00,0,0,0,0,0
1779913995359,2355,15462,-3900,86,586,-332,walking,0.00,0,0,0,0,0
1779913995389,2318,15720,-3891,117,620,-332,walking,0.00,0,0,0,0,0
1779913995389,2117,15705,-3803,160,660,-320,walking,0.00,0,0,0,0,0
1779913995390,1931,15593,-3724,196,705,-301,walking,0.00,0,0,0,0,0
1779913995423,1776,15342,-3765,212,751,-288,walking,0.00,0,0,0,0,0
1779913995424,1696,15056,-3706,222,793,-279,walking,0.00,0,0,0,0,0
1779913995425,1604,15014,-3699,208,830,-279,walking,0.00,0,0,0,0,0
1779913995448,1478,15076,-3779,180,867,-289,walking,0.00,0,0,0,0,0
1779913995478,1370,15210,-3864,169,909,-305,walking,0.00,0,0,0,0,0
1779913995479,1336,15303,-3921,169,948,-324,walking,0.00,0,0,0,0,0
1779913995481,1270,15265,-3895,167,988,-347,walking,0.00,0,0,0,0,0
1779913995481,1349,15346,-3938,155,1027,-369,walking,0.00,0,0,0,0,0
1779913995482,1421,15484,-4044,142,1056,-387,walking,0.00,0,0,0,0,0
1779913995510,1357,15636,-4074,136,1076,-399,walking,0.00,0,0,0,0,0
1779913995511,1369,15810,-4010,135,1091,-411,walking,0.00,0,0,0,0,0
1779913995512,1367,16110,-4016,131,1104,-427,walking,0.00,0,0,0,0,0
1779913995537,1339,16520,-4054,147,1122,-450,walking,0.00,0,0,0,0,0
1779913995569,1187,16695,-4024,178,1146,-484,walking,0.00,0,0,0,0,0
1779913995571,995,16736,-4056,203,1165,-519,walking,0.00,0,0,0,0,0
1779913995571,892,16716,-4037,216,1177,-539,walking,0.00,0,0,0,0,0
1779913995572,873,16679,-4013,210,1183,-554,walking,0.00,0,0,0,0,0
1779913995573,953,16577,-3961,198,1188,-571,walking,0.00,0,0,0,0,0
1779913995597,1088,16493,-3961,174,1195,-589,walking,0.00,0,0,0,0,0
1779913995598,1173,16568,-3919,167,1206,-604,walking,0.00,0,0,0,0,0
1779913995599,1087,16580,-3865,196,1223,-611,walking,0.00,0,0,0,0,0
1779913995628,984,16534,-3706,240,1250,-614,walking,0.00,0,0,0,0,0
1779913995628,984,16677,-3491,267,1290,-623,walking,0.00,0,0,0,0,0
1779913995629,930,17050,-3288,283,1341,-644,walking,0.00,0,0,0,0,0
1779913995660,648,17566,-3191,300,1398,-685,walking,0.00,0,0,0,0,0
1779913995661,174,17889,-3202,337,1446,-737,walking,0.00,0,0,0,0,0
1779913995662,-369,18037,-3212,371,1480,-815,walking,0.00,0,0,0,0,0
1779913995690,-416,17543,-3277,382,1499,-894,walking,0.00,0,0,0,0,0
1779913995690,-490,16868,-3322,351,1490,-935,walking,0.00,0,0,0,0,0
1779913995691,-434,16305,-3382,271,1483,-953,walking,0.00,0,0,0,0,0
1779913995720,64,16020,-3593,192,1486,-949,walking,0.00,0,0,0,0,0
1779913995722,264,15717,-3777,168,1495,-922,walking,0.00,0,0,0,0,0
1779913995728,277,15045,-3943,187,1510,-873,walking,0.00,0,0,0,0,0
1779913995746,383,14126,-4199,196,1517,-801,walking,0.00,0,0,0,0,0
1779913995747,370,13683,-4256,200,1511,-705,walking,0.00,0,0,0,0,0
1779913995748,476,13566,-4271,228,1520,-609,walking,0.00,0,0,0,0,0
1779913995777,543,13741,-4111,287,1546,-533,walking,0.00,0,0,0,0,0
1779913995778,456,13911,-3860,346,1577,-483,walking,0.00,0,0,0,0,0
1779913995779,37,14532,-3763,364,1600,-448,walking,0.00,0,0,0,0,0
1779913995811,-498,15288,-3725,388,1622,-439,walking,0.00,0,0,0,0,0
1779913995812,-824,15628,-3689,427,1649,-458,walking,0.00,0,0,0,0,0
1779913995813,-1017,15319,-3654,416,1670,-476,walking,0.00,0,0,0,0,0
1779913995836,-1122,15072,-3713,330,1671,-486,walking,0.00,0,0,0,0,0
1779913995837,-1140,15001,-3754,232,1662,-494,walking,0.00,0,0,0,0,0
1779913995837,-1032,14882,-3807,141,1649,-507,walking,0.00,0,0,0,0,0
1779913995869,-776,14734,-3987,63,1647,-526,walking,0.00,0,0,0,0,0
1779913995870,-810,14880,-4159,10,1638,-544,walking,0.00,0,0,0,0,0
1779913995871,-856,15117,-4304,-9,1637,-574,walking,0.00,0,0,0,0,0
1779913995897,-683,14993,-4431,21,1647,-604,walking,0.00,0,0,0,0,0
1779913995897,-463,14763,-4515,55,1661,-624,walking,0.00,0,0,0,0,0
1779913995901,-311,14552,-4573,65,1667,-640,walking,0.00,0,0,0,0,0
1779913995928,-153,14390,-4626,64,1672,-647,walking,0.00,0,0,0,0,0
1779913995929,25,14194,-4637,60,1673,-639,walking,0.00,0,0,0,0,0
1779913995930,223,14100,-4694,48,1666,-637,walking,0.00,0,0,0,0,0
1779913995957,277,14074,-4860,25,1650,-638,walking,0.00,0,0,0,0,0
1779913995958,349,14130,-5058,9,1631,-637,walking,0.00,0,0,0,0,0
1779913995958,424,14283,-5244,10,1614,-628,walking,0.00,0,0,0,0,0
1779913995988,433,14456,-5412,32,1599,-618,walking,0.00,0,0,0,0,0
1779913995989,373,14423,-5403,60,1593,-609,walking,0.00,0,0,0,0,0
1779913995990,417,14419,-5293,75,1588,-603,walking,0.00,0,0,0,0,0
1779913996022,403,14421,-5203,62,1582,-603,walking,0.00,0,0,0,0,0
1779913996023,396,14457,-5170,37,1574,-599,walking,0.00,0,0,0,0,0
1779913996024,454,14550,-5091,14,1563,-602,walking,0.00,0,0,0,0,0
1779913996047,549,14622,-4998,-15,1547,-610,walking,0.00,0,0,0,0,0
1779913996048,900,14875,-5148,-83,1488,-594,walking,0.00,0,0,0,0,0
1779913996048,1010,14907,-5330,-101,1448,-580,walking,0.00,0,0,0,0,0
1779913996078,1285,14860,-5402,-115,1402,-561,walking,0.00,0,0,0,0,0
1779913996079,1221,14876,-5402,-125,1349,-539,walking,0.00,0,0,0,0,0
1779913996080,1212,14887,-5392,-139,1308,-508,walking,0.00,0,0,0,0,0
1779913996110,1282,15035,-5361,-151,1276,-470,walking,0.00,0,0,0,0,0
1779913996111,845,15311,-5114,-156,1253,-433,walking,0.00,0,0,0,0,0
1779913996112,725,15644,-4875,-165,1253,-393,walking,0.00,0,0,0,0,0
1779913996146,582,16043,-4635,-151,1265,-342,walking,0.00,0,0,0,0,0
1779913996147,486,15991,-4372,-125,1286,-292,walking,0.00,0,0,0,0,0
1779913996147,387,15980,-4046,-122,1304,-243,walking,0.00,0,0,0,0,0
1779913996169,452,15921,-3691,-156,1306,-211,walking,0.00,0,0,0,0,0
1779913996170,631,16586,-3440,-216,1292,-186,walking,0.00,0,0,0,0,0
1779913996171,595,17762,-3134,-265,1273,-191,walking,0.00,0,0,0,0,0
1779913996197,294,18923,-3032,-285,1266,-235,walking,0.00,0,0,0,0,0
1779913996198,-193,19843,-3111,-274,1274,-306,walking,0.00,0,0,0,0,0
1779913996199,-653,20036,-3054,-247,1293,-379,walking,0.00,0,0,0,0,0
1779913996228,-1031,19554,-2957,-260,1295,-414,walking,0.00,0,0,0,0,0
1779913996229,-1043,18711,-3046,-291,1274,-400,walking,0.00,0,0,0,0,0
1779913996229,-474,17442,-3082,-287,1243,-355,walking,0.00,0,0,0,0,0
1779913996259,231,16030,-3191,-272,1213,-315,walking,0.00,0,0,0,0,0
1779913996260,734,15061,-3219,-272,1178,-279,walking,0.00,0,0,0,0,0
1779913996261,1116,14947,-3430,-264,1153,-241,walking,0.00,0,0,0,0,0
1779913996287,1358,15247,-3609,-197,1142,-194,walking,0.00,0,0,0,0,0
1779913996288,1207,15878,-3488,-100,1142,-161,walking,0.00,0,0,0,0,0
1779913996289,908,16699,-3332,29,1160,-150,walking,0.00,0,0,0,0,0
1779913996318,753,17256,-3076,188,1186,-142,walking,0.00,0,0,0,0,0
1779913996319,591,17534,-2653,330,1206,-133,walking,0.00,0,0,0,0,0
1779913996320,508,17568,-2328,419,1217,-128,walking,0.00,0,0,0,0,0
1779913996348,411,17481,-2073,452,1212,-135,walking,0.00,0,0,0,0,0
1779913996350,278,17284,-1842,424,1193,-153,walking,0.00,0,0,0,0,0
1779913996351,-19,17187,-1792,353,1171,-165,walking,0.00,0,0,0,0,0
1779913996377,-303,17263,-1739,276,1150,-162,walking,0.00,0,0,0,0,0
1779913996378,-596,17168,-1810,212,1134,-147,walking,0.00,0,0,0,0,0
1779913996379,-762,16855,-1958,179,1125,-139,walking,0.00,0,0,0,0,0
1779913996413,-808,16356,-2049,162,1129,-143,walking,0.00,0,0,0,0,0
1779913996414,-730,15887,-2156,139,1141,-154,walking,0.00,0,0,0,0,0
1779913996415,-603,15548,-2314,106,1153,-176,walking,0.00,0,0,0,0,0
1779913996437,-532,15355,-2495,74,1164,-201,walking,0.00,0,0,0,0,0
1779913996437,-423,15373,-2516,39,1178,-225,walking,0.00,0,0,0,0,0
1779913996438,-273,15487,-2541,9,1184,-238,walking,0.00,0,0,0,0,0
1779913996468,-31,15568,-2614,-10,1188,-239,walking,0.00,0,0,0,0,0
1779913996469,256,15520,-2721,-10,1187,-226,walking,0.00,0,0,0,0,0
1779913996470,597,15366,-2771,-2,1179,-215,walking,0.00,0,0,0,0,0
1779913996501,932,15182,-2844,-8,1167,-216,walking,0.00,0,0,0,0,0
1779913996502,1166,15064,-3037,-13,1151,-217,walking,0.00,0,0,0,0,0
1779913996503,1074,14969,-3077,-8,1142,-217,walking,0.00,0,0,0,0,0
1779913996528,1048,14947,-3047,-13,1142,-219,walking,0.00,0,0,0,0,0
1779913996529,982,14975,-3011,-16,1145,-222,walking,0.00,0,0,0,0,0
1779913996529,913,14995,-2943,-3,1153,-225,walking,0.00,0,0,0,0,0
1779913996559,828,14846,-2852,16,1168,-238,walking,0.00,0,0,0,0,0
1779913996560,787,14714,-2706,25,1182,-252,walking,0.00,0,0,0,0,0
1779913996561,830,14684,-2544,16,1191,-261,walking,0.00,0,0,0,0,0
1779913996587,807,14728,-2409,3,1194,-268,walking,0.00,0,0,0,0,0
1779913996588,844,14656,-2448,-17,1199,-284,walking,0.00,0,0,0,0,0
1779913996589,1017,14720,-2433,-42,1203,-304,walking,0.00,0,0,0,0,0
1779913996619,1171,14801,-2434,-71,1205,-330,walking,0.00,0,0,0,0,0
1779913996621,1234,14984,-2405,-94,1203,-352,walking,0.00,0,0,0,0,0
1779913996622,1165,15142,-2383,-117,1193,-369,walking,0.00,0,0,0,0,0
1779913996647,1124,15222,-2516,-128,1191,-372,walking,0.00,0,0,0,0,0
1779913996651,1029,15344,-2608,-117,1185,-356,walking,0.00,0,0,0,0,0
1779913996652,916,15304,-2623,-81,1181,-336,walking,0.00,0,0,0,0,0
1779913996680,811,15350,-2509,-37,1180,-317,walking,0.00,0,0,0,0,0
1779913996681,747,15359,-2513,3,1191,-297,walking,0.00,0,0,0,0,0
1779913996682,388,16057,-2579,35,1210,-281,walking,0.00,0,0,0,0,0
1779913996709,113,16816,-2544,106,1255,-283,walking,0.00,0,0,0,0,0
1779913996710,-299,17190,-2403,191,1298,-287,walking,0.00,0,0,0,0,0
1779913996711,-719,17208,-2382,259,1336,-277,walking,0.00,0,0,0,0,0
1779913996737,-1049,16838,-2363,296,1366,-252,walking,0.00,0,0,0,0,0
1779913996738,-1167,16279,-2443,294,1393,-218,walking,0.00,0,0,0,0,0
1779913996739,-932,15838,-2593,268,1418,-194,walking,0.00,0,0,0,0,0
1779913996767,-602,15777,-2574,229,1443,-197,walking,0.00,0,0,0,0,0
1779913996768,-338,16301,-2456,176,1480,-226,walking,0.00,0,0,0,0,0
1779913996769,-122,17517,-2397,133,1526,-278,walking,0.00,0,0,0,0,0
1779913996801,-264,18951,-2292,124,1577,-362,walking,0.00,0,0,0,0,0
1779913996803,-714,19806,-2270,149,1629,-467,walking,0.00,0,0,0,0,0
1779913996804,-1054,19695,-2321,181,1664,-547,walking,0.00,0,0,0,0,0
1779913996832,-1156,18733,-2356,168,1663,-583,walking,0.00,0,0,0,0,0
1779913996833,-737,17473,-2475,68,1628,-589,walking,0.00,0,0,0,0,0
1779913996833,-113,16523,-2742,-104,1562,-579,walking,0.00,0,0,0,0,0
1779913996858,440,15972,-3241,-262,1487,-561,walking,0.00,0,0,0,0,0
1779913996859,742,15531,-3792,-338,1420,-545,walking,0.00,0,0,0,0,0
1779913996859,758,15016,-4234,-340,1367,-524,walking,0.00,0,0,0,0,0
1779913996886,901,14493,-4731,-294,1334,-494,walking,0.00,0,0,0,0,0
1779913996887,1001,14016,-5002,-212,1303,-429,walking,0.00,0,0,0,0,0
1779913996888,896,13599,-5164,-134,1262,-353,walking,0.00,0,0,0,0,0
1779913996918,819,13469,-5257,-47,1236,-283,walking,0.00,0,0,0,0,0
1779913996919,949,13462,-5136,47,1225,-217,walking,0.00,0,0,0,0,0
1779913996920,1040,13623,-4840,121,1213,-158,walking,0.00,0,0,0,0,0
1779913996948,912,14150,-4521,162,1193,-107,walking,0.00,0,0,0,0,0
1779913996948,779,14741,-4178,193,1183,-76,walking,0.00,0,0,0,0,0
1779913996949,452,15293,-3870,220,1176,-67,walking,0.00,0,0,0,0,0
1779913996979,6,15743,-3632,230,1170,-89,walking,0.00,0,0,0,0,0
1779913996980,-325,15975,-3538,212,1167,-124,walking,0.00,0,0,0,0,0
1779913996981,-701,16114,-3414,177,1165,-154,walking,0.00,0,0,0,0,0
1779913997013,-896,16103,-3283,121,1159,-188,walking,0.00,0,0,0,0,0
1779913997014,-903,15987,-3469,33,1146,-216,walking,0.00,0,0,0,0,0
1779913997015,-898,15830,-3582,-47,1131,-248,walking,0.00,0,0,0,0,0
1779913997037,-833,15747,-3683,-118,1125,-288,walking,0.00,0,0,0,0,0
1779913997038,-652,15830,-3878,-191,1117,-335,walking,0.00,0,0,0,0,0
1779913997039,-590,15994,-4159,-236,1107,-375,walking,0.00,0,0,0,0,0
1779913997071,-529,16134,-4419,-241,1095,-398,walking,0.00,0,0,0,0,0
1779913997072,-478,15889,-4657,-228,1077,-407,walking,0.00,0,0,0,0,0
1779913997073,-518,15675,-4851,-226,1045,-401,walking,0.00,0,0,0,0,0
1779913997101,-402,15427,-5095,-219,1015,-376,walking,0.00,0,0,0,0,0
1779913997101,-303,15228,-5204,-189,982,-343,walking,0.00,0,0,0,0,0
1779913997102,-193,14796,-5351,-152,953,-323,walking,0.00,0,0,0,0,0
1779913997138,-48,14371,-5479,-123,930,-301,walking,0.00,0,0,0,0,0
1779913997139,-148,14382,-5442,-81,918,-265,walking,0.00,0,0,0,0,0
1779913997139,-50,14431,-5436,-17,933,-223,walking,0.00,0,0,0,0,0
1779913997160,-29,14290,-5317,64,945,-183,walking,0.00,0,0,0,0,0
1779913997160,-60,14183,-5024,116,956,-155,walking,0.00,0,0,0,0,0
1779913997161,14,14251,-4776,116,962,-140,walking,0.00,0,0,0,0,0
1779913997187,-102,15189,-4446,106,981,-118,walking,0.00,0,0,0,0,0
1779913997188,-189,15376,-4305,120,996,-109,walking,0.00,0,0,0,0,0
1779913997189,-206,15581,-4151,121,1009,-107,walking,0.00,0,0,0,0,0
1779913997218,-132,15678,-4230,114,1018,-111,walking,0.00,0,0,0,0,0
1779913997219,-175,15523,-4338,99,1023,-120,walking,0.00,0,0,0,0,0
1779913997220,-149,15577,-4368,75,1028,-135,walking,0.00,0,0,0,0,0
1779913997250,147,15730,-4588,57,1035,-145,walking,0.00,0,0,0,0,0
1779913997251,55,15367,-4722,45,1028,-144,walking,0.00,0,0,0,0,0
1779913997252,127,15108,-4761,4,1018,-151,walking,0.00,0,0,0,0,0
1779913997278,139,15231,-4903,-49,1001,-156,walking,0.00,0,0,0,0,0
1779913997279,278,15343,-5051,-71,1000,-159,walking,0.00,0,0,0,0,0
1779913997280,299,15456,-5157,-61,1006,-148,walking,0.00,0,0,0,0,0
1779913997309,137,15569,-5205,-34,1020,-135,walking,0.00,0,0,0,0,0
1779913997310,238,15499,-5202,-11,1046,-121,walking,0.00,0,0,0,0,0
1779913997311,371,15767,-5144,8,1068,-100,walking,0.00,0,0,0,0,0
1779913997342,309,15975,-5021,36,1081,-83,walking,0.00,0,0,0,0,0
1779913997343,344,15758,-4888,63,1088,-78,walking,0.00,0,0,0,0,0
1779913997344,469,15743,-4706,66,1084,-77,walking,0.00,0,0,0,0,0
1779913997367,426,15845,-4532,48,1068,-78,walking,0.00,0,0,0,0,0
1779913997368,393,15815,-4470,34,1049,-76,walking,0.00,0,0,0,0,0
1779913997368,283,15777,-4410,28,1028,-68,walking,0.00,0,0,0,0,0
1779913997401,104,15763,-4338,27,1010,-62,walking,0.00,0,0,0,0,0
1779913997402,14,15751,-4469,34,1002,-68,walking,0.00,0,0,0,0,0
1779913997402,47,15718,-4421,49,1013,-79,walking,0.00,0,0,0,0,0
1779913997427,47,15743,-4319,66,1036,-87,walking,0.00,0,0,0,0,0
1779913997428,113,15853,-4186,83,1061,-85,walking,0.00,0,0,0,0,0
1779913997429,148,15818,-3891,101,1086,-82,walking,0.00,0,0,0,0,0
1779913997461,341,15941,-3544,110,1109,-86,walking,0.00,0,0,0,0,0
1779913997461,537,16152,-3240,107,1124,-99,walking,0.00,0,0,0,0,0
1779913997461,831,16445,-2897,108,1130,-121,walking,0.00,0,0,0,0,0
1779913997488,910,16573,-2660,107,1120,-149,walking,0.00,0,0,0,0,0
1779913997491,783,16542,-2563,95,1099,-175,walking,0.00,0,0,0,0,0
1779913997492,582,16433,-2573,66,1086,-182,walking,0.00,0,0,0,0,0
1779913997517,413,16329,-2584,35,1091,-181,walking,0.00,0,0,0,0,0
1779913997518,422,16175,-2534,18,1117,-172,walking,0.00,0,0,0,0,0
1779913997519,452,15995,-2425,15,1153,-162,walking,0.00,0,0,0,0,0
1779913997549,544,15808,-2314,16,1186,-159,walking,0.00,0,0,0,0,0
1779913997549,558,15662,-2195,16,1212,-158,walking,0.00,0,0,0,0,0
1779913997550,558,15775,-2112,18,1228,-161,walking,0.00,0,0,0,0,0
1779913997577,396,15906,-2026,15,1238,-169,walking,0.00,0,0,0,0,0
1779913997578,448,15925,-2090,4,1251,-180,walking,0.00,0,0,0,0,0
1779913997579,367,16011,-2218,-8,1251,-188,walking,0.00,0,0,0,0,0
1779913997608,199,16004,-2266,-30,1245,-202,walking,0.00,0,0,0,0,0
1779913997608,184,15937,-2191,-69,1255,-220,walking,0.00,0,0,0,0,0
1779913997609,275,15993,-2231,-124,1268,-229,walking,0.00,0,0,0,0,0
1779913997640,215,16159,-2297,-147,1266,-228,walking,0.00,0,0,0,0,0
1779913997641,33,16061,-2406,-131,1258,-231,walking,0.00,0,0,0,0,0
1779913997641,93,15877,-2465,-110,1251,-237,walking,0.00,0,0,0,0,0
1779913997668,205,15880,-2582,-100,1240,-238,walking,0.00,0,0,0,0,0
1779913997668,213,16108,-2664,-80,1226,-229,walking,0.00,0,0,0,0,0
1779913997669,-9,16200,-2739,-44,1210,-232,walking,0.00,0,0,0,0,0
1779913997699,-100,16312,-2739,-11,1205,-248,walking,0.00,0,0,0,0,0
1779913997699,-81,16464,-2678,14,1208,-266,walking,0.00,0,0,0,0,0
1779913997700,-156,16580,-2520,36,1216,-288,walking,0.00,0,0,0,0,0
1779913997727,-171,16639,-2316,51,1224,-310,walking,0.00,0,0,0,0,0
1779913997728,-81,16593,-2126,52,1221,-334,walking,0.00,0,0,0,0,0
1779913997729,-51,16563,-1980,26,1205,-351,walking,0.00,0,0,0,0,0
1779913997760,3,16639,-1906,-15,1186,-361,walking,0.00,0,0,0,0,0
1779913997761,-46,16661,-1838,-49,1168,-371,walking,0.00,0,0,0,0,0
1779913997761,-26,16465,-1940,-68,1154,-385,walking,0.00,0,0,0,0,0
1779913997791,-34,16052,-2064,-83,1144,-401,walking,0.00,0,0,0,0,0
1779913997792,27,15603,-2160,-114,1136,-416,walking,0.00,0,0,0,0,0
1779913997792,213,15292,-2225,-164,1128,-427,walking,0.00,0,0,0,0,0
1779913997818,436,15182,-2263,-210,1115,-432,walking,0.00,0,0,0,0,0
1779913997819,785,15108,-2286,-238,1101,-427,walking,0.00,0,0,0,0,0
1779913997820,1039,14817,-2298,-236,1085,-404,walking,0.00,0,0,0,0,0
1779913997849,1467,14560,-2295,-230,1062,-370,walking,0.00,0,0,0,0,0
1779913997850,2104,14919,-2335,-246,1020,-347,walking,0.00,0,0,0,0,0
1779913997850,2389,15644,-2480,-254,962,-352,walking,0.00,0,0,0,0,0
1779913997877,2115,16084,-2539,-196,910,-364,walking,0.00,0,0,0,0,0
1779913997878,1861,16158,-2323,-101,863,-358,walking,0.00,0,0,0,0,0
1779913997878,1797,16223,-2186,-37,813,-340,walking,0.00,0,0,0,0,0
1779913997909,1729,16329,-2142,14,765,-325,walking,0.00,0,0,0,0,0
1779913997910,1524,16428,-1998,68,739,-327,walking,0.00,0,0,0,0,0
1779913997911,1322,16550,-1832,116,722,-336,walking,0.00,0,0,0,0,0
1779913997940,1037,16754,-1761,133,697,-347,walking,0.00,0,0,0,0,0
1779913997941,687,17143,-1792,135,671,-359,walking,0.00,0,0,0,0,0
1779913997941,405,17542,-1747,152,645,-365,walking,0.00,0,0,0,0,0
1779913997967,285,17835,-1695,179,617,-361,walking,0.00,0,0,0,0,0
1779913997968,50,17962,-1598,203,582,-336,walking,0.00,0,0,0,0,0
1779913997969,-189,17852,-1533,234,548,-291,walking,0.00,0,0,0,0,0
1779913997998,-292,17559,-1556,263,516,-241,walking,0.00,0,0,0,0,0
1779913997998,-319,17110,-1599,290,481,-203,walking,0.00,0,0,0,0,0
1779913997999,-275,16557,-1638,301,451,-172,walking,0.00,0,0,0,0,0
1779913998027,-144,16174,-1631,278,422,-146,walking,0.00,0,0,0,0,0
1779913998027,-132,15943,-1739,243,397,-124,walking,0.00,0,0,0,0,0
1779913998028,-197,15840,-1821,210,376,-91,walking,0.00,0,0,0,0,0
1779913998057,-331,15971,-1761,181,355,-49,walking,0.00,0,0,0,0,0
1779913998058,-296,16133,-1829,174,336,-3,walking,0.00,0,0,0,0,0
1779913998060,-212,16151,-1892,198,324,38,walking,0.00,0,0,0,0,0
1779913998090,-121,15950,-1925,238,320,66,walking,0.00,0,0,0,0,0
1779913998091,17,15612,-1830,262,320,82,walking,0.00,0,0,0,0,0
1779913998091,113,15384,-1836,245,314,98,walking,0.00,0,0,0,0,0
1779913998117,151,15346,-1863,209,296,111,walking,0.00,0,0,0,0,0
1779913998118,143,15402,-1928,175,280,113,walking,0.00,0,0,0,0,0
1779913998118,210,15432,-1918,147,265,111,walking,0.00,0,0,0,0,0
1779913998148,250,15332,-1871,133,247,115,walking,0.00,0,0,0,0,0
1779913998149,233,15173,-1956,114,225,112,walking,0.00,0,0,0,0,0
1779913998150,243,15068,-1970,77,201,100,walking,0.00,0,0,0,0,0
1779913998182,353,15091,-2069,26,178,83,walking,0.00,0,0,0,0,0
1779913998183,382,15280,-2215,-21,155,68,walking,0.00,0,0,0,0,0
1779913998184,359,15562,-2342,-50,132,54,walking,0.00,0,0,0,0,0
1779913998207,238,15783,-2419,-52,109,46,walking,0.00,0,0,0,0,0
1779913998208,292,15844,-2400,-49,85,45,walking,0.00,0,0,0,0,0
1779913998209,350,15809,-2477,-49,55,49,walking,0.00,0,0,0,0,0
1779913998239,283,15824,-2537,-44,20,54,walking,0.00,0,0,0,0,0
1779913998240,263,15855,-2567,-53,-12,56,walking,0.00,0,0,0,0,0
1779913998241,272,16106,-2644,-56,-47,61,walking,0.00,0,0,0,0,0
1779913998268,96,16304,-2704,-29,-80,66,walking,0.00,0,0,0,0,0
1779913998268,29,16295,-2770,10,-105,74,walking,0.00,0,0,0,0,0
1779913998269,-128,16148,-2724,34,-132,85,walking,0.00,0,0,0,0,0
1779913998297,-223,15878,-2711,39,-157,101,walking,0.00,0,0,0,0,0
1779913998298,-268,15729,-2773,35,-181,119,walking,0.00,0,0,0,0,0
1779913998299,-248,15635,-2812,31,-201,130,walking,0.00,0,0,0,0,0
1779913998327,-57,15664,-2700,24,-227,126,walking,0.00,0,0,0,0,0
1779913998327,30,15903,-2778,21,-233,120,walking,0.00,0,0,0,0,0
1779913998331,86,16120,-2818,23,-240,117,walking,0.00,0,0,0,0,0
1779913998357,-26,16362,-2845,33,-250,115,walking,0.00,0,0,0,0,0
1779913998358,-98,16527,-2889,52,-259,114,walking,0.00,0,0,0,0,0
1779913998359,-90,16367,-2965,84,-271,114,walking,0.00,0,0,0,0,0
1779913998393,-128,16041,-2987,113,-283,111,walking,0.00,0,0,0,0,0
1779913998394,-80,15692,-2988,121,-300,100,walking,0.00,0,0,0,0,0
1779913998394,44,15369,-3147,108,-318,88,walking,0.00,0,0,0,0,0
1779913998416,87,15302,-3214,102,-336,75,walking,0.00,0,0,0,0,0
1779913998417,186,15350,-3135,97,-352,57,walking,0.00,0,0,0,0,0
1779913998418,330,15582,-3160,103,-362,37,walking,0.00,0,0,0,0,0
1779913998448,447,15837,-3122,136,-367,24,walking,0.00,0,0,0,0,0
1779913998449,465,15994,-3094,192,-369,15,walking,0.00,0,0,0,0,0
1779913998450,515,16031,-2942,239,-370,2,walking,0.00,0,0,0,0,0
1779913998477,567,16147,-2932,261,-374,-13,walking,0.00,0,0,0,0,0
1779913998481,512,16206,-2985,273,-384,-30,walking,0.00,0,0,0,0,0
1779913998482,538,16202,-3138,272,-401,-50,walking,0.00,0,0,0,0,0
1779913998507,525,16122,-3295,264,-426,-76,walking,0.00,0,0,0,0,0
1779913998508,477,16055,-3359,239,-461,-108,walking,0.00,0,0,0,0,0
1779913998509,484,16025,-3566,195,-494,-136,walking,0.00,0,0,0,0,0
1779913998539,360,16013,-3837,172,-524,-153,walking,0.00,0,0,0,0,0
1779913998539,410,15832,-4005,172,-552,-162,walking,0.00,0,0,0,0,0
1779913998539,542,15417,-4189,171,-585,-163,walking,0.00,0,0,0,0,0
1779913998567,586,14840,-4383,174,-626,-153,walking,0.00,0,0,0,0,0
1779913998567,749,14196,-4521,166,-664,-136,walking,0.00,0,0,0,0,0
1779913998568,1063,14014,-4602,126,-698,-123,walking,0.00,0,0,0,0,0
1779913998598,1295,14238,-4645,81,-732,-118,walking,0.00,0,0,0,0,0
1779913998599,1252,14720,-4663,67,-762,-120,walking,0.00,0,0,0,0,0
1779913998599,1092,15080,-4678,69,-785,-127,walking,0.00,0,0,0,0,0
1779913998633,996,15271,-4566,82,-810,-131,walking,0.00,0,0,0,0,0
1779913998634,905,15297,-4553,82,-841,-129,walking,0.00,0,0,0,0,0
1779913998635,798,15181,-4459,63,-877,-115,walking,0.00,0,0,0,0,0
1779913998659,833,15088,-4459,28,-917,-87,walking,0.00,0,0,0,0,0
1779913998660,804,15031,-4525,-12,-961,-49,walking,0.00,0,0,0,0,0
1779913998660,678,14857,-4582,-37,-999,-12,walking,0.00,0,0,0,0,0
1779913998689,655,14829,-4526,-58,-1027,32,walking,0.00,0,0,0,0,0
1779913998689,557,14978,-4441,-71,-1046,68,walking,0.00,0,0,0,0,0
1779913998690,312,15088,-4421,-65,-1054,87,walking,0.00,0,0,0,0,0
1779913998717,-33,15233,-4269,-41,-1049,101,walking,0.00,0,0,0,0,0
1779913998718,-193,15302,-4217,-26,-1035,116,walking,0.00,0,0,0,0,0
1779913998719,-329,15440,-4266,-24,-1022,129,walking,0.00,0,0,0,0,0
1779913998751,-370,15311,-4318,-21,-1010,141,walking,0.00,0,0,0,0,0
1779913998752,-357,15065,-4176,-51,-1013,147,walking,0.00,0,0,0,0,0
1779913998756,-477,15490,-4175,-118,-1024,148,walking,0.00,0,0,0,0,0
1779913998777,-296,15592,-4311,-138,-1024,157,walking,0.00,0,0,0,0,0
1779913998781,-383,15625,-4194,-132,-1035,191,walking,0.00,0,0,0,0,0
1779913998782,-766,15764,-4336,-167,-1058,216,walking,0.00,0,0,0,0,0
1779913998807,-746,15946,-4802,-171,-1061,230,walking,0.00,0,0,0,0,0
1779913998808,-738,15956,-4952,-127,-1055,247,walking,0.00,0,0,0,0,0
1779913998808,-772,15743,-4943,-107,-1053,247,walking,0.00,0,0,0,0,0
1779913998839,-628,15505,-4961,-135,-1060,245,walking,0.00,0,0,0,0,0
1779913998840,-571,15771,-4891,-185,-1075,248,walking,0.00,0,0,0,0,0
1779913998840,-544,16152,-4877,-201,-1094,256,walking,0.00,0,0,0,0,0
1779913998867,-547,16187,-4779,-170,-1115,275,walking,0.00,0,0,0,0,0
1779913998867,-440,15943,-4685,-122,-1136,290,walking,0.00,0,0,0,0,0
1779913998868,-266,15747,-4643,-88,-1163,301,walking,0.00,0,0,0,0,0
1779913998898,-269,15546,-4621,-63,-1191,310,walking,0.00,0,0,0,0,0
1779913998899,-347,15289,-4600,-32,-1219,323,walking,0.00,0,0,0,0,0
1779913998900,-405,15159,-4594,-8,-1251,346,walking,0.00,0,0,0,0,0
1779913998934,-737,15007,-4404,9,-1280,366,walking,0.00,0,0,0,0,0
1779913998935,-904,14950,-4287,5,-1291,384,walking,0.00,0,0,0,0,0
1779913998935,-1252,15254,-4048,5,-1299,412,walking,0.00,0,0,0,0,0
1779913998956,-1413,15612,-3838,29,-1288,428,walking,0.00,0,0,0,0,0
1779913998956,-1624,15839,-3685,65,-1267,442,walking,0.00,0,0,0,0,0
1779913998956,-1800,16023,-3408,108,-1238,444,walking,0.00,0,0,0,0,0
1779913998988,-1811,16237,-3137,141,-1206,430,walking,0.00,0,0,0,0,0
1779913998989,-1921,16416,-2780,136,-1179,406,walking,0.00,0,0,0,0,0
1779913998990,-2079,16432,-2550,98,-1157,379,walking,0.00,0,0,0,0,0
1779913999016,-2165,16468,-2491,39,-1149,352,walking,0.00,0,0,0,0,0
1779913999017,-2098,16575,-2385,-25,-1145,315,walking,0.00,0,0,0,0,0
1779913999018,-1834,16790,-2444,-74,-1137,263,walking,0.00,0,0,0,0,0
1779913999051,-1547,17065,-2649,-95,-1119,212,walking,0.00,0,0,0,0,0
1779913999051,-1424,17302,-2816,-84,-1090,170,walking,0.00,0,0,0,0,0
1779913999052,-1377,17310,-2941,-54,-1051,150,walking,0.00,0,0,0,0,0
1779913999077,-1355,17053,-3065,-5,-1010,156,walking,0.00,0,0,0,0,0
1779913999081,-1305,16633,-3031,50,-975,180,walking,0.00,0,0,0,0,0
1779913999082,-1146,16104,-3000,102,-937,208,walking,0.00,0,0,0,0,0
1779913999108,-925,15634,-3095,147,-894,238,walking,0.00,0,0,0,0,0
1779913999109,-753,15369,-3148,171,-845,258,walking,0.00,0,0,0,0,0
1779913999110,-684,15327,-3148,177,-790,274,walking,0.00,0,0,0,0,0
1779913999139,-598,15569,-3193,159,-737,292,walking,0.00,0,0,0,0,0
1779913999139,-733,16026,-3115,138,-701,303,walking,0.00,0,0,0,0,0
1779913999140,-739,16305,-3045,132,-670,295,walking,0.00,0,0,0,0,0
1779913999167,-595,16234,-3032,124,-641,277,walking,0.00,0,0,0,0,0
1779913999167,-401,16137,-3022,100,-622,273,walking,0.00,0,0,0,0,0
1779913999168,-265,16110,-3086,62,-602,277,walking,0.00,0,0,0,0,0
1779913999198,-189,16104,-3202,19,-579,283,walking,0.00,0,0,0,0,0
1779913999199,-156,16107,-3375,2,-551,290,walking,0.00,0,0,0,0,0
1779913999199,-70,15967,-3433,9,-518,286,walking,0.00,0,0,0,0,0
1779913999229,-7,15828,-3501,8,-487,271,walking,0.00,0,0,0,0,0
1779913999230,123,16008,-3635,-17,-461,253,walking,0.00,0,0,0,0,0
1779913999231,105,16547,-3915,-48,-451,237,walking,0.00,0,0,0,0,0
1779913999257,-158,17060,-4130,-23,-444,219,walking,0.00,0,0,0,0,0
1779913999257,-371,17100,-4336,46,-430,200,walking,0.00,0,0,0,0,0
1779913999258,-349,16651,-4383,114,-418,184,walking,0.00,0,0,0,0,0
1779913999289,-131,16450,-4410,134,-411,173,walking,0.00,0,0,0,0,0
1779913999290,98,16475,-4387,115,-405,148,walking,0.00,0,0,0,0,0
1779913999290,-48,16798,-4467,96,-396,128,walking,0.00,0,0,0,0,0
1779913999317,-213,16883,-4537,108,-379,121,walking,0.00,0,0,0,0,0
1779913999318,-317,16856,-4620,134,-364,130,walking,0.00,0,0,0,0,0
1779913999319,-253,16455,-4779,170,-343,133,walking,0.00,0,0,0,0,0
1779913999347,-42,15841,-4796,207,-320,130,walking,0.00,0,0,0,0,0
1779913999348,235,15179,-4818,213,-297,120,walking,0.00,0,0,0,0,0
1779913999348,325,14739,-4765,188,-277,115,walking,0.00,0,0,0,0,0
1779913999383,472,14623,-4800,141,-256,114,walking,0.00,0,0,0,0,0
1779913999383,544,14672,-4841,103,-231,112,walking,0.00,0,0,0,0,0
1779913999384,732,14715,-4848,85,-204,113,walking,0.00,0,0,0,0,0
1779913999407,866,14834,-4807,77,-177,125,walking,0.00,0,0,0,0,0
1779913999408,988,14893,-4716,82,-158,143,walking,0.00,0,0,0,0,0
1779913999408,1213,14772,-4599,88,-146,156,walking,0.00,0,0,0,0,0
1779913999438,1457,14543,-4574,91,-140,160,walking,0.00,0,0,0,0,0
1779913999439,1684,14267,-4502,84,-138,157,walking,0.00,0,0,0,0,0
1779913999440,1994,14059,-4365,55,-141,139,walking,0.00,0,0,0,0,0
1779913999471,2196,14091,-4204,42,-151,124,walking,0.00,0,0,0,0,0
1779913999472,2260,14282,-4054,31,-155,105,walking,0.00,0,0,0,0,0
1779913999473,2240,14389,-3934,26,-154,91,walking,0.00,0,0,0,0,0
1779913999497,2196,14642,-3793,28,-152,85,walking,0.00,0,0,0,0,0
1779913999498,2382,14936,-3696,46,-155,72,walking,0.00,0,0,0,0,0
1779913999500,2397,15092,-3544,62,-167,60,walking,0.00,0,0,0,0,0
1779913999532,2438,15174,-3369,77,-171,48,walking,0.00,0,0,0,0,0
1779913999533,2577,15128,-3341,71,-169,32,walking,0.00,0,0,0,0,0
1779913999533,2489,15176,-3302,57,-171,18,walking,0.00,0,0,0,0,0
1779913999558,2404,15184,-3262,39,-168,15,walking,0.00,0,0,0,0,0
1779913999559,2226,15301,-3311,25,-162,16,walking,0.00,0,0,0,0,0
1779913999559,2194,15458,-3290,38,-141,20,walking,0.00,0,0,0,0,0
1779913999588,2122,15332,-3276,62,-121,18,walking,0.00,0,0,0,0,0
1779913999588,2018,15242,-3262,64,-108,24,walking,0.00,0,0,0,0,0
1779913999589,1858,15194,-3221,60,-106,35,walking,0.00,0,0,0,0,0
1779913999617,1729,15139,-3143,48,-111,38,walking,0.00,0,0,0,0,0
1779913999617,1680,15017,-3179,29,-118,36,walking,0.00,0,0,0,0,0
1779913999618,1624,14968,-3235,20,-123,25,walking,0.00,0,0,0,0,0
1779913999650,1580,14987,-3233,7,-120,5,walking,0.00,0,0,0,0,0
1779913999651,1602,15084,-3266,-11,-114,-10,walking,0.00,0,0,0,0,0
1779913999651,1521,15335,-3260,-21,-112,-21,walking,0.00,0,0,0,0,0
1779913999679,1378,15434,-3268,-31,-109,-36,walking,0.00,0,0,0,0,0
1779913999681,1447,15596,-3282,-27,-104,-46,walking,0.00,0,0,0,0,0
1779913999682,1354,15762,-3318,-25,-109,-59,walking,0.00,0,0,0,0,0
1779913999706,1047,15939,-3404,-26,-114,-72,walking,0.00,0,0,0,0,0
1779913999707,826,16024,-3523,-20,-113,-79,walking,0.00,0,0,0,0,0
1779913999708,624,16150,-3520,-15,-109,-75,walking,0.00,0,0,0,0,0
1779913999737,588,16237,-3416,-15,-97,-83,walking,0.00,0,0,0,0,0
1779913999771,641,16450,-3426,-28,-77,-111,walking,0.00,0,0,0,0,0
1779913999772,560,16636,-3397,-40,-66,-154,walking,0.00,0,0,0,0,0
1779913999773,258,16688,-3524,-56,-61,-199,walking,0.00,0,0,0,0,0
1779913999774,11,16490,-3712,-69,-69,-224,walking,0.00,0,0,0,0,0
1779913999775,-143,16117,-4002,-81,-90,-234,walking,0.00,0,0,0,0,0
1779913999798,-55,15680,-4207,-104,-122,-233,walking,0.00,0,0,0,0,0
1779913999829,174,15358,-4415,-136,-151,-217,walking,0.00,0,0,0,0,0
1779913999830,264,15255,-4625,-159,-175,-194,walking,0.00,0,0,0,0,0
1779913999831,106,15413,-4669,-140,-185,-179,walking,0.00,0,0,0,0,0
1779913999831,-111,15508,-4655,-90,-178,-173,walking,0.00,0,0,0,0,0
1779913999832,-288,15632,-4611,-24,-163,-174,walking,0.00,0,0,0,0,0
1779913999858,-501,15907,-4543,37,-157,-176,walking,0.00,0,0,0,0,0
1779913999859,-792,16052,-4443,76,-167,-179,walking,0.00,0,0,0,0,0
1779913999863,-1246,15993,-4497,102,-188,-189,walking,0.00,0,0,0,0,0
1779913999888,-1629,15748,-4239,116,-223,-200,walking,0.00,0,0,0,0,0
1779913999888,-1751,15467,-3888,76,-268,-206,walking,0.00,0,0,0,0,0
1779913999889,-1762,15427,-3946,-6,-323,-207,walking,0.00,0,0,0,0,0
1779913999917,-1635,15579,-4143,-63,-360,-217,walking,0.00,0,0,0,0,0
1779913999917,-1469,15654,-4210,-100,-369,-225,walking,0.00,0,0,0,0,0
1779913999918,-1360,15894,-4434,-128,-355,-227,walking,0.00,0,0,0,0,0
1779913999947,-1348,16167,-4586,-111,-340,-213,walking,0.00,0,0,0,0,0
1779913999948,-1452,16137,-4606,-55,-329,-192,walking,0.00,0,0,0,0,0
1779913999949,-1498,15913,-4615,5,-329,-164,walking,0.00,0,0,0,0,0
1779913999979,-1335,15711,-4666,55,-339,-126,walking,0.00,0,0,0,0,0
1779913999979,-1167,15562,-4748,97,-350,-90,walking,0.00,0,0,0,0,0
1779913999980,-1036,15397,-4875,123,-356,-61,walking,0.00,0,0,0,0,0
1779914000007,-1042,15262,-5078,134,-358,-36,walking,0.00,0,0,0,0,0
1779914000008,-1188,15171,-5208,135,-359,-15,walking,0.00,0,0,0,0,0
1779914000009,-1345,15128,-5217,137,-362,9,walking,0.00,0,0,0,0,0
1779914000040,-1472,15110,-5230,130,-365,38,walking,0.00,0,0,0,0,0
1779914000041,-1475,15112,-5253,115,-372,70,walking,0.00,0,0,0,0,0
1779914000042,-1445,15178,-5310,104,-383,95,walking,0.00,0,0,0,0,0
1779914000067,-1449,15203,-5347,101,-389,104,walking,0.00,0,0,0,0,0
1779914000072,-1618,15071,-5287,109,-384,100,walking,0.00,0,0,0,0,0
1779914000072,-1535,14932,-5265,85,-370,93,walking,0.00,0,0,0,0,0
1779914000099,-1436,15010,-5292,59,-366,82,walking,0.00,0,0,0,0,0
1779914000100,-1653,15047,-5402,42,-370,68,walking,0.00,0,0,0,0,0
1779914000100,-1588,14951,-5469,33,-375,61,walking,0.00,0,0,0,0,0
1779914000129,-1335,14890,-5505,4,-391,63,walking,0.00,0,0,0,0,0
1779914000130,-1150,14842,-5544,-40,-419,62,walking,0.00,0,0,0,0,0
1779914000131,-1065,14838,-5656,-72,-446,62,walking,0.00,0,0,0,0,0
1779914000157,-869,14655,-5693,-86,-472,66,walking,0.00,0,0,0,0,0
1779914000158,-607,14436,-5590,-98,-494,73,walking,0.00,0,0,0,0,0
1779914000159,-260,14336,-5470,-114,-515,86,walking,0.00,0,0,0,0,0
1779914000187,-61,14286,-5317,-128,-540,99,walking,0.00,0,0,0,0,0
1779914000188,-25,14294,-5115,-137,-570,109,walking,0.00,0,0,0,0,0
1779914000189,-159,14294,-5067,-143,-596,127,walking,0.00,0,0,0,0,0
1779914000217,-404,14122,-5165,-144,-626,162,walking,0.00,0,0,0,0,0
1779914000217,-535,13858,-5174,-140,-649,195,walking,0.00,0,0,0,0,0
1779914000218,-380,13613,-5049,-147,-660,224,walking,0.00,0,0,0,0,0
1779914000248,-217,13667,-4935,-175,-673,261,walking,0.00,0,0,0,0,0
1779914000248,-416,13927,-4788,-196,-693,293,walking,0.00,0,0,0,0,0
1779914000249,-795,14184,-4625,-189,-706,311,walking,0.00,0,0,0,0,0
1779914000279,-1021,14365,-4440,-159,-722,322,walking,0.00,0,0,0,0,0
1779914000280,-1168,14616,-4279,-143,-745,325,walking,0.00,0,0,0,0,0
1779914000280,-1273,14909,-4076,-148,-771,321,walking,0.00,0,0,0,0,0
1779914000307,-1218,15096,-3990,-162,-795,321,walking,0.00,0,0,0,0,0
1779914000307,-1195,15332,-4028,-184,-825,325,walking,0.00,0,0,0,0,0
1779914000308,-1370,15604,-4057,-214,-855,336,walking,0.00,0,0,0,0,0
1779914000339,-1382,15820,-4055,-232,-866,346,walking,0.00,0,0,0,0,0
1779914000340,-1187,16001,-3933,-241,-861,349,walking,0.00,0,0,0,0,0
1779914000341,-964,16286,-3768,-243,-839,341,walking,0.00,0,0,0,0,0
1779914000367,-760,16469,-3486,-215,-804,324,walking,0.00,0,0,0,0,0
1779914000374,-560,16443,-3259,-176,-766,305,walking,0.00,0,0,0,0,0
1779914000374,-443,16229,-3019,-150,-744,291,walking,0.00,0,0,0,0,0
1779914000398,-409,16254,-2884,-156,-734,290,walking,0.00,0,0,0,0,0
1779914000398,-438,16259,-2941,-148,-722,301,walking,0.00,0,0,0,0,0
1779914000399,-482,16254,-2874,-100,-700,321,walking,0.00,0,0,0,0,0
1779914000429,-521,16093,-2857,-43,-667,342,walking,0.00,0,0,0,0,0
1779914000430,-552,15895,-2829,-24,-630,350,walking,0.00,0,0,0,0,0
1779914000431,-622,16090,-2722,-39,-597,342,walking,0.00,0,0,0,0,0
1779914000457,-631,16526,-2647,-50,-554,313,walking,0.00,0,0,0,0,0
1779914000458,-701,16948,-2457,-46,-507,275,walking,0.00,0,0,0,0,0
1779914000459,-1050,17255,-2413,-50,-468,237,walking,0.00,0,0,0,0,0
1779914000487,-1415,17438,-2397,-53,-436,206,walking,0.00,0,0,0,0,0
1779914000488,-1705,17429,-2460,-57,-416,186,walking,0.00,0,0,0,0,0
1779914000489,-1841,17127,-2625,-66,-403,169,walking,0.00,0,0,0,0,0
1779914000520,-1690,16581,-2787,-85,-392,149,walking,0.00,0,0,0,0,0
1779914000521,-1367,15979,-2886,-121,-387,123,walking,0.00,0,0,0,0,0
1779914000522,-975,15669,-2925,-186,-386,81,walking,0.00,0,0,0,0,0
1779914000549,-553,15614,-3041,-251,-381,32,walking,0.00,0,0,0,0,0
1779914000549,-263,15851,-3060,-266,-366,-7,walking,0.00,0,0,0,0,0
1779914000550,28,16130,-2925,-242,-343,-35,walking,0.00,0,0,0,0,0
1779914000578,185,16195,-2850,-193,-326,-49,walking,0.00,0,0,0,0,0
1779914000579,417,15803,-2692,-107,-286,-40,walking,0.00,0,0,0,0,0
1779914000579,638,15592,-2746,-89,-270,-29,walking,0.00,0,0,0,0,0
1779914000607,725,15337,-2711,-75,-261,-11,walking,0.00,0,0,0,0,0
1779914000608,1014,15148,-2646,-79,-244,-2,walking,0.00,0,0,0,0,0
1779914000608,1285,15173,-2492,-85,-229,8,walking,0.00,0,0,0,0,0
1779914000639,1387,15223,-2244,-79,-212,13,walking,0.00,0,0,0,0,0
1779914000640,1406,15249,-1973,-72,-190,18,walking,0.00,0,0,0,0,0
1779914000641,1347,15293,-1736,-68,-172,27,walking,0.00,0,0,0,0,0
1779914000670,1241,15396,-1519,-71,-152,34,walking,0.00,0,0,0,0,0
1779914000670,1079,15513,-1347,-84,-133,40,walking,0.00,0,0,0,0,0
1779914000671,832,15549,-1307,-104,-117,42,walking,0.00,0,0,0,0,0
1779914000707,729,15506,-1281,-121,-100,40,walking,0.00,0,0,0,0,0
1779914000708,689,15390,-1119,-147,-80,36,walking,0.00,0,0,0,0,0
1779914000709,755,15405,-1027,-181,-55,35,walking,0.00,0,0,0,0,0
1779914000728,896,15436,-994,-213,-35,36,walking,0.00,0,0,0,0,0
1779914000729,1001,15601,-1068,-237,-20,33,walking,0.00,0,0,0,0,0
1779914000729,1121,15802,-1072,-255,-2,31,walking,0.00,0,0,0,0,0
1779914000757,1036,16036,-1125,-274,12,34,walking,0.00,0,0,0,0,0
1779914000757,990,16292,-1210,-291,35,38,walking,0.00,0,0,0,0,0
1779914000758,932,16580,-1253,-285,64,43,walking,0.00,0,0,0,0,0
1779914000788,1009,16481,-1244,-265,93,43,walking,0.00,0,0,0,0,0
1779914000789,1115,16465,-1153,-254,114,43,walking,0.00,0,0,0,0,0
1779914000789,1186,16508,-1155,-258,132,33,walking,0.00,0,0,0,0,0
1779914000820,1107,16554,-1211,-257,147,32,walking,0.00,0,0,0,0,0
1779914000821,850,16656,-1219,-257,161,38,walking,0.00,0,0,0,0,0
1779914000821,779,16808,-1223,-260,185,39,walking,0.00,0,0,0,0,0
1779914000847,679,16893,-1223,-261,217,30,walking,0.00,0,0,0,0,0
1779914000848,443,16887,-1275,-255,254,11,walking,0.00,0,0,0,0,0
1779914000848,129,16749,-1309,-258,284,-3,walking,0.00,0,0,0,0,0
1779914000879,-36,16655,-1383,-283,299,-9,walking,0.00,0,0,0,0,0
1779914000879,-213,16528,-1460,-316,302,-16,walking,0.00,0,0,0,0,0
1779914000880,-227,16655,-1584,-335,310,-33,walking,0.00,0,0,0,0,0
1779914000907,-118,17003,-1646,-343,331,-62,walking,0.00,0,0,0,0,0
1779914000907,-102,17364,-1710,-334,355,-93,walking,0.00,0,0,0,0,0
1779914000908,-177,17700,-1803,-312,380,-112,walking,0.00,0,0,0,0,0
1779914000937,-417,17976,-1834,-287,397,-118,walking,0.00,0,0,0,0,0
1779914000938,-693,18081,-1827,-253,405,-123,walking,0.00,0,0,0,0,0
1779914000939,-935,18010,-1869,-216,403,-129,walking,0.00,0,0,0,0,0
1779914000970,-1044,17821,-2047,-193,399,-142,walking,0.00,0,0,0,0,0
1779914000972,-1122,17602,-2116,-194,393,-158,walking,0.00,0,0,0,0,0
1779914000973,-1049,17434,-2332,-215,385,-162,walking,0.00,0,0,0,0,0
1779914000997,-1020,17364,-2592,-243,373,-158,walking,0.00,0,0,0,0,0
1779914000997,-1067,17239,-2719,-255,363,-149,walking,0.00,0,0,0,0,0
1779914000998,-830,17033,-2815,-247,356,-135,walking,0.00,0,0,0,0,0
1779914001031,-448,16744,-2956,-230,343,-114,walking,0.00,0,0,0,0,0
1779914001032,-330,16559,-3023,-202,324,-84,walking,0.00,0,0,0,0,0
1779914001032,-313,16411,-3097,-165,299,-51,walking,0.00,0,0,0,0,0
1779914001057,-241,16261,-3225,-132,272,-17,walking,0.00,0,0,0,0,0
1779914001058,-385,16332,-3406,-99,241,23,walking,0.00,0,0,0,0,0
1779914001059,-602,16356,-3450,-56,216,50,walking,0.00,0,0,0,0,0
1779914001089,-691,16391,-3324,-20,206,69,walking,0.00,0,0,0,0,0
1779914001090,-749,16445,-3473,-12,194,82,walking,0.00,0,0,0,0,0
1779914001090,-913,16580,-3487,5,188,98,walking,0.00,0,0,0,0,0
1779914001120,-924,16716,-3381,35,185,114,walking,0.00,0,0,0,0,0
1779914001120,-991,16789,-3486,52,174,125,walking,0.00,0,0,0,0,0
1779914001121,-984,16685,-3574,85,156,148,walking,0.00,0,0,0,0,0
1779914001147,-984,16448,-3653,127,137,165,walking,0.00,0,0,0,0,0
1779914001147,-1097,16132,-3737,152,116,165,walking,0.00,0,0,0,0,0
1779914001148,-992,15804,-3838,162,105,165,walking,0.00,0,0,0,0,0
1779914001177,-909,15585,-3816,169,104,167,walking,0.00,0,0,0,0,0
1779914001178,-814,15385,-3777,150,110,168,walking,0.00,0,0,0,0,0
1779914001179,-627,15486,-3868,137,119,170,walking,0.00,0,0,0,0,0
1779914001207,-738,15502,-3909,171,130,178,walking,0.00,0,0,0,0,0
1779914001207,-624,15243,-3962,234,148,193,walking,0.00,0,0,0,0,0
1779914001208,-497,14992,-3967,282,168,212,walking,0.00,0,0,0,0,0
1779914001237,-537,14774,-4028,314,183,224,walking,0.00,0,0,0,0,0
1779914001238,-523,14593,-4106,336,199,216,walking,0.00,0,0,0,0,0
1779914001238,-464,14425,-4184,355,218,202,walking,0.00,0,0,0,0,0
1779914001270,-332,14196,-4240,376,230,181,walking,0.00,0,0,0,0,0
1779914001270,-212,14007,-4305,385,240,152,walking,0.00,0,0,0,0,0
1779914001271,5,13902,-4296,378,240,116,walking,0.00,0,0,0,0,0
1779914001298,107,13814,-4271,351,231,74,walking,0.00,0,0,0,0,0
1779914001299,246,13782,-4282,323,213,31,walking,0.00,0,0,0,0,0
1779914001299,345,13796,-4356,299,193,-15,walking,0.00,0,0,0,0,0
1779914001333,342,13711,-4218,279,162,-61,walking,0.00,0,0,0,0,0
1779914001334,574,13837,-4101,224,139,-110,walking,0.00,0,0,0,0,0
1779914001337,707,14066,-4036,184,113,-140,walking,0.00,0,0,0,0,0
1779914001364,784,14375,-3898,193,79,-161,walking,0.00,0,0,0,0,0
1779914001364,839,14600,-3729,203,51,-203,walking,0.00,0,0,0,0,0
1779914001365,1124,14749,-3675,214,39,-241,walking,0.00,0,0,0,0,0
1779914001387,1354,14634,-3673,229,24,-252,walking,0.00,0,0,0,0,0
1779914001388,1373,14676,-3697,228,-3,-254,walking,0.00,0,0,0,0,0
1779914001389,1411,14472,-3748,237,-33,-265,walking,0.00,0,0,0,0,0
1779914001418,1643,14202,-3732,250,-63,-269,walking,0.00,0,0,0,0,0
1779914001419,1941,14215,-3773,243,-106,-262,walking,0.00,0,0,0,0,0
1779914001420,2070,14137,-3976,205,-150,-263,walking,0.00,0,0,0,0,0
1779914001449,2121,14524,-4044,173,-179,-272,walking,0.00,0,0,0,0,0
1779914001453,2123,15050,-3990,179,-195,-263,walking,0.00,0,0,0,0,0
1779914001453,2130,15110,-4028,213,-201,-241,walking,0.00,0,0,0,0,0
1779914001478,1908,15110,-3865,248,-207,-205,walking,0.00,0,0,0,0,0
1779914001479,1921,14803,-3890,268,-216,-163,walking,0.00,0,0,0,0,0
1779914001479,1770,14520,-3809,244,-249,-124,walking,0.00,0,0,0,0,0
1779914001506,1894,14852,-3758,182,-282,-92,walking,0.00,0,0,0,0,0
1779914001507,1882,15069,-3697,130,-314,-71,walking,0.00,0,0,0,0,0
1779914001508,1561,15751,-3762,91,-335,-52,walking,0.00,0,0,0,0,0
1779914001537,1143,15928,-3858,109,-339,-26,walking,0.00,0,0,0,0,0
1779914001538,725,16188,-3797,126,-328,3,walking,0.00,0,0,0,0,0
1779914001539,447,16117,-3763,115,-305,29,walking,0.00,0,0,0,0,0
1779914001569,336,16217,-3667,96,-278,60,walking,0.00,0,0,0,0,0
1779914001570,333,16103,-3435,67,-256,90,walking,0.00,0,0,0,0,0
1779914001570,271,16002,-3236,4,-252,104,walking,0.00,0,0,0,0,0
1779914001597,175,16200,-3209,-81,-261,111,walking,0.00,0,0,0,0,0
1779914001598,-39,16453,-3118,-140,-281,113,walking,0.00,0,0,0,0,0
1779914001599,-243,16663,-3017,-184,-305,116,walking,0.00,0,0,0,0,0
1779914001630,-455,16834,-3072,-248,-324,122,walking,0.00,0,0,0,0,0
1779914001630,-575,17106,-3008,-312,-324,125,walking,0.00,0,0,0,0,0
1779914001631,-530,17437,-2783,-369,-319,120,walking,0.00,0,0,0,0,0
1779914001659,-613,17793,-2809,-435,-318,105,walking,0.00,0,0,0,0,0
1779914001662,-613,18143,-2623,-474,-313,75,walking,0.00,0,0,0,0,0
1779914001662,-564,18480,-2428,-511,-314,44,walking,0.00,0,0,0,0,0
1779914001688,-583,18888,-2329,-548,-327,17,walking,0.00,0,0,0,0,0
1779914001689,-738,19342,-2356,-568,-350,0,walking,0.00,0,0,0,0,0
1779914001690,-902,19475,-2523,-531,-373,-5,walking,0.00,0,0,0,0,0
1779914001719,-1081,19062,-2566,-445,-396,3,walking,0.00,0,0,0,0,0
1779914001720,-692,17220,-2319,-260,-448,75,walking,0.00,0,0,0,0,0
1779914001720,-284,16546,-2058,-221,-477,104,walking,0.00,0,0,0,0,0
1779914001748,174,16340,-1862,-199,-499,117,walking,0.00,0,0,0,0,0
1779914001749,341,16664,-1615,-158,-510,118,walking,0.00,0,0,0,0,0
1779914001750,40,17110,-1249,-72,-509,113,walking,0.00,0,0,0,0,0
1779914001778,-214,17343,-904,22,-496,107,walking,0.00,0,0,0,0,0
1779914001778,-422,17571,-629,97,-477,94,walking,0.00,0,0,0,0,0
1779914001779,-662,17753,-391,165,-466,71,walking,0.00,0,0,0,0,0
1779914001811,-853,17768,-177,227,-460,44,walking,0.00,0,0,0,0,0
1779914001811,-984,17382,-58,270,-455,5,walking,0.00,0,0,0,0,0
1779914001812,-1132,16847,-90,262,-454,-30,walking,0.00,0,0,0,0,0
1779914001837,-1530,16327,-61,188,-457,-59,walking,0.00,0,0,0,0,0
1779914001838,-1803,16073,-22,92,-436,-99,walking,0.00,0,0,0,0,0
1779914001839,-1423,15971,15,9,-392,-160,walking,0.00,0,0,0,0,0
1779914001868,-1073,15738,14,-47,-347,-226,walking,0.00,0,0,0,0,0
1779914001869,-952,15269,35,-79,-310,-284,walking,0.00,0,0,0,0,0
1779914001870,-851,14900,-37,-119,-285,-316,walking,0.00,0,0,0,0,0
1779914001896,-540,15014,-174,-157,-276,-314,walking,0.00,0,0,0,0,0
1779914001897,-465,14628,-425,-164,-282,-297,walking,0.00,0,0,0,0,0
1779914001897,-165,14088,-678,-153,-290,-277,walking,0.00,0,0,0,0,0
1779914001927,165,13871,-781,-141,-302,-266,walking,0.00,0,0,0,0,0
1779914001928,395,13640,-952,-142,-317,-257,walking,0.00,0,0,0,0,0
1779914001929,710,13685,-1072,-140,-331,-248,walking,0.00,0,0,0,0,0
1779914001959,965,13903,-1066,-114,-343,-232,walking,0.00,0,0,0,0,0
1779914001959,1099,14013,-1219,-80,-350,-203,walking,0.00,0,0,0,0,0
1779914001960,1060,14171,-1251,-14,-355,-167,walking,0.00,0,0,0,0,0
1779914001987,1043,14124,-1215,57,-355,-129,walking,0.00,0,0,0,0,0
1779914001988,1123,13974,-1120,110,-355,-83,walking,0.00,0,0,0,0,0
1779914001989,1129,13948,-943,137,-361,-40,walking,0.00,0,0,0,0,0
1779914002021,1139,14017,-928,154,-371,0,walking,0.00,0,0,0,0,0
1779914002022,1069,14059,-715,179,-376,30,walking,0.00,0,0,0,0,0
1779914002023,999,14060,-560,170,-379,59,walking,0.00,0,0,0,0,0
1779914002051,817,14243,-601,133,-385,96,walking,0.00,0,0,0,0,0
1779914002052,540,14837,-585,119,-387,126,walking,0.00,0,0,0,0,0
1779914002053,379,15122,-651,126,-380,142,walking,0.00,0,0,0,0,0
1779914002077,285,15338,-662,161,-375,152,walking,0.00,0,0,0,0,0
1779914002078,-22,15514,-695,190,-367,156,walking,0.00,0,0,0,0,0
1779914002079,-44,15621,-875,202,-350,156,walking,0.00,0,0,0,0,0
1779914002110,-85,15778,-923,208,-333,154,walking,0.00,0,0,0,0,0
1779914002111,-599,15893,-1022,181,-326,148,walking,0.00,0,0,0,0,0
1779914002112,-930,16087,-1209,156,-291,146,walking,0.00,0,0,0,0,0
1779914002138,-1073,16357,-1007,126,-242,134,walking,0.00,0,0,0,0,0
1779914002139,-1363,16608,-970,67,-191,106,walking,0.00,0,0,0,0,0
1779914002140,-1412,16916,-1105,24,-138,85,walking,0.00,0,0,0,0,0
1779914002167,-1461,17328,-1195,8,-111,59,walking,0.00,0,0,0,0,0
1779914002168,-1617,17641,-1357,-4,-103,26,walking,0.00,0,0,0,0,0
1779914002169,-1778,18210,-1451,-11,-91,-10,walking,0.00,0,0,0,0,0
1779914002197,-1929,18540,-1623,-38,-72,-45,walking,0.00,0,0,0,0,0
1779914002198,-2079,18989,-1820,-76,-48,-61,walking,0.00,0,0,0,0,0
1779914002202,-2373,19451,-2073,-90,-20,-72,walking,0.00,0,0,0,0,0
1779914002231,-2432,19571,-2164,-85,13,-86,walking,0.00,0,0,0,0,0
1779914002231,-2317,19518,-2238,-64,46,-105,walking,0.00,0,0,0,0,0
1779914002232,-2135,19472,-2263,-42,71,-130,walking,0.00,0,0,0,0,0
1779914002260,-2096,19509,-2319,-11,92,-151,walking,0.00,0,0,0,0,0
1779914002261,-2119,19547,-2359,23,103,-170,walking,0.00,0,0,0,0,0
1779914002261,-2161,19651,-2430,65,110,-185,walking,0.00,0,0,0,0,0
1779914002288,-2137,19641,-2378,112,112,-209,walking,0.00,0,0,0,0,0
1779914002292,-2115,19607,-2307,134,114,-240,walking,0.00,0,0,0,0,0
1779914002292,-2168,19408,-2308,137,116,-273,walking,0.00,0,0,0,0,0
1779914002318,-2218,19235,-2433,132,114,-302,walking,0.00,0,0,0,0,0
1779914002319,-2258,18859,-2565,125,106,-326,walking,0.00,0,0,0,0,0
1779914002320,-2349,17879,-2770,114,81,-323,walking,0.00,0,0,0,0,0
1779914002347,-2304,16781,-2940,87,45,-268,walking,0.00,0,0,0,0,0
1779914002348,-2030,15727,-2927,53,10,-172,walking,0.00,0,0,0,0,0
1779914002349,-1596,14872,-2842,14,-21,-44,walking,0.00,0,0,0,0,0
1779914002378,-1271,14495,-2854,-14,-47,85,walking,0.00,0,0,0,0,0
1779914002379,-1263,14604,-2952,-18,-61,185,walking,0.00,0,0,0,0,0
1779914002380,-1649,15074,-2970,45,-51,246,walking,0.00,0,0,0,0,0
1779914002411,-2099,15635,-2864,161,-13,278,walking,0.00,0,0,0,0,0
1779914002412,-2542,15846,-2696,288,37,298,walking,0.00,0,0,0,0,0
1779914002412,-2938,15867,-2395,391,88,313,walking,0.00,0,0,0,0,0
1779914002437,-3092,15905,-2218,434,137,325,walking,0.00,0,0,0,0,0
1779914002438,-3251,15885,-2032,451,170,337,walking,0.00,0,0,0,0,0
1779914002439,-3307,15560,-1866,437,192,342,walking,0.00,0,0,0,0,0
1779914002470,-3125,15019,-1709,386,207,331,walking,0.00,0,0,0,0,0
1779914002470,-2814,14537,-1670,304,218,303,walking,0.00,0,0,0,0,0
1779914002471,-2392,14218,-1645,199,226,258,walking,0.00,0,0,0,0,0
1779914002496,-2008,13932,-1711,103,234,206,walking,0.00,0,0,0,0,0
1779914002497,-1796,13312,-1813,5,242,148,walking,0.00,0,0,0,0,0
1779914002497,-1528,13566,-1927,-116,250,112,walking,0.00,0,0,0,0,0
1779914002526,-1303,14324,-2059,-181,257,100,walking,0.00,0,0,0,0,0
1779914002527,-1435,14470,-2192,-139,260,101,walking,0.00,0,0,0,0,0
1779914002528,-1097,13963,-2393,-68,285,111,walking,0.00,0,0,0,0,0
1779914002561,-612,13653,-2668,1,311,113,walking,0.00,0,0,0,0,0
1779914002562,-108,12976,-2780,59,327,106,walking,0.00,0,0,0,0,0
1779914002563,295,12292,-2893,37,318,85,walking,0.00,0,0,0,0,0
1779914002587,704,12465,-3061,-60,293,50,walking,0.00,0,0,0,0,0
1779914002588,696,13243,-3414,-137,251,24,walking,0.00,0,0,0,0,0
1779914002588,741,13901,-3665,-134,216,3,walking,0.00,0,0,0,0,0
1779914002620,994,14483,-3874,-83,191,-17,walking,0.00,0,0,0,0,0
1779914002621,1115,14947,-4021,-2,152,-37,walking,0.00,0,0,0,0,0
1779914002622,1209,15049,-4164,90,102,-46,walking,0.00,0,0,0,0,0
1779914002647,1142,14691,-4361,150,44,-40,walking,0.00,0,0,0,0,0
1779914002651,1053,14476,-4391,154,-23,-17,walking,0.00,0,0,0,0,0
1779914002652,1111,14512,-4459,114,-96,14,walking,0.00,0,0,0,0,0
1779914002688,1115,14705,-4679,77,-155,48,walking,0.00,0,0,0,0,0
1779914002688,970,15119,-4744,79,-188,83,walking,0.00,0,0,0,0,0
1779914002689,790,15588,-4587,126,-188,115,walking,0.00,0,0,0,0,0
1779914002709,639,15695,-4237,189,-160,155,walking,0.00,0,0,0,0,0
1779914002710,641,15793,-3799,226,-123,213,walking,0.00,0,0,0,0,0
1779914002711,649,15908,-3281,234,-88,281,walking,0.00,0,0,0,0,0
1779914002737,512,15861,-2850,214,-63,353,walking,0.00,0,0,0,0,0
1779914002738,368,15648,-2464,172,-49,442,walking,0.00,0,0,0,0,0
1779914002739,239,15521,-2056,103,-33,535,walking,0.00,0,0,0,0,0
1779914002768,56,15505,-2027,-4,-6,607,walking,0.00,0,0,0,0,0
1779914002769,-59,15473,-1838,-95,28,654,walking,0.00,0,0,0,0,0
1779914002770,-95,15645,-1636,-187,68,689,walking,0.00,0,0,0,0,0
1779914002803,-122,15981,-1714,-284,108,703,walking,0.00,0,0,0,0,0
1779914002804,-358,16350,-1774,-355,144,689,walking,0.00,0,0,0,0,0
1779914002804,-584,16745,-1832,-406,176,654,walking,0.00,0,0,0,0,0
1779914002828,-735,17060,-1856,-477,194,600,walking,0.00,0,0,0,0,0
1779914002829,-683,17626,-1922,-579,201,545,walking,0.00,0,0,0,0,0
1779914002829,-595,18401,-2058,-695,199,488,walking,0.00,0,0,0,0,0
1779914002859,-656,19585,-2831,-794,165,336,walking,0.00,0,0,0,0,0
1779914002859,-286,19550,-2986,-716,149,254,walking,0.00,0,0,0,0,0
1779914002860,389,18833,-3069,-620,123,193,walking,0.00,0,0,0,0,0
1779914002888,991,17791,-3171,-567,76,142,walking,0.00,0,0,0,0,0
1779914002888,1494,17342,-3294,-545,17,112,walking,0.00,0,0,0,0,0
1779914002888,1920,17206,-3382,-469,-38,98,walking,0.00,0,0,0,0,0
1779914002917,2129,16736,-3063,-364,-92,66,walking,0.00,0,0,0,0,0
1779914002920,2405,16592,-2643,-302,-131,16,walking,0.00,0,0,0,0,0
1779914002921,2684,17021,-2355,-242,-147,-22,walking,0.00,0,0,0,0,0
1779914002946,2752,17653,-2043,-128,-147,-48,walking,0.00,0,0,0,0,0
1779914002947,2494,18132,-1661,28,-137,-78,walking,0.00,0,0,0,0,0
1779914002951,2166,18165,-1314,195,-121,-113,walking,0.00,0,0,0,0,0
1779914002978,1915,17813,-1091,315,-106,-142,walking,0.00,0,0,0,0,0
1779914002978,1654,17672,-922,360,-102,-161,walking,0.00,0,0,0,0,0
1779914002979,1098,17695,-856,365,-108,-187,walking,0.00,0,0,0,0,0
1779914003012,536,17568,-782,351,-116,-232,walking,0.00,0,0,0,0,0
1779914003012,257,17497,-589,311,-116,-274,walking,0.00,0,0,0,0,0
1779914003013,192,17521,-538,263,-105,-300,walking,0.00,0,0,0,0,0
1779914003039,213,16936,-592,248,-95,-307,walking,0.00,0,0,0,0,0
1779914003043,355,15976,-617,249,-99,-311,walking,0.00,0,0,0,0,0
1779914003043,815,14695,-713,219,-112,-328,walking,0.00,0,0,0,0,0
1779914003078,1344,13456,-1048,152,-139,-346,walking,0.00,0,0,0,0,0
1779914003078,1661,12704,-1168,66,-177,-360,walking,0.00,0,0,0,0,0
1779914003079,1818,12756,-1231,-32,-219,-354,walking,0.00,0,0,0,0,0
1779914003097,1837,13041,-1606,-76,-253,-313,walking,0.00,0,0,0,0,0
1779914003097,1688,13200,-1683,-29,-268,-250,walking,0.00,0,0,0,0,0
1779914003100,1667,13092,-1640,54,-261,-181,walking,0.00,0,0,0,0,0
1779914003126,1831,12862,-1481,148,-247,-112,walking,0.00,0,0,0,0,0
1779914003126,2069,12691,-1213,230,-236,-57,walking,0.00,0,0,0,0,0
1779914003126,2270,12521,-1068,284,-228,-16,walking,0.00,0,0,0,0,0
1779914003156,2283,12234,-911,313,-218,17,walking,0.00,0,0,0,0,0
1779914003156,2095,12658,-736,297,-216,55,walking,0.00,0,0,0,0,0
1779914003157,1729,13028,-648,300,-200,85,walking,0.00,0,0,0,0,0
1779914003185,1656,13198,-564,298,-173,125,walking,0.00,0,0,0,0,0
1779914003185,1376,13643,-396,298,-147,171,walking,0.00,0,0,0,0,0
1779914003186,1106,14119,-353,304,-117,195,walking,0.00,0,0,0,0,0
1779914003215,1015,14374,-315,317,-81,195,walking,0.00,0,0,0,0,0
1779914003215,998,14670,-371,334,-45,195,walking,0.00,0,0,0,0,0
1779914003215,562,14834,-596,335,-24,179,walking,0.00,0,0,0,0,0
1779914003245,243,15152,-728,336,4,152,walking,0.00,0,0,0,0,0
1779914003245,145,15281,-950,324,37,121,walking,0.00,0,0,0,0,0
1779914003245,38,15555,-1028,283,59,103,walking,0.00,0,0,0,0,0
1779914003275,-36,16261,-1157,231,73,81,walking,0.00,0,0,0,0,0
1779914003275,-127,16879,-1178,200,91,58,walking,0.00,0,0,0,0,0
1779914003275,-266,17655,-1266,177,106,44,walking,0.00,0,0,0,0,0
1779914003306,-678,18206,-1437,178,122,14,walking,0.00,0,0,0,0,0
1779914003306,-1205,18698,-1603,215,140,-15,walking,0.00,0,0,0,0,0
1779914003306,-1406,18625,-1638,236,158,-55,walking,0.00,0,0,0,0,0
1779914003335,-1451,18440,-1787,182,171,-93,walking,0.00,0,0,0,0,0
1779914003368,-1418,18621,-2073,78,175,-132,walking,0.00,0,0,0,0,0
1779914003369,-1446,18938,-2384,-8,171,-182,walking,0.00,0,0,0,0,0
1779914003369,-1267,19204,-2533,-48,174,-226,walking,0.00,0,0,0,0,0
1779914003369,-935,19448,-2739,-62,186,-254,walking,0.00,0,0,0,0,0
1779914003369,-751,19839,-2752,-41,211,-273,walking,0.00,0,0,0,0,0
1779914003395,-489,20232,-2648,10,254,-296,walking,0.00,0,0,0,0,0
1779914003397,-449,20500,-2715,75,298,-330,walking,0.00,0,0,0,0,0
1779914003397,-589,20524,-2834,134,331,-388,walking,0.00,0,0,0,0,0
1779914003424,-821,20279,-2970,154,338,-454,walking,0.00,0,0,0,0,0
1779914003425,-922,19514,-3301,125,309,-500,walking,0.00,0,0,0,0,0
1779914003425,-1061,18354,-3758,66,252,-515,walking,0.00,0,0,0,0,0
1779914003458,-956,16432,-4233,-22,170,-481,walking,0.00,0,0,0,0,0
1779914003458,-708,14821,-4670,-145,64,-387,walking,0.00,0,0,0,0,0
1779914003458,-272,14012,-4873,-275,-35,-271,walking,0.00,0,0,0,0,0
1779914003484,95,14120,-5085,-366,-112,-166,walking,0.00,0,0,0,0,0
1779914003485,-25,15098,-5048,-355,-154,-86,walking,0.00,0,0,0,0,0
1779914003485,-472,16168,-4903,-226,-141,-35,walking,0.00,0,0,0,0,0
1779914003515,-1194,16715,-4744,-8,-112,15,walking,0.00,0,0,0,0,0
1779914003515,-2001,16599,-4590,219,-79,53,walking,0.00,0,0,0,0,0
1779914003515,-2409,15888,-4086,376,-29,59,walking,0.00,0,0,0,0,0
1779914003547,-2460,15359,-3494,401,25,64,walking,0.00,0,0,0,0,0
1779914003548,-2397,15002,-3236,321,56,59,walking,0.00,0,0,0,0,0
1779914003548,-2397,14746,-3138,203,65,21,walking,0.00,0,0,0,0,0
1779914003574,-2251,14482,-3056,81,65,-29,walking,0.00,0,0,0,0,0
1779914003575,-1938,14264,-2960,-36,62,-63,walking,0.00,0,0,0,0,0
1779914003575,-1620,14203,-2999,-151,53,-65,walking,0.00,0,0,0,0,0
1779914003611,-1365,14249,-3245,-209,44,-54,walking,0.00,0,0,0,0,0
1779914003611,-891,14119,-3426,-191,38,-48,walking,0.00,0,0,0,0,0
1779914003612,-465,13698,-3567,-130,36,-43,walking,0.00,0,0,0,0,0
1779914003640,-63,13169,-3796,-62,42,-34,walking,0.00,0,0,0,0,0
1779914003641,132,12747,-3886,-2,47,-18,walking,0.00,0,0,0,0,0
1779914003641,306,12512,-3872,23,55,0,walking,0.00,0,0,0,0,0
1779914003665,456,12414,-3916,33,71,24,walking,0.00,0,0,0,0,0
1779914003665,502,12493,-3941,49,83,52,walking,0.00,0,0,0,0,0
1779914003665,473,12580,-3902,69,96,69,walking,0.00,0,0,0,0,0
1779914003699,623,12533,-3856,89,111,79,walking,0.00,0,0,0,0,0
1779914003700,871,12391,-3832,96,127,90,walking,0.00,0,0,0,0,0
1779914003706,1102,12424,-3753,81,141,112,walking,0.00,0,0,0,0,0
1779914003726,1274,12430,-3688,47,146,135,walking,0.00,0,0,0,0,0
1779914003726,1471,12869,-3717,22,152,159,walking,0.00,0,0,0,0,0
1779914003727,1769,12934,-3812,9,160,167,walking,0.00,0,0,0,0,0
1779914003755,1721,13407,-3944,-12,147,177,walking,0.00,0,0,0,0,0
1779914003755,1958,13577,-4165,-9,143,195,walking,0.00,0,0,0,0,0
1779914003756,1957,13771,-4268,-1,122,209,walking,0.00,0,0,0,0,0
1779914003784,2150,14149,-4397,0,100,222,walking,0.00,0,0,0,0,0
1779914003785,2401,14342,-4500,-3,66,222,walking,0.00,0,0,0,0,0
1779914003785,2457,14571,-4576,-9,21,228,walking,0.00,0,0,0,0,0
1779914003814,2355,14769,-4814,-32,-24,251,walking,0.00,0,0,0,0,0
1779914003815,2288,15100,-4884,-47,-67,277,walking,0.00,0,0,0,0,0
1779914003815,2218,15434,-4791,-61,-106,297,walking,0.00,0,0,0,0,0
1779914003845,2202,15979,-4657,-86,-141,316,walking,0.00,0,0,0,0,0
1779914003845,1929,16768,-4487,-78,-168,343,walking,0.00,0,0,0,0,0
1779914003846,1620,17016,-4249,-35,-176,367,walking,0.00,0,0,0,0,0
1779914003875,1668,17107,-3945,-13,-184,401,walking,0.00,0,0,0,0,0
1779914003875,783,17295,-3541,-37,-230,412,walking,0.00,0,0,0,0,0
1779914003875,655,17505,-3347,-77,-256,399,walking,0.00,0,0,0,0,0
1779914003905,694,17783,-3275,-115,-285,388,walking,0.00,0,0,0,0,0
1779914003905,234,17848,-3201,-146,-339,360,walking,0.00,0,0,0,0,0
1779914003906,-135,17959,-2913,-231,-396,313,walking,0.00,0,0,0,0,0
1779914003935,-207,18859,-2727,-364,-429,259,walking,0.00,0,0,0,0,0
1779914003935,-348,19989,-2800,-456,-440,201,walking,0.00,0,0,0,0,0
1779914003935,-896,20920,-2867,-488,-452,131,walking,0.00,0,0,0,0,0
1779914003964,-1496,21267,-3078,-414,-464,46,walking,0.00,0,0,0,0,0
1779914003965,-1412,19895,-2928,-293,-446,-1,walking,0.00,0,0,0,0,0
1779914003965,-979,18715,-2904,-300,-438,-7,walking,0.00,0,0,0,0,0
1779914003994,-109,17157,-3129,-258,-432,9,walking,0.00,0,0,0,0,0
1779914003997,220,16841,-2846,-220,-436,8,walking,0.00,0,0,0,0,0
1779914003997,797,17082,-2623,-165,-420,-17,walking,0.00,0,0,0,0,0
1779914004028,1192,17424,-2459,-87,-396,-51,walking,0.00,0,0,0,0,0
1779914004028,736,17862,-2151,8,-388,-88,walking,0.00,0,0,0,0,0
1779914004029,324,18426,-1829,79,-379,-116,walking,0.00,0,0,0,0,0
1779914004055,-50,18674,-1658,132,-378,-132,walking,0.00,0,0,0,0,0
1779914004055,-434,18691,-1655,163,-384,-156,walking,0.00,0,0,0,0,0
1779914004056,-746,18828,-1598,194,-383,-179,walking,0.00,0,0,0,0,0
1779914004085,-858,18606,-1666,205,-361,-208,walking,0.00,0,0,0,0,0
1779914004085,-1394,18106,-1661,185,-339,-223,walking,0.00,0,0,0,0,0
1779914004085,-1838,17317,-1659,117,-308,-221,walking,0.00,0,0,0,0,0
1779914004115,-1696,16688,-1834,25,-272,-206,walking,0.00,0,0,0,0,0
1779914004115,-1693,16084,-1956,-40,-256,-216,walking,0.00,0,0,0,0,0
1779914004116,-1370,15390,-1986,-73,-231,-250,walking,0.00,0,0,0,0,0
1779914004147,-717,14656,-2107,-90,-210,-278,walking,0.00,0,0,0,0,0
1779914004148,-346,14108,-2230,-97,-211,-293,walking,0.00,0,0,0,0,0
1779914004148,-117,13695,-2448,-103,-223,-296,walking,0.00,0,0,0,0,0
1779914004176,23,13375,-2774,-103,-236,-278,walking,0.00,0,0,0,0,0
1779914004176,169,13174,-2909,-80,-245,-242,walking,0.00,0,0,0,0,0
1779914004177,376,12988,-2897,-49,-247,-196,walking,0.00,0,0,0,0,0
1779914004205,659,12706,-2889,-19,-243,-154,walking,0.00,0,0,0,0,0
1779914004206,1002,12768,-2930,32,-235,-118,walking,0.00,0,0,0,0,0
1779914004207,903,12622,-2785,102,-228,-82,walking,0.00,0,0,0,0,0
1779914004236,856,12377,-2775,168,-208,-44,walking,0.00,0,0,0,0,0
1779914004239,879,12240,-2643,227,-189,2,walking,0.00,0,0,0,0,0
1779914004239,750,12182,-2515,272,-172,50,walking,0.00,0,0,0,0,0
1779914004266,715,12107,-2369,323,-148,91,walking,0.00,0,0,0,0,0
1779914004266,763,11974,-2138,348,-125,122,walking,0.00,0,0,0,0,0
1779914004267,648,11979,-1998,327,-103,148,walking,0.00,0,0,0,0,0
1779914004297,486,12412,-1875,288,-75,176,walking,0.00,0,0,0,0,0
1779914004297,334,12955,-1729,276,-43,190,walking,0.00,0,0,0,0,0
1779914004297,285,13602,-1574,274,-6,199,walking,0.00,0,0,0,0,0
1779914004326,11,14254,-1537,280,31,199,walking,0.00,0,0,0,0,0
1779914004327,-310,14573,-1638,293,69,195,walking,0.00,0,0,0,0,0
1779914004327,-500,14845,-1831,296,108,197,walking,0.00,0,0,0,0,0
1779914004357,-417,15206,-1958,299,142,194,walking,0.00,0,0,0,0,0
1779914004358,-356,15719,-1860,299,171,176,walking,0.00,0,0,0,0,0
1779914004358,-354,16342,-1901,272,204,147,walking,0.00,0,0,0,0,0
1779914004386,-621,17283,-1912,253,234,121,walking,0.00,0,0,0,0,0
1779914004387,-1150,18255,-1911,246,268,94,walking,0.00,0,0,0,0,0
1779914004387,-1805,18892,-1966,256,307,61,walking,0.00,0,0,0,0,0
1779914004417,-2285,19197,-1958,273,343,31,walking,0.00,0,0,0,0,0
1779914004417,-2364,19123,-2032,259,377,-8,walking,0.00,0,0,0,0,0
1779914004418,-2146,18923,-2163,187,401,-55,walking,0.00,0,0,0,0,0
1779914004447,-1956,18737,-2465,97,400,-116,walking,0.00,0,0,0,0,0
1779914004447,-1811,18787,-2688,2,381,-188,walking,0.00,0,0,0,0,0
1779914004448,-1527,19116,-3045,-89,361,-274,walking,0.00,0,0,0,0,0
1779914004476,-1467,19751,-3172,-142,343,-350,walking,0.00,0,0,0,0,0
1779914004477,-1528,20408,-3287,-170,341,-408,walking,0.00,0,0,0,0,0
1779914004477,-1470,20940,-3606,-153,347,-456,walking,0.00,0,0,0,0,0
1779914004507,-1422,20997,-3560,-107,346,-505,walking,0.00,0,0,0,0,0
1779914004508,-1217,20601,-3577,-98,331,-558,walking,0.00,0,0,0,0,0
1779914004508,-1023,19832,-3914,-118,285,-584,walking,0.00,0,0,0,0,0
1779914004536,-1016,18379,-4362,-127,217,-567,walking,0.00,0,0,0,0,0
1779914004538,-803,16452,-4606,-139,130,-464,walking,0.00,0,0,0,0,0
1779914004538,-299,15200,-5009,-206,34,-318,walking,0.00,0,0,0,0,0
1779914004568,116,14585,-5267,-257,-52,-172,walking,0.00,0,0,0,0,0
1779914004569,311,14368,-5268,-238,-86,-73,walking,0.00,0,0,0,0,0
1779914004569,67,14924,-4958,-197,-83,5,walking,0.00,0,0,0,0,0
1779914004599,-687,16115,-4865,-140,-64,53,walking,0.00,0,0,0,0,0
1779914004599,-1746,17134,-4875,22,-20,74,walking,0.00,0,0,0,0,0
1779914004599,-2586,17106,-4537,227,41,70,walking,0.00,0,0,0,0,0
1779914004628,-2801,16752,-3929,332,97,68,walking,0.00,0,0,0,0,0
1779914004631,-2660,16404,-3602,307,123,83,walking,0.00,0,0,0,0,0
1779914004631,-2565,16053,-3497,228,125,86,walking,0.00,0,0,0,0,0
1779914004657,-2434,15615,-3396,131,115,68,walking,0.00,0,0,0,0,0
1779914004658,-2101,15218,-3277,15,106,30,walking,0.00,0,0,0,0,0
1779914004658,-1772,15092,-3203,-100,100,2,walking,0.00,0,0,0,0,0
1779914004686,-1623,14944,-3308,-169,104,-22,walking,0.00,0,0,0,0,0
1779914004687,-1346,14702,-3502,-184,121,-36,walking,0.00,0,0,0,0,0
1779914004688,-1110,14255,-3698,-164,140,-37,walking,0.00,0,0,0,0,0
1779914004717,-1000,13717,-3773,-116,154,-26,walking,0.00,0,0,0,0,0
1779914004717,-725,13215,-3796,-68,170,0,walking,0.00,0,0,0,0,0
1779914004718,-413,12805,-3953,-38,184,29,walking,0.00,0,0,0,0,0
1779914004747,-182,12563,-4002,1,193,63,walking,0.00,0,0,0,0,0
1779914004747,-61,12465,-3972,55,206,100,walking,0.00,0,0,0,0,0
1779914004747,61,12442,-3952,101,219,133,walking,0.00,0,0,0,0,0
1779914004776,135,12416,-3934,141,223,157,walking,0.00,0,0,0,0,0
1779914004777,221,12310,-3945,174,226,168,walking,0.00,0,0,0,0,0
1779914004777,219,12227,-3809,184,223,170,walking,0.00,0,0,0,0,0
1779914004808,154,12548,-3730,163,215,173,walking,0.00,0,0,0,0,0
1779914004808,347,12674,-3840,162,220,179,walking,0.00,0,0,0,0,0
1779914004809,479,12702,-3719,168,227,179,walking,0.00,0,0,0,0,0
1779914004836,603,12800,-3652,153,235,186,walking,0.00,0,0,0,0,0
1779914004838,790,13024,-3836,142,240,194,walking,0.00,0,0,0,0,0
1779914004839,981,13210,-3908,154,243,187,walking,0.00,0,0,0,0,0
1779914004866,1056,13351,-3917,152,234,175,walking,0.00,0,0,0,0,0
1779914004867,1147,13386,-4072,127,217,171,walking,0.00,0,0,0,0,0
1779914004867,1330,13637,-4124,84,197,171,walking,0.00,0,0,0,0,0
1779914004897,1445,13982,-4182,27,167,173,walking,0.00,0,0,0,0,0
1779914004897,1565,14282,-4286,-33,130,177,walking,0.00,0,0,0,0,0
1779914004898,1748,14647,-4362,-92,89,186,walking,0.00,0,0,0,0,0
1779914004926,1854,15114,-4424,-149,50,192,walking,0.00,0,0,0,0,0
1779914004927,1818,15565,-4412,-179,22,212,walking,0.00,0,0,0,0,0
1779914004927,1810,15884,-4363,-181,3,241,walking,0.00,0,0,0,0,0
1779914004956,1673,16075,-4281,-179,-15,260,walking,0.00,0,0,0,0,0
1779914004957,1408,16357,-4091,-194,-26,266,walking,0.00,0,0,0,0,0
1779914004957,1173,16801,-3929,-217,-23,262,walking,0.00,0,0,0,0,0
1779914004990,1079,17307,-3785,-248,-14,259,walking,0.00,0,0,0,0,0
1779914004990,722,17757,-3555,-280,-28,237,walking,0.00,0,0,0,0,0
1779914004991,357,18161,-3258,-347,-67,197,walking,0.00,0,0,0,0,0
1779914005018,182,18971,-3041,-454,-122,146,walking,0.00,0,0,0,0,0
1779914005018,-300,19979,-2947,-554,-177,79,walking,0.00,0,0,0,0,0
1779914005019,-775,20812,-3115,-610,-217,-7,walking,0.00,0,0,0,0,0
1779914005047,-1041,21114,-3176,-598,-240,-86,walking,0.00,0,0,0,0,0
1779914005047,-1018,20972,-3128,-571,-251,-142,walking,0.00,0,0,0,0,0
1779914005048,-900,20396,-3253,-570,-261,-169,walking,0.00,0,0,0,0,0
1779914005076,-989,19378,-3516,-546,-266,-162,walking,0.00,0,0,0,0,0
1779914005076,-697,18258,-3654,-485,-263,-120,walking,0.00,0,0,0,0,0
1779914005077,-151,17610,-3600,-419,-268,-71,walking,0.00,0,0,0,0,0
1779914005106,426,17439,-3577,-311,-271,-40,walking,0.00,0,0,0,0,0
1779914005106,945,16883,-3389,-183,-255,-24,walking,0.00,0,0,0,0,0
1779914005108,385,17517,-3085,-94,-252,-46,walking,0.00,0,0,0,0,0
1779914005138,178,18307,-2879,-28,-231,-59,walking,0.00,0,0,0,0,0
1779914005138,-214,18488,-2604,51,-221,-71,walking,0.00,0,0,0,0,0
1779914005139,-480,18490,-2313,111,-222,-78,walking,0.00,0,0,0,0,0
1779914005166,-648,18233,-2252,150,-223,-78,walking,0.00,0,0,0,0,0
1779914005167,-773,17849,-2288,170,-214,-77,walking,0.00,0,0,0,0,0
1779914005167,-1010,17369,-2198,174,-197,-84,walking,0.00,0,0,0,0,0
1779914005196,-1071,16813,-2124,154,-167,-92,walking,0.00,0,0,0,0,0
1779914005197,-900,16300,-2089,116,-132,-105,walking,0.00,0,0,0,0,0
1779914005198,-853,15640,-2035,75,-104,-127,walking,0.00,0,0,0,0,0
1779914005226,-709,14830,-2069,4,-89,-156,walking,0.00,0,0,0,0,0
1779914005226,-339,14536,-2175,-69,-82,-183,walking,0.00,0,0,0,0,0
1779914005227,-196,14000,-2343,-115,-94,-203,walking,0.00,0,0,0,0,0
1779914005257,-92,13583,-2595,-148,-111,-215,walking,0.00,0,0,0,0,0
1779914005257,33,13504,-2808,-146,-128,-214,walking,0.00,0,0,0,0,0
1779914005258,63,13297,-3016,-104,-138,-204,walking,0.00,0,0,0,0,0
1779914005289,230,12886,-3194,-22,-127,-181,walking,0.00,0,0,0,0,0
1779914005290,456,12437,-3229,46,-109,-144,walking,0.00,0,0,0,0,0
1779914005291,507,12188,-3129,74,-105,-127,walking,0.00,0,0,0,0,0
1779914005316,432,12316,-3056,114,-97,-92,walking,0.00,0,0,0,0,0
1779914005316,667,12368,-2926,187,-72,-51,walking,0.00,0,0,0,0,0
1779914005316,582,12036,-2695,231,-58,-26,walking,0.00,0,0,0,0,0
1779914005347,497,12144,-2684,240,-38,1,walking,0.00,0,0,0,0,0
1779914005347,630,12260,-2638,265,-9,28,walking,0.00,0,0,0,0,0
1779914005348,774,12346,-2457,298,11,50,walking,0.00,0,0,0,0,0
1779914005379,742,12418,-2283,303,22,67,walking,0.00,0,0,0,0,0
1779914005379,722,12905,-2232,294,35,84,walking,0.00,0,0,0,0,0
1779914005380,713,13131,-2184,292,61,104,walking,0.00,0,0,0,0,0
1779914005406,495,13431,-2104,271,76,111,walking,0.00,0,0,0,0,0
1779914005407,153,14440,-2138,250,93,116,walking,0.00,0,0,0,0,0
1779914005407,132,14695,-2220,309,131,103,walking,0.00,0,0,0,0,0
1779914005437,1,14769,-2090,358,161,91,walking,0.00,0,0,0,0,0
1779914005437,-203,14972,-2050,345,177,71,walking,0.00,0,0,0,0,0
1779914005438,-205,15513,-2177,304,189,54,walking,0.00,0,0,0,0,0
1779914005466,-411,16113,-2046,282,200,49,walking,0.00,0,0,0,0,0
1779914005466,-573,16820,-1952,255,216,47,walking,0.00,0,0,0,0,0
1779914005467,-792,17538,-1930,230,234,31,walking,0.00,0,0,0,0,0
1779914005495,-1132,18130,-1881,222,255,-6,walking,0.00,0,0,0,0,0
1779914005496,-1385,18489,-1964,210,278,-54,walking,0.00,0,0,0,0,0
1779914005496,-1499,18693,-1926,190,299,-104,walking,0.00,0,0,0,0,0
1779914005531,-1458,18847,-1905,134,314,-159,walking,0.00,0,0,0,0,0
1779914005532,-1368,18925,-2137,39,311,-210,walking,0.00,0,0,0,0,0
1779914005532,-1329,19033,-2380,-61,294,-261,walking,0.00,0,0,0,0,0
1779914005556,-1296,19306,-2575,-164,259,-312,walking,0.00,0,0,0,0,0
1779914005557,-1129,19796,-2699,-256,222,-360,walking,0.00,0,0,0,0,0
1779914005557,-980,20479,-2749,-306,199,-399,walking,0.00,0,0,0,0,0
1779914005587,-832,20966,-3008,-300,197,-416,walking,0.00,0,0,0,0,0
1779914005587,-928,21151,-3138,-234,202,-418,walking,0.00,0,0,0,0,0
1779914005588,-898,20969,-3114,-179,211,-420,walking,0.00,0,0,0,0,0
1779914005616,-844,20595,-3299,-162,207,-407,walking,0.00,0,0,0,0,0
1779914005617,-882,19336,-3585,-134,185,-367,walking,0.00,0,0,0,0,0
1779914005617,-754,17485,-3987,-137,147,-295,walking,0.00,0,0,0,0,0
1779914005645,-466,15595,-4273,-177,90,-184,walking,0.00,0,0,0,0,0
1779914005645,-276,14262,-4302,-272,10,-61,walking,0.00,0,0,0,0,0
1779914005646,16,14113,-4314,-372,-60,45,walking,0.00,0,0,0,0,0
1779914005675,91,14765,-4439,-389,-97,139,walking,0.00,0,0,0,0,0
1779914005675,-258,15519,-4458,-279,-98,218,walking,0.00,0,0,0,0,0
1779914005675,-985,15702,-4553,-86,-72,273,walking,0.00,0,0,0,0,0
1779914005705,-1549,15521,-4377,98,-32,300,walking,0.00,0,0,0,0,0
1779914005705,-1720,15499,-3974,207,9,309,walking,0.00,0,0,0,0,0
1779914005705,-1818,15775,-3639,219,35,302,walking,0.00,0,0,0,0,0
1779914005736,-1956,16072,-3588,188,51,285,walking,0.00,0,0,0,0,0
1779914005736,-1988,16260,-3464,168,58,267,walking,0.00,0,0,0,0,0
1779914005737,-1953,16183,-3173,138,61,248,walking,0.00,0,0,0,0,0
1779914005765,-1693,16003,-3102,89,62,229,walking,0.00,0,0,0,0,0
1779914005765,-1570,15624,-3117,50,57,213,walking,0.00,0,0,0,0,0
1779914005766,-1396,15143,-3143,28,52,186,walking,0.00,0,0,0,0,0
1779914005795,-1049,14619,-3257,9,50,145,walking,0.00,0,0,0,0,0
1779914005796,-710,14236,-3425,-8,50,100,walking,0.00,0,0,0,0,0
1779914005796,-486,13771,-3602,-5,45,67,walking,0.00,0,0,0,0,0
1779914005825,-316,13463,-3625,2,40,53,walking,0.00,0,0,0,0,0
1779914005825,-152,13276,-3649,-2,28,58,walking,0.00,0,0,0,0,0
1779914005826,-37,13199,-3767,15,17,77,walking,0.00,0,0,0,0,0
1779914005856,131,13038,-3822,71,13,101,walking,0.00,0,0,0,0,0
1779914005856,333,12865,-3749,124,10,120,walking,0.00,0,0,0,0,0
1779914005856,350,12690,-3772,160,5,130,walking,0.00,0,0,0,0,0
1779914005886,352,12586,-3805,198,5,142,walking,0.00,0,0,0,0,0
1779914005886,377,12475,-3742,234,3,146,walking,0.00,0,0,0,0,0
1779914005886,380,12522,-3789,254,0,133,walking,0.00,0,0,0,0,0
1779914005915,356,12609,-3749,268,-3,123,walking,0.00,0,0,0,0,0
1779914005915,433,12838,-3784,261,-9,133,walking,0.00,0,0,0,0,0
1779914005915,235,13042,-3864,252,-28,149,walking,0.00,0,0,0,0,0
1779914005944,147,13345,-3939,258,-46,167,walking,0.00,0,0,0,0,0
1779914005945,278,13237,-4017,287,-66,180,walking,0.00,0,0,0,0,0
1779914005945,307,12927,-4019,303,-90,188,walking,0.00,0,0,0,0,0
1779914005974,451,12702,-4150,272,-110,184,walking,0.00,0,0,0,0,0
1779914005977,594,12734,-4327,218,-131,179,walking,0.00,0,0,0,0,0
1779914005978,708,13017,-4324,160,-149,174,walking,0.00,0,0,0,0,0
1779914006005,903,13512,-4393,89,-162,172,walking,0.00,0,0,0,0,0
1779914006005,876,14361,-4437,31,-166,184,walking,0.00,0,0,0,0,0
1779914006006,803,15192,-4402,2,-160,212,walking,0.00,0,0,0,0,0
1779914006035,679,15788,-4223,24,-157,241,walking,0.00,0,0,0,0,0
1779914006036,836,15938,-3892,74,-153,247,walking,0.00,0,0,0,0,0
1779914006036,1055,15734,-3567,80,-163,224,walking,0.00,0,0,0,0,0
1779914006065,1028,15709,-3271,14,-192,191,walking,0.00,0,0,0,0,0
1779914006065,1046,16151,-3174,-113,-216,149,walking,0.00,0,0,0,0,0
1779914006065,917,16856,-3363,-245,-245,114,walking,0.00,0,0,0,0,0
1779914006095,235,17467,-3535,-355,-297,66,walking,0.00,0,0,0,0,0
1779914006095,-288,18262,-3607,-462,-325,1,walking,0.00,0,0,0,0,0
1779914006096,-362,19321,-3501,-558,-304,-70,walking,0.00,0,0,0,0,0
1779914006124,-391,20214,-3440,-603,-252,-136,walking,0.00,0,0,0,0,0
1779914006125,-533,20674,-3242,-591,-196,-185,walking,0.00,0,0,0,0,0
1779914006126,-515,20856,-3149,-576,-164,-221,walking,0.00,0,0,0,0,0
1779914006155,-555,20956,-2980,-559,-161,-257,walking,0.00,0,0,0,0,0
1779914006155,-424,20570,-2850,-540,-168,-285,walking,0.00,0,0,0,0,0
1779914006155,-335,19563,-3137,-517,-190,-267,walking,0.00,0,0,0,0,0
1779914006185,-206,18532,-3368,-471,-216,-209,walking,0.00,0,0,0,0,0
1779914006185,450,17112,-3410,-437,-239,-161,walking,0.00,0,0,0,0,0
1779914006185,761,16503,-3323,-499,-277,-156,walking,0.00,0,0,0,0,0
1779914006214,1214,17225,-3241,-532,-275,-160,walking,0.00,0,0,0,0,0
1779914006215,1586,17906,-2996,-441,-223,-149,walking,0.00,0,0,0,0,0
1779914006215,1878,18244,-2883,-317,-165,-140,walking,0.00,0,0,0,0,0
1779914006245,425,18365,-2485,-252,-183,-142,walking,0.00,0,0,0,0,0
1779914006246,77,18431,-2227,-224,-172,-161,walking,0.00,0,0,0,0,0
1779914006246,277,18945,-1793,-92,-146,-86,walking,0.00,0,0,0,0,0
1779914006274,-207,18269,-1786,-58,-136,-69,walking,0.00,0,0,0,0,0
1779914006275,-141,17898,-1952,-30,-107,-24,walking,0.00,0,0,0,0,0
1779914006275,-239,17044,-1847,1,-77,18,walking,0.00,0,0,0,0,0
1779914006306,-198,16015,-1800,-72,-62,32,walking,0.00,0,0,0,0,0
1779914006306,-205,15722,-2052,-212,-74,39,walking,0.00,0,0,0,0,0
1779914006307,-260,16206,-2383,-284,-105,46,walking,0.00,0,0,0,0,0
1779914006338,-270,15870,-2578,-241,-134,57,walking,0.00,0,0,0,0,0
1779914006339,33,14963,-2857,-190,-161,93,walking,0.00,0,0,0,0,0
1779914006339,337,14448,-3175,-132,-183,159,walking,0.00,0,0,0,0,0
1779914006366,532,13896,-3353,-61,-205,210,walking,0.00,0,0,0,0,0
1779914006367,808,13083,-3416,-1,-219,247,walking,0.00,0,0,0,0,0
1779914006399,998,12713,-3272,55,-218,301,walking,0.00,0,0,0,0,0
1779914006400,1165,12402,-3172,103,-207,343,walking,0.00,0,0,0,0,0
1779914006400,1256,12116,-3054,181,-180,347,walking,0.00,0,0,0,0,0
1779914006400,1481,11918,-2692,250,-150,337,walking,0.00,0,0,0,0,0
1779914006428,1489,12136,-2325,283,-132,327,walking,0.00,0,0,0,0,0
1779914006428,1434,12432,-2149,308,-104,323,walking,0.00,0,0,0,0,0
1779914006429,1502,12658,-1991,338,-76,357,walking,0.00,0,0,0,0,0
1779914006457,1506,12824,-1747,369,-56,391,walking,0.00,0,0,0,0,0
1779914006458,1617,12954,-1508,387,-35,405,walking,0.00,0,0,0,0,0
1779914006458,1802,13005,-1300,395,-2,409,walking,0.00,0,0,0,0,0
1779914006486,1827,13125,-1201,397,36,399,walking,0.00,0,0,0,0,0
1779914006486,1869,13514,-1017,380,79,373,walking,0.00,0,0,0,0,0
1779914006486,1816,13921,-996,345,121,343,walking,0.00,0,0,0,0,0
1779914006515,1534,14373,-1131,292,151,328,walking,0.00,0,0,0,0,0
1779914006515,1330,15333,-1333,276,179,321,walking,0.00,0,0,0,0,0
1779914006515,1368,15653,-1279,323,219,303,walking,0.00,0,0,0,0,0
1779914006545,1443,16055,-1275,341,248,276,walking,0.00,0,0,0,0,0
1779914006545,1392,16564,-1404,331,274,246,walking,0.00,0,0,0,0,0
1779914006545,1013,17432,-1536,335,306,209,walking,0.00,0,0,0,0,0
1779914006576,452,18039,-1534,348,345,164,walking,0.00,0,0,0,0,0
1779914006576,87,18551,-1679,341,396,112,walking,0.00,0,0,0,0,0
1779914006576,-265,18864,-1813,344,436,60,walking,0.00,0,0,0,0,0
1779914006605,-603,18696,-1829,356,467,5,walking,0.00,0,0,0,0,0
1779914006605,-532,18309,-1899,304,483,-56,walking,0.00,0,0,0,0,0
1779914006605,-185,18365,-2240,209,484,-121,walking,0.00,0,0,0,0,0
1779914006638,29,18606,-2520,121,469,-192,walking,0.00,0,0,0,0,0
1779914006638,187,18757,-2920,55,448,-256,walking,0.00,0,0,0,0,0
1779914006639,281,18833,-3154,28,426,-294,walking,0.00,0,0,0,0,0
1779914006668,217,19012,-3198,0,411,-326,walking,0.00,0,0,0,0,0
1779914006669,216,19350,-3281,-17,418,-355,walking,0.00,0,0,0,0,0
1779914006669,130,19600,-3206,10,429,-385,walking,0.00,0,0,0,0,0
1779914006704,48,19659,-3064,29,431,-419,walking,0.00,0,0,0,0,0
1779914006704,-5,19522,-3064,15,417,-449,walking,0.00,0,0,0,0,0
1779914006704,-50,19119,-3351,-38,382,-462,walking,0.00,0,0,0,0,0
1779914006736,-226,18249,-3876,-96,323,-443,walking,0.00,0,0,0,0,0
1779914006736,-318,16568,-4228,-109,252,-364,walking,0.00,0,0,0,0,0
1779914006737,52,14948,-4209,-134,176,-236,walking,0.00,0,0,0,0,0
1779914006755,579,14204,-4222,-235,101,-106,walking,0.00,0,0,0,0,0
1779914006755,859,14507,-4397,-317,49,1,walking,0.00,0,0,0,0,0
1779914006756,696,15452,-4510,-279,33,67,walking,0.00,0,0,0,0,0
1779914006785,88,16230,-4395,-133,40,86,walking,0.00,0,0,0,0,0
1779914006786,-423,16485,-4256,23,55,83,walking,0.00,0,0,0,0,0
1779914006786,-858,16598,-4160,134,58,72,walking,0.00,0,0,0,0,0
1779914006815,-1212,16795,-3835,189,54,56,walking,0.00,0,0,0,0,0
1779914006816,-1332,16848,-3536,207,42,53,walking,0.00,0,0,0,0,0
1779914006816,-1489,16706,-3176,204,18,64,walking,0.00,0,0,0,0,0
1779914006845,-1603,16196,-2965,169,-7,65,walking,0.00,0,0,0,0,0
1779914006846,-1562,15349,-2854,118,-25,45,walking,0.00,0,0,0,0,0
1779914006847,-1283,14386,-2733,43,-36,14,walking,0.00,0,0,0,0,0
1779914006877,-1010,13565,-2689,-59,-41,-26,walking,0.00,0,0,0,0,0
1779914006878,-718,13179,-2715,-164,-39,-65,walking,0.00,0,0,0,0,0
1779914006878,-308,13000,-2778,-227,-24,-101,walking,0.00,0,0,0,0,0
1779914006906,47,12840,-2925,-230,4,-123,walking,0.00,0,0,0,0,0
1779914006907,317,12796,-3047,-196,28,-133,walking,0.00,0,0,0,0,0
1779914006907,542,12643,-3113,-159,47,-129,walking,0.00,0,0,0,0,0
1779914006937,718,12535,-3311,-126,59,-109,walking,0.00,0,0,0,0,0
1779914006937,922,12411,-3356,-97,65,-85,walking,0.00,0,0,0,0,0
1779914006938,1153,12318,-3427,-68,66,-68,walking,0.00,0,0,0,0,0
1779914006967,1354,12223,-3526,-33,64,-58,walking,0.00,0,0,0,0,0
1779914006970,1490,12225,-3723,-4,64,-55,walking,0.00,0,0,0,0,0
1779914006971,1616,12270,-4001,20,66,-46,walking,0.00,0,0,0,0,0
1779914006997,1771,12314,-4174,56,70,-40,walking,0.00,0,0,0,0,0
1779914006997,1992,12417,-4234,75,67,-32,walking,0.00,0,0,0,0,0
1779914006997,2053,12930,-4505,77,61,-27,walking,0.00,0,0,0,0,0
1779914007033,2198,13203,-4721,116,70,-34,walking,0.00,0,0,0,0,0
1779914007034,2185,13415,-4743,139,66,-31,walking,0.00,0,0,0,0,0
1779914007034,2186,13658,-4823,121,55,-20,walking,0.00,0,0,0,0,0
1779914007056,2275,14060,-5038,92,38,-8,walking,0.00,0,0,0,0,0
1779914007057,2442,14283,-5259,101,26,-10,walking,0.00,0,0,0,0,0
1779914007057,2524,14082,-5368,103,2,-10,walking,0.00,0,0,0,0,0
1779914007090,2609,13987,-5357,65,-29,13,walking,0.00,0,0,0,0,0
1779914007091,2714,14088,-5353,0,-73,52,walking,0.00,0,0,0,0,0
1779914007091,2679,14584,-5374,-75,-113,84,walking,0.00,0,0,0,0,0
1779914007116,2631,15307,-5272,-105,-127,121,walking,0.00,0,0,0,0,0
1779914007116,2600,16087,-4958,-68,-121,179,walking,0.00,0,0,0,0,0
1779914007117,2360,16361,-4606,-13,-107,230,walking,0.00,0,0,0,0,0
1779914007147,2093,16521,-4276,21,-96,271,walking,0.00,0,0,0,0,0
1779914007147,1735,16699,-3928,19,-88,311,walking,0.00,0,0,0,0,0
1779914007148,1391,16853,-3649,-15,-83,345,walking,0.00,0,0,0,0,0
1779914007176,1038,17129,-3327,-76,-91,368,walking,0.00,0,0,0,0,0
1779914007177,591,17348,-3133,-163,-113,370,walking,0.00,0,0,0,0,0
1779914007177,336,17459,-3076,-264,-142,363,walking,0.00,0,0,0,0,0
1779914007206,348,17781,-2948,-375,-173,350,walking,0.00,0,0,0,0,0
1779914007207,407,18470,-2865,-505,-206,310,walking,0.00,0,0,0,0,0
1779914007207,141,19520,-2814,-625,-232,247,walking,0.00,0,0,0,0,0
1779914007238,-290,20483,-2909,-680,-241,181,walking,0.00,0,0,0,0,0
1779914007266,-549,20697,-2958,-649,-237,139,walking,0.00,0,0,0,0,0
1779914007266,-595,20422,-2843,-574,-232,135,walking,0.00,0,0,0,0,0
1779914007297,-554,19740,-2830,-502,-220,142,walking,0.00,0,0,0,0,0
1779914007297,-349,18583,-2870,-419,-196,149,walking,0.00,0,0,0,0,0
1779914007297,53,17391,-2833,-339,-172,162,walking,0.00,0,0,0,0,0
1779914007298,599,16649,-2653,-281,-155,167,walking,0.00,0,0,0,0,0
1779914007298,1187,16510,-2399,-246,-141,143,walking,0.00,0,0,0,0,0
1779914007299,1562,16887,-2176,-222,-128,99,walking,0.00,0,0,0,0,0
1779914007326,1493,17614,-2056,-167,-114,53,walking,0.00,0,0,0,0,0
1779914007327,1044,18237,-1826,-79,-110,10,walking,0.00,0,0,0,0,0
1779914007327,615,18521,-1720,9,-117,-32,walking,0.00,0,0,0,0,0
1779914007357,329,18720,-1760,92,-121,-86,walking,0.00,0,0,0,0,0
1779914007358,134,18361,-1650,166,-114,-141,walking,0.00,0,0,0,0,0
1779914007358,-116,17450,-1675,143,-115,-200,walking,0.00,0,0,0,0,0
1779914007386,-97,17092,-1655,36,-106,-246,walking,0.00,0,0,0,0,0
1779914007387,-393,17374,-1894,-176,-119,-293,walking,0.00,0,0,0,0,0
1779914007387,-642,17134,-2145,-172,-121,-320,walking,0.00,0,0,0,0,0
1779914007418,-143,15849,-2229,-98,-94,-331,walking,0.00,0,0,0,0,0
1779914007419,398,14423,-2194,-111,-88,-338,walking,0.00,0,0,0,0,0
1779914007419,645,13996,-2327,-194,-107,-351,walking,0.00,0,0,0,0,0
1779914007447,804,13840,-2547,-237,-122,-375,walking,0.00,0,0,0,0,0
1779914007447,859,13832,-2556,-250,-137,-374,walking,0.00,0,0,0,0,0
1779914007448,562,14105,-2582,-243,-152,-327,walking,0.00,0,0,0,0,0
1779914007477,577,14410,-2605,-170,-136,-275,walking,0.00,0,0,0,0,0
1779914007478,504,14314,-2306,-36,-118,-227,walking,0.00,0,0,0,0,0
1779914007478,1137,14056,-2033,96,-84,-176,walking,0.00,0,0,0,0,0
1779914007506,1534,13478,-1877,192,-67,-102,walking,0.00,0,0,0,0,0
1779914007506,1437,12930,-1753,235,-61,-55,walking,0.00,0,0,0,0,0
1779914007507,1377,12872,-1648,231,-49,-28,walking,0.00,0,0,0,0,0
1779914007536,1489,12924,-1563,254,-22,4,walking,0.00,0,0,0,0,0
1779914007537,1525,12869,-1350,271,4,30,walking,0.00,0,0,0,0,0
1779914007537,1751,12850,-1202,255,24,56,walking,0.00,0,0,0,0,0
1779914007568,1459,12911,-999,233,23,64,walking,0.00,0,0,0,0,0
1779914007568,1774,12933,-996,216,54,71,walking,0.00,0,0,0,0,0
1779914007569,1617,13281,-925,195,62,97,walking,0.00,0,0,0,0,0
1779914007596,1220,13399,-996,181,75,96,walking,0.00,0,0,0,0,0
1779914007596,1362,13297,-1053,165,101,111,walking,0.00,0,0,0,0,0
1779914007597,1502,13659,-1132,125,92,130,walking,0.00,0,0,0,0,0
1779914007628,719,13955,-1154,84,60,97,walking,0.00,0,0,0,0,0
1779914007629,1244,14153,-1319,88,85,85,walking,0.00,0,0,0,0,0
1779914007629,1421,14784,-1426,83,96,99,walking,0.00,0,0,0,0,0
1779914007656,1084,15937,-1582,94,92,106,walking,0.00,0,0,0,0,0
1779914007656,631,16810,-1770,136,104,73,walking,0.00,0,0,0,0,0
1779914007657,621,17376,-1947,207,143,30,walking,0.00,0,0,0,0,0
1779914007686,294,18013,-1906,243,156,-22,walking,0.00,0,0,0,0,0
1779914007687,-325,18610,-2035,266,156,-106,walking,0.00,0,0,0,0,0
1779914007687,-488,18691,-2196,306,163,-193,walking,0.00,0,0,0,0,0
1779914007718,-501,18537,-2227,293,142,-279,walking,0.00,0,0,0,0,0
1779914007719,-891,18422,-2354,201,89,-362,walking,0.00,0,0,0,0,0
1779914007719,-1043,18536,-2697,93,37,-442,walking,0.00,0,0,0,0,0
1779914007746,-1004,18851,-2866,29,-20,-512,walking,0.00,0,0,0,0,0
1779914007747,-1026,19239,-2937,1,-68,-584,walking,0.00,0,0,0,0,0
1779914007747,-921,19606,-3001,-1,-87,-656,walking,0.00,0,0,0,0,0
1779914007776,-901,19964,-2957,25,-79,-728,walking,0.00,0,0,0,0,0
1779914007777,-850,20444,-2864,65,-64,-799,walking,0.00,0,0,0,0,0
1779914007777,-1079,20852,-2878,49,-57,-886,walking,0.00,0,0,0,0,0
1779914007806,-1607,20799,-3185,29,-66,-944,walking,0.00,0,0,0,0,0
1779914007807,-2119,19499,-3584,17,-104,-942,walking,0.00,0,0,0,0,0
1779914007807,-2268,18030,-3989,-3,-156,-875,walking,0.00,0,0,0,0,0
1779914007839,-1516,16254,-4211,12,-199,-770,walking,0.00,0,0,0,0,0
1779914007839,-1327,14130,-4100,-31,-248,-672,walking,0.00,0,0,0,0,0
1779914007840,-442,13502,-4070,-165,-273,-563,walking,0.00,0,0,0,0,0
1779914007873,-888,14827,-3979,-291,-321,-462,walking,0.00,0,0,0,0,0
1779914007874,-1863,16425,-4089,-292,-297,-408,walking,0.00,0,0,0,0,0
1779914007874,-2478,17732,-4051,-106,-199,-336,walking,0.00,0,0,0,0,0
1779914007896,-3294,18060,-3778,141,-96,-259,walking,0.00,0,0,0,0,0
1779914007896,-3461,17142,-3492,312,2,-207,walking,0.00,0,0,0,0,0
1779914007897,-3139,16004,-3185,354,60,-144,walking,0.00,0,0,0,0,0
1779914007926,-2789,15184,-2979,276,75,-102,walking,0.00,0,0,0,0,0
1779914007926,-2714,14826,-3023,125,64,-101,walking,0.00,0,0,0,0,0
1779914007927,-2457,14891,-3303,23,57,-107,walking,0.00,0,0,0,0,0
1779914007956,-2434,14510,-3350,-15,60,-111,walking,0.00,0,0,0,0,0
1779914007957,-2247,13886,-3411,-91,75,-122,walking,0.00,0,0,0,0,0
1779914007957,-1988,13954,-3547,-201,85,-116,walking,0.00,0,0,0,0,0
1779914007986,-1833,14417,-3753,-235,92,-91,walking,0.00,0,0,0,0,0
1779914007987,-1713,14185,-3876,-161,123,-60,walking,0.00,0,0,0,0,0
1779914007987,-1467,13664,-3990,-59,159,-19,walking,0.00,0,0,0,0,0
1779914008018,-1231,13044,-4024,23,177,11,walking,0.00,0,0,0,0,0
1779914008018,-906,12653,-4181,49,192,30,walking,0.00,0,0,0,0,0
1779914008019,-434,12693,-4282,61,216,48,walking,0.00,0,0,0,0,0
1779914008046,-75,12971,-4298,98,230,69,walking,0.00,0,0,0,0,0
1779914008047,-69,13014,-4494,136,242,90,walking,0.00,0,0,0,0,0
1779914008047,-279,13096,-4586,187,253,101,walking,0.00,0,0,0,0,0
1779914008076,-286,13094,-4503,240,275,109,walking,0.00,0,0,0,0,0
1779914008077,-160,12937,-4489,255,291,118,walking,0.00,0,0,0,0,0
1779914008078,-193,12731,-4465,246,297,139,walking,0.00,0,0,0,0,0
1779914008106,-133,12945,-4312,201,301,162,walking,0.00,0,0,0,0,0
1779914008107,133,13484,-4277,141,299,171,walking,0.00,0,0,0,0,0
1779914008107,367,13966,-4320,128,299,171,walking,0.00,0,0,0,0,0
1779914008137,386,14137,-4267,144,302,168,walking,0.00,0,0,0,0,0
1779914008137,440,13965,-4279,136,297,170,walking,0.00,0,0,0,0,0
1779914008137,596,13886,-4364,92,274,193,walking,0.00,0,0,0,0,0
1779914008168,657,13954,-4338,22,227,227,walking,0.00,0,0,0,0,0
1779914008168,832,14135,-4475,-63,170,267,walking,0.00,0,0,0,0,0
1779914008168,1062,14584,-4563,-97,126,308,walking,0.00,0,0,0,0,0
1779914008197,1061,14912,-4460,-87,94,350,walking,0.00,0,0,0,0,0
1779914008198,946,15204,-4419,-66,69,393,walking,0.00,0,0,0,0,0
1779914008198,864,15509,-4343,-19,58,433,walking,0.00,0,0,0,0,0
1779914008227,821,15809,-4097,40,51,456,walking,0.00,0,0,0,0,0
1779914008228,599,16118,-3775,66,37,468,walking,0.00,0,0,0,0,0
1779914008228,305,16532,-3621,41,29,484,walking,0.00,0,0,0,0,0
1779914008257,-14,17149,-3514,3,21,507,walking,0.00,0,0,0,0,0
1779914008257,-504,17719,-3507,-46,12,514,walking,0.00,0,0,0,0,0
1779914008257,-884,17863,-3643,-83,-2,510,walking,0.00,0,0,0,0,0
1779914008287,-1063,18027,-3575,-117,-30,504,walking,0.00,0,0,0,0,0
1779914008288,-1021,18346,-3403,-199,-72,475,walking,0.00,0,0,0,0,0
1779914008289,-1148,18886,-3397,-323,-117,424,walking,0.00,0,0,0,0,0
1779914008317,-1453,19592,-3446,-424,-156,366,walking,0.00,0,0,0,0,0
1779914008317,-1685,20511,-3415,-476,-191,300,walking,0.00,0,0,0,0,0
1779914008318,-1696,21255,-3270,-486,-224,221,walking,0.00,0,0,0,0,0
1779914008354,-1854,21328,-3099,-462,-252,152,walking,0.00,0,0,0,0,0
1779914008354,-2221,20289,-3081,-389,-279,122,walking,0.00,0,0,0,0,0
1779914008355,-1562,18732,-3046,-291,-292,132,walking,0.00,0,0,0,0,0
1779914008375,-568,17174,-2749,-223,-315,154,walking,0.00,0,0,0,0,0
1779914008375,162,16213,-2412,-243,-344,146,walking,0.00,0,0,0,0,0
1779914008376,596,16455,-2263,-295,-361,110,walking,0.00,0,0,0,0,0
1779914008409,739,17488,-2173,-273,-352,70,walking,0.00,0,0,0,0,0
1779914008411,343,18423,-1885,-154,-321,50,walking,0.00,0,0,0,0,0
1779914008411,-268,18779,-1673,2,-290,48,walking,0.00,0,0,0,0,0
1779914008435,-736,18671,-1559,151,-262,52,walking,0.00,0,0,0,0,0
1779914008435,-951,18222,-1666,255,-231,60,walking,0.00,0,0,0,0,0
1779914008436,-1138,17676,-1664,306,-196,54,walking,0.00,0,0,0,0,0
1779914008465,-1184,17080,-1611,282,-158,37,walking,0.00,0,0,0,0,0
1779914008466,-1167,16615,-1684,189,-122,14,walking,0.00,0,0,0,0,0
1779914008466,-1120,16533,-1762,65,-91,-21,walking,0.00,0,0,0,0,0
1779914008496,-1229,16787,-1865,-29,-59,-55,walking,0.00,0,0,0,0,0
1779914008497,-1319,16667,-1940,-51,-23,-78,walking,0.00,0,0,0,0,0
1779914008497,-1268,15929,-2021,-57,2,-81,walking,0.00,0,0,0,0,0
1779914008526,-1318,14916,-2140,-109,-4,-62,walking,0.00,0,0,0,0,0
1779914008526,-807,13745,-2723,-246,-49,-27,walking,0.00,0,0,0,0,0
1779914008528,-574,13351,-2756,-216,-61,-33,walking,0.00,0,0,0,0,0
1779914008556,-228,12802,-2700,-179,-53,-39,walking,0.00,0,0,0,0,0
1779914008556,203,12678,-2627,-160,-33,-32,walking,0.00,0,0,0,0,0
1779914008557,262,12906,-2447,-127,-16,-23,walking,0.00,0,0,0,0,0
1779914008587,554,13161,-2279,-52,20,1,walking,0.00,0,0,0,0,0
1779914008588,855,13258,-2026,47,64,39,walking,0.00,0,0,0,0,0
1779914008588,1001,13195,-1870,145,99,82,walking,0.00,0,0,0,0,0
1779914008618,984,12725,-1767,237,125,137,walking,0.00,0,0,0,0,0
1779914008619,775,11823,-1502,267,141,185,walking,0.00,0,0,0,0,0
1779914008619,868,11416,-1342,218,158,221,walking,0.00,0,0,0,0,0
1779914008652,1148,11566,-1299,161,186,257,walking,0.00,0,0,0,0,0
1779914008653,1008,11597,-1074,137,217,273,walking,0.00,0,0,0,0,0
1779914008654,868,11942,-1020,95,256,282,walking,0.00,0,0,0,0,0
1779914008677,1175,12295,-1113,92,308,293,walking,0.00,0,0,0,0,0
1779914008678,933,12603,-1006,111,335,294,walking,0.00,0,0,0,0,0
1779914008679,765,13136,-1037,113,365,291,walking,0.00,0,0,0,0,0
1779914008712,984,13249,-1211,138,405,274,walking,0.00,0,0,0,0,0
1779914008713,939,13571,-1118,148,417,258,walking,0.00,0,0,0,0,0
1779914008714,857,14033,-1314,107,420,235,walking,0.00,0,0,0,0,0
1779914008736,811,14797,-1471,77,426,200,walking,0.00,0,0,0,0,0
1779914008737,673,15862,-1416,82,442,152,walking,0.00,0,0,0,0,0
1779914008737,368,16862,-1388,112,472,92,walking,0.00,0,0,0,0,0
1779914008768,30,17593,-1426,167,515,27,walking,0.00,0,0,0,0,0
1779914008769,-393,17958,-1360,202,554,-51,walking,0.00,0,0,0,0,0
1779914008770,-676,18073,-1315,166,572,-144,walking,0.00,0,0,0,0,0
1779914008797,-819,18341,-1490,64,562,-236,walking,0.00,0,0,0,0,0
1779914008798,-991,18667,-1667,-46,538,-318,walking,0.00,0,0,0,0,0
1779914008799,-1043,18813,-1982,-153,508,-386,walking,0.00,0,0,0,0,0
1779914008829,-959,18888,-2301,-241,475,-427,walking,0.00,0,0,0,0,0
1779914008830,-925,19176,-2633,-309,435,-459,walking,0.00,0,0,0,0,0
1779914008831,-973,19559,-2890,-326,408,-502,walking,0.00,0,0,0,0,0
1779914008861,-801,19862,-3122,-278,413,-550,walking,0.00,0,0,0,0,0
1779914008862,-772,20112,-3129,-190,430,-591,walking,0.00,0,0,0,0,0
1779914008863,-714,20147,-2990,-114,443,-627,walking,0.00,0,0,0,0,0
1779914008890,-791,20269,-2819,-87,443,-649,walking,0.00,0,0,0,0,0
1779914008891,-922,20282,-2762,-109,428,-664,walking,0.00,0,0,0,0,0
1779914008892,-1082,19823,-3112,-150,389,-651,walking,0.00,0,0,0,0,0
1779914008919,-1413,18924,-3382,-151,338,-585,walking,0.00,0,0,0,0,0
1779914008922,-993,17411,-3516,-142,282,-464,walking,0.00,0,0,0,0,0
1779914008922,-817,16394,-3695,-203,211,-312,walking,0.00,0,0,0,0,0
1779914008953,-401,15969,-3804,-238,169,-177,walking,0.00,0,0,0,0,0
1779914008954,-554,16239,-3784,-226,145,-68,walking,0.00,0,0,0,0,0
1779914008954,-851,16852,-3838,-136,167,-10,walking,0.00,0,0,0,0,0
1779914008976,-1407,17115,-3689,3,202,36,walking,0.00,0,0,0,0,0
1779914008977,-1947,17390,-3582,131,239,62,walking,0.00,0,0,0,0,0
1779914008977,-2112,17306,-3433,239,278,64,walking,0.00,0,0,0,0,0
1779914009010,-2163,17052,-3107,289,307,59,walking,0.00,0,0,0,0,0
1779914009011,-2121,16747,-2948,258,322,50,walking,0.00,0,0,0,0,0
1779914009012,-2115,16489,-2792,195,328,29,walking,0.00,0,0,0,0,0
1779914009040,-1903,16170,-2698,130,338,-8,walking,0.00,0,0,0,0,0
1779914009041,-1663,15647,-2583,68,343,-53,walking,0.00,0,0,0,0,0
1779914009045,-1532,15052,-2416,-1,341,-97,walking,0.00,0,0,0,0,0
1779914009067,-1247,14555,-2543,-99,341,-146,walking,0.00,0,0,0,0,0
1779914009068,-1008,14186,-2777,-175,330,-183,walking,0.00,0,0,0,0,0
1779914009068,-923,13976,-2967,-210,319,-203,walking,0.00,0,0,0,0,0
1779914009102,-758,13832,-3215,-200,317,-212,walking,0.00,0,0,0,0,0
1779914009103,-588,13575,-3375,-142,328,-199,walking,0.00,0,0,0,0,0
1779914009103,-328,13337,-3456,-53,342,-165,walking,0.00,0,0,0,0,0
1779914009127,-51,13054,-3559,31,360,-134,walking,0.00,0,0,0,0,0
1779914009128,51,12883,-3513,114,380,-113,walking,0.00,0,0,0,0,0
1779914009129,66,12803,-3352,168,397,-98,walking,0.00,0,0,0,0,0
1779914009160,139,12703,-3305,182,404,-91,walking,0.00,0,0,0,0,0
1779914009160,-30,12888,-3303,172,400,-83,walking,0.00,0,0,0,0,0
1779914009161,-87,13140,-3345,167,407,-68,walking,0.00,0,0,0,0,0
1779914009188,137,13158,-3431,183,416,-51,walking,0.00,0,0,0,0,0
1779914009189,299,12971,-3470,185,419,-23,walking,0.00,0,0,0,0,0
1779914009189,507,12832,-3633,166,422,7,walking,0.00,0,0,0,0,0
1779914009220,945,12962,-3785,154,425,20,walking,0.00,0,0,0,0,0
1779914009221,1212,12801,-3816,138,413,20,walking,0.00,0,0,0,0,0
1779914009222,1430,13119,-3893,99,401,37,walking,0.00,0,0,0,0,0
1779914009246,1535,13687,-4015,65,385,58,walking,0.00,0,0,0,0,0
1779914009247,1646,14219,-4179,61,373,83,walking,0.00,0,0,0,0,0
1779914009248,1844,14519,-4259,97,370,114,walking,0.00,0,0,0,0,0
1779914009278,2036,14861,-4271,129,363,137,walking,0.00,0,0,0,0,0
1779914009278,2296,15194,-3971,140,354,144,walking,0.00,0,0,0,0,0
1779914009279,2522,15532,-3769,129,335,155,walking,0.00,0,0,0,0,0
1779914009311,2599,16062,-3695,100,305,166,walking,0.00,0,0,0,0,0
1779914009313,2482,16550,-3559,74,267,181,walking,0.00,0,0,0,0,0
1779914009313,2240,16915,-3498,50,226,202,walking,0.00,0,0,0,0,0
1779914009337,1911,17039,-3569,19,186,220,walking,0.00,0,0,0,0,0
1779914009338,1421,17195,-3434,-19,159,243,walking,0.00,0,0,0,0,0
1779914009339,1051,17400,-3346,-54,144,260,walking,0.00,0,0,0,0,0
1779914009369,844,17481,-3333,-97,134,261,walking,0.00,0,0,0,0,0
1779914009376,611,17606,-3378,-147,115,254,walking,0.00,0,0,0,0,0
1779914009377,382,17570,-3394,-197,90,240,walking,0.00,0,0,0,0,0
1779914009397,542,17744,-3396,-251,57,231,walking,0.00,0,0,0,0,0
1779914009398,633,18172,-3138,-326,12,202,walking,0.00,0,0,0,0,0
1779914009399,969,18988,-3180,-402,-25,155,walking,0.00,0,0,0,0,0
1779914009427,716,20035,-3235,-389,-72,122,walking,0.00,0,0,0,0,0
1779914009459,341,20350,-3169,-313,-107,69,walking,0.00,0,0,0,0,0
1779914009460,445,20233,-2983,-244,-121,12,walking,0.00,0,0,0,0,0
1779914009461,394,19837,-3099,-253,-142,-21,walking,0.00,0,0,0,0,0
1779914009467,-179,19281,-3295,-240,-158,-28,walking,0.00,0,0,0,0,0
1779914009468,-417,18214,-3411,-184,-169,10,walking,0.00,0,0,0,0,0
1779914009489,-236,17027,-3326,-129,-183,71,walking,0.00,0,0,0,0,0
1779914009493,259,16318,-3299,-137,-184,103,walking,0.00,0,0,0,0,0
1779914009495,677,16653,-3226,-132,-163,102,walking,0.00,0,0,0,0,0
1779914009518,654,17636,-2952,-64,-132,84,walking,0.00,0,0,0,0,0
1779914009519,229,18356,-2773,63,-108,63,walking,0.00,0,0,0,0,0
1779914009520,-264,18447,-2529,223,-92,49,walking,0.00,0,0,0,0,0
1779914009547,-523,18099,-2257,328,-86,35,walking,0.00,0,0,0,0,0
1779914009548,-680,17655,-2077,351,-87,13,walking,0.00,0,0,0,0,0
1779914009548,-796,17251,-1972,315,-94,-4,walking,0.00,0,0,0,0,0
1779914009578,-895,17334,-1977,250,-105,-27,walking,0.00,0,0,0,0,0
1779914009580,-1004,17298,-1960,238,-104,-50,walking,0.00,0,0,0,0,0
1779914009580,-1195,16276,-1857,207,-96,-87,walking,0.00,0,0,0,0,0
1779914009614,-1262,15677,-1785,84,-94,-131,walking,0.00,0,0,0,0,0
1779914009615,-991,15721,-2020,-11,-82,-150,walking,0.00,0,0,0,0,0
1779914009616,-710,15380,-2137,-22,-76,-172,walking,0.00,0,0,0,0,0
1779914009636,-964,14468,-2141,-24,-90,-203,walking,0.00,0,0,0,0,0
1779914009637,-756,13584,-2267,-66,-99,-215,walking,0.00,0,0,0,0,0
1779914009638,-341,13405,-2506,-112,-104,-208,walking,0.00,0,0,0,0,0
1779914009668,-42,13168,-2659,-10,-97,-205,walking,0.00,0,0,0,0,0
1779914009669,306,12641,-2673,88,-82,-198,walking,0.00,0,0,0,0,0
1779914009670,442,12232,-2601,139,-75,-172,walking,0.00,0,0,0,0,0
1779914009714,575,11835,-2561,169,-62,-147,walking,0.00,0,0,0,0,0
1779914009715,697,11318,-2357,163,-50,-129,walking,0.00,0,0,0,0,0
1779914009715,957,11373,-2113,120,-39,-90,walking,0.00,0,0,0,0,0
1779914009729,904,11764,-1997,76,-35,-66,walking,0.00,0,0,0,0,0
1779914009734,856,12135,-1772,75,-15,-51,walking,0.00,0,0,0,0,0
1779914009740,905,12346,-1540,110,25,-45,walking,0.00,0,0,0,0,0
1779914009756,1066,12574,-1352,158,70,-31,walking,0.00,0,0,0,0,0
1779914009756,959,12721,-1122,177,94,-12,walking,0.00,0,0,0,0,0
1779914009757,708,12988,-1108,168,118,9,walking,0.00,0,0,0,0,0
1779914009785,860,12917,-1231,156,153,14,walking,0.00,0,0,0,0,0
1779914009785,736,13153,-1207,109,174,18,walking,0.00,0,0,0,0,0
1779914009786,718,13670,-1318,34,194,22,walking,0.00,0,0,0,0,0
1779914009817,852,14520,-1385,3,224,22,walking,0.00,0,0,0,0,0
1779914009819,817,15080,-1419,19,258,15,walking,0.00,0,0,0,0,0
1779914009820,710,15508,-1536,57,286,17,walking,0.00,0,0,0,0,0
1779914009849,760,16013,-1604,96,303,24,walking,0.00,0,0,0,0,0
1779914009849,683,16363,-1629,117,316,24,walking,0.00,0,0,0,0,0
1779914009849,362,17088,-1632,92,330,18,walking,0.00,0,0,0,0,0
1779914009875,200,18132,-1701,92,367,5,walking,0.00,0,0,0,0,0
1779914009875,-29,18531,-1686,130,401,-21,walking,0.00,0,0,0,0,0
1779914009877,-495,18871,-1711,144,415,-43,walking,0.00,0,0,0,0,0
1779914009907,-670,19018,-1882,124,420,-83,walking,0.00,0,0,0,0,0
1779914009907,-845,19012,-2097,84,412,-136,walking,0.00,0,0,0,0,0
1779914009908,-1020,18930,-2457,31,401,-188,walking,0.00,0,0,0,0,0
1779914009936,-1100,18887,-2739,-29,387,-238,walking,0.00,0,0,0,0,0
1779914009965,-1109,18971,-3003,-91,369,-284,walking,0.00,0,0,0,0,0
1779914009966,-1000,19195,-3230,-132,351,-321,walking,0.00,0,0,0,0,0
1779914009966,-1006,19469,-3425,-151,338,-353,walking,0.00,0,0,0,0,0
1779914009967,-1173,19801,-3511,-154,328,-394,walking,0.00,0,0,0,0,0
1779914009967,-1126,20380,-3427,-124,329,-441,walking,0.00,0,0,0,0,0
1779914009995,-1088,20856,-3461,-76,331,-493,walking,0.00,0,0,0,0,0
1779914009995,-1307,21055,-3436,-36,332,-554,walking,0.00,0,0,0,0,0
1779914010025,-1581,20797,-3703,-18,321,-600,walking,0.00,0,0,0,0,0
1779914010027,-1815,19478,-4125,-1,286,-594,walking,0.00,0,0,0,0,0
1779914010028,-1747,17336,-4341,-8,216,-508,walking,0.00,0,0,0,0,0
1779914010028,-1324,15289,-4448,-112,124,-365,walking,0.00,0,0,0,0,0
1779914010058,-882,14333,-4764,-264,38,-212,walking,0.00,0,0,0,0,0
1779914010058,-320,14275,-4936,-321,-10,-85,walking,0.00,0,0,0,0,0
1779914010058,-488,15165,-4849,-281,-30,-1,walking,0.00,0,0,0,0,0
1779914010087,-792,15862,-4836,-136,0,49,walking,0.00,0,0,0,0,0
1779914010090,-1879,16814,-4649,54,32,113,walking,0.00,0,0,0,0,0
1779914010091,-2696,16992,-4514,268,85,156,walking,0.00,0,0,0,0,0
1779914010116,-3062,16648,-4198,432,134,181,walking,0.00,0,0,0,0,0
1779914010116,-3153,16149,-3796,478,173,196,walking,0.00,0,0,0,0,0
1779914010117,-3064,15701,-3642,420,195,192,walking,0.00,0,0,0,0,0
1779914010148,-2991,15461,-3451,310,198,167,walking,0.00,0,0,0,0,0
1779914010148,-2707,15173,-3316,175,200,129,walking,0.00,0,0,0,0,0
1779914010148,-2265,14926,-3250,34,204,86,walking,0.00,0,0,0,0,0
1779914010176,-1909,14860,-3115,-95,202,50,walking,0.00,0,0,0,0,0
1779914010177,-1570,14871,-3161,-180,201,20,walking,0.00,0,0,0,0,0
1779914010177,-1077,14801,-3267,-199,205,-2,walking,0.00,0,0,0,0,0
1779914010206,-657,14609,-3452,-169,211,-4,walking,0.00,0,0,0,0,0
1779914010207,-426,14132,-3771,-115,214,7,walking,0.00,0,0,0,0,0
1779914010207,-302,13575,-3969,-54,217,25,walking,0.00,0,0,0,0,0
1779914010239,-137,13172,-4121,-6,222,44,walking,0.00,0,0,0,0,0
1779914010239,31,12972,-4232,28,225,67,walking,0.00,0,0,0,0,0
1779914010240,55,12894,-4261,63,231,91,walking,0.00,0,0,0,0,0
1779914010268,20,12975,-4208,100,245,111,walking,0.00,0,0,0,0,0
1779914010269,56,12873,-4089,139,260,119,walking,0.00,0,0,0,0,0
1779914010269,142,12966,-4050,169,273,129,walking,0.00,0,0,0,0,0
1779914010295,281,12944,-3869,202,294,137,walking,0.00,0,0,0,0,0
1779914010296,429,12810,-3712,202,311,147,walking,0.00,0,0,0,0,0
1779914010297,481,12950,-3658,161,316,173,walking,0.00,0,0,0,0,0
1779914010325,643,13133,-3750,133,320,197,walking,0.00,0,0,0,0,0
1779914010326,806,13051,-3860,120,323,205,walking,0.00,0,0,0,0,0
1779914010326,912,13269,-3947,106,320,213,walking,0.00,0,0,0,0,0
1779914010358,1087,13459,-4156,127,320,213,walking,0.00,0,0,0,0,0
1779914010361,1367,13176,-4192,137,317,206,walking,0.00,0,0,0,0,0
1779914010361,1520,13261,-4334,108,306,209,walking,0.00,0,0,0,0,0
1779914010385,1585,13461,-4474,68,284,210,walking,0.00,0,0,0,0,0
1779914010385,1821,13831,-4535,47,264,209,walking,0.00,0,0,0,0,0
1779914010386,1962,14191,-4460,41,245,213,walking,0.00,0,0,0,0,0
1779914010416,1980,14484,-4417,34,227,229,walking,0.00,0,0,0,0,0
1779914010417,2018,14755,-4290,22,212,249,walking,0.00,0,0,0,0,0
1779914010417,2080,15096,-4173,0,199,263,walking,0.00,0,0,0,0,0
1779914010452,2159,15530,-4088,-30,181,273,walking,0.00,0,0,0,0,0
1779914010452,2004,16034,-3985,-53,161,282,walking,0.00,0,0,0,0,0
1779914010453,1763,16482,-3888,-75,149,289,walking,0.00,0,0,0,0,0
1779914010476,1352,16937,-3734,-98,140,293,walking,0.00,0,0,0,0,0
1779914010477,931,17238,-3713,-133,132,293,walking,0.00,0,0,0,0,0
1779914010478,643,17425,-3820,-167,120,286,walking,0.00,0,0,0,0,0
1779914010510,552,17245,-3853,-203,98,264,walking,0.00,0,0,0,0,0
1779914010511,694,17013,-3853,-266,66,235,walking,0.00,0,0,0,0,0
1779914010511,904,17311,-3776,-366,27,199,walking,0.00,0,0,0,0,0
1779914010537,902,18045,-3751,-481,7,146,walking,0.00,0,0,0,0,0
1779914010537,789,19007,-3749,-559,19,90,walking,0.00,0,0,0,0,0
1779914010538,664,20013,-3495,-550,49,39,walking,0.00,0,0,0,0,0
1779914010568,706,20399,-3203,-483,75,-18,walking,0.00,0,0,0,0,0
1779914010568,545,19987,-3148,-410,89,-57,walking,0.00,0,0,0,0,0
1779914010570,447,18542,-3217,-336,88,-47,walking,0.00,0,0,0,0,0
1779914010601,596,17187,-3268,-301,61,22,walking,0.00,0,0,0,0,0
1779914010602,820,15638,-3179,-269,10,117,walking,0.00,0,0,0,0,0
1779914010603,1802,14383,-3245,-319,-35,177,walking,0.00,0,0,0,0,0
1779914010627,2335,14557,-3139,-408,-90,191,walking,0.00,0,0,0,0,0
1779914010628,2330,16116,-3048,-458,-114,157,walking,0.00,0,0,0,0,0
1779914010628,1845,17960,-3174,-346,-107,133,walking,0.00,0,0,0,0,0
1779914010658,861,18823,-2987,-101,-96,122,walking,0.00,0,0,0,0,0
1779914010658,83,18573,-2655,110,-101,101,walking,0.00,0,0,0,0,0
1779914010659,-117,18043,-2464,209,-124,79,walking,0.00,0,0,0,0,0
1779914010691,-261,17797,-2380,208,-155,47,walking,0.00,0,0,0,0,0
1779914010692,-492,17622,-2339,151,-180,6,walking,0.00,0,0,0,0,0
1779914010692,-697,17487,-2238,74,-196,-39,walking,0.00,0,0,0,0,0
1779914010717,-883,17468,-2118,-7,-201,-83,walking,0.00,0,0,0,0,0
1779914010719,-1010,17667,-2060,-59,-196,-131,walking,0.00,0,0,0,0,0
1779914010719,-1108,17712,-2119,-33,-181,-182,walking,0.00,0,0,0,0,0
1779914010748,-933,17075,-2105,38,-160,-224,walking,0.00,0,0,0,0,0
1779914010749,-660,16182,-2246,78,-157,-250,walking,0.00,0,0,0,0,0
1779914010749,-537,15200,-2425,70,-181,-267,walking,0.00,0,0,0,0,0
1779914010782,-374,14185,-2471,30,-217,-280,walking,0.00,0,0,0,0,0
1779914010783,-176,13497,-2584,-79,-255,-288,walking,0.00,0,0,0,0,0
1779914010784,494,13914,-2834,-157,-277,-264,walking,0.00,0,0,0,0,0
1779914010808,630,13880,-2789,-87,-254,-245,walking,0.00,0,0,0,0,0
1779914010809,793,13606,-2698,-4,-218,-228,walking,0.00,0,0,0,0,0
1779914010809,898,13691,-2555,78,-172,-194,walking,0.00,0,0,0,0,0
1779914010839,880,13619,-2360,143,-132,-156,walking,0.00,0,0,0,0,0
1779914010839,629,13421,-2189,182,-106,-123,walking,0.00,0,0,0,0,0
1779914010842,612,13264,-2150,204,-80,-93,walking,0.00,0,0,0,0,0
1779914010869,771,13151,-1872,224,-54,-64,walking,0.00,0,0,0,0,0
1779914010869,999,13005,-1684,205,-27,-28,walking,0.00,0,0,0,0,0
1779914010870,1021,13224,-1613,166,-10,15,walking,0.00,0,0,0,0,0
1779914010899,869,13632,-1594,135,4,28,walking,0.00,0,0,0,0,0
1779914010899,667,14008,-1613,154,40,24,walking,0.00,0,0,0,0,0
1779914010900,825,14297,-1612,221,104,34,walking,0.00,0,0,0,0,0
1779914010927,637,14162,-1630,280,146,34,walking,0.00,0,0,0,0,0
1779914010928,421,13957,-1634,272,174,17,walking,0.00,0,0,0,0,0
1779914010928,533,14163,-1713,234,197,9,walking,0.00,0,0,0,0,0
1779914010957,660,14629,-1842,211,208,11,walking,0.00,0,0,0,0,0
1779914010958,573,15024,-1923,199,218,1,walking,0.00,0,0,0,0,0
1779914010958,511,15642,-2003,218,240,-9,walking,0.00,0,0,0,0,0
1779914010999,335,16233,-1950,276,267,-27,walking,0.00,0,0,0,0,0
1779914011000,108,16309,-1937,343,314,-47,walking,0.00,0,0,0,0,0
1779914011000,-479,16373,-1720,349,344,-70,walking,0.00,0,0,0,0,0
1779914011016,-917,16903,-1832,300,371,-106,walking,0.00,0,0,0,0,0
1779914011016,-1164,17264,-1876,264,391,-151,walking,0.00,0,0,0,0,0
1779914011016,-1549,17322,-1988,233,403,-202,walking,0.00,0,0,0,0,0
1779914011049,-1654,17413,-2139,185,421,-268,walking,0.00,0,0,0,0,0
1779914011050,-1302,17350,-2310,123,430,-329,walking,0.00,0,0,0,0,0
1779914011051,-1038,17504,-2605,45,422,-369,walking,0.00,0,0,0,0,0
1779914011076,-989,17593,-2827,-7,403,-394,walking,0.00,0,0,0,0,0
1779914011076,-922,17697,-3067,-10,392,-402,walking,0.00,0,0,0,0,0
1779914011076,-599,17915,-3279,8,391,-405,walking,0.00,0,0,0,0,0
1779914011105,-503,18179,-3498,26,390,-404,walking,0.00,0,0,0,0,0
1779914011106,-680,18737,-3415,49,394,-414,walking,0.00,0,0,0,0,0
1779914011106,-950,19477,-3251,69,410,-464,walking,0.00,0,0,0,0,0
1779914011138,-1207,20085,-3221,66,418,-548,walking,0.00,0,0,0,0,0
1779914011138,-1627,20223,-3562,55,415,-625,walking,0.00,0,0,0,0,0
1779914011138,-1975,19581,-3789,53,393,-666,walking,0.00,0,0,0,0,0
1779914011166,-2022,17934,-3992,0,330,-622,walking,0.00,0,0,0,0,0
1779914011167,-1765,16013,-4274,-126,242,-499,walking,0.00,0,0,0,0,0
1779914011168,-1023,14947,-4677,-276,161,-340,walking,0.00,0,0,0,0,0
1779914011198,-174,14111,-5094,-344,99,-188,walking,0.00,0,0,0,0,0
1779914011198,45,13944,-4924,-346,55,-77,walking,0.00,0,0,0,0,0
1779914011199,192,14800,-4945,-314,66,-25,walking,0.00,0,0,0,0,0
1779914011227,-60,15942,-5121,-215,91,2,walking,0.00,0,0,0,0,0
1779914011227,-1504,17257,-5281,-65,101,11,walking,0.00,0,0,0,0,0
1779914011228,-2416,17609,-5385,116,126,-11,walking,0.00,0,0,0,0,0
1779914011259,-2943,17628,-5081,258,138,-16,walking,0.00,0,0,0,0,0
1779914011260,-3150,17124,-4705,291,133,6,walking,0.00,0,0,0,0,0
1779914011261,-3125,16435,-4487,218,112,30,walking,0.00,0,0,0,0,0
1779914011290,-3133,15927,-4307,95,76,41,walking,0.00,0,0,0,0,0
1779914011291,-2918,15578,-4159,-39,43,31,walking,0.00,0,0,0,0,0
1779914011291,-2463,15363,-4177,-155,35,12,walking,0.00,0,0,0,0,0
1779914011317,-2100,15345,-4245,-219,44,-4,walking,0.00,0,0,0,0,0
1779914011318,-1736,15315,-4247,-219,61,-17,walking,0.00,0,0,0,0,0
1779914011318,-1378,15187,-4334,-181,81,-14,walking,0.00,0,0,0,0,0
1779914011349,-1104,14806,-4419,-125,98,-4,walking,0.00,0,0,0,0,0
1779914011349,-709,14460,-4427,-62,115,24,walking,0.00,0,0,0,0,0
1779914011350,-437,14104,-4496,-15,127,56,walking,0.00,0,0,0,0,0
1779914011381,-367,13736,-4467,23,137,83,walking,0.00,0,0,0,0,0
1779914011382,-306,13362,-4303,54,149,107,walking,0.00,0,0,0,0,0
1779914011382,-163,13171,-4181,59,169,125,walking,0.00,0,0,0,0,0
1779914011409,-136,13164,-4102,48,193,143,walking,0.00,0,0,0,0,0
1779914011409,-135,13348,-4046,63,220,157,walking,0.00,0,0,0,0,0
1779914011410,-259,13366,-3874,87,245,158,walking,0.00,0,0,0,0,0
1779914011440,-150,13182,-3834,105,284,160,walking,0.00,0,0,0,0,0
1779914011440,-33,13038,-3798,116,315,177,walking,0.00,0,0,0,0,0
1779914011442,79,13087,-3889,104,331,176,walking,0.00,0,0,0,0,0
1779914011473,255,12977,-3952,88,339,151,walking,0.00,0,0,0,0,0
1779914011473,543,13048,-3967,59,348,130,walking,0.00,0,0,0,0,0
1779914011474,651,13336,-4038,25,348,101,walking,0.00,0,0,0,0,0
1779914011502,565,13623,-4161,-1,339,67,walking,0.00,0,0,0,0,0
1779914011502,621,13789,-4304,-13,327,38,walking,0.00,0,0,0,0,0
1779914011503,779,13762,-4495,-23,312,16,walking,0.00,0,0,0,0,0
1779914011530,983,13719,-4748,-40,293,0,walking,0.00,0,0,0,0,0
1779914011532,1130,13629,-4850,-58,261,-11,walking,0.00,0,0,0,0,0
1779914011532,1366,13643,-4954,-82,229,-16,walking,0.00,0,0,0,0,0
1779914011557,1584,13757,-5090,-113,198,-15,walking,0.00,0,0,0,0,0
1779914011563,1628,14132,-5079,-118,175,-14,walking,0.00,0,0,0,0,0
1779914011563,1602,14707,-4915,-93,168,-3,walking,0.00,0,0,0,0,0
1779914011592,1481,15187,-4805,-50,167,19,walking,0.00,0,0,0,0,0
1779914011593,1134,15577,-4705,-12,171,44,walking,0.00,0,0,0,0,0
1779914011593,704,15949,-4603,11,179,61,walking,0.00,0,0,0,0,0
1779914011617,220,16216,-4485,5,189,77,walking,0.00,0,0,0,0,0
1779914011618,-293,16523,-4358,-33,197,95,walking,0.00,0,0,0,0,0
1779914011618,-890,16695,-4209,-84,203,111,walking,0.00,0,0,0,0,0
1779914011648,-1158,16730,-4088,-135,208,136,walking,0.00,0,0,0,0,0
1779914011649,-1086,16776,-3888,-190,206,149,walking,0.00,0,0,0,0,0
1779914011650,-1041,17220,-3762,-272,197,129,walking,0.00,0,0,0,0,0
1779914011677,-1291,18318,-3810,-361,200,62,walking,0.00,0,0,0,0,0
1779914011677,-1678,19911,-3929,-389,229,-41,walking,0.00,0,0,0,0,0
1779914011678,-1822,20781,-3960,-318,275,-150,walking,0.00,0,0,0,0,0
1779914011709,-2103,20792,-3856,-271,296,-227,walking,0.00,0,0,0,0,0
1779914011710,-2706,20745,-3880,-319,286,-271,walking,0.00,0,0,0,0,0
1779914011711,-2780,20104,-4437,-336,281,-272,walking,0.00,0,0,0,0,0
1779914011739,-2695,18434,-4550,-243,256,-192,walking,0.00,0,0,0,0,0
1779914011740,-2206,16320,-4446,-159,244,-108,walking,0.00,0,0,0,0,0
1779914011740,-1366,14941,-4319,-117,248,-34,walking,0.00,0,0,0,0,0
1779914011768,-450,14352,-4086,-66,276,7,walking,0.00,0,0,0,0,0
1779914011768,-64,15306,-3746,-50,302,23,walking,0.00,0,0,0,0,0
1779914011769,-436,16705,-3936,0,339,-4,walking,0.00,0,0,0,0,0
1779914011798,-1103,17652,-3979,181,392,-22,walking,0.00,0,0,0,0,0
1779914011799,-1943,17750,-3589,358,425,-32,walking,0.00,0,0,0,0,0
1779914011799,-2332,17285,-3175,411,424,-35,walking,0.00,0,0,0,0,0
1779914011828,-2188,17512,-2756,371,419,-22,walking,0.00,0,0,0,0,0
1779914011832,-1998,17375,-2635,348,436,-9,walking,0.00,0,0,0,0,0
1779914011832,-2327,16878,-2427,336,448,19,walking,0.00,0,0,0,0,0
1779914011859,-2674,16399,-2244,272,452,17,walking,0.00,0,0,0,0,0
1779914011860,-2821,16115,-2338,161,457,-9,walking,0.00,0,0,0,0,0
1779914011860,-3016,16023,-2587,53,468,-42,walking,0.00,0,0,0,0,0
1779914011889,-3241,16259,-2889,-21,485,-69,walking,0.00,0,0,0,0,0
1779914011890,-3237,16262,-3210,-37,509,-95,walking,0.00,0,0,0,0,0
1779914011891,-3201,15911,-3369,-26,519,-113,walking,0.00,0,0,0,0,0
1779914011919,-3250,15485,-3513,-31,511,-123,walking,0.00,0,0,0,0,0
1779914011925,-3237,15069,-3700,-43,504,-123,walking,0.00,0,0,0,0,0
1779914011926,-2898,14467,-4140,-23,515,-99,walking,0.00,0,0,0,0,0
1779914011947,-2787,14250,-4143,-9,536,-96,walking,0.00,0,0,0,0,0
1779914011948,-2727,14223,-4076,8,573,-85,walking,0.00,0,0,0,0,0
1779914011949,-2681,14260,-3952,42,629,-67,walking,0.00,0,0,0,0,0
1779914011977,-2674,14221,-3719,93,692,-48,walking,0.00,0,0,0,0,0
1779914011977,-2632,14063,-3348,147,751,-43,walking,0.00,0,0,0,0,0
1779914011978,-2420,13839,-2866,191,814,-51,walking,0.00,0,0,0,0,0
1779914012007,-2174,13574,-2426,209,870,-72,walking,0.00,0,0,0,0,0
1779914012008,-2062,13303,-2097,173,911,-100,walking,0.00,0,0,0,0,0
1779914012008,-1917,13246,-1849,90,948,-129,walking,0.00,0,0,0,0,0
1779914012039,-1851,13765,-1646,14,977,-149,walking,0.00,0,0,0,0,0
1779914012040,-1754,13946,-1372,-16,1007,-180,walking,0.00,0,0,0,0,0
1779914012040,-1618,13936,-1280,-51,1035,-203,walking,0.00,0,0,0,0,0
1779914012071,-1482,13628,-1406,-88,1057,-222,walking,0.00,0,0,0,0,0
1779914012071,-1251,13534,-1386,-131,1072,-255,walking,0.00,0,0,0,0,0
1779914012072,-990,13529,-1400,-193,1081,-290,walking,0.00,0,0,0,0,0
1779914012099,-770,13653,-1469,-256,1090,-321,walking,0.00,0,0,0,0,0
1779914012100,-682,13958,-1538,-294,1097,-347,walking,0.00,0,0,0,0,0
1779914012101,-670,14318,-1628,-308,1104,-371,walking,0.00,0,0,0,0,0
1779914012127,-496,14702,-1762,-306,1110,-399,walking,0.00,0,0,0,0,0
1779914012127,-250,14879,-1767,-276,1121,-432,walking,0.00,0,0,0,0,0
1779914012128,25,14864,-1563,-239,1138,-470,walking,0.00,0,0,0,0,0
1779914012158,341,14656,-1441,-234,1157,-516,walking,0.00,0,0,0,0,0
1779914012159,499,14770,-1363,-263,1166,-546,walking,0.00,0,0,0,0,0
1779914012160,413,15072,-1486,-294,1163,-551,walking,0.00,0,0,0,0,0
1779914012189,233,15232,-1647,-271,1154,-550,walking,0.00,0,0,0,0,0
1779914012190,54,15151,-1899,-222,1136,-547,walking,0.00,0,0,0,0,0
1779914012190,-76,14732,-2262,-175,1117,-555,walking,0.00,0,0,0,0,0
1779914012216,-151,14499,-2600,-136,1096,-564,walking,0.00,0,0,0,0,0
1779914012217,-112,14501,-2937,-105,1078,-563,walking,0.00,0,0,0,0,0
1779914012218,-195,14632,-3084,-61,1061,-553,walking,0.00,0,0,0,0,0
1779914012250,-329,14752,-3208,-14,1058,-539,walking,0.00,0,0,0,0,0
1779914012251,-418,14947,-3338,44,1065,-528,walking,0.00,0,0,0,0,0
1779914012251,-620,15248,-3308,115,1069,-514,walking,0.00,0,0,0,0,0
1779914012280,-1002,15462,-3162,183,1065,-511,walking,0.00,0,0,0,0,0
1779914012283,-1451,15590,-2945,227,1068,-525,walking,0.00,0,0,0,0,0
1779914012284,-1667,15655,-2924,236,1079,-548,walking,0.00,0,0,0,0,0
1779914012307,-1757,15634,-3030,229,1087,-562,walking,0.00,0,0,0,0,0
1779914012309,-1819,15493,-3134,213,1078,-565,walking,0.00,0,0,0,0,0
1779914012310,-2010,15100,-3273,161,1050,-551,walking,0.00,0,0,0,0,0
1779914012339,-2163,14734,-3524,70,1005,-521,walking,0.00,0,0,0,0,0
1779914012339,-2405,14639,-3815,-24,948,-482,walking,0.00,0,0,0,0,0
1779914012340,-2706,14603,-4187,-77,910,-450,walking,0.00,0,0,0,0,0
1779914012366,-2970,14501,-4445,-85,900,-438,walking,0.00,0,0,0,0,0
1779914012367,-2970,14443,-4642,-81,910,-444,walking,0.00,0,0,0,0,0
1779914012368,-2815,14648,-4764,-77,913,-452,walking,0.00,0,0,0,0,0
1779914012397,-2623,15049,-4793,-64,900,-476,walking,0.00,0,0,0,0,0
1779914012398,-2429,15213,-4877,-59,871,-530,walking,0.00,0,0,0,0,0
1779914012399,-2422,15581,-4842,-78,822,-589,walking,0.00,0,0,0,0,0
1779914012430,-2332,16290,-4824,-130,753,-640,walking,0.00,0,0,0,0,0
1779914012430,-2275,16918,-5129,-158,666,-688,walking,0.00,0,0,0,0,0
1779914012431,-2404,17416,-5295,-126,582,-720,walking,0.00,0,0,0,0,0
1779914012457,-2490,17459,-5484,-59,506,-739,walking,0.00,0,0,0,0,0
1779914012457,-2882,17266,-5611,37,447,-748,walking,0.00,0,0,0,0,0
1779914012458,-2948,16756,-5486,156,418,-756,walking,0.00,0,0,0,0,0
1779914012489,-3350,16075,-5184,202,380,-743,walking,0.00,0,0,0,0,0
1779914012489,-3892,15808,-5222,202,379,-740,walking,0.00,0,0,0,0,0
1779914012490,-3888,15699,-5076,243,400,-719,walking,0.00,0,0,0,0,0
1779914012517,-4321,15391,-5092,239,392,-696,walking,0.00,0,0,0,0,0
1779914012518,-4565,15507,-5058,216,382,-686,walking,0.00,0,0,0,0,0
1779914012518,-4634,15524,-4807,197,363,-650,walking,0.00,0,0,0,0,0
1779914012548,-4813,15679,-4858,153,347,-623,walking,0.00,0,0,0,0,0
1779914012549,-4985,15755,-4759,129,329,-598,walking,0.00,0,0,0,0,0
1779914012549,-5114,15634,-4676,133,312,-560,walking,0.00,0,0,0,0,0
1779914012584,-5345,15581,-4646,123,294,-529,walking,0.00,0,0,0,0,0
1779914012585,-5010,15094,-4824,144,310,-553,walking,0.00,0,0,0,0,0
1779914012586,-4663,14581,-4869,115,307,-536,walking,0.00,0,0,0,0,0
1779914012608,-4763,14594,-4962,-7,270,-530,walking,0.00,0,0,0,0,0
1779914012609,-4623,15198,-4971,-64,250,-534,walking,0.00,0,0,0,0,0
1779914012609,-4327,15443,-4980,-47,238,-492,walking,0.00,0,0,0,0,0
1779914012638,-4299,15338,-4875,-7,224,-454,walking,0.00,0,0,0,0,0
1779914012639,-4224,15181,-4765,25,219,-411,walking,0.00,0,0,0,0,0
1779914012640,-4018,15133,-4733,47,207,-370,walking,0.00,0,0,0,0,0
1779914012667,-4256,14976,-4495,58,185,-346,walking,0.00,0,0,0,0,0
1779914012667,-4457,15130,-4322,40,173,-319,walking,0.00,0,0,0,0,0
1779914012668,-4529,15324,-4232,26,171,-300,walking,0.00,0,0,0,0,0
1779914012698,-4759,15522,-4155,9,171,-278,walking,0.00,0,0,0,0,0
1779914012700,-4839,15736,-4095,-14,180,-249,walking,0.00,0,0,0,0,0
1779914012705,-4981,15819,-4023,-38,185,-231,walking,0.00,0,0,0,0,0
1779914012725,-5043,15999,-3974,-79,181,-210,walking,0.00,0,0,0,0,0
1779914012726,-5040,16158,-4043,-127,172,-190,walking,0.00,0,0,0,0,0
1779914012728,-5104,16256,-4098,-175,161,-169,walking,0.00,0,0,0,0,0
1779914012760,-4998,16213,-4286,-206,156,-143,walking,0.00,0,0,0,0,0
1779914012763,-4757,15977,-4536,-194,155,-107,walking,0.00,0,0,0,0,0
1779914012764,-4637,15557,-4498,-169,143,-77,walking,0.00,0,0,0,0,0
1779914012790,-4466,15123,-4596,-176,126,-43,walking,0.00,0,0,0,0,0
1779914012791,-4247,14991,-4692,-179,108,-3,walking,0.00,0,0,0,0,0
1779914012791,-4116,14874,-4802,-169,94,31,walking,0.00,0,0,0,0,0
1779914012822,-4000,14860,-4742,-141,91,56,walking,0.00,0,0,0,0,0
1779914012822,-3862,14851,-4451,-100,95,73,walking,0.00,0,0,0,0,0
1779914012823,-3723,14858,-4138,-75,99,92,walking,0.00,0,0,0,0,0
1779914012848,-3718,15134,-3854,-69,95,112,walking,0.00,0,0,0,0,0
1779914012849,-3755,15407,-3601,-54,96,122,walking,0.00,0,0,0,0,0
1779914012850,-3818,15617,-3400,-19,94,122,walking,0.00,0,0,0,0,0
1779914012880,-3876,15580,-3160,11,83,111,walking,0.00,0,0,0,0,0
1779914012880,-3841,15554,-3047,23,70,96,walking,0.00,0,0,0,0,0
1779914012881,-3880,15506,-2999,29,48,83,walking,0.00,0,0,0,0,0
1779914012908,-4030,15352,-3030,37,32,67,walking,0.00,0,0,0,0,0
1779914012908,-4038,15195,-2949,41,25,46,walking,0.00,0,0,0,0,0
1779914012909,-4018,15175,-2953,30,23,23,walking,0.00,0,0,0,0,0
1779914012939,-4042,15291,-3013,21,27,3,walking,0.00,0,0,0,0,0
1779914012940,-4203,15325,-3093,28,31,-20,walking,0.00,0,0,0,0,0
1779914012940,-4298,15283,-3080,51,38,-44,walking,0.00,0,0,0,0,0
1779914012966,-4303,15106,-3062,61,40,-66,walking,0.00,0,0,0,0,0
1779914012967,-4309,14924,-3156,47,37,-84,walking,0.00,0,0,0,0,0
1779914012967,-4281,14909,-3330,32,27,-102,walking,0.00,0,0,0,0,0
1779914012999,-4108,15019,-3371,26,8,-122,walking,0.00,0,0,0,0,0
1779914013005,-4052,15027,-3448,39,-10,-141,walking,0.00,0,0,0,0,0
1779914013006,-4050,15007,-3519,56,-26,-159,walking,0.00,0,0,0,0,0
1779914013029,-3986,14910,-3571,67,-43,-181,walking,0.00,0,0,0,0,0
1779914013030,-3929,14995,-3613,73,-60,-200,walking,0.00,0,0,0,0,0
1779914013031,-3912,15110,-3638,87,-80,-218,walking,0.00,0,0,0,0,0
1779914013059,-3961,15226,-3687,104,-101,-243,walking,0.00,0,0,0,0,0
1779914013063,-3950,15453,-3694,127,-142,-302,walking,0.00,0,0,0,0,0
1779914013064,-4043,15619,-3715,129,-160,-323,walking,0.00,0,0,0,0,0
1779914013089,-4049,15724,-3662,140,-175,-339,walking,0.00,0,0,0,0,0
1779914013091,-4035,15715,-3637,150,-196,-361,walking,0.00,0,0,0,0,0
1779914013091,-4027,15690,-3627,149,-216,-388,walking,0.00,0,0,0,0,0
1779914013117,-4068,15882,-3652,131,-239,-410,walking,0.00,0,0,0,0,0
1779914013121,-4311,16057,-3799,113,-266,-421,walking,0.00,0,0,0,0,0
1779914013122,-4594,16148,-3917,123,-289,-421,walking,0.00,0,0,0,0,0
1779914013146,-4757,16122,-3839,135,-308,-417,walking,0.00,0,0,0,0,0
1779914013147,-4817,16100,-3872,121,-320,-407,walking,0.00,0,0,0,0,0
1779914013148,-4974,16113,-3919,104,-329,-381,walking,0.00,0,0,0,0,0
1779914013184,-5169,16063,-3898,106,-335,-343,walking,0.00,0,0,0,0,0
1779914013184,-5205,15847,-3862,110,-337,-314,walking,0.00,0,0,0,0,0
1779914013185,-5149,15635,-3695,88,-333,-294,walking,0.00,0,0,0,0,0
1779914013208,-5012,15857,-3649,34,-333,-275,walking,0.00,0,0,0,0,0
1779914013208,-5108,16115,-3787,19,-321,-247,walking,0.00,0,0,0,0,0
1779914013209,-5117,15943,-3709,27,-310,-221,walking,0.00,0,0,0,0,0
1779914013240,-4973,16057,-3626,4,-300,-198,walking,0.00,0,0,0,0,0
1779914013241,-4798,16111,-3660,-16,-290,-170,walking,0.00,0,0,0,0,0
1779914013241,-4843,15952,-3620,-20,-285,-130,walking,0.00,0,0,0,0,0
1779914013267,-4807,15786,-3519,-47,-284,-95,walking,0.00,0,0,0,0,0
1779914013271,-4654,15751,-3656,-85,-284,-71,walking,0.00,0,0,0,0,0
1779914013272,-4695,15878,-3644,-110,-288,-47,walking,0.00,0,0,0,0,0
1779914013297,-4837,15926,-3759,-117,-289,-26,walking,0.00,0,0,0,0,0
1779914013298,-4947,15904,-3877,-116,-288,3,walking,0.00,0,0,0,0,0
1779914013298,-5019,15811,-3917,-111,-285,32,walking,0.00,0,0,0,0,0
1779914013329,-5083,15638,-3929,-110,-280,67,walking,0.00,0,0,0,0,0
1779914013330,-5124,15478,-3987,-110,-276,107,walking,0.00,0,0,0,0,0
1779914013330,-5105,15217,-3964,-109,-271,141,walking,0.00,0,0,0,0,0
1779914013358,-5064,15037,-3953,-112,-265,162,walking,0.00,0,0,0,0,0
1779914013358,-5090,14997,-3967,-117,-260,178,walking,0.00,0,0,0,0,0
1779914013359,-5105,15134,-3863,-115,-258,192,walking,0.00,0,0,0,0,0
1779914013388,-5300,15037,-3874,-111,-255,204,walking,0.00,0,0,0,0,0
1779914013389,-5328,15103,-3839,-100,-246,218,walking,0.00,0,0,0,0,0
1779914013389,-5360,14994,-3788,-81,-235,229,walking,0.00,0,0,0,0,0
1779914013417,-5244,14973,-3733,-74,-221,233,walking,0.00,0,0,0,0,0
1779914013418,-5221,14854,-3730,-60,-205,238,walking,0.00,0,0,0,0,0
1779914013419,-5168,14691,-3652,-39,-194,238,walking,0.00,0,0,0,0,0
1779914013447,-5079,14620,-3506,-32,-188,228,walking,0.00,0,0,0,0,0
1779914013448,-5074,14578,-3406,-40,-186,221,walking,0.00,0,0,0,0,0
1779914013448,-5123,14637,-3300,-36,-178,221,walking,0.00,0,0,0,0,0
1779914013477,-5118,14656,-3223,-19,-170,215,walking,0.00,0,0,0,0,0
1779914013478,-5146,14676,-3152,-8,-164,211,walking,0.00,0,0,0,0,0
1779914013478,-5230,14736,-3095,-4,-158,204,walking,0.00,0,0,0,0,0
1779914013506,-5370,14726,-3109,-3,-154,198,walking,0.00,0,0,0,0,0
1779914013507,-5443,14721,-3042,-1,-145,191,walking,0.00,0,0,0,0,0
1779914013507,-5538,14782,-2991,-8,-136,185,walking,0.00,0,0,0,0,0
1779914013537,-5615,14875,-2951,-16,-125,173,walking,0.00,0,0,0,0,0
1779914013538,-5647,15026,-2952,-16,-107,163,walking,0.00,0,0,0,0,0
1779914013539,-5747,15166,-2964,-13,-86,154,walking,0.00,0,0,0,0,0
1779914013566,-5894,15272,-2952,-10,-69,143,walking,0.00,0,0,0,0,0
1779914013567,-5900,15361,-2984,-4,-51,129,walking,0.00,0,0,0,0,0
1779914013568,-5909,15382,-2989,-2,-30,121,walking,0.00,0,0,0,0,0
1779914013598,-5904,15463,-2994,-3,-12,108,walking,0.00,0,0,0,0,0
1779914013599,-5895,15409,-3036,-4,3,96,walking,0.00,0,0,0,0,0
1779914013600,-5809,15239,-3024,-9,13,84,walking,0.00,0,0,0,0,0
1779914013630,-5712,14970,-3014,-26,19,67,walking,0.00,0,0,0,0,0
1779914013633,-5577,14792,-3076,-42,24,50,walking,0.00,0,0,0,0,0
1779914013633,-5399,14655,-3089,-53,26,31,walking,0.00,0,0,0,0,0
1779914013657,-5215,14730,-3045,-68,28,9,walking,0.00,0,0,0,0,0
1779914013657,-5158,14974,-3086,-91,30,-10,walking,0.00,0,0,0,0,0
1779914013658,-5170,15228,-3068,-88,35,-24,walking,0.00,0,0,0,0,0
1779914013687,-5153,15258,-3069,-56,41,-32,walking,0.00,0,0,0,0,0
1779914013688,-5067,14906,-3063,-20,47,-39,walking,0.00,0,0,0,0,0
1779914013689,-4864,14561,-2999,-20,44,-53,walking,0.00,0,0,0,0,0
1779914013717,-4625,14492,-2969,-53,37,-69,walking,0.00,0,0,0,0,0
1779914013720,-4516,14700,-2995,-88,28,-82,walking,0.00,0,0,0,0,0
1779914013721,-4460,15004,-2953,-100,20,-90,walking,0.00,0,0,0,0,0
1779914013750,-4792,15172,-2937,-79,16,-102,walking,0.00,0,0,0,0,0
1779914013751,-4715,15066,-2891,-35,20,-102,walking,0.00,0,0,0,0,0
1779914013755,-4487,14815,-2878,-10,22,-109,walking,0.00,0,0,0,0,0
1779914013778,-4491,14740,-2870,-18,18,-116,walking,0.00,0,0,0,0,0
1779914013779,-4430,14851,-2903,-38,15,-124,walking,0.00,0,0,0,0,0
1779914013780,-4394,15050,-2718,-41,14,-127,walking,0.00,0,0,0,0,0
1779914013807,-4435,15109,-2597,-24,15,-124,walking,0.00,0,0,0,0,0
1779914013808,-4490,15011,-2662,-13,17,-109,walking,0.00,0,0,0,0,0
1779914013809,-4546,14819,-2670,3,19,-96,walking,0.00,0,0,0,0,0
1779914013839,-4420,14697,-2594,7,20,-95,walking,0.00,0,0,0,0,0
1779914013840,-4326,14772,-2626,-17,14,-101,walking,0.00,0,0,0,0,0
1779914013841,-4368,15076,-2664,-39,6,-103,walking,0.00,0,0,0,0,0
1779914013867,-4540,15308,-2551,-35,-2,-100,walking,0.00,0,0,0,0,0
1779914013870,-4622,15237,-2516,-17,-8,-88,walking,0.00,0,0,0,0,0
1779914013871,-4578,15060,-2439,-4,-17,-70,walking,0.00,0,0,0,0,0
1779914013897,-4537,14769,-2477,-15,-23,-57,walking,0.00,0,0,0,0,0
1779914013929,-4491,14653,-2434,-30,-27,-52,walking,0.00,0,0,0,0,0
1779914013929,-4506,14620,-2435,-49,-35,-48,walking,0.00,0,0,0,0,0
1779914013930,-4549,14596,-2434,-66,-44,-39,walking,0.00,0,0,0,0,0
1779914013931,-4547,14710,-2386,-80,-53,-27,walking,0.00,0,0,0,0,0
1779914013931,-4535,14888,-2381,-90,-61,-14,walking,0.00,0,0,0,0,0
1779914013956,-4535,15194,-2324,-97,-67,-8,walking,0.00,0,0,0,0,0
1779914013956,-4648,15518,-2353,-97,-70,-8,walking,0.00,0,0,0,0,0
1779914013958,-4862,15659,-2409,-72,-74,-6,walking,0.00,0,0,0,0,0
1779914013988,-4944,15568,-2328,-49,-79,4,walking,0.00,0,0,0,0,0
1779914013991,-4932,15441,-2298,-50,-84,14,walking,0.00,0,0,0,0,0
1779914013991,-4959,15401,-2357,-65,-91,23,walking,0.00,0,0,0,0,0
1779914014016,-5040,15298,-2370,-78,-102,31,walking,0.00,0,0,0,0,0
1779914014020,-5159,15312,-2413,-96,-112,37,walking,0.00,0,0,0,0,0
1779914014021,-5241,15424,-2478,-107,-117,42,walking,0.00,0,0,0,0,0
1779914014047,-5217,15485,-2482,-105,-120,50,walking,0.00,0,0,0,0,0
1779914014047,-5253,15545,-2498,-106,-121,56,walking,0.00,0,0,0,0,0
1779914014048,-5340,15668,-2532,-104,-119,56,walking,0.00,0,0,0,0,0
1779914014079,-5344,15736,-2626,-95,-116,59,walking,0.00,0,0,0,0,0
1779914014079,-5387,15730,-2634,-82,-115,66,walking,0.00,0,0,0,0,0
1779914014080,-5407,15611,-2675,-74,-112,74,walking,0.00,0,0,0,0,0
1779914014108,-5402,15526,-2676,-69,-110,81,walking,0.00,0,0,0,0,0
1779914014116,-5330,15434,-2673,-69,-114,85,walking,0.00,0,0,0,0,0
1779914014117,-5300,15350,-2730,-73,-117,82,walking,0.00,0,0,0,0,0
1779914014137,-5258,15419,-2810,-71,-115,74,walking,0.00,0,0,0,0,0
1779914014169,-5245,15598,-2766,-60,-110,62,walking,0.00,0,0,0,0,0
1779914014170,-5284,15688,-2715,-33,-106,47,walking,0.00,0,0,0,0,0
1779914014171,-5304,15635,-2685,1,-102,33,walking,0.00,0,0,0,0,0
1779914014172,-5222,15437,-2678,17,-103,17,walking,0.00,0,0,0,0,0
1779914014172,-5134,15287,-2644,10,-106,3,walking,0.00,0,0,0,0,0
1779914014197,-5070,15195,-2616,2,-112,-4,walking,0.00,0,0,0,0,0
1779914014197,-5018,14980,-2432,-4,-114,1,walking,0.00,0,0,0,0,0
1779914014198,-4953,14833,-2372,-5,-111,4,walking,0.00,0,0,0,0,0
1779914014231,-4913,14942,-2339,-13,-109,2,walking,0.00,0,0,0,0,0
1779914014232,-4857,15186,-2377,-25,-103,-13,walking,0.00,0,0,0,0,0
1779914014233,-4832,15492,-2469,-18,-95,-36,walking,0.00,0,0,0,0,0
1779914014262,-4958,15599,-2387,11,-87,-51,walking,0.00,0,0,0,0,0
1779914014263,-4910,15506,-2366,35,-79,-55,walking,0.00,0,0,0,0,0
1779914014263,-4820,15371,-2301,36,-78,-56,walking,0.00,0,0,0,0,0
1779914014289,-4810,15191,-2252,24,-84,-51,walking,0.00,0,0,0,0,0
1779914014290,-4743,15055,-2286,20,-88,-46,walking,0.00,0,0,0,0,0
1779914014291,-4729,14918,-2250,4,-91,-47,walking,0.00,0,0,0,0,0
1779914014320,-4821,14880,-2315,-15,-93,-45,walking,0.00,0,0,0,0,0
1779914014321,-4916,14883,-2330,-23,-93,-37,walking,0.00,0,0,0,0,0
1779914014347,-5033,14780,-2400,-25,-93,-24,walking,0.00,0,0,0,0,0
1779914014348,-5034,14585,-2423,-25,-93,-6,walking,0.00,0,0,0,0,0
1779914014349,-4946,14404,-2407,-30,-97,12,walking,0.00,0,0,0,0,0
1779914014349,-4878,14217,-2347,-35,-104,25,walking,0.00,0,0,0,0,0
1779914014380,-4755,14199,-2358,-50,-111,29,walking,0.00,0,0,0,0,0
1779914014381,-4685,14365,-2316,-65,-116,27,walking,0.00,0,0,0,0,0
1779914014382,-4776,14605,-2245,-64,-119,29,walking,0.00,0,0,0,0,0
1779914014406,-4816,14801,-2137,-50,-121,32,walking,0.00,0,0,0,0,0
1779914014407,-4866,14852,-2111,-31,-123,32,walking,0.00,0,0,0,0,0
1779914014408,-4785,14883,-2002,-15,-120,26,walking,0.00,0,0,0,0,0
1779914014437,-4814,14824,-1966,1,-121,17,walking,0.00,0,0,0,0,0
1779914014438,-4876,14765,-1890,3,-124,7,walking,0.00,0,0,0,0,0
1779914014439,-4846,14766,-1948,-7,-128,2,walking,0.00,0,0,0,0,0
1779914014469,-4950,14911,-2011,-15,-132,-6,walking,0.00,0,0,0,0,0
1779914014470,-5005,15086,-1987,0,-130,-14,walking,0.00,0,0,0,0,0
1779914014471,-5099,15157,-2020,18,-127,-25,walking,0.00,0,0,0,0,0
1779914014497,-5193,15277,-2134,36,-121,-40,walking,0.00,0,0,0,0,0
1779914014498,-5473,15425,-2228,48,-109,-56,walking,0.00,0,0,0,0,0
1779914014499,-5585,15570,-2294,59,-99,-72,walking,0.00,0,0,0,0,0
1779914014528,-5695,15641,-2468,78,-98,-84,walking,0.00,0,0,0,0,0
1779914014529,-5738,15710,-2538,93,-100,-104,walking,0.00,0,0,0,0,0
1779914014530,-5699,15858,-2639,103,-108,-129,walking,0.00,0,0,0,0,0
1779914014556,-5772,15960,-2795,126,-120,-144,walking,0.00,0,0,0,0,0
1779914014557,-5892,15945,-2911,166,-133,-157,walking,0.00,0,0,0,0,0
1779914014564,-5975,15857,-2944,200,-146,-172,walking,0.00,0,0,0,0,0
1779914014588,-6053,15904,-3032,221,-155,-187,walking,0.00,0,0,0,0,0
1779914014589,-6147,15995,-3243,240,-158,-200,walking,0.00,0,0,0,0,0
1779914014590,-6460,16062,-3383,262,-158,-212,walking,0.00,0,0,0,0,0
1779914014619,-6630,16109,-3486,301,-146,-209,walking,0.00,0,0,0,0,0
1779914014620,-6569,15758,-3500,344,-137,-196,walking,0.00,0,0,0,0,0
1779914014621,-6647,15401,-3445,368,-136,-179,walking,0.00,0,0,0,0,0
1779914014648,-6539,14994,-3481,376,-133,-165,walking,0.00,0,0,0,0,0
1779914014652,-6418,14697,-3455,391,-134,-158,walking,0.00,0,0,0,0,0
1779914014653,-6418,14542,-3385,384,-131,-158,walking,0.00,0,0,0,0,0
1779914014677,-6430,14612,-3340,360,-124,-155,walking,0.00,0,0,0,0,0
1779914014678,-6502,14778,-3280,350,-113,-146,walking,0.00,0,0,0,0,0
1779914014679,-6507,14705,-3164,353,-94,-138,walking,0.00,0,0,0,0,0
1779914014706,-6381,14527,-2944,333,-76,-127,walking,0.00,0,0,0,0,0
1779914014707,-6253,14388,-2899,289,-62,-117,walking,0.00,0,0,0,0,0
1779914014707,-6200,14352,-2881,251,-53,-115,walking,0.00,0,0,0,0,0
1779914014738,-6145,14272,-2874,211,-46,-122,walking,0.00,0,0,0,0,0
1779914014739,-6054,14175,-2963,168,-39,-136,walking,0.00,0,0,0,0,0
1779914014740,-6059,14268,-3060,133,-35,-148,walking,0.00,0,0,0,0,0
1779914014772,-5991,14409,-3093,108,-31,-158,walking,0.00,0,0,0,0,0
1779914014773,-5886,14563,-3138,89,-28,-167,walking,0.00,0,0,0,0,0
1779914014774,-5895,14609,-3117,90,-28,-168,walking,0.00,0,0,0,0,0
1779914014797,-5791,14617,-2990,100,-29,-162,walking,0.00,0,0,0,0,0
1779914014798,-5727,14630,-2922,92,-34,-158,walking,0.00,0,0,0,0,0
1779914014799,-5789,14714,-2878,84,-34,-150,walking,0.00,0,0,0,0,0
1779914014830,-5838,14763,-2730,79,-32,-140,walking,0.00,0,0,0,0,0
1779914014831,-6038,14757,-2671,63,-25,-125,walking,0.00,0,0,0,0,0
1779914014831,-6177,14752,-2581,39,-9,-107,walking,0.00,0,0,0,0,0
1779914014856,-6201,14818,-2420,15,12,-84,walking,0.00,0,0,0,0,0
1779914014856,-6244,14943,-2380,-22,34,-52,walking,0.00,0,0,0,0,0
1779914014857,-6250,15002,-2358,-48,51,-10,walking,0.00,0,0,0,0,0
1779914014888,-6089,15091,-2284,-61,68,24,walking,0.00,0,0,0,0,0
1779914014888,-5999,15058,-2214,-92,78,45,walking,0.00,0,0,0,0,0
1779914014889,-5954,15188,-2266,-130,88,66,walking,0.00,0,0,0,0,0
1779914014919,-5883,15258,-2196,-166,97,82,walking,0.00,0,0,0,0,0
1779914014919,-5754,15387,-2277,-230,105,97,walking,0.00,0,0,0,0,0
1779914014920,-5640,15676,-2341,-285,106,123,walking,0.00,0,0,0,0,0
1779914014946,-5572,16025,-2385,-313,99,151,walking,0.00,0,0,0,0,0
1779914014947,-5605,16102,-2478,-332,91,172,walking,0.00,0,0,0,0,0
1779914014948,-5490,16163,-2626,-342,85,194,walking,0.00,0,0,0,0,0
1779914014978,-5447,16298,-2824,-344,77,216,walking,0.00,0,0,0,0,0
1779914014978,-5523,16362,-2895,-335,70,224,walking,0.00,0,0,0,0,0
1779914014979,-5578,16685,-3037,-336,59,236,walking,0.00,0,0,0,0,0
1779914015010,-5707,17017,-3213,-330,44,246,walking,0.00,0,0,0,0,0
1779914015013,-5831,17227,-3266,-295,34,263,walking,0.00,0,0,0,0,0
1779914015014,-5902,17221,-3305,-256,21,281,walking,0.00,0,0,0,0,0
1779914015036,-5937,16999,-3356,-237,2,303,walking,0.00,0,0,0,0,0
1779914015037,-6064,17051,-3386,-223,-29,329,walking,0.00,0,0,0,0,0
1779914015038,-6175,16987,-3456,-218,-56,335,walking,0.00,0,0,0,0,0
1779914015068,-6133,17076,-3523,-209,-73,343,walking,0.00,0,0,0,0,0
1779914015069,-6290,17357,-3567,-193,-87,343,walking,0.00,0,0,0,0,0
1779914015069,-6366,17420,-3644,-156,-92,352,walking,0.00,0,0,0,0,0
1779914015096,-6458,17393,-3592,-107,-93,376,walking,0.00,0,0,0,0,0
1779914015097,-6435,17043,-3500,-50,-86,398,walking,0.00,0,0,0,0,0
1779914015097,-6204,16620,-3299,-14,-81,417,walking,0.00,0,0,0,0,0
1779914015128,-6018,16380,-3081,0,-85,419,walking,0.00,0,0,0,0,0
1779914015129,-5987,16214,-2917,1,-94,420,walking,0.00,0,0,0,0,0
1779914015129,-5981,16278,-2877,-7,-97,417,walking,0.00,0,0,0,0,0
1779914015160,-5997,16495,-2862,-4,-94,413,walking,0.00,0,0,0,0,0
1779914015161,-5987,16684,-2855,16,-86,412,walking,0.00,0,0,0,0,0
1779914015162,-5960,16699,-2838,46,-72,407,walking,0.00,0,0,0,0,0
1779914015187,-5953,16426,-2720,84,-53,403,walking,0.00,0,0,0,0,0
1779914015188,-5808,15969,-2635,115,-33,396,walking,0.00,0,0,0,0,0
1779914015189,-5600,15634,-2496,117,-20,391,walking,0.00,0,0,0,0,0
1779914015222,-5595,15489,-2396,108,-10,383,walking,0.00,0,0,0,0,0
1779914015223,-5467,15376,-2258,103,2,371,walking,0.00,0,0,0,0,0
1779914015224,-5342,15265,-2150,93,6,364,walking,0.00,0,0,0,0,0
1779914015252,-5295,15171,-2079,82,6,359,walking,0.00,0,0,0,0,0
1779914015253,-5156,15080,-1989,61,7,345,walking,0.00,0,0,0,0,0
1779914015254,-5049,15007,-1945,40,10,330,walking,0.00,0,0,0,0,0
1779914015277,-5055,14940,-1975,32,16,312,walking,0.00,0,0,0,0,0
1779914015306,-5045,15008,-1880,10,18,288,walking,0.00,0,0,0,0,0
1779914015307,-4943,15327,-1958,-31,17,271,walking,0.00,0,0,0,0,0
1779914015307,-4957,15720,-2115,-41,29,261,walking,0.00,0,0,0,0,0
1779914015311,-4986,15927,-2172,-5,52,256,walking,0.00,0,0,0,0,0
1779914015312,-4943,15751,-2247,55,74,257,walking,0.00,0,0,0,0,0
1779914015337,-4758,15065,-2143,117,130,255,walking,0.00,0,0,0,0,0
1779914015338,-4637,14889,-2226,104,146,265,walking,0.00,0,0,0,0,0
1779914015339,-4587,15035,-2258,78,149,265,walking,0.00,0,0,0,0,0
1779914015368,-4558,15164,-2347,62,148,258,walking,0.00,0,0,0,0,0
1779914015369,-4529,15205,-2415,66,155,254,walking,0.00,0,0,0,0,0
1779914015369,-4506,15340,-2405,65,167,249,walking,0.00,0,0,0,0,0
1779914015397,-4519,15584,-2451,61,183,245,walking,0.00,0,0,0,0,0
1779914015397,-4576,15764,-2469,67,202,247,walking,0.00,0,0,0,0,0
1779914015398,-4624,15664,-2453,85,229,252,walking,0.00,0,0,0,0,0
1779914015427,-4520,15468,-2405,93,255,260,walking,0.00,0,0,0,0,0
1779914015428,-4297,15205,-2319,100,277,267,walking,0.00,0,0,0,0,0
1779914015428,-4103,14885,-2300,99,293,272,walking,0.00,0,0,0,0,0
1779914015460,-3998,14583,-2331,92,300,270,walking,0.00,0,0,0,0,0
1779914015460,-3859,14497,-2324,84,308,261,walking,0.00,0,0,0,0,0
1779914015461,-3716,14728,-2317,67,323,244,walking,0.00,0,0,0,0,0
1779914015488,-3577,15350,-2279,57,344,226,walking,0.00,0,0,0,0,0
1779914015488,-3658,15858,-2329,84,368,206,walking,0.00,0,0,0,0,0
1779914015489,-3976,16090,-2308,139,403,201,walking,0.00,0,0,0,0,0
1779914015518,-3863,15740,-2291,183,440,189,walking,0.00,0,0,0,0,0
1779914015519,-3778,15505,-2215,196,466,187,walking,0.00,0,0,0,0,0
1779914015519,-3652,15214,-2249,180,483,186,walking,0.00,0,0,0,0,0
1779914015547,-3591,14965,-2241,150,492,175,walking,0.00,0,0,0,0,0
1779914015547,-3499,15014,-2256,108,497,159,walking,0.00,0,0,0,0,0
1779914015548,-3362,15221,-2350,85,509,144,walking,0.00,0,0,0,0,0
1779914015578,-3388,15281,-2447,95,528,127,walking,0.00,0,0,0,0,0
1779914015579,-3438,15164,-2520,114,548,111,walking,0.00,0,0,0,0,0
1779914015580,-3459,15112,-2529,115,565,106,walking,0.00,0,0,0,0,0
1779914015609,-3383,15280,-2552,101,580,115,walking,0.00,0,0,0,0,0
1779914015610,-3324,15433,-2582,97,596,129,walking,0.00,0,0,0,0,0
1779914015611,-3336,15342,-2668,117,620,152,walking,0.00,0,0,0,0,0
1779914015639,-3267,14977,-2687,142,647,175,walking,0.00,0,0,0,0,0
1779914015643,-3134,14549,-2719,156,675,192,walking,0.00,0,0,0,0,0
1779914015644,-2926,14260,-2706,147,700,203,walking,0.00,0,0,0,0,0
1779914015669,-2770,14071,-2770,126,721,205,walking,0.00,0,0,0,0,0
1779914015669,-2696,14125,-2867,112,747,202,walking,0.00,0,0,0,0,0
1779914015670,-2584,14272,-2896,101,772,198,walking,0.00,0,0,0,0,0
1779914015697,-2534,14492,-2943,91,795,198,walking,0.00,0,0,0,0,0
1779914015698,-2496,14612,-2948,94,820,205,walking,0.00,0,0,0,0,0
1779914015699,-2395,14587,-3000,104,846,209,walking,0.00,0,0,0,0,0
1779914015728,-2290,14565,-3011,97,866,206,walking,0.00,0,0,0,0,0
1779914015728,-2200,14498,-3160,73,877,200,walking,0.00,0,0,0,0,0
1779914015729,-2121,14459,-3226,54,886,190,walking,0.00,0,0,0,0,0
1779914015759,-2070,14430,-3332,33,895,176,walking,0.00,0,0,0,0,0
1779914015760,-2091,14365,-3512,16,901,163,walking,0.00,0,0,0,0,0
1779914015760,-1992,14297,-3607,9,908,150,walking,0.00,0,0,0,0,0
1779914015786,-1839,14268,-3725,-2,914,127,walking,0.00,0,0,0,0,0
1779914015787,-1705,14315,-3911,-15,920,98,walking,0.00,0,0,0,0,0
1779914015787,-1684,14419,-4040,-16,927,74,walking,0.00,0,0,0,0,0
1779914015821,-1725,14518,-4114,-13,934,57,walking,0.00,0,0,0,0,0
1779914015821,-1719,14630,-4125,-8,936,44,walking,0.00,0,0,0,0,0
1779914015822,-1689,14689,-4182,-1,938,39,walking,0.00,0,0,0,0,0
1779914015854,-1677,14574,-4231,21,937,34,walking,0.00,0,0,0,0,0
1779914015878,-1647,14400,-4291,39,936,24,walking,0.00,0,0,0,0,0
1779914015879,-1593,14209,-4339,40,936,8,walking,0.00,0,0,0,0,0
1779914015879,-1481,14143,-4443,24,936,-12,walking,0.00,0,0,0,0,0
1779914015880,-1399,14223,-4512,11,937,-31,walking,0.00,0,0,0,0,0
1779914015881,-1300,14395,-4539,-1,937,-51,walking,0.00,0,0,0,0,0
1779914015909,-1167,14532,-4516,-13,937,-64,walking,0.00,0,0,0,0,0
1779914015909,-1155,14671,-4549,-11,936,-70,walking,0.00,0,0,0,0,0
1779914015910,-1015,14684,-4587,-2,935,-73,walking,0.00,0,0,0,0,0
1779914015937,-995,14602,-4607,1,929,-77,walking,0.00,0,0,0,0,0
1779914015938,-951,14573,-4598,-9,924,-80,walking,0.00,0,0,0,0,0
1779914015939,-783,14645,-4657,-23,921,-89,walking,0.00,0,0,0,0,0
1779914015967,-737,14785,-4707,-40,918,-100,walking,0.00,0,0,0,0,0
1779914015968,-808,14872,-4720,-48,915,-112,walking,0.00,0,0,0,0,0
1779914015969,-714,14979,-4730,-48,916,-122,walking,0.00,0,0,0,0,0
1779914015999,-639,15094,-4720,-52,918,-123,walking,0.00,0,0,0,0,0
1779914016003,-680,15197,-4727,-53,916,-124,walking,0.00,0,0,0,0,0
1779914016004,-703,15264,-4729,-51,913,-124,walking,0.00,0,0,0,0,0
1779914016028,-599,15311,-4706,-53,910,-131,walking,0.00,0,0,0,0,0
1779914016029,-504,15367,-4631,-42,900,-133,walking,0.00,0,0,0,0,0
1779914016030,-542,15307,-4642,-44,890,-144,walking,0.00,0,0,0,0,0
1779914016060,-408,15202,-4651,-55,885,-152,walking,0.00,0,0,0,0,0
1779914016061,-428,15294,-4681,-66,880,-150,walking,0.00,0,0,0,0,0
1779914016062,-439,15373,-4743,-76,874,-145,walking,0.00,0,0,0,0,0
1779914016087,-506,15482,-4769,-71,868,-133,walking,0.00,0,0,0,0,0
1779914016087,-495,15359,-4785,-48,866,-124,walking,0.00,0,0,0,0,0
1779914016088,-372,15125,-4777,-28,866,-114,walking,0.00,0,0,0,0,0
1779914016118,-394,15059,-4683,-28,856,-102,walking,0.00,0,0,0,0,0
1779914016119,-495,15034,-4674,-40,846,-96,walking,0.00,0,0,0,0,0
1779914016120,-358,15086,-4721,-46,850,-89,walking,0.00,0,0,0,0,0
1779914016147,-444,15230,-4699,-40,849,-76,walking,0.00,0,0,0,0,0
1779914016151,-487,15313,-4676,-19,853,-64,walking,0.00,0,0,0,0,0
1779914016151,-508,15213,-4580,-4,848,-56,walking,0.00,0,0,0,0,0
1779914016178,-427,14974,-4560,-9,845,-52,walking,0.00,0,0,0,0,0
1779914016178,-356,14842,-4592,-27,831,-49,walking,0.00,0,0,0,0,0
1779914016179,-315,14769,-4580,-49,812,-58,walking,0.00,0,0,0,0,0
1779914016210,-122,14838,-4565,-69,793,-66,walking,0.00,0,0,0,0,0
1779914016211,0,14861,-4609,-86,771,-65,walking,0.00,0,0,0,0,0
1779914016211,-30,14977,-4593,-87,750,-60,walking,0.00,0,0,0,0,0
1779914016237,118,14996,-4583,-82,735,-56,walking,0.00,0,0,0,0,0
1779914016237,275,15002,-4549,-83,717,-54,walking,0.00,0,0,0,0,0
1779914016237,290,15080,-4455,-95,694,-54,walking,0.00,0,0,0,0,0
1779914016266,345,15145,-4495,-110,672,-53,walking,0.00,0,0,0,0,0
1779914016267,420,15220,-4522,-110,650,-49,walking,0.00,0,0,0,0,0
1779914016267,434,15267,-4492,-108,628,-44,walking,0.00,0,0,0,0,0
1779914016297,425,15295,-4440,-109,603,-39,walking,0.00,0,0,0,0,0
1779914016301,381,15337,-4364,-115,579,-35,walking,0.00,0,0,0,0,0
1779914016302,334,15274,-4390,-120,556,-29,walking,0.00,0,0,0,0,0
1779914016330,212,15222,-4343,-122,537,-23,walking,0.00,0,0,0,0,0
1779914016334,227,15289,-4231,-139,515,-26,walking,0.00,0,0,0,0,0
1779914016334,269,15421,-4235,-163,495,-32,walking,0.00,0,0,0,0,0
1779914016358,240,15576,-4280,-170,478,-31,walking,0.00,0,0,0,0,0
1779914016359,217,15675,-4165,-162,460,-26,walking,0.00,0,0,0,0,0
1779914016362,158,15681,-4092,-155,444,-17,walking,0.00,0,0,0,0,0
1779914016385,185,15674,-4103,-148,423,-3,walking,0.00,0,0,0,0,0
1779914016385,251,15523,-4081,-138,403,7,walking,0.00,0,0,0,0,0
1779914016386,388,15323,-3995,-139,387,11,walking,0.00,0,0,0,0,0
1779914016418,514,15263,-3953,-153,364,10,walking,0.00,0,0,0,0,0
1779914016420,596,15361,-3920,-173,338,11,walking,0.00,0,0,0,0,0
1779914016423,522,15468,-3909,-184,316,15,walking,0.00,0,0,0,0,0
1779914016445,582,15598,-3869,-180,301,20,walking,0.00,0,0,0,0,0
1779914016445,664,15623,-3765,-173,286,25,walking,0.00,0,0,0,0,0
1779914016446,691,15698,-3684,-165,254,44,walking,0.00,0,0,0,0,0
1779914016477,693,15810,-3636,-162,238,53,walking,0.00,0,0,0,0,0
1779914016477,659,15967,-3590,-160,223,61,walking,0.00,0,0,0,0,0
1779914016477,599,15946,-3542,-146,210,73,walking,0.00,0,0,0,0,0
1779914016507,537,15789,-3477,-130,200,85,walking,0.00,0,0,0,0,0
1779914016508,509,15651,-3341,-131,186,92,walking,0.00,0,0,0,0,0
1779914016508,477,15621,-3234,-144,174,94,walking,0.00,0,0,0,0,0
1779914016536,427,15648,-3334,-157,163,97,walking,0.00,0,0,0,0,0
1779914016537,295,15682,-3313,-161,157,103,walking,0.00,0,0,0,0,0
1779914016538,222,15727,-3243,-159,156,111,walking,0.00,0,0,0,0,0
1779914016566,190,15673,-3221,-155,154,121,walking,0.00,0,0,0,0,0
1779914016566,250,15566,-3180,-151,153,129,walking,0.00,0,0,0,0,0
1779914016567,384,15421,-3108,-155,152,134,walking,0.00,0,0,0,0,0
1779914016598,486,15387,-3048,-166,146,133,walking,0.00,0,0,0,0,0
1779914016599,559,15459,-2981,-182,137,128,walking,0.00,0,0,0,0,0
1779914016600,541,15548,-2987,-192,129,125,walking,0.00,0,0,0,0,0
1779914016627,555,15573,-2987,-191,121,126,walking,0.00,0,0,0,0,0
1779914016628,530,15407,-3033,-190,113,132,walking,0.00,0,0,0,0,0
1779914016629,571,15314,-2966,-196,106,135,walking,0.00,0,0,0,0,0
1779914016658,674,15303,-2923,-208,106,132,walking,0.00,0,0,0,0,0
1779914016660,737,15393,-2905,-214,106,127,walking,0.00,0,0,0,0,0
1779914016660,744,15464,-2825,-207,106,121,walking,0.00,0,0,0,0,0
1779914016686,768,15497,-2721,-197,106,115,walking,0.00,0,0,0,0,0
1779914016687,822,15513,-2638,-199,100,104,walking,0.00,0,0,0,0,0
1779914016687,836,15617,-2593,-214,87,93,walking,0.00,0,0,0,0,0
1779914016718,819,15737,-2530,-238,76,82,walking,0.00,0,0,0,0,0
1779914016719,889,15902,-2501,-263,66,74,walking,0.00,0,0,0,0,0
1779914016719,896,16145,-2549,-279,52,69,walking,0.00,0,0,0,0,0
1779914016753,864,16351,-2532,-278,43,69,walking,0.00,0,0,0,0,0
1779914016757,881,16325,-2528,-261,36,69,walking,0.00,0,0,0,0,0
1779914016758,843,16239,-2497,-241,27,67,walking,0.00,0,0,0,0,0
1779914016776,828,16225,-2466,-234,20,58,walking,0.00,0,0,0,0,0
1779914016777,790,16288,-2488,-235,9,49,walking,0.00,0,0,0,0,0
1779914016777,743,16250,-2502,-226,-1,44,walking,0.00,0,0,0,0,0
1779914016810,645,16273,-2402,-213,-8,43,walking,0.00,0,0,0,0,0
1779914016811,670,16280,-2341,-210,-15,41,walking,0.00,0,0,0,0,0
1779914016811,740,16278,-2317,-202,-22,42,walking,0.00,0,0,0,0,0
1779914016842,773,16193,-2127,-194,-27,46,walking,0.00,0,0,0,0,0
1779914016843,828,16183,-2047,-190,-30,52,walking,0.00,0,0,0,0,0
1779914016843,865,16213,-2045,-184,-35,59,walking,0.00,0,0,0,0,0
1779914016868,788,16098,-2024,-176,-45,64,walking,0.00,0,0,0,0,0
1779914016869,877,16030,-1927,-172,-49,69,walking,0.00,0,0,0,0,0
1779914016870,906,15994,-1879,-172,-53,71,walking,0.00,0,0,0,0,0
1779914016899,891,16031,-1958,-176,-56,70,walking,0.00,0,0,0,0,0
1779914016935,883,16084,-1933,-166,-56,70,walking,0.00,0,0,0,0,0
1779914016936,905,16104,-1839,-154,-56,69,walking,0.00,0,0,0,0,0
1779914016937,932,16128,-1765,-148,-56,66,walking,0.00,0,0,0,0,0
1779914016937,951,16152,-1744,-148,-58,68,walking,0.00,0,0,0,0,0
1779914016938,995,16258,-1663,-150,-59,76,walking,0.00,0,0,0,0,0
1779914016960,965,16332,-1669,-145,-61,79,walking,0.00,0,0,0,0,0
1779914016966,1037,16319,-1618,-147,-64,79,walking,0.00,0,0,0,0,0
1779914016966,1062,16234,-1664,-149,-68,82,walking,0.00,0,0,0,0,0
1779914016986,1123,16223,-1661,-147,-75,87,walking,0.00,0,0,0,0,0
1779914016990,1088,16205,-1764,-150,-83,84,walking,0.00,0,0,0,0,0
1779914016991,1103,16192,-1775,-139,-88,84,walking,0.00,0,0,0,0,0
1779914017017,1077,16141,-1782,-135,-94,82,walking,0.00,0,0,0,0,0
1779914017022,1110,16203,-1729,-141,-101,80,walking,0.00,0,0,0,0,0
1779914017022,1124,16311,-1775,-148,-108,83,walking,0.00,0,0,0,0,0
1779914017050,1176,16424,-1773,-138,-114,88,walking,0.00,0,0,0,0,0
1779914017050,1105,16418,-1741,-124,-122,85,walking,0.00,0,0,0,0,0
1779914017050,1140,16321,-1721,-109,-129,90,walking,0.00,0,0,0,0,0
1779914017077,1176,16234,-1741,-108,-136,93,walking,0.00,0,0,0,0,0
1779914017078,1177,16389,-1744,-112,-144,96,walking,0.00,0,0,0,0,0
1779914017079,1165,16436,-1736,-100,-148,95,walking,0.00,0,0,0,0,0
1779914017111,1221,16466,-1672,-76,-149,93,walking,0.00,0,0,0,0,0
1779914017111,1126,16515,-1627,-66,-160,90,walking,0.00,0,0,0,0,0
1779914017112,1070,16529,-1614,-54,-169,86,walking,0.00,0,0,0,0,0
1779914017141,1151,16590,-1547,-36,-175,89,walking,0.00,0,0,0,0,0
1779914017141,960,16423,-1548,-27,-181,86,walking,0.00,0,0,0,0,0
1779914017142,916,16363,-1543,-21,-182,89,walking,0.00,0,0,0,0,0
1779914017168,921,16338,-1466,-22,-179,91,walking,0.00,0,0,0,0,0
1779914017169,1023,16296,-1480,-18,-169,96,walking,0.00,0,0,0,0,0
1779914017170,1031,16184,-1461,-9,-162,99,walking,0.00,0,0,0,0,0
1779914017202,1047,16083,-1431,3,-158,92,walking,0.00,0,0,0,0,0
1779914017203,1057,16013,-1403,8,-155,87,walking,0.00,0,0,0,0,0
1779914017204,1048,15990,-1414,10,-150,87,walking,0.00,0,0,0,0,0
1779914017227,1021,15987,-1423,15,-147,84,walking,0.00,0,0,0,0,0
1779914017228,1044,15998,-1396,17,-138,82,walking,0.00,0,0,0,0,0
1779914017229,1110,15914,-1354,23,-128,86,walking,0.00,0,0,0,0,0
1779914017261,1103,15923,-1365,25,-121,82,walking,0.00,0,0,0,0,0
1779914017269,1174,15950,-1361,29,-113,69,walking,0.00,0,0,0,0,0
1779914017269,1183,16047,-1400,38,-104,57,walking,0.00,0,0,0,0,0
1779914017287,1143,16070,-1372,53,-95,46,walking,0.00,0,0,0,0,0
1779914017291,1124,16043,-1340,65,-85,36,walking,0.00,0,0,0,0,0
1779914017291,1175,16006,-1270,67,-74,25,walking,0.00,0,0,0,0,0
1779914017320,1144,16066,-1266,61,-61,12,walking,0.00,0,0,0,0,0
1779914017324,1123,16232,-1237,58,-47,2,walking,0.00,0,0,0,0,0
1779914017324,1119,16296,-1266,59,-33,-3,walking,0.00,0,0,0,0,0
1779914017349,1093,16260,-1334,60,-21,-13,walking,0.00,0,0,0,0,0
1779914017350,1134,16161,-1361,61,-8,-19,walking,0.00,0,0,0,0,0
1779914017351,1171,16095,-1401,50,4,-20,walking,0.00,0,0,0,0,0
1779914017377,1265,16018,-1472,36,14,-22,walking,0.00,0,0,0,0,0
1779914017377,1265,15913,-1480,26,23,-24,walking,0.00,0,0,0,0,0
1779914017378,1378,15938,-1488,15,33,-30,walking,0.00,0,0,0,0,0
1779914017412,1413,15884,-1569,4,43,-37,walking,0.00,0,0,0,0,0
1779914017413,1489,15800,-1645,-5,53,-37,walking,0.00,0,0,0,0,0
1779914017413,1561,15835,-1709,-12,62,-37,walking,0.00,0,0,0,0,0
1779914017437,1637,15876,-1755,-18,69,-36,walking,0.00,0,0,0,0,0
1779914017441,1733,15870,-1784,-18,77,-32,walking,0.00,0,0,0,0,0
1779914017442,1798,15856,-1862,-14,84,-25,walking,0.00,0,0,0,0,0
1779914017470,1920,15804,-1856,-6,90,-20,walking,0.00,0,0,0,0,0
1779914017474,1944,15683,-1798,2,97,-19,walking,0.00,0,0,0,0,0
1779914017475,1961,15550,-1860,-2,104,-18,walking,0.00,0,0,0,0,0
1779914017499,1959,15451,-1890,-11,108,-18,walking,0.00,0,0,0,0,0
1779914017500,1889,15429,-1889,-22,113,-19,walking,0.00,0,0,0,0,0
1779914017500,1870,15478,-1884,-31,121,-20,walking,0.00,0,0,0,0,0
1779914017526,1889,15584,-1854,-39,131,-21,walking,0.00,0,0,0,0,0
1779914017528,1846,15694,-1826,-39,147,-24,walking,0.00,0,0,0,0,0
1779914017529,1852,15863,-1809,-32,163,-29,walking,0.00,0,0,0,0,0
1779914017560,1785,15924,-1883,-19,180,-34,walking,0.00,0,0,0,0,0
1779914017560,1656,15978,-1890,-15,192,-43,walking,0.00,0,0,0,0,0
1779914017561,1619,16039,-1964,-16,201,-47,walking,0.00,0,0,0,0,0
1779914017590,1502,16000,-2108,-17,209,-50,walking,0.00,0,0,0,0,0
1779914017591,1438,16029,-2101,-24,215,-58,walking,0.00,0,0,0,0,0
1779914017591,1291,16296,-2241,-21,232,-75,walking,0.00,0,0,0,0,0
1779914017617,1167,16258,-2268,4,245,-85,walking,0.00,0,0,0,0,0
1779914017617,1189,16202,-2247,22,255,-92,walking,0.00,0,0,0,0,0
1779914017618,1169,16278,-2248,24,264,-101,walking,0.00,0,0,0,0,0
1779914017659,1157,16431,-2364,30,278,-108,walking,0.00,0,0,0,0,0
1779914017660,1198,16473,-2364,52,293,-113,walking,0.00,0,0,0,0,0
1779914017661,1211,16476,-2321,69,302,-116,walking,0.00,0,0,0,0,0
1779914017676,1222,16479,-2290,80,308,-118,walking,0.00,0,0,0,0,0
1779914017676,1276,16433,-2407,92,314,-121,walking,0.00,0,0,0,0,0
1779914017681,1286,16284,-2351,110,319,-119,walking,0.00,0,0,0,0,0
1779914017707,1310,16152,-2316,124,325,-118,walking,0.00,0,0,0,0,0
1779914017707,1440,16113,-2331,125,333,-122,walking,0.00,0,0,0,0,0
1779914017708,1538,16145,-2342,127,344,-129,walking,0.00,0,0,0,0,0
1779914017738,1567,16261,-2325,137,358,-130,walking,0.00,0,0,0,0,0
1779914017739,1562,16339,-2276,151,372,-125,walking,0.00,0,0,0,0,0
1779914017740,1519,16424,-2279,171,387,-116,walking,0.00,0,0,0,0,0
1779914017768,1558,16394,-2168,199,397,-112,walking,0.00,0,0,0,0,0
1779914017768,1556,16243,-2045,215,406,-110,walking,0.00,0,0,0,0,0
1779914017768,1536,16143,-2031,212,413,-104,walking,0.00,0,0,0,0,0
1779914017798,1617,16106,-2032,207,419,-100,walking,0.00,0,0,0,0,0
1779914017798,1594,16084,-2037,205,427,-95,walking,0.00,0,0,0,0,0
1779914017799,1601,16020,-1994,209,433,-94,walking,0.00,0,0,0,0,0
1779914017826,1661,15990,-1983,207,438,-97,walking,0.00,0,0,0,0,0
1779914017827,1660,16124,-1985,199,441,-101,walking,0.00,0,0,0,0,0
1779914017827,1627,16305,-1961,196,447,-104,walking,0.00,0,0,0,0,0
1779914017857,1550,16429,-1937,205,450,-101,walking,0.00,0,0,0,0,0
1779914017857,1471,16456,-1921,217,448,-96,walking,0.00,0,0,0,0,0
1779914017857,1502,16474,-1964,212,445,-94,walking,0.00,0,0,0,0,0
1779914017891,1463,16581,-2009,203,441,-101,walking,0.00,0,0,0,0,0
1779914017892,1454,16661,-2041,197,440,-114,walking,0.00,0,0,0,0,0
1779914017893,1320,16843,-2082,181,431,-126,walking,0.00,0,0,0,0,0
1779914017917,1098,16881,-2235,164,420,-136,walking,0.00,0,0,0,0,0
1779914017917,957,16807,-2363,165,409,-142,walking,0.00,0,0,0,0,0
1779914017918,904,16671,-2435,171,395,-143,walking,0.00,0,0,0,0,0
1779914017949,935,16472,-2579,173,379,-139,walking,0.00,0,0,0,0,0
1779914017950,952,16152,-2672,175,362,-131,walking,0.00,0,0,0,0,0
1779914017951,973,15939,-2701,178,348,-128,walking,0.00,0,0,0,0,0
1779914017985,1106,15894,-2736,177,337,-122,walking,0.00,0,0,0,0,0
1779914017986,1102,15936,-2782,185,324,-113,walking,0.00,0,0,0,0,0
1779914017988,1070,16049,-2805,214,318,-101,walking,0.00,0,0,0,0,0
1779914018009,960,16024,-2709,252,317,-92,walking,0.00,0,0,0,0,0
1779914018010,881,15939,-2566,281,316,-79,walking,0.00,0,0,0,0,0
1779914018010,820,15866,-2495,291,314,-71,walking,0.00,0,0,0,0,0
1779914018040,709,15899,-2504,296,313,-63,walking,0.00,0,0,0,0,0
1779914018041,566,15846,-2484,300,317,-59,walking,0.00,0,0,0,0,0
1779914018041,532,15756,-2464,287,320,-61,walking,0.00,0,0,0,0,0
1779914018073,440,15779,-2473,271,320,-66,walking,0.00,0,0,0,0,0
1779914018073,254,15920,-2487,258,324,-83,walking,0.00,0,0,0,0,0
1779914018074,204,16036,-2557,248,331,-98,walking,0.00,0,0,0,0,0
1779914018097,54,16066,-2656,242,337,-108,walking,0.00,0,0,0,0,0
1779914018097,-91,16065,-2718,238,343,-117,walking,0.00,0,0,0,0,0
1779914018097,-148,15923,-2752,230,344,-127,walking,0.00,0,0,0,0,0
1779914018127,-155,15690,-2847,212,340,-132,walking,0.00,0,0,0,0,0
1779914018131,-191,15395,-2981,189,332,-136,walking,0.00,0,0,0,0,0
1779914018131,-126,15205,-3110,168,324,-144,walking,0.00,0,0,0,0,0
1779914018157,-86,15056,-3238,150,312,-144,walking,0.00,0,0,0,0,0
1779914018159,-118,14994,-3398,146,293,-137,walking,0.00,0,0,0,0,0
1779914018159,-199,14840,-3536,155,277,-128,walking,0.00,0,0,0,0,0
1779914018192,-167,14604,-3668,170,264,-114,walking,0.00,0,0,0,0,0
1779914018192,-48,14524,-3701,179,247,-101,walking,0.00,0,0,0,0,0
1779914018193,84,14692,-3740,177,233,-95,walking,0.00,0,0,0,0,0
1779914018218,155,14780,-3817,187,222,-90,walking,0.00,0,0,0,0,0
1779914018223,110,14805,-3793,196,207,-85,walking,0.00,0,0,0,0,0
1779914018224,138,14981,-3791,181,185,-84,walking,0.00,0,0,0,0,0
1779914018247,253,15233,-3781,168,165,-81,walking,0.00,0,0,0,0,0
1779914018248,276,15281,-3847,169,143,-85,walking,0.00,0,0,0,0,0
1779914018248,281,15276,-3872,155,115,-96,walking,0.00,0,0,0,0,0
1779914018281,210,15459,-3939,121,79,-112,walking,0.00,0,0,0,0,0
1779914018284,141,15540,-4120,97,48,-131,walking,0.00,0,0,0,0,0
1779914018284,3,15521,-4176,72,13,-146,walking,0.00,0,0,0,0,0
1779914018307,-100,15614,-4298,36,-22,-158,walking,0.00,0,0,0,0,0
1779914018308,-112,15780,-4416,19,-49,-167,walking,0.00,0,0,0,0,0
1779914018308,-57,15737,-4477,26,-72,-178,walking,0.00,0,0,0,0,0
1779914018340,-40,15516,-4481,27,-97,-185,walking,0.00,0,0,0,0,0
1779914018340,42,15443,-4503,11,-125,-187,walking,0.00,0,0,0,0,0
1779914018341,81,15509,-4577,-3,-155,-189,walking,0.00,0,0,0,0,0
1779914018369,142,15577,-4665,0,-187,-184,walking,0.00,0,0,0,0,0
1779914018369,139,15540,-4702,20,-215,-171,walking,0.00,0,0,0,0,0
1779914018373,162,15388,-4700,39,-237,-154,walking,0.00,0,0,0,0,0
1779914018397,262,15190,-4733,50,-256,-134,walking,0.00,0,0,0,0,0
1779914018399,271,15039,-4720,57,-275,-108,walking,0.00,0,0,0,0,0
1779914018399,280,14951,-4670,51,-295,-85,walking,0.00,0,0,0,0,0
1779914018427,290,15032,-4666,40,-312,-68,walking,0.00,0,0,0,0,0
1779914018427,307,15123,-4580,51,-323,-49,walking,0.00,0,0,0,0,0
1779914018428,323,15174,-4530,65,-335,-29,walking,0.00,0,0,0,0,0
1779914018459,247,15143,-4485,71,-348,-8,walking,0.00,0,0,0,0,0
1779914018459,224,15201,-4409,63,-360,7,walking,0.00,0,0,0,0,0
1779914018460,121,15330,-4324,55,-369,15,walking,0.00,0,0,0,0,0
1779914018490,-89,15548,-4245,46,-374,21,walking,0.00,0,0,0,0,0
1779914018492,-273,15743,-4190,38,-374,25,walking,0.00,0,0,0,0,0
1779914018493,-448,15976,-4075,31,-374,23,walking,0.00,0,0,0,0,0
1779914018517,-705,16110,-4042,33,-374,13,walking,0.00,0,0,0,0,0
1779914018517,-941,16098,-3956,44,-373,0,walking,0.00,0,0,0,0,0
1779914018518,-1046,16126,-3884,33,-373,-17,walking,0.00,0,0,0,0,0
1779914018553,-1229,16187,-3902,4,-375,-38,walking,0.00,0,0,0,0,0
1779914018553,-1524,16263,-3868,-17,-368,-58,walking,0.00,0,0,0,0,0
1779914018557,-1631,16187,-3737,-23,-353,-71,walking,0.00,0,0,0,0,0
1779914018580,-1609,15943,-3700,-25,-340,-72,walking,0.00,0,0,0,0,0
1779914018582,-1555,15589,-3737,-16,-325,-66,walking,0.00,0,0,0,0,0
1779914018583,-1390,15095,-3711,-1,-309,-62,walking,0.00,0,0,0,0,0
1779914018607,-1109,14723,-3628,4,-292,-61,walking,0.00,0,0,0,0,0
1779914018607,-986,14591,-3549,-4,-281,-54,walking,0.00,0,0,0,0,0
1779914018608,-791,14648,-3603,-11,-270,-43,walking,0.00,0,0,0,0,0
1779914018639,-744,14851,-3538,2,-256,-29,walking,0.00,0,0,0,0,0
1779914018640,-710,14976,-3401,24,-238,-12,walking,0.00,0,0,0,0,0
1779914018641,-514,15085,-3289,45,-221,5,walking,0.00,0,0,0,0,0
1779914018668,-462,15255,-3139,56,-206,20,walking,0.00,0,0,0,0,0
1779914018668,-502,15365,-3026,53,-194,26,walking,0.00,0,0,0,0,0
1779914018669,-555,15460,-2967,42,-184,26,walking,0.00,0,0,0,0,0
1779914018698,-695,15614,-2890,16,-178,24,walking,0.00,0,0,0,0,0
1779914018701,-817,15696,-2939,-5,-173,20,walking,0.00,0,0,0,0,0
1779914018701,-954,15712,-3010,-29,-170,15,walking,0.00,0,0,0,0,0
1779914018730,-1043,15713,-3043,-69,-168,5,walking,0.00,0,0,0,0,0
1779914018731,-1134,16083,-3273,-120,-178,-8,walking,0.00,0,0,0,0,0
1779914018732,-1186,16089,-3425,-127,-186,-12,walking,0.00,0,0,0,0,0
1779914018757,-1137,16040,-3618,-127,-199,-13,walking,0.00,0,0,0,0,0
1779914018758,-1054,15934,-3700,-120,-221,-14,walking,0.00,0,0,0,0,0
1779914018759,-927,15900,-3851,-126,-240,-16,walking,0.00,0,0,0,0,0
1779914018793,-843,15978,-3988,-130,-255,-11,walking,0.00,0,0,0,0,0
1779914018794,-727,16076,-4057,-110,-263,-5,walking,0.00,0,0,0,0,0
1779914018798,-617,16087,-3988,-78,-270,4,walking,0.00,0,0,0,0,0
1779914018816,-532,16016,-3881,-45,-277,15,walking,0.00,0,0,0,0,0
1779914018817,-442,15943,-3743,-14,-275,33,walking,0.00,0,0,0,0,0
1779914018817,-395,15794,-3680,9,-271,52,walking,0.00,0,0,0,0,0
1779914018847,-351,15662,-3543,23,-266,69,walking,0.00,0,0,0,0,0
1779914018848,-277,15651,-3350,28,-256,81,walking,0.00,0,0,0,0,0
1779914018848,-194,15643,-3324,28,-246,83,walking,0.00,0,0,0,0,0
1779914018880,-249,15654,-3176,23,-236,86,walking,0.00,0,0,0,0,0
1779914018884,-266,15752,-3130,6,-222,85,walking,0.00,0,0,0,0,0
1779914018885,-252,15916,-3146,-5,-210,88,walking,0.00,0,0,0,0,0
1779914018912,-329,15946,-3137,-14,-201,86,walking,0.00,0,0,0,0,0
1779914018913,-362,16021,-3178,-29,-192,81,walking,0.00,0,0,0,0,0
1779914018913,-377,16140,-3199,-38,-182,80,walking,0.00,0,0,0,0,0
1779914018936,-466,16058,-3259,-38,-174,84,walking,0.00,0,0,0,0,0
1779914018936,-539,15916,-3329,-38,-168,88,walking,0.00,0,0,0,0,0
1779914018937,-525,15866,-3358,-46,-158,89,walking,0.00,0,0,0,0,0
1779914018966,-528,15878,-3473,-47,-150,91,walking,0.00,0,0,0,0,0
1779914018968,-602,15909,-3478,-42,-145,95,walking,0.00,0,0,0,0,0
1779914018968,-676,15927,-3517,-28,-140,97,walking,0.00,0,0,0,0,0
1779914019000,-702,15983,-3548,-11,-134,93,walking,0.00,0,0,0,0,0
1779914019000,-779,16043,-3480,6,-128,97,walking,0.00,0,0,0,0,0
1779914019000,-876,16060,-3483,25,-123,103,walking,0.00,0,0,0,0,0
1779914019030,-979,16039,-3469,39,-118,105,walking,0.00,0,0,0,0,0
1779914019031,-1004,15894,-3408,44,-113,102,walking,0.00,0,0,0,0,0
1779914019032,-943,15779,-3386,41,-108,100,walking,0.00,0,0,0,0,0
1779914019058,-937,15710,-3365,29,-101,93,walking,0.00,0,0,0,0,0
1779914019058,-988,15779,-3382,17,-97,82,walking,0.00,0,0,0,0,0
1779914019059,-1072,15882,-3395,14,-90,70,walking,0.00,0,0,0,0,0
1779914019089,-1081,15958,-3408,18,-79,59,walking,0.00,0,0,0,0,0
1779914019090,-1097,15983,-3489,25,-69,54,walking,0.00,0,0,0,0,0
1779914019091,-1093,15857,-3546,32,-60,44,walking,0.00,0,0,0,0,0
1779914019117,-1044,15800,-3541,28,-51,30,walking,0.00,0,0,0,0,0
1779914019118,-979,15797,-3649,22,-42,15,walking,0.00,0,0,0,0,0
1779914019118,-992,15724,-3697,21,-34,2,walking,0.00,0,0,0,0,0
1779914019148,-975,15706,-3686,25,-21,-6,walking,0.00,0,0,0,0,0
1779914019150,-871,15685,-3734,25,-8,-14,walking,0.00,0,0,0,0,0
1779914019151,-863,15697,-3765,33,5,-22,walking,0.00,0,0,0,0,0
1779914019183,-808,15666,-3712,52,18,-32,walking,0.00,0,0,0,0,0
1779914019184,-720,15463,-3652,57,31,-46,walking,0.00,0,0,0,0,0
1779914019184,-677,15425,-3638,51,42,-56,walking,0.00,0,0,0,0,0
1779914019214,-597,15513,-3632,41,47,-62,walking,0.00,0,0,0,0,0
1779914019217,-538,15583,-3633,31,53,-71,walking,0.00,0,0,0,0,0
1779914019217,-587,15704,-3650,31,63,-80,walking,0.00,0,0,0,0,0
1779914019239,-668,15795,-3780,40,74,-86,walking,0.00,0,0,0,0,0
1779914019240,-702,15803,-3794,53,87,-89,walking,0.00,0,0,0,0,0
1779914019241,-749,15822,-3794,54,99,-92,walking,0.00,0,0,0,0,0
1779914019267,-799,15808,-3834,55,109,-90,walking,0.00,0,0,0,0,0
1779914019268,-810,15680,-3862,62,118,-92,walking,0.00,0,0,0,0,0
1779914019272,-712,15596,-3723,63,121,-102,walking,0.00,0,0,0,0,0
1779914019300,-734,15651,-3683,50,124,-111,walking,0.00,0,0,0,0,0
1779914019301,-782,15831,-3748,39,131,-113,walking,0.00,0,0,0,0,0
1779914019302,-839,15849,-3758,42,141,-110,walking,0.00,0,0,0,0,0
1779914019330,-794,15890,-3759,49,153,-108,walking,0.00,0,0,0,0,0
1779914019331,-696,15843,-3777,54,159,-105,walking,0.00,0,0,0,0,0
1779914019332,-675,15786,-3808,53,163,-101,walking,0.00,0,0,0,0,0
1779914019357,-696,15776,-3893,54,164,-99,walking,0.00,0,0,0,0,0
1779914019357,-750,15791,-3907,60,161,-95,walking,0.00,0,0,0,0,0
1779914019358,-759,15749,-3971,64,161,-94,walking,0.00,0,0,0,0,0
1779914019388,-721,15699,-3952,64,161,-98,walking,0.00,0,0,0,0,0
1779914019388,-722,15752,-4036,62,160,-105,walking,0.00,0,0,0,0,0
1779914019389,-755,15889,-3999,64,162,-111,walking,0.00,0,0,0,0,0
1779914019421,-790,15892,-4007,75,163,-112,walking,0.00,0,0,0,0,0
1779914019422,-862,15813,-3967,91,162,-109,walking,0.00,0,0,0,0,0
1779914019423,-825,15647,-3871,98,164,-106,walking,0.00,0,0,0,0,0
1779914019450,-861,15502,-3856,96,165,-103,walking,0.00,0,0,0,0,0
1779914019450,-898,15383,-3860,90,167,-100,walking,0.00,0,0,0,0,0
1779914019451,-934,15303,-3848,77,174,-98,walking,0.00,0,0,0,0,0
1779914019480,-970,15344,-3827,65,177,-95,walking,0.00,0,0,0,0,0
1779914019480,-1027,15443,-3853,58,181,-89,walking,0.00,0,0,0,0,0
1779914019481,-1072,15528,-3871,62,188,-89,walking,0.00,0,0,0,0,0
1779914019515,-1103,15647,-3794,63,198,-91,walking,0.00,0,0,0,0,0
1779914019516,-1152,15660,-3874,59,209,-91,walking,0.00,0,0,0,0,0
1779914019516,-1228,15675,-3917,54,215,-90,walking,0.00,0,0,0,0,0
1779914019538,-1244,15698,-3948,45,223,-92,walking,0.00,0,0,0,0,0
1779914019539,-1227,15693,-4050,38,224,-94,walking,0.00,0,0,0,0,0
1779914019540,-1199,15563,-4090,40,225,-98,walking,0.00,0,0,0,0,0
1779914019572,-1238,15409,-4116,32,230,-105,walking,0.00,0,0,0,0,0
1779914019573,-1163,15510,-4132,19,232,-111,walking,0.00,0,0,0,0,0
1779914019574,-1122,15720,-4188,11,231,-121,walking,0.00,0,0,0,0,0
1779914019599,-1117,15962,-4271,19,234,-130,walking,0.00,0,0,0,0,0
1779914019601,-1148,16091,-4391,43,234,-139,walking,0.00,0,0,0,0,0
1779914019605,-1191,16115,-4415,71,236,-145,walking,0.00,0,0,0,0,0
1779914019629,-1253,15991,-4433,97,239,-142,walking,0.00,0,0,0,0,0
1779914019659,-1305,15728,-4482,114,243,-137,walking,0.00,0,0,0,0,0
1779914019663,-1242,15461,-4500,112,249,-137,walking,0.00,0,0,0,0,0
1779914019664,-1181,15335,-4462,105,257,-140,walking,0.00,0,0,0,0,0
1779914019664,-1187,15422,-4436,99,266,-147,walking,0.00,0,0,0,0,0
1779914019665,-1286,15482,-4360,97,279,-159,walking,0.00,0,0,0,0,0
1779914019688,-1334,15481,-4334,98,294,-165,walking,0.00,0,0,0,0,0
1779914019688,-1358,15560,-4313,96,306,-166,walking,0.00,0,0,0,0,0
1779914019689,-1378,15650,-4410,84,316,-164,walking,0.00,0,0,0,0,0
1779914019721,-1335,15594,-4442,85,324,-163,walking,0.00,0,0,0,0,0
1779914019724,-1273,15430,-4450,84,331,-165,walking,0.00,0,0,0,0,0
1779914019725,-1222,15313,-4519,71,334,-168,walking,0.00,0,0,0,0,0
1779914019746,-1136,15362,-4682,67,339,-173,walking,0.00,0,0,0,0,0
1779914019778,-1136,15358,-4711,76,347,-182,walking,0.00,0,0,0,0,0
1779914019779,-1171,15376,-4685,86,360,-187,walking,0.00,0,0,0,0,0
1779914019780,-1221,15337,-4721,96,370,-185,walking,0.00,0,0,0,0,0
1779914019780,-1244,15300,-4675,110,380,-187,walking,0.00,0,0,0,0,0
1779914019781,-1144,15285,-4633,111,389,-194,walking,0.00,0,0,0,0,0
1779914019813,-1054,15176,-4628,109,392,-203,walking,0.00,0,0,0,0,0
1779914019813,-1043,15100,-4614,99,391,-209,walking,0.00,0,0,0,0,0
1779914019814,-908,15107,-4576,81,383,-215,walking,0.00,0,0,0,0,0
1779914019844,-873,15297,-4602,64,377,-221,walking,0.00,0,0,0,0,0
1779914019845,-839,15456,-4602,65,371,-232,walking,0.00,0,0,0,0,0
1779914019845,-803,15439,-4656,71,363,-240,walking,0.00,0,0,0,0,0
1779914019866,-1013,15338,-4737,82,345,-242,walking,0.00,0,0,0,0,0
1779914019867,-1012,15298,-4762,75,340,-238,walking,0.00,0,0,0,0,0
1779914019868,-1066,15303,-4797,78,334,-234,walking,0.00,0,0,0,0,0
1779914019898,-1120,15213,-4767,83,328,-231,walking,0.00,0,0,0,0,0
1779914019900,-1149,15179,-4728,85,322,-228,walking,0.00,0,0,0,0,0
1779914019906,-1145,15169,-4635,80,319,-223,walking,0.00,0,0,0,0,0
1779914019929,-1175,15253,-4610,68,316,-215,walking,0.00,0,0,0,0,0
1779914019932,-1231,15292,-4569,57,313,-209,walking,0.00,0,0,0,0,0
1779914019932,-1249,15255,-4507,51,308,-203,walking,0.00,0,0,0,0,0
1779914019958,-1213,15268,-4527,36,301,-196,walking,0.00,0,0,0,0,0
1779914019959,-1276,15308,-4604,20,292,-191,walking,0.00,0,0,0,0,0
1779914019959,-1339,15346,-4680,16,287,-183,walking,0.00,0,0,0,0,0
1779914019987,-1312,15190,-4739,11,281,-177,walking,0.00,0,0,0,0,0
1779914019987,-1312,15122,-4796,-1,274,-175,walking,0.00,0,0,0,0,0
1779914019987,-1280,15125,-4815,-11,269,-173,walking,0.00,0,0,0,0,0
1779914020023,-1247,15141,-4899,-21,265,-171,walking,0.00,0,0,0,0,0
1779914020023,-1236,15178,-4959,-27,259,-170,walking,0.00,0,0,0,0,0
1779914020024,-1252,15176,-5001,-27,256,-167,walking,0.00,0,0,0,0,0
1779914020048,-1224,15177,-5003,-29,252,-163,walking,0.00,0,0,0,0,0
1779914020049,-1188,15187,-5050,-36,241,-156,walking,0.00,0,0,0,0,0
1779914020049,-1159,15196,-5084,-37,231,-151,walking,0.00,0,0,0,0,0
1779914020079,-1125,15204,-5055,-35,226,-145,walking,0.00,0,0,0,0,0
1779914020079,-1056,15221,-5039,-34,219,-145,walking,0.00,0,0,0,0,0
1779914020080,-1092,15229,-5077,-27,214,-145,walking,0.00,0,0,0,0,0
1779914020106,-1113,15232,-5013,-26,212,-141,walking,0.00,0,0,0,0,0
1779914020108,-1126,15251,-4977,-33,207,-134,walking,0.00,0,0,0,0,0
1779914020109,-1204,15275,-4968,-37,203,-119,walking,0.00,0,0,0,0,0
1779914020140,-1207,15245,-4954,-41,199,-109,walking,0.00,0,0,0,0,0
1779914020141,-1177,15203,-4902,-46,193,-100,walking,0.00,0,0,0,0,0
1779914020141,-1134,15167,-4900,-57,186,-90,walking,0.00,0,0,0,0,0
1779914020165,-1182,15247,-4917,-63,181,-82,walking,0.00,0,0,0,0,0
1779914020166,-1195,15299,-4936,-68,176,-75,walking,0.00,0,0,0,0,0
1779914020167,-1185,15389,-4969,-69,169,-68,walking,0.00,0,0,0,0,0
1779914020199,-1182,15409,-4936,-68,161,-60,walking,0.00,0,0,0,0,0
1779914020199,-1164,15491,-4929,-66,151,-52,walking,0.00,0,0,0,0,0
1779914020200,-1211,15606,-4899,-59,141,-43,walking,0.00,0,0,0,0,0
1779914020229,-1199,15585,-4894,-47,133,-36,walking,0.00,0,0,0,0,0
1779914020230,-1199,15533,-4856,-39,125,-29,walking,0.00,0,0,0,0,0
1779914020231,-1209,15519,-4791,-34,117,-16,walking,0.00,0,0,0,0,0
1779914020258,-1248,15493,-4724,-32,108,-4,walking,0.00,0,0,0,0,0
1779914020263,-1223,15407,-4704,-32,100,0,walking,0.00,0,0,0,0,0
1779914020263,-1248,15378,-4666,-31,89,-1,walking,0.00,0,0,0,0,0
1779914020287,-1316,15370,-4675,-38,79,2,walking,0.00,0,0,0,0,0
1779914020289,-1298,15387,-4803,-52,68,8,walking,0.00,0,0,0,0,0
1779914020290,-1358,15388,-4881,-58,57,13,walking,0.00,0,0,0,0,0
1779914020320,-1371,15444,-4873,-56,51,17,walking,0.00,0,0,0,0,0
1779914020322,-1284,15444,-4898,-53,40,19,walking,0.00,0,0,0,0,0
1779914020322,-1220,15534,-4958,-49,28,19,walking,0.00,0,0,0,0,0
1779914020347,-1258,15564,-4956,-37,18,22,walking,0.00,0,0,0,0,0
1779914020349,-1223,15553,-4950,-19,9,24,walking,0.00,0,0,0,0,0
1779914020349,-1291,15506,-4891,-4,1,26,walking,0.00,0,0,0,0,0
1779914020378,-1337,15455,-4878,0,-5,30,walking,0.00,0,0,0,0,0
1779914020379,-1366,15426,-4847,1,-10,29,walking,0.00,0,0,0,0,0
1779914020380,-1436,15434,-4876,2,-15,28,walking,0.00,0,0,0,0,0
1779914020407,-1491,15431,-4780,11,-18,29,walking,0.00,0,0,0,0,0
1779914020408,-1477,15357,-4736,14,-23,29,walking,0.00,0,0,0,0,0
1779914020408,-1491,15304,-4727,10,-23,28,walking,0.00,0,0,0,0,0
1779914020440,-1472,15330,-4747,5,-25,25,walking,0.00,0,0,0,0,0
1779914020470,-1486,15351,-4703,2,-25,21,walking,0.00,0,0,0,0,0
1779914020471,-1520,15428,-4645,2,-25,18,walking,0.00,0,0,0,0,0
1779914020472,-1538,15460,-4678,3,-23,20,walking,0.00,0,0,0,0,0
1779914020472,-1552,15431,-4629,11,-22,24,walking,0.00,0,0,0,0,0
1779914020473,-1587,15333,-4574,9,-22,29,walking,0.00,0,0,0,0,0
1779914020497,-1575,15247,-4580,-3,-26,29,walking,0.00,0,0,0,0,0
1779914020498,-1579,15276,-4677,-13,-28,26,walking,0.00,0,0,0,0,0
1779914020499,-1592,15308,-4703,-18,-29,26,walking,0.00,0,0,0,0,0
1779914020529,-1576,15291,-4722,-16,-29,26,walking,0.00,0,0,0,0,0
1779914020531,-1554,15298,-4717,-19,-29,21,walking,0.00,0,0,0,0,0
1779914020532,-1557,15378,-4730,-27,-31,17,walking,0.00,0,0,0,0,0
1779914020557,-1554,15403,-4752,-22,-40,19,walking,0.00,0,0,0,0,0
1779914020557,-1536,15351,-4748,-18,-50,20,walking,0.00,0,0,0,0,0
1779914020559,-1541,15316,-4769,-22,-56,22,walking,0.00,0,0,0,0,0
1779914020589,-1492,15287,-4783,-21,-62,22,walking,0.00,0,0,0,0,0
1779914020594,-1465,15300,-4768,-14,-69,22,walking,0.00,0,0,0,0,0
1779914020595,-1451,15358,-4688,-6,-73,21,walking,0.00,0,0,0,0,0
1779914020620,-1460,15389,-4681,-5,-74,15,walking,0.00,0,0,0,0,0
1779914020620,-1474,15399,-4645,-3,-74,8,walking,0.00,0,0,0,0,0
1779914020621,-1502,15469,-4608,-5,-71,7,walking,0.00,0,0,0,0,0
1779914020648,-1520,15525,-4610,-10,-72,14,walking,0.00,0,0,0,0,0
1779914020648,-1561,15542,-4590,-11,-74,20,walking,0.00,0,0,0,0,0
1779914020649,-1580,15519,-4618,-13,-72,24,walking,0.00,0,0,0,0,0
1779914020677,-1594,15445,-4625,-14,-71,28,walking,0.00,0,0,0,0,0
1779914020678,-1617,15420,-4708,-19,-70,30,walking,0.00,0,0,0,0,0
1779914020679,-1733,15429,-4756,-20,-69,30,walking,0.00,0,0,0,0,0
1779914020710,-1793,15479,-4775,-22,-66,27,walking,0.00,0,0,0,0,0
1779914020711,-1852,15510,-4886,-20,-65,29,walking,0.00,0,0,0,0,0
1779914020714,-1862,15538,-4971,-11,-63,28,walking,0.00,0,0,0,0,0
1779914020737,-1890,15535,-4994,-6,-64,26,walking,0.00,0,0,0,0,0
1779914020738,-1819,15518,-5002,-2,-64,27,walking,0.00,0,0,0,0,0
1779914020738,-1778,15493,-5079,6,-64,28,walking,0.00,0,0,0,0,0
1779914020769,-1820,15474,-5045,20,-66,25,walking,0.00,0,0,0,0,0
1779914020770,-1796,15363,-5022,28,-65,19,walking,0.00,0,0,0,0,0
1779914020771,-1711,15339,-4995,34,-66,11,walking,0.00,0,0,0,0,0
1779914020798,-1665,15421,-4950,30,-64,4,walking,0.00,0,0,0,0,0
1779914020799,-1707,15427,-4946,32,-65,0,walking,0.00,0,0,0,0,0
1779914020800,-1703,15362,-4868,40,-60,-1,walking,0.00,0,0,0,0,0
1779914020831,-1661,15242,-4744,47,-54,0,walking,0.00,0,0,0,0,0
1779914020832,-1548,15063,-4627,47,-50,0,walking,0.00,0,0,0,0,0
1779914020833,-1581,14967,-4547,43,-47,0,walking,0.00,0,0,0,0,0
1779914020860,-1536,14943,-4453,34,-40,-5,walking,0.00,0,0,0,0,0
1779914020861,-1549,15075,-4382,25,-35,-12,walking,0.00,0,0,0,0,0
1779914020861,-1659,15083,-4373,20,-29,-18,walking,0.00,0,0,0,0,0
1779914020887,-1749,15073,-4328,12,-22,-15,walking,0.00,0,0,0,0,0
1779914020889,-1748,15149,-4324,-5,-17,-10,walking,0.00,0,0,0,0,0
1779914020897,-1762,15223,-4342,-25,-14,-6,walking,0.00,0,0,0,0,0
1779914020919,-1798,15323,-4476,-41,-17,-7,walking,0.00,0,0,0,0,0
1779914020921,-1859,15480,-4535,-46,-21,-11,walking,0.00,0,0,0,0,0
1779914020922,-1920,15578,-4594,-42,-26,-15,walking,0.00,0,0,0,0,0
1779914020952,-2064,15492,-4681,-28,-27,-12,walking,0.00,0,0,0,0,0
1779914020953,-2099,15359,-4730,-23,-33,-6,walking,0.00,0,0,0,0,0
1779914020954,-2049,15294,-4796,-29,-42,-6,walking,0.00,0,0,0,0,0
1779914020978,-2074,15353,-4835,-34,-46,-14,walking,0.00,0,0,0,0,0
1779914020979,-2049,15415,-4903,-31,-51,-26,walking,0.00,0,0,0,0,0
1779914020980,-2055,15494,-4959,-26,-56,-34,walking,0.00,0,0,0,0,0
1779914021006,-1920,15632,-4947,-8,-69,-31,walking,0.00,0,0,0,0,0
1779914021007,-1853,15651,-4930,8,-76,-27,walking,0.00,0,0,0,0,0
1779914021008,-1865,15593,-4908,18,-81,-31,walking,0.00,0,0,0,0,0
1779914021038,-1862,15526,-4926,22,-84,-37,walking,0.00,0,0,0,0,0
1779914021044,-1871,15560,-4951,17,-81,-40,walking,0.00,0,0,0,0,0
1779914021044,-1939,15419,-4961,19,-77,-34,walking,0.00,0,0,0,0,0
1779914021069,-1850,15175,-4925,28,-68,-25,walking,0.00,0,0,0,0,0
1779914021069,-1725,15024,-4808,20,-60,-15,walking,0.00,0,0,0,0,0
1779914021070,-1658,15099,-4773,7,-55,-10,walking,0.00,0,0,0,0,0
1779914021097,-1624,15192,-4705,7,-47,-10,walking,0.00,0,0,0,0,0
1779914021098,-1607,15236,-4694,12,-36,-11,walking,0.00,0,0,0,0,0
1779914021098,-1632,15292,-4639,14,-26,-2,walking,0.00,0,0,0,0,0
1779914021127,-1617,15403,-4598,7,-19,12,walking,0.00,0,0,0,0,0
1779914021128,-1668,15446,-4611,4,-12,27,walking,0.00,0,0,0,0,0
1779914021129,-1724,15351,-4599,7,-9,42,walking,0.00,0,0,0,0,0
1779914021163,-1767,15304,-4612,1,-6,51,walking,0.00,0,0,0,0,0
1779914021164,-1849,15294,-4686,-10,-3,57,walking,0.00,0,0,0,0,0
1779914021165,-1965,15288,-4686,-12,7,61,walking,0.00,0,0,0,0,0
1779914021189,-1967,15229,-4699,-12,17,66,walking,0.00,0,0,0,0,0
1779914021219,-1974,15244,-4696,-16,25,72,walking,0.00,0,0,0,0,0
1779914021220,-2042,15307,-4688,-17,32,74,walking,0.00,0,0,0,0,0
1779914021220,-2038,15316,-4743,-19,38,70,walking,0.00,0,0,0,0,0
1779914021221,-1944,15385,-4718,-23,42,69,walking,0.00,0,0,0,0,0
1779914021222,-1960,15422,-4764,-27,42,67,walking,0.00,0,0,0,0,0
1779914021252,-2014,15423,-4836,-31,43,62,walking,0.00,0,0,0,0,0
1779914021253,-1962,15449,-4870,-36,41,55,walking,0.00,0,0,0,0,0
1779914021253,-1882,15401,-4952,-44,37,45,walking,0.00,0,0,0,0,0
1779914021278,-1831,15356,-5089,-45,33,34,walking,0.00,0,0,0,0,0
1779914021279,-1796,15274,-5182,-37,28,20,walking,0.00,0,0,0,0,0
1779914021280,-1611,15203,-5186,-33,20,3,walking,0.00,0,0,0,0,0
1779914021311,-1564,15217,-5196,-38,12,-13,walking,0.00,0,0,0,0,0
1779914021312,-1564,15311,-5192,-25,6,-26,walking,0.00,0,0,0,0,0
1779914021312,-1533,15294,-5114,-4,2,-34,walking,0.00,0,0,0,0,0
1779914021340,-1458,15222,-4985,3,0,-41,walking,0.00,0,0,0,0,0
1779914021349,-1385,15251,-4890,11,-1,-43,walking,0.00,0,0,0,0,0
1779914021350,-1343,15204,-4776,19,-2,-42,walking,0.00,0,0,0,0,0
1779914021368,-1304,15107,-4601,27,-4,-38,walking,0.00,0,0,0,0,0
1779914021369,-1302,15070,-4462,25,-5,-33,walking,0.00,0,0,0,0,0
1779914021370,-1316,14996,-4356,14,-7,-27,walking,0.00,0,0,0,0,0
1779914021397,-1380,14956,-4256,-1,-4,-23,walking,0.00,0,0,0,0,0
1779914021398,-1374,15010,-4173,-19,2,-17,walking,0.00,0,0,0,0,0
1779914021399,-1415,15117,-4162,-41,10,-5,walking,0.00,0,0,0,0,0
1779914021429,-1447,15307,-4172,-59,18,3,walking,0.00,0,0,0,0,0
1779914021430,-1539,15487,-4258,-64,25,9,walking,0.00,0,0,0,0,0
1779914021430,-1592,15545,-4241,-55,31,20,walking,0.00,0,0,0,0,0
1779914021459,-1671,15462,-4333,-53,32,31,walking,0.00,0,0,0,0,0
1779914021460,-1735,15357,-4404,-67,30,37,walking,0.00,0,0,0,0,0
1779914021461,-1709,15357,-4532,-86,24,37,walking,0.00,0,0,0,0,0
1779914021487,-1696,15461,-4665,-100,17,35,walking,0.00,0,0,0,0,0
1779914021487,-1679,15611,-4720,-102,11,29,walking,0.00,0,0,0,0,0
1779914021488,-1646,15737,-4797,-99,3,25,walking,0.00,0,0,0,0,0
1779914021519,-1662,15871,-4842,-85,-5,24,walking,0.00,0,0,0,0,0
1779914021520,-1648,15920,-4852,-66,-15,24,walking,0.00,0,0,0,0,0
1779914021521,-1625,15958,-4919,-49,-27,25,walking,0.00,0,0,0,0,0
1779914021552,-1676,15911,-4979,-27,-40,21,walking,0.00,0,0,0,0,0
1779914021552,-1741,15870,-4945,-9,-50,12,walking,0.00,0,0,0,0,0
1779914021553,-1772,15863,-4968,-1,-54,1,walking,0.00,0,0,0,0,0
1779914021577,-1835,15875,-5013,11,-66,-5,walking,0.00,0,0,0,0,0
1779914021577,-1907,15890,-5003,32,-73,-12,walking,0.00,0,0,0,0,0
1779914021578,-1906,15779,-4923,47,-74,-19,walking,0.00,0,0,0,0,0
1779914021617,-1918,15665,-4873,59,-73,-24,walking,0.00,0,0,0,0,0
1779914021617,-1966,15550,-4774,65,-70,-22,walking,0.00,0,0,0,0,0
1779914021618,-1928,15424,-4764,63,-62,-16,walking,0.00,0,0,0,0,0
1779914021638,-1876,15342,-4746,60,-55,-14,walking,0.00,0,0,0,0,0
1779914021641,-1741,15280,-4648,62,-49,-15,walking,0.00,0,0,0,0,0
1779914021642,-1606,15262,-4574,63,-43,-21,walking,0.00,0,0,0,0,0
1779914021670,-1599,15238,-4566,65,-37,-22,walking,0.00,0,0,0,0,0
1779914021671,-1569,15279,-4437,64,-33,-16,walking,0.00,0,0,0,0,0
1779914021672,-1579,15362,-4432,58,-31,-13,walking,0.00,0,0,0,0,0
1779914021698,-1635,15458,-4435,57,-27,-16,walking,0.00,0,0,0,0,0
1779914021700,-1742,15460,-4388,63,-23,-22,walking,0.00,0,0,0,0,0
1779914021700,-1882,15372,-4475,58,-17,-24,walking,0.00,0,0,0,0,0
1779914021728,-2021,15349,-4524,42,-16,-21,walking,0.00,0,0,0,0,0
1779914021729,-2048,15380,-4665,21,-16,-17,walking,0.00,0,0,0,0,0
1779914021730,-2096,15437,-4797,17,-18,-16,walking,0.00,0,0,0,0,0
1779914021760,-2129,15396,-4828,24,-18,-22,walking,0.00,0,0,0,0,0
1779914021763,-2157,15369,-4891,32,-23,-28,walking,0.00,0,0,0,0,0
1779914021764,-2147,15337,-4970,37,-28,-29,walking,0.00,0,0,0,0,0
1779914021786,-2087,15325,-5019,48,-32,-32,walking,0.00,0,0,0,0,0
1779914021787,-1948,15301,-4957,61,-35,-31,walking,0.00,0,0,0,0,0
1779914021787,-1782,15238,-4816,70,-40,-32,walking,0.00,0,0,0,0,0
1779914021821,-1683,15172,-4733,73,-50,-34,walking,0.00,0,0,0,0,0
1779914021822,-1640,15112,-4644,69,-59,-38,walking,0.00,0,0,0,0,0
1779914021823,-1576,15124,-4599,61,-67,-42,walking,0.00,0,0,0,0,0
1779914021853,-1579,15255,-4582,59,-73,-46,walking,0.00,0,0,0,0,0
1779914021856,-1623,15379,-4548,64,-76,-52,walking,0.00,0,0,0,0,0
1779914021860,-1567,15430,-4503,70,-77,-64,walking,0.00,0,0,0,0,0
1779914021876,-1650,15478,-4424,71,-76,-72,walking,0.00,0,0,0,0,0
1779914021879,-1721,15558,-4470,69,-75,-79,walking,0.00,0,0,0,0,0
1779914021879,-1768,15594,-4486,63,-73,-79,walking,0.00,0,0,0,0,0
1779914021914,-1778,15625,-4536,57,-73,-80,walking,0.00,0,0,0,0,0
1779914021915,-1834,15593,-4672,59,-75,-83,walking,0.00,0,0,0,0,0
1779914021915,-1951,15463,-4699,67,-77,-82,walking,0.00,0,0,0,0,0
1779914021938,-2016,15273,-4725,64,-81,-79,walking,0.00,0,0,0,0,0
1779914021939,-2046,15231,-4828,50,-80,-71,walking,0.00,0,0,0,0,0
1779914021940,-2118,15291,-4870,40,-75,-57,walking,0.00,0,0,0,0,0
1779914021970,-2124,15325,-4844,46,-68,-43,walking,0.00,0,0,0,0,0
1779914021971,-2018,15236,-4772,59,-60,-30,walking,0.00,0,0,0,0,0
1779914021972,-1893,15195,-4767,64,-53,-16,walking,0.00,0,0,0,0,0
1779914021997,-1869,15165,-4744,57,-51,-6,walking,0.00,0,0,0,0,0
1779914021997,-1898,15173,-4793,49,-52,2,walking,0.00,0,0,0,0,0
1779914021998,-1882,15236,-4837,38,-52,8,walking,0.00,0,0,0,0,0
1779914022027,-1926,15388,-4933,29,-52,12,walking,0.00,0,0,0,0,0
1779914022027,-1992,15512,-4987,29,-50,18,walking,0.00,0,0,0,0,0
1779914022028,-2044,15537,-4995,35,-49,24,walking,0.00,0,0,0,0,0
1779914022060,-2083,15415,-5085,44,-53,24,walking,0.00,0,0,0,0,0
1779914022062,-2130,15182,-5121,54,-59,23,walking,0.00,0,0,0,0,0
1779914022063,-2111,14992,-5177,49,-68,20,walking,0.00,0,0,0,0,0
1779914022087,-2064,14914,-5255,28,-76,15,walking,0.00,0,0,0,0,0
1779914022088,-2061,15037,-5270,16,-80,13,walking,0.00,0,0,0,0,0
1779914022089,-2055,15075,-5288,24,-81,13,walking,0.00,0,0,0,0,0
1779914022119,-2049,14978,-5253,36,-78,14,walking,0.00,0,0,0,0,0
1779914022119,-2019,14944,-5177,47,-77,16,walking,0.00,0,0,0,0,0
1779914022120,-1893,14906,-4969,55,-69,12,walking,0.00,0,0,0,0,0
1779914022147,-1824,14886,-4895,54,-64,7,walking,0.00,0,0,0,0,0
1779914022154,-1709,14852,-4812,47,-59,1,walking,0.00,0,0,0,0,0
1779914022155,-1668,14877,-4751,29,-53,-3,walking,0.00,0,0,0,0,0
1779914022185,-1602,15032,-4676,7,-48,-3,walking,0.00,0,0,0,0,0
1779914022187,-1604,15096,-4710,-10,-44,-2,walking,0.00,0,0,0,0,0
1779914022187,-1625,15139,-4748,-15,-41,-1,walking,0.00,0,0,0,0,0
1779914022208,-1619,15207,-4734,-21,-36,1,walking,0.00,0,0,0,0,0
1779914022209,-1639,15332,-4834,-37,-34,8,walking,0.00,0,0,0,0,0
1779914022209,-1709,15471,-4935,-45,-33,17,walking,0.00,0,0,0,0,0
1779914022237,-1745,15507,-5018,-41,-27,25,walking,0.00,0,0,0,0,0
1779914022237,-1886,15533,-5059,-28,-24,40,walking,0.00,0,0,0,0,0
1779914022238,-2067,15547,-5120,-26,-25,55,walking,0.00,0,0,0,0,0
1779914022271,-2151,15589,-5283,-26,-26,67,walking,0.00,0,0,0,0,0
1779914022276,-2226,15591,-5312,-18,-27,73,walking,0.00,0,0,0,0,0
1779914022276,-2255,15663,-5333,-20,-29,74,walking,0.00,0,0,0,0,0
1779914022297,-2345,15768,-5468,-16,-28,83,walking,0.00,0,0,0,0,0
1779914022297,-2419,15698,-5553,7,-28,93,walking,0.00,0,0,0,0,0
1779914022298,-2402,15499,-5540,31,-34,96,walking,0.00,0,0,0,0,0
1779914022328,-2319,15352,-5496,44,-41,90,walking,0.00,0,0,0,0,0
1779914022329,-2226,15263,-5491,46,-44,77,walking,0.00,0,0,0,0,0
1779914022330,-2153,15255,-5491,47,-46,66,walking,0.00,0,0,0,0,0
1779914022359,-2145,15281,-5477,53,-51,56,walking,0.00,0,0,0,0,0
1779914022361,-2059,15244,-5401,67,-53,46,walking,0.00,0,0,0,0,0
1779914022361,-1901,15095,-5275,73,-55,35,walking,0.00,0,0,0,0,0
1779914022393,-1837,14987,-5285,71,-58,19,walking,0.00,0,0,0,0,0
1779914022393,-1738,14895,-5258,62,-64,-1,walking,0.00,0,0,0,0,0
1779914022394,-1651,15030,-5192,50,-69,-24,walking,0.00,0,0,0,0,0
1779914022420,-1620,15122,-5255,44,-68,-40,walking,0.00,0,0,0,0,0
1779914022421,-1603,15238,-5174,63,-66,-50,walking,0.00,0,0,0,0,0
1779914022422,-1559,15415,-5157,69,-65,-55,walking,0.00,0,0,0,0,0
1779914022446,-1713,15322,-5199,78,-62,-53,walking,0.00,0,0,0,0,0
1779914022447,-1813,15240,-5114,96,-56,-45,walking,0.00,0,0,0,0,0
1779914022448,-1860,15097,-4996,96,-52,-37,walking,0.00,0,0,0,0,0
1779914022480,-1888,15071,-5060,83,-49,-30,walking,0.00,0,0,0,0,0
1779914022488,-2004,15112,-5054,74,-47,-25,walking,0.00,0,0,0,0,0
1779914022489,-2225,15178,-5006,68,-42,-18,walking,0.00,0,0,0,0,0
1779914022509,-2285,15229,-5040,70,-35,-5,walking,0.00,0,0,0,0,0
1779914022510,-2362,15170,-4996,74,-28,3,walking,0.00,0,0,0,0,0
1779914022511,-2384,15156,-4979,71,-25,6,walking,0.00,0,0,0,0,0
1779914022537,-2433,15184,-5047,63,-20,7,walking,0.00,0,0,0,0,0
1779914022538,-2530,15229,-5103,56,-17,12,walking,0.00,0,0,0,0,0
1779914022539,-2603,15313,-5170,51,-17,20,walking,0.00,0,0,0,0,0
1779914022569,-2560,15242,-5205,55,-13,27,walking,0.00,0,0,0,0,0
1779914022575,-2432,15116,-5238,61,-9,31,walking,0.00,0,0,0,0,0
1779914022576,-2359,14973,-5218,56,-8,34,walking,0.00,0,0,0,0,0
1779914022596,-2299,14995,-5277,46,-9,35,walking,0.00,0,0,0,0,0
1779914022600,-2312,15028,-5282,40,-13,32,walking,0.00,0,0,0,0,0
1779914022601,-2289,15003,-5320,41,-16,30,walking,0.00,0,0,0,0,0
1779914022627,-2344,14944,-5308,39,-18,28,walking,0.00,0,0,0,0,0
1779914022628,-2300,14939,-5319,35,-17,22,walking,0.00,0,0,0,0,0
1779914022629,-2259,14958,-5339,29,-16,16,walking,0.00,0,0,0,0,0
1779914022659,-2247,15006,-5359,19,-18,7,walking,0.00,0,0,0,0,0
1779914022660,-2285,15040,-5412,14,-22,3,walking,0.00,0,0,0,0,0
1779914022661,-2351,14968,-5487,18,-27,2,walking,0.00,0,0,0,0,0
1779914022693,-2381,14869,-5526,14,-29,-4,walking,0.00,0,0,0,0,0
1779914022695,-2345,14930,-5530,6,-31,-7,walking,0.00,0,0,0,0,0
1779914022696,-2358,15050,-5588,-3,-31,-13,walking,0.00,0,0,0,0,0
1779914022716,-2393,15195,-5679,-2,-25,-17,walking,0.00,0,0,0,0,0
1779914022717,-2395,15310,-5650,14,-18,-18,walking,0.00,0,0,0,0,0
1779914022718,-2370,15392,-5586,34,-9,-18,walking,0.00,0,0,0,0,0
1779914022750,-2325,15411,-5554,51,-1,-20,walking,0.00,0,0,0,0,0
1779914022751,-2301,15426,-5439,70,5,-24,walking,0.00,0,0,0,0,0
1779914022751,-2265,15337,-5365,78,15,-27,walking,0.00,0,0,0,0,0
1779914022778,-2312,15274,-5331,79,24,-29,walking,0.00,0,0,0,0,0
1779914022779,-2346,15235,-5284,73,31,-31,walking,0.00,0,0,0,0,0
1779914022780,-2378,15205,-5315,66,46,-27,walking,0.00,0,0,0,0,0
1779914022811,-2401,15081,-5307,67,62,-21,walking,0.00,0,0,0,0,0
1779914022812,-2368,14889,-5261,59,78,-16,walking,0.00,0,0,0,0,0
1779914022812,-2363,14790,-5273,43,92,-6,walking,0.00,0,0,0,0,0
1779914022840,-2242,14772,-5343,28,102,-1,walking,0.00,0,0,0,0,0
1779914022840,-2144,14739,-5362,13,109,-6,walking,0.00,0,0,0,0,0
1779914022844,-2036,14841,-5315,1,112,-8,walking,0.00,0,0,0,0,0
1779914022867,-1955,14967,-5346,-6,113,-6,walking,0.00,0,0,0,0,0
1779914022910,-1958,14981,-5490,-4,109,-4,walking,0.00,0,0,0,0,0
1779914022911,-1937,14934,-5554,9,101,-6,walking,0.00,0,0,0,0,0
1779914022911,-1927,14847,-5505,15,93,-12,walking,0.00,0,0,0,0,0
1779914022912,-1910,14791,-5517,12,84,-16,walking,0.00,0,0,0,0,0
1779914022912,-1948,14842,-5538,4,77,-18,walking,0.00,0,0,0,0,0
1779914022932,-1982,14954,-5544,4,73,-22,walking,0.00,0,0,0,0,0
1779914022932,-1956,14985,-5520,2,72,-29,walking,0.00,0,0,0,0,0
1779914022932,-1970,15041,-5503,1,70,-31,walking,0.00,0,0,0,0,0
1779914022956,-2032,14940,-5509,1,68,-28,walking,0.00,0,0,0,0,0
1779914022957,-2061,14839,-5496,1,60,-26,walking,0.00,0,0,0,0,0
1779914022957,-2081,14873,-5511,-14,48,-28,walking,0.00,0,0,0,0,0
1779914022987,-2126,15071,-5522,-27,39,-35,walking,0.00,0,0,0,0,0
1779914022988,-2164,15262,-5540,-20,35,-44,walking,0.00,0,0,0,0,0
1779914022989,-2227,15371,-5529,-6,34,-48,walking,0.00,0,0,0,0,0
1779914023017,-2252,15451,-5522,9,32,-46,walking,0.00,0,0,0,0,0
1779914023017,-2287,15351,-5486,23,36,-44,walking,0.00,0,0,0,0,0
1779914023018,-2263,15235,-5368,35,35,-43,walking,0.00,0,0,0,0,0
1779914023050,-2202,15129,-5357,32,34,-40,walking,0.00,0,0,0,0,0
1779914023050,-2223,15101,-5356,19,33,-38,walking,0.00,0,0,0,0,0
1779914023051,-2206,15114,-5397,13,35,-33,walking,0.00,0,0,0,0,0
1779914023078,-2173,15091,-5427,12,39,-31,walking,0.00,0,0,0,0,0
1779914023078,-2149,15089,-5439,15,43,-28,walking,0.00,0,0,0,0,0
1779914023079,-2107,15038,-5437,24,42,-28,walking,0.00,0,0,0,0,0
1779914023108,-2136,14904,-5418,33,42,-33,walking,0.00,0,0,0,0,0
1779914023109,-2084,14815,-5376,29,46,-34,walking,0.00,0,0,0,0,0
1779914023110,-2017,14915,-5306,14,50,-31,walking,0.00,0,0,0,0,0
1779914023137,-1940,15016,-5252,2,53,-28,walking,0.00,0,0,0,0,0
1779914023137,-1903,15034,-5207,7,57,-28,walking,0.00,0,0,0,0,0
1779914023138,-1867,15000,-5135,16,61,-32,walking,0.00,0,0,0,0,0
1779914023169,-1828,15088,-5136,10,65,-39,walking,0.00,0,0,0,0,0
1779914023171,-1859,15169,-5213,-1,69,-46,walking,0.00,0,0,0,0,0
1779914023175,-1945,15210,-5292,-6,67,-52,walking,0.00,0,0,0,0,0
1779914023200,-2036,15262,-5361,-16,63,-52,walking,0.00,0,0,0,0,0
1779914023201,-2078,15336,-5459,-25,56,-51,walking,0.00,0,0,0,0,0
1779914023201,-2107,15383,-5624,-27,44,-51,walking,0.00,0,0,0,0,0
1779914023227,-2155,15351,-5718,-13,34,-56,walking,0.00,0,0,0,0,0
1779914023228,-2223,15331,-5700,0,29,-58,walking,0.00,0,0,0,0,0
1779914023229,-2311,15377,-5750,4,26,-55,walking,0.00,0,0,0,0,0
1779914023259,-2431,15377,-5861,17,23,-46,walking,0.00,0,0,0,0,0
1779914023259,-2449,15178,-5756,53,18,-43,walking,0.00,0,0,0,0,0
1779914023260,-2437,15219,-5791,53,20,-43,walking,0.00,0,0,0,0,0
1779914023291,-2458,15272,-5853,54,22,-40,walking,0.00,0,0,0,0,0
1779914023292,-2454,15284,-5804,71,22,-35,walking,0.00,0,0,0,0,0
1779914023292,-2338,15260,-5681,85,28,-32,walking,0.00,0,0,0,0,0
1779914023317,-2229,15176,-5582,89,31,-30,walking,0.00,0,0,0,0,0
1779914023319,-2236,15059,-5432,91,34,-30,walking,0.00,0,0,0,0,0
1779914023319,-2223,14991,-5411,79,40,-28,walking,0.00,0,0,0,0,0
1779914023347,-2241,14959,-5464,63,47,-23,walking,0.00,0,0,0,0,0
1779914023350,-2242,15025,-5452,52,55,-18,walking,0.00,0,0,0,0,0
1779914023351,-2244,15028,-5508,42,63,-14,walking,0.00,0,0,0,0,0
1779914023378,-2319,14939,-5621,36,67,-9,walking,0.00,0,0,0,0,0
1779914023379,-2364,14809,-5745,39,74,-4,walking,0.00,0,0,0,0,0
1779914023379,-2314,14927,-5548,40,76,-9,walking,0.00,0,0,0,0,0
1779914023413,-2300,14964,-5588,38,73,-15,walking,0.00,0,0,0,0,0
1779914023414,-2404,14896,-5689,51,79,-13,walking,0.00,0,0,0,0,0
1779914023414,-2436,14871,-5601,59,82,-10,walking,0.00,0,0,0,0,0
1779914023437,-2322,14916,-5549,52,84,-10,walking,0.00,0,0,0,0,0
1779914023438,-2292,14918,-5597,43,81,-8,walking,0.00,0,0,0,0,0
1779914023439,-2255,14903,-5631,46,76,-12,walking,0.00,0,0,0,0,0
1779914023474,-2139,14788,-5623,47,71,-17,walking,0.00,0,0,0,0,0
1779914023475,-2090,14775,-5598,36,65,-24,walking,0.00,0,0,0,0,0
1779914023476,-2061,14893,-5603,25,54,-27,walking,0.00,0,0,0,0,0
1779914023499,-2065,15043,-5641,26,48,-28,walking,0.00,0,0,0,0,0
1779914023500,-2089,15031,-5596,34,46,-31,walking,0.00,0,0,0,0,0
1779914023501,-2116,14921,-5589,39,46,-34,walking,0.00,0,0,0,0,0
1779914023528,-2141,14799,-5639,38,48,-32,walking,0.00,0,0,0,0,0
1779914023536,-2130,14624,-5594,34,51,-31,walking,0.00,0,0,0,0,0
1779914023537,-2069,14518,-5534,23,51,-31,walking,0.00,0,0,0,0,0
1779914023558,-2006,14520,-5504,7,47,-33,walking,0.00,0,0,0,0,0
1779914023560,-1905,14586,-5464,-1,39,-35,walking,0.00,0,0,0,0,0
1779914023561,-1841,14613,-5459,-6,36,-41,walking,0.00,0,0,0,0,0
1779914023586,-1785,14753,-5442,-16,34,-47,walking,0.00,0,0,0,0,0
1779914023586,-1770,14921,-5456,-23,30,-48,walking,0.00,0,0,0,0,0
1779914023587,-1682,15018,-5405,-18,26,-46,walking,0.00,0,0,0,0,0
1779914023617,-1623,14853,-5455,-11,21,-46,walking,0.00,0,0,0,0,0
1779914023618,-1566,14829,-5419,-15,13,-46,walking,0.00,0,0,0,0,0
1779914023618,-1569,14958,-5365,-24,4,-43,walking,0.00,0,0,0,0,0
1779914023653,-1630,15007,-5416,-29,-3,-37,walking,0.00,0,0,0,0,0
1779914023654,-1690,15037,-5408,-31,-7,-30,walking,0.00,0,0,0,0,0
1779914023657,-1805,15129,-5446,-36,-12,-24,walking,0.00,0,0,0,0,0
1779914023682,-1908,15165,-5524,-38,-17,-16,walking,0.00,0,0,0,0,0
1779914023682,-2023,15168,-5532,-41,-25,-7,walking,0.00,0,0,0,0,0
1779914023686,-2114,15188,-5570,-40,-32,4,walking,0.00,0,0,0,0,0
1779914023709,-2172,15228,-5588,-37,-42,19,walking,0.00,0,0,0,0,0
1779914023710,-2242,15204,-5583,-36,-47,27,walking,0.00,0,0,0,0,0
1779914023711,-2321,15276,-5528,-34,-50,34,walking,0.00,0,0,0,0,0
1779914023736,-2391,15392,-5553,-32,-45,48,walking,0.00,0,0,0,0,0
1779914023737,-2465,15405,-5586,-21,-35,65,walking,0.00,0,0,0,0,0
1779914023737,-2450,15309,-5568,-3,-26,79,walking,0.00,0,0,0,0,0
1779914023767,-2378,15219,-5527,5,-18,85,walking,0.00,0,0,0,0,0
1779914023802,-2385,15213,-5456,1,-15,91,walking,0.00,0,0,0,0,0
1779914023803,-2432,15197,-5524,-10,-14,98,walking,0.00,0,0,0,0,0
1779914023804,-2495,15149,-5567,-14,-12,102,walking,0.00,0,0,0,0,0
1779914023804,-2428,15077,-5535,-12,-10,107,walking,0.00,0,0,0,0,0
1779914023805,-2452,14976,-5413,-8,-8,114,walking,0.00,0,0,0,0,0
1779914023832,-2542,14905,-5502,-20,-2,112,walking,0.00,0,0,0,0,0
1779914023833,-2583,14813,-5586,-26,7,106,walking,0.00,0,0,0,0,0
1779914023833,-2579,14824,-5581,-25,16,99,walking,0.00,0,0,0,0,0
1779914023858,-2543,14806,-5512,-27,20,88,walking,0.00,0,0,0,0,0
1779914023859,-2530,14783,-5564,-38,24,77,walking,0.00,0,0,0,0,0
1779914023860,-2431,14869,-5579,-41,27,66,walking,0.00,0,0,0,0,0
1779914023886,-2323,15024,-5554,-35,31,58,walking,0.00,0,0,0,0,0
1779914023890,-2245,15088,-5476,-26,29,46,walking,0.00,0,0,0,0,0
1779914023891,-2299,15126,-5478,-14,27,35,walking,0.00,0,0,0,0,0
1779914023917,-2317,15090,-5456,-1,29,24,walking,0.00,0,0,0,0,0
1779914023918,-2374,15058,-5389,9,32,11,walking,0.00,0,0,0,0,0
1779914023919,-2428,14928,-5345,9,35,6,walking,0.00,0,0,0,0,0
1779914023948,-2478,14814,-5351,3,36,-1,walking,0.00,0,0,0,0,0
1779914023949,-2514,14721,-5302,-8,40,-11,walking,0.00,0,0,0,0,0
1779914023949,-2516,14673,-5261,-24,47,-21,walking,0.00,0,0,0,0,0
1779914023983,-2477,14686,-5271,-37,55,-29,walking,0.00,0,0,0,0,0
1779914023984,-2492,14738,-5338,-51,63,-38,walking,0.00,0,0,0,0,0
1779914023987,-2471,14829,-5344,-57,74,-42,walking,0.00,0,0,0,0,0
1779914024013,-2386,14893,-5273,-55,84,-41,walking,0.00,0,0,0,0,0
1779914024013,-2404,14915,-5318,-63,87,-38,walking,0.00,0,0,0,0,0
1779914024015,-2386,14801,-5345,-67,92,-32,walking,0.00,0,0,0,0,0
1779914024042,-2336,14607,-5369,-70,96,-33,walking,0.00,0,0,0,0,0
1779914024043,-2207,14488,-5370,-88,98,-39,walking,0.00,0,0,0,0,0
1779914024043,-2167,14539,-5457,-120,100,-46,walking,0.00,0,0,0,0,0
1779914024068,-2174,14754,-5534,-145,99,-53,walking,0.00,0,0,0,0,0
1779914024068,-2138,14881,-5544,-148,101,-54,walking,0.00,0,0,0,0,0
1779914024069,-2054,15037,-5546,-146,103,-53,walking,0.00,0,0,0,0,0
1779914024099,-2010,15148,-5613,-147,98,-49,walking,0.00,0,0,0,0,0
1779914024100,-2056,15041,-5667,-140,93,-39,walking,0.00,0,0,0,0,0
1779914024101,-2091,14861,-5759,-131,88,-30,walking,0.00,0,0,0,0,0
1779914024135,-2028,14792,-5772,-137,81,-23,walking,0.00,0,0,0,0,0
1779914024136,-1965,14890,-5792,-148,76,-15,walking,0.00,0,0,0,0,0
1779914024137,-1971,15215,-5744,-148,75,-3,walking,0.00,0,0,0,0,0
1779914024157,-2067,15368,-5742,-127,77,17,walking,0.00,0,0,0,0,0
1779914024158,-2131,15337,-5665,-92,79,34,walking,0.00,0,0,0,0,0
1779914024159,-2060,15129,-5502,-77,79,47,walking,0.00,0,0,0,0,0
1779914024190,-1940,15010,-5427,-86,77,68,walking,0.00,0,0,0,0,0
1779914024191,-1951,14952,-5400,-103,71,95,walking,0.00,0,0,0,0,0
1779914024191,-1976,14949,-5431,-117,64,123,walking,0.00,0,0,0,0,0
1779914024217,-1906,14918,-5387,-117,58,153,walking,0.00,0,0,0,0,0
1779914024218,-1837,14921,-5388,-115,56,183,walking,0.00,0,0,0,0,0
1779914024218,-1803,14954,-5238,-110,51,210,walking,0.00,0,0,0,0,0
1779914024248,-1850,14946,-5160,-119,47,237,walking,0.00,0,0,0,0,0
1779914024249,-1923,14992,-5225,-133,42,264,walking,0.00,0,0,0,0,0
1779914024250,-1798,15020,-5241,-146,36,283,walking,0.00,0,0,0,0,0
1779914024277,-1678,15005,-5250,-165,22,294,walking,0.00,0,0,0,0,0
1779914024277,-1496,15033,-5344,-191,-2,300,walking,0.00,0,0,0,0,0
1779914024278,-1351,15218,-5437,-208,-35,298,walking,0.00,0,0,0,0,0
1779914024307,-1275,15350,-5550,-206,-68,293,walking,0.00,0,0,0,0,0
1779914024308,-1263,15370,-5565,-180,-104,293,walking,0.00,0,0,0,0,0
1779914024309,-1200,15181,-5713,-155,-140,305,walking,0.00,0,0,0,0,0
1779914024340,-1226,14753,-5717,-136,-177,317,walking,0.00,0,0,0,0,0
1779914024341,-1005,14512,-5714,-161,-213,316,walking,0.00,0,0,0,0,0
1779914024341,-835,14655,-5707,-190,-251,310,walking,0.00,0,0,0,0,0
1779914024371,-740,14704,-5610,-181,-281,305,walking,0.00,0,0,0,0,0
1779914024371,-763,14615,-5414,-153,-305,303,walking,0.00,0,0,0,0,0
1779914024372,-605,14457,-5310,-146,-331,303,walking,0.00,0,0,0,0,0
1779914024397,-490,14460,-5234,-150,-357,317,walking,0.00,0,0,0,0,0
1779914024398,-457,14449,-4810,-120,-382,344,walking,0.00,0,0,0,0,0
1779914024398,-375,14438,-4670,-134,-392,360,walking,0.00,0,0,0,0,0
1779914024427,-540,14625,-4543,-159,-409,377,walking,0.00,0,0,0,0,0
1779914024428,-545,14566,-4511,-178,-419,374,walking,0.00,0,0,0,0,0
1779914024432,-423,14609,-4415,-191,-421,383,walking,0.00,0,0,0,0,0
1779914024459,-635,14706,-4249,-205,-430,391,walking,0.00,0,0,0,0,0
1779914024460,-692,14901,-4108,-224,-430,391,walking,0.00,0,0,0,0,0
1779914024461,-705,15186,-3948,-237,-426,401,walking,0.00,0,0,0,0,0
1779914024490,-801,15469,-3877,-243,-418,410,walking,0.00,0,0,0,0,0
1779914024491,-996,15584,-3788,-239,-410,415,walking,0.00,0,0,0,0,0
1779914024491,-1100,15649,-3651,-236,-395,414,walking,0.00,0,0,0,0,0
1779914024516,-1135,15726,-3466,-254,-386,410,walking,0.00,0,0,0,0,0
1779914024517,-1239,15839,-3427,-292,-383,400,walking,0.00,0,0,0,0,0
1779914024517,-1327,15938,-3413,-318,-382,380,walking,0.00,0,0,0,0,0
1779914024548,-1428,15963,-3441,-330,-381,346,walking,0.00,0,0,0,0,0
1779914024549,-1510,15865,-3394,-337,-384,311,walking,0.00,0,0,0,0,0
1779914024550,-1517,15603,-3323,-340,-394,285,walking,0.00,0,0,0,0,0
1779914024577,-1484,15205,-3296,-338,-403,263,walking,0.00,0,0,0,0,0
1779914024577,-1264,14683,-3243,-340,-415,242,walking,0.00,0,0,0,0,0
1779914024578,-986,14282,-3123,-355,-430,225,walking,0.00,0,0,0,0,0
1779914024607,-661,14091,-3013,-385,-450,209,walking,0.00,0,0,0,0,0
1779914024608,-383,14030,-3063,-424,-472,191,walking,0.00,0,0,0,0,0
1779914024609,-130,14003,-3014,-453,-491,173,walking,0.00,0,0,0,0,0
1779914024641,364,14123,-2920,-478,-502,146,walking,0.00,0,0,0,0,0
1779914024668,714,14465,-2875,-506,-517,118,walking,0.00,0,0,0,0,0
1779914024674,760,14834,-2764,-515,-533,96,walking,0.00,0,0,0,0,0
1779914024674,852,15216,-2589,-506,-537,87,walking,0.00,0,0,0,0,0
1779914024674,893,15479,-2470,-491,-537,86,walking,0.00,0,0,0,0,0
1779914024674,958,15570,-2349,-462,-531,82,walking,0.00,0,0,0,0,0
1779914024696,1167,15688,-2105,-448,-521,65,walking,0.00,0,0,0,0,0
1779914024696,1299,15903,-1922,-459,-509,34,walking,0.00,0,0,0,0,0
1779914024696,1295,16206,-1792,-487,-496,-4,walking,0.00,0,0,0,0,0
1779914024728,1204,16760,-1700,-512,-482,-40,walking,0.00,0,0,0,0,0
1779914024731,1113,17237,-1575,-522,-468,-78,walking,0.00,0,0,0,0,0
1779914024732,1103,17635,-1493,-524,-450,-117,walking,0.00,0,0,0,0,0
1779914024759,1074,17827,-1479,-514,-437,-146,walking,0.00,0,0,0,0,0
1779914024760,1137,17757,-1346,-509,-432,-167,walking,0.00,0,0,0,0,0
1779914024760,1237,17595,-1562,-530,-436,-186,walking,0.00,0,0,0,0,0
1779914024793,1236,17441,-1906,-548,-450,-202,walking,0.00,0,0,0,0,0
1779914024793,1223,17313,-2092,-560,-456,-214,walking,0.00,0,0,0,0,0
1779914024794,1331,17363,-2311,-564,-457,-221,walking,0.00,0,0,0,0,0
1779914024818,1291,17444,-2579,-548,-462,-222,walking,0.00,0,0,0,0,0
1779914024818,1156,17293,-2747,-482,-462,-219,walking,0.00,0,0,0,0,0
1779914024819,1159,17133,-2785,-388,-458,-212,walking,0.00,0,0,0,0,0
1779914024848,1233,17184,-2690,-313,-463,-207,walking,0.00,0,0,0,0,0
1779914024849,1075,17523,-2792,-257,-471,-197,walking,0.00,0,0,0,0,0
1779914024849,856,17802,-2869,-179,-475,-185,walking,0.00,0,0,0,0,0
1779914024881,546,17911,-2799,-88,-481,-173,walking,0.00,0,0,0,0,0
1779914024882,317,17938,-2808,-13,-492,-162,walking,0.00,0,0,0,0,0
1779914024883,219,18058,-2777,53,-503,-150,walking,0.00,0,0,0,0,0
1779914024907,33,18062,-2766,120,-514,-147,walking,0.00,0,0,0,0,0
1779914024909,-349,17801,-2782,201,-522,-144,walking,0.00,0,0,0,0,0
1779914024909,-525,17591,-2683,275,-525,-141,walking,0.00,0,0,0,0,0
1779914024945,-434,17431,-2511,309,-521,-150,walking,0.00,0,0,0,0,0
1779914024946,-239,17354,-2253,308,-513,-167,walking,0.00,0,0,0,0,0
1779914024946,-15,17342,-2004,310,-500,-180,walking,0.00,0,0,0,0,0
1779914024972,161,17250,-1671,319,-494,-184,walking,0.00,0,0,0,0,0
1779914024973,233,16936,-1414,327,-495,-178,walking,0.00,0,0,0,0,0
1779914024974,449,16527,-1180,325,-501,-165,walking,0.00,0,0,0,0,0
1779914024997,677,16103,-1133,302,-510,-158,walking,0.00,0,0,0,0,0
1779914024998,840,15837,-1119,271,-514,-153,walking,0.00,0,0,0,0,0
1779914024999,851,15785,-1118,227,-507,-144,walking,0.00,0,0,0,0,0
1779914025027,924,15890,-1182,183,-488,-129,walking,0.00,0,0,0,0,0
1779914025031,882,16125,-1176,175,-456,-105,walking,0.00,0,0,0,0,0
1779914025032,823,16288,-1255,195,-411,-76,walking,0.00,0,0,0,0,0
1779914025059,799,16334,-1252,241,-364,-38,walking,0.00,0,0,0,0,0
1779914025059,709,16111,-1192,290,-314,1,walking,0.00,0,0,0,0,0
1779914025060,712,15812,-1168,319,-265,39,walking,0.00,0,0,0,0,0
1779914025089,695,15484,-1158,319,-219,75,walking,0.00,0,0,0,0,0
1779914025090,666,15315,-1197,286,-183,104,walking,0.00,0,0,0,0,0
1779914025090,467,15379,-1332,244,-152,122,walking,0.00,0,0,0,0,0
1779914025125,259,15518,-1280,228,-117,123,walking,0.00,0,0,0,0,0
1779914025125,86,15641,-1291,203,-76,124,walking,0.00,0,0,0,0,0
1779914025126,-26,15814,-1478,184,-24,130,walking,0.00,0,0,0,0,0
1779914025148,-203,15818,-1472,193,24,133,walking,0.00,0,0,0,0,0
1779914025151,-198,15694,-1441,183,64,129,walking,0.00,0,0,0,0,0
1779914025152,-78,15671,-1572,141,101,121,walking,0.00,0,0,0,0,0
1779914025176,-56,15807,-1720,113,137,109,walking,0.00,0,0,0,0,0
1779914025177,-99,15945,-1775,105,167,91,walking,0.00,0,0,0,0,0
1779914025178,-117,15970,-1786,103,194,65,walking,0.00,0,0,0,0,0
1779914025207,-87,16172,-1838,96,217,40,walking,0.00,0,0,0,0,0
1779914025237,-47,16378,-1955,93,240,12,walking,0.00,0,0,0,0,0
1779914025238,-101,16522,-2033,117,266,-17,walking,0.00,0,0,0,0,0
1779914025238,-224,16450,-2070,160,291,-46,walking,0.00,0,0,0,0,0
1779914025240,-336,16243,-2061,196,313,-69,walking,0.00,0,0,0,0,0
1779914025241,-409,16123,-2078,208,339,-80,walking,0.00,0,0,0,0,0
1779914025268,-447,16196,-2054,207,373,-80,walking,0.00,0,0,0,0,0
1779914025268,-550,16384,-2025,205,415,-78,walking,0.00,0,0,0,0,0
1779914025269,-773,16768,-1933,225,467,-81,walking,0.00,0,0,0,0,0
1779914025297,-1087,17032,-1787,242,527,-108,walking,0.00,0,0,0,0,0
1779914025298,-1437,17188,-1606,245,588,-159,walking,0.00,0,0,0,0,0
1779914025299,-1826,17197,-1650,207,640,-217,walking,0.00,0,0,0,0,0
1779914025326,-2181,16845,-1971,140,674,-265,walking,0.00,0,0,0,0,0
1779914025327,-2392,16235,-2357,34,681,-287,walking,0.00,0,0,0,0,0
1779914025330,-2347,15440,-2707,-108,655,-302,walking,0.00,0,0,0,0,0
1779914025357,-2084,14653,-3287,-305,598,-285,walking,0.00,0,0,0,0,0
1779914025358,-1727,14374,-3803,-503,530,-262,walking,0.00,0,0,0,0,0
1779914025358,-1408,14509,-4144,-648,474,-258,walking,0.00,0,0,0,0,0
1779914025389,-1135,14760,-4512,-717,429,-256,walking,0.00,0,0,0,0,0
1779914025390,-846,15038,-4929,-708,401,-244,walking,0.00,0,0,0,0,0
1779914025391,-782,15322,-5191,-627,388,-221,walking,0.00,0,0,0,0,0
1779914025417,-631,15467,-5265,-513,378,-188,walking,0.00,0,0,0,0,0
1779914025422,-416,15496,-5398,-401,364,-134,walking,0.00,0,0,0,0,0
1779914025423,-503,15604,-5361,-288,346,-80,walking,0.00,0,0,0,0,0
1779914025449,-740,15624,-5015,-203,325,-31,walking,0.00,0,0,0,0,0
1779914025450,-1001,15703,-4952,-157,309,7,walking,0.00,0,0,0,0,0
1779914025451,-1161,15841,-4848,-109,301,38,walking,0.00,0,0,0,0,0
1779914025480,-1379,15995,-4685,-79,301,62,walking,0.00,0,0,0,0,0
1779914025481,-1557,16001,-4666,-62,310,82,walking,0.00,0,0,0,0,0
1779914025482,-1646,15939,-4751,-62,317,99,walking,0.00,0,0,0,0,0
1779914025511,-1748,15945,-4707,-75,314,115,walking,0.00,0,0,0,0,0
1779914025512,-1664,16040,-4745,-98,298,124,walking,0.00,0,0,0,0,0
1779914025517,-1604,16129,-4781,-112,270,129,walking,0.00,0,0,0,0,0
1779914025538,-1477,15945,-5104,-104,187,154,walking,0.00,0,0,0,0,0
1779914025540,-1381,15792,-5343,-98,136,169,walking,0.00,0,0,0,0,0
1779914025541,-1352,15627,-5492,-105,87,176,walking,0.00,0,0,0,0,0
1779914025572,-1270,15733,-5631,-116,42,179,walking,0.00,0,0,0,0,0
1779914025573,-1193,15925,-5756,-110,2,185,walking,0.00,0,0,0,0,0
1779914025574,-1083,16082,-5705,-72,-33,190,walking,0.00,0,0,0,0,0
1779914025597,-898,16128,-5625,-21,-62,195,walking,0.00,0,0,0,0,0
1779914025598,-707,16001,-5535,33,-87,199,walking,0.00,0,0,0,0,0
1779914025598,-658,15734,-5323,81,-110,205,walking,0.00,0,0,0,0,0
1779914025630,-597,15402,-5084,112,-133,215,walking,0.00,0,0,0,0,0
1779914025631,-458,15154,-4926,119,-155,231,walking,0.00,0,0,0,0,0
1779914025632,-386,15027,-4755,110,-173,241,walking,0.00,0,0,0,0,0
1779914025659,-397,15051,-4654,105,-189,245,walking,0.00,0,0,0,0,0
1779914025663,-346,15012,-4561,114,-198,250,walking,0.00,0,0,0,0,0
1779914025664,-285,14947,-4462,136,-204,255,walking,0.00,0,0,0,0,0
1779914025688,-233,14833,-4296,156,-213,255,walking,0.00,0,0,0,0,0
1779914025689,-115,14667,-4200,161,-221,256,walking,0.00,0,0,0,0,0
1779914025689,-26,14541,-4177,154,-229,258,walking,0.00,0,0,0,0,0
1779914025721,163,14307,-4156,139,-238,261,walking,0.00,0,0,0,0,0
1779914025722,399,14105,-4053,116,-247,261,walking,0.00,0,0,0,0,0
1779914025723,725,13969,-3989,80,-257,252,walking,0.00,0,0,0,0,0
1779914025747,1065,14014,-3973,37,-270,239,walking,0.00,0,0,0,0,0
1779914025747,1335,14258,-3996,0,-284,226,walking,0.00,0,0,0,0,0
1779914025748,1597,14507,-4013,-23,-296,218,walking,0.00,0,0,0,0,0
1779914025783,1771,14920,-3944,-25,-313,207,walking,0.00,0,0,0,0,0
1779914025784,2027,15431,-4023,16,-325,192,walking,0.00,0,0,0,0,0
1779914025784,2290,15356,-4177,102,-329,185,walking,0.00,0,0,0,0,0
1779914025808,2550,13701,-4112,118,-342,196,walking,0.00,0,0,0,0,0
1779914025809,2918,13504,-4161,-84,-399,222,walking,0.00,0,0,0,0,0
1779914025813,2692,15107,-4306,-253,-476,244,walking,0.00,0,0,0,0,0
1779914025838,2748,15887,-4605,-217,-500,234,walking,0.00,0,0,0,0,0
1779914025839,3150,15446,-4522,-113,-505,241,walking,0.00,0,0,0,0,0
1779914025849,2901,15658,-4360,-55,-533,276,walking,0.00,0,0,0,0,0
1779914025869,2693,16007,-4528,-7,-548,291,walking,0.00,0,0,0,0,0
1779914025869,2790,16091,-4668,89,-554,311,walking,0.00,0,0,0,0,0
1779914025869,2447,15807,-4526,160,-582,339,walking,0.00,0,0,0,0,0
1779914025896,2121,15392,-4480,158,-613,361,walking,0.00,0,0,0,0,0
1779914025897,2076,15237,-4309,106,-654,393,walking,0.00,0,0,0,0,0
1779914025897,2098,15524,-4019,25,-702,415,walking,0.00,0,0,0,0,0
1779914025931,2192,16169,-3885,-47,-738,425,walking,0.00,0,0,0,0,0
1779914025932,2315,16927,-3807,-39,-757,440,walking,0.00,0,0,0,0,0
1779914025933,2093,17089,-3686,22,-767,475,walking,0.00,0,0,0,0,0
1779914025956,1755,17036,-3498,66,-787,520,walking,0.00,0,0,0,0,0
1779914025957,1580,17020,-3453,75,-808,549,walking,0.00,0,0,0,0,0
1779914025958,1602,17205,-3322,75,-814,574,walking,0.00,0,0,0,0,0
1779914025988,1415,17716,-3012,60,-822,583,walking,0.00,0,0,0,0,0
1779914025988,1103,18296,-2714,29,-822,566,walking,0.00,0,0,0,0,0
1779914025989,929,19187,-2583,3,-801,530,walking,0.00,0,0,0,0,0
1779914026017,699,19970,-2537,11,-789,493,walking,0.00,0,0,0,0,0
1779914026017,-65,20053,-2314,41,-808,461,walking,0.00,0,0,0,0,0
1779914026019,-461,19738,-2112,27,-842,417,walking,0.00,0,0,0,0,0
1779914026050,-498,19704,-2011,-27,-887,381,walking,0.00,0,0,0,0,0
1779914026051,-499,19403,-2008,-68,-939,347,walking,0.00,0,0,0,0,0
1779914026052,-490,18600,-1883,-63,-981,322,walking,0.00,0,0,0,0,0
1779914026080,-295,17787,-1883,-29,-1009,322,walking,0.00,0,0,0,0,0
1779914026081,126,16722,-1826,33,-1018,327,walking,0.00,0,0,0,0,0
1779914026082,634,16122,-1691,73,-1012,320,walking,0.00,0,0,0,0,0
1779914026107,1099,16038,-1561,93,-990,298,walking,0.00,0,0,0,0,0
1779914026108,1409,16557,-1404,135,-953,276,walking,0.00,0,0,0,0,0
1779914026109,1372,17133,-1087,209,-918,251,walking,0.00,0,0,0,0,0
1779914026138,1048,17582,-732,282,-891,223,walking,0.00,0,0,0,0,0
1779914026139,899,17906,-432,340,-868,199,walking,0.00,0,0,0,0,0
1779914026140,769,18054,-195,372,-851,192,walking,0.00,0,0,0,0,0
1779914026171,528,17854,-128,373,-839,192,walking,0.00,0,0,0,0,0
1779914026196,404,17390,-130,353,-826,185,walking,0.00,0,0,0,0,0
1779914026196,407,16745,-114,292,-815,168,walking,0.00,0,0,0,0,0
1779914026198,509,16265,-161,189,-804,144,walking,0.00,0,0,0,0,0
1779914026202,614,16133,-270,71,-782,120,walking,0.00,0,0,0,0,0
1779914026202,618,16091,-500,-16,-748,103,walking,0.00,0,0,0,0,0
1779914026229,691,15931,-738,-55,-710,90,walking,0.00,0,0,0,0,0
1779914026230,931,15511,-881,-60,-674,79,walking,0.00,0,0,0,0,0
1779914026231,1091,15115,-1050,-78,-652,73,walking,0.00,0,0,0,0,0
1779914026257,1220,14804,-1186,-102,-648,67,walking,0.00,0,0,0,0,0
1779914026258,1478,14417,-1359,-133,-660,49,walking,0.00,0,0,0,0,0
1779914026259,1767,14248,-1523,-163,-678,32,walking,0.00,0,0,0,0,0
1779914026288,2022,14256,-1614,-177,-706,26,walking,0.00,0,0,0,0,0
1779914026290,2095,14204,-1857,-160,-732,28,walking,0.00,0,0,0,0,0
1779914026290,2264,14164,-2072,-106,-749,37,walking,0.00,0,0,0,0,0
1779914026317,2461,13881,-2235,-38,-756,61,walking,0.00,0,0,0,0,0
1779914026317,2391,13599,-2360,30,-758,96,walking,0.00,0,0,0,0,0
1779914026318,2461,13444,-2252,93,-755,103,walking,0.00,0,0,0,0,0
1779914026348,2705,13374,-2230,129,-746,109,walking,0.00,0,0,0,0,0
1779914026349,2650,13314,-2253,170,-739,136,walking,0.00,0,0,0,0,0
1779914026350,2595,13283,-2068,212,-728,157,walking,0.00,0,0,0,0,0
1779914026379,2681,13275,-1918,235,-712,170,walking,0.00,0,0,0,0,0
1779914026379,2678,13374,-1768,249,-697,180,walking,0.00,0,0,0,0,0
1779914026380,2691,13588,-1678,253,-677,185,walking,0.00,0,0,0,0,0
1779914026407,2772,13747,-1651,251,-658,196,walking,0.00,0,0,0,0,0
1779914026407,2699,13892,-1583,261,-641,200,walking,0.00,0,0,0,0,0
1779914026408,2712,14082,-1455,265,-622,194,walking,0.00,0,0,0,0,0
1779914026440,2676,14313,-1506,247,-601,180,walking,0.00,0,0,0,0,0
1779914026441,2539,14510,-1637,236,-572,159,walking,0.00,0,0,0,0,0
1779914026442,2619,14749,-1632,237,-535,144,walking,0.00,0,0,0,0,0
1779914026470,2630,15046,-1583,223,-505,128,walking,0.00,0,0,0,0,0
1779914026471,2458,15293,-1641,198,-481,110,walking,0.00,0,0,0,0,0
1779914026472,2471,15621,-1810,189,-459,93,walking,0.00,0,0,0,0,0
1779914026496,2361,16077,-1849,202,-442,95,walking,0.00,0,0,0,0,0
1779914026498,2224,16315,-1963,227,-413,77,walking,0.00,0,0,0,0,0
1779914026498,2404,16763,-1936,249,-370,62,walking,0.00,0,0,0,0,0
1779914026528,2297,17091,-1947,266,-337,40,walking,0.00,0,0,0,0,0
1779914026529,1885,17381,-1994,282,-309,13,walking,0.00,0,0,0,0,0
1779914026530,1727,17567,-1998,286,-286,-7,walking,0.00,0,0,0,0,0
1779914026562,1541,17661,-2034,267,-270,-22,walking,0.00,0,0,0,0,0
1779914026563,1431,17691,-2150,238,-256,-36,walking,0.00,0,0,0,0,0
1779914026564,1287,17613,-2326,209,-246,-51,walking,0.00,0,0,0,0,0
1779914026588,1138,17423,-2497,180,-239,-72,walking,0.00,0,0,0,0,0
1779914026589,1169,17242,-2698,131,-236,-96,walking,0.00,0,0,0,0,0
1779914026590,1108,17304,-2956,82,-240,-120,walking,0.00,0,0,0,0,0
1779914026617,889,17667,-3064,52,-247,-150,walking,0.00,0,0,0,0,0
1779914026621,635,18080,-3088,44,-244,-185,walking,0.00,0,0,0,0,0
1779914026622,270,18364,-3074,62,-235,-210,walking,0.00,0,0,0,0,0
1779914026647,-43,18598,-3095,83,-227,-231,walking,0.00,0,0,0,0,0
1779914026650,-377,18607,-3095,96,-230,-255,walking,0.00,0,0,0,0,0
1779914026654,-965,17355,-3354,54,-255,-311,walking,0.00,0,0,0,0,0
1779914026679,-947,16086,-3511,15,-275,-304,walking,0.00,0,0,0,0,0
1779914026679,-546,14778,-3708,-57,-304,-257,walking,0.00,0,0,0,0,0
1779914026680,-68,13983,-3976,-154,-345,-184,walking,0.00,0,0,0,0,0
1779914026708,358,14027,-4114,-239,-389,-124,walking,0.00,0,0,0,0,0
1779914026709,710,14614,-4091,-246,-419,-91,walking,0.00,0,0,0,0,0
1779914026710,684,15123,-3909,-197,-435,-85,walking,0.00,0,0,0,0,0
1779914026739,406,15781,-3828,-100,-430,-71,walking,0.00,0,0,0,0,0
1779914026740,33,16149,-3742,22,-421,-60,walking,0.00,0,0,0,0,0
1779914026740,-297,16106,-3563,134,-421,-56,walking,0.00,0,0,0,0,0
1779914026773,-286,15959,-3302,189,-425,-52,walking,0.00,0,0,0,0,0
1779914026774,-155,15767,-3077,169,-443,-64,walking,0.00,0,0,0,0,0
1779914026774,-12,15694,-2932,109,-467,-81,walking,0.00,0,0,0,0,0
1779914026797,-50,15625,-2938,42,-491,-91,walking,0.00,0,0,0,0,0
1779914026798,-81,15606,-2837,-4,-508,-100,walking,0.00,0,0,0,0,0
1779914026799,-106,15518,-2781,-35,-517,-112,walking,0.00,0,0,0,0,0
1779914026829,-42,15331,-2745,-54,-519,-122,walking,0.00,0,0,0,0,0
1779914026830,191,15131,-2709,-68,-513,-132,walking,0.00,0,0,0,0,0
1779914026831,398,14912,-2718,-88,-500,-153,walking,0.00,0,0,0,0,0
1779914026858,536,14820,-2694,-108,-488,-177,walking,0.00,0,0,0,0,0
1779914026859,635,14816,-2677,-134,-486,-198,walking,0.00,0,0,0,0,0
1779914026860,749,14697,-2843,-158,-487,-210,walking,0.00,0,0,0,0,0
1779914026888,842,14494,-2969,-162,-494,-204,walking,0.00,0,0,0,0,0
1779914026889,1018,14315,-3040,-174,-502,-186,walking,0.00,0,0,0,0,0
1779914026889,1290,14219,-3244,-192,-507,-169,walking,0.00,0,0,0,0,0
1779914026920,1487,14131,-3445,-197,-520,-146,walking,0.00,0,0,0,0,0
1779914026921,1561,14006,-3610,-174,-527,-130,walking,0.00,0,0,0,0,0
1779914026921,1722,13948,-3747,-146,-535,-122,walking,0.00,0,0,0,0,0
1779914026948,1883,13961,-3821,-124,-544,-109,walking,0.00,0,0,0,0,0
1779914026949,1905,13932,-3992,-89,-557,-71,walking,0.00,0,0,0,0,0
1779914026950,1836,14000,-4002,-40,-570,-10,walking,0.00,0,0,0,0,0
1779914026978,1810,13952,-4027,8,-584,37,walking,0.00,0,0,0,0,0
1779914026979,1832,13924,-4098,64,-597,73,walking,0.00,0,0,0,0,0
1779914026979,1854,14075,-4122,108,-602,104,walking,0.00,0,0,0,0,0
1779914027007,1764,14256,-4098,144,-604,124,walking,0.00,0,0,0,0,0
1779914027007,1550,14558,-4050,183,-604,151,walking,0.00,0,0,0,0,0
1779914027008,1323,14812,-4024,226,-604,182,walking,0.00,0,0,0,0,0
1779914027039,1164,15017,-3777,278,-609,211,walking,0.00,0,0,0,0,0
1779914027040,1008,15110,-3587,298,-620,245,walking,0.00,0,0,0,0,0
1779914027041,780,15211,-3508,292,-632,282,walking,0.00,0,0,0,0,0
1779914027070,500,15395,-3323,277,-642,315,walking,0.00,0,0,0,0,0
1779914027071,344,15560,-3149,248,-648,339,walking,0.00,0,0,0,0,0
1779914027071,190,15702,-2964,204,-657,348,walking,0.00,0,0,0,0,0
1779914027098,-88,15950,-2864,138,-671,348,walking,0.00,0,0,0,0,0
1779914027099,-351,16164,-2863,58,-684,339,walking,0.00,0,0,0,0,0
1779914027100,-581,16398,-2772,-22,-701,333,walking,0.00,0,0,0,0,0
1779914027129,-844,16561,-2667,-109,-727,331,walking,0.00,0,0,0,0,0
1779914027130,-1171,16802,-2706,-200,-749,325,walking,0.00,0,0,0,0,0
1779914027130,-1344,17196,-2729,-285,-765,311,walking,0.00,0,0,0,0,0
1779914027157,-1389,17702,-2629,-356,-775,288,walking,0.00,0,0,0,0,0
1779914027158,-1484,18311,-2733,-415,-783,257,walking,0.00,0,0,0,0,0
1779914027159,-1700,18922,-2860,-460,-781,210,walking,0.00,0,0,0,0,0
1779914027186,-1793,19603,-2967,-498,-769,146,walking,0.00,0,0,0,0,0
1779914027187,-1855,20255,-3080,-519,-763,83,walking,0.00,0,0,0,0,0
1779914027188,-1941,20808,-3120,-507,-767,39,walking,0.00,0,0,0,0,0
1779914027220,-2101,20619,-3172,-465,-784,6,walking,0.00,0,0,0,0,0
1779914027222,-2208,19652,-3309,-397,-812,13,walking,0.00,0,0,0,0,0
1779914027223,-2054,18364,-3418,-326,-853,49,walking,0.00,0,0,0,0,0
1779914027246,-1560,17234,-3420,-280,-888,65,walking,0.00,0,0,0,0,0
1779914027247,-995,16697,-3258,-244,-896,57,walking,0.00,0,0,0,0,0
1779914027248,-657,17001,-3140,-195,-876,32,walking,0.00,0,0,0,0,0
1779914027278,-369,17635,-2896,-90,-825,6,walking,0.00,0,0,0,0,0
1779914027280,-391,18065,-2498,53,-765,-15,walking,0.00,0,0,0,0,0
1779914027281,-699,18716,-2055,173,-731,-25,walking,0.00,0,0,0,0,0
1779914027308,-1110,19275,-1642,266,-715,-39,walking,0.00,0,0,0,0,0
1779914027308,-1168,19374,-1491,358,-696,-42,walking,0.00,0,0,0,0,0
1779914027312,-1387,18740,-1236,435,-680,-33,walking,0.00,0,0,0,0,0
1779914027337,-1628,17869,-1134,417,-676,-25,walking,0.00,0,0,0,0,0
1779914027338,-1755,17265,-1252,333,-680,-22,walking,0.00,0,0,0,0,0
1779914027338,-1835,16593,-1451,265,-680,-28,walking,0.00,0,0,0,0,0
1779914027370,-1771,15864,-1567,213,-669,-48,walking,0.00,0,0,0,0,0
1779914027373,-1633,15244,-1613,163,-655,-77,walking,0.00,0,0,0,0,0
1779914027373,-1531,14769,-1808,123,-646,-100,walking,0.00,0,0,0,0,0
1779914027396,-1480,14385,-1986,112,-639,-112,walking,0.00,0,0,0,0,0
1779914027397,-1297,14040,-2000,119,-630,-114,walking,0.00,0,0,0,0,0
1779914027397,-1177,13796,-2037,116,-631,-105,walking,0.00,0,0,0,0,0
1779914027431,-1154,13742,-2205,115,-633,-86,walking,0.00,0,0,0,0,0
1779914027431,-1205,13677,-2225,137,-627,-57,walking,0.00,0,0,0,0,0
1779914027432,-1128,13378,-2267,183,-616,-24,walking,0.00,0,0,0,0,0
1779914027457,-1035,13105,-2241,228,-606,5,walking,0.00,0,0,0,0,0
1779914027457,-915,12859,-2251,263,-592,21,walking,0.00,0,0,0,0,0
1779914027458,-765,12569,-2163,283,-580,33,walking,0.00,0,0,0,0,0
1779914027489,-643,12571,-2086,294,-571,50,walking,0.00,0,0,0,0,0
1779914027491,-962,12786,-2075,301,-564,68,walking,0.00,0,0,0,0,0
1779914027497,-1084,12802,-2067,320,-541,68,walking,0.00,0,0,0,0,0
1779914027519,-1113,12954,-1901,318,-513,76,walking,0.00,0,0,0,0,0
1779914027520,-1216,13330,-1756,295,-483,88,walking,0.00,0,0,0,0,0
1779914027521,-1423,13740,-1770,284,-446,98,walking,0.00,0,0,0,0,0
1779914027549,-1625,14063,-1657,296,-406,106,walking,0.00,0,0,0,0,0
1779914027553,-1840,14220,-1474,317,-356,110,walking,0.00,0,0,0,0,0
1779914027553,-1864,14256,-1442,306,-305,108,walking,0.00,0,0,0,0,0
1779914027578,-1901,14427,-1436,272,-265,103,walking,0.00,0,0,0,0,0
1779914027578,-1971,14749,-1587,230,-235,103,walking,0.00,0,0,0,0,0
1779914027579,-1889,15200,-1653,197,-210,99,walking,0.00,0,0,0,0,0
1779914027611,-1875,15705,-1535,176,-192,100,walking,0.00,0,0,0,0,0
1779914027611,-1937,16322,-1519,143,-184,112,walking,0.00,0,0,0,0,0
1779914027612,-2125,17106,-1639,114,-176,116,walking,0.00,0,0,0,0,0
1779914027637,-2449,17947,-1880,111,-164,101,walking,0.00,0,0,0,0,0
1779914027638,-2968,18331,-2331,134,-147,77,walking,0.00,0,0,0,0,0
1779914027638,-3497,18398,-2748,158,-112,65,walking,0.00,0,0,0,0,0
1779914027669,-3831,18419,-3170,150,-60,54,walking,0.00,0,0,0,0,0
1779914027671,-3905,18247,-3450,105,-5,24,walking,0.00,0,0,0,0,0
1779914027672,-3850,17978,-3568,37,44,-14,walking,0.00,0,0,0,0,0
1779914027697,-3501,17710,-3963,-62,87,-66,walking,0.00,0,0,0,0,0
1779914027698,-3136,17604,-4280,-151,128,-127,walking,0.00,0,0,0,0,0
1779914027699,-2691,17747,-4519,-235,168,-186,walking,0.00,0,0,0,0,0
1779914027727,-2165,18272,-4619,-318,205,-239,walking,0.00,0,0,0,0,0
1779914027728,-1875,19386,-4719,-375,231,-277,walking,0.00,0,0,0,0,0
1779914027728,-1870,20381,-4864,-378,252,-314,walking,0.00,0,0,0,0,0
1779914027756,-1977,20909,-5067,-328,270,-349,walking,0.00,0,0,0,0,0
1779914027757,-2115,20424,-5271,-266,280,-366,walking,0.00,0,0,0,0,0
1779914027758,-2139,18846,-5528,-226,267,-336,walking,0.00,0,0,0,0,0
1779914027788,-2134,17000,-5743,-224,224,-243,walking,0.00,0,0,0,0,0
1779914027788,-1323,14799,-6103,-382,108,33,walking,0.00,0,0,0,0,0
1779914027819,-1243,14919,-6283,-443,51,128,walking,0.00,0,0,0,0,0
1779914027853,-1262,15638,-6347,-371,52,224,walking,0.00,0,0,0,0,0
1779914027853,-1701,16128,-6281,-179,71,300,walking,0.00,0,0,0,0,0
1779914027854,-2305,15846,-6108,49,91,358,walking,0.00,0,0,0,0,0
1779914027855,-2745,15273,-5748,223,113,409,walking,0.00,0,0,0,0,0
1779914027855,-2971,15081,-5256,304,141,435,walking,0.00,0,0,0,0,0
1779914027856,-3064,14990,-5106,298,168,446,walking,0.00,0,0,0,0,0
1779914027878,-3266,15120,-4695,239,180,454,walking,0.00,0,0,0,0,0
1779914027879,-3642,15911,-4335,166,200,418,walking,0.00,0,0,0,0,0
1779914027879,-3380,16200,-4225,149,247,353,walking,0.00,0,0,0,0,0
1779914027907,-3176,16118,-3863,143,280,300,walking,0.00,0,0,0,0,0
1779914027911,-3239,15747,-3557,96,290,243,walking,0.00,0,0,0,0,0
1779914027912,-3095,15381,-3437,11,294,201,walking,0.00,0,0,0,0,0
1779914027938,-2893,15156,-3472,-42,289,173,walking,0.00,0,0,0,0,0
1779914027939,-2498,14549,-3534,-36,287,144,walking,0.00,0,0,0,0,0
1779914027940,-1933,13603,-3702,-3,283,123,walking,0.00,0,0,0,0,0
1779914027969,-1613,12453,-4000,7,268,116,walking,0.00,0,0,0,0,0
1779914027969,-1221,11755,-4269,-20,246,129,walking,0.00,0,0,0,0,0
1779914027970,-880,11294,-4638,-63,219,130,walking,0.00,0,0,0,0,0
1779914027997,-546,11140,-4778,-70,204,122,walking,0.00,0,0,0,0,0
1779914027997,-287,11218,-4859,-62,195,120,walking,0.00,0,0,0,0,0
1779914027997,-28,11415,-4869,-29,191,140,walking,0.00,0,0,0,0,0
1779914028026,126,11694,-4735,14,185,173,walking,0.00,0,0,0,0,0
1779914028028,227,11821,-4730,63,181,204,walking,0.00,0,0,0,0,0
1779914028028,386,11997,-4762,126,192,233,walking,0.00,0,0,0,0,0
1779914028057,638,12026,-4727,188,200,250,walking,0.00,0,0,0,0,0
1779914028060,821,12006,-4658,226,195,261,walking,0.00,0,0,0,0,0
1779914028061,923,11927,-4705,221,183,264,walking,0.00,0,0,0,0,0
1779914028088,938,12278,-4687,177,166,272,walking,0.00,0,0,0,0,0
1779914028096,887,12794,-4789,131,152,289,walking,0.00,0,0,0,0,0
1779914028097,863,13161,-4909,115,149,306,walking,0.00,0,0,0,0,0
1779914028119,918,13331,-4892,130,151,322,walking,0.00,0,0,0,0,0
1779914028120,1024,13417,-4749,128,147,342,walking,0.00,0,0,0,0,0
1779914028121,1089,13533,-4617,89,136,349,walking,0.00,0,0,0,0,0
1779914028146,1163,14018,-4778,35,126,359,walking,0.00,0,0,0,0,0
1779914028147,982,14330,-4574,14,119,372,walking,0.00,0,0,0,0,0
1779914028148,1033,14537,-4357,-38,118,379,walking,0.00,0,0,0,0,0
1779914028181,1132,15095,-4393,-123,110,386,walking,0.00,0,0,0,0,0
1779914028185,1095,15815,-4403,-183,101,386,walking,0.00,0,0,0,0,0
1779914028185,1012,16322,-4392,-213,105,384,walking,0.00,0,0,0,0,0
1779914028211,879,16701,-4318,-244,103,386,walking,0.00,0,0,0,0,0
1779914028212,466,17125,-4235,-291,83,371,walking,0.00,0,0,0,0,0
1779914028213,-29,17597,-4281,-352,69,329,walking,0.00,0,0,0,0,0
1779914028238,-151,17771,-4279,-381,73,284,walking,0.00,0,0,0,0,0
1779914028269,-370,17928,-4199,-415,59,230,walking,0.00,0,0,0,0,0
1779914028270,-316,18472,-4073,-497,36,144,walking,0.00,0,0,0,0,0
1779914028271,-485,19561,-3995,-591,2,21,walking,0.00,0,0,0,0,0
1779914028272,-863,20257,-3978,-643,-25,-123,walking,0.00,0,0,0,0,0
1779914028272,-1453,20952,-3849,-664,-69,-225,walking,0.00,0,0,0,0,0
1779914028297,-2027,21379,-3592,-652,-115,-285,walking,0.00,0,0,0,0,0
1779914028297,-2105,21638,-3602,-596,-136,-304,walking,0.00,0,0,0,0,0
1779914028298,-2669,19570,-3466,-479,-164,-287,walking,0.00,0,0,0,0,0
1779914028328,-2409,16954,-3519,-493,-202,-250,walking,0.00,0,0,0,0,0
1779914028329,-1443,15778,-3822,-541,-234,-205,walking,0.00,0,0,0,0,0
1779914028329,-948,15727,-3680,-505,-244,-190,walking,0.00,0,0,0,0,0
1779914028360,-270,15845,-3461,-401,-207,-231,walking,0.00,0,0,0,0,0
1779914028361,110,16069,-3339,-315,-160,-276,walking,0.00,0,0,0,0,0
1779914028362,-267,17012,-3382,-239,-125,-310,walking,0.00,0,0,0,0,0
1779914028388,-840,18170,-3107,-111,-89,-309,walking,0.00,0,0,0,0,0
1779914028389,-1026,18826,-2939,53,-46,-286,walking,0.00,0,0,0,0,0
1779914028389,-1033,18619,-2694,210,-17,-268,walking,0.00,0,0,0,0,0
1779914028421,-1211,17659,-2330,253,-6,-265,walking,0.00,0,0,0,0,0
1779914028422,-1329,16961,-2158,140,-1,-273,walking,0.00,0,0,0,0,0
1779914028423,-1307,17382,-2211,9,13,-274,walking,0.00,0,0,0,0,0
1779914028450,-1675,17845,-2217,-31,39,-279,walking,0.00,0,0,0,0,0
1779914028451,-1919,17655,-2240,28,95,-295,walking,0.00,0,0,0,0,0
1779914028454,-1735,16789,-2134,103,164,-305,walking,0.00,0,0,0,0,0
1779914028480,-1495,15616,-2114,100,208,-301,walking,0.00,0,0,0,0,0
1779914028481,-1257,14755,-2259,15,226,-297,walking,0.00,0,0,0,0,0
1779914028488,-942,14344,-2414,-87,226,-272,walking,0.00,0,0,0,0,0
1779914028509,-979,13832,-2567,-211,203,-243,walking,0.00,0,0,0,0,0
1779914028510,-802,13810,-2801,-290,187,-196,walking,0.00,0,0,0,0,0
1779914028511,-585,14019,-2842,-288,184,-153,walking,0.00,0,0,0,0,0
1779914028538,-278,13902,-2980,-216,205,-126,walking,0.00,0,0,0,0,0
1779914028539,86,13599,-3053,-100,234,-89,walking,0.00,0,0,0,0,0
1779914028540,220,13197,-3095,19,266,-56,walking,0.00,0,0,0,0,0
1779914028568,142,12997,-2889,101,291,-24,walking,0.00,0,0,0,0,0
1779914028569,332,12777,-2654,129,324,-8,walking,0.00,0,0,0,0,0
1779914028570,595,12654,-2618,127,350,28,walking,0.00,0,0,0,0,0
1779914028598,510,12887,-2467,125,357,76,walking,0.00,0,0,0,0,0
1779914028602,201,12987,-2188,129,359,102,walking,0.00,0,0,0,0,0
1779914028603,405,12918,-2033,129,370,112,walking,0.00,0,0,0,0,0
1779914028628,612,13049,-1871,118,381,126,walking,0.00,0,0,0,0,0
1779914028629,574,13298,-1914,96,387,134,walking,0.00,0,0,0,0,0
1779914028630,380,13622,-1913,86,398,130,walking,0.00,0,0,0,0,0
1779914028659,305,13938,-1953,90,414,124,walking,0.00,0,0,0,0,0
1779914028660,300,14214,-2004,114,436,124,walking,0.00,0,0,0,0,0
1779914028661,305,14480,-2021,135,457,113,walking,0.00,0,0,0,0,0
1779914028688,255,14803,-2105,134,472,87,walking,0.00,0,0,0,0,0
1779914028688,275,15257,-2155,136,478,61,walking,0.00,0,0,0,0,0
1779914028689,234,15723,-2352,138,481,38,walking,0.00,0,0,0,0,0
1779914028718,106,16298,-2374,155,486,26,walking,0.00,0,0,0,0,0
1779914028719,-184,16851,-2387,176,491,27,walking,0.00,0,0,0,0,0
1779914028719,-385,17354,-2441,192,497,18,walking,0.00,0,0,0,0,0
1779914028754,-580,17949,-2539,209,510,-3,walking,0.00,0,0,0,0,0
1779914028754,-871,18266,-2592,234,526,-32,walking,0.00,0,0,0,0,0
1779914028755,-1195,18261,-2606,243,541,-60,walking,0.00,0,0,0,0,0
1779914028777,-1284,18049,-2666,221,552,-89,walking,0.00,0,0,0,0,0
1779914028778,-1195,17769,-2812,154,550,-130,walking,0.00,0,0,0,0,0
1779914028779,-988,17657,-3010,57,539,-187,walking,0.00,0,0,0,0,0
1779914028809,-782,17821,-3204,-38,526,-246,walking,0.00,0,0,0,0,0
1779914028810,-649,18007,-3276,-99,511,-292,walking,0.00,0,0,0,0,0
1779914028811,-475,18294,-3448,-133,497,-322,walking,0.00,0,0,0,0,0
1779914028837,-414,18590,-3570,-129,489,-347,walking,0.00,0,0,0,0,0
1779914028838,-331,18902,-3649,-102,492,-376,walking,0.00,0,0,0,0,0
1779914028839,-151,19346,-3656,-71,502,-409,walking,0.00,0,0,0,0,0
1779914028867,-199,19868,-3684,-49,507,-454,walking,0.00,0,0,0,0,0
1779914028868,-383,20252,-3770,-39,496,-513,walking,0.00,0,0,0,0,0
1779914028869,-772,19994,-4033,-28,460,-554,walking,0.00,0,0,0,0,0
1779914028901,-1392,18522,-4278,-14,395,-510,walking,0.00,0,0,0,0,0
1779914028902,-1717,16418,-4488,-45,308,-376,walking,0.00,0,0,0,0,0
1779914028903,-1581,14668,-4766,-151,210,-213,walking,0.00,0,0,0,0,0
1779914028929,-1284,13616,-5081,-248,135,-84,walking,0.00,0,0,0,0,0
1779914028929,-577,14557,-4655,-259,107,1,walking,0.00,0,0,0,0,0
1779914028930,-1036,16132,-4691,-156,128,25,walking,0.00,0,0,0,0,0
1779914028959,-2058,17204,-4993,61,172,74,walking,0.00,0,0,0,0,0
1779914028959,-2941,17246,-4629,329,220,126,walking,0.00,0,0,0,0,0
1779914028960,-3222,16808,-3985,494,263,165,walking,0.00,0,0,0,0,0
1779914028986,-2991,16148,-3737,505,286,175,walking,0.00,0,0,0,0,0
1779914028986,-2911,15796,-3541,423,283,175,walking,0.00,0,0,0,0,0
1779914028987,-2893,15545,-3443,298,276,163,walking,0.00,0,0,0,0,0
1779914029023,-2733,15392,-3202,156,266,128,walking,0.00,0,0,0,0,0
1779914029024,-2525,15445,-3100,15,259,91,walking,0.00,0,0,0,0,0
1779914029025,-2329,15575,-3152,-75,264,62,walking,0.00,0,0,0,0,0
1779914029047,-2114,15522,-3211,-89,286,45,walking,0.00,0,0,0,0,0
1779914029051,-1839,15118,-3353,-63,321,30,walking,0.00,0,0,0,0,0
1779914029052,-1358,14339,-3394,-25,351,19,walking,0.00,0,0,0,0,0
1779914029078,-983,13639,-3508,-19,364,26,walking,0.00,0,0,0,0,0
1779914029079,-756,13142,-3649,-36,360,26,walking,0.00,0,0,0,0,0
1779914029080,-450,12877,-3876,-56,346,36,walking,0.00,0,0,0,0,0
1779914029110,-178,12779,-4012,-61,330,40,walking,0.00,0,0,0,0,0
1779914029110,86,12831,-4083,-50,319,32,walking,0.00,0,0,0,0,0
1779914029112,215,12963,-4175,-26,317,29,walking,0.00,0,0,0,0,0
1779914029137,304,13165,-4266,16,323,38,walking,0.00,0,0,0,0,0
1779914029138,443,13211,-4323,61,324,37,walking,0.00,0,0,0,0,0
1779914029139,515,13117,-4437,99,325,36,walking,0.00,0,0,0,0,0
1779914029169,550,13057,-4395,121,322,34,walking,0.00,0,0,0,0,0
1779914029169,717,12970,-4404,109,318,25,walking,0.00,0,0,0,0,0
1779914029170,791,13049,-4466,76,308,17,walking,0.00,0,0,0,0,0
1779914029197,876,13278,-4437,52,292,12,walking,0.00,0,0,0,0,0
1779914029198,973,13548,-4465,46,276,5,walking,0.00,0,0,0,0,0
1779914029199,1095,13618,-4664,56,261,-1,walking,0.00,0,0,0,0,0
1779914029227,1260,13696,-4788,89,239,-3,walking,0.00,0,0,0,0,0
1779914029228,1379,13717,-4969,107,216,5,walking,0.00,0,0,0,0,0
1779914029229,1390,13858,-5118,109,189,18,walking,0.00,0,0,0,0,0
1779914029259,1388,13945,-5241,105,165,17,walking,0.00,0,0,0,0,0
1779914029260,1398,14162,-5242,99,146,19,walking,0.00,0,0,0,0,0
1779914029261,1255,14581,-5218,76,119,29,walking,0.00,0,0,0,0,0
1779914029289,1067,14936,-5128,60,98,37,walking,0.00,0,0,0,0,0
1779914029289,962,15329,-4983,53,90,52,walking,0.00,0,0,0,0,0
1779914029292,829,15686,-4838,49,90,72,walking,0.00,0,0,0,0,0
1779914029318,544,15967,-4639,46,90,80,walking,0.00,0,0,0,0,0
1779914029319,180,16305,-4386,23,92,85,walking,0.00,0,0,0,0,0
1779914029320,-321,16548,-4182,-8,95,84,walking,0.00,0,0,0,0,0
1779914029346,-571,16824,-4118,-58,105,85,walking,0.00,0,0,0,0,0
1779914029347,-664,16976,-4192,-100,110,98,walking,0.00,0,0,0,0,0
1779914029351,-772,16907,-4334,-138,105,99,walking,0.00,0,0,0,0,0
1779914029377,-549,16946,-4164,-192,100,75,walking,0.00,0,0,0,0,0
1779914029378,-335,17184,-4254,-314,83,24,walking,0.00,0,0,0,0,0
1779914029379,-438,18066,-4327,-406,58,-27,walking,0.00,0,0,0,0,0
1779914029412,-720,18975,-4147,-439,34,-76,walking,0.00,0,0,0,0,0
1779914029413,-971,19827,-3967,-447,16,-131,walking,0.00,0,0,0,0,0
1779914029414,-1154,20703,-3857,-452,6,-174,walking,0.00,0,0,0,0,0
1779914029436,-1700,20834,-3886,-419,5,-207,walking,0.00,0,0,0,0,0
1779914029437,-2204,19415,-4026,-319,17,-197,walking,0.00,0,0,0,0,0
1779914029438,-2102,17085,-3994,-237,14,-138,walking,0.00,0,0,0,0,0
1779914029471,-1556,15231,-3921,-222,-11,-75,walking,0.00,0,0,0,0,0
1779914029471,-651,14307,-3883,-240,-17,-44,walking,0.00,0,0,0,0,0
1779914029479,141,14750,-3706,-251,0,-40,walking,0.00,0,0,0,0,0
1779914029500,367,15996,-3520,-209,22,-75,walking,0.00,0,0,0,0,0
1779914029501,16,17031,-3582,-50,61,-108,walking,0.00,0,0,0,0,0
1779914029502,-483,17384,-3314,182,106,-88,walking,0.00,0,0,0,0,0
1779914029529,-1028,17242,-2743,339,124,-66,walking,0.00,0,0,0,0,0
1779914029529,-1085,17239,-2395,380,121,-67,walking,0.00,0,0,0,0,0
1779914029530,-1146,17578,-2346,403,110,-52,walking,0.00,0,0,0,0,0
1779914029558,-1537,17177,-2182,414,101,-54,walking,0.00,0,0,0,0,0
1779914029559,-1790,16477,-2087,325,95,-77,walking,0.00,0,0,0,0,0
1779914029560,-2065,16694,-2129,183,88,-87,walking,0.00,0,0,0,0,0
1779914029591,-2417,17046,-2147,112,103,-89,walking,0.00,0,0,0,0,0
1779914029592,-2692,17051,-2104,93,139,-88,walking,0.00,0,0,0,0,0
1779914029592,-2791,16760,-2135,97,173,-88,walking,0.00,0,0,0,0,0
1779914029617,-2814,16300,-2158,97,195,-87,walking,0.00,0,0,0,0,0
1779914029618,-2668,15628,-2288,78,203,-89,walking,0.00,0,0,0,0,0
1779914029618,-2556,15146,-2423,37,194,-86,walking,0.00,0,0,0,0,0
1779914029650,-2476,14893,-2571,-13,181,-88,walking,0.00,0,0,0,0,0
1779914029650,-2272,14707,-2874,-76,176,-96,walking,0.00,0,0,0,0,0
1779914029651,-2097,14834,-3064,-105,173,-96,walking,0.00,0,0,0,0,0
1779914029679,-2043,15198,-3098,-91,183,-94,walking,0.00,0,0,0,0,0
1779914029679,-1812,15333,-3065,-25,211,-82,walking,0.00,0,0,0,0,0
1779914029680,-1870,14903,-2957,46,241,-73,walking,0.00,0,0,0,0,0
1779914029708,-1494,14528,-2897,100,283,-54,walking,0.00,0,0,0,0,0
1779914029709,-1434,14113,-2728,125,301,-37,walking,0.00,0,0,0,0,0
1779914029710,-1471,13909,-2560,116,324,-34,walking,0.00,0,0,0,0,0
1779914029736,-1272,13794,-2467,96,356,-48,walking,0.00,0,0,0,0,0
1779914029744,-1327,13973,-2226,84,384,-52,walking,0.00,0,0,0,0,0
1779914029744,-1363,14113,-2114,60,414,-60,walking,0.00,0,0,0,0,0
1779914029768,-1271,14188,-2084,54,451,-72,walking,0.00,0,0,0,0,0
1779914029770,-1258,14233,-1992,64,488,-83,walking,0.00,0,0,0,0,0
1779914029770,-1228,14125,-2029,53,515,-96,walking,0.00,0,0,0,0,0
1779914029800,-1127,14168,-2059,26,535,-112,walking,0.00,0,0,0,0,0
1779914029801,-1059,14513,-2154,-5,545,-128,walking,0.00,0,0,0,0,0
1779914029801,-1172,14822,-2352,-30,551,-142,walking,0.00,0,0,0,0,0
1779914029826,-1275,15149,-2483,-36,562,-150,walking,0.00,0,0,0,0,0
1779914029827,-1437,15536,-2647,-35,576,-146,walking,0.00,0,0,0,0,0
1779914029827,-1778,15940,-2853,-32,589,-136,walking,0.00,0,0,0,0,0
1779914029858,-2002,16456,-2923,-17,612,-132,walking,0.00,0,0,0,0,0
1779914029858,-2222,16968,-3002,5,640,-136,walking,0.00,0,0,0,0,0
1779914029860,-2576,17413,-3107,41,669,-143,walking,0.00,0,0,0,0,0
1779914029892,-3168,17636,-3159,89,700,-148,walking,0.00,0,0,0,0,0
1779914029893,-3567,17624,-3168,126,736,-146,walking,0.00,0,0,0,0,0
1779914029893,-3773,17258,-3309,149,778,-142,walking,0.00,0,0,0,0,0
1779914029916,-3611,16946,-3258,156,823,-158,walking,0.00,0,0,0,0,0
1779914029916,-3261,16856,-3247,135,867,-205,walking,0.00,0,0,0,0,0
1779914029917,-2931,16900,-3346,112,905,-261,walking,0.00,0,0,0,0,0
1779914029949,-2704,16982,-3443,112,939,-305,walking,0.00,0,0,0,0,0
1779914029950,-2484,17144,-3449,124,965,-336,walking,0.00,0,0,0,0,0
1779914029951,-2064,17595,-3346,132,996,-376,walking,0.00,0,0,0,0,0
1779914029977,-1771,18392,-3278,133,1025,-428,walking,0.00,0,0,0,0,0
1779914029977,-1829,19084,-3248,152,1061,-497,walking,0.00,0,0,0,0,0
1779914029978,-2065,19346,-3278,186,1095,-569,walking,0.00,0,0,0,0,0
1779914030010,-2294,18783,-3362,203,1113,-633,walking,0.00,0,0,0,0,0
1779914030011,-2488,17828,-3433,151,1097,-666,walking,0.00,0,0,0,0,0
1779914030012,-2546,16933,-3749,24,1056,-657,walking,0.00,0,0,0,0,0
1779914030036,-2569,16016,-4211,-79,999,-601,walking,0.00,0,0,0,0,0
1779914030037,-2252,14790,-4728,-116,947,-544,walking,0.00,0,0,0,0,0
1779914030038,-1815,13695,-5098,-117,905,-487,walking,0.00,0,0,0,0,0
1779914030069,-1246,13178,-5691,-145,862,-437,walking,0.00,0,0,0,0,0
1779914030070,-1372,13983,-6029,-132,851,-409,walking,0.00,0,0,0,0,0
1779914030071,-1830,14991,-6198,-60,847,-371,walking,0.00,0,0,0,0,0
1779914030100,-2281,15709,-6185,42,843,-352,walking,0.00,0,0,0,0,0
1779914030101,-2428,16270,-6058,144,833,-336,walking,0.00,0,0,0,0,0
1779914030101,-2439,16624,-5890,228,825,-318,walking,0.00,0,0,0,0,0
1779914030129,-2729,16584,-5778,290,819,-315,walking,0.00,0,0,0,0,0
1779914030136,-2921,16317,-5489,322,817,-319,walking,0.00,0,0,0,0,0
1779914030137,-2962,16276,-5214,301,814,-331,walking,0.00,0,0,0,0,0
1779914030158,-2998,16307,-5146,263,814,-341,walking,0.00,0,0,0,0,0
1779914030159,-2952,16275,-5099,274,827,-349,walking,0.00,0,0,0,0,0
1779914030160,-2812,15814,-5015,316,851,-359,walking,0.00,0,0,0,0,0
1779914030186,-2402,15158,-5048,355,882,-372,walking,0.00,0,0,0,0,0
1779914030186,-2127,14499,-5105,377,903,-390,walking,0.00,0,0,0,0,0
1779914030187,-1902,13982,-5237,365,912,-420,walking,0.00,0,0,0,0,0
1779914030217,-1634,13787,-5342,331,917,-459,walking,0.00,0,0,0,0,0
1779914030218,-1454,13545,-5500,287,913,-500,walking,0.00,0,0,0,0,0
1779914030218,-1317,13514,-5572,229,899,-525,walking,0.00,0,0,0,0,0
1779914030246,-1233,13621,-5581,177,878,-553,walking,0.00,0,0,0,0,0
1779914030249,-1084,13872,-5612,127,855,-574,walking,0.00,0,0,0,0,0
1779914030250,-957,14326,-5704,104,839,-589,walking,0.00,0,0,0,0,0
1779914030278,-838,14470,-5791,114,827,-603,walking,0.00,0,0,0,0,0
1779914030279,-861,14446,-5958,138,814,-613,walking,0.00,0,0,0,0,0
1779914030282,-847,14170,-6047,142,796,-627,walking,0.00,0,0,0,0,0
1779914030310,-773,13928,-6219,121,774,-632,walking,0.00,0,0,0,0,0
1779914030311,-669,13806,-6289,112,750,-620,walking,0.00,0,0,0,0,0
1779914030312,-552,13532,-6363,117,727,-599,walking,0.00,0,0,0,0,0
1779914030336,-344,13171,-6434,130,702,-576,walking,0.00,0,0,0,0,0
1779914030340,-193,12937,-6342,142,669,-556,walking,0.00,0,0,0,0,0
1779914030341,-106,12888,-6343,139,635,-541,walking,0.00,0,0,0,0,0
1779914030368,32,12724,-6309,124,594,-540,walking,0.00,0,0,0,0,0
1779914030369,-153,12817,-6180,82,535,-518,walking,0.00,0,0,0,0,0
1779914030370,-236,13014,-6146,15,473,-497,walking,0.00,0,0,0,0,0
1779914030402,-522,13289,-6071,-41,410,-464,walking,0.00,0,0,0,0,0
1779914030402,-809,13608,-5877,-89,357,-423,walking,0.00,0,0,0,0,0
1779914030403,-881,14049,-5666,-115,326,-386,walking,0.00,0,0,0,0,0
1779914030429,-960,14556,-5465,-107,315,-348,walking,0.00,0,0,0,0,0
1779914030433,-1204,15085,-5288,-76,315,-318,walking,0.00,0,0,0,0,0
1779914030434,-1585,15656,-5054,-38,330,-307,walking,0.00,0,0,0,0,0
1779914030460,-2008,16258,-4760,-10,351,-312,walking,0.00,0,0,0,0,0
1779914030460,-2439,16781,-4523,-13,365,-321,walking,0.00,0,0,0,0,0
1779914030461,-2964,17179,-4418,-42,361,-322,walking,0.00,0,0,0,0,0
1779914030491,-3414,17144,-4350,-80,340,-315,walking,0.00,0,0,0,0,0
1779914030492,-3655,16746,-4286,-112,312,-306,walking,0.00,0,0,0,0,0
1779914030492,-3565,16021,-4351,-154,277,-290,walking,0.00,0,0,0,0,0
1779914030517,-3367,15145,-4369,-212,239,-271,walking,0.00,0,0,0,0,0
1779914030518,-3151,14735,-4425,-273,202,-250,walking,0.00,0,0,0,0,0
1779914030519,-2922,14684,-4730,-329,172,-224,walking,0.00,0,0,0,0,0
1779914030549,-2947,14772,-4934,-327,153,-194,walking,0.00,0,0,0,0,0
1779914030551,-3125,14994,-5016,-299,144,-165,walking,0.00,0,0,0,0,0
1779914030551,-3314,15112,-5055,-261,142,-125,walking,0.00,0,0,0,0,0
1779914030577,-3421,15124,-5002,-209,141,-73,walking,0.00,0,0,0,0,0
1779914030577,-3505,15013,-4895,-156,139,-27,walking,0.00,0,0,0,0,0
1779914030578,-3523,14794,-4729,-120,145,16,walking,0.00,0,0,0,0,0
1779914030607,-3432,14578,-4527,-102,152,54,walking,0.00,0,0,0,0,0
1779914030608,-3388,14469,-4315,-102,160,82,walking,0.00,0,0,0,0,0
1779914030609,-3458,14536,-4127,-113,169,99,walking,0.00,0,0,0,0,0
1779914030640,-3475,14710,-3960,-121,179,107,walking,0.00,0,0,0,0,0
1779914030641,-3479,14977,-3843,-128,191,96,walking,0.00,0,0,0,0,0
1779914030642,-3537,15209,-3780,-141,209,72,walking,0.00,0,0,0,0,0
1779914030669,-3531,15480,-3832,-161,218,39,walking,0.00,0,0,0,0,0
1779914030670,-3521,15691,-3933,-191,218,2,walking,0.00,0,0,0,0,0
1779914030670,-3642,15806,-3994,-233,204,-47,walking,0.00,0,0,0,0,0
1779914030699,-3599,15678,-4179,-297,179,-100,walking,0.00,0,0,0,0,0
1779914030699,-3387,15700,-4381,-367,136,-131,walking,0.00,0,0,0,0,0
1779914030700,-3323,15776,-4491,-414,86,-171,walking,0.00,0,0,0,0,0
1779914030727,-3393,15862,-4642,-434,47,-215,walking,0.00,0,0,0,0,0
1779914030727,-3359,15980,-4882,-416,22,-241,walking,0.00,0,0,0,0,0
1779914030728,-3347,15947,-4985,-360,10,-251,walking,0.00,0,0,0,0,0
1779914030759,-3462,15842,-5030,-300,2,-249,walking,0.00,0,0,0,0,0
1779914030759,-3548,15680,-4988,-248,0,-236,walking,0.00,0,0,0,0,0
1779914030760,-3597,15556,-4818,-199,-2,-215,walking,0.00,0,0,0,0,0
1779914030791,-3703,15502,-4615,-163,-7,-188,walking,0.00,0,0,0,0,0
1779914030791,-3777,15384,-4419,-120,-5,-157,walking,0.00,0,0,0,0,0
1779914030792,-3918,15229,-4214,-75,-4,-125,walking,0.00,0,0,0,0,0
1779914030817,-3933,15122,-3988,-34,12,-108,walking,0.00,0,0,0,0,0
1779914030818,-4028,14898,-3882,-5,28,-86,walking,0.00,0,0,0,0,0
1779914030819,-4175,14669,-3743,10,46,-57,walking,0.00,0,0,0,0,0
1779914030848,-4120,14517,-3587,16,74,-42,walking,0.00,0,0,0,0,0
1779914030849,-4085,14466,-3464,11,108,-30,walking,0.00,0,0,0,0,0
1779914030849,-4086,14564,-3300,-7,146,-20,walking,0.00,0,0,0,0,0
1779914030876,-4023,14679,-3163,-16,187,-9,walking,0.00,0,0,0,0,0
1779914030877,-3926,14752,-3140,-11,227,2,walking,0.00,0,0,0,0,0
1779914030878,-3829,14852,-2996,-13,260,1,walking,0.00,0,0,0,0,0
1779914030910,-3760,15081,-2873,-29,286,-8,walking,0.00,0,0,0,0,0
1779914030911,-3815,15306,-2827,-41,311,-21,walking,0.00,0,0,0,0,0
1779914030911,-3898,15531,-2810,-48,337,-30,walking,0.00,0,0,0,0,0
1779914030940,-3965,15602,-2806,-54,360,-43,walking,0.00,0,0,0,0,0
1779914030941,-4015,15631,-2840,-71,383,-61,walking,0.00,0,0,0,0,0
1779914030942,-4058,15582,-2949,-94,402,-90,walking,0.00,0,0,0,0,0
1779914030967,-4245,15352,-3049,-135,411,-112,walking,0.00,0,0,0,0,0
1779914030967,-4091,15142,-3334,-191,417,-118,walking,0.00,0,0,0,0,0
1779914030968,-4015,14911,-3571,-248,408,-122,walking,0.00,0,0,0,0,0
1779914030998,-4013,14773,-3771,-307,390,-114,walking,0.00,0,0,0,0,0
1779914031000,-3719,14775,-4091,-340,376,-100,walking,0.00,0,0,0,0,0
1779914031000,-3480,14773,-4372,-341,366,-88,walking,0.00,0,0,0,0,0
1779914031028,-3259,14706,-4600,-326,358,-84,walking,0.00,0,0,0,0,0
1779914031028,-3071,14689,-4753,-304,347,-84,walking,0.00,0,0,0,0,0
1779914031029,-2894,14811,-4858,-284,329,-83,walking,0.00,0,0,0,0,0
1779914031059,-2858,15165,-4862,-270,303,-83,walking,0.00,0,0,0,0,0
1779914031059,-2887,15584,-4846,-252,274,-80,walking,0.00,0,0,0,0,0
1779914031060,-2872,15840,-4877,-219,245,-75,walking,0.00,0,0,0,0,0
1779914031087,-2911,15886,-4870,-178,218,-70,walking,0.00,0,0,0,0,0
1779914031090,-2923,15714,-4804,-143,196,-59,walking,0.00,0,0,0,0,0
1779914031091,-2982,15542,-4727,-139,166,-51,walking,0.00,0,0,0,0,0
1779914031117,-2963,15518,-4738,-151,146,-55,walking,0.00,0,0,0,0,0
1779914031118,-2829,15406,-4743,-142,126,-54,walking,0.00,0,0,0,0,0
1779914031118,-2902,15295,-4731,-135,103,-56,walking,0.00,0,0,0,0,0
1779914031148,-2870,15192,-4753,-124,83,-66,walking,0.00,0,0,0,0,0
1779914031149,-2735,15109,-4776,-122,61,-75,walking,0.00,0,0,0,0,0
1779914031150,-2628,15093,-4757,-129,32,-91,walking,0.00,0,0,0,0,0
1779914031182,-2702,15198,-4751,-131,1,-100,walking,0.00,0,0,0,0,0
1779914031183,-2721,15482,-4778,-130,-21,-98,walking,0.00,0,0,0,0,0
1779914031183,-2949,15827,-4801,-86,-56,-93,walking,0.00,0,0,0,0,0
1779914031207,-3004,15899,-4737,-58,-74,-82,walking,0.00,0,0,0,0,0
1779914031207,-3018,15829,-4742,-25,-88,-65,walking,0.00,0,0,0,0,0
1779914031208,-3083,15539,-4598,5,-99,-49,walking,0.00,0,0,0,0,0
1779914031240,-3256,15412,-4476,5,-114,-25,walking,0.00,0,0,0,0,0
1779914031240,-3337,15463,-4533,13,-118,-16,walking,0.00,0,0,0,0,0
1779914031241,-3397,15493,-4448,45,-116,1,walking,0.00,0,0,0,0,0
1779914031267,-3470,15466,-4241,71,-112,20,walking,0.00,0,0,0,0,0
1779914031269,-3617,15389,-4172,76,-106,26,walking,0.00,0,0,0,0,0
1779914031269,-3754,15320,-4162,66,-97,33,walking,0.00,0,0,0,0,0
1779914031298,-3783,15381,-3917,61,-86,37,walking,0.00,0,0,0,0,0
1779914031299,-3706,15400,-3847,37,-81,41,walking,0.00,0,0,0,0,0
1779914031300,-3830,15396,-3885,-2,-83,44,walking,0.00,0,0,0,0,0
1779914031330,-3921,15449,-3898,-16,-79,50,walking,0.00,0,0,0,0,0
1779914031332,-3743,15364,-3927,-9,-72,55,walking,0.00,0,0,0,0,0
1779914031332,-3668,15191,-3932,-10,-66,60,walking,0.00,0,0,0,0,0
1779914031357,-3656,15010,-3993,-13,-61,62,walking,0.00,0,0,0,0,0
1779914031358,-3629,14844,-4162,-23,-57,57,walking,0.00,0,0,0,0,0
1779914031359,-3555,14716,-4252,-34,-54,50,walking,0.00,0,0,0,0,0
1779914031392,-3459,14690,-4273,-44,-51,48,walking,0.00,0,0,0,0,0
1779914031393,-3438,14767,-4315,-64,-53,45,walking,0.00,0,0,0,0,0
1779914031394,-3446,14962,-4355,-75,-54,41,walking,0.00,0,0,0,0,0
1779914031417,-3444,15165,-4364,-72,-52,37,walking,0.00,0,0,0,0,0
1779914031418,-3422,15278,-4344,-60,-48,34,walking,0.00,0,0,0,0,0
1779914031418,-3492,15338,-4307,-37,-44,29,walking,0.00,0,0,0,0,0
1779914031449,-3516,15267,-4269,-20,-43,23,walking,0.00,0,0,0,0,0
1779914031450,-3512,15272,-4235,-15,-43,17,walking,0.00,0,0,0,0,0
1779914031451,-3463,15226,-4281,-22,-44,13,walking,0.00,0,0,0,0,0
1779914031481,-3511,15221,-4296,-37,-48,10,walking,0.00,0,0,0,0,0
1779914031482,-3501,15311,-4347,-48,-49,2,walking,0.00,0,0,0,0,0
1779914031483,-3402,15431,-4348,-46,-50,-10,walking,0.00,0,0,0,0,0
1779914031506,-3378,15408,-4216,-28,-56,-21,walking,0.00,0,0,0,0,0
1779914031507,-3390,15356,-4270,-25,-60,-32,walking,0.00,0,0,0,0,0
1779914031507,-3345,15547,-4290,-26,-64,-31,walking,0.00,0,0,0,0,0
1779914031538,-3296,15521,-4269,-14,-71,-33,walking,0.00,0,0,0,0,0
1779914031539,-3227,15465,-4153,1,-74,-34,walking,0.00,0,0,0,0,0
1779914031539,-3135,15394,-4135,9,-77,-32,walking,0.00,0,0,0,0,0
1779914031567,-3089,15400,-3980,19,-82,-31,walking,0.00,0,0,0,0,0
1779914031568,-3066,15395,-3964,19,-85,-28,walking,0.00,0,0,0,0,0
1779914031569,-3005,15363,-3920,21,-89,-24,walking,0.00,0,0,0,0,0
1779914031597,-2976,15404,-3809,26,-92,-23,walking,0.00,0,0,0,0,0
1779914031598,-2966,15454,-3711,27,-100,-22,walking,0.00,0,0,0,0,0
1779914031599,-3033,15404,-3639,24,-110,-20,walking,0.00,0,0,0,0,0
1779914031631,-2989,15336,-3583,21,-119,-15,walking,0.00,0,0,0,0,0
1779914031632,-2971,15338,-3536,23,-125,-9,walking,0.00,0,0,0,0,0
1779914031633,-3058,15334,-3463,23,-126,-6,walking,0.00,0,0,0,0,0
1779914031659,-3025,15404,-3403,21,-132,-3,walking,0.00,0,0,0,0,0
1779914031659,-3031,15438,-3395,16,-135,1,walking,0.00,0,0,0,0,0
1779914031660,-3184,15470,-3373,17,-138,5,walking,0.00,0,0,0,0,0
1779914031689,-3253,15504,-3344,22,-135,7,walking,0.00,0,0,0,0,0
1779914031690,-3276,15484,-3336,22,-131,9,walking,0.00,0,0,0,0,0
1779914031691,-3339,15530,-3299,15,-127,11,walking,0.00,0,0,0,0,0
1779914031717,-3368,15629,-3349,10,-123,14,walking,0.00,0,0,0,0,0
1779914031718,-3399,15601,-3398,11,-121,14,walking,0.00,0,0,0,0,0
1779914031718,-3437,15546,-3424,13,-118,12,walking,0.00,0,0,0,0,0
1779914031747,-3391,15562,-3461,3,-114,16,walking,0.00,0,0,0,0,0
1779914031748,-3402,15560,-3483,-5,-110,14,walking,0.00,0,0,0,0,0
1779914031749,-3419,15541,-3538,-6,-107,9,walking,0.00,0,0,0,0,0
1779914031777,-3437,15516,-3599,-4,-101,2,walking,0.00,0,0,0,0,0
1779914031777,-3429,15455,-3640,-6,-97,-8,walking,0.00,0,0,0,0,0
1779914031778,-3422,15468,-3679,-6,-93,-20,walking,0.00,0,0,0,0,0
1779914031809,-3388,15517,-3697,-5,-90,-31,walking,0.00,0,0,0,0,0
1779914031810,-3407,15580,-3667,1,-86,-40,walking,0.00,0,0,0,0,0
1779914031814,-3426,15610,-3649,9,-82,-45,walking,0.00,0,0,0,0,0
1779914031839,-3387,15551,-3666,18,-81,-50,walking,0.00,0,0,0,0,0
1779914031840,-3362,15532,-3677,28,-80,-54,walking,0.00,0,0,0,0,0
1779914031841,-3363,15472,-3675,33,-77,-61,walking,0.00,0,0,0,0,0
1779914031872,-3373,15448,-3640,33,-74,-69,walking,0.00,0,0,0,0,0
1779914031872,-3381,15480,-3629,36,-70,-76,walking,0.00,0,0,0,0,0
1779914031873,-3443,15558,-3649,36,-66,-78,walking,0.00,0,0,0,0,0
1779914031900,-3512,15651,-3643,39,-58,-78,walking,0.00,0,0,0,0,0
1779914031901,-3560,15614,-3611,49,-52,-76,walking,0.00,0,0,0,0,0
1779914031901,-3594,15530,-3540,58,-47,-69,walking,0.00,0,0,0,0,0
1779914031926,-3523,15429,-3551,57,-44,-61,walking,0.00,0,0,0,0,0
1779914031927,-3487,15342,-3556,52,-40,-59,walking,0.00,0,0,0,0,0
1779914031930,-3485,15318,-3546,44,-36,-61,walking,0.00,0,0,0,0,0
1779914031958,-3513,15353,-3507,31,-31,-62,walking,0.00,0,0,0,0,0
1779914031959,-3563,15422,-3540,24,-28,-59,walking,0.00,0,0,0,0,0
1779914031960,-3571,15523,-3561,22,-21,-53,walking,0.00,0,0,0,0,0
1779914031988,-3512,15518,-3535,29,-13,-46,walking,0.00,0,0,0,0,0
1779914031989,-3449,15478,-3528,35,-5,-40,walking,0.00,0,0,0,0,0
1779914031990,-3447,15420,-3504,32,-1,-34,walking,0.00,0,0,0,0,0
1779914032019,-3419,15397,-3585,22,-1,-29,walking,0.00,0,0,0,0,0
1779914032022,-3422,15469,-3663,16,-1,-24,walking,0.00,0,0,0,0,0
1779914032023,-3499,15435,-3713,21,-1,-18,walking,0.00,0,0,0,0,0
1779914032050,-3518,15343,-3667,30,1,-12,walking,0.00,0,0,0,0,0
1779914032050,-3494,15278,-3648,34,3,-6,walking,0.00,0,0,0,0,0
1779914032051,-3486,15259,-3654,36,6,-3,walking,0.00,0,0,0,0,0
1779914032080,-3494,15242,-3654,34,10,-5,walking,0.00,0,0,0,0,0
1779914032081,-3537,15243,-3691,33,10,-8,walking,0.00,0,0,0,0,0
1779914032081,-3561,15280,-3703,23,10,-9,walking,0.00,0,0,0,0,0
1779914032108,-3517,15341,-3728,14,10,-5,walking,0.00,0,0,0,0,0
1779914032109,-3549,15396,-3779,12,9,-4,walking,0.00,0,0,0,0,0
1779914032110,-3610,15398,-3779,13,13,-2,walking,0.00,0,0,0,0,0
1779914032139,-3625,15384,-3739,20,16,-1,walking,0.00,0,0,0,0,0
1779914032139,-3631,15306,-3723,23,20,-3,walking,0.00,0,0,0,0,0
1779914032140,-3624,15251,-3825,19,24,-4,walking,0.00,0,0,0,0,0
1779914032168,-3639,15250,-3828,20,25,-3,walking,0.00,0,0,0,0,0
1779914032172,-3654,15235,-3829,17,25,-7,walking,0.00,0,0,0,0,0
1779914032173,-3614,15257,-3832,11,24,-14,walking,0.00,0,0,0,0,0
1779914032197,-3618,15248,-3865,9,23,-14,walking,0.00,0,0,0,0,0
1779914032198,-3615,15284,-3856,10,26,-14,walking,0.00,0,0,0,0,0
1779914032198,-3612,15350,-3871,16,25,-17,walking,0.00,0,0,0,0,0
1779914032231,-3624,15312,-3856,24,26,-14,walking,0.00,0,0,0,0,0
1779914032231,-3621,15267,-3813,26,28,-13,walking,0.00,0,0,0,0,0
1779914032232,-3618,15317,-3842,21,29,-12,walking,0.00,0,0,0,0,0
1779914032258,-3554,15293,-3865,20,29,-11,walking,0.00,0,0,0,0,0
1779914032259,-3558,15269,-3833,25,29,-13,walking,0.00,0,0,0,0,0
1779914032259,-3524,15213,-3856,18,29,-18,walking,0.00,0,0,0,0,0
1779914032290,-3544,15234,-3846,8,29,-19,walking,0.00,0,0,0,0,0
1779914032292,-3611,15313,-3851,7,31,-16,walking,0.00,0,0,0,0,0
1779914032296,-3573,15311,-3886,10,34,-16,walking,0.00,0,0,0,0,0
1779914032318,-3535,15258,-3826,12,36,-14,walking,0.00,0,0,0,0,0
1779914032321,-3528,15273,-3861,12,37,-9,walking,0.00,0,0,0,0,0
1779914032322,-3442,15238,-3910,0,40,-7,walking,0.00,0,0,0,0,0
1779914032346,-3414,15258,-3902,0,40,-6,walking,0.00,0,0,0,0,0
1779914032348,-3453,15283,-3865,0,37,-5,walking,0.00,0,0,0,0,0
1779914032348,-3390,15235,-3929,1,35,-2,walking,0.00,0,0,0,0,0
1779914032383,-3444,15269,-3868,8,30,-1,walking,0.00,0,0,0,0,0
1779914032408,-3468,15256,-3851,5,30,-2,walking,0.00,0,0,0,0,0
1779914032409,-3461,15267,-3919,-3,30,-1,walking,0.00,0,0,0,0,0
1779914032410,-3478,15263,-3906,-3,28,3,walking,0.00,0,0,0,0,0
1779914032411,-3446,15257,-3885,-1,29,4,walking,0.00,0,0,0,0,0
1779914032414,-3430,15245,-3861,-3,27,3,walking,0.00,0,0,0,0,0
1779914032439,-3437,15219,-3852,-4,25,5,walking,0.00,0,0,0,0,0
1779914032440,-3461,15272,-3927,-5,21,4,walking,0.00,0,0,0,0,0
1779914032441,-3534,15346,-3924,-7,14,2,walking,0.00,0,0,0,0,0
1779914032472,-3539,15336,-3887,-3,11,2,walking,0.00,0,0,0,0,0
1779914032473,-3544,15314,-3911,-2,10,4,walking,0.00,0,0,0,0,0
1779914032474,-3520,15313,-3939,-8,11,6,walking,0.00,0,0,0,0,0
1779914032497,-3497,15359,-3924,-9,10,10,walking,0.00,0,0,0,0,0
1779914032498,-3489,15363,-3937,-4,6,13,walking,0.00,0,0,0,0,0
1779914032499,-3441,15298,-3889,4,4,12,walking,0.00,0,0,0,0,0
1779914032529,-3472,15322,-3854,0,0,9,walking,0.00,0,0,0,0,0
1779914032530,-3477,15311,-3883,-1,-5,7,walking,0.00,0,0,0,0,0
1779914032531,-3499,15272,-3912,7,-9,6,walking,0.00,0,0,0,0,0
1779914032558,-3512,15254,-3871,13,-11,1,walking,0.00,0,0,0,0,0
1779914032560,-3509,15251,-3874,7,-12,-2,walking,0.00,0,0,0,0,0
1779914032561,-3557,15261,-3873,-2,-14,-2,walking,0.00,0,0,0,0,0
1779914032588,-3549,15294,-3881,-3,-12,-4,walking,0.00,0,0,0,0,0
1779914032589,-3534,15316,-3926,0,-12,-7,walking,0.00,0,0,0,0,0
1779914032590,-3474,15334,-3917,-3,-12,-7,walking,0.00,0,0,0,0,0
1779914032620,-3479,15345,-3886,-3,-14,-6,walking,0.00,0,0,0,0,0
1779914032621,-3553,15341,-3940,-2,-17,-5,walking,0.00,0,0,0,0,0
1779914032621,-3570,15366,-3919,5,-16,-2,walking,0.00,0,0,0,0,0
1779914032649,-3580,15303,-3895,12,-14,2,walking,0.00,0,0,0,0,0
1779914032649,-3537,15178,-3855,18,-13,0,walking,0.00,0,0,0,0,0
1779914032650,-3507,15178,-3819,13,-11,-1,walking,0.00,0,0,0,0,0
1779914032680,-3497,15217,-3842,1,-9,-4,walking,0.00,0,0,0,0,0
1779914032681,-3530,15337,-3914,-12,-9,-4,walking,0.00,0,0,0,0,0
1779914032682,-3541,15426,-3890,-14,-10,-3,walking,0.00,0,0,0,0,0
1779914032707,-3557,15446,-3860,0,-9,2,walking,0.00,0,0,0,0,0
1779914032707,-3475,15313,-3846,8,-5,3,walking,0.00,0,0,0,0,0
1779914032708,-3391,15207,-3833,7,-1,4,walking,0.00,0,0,0,0,0
1779914032738,-3377,15212,-3894,-1,-4,3,walking,0.00,0,0,0,0,0
1779914032739,-3404,15257,-3873,-7,-9,-4,walking,0.00,0,0,0,0,0
1779914032740,-3468,15345,-3946,-11,-12,-6,walking,0.00,0,0,0,0,0
1779914032772,-3497,15386,-3983,-6,-16,-3,walking,0.00,0,0,0,0,0
1779914032773,-3561,15343,-3933,1,-16,-1,walking,0.00,0,0,0,0,0
1779914032773,-3558,15287,-3942,4,-15,-2,walking,0.00,0,0,0,0,0
1779914032797,-3551,15261,-3922,8,-10,-4,walking,0.00,0,0,0,0,0
1779914032798,-3533,15304,-3938,9,-7,-7,walking,0.00,0,0,0,0,0
1779914032799,-3560,15321,-3897,10,-4,-7,walking,0.00,0,0,0,0,0
1779914032829,-3548,15339,-3879,9,-4,-2,walking,0.00,0,0,0,0,0
1779914032830,-3551,15352,-3920,8,-7,0,walking,0.00,0,0,0,0,0
1779914032831,-3503,15305,-3874,12,-8,0,walking,0.00,0,0,0,0,0
1779914032857,-3483,15257,-3849,13,-6,0,walking,0.00,0,0,0,0,0
1779914032857,-3582,15280,-3820,10,-6,3,walking,0.00,0,0,0,0,0
1779914032857,-3577,15268,-3854,7,-3,3,walking,0.00,0,0,0,0,0
1779914032893,-3546,15316,-3895,2,-2,4,walking,0.00,0,0,0,0,0
1779914032894,-3549,15330,-3854,2,4,5,walking,0.00,0,0,0,0,0
1779914032896,-3534,15322,-3864,-1,7,4,walking,0.00,0,0,0,0,0
1779914032921,-3458,15335,-3849,-5,7,4,walking,0.00,0,0,0,0,0
1779914032922,-3504,15384,-3909,-8,8,6,walking,0.00,0,0,0,0,0
1779914032923,-3536,15391,-3880,-1,10,8,walking,0.00,0,0,0,0,0
1779914032947,-3505,15369,-3869,3,10,7,walking,0.00,0,0,0,0,0
1779914032948,-3478,15326,-3867,3,14,8,walking,0.00,0,0,0,0,0
1779914032949,-3450,15332,-3882,3,14,11,walking,0.00,0,0,0,0,0
1779914032980,-3466,15367,-3870,-2,12,9,walking,0.00,0,0,0,0,0
1779914032981,-3528,15366,-3905,-3,9,8,walking,0.00,0,0,0,0,0
1779914032981,-3545,15357,-3915,4,8,10,walking,0.00,0,0,0,0,0
1779914033008,-3548,15303,-3888,9,8,12,walking,0.00,0,0,0,0,0
1779914033013,-3515,15246,-3904,6,7,12,walking,0.00,0,0,0,0,0
1779914033013,-3497,15232,-3880,7,5,8,walking,0.00,0,0,0,0,0
1779914033038,-3518,15232,-3868,7,3,1,walking,0.00,0,0,0,0,0
1779914033039,-3503,15257,-3896,1,0,-6,walking,0.00,0,0,0,0,0
1779914033040,-3489,15311,-3927,-1,-3,-8,walking,0.00,0,0,0,0,0
1779914033066,-3504,15339,-3926,2,-2,-9,walking,0.00,0,0,0,0,0
1779914033067,-3450,15324,-3874,7,0,-8,walking,0.00,0,0,0,0,0
1779914033067,-3406,15328,-3854,10,-2,-6,walking,0.00,0,0,0,0,0
1779914033097,-3430,15291,-3884,13,-3,-5,walking,0.00,0,0,0,0,0
1779914033097,-3436,15237,-3872,17,-4,-3,walking,0.00,0,0,0,0,0
1779914033097,-3417,15179,-3830,16,-6,-7,walking,0.00,0,0,0,0,0
1779914033129,-3483,15212,-3795,9,-7,-10,walking,0.00,0,0,0,0,0
1779914033129,-3538,15265,-3877,-9,-8,-10,walking,0.00,0,0,0,0,0
1779914033129,-3545,15298,-3847,-9,-6,-12,walking,0.00,0,0,0,0,0
1779914033157,-3512,15327,-3812,-6,-3,-13,walking,0.00,0,0,0,0,0
1779914033158,-3515,15336,-3834,-8,-4,-13,walking,0.00,0,0,0,0,0
1779914033160,-3562,15341,-3903,-14,-4,-13,walking,0.00,0,0,0,0,0
1779914033186,-3531,15373,-3918,-12,-5,-11,walking,0.00,0,0,0,0,0
1779914033187,-3513,15383,-3898,-10,-5,-9,walking,0.00,0,0,0,0,0
1779914033187,-3536,15365,-3953,-7,-7,-6,walking,0.00,0,0,0,0,0
1779914033216,-3520,15358,-3945,1,-9,-2,walking,0.00,0,0,0,0,0
1779914033216,-3471,15318,-3931,4,-8,-2,walking,0.00,0,0,0,0,0
1779914033216,-3516,15265,-3947,7,-9,-3,walking,0.00,0,0,0,0,0
1779914033249,-3563,15269,-3935,4,-10,-3,walking,0.00,0,0,0,0,0
1779914033249,-3527,15301,-3959,3,-11,-3,walking,0.00,0,0,0,0,0
1779914033250,-3519,15324,-3896,8,-8,-3,walking,0.00,0,0,0,0,0
1779914033278,-3482,15299,-3912,8,-9,-6,walking,0.00,0,0,0,0,0
1779914033279,-3497,15295,-3892,7,-11,-7,walking,0.00,0,0,0,0,0
1779914033280,-3534,15316,-3867,4,-12,-7,walking,0.00,0,0,0,0,0
1779914033306,-3547,15276,-3866,3,-12,-8,walking,0.00,0,0,0,0,0
1779914033307,-3549,15292,-3880,2,-14,-8,walking,0.00,0,0,0,0,0
1779914033307,-3553,15299,-3904,-4,-12,-8,walking,0.00,0,0,0,0,0
1779914033337,-3550,15286,-3947,-5,-10,-5,walking,0.00,0,0,0,0,0
1779914033338,-3526,15229,-3894,1,-9,-5,walking,0.00,0,0,0,0,0
1779914033338,-3537,15159,-3853,5,-9,-4,walking,0.00,0,0,0,0,0
1779914033373,-3553,15203,-3864,-1,-8,-7,walking,0.00,0,0,0,0,0
1779914033374,-3560,15332,-3913,-12,-10,-12,walking,0.00,0,0,0,0,0
1779914033375,-3614,15393,-3911,-9,-11,-11,walking,0.00,0,0,0,0,0
1779914033397,-3683,15402,-3841,2,-7,-10,walking,0.00,0,0,0,0,0
1779914033399,-3667,15335,-3866,4,-5,-8,walking,0.00,0,0,0,0,0
1779914033400,-3609,15317,-3912,0,-5,-3,walking,0.00,0,0,0,0,0
1779914033430,-3630,15241,-3909,-1,-4,-1,walking,0.00,0,0,0,0,0
1779914033432,-3576,15267,-3891,-3,-5,-5,walking,0.00,0,0,0,0,0
1779914033432,-3625,15344,-3945,-3,-7,-11,walking,0.00,0,0,0,0,0
1779914033459,-3625,15344,-3945,-3,-7,-11,walking,0.00,0,0,0,0,0
1779914033459,-3658,15224,-3932,8,-6,-4,walking,0.00,0,0,0,0,0
1779914033462,-3691,15159,-3929,8,-5,-5,walking,0.00,0,0,0,0,0
1779914033488,-3662,15182,-3867,6,-2,-7,walking,0.00,0,0,0,0,0
1779914033489,-3642,15231,-3857,0,-1,-10,walking,0.00,0,0,0,0,0
1779914033490,-3693,15234,-3918,-2,1,-8,walking,0.00,0,0,0,0,0
1779914033521,-3698,15227,-3912,-1,2,-5,walking,0.00,0,0,0,0,0
1779914033528,-3672,15155,-3862,-3,4,-4,walking,0.00,0,0,0,0,0
1779914033529,-3653,15139,-3832,-8,6,-6,walking,0.00,0,0,0,0,0
1779914033547,-3661,15159,-3837,-15,5,-10,walking,0.00,0,0,0,0,0
1779914033548,-3733,15146,-3904,-19,8,-12,walking,0.00,0,0,0,0,0
1779914033548,-3716,15187,-3934,-28,13,-12,walking,0.00,0,0,0,0,0
1779914033578,-3699,15277,-3940,-35,15,-15,walking,0.00,0,0,0,0,0
1779914033579,-3646,15303,-3974,-38,17,-17,walking,0.00,0,0,0,0,0
1779914033579,-3549,15356,-4019,-35,17,-22,walking,0.00,0,0,0,0,0
1779914033612,-3472,15416,-4033,-28,13,-32,walking,0.00,0,0,0,0,0
1779914033612,-3479,15455,-4114,-22,10,-47,walking,0.00,0,0,0,0,0
1779914033613,-3421,15547,-4101,-20,3,-61,walking,0.00,0,0,0,0,0
1779914033640,-3446,15679,-4141,-17,-7,-77,walking,0.00,0,0,0,0,0
1779914033640,-3409,15829,-4188,-7,-16,-95,walking,0.00,0,0,0,0,0
1779914033641,-3303,15852,-4128,7,-25,-108,walking,0.00,0,0,0,0,0
1779914033670,-3223,15760,-4132,33,-33,-121,walking,0.00,0,0,0,0,0
1779914033670,-3192,15765,-4086,60,-43,-133,walking,0.00,0,0,0,0,0
1779914033671,-3124,15800,-4002,74,-53,-143,walking,0.00,0,0,0,0,0
1779914033697,-3124,15819,-3942,86,-61,-153,walking,0.00,0,0,0,0,0
1779914033699,-3124,15800,-3891,107,-68,-157,walking,0.00,0,0,0,0,0
1779914033699,-3102,15784,-3792,128,-72,-160,walking,0.00,0,0,0,0,0
1779914033729,-3064,15767,-3698,144,-76,-162,walking,0.00,0,0,0,0,0
1779914033729,-3144,15751,-3599,156,-83,-155,walking,0.00,0,0,0,0,0
1779914033730,-3127,15653,-3534,163,-88,-148,walking,0.00,0,0,0,0,0
1779914033756,-3175,15624,-3397,158,-89,-149,walking,0.00,0,0,0,0,0
1779914033761,-3283,15736,-3335,141,-95,-139,walking,0.00,0,0,0,0,0
1779914033761,-3415,15866,-3392,137,-94,-121,walking,0.00,0,0,0,0,0
1779914033787,-3497,15852,-3452,153,-87,-108,walking,0.00,0,0,0,0,0
1779914033787,-3588,15743,-3353,172,-82,-98,walking,0.00,0,0,0,0,0
1779914033789,-3663,15659,-3322,180,-79,-89,walking,0.00,0,0,0,0,0
1779914033820,-3839,15701,-3410,173,-79,-83,walking,0.00,0,0,0,0,0
1779914033823,-3999,15769,-3504,174,-76,-73,walking,0.00,0,0,0,0,0
1779914033823,-4124,15780,-3551,189,-74,-61,walking,0.00,0,0,0,0,0
1779914033847,-4231,15733,-3654,191,-73,-61,walking,0.00,0,0,0,0,0
1779914033847,-4348,15732,-3723,196,-76,-61,walking,0.00,0,0,0,0,0
1779914033848,-4529,15618,-3745,205,-77,-59,walking,0.00,0,0,0,0,0
1779914033880,-4625,15483,-3814,206,-75,-56,walking,0.00,0,0,0,0,0
1779914033882,-4686,15325,-3910,206,-73,-56,walking,0.00,0,0,0,0,0
1779914033883,-4687,15247,-4003,205,-70,-62,walking,0.00,0,0,0,0,0
1779914033908,-4643,15213,-4051,206,-66,-68,walking,0.00,0,0,0,0,0
1779914033912,-4731,15164,-4087,211,-64,-77,walking,0.00,0,0,0,0,0
1779914033913,-4747,15076,-4180,214,-55,-85,walking,0.00,0,0,0,0,0
1779914033938,-4750,15033,-4202,217,-46,-91,walking,0.00,0,0,0,0,0
1779914033939,-4830,14828,-4232,225,-36,-95,walking,0.00,0,0,0,0,0
1779914033939,-4833,14712,-4262,222,-28,-99,walking,0.00,0,0,0,0,0
1779914033969,-4786,14677,-4379,211,-21,-107,walking,0.00,0,0,0,0,0
1779914033970,-4882,14668,-4439,209,-11,-118,walking,0.00,0,0,0,0,0
1779914033971,-4920,14598,-4524,208,1,-129,walking,0.00,0,0,0,0,0
1779914033997,-4966,14555,-4599,196,15,-145,walking,0.00,0,0,0,0,0
1779914033998,-4960,14622,-4662,186,28,-156,walking,0.00,0,0,0,0,0
1779914033999,-4986,14640,-4743,183,39,-176,walking,0.00,0,0,0,0,0
1779914034034,-4992,14766,-4851,189,50,-189,walking,0.00,0,0,0,0,0
1779914034034,-5012,14685,-4870,200,59,-199,walking,0.00,0,0,0,0,0
1779914034035,-5047,14546,-4895,204,68,-213,walking,0.00,0,0,0,0,0
1779914034056,-5025,14555,-4942,200,78,-218,walking,0.00,0,0,0,0,0
1779914034057,-5029,14588,-4967,192,86,-229,walking,0.00,0,0,0,0,0
1779914034057,-5116,14629,-5097,185,93,-245,walking,0.00,0,0,0,0,0
1779914034088,-5219,14642,-5155,190,103,-253,walking,0.00,0,0,0,0,0
1779914034089,-5289,14603,-5087,199,115,-259,walking,0.00,0,0,0,0,0
1779914034090,-5235,14538,-5099,202,124,-266,walking,0.00,0,0,0,0,0
1779914034119,-5309,14431,-5110,202,131,-266,walking,0.00,0,0,0,0,0
1779914034119,-5323,14268,-5139,197,139,-268,walking,0.00,0,0,0,0,0
1779914034120,-5322,14280,-5186,176,145,-270,walking,0.00,0,0,0,0,0
1779914034149,-5470,14390,-5256,153,149,-270,walking,0.00,0,0,0,0,0
1779914034153,-5520,14513,-5296,149,158,-273,walking,0.00,0,0,0,0,0
1779914034153,-5508,14568,-5385,154,169,-272,walking,0.00,0,0,0,0,0
1779914034178,-5618,14468,-5362,168,179,-268,walking,0.00,0,0,0,0,0
1779914034179,-5699,14283,-5390,177,187,-262,walking,0.00,0,0,0,0,0
1779914034180,-5739,14099,-5402,169,196,-252,walking,0.00,0,0,0,0,0
1779914034216,-5739,13970,-5418,150,203,-237,walking,0.00,0,0,0,0,0
1779914034217,-5656,13776,-5515,129,211,-222,walking,0.00,0,0,0,0,0
1779914034217,-5535,13707,-5521,110,213,-210,walking,0.00,0,0,0,0,0
1779914034235,-5503,13705,-5556,79,209,-199,walking,0.00,0,0,0,0,0
1779914034235,-5612,13846,-5681,50,210,-185,walking,0.00,0,0,0,0,0
1779914034236,-5791,14015,-5698,44,214,-170,walking,0.00,0,0,0,0,0
1779914034265,-5841,14046,-5730,51,223,-154,walking,0.00,0,0,0,0,0
1779914034265,-5930,13903,-5757,56,233,-136,walking,0.00,0,0,0,0,0
1779914034266,-5946,13763,-5826,50,238,-119,walking,0.00,0,0,0,0,0
1779914034296,-5970,13639,-5847,41,247,-106,walking,0.00,0,0,0,0,0
1779914034297,-5926,13431,-5953,25,255,-97,walking,0.00,0,0,0,0,0
1779914034297,-5942,13387,-5945,13,261,-91,walking,0.00,0,0,0,0,0
1779914034326,-5963,13229,-5975,8,270,-83,walking,0.00,0,0,0,0,0
1779914034327,-5942,13193,-6040,-6,277,-72,walking,0.00,0,0,0,0,0
1779914034327,-5925,13224,-6120,-23,280,-65,walking,0.00,0,0,0,0,0
1779914034355,-5986,13306,-6021,-33,278,-66,walking,0.00,0,0,0,0,0
1779914034355,-5961,13412,-6067,-49,277,-65,walking,0.00,0,0,0,0,0
1779914034355,-5981,13482,-6261,-60,279,-65,walking,0.00,0,0,0,0,0
1779914034385,-6083,13522,-6198,-60,283,-77,walking,0.00,0,0,0,0,0
1779914034385,-6050,13686,-6052,-74,290,-88,walking,0.00,0,0,0,0,0
1779914034385,-6117,13902,-6200,-99,292,-91,walking,0.00,0,0,0,0,0
1779914034416,-6226,14044,-6290,-94,295,-99,walking,0.00,0,0,0,0,0
1779914034417,-6317,14131,-6186,-77,300,-104,walking,0.00,0,0,0,0,0
1779914034417,-6345,14132,-6287,-76,313,-116,walking,0.00,0,0,0,0,0
1779914034445,-6269,14193,-6231,-71,328,-133,walking,0.00,0,0,0,0,0
1779914034445,-6293,14349,-6267,-63,342,-150,walking,0.00,0,0,0,0,0
1779914034445,-6294,14321,-6259,-38,361,-171,walking,0.00,0,0,0,0,0
1779914034475,-6214,14157,-6214,-14,382,-189,walking,0.00,0,0,0,0,0
1779914034475,-6138,13951,-6102,-6,401,-201,walking,0.00,0,0,0,0,0
1779914034475,-6117,13878,-6044,-19,417,-209,walking,0.00,0,0,0,0,0
1779914034505,-6034,13795,-6031,-32,437,-220,walking,0.00,0,0,0,0,0
1779914034505,-5854,13666,-6011,-33,460,-230,walking,0.00,0,0,0,0,0
1779914034505,-5632,13533,-5891,-39,478,-235,walking,0.00,0,0,0,0,0
1779914034535,-5532,13488,-5837,-57,494,-238,walking,0.00,0,0,0,0,0
1779914034536,-5390,13540,-5804,-69,508,-240,walking,0.00,0,0,0,0,0
1779914034536,-5242,13645,-5777,-81,519,-245,walking,0.00,0,0,0,0,0
1779914034566,-5229,13738,-5749,-91,528,-251,walking,0.00,0,0,0,0,0
1779914034566,-5191,13789,-5716,-97,541,-246,walking,0.00,0,0,0,0,0
1779914034567,-4987,13729,-5573,-102,560,-229,walking,0.00,0,0,0,0,0
1779914034595,-4926,13633,-5428,-113,561,-222,walking,0.00,0,0,0,0,0
1779914034595,-5033,13742,-5327,-128,563,-207,walking,0.00,0,0,0,0,0
1779914034595,-5148,13993,-5307,-137,570,-196,walking,0.00,0,0,0,0,0
1779914034626,-5278,14046,-5360,-142,578,-191,walking,0.00,0,0,0,0,0
1779914034626,-5381,14161,-5364,-148,584,-184,walking,0.00,0,0,0,0,0
1779914034626,-5604,14332,-5362,-159,587,-183,walking,0.00,0,0,0,0,0
1779914034655,-5731,14491,-5329,-179,587,-185,walking,0.00,0,0,0,0,0
1779914034655,-5867,14709,-5366,-200,585,-179,walking,0.00,0,0,0,0,0
1779914034655,-6034,14910,-5456,-206,584,-173,walking,0.00,0,0,0,0,0
1779914034686,-6079,14889,-5480,-195,583,-162,walking,0.00,0,0,0,0,0
1779914034686,-6228,14638,-5519,-186,585,-141,walking,0.00,0,0,0,0,0
1779914034687,-6255,14538,-5561,-185,589,-121,walking,0.00,0,0,0,0,0
1779914034717,-6190,14441,-5738,-191,597,-116,walking,0.00,0,0,0,0,0
1779914034717,-6251,14391,-5878,-188,614,-104,walking,0.00,0,0,0,0,0
1779914034717,-6191,14337,-5939,-179,634,-90,walking,0.00,0,0,0,0,0
1779914034745,-6031,14230,-6013,-164,656,-76,walking,0.00,0,0,0,0,0
1779914034745,-5886,14039,-6081,-154,668,-63,walking,0.00,0,0,0,0,0
1779914034745,-5741,13815,-6165,-158,673,-53,walking,0.00,0,0,0,0,0
1779914034774,-5510,13616,-6247,-171,674,-45,walking,0.00,0,0,0,0,0
1779914034775,-5361,13511,-6313,-186,671,-37,walking,0.00,0,0,0,0,0
1779914034775,-5261,13402,-6415,-202,668,-27,walking,0.00,0,0,0,0,0
1779914034805,-5088,13242,-6454,-207,666,-18,walking,0.00,0,0,0,0,0
1779914034805,-4884,13100,-6499,-215,663,-14,walking,0.00,0,0,0,0,0
1779914034805,-4741,13087,-6531,-235,658,-18,walking,0.00,0,0,0,0,0
1779914034835,-4719,13275,-6535,-258,651,-21,walking,0.00,0,0,0,0,0
1779914034835,-4808,13428,-6671,-272,644,-20,walking,0.00,0,0,0,0,0
1779914034835,-4857,13554,-6704,-267,640,-15,walking,0.00,0,0,0,0,0
1779914034866,-4841,13475,-6667,-262,642,-12,walking,0.00,0,0,0,0,0
1779914034866,-4789,13291,-6692,-269,641,-5,walking,0.00,0,0,0,0,0
1779914034867,-4643,13184,-6728,-284,643,4,walking,0.00,0,0,0,0,0
1779914034894,-4574,13085,-6710,-293,643,10,walking,0.00,0,0,0,0,0
1779914034895,-4500,12928,-6676,-303,643,13,walking,0.00,0,0,0,0,0
1779914034895,-4378,12884,-6571,-316,650,21,walking,0.00,0,0,0,0,0
1779914034925,-4257,12926,-6531,-338,657,34,walking,0.00,0,0,0,0,0
1779914034925,-4200,12980,-6528,-361,664,58,walking,0.00,0,0,0,0,0
1779914034925,-4219,13192,-6538,-389,671,81,walking,0.00,0,0,0,0,0
1779914034955,-4244,13515,-6582,-417,681,91,walking,0.00,0,0,0,0,0
1779914034955,-4269,13836,-6654,-430,692,87,walking,0.00,0,0,0,0,0
1779914034955,-4254,14049,-6785,-427,704,79,walking,0.00,0,0,0,0,0
1779914034986,-4240,14087,-6862,-424,711,73,walking,0.00,0,0,0,0,0
1779914034986,-4151,14091,-6866,-422,713,69,walking,0.00,0,0,0,0,0
1779914034986,-3985,14035,-6937,-426,713,68,walking,0.00,0,0,0,0,0
1779914035016,-3870,13937,-7006,-432,709,63,walking,0.00,0,0,0,0,0
1779914035016,-3723,13939,-7110,-440,702,59,walking,0.00,0,0,0,0,0
1779914035016,-3637,13998,-7176,-433,697,53,walking,0.00,0,0,0,0,0
1779914035046,-3544,14146,-7239,-419,698,52,walking,0.00,0,0,0,0,0
1779914035047,-3548,14253,-7288,-394,698,51,walking,0.00,0,0,0,0,0
1779914035047,-3462,14323,-7304,-355,700,44,walking,0.00,0,0,0,0,0
1779914035075,-3368,14162,-7322,-322,702,39,walking,0.00,0,0,0,0,0
1779914035075,-3368,14011,-7203,-309,701,37,walking,0.00,0,0,0,0,0
1779914035075,-3230,13909,-7153,-306,705,43,walking,0.00,0,0,0,0,0
1779914035105,-3122,13852,-7063,-303,704,52,walking,0.00,0,0,0,0,0
1779914035105,-3076,13857,-6993,-312,703,53,walking,0.00,0,0,0,0,0
1779914035107,-3026,13977,-7003,-317,706,45,walking,0.00,0,0,0,0,0
1779914035136,-3024,14154,-6983,-312,709,38,walking,0.00,0,0,0,0,0
1779914035136,-2970,14098,-7032,-303,705,36,walking,0.00,0,0,0,0,0
1779914035136,-2928,14011,-7016,-305,697,35,walking,0.00,0,0,0,0,0
1779914035167,-2849,14107,-7039,-327,688,38,walking,0.00,0,0,0,0,0
1779914035167,-2833,14291,-7144,-341,677,41,walking,0.00,0,0,0,0,0
1779914035167,-2823,14309,-7187,-323,670,40,walking,0.00,0,0,0,0,0
1779914035195,-2778,14101,-7119,-300,655,44,walking,0.00,0,0,0,0,0
1779914035195,-2765,13955,-7142,-303,637,48,walking,0.00,0,0,0,0,0
1779914035196,-2692,13930,-7220,-313,619,50,walking,0.00,0,0,0,0,0
1779914035226,-2650,13914,-7213,-313,600,52,walking,0.00,0,0,0,0,0
1779914035226,-2647,13977,-7134,-310,580,55,walking,0.00,0,0,0,0,0
1779914035227,-2541,14253,-7018,-310,560,60,walking,0.00,0,0,0,0,0
1779914035258,-2562,14637,-6971,-306,545,69,walking,0.00,0,0,0,0,0
1779914035287,-2758,15179,-6860,-286,537,65,walking,0.00,0,0,0,0,0
1779914035288,-2909,15727,-6656,-254,533,41,walking,0.00,0,0,0,0,0
1779914035288,-3116,16167,-6451,-221,531,12,walking,0.00,0,0,0,0,0
1779914035288,-3475,16514,-6300,-196,524,-8,walking,0.00,0,0,0,0,0
1779914035289,-3720,16502,-6249,-167,517,-18,walking,0.00,0,0,0,0,0
1779914035316,-3809,16208,-6136,-135,515,-23,walking,0.00,0,0,0,0,0
1779914035317,-3773,15911,-5974,-108,512,-26,walking,0.00,0,0,0,0,0
1779914035317,-3714,15596,-5935,-95,513,-35,walking,0.00,0,0,0,0,0
1779914035346,-3716,15198,-5990,-73,524,-50,walking,0.00,0,0,0,0,0
1779914035347,-3665,14883,-5944,-59,544,-67,walking,0.00,0,0,0,0,0
1779914035347,-3552,14854,-5856,-68,565,-84,walking,0.00,0,0,0,0,0
1779914035378,-3328,15124,-5664,-66,593,-101,walking,0.00,0,0,0,0,0
1779914035378,-3199,15420,-5427,-45,613,-110,walking,0.00,0,0,0,0,0
1779914035379,-3139,15412,-5300,-17,626,-115,walking,0.00,0,0,0,0,0
1779914035408,-2977,15308,-5181,21,635,-111,walking,0.00,0,0,0,0,0
1779914035409,-2678,15168,-4916,54,643,-111,walking,0.00,0,0,0,0,0
1779914035409,-2445,14974,-4690,64,646,-123,walking,0.00,0,0,0,0,0
1779914035436,-2336,14877,-4599,58,646,-131,walking,0.00,0,0,0,0,0
1779914035438,-2360,14954,-4414,39,646,-137,walking,0.00,0,0,0,0,0
1779914035438,-2449,15200,-4240,24,651,-144,walking,0.00,0,0,0,0,0
1779914035466,-2553,15494,-4205,29,659,-140,walking,0.00,0,0,0,0,0
1779914035467,-2584,15661,-4082,55,671,-137,walking,0.00,0,0,0,0,0
1779914035467,-2677,15674,-3937,65,682,-144,walking,0.00,0,0,0,0,0
1779914035496,-2663,15682,-3878,63,688,-151,walking,0.00,0,0,0,0,0
1779914035496,-2714,15690,-3784,52,690,-161,walking,0.00,0,0,0,0,0
1779914035497,-2852,15716,-3641,26,687,-174,walking,0.00,0,0,0,0,0
1779914035528,-2946,15936,-3607,-15,676,-164,walking,0.00,0,0,0,0,0
1779914035528,-2991,16152,-3554,-44,671,-146,walking,0.00,0,0,0,0,0
1779914035529,-3091,16248,-3488,-55,667,-128,walking,0.00,0,0,0,0,0
1779914035557,-3099,16250,-3367,-53,665,-115,walking,0.00,0,0,0,0,0
1779914035557,-2984,16203,-3357,-55,664,-105,walking,0.00,0,0,0,0,0
1779914035558,-2995,16133,-3308,-69,655,-102,walking,0.00,0,0,0,0,0
1779914035586,-3070,15872,-3261,-89,644,-103,walking,0.00,0,0,0,0,0
1779914035587,-3034,15763,-3357,-117,630,-85,walking,0.00,0,0,0,0,0
1779914035587,-3018,15689,-3384,-139,614,-77,walking,0.00,0,0,0,0,0
1779914035617,-2912,15741,-3389,-158,605,-77,walking,0.00,0,0,0,0,0
1779914035617,-2774,15970,-3405,-164,602,-74,walking,0.00,0,0,0,0,0
1779914035618,-2749,16227,-3418,-147,600,-77,walking,0.00,0,0,0,0,0
1779914035646,-2810,16213,-3400,-120,598,-83,walking,0.00,0,0,0,0,0
1779914035648,-2781,16132,-3337,-94,591,-87,walking,0.00,0,0,0,0,0
1779914035649,-2745,16025,-3213,-86,585,-91,walking,0.00,0,0,0,0,0
1779914035676,-2723,15907,-3170,-87,582,-97,walking,0.00,0,0,0,0,0
1779914035677,-2645,15746,-3119,-90,585,-100,walking,0.00,0,0,0,0,0
1779914035677,-2556,15702,-3014,-99,592,-98,walking,0.00,0,0,0,0,0
1779914035707,-2468,15649,-2961,-104,594,-97,walking,0.00,0,0,0,0,0
1779914035707,-2423,15363,-2953,-108,595,-94,walking,0.00,0,0,0,0,0
1779914035708,-2310,15420,-3033,-132,603,-126,walking,0.00,0,0,0,0,0
1779914035736,-2243,15611,-3108,-152,607,-151,walking,0.00,0,0,0,0,0
1779914035736,-2262,15996,-3176,-163,613,-172,walking,0.00,0,0,0,0,0
1779914035737,-2353,16304,-3283,-171,623,-187,walking,0.00,0,0,0,0,0
1779914035768,-2488,16420,-3352,-160,628,-192,walking,0.00,0,0,0,0,0
1779914035769,-2467,16339,-3381,-131,632,-196,walking,0.00,0,0,0,0,0
1779914035769,-2419,15912,-3473,-124,631,-203,walking,0.00,0,0,0,0,0
1779914035799,-2428,15706,-3655,-144,624,-204,walking,0.00,0,0,0,0,0
1779914035799,-2401,15845,-3725,-163,624,-218,walking,0.00,0,0,0,0,0
1779914035800,-2280,16195,-3731,-177,637,-262,walking,0.00,0,0,0,0,0
1779914035828,-2088,16765,-3715,-165,662,-315,walking,0.00,0,0,0,0,0
1779914035828,-2288,17189,-3663,-141,682,-355,walking,0.00,0,0,0,0,0
1779914035828,-2588,17051,-3778,-143,694,-374,walking,0.00,0,0,0,0,0
1779914035857,-2653,16573,-4116,-161,680,-361,walking,0.00,0,0,0,0,0
1779914035857,-2547,16300,-4387,-202,642,-366,walking,0.00,0,0,0,0,0
1779914035858,-2352,16328,-4693,-267,604,-409,walking,0.00,0,0,0,0,0
1779914035886,-2234,16662,-5163,-302,584,-463,walking,0.00,0,0,0,0,0
1779914035886,-2282,17208,-5570,-249,580,-506,walking,0.00,0,0,0,0,0
1779914035887,-2394,17537,-5884,-144,586,-544,walking,0.00,0,0,0,0,0
1779914035916,-2516,17678,-6043,-15,591,-563,walking,0.00,0,0,0,0,0
1779914035916,-2600,17624,-6050,116,596,-558,walking,0.00,0,0,0,0,0
1779914035917,-2638,17254,-6098,226,600,-541,walking,0.00,0,0,0,0,0
1779914035949,-2541,16786,-6192,310,600,-531,walking,0.00,0,0,0,0,0
1779914035949,-2393,16339,-6199,361,599,-540,walking,0.00,0,0,0,0,0
1779914035949,-2306,15891,-6050,398,599,-561,walking,0.00,0,0,0,0,0
1779914035977,-2340,15563,-5907,418,605,-573,walking,0.00,0,0,0,0,0
1779914035977,-2565,15562,-5739,425,616,-569,walking,0.00,0,0,0,0,0
1779914035977,-2796,15551,-5645,447,642,-559,walking,0.00,0,0,0,0,0
1779914036008,-2698,15282,-5460,501,684,-539,walking,0.00,0,0,0,0,0
1779914036009,-2540,14698,-5202,551,728,-528,walking,0.00,0,0,0,0,0
1779914036009,-2211,14152,-5016,559,765,-533,walking,0.00,0,0,0,0,0
1779914036037,-1982,13690,-4959,510,787,-552,walking,0.00,0,0,0,0,0
1779914036037,-1864,13578,-4869,429,797,-579,walking,0.00,0,0,0,0,0
1779914036037,-1895,13840,-4950,334,803,-588,walking,0.00,0,0,0,0,0
1779914036068,-1889,14057,-4976,269,815,-583,walking,0.00,0,0,0,0,0
1779914036099,-1816,14161,-4921,230,831,-580,walking,0.00,0,0,0,0,0
1779914036100,-1754,14195,-5062,192,850,-579,walking,0.00,0,0,0,0,0
1779914036100,-1780,14134,-5172,166,868,-580,walking,0.00,0,0,0,0,0
1779914036100,-1816,14162,-5199,148,889,-581,walking,0.00,0,0,0,0,0
1779914036101,-1845,14130,-5406,111,899,-573,walking,0.00,0,0,0,0,0
1779914036127,-2002,14238,-5616,64,897,-560,walking,0.00,0,0,0,0,0
1779914036128,-2078,14357,-5810,21,896,-539,walking,0.00,0,0,0,0,0
1779914036128,-2075,14350,-5962,-5,898,-518,walking,0.00,0,0,0,0,0
1779914036157,-2025,14304,-6187,-26,896,-509,walking,0.00,0,0,0,0,0
1779914036157,-1965,14271,-6393,-47,888,-503,walking,0.00,0,0,0,0,0
1779914036157,-1915,14265,-6647,-69,879,-493,walking,0.00,0,0,0,0,0
1779914036190,-1911,14270,-6850,-84,868,-478,walking,0.00,0,0,0,0,0
1779914036190,-1952,14313,-7036,-97,850,-457,walking,0.00,0,0,0,0,0
1779914036191,-1896,14274,-7213,-94,831,-431,walking,0.00,0,0,0,0,0
1779914036216,-1801,14223,-7298,-83,813,-408,walking,0.00,0,0,0,0,0
1779914036216,-1618,14303,-7367,-77,795,-399,walking,0.00,0,0,0,0,0
1779914036217,-1416,14480,-7447,-74,781,-399,walking,0.00,0,0,0,0,0
1779914036247,-1348,14769,-7536,-67,765,-411,walking,0.00,0,0,0,0,0
1779914036249,-1315,15051,-7591,-59,745,-420,walking,0.00,0,0,0,0,0
1779914036249,-1294,15204,-7566,-40,721,-421,walking,0.00,0,0,0,0,0
1779914036276,-1256,15083,-7553,-14,691,-413,walking,0.00,0,0,0,0,0
1779914036276,-1205,14808,-7606,-4,662,-399,walking,0.00,0,0,0,0,0
1779914036277,-1025,14643,-7676,-10,631,-389,walking,0.00,0,0,0,0,0
1779914036306,-809,14563,-7754,-35,599,-397,walking,0.00,0,0,0,0,0
1779914036307,-639,14733,-8012,-58,564,-413,walking,0.00,0,0,0,0,0
1779914036307,-642,14789,-8140,-50,530,-428,walking,0.00,0,0,0,0,0
1779914036337,-622,14679,-8276,-34,498,-436,walking,0.00,0,0,0,0,0
1779914036338,-552,14834,-8255,-31,461,-429,walking,0.00,0,0,0,0,0
1779914036338,-484,15142,-8261,-40,425,-421,walking,0.00,0,0,0,0,0
1779914036366,-547,15696,-8472,-30,391,-409,walking,0.00,0,0,0,0,0
1779914036366,-882,16082,-8721,33,355,-393,walking,0.00,0,0,0,0,0
1779914036368,-1320,16583,-8858,141,332,-379,walking,0.00,0,0,0,0,0
1779914036398,-1454,16574,-8871,292,332,-370,walking,0.00,0,0,0,0,0
1779914036427,-1680,15687,-8861,412,321,-340,walking,0.00,0,0,0,0,0
1779914036428,-2144,14774,-8797,463,297,-296,walking,0.00,0,0,0,0,0
1779914036428,-2184,14232,-8784,478,283,-249,walking,0.00,0,0,0,0,0
1779914036428,-2042,13745,-8694,521,283,-207,walking,0.00,0,0,0,0,0
1779914036428,-2124,13221,-8231,580,289,-180,walking,0.00,0,0,0,0,0
1779914036456,-2226,12931,-7598,608,313,-168,walking,0.00,0,0,0,0,0
1779914036457,-2188,13181,-7218,588,351,-166,walking,0.00,0,0,0,0,0
1779914036457,-2319,14008,-6817,573,394,-194,walking,0.00,0,0,0,0,0
1779914036486,-2664,14589,-6462,563,441,-238,walking,0.00,0,0,0,0,0
1779914036487,-3117,14622,-6235,554,470,-269,walking,0.00,0,0,0,0,0
1779914036487,-3451,14467,-6120,467,458,-292,walking,0.00,0,0,0,0,0
1779914036516,-3843,14589,-6207,304,408,-310,walking,0.00,0,0,0,0,0
1779914036517,-4034,14302,-6597,119,341,-324,walking,0.00,0,0,0,0,0
1779914036517,-4256,13841,-7008,-42,260,-326,walking,0.00,0,0,0,0,0
1779914036547,-4371,13406,-7593,-145,183,-328,walking,0.00,0,0,0,0,0
1779914036547,-4166,12705,-8071,-192,119,-331,walking,0.00,0,0,0,0,0
1779914036548,-3982,11726,-8502,-216,67,-325,walking,0.00,0,0,0,0,0
1779914036576,-3809,10803,-8686,-211,24,-270,walking,0.00,0,0,0,0,0
1779914036576,-3840,10192,-8552,-170,2,-182,walking,0.00,0,0,0,0,0
1779914036576,-3616,9779,-8263,-137,24,-102,walking,0.00,0,0,0,0,0
1779914036608,-3443,9567,-7638,-95,69,-20,walking,0.00,0,0,0,0,0
1779914036608,-3372,9744,-7013,-74,132,45,walking,0.00,0,0,0,0,0
1779914036609,-3410,10296,-6709,-103,198,99,walking,0.00,0,0,0,0,0
1779914036637,-3748,11101,-6557,-141,245,158,walking,0.00,0,0,0,0,0
1779914036637,-4202,11730,-6501,-157,278,219,walking,0.00,0,0,0,0,0
1779914036638,-4398,12029,-6499,-168,303,273,walking,0.00,0,0,0,0,0
1779914036666,-4582,12024,-6532,-185,322,302,walking,0.00,0,0,0,0,0
1779914036666,-4738,11906,-6675,-210,333,305,walking,0.00,0,0,0,0,0
1779914036667,-4788,11613,-6942,-251,334,289,walking,0.00,0,0,0,0,0
1779914036698,-4656,11425,-7161,-325,320,251,walking,0.00,0,0,0,0,0
1779914036698,-4605,11856,-7419,-420,295,198,walking,0.00,0,0,0,0,0
1779914036699,-4730,12651,-7676,-494,274,147,walking,0.00,0,0,0,0,0
1779914036727,-4918,13522,-7922,-528,262,100,walking,0.00,0,0,0,0,0
1779914036728,-5211,14252,-8155,-510,260,74,walking,0.00,0,0,0,0,0
1779914036728,-5613,14639,-8274,-450,269,72,walking,0.00,0,0,0,0,0
1779914036757,-5845,14489,-8340,-380,281,73,walking,0.00,0,0,0,0,0
1779914036758,-5849,14208,-8498,-343,295,63,walking,0.00,0,0,0,0,0
1779914036758,-5767,14026,-8630,-349,298,48,walking,0.00,0,0,0,0,0
1779914036786,-5656,13978,-8676,-366,294,34,walking,0.00,0,0,0,0,0
1779914036787,-5485,14222,-8695,-381,291,20,walking,0.00,0,0,0,0,0
1779914036788,-5260,14464,-8757,-377,291,12,walking,0.00,0,0,0,0,0
1779914036817,-5059,14490,-8829,-330,294,14,walking,0.00,0,0,0,0,0
1779914036818,-4927,14146,-8885,-267,296,18,walking,0.00,0,0,0,0,0
1779914036818,-4701,13732,-9007,-226,293,10,walking,0.00,0,0,0,0,0
1779914036849,-4446,13421,-9091,-201,278,0,walking,0.00,0,0,0,0,0
1779914036849,-4286,13419,-9109,-188,257,-8,walking,0.00,0,0,0,0,0
1779914036850,-4097,13877,-9060,-173,242,-6,walking,0.00,0,0,0,0,0
1779914036876,-3913,14153,-8912,-122,249,12,walking,0.00,0,0,0,0,0
1779914036876,-3836,14192,-8732,-62,252,22,walking,0.00,0,0,0,0,0
1779914036876,-3850,14035,-8486,-24,249,16,walking,0.00,0,0,0,0,0
1779914036906,-3836,13801,-8342,-5,234,10,walking,0.00,0,0,0,0,0
1779914036906,-3839,13617,-8243,-14,206,13,walking,0.00,0,0,0,0,0
1779914036907,-3875,13395,-8199,-53,166,15,walking,0.00,0,0,0,0,0
1779914036936,-3907,13232,-8192,-91,125,17,walking,0.00,0,0,0,0,0
1779914036937,-3811,13022,-8211,-126,86,21,walking,0.00,0,0,0,0,0
1779914036937,-3707,12706,-8212,-144,46,30,walking,0.00,0,0,0,0,0
1779914036966,-3479,12438,-8162,-164,12,38,walking,0.00,0,0,0,0,0
1779914036966,-3161,12513,-8175,-198,-19,49,walking,0.00,0,0,0,0,0
1779914036999,-3034,12816,-8199,-217,-39,59,walking,0.00,0,0,0,0,0
1779914037000,-2925,13132,-8078,-190,-47,76,walking,0.00,0,0,0,0,0
1779914037000,-2738,13354,-7930,-146,-56,96,walking,0.00,0,0,0,0,0
1779914037001,-2640,13462,-7824,-108,-71,118,walking,0.00,0,0,0,0,0
1779914037027,-2516,13336,-7625,-91,-95,143,walking,0.00,0,0,0,0,0
1779914037027,-2602,13633,-7306,-110,-132,151,walking,0.00,0,0,0,0,0
1779914037028,-2568,14000,-7383,-112,-142,166,walking,0.00,0,0,0,0,0
1779914037056,-2501,14358,-7084,-80,-162,176,walking,0.00,0,0,0,0,0
1779914037057,-2729,14381,-6984,-80,-191,166,walking,0.00,0,0,0,0,0
1779914037057,-2948,14261,-6901,-109,-224,164,walking,0.00,0,0,0,0,0
1779914037092,-3019,14435,-6835,-140,-252,179,walking,0.00,0,0,0,0,0
1779914037092,-3039,14600,-6789,-165,-269,191,walking,0.00,0,0,0,0,0
1779914037093,-3140,14727,-6715,-180,-282,193,walking,0.00,0,0,0,0,0
1779914037117,-3248,14833,-6730,-185,-290,194,walking,0.00,0,0,0,0,0
1779914037117,-3383,14833,-6730,-186,-299,205,walking,0.00,0,0,0,0,0
1779914037117,-3580,14947,-6659,-198,-302,217,walking,0.00,0,0,0,0,0
1779914037147,-3596,14913,-6611,-207,-303,217,walking,0.00,0,0,0,0,0
1779914037147,-3393,15036,-6565,-207,-290,256,walking,0.00,0,0,0,0,0
1779914037148,-3272,14889,-6494,-189,-285,274,walking,0.00,0,0,0,0,0
1779914037176,-3219,14678,-6389,-177,-277,279,walking,0.00,0,0,0,0,0
1779914037176,-2822,14472,-6306,-164,-260,306,walking,0.00,0,0,0,0,0
1779914037176,-2530,14309,-6129,-135,-247,318,walking,0.00,0,0,0,0,0
1779914037206,-2429,14151,-5957,-123,-236,313,walking,0.00,0,0,0,0,0
1779914037206,-2270,14241,-5869,-123,-230,308,walking,0.00,0,0,0,0,0
1779914037207,-2246,14245,-5752,-136,-235,305,walking,0.00,0,0,0,0,0
1779914037240,-2239,14530,-5649,-156,-232,307,walking,0.00,0,0,0,0,0
1779914037242,-2197,14820,-5521,-170,-230,313,walking,0.00,0,0,0,0,0
1779914037242,-2308,15131,-5506,-171,-235,330,walking,0.00,0,0,0,0,0
1779914037270,-2415,15275,-5498,-141,-228,329,walking,0.00,0,0,0,0,0
1779914037271,-2350,15434,-5460,-73,-208,345,walking,0.00,0,0,0,0,0
1779914037272,-2410,14923,-5325,-26,-204,355,walking,0.00,0,0,0,0,0
1779914037300,-2342,14388,-5377,-93,-210,347,walking,0.00,0,0,0,0,0
1779914037301,-2454,14904,-5381,-197,-230,336,walking,0.00,0,0,0,0,0
1779914037302,-2587,15514,-5520,-239,-235,324,walking,0.00,0,0,0,0,0
1779914037329,-2552,15613,-5461,-205,-233,316,walking,0.00,0,0,0,0,0
1779914037337,-2524,15626,-5366,-173,-231,307,walking,0.00,0,0,0,0,0
1779914037338,-2431,15741,-5397,-155,-230,287,walking,0.00,0,0,0,0,0
1779914037356,-2158,15899,-5466,-119,-230,271,walking,0.00,0,0,0,0,0
1779914037357,-2205,15653,-5440,-92,-245,253,walking,0.00,0,0,0,0,0
1779914037357,-2212,15619,-5279,-98,-263,244,walking,0.00,0,0,0,0,0
1779914037391,-2018,15619,-5260,-139,-289,232,walking,0.00,0,0,0,0,0
1779914037392,-1928,15866,-5360,-174,-317,225,walking,0.00,0,0,0,0,0
1779914037393,-1886,15903,-5364,-150,-333,229,walking,0.00,0,0,0,0,0
1779914037417,-1800,15907,-5188,-113,-346,231,walking,0.00,0,0,0,0,0
1779914037417,-1400,15623,-5223,-88,-351,225,walking,0.00,0,0,0,0,0
1779914037418,-1448,15520,-5163,-64,-364,232,walking,0.00,0,0,0,0,0
1779914037449,-1444,15493,-5117,-59,-375,240,walking,0.00,0,0,0,0,0
1779914037451,-1346,15702,-5107,-45,-380,242,walking,0.00,0,0,0,0,0
1779914037452,-1330,15712,-5011,-9,-383,247,walking,0.00,0,0,0,0,0
1779914037479,-1415,15728,-4818,17,-382,258,walking,0.00,0,0,0,0,0
1779914037483,-1396,15769,-4701,40,-380,268,walking,0.00,0,0,0,0,0
1779914037484,-1388,15783,-4585,71,-372,278,walking,0.00,0,0,0,0,0
1779914037509,-1426,15598,-4496,97,-363,286,walking,0.00,0,0,0,0,0
1779914037510,-1395,15284,-4458,97,-357,296,walking,0.00,0,0,0,0,0
1779914037511,-1340,15166,-4372,66,-354,303,walking,0.00,0,0,0,0,0
1779914037538,-1181,15154,-4340,32,-348,308,walking,0.00,0,0,0,0,0
1779914037568,-1214,15217,-4380,-4,-342,304,walking,0.00,0,0,0,0,0
1779914037568,-1053,15315,-4370,-19,-328,301,walking,0.00,0,0,0,0,0
1779914037569,-952,15506,-4337,-17,-317,314,walking,0.00,0,0,0,0,0
1779914037573,-1043,15441,-4308,-27,-310,314,walking,0.00,0,0,0,0,0
1779914037574,-969,15348,-4391,-46,-298,312,walking,0.00,0,0,0,0,0
1779914037597,-832,15578,-4502,-57,-285,325,walking,0.00,0,0,0,0,0
1779914037598,-974,15677,-4516,-67,-278,331,walking,0.00,0,0,0,0,0
1779914037598,-960,15558,-4612,-78,-267,326,walking,0.00,0,0,0,0,0
1779914037627,-935,15523,-4613,-85,-256,331,walking,0.00,0,0,0,0,0
1779914037628,-866,15589,-4613,-93,-253,341,walking,0.00,0,0,0,0,0
1779914037629,-1005,15539,-4727,-104,-249,340,walking,0.00,0,0,0,0,0
1779914037662,-1082,15495,-4843,-111,-245,343,walking,0.00,0,0,0,0,0
1779914037663,-1081,15433,-4944,-111,-239,349,walking,0.00,0,0,0,0,0
1779914037664,-1088,15300,-4897,-119,-238,353,walking,0.00,0,0,0,0,0
1779914037692,-1010,15192,-4986,-135,-234,349,walking,0.00,0,0,0,0,0
1779914037693,-917,15185,-5031,-144,-234,344,walking,0.00,0,0,0,0,0
1779914037694,-1167,15102,-4960,-152,-241,327,walking,0.00,0,0,0,0,0
1779914037717,-804,15135,-4957,-171,-235,328,walking,0.00,0,0,0,0,0
1779914037718,-925,15441,-4957,-179,-248,338,walking,0.00,0,0,0,0,0
1779914037719,-1131,15540,-4952,-165,-252,323,walking,0.00,0,0,0,0,0
1779914037748,-634,15439,-4963,-133,-237,316,walking,0.00,0,0,0,0,0
1779914037749,-647,15338,-4838,-119,-241,317,walking,0.00,0,0,0,0,0
1779914037750,-732,15210,-4767,-133,-252,305,walking,0.00,0,0,0,0,0
1779914037778,-599,15186,-4724,-146,-257,288,walking,0.00,0,0,0,0,0
1779914037781,-504,15285,-4694,-151,-260,271,walking,0.00,0,0,0,0,0
1779914037782,-577,15312,-4617,-156,-265,258,walking,0.00,0,0,0,0,0
1779914037807,-581,15279,-4648,-149,-269,241,walking,0.00,0,0,0,0,0
1779914037809,-456,15323,-4542,-135,-268,225,walking,0.00,0,0,0,0,0
1779914037809,-455,15291,-4480,-133,-271,207,walking,0.00,0,0,0,0,0
1779914037841,-548,15243,-4393,-132,-272,193,walking,0.00,0,0,0,0,0
1779914037842,-391,15430,-4393,-127,-270,189,walking,0.00,0,0,0,0,0
1779914037843,-612,15320,-4338,-129,-277,170,walking,0.00,0,0,0,0,0
1779914037867,-538,15358,-4358,-147,-273,148,walking,0.00,0,0,0,0,0
1779914037868,-654,15603,-4323,-152,-275,140,walking,0.00,0,0,0,0,0
1779914037869,-720,15571,-4269,-155,-268,125,walking,0.00,0,0,0,0,0
1779914037900,-651,15592,-4245,-169,-264,119,walking,0.00,0,0,0,0,0
1779914037900,-751,15696,-4262,-188,-269,113,walking,0.00,0,0,0,0,0
1779914037901,-780,15870,-4246,-194,-273,109,walking,0.00,0,0,0,0,0
1779914037931,-821,15980,-4281,-189,-276,100,walking,0.00,0,0,0,0,0
1779914037931,-780,16024,-4344,-180,-271,88,walking,0.00,0,0,0,0,0
1779914037932,-794,16061,-4368,-164,-266,85,walking,0.00,0,0,0,0,0
1779914037958,-870,16035,-4445,-148,-263,88,walking,0.00,0,0,0,0,0
1779914037960,-932,15952,-4528,-147,-262,90,walking,0.00,0,0,0,0,0
1779914037961,-875,16091,-4536,-133,-261,95,walking,0.00,0,0,0,0,0
1779914037988,-875,16091,-4536,-133,-261,95,walking,0.00,0,0,0,0,0
1779914037989,-873,16069,-4682,-92,-244,100,walking,0.00,0,0,0,0,0
1779914037995,-928,16027,-4642,-64,-242,104,walking,0.00,0,0,0,0,0
1779914038017,-924,15878,-4653,-46,-237,106,walking,0.00,0,0,0,0,0
1779914038017,-900,15757,-4644,-44,-229,110,walking,0.00,0,0,0,0,0
1779914038018,-917,15751,-4657,-42,-220,113,walking,0.00,0,0,0,0,0
1779914038049,-906,15815,-4664,-42,-213,109,walking,0.00,0,0,0,0,0
1779914038050,-916,15858,-4620,-34,-206,105,walking,0.00,0,0,0,0,0
1779914038051,-1050,15861,-4557,-23,-195,105,walking,0.00,0,0,0,0,0
1779914038082,-1060,15710,-4644,-10,-182,110,walking,0.00,0,0,0,0,0
1779914038083,-1070,15559,-4605,-3,-169,114,walking,0.00,0,0,0,0,0
1779914038083,-1117,15491,-4601,1,-153,112,walking,0.00,0,0,0,0,0
1779914038108,-1051,15469,-4602,13,-131,119,walking,0.00,0,0,0,0,0
1779914038108,-1277,15354,-4545,5,-117,108,walking,0.00,0,0,0,0,0
1779914038109,-1171,15331,-4599,-26,-99,95,walking,0.00,0,0,0,0,0
1779914038140,-1221,15454,-4654,-45,-86,90,walking,0.00,0,0,0,0,0
1779914038141,-1256,15438,-4669,-51,-69,84,walking,0.00,0,0,0,0,0
1779914038142,-1220,15421,-4647,-54,-49,83,walking,0.00,0,0,0,0,0
1779914038169,-1286,15413,-4691,-56,-30,83,walking,0.00,0,0,0,0,0
1779914038174,-1360,15317,-4671,-42,-7,83,walking,0.00,0,0,0,0,0
1779914038175,-1292,15153,-4690,-27,17,81,walking,0.00,0,0,0,0,0
1779914038199,-1298,15049,-4681,-31,38,78,walking,0.00,0,0,0,0,0
1779914038227,-1320,15146,-4599,-50,60,66,walking,0.00,0,0,0,0,0
1779914038228,-1417,15385,-4689,-62,76,61,walking,0.00,0,0,0,0,0
1779914038229,-1419,15441,-4733,-52,91,56,walking,0.00,0,0,0,0,0
1779914038234,-1452,15465,-4646,-38,105,42,walking,0.00,0,0,0,0,0
1779914038235,-1439,15478,-4652,-46,114,36,walking,0.00,0,0,0,0,0
1779914038261,-1492,15435,-4735,-61,116,29,walking,0.00,0,0,0,0,0
1779914038262,-1413,15444,-4809,-69,124,12,walking,0.00,0,0,0,0,0
1779914038263,-1180,15533,-4856,-71,134,-1,walking,0.00,0,0,0,0,0
1779914038290,-1203,15461,-4872,-66,138,-19,walking,0.00,0,0,0,0,0
1779914038291,-1121,15375,-4918,-72,141,-39,walking,0.00,0,0,0,0,0
1779914038292,-989,15280,-4957,-81,145,-46,walking,0.00,0,0,0,0,0
1779914038316,-888,15232,-4874,-82,144,-52,walking,0.00,0,0,0,0,0
1779914038317,-745,15224,-4834,-86,142,-53,walking,0.00,0,0,0,0,0
1779914038317,-602,15163,-4949,-83,141,-55,walking,0.00,0,0,0,0,0
1779914038348,-499,15174,-4947,-73,146,-55,walking,0.00,0,0,0,0,0
1779914038350,-444,15218,-4929,-55,148,-62,walking,0.00,0,0,0,0,0
1779914038350,-375,15177,-4864,-40,154,-65,walking,0.00,0,0,0,0,0
1779914038382,-310,15193,-4822,-30,161,-64,walking,0.00,0,0,0,0,0
1779914038384,-310,15219,-4692,-19,169,-68,walking,0.00,0,0,0,0,0
1779914038385,-299,15203,-4602,-8,182,-65,walking,0.00,0,0,0,0,0
1779914038408,-125,15138,-4509,10,199,-59,walking,0.00,0,0,0,0,0
1779914038409,-89,14955,-4330,10,211,-66,walking,0.00,0,0,0,0,0
1779914038410,-80,15021,-4208,-9,224,-70,walking,0.00,0,0,0,0,0
1779914038440,17,15086,-4156,-21,240,-74,walking,0.00,0,0,0,0,0
1779914038441,37,15097,-4105,-35,255,-82,walking,0.00,0,0,0,0,0
1779914038442,-1,15184,-3955,-61,271,-94,walking,0.00,0,0,0,0,0
1779914038467,172,15426,-3842,-81,285,-103,walking,0.00,0,0,0,0,0
1779914038468,74,15475,-3806,-89,300,-111,walking,0.00,0,0,0,0,0
1779914038469,5,15460,-3824,-95,319,-118,walking,0.00,0,0,0,0,0
1779914038499,9,15443,-3802,-101,335,-119,walking,0.00,0,0,0,0,0
1779914038500,1,15380,-3758,-122,350,-123,walking,0.00,0,0,0,0,0
1779914038501,-36,15325,-3830,-158,364,-133,walking,0.00,0,0,0,0,0
1779914038531,-35,15328,-3950,-193,377,-140,walking,0.00,0,0,0,0,0
1779914038532,10,15400,-4034,-211,392,-144,walking,0.00,0,0,0,0,0
1779914038532,31,15353,-4109,-224,408,-150,walking,0.00,0,0,0,0,0
1779914038558,188,15367,-4169,-237,421,-155,walking,0.00,0,0,0,0,0
1779914038559,227,15352,-4248,-239,430,-160,walking,0.00,0,0,0,0,0
1779914038560,350,15243,-4322,-241,438,-168,walking,0.00,0,0,0,0,0
1779914038589,445,15228,-4363,-245,441,-168,walking,0.00,0,0,0,0,0
1779914038590,476,15277,-4442,-242,442,-171,walking,0.00,0,0,0,0,0
1779914038591,500,15086,-4428,-234,438,-185,walking,0.00,0,0,0,0,0
1779914038617,726,15058,-4491,-243,441,-197,walking,0.00,0,0,0,0,0
1779914038618,803,15352,-4526,-253,439,-198,walking,0.00,0,0,0,0,0
1779914038619,655,15450,-4543,-241,437,-208,walking,0.00,0,0,0,0,0
1779914038652,810,15446,-4515,-215,445,-220,walking,0.00,0,0,0,0,0
1779914038653,891,15350,-4464,-196,447,-227,walking,0.00,0,0,0,0,0
1779914038654,917,15422,-4447,-194,449,-243,walking,0.00,0,0,0,0,0
1779914038678,1009,15582,-4455,-185,454,-258,walking,0.00,0,0,0,0,0
1779914038709,955,15686,-4440,-159,455,-274,walking,0.00,0,0,0,0,0
1779914038716,914,15734,-4325,-131,458,-284,walking,0.00,0,0,0,0,0
1779914038717,930,15795,-4326,-116,463,-292,walking,0.00,0,0,0,0,0
1779914038718,816,15866,-4298,-117,464,-304,walking,0.00,0,0,0,0,0
1779914038718,685,15954,-4302,-130,462,-315,walking,0.00,0,0,0,0,0
1779914038739,597,16157,-4346,-134,464,-323,walking,0.00,0,0,0,0,0
1779914038740,510,16272,-4348,-123,464,-331,walking,0.00,0,0,0,0,0
1779914038740,454,16322,-4320,-111,462,-338,walking,0.00,0,0,0,0,0
1779914038768,344,16428,-4395,-100,467,-341,walking,0.00,0,0,0,0,0
1779914038769,242,16495,-4496,-77,472,-336,walking,0.00,0,0,0,0,0
1779914038770,140,16413,-4534,-50,477,-325,walking,0.00,0,0,0,0,0
1779914038799,21,16392,-4518,-35,477,-317,walking,0.00,0,0,0,0,0
1779914038801,-81,16394,-4583,-27,477,-303,walking,0.00,0,0,0,0,0
1779914038801,-107,16335,-4659,-11,484,-287,walking,0.00,0,0,0,0,0
1779914038831,-42,16359,-4595,8,489,-272,walking,0.00,0,0,0,0,0
1779914038832,-29,16490,-4518,10,494,-264,walking,0.00,0,0,0,0,0
1779914038833,18,16661,-4583,28,503,-249,walking,0.00,0,0,0,0,0
1779914038859,-15,16653,-4582,70,517,-233,walking,0.00,0,0,0,0,0
1779914038860,11,16521,-4429,108,532,-217,walking,0.00,0,0,0,0,0
1779914038861,65,16424,-4381,131,542,-208,walking,0.00,0,0,0,0,0
1779914038889,108,16426,-4287,147,555,-202,walking,0.00,0,0,0,0,0
1779914038890,115,16430,-4209,149,569,-203,walking,0.00,0,0,0,0,0
1779914038891,69,16509,-4217,151,580,-205,walking,0.00,0,0,0,0,0
1779914038924,20,16589,-4223,156,591,-201,walking,0.00,0,0,0,0,0
1779914038925,30,16561,-4229,172,607,-197,walking,0.00,0,0,0,0,0
1779914038926,23,16491,-4177,187,623,-194,walking,0.00,0,0,0,0,0
1779914038949,35,16428,-4191,198,640,-191,walking,0.00,0,0,0,0,0
1779914038950,59,16429,-4170,202,660,-193,walking,0.00,0,0,0,0,0
1779914038950,36,16553,-4165,201,680,-201,walking,0.00,0,0,0,0,0
1779914038985,-106,16711,-4126,196,696,-209,walking,0.00,0,0,0,0,0
1779914038986,-374,16699,-4105,199,715,-217,walking,0.00,0,0,0,0,0
1779914038987,-443,16748,-4075,201,736,-226,walking,0.00,0,0,0,0,0
1779914039008,-532,16873,-4037,185,750,-241,walking,0.00,0,0,0,0,0
1779914039010,-772,17117,-3980,162,760,-266,walking,0.00,0,0,0,0,0
1779914039011,-1065,17315,-4029,134,770,-299,walking,0.00,0,0,0,0,0
1779914039040,-1322,17358,-4109,110,771,-335,walking,0.00,0,0,0,0,0
1779914039041,-1489,17331,-4169,79,764,-366,walking,0.00,0,0,0,0,0
1779914039041,-1565,17188,-4334,34,754,-390,walking,0.00,0,0,0,0,0
1779914039067,-1625,16919,-4500,-4,736,-402,walking,0.00,0,0,0,0,0
1779914039068,-1688,16646,-4592,-31,716,-399,walking,0.00,0,0,0,0,0
1779914039068,-1610,16293,-4846,-51,701,-391,walking,0.00,0,0,0,0,0
1779914039101,-1584,15930,-5006,-46,690,-380,walking,0.00,0,0,0,0,0
1779914039107,-1504,15615,-5104,-16,684,-358,walking,0.00,0,0,0,0,0
1779914039108,-1548,14641,-5353,71,691,-293,walking,0.00,0,0,0,0,0
1779914039129,-1553,14295,-5239,116,698,-254,walking,0.00,0,0,0,0,0
1779914039129,-1662,14000,-5176,138,698,-211,walking,0.00,0,0,0,0,0
1779914039130,-1918,13767,-5087,162,699,-160,walking,0.00,0,0,0,0,0
1779914039158,-2069,13479,-5010,196,713,-102,walking,0.00,0,0,0,0,0
1779914039159,-2092,13108,-4932,238,734,-42,walking,0.00,0,0,0,0,0
1779914039160,-1949,12897,-4747,254,761,3,walking,0.00,0,0,0,0,0
1779914039187,-1844,13033,-4663,222,784,19,walking,0.00,0,0,0,0,0
1779914039188,-1916,13508,-4679,180,802,11,walking,0.00,0,0,0,0,0
1779914039188,-2182,14116,-4652,143,815,-9,walking,0.00,0,0,0,0,0
1779914039223,-2453,14611,-4666,111,822,-34,walking,0.00,0,0,0,0,0
1779914039223,-2625,14971,-4751,75,821,-55,walking,0.00,0,0,0,0,0
1779914039224,-2791,15099,-4969,32,807,-78,walking,0.00,0,0,0,0,0
1779914039251,-2932,14908,-5154,-4,796,-102,walking,0.00,0,0,0,0,0
1779914039251,-2809,14641,-5324,-46,788,-129,walking,0.00,0,0,0,0,0
1779914039252,-2572,14357,-5679,-113,769,-157,walking,0.00,0,0,0,0,0
1779914039281,-2405,14064,-6033,-165,749,-178,walking,0.00,0,0,0,0,0
1779914039282,-2222,13833,-6272,-185,730,-198,walking,0.00,0,0,0,0,0
1779914039283,-2006,13627,-6460,-190,711,-223,walking,0.00,0,0,0,0,0
1779914039307,-1708,13534,-6536,-192,696,-250,walking,0.00,0,0,0,0,0
1779914039308,-1433,13656,-6621,-185,683,-271,walking,0.00,0,0,0,0,0
1779914039308,-1293,13764,-6779,-164,666,-282,walking,0.00,0,0,0,0,0
1779914039340,-1051,13769,-6845,-120,646,-283,walking,0.00,0,0,0,0,0
1779914039341,-843,13691,-6705,-76,623,-281,walking,0.00,0,0,0,0,0
1779914039342,-611,13607,-6588,-55,600,-280,walking,0.00,0,0,0,0,0
1779914039366,-518,13541,-6559,-45,577,-273,walking,0.00,0,0,0,0,0
1779914039367,-427,13571,-6474,-39,559,-265,walking,0.00,0,0,0,0,0
1779914039367,-388,13669,-6411,-32,544,-258,walking,0.00,0,0,0,0,0
1779914039398,-329,13771,-6344,-19,533,-250,walking,0.00,0,0,0,0,0
1779914039398,-287,13921,-6218,-7,524,-242,walking,0.00,0,0,0,0,0
1779914039399,-304,13990,-6110,-7,513,-241,walking,0.00,0,0,0,0,0
1779914039430,-263,13997,-6084,-9,498,-246,walking,0.00,0,0,0,0,0
1779914039432,-270,13926,-6017,-24,479,-251,walking,0.00,0,0,0,0,0
1779914039434,-323,13962,-6037,-64,455,-259,walking,0.00,0,0,0,0,0
1779914039457,-287,14017,-6137,-118,432,-258,walking,0.00,0,0,0,0,0
1779914039457,-238,14123,-6207,-165,411,-245,walking,0.00,0,0,0,0,0
1779914039458,-180,14321,-6373,-196,391,-224,walking,0.00,0,0,0,0,0
1779914039489,-6,14311,-6529,-199,376,-200,walking,0.00,0,0,0,0,0
1779914039489,184,14124,-6575,-189,360,-169,walking,0.00,0,0,0,0,0
1779914039490,327,13892,-6579,-190,336,-132,walking,0.00,0,0,0,0,0
1779914039517,468,13833,-6658,-205,307,-90,walking,0.00,0,0,0,0,0
1779914039518,711,13903,-6668,-219,283,-46,walking,0.00,0,0,0,0,0
1779914039519,782,14131,-6636,-246,253,-1,walking,0.00,0,0,0,0,0
1779914039547,714,14627,-6563,-262,221,48,walking,0.00,0,0,0,0,0
1779914039547,494,15201,-6373,-248,192,98,walking,0.00,0,0,0,0,0
1779914039548,358,15525,-6165,-216,169,146,walking,0.00,0,0,0,0,0
1779914039578,190,15583,-5899,-185,141,193,walking,0.00,0,0,0,0,0
1779914039580,10,15502,-5710,-197,105,242,walking,0.00,0,0,0,0,0
1779914039581,-388,15666,-5472,-239,68,294,walking,0.00,0,0,0,0,0
1779914039608,-385,16186,-5321,-281,53,318,walking,0.00,0,0,0,0,0
1779914039609,-674,16806,-5265,-306,35,326,walking,0.00,0,0,0,0,0
1779914039610,-993,17318,-5186,-281,30,329,walking,0.00,0,0,0,0,0
1779914039643,-1143,17389,-4965,-256,26,330,walking,0.00,0,0,0,0,0
1779914039667,-1529,17447,-4828,-278,8,313,walking,0.00,0,0,0,0,0
1779914039672,-1482,17566,-4719,-295,-6,308,walking,0.00,0,0,0,0,0
1779914039673,-1382,17716,-4732,-322,-26,308,walking,0.00,0,0,0,0,0
1779914039674,-1564,18058,-4694,-341,-47,290,walking,0.00,0,0,0,0,0
1779914039675,-1422,18607,-4609,-341,-44,267,walking,0.00,0,0,0,0,0
1779914039698,-1360,18858,-4591,-332,-34,238,walking,0.00,0,0,0,0,0
1779914039699,-1726,18881,-4585,-347,-39,200,walking,0.00,0,0,0,0,0
1779914039700,-1897,18558,-4648,-335,-49,183,walking,0.00,0,0,0,0,0
1779914039729,-1747,17703,-4630,-280,-70,194,walking,0.00,0,0,0,0,0
1779914039732,-1376,16225,-4512,-220,-103,204,walking,0.00,0,0,0,0,0
1779914039733,-835,14935,-4492,-201,-130,220,walking,0.00,0,0,0,0,0
1779914039757,-381,14277,-4455,-220,-153,226,walking,0.00,0,0,0,0,0
1779914039758,-97,14296,-4418,-232,-169,219,walking,0.00,0,0,0,0,0
1779914039758,18,14780,-4326,-189,-161,212,walking,0.00,0,0,0,0,0
1779914039786,30,15394,-4089,-86,-136,212,walking,0.00,0,0,0,0,0
1779914039788,13,15965,-3807,45,-106,222,walking,0.00,0,0,0,0,0
1779914039789,-55,16440,-3448,172,-84,224,walking,0.00,0,0,0,0,0
1779914039821,-244,16814,-3018,271,-72,213,walking,0.00,0,0,0,0,0
1779914039822,-501,17002,-2731,333,-63,189,walking,0.00,0,0,0,0,0
1779914039823,-769,16969,-2510,360,-54,160,walking,0.00,0,0,0,0,0
1779914039848,-1089,16901,-2319,350,-50,124,walking,0.00,0,0,0,0,0
1779914039849,-1493,16840,-2089,294,-50,89,walking,0.00,0,0,0,0,0
1779914039850,-1738,16762,-2091,215,-46,71,walking,0.00,0,0,0,0,0
1779914039880,-1858,16596,-2121,152,-47,69,walking,0.00,0,0,0,0,0
1779914039881,-1896,16215,-2178,103,-47,62,walking,0.00,0,0,0,0,0
1779914039882,-1724,15806,-2250,50,-42,43,walking,0.00,0,0,0,0,0
1779914039910,-1549,15568,-2358,-11,-34,21,walking,0.00,0,0,0,0,0
1779914039912,-1471,15501,-2556,-74,-21,3,walking,0.00,0,0,0,0,0
1779914039913,-1358,15543,-2861,-103,-2,-2,walking,0.00,0,0,0,0,0
1779914039938,-1003,15437,-3061,-100,15,-1,walking,0.00,0,0,0,0,0
1779914039939,-443,15608,-3191,-89,34,44,walking,0.00,0,0,0,0,0
1779914039940,-334,15214,-3284,-70,30,33,walking,0.00,0,0,0,0,0
1779914039966,-41,15092,-3267,-58,31,31,walking,0.00,0,0,0,0,0
1779914039967,358,15078,-3398,-43,38,65,walking,0.00,0,0,0,0,0
1779914039968,469,14907,-3334,9,37,84,walking,0.00,0,0,0,0,0
1779914039997,508,14689,-3298,42,43,93,walking,0.00,0,0,0,0,0
1779914040000,596,14491,-3262,72,55,108,walking,0.00,0,0,0,0,0
1779914040000,629,14353,-3154,100,69,108,walking,0.00,0,0,0,0,0
1779914040034,643,14229,-3007,110,84,99,walking,0.00,0,0,0,0,0
1779914040035,723,14240,-3006,113,99,94,walking,0.00,0,0,0,0,0
1779914040035,661,14305,-2958,114,111,83,walking,0.00,0,0,0,0,0
1779914040059,633,14273,-2835,114,121,67,walking,0.00,0,0,0,0,0
1779914040062,718,14222,-2842,109,134,51,walking,0.00,0,0,0,0,0
1779914040063,738,14296,-2827,90,139,29,walking,0.00,0,0,0,0,0
1779914040088,699,14535,-2928,75,148,-6,walking,0.00,0,0,0,0,0
1779914040092,819,14705,-3080,74,167,-39,walking,0.00,0,0,0,0,0
1779914040094,835,14677,-3197,75,179,-61,walking,0.00,0,0,0,0,0
1779914040122,892,14625,-3310,62,179,-82,walking,0.00,0,0,0,0,0
1779914040123,1023,14794,-3481,32,179,-100,walking,0.00,0,0,0,0,0
1779914040128,1124,14945,-3648,22,181,-123,walking,0.00,0,0,0,0,0
1779914040146,1192,15121,-3656,32,187,-141,walking,0.00,0,0,0,0,0
1779914040148,1260,15207,-3751,24,190,-151,walking,0.00,0,0,0,0,0
1779914040154,1203,15384,-3830,9,192,-159,walking,0.00,0,0,0,0,0
1779914040176,1092,15744,-3915,6,191,-157,walking,0.00,0,0,0,0,0
1779914040177,1037,15960,-3995,18,192,-155,walking,0.00,0,0,0,0,0
1779914040177,870,16058,-4073,46,195,-147,walking,0.00,0,0,0,0,0
1779914040207,710,15981,-4127,76,195,-132,walking,0.00,0,0,0,0,0
1779914040208,615,15890,-4147,88,194,-117,walking,0.00,0,0,0,0,0
1779914040209,473,15957,-4167,89,195,-101,walking,0.00,0,0,0,0,0
1779914040242,300,16149,-4217,91,199,-89,walking,0.00,0,0,0,0,0
1779914040243,125,16361,-4247,102,213,-79,walking,0.00,0,0,0,0,0
1779914040243,-137,16722,-4219,140,249,-76,walking,0.00,0,0,0,0,0
1779914040272,-347,16860,-4206,150,263,-81,walking,0.00,0,0,0,0,0
1779914040272,-490,16987,-4197,155,279,-88,walking,0.00,0,0,0,0,0
1779914040273,-584,17065,-4165,156,295,-95,walking,0.00,0,0,0,0,0
1779914040298,-676,17059,-4130,153,309,-102,walking,0.00,0,0,0,0,0
1779914040299,-758,17021,-4176,151,325,-108,walking,0.00,0,0,0,0,0
1779914040300,-770,16938,-4230,148,348,-120,walking,0.00,0,0,0,0,0
1779914040329,-797,16889,-4256,155,374,-132,walking,0.00,0,0,0,0,0
1779914040330,-859,16837,-4360,162,404,-150,walking,0.00,0,0,0,0,0
1779914040331,-931,16893,-4298,174,441,-179,walking,0.00,0,0,0,0,0
1779914040358,-1012,16990,-4295,178,481,-208,walking,0.00,0,0,0,0,0
1779914040367,-1114,17075,-4279,194,524,-230,walking,0.00,0,0,0,0,0
1779914040368,-1204,16944,-4280,213,567,-247,walking,0.00,0,0,0,0,0
1779914040389,-1156,16727,-4240,211,608,-264,walking,0.00,0,0,0,0,0
1779914040389,-1028,16750,-4053,171,649,-287,walking,0.00,0,0,0,0,0
1779914040390,-950,17289,-3864,103,691,-323,walking,0.00,0,0,0,0,0
1779914040420,-1082,18067,-3968,33,734,-375,walking,0.00,0,0,0,0,0
1779914040421,-1443,18692,-4057,0,772,-432,walking,0.00,0,0,0,0,0
1779914040422,-1841,18712,-4039,2,794,-478,walking,0.00,0,0,0,0,0
1779914040447,-2107,18015,-4104,-12,793,-482,walking,0.00,0,0,0,0,0
1779914040448,-2168,16872,-4450,-57,771,-427,walking,0.00,0,0,0,0,0
1779914040449,-2037,15493,-4909,-106,730,-330,walking,0.00,0,0,0,0,0
1779914040480,-1744,13849,-5330,-139,688,-236,walking,0.00,0,0,0,0,0
1779914040480,-1274,12481,-5580,-165,661,-166,walking,0.00,0,0,0,0,0
1779914040481,-757,12261,-5606,-235,645,-120,walking,0.00,0,0,0,0,0
1779914040511,-541,13156,-5923,-298,642,-86,walking,0.00,0,0,0,0,0
1779914040512,-1022,14545,-6237,-247,659,-52,walking,0.00,0,0,0,0,0
1779914040513,-2003,15680,-6202,-80,699,-20,walking,0.00,0,0,0,0,0
1779914040537,-2609,16166,-5863,107,736,10,walking,0.00,0,0,0,0,0
1779914040538,-2707,16206,-5470,244,752,37,walking,0.00,0,0,0,0,0
1779914040539,-2883,15717,-5201,295,751,59,walking,0.00,0,0,0,0,0
1779914040567,-3085,15096,-4874,256,739,62,walking,0.00,0,0,0,0,0
1779914040568,-3044,14809,-4639,144,721,57,walking,0.00,0,0,0,0,0
1779914040568,-3062,14807,-4594,23,702,37,walking,0.00,0,0,0,0,0
1779914040598,-3013,14937,-4514,-49,700,10,walking,0.00,0,0,0,0,0
1779914040599,-2801,15044,-4471,-65,722,-22,walking,0.00,0,0,0,0,0
1779914040600,-2570,14862,-4568,-33,752,-53,walking,0.00,0,0,0,0,0
1779914040633,-2127,14439,-4703,17,783,-90,walking,0.00,0,0,0,0,0
1779914040634,-1612,13848,-4831,29,800,-130,walking,0.00,0,0,0,0,0
1779914040634,-1156,13412,-4896,-2,803,-169,walking,0.00,0,0,0,0,0
1779914040662,-740,13282,-4964,-62,792,-201,walking,0.00,0,0,0,0,0
1779914040663,-547,13395,-5033,-125,776,-220,walking,0.00,0,0,0,0,0
1779914040664,-326,13657,-5078,-160,767,-235,walking,0.00,0,0,0,0,0
1779914040687,-148,13847,-5062,-157,764,-250,walking,0.00,0,0,0,0,0
1779914040720,103,14001,-5027,-133,765,-259,walking,0.00,0,0,0,0,0
1779914040721,225,13933,-5046,-99,769,-265,walking,0.00,0,0,0,0,0
1779914040722,438,13861,-5054,-71,775,-277,walking,0.00,0,0,0,0,0
1779914040723,590,13796,-5078,-65,776,-292,walking,0.00,0,0,0,0,0
1779914040724,773,13772,-5190,-75,772,-309,walking,0.00,0,0,0,0,0
1779914040748,1024,14017,-5221,-67,767,-324,walking,0.00,0,0,0,0,0
1779914040751,1133,13887,-5281,-55,753,-330,walking,0.00,0,0,0,0,0
1779914040751,1241,13665,-5391,-63,727,-342,walking,0.00,0,0,0,0,0
1779914040779,1414,13689,-5467,-69,703,-353,walking,0.00,0,0,0,0,0
1779914040780,1502,13742,-5610,-93,671,-353,walking,0.00,0,0,0,0,0
1779914040808,1547,13847,-5750,-110,638,-356,walking,0.00,0,0,0,0,0
1779914040811,1595,14106,-5768,-108,612,-360,walking,0.00,0,0,0,0,0
1779914040812,1655,14252,-5866,-85,585,-350,walking,0.00,0,0,0,0,0
1779914040813,1561,14184,-5925,-43,555,-335,walking,0.00,0,0,0,0,0
1779914040839,1591,13896,-5883,-20,523,-314,walking,0.00,0,0,0,0,0
1779914040840,1684,13710,-5847,-22,486,-290,walking,0.00,0,0,0,0,0
1779914040845,1736,13702,-5816,-39,452,-255,walking,0.00,0,0,0,0,0
1779914040871,1713,13840,-5701,-54,424,-221,walking,0.00,0,0,0,0,0
1779914040872,1701,14080,-5584,-62,403,-190,walking,0.00,0,0,0,0,0
1779914040873,1640,14459,-5450,-51,389,-154,walking,0.00,0,0,0,0,0
1779914040899,1639,14492,-5188,-47,380,-120,walking,0.00,0,0,0,0,0
1779914040900,1373,14892,-5059,-72,365,-82,walking,0.00,0,0,0,0,0
1779914040901,1116,15547,-4986,-54,362,-40,walking,0.00,0,0,0,0,0
1779914040929,1073,15647,-4812,-15,372,-20,walking,0.00,0,0,0,0,0
1779914040930,864,15562,-4598,-24,368,-2,walking,0.00,0,0,0,0,0
1779914040931,545,15739,-4560,-73,355,23,walking,0.00,0,0,0,0,0
1779914040965,273,15806,-4575,-111,351,46,walking,0.00,0,0,0,0,0
1779914040966,229,15559,-4518,-148,352,77,walking,0.00,0,0,0,0,0
1779914040967,307,15235,-4429,-210,346,100,walking,0.00,0,0,0,0,0
1779914040988,134,15087,-4346,-313,317,105,walking,0.00,0,0,0,0,0
1779914040990,129,15275,-4430,-413,289,101,walking,0.00,0,0,0,0,0
1779914040991,381,15642,-4542,-448,278,104,walking,0.00,0,0,0,0,0
1779914041019,699,16140,-4520,-436,273,124,walking,0.00,0,0,0,0,0
1779914041020,623,16516,-4413,-441,249,113,walking,0.00,0,0,0,0,0
1779914041021,490,17127,-4408,-470,221,67,walking,0.00,0,0,0,0,0
1779914041056,490,17818,-4394,-470,196,37,walking,0.00,0,0,0,0,0
1779914041056,429,18368,-4358,-454,168,9,walking,0.00,0,0,0,0,0
1779914041057,446,18868,-4175,-467,144,-28,walking,0.00,0,0,0,0,0
1779914041077,360,19774,-4200,-508,122,-88,walking,0.00,0,0,0,0,0
1779914041077,57,20735,-4268,-523,97,-159,walking,0.00,0,0,0,0,0
1779914041078,-667,20730,-4282,-477,65,-198,walking,0.00,0,0,0,0,0
1779914041110,-1217,19717,-4377,-368,40,-170,walking,0.00,0,0,0,0,0
1779914041110,-1074,17865,-4511,-243,20,-94,walking,0.00,0,0,0,0,0
1779914041118,-516,15567,-4544,-164,-6,-18,walking,0.00,0,0,0,0,0
1779914041136,2,13863,-4417,-156,-32,15,walking,0.00,0,0,0,0,0
1779914041139,579,13569,-4283,-203,-48,18,walking,0.00,0,0,0,0,0
1779914041139,789,14516,-4422,-236,-58,28,walking,0.00,0,0,0,0,0
1779914041170,462,15766,-4531,-151,-39,50,walking,0.00,0,0,0,0,0
1779914041171,-73,16646,-4307,47,9,69,walking,0.00,0,0,0,0,0
1779914041171,-333,16785,-3723,260,54,90,walking,0.00,0,0,0,0,0
1779914041200,-390,16710,-3117,378,64,119,walking,0.00,0,0,0,0,0
1779914041201,-627,16695,-2720,396,54,137,walking,0.00,0,0,0,0,0
1779914041202,-1047,16664,-2531,349,45,139,walking,0.00,0,0,0,0,0
1779914041228,-1356,16717,-2351,272,37,130,walking,0.00,0,0,0,0,0
1779914041228,-1627,16976,-2188,186,35,116,walking,0.00,0,0,0,0,0
1779914041229,-1886,17344,-2124,130,51,105,walking,0.00,0,0,0,0,0
1779914041260,-2137,17371,-2155,114,80,95,walking,0.00,0,0,0,0,0
1779914041260,-2377,17147,-2279,112,111,87,walking,0.00,0,0,0,0,0
1779914041261,-2572,16628,-2498,102,135,78,walking,0.00,0,0,0,0,0
1779914041287,-2421,15967,-2850,81,149,73,walking,0.00,0,0,0,0,0
1779914041288,-2261,15299,-3135,40,145,57,walking,0.00,0,0,0,0,0
1779914041289,-2001,14729,-3466,-26,139,31,walking,0.00,0,0,0,0,0
1779914041318,-1698,14501,-3762,-93,139,23,walking,0.00,0,0,0,0,0
1779914041319,-1488,14449,-3922,-133,141,42,walking,0.00,0,0,0,0,0
1779914041320,-1242,14569,-4035,-146,146,65,walking,0.00,0,0,0,0,0
1779914041346,-977,14726,-4107,-100,158,82,walking,0.00,0,0,0,0,0
1779914041347,-620,14566,-4026,-18,183,93,walking,0.00,0,0,0,0,0
1779914041348,-300,14467,-3855,49,212,117,walking,0.00,0,0,0,0,0
1779914041377,-144,14289,-3750,99,235,126,walking,0.00,0,0,0,0,0
1779914041378,-45,13985,-3633,132,259,138,walking,0.00,0,0,0,0,0
1779914041379,137,13891,-3236,125,313,136,walking,0.00,0,0,0,0,0
1779914041406,185,13959,-3126,115,334,126,walking,0.00,0,0,0,0,0
1779914041410,115,14087,-3071,123,363,118,walking,0.00,0,0,0,0,0
1779914041411,36,14156,-2922,125,395,100,walking,0.00,0,0,0,0,0
1779914041439,32,14297,-2943,117,427,74,walking,0.00,0,0,0,0,0
1779914041440,-98,14473,-2922,112,462,52,walking,0.00,0,0,0,0,0
1779914041444,-226,14717,-2912,100,493,26,walking,0.00,0,0,0,0,0
1779914041468,-364,14844,-2946,84,522,-7,walking,0.00,0,0,0,0,0
1779914041468,-490,14997,-2904,62,557,-41,walking,0.00,0,0,0,0,0
1779914041468,-565,15139,-2968,38,590,-74,walking,0.00,0,0,0,0,0
1779914041499,-640,15281,-3036,22,623,-103,walking,0.00,0,0,0,0,0
1779914041500,-752,15418,-3132,6,652,-125,walking,0.00,0,0,0,0,0
1779914041504,-910,15556,-3167,-4,675,-141,walking,0.00,0,0,0,0,0
1779914041527,-982,15730,-3203,-7,700,-157,walking,0.00,0,0,0,0,0
1779914041527,-1074,15996,-3252,-1,727,-175,walking,0.00,0,0,0,0,0
1779914041528,-1241,16402,-3379,16,759,-196,walking,0.00,0,0,0,0,0
1779914041556,-1418,16737,-3465,48,796,-221,walking,0.00,0,0,0,0,0
1779914041556,-1615,16911,-3565,85,831,-243,walking,0.00,0,0,0,0,0
1779914041560,-1816,16959,-3567,116,865,-262,walking,0.00,0,0,0,0,0
1779914041588,-1865,16985,-3536,132,894,-286,walking,0.00,0,0,0,0,0
1779914041589,-1905,16987,-3581,129,920,-319,walking,0.00,0,0,0,0,0
1779914041590,-1958,17079,-3600,122,946,-354,walking,0.00,0,0,0,0,0
1779914041621,-2037,17068,-3648,121,972,-386,walking,0.00,0,0,0,0,0
1779914041622,-2050,16793,-3749,131,997,-405,walking,0.00,0,0,0,0,0
1779914041623,-1934,16584,-3730,145,1024,-422,walking,0.00,0,0,0,0,0
1779914041652,-1679,16756,-3628,138,1060,-443,walking,0.00,0,0,0,0,0
1779914041653,-1330,17509,-3486,120,1108,-493,walking,0.00,0,0,0,0,0
1779914041653,-1233,18907,-3243,90,1167,-582,walking,0.00,0,0,0,0,0
1779914041678,-1527,20302,-3402,60,1222,-709,walking,0.00,0,0,0,0,0
1779914041679,-2341,20972,-3355,87,1269,-846,walking,0.00,0,0,0,0,0
1779914041680,-2973,20775,-3071,96,1299,-924,walking,0.00,0,0,0,0,0
1779914041710,-3311,19545,-3148,14,1275,-909,walking,0.00,0,0,0,0,0
1779914041710,-3364,18079,-3413,-123,1213,-822,walking,0.00,0,0,0,0,0
1779914041711,-3006,16582,-3848,-259,1153,-730,walking,0.00,0,0,0,0,0
1779914041738,-2255,14747,-4600,-313,1125,-651,walking,0.00,0,0,0,0,0
1779914041739,-1553,12879,-4845,-282,1122,-583,walking,0.00,0,0,0,0,0
1779914041739,-847,11502,-5132,-277,1127,-528,walking,0.00,0,0,0,0,0
1779914041769,-469,11068,-5574,-309,1135,-483,walking,0.00,0,0,0,0,0
1779914041769,-434,11952,-5955,-327,1161,-435,walking,0.00,0,0,0,0,0
1779914041770,-639,13616,-6112,-288,1195,-372,walking,0.00,0,0,0,0,0
1779914041797,-1565,15075,-5902,-162,1224,-312,walking,0.00,0,0,0,0,0
1779914041801,-2350,16267,-5450,8,1265,-276,walking,0.00,0,0,0,0,0
1779914041802,-2563,16403,-5115,151,1305,-239,walking,0.00,0,0,0,0,0
1779914041827,-3187,16293,-4732,204,1330,-199,walking,0.00,0,0,0,0,0
1779914041859,-3679,16352,-4359,190,1368,-200,walking,0.00,0,0,0,0,0
1779914041860,-3717,16293,-4088,155,1411,-227,walking,0.00,0,0,0,0,0
1779914041862,-3500,15873,-4048,101,1445,-266,walking,0.00,0,0,0,0,0
1779914041862,-3142,15410,-4218,32,1473,-301,walking,0.00,0,0,0,0,0
1779914041863,-2638,14949,-4420,-31,1496,-334,walking,0.00,0,0,0,0,0
1779914041888,-2047,14602,-4666,-94,1515,-383,walking,0.00,0,0,0,0,0
1779914041889,-1307,14551,-4976,-143,1525,-436,walking,0.00,0,0,0,0,0
1779914041892,-634,14464,-5257,-166,1515,-493,walking,0.00,0,0,0,0,0
1779914041921,-339,14464,-5434,-168,1484,-548,walking,0.00,0,0,0,0,0
1779914041921,104,14351,-5533,-195,1442,-596,walking,0.00,0,0,0,0,0
1779914041922,364,14657,-5786,-227,1390,-611,walking,0.00,0,0,0,0,0
1779914041947,565,14749,-5846,-208,1336,-608,walking,0.00,0,0,0,0,0
1779914041947,535,14695,-5811,-151,1300,-596,walking,0.00,0,0,0,0,0
1779914041948,763,14230,-5665,-84,1270,-589,walking,0.00,0,0,0,0,0
1779914041979,1186,13922,-5609,-86,1239,-582,walking,0.00,0,0,0,0,0
1779914041980,1131,14249,-5587,-86,1217,-555,walking,0.00,0,0,0,0,0
1779914041980,1263,14432,-5442,-45,1220,-514,walking,0.00,0,0,0,0,0
1779914042009,1273,14708,-5252,1,1214,-474,walking,0.00,0,0,0,0,0
1779914042010,1172,15137,-5175,64,1217,-436,walking,0.00,0,0,0,0,0
1779914042011,1138,15191,-5034,153,1220,-392,walking,0.00,0,0,0,0,0
1779914042037,1018,14630,-4919,209,1212,-375,walking,0.00,0,0,0,0,0
1779914042038,1024,14158,-4744,178,1190,-363,walking,0.00,0,0,0,0,0
1779914042039,1019,14050,-4691,86,1143,-350,walking,0.00,0,0,0,0,0
1779914042069,1015,14049,-4753,-1,1097,-347,walking,0.00,0,0,0,0,0
1779914042070,1093,13923,-4871,-65,1061,-334,walking,0.00,0,0,0,0,0
1779914042070,1307,13898,-4903,-96,1029,-307,walking,0.00,0,0,0,0,0
1779914042097,1330,13959,-4903,-103,997,-276,walking,0.00,0,0,0,0,0
1779914042128,1568,13620,-4972,-77,982,-242,walking,0.00,0,0,0,0,0
1779914042129,1691,13142,-4853,-83,955,-202,walking,0.00,0,0,0,0,0
1779914042130,1543,13097,-4839,-166,910,-167,walking,0.00,0,0,0,0,0
1779914042131,1404,13741,-4901,-242,872,-132,walking,0.00,0,0,0,0,0
1779914042131,1355,14346,-4877,-241,848,-95,walking,0.00,0,0,0,0,0
1779914042159,1071,14573,-4637,-203,824,-50,walking,0.00,0,0,0,0,0
1779914042159,796,14845,-4546,-184,799,-11,walking,0.00,0,0,0,0,0
1779914042160,623,14987,-4392,-172,774,12,walking,0.00,0,0,0,0,0
1779914042189,238,14898,-4297,-177,740,39,walking,0.00,0,0,0,0,0
1779914042190,-196,14769,-4127,-211,697,56,walking,0.00,0,0,0,0,0
1779914042194,-464,14778,-4021,-277,646,59,walking,0.00,0,0,0,0,0
1779914042218,-578,15260,-3940,-345,601,61,walking,0.00,0,0,0,0,0
1779914042219,-657,16128,-3714,-400,572,50,walking,0.00,0,0,0,0,0
1779914042219,-798,17244,-3598,-448,555,19,walking,0.00,0,0,0,0,0
1779914042251,-1096,18587,-3445,-462,545,-34,walking,0.00,0,0,0,0,0
1779914042253,-1551,19973,-3254,-449,546,-109,walking,0.00,0,0,0,0,0
1779914042253,-2261,20944,-3167,-419,547,-179,walking,0.00,0,0,0,0,0
1779914042277,-3034,20813,-3103,-350,535,-200,walking,0.00,0,0,0,0,0
1779914042278,-3298,19360,-3111,-269,511,-164,walking,0.00,0,0,0,0,0
1779914042279,-2941,17253,-3115,-241,465,-108,walking,0.00,0,0,0,0,0
1779914042310,-2092,15321,-3295,-290,413,-74,walking,0.00,0,0,0,0,0
1779914042310,-1448,13997,-3556,-359,373,-69,walking,0.00,0,0,0,0,0
1779914042311,-1040,13757,-3508,-431,357,-89,walking,0.00,0,0,0,0,0
1779914042337,-719,14448,-3744,-471,366,-101,walking,0.00,0,0,0,0,0
1779914042338,-989,15535,-3838,-396,400,-80,walking,0.00,0,0,0,0,0
1779914042339,-1370,16531,-3684,-238,460,-65,walking,0.00,0,0,0,0,0
1779914042368,-1529,16860,-3341,-65,516,-65,walking,0.00,0,0,0,0,0
1779914042371,-1629,16911,-3007,56,541,-59,walking,0.00,0,0,0,0,0
1779914042371,-1763,16806,-2659,116,554,-55,walking,0.00,0,0,0,0,0
1779914042401,-1854,16750,-2338,120,560,-60,walking,0.00,0,0,0,0,0
1779914042402,-2037,16866,-2061,68,560,-72,walking,0.00,0,0,0,0,0
1779914042403,-2330,17070,-1892,0,565,-91,walking,0.00,0,0,0,0,0
1779914042427,-2658,17271,-1814,-34,581,-112,walking,0.00,0,0,0,0,0
1779914042428,-2868,17295,-1855,-43,606,-139,walking,0.00,0,0,0,0,0
1779914042429,-3112,17153,-1918,-52,635,-162,walking,0.00,0,0,0,0,0
1779914042458,-3413,17097,-2009,-60,665,-178,walking,0.00,0,0,0,0,0
1779914042459,-3656,16938,-2234,-72,683,-187,walking,0.00,0,0,0,0,0
1779914042460,-3821,16445,-2439,-78,688,-192,walking,0.00,0,0,0,0,0
1779914042496,-3797,15768,-2704,-99,692,-190,walking,0.00,0,0,0,0,0
1779914042497,-3510,15181,-2828,-150,697,-193,walking,0.00,0,0,0,0,0
1779914042498,-2991,15148,-2957,-288,716,-199,walking,0.00,0,0,0,0,0
1779914042517,-2991,15148,-2957,-288,716,-199,walking,0.00,0,0,0,0,0
1779914042517,-2788,15880,-2934,-257,787,-186,walking,0.00,0,0,0,0,0
1779914042518,-2697,16097,-2765,-173,842,-164,walking,0.00,0,0,0,0,0
1779914042547,-2535,16082,-2510,-92,890,-140,walking,0.00,0,0,0,0,0
1779914042547,-2402,15808,-2225,-47,927,-141,walking,0.00,0,0,0,0,0
1779914042548,-2253,15585,-2058,-28,962,-157,walking,0.00,0,0,0,0,0
1779914042578,-2175,15658,-1879,-32,993,-167,walking,0.00,0,0,0,0,0
1779914042579,-2170,15824,-1759,-26,1019,-178,walking,0.00,0,0,0,0,0
1779914042579,-2061,15568,-1676,-15,1038,-199,walking,0.00,0,0,0,0,0
1779914042611,-2087,15363,-1669,-36,1055,-223,walking,0.00,0,0,0,0,0
1779914042612,-1808,15427,-1721,-46,1086,-239,walking,0.00,0,0,0,0,0
1779914042613,-2056,15307,-1658,-50,1102,-271,walking,0.00,0,0,0,0,0
1779914042637,-2023,15226,-1613,-80,1125,-317,walking,0.00,0,0,0,0,0
1779914042637,-1824,15581,-1583,-105,1143,-340,walking,0.00,0,0,0,0,0
1779914042638,-2018,15935,-1555,-128,1156,-365,walking,0.00,0,0,0,0,0
1779914042669,-2103,16350,-1645,-128,1181,-379,walking,0.00,0,0,0,0,0
1779914042670,-2205,16613,-1677,-87,1206,-382,walking,0.00,0,0,0,0,0
1779914042670,-2191,16552,-1638,-31,1234,-383,walking,0.00,0,0,0,0,0
1779914042701,-2153,16523,-1687,11,1263,-367,walking,0.00,0,0,0,0,0
1779914042701,-2240,16499,-1709,28,1287,-358,walking,0.00,0,0,0,0,0
1779914042702,-2236,16565,-1650,25,1310,-358,walking,0.00,0,0,0,0,0
1779914042727,-2227,16744,-1638,20,1326,-353,walking,0.00,0,0,0,0,0
1779914042728,-2219,16947,-1582,21,1345,-351,walking,0.00,0,0,0,0,0
1779914042729,-2308,17155,-1550,24,1365,-354,walking,0.00,0,0,0,0,0
1779914042759,-2353,17406,-1550,31,1392,-354,walking,0.00,0,0,0,0,0
1779914042760,-2432,17447,-1522,38,1416,-351,walking,0.00,0,0,0,0,0
1779914042760,-2480,17198,-1579,29,1440,-355,walking,0.00,0,0,0,0,0
1779914042792,-2253,16895,-1695,6,1461,-352,walking,0.00,0,0,0,0,0
1779914042793,-2172,16349,-1777,-42,1468,-360,walking,0.00,0,0,0,0,0
1779914042794,-1616,16190,-1899,-108,1474,-366,walking,0.00,0,0,0,0,0
1779914042819,-1404,16134,-1968,-162,1468,-383,walking,0.00,0,0,0,0,0
1779914042821,-1230,16055,-2186,-205,1471,-394,walking,0.00,0,0,0,0,0
1779914042821,-955,16052,-2422,-215,1464,-383,walking,0.00,0,0,0,0,0
1779914042846,-855,15751,-2551,-199,1447,-372,walking,0.00,0,0,0,0,0
1779914042847,-514,15394,-2702,-205,1426,-357,walking,0.00,0,0,0,0,0
1779914042856,-268,15221,-2823,-213,1396,-348,walking,0.00,0,0,0,0,0
1779914042880,-116,15195,-2925,-213,1365,-341,walking,0.00,0,0,0,0,0
1779914042884,-19,15202,-3128,-210,1329,-324,walking,0.00,0,0,0,0,0
1779914042885,-141,15232,-3250,-198,1289,-307,walking,0.00,0,0,0,0,0
1779914042908,-197,15365,-3311,-181,1251,-291,walking,0.00,0,0,0,0,0
1779914042909,-234,15481,-3419,-147,1217,-267,walking,0.00,0,0,0,0,0
1779914042909,-368,15563,-3395,-106,1184,-242,walking,0.00,0,0,0,0,0
1779914042937,-567,15608,-3441,-75,1156,-225,walking,0.00,0,0,0,0,0
1779914042937,-784,15577,-3450,-45,1130,-209,walking,0.00,0,0,0,0,0
1779914042938,-959,15532,-3434,-30,1105,-190,walking,0.00,0,0,0,0,0
1779914042968,-1006,15429,-3491,-23,1081,-176,walking,0.00,0,0,0,0,0
1779914042969,-1105,15366,-3490,-29,1054,-166,walking,0.00,0,0,0,0,0
1779914042970,-1165,15326,-3517,-38,1028,-164,walking,0.00,0,0,0,0,0
1779914043000,-1163,15380,-3541,-44,1000,-163,walking,0.00,0,0,0,0,0
1779914043001,-1137,15428,-3579,-51,974,-164,walking,0.00,0,0,0,0,0
1779914043001,-1270,15474,-3644,-51,947,-173,walking,0.00,0,0,0,0,0
1779914043027,-1251,15507,-3684,-50,923,-180,walking,0.00,0,0,0,0,0
1779914043028,-1284,15424,-3732,-53,900,-188,walking,0.00,0,0,0,0,0
1779914043028,-1357,15485,-3806,-66,874,-190,walking,0.00,0,0,0,0,0
1779914043058,-1412,15553,-3815,-74,853,-189,walking,0.00,0,0,0,0,0
1779914043059,-1357,15458,-3918,-64,838,-183,walking,0.00,0,0,0,0,0
1779914043060,-1334,15340,-3954,-47,822,-177,walking,0.00,0,0,0,0,0
1779914043093,-1353,15227,-3976,-34,809,-175,walking,0.00,0,0,0,0,0
1779914043094,-1282,15198,-4041,-13,801,-178,walking,0.00,0,0,0,0,0
1779914043095,-1131,15124,-3996,21,800,-178,walking,0.00,0,0,0,0,0
1779914043117,-1095,14938,-4078,48,790,-179,walking,0.00,0,0,0,0,0
1779914043119,-1122,14752,-4105,50,773,-185,walking,0.00,0,0,0,0,0
1779914043119,-985,14715,-4094,31,755,-190,walking,0.00,0,0,0,0,0
1779914043150,-966,14927,-4117,3,730,-190,walking,0.00,0,0,0,0,0
1779914043151,-1056,15234,-4173,-13,710,-194,walking,0.00,0,0,0,0,0
1779914043152,-1146,15331,-4257,-9,696,-195,walking,0.00,0,0,0,0,0
1779914043176,-1175,15305,-4285,0,681,-189,walking,0.00,0,0,0,0,0
1779914043177,-1146,15200,-4287,-9,662,-192,walking,0.00,0,0,0,0,0
1779914043177,-1093,15258,-4386,-36,641,-199,walking,0.00,0,0,0,0,0
1779914043211,-1073,15426,-4471,-57,623,-210,walking,0.00,0,0,0,0,0
1779914043211,-1021,15495,-4539,-57,608,-220,walking,0.00,0,0,0,0,0
1779914043212,-988,15449,-4579,-60,584,-227,walking,0.00,0,0,0,0,0
1779914043241,-980,15264,-4605,-81,551,-227,walking,0.00,0,0,0,0,0
1779914043242,-998,15231,-4629,-116,517,-215,walking,0.00,0,0,0,0,0
1779914043242,-976,15447,-4633,-151,486,-200,walking,0.00,0,0,0,0,0
1779914043269,-894,15757,-4735,-157,462,-190,walking,0.00,0,0,0,0,0
1779914043270,-811,15607,-4765,-106,452,-175,walking,0.00,0,0,0,0,0
1779914043270,-751,15116,-4689,-76,445,-159,walking,0.00,0,0,0,0,0
1779914043300,-529,14760,-4680,-103,431,-143,walking,0.00,0,0,0,0,0
1779914043301,-331,14879,-4671,-129,412,-120,walking,0.00,0,0,0,0,0
1779914043301,-118,14992,-4564,-126,398,-97,walking,0.00,0,0,0,0,0
1779914043327,140,15014,-4398,-121,389,-81,walking,0.00,0,0,0,0,0
1779914043327,222,15107,-4232,-139,368,-64,walking,0.00,0,0,0,0,0
1779914043328,183,15259,-4111,-163,342,-44,walking,0.00,0,0,0,0,0
1779914043358,248,15432,-4028,-169,319,-21,walking,0.00,0,0,0,0,0
1779914043359,277,15617,-3861,-171,296,0,walking,0.00,0,0,0,0,0
1779914043359,213,15839,-3564,-185,270,7,walking,0.00,0,0,0,0,0
1779914043387,127,16286,-3405,-211,245,0,walking,0.00,0,0,0,0,0
1779914043388,-180,17009,-3301,-235,222,-12,walking,0.00,0,0,0,0,0
1779914043388,-837,17654,-3209,-225,207,-33,walking,0.00,0,0,0,0,0
1779914043419,-1435,17903,-3032,-177,203,-49,walking,0.00,0,0,0,0,0
1779914043420,-1728,17693,-2973,-114,204,-44,walking,0.00,0,0,0,0,0
1779914043421,-2001,17166,-2782,-47,202,-13,walking,0.00,0,0,0,0,0
1779914043449,-1981,16416,-2706,-11,201,26,walking,0.00,0,0,0,0,0
1779914043449,-1833,15898,-2627,-1,191,55,walking,0.00,0,0,0,0,0
1779914043450,-1764,15798,-2488,8,183,73,walking,0.00,0,0,0,0,0
1779914043479,-1880,15908,-2374,25,183,77,walking,0.00,0,0,0,0,0
1779914043480,-1997,16180,-2376,49,198,85,walking,0.00,0,0,0,0,0
1779914043483,-2260,16569,-2240,87,217,98,walking,0.00,0,0,0,0,0
1779914043507,-2431,16869,-1917,140,242,112,walking,0.00,0,0,0,0,0
1779914043508,-2546,16937,-1680,181,268,123,walking,0.00,0,0,0,0,0
1779914043509,-2536,16786,-1532,200,298,129,walking,0.00,0,0,0,0,0
1779914043537,-2632,16584,-1296,198,321,133,walking,0.00,0,0,0,0,0
1779914043568,-2577,16387,-1144,163,348,133,walking,0.00,0,0,0,0,0
1779914043569,-2517,16312,-1062,127,378,131,walking,0.00,0,0,0,0,0
1779914043570,-2528,16296,-983,102,412,123,walking,0.00,0,0,0,0,0
1779914043570,-2475,16293,-961,72,451,114,walking,0.00,0,0,0,0,0
1779914043571,-2440,16312,-952,46,495,105,walking,0.00,0,0,0,0,0
1779914043602,-2437,16354,-969,27,542,93,walking,0.00,0,0,0,0,0
1779914043603,-2478,16262,-986,8,589,75,walking,0.00,0,0,0,0,0
1779914043603,-2478,16124,-964,-16,633,56,walking,0.00,0,0,0,0,0
1779914043626,-2339,16003,-988,-53,672,38,walking,0.00,0,0,0,0,0
1779914043627,-2177,15893,-1059,-96,706,22,walking,0.00,0,0,0,0,0
1779914043628,-2099,15756,-1190,-131,736,9,walking,0.00,0,0,0,0,0
1779914043657,-1759,15459,-1281,-190,783,-23,walking,0.00,0,0,0,0,0
1779914043658,-1594,15378,-1382,-215,802,-30,walking,0.00,0,0,0,0,0
1779914043659,-1500,15358,-1513,-226,819,-35,walking,0.00,0,0,0,0,0
1779914043686,-1449,15335,-1591,-218,834,-37,walking,0.00,0,0,0,0,0
1779914043687,-1210,15280,-1679,-194,852,-40,walking,0.00,0,0,0,0,0
1779914043688,-1071,15238,-1669,-168,867,-47,walking,0.00,0,0,0,0,0
1779914043718,-1002,15319,-1664,-147,877,-58,walking,0.00,0,0,0,0,0
1779914043719,-938,15454,-1696,-121,890,-67,walking,0.00,0,0,0,0,0
1779914043720,-827,15720,-1651,-90,903,-80,walking,0.00,0,0,0,0,0
1779914043750,-862,16042,-1528,-53,915,-95,walking,0.00,0,0,0,0,0
1779914043752,-950,16318,-1424,-9,927,-110,walking,0.00,0,0,0,0,0
1779914043754,-1063,16480,-1251,27,940,-128,walking,0.00,0,0,0,0,0
1779914043778,-1194,16502,-1181,44,950,-142,walking,0.00,0,0,0,0,0
1779914043779,-1349,16396,-1179,42,960,-157,walking,0.00,0,0,0,0,0
1779914043779,-1429,16277,-1145,20,969,-171,walking,0.00,0,0,0,0,0
1779914043809,-1444,16216,-1158,-15,981,-183,walking,0.00,0,0,0,0,0
1779914043810,-1393,16132,-1215,-41,993,-191,walking,0.00,0,0,0,0,0
1779914043811,-1310,16068,-1326,-58,1000,-198,walking,0.00,0,0,0,0,0
1779914043836,-1250,16006,-1445,-68,1008,-209,walking,0.00,0,0,0,0,0
1779914043837,-1209,16009,-1502,-68,1018,-221,walking,0.00,0,0,0,0,0
1779914043838,-1118,15994,-1607,-66,1026,-231,walking,0.00,0,0,0,0,0
1779914043868,-1047,15932,-1743,-63,1033,-237,walking,0.00,0,0,0,0,0
1779914043869,-969,15935,-1869,-61,1038,-238,walking,0.00,0,0,0,0,0
1779914043870,-819,16020,-1932,-68,1040,-241,walking,0.00,0,0,0,0,0
1779914043899,-783,16220,-1884,-72,1038,-245,walking,0.00,0,0,0,0,0
1779914043900,-918,16266,-1943,-82,1031,-258,walking,0.00,0,0,0,0,0
1779914043901,-788,16336,-2039,-74,1024,-262,walking,0.00,0,0,0,0,0
1779914043927,-781,16235,-2062,-72,1009,-270,walking,0.00,0,0,0,0,0
1779914043928,-846,16091,-2152,-95,992,-282,walking,0.00,0,0,0,0,0
1779914043928,-851,16131,-2340,-118,974,-294,walking,0.00,0,0,0,0,0
1779914043957,-851,16077,-2488,-119,960,-303,walking,0.00,0,0,0,0,0
1779914043958,-882,15879,-2548,-121,945,-320,walking,0.00,0,0,0,0,0
1779914043959,-781,15754,-2640,-150,928,-336,walking,0.00,0,0,0,0,0
1779914043987,-836,15940,-2790,-175,904,-344,walking,0.00,0,0,0,0,0
1779914043990,-902,16090,-2931,-173,885,-351,walking,0.00,0,0,0,0,0
1779914043991,-838,16025,-3031,-156,868,-353,walking,0.00,0,0,0,0,0
1779914044017,-747,15810,-3084,-137,841,-351,walking,0.00,0,0,0,0,0
1779914044018,-743,15702,-3140,-128,813,-347,walking,0.00,0,0,0,0,0
1779914044019,-711,15682,-3312,-127,787,-345,walking,0.00,0,0,0,0,0
1779914044049,-730,15741,-3375,-112,767,-342,walking,0.00,0,0,0,0,0
1779914044049,-866,15824,-3397,-86,746,-344,walking,0.00,0,0,0,0,0
1779914044050,-844,15875,-3441,-61,729,-341,walking,0.00,0,0,0,0,0
1779914044076,-894,15933,-3395,-34,711,-341,walking,0.00,0,0,0,0,0
1779914044077,-950,15943,-3404,-24,693,-343,walking,0.00,0,0,0,0,0
1779914044078,-1067,16094,-3486,-15,676,-336,walking,0.00,0,0,0,0,0
1779914044108,-1075,16257,-3542,-5,660,-324,walking,0.00,0,0,0,0,0
1779914044110,-1247,16372,-3564,11,642,-314,walking,0.00,0,0,0,0,0
1779914044110,-1333,16278,-3661,32,634,-302,walking,0.00,0,0,0,0,0
1779914044140,-1267,16323,-3773,39,625,-292,walking,0.00,0,0,0,0,0
1779914044142,-1353,16286,-3870,35,616,-281,walking,0.00,0,0,0,0,0
1779914044142,-1423,16187,-3974,25,611,-270,walking,0.00,0,0,0,0,0
1779914044168,-1330,16196,-4151,10,611,-254,walking,0.00,0,0,0,0,0
1779914044169,-1432,16227,-4204,9,605,-238,walking,0.00,0,0,0,0,0
1779914044170,-1433,16123,-4255,2,603,-229,walking,0.00,0,0,0,0,0
1779914044201,-1287,16142,-4402,-17,602,-216,walking,0.00,0,0,0,0,0
1779914044227,-1293,16282,-4535,-29,598,-197,walking,0.00,0,0,0,0,0
1779914044227,-1294,16334,-4579,-32,596,-183,walking,0.00,0,0,0,0,0
1779914044228,-1137,16317,-4644,-33,595,-172,walking,0.00,0,0,0,0,0
1779914044229,-1065,16275,-4786,-36,592,-160,walking,0.00,0,0,0,0,0
1779914044232,-1040,16097,-4838,-39,588,-145,walking,0.00,0,0,0,0,0
1779914044259,-946,15960,-4865,-41,575,-127,walking,0.00,0,0,0,0,0
1779914044260,-841,15851,-4974,-49,566,-114,walking,0.00,0,0,0,0,0
1779914044261,-770,15738,-5084,-41,559,-96,walking,0.00,0,0,0,0,0
1779914044290,-767,15619,-5094,-16,554,-78,walking,0.00,0,0,0,0,0
1779914044291,-748,15413,-5154,4,552,-61,walking,0.00,0,0,0,0,0
1779914044292,-666,15227,-5127,24,545,-41,walking,0.00,0,0,0,0,0
1779914044318,-656,15181,-5092,31,534,-24,walking,0.00,0,0,0,0,0
1779914044319,-595,15107,-5120,36,525,-12,walking,0.00,0,0,0,0,0
1779914044320,-593,15159,-5116,43,510,-3,walking,0.00,0,0,0,0,0
1779914044346,-694,15221,-5173,40,494,6,walking,0.00,0,0,0,0,0
1779914044348,-720,15278,-5162,40,478,13,walking,0.00,0,0,0,0,0
1779914044348,-752,15398,-5183,50,459,24,walking,0.00,0,0,0,0,0
1779914044382,-769,15405,-5147,63,442,32,walking,0.00,0,0,0,0,0
1779914044382,-816,15360,-5151,67,425,33,walking,0.00,0,0,0,0,0
1779914044383,-842,15320,-5173,62,405,33,walking,0.00,0,0,0,0,0
1779914044409,-884,15275,-5238,60,386,34,walking,0.00,0,0,0,0,0
1779914044414,-801,15126,-5155,60,366,37,walking,0.00,0,0,0,0,0
1779914044415,-711,15016,-5104,50,344,43,walking,0.00,0,0,0,0,0
1779914044440,-670,14987,-5141,36,319,49,walking,0.00,0,0,0,0,0
1779914044441,-658,14940,-5069,27,295,54,walking,0.00,0,0,0,0,0
1779914044441,-677,14901,-5104,26,273,61,walking,0.00,0,0,0,0,0
1779914044468,-690,14797,-5093,38,250,67,walking,0.00,0,0,0,0,0
1779914044468,-581,14654,-4987,47,232,72,walking,0.00,0,0,0,0,0
1779914044469,-539,14574,-4883,46,212,77,walking,0.00,0,0,0,0,0
1779914044498,-474,14539,-4842,39,190,81,walking,0.00,0,0,0,0,0
1779914044500,-469,14519,-4772,33,170,91,walking,0.00,0,0,0,0,0
1779914044502,-467,14651,-4691,26,147,99,walking,0.00,0,0,0,0,0
1779914044527,-501,14788,-4556,14,123,101,walking,0.00,0,0,0,0,0
1779914044531,-535,15048,-4386,5,105,90,walking,0.00,0,0,0,0,0
1779914044532,-607,15343,-4265,0,88,75,walking,0.00,0,0,0,0,0
1779914044557,-860,15691,-4161,-9,69,61,walking,0.00,0,0,0,0,0
1779914044558,-1079,15960,-4058,-7,58,40,walking,0.00,0,0,0,0,0
1779914044559,-1253,16069,-3882,0,48,23,walking,0.00,0,0,0,0,0
1779914044593,-1304,16108,-3748,-8,35,8,walking,0.00,0,0,0,0,0
1779914044594,-1457,16206,-3624,-19,21,-6,walking,0.00,0,0,0,0,0
1779914044594,-1664,16235,-3531,-27,7,-9,walking,0.00,0,0,0,0,0
1779914044617,-1799,16264,-3460,-26,-5,-9,walking,0.00,0,0,0,0,0
1779914044618,-1869,16289,-3398,-24,-13,-15,walking,0.00,0,0,0,0,0
1779914044619,-2012,16241,-3294,-21,-14,-23,walking,0.00,0,0,0,0,0
1779914044648,-2069,16137,-3259,-18,-10,-28,walking,0.00,0,0,0,0,0
1779914044648,-2058,16035,-3210,-15,-1,-36,walking,0.00,0,0,0,0,0
1779914044649,-2063,15802,-3178,-16,11,-38,walking,0.00,0,0,0,0,0
1779914044677,-1994,15510,-3088,-9,22,-27,walking,0.00,0,0,0,0,0
1779914044682,-1791,15081,-2949,-5,35,-13,walking,0.00,0,0,0,0,0
1779914044682,-1473,14778,-2876,-17,46,1,walking,0.00,0,0,0,0,0
1779914044710,-1209,14581,-2778,-32,55,13,walking,0.00,0,0,0,0,0
1779914044710,-1031,14606,-2619,-41,66,19,walking,0.00,0,0,0,0,0
1779914044711,-968,14798,-2554,-34,81,26,walking,0.00,0,0,0,0,0
1779914044739,-966,14784,-2456,-5,96,28,walking,0.00,0,0,0,0,0
1779914044740,-912,14776,-2327,-9,110,32,walking,0.00,0,0,0,0,0
1779914044741,-959,14918,-2269,-40,116,35,walking,0.00,0,0,0,0,0
1779914044766,-892,15132,-2267,-55,127,34,walking,0.00,0,0,0,0,0
1779914044767,-892,15130,-2249,-73,138,20,walking,0.00,0,0,0,0,0
1779914044768,-937,15445,-2281,-150,152,-7,walking,0.00,0,0,0,0,0
1779914044797,-969,15721,-2381,-174,159,-26,walking,0.00,0,0,0,0,0
1779914044798,-1044,15847,-2451,-181,164,-41,walking,0.00,0,0,0,0,0
1779914044798,-1031,15855,-2588,-181,168,-51,walking,0.00,0,0,0,0,0
1779914044831,-1049,15772,-2686,-193,157,-65,walking,0.00,0,0,0,0,0
1779914044831,-982,15773,-2733,-216,143,-77,walking,0.00,0,0,0,0,0
1779914044832,-946,15888,-2777,-244,131,-84,walking,0.00,0,0,0,0,0
1779914044859,-1003,16054,-2863,-259,117,-90,walking,0.00,0,0,0,0,0
1779914044860,-997,16155,-2924,-257,108,-91,walking,0.00,0,0,0,0,0
1779914044861,-939,16152,-2952,-247,98,-89,walking,0.00,0,0,0,0,0
1779914044889,-794,16017,-2983,-233,85,-86,walking,0.00,0,0,0,0,0
1779914044890,-675,15841,-2998,-230,66,-91,walking,0.00,0,0,0,0,0
1779914044890,-584,15737,-3015,-239,45,-99,walking,0.00,0,0,0,0,0
1779914044916,-436,15815,-3002,-240,28,-104,walking,0.00,0,0,0,0,0
1779914044917,-348,15951,-3023,-234,12,-106,walking,0.00,0,0,0,0,0
1779914044918,-294,16039,-2957,-215,-2,-106,walking,0.00,0,0,0,0,0
1779914044948,-234,16121,-2872,-184,-17,-105,walking,0.00,0,0,0,0,0
1779914044949,-138,16160,-2798,-157,-27,-110,walking,0.00,0,0,0,0,0
1779914044950,-134,16195,-2674,-133,-38,-112,walking,0.00,0,0,0,0,0
1779914044977,-231,16283,-2606,-101,-48,-109,walking,0.00,0,0,0,0,0
1779914044977,-317,16306,-2441,-70,-52,-105,walking,0.00,0,0,0,0,0
1779914044978,-403,16355,-2282,-46,-53,-100,walking,0.00,0,0,0,0,0
1779914045008,-515,16431,-2157,-13,-50,-96,walking,0.00,0,0,0,0,0
1779914045009,-646,16501,-2011,15,-39,-92,walking,0.00,0,0,0,0,0
1779914045009,-801,16541,-1918,38,-27,-90,walking,0.00,0,0,0,0,0
1779914045039,-978,16541,-1778,56,-16,-82,walking,0.00,0,0,0,0,0
1779914045040,-1120,16558,-1642,57,-3,-71,walking,0.00,0,0,0,0,0
1779914045041,-1254,16676,-1558,50,15,-59,walking,0.00,0,0,0,0,0
1779914045066,-1477,16841,-1524,50,32,-41,walking,0.00,0,0,0,0,0
1779914045067,-1645,16972,-1438,57,55,-21,walking,0.00,0,0,0,0,0
1779914045067,-1777,17015,-1399,67,80,-1,walking,0.00,0,0,0,0,0
1779914045098,-1906,17023,-1346,77,108,17,walking,0.00,0,0,0,0,0
1779914045099,-2031,16986,-1309,79,142,32,walking,0.00,0,0,0,0,0
1779914045099,-2132,16908,-1221,84,176,52,walking,0.00,0,0,0,0,0
1779914045130,-2196,16828,-1204,77,212,59,walking,0.00,0,0,0,0,0
1779914045131,-2170,16666,-1159,68,245,64,walking,0.00,0,0,0,0,0
1779914045132,-2150,16476,-1141,56,275,76,walking,0.00,0,0,0,0,0
1779914045157,-2029,16195,-1142,47,304,83,walking,0.00,0,0,0,0,0
1779914045163,-1839,15959,-1195,21,328,90,walking,0.00,0,0,0,0,0
1779914045164,-1758,15934,-1267,-8,348,94,walking,0.00,0,0,0,0,0
1779914045188,-1591,16011,-1372,-18,373,100,walking,0.00,0,0,0,0,0
1779914045189,-1515,16005,-1423,-7,402,110,walking,0.00,0,0,0,0,0
1779914045189,-1443,15878,-1416,6,430,117,walking,0.00,0,0,0,0,0
1779914045216,-1281,15903,-1504,0,456,118,walking,0.00,0,0,0,0,0
1779914045217,-1346,16128,-1477,-1,479,110,walking,0.00,0,0,0,0,0
1779914045218,-1332,16276,-1507,9,502,95,walking,0.00,0,0,0,0,0
1779914045250,-1390,16281,-1609,21,523,80,walking,0.00,0,0,0,0,0
1779914045251,-1482,16216,-1611,21,540,66,walking,0.00,0,0,0,0,0
1779914045251,-1502,16140,-1667,3,553,49,walking,0.00,0,0,0,0,0
1779914045276,-1541,16112,-1763,-20,565,32,walking,0.00,0,0,0,0,0
1779914045280,-1579,16057,-1847,-47,573,18,walking,0.00,0,0,0,0,0
1779914045281,-1663,15995,-2039,-69,576,2,walking,0.00,0,0,0,0,0
1779914045306,-1622,15910,-2114,-77,582,-21,walking,0.00,0,0,0,0,0
1779914045307,-1624,15801,-2175,-80,588,-36,walking,0.00,0,0,0,0,0
1779914045307,-1566,15705,-2295,-83,592,-53,walking,0.00,0,0,0,0,0
1779914045338,-1489,15761,-2376,-84,591,-72,walking,0.00,0,0,0,0,0
1779914045339,-1472,15815,-2497,-80,587,-88,walking,0.00,0,0,0,0,0
1779914045339,-1477,15907,-2509,-70,581,-105,walking,0.00,0,0,0,0,0
1779914045368,-1450,16004,-2629,-61,575,-125,walking,0.00,0,0,0,0,0
1779914045372,-1485,16025,-2666,-56,564,-143,walking,0.00,0,0,0,0,0
1779914045373,-1492,15988,-2719,-55,551,-161,walking,0.00,0,0,0,0,0
1779914045397,-1485,15978,-2705,-60,537,-176,walking,0.00,0,0,0,0,0
1779914045398,-1529,15941,-2830,-62,523,-191,walking,0.00,0,0,0,0,0
1779914045399,-1563,15784,-2908,-57,508,-205,walking,0.00,0,0,0,0,0
1779914045430,-1577,15589,-2969,-59,487,-219,walking,0.00,0,0,0,0,0
1779914045431,-1538,15500,-3078,-59,475,-229,walking,0.00,0,0,0,0,0
1779914045431,-1601,15404,-3128,-53,466,-238,walking,0.00,0,0,0,0,0
1779914045459,-1617,15279,-3172,-54,454,-250,walking,0.00,0,0,0,0,0
1779914045460,-1574,15311,-3234,-58,442,-259,walking,0.00,0,0,0,0,0
1779914045460,-1568,15426,-3305,-59,432,-266,walking,0.00,0,0,0,0,0
1779914045488,-1582,15534,-3333,-52,424,-271,walking,0.00,0,0,0,0,0
1779914045489,-1582,15613,-3301,-35,415,-278,walking,0.00,0,0,0,0,0
1779914045489,-1572,15648,-3317,-29,411,-290,walking,0.00,0,0,0,0,0
1779914045517,-1716,15849,-3373,-25,411,-306,walking,0.00,0,0,0,0,0
1779914045518,-1696,15958,-3354,-4,414,-317,walking,0.00,0,0,0,0,0
1779914045522,-1737,15817,-3381,-13,407,-329,walking,0.00,0,0,0,0,0
1779914045548,-2005,15810,-3472,-44,396,-333,walking,0.00,0,0,0,0,0
1779914045548,-2058,15926,-3591,-72,387,-327,walking,0.00,0,0,0,0,0
1779914045549,-2262,15830,-3698,-93,381,-336,walking,0.00,0,0,0,0,0
1779914045577,-2108,15875,-3770,-88,389,-320,walking,0.00,0,0,0,0,0
1779914045578,-2121,15687,-3849,-89,384,-312,walking,0.00,0,0,0,0,0
1779914045583,-2213,15600,-3992,-103,379,-303,walking,0.00,0,0,0,0,0
1779914045607,-2239,15658,-4091,-109,370,-281,walking,0.00,0,0,0,0,0
1779914045608,-2243,15667,-4194,-92,370,-264,walking,0.00,0,0,0,0,0
1779914045609,-2275,15600,-4237,-72,373,-244,walking,0.00,0,0,0,0,0
1779914045639,-2490,15516,-4264,-64,374,-222,walking,0.00,0,0,0,0,0
1779914045639,-2562,15515,-4346,-58,379,-184,walking,0.00,0,0,0,0,0
1779914045640,-2639,15539,-4360,-51,386,-153,walking,0.00,0,0,0,0,0
1779914045666,-2639,15649,-4349,-27,392,-120,walking,0.00,0,0,0,0,0
1779914045671,-2677,15548,-4355,17,398,-86,walking,0.00,0,0,0,0,0
1779914045672,-2726,15307,-4344,36,405,-61,walking,0.00,0,0,0,0,0
1779914045698,-2805,15337,-4351,15,407,-34,walking,0.00,0,0,0,0,0
1779914045700,-2920,15360,-4436,-5,408,-10,walking,0.00,0,0,0,0,0
1779914045700,-2952,15309,-4475,-15,412,7,walking,0.00,0,0,0,0,0
1779914045729,-2902,15188,-4481,-40,412,22,walking,0.00,0,0,0,0,0
1779914045730,-2798,15209,-4582,-71,414,33,walking,0.00,0,0,0,0,0
1779914045731,-2608,15298,-4591,-88,416,37,walking,0.00,0,0,0,0,0
1779914045756,-2462,15443,-4641,-79,420,37,walking,0.00,0,0,0,0,0
1779914045756,-2267,15324,-4640,-53,423,41,walking,0.00,0,0,0,0,0
1779914045757,-2097,15185,-4688,-41,420,41,walking,0.00,0,0,0,0,0
1779914045792,-1963,15171,-4706,-40,409,40,walking,0.00,0,0,0,0,0
1779914045792,-1829,15203,-4753,-51,397,36,walking,0.00,0,0,0,0,0
1779914045793,-1726,15257,-4798,-46,388,29,walking,0.00,0,0,0,0,0
1779914045816,-1631,15367,-4719,-31,383,23,walking,0.00,0,0,0,0,0
1779914045816,-1648,15407,-4678,-36,367,22,walking,0.00,0,0,0,0,0
1779914045817,-1682,15622,-4680,-33,356,22,walking,0.00,0,0,0,0,0
1779914045850,-1667,15760,-4691,-11,354,29,walking,0.00,0,0,0,0,0
1779914045854,-1673,15746,-4669,23,349,34,walking,0.00,0,0,0,0,0
1779914045855,-1732,15631,-4598,45,343,36,walking,0.00,0,0,0,0,0
1779914045880,-1731,15558,-4572,39,333,35,walking,0.00,0,0,0,0,0
1779914045880,-1732,15592,-4620,34,320,38,walking,0.00,0,0,0,0,0
1779914045881,-1798,15610,-4572,38,308,41,walking,0.00,0,0,0,0,0
1779914045908,-1817,15610,-4532,44,300,46,walking,0.00,0,0,0,0,0
1779914045908,-1794,15359,-4463,51,277,61,walking,0.00,0,0,0,0,0
1779914045909,-1683,15255,-4480,44,263,63,walking,0.00,0,0,0,0,0
1779914045936,-1684,15266,-4471,35,247,66,walking,0.00,0,0,0,0,0
1779914045938,-1659,15252,-4416,31,231,69,walking,0.00,0,0,0,0,0
1779914045938,-1593,15185,-4406,32,215,71,walking,0.00,0,0,0,0,0
1779914045966,-1557,15195,-4358,35,199,69,walking,0.00,0,0,0,0,0
1779914045967,-1550,15199,-4301,45,185,68,walking,0.00,0,0,0,0,0
1779914045971,-1537,15174,-4240,51,168,63,walking,0.00,0,0,0,0,0
1779914045999,-1577,15209,-4071,48,148,50,walking,0.00,0,0,0,0,0
1779914046000,-1655,15375,-4004,32,128,26,walking,0.00,0,0,0,0,0
1779914046000,-1784,15649,-3918,18,111,-6,walking,0.00,0,0,0,0,0
1779914046029,-2045,15979,-3811,26,96,-37,walking,0.00,0,0,0,0,0
1779914046031,-2034,16165,-3770,40,87,-66,walking,0.00,0,0,0,0,0
1779914046032,-2169,16263,-3594,41,69,-102,walking,0.00,0,0,0,0,0
1779914046057,-2240,16322,-3534,27,51,-145,walking,0.00,0,0,0,0,0
1779914046058,-2202,16314,-3436,19,32,-177,walking,0.00,0,0,0,0,0
1779914046058,-2172,16218,-3317,15,13,-213,walking,0.00,0,0,0,0,0
1779914046088,-2138,16078,-3261,8,-3,-252,walking,0.00,0,0,0,0,0
1779914046089,-1989,16014,-3142,6,-20,-286,walking,0.00,0,0,0,0,0
1779914046090,-1916,16047,-2987,3,-38,-311,walking,0.00,0,0,0,0,0
1779914046116,-1937,16045,-2877,7,-52,-330,walking,0.00,0,0,0,0,0
1779914046117,-2068,15924,-2658,23,-65,-338,walking,0.00,0,0,0,0,0
1779914046118,-2191,15675,-2345,30,-75,-337,walking,0.00,0,0,0,0,0
1779914046147,-2269,15545,-2074,18,-76,-337,walking,0.00,0,0,0,0,0
1779914046148,-2415,15497,-1779,3,-69,-334,walking,0.00,0,0,0,0,0
1779914046149,-2408,15453,-1629,2,-51,-326,walking,0.00,0,0,0,0,0
1779914046177,-2419,15435,-1368,8,-33,-310,walking,0.00,0,0,0,0,0
1779914046178,-2457,15598,-1144,8,-11,-287,walking,0.00,0,0,0,0,0
1779914046179,-2480,15806,-1005,18,19,-260,walking,0.00,0,0,0,0,0
1779914046206,-2617,15944,-830,43,49,-228,walking,0.00,0,0,0,0,0
1779914046207,-2843,15895,-601,55,81,-194,walking,0.00,0,0,0,0,0
1779914046207,-3087,15952,-432,46,117,-157,walking,0.00,0,0,0,0,0
1779914046240,-3402,16176,-247,33,158,-124,walking,0.00,0,0,0,0,0
1779914046241,-3742,16290,-124,29,210,-101,walking,0.00,0,0,0,0,0
1779914046241,-3974,16181,-51,19,266,-87,walking,0.00,0,0,0,0,0
1779914046270,-4218,16105,-42,-12,316,-71,walking,0.00,0,0,0,0,0
1779914046271,-4305,16071,-115,-56,353,-51,walking,0.00,0,0,0,0,0
1779914046272,-4467,15900,-203,-101,379,-33,walking,0.00,0,0,0,0,0
1779914046297,-4400,15732,-394,-143,411,0,walking,0.00,0,0,0,0,0
1779914046297,-4309,15584,-488,-181,433,25,walking,0.00,0,0,0,0,0
1779914046298,-4185,15441,-618,-217,460,41,walking,0.00,0,0,0,0,0
1779914046329,-3930,15531,-703,-233,494,49,walking,0.00,0,0,0,0,0
1779914046330,-3854,15697,-669,-233,529,45,walking,0.00,0,0,0,0,0
1779914046331,-3856,15932,-746,-233,563,41,walking,0.00,0,0,0,0,0
1779914046357,-3910,16071,-775,-221,592,36,walking,0.00,0,0,0,0,0
1779914046357,-3865,16061,-639,-211,621,30,walking,0.00,0,0,0,0,0
1779914046358,-3776,16030,-647,-222,645,19,walking,0.00,0,0,0,0,0
1779914046387,-3658,16003,-617,-236,665,5,walking,0.00,0,0,0,0,0
1779914046388,-3614,15904,-594,-252,679,-13,walking,0.00,0,0,0,0,0
1779914046389,-3541,15852,-672,-261,693,-32,walking,0.00,0,0,0,0,0
1779914046421,-3471,15797,-746,-267,704,-56,walking,0.00,0,0,0,0,0
1779914046422,-3461,15753,-873,-262,715,-77,walking,0.00,0,0,0,0,0
1779914046422,-3400,15658,-942,-250,722,-98,walking,0.00,0,0,0,0,0
1779914046448,-3342,15590,-1009,-244,726,-120,walking,0.00,0,0,0,0,0
1779914046449,-3257,15532,-1067,-241,731,-141,walking,0.00,0,0,0,0,0
1779914046452,-3223,15672,-1019,-249,732,-160,walking,0.00,0,0,0,0,0
1779914046479,-3320,15917,-1023,-239,736,-175,walking,0.00,0,0,0,0,0
1779914046479,-3328,16131,-1063,-202,750,-183,walking,0.00,0,0,0,0,0
1779914046480,-3291,16094,-985,-153,769,-187,walking,0.00,0,0,0,0,0
1779914046509,-3370,16035,-965,-115,785,-191,walking,0.00,0,0,0,0,0
1779914046510,-3342,15973,-971,-94,803,-188,walking,0.00,0,0,0,0,0
1779914046514,-3302,15927,-977,-71,819,-187,walking,0.00,0,0,0,0,0
1779914046537,-3331,15729,-940,-46,829,-184,walking,0.00,0,0,0,0,0
1779914046539,-3340,15586,-951,-38,841,-182,walking,0.00,0,0,0,0,0
1779914046540,-3308,15575,-1014,-36,858,-181,walking,0.00,0,0,0,0,0
1779914046567,-3404,15502,-1144,-25,880,-174,walking,0.00,0,0,0,0,0
1779914046574,-3364,15403,-1224,-4,908,-161,walking,0.00,0,0,0,0,0
1779914046574,-3300,15358,-1155,16,942,-151,walking,0.00,0,0,0,0,0
1779914046599,-3188,15540,-1091,18,979,-151,walking,0.00,0,0,0,0,0
1779914046603,-3196,16003,-1133,10,1015,-163,walking,0.00,0,0,0,0,0
1779914046604,-3256,16608,-1272,17,1053,-189,walking,0.00,0,0,0,0,0
1779914046629,-3298,17131,-1313,40,1087,-222,walking,0.00,0,0,0,0,0
1779914046630,-3289,17427,-1260,57,1119,-262,walking,0.00,0,0,0,0,0
1779914046631,-3310,17477,-1492,31,1129,-286,walking,0.00,0,0,0,0,0
1779914046661,-3368,17330,-1713,-17,1122,-319,walking,0.00,0,0,0,0,0
1779914046662,-3243,17131,-1954,-95,1105,-359,walking,0.00,0,0,0,0,0
1779914046663,-3004,17073,-2278,-172,1086,-389,walking,0.00,0,0,0,0,0
1779914046686,-2841,16991,-2757,-225,1067,-410,walking,0.00,0,0,0,0,0
1779914046687,-2703,16779,-3175,-260,1050,-420,walking,0.00,0,0,0,0,0
1779914046688,-2387,16452,-3482,-274,1035,-418,walking,0.00,0,0,0,0,0
1779914046720,-2117,16246,-3746,-278,1013,-407,walking,0.00,0,0,0,0,0
1779914046721,-1920,16093,-4046,-275,986,-390,walking,0.00,0,0,0,0,0
1779914046722,-1754,15860,-4358,-253,954,-374,walking,0.00,0,0,0,0,0
1779914046747,-1484,15583,-4546,-223,919,-349,walking,0.00,0,0,0,0,0
1779914046747,-1290,15355,-4715,-194,882,-321,walking,0.00,0,0,0,0,0
1779914046778,-1003,15270,-4784,-173,845,-287,walking,0.00,0,0,0,0,0
1779914046779,-723,15236,-4904,-141,812,-251,walking,0.00,0,0,0,0,0
1779914046780,-618,15232,-4856,-95,780,-209,walking,0.00,0,0,0,0,0
1779914046780,-575,15344,-4642,-53,755,-171,walking,0.00,0,0,0,0,0
1779914046811,-480,15680,-4374,-11,742,-138,walking,0.00,0,0,0,0,0
1779914046812,-464,15943,-4204,49,740,-109,walking,0.00,0,0,0,0,0
1779914046813,-829,15844,-3840,100,733,-87,walking,0.00,0,0,0,0,0
1779914046844,-1132,15950,-3637,111,748,-83,walking,0.00,0,0,0,0,0
1779914046845,-840,16207,-3522,133,777,-71,walking,0.00,0,0,0,0,0
1779914046846,-1134,16038,-3363,132,774,-55,walking,0.00,0,0,0,0,0
1779914046866,-1675,15483,-3364,73,755,-70,walking,0.00,0,0,0,0,0
1779914046870,-1546,15382,-3575,-10,750,-63,walking,0.00,0,0,0,0,0
1779914046870,-1386,15522,-3696,-72,744,-41,walking,0.00,0,0,0,0,0
1779914046897,-1557,15375,-3846,-119,737,-37,walking,0.00,0,0,0,0,0
1779914046898,-1478,15252,-4092,-158,741,-39,walking,0.00,0,0,0,0,0
1779914046899,-1204,15303,-4254,-173,752,-34,walking,0.00,0,0,0,0,0
1779914046928,-985,15433,-4363,-175,765,-26,walking,0.00,0,0,0,0,0
1779914046929,-851,15442,-4479,-171,773,-12,walking,0.00,0,0,0,0,0
1779914046930,-751,15363,-4534,-151,772,7,walking,0.00,0,0,0,0,0
1779914046962,-555,15206,-4509,-130,764,21,walking,0.00,0,0,0,0,0
1779914046963,-377,14950,-4518,-116,751,34,walking,0.00,0,0,0,0,0
1779914046963,-198,14780,-4459,-106,739,54,walking,0.00,0,0,0,0,0
1779914046986,-185,14547,-4380,-97,724,71,walking,0.00,0,0,0,0,0
1779914046987,-70,14363,-4275,-91,705,84,walking,0.00,0,0,0,0,0
1779914046988,43,14164,-4250,-99,687,93,walking,0.00,0,0,0,0,0
1779914047019,172,14048,-4117,-99,672,97,walking,0.00,0,0,0,0,0
1779914047020,268,13874,-4027,-113,657,89,walking,0.00,0,0,0,0,0
1779914047021,516,13932,-3867,-131,635,69,walking,0.00,0,0,0,0,0
1779914047046,576,14146,-3770,-162,607,50,walking,0.00,0,0,0,0,0
1779914047047,403,14165,-3691,-192,524,17,walking,0.00,0,0,0,0,0
1779914047047,439,14104,-3589,-225,475,6,walking,0.00,0,0,0,0,0
1779914047079,584,14175,-3573,-282,427,-7,walking,0.00,0,0,0,0,0
1779914047079,537,14733,-3459,-341,378,-26,walking,0.00,0,0,0,0,0
1779914047080,247,15395,-3187,-370,342,-64,walking,0.00,0,0,0,0,0
1779914047111,-233,15978,-2977,-400,311,-111,walking,0.00,0,0,0,0,0
1779914047112,-789,16476,-2805,-444,277,-165,walking,0.00,0,0,0,0,0
1779914047113,-1180,17047,-2647,-476,245,-227,walking,0.00,0,0,0,0,0
1779914047137,-1267,17472,-2508,-482,214,-278,walking,0.00,0,0,0,0,0
1779914047139,-1425,17526,-2383,-453,174,-291,walking,0.00,0,0,0,0,0
1779914047139,-1597,17237,-2199,-413,126,-275,walking,0.00,0,0,0,0,0
1779914047169,-1684,16927,-1950,-394,81,-249,walking,0.00,0,0,0,0,0
1779914047170,-1841,16892,-1736,-363,46,-213,walking,0.00,0,0,0,0,0
1779914047171,-2132,16858,-1526,-305,28,-180,walking,0.00,0,0,0,0,0
1779914047197,-2406,16767,-1233,-232,32,-150,walking,0.00,0,0,0,0,0
1779914047203,-2789,16671,-923,-164,45,-115,walking,0.00,0,0,0,0,0
1779914047204,-3095,16749,-725,-106,62,-82,walking,0.00,0,0,0,0,0
1779914047230,-3347,16748,-405,-51,79,-45,walking,0.00,0,0,0,0,0
1779914047231,-3521,16580,-94,-18,94,4,walking,0.00,0,0,0,0,0
1779914047232,-3608,16439,204,-16,115,62,walking,0.00,0,0,0,0,0
1779914047261,-3586,16351,542,-34,138,117,walking,0.00,0,0,0,0,0
1779914047261,-3506,16334,754,-66,162,169,walking,0.00,0,0,0,0,0
1779914047262,-3416,16292,849,-99,183,211,walking,0.00,0,0,0,0,0
1779914047288,-3262,16103,813,-123,197,248,walking,0.00,0,0,0,0,0
1779914047289,-3033,15782,657,-142,206,284,walking,0.00,0,0,0,0,0
1779914047289,-2807,15400,590,-172,204,311,walking,0.00,0,0,0,0,0
1779914047320,-2513,15196,436,-232,200,320,walking,0.00,0,0,0,0,0
1779914047321,-2384,15302,196,-298,190,322,walking,0.00,0,0,0,0,0
1779914047322,-2389,15511,76,-333,180,325,walking,0.00,0,0,0,0,0
1779914047346,-2244,15646,-16,-338,180,330,walking,0.00,0,0,0,0,0
1779914047347,-2083,15736,-139,-326,184,334,walking,0.00,0,0,0,0,0
1779914047348,-1991,15760,-258,-301,185,330,walking,0.00,0,0,0,0,0
1779914047382,-1856,15713,-215,-275,185,317,walking,0.00,0,0,0,0,0
1779914047383,-1715,15717,-245,-275,178,309,walking,0.00,0,0,0,0,0
1779914047385,-1674,15859,-301,-285,167,301,walking,0.00,0,0,0,0,0
1779914047411,-1663,16080,-368,-287,157,292,walking,0.00,0,0,0,0,0
1779914047411,-1689,16186,-425,-270,145,284,walking,0.00,0,0,0,0,0
1779914047412,-1676,16270,-513,-242,139,274,walking,0.00,0,0,0,0,0
1779914047445,-1661,16335,-587,-218,132,261,walking,0.00,0,0,0,0,0
1779914047447,-1707,16488,-619,-200,122,241,walking,0.00,0,0,0,0,0
1779914047447,-1807,16531,-685,-173,119,214,walking,0.00,0,0,0,0,0
1779914047470,-1880,16528,-683,-151,120,193,walking,0.00,0,0,0,0,0
1779914047471,-1968,16525,-709,-154,122,172,walking,0.00,0,0,0,0,0
1779914047472,-1895,16673,-752,-157,129,153,walking,0.00,0,0,0,0,0
1779914047497,-1948,16793,-797,-145,132,134,walking,0.00,0,0,0,0,0
1779914047498,-1974,16668,-896,-125,135,115,walking,0.00,0,0,0,0,0
1779914047499,-1757,16567,-982,-89,138,109,walking,0.00,0,0,0,0,0
1779914047528,-1659,16533,-1068,-62,131,110,walking,0.00,0,0,0,0,0
1779914047529,-1771,16311,-1202,-18,133,103,walking,0.00,0,0,0,0,0
1779914047530,-1606,16084,-1138,44,148,94,walking,0.00,0,0,0,0,0
1779914047557,-1538,15862,-1144,73,166,85,walking,0.00,0,0,0,0,0
1779914047564,-1554,15808,-1195,98,190,86,walking,0.00,0,0,0,0,0
1779914047565,-1556,15805,-1115,134,213,90,walking,0.00,0,0,0,0,0
1779914047587,-1530,15739,-1049,162,228,92,walking,0.00,0,0,0,0,0
1779914047588,-1419,15658,-991,191,238,104,walking,0.00,0,0,0,0,0
1779914047589,-1325,15625,-981,231,250,117,walking,0.00,0,0,0,0,0
1779914047620,-1380,15636,-971,270,270,123,walking,0.00,0,0,0,0,0
1779914047620,-1413,15837,-977,312,297,123,walking,0.00,0,0,0,0,0
1779914047621,-1419,15915,-1032,352,332,116,walking,0.00,0,0,0,0,0
1779914047646,-1538,15922,-1074,380,368,97,walking,0.00,0,0,0,0,0
1779914047647,-1521,16036,-1096,396,397,71,walking,0.00,0,0,0,0,0
1779914047648,-1542,16234,-1300,397,418,41,walking,0.00,0,0,0,0,0
1779914047677,-1646,16417,-1551,401,434,6,walking,0.00,0,0,0,0,0
1779914047685,-1744,16601,-1635,396,453,-37,walking,0.00,0,0,0,0,0
1779914047686,-1668,16762,-1747,390,477,-80,walking,0.00,0,0,0,0,0
1779914047707,-1604,16809,-2016,385,492,-111,walking,0.00,0,0,0,0,0
1779914047710,-1756,16759,-2228,383,494,-138,walking,0.00,0,0,0,0,0
1779914047711,-1868,16553,-2409,364,486,-166,walking,0.00,0,0,0,0,0
1779914047737,-1899,16381,-2705,322,479,-184,walking,0.00,0,0,0,0,0
1779914047738,-1888,16372,-2973,278,470,-197,walking,0.00,0,0,0,0,0
1779914047739,-1760,16441,-3132,240,471,-214,walking,0.00,0,0,0,0,0
1779914047768,-1687,16657,-3321,199,481,-237,walking,0.00,0,0,0,0,0
1779914047770,-1739,16883,-3532,186,488,-257,walking,0.00,0,0,0,0,0
1779914047770,-1717,16974,-3631,191,494,-276,walking,0.00,0,0,0,0,0
1779914047796,-1595,17030,-3720,174,499,-300,walking,0.00,0,0,0,0,0
1779914047798,-1531,17091,-3824,142,495,-312,walking,0.00,0,0,0,0,0
1779914047799,-1579,17013,-3980,107,485,-311,walking,0.00,0,0,0,0,0
1779914047829,-1413,16761,-4050,65,474,-309,walking,0.00,0,0,0,0,0
1779914047830,-1188,16656,-4149,13,465,-307,walking,0.00,0,0,0,0,0
1779914047830,-1156,16691,-4280,-33,464,-304,walking,0.00,0,0,0,0,0
1779914047860,-1113,16675,-4354,-51,477,-312,walking,0.00,0,0,0,0,0
1779914047861,-839,16487,-4351,-39,509,-318,walking,0.00,0,0,0,0,0
1779914047861,-669,16288,-4199,-15,541,-311,walking,0.00,0,0,0,0,0
1779914047887,-686,16303,-4125,-16,564,-311,walking,0.00,0,0,0,0,0
1779914047888,-519,16451,-4085,8,598,-302,walking,0.00,0,0,0,0,0
1779914047889,-414,16107,-3975,64,640,-293,walking,0.00,0,0,0,0,0
1779914047919,-138,15456,-3849,83,667,-281,walking,0.00,0,0,0,0,0
1779914047919,-55,15023,-3790,45,670,-265,walking,0.00,0,0,0,0,0
1779914047921,-53,14542,-3804,-11,665,-256,walking,0.00,0,0,0,0,0
1779914047946,139,14370,-3764,-65,671,-248,walking,0.00,0,0,0,0,0
1779914047947,251,14588,-3855,-100,684,-234,walking,0.00,0,0,0,0,0
1779914047948,226,14523,-3874,-94,705,-219,walking,0.00,0,0,0,0,0
1779914047979,375,14248,-3887,-89,725,-199,walking,0.00,0,0,0,0,0
1779914047980,375,14236,-3821,-106,741,-175,walking,0.00,0,0,0,0,0
1779914047980,484,14530,-3800,-96,765,-151,walking,0.00,0,0,0,0,0
1779914048007,507,14546,-3721,-47,792,-133,walking,0.00,0,0,0,0,0
1779914048010,497,14263,-3600,-21,807,-126,walking,0.00,0,0,0,0,0
1779914048011,437,14219,-3501,-49,810,-124,walking,0.00,0,0,0,0,0
1779914048037,511,14589,-3574,-74,821,-124,walking,0.00,0,0,0,0,0
1779914048038,417,14724,-3504,-71,828,-122,walking,0.00,0,0,0,0,0
1779914048039,181,14655,-3367,-88,827,-131,walking,0.00,0,0,0,0,0
1779914048069,243,14696,-3400,-139,831,-148,walking,0.00,0,0,0,0,0
1779914048072,126,15086,-3370,-184,826,-157,walking,0.00,0,0,0,0,0
1779914048077,-29,15418,-3328,-210,819,-171,walking,0.00,0,0,0,0,0
1779914048097,-36,15590,-3410,-223,816,-188,walking,0.00,0,0,0,0,0
1779914048101,-191,15757,-3427,-225,805,-201,walking,0.00,0,0,0,0,0
1779914048102,-383,15825,-3509,-223,791,-213,walking,0.00,0,0,0,0,0
1779914048128,-438,15838,-3622,-220,772,-224,walking,0.00,0,0,0,0,0
1779914048129,-535,15755,-3763,-217,752,-221,walking,0.00,0,0,0,0,0
1779914048130,-646,15624,-3841,-212,727,-205,walking,0.00,0,0,0,0,0
1779914048160,-776,15547,-3814,-209,698,-190,walking,0.00,0,0,0,0,0
1779914048160,-837,15430,-3915,-213,670,-178,walking,0.00,0,0,0,0,0
1779914048161,-872,15505,-3929,-191,622,-159,walking,0.00,0,0,0,0,0
1779914048189,-920,15717,-3886,-180,604,-149,walking,0.00,0,0,0,0,0
1779914048190,-1047,15964,-3912,-153,588,-129,walking,0.00,0,0,0,0,0
1779914048222,-1177,16041,-3801,-110,577,-101,walking,0.00,0,0,0,0,0
1779914048223,-1223,16092,-3671,-73,567,-73,walking,0.00,0,0,0,0,0
1779914048223,-1347,15969,-3521,-45,558,-55,walking,0.00,0,0,0,0,0
1779914048224,-1491,15854,-3377,-37,548,-47,walking,0.00,0,0,0,0,0
1779914048251,-1619,15825,-3293,-59,543,-47,walking,0.00,0,0,0,0,0
1779914048251,-1730,15899,-3298,-85,539,-52,walking,0.00,0,0,0,0,0
1779914048254,-1852,15943,-3286,-105,540,-53,walking,0.00,0,0,0,0,0
1779914048277,-1864,15787,-3222,-130,546,-57,walking,0.00,0,0,0,0,0
1779914048279,-1878,15629,-3172,-172,545,-61,walking,0.00,0,0,0,0,0
1779914048280,-1861,15570,-3125,-217,533,-68,walking,0.00,0,0,0,0,0
1779914048310,-1817,15765,-3207,-268,519,-80,walking,0.00,0,0,0,0,0
1779914048311,-1769,16079,-3283,-296,506,-97,walking,0.00,0,0,0,0,0
1779914048312,-1742,16463,-3256,-294,498,-123,walking,0.00,0,0,0,0,0
1779914048338,-1701,16805,-3172,-282,493,-157,walking,0.00,0,0,0,0,0
1779914048338,-1693,17096,-3148,-264,495,-188,walking,0.00,0,0,0,0,0
1779914048339,-1699,17235,-3108,-239,489,-213,walking,0.00,0,0,0,0,0
1779914048368,-1575,17173,-3012,-218,475,-236,walking,0.00,0,0,0,0,0
1779914048368,-1489,17189,-2833,-221,453,-257,walking,0.00,0,0,0,0,0
1779914048369,-1322,17316,-2747,-209,434,-273,walking,0.00,0,0,0,0,0
1779914048401,-1200,17143,-2711,-183,416,-282,walking,0.00,0,0,0,0,0
1779914048401,-1147,16825,-2568,-149,397,-282,walking,0.00,0,0,0,0,0
1779914048402,-1048,16641,-2450,-119,374,-276,walking,0.00,0,0,0,0,0
1779914048427,-1025,16386,-2391,-85,350,-270,walking,0.00,0,0,0,0,0
1779914048427,-859,16079,-2325,-31,334,-253,walking,0.00,0,0,0,0,0
1779914048428,-694,15981,-2251,13,320,-234,walking,0.00,0,0,0,0,0
1779914048459,-568,15974,-2148,73,310,-219,walking,0.00,0,0,0,0,0
1779914048460,-475,15720,-1988,147,304,-202,walking,0.00,0,0,0,0,0
1779914048461,-280,15500,-1745,206,296,-183,walking,0.00,0,0,0,0,0
1779914048488,-86,15326,-1496,239,287,-170,walking,0.00,0,0,0,0,0
1779914048488,33,15282,-1200,262,278,-158,walking,0.00,0,0,0,0,0
1779914048489,40,15437,-870,274,270,-150,walking,0.00,0,0,0,0,0
1779914048519,22,15648,-613,280,275,-147,walking,0.00,0,0,0,0,0
1779914048520,142,15739,-362,292,285,-154,walking,0.00,0,0,0,0,0
1779914048521,80,15940,-55,283,289,-169,walking,0.00,0,0,0,0,0
1779914048547,-51,16205,167,245,296,-184,walking,0.00,0,0,0,0,0
1779914048547,-62,16577,279,201,309,-189,walking,0.00,0,0,0,0,0
1779914048555,-301,16897,382,170,312,-203,walking,0.00,0,0,0,0,0
1779914048577,-498,17113,510,144,315,-224,walking,0.00,0,0,0,0,0
1779914048579,-624,17251,482,110,316,-233,walking,0.00,0,0,0,0,0
1779914048579,-905,17288,388,81,314,-232,walking,0.00,0,0,0,0,0
1779914048609,-1186,17208,223,43,312,-224,walking,0.00,0,0,0,0,0
1779914048610,-1396,17049,100,2,304,-210,walking,0.00,0,0,0,0,0
1779914048611,-1544,16778,-137,-43,293,-196,walking,0.00,0,0,0,0,0
1779914048636,-1601,16484,-294,-87,279,-177,walking,0.00,0,0,0,0,0
1779914048637,-1645,16288,-557,-133,260,-163,walking,0.00,0,0,0,0,0
1779914048638,-1714,16224,-869,-155,247,-149,walking,0.00,0,0,0,0,0
1779914048668,-1672,16102,-928,-147,237,-124,walking,0.00,0,0,0,0,0
1779914048668,-1527,16037,-1063,-142,227,-103,walking,0.00,0,0,0,0,0
1779914048669,-1523,15975,-1151,-126,221,-87,walking,0.00,0,0,0,0,0
1779914048700,-1424,15960,-1114,-90,222,-71,walking,0.00,0,0,0,0,0
1779914048701,-1277,15935,-1029,-51,228,-63,walking,0.00,0,0,0,0,0
1779914048702,-1154,15820,-967,-20,235,-56,walking,0.00,0,0,0,0,0
1779914048729,-1135,15783,-864,11,234,-53,walking,0.00,0,0,0,0,0
1779914048729,-1153,15730,-752,37,230,-60,walking,0.00,0,0,0,0,0
1779914048730,-1148,15639,-708,47,229,-74,walking,0.00,0,0,0,0,0
1779914048758,-1288,15727,-662,47,232,-86,walking,0.00,0,0,0,0,0
1779914048760,-1420,15909,-656,41,236,-104,walking,0.00,0,0,0,0,0
1779914048761,-1516,16175,-738,41,243,-128,walking,0.00,0,0,0,0,0
1779914048788,-1811,16477,-895,62,254,-155,walking,0.00,0,0,0,0,0
1779914048793,-2045,16803,-859,99,271,-178,walking,0.00,0,0,0,0,0
1779914048794,-2340,17153,-892,134,291,-186,walking,0.00,0,0,0,0,0
1779914048822,-2598,17521,-928,175,315,-191,walking,0.00,0,0,0,0,0
1779914048822,-2851,17887,-1008,217,350,-205,walking,0.00,0,0,0,0,0
1779914048823,-3189,18053,-1050,266,390,-218,walking,0.00,0,0,0,0,0
1779914048847,-3536,17924,-1012,305,422,-221,walking,0.00,0,0,0,0,0
1779914048851,-3729,17638,-1190,306,444,-209,walking,0.00,0,0,0,0,0
1779914048852,-3800,17354,-1416,276,460,-189,walking,0.00,0,0,0,0,0
1779914048878,-3796,17036,-1573,238,468,-179,walking,0.00,0,0,0,0,0
1779914048878,-3736,16461,-1892,185,468,-171,walking,0.00,0,0,0,0,0
1779914048879,-3668,15750,-2233,126,459,-153,walking,0.00,0,0,0,0,0
1779914048910,-3588,14861,-2644,59,447,-135,walking,0.00,0,0,0,0,0
1779914048911,-3349,14260,-2861,-20,431,-124,walking,0.00,0,0,0,0,0
1779914048912,-2921,13960,-3328,-117,416,-109,walking,0.00,0,0,0,0,0
1779914048937,-2667,14003,-3746,-172,407,-89,walking,0.00,0,0,0,0,0
1779914048938,-2599,14343,-3990,-193,410,-76,walking,0.00,0,0,0,0,0
1779914048939,-2378,14589,-4228,-176,423,-63,walking,0.00,0,0,0,0,0
1779914048966,-2095,14762,-4294,-125,436,-46,walking,0.00,0,0,0,0,0
1779914048967,-1874,14863,-4309,-74,441,-37,walking,0.00,0,0,0,0,0
1779914048967,-1761,14777,-4383,-29,428,-37,walking,0.00,0,0,0,0,0
1779914048996,-1680,14559,-4437,-8,399,-41,walking,0.00,0,0,0,0,0
1779914048997,-1645,14284,-4447,-23,357,-47,walking,0.00,0,0,0,0,0
1779914048997,-1703,14156,-4526,-80,309,-50,walking,0.00,0,0,0,0,0
1779914049028,-1765,14185,-4651,-151,262,-56,walking,0.00,0,0,0,0,0
1779914049028,-1741,14325,-4808,-206,220,-68,walking,0.00,0,0,0,0,0
1779914049029,-1781,14463,-4849,-239,187,-87,walking,0.00,0,0,0,0,0
1779914049061,-1752,14512,-4938,-259,160,-106,walking,0.00,0,0,0,0,0
1779914049062,-1793,14588,-4932,-273,133,-115,walking,0.00,0,0,0,0,0
1779914049062,-1837,14741,-4943,-293,104,-119,walking,0.00,0,0,0,0,0
1779914049090,-1906,15240,-4968,-295,76,-117,walking,0.00,0,0,0,0,0
1779914049093,-1990,15663,-5050,-251,59,-112,walking,0.00,0,0,0,0,0
1779914049094,-1954,15781,-5119,-167,51,-98,walking,0.00,0,0,0,0,0
1779914049116,-2049,15482,-5072,-103,34,-77,walking,0.00,0,0,0,0,0
1779914049117,-2113,15214,-5097,-106,3,-60,walking,0.00,0,0,0,0,0
1779914049118,-2068,15320,-5155,-124,-34,-38,walking,0.00,0,0,0,0,0
1779914049145,-2149,15547,-5114,-121,-66,-16,walking,0.00,0,0,0,0,0
1779914049147,-2266,15645,-4983,-109,-92,5,walking,0.00,0,0,0,0,0
1779914049148,-2361,15934,-4922,-81,-118,34,walking,0.00,0,0,0,0,0
1779914049175,-2341,16223,-4814,-25,-135,67,walking,0.00,0,0,0,0,0
1779914049176,-2528,16245,-4698,48,-144,101,walking,0.00,0,0,0,0,0
1779914049176,-2576,15843,-4567,107,-145,129,walking,0.00,0,0,0,0,0
1779914049209,-2629,15354,-4414,104,-159,149,walking,0.00,0,0,0,0,0
1779914049210,-2698,15383,-4350,53,-182,160,walking,0.00,0,0,0,0,0
1779914049210,-2603,15601,-4353,25,-200,171,walking,0.00,0,0,0,0,0
1779914049242,-2628,15644,-4262,22,-218,180,walking,0.00,0,0,0,0,0
1779914049242,-2492,15506,-4226,32,-226,186,walking,0.00,0,0,0,0,0
1779914049242,-2327,15432,-4284,44,-239,193,walking,0.00,0,0,0,0,0
1779914049267,-2412,15355,-4238,53,-260,198,walking,0.00,0,0,0,0,0
1779914049268,-2425,15195,-4259,50,-279,199,walking,0.00,0,0,0,0,0
1779914049268,-2405,15177,-4293,38,-300,203,walking,0.00,0,0,0,0,0
1779914049299,-2479,15222,-4292,20,-322,211,walking,0.00,0,0,0,0,0
1779914049300,-2629,15282,-4366,22,-343,221,walking,0.00,0,0,0,0,0
1779914049301,-2661,15006,-4211,77,-367,234,walking,0.00,0,0,0,0,0
1779914049326,-2732,14870,-4226,87,-378,235,walking,0.00,0,0,0,0,0
1779914049358,-2779,14937,-4152,87,-388,233,walking,0.00,0,0,0,0,0
1779914049359,-2870,15048,-4223,86,-398,235,walking,0.00,0,0,0,0,0
1779914049361,-2964,15194,-4145,91,-411,235,walking,0.00,0,0,0,0,0
1779914049362,-3034,15188,-4037,99,-423,235,walking,0.00,0,0,0,0,0
1779914049362,-3138,15183,-4003,97,-434,234,walking,0.00,0,0,0,0,0
1779914049391,-3328,15251,-4013,84,-448,229,walking,0.00,0,0,0,0,0
1779914049393,-3500,15386,-3988,72,-461,218,walking,0.00,0,0,0,0,0
1779914049394,-3614,15510,-4012,71,-468,212,walking,0.00,0,0,0,0,0
1779914049416,-3725,15550,-4023,77,-474,212,walking,0.00,0,0,0,0,0
1779914049417,-3789,15525,-4072,71,-484,210,walking,0.00,0,0,0,0,0
1779914049418,-3780,15531,-4139,62,-492,203,walking,0.00,0,0,0,0,0
1779914049451,-3713,15609,-4129,59,-499,199,walking,0.00,0,0,0,0,0
1779914049451,-3693,15663,-4052,60,-506,193,walking,0.00,0,0,0,0,0
1779914049452,-3668,15824,-4083,61,-508,183,walking,0.00,0,0,0,0,0
1779914049478,-3533,15985,-4007,82,-507,174,walking,0.00,0,0,0,0,0
1779914049479,-3355,16171,-3714,116,-508,158,walking,0.00,0,0,0,0,0
1779914049480,-3400,16152,-3536,136,-502,139,walking,0.00,0,0,0,0,0
1779914049508,-3159,16271,-3362,160,-488,134,walking,0.00,0,0,0,0,0
1779914049509,-2986,16380,-3088,172,-481,124,walking,0.00,0,0,0,0,0
1779914049510,-2836,16309,-2888,161,-475,115,walking,0.00,0,0,0,0,0
1779914049537,-2597,16390,-2751,156,-465,114,walking,0.00,0,0,0,0,0
1779914049537,-2491,16304,-2516,168,-456,98,walking,0.00,0,0,0,0,0
1779914049538,-2270,16163,-2365,176,-441,79,walking,0.00,0,0,0,0,0
1779914049567,-2167,16158,-2161,180,-426,68,walking,0.00,0,0,0,0,0
1779914049570,-2187,15973,-2079,184,-413,58,walking,0.00,0,0,0,0,0
1779914049571,-2191,15749,-1961,173,-404,47,walking,0.00,0,0,0,0,0
1779914049598,-2122,15784,-1880,154,-394,39,walking,0.00,0,0,0,0,0
1779914049599,-2052,15735,-1847,146,-381,36,walking,0.00,0,0,0,0,0
1779914049600,-1902,15533,-1830,128,-365,33,walking,0.00,0,0,0,0,0
1779914049632,-1852,15644,-1837,105,-347,28,walking,0.00,0,0,0,0,0
1779914049632,-1759,15833,-1725,111,-323,25,walking,0.00,0,0,0,0,0
1779914049633,-1532,15727,-1674,130,-294,24,walking,0.00,0,0,0,0,0
1779914049664,-1474,15543,-1640,139,-268,25,walking,0.00,0,0,0,0,0
1779914049665,-1478,15402,-1632,143,-245,24,walking,0.00,0,0,0,0,0
1779914049671,-1371,15336,-1502,127,-223,18,walking,0.00,0,0,0,0,0
1779914049687,-1128,15563,-1417,103,-204,21,walking,0.00,0,0,0,0,0
1779914049688,-1113,15737,-1425,98,-178,24,walking,0.00,0,0,0,0,0
1779914049688,-1324,15821,-1364,95,-153,15,walking,0.00,0,0,0,0,0
1779914049716,-1290,16029,-1303,97,-122,10,walking,0.00,0,0,0,0,0
1779914049716,-1103,16138,-1172,111,-87,-6,walking,0.00,0,0,0,0,0
1779914049717,-1096,16061,-1068,94,-64,-20,walking,0.00,0,0,0,0,0
1779914049749,-1264,16191,-1064,49,-48,-35,walking,0.00,0,0,0,0,0
1779914049750,-1352,16499,-1007,13,-29,-49,walking,0.00,0,0,0,0,0
1779914049750,-1375,16840,-1031,-12,-6,-61,walking,0.00,0,0,0,0,0
1779914049776,-1501,16913,-1051,-23,19,-71,walking,0.00,0,0,0,0,0
1779914049777,-1589,16961,-1046,-22,46,-79,walking,0.00,0,0,0,0,0
1779914049778,-1679,16903,-1073,-24,75,-80,walking,0.00,0,0,0,0,0
1779914049810,-1755,16784,-1111,-30,101,-77,walking,0.00,0,0,0,0,0
1779914049810,-1837,16589,-1153,-28,126,-70,walking,0.00,0,0,0,0,0
1779914049811,-1912,16276,-1192,-32,151,-66,walking,0.00,0,0,0,0,0
1779914049842,-1942,16038,-1280,-45,175,-62,walking,0.00,0,0,0,0,0
1779914049842,-1989,15828,-1282,-47,195,-50,walking,0.00,0,0,0,0,0
1779914049844,-1936,15519,-1354,-47,216,-41,walking,0.00,0,0,0,0,0
1779914049870,-1825,15180,-1372,-42,244,-31,walking,0.00,0,0,0,0,0
1779914049870,-1769,15036,-1395,-42,279,-20,walking,0.00,0,0,0,0,0
1779914049874,-1620,15077,-1454,-46,314,-14,walking,0.00,0,0,0,0,0
1779914049899,-1609,15262,-1446,-41,343,-6,walking,0.00,0,0,0,0,0
1779914049900,-1647,15470,-1491,-24,376,-2,walking,0.00,0,0,0,0,0
1779914049900,-1624,15695,-1545,-4,407,-4,walking,0.00,0,0,0,0,0
1779914049928,-1687,16020,-1552,9,434,-18,walking,0.00,0,0,0,0,0
1779914049928,-1782,16295,-1544,2,463,-50,walking,0.00,0,0,0,0,0
1779914049929,-1901,16698,-1587,-26,488,-90,walking,0.00,0,0,0,0,0
1779914049957,-2213,17030,-1741,-57,500,-124,walking,0.00,0,0,0,0,0
1779914049957,-2532,17067,-1880,-83,507,-155,walking,0.00,0,0,0,0,0
1779914049958,-2702,16823,-2023,-130,506,-184,walking,0.00,0,0,0,0,0
1779914049991,-2794,16546,-2173,-206,496,-201,walking,0.00,0,0,0,0,0
1779914049991,-2807,16244,-2420,-294,481,-207,walking,0.00,0,0,0,0,0
1779914049992,-2894,15998,-2878,-364,462,-203,walking,0.00,0,0,0,0,0
1779914050017,-2793,15727,-3235,-402,439,-198,walking,0.00,0,0,0,0,0
1779914050018,-2581,15430,-3544,-414,411,-201,walking,0.00,0,0,0,0,0
1779914050019,-2346,15391,-3836,-410,382,-203,walking,0.00,0,0,0,0,0
1779914050049,-2291,15543,-4064,-389,357,-204,walking,0.00,0,0,0,0,0
1779914050051,-2194,15873,-4290,-327,338,-192,walking,0.00,0,0,0,0,0
1779914050051,-2208,16148,-4282,-228,320,-167,walking,0.00,0,0,0,0,0
1779914050077,-2285,16184,-4237,-122,300,-148,walking,0.00,0,0,0,0,0
1779914050078,-2368,16088,-4197,-31,273,-129,walking,0.00,0,0,0,0,0
1779914050079,-2327,15862,-4099,33,247,-113,walking,0.00,0,0,0,0,0
1779914050107,-2232,15563,-4042,72,217,-105,walking,0.00,0,0,0,0,0
1779914050138,-2183,15358,-3907,77,182,-101,walking,0.00,0,0,0,0,0
1779914050138,-2236,15356,-3825,53,149,-99,walking,0.00,0,0,0,0,0
1779914050138,-2255,15467,-3721,29,124,-99,walking,0.00,0,0,0,0,0
1779914050139,-2328,15532,-3716,20,105,-99,walking,0.00,0,0,0,0,0
1779914050139,-2466,15532,-3647,25,91,-102,walking,0.00,0,0,0,0,0
1779914050173,-2464,15407,-3591,24,84,-107,walking,0.00,0,0,0,0,0
1779914050174,-2468,15257,-3653,5,70,-111,walking,0.00,0,0,0,0,0
1779914050174,-2440,15146,-3752,-22,47,-113,walking,0.00,0,0,0,0,0
1779914050201,-2465,15100,-3918,-54,22,-109,walking,0.00,0,0,0,0,0
1779914050201,-2419,14983,-4104,-84,-3,-104,walking,0.00,0,0,0,0,0
1779914050202,-2396,14841,-4192,-117,-32,-95,walking,0.00,0,0,0,0,0
1779914050230,-2330,14982,-4322,-143,-53,-82,walking,0.00,0,0,0,0,0
1779914050231,-2505,14805,-4330,-141,-77,-68,walking,0.00,0,0,0,0,0
1779914050234,-2599,15172,-4388,-158,-88,-58,walking,0.00,0,0,0,0,0
1779914050256,-2307,15791,-4574,-96,-74,-34,walking,0.00,0,0,0,0,0
1779914050257,-2567,15573,-4443,29,-71,-1,walking,0.00,0,0,0,0,0
1779914050257,-2754,14860,-4285,80,-73,18,walking,0.00,0,0,0,0,0
1779914050287,-2606,14771,-4359,43,-81,36,walking,0.00,0,0,0,0,0
1779914050290,-2512,15323,-4401,19,-86,60,walking,0.00,0,0,0,0,0
1779914050291,-2726,15377,-4364,43,-88,69,walking,0.00,0,0,0,0,0
1779914050318,-2806,14752,-4251,44,-98,71,walking,0.00,0,0,0,0,0
1779914050318,-2719,14445,-4245,-42,-127,77,walking,0.00,0,0,0,0,0
1779914050319,-2794,14850,-4349,-135,-160,78,walking,0.00,0,0,0,0,0
1779914050349,-2628,15272,-4414,-148,-163,79,walking,0.00,0,0,0,0,0
1779914050350,-2524,15412,-4450,-99,-161,84,walking,0.00,0,0,0,0,0
1779914050350,-2644,15300,-4417,-54,-163,78,walking,0.00,0,0,0,0,0
1779914050377,-2591,15179,-4455,-38,-167,71,walking,0.00,0,0,0,0,0
1779914050377,-2528,15179,-4531,-46,-173,77,walking,0.00,0,0,0,0,0
1779914050378,-2558,15208,-4544,-59,-188,86,walking,0.00,0,0,0,0,0
1779914050407,-2588,15208,-4514,-81,-207,86,walking,0.00,0,0,0,0,0
1779914050407,-2645,15335,-4485,-109,-225,86,walking,0.00,0,0,0,0,0
1779914050408,-2585,15497,-4534,-115,-240,93,walking,0.00,0,0,0,0,0
1779914050440,-2519,15499,-4523,-78,-251,103,walking,0.00,0,0,0,0,0
1779914050441,-2545,14805,-4541,-30,-271,104,walking,0.00,0,0,0,0,0
1779914050442,-2422,14747,-4466,-55,-290,101,walking,0.00,0,0,0,0,0
1779914050468,-2385,14880,-4416,-88,-314,97,walking,0.00,0,0,0,0,0
1779914050469,-2285,15189,-4359,-97,-338,95,walking,0.00,0,0,0,0,0
1779914050470,-2220,15491,-4301,-82,-360,100,walking,0.00,0,0,0,0,0
1779914050500,-2308,15707,-4222,-54,-378,102,walking,0.00,0,0,0,0,0
1779914050501,-2443,15839,-4096,-16,-388,107,walking,0.00,0,0,0,0,0
1779914050502,-2571,15845,-3960,11,-400,111,walking,0.00,0,0,0,0,0
1779914050526,-2676,15929,-3818,25,-414,105,walking,0.00,0,0,0,0,0
1779914050527,-2750,16117,-3683,22,-433,94,walking,0.00,0,0,0,0,0
1779914050528,-3016,16403,-3488,19,-453,81,walking,0.00,0,0,0,0,0
1779914050557,-3211,16643,-3303,25,-462,62,walking,0.00,0,0,0,0,0
1779914050558,-3337,16723,-3186,30,-470,43,walking,0.00,0,0,0,0,0
1779914050559,-3479,16801,-2968,35,-478,33,walking,0.00,0,0,0,0,0
1779914050591,-3607,16711,-2836,29,-486,29,walking,0.00,0,0,0,0,0
1779914050592,-3684,16523,-2872,10,-501,27,walking,0.00,0,0,0,0,0
1779914050592,-3647,16408,-2815,1,-510,27,walking,0.00,0,0,0,0,0
1779914050617,-3623,16215,-2802,-3,-508,24,walking,0.00,0,0,0,0,0
1779914050618,-3539,15960,-2810,2,-500,26,walking,0.00,0,0,0,0,0
1779914050618,-3366,15738,-2742,13,-483,33,walking,0.00,0,0,0,0,0
1779914050648,-3123,15679,-2689,30,-455,40,walking,0.00,0,0,0,0,0
1779914050649,-3070,15753,-2545,48,-432,48,walking,0.00,0,0,0,0,0
1779914050649,-3082,15791,-2474,73,-406,59,walking,0.00,0,0,0,0,0
1779914050676,-2935,15765,-2338,111,-379,76,walking,0.00,0,0,0,0,0
1779914050677,-2779,15557,-2216,146,-360,86,walking,0.00,0,0,0,0,0
1779914050678,-2691,15262,-2034,152,-342,92,walking,0.00,0,0,0,0,0
1779914050709,-2581,15122,-1859,127,-320,95,walking,0.00,0,0,0,0,0
1779914050711,-2548,15152,-1826,91,-303,98,walking,0.00,0,0,0,0,0
1779914050711,-2635,15150,-1800,67,-288,95,walking,0.00,0,0,0,0,0
1779914050740,-2611,15064,-1688,44,-269,88,walking,0.00,0,0,0,0,0
1779914050741,-2672,15110,-1617,16,-248,82,walking,0.00,0,0,0,0,0
1779914050741,-2710,15251,-1649,-3,-225,81,walking,0.00,0,0,0,0,0
1779914050767,-2764,15319,-1600,-9,-199,79,walking,0.00,0,0,0,0,0
1779914050767,-2794,15390,-1566,-19,-175,74,walking,0.00,0,0,0,0,0
1779914050768,-2869,15384,-1680,-33,-152,74,walking,0.00,0,0,0,0,0
1779914050802,-2881,15352,-1722,-47,-129,77,walking,0.00,0,0,0,0,0
1779914050803,-2871,15299,-1675,-61,-109,76,walking,0.00,0,0,0,0,0
1779914050803,-2815,15304,-1718,-83,-92,72,walking,0.00,0,0,0,0,0
1779914050827,-2750,15465,-1769,-100,-77,74,walking,0.00,0,0,0,0,0
1779914050832,-2744,15544,-1810,-99,-62,75,walking,0.00,0,0,0,0,0
1779914050832,-2792,15525,-1856,-96,-52,78,walking,0.00,0,0,0,0,0
1779914050859,-2797,15557,-1921,-98,-46,85,walking,0.00,0,0,0,0,0
1779914050860,-2777,15576,-1924,-102,-40,90,walking,0.00,0,0,0,0,0
1779914050860,-2681,15687,-1891,-113,-34,88,walking,0.00,0,0,0,0,0
1779914050890,-2750,15781,-2014,-126,-32,86,walking,0.00,0,0,0,0,0
1779914050890,-2774,15853,-2021,-123,-24,84,walking,0.00,0,0,0,0,0
1779914050891,-2648,15927,-2049,-122,-14,82,walking,0.00,0,0,0,0,0
1779914050918,-2617,16110,-2169,-121,-4,81,walking,0.00,0,0,0,0,0
1779914050919,-2636,16312,-2332,-109,5,86,walking,0.00,0,0,0,0,0
1779914050927,-2628,16384,-2380,-97,14,99,walking,0.00,0,0,0,0,0
1779914050948,-2544,16401,-2484,-88,17,120,walking,0.00,0,0,0,0,0
1779914050948,-2624,16410,-2700,-76,23,145,walking,0.00,0,0,0,0,0
1779914050949,-2607,16238,-2813,-49,30,167,walking,0.00,0,0,0,0,0
1779914050981,-2564,16052,-2859,-19,42,183,walking,0.00,0,0,0,0,0
1779914050982,-2554,15921,-2940,-4,55,200,walking,0.00,0,0,0,0,0
1779914050983,-2570,15935,-3006,4,74,221,walking,0.00,0,0,0,0,0
1779914051006,-2520,16074,-3044,28,100,248,walking,0.00,0,0,0,0,0
1779914051008,-2477,16087,-3051,62,128,277,walking,0.00,0,0,0,0,0
1779914051009,-2341,15920,-3003,96,163,300,walking,0.00,0,0,0,0,0
1779914051040,-2130,15882,-2895,107,195,312,walking,0.00,0,0,0,0,0
1779914051067,-1804,15924,-2945,95,222,317,walking,0.00,0,0,0,0,0
1779914051067,-1586,15988,-3066,81,234,323,walking,0.00,0,0,0,0,0
1779914051068,-1463,16039,-3288,65,244,329,walking,0.00,0,0,0,0,0
1779914051069,-1248,15995,-3507,62,257,347,walking,0.00,0,0,0,0,0
1779914051069,-861,16145,-3750,66,279,373,walking,0.00,0,0,0,0,0
1779914051099,-578,16345,-3993,83,306,402,walking,0.00,0,0,0,0,0
1779914051100,-560,16524,-4258,132,337,425,walking,0.00,0,0,0,0,0
1779914051101,-469,16445,-4259,231,376,432,walking,0.00,0,0,0,0,0
1779914051126,-299,16330,-4254,303,417,429,walking,0.00,0,0,0,0,0
1779914051135,-122,16102,-4352,339,453,418,walking,0.00,0,0,0,0,0
1779914051136,221,15945,-4412,372,483,407,walking,0.00,0,0,0,0,0
1779914051156,305,16118,-4364,381,500,404,walking,0.00,0,0,0,0,0
1779914051158,561,16215,-4435,378,517,385,walking,0.00,0,0,0,0,0
1779914051158,680,16399,-4355,380,516,388,walking,0.00,0,0,0,0,0
1779914051192,362,16828,-4148,381,502,399,walking,0.00,0,0,0,0,0
1779914051193,37,17233,-4049,405,497,418,walking,0.00,0,0,0,0,0
1779914051194,-54,17189,-3917,457,505,430,walking,0.00,0,0,0,0,0
1779914051217,217,17261,-3697,481,512,434,walking,0.00,0,0,0,0,0
1779914051218,-69,17411,-3405,462,503,441,walking,0.00,0,0,0,0,0
1779914051219,-486,17412,-3374,460,497,473,walking,0.00,0,0,0,0,0
1779914051248,-739,17043,-3363,479,497,518,walking,0.00,0,0,0,0,0
1779914051248,-883,16768,-2751,478,486,549,walking,0.00,0,0,0,0,0
1779914051249,-620,16687,-2607,455,478,580,walking,0.00,0,0,0,0,0
1779914051276,-397,16582,-2515,471,466,597,walking,0.00,0,0,0,0,0
1779914051277,-387,16113,-2292,491,452,583,walking,0.00,0,0,0,0,0
1779914051278,-222,15899,-2126,475,440,579,walking,0.00,0,0,0,0,0
1779914051307,-215,15894,-1854,445,419,579,walking,0.00,0,0,0,0,0
1779914051308,-297,15910,-1615,413,393,580,walking,0.00,0,0,0,0,0
1779914051308,-452,15996,-1313,376,360,602,walking,0.00,0,0,0,0,0
1779914051338,-439,15995,-1098,355,331,633,walking,0.00,0,0,0,0,0
1779914051338,-179,15862,-836,337,303,646,walking,0.00,0,0,0,0,0
1779914051339,72,15829,-661,310,267,639,walking,0.00,0,0,0,0,0
1779914051372,341,15609,-388,284,217,625,walking,0.00,0,0,0,0,0
1779914051373,517,15211,-354,207,156,623,walking,0.00,0,0,0,0,0
1779914051374,862,14621,-470,137,94,630,walking,0.00,0,0,0,0,0
1779914051397,1333,14121,-371,61,27,636,walking,0.00,0,0,0,0,0
1779914051398,1877,13954,-204,-56,-40,634,walking,0.00,0,0,0,0,0
1779914051398,2402,14082,-280,-181,-104,616,walking,0.00,0,0,0,0,0
1779914051426,2902,14455,-325,-270,-167,594,walking,0.00,0,0,0,0,0
1779914051427,3109,14942,-212,-330,-235,571,walking,0.00,0,0,0,0,0
1779914051428,3142,15256,-29,-367,-302,568,walking,0.00,0,0,0,0,0
1779914051458,3233,15275,-68,-394,-365,592,walking,0.00,0,0,0,0,0
1779914051459,3150,15004,-78,-413,-432,609,walking,0.00,0,0,0,0,0
1779914051460,3281,14622,-91,-442,-492,618,walking,0.00,0,0,0,0,0
1779914051489,3545,14457,-105,-510,-554,618,walking,0.00,0,0,0,0,0
1779914051490,3591,14672,-127,-606,-622,614,walking,0.00,0,0,0,0,0
1779914051490,3593,15297,-89,-674,-685,605,walking,0.00,0,0,0,0,0
1779914051516,3421,15876,-201,-711,-743,590,walking,0.00,0,0,0,0,0
1779914051516,3115,16248,-239,-700,-794,574,walking,0.00,0,0,0,0,0
1779914051517,2918,16304,-453,-682,-838,553,walking,0.00,0,0,0,0,0
1779914051548,2815,15990,-810,-679,-891,534,walking,0.00,0,0,0,0,0
1779914051549,2648,15693,-983,-709,-955,515,walking,0.00,0,0,0,0,0
1779914051550,2621,15639,-1120,-782,-1017,491,walking,0.00,0,0,0,0,0
1779914051580,2342,16232,-1794,-886,-1122,413,walking,0.00,0,0,0,0,0
1779914051581,2030,16320,-1989,-884,-1156,355,walking,0.00,0,0,0,0,0
1779914051582,1870,16211,-2004,-865,-1175,311,walking,0.00,0,0,0,0,0
1779914051612,2014,16401,-2046,-860,-1197,273,walking,0.00,0,0,0,0,0
1779914051612,2139,16619,-2059,-828,-1217,230,walking,0.00,0,0,0,0,0
1779914051613,2229,16513,-2187,-754,-1229,196,walking,0.00,0,0,0,0,0
1779914051639,2291,16201,-2433,-704,-1246,164,walking,0.00,0,0,0,0,0
1779914051639,2141,16037,-2646,-693,-1272,127,walking,0.00,0,0,0,0,0
1779914051640,2228,16249,-2786,-703,-1286,102,walking,0.00,0,0,0,0,0
1779914051667,2565,16441,-2884,-705,-1289,95,walking,0.00,0,0,0,0,0
1779914051668,2449,16646,-3136,-676,-1298,94,walking,0.00,0,0,0,0,0
1779914051668,2408,16511,-3243,-586,-1298,83,walking,0.00,0,0,0,0,0
1779914051699,2602,16151,-3182,-495,-1294,63,walking,0.00,0,0,0,0,0
1779914051699,2655,15901,-3292,-451,-1293,42,walking,0.00,0,0,0,0,0
1779914051700,2359,15816,-3594,-417,-1300,14,walking,0.00,0,0,0,0,0
1779914051730,2349,15717,-3587,-365,-1294,-24,walking,0.00,0,0,0,0,0
1779914051730,2400,15480,-3428,-340,-1282,-66,walking,0.00,0,0,0,0,0
1779914051731,2409,15539,-3367,-348,-1259,-101,walking,0.00,0,0,0,0,0
1779914051755,2707,15883,-3281,-314,-1221,-120,walking,0.00,0,0,0,0,0
1779914051756,2369,15951,-3151,-247,-1192,-142,walking,0.00,0,0,0,0,0
1779914051756,2093,15643,-3016,-201,-1168,-163,walking,0.00,0,0,0,0,0
1779914051788,1887,15570,-2859,-189,-1142,-193,walking,0.00,0,0,0,0,0
1779914051788,2134,15649,-2775,-160,-1099,-252,walking,0.00,0,0,0,0,0
1779914051789,2153,16013,-2758,-142,-1071,-282,walking,0.00,0,0,0,0,0
1779914051822,1335,16223,-2991,-119,-1021,-287,walking,0.00,0,0,0,0,0
1779914051823,1552,16536,-3035,-21,-926,-266,walking,0.00,0,0,0,0,0
1779914051823,1320,16260,-2876,32,-861,-273,walking,0.00,0,0,0,0,0
1779914051850,1122,16407,-2859,96,-760,-266,walking,0.00,0,0,0,0,0
1779914051851,1059,16785,-2818,169,-706,-229,walking,0.00,0,0,0,0,0
1779914051852,1284,15698,-2539,214,-650,-296,walking,0.00,0,0,0,0,0
1779914051880,1455,15713,-2502,162,-589,-297,walking,0.00,0,0,0,0,0
1779914051881,1359,15937,-2722,111,-533,-299,walking,0.00,0,0,0,0,0
1779914051881,1044,15923,-2694,124,-478,-322,walking,0.00,0,0,0,0,0
1779914051907,1105,15946,-2392,137,-422,-332,walking,0.00,0,0,0,0,0
1779914051908,1308,16183,-2168,90,-380,-340,walking,0.00,0,0,0,0,0
1779914051909,1244,16420,-2486,4,-347,-337,walking,0.00,0,0,0,0,0
1779914051938,1111,16751,-2880,-33,-310,-333,walking,0.00,0,0,0,0,0
1779914051939,775,17110,-3126,-15,-256,-329,walking,0.00,0,0,0,0,0
1779914051940,540,16492,-3426,45,-194,-345,walking,0.00,0,0,0,0,0
1779914051966,648,16545,-3393,102,-123,-292,walking,0.00,0,0,0,0,0
1779914051967,-97,16010,-3265,135,-80,-334,walking,0.00,0,0,0,0,0
1779914051968,-175,16061,-3201,118,-38,-378,walking,0.00,0,0,0,0,0
1779914051999,125,16573,-3328,111,-9,-366,walking,0.00,0,0,0,0,0
1779914052000,-50,16701,-3145,175,2,-353,walking,0.00,0,0,0,0,0
1779914052000,-125,16272,-2859,232,9,-362,walking,0.00,0,0,0,0,0
1779914052029,143,16057,-2623,217,13,-366,walking,0.00,0,0,0,0,0
1779914052030,354,16065,-2486,191,21,-362,walking,0.00,0,0,0,0,0
1779914052031,523,16088,-2510,193,40,-351,walking,0.00,0,0,0,0,0
1779914052057,594,15901,-2471,227,57,-343,walking,0.00,0,0,0,0,0
1779914052057,675,15456,-2162,251,70,-343,walking,0.00,0,0,0,0,0
1779914052058,818,15238,-1895,228,80,-346,walking,0.00,0,0,0,0,0
1779914052089,921,15260,-1827,173,75,-343,walking,0.00,0,0,0,0,0
1779914052090,867,15525,-2073,132,76,-327,walking,0.00,0,0,0,0,0
1779914052091,737,15858,-2075,149,86,-321,walking,0.00,0,0,0,0,0
1779914052117,589,15964,-2071,142,94,-332,walking,0.00,0,0,0,0,0
1779914052121,618,16378,-2273,158,106,-327,walking,0.00,0,0,0,0,0
1779914052122,811,16077,-2259,262,136,-309,walking,0.00,0,0,0,0,0
1779914052147,458,14975,-1914,270,141,-304,walking,0.00,0,0,0,0,0
1779914052147,412,14860,-2137,136,136,-316,walking,0.00,0,0,0,0,0
1779914052148,726,15742,-2296,67,144,-338,walking,0.00,0,0,0,0,0
1779914052183,332,16509,-2448,74,156,-351,walking,0.00,0,0,0,0,0
1779914052184,-101,16120,-2585,98,180,-362,walking,0.00,0,0,0,0,0
1779914052185,-55,15823,-2719,88,200,-362,walking,0.00,0,0,0,0,0
1779914052207,167,15931,-2532,75,203,-367,walking,0.00,0,0,0,0,0
1779914052208,429,15918,-2043,68,186,-361,walking,0.00,0,0,0,0,0
1779914052208,538,16049,-2102,-3,150,-340,walking,0.00,0,0,0,0,0
1779914052240,151,15955,-2647,-93,106,-347,walking,0.00,0,0,0,0,0
1779914052241,425,15793,-3069,-95,95,-377,walking,0.00,0,0,0,0,0
1779914052242,970,15858,-2618,-32,83,-378,walking,0.00,0,0,0,0,0
1779914052267,821,16355,-1732,-1,46,-352,walking,0.00,0,0,0,0,0
1779914052267,221,16722,-1517,-14,-10,-337,walking,0.00,0,0,0,0,0
1779914052268,-218,16519,-1753,14,-65,-347,walking,0.00,0,0,0,0,0
1779914052297,-349,16080,-1817,45,-107,-374,walking,0.00,0,0,0,0,0
1779914052297,-243,15785,-1924,5,-138,-389,walking,0.00,0,0,0,0,0
1779914052298,111,16079,-2168,-43,-160,-373,walking,0.00,0,0,0,0,0
1779914052330,635,16398,-2325,-42,-159,-339,walking,0.00,0,0,0,0,0
1779914052330,1279,16303,-2113,-29,-163,-284,walking,0.00,0,0,0,0,0
1779914052331,1266,17027,-1562,-41,-206,-182,walking,0.00,0,0,0,0,0
1779914052358,728,17496,-1934,-28,-252,-108,walking,0.00,0,0,0,0,0
1779914052362,341,17512,-2402,94,-254,-84,walking,0.00,0,0,0,0,0
1779914052363,240,16728,-3164,219,-203,-102,walking,0.00,0,0,0,0,0
1779914052392,-84,15199,-3003,268,-148,-121,walking,0.00,0,0,0,0,0
1779914052395,-1059,15351,-2606,164,-138,-114,walking,0.00,0,0,0,0,0
1779914052396,-1844,16097,-2947,53,-125,-123,walking,0.00,0,0,0,0,0
1779914052417,-1946,16279,-3144,86,-75,-125,walking,0.00,0,0,0,0,0
1779914052420,-1804,15683,-3055,124,-30,-146,walking,0.00,0,0,0,0,0
1779914052421,-1651,14822,-3227,73,7,-207,walking,0.00,0,0,0,0,0
1779914052454,-1303,14878,-3352,-13,50,-272,walking,0.00,0,0,0,0,0
1779914052455,-1451,15488,-3270,-61,91,-318,walking,0.00,0,0,0,0,0
1779914052456,-1539,15673,-3010,-34,120,-339,walking,0.00,0,0,0,0,0
1779914052479,-1942,16194,-2493,14,113,-318,walking,0.00,0,0,0,0,0
1779914052480,-2301,16104,-2820,20,106,-309,walking,0.00,0,0,0,0,0
1779914052480,-1826,15561,-2884,46,109,-297,walking,0.00,0,0,0,0,0
1779914052507,-1324,15265,-2729,30,90,-292,walking,0.00,0,0,0,0,0
1779914052508,-1270,15202,-2914,8,70,-308,walking,0.00,0,0,0,0,0
1779914052508,-1145,14867,-2891,44,58,-320,walking,0.00,0,0,0,0,0
1779914052537,-978,14593,-2467,69,38,-311,walking,0.00,0,0,0,0,0
1779914052538,-911,15355,-1964,43,13,-286,walking,0.00,0,0,0,0,0
1779914052539,-865,15850,-1999,32,-19,-280,walking,0.00,0,0,0,0,0
1779914052567,-912,15172,-2197,75,-52,-283,walking,0.00,0,0,0,0,0
1779914052571,-1066,14478,-2344,84,-86,-312,walking,0.00,0,0,0,0,0
1779914052572,-1163,14421,-2554,55,-108,-356,walking,0.00,0,0,0,0,0
1779914052598,-1328,14445,-2563,47,-124,-388,walking,0.00,0,0,0,0,0
1779914052599,-1490,14507,-2609,30,-124,-420,walking,0.00,0,0,0,0,0
1779914052600,-1562,14430,-2643,-15,-124,-452,walking,0.00,0,0,0,0,0
1779914052629,-1873,14636,-3119,-67,-121,-471,walking,0.00,0,0,0,0,0
1779914052630,-2173,14674,-3569,-48,-92,-476,walking,0.00,0,0,0,0,0
1779914052631,-2379,14468,-3605,-11,-47,-483,walking,0.00,0,0,0,0,0
1779914052661,-2209,14443,-3620,-35,1,-509,walking,0.00,0,0,0,0,0
1779914052661,-1679,14805,-3465,-79,38,-545,walking,0.00,0,0,0,0,0
1779914052664,-1491,15305,-3418,-117,58,-568,walking,0.00,0,0,0,0,0
1779914052687,-1402,15715,-3638,-112,84,-575,walking,0.00,0,0,0,0,0
1779914052688,-1502,16060,-3779,-83,116,-586,walking,0.00,0,0,0,0,0
1779914052688,-1765,16129,-3575,-29,164,-592,walking,0.00,0,0,0,0,0
1779914052717,-1799,16371,-3539,-46,160,-563,walking,0.00,0,0,0,0,0
1779914052722,-2307,16574,-3585,5,153,-497,walking,0.00,0,0,0,0,0
1779914052722,-2493,16230,-3360,75,142,-466,walking,0.00,0,0,0,0,0
1779914052748,-2352,15869,-3563,57,132,-477,walking,0.00,0,0,0,0,0
1779914052749,-2334,15637,-3794,19,134,-492,walking,0.00,0,0,0,0,0
1779914052750,-2436,15974,-3555,-24,137,-481,walking,0.00,0,0,0,0,0
1779914052778,-2663,16804,-3405,-49,118,-468,walking,0.00,0,0,0,0,0
1779914052779,-2881,16811,-3468,-19,80,-459,walking,0.00,0,0,0,0,0
1779914052780,-3112,16052,-3577,25,42,-453,walking,0.00,0,0,0,0,0
1779914052806,-2977,15376,-3634,30,12,-449,walking,0.00,0,0,0,0,0
1779914052807,-2790,15036,-3484,17,-25,-450,walking,0.00,0,0,0,0,0
1779914052808,-2819,14811,-3014,30,-78,-445,walking,0.00,0,0,0,0,0
1779914052840,-3115,15566,-2540,1,-138,-427,walking,0.00,0,0,0,0,0
1779914052840,-3612,15813,-2737,-38,-191,-420,walking,0.00,0,0,0,0,0
1779914052841,-3841,15640,-2576,-19,-213,-407,walking,0.00,0,0,0,0,0
1779914052871,-3733,15966,-2786,-11,-229,-387,walking,0.00,0,0,0,0,0
1779914052872,-3726,16067,-2970,32,-239,-358,walking,0.00,0,0,0,0,0
1779914052872,-3642,15433,-2737,86,-244,-334,walking,0.00,0,0,0,0,0
1779914052897,-3560,15098,-2627,71,-251,-324,walking,0.00,0,0,0,0,0
1779914052898,-3535,14613,-2702,46,-249,-312,walking,0.00,0,0,0,0,0
1779914052899,-3562,14427,-2654,34,-247,-304,walking,0.00,0,0,0,0,0
1779914052931,-3916,14703,-2723,14,-258,-306,walking,0.00,0,0,0,0,0
1779914052932,-4340,14894,-2897,-22,-269,-295,walking,0.00,0,0,0,0,0
1779914052932,-4505,15452,-2646,-48,-285,-254,walking,0.00,0,0,0,0,0
1779914052957,-4870,16251,-2493,-36,-304,-193,walking,0.00,0,0,0,0,0
1779914052958,-5384,16526,-2654,23,-305,-131,walking,0.00,0,0,0,0,0
1779914052959,-5563,16231,-2568,78,-291,-94,walking,0.00,0,0,0,0,0
1779914052990,-5491,15926,-2492,100,-266,-79,walking,0.00,0,0,0,0,0
1779914052990,-5511,15709,-2496,102,-248,-78,walking,0.00,0,0,0,0,0
1779914052991,-5878,15541,-2470,107,-222,-73,walking,0.00,0,0,0,0,0
1779914053021,-6368,15612,-2397,111,-199,-60,walking,0.00,0,0,0,0,0
1779914053022,-6754,15470,-2568,106,-183,-63,walking,0.00,0,0,0,0,0
1779914053022,-6936,15312,-2673,80,-160,-64,walking,0.00,0,0,0,0,0
1779914053047,-6902,15280,-2643,52,-136,-51,walking,0.00,0,0,0,0,0
1779914053048,-6678,15195,-2353,34,-119,-34,walking,0.00,0,0,0,0,0
1779914053048,-6439,14958,-2308,9,-108,-21,walking,0.00,0,0,0,0,0
1779914053078,-6226,14749,-2347,-17,-103,-8,walking,0.00,0,0,0,0,0
1779914053079,-5856,14709,-2302,-12,-109,-5,walking,0.00,0,0,0,0,0
1779914053080,-5696,14612,-2225,5,-129,-24,walking,0.00,0,0,0,0,0
1779914053108,-5728,14617,-2380,-15,-145,-55,walking,0.00,0,0,0,0,0
1779914053108,-5810,14829,-2550,-32,-152,-72,walking,0.00,0,0,0,0,0
1779914053109,-5784,15031,-2595,-24,-144,-74,walking,0.00,0,0,0,0,0
1779914053139,-5806,15044,-2723,3,-126,-70,walking,0.00,0,0,0,0,0
1779914053140,-5889,14889,-2785,34,-107,-70,walking,0.00,0,0,0,0,0
1779914053140,-5768,14654,-2571,30,-91,-82,walking,0.00,0,0,0,0,0
1779914053174,-5548,14542,-2603,-5,-82,-84,walking,0.00,0,0,0,0,0
1779914053175,-5574,14563,-2699,-32,-81,-87,walking,0.00,0,0,0,0,0
1779914053175,-5594,14554,-2642,-37,-73,-96,walking,0.00,0,0,0,0,0
1779914053197,-5426,14535,-2584,-41,-66,-104,walking,0.00,0,0,0,0,0
1779914053198,-5405,14599,-2549,-52,-68,-105,walking,0.00,0,0,0,0,0
1779914053198,-5457,14666,-2706,-73,-76,-101,walking,0.00,0,0,0,0,0
1779914053229,-5459,14767,-2832,-86,-79,-98,walking,0.00,0,0,0,0,0
1779914053230,-5319,15109,-2768,-96,-81,-81,walking,0.00,0,0,0,0,0
1779914053231,-5292,15252,-2778,-92,-87,-55,walking,0.00,0,0,0,0,0
1779914053257,-5240,15188,-2829,-65,-95,-39,walking,0.00,0,0,0,0,0
1779914053258,-5216,15176,-2864,-43,-108,-35,walking,0.00,0,0,0,0,0
1779914053259,-5256,15083,-2852,-30,-119,-37,walking,0.00,0,0,0,0,0
1779914053292,-5312,15057,-2895,-31,-124,-30,walking,0.00,0,0,0,0,0
1779914053293,-5453,15122,-2931,-28,-127,-21,walking,0.00,0,0,0,0,0
1779914053293,-5570,15227,-2855,-19,-129,-14,walking,0.00,0,0,0,0,0
1779914053316,-5725,15295,-2763,-6,-130,-13,walking,0.00,0,0,0,0,0
1779914053320,-5792,15247,-2447,-1,-133,-12,walking,0.00,0,0,0,0,0
1779914053321,-5809,15386,-2552,-8,-132,-5,walking,0.00,0,0,0,0,0
1779914053347,-5708,15221,-2462,30,-125,-4,walking,0.00,0,0,0,0,0
1779914053349,-5553,14994,-2248,36,-128,-6,walking,0.00,0,0,0,0,0
1779914053349,-5481,15119,-2315,12,-133,-8,walking,0.00,0,0,0,0,0
1779914053378,-5499,15074,-2255,15,-138,-10,walking,0.00,0,0,0,0,0
1779914053378,-5467,14937,-2320,11,-143,-19,walking,0.00,0,0,0,0,0
1779914053379,-5350,15087,-2395,-10,-144,-29,walking,0.00,0,0,0,0,0
1779914053408,-5172,15278,-2409,-20,-143,-29,walking,0.00,0,0,0,0,0
1779914053412,-5153,15265,-2428,-14,-136,-19,walking,0.00,0,0,0,0,0
1779914053412,-5257,15270,-2491,-2,-130,-5,walking,0.00,0,0,0,0,0
1779914053439,-5365,15166,-2567,9,-128,4,walking,0.00,0,0,0,0,0
1779914053440,-5408,14945,-2631,23,-124,7,walking,0.00,0,0,0,0,0
1779914053440,-5452,14831,-2607,24,-118,4,walking,0.00,0,0,0,0,0
1779914053469,-5438,14890,-2502,14,-113,2,walking,0.00,0,0,0,0,0
1779914053470,-5418,14928,-2366,5,-112,8,walking,0.00,0,0,0,0,0
1779914053471,-5608,14918,-2444,-8,-111,21,walking,0.00,0,0,0,0,0
1779914053497,-5615,14970,-2392,-10,-102,30,walking,0.00,0,0,0,0,0
1779914053498,-5414,14963,-2266,-11,-93,43,walking,0.00,0,0,0,0,0
1779914053499,-5253,14924,-2086,-16,-87,57,walking,0.00,0,0,0,0,0
1779914053528,-5185,14906,-2017,-25,-91,66,walking,0.00,0,0,0,0,0
1779914053529,-5141,14939,-1962,-36,-100,71,walking,0.00,0,0,0,0,0
1779914053530,-5116,15045,-1852,-38,-115,71,walking,0.00,0,0,0,0,0
1779914053556,-5151,15055,-1857,-37,-130,70,walking,0.00,0,0,0,0,0
1779914053557,-5170,15160,-1995,-42,-141,64,walking,0.00,0,0,0,0,0
1779914053558,-5259,15184,-2293,-51,-145,65,walking,0.00,0,0,0,0,0
1779914053590,-5262,15104,-2594,-40,-137,75,walking,0.00,0,0,0,0,0
1779914053591,-5375,15117,-2760,-25,-121,69,walking,0.00,0,0,0,0,0
1779914053594,-5543,15032,-2926,-12,-103,52,walking,0.00,0,0,0,0,0
1779914053619,-5731,15085,-3028,-5,-85,42,walking,0.00,0,0,0,0,0
1779914053620,-6045,15218,-3080,9,-64,30,walking,0.00,0,0,0,0,0
1779914053621,-6263,15333,-3110,23,-42,16,walking,0.00,0,0,0,0,0
1779914053649,-6517,15480,-3127,39,-20,-1,walking,0.00,0,0,0,0,0
1779914053654,-6586,15550,-2892,67,2,-14,walking,0.00,0,0,0,0,0
1779914053654,-6624,15486,-2718,87,19,-17,walking,0.00,0,0,0,0,0
1779914053678,-6624,15302,-2558,92,28,-24,walking,0.00,0,0,0,0,0
1779914053679,-6371,15206,-2410,89,37,-29,walking,0.00,0,0,0,0,0
1779914053679,-6114,15102,-2222,85,48,-32,walking,0.00,0,0,0,0,0
1779914053710,-5844,15070,-2053,75,58,-36,walking,0.00,0,0,0,0,0
1779914053711,-5528,15121,-1870,58,59,-43,walking,0.00,0,0,0,0,0
1779914053711,-5314,15115,-1859,32,57,-46,walking,0.00,0,0,0,0,0
1779914053737,-5114,15116,-1988,9,53,-48,walking,0.00,0,0,0,0,0
1779914053739,-4793,15166,-2033,-16,55,-51,walking,0.00,0,0,0,0,0
1779914053740,-4458,15358,-2032,-27,54,-46,walking,0.00,0,0,0,0,0
1779914053769,-4359,15372,-2066,-28,53,-43,walking,0.00,0,0,0,0,0
1779914053770,-4265,15328,-2160,-33,55,-36,walking,0.00,0,0,0,0,0
1779914053771,-4248,15401,-2234,-48,49,-27,walking,0.00,0,0,0,0,0
1779914053797,-4111,15463,-2396,-49,45,-21,walking,0.00,0,0,0,0,0
1779914053799,-4139,15385,-2614,-44,38,-17,walking,0.00,0,0,0,0,0
1779914053800,-4287,15488,-2747,-47,29,-13,walking,0.00,0,0,0,0,0
1779914053831,-4372,15651,-2854,-32,17,-1,walking,0.00,0,0,0,0,0
1779914053831,-4534,15614,-2887,-1,2,10,walking,0.00,0,0,0,0,0
1779914053832,-4857,15542,-2900,37,-29,27,walking,0.00,0,0,0,0,0
1779914053861,-5057,15544,-2936,55,-40,24,walking,0.00,0,0,0,0,0
1779914053862,-5076,15526,-2842,74,-50,22,walking,0.00,0,0,0,0,0
1779914053862,-5126,15604,-2721,74,-63,33,walking,0.00,0,0,0,0,0
1779914053887,-5351,15667,-2730,80,-76,41,walking,0.00,0,0,0,0,0
1779914053888,-5386,15605,-2703,111,-83,42,walking,0.00,0,0,0,0,0
1779914053888,-5372,15430,-2552,143,-87,42,walking,0.00,0,0,0,0,0
1779914053919,-5424,15353,-2538,149,-93,40,walking,0.00,0,0,0,0,0
1779914053920,-5535,15262,-2709,143,-96,35,walking,0.00,0,0,0,0,0
1779914053921,-5575,15150,-2805,144,-83,31,walking,0.00,0,0,0,0,0
1779914053948,-5533,15012,-2840,145,-56,22,walking,0.00,0,0,0,0,0
1779914053952,-5449,14776,-2770,151,-27,7,walking,0.00,0,0,0,0,0
1779914053953,-5343,14565,-2523,140,-7,-4,walking,0.00,0,0,0,0,0
1779914053977,-5197,14385,-2389,120,1,-14,walking,0.00,0,0,0,0,0
1779914053978,-5006,14192,-2324,98,1,-29,walking,0.00,0,0,0,0,0
1779914053979,-4938,14193,-2239,59,-6,-43,walking,0.00,0,0,0,0,0
1779914054011,-4964,14486,-2274,17,-11,-63,walking,0.00,0,0,0,0,0
1779914054012,-4946,14811,-2308,1,-18,-81,walking,0.00,0,0,0,0,0
1779914054012,-5046,15105,-2408,3,-30,-85,walking,0.00,0,0,0,0,0
1779914054037,-5180,15268,-2486,18,-35,-89,walking,0.00,0,0,0,0,0
1779914054037,-5239,15282,-2472,37,-40,-85,walking,0.00,0,0,0,0,0
1779914054038,-5245,15133,-2417,47,-44,-74,walking,0.00,0,0,0,0,0
1779914054069,-5252,15035,-2389,36,-54,-64,walking,0.00,0,0,0,0,0
1779914054070,-5295,15206,-2420,19,-61,-55,walking,0.00,0,0,0,0,0
1779914054071,-5336,15263,-2504,21,-64,-52,walking,0.00,0,0,0,0,0
1779914054097,-5348,15183,-2506,30,-69,-47,walking,0.00,0,0,0,0,0
1779914054097,-5360,15015,-2620,24,-61,-42,walking,0.00,0,0,0,0,0
1779914054098,-5299,14913,-2740,7,-45,-29,walking,0.00,0,0,0,0,0
1779914054128,-5324,14817,-2825,1,-31,-7,walking,0.00,0,0,0,0,0
1779914054129,-5345,14751,-2825,5,-19,5,walking,0.00,0,0,0,0,0
1779914054130,-5326,14783,-2838,3,-13,10,walking,0.00,0,0,0,0,0
1779914054157,-5470,14842,-2904,0,-13,16,walking,0.00,0,0,0,0,0
1779914054163,-5584,14961,-2977,4,-9,22,walking,0.00,0,0,0,0,0
1779914054163,-5616,15048,-2965,11,0,27,walking,0.00,0,0,0,0,0
1779914054188,-5768,15130,-2987,15,7,42,walking,0.00,0,0,0,0,0
1779914054189,-5804,15187,-2980,30,18,51,walking,0.00,0,0,0,0,0
1779914054189,-5700,15053,-2771,41,30,49,walking,0.00,0,0,0,0,0
1779914054219,-5725,15089,-2770,29,39,51,walking,0.00,0,0,0,0,0
1779914054220,-5787,15132,-2856,26,45,47,walking,0.00,0,0,0,0,0
1779914054221,-5660,15050,-2709,29,54,41,walking,0.00,0,0,0,0,0
1779914054248,-5602,15022,-2695,13,56,45,walking,0.00,0,0,0,0,0
1779914054252,-5445,15082,-2831,6,57,45,walking,0.00,0,0,0,0,0
1779914054253,-5132,14952,-2707,25,58,35,walking,0.00,0,0,0,0,0
1779914054278,-4837,14806,-2554,18,51,24,walking,0.00,0,0,0,0,0
1779914054279,-4762,15001,-2617,-13,39,21,walking,0.00,0,0,0,0,0
1779914054280,-4855,15072,-2725,-19,33,25,walking,0.00,0,0,0,0,0
1779914054310,-4947,15068,-2824,-17,29,36,walking,0.00,0,0,0,0,0
1779914054311,-5005,15039,-2952,-13,23,42,walking,0.00,0,0,0,0,0
1779914054312,-4961,14851,-2980,-8,19,51,walking,0.00,0,0,0,0,0
1779914054337,-4950,14748,-3020,-8,13,60,walking,0.00,0,0,0,0,0
1779914054338,-4996,14771,-2957,-5,0,60,walking,0.00,0,0,0,0,0
1779914054339,-5086,14710,-2810,1,-15,50,walking,0.00,0,0,0,0,0
1779914054369,-5027,14675,-2798,-8,-31,35,walking,0.00,0,0,0,0,0
1779914054370,-5011,14725,-2819,-23,-47,24,walking,0.00,0,0,0,0,0
1779914054370,-4994,14736,-2775,-24,-54,16,walking,0.00,0,0,0,0,0
1779914054396,-4999,14905,-2734,-24,-62,6,walking,0.00,0,0,0,0,0
1779914054399,-5065,15183,-2666,-27,-69,-8,walking,0.00,0,0,0,0,0
1779914054402,-5245,15346,-2715,-23,-74,-26,walking,0.00,0,0,0,0,0
1779914054429,-5488,15491,-2753,-17,-78,-44,walking,0.00,0,0,0,0,0
1779914054430,-5647,15667,-2796,-9,-80,-54,walking,0.00,0,0,0,0,0
1779914054431,-5781,15667,-2803,9,-79,-59,walking,0.00,0,0,0,0,0
1779914054456,-5837,15446,-2796,27,-77,-55,walking,0.00,0,0,0,0,0
1779914054487,-5744,15338,-2867,27,-71,-45,walking,0.00,0,0,0,0,0
1779914054487,-5706,15190,-2854,41,-63,-45,walking,0.00,0,0,0,0,0
1779914054487,-5675,14977,-2800,53,-55,-55,walking,0.00,0,0,0,0,0
1779914054488,-5636,14873,-2864,38,-48,-65,walking,0.00,0,0,0,0,0
1779914054488,-5613,14846,-2991,33,-35,-71,walking,0.00,0,0,0,0,0
1779914054517,-5674,14994,-3022,40,-21,-72,walking,0.00,0,0,0,0,0
1779914054518,-5771,15080,-3000,55,-8,-82,walking,0.00,0,0,0,0,0
1779914054519,-5741,15025,-2946,57,5,-95,walking,0.00,0,0,0,0,0
1779914054547,-5753,15160,-2902,36,14,-92,walking,0.00,0,0,0,0,0
1779914054547,-5823,15309,-3059,31,26,-82,walking,0.00,0,0,0,0,0
1779914054547,-5822,15299,-2970,60,40,-68,walking,0.00,0,0,0,0,0
1779914054578,-5754,15145,-2798,79,48,-60,walking,0.00,0,0,0,0,0
1779914054579,-5656,14959,-2737,78,50,-58,walking,0.00,0,0,0,0,0
1779914054580,-5532,14919,-2710,70,46,-51,walking,0.00,0,0,0,0,0
1779914054610,-5498,14855,-2684,68,43,-48,walking,0.00,0,0,0,0,0
1779914054610,-5496,14742,-2628,63,39,-49,walking,0.00,0,0,0,0,0
1779914054611,-5478,14873,-2482,54,33,-49,walking,0.00,0,0,0,0,0
1779914054637,-5514,14910,-2492,36,28,-42,walking,0.00,0,0,0,0,0
1779914054638,-5551,15071,-2685,22,29,-36,walking,0.00,0,0,0,0,0
1779914054638,-5566,15052,-2751,31,38,-39,walking,0.00,0,0,0,0,0
1779914054667,-5521,14910,-2809,23,48,-38,walking,0.00,0,0,0,0,0
1779914054668,-5494,14992,-2968,0,60,-29,walking,0.00,0,0,0,0,0
1779914054668,-5452,15074,-3054,-4,73,-21,walking,0.00,0,0,0,0,0
1779914054701,-5410,15064,-3063,6,80,-9,walking,0.00,0,0,0,0,0
1779914054702,-5417,14916,-2995,13,78,-7,walking,0.00,0,0,0,0,0
1779914054705,-5371,14876,-2975,15,71,-14,walking,0.00,0,0,0,0,0
1779914054727,-5325,14864,-2893,14,62,-22,walking,0.00,0,0,0,0,0
1779914054728,-5411,14876,-2852,10,55,-23,walking,0.00,0,0,0,0,0
1779914054729,-5278,14968,-2873,9,50,-16,walking,0.00,0,0,0,0,0
1779914054759,-5283,14947,-2861,9,48,-8,walking,0.00,0,0,0,0,0
1779914054759,-5283,14800,-2797,13,50,0,walking,0.00,0,0,0,0,0
1779914054760,-5266,14737,-2616,2,49,13,walking,0.00,0,0,0,0,0
1779914054786,-5178,14794,-2433,-17,38,32,walking,0.00,0,0,0,0,0
1779914054787,-5061,14885,-2264,-21,24,50,walking,0.00,0,0,0,0,0
1779914054788,-4957,14777,-2152,-21,7,54,walking,0.00,0,0,0,0,0
1779914054820,-4951,14715,-2115,-29,-18,55,walking,0.00,0,0,0,0,0
1779914054821,-4788,14623,-2085,-43,-42,59,walking,0.00,0,0,0,0,0
1779914054821,-4775,14647,-2112,-66,-68,73,walking,0.00,0,0,0,0,0
1779914054847,-4746,14858,-2255,-95,-90,99,walking,0.00,0,0,0,0,0
1779914054852,-4808,15116,-2450,-104,-99,114,walking,0.00,0,0,0,0,0
1779914054852,-4922,15229,-2589,-94,-99,119,walking,0.00,0,0,0,0,0
1779914054877,-5128,15260,-2706,-85,-93,123,walking,0.00,0,0,0,0,0
1779914054878,-5405,15303,-2956,-84,-80,129,walking,0.00,0,0,0,0,0
1779914054879,-5701,15185,-3347,-72,-58,126,walking,0.00,0,0,0,0,0
1779914054910,-5883,15027,-3551,-56,-30,119,walking,0.00,0,0,0,0,0
1779914054911,-6016,14951,-3585,-50,-3,107,walking,0.00,0,0,0,0,0
1779914054911,-6107,15010,-3683,-42,17,89,walking,0.00,0,0,0,0,0
1779914054936,-6177,15085,-3699,-22,31,65,walking,0.00,0,0,0,0,0
1779914054937,-6210,14992,-3598,8,44,42,walking,0.00,0,0,0,0,0
1779914054938,-6070,15069,-3341,20,56,27,walking,0.00,0,0,0,0,0
1779914054967,-5898,15346,-3008,22,60,19,walking,0.00,0,0,0,0,0
1779914054968,-5776,15021,-2475,75,47,16,walking,0.00,0,0,0,0,0
1779914054969,-5400,14646,-2195,70,33,11,walking,0.00,0,0,0,0,0
1779914054997,-4994,14399,-2039,42,15,2,walking,0.00,0,0,0,0,0
1779914054997,-4651,14307,-1969,7,-7,-14,walking,0.00,0,0,0,0,0
1779914055001,-4457,14441,-2049,-32,-23,-33,walking,0.00,0,0,0,0,0
1779914055031,-4403,14639,-2265,-60,-33,-51,walking,0.00,0,0,0,0,0
1779914055032,-4447,14796,-2448,-79,-30,-60,walking,0.00,0,0,0,0,0
1779914055035,-4547,15082,-2614,-89,-20,-49,walking,0.00,0,0,0,0,0
1779914055059,-4695,15114,-2576,-84,-11,-34,walking,0.00,0,0,0,0,0
1779914055060,-4877,15166,-2683,-103,-8,-20,walking,0.00,0,0,0,0,0
1779914055061,-4975,15225,-2898,-121,-6,-11,walking,0.00,0,0,0,0,0
1779914055088,-5028,15428,-2990,-114,1,-2,walking,0.00,0,0,0,0,0
1779914055088,-5115,15522,-2914,-99,8,14,walking,0.00,0,0,0,0,0
1779914055089,-5257,15617,-2871,-89,9,34,walking,0.00,0,0,0,0,0
1779914055118,-5338,15637,-2889,-67,6,48,walking,0.00,0,0,0,0,0
1779914055118,-5355,15490,-2939,-48,4,59,walking,0.00,0,0,0,0,0
1779914055119,-5402,15442,-3077,-40,4,59,walking,0.00,0,0,0,0,0
1779914055147,-5377,15385,-3091,-37,10,50,walking,0.00,0,0,0,0,0
1779914055148,-5465,15541,-3077,-39,18,48,walking,0.00,0,0,0,0,0
1779914055149,-5528,15709,-3106,-34,27,49,walking,0.00,0,0,0,0,0
1779914055176,-5447,15694,-3193,-20,37,51,walking,0.00,0,0,0,0,0
1779914055177,-5479,15510,-3283,2,44,48,walking,0.00,0,0,0,0,0
1779914055178,-5501,15273,-3229,28,56,40,walking,0.00,0,0,0,0,0
1779914055212,-5506,15193,-3158,29,60,35,walking,0.00,0,0,0,0,0
1779914055212,-5501,15220,-3042,33,55,29,walking,0.00,0,0,0,0,0
1779914055213,-5487,15104,-2853,54,44,20,walking,0.00,0,0,0,0,0
1779914055237,-5387,14874,-2825,59,29,11,walking,0.00,0,0,0,0,0
1779914055238,-5398,14792,-2706,55,13,1,walking,0.00,0,0,0,0,0
1779914055239,-5402,14785,-2685,50,-1,-11,walking,0.00,0,0,0,0,0
1779914055269,-5272,14782,-2494,51,-12,-22,walking,0.00,0,0,0,0,0
1779914055270,-5190,14791,-2383,39,-25,-27,walking,0.00,0,0,0,0,0
1779914055271,-5164,14747,-2407,23,-32,-34,walking,0.00,0,0,0,0,0
1779914055297,-5106,14746,-2382,21,-31,-39,walking,0.00,0,0,0,0,0
1779914055301,-5138,14616,-2591,14,-22,-43,walking,0.00,0,0,0,0,0
1779914055302,-5144,14404,-2704,1,-5,-49,walking,0.00,0,0,0,0,0
1779914055326,-5123,14434,-2688,-26,13,-47,walking,0.00,0,0,0,0,0
1779914055327,-5195,14525,-2773,-47,23,-40,walking,0.00,0,0,0,0,0
1779914055328,-5368,14547,-2718,-50,26,-39,walking,0.00,0,0,0,0,0
1779914055359,-5334,14641,-2603,-57,21,-39,walking,0.00,0,0,0,0,0
1779914055388,-5308,14853,-2526,-69,9,-38,walking,0.00,0,0,0,0,0
1779914055392,-5283,15085,-2526,-68,1,-34,walking,0.00,0,0,0,0,0
1779914055393,-5190,15232,-2607,-65,-1,-26,walking,0.00,0,0,0,0,0
1779914055394,-5074,15304,-2607,-52,7,-20,walking,0.00,0,0,0,0,0
1779914055394,-5091,15266,-2595,-46,11,-9,walking,0.00,0,0,0,0,0
1779914055421,-5216,15220,-2687,-37,18,5,walking,0.00,0,0,0,0,0
1779914055422,-5280,15163,-2677,-29,23,17,walking,0.00,0,0,0,0,0
1779914055423,-5295,15051,-2592,-27,21,25,walking,0.00,0,0,0,0,0
1779914055447,-5318,14901,-2520,-40,12,28,walking,0.00,0,0,0,0,0
1779914055451,-5172,14957,-2553,-55,-2,24,walking,0.00,0,0,0,0,0
1779914055452,-5038,15101,-2471,-59,-17,14,walking,0.00,0,0,0,0,0
1779914055477,-5049,15073,-2532,-70,-31,3,walking,0.00,0,0,0,0,0
1779914055477,-5118,15248,-2656,-82,-47,4,walking,0.00,0,0,0,0,0
1779914055478,-4996,15452,-2682,-77,-54,16,walking,0.00,0,0,0,0,0
1779914055510,-4924,15489,-2726,-69,-52,30,walking,0.00,0,0,0,0,0
1779914055511,-4922,15477,-2803,-62,-50,40,walking,0.00,0,0,0,0,0
1779914055511,-5000,15533,-2855,-56,-45,48,walking,0.00,0,0,0,0,0
1779914055537,-5058,15415,-2975,-51,-36,48,walking,0.00,0,0,0,0,0
1779914055538,-5070,15446,-3055,-51,-30,50,walking,0.00,0,0,0,0,0
1779914055538,-5160,15529,-3072,-52,-28,55,walking,0.00,0,0,0,0,0
1779914055568,-5302,15474,-3137,-36,-30,58,walking,0.00,0,0,0,0,0
1779914055570,-5309,15417,-3136,-15,-30,57,walking,0.00,0,0,0,0,0
1779914055570,-5409,15345,-3063,-2,-31,56,walking,0.00,0,0,0,0,0
1779914055603,-5548,15242,-2995,10,-30,60,walking,0.00,0,0,0,0,0
1779914055604,-5509,15256,-2928,12,-24,70,walking,0.00,0,0,0,0,0
1779914055604,-5440,15312,-2761,17,-16,76,walking,0.00,0,0,0,0,0
1779914055627,-5456,15133,-2694,24,-13,80,walking,0.00,0,0,0,0,0
1779914055628,-5499,14875,-2707,25,-8,83,walking,0.00,0,0,0,0,0
1779914055628,-5497,14753,-2778,15,-1,74,walking,0.00,0,0,0,0,0
1779914055661,-5397,14690,-2796,-1,3,58,walking,0.00,0,0,0,0,0
1779914055661,-5432,14773,-2829,-19,14,42,walking,0.00,0,0,0,0,0
1779914055662,-5483,14856,-2765,-28,27,34,walking,0.00,0,0,0,0,0
1779914055687,-5482,14746,-2680,-33,39,34,walking,0.00,0,0,0,0,0
1779914055688,-5468,14610,-2652,-42,45,28,walking,0.00,0,0,0,0,0
1779914055692,-5380,14612,-2622,-61,46,5,walking,0.00,0,0,0,0,0
1779914055717,-5271,14698,-2429,-73,43,-18,walking,0.00,0,0,0,0,0
1779914055719,-5198,14958,-2318,-86,33,-20,walking,0.00,0,0,0,0,0
1779914055719,-5129,15075,-2306,-84,29,-20,walking,0.00,0,0,0,0,0
1779914055750,-5005,15043,-2249,-67,27,-20,walking,0.00,0,0,0,0,0
1779914055751,-5036,14911,-2322,-57,22,-18,walking,0.00,0,0,0,0,0
1779914055751,-4962,14830,-2219,-60,22,-25,walking,0.00,0,0,0,0,0
1779914055777,-4778,14934,-2086,-76,23,-22,walking,0.00,0,0,0,0,0
1779914055778,-4862,15136,-2134,-88,23,-8,walking,0.00,0,0,0,0,0
1779914055779,-4929,15131,-2163,-86,31,-1,walking,0.00,0,0,0,0,0
1779914055812,-4941,15019,-2212,-83,39,3,walking,0.00,0,0,0,0,0
1779914055813,-5017,14819,-2261,-94,42,1,walking,0.00,0,0,0,0,0
1779914055813,-4988,14826,-2274,-124,45,-11,walking,0.00,0,0,0,0,0
1779914055837,-4914,15014,-2338,-154,46,-18,walking,0.00,0,0,0,0,0
1779914055838,-5047,15174,-2400,-163,46,-15,walking,0.00,0,0,0,0,0
1779914055839,-5114,15161,-2400,-151,53,-17,walking,0.00,0,0,0,0,0
1779914055869,-5056,15163,-2393,-144,56,-27,walking,0.00,0,0,0,0,0
1779914055870,-4980,15144,-2379,-140,55,-40,walking,0.00,0,0,0,0,0
1779914055871,-4995,15130,-2405,-144,46,-52,walking,0.00,0,0,0,0,0
1779914055901,-4930,15048,-2379,-146,29,-60,walking,0.00,0,0,0,0,0
1779914055902,-4600,15062,-2128,-141,7,-48,walking,0.00,0,0,0,0,0
1779914055903,-4355,15262,-2069,-149,-22,-30,walking,0.00,0,0,0,0,0
1779914055927,-4346,15455,-2191,-143,-41,-29,walking,0.00,0,0,0,0,0
1779914055962,-4380,15349,-2219,-109,-45,-34,walking,0.00,0,0,0,0,0
1779914055963,-4379,15158,-2136,-100,-45,-23,walking,0.00,0,0,0,0,0
1779914055963,-4519,15226,-2024,-111,-52,-7,walking,0.00,0,0,0,0,0
1779914055964,-4530,15287,-1917,-105,-63,-7,walking,0.00,0,0,0,0,0
1779914055966,-4465,15120,-1763,-91,-79,-12,walking,0.00,0,0,0,0,0
1779914055987,-4487,14899,-1739,-104,-96,-7,walking,0.00,0,0,0,0,0
1779914055988,-4366,14909,-1802,-132,-111,6,walking,0.00,0,0,0,0,0
1779914055988,-4247,14927,-1784,-143,-122,23,walking,0.00,0,0,0,0,0
1779914056016,-4136,14953,-1721,-145,-134,35,walking,0.00,0,0,0,0,0
1779914056017,-4073,15173,-1710,-152,-151,41,walking,0.00,0,0,0,0,0
1779914056017,-4111,15535,-1749,-145,-163,55,walking,0.00,0,0,0,0,0
1779914056050,-4318,15655,-1818,-119,-165,68,walking,0.00,0,0,0,0,0
1779914056051,-4506,15608,-1875,-95,-148,82,walking,0.00,0,0,0,0,0
1779914056052,-4689,15681,-1932,-87,-120,98,walking,0.00,0,0,0,0,0
1779914056078,-4867,15651,-1947,-83,-95,113,walking,0.00,0,0,0,0,0
1779914056078,-5096,15432,-1895,-68,-73,116,walking,0.00,0,0,0,0,0
1779914056079,-5064,15251,-1797,-70,-63,107,walking,0.00,0,0,0,0,0
1779914056109,-5345,15528,-1720,-114,-73,107,walking,0.00,0,0,0,0,0
1779914056110,-5036,15540,-1497,-108,-76,122,walking,0.00,0,0,0,0,0
1779914056111,-4910,15480,-1372,-105,-85,145,walking,0.00,0,0,0,0,0
1779914056137,-4809,15385,-1313,-100,-100,158,walking,0.00,0,0,0,0,0
1779914056137,-4688,15267,-1286,-96,-123,161,walking,0.00,0,0,0,0,0
1779914056138,-4633,15267,-1285,-97,-149,158,walking,0.00,0,0,0,0,0
1779914056168,-4551,15226,-1291,-92,-178,156,walking,0.00,0,0,0,0,0
1779914056169,-4602,15094,-1358,-95,-207,153,walking,0.00,0,0,0,0,0
1779914056170,-4687,15106,-1458,-98,-229,150,walking,0.00,0,0,0,0,0
1779914056199,-4819,15108,-1374,-92,-246,142,walking,0.00,0,0,0,0,0
1779914056200,-5001,15200,-1367,-103,-260,136,walking,0.00,0,0,0,0,0
1779914056201,-5177,15422,-1440,-109,-269,135,walking,0.00,0,0,0,0,0
1779914056229,-5289,15478,-1379,-99,-271,133,walking,0.00,0,0,0,0,0
1779914056233,-5309,15557,-1388,-89,-269,130,walking,0.00,0,0,0,0,0
1779914056234,-5416,15575,-1420,-76,-262,122,walking,0.00,0,0,0,0,0
1779914056258,-5495,15587,-1409,-65,-250,116,walking,0.00,0,0,0,0,0
1779914056260,-5634,15969,-1392,-70,-230,114,walking,0.00,0,0,0,0,0
1779914056260,-5700,16058,-1480,-55,-205,119,walking,0.00,0,0,0,0,0
1779914056287,-5814,15882,-1590,-34,-174,129,walking,0.00,0,0,0,0,0
1779914056287,-5797,15710,-1738,-27,-143,133,walking,0.00,0,0,0,0,0
1779914056288,-5790,15590,-1831,-18,-110,137,walking,0.00,0,0,0,0,0
1779914056317,-5777,15441,-1768,-13,-78,143,walking,0.00,0,0,0,0,0
1779914056318,-5761,15357,-1708,-11,-53,156,walking,0.00,0,0,0,0,0
1779914056318,-5765,15261,-1787,-11,-27,161,walking,0.00,0,0,0,0,0
1779914056349,-5647,15218,-1901,-8,-1,149,walking,0.00,0,0,0,0,0
1779914056349,-5670,14957,-1885,13,27,124,walking,0.00,0,0,0,0,0
1779914056350,-5437,14695,-1748,8,56,116,walking,0.00,0,0,0,0,0
1779914056377,-5761,14756,-1787,-45,75,95,walking,0.00,0,0,0,0,0
1779914056378,-5626,14834,-1773,-6,117,87,walking,0.00,0,0,0,0,0
1779914056378,-5498,14135,-1767,9,128,79,walking,0.00,0,0,0,0,0
1779914056410,-6148,13912,-1500,-39,117,42,walking,0.00,0,0,0,0,0
1779914056411,-6335,15035,-1471,-64,116,21,walking,0.00,0,0,0,0,0
1779914056411,-6284,15203,-1990,7,123,36,walking,0.00,0,0,0,0,0
1779914056437,-6500,14825,-1910,54,118,42,walking,0.00,0,0,0,0,0
1779914056441,-6178,14560,-1957,-2,122,20,walking,0.00,0,0,0,0,0
1779914056442,-5382,14606,-2103,-54,154,28,walking,0.00,0,0,0,0,0
1779914056468,-5339,14570,-1911,-65,180,39,walking,0.00,0,0,0,0,0
1779914056468,-5316,14594,-1517,-84,192,29,walking,0.00,0,0,0,0,0
1779914056469,-5011,14783,-1577,-89,205,20,walking,0.00,0,0,0,0,0
1779914056500,-4832,14713,-1442,-65,227,-8,walking,0.00,0,0,0,0,0
1779914056501,-4481,14372,-1284,-110,236,-29,walking,0.00,0,0,0,0,0
1779914056501,-4478,14753,-1526,-175,251,-23,walking,0.00,0,0,0,0,0
1779914056527,-4557,14880,-1696,-168,294,-4,walking,0.00,0,0,0,0,0
1779914056535,-4854,15028,-1731,-163,338,29,walking,0.00,0,0,0,0,0
1779914056535,-5085,14947,-1726,-161,376,43,walking,0.00,0,0,0,0,0
1779914056558,-5090,14778,-1703,-156,402,55,walking,0.00,0,0,0,0,0
1779914056559,-5165,14579,-1676,-154,411,60,walking,0.00,0,0,0,0,0
1779914056560,-5223,14738,-1436,-179,414,53,walking,0.00,0,0,0,0,0
1779914056587,-5415,15159,-1348,-237,413,36,walking,0.00,0,0,0,0,0
1779914056588,-5851,15584,-1494,-292,424,26,walking,0.00,0,0,0,0,0
1779914056592,-6155,16234,-1730,-309,457,48,walking,0.00,0,0,0,0,0
1779914056618,-6423,16662,-1906,-303,511,85,walking,0.00,0,0,0,0,0
1779914056619,-6351,16872,-1897,-294,584,126,walking,0.00,0,0,0,0,0
1779914056619,-6252,17028,-1689,-275,659,182,walking,0.00,0,0,0,0,0
1779914056649,-6378,16905,-1541,-258,724,224,walking,0.00,0,0,0,0,0
1779914056650,-6491,16653,-1576,-257,768,233,walking,0.00,0,0,0,0,0
1779914056651,-6575,16468,-1723,-263,801,222,walking,0.00,0,0,0,0,0
1779914056676,-6715,16278,-1997,-283,840,199,walking,0.00,0,0,0,0,0
1779914056677,-6682,16190,-2048,-305,881,179,walking,0.00,0,0,0,0,0
1779914056677,-6665,16359,-2070,-328,921,173,walking,0.00,0,0,0,0,0
1779914056707,-6514,16610,-2056,-349,973,170,walking,0.00,0,0,0,0,0
1779914056710,-6312,16743,-2049,-347,1018,166,walking,0.00,0,0,0,0,0
1779914056711,-6193,16723,-2068,-298,1060,155,walking,0.00,0,0,0,0,0
1779914056737,-6062,16305,-2008,-235,1105,139,walking,0.00,0,0,0,0,0
1779914056737,-5933,15785,-1945,-218,1150,126,walking,0.00,0,0,0,0,0
1779914056738,-5847,15807,-2090,-251,1197,128,walking,0.00,0,0,0,0,0
1779914056767,-5730,15871,-2301,-273,1266,136,walking,0.00,0,0,0,0,0
1779914056768,-5627,15829,-2320,-238,1349,147,walking,0.00,0,0,0,0,0
1779914056769,-5578,15644,-2278,-196,1428,157,walking,0.00,0,0,0,0,0
1779914056802,-5493,15273,-2151,-165,1494,161,walking,0.00,0,0,0,0,0
1779914056802,-5196,14874,-1988,-146,1556,163,walking,0.00,0,0,0,0,0
1779914056803,-4917,14798,-1992,-174,1613,163,walking,0.00,0,0,0,0,0
1779914056828,-4724,14937,-1975,-206,1673,162,walking,0.00,0,0,0,0,0
1779914056832,-4529,15357,-1898,-234,1731,158,walking,0.00,0,0,0,0,0
1779914056833,-4371,15608,-1935,-263,1790,137,walking,0.00,0,0,0,0,0
1779914056859,-4320,15699,-1960,-288,1855,111,walking,0.00,0,0,0,0,0
1779914056860,-4182,15762,-2041,-303,1927,103,walking,0.00,0,0,0,0,0
1779914056861,-4084,15902,-2007,-323,1990,109,walking,0.00,0,0,0,0,0
1779914056887,-3893,15953,-1994,-373,2046,117,walking,0.00,0,0,0,0,0
1779914056887,-3526,16306,-2025,-440,2103,129,walking,0.00,0,0,0,0,0
1779914056892,-3400,16816,-2162,-465,2154,158,walking,0.00,0,0,0,0,0
1779914056917,-3376,17043,-2356,-437,2206,200,walking,0.00,0,0,0,0,0
1779914056919,-3210,16845,-2386,-380,2251,243,walking,0.00,0,0,0,0,0
1779914056920,-2920,16511,-2389,-322,2277,261,walking,0.00,0,0,0,0,0
1779914056949,-2549,16238,-2162,-281,2285,237,walking,0.00,0,0,0,0,0
1779914056950,-2264,15735,-1972,-269,2283,194,walking,0.00,0,0,0,0,0
1779914056951,-1920,15395,-1828,-296,2273,149,walking,0.00,0,0,0,0,0
1779914056977,-1712,15474,-1896,-369,2249,120,walking,0.00,0,0,0,0,0
1779914056978,-1593,15938,-2154,-432,2216,109,walking,0.00,0,0,0,0,0
1779914056979,-1441,16573,-2579,-416,2184,111,walking,0.00,0,0,0,0,0
1779914057007,-1253,16644,-2713,-290,2156,102,walking,0.00,0,0,0,0,0
1779914057008,-1285,16096,-2637,-199,2113,91,walking,0.00,0,0,0,0,0
1779914057009,-946,15846,-2728,-178,2068,94,walking,0.00,0,0,0,0,0
1779914057036,-666,15799,-2788,-144,2023,101,walking,0.00,0,0,0,0,0
1779914057040,-363,15609,-2835,-98,1990,96,walking,0.00,0,0,0,0,0
1779914057045,-228,15210,-2771,-47,1960,75,walking,0.00,0,0,0,0,0
1779914057068,-75,15078,-2487,-12,1923,44,walking,0.00,0,0,0,0,0
1779914057069,-7,15255,-2324,-12,1873,17,walking,0.00,0,0,0,0,0
1779914057069,-56,15420,-2300,2,1819,-13,walking,0.00,0,0,0,0,0
1779914057098,-276,15691,-2148,41,1769,-38,walking,0.00,0,0,0,0,0
1779914057099,-499,15928,-2073,56,1723,-50,walking,0.00,0,0,0,0,0
1779914057100,-677,16326,-2070,74,1687,-45,walking,0.00,0,0,0,0,0
1779914057126,-977,16675,-2034,118,1664,-25,walking,0.00,0,0,0,0,0
1779914057135,-1316,16627,-2038,187,1649,-9,walking,0.00,0,0,0,0,0
1779914057136,-1494,16271,-1963,251,1639,-12,walking,0.00,0,0,0,0,0
1779914057157,-1586,15889,-1879,283,1632,-30,walking,0.00,0,0,0,0,0
1779914057158,-1547,15542,-1738,278,1619,-53,walking,0.00,0,0,0,0,0
1779914057159,-1673,15561,-1696,240,1594,-77,walking,0.00,0,0,0,0,0
1779914057190,-1980,15794,-1714,190,1564,-114,walking,0.00,0,0,0,0,0
1779914057191,-2200,16215,-1726,164,1542,-148,walking,0.00,0,0,0,0,0
1779914057192,-2498,16685,-1596,176,1530,-184,walking,0.00,0,0,0,0,0
1779914057217,-2792,17120,-1426,207,1526,-230,walking,0.00,0,0,0,0,0
1779914057218,-3149,17360,-1331,240,1527,-289,walking,0.00,0,0,0,0,0
1779914057219,-3743,17669,-1088,265,1527,-408,walking,0.00,0,0,0,0,0
1779914057248,-3946,17537,-1137,269,1518,-462,walking,0.00,0,0,0,0,0
1779914057249,-4002,17397,-1075,272,1506,-505,walking,0.00,0,0,0,0,0
1779914057250,-3810,17541,-1051,270,1504,-531,walking,0.00,0,0,0,0,0
1779914057276,-4019,17681,-992,247,1496,-558,walking,0.00,0,0,0,0,0
1779914057277,-4381,18053,-1034,197,1502,-625,walking,0.00,0,0,0,0,0
1779914057278,-4414,18912,-1053,195,1534,-697,walking,0.00,0,0,0,0,0
1779914057307,-4698,19390,-816,258,1573,-771,walking,0.00,0,0,0,0,0
1779914057307,-5080,19257,-590,309,1609,-879,walking,0.00,0,0,0,0,0
1779914057308,-5164,18648,-560,316,1627,-1001,walking,0.00,0,0,0,0,0
1779914057336,-4895,17327,-597,265,1606,-1102,walking,0.00,0,0,0,0,0
1779914057336,-4469,15680,-748,107,1531,-1154,walking,0.00,0,0,0,0,0
1779914057340,-3871,14623,-1022,-120,1425,-1131,walking,0.00,0,0,0,0,0
1779914057368,-3078,14248,-1455,-337,1323,-1038,walking,0.00,0,0,0,0,0
1779914057369,-2271,14465,-1960,-469,1242,-894,walking,0.00,0,0,0,0,0
1779914057369,-1859,14972,-2399,-476,1187,-753,walking,0.00,0,0,0,0,0
1779914057404,-1945,15256,-2918,-391,1171,-644,walking,0.00,0,0,0,0,0
1779914057405,-2141,15244,-3037,-261,1191,-558,walking,0.00,0,0,0,0,0
1779914057405,-2281,14987,-3201,-137,1222,-487,walking,0.00,0,0,0,0,0
1779914057431,-2840,14756,-3118,-34,1236,-420,walking,0.00,0,0,0,0,0
1779914057432,-3211,14511,-2766,19,1257,-362,walking,0.00,0,0,0,0,0
1779914057433,-3271,13974,-2602,11,1276,-311,walking,0.00,0,0,0,0,0
1779914057459,-3118,13749,-2415,-31,1289,-257,walking,0.00,0,0,0,0,0
1779914057460,-2874,13529,-2347,-81,1301,-206,walking,0.00,0,0,0,0,0
1779914057460,-2732,13180,-2227,-131,1307,-170,walking,0.00,0,0,0,0,0
1779914057486,-2618,12760,-2064,-203,1316,-151,walking,0.00,0,0,0,0,0
1779914057490,-2243,12600,-2161,-310,1324,-131,walking,0.00,0,0,0,0,0
1779914057491,-1926,12743,-2286,-383,1333,-113,walking,0.00,0,0,0,0,0
1779914057518,-1705,12903,-2251,-432,1344,-113,walking,0.00,0,0,0,0,0
1779914057525,-1592,12979,-2367,-475,1351,-116,walking,0.00,0,0,0,0,0
1779914057525,-1251,13045,-2548,-482,1360,-114,walking,0.00,0,0,0,0,0
1779914057547,-817,12973,-2598,-450,1361,-105,walking,0.00,0,0,0,0,0
1779914057548,-470,12583,-2709,-423,1353,-113,walking,0.00,0,0,0,0,0
1779914057549,-152,12271,-2786,-426,1327,-138,walking,0.00,0,0,0,0,0
1779914057577,230,12343,-2947,-455,1288,-163,walking,0.00,0,0,0,0,0
1779914057578,549,12584,-3153,-481,1244,-192,walking,0.00,0,0,0,0,0
1779914057578,591,13046,-3355,-509,1197,-220,walking,0.00,0,0,0,0,0
1779914057607,443,13482,-3660,-531,1151,-245,walking,0.00,0,0,0,0,0
1779914057608,546,13708,-3889,-523,1115,-263,walking,0.00,0,0,0,0,0
1779914057609,476,13993,-4107,-548,1064,-267,walking,0.00,0,0,0,0,0
1779914057639,403,14482,-4327,-547,1019,-284,walking,0.00,0,0,0,0,0
1779914057640,842,14698,-4555,-520,987,-291,walking,0.00,0,0,0,0,0
1779914057640,1085,14902,-4787,-477,950,-303,walking,0.00,0,0,0,0,0
1779914057669,1214,14877,-4990,-442,907,-322,walking,0.00,0,0,0,0,0
1779914057670,1203,14864,-5093,-435,851,-337,walking,0.00,0,0,0,0,0
1779914057673,1430,15108,-5206,-447,792,-359,walking,0.00,0,0,0,0,0
1779914057699,1624,15206,-5353,-457,727,-377,walking,0.00,0,0,0,0,0
1779914057700,1569,15474,-5580,-432,652,-365,walking,0.00,0,0,0,0,0
1779914057701,1522,15628,-5609,-374,576,-336,walking,0.00,0,0,0,0,0
1779914057728,1734,15520,-5664,-316,494,-294,walking,0.00,0,0,0,0,0
1779914057731,1774,15238,-5580,-263,399,-233,walking,0.00,0,0,0,0,0
1779914057731,1672,15463,-5412,-248,304,-166,walking,0.00,0,0,0,0,0
1779914057759,1664,15655,-5400,-223,229,-100,walking,0.00,0,0,0,0,0
1779914057761,1414,15913,-5355,-183,158,-11,walking,0.00,0,0,0,0,0
1779914057761,720,16284,-5046,-134,99,64,walking,0.00,0,0,0,0,0
1779914057793,218,16547,-4719,-124,63,107,walking,0.00,0,0,0,0,0
1779914057793,-227,16927,-4323,-155,19,161,walking,0.00,0,0,0,0,0
1779914057794,-962,17583,-3938,-175,-16,210,walking,0.00,0,0,0,0,0
1779914057817,-1220,18229,-3547,-160,-27,257,walking,0.00,0,0,0,0,0
1779914057818,-1548,19085,-3063,-129,-44,286,walking,0.00,0,0,0,0,0
1779914057819,-1906,19927,-2590,-67,-66,292,walking,0.00,0,0,0,0,0
1779914057848,-2339,20294,-2216,-2,-90,274,walking,0.00,0,0,0,0,0
1779914057848,-2828,20202,-1918,30,-125,222,walking,0.00,0,0,0,0,0
1779914057849,-3119,20019,-1678,-28,-178,164,walking,0.00,0,0,0,0,0
1779914057878,-3344,20440,-1528,-153,-255,110,walking,0.00,0,0,0,0,0
1779914057882,-3647,20855,-1502,-255,-329,61,walking,0.00,0,0,0,0,0
1779914057882,-3781,20641,-1765,-292,-399,21,walking,0.00,0,0,0,0,0
1779914057907,-3397,19995,-1960,-227,-467,24,walking,0.00,0,0,0,0,0
1779914057908,-2548,18099,-1986,-137,-538,58,walking,0.00,0,0,0,0,0
1779914057909,-1967,16565,-2115,-148,-643,115,walking,0.00,0,0,0,0,0
1779914057938,-1165,16268,-2266,-163,-736,175,walking,0.00,0,0,0,0,0
1779914057939,-466,16340,-2419,-112,-809,216,walking,0.00,0,0,0,0,0
1779914057940,-767,16290,-2560,-21,-870,235,walking,0.00,0,0,0,0,0
1779914057967,-1320,16509,-2337,92,-898,250,walking,0.00,0,0,0,0,0
1779914057968,-1636,17181,-2026,188,-900,279,walking,0.00,0,0,0,0,0
1779914057969,-1898,17636,-1876,301,-884,310,walking,0.00,0,0,0,0,0
1779914057999,-2306,17519,-1404,435,-862,340,walking,0.00,0,0,0,0,0
1779914058000,-2558,17444,-992,502,-836,375,walking,0.00,0,0,0,0,0
1779914058000,-2617,17389,-679,524,-810,411,walking,0.00,0,0,0,0,0
1779914058026,-2795,17149,-356,508,-792,434,walking,0.00,0,0,0,0,0
1779914058027,-3082,16926,-196,483,-768,442,walking,0.00,0,0,0,0,0
1779914058031,-3260,16569,-107,459,-743,448,walking,0.00,0,0,0,0,0
1779914058059,-3047,15844,-92,418,-714,430,walking,0.00,0,0,0,0,0
1779914058059,-2621,15210,-163,359,-689,410,walking,0.00,0,0,0,0,0
1779914058060,-2495,14624,-105,282,-676,375,walking,0.00,0,0,0,0,0
1779914058089,-2352,14066,-209,182,-669,328,walking,0.00,0,0,0,0,0
1779914058090,-2125,14045,-396,89,-663,296,walking,0.00,0,0,0,0,0
1779914058090,-2056,13975,-579,19,-655,273,walking,0.00,0,0,0,0,0
1779914058126,-2104,13777,-788,-44,-646,267,walking,0.00,0,0,0,0,0
1779914058127,-2059,14061,-1003,-105,-632,282,walking,0.00,0,0,0,0,0
1779914058128,-2106,14269,-1265,-136,-609,285,walking,0.00,0,0,0,0,0
1779914058147,-1867,14319,-1459,-101,-567,288,walking,0.00,0,0,0,0,0
1779914058148,-1637,14340,-1535,-45,-527,311,walking,0.00,0,0,0,0,0
1779914058148,-1671,14069,-1614,-16,-490,329,walking,0.00,0,0,0,0,0
1779914058177,-1644,13993,-1903,-11,-448,345,walking,0.00,0,0,0,0,0
1779914058182,-1596,14002,-2043,1,-400,356,walking,0.00,0,0,0,0,0
1779914058183,-1425,13865,-2207,20,-344,359,walking,0.00,0,0,0,0,0
1779914058207,-1505,13795,-2217,25,-297,356,walking,0.00,0,0,0,0,0
1779914058208,-1658,13791,-2216,8,-253,350,walking,0.00,0,0,0,0,0
1779914058209,-1704,13771,-2206,4,-210,347,walking,0.00,0,0,0,0,0
1779914058239,-1794,13784,-2250,10,-169,341,walking,0.00,0,0,0,0,0
1779914058240,-1834,13832,-2214,9,-126,324,walking,0.00,0,0,0,0,0
1779914058241,-1852,14167,-2082,7,-89,297,walking,0.00,0,0,0,0,0
1779914058267,-1892,14602,-2095,8,-49,263,walking,0.00,0,0,0,0,0
1779914058267,-2008,15034,-2217,43,-11,232,walking,0.00,0,0,0,0,0
1779914058268,-2164,15253,-2163,102,26,206,walking,0.00,0,0,0,0,0
1779914058298,-2343,15656,-1973,146,62,183,walking,0.00,0,0,0,0,0
1779914058300,-2559,16191,-1965,161,94,163,walking,0.00,0,0,0,0,0
1779914058300,-2901,16844,-1928,193,131,147,walking,0.00,0,0,0,0,0
1779914058331,-3322,17422,-1985,244,176,120,walking,0.00,0,0,0,0,0
1779914058332,-3771,17725,-1926,310,218,80,walking,0.00,0,0,0,0,0
1779914058332,-4141,17704,-1817,357,256,30,walking,0.00,0,0,0,0,0
1779914058357,-4273,17584,-1915,348,287,-26,walking,0.00,0,0,0,0,0
1779914058357,-4273,17497,-2041,248,328,-125,walking,0.00,0,0,0,0,0
1779914058358,-4195,17617,-2124,177,340,-177,walking,0.00,0,0,0,0,0
1779914058388,-4029,18477,-1949,104,358,-247,walking,0.00,0,0,0,0,0
1779914058389,-4120,19786,-1707,43,386,-337,walking,0.00,0,0,0,0,0
1779914058389,-4142,21094,-1670,25,427,-454,walking,0.00,0,0,0,0,0
1779914058416,-4524,22305,-1592,44,469,-596,walking,0.00,0,0,0,0,0
1779914058417,-5191,22596,-1722,60,484,-720,walking,0.00,0,0,0,0,0
1779914058417,-5669,21381,-2123,77,459,-739,walking,0.00,0,0,0,0,0
1779914058449,-5449,18751,-2506,57,386,-642,walking,0.00,0,0,0,0,0
1779914058450,-4400,15810,-2774,-74,276,-494,walking,0.00,0,0,0,0,0
1779914058451,-2901,13809,-3055,-273,162,-324,walking,0.00,0,0,0,0,0
1779914058480,-1536,12829,-3595,-418,67,-177,walking,0.00,0,0,0,0,0
1779914058481,-671,12701,-4140,-448,5,-77,walking,0.00,0,0,0,0,0
1779914058482,-537,13338,-4429,-385,-21,-16,walking,0.00,0,0,0,0,0
1779914058507,-984,14631,-4746,-224,7,18,walking,0.00,0,0,0,0,0
1779914058507,-2059,15492,-4703,30,67,52,walking,0.00,0,0,0,0,0
1779914058509,-3995,15901,-4496,251,135,81,walking,0.00,0,0,0,0,0
1779914058538,-4586,16112,-4104,398,224,110,walking,0.00,0,0,0,0,0
1779914058539,-4734,16164,-3555,441,283,149,walking,0.00,0,0,0,0,0
1779914058540,-5069,15912,-3079,384,318,157,walking,0.00,0,0,0,0,0
1779914058567,-5133,15357,-2817,272,351,156,walking,0.00,0,0,0,0,0
1779914058567,-4918,14904,-2589,139,375,157,walking,0.00,0,0,0,0,0
1779914058568,-4574,14487,-2546,-6,391,140,walking,0.00,0,0,0,0,0
1779914058599,-4042,14075,-2647,-120,406,111,walking,0.00,0,0,0,0,0
1779914058599,-3589,13799,-2738,-208,416,71,walking,0.00,0,0,0,0,0
1779914058600,-3035,13595,-3049,-283,427,22,walking,0.00,0,0,0,0,0
1779914058630,-2273,13606,-3215,-330,423,-30,walking,0.00,0,0,0,0,0
1779914058631,-1593,13697,-3501,-360,406,-76,walking,0.00,0,0,0,0,0
1779914058632,-968,13775,-3734,-354,377,-99,walking,0.00,0,0,0,0,0
1779914058657,-563,13798,-3818,-334,332,-107,walking,0.00,0,0,0,0,0
1779914058658,-155,13664,-3920,-293,294,-106,walking,0.00,0,0,0,0,0
1779914058658,356,13539,-3857,-250,254,-100,walking,0.00,0,0,0,0,0
1779914058688,774,13932,-3826,-214,217,-90,walking,0.00,0,0,0,0,0
1779914058689,1032,13929,-3825,-174,189,-68,walking,0.00,0,0,0,0,0
1779914058690,738,14126,-3934,-132,155,-42,walking,0.00,0,0,0,0,0
1779914058721,646,14183,-3845,-49,146,-1,walking,0.00,0,0,0,0,0
1779914058722,1176,14071,-3890,32,171,39,walking,0.00,0,0,0,0,0
1779914058723,1374,13860,-3881,109,186,67,walking,0.00,0,0,0,0,0
1779914058747,1261,13190,-3761,134,188,81,walking,0.00,0,0,0,0,0
1779914058748,1285,12922,-3820,84,187,103,walking,0.00,0,0,0,0,0
1779914058749,1348,13042,-3835,-5,167,116,walking,0.00,0,0,0,0,0
1779914058783,1342,13380,-3973,-66,148,135,walking,0.00,0,0,0,0,0
1779914058783,1318,13710,-4026,-70,137,177,walking,0.00,0,0,0,0,0
1779914058784,1294,14102,-4079,-52,123,224,walking,0.00,0,0,0,0,0
1779914058808,1097,14330,-4089,8,114,273,walking,0.00,0,0,0,0,0
1779914058808,1389,14029,-4075,92,114,341,walking,0.00,0,0,0,0,0
1779914058809,1349,13855,-3896,103,77,392,walking,0.00,0,0,0,0,0
1779914058864,1312,13879,-3890,31,33,413,walking,0.00,0,0,0,0,0
1779914058865,1288,14387,-3950,-72,-15,433,walking,0.00,0,0,0,0,0
1779914058866,1214,15345,-3913,-149,-62,451,walking,0.00,0,0,0,0,0
1779914058866,1095,16467,-3769,-190,-101,472,walking,0.00,0,0,0,0,0
1779914058867,795,17297,-3763,-187,-127,480,walking,0.00,0,0,0,0,0
1779914058868,596,18056,-3555,-121,-137,493,walking,0.00,0,0,0,0,0
1779914058898,453,18245,-3250,-40,-145,498,walking,0.00,0,0,0,0,0
1779914058898,337,18024,-3159,-25,-159,478,walking,0.00,0,0,0,0,0
1779914058899,72,18184,-3171,-55,-187,462,walking,0.00,0,0,0,0,0
1779914058930,-242,18471,-3002,-108,-223,447,walking,0.00,0,0,0,0,0
1779914058930,-441,18706,-2919,-201,-267,421,walking,0.00,0,0,0,0,0
1779914058931,-698,19219,-2784,-302,-320,386,walking,0.00,0,0,0,0,0
1779914058959,-1098,19920,-2645,-380,-379,340,walking,0.00,0,0,0,0,0
1779914058960,-1696,20539,-2494,-386,-435,286,walking,0.00,0,0,0,0,0
1779914058963,-1901,20975,-2291,-337,-475,230,walking,0.00,0,0,0,0,0
1779914058987,-2122,20874,-2275,-285,-509,188,walking,0.00,0,0,0,0,0
1779914058988,-2487,19951,-2384,-234,-543,182,walking,0.00,0,0,0,0,0
1779914058989,-2499,18246,-2566,-180,-577,222,walking,0.00,0,0,0,0,0
1779914059017,-1927,16405,-2580,-162,-617,287,walking,0.00,0,0,0,0,0
1779914059017,-1113,15237,-2495,-203,-657,346,walking,0.00,0,0,0,0,0
1779914059018,-363,15002,-2434,-248,-679,375,walking,0.00,0,0,0,0,0
1779914059049,119,15465,-2351,-231,-688,367,walking,0.00,0,0,0,0,0
1779914059050,-23,16215,-2062,-149,-679,335,walking,0.00,0,0,0,0,0
1779914059050,-268,16955,-1807,-39,-645,299,walking,0.00,0,0,0,0,0
1779914059079,-330,17675,-1458,82,-613,273,walking,0.00,0,0,0,0,0
1779914059080,-598,18285,-1138,196,-591,263,walking,0.00,0,0,0,0,0
1779914059080,-783,18384,-753,289,-568,256,walking,0.00,0,0,0,0,0
1779914059107,-686,18021,-531,333,-543,238,walking,0.00,0,0,0,0,0
1779914059108,-429,17666,-264,314,-525,211,walking,0.00,0,0,0,0,0
1779914059108,-552,17478,-196,242,-515,183,walking,0.00,0,0,0,0,0
1779914059137,-909,17154,-370,168,-491,158,walking,0.00,0,0,0,0,0
1779914059138,-1261,16884,-277,111,-457,119,walking,0.00,0,0,0,0,0
1779914059140,-1250,16811,-171,35,-416,71,walking,0.00,0,0,0,0,0
1779914059166,-1024,16768,-144,-39,-383,54,walking,0.00,0,0,0,0,0
1779914059167,-1231,16618,-181,-82,-367,58,walking,0.00,0,0,0,0,0
1779914059168,-1195,16220,-374,-102,-355,68,walking,0.00,0,0,0,0,0
1779914059198,-1095,15693,-577,-109,-357,84,walking,0.00,0,0,0,0,0
1779914059199,-965,15028,-746,-111,-364,89,walking,0.00,0,0,0,0,0
1779914059199,-623,14229,-956,-109,-363,96,walking,0.00,0,0,0,0,0
1779914059228,-263,13308,-1195,-118,-371,90,walking,0.00,0,0,0,0,0
1779914059228,74,12974,-1183,-138,-380,79,walking,0.00,0,0,0,0,0
1779914059229,307,12756,-1302,-179,-392,67,walking,0.00,0,0,0,0,0
1779914059257,616,12622,-1460,-210,-401,71,walking,0.00,0,0,0,0,0
1779914059257,830,12660,-1531,-217,-410,86,walking,0.00,0,0,0,0,0
1779914059259,888,12824,-1638,-198,-412,104,walking,0.00,0,0,0,0,0
1779914059287,998,12897,-1627,-150,-403,128,walking,0.00,0,0,0,0,0
1779914059288,1298,12718,-1765,-80,-379,152,walking,0.00,0,0,0,0,0
1779914059289,1558,12372,-1730,-7,-358,172,walking,0.00,0,0,0,0,0
1779914059316,1766,12189,-1697,23,-342,196,walking,0.00,0,0,0,0,0
1779914059317,1860,12171,-1812,33,-329,207,walking,0.00,0,0,0,0,0
1779914059318,1946,12372,-1806,50,-313,207,walking,0.00,0,0,0,0,0
1779914059349,2106,12708,-1725,56,-290,214,walking,0.00,0,0,0,0,0
1779914059354,2014,13135,-1828,66,-267,223,walking,0.00,0,0,0,0,0
1779914059355,1823,13605,-1767,96,-247,224,walking,0.00,0,0,0,0,0
1779914059379,1763,13820,-1617,122,-226,230,walking,0.00,0,0,0,0,0
1779914059379,1761,14183,-1558,132,-209,232,walking,0.00,0,0,0,0,0
1779914059380,1652,14761,-1524,142,-196,224,walking,0.00,0,0,0,0,0
1779914059406,1682,15249,-1393,151,-181,204,walking,0.00,0,0,0,0,0
1779914059407,1679,15752,-1381,149,-164,181,walking,0.00,0,0,0,0,0
1779914059408,1531,16512,-1418,144,-148,144,walking,0.00,0,0,0,0,0
1779914059441,1238,17275,-1393,151,-130,92,walking,0.00,0,0,0,0,0
1779914059441,893,17881,-1473,161,-106,31,walking,0.00,0,0,0,0,0
1779914059442,623,18631,-1423,165,-80,-29,walking,0.00,0,0,0,0,0
1779914059467,85,19096,-1319,164,-54,-86,walking,0.00,0,0,0,0,0
1779914059471,-524,19596,-1358,154,-31,-154,walking,0.00,0,0,0,0,0
1779914059472,-836,19940,-1502,119,-26,-226,walking,0.00,0,0,0,0,0
1779914059497,-1044,19836,-1976,97,-33,-299,walking,0.00,0,0,0,0,0
1779914059497,-1294,19605,-2241,27,-49,-415,walking,0.00,0,0,0,0,0
1779914059498,-1360,20064,-2279,-21,-58,-466,walking,0.00,0,0,0,0,0
1779914059528,-1517,20532,-2459,-33,-52,-513,walking,0.00,0,0,0,0,0
1779914059531,-1630,20854,-2493,13,-31,-565,walking,0.00,0,0,0,0,0
1779914059531,-1723,21242,-2222,63,-10,-615,walking,0.00,0,0,0,0,0
1779914059557,-1967,21879,-2016,57,3,-664,walking,0.00,0,0,0,0,0
1779914059557,-2459,22382,-2078,34,9,-714,walking,0.00,0,0,0,0,0
1779914059558,-3312,21648,-2332,50,5,-726,walking,0.00,0,0,0,0,0
1779914059588,-3892,19049,-2674,81,-16,-658,walking,0.00,0,0,0,0,0
1779914059589,-3492,15997,-2650,21,-62,-525,walking,0.00,0,0,0,0,0
1779914059590,-2609,13988,-2667,-150,-117,-376,walking,0.00,0,0,0,0,0
1779914059617,-1913,13409,-2986,-289,-151,-269,walking,0.00,0,0,0,0,0
1779914059621,-1814,13981,-3174,-315,-158,-213,walking,0.00,0,0,0,0,0
1779914059622,-2255,14972,-3310,-224,-141,-185,walking,0.00,0,0,0,0,0
1779914059647,-2957,15599,-3332,-45,-104,-151,walking,0.00,0,0,0,0,0
1779914059647,-3504,15579,-3134,138,-66,-98,walking,0.00,0,0,0,0,0
1779914059648,-3878,15236,-2829,249,-41,-50,walking,0.00,0,0,0,0,0
1779914059680,-4039,14922,-2425,243,-19,2,walking,0.00,0,0,0,0,0
1779914059683,-4036,14817,-2157,163,18,52,walking,0.00,0,0,0,0,0
1779914059684,-4123,15152,-1852,93,67,83,walking,0.00,0,0,0,0,0
1779914059706,-4478,15259,-1647,74,120,71,walking,0.00,0,0,0,0,0
1779914059707,-4454,14731,-1541,92,189,41,walking,0.00,0,0,0,0,0
1779914059707,-4198,14026,-1281,98,251,14,walking,0.00,0,0,0,0,0
1779914059739,-3949,13154,-1087,35,295,-27,walking,0.00,0,0,0,0,0
1779914059740,-3469,12752,-1116,-103,326,-71,walking,0.00,0,0,0,0,0
1779914059740,-3165,12972,-1251,-221,334,-113,walking,0.00,0,0,0,0,0
1779914059771,-3017,13104,-1454,-274,345,-154,walking,0.00,0,0,0,0,0
1779914059772,-2694,12876,-1640,-280,369,-187,walking,0.00,0,0,0,0,0
1779914059773,-2381,12401,-1812,-293,388,-222,walking,0.00,0,0,0,0,0
1779914059799,-1882,12118,-2071,-320,408,-247,walking,0.00,0,0,0,0,0
1779914059800,-1584,11982,-2217,-326,415,-275,walking,0.00,0,0,0,0,0
1779914059803,-1352,11797,-2263,-318,416,-313,walking,0.00,0,0,0,0,0
1779914059827,-1242,11660,-2318,-320,407,-353,walking,0.00,0,0,0,0,0
1779914059828,-1305,11492,-2575,-345,401,-393,walking,0.00,0,0,0,0,0
1779914059828,-1363,11505,-2643,-373,401,-424,walking,0.00,0,0,0,0,0
1779914059856,-1169,11840,-2678,-407,404,-453,walking,0.00,0,0,0,0,0
1779914059857,-927,12060,-2852,-423,413,-481,walking,0.00,0,0,0,0,0
1779914059857,-696,12189,-3014,-404,424,-510,walking,0.00,0,0,0,0,0
1779914059887,-693,12161,-3004,-386,422,-554,walking,0.00,0,0,0,0,0
1779914059888,-454,12410,-2869,-387,419,-581,walking,0.00,0,0,0,0,0
1779914059889,-31,12928,-3114,-407,416,-586,walking,0.00,0,0,0,0,0
1779914059916,10,13393,-3362,-400,403,-587,walking,0.00,0,0,0,0,0
1779914059920,-44,13827,-3423,-384,387,-587,walking,0.00,0,0,0,0,0
1779914059921,64,14168,-3632,-383,370,-577,walking,0.00,0,0,0,0,0
1779914059948,234,14610,-3724,-366,353,-560,walking,0.00,0,0,0,0,0
1779914059949,315,15128,-3817,-347,337,-539,walking,0.00,0,0,0,0,0
1779914059950,287,15675,-3790,-357,317,-510,walking,0.00,0,0,0,0,0
1779914059978,303,16710,-3782,-365,287,-460,walking,0.00,0,0,0,0,0
1779914059979,236,17858,-3716,-317,261,-399,walking,0.00,0,0,0,0,0
1779914059980,61,18481,-3474,-231,243,-339,walking,0.00,0,0,0,0,0
1779914060006,-122,18720,-3264,-170,221,-291,walking,0.00,0,0,0,0,0
1779914060007,-320,18984,-3024,-141,203,-252,walking,0.00,0,0,0,0,0
1779914060008,-350,19342,-2685,-155,180,-217,walking,0.00,0,0,0,0,0
1779914060040,-673,20026,-2422,-205,142,-192,walking,0.00,0,0,0,0,0
1779914060040,-751,20744,-2313,-229,115,-161,walking,0.00,0,0,0,0,0
1779914060041,-1178,21116,-2042,-220,78,-131,walking,0.00,0,0,0,0,0
1779914060070,-1375,21348,-1717,-207,41,-98,walking,0.00,0,0,0,0,0
1779914060071,-1101,21413,-1669,-200,11,-60,walking,0.00,0,0,0,0,0
1779914060071,-1079,21825,-1488,-195,-36,-29,walking,0.00,0,0,0,0,0
1779914060106,-1262,22390,-1462,-200,-93,-41,walking,0.00,0,0,0,0,0
1779914060106,-1534,22626,-1502,-155,-141,-44,walking,0.00,0,0,0,0,0
1779914060107,-1470,21944,-1396,-82,-185,-26,walking,0.00,0,0,0,0,0
1779914060129,-1495,20909,-1193,-104,-257,2,walking,0.00,0,0,0,0,0
1779914060129,-1303,20280,-1355,-187,-338,34,walking,0.00,0,0,0,0,0
1779914060130,-1361,19577,-1398,-175,-411,65,walking,0.00,0,0,0,0,0
1779914060157,-1219,18827,-1233,-73,-459,106,walking,0.00,0,0,0,0,0
1779914060157,-771,18231,-1166,62,-494,144,walking,0.00,0,0,0,0,0
1779914060158,-541,17371,-988,219,-521,154,walking,0.00,0,0,0,0,0
1779914060187,-510,16891,-440,317,-553,141,walking,0.00,0,0,0,0,0
1779914060188,-589,17223,-107,312,-595,117,walking,0.00,0,0,0,0,0
1779914060189,-838,17996,105,320,-637,104,walking,0.00,0,0,0,0,0
1779914060220,-1082,18531,423,396,-665,111,walking,0.00,0,0,0,0,0
1779914060221,-1346,18401,608,473,-687,131,walking,0.00,0,0,0,0,0
1779914060221,-1400,18056,832,514,-709,158,walking,0.00,0,0,0,0,0
1779914060249,-1442,18049,1121,517,-730,184,walking,0.00,0,0,0,0,0
1779914060253,-1563,18146,1267,516,-741,202,walking,0.00,0,0,0,0,0
1779914060254,-1756,17997,1272,544,-741,209,walking,0.00,0,0,0,0,0
1779914060278,-2116,17503,1438,560,-741,197,walking,0.00,0,0,0,0,0
1779914060279,-2432,16984,1557,513,-742,181,walking,0.00,0,0,0,0,0
1779914060279,-2637,16748,1412,408,-750,178,walking,0.00,0,0,0,0,0
1779914060311,-2770,16679,1074,318,-770,193,walking,0.00,0,0,0,0,0
1779914060311,-2801,16037,709,289,-788,209,walking,0.00,0,0,0,0,0
1779914060312,-2632,14884,408,283,-812,215,walking,0.00,0,0,0,0,0
1779914060341,-2287,13707,89,236,-841,198,walking,0.00,0,0,0,0,0
1779914060345,-1878,13015,-299,173,-869,166,walking,0.00,0,0,0,0,0
1779914060346,-1498,12313,-697,167,-890,136,walking,0.00,0,0,0,0,0
1779914060369,-1334,11830,-829,171,-913,113,walking,0.00,0,0,0,0,0
1779914060370,-1175,11748,-419,124,-956,83,walking,0.00,0,0,0,0,0
1779914060371,-894,12356,-522,92,-970,103,walking,0.00,0,0,0,0,0
1779914060398,-1067,12784,-530,163,-1005,164,walking,0.00,0,0,0,0,0
1779914060399,-1609,12697,-517,266,-1036,221,walking,0.00,0,0,0,0,0
1779914060403,-1409,11801,-758,383,-1040,249,walking,0.00,0,0,0,0,0
1779914060436,-1070,10774,-732,469,-1054,265,walking,0.00,0,0,0,0,0
1779914060437,-867,10248,-590,470,-1074,263,walking,0.00,0,0,0,0,0
1779914060437,-498,10312,-550,436,-1088,256,walking,0.00,0,0,0,0,0
1779914060457,-295,10767,-502,422,-1097,242,walking,0.00,0,0,0,0,0
1779914060457,-242,11140,-398,452,-1092,215,walking,0.00,0,0,0,0,0
1779914060458,-440,11490,-280,477,-1090,202,walking,0.00,0,0,0,0,0
1779914060489,-858,11943,-182,477,-1082,181,walking,0.00,0,0,0,0,0
1779914060491,-1048,12638,-212,484,-1037,152,walking,0.00,0,0,0,0,0
1779914060495,-1007,12985,-269,499,-973,137,walking,0.00,0,0,0,0,0
1779914060519,-1497,13670,-361,482,-906,134,walking,0.00,0,0,0,0,0
1779914060547,-1451,14162,-491,466,-820,112,walking,0.00,0,0,0,0,0
1779914060548,-1686,15110,-323,447,-756,97,walking,0.00,0,0,0,0,0
1779914060549,-2005,15859,-302,423,-699,42,walking,0.00,0,0,0,0,0
1779914060549,-2085,16615,-321,411,-647,-18,walking,0.00,0,0,0,0,0
1779914060550,-2519,17194,-343,370,-617,-82,walking,0.00,0,0,0,0,0
1779914060577,-3359,17726,-476,273,-594,-159,walking,0.00,0,0,0,0,0
1779914060578,-4111,18649,-679,140,-560,-222,walking,0.00,0,0,0,0,0
1779914060579,-4773,19690,-880,36,-507,-273,walking,0.00,0,0,0,0,0
1779914060607,-5359,20327,-1142,-19,-440,-318,walking,0.00,0,0,0,0,0
1779914060607,-5728,20544,-1321,-41,-374,-363,walking,0.00,0,0,0,0,0
1779914060608,-5896,20417,-1519,-67,-318,-405,walking,0.00,0,0,0,0,0
1779914060637,-5981,19883,-2140,-176,-230,-465,walking,0.00,0,0,0,0,0
1779914060638,-5984,19974,-2483,-250,-187,-500,walking,0.00,0,0,0,0,0
1779914060639,-6247,20435,-2682,-286,-138,-536,walking,0.00,0,0,0,0,0
1779914060669,-6225,20961,-2881,-264,-68,-552,walking,0.00,0,0,0,0,0
1779914060670,-6717,21216,-2792,-207,-5,-570,walking,0.00,0,0,0,0,0
1779914060670,-6857,21138,-2747,-177,62,-597,walking,0.00,0,0,0,0,0
1779914060698,-6809,21027,-2640,-166,120,-598,walking,0.00,0,0,0,0,0
1779914060698,-6870,20057,-2803,-163,141,-592,walking,0.00,0,0,0,0,0
1779914060701,-6855,18086,-2918,-157,121,-530,walking,0.00,0,0,0,0,0
1779914060727,-6534,16231,-3118,-196,73,-417,walking,0.00,0,0,0,0,0
1779914060728,-6358,15012,-3268,-244,20,-273,walking,0.00,0,0,0,0,0
1779914060729,-6173,14841,-3332,-223,13,-141,walking,0.00,0,0,0,0,0
1779914060757,-6025,14568,-3200,-96,68,-7,walking,0.00,0,0,0,0,0
1779914060764,-6515,14262,-2979,-23,132,83,walking,0.00,0,0,0,0,0
1779914060764,-6785,14266,-2979,46,209,143,walking,0.00,0,0,0,0,0
1779914060792,-7184,14189,-2644,117,279,190,walking,0.00,0,0,0,0,0
1779914060793,-7207,14066,-2252,133,362,222,walking,0.00,0,0,0,0,0
1779914060794,-7333,14166,-1850,102,438,246,walking,0.00,0,0,0,0,0
1779914060819,-7159,14636,-1601,92,522,248,walking,0.00,0,0,0,0,0
1779914060820,-6937,14696,-1343,147,606,240,walking,0.00,0,0,0,0,0
1779914060820,-6702,13847,-1001,183,676,215,walking,0.00,0,0,0,0,0
1779914060847,-6235,12763,-823,113,726,181,walking,0.00,0,0,0,0,0
1779914060847,-5614,12273,-837,-36,762,151,walking,0.00,0,0,0,0,0
1779914060848,-5035,12243,-966,-172,797,119,walking,0.00,0,0,0,0,0
1779914060877,-4485,12146,-1064,-250,832,79,walking,0.00,0,0,0,0,0
1779914060878,-3961,11905,-1124,-287,867,34,walking,0.00,0,0,0,0,0
1779914060880,-3450,11540,-1264,-317,888,-7,walking,0.00,0,0,0,0,0
1779914060910,-3081,11327,-1470,-350,896,-34,walking,0.00,0,0,0,0,0
1779914060911,-2613,11208,-1653,-378,889,-44,walking,0.00,0,0,0,0,0
1779914060912,-2602,11000,-1843,-420,873,-54,walking,0.00,0,0,0,0,0
1779914060937,-2409,10884,-2135,-449,884,-59,walking,0.00,0,0,0,0,0
1779914060938,-1983,11250,-2359,-437,896,-46,walking,0.00,0,0,0,0,0
1779914060939,-1779,11491,-2488,-387,908,-66,walking,0.00,0,0,0,0,0
1779914060969,-1523,11379,-2545,-329,930,-87,walking,0.00,0,0,0,0,0
1779914060969,-1311,11338,-2676,-299,940,-102,walking,0.00,0,0,0,0,0
1779914060970,-1238,11499,-2787,-311,932,-128,walking,0.00,0,0,0,0,0
1779914060996,-1223,11725,-2935,-331,915,-151,walking,0.00,0,0,0,0,0
1779914060997,-1132,12115,-3096,-349,895,-163,walking,0.00,0,0,0,0,0
1779914060998,-977,12532,-3335,-369,876,-170,walking,0.00,0,0,0,0,0
1779914061029,-842,13079,-3475,-364,855,-170,walking,0.00,0,0,0,0,0
1779914061030,-744,13629,-3563,-349,829,-173,walking,0.00,0,0,0,0,0
1779914061030,-772,14024,-3707,-323,802,-179,walking,0.00,0,0,0,0,0
1779914061057,-795,14450,-3827,-295,774,-173,walking,0.00,0,0,0,0,0
1779914061060,-696,14780,-3841,-265,742,-163,walking,0.00,0,0,0,0,0
1779914061061,-528,15081,-3782,-249,700,-156,walking,0.00,0,0,0,0,0
1779914061089,-373,15466,-3808,-264,639,-142,walking,0.00,0,0,0,0,0
1779914061089,-460,16054,-3792,-294,561,-118,walking,0.00,0,0,0,0,0
1779914061090,-620,16776,-3795,-315,479,-87,walking,0.00,0,0,0,0,0
1779914061120,-797,17504,-3858,-315,398,-49,walking,0.00,0,0,0,0,0
1779914061122,-1110,18032,-3852,-285,325,-10,walking,0.00,0,0,0,0,0
1779914061122,-1354,18610,-3774,-244,270,28,walking,0.00,0,0,0,0,0
1779914061149,-1556,19045,-3658,-198,231,58,walking,0.00,0,0,0,0,0
1779914061151,-2026,19905,-3503,-154,198,86,walking,0.00,0,0,0,0,0
1779914061151,-2055,20042,-3337,-52,207,111,walking,0.00,0,0,0,0,0
1779914061176,-2517,19487,-2912,-49,179,119,walking,0.00,0,0,0,0,0
1779914061177,-2838,19707,-2549,-171,121,109,walking,0.00,0,0,0,0,0
1779914061177,-2671,20865,-2230,-298,78,106,walking,0.00,0,0,0,0,0
1779914061209,-2939,22381,-2029,-340,42,98,walking,0.00,0,0,0,0,0
1779914061210,-3352,23427,-1841,-246,26,89,walking,0.00,0,0,0,0,0
1779914061211,-3344,23074,-1691,-109,19,63,walking,0.00,0,0,0,0,0
1779914061236,-3264,21939,-1420,-63,-25,46,walking,0.00,0,0,0,0,0
1779914061236,-3138,20851,-1326,-150,-119,56,walking,0.00,0,0,0,0,0
1779914061237,-3137,20037,-1522,-259,-231,97,walking,0.00,0,0,0,0,0
1779914061268,-2953,19222,-1734,-253,-314,153,walking,0.00,0,0,0,0,0
1779914061268,-2555,18494,-1633,-120,-367,216,walking,0.00,0,0,0,0,0
1779914061269,-2055,17626,-1401,61,-393,262,walking,0.00,0,0,0,0,0
1779914061296,-1704,16756,-1036,181,-415,284,walking,0.00,0,0,0,0,0
1779914061296,-1989,16699,-745,233,-441,287,walking,0.00,0,0,0,0,0
1779914061297,-2554,17215,-458,287,-448,265,walking,0.00,0,0,0,0,0
1779914061328,-2746,17818,37,377,-433,226,walking,0.00,0,0,0,0,0
1779914061330,-2808,18241,534,464,-414,192,walking,0.00,0,0,0,0,0
1779914061330,-2962,18267,947,521,-393,173,walking,0.00,0,0,0,0,0
1779914061356,-3070,17976,1207,513,-381,167,walking,0.00,0,0,0,0,0
1779914061365,-3303,17839,1409,429,-385,159,walking,0.00,0,0,0,0,0
1779914061365,-3557,18147,1503,338,-376,151,walking,0.00,0,0,0,0,0
1779914061385,-3542,18556,1518,314,-325,170,walking,0.00,0,0,0,0,0
1779914061386,-3810,18383,1384,346,-274,203,walking,0.00,0,0,0,0,0
1779914061387,-4044,17396,1181,368,-236,226,walking,0.00,0,0,0,0,0
1779914061420,-3917,16108,889,309,-226,239,walking,0.00,0,0,0,0,0
1779914061421,-3630,15090,183,222,-238,250,walking,0.00,0,0,0,0,0
1779914061421,-3277,14414,-468,190,-247,251,walking,0.00,0,0,0,0,0
1779914061447,-3151,13316,-902,188,-248,213,walking,0.00,0,0,0,0,0
1779914061448,-2343,12274,-1390,189,-237,195,walking,0.00,0,0,0,0,0
1779914061451,-2004,11337,-1594,145,-264,176,walking,0.00,0,0,0,0,0
1779914061477,-1525,10976,-1765,64,-290,154,walking,0.00,0,0,0,0,0
1779914061477,-1340,10903,-1962,-14,-326,140,walking,0.00,0,0,0,0,0
1779914061478,-1151,11203,-1956,-100,-377,143,walking,0.00,0,0,0,0,0
1779914061510,-1074,11926,-2138,-107,-404,156,walking,0.00,0,0,0,0,0
1779914061510,-1290,12242,-2135,-14,-425,148,walking,0.00,0,0,0,0,0
1779914061511,-1366,12174,-2146,118,-416,172,walking,0.00,0,0,0,0,0
1779914061543,-1124,11825,-2158,251,-399,206,walking,0.00,0,0,0,0,0
1779914061544,-933,11254,-2062,352,-395,226,walking,0.00,0,0,0,0,0
1779914061544,-863,10852,-1996,400,-394,227,walking,0.00,0,0,0,0,0
1779914061568,-660,10780,-1998,415,-385,216,walking,0.00,0,0,0,0,0
1779914061568,-661,10865,-1780,413,-377,210,walking,0.00,0,0,0,0,0
1779914061569,-737,11028,-1742,381,-358,221,walking,0.00,0,0,0,0,0
1779914061597,-648,11438,-1597,324,-367,270,walking,0.00,0,0,0,0,0
1779914061598,-1733,12861,-1534,243,-388,260,walking,0.00,0,0,0,0,0
1779914061599,-1262,13485,-1641,294,-330,183,walking,0.00,0,0,0,0,0
1779914061627,-1135,14586,-1371,386,-285,205,walking,0.00,0,0,0,0,0
1779914061628,-2041,15112,-1128,466,-253,173,walking,0.00,0,0,0,0,0
1779914061628,-2033,15282,-1122,535,-192,111,walking,0.00,0,0,0,0,0
1779914061660,-2043,15613,-974,559,-149,103,walking,0.00,0,0,0,0,0
1779914061663,-2546,16070,-817,499,-126,71,walking,0.00,0,0,0,0,0
1779914061663,-3021,17228,-764,375,-89,9,walking,0.00,0,0,0,0,0
1779914061687,-3629,18576,-1029,280,-41,-41,walking,0.00,0,0,0,0,0
1779914061688,-4403,19527,-1120,256,9,-79,walking,0.00,0,0,0,0,0
1779914061689,-5088,19955,-980,243,52,-135,walking,0.00,0,0,0,0,0
1779914061718,-5295,19984,-967,205,91,-210,walking,0.00,0,0,0,0,0
1779914061719,-5117,19802,-1280,137,142,-294,walking,0.00,0,0,0,0,0
1779914061719,-4930,19445,-1575,61,187,-390,walking,0.00,0,0,0,0,0
1779914061746,-5064,19244,-1804,-39,208,-488,walking,0.00,0,0,0,0,0
1779914061747,-5236,19412,-2025,-179,216,-595,walking,0.00,0,0,0,0,0
1779914061747,-5438,20951,-2524,-412,225,-767,walking,0.00,0,0,0,0,0
1779914061778,-5802,22103,-2697,-447,248,-832,walking,0.00,0,0,0,0,0
1779914061779,-5893,23002,-2893,-403,297,-862,walking,0.00,0,0,0,0,0
1779914061780,-6352,23019,-2755,-318,328,-896,walking,0.00,0,0,0,0,0
1779914061808,-6527,21296,-2927,-289,347,-956,walking,0.00,0,0,0,0,0
1779914061808,-5873,18985,-3259,-325,330,-916,walking,0.00,0,0,0,0,0
1779914061809,-5472,16550,-3575,-409,250,-784,walking,0.00,0,0,0,0,0
1779914061842,-4972,14752,-3877,-521,157,-624,walking,0.00,0,0,0,0,0
1779914061843,-4424,14137,-4051,-605,92,-493,walking,0.00,0,0,0,0,0
1779914061843,-3872,14647,-4150,-559,85,-365,walking,0.00,0,0,0,0,0
1779914061867,-4091,15145,-4152,-395,108,-253,walking,0.00,0,0,0,0,0
1779914061875,-5027,15299,-4117,-152,157,-165,walking,0.00,0,0,0,0,0
1779914061875,-5364,15137,-3896,111,231,-78,walking,0.00,0,0,0,0,0
1779914061896,-5722,14585,-3233,289,277,-3,walking,0.00,0,0,0,0,0
1779914061897,-5893,13997,-2595,313,309,54,walking,0.00,0,0,0,0,0
1779914061897,-5621,14085,-2060,251,347,113,walking,0.00,0,0,0,0,0
1779914061932,-5479,14262,-1672,176,383,127,walking,0.00,0,0,0,0,0
1779914061933,-5472,14316,-1317,119,415,126,walking,0.00,0,0,0,0,0
1779914061936,-5240,14290,-1015,78,450,128,walking,0.00,0,0,0,0,0
1779914061959,-4896,13904,-904,32,492,118,walking,0.00,0,0,0,0,0
1779914061959,-4446,13437,-828,-45,542,102,walking,0.00,0,0,0,0,0
1779914061959,-3930,13135,-828,-147,591,90,walking,0.00,0,0,0,0,0
1779914061987,-3417,13121,-943,-235,626,84,walking,0.00,0,0,0,0,0
1779914061988,-2934,13092,-1222,-288,650,85,walking,0.00,0,0,0,0,0
1779914061989,-2457,12855,-1427,-295,666,88,walking,0.00,0,0,0,0,0
1779914062020,-2068,12410,-1688,-289,668,93,walking,0.00,0,0,0,0,0
1779914062021,-1855,11901,-2015,-291,660,100,walking,0.00,0,0,0,0,0
1779914062021,-1647,11636,-2180,-306,650,100,walking,0.00,0,0,0,0,0
1779914062045,-1403,11542,-2335,-338,630,97,walking,0.00,0,0,0,0,0
1779914062046,-1324,11579,-2613,-368,614,107,walking,0.00,0,0,0,0,0
1779914062047,-1273,11811,-2924,-371,612,129,walking,0.00,0,0,0,0,0
1779914062075,-1227,11967,-3131,-335,621,143,walking,0.00,0,0,0,0,0
1779914062077,-1111,12049,-3206,-299,630,150,walking,0.00,0,0,0,0,0
1779914062077,-854,12099,-3377,-289,634,164,walking,0.00,0,0,0,0,0
1779914062107,-765,12218,-3653,-278,628,187,walking,0.00,0,0,0,0,0
1779914062107,-613,12439,-3685,-261,619,204,walking,0.00,0,0,0,0,0
1779914062108,-275,12809,-3713,-262,603,222,walking,0.00,0,0,0,0,0
1779914062135,-63,13092,-3826,-253,580,248,walking,0.00,0,0,0,0,0
1779914062136,41,13458,-3894,-227,541,280,walking,0.00,0,0,0,0,0
1779914062136,27,13734,-4082,-214,498,294,walking,0.00,0,0,0,0,0
1779914062166,120,14047,-4205,-188,450,292,walking,0.00,0,0,0,0,0
1779914062166,199,14395,-4239,-160,401,289,walking,0.00,0,0,0,0,0
1779914062167,387,14728,-4184,-148,358,291,walking,0.00,0,0,0,0,0
1779914062196,597,15426,-4133,-175,305,298,walking,0.00,0,0,0,0,0
1779914062196,565,16489,-4088,-222,238,309,walking,0.00,0,0,0,0,0
1779914062196,388,17518,-4074,-235,170,324,walking,0.00,0,0,0,0,0
1779914062229,166,18462,-3906,-201,110,350,walking,0.00,0,0,0,0,0
1779914062229,-92,19231,-3733,-151,55,380,walking,0.00,0,0,0,0,0
1779914062229,-377,19629,-3668,-86,17,405,walking,0.00,0,0,0,0,0
1779914062259,-687,19876,-3401,-25,-8,421,walking,0.00,0,0,0,0,0
1779914062259,-906,20042,-3262,4,-19,429,walking,0.00,0,0,0,0,0
1779914062259,-1242,20114,-3138,11,-27,433,walking,0.00,0,0,0,0,0
1779914062285,-1468,20245,-2910,-4,-44,439,walking,0.00,0,0,0,0,0
1779914062285,-1672,20389,-2752,-59,-79,445,walking,0.00,0,0,0,0,0
1779914062286,-1643,21138,-2422,-108,-115,441,walking,0.00,0,0,0,0,0
1779914062315,-1616,21385,-2301,-137,-141,411,walking,0.00,0,0,0,0,0
1779914062316,-1846,21546,-2326,-146,-165,391,walking,0.00,0,0,0,0,0
1779914062316,-2329,21730,-2297,-127,-192,375,walking,0.00,0,0,0,0,0
1779914062345,-1988,21563,-2251,-106,-215,362,walking,0.00,0,0,0,0,0
1779914062345,-1674,21345,-2276,-100,-255,376,walking,0.00,0,0,0,0,0
1779914062346,-2086,20649,-2411,-99,-314,372,walking,0.00,0,0,0,0,0
1779914062375,-1977,19458,-2467,-67,-356,397,walking,0.00,0,0,0,0,0
1779914062376,-1550,18179,-2500,-30,-400,464,walking,0.00,0,0,0,0,0
1779914062376,-1219,17275,-2672,3,-437,530,walking,0.00,0,0,0,0,0
1779914062407,-675,16743,-2542,73,-450,553,walking,0.00,0,0,0,0,0
1779914062407,-171,16658,-2292,180,-437,533,walking,0.00,0,0,0,0,0
1779914062407,-176,17105,-1999,306,-420,511,walking,0.00,0,0,0,0,0
1779914062437,-242,17699,-1689,435,-404,517,walking,0.00,0,0,0,0,0
1779914062437,-448,18045,-1462,560,-392,511,walking,0.00,0,0,0,0,0
1779914062437,-476,18094,-1239,661,-378,502,walking,0.00,0,0,0,0,0
1779914062466,-647,17896,-1079,706,-375,511,walking,0.00,0,0,0,0,0
1779914062466,-732,17681,-779,720,-368,521,walking,0.00,0,0,0,0,0
1779914062466,-637,17347,-658,686,-349,508,walking,0.00,0,0,0,0,0
1779914062495,-828,17244,-539,630,-328,482,walking,0.00,0,0,0,0,0
1779914062495,-1130,17774,-581,591,-294,438,walking,0.00,0,0,0,0,0
1779914062496,-1495,17835,-476,625,-249,367,walking,0.00,0,0,0,0,0
1779914062526,-1382,16620,-360,680,-185,324,walking,0.00,0,0,0,0,0
1779914062527,-907,14983,-169,586,-144,373,walking,0.00,0,0,0,0,0
1779914062529,-1513,15261,-356,351,-173,431,walking,0.00,0,0,0,0,0
1779914062559,-1725,16136,-737,283,-182,379,walking,0.00,0,0,0,0,0
1779914062559,-1374,14507,-747,429,-149,330,walking,0.00,0,0,0,0,0
1779914062560,-660,11906,-770,414,-120,375,walking,0.00,0,0,0,0,0
1779914062586,-220,11368,-939,208,-137,432,walking,0.00,0,0,0,0,0
1779914062586,-473,12053,-1059,36,-178,406,walking,0.00,0,0,0,0,0
1779914062587,-195,12452,-1186,23,-182,366,walking,0.00,0,0,0,0,0
1779914062616,185,12227,-1308,112,-167,355,walking,0.00,0,0,0,0,0
1779914062617,-8,11188,-1385,206,-141,367,walking,0.00,0,0,0,0,0
1779914062617,336,10669,-1431,236,-105,416,walking,0.00,0,0,0,0,0
1779914062649,93,11317,-1509,173,-123,434,walking,0.00,0,0,0,0,0
1779914062650,-150,11401,-1800,146,-124,365,walking,0.00,0,0,0,0,0
1779914062651,703,11476,-1664,206,-83,327,walking,0.00,0,0,0,0,0
1779914062675,1440,11760,-1614,251,-49,347,walking,0.00,0,0,0,0,0
1779914062675,1310,11444,-1749,255,-43,336,walking,0.00,0,0,0,0,0
1779914062676,1006,11117,-1762,191,-51,297,walking,0.00,0,0,0,0,0
1779914062707,1456,11559,-1784,83,-40,276,walking,0.00,0,0,0,0,0
1779914062707,1685,12368,-1847,-15,-31,270,walking,0.00,0,0,0,0,0
1779914062708,1777,13206,-1954,-68,-11,264,walking,0.00,0,0,0,0,0
1779914062736,1492,14164,-2018,-64,-2,256,walking,0.00,0,0,0,0,0
1779914062737,1127,14891,-2141,1,16,217,walking,0.00,0,0,0,0,0
1779914062738,1485,15063,-2134,105,67,187,walking,0.00,0,0,0,0,0
1779914062766,1590,14936,-2100,156,99,200,walking,0.00,0,0,0,0,0
1779914062767,1312,15430,-2025,101,104,197,walking,0.00,0,0,0,0,0
1779914062767,1090,16496,-2207,36,118,170,walking,0.00,0,0,0,0,0
1779914062797,982,17533,-2275,41,138,141,walking,0.00,0,0,0,0,0
1779914062798,757,18152,-2299,78,160,104,walking,0.00,0,0,0,0,0
1779914062798,406,18486,-2295,112,175,64,walking,0.00,0,0,0,0,0
1779914062829,208,18545,-2275,138,184,24,walking,0.00,0,0,0,0,0
1779914062829,240,18264,-2250,125,187,-24,walking,0.00,0,0,0,0,0
1779914062830,351,18085,-2435,43,179,-83,walking,0.00,0,0,0,0,0
1779914062855,414,18235,-2897,-51,163,-142,walking,0.00,0,0,0,0,0
1779914062856,491,18345,-3187,-103,143,-205,walking,0.00,0,0,0,0,0
1779914062856,530,18417,-3237,-122,131,-266,walking,0.00,0,0,0,0,0
1779914062886,700,18683,-3237,-137,135,-305,walking,0.00,0,0,0,0,0
1779914062887,247,19926,-3473,-134,153,-361,walking,0.00,0,0,0,0,0
1779914062888,-321,20306,-3363,-71,161,-405,walking,0.00,0,0,0,0,0
1779914062917,-572,20501,-3213,-23,178,-455,walking,0.00,0,0,0,0,0
1779914062919,-719,20690,-3191,-25,194,-502,walking,0.00,0,0,0,0,0
1779914062919,-1086,20443,-3301,-35,202,-542,walking,0.00,0,0,0,0,0
1779914062948,-1588,19001,-3552,-35,191,-549,walking,0.00,0,0,0,0,0
1779914062949,-1715,16611,-3850,-53,160,-489,walking,0.00,0,0,0,0,0
1779914062949,-1410,14563,-3950,-145,115,-381,walking,0.00,0,0,0,0,0
1779914062981,-864,14014,-4101,-308,72,-271,walking,0.00,0,0,0,0,0
1779914062982,-526,14910,-4342,-415,50,-180,walking,0.00,0,0,0,0,0
1779914062982,-741,16285,-4554,-362,64,-121,walking,0.00,0,0,0,0,0
1779914063007,-1178,17089,-4533,-179,106,-95,walking,0.00,0,0,0,0,0
1779914063007,-1528,16983,-4271,35,147,-83,walking,0.00,0,0,0,0,0
1779914063008,-1814,16599,-3753,183,178,-72,walking,0.00,0,0,0,0,0
1779914063036,-1766,16400,-3521,224,200,-57,walking,0.00,0,0,0,0,0
1779914063037,-1848,16255,-3454,215,199,-39,walking,0.00,0,0,0,0,0
1779914063037,-1990,16029,-3375,172,184,-37,walking,0.00,0,0,0,0,0
1779914063069,-2274,15956,-3318,106,178,-68,walking,0.00,0,0,0,0,0
1779914063070,-2028,15771,-3354,64,198,-98,walking,0.00,0,0,0,0,0
1779914063070,-1651,15843,-2944,24,209,-101,walking,0.00,0,0,0,0,0
1779914063100,-1428,15396,-3007,9,233,-93,walking,0.00,0,0,0,0,0
1779914063100,-1066,14638,-2840,66,279,-100,walking,0.00,0,0,0,0,0
1779914063101,-906,13735,-2693,34,301,-142,walking,0.00,0,0,0,0,0
1779914063129,-568,13224,-2916,-54,316,-170,walking,0.00,0,0,0,0,0
1779914063129,-336,13023,-3087,-78,332,-181,walking,0.00,0,0,0,0,0
1779914063130,-170,12621,-3092,-52,330,-182,walking,0.00,0,0,0,0,0
1779914063157,10,12193,-3143,-42,310,-189,walking,0.00,0,0,0,0,0
1779914063158,39,12172,-3256,-75,285,-191,walking,0.00,0,0,0,0,0
1779914063159,113,12146,-3475,-95,266,-175,walking,0.00,0,0,0,0,0
1779914063187,106,12093,-3393,-68,249,-147,walking,0.00,0,0,0,0,0
1779914063187,151,11926,-3353,-81,238,-129,walking,0.00,0,0,0,0,0
1779914063188,434,11815,-3567,-112,238,-128,walking,0.00,0,0,0,0,0
1779914063218,823,11869,-3423,-88,249,-128,walking,0.00,0,0,0,0,0
1779914063219,1056,12020,-3392,-57,258,-121,walking,0.00,0,0,0,0,0
1779914063219,1219,12065,-3491,-54,257,-126,walking,0.00,0,0,0,0,0
1779914063248,1395,12329,-3576,-46,254,-128,walking,0.00,0,0,0,0,0
1779914063249,1570,12398,-3788,-50,245,-119,walking,0.00,0,0,0,0,0
1779914063249,1642,12724,-3940,-56,236,-99,walking,0.00,0,0,0,0,0
1779914063276,1743,13190,-4164,-67,241,-90,walking,0.00,0,0,0,0,0
1779914063276,1740,13678,-4294,-65,249,-89,walking,0.00,0,0,0,0,0
1779914063277,1557,14069,-4447,-51,259,-89,walking,0.00,0,0,0,0,0
1779914063309,1660,14261,-4395,-36,267,-81,walking,0.00,0,0,0,0,0
1779914063310,1783,14453,-4259,-67,256,-58,walking,0.00,0,0,0,0,0
1779914063310,1973,14989,-4260,-113,235,-33,walking,0.00,0,0,0,0,0
1779914063346,2129,15539,-4213,-140,216,-9,walking,0.00,0,0,0,0,0
1779914063368,2090,16018,-4209,-131,202,17,walking,0.00,0,0,0,0,0
1779914063369,1993,16579,-4233,-91,187,48,walking,0.00,0,0,0,0,0
1779914063370,1827,16855,-4311,-50,171,69,walking,0.00,0,0,0,0,0
1779914063370,1909,16907,-4220,-7,164,97,walking,0.00,0,0,0,0,0
1779914063371,1748,17017,-3840,-16,140,125,walking,0.00,0,0,0,0,0
1779914063402,1308,17271,-3750,-85,107,122,walking,0.00,0,0,0,0,0
1779914063403,952,18018,-3678,-133,90,135,walking,0.00,0,0,0,0,0
1779914063403,705,18239,-3683,-142,84,145,walking,0.00,0,0,0,0,0
1779914063427,426,17920,-3617,-176,76,139,walking,0.00,0,0,0,0,0
1779914063428,398,17812,-3631,-261,63,127,walking,0.00,0,0,0,0,0
1779914063428,697,18253,-3475,-342,47,112,walking,0.00,0,0,0,0,0
1779914063456,877,18887,-3054,-407,27,67,walking,0.00,0,0,0,0,0
1779914063457,812,19474,-2992,-470,5,0,walking,0.00,0,0,0,0,0
1779914063458,575,20181,-2941,-470,-14,-66,walking,0.00,0,0,0,0,0
1779914063491,322,20496,-2839,-425,-46,-125,walking,0.00,0,0,0,0,0
1779914063491,-23,20209,-3001,-398,-86,-174,walking,0.00,0,0,0,0,0
1779914063492,-105,19824,-3142,-393,-120,-192,walking,0.00,0,0,0,0,0
1779914063518,-250,19748,-3339,-395,-157,-183,walking,0.00,0,0,0,0,0
1779914063518,-621,18857,-3432,-335,-189,-162,walking,0.00,0,0,0,0,0
1779914063519,-385,18083,-3385,-265,-207,-95,walking,0.00,0,0,0,0,0
1779914063550,-448,17491,-3216,-181,-243,-60,walking,0.00,0,0,0,0,0
1779914063550,-81,16839,-2994,-99,-257,-56,walking,0.00,0,0,0,0,0
1779914063551,517,16932,-2762,-21,-259,-42,walking,0.00,0,0,0,0,0
1779914063577,-97,17090,-2464,38,-296,-79,walking,0.00,0,0,0,0,0
1779914063578,-142,16980,-2314,116,-309,-117,walking,0.00,0,0,0,0,0
1779914063578,-170,17457,-1970,189,-328,-131,walking,0.00,0,0,0,0,0
1779914063607,-386,17842,-1775,288,-346,-150,walking,0.00,0,0,0,0,0
1779914063608,-275,17538,-1528,409,-334,-158,walking,0.00,0,0,0,0,0
1779914063609,-822,16746,-1177,404,-358,-207,walking,0.00,0,0,0,0,0
1779914063640,-702,17401,-1168,357,-358,-219,walking,0.00,0,0,0,0,0
1779914063641,-670,17449,-1071,403,-332,-225,walking,0.00,0,0,0,0,0
1779914063641,-910,16654,-756,402,-315,-242,walking,0.00,0,0,0,0,0
1779914063668,-1324,16108,-559,249,-319,-256,walking,0.00,0,0,0,0,0
1779914063668,-1397,16504,-694,65,-323,-245,walking,0.00,0,0,0,0,0
1779914063669,-1488,16968,-704,-23,-335,-249,walking,0.00,0,0,0,0,0
1779914063700,-1274,16509,-740,-2,-338,-255,walking,0.00,0,0,0,0,0
1779914063701,-1134,15220,-871,49,-347,-264,walking,0.00,0,0,0,0,0
1779914063702,-990,14033,-1044,65,-360,-268,walking,0.00,0,0,0,0,0
1779914063727,-696,13111,-1361,39,-371,-265,walking,0.00,0,0,0,0,0
1779914063728,-521,12429,-1554,1,-388,-265,walking,0.00,0,0,0,0,0
1779914063729,-396,12015,-1759,-43,-402,-268,walking,0.00,0,0,0,0,0
1779914063758,-264,11786,-1952,-79,-405,-275,walking,0.00,0,0,0,0,0
1779914063760,-152,11826,-1930,-100,-399,-279,walking,0.00,0,0,0,0,0
1779914063760,17,12076,-1951,-113,-394,-265,walking,0.00,0,0,0,0,0
1779914063790,113,12436,-1928,-93,-395,-234,walking,0.00,0,0,0,0,0
1779914063790,32,12634,-1914,-30,-397,-205,walking,0.00,0,0,0,0,0
1779914063791,-25,12298,-1889,75,-390,-187,walking,0.00,0,0,0,0,0
1779914063819,127,11728,-1734,151,-382,-173,walking,0.00,0,0,0,0,0
1779914063819,57,11672,-1675,132,-370,-167,walking,0.00,0,0,0,0,0
1779914063823,243,11842,-1936,90,-335,-166,walking,0.00,0,0,0,0,0
1779914063848,96,12250,-1854,66,-302,-137,walking,0.00,0,0,0,0,0
1779914063851,14,12777,-1745,28,-269,-119,walking,0.00,0,0,0,0,0
1779914063851,11,13391,-1895,16,-237,-122,walking,0.00,0,0,0,0,0
1779914063882,45,13880,-1866,60,-205,-136,walking,0.00,0,0,0,0,0
1779914063882,-22,14125,-1696,93,-177,-152,walking,0.00,0,0,0,0,0
1779914063883,67,14738,-1896,83,-147,-148,walking,0.00,0,0,0,0,0
1779914063907,-483,15590,-1996,99,-134,-144,walking,0.00,0,0,0,0,0
1779914063908,-961,16251,-1972,148,-113,-141,walking,0.00,0,0,0,0,0
1779914063909,-1118,16659,-2087,187,-88,-131,walking,0.00,0,0,0,0,0
1779914063940,-1421,17141,-2184,203,-66,-127,walking,0.00,0,0,0,0,0
1779914063941,-1909,17846,-2119,210,-42,-141,walking,0.00,0,0,0,0,0
1779914063941,-2392,18710,-2099,218,-16,-158,walking,0.00,0,0,0,0,0
1779914063966,-2900,19431,-2185,234,8,-185,walking,0.00,0,0,0,0,0
1779914063967,-3365,19866,-2255,255,36,-211,walking,0.00,0,0,0,0,0
1779914063968,-3714,19898,-2286,263,63,-235,walking,0.00,0,0,0,0,0
1779914064001,-3894,19626,-2478,217,77,-272,walking,0.00,0,0,0,0,0
1779914064002,-3944,19470,-2643,138,83,-314,walking,0.00,0,0,0,0,0
1779914064002,-3850,19359,-2941,76,90,-355,walking,0.00,0,0,0,0,0
1779914064027,-3946,19016,-3193,26,89,-417,walking,0.00,0,0,0,0,0
1779914064027,-3655,19543,-3307,-48,110,-468,walking,0.00,0,0,0,0,0
1779914064028,-3699,20583,-3541,-42,144,-479,walking,0.00,0,0,0,0,0
1779914064058,-4448,21241,-3593,41,191,-493,walking,0.00,0,0,0,0,0
1779914064059,-5039,21690,-3450,137,266,-525,walking,0.00,0,0,0,0,0
1779914064059,-4930,21820,-3278,215,353,-565,walking,0.00,0,0,0,0,0
1779914064090,-5175,20864,-3267,235,397,-599,walking,0.00,0,0,0,0,0
1779914064090,-5604,19023,-3443,170,402,-603,walking,0.00,0,0,0,0,0
1779914064091,-5364,16632,-3695,49,366,-556,walking,0.00,0,0,0,0,0
1779914064117,-4773,14587,-3689,-126,284,-458,walking,0.00,0,0,0,0,0
1779914064118,-4097,13353,-4029,-328,201,-344,walking,0.00,0,0,0,0,0
1779914064119,-3690,13441,-4324,-431,147,-245,walking,0.00,0,0,0,0,0
1779914064149,-3518,14450,-4536,-391,140,-163,walking,0.00,0,0,0,0,0
1779914064151,-3703,15222,-4864,-219,166,-97,walking,0.00,0,0,0,0,0
1779914064152,-4169,15206,-4957,25,208,-43,walking,0.00,0,0,0,0,0
1779914064183,-4514,14674,-4712,220,251,-6,walking,0.00,0,0,0,0,0
1779914064184,-5055,14260,-4243,272,265,31,walking,0.00,0,0,0,0,0
1779914064185,-5394,14105,-3883,202,278,50,walking,0.00,0,0,0,0,0
1779914064210,-5519,14285,-3579,114,306,66,walking,0.00,0,0,0,0,0
1779914064211,-5642,14375,-3315,52,352,67,walking,0.00,0,0,0,0,0
1779914064211,-5652,14175,-3065,12,416,56,walking,0.00,0,0,0,0,0
1779914064239,-5195,13942,-2649,-42,477,42,walking,0.00,0,0,0,0,0
1779914064240,-4674,13789,-2370,-132,516,26,walking,0.00,0,0,0,0,0
1779914064241,-4215,13689,-2374,-212,539,4,walking,0.00,0,0,0,0,0
1779914064270,-3751,13686,-2363,-253,555,-20,walking,0.00,0,0,0,0,0
1779914064271,-3193,13424,-2522,-261,565,-36,walking,0.00,0,0,0,0,0
1779914064273,-2598,13007,-2694,-253,558,-51,walking,0.00,0,0,0,0,0
1779914064297,-2049,12584,-2858,-258,539,-70,walking,0.00,0,0,0,0,0
1779914064298,-1779,12247,-3095,-272,509,-82,walking,0.00,0,0,0,0,0
1779914064299,-1589,12227,-3321,-285,476,-82,walking,0.00,0,0,0,0,0
1779914064327,-1418,12195,-3622,-297,451,-74,walking,0.00,0,0,0,0,0
1779914064331,-1321,12161,-3923,-284,434,-65,walking,0.00,0,0,0,0,0
1779914064332,-1263,12047,-4067,-251,433,-59,walking,0.00,0,0,0,0,0
1779914064357,-1157,12091,-4195,-226,441,-56,walking,0.00,0,0,0,0,0
1779914064357,-924,12115,-4135,-206,442,-61,walking,0.00,0,0,0,0,0
1779914064359,-482,12192,-4110,-191,456,-55,walking,0.00,0,0,0,0,0
1779914064389,-569,12322,-4195,-166,466,-56,walking,0.00,0,0,0,0,0
1779914064390,-725,12598,-4055,-134,471,-62,walking,0.00,0,0,0,0,0
1779914064390,-359,12865,-3991,-99,479,-67,walking,0.00,0,0,0,0,0
1779914064416,-38,12889,-4024,-84,466,-76,walking,0.00,0,0,0,0,0
1779914064416,-30,13103,-4094,-92,447,-78,walking,0.00,0,0,0,0,0
1779914064417,-11,13487,-4187,-105,431,-72,walking,0.00,0,0,0,0,0
1779914064447,50,13681,-4336,-112,417,-72,walking,0.00,0,0,0,0,0
1779914064448,183,13725,-4491,-97,396,-73,walking,0.00,0,0,0,0,0
1779914064448,419,13845,-4479,-97,371,-72,walking,0.00,0,0,0,0,0
1779914064481,700,14257,-4413,-131,330,-69,walking,0.00,0,0,0,0,0
1779914064481,787,14761,-4547,-163,279,-53,walking,0.00,0,0,0,0,0
1779914064482,674,15267,-4613,-154,226,-34,walking,0.00,0,0,0,0,0
1779914064510,557,15645,-4508,-120,178,-9,walking,0.00,0,0,0,0,0
1779914064514,393,16057,-4420,-104,132,14,walking,0.00,0,0,0,0,0
1779914064515,21,16575,-4441,-83,95,31,walking,0.00,0,0,0,0,0
1779914064539,76,16694,-4448,-67,81,61,walking,0.00,0,0,0,0,0
1779914064539,-635,17111,-4285,-103,34,79,walking,0.00,0,0,0,0,0
1779914064540,-1237,17700,-4191,-138,-1,78,walking,0.00,0,0,0,0,0
1779914064567,-1398,18245,-4090,-147,-2,98,walking,0.00,0,0,0,0,0
1779914064568,-1860,18564,-3957,-148,-7,131,walking,0.00,0,0,0,0,0
1779914064568,-2059,18715,-3923,-161,-10,160,walking,0.00,0,0,0,0,0
1779914064597,-2125,18642,-3888,-174,-14,187,walking,0.00,0,0,0,0,0
1779914064597,-1845,18568,-3816,-200,-21,226,walking,0.00,0,0,0,0,0
1779914064598,-1681,19029,-3701,-255,-46,254,walking,0.00,0,0,0,0,0
1779914064626,-1908,19847,-3487,-299,-77,232,walking,0.00,0,0,0,0,0
1779914064627,-2105,20552,-3378,-277,-93,186,walking,0.00,0,0,0,0,0
1779914064627,-2270,20618,-3229,-211,-115,147,walking,0.00,0,0,0,0,0
1779914064658,-2610,20367,-2857,-198,-172,112,walking,0.00,0,0,0,0,0
1779914064659,-2920,20293,-2638,-235,-245,76,walking,0.00,0,0,0,0,0
1779914064660,-3140,19752,-2678,-246,-312,62,walking,0.00,0,0,0,0,0
1779914064689,-3354,18557,-2664,-210,-379,82,walking,0.00,0,0,0,0,0
1779914064690,-3183,17529,-2455,-162,-438,120,walking,0.00,0,0,0,0,0
1779914064691,-2748,17037,-2307,-105,-480,152,walking,0.00,0,0,0,0,0
1779914064717,-2401,16910,-2161,-5,-500,162,walking,0.00,0,0,0,0,0
1779914064718,-2302,16726,-2014,130,-503,161,walking,0.00,0,0,0,0,0
1779914064719,-2533,16684,-1801,263,-499,148,walking,0.00,0,0,0,0,0
1779914064747,-2723,16553,-1541,357,-492,109,walking,0.00,0,0,0,0,0
1779914064748,-2833,16447,-1337,388,-487,84,walking,0.00,0,0,0,0,0
1779914064749,-3120,16378,-962,369,-486,77,walking,0.00,0,0,0,0,0
1779914064780,-3386,16526,-836,308,-472,73,walking,0.00,0,0,0,0,0
1779914064781,-3792,16935,-712,252,-448,52,walking,0.00,0,0,0,0,0
1779914064782,-4179,17523,-477,212,-409,34,walking,0.00,0,0,0,0,0
1779914064807,-4631,17950,-344,192,-361,44,walking,0.00,0,0,0,0,0
1779914064808,-4982,18040,-351,202,-308,80,walking,0.00,0,0,0,0,0
1779914064809,-5058,17824,-627,235,-263,115,walking,0.00,0,0,0,0,0
1779914064839,-5058,16816,-773,293,-241,125,walking,0.00,0,0,0,0,0
1779914064840,-4400,15306,-1071,315,-218,121,walking,0.00,0,0,0,0,0
1779914064841,-3817,13579,-1391,242,-218,124,walking,0.00,0,0,0,0,0
1779914064867,-3517,12635,-1765,33,-250,136,walking,0.00,0,0,0,0,0
1779914064867,-3124,13043,-2278,-164,-286,134,walking,0.00,0,0,0,0,0
1779914064868,-2817,13635,-2393,-242,-317,114,walking,0.00,0,0,0,0,0
1779914064898,-2537,13816,-2511,-269,-338,115,walking,0.00,0,0,0,0,0
1779914064898,-2402,13761,-2740,-252,-338,131,walking,0.00,0,0,0,0,0
1779914064899,-2219,14126,-2836,-183,-324,162,walking,0.00,0,0,0,0,0
1779914064926,-2108,14046,-2959,-101,-295,178,walking,0.00,0,0,0,0,0
1779914064931,-1808,13603,-3115,-13,-248,205,walking,0.00,0,0,0,0,0
1779914064931,-1622,13146,-3070,40,-204,251,walking,0.00,0,0,0,0,0
1779914064957,-1317,12716,-2997,57,-167,293,walking,0.00,0,0,0,0,0
1779914064959,-1100,12405,-2906,21,-153,304,walking,0.00,0,0,0,0,0
1779914064959,-986,12521,-2833,-21,-144,311,walking,0.00,0,0,0,0,0
1779914064988,-718,12827,-2915,-28,-115,317,walking,0.00,0,0,0,0,0
1779914064989,-419,13060,-2890,19,-78,338,walking,0.00,0,0,0,0,0
1779914064989,-365,12841,-2831,63,-51,353,walking,0.00,0,0,0,0,0
1779914065018,-683,13339,-2714,69,-32,381,walking,0.00,0,0,0,0,0
1779914065018,-74,13566,-2668,78,18,336,walking,0.00,0,0,0,0,0
1779914065019,-221,14256,-2638,92,35,317,walking,0.00,0,0,0,0,0
1779914065050,-339,14559,-2775,105,61,286,walking,0.00,0,0,0,0,0
1779914065051,-754,15302,-2608,151,87,257,walking,0.00,0,0,0,0,0
1779914065051,-197,15282,-2867,203,143,236,walking,0.00,0,0,0,0,0
1779914065080,-993,15253,-2550,230,136,261,walking,0.00,0,0,0,0,0
1779914065081,-1138,15069,-2636,167,163,229,walking,0.00,0,0,0,0,0
1779914065081,-637,15695,-2726,104,194,244,walking,0.00,0,0,0,0,0
1779914065107,-1048,16531,-2581,50,195,245,walking,0.00,0,0,0,0,0
1779914065108,-1638,17594,-2628,18,207,197,walking,0.00,0,0,0,0,0
1779914065109,-1676,18446,-2830,79,249,156,walking,0.00,0,0,0,0,0
1779914065137,-1991,18568,-2820,177,284,117,walking,0.00,0,0,0,0,0
1779914065140,-2506,18187,-2888,208,310,71,walking,0.00,0,0,0,0,0
1779914065141,-2811,18315,-3011,112,359,-5,walking,0.00,0,0,0,0,0
1779914065167,-2997,18724,-3154,29,375,-55,walking,0.00,0,0,0,0,0
1779914065169,-2933,19448,-3256,-6,400,-123,walking,0.00,0,0,0,0,0
1779914065169,-2658,20081,-3035,6,439,-222,walking,0.00,0,0,0,0,0
1779914065198,-2497,20610,-2748,-2,480,-353,walking,0.00,0,0,0,0,0
1779914065199,-2796,21248,-2752,-67,509,-509,walking,0.00,0,0,0,0,0
1779914065199,-3336,21589,-2775,-137,508,-665,walking,0.00,0,0,0,0,0
1779914065230,-3630,21029,-2864,-183,474,-776,walking,0.00,0,0,0,0,0
1779914065231,-3850,19430,-3114,-253,384,-785,walking,0.00,0,0,0,0,0
1779914065231,-3881,17425,-3701,-352,256,-700,walking,0.00,0,0,0,0,0
1779914065257,-3542,15784,-4283,-421,138,-556,walking,0.00,0,0,0,0,0
1779914065259,-3165,14907,-4613,-411,41,-404,walking,0.00,0,0,0,0,0
1779914065263,-2662,14282,-4817,-285,2,-272,walking,0.00,0,0,0,0,0
1779914065287,-2388,14092,-4807,-70,8,-149,walking,0.00,0,0,0,0,0
1779914065288,-2643,14021,-4753,167,41,-55,walking,0.00,0,0,0,0,0
1779914065289,-3354,13817,-4600,388,83,5,walking,0.00,0,0,0,0,0
1779914065317,-3844,13565,-4072,521,114,32,walking,0.00,0,0,0,0,0
1779914065317,-4580,14287,-3548,525,131,67,walking,0.00,0,0,0,0,0
1779914065318,-5231,15035,-3091,527,164,26,walking,0.00,0,0,0,0,0
1779914065347,-5609,15345,-2563,527,226,11,walking,0.00,0,0,0,0,0
1779914065348,-6005,15105,-2255,485,298,28,walking,0.00,0,0,0,0,0
1779914065349,-6272,14955,-1965,381,355,49,walking,0.00,0,0,0,0,0
1779914065382,-6617,14834,-1804,197,385,12,walking,0.00,0,0,0,0,0
1779914065383,-6430,15695,-1986,34,422,-30,walking,0.00,0,0,0,0,0
1779914065384,-5443,16398,-2084,31,489,-43,walking,0.00,0,0,0,0,0
1779914065408,-5344,15651,-2167,21,514,-96,walking,0.00,0,0,0,0,0
1779914065409,-5085,14942,-2478,-46,515,-143,walking,0.00,0,0,0,0,0
1779914065410,-3964,14501,-3132,-118,531,-185,walking,0.00,0,0,0,0,0
1779914065438,-3099,13992,-3568,-180,530,-224,walking,0.00,0,0,0,0,0
1779914065438,-2914,13684,-3821,-244,505,-265,walking,0.00,0,0,0,0,0
1779914065439,-2249,13685,-4313,-286,500,-298,walking,0.00,0,0,0,0,0
1779914065467,-1943,13973,-4664,-272,488,-301,walking,0.00,0,0,0,0,0
1779914065472,-1823,13873,-4879,-203,486,-305,walking,0.00,0,0,0,0,0
1779914065472,-1723,13441,-4882,-139,478,-302,walking,0.00,0,0,0,0,0
1779914065497,-1633,13060,-4855,-125,473,-300,walking,0.00,0,0,0,0,0
1779914065498,-1383,12997,-4834,-142,478,-299,walking,0.00,0,0,0,0,0
1779914065499,-765,12708,-4709,-170,465,-287,walking,0.00,0,0,0,0,0
1779914065529,-1228,12847,-4756,-249,436,-268,walking,0.00,0,0,0,0,0
1779914065530,-828,13456,-4805,-211,471,-242,walking,0.00,0,0,0,0,0
1779914065531,-257,14316,-4663,-62,517,-207,walking,0.00,0,0,0,0,0
1779914065557,-111,13902,-4623,118,545,-190,walking,0.00,0,0,0,0,0
1779914065558,-234,12695,-4449,186,533,-146,walking,0.00,0,0,0,0,0
1779914065558,-59,12503,-4463,124,516,-123,walking,0.00,0,0,0,0,0
1779914065588,95,13265,-4684,63,513,-84,walking,0.00,0,0,0,0,0
1779914065589,-57,13629,-4910,60,512,-38,walking,0.00,0,0,0,0,0
1779914065589,-214,13306,-4902,79,507,-7,walking,0.00,0,0,0,0,0
1779914065617,54,13289,-4861,49,489,21,walking,0.00,0,0,0,0,0
1779914065621,288,13841,-4890,31,472,53,walking,0.00,0,0,0,0,0
1779914065622,323,14091,-4899,64,455,108,walking,0.00,0,0,0,0,0
1779914065649,273,13838,-4877,58,421,163,walking,0.00,0,0,0,0,0
1779914065650,234,13916,-4894,-19,378,185,walking,0.00,0,0,0,0,0
1779914065651,376,14760,-4864,-92,352,209,walking,0.00,0,0,0,0,0
1779914065679,457,15695,-4900,-75,353,241,walking,0.00,0,0,0,0,0
1779914065680,123,16066,-4646,-5,357,261,walking,0.00,0,0,0,0,0
1779914065681,-116,15997,-4338,24,364,271,walking,0.00,0,0,0,0,0
1779914065707,-58,16164,-4186,-23,356,285,walking,0.00,0,0,0,0,0
1779914065708,-341,16829,-4059,-90,338,293,walking,0.00,0,0,0,0,0
1779914065709,-409,17642,-3958,-115,346,277,walking,0.00,0,0,0,0,0
1779914065740,-668,18282,-3792,-102,353,245,walking,0.00,0,0,0,0,0
1779914065740,-703,18837,-3802,-87,377,207,walking,0.00,0,0,0,0,0
1779914065741,-716,18906,-3578,-101,387,158,walking,0.00,0,0,0,0,0
1779914065771,-1182,19240,-3322,-204,364,92,walking,0.00,0,0,0,0,0
1779914065772,-1509,20158,-3336,-343,333,36,walking,0.00,0,0,0,0,0
1779914065773,-1822,21168,-3538,-413,308,4,walking,0.00,0,0,0,0,0
1779914065799,-2211,21392,-3645,-393,285,-17,walking,0.00,0,0,0,0,0
1779914065800,-2424,21045,-3672,-345,261,-28,walking,0.00,0,0,0,0,0
1779914065800,-2376,20319,-3867,-290,240,-16,walking,0.00,0,0,0,0,0
1779914065829,-2160,19041,-4222,-230,212,21,walking,0.00,0,0,0,0,0
1779914065829,-2009,17578,-4296,-181,172,73,walking,0.00,0,0,0,0,0
1779914065830,-1933,16265,-4361,-178,118,129,walking,0.00,0,0,0,0,0
1779914065856,-1506,15512,-4334,-177,75,184,walking,0.00,0,0,0,0,0
1779914065857,-987,15359,-4159,-147,48,209,walking,0.00,0,0,0,0,0
1779914065858,-850,15779,-3875,-76,38,200,walking,0.00,0,0,0,0,0
1779914065886,-755,16517,-3558,34,51,191,walking,0.00,0,0,0,0,0
1779914065887,-883,16988,-3330,186,72,167,walking,0.00,0,0,0,0,0
1779914065887,-1188,17288,-2848,343,88,144,walking,0.00,0,0,0,0,0
1779914065917,-1320,17459,-2348,440,93,128,walking,0.00,0,0,0,0,0
1779914065921,-1485,17317,-2045,476,82,114,walking,0.00,0,0,0,0,0
1779914065922,-1791,17123,-1758,446,61,102,walking,0.00,0,0,0,0,0
1779914065947,-2047,17041,-1562,380,39,95,walking,0.00,0,0,0,0,0
1779914065947,-2074,17208,-1282,326,26,92,walking,0.00,0,0,0,0,0
1779914065948,-2073,17238,-1075,294,16,90,walking,0.00,0,0,0,0,0
1779914065979,-2171,17132,-1059,270,11,87,walking,0.00,0,0,0,0,0
1779914065982,-2242,16945,-1191,270,18,67,walking,0.00,0,0,0,0,0
1779914065982,-2338,16586,-1258,266,28,39,walking,0.00,0,0,0,0,0
1779914066006,-2363,15981,-1428,253,33,18,walking,0.00,0,0,0,0,0
1779914066007,-2270,15378,-1564,218,34,2,walking,0.00,0,0,0,0,0
1779914066008,-2103,14841,-1806,144,24,-17,walking,0.00,0,0,0,0,0
1779914066043,-1853,14405,-2038,67,6,-39,walking,0.00,0,0,0,0,0
1779914066043,-1467,14237,-2298,9,-14,-67,walking,0.00,0,0,0,0,0
1779914066044,-1273,14246,-2427,-13,-30,-100,walking,0.00,0,0,0,0,0
1779914066072,-1073,14223,-2607,-4,-36,-106,walking,0.00,0,0,0,0,0
1779914066073,-1061,14091,-2737,18,-44,-91,walking,0.00,0,0,0,0,0
1779914066074,-1160,14082,-2867,43,-46,-61,walking,0.00,0,0,0,0,0
1779914066098,-1046,13775,-2961,75,-45,-26,walking,0.00,0,0,0,0,0
1779914066099,-997,13552,-2899,86,-43,-7,walking,0.00,0,0,0,0,0
1779914066100,-533,13565,-2989,87,-27,4,walking,0.00,0,0,0,0,0
1779914066128,-361,13492,-3001,115,-19,28,walking,0.00,0,0,0,0,0
1779914066129,-264,13442,-2918,151,-4,43,walking,0.00,0,0,0,0,0
1779914066130,14,13177,-2810,173,8,51,walking,0.00,0,0,0,0,0
1779914066157,-3,13296,-2703,163,13,67,walking,0.00,0,0,0,0,0
1779914066157,202,13424,-2662,164,28,62,walking,0.00,0,0,0,0,0
1779914066158,355,13629,-2707,173,43,71,walking,0.00,0,0,0,0,0
1779914066188,314,13726,-2609,185,54,83,walking,0.00,0,0,0,0,0
1779914066189,171,13708,-2532,175,66,82,walking,0.00,0,0,0,0,0
1779914066190,349,13705,-2618,144,82,88,walking,0.00,0,0,0,0,0
1779914066220,379,13814,-2728,113,94,100,walking,0.00,0,0,0,0,0
1779914066221,343,13856,-2822,96,101,102,walking,0.00,0,0,0,0,0
1779914066222,345,13869,-2803,85,112,99,walking,0.00,0,0,0,0,0
1779914066248,474,13999,-2847,69,131,102,walking,0.00,0,0,0,0,0
1779914066248,271,14286,-2929,47,145,96,walking,0.00,0,0,0,0,0
1779914066249,144,14890,-2921,39,169,90,walking,0.00,0,0,0,0,0
1779914066279,10,15556,-2921,59,198,89,walking,0.00,0,0,0,0,0
1779914066280,-451,16429,-3034,129,252,80,walking,0.00,0,0,0,0,0
1779914066280,-635,16721,-2950,137,265,58,walking,0.00,0,0,0,0,0
1779914066316,-978,16859,-2933,95,275,25,walking,0.00,0,0,0,0,0
1779914066316,-1103,17639,-3049,53,282,2,walking,0.00,0,0,0,0,0
1779914066317,-2050,17869,-3118,37,280,-51,walking,0.00,0,0,0,0,0
1779914066338,-1805,17356,-3425,59,322,-101,walking,0.00,0,0,0,0,0
1779914066339,-1316,16993,-3426,42,338,-100,walking,0.00,0,0,0,0,0
1779914066340,-1650,16927,-3651,-54,319,-129,walking,0.00,0,0,0,0,0
1779914066373,-1584,17002,-3909,-116,314,-174,walking,0.00,0,0,0,0,0
1779914066374,-1274,17214,-4051,-117,321,-185,walking,0.00,0,0,0,0,0
1779914066375,-1469,17518,-3968,-104,329,-201,walking,0.00,0,0,0,0,0
1779914066398,-1580,18026,-3996,-66,356,-228,walking,0.00,0,0,0,0,0
1779914066398,-1884,18348,-3906,10,392,-258,walking,0.00,0,0,0,0,0
1779914066399,-2186,18338,-3803,61,433,-288,walking,0.00,0,0,0,0,0
1779914066433,-2298,18614,-3604,45,463,-313,walking,0.00,0,0,0,0,0
1779914066440,-2550,19001,-3388,-31,476,-355,walking,0.00,0,0,0,0,0
1779914066441,-2937,18981,-3412,-122,477,-418,walking,0.00,0,0,0,0,0
1779914066456,-3231,18502,-3551,-208,462,-461,walking,0.00,0,0,0,0,0
1779914066457,-3466,17470,-3715,-290,421,-445,walking,0.00,0,0,0,0,0
1779914066457,-3415,16038,-3998,-386,369,-361,walking,0.00,0,0,0,0,0
1779914066488,-3053,15133,-4375,-494,321,-246,walking,0.00,0,0,0,0,0
1779914066488,-2678,14896,-4644,-551,284,-153,walking,0.00,0,0,0,0,0
1779914066489,-2522,14909,-4901,-515,271,-83,walking,0.00,0,0,0,0,0
1779914066520,-2404,15186,-4967,-404,274,-18,walking,0.00,0,0,0,0,0
1779914066521,-2476,15343,-4800,-261,285,36,walking,0.00,0,0,0,0,0
1779914066521,-2731,15250,-4719,-143,282,65,walking,0.00,0,0,0,0,0
1779914066548,-3112,15272,-4495,-51,259,87,walking,0.00,0,0,0,0,0
1779914066549,-3484,15501,-4226,21,235,96,walking,0.00,0,0,0,0,0
1779914066553,-3990,15153,-4118,58,231,84,walking,0.00,0,0,0,0,0
1779914066579,-4352,14381,-3743,25,241,55,walking,0.00,0,0,0,0,0
1779914066579,-4144,13793,-3135,-110,263,5,walking,0.00,0,0,0,0,0
1779914066580,-4002,13841,-2849,-338,264,-49,walking,0.00,0,0,0,0,0
1779914066607,-3783,14361,-2520,-541,265,-84,walking,0.00,0,0,0,0,0
1779914066611,-3467,14938,-2193,-667,285,-101,walking,0.00,0,0,0,0,0
1779914066611,-3117,15476,-2211,-691,319,-104,walking,0.00,0,0,0,0,0
1779914066640,-2783,15435,-2345,-623,367,-111,walking,0.00,0,0,0,0,0
1779914066641,-2444,14761,-2652,-532,405,-118,walking,0.00,0,0,0,0,0
1779914066641,-2085,14121,-3003,-492,432,-119,walking,0.00,0,0,0,0,0
1779914066671,-1548,13827,-3337,-509,454,-114,walking,0.00,0,0,0,0,0
1779914066671,-1168,13799,-3464,-542,462,-119,walking,0.00,0,0,0,0,0
1779914066672,-1145,13686,-3628,-576,464,-136,walking,0.00,0,0,0,0,0
1779914066698,-876,13618,-3646,-612,458,-130,walking,0.00,0,0,0,0,0
1779914066699,-714,13908,-3753,-646,439,-104,walking,0.00,0,0,0,0,0
1779914066699,-523,14278,-4034,-617,457,-95,walking,0.00,0,0,0,0,0
1779914066729,-395,14019,-4412,-509,501,-94,walking,0.00,0,0,0,0,0
1779914066729,-347,13817,-4345,-405,538,-100,walking,0.00,0,0,0,0,0
1779914066730,2,13460,-4404,-344,575,-124,walking,0.00,0,0,0,0,0
1779914066757,206,13223,-4330,-304,593,-154,walking,0.00,0,0,0,0,0
1779914066758,148,13301,-4248,-305,598,-184,walking,0.00,0,0,0,0,0
1779914066759,213,13649,-4155,-317,586,-205,walking,0.00,0,0,0,0,0
1779914066788,193,14214,-4144,-341,560,-227,walking,0.00,0,0,0,0,0
1779914066789,283,14880,-4265,-311,550,-244,walking,0.00,0,0,0,0,0
1779914066790,624,15407,-4209,-207,544,-258,walking,0.00,0,0,0,0,0
1779914066820,535,14807,-4187,-102,525,-278,walking,0.00,0,0,0,0,0
1779914066821,572,13802,-4379,-86,503,-316,walking,0.00,0,0,0,0,0
1779914066821,711,14086,-4589,-162,468,-345,walking,0.00,0,0,0,0,0
1779914066847,729,15079,-4719,-189,435,-369,walking,0.00,0,0,0,0,0
1779914066847,723,15575,-4733,-114,416,-386,walking,0.00,0,0,0,0,0
1779914066848,864,15463,-4570,-3,392,-398,walking,0.00,0,0,0,0,0
1779914066879,847,15602,-4336,67,345,-397,walking,0.00,0,0,0,0,0
1779914066880,891,15621,-4193,81,279,-396,walking,0.00,0,0,0,0,0
1779914066881,567,15799,-4135,68,188,-356,walking,0.00,0,0,0,0,0
1779914066906,88,16080,-4051,52,95,-326,walking,0.00,0,0,0,0,0
1779914066907,-69,16211,-3843,55,20,-304,walking,0.00,0,0,0,0,0
1779914066908,-342,16455,-3773,50,-47,-271,walking,0.00,0,0,0,0,0
1779914066936,-938,16828,-3628,71,-99,-238,walking,0.00,0,0,0,0,0
1779914066937,-1400,16973,-3447,111,-115,-209,walking,0.00,0,0,0,0,0
1779914066937,-1737,17417,-3164,149,-108,-186,walking,0.00,0,0,0,0,0
1779914066970,-2087,17919,-2840,183,-93,-177,walking,0.00,0,0,0,0,0
1779914066971,-2593,18248,-2484,189,-80,-161,walking,0.00,0,0,0,0,0
1779914066971,-2798,18753,-2319,189,-64,-127,walking,0.00,0,0,0,0,0
1779914066996,-3045,19025,-2208,220,-54,-94,walking,0.00,0,0,0,0,0
1779914066998,-2992,18587,-2156,284,-41,-60,walking,0.00,0,0,0,0,0
1779914066998,-3068,17720,-2073,291,-31,-46,walking,0.00,0,0,0,0,0
1779914067030,-2787,16918,-1896,224,-25,-66,walking,0.00,0,0,0,0,0
1779914067030,-2750,16711,-1726,85,-43,-100,walking,0.00,0,0,0,0,0
1779914067031,-2518,16900,-1623,-63,-61,-143,walking,0.00,0,0,0,0,0
1779914067061,-2413,17554,-1524,-169,-79,-176,walking,0.00,0,0,0,0,0
1779914067061,-2303,18096,-1642,-213,-99,-210,walking,0.00,0,0,0,0,0
1779914067062,-2304,18676,-1637,-236,-118,-253,walking,0.00,0,0,0,0,0
1779914067087,-2406,19178,-1467,-255,-143,-282,walking,0.00,0,0,0,0,0
1779914067087,-2578,19404,-1446,-266,-183,-286,walking,0.00,0,0,0,0,0
1779914067099,-2596,19060,-1626,-239,-231,-268,walking,0.00,0,0,0,0,0
1779914067120,-2387,18200,-1737,-173,-286,-221,walking,0.00,0,0,0,0,0
1779914067124,-2107,16970,-1762,-101,-346,-167,walking,0.00,0,0,0,0,0
1779914067127,-1618,15711,-1921,-55,-395,-128,walking,0.00,0,0,0,0,0
1779914067144,-1046,14965,-2008,-13,-445,-104,walking,0.00,0,0,0,0,0
1779914067145,-826,14829,-1995,44,-506,-96,walking,0.00,0,0,0,0,0
1779914067145,-788,14912,-1904,109,-558,-120,walking,0.00,0,0,0,0,0
1779914067174,-785,15290,-1697,167,-608,-152,walking,0.00,0,0,0,0,0
1779914067175,-1034,15916,-1507,216,-655,-167,walking,0.00,0,0,0,0,0
1779914067175,-1283,16636,-1351,277,-694,-166,walking,0.00,0,0,0,0,0
1779914067205,-1513,17248,-1055,339,-728,-158,walking,0.00,0,0,0,0,0
1779914067206,-1749,17695,-871,385,-751,-137,walking,0.00,0,0,0,0,0
1779914067206,-1972,17885,-722,415,-766,-113,walking,0.00,0,0,0,0,0
1779914067235,-2145,18093,-542,419,-774,-99,walking,0.00,0,0,0,0,0
1779914067236,-2590,18409,-349,394,-782,-92,walking,0.00,0,0,0,0,0
1779914067236,-3136,18749,-289,376,-783,-69,walking,0.00,0,0,0,0,0
1779914067265,-3570,18866,-313,375,-770,-12,walking,0.00,0,0,0,0,0
1779914067265,-3921,18607,-395,400,-748,65,walking,0.00,0,0,0,0,0
1779914067266,-3993,17729,-392,445,-725,123,walking,0.00,0,0,0,0,0
1779914067295,-3766,16493,-623,449,-708,159,walking,0.00,0,0,0,0,0
1779914067295,-3563,15191,-1054,414,-700,183,walking,0.00,0,0,0,0,0
1779914067295,-3252,14198,-1311,348,-694,200,walking,0.00,0,0,0,0,0
1779914067326,-2932,13557,-1571,241,-696,207,walking,0.00,0,0,0,0,0
1779914067326,-2728,13435,-1802,125,-701,210,walking,0.00,0,0,0,0,0
1779914067327,-2379,13657,-2072,44,-705,216,walking,0.00,0,0,0,0,0
1779914067355,-2132,14017,-2099,34,-702,215,walking,0.00,0,0,0,0,0
1779914067356,-1723,14193,-2038,84,-683,214,walking,0.00,0,0,0,0,0
1779914067356,-1311,14220,-1947,144,-662,227,walking,0.00,0,0,0,0,0
1779914067385,-1039,14278,-1844,198,-647,245,walking,0.00,0,0,0,0,0
1779914067385,-858,14308,-1741,238,-636,270,walking,0.00,0,0,0,0,0
1779914067385,-782,14356,-1587,274,-632,291,walking,0.00,0,0,0,0,0
1779914067416,-855,14219,-1401,296,-628,337,walking,0.00,0,0,0,0,0
1779914067416,-840,14005,-1481,301,-619,357,walking,0.00,0,0,0,0,0
1779914067416,-765,13805,-1418,300,-606,370,walking,0.00,0,0,0,0,0
1779914067445,-641,13765,-1458,264,-586,382,walking,0.00,0,0,0,0,0
1779914067445,-891,13910,-1503,225,-572,385,walking,0.00,0,0,0,0,0
1779914067446,-936,14287,-1615,207,-539,399,walking,0.00,0,0,0,0,0
1779914067475,-1080,14611,-1666,229,-499,411,walking,0.00,0,0,0,0,0
1779914067475,-1242,14693,-1597,269,-460,407,walking,0.00,0,0,0,0,0
1779914067476,-1220,14827,-1563,277,-420,409,walking,0.00,0,0,0,0,0
1779914067505,-1166,14970,-1706,269,-383,414,walking,0.00,0,0,0,0,0
1779914067505,-1224,15086,-1731,272,-350,413,walking,0.00,0,0,0,0,0
1779914067505,-1280,15191,-1626,241,-330,414,walking,0.00,0,0,0,0,0
1779914067535,-1461,15659,-1725,177,-332,407,walking,0.00,0,0,0,0,0
1779914067535,-1688,16072,-1975,144,-324,379,walking,0.00,0,0,0,0,0
1779914067535,-1580,16441,-2168,160,-297,369,walking,0.00,0,0,0,0,0
1779914067566,-1588,16354,-2158,204,-277,380,walking,0.00,0,0,0,0,0
1779914067566,-2039,16431,-2159,182,-273,379,walking,0.00,0,0,0,0,0
1779914067567,-1772,16717,-2326,150,-254,346,walking,0.00,0,0,0,0,0
1779914067595,-1816,17272,-2349,144,-248,328,walking,0.00,0,0,0,0,0
1779914067595,-2214,17619,-2351,149,-242,304,walking,0.00,0,0,0,0,0
1779914067595,-2345,17686,-2374,186,-233,275,walking,0.00,0,0,0,0,0
1779914067624,-2503,17581,-2330,198,-238,254,walking,0.00,0,0,0,0,0
1779914067625,-2679,17479,-2488,175,-242,230,walking,0.00,0,0,0,0,0
1779914067625,-2601,17444,-2630,151,-243,202,walking,0.00,0,0,0,0,0
1779914067656,-2631,17425,-2669,119,-255,176,walking,0.00,0,0,0,0,0
1779914067657,-2732,17570,-2851,86,-262,143,walking,0.00,0,0,0,0,0
1779914067658,-2851,17884,-2962,75,-262,96,walking,0.00,0,0,0,0,0
1779914067686,-2948,18266,-3051,88,-257,47,walking,0.00,0,0,0,0,0
1779914067686,-3015,18500,-2948,105,-246,-17,walking,0.00,0,0,0,0,0
1779914067687,-3043,18808,-2851,102,-227,-81,walking,0.00,0,0,0,0,0
1779914067715,-3170,19132,-2723,83,-213,-153,walking,0.00,0,0,0,0,0
1779914067715,-3365,19326,-2567,52,-215,-224,walking,0.00,0,0,0,0,0
1779914067716,-3697,19126,-2543,7,-238,-275,walking,0.00,0,0,0,0,0
1779914067744,-3916,18496,-2661,-28,-275,-292,walking,0.00,0,0,0,0,0
1779914067746,-3787,17300,-2788,-86,-321,-281,walking,0.00,0,0,0,0,0
1779914067746,-3324,16274,-2983,-178,-363,-240,walking,0.00,0,0,0,0,0
1779914067775,-2725,15747,-3372,-247,-394,-166,walking,0.00,0,0,0,0,0
1779914067775,-2718,14973,-3631,-255,-425,-111,walking,0.00,0,0,0,0,0
1779914067775,-2262,14307,-3954,-205,-425,-53,walking,0.00,0,0,0,0,0
1779914067805,-1840,13761,-4063,-107,-422,21,walking,0.00,0,0,0,0,0
1779914067805,-1701,12949,-4004,-17,-424,83,walking,0.00,0,0,0,0,0
1779914067805,-1458,12473,-3907,27,-428,137,walking,0.00,0,0,0,0,0
1779914067835,-1383,12831,-3770,44,-447,185,walking,0.00,0,0,0,0,0
1779914067835,-1160,13781,-3640,84,-453,231,walking,0.00,0,0,0,0,0
1779914067835,-1364,14421,-3423,164,-465,244,walking,0.00,0,0,0,0,0
1779914067865,-1843,14958,-3199,217,-479,260,walking,0.00,0,0,0,0,0
1779914067865,-2019,15406,-2980,260,-484,277,walking,0.00,0,0,0,0,0
1779914067866,-1976,15431,-2723,287,-483,275,walking,0.00,0,0,0,0,0
1779914067894,-1977,15483,-2552,259,-492,270,walking,0.00,0,0,0,0,0
1779914067895,-1987,15620,-2449,226,-507,256,walking,0.00,0,0,0,0,0
1779914067895,-1963,15660,-2310,193,-532,226,walking,0.00,0,0,0,0,0
1779914067926,-1751,15538,-2281,149,-564,196,walking,0.00,0,0,0,0,0
1779914067926,-1634,15588,-2267,96,-604,172,walking,0.00,0,0,0,0,0
1779914067926,-1557,15675,-2299,40,-646,151,walking,0.00,0,0,0,0,0
1779914067955,-1475,15655,-2551,-17,-692,142,walking,0.00,0,0,0,0,0
1779914067955,-1354,16221,-2653,-59,-743,130,walking,0.00,0,0,0,0,0
1779914067955,-1555,16935,-2943,-23,-798,111,walking,0.00,0,0,0,0,0
1779914067984,-1585,16722,-2894,96,-840,121,walking,0.00,0,0,0,0,0
1779914067985,-1409,15785,-2982,169,-879,131,walking,0.00,0,0,0,0,0
1779914068020,-1374,15262,-3099,158,-939,131,walking,0.00,0,0,0,0,0
1779914068020,-1393,14941,-3144,131,-994,113,walking,0.00,0,0,0,0,0
1779914068020,-1116,14621,-3252,97,-1034,93,walking,0.00,0,0,0,0,0
1779914068020,-1046,14579,-3245,61,-1076,81,walking,0.00,0,0,0,0,0
1779914068045,-958,14671,-3114,39,-1117,69,walking,0.00,0,0,0,0,0
1779914068045,-751,14803,-3068,17,-1147,59,walking,0.00,0,0,0,0,0
1779914068045,-443,14976,-2966,31,-1178,59,walking,0.00,0,0,0,0,0
1779914068074,-316,14976,-2865,59,-1219,68,walking,0.00,0,0,0,0,0
1779914068076,-140,14909,-2850,71,-1260,68,walking,0.00,0,0,0,0,0
1779914068076,-157,14924,-2775,68,-1306,67,walking,0.00,0,0,0,0,0
1779914068108,-104,14962,-2760,65,-1352,81,walking,0.00,0,0,0,0,0
1779914068108,-43,14895,-2833,61,-1405,101,walking,0.00,0,0,0,0,0
1779914068108,-74,14988,-2837,54,-1461,106,walking,0.00,0,0,0,0,0
1779914068136,-113,15360,-2717,44,-1516,91,walking,0.00,0,0,0,0,0
1779914068137,-276,15614,-2681,50,-1564,77,walking,0.00,0,0,0,0,0
1779914068137,-488,15827,-2692,76,-1620,77,walking,0.00,0,0,0,0,0
1779914068169,-734,15853,-2667,94,-1683,74,walking,0.00,0,0,0,0,0
1779914068169,-871,15666,-2696,80,-1745,66,walking,0.00,0,0,0,0,0
1779914068170,-916,15813,-2624,53,-1811,76,walking,0.00,0,0,0,0,0
1779914068196,-1005,16352,-2653,54,-1874,86,walking,0.00,0,0,0,0,0
1779914068196,-1182,16373,-2678,104,-1932,85,walking,0.00,0,0,0,0,0
1779914068197,-1246,15849,-2512,164,-1976,94,walking,0.00,0,0,0,0,0
1779914068226,-1226,15647,-2414,173,-2020,116,walking,0.00,0,0,0,0,0
1779914068227,-1130,15897,-2376,191,-2061,148,walking,0.00,0,0,0,0,0
1779914068227,-1330,15870,-2167,243,-2099,150,walking,0.00,0,0,0,0,0
1779914068256,-1461,15784,-1974,290,-2127,146,walking,0.00,0,0,0,0,0
1779914068258,-1547,15940,-1800,318,-2155,167,walking,0.00,0,0,0,0,0
1779914068258,-1522,15861,-1671,351,-2180,199,walking,0.00,0,0,0,0,0
1779914068286,-1856,15697,-1471,357,-2224,211,walking,0.00,0,0,0,0,0
1779914068287,-1974,15613,-1341,351,-2261,221,walking,0.00,0,0,0,0,0
1779914068287,-1847,15621,-1141,358,-2297,247,walking,0.00,0,0,0,0,0
1779914068317,-1806,15489,-984,354,-2341,270,walking,0.00,0,0,0,0,0
1779914068317,-1927,15482,-747,347,-2392,281,walking,0.00,0,0,0,0,0
1779914068318,-2016,15783,-552,355,-2430,288,walking,0.00,0,0,0,0,0
1779914068346,-2200,16157,-340,373,-2459,284,walking,0.00,0,0,0,0,0
1779914068347,-2488,16387,-56,389,-2482,267,walking,0.00,0,0,0,0,0
1779914068347,-2713,16728,282,394,-2494,249,walking,0.00,0,0,0,0,0
1779914068376,-2796,17207,522,406,-2500,238,walking,0.00,0,0,0,0,0
1779914068377,-2975,17536,835,430,-2511,228,walking,0.00,0,0,0,0,0
1779914068377,-3103,17671,1129,439,-2522,209,walking,0.00,0,0,0,0,0
1779914068407,-3150,17849,1403,446,-2526,194,walking,0.00,0,0,0,0,0
1779914068408,-3195,18123,1643,455,-2531,183,walking,0.00,0,0,0,0,0
1779914068408,-3290,18357,1747,463,-2537,171,walking,0.00,0,0,0,0,0
1779914068438,-3372,18493,1820,486,-2535,162,walking,0.00,0,0,0,0,0
1779914068438,-3426,18697,1914,526,-2524,158,walking,0.00,0,0,0,0,0
1779914068438,-3501,18798,2061,578,-2502,156,walking,0.00,0,0,0,0,0
1779914068467,-3461,18761,2265,636,-2472,160,walking,0.00,0,0,0,0,0
1779914068468,-3379,18590,2372,692,-2434,171,walking,0.00,0,0,0,0,0
1779914068468,-3359,18340,2456,750,-2393,193,walking,0.00,0,0,0,0,0
1779914068497,-3373,18013,2644,793,-2350,220,walking,0.00,0,0,0,0,0
1779914068497,-3239,17605,2675,821,-2301,244,walking,0.00,0,0,0,0,0
1779914068497,-3100,17064,2646,840,-2250,261,walking,0.00,0,0,0,0,0
1779914068528,-2918,16553,2728,839,-2201,276,walking,0.00,0,0,0,0,0
1779914068529,-2604,16272,2759,817,-2152,285,walking,0.00,0,0,0,0,0
1779914068529,-2366,16254,2778,782,-2108,309,walking,0.00,0,0,0,0,0
1779914068557,-2181,16416,2439,742,-1992,375,walking,0.00,0,0,0,0,0
1779914068557,-1972,16334,2296,757,-1904,411,walking,0.00,0,0,0,0,0
1779914068557,-1563,16225,2155,770,-1800,448,walking,0.00,0,0,0,0,0
1779914068589,-1236,15953,1997,781,-1705,478,walking,0.00,0,0,0,0,0
1779914068589,-988,15580,1881,775,-1625,497,walking,0.00,0,0,0,0,0
1779914068591,-665,15598,1814,743,-1549,515,walking,0.00,0,0,0,0,0
1779914068617,-456,15903,1444,694,-1485,541,walking,0.00,0,0,0,0,0
1779914068617,-385,16210,1167,668,-1420,557,walking,0.00,0,0,0,0,0
1779914068617,-202,16448,941,676,-1352,570,walking,0.00,0,0,0,0,0
1779914068646,169,16593,529,685,-1291,591,walking,0.00,0,0,0,0,0
1779914068649,257,16649,162,690,-1256,612,walking,0.00,0,0,0,0,0
1779914068649,390,16686,-306,680,-1225,627,walking,0.00,0,0,0,0,0
1779914068678,531,16850,-797,654,-1197,642,walking,0.00,0,0,0,0,0
1779914068678,649,17410,-1155,642,-1163,654,walking,0.00,0,0,0,0,0
1779914068679,669,18367,-1219,650,-1116,676,walking,0.00,0,0,0,0,0
1779914068708,589,19127,-1341,695,-1055,714,walking,0.00,0,0,0,0,0
1779914068708,351,19592,-1323,793,-998,770,walking,0.00,0,0,0,0,0
1779914068709,-18,19770,-1281,886,-942,820,walking,0.00,0,0,0,0,0
1779914068736,-187,19958,-1467,954,-890,866,walking,0.00,0,0,0,0,0
1779914068737,-312,20289,-1592,1017,-853,933,walking,0.00,0,0,0,0,0
1779914068737,-516,19962,-1799,1085,-827,1008,walking,0.00,0,0,0,0,0
1779914068766,-490,19135,-1853,1160,-809,1079,walking,0.00,0,0,0,0,0
1779914068766,-536,18002,-1628,1186,-808,1100,walking,0.00,0,0,0,0,0
1779914068767,-446,16997,-1712,1137,-811,1084,walking,0.00,0,0,0,0,0
1779914068797,-206,16487,-1727,1076,-817,1068,walking,0.00,0,0,0,0,0
1779914068799,-267,16257,-1450,1017,-821,1043,walking,0.00,0,0,0,0,0
1779914068799,-67,16392,-1345,973,-811,1043,walking,0.00,0,0,0,0,0
1779914068828,-378,16705,-1109,977,-815,1065,walking,0.00,0,0,0,0,0
1779914068829,-942,16851,-733,1001,-816,1044,walking,0.00,0,0,0,0,0
1779914068829,-1480,17100,-472,1002,-803,1038,walking,0.00,0,0,0,0,0
1779914068856,-1857,17235,-333,991,-779,1091,walking,0.00,0,0,0,0,0
1779914068857,-2371,17090,88,982,-769,1168,walking,0.00,0,0,0,0,0
1779914068857,-2817,16504,283,937,-764,1222,walking,0.00,0,0,0,0,0
1779914068890,-2494,15987,445,891,-742,1242,walking,0.00,0,0,0,0,0
1779914068890,-1908,15567,428,827,-723,1217,walking,0.00,0,0,0,0,0
1779914068890,-1502,15206,353,758,-711,1177,walking,0.00,0,0,0,0,0
1779914068916,-1240,15019,333,698,-717,1156,walking,0.00,0,0,0,0,0
1779914068917,-970,14937,208,601,-748,1144,walking,0.00,0,0,0,0,0
1779914068917,-631,14985,253,481,-786,1134,walking,0.00,0,0,0,0,0
1779914068946,-417,15271,271,364,-813,1137,walking,0.00,0,0,0,0,0
1779914068946,-364,15668,84,266,-832,1157,walking,0.00,0,0,0,0,0
1779914068948,-534,15805,-136,224,-845,1178,walking,0.00,0,0,0,0,0
1779914068978,-502,15680,-252,212,-836,1190,walking,0.00,0,0,0,0,0
1779914068978,-193,15386,-289,181,-813,1188,walking,0.00,0,0,0,0,0
1779914068979,550,15039,-311,120,-804,1182,walking,0.00,0,0,0,0,0
1779914069009,1215,14651,-628,31,-829,1167,walking,0.00,0,0,0,0,0
1779914069009,1746,14214,-993,-84,-882,1136,walking,0.00,0,0,0,0,0
1779914069010,2182,14018,-1313,-198,-953,1125,walking,0.00,0,0,0,0,0
1779914069037,2377,13841,-2026,-296,-1021,1162,walking,0.00,0,0,0,0,0
1779914069037,2481,13382,-2594,-319,-1075,1207,walking,0.00,0,0,0,0,0
1779914069037,2524,12864,-3003,-355,-1122,1218,walking,0.00,0,0,0,0,0
1779914069066,2720,12869,-3309,-451,-1163,1197,walking,0.00,0,0,0,0,0
1779914069066,3013,13437,-3644,-529,-1194,1180,walking,0.00,0,0,0,0,0
1779914069067,3157,14163,-3818,-550,-1215,1162,walking,0.00,0,0,0,0,0
1779914069098,3048,14830,-3811,-540,-1245,1131,walking,0.00,0,0,0,0,0
1779914069099,2712,15275,-4292,-526,-1280,1103,walking,0.00,0,0,0,0,0
1779914069099,2428,15592,-4788,-477,-1311,1078,walking,0.00,0,0,0,0,0
1779914069132,2350,15688,-5134,-442,-1348,1059,walking,0.00,0,0,0,0,0
1779914069132,2056,15902,-5598,-475,-1402,1037,walking,0.00,0,0,0,0,0
1779914069132,2106,15997,-5683,-494,-1457,1002,walking,0.00,0,0,0,0,0
1779914069156,2250,16403,-5875,-541,-1524,976,walking,0.00,0,0,0,0,0
1779914069157,1882,16872,-6448,-574,-1622,949,walking,0.00,0,0,0,0,0
1779914069157,974,17306,-7110,-526,-1717,914,walking,0.00,0,0,0,0,0
1779914069186,179,17161,-7315,-451,-1776,853,walking,0.00,0,0,0,0,0
1779914069186,101,16761,-7592,-430,-1821,790,walking,0.00,0,0,0,0,0
1779914069187,5,16668,-7765,-437,-1886,750,walking,0.00,0,0,0,0,0
1779914069216,-15,16761,-7560,-463,-1977,720,walking,0.00,0,0,0,0,0
1779914069217,-64,16932,-7175,-506,-2086,702,walking,0.00,0,0,0,0,0
1779914069217,-340,17614,-7098,-514,-2186,708,walking,0.00,0,0,0,0,0
1779914069246,-463,18286,-7463,-424,-2264,719,walking,0.00,0,0,0,0,0
1779914069246,-1257,18033,-7699,-243,-2344,729,walking,0.00,0,0,0,0,0
1779914069248,-1525,17640,-8122,-41,-2382,750,walking,0.00,0,0,0,0,0
1779914069276,-1423,16496,-8013,147,-2388,811,walking,0.00,0,0,0,0,0
1779914069276,-782,15662,-8120,232,-2449,896,walking,0.00,0,0,0,0,0
1779914069277,-1253,14771,-7684,282,-2557,970,walking,0.00,0,0,0,0,0
1779914069306,-699,13941,-7356,289,-2576,1023,walking,0.00,0,0,0,0,0
1779914069307,-592,13815,-6997,245,-2634,1097,walking,0.00,0,0,0,0,0
1779914069307,-1341,13804,-7432,183,-2732,1143,walking,0.00,0,0,0,0,0
1779914069335,-3016,14379,-7709,211,-2803,1197,walking,0.00,0,0,0,0,0
1779914069336,-3209,13684,-8622,271,-2734,1209,walking,0.00,0,0,0,0,0
1779914069336,-3835,12331,-9408,230,-2656,1192,walking,0.00,0,0,0,0,0
1779914069366,-4249,12249,-9611,74,-2637,1196,walking,0.00,0,0,0,0,0
1779914069367,-4866,13718,-11026,-4,-2572,1144,walking,0.00,0,0,0,0,0
1779914069368,-3360,14158,-10192,248,-2398,1051,walking,0.00,0,0,0,0,0
1779914069398,-2931,14067,-9449,358,-2329,952,walking,0.00,0,0,0,0,0
1779914069398,-3116,14681,-9195,501,-2290,930,walking,0.00,0,0,0,0,0
1779914069399,-2218,14521,-9544,768,-2125,888,walking,0.00,0,0,0,0,0
1779914069429,-2752,13190,-9175,994,-2003,833,walking,0.00,0,0,0,0,0
1779914069429,-2661,11440,-8629,1063,-1861,800,walking,0.00,0,0,0,0,0
1779914069430,-1930,10883,-7788,994,-1739,767,walking,0.00,0,0,0,0,0
1779914069458,-1299,11196,-7984,818,-1642,719,walking,0.00,0,0,0,0,0
1779914069458,-1114,11696,-8209,729,-1554,702,walking,0.00,0,0,0,0,0
1779914069458,-1252,11711,-8970,699,-1455,711,walking,0.00,0,0,0,0,0
1779914069486,-1174,10980,-9284,702,-1341,737,walking,0.00,0,0,0,0,0
1779914069486,-816,9857,-9691,612,-1205,728,walking,0.00,0,0,0,0,0
1779914069487,-264,9222,-9860,431,-1089,675,walking,0.00,0,0,0,0,0
