timestamp_ms,ax,ay,az,gx,gy,gz,label,temp_c,steps,bat_mv,bat_soc,hr_bpm,spo2_pct
1779748106395,-12926,11060,-837,-34,-180,35,running,0.00,0,0,0,0,0
1779748106395,-14087,11358,-1330,129,-151,-2,running,0.00,0,0,0,0,0
1779748106396,-15008,11101,-2079,228,-76,-12,running,0.00,0,0,0,0,0
1779748106429,-15983,10610,-2415,251,24,10,running,0.00,0,0,0,0,0
1779748106430,-16806,10258,-2528,188,142,34,running,0.00,0,0,0,0,0
1779748106431,-17276,10030,-2734,79,269,58,running,0.00,0,0,0,0,0
1779748106456,-17515,9900,-2712,-55,394,94,running,0.00,0,0,0,0,0
1779748106457,-17438,9769,-2477,-174,507,120,running,0.00,0,0,0,0,0
1779748106458,-17225,9390,-2415,-271,599,127,running,0.00,0,0,0,0,0
1779748106487,-17042,8976,-2497,-375,662,126,running,0.00,0,0,0,0,0
1779748106490,-17121,8574,-2262,-498,695,128,running,0.00,0,0,0,0,0
1779748106491,-17153,8342,-2094,-632,713,116,running,0.00,0,0,0,0,0
1779748106514,-16647,8624,-1484,-787,719,97,running,0.00,0,0,0,0,0
1779748106514,-15950,9072,-1119,-901,708,88,running,0.00,0,0,0,0,0
1779748106515,-15216,9097,-1433,-956,697,61,running,0.00,0,0,0,0,0
1779748106545,-14482,9293,-1343,-1014,679,25,running,0.00,0,0,0,0,0
1779748106546,-14086,10195,-1547,-1049,663,0,running,0.00,0,0,0,0,0
1779748106546,-13804,10654,-2173,-1068,664,-37,running,0.00,0,0,0,0,0
1779748106577,-13387,10806,-2734,-1065,673,-60,running,0.00,0,0,0,0,0
1779748106578,-12874,11348,-3184,-1037,680,-70,running,0.00,0,0,0,0,0
1779748106579,-12519,12059,-3407,-999,669,-67,running,0.00,0,0,0,0,0
1779748106605,-12112,12226,-3638,-953,656,-42,running,0.00,0,0,0,0,0
1779748106606,-11409,11739,-3427,-901,633,-28,running,0.00,0,0,0,0,0
1779748106606,-10746,11341,-3566,-828,607,-41,running,0.00,0,0,0,0,0
1779748106636,-10037,11195,-4010,-771,571,-66,running,0.00,0,0,0,0,0
1779748106637,-9456,10991,-4290,-721,510,-77,running,0.00,0,0,0,0,0
1779748106637,-9123,10727,-4585,-652,450,-90,running,0.00,0,0,0,0,0
1779748106671,-8845,10605,-5148,-595,409,-110,running,0.00,0,0,0,0,0
1779748106671,-8534,10564,-5642,-563,363,-131,running,0.00,0,0,0,0,0
1779748106672,-8322,10309,-5980,-567,324,-162,running,0.00,0,0,0,0,0
1779748106699,-8066,9688,-5963,-616,287,-223,running,0.00,0,0,0,0,0
1779748106700,-7969,9005,-6191,-738,257,-279,running,0.00,0,0,0,0,0
1779748106700,-8106,8684,-6112,-956,230,-308,running,0.00,0,0,0,0,0
1779748106728,-8545,8787,-5862,-1235,221,-324,running,0.00,0,0,0,0,0
1779748106729,-9091,9785,-5960,-1537,249,-307,running,0.00,0,0,0,0,0
1779748106730,-9634,11538,-5415,-1806,279,-261,running,0.00,0,0,0,0,0
1779748106756,-10271,13196,-4799,-1892,298,-204,running,0.00,0,0,0,0,0
1779748106757,-10665,14703,-4667,-1716,326,-132,running,0.00,0,0,0,0,0
1779748106758,-10794,15599,-4324,-1347,337,-82,running,0.00,0,0,0,0,0
1779748106786,-11059,15276,-3792,-876,331,-64,running,0.00,0,0,0,0,0
1779748106786,-11691,15111,-3654,-446,324,-41,running,0.00,0,0,0,0,0
1779748106787,-12351,14172,-3884,-117,314,-27,running,0.00,0,0,0,0,0
1779748106819,-12646,12338,-3942,79,285,-16,running,0.00,0,0,0,0,0
1779748106820,-12859,10744,-3437,130,247,-13,running,0.00,0,0,0,0,0
1779748106821,-13139,10039,-3073,67,213,-7,running,0.00,0,0,0,0,0
1779748106849,-13517,10189,-2356,-65,153,23,running,0.00,0,0,0,0,0
1779748106852,-14248,10778,-1640,-140,107,56,running,0.00,0,0,0,0,0
1779748106856,-14609,11636,-1956,-95,111,56,running,0.00,0,0,0,0,0
1779748106878,-14533,12495,-1725,55,103,28,running,0.00,0,0,0,0,0
1779748106879,-14457,12839,-1049,258,77,10,running,0.00,0,0,0,0,0
1779748106880,-14608,13035,-654,428,67,33,running,0.00,0,0,0,0,0
1779748106906,-14956,13077,-588,524,86,64,running,0.00,0,0,0,0,0
1779748106906,-14871,13387,-636,548,127,90,running,0.00,0,0,0,0,0
1779748106907,-13960,13588,-719,505,162,123,running,0.00,0,0,0,0,0
1779748106935,-12498,13504,-1118,414,193,154,running,0.00,0,0,0,0,0
1779748106936,-11055,13597,-1489,338,199,172,running,0.00,0,0,0,0,0
1779748106937,-10303,14013,-2019,292,201,188,running,0.00,0,0,0,0,0
1779748106968,-10002,14654,-2151,305,211,211,running,0.00,0,0,0,0,0
1779748106968,-9617,15037,-1860,400,228,232,running,0.00,0,0,0,0,0
1779748106969,-8578,14353,-1458,657,212,236,running,0.00,0,0,0,0,0
1779748106998,-8417,13965,-718,782,139,258,running,0.00,0,0,0,0,0
1779748106998,-8491,13293,-1720,875,97,299,running,0.00,0,0,0,0,0
1779748107000,-8625,12470,-2817,956,54,303,running,0.00,0,0,0,0,0
1779748107027,-9330,11534,-1879,990,-41,294,running,0.00,0,0,0,0,0
1779748107028,-10048,10588,-2314,945,-72,309,running,0.00,0,0,0,0,0
1779748107028,-10669,10217,-2995,836,-90,314,running,0.00,0,0,0,0,0
1779748107055,-11359,10591,-3145,726,-116,316,running,0.00,0,0,0,0,0
1779748107056,-12375,10769,-2965,703,-138,306,running,0.00,0,0,0,0,0
1779748107057,-13225,10459,-2889,770,-157,293,running,0.00,0,0,0,0,0
1779748107089,-13576,9732,-2912,845,-176,266,running,0.00,0,0,0,0,0
1779748107090,-13626,8730,-3286,853,-180,215,running,0.00,0,0,0,0,0
1779748107091,-13879,8528,-4119,771,-169,173,running,0.00,0,0,0,0,0
1779748107118,-14251,9018,-4508,644,-159,136,running,0.00,0,0,0,0,0
1779748107119,-14442,9629,-4799,535,-121,88,running,0.00,0,0,0,0,0
1779748107120,-14374,10250,-4428,490,-91,50,running,0.00,0,0,0,0,0
1779748107150,-13814,10489,-3763,517,-83,24,running,0.00,0,0,0,0,0
1779748107151,-12606,10326,-3904,578,-72,-19,running,0.00,0,0,0,0,0
1779748107156,-11192,10148,-3840,631,-90,-75,running,0.00,0,0,0,0,0
1779748107178,-10194,10005,-4342,657,-96,-131,running,0.00,0,0,0,0,0
1779748107179,-9491,9913,-4349,653,-97,-182,running,0.00,0,0,0,0,0
1779748107180,-9115,9636,-3170,651,-106,-244,running,0.00,0,0,0,0,0
1779748107204,-8498,9482,-8124,640,53,-298,running,0.00,0,0,0,0,0
1779748107205,-8108,10235,-3833,543,-25,-398,running,0.00,0,0,0,0,0
1779748107206,-8943,9184,-3939,446,1,-432,running,0.00,0,0,0,0,0
1779748107238,-9537,10342,-5179,250,78,-469,running,0.00,0,0,0,0,0
1779748107239,-10199,12104,-4626,107,127,-452,running,0.00,0,0,0,0,0
1779748107241,-10073,12391,-4982,164,205,-390,running,0.00,0,0,0,0,0
1779748107269,-10487,11860,-4678,232,274,-338,running,0.00,0,0,0,0,0
1779748107270,-11170,11309,-4609,230,367,-303,running,0.00,0,0,0,0,0
1779748107270,-11597,10672,-3973,207,441,-279,running,0.00,0,0,0,0,0
1779748107297,-11276,10209,-3748,174,512,-264,running,0.00,0,0,0,0,0
1779748107298,-11005,10127,-3208,97,539,-272,running,0.00,0,0,0,0,0
1779748107298,-10930,10994,-3155,17,587,-261,running,0.00,0,0,0,0,0
1779748107328,-10650,11992,-4155,107,640,-271,running,0.00,0,0,0,0,0
1779748107329,-10801,11627,-4634,271,640,-315,running,0.00,0,0,0,0,0
1779748107330,-11111,10288,-5102,339,658,-345,running,0.00,0,0,0,0,0
1779748107357,-10815,9105,-5830,303,701,-390,running,0.00,0,0,0,0,0
1779748107358,-11037,9077,-6439,139,735,-398,running,0.00,0,0,0,0,0
1779748107359,-11368,10436,-6593,-86,782,-382,running,0.00,0,0,0,0,0
1779748107387,-11552,11700,-5852,-216,815,-405,running,0.00,0,0,0,0,0
1779748107387,-12198,12939,-7083,-258,891,-427,running,0.00,0,0,0,0,0
1779748107388,-12737,13002,-5940,-200,881,-482,running,0.00,0,0,0,0,0
1779748107425,-13281,12098,-6696,-215,856,-533,running,0.00,0,0,0,0,0
1779748107426,-13846,12374,-7263,-523,865,-514,running,0.00,0,0,0,0,0
1779748107426,-13680,13228,-7952,-713,845,-456,running,0.00,0,0,0,0,0
1779748107459,-12978,12385,-8236,-723,748,-412,running,0.00,0,0,0,0,0
1779748107460,-12190,12219,-9924,-750,689,-320,running,0.00,0,0,0,0,0
1779748107460,-11820,12723,-11046,-783,648,-207,running,0.00,0,0,0,0,0
1779748107505,-11908,12987,-11424,-681,620,-91,running,0.00,0,0,0,0,0
1779748107506,-12040,12441,-11120,-445,595,-6,running,0.00,0,0,0,0,0
1779748107506,-12000,11088,-10514,-228,570,54,running,0.00,0,0,0,0,0
1779748107507,-11822,10219,-10420,-105,547,108,running,0.00,0,0,0,0,0
1779748107508,-11860,9686,-10379,-33,498,155,running,0.00,0,0,0,0,0
1779748107513,-12085,9094,-10121,34,432,201,running,0.00,0,0,0,0,0
1779748107538,-12509,8414,-9842,119,388,242,running,0.00,0,0,0,0,0
1779748107539,-12590,8040,-9936,228,366,279,running,0.00,0,0,0,0,0
1779748107540,-12581,7983,-9799,327,343,282,running,0.00,0,0,0,0,0
1779748107568,-13116,7884,-9299,409,354,245,running,0.00,0,0,0,0,0
1779748107569,-13335,7663,-9668,509,400,237,running,0.00,0,0,0,0,0
1779748107569,-13330,7276,-10035,580,427,259,running,0.00,0,0,0,0,0
1779748107597,-13038,6851,-10408,520,473,253,running,0.00,0,0,0,0,0
1779748107597,-12277,6711,-10693,373,521,259,running,0.00,0,0,0,0,0
1779748107598,-11059,7200,-10842,225,545,287,running,0.00,0,0,0,0,0
1779748107628,-10394,7954,-10667,100,548,275,running,0.00,0,0,0,0,0
1779748107628,-10351,8535,-10778,45,570,242,running,0.00,0,0,0,0,0
1779748107629,-9669,8953,-10054,55,564,241,running,0.00,0,0,0,0,0
1779748107658,-8965,8496,-8542,111,478,242,running,0.00,0,0,0,0,0
1779748107661,-7941,8268,-9274,40,420,275,running,0.00,0,0,0,0,0
1779748107662,-8072,9011,-8965,-125,340,341,running,0.00,0,0,0,0,0
1779748107692,-7796,10633,-9005,-134,285,452,running,0.00,0,0,0,0,0
1779748107693,-7310,9809,-8676,13,184,465,running,0.00,0,0,0,0,0
1779748107694,-6793,8763,-8516,179,98,505,running,0.00,0,0,0,0,0
1779748107718,-6915,7887,-8810,292,33,569,running,0.00,0,0,0,0,0
1779748107719,-7113,6898,-9028,359,-4,572,running,0.00,0,0,0,0,0
1779748107719,-7204,5926,-8681,440,-44,504,running,0.00,0,0,0,0,0
1779748107750,-7717,4946,-8909,509,-52,432,running,0.00,0,0,0,0,0
1779748107751,-7781,3908,-8227,575,-89,366,running,0.00,0,0,0,0,0
1779748107752,-7796,2913,-8381,563,-139,283,running,0.00,0,0,0,0,0
1779748107776,-8022,2586,-7816,367,-193,209,running,0.00,0,0,0,0,0
1779748107777,-8244,3271,-7981,192,-217,156,running,0.00,0,0,0,0,0
1779748107777,-8514,3863,-8171,41,-254,97,running,0.00,0,0,0,0,0
1779748107806,-8992,4366,-8079,-84,-285,52,running,0.00,0,0,0,0,0
1779748107807,-8786,5434,-8575,-157,-294,34,running,0.00,0,0,0,0,0
1779748107807,-8820,5905,-8724,-219,-312,-15,running,0.00,0,0,0,0,0
1779748107837,-8977,6410,-8863,-311,-316,-32,running,0.00,0,0,0,0,0
1779748107838,-9035,6867,-8883,-402,-316,-14,running,0.00,0,0,0,0,0
1779748107839,-8757,7126,-8734,-462,-303,9,running,0.00,0,0,0,0,0
1779748107869,-8312,7400,-8597,-515,-285,41,running,0.00,0,0,0,0,0
1779748107870,-7510,8006,-8635,-536,-276,69,running,0.00,0,0,0,0,0
1779748107870,-7073,7595,-8478,-538,-298,36,running,0.00,0,0,0,0,0
1779748107898,-8441,7319,-8095,-554,-261,55,running,0.00,0,0,0,0,0
1779748107899,-8278,8388,-9021,-477,-145,209,running,0.00,0,0,0,0,0
1779748107900,-7373,7389,-9177,-404,-147,248,running,0.00,0,0,0,0,0
1779748107927,-7212,5703,-9371,-442,-108,195,running,0.00,0,0,0,0,0
1779748107928,-6737,5534,-9282,-579,-50,204,running,0.00,0,0,0,0,0
1779748107928,-6360,6530,-7723,-695,-47,247,running,0.00,0,0,0,0,0
1779748107960,-6629,7198,-7726,-651,8,228,running,0.00,0,0,0,0,0
1779748107961,-6767,8178,-10312,-535,141,203,running,0.00,0,0,0,0,0
1779748107961,-6553,9248,-9800,-438,152,179,running,0.00,0,0,0,0,0
1779748107987,-6463,9480,-8712,-337,148,141,running,0.00,0,0,0,0,0
1779748107988,-6366,8623,-9135,-360,168,80,running,0.00,0,0,0,0,0
1779748107989,-6286,6753,-8887,-675,143,-24,running,0.00,0,0,0,0,0
1779748108018,-6389,5103,-8126,-1193,133,-135,running,0.00,0,0,0,0,0
1779748108019,-6753,4663,-7206,-1810,175,-205,running,0.00,0,0,0,0,0
1779748108019,-6358,5519,-6721,-2404,222,-203,running,0.00,0,0,0,0,0
1779748108047,-6025,6970,-5748,-2919,168,-237,running,0.00,0,0,0,0,0
1779748108048,-6492,8256,-4443,-3396,124,-333,running,0.00,0,0,0,0,0
1779748108049,-6828,9919,-3888,-3848,176,-407,running,0.00,0,0,0,0,0
1779748108081,-6539,11181,-2721,-4496,191,-762,running,0.00,0,0,0,0,0
1779748108082,-5381,11617,-2662,-4667,169,-795,running,0.00,0,0,0,0,0
1779748108083,-4582,12062,-2522,-4813,65,-823,running,0.00,0,0,0,0,0
1779748108105,-4539,11915,-2386,-4920,-64,-924,running,0.00,0,0,0,0,0
1779748108106,-4884,11007,-1675,-5054,-166,-1034,running,0.00,0,0,0,0,0
1779748108106,-5141,10980,-1251,-5140,-285,-1126,running,0.00,0,0,0,0,0
1779748108138,-7180,10178,1049,-5184,-356,-1153,running,0.00,0,0,0,0,0
1779748108139,-7909,14540,-421,-5191,-136,-995,running,0.00,0,0,0,0,0
1779748108140,-9700,14870,1928,-5166,-307,-1258,running,0.00,0,0,0,0,0
1779748108169,-10987,15163,1848,-5103,-153,-1259,running,0.00,0,0,0,0,0
1779748108170,-11302,18789,-264,-4880,-60,-936,running,0.00,0,0,0,0,0
1779748108171,-12751,20604,-1029,-4566,-208,-824,running,0.00,0,0,0,0,0
1779748108199,-14983,21007,-415,-4175,-296,-833,running,0.00,0,0,0,0,0
1779748108200,-14398,21853,-49,-3504,-367,-754,running,0.00,0,0,0,0,0
1779748108201,-14179,24959,520,-2500,-250,-474,running,0.00,0,0,0,0,0
1779748108227,-12161,30650,-2467,-1263,-56,-136,running,0.00,0,0,0,0,0
1779748108227,-10481,32714,-4051,-46,-257,4,running,0.00,0,0,0,0,0
1779748108228,-10854,32332,-2509,1021,-504,212,running,0.00,0,0,0,0,0
1779748108258,-11949,31701,-1566,1896,-558,503,running,0.00,0,0,0,0,0
1779748108261,-12170,32058,-1816,2451,-603,807,running,0.00,0,0,0,0,0
1779748108262,-13719,32767,-141,2655,-879,1152,running,0.00,0,0,0,0,0
1779748108287,-17142,32767,1292,2600,-976,1600,running,0.00,0,0,0,0,0
1779748108288,-19257,32754,1673,2452,-978,2195,running,0.00,0,0,0,0,0
1779748108289,-20920,32766,2133,2461,-1027,2790,running,0.00,0,0,0,0,0
1779748108318,-23429,32767,2914,2478,-1043,3361,running,0.00,0,0,0,0,0
1779748108319,-24809,32767,4827,2536,-968,3999,running,0.00,0,0,0,0,0
1779748108320,-25132,32767,5074,2745,-740,4466,running,0.00,0,0,0,0,0
1779748108349,-24679,32767,4816,3064,-491,4780,running,0.00,0,0,0,0,0
1779748108350,-22878,32303,4845,3417,-307,5043,running,0.00,0,0,0,0,0
1779748108351,-21719,31895,3922,3698,-294,5133,running,0.00,0,0,0,0,0
1779748108375,-21718,28196,3209,4075,-378,4892,running,0.00,0,0,0,0,0
1779748108376,-21013,18178,3000,4064,-294,4611,running,0.00,0,0,0,0,0
1779748108376,-18793,13268,4331,3733,-252,4516,running,0.00,0,0,0,0,0
1779748108408,-16924,11824,4317,3313,-249,4230,running,0.00,0,0,0,0,0
1779748108415,-14963,8866,4548,2949,-360,3645,running,0.00,0,0,0,0,0
1779748108416,-12683,5308,5870,2641,-552,3016,running,0.00,0,0,0,0,0
1779748108437,-10928,2231,6188,2260,-665,2466,running,0.00,0,0,0,0,0
1779748108439,-9122,280,5621,1781,-753,2021,running,0.00,0,0,0,0,0
1779748108439,-7753,167,5009,1285,-908,1612,running,0.00,0,0,0,0,0
1779748108469,-7090,1356,4025,893,-1123,1169,running,0.00,0,0,0,0,0
1779748108469,-7759,2325,4781,632,-1371,687,running,0.00,0,0,0,0,0
1779748108470,-8459,2434,5956,512,-1471,189,running,0.00,0,0,0,0,0
1779748108497,-8597,1776,6533,493,-1458,-312,running,0.00,0,0,0,0,0
1779748108497,-8312,912,7142,489,-1423,-799,running,0.00,0,0,0,0,0
1779748108498,-7917,-469,7757,470,-1416,-1247,running,0.00,0,0,0,0,0
1779748108527,-8149,-2361,8531,380,-1404,-1653,running,0.00,0,0,0,0,0
1779748108527,-8605,-4277,8983,189,-1346,-1978,running,0.00,0,0,0,0,0
1779748108528,-9517,-5887,9012,-117,-1291,-2220,running,0.00,0,0,0,0,0
1779748108555,-9847,-7137,8956,-531,-1176,-2443,running,0.00,0,0,0,0,0
1779748108555,-11101,-6450,7618,-990,-1083,-2622,running,0.00,0,0,0,0,0
1779748108556,-11568,-6106,8202,-1460,-982,-2880,running,0.00,0,0,0,0,0
1779748108586,-11502,-4805,7249,-1834,-703,-3046,running,0.00,0,0,0,0,0
1779748108587,-11066,-2909,7331,-2074,-419,-3149,running,0.00,0,0,0,0,0
1779748108588,-10913,-407,6891,-2127,-89,-3199,running,0.00,0,0,0,0,0
1779748108618,-10006,1867,5421,-1997,203,-3227,running,0.00,0,0,0,0,0
1779748108619,-9719,3071,4956,-1767,384,-3253,running,0.00,0,0,0,0,0
1779748108620,-10089,4053,5338,-1509,644,-3277,running,0.00,0,0,0,0,0
1779748108648,-10258,4993,4683,-1354,975,-3220,running,0.00,0,0,0,0,0
1779748108649,-10835,7184,5053,-1405,1295,-3137,running,0.00,0,0,0,0,0
1779748108649,-11891,9405,6914,-1647,1535,-3112,running,0.00,0,0,0,0,0
1779748108677,-13211,15077,8004,-2152,1721,-2985,running,0.00,0,0,0,0,0
1779748108678,-15178,23935,5618,-2748,1704,-2888,running,0.00,0,0,0,0,0
1779748108679,-19185,31657,4367,-3609,1532,-2846,running,0.00,0,0,0,0,0
1779748108709,-23930,32767,4411,-4608,1521,-2690,running,0.00,0,0,0,0,0
1779748108710,-28035,32698,1957,-5182,1684,-2265,running,0.00,0,0,0,0,0
1779748108711,-30376,32728,866,-5054,1729,-1481,running,0.00,0,0,0,0,0
1779748108739,-29129,32767,273,-4275,1847,-702,running,0.00,0,0,0,0,0
1779748108740,-24685,32767,-1508,-3184,2055,-219,running,0.00,0,0,0,0,0
1779748108741,-18813,32766,-2164,-2502,2121,212,running,0.00,0,0,0,0,0
1779748108769,-15494,32767,-1491,-2184,2139,557,running,0.00,0,0,0,0,0
1779748108770,-11415,31595,-5123,-1849,2323,835,running,0.00,0,0,0,0,0
1779748108771,-8132,27166,-3967,-1797,2113,985,running,0.00,0,0,0,0,0
1779748108799,-7314,25750,-2800,-1824,2022,1193,running,0.00,0,0,0,0,0
1779748108808,-3279,24724,-5870,-1696,2046,1182,running,0.00,0,0,0,0,0
1779748108809,-2208,23364,-3456,-1488,1839,1021,running,0.00,0,0,0,0,0
1779748108827,-990,16917,-8206,-947,2131,872,running,0.00,0,0,0,0,0
1779748108828,814,11389,-8849,-965,1933,1522,running,0.00,0,0,0,0,0
1779748108828,1092,12898,-4544,-1153,1649,1875,running,0.00,0,0,0,0,0
1779748108855,3105,12120,-6851,-1090,1753,1589,running,0.00,0,0,0,0,0
1779748108856,5835,13001,-7317,-852,1640,1432,running,0.00,0,0,0,0,0
1779748108857,6440,10809,-8420,-231,1464,1244,running,0.00,0,0,0,0,0
1779748108887,6314,5119,-8704,23,1342,1325,running,0.00,0,0,0,0,0
1779748108888,7584,4827,-8897,9,1259,1604,running,0.00,0,0,0,0,0
1779748108889,8534,4744,-10284,4,1161,1649,running,0.00,0,0,0,0,0
1779748108915,8804,4829,-10946,33,997,1685,running,0.00,0,0,0,0,0
1779748108918,8767,5135,-11094,253,894,1751,running,0.00,0,0,0,0,0
1779748108919,8976,4843,-11026,667,834,1807,running,0.00,0,0,0,0,0
1779748108946,9308,3579,-10635,1182,756,1820,running,0.00,0,0,0,0,0
1779748108946,9689,2468,-10039,1637,674,1818,running,0.00,0,0,0,0,0
1779748108947,9366,1916,-9467,1912,558,1816,running,0.00,0,0,0,0,0
1779748108978,8166,356,-8338,2061,380,1807,running,0.00,0,0,0,0,0
1779748108978,7380,-631,-7117,2037,226,1900,running,0.00,0,0,0,0,0
1779748108979,7371,695,-6017,2023,27,1993,running,0.00,0,0,0,0,0
1779748109020,7096,3237,-5341,2236,-291,2015,running,0.00,0,0,0,0,0
1779748109021,7351,5223,-5785,2568,-523,1920,running,0.00,0,0,0,0,0
1779748109021,7270,4378,-6774,2643,-662,1787,running,0.00,0,0,0,0,0
1779748109036,7482,4834,-7592,2254,-872,1920,running,0.00,0,0,0,0,0
1779748109036,8321,14723,-8147,1691,-1184,2217,running,0.00,0,0,0,0,0
1779748109037,8549,29353,-11281,1635,-1539,2283,running,0.00,0,0,0,0,0
1779748109065,7015,32767,-15267,1948,-1870,2231,running,0.00,0,0,0,0,0
1779748109071,3887,32712,-16346,2502,-1914,2110,running,0.00,0,0,0,0,0
1779748109072,-5415,32666,-17073,3810,-1928,2161,running,0.00,0,0,0,0,0
1779748109096,-15350,32767,-11669,4244,-1637,3014,running,0.00,0,0,0,0,0
1779748109097,-18487,32767,-10890,3728,-1141,3605,running,0.00,0,0,0,0,0
1779748109097,-22068,32764,-5762,2981,-1234,3799,running,0.00,0,0,0,0,0
1779748109126,-23970,32767,-2,2628,-1278,3949,running,0.00,0,0,0,0,0
1779748109127,-19866,32767,-270,2533,-1163,4165,running,0.00,0,0,0,0,0
1779748109127,-14072,32321,-2426,2345,-1315,3958,running,0.00,0,0,0,0,0
1779748109155,-15918,24459,3039,1799,-1705,3308,running,0.00,0,0,0,0,0
1779748109156,-14877,22556,306,1818,-1623,3343,running,0.00,0,0,0,0,0
1779748109156,-12199,17956,-404,1613,-1792,2954,running,0.00,0,0,0,0,0
1779748109187,-10830,10014,-669,1052,-1962,2270,running,0.00,0,0,0,0,0
1779748109188,-8851,4339,-589,179,-1989,1671,running,0.00,0,0,0,0,0
1779748109188,-6270,3230,-1593,-460,-2014,1323,running,0.00,0,0,0,0,0
1779748109215,-5110,3992,-970,-914,-2174,1034,running,0.00,0,0,0,0,0
1779748109216,-5881,5094,1101,-1096,-2235,697,running,0.00,0,0,0,0,0
1779748109216,-6420,5421,3197,-919,-2067,345,running,0.00,0,0,0,0,0
1779748109245,-6413,4594,4324,-551,-1844,-30,running,0.00,0,0,0,0,0
1779748109247,-6076,3060,5458,-245,-1691,-412,running,0.00,0,0,0,0,0
1779748109248,-6037,1043,6705,-51,-1606,-731,running,0.00,0,0,0,0,0
1779748109277,-6507,-2127,7649,26,-1510,-988,running,0.00,0,0,0,0,0
1779748109277,-7125,-4891,8657,-65,-1367,-1159,running,0.00,0,0,0,0,0
1779748109278,-8133,-6251,8942,-291,-1152,-1310,running,0.00,0,0,0,0,0
1779748109305,-9086,-6860,8563,-612,-911,-1517,running,0.00,0,0,0,0,0
1779748109306,-9644,-7119,8228,-978,-670,-1708,running,0.00,0,0,0,0,0
1779748109307,-9905,-6585,7861,-1317,-412,-1840,running,0.00,0,0,0,0,0
1779748109342,-9647,-4942,7322,-1571,-123,-1986,running,0.00,0,0,0,0,0
1779748109343,-9086,-2644,6704,-1711,174,-2210,running,0.00,0,0,0,0,0
1779748109344,-9663,-1019,6175,-1711,393,-2513,running,0.00,0,0,0,0,0
1779748109374,-11510,-186,5820,-1617,555,-2827,running,0.00,0,0,0,0,0
1779748109375,-13274,218,5502,-1528,716,-3134,running,0.00,0,0,0,0,0
1779748109376,-14458,1038,4829,-1553,909,-3452,running,0.00,0,0,0,0,0
1779748109399,-15581,2435,3305,-1711,1158,-3777,running,0.00,0,0,0,0,0
1779748109407,-17387,5497,2812,-2004,1452,-4060,running,0.00,0,0,0,0,0
1779748109408,-19886,11894,3027,-2382,1890,-4165,running,0.00,0,0,0,0,0
1779748109428,-23649,21912,1335,-2771,2391,-4079,running,0.00,0,0,0,0,0
1779748109428,-29858,32752,-582,-3165,2590,-3838,running,0.00,0,0,0,0,0
1779748109429,-32768,32767,-331,-3561,2720,-3820,running,0.00,0,0,0,0,0
1779748109458,-32768,32595,-1293,-3751,3046,-4091,running,0.00,0,0,0,0,0
1779748109467,-32699,32746,-7280,-3665,3222,-3717,running,0.00,0,0,0,0,0
1779748109468,-32001,32767,-7205,-3625,2991,-2839,running,0.00,0,0,0,0,0
1779748109487,-24736,32764,-3528,-3231,2860,-2290,running,0.00,0,0,0,0,0
1779748109488,-9585,32766,2162,-1898,3054,-2320,running,0.00,0,0,0,0,0
1779748109488,-13067,32584,-19495,1260,2974,-3344,running,0.00,0,0,0,0,0
1779748109519,-20189,16345,-14734,1409,1779,-2924,running,0.00,0,0,0,0,0
1779748109520,-11389,2653,4711,-1580,1619,-1795,running,0.00,0,0,0,0,0
1779748109520,-2636,16375,1406,-3897,2670,-758,running,0.00,0,0,0,0,0
1779748109545,4106,25513,-8451,-4807,2874,-522,running,0.00,0,0,0,0,0
1779748109546,6883,24880,-2819,-4702,2258,-581,running,0.00,0,0,0,0,0
1779748109547,8246,23684,-675,-3945,2011,-555,running,0.00,0,0,0,0,0
1779748109577,8848,19806,-3057,-3114,1902,-513,running,0.00,0,0,0,0,0
1779748109577,9538,16184,-4079,-2516,1725,-348,running,0.00,0,0,0,0,0
1779748109579,10926,15734,-3857,-2203,1530,-97,running,0.00,0,0,0,0,0
1779748109606,12359,15339,-6755,-1848,1497,-49,running,0.00,0,0,0,0,0
1779748109608,12778,10452,-10601,-1650,1431,31,running,0.00,0,0,0,0,0
1779748109608,12020,9049,-9611,-1512,1024,445,running,0.00,0,0,0,0,0
1779748109635,12730,10365,-8877,-1227,1009,725,running,0.00,0,0,0,0,0
1779748109636,16551,7738,-11887,-970,1088,509,running,0.00,0,0,0,0,0
1779748109636,15523,4286,-9524,-778,723,520,running,0.00,0,0,0,0,0
1779748109676,15636,6015,-10120,-732,778,939,running,0.00,0,0,0,0,0
1779748109677,14663,6414,-10404,-397,672,1195,running,0.00,0,0,0,0,0
1779748109677,13465,4974,-9327,40,520,1352,running,0.00,0,0,0,0,0
1779748109695,12550,2945,-7978,452,385,1501,running,0.00,0,0,0,0,0
1779748109695,12104,1492,-6946,767,264,1662,running,0.00,0,0,0,0,0
1779748109696,12737,-468,-6620,909,104,1704,running,0.00,0,0,0,0,0
1779748109730,12796,-1756,-5689,954,-249,1801,running,0.00,0,0,0,0,0
1779748109730,12054,-1808,-4689,916,-603,1970,running,0.00,0,0,0,0,0
1779748109731,11308,-527,-4109,757,-848,2097,running,0.00,0,0,0,0,0
1779748109756,10776,1428,-3955,556,-965,2122,running,0.00,0,0,0,0,0
1779748109757,10892,3191,-5007,447,-1079,2082,running,0.00,0,0,0,0,0
1779748109761,10518,6122,-5255,414,-1384,2134,running,0.00,0,0,0,0,0
1779748109786,9795,12882,-3312,560,-1685,2299,running,0.00,0,0,0,0,0
1779748109788,9681,21708,-7425,1520,-2018,2608,running,0.00,0,0,0,0,0
1779748109788,10331,27552,-5070,1345,-2139,2536,running,0.00,0,0,0,0,0
1779748109820,14964,32767,-7830,1246,-2092,2464,running,0.00,0,0,0,0,0
1779748109821,13608,32767,-12324,1391,-2751,2827,running,0.00,0,0,0,0,0
1779748109823,3715,32651,-3989,1268,-3096,3004,running,0.00,0,0,0,0,0
1779748109848,-9245,32767,2157,1579,-2887,2990,running,0.00,0,0,0,0,0
1779748109849,-20404,32767,7316,2145,-2811,3619,running,0.00,0,0,0,0,0
1779748109850,-28012,32765,9819,2859,-2674,4265,running,0.00,0,0,0,0,0
1779748109878,-32768,32767,10159,3708,-2641,4814,running,0.00,0,0,0,0,0
1779748109879,-29992,32767,9104,4222,-2462,5084,running,0.00,0,0,0,0,0
1779748109879,-24828,32767,6401,4052,-2230,4894,running,0.00,0,0,0,0,0
1779748109905,-22853,32127,4505,3358,-2073,4634,running,0.00,0,0,0,0,0
1779748109906,-21072,24949,4340,2397,-1853,4521,running,0.00,0,0,0,0,0
1779748109906,-18638,18327,4432,1368,-1680,4557,running,0.00,0,0,0,0,0
1779748109935,-17978,16965,5924,613,-1842,4514,running,0.00,0,0,0,0,0
1779748109936,-17838,15703,6721,539,-2007,4199,running,0.00,0,0,0,0,0
1779748109936,-16101,13404,4211,1053,-2044,3781,running,0.00,0,0,0,0,0
1779748109968,-13324,6957,1845,1019,-2086,3177,running,0.00,0,0,0,0,0
1779748109969,-12196,1490,5005,1123,-2273,2666,running,0.00,0,0,0,0,0
1779748109970,-11794,-3687,3750,1363,-2174,2371,running,0.00,0,0,0,0,0
1779748110000,-12852,-850,5291,128,-2173,1997,running,0.00,0,0,0,0,0
1779748110000,-14802,-1914,3803,-162,-2107,1477,running,0.00,0,0,0,0,0
1779748110001,-14442,-982,5091,-20,-1998,956,running,0.00,0,0,0,0,0
1779748110026,-14355,-2722,8479,-78,-1884,301,running,0.00,0,0,0,0,0
1779748110027,-13707,-4380,8169,-157,-1627,-147,running,0.00,0,0,0,0,0
1779748110027,-13164,-5555,8598,-192,-1597,-596,running,0.00,0,0,0,0,0
1779748110056,-13118,-7878,9760,-390,-1513,-1182,running,0.00,0,0,0,0,0
1779748110057,-13233,-8792,9278,-718,-1226,-1708,running,0.00,0,0,0,0,0
1779748110058,-13292,-7731,9174,-1012,-954,-2178,running,0.00,0,0,0,0,0
1779748110087,-12781,-6442,9298,-1294,-605,-2637,running,0.00,0,0,0,0,0
1779748110088,-12176,-4738,8459,-1503,-171,-3038,running,0.00,0,0,0,0,0
1779748110088,-11475,-3182,7698,-1615,186,-3476,running,0.00,0,0,0,0,0
1779748110115,-9913,-2106,6685,-1691,412,-3982,running,0.00,0,0,0,0,0
1779748110116,-10330,-2293,7092,-1796,515,-4459,running,0.00,0,0,0,0,0
1779748110116,-12660,-2877,8205,-1986,874,-4697,running,0.00,0,0,0,0,0
1779748110145,-13328,168,6723,-2152,1519,-4482,running,0.00,0,0,0,0,0
1779748110146,-13584,7997,3384,-2285,2233,-4119,running,0.00,0,0,0,0,0
1779748110146,-12952,12219,2521,-2476,2513,-4554,running,0.00,0,0,0,0,0
1779748110178,-14207,15762,4707,-2794,2672,-5180,running,0.00,0,0,0,0,0
1779748110179,-14925,22207,6132,-3193,2801,-5532,running,0.00,0,0,0,0,0
1779748110180,-17336,31125,7560,-3662,2645,-5618,running,0.00,0,0,0,0,0
1779748110204,-20749,32767,6147,-4434,2521,-5577,running,0.00,0,0,0,0,0
1779748110205,-24188,32703,3174,-5445,2559,-5411,running,0.00,0,0,0,0,0
1779748110205,-25368,32714,1464,-6056,2709,-4815,running,0.00,0,0,0,0,0
1779748110238,-22830,32767,1675,-5852,2695,-3772,running,0.00,0,0,0,0,0
1779748110238,-16887,32745,-11956,-2557,2533,-3405,running,0.00,0,0,0,0,0
1779748110239,-18601,32737,1807,-1715,1962,-1400,running,0.00,0,0,0,0,0
1779748110268,-6693,32767,1756,-1881,2180,-1073,running,0.00,0,0,0,0,0
1779748110269,-2264,32585,-4298,-2438,2156,-1352,running,0.00,0,0,0,0,0
1779748110269,477,29772,-2750,-2380,1756,-675,running,0.00,0,0,0,0,0
1779748110298,744,26447,-2408,-2280,1463,-206,running,0.00,0,0,0,0,0
1779748110299,1629,24195,-1286,-2268,1499,-155,running,0.00,0,0,0,0,0
1779748110299,6495,23603,-4107,-2113,1859,40,running,0.00,0,0,0,0,0
1779748110327,13472,21922,-8962,-1827,1669,361,running,0.00,0,0,0,0,0
1779748110330,7633,16953,-2798,-1608,235,259,running,0.00,0,0,0,0,0
1779748110330,1284,13678,-2708,-1660,292,149,running,0.00,0,0,0,0,0
1779748110357,2521,14997,-5964,-1682,1048,270,running,0.00,0,0,0,0,0
1779748110360,4705,13739,-7269,-1371,1007,253,running,0.00,0,0,0,0,0
1779748110361,5880,12963,-5760,-844,653,764,running,0.00,0,0,0,0,0
1779748110388,7642,16103,-6950,-97,709,1319,running,0.00,0,0,0,0,0
1779748110389,5892,10550,-6753,562,617,1139,running,0.00,0,0,0,0,0
1779748110389,4678,4883,-4433,779,652,1208,running,0.00,0,0,0,0,0
1779748110417,6076,4957,-3622,778,782,1378,running,0.00,0,0,0,0,0
1779748110418,7136,6130,-5001,842,685,1378,running,0.00,0,0,0,0,0
1779748110418,7190,5293,-5186,898,589,1145,running,0.00,0,0,0,0,0
1779748110449,6576,1171,-5616,934,507,988,running,0.00,0,0,0,0,0
1779748110455,5815,-982,-4310,823,337,1313,running,0.00,0,0,0,0,0
1779748110456,7079,1069,-4758,595,308,1668,running,0.00,0,0,0,0,0
1779748110477,7198,2632,-4321,342,52,1650,running,0.00,0,0,0,0,0
1779748110478,5500,3497,-3614,148,-206,1588,running,0.00,0,0,0,0,0
1779748110479,4969,6434,-4509,213,-228,1678,running,0.00,0,0,0,0,0
1779748110505,5100,7023,-5673,487,-348,1615,running,0.00,0,0,0,0,0
1779748110506,4283,6371,-5175,736,-666,1585,running,0.00,0,0,0,0,0
1779748110507,3738,6715,-4814,882,-896,1651,running,0.00,0,0,0,0,0
1779748110537,3703,7335,-4327,948,-1079,1709,running,0.00,0,0,0,0,0
1779748110538,4047,9250,-3836,945,-1294,1833,running,0.00,0,0,0,0,0
1779748110539,4998,12034,-2724,884,-1575,2017,running,0.00,0,0,0,0,0
1779748110568,6557,17234,-1248,709,-1871,2178,running,0.00,0,0,0,0,0
1779748110569,7780,28527,-733,550,-2351,2337,running,0.00,0,0,0,0,0
1779748110569,8568,32767,814,781,-2969,2388,running,0.00,0,0,0,0,0
1779748110599,8005,32767,815,1249,-3418,2372,running,0.00,0,0,0,0,0
1779748110600,5148,32659,2495,1823,-3734,2235,running,0.00,0,0,0,0,0
1779748110604,-981,32767,4936,2253,-3796,2458,running,0.00,0,0,0,0,0
1779748110627,-6181,32767,9929,2549,-3679,3207,running,0.00,0,0,0,0,0
1779748110628,-7842,32764,10758,2537,-3367,3625,running,0.00,0,0,0,0,0
1779748110628,-13500,32767,10355,2942,-3248,3725,running,0.00,0,0,0,0,0
1779748110660,-19594,32767,10238,3881,-3074,3745,running,0.00,0,0,0,0,0
1779748110661,-20642,32767,9171,4622,-2665,3839,running,0.00,0,0,0,0,0
1779748110661,-16176,32694,8964,4197,-2144,3791,running,0.00,0,0,0,0,0
1779748110685,-13490,29121,4510,3142,-1912,3836,running,0.00,0,0,0,0,0
1779748110686,-11967,23611,3975,2284,-2037,3936,running,0.00,0,0,0,0,0
1779748110686,-11047,18944,3915,1822,-2213,3872,running,0.00,0,0,0,0,0
1779748110722,-10119,12679,4082,1157,-2247,3553,running,0.00,0,0,0,0,0
1779748110723,-9020,7923,3646,482,-2345,3274,running,0.00,0,0,0,0,0
1779748110724,-8544,5265,3062,-141,-2538,3013,running,0.00,0,0,0,0,0
1779748110751,-8193,3607,2248,-723,-2625,2650,running,0.00,0,0,0,0,0
1779748110752,-8384,2917,1936,-1137,-2619,2197,running,0.00,0,0,0,0,0
1779748110752,-9032,3100,1895,-1314,-2508,1702,running,0.00,0,0,0,0,0
1779748110777,-9634,3478,1574,-1227,-2349,1209,running,0.00,0,0,0,0,0
1779748110777,-10018,3459,2501,-997,-2181,724,running,0.00,0,0,0,0,0
1779748110779,-10342,2773,4034,-645,-1967,289,running,0.00,0,0,0,0,0
1779748110807,-10979,1864,4173,-282,-1698,-61,running,0.00,0,0,0,0,0
1779748110808,-11692,-931,4603,-45,-1454,-332,running,0.00,0,0,0,0,0
1779748110809,-11875,-480,4871,167,-1221,-439,running,0.00,0,0,0,0,0
1779748110837,-12416,-2358,6246,136,-956,-1002,running,0.00,0,0,0,0,0
1779748110839,-13116,-5019,6915,-89,-513,-1631,running,0.00,0,0,0,0,0
1779748110839,-13652,-5826,7378,-436,-20,-2000,running,0.00,0,0,0,0,0
1779748110868,-13775,-4804,8006,-776,469,-2217,running,0.00,0,0,0,0,0
1779748110870,-13692,-3262,8431,-1048,973,-2444,running,0.00,0,0,0,0,0
1779748110871,-12571,-327,7750,-1180,1464,-2777,running,0.00,0,0,0,0,0
1779748110900,-11212,-2690,6604,-1255,1824,-3255,running,0.00,0,0,0,0,0
1779748110901,-10617,-1987,6044,-1252,2032,-3240,running,0.00,0,0,0,0,0
1779748110901,-10796,207,4569,-1264,2197,-3203,running,0.00,0,0,0,0,0
1779748110926,-11283,719,4303,-1387,2268,-3498,running,0.00,0,0,0,0,0
1779748110926,-11495,414,3343,-1730,2482,-3777,running,0.00,0,0,0,0,0
1779748110927,-11886,3955,2201,-2132,2766,-3689,running,0.00,0,0,0,0,0
1779748110961,-12842,10539,1740,-2517,3006,-3546,running,0.00,0,0,0,0,0
1779748110962,-13823,19314,1589,-2885,3144,-3512,running,0.00,0,0,0,0,0
1779748110963,-14811,30779,1571,-3241,3173,-3610,running,0.00,0,0,0,0,0
1779748110989,-16016,32767,576,-3557,3086,-3883,running,0.00,0,0,0,0,0
1779748110990,-16302,32678,33,-3753,2896,-4094,running,0.00,0,0,0,0,0
1779748110991,-14273,32701,-305,-3637,2698,-3879,running,0.00,0,0,0,0,0
1779748111020,-10503,32767,-2149,-3214,2528,-3324,running,0.00,0,0,0,0,0
1779748111021,-4578,32767,-307,-2477,2297,-2816,running,0.00,0,0,0,0,0
1779748111022,-326,32765,-6154,-1237,2173,-2782,running,0.00,0,0,0,0,0
1779748111049,-3273,32767,-5230,-68,1646,-2530,running,0.00,0,0,0,0,0
1779748111059,-4923,31772,-7549,134,1435,-2455,running,0.00,0,0,0,0,0
1779748111059,-1955,27360,-1728,-681,1061,-2270,running,0.00,0,0,0,0,0
1779748111077,839,27682,-437,-1843,974,-1179,running,0.00,0,0,0,0,0
1779748111077,4266,32749,-5402,-1661,1050,-215,running,0.00,0,0,0,0,0
1779748111078,6901,26046,-6144,-926,906,-168,running,0.00,0,0,0,0,0
1779748111107,8665,21964,-4810,-587,673,8,running,0.00,0,0,0,0,0
1779748111107,6154,15623,-6228,-380,428,109,running,0.00,0,0,0,0,0
1779748111114,6100,13782,-6948,-310,193,815,running,0.00,0,0,0,0,0
1779748111137,5355,12119,-4457,-255,71,1141,running,0.00,0,0,0,0,0
1779748111138,6677,12642,-4841,-217,273,1172,running,0.00,0,0,0,0,0
1779748111144,7431,11249,-5671,14,170,1049,running,0.00,0,0,0,0,0
1779748111169,5483,11277,-5816,721,15,925,running,0.00,0,0,0,0,0
1779748111169,3914,4729,-4794,1196,151,1008,running,0.00,0,0,0,0,0
1779748111171,7729,2907,-4314,1113,468,1518,running,0.00,0,0,0,0,0
1779748111196,7815,2668,-5108,875,311,1707,running,0.00,0,0,0,0,0
1779748111199,5785,1528,-5332,593,209,1534,running,0.00,0,0,0,0,0
1779748111203,5820,1479,-4480,393,243,1468,running,0.00,0,0,0,0,0
1779748111226,5996,916,-4785,393,236,1436,running,0.00,0,0,0,0,0
1779748111227,5875,7,-4584,475,191,1420,running,0.00,0,0,0,0,0
1779748111228,5721,-725,-3736,569,140,1461,running,0.00,0,0,0,0,0
1779748111255,4903,-896,-2293,562,126,1430,running,0.00,0,0,0,0,0
1779748111256,6152,-1606,-3873,329,162,1223,running,0.00,0,0,0,0,0
1779748111257,5889,-3773,-3032,139,-214,1220,running,0.00,0,0,0,0,0
1779748111287,4603,-420,-1350,40,-449,1616,running,0.00,0,0,0,0,0
1779748111289,4099,2233,-1831,-33,-338,1627,running,0.00,0,0,0,0,0
1779748111290,4936,3076,-3177,17,-363,1410,running,0.00,0,0,0,0,0
1779748111348,5955,4860,-3311,76,-625,1239,running,0.00,0,0,0,0,0
1779748111349,6972,15819,-1433,125,-1015,1345,running,0.00,0,0,0,0,0
1779748111350,8288,26069,-1159,-167,-1217,1427,running,0.00,0,0,0,0,0
1779748111355,8320,32767,-2300,-501,-1684,1486,running,0.00,0,0,0,0,0
1779748111355,6168,32767,-86,-856,-2308,1575,running,0.00,0,0,0,0,0
1779748111356,2186,32618,6506,-926,-2488,1686,running,0.00,0,0,0,0,0
1779748111380,-3802,32767,10073,-243,-2471,1971,running,0.00,0,0,0,0,0
1779748111381,-7138,32767,10732,476,-2614,2325,running,0.00,0,0,0,0,0
1779748111382,-10192,32764,9279,951,-2797,2684,running,0.00,0,0,0,0,0
1779748111407,-11324,32767,9916,932,-2856,3004,running,0.00,0,0,0,0,0
1779748111410,-9635,32767,6855,837,-2748,3222,running,0.00,0,0,0,0,0
1779748111411,-9242,32767,5892,1100,-2793,3325,running,0.00,0,0,0,0,0
1779748111439,-8229,32767,5354,1524,-2667,3348,running,0.00,0,0,0,0,0
1779748111440,-7275,32558,4896,1846,-2613,3364,running,0.00,0,0,0,0,0
1779748111441,-7009,29359,4571,2128,-2636,3404,running,0.00,0,0,0,0,0
1779748111468,-6139,21970,2374,2235,-2533,3207,running,0.00,0,0,0,0,0
1779748111469,-4874,12085,2713,1800,-2423,2732,running,0.00,0,0,0,0,0
1779748111469,-3563,7564,1705,1018,-2381,2502,running,0.00,0,0,0,0,0
1779748111497,-3674,7458,-521,396,-2663,2490,running,0.00,0,0,0,0,0
1779748111497,-4747,7241,-350,65,-3028,2381,running,0.00,0,0,0,0,0
1779748111499,-5462,6304,-243,-70,-3095,2138,running,0.00,0,0,0,0,0
1779748111528,-4773,5029,-926,-98,-2982,1791,running,0.00,0,0,0,0,0
1779748111529,-3614,3706,-1805,-27,-2866,1459,running,0.00,0,0,0,0,0
1779748111529,-3684,4301,-2389,128,-2850,1156,running,0.00,0,0,0,0,0
1779748111554,-3471,1657,-1781,195,-2836,601,running,0.00,0,0,0,0,0
1779748111555,-3170,-683,-1582,187,-2730,276,running,0.00,0,0,0,0,0
1779748111555,-2499,-1313,-2002,187,-2639,171,running,0.00,0,0,0,0,0
1779748111585,-2215,-1920,-1792,147,-2598,-7,running,0.00,0,0,0,0,0
1779748111585,-2469,-2327,-1023,50,-2535,-244,running,0.00,0,0,0,0,0
1779748111586,-3367,-2047,75,48,-2479,-446,running,0.00,0,0,0,0,0
1779748111619,-4571,-1803,882,142,-2411,-654,running,0.00,0,0,0,0,0
1779748111620,-5077,-1909,1676,249,-2308,-905,running,0.00,0,0,0,0,0
1779748111622,-5114,-1664,1723,375,-2155,-1151,running,0.00,0,0,0,0,0
1779748111648,-4501,-868,1630,515,-2029,-1370,running,0.00,0,0,0,0,0
1779748111649,-3983,3,1580,682,-1915,-1542,running,0.00,0,0,0,0,0
1779748111650,-3745,995,1224,902,-1790,-1667,running,0.00,0,0,0,0,0
1779748111678,-3598,1775,589,1129,-1672,-1781,running,0.00,0,0,0,0,0
1779748111679,-3653,2217,-293,1309,-1571,-1875,running,0.00,0,0,0,0,0
1779748111680,-3922,2492,-1588,1397,-1448,-1960,running,0.00,0,0,0,0,0
1779748111707,-4299,3136,-2846,1335,-1315,-2023,running,0.00,0,0,0,0,0
1779748111708,-5093,5087,-2413,1118,-1217,-2045,running,0.00,0,0,0,0,0
1779748111709,-6555,8159,-2468,764,-1079,-2085,running,0.00,0,0,0,0,0
1779748111739,-9552,13390,-2749,377,-939,-2121,running,0.00,0,0,0,0,0
1779748111739,-13177,21759,-1983,-25,-747,-2316,running,0.00,0,0,0,0,0
1779748111743,-15487,28807,15,-422,-568,-2846,running,0.00,0,0,0,0,0
1779748111768,-19147,32767,-229,-747,-542,-3467,running,0.00,0,0,0,0,0
1779748111769,-22660,32767,2789,-1246,-712,-3993,running,0.00,0,0,0,0,0
1779748111769,-23340,32675,2641,-2136,-990,-3992,running,0.00,0,0,0,0,0
1779748111797,-23601,32767,-1314,-2923,-1221,-3551,running,0.00,0,0,0,0,0
1779748111798,-23346,32767,-7944,-3587,-1304,-3346,running,0.00,0,0,0,0,0
1779748111799,-24154,32765,-9619,-3267,-1438,-3314,running,0.00,0,0,0,0,0
1779748111828,-17207,32767,-9851,-2467,-1263,-3081,running,0.00,0,0,0,0,0
1779748111828,-13181,32767,-7261,-2605,-1321,-3453,running,0.00,0,0,0,0,0
1779748111828,-18391,32022,-4023,-2968,-1479,-4117,running,0.00,0,0,0,0,0
1779748111859,-18341,28679,-5870,-2345,-1249,-3228,running,0.00,0,0,0,0,0
1779748111859,-8951,32767,-6452,-193,-1020,-746,running,0.00,0,0,0,0,0
1779748111862,-4823,32767,-3396,1350,-896,-397,running,0.00,0,0,0,0,0
1779748111885,-5191,25546,-2498,1867,-565,-1286,running,0.00,0,0,0,0,0
1779748111886,-4555,16409,-5958,1658,-333,-1386,running,0.00,0,0,0,0,0
1779748111886,-1343,17839,-3374,1665,-847,-346,running,0.00,0,0,0,0,0
1779748111920,-403,18559,-4404,1582,-756,113,running,0.00,0,0,0,0,0
1779748111921,-1805,14796,-2072,1328,-813,-234,running,0.00,0,0,0,0,0
1779748111922,-1687,9301,-4053,1049,-582,-532,running,0.00,0,0,0,0,0
1779748111946,-810,8012,-4688,529,-483,-309,running,0.00,0,0,0,0,0
1779748111947,-1425,11650,-6566,775,-422,134,running,0.00,0,0,0,0,0
1779748111948,2529,10421,-7316,798,-368,190,running,0.00,0,0,0,0,0
1779748111977,2937,7163,-3224,666,-648,-37,running,0.00,0,0,0,0,0
1779748111978,1921,5078,-3468,1017,-466,-94,running,0.00,0,0,0,0,0
1779748111978,3120,4858,-5328,1084,-225,-96,running,0.00,0,0,0,0,0
1779748112010,4132,2600,-4001,1332,-520,-198,running,0.00,0,0,0,0,0
1779748112011,4654,-589,-3531,1499,-650,-229,running,0.00,0,0,0,0,0
1779748112012,4920,-2571,-3662,1471,-692,-111,running,0.00,0,0,0,0,0
1779748112040,5451,-3165,-3181,1426,-842,72,running,0.00,0,0,0,0,0
1779748112041,5324,-3344,-3329,1335,-1009,224,running,0.00,0,0,0,0,0
1779748112042,5142,-2710,-2796,1257,-1145,349,running,0.00,0,0,0,0,0
1779748112068,5518,-2396,-1923,1246,-1303,505,running,0.00,0,0,0,0,0
1779748112069,5671,-1841,-1391,1303,-1441,625,running,0.00,0,0,0,0,0
1779748112069,5782,-1366,-919,1399,-1544,673,running,0.00,0,0,0,0,0
1779748112097,6274,-722,-474,1553,-1641,715,running,0.00,0,0,0,0,0
1779748112098,6674,-190,50,1717,-1724,746,running,0.00,0,0,0,0,0
1779748112099,6863,166,563,1850,-1769,762,running,0.00,0,0,0,0,0
1779748112129,7090,459,1130,1928,-1774,774,running,0.00,0,0,0,0,0
1779748112130,7381,1042,1691,1938,-1751,778,running,0.00,0,0,0,0,0
1779748112131,7505,1843,2511,1882,-1730,769,running,0.00,0,0,0,0,0
1779748112166,7613,2862,3291,1793,-1692,751,running,0.00,0,0,0,0,0
1779748112167,7566,4398,4248,1710,-1663,722,running,0.00,0,0,0,0,0
1779748112168,6961,6371,5393,1657,-1662,689,running,0.00,0,0,0,0,0
1779748112187,6002,8340,6564,1620,-1678,692,running,0.00,0,0,0,0,0
1779748112187,5289,10400,7367,1571,-1673,707,running,0.00,0,0,0,0,0
1779748112188,5022,12818,7631,1504,-1701,720,running,0.00,0,0,0,0,0
1779748112219,4448,16289,8060,1391,-1873,827,running,0.00,0,0,0,0,0
1779748112220,3565,21093,8699,1193,-2082,1038,running,0.00,0,0,0,0,0
1779748112221,2478,26976,9249,857,-2218,1274,running,0.00,0,0,0,0,0
1779748112246,793,32675,9451,447,-2299,1528,running,0.00,0,0,0,0,0
1779748112248,-1739,32767,9383,172,-2357,1692,running,0.00,0,0,0,0,0
1779748112248,-5075,32681,10968,78,-2339,1646,running,0.00,0,0,0,0,0
1779748112279,-8853,32754,12605,108,-2219,1542,running,0.00,0,0,0,0,0
1779748112285,-12398,32767,12029,204,-2175,1667,running,0.00,0,0,0,0,0
1779748112286,-15514,32766,11130,227,-2315,2021,running,0.00,0,0,0,0,0
1779748112310,-16189,32766,9714,79,-2532,2355,running,0.00,0,0,0,0,0
1779748112311,-13655,32767,8480,-278,-2837,2585,running,0.00,0,0,0,0,0
1779748112312,-10465,32767,7642,-631,-3200,2791,running,0.00,0,0,0,0,0
1779748112336,-9990,32767,6462,-548,-3585,3022,running,0.00,0,0,0,0,0
1779748112337,-12070,32767,4807,22,-3878,3093,running,0.00,0,0,0,0,0
1779748112338,-12525,32767,5620,93,-3990,3031,running,0.00,0,0,0,0,0
1779748112373,-15718,32767,4046,523,-4245,3045,running,0.00,0,0,0,0,0
1779748112375,-17508,32616,3661,1462,-4381,3107,running,0.00,0,0,0,0,0
1779748112376,-14805,31156,6244,1383,-4219,3113,running,0.00,0,0,0,0,0
1779748112397,-12805,26305,3136,1243,-4274,2873,running,0.00,0,0,0,0,0
1779748112399,-11616,23108,3905,1105,-4425,2806,running,0.00,0,0,0,0,0
1779748112400,-11717,10413,5177,2157,-4439,2195,running,0.00,0,0,0,0,0
1779748112427,-5058,2495,6745,1137,-3710,2542,running,0.00,0,0,0,0,0
1779748112428,-2425,9045,-1070,313,-3492,2357,running,0.00,0,0,0,0,0
1779748112429,-5737,8676,-278,-229,-4005,1433,running,0.00,0,0,0,0,0
1779748112474,-7724,8195,3261,-280,-4063,1030,running,0.00,0,0,0,0,0
1779748112475,-6095,10499,2947,41,-3550,925,running,0.00,0,0,0,0,0
1779748112476,-4924,9558,2594,532,-3106,515,running,0.00,0,0,0,0,0
1779748112491,-5708,5660,2626,1058,-2755,18,running,0.00,0,0,0,0,0
1779748112491,-7067,2316,4235,1475,-2385,-301,running,0.00,0,0,0,0,0
1779748112494,-8008,130,5330,1947,-1960,-556,running,0.00,0,0,0,0,0
1779748112519,-9612,-2656,6676,2287,-1757,-831,running,0.00,0,0,0,0,0
1779748112520,-11227,-6311,11568,2295,-1504,-1270,running,0.00,0,0,0,0,0
1779748112521,-12366,-12431,12949,2263,-1034,-1640,running,0.00,0,0,0,0,0
1779748112547,-14479,-15781,11377,2010,-721,-1621,running,0.00,0,0,0,0,0
1779748112552,-16815,-14601,10373,1503,-660,-1676,running,0.00,0,0,0,0,0
1779748112553,-17687,-13282,7980,527,-574,-2468,running,0.00,0,0,0,0,0
1779748112577,-17014,-13494,4213,-598,-583,-3369,running,0.00,0,0,0,0,0
1779748112577,-16872,-9182,1154,-1563,-529,-3927,running,0.00,0,0,0,0,0
1779748112578,-16865,-3803,-1034,-2141,-406,-4306,running,0.00,0,0,0,0,0
1779748112607,-17459,1538,-2373,-2309,-263,-4653,running,0.00,0,0,0,0,0
1779748112611,-19013,5785,-1082,-2181,-156,-5138,running,0.00,0,0,0,0,0
1779748112612,-21972,8781,572,-1933,-40,-5613,running,0.00,0,0,0,0,0
1779748112641,-27200,14455,1780,-2013,273,-5748,running,0.00,0,0,0,0,0
1779748112643,-32768,27423,611,-2640,681,-5364,running,0.00,0,0,0,0,0
1779748112643,-32768,32767,-3855,-4028,933,-4818,running,0.00,0,0,0,0,0
1779748112669,-32679,32767,-5881,-5362,1098,-4727,running,0.00,0,0,0,0,0
1779748112670,-32559,32630,-2556,-4851,1056,-4698,running,0.00,0,0,0,0,0
1779748112671,-25889,32767,-2740,-3246,956,-4468,running,0.00,0,0,0,0,0
1779748112705,-17277,32767,-8416,-1276,629,-3815,running,0.00,0,0,0,0,0
1779748112705,-10352,32764,-4973,-1061,478,-2426,running,0.00,0,0,0,0,0
1779748112706,-3963,32767,-1197,-1796,443,-1676,running,0.00,0,0,0,0,0
1779748112728,280,32767,-1525,-1967,458,-1899,running,0.00,0,0,0,0,0
1779748112729,8339,32521,-6703,-1429,631,-1805,running,0.00,0,0,0,0,0
1779748112729,9842,28293,-4008,-685,189,-1532,running,0.00,0,0,0,0,0
1779748112757,11023,24927,-4570,-205,359,-907,running,0.00,0,0,0,0,0
1779748112758,12979,24588,-4826,168,353,-321,running,0.00,0,0,0,0,0
1779748112764,13309,22220,-5252,723,210,-163,running,0.00,0,0,0,0,0
1779748112788,10436,12853,-7092,1370,204,72,running,0.00,0,0,0,0,0
1779748112789,9943,8874,-4949,1595,143,1000,running,0.00,0,0,0,0,0
1779748112790,11690,10707,-3589,1695,137,1720,running,0.00,0,0,0,0,0
1779748112819,13600,10653,-4205,1869,220,1808,running,0.00,0,0,0,0,0
1779748112820,14012,7983,-4572,2066,345,1810,running,0.00,0,0,0,0,0
1779748112821,14730,5972,-4442,2213,514,2178,running,0.00,0,0,0,0,0
1779748112851,14799,5073,-4127,2325,629,2720,running,0.00,0,0,0,0,0
1779748112852,13526,3852,-2401,2455,647,3062,running,0.00,0,0,0,0,0
1779748112852,11904,2859,-518,2447,625,3128,running,0.00,0,0,0,0,0
1779748112877,9896,1435,1218,2293,642,3011,running,0.00,0,0,0,0,0
1779748112878,9471,1671,2724,1993,753,2960,running,0.00,0,0,0,0,0
1779748112879,10899,4516,2698,1636,748,2954,running,0.00,0,0,0,0,0
1779748112906,11312,8156,4019,1370,358,2842,running,0.00,0,0,0,0,0
1779748112908,11344,19003,3736,1715,-242,2801,running,0.00,0,0,0,0,0
1779748112909,3170,20511,-283,2060,-925,2721,running,0.00,0,0,0,0,0
1779748112938,83,25518,-3196,119,-496,3673,running,0.00,0,0,0,0,0
1779748112940,3728,32767,-944,-1035,-433,5009,running,0.00,0,0,0,0,0
1779748112940,-323,32767,1429,-465,-1059,5322,running,0.00,0,0,0,0,0
1779748112968,-2474,32595,5463,940,-1392,5732,running,0.00,0,0,0,0,0
1779748112968,-2417,32767,7353,2272,-1568,6644,running,0.00,0,0,0,0,0
1779748112969,-5672,32767,8189,2275,-1858,7613,running,0.00,0,0,0,0,0
1779748112997,-10447,32763,8249,1419,-2089,8463,running,0.00,0,0,0,0,0
1779748112998,-15852,32767,7650,774,-2356,9097,running,0.00,0,0,0,0,0
1779748112999,-17166,32767,6071,765,-2566,9378,running,0.00,0,0,0,0,0
1779748113032,-17640,32767,6594,854,-2896,8979,running,0.00,0,0,0,0,0
1779748113033,-22473,32767,3600,885,-3386,7637,running,0.00,0,0,0,0,0
1779748113033,-25891,28359,5167,1036,-4341,5840,running,0.00,0,0,0,0,0
1779748113060,-16041,9248,19222,1585,-4164,6484,running,0.00,0,0,0,0,0
1779748113061,-7339,14099,2190,2167,-2733,8304,running,0.00,0,0,0,0,0
1779748113062,-13985,16375,-1082,1848,-3342,7315,running,0.00,0,0,0,0,0
1779748113087,-20867,8807,6452,965,-3808,5466,running,0.00,0,0,0,0,0
1779748113089,-21338,5844,7471,345,-3549,4280,running,0.00,0,0,0,0,0
1779748113090,-19429,4584,3994,-114,-3326,3159,running,0.00,0,0,0,0,0
1779748113119,-15583,857,2419,-627,-3283,1830,running,0.00,0,0,0,0,0
1779748113119,-12893,-5570,1298,-1169,-3170,517,running,0.00,0,0,0,0,0
1779748113120,-12231,-10464,2634,-1467,-3069,-532,running,0.00,0,0,0,0,0
1779748113147,-15804,-10099,6218,-1050,-3083,-1516,running,0.00,0,0,0,0,0
1779748113148,-19267,-7189,8314,-998,-2684,-2691,running,0.00,0,0,0,0,0
1779748113149,-24975,-7807,9975,-1223,-2204,-3815,running,0.00,0,0,0,0,0
1779748113177,-29024,-9335,11205,-1458,-1655,-4577,running,0.00,0,0,0,0,0
1779748113180,-32768,-7332,11941,-1648,-1349,-5197,running,0.00,0,0,0,0,0
1779748113181,-32768,-7445,13351,-1984,-1302,-6277,running,0.00,0,0,0,0,0
1779748113211,-32692,-10496,18224,-2512,-1154,-7175,running,0.00,0,0,0,0,0
1779748113212,-32768,-7339,19242,-3209,-547,-7430,running,0.00,0,0,0,0,0
1779748113213,-32639,-2648,16943,-4017,239,-7670,running,0.00,0,0,0,0,0
1779748113237,-32538,5752,15070,-4750,940,-7471,running,0.00,0,0,0,0,0
1779748113238,-32768,14821,16700,-5254,1935,-7378,running,0.00,0,0,0,0,0
1779748113238,-32768,27047,9451,-5706,2990,-7001,running,0.00,0,0,0,0,0
1779748113268,-32763,32767,9774,-5348,3178,-6717,running,0.00,0,0,0,0,0
1779748113269,-32768,32767,3545,-4901,3408,-7018,running,0.00,0,0,0,0,0
1779748113269,-32768,32610,8397,-4775,3171,-6704,running,0.00,0,0,0,0,0
1779748113296,-32768,32767,11423,-4426,3081,-6004,running,0.00,0,0,0,0,0
1779748113297,-32761,32767,8435,-3736,2922,-5253,running,0.00,0,0,0,0,0
1779748113297,-30678,32763,7952,-3318,2542,-4994,running,0.00,0,0,0,0,0
1779748113327,-17516,32767,13624,-3250,2446,-4915,running,0.00,0,0,0,0,0
1779748113327,-10576,30623,-13669,-800,2931,-6317,running,0.00,0,0,0,0,0
1779748113328,-19718,30283,4075,-1016,1164,-4521,running,0.00,0,0,0,0,0
1779748113363,566,32767,2551,-2662,1564,-2616,running,0.00,0,0,0,0,0
1779748113363,9246,32767,-4513,-2518,1588,-3744,running,0.00,0,0,0,0,0
1779748113364,15970,32707,-2427,-1378,1232,-3113,running,0.00,0,0,0,0,0
1779748113387,19072,32495,-4159,-64,1109,-2381,running,0.00,0,0,0,0,0
1779748113387,22570,28654,-4185,702,1007,-1728,running,0.00,0,0,0,0,0
1779748113388,28995,22977,-6193,1224,1106,-1457,running,0.00,0,0,0,0,0
1779748113418,31797,3783,-11918,1300,1539,-1210,running,0.00,0,0,0,0,0
1779748113419,32767,669,-8372,459,1100,-372,running,0.00,0,0,0,0,0
1779748113420,32745,-2174,-7957,-118,529,278,running,0.00,0,0,0,0,0
1779748113447,32738,-3435,-9850,-497,1487,1069,running,0.00,0,0,0,0,0
1779748113448,31828,-728,-6484,-420,1533,1640,running,0.00,0,0,0,0,0
1779748113449,31967,-4926,-6925,133,1855,1906,running,0.00,0,0,0,0,0
1779748113478,32767,-5377,-5883,454,1785,2728,running,0.00,0,0,0,0,0
1779748113479,32767,-448,-5541,405,1403,3481,running,0.00,0,0,0,0,0
1779748113480,32752,1368,-3405,219,1232,3428,running,0.00,0,0,0,0,0
1779748113507,32376,9992,-6736,-1204,750,2605,running,0.00,0,0,0,0,0
1779748113509,30790,13604,-8049,-1624,574,2552,running,0.00,0,0,0,0,0
1779748113510,25483,26880,-8176,-2807,626,3270,running,0.00,0,0,0,0,0
1779748113536,13680,32767,-6493,-3058,-102,4452,running,0.00,0,0,0,0,0
1779748113537,3758,32767,-1466,-2138,-413,5933,running,0.00,0,0,0,0,0
1779748113538,-2445,32607,1680,125,-712,7619,running,0.00,0,0,0,0,0
1779748113568,-5701,32767,5886,2111,-1298,8503,running,0.00,0,0,0,0,0
1779748113568,-5353,32767,2396,2869,-1549,8988,running,0.00,0,0,0,0,0
1779748113569,-7308,32763,208,2602,-1833,9904,running,0.00,0,0,0,0,0
1779748113597,-9424,32767,-326,1898,-1733,10986,running,0.00,0,0,0,0,0
1779748113598,-18683,32767,1315,1754,-1680,11561,running,0.00,0,0,0,0,0
1779748113599,-31460,32767,2899,2839,-1776,11271,running,0.00,0,0,0,0,0
1779748113627,-32768,32767,371,4250,-1840,10485,running,0.00,0,0,0,0,0
1779748113628,-32629,32426,-1888,4668,-2284,9471,running,0.00,0,0,0,0,0
1779748113628,-32715,23679,4472,2998,-3063,8347,running,0.00,0,0,0,0,0
1779748113660,-32768,19535,4568,1586,-3853,7916,running,0.00,0,0,0,0,0
1779748113660,-32767,20145,1853,704,-4332,6553,running,0.00,0,0,0,0,0
1779748113661,-31770,12458,3580,383,-4488,3901,running,0.00,0,0,0,0,0
1779748113690,-24026,1651,9174,788,-4643,1392,running,0.00,0,0,0,0,0
1779748113691,-15265,-8179,13355,1583,-4795,-145,running,0.00,0,0,0,0,0
1779748113692,-16125,-17312,23190,2321,-5093,-1110,running,0.00,0,0,0,0,0
1779748113719,-23296,-19437,32767,2543,-5242,-1964,running,0.00,0,0,0,0,0
1779748113720,-30889,-24236,32767,2037,-5362,-3133,running,0.00,0,0,0,0,0
1779748113721,-32768,-29583,32589,639,-5528,-4152,running,0.00,0,0,0,0,0
1779748113749,-32768,-31465,32763,-1753,-5325,-4986,running,0.00,0,0,0,0,0
1779748113754,-32719,-28124,32612,-4955,-4621,-5035,running,0.00,0,0,0,0,0
1779748113755,-32768,-11677,32677,-7750,-3690,-4950,running,0.00,0,0,0,0,0
1779748113779,-32768,12240,30600,-9245,-1972,-5181,running,0.00,0,0,0,0,0
1779748113780,-32767,19487,29574,-9128,-119,-5953,running,0.00,0,0,0,0,0
1779748113782,-32768,28425,14339,-8402,1530,-5872,running,0.00,0,0,0,0,0
1779748113810,-32768,32767,3792,-7881,2352,-6067,running,0.00,0,0,0,0,0
1779748113812,-32768,32767,6744,-7533,2593,-5989,running,0.00,0,0,0,0,0
1779748113813,-32768,32652,3305,-6543,3123,-5805,running,0.00,0,0,0,0,0
1779748113837,-26706,32767,4638,-5628,3617,-6514,running,0.00,0,0,0,0,0
1779748113838,-29081,32767,-2174,-3410,3607,-7247,running,0.00,0,0,0,0,0
1779748113839,-29671,32764,11069,-4476,2765,-4806,running,0.00,0,0,0,0,0
1779748113869,-20739,32767,8761,-5384,3310,-4576,running,0.00,0,0,0,0,0
1779748113870,-10772,32767,2287,-5563,3439,-4898,running,0.00,0,0,0,0,0
1779748113871,-1188,32767,-374,-4756,3048,-4348,running,0.00,0,0,0,0,0
1779748113897,11075,32767,-2063,-2802,2775,-3325,running,0.00,0,0,0,0,0
1779748113897,20118,32767,-6568,-471,2499,-2763,running,0.00,0,0,0,0,0
1779748113897,20838,31373,-1022,194,2115,-2994,running,0.00,0,0,0,0,0
1779748113927,-1836,16715,-519,-845,2665,-4605,running,0.00,0,0,0,0,0
1779748113928,8056,14911,-8339,-1808,2882,-3499,running,0.00,0,0,0,0,0
1779748113929,26658,27245,-8801,-954,2338,-1231,running,0.00,0,0,0,0,0
1779748113959,31471,19254,-8432,202,2429,-1119,running,0.00,0,0,0,0,0
1779748113960,32767,-730,-7554,529,2726,-1175,running,0.00,0,0,0,0,0
1779748113960,31577,3051,-11036,993,3040,1489,running,0.00,0,0,0,0,0
1779748113988,31024,8725,-6303,1307,2849,2543,running,0.00,0,0,0,0,0
1779748113989,32718,-786,-5721,1671,3020,1636,running,0.00,0,0,0,0,0
1779748113990,32703,130,-829,1806,2888,2108,running,0.00,0,0,0,0,0
1779748114023,32767,812,-2589,865,3068,1881,running,0.00,0,0,0,0,0
1779748114024,32767,-3944,-3554,-945,2388,1404,running,0.00,0,0,0,0,0
1779748114025,32766,8293,-2129,-2145,1223,2619,running,0.00,0,0,0,0,0
1779748114046,32767,24744,-7873,-2367,1020,3351,running,0.00,0,0,0,0,0
1779748114047,30978,32767,-9358,-2278,178,3348,running,0.00,0,0,0,0,0
1779748114047,19301,32767,-6373,-2615,-507,3569,running,0.00,0,0,0,0,0
1779748114077,10920,32669,-4623,-2171,-601,4597,running,0.00,0,0,0,0,0
1779748114078,3644,32767,-1527,-973,-819,6447,running,0.00,0,0,0,0,0
1779748114079,-1390,32767,1002,727,-1133,7688,running,0.00,0,0,0,0,0
1779748114105,-8124,32765,2149,1466,-1549,8178,running,0.00,0,0,0,0,0
1779748114110,-11243,32767,2090,1052,-1956,8720,running,0.00,0,0,0,0,0
1779748114111,-16271,32767,2650,1146,-2345,9670,running,0.00,0,0,0,0,0
1779748114135,-24125,32767,290,3638,-2521,10851,running,0.00,0,0,0,0,0
1779748114136,-25204,32767,5162,3135,-2011,9861,running,0.00,0,0,0,0,0
1779748114136,-21187,32767,374,1555,-1423,8622,running,0.00,0,0,0,0,0
1779748114167,-30716,32767,1985,1451,-2025,9065,running,0.00,0,0,0,0,0
1779748114168,-32768,32767,3026,2074,-2723,8733,running,0.00,0,0,0,0,0
1779748114168,-32662,32407,1317,2338,-3439,7763,running,0.00,0,0,0,0,0
1779748114197,-32699,28889,-1836,2021,-3852,6553,running,0.00,0,0,0,0,0
1779748114198,-32768,20470,991,1594,-3861,4210,running,0.00,0,0,0,0,0
1779748114199,-28350,6817,3569,2034,-3570,1544,running,0.00,0,0,0,0,0
1779748114227,-17889,-1998,3465,3088,-3446,-39,running,0.00,0,0,0,0,0
1779748114228,-12860,-6231,6966,3939,-3902,-1022,running,0.00,0,0,0,0,0
1779748114228,-13078,-15414,16392,4916,-4687,-2281,running,0.00,0,0,0,0,0
1779748114256,-22714,-26003,32767,5933,-5300,-3717,running,0.00,0,0,0,0,0
1779748114259,-27671,-28392,32767,5165,-4856,-4982,running,0.00,0,0,0,0,0
1779748114260,-32653,-32452,32457,3492,-5092,-6390,running,0.00,0,0,0,0,0
1779748114288,-32768,-32768,32752,1333,-4778,-6735,running,0.00,0,0,0,0,0
1779748114289,-32690,-31280,31872,-1123,-4301,-6035,running,0.00,0,0,0,0,0
1779748114290,-32756,-23881,32232,-3244,-4944,-5894,running,0.00,0,0,0,0,0
1779748114320,-32768,-14420,32767,-5015,-5208,-6172,running,0.00,0,0,0,0,0
1779748114321,-32767,-3662,32613,-5689,-4316,-6038,running,0.00,0,0,0,0,0
1779748114322,-32768,12037,27357,-5719,-3082,-5431,running,0.00,0,0,0,0,0
1779748114349,-32768,18758,21662,-5856,-2109,-6000,running,0.00,0,0,0,0,0
1779748114350,-32768,16001,20713,-6312,-887,-6085,running,0.00,0,0,0,0,0
1779748114351,-32768,32767,3370,-6445,290,-5459,running,0.00,0,0,0,0,0
1779748114379,-32768,32767,-2547,-7757,216,-7133,running,0.00,0,0,0,0,0
1779748114380,-32768,32470,7553,-8911,24,-8103,running,0.00,0,0,0,0,0
1779748114380,-32768,32733,14160,-7800,169,-7557,running,0.00,0,0,0,0,0
1779748114405,-32768,32767,10868,-5672,503,-6963,running,0.00,0,0,0,0,0
1779748114406,-32545,32762,2444,-4367,560,-6914,running,0.00,0,0,0,0,0
1779748114407,-30635,32766,1127,-4095,198,-6929,running,0.00,0,0,0,0,0
1779748114437,-27153,32767,4877,-4426,37,-6569,running,0.00,0,0,0,0,0
1779748114439,-20710,32767,-1431,-5123,573,-5592,running,0.00,0,0,0,0,0
1779748114440,-16012,32767,-3857,-6240,844,-4744,running,0.00,0,0,0,0,0
1779748114470,-1385,32767,-13198,-6576,1194,-4244,running,0.00,0,0,0,0,0
1779748114471,1728,32767,-9928,-5105,1028,-3332,running,0.00,0,0,0,0,0
1779748114472,1049,32631,-12906,-3504,1640,-1970,running,0.00,0,0,0,0,0
1779748114497,14100,32590,-16034,-3822,2312,-1765,running,0.00,0,0,0,0,0
1779748114498,23536,30734,-14413,-3827,2647,-976,running,0.00,0,0,0,0,0
1779748114499,29340,27815,-12062,-2922,2887,-223,running,0.00,0,0,0,0,0
1779748114527,32767,22472,-10849,-2236,3311,160,running,0.00,0,0,0,0,0
1779748114528,32767,21139,-9485,-1525,3593,982,running,0.00,0,0,0,0,0
1779748114528,32683,20371,-8418,-677,3737,1843,running,0.00,0,0,0,0,0
1779748114555,32767,18704,-3339,-545,3572,2308,running,0.00,0,0,0,0,0
1779748114556,32767,26904,178,-773,3259,2611,running,0.00,0,0,0,0,0
1779748114557,32765,29457,1625,-1055,2756,2846,running,0.00,0,0,0,0,0
1779748114586,31909,32767,3389,-1186,1900,4795,running,0.00,0,0,0,0,0
1779748114587,24588,32767,9611,-1962,228,5348,running,0.00,0,0,0,0,0
1779748114587,24889,32627,1478,-1864,-306,5995,running,0.00,0,0,0,0,0
1779748114619,14451,32767,8661,-1253,-1848,6827,running,0.00,0,0,0,0,0
1779748114619,9348,29775,10382,-1213,-2356,8311,running,0.00,0,0,0,0,0
1779748114620,-6904,27676,21421,-2894,-3132,9979,running,0.00,0,0,0,0,0
1779748114647,-15572,32767,16010,-3035,-3915,9884,running,0.00,0,0,0,0,0
1779748114648,-21482,32767,17096,-2323,-4246,10156,running,0.00,0,0,0,0,0
1779748114649,-31605,32661,25405,-1965,-4429,10929,running,0.00,0,0,0,0,0
1779748114678,-32768,32767,16787,-68,-4225,11094,running,0.00,0,0,0,0,0
1779748114679,-32650,32767,16929,3176,-4528,11190,running,0.00,0,0,0,0,0
1779748114680,-32722,32765,21246,6363,-4720,11430,running,0.00,0,0,0,0,0
1779748114706,-32768,32764,24991,7042,-4888,11094,running,0.00,0,0,0,0,0
1779748114707,-32767,26261,30812,4779,-4901,10296,running,0.00,0,0,0,0,0
1779748114707,-32767,31543,-6368,963,-3971,8833,running,0.00,0,0,0,0,0
1779748114739,-32768,27995,-2498,2040,-5616,6436,running,0.00,0,0,0,0,0
1779748114740,-32768,14184,2198,2637,-6245,4916,running,0.00,0,0,0,0,0
1779748114741,-32358,7067,-9432,3158,-5824,4051,running,0.00,0,0,0,0,0
1779748114765,-30894,-1839,-1954,3971,-6047,3001,running,0.00,0,0,0,0,0
1779748114768,-25766,-11801,3974,4197,-5727,2429,running,0.00,0,0,0,0,0
1779748114769,-19508,-16997,13222,3487,-5407,3182,running,0.00,0,0,0,0,0
1779748114796,-23703,-11515,27107,2008,-4922,3038,running,0.00,0,0,0,0,0
1779748114797,-32264,-24223,17881,1699,-3802,-633,running,0.00,0,0,0,0,0
1779748114797,-23479,-26278,13934,1527,-4325,-4129,running,0.00,0,0,0,0,0
1779748114826,-22112,-25847,20720,848,-6024,-6278,running,0.00,0,0,0,0,0
1779748114827,-31523,-29780,25564,-147,-6572,-7306,running,0.00,0,0,0,0,0
1779748114828,-32768,-30042,24256,-1381,-6364,-7123,running,0.00,0,0,0,0,0
1779748114857,-32695,-28666,26418,-3078,-7101,-7027,running,0.00,0,0,0,0,0
1779748114860,-32725,-30592,30169,-5238,-5511,-6746,running,0.00,0,0,0,0,0
1779748114861,-32768,-22152,32767,-7403,-3683,-6285,running,0.00,0,0,0,0,0
1779748114885,-32768,-16265,32767,-9104,-1982,-6009,running,0.00,0,0,0,0,0
1779748114886,-32767,4288,32710,-9882,642,-3938,running,0.00,0,0,0,0,0
1779748114920,-32768,18573,32767,-9878,3218,-2959,running,0.00,0,0,0,0,0
1779748114921,-32768,30270,32767,-10033,5160,-2956,running,0.00,0,0,0,0,0
1779748114921,-32768,32767,32766,-9747,6483,-3120,running,0.00,0,0,0,0,0
1779748114922,-31963,32712,32767,-9689,8279,-2487,running,0.00,0,0,0,0,0
1779748114947,-28497,32691,23939,-10084,9806,-3033,running,0.00,0,0,0,0,0
1779748114947,-26383,32767,8932,-9931,9279,-3868,running,0.00,0,0,0,0,0
1779748114948,-22091,32767,20632,-7584,6920,-4327,running,0.00,0,0,0,0,0
1779748114978,-21004,32765,28019,-4261,6426,-3349,running,0.00,0,0,0,0,0
1779748114978,-18816,32767,10344,-2378,6177,-1927,running,0.00,0,0,0,0,0
1779748114979,-12693,32767,6496,-1777,5368,-1203,running,0.00,0,0,0,0,0
1779748115018,-6170,32767,7658,-937,4658,-1173,running,0.00,0,0,0,0,0
1779748115026,3160,32767,12607,6,3747,-939,running,0.00,0,0,0,0,0
1779748115027,9090,32767,10872,1207,3469,-742,running,0.00,0,0,0,0,0
1779748115036,8574,31324,14465,1778,3239,-942,running,0.00,0,0,0,0,0
1779748115042,17501,19081,16782,1414,2299,-1448,running,0.00,0,0,0,0,0
1779748115043,28750,18193,14972,-91,1337,-2031,running,0.00,0,0,0,0,0
1779748115068,32767,23214,-104,-1389,2131,-2557,running,0.00,0,0,0,0,0
1779748115069,32117,17935,-15061,-2884,3570,-1623,running,0.00,0,0,0,0,0
1779748115071,32411,20597,-12035,-2422,4214,1212,running,0.00,0,0,0,0,0
1779748115127,32318,23843,-405,-82,3372,3138,running,0.00,0,0,0,0,0
1779748115128,32570,22181,3197,2091,2944,3489,running,0.00,0,0,0,0,0
1779748115128,32107,18229,5591,3916,1999,2607,running,0.00,0,0,0,0,0
1779748115129,32491,841,12548,4735,1345,971,running,0.00,0,0,0,0,0
1779748115130,32767,-14304,25980,4935,1757,986,running,0.00,0,0,0,0,0
1779748115131,32765,-22696,19029,4366,2525,2831,running,0.00,0,0,0,0,0
1779748115155,32643,-1805,469,3115,1165,5215,running,0.00,0,0,0,0,0
1779748115155,29240,9629,23548,901,-1080,5619,running,0.00,0,0,0,0,0
1779748115156,30595,-6170,2361,-3175,-1407,5321,running,0.00,0,0,0,0,0
1779748115186,31810,19089,325,-8041,-4696,5310,running,0.00,0,0,0,0,0
1779748115186,32767,32767,4750,-9827,-5432,6444,running,0.00,0,0,0,0,0
1779748115187,20051,32767,22288,-6599,-3646,9598,running,0.00,0,0,0,0,0
1779748115218,2378,32647,21125,-2302,-2429,9943,running,0.00,0,0,0,0,0
1779748115219,11193,32767,19416,937,-2768,9236,running,0.00,0,0,0,0,0
1779748115219,-2434,32767,31400,3255,-3572,9513,running,0.00,0,0,0,0,0
1779748115247,-3758,32764,18053,2915,-2588,9820,running,0.00,0,0,0,0,0
1779748115294,-21763,32767,18292,679,-3052,10109,running,0.00,0,0,0,0,0
1779748115295,-17987,32767,5666,-1357,-2144,10413,running,0.00,0,0,0,0,0
1779748115295,-24093,32767,9272,-2481,-2970,9935,running,0.00,0,0,0,0,0
1779748115296,-32768,32767,5332,-1532,-3441,8627,running,0.00,0,0,0,0,0
1779748115297,-32768,32767,4236,-457,-3687,7817,running,0.00,0,0,0,0,0
1779748115304,-32598,32070,-2941,-244,-4117,7308,running,0.00,0,0,0,0,0
1779748115309,-32473,28550,-13170,347,-4454,6360,running,0.00,0,0,0,0,0
1779748115310,-30523,20138,-8434,1160,-5688,4575,running,0.00,0,0,0,0,0
1779748115338,-30290,8570,-357,1725,-6479,2419,running,0.00,0,0,0,0,0
1779748115339,-26213,3262,3331,2860,-6049,-152,running,0.00,0,0,0,0,0
1779748115339,-23723,-22165,2231,4525,-4886,-3072,running,0.00,0,0,0,0,0
1779748115368,-30886,-28574,4525,7031,-6047,-3606,running,0.00,0,0,0,0,0
1779748115369,-29358,-28829,22522,8348,-9103,-4120,running,0.00,0,0,0,0,0
1779748115370,-31746,-32608,32767,4546,-10353,-4155,running,0.00,0,0,0,0,0
1779748115397,-28252,-23805,32767,1569,-9936,-4729,running,0.00,0,0,0,0,0
1779748115398,-32081,-28008,32561,397,-9566,-6836,running,0.00,0,0,0,0,0
1779748115399,-32768,-30087,32767,-918,-9465,-7045,running,0.00,0,0,0,0,0
1779748115427,-32708,-27318,32767,-2584,-8165,-5390,running,0.00,0,0,0,0,0
1779748115428,-32742,-7819,32763,-4237,-5398,-3033,running,0.00,0,0,0,0,0
1779748115429,-32768,19677,31494,-6745,-2513,-1583,running,0.00,0,0,0,0,0
1779748115460,-32768,32767,29750,-8906,-1303,-1461,running,0.00,0,0,0,0,0
1779748115461,-32767,32767,27885,-9859,614,-2541,running,0.00,0,0,0,0,0
1779748115461,-32768,32548,15297,-8781,3234,-3972,running,0.00,0,0,0,0,0
1779748115487,-30717,32766,1614,-7646,4894,-4581,running,0.00,0,0,0,0,0
1779748115488,-19777,32767,-7791,-7232,4766,-5583,running,0.00,0,0,0,0,0
1779748115492,-14045,32763,-5279,-6763,3591,-5848,running,0.00,0,0,0,0,0
1779748115519,-14772,32767,6071,-5284,2931,-5378,running,0.00,0,0,0,0,0
1779748115520,-18742,32767,8113,-3410,3063,-4956,running,0.00,0,0,0,0,0
1779748115521,-14995,32767,8512,-2933,3156,-4631,running,0.00,0,0,0,0,0
1779748115548,-13814,32767,14867,-4587,3136,-4807,running,0.00,0,0,0,0,0
1779748115553,-10039,32767,23255,-7011,3679,-4152,running,0.00,0,0,0,0,0
1779748115554,-495,32767,16860,-8623,4860,-2496,running,0.00,0,0,0,0,0
1779748115576,2485,32767,5450,-8546,5230,-1318,running,0.00,0,0,0,0,0
1779748115578,9154,32767,-8285,-6952,4940,-1304,running,0.00,0,0,0,0,0
1779748115579,13566,32767,-10492,-6003,3602,-1545,running,0.00,0,0,0,0,0
1779748115605,13725,32767,-68,-5132,2466,-1389,running,0.00,0,0,0,0,0
1779748115606,15426,32743,-5345,-3249,2581,-536,running,0.00,0,0,0,0,0
1779748115607,15410,25762,-9028,-1580,1925,-1095,running,0.00,0,0,0,0,0
1779748115637,25830,15603,-5814,-1046,1245,-444,running,0.00,0,0,0,0,0
1779748115638,18572,19737,-4490,-1112,728,1869,running,0.00,0,0,0,0,0
1779748115639,5967,20556,1984,-672,1228,2342,running,0.00,0,0,0,0,0
1779748115671,15266,9188,-12758,76,2204,2912,running,0.00,0,0,0,0,0
1779748115672,17313,7451,-7319,366,1870,3662,running,0.00,0,0,0,0,0
1779748115673,11215,9879,-4262,158,1982,4035,running,0.00,0,0,0,0,0
1779748115696,9008,19644,-9908,-271,2625,3712,running,0.00,0,0,0,0,0
1779748115697,10132,11781,-10415,908,2621,2756,running,0.00,0,0,0,0,0
1779748115698,13130,-991,-5627,1718,2267,2254,running,0.00,0,0,0,0,0
1779748115727,11589,-11391,5242,559,1993,2037,running,0.00,0,0,0,0,0
1779748115728,19960,11477,2837,-1500,2575,1365,running,0.00,0,0,0,0,0
1779748115729,23336,8502,1547,-541,1886,104,running,0.00,0,0,0,0,0
1779748115758,30426,-6602,-415,-1019,25,994,running,0.00,0,0,0,0,0
1779748115759,32767,-8537,1009,-1519,-1265,2662,running,0.00,0,0,0,0,0
1779748115760,32767,17189,-3306,-2130,-1918,4052,running,0.00,0,0,0,0,0
1779748115787,22395,-3055,1140,-546,-2609,4986,running,0.00,0,0,0,0,0
1779748115788,17757,10784,25460,-2278,-3186,4877,running,0.00,0,0,0,0,0
1779748115788,31807,32767,3125,-4273,-3878,5021,running,0.00,0,0,0,0,0
1779748115817,27515,32330,17966,51,-5132,5243,running,0.00,0,0,0,0,0
1779748115818,22054,29274,27933,2348,-5958,5496,running,0.00,0,0,0,0,0
1779748115818,19902,32558,31812,2013,-6352,5947,running,0.00,0,0,0,0,0
1779748115846,27284,32767,28827,1480,-6735,6182,running,0.00,0,0,0,0,0
1779748115847,17562,32709,32317,1342,-6850,6227,running,0.00,0,0,0,0,0
1779748115848,13012,32754,32767,1446,-5948,5883,running,0.00,0,0,0,0,0
1779748115877,807,32767,32713,1771,-5245,4819,running,0.00,0,0,0,0,0
1779748115879,-14219,32766,32748,1654,-5161,4228,running,0.00,0,0,0,0,0
1779748115879,-21918,32767,31667,1643,-5612,4720,running,0.00,0,0,0,0,0
1779748115904,-27438,32767,31344,1286,-6297,5219,running,0.00,0,0,0,0,0
1779748115905,-31380,31313,26777,-562,-6287,4713,running,0.00,0,0,0,0,0
1779748115905,-32768,23594,23162,-3029,-5641,3978,running,0.00,0,0,0,0,0
1779748115940,-32768,26002,13785,-4395,-3965,3538,running,0.00,0,0,0,0,0
1779748115941,-32002,30964,3322,-2817,-2201,2564,running,0.00,0,0,0,0,0
1779748115941,-26290,23240,1446,-448,-1829,579,running,0.00,0,0,0,0,0
1779748115967,-20924,7394,-347,1553,-1979,-1430,running,0.00,0,0,0,0,0
1779748115968,-18604,-1061,-6368,2919,-2319,-2858,running,0.00,0,0,0,0,0
1779748115968,-17151,-4812,-7014,3934,-3373,-4059,running,0.00,0,0,0,0,0
1779748116003,-15108,-8162,1451,4744,-4698,-5237,running,0.00,0,0,0,0,0
1779748116004,-21592,-18307,4942,5448,-5520,-6076,running,0.00,0,0,0,0,0
1779748116004,-25524,-31364,16715,6464,-6045,-6548,running,0.00,0,0,0,0,0
1779748116027,-32762,-32768,32767,5229,-6094,-6641,running,0.00,0,0,0,0,0
1779748116029,-32768,-32599,29594,3531,-4265,-5181,running,0.00,0,0,0,0,0
1779748116030,-32641,-16117,31840,1353,-2987,-2752,running,0.00,0,0,0,0,0
1779748116060,-32753,4776,32019,-2546,-1730,-3261,running,0.00,0,0,0,0,0
1779748116061,-32768,-123,20723,-3956,-167,-5757,running,0.00,0,0,0,0,0
1779748116062,-32455,3950,15777,-3959,420,-6285,running,0.00,0,0,0,0,0
1779748116087,-29583,14207,22017,-3755,794,-6415,running,0.00,0,0,0,0,0
1779748116089,-31054,7717,16542,-4380,1517,-7154,running,0.00,0,0,0,0,0
1779748116093,-32768,12593,21239,-4995,1371,-6471,running,0.00,0,0,0,0,0
1779748116118,-32768,17098,25966,-6004,1865,-6016,running,0.00,0,0,0,0,0
1779748116119,-32739,29210,22039,-6235,3013,-5231,running,0.00,0,0,0,0,0
1779748116120,-32766,32767,29341,-6544,3917,-4431,running,0.00,0,0,0,0,0
1779748116147,-32768,32767,28478,-6965,5402,-3475,running,0.00,0,0,0,0,0
1779748116150,-32185,32673,16236,-7052,6597,-3225,running,0.00,0,0,0,0,0
1779748116151,-29287,32767,15036,-6246,5746,-4741,running,0.00,0,0,0,0,0
1779748116177,-21829,32767,25767,-5461,4251,-5430,running,0.00,0,0,0,0,0
1779748116178,-17304,32765,26269,-5644,3761,-4440,running,0.00,0,0,0,0,0
1779748116179,-12026,32767,17975,-6333,4210,-3352,running,0.00,0,0,0,0,0
1779748116210,-3290,32767,6092,-6859,3862,-2548,running,0.00,0,0,0,0,0
1779748116211,2685,32767,5116,-6609,2856,-2015,running,0.00,0,0,0,0,0
1779748116212,8404,32767,2357,-5644,2287,-1262,running,0.00,0,0,0,0,0
1779748116238,10987,32767,3474,-4274,2116,-508,running,0.00,0,0,0,0,0
1779748116239,19203,32046,-8382,-2723,2735,223,running,0.00,0,0,0,0,0
1779748116240,16403,23408,-3701,-1716,1669,938,running,0.00,0,0,0,0,0
1779748116267,13326,9424,-6114,-2065,1930,1692,running,0.00,0,0,0,0,0
1779748116268,17710,-453,-6463,-3221,2631,2335,running,0.00,0,0,0,0,0
1779748116269,14829,932,-6726,-4336,2420,2830,running,0.00,0,0,0,0,0
1779748116300,9949,13791,-525,-4502,1557,2785,running,0.00,0,0,0,0,0
1779748116303,8158,7163,-1578,-6169,1711,1902,running,0.00,0,0,0,0,0
1779748116305,18827,25795,-7712,-5053,1854,2487,running,0.00,0,0,0,0,0
1779748116331,19764,13068,-5800,-1476,1371,3164,running,0.00,0,0,0,0,0
1779748116332,20286,10786,-6137,200,1368,3821,running,0.00,0,0,0,0,0
1779748116333,17587,9731,-3078,658,1329,3848,running,0.00,0,0,0,0,0
1779748116360,18215,1186,-1359,574,1227,3747,running,0.00,0,0,0,0,0
1779748116361,23312,11923,5467,-133,1097,3529,running,0.00,0,0,0,0,0
1779748116362,31448,13878,2118,-267,534,3499,running,0.00,0,0,0,0,0
1779748116387,28133,5408,4022,1112,-204,3786,running,0.00,0,0,0,0,0
1779748116388,28314,5903,5949,1822,-991,4386,running,0.00,0,0,0,0,0
1779748116388,31441,7066,8429,1859,-1765,4525,running,0.00,0,0,0,0,0
1779748116419,32315,628,8817,1366,-2574,3942,running,0.00,0,0,0,0,0
1779748116419,31713,4323,11815,556,-3728,4297,running,0.00,0,0,0,0,0
1779748116421,25898,9989,19283,-226,-4662,4546,running,0.00,0,0,0,0,0
1779748116446,13446,21587,18861,-894,-4809,4051,running,0.00,0,0,0,0,0
1779748116447,9586,30482,21981,-490,-5472,3791,running,0.00,0,0,0,0,0
1779748116448,32767,32767,19697,158,-6340,4475,running,0.00,0,0,0,0,0
1779748116477,31620,32755,27969,2783,-7371,5589,running,0.00,0,0,0,0,0
1779748116478,14571,32702,31847,3449,-7673,6530,running,0.00,0,0,0,0,0
1779748116479,-9071,32767,32189,2139,-6861,6236,running,0.00,0,0,0,0,0
1779748116508,5830,32767,23058,758,-5935,4853,running,0.00,0,0,0,0,0
1779748116509,-10162,32765,30873,-209,-6356,4246,running,0.00,0,0,0,0,0
1779748116509,-20079,32767,32767,-487,-4863,4162,running,0.00,0,0,0,0,0
1779748116543,-27432,32767,25182,-468,-4861,3619,running,0.00,0,0,0,0,0
1779748116544,-32768,31508,16751,-1042,-5524,3063,running,0.00,0,0,0,0,0
1779748116544,-32768,26550,12335,-2576,-5559,2428,running,0.00,0,0,0,0,0
1779748116568,-32514,23695,2290,-2942,-4572,1686,running,0.00,0,0,0,0,0
1779748116569,-29020,19844,3192,-1787,-3571,911,running,0.00,0,0,0,0,0
1779748116570,-24977,13075,-3653,-942,-3013,-545,running,0.00,0,0,0,0,0
1779748116598,-22191,97,-9693,681,-3071,-2142,running,0.00,0,0,0,0,0
1779748116599,-16375,-6223,-7926,2249,-3524,-3024,running,0.00,0,0,0,0,0
1779748116600,-13030,-6859,-4221,3772,-3925,-3582,running,0.00,0,0,0,0,0
1779748116627,-12095,-8857,4790,5807,-4138,-4057,running,0.00,0,0,0,0,0
1779748116628,-13248,-11449,9656,6761,-4268,-4688,running,0.00,0,0,0,0,0
1779748116629,-12124,-17355,11401,6760,-4670,-5379,running,0.00,0,0,0,0,0
1779748116664,-16371,-31950,26334,4291,-5872,-6073,running,0.00,0,0,0,0,0
1779748116665,-32142,-32768,32767,1180,-6638,-6380,running,0.00,0,0,0,0,0
1779748116666,-32768,-32549,28033,2458,-3256,-4762,running,0.00,0,0,0,0,0
1779748116688,-32330,-3910,29421,775,-1039,-2121,running,0.00,0,0,0,0,0
1779748116689,-31604,14570,30446,-3489,-783,-4188,running,0.00,0,0,0,0,0
1779748116690,-32768,14078,30632,-6390,-104,-5772,running,0.00,0,0,0,0,0
1779748116719,-30503,10229,25100,-6323,1681,-5467,running,0.00,0,0,0,0,0
1779748116720,-26387,15853,16636,-5901,2441,-4888,running,0.00,0,0,0,0,0
1779748116721,-29379,21854,18204,-5895,2542,-4903,running,0.00,0,0,0,0,0
1779748116746,-30974,27260,16380,-5944,3123,-4808,running,0.00,0,0,0,0,0
1779748116747,-28176,32767,11259,-5756,4050,-4150,running,0.00,0,0,0,0,0
1779748116748,-27816,32672,5681,-5379,4247,-4091,running,0.00,0,0,0,0,0
1779748116777,-27775,32758,16016,-3901,3205,-5090,running,0.00,0,0,0,0,0
1779748116778,-28994,32767,24621,-3858,2679,-5053,running,0.00,0,0,0,0,0
1779748116778,-25609,32765,22832,-4989,3406,-3609,running,0.00,0,0,0,0,0
1779748116808,-19171,32767,10871,-5526,3743,-2310,running,0.00,0,0,0,0,0
1779748116808,-18082,32767,13367,-5097,3228,-1974,running,0.00,0,0,0,0,0
1779748116809,-12784,32767,14382,-4215,3492,-1473,running,0.00,0,0,0,0,0
1779748116837,-6426,32767,15377,-3545,4288,-1019,running,0.00,0,0,0,0,0
1779748116837,-450,32234,8194,-3128,4942,-1001,running,0.00,0,0,0,0,0
1779748116838,3788,28571,13541,-2876,5109,-1637,running,0.00,0,0,0,0,0
1779748116873,19265,10528,-477,-3790,5911,-1523,running,0.00,0,0,0,0,0
1779748116874,22724,22614,-25852,-4558,4930,445,running,0.00,0,0,0,0,0
1779748116875,32767,14722,3190,-2064,3439,1127,running,0.00,0,0,0,0,0
1779748116900,23716,-3604,-11008,-3058,1361,1441,running,0.00,0,0,0,0,0
1779748116901,8791,26444,-10257,-3331,1410,1714,running,0.00,0,0,0,0,0
1779748116902,13604,9509,-2743,-968,2347,1968,running,0.00,0,0,0,0,0
1779748116928,24236,5951,-2852,-1867,2573,2426,running,0.00,0,0,0,0,0
1779748116929,28242,15531,-7702,-1531,2214,2653,running,0.00,0,0,0,0,0
1779748116930,26717,10549,-1958,-379,1624,2907,running,0.00,0,0,0,0,0
1779748116960,28939,10936,584,-37,1552,3373,running,0.00,0,0,0,0,0
1779748116961,30785,14201,1420,261,1363,3786,running,0.00,0,0,0,0,0
1779748116962,27867,13218,5007,559,1130,3979,running,0.00,0,0,0,0,0
1779748116989,26409,15805,5529,340,1046,3868,running,0.00,0,0,0,0,0
1779748116991,26967,13852,6172,31,335,3836,running,0.00,0,0,0,0,0
1779748116991,29250,10971,10841,-191,-622,4157,running,0.00,0,0,0,0,0
1779748117017,26341,8538,11462,-499,-1257,4574,running,0.00,0,0,0,0,0
1779748117018,26310,19461,13651,-1132,-2049,4824,running,0.00,0,0,0,0,0
1779748117019,27682,28835,11564,-812,-3083,5425,running,0.00,0,0,0,0,0
1779748117056,15488,28965,15827,597,-3647,6112,running,0.00,0,0,0,0,0
1779748117057,12247,32221,18241,1157,-4084,6526,running,0.00,0,0,0,0,0
1779748117058,22257,32767,17112,1483,-4872,6975,running,0.00,0,0,0,0,0
1779748117077,-2363,32767,26022,1970,-5274,7071,running,0.00,0,0,0,0,0
1779748117078,21343,32754,18666,916,-3611,7089,running,0.00,0,0,0,0,0
1779748117079,32767,32767,22967,644,-4951,7526,running,0.00,0,0,0,0,0
1779748117108,24968,32767,30980,254,-6434,8175,running,0.00,0,0,0,0,0
1779748117109,-3169,32767,31895,-955,-6203,7666,running,0.00,0,0,0,0,0
1779748117110,-10176,32767,26226,-1594,-4912,6370,running,0.00,0,0,0,0,0
1779748117137,-18525,32767,22358,-1590,-4673,5211,running,0.00,0,0,0,0,0
1779748117141,-21672,32767,11555,-2155,-5275,4320,running,0.00,0,0,0,0,0
1779748117142,-28706,32767,-736,-2956,-7011,3078,running,0.00,0,0,0,0,0
1779748117183,-32768,27484,3918,-2904,-9048,1275,running,0.00,0,0,0,0,0
1779748117184,-32744,6881,18631,-2550,-8990,368,running,0.00,0,0,0,0,0
1779748117185,-32698,2998,14652,-2614,-6529,1026,running,0.00,0,0,0,0,0
1779748117198,-32768,8102,-1161,-1087,-4494,1236,running,0.00,0,0,0,0,0
1779748117198,-28195,6589,-9508,338,-3949,-285,running,0.00,0,0,0,0,0
1779748117201,-20105,-897,-7644,1982,-3832,-2054,running,0.00,0,0,0,0,0
1779748117228,-18597,-2379,-4013,3494,-3826,-3098,running,0.00,0,0,0,0,0
1779748117229,-17744,-6460,974,4551,-4146,-5439,running,0.00,0,0,0,0,0
1779748117234,-19389,-20698,9514,4961,-4091,-7397,running,0.00,0,0,0,0,0
1779748117258,-24648,-32768,16824,4222,-4189,-7809,running,0.00,0,0,0,0,0
1779748117258,-32065,-32768,23252,3566,-4652,-7373,running,0.00,0,0,0,0,0
1779748117259,-32768,-31951,20335,3345,-3582,-5949,running,0.00,0,0,0,0,0
1779748117285,-32406,-24881,28482,2199,-3141,-4606,running,0.00,0,0,0,0,0
1779748117286,-32705,-5767,32767,-581,-2945,-3375,running,0.00,0,0,0,0,0
1779748117287,-32768,19071,32119,-3409,-1230,-4076,running,0.00,0,0,0,0,0
1779748117319,-32763,11924,26892,-4617,958,-6811,running,0.00,0,0,0,0,0
1779748117320,-32447,9430,22061,-4660,1433,-7088,running,0.00,0,0,0,0,0
1779748117320,-30088,14931,26221,-4727,1466,-6628,running,0.00,0,0,0,0,0
1779748117344,-31304,18752,27758,-4990,1716,-6730,running,0.00,0,0,0,0,0
1779748117345,-32768,19421,30164,-5670,2044,-7211,running,0.00,0,0,0,0,0
1779748117345,-32768,26746,26794,-6143,2905,-6917,running,0.00,0,0,0,0,0
1779748117375,-32730,32284,28103,-6586,3825,-6002,running,0.00,0,0,0,0,0
1779748117376,-32768,32767,12720,-6679,4795,-5410,running,0.00,0,0,0,0,0
1779748117376,-32597,32724,6020,-5716,4569,-5947,running,0.00,0,0,0,0,0
1779748117406,-30058,32749,12131,-4227,3085,-7177,running,0.00,0,0,0,0,0
1779748117409,-28655,32767,26127,-3320,1671,-7821,running,0.00,0,0,0,0,0
1779748117410,-30713,32767,28993,-4355,2007,-6350,running,0.00,0,0,0,0,0
1779748117436,-27818,32766,18727,-6333,2640,-4863,running,0.00,0,0,0,0,0
1779748117436,-22238,32767,17267,-7318,2755,-3794,running,0.00,0,0,0,0,0
1779748117437,-11516,32767,15075,-7526,3149,-2789,running,0.00,0,0,0,0,0
1779748117481,627,32767,11541,-7434,3646,-1985,running,0.00,0,0,0,0,0
1779748117482,8757,32767,-1034,-6863,3829,-1571,running,0.00,0,0,0,0,0
1779748117482,19767,32767,-943,-5440,3142,-2011,running,0.00,0,0,0,0,0
1779748117501,32767,23735,-717,-5405,4135,-4873,running,0.00,0,0,0,0,0
1779748117501,11331,-8425,-32768,-4060,370,-4921,running,0.00,0,0,0,0,0
1779748117502,14610,28909,6795,-2594,-8577,3975,running,0.00,0,0,0,0,0
1779748117526,10521,15624,25775,-2071,-1454,4802,running,0.00,0,0,0,0,0
1779748117527,31105,-19484,-21902,-2178,5269,5139,running,0.00,0,0,0,0,0
1779748117527,23871,13835,-5132,-4520,2852,7495,running,0.00,0,0,0,0,0
1779748117557,-9207,32767,11657,-5364,2703,5931,running,0.00,0,0,0,0,0
1779748117558,12030,29535,-8777,-2397,5050,3721,running,0.00,0,0,0,0,0
1779748117559,22195,27560,-6834,790,3896,3281,running,0.00,0,0,0,0,0
1779748117587,17201,17801,1497,2221,2956,2343,running,0.00,0,0,0,0,0
1779748117587,27875,9901,4462,2431,3123,2419,running,0.00,0,0,0,0,0
1779748117588,28866,4339,7616,915,1929,2827,running,0.00,0,0,0,0,0
1779748117616,31652,20217,11855,-777,619,3725,running,0.00,0,0,0,0,0
1779748117617,32767,15677,11148,-1188,-444,3972,running,0.00,0,0,0,0,0
1779748117618,32735,15478,9106,-2015,-860,4330,running,0.00,0,0,0,0,0
1779748117647,31059,30092,9996,-2192,-2348,6171,running,0.00,0,0,0,0,0
1779748117653,17512,28097,11225,-1294,-3422,6660,running,0.00,0,0,0,0,0
1779748117654,4527,30206,16895,-880,-4128,6685,running,0.00,0,0,0,0,0
1779748117678,3131,31219,13325,-571,-4266,6653,running,0.00,0,0,0,0,0
1779748117678,3777,32767,14338,395,-4564,6941,running,0.00,0,0,0,0,0
1779748117679,12869,32767,14269,1146,-4984,7477,running,0.00,0,0,0,0,0
1779748117709,5847,32731,19990,2406,-5540,7986,running,0.00,0,0,0,0,0
1779748117710,-3336,32767,23180,2891,-5943,8426,running,0.00,0,0,0,0,0
1779748117711,-11418,32767,18784,2176,-5662,8214,running,0.00,0,0,0,0,0
1779748117736,-14670,32766,15927,1229,-5436,7618,running,0.00,0,0,0,0,0
1779748117737,-25696,32767,14560,524,-6018,6667,running,0.00,0,0,0,0,0
1779748117737,-32768,32767,14132,-389,-7564,3909,running,0.00,0,0,0,0,0
1779748117768,-32768,32767,18703,-1309,-9184,1442,running,0.00,0,0,0,0,0
1779748117768,-32626,32767,32767,-1571,-8384,651,running,0.00,0,0,0,0,0
1779748117769,-32768,32767,32537,-2073,-4250,-125,running,0.00,0,0,0,0,0
1779748117802,-32622,30490,28748,-4175,1137,-2722,running,0.00,0,0,0,0,0
1779748117803,-874,10410,-8490,-2483,10608,-3182,running,0.00,0,0,0,0,0
1779748117804,12088,25279,-8044,4578,-2247,2589,running,0.00,0,0,0,0,0
1779748117828,27286,3880,-18131,8303,-10189,2500,running,0.00,0,0,0,0,0
1779748117829,1755,24640,14872,2143,-15574,4222,running,0.00,0,0,0,0,0
1779748117830,-21677,22092,32767,2583,-11676,-1503,running,0.00,0,0,0,0,0
1779748117857,-29325,-3605,22909,3224,-6338,-4161,running,0.00,0,0,0,0,0
1779748117858,-18916,-12344,2850,2806,-4970,-5558,running,0.00,0,0,0,0,0
1779748117858,-15243,-32768,26890,1716,-5003,-5193,running,0.00,0,0,0,0,0
1779748117888,-20518,-29109,30115,-2683,-2483,-2399,running,0.00,0,0,0,0,0
1779748117889,-23815,-28467,23186,-478,-621,-3597,running,0.00,0,0,0,0,0
1779748117890,-25974,-24056,18479,359,653,-4010,running,0.00,0,0,0,0,0
1779748117918,-32429,-15017,14462,-2712,1457,-2751,running,0.00,0,0,0,0,0
1779748117920,-32620,-1367,10726,-4981,2049,-1303,running,0.00,0,0,0,0,0
1779748117920,-24605,12502,9562,-5100,2916,-1423,running,0.00,0,0,0,0,0
1779748117947,-16282,16312,12356,-4592,3862,-2402,running,0.00,0,0,0,0,0
1779748117953,-12146,22719,3530,-3834,4757,-2882,running,0.00,0,0,0,0,0
1779748117954,-10209,24733,-409,-2403,4569,-3303,running,0.00,0,0,0,0,0
1779748117980,-10955,22685,1547,-1611,3746,-3715,running,0.00,0,0,0,0,0
1779748117981,-13433,17780,5882,-1130,3301,-3892,running,0.00,0,0,0,0,0
1779748117981,-13102,14106,7647,-817,3439,-3901,running,0.00,0,0,0,0,0
1779748118010,-11247,14440,10328,-532,3483,-4139,running,0.00,0,0,0,0,0
1779748118011,-11043,17968,16428,-107,3207,-4843,running,0.00,0,0,0,0,0
1779748118011,-14728,24247,17949,343,2969,-5622,running,0.00,0,0,0,0,0
1779748118036,-27356,30365,13673,-389,2959,-5839,running,0.00,0,0,0,0,0
1779748118037,-32768,32767,2528,-3108,3884,-4737,running,0.00,0,0,0,0,0
1779748118039,-32446,32767,-4461,-6307,5221,-3504,running,0.00,0,0,0,0,0
1779748118066,-22717,32714,-23551,-6732,5127,-3055,running,0.00,0,0,0,0,0
1779748118067,-9544,32767,-9862,-5345,3154,-2808,running,0.00,0,0,0,0,0
1779748118067,-962,32767,-1462,-4002,2421,-2472,running,0.00,0,0,0,0,0
1779748118095,3394,32766,3050,-2776,2124,-2003,running,0.00,0,0,0,0,0
1779748118095,2282,32767,10339,-1852,2101,-1730,running,0.00,0,0,0,0,0
1779748118108,4933,32656,12280,-1378,2676,-1393,running,0.00,0,0,0,0,0
1779748118126,4149,31927,7369,-560,3570,-1495,running,0.00,0,0,0,0,0
1779748118127,9433,29122,-5796,861,3684,-3280,running,0.00,0,0,0,0,0
1779748118127,11928,2392,11514,-952,2397,-5136,running,0.00,0,0,0,0,0
1779748118158,5153,-2874,23027,-4277,3807,-2892,running,0.00,0,0,0,0,0
1779748118159,19365,7260,-5850,-5629,5773,-701,running,0.00,0,0,0,0,0
1779748118159,29174,5677,-18417,-5696,4228,-525,running,0.00,0,0,0,0,0
1779748118186,32767,10249,4150,-4728,1474,-792,running,0.00,0,0,0,0,0
1779748118187,32767,17522,2927,-3856,-161,25,running,0.00,0,0,0,0,0
1779748118188,32693,7870,-1083,-2782,-964,743,running,0.00,0,0,0,0,0
1779748118217,32767,5455,1157,-2207,-170,2033,running,0.00,0,0,0,0,0
1779748118217,32273,17429,1509,-1173,215,3453,running,0.00,0,0,0,0,0
1779748118218,27845,13507,2613,215,-206,3659,running,0.00,0,0,0,0,0
1779748118247,31991,11460,2997,850,-421,3494,running,0.00,0,0,0,0,0
1779748118248,29131,9502,4658,1088,-1051,3541,running,0.00,0,0,0,0,0
1779748118249,26784,4811,8818,873,-1451,3517,running,0.00,0,0,0,0,0
1779748118276,26468,6522,8820,-104,-2249,3585,running,0.00,0,0,0,0,0
1779748118277,21111,20026,8452,-553,-3090,3962,running,0.00,0,0,0,0,0
1779748118279,4744,19346,11611,145,-3588,4301,running,0.00,0,0,0,0,0
1779748118304,7899,28642,12435,432,-3407,4748,running,0.00,0,0,0,0,0
1779748118305,9637,32767,10302,664,-4161,5115,running,0.00,0,0,0,0,0
1779748118306,2650,32767,17872,1099,-4854,5448,running,0.00,0,0,0,0,0
1779748118337,5759,32657,17538,1031,-5183,5867,running,0.00,0,0,0,0,0
1779748118337,-8098,32767,24791,37,-5198,5350,running,0.00,0,0,0,0,0
1779748118338,-21654,32767,22539,-1597,-3856,3266,running,0.00,0,0,0,0,0
1779748118367,-25040,32764,26065,-1574,-3541,3451,running,0.00,0,0,0,0,0
1779748118369,-24858,32767,26934,-1050,-3414,4484,running,0.00,0,0,0,0,0
1779748118370,-28811,32767,19620,-447,-3675,4318,running,0.00,0,0,0,0,0
1779748118397,-32235,32767,13915,-356,-4636,3878,running,0.00,0,0,0,0,0
1779748118398,-32768,28504,7645,-1378,-5296,3277,running,0.00,0,0,0,0,0
1779748118404,-32737,24086,2882,-2754,-5174,2346,running,0.00,0,0,0,0,0
1779748118428,-32750,24539,-1073,-3364,-3805,1261,running,0.00,0,0,0,0,0
1779748118432,-32687,23684,-10311,-3691,-3104,-668,running,0.00,0,0,0,0,0
1779748118432,-26989,14401,-14093,-2083,-2816,-2874,running,0.00,0,0,0,0,0
1779748118457,-16338,4365,-10812,-210,-2703,-4052,running,0.00,0,0,0,0,0
1779748118458,-9631,-1863,-8793,1199,-2316,-4507,running,0.00,0,0,0,0,0
1779748118458,-6070,-8615,-5541,3227,-1779,-4727,running,0.00,0,0,0,0,0
1779748118492,-7382,-15671,-3550,4818,-1239,-4468,running,0.00,0,0,0,0,0
1779748118492,-9490,-19189,-4590,5126,-1076,-3763,running,0.00,0,0,0,0,0
1779748118493,-10686,-18565,-1241,5094,-1450,-3150,running,0.00,0,0,0,0,0
1779748118516,-16068,-19850,4879,5211,-1814,-2742,running,0.00,0,0,0,0,0
1779748118517,-23604,-21390,9101,4944,-1673,-2235,running,0.00,0,0,0,0,0
1779748118518,-25656,-18415,14955,3560,-1064,-1779,running,0.00,0,0,0,0,0
1779748118547,-29041,-8269,16965,2493,-705,-2321,running,0.00,0,0,0,0,0
1779748118551,-32768,-10624,26224,1233,-499,-4306,running,0.00,0,0,0,0,0
1779748118553,-27264,-12261,32425,-975,881,-4886,running,0.00,0,0,0,0,0
1779748118578,-16218,-3617,22585,-1820,2829,-4001,running,0.00,0,0,0,0,0
1779748118579,-9939,3729,15724,-1562,3856,-3527,running,0.00,0,0,0,0,0
1779748118580,-10679,10946,16905,-1350,4459,-3363,running,0.00,0,0,0,0,0
1779748118608,-12776,13523,10316,-1210,5349,-3242,running,0.00,0,0,0,0,0
1779748118608,-10761,16641,-2502,-1423,5216,-2762,running,0.00,0,0,0,0,0
1779748118609,-9012,22768,-8019,-2089,3799,-2473,running,0.00,0,0,0,0,0
1779748118637,-8370,21988,3044,-2524,2077,-2586,running,0.00,0,0,0,0,0
1779748118637,-7781,24885,10243,-2676,1754,-2166,running,0.00,0,0,0,0,0
1779748118638,-7764,32767,3834,-3644,2347,-1455,running,0.00,0,0,0,0,0
1779748118668,-9382,32767,-4562,-4631,2506,-1225,running,0.00,0,0,0,0,0
1779748118669,-13610,32635,-2359,-2761,2077,-1751,running,0.00,0,0,0,0,0
1779748118669,-14247,32755,4185,-1439,1559,-2335,running,0.00,0,0,0,0,0
1779748118715,-15832,32767,-2592,-286,1497,-2327,running,0.00,0,0,0,0,0
1779748118729,-15334,32765,-4340,1030,1206,-1921,running,0.00,0,0,0,0,0
1779748118731,-11612,32766,-5660,1484,1058,-1489,running,0.00,0,0,0,0,0
1779748118731,-7204,32767,-8890,1262,961,-1215,running,0.00,0,0,0,0,0
1779748118734,-3109,31604,-8636,1124,813,-1077,running,0.00,0,0,0,0,0
1779748118735,-122,26140,-8324,1099,643,-1151,running,0.00,0,0,0,0,0
1779748118758,2956,21024,-9095,1020,645,-1208,running,0.00,0,0,0,0,0
1779748118759,5828,19223,-9743,750,600,-1042,running,0.00,0,0,0,0,0
1779748118759,8794,14151,-8660,506,556,-855,running,0.00,0,0,0,0,0
1779748118786,5282,17036,-4325,110,589,-267,running,0.00,0,0,0,0,0
1779748118788,6191,10562,-5894,-47,1123,-1315,running,0.00,0,0,0,0,0
1779748118789,11658,-7620,-2484,-525,1350,-1348,running,0.00,0,0,0,0,0
1779748118817,18061,-21419,2645,-2430,1500,437,running,0.00,0,0,0,0,0
1779748118818,7517,-23793,76,-7425,1787,2105,running,0.00,0,0,0,0,0
1779748118819,14255,4398,-16907,-3898,2067,2575,running,0.00,0,0,0,0,0
1779748118846,26708,32767,-9898,1104,767,1786,running,0.00,0,0,0,0,0
1779748118847,18419,27512,9524,154,-1842,-859,running,0.00,0,0,0,0,0
1779748118847,13999,11767,635,-3320,-2480,-2482,running,0.00,0,0,0,0,0
1779748118877,13649,1077,-1614,-4256,-3152,-2713,running,0.00,0,0,0,0,0
1779748118877,12396,3184,5677,-5363,-4154,-1533,running,0.00,0,0,0,0,0
1779748118879,8722,12151,-1562,-6198,-4615,-402,running,0.00,0,0,0,0,0
1779748118909,9065,22430,-7815,-4610,-5227,23,running,0.00,0,0,0,0,0
1779748118910,8473,16961,-3662,-1465,-4949,130,running,0.00,0,0,0,0,0
1779748118910,-910,17802,7942,1142,-4626,1249,running,0.00,0,0,0,0,0
1779748118938,-6280,18656,4077,2329,-4203,1846,running,0.00,0,0,0,0,0
1779748118939,-8010,20751,5778,4117,-3695,2072,running,0.00,0,0,0,0,0
1779748118944,-8082,21120,8493,5076,-3388,1842,running,0.00,0,0,0,0,0
1779748118972,-7200,16755,8368,4977,-3297,1375,running,0.00,0,0,0,0,0
1779748118973,-6814,15565,8542,4473,-3254,1067,running,0.00,0,0,0,0,0
1779748118973,-7860,17312,11085,3550,-3293,790,running,0.00,0,0,0,0,0
1779748119000,-9639,20927,16934,2547,-3326,859,running,0.00,0,0,0,0,0
1779748119001,-12129,28475,22237,2002,-2894,1365,running,0.00,0,0,0,0,0
1779748119002,-13789,32767,25641,1740,-1965,1783,running,0.00,0,0,0,0,0
1779748119026,-18078,32526,20713,1234,-1085,1198,running,0.00,0,0,0,0,0
1779748119028,-15062,27567,10993,798,-738,22,running,0.00,0,0,0,0,0
1779748119028,-15226,24545,11061,604,-1487,-366,running,0.00,0,0,0,0,0
1779748119060,-14505,30779,15628,493,-2173,-454,running,0.00,0,0,0,0,0
1779748119061,-13149,32447,16563,293,-2296,-675,running,0.00,0,0,0,0,0
1779748119062,-12841,25766,13104,263,-2249,-869,running,0.00,0,0,0,0,0
1779748119087,-12527,18581,9282,299,-2352,-921,running,0.00,0,0,0,0,0
1779748119089,-11213,11972,5763,-8,-2610,-1051,running,0.00,0,0,0,0,0
1779748119090,-8976,6698,505,-579,-2890,-1130,running,0.00,0,0,0,0,0
1779748119116,-9073,799,-4052,-911,-3017,-942,running,0.00,0,0,0,0,0
1779748119117,-9691,122,-2723,-1172,-3059,-558,running,0.00,0,0,0,0,0
1779748119117,-10521,3412,1290,-1467,-3095,-437,running,0.00,0,0,0,0,0
1779748119147,-9590,5312,4483,-1717,-2930,-454,running,0.00,0,0,0,0,0
1779748119152,-7656,6061,458,-2138,-2572,-196,running,0.00,0,0,0,0,0
1779748119153,-4271,4925,-4658,-2079,-2387,0,running,0.00,0,0,0,0,0
1779748119176,-1718,5470,-4515,-1688,-2413,45,running,0.00,0,0,0,0,0
1779748119179,-2326,3152,248,-1057,-2490,62,running,0.00,0,0,0,0,0
1779748119180,-5368,6063,1926,-366,-2273,-62,running,0.00,0,0,0,0,0
1779748119208,-7744,4392,7872,1193,-1718,-598,running,0.00,0,0,0,0,0
1779748119209,-10305,3739,13261,2163,-1000,-112,running,0.00,0,0,0,0,0
1779748119209,-13902,7246,15345,3345,-304,655,running,0.00,0,0,0,0,0
1779748119239,-11278,2524,13619,4238,339,744,running,0.00,0,0,0,0,0
1779748119241,-10132,-1530,16624,3764,498,846,running,0.00,0,0,0,0,0
1779748119242,-13123,-793,13239,3185,771,1076,running,0.00,0,0,0,0,0
1779748119268,-14157,706,11360,2953,999,1239,running,0.00,0,0,0,0,0
1779748119270,-15559,1460,11994,2644,1102,1278,running,0.00,0,0,0,0,0
1779748119270,-15939,3251,14889,2156,1342,1262,running,0.00,0,0,0,0,0
1779748119297,-14610,6061,16257,1392,1868,1063,running,0.00,0,0,0,0,0
1779748119307,-11717,6962,17144,470,2288,815,running,0.00,0,0,0,0,0
1779748119308,-10863,8334,19779,-412,2407,816,running,0.00,0,0,0,0,0
1779748119326,-9535,9850,24435,-1387,2531,822,running,0.00,0,0,0,0,0
1779748119327,-12593,23323,26714,-1827,2859,1489,running,0.00,0,0,0,0,0
1779748119328,-16046,32767,28956,-2732,3380,1417,running,0.00,0,0,0,0,0
1779748119365,-16963,32767,13082,-2934,4552,1219,running,0.00,0,0,0,0,0
1779748119366,-16596,32545,-8115,-2404,4382,797,running,0.00,0,0,0,0,0
1779748119367,-13956,27687,-2516,-2265,3216,9,running,0.00,0,0,0,0,0
1779748119388,-11481,18252,597,-2561,3328,77,running,0.00,0,0,0,0,0
1779748119391,-9457,16931,-147,-3191,3474,379,running,0.00,0,0,0,0,0
1779748119392,-8031,16471,6498,-3939,3321,324,running,0.00,0,0,0,0,0
1779748119418,-2858,16965,8257,-4442,3799,284,running,0.00,0,0,0,0,0
1779748119419,3895,16587,536,-4767,3799,149,running,0.00,0,0,0,0,0
1779748119420,4968,12320,6084,-5786,2264,-335,running,0.00,0,0,0,0,0
1779748119446,5094,9986,10746,-6556,1847,-444,running,0.00,0,0,0,0,0
1779748119447,7449,4534,7968,-5869,2494,-283,running,0.00,0,0,0,0,0
1779748119447,9622,4474,6979,-5060,2524,226,running,0.00,0,0,0,0,0
1779748119477,10358,4853,13275,-4718,2677,236,running,0.00,0,0,0,0,0
1779748119478,12514,-3855,15263,-4670,3415,-133,running,0.00,0,0,0,0,0
1779748119478,27744,13608,-3523,-6169,3449,621,running,0.00,0,0,0,0,0
1779748119508,32767,16621,-3214,-6525,1799,1124,running,0.00,0,0,0,0,0
1779748119509,27033,9917,-29,-5148,1004,1181,running,0.00,0,0,0,0,0
1779748119510,18259,10408,-1341,-4283,764,1362,running,0.00,0,0,0,0,0
1779748119536,18304,19889,-1783,-3939,198,1317,running,0.00,0,0,0,0,0
1779748119537,16438,22373,-1218,-2742,-448,1009,running,0.00,0,0,0,0,0
1779748119537,17011,22423,-131,-1245,-437,953,running,0.00,0,0,0,0,0
1779748119567,16481,20763,2265,-143,-294,1177,running,0.00,0,0,0,0,0
1779748119568,11793,15549,2070,527,-330,1155,running,0.00,0,0,0,0,0
1779748119568,13863,11608,2068,698,-582,992,running,0.00,0,0,0,0,0
1779748119599,21743,8101,3104,762,-1363,677,running,0.00,0,0,0,0,0
1779748119600,17004,8774,10242,506,-2510,400,running,0.00,0,0,0,0,0
1779748119600,18172,9516,5203,-439,-2690,-39,running,0.00,0,0,0,0,0
1779748119630,14679,25058,26106,822,-5021,355,running,0.00,0,0,0,0,0
1779748119631,6762,31158,32767,1339,-4739,-480,running,0.00,0,0,0,0,0
1779748119631,3807,32767,32747,1535,-3284,-750,running,0.00,0,0,0,0,0
1779748119674,-453,32767,32581,1972,-2062,-831,running,0.00,0,0,0,0,0
1779748119675,2170,27054,32767,2168,-939,-1025,running,0.00,0,0,0,0,0
1779748119676,2335,12609,32767,2420,-1371,-1025,running,0.00,0,0,0,0,0
1779748119687,-998,5436,32026,1822,-2570,-792,running,0.00,0,0,0,0,0
1779748119688,-9411,11187,30600,1482,-2891,-466,running,0.00,0,0,0,0,0
1779748119689,-17253,20322,32767,185,-3001,-927,running,0.00,0,0,0,0,0
1779748119717,-23359,21677,31326,-214,-3161,-1934,running,0.00,0,0,0,0,0
1779748119718,-23657,20242,25280,-130,-3413,-2696,running,0.00,0,0,0,0,0
1779748119718,-20962,17711,21100,-70,-3270,-2889,running,0.00,0,0,0,0,0
1779748119747,-16080,12495,20309,-66,-2564,-2792,running,0.00,0,0,0,0,0
1779748119752,-11163,6288,16324,-43,-1562,-2594,running,0.00,0,0,0,0,0
1779748119754,-8234,2222,10950,-245,-846,-2395,running,0.00,0,0,0,0,0
1779748119778,-6811,-973,6792,-657,-553,-2354,running,0.00,0,0,0,0,0
1779748119779,-6140,-3371,3671,-1231,-598,-2375,running,0.00,0,0,0,0,0
1779748119779,-5918,-5328,2395,-1938,-828,-2321,running,0.00,0,0,0,0,0
1779748119808,-6107,-6568,-232,-2559,-933,-2090,running,0.00,0,0,0,0,0
1779748119809,-5553,-9659,-2271,-2866,-913,-1651,running,0.00,0,0,0,0,0
1779748119810,-6829,-6655,-6659,-3651,-197,-436,running,0.00,0,0,0,0,0
1779748119837,-6627,2934,-11660,-4065,382,526,running,0.00,0,0,0,0,0
1779748119841,-7656,-1056,-7946,-2960,-524,166,running,0.00,0,0,0,0,0
1779748119841,-13088,-8950,-1878,-1361,-1274,-26,running,0.00,0,0,0,0,0
1779748119868,-29884,-13022,-3939,-1144,-339,598,running,0.00,0,0,0,0,0
1779748119869,-24629,-8095,-9523,-499,1289,1347,running,0.00,0,0,0,0,0
1779748119869,-22271,-7239,1072,911,791,1285,running,0.00,0,0,0,0,0
1779748119898,-19881,-10761,12676,1721,1287,1356,running,0.00,0,0,0,0,0
1779748119899,-16633,-8585,17011,2987,2917,1901,running,0.00,0,0,0,0,0
1779748119899,-12485,-6597,11395,3482,4339,2018,running,0.00,0,0,0,0,0
1779748119927,-9781,-7227,8341,3741,4621,2019,running,0.00,0,0,0,0,0
1779748119928,-11699,-6781,11794,4125,4364,2468,running,0.00,0,0,0,0,0
1779748119928,-13169,-1596,17946,3865,3894,3233,running,0.00,0,0,0,0,0
1779748119963,-12434,6171,30182,3018,3836,3821,running,0.00,0,0,0,0,0
1779748119964,-10340,14743,30445,1889,4350,3790,running,0.00,0,0,0,0,0
1779748119964,-7000,25012,30509,441,4319,2849,running,0.00,0,0,0,0,0
1779748119988,-6128,26787,32634,-258,4054,1202,running,0.00,0,0,0,0,0
1779748119989,-3997,25169,32767,-631,4031,75,running,0.00,0,0,0,0,0
1779748119989,24,27701,32730,-1256,3901,175,running,0.00,0,0,0,0,0
1779748120016,2003,32767,31715,-2655,3412,1372,running,0.00,0,0,0,0,0
1779748120020,-423,32665,18084,-1752,3011,1440,running,0.00,0,0,0,0,0
1779748120021,-5950,32269,15885,-932,1412,1499,running,0.00,0,0,0,0,0
1779748120050,-13699,26708,15584,-163,1303,1046,running,0.00,0,0,0,0,0
1779748120051,-10861,22840,19306,560,2064,751,running,0.00,0,0,0,0,0
1779748120051,-3927,18105,28028,-103,2741,227,running,0.00,0,0,0,0,0
1779748120078,7793,7314,8061,-918,4326,-852,running,0.00,0,0,0,0,0
1779748120079,12752,3180,-4632,-1592,2976,-1021,running,0.00,0,0,0,0,0
1779748120080,3508,7591,8865,-1711,604,-801,running,0.00,0,0,0,0,0
1779748120114,8090,8781,9807,-1811,561,-287,running,0.00,0,0,0,0,0
1779748120117,16672,6986,4337,-2501,332,395,running,0.00,0,0,0,0,0
1779748120118,9890,12689,3481,-1931,-333,902,running,0.00,0,0,0,0,0
1779748120137,7361,18364,2142,-1049,-507,1337,running,0.00,0,0,0,0,0
1779748120139,1308,9524,53,-195,-594,1264,running,0.00,0,0,0,0,0
1779748120139,3063,7763,420,38,-399,1109,running,0.00,0,0,0,0,0
1779748120167,6346,9298,-214,507,-274,976,running,0.00,0,0,0,0,0
1779748120167,8199,9109,1106,723,-227,808,running,0.00,0,0,0,0,0
1779748120168,9680,7819,619,691,-27,562,running,0.00,0,0,0,0,0
1779748120200,12917,6267,480,487,-101,160,running,0.00,0,0,0,0,0
1779748120201,13611,5624,3831,503,-811,47,running,0.00,0,0,0,0,0
1779748120202,12505,7895,3124,439,-1304,200,running,0.00,0,0,0,0,0
1779748120229,12503,8606,1766,314,-1333,0,running,0.00,0,0,0,0,0
1779748120230,12315,7744,2314,502,-1391,-168,running,0.00,0,0,0,0,0
1779748120231,11899,8722,2791,671,-1827,-123,running,0.00,0,0,0,0,0
1779748120257,8761,8927,5104,1267,-2367,-214,running,0.00,0,0,0,0,0
1779748120258,7602,9223,5160,1691,-2428,-311,running,0.00,0,0,0,0,0
1779748120259,8648,8628,4905,2038,-2358,-409,running,0.00,0,0,0,0,0
1779748120288,9188,7836,7312,2407,-2588,-372,running,0.00,0,0,0,0,0
1779748120289,9540,6673,10671,2628,-2940,-306,running,0.00,0,0,0,0,0
1779748120310,8276,5830,14856,2624,-3323,-362,running,0.00,0,0,0,0,0
1779748120319,6839,6433,20412,2438,-3671,-643,running,0.00,0,0,0,0,0
1779748120320,9515,11897,25046,2037,-4018,-1025,running,0.00,0,0,0,0,0
1779748120320,9212,19753,29362,1445,-4223,-1298,running,0.00,0,0,0,0,0
1779748120345,3694,25051,32767,1085,-3829,-1503,running,0.00,0,0,0,0,0
1779748120346,-1578,28308,32767,688,-3125,-1675,running,0.00,0,0,0,0,0
1779748120347,-5067,25906,32689,231,-2874,-1911,running,0.00,0,0,0,0,0
1779748120379,-8548,17558,32767,468,-2777,-2003,running,0.00,0,0,0,0,0
1779748120379,-11803,12938,32767,785,-2482,-1854,running,0.00,0,0,0,0,0
1779748120380,-12322,12681,32765,457,-2155,-1735,running,0.00,0,0,0,0,0
1779748120408,-12854,14642,30981,-63,-2026,-1838,running,0.00,0,0,0,0,0
1779748120409,-14574,15105,25522,-410,-2144,-2139,running,0.00,0,0,0,0,0
1779748120409,-15869,14171,22685,-635,-2199,-2430,running,0.00,0,0,0,0,0
1779748120439,-13521,12937,22716,-1049,-1804,-2797,running,0.00,0,0,0,0,0
1779748120442,-10235,9594,14793,-1319,-1346,-2907,running,0.00,0,0,0,0,0
1779748120443,-9546,9556,15289,-1250,-1454,-2608,running,0.00,0,0,0,0,0
1779748120466,-7955,9909,12281,-1327,-1033,-2479,running,0.00,0,0,0,0,0
1779748120467,-6706,7904,8638,-1336,-945,-2359,running,0.00,0,0,0,0,0
1779748120468,-4386,6327,6374,-1350,-1105,-2192,running,0.00,0,0,0,0,0
1779748120497,-3092,5662,5241,-1447,-1369,-2128,running,0.00,0,0,0,0,0
1779748120502,-4135,5102,4294,-1415,-1590,-2059,running,0.00,0,0,0,0,0
1779748120503,-4457,4295,2081,-950,-1566,-1743,running,0.00,0,0,0,0,0
1779748120529,-3327,2534,2098,-197,-1268,-1250,running,0.00,0,0,0,0,0
1779748120530,-1781,3536,889,348,-1121,-938,running,0.00,0,0,0,0,0
1779748120531,-2122,4223,-778,1161,-1374,-843,running,0.00,0,0,0,0,0
1779748120557,-2265,1530,-912,1898,-1725,-747,running,0.00,0,0,0,0,0
1779748120558,-3644,-104,378,2336,-1952,-609,running,0.00,0,0,0,0,0
1779748120559,-4534,-269,816,2572,-1893,-513,running,0.00,0,0,0,0,0
1779748120586,-4213,1665,1581,2648,-1767,-444,running,0.00,0,0,0,0,0
1779748120587,-4400,2785,5148,2770,-1765,-328,running,0.00,0,0,0,0,0
1779748120588,-1985,4855,4706,2787,-1602,-92,running,0.00,0,0,0,0,0
1779748120617,-795,7127,8998,2538,-2036,-353,running,0.00,0,0,0,0,0
1779748120618,-4506,3777,15069,2076,-2780,-1101,running,0.00,0,0,0,0,0
1779748120619,-12279,31,15137,1773,-2337,-1082,running,0.00,0,0,0,0,0
1779748120647,-9501,8499,6450,2131,-1410,-204,running,0.00,0,0,0,0,0
1779748120649,-6466,14019,8807,2648,-1522,361,running,0.00,0,0,0,0,0
1779748120650,-4904,14661,11652,3160,-1315,288,running,0.00,0,0,0,0,0
1779748120678,-2224,17724,16075,3677,-1053,131,running,0.00,0,0,0,0,0
1779748120680,1388,21475,20488,3895,-953,57,running,0.00,0,0,0,0,0
1779748120689,4550,26089,24956,3855,-884,-96,running,0.00,0,0,0,0,0
1779748120709,7081,29060,27965,3168,-792,-320,running,0.00,0,0,0,0,0
1779748120710,4019,25310,31787,1999,-940,-491,running,0.00,0,0,0,0,0
1779748120711,-1669,22574,32767,1352,-918,-260,running,0.00,0,0,0,0,0
1779748120739,-4662,19450,30027,1464,-95,253,running,0.00,0,0,0,0,0
1779748120741,-6555,19783,23304,1018,347,485,running,0.00,0,0,0,0,0
1779748120743,-5539,19058,17816,661,225,489,running,0.00,0,0,0,0,0
1779748120768,-3299,21022,11667,629,-115,491,running,0.00,0,0,0,0,0
1779748120769,-3115,22248,10270,625,-689,413,running,0.00,0,0,0,0,0
1779748120770,-1221,22130,9030,562,-983,378,running,0.00,0,0,0,0,0
1779748120800,-1521,20462,5022,565,-1103,522,running,0.00,0,0,0,0,0
1779748120801,-4554,17084,1751,485,-1205,728,running,0.00,0,0,0,0,0
1779748120803,-5896,13128,166,-94,-1319,871,running,0.00,0,0,0,0,0
1779748120826,-8150,11002,-2765,-842,-882,1028,running,0.00,0,0,0,0,0
1779748120829,-8928,9389,-2593,-1366,-495,1681,running,0.00,0,0,0,0,0
1779748120829,-5022,16024,-1090,-2956,-700,2039,running,0.00,0,0,0,0,0
1779748120859,-6238,5685,-988,-5002,-661,1097,running,0.00,0,0,0,0,0
1779748120859,-1487,24284,-10864,-4376,-466,546,running,0.00,0,0,0,0,0
1779748120860,1913,19582,-9809,-401,-86,8,running,0.00,0,0,0,0,0
1779748120887,6845,11700,-1845,1494,-18,-626,running,0.00,0,0,0,0,0
1779748120888,11239,6156,-199,394,-305,-699,running,0.00,0,0,0,0,0
1779748120889,11060,284,-3925,367,-597,-373,running,0.00,0,0,0,0,0
1779748120922,22560,-6516,-3001,670,-945,-169,running,0.00,0,0,0,0,0
1779748120923,9682,-4994,1591,-65,3453,607,running,0.00,0,0,0,0,0
1779748120924,19336,6572,-17238,-834,5744,474,running,0.00,0,0,0,0,0
1779748120953,12050,-428,5483,-2444,-3883,-688,running,0.00,0,0,0,0,0
1779748120953,9782,2213,7851,-2803,-3716,-1051,running,0.00,0,0,0,0,0
1779748120953,9435,7715,4376,-1858,-2704,-969,running,0.00,0,0,0,0,0
1779748120977,8148,7606,7958,-1325,-3134,-1025,running,0.00,0,0,0,0,0
1779748120978,5675,9444,9740,-942,-2530,-902,running,0.00,0,0,0,0,0
1779748120978,5220,12398,7002,-192,-2586,-871,running,0.00,0,0,0,0,0
1779748121009,4352,14397,7385,234,-2757,-1058,running,0.00,0,0,0,0,0
1779748121010,4537,15405,7063,497,-2829,-1361,running,0.00,0,0,0,0,0
1779748121012,10277,14375,9471,798,-2898,-1529,running,0.00,0,0,0,0,0
1779748121037,13487,17956,13476,1033,-2891,-1237,running,0.00,0,0,0,0,0
1779748121038,13159,24378,17814,1652,-2830,-988,running,0.00,0,0,0,0,0
1779748121039,7529,18061,18073,2464,-2221,-716,running,0.00,0,0,0,0,0
1779748121067,7404,11062,18105,2304,-1541,32,running,0.00,0,0,0,0,0
1779748121070,4922,11474,18403,1149,-1549,334,running,0.00,0,0,0,0,0
1779748121071,6199,8501,23940,-451,-1588,-19,running,0.00,0,0,0,0,0
1779748121100,10678,5896,19056,-2695,-126,827,running,0.00,0,0,0,0,0
1779748121101,7460,25279,10932,-2681,272,996,running,0.00,0,0,0,0,0
1779748121102,1470,29366,9484,-3079,-90,188,running,0.00,0,0,0,0,0
1779748121128,-3094,18563,11929,-3725,-618,-570,running,0.00,0,0,0,0,0
1779748121128,-2682,8948,13001,-3905,-773,-349,running,0.00,0,0,0,0,0
1779748121129,-2339,11368,11662,-3655,-492,729,running,0.00,0,0,0,0,0
1779748121157,-2444,12586,9860,-4006,-215,1403,running,0.00,0,0,0,0,0
1779748121158,-2197,6856,9430,-4629,-277,1529,running,0.00,0,0,0,0,0
1779748121159,1667,11479,10465,-4523,-274,1489,running,0.00,0,0,0,0,0
1779748121187,1436,14854,10569,-4232,-407,1242,running,0.00,0,0,0,0,0
1779748121189,-282,12944,12259,-4426,-961,713,running,0.00,0,0,0,0,0
1779748121193,-2207,12507,10512,-4649,-1701,146,running,0.00,0,0,0,0,0
1779748121221,1123,8552,10354,-4176,-2099,-213,running,0.00,0,0,0,0,0
1779748121222,2296,7872,8893,-4042,-2729,-270,running,0.00,0,0,0,0,0
1779748121222,4156,5970,7270,-3420,-4352,-454,running,0.00,0,0,0,0,0
1779748121248,5860,3999,9255,-2561,-6808,-414,running,0.00,0,0,0,0,0
1779748121249,1911,5014,12891,-1894,-6157,-134,running,0.00,0,0,0,0,0
1779748121250,6333,5072,12168,-1231,-2540,80,running,0.00,0,0,0,0,0
1779748121278,7165,4319,13771,-498,-2108,104,running,0.00,0,0,0,0,0
1779748121279,8098,3548,16210,79,-1869,64,running,0.00,0,0,0,0,0
1779748121280,8821,3276,17644,578,-1239,44,running,0.00,0,0,0,0,0
1779748121308,10847,919,20243,1100,-470,205,running,0.00,0,0,0,0,0
1779748121309,13030,-3027,22467,908,-44,354,running,0.00,0,0,0,0,0
1779748121310,12557,-7465,23476,204,141,349,running,0.00,0,0,0,0,0
1779748121336,12059,-4346,22378,-199,356,519,running,0.00,0,0,0,0,0
1779748121337,12422,-563,20250,245,604,654,running,0.00,0,0,0,0,0
1779748121338,15493,142,23894,467,481,489,running,0.00,0,0,0,0,0
1779748121368,14475,-2815,25667,-712,-218,43,running,0.00,0,0,0,0,0
1779748121369,15064,-5867,26200,-1729,-569,-71,running,0.00,0,0,0,0,0
1779748121369,15060,-5431,25754,-2456,-333,393,running,0.00,0,0,0,0,0
1779748121400,13671,-2959,23651,-2527,-59,930,running,0.00,0,0,0,0,0
1779748121401,13615,415,20710,-2730,-203,1183,running,0.00,0,0,0,0,0
1779748121402,14425,2156,17734,-2854,-416,1231,running,0.00,0,0,0,0,0
1779748121426,14579,2366,15258,-3082,-618,1299,running,0.00,0,0,0,0,0
1779748121426,15858,3131,13104,-3655,-1087,1557,running,0.00,0,0,0,0,0
1779748121427,15603,4475,11337,-3794,-1501,1715,running,0.00,0,0,0,0,0
1779748121459,14095,3158,11640,-3931,-1573,1486,running,0.00,0,0,0,0,0
1779748121460,13781,-656,8365,-4519,-1638,1001,running,0.00,0,0,0,0,0
1779748121461,16283,-2562,6354,-4693,-1849,900,running,0.00,0,0,0,0,0
1779748121487,17978,-3179,5915,-4788,-2079,1166,running,0.00,0,0,0,0,0
1779748121487,11480,46,4643,-4682,-1990,1127,running,0.00,0,0,0,0,0
1779748121488,10387,353,2775,-4712,-1869,859,running,0.00,0,0,0,0,0
1779748121527,7841,-1391,2236,-4717,-1733,540,running,0.00,0,0,0,0,0
1779748121528,6849,-3229,1575,-5135,-1693,74,running,0.00,0,0,0,0,0
1779748121528,7628,-830,23,-5355,-1816,-239,running,0.00,0,0,0,0,0
1779748121547,9313,1270,-390,-5387,-1846,-300,running,0.00,0,0,0,0,0
1779748121550,8737,1972,-563,-5568,-1786,-307,running,0.00,0,0,0,0,0
1779748121551,4900,3088,-377,-5198,-1412,-758,running,0.00,0,0,0,0,0
1779748121577,-1243,11611,-1045,-3921,359,-1379,running,0.00,0,0,0,0,0
1779748121578,18782,-375,-13857,-1473,3051,-3149,running,0.00,0,0,0,0,0
1779748121579,21998,-11843,-4381,-3716,-766,-2442,running,0.00,0,0,0,0,0
1779748121613,7822,-2290,9200,-4491,-1261,-1939,running,0.00,0,0,0,0,0
1779748121614,10870,-6835,-2987,-3969,-232,-2402,running,0.00,0,0,0,0,0
1779748121614,14485,-401,1876,-4418,-267,-2343,running,0.00,0,0,0,0,0
1779748121637,17881,-5923,397,-5032,-43,-2399,running,0.00,0,0,0,0,0
1779748121638,21784,-12686,552,-5622,-6,-2170,running,0.00,0,0,0,0,0
1779748121639,25693,-11770,2500,-5821,-84,-1909,running,0.00,0,0,0,0,0
1779748121669,28220,-18018,9391,-4523,186,-1788,running,0.00,0,0,0,0,0
1779748121669,27298,-23294,8742,-4768,561,-1542,running,0.00,0,0,0,0,0
1779748121670,27706,-21225,2829,-4410,851,-1303,running,0.00,0,0,0,0,0
1779748121700,24943,-25127,8679,-3381,662,-1224,running,0.00,0,0,0,0,0
1779748121701,26326,-21045,7216,-2364,922,-970,running,0.00,0,0,0,0,0
1779748121702,24632,-17621,7338,-984,1122,-969,running,0.00,0,0,0,0,0
1779748121726,21122,-15657,7654,217,1389,-1057,running,0.00,0,0,0,0,0
1779748121729,21414,-16096,7320,1269,1660,-1244,running,0.00,0,0,0,0,0
1779748121730,19281,-15349,8512,2043,1818,-1198,running,0.00,0,0,0,0,0
1779748121759,17952,-13116,11240,2424,2068,-1140,running,0.00,0,0,0,0,0
1779748121761,15634,-10407,15397,3161,2566,-1356,running,0.00,0,0,0,0,0
1779748121762,14323,-4096,20659,4583,3182,-1447,running,0.00,0,0,0,0,0
1779748121787,21114,-1780,16322,5810,3845,-1188,running,0.00,0,0,0,0,0
1779748121788,20375,-433,14594,6096,3316,-1714,running,0.00,0,0,0,0,0
1779748121789,16118,-2375,17205,7117,3119,-2498,running,0.00,0,0,0,0,0
1779748121817,15828,-4670,11485,7385,3304,-2518,running,0.00,0,0,0,0,0
1779748121818,14972,-5730,10079,6997,3037,-2311,running,0.00,0,0,0,0,0
1779748121818,13537,-1771,7184,6674,2815,-2099,running,0.00,0,0,0,0,0
1779748121852,12054,-3945,6580,6996,2711,-2233,running,0.00,0,0,0,0,0
1779748121853,13459,-4085,9547,6331,2141,-2086,running,0.00,0,0,0,0,0
1779748121853,15676,-11138,9212,5019,1096,-2538,running,0.00,0,0,0,0,0
1779748121879,11359,-3027,9550,4010,-195,-3114,running,0.00,0,0,0,0,0
1779748121880,8906,4326,8047,3572,-839,-3530,running,0.00,0,0,0,0,0
1779748121881,7058,4372,8117,3607,-1345,-3891,running,0.00,0,0,0,0,0
1779748121908,5003,2552,12144,3723,-1859,-4310,running,0.00,0,0,0,0,0
1779748121911,3260,1999,12741,3931,-1938,-4652,running,0.00,0,0,0,0,0
1779748121912,2931,2465,12387,4048,-1715,-4852,running,0.00,0,0,0,0,0
1779748121936,3343,4346,11681,4299,-1358,-4913,running,0.00,0,0,0,0,0
1779748121936,3714,7348,10602,4968,-999,-4754,running,0.00,0,0,0,0,0
1779748121937,3940,9267,10718,5810,-666,-4449,running,0.00,0,0,0,0,0
1779748121968,3729,10390,10974,6582,-279,-4027,running,0.00,0,0,0,0,0
1779748121969,5956,8353,12093,6883,89,-3482,running,0.00,0,0,0,0,0
1779748121969,5312,5778,9957,6988,521,-2788,running,0.00,0,0,0,0,0
1779748122004,2960,7751,1364,7221,443,-2217,running,0.00,0,0,0,0,0
1779748122004,6878,10011,-3429,6802,-453,-1703,running,0.00,0,0,0,0,0
1779748122005,5316,14052,447,5563,-1883,-1550,running,0.00,0,0,0,0,0
1779748122027,4885,9972,5653,4365,-2861,-1853,running,0.00,0,0,0,0,0
1779748122028,837,11598,-444,3805,-2710,-1816,running,0.00,0,0,0,0,0
1779748122028,315,13757,-5453,4084,-2231,-1746,running,0.00,0,0,0,0,0
1779748122057,1142,16959,-7362,4120,-2147,-1755,running,0.00,0,0,0,0,0
1779748122057,2870,13831,-4330,3816,-2155,-1947,running,0.00,0,0,0,0,0
1779748122058,2630,8437,-2997,3253,-2216,-1949,running,0.00,0,0,0,0,0
1779748122089,1521,8952,-2803,2957,-2281,-1549,running,0.00,0,0,0,0,0
1779748122092,-166,14627,-3973,2797,-2221,-1219,running,0.00,0,0,0,0,0
1779748122093,2482,15162,-3768,2605,-2098,-1123,running,0.00,0,0,0,0,0
1779748122118,2750,14687,-5289,2413,-2145,-886,running,0.00,0,0,0,0,0
1779748122119,-425,14499,-5066,2719,-2098,-942,running,0.00,0,0,0,0,0
1779748122120,2644,13329,-3757,2124,-1678,-785,running,0.00,0,0,0,0,0
1779748122147,2601,13706,-5471,1734,-1643,-541,running,0.00,0,0,0,0,0
1779748122148,906,14476,-6346,1846,-1706,-490,running,0.00,0,0,0,0,0
1779748122149,2278,13444,-5683,1778,-1642,-371,running,0.00,0,0,0,0,0
1779748122176,1247,11970,-6151,929,-1513,129,running,0.00,0,0,0,0,0
1779748122177,1714,11397,-6479,460,-1480,198,running,0.00,0,0,0,0,0
1779748122177,2608,10960,-6476,245,-1564,199,running,0.00,0,0,0,0,0
1779748122207,2642,11939,-6088,242,-1668,235,running,0.00,0,0,0,0,0
1779748122207,1966,13204,-6514,515,-1719,280,running,0.00,0,0,0,0,0
1779748122207,2685,14611,-7130,1075,-1686,377,running,0.00,0,0,0,0,0
1779748122236,3620,14991,-7051,1819,-1693,525,running,0.00,0,0,0,0,0
1779748122237,1366,15303,-8357,2569,-1740,671,running,0.00,0,0,0,0,0
1779748122238,-733,18055,-12147,3486,-1583,764,running,0.00,0,0,0,0,0
1779748122272,789,14018,-8668,3787,-1731,698,running,0.00,0,0,0,0,0
1779748122273,1870,7995,-6207,3657,-1735,700,running,0.00,0,0,0,0,0
1779748122274,2091,4121,-6143,3092,-1775,783,running,0.00,0,0,0,0,0
1779748122300,1246,3679,-7417,2283,-1931,827,running,0.00,0,0,0,0,0
1779748122301,-164,6451,-8368,1771,-2061,830,running,0.00,0,0,0,0,0
1779748122302,-666,9668,-9955,1929,-2085,825,running,0.00,0,0,0,0,0
1779748122327,-536,12450,-11698,2694,-1979,828,running,0.00,0,0,0,0,0
1779748122328,106,13020,-12455,3581,-1979,788,running,0.00,0,0,0,0,0
1779748122329,190,10335,-13451,4091,-2048,613,running,0.00,0,0,0,0,0
1779748122358,-540,7919,-13848,4130,-2321,566,running,0.00,0,0,0,0,0
1779748122359,-3997,7279,-13624,4197,-2571,481,running,0.00,0,0,0,0,0
1779748122359,-6349,4509,-14052,4148,-2512,253,running,0.00,0,0,0,0,0
1779748122389,-5217,2254,-14019,3714,-2688,122,running,0.00,0,0,0,0,0
1779748122394,-2976,2596,-10533,2869,-3102,11,running,0.00,0,0,0,0,0
1779748122395,-605,4806,-20271,2623,-3100,-150,running,0.00,0,0,0,0,0
1779748122416,-5533,6173,-14210,3675,-2956,-164,running,0.00,0,0,0,0,0
1779748122417,-7153,9129,-12463,3416,-2495,-106,running,0.00,0,0,0,0,0
1779748122418,-6429,7871,-11061,2640,-1987,-190,running,0.00,0,0,0,0,0
1779748122463,-4896,10986,-20662,1987,-1298,-226,running,0.00,0,0,0,0,0
1779748122464,-5864,13580,-20879,1180,-2257,-780,running,0.00,0,0,0,0,0
1779748122465,-8913,1484,-5461,1315,-2371,-1243,running,0.00,0,0,0,0,0
1779748122482,-6424,1674,-9834,1689,-734,-535,running,0.00,0,0,0,0,0
1779748122483,-6985,2817,-8971,846,-530,-185,running,0.00,0,0,0,0,0
1779748122484,-6888,3518,-6757,-113,-554,-338,running,0.00,0,0,0,0,0
1779748122508,-2964,7125,-12915,-207,-210,-246,running,0.00,0,0,0,0,0
1779748122509,-4345,8827,-14200,169,-107,-85,running,0.00,0,0,0,0,0
1779748122509,-7220,3909,-11379,-133,-275,-184,running,0.00,0,0,0,0,0
1779748122539,-4495,5205,-14708,-187,-84,-193,running,0.00,0,0,0,0,0
1779748122541,-2507,17413,-26966,1020,109,-116,running,0.00,0,0,0,0,0
1779748122542,-4040,24214,-28471,2884,-265,-383,running,0.00,0,0,0,0,0
1779748122568,-6797,18281,-25873,4377,-567,-676,running,0.00,0,0,0,0,0
1779748122569,-7810,9613,-24316,5265,-694,-746,running,0.00,0,0,0,0,0
1779748122570,-7314,1388,-20786,5183,-819,-522,running,0.00,0,0,0,0,0
1779748122627,-7337,-5691,-17740,4555,-670,-171,running,0.00,0,0,0,0,0
1779748122632,-9107,-8745,-13104,3135,-404,113,running,0.00,0,0,0,0,0
1779748122633,-7351,-7843,-10689,1340,-7,221,running,0.00,0,0,0,0,0
1779748122634,-1382,-4353,-14052,150,412,363,running,0.00,0,0,0,0,0
1779748122634,1380,589,-19036,-284,473,528,running,0.00,0,0,0,0,0
1779748122635,-899,3714,-20405,-197,308,569,running,0.00,0,0,0,0,0
1779748122658,-4293,5142,-20366,-104,155,484,running,0.00,0,0,0,0,0
1779748122659,-3531,6927,-20600,216,82,178,running,0.00,0,0,0,0,0
1779748122660,-3313,9270,-20443,895,69,-175,running,0.00,0,0,0,0,0
1779748122692,-3862,9818,-16794,1873,77,-555,running,0.00,0,0,0,0,0
1779748122692,-4356,5189,-15121,3096,289,-867,running,0.00,0,0,0,0,0
1779748122693,-3579,-1948,-13776,3836,354,-1162,running,0.00,0,0,0,0,0
1779748122718,-2251,-8121,-13630,3564,76,-1139,running,0.00,0,0,0,0,0
1779748122719,-2059,-6614,-15027,2771,-324,-755,running,0.00,0,0,0,0,0
1779748122720,-3099,-3611,-14697,2108,-584,-368,running,0.00,0,0,0,0,0
1779748122747,-3792,-2999,-13224,1542,-728,140,running,0.00,0,0,0,0,0
1779748122767,-3284,-2340,-14685,1203,-739,651,running,0.00,0,0,0,0,0
1779748122769,-3307,-1813,-13367,931,-792,1104,running,0.00,0,0,0,0,0
1779748122779,-3506,-822,-13697,561,-794,1492,running,0.00,0,0,0,0,0
1779748122780,-2884,3085,-16759,576,-729,1766,running,0.00,0,0,0,0,0
1779748122781,-3488,2496,-16483,778,-712,2008,running,0.00,0,0,0,0,0
1779748122808,-3841,-1099,-14358,662,-653,2244,running,0.00,0,0,0,0,0
1779748122809,-2401,-1577,-15730,347,-513,2435,running,0.00,0,0,0,0,0
1779748122810,-1718,627,-18288,192,-434,2625,running,0.00,0,0,0,0,0
1779748122837,-3169,2590,-18551,241,-391,2825,running,0.00,0,0,0,0,0
1779748122840,-4659,2276,-19321,482,-242,2962,running,0.00,0,0,0,0,0
1779748122841,-5742,1525,-19700,545,-45,2989,running,0.00,0,0,0,0,0
1779748122866,-6257,-408,-18704,348,91,2918,running,0.00,0,0,0,0,0
1779748122866,-7050,180,-17159,-145,232,2887,running,0.00,0,0,0,0,0
1779748122867,-6963,1563,-18982,-595,399,2771,running,0.00,0,0,0,0,0
1779748122900,-5772,2618,-16201,-782,567,2778,running,0.00,0,0,0,0,0
1779748122901,-6498,-1973,-15322,-1061,789,2747,running,0.00,0,0,0,0,0
1779748122901,-5323,-5859,-16132,-1217,946,2697,running,0.00,0,0,0,0,0
1779748122931,-8606,7971,-22122,-1345,979,2393,running,0.00,0,0,0,0,0
1779748122931,-9844,7287,-20250,-766,1046,2012,running,0.00,0,0,0,0,0
1779748122932,-8434,-1838,-15302,-232,1251,1742,running,0.00,0,0,0,0,0
1779748122958,-7865,-4851,-12661,-524,1285,1549,running,0.00,0,0,0,0,0
1779748122959,-8613,656,-15814,-974,1243,1448,running,0.00,0,0,0,0,0
1779748122960,-9315,6638,-19545,-790,1067,1183,running,0.00,0,0,0,0,0
1779748122988,-10654,5578,-17847,-293,795,853,running,0.00,0,0,0,0,0
1779748122995,-9828,1589,-19960,195,648,607,running,0.00,0,0,0,0,0
1779748122996,-11711,-482,-19113,475,412,427,running,0.00,0,0,0,0,0
1779748123017,-12399,-1200,-19990,482,284,247,running,0.00,0,0,0,0,0
1779748123020,-11355,-2924,-19934,503,160,160,running,0.00,0,0,0,0,0
1779748123020,-11435,-3882,-18204,344,55,141,running,0.00,0,0,0,0,0
1779748123049,-10668,-1558,-18369,127,0,145,running,0.00,0,0,0,0,0
1779748123051,-10433,1697,-18939,18,-98,124,running,0.00,0,0,0,0,0
1779748123052,-9800,4356,-19534,-28,-191,121,running,0.00,0,0,0,0,0
1779748123078,-9929,4764,-19085,-117,-245,176,running,0.00,0,0,0,0,0
1779748123079,-10502,6025,-20138,-331,-247,277,running,0.00,0,0,0,0,0
1779748123080,-11151,7176,-20692,-532,-247,351,running,0.00,0,0,0,0,0
1779748123108,-11060,5280,-18937,-740,-169,451,running,0.00,0,0,0,0,0
1779748123109,-11403,5328,-16883,-1089,-53,573,running,0.00,0,0,0,0,0
1779748123110,-10294,6416,-15083,-1418,103,680,running,0.00,0,0,0,0,0
1779748123137,-10237,5536,-13790,-1587,248,783,running,0.00,0,0,0,0,0
1779748123137,-10866,5229,-12703,-1704,390,836,running,0.00,0,0,0,0,0
1779748123138,-10336,7080,-13325,-1670,564,811,running,0.00,0,0,0,0,0
1779748123168,-9658,6507,-12975,-1382,675,676,running,0.00,0,0,0,0,0
1779748123173,-8878,4706,-11886,-1110,862,543,running,0.00,0,0,0,0,0
1779748123174,-7848,3973,-11401,-895,1069,377,running,0.00,0,0,0,0,0
1779748123196,-6843,2658,-11135,-591,1203,184,running,0.00,0,0,0,0,0
1779748123201,-5289,1761,-11641,-221,1105,-19,running,0.00,0,0,0,0,0
1779748123202,-5448,1817,-11626,169,626,-343,running,0.00,0,0,0,0,0
1779748123227,-6676,1172,-9828,452,156,-716,running,0.00,0,0,0,0,0
1779748123228,-5626,1725,-9593,636,-70,-1030,running,0.00,0,0,0,0,0
1779748123229,-5059,1214,-8851,893,-355,-1332,running,0.00,0,0,0,0,0
1779748123261,-5705,-946,-7203,1089,-550,-1552,running,0.00,0,0,0,0,0
1779748123262,-6357,-2214,-5812,1409,-848,-2001,running,0.00,0,0,0,0,0
1779748123263,-7292,-2276,-4743,1672,-1005,-2253,running,0.00,0,0,0,0,0
1779748123288,-7393,-2048,-4244,2021,-1105,-2573,running,0.00,0,0,0,0,0
1779748123292,-7823,35,-4948,2401,-1176,-2856,running,0.00,0,0,0,0,0
1779748123293,-8346,3707,-7204,3026,-1201,-3203,running,0.00,0,0,0,0,0
1779748123318,-8731,1404,-7954,4100,-1251,-3701,running,0.00,0,0,0,0,0
1779748123319,-8592,1658,-7162,4411,-1309,-4108,running,0.00,0,0,0,0,0
1779748123320,-9342,-943,-10602,4434,-1302,-4594,running,0.00,0,0,0,0,0
1779748123349,-8953,990,-3857,4979,-1004,-4974,running,0.00,0,0,0,0,0
1779748123351,-6667,2326,-7299,4440,-937,-5421,running,0.00,0,0,0,0,0
1779748123351,-5405,-2123,744,4032,-772,-5975,running,0.00,0,0,0,0,0
1779748123377,-6783,-9861,-10170,3679,465,-6253,running,0.00,0,0,0,0,0
1779748123378,-8206,-8108,-15297,3290,61,-5170,running,0.00,0,0,0,0,0
1779748123378,-3818,-216,-13864,3031,-170,-3953,running,0.00,0,0,0,0,0
1779748123415,-2606,-5929,-13826,2857,-312,-4152,running,0.00,0,0,0,0,0
1779748123416,-4239,-11874,-12411,2115,-582,-4540,running,0.00,0,0,0,0,0
1779748123417,-2440,-14386,-15138,1569,-263,-3727,running,0.00,0,0,0,0,0
1779748123437,-2951,-8121,-18696,1394,-47,-2467,running,0.00,0,0,0,0,0
1779748123437,-4285,-5875,-17579,1429,-10,-1748,running,0.00,0,0,0,0,0
1779748123438,-2614,-9507,-19128,1582,-21,-1593,running,0.00,0,0,0,0,0
1779748123467,-4138,-12326,-17935,1187,-122,-1450,running,0.00,0,0,0,0,0
1779748123468,-4566,-17154,-17864,612,10,-1251,running,0.00,0,0,0,0,0
1779748123469,-4203,-17149,-19154,-635,44,-1010,running,0.00,0,0,0,0,0
1779748123501,-6394,-6515,-22122,-883,361,-342,running,0.00,0,0,0,0,0
1779748123502,-8427,-7354,-21630,-553,585,-287,running,0.00,0,0,0,0,0
1779748123503,-7114,-9320,-21172,-324,713,-379,running,0.00,0,0,0,0,0
1779748123528,-6683,-9444,-20546,-156,821,-370,running,0.00,0,0,0,0,0
1779748123529,-6449,-9074,-19767,20,881,-406,running,0.00,0,0,0,0,0
1779748123529,-5685,-10038,-19355,231,885,-508,running,0.00,0,0,0,0,0
1779748123558,-5627,-12589,-17989,148,744,-570,running,0.00,0,0,0,0,0
1779748123558,-6296,-12199,-17943,-114,585,-490,running,0.00,0,0,0,0,0
1779748123559,-5454,-12283,-16814,-285,431,-231,running,0.00,0,0,0,0,0
1779748123585,-9761,-9024,-16222,-930,199,-229,running,0.00,0,0,0,0,0
1779748123586,-9779,-5289,-19562,-978,338,-312,running,0.00,0,0,0,0,0
1779748123586,-6902,-12104,-16341,-1075,-29,-459,running,0.00,0,0,0,0,0
1779748123616,195,-26735,-13459,-2577,-637,-457,running,0.00,0,0,0,0,0
1779748123618,41,-19557,-17656,-5843,-1855,-82,running,0.00,0,0,0,0,0
1779748123619,-8140,-1626,-13925,-6423,-2491,543,running,0.00,0,0,0,0,0
1779748123649,-12058,18093,-20457,-4347,-1642,1201,running,0.00,0,0,0,0,0
1779748123650,-14609,15374,-20562,-913,-610,769,running,0.00,0,0,0,0,0
1779748123651,-11497,1990,-18093,974,91,17,running,0.00,0,0,0,0,0
1779748123677,-7445,-6128,-18553,937,172,-319,running,0.00,0,0,0,0,0
1779748123677,-4954,-8632,-19222,644,45,-385,running,0.00,0,0,0,0,0
1779748123679,-2923,-7962,-17782,667,29,44,running,0.00,0,0,0,0,0
1779748123711,-3078,-5188,-18457,576,-22,616,running,0.00,0,0,0,0,0
1779748123711,-4494,-6045,-17051,217,-290,808,running,0.00,0,0,0,0,0
1779748123712,-4628,-6888,-15811,-251,-528,1040,running,0.00,0,0,0,0,0
1779748123736,-3846,-7726,-14686,-740,-692,1221,running,0.00,0,0,0,0,0
1779748123738,-4347,-7201,-13138,-1233,-801,1385,running,0.00,0,0,0,0,0
1779748123741,-3381,-9915,-13297,-1634,-786,1432,running,0.00,0,0,0,0,0
1779748123768,-3014,-11480,-10616,-2134,-840,1372,running,0.00,0,0,0,0,0
1779748123769,-3770,-9587,-9055,-2710,-622,1291,running,0.00,0,0,0,0,0
1779748123770,-2790,-6659,-14331,-2877,-416,1262,running,0.00,0,0,0,0,0
1779748123795,-241,-7486,-6847,-2870,-586,1457,running,0.00,0,0,0,0,0
1779748123795,335,-6755,-7777,-3808,-615,1760,running,0.00,0,0,0,0,0
1779748123799,1262,-4553,-6797,-4616,-875,2073,running,0.00,0,0,0,0,0
1779748123826,-320,-1041,-8193,-4927,-847,2500,running,0.00,0,0,0,0,0
1779748123826,-1766,1564,-10836,-4717,-845,2806,running,0.00,0,0,0,0,0
1779748123826,-269,-1194,-9528,-4717,-1163,2759,running,0.00,0,0,0,0,0
1779748123857,-2215,1414,134,-5099,-1542,2961,running,0.00,0,0,0,0,0
1779748123858,-3939,11594,-6033,-5401,-1014,2905,running,0.00,0,0,0,0,0
1779748123858,-5887,8382,-15889,-5488,-1274,2593,running,0.00,0,0,0,0,0
1779748123886,-7814,11441,-11231,-4475,-1688,2322,running,0.00,0,0,0,0,0
1779748123888,-6576,9035,-9275,-3582,-1521,1864,running,0.00,0,0,0,0,0
1779748123889,-6809,6473,-7452,-3133,-1322,1574,running,0.00,0,0,0,0,0
1779748123922,-8102,6693,-8411,-2623,-967,1461,running,0.00,0,0,0,0,0
1779748123923,-7404,5807,-8833,-2291,-834,1285,running,0.00,0,0,0,0,0
1779748123923,-5764,2228,-5979,-2441,-865,1072,running,0.00,0,0,0,0,0
1779748123946,-5199,5045,-9409,-2423,-731,1106,running,0.00,0,0,0,0,0
1779748123950,-5608,10777,-15333,-1839,-887,928,running,0.00,0,0,0,0,0
1779748123951,-6365,10694,-13746,-1302,-1421,440,running,0.00,0,0,0,0,0
1779748123977,-6801,10493,-8481,-1009,-1737,455,running,0.00,0,0,0,0,0
1779748123978,-8251,11875,-7112,-1065,-1590,772,running,0.00,0,0,0,0,0
1779748123978,-11298,14921,-10698,-1143,-1245,905,running,0.00,0,0,0,0,0
1779748124020,-14034,17784,-13467,-829,-1028,624,running,0.00,0,0,0,0,0
1779748124021,-14371,20505,-14780,119,-887,112,running,0.00,0,0,0,0,0
1779748124021,-14067,18675,-15214,1389,-773,-358,running,0.00,0,0,0,0,0
1779748124034,-13339,10957,-15097,1807,-892,-432,running,0.00,0,0,0,0,0
1779748124035,-15223,14080,-14653,1799,-1031,101,running,0.00,0,0,0,0,0
1779748124035,-15747,14321,-14764,2079,-1082,159,running,0.00,0,0,0,0,0
1779748124067,-16152,10539,-11790,2550,-1056,-30,running,0.00,0,0,0,0,0
1779748124068,-16399,5255,-12055,2724,-788,-167,running,0.00,0,0,0,0,0
1779748124069,-16121,1081,-13275,2278,-680,-25,running,0.00,0,0,0,0,0
1779748124108,-16771,-468,-12500,1778,-560,256,running,0.00,0,0,0,0,0
1779748124109,-17688,1954,-12945,1281,-348,624,running,0.00,0,0,0,0,0
1779748124109,-17856,4726,-13494,909,-166,819,running,0.00,0,0,0,0,0
1779748124124,-17399,5616,-15583,608,-77,859,running,0.00,0,0,0,0,0
1779748124125,-16598,7126,-15200,436,-150,952,running,0.00,0,0,0,0,0
1779748124125,-14818,-1091,-9556,315,-201,1008,running,0.00,0,0,0,0,0
1779748124157,-4463,-26387,-1182,-2566,268,2017,running,0.00,0,0,0,0,0
1779748124158,-8798,-239,-17346,-5749,597,3765,running,0.00,0,0,0,0,0
1779748124159,-10909,15595,-4408,-5356,-270,3972,running,0.00,0,0,0,0,0
1779748124185,-8455,17036,-2444,-5459,-141,3674,running,0.00,0,0,0,0,0
1779748124186,-7130,19522,-8476,-5036,-239,3210,running,0.00,0,0,0,0,0
1779748124186,-10887,25635,-2079,-4756,-1185,2775,running,0.00,0,0,0,0,0
1779748124216,-13676,29435,1603,-4607,-1475,2130,running,0.00,0,0,0,0,0
1779748124217,-19040,29537,3739,-3067,-1317,1613,running,0.00,0,0,0,0,0
1779748124217,-19603,24268,2402,-1722,-720,1047,running,0.00,0,0,0,0,0
1779748124246,-14941,17682,-2240,-459,-133,677,running,0.00,0,0,0,0,0
1779748124253,-11933,14079,-5718,535,24,592,running,0.00,0,0,0,0,0
1779748124254,-12214,11390,-5231,1060,-43,479,running,0.00,0,0,0,0,0
1779748124278,-11687,8675,-5581,1173,24,318,running,0.00,0,0,0,0,0
1779748124279,-10830,6459,-4443,1130,93,158,running,0.00,0,0,0,0,0
1779748124279,-8802,3920,-4346,936,309,221,running,0.00,0,0,0,0,0
1779748124319,-7227,2116,-4559,559,618,491,running,0.00,0,0,0,0,0
1779748124320,-6584,2138,-5450,100,954,912,running,0.00,0,0,0,0,0
1779748124320,-5391,6166,-6295,-279,1251,1168,running,0.00,0,0,0,0,0
1779748124335,-4304,8077,-8226,-630,1502,1039,running,0.00,0,0,0,0,0
1779748124335,3790,6852,-12607,-1686,1120,1112,running,0.00,0,0,0,0,0
1779748124336,-264,6184,-17224,-4291,2,1208,running,0.00,0,0,0,0,0
1779748124366,-3951,7741,3675,-5227,-972,714,running,0.00,0,0,0,0,0
1779748124367,-5608,5338,2934,-5427,88,407,running,0.00,0,0,0,0,0
1779748124368,-2490,4478,-2676,-7763,905,203,running,0.00,0,0,0,0,0
1779748124396,-1953,6759,1555,-8584,932,107,running,0.00,0,0,0,0,0
1779748124399,-1789,13368,503,-7337,1180,482,running,0.00,0,0,0,0,0
1779748124399,-923,13294,-7101,-6870,1357,581,running,0.00,0,0,0,0,0
1779748124426,-2809,13510,-5487,-6379,904,465,running,0.00,0,0,0,0,0
1779748124428,-3851,14837,-2517,-5625,867,458,running,0.00,0,0,0,0,0
1779748124428,-3684,13860,-2913,-4733,1131,548,running,0.00,0,0,0,0,0
1779748124492,-1977,20291,-11204,-3749,988,643,running,0.00,0,0,0,0,0
1779748124493,-926,18455,-5934,-2341,-112,37,running,0.00,0,0,0,0,0
1779748124494,-3426,13053,-1403,-1257,-475,-321,running,0.00,0,0,0,0,0
1779748124495,-3728,9391,-2597,-924,-427,-102,running,0.00,0,0,0,0,0
1779748124496,-2680,8368,-3243,-1009,-517,46,running,0.00,0,0,0,0,0
1779748124497,-3203,6268,-1641,-1057,-593,-79,running,0.00,0,0,0,0,0
1779748124516,-3926,4678,-1283,-1404,-530,131,running,0.00,0,0,0,0,0
1779748124517,-4539,3661,979,-1575,-522,472,running,0.00,0,0,0,0,0
1779748124518,389,-552,6735,-660,-798,507,running,0.00,0,0,0,0,0
1779748124546,-4155,8853,3892,-705,-1370,815,running,0.00,0,0,0,0,0
1779748124550,-10889,21574,6248,-2901,-422,1588,running,0.00,0,0,0,0,0
1779748124551,-8689,30745,7024,-3488,-167,1666,running,0.00,0,0,0,0,0
1779748124577,-8465,32281,7475,-4871,-521,1244,running,0.00,0,0,0,0,0
1779748124578,-7426,28645,5268,-4588,-608,1154,running,0.00,0,0,0,0,0
1779748124578,-5125,28026,7997,-2817,-576,999,running,0.00,0,0,0,0,0
1779748124609,-4507,24696,9789,-1718,-611,679,running,0.00,0,0,0,0,0
1779748124610,-3433,21951,9779,-1454,-691,512,running,0.00,0,0,0,0,0
1779748124611,-3534,20526,10752,-1603,-780,357,running,0.00,0,0,0,0,0
1779748124637,-4674,20024,10822,-1504,-850,173,running,0.00,0,0,0,0,0
1779748124639,-3913,19088,10283,-1332,-860,100,running,0.00,0,0,0,0,0
1779748124646,-3620,18543,11033,-1288,-875,200,running,0.00,0,0,0,0,0
1779748124667,-3118,16528,11159,-1223,-861,307,running,0.00,0,0,0,0,0
1779748124668,-2325,13328,10940,-1278,-862,371,running,0.00,0,0,0,0,0
1779748124669,-2638,10849,11581,-1541,-883,450,running,0.00,0,0,0,0,0
1779748124696,-2068,8571,11981,-1759,-880,528,running,0.00,0,0,0,0,0
1779748124700,-1424,6776,12432,-1854,-890,625,running,0.00,0,0,0,0,0
1779748124701,-1120,6017,13143,-1912,-877,759,running,0.00,0,0,0,0,0
1779748124727,134,4101,14167,-1839,-846,844,running,0.00,0,0,0,0,0
1779748124727,1420,3099,13866,-1574,-788,922,running,0.00,0,0,0,0,0
1779748124728,1686,4284,12614,-1202,-733,948,running,0.00,0,0,0,0,0
1779748124757,2698,2671,11588,-948,-736,856,running,0.00,0,0,0,0,0
1779748124757,3879,2522,10013,-929,-769,809,running,0.00,0,0,0,0,0
1779748124759,3852,4357,7476,-684,-800,797,running,0.00,0,0,0,0,0
1779748124786,3606,5087,6309,-756,-1053,813,running,0.00,0,0,0,0,0
1779748124787,-536,1832,8250,-1642,-1376,864,running,0.00,0,0,0,0,0
1779748124788,-12202,-8413,19229,-3011,-1381,927,running,0.00,0,0,0,0,0
1779748124816,-6355,-12643,22065,-4931,-663,1018,running,0.00,0,0,0,0,0
1779748124817,3889,-5539,18116,-7423,-325,1270,running,0.00,0,0,0,0,0
1779748124818,5462,9730,17930,-9946,-772,1129,running,0.00,0,0,0,0,0
1779748124846,600,25770,22829,-10031,-1346,845,running,0.00,0,0,0,0,0
1779748124849,-3815,25527,26713,-7907,-1580,1233,running,0.00,0,0,0,0,0
1779748124849,-608,17833,29513,-7526,-1563,1829,running,0.00,0,0,0,0,0
1779748124876,860,17167,28075,-5313,-953,1700,running,0.00,0,0,0,0,0
1779748124877,913,18435,23898,-3061,-665,1618,running,0.00,0,0,0,0,0
1779748124877,1603,15190,22295,-1502,-590,1346,running,0.00,0,0,0,0,0
1779748124925,2711,12984,18743,23,-494,1134,running,0.00,0,0,0,0,0
1779748124926,3314,9193,16134,773,-426,791,running,0.00,0,0,0,0,0
1779748124927,2957,3729,15504,1011,-436,429,running,0.00,0,0,0,0,0
1779748124937,3268,2399,13979,1114,-342,250,running,0.00,0,0,0,0,0
1779748124938,1031,2374,14229,932,-138,123,running,0.00,0,0,0,0,0
1779748124938,2127,4486,13295,1174,51,143,running,0.00,0,0,0,0,0
1779748124967,1262,2749,13424,1644,152,61,running,0.00,0,0,0,0,0
1779748124968,4841,4974,11483,1835,287,-87,running,0.00,0,0,0,0,0
1779748124969,4206,3621,14428,2407,4,-454,running,0.00,0,0,0,0,0
1779748124999,-1322,-6030,6853,2454,284,-526,running,0.00,0,0,0,0,0
1779748125000,1102,-9,10593,120,520,-165,running,0.00,0,0,0,0,0
1779748125000,7280,7353,16003,-94,582,-147,running,0.00,0,0,0,0,0
1779748125028,3177,432,7482,1072,382,-328,running,0.00,0,0,0,0,0
1779748125029,4111,2907,10183,24,224,-171,running,0.00,0,0,0,0,0
1779748125036,3195,5937,13701,-104,108,-165,running,0.00,0,0,0,0,0
1779748125056,1117,5642,13057,57,214,-159,running,0.00,0,0,0,0,0
1779748125059,2248,6095,11969,-327,303,-49,running,0.00,0,0,0,0,0
1779748125060,2501,9164,16657,-736,227,4,running,0.00,0,0,0,0,0
1779748125088,2649,9383,16831,-257,311,-25,running,0.00,0,0,0,0,0
1779748125093,4350,10135,17079,83,398,-68,running,0.00,0,0,0,0,0
1779748125094,3561,8001,17622,867,378,-226,running,0.00,0,0,0,0,0
1779748125118,3519,6860,16408,1135,355,-208,running,0.00,0,0,0,0,0
1779748125119,4808,7522,17302,1175,354,-406,running,0.00,0,0,0,0,0
1779748125119,1507,3712,16775,1234,312,-553,running,0.00,0,0,0,0,0
1779748125147,335,4800,17625,948,414,-415,running,0.00,0,0,0,0,0
1779748125151,-54,5157,16883,802,645,-376,running,0.00,0,0,0,0,0
1779748125151,-45,5889,15129,835,753,-312,running,0.00,0,0,0,0,0
1779748125177,-659,5070,15672,573,789,-313,running,0.00,0,0,0,0,0
1779748125178,-1859,5770,18743,790,800,-98,running,0.00,0,0,0,0,0
1779748125179,433,6556,18261,1255,924,88,running,0.00,0,0,0,0,0
1779748125209,237,5755,19821,1899,848,132,running,0.00,0,0,0,0,0
1779748125211,602,4492,18974,2159,936,117,running,0.00,0,0,0,0,0
1779748125212,3261,5119,21909,2095,929,79,running,0.00,0,0,0,0,0
1779748125238,3459,7817,25596,2864,591,-74,running,0.00,0,0,0,0,0
1779748125239,3111,6744,21257,3662,782,-234,running,0.00,0,0,0,0,0
1779748125240,2704,10513,21331,3863,867,-443,running,0.00,0,0,0,0,0
1779748125267,554,8955,15147,3701,825,-642,running,0.00,0,0,0,0,0
1779748125267,1836,10237,21953,2883,436,-646,running,0.00,0,0,0,0,0
1779748125268,-58,217,19967,3180,307,-750,running,0.00,0,0,0,0,0
1779748125301,-468,-3806,19277,2183,182,-539,running,0.00,0,0,0,0,0
1779748125302,759,-7500,12949,601,120,-467,running,0.00,0,0,0,0,0
1779748125303,-2314,-8493,15172,-1250,-362,-152,running,0.00,0,0,0,0,0
1779748125328,5739,22416,15008,-2041,-220,286,running,0.00,0,0,0,0,0
1779748125329,-145,-1254,9491,-2122,-110,-622,running,0.00,0,0,0,0,0
1779748125330,-9070,-11278,20664,-2662,-467,33,running,0.00,0,0,0,0,0
1779748125358,-2879,15146,23060,-2323,21,1239,running,0.00,0,0,0,0,0
1779748125358,805,13108,17952,-1043,502,1078,running,0.00,0,0,0,0,0
1779748125359,243,9809,15927,-684,541,868,running,0.00,0,0,0,0,0
1779748125386,-109,15626,16326,-235,416,930,running,0.00,0,0,0,0,0
1779748125386,-1149,14809,15813,524,387,845,running,0.00,0,0,0,0,0
1779748125387,-2115,9440,15958,949,453,746,running,0.00,0,0,0,0,0
1779748125419,-3067,6469,15213,1139,605,720,running,0.00,0,0,0,0,0
1779748125420,-2319,3612,11542,920,762,753,running,0.00,0,0,0,0,0
1779748125424,-1661,3907,11091,232,831,654,running,0.00,0,0,0,0,0
1779748125448,-1617,3200,11904,-86,916,528,running,0.00,0,0,0,0,0
1779748125449,-1542,4133,12484,-223,937,438,running,0.00,0,0,0,0,0
1779748125450,-949,5418,12083,-219,910,330,running,0.00,0,0,0,0,0
1779748125477,-656,7028,11758,-124,797,197,running,0.00,0,0,0,0,0
1779748125478,-1681,7895,11695,-77,753,0,running,0.00,0,0,0,0,0
1779748125479,-1699,7074,11255,-20,777,-107,running,0.00,0,0,0,0,0
1779748125508,852,7901,10041,164,498,-77,running,0.00,0,0,0,0,0
1779748125508,-2811,8003,11050,802,183,-89,running,0.00,0,0,0,0,0
1779748125509,-2701,8115,8549,1131,596,84,running,0.00,0,0,0,0,0
1779748125539,-2297,8559,10874,1007,878,258,running,0.00,0,0,0,0,0
1779748125540,-3319,10326,12954,1229,1156,432,running,0.00,0,0,0,0,0
1779748125541,-2958,10704,15911,1681,1620,687,running,0.00,0,0,0,0,0
1779748125568,10475,5329,17357,2551,1569,1101,running,0.00,0,0,0,0,0
1779748125568,5727,15809,-7609,1215,-1302,691,running,0.00,0,0,0,0,0
1779748125569,2931,29000,20024,6138,-2645,-227,running,0.00,0,0,0,0,0
1779748125600,-3626,19751,12239,12669,-892,-1060,running,0.00,0,0,0,0,0
1779748125601,-16,30430,7150,15584,-757,-529,running,0.00,0,0,0,0,0
1779748125602,-4091,32227,24673,18653,-1593,-651,running,0.00,0,0,0,0,0
1779748125628,366,31154,3800,20057,-900,-707,running,0.00,0,0,0,0,0
1779748125628,7561,8824,-1210,20362,-1651,-532,running,0.00,0,0,0,0,0
1779748125629,-3166,10318,19202,21547,-3088,-976,running,0.00,0,0,0,0,0
1779748125659,-4551,-17893,8463,16225,-1616,-2318,running,0.00,0,0,0,0,0
1779748125660,-3258,-17200,22626,6750,-1006,-1034,running,0.00,0,0,0,0,0
1779748125661,-6034,13418,11149,1265,-454,-144,running,0.00,0,0,0,0,0
1779748125688,-4531,12274,8717,-988,63,-154,running,0.00,0,0,0,0,0
1779748125691,-4087,18627,29,-2048,433,-1,running,0.00,0,0,0,0,0
1779748125692,-3950,23041,-7322,-2318,595,104,running,0.00,0,0,0,0,0
1779748125716,-3975,23049,-11723,-1923,611,167,running,0.00,0,0,0,0,0
1779748125717,-2791,18881,-12476,-1402,526,160,running,0.00,0,0,0,0,0
1779748125718,-1750,14859,-12338,-960,369,148,running,0.00,0,0,0,0,0
1779748125749,-1597,13312,-13159,-607,235,141,running,0.00,0,0,0,0,0
1779748125750,-1574,10751,-13901,-372,120,88,running,0.00,0,0,0,0,0
1779748125750,-1842,9935,-12785,-238,-2,74,running,0.00,0,0,0,0,0
1779748125777,-1514,11534,-11032,-135,-81,92,running,0.00,0,0,0,0,0
1779748125780,-1461,12260,-9732,-40,-151,81,running,0.00,0,0,0,0,0
1779748125781,-1579,12485,-8452,-28,-209,51,running,0.00,0,0,0,0,0
1779748125807,-1624,14019,-7663,-10,-239,12,running,0.00,0,0,0,0,0
1779748125808,-1637,14797,-7116,45,-233,-35,running,0.00,0,0,0,0,0
1779748125809,-1800,15303,-6844,108,-218,-59,running,0.00,0,0,0,0,0
1779748125850,-2318,15169,-6847,184,-201,-67,running,0.00,0,0,0,0,0
1779748125851,-2839,15909,-6438,231,-174,-78,running,0.00,0,0,0,0,0
1779748125851,-2939,15838,-6191,277,-84,-90,running,0.00,0,0,0,0,0
1779748125867,-3226,15081,-6242,321,-12,-93,running,0.00,0,0,0,0,0
1779748125868,-2969,14552,-6791,372,54,-90,running,0.00,0,0,0,0,0
1779748125869,-2403,13170,-7025,419,100,-113,running,0.00,0,0,0,0,0
1779748125905,-1706,13941,-7622,457,129,-141,running,0.00,0,0,0,0,0
1779748125906,-1607,15083,-8374,660,134,-202,running,0.00,0,0,0,0,0
1779748125907,-909,13834,-8515,996,120,-278,running,0.00,0,0,0,0,0
1779748125927,-1669,12033,-8238,1172,57,-303,running,0.00,0,0,0,0,0
1779748125928,-1417,12089,-7957,1031,77,-265,running,0.00,0,0,0,0,0
1779748125928,-1263,11323,-8019,968,52,-235,running,0.00,0,0,0,0,0
1779748125957,-1523,11341,-8734,758,6,-200,running,0.00,0,0,0,0,0
1779748125960,-1266,12897,-10211,639,-9,-152,running,0.00,0,0,0,0,0
1779748125961,-1767,14628,-11765,835,-77,-139,running,0.00,0,0,0,0,0
1779748125987,-2148,14608,-11760,1209,-147,-125,running,0.00,0,0,0,0,0
1779748125988,-2235,13822,-11375,1612,-224,-108,running,0.00,0,0,0,0,0
1779748125990,-2547,12937,-11082,1924,-280,-67,running,0.00,0,0,0,0,0
1779748126017,-2246,12016,-8214,2078,-336,-5,running,0.00,0,0,0,0,0
1779748126018,-1881,10098,-10709,2231,-181,-6,running,0.00,0,0,0,0,0
1779748126019,-1653,12193,-13124,2035,-163,-11,running,0.00,0,0,0,0,0
1779748126049,-3173,12516,-12551,2026,-218,-47,running,0.00,0,0,0,0,0
1779748126050,-3641,13062,-14114,2371,-174,-88,running,0.00,0,0,0,0,0
1779748126050,-4009,11438,-13790,2678,-120,-158,running,0.00,0,0,0,0,0
1779748126079,-3768,11880,-14733,2556,-69,-195,running,0.00,0,0,0,0,0
1779748126083,-4004,12707,-13920,2197,-80,-208,running,0.00,0,0,0,0,0
1779748126084,-2530,13074,-13317,1965,-95,-258,running,0.00,0,0,0,0,0
1779748126107,-2205,14257,-15102,1925,-128,-371,running,0.00,0,0,0,0,0
1779748126108,-2952,14388,-15641,2081,-125,-425,running,0.00,0,0,0,0,0
1779748126109,-3411,14275,-16010,2332,-95,-446,running,0.00,0,0,0,0,0
1779748126136,-3494,11902,-15261,2442,-81,-425,running,0.00,0,0,0,0,0
1779748126137,-3649,11544,-16031,2346,-47,-325,running,0.00,0,0,0,0,0
1779748126138,-4094,11300,-16047,2203,-17,-223,running,0.00,0,0,0,0,0
1779748126167,-3991,10379,-14675,2026,25,-120,running,0.00,0,0,0,0,0
1779748126167,-3955,9092,-13865,1851,48,-37,running,0.00,0,0,0,0,0
1779748126168,-3441,7680,-13012,1571,-57,75,running,0.00,0,0,0,0,0
1779748126200,-3135,5864,-7350,1083,-166,159,running,0.00,0,0,0,0,0
1779748126201,-2859,5957,-6467,433,-97,138,running,0.00,0,0,0,0,0
1779748126202,-2521,8941,-4653,-211,33,22,running,0.00,0,0,0,0,0
1779748126229,-2498,7782,-5599,1343,6,-903,running,0.00,0,0,0,0,0
1779748126229,1485,-2034,-12885,3256,-159,-1901,running,0.00,0,0,0,0,0
1779748126231,-229,-10037,-3898,886,-327,-1000,running,0.00,0,0,0,0,0
1779748126257,-4127,5391,-14584,-42,-50,-733,running,0.00,0,0,0,0,0
1779748126257,-3029,9594,-15438,-424,49,-883,running,0.00,0,0,0,0,0
1779748126258,-2361,3414,-10379,-696,106,-1021,running,0.00,0,0,0,0,0
1779748126288,-2529,-2917,-11216,-698,154,-1112,running,0.00,0,0,0,0,0
1779748126295,-2270,-2296,-19161,-1120,184,-878,running,0.00,0,0,0,0,0
1779748126296,-2362,3588,-12266,-1359,-569,-456,running,0.00,0,0,0,0,0
1779748126316,-3011,2311,-12068,-1792,-219,-415,running,0.00,0,0,0,0,0
1779748126318,-2732,5975,-13119,-2129,73,-130,running,0.00,0,0,0,0,0
1779748126319,-305,4713,-15725,-2303,284,-16,running,0.00,0,0,0,0,0
1779748126348,-1538,6050,-17120,-2258,21,98,running,0.00,0,0,0,0,0
1779748126349,-3604,9808,-12164,-2207,-178,231,running,0.00,0,0,0,0,0
1779748126350,-2453,9496,-15340,-2147,73,333,running,0.00,0,0,0,0,0
1779748126378,-2895,8795,-14739,-2023,3,464,running,0.00,0,0,0,0,0
1779748126379,-3316,9110,-14166,-1909,-45,571,running,0.00,0,0,0,0,0
1779748126380,-3383,9251,-14346,-1779,-44,626,running,0.00,0,0,0,0,0
1779748126409,-3603,11507,-14349,-1552,-91,643,running,0.00,0,0,0,0,0
1779748126410,-4127,14510,-13907,-1330,-158,567,running,0.00,0,0,0,0,0
1779748126410,-3594,15654,-14167,-1068,-127,456,running,0.00,0,0,0,0,0
1779748126435,-3661,15683,-13896,-665,-49,351,running,0.00,0,0,0,0,0
1779748126436,-2905,15986,-15672,-268,49,324,running,0.00,0,0,0,0,0
1779748126436,-4583,17698,-15821,30,36,443,running,0.00,0,0,0,0,0
1779748126467,-3576,16074,-16178,236,105,367,running,0.00,0,0,0,0,0
1779748126468,-3287,14177,-16066,421,111,385,running,0.00,0,0,0,0,0
1779748126469,-3344,10938,-14762,601,94,337,running,0.00,0,0,0,0,0
1779748126498,-2962,9049,-12902,605,93,371,running,0.00,0,0,0,0,0
1779748126499,-3197,9167,-11435,387,139,396,running,0.00,0,0,0,0,0
1779748126503,-3716,11816,-11083,125,244,408,running,0.00,0,0,0,0,0
1779748126527,-3287,11262,-9784,232,326,332,running,0.00,0,0,0,0,0
1779748126528,-1603,9998,-11845,191,371,333,running,0.00,0,0,0,0,0
1779748126529,-2656,10245,-11185,-31,115,373,running,0.00,0,0,0,0,0
1779748126562,-4971,10453,-10955,-187,88,474,running,0.00,0,0,0,0,0
1779748126563,-5483,10569,-12713,-9,226,524,running,0.00,0,0,0,0,0
1779748126563,-5049,10391,-13310,238,219,408,running,0.00,0,0,0,0,0
1779748126588,-5759,9952,-11474,262,167,306,running,0.00,0,0,0,0,0
1779748126590,-4669,9099,-11806,153,211,218,running,0.00,0,0,0,0,0
1779748126591,-4121,8698,-11839,132,191,148,running,0.00,0,0,0,0,0
1779748126616,-2388,8335,-12940,157,173,88,running,0.00,0,0,0,0,0
1779748126617,-2790,7922,-10720,70,43,40,running,0.00,0,0,0,0,0
1779748126617,-2050,7910,-12682,115,169,74,running,0.00,0,0,0,0,0
1779748126651,-2291,9367,-13060,197,106,67,running,0.00,0,0,0,0,0
1779748126652,-2824,9759,-13516,294,97,-55,running,0.00,0,0,0,0,0
1779748126653,-1998,9307,-13977,406,117,-155,running,0.00,0,0,0,0,0
1779748126677,-1652,8823,-13347,452,76,-186,running,0.00,0,0,0,0,0
1779748126678,-1721,8845,-13152,454,81,-157,running,0.00,0,0,0,0,0
1779748126679,-1753,9213,-13797,445,79,-127,running,0.00,0,0,0,0,0
1779748126706,-1907,9045,-13309,410,-4,-172,running,0.00,0,0,0,0,0
1779748126707,-2487,9498,-11711,380,-71,-223,running,0.00,0,0,0,0,0
1779748126708,-2810,9497,-12469,317,-16,-221,running,0.00,0,0,0,0,0
1779748126737,-2710,9641,-13212,220,2,-173,running,0.00,0,0,0,0,0
1779748126741,-1197,8516,-15136,101,-103,-226,running,0.00,0,0,0,0,0
1779748126742,-1099,6160,-12061,-314,-558,-276,running,0.00,0,0,0,0,0
1779748126769,-4936,6917,-6747,-711,-640,-105,running,0.00,0,0,0,0,0
1779748126770,-5056,10386,-11337,-586,-22,40,running,0.00,0,0,0,0,0
1779748126771,-3643,10460,-12422,-534,4,-157,running,0.00,0,0,0,0,0
1779748126800,-2801,9110,-11149,-516,-67,-291,running,0.00,0,0,0,0,0
1779748126801,-1126,7741,-11658,-506,-51,-293,running,0.00,0,0,0,0,0
1779748126802,-849,7055,-10351,-731,-169,-197,running,0.00,0,0,0,0,0
1779748126827,748,7782,-13243,-770,-87,16,running,0.00,0,0,0,0,0
1779748126828,7157,3956,-10120,-1276,-447,479,running,0.00,0,0,0,0,0
1779748126828,8427,-12936,15861,-5282,-1710,1578,running,0.00,0,0,0,0,0
1779748126858,-4079,-5546,-556,-12075,-2457,2548,running,0.00,0,0,0,0,0
1779748126859,-13460,22678,-9435,-13318,-2607,1373,running,0.00,0,0,0,0,0
1779748126859,-9971,32156,-15250,-7234,-222,-93,running,0.00,0,0,0,0,0
1779748126897,-3898,24731,-17395,-2112,979,-479,running,0.00,0,0,0,0,0
1779748126898,-3085,23506,-12802,-1978,-126,-743,running,0.00,0,0,0,0,0
1779748126899,1313,13019,-10365,-428,-177,-916,running,0.00,0,0,0,0,0
1779748126916,1438,18411,-9438,631,-250,69,running,0.00,0,0,0,0,0
1779748126918,-2751,15449,-6040,617,-523,-248,running,0.00,0,0,0,0,0
1779748126919,-4023,15156,-8483,1389,-181,-330,running,0.00,0,0,0,0,0
1779748126949,-2637,14756,-11041,1938,-158,-384,running,0.00,0,0,0,0,0
1779748126950,-3473,13456,-2982,1493,-624,-510,running,0.00,0,0,0,0,0
1779748126951,-5529,5503,6691,-388,-728,-597,running,0.00,0,0,0,0,0
1779748126977,-3808,7052,-4322,-1304,234,-317,running,0.00,0,0,0,0,0
1779748126978,-1257,11411,-8919,-1941,116,34,running,0.00,0,0,0,0,0
1779748126978,-4811,8654,-5260,-2398,-497,122,running,0.00,0,0,0,0,0
1779748127009,-6994,11977,323,-2867,-370,133,running,0.00,0,0,0,0,0
1779748127010,-2935,26172,-13074,-3428,-30,201,running,0.00,0,0,0,0,0
1779748127010,-3799,26704,-13972,-2201,-590,-32,running,0.00,0,0,0,0,0
1779748127038,-7203,16207,-1649,-140,-723,-72,running,0.00,0,0,0,0,0
1779748127042,-7879,19440,-4655,466,-151,-60,running,0.00,0,0,0,0,0
1779748127043,-1076,13762,-6506,674,-28,-298,running,0.00,0,0,0,0,0
1779748127066,-437,15121,-3738,495,-287,22,running,0.00,0,0,0,0,0
1779748127081,-4649,15703,-4210,-45,-328,87,running,0.00,0,0,0,0,0
1779748127082,-4538,12246,-4758,281,-167,196,running,0.00,0,0,0,0,0
1779748127103,-6442,15603,-2700,20,-205,382,running,0.00,0,0,0,0,0
1779748127104,-4427,13129,-3474,-422,-152,94,running,0.00,0,0,0,0,0
1779748127105,-2323,9993,-5340,-625,-90,111,running,0.00,0,0,0,0,0
1779748127128,-2659,6797,-3251,-1007,-188,187,running,0.00,0,0,0,0,0
1779748127129,-3516,13631,-2983,-2179,-183,245,running,0.00,0,0,0,0,0
1779748127130,-3729,17156,-7861,-2467,2,303,running,0.00,0,0,0,0,0
1779748127157,-6028,17793,-3455,-1942,25,405,running,0.00,0,0,0,0,0
1779748127158,-7277,15690,-754,-2027,332,524,running,0.00,0,0,0,0,0
1779748127159,-5682,15859,-4407,-2880,631,533,running,0.00,0,0,0,0,0
1779748127186,-3787,13272,-4857,-3316,464,623,running,0.00,0,0,0,0,0
1779748127187,-3212,13894,-2381,-3534,258,884,running,0.00,0,0,0,0,0
1779748127188,-1773,16094,-2691,-3694,243,1151,running,0.00,0,0,0,0,0
1779748127220,-114,26175,-7237,-3108,97,1221,running,0.00,0,0,0,0,0
1779748127221,-496,-4631,-1080,-2738,-556,821,running,0.00,0,0,0,0,0
1779748127222,-4474,5841,17676,-5793,-346,1804,running,0.00,0,0,0,0,0
1779748127247,-1811,18364,-256,-4531,892,2378,running,0.00,0,0,0,0,0
1779748127250,2808,13105,-4465,-4313,564,2064,running,0.00,0,0,0,0,0
1779748127251,12,16153,2497,-4448,-54,1612,running,0.00,0,0,0,0,0
1779748127278,-745,17079,1230,-4456,-87,1041,running,0.00,0,0,0,0,0
1779748127285,967,14956,624,-4534,-94,614,running,0.00,0,0,0,0,0
1779748127286,2581,12642,7212,-6378,-131,572,running,0.00,0,0,0,0,0
1779748127309,-589,13032,14999,-9011,-160,568,running,0.00,0,0,0,0,0
1779748127309,140,21448,18409,-8985,-136,-180,running,0.00,0,0,0,0,0
1779748127311,-2134,27429,9202,-5909,-285,-1659,running,0.00,0,0,0,0,0
1779748127343,-1669,15673,-1778,-5862,-1026,-2922,running,0.00,0,0,0,0,0
1779748127344,-8048,8503,9367,-7084,-1684,-2634,running,0.00,0,0,0,0,0
1779748127345,-4181,2773,9927,-7519,-1411,-1193,running,0.00,0,0,0,0,0
1779748127367,-218,3600,12387,-7319,-1556,-88,running,0.00,0,0,0,0,0
1779748127368,2331,10116,17212,-6502,-1893,77,running,0.00,0,0,0,0,0
1779748127368,-985,8778,15558,-4588,-2629,-272,running,0.00,0,0,0,0,0
1779748127404,350,5588,16164,-3418,-2548,49,running,0.00,0,0,0,0,0
1779748127405,1546,9329,17230,-1680,-1244,237,running,0.00,0,0,0,0,0
1779748127406,1729,6207,15083,-175,-443,104,running,0.00,0,0,0,0,0
1779748127435,1044,3812,16389,560,-77,354,running,0.00,0,0,0,0,0
1779748127435,2376,4955,17308,1104,32,470,running,0.00,0,0,0,0,0
1779748127435,3637,6292,16497,1387,-49,116,running,0.00,0,0,0,0,0
1779748127457,3527,5341,11629,1334,-85,-246,running,0.00,0,0,0,0,0
1779748127458,83,803,11473,657,-159,-309,running,0.00,0,0,0,0,0
1779748127460,-3278,2704,12963,188,-184,9,running,0.00,0,0,0,0,0
1779748127484,-1213,9809,14637,106,-147,464,running,0.00,0,0,0,0,0
1779748127484,-1444,15070,14309,285,-56,625,running,0.00,0,0,0,0,0
1779748127485,-3373,14203,12500,295,-3,660,running,0.00,0,0,0,0,0
1779748127514,-4289,12860,13619,320,-99,974,running,0.00,0,0,0,0,0
1779748127515,-1184,15716,13853,342,-38,1251,running,0.00,0,0,0,0,0
1779748127515,-596,13292,14328,72,48,1059,running,0.00,0,0,0,0,0
1779748127545,-269,12514,15119,174,143,1076,running,0.00,0,0,0,0,0
1779748127549,-839,10479,14139,460,287,1043,running,0.00,0,0,0,0,0
1779748127550,-1374,10308,14276,1035,440,1295,running,0.00,0,0,0,0,0
1779748127574,1486,11006,11465,1630,526,1418,running,0.00,0,0,0,0,0
1779748127575,2652,10085,10817,1313,422,1043,running,0.00,0,0,0,0,0
1779748127575,529,6918,12182,741,391,716,running,0.00,0,0,0,0,0
1779748127607,1414,-4396,12705,-333,67,584,running,0.00,0,0,0,0,0
1779748127607,540,-9170,8536,-1656,5,716,running,0.00,0,0,0,0,0
1779748127608,121,23076,11384,-2454,-397,1112,running,0.00,0,0,0,0,0
1779748127637,3863,8129,13168,-1931,-613,763,running,0.00,0,0,0,0,0
1779748127641,216,7823,9624,-1634,-790,895,running,0.00,0,0,0,0,0
1779748127642,-1568,20643,20411,-1340,-457,1104,running,0.00,0,0,0,0,0
1779748127667,1720,10141,14635,-467,287,449,running,0.00,0,0,0,0,0
1779748127669,2136,2904,8169,-106,328,342,running,0.00,0,0,0,0,0
1779748127669,2648,791,11409,-701,-19,538,running,0.00,0,0,0,0,0
1779748127710,-450,5248,11711,-1235,-352,744,running,0.00,0,0,0,0,0
1779748127711,383,10406,14803,-1231,-381,981,running,0.00,0,0,0,0,0
1779748127711,2405,9046,16235,-983,-156,934,running,0.00,0,0,0,0,0
1779748127724,-187,6332,21523,-1035,377,764,running,0.00,0,0,0,0,0
1779748127725,1089,7432,17570,-1040,2201,685,running,0.00,0,0,0,0,0
1779748127755,2316,8268,14924,-989,3222,711,running,0.00,0,0,0,0,0
1779748127758,1949,8915,17084,-1004,3316,659,running,0.00,0,0,0,0,0
1779748127759,1930,9665,17099,-815,2613,589,running,0.00,0,0,0,0,0
1779748127759,136,8664,17309,-524,889,603,running,0.00,0,0,0,0,0
1779748127785,476,9133,15755,-228,341,756,running,0.00,0,0,0,0,0
1779748127786,1121,8590,15038,11,254,815,running,0.00,0,0,0,0,0
1779748127786,1252,5888,14246,215,73,828,running,0.00,0,0,0,0,0
1779748127819,766,4621,13571,94,14,813,running,0.00,0,0,0,0,0
1779748127820,892,4654,12998,-160,66,761,running,0.00,0,0,0,0,0
1779748127821,1438,4815,12128,-371,156,717,running,0.00,0,0,0,0,0
1779748127848,1409,5624,12131,-627,252,613,running,0.00,0,0,0,0,0
1779748127848,585,6077,13019,-707,358,482,running,0.00,0,0,0,0,0
1779748127849,-142,7404,14698,-561,313,415,running,0.00,0,0,0,0,0
1779748127878,92,6877,15237,-243,378,373,running,0.00,0,0,0,0,0
1779748127886,831,5979,14709,0,473,372,running,0.00,0,0,0,0,0
1779748127887,369,5382,15208,-9,517,272,running,0.00,0,0,0,0,0
1779748127907,281,6113,16791,-37,438,209,running,0.00,0,0,0,0,0
1779748127908,-157,6432,17097,-67,280,123,running,0.00,0,0,0,0,0
1779748127909,-892,7800,17532,-89,281,69,running,0.00,0,0,0,0,0
1779748127936,-195,8466,17173,87,296,37,running,0.00,0,0,0,0,0
1779748127937,-22,7566,17308,201,332,-46,running,0.00,0,0,0,0,0
1779748127938,411,7147,17442,282,403,-63,running,0.00,0,0,0,0,0
1779748127966,872,6577,16660,374,442,-37,running,0.00,0,0,0,0,0
1779748127967,453,6208,16004,388,415,-24,running,0.00,0,0,0,0,0
1779748127968,-485,6407,15752,364,452,-22,running,0.00,0,0,0,0,0
1779748127999,-557,7384,16207,324,527,-20,running,0.00,0,0,0,0,0
1779748128000,-582,7117,14953,429,589,-27,running,0.00,0,0,0,0,0
1779748128003,-528,8143,14798,517,578,-33,running,0.00,0,0,0,0,0
1779748128029,-592,8904,15070,716,594,-58,running,0.00,0,0,0,0,0
1779748128030,-858,7050,15008,903,654,-59,running,0.00,0,0,0,0,0
1779748128033,-898,6270,15913,928,711,70,running,0.00,0,0,0,0,0
1779748128058,-505,6438,16008,896,794,119,running,0.00,0,0,0,0,0
1779748128060,-181,7679,12423,736,778,138,running,0.00,0,0,0,0,0
1779748128061,-2705,5200,14663,621,512,111,running,0.00,0,0,0,0,0
1779748128089,1023,13496,14298,714,618,203,running,0.00,0,0,0,0,0
1779748128090,151,10183,13256,1611,656,-62,running,0.00,0,0,0,0,0
1779748128091,-1008,7352,12258,1945,512,-139,running,0.00,0,0,0,0,0
1779748128120,-2141,10160,14321,2073,314,-160,running,0.00,0,0,0,0,0
1779748128121,-1080,8778,15142,2399,259,-277,running,0.00,0,0,0,0,0
1779748128126,670,7684,13895,2635,158,-415,running,0.00,0,0,0,0,0
1779748128148,-1955,5415,15630,2549,203,-463,running,0.00,0,0,0,0,0
1779748128149,-409,7819,13144,2283,351,-384,running,0.00,0,0,0,0,0
1779748128149,-267,18339,12131,2221,208,-547,running,0.00,0,0,0,0,0
1779748128177,-494,18660,12855,2905,5,-1864,running,0.00,0,0,0,0,0
1779748128178,652,374,15745,3884,-89,-2538,running,0.00,0,0,0,0,0
1779748128179,-2607,12827,14849,4215,32,-1359,running,0.00,0,0,0,0,0
1779748128211,-3716,16301,17646,4946,271,-1062,running,0.00,0,0,0,0,0
1779748128211,475,15658,14429,6023,675,-1190,running,0.00,0,0,0,0,0
1779748128212,-8572,-4867,10573,7915,1090,-1408,running,0.00,0,0,0,0,0
1779748128234,-1834,13487,-1951,4663,1518,-537,running,0.00,0,0,0,0,0
1779748128235,-3645,14561,10433,3390,426,-511,running,0.00,0,0,0,0,0
1779748128235,-4085,13905,9752,3331,515,-499,running,0.00,0,0,0,0,0
1779748128265,-2407,14527,7838,3125,576,-451,running,0.00,0,0,0,0,0
1779748128266,-2518,15216,7234,2907,470,-533,running,0.00,0,0,0,0,0
1779748128266,-2507,17906,10537,3040,433,-609,running,0.00,0,0,0,0,0
1779748128295,-3701,15332,11043,3974,741,-762,running,0.00,0,0,0,0,0
1779748128302,-5225,8715,3712,4224,1033,-785,running,0.00,0,0,0,0,0
1779748128302,-4043,8009,-5252,2799,983,-358,running,0.00,0,0,0,0,0
1779748128327,-4273,13161,-607,1440,150,47,running,0.00,0,0,0,0,0
1779748128328,-5378,14609,4602,961,-227,115,running,0.00,0,0,0,0,0
1779748128329,-4359,12876,2318,700,1,96,running,0.00,0,0,0,0,0
1779748128355,-4003,14492,2612,262,32,76,running,0.00,0,0,0,0,0
1779748128356,-3852,15721,3222,111,41,34,running,0.00,0,0,0,0,0
1779748128356,-3602,15307,2980,125,28,14,running,0.00,0,0,0,0,0
1779748128385,-3582,14994,2858,83,-8,4,running,0.00,0,0,0,0,0
1779748128387,-4138,15234,2937,33,-44,3,running,0.00,0,0,0,0,0
1779748128389,-4518,15787,2502,36,-44,9,running,0.00,0,0,0,0,0
1779748128414,-4778,15707,1740,81,-14,17,running,0.00,0,0,0,0,0
1779748128414,-4996,16004,1692,106,17,34,running,0.00,0,0,0,0,0
1779748128415,-5118,17084,2318,160,60,61,running,0.00,0,0,0,0,0
1779748128444,-5231,18109,2481,306,89,98,running,0.00,0,0,0,0,0
1779748128448,-5230,18581,1968,502,76,142,running,0.00,0,0,0,0,0
1779748128448,-5347,18144,1567,673,36,195,running,0.00,0,0,0,0,0
1779748128477,-5341,17034,1562,731,-5,281,running,0.00,0,0,0,0,0
1779748128477,-5036,15928,1348,609,-45,388,running,0.00,0,0,0,0,0
1779748128478,-4652,14698,1187,330,-126,436,running,0.00,0,0,0,0,0
1779748128506,-4556,14436,1006,-28,-196,459,running,0.00,0,0,0,0,0
1779748128506,-4658,15722,2047,-274,-209,476,running,0.00,0,0,0,0,0
1779748128506,-4148,16979,2047,-195,-143,500,running,0.00,0,0,0,0,0
1779748128534,-3555,17142,1212,232,-117,540,running,0.00,0,0,0,0,0
1779748128535,-1060,15971,806,764,-101,641,running,0.00,0,0,0,0,0
1779748128535,630,19335,-323,725,-244,690,running,0.00,0,0,0,0,0
1779748128564,-3282,17530,-440,1007,-453,572,running,0.00,0,0,0,0,0
1779748128565,-3692,10984,933,1416,-389,463,running,0.00,0,0,0,0,0
1779748128565,-5737,18286,-221,878,-314,475,running,0.00,0,0,0,0,0
1779748128595,-1044,19857,-4575,1638,77,210,running,0.00,0,0,0,0,0
1779748128603,3685,2770,3817,2534,-3,-99,running,0.00,0,0,0,0,0
1779748128604,298,19212,-474,394,-259,452,running,0.00,0,0,0,0,0
1779748128624,-3914,22788,-367,427,-304,336,running,0.00,0,0,0,0,0
1779748128625,-3448,16918,-1852,1722,-89,-101,running,0.00,0,0,0,0,0
1779748128625,-1620,10344,4337,1918,-198,-236,running,0.00,0,0,0,0,0
1779748128656,-2311,12375,2227,1007,-186,-173,running,0.00,0,0,0,0,0
1779748128656,-1534,13887,624,996,-65,22,running,0.00,0,0,0,0,0
1779748128657,-1896,13403,-450,839,-201,-10,running,0.00,0,0,0,0,0
1779748128686,-3604,12991,48,361,-374,7,running,0.00,0,0,0,0,0
1779748128687,-4790,21666,-2486,1,-386,-76,running,0.00,0,0,0,0,0
1779748128687,-5358,23352,-533,966,-486,-298,running,0.00,0,0,0,0,0
1779748128715,-5212,15104,9879,2018,-631,-605,running,0.00,0,0,0,0,0
1779748128717,-4895,24402,-3965,2292,226,-361,running,0.00,0,0,0,0,0
1779748128717,-1126,22903,-5483,3161,530,-239,running,0.00,0,0,0,0,0
1779748128744,-2186,31115,-9574,4525,145,-387,running,0.00,0,0,0,0,0
1779748128744,-4113,21138,-6089,7464,-604,-1111,running,0.00,0,0,0,0,0
1779748128744,-8280,6209,-2690,7652,-754,-1245,running,0.00,0,0,0,0,0
1779748128774,-113,9311,-3346,5540,-390,-1477,running,0.00,0,0,0,0,0
1779748128775,934,7284,-6880,5652,44,-1251,running,0.00,0,0,0,0,0
1779748128775,-8477,7696,-2763,5830,-18,-524,running,0.00,0,0,0,0,0
1779748128806,-10947,5820,300,5375,396,-263,running,0.00,0,0,0,0,0
1779748128807,-5302,8169,7393,2847,756,-502,running,0.00,0,0,0,0,0
1779748128807,439,11624,189,-33,1375,-1200,running,0.00,0,0,0,0,0
1779748128836,2006,10239,-19924,133,2369,-1333,running,0.00,0,0,0,0,0
1779748128837,-1862,9253,-20667,1809,1645,-760,running,0.00,0,0,0,0,0
1779748128837,-4021,8652,-9437,2116,523,-312,running,0.00,0,0,0,0,0
1779748128867,-4471,10725,-6401,1514,359,-164,running,0.00,0,0,0,0,0
1779748128868,-3384,8153,-7334,790,559,-190,running,0.00,0,0,0,0,0
1779748128868,-4262,13313,-7967,-310,519,-227,running,0.00,0,0,0,0,0
1779748128894,-5348,13616,-10751,-474,826,-576,running,0.00,0,0,0,0,0
1779748128894,-3076,9794,-8420,-667,980,-842,running,0.00,0,0,0,0,0
1779748128897,-2397,8001,-1594,-2248,753,-961,running,0.00,0,0,0,0,0
1779748128927,-5177,7561,-3641,-3428,1136,-1146,running,0.00,0,0,0,0,0
1779748128928,-2017,2173,-16010,-5190,1382,-1228,running,0.00,0,0,0,0,0
1779748128929,-3181,17438,-20613,-4833,-185,-821,running,0.00,0,0,0,0,0
1779748128956,-2200,17737,-2921,3644,-282,-2192,running,0.00,0,0,0,0,0
1779748128957,-1900,2169,-751,3040,378,-2302,running,0.00,0,0,0,0,0
1779748128957,-4207,9095,-6799,1240,227,-615,running,0.00,0,0,0,0,0
1779748128985,-4894,10681,-6159,1055,1,83,running,0.00,0,0,0,0,0
1779748128991,-4071,10104,-8681,563,-53,110,running,0.00,0,0,0,0,0
1779748128991,-1250,11565,-7419,-58,-299,-27,running,0.00,0,0,0,0,0
1779748129015,-1507,12617,-5635,-414,-584,-85,running,0.00,0,0,0,0,0
1779748129015,-3803,16065,-4874,-503,-762,-117,running,0.00,0,0,0,0,0
1779748129016,-4200,14142,-4402,-375,-863,-164,running,0.00,0,0,0,0,0
1779748129045,-4554,12854,-4250,-282,-950,-3,running,0.00,0,0,0,0,0
1779748129048,-4691,13460,-5405,-356,-1005,184,running,0.00,0,0,0,0,0
1779748129049,-5104,13634,-6209,-437,-1100,257,running,0.00,0,0,0,0,0
1779748129079,-5337,13441,-8781,-431,-1129,248,running,0.00,0,0,0,0,0
1779748129080,-5520,13150,-11083,-255,-1132,167,running,0.00,0,0,0,0,0
1779748129081,-5108,10346,-11965,-18,-997,105,running,0.00,0,0,0,0,0
1779748129107,-4693,9781,-13697,118,-850,107,running,0.00,0,0,0,0,0
1779748129109,-4710,8440,-13067,196,-725,66,running,0.00,0,0,0,0,0
1779748129110,-4458,8065,-13645,-502,-578,31,running,0.00,0,0,0,0,0
1779748129135,-3380,8071,-14251,-921,-490,55,running,0.00,0,0,0,0,0
1779748129136,-2567,8687,-13524,-1106,-432,90,running,0.00,0,0,0,0,0
1779748129136,-3101,9609,-12052,-1257,-372,179,running,0.00,0,0,0,0,0
1779748129168,-1732,9216,-12327,-1221,-330,272,running,0.00,0,0,0,0,0
1779748129169,-2230,10164,-11656,-827,-302,309,running,0.00,0,0,0,0,0
1779748129169,-3116,11326,-11345,-460,-214,343,running,0.00,0,0,0,0,0
1779748129203,-3020,12396,-10148,-127,-205,341,running,0.00,0,0,0,0,0
1779748129204,-3706,11990,-9895,-8,-304,241,running,0.00,0,0,0,0,0
1779748129204,-3450,10600,-9082,143,-399,270,running,0.00,0,0,0,0,0
1779748129225,-3096,12128,-8205,-643,-650,221,running,0.00,0,0,0,0,0
1779748129229,-4254,10965,-10455,-736,-774,66,running,0.00,0,0,0,0,0
1779748129232,-3926,8587,-7695,789,-844,531,running,0.00,0,0,0,0,0
1779748129257,-7166,16794,-8603,476,-790,1087,running,0.00,0,0,0,0,0
1779748129258,-9385,18685,-9000,601,-640,631,running,0.00,0,0,0,0,0
1779748129259,-4977,13030,-8712,701,-537,15,running,0.00,0,0,0,0,0
1779748129286,-2232,9308,-8154,292,-679,-169,running,0.00,0,0,0,0,0
1779748129286,-2738,5652,-6553,-29,-667,-117,running,0.00,0,0,0,0,0
1779748129287,-1886,11690,-12063,-777,-720,50,running,0.00,0,0,0,0,0
1779748129320,-1732,15230,-8648,-1389,-1123,-166,running,0.00,0,0,0,0,0
1779748129321,-6052,13466,-12486,-1421,-1335,-347,running,0.00,0,0,0,0,0
1779748129325,-4355,18610,-13841,-1200,-1344,67,running,0.00,0,0,0,0,0
1779748129347,-5848,23327,-9903,-284,-1522,431,running,0.00,0,0,0,0,0
1779748129348,-8511,18903,-9021,74,-877,257,running,0.00,0,0,0,0,0
1779748129348,-3646,5510,-17161,-532,-443,368,running,0.00,0,0,0,0,0
1779748129377,-5886,16271,-9332,-1265,-1046,1097,running,0.00,0,0,0,0,0
1779748129377,-3778,20266,-10512,-599,-864,1266,running,0.00,0,0,0,0,0
1779748129379,-8486,21900,-8115,41,-678,1174,running,0.00,0,0,0,0,0
1779748129407,-9420,19106,-5157,-97,-224,362,running,0.00,0,0,0,0,0
1779748129408,-6829,14963,-7505,-58,404,-259,running,0.00,0,0,0,0,0
1779748129408,-5036,17158,-7589,58,686,-472,running,0.00,0,0,0,0,0
1779748129436,-3705,18346,-10805,637,811,-578,running,0.00,0,0,0,0,0
1779748129437,-5182,16813,-9797,1041,593,-710,running,0.00,0,0,0,0,0
1779748129437,-5444,15993,-9884,1169,489,-770,running,0.00,0,0,0,0,0
1779748129469,-7154,13619,-9118,817,324,-711,running,0.00,0,0,0,0,0
1779748129470,-8656,15148,-8907,97,200,-636,running,0.00,0,0,0,0,0
1779748129471,-10046,14967,-8098,-335,133,-592,running,0.00,0,0,0,0,0
1779748129497,-6611,10993,-9223,-936,20,-345,running,0.00,0,0,0,0,0
1779748129498,-4070,8646,-5593,-2518,-292,215,running,0.00,0,0,0,0,0
1779748129498,-8389,13011,-1717,-3353,-507,924,running,0.00,0,0,0,0,0
1779748129526,-9149,10997,448,-3778,-495,1530,running,0.00,0,0,0,0,0
1779748129526,-11723,21372,6490,-3410,-770,2366,running,0.00,0,0,0,0,0
1779748129526,-11045,30248,2415,-2588,-359,1970,running,0.00,0,0,0,0,0
1779748129558,-13781,30007,2072,-620,-25,704,running,0.00,0,0,0,0,0
1779748129559,-6113,21124,-3784,1281,116,-584,running,0.00,0,0,0,0,0
1779748129559,-3934,14559,-1868,1546,-105,-528,running,0.00,0,0,0,0,0
1779748129585,-4250,13880,-2929,1358,-169,-43,running,0.00,0,0,0,0,0
1779748129585,-3944,14209,-3261,1177,-410,-152,running,0.00,0,0,0,0,0
1779748129586,-3391,16833,-3880,1450,-584,-297,running,0.00,0,0,0,0,0
1779748129615,-5631,12697,-2907,1979,-784,-234,running,0.00,0,0,0,0,0
1779748129615,-5716,8079,-2815,1780,-858,-140,running,0.00,0,0,0,0,0
1779748129616,-6011,6675,-1998,148,-1013,61,running,0.00,0,0,0,0,0
1779748129648,-8574,10032,3388,-757,-873,217,running,0.00,0,0,0,0,0
1779748129649,-7084,8371,-2197,-671,-312,280,running,0.00,0,0,0,0,0
1779748129649,-7012,8887,-2502,-940,-302,394,running,0.00,0,0,0,0,0
1779748129676,-7852,12745,-1723,-958,-274,480,running,0.00,0,0,0,0,0
1779748129676,-9787,15669,-1855,-657,-87,457,running,0.00,0,0,0,0,0
1779748129677,-7936,12496,-4415,-396,161,322,running,0.00,0,0,0,0,0
1779748129707,-7755,14216,-5385,-252,251,371,running,0.00,0,0,0,0,0
1779748129708,-6537,18197,-4513,-225,248,174,running,0.00,0,0,0,0,0
1779748129709,-7678,18835,-4045,95,130,-196,running,0.00,0,0,0,0,0
1779748129736,-8169,17611,-3738,442,109,-437,running,0.00,0,0,0,0,0
1779748129737,-8030,14407,-3012,613,154,-464,running,0.00,0,0,0,0,0
1779748129737,-7215,12797,-2757,964,191,-416,running,0.00,0,0,0,0,0
1779748129767,-6517,13327,-2352,1300,178,-341,running,0.00,0,0,0,0,0
1779748129768,-5589,11879,-3067,1771,119,-522,running,0.00,0,0,0,0,0
1779748129769,-5745,12143,-3790,2036,91,-657,running,0.00,0,0,0,0,0
1779748129797,-5213,11436,-4514,2335,348,-785,running,0.00,0,0,0,0,0
1779748129798,-4973,9939,-4236,2503,707,-901,running,0.00,0,0,0,0,0
1779748129799,-6105,10531,-4771,2615,489,-1038,running,0.00,0,0,0,0,0
1779748129839,-7152,10614,-3706,2823,296,-1183,running,0.00,0,0,0,0,0
1779748129840,-7113,7187,-4854,3017,455,-1244,running,0.00,0,0,0,0,0
1779748129844,-6708,3323,-5240,2912,496,-1270,running,0.00,0,0,0,0,0
1779748129860,-4569,2849,-6216,2892,537,-764,running,0.00,0,0,0,0,0
1779748129861,-4307,6836,-9187,3017,350,-215,running,0.00,0,0,0,0,0
1779748129862,-4738,4955,-8448,2700,-42,-291,running,0.00,0,0,0,0,0
1779748129887,-4299,4527,-9075,2190,-237,-307,running,0.00,0,0,0,0,0
1779748129892,-2786,4623,-9704,1598,-516,-445,running,0.00,0,0,0,0,0
1779748129893,-4493,2790,-8316,868,-940,-771,running,0.00,0,0,0,0,0
1779748129918,-6600,5010,-6945,393,-1242,-769,running,0.00,0,0,0,0,0
1779748129919,-7635,11338,-7122,449,-1211,-643,running,0.00,0,0,0,0,0
1779748129920,-10005,13136,-11196,711,-1214,-937,running,0.00,0,0,0,0,0
1779748129949,-11362,12915,-12040,754,-1142,-1442,running,0.00,0,0,0,0,0
1779748129950,-12150,7554,-11908,784,-744,-1625,running,0.00,0,0,0,0,0
1779748129951,-15151,3626,-12168,485,-291,-1285,running,0.00,0,0,0,0,0
1779748129977,-11437,9813,-17051,-529,-228,-1032,running,0.00,0,0,0,0,0
1779748129978,-9613,10318,-13639,-1120,-943,-1443,running,0.00,0,0,0,0,0
1779748129979,-12529,10432,-7340,-1316,-867,-1814,running,0.00,0,0,0,0,0
1779748130006,-12551,17113,-9000,-707,478,-1581,running,0.00,0,0,0,0,0
1779748130007,-10053,17442,-14139,260,519,-1750,running,0.00,0,0,0,0,0
1779748130007,-10373,6641,-10663,587,9,-2066,running,0.00,0,0,0,0,0
1779748130035,-11450,5048,-12178,644,187,-1434,running,0.00,0,0,0,0,0
1779748130039,-10268,9512,-15227,474,154,-865,running,0.00,0,0,0,0,0
1779748130040,-10255,6293,-13779,42,-83,-747,running,0.00,0,0,0,0,0
1779748130065,-11353,3197,-12713,-145,-211,-296,running,0.00,0,0,0,0,0
1779748130065,-8777,6681,-14455,-828,-435,23,running,0.00,0,0,0,0,0
1779748130066,-13424,12497,-10646,-1392,-515,41,running,0.00,0,0,0,0,0
1779748130094,-14136,20031,-12020,-564,-198,395,running,0.00,0,0,0,0,0
1779748130095,-12483,11125,-7665,-179,-59,-35,running,0.00,0,0,0,0,0
1779748130096,-11476,14314,-8238,-348,93,89,running,0.00,0,0,0,0,0
1779748130124,-10170,18867,-7355,-420,66,-96,running,0.00,0,0,0,0,0
1779748130125,-12078,22503,-7523,399,229,-698,running,0.00,0,0,0,0,0
1779748130125,-13310,-7772,-10655,885,521,-1294,running,0.00,0,0,0,0,0
1779748130155,-12470,9830,-8989,-191,451,274,running,0.00,0,0,0,0,0
1779748130155,-10186,17377,-6093,-688,352,646,running,0.00,0,0,0,0,0
1779748130156,-10461,12918,-6152,-685,544,476,running,0.00,0,0,0,0,0
1779748130184,-9934,10132,-6973,-589,744,689,running,0.00,0,0,0,0,0
1779748130185,-10859,10897,-7286,-592,831,948,running,0.00,0,0,0,0,0
1779748130185,-9194,13060,-6920,-617,890,1090,running,0.00,0,0,0,0,0
1779748130214,-6559,12607,-7231,-510,839,998,running,0.00,0,0,0,0,0
1779748130214,-5179,11709,-7197,-364,707,967,running,0.00,0,0,0,0,0
1779748130215,-4276,12842,-5988,-606,685,1012,running,0.00,0,0,0,0,0
1779748130245,-4599,13699,-5117,-801,697,1013,running,0.00,0,0,0,0,0
1779748130248,-3582,13863,-5478,-879,628,941,running,0.00,0,0,0,0,0
1779748130249,-5701,12220,-7003,-870,523,782,running,0.00,0,0,0,0,0
1779748130276,-7011,10550,-6431,-1118,297,687,running,0.00,0,0,0,0,0
1779748130278,-6005,12359,-5975,-649,416,1159,running,0.00,0,0,0,0,0
1779748130279,-4696,10676,-8125,-484,342,1141,running,0.00,0,0,0,0,0
1779748130305,-4664,12095,-6704,-629,60,945,running,0.00,0,0,0,0,0
1779748130306,-7920,14459,-4924,-268,-1,708,running,0.00,0,0,0,0,0
1779748130307,-8066,12846,-5655,-2,328,386,running,0.00,0,0,0,0,0
1779748130336,-7152,12588,-6252,30,529,208,running,0.00,0,0,0,0,0
1779748130337,-7416,10348,-7434,285,503,-28,running,0.00,0,0,0,0,0
1779748130338,-6140,7310,-7645,473,402,-197,running,0.00,0,0,0,0,0
1779748130366,-4310,6193,-6921,573,388,8,running,0.00,0,0,0,0,0
1779748130367,-2811,5642,-6566,457,352,282,running,0.00,0,0,0,0,0
1779748130367,-2677,7581,-6974,197,409,464,running,0.00,0,0,0,0,0
1779748130397,-3961,8707,-7185,-73,394,466,running,0.00,0,0,0,0,0
1779748130398,-5096,9397,-8459,-302,353,350,running,0.00,0,0,0,0,0
1779748130398,-4699,9116,-8705,-520,155,251,running,0.00,0,0,0,0,0
1779748130426,-4017,8497,-7873,-650,-6,244,running,0.00,0,0,0,0,0
1779748130427,-2771,7553,-7569,-676,-227,291,running,0.00,0,0,0,0,0
1779748130428,-2422,8852,-7110,-569,-376,509,running,0.00,0,0,0,0,0
1779748130464,-3216,11198,-8360,-516,-707,909,running,0.00,0,0,0,0,0
1779748130464,-4252,9707,-3271,820,-1141,1520,running,0.00,0,0,0,0,0
1779748130465,-10706,1380,-9917,74,-1388,1991,running,0.00,0,0,0,0,0
1779748130490,-1893,15569,-7966,-1927,-1253,1391,running,0.00,0,0,0,0,0
1779748130491,-5177,10307,-7689,-1595,-1119,984,running,0.00,0,0,0,0,0
1779748130492,-4833,9987,-7926,-1113,-934,1146,running,0.00,0,0,0,0,0
1779748130519,-3741,10556,-7311,-802,-845,1230,running,0.00,0,0,0,0,0
1779748130520,-3509,10677,-6718,-634,-531,1387,running,0.00,0,0,0,0,0
1779748130520,-3326,11798,-7392,-282,-149,1543,running,0.00,0,0,0,0,0
1779748130548,-4006,13665,-7886,-129,-209,1700,running,0.00,0,0,0,0,0
1779748130548,-4679,16165,-8534,-359,-128,1683,running,0.00,0,0,0,0,0
1779748130549,-5792,18536,-8966,-549,-125,1317,running,0.00,0,0,0,0,0
1779748130577,-7101,19037,-10407,-710,-232,837,running,0.00,0,0,0,0,0
1779748130578,-6293,18335,-10563,-864,-372,496,running,0.00,0,0,0,0,0
1779748130579,-8407,15587,-11257,-382,-551,291,running,0.00,0,0,0,0,0
1779748130606,-7744,16581,-14255,-70,-638,41,running,0.00,0,0,0,0,0
1779748130607,-8085,19144,-13817,576,-838,-285,running,0.00,0,0,0,0,0
1779748130607,-8067,20839,-13247,799,-716,-561,running,0.00,0,0,0,0,0
1779748130635,-8689,18689,-11606,485,-475,-766,running,0.00,0,0,0,0,0
1779748130636,-6803,15347,-10861,409,-314,-861,running,0.00,0,0,0,0,0
1779748130637,-4727,14007,-11068,394,-264,-731,running,0.00,0,0,0,0,0
1779748130665,-5545,13854,-10165,405,-270,-719,running,0.00,0,0,0,0,0
1779748130665,-7793,13836,-10803,678,-138,-872,running,0.00,0,0,0,0,0
1779748130666,-8870,13473,-12173,775,1,-983,running,0.00,0,0,0,0,0
1779748130698,-9110,13423,-10767,817,-18,-1008,running,0.00,0,0,0,0,0
1779748130699,-9501,15007,-9793,1150,218,-980,running,0.00,0,0,0,0,0
1779748130700,-9366,18777,-10922,1416,365,-1040,running,0.00,0,0,0,0,0
1779748130725,-11435,22153,-10368,1454,150,-1212,running,0.00,0,0,0,0,0
1779748130725,-12020,22783,-9352,1739,-58,-1503,running,0.00,0,0,0,0,0
1779748130726,-11106,22525,-8721,2364,-347,-1929,running,0.00,0,0,0,0,0
1779748130772,-9364,19542,-7583,2859,-607,-2543,running,0.00,0,0,0,0,0
1779748130773,-6566,8753,-4261,3355,-844,-3340,running,0.00,0,0,0,0,0
1779748130774,-14324,7709,-12174,3496,-1085,-3516,running,0.00,0,0,0,0,0
1779748130795,-12448,4750,-8456,2720,-1888,-3123,running,0.00,0,0,0,0,0
1779748130796,-12475,4736,-5327,3328,-2600,-1759,running,0.00,0,0,0,0,0
1779748130797,-16046,12143,-8344,5537,-2750,-156,running,0.00,0,0,0,0,0
1779748130815,-12288,-13198,13893,6308,-2225,1587,running,0.00,0,0,0,0,0
1779748130815,-10762,-2244,16400,1826,1340,3059,running,0.00,0,0,0,0,0
1779748130816,-12230,12099,-9218,916,3899,3448,running,0.00,0,0,0,0,0
1779748130853,-5723,11661,-17170,2086,3811,3491,running,0.00,0,0,0,0,0
1779748130854,6467,13133,-23458,1129,2603,1504,running,0.00,0,0,0,0,0
1779748130855,1314,9969,-19577,-33,1173,124,running,0.00,0,0,0,0,0
1779748130878,-4219,3678,-5172,-688,-46,-357,running,0.00,0,0,0,0,0
1779748130879,-6524,2235,-5782,-1314,52,105,running,0.00,0,0,0,0,0
1779748130879,-9005,2448,-7253,-2112,210,559,running,0.00,0,0,0,0,0
1779748130906,-8524,6645,-8254,-2403,475,910,running,0.00,0,0,0,0,0
1779748130907,-6079,13297,-7394,-2382,703,849,running,0.00,0,0,0,0,0
1779748130908,-5499,13861,-6928,-1928,875,353,running,0.00,0,0,0,0,0
1779748130939,-4975,10096,-7026,-1467,1066,118,running,0.00,0,0,0,0,0
1779748130940,-4964,10252,-9110,-1150,1151,340,running,0.00,0,0,0,0,0
1779748130941,-5096,10920,-9422,-831,1045,324,running,0.00,0,0,0,0,0
1779748130968,-5434,10498,-8512,-712,918,153,running,0.00,0,0,0,0,0
1779748130970,-4435,10450,-8820,-445,863,44,running,0.00,0,0,0,0,0
1779748130970,-3370,10174,-9126,109,770,-81,running,0.00,0,0,0,0,0
1779748130998,-1441,11631,-11678,776,573,-267,running,0.00,0,0,0,0,0
1779748130999,-79,10499,-10534,1560,110,-499,running,0.00,0,0,0,0,0
1779748131000,-5027,3661,-6532,1913,-239,-795,running,0.00,0,0,0,0,0
1779748131028,-6570,4061,-9599,1480,-91,-1000,running,0.00,0,0,0,0,0
1779748131029,-5381,9024,-9306,1404,-196,-697,running,0.00,0,0,0,0,0
1779748131031,-6277,9231,-10493,1520,-420,-592,running,0.00,0,0,0,0,0
1779748131057,-7853,7307,-9534,1622,-537,-859,running,0.00,0,0,0,0,0
1779748131058,-7485,5109,-10798,1213,-512,-1175,running,0.00,0,0,0,0,0
1779748131075,-7574,4523,-13590,916,-434,-1263,running,0.00,0,0,0,0,0
1779748131095,-7736,5873,-14181,965,-577,-1119,running,0.00,0,0,0,0,0
1779748131095,-7945,2662,-11969,976,-722,-929,running,0.00,0,0,0,0,0
1779748131096,-8744,707,-11031,894,-446,-729,running,0.00,0,0,0,0,0
1779748131117,-8197,1204,-13598,460,-124,-519,running,0.00,0,0,0,0,0
1779748131119,-7139,2667,-14865,15,-65,-292,running,0.00,0,0,0,0,0
1779748131119,-6041,5074,-14992,-262,-140,-177,running,0.00,0,0,0,0,0
1779748131149,-7575,7977,-13743,-229,-290,-213,running,0.00,0,0,0,0,0
1779748131150,-11245,8945,-11272,72,-305,-300,running,0.00,0,0,0,0,0
1779748131151,-11225,5214,-7901,283,124,-309,running,0.00,0,0,0,0,0
1779748131177,-8637,4654,-17276,315,920,-18,running,0.00,0,0,0,0,0
1779748131178,-8265,8884,-20844,35,526,276,running,0.00,0,0,0,0,0
1779748131179,-8235,10146,-17441,6,-179,177,running,0.00,0,0,0,0,0
1779748131209,-7755,6464,-12496,398,-282,145,running,0.00,0,0,0,0,0
1779748131209,-5828,3684,-15184,613,154,630,running,0.00,0,0,0,0,0
1779748131210,-3895,-693,-16806,-31,239,913,running,0.00,0,0,0,0,0
1779748131240,-13097,1996,-14001,-3199,296,3263,running,0.00,0,0,0,0,0
1779748131241,-7016,11790,3977,-180,689,4811,running,0.00,0,0,0,0,0
1779748131241,-3009,18750,-23348,1623,2819,3288,running,0.00,0,0,0,0,0
1779748131267,-2772,20212,-28616,-838,1891,2440,running,0.00,0,0,0,0,0
1779748131268,-4048,15979,-16747,-330,234,1312,running,0.00,0,0,0,0,0
1779748131269,-6324,13365,-15724,-363,15,753,running,0.00,0,0,0,0,0
1779748131298,-6749,14893,-16052,-621,-48,502,running,0.00,0,0,0,0,0
1779748131298,-6774,15710,-14167,-705,-228,200,running,0.00,0,0,0,0,0
1779748131299,-7930,15555,-13183,-714,-215,-34,running,0.00,0,0,0,0,0
1779748131327,-8443,17235,-13245,-805,-145,-225,running,0.00,0,0,0,0,0
1779748131328,-9466,18228,-10763,-859,-102,-299,running,0.00,0,0,0,0,0
1779748131329,-10481,17190,-9384,-903,189,-3,running,0.00,0,0,0,0,0
1779748131357,-11167,16168,-9274,-812,711,566,running,0.00,0,0,0,0,0
1779748131357,-8077,15252,-11510,-830,1407,1108,running,0.00,0,0,0,0,0
1779748131359,-2867,13746,-14583,-951,1768,1474,running,0.00,0,0,0,0,0
1779748131388,-597,11087,-13676,-1276,2644,1769,running,0.00,0,0,0,0,0
1779748131390,758,13794,-11409,-1473,3369,1895,running,0.00,0,0,0,0,0
1779748131391,1172,17015,-12551,-1436,3307,1609,running,0.00,0,0,0,0,0
1779748131418,1075,16642,-13109,-1383,2066,1044,running,0.00,0,0,0,0,0
1779748131419,505,13042,-11876,-1248,450,644,running,0.00,0,0,0,0,0
1779748131420,-13,12165,-10926,-1051,344,526,running,0.00,0,0,0,0,0
1779748131448,-322,11807,-10463,-860,376,388,running,0.00,0,0,0,0,0
1779748131449,-378,10663,-10243,-895,271,335,running,0.00,0,0,0,0,0
1779748131449,-343,9773,-9282,-1026,173,348,running,0.00,0,0,0,0,0
1779748131477,-247,9818,-8713,-1112,114,389,running,0.00,0,0,0,0,0
1779748131479,-229,9850,-8359,-1074,35,416,running,0.00,0,0,0,0,0
1779748131480,-396,10170,-8201,-937,-72,406,running,0.00,0,0,0,0,0
1779748131512,-1211,10160,-8025,-855,-158,390,running,0.00,0,0,0,0,0
1779748131513,-1108,10742,-7399,-840,-192,408,running,0.00,0,0,0,0,0
1779748131514,-402,8419,-7598,-871,-242,336,running,0.00,0,0,0,0,0
1779748131540,-85,4932,-8487,-901,-306,271,running,0.00,0,0,0,0,0
1779748131541,840,3020,-6318,-1029,-454,278,running,0.00,0,0,0,0,0
1779748131542,372,4703,-6248,-1193,-373,316,running,0.00,0,0,0,0,0
1779748131570,-1268,9162,-6820,-1127,-304,268,running,0.00,0,0,0,0,0
1779748131578,-1293,8790,-8918,-871,-95,-58,running,0.00,0,0,0,0,0
1779748131579,157,7850,-7805,-912,69,-462,running,0.00,0,0,0,0,0
1779748131599,2412,10166,-8280,-437,149,-798,running,0.00,0,0,0,0,0
1779748131600,5009,10995,-9728,247,103,-1245,running,0.00,0,0,0,0,0
1779748131601,1024,10687,-11293,739,-362,-1675,running,0.00,0,0,0,0,0
1779748131627,-4640,5424,-8732,777,-928,-1304,running,0.00,0,0,0,0,0
1779748131628,-2801,1759,-4904,786,-984,-68,running,0.00,0,0,0,0,0
1779748131630,-842,8596,-7630,445,-466,598,running,0.00,0,0,0,0,0
1779748131658,-555,12483,-8056,172,-325,655,running,0.00,0,0,0,0,0
1779748131660,-902,12747,-7387,153,-298,614,running,0.00,0,0,0,0,0
1779748131666,759,14451,-18100,-357,-560,716,running,0.00,0,0,0,0,0
1779748131689,1375,21856,-11093,-686,-2199,479,running,0.00,0,0,0,0,0
1779748131690,-1926,12951,2061,1553,-1681,-285,running,0.00,0,0,0,0,0
1779748131691,-813,12615,-9762,2107,-231,-402,running,0.00,0,0,0,0,0
1779748131719,-508,14921,-10702,2222,-61,-436,running,0.00,0,0,0,0,0
1779748131720,-106,14811,-16401,2269,-38,-716,running,0.00,0,0,0,0,0
1779748131721,-940,13260,-15532,2098,-467,-736,running,0.00,0,0,0,0,0
1779748131748,-407,13349,-15264,1532,-683,-918,running,0.00,0,0,0,0,0
1779748131748,-3124,15046,-14155,977,-821,-1301,running,0.00,0,0,0,0,0
1779748131749,-6307,15342,-12796,600,-846,-1570,running,0.00,0,0,0,0,0
1779748131776,-6974,13319,-13647,469,-749,-1641,running,0.00,0,0,0,0,0
1779748131777,-7926,14176,-14329,419,-716,-1550,running,0.00,0,0,0,0,0
1779748131777,-9270,13928,-13666,227,-632,-1506,running,0.00,0,0,0,0,0
1779748131807,-10890,15429,-12972,-224,-361,-1394,running,0.00,0,0,0,0,0
1779748131808,-11467,15822,-13016,-651,0,-1306,running,0.00,0,0,0,0,0
1779748131809,-9009,10911,-17311,-1301,268,-1159,running,0.00,0,0,0,0,0
1779748131845,-8890,14195,-16190,-2197,-19,-759,running,0.00,0,0,0,0,0
1779748131846,-9899,17869,-13580,-2568,-136,-527,running,0.00,0,0,0,0,0
1779748131847,-9625,19790,-15876,-2371,-187,-355,running,0.00,0,0,0,0,0
1779748131868,-8341,18633,-16191,-1972,-599,-320,running,0.00,0,0,0,0,0
1779748131869,-8319,18553,-14951,-1755,-1079,-314,running,0.00,0,0,0,0,0
1779748131871,-9181,20654,-11579,-1330,-1433,-385,running,0.00,0,0,0,0,0
1779748131899,-10413,17952,-8818,-582,-1448,-544,running,0.00,0,0,0,0,0
1779748131900,-12396,16124,-7483,187,-1091,-378,running,0.00,0,0,0,0,0
1779748131901,-11980,18173,-8783,1027,-593,-158,running,0.00,0,0,0,0,0
1779748131928,-10208,11766,-11443,1693,-177,-332,running,0.00,0,0,0,0,0
1779748131932,-7955,9784,-9218,1065,-374,-132,running,0.00,0,0,0,0,0
1779748131933,-7391,9328,-8606,510,-366,-397,running,0.00,0,0,0,0,0
1779748131958,-12415,9963,-5558,428,-49,-407,running,0.00,0,0,0,0,0
1779748131959,-11567,8029,-7628,103,633,-441,running,0.00,0,0,0,0,0
1779748131960,-8183,6561,-8475,-320,908,-370,running,0.00,0,0,0,0,0
1779748131986,-7577,10697,-6898,-699,1000,-237,running,0.00,0,0,0,0,0
1779748131989,-5814,14949,-7340,-570,1093,-310,running,0.00,0,0,0,0,0
1779748131990,-3358,11333,-9247,-41,966,-447,running,0.00,0,0,0,0,0
1779748132021,-3879,10721,-9250,418,621,-367,running,0.00,0,0,0,0,0
1779748132022,-4443,10864,-7367,778,337,-282,running,0.00,0,0,0,0,0
1779748132023,-5109,11082,-5863,1005,247,-264,running,0.00,0,0,0,0,0
1779748132047,-7212,10342,-3875,904,315,-445,running,0.00,0,0,0,0,0
1779748132048,-7208,5641,-1575,305,746,-697,running,0.00,0,0,0,0,0
1779748132048,-5081,3736,-4219,-298,1387,-547,running,0.00,0,0,0,0,0
1779748132076,-2409,6568,-7003,-593,1607,-198,running,0.00,0,0,0,0,0
1779748132076,-2394,10088,-7514,-559,1496,-79,running,0.00,0,0,0,0,0
1779748132077,-1851,10621,-7838,-397,1347,-163,running,0.00,0,0,0,0,0
1779748132108,-1461,9784,-8026,-190,1189,-170,running,0.00,0,0,0,0,0
1779748132108,-2145,9893,-7724,3,1038,-41,running,0.00,0,0,0,0,0
1779748132110,-2064,10146,-7647,172,911,80,running,0.00,0,0,0,0,0
1779748132139,-2193,9284,-6884,329,741,108,running,0.00,0,0,0,0,0
1779748132140,-2592,7229,-7376,433,686,113,running,0.00,0,0,0,0,0
1779748132140,-2220,6874,-8503,488,606,217,running,0.00,0,0,0,0,0
1779748132170,-2433,6898,-9479,594,499,242,running,0.00,0,0,0,0,0
1779748132171,-1804,5705,-11821,556,382,293,running,0.00,0,0,0,0,0
1779748132172,-3032,7509,-12072,461,101,453,running,0.00,0,0,0,0,0
1779748132198,-4871,10161,-12158,372,-17,478,running,0.00,0,0,0,0,0
1779748132199,-4674,11883,-13371,393,5,426,running,0.00,0,0,0,0,0
1779748132200,-5181,10446,-12751,516,-52,403,running,0.00,0,0,0,0,0
1779748132227,-5417,9055,-12930,692,-14,500,running,0.00,0,0,0,0,0
1779748132229,-5761,8191,-11418,792,35,580,running,0.00,0,0,0,0,0
1779748132230,-7301,7119,-10501,749,336,485,running,0.00,0,0,0,0,0
1779748132257,-10545,13193,-10113,499,713,234,running,0.00,0,0,0,0,0
1779748132259,-2786,-8647,-12593,-502,1107,-313,running,0.00,0,0,0,0,0
1779748132259,-1242,-1310,-15647,-1206,1030,821,running,0.00,0,0,0,0,0
1779748132289,-5804,11699,-13497,-1032,797,1401,running,0.00,0,0,0,0,0
1779748132290,-5203,13271,-15483,-377,906,1082,running,0.00,0,0,0,0,0
1779748132291,-6934,21078,-14645,-104,706,878,running,0.00,0,0,0,0,0
1779748132316,-6192,12002,-14203,-404,720,495,running,0.00,0,0,0,0,0
1779748132317,-3716,15263,-15244,-52,780,475,running,0.00,0,0,0,0,0
1779748132317,-3018,15929,-14579,350,611,465,running,0.00,0,0,0,0,0
1779748132348,-3664,13017,-12790,513,529,434,running,0.00,0,0,0,0,0
1779748132348,-3379,14122,-13771,437,599,531,running,0.00,0,0,0,0,0
1779748132349,-2844,16804,-13480,347,582,618,running,0.00,0,0,0,0,0
1779748132377,-1990,15733,-14137,92,528,393,running,0.00,0,0,0,0,0
1779748132381,-2243,15423,-12801,-539,491,228,running,0.00,0,0,0,0,0
1779748132382,-1120,19963,-13560,-922,576,289,running,0.00,0,0,0,0,0
1779748132409,-362,22962,-15217,-965,507,230,running,0.00,0,0,0,0,0
1779748132410,428,22158,-15076,-754,175,-138,running,0.00,0,0,0,0,0
1779748132410,117,19079,-13198,-668,-205,-298,running,0.00,0,0,0,0,0
1779748132436,-233,18171,-11584,-500,-403,101,running,0.00,0,0,0,0,0
1779748132439,-550,15900,-9460,-136,-405,529,running,0.00,0,0,0,0,0
1779748132440,-330,13311,-10206,-1,-234,797,running,0.00,0,0,0,0,0
1779748132470,852,13388,-12218,-2,-163,975,running,0.00,0,0,0,0,0
1779748132475,1228,14872,-13283,107,-270,975,running,0.00,0,0,0,0,0
1779748132477,139,14436,-13466,254,-411,868,running,0.00,0,0,0,0,0
1779748132501,38,11722,-13864,335,-437,825,running,0.00,0,0,0,0,0
1779748132501,-646,8680,-13666,340,-418,917,running,0.00,0,0,0,0,0
1779748132502,-2294,3367,-12981,-110,-265,968,running,0.00,0,0,0,0,0
1779748132526,-1004,8801,-15158,-736,-18,1066,running,0.00,0,0,0,0,0
1779748132527,-2426,16493,-13932,-677,-140,751,running,0.00,0,0,0,0,0
1779748132528,-3678,12453,-12184,-189,-171,143,running,0.00,0,0,0,0,0
1779748132558,-2748,8287,-11018,192,-83,-51,running,0.00,0,0,0,0,0
1779748132561,-4826,2104,-7475,180,205,137,running,0.00,0,0,0,0,0
1779748132568,-3981,2131,-9589,-658,749,440,running,0.00,0,0,0,0,0
1779748132590,-2865,8944,-10024,-1314,985,492,running,0.00,0,0,0,0,0
1779748132590,-2758,8718,-8200,-1409,1046,298,running,0.00,0,0,0,0,0
1779748132591,-2125,7418,-8336,-1433,1160,191,running,0.00,0,0,0,0,0
1779748132616,-926,8307,-10140,-1862,1302,-572,running,0.00,0,0,0,0,0
1779748132617,323,-4139,-12287,-2830,931,-1452,running,0.00,0,0,0,0,0
1779748132618,-2722,-1294,-534,-2709,786,-561,running,0.00,0,0,0,0,0
1779748132647,-478,2911,-3106,-3128,1486,182,running,0.00,0,0,0,0,0
1779748132647,360,7214,-7811,-3783,1724,255,running,0.00,0,0,0,0,0
1779748132648,702,5545,-4621,-3794,1626,-41,running,0.00,0,0,0,0,0
1779748132678,774,7505,-4480,-3631,1815,124,running,0.00,0,0,0,0,0
1779748132681,1442,12826,-6238,-3049,1965,318,running,0.00,0,0,0,0,0
1779748132682,1528,14048,-6723,-2373,1983,99,running,0.00,0,0,0,0,0
1779748132707,539,15091,-5947,-1594,2063,15,running,0.00,0,0,0,0,0
1779748132708,1651,13289,-6146,-864,2228,-37,running,0.00,0,0,0,0,0
1779748132708,2881,13122,-7011,-511,2369,-246,running,0.00,0,0,0,0,0
1779748132736,4156,16825,-8360,177,2292,-582,running,0.00,0,0,0,0,0
1779748132739,5191,15187,-6735,753,1953,-1136,running,0.00,0,0,0,0,0
1779748132740,4664,11555,-4172,1045,1692,-1531,running,0.00,0,0,0,0,0
1779748132767,3872,11820,-2151,1175,1679,-1641,running,0.00,0,0,0,0,0
1779748132768,4289,13355,-3953,1252,1855,-1778,running,0.00,0,0,0,0,0
1779748132769,4258,14619,-4557,1305,1854,-1971,running,0.00,0,0,0,0,0
1779748132798,5415,14530,-5413,1393,1717,-2162,running,0.00,0,0,0,0,0
1779748132799,6269,14839,-8028,1581,1401,-2240,running,0.00,0,0,0,0,0
1779748132800,7272,15890,-9078,1817,859,-2351,running,0.00,0,0,0,0,0
1779748132832,6041,16754,-8451,2215,279,-2612,running,0.00,0,0,0,0,0
1779748132833,3683,14748,-5965,2489,-117,-3061,running,0.00,0,0,0,0,0
1779748132833,2626,6497,-4252,2192,-260,-3123,running,0.00,0,0,0,0,0
1779748132857,-965,11516,-6308,1468,-159,-2657,running,0.00,0,0,0,0,0
1779748132858,-136,15567,-10371,1042,12,-2634,running,0.00,0,0,0,0,0
1779748132859,-2361,19588,-9417,853,-239,-2734,running,0.00,0,0,0,0,0
1779748132886,-1373,9914,-11565,1127,-146,-3512,running,0.00,0,0,0,0,0
1779748132889,-1272,3148,-12773,699,-479,-3205,running,0.00,0,0,0,0,0
1779748132890,-3949,7879,-8724,-436,-1105,-2433,running,0.00,0,0,0,0,0
1779748132917,-6297,10203,-5553,-1047,-1162,-2466,running,0.00,0,0,0,0,0
1779748132917,-4888,5654,-10384,-1620,-1171,-2361,running,0.00,0,0,0,0,0
1779748132918,-8897,8014,-7814,-1938,-1580,-1684,running,0.00,0,0,0,0,0
1779748132946,-11465,15057,-6839,-2853,-1543,-1312,running,0.00,0,0,0,0,0
1779748132947,-12768,19232,-7992,-3488,-1273,-1456,running,0.00,0,0,0,0,0
1779748132948,-11696,24819,-10689,-3515,-1104,-1635,running,0.00,0,0,0,0,0
1779748132981,-10976,25491,-8844,-3005,-1187,-2025,running,0.00,0,0,0,0,0
1779748132983,-10316,21708,-7883,-2418,-1143,-2359,running,0.00,0,0,0,0,0
1779748132983,-9541,17506,-4622,-2212,-1181,-2797,running,0.00,0,0,0,0,0
1779748133007,-9817,9009,-5704,-2336,-1206,-2774,running,0.00,0,0,0,0,0
1779748133010,-17598,14850,-331,-2060,-1226,-2222,running,0.00,0,0,0,0,0
1779748133011,-12629,14402,-2239,-2350,-382,-2157,running,0.00,0,0,0,0,0
1779748133038,-12401,17949,-811,-2053,-303,-1783,running,0.00,0,0,0,0,0
1779748133039,-14420,19173,637,-1702,-288,-1702,running,0.00,0,0,0,0,0
1779748133040,-13788,15816,-278,-1399,-120,-1725,running,0.00,0,0,0,0,0
1779748133068,-12027,13282,-1348,-1344,-150,-1672,running,0.00,0,0,0,0,0
1779748133072,-11339,11854,-486,-1259,-272,-1491,running,0.00,0,0,0,0,0
1779748133073,-11378,12815,72,-1163,-349,-1260,running,0.00,0,0,0,0,0
1779748133097,-11905,13265,631,-1014,-393,-1196,running,0.00,0,0,0,0,0
1779748133098,-11746,13786,-210,-852,-344,-1274,running,0.00,0,0,0,0,0
1779748133098,-10236,12191,-971,-576,-359,-1351,running,0.00,0,0,0,0,0
1779748133137,-9100,4417,18,-704,-442,-1275,running,0.00,0,0,0,0,0
1779748133138,-12980,8331,1218,-998,-402,-926,running,0.00,0,0,0,0,0
1779748133139,-15109,12105,2284,-937,-107,-841,running,0.00,0,0,0,0,0
1779748133162,-14051,9861,3014,-814,416,-915,running,0.00,0,0,0,0,0
1779748133163,-13138,11687,604,-718,1146,-745,running,0.00,0,0,0,0,0
1779748133164,-11282,9958,-3866,-739,1547,-754,running,0.00,0,0,0,0,0
1779748133189,-10572,6427,-307,-443,1514,-757,running,0.00,0,0,0,0,0
1779748133190,-11194,8723,-2302,-11,1759,-499,running,0.00,0,0,0,0,0
1779748133192,-8951,10162,-8395,-608,1733,-396,running,0.00,0,0,0,0,0
1779748133218,-8307,12747,-7685,-1054,1046,-293,running,0.00,0,0,0,0,0
1779748133219,-7843,9776,-4121,-1098,615,-432,running,0.00,0,0,0,0,0
1779748133225,-8651,6436,-1995,-1203,468,-468,running,0.00,0,0,0,0,0
1779748133247,-10320,6837,-1546,-1662,422,-321,running,0.00,0,0,0,0,0
1779748133248,-11240,10239,-2066,-2139,447,-221,running,0.00,0,0,0,0,0
1779748133249,-10242,12672,-2279,-2209,531,-231,running,0.00,0,0,0,0,0
1779748133277,-9223,14033,-2967,-1911,560,-215,running,0.00,0,0,0,0,0
1779748133278,-9621,15673,-1946,-1580,512,-114,running,0.00,0,0,0,0,0
1779748133279,-10092,15838,-1028,-1058,651,-14,running,0.00,0,0,0,0,0
1779748133308,-9544,14945,-1350,-319,883,89,running,0.00,0,0,0,0,0
1779748133308,-8534,13134,-1600,328,997,204,running,0.00,0,0,0,0,0
1779748133309,-8277,10439,-1194,704,1010,216,running,0.00,0,0,0,0,0
1779748133336,-8049,8703,-2215,972,1094,217,running,0.00,0,0,0,0,0
1779748133339,-7399,8305,-3167,1126,1083,236,running,0.00,0,0,0,0,0
1779748133340,-7181,8163,-3741,1169,1036,214,running,0.00,0,0,0,0,0
1779748133365,-7190,8265,-4602,1213,1024,161,running,0.00,0,0,0,0,0
1779748133366,-6981,8029,-5147,1213,982,67,running,0.00,0,0,0,0,0
1779748133367,-6451,7074,-4640,1140,902,-45,running,0.00,0,0,0,0,0
1779748133397,-5981,5169,-4893,1042,822,-161,running,0.00,0,0,0,0,0
1779748133398,-5951,4292,-5665,775,694,-268,running,0.00,0,0,0,0,0
1779748133398,-6022,4369,-6124,372,523,-409,running,0.00,0,0,0,0,0
1779748133426,-6584,4175,-6392,-166,361,-623,running,0.00,0,0,0,0,0
1779748133426,-6693,4219,-6572,-652,244,-817,running,0.00,0,0,0,0,0
1779748133427,-6906,5333,-5977,-1014,153,-963,running,0.00,0,0,0,0,0
1779748133456,-8058,6187,-4860,-1260,81,-1099,running,0.00,0,0,0,0,0
1779748133458,-10140,6667,-4318,-1428,70,-1216,running,0.00,0,0,0,0,0
1779748133458,-11541,6456,-4329,-1537,141,-1330,running,0.00,0,0,0,0,0
1779748133493,-12109,5994,-3719,-1650,223,-1423,running,0.00,0,0,0,0,0
1779748133495,-13027,6802,-2639,-1833,286,-1463,running,0.00,0,0,0,0,0
1779748133495,-14097,7549,-2153,-2100,351,-1502,running,0.00,0,0,0,0,0
1779748133516,-14382,7416,-1424,-2358,381,-1537,running,0.00,0,0,0,0,0
1779748133517,-14614,7273,-482,-2648,382,-1516,running,0.00,0,0,0,0,0
1779748133517,-15321,7880,42,-3047,353,-1444,running,0.00,0,0,0,0,0
1779748133547,-15886,7969,1088,-3489,311,-1376,running,0.00,0,0,0,0,0
1779748133548,-16195,9431,2801,-3891,271,-1240,running,0.00,0,0,0,0,0
1779748133548,-16579,11442,3984,-4239,250,-1194,running,0.00,0,0,0,0,0
1779748133581,-16068,13243,4471,-4474,269,-1194,running,0.00,0,0,0,0,0
1779748133582,-15037,14728,4536,-4559,266,-1253,running,0.00,0,0,0,0,0
1779748133583,-13345,14274,4640,-4513,256,-1312,running,0.00,0,0,0,0,0
1779748133607,-12258,14428,4466,-4416,249,-1271,running,0.00,0,0,0,0,0
1779748133608,-11476,15107,5250,-4327,241,-1196,running,0.00,0,0,0,0,0
1779748133609,-10861,15946,5783,-4170,288,-1128,running,0.00,0,0,0,0,0
1779748133638,-10165,17020,5846,-3892,326,-1018,running,0.00,0,0,0,0,0
1779748133639,-9492,17862,5313,-3604,294,-895,running,0.00,0,0,0,0,0
1779748133640,-9462,18421,4822,-3190,230,-798,running,0.00,0,0,0,0,0
1779748133668,-9811,20061,4435,-2604,256,-668,running,0.00,0,0,0,0,0
1779748133670,-9844,22358,4150,-1868,388,-486,running,0.00,0,0,0,0,0
1779748133671,-10087,25219,4000,-944,552,-219,running,0.00,0,0,0,0,0
1779748133697,-10339,26985,4479,178,725,33,running,0.00,0,0,0,0,0
1779748133698,-9753,26880,4837,1243,825,312,running,0.00,0,0,0,0,0
1779748133699,-9824,27211,4060,2108,816,618,running,0.00,0,0,0,0,0
1779748133727,-9215,26445,3901,2834,720,863,running,0.00,0,0,0,0,0
1779748133728,-9360,26524,3218,3098,508,1167,running,0.00,0,0,0,0,0
1779748133729,-10181,26342,2501,3211,302,1403,running,0.00,0,0,0,0,0
1779748133760,-10162,24806,1709,3354,142,1569,running,0.00,0,0,0,0,0
1779748133761,-10869,25439,1522,3457,-82,1772,running,0.00,0,0,0,0,0
1779748133762,-12652,26790,-525,3552,-263,1923,running,0.00,0,0,0,0,0
1779748133788,-13990,26694,-1675,3557,-426,1997,running,0.00,0,0,0,0,0
1779748133789,-15152,26992,-1806,3638,-466,2111,running,0.00,0,0,0,0,0
1779748133789,-16778,27442,-1333,4043,-507,2294,running,0.00,0,0,0,0,0
1779748133820,-19767,26935,-511,4638,-520,2309,running,0.00,0,0,0,0,0
1779748133821,-22730,24761,-31,5413,-456,2161,running,0.00,0,0,0,0,0
1779748133822,-24091,21290,-1292,6153,-359,2047,running,0.00,0,0,0,0,0
1779748133850,-24603,16647,-2482,6616,-395,1991,running,0.00,0,0,0,0,0
1779748133851,-25735,13366,-3799,6833,-504,1875,running,0.00,0,0,0,0,0
1779748133852,-23702,8426,-2088,6287,-809,1424,running,0.00,0,0,0,0,0
1779748133877,-23098,5467,-2843,5350,-1008,1040,running,0.00,0,0,0,0,0
1779748133906,-21407,3995,-4573,4249,-1100,676,running,0.00,0,0,0,0,0
1779748133907,-18488,4573,-5483,3241,-1136,374,running,0.00,0,0,0,0,0
1779748133907,-15592,6953,-6777,2650,-1233,133,running,0.00,0,0,0,0,0
1779748133909,-16089,8996,-5097,2518,-1524,-130,running,0.00,0,0,0,0,0
1779748133909,-16518,8821,-4388,2525,-1583,-418,running,0.00,0,0,0,0,0
1779748133936,-14983,6883,-3369,2545,-1614,-795,running,0.00,0,0,0,0,0
1779748133940,-13452,3310,-704,2423,-1699,-1262,running,0.00,0,0,0,0,0
1779748133941,-12451,-1190,1936,2216,-1711,-1627,running,0.00,0,0,0,0,0
1779748133967,-11301,-4128,3562,1939,-1673,-1840,running,0.00,0,0,0,0,0
1779748133968,-10272,-7390,5065,1663,-1663,-1978,running,0.00,0,0,0,0,0
1779748133968,-9170,-9408,6377,1428,-1656,-2024,running,0.00,0,0,0,0,0
1779748133998,-8088,-10759,7414,1128,-1709,-2061,running,0.00,0,0,0,0,0
1779748133999,-7691,-11245,8191,735,-1776,-2143,running,0.00,0,0,0,0,0
1779748133999,-7881,-12190,8663,276,-1822,-2332,running,0.00,0,0,0,0,0
1779748134027,-9505,-13205,9354,-233,-1848,-2583,running,0.00,0,0,0,0,0
1779748134027,-11928,-13452,9236,-815,-1769,-2833,running,0.00,0,0,0,0,0
1779748134028,-14752,-12035,9031,-1500,-1661,-3059,running,0.00,0,0,0,0,0
1779748134058,-17691,-9402,9110,-2122,-1464,-3247,running,0.00,0,0,0,0,0
1779748134059,-19480,-6184,8076,-2514,-1141,-3420,running,0.00,0,0,0,0,0
1779748134061,-20359,-5012,6829,-2659,-796,-3586,running,0.00,0,0,0,0,0
1779748134093,-19637,-7133,6030,-2640,-467,-3680,running,0.00,0,0,0,0,0
1779748134094,-18450,-10951,5892,-2568,-194,-3646,running,0.00,0,0,0,0,0
1779748134095,-18706,-13400,6857,-2684,44,-3505,running,0.00,0,0,0,0,0
1779748134116,-23174,-6443,5439,-4237,683,-2954,running,0.00,0,0,0,0,0
1779748134117,-26496,2667,1045,-5693,869,-2873,running,0.00,0,0,0,0,0
1779748134118,-31905,11946,-2162,-6969,732,-3052,running,0.00,0,0,0,0,0
1779748134151,-32768,20940,-4668,-7761,662,-3254,running,0.00,0,0,0,0,0
1779748134152,-32718,30452,-9444,-7903,597,-3122,running,0.00,0,0,0,0,0
1779748134153,-32738,32767,-8002,-7320,509,-2606,running,0.00,0,0,0,0,0
1779748134177,-32768,32767,-9010,-6228,640,-1657,running,0.00,0,0,0,0,0
1779748134178,-32768,32685,-8272,-4778,736,-622,running,0.00,0,0,0,0,0
1779748134179,-32453,30662,-6256,-4005,886,171,running,0.00,0,0,0,0,0
1779748134207,-29259,27562,-5044,-4109,928,628,running,0.00,0,0,0,0,0
1779748134208,-24814,27260,-5540,-4756,852,855,running,0.00,0,0,0,0,0
1779748134209,-19325,27748,-5665,-5480,673,892,running,0.00,0,0,0,0,0
1779748134241,-14987,31168,-5380,-5493,563,1074,running,0.00,0,0,0,0,0
1779748134242,-12145,32767,-4051,-4796,497,1400,running,0.00,0,0,0,0,0
1779748134243,-8510,32767,-5748,-3290,605,1849,running,0.00,0,0,0,0,0
1779748134268,-3805,32723,-6518,-1532,770,2385,running,0.00,0,0,0,0,0
1779748134269,-475,29802,-6121,-197,845,2845,running,0.00,0,0,0,0,0
1779748134271,1322,22442,-3582,109,599,3203,running,0.00,0,0,0,0,0
1779748134298,6163,15710,-945,-545,75,3157,running,0.00,0,0,0,0,0
1779748134299,11268,10711,-50,-1328,-559,2761,running,0.00,0,0,0,0,0
1779748134300,14316,5768,2223,-2247,-1181,2449,running,0.00,0,0,0,0,0
1779748134327,16571,6066,-658,-3206,-1596,2512,running,0.00,0,0,0,0,0
1779748134328,16438,13707,-3105,-3420,-1881,2941,running,0.00,0,0,0,0,0
1779748134329,14691,21156,-3340,-2718,-2067,3437,running,0.00,0,0,0,0,0
1779748134357,15028,22890,-4137,-1526,-2305,3810,running,0.00,0,0,0,0,0
1779748134358,9386,18486,-1779,-1337,-2866,3647,running,0.00,0,0,0,0,0
1779748134358,4491,15786,-2141,-1438,-3300,3384,running,0.00,0,0,0,0,0
1779748134389,2076,13515,1229,-1348,-3992,3144,running,0.00,0,0,0,0,0
1779748134390,-3253,15218,13937,-494,-4433,3353,running,0.00,0,0,0,0,0
1779748134391,-9876,24655,16374,632,-3816,4052,running,0.00,0,0,0,0,0
1779748134420,-13905,32086,11401,1890,-2966,4550,running,0.00,0,0,0,0,0
1779748134421,-15289,32767,4219,3551,-2472,4803,running,0.00,0,0,0,0,0
1779748134422,-14270,32694,1716,5452,-2642,5091,running,0.00,0,0,0,0,0
1779748134447,-19974,32740,5545,7196,-3033,5262,running,0.00,0,0,0,0,0
1779748134448,-29205,32767,3035,8338,-3075,5200,running,0.00,0,0,0,0,0
1779748134449,-32768,32766,-746,8754,-3100,4346,running,0.00,0,0,0,0,0
1779748134478,-32768,28433,-1324,8686,-2907,3154,running,0.00,0,0,0,0,0
1779748134487,-32673,786,5083,7853,-2346,2317,running,0.00,0,0,0,0,0
1779748134488,-32768,-17863,2346,6060,-1029,2386,running,0.00,0,0,0,0,0
1779748134507,-23891,-14771,-2427,4201,74,2776,running,0.00,0,0,0,0,0
1779748134508,-8290,-13914,-4392,2279,-242,2339,running,0.00,0,0,0,0,0
1779748134508,-16310,-2313,1918,1004,-1011,2114,running,0.00,0,0,0,0,0
1779748134540,-18397,8666,2303,1308,-443,2142,running,0.00,0,0,0,0,0
1779748134541,-6669,2883,-1200,2536,54,1485,running,0.00,0,0,0,0,0
1779748134542,-1243,-10286,1482,3335,-403,444,running,0.00,0,0,0,0,0
1779748134573,-3817,-17827,5836,3266,-1052,-401,running,0.00,0,0,0,0,0
1779748134575,-5478,-18910,7595,2648,-1545,-1066,running,0.00,0,0,0,0,0
1779748134575,-8931,-20825,11984,2057,-2171,-1614,running,0.00,0,0,0,0,0
1779748134601,-13577,-16651,20435,1581,-2725,-1582,running,0.00,0,0,0,0,0
1779748134603,-16102,-12951,23105,499,-2593,-1326,running,0.00,0,0,0,0,0
1779748134612,-22713,-12017,23250,-1372,-2114,-1105,running,0.00,0,0,0,0,0
1779748134628,-32768,-19062,24349,-4013,-2147,-555,running,0.00,0,0,0,0,0
1779748134631,-32768,-21533,29147,-8527,-2149,117,running,0.00,0,0,0,0,0
1779748134632,-32631,-11571,30874,-11949,-1560,-143,running,0.00,0,0,0,0,0
1779748134657,-32753,406,22748,-12439,-647,-960,running,0.00,0,0,0,0,0
1779748134657,-32768,20379,20080,-10810,155,-948,running,0.00,0,0,0,0,0
1779748134658,-32766,32767,13243,-9241,1022,-1531,running,0.00,0,0,0,0,0
1779748134688,-32767,31201,767,-8050,1691,-3366,running,0.00,0,0,0,0,0
1779748134689,-31739,27139,5830,-5095,2199,-3490,running,0.00,0,0,0,0,0
1779748134689,-31465,29683,6166,-2300,3215,-2269,running,0.00,0,0,0,0,0
1779748134717,-32768,31625,1029,-1977,3668,-1845,running,0.00,0,0,0,0,0
1779748134717,-32768,30913,5852,-2194,3572,-1703,running,0.00,0,0,0,0,0
1779748134718,-29261,32722,14023,-2410,3583,-1671,running,0.00,0,0,0,0,0
1779748134747,-23138,32767,13667,-3174,3578,-2272,running,0.00,0,0,0,0,0
1779748134749,-17229,32734,15413,-3160,3277,-2419,running,0.00,0,0,0,0,0
1779748134750,-4330,32762,16013,-3921,2733,-2025,running,0.00,0,0,0,0,0
1779748134776,-995,32767,10105,-4983,2105,-1064,running,0.00,0,0,0,0,0
1779748134778,26,32767,7334,-4066,1873,-602,running,0.00,0,0,0,0,0
1779748134779,-5889,32767,8557,-2709,1895,-971,running,0.00,0,0,0,0,0
1779748134809,-2394,32767,9884,220,2830,-1848,running,0.00,0,0,0,0,0
1779748134811,9830,29464,8192,3057,3692,-4204,running,0.00,0,0,0,0,0
1779748134812,11653,16130,14586,2590,3240,-5110,running,0.00,0,0,0,0,0
1779748134836,28658,20487,11443,-166,3072,-2401,running,0.00,0,0,0,0,0
1779748134840,32767,20264,17341,663,733,-659,running,0.00,0,0,0,0,0
1779748134841,32598,6452,17788,709,-1018,-31,running,0.00,0,0,0,0,0
1779748134867,32633,4399,11407,-1064,-2307,1104,running,0.00,0,0,0,0,0
1779748134868,32767,15034,1614,-675,-1790,2246,running,0.00,0,0,0,0,0
1779748134870,32767,16964,6058,875,-862,3606,running,0.00,0,0,0,0,0
1779748134899,32390,13310,3902,1474,-1322,4516,running,0.00,0,0,0,0,0
1779748134901,26307,5937,6138,1243,-1724,4523,running,0.00,0,0,0,0,0
1779748134902,24951,23228,-51,276,-1962,4062,running,0.00,0,0,0,0,0
1779748134926,16382,29871,-481,620,-2093,3937,running,0.00,0,0,0,0,0
1779748134927,14588,26360,-745,1421,-2258,3798,running,0.00,0,0,0,0,0
1779748134928,9300,31249,1433,2055,-2398,4822,running,0.00,0,0,0,0,0
1779748134958,1324,32767,1049,3254,-2208,5950,running,0.00,0,0,0,0,0
1779748134988,-3474,32733,2879,3590,-2326,6563,running,0.00,0,0,0,0,0
1779748134989,-8515,32721,5158,3782,-2454,6824,running,0.00,0,0,0,0,0
1779748134990,-14818,32767,8396,4106,-2612,6744,running,0.00,0,0,0,0,0
1779748134991,-18839,32767,8044,3962,-2838,6361,running,0.00,0,0,0,0,0
1779748134992,-27952,32766,10144,3188,-3174,5967,running,0.00,0,0,0,0,0
1779748135026,-30824,32767,4565,1535,-3472,5231,running,0.00,0,0,0,0,0
1779748135028,-31590,32767,5497,-83,-4286,4728,running,0.00,0,0,0,0,0
1779748135029,-32563,32767,6951,-1097,-4993,4460,running,0.00,0,0,0,0,0
1779748135048,-32761,32767,5769,-1307,-5444,3832,running,0.00,0,0,0,0,0
1779748135051,-31616,32339,1897,239,-5648,3383,running,0.00,0,0,0,0,0
1779748135051,-32768,30785,9120,2138,-5933,2609,running,0.00,0,0,0,0,0
1779748135077,-32750,29815,13646,3443,-5157,1725,running,0.00,0,0,0,0,0
1779748135078,-30284,10026,9378,3036,-3797,-257,running,0.00,0,0,0,0,0
1779748135079,-19669,684,6698,2326,-3729,-1202,running,0.00,0,0,0,0,0
1779748135107,-9963,-718,15633,2259,-4172,-1456,running,0.00,0,0,0,0,0
1779748135107,-6242,-4951,16105,2989,-4048,-1367,running,0.00,0,0,0,0,0
1779748135108,-8008,-10183,19740,3648,-4506,-1153,running,0.00,0,0,0,0,0
1779748135141,-13495,-13972,24984,4205,-4781,-936,running,0.00,0,0,0,0,0
1779748135142,-21055,-17188,32388,4106,-4042,-899,running,0.00,0,0,0,0,0
1779748135142,-27373,-18152,32767,2922,-2786,-825,running,0.00,0,0,0,0,0
1779748135168,-32768,-25257,32674,3246,-2178,-1101,running,0.00,0,0,0,0,0
1779748135168,-32768,-32768,32746,2934,-1495,-2806,running,0.00,0,0,0,0,0
1779748135170,-32644,-32768,32471,1156,471,-4699,running,0.00,0,0,0,0,0
1779748135198,-26062,-9655,18793,-1171,1655,-4710,running,0.00,0,0,0,0,0
1779748135199,-31766,6148,17122,-4105,-86,-5015,running,0.00,0,0,0,0,0
1779748135200,-32768,11256,25088,-6905,-535,-5732,running,0.00,0,0,0,0,0
1779748135227,-32703,23752,18102,-8542,737,-5766,running,0.00,0,0,0,0,0
1779748135230,-32733,32400,-4946,-8509,2010,-6457,running,0.00,0,0,0,0,0
1779748135231,-32768,32767,5989,-7054,1753,-7126,running,0.00,0,0,0,0,0
1779748135256,-32768,32660,16021,-5046,2001,-7363,running,0.00,0,0,0,0,0
1779748135257,-32754,32744,16192,-4425,2424,-6748,running,0.00,0,0,0,0,0
1779748135257,-32722,32767,16410,-5511,2384,-5449,running,0.00,0,0,0,0,0
1779748135290,-30156,32766,14740,-7317,2454,-4056,running,0.00,0,0,0,0,0
1779748135291,-14752,32766,5387,-8092,2834,-2908,running,0.00,0,0,0,0,0
1779748135292,1524,32767,-59,-7745,2954,-2114,running,0.00,0,0,0,0,0
1779748135318,10571,32767,-6910,-6980,3265,-1536,running,0.00,0,0,0,0,0
1779748135319,15140,32767,-12007,-4547,4749,-1886,running,0.00,0,0,0,0,0
1779748135320,11136,32767,-26404,-3200,3423,-4041,running,0.00,0,0,0,0,0
1779748135353,16055,26329,773,-5022,-1082,-5857,running,0.00,0,0,0,0,0
1779748135353,29387,19910,1643,-3355,2404,-3548,running,0.00,0,0,0,0,0
1779748135354,32767,27922,1254,-1377,4261,-99,running,0.00,0,0,0,0,0
1779748135381,32767,32443,-11656,-1011,5092,244,running,0.00,0,0,0,0,0
1779748135383,32697,18300,-19733,-183,4515,-1720,running,0.00,0,0,0,0,0
1779748135384,32767,7136,-3974,-2187,2143,-714,running,0.00,0,0,0,0,0
1779748135411,32767,29166,-2006,-5853,120,1876,running,0.00,0,0,0,0,0
1779748135412,32765,32767,769,-4653,256,2844,running,0.00,0,0,0,0,0
1779748135413,32767,27667,588,-1222,93,4387,running,0.00,0,0,0,0,0
1779748135439,31386,26964,1702,404,-607,6190,running,0.00,0,0,0,0,0
1779748135440,25383,11694,4677,-1205,-1803,5815,running,0.00,0,0,0,0,0
1779748135440,9181,28750,9559,-2850,-2948,5203,running,0.00,0,0,0,0,0
1779748135470,1980,24042,14985,-834,-3388,5397,running,0.00,0,0,0,0,0
1779748135470,-661,23801,17073,376,-3556,6375,running,0.00,0,0,0,0,0
1779748135471,-13015,32767,19484,1057,-4349,6847,running,0.00,0,0,0,0,0
1779748135498,-23580,32767,20217,3383,-4173,7100,running,0.00,0,0,0,0,0
1779748135499,-30818,32549,21333,5102,-3683,7310,running,0.00,0,0,0,0,0
1779748135499,-32768,32767,22686,4907,-3528,6837,running,0.00,0,0,0,0,0
1779748135533,-31037,32767,20972,3990,-3578,6556,running,0.00,0,0,0,0,0
1779748135534,-32498,32762,22376,4332,-3579,6770,running,0.00,0,0,0,0,0
1779748135534,-32768,32767,24432,4267,-3691,6680,running,0.00,0,0,0,0,0
1779748135559,-32749,32238,19949,2858,-4156,5694,running,0.00,0,0,0,0,0
1779748135560,-32736,31571,12841,2340,-3999,4992,running,0.00,0,0,0,0,0
1779748135561,-32458,27836,-174,2646,-4087,5346,running,0.00,0,0,0,0,0
1779748135589,-32760,20702,15438,1819,-5562,4836,running,0.00,0,0,0,0,0
1779748135591,-32672,18868,8352,1222,-3997,4096,running,0.00,0,0,0,0,0
1779748135591,-32459,22864,-966,2157,-3056,3163,running,0.00,0,0,0,0,0
1779748135617,-32496,12291,11322,2853,-3740,1532,running,0.00,0,0,0,0,0
1779748135619,-28862,-9769,15970,2434,-3195,-254,running,0.00,0,0,0,0,0
1779748135620,-18111,-16112,9013,2008,-2798,-1411,running,0.00,0,0,0,0,0
1779748135664,-12523,-18135,10600,3013,-2885,-1423,running,0.00,0,0,0,0,0
1779748135665,-20641,-17782,20256,3162,-3713,-1437,running,0.00,0,0,0,0,0
1779748135666,-29855,-20618,32676,3289,-3878,-1643,running,0.00,0,0,0,0,0
1779748135684,-32768,-27644,32767,3317,-3333,-2734,running,0.00,0,0,0,0,0
1779748135684,-32768,-32768,32570,2737,-2210,-4843,running,0.00,0,0,0,0,0
1779748135685,-32689,-32768,28820,486,58,-6635,running,0.00,0,0,0,0,0
1779748135705,-32768,-31009,11569,-811,1157,-6560,running,0.00,0,0,0,0,0
1779748135706,-32768,-17296,18753,-1535,-833,-6669,running,0.00,0,0,0,0,0
1779748135707,-32766,-1721,29947,-2148,-1267,-7510,running,0.00,0,0,0,0,0
1779748135737,-32768,6009,20619,-2482,-245,-8427,running,0.00,0,0,0,0,0
1779748135739,-32768,3418,20777,-3477,-231,-9334,running,0.00,0,0,0,0,0
1779748135739,-32768,11719,17604,-4474,-225,-9501,running,0.00,0,0,0,0,0
1779748135765,-32768,28277,12750,-5251,-153,-9082,running,0.00,0,0,0,0,0
1779748135766,-32768,32767,11518,-5861,-41,-8361,running,0.00,0,0,0,0,0
1779748135767,-32768,32737,13299,-5689,352,-7841,running,0.00,0,0,0,0,0
1779748135800,-32768,32639,17997,-5695,877,-7368,running,0.00,0,0,0,0,0
1779748135801,-32768,32767,18964,-5850,1444,-6933,running,0.00,0,0,0,0,0
1779748135801,-31592,32767,11352,-6429,1737,-5989,running,0.00,0,0,0,0,0
1779748135825,-27350,32764,5930,-7800,1613,-4075,running,0.00,0,0,0,0,0
1779748135826,-15694,32767,-2838,-8235,1738,-2683,running,0.00,0,0,0,0,0
1779748135826,-8447,32767,-7928,-8478,1304,-1336,running,0.00,0,0,0,0,0
1779748135856,-7508,32767,-11001,-6562,1321,-499,running,0.00,0,0,0,0,0
1779748135857,16983,32767,-2278,-5161,943,836,running,0.00,0,0,0,0,0
1779748135858,29643,32424,4959,-3363,3818,961,running,0.00,0,0,0,0,0
1779748135888,25855,31736,-23510,1694,9845,-1316,running,0.00,0,0,0,0,0
1779748135889,25339,8603,17047,5906,3231,-5293,running,0.00,0,0,0,0,0
1779748135889,26668,-1412,2557,331,-1218,-3104,running,0.00,0,0,0,0,0
1779748135916,25066,19603,10359,-9117,-1170,313,running,0.00,0,0,0,0,0
1779748135917,32239,17125,-16063,-14411,1137,858,running,0.00,0,0,0,0,0
1779748135917,32767,21935,-9503,-5515,1551,2346,running,0.00,0,0,0,0,0
1779748135950,27188,27837,289,-2248,175,4911,running,0.00,0,0,0,0,0
1779748135951,10915,25713,-1652,-2536,226,5582,running,0.00,0,0,0,0,0
1779748135951,6836,31971,838,-1950,314,5462,running,0.00,0,0,0,0,0
1779748135976,13165,30706,3369,-816,483,5382,running,0.00,0,0,0,0,0
1779748135977,18357,30518,7331,-307,-15,5560,running,0.00,0,0,0,0,0
1779748135978,22715,30876,11915,-271,-888,5965,running,0.00,0,0,0,0,0
1779748136006,19162,23450,14515,-246,-1917,6293,running,0.00,0,0,0,0,0
1779748136007,11156,17022,18265,-355,-3289,6559,running,0.00,0,0,0,0,0
1779748136007,-6971,22682,13732,-1025,-5151,6275,running,0.00,0,0,0,0,0
1779748136038,-29100,32767,20697,674,-5044,5760,running,0.00,0,0,0,0,0
1779748136039,-21033,10039,21204,1891,-4581,3519,running,0.00,0,0,0,0,0
1779748136039,32767,30977,17367,261,-5946,4881,running,0.00,0,0,0,0,0
1779748136066,11910,32767,32767,3077,-6748,7436,running,0.00,0,0,0,0,0
1779748136067,-24472,32401,32312,3890,-6195,9329,running,0.00,0,0,0,0,0
1779748136067,-29966,32674,30209,1455,-7140,8498,running,0.00,0,0,0,0,0
1779748136096,-32046,32767,31942,1333,-7746,7391,running,0.00,0,0,0,0,0
1779748136097,-32768,32763,32767,3012,-6721,7444,running,0.00,0,0,0,0,0
1779748136097,-32737,32764,31224,3414,-6201,7269,running,0.00,0,0,0,0,0
1779748136133,-32744,32767,32618,3058,-6465,6693,running,0.00,0,0,0,0,0
1779748136133,-32768,31317,26878,2083,-5763,6185,running,0.00,0,0,0,0,0
1779748136133,-32768,19187,11137,1254,-5148,4465,running,0.00,0,0,0,0,0
1779748136158,-32767,6611,11624,283,-5257,2197,running,0.00,0,0,0,0,0
1779748136159,-31777,-3571,5178,-367,-4743,604,running,0.00,0,0,0,0,0
1779748136160,-26134,-11137,-642,293,-3970,-468,running,0.00,0,0,0,0,0
1779748136190,-21765,-17719,-2598,1106,-3492,-1333,running,0.00,0,0,0,0,0
1779748136191,-20785,-20248,-679,1854,-3378,-1938,running,0.00,0,0,0,0,0
1779748136192,-22792,-20821,3939,2277,-3268,-2270,running,0.00,0,0,0,0,0
1779748136214,-23319,-20685,5308,1741,-3193,-3191,running,0.00,0,0,0,0,0
1779748136215,-27477,-24641,8543,1769,-3076,-4631,running,0.00,0,0,0,0,0
1779748136216,-32768,-32768,12815,2435,-2452,-6142,running,0.00,0,0,0,0,0
1779748136249,-32768,-32768,13257,2781,-1592,-6759,running,0.00,0,0,0,0,0
1779748136250,-32678,-32624,22842,2150,-1688,-6371,running,0.00,0,0,0,0,0
1779748136251,-32758,-32260,29192,1074,-1390,-6462,running,0.00,0,0,0,0,0
1779748136275,-32767,-13194,27905,-2616,-158,-6516,running,0.00,0,0,0,0,0
1779748136275,-32768,-10311,22666,-4100,632,-6277,running,0.00,0,0,0,0,0
1779748136276,-32768,-5738,23939,-4802,1137,-5676,running,0.00,0,0,0,0,0
1779748136305,-32768,15616,27710,-5495,1721,-5017,running,0.00,0,0,0,0,0
1779748136305,-32768,32767,10202,-5633,2507,-5285,running,0.00,0,0,0,0,0
1779748136306,-32768,32767,18423,-5151,2280,-6426,running,0.00,0,0,0,0,0
1779748136339,-32768,32430,16275,-4716,2674,-6568,running,0.00,0,0,0,0,0
1779748136365,-32768,32767,18766,-5002,2613,-5729,running,0.00,0,0,0,0,0
1779748136366,-32768,32767,21116,-4689,3227,-5332,running,0.00,0,0,0,0,0
1779748136367,-31572,32761,26376,-4559,3548,-4403,running,0.00,0,0,0,0,0
1779748136368,-19960,32767,25694,-4969,3475,-3171,running,0.00,0,0,0,0,0
1779748136368,-17877,32767,24876,-5529,3196,-1964,running,0.00,0,0,0,0,0
1779748136405,-13045,32767,20164,-5223,3352,-1448,running,0.00,0,0,0,0,0
1779748136406,624,32767,13247,-4258,3427,-1168,running,0.00,0,0,0,0,0
1779748136407,20359,32767,10738,-2919,3620,-440,running,0.00,0,0,0,0,0
1779748136426,-1009,32767,8783,-1991,5696,-1732,running,0.00,0,0,0,0,0
1779748136426,-23026,17005,-7371,1114,12045,-8100,running,0.00,0,0,0,0,0
1779748136427,5720,4132,2039,-2274,4624,-5344,running,0.00,0,0,0,0,0
1779748136461,32602,19734,7549,-3684,-2225,-885,running,0.00,0,0,0,0,0
1779748136462,21391,32767,3920,-8504,-1506,-592,running,0.00,0,0,0,0,0
1779748136463,24397,17434,-9578,-10763,581,-838,running,0.00,0,0,0,0,0
1779748136490,15601,22839,-7830,-8658,466,884,running,0.00,0,0,0,0,0
1779748136491,12280,28662,-9396,-5553,303,2318,running,0.00,0,0,0,0,0
1779748136492,12910,23266,-6487,-3589,-56,3203,running,0.00,0,0,0,0,0
1779748136528,12118,24206,-2334,-2429,143,3480,running,0.00,0,0,0,0,0
1779748136528,17553,25215,-1285,-1635,441,3574,running,0.00,0,0,0,0,0
1779748136529,19768,19802,1565,-18,906,4050,running,0.00,0,0,0,0,0
1779748136546,24179,19627,5738,1319,1166,4396,running,0.00,0,0,0,0,0
1779748136547,28366,17244,7823,1694,741,4303,running,0.00,0,0,0,0,0
1779748136547,30805,18103,7566,1252,-160,4396,running,0.00,0,0,0,0,0
1779748136577,32107,20361,7084,273,-1182,4449,running,0.00,0,0,0,0,0
1779748136582,22725,13081,6708,-724,-2306,4327,running,0.00,0,0,0,0,0
1779748136583,7522,18826,7523,-2155,-3905,4136,running,0.00,0,0,0,0,0
1779748136604,625,29610,14310,-2650,-5287,3923,running,0.00,0,0,0,0,0
1779748136605,-1244,26106,13968,504,-4540,4946,running,0.00,0,0,0,0,0
1779748136605,7836,29908,17350,2735,-4215,6262,running,0.00,0,0,0,0,0
1779748136638,-803,32216,24434,2573,-4881,6475,running,0.00,0,0,0,0,0
1779748136639,-8690,32641,23964,2856,-4797,6274,running,0.00,0,0,0,0,0
1779748136639,-5421,32767,26034,3087,-4932,6678,running,0.00,0,0,0,0,0
1779748136667,-21376,32760,32767,3495,-4800,6968,running,0.00,0,0,0,0,0
1779748136668,-32138,32763,32767,3232,-4333,6562,running,0.00,0,0,0,0,0
1779748136668,-32768,32767,31297,3503,-4235,5829,running,0.00,0,0,0,0,0
1779748136698,-32644,32767,31082,3686,-4209,4942,running,0.00,0,0,0,0,0
1779748136700,-32736,30140,18944,2903,-4426,4365,running,0.00,0,0,0,0,0
1779748136701,-32553,18092,15619,1773,-6913,3538,running,0.00,0,0,0,0,0
1779748136727,-32500,12744,24339,575,-9405,3249,running,0.00,0,0,0,0,0
1779748136736,-32768,7100,30049,-981,-9115,3275,running,0.00,0,0,0,0,0
1779748136737,-32768,1161,21255,-3121,-5919,2878,running,0.00,0,0,0,0,0
1779748136758,-31794,12262,-9966,-2461,-3380,2557,running,0.00,0,0,0,0,0
1779748136760,-28928,15763,-6156,-571,-3904,685,running,0.00,0,0,0,0,0
1779748136764,-22319,-5613,-6709,145,-3795,-2340,running,0.00,0,0,0,0,0
1779748136793,-19524,-20733,-1340,876,-3386,-3415,running,0.00,0,0,0,0,0
1779748136794,-17399,-29869,-8884,1774,-2596,-3101,running,0.00,0,0,0,0,0
1779748136795,-21037,-32768,-6040,2239,-2613,-2771,running,0.00,0,0,0,0,0
1779748136815,-28873,-32768,-1260,1853,-2130,-3144,running,0.00,0,0,0,0,0
1779748136816,-32768,-31518,857,2062,-897,-3631,running,0.00,0,0,0,0,0
1779748136817,-32768,-29587,4234,2629,137,-4199,running,0.00,0,0,0,0,0
1779748136848,-32689,-28006,7909,2280,867,-4761,running,0.00,0,0,0,0,0
1779748136848,-32768,-26101,12111,1120,1214,-5208,running,0.00,0,0,0,0,0
1779748136849,-32768,-23639,15938,-441,1605,-5411,running,0.00,0,0,0,0,0
1779748136880,-32402,-21664,16016,-2036,2269,-5520,running,0.00,0,0,0,0,0
1779748136881,-32495,-18642,15017,-3176,3016,-4979,running,0.00,0,0,0,0,0
1779748136882,-32768,-139,13494,-4006,3335,-4048,running,0.00,0,0,0,0,0
1779748136907,-32768,15478,14174,-3536,3611,-4406,running,0.00,0,0,0,0,0
1779748136908,-32762,9266,16601,-3637,4052,-5633,running,0.00,0,0,0,0,0
1779748136909,-32723,7315,13472,-3821,4478,-5933,running,0.00,0,0,0,0,0
1779748136939,-32560,13621,13893,-3742,4347,-5541,running,0.00,0,0,0,0,0
1779748136940,-32768,19934,14612,-3529,4094,-5251,running,0.00,0,0,0,0,0
1779748136941,-32768,27821,17494,-3157,3839,-5199,running,0.00,0,0,0,0,0
1779748136968,-32764,32767,22350,-2841,3687,-5149,running,0.00,0,0,0,0,0
1779748136969,-32768,32767,28891,-2735,3574,-5028,running,0.00,0,0,0,0,0
1779748136970,-32768,32662,32767,-2954,3419,-4708,running,0.00,0,0,0,0,0
1779748136997,-32768,32767,32767,-3428,3212,-4270,running,0.00,0,0,0,0,0
1779748136997,-32107,32767,32686,-4046,3049,-3615,running,0.00,0,0,0,0,0
1779748136999,-25676,32765,32495,-4583,2916,-2697,running,0.00,0,0,0,0,0
1779748137046,-15843,32767,26222,-4968,2744,-1658,running,0.00,0,0,0,0,0
1779748137047,-3757,32767,19180,-4578,2628,-632,running,0.00,0,0,0,0,0
1779748137047,25124,31773,23259,-3728,3338,1244,running,0.00,0,0,0,0,0
1779748137060,1574,31844,-820,-3400,6071,3128,running,0.00,0,0,0,0,0
1779748137061,-19209,-1168,-7236,-1906,2827,-6256,running,0.00,0,0,0,0,0
1779748137062,-274,-3258,8724,-3711,-2959,-5149,running,0.00,0,0,0,0,0
1779748137089,-5315,32767,19258,-4824,163,492,running,0.00,0,0,0,0,0
1779748137089,12183,29947,-5163,-4382,4184,1324,running,0.00,0,0,0,0,0
1779748137090,24485,27831,-19605,-1737,3628,1804,running,0.00,0,0,0,0,0
1779748137118,22455,16498,-3532,-434,436,1745,running,0.00,0,0,0,0,0
1779748137119,15922,7617,2472,-1523,-113,1878,running,0.00,0,0,0,0,0
1779748137120,13711,17809,-1640,-2446,535,2599,running,0.00,0,0,0,0,0
1779748137147,12915,24793,-2728,-2402,379,2653,running,0.00,0,0,0,0,0
1779748137147,13568,19261,-866,-2093,56,2510,running,0.00,0,0,0,0,0
1779748137148,15212,15482,679,-1466,147,2660,running,0.00,0,0,0,0,0
1779748137185,18588,17190,2377,-1172,71,2774,running,0.00,0,0,0,0,0
1779748137186,23326,15679,1278,-1106,-183,2522,running,0.00,0,0,0,0,0
1779748137186,28703,12633,6009,-1433,-1335,2669,running,0.00,0,0,0,0,0
1779748137207,26796,14922,8568,-1515,-1907,3550,running,0.00,0,0,0,0,0
1779748137208,18947,18938,6747,-404,-1981,4304,running,0.00,0,0,0,0,0
1779748137209,16919,15218,8566,69,-2809,4587,running,0.00,0,0,0,0,0
1779748137240,16504,13649,10302,328,-3575,4661,running,0.00,0,0,0,0,0
1779748137241,13683,15618,12822,870,-4084,4756,running,0.00,0,0,0,0,0
1779748137241,11476,19106,16404,1661,-4484,5164,running,0.00,0,0,0,0,0
1779748137268,7304,22694,20981,2783,-4688,5719,running,0.00,0,0,0,0,0
1779748137269,-1476,30441,28064,3415,-4816,5919,running,0.00,0,0,0,0,0
1779748137270,-8995,32767,32064,3361,-4826,5484,running,0.00,0,0,0,0,0
1779748137297,-9744,32758,32535,2332,-5131,4417,running,0.00,0,0,0,0,0
1779748137300,-17756,32702,32731,227,-5539,2376,running,0.00,0,0,0,0,0
1779748137301,-20281,32767,32767,213,-5444,1641,running,0.00,0,0,0,0,0
1779748137327,-23305,32767,32764,728,-5829,2956,running,0.00,0,0,0,0,0
1779748137332,-29489,32765,32766,520,-6499,3744,running,0.00,0,0,0,0,0
1779748137334,-32768,32457,32019,182,-6935,4104,running,0.00,0,0,0,0,0
1779748137357,-32768,32055,16270,-930,-6913,3462,running,0.00,0,0,0,0,0
1779748137358,-32768,30911,7296,-1630,-8847,1130,running,0.00,0,0,0,0,0
1779748137359,-32768,18540,6960,-671,-7585,-570,running,0.00,0,0,0,0,0
1779748137393,-29028,3984,87,257,-5909,-1552,running,0.00,0,0,0,0,0
1779748137394,-18981,-1995,-5166,1030,-4784,-1851,running,0.00,0,0,0,0,0
1779748137394,-16456,-10338,-4886,1591,-4273,-2763,running,0.00,0,0,0,0,0
1779748137417,-17936,-15532,-3077,2203,-3570,-3216,running,0.00,0,0,0,0,0
1779748137423,-16312,-23886,-5461,2859,-2790,-3391,running,0.00,0,0,0,0,0
1779748137424,-14297,-31262,-3959,2749,-2598,-3363,running,0.00,0,0,0,0,0
1779748137449,-17369,-32768,-975,2713,-2327,-3110,running,0.00,0,0,0,0,0
1779748137450,-28600,-32539,6023,2719,-1704,-2911,running,0.00,0,0,0,0,0
1779748137450,-32768,-32768,10108,1988,-287,-2873,running,0.00,0,0,0,0,0
1779748137476,-32768,-30934,4020,1004,1100,-2976,running,0.00,0,0,0,0,0
1779748137477,-32694,-19838,3339,708,1817,-3203,running,0.00,0,0,0,0,0
1779748137479,-32732,-10767,8477,-437,2020,-3637,running,0.00,0,0,0,0,0
1779748137508,-29886,-6452,11206,-1737,2399,-4151,running,0.00,0,0,0,0,0
1779748137509,-27243,-5659,13806,-2266,3085,-4114,running,0.00,0,0,0,0,0
1779748137511,-28719,865,13809,-2673,3762,-3468,running,0.00,0,0,0,0,0
1779748137539,-28603,12187,11589,-3096,4312,-2980,running,0.00,0,0,0,0,0
1779748137540,-26694,20404,12602,-3488,4543,-2925,running,0.00,0,0,0,0,0
1779748137541,-25693,24425,13337,-3615,4683,-3032,running,0.00,0,0,0,0,0
1779748137569,-26700,27470,14781,-3411,4712,-2845,running,0.00,0,0,0,0,0
1779748137572,-27892,32319,16476,-3233,4729,-2323,running,0.00,0,0,0,0,0
1779748137573,-31132,32767,19321,-2966,4752,-1919,running,0.00,0,0,0,0,0
1779748137596,-32768,32706,23856,-2514,4697,-1768,running,0.00,0,0,0,0,0
1779748137597,-32763,32747,29438,-2208,4656,-1883,running,0.00,0,0,0,0,0
1779748137598,-30718,32767,32767,-2587,4517,-2019,running,0.00,0,0,0,0,0
1779748137630,-27138,32766,30761,-3380,4248,-1747,running,0.00,0,0,0,0,0
1779748137631,-22482,32766,26281,-4054,3727,-1274,running,0.00,0,0,0,0,0
1779748137632,-16047,32767,21940,-4172,3332,-754,running,0.00,0,0,0,0,0
1779748137657,-5249,28109,21295,-4096,3132,-234,running,0.00,0,0,0,0,0
1779748137658,11836,2121,13920,-6782,2565,415,running,0.00,0,0,0,0,0
1779748137658,-19154,32767,10407,-4933,2364,423,running,0.00,0,0,0,0,0
1779748137688,-14664,23174,17154,-2981,4364,-2351,running,0.00,0,0,0,0,0
1779748137689,-6363,26677,10209,-2503,5830,-1575,running,0.00,0,0,0,0,0
1779748137690,14554,26208,-14492,-849,7009,274,running,0.00,0,0,0,0,0
1779748137747,30218,14872,681,1128,2119,690,running,0.00,0,0,0,0,0
1779748137748,19670,5126,6890,561,-543,98,running,0.00,0,0,0,0,0
1779748137749,13191,1149,-293,-2234,470,-256,running,0.00,0,0,0,0,0
1779748137750,13259,10858,-4447,-2760,736,441,running,0.00,0,0,0,0,0
1779748137751,12051,11846,-3457,-2139,92,835,running,0.00,0,0,0,0,0
1779748137751,12375,10319,-2134,-1395,225,1174,running,0.00,0,0,0,0,0
1779748137777,13062,11956,-1562,-866,580,1587,running,0.00,0,0,0,0,0
1779748137786,13181,12183,-1429,-534,887,1711,running,0.00,0,0,0,0,0
1779748137788,18262,16295,-1104,134,1041,1752,running,0.00,0,0,0,0,0
1779748137808,23808,17132,1012,830,1035,2180,running,0.00,0,0,0,0,0
1779748137808,19427,9172,4519,1590,1110,2339,running,0.00,0,0,0,0,0
1779748137809,17117,4483,4985,1817,1280,2314,running,0.00,0,0,0,0,0
1779748137839,20162,13716,4228,911,531,1832,running,0.00,0,0,0,0,0
1779748137840,24410,8935,5695,-221,-924,1386,running,0.00,0,0,0,0,0
1779748137840,26749,3656,5354,-314,-1908,1360,running,0.00,0,0,0,0,0
1779748137866,28429,7150,4591,-371,-2695,1815,running,0.00,0,0,0,0,0
1779748137867,24627,8270,4492,-58,-3366,2046,running,0.00,0,0,0,0,0
1779748137867,16508,13682,4664,884,-3634,2566,running,0.00,0,0,0,0,0
1779748137897,10356,13730,7241,1949,-3729,2881,running,0.00,0,0,0,0,0
1779748137898,14419,12787,12313,2675,-3982,2877,running,0.00,0,0,0,0,0
1779748137899,13001,16049,19463,2763,-4492,3044,running,0.00,0,0,0,0,0
1779748137927,9666,26946,24774,2527,-5158,2987,running,0.00,0,0,0,0,0
1779748137930,8082,32009,29990,1580,-5907,2574,running,0.00,0,0,0,0,0
1779748137931,9089,32767,31225,203,-6287,1567,running,0.00,0,0,0,0,0
1779748137958,-4502,32724,32767,-668,-6390,1066,running,0.00,0,0,0,0,0
1779748137959,-29922,32741,32767,-526,-6329,1332,running,0.00,0,0,0,0,0
1779748137960,-32768,32767,32733,-575,-6345,1643,running,0.00,0,0,0,0,0
1779748137989,-32340,32469,32767,359,-6952,1970,running,0.00,0,0,0,0,0
1779748137991,-32707,32456,32541,623,-7606,2260,running,0.00,0,0,0,0,0
1779748137991,-32768,32678,29166,-156,-7330,2175,running,0.00,0,0,0,0,0
1779748138017,-32762,30822,18182,-298,-6397,1295,running,0.00,0,0,0,0,0
1779748138018,-32579,22949,8336,291,-5521,478,running,0.00,0,0,0,0,0
1779748138019,-31221,12779,7410,1419,-4608,15,running,0.00,0,0,0,0,0
1779748138047,-26845,3953,3152,1977,-3496,-404,running,0.00,0,0,0,0,0
1779748138052,-20575,-752,-1100,2368,-2735,-693,running,0.00,0,0,0,0,0
1779748138054,-16435,-6954,-3228,2418,-2504,-1033,running,0.00,0,0,0,0,0
1779748138077,-13077,-14293,-3015,2202,-2556,-1305,running,0.00,0,0,0,0,0
1779748138081,-12297,-19804,-2949,2142,-2372,-1260,running,0.00,0,0,0,0,0
1779748138081,-16006,-24959,-2153,1691,-1883,-1198,running,0.00,0,0,0,0,0
1779748138109,-20120,-27294,-4148,837,-1034,-1118,running,0.00,0,0,0,0,0
1779748138110,-25073,-26712,-5420,291,-410,-1043,running,0.00,0,0,0,0,0
1779748138110,-30465,-21824,-1564,465,164,-1282,running,0.00,0,0,0,0,0
1779748138138,-31768,-19435,371,811,962,-2115,running,0.00,0,0,0,0,0
1779748138139,-27272,-18911,3903,843,1643,-2964,running,0.00,0,0,0,0,0
1779748138140,-21559,-19449,7287,1,2129,-3495,running,0.00,0,0,0,0,0
1779748138169,-19842,-18850,6393,-962,2515,-3648,running,0.00,0,0,0,0,0
1779748138176,-19680,-14903,6339,-1568,2822,-3577,running,0.00,0,0,0,0,0
1779748138176,-19751,-9651,7701,-2139,3191,-3510,running,0.00,0,0,0,0,0
1779748138199,-20688,-6238,9656,-2335,3656,-3474,running,0.00,0,0,0,0,0
1779748138200,-20947,-2040,9231,-1978,4108,-3271,running,0.00,0,0,0,0,0
1779748138201,-22620,1052,9996,-1666,4136,-3359,running,0.00,0,0,0,0,0
1779748138231,-23997,-2548,13852,-1785,4176,-3987,running,0.00,0,0,0,0,0
1779748138232,-20581,-4751,14657,-2531,4483,-4180,running,0.00,0,0,0,0,0
1779748138233,-21586,-437,16118,-3138,4607,-4082,running,0.00,0,0,0,0,0
1779748138257,-24114,3428,22014,-2959,4611,-4197,running,0.00,0,0,0,0,0
1779748138257,-25500,2685,31131,-1726,4564,-3534,running,0.00,0,0,0,0,0
1779748138258,-32768,23400,29629,-2213,4445,-2538,running,0.00,0,0,0,0,0
1779748138288,-32768,32767,22364,-4369,3363,-3146,running,0.00,0,0,0,0,0
1779748138289,-32632,32767,32221,-6617,1250,-4956,running,0.00,0,0,0,0,0
1779748138290,-32756,32515,28656,-6445,1240,-4897,running,0.00,0,0,0,0,0
1779748138316,-32768,32767,26681,-4832,1295,-3295,running,0.00,0,0,0,0,0
1779748138317,-32685,32535,24114,-3847,1246,-2032,running,0.00,0,0,0,0,0
1779748138318,-30399,32408,21003,-2322,1498,-1346,running,0.00,0,0,0,0,0
1779748138347,-16220,32767,22309,-689,1965,-842,running,0.00,0,0,0,0,0
1779748138348,-4458,32420,18507,-583,2184,-335,running,0.00,0,0,0,0,0
1779748138348,2882,32323,15274,-1541,2218,-364,running,0.00,0,0,0,0,0
1779748138377,-2905,32767,27025,-3790,2724,-2518,running,0.00,0,0,0,0,0
1779748138380,-15962,-4330,-6676,-8272,8727,-8637,running,0.00,0,0,0,0,0
1779748138380,15536,-1790,-16375,-6167,2939,-3966,running,0.00,0,0,0,0,0
1779748138407,19967,32767,19289,-5331,-4900,2529,running,0.00,0,0,0,0,0
1779748138408,22331,27071,8248,-5750,-1047,651,running,0.00,0,0,0,0,0
1779748138409,14840,4267,-10996,-3665,843,-150,running,0.00,0,0,0,0,0
1779748138442,7721,20139,-370,-1749,-25,2828,running,0.00,0,0,0,0,0
1779748138443,12457,14814,-198,-759,264,3011,running,0.00,0,0,0,0,0
1779748138444,12877,18483,-292,-770,264,3208,running,0.00,0,0,0,0,0
1779748138466,8942,25885,-948,-322,139,3217,running,0.00,0,0,0,0,0
1779748138467,10259,7767,3775,539,377,2903,running,0.00,0,0,0,0,0
1779748138467,13471,14151,1100,664,657,3150,running,0.00,0,0,0,0,0
1779748138496,14400,19298,974,1015,406,2948,running,0.00,0,0,0,0,0
1779748138496,14909,13763,3826,1365,64,2673,running,0.00,0,0,0,0,0
1779748138497,15323,6970,3916,1612,-230,2627,running,0.00,0,0,0,0,0
1779748138527,17245,7617,15340,1437,-829,2249,running,0.00,0,0,0,0,0
1779748138530,11549,-15167,2742,245,-835,634,running,0.00,0,0,0,0,0
1779748138531,10764,10497,3370,-97,-2013,3150,running,0.00,0,0,0,0,0
1779748138558,15084,20279,6313,1265,-2442,4254,running,0.00,0,0,0,0,0
1779748138558,12377,6507,7988,2119,-2657,3587,running,0.00,0,0,0,0,0
1779748138559,9530,3242,7538,2200,-3103,3757,running,0.00,0,0,0,0,0
1779748138589,7504,8226,8631,1746,-3812,4053,running,0.00,0,0,0,0,0
1779748138590,5249,9437,10490,1452,-4391,3875,running,0.00,0,0,0,0,0
1779748138590,3898,6457,12119,1531,-4776,3698,running,0.00,0,0,0,0,0
1779748138626,-2059,7178,17952,1876,-5037,3727,running,0.00,0,0,0,0,0
1779748138627,5183,23562,19128,1157,-5217,3079,running,0.00,0,0,0,0,0
1779748138628,14033,32767,24507,114,-5586,2026,running,0.00,0,0,0,0,0
1779748138647,5998,32767,31311,-448,-5260,779,running,0.00,0,0,0,0,0
1779748138647,-12614,32570,32767,-484,-4655,201,running,0.00,0,0,0,0,0
1779748138649,-28079,32767,32717,-81,-4370,551,running,0.00,0,0,0,0,0
1779748138680,-32768,32767,32721,902,-4373,609,running,0.00,0,0,0,0,0
1779748138681,-32768,30942,32767,1875,-4857,605,running,0.00,0,0,0,0,0
1779748138682,-32669,24337,32754,2257,-5773,985,running,0.00,0,0,0,0,0
1779748138710,-32768,24916,30749,1594,-6202,1198,running,0.00,0,0,0,0,0
1779748138711,-32768,24327,22122,457,-6185,661,running,0.00,0,0,0,0,0
1779748138711,-32766,24615,15263,-165,-5934,-393,running,0.00,0,0,0,0,0
1779748138744,-32613,22061,9771,-318,-5142,-1841,running,0.00,0,0,0,0,0
1779748138748,-28692,13436,3519,30,-4147,-2898,running,0.00,0,0,0,0,0
1779748138749,-19853,9373,-391,722,-3359,-3194,running,0.00,0,0,0,0,0
1779748138769,-12008,6162,-3545,1405,-2981,-3095,running,0.00,0,0,0,0,0
1779748138797,-8733,2453,-5725,2099,-2976,-2783,running,0.00,0,0,0,0,0
1779748138798,-10388,-5474,-5876,2940,-2751,-2409,running,0.00,0,0,0,0,0
1779748138799,-10309,-10188,-8258,3686,-2172,-2118,running,0.00,0,0,0,0,0
1779748138800,-10898,-14765,-6469,3535,-2371,-1744,running,0.00,0,0,0,0,0
1779748138801,-16496,-21802,-1168,2885,-2048,-1227,running,0.00,0,0,0,0,0
1779748138829,-18566,-22663,2385,3195,-748,-779,running,0.00,0,0,0,0,0
1779748138830,-17253,-23232,3412,3533,331,-279,running,0.00,0,0,0,0,0
1779748138831,-17237,-25072,3777,3997,1055,-82,running,0.00,0,0,0,0,0
1779748138857,-18245,-24207,4187,4648,1842,-401,running,0.00,0,0,0,0,0
1779748138858,-19693,-21031,7753,4628,2634,-1051,running,0.00,0,0,0,0,0
1779748138859,-19025,-20676,12012,3174,3312,-1945,running,0.00,0,0,0,0,0
1779748138889,-15925,-23006,8987,1627,3980,-2576,running,0.00,0,0,0,0,0
1779748138889,-14338,-22197,8461,538,4097,-2799,running,0.00,0,0,0,0,0
1779748138890,-17835,-17364,15330,-735,4075,-2694,running,0.00,0,0,0,0,0
1779748138917,-20490,-4158,22451,-1668,4895,-2395,running,0.00,0,0,0,0,0
1779748138917,-18759,3773,10368,-1379,5943,-2635,running,0.00,0,0,0,0,0
1779748138918,-18917,11664,-812,-2951,4700,-2396,running,0.00,0,0,0,0,0
1779748138952,-21337,26003,3505,-5241,3046,-1750,running,0.00,0,0,0,0,0
1779748138953,-27986,32767,17929,-4641,3032,-1501,running,0.00,0,0,0,0,0
1779748138953,-31044,32767,12747,-3813,3993,-1337,running,0.00,0,0,0,0,0
1779748138979,-32252,32645,15778,-3642,4022,-1976,running,0.00,0,0,0,0,0
1779748138979,-30003,32767,21946,-3080,4136,-2431,running,0.00,0,0,0,0,0
1779748138980,-24599,32767,24714,-2984,4283,-2065,running,0.00,0,0,0,0,0
1779748139007,-14955,31319,23608,-4535,3962,-1633,running,0.00,0,0,0,0,0
1779748139008,-15711,31729,13383,-7366,2958,-961,running,0.00,0,0,0,0,0
1779748139009,-20836,26398,17222,-7355,2630,-1122,running,0.00,0,0,0,0,0
1779748139038,-27988,30981,7736,-5822,2597,-1699,running,0.00,0,0,0,0,0
1779748139039,-11983,31193,15899,-3614,4115,-2211,running,0.00,0,0,0,0,0
1779748139039,7594,31090,-2936,-3685,5321,-1204,running,0.00,0,0,0,0,0
1779748139068,5529,31906,-7391,-1813,3839,-1095,running,0.00,0,0,0,0,0
1779748139072,4933,28993,-3640,-869,1655,-1518,running,0.00,0,0,0,0,0
1779748139073,15263,18640,1441,-481,343,-823,running,0.00,0,0,0,0,0
1779748139100,11347,8598,3797,89,473,261,running,0.00,0,0,0,0,0
1779748139101,4242,16426,-2808,82,1194,1125,running,0.00,0,0,0,0,0
1779748139102,5068,18452,-6859,-368,764,1076,running,0.00,0,0,0,0,0
1779748139131,3274,12084,-5239,53,115,681,running,0.00,0,0,0,0,0
1779748139132,1252,4471,-960,546,208,506,running,0.00,0,0,0,0,0
1779748139133,5047,2503,-3806,869,1084,665,running,0.00,0,0,0,0,0
1779748139157,8482,7949,-6007,915,1259,1078,running,0.00,0,0,0,0,0
1779748139158,9684,6787,-4957,1189,1246,1164,running,0.00,0,0,0,0,0
1779748139158,9029,6570,-2970,1403,1263,1091,running,0.00,0,0,0,0,0
1779748139188,7674,4499,-193,1418,1507,884,running,0.00,0,0,0,0,0
1779748139189,10251,3838,-1034,1452,2091,497,running,0.00,0,0,0,0,0
1779748139190,16098,4865,-6272,1390,2220,97,running,0.00,0,0,0,0,0
1779748139217,20733,5412,-2194,1204,1409,-177,running,0.00,0,0,0,0,0
1779748139218,26767,4733,-1003,659,708,-336,running,0.00,0,0,0,0,0
1779748139219,27444,3724,-248,-224,76,-442,running,0.00,0,0,0,0,0
1779748139250,27844,481,-517,-978,-458,-171,running,0.00,0,0,0,0,0
1779748139250,28682,-269,686,-1316,-1022,414,running,0.00,0,0,0,0,0
1779748139251,21023,3218,1241,-1181,-1666,796,running,0.00,0,0,0,0,0
1779748139279,10320,13036,2253,-1111,-2326,764,running,0.00,0,0,0,0,0
1779748139280,6160,22940,5481,-1495,-2812,1004,running,0.00,0,0,0,0,0
1779748139280,3160,26654,12652,-306,-2367,1632,running,0.00,0,0,0,0,0
1779748139307,2808,28142,16670,2352,-1666,2517,running,0.00,0,0,0,0,0
1779748139309,1657,29043,21169,4164,-1366,3407,running,0.00,0,0,0,0,0
1779748139312,2411,32688,22823,4447,-1660,3745,running,0.00,0,0,0,0,0
1779748139337,-4951,32767,23681,2564,-2977,3443,running,0.00,0,0,0,0,0
1779748139338,-14944,32673,29443,465,-3943,2691,running,0.00,0,0,0,0,0
1779748139339,-24087,32767,32767,-337,-4276,2499,running,0.00,0,0,0,0,0
1779748139366,-32768,32767,32767,-17,-4545,2620,running,0.00,0,0,0,0,0
1779748139367,-32768,32319,30899,-4,-4724,2362,running,0.00,0,0,0,0,0
1779748139397,-32601,27856,25729,-452,-5526,2539,running,0.00,0,0,0,0,0
1779748139398,-32764,26789,25600,-747,-6025,2971,running,0.00,0,0,0,0,0
1779748139400,-32768,32379,15252,-1629,-5774,2411,running,0.00,0,0,0,0,0
1779748139401,-32186,32439,11185,-2213,-6210,1062,running,0.00,0,0,0,0,0
1779748139436,-28849,26479,7022,-1739,-6127,235,running,0.00,0,0,0,0,0
1779748139437,-25585,21372,2807,-505,-5661,236,running,0.00,0,0,0,0,0
1779748139438,-22873,16577,1570,735,-5227,337,running,0.00,0,0,0,0,0
1779748139457,-21625,10239,3793,1705,-4725,203,running,0.00,0,0,0,0,0
1779748139458,-20102,3437,1853,2242,-3872,-47,running,0.00,0,0,0,0,0
1779748139459,-16660,786,-3057,2366,-3319,-180,running,0.00,0,0,0,0,0
1779748139488,-13181,904,-2490,2478,-3055,-364,running,0.00,0,0,0,0,0
1779748139489,-10207,-1045,-1442,2523,-2580,-666,running,0.00,0,0,0,0,0
1779748139489,-7492,-6444,-3445,2911,-2143,-928,running,0.00,0,0,0,0,0
1779748139521,-5389,-10167,-8445,3455,-2355,-937,running,0.00,0,0,0,0,0
1779748139522,-11782,-16438,-6731,4534,-4256,-774,running,0.00,0,0,0,0,0
1779748139522,-18249,-21342,-1186,4512,-3997,-598,running,0.00,0,0,0,0,0
1779748139558,-20574,-20512,9470,3640,-3190,-299,running,0.00,0,0,0,0,0
1779748139559,-24801,-16718,17391,2098,-2003,-322,running,0.00,0,0,0,0,0
1779748139560,-27940,-17316,12792,1652,-191,-1065,running,0.00,0,0,0,0,0
1779748139583,-22900,-21333,7434,1709,1100,-1719,running,0.00,0,0,0,0,0
1779748139584,-17400,-18568,6388,1519,1699,-1771,running,0.00,0,0,0,0,0
1779748139585,-15765,-13661,6308,1007,2082,-1986,running,0.00,0,0,0,0,0
1779748139608,-15105,-10708,7108,275,2370,-2375,running,0.00,0,0,0,0,0
1779748139609,-16368,-7512,8613,-211,2628,-2609,running,0.00,0,0,0,0,0
1779748139610,-16356,-6654,9810,-457,2937,-2759,running,0.00,0,0,0,0,0
1779748139638,-17222,-4941,11109,-802,3213,-2595,running,0.00,0,0,0,0,0
1779748139640,-17522,1126,11716,-1370,3544,-2290,running,0.00,0,0,0,0,0
1779748139640,-16304,5849,10345,-2148,3884,-2221,running,0.00,0,0,0,0,0
1779748139667,-17232,11022,7563,-2821,4081,-1980,running,0.00,0,0,0,0,0
1779748139668,-18574,20508,6838,-3486,4075,-1646,running,0.00,0,0,0,0,0
1779748139669,-19574,30117,12970,-3903,3903,-1246,running,0.00,0,0,0,0,0
1779748139697,-23386,32767,12781,-4293,4024,-990,running,0.00,0,0,0,0,0
1779748139698,-26385,32747,11294,-4517,4014,-1762,running,0.00,0,0,0,0,0
1779748139699,-26396,32691,14770,-3724,3996,-2835,running,0.00,0,0,0,0,0
1779748139729,-22344,32767,12745,-3327,3857,-3084,running,0.00,0,0,0,0,0
1779748139730,-16764,32767,10215,-3721,3350,-2396,running,0.00,0,0,0,0,0
1779748139731,-12274,32765,9847,-4684,2839,-1437,running,0.00,0,0,0,0,0
1779748139757,-18017,32767,6372,-5962,2493,-684,running,0.00,0,0,0,0,0
1779748139758,-25248,32767,5446,-4736,2533,-1410,running,0.00,0,0,0,0,0
1779748139759,-14741,32767,5247,-3200,3352,-3044,running,0.00,0,0,0,0,0
1779748139788,-7655,27089,-3118,-2332,4241,-5814,running,0.00,0,0,0,0,0
1779748139788,-7740,3434,-7824,-2787,3370,-7706,running,0.00,0,0,0,0,0
1779748139789,3116,22568,-10000,-4371,125,-4248,running,0.00,0,0,0,0,0
1779748139817,9066,26107,9079,-4755,-1859,-3351,running,0.00,0,0,0,0,0
1779748139818,2975,12406,11029,-4659,506,-3315,running,0.00,0,0,0,0,0
1779748139818,11999,6966,-6064,-4050,2386,-717,running,0.00,0,0,0,0,0
1779748139848,7355,28542,-2502,-3187,490,1542,running,0.00,0,0,0,0,0
1779748139849,-2350,23146,1052,-2113,-124,990,running,0.00,0,0,0,0,0
1779748139851,-8458,14205,4637,-786,998,457,running,0.00,0,0,0,0,0
1779748139878,-305,12041,-1762,-11,2583,935,running,0.00,0,0,0,0,0
1779748139878,7506,12053,-4400,428,2529,1259,running,0.00,0,0,0,0,0
1779748139879,8784,9967,-1798,684,1770,1167,running,0.00,0,0,0,0,0
1779748139907,8276,9219,-372,678,1441,1210,running,0.00,0,0,0,0,0
1779748139908,8658,10320,-231,392,1333,1343,running,0.00,0,0,0,0,0
1779748139909,8230,12594,-1634,217,1270,1348,running,0.00,0,0,0,0,0
1779748139937,7921,14393,-1842,236,986,1233,running,0.00,0,0,0,0,0
1779748139940,6708,12534,383,192,668,985,running,0.00,0,0,0,0,0
1779748139941,5813,10918,1523,199,787,1020,running,0.00,0,0,0,0,0
1779748139967,6997,7936,469,299,1005,1275,running,0.00,0,0,0,0,0
1779748139968,5264,10525,2447,320,867,1258,running,0.00,0,0,0,0,0
1779748139968,8393,17894,263,83,508,1317,running,0.00,0,0,0,0,0
1779748139998,8743,5441,5410,870,181,1404,running,0.00,0,0,0,0,0
1779748139999,8462,2579,5393,1467,311,2191,running,0.00,0,0,0,0,0
1779748140000,9257,3109,4613,1558,46,2869,running,0.00,0,0,0,0,0
1779748140028,8064,4179,6170,1422,-641,2908,running,0.00,0,0,0,0,0
1779748140029,8107,6266,6833,1041,-1383,2706,running,0.00,0,0,0,0,0
1779748140029,8599,7824,7623,865,-2070,2600,running,0.00,0,0,0,0,0
1779748140056,7084,10279,9094,1097,-2621,2722,running,0.00,0,0,0,0,0
1779748140057,3029,10488,10407,1268,-3050,2688,running,0.00,0,0,0,0,0
1779748140058,1394,14365,12454,1107,-3519,2438,running,0.00,0,0,0,0,0
1779748140092,6802,25065,16809,854,-4026,2339,running,0.00,0,0,0,0,0
1779748140093,8740,30045,22969,1443,-4132,2308,running,0.00,0,0,0,0,0
1779748140093,9023,32767,24649,1709,-3908,2531,running,0.00,0,0,0,0,0
1779748140117,-7513,32767,30564,931,-3953,2334,running,0.00,0,0,0,0,0
1779748140118,-21685,32716,32767,321,-4081,1439,running,0.00,0,0,0,0,0
1779748140119,-27597,32765,32752,-240,-4769,1376,running,0.00,0,0,0,0,0
1779748140148,-27131,32767,32698,-413,-5447,2032,running,0.00,0,0,0,0,0
1779748140148,-30251,31899,32481,171,-5863,2619,running,0.00,0,0,0,0,0
1779748140149,-32700,27748,30280,80,-5794,3001,running,0.00,0,0,0,0,0
1779748140175,-32768,25248,26368,-944,-5592,2946,running,0.00,0,0,0,0,0
1779748140176,-32738,27346,17468,-2199,-5088,2306,running,0.00,0,0,0,0,0
1779748140176,-31494,30376,7089,-2842,-4766,943,running,0.00,0,0,0,0,0
1779748140207,-27660,25751,1824,-2611,-4886,-635,running,0.00,0,0,0,0,0
1779748140208,-23903,19112,860,-1921,-4679,-1359,running,0.00,0,0,0,0,0
1779748140208,-18924,16795,-1570,-1073,-3821,-1446,running,0.00,0,0,0,0,0
1779748140237,-12572,11972,-6063,-156,-3009,-1309,running,0.00,0,0,0,0,0
1779748140237,-8864,6748,-9222,546,-2830,-1183,running,0.00,0,0,0,0,0
1779748140238,-9456,2855,-9166,729,-3039,-1181,running,0.00,0,0,0,0,0
1779748140266,-10133,-526,-10086,540,-3048,-1192,running,0.00,0,0,0,0,0
1779748140267,-9731,-1353,-12214,428,-3032,-838,running,0.00,0,0,0,0,0
1779748140268,-10109,-2839,-12658,668,-3072,-541,running,0.00,0,0,0,0,0
1779748140296,-11270,-7046,-13278,955,-3194,-485,running,0.00,0,0,0,0,0
1779748140298,-13652,-12554,-9234,1175,-3125,-252,running,0.00,0,0,0,0,0
1779748140298,-16705,-14266,-4463,1074,-2271,240,running,0.00,0,0,0,0,0
1779748140329,-17398,-13921,-6289,1025,-974,557,running,0.00,0,0,0,0,0
1779748140330,-17371,-13844,-9392,1330,-374,402,running,0.00,0,0,0,0,0
1779748140330,-18466,-9519,-5060,1350,-234,-416,running,0.00,0,0,0,0,0
1779748140359,-18584,-13178,2665,855,348,-1575,running,0.00,0,0,0,0,0
1779748140360,-11674,-17109,-546,10,1528,-1832,running,0.00,0,0,0,0,0
1779748140360,-8970,-13723,1181,13,2099,-1457,running,0.00,0,0,0,0,0
1779748140388,-12172,-11601,6385,339,2710,-1201,running,0.00,0,0,0,0,0
1779748140389,-14359,-12010,6357,390,3493,-1151,running,0.00,0,0,0,0,0
1779748140390,-14218,-8510,6223,219,3819,-985,running,0.00,0,0,0,0,0
1779748140418,-14385,-5228,8536,-37,3869,-1015,running,0.00,0,0,0,0,0
1779748140425,-14375,-3658,11233,-167,4046,-1269,running,0.00,0,0,0,0,0
1779748140426,-14698,-2162,15303,-468,4351,-1534,running,0.00,0,0,0,0,0
1779748140448,-14159,1880,20933,-737,5038,-1539,running,0.00,0,0,0,0,0
1779748140450,-18854,5823,15659,-1038,5760,-1413,running,0.00,0,0,0,0,0
1779748140451,-21879,15948,16398,-2036,5440,-1208,running,0.00,0,0,0,0,0
1779748140486,-26041,30158,25107,-2752,4400,-1057,running,0.00,0,0,0,0,0
1779748140486,-28090,32767,31501,-3878,3311,-1714,running,0.00,0,0,0,0,0
1779748140487,-31136,32657,32249,-6076,4045,-1701,running,0.00,0,0,0,0,0
1779748140505,-32151,32682,26312,-5793,4783,-1218,running,0.00,0,0,0,0,0
1779748140506,-27101,32767,32181,-3717,3920,-1757,running,0.00,0,0,0,0,0
1779748140507,-24094,32767,32327,-4149,3956,-1586,running,0.00,0,0,0,0,0
1779748140538,-19268,32765,23566,-5165,4102,-1580,running,0.00,0,0,0,0,0
1779748140539,-18150,32767,12702,-5810,3224,-1104,running,0.00,0,0,0,0,0
1779748140539,-14885,31697,9964,-5178,1757,-736,running,0.00,0,0,0,0,0
1779748140571,-11546,31270,12559,-4112,528,-175,running,0.00,0,0,0,0,0
1779748140573,-9553,32558,14273,-3482,778,275,running,0.00,0,0,0,0,0
1779748140573,-2725,32598,5432,-2131,1712,483,running,0.00,0,0,0,0,0
1779748140596,968,27012,10765,-1016,1353,108,running,0.00,0,0,0,0,0
1779748140598,1883,20812,12371,-891,1539,10,running,0.00,0,0,0,0,0
1779748140599,3006,19880,6748,-1452,1624,443,running,0.00,0,0,0,0,0
1779748140625,3383,18177,5574,-1395,1138,447,running,0.00,0,0,0,0,0
1779748140625,3604,14417,4426,-1295,860,328,running,0.00,0,0,0,0,0
1779748140625,4042,13094,2279,-1102,563,301,running,0.00,0,0,0,0,0
1779748140657,4045,11880,4328,-944,212,354,running,0.00,0,0,0,0,0
1779748140657,5194,10699,3465,-860,361,454,running,0.00,0,0,0,0,0
1779748140658,6631,11885,2187,-667,528,487,running,0.00,0,0,0,0,0
1779748140688,7477,11072,992,-532,476,307,running,0.00,0,0,0,0,0
1779748140688,8484,12090,296,-378,154,398,running,0.00,0,0,0,0,0
1779748140689,8280,13742,2293,-328,-254,452,running,0.00,0,0,0,0,0
1779748140717,7969,11745,1834,-358,-282,345,running,0.00,0,0,0,0,0
1779748140718,8591,10280,-418,-125,-280,387,running,0.00,0,0,0,0,0
1779748140719,8209,10731,-313,1,-609,486,running,0.00,0,0,0,0,0
1779748140749,6986,10507,1177,95,-974,644,running,0.00,0,0,0,0,0
1779748140749,5935,9888,2374,486,-902,990,running,0.00,0,0,0,0,0
1779748140750,6500,9928,841,1310,-705,1388,running,0.00,0,0,0,0,0
1779748140785,5800,10503,2582,2204,-722,1645,running,0.00,0,0,0,0,0
1779748140786,5615,9109,2115,2449,-847,1739,running,0.00,0,0,0,0,0
1779748140786,5431,7026,3935,2591,-1147,1837,running,0.00,0,0,0,0,0
1779748140807,6295,5449,4932,2742,-1267,1904,running,0.00,0,0,0,0,0
1779748140807,7017,4053,6428,2970,-1411,1903,running,0.00,0,0,0,0,0
1779748140808,7795,4610,9211,3113,-1711,2038,running,0.00,0,0,0,0,0
1779748140837,9045,6345,11174,3015,-2037,2204,running,0.00,0,0,0,0,0
1779748140838,10528,10665,14859,2863,-2418,2206,running,0.00,0,0,0,0,0
1779748140839,12122,17050,19950,2772,-2804,1904,running,0.00,0,0,0,0,0
1779748140868,12853,22002,22541,2505,-3249,1226,running,0.00,0,0,0,0,0
1779748140871,8308,28422,27234,1649,-3753,232,running,0.00,0,0,0,0,0
1779748140872,-6028,32638,32767,261,-3753,-936,running,0.00,0,0,0,0,0
1779748140898,-14651,32767,32767,-339,-3185,-1060,running,0.00,0,0,0,0,0
1779748140899,-14808,32705,32656,893,-2881,-171,running,0.00,0,0,0,0,0
1779748140900,-16950,32438,32767,2841,-2711,1012,running,0.00,0,0,0,0,0
1779748140929,-22611,27002,32767,3439,-2546,1825,running,0.00,0,0,0,0,0
1779748140930,-23408,21860,32765,2646,-3161,2082,running,0.00,0,0,0,0,0
1779748140930,-20913,21095,32452,1551,-4158,2069,running,0.00,0,0,0,0,0
1779748140958,-21543,21235,27593,611,-4905,1603,running,0.00,0,0,0,0,0
1779748140958,-22777,18965,19988,-278,-5344,731,running,0.00,0,0,0,0,0
1779748140959,-21414,16791,14899,-1024,-5602,46,running,0.00,0,0,0,0,0
1779748140988,-20522,16439,10645,-1505,-5534,-147,running,0.00,0,0,0,0,0
1779748140989,-19111,16170,5676,-1306,-5254,-162,running,0.00,0,0,0,0,0
1779748140990,-17559,13049,2614,-629,-5104,-188,running,0.00,0,0,0,0,0
1779748141019,-16669,10793,1227,0,-4834,-42,running,0.00,0,0,0,0,0
1779748141020,-16002,7448,-1188,546,-4283,68,running,0.00,0,0,0,0,0
1779748141020,-15099,5937,-3160,982,-3890,51,running,0.00,0,0,0,0,0
1779748141046,-12650,4374,-7118,1432,-3764,-175,running,0.00,0,0,0,0,0
1779748141047,-11733,2598,-3294,1761,-3926,-107,running,0.00,0,0,0,0,0
1779748141047,-12783,329,-4281,1577,-3699,-151,running,0.00,0,0,0,0,0
1779748141084,-12274,-3738,-3662,1484,-3299,-321,running,0.00,0,0,0,0,0
1779748141086,-11959,-7400,-3124,1259,-2622,-313,running,0.00,0,0,0,0,0
1779748141087,-12150,-9290,-5994,1012,-1950,-143,running,0.00,0,0,0,0,0
1779748141108,-13212,-9864,-6727,880,-1567,-59,running,0.00,0,0,0,0,0
1779748141109,-14204,-10388,-7135,1013,-1091,-88,running,0.00,0,0,0,0,0
1779748141110,-13503,-7150,-7072,1120,-605,-96,running,0.00,0,0,0,0,0
1779748141138,-12996,-3157,-6068,944,-231,-389,running,0.00,0,0,0,0,0
1779748141139,-12296,-1802,-4960,844,281,-898,running,0.00,0,0,0,0,0
1779748141140,-10889,-2729,-5438,1068,863,-1211,running,0.00,0,0,0,0,0
1779748141168,-10053,-3134,-4445,1373,1258,-1180,running,0.00,0,0,0,0,0
1779748141170,-10154,-2739,-2503,1595,1603,-1020,running,0.00,0,0,0,0,0
1779748141171,-10233,-2235,-1400,1696,2020,-901,running,0.00,0,0,0,0,0
1779748141197,-9813,-1729,-1143,1709,2371,-762,running,0.00,0,0,0,0,0
1779748141200,-9433,-701,-835,1715,2655,-567,running,0.00,0,0,0,0,0
1779748141201,-9814,1972,-316,1656,2856,-420,running,0.00,0,0,0,0,0
1779748141228,-11082,6806,830,1302,2975,-452,running,0.00,0,0,0,0,0
1779748141229,-11393,11321,2233,898,3202,-848,running,0.00,0,0,0,0,0
1779748141230,-11705,14724,5396,677,3330,-1327,running,0.00,0,0,0,0,0
1779748141257,-13774,19127,9790,541,3317,-1794,running,0.00,0,0,0,0,0
1779748141257,-15300,22803,14683,177,3340,-2368,running,0.00,0,0,0,0,0
1779748141258,-16745,25489,18003,-564,3437,-3008,running,0.00,0,0,0,0,0
1779748141287,-17152,28593,20542,-1115,3439,-3674,running,0.00,0,0,0,0,0
1779748141288,-17482,32767,25387,-1724,3370,-4035,running,0.00,0,0,0,0,0
1779748141289,-17671,32767,27430,-2588,3506,-4148,running,0.00,0,0,0,0,0
1779748141318,-17175,32697,19735,-3508,3626,-4234,running,0.00,0,0,0,0,0
1779748141322,-17487,32759,12131,-3225,3177,-4227,running,0.00,0,0,0,0,0
1779748141324,-17325,32767,10160,-1791,2505,-4262,running,0.00,0,0,0,0,0
1779748141350,-16022,32766,10963,-649,1885,-4441,running,0.00,0,0,0,0,0
1779748141351,-12937,32767,12067,-253,1494,-4579,running,0.00,0,0,0,0,0
1779748141352,-5623,32767,14943,-195,1489,-4989,running,0.00,0,0,0,0,0
1779748141378,4904,28990,28927,-10,2667,-7466,running,0.00,0,0,0,0,0
1779748141378,-19882,1672,510,-2695,5746,-10392,running,0.00,0,0,0,0,0
1779748141379,-21983,11031,-21821,-1905,3075,-5587,running,0.00,0,0,0,0,0
1779748141420,-1654,22044,21751,2869,-1471,-2450,running,0.00,0,0,0,0,0
1779748141421,4062,23888,18955,2461,185,-2516,running,0.00,0,0,0,0,0
1779748141421,2920,19115,7892,1903,989,-2977,running,0.00,0,0,0,0,0
1779748141436,7243,15741,3495,2361,252,-3033,running,0.00,0,0,0,0,0
1779748141437,9150,13822,8925,2853,-1020,-2961,running,0.00,0,0,0,0,0
1779748141437,9412,12112,11183,2294,-1532,-3051,running,0.00,0,0,0,0,0
1779748141467,9903,9787,8641,1373,-1556,-3156,running,0.00,0,0,0,0,0
1779748141477,10535,9133,6985,684,-1786,-3120,running,0.00,0,0,0,0,0
1779748141478,9171,8743,7359,155,-2186,-3113,running,0.00,0,0,0,0,0
1779748141497,6667,9405,5286,-518,-2431,-3110,running,0.00,0,0,0,0,0
1779748141498,5667,9651,4008,-961,-2856,-2890,running,0.00,0,0,0,0,0
1779748141499,3526,9668,4997,-936,-3344,-2571,running,0.00,0,0,0,0,0
1779748141529,-706,9878,4261,-1023,-3274,-2377,running,0.00,0,0,0,0,0
1779748141530,-7003,10985,4869,-918,-3035,-2218,running,0.00,0,0,0,0,0
1779748141531,-12577,9777,-1252,-665,-2619,-1943,running,0.00,0,0,0,0,0
1779748141558,-15103,8312,-9455,-1547,-2393,-1862,running,0.00,0,0,0,0,0
1779748141559,-17462,7342,-8224,-2618,-2426,-1660,running,0.00,0,0,0,0,0
1779748141560,-19393,12922,-8422,-2794,-773,-840,running,0.00,0,0,0,0,0
1779748141588,-7512,17933,-8808,-56,739,-464,running,0.00,0,0,0,0,0
1779748141589,-12143,22758,3931,3537,295,-572,running,0.00,0,0,0,0,0
1779748141590,-11946,9761,4162,5227,163,-619,running,0.00,0,0,0,0,0
1779748141620,-6092,-2584,6439,5849,2,-366,running,0.00,0,0,0,0,0
1779748141620,-4328,-9657,9907,6184,-221,210,running,0.00,0,0,0,0,0
1779748141621,-17022,3509,3543,7142,-103,966,running,0.00,0,0,0,0,0
1779748141647,-14920,3800,12479,7318,-773,489,running,0.00,0,0,0,0,0
1779748141678,-14553,2775,21744,6411,-1128,276,running,0.00,0,0,0,0,0
1779748141680,-23363,6379,22323,6355,-946,220,running,0.00,0,0,0,0,0
1779748141680,-19389,-6818,21437,4743,-884,-910,running,0.00,0,0,0,0,0
1779748141681,-21138,-10951,22456,3290,-679,-1349,running,0.00,0,0,0,0,0
1779748141681,-32038,13029,17129,1746,-25,-767,running,0.00,0,0,0,0,0
1779748141707,-32768,21968,14645,2039,221,-624,running,0.00,0,0,0,0,0
1779748141708,-32746,22649,15259,2950,167,-454,running,0.00,0,0,0,0,0
1779748141709,-32745,20587,15630,3627,-87,-214,running,0.00,0,0,0,0,0
1779748141740,-31581,17822,13773,3535,-285,-286,running,0.00,0,0,0,0,0
1779748141740,-27763,15128,10904,2782,-325,-455,running,0.00,0,0,0,0,0
1779748141741,-22057,14048,7829,2387,-330,-437,running,0.00,0,0,0,0,0
1779748141769,-17531,11349,6565,2507,-251,-128,running,0.00,0,0,0,0,0
1779748141770,-18046,13150,3403,2844,8,342,running,0.00,0,0,0,0,0
1779748141770,-18333,12695,1488,3182,136,405,running,0.00,0,0,0,0,0
1779748141797,-16344,8288,2231,3104,128,175,running,0.00,0,0,0,0,0
1779748141798,-15300,5475,2310,2725,185,-18,running,0.00,0,0,0,0,0
1779748141799,-14708,5166,1273,2193,292,-3,running,0.00,0,0,0,0,0
1779748141829,-14241,7879,209,1872,428,191,running,0.00,0,0,0,0,0
1779748141830,-14149,9104,-507,1845,508,272,running,0.00,0,0,0,0,0
1779748141831,-13058,6674,972,1775,501,152,running,0.00,0,0,0,0,0
1779748141857,-11889,5048,2887,1613,487,140,running,0.00,0,0,0,0,0
1779748141858,-10418,3690,4914,1442,499,194,running,0.00,0,0,0,0,0
1779748141860,-10352,3123,4699,1146,510,211,running,0.00,0,0,0,0,0
1779748141887,-12053,5794,3844,893,408,45,running,0.00,0,0,0,0,0
1779748141888,-12643,6732,3508,719,234,-351,running,0.00,0,0,0,0,0
1779748141889,-11426,5330,3111,711,150,-595,running,0.00,0,0,0,0,0
1779748141918,-13858,5664,2736,935,123,-698,running,0.00,0,0,0,0,0
1779748141922,-14904,5544,3067,914,85,-722,running,0.00,0,0,0,0,0
1779748141923,-16099,9305,2461,926,85,-483,running,0.00,0,0,0,0,0
1779748141948,-18620,13563,700,1246,72,-286,running,0.00,0,0,0,0,0
1779748141949,-19334,14639,1381,1968,-36,-292,running,0.00,0,0,0,0,0
1779748141950,-19582,11576,2240,2487,-180,-224,running,0.00,0,0,0,0,0
1779748141978,-22036,11020,2651,2915,-272,-61,running,0.00,0,0,0,0,0
1779748141978,-23255,9346,2488,3083,-308,-38,running,0.00,0,0,0,0,0
1779748141979,-22756,7035,2094,3063,-354,-36,running,0.00,0,0,0,0,0
1779748142008,-22564,5741,2216,2916,-436,-22,running,0.00,0,0,0,0,0
1779748142009,-22081,4912,2480,2622,-517,7,running,0.00,0,0,0,0,0
1779748142010,-20870,4137,2700,2260,-591,133,running,0.00,0,0,0,0,0
1779748142037,-19966,4135,2732,1974,-671,287,running,0.00,0,0,0,0,0
1779748142038,-19505,3997,2337,1771,-740,336,running,0.00,0,0,0,0,0
1779748142039,-18302,2513,2257,1553,-864,312,running,0.00,0,0,0,0,0
1779748142066,-18185,3194,2611,1420,-1029,278,running,0.00,0,0,0,0,0
1779748142067,-17892,2921,2659,1364,-1152,164,running,0.00,0,0,0,0,0
1779748142068,-16302,455,2497,1290,-1253,85,running,0.00,0,0,0,0,0
1779748142099,-15286,-1703,3269,1079,-1341,138,running,0.00,0,0,0,0,0
1779748142099,-15178,-1628,5125,753,-1288,272,running,0.00,0,0,0,0,0
1779748142100,-14328,-1480,4592,258,-1019,311,running,0.00,0,0,0,0,0
1779748142130,-12267,-1112,2598,-293,-844,253,running,0.00,0,0,0,0,0
1779748142131,-11676,-212,2834,-687,-884,169,running,0.00,0,0,0,0,0
1779748142132,-10889,-150,2265,-925,-838,127,running,0.00,0,0,0,0,0
1779748142157,-9670,580,947,-992,-724,94,running,0.00,0,0,0,0,0
1779748142158,-8739,558,-523,-1083,-720,-64,running,0.00,0,0,0,0,0
1779748142162,-7418,-1184,2747,-986,-880,-219,running,0.00,0,0,0,0,0
1779748142187,-7133,-908,6299,-654,-795,-199,running,0.00,0,0,0,0,0
1779748142188,-6469,-416,5795,-545,-570,-132,running,0.00,0,0,0,0,0
1779748142188,-6896,1096,4632,-599,-605,-131,running,0.00,0,0,0,0,0
1779748142214,-8457,1833,5617,-883,-744,-339,running,0.00,0,0,0,0,0
1779748142215,-9474,2417,6455,-950,-401,-483,running,0.00,0,0,0,0,0
1779748142215,-10326,4790,5152,-1099,162,-481,running,0.00,0,0,0,0,0
1779748142246,-10597,6667,4078,-1398,481,-456,running,0.00,0,0,0,0,0
1779748142247,-10172,7970,4150,-1429,765,-220,running,0.00,0,0,0,0,0
1779748142247,-8849,11801,3852,-1098,1130,118,running,0.00,0,0,0,0,0
1779748142279,-10025,16121,3668,-613,1235,182,running,0.00,0,0,0,0,0
1779748142280,-9893,16530,4209,184,1230,-35,running,0.00,0,0,0,0,0
1779748142281,-10673,14419,7341,804,1122,-182,running,0.00,0,0,0,0,0
1779748142305,-10098,11845,8048,913,1112,-5,running,0.00,0,0,0,0,0
1779748142306,-8900,11692,9640,821,984,405,running,0.00,0,0,0,0,0
1779748142306,-8658,12520,11823,400,857,700,running,0.00,0,0,0,0,0
1779748142336,-12216,12678,12425,-101,737,942,running,0.00,0,0,0,0,0
1779748142337,-13233,14348,12363,-359,643,1367,running,0.00,0,0,0,0,0
1779748142339,-11928,15650,8656,-296,548,1531,running,0.00,0,0,0,0,0
1779748142368,-12732,15956,9798,-25,-12,1609,running,0.00,0,0,0,0,0
1779748142375,-12684,14577,10409,160,-357,1758,running,0.00,0,0,0,0,0
1779748142376,-12744,13983,9585,182,-737,1910,running,0.00,0,0,0,0,0
1779748142401,-12039,15945,9982,183,-1226,2050,running,0.00,0,0,0,0,0
1779748142402,-11131,17529,10565,379,-1657,2152,running,0.00,0,0,0,0,0
1779748142403,-10881,17962,11472,774,-2030,2323,running,0.00,0,0,0,0,0
1779748142430,-10924,16374,11790,1310,-2297,2411,running,0.00,0,0,0,0,0
1779748142431,-10458,15205,13425,1847,-2581,2503,running,0.00,0,0,0,0,0
1779748142432,-9568,13756,14351,2181,-2792,2538,running,0.00,0,0,0,0,0
1779748142458,-8966,12559,15804,2325,-3009,2498,running,0.00,0,0,0,0,0
1779748142459,-10323,11496,18083,2332,-3175,2429,running,0.00,0,0,0,0,0
1779748142460,-10503,9452,16911,2065,-3252,2515,running,0.00,0,0,0,0,0
1779748142487,-8441,9444,15715,1617,-3493,2748,running,0.00,0,0,0,0,0
1779748142488,-8739,10838,15151,1311,-3760,2821,running,0.00,0,0,0,0,0
1779748142488,-9458,11336,12889,1107,-4000,2819,running,0.00,0,0,0,0,0
1779748142521,-9219,11012,11170,889,-4270,2765,running,0.00,0,0,0,0,0
1779748142522,-8527,11150,10648,752,-4481,2627,running,0.00,0,0,0,0,0
1779748142524,-8472,13806,11071,846,-4555,2497,running,0.00,0,0,0,0,0
1779748142549,-9311,15447,11218,1335,-4573,2455,running,0.00,0,0,0,0,0
1779748142554,-9136,17089,11460,1731,-4460,2479,running,0.00,0,0,0,0,0
1779748142555,-10271,19604,12399,2127,-4355,2534,running,0.00,0,0,0,0,0
1779748142574,-11700,23445,13011,2675,-4259,2582,running,0.00,0,0,0,0,0
1779748142579,-12094,23256,12838,3024,-4151,2517,running,0.00,0,0,0,0,0
1779748142579,-11895,22545,14669,3428,-4135,2453,running,0.00,0,0,0,0,0
1779748142606,-11980,22648,16877,3717,-4132,2377,running,0.00,0,0,0,0,0
1779748142606,-12330,22147,19843,3627,-4188,2305,running,0.00,0,0,0,0,0
1779748142607,-14104,24061,20959,3225,-4317,2349,running,0.00,0,0,0,0,0
1779748142637,-15903,26318,21436,2818,-4372,2346,running,0.00,0,0,0,0,0
1779748142638,-17595,30897,20520,2057,-4467,2142,running,0.00,0,0,0,0,0
1779748142639,-20597,29880,19793,2217,-4456,1735,running,0.00,0,0,0,0,0
1779748142677,-18767,32211,20092,2384,-3985,1700,running,0.00,0,0,0,0,0
1779748142678,-18667,31664,18765,2292,-3985,1628,running,0.00,0,0,0,0,0
1779748142678,-18031,30211,17663,2573,-3853,1588,running,0.00,0,0,0,0,0
1779748142695,-17164,26276,16381,2796,-3724,1499,running,0.00,0,0,0,0,0
1779748142696,-15899,21632,15318,2929,-3583,1408,running,0.00,0,0,0,0,0
1779748142696,-14504,17724,13974,2901,-3401,1443,running,0.00,0,0,0,0,0
1779748142725,-12681,14989,12231,2767,-3150,1621,running,0.00,0,0,0,0,0
1779748142733,-12808,11496,9955,2552,-2910,1691,running,0.00,0,0,0,0,0
1779748142734,-13518,8160,8395,2364,-2676,1647,running,0.00,0,0,0,0,0
1779748142756,-13574,4474,7795,2023,-2458,1453,running,0.00,0,0,0,0,0
1779748142756,-13486,2917,7283,1534,-2244,1209,running,0.00,0,0,0,0,0
1779748142757,-12864,2449,6208,923,-2022,950,running,0.00,0,0,0,0,0
1779748142788,-12510,841,4180,-28,-1565,297,running,0.00,0,0,0,0,0
1779748142789,-12119,-757,2520,-449,-1326,-156,running,0.00,0,0,0,0,0
1779748142790,-13637,177,1017,-664,-1125,-553,running,0.00,0,0,0,0,0
1779748142814,-14232,1605,-1114,-1015,-913,-1083,running,0.00,0,0,0,0,0
1779748142815,-15124,95,-3860,-1224,-757,-1849,running,0.00,0,0,0,0,0
1779748142816,-15201,-2442,-3508,-926,-632,-2518,running,0.00,0,0,0,0,0
1779748142846,-16234,-5898,-2350,-353,-478,-3076,running,0.00,0,0,0,0,0
1779748142846,-17970,-9145,-397,270,-364,-3579,running,0.00,0,0,0,0,0
1779748142847,-20050,-13110,1187,393,-316,-4096,running,0.00,0,0,0,0,0
1779748142877,-22516,-16594,2901,28,-293,-4590,running,0.00,0,0,0,0,0
1779748142878,-24951,-17906,3613,-697,-178,-5016,running,0.00,0,0,0,0,0
1779748142879,-27253,-19377,2160,-1239,120,-5428,running,0.00,0,0,0,0,0
1779748142905,-29630,-16578,1059,-1396,399,-5813,running,0.00,0,0,0,0,0
1779748142906,-31503,-11146,1840,-1625,598,-6212,running,0.00,0,0,0,0,0
1779748142907,-32466,-6604,665,-1947,910,-6419,running,0.00,0,0,0,0,0
1779748142937,-32768,-4106,-730,-1682,1210,-6742,running,0.00,0,0,0,0,0
1779748142938,-32768,-4338,966,-1166,1498,-7102,running,0.00,0,0,0,0,0
1779748142939,-32760,-5782,2475,-1165,1869,-7064,running,0.00,0,0,0,0,0
1779748142976,-32768,-9741,5561,-1396,2385,-6521,running,0.00,0,0,0,0,0
1779748142977,-32768,2579,1853,-1709,3132,-5706,running,0.00,0,0,0,0,0
1779748142978,-32768,13796,4980,-1480,3482,-6572,running,0.00,0,0,0,0,0
1779748142997,-32768,14974,9607,-2140,3843,-7304,running,0.00,0,0,0,0,0
1779748142998,-32768,30131,9485,-2690,4069,-6645,running,0.00,0,0,0,0,0
1779748142998,-32768,32767,14204,-2856,3760,-6423,running,0.00,0,0,0,0,0
1779748143029,-32768,32611,24400,-3521,3217,-6533,running,0.00,0,0,0,0,0
1779748143030,-32768,32676,32767,-5381,2790,-6347,running,0.00,0,0,0,0,0
1779748143031,-32554,32767,32767,-7539,2877,-5049,running,0.00,0,0,0,0,0
1779748143056,-30646,32767,32595,-8581,2986,-3202,running,0.00,0,0,0,0,0
1779748143057,-24620,32764,31280,-8842,2766,-2244,running,0.00,0,0,0,0,0
1779748143058,-13801,32767,23833,-8892,2395,-1545,running,0.00,0,0,0,0,0
1779748143087,-7925,32767,16697,-7677,1803,-1025,running,0.00,0,0,0,0,0
1779748143090,-1593,32767,17835,-5617,1076,-922,running,0.00,0,0,0,0,0
1779748143091,5803,32767,16722,-3939,528,-604,running,0.00,0,0,0,0,0
1779748143124,9172,32767,15388,-2288,-27,33,running,0.00,0,0,0,0,0
1779748143124,10530,32739,13008,11,-372,-95,running,0.00,0,0,0,0,0
1779748143125,12657,28613,16977,1950,-770,-633,running,0.00,0,0,0,0,0
1779748143148,14092,25285,19510,1545,-1214,-130,running,0.00,0,0,0,0,0
1779748143149,17038,21703,12378,124,-1595,397,running,0.00,0,0,0,0,0
1779748143149,19624,16414,10466,-498,-2257,608,running,0.00,0,0,0,0,0
1779748143178,21442,16516,8824,-724,-2878,866,running,0.00,0,0,0,0,0
1779748143180,20148,20390,8520,-1289,-3460,1195,running,0.00,0,0,0,0,0
1779748143181,18249,21957,6205,-1916,-3882,1635,running,0.00,0,0,0,0,0
1779748143207,15980,16862,4904,-1550,-4151,1979,running,0.00,0,0,0,0,0
1779748143207,12068,16653,7719,-497,-4245,2484,running,0.00,0,0,0,0,0
1779748143209,7931,21313,8123,351,-4071,2579,running,0.00,0,0,0,0,0
1779748143238,1137,27584,12089,336,-4416,1454,running,0.00,0,0,0,0,0
1779748143239,55,6311,12472,-583,-4959,-1150,running,0.00,0,0,0,0,0
1779748143239,6870,-7741,12346,-584,-5731,170,running,0.00,0,0,0,0,0
1779748143275,3601,18231,19074,847,-5401,3558,running,0.00,0,0,0,0,0
1779748143276,-7628,25835,18399,2912,-4518,4311,running,0.00,0,0,0,0,0
1779748143277,-9247,27567,22885,4125,-4565,5136,running,0.00,0,0,0,0,0
1779748143298,-9965,28121,30105,4120,-5203,5761,running,0.00,0,0,0,0,0
1779748143299,-19316,30078,32767,3610,-5731,5779,running,0.00,0,0,0,0,0
1779748143300,-21010,32348,32767,2937,-6125,5875,running,0.00,0,0,0,0,0
1779748143328,-23280,32767,32699,3001,-6224,6558,running,0.00,0,0,0,0,0
1779748143328,-31795,32751,32767,3095,-6262,6823,running,0.00,0,0,0,0,0
1779748143329,-32768,32753,32767,3041,-6129,6723,running,0.00,0,0,0,0,0
1779748143357,-32681,32767,32765,3413,-5680,6475,running,0.00,0,0,0,0,0
1779748143357,-32731,32767,32767,3934,-4942,6123,running,0.00,0,0,0,0,0
1779748143359,-32768,32160,32622,4416,-4486,5584,running,0.00,0,0,0,0,0
1779748143393,-32499,24976,29915,4131,-4293,5618,running,0.00,0,0,0,0,0
1779748143393,-32481,15755,21968,3241,-3883,5454,running,0.00,0,0,0,0,0
1779748143394,-32768,10535,18851,1853,-4115,4656,running,0.00,0,0,0,0,0
1779748143420,-32745,10637,14642,686,-4050,3717,running,0.00,0,0,0,0,0
1779748143420,-31325,10515,6976,412,-3586,2496,running,0.00,0,0,0,0,0
1779748143421,-29091,5871,4118,580,-3241,1154,running,0.00,0,0,0,0,0
1779748143445,-26378,1313,4157,1007,-2721,33,running,0.00,0,0,0,0,0
1779748143445,-21785,-3082,1419,1684,-1878,-929,running,0.00,0,0,0,0,0
1779748143447,-16989,-6047,-1266,2330,-1186,-1698,running,0.00,0,0,0,0,0
1779748143477,-14595,-7845,-96,2714,-727,-2414,running,0.00,0,0,0,0,0
1779748143481,-14643,-10840,1085,2739,-347,-3092,running,0.00,0,0,0,0,0
1779748143481,-15514,-14815,3746,2455,-162,-3542,running,0.00,0,0,0,0,0
1779748143513,-16556,-21058,7328,2240,11,-3608,running,0.00,0,0,0,0,0
1779748143514,-25401,-30094,11711,2374,-34,-3787,running,0.00,0,0,0,0,0
1779748143515,-32768,-32768,18457,2818,87,-4721,running,0.00,0,0,0,0,0
1779748143536,-32768,-32763,23081,1302,357,-6469,running,0.00,0,0,0,0,0
1779748143538,-32597,-32693,14481,-926,1263,-7935,running,0.00,0,0,0,0,0
1779748143539,-32768,-31700,18457,-3850,1499,-8124,running,0.00,0,0,0,0,0
1779748143572,-32768,-24025,23879,-4998,2383,-7519,running,0.00,0,0,0,0,0
1779748143573,-32764,-12045,9250,-3603,4349,-6588,running,0.00,0,0,0,0,0
1779748143574,-32768,3716,-7182,-2878,4307,-6482,running,0.00,0,0,0,0,0
1779748143604,-32768,8816,11281,-2566,3216,-7279,running,0.00,0,0,0,0,0
1779748143605,-32768,14621,10982,-1641,3546,-7630,running,0.00,0,0,0,0,0
1779748143605,-32768,9594,18361,-1259,3723,-7613,running,0.00,0,0,0,0,0
1779748143628,-32768,18957,23977,-1584,3980,-6911,running,0.00,0,0,0,0,0
1779748143629,-32768,32767,29991,-1733,3701,-7285,running,0.00,0,0,0,0,0
1779748143630,-32768,32767,32767,-2483,3508,-6776,running,0.00,0,0,0,0,0
1779748143656,-32768,32521,30948,-3688,3406,-5409,running,0.00,0,0,0,0,0
1779748143657,-32768,32767,32469,-4337,3301,-5497,running,0.00,0,0,0,0,0
1779748143657,-32768,32767,32767,-5576,3394,-5559,running,0.00,0,0,0,0,0
1779748143687,-32344,32762,32271,-7324,2781,-4528,running,0.00,0,0,0,0,0
1779748143688,-30350,32767,29280,-8760,2317,-3917,running,0.00,0,0,0,0,0
1779748143688,-17898,32767,32767,-7019,1295,-4051,running,0.00,0,0,0,0,0
1779748143717,-168,32767,25044,-6272,807,-2713,running,0.00,0,0,0,0,0
1779748143723,-2432,32396,19403,-4574,455,-2015,running,0.00,0,0,0,0,0
1779748143724,-4120,32382,19108,-2861,8,-2671,running,0.00,0,0,0,0,0
1779748143746,3324,29902,14960,-1725,-205,-2459,running,0.00,0,0,0,0,0
1779748143748,14251,29977,12318,-1857,-451,-2508,running,0.00,0,0,0,0,0
1779748143748,26552,25321,11493,-2680,-946,-3259,running,0.00,0,0,0,0,0
1779748143778,31626,32368,9693,-4000,-1083,-1692,running,0.00,0,0,0,0,0
1779748143779,32767,32767,-3639,-3964,-811,165,running,0.00,0,0,0,0,0
1779748143780,32756,32674,933,-2955,-1720,1344,running,0.00,0,0,0,0,0
1779748143808,32742,32745,-1532,-2722,-1872,1639,running,0.00,0,0,0,0,0
1779748143813,32767,32767,-937,-2554,-2252,2281,running,0.00,0,0,0,0,0
1779748143814,30706,32766,-1074,-1765,-2485,3517,running,0.00,0,0,0,0,0
1779748143838,22589,32766,1314,-146,-2576,4481,running,0.00,0,0,0,0,0
1779748143839,16685,32730,6931,950,-2685,4747,running,0.00,0,0,0,0,0
1779748143839,11996,32018,8299,1321,-2888,4541,running,0.00,0,0,0,0,0
1779748143871,-2564,31564,13903,2386,-3563,3576,running,0.00,0,0,0,0,0
1779748143872,-12958,19217,14904,2793,-4097,2866,running,0.00,0,0,0,0,0
1779748143873,-5149,10274,21259,3046,-4396,2408,running,0.00,0,0,0,0,0
