timestamp_ms,ax,ay,az,gx,gy,gz,label,temp_c,steps,bat_mv,bat_soc,hr_bpm,spo2_pct
1779747233637,-10444,10848,-5693,450,-9,-1882,running,0.00,0,0,0,0,0
1779747233637,-10641,10964,-5793,452,-108,-1840,running,0.00,0,0,0,0,0
1779747233637,-10463,10759,-5948,501,-164,-1813,running,0.00,0,0,0,0,0
1779747233661,-9626,10026,-6272,570,-199,-1798,running,0.00,0,0,0,0,0
1779747233661,-9516,10928,-6845,609,-253,-1702,running,0.00,0,0,0,0,0
1779747233661,-9912,9617,-6553,632,-445,-1771,running,0.00,0,0,0,0,0
1779747233689,-9437,8818,-6371,545,-495,-1835,running,0.00,0,0,0,0,0
1779747233694,-9833,9393,-6074,453,-518,-1680,running,0.00,0,0,0,0,0
1779747233695,-10135,9424,-5790,395,-547,-1631,running,0.00,0,0,0,0,0
1779747233720,-10285,9594,-5581,411,-517,-1617,running,0.00,0,0,0,0,0
1779747233720,-10383,9734,-5118,437,-514,-1590,running,0.00,0,0,0,0,0
1779747233721,-10789,9105,-4689,460,-537,-1540,running,0.00,0,0,0,0,0
1779747233749,-11461,9166,-5172,484,-507,-1441,running,0.00,0,0,0,0,0
1779747233749,-11966,9315,-6557,400,-522,-1296,running,0.00,0,0,0,0,0
1779747233750,-12548,9109,-7314,114,-607,-1148,running,0.00,0,0,0,0,0
1779747233783,-12810,9576,-8279,-255,-588,-1017,running,0.00,0,0,0,0,0
1779747233810,-12211,9511,-8983,-584,-473,-948,running,0.00,0,0,0,0,0
1779747233814,-11577,8962,-10001,-910,-380,-923,running,0.00,0,0,0,0,0
1779747233815,-11177,8213,-11085,-1241,-321,-872,running,0.00,0,0,0,0,0
1779747233842,-10530,6776,-10654,-1674,-344,-825,running,0.00,0,0,0,0,0
1779747233842,-10549,7902,-9451,-2918,-478,-636,running,0.00,0,0,0,0,0
1779747233843,-10253,9957,-9155,-3408,-498,-454,running,0.00,0,0,0,0,0
1779747233843,-11009,12920,-9238,-3617,-350,-96,running,0.00,0,0,0,0,0
1779747233844,-10717,13769,-9071,-3437,-209,94,running,0.00,0,0,0,0,0
1779747233845,-9483,12772,-9419,-3169,-109,41,running,0.00,0,0,0,0,0
1779747233868,-7831,11363,-10222,-2889,1,0,running,0.00,0,0,0,0,0
1779747233868,-7922,10711,-10065,-2567,81,40,running,0.00,0,0,0,0,0
1779747233898,-7580,10187,-9357,-2167,240,83,running,0.00,0,0,0,0,0
1779747233899,-7880,10477,-9185,-1750,366,199,running,0.00,0,0,0,0,0
1779747233899,-8560,10439,-8728,-1277,469,197,running,0.00,0,0,0,0,0
1779747233928,-8324,9631,-8297,-878,504,41,running,0.00,0,0,0,0,0
1779747233929,-8644,9349,-9036,-514,545,-27,running,0.00,0,0,0,0,0
1779747233930,-9525,10250,-8905,-95,609,-36,running,0.00,0,0,0,0,0
1779747233959,-9735,11460,-7093,197,596,-79,running,0.00,0,0,0,0,0
1779747233959,-9493,10988,-5512,316,504,-127,running,0.00,0,0,0,0,0
1779747233960,-9147,10955,-4581,438,421,-189,running,0.00,0,0,0,0,0
1779747233989,-9567,12330,-3748,684,345,-233,running,0.00,0,0,0,0,0
1779747233992,-10021,13673,-3716,945,277,-273,running,0.00,0,0,0,0,0
1779747233992,-10541,14152,-3707,1192,167,-302,running,0.00,0,0,0,0,0
1779747234019,-10659,14187,-2885,1485,56,-315,running,0.00,0,0,0,0,0
1779747234020,-10411,14371,-2347,1730,-23,-302,running,0.00,0,0,0,0,0
1779747234021,-10828,15040,-2052,1970,-145,-311,running,0.00,0,0,0,0,0
1779747234049,-11376,14173,-1605,2249,-268,-386,running,0.00,0,0,0,0,0
1779747234052,-11488,12844,-1510,2480,-369,-401,running,0.00,0,0,0,0,0
1779747234052,-11839,11716,-1907,2695,-464,-381,running,0.00,0,0,0,0,0
1779747234079,-12378,9285,-2770,2888,-561,-340,running,0.00,0,0,0,0,0
1779747234080,-13233,6435,-4428,2831,-629,-319,running,0.00,0,0,0,0,0
1779747234080,-15220,6428,-7343,2635,-600,-317,running,0.00,0,0,0,0,0
1779747234112,-14702,3684,-9846,2206,-580,-366,running,0.00,0,0,0,0,0
1779747234112,-13440,1155,-10668,1455,-777,-270,running,0.00,0,0,0,0,0
1779747234113,-14367,2838,-11868,429,-982,-172,running,0.00,0,0,0,0,0
1779747234139,-16959,3728,-11246,-608,-1119,-315,running,0.00,0,0,0,0,0
1779747234140,-17182,4308,-11906,-1596,-1128,-529,running,0.00,0,0,0,0,0
1779747234141,-18729,7015,-10832,-2307,-1134,-478,running,0.00,0,0,0,0,0
1779747234170,-20920,12154,-8954,-2721,-1143,-368,running,0.00,0,0,0,0,0
1779747234171,-20372,14192,-7778,-2390,-943,-408,running,0.00,0,0,0,0,0
1779747234171,-18693,12388,-8551,-1495,-513,-489,running,0.00,0,0,0,0,0
1779747234199,-17874,10002,-8909,-143,-47,-520,running,0.00,0,0,0,0,0
1779747234199,-17804,8099,-6241,916,180,-442,running,0.00,0,0,0,0,0
1779747234200,-17105,6414,-5554,1114,158,-377,running,0.00,0,0,0,0,0
1779747234230,-16626,3162,-2253,914,43,-363,running,0.00,0,0,0,0,0
1779747234230,-16270,1567,-1376,621,-8,-394,running,0.00,0,0,0,0,0
1779747234231,-17152,2718,-4280,199,-23,-487,running,0.00,0,0,0,0,0
1779747234258,-18758,4272,-4618,180,-83,-397,running,0.00,0,0,0,0,0
1779747234259,-18840,3990,-4611,333,-81,-258,running,0.00,0,0,0,0,0
1779747234259,-17636,3667,-4898,408,-42,-236,running,0.00,0,0,0,0,0
1779747234290,-17201,4402,-5204,427,-57,-241,running,0.00,0,0,0,0,0
1779747234291,-17318,5218,-5309,313,-131,-190,running,0.00,0,0,0,0,0
1779747234291,-17117,5496,-5185,102,-209,-140,running,0.00,0,0,0,0,0
1779747234321,-16687,4798,-4413,-132,-269,-68,running,0.00,0,0,0,0,0
1779747234325,-15884,3645,-2998,-367,-317,-79,running,0.00,0,0,0,0,0
1779747234326,-15308,3943,-1427,-504,-376,-127,running,0.00,0,0,0,0,0
1779747234349,-15230,5253,-1609,-437,-395,-220,running,0.00,0,0,0,0,0
1779747234379,-15862,6472,-3013,-207,-331,-303,running,0.00,0,0,0,0,0
1779747234379,-16761,7275,-5127,-25,-236,-306,running,0.00,0,0,0,0,0
1779747234380,-16997,7518,-4870,20,-187,-241,running,0.00,0,0,0,0,0
1779747234382,-16061,7383,-3998,-91,-216,-149,running,0.00,0,0,0,0,0
1779747234382,-14664,6917,-3401,-70,-183,-109,running,0.00,0,0,0,0,0
1779747234383,-13749,7189,-4076,-21,-120,-61,running,0.00,0,0,0,0,0
1779747234410,-13441,6908,-5014,-98,-179,39,running,0.00,0,0,0,0,0
1779747234411,-12842,4954,-5235,-244,-217,6,running,0.00,0,0,0,0,0
1779747234439,-13021,4175,-6380,-506,-207,-67,running,0.00,0,0,0,0,0
1779747234440,-14198,4270,-6052,-1009,-329,-53,running,0.00,0,0,0,0,0
1779747234440,-15057,5866,-3707,-1531,-530,64,running,0.00,0,0,0,0,0
1779747234469,-14311,6234,-2070,-1822,-611,199,running,0.00,0,0,0,0,0
1779747234470,-13684,7538,-1500,-1739,-537,193,running,0.00,0,0,0,0,0
1779747234470,-14600,8626,25,-1740,-586,247,running,0.00,0,0,0,0,0
1779747234507,-14315,6103,-1106,-2204,-738,199,running,0.00,0,0,0,0,0
1779747234507,-14596,5931,1138,-2393,-874,20,running,0.00,0,0,0,0,0
1779747234508,-15009,6292,765,-2654,-963,129,running,0.00,0,0,0,0,0
1779747234529,-13256,4139,-949,-3029,-1059,157,running,0.00,0,0,0,0,0
1779747234529,-12835,4538,-1352,-2779,-956,21,running,0.00,0,0,0,0,0
1779747234530,-13146,6892,-3152,-2645,-807,-64,running,0.00,0,0,0,0,0
1779747234559,-12244,6928,-2945,-2658,-785,-100,running,0.00,0,0,0,0,0
1779747234563,-11163,5065,-1089,-2881,-837,-112,running,0.00,0,0,0,0,0
1779747234564,-11301,6665,157,-3108,-906,-144,running,0.00,0,0,0,0,0
1779747234589,-11687,8879,855,-3192,-936,-224,running,0.00,0,0,0,0,0
1779747234590,-12134,10366,-213,-2858,-788,-298,running,0.00,0,0,0,0,0
1779747234591,-11543,11174,864,-2113,-514,-384,running,0.00,0,0,0,0,0
1779747234619,-10879,10697,348,-1367,-316,-484,running,0.00,0,0,0,0,0
1779747234622,-9369,8178,-790,-772,-70,-609,running,0.00,0,0,0,0,0
1779747234623,-9564,8883,-869,-332,34,-727,running,0.00,0,0,0,0,0
1779747234648,-10232,10345,-676,-261,25,-781,running,0.00,0,0,0,0,0
1779747234649,-11228,11842,-425,-170,-7,-761,running,0.00,0,0,0,0,0
1779747234650,-12327,14349,295,236,17,-718,running,0.00,0,0,0,0,0
1779747234678,-12970,16671,1570,816,73,-655,running,0.00,0,0,0,0,0
1779747234680,-13612,17322,2029,1402,169,-589,running,0.00,0,0,0,0,0
1779747234680,-14150,16422,2175,2200,361,-562,running,0.00,0,0,0,0,0
1779747234708,-13803,14124,2410,3187,657,-602,running,0.00,0,0,0,0,0
1779747234709,-13557,11066,748,4008,920,-653,running,0.00,0,0,0,0,0
1779747234709,-13848,6656,-3267,4391,1128,-693,running,0.00,0,0,0,0,0
1779747234741,-15022,4656,-6849,4088,1165,-582,running,0.00,0,0,0,0,0
1779747234741,-16205,4938,-9692,2946,1015,-335,running,0.00,0,0,0,0,0
1779747234742,-16065,7414,-9403,1764,869,-184,running,0.00,0,0,0,0,0
1779747234770,-16112,10283,-8338,1379,894,-143,running,0.00,0,0,0,0,0
1779747234771,-16709,11953,-7375,1485,1060,-133,running,0.00,0,0,0,0,0
1779747234772,-16488,11191,-7280,1842,1286,-245,running,0.00,0,0,0,0,0
1779747234801,-15468,9717,-6155,2260,1416,-392,running,0.00,0,0,0,0,0
1779747234801,-15500,8075,-3925,2461,1427,-539,running,0.00,0,0,0,0,0
1779747234802,-15970,5863,-3142,2562,1294,-642,running,0.00,0,0,0,0,0
1779747234829,-16420,5642,-1939,2667,1138,-759,running,0.00,0,0,0,0,0
1779747234830,-16703,5698,542,2802,855,-793,running,0.00,0,0,0,0,0
1779747234830,-15789,5108,622,2891,557,-728,running,0.00,0,0,0,0,0
1779747234861,-15159,4303,-659,3163,382,-650,running,0.00,0,0,0,0,0
1779747234862,-15641,3234,-2021,3547,214,-510,running,0.00,0,0,0,0,0
1779747234863,-15904,175,-2741,3619,-30,-433,running,0.00,0,0,0,0,0
1779747234890,-16412,-1228,-4767,3582,-181,-296,running,0.00,0,0,0,0,0
1779747234891,-17930,-2903,-5427,3317,-276,-264,running,0.00,0,0,0,0,0
1779747234892,-17745,-4863,-5129,3055,-284,-226,running,0.00,0,0,0,0,0
1779747234920,-17890,-6548,-5393,2554,-91,-166,running,0.00,0,0,0,0,0
1779747234920,-18312,-5813,-5926,2274,89,-190,running,0.00,0,0,0,0,0
1779747234921,-19464,-5318,-7054,2004,314,-260,running,0.00,0,0,0,0,0
1779747234949,-19540,-5172,-10026,1893,746,-407,running,0.00,0,0,0,0,0
1779747234950,-21013,-4793,-11298,1611,870,-504,running,0.00,0,0,0,0,0
1779747234950,-20905,-5531,-12266,1008,944,-604,running,0.00,0,0,0,0,0
1779747234979,-20715,-5164,-12509,432,958,-669,running,0.00,0,0,0,0,0
1779747234980,-21738,-2510,-10727,-99,1005,-656,running,0.00,0,0,0,0,0
1779747234980,-22517,1654,-6864,-578,1062,-562,running,0.00,0,0,0,0,0
1779747235010,-20514,-427,-8772,-1053,1192,-557,running,0.00,0,0,0,0,0
1779747235013,-20243,-105,-9910,-1225,1338,-585,running,0.00,0,0,0,0,0
1779747235015,-22068,1046,-6756,-2099,1196,-517,running,0.00,0,0,0,0,0
1779747235039,-19870,659,-4665,-3216,906,-394,running,0.00,0,0,0,0,0
1779747235040,-18029,3536,-2600,-3780,696,-175,running,0.00,0,0,0,0,0
1779747235040,-18205,8710,-1625,-3693,637,69,running,0.00,0,0,0,0,0
1779747235073,-17229,12630,-1760,-3009,696,271,running,0.00,0,0,0,0,0
1779747235074,-16113,13313,-2017,-1870,852,453,running,0.00,0,0,0,0,0
1779747235075,-14489,11939,-3335,-544,1100,549,running,0.00,0,0,0,0,0
1779747235103,-12248,8748,-4052,715,1333,603,running,0.00,0,0,0,0,0
1779747235104,-10013,5399,-5462,1548,1474,641,running,0.00,0,0,0,0,0
1779747235105,-7869,3428,-6180,1975,1492,640,running,0.00,0,0,0,0,0
1779747235129,-6445,985,-6317,2023,1378,623,running,0.00,0,0,0,0,0
1779747235133,-5969,-778,-6074,1725,1232,564,running,0.00,0,0,0,0,0
1779747235133,-5863,-1003,-6772,1256,1074,520,running,0.00,0,0,0,0,0
1779747235161,-6585,-394,-7593,791,917,525,running,0.00,0,0,0,0,0
1779747235161,-7981,467,-8235,533,840,535,running,0.00,0,0,0,0,0
1779747235162,-8668,1567,-8722,649,859,571,running,0.00,0,0,0,0,0
1779747235192,-8323,2211,-8636,881,868,548,running,0.00,0,0,0,0,0
1779747235193,-8232,997,-7947,1027,847,447,running,0.00,0,0,0,0,0
1779747235193,-7894,-727,-7870,1029,753,349,running,0.00,0,0,0,0,0
1779747235218,-7555,-1952,-7370,975,582,303,running,0.00,0,0,0,0,0
1779747235219,-7803,-3295,-6603,970,429,238,running,0.00,0,0,0,0,0
1779747235221,-8545,-5544,-7003,815,322,99,running,0.00,0,0,0,0,0
1779747235252,-9519,-7196,-8607,352,234,-14,running,0.00,0,0,0,0,0
1779747235252,-10914,-4810,-10419,-341,99,4,running,0.00,0,0,0,0,0
1779747235253,-12047,915,-11500,-893,-28,106,running,0.00,0,0,0,0,0
1779747235279,-11880,4732,-11587,-952,-74,192,running,0.00,0,0,0,0,0
1779747235280,-12079,5547,-10843,-537,-21,229,running,0.00,0,0,0,0,0
1779747235281,-11593,4204,-10867,51,103,257,running,0.00,0,0,0,0,0
1779747235311,-10245,1522,-11441,448,187,300,running,0.00,0,0,0,0,0
1779747235312,-9555,-930,-11780,439,185,353,running,0.00,0,0,0,0,0
1779747235312,-9669,-1561,-11373,171,143,394,running,0.00,0,0,0,0,0
1779747235339,-9562,-1037,-10926,-54,127,394,running,0.00,0,0,0,0,0
1779747235340,-9265,-987,-10678,-133,150,364,running,0.00,0,0,0,0,0
1779747235341,-9211,-1042,-10957,-204,189,310,running,0.00,0,0,0,0,0
1779747235371,-8924,-1899,-11903,-238,271,228,running,0.00,0,0,0,0,0
1779747235372,-8934,-750,-11648,-180,352,168,running,0.00,0,0,0,0,0
1779747235373,-9568,-2728,-11574,-318,394,66,running,0.00,0,0,0,0,0
1779747235399,-9270,-2842,-10017,-464,371,12,running,0.00,0,0,0,0,0
1779747235399,-12122,2427,-9551,-588,368,84,running,0.00,0,0,0,0,0
1779747235400,-12053,2761,-10458,-679,410,75,running,0.00,0,0,0,0,0
1779747235436,-12327,4481,-10388,-762,399,170,running,0.00,0,0,0,0,0
1779747235436,-12470,6690,-10170,-760,381,278,running,0.00,0,0,0,0,0
1779747235437,-11899,6579,-9519,-561,381,310,running,0.00,0,0,0,0,0
1779747235458,-12160,4922,-9129,-357,362,266,running,0.00,0,0,0,0,0
1779747235459,-13807,3978,-10133,-350,316,192,running,0.00,0,0,0,0,0
1779747235493,-15850,4063,-11913,-509,227,103,running,0.00,0,0,0,0,0
1779747235494,-18879,5317,-14002,-669,135,5,running,0.00,0,0,0,0,0
1779747235494,-21820,6101,-16070,-743,90,-105,running,0.00,0,0,0,0,0
1779747235495,-23362,5305,-16900,-783,56,-199,running,0.00,0,0,0,0,0
1779747235495,-23360,3565,-15584,-851,7,-228,running,0.00,0,0,0,0,0
1779747235519,-22298,2935,-12526,-914,-94,-175,running,0.00,0,0,0,0,0
1779747235520,-21201,4881,-10532,-930,-168,-57,running,0.00,0,0,0,0,0
1779747235549,-19700,6389,-9143,-778,-191,17,running,0.00,0,0,0,0,0
1779747235550,-16895,6499,-7694,-500,-240,47,running,0.00,0,0,0,0,0
1779747235551,-14649,5425,-7282,-112,-313,58,running,0.00,0,0,0,0,0
1779747235578,-12183,4447,-6172,297,-369,10,running,0.00,0,0,0,0,0
1779747235580,-11962,4184,-6244,317,-518,10,running,0.00,0,0,0,0,0
1779747235584,-12026,3703,-7599,-21,-668,-11,running,0.00,0,0,0,0,0
1779747235610,-11222,5104,-8188,-251,-776,-19,running,0.00,0,0,0,0,0
1779747235610,-11740,6844,-8477,-199,-810,37,running,0.00,0,0,0,0,0
1779747235611,-11234,6267,-8255,-10,-811,-13,running,0.00,0,0,0,0,0
1779747235640,-10160,4816,-7140,160,-837,-46,running,0.00,0,0,0,0,0
1779747235640,-9335,3397,-6292,237,-857,-49,running,0.00,0,0,0,0,0
1779747235641,-8861,2101,-7169,208,-849,-84,running,0.00,0,0,0,0,0
1779747235669,-9169,1165,-7263,50,-879,-136,running,0.00,0,0,0,0,0
1779747235670,-10375,987,-6439,-290,-956,-171,running,0.00,0,0,0,0,0
1779747235670,-11561,1713,-7293,-630,-955,-234,running,0.00,0,0,0,0,0
1779747235700,-12669,3476,-7676,-821,-916,-294,running,0.00,0,0,0,0,0
1779747235707,-12785,4821,-7063,-875,-909,-327,running,0.00,0,0,0,0,0
1779747235708,-12584,5580,-5748,-795,-886,-346,running,0.00,0,0,0,0,0
1779747235729,-12629,6285,-5063,-611,-810,-338,running,0.00,0,0,0,0,0
1779747235730,-12586,6573,-5179,-447,-733,-328,running,0.00,0,0,0,0,0
1779747235731,-12493,6114,-6162,-379,-688,-344,running,0.00,0,0,0,0,0
1779747235762,-12965,5697,-8022,-415,-653,-366,running,0.00,0,0,0,0,0
1779747235763,-13291,6274,-9138,-517,-643,-369,running,0.00,0,0,0,0,0
1779747235763,-13682,6873,-10843,-670,-638,-357,running,0.00,0,0,0,0,0
1779747235789,-14180,7456,-13113,-731,-529,-363,running,0.00,0,0,0,0,0
1779747235789,-14201,7373,-14250,-724,-388,-357,running,0.00,0,0,0,0,0
1779747235790,-13775,6629,-14783,-798,-274,-361,running,0.00,0,0,0,0,0
1779747235826,-13479,6023,-15097,-916,-131,-362,running,0.00,0,0,0,0,0
1779747235827,-13289,6200,-14496,-1029,17,-314,running,0.00,0,0,0,0,0
1779747235827,-12982,6796,-13824,-1108,159,-256,running,0.00,0,0,0,0,0
1779747235851,-12862,6469,-13829,-1147,316,-213,running,0.00,0,0,0,0,0
1779747235851,-12883,5448,-13539,-1182,472,-185,running,0.00,0,0,0,0,0
1779747235852,-11718,5514,-13873,-1305,600,-132,running,0.00,0,0,0,0,0
1779747235881,-10897,5802,-13062,-1333,529,-148,running,0.00,0,0,0,0,0
1779747235882,-10695,7072,-12079,-1315,432,-142,running,0.00,0,0,0,0,0
1779747235883,-11590,9113,-11813,-1200,360,-96,running,0.00,0,0,0,0,0
1779747235909,-12685,10886,-11690,-974,319,-72,running,0.00,0,0,0,0,0
1779747235909,-12825,10909,-11298,-718,278,-25,running,0.00,0,0,0,0,0
1779747235910,-12782,11219,-12041,-434,293,85,running,0.00,0,0,0,0,0
1779747235945,-13008,10764,-12367,-282,382,171,running,0.00,0,0,0,0,0
1779747235946,-12367,10725,-14432,-326,474,253,running,0.00,0,0,0,0,0
1779747235947,-12189,10869,-14823,-479,386,357,running,0.00,0,0,0,0,0
1779747235968,-12893,12251,-14625,-651,308,486,running,0.00,0,0,0,0,0
1779747235969,-13542,13130,-13851,-829,264,558,running,0.00,0,0,0,0,0
1779747235970,-13737,13220,-12829,-958,261,623,running,0.00,0,0,0,0,0
1779747236001,-13388,12911,-12050,-1059,294,694,running,0.00,0,0,0,0,0
1779747236002,-12634,12014,-11386,-1218,302,747,running,0.00,0,0,0,0,0
1779747236002,-11966,11363,-10374,-1474,289,802,running,0.00,0,0,0,0,0
1779747236029,-10219,10079,-9079,-2309,139,851,running,0.00,0,0,0,0,0
1779747236029,-9607,9856,-7547,-2702,-74,891,running,0.00,0,0,0,0,0
1779747236030,-10067,10821,-5164,-3189,-200,897,running,0.00,0,0,0,0,0
1779747236060,-10142,11938,-4870,-3583,-246,837,running,0.00,0,0,0,0,0
1779747236061,-10400,13468,-2348,-3633,-391,909,running,0.00,0,0,0,0,0
1779747236061,-10350,13287,-1064,-3454,-432,908,running,0.00,0,0,0,0,0
1779747236090,-10243,13788,-523,-3258,-514,974,running,0.00,0,0,0,0,0
1779747236091,-10073,15096,-287,-2958,-577,1046,running,0.00,0,0,0,0,0
1779747236091,-10270,13408,-193,-2323,-532,1066,running,0.00,0,0,0,0,0
1779747236119,-10310,11183,-134,-1604,-436,1091,running,0.00,0,0,0,0,0
1779747236120,-10938,8651,-1165,-822,-284,1108,running,0.00,0,0,0,0,0
1779747236121,-12389,4832,-1792,-1,-107,1099,running,0.00,0,0,0,0,0
1779747236150,-13770,758,-2538,751,164,1067,running,0.00,0,0,0,0,0
1779747236150,-15493,-2915,-2566,1446,502,951,running,0.00,0,0,0,0,0
1779747236151,-15965,-7629,-4058,2001,819,745,running,0.00,0,0,0,0,0
1779747236181,-16463,-11053,-3652,2326,936,554,running,0.00,0,0,0,0,0
1779747236182,-17701,-13535,-2725,2240,874,219,running,0.00,0,0,0,0,0
1779747236182,-19127,-13593,-2388,2110,812,-194,running,0.00,0,0,0,0,0
1779747236209,-21028,-12755,-1709,2126,632,-666,running,0.00,0,0,0,0,0
1779747236212,-20921,-11576,-573,2041,405,-1233,running,0.00,0,0,0,0,0
1779747236213,-19519,-11769,-552,1714,121,-1815,running,0.00,0,0,0,0,0
1779747236239,-18317,-8845,-2606,1307,-225,-2344,running,0.00,0,0,0,0,0
1779747236239,-19751,-3950,-3362,1162,-582,-2847,running,0.00,0,0,0,0,0
1779747236240,-23101,-1831,-3457,878,-821,-3300,running,0.00,0,0,0,0,0
1779747236270,-26313,1424,-7837,111,-904,-3603,running,0.00,0,0,0,0,0
1779747236273,-29385,5871,-10391,-575,-1085,-3646,running,0.00,0,0,0,0,0
1779747236274,-32768,10114,-9559,-1265,-1435,-3328,running,0.00,0,0,0,0,0
1779747236298,-32768,13346,-6463,-2478,-1767,-2997,running,0.00,0,0,0,0,0
1779747236299,-32708,18936,-3862,-3528,-1857,-2712,running,0.00,0,0,0,0,0
1779747236299,-32763,27390,-5930,-3831,-1566,-2347,running,0.00,0,0,0,0,0
1779747236328,-31267,31735,-6682,-3178,-1199,-2026,running,0.00,0,0,0,0,0
1779747236330,-28022,30900,-5256,-2080,-795,-1559,running,0.00,0,0,0,0,0
1779747236331,-23679,30171,-3886,-1002,-265,-1140,running,0.00,0,0,0,0,0
1779747236359,-18852,26393,-4300,-88,267,-1074,running,0.00,0,0,0,0,0
1779747236360,-14513,22467,-4409,420,553,-950,running,0.00,0,0,0,0,0
1779747236360,-11166,20542,-3901,603,649,-766,running,0.00,0,0,0,0,0
1779747236389,-8592,18486,-3978,580,679,-603,running,0.00,0,0,0,0,0
1779747236393,-5836,15829,-3959,420,660,-409,running,0.00,0,0,0,0,0
1779747236394,-3764,13846,-3817,169,605,-157,running,0.00,0,0,0,0,0
1779747236422,-1994,13422,-3781,-137,557,76,running,0.00,0,0,0,0,0
1779747236422,-439,13541,-3716,-360,493,264,running,0.00,0,0,0,0,0
1779747236423,903,12999,-4417,-518,435,432,running,0.00,0,0,0,0,0
1779747236451,1832,12538,-4833,-557,363,649,running,0.00,0,0,0,0,0
1779747236451,2308,12965,-5054,-539,328,905,running,0.00,0,0,0,0,0
1779747236451,3152,13676,-4849,-381,357,1128,running,0.00,0,0,0,0,0
1779747236479,4969,13435,-4976,-92,377,1298,running,0.00,0,0,0,0,0
1779747236479,6119,13223,-4831,202,387,1553,running,0.00,0,0,0,0,0
1779747236480,6924,12825,-4573,492,408,1839,running,0.00,0,0,0,0,0
1779747236510,7726,11864,-4154,818,434,2104,running,0.00,0,0,0,0,0
1779747236511,8329,11645,-3732,1090,425,2339,running,0.00,0,0,0,0,0
1779747236512,9302,10942,-3447,1230,345,2518,running,0.00,0,0,0,0,0
1779747236539,9870,10182,-3177,1349,191,2721,running,0.00,0,0,0,0,0
1779747236540,8954,10784,-2551,1458,44,2932,running,0.00,0,0,0,0,0
1779747236540,8492,11615,-1964,1548,-89,3127,running,0.00,0,0,0,0,0
1779747236570,8640,12089,-1386,1651,-239,3336,running,0.00,0,0,0,0,0
1779747236571,8328,13154,-353,1836,-416,3545,running,0.00,0,0,0,0,0
1779747236572,7317,15489,185,2089,-568,3682,running,0.00,0,0,0,0,0
1779747236600,5944,18003,816,2273,-819,3811,running,0.00,0,0,0,0,0
1779747236601,3067,22448,1192,2181,-1196,4027,running,0.00,0,0,0,0,0
1779747236601,559,28040,1460,2351,-1414,4059,running,0.00,0,0,0,0,0
1779747236630,-851,32767,1452,2688,-1479,4023,running,0.00,0,0,0,0,0
1779747236630,-3614,32767,-39,3154,-1544,3943,running,0.00,0,0,0,0,0
1779747236631,-11635,32686,-2946,3674,-1534,3732,running,0.00,0,0,0,0,0
1779747236661,-23912,32762,-3076,3903,-1364,3643,running,0.00,0,0,0,0,0
1779747236664,-32768,32767,367,3828,-1288,4077,running,0.00,0,0,0,0,0
1779747236665,-32768,32766,2173,3844,-1247,4636,running,0.00,0,0,0,0,0
1779747236689,-32597,32767,1945,3537,-1300,4759,running,0.00,0,0,0,0,0
1779747236690,-32768,31554,3558,2790,-1581,4553,running,0.00,0,0,0,0,0
1779747236691,-32768,24702,4699,1824,-1899,4490,running,0.00,0,0,0,0,0
1779747236719,-31340,22222,1139,896,-2225,4600,running,0.00,0,0,0,0,0
1779747236720,-25626,22016,-553,-6,-2838,4389,running,0.00,0,0,0,0,0
1779747236721,-21763,20539,-1,-432,-3380,4178,running,0.00,0,0,0,0,0
1779747236753,-23132,20701,832,-149,-3521,4161,running,0.00,0,0,0,0,0
1779747236754,-23542,17688,2783,736,-3394,3906,running,0.00,0,0,0,0,0
1779747236755,-20863,13672,2657,1702,-3020,3528,running,0.00,0,0,0,0,0
1779747236779,-17835,9134,2823,2277,-2792,2988,running,0.00,0,0,0,0,0
1779747236779,-15096,4947,3727,2589,-2714,2419,running,0.00,0,0,0,0,0
1779747236780,-12986,1397,5058,2580,-2672,1891,running,0.00,0,0,0,0,0
1779747236813,-11682,-653,5579,2381,-2606,1399,running,0.00,0,0,0,0,0
1779747236813,-9818,-807,4481,2125,-2570,906,running,0.00,0,0,0,0,0
1779747236814,-9626,-2532,5292,1862,-2704,439,running,0.00,0,0,0,0,0
1779747236839,-10820,-3173,5905,1753,-2751,221,running,0.00,0,0,0,0,0
1779747236839,-9158,-4578,4376,1692,-2689,-4,running,0.00,0,0,0,0,0
1779747236840,-10013,-6316,5058,1465,-2925,-182,running,0.00,0,0,0,0,0
1779747236869,-11741,-6835,4913,1150,-2773,-543,running,0.00,0,0,0,0,0
1779747236870,-11310,-8448,4394,921,-2512,-1177,running,0.00,0,0,0,0,0
1779747236870,-11164,-8894,3014,649,-2397,-1551,running,0.00,0,0,0,0,0
1779747236899,-12452,-8618,2927,367,-2354,-1734,running,0.00,0,0,0,0,0
1779747236903,-13558,-8146,3601,82,-2288,-1963,running,0.00,0,0,0,0,0
1779747236904,-14531,-7900,3511,-160,-2139,-2223,running,0.00,0,0,0,0,0
1779747236930,-14574,-6820,2855,-342,-1918,-2444,running,0.00,0,0,0,0,0
1779747236931,-15966,-5423,2705,-489,-1672,-2671,running,0.00,0,0,0,0,0
1779747236931,-16091,-4806,3397,-530,-1272,-2914,running,0.00,0,0,0,0,0
1779747236959,-15783,-3256,2339,-347,-784,-2875,running,0.00,0,0,0,0,0
1779747236962,-18007,372,1055,-32,-457,-2537,running,0.00,0,0,0,0,0
1779747236963,-18426,3975,-963,184,-77,-2738,running,0.00,0,0,0,0,0
1779747236989,-17776,3169,-3199,97,15,-3663,running,0.00,0,0,0,0,0
1779747236990,-18236,4852,-2078,-138,187,-4071,running,0.00,0,0,0,0,0
1779747236990,-18550,4579,-3918,-435,321,-4220,running,0.00,0,0,0,0,0
1779747237021,-24607,8673,-1508,-811,40,-4207,running,0.00,0,0,0,0,0
1779747237022,-25297,13907,-3361,-1169,66,-4282,running,0.00,0,0,0,0,0
1779747237022,-28001,18920,-4755,-1653,-238,-4701,running,0.00,0,0,0,0,0
1779747237049,-31719,24585,-10760,-2404,-420,-4744,running,0.00,0,0,0,0,0
1779747237051,-32768,30499,-13564,-3225,-484,-4139,running,0.00,0,0,0,0,0
1779747237051,-32768,31950,-16828,-3843,-508,-3706,running,0.00,0,0,0,0,0
1779747237080,-32740,32736,-18331,-4221,-458,-3247,running,0.00,0,0,0,0,0
1779747237080,-32560,32767,-15955,-4438,-500,-2851,running,0.00,0,0,0,0,0
1779747237081,-29628,32753,-12793,-4556,-618,-2218,running,0.00,0,0,0,0,0
1779747237109,-26927,32764,-9591,-4678,-718,-1450,running,0.00,0,0,0,0,0
1779747237111,-20725,32339,-8979,-4187,-635,-753,running,0.00,0,0,0,0,0
1779747237112,-12294,29291,-6519,-3462,-575,-452,running,0.00,0,0,0,0,0
1779747237140,-5682,21341,-7238,-2685,-442,-138,running,0.00,0,0,0,0,0
1779747237140,-3423,19174,-6820,-2293,-356,338,running,0.00,0,0,0,0,0
1779747237141,-4675,17777,-7398,-1863,-224,859,running,0.00,0,0,0,0,0
1779747237169,-2419,14512,-7154,-1357,51,1143,running,0.00,0,0,0,0,0
1779747237169,739,14225,-6995,-872,308,1315,running,0.00,0,0,0,0,0
1779747237170,1280,12126,-6658,-375,428,1601,running,0.00,0,0,0,0,0
1779747237205,1848,11260,-5789,69,576,1862,running,0.00,0,0,0,0,0
1779747237206,3138,9557,-4265,503,660,1978,running,0.00,0,0,0,0,0
1779747237207,3290,7162,-3114,876,803,2136,running,0.00,0,0,0,0,0
1779747237228,4684,5397,-2477,912,806,2215,running,0.00,0,0,0,0,0
1779747237229,4957,3032,-1991,751,893,2231,running,0.00,0,0,0,0,0
1779747237229,9185,1444,-2179,614,868,2156,running,0.00,0,0,0,0,0
1779747237259,8149,2015,-1047,501,732,2300,running,0.00,0,0,0,0,0
1779747237260,7800,1751,-1014,219,643,2454,running,0.00,0,0,0,0,0
1779747237261,9456,1599,-1619,-126,422,2516,running,0.00,0,0,0,0,0
1779747237288,8318,4308,-1967,-380,182,2450,running,0.00,0,0,0,0,0
1779747237289,8161,6116,-739,-500,-91,2518,running,0.00,0,0,0,0,0
1779747237290,6722,8627,-498,-371,-136,2804,running,0.00,0,0,0,0,0
1779747237320,5630,10203,-379,-8,-183,3023,running,0.00,0,0,0,0,0
1779747237321,6173,10249,-1774,356,-257,2990,running,0.00,0,0,0,0,0
1779747237322,3956,11216,-1440,740,-341,2912,running,0.00,0,0,0,0,0
1779747237349,2263,12989,-2364,1024,-340,3008,running,0.00,0,0,0,0,0
1779747237349,985,14848,-2637,1084,-478,3152,running,0.00,0,0,0,0,0
1779747237350,-1592,18240,-2577,947,-735,3191,running,0.00,0,0,0,0,0
1779747237380,-4161,20319,-2331,634,-1150,2937,running,0.00,0,0,0,0,0
1779747237381,-5177,26134,242,556,-1375,3750,running,0.00,0,0,0,0,0
1779747237383,-3748,32767,-1380,883,-1318,3908,running,0.00,0,0,0,0,0
1779747237409,-3713,32767,-1725,797,-1774,3359,running,0.00,0,0,0,0,0
1779747237410,-5862,32655,-2956,488,-2360,3066,running,0.00,0,0,0,0,0
1779747237411,-15058,32755,-4201,864,-2466,2693,running,0.00,0,0,0,0,0
1779747237446,-30603,32767,-2716,1411,-2395,2648,running,0.00,0,0,0,0,0
1779747237446,-32768,32765,-944,1609,-2327,3081,running,0.00,0,0,0,0,0
1779747237449,-32646,32766,2435,2085,-2207,3468,running,0.00,0,0,0,0,0
1779747237469,-32694,32766,3845,2701,-2072,3465,running,0.00,0,0,0,0,0
1779747237476,-32745,29039,2421,2888,-2097,3199,running,0.00,0,0,0,0,0
1779747237476,-29369,22139,382,2374,-2391,3000,running,0.00,0,0,0,0,0
1779747237499,-22091,20647,-924,1636,-2890,2738,running,0.00,0,0,0,0,0
1779747237499,-14683,16735,-587,1240,-3264,2335,running,0.00,0,0,0,0,0
1779747237500,-20364,14539,759,1035,-3476,2214,running,0.00,0,0,0,0,0
1779747237532,-11079,14346,-381,1166,-3275,1749,running,0.00,0,0,0,0,0
1779747237533,-10209,8857,1827,1681,-3305,1299,running,0.00,0,0,0,0,0
1779747237533,-5531,5391,1967,2200,-3127,1209,running,0.00,0,0,0,0,0
1779747237559,-12512,5234,3911,2347,-3056,1145,running,0.00,0,0,0,0,0
1779747237559,-7411,3386,3544,2353,-2851,145,running,0.00,0,0,0,0,0
1779747237561,-4822,-1888,4125,2508,-2695,-367,running,0.00,0,0,0,0,0
1779747237591,-5878,-2262,4939,2569,-2532,-518,running,0.00,0,0,0,0,0
1779747237592,-5383,-2981,5022,2560,-2355,-761,running,0.00,0,0,0,0,0
1779747237592,-4310,-6012,6295,2468,-2190,-956,running,0.00,0,0,0,0,0
1779747237619,-3940,-8070,6624,2335,-2072,-1052,running,0.00,0,0,0,0,0
1779747237620,-4810,-10178,7447,2043,-2039,-1216,running,0.00,0,0,0,0,0
1779747237620,-6466,-11800,8452,1515,-1988,-1426,running,0.00,0,0,0,0,0
1779747237650,-7856,-11711,7911,763,-1898,-1702,running,0.00,0,0,0,0,0
1779747237651,-9653,-10878,7729,264,-1808,-1948,running,0.00,0,0,0,0,0
1779747237651,-9870,-11797,9031,-28,-1647,-2051,running,0.00,0,0,0,0,0
1779747237681,-12387,-7064,8810,141,-1207,-818,running,0.00,0,0,0,0,0
1779747237682,-14668,317,8284,172,-851,-537,running,0.00,0,0,0,0,0
1779747237682,-11401,-6762,10086,196,-519,-2465,running,0.00,0,0,0,0,0
1779747237710,-9374,-5233,9547,397,61,-2858,running,0.00,0,0,0,0,0
1779747237711,-10452,-2518,7848,275,306,-2811,running,0.00,0,0,0,0,0
1779747237711,-11130,-2860,7300,282,457,-2911,running,0.00,0,0,0,0,0
1779747237740,-10593,-3131,5127,166,611,-3139,running,0.00,0,0,0,0,0
1779747237741,-10967,-2600,3708,-223,577,-3396,running,0.00,0,0,0,0,0
1779747237741,-10952,-2240,2565,-834,477,-3648,running,0.00,0,0,0,0,0
1779747237771,-13692,3983,3458,-1692,17,-3483,running,0.00,0,0,0,0,0
1779747237772,-24471,12009,3677,-2718,-148,-4249,running,0.00,0,0,0,0,0
1779747237772,-31237,19409,2258,-3351,-150,-5107,running,0.00,0,0,0,0,0
1779747237799,-32667,28460,-7360,-3669,-62,-5108,running,0.00,0,0,0,0,0
1779747237799,-32768,32767,-11563,-3983,-673,-4948,running,0.00,0,0,0,0,0
1779747237800,-32768,32767,-13338,-4275,-693,-4588,running,0.00,0,0,0,0,0
1779747237829,-32766,32667,-16355,-3339,-226,-3515,running,0.00,0,0,0,0,0
1779747237830,-32768,32767,-16362,-2196,55,-2729,running,0.00,0,0,0,0,0
1779747237831,-32692,32767,-14509,-1650,274,-1875,running,0.00,0,0,0,0,0
1779747237859,-32067,31699,-11986,-1727,167,-1363,running,0.00,0,0,0,0,0
1779747237860,-26459,31811,-11374,-2015,221,-849,running,0.00,0,0,0,0,0
1779747237860,-18619,24508,-9972,-1923,211,-659,running,0.00,0,0,0,0,0
1779747237889,-11150,21981,-9313,-2012,465,-514,running,0.00,0,0,0,0,0
1779747237890,-7811,21367,-10599,-1850,695,-487,running,0.00,0,0,0,0,0
1779747237891,319,17003,-9578,-1808,699,-450,running,0.00,0,0,0,0,0
1779747237920,-780,14724,-9246,-1916,764,-25,running,0.00,0,0,0,0,0
1779747237920,1765,11495,-8364,-2134,749,-77,running,0.00,0,0,0,0,0
1779747237921,5115,11566,-7955,-2052,936,311,running,0.00,0,0,0,0,0
1779747237951,3864,12808,-7098,-1713,1196,688,running,0.00,0,0,0,0,0
1779747237951,7016,10568,-6794,-1260,1441,623,running,0.00,0,0,0,0,0
1779747237952,8362,10133,-6260,-937,1506,751,running,0.00,0,0,0,0,0
1779747237979,8125,8114,-5196,-768,1461,767,running,0.00,0,0,0,0,0
1779747238010,9373,6603,-4263,-470,1618,802,running,0.00,0,0,0,0,0
1779747238010,11723,6556,-3952,-47,1751,911,running,0.00,0,0,0,0,0
1779747238010,11320,5966,-3877,152,1659,1060,running,0.00,0,0,0,0,0
1779747238011,11185,6641,-4128,49,1474,1367,running,0.00,0,0,0,0,0
1779747238011,6137,6187,-4372,-216,1328,1571,running,0.00,0,0,0,0,0
1779747238011,6582,4192,-3825,-443,1311,1409,running,0.00,0,0,0,0,0
1779747238038,8346,4449,-2895,-580,1228,1615,running,0.00,0,0,0,0,0
1779747238039,6550,5762,-2373,-628,1039,1925,running,0.00,0,0,0,0,0
1779747238072,6017,6982,-1767,-599,904,2064,running,0.00,0,0,0,0,0
1779747238073,6243,8993,-2088,-539,759,2160,running,0.00,0,0,0,0,0
1779747238073,4291,9599,-1224,-435,528,2323,running,0.00,0,0,0,0,0
1779747238102,3636,13860,-2851,-539,221,2613,running,0.00,0,0,0,0,0
1779747238102,125,17408,-3309,-524,-134,2913,running,0.00,0,0,0,0,0
1779747238103,-1100,21642,-3688,-451,-425,3267,running,0.00,0,0,0,0,0
1779747238131,-1966,28106,-4674,-322,-698,3615,running,0.00,0,0,0,0,0
1779747238132,-3223,32767,-5016,35,-1004,3850,running,0.00,0,0,0,0,0
1779747238133,-4163,32767,-6915,472,-1359,3846,running,0.00,0,0,0,0,0
1779747238159,-9320,32681,-8793,943,-1522,3481,running,0.00,0,0,0,0,0
1779747238164,-18764,32766,-10344,1052,-1519,1893,running,0.00,0,0,0,0,0
1779747238164,-31502,32767,-10041,1242,-1648,2388,running,0.00,0,0,0,0,0
1779747238192,-32768,32765,-7111,1698,-1276,2883,running,0.00,0,0,0,0,0
1779747238193,-32606,32767,-3873,2147,-1346,3115,running,0.00,0,0,0,0,0
1779747238193,-32714,32653,-2359,2276,-1515,3309,running,0.00,0,0,0,0,0
1779747238221,-32768,27136,-1047,2325,-1595,3086,running,0.00,0,0,0,0,0
1779747238221,-29144,19995,-1672,1999,-1767,3020,running,0.00,0,0,0,0,0
1779747238222,-26775,23799,-2921,1466,-2077,3103,running,0.00,0,0,0,0,0
1779747238249,-18912,12377,-2958,1507,-2417,2068,running,0.00,0,0,0,0,0
1779747238250,-15980,7942,-1789,1500,-2562,1462,running,0.00,0,0,0,0,0
1779747238251,-15238,9418,-3360,1489,-2189,1088,running,0.00,0,0,0,0,0
1779747238280,-10352,6142,-906,1842,-2613,490,running,0.00,0,0,0,0,0
1779747238281,-8561,1829,357,1827,-2625,233,running,0.00,0,0,0,0,0
1779747238281,-9322,1576,3229,2105,-2329,417,running,0.00,0,0,0,0,0
1779747238309,-8537,-163,3906,2381,-2014,315,running,0.00,0,0,0,0,0
1779747238310,-6735,-2680,4890,2652,-1800,153,running,0.00,0,0,0,0,0
1779747238310,-6732,-5950,5969,2649,-1734,15,running,0.00,0,0,0,0,0
1779747238340,-6761,-8506,6714,2421,-1636,-169,running,0.00,0,0,0,0,0
1779747238341,-5740,-10435,7151,2083,-1544,-455,running,0.00,0,0,0,0,0
1779747238341,-6625,-11045,7187,1760,-1387,-667,running,0.00,0,0,0,0,0
1779747238369,-7730,-11191,7210,1428,-1225,-922,running,0.00,0,0,0,0,0
1779747238371,-8429,-10649,7588,1076,-1096,-1068,running,0.00,0,0,0,0,0
1779747238374,-9223,-9988,7947,741,-935,-1177,running,0.00,0,0,0,0,0
1779747238404,-9692,-8523,7527,445,-690,-1333,running,0.00,0,0,0,0,0
1779747238405,-9572,-6541,7013,301,-375,-1481,running,0.00,0,0,0,0,0
1779747238405,-9654,-5518,7915,289,-66,-1628,running,0.00,0,0,0,0,0
1779747238432,-8763,-4732,7410,265,320,-1826,running,0.00,0,0,0,0,0
1779747238433,-8177,-3727,6488,129,580,-2026,running,0.00,0,0,0,0,0
1779747238435,-9301,-3090,6895,-73,717,-2142,running,0.00,0,0,0,0,0
1779747238462,-11314,-2011,6463,-318,860,-2167,running,0.00,0,0,0,0,0
1779747238463,-13147,-497,4665,-622,983,-2235,running,0.00,0,0,0,0,0
1779747238463,-14584,909,2572,-917,1096,-2328,running,0.00,0,0,0,0,0
1779747238488,-16231,3791,271,-1293,1217,-2221,running,0.00,0,0,0,0,0
1779747238489,-18283,7745,-1148,-1760,1341,-2099,running,0.00,0,0,0,0,0
1779747238490,-21001,14571,-1470,-2124,1596,-2047,running,0.00,0,0,0,0,0
1779747238519,-23047,23171,-3982,-2520,1957,-2157,running,0.00,0,0,0,0,0
1779747238519,-21988,29615,-7982,-3005,2018,-2459,running,0.00,0,0,0,0,0
1779747238520,-22061,32767,-9444,-3313,1821,-2674,running,0.00,0,0,0,0,0
1779747238553,-24763,32767,-13663,-3508,1723,-2595,running,0.00,0,0,0,0,0
1779747238554,-27245,32703,-16826,-3259,1690,-2397,running,0.00,0,0,0,0,0
1779747238554,-24760,32767,-17350,-3105,1720,-1920,running,0.00,0,0,0,0,0
1779747238580,-22575,32767,-17353,-2655,1852,-1350,running,0.00,0,0,0,0,0
1779747238581,-18056,32766,-15934,-2237,1850,-1040,running,0.00,0,0,0,0,0
1779747238582,-14237,30613,-14077,-1926,1768,-556,running,0.00,0,0,0,0,0
1779747238610,-10508,23602,-14772,-1843,1598,-264,running,0.00,0,0,0,0,0
1779747238614,-6384,18376,-15180,-2025,1210,-196,running,0.00,0,0,0,0,0
1779747238614,-3701,16193,-14522,-2219,816,-80,running,0.00,0,0,0,0,0
1779747238639,-1646,15317,-13989,-2274,583,49,running,0.00,0,0,0,0,0
1779747238639,-1702,15857,-13089,-1978,565,211,running,0.00,0,0,0,0,0
1779747238640,2078,13119,-11785,-1421,608,239,running,0.00,0,0,0,0,0
1779747238669,4039,10983,-9461,-1105,554,244,running,0.00,0,0,0,0,0
1779747238672,4521,9349,-7876,-763,596,206,running,0.00,0,0,0,0,0
1779747238679,7085,7380,-6370,-371,657,252,running,0.00,0,0,0,0,0
1779747238698,5968,6660,-5539,-168,632,391,running,0.00,0,0,0,0,0
1779747238699,7656,4563,-5270,149,750,342,running,0.00,0,0,0,0,0
1779747238699,9919,2479,-4737,393,657,311,running,0.00,0,0,0,0,0
1779747238728,12357,764,-4317,416,409,304,running,0.00,0,0,0,0,0
1779747238732,11858,-129,-4017,383,129,366,running,0.00,0,0,0,0,0
1779747238732,9859,-100,-3774,201,-1,382,running,0.00,0,0,0,0,0
1779747238760,10706,-44,-3988,-61,-89,270,running,0.00,0,0,0,0,0
1779747238760,9180,985,-3744,-119,-185,348,running,0.00,0,0,0,0,0
1779747238761,8266,2341,-3313,-196,-376,580,running,0.00,0,0,0,0,0
1779747238796,7754,3406,-3053,-371,-633,901,running,0.00,0,0,0,0,0
1779747238797,6384,5971,-3253,-418,-859,1144,running,0.00,0,0,0,0,0
1779747238797,4953,8615,-3544,-351,-1024,1247,running,0.00,0,0,0,0,0
1779747238819,3284,11685,-4273,-144,-1091,1451,running,0.00,0,0,0,0,0
1779747238820,873,15255,-4862,161,-1076,1759,running,0.00,0,0,0,0,0
1779747238820,1171,14623,-3644,625,-1089,1971,running,0.00,0,0,0,0,0
1779747238851,-1205,15198,-3480,674,-1129,2050,running,0.00,0,0,0,0,0
1779747238851,3046,18543,-4749,474,-1088,1873,running,0.00,0,0,0,0,0
1779747238852,919,30188,-5755,680,-1106,2461,running,0.00,0,0,0,0,0
1779747238879,-7038,32767,-9314,922,-1273,2599,running,0.00,0,0,0,0,0
1779747238879,-8174,32669,-11569,1228,-1273,2212,running,0.00,0,0,0,0,0
1779747238880,-16682,32684,-11170,1632,-1177,2110,running,0.00,0,0,0,0,0
1779747238911,-26618,32767,-10027,2009,-1038,2129,running,0.00,0,0,0,0,0
1779747238911,-32768,32767,-9569,2038,-891,2460,running,0.00,0,0,0,0,0
1779747238912,-32768,32765,-10012,1901,-870,2793,running,0.00,0,0,0,0,0
1779747238938,-32670,31116,-8898,1387,-1037,2782,running,0.00,0,0,0,0,0
1779747238940,-32616,27027,-9174,756,-1050,2671,running,0.00,0,0,0,0,0
1779747238940,-28339,25675,-8288,56,-1227,2485,running,0.00,0,0,0,0,0
1779747238969,-21411,23007,-5691,-523,-1622,2227,running,0.00,0,0,0,0,0
1779747238970,-22016,20209,-3355,-880,-1907,1955,running,0.00,0,0,0,0,0
1779747238971,-20183,16913,-3286,-870,-1966,1465,running,0.00,0,0,0,0,0
1779747238999,-17728,13506,-3177,-668,-2043,1140,running,0.00,0,0,0,0,0
1779747238999,-16044,10949,-1758,-356,-2045,935,running,0.00,0,0,0,0,0
1779747239000,-14480,9439,-1718,32,-1917,627,running,0.00,0,0,0,0,0
1779747239030,-8172,6375,-1224,292,-1858,42,running,0.00,0,0,0,0,0
1779747239031,-8706,2997,-778,469,-1769,-153,running,0.00,0,0,0,0,0
1779747239031,-9568,2712,64,704,-1654,-352,running,0.00,0,0,0,0,0
1779747239059,-6874,1838,371,855,-1554,-708,running,0.00,0,0,0,0,0
1779747239059,-6890,-347,1910,1005,-1536,-890,running,0.00,0,0,0,0,0
1779747239060,-6456,-2767,2712,1183,-1414,-1001,running,0.00,0,0,0,0,0
1779747239089,-5622,-4364,3071,1258,-1340,-1110,running,0.00,0,0,0,0,0
1779747239090,-6044,-6332,4069,1230,-1362,-1209,running,0.00,0,0,0,0,0
1779747239091,-7284,-6994,4313,1031,-1369,-1289,running,0.00,0,0,0,0,0
1779747239119,-8288,-6892,4683,717,-1324,-1368,running,0.00,0,0,0,0,0
1779747239126,-8703,-6685,5288,362,-1249,-1401,running,0.00,0,0,0,0,0
1779747239127,-9260,-4280,5422,195,-1119,-1282,running,0.00,0,0,0,0,0
1779747239150,-9827,-2547,5304,179,-810,-1252,running,0.00,0,0,0,0,0
1779747239150,-9179,-1093,5594,162,-391,-1393,running,0.00,0,0,0,0,0
1779747239151,-9170,298,5653,227,21,-1435,running,0.00,0,0,0,0,0
1779747239183,-9909,1365,4845,234,386,-1437,running,0.00,0,0,0,0,0
1779747239184,-11024,2267,3452,124,743,-1374,running,0.00,0,0,0,0,0
1779747239184,-11479,2216,1887,-129,962,-1338,running,0.00,0,0,0,0,0
1779747239209,-11768,1472,820,-590,1081,-1437,running,0.00,0,0,0,0,0
1779747239210,-13038,3030,-696,-1070,1238,-1463,running,0.00,0,0,0,0,0
1779747239210,-15800,6761,-1969,-1445,1479,-1455,running,0.00,0,0,0,0,0
1779747239242,-16673,10136,-3476,-1585,1795,-1422,running,0.00,0,0,0,0,0
1779747239242,-16771,12427,-3086,-1608,2069,-1419,running,0.00,0,0,0,0,0
1779747239243,-16776,14075,-1719,-1719,2269,-1616,running,0.00,0,0,0,0,0
1779747239269,-17063,15335,-1365,-2038,2230,-2060,running,0.00,0,0,0,0,0
1779747239270,-17805,16927,-3512,-2497,1952,-2649,running,0.00,0,0,0,0,0
1779747239271,-19732,19891,-4954,-2972,1481,-3194,running,0.00,0,0,0,0,0
1779747239302,-24169,25605,-8344,-3556,1015,-3370,running,0.00,0,0,0,0,0
1779747239303,-29134,32465,-12673,-4343,578,-3217,running,0.00,0,0,0,0,0
1779747239303,-31310,32767,-13631,-4410,353,-2896,running,0.00,0,0,0,0,0
1779747239329,-30088,32667,-11837,-3716,466,-2462,running,0.00,0,0,0,0,0
1779747239330,-26352,32747,-9960,-2714,648,-2032,running,0.00,0,0,0,0,0
1779747239331,-20741,31989,-10035,-1641,1039,-1527,running,0.00,0,0,0,0,0
1779747239362,-7845,23742,-10711,-980,1048,-1232,running,0.00,0,0,0,0,0
1779747239363,-3546,22004,-8991,-1137,766,-1053,running,0.00,0,0,0,0,0
1779747239363,-2311,20696,-7750,-1297,642,-766,running,0.00,0,0,0,0,0
1779747239390,351,19408,-6931,-1368,645,-584,running,0.00,0,0,0,0,0
1779747239391,1483,17927,-6143,-1382,630,-398,running,0.00,0,0,0,0,0
1779747239392,1398,16186,-5151,-1378,650,-231,running,0.00,0,0,0,0,0
1779747239421,7138,14385,-4813,-1052,780,-35,running,0.00,0,0,0,0,0
1779747239422,6365,12648,-3803,-744,736,431,running,0.00,0,0,0,0,0
1779747239422,6813,9970,-3886,-487,794,491,running,0.00,0,0,0,0,0
1779747239449,11326,7450,-4095,-230,795,463,running,0.00,0,0,0,0,0
1779747239449,12050,6831,-3845,-102,760,768,running,0.00,0,0,0,0,0
1779747239450,12433,6259,-3402,-46,704,966,running,0.00,0,0,0,0,0
1779747239480,13193,4910,-2982,96,648,1059,running,0.00,0,0,0,0,0
1779747239482,13846,3869,-3132,193,622,1185,running,0.00,0,0,0,0,0
1779747239482,12823,2296,-1984,243,454,1303,running,0.00,0,0,0,0,0
1779747239509,12470,400,-2645,272,380,1286,running,0.00,0,0,0,0,0
1779747239509,11758,-60,-2639,233,154,1430,running,0.00,0,0,0,0,0
1779747239510,10626,2610,-2169,164,-93,1905,running,0.00,0,0,0,0,0
1779747239539,9194,3925,-2091,3,-212,1955,running,0.00,0,0,0,0,0
1779747239540,6438,5984,-1930,110,-372,1987,running,0.00,0,0,0,0,0
1779747239541,4424,7765,-2248,353,-373,2108,running,0.00,0,0,0,0,0
1779747239569,4614,8921,-2576,480,-393,2288,running,0.00,0,0,0,0,0
1779747239570,4509,10774,-2562,642,-662,2390,running,0.00,0,0,0,0,0
1779747239571,3376,12267,-2396,665,-748,2514,running,0.00,0,0,0,0,0
1779747239600,1838,15536,-3293,589,-858,2692,running,0.00,0,0,0,0,0
1779747239629,1095,19902,-3134,514,-1109,2850,running,0.00,0,0,0,0,0
1779747239630,665,28938,-3246,500,-1366,3042,running,0.00,0,0,0,0,0
1779747239630,-1223,32767,-6669,537,-1651,3092,running,0.00,0,0,0,0,0
1779747239631,-5784,32767,-9070,539,-1903,2918,running,0.00,0,0,0,0,0
1779747239635,-14437,32667,-8297,995,-1889,2788,running,0.00,0,0,0,0,0
1779747239636,-26135,32767,-9236,1620,-1513,2991,running,0.00,0,0,0,0,0
1779747239665,-32768,32767,-8625,2276,-916,3414,running,0.00,0,0,0,0,0
1779747239665,-32768,32765,-6089,2840,-391,3839,running,0.00,0,0,0,0,0
1779747239688,-32626,32767,-4510,3029,-65,4049,running,0.00,0,0,0,0,0
1779747239689,-32768,32659,-4018,2814,-54,4009,running,0.00,0,0,0,0,0
1779747239689,-32194,29687,-3605,2288,-256,3760,running,0.00,0,0,0,0,0
1779747239726,-24173,24619,-4842,1492,-663,3111,running,0.00,0,0,0,0,0
1779747239727,-17697,21664,-5189,690,-1186,2646,running,0.00,0,0,0,0,0
1779747239727,-15236,22499,-4187,165,-1717,2310,running,0.00,0,0,0,0,0
1779747239752,-15634,16786,-1747,267,-2073,1778,running,0.00,0,0,0,0,0
1779747239753,-16100,12114,-1980,767,-2123,1696,running,0.00,0,0,0,0,0
1779747239754,-13019,12394,-1618,1375,-2093,1704,running,0.00,0,0,0,0,0
1779747239781,-8703,9857,-1269,2071,-1922,1351,running,0.00,0,0,0,0,0
1779747239782,-4945,5613,-506,2628,-1782,951,running,0.00,0,0,0,0,0
1779747239783,-4183,593,324,2824,-1807,622,running,0.00,0,0,0,0,0
1779747239811,-4246,-4490,1773,2797,-1855,345,running,0.00,0,0,0,0,0
1779747239812,-4199,-7000,1726,2554,-1904,141,running,0.00,0,0,0,0,0
1779747239812,-4552,-7164,1128,2154,-2065,-135,running,0.00,0,0,0,0,0
1779747239838,-6454,-8976,2681,1635,-2242,-487,running,0.00,0,0,0,0,0
1779747239839,-8792,-10194,2877,1081,-2323,-821,running,0.00,0,0,0,0,0
1779747239839,-10434,-11306,2533,361,-2295,-1245,running,0.00,0,0,0,0,0
1779747239869,-12597,-15373,1569,-714,-2325,-1776,running,0.00,0,0,0,0,0
1779747239870,-16516,-13658,2410,-1592,-2253,-2133,running,0.00,0,0,0,0,0
1779747239871,-17064,-11515,1886,-2035,-1938,-2521,running,0.00,0,0,0,0,0
1779747239898,-17013,-6945,2638,-2153,-1497,-2747,running,0.00,0,0,0,0,0
1779747239899,-17413,-1423,4395,-1814,-873,-2867,running,0.00,0,0,0,0,0
1779747239899,-16097,966,5192,-1245,-64,-3060,running,0.00,0,0,0,0,0
1779747239930,-12273,828,4668,-802,666,-3330,running,0.00,0,0,0,0,0
1779747239930,-10629,954,4803,-583,1118,-3535,running,0.00,0,0,0,0,0
1779747239931,-10434,858,4420,-753,1345,-3691,running,0.00,0,0,0,0,0
1779747239959,-10909,1666,5012,-1081,1479,-3707,running,0.00,0,0,0,0,0
1779747239960,-9429,4255,4128,-1422,1551,-3577,running,0.00,0,0,0,0,0
1779747239960,-11189,7146,4352,-1925,1461,-3562,running,0.00,0,0,0,0,0
1779747239990,-13395,13531,4602,-2287,1590,-3792,running,0.00,0,0,0,0,0
1779747239991,-14589,20260,3079,-2478,1700,-4079,running,0.00,0,0,0,0,0
1779747239991,-14322,23962,1372,-2620,1547,-4303,running,0.00,0,0,0,0,0
1779747240020,-17530,27023,-852,-2795,1233,-4464,running,0.00,0,0,0,0,0
1779747240021,-23543,28633,-2842,-3293,749,-4445,running,0.00,0,0,0,0,0
1779747240022,-29798,30028,-4929,-3871,291,-4114,running,0.00,0,0,0,0,0
1779747240051,-32768,31530,-6139,-4559,-202,-3687,running,0.00,0,0,0,0,0
1779747240051,-32768,32767,-6125,-4848,-489,-3026,running,0.00,0,0,0,0,0
1779747240052,-32705,32767,-5425,-3934,-203,-2246,running,0.00,0,0,0,0,0
1779747240079,-32584,32739,-5816,-2363,359,-1752,running,0.00,0,0,0,0,0
1779747240079,-27009,32513,-8187,-1062,849,-1391,running,0.00,0,0,0,0,0
1779747240080,-19041,28967,-7383,-599,923,-1130,running,0.00,0,0,0,0,0
1779747240115,-12782,23459,-8464,-678,946,-871,running,0.00,0,0,0,0,0
1779747240115,-7864,20754,-8773,-1068,833,-641,running,0.00,0,0,0,0,0
1779747240116,-4158,18599,-6517,-1587,633,-514,running,0.00,0,0,0,0,0
1779747240139,-1324,16663,-6745,-2051,460,-394,running,0.00,0,0,0,0,0
1779747240139,456,16517,-6002,-2169,380,-134,running,0.00,0,0,0,0,0
1779747240140,2769,16039,-4932,-2089,436,166,running,0.00,0,0,0,0,0
1779747240170,3928,13525,-4932,-1938,414,283,running,0.00,0,0,0,0,0
1779747240172,6384,11039,-5283,-1694,531,310,running,0.00,0,0,0,0,0
1779747240173,8562,10032,-5679,-1411,566,553,running,0.00,0,0,0,0,0
1779747240198,8490,10150,-4326,-1113,548,912,running,0.00,0,0,0,0,0
1779747240199,10354,10380,-5757,-591,815,1088,running,0.00,0,0,0,0,0
1779747240199,10680,8047,-6183,-266,837,1143,running,0.00,0,0,0,0,0
1779747240230,9567,5771,-6282,-25,878,1106,running,0.00,0,0,0,0,0
1779747240231,10432,5445,-5453,217,966,1120,running,0.00,0,0,0,0,0
1779747240232,9930,4876,-4757,327,928,1262,running,0.00,0,0,0,0,0
1779747240259,9507,3999,-4357,445,884,1301,running,0.00,0,0,0,0,0
1779747240259,8403,3376,-3451,527,807,1301,running,0.00,0,0,0,0,0
1779747240259,7310,2902,-2246,498,736,1355,running,0.00,0,0,0,0,0
1779747240289,7289,2643,-1456,397,641,1465,running,0.00,0,0,0,0,0
1779747240290,7662,1959,-1233,230,443,1643,running,0.00,0,0,0,0,0
1779747240291,7897,1265,-546,91,226,1853,running,0.00,0,0,0,0,0
1779747240319,7021,2326,494,163,71,1974,running,0.00,0,0,0,0,0
1779747240320,5536,5249,-19,281,-95,2004,running,0.00,0,0,0,0,0
1779747240320,3479,8207,-811,330,-344,2178,running,0.00,0,0,0,0,0
1779747240349,1411,12218,-2313,350,-591,2496,running,0.00,0,0,0,0,0
1779747240350,567,16791,-3966,419,-760,2756,running,0.00,0,0,0,0,0
1779747240351,-528,23189,-6622,381,-960,3003,running,0.00,0,0,0,0,0
1779747240379,-1802,31266,-10404,72,-1285,3161,running,0.00,0,0,0,0,0
1779747240388,-4499,32767,-10849,-202,-1648,3106,running,0.00,0,0,0,0,0
1779747240389,-9426,32708,-10804,-587,-1972,2660,running,0.00,0,0,0,0,0
1779747240408,-18972,32718,-8500,-999,-2126,2373,running,0.00,0,0,0,0,0
1779747240410,-30747,32767,-4958,-994,-1994,2535,running,0.00,0,0,0,0,0
1779747240410,-32768,32767,-957,-811,-1732,2915,running,0.00,0,0,0,0,0
1779747240439,-32665,32766,-139,-749,-1686,3211,running,0.00,0,0,0,0,0
1779747240446,-32700,32767,-2318,-429,-1779,3254,running,0.00,0,0,0,0,0
1779747240447,-32768,31520,-2022,51,-1863,3073,running,0.00,0,0,0,0,0
1779747240469,-19488,26019,-2989,-5,-2204,2655,running,0.00,0,0,0,0,0
1779747240470,-13644,20514,-2692,-144,-2486,2248,running,0.00,0,0,0,0,0
1779747240470,-11600,13253,-2504,90,-2673,1806,running,0.00,0,0,0,0,0
1779747240502,-11411,9995,-1918,608,-2785,1436,running,0.00,0,0,0,0,0
1779747240503,-9242,9372,-1957,1115,-2806,1089,running,0.00,0,0,0,0,0
1779747240503,-6707,9205,-1118,1752,-2678,763,running,0.00,0,0,0,0,0
1779747240528,-4915,10094,-984,2855,-2168,580,running,0.00,0,0,0,0,0
1779747240530,-4247,1805,668,3474,-2156,101,running,0.00,0,0,0,0,0
1779747240530,-2915,-2201,1706,3526,-1984,-417,running,0.00,0,0,0,0,0
1779747240562,-2170,-5085,1644,3653,-1742,-696,running,0.00,0,0,0,0,0
1779747240562,-2606,-7098,1625,3735,-1564,-683,running,0.00,0,0,0,0,0
1779747240563,-3383,-8840,2697,3596,-1516,-682,running,0.00,0,0,0,0,0
1779747240589,-4220,-12533,4983,3062,-1605,-889,running,0.00,0,0,0,0,0
1779747240590,-4610,-16414,4852,2165,-1688,-1251,running,0.00,0,0,0,0,0
1779747240590,-5442,-18018,4884,1209,-1705,-1483,running,0.00,0,0,0,0,0
1779747240621,-7581,-17432,6337,61,-1766,-1569,running,0.00,0,0,0,0,0
1779747240621,-9311,-13944,6833,-1106,-1725,-1683,running,0.00,0,0,0,0,0
1779747240622,-9743,-8025,6774,-1727,-1392,-1697,running,0.00,0,0,0,0,0
1779747240650,-9997,-2938,8414,-1754,-1137,-1723,running,0.00,0,0,0,0,0
1779747240651,-11015,3063,7917,-1314,-608,-1841,running,0.00,0,0,0,0,0
1779747240651,-10568,7949,7645,-489,112,-2072,running,0.00,0,0,0,0,0
1779747240680,-10709,9990,6000,315,736,-2206,running,0.00,0,0,0,0,0
1779747240680,-13524,8718,6536,779,1198,-2274,running,0.00,0,0,0,0,0
1779747240680,-14271,4001,7328,882,1706,-2416,running,0.00,0,0,0,0,0
1779747240709,-13184,3548,3657,996,2150,-2099,running,0.00,0,0,0,0,0
1779747240711,-14064,3955,1195,681,2071,-1914,running,0.00,0,0,0,0,0
1779747240714,-14418,4908,836,108,1917,-2012,running,0.00,0,0,0,0,0
1779747240739,-15698,10211,-416,-614,1838,-1938,running,0.00,0,0,0,0,0
1779747240740,-17684,17025,-1584,-1531,1674,-2182,running,0.00,0,0,0,0,0
1779747240741,-17980,20840,-1910,-1935,1580,-2673,running,0.00,0,0,0,0,0
1779747240770,-19764,23278,-2450,-1960,1409,-2977,running,0.00,0,0,0,0,0
1779747240771,-23140,26967,-5192,-2096,1192,-3117,running,0.00,0,0,0,0,0
1779747240772,-27352,29567,-9141,-2239,969,-3095,running,0.00,0,0,0,0,0
1779747240799,-31116,31739,-11217,-2382,874,-3023,running,0.00,0,0,0,0,0
1779747240800,-31792,32603,-14831,-2039,1085,-2933,running,0.00,0,0,0,0,0
1779747240800,-29415,32252,-15166,-1780,887,-3095,running,0.00,0,0,0,0,0
1779747240829,-26746,25394,-9496,-2067,531,-3293,running,0.00,0,0,0,0,0
1779747240830,-22291,26312,-13757,-2802,668,-2792,running,0.00,0,0,0,0,0
1779747240831,-21333,27495,-10037,-1806,940,-2110,running,0.00,0,0,0,0,0
1779747240859,-16486,24181,-8575,-1376,1193,-1818,running,0.00,0,0,0,0,0
1779747240860,-10725,21063,-7862,-827,1357,-1602,running,0.00,0,0,0,0,0
1779747240861,-4791,17168,-6586,-559,1378,-1631,running,0.00,0,0,0,0,0
1779747240891,-2195,16996,-6797,-780,1274,-1445,running,0.00,0,0,0,0,0
1779747240892,-867,16696,-6404,-801,1190,-1296,running,0.00,0,0,0,0,0
1779747240895,1465,14706,-5639,-526,1220,-1138,running,0.00,0,0,0,0,0
1779747240919,3398,12997,-4989,-119,1350,-812,running,0.00,0,0,0,0,0
1779747240919,5932,10998,-4819,134,1375,-779,running,0.00,0,0,0,0,0
1779747240920,9145,9517,-5800,257,1331,-970,running,0.00,0,0,0,0,0
1779747240949,10428,8674,-5507,302,1210,-926,running,0.00,0,0,0,0,0
1779747240952,10714,7457,-5053,257,1097,-630,running,0.00,0,0,0,0,0
1779747240953,12086,6510,-5003,198,1045,-241,running,0.00,0,0,0,0,0
1779747240979,12072,5827,-3976,160,966,132,running,0.00,0,0,0,0,0
1779747240980,11760,6217,-3200,-118,841,328,running,0.00,0,0,0,0,0
1779747240980,11013,7128,-2407,-485,715,552,running,0.00,0,0,0,0,0
1779747241008,8952,8444,-1251,-704,544,882,running,0.00,0,0,0,0,0
1779747241009,7134,9965,-1335,-566,438,1246,running,0.00,0,0,0,0,0
1779747241009,6282,10315,-1869,-324,334,1539,running,0.00,0,0,0,0,0
1779747241042,5306,9733,-2284,-102,272,1846,running,0.00,0,0,0,0,0
1779747241043,6232,9668,-3481,14,274,2128,running,0.00,0,0,0,0,0
1779747241043,6464,9965,-3166,-34,122,2306,running,0.00,0,0,0,0,0
1779747241068,5683,10318,-3235,-161,-54,2467,running,0.00,0,0,0,0,0
1779747241071,3985,13227,-4040,-229,-214,2658,running,0.00,0,0,0,0,0
1779747241072,2477,15717,-3510,-271,-390,2910,running,0.00,0,0,0,0,0
1779747241098,129,20454,-2852,-248,-596,3160,running,0.00,0,0,0,0,0
1779747241098,-388,28260,-3596,142,-701,3335,running,0.00,0,0,0,0,0
1779747241099,-2973,32767,-6571,388,-933,3350,running,0.00,0,0,0,0,0
1779747241129,-8449,32767,-10353,770,-1149,3501,running,0.00,0,0,0,0,0
1779747241130,-14466,32680,-14069,1669,-1088,3662,running,0.00,0,0,0,0,0
1779747241132,-20593,32767,-13483,2291,-978,3467,running,0.00,0,0,0,0,0
1779747241159,-28238,32767,-11646,2819,-808,3499,running,0.00,0,0,0,0,0
1779747241160,-32768,32765,-10797,2874,-680,3792,running,0.00,0,0,0,0,0
1779747241160,-32768,31934,-8817,2731,-907,3903,running,0.00,0,0,0,0,0
1779747241191,-32684,23920,-7711,2189,-1008,3757,running,0.00,0,0,0,0,0
1779747241192,-32762,17110,-10022,847,-1228,3524,running,0.00,0,0,0,0,0
1779747241192,-30244,18936,-9653,-400,-1667,3267,running,0.00,0,0,0,0,0
1779747241221,-22991,21575,-10069,-1331,-2040,2863,running,0.00,0,0,0,0,0
1779747241222,-18863,23800,-9938,-1685,-2550,2371,running,0.00,0,0,0,0,0
1779747241226,-19958,23652,-6931,-1053,-2836,2088,running,0.00,0,0,0,0,0
1779747241249,-19449,17598,-3396,-52,-2590,1736,running,0.00,0,0,0,0,0
1779747241250,-14995,11633,-3312,976,-2041,1437,running,0.00,0,0,0,0,0
1779747241250,-9368,7827,-4105,1475,-1762,1238,running,0.00,0,0,0,0,0
1779747241280,-6324,3112,-2305,1577,-1889,1029,running,0.00,0,0,0,0,0
1779747241280,-3957,1034,-2863,1354,-1976,786,running,0.00,0,0,0,0,0
1779747241281,-1462,-1993,-1920,1123,-2201,488,running,0.00,0,0,0,0,0
1779747241310,-4566,-1472,-560,738,-2333,431,running,0.00,0,0,0,0,0
1779747241310,-4335,-1523,-139,653,-2098,204,running,0.00,0,0,0,0,0
1779747241310,-3105,-1976,198,723,-1978,-7,running,0.00,0,0,0,0,0
1779747241339,-3802,-2883,1241,781,-1968,-56,running,0.00,0,0,0,0,0
1779747241340,-5123,-3591,1878,887,-1856,-92,running,0.00,0,0,0,0,0
1779747241344,-5220,-3584,2043,1007,-1602,-161,running,0.00,0,0,0,0,0
1779747241374,-5109,-2586,2446,1071,-1343,-175,running,0.00,0,0,0,0,0
1779747241375,-5363,-1072,2927,1208,-1040,-191,running,0.00,0,0,0,0,0
1779747241375,-4756,-1258,4093,1278,-823,-301,running,0.00,0,0,0,0,0
1779747241399,-4954,-2822,5402,1207,-613,-562,running,0.00,0,0,0,0,0
1779747241403,-5749,-3626,5992,1115,-230,-764,running,0.00,0,0,0,0,0
1779747241404,-6149,-4110,6031,904,-7,-877,running,0.00,0,0,0,0,0
1779747241439,-6757,-4049,6194,596,89,-942,running,0.00,0,0,0,0,0
1779747241439,-7805,-3819,6606,167,182,-1145,running,0.00,0,0,0,0,0
1779747241440,-8944,-3018,5541,-415,300,-1501,running,0.00,0,0,0,0,0
1779747241458,-10545,-1312,3614,-883,433,-1846,running,0.00,0,0,0,0,0
1779747241459,-12723,387,2111,-1072,549,-1995,running,0.00,0,0,0,0,0
1779747241459,-15024,2476,218,-1224,657,-1952,running,0.00,0,0,0,0,0
1779747241489,-16852,3757,-383,-1313,855,-2006,running,0.00,0,0,0,0,0
1779747241490,-17833,5940,-207,-1407,1103,-2234,running,0.00,0,0,0,0,0
1779747241492,-21385,10495,1209,-1703,1176,-2642,running,0.00,0,0,0,0,0
1779747241519,-26129,15420,-130,-2138,1176,-3193,running,0.00,0,0,0,0,0
1779747241520,-31888,20946,-3684,-2333,1139,-3727,running,0.00,0,0,0,0,0
1779747241524,-32768,29668,-10044,-2538,1161,-3955,running,0.00,0,0,0,0,0
1779747241548,-32711,32767,-17405,-2828,1107,-3905,running,0.00,0,0,0,0,0
1779747241549,-32737,32767,-19165,-2690,1011,-3745,running,0.00,0,0,0,0,0
1779747241549,-32768,32686,-16234,-2233,1154,-3451,running,0.00,0,0,0,0,0
1779747241579,-26819,32451,-9945,-1636,1513,-2904,running,0.00,0,0,0,0,0
1779747241583,-22195,29247,-9913,-1619,1788,-2565,running,0.00,0,0,0,0,0
1779747241584,-17931,23607,-8248,-2091,1608,-2559,running,0.00,0,0,0,0,0
1779747241608,-10029,21898,-7430,-2719,1558,-2439,running,0.00,0,0,0,0,0
1779747241609,-6578,26464,-7609,-3121,1561,-2052,running,0.00,0,0,0,0,0
1779747241610,-3740,27845,-6253,-3296,1461,-2152,running,0.00,0,0,0,0,0
1779747241641,-1443,27349,-4825,-3185,1492,-2153,running,0.00,0,0,0,0,0
1779747241641,-336,27111,-4145,-2728,1653,-1731,running,0.00,0,0,0,0,0
1779747241641,3280,23699,-2997,-2053,1792,-1427,running,0.00,0,0,0,0,0
1779747241672,5580,20062,-2825,-1601,1880,-1263,running,0.00,0,0,0,0,0
1779747241673,4957,15599,-2696,-1413,1885,-1332,running,0.00,0,0,0,0,0
1779747241676,9512,13527,-3308,-1183,2009,-1191,running,0.00,0,0,0,0,0
1779747241701,12951,12741,-3780,-897,1963,-547,running,0.00,0,0,0,0,0
1779747241701,12957,11742,-3628,-845,1638,-120,running,0.00,0,0,0,0,0
1779747241702,12809,8890,-3161,-732,1341,-4,running,0.00,0,0,0,0,0
1779747241728,13827,6627,-2972,-614,1226,58,running,0.00,0,0,0,0,0
1779747241729,14754,5981,-2450,-625,1098,210,running,0.00,0,0,0,0,0
1779747241729,14775,4608,-2405,-598,877,390,running,0.00,0,0,0,0,0
1779747241763,13318,2798,-2479,-490,632,606,running,0.00,0,0,0,0,0
1779747241763,13743,694,-947,-363,419,799,running,0.00,0,0,0,0,0
1779747241764,12370,1194,-2172,-286,337,1103,running,0.00,0,0,0,0,0
1779747241788,8508,3709,-1461,44,146,1549,running,0.00,0,0,0,0,0
1779747241789,15490,2039,-3527,163,9,1651,running,0.00,0,0,0,0,0
1779747241790,14063,285,-1193,-196,-344,1896,running,0.00,0,0,0,0,0
1779747241820,9241,2913,14,34,-795,2025,running,0.00,0,0,0,0,0
1779747241821,8027,4972,-2329,311,-1025,2032,running,0.00,0,0,0,0,0
1779747241821,6911,6848,-3303,251,-1196,2223,running,0.00,0,0,0,0,0
1779747241848,4744,9973,-3267,321,-1439,2449,running,0.00,0,0,0,0,0
1779747241849,5143,13519,-3371,507,-1566,2564,running,0.00,0,0,0,0,0
1779747241849,2165,23374,-2501,772,-1739,2900,running,0.00,0,0,0,0,0
1779747241880,-3471,32767,-4211,829,-1783,2689,running,0.00,0,0,0,0,0
1779747241881,-5344,32767,-9435,1348,-1667,2256,running,0.00,0,0,0,0,0
1779747241881,-9930,32603,-13880,1922,-2063,2761,running,0.00,0,0,0,0,0
1779747241908,-22353,32752,-11688,2202,-2109,3156,running,0.00,0,0,0,0,0
1779747241908,-31903,32767,-10033,2716,-1524,3156,running,0.00,0,0,0,0,0
1779747241908,-32768,32764,-8444,2948,-1154,3511,running,0.00,0,0,0,0,0
1779747241939,-32556,32766,-5294,2372,-1375,3652,running,0.00,0,0,0,0,0
1779747241939,-32745,32150,-5819,1725,-1643,3863,running,0.00,0,0,0,0,0
1779747241940,-32768,26163,-6890,1055,-1802,3826,running,0.00,0,0,0,0,0
1779747241969,-29534,20541,-4514,-108,-2315,3294,running,0.00,0,0,0,0,0
1779747241969,-20272,22910,-6117,-1192,-2644,3017,running,0.00,0,0,0,0,0
1779747241970,-18795,25549,-4718,-1553,-3153,2562,running,0.00,0,0,0,0,0
1779747241999,-15417,23529,-5205,-1055,-3380,1935,running,0.00,0,0,0,0,0
1779747242000,-15109,17914,-2679,-31,-3508,1668,running,0.00,0,0,0,0,0
1779747242001,-15260,13067,-263,1061,-3145,1806,running,0.00,0,0,0,0,0
1779747242029,-12003,8024,-680,2131,-2526,1730,running,0.00,0,0,0,0,0
1779747242029,-8267,2940,-1331,2502,-2248,1387,running,0.00,0,0,0,0,0
1779747242030,-7791,-1031,378,2603,-2168,1025,running,0.00,0,0,0,0,0
1779747242059,-5253,-4578,-462,2505,-2021,561,running,0.00,0,0,0,0,0
1779747242060,-5464,-5897,295,2181,-2137,249,running,0.00,0,0,0,0,0
1779747242060,-8778,-4350,596,2262,-2018,191,running,0.00,0,0,0,0,0
1779747242088,-7948,-8207,2628,2451,-1612,155,running,0.00,0,0,0,0,0
1779747242089,-6474,-12787,2739,1185,-1418,184,running,0.00,0,0,0,0,0
1779747242089,-4152,-12591,833,292,-1526,115,running,0.00,0,0,0,0,0
1779747242119,-3755,-15240,2447,193,-1720,-329,running,0.00,0,0,0,0,0
1779747242119,-7869,-13037,5532,-147,-1729,-745,running,0.00,0,0,0,0,0
1779747242119,-11391,-9588,7553,-360,-1214,-1406,running,0.00,0,0,0,0,0
1779747242149,-10295,-7578,6750,-247,-609,-2004,running,0.00,0,0,0,0,0
1779747242149,-12202,-6340,8346,49,-407,-2001,running,0.00,0,0,0,0,0
1779747242150,-13240,-5390,8753,448,107,-1767,running,0.00,0,0,0,0,0
1779747242179,-12831,-3288,6936,-32,753,-1939,running,0.00,0,0,0,0,0
1779747242180,-12916,-1261,5293,-539,835,-2653,running,0.00,0,0,0,0,0
1779747242180,-13148,-1603,4898,-174,1045,-3188,running,0.00,0,0,0,0,0
1779747242209,-14574,1232,4350,-455,1200,-3218,running,0.00,0,0,0,0,0
1779747242212,-16806,3759,4878,-840,1279,-3003,running,0.00,0,0,0,0,0
1779747242213,-19113,6365,4474,-1155,1433,-2824,running,0.00,0,0,0,0,0
1779747242239,-20902,12321,3813,-1373,1741,-2699,running,0.00,0,0,0,0,0
1779747242239,-22761,23234,2684,-1806,2194,-2877,running,0.00,0,0,0,0,0
1779747242240,-25179,29183,370,-2568,2322,-3529,running,0.00,0,0,0,0,0
1779747242271,-28782,32348,-4905,-2955,2075,-3866,running,0.00,0,0,0,0,0
1779747242272,-32206,32767,-8842,-2613,1733,-3632,running,0.00,0,0,0,0,0
1779747242272,-32768,32767,-11870,-2807,1464,-3237,running,0.00,0,0,0,0,0
1779747242298,-32749,32756,-12544,-2972,1314,-2844,running,0.00,0,0,0,0,0
1779747242298,-32316,32767,-12394,-3150,1306,-2559,running,0.00,0,0,0,0,0
1779747242299,-28481,32767,-9452,-2493,1419,-2015,running,0.00,0,0,0,0,0
1779747242331,-21520,31243,-9371,-1807,1657,-1477,running,0.00,0,0,0,0,0
1779747242332,-16289,26203,-8688,-1682,1639,-1275,running,0.00,0,0,0,0,0
1779747242332,-11720,23304,-9492,-1676,1651,-1273,running,0.00,0,0,0,0,0
1779747242360,-6120,21862,-9239,-1840,1475,-1401,running,0.00,0,0,0,0,0
1779747242361,-803,20173,-8006,-2175,1191,-1521,running,0.00,0,0,0,0,0
1779747242361,2634,20198,-6534,-2492,988,-1482,running,0.00,0,0,0,0,0
1779747242391,6091,21670,-6463,-2514,988,-1198,running,0.00,0,0,0,0,0
1779747242391,7136,21973,-6498,-2305,1018,-762,running,0.00,0,0,0,0,0
1779747242392,8788,20149,-6632,-1765,1078,-313,running,0.00,0,0,0,0,0
1779747242421,8554,17718,-6599,-1077,1229,213,running,0.00,0,0,0,0,0
1779747242422,9397,13076,-6084,-690,1248,276,running,0.00,0,0,0,0,0
1779747242427,10873,9148,-5654,-309,1349,309,running,0.00,0,0,0,0,0
1779747242449,12485,7980,-3845,-52,1320,630,running,0.00,0,0,0,0,0
1779747242450,13140,7108,-3865,-79,1244,1040,running,0.00,0,0,0,0,0
1779747242450,12025,5202,-2976,-118,1107,1241,running,0.00,0,0,0,0,0
1779747242480,11774,2889,-2253,-79,990,1206,running,0.00,0,0,0,0,0
1779747242481,11899,1862,-2128,7,955,1234,running,0.00,0,0,0,0,0
1779747242481,10722,1411,-1641,51,833,1351,running,0.00,0,0,0,0,0
1779747242510,9359,941,-1383,-10,634,1439,running,0.00,0,0,0,0,0
1779747242510,5578,1115,-260,27,565,1511,running,0.00,0,0,0,0,0
1779747242511,11033,1157,-3124,0,463,1563,running,0.00,0,0,0,0,0
1779747242539,8016,1208,-1448,-429,140,1585,running,0.00,0,0,0,0,0
1779747242540,4096,1693,-2285,-559,-248,1743,running,0.00,0,0,0,0,0
1779747242540,2391,5180,-1163,-812,-415,2023,running,0.00,0,0,0,0,0
1779747242570,7693,12140,-4481,-628,-233,1842,running,0.00,0,0,0,0,0
1779747242570,3947,12748,-2943,-514,-529,1813,running,0.00,0,0,0,0,0
1779747242571,221,13002,-3194,-383,-740,2076,running,0.00,0,0,0,0,0
1779747242599,-251,17013,-4689,-413,-786,2241,running,0.00,0,0,0,0,0
1779747242603,-1910,22823,-4608,-549,-1118,2529,running,0.00,0,0,0,0,0
1779747242604,-4685,30223,-6052,-492,-1281,2979,running,0.00,0,0,0,0,0
1779747242628,-5785,32767,-7267,-131,-1266,3333,running,0.00,0,0,0,0,0
1779747242629,-5496,32767,-10454,182,-1403,3571,running,0.00,0,0,0,0,0
1779747242629,-6098,32698,-10108,662,-1632,3537,running,0.00,0,0,0,0,0
1779747242661,-9235,32767,-11115,969,-1739,3277,running,0.00,0,0,0,0,0
1779747242662,-15680,32767,-10003,1392,-1874,2843,running,0.00,0,0,0,0,0
1779747242665,-24652,32765,-6297,1827,-1842,2688,running,0.00,0,0,0,0,0
1779747242691,-32768,32767,-5056,1697,-1868,2618,running,0.00,0,0,0,0,0
1779747242692,-27631,30072,-4795,1429,-1958,2266,running,0.00,0,0,0,0,0
1779747242693,-27876,25117,-4769,712,-2460,2226,running,0.00,0,0,0,0,0
1779747242718,-22556,24589,-4691,-40,-2666,2118,running,0.00,0,0,0,0,0
1779747242719,-12886,23621,-3361,-401,-2941,1623,running,0.00,0,0,0,0,0
1779747242719,-12378,21901,-1121,-379,-3146,1453,running,0.00,0,0,0,0,0
1779747242751,-10695,19097,-1995,-111,-3149,1133,running,0.00,0,0,0,0,0
1779747242751,-11168,18184,-3326,182,-3140,812,running,0.00,0,0,0,0,0
1779747242752,-12236,13908,-1845,579,-3140,391,running,0.00,0,0,0,0,0
1779747242778,-9190,9356,-2324,1130,-2730,1,running,0.00,0,0,0,0,0
1779747242781,-5365,5179,-1733,1507,-2591,-118,running,0.00,0,0,0,0,0
1779747242782,-7521,3711,-119,1794,-2316,63,running,0.00,0,0,0,0,0
1779747242809,-7458,1069,877,2123,-1899,-159,running,0.00,0,0,0,0,0
1779747242809,-5859,-3417,1684,2181,-1630,-488,running,0.00,0,0,0,0,0
1779747242811,-6535,-7243,3552,2010,-1503,-612,running,0.00,0,0,0,0,0
1779747242842,-8110,-9833,5168,1756,-1320,-660,running,0.00,0,0,0,0,0
1779747242842,-8514,-11012,5209,1441,-1047,-739,running,0.00,0,0,0,0,0
1779747242843,-8350,-12181,4986,1007,-868,-869,running,0.00,0,0,0,0,0
1779747242869,-10125,-11886,5782,663,-736,-798,running,0.00,0,0,0,0,0
1779747242870,-10467,-12543,5676,118,-377,-1016,running,0.00,0,0,0,0,0
1779747242870,-8777,-10128,5313,-578,-118,-1383,running,0.00,0,0,0,0,0
1779747242901,-8724,-6333,5925,-848,175,-1702,running,0.00,0,0,0,0,0
1779747242901,-9091,-2851,6406,-796,622,-1884,running,0.00,0,0,0,0,0
1779747242902,-9802,-901,6085,-672,1101,-2070,running,0.00,0,0,0,0,0
1779747242928,-10522,-487,6444,-559,1505,-2308,running,0.00,0,0,0,0,0
1779747242929,-11368,-192,5946,-445,1926,-2472,running,0.00,0,0,0,0,0
1779747242929,-11797,850,4657,-330,2246,-2525,running,0.00,0,0,0,0,0
1779747242960,-12202,1715,3078,-455,2327,-2546,running,0.00,0,0,0,0,0
1779747242961,-13323,3423,1336,-798,2298,-2526,running,0.00,0,0,0,0,0
1779747242962,-15140,8187,-472,-1342,2333,-2564,running,0.00,0,0,0,0,0
1779747242989,-16148,15440,-221,-2028,2411,-2674,running,0.00,0,0,0,0,0
1779747242989,-17197,25373,-419,-2616,2416,-2803,running,0.00,0,0,0,0,0
1779747242990,-19129,31623,-1964,-2870,2155,-3075,running,0.00,0,0,0,0,0
1779747243020,-23775,32767,-2830,-2885,1929,-3214,running,0.00,0,0,0,0,0
1779747243021,-27255,32728,-5732,-2673,1812,-3304,running,0.00,0,0,0,0,0
1779747243022,-26399,32731,-10050,-2783,1560,-3023,running,0.00,0,0,0,0,0
1779747243049,-21979,32767,-11837,-2979,1261,-2640,running,0.00,0,0,0,0,0
1779747243050,-22550,32767,-9735,-3128,993,-2288,running,0.00,0,0,0,0,0
1779747243051,-17791,32754,-10717,-2573,1264,-1891,running,0.00,0,0,0,0,0
1779747243084,-10987,30645,-11065,-1988,1286,-1659,running,0.00,0,0,0,0,0
1779747243085,-10184,27461,-10897,-1625,1306,-1193,running,0.00,0,0,0,0,0
1779747243086,-6415,24106,-11227,-1403,1311,-1036,running,0.00,0,0,0,0,0
1779747243110,-375,20564,-10728,-1384,1153,-1084,running,0.00,0,0,0,0,0
1779747243111,2541,18462,-9798,-1502,994,-926,running,0.00,0,0,0,0,0
1779747243111,3734,16658,-8951,-1515,1002,-748,running,0.00,0,0,0,0,0
1779747243146,4671,15180,-8308,-1265,1168,-575,running,0.00,0,0,0,0,0
1779747243147,5801,12019,-7011,-998,1199,-581,running,0.00,0,0,0,0,0
1779747243154,5606,9600,-5281,-832,1193,-576,running,0.00,0,0,0,0,0
1779747243169,5183,8824,-3723,-648,1190,-488,running,0.00,0,0,0,0,0
1779747243170,4527,10265,-3316,-612,1155,-387,running,0.00,0,0,0,0,0
1779747243170,5008,10463,-3166,-635,1037,-334,running,0.00,0,0,0,0,0
1779747243199,5302,9885,-3053,-452,891,-199,running,0.00,0,0,0,0,0
1779747243199,5042,9431,-2939,-43,881,-14,running,0.00,0,0,0,0,0
1779747243200,6794,8221,-2377,264,837,47,running,0.00,0,0,0,0,0
1779747243229,7009,6107,-2760,327,590,117,running,0.00,0,0,0,0,0
1779747243229,6697,4714,-2685,235,532,301,running,0.00,0,0,0,0,0
1779747243233,7063,5768,-2465,318,481,622,running,0.00,0,0,0,0,0
1779747243259,4289,6059,-2200,241,270,854,running,0.00,0,0,0,0,0
1779747243259,3651,4197,-753,114,146,990,running,0.00,0,0,0,0,0
1779747243260,4726,5141,-1420,193,114,1167,running,0.00,0,0,0,0,0
1779747243289,4843,6020,-906,278,-17,1370,running,0.00,0,0,0,0,0
1779747243293,4449,6946,-277,347,-208,1508,running,0.00,0,0,0,0,0
1779747243293,4298,7949,-265,473,-375,1602,running,0.00,0,0,0,0,0
1779747243320,3129,10178,-1104,499,-508,1774,running,0.00,0,0,0,0,0
1779747243320,-809,13770,-1497,603,-624,2027,running,0.00,0,0,0,0,0
1779747243321,-179,18036,-3775,886,-613,2279,running,0.00,0,0,0,0,0
1779747243349,1018,17143,-2075,594,-1069,2333,running,0.00,0,0,0,0,0
1779747243353,-2002,23282,-1711,488,-1245,2531,running,0.00,0,0,0,0,0
1779747243353,-2933,31801,-4195,668,-1299,2718,running,0.00,0,0,0,0,0
1779747243379,-3320,32767,-7062,707,-1469,2768,running,0.00,0,0,0,0,0
1779747243380,-6755,32678,-7231,862,-1731,2631,running,0.00,0,0,0,0,0
1779747243381,-11772,32730,-4505,1140,-1825,2299,running,0.00,0,0,0,0,0
1779747243415,-19372,32767,-5426,1052,-1904,2073,running,0.00,0,0,0,0,0
1779747243415,-25458,32766,-2657,735,-2271,2297,running,0.00,0,0,0,0,0
1779747243416,-29510,32766,-2857,160,-2550,2549,running,0.00,0,0,0,0,0
1779747243439,-26109,32767,-4881,206,-2698,2453,running,0.00,0,0,0,0,0
1779747243439,-28605,32767,-6043,267,-2772,2468,running,0.00,0,0,0,0,0
1779747243440,-21827,31815,-6488,335,-2814,2239,running,0.00,0,0,0,0,0
1779747243472,-20401,26953,-4238,139,-3036,1737,running,0.00,0,0,0,0,0
1779747243472,-16368,22359,-4374,-18,-3116,1400,running,0.00,0,0,0,0,0
1779747243473,-16971,20817,-3410,161,-3192,1358,running,0.00,0,0,0,0,0
1779747243499,-17198,18948,-2157,486,-3079,1150,running,0.00,0,0,0,0,0
1779747243500,-15618,16101,-1415,978,-2778,735,running,0.00,0,0,0,0,0
1779747243500,-12638,12968,-1403,1510,-2423,410,running,0.00,0,0,0,0,0
1779747243530,-9725,9941,-1263,1960,-2174,271,running,0.00,0,0,0,0,0
1779747243531,-11132,8310,823,2222,-2069,245,running,0.00,0,0,0,0,0
1779747243531,-10774,4704,1288,2463,-1667,73,running,0.00,0,0,0,0,0
1779747243559,-7843,211,2354,2603,-1487,-222,running,0.00,0,0,0,0,0
1779747243560,-7464,-4131,3236,2524,-1450,-322,running,0.00,0,0,0,0,0
1779747243560,-8960,-7525,4481,2277,-1478,-307,running,0.00,0,0,0,0,0
1779747243591,-10030,-10461,4348,1891,-1255,-437,running,0.00,0,0,0,0,0
1779747243592,-8947,-11330,2122,1367,-1001,-657,running,0.00,0,0,0,0,0
1779747243592,-9124,-11069,2819,798,-991,-753,running,0.00,0,0,0,0,0
1779747243618,-10369,-10254,4546,142,-916,-806,running,0.00,0,0,0,0,0
1779747243619,-10778,-9018,5874,-415,-710,-865,running,0.00,0,0,0,0,0
1779747243620,-9709,-6535,5716,-654,-387,-904,running,0.00,0,0,0,0,0
1779747243649,-8943,-4549,6598,-657,-175,-942,running,0.00,0,0,0,0,0
1779747243653,-9363,-3312,7462,-636,106,-1039,running,0.00,0,0,0,0,0
1779747243653,-9716,-2026,7231,-604,594,-1207,running,0.00,0,0,0,0,0
1779747243679,-9976,-700,6207,-517,1066,-1419,running,0.00,0,0,0,0,0
1779747243679,-10550,-395,5395,-474,1405,-1620,running,0.00,0,0,0,0,0
1779747243680,-11488,-720,4683,-588,1626,-1752,running,0.00,0,0,0,0,0
1779747243709,-12162,-529,3637,-877,1801,-1810,running,0.00,0,0,0,0,0
1779747243710,-13497,1116,1937,-1257,1954,-1804,running,0.00,0,0,0,0,0
1779747243710,-13250,3167,156,-1645,2126,-1926,running,0.00,0,0,0,0,0
1779747243739,-13417,7215,-452,-1993,2176,-2019,running,0.00,0,0,0,0,0
1779747243739,-15173,15421,-487,-2443,2137,-2086,running,0.00,0,0,0,0,0
1779747243740,-18151,25034,-321,-2934,2036,-2329,running,0.00,0,0,0,0,0
1779747243769,-20465,32122,-2035,-3019,2055,-2767,running,0.00,0,0,0,0,0
1779747243770,-23603,32767,-4567,-2674,2042,-3163,running,0.00,0,0,0,0,0
1779747243770,-24194,32689,-6225,-2398,1850,-3249,running,0.00,0,0,0,0,0
1779747243804,-22978,32767,-11477,-2241,1471,-2433,running,0.00,0,0,0,0,0
1779747243805,-25310,32723,-10756,-1932,1420,-2118,running,0.00,0,0,0,0,0
1779747243805,-22535,30360,-11562,-1708,1547,-1954,running,0.00,0,0,0,0,0
1779747243830,-19175,27045,-12608,-1641,1527,-1571,running,0.00,0,0,0,0,0
1779747243831,-16858,24998,-11750,-1660,1474,-1188,running,0.00,0,0,0,0,0
1779747243832,-12207,22806,-10536,-1554,1526,-1113,running,0.00,0,0,0,0,0
1779747243858,-6983,20305,-8727,-1500,1499,-1069,running,0.00,0,0,0,0,0
1779747243862,-3681,19173,-7125,-1533,1524,-871,running,0.00,0,0,0,0,0
1779747243862,-1638,18760,-6137,-1349,1610,-699,running,0.00,0,0,0,0,0
1779747243893,8,16898,-4871,-984,1735,-643,running,0.00,0,0,0,0,0
1779747243894,2086,13855,-3885,-645,1842,-619,running,0.00,0,0,0,0,0
1779747243897,3795,11284,-3452,-362,1890,-511,running,0.00,0,0,0,0,0
1779747243923,4405,9801,-2935,-168,1897,-337,running,0.00,0,0,0,0,0
1779747243924,5527,8822,-2960,-61,1862,-265,running,0.00,0,0,0,0,0
1779747243924,7156,8413,-3065,19,1721,-203,running,0.00,0,0,0,0,0
1779747243949,8478,7925,-2678,-20,1511,-30,running,0.00,0,0,0,0,0
1779747243950,8711,7370,-2135,-149,1274,151,running,0.00,0,0,0,0,0
1779747243950,8995,7216,-1324,-213,1106,320,running,0.00,0,0,0,0,0
1779747243981,9293,7371,-712,-216,976,482,running,0.00,0,0,0,0,0
1779747243982,9209,6868,-416,-194,835,642,running,0.00,0,0,0,0,0
1779747243983,8864,5959,90,-173,667,828,running,0.00,0,0,0,0,0
1779747244010,8632,5248,332,-192,486,1068,running,0.00,0,0,0,0,0
1779747244011,8070,4754,576,-219,277,1342,running,0.00,0,0,0,0,0
1779747244011,7557,4992,615,-258,84,1565,running,0.00,0,0,0,0,0
1779747244050,7493,5786,393,-276,-87,1739,running,0.00,0,0,0,0,0
1779747244051,7140,6705,272,-251,-308,1906,running,0.00,0,0,0,0,0
1779747244051,5368,8093,10,-228,-549,2061,running,0.00,0,0,0,0,0
1779747244069,4510,9467,-609,-182,-721,2203,running,0.00,0,0,0,0,0
1779747244070,5272,9704,-574,-231,-975,2523,running,0.00,0,0,0,0,0
1779747244071,2768,12610,26,-236,-1217,2819,running,0.00,0,0,0,0,0
1779747244100,3244,16578,441,-312,-1393,2922,running,0.00,0,0,0,0,0
1779747244101,4012,24703,552,-348,-1597,3048,running,0.00,0,0,0,0,0
1779747244101,3939,32767,-375,-314,-1839,3030,running,0.00,0,0,0,0,0
1779747244129,2827,32767,-1757,-116,-2091,2745,running,0.00,0,0,0,0,0
1779747244130,337,32630,-2922,75,-2316,2526,running,0.00,0,0,0,0,0
1779747244130,-9587,32756,-807,182,-2509,2345,running,0.00,0,0,0,0,0
1779747244159,-23620,32767,-1499,122,-2320,2411,running,0.00,0,0,0,0,0
1779747244159,-28516,32765,-4291,172,-2211,2532,running,0.00,0,0,0,0,0
1779747244160,-31344,32766,-1823,45,-2506,2928,running,0.00,0,0,0,0,0
1779747244188,-32353,32767,-4743,70,-2198,2932,running,0.00,0,0,0,0,0
1779747244189,-29579,29084,-4070,80,-2148,2739,running,0.00,0,0,0,0,0
1779747244190,-21692,24729,-5158,-651,-2398,2631,running,0.00,0,0,0,0,0
1779747244219,-16943,23437,-3619,-1579,-3011,2238,running,0.00,0,0,0,0,0
1779747244220,-14583,22896,-2583,-1879,-3426,1923,running,0.00,0,0,0,0,0
1779747244220,-14525,22858,-3016,-1484,-3522,1751,running,0.00,0,0,0,0,0
1779747244249,-14752,21308,-3283,-586,-3286,1458,running,0.00,0,0,0,0,0
1779747244250,-12698,16922,-3900,556,-2843,1041,running,0.00,0,0,0,0,0
1779747244250,-9319,10805,-4499,1442,-2517,669,running,0.00,0,0,0,0,0
1779747244280,-7703,7541,-4536,2072,-2280,498,running,0.00,0,0,0,0,0
1779747244280,-7009,4498,-3853,2577,-2030,351,running,0.00,0,0,0,0,0
1779747244281,-6417,2033,-2998,2911,-1827,167,running,0.00,0,0,0,0,0
1779747244309,-5011,-900,-2204,3284,-1592,-9,running,0.00,0,0,0,0,0
1779747244310,-4849,-4956,-431,3565,-1417,-176,running,0.00,0,0,0,0,0
1779747244310,-4759,-8500,1328,3430,-1327,-391,running,0.00,0,0,0,0,0
1779747244343,-5208,-10941,2206,2976,-1325,-667,running,0.00,0,0,0,0,0
1779747244343,-6986,-12389,3176,2350,-1359,-934,running,0.00,0,0,0,0,0
1779747244344,-8879,-13190,3780,1665,-1328,-1212,running,0.00,0,0,0,0,0
1779747244369,-10054,-13129,4459,1094,-1220,-1404,running,0.00,0,0,0,0,0
1779747244369,-11057,-11984,5314,536,-1073,-1511,running,0.00,0,0,0,0,0
1779747244370,-11218,-10801,6093,57,-807,-1666,running,0.00,0,0,0,0,0
1779747244373,-10345,-10091,7290,-268,-485,-1841,running,0.00,0,0,0,0,0
1779747244405,-9192,-8683,8437,-466,-123,-2003,running,0.00,0,0,0,0,0
1779747244406,-7399,-7329,9411,-578,218,-2200,running,0.00,0,0,0,0,0
1779747244429,-6817,-7043,10768,-773,412,-2386,running,0.00,0,0,0,0,0
1779747244432,-7693,-6562,10816,-935,749,-2551,running,0.00,0,0,0,0,0
1779747244433,-8912,-5515,10177,-948,1162,-2789,running,0.00,0,0,0,0,0
1779747244460,-9542,-4476,8605,-1042,1461,-2985,running,0.00,0,0,0,0,0
1779747244460,-10374,-2491,7116,-1194,1718,-3121,running,0.00,0,0,0,0,0
1779747244461,-11522,168,5770,-1275,1964,-3416,running,0.00,0,0,0,0,0
1779747244492,-14050,4629,5896,-1415,1869,-3642,running,0.00,0,0,0,0,0
1779747244493,-25225,18816,8272,-1991,1886,-3668,running,0.00,0,0,0,0,0
1779747244493,-32768,32767,5422,-2958,2385,-4237,running,0.00,0,0,0,0,0
1779747244494,-32768,32767,-12121,-3631,2690,-4781,running,0.00,0,0,0,0,0
1779747244519,-32597,32474,-15874,-3323,2073,-4518,running,0.00,0,0,0,0,0
1779747244520,-32768,32767,-15694,-2817,2015,-3556,running,0.00,0,0,0,0,0
1779747244551,-32768,32767,-17142,-3004,1983,-2604,running,0.00,0,0,0,0,0
1779747244552,-32765,32761,-10956,-3164,1695,-2088,running,0.00,0,0,0,0,0
1779747244552,-31533,32767,-8525,-3790,1787,-1530,running,0.00,0,0,0,0,0
1779747244579,-22836,32729,-10081,-3746,1843,-1386,running,0.00,0,0,0,0,0
1779747244580,-14762,32053,-6181,-3840,1521,-1310,running,0.00,0,0,0,0,0
1779747244581,-8956,30919,-6486,-3602,1622,-1244,running,0.00,0,0,0,0,0
1779747244610,-2151,27478,-5955,-3242,1531,-1630,running,0.00,0,0,0,0,0
1779747244611,1637,25162,-3512,-2878,1442,-1554,running,0.00,0,0,0,0,0
1779747244611,3664,22876,-3504,-2359,1662,-1152,running,0.00,0,0,0,0,0
1779747244612,4127,21555,-3912,-1706,1761,-705,running,0.00,0,0,0,0,0
1779747244644,3525,19051,-2690,-1079,1846,-383,running,0.00,0,0,0,0,0
1779747244645,4905,15097,-2184,-623,1939,-309,running,0.00,0,0,0,0,0
1779747244671,6981,12513,-2307,-317,1915,-222,running,0.00,0,0,0,0,0
1779747244671,7153,10560,-1913,-65,1837,-104,running,0.00,0,0,0,0,0
1779747244672,8119,9105,-841,161,1809,-21,running,0.00,0,0,0,0,0
1779747244698,11372,7147,-863,175,1816,-191,running,0.00,0,0,0,0,0
1779747244699,12776,6161,-273,294,1591,-183,running,0.00,0,0,0,0,0
1779747244699,11922,5876,205,403,1373,71,running,0.00,0,0,0,0,0
1779747244700,11059,5050,1260,375,1167,193,running,0.00,0,0,0,0,0
1779747244734,10943,3383,2045,274,920,204,running,0.00,0,0,0,0,0
1779747244735,10954,1793,2502,187,723,319,running,0.00,0,0,0,0,0
1779747244759,10976,756,3329,84,511,541,running,0.00,0,0,0,0,0
1779747244760,11326,-72,3690,-68,279,774,running,0.00,0,0,0,0,0
1779747244760,12059,-656,3127,-225,49,999,running,0.00,0,0,0,0,0
1779747244790,12439,-621,1684,-209,-145,1190,running,0.00,0,0,0,0,0
1779747244790,12713,990,622,-210,-420,1305,running,0.00,0,0,0,0,0
1779747244791,11841,2718,2238,-299,-718,1427,running,0.00,0,0,0,0,0
1779747244792,10197,4140,1725,-287,-927,1520,running,0.00,0,0,0,0,0
1779747244819,9172,7140,1675,-70,-1145,1630,running,0.00,0,0,0,0,0
1779747244821,10115,8393,2368,186,-1295,1759,running,0.00,0,0,0,0,0
1779747244849,9976,8940,1774,452,-1450,1877,running,0.00,0,0,0,0,0
1779747244850,8510,10744,1719,826,-1711,1912,running,0.00,0,0,0,0,0
1779747244850,6114,12521,2939,1078,-1836,1853,running,0.00,0,0,0,0,0
1779747244881,6746,18175,2832,1333,-1947,1846,running,0.00,0,0,0,0,0
1779747244882,6586,29504,3180,1484,-2146,1702,running,0.00,0,0,0,0,0
1779747244884,3755,32742,-10026,517,-3006,1742,running,0.00,0,0,0,0,0
1779747244885,-8104,32674,-7120,367,-3065,2174,running,0.00,0,0,0,0,0
1779747244908,-27043,32767,-1264,1507,-2551,2185,running,0.00,0,0,0,0,0
1779747244909,-32768,32767,1572,1852,-1958,2423,running,0.00,0,0,0,0,0
1779747244943,-32768,32765,-2897,895,-2049,3256,running,0.00,0,0,0,0,0
1779747244943,-32632,32767,-4475,493,-2327,4004,running,0.00,0,0,0,0,0
1779747244944,-32768,31897,-5138,796,-2418,3994,running,0.00,0,0,0,0,0
1779747244969,-31634,25267,-3685,343,-2682,3524,running,0.00,0,0,0,0,0
1779747244969,-24424,20919,-1545,-543,-3430,4055,running,0.00,0,0,0,0,0
1779747244970,-18700,22227,-19,-1313,-3766,4224,running,0.00,0,0,0,0,0
1779747244970,-22195,24882,321,-650,-3547,4090,running,0.00,0,0,0,0,0
1779747244998,-22564,18399,238,309,-3418,3622,running,0.00,0,0,0,0,0
1779747244999,-18996,11106,-357,1486,-3115,3344,running,0.00,0,0,0,0,0
1779747245029,-17079,6250,-1198,2384,-2844,3283,running,0.00,0,0,0,0,0
1779747245030,-15210,2223,-695,3075,-2631,2994,running,0.00,0,0,0,0,0
1779747245031,-13527,-2087,219,3337,-2503,2500,running,0.00,0,0,0,0,0
1779747245059,-11406,-6493,1350,3325,-2411,1904,running,0.00,0,0,0,0,0
1779747245068,-11412,-7561,2897,3114,-2382,1602,running,0.00,0,0,0,0,0
1779747245069,-10661,-9931,5146,2978,-2269,1375,running,0.00,0,0,0,0,0
1779747245069,-10742,-13962,7473,2509,-2275,1219,running,0.00,0,0,0,0,0
1779747245088,-10871,-16488,8452,1875,-2244,1157,running,0.00,0,0,0,0,0
1779747245089,-10445,-16758,9279,1345,-2228,1056,running,0.00,0,0,0,0,0
1779747245122,-10584,-17105,10794,499,-2228,677,running,0.00,0,0,0,0,0
1779747245123,-11639,-16471,9853,-232,-2121,57,running,0.00,0,0,0,0,0
1779747245124,-12928,-13964,9169,-244,-1747,-517,running,0.00,0,0,0,0,0
1779747245154,-12612,-10846,8615,-300,-1295,-1058,running,0.00,0,0,0,0,0
1779747245155,-13616,-7463,8223,-435,-869,-1580,running,0.00,0,0,0,0,0
1779747245158,-13613,-4683,8234,-418,-417,-2091,running,0.00,0,0,0,0,0
1779747245159,-13876,-3912,8357,-276,120,-2439,running,0.00,0,0,0,0,0
1779747245181,-14974,-2626,8315,-113,792,-2764,running,0.00,0,0,0,0,0
1779747245181,-15742,-2795,8095,41,1409,-3226,running,0.00,0,0,0,0,0
1779747245209,-17067,-3241,6016,-185,1834,-3602,running,0.00,0,0,0,0,0
1779747245210,-17918,-4125,3965,-763,2031,-4031,running,0.00,0,0,0,0,0
1779747245211,-19998,-1716,3277,-1542,2144,-4462,running,0.00,0,0,0,0,0
1779747245241,-26169,8073,5116,-2354,2232,-4761,running,0.00,0,0,0,0,0
1779747245241,-32768,22404,5709,-3106,2319,-5154,running,0.00,0,0,0,0,0
1779747245242,-32768,32495,3469,-3537,2166,-5729,running,0.00,0,0,0,0,0
1779747245243,-32666,32767,-4967,-3442,2390,-6220,running,0.00,0,0,0,0,0
1779747245268,-32757,32623,-11556,-3564,2505,-6165,running,0.00,0,0,0,0,0
1779747245269,-32768,32742,-13343,-4139,1987,-5380,running,0.00,0,0,0,0,0
1779747245300,-32766,32767,-7777,-3935,1988,-4676,running,0.00,0,0,0,0,0
1779747245300,-32768,32765,-5147,-2935,2623,-4082,running,0.00,0,0,0,0,0
1779747245301,-32653,32766,-4836,-2251,3071,-3622,running,0.00,0,0,0,0,0
1779747245329,-25886,32767,-4604,-2036,3189,-3331,running,0.00,0,0,0,0,0
1779747245330,-11898,32383,-298,-2017,2922,-3261,running,0.00,0,0,0,0,0
1779747245331,-5862,32526,3251,-3057,2348,-2902,running,0.00,0,0,0,0,0
1779747245331,-4056,32732,2095,-3487,2450,-2858,running,0.00,0,0,0,0,0
1779747245359,3982,31009,5222,-2971,2301,-3144,running,0.00,0,0,0,0,0
1779747245360,8916,30486,6895,-3321,1617,-2705,running,0.00,0,0,0,0,0
1779747245389,9254,29513,5084,-3370,1429,-1819,running,0.00,0,0,0,0,0
1779747245390,8174,26036,4141,-2741,1416,-1121,running,0.00,0,0,0,0,0
1779747245390,8890,22308,1519,-2062,1601,-684,running,0.00,0,0,0,0,0
1779747245419,11033,18961,112,-1350,1671,-316,running,0.00,0,0,0,0,0
1779747245420,11596,14589,-578,-956,1560,58,running,0.00,0,0,0,0,0
1779747245420,12822,10305,-1232,-914,1479,117,running,0.00,0,0,0,0,0
1779747245421,14254,7865,-1559,-668,1471,404,running,0.00,0,0,0,0,0
1779747245448,13642,6830,-1678,-394,1401,884,running,0.00,0,0,0,0,0
1779747245449,14704,4198,-501,-231,1149,1104,running,0.00,0,0,0,0,0
1779747245481,15266,1884,-133,-196,975,1346,running,0.00,0,0,0,0,0
1779747245481,14951,680,122,-231,876,1522,running,0.00,0,0,0,0,0
1779747245482,14648,307,671,-323,751,1552,running,0.00,0,0,0,0,0
1779747245483,14698,522,1626,-451,587,1618,running,0.00,0,0,0,0,0
1779747245509,14499,1203,2257,-550,353,1773,running,0.00,0,0,0,0,0
1779747245509,13403,2871,2483,-519,90,1902,running,0.00,0,0,0,0,0
1779747245539,12125,4039,2711,-470,-156,1970,running,0.00,0,0,0,0,0
1779747245540,9428,4292,3828,-313,-319,2038,running,0.00,0,0,0,0,0
1779747245540,12830,2674,1190,-171,-434,2186,running,0.00,0,0,0,0,0
1779747245541,12964,5814,1931,-547,-878,2090,running,0.00,0,0,0,0,0
1779747245568,9909,6691,2007,-558,-1265,2004,running,0.00,0,0,0,0,0
1779747245569,6705,6510,1634,-669,-1608,2062,running,0.00,0,0,0,0,0
1779747245599,3879,10402,2551,-513,-1812,2178,running,0.00,0,0,0,0,0
1779747245600,2552,15925,2926,-173,-1952,2162,running,0.00,0,0,0,0,0
1779747245600,1139,20211,5092,-46,-2270,2256,running,0.00,0,0,0,0,0
1779747245601,229,28001,7889,146,-2698,2482,running,0.00,0,0,0,0,0
1779747245628,2281,32767,6404,310,-3065,2709,running,0.00,0,0,0,0,0
1779747245629,675,32767,2628,358,-3510,2849,running,0.00,0,0,0,0,0
1779747245663,-4921,32662,-1260,372,-3890,2553,running,0.00,0,0,0,0,0
1779747245664,-16176,32767,6367,-218,-4104,1854,running,0.00,0,0,0,0,0
1779747245664,-30402,32767,11696,126,-3752,2258,running,0.00,0,0,0,0,0
1779747245665,-32768,32765,11192,66,-3621,3169,running,0.00,0,0,0,0,0
1779747245691,-32656,32767,8321,178,-3631,3748,running,0.00,0,0,0,0,0
1779747245692,-32689,32767,5419,1241,-3193,3871,running,0.00,0,0,0,0,0
1779747245719,-32607,32702,3595,2501,-2613,3948,running,0.00,0,0,0,0,0
1779747245721,-29527,25876,2120,2594,-2419,3667,running,0.00,0,0,0,0,0
1779747245722,-20446,18677,2116,1877,-2784,3488,running,0.00,0,0,0,0,0
1779747245723,-15398,15495,1642,752,-3189,3458,running,0.00,0,0,0,0,0
1779747245751,-15647,14598,608,238,-3458,3260,running,0.00,0,0,0,0,0
1779747245752,-19070,13994,746,1066,-3259,3096,running,0.00,0,0,0,0,0
1779747245781,-18888,9058,1381,2141,-2854,2481,running,0.00,0,0,0,0,0
1779747245781,-12920,6586,-915,3180,-2321,1730,running,0.00,0,0,0,0,0
1779747245782,-9654,8168,-5331,4647,-1667,1204,running,0.00,0,0,0,0,0
1779747245783,-7013,3408,-209,5997,-1461,626,running,0.00,0,0,0,0,0
1779747245810,-6318,-7716,6862,5877,-1331,13,running,0.00,0,0,0,0,0
1779747245811,-7052,-15328,6106,4626,-1273,-286,running,0.00,0,0,0,0,0
1779747245838,-7922,-20884,6421,3071,-1601,-387,running,0.00,0,0,0,0,0
1779747245838,-9251,-23792,6194,1747,-2087,-352,running,0.00,0,0,0,0,0
1779747245839,-11876,-22082,5547,960,-2460,-485,running,0.00,0,0,0,0,0
1779747245839,-11674,-17451,5239,234,-2409,-990,running,0.00,0,0,0,0,0
1779747245869,-11993,-17557,5603,-125,-2236,-1691,running,0.00,0,0,0,0,0
1779747245869,-13182,-15874,2822,-294,-1977,-2066,running,0.00,0,0,0,0,0
1779747245898,-15812,-12431,3755,-705,-1992,-2629,running,0.00,0,0,0,0,0
1779747245929,-18981,-11425,5848,-963,-1711,-3212,running,0.00,0,0,0,0,0
1779747245930,-17747,-10262,6268,-1139,-1104,-3316,running,0.00,0,0,0,0,0
1779747245931,-17015,-6568,6044,-1104,-672,-2830,running,0.00,0,0,0,0,0
1779747245931,-21744,1913,8854,-1042,-251,-2927,running,0.00,0,0,0,0,0
1779747245932,-22234,2872,11363,-770,513,-4045,running,0.00,0,0,0,0,0
1779747245933,-18506,-85,13230,-515,1223,-4714,running,0.00,0,0,0,0,0
1779747245959,-17930,-1796,10171,-1327,1706,-4784,running,0.00,0,0,0,0,0
1779747245960,-19128,5684,4591,-1372,1976,-4638,running,0.00,0,0,0,0,0
1779747245995,-20653,7998,5581,-1174,1998,-4586,running,0.00,0,0,0,0,0
1779747245996,-22977,12572,5641,-1504,2282,-4566,running,0.00,0,0,0,0,0
1779747245996,-30550,19983,7968,-2701,2338,-5375,running,0.00,0,0,0,0,0
1779747245997,-31563,24260,5619,-2874,2151,-6063,running,0.00,0,0,0,0,0
1779747246019,-32768,30244,7378,-2808,1850,-6020,running,0.00,0,0,0,0,0
1779747246019,-32768,32767,-1254,-3530,1703,-5456,running,0.00,0,0,0,0,0
1779747246053,-32742,32767,-5369,-4390,1303,-5040,running,0.00,0,0,0,0,0
1779747246054,-32331,32700,-5568,-3952,1561,-4759,running,0.00,0,0,0,0,0
1779747246054,-32717,32395,-2451,-3313,1721,-4356,running,0.00,0,0,0,0,0
1779747246058,-28201,31855,-1819,-3282,1719,-3972,running,0.00,0,0,0,0,0
1779747246078,-19768,28308,-1191,-3093,1676,-3877,running,0.00,0,0,0,0,0
1779747246079,-13304,25108,-75,-3370,1510,-3792,running,0.00,0,0,0,0,0
1779747246109,-7498,23998,-709,-3563,1355,-3598,running,0.00,0,0,0,0,0
1779747246110,-4350,25252,-615,-3563,1073,-3379,running,0.00,0,0,0,0,0
1779747246111,-2511,26456,-1080,-3561,850,-3226,running,0.00,0,0,0,0,0
1779747246111,-1816,26452,-1406,-3388,796,-2792,running,0.00,0,0,0,0,0
1779747246139,-2005,27061,-1508,-2878,910,-2090,running,0.00,0,0,0,0,0
1779747246143,-2044,26071,-1342,-2254,1007,-1489,running,0.00,0,0,0,0,0
1779747246169,-17,23668,-895,-1678,1104,-953,running,0.00,0,0,0,0,0
1779747246170,1083,21662,-557,-1155,1100,-412,running,0.00,0,0,0,0,0
1779747246170,2214,20150,-1050,-638,1179,-7,running,0.00,0,0,0,0,0
1779747246170,5045,19742,-863,-89,1326,322,running,0.00,0,0,0,0,0
1779747246199,7493,18603,168,171,1116,716,running,0.00,0,0,0,0,0
1779747246202,6356,16235,-205,-19,906,1193,running,0.00,0,0,0,0,0
1779747246229,7333,13245,728,-138,908,1439,running,0.00,0,0,0,0,0
1779747246229,10314,12582,1339,-105,892,1790,running,0.00,0,0,0,0,0
1779747246230,10217,12741,1485,-229,769,2164,running,0.00,0,0,0,0,0
1779747246230,9885,11178,1240,-478,605,2208,running,0.00,0,0,0,0,0
1779747246261,9576,10153,1510,-689,399,2236,running,0.00,0,0,0,0,0
1779747246262,8469,10648,1724,-823,240,2449,running,0.00,0,0,0,0,0
1779747246289,6553,12760,1899,-862,109,2684,running,0.00,0,0,0,0,0
1779747246290,4605,13916,1296,-808,-52,2851,running,0.00,0,0,0,0,0
1779747246291,3324,13570,873,-653,-219,3004,running,0.00,0,0,0,0,0
1779747246292,2289,13619,785,-379,-381,3175,running,0.00,0,0,0,0,0
1779747246320,813,15026,-251,-73,-516,3337,running,0.00,0,0,0,0,0
1779747246321,-1180,16704,-976,235,-643,3538,running,0.00,0,0,0,0,0
1779747246350,-3361,18126,-994,411,-770,3813,running,0.00,0,0,0,0,0
1779747246352,-4077,18521,-756,461,-968,4192,running,0.00,0,0,0,0,0
1779747246352,-4497,19939,683,379,-1268,4720,running,0.00,0,0,0,0,0
1779747246353,-3976,24835,2898,498,-1504,5153,running,0.00,0,0,0,0,0
1779747246383,-3728,32573,1984,624,-1828,5283,running,0.00,0,0,0,0,0
1779747246384,-4150,32767,-2124,571,-2230,5105,running,0.00,0,0,0,0,0
1779747246409,-9009,32646,-6018,283,-2725,4704,running,0.00,0,0,0,0,0
1779747246410,-18248,32747,-5699,367,-2879,4210,running,0.00,0,0,0,0,0
1779747246411,-30757,32767,-5085,1159,-2437,4207,running,0.00,0,0,0,0,0
1779747246411,-32768,32765,-5110,1345,-2265,4493,running,0.00,0,0,0,0,0
1779747246440,-32652,32766,-3387,1338,-2529,4571,running,0.00,0,0,0,0,0
1779747246442,-32698,32767,-1725,1796,-2484,4262,running,0.00,0,0,0,0,0
1779747246469,-32768,32686,-2639,2602,-2081,4488,running,0.00,0,0,0,0,0
1779747246470,-28974,30323,-5236,2355,-2036,4694,running,0.00,0,0,0,0,0
1779747246470,-22447,23100,-3713,1356,-2575,4425,running,0.00,0,0,0,0,0
1779747246471,-21201,17161,-2161,548,-2955,3929,running,0.00,0,0,0,0,0
1779747246500,-20131,14018,-1874,-61,-3132,3450,running,0.00,0,0,0,0,0
1779747246500,-13931,10159,-2276,8,-3223,2927,running,0.00,0,0,0,0,0
1779747246529,-9815,6226,-1080,17,-3522,2499,running,0.00,0,0,0,0,0
1779747246560,-6813,5110,-715,224,-3531,2160,running,0.00,0,0,0,0,0
1779747246560,-5380,3459,-333,532,-3436,1775,running,0.00,0,0,0,0,0
1779747246561,-4609,1671,-347,855,-3271,1270,running,0.00,0,0,0,0,0
1779747246561,-3755,-1023,-304,1076,-3169,751,running,0.00,0,0,0,0,0
1779747246562,-5134,-3522,942,1105,-3118,367,running,0.00,0,0,0,0,0
1779747246562,-6632,-5081,1472,1136,-2899,7,running,0.00,0,0,0,0,0
1779747246588,-8258,-6605,2545,1308,-2659,-290,running,0.00,0,0,0,0,0
1779747246589,-8185,-8643,3102,1517,-2422,-345,running,0.00,0,0,0,0,0
1779747246620,-7441,-12048,3910,1542,-2287,-247,running,0.00,0,0,0,0,0
1779747246621,-7955,-14475,4274,1021,-2311,-288,running,0.00,0,0,0,0,0
1779747246621,-8036,-18320,5112,106,-2352,-988,running,0.00,0,0,0,0,0
1779747246622,-8837,-18683,5268,67,-1918,-1665,running,0.00,0,0,0,0,0
1779747246650,-10129,-13048,5677,98,-1410,-1879,running,0.00,0,0,0,0,0
1779747246650,-10598,-11438,7914,-224,-1209,-2143,running,0.00,0,0,0,0,0
1779747246678,-10367,-10171,8820,-219,-687,-2324,running,0.00,0,0,0,0,0
1779747246680,-9684,-8771,9866,-108,19,-2603,running,0.00,0,0,0,0,0
1779747246680,-9596,-7348,9866,-51,665,-3016,running,0.00,0,0,0,0,0
1779747246681,-10307,-5872,9522,-26,1052,-3377,running,0.00,0,0,0,0,0
1779747246708,-12707,-5907,9951,-171,1198,-3689,running,0.00,0,0,0,0,0
1779747246709,-14149,-5013,7996,-320,1363,-3892,running,0.00,0,0,0,0,0
1779747246739,-14805,-2823,5407,-448,1505,-4069,running,0.00,0,0,0,0,0
1779747246739,-16484,656,4309,-791,1598,-4278,running,0.00,0,0,0,0,0
1779747246739,-20943,6787,4575,-1356,1739,-4480,running,0.00,0,0,0,0,0
1779747246740,-26930,15025,4742,-2016,1899,-4786,running,0.00,0,0,0,0,0
1779747246772,-32458,21949,4167,-2609,1743,-5163,running,0.00,0,0,0,0,0
1779747246772,-32768,30128,2522,-2834,1610,-5393,running,0.00,0,0,0,0,0
1779747246800,-32694,32767,-3996,-2573,1712,-5416,running,0.00,0,0,0,0,0
1779747246801,-32751,32758,-10710,-2538,1537,-5050,running,0.00,0,0,0,0,0
1779747246802,-32768,32693,-13502,-2274,1319,-4206,running,0.00,0,0,0,0,0
1779747246803,-32767,32767,-12109,-1371,1524,-3508,running,0.00,0,0,0,0,0
1779747246831,-32767,32767,-11128,-619,1922,-3071,running,0.00,0,0,0,0,0
1779747246832,-29424,32765,-11242,-906,1950,-2381,running,0.00,0,0,0,0,0
1779747246860,-21853,31934,-5656,-1402,1867,-1898,running,0.00,0,0,0,0,0
1779747246861,-13241,29839,-7103,-2605,1780,-1796,running,0.00,0,0,0,0,0
1779747246861,-9321,28237,-4495,-2830,1464,-1778,running,0.00,0,0,0,0,0
1779747246862,2444,22117,884,-2877,1491,-2014,running,0.00,0,0,0,0,0
1779747246889,10862,26478,-2088,-3346,1339,-1873,running,0.00,0,0,0,0,0
1779747246890,10353,29269,-829,-3122,960,-895,running,0.00,0,0,0,0,0
1779747246919,11254,23617,-927,-2954,928,-213,running,0.00,0,0,0,0,0
1779747246919,8177,21598,-2405,-2911,849,126,running,0.00,0,0,0,0,0
1779747246920,5622,15878,-2791,-2070,1168,87,running,0.00,0,0,0,0,0
1779747246920,11904,12330,-4600,-1444,1433,-35,running,0.00,0,0,0,0,0
1779747246950,13435,12413,-5192,-1048,1230,448,running,0.00,0,0,0,0,0
1779747246950,11842,9566,-3218,-1128,1008,1043,running,0.00,0,0,0,0,0
1779747246979,12630,8614,-5061,-916,1021,1383,running,0.00,0,0,0,0,0
1779747246980,13590,5407,-2634,-702,854,1295,running,0.00,0,0,0,0,0
1779747246981,12360,6537,-2863,-456,954,1402,running,0.00,0,0,0,0,0
1779747246982,10401,7213,-3164,-126,1064,1725,running,0.00,0,0,0,0,0
1779747247010,9626,5852,-3278,206,1065,1855,running,0.00,0,0,0,0,0
1779747247010,10312,2667,-3428,428,1107,1893,running,0.00,0,0,0,0,0
1779747247039,10548,1667,-3518,679,1161,2070,running,0.00,0,0,0,0,0
1779747247040,11248,1428,-3043,772,1111,2215,running,0.00,0,0,0,0,0
1779747247040,10703,520,-809,380,735,2137,running,0.00,0,0,0,0,0
1779747247041,7995,2663,-953,131,685,2230,running,0.00,0,0,0,0,0
1779747247069,7920,4732,-490,271,697,2464,running,0.00,0,0,0,0,0
1779747247070,7570,5994,-1361,292,433,2612,running,0.00,0,0,0,0,0
1779747247099,5191,7481,-1243,96,99,2698,running,0.00,0,0,0,0,0
1779747247099,1758,11850,-2502,-100,-275,3146,running,0.00,0,0,0,0,0
1779747247101,1119,15180,-1596,-228,-565,3191,running,0.00,0,0,0,0,0
1779747247101,1523,22772,-1118,-120,-759,3282,running,0.00,0,0,0,0,0
1779747247129,1520,32495,-2237,285,-937,3311,running,0.00,0,0,0,0,0
1779747247130,3726,32767,-3534,661,-1213,3040,running,0.00,0,0,0,0,0
1779747247158,2799,32618,-6218,698,-1554,2524,running,0.00,0,0,0,0,0
1779747247159,-7327,32742,-8950,632,-1883,2143,running,0.00,0,0,0,0,0
1779747247159,-20749,32767,-9147,488,-1824,1417,running,0.00,0,0,0,0,0
1779747247160,-29990,32765,-3712,98,-1967,1673,running,0.00,0,0,0,0,0
1779747247190,-32768,32766,-105,-181,-2135,2306,running,0.00,0,0,0,0,0
1779747247191,-32768,32767,-149,-123,-2251,2355,running,0.00,0,0,0,0,0
1779747247219,-32709,31544,-2115,229,-2386,2217,running,0.00,0,0,0,0,0
1779747247219,-30685,28910,-4049,146,-2724,2860,running,0.00,0,0,0,0,0
1779747247220,-21503,28516,-4454,-132,-3211,2887,running,0.00,0,0,0,0,0
1779747247220,-14273,25479,-4272,-138,-3446,2366,running,0.00,0,0,0,0,0
1779747247248,-13278,22165,-4994,334,-3400,1903,running,0.00,0,0,0,0,0
1779747247248,-13825,19904,-5723,845,-3384,1519,running,0.00,0,0,0,0,0
1779747247278,-12690,12042,-5434,1399,-3323,937,running,0.00,0,0,0,0,0
1779747247279,-8137,6455,-3466,1816,-3269,891,running,0.00,0,0,0,0,0
1779747247280,-10159,9434,-2432,2308,-3116,1447,running,0.00,0,0,0,0,0
1779747247283,-11479,8102,184,2849,-2710,1151,running,0.00,0,0,0,0,0
1779747247311,-7291,1131,536,3488,-2244,667,running,0.00,0,0,0,0,0
1779747247311,-6005,-2733,2827,3658,-2113,455,running,0.00,0,0,0,0,0
1779747247338,-4411,-6701,4461,3303,-2134,429,running,0.00,0,0,0,0,0
1779747247342,-6628,-9436,5821,2653,-2347,347,running,0.00,0,0,0,0,0
1779747247343,-9749,-11889,7034,2126,-2447,87,running,0.00,0,0,0,0,0
1779747247343,-11414,-14153,6790,1454,-2301,-316,running,0.00,0,0,0,0,0
1779747247370,-11412,-15559,7061,885,-2110,-773,running,0.00,0,0,0,0,0
1779747247370,-11838,-16859,7303,285,-1865,-1219,running,0.00,0,0,0,0,0
1779747247398,-12536,-15878,6602,-246,-1595,-1459,running,0.00,0,0,0,0,0
1779747247401,-11485,-12908,7009,-658,-1386,-1466,running,0.00,0,0,0,0,0
1779747247402,-12127,-12058,7925,-1222,-1185,-1537,running,0.00,0,0,0,0,0
1779747247402,-9797,-11779,6402,-1769,-841,-1837,running,0.00,0,0,0,0,0
1779747247428,-11906,-6390,8383,-1714,-506,-2138,running,0.00,0,0,0,0,0
1779747247429,-12016,-5872,8207,-1649,123,-2866,running,0.00,0,0,0,0,0
1779747247461,-11724,-2655,4664,-1445,754,-3262,running,0.00,0,0,0,0,0
1779747247461,-12476,-683,4849,-1220,1047,-3733,running,0.00,0,0,0,0,0
1779747247462,-14458,-2003,4945,-1442,1132,-4143,running,0.00,0,0,0,0,0
1779747247462,-14144,-2862,1426,-1683,1242,-4379,running,0.00,0,0,0,0,0
1779747247489,-15880,-2082,-287,-1943,1141,-4457,running,0.00,0,0,0,0,0
1779747247489,-24347,6466,-1663,-2371,1272,-4356,running,0.00,0,0,0,0,0
1779747247520,-32278,20003,-2350,-2557,1934,-4564,running,0.00,0,0,0,0,0
1779747247520,-32768,32767,-4978,-2620,2708,-4631,running,0.00,0,0,0,0,0
1779747247521,-32676,32767,-7063,-2307,3065,-4851,running,0.00,0,0,0,0,0
1779747247549,-32744,32517,-5123,-1618,3237,-4823,running,0.00,0,0,0,0,0
1779747247549,-32768,32764,-9574,-1390,3300,-4507,running,0.00,0,0,0,0,0
1779747247550,-32767,32767,-10881,-2310,2651,-3713,running,0.00,0,0,0,0,0
1779747247586,-32767,32763,-10375,-3582,2167,-2890,running,0.00,0,0,0,0,0
1779747247588,-32768,32766,-7550,-4097,1984,-2159,running,0.00,0,0,0,0,0
1779747247589,-30169,32767,-4536,-3644,2076,-1482,running,0.00,0,0,0,0,0
1779747247589,-23887,31870,-4628,-2871,2252,-866,running,0.00,0,0,0,0,0
1779747247609,-14410,28570,-1206,-2242,2094,-448,running,0.00,0,0,0,0,0
1779747247610,-4669,26711,-2402,-1382,2279,-472,running,0.00,0,0,0,0,0
1779747247639,932,23007,-930,-1073,2113,-1048,running,0.00,0,0,0,0,0
1779747247640,7474,19447,-1179,-1232,1902,-684,running,0.00,0,0,0,0,0
1779747247640,11101,17109,-1312,-1493,1596,19,running,0.00,0,0,0,0,0
1779747247640,10020,16555,675,-1734,1095,405,running,0.00,0,0,0,0,0
1779747247668,7952,14376,-730,-1831,651,565,running,0.00,0,0,0,0,0
1779747247669,8068,12498,-2277,-2027,536,686,running,0.00,0,0,0,0,0
1779747247702,6937,10512,-1374,-1768,355,849,running,0.00,0,0,0,0,0
1779747247703,8714,10576,-4267,-1111,523,1186,running,0.00,0,0,0,0,0
1779747247703,11237,9917,-4751,-469,542,1481,running,0.00,0,0,0,0,0
1779747247704,11242,7471,-3903,-64,425,1703,running,0.00,0,0,0,0,0
1779747247728,10337,4870,-3143,132,460,1774,running,0.00,0,0,0,0,0
1779747247729,9842,2374,-2043,135,487,1715,running,0.00,0,0,0,0,0
1779747247758,9533,-22,-1728,43,505,1617,running,0.00,0,0,0,0,0
1779747247759,9704,-1083,-2645,-72,491,1548,running,0.00,0,0,0,0,0
1779747247759,9507,-2075,-2582,-372,339,1483,running,0.00,0,0,0,0,0
1779747247760,7988,-1792,-2059,-769,178,1550,running,0.00,0,0,0,0,0
1779747247789,6934,274,-2517,-1090,107,1698,running,0.00,0,0,0,0,0
1779747247789,7249,1529,-1894,-1367,-38,1735,running,0.00,0,0,0,0,0
1779747247819,7009,3065,-1403,-1474,-217,1764,running,0.00,0,0,0,0,0
1779747247819,5960,5086,-1375,-1346,-341,1802,running,0.00,0,0,0,0,0
1779747247820,4998,7471,-1037,-1079,-462,1843,running,0.00,0,0,0,0,0
1779747247820,4382,9159,-1100,-891,-579,1847,running,0.00,0,0,0,0,0
1779747247849,2665,10462,-520,-593,-697,1917,running,0.00,0,0,0,0,0
1779747247853,1610,12794,-415,-294,-802,2138,running,0.00,0,0,0,0,0
1779747247879,1548,16299,535,-186,-1014,2451,running,0.00,0,0,0,0,0
1779747247880,442,23277,910,-89,-1293,2719,running,0.00,0,0,0,0,0
1779747247880,187,31392,-345,212,-1488,3092,running,0.00,0,0,0,0,0
1779747247881,-1761,32767,137,286,-1675,3289,running,0.00,0,0,0,0,0
1779747247912,-3527,32718,25,249,-2050,2622,running,0.00,0,0,0,0,0
1779747247912,-9026,32723,-236,440,-2091,1987,running,0.00,0,0,0,0,0
1779747247938,-18625,32767,3180,452,-1897,2159,running,0.00,0,0,0,0,0
1779747247939,-28309,32767,3152,238,-1658,2621,running,0.00,0,0,0,0,0
1779747247939,-32768,32766,4741,570,-1750,2755,running,0.00,0,0,0,0,0
1779747247940,-32768,32767,1227,695,-1870,2803,running,0.00,0,0,0,0,0
1779747247971,-31775,31593,223,654,-2306,2718,running,0.00,0,0,0,0,0
1779747247971,-25105,25951,98,-186,-2684,2715,running,0.00,0,0,0,0,0
1779747247999,-15578,29846,-4700,-939,-2884,2722,running,0.00,0,0,0,0,0
1779747248000,-11708,29938,-3251,-1342,-3371,2235,running,0.00,0,0,0,0,0
1779747248000,-12422,26234,-1827,-723,-3432,1896,running,0.00,0,0,0,0,0
1779747248001,-12321,22490,-2823,386,-3215,1679,running,0.00,0,0,0,0,0
1779747248033,-10472,16944,-3532,1505,-2925,1417,running,0.00,0,0,0,0,0
1779747248034,-8469,11988,-3837,2437,-2718,1135,running,0.00,0,0,0,0,0
1779747248059,-6248,7723,-4414,3199,-2541,883,running,0.00,0,0,0,0,0
1779747248059,-4540,1544,-3404,3560,-2511,657,running,0.00,0,0,0,0,0
1779747248060,-3783,-1369,-3417,3545,-2545,533,running,0.00,0,0,0,0,0
1779747248060,-3721,-3175,-2316,3738,-2569,429,running,0.00,0,0,0,0,0
1779747248090,-3473,-4827,-1520,3708,-2669,164,running,0.00,0,0,0,0,0
1779747248090,-3758,-8568,721,3224,-2971,-252,running,0.00,0,0,0,0,0
1779747248119,-6407,-14579,5092,2515,-3129,-538,running,0.00,0,0,0,0,0
1779747248120,-8954,-19461,7599,1916,-2962,-312,running,0.00,0,0,0,0,0
1779747248120,-11658,-18795,7761,1054,-2588,54,running,0.00,0,0,0,0,0
1779747248120,-13930,-15073,4187,392,-2223,-386,running,0.00,0,0,0,0,0
1779747248150,-14641,-14546,2096,487,-2013,-1463,running,0.00,0,0,0,0,0
1779747248151,-13403,-13011,4526,427,-1752,-2074,running,0.00,0,0,0,0,0
1779747248179,-12879,-11247,3276,78,-1185,-2294,running,0.00,0,0,0,0,0
1779747248180,-12376,-10061,1786,-139,-549,-2586,running,0.00,0,0,0,0,0
1779747248180,-11271,-9426,1311,-407,79,-2924,running,0.00,0,0,0,0,0
1779747248181,-10130,-9195,264,-950,591,-3146,running,0.00,0,0,0,0,0
1779747248209,-18945,-4398,8742,-1839,1013,-3013,running,0.00,0,0,0,0,0
1779747248210,-27039,6916,11045,-2262,1813,-3069,running,0.00,0,0,0,0,0
1779747248241,-30690,13092,11185,-2796,2577,-3541,running,0.00,0,0,0,0,0
1779747248241,-29159,18521,9365,-2549,3445,-3262,running,0.00,0,0,0,0,0
1779747248242,-25260,25850,4811,-1953,4219,-2528,running,0.00,0,0,0,0,0
1779747248245,-22768,30409,2458,-1428,4639,-2050,running,0.00,0,0,0,0,0
1779747248270,-20118,31920,990,-1071,4795,-2107,running,0.00,0,0,0,0,0
1779747248270,-18607,22855,12267,-1563,4808,-2464,running,0.00,0,0,0,0,0
1779747248298,-18121,30722,-10196,-3272,4798,-2690,running,0.00,0,0,0,0,0
1779747248299,-24762,32767,-2209,-3026,3016,-3092,running,0.00,0,0,0,0,0
1779747248299,-26387,32642,-2488,-3001,2450,-2810,running,0.00,0,0,0,0,0
1779747248300,-22076,32695,-9709,-2491,2020,-2434,running,0.00,0,0,0,0,0
1779747248329,-16355,32767,-9872,-1190,1639,-1702,running,0.00,0,0,0,0,0
1779747248329,-11612,32665,-13327,8,1175,-972,running,0.00,0,0,0,0,0
1779747248366,-22324,27553,-5458,297,923,-1251,running,0.00,0,0,0,0,0
1779747248367,-10188,24362,-12971,293,1653,-1642,running,0.00,0,0,0,0,0
1779747248367,-3391,21595,-12008,126,1153,-1352,running,0.00,0,0,0,0,0
1779747248368,-5806,24767,-10034,282,1046,-496,running,0.00,0,0,0,0,0
1779747248389,1907,23055,-12500,1026,1186,-657,running,0.00,0,0,0,0,0
1779747248389,5824,17364,-9117,1070,604,-1010,running,0.00,0,0,0,0,0
1779747248418,7564,14690,-9178,998,729,-659,running,0.00,0,0,0,0,0
1779747248420,4337,14263,-8999,1295,768,-50,running,0.00,0,0,0,0,0
1779747248421,2055,9277,-6608,1501,911,138,running,0.00,0,0,0,0,0
1779747248421,3704,6215,-6328,1691,1172,183,running,0.00,0,0,0,0,0
1779747248449,5127,2191,-6018,1485,1024,55,running,0.00,0,0,0,0,0
1779747248449,7126,-2024,-3609,980,936,9,running,0.00,0,0,0,0,0
1779747248481,8812,-2652,-5297,361,830,77,running,0.00,0,0,0,0,0
1779747248481,6878,-2920,-3008,-326,553,111,running,0.00,0,0,0,0,0
1779747248482,6779,-660,-2984,-806,522,137,running,0.00,0,0,0,0,0
1779747248482,6646,2084,-3310,-993,541,155,running,0.00,0,0,0,0,0
1779747248509,6079,4389,-2459,-1011,524,161,running,0.00,0,0,0,0,0
1779747248509,5604,5127,-2140,-865,576,208,running,0.00,0,0,0,0,0
1779747248541,4911,4999,-1140,-558,660,335,running,0.00,0,0,0,0,0
1779747248541,4473,5077,-1067,-162,900,519,running,0.00,0,0,0,0,0
1779747248542,6418,3237,-462,80,943,639,running,0.00,0,0,0,0,0
1779747248542,8058,431,154,31,707,719,running,0.00,0,0,0,0,0
1779747248569,7720,-949,976,-236,463,815,running,0.00,0,0,0,0,0
1779747248570,7038,266,1162,-500,438,919,running,0.00,0,0,0,0,0
1779747248600,7058,3058,691,-734,345,948,running,0.00,0,0,0,0,0
1779747248601,6029,5925,494,-963,80,958,running,0.00,0,0,0,0,0
1779747248602,5225,8868,189,-1061,-108,1025,running,0.00,0,0,0,0,0
1779747248602,4839,11796,-332,-1089,-299,1172,running,0.00,0,0,0,0,0
1779747248632,3777,16307,-654,-1049,-522,1388,running,0.00,0,0,0,0,0
1779747248632,3055,22336,-1571,-852,-642,1622,running,0.00,0,0,0,0,0
1779747248661,4502,29654,-3172,-552,-789,1813,running,0.00,0,0,0,0,0
1779747248662,6116,32767,-5968,-314,-1034,1881,running,0.00,0,0,0,0,0
1779747248662,5556,32767,-10107,231,-1194,1859,running,0.00,0,0,0,0,0
1779747248663,-715,32693,-12979,716,-1451,1839,running,0.00,0,0,0,0,0
1779747248688,-12281,32767,-14842,838,-1732,1918,running,0.00,0,0,0,0,0
1779747248689,-20196,32767,-14241,1529,-1832,2556,running,0.00,0,0,0,0,0
1779747248720,-26550,32765,-10042,2397,-1995,3197,running,0.00,0,0,0,0,0
1779747248721,-27875,32767,-8847,3105,-1902,3704,running,0.00,0,0,0,0,0
1779747248723,-29511,32767,-15312,3313,-1948,4093,running,0.00,0,0,0,0,0
1779747248723,-27375,32267,-14427,3445,-2368,3762,running,0.00,0,0,0,0,0
1779747248749,-26844,29351,-12594,3492,-2507,3543,running,0.00,0,0,0,0,0
1779747248750,-23437,21235,-12894,3196,-2239,3335,running,0.00,0,0,0,0,0
1779747248781,-20949,20136,-12953,2905,-2294,3512,running,0.00,0,0,0,0,0
1779747248782,-20524,16582,-9048,2845,-2520,3236,running,0.00,0,0,0,0,0
1779747248783,-19317,10816,-6559,2745,-2432,2675,running,0.00,0,0,0,0,0
1779747248783,-16764,5239,-5654,2691,-2306,2090,running,0.00,0,0,0,0,0
1779747248809,-13953,319,-4469,2532,-2179,1592,running,0.00,0,0,0,0,0
1779747248809,-10125,-1455,-5060,2059,-2099,1205,running,0.00,0,0,0,0,0
1779747248839,-8146,-1719,-4121,1599,-2174,935,running,0.00,0,0,0,0,0
1779747248840,-7220,-1907,-3266,1341,-2205,752,running,0.00,0,0,0,0,0
1779747248840,-7555,-2236,-1342,1274,-2210,654,running,0.00,0,0,0,0,0
1779747248841,-7598,-2969,669,1310,-2145,579,running,0.00,0,0,0,0,0
1779747248872,-8358,-4455,2956,1374,-2050,555,running,0.00,0,0,0,0,0
1779747248873,-9054,-5642,3999,1405,-1748,523,running,0.00,0,0,0,0,0
1779747248899,-8575,-6133,3841,1219,-1490,386,running,0.00,0,0,0,0,0
1779747248899,-7730,-6760,5775,982,-1344,266,running,0.00,0,0,0,0,0
1779747248900,-7443,-5669,6197,764,-1036,133,running,0.00,0,0,0,0,0
1779747248900,-6366,-4043,5770,591,-833,-117,running,0.00,0,0,0,0,0
1779747248929,-5954,-2894,6932,346,-678,-415,running,0.00,0,0,0,0,0
1779747248932,-5984,-1603,7099,271,-373,-673,running,0.00,0,0,0,0,0
1779747248962,-6351,-652,6436,198,-44,-1000,running,0.00,0,0,0,0,0
1779747248963,-6864,-299,5908,23,210,-1359,running,0.00,0,0,0,0,0
1779747248963,-7613,-638,5647,-146,410,-1693,running,0.00,0,0,0,0,0
1779747248964,-9172,161,5058,-355,582,-1928,running,0.00,0,0,0,0,0
1779747248989,-11509,1922,4123,-545,743,-2143,running,0.00,0,0,0,0,0
1779747248989,-10582,1043,3170,-785,955,-2344,running,0.00,0,0,0,0,0
1779747249023,-11022,4002,-1594,-1027,936,-2328,running,0.00,0,0,0,0,0
1779747249023,-16426,6689,729,-1197,726,-2571,running,0.00,0,0,0,0,0
1779747249052,-17439,7562,2344,-1626,896,-2715,running,0.00,0,0,0,0,0
1779747249053,-19236,15398,-1225,-1816,1451,-2588,running,0.00,0,0,0,0,0
1779747249053,-21850,24371,-9446,-2057,1526,-3441,running,0.00,0,0,0,0,0
1779747249054,-26166,24647,-10272,-2423,1005,-4538,running,0.00,0,0,0,0,0
1779747249054,-32512,31626,-18516,-2616,1017,-4805,running,0.00,0,0,0,0,0
1779747249079,-32768,32767,-25955,-2709,1008,-4849,running,0.00,0,0,0,0,0
1779747249080,-32678,32700,-27307,-2733,928,-4407,running,0.00,0,0,0,0,0
1779747249115,-32750,32727,-29237,-2485,1094,-3786,running,0.00,0,0,0,0,0
1779747249115,-32340,32767,-24214,-2271,1314,-3392,running,0.00,0,0,0,0,0
1779747249116,-24852,32382,-22816,-2324,1633,-3310,running,0.00,0,0,0,0,0
1779747249116,-17290,27046,-19426,-2804,1409,-3062,running,0.00,0,0,0,0,0
1779747249138,-11370,21381,-15753,-3827,1146,-3022,running,0.00,0,0,0,0,0
1779747249139,-5140,19619,-13214,-4895,1087,-3149,running,0.00,0,0,0,0,0
1779747249171,-1439,18622,-13991,-5513,805,-3242,running,0.00,0,0,0,0,0
1779747249171,-2288,24437,-9025,-5975,386,-2718,running,0.00,0,0,0,0,0
1779747249172,-3706,25053,-9388,-5467,763,-2816,running,0.00,0,0,0,0,0
1779747249172,4736,27866,-9376,-4645,844,-2406,running,0.00,0,0,0,0,0
1779747249199,7439,25395,-8142,-3401,836,-1847,running,0.00,0,0,0,0,0
1779747249200,8385,21526,-7184,-2557,898,-1547,running,0.00,0,0,0,0,0
1779747249231,9641,17422,-6505,-2054,942,-1241,running,0.00,0,0,0,0,0
1779747249231,8032,13890,-7313,-1379,1193,-641,running,0.00,0,0,0,0,0
1779747249232,11308,12086,-7899,-1204,1038,-517,running,0.00,0,0,0,0,0
1779747249232,11142,10456,-6592,-1265,712,-444,running,0.00,0,0,0,0,0
1779747249259,9347,10268,-6416,-1234,639,-149,running,0.00,0,0,0,0,0
1779747249259,9369,11245,-6363,-894,665,169,running,0.00,0,0,0,0,0
1779747249291,8838,11873,-5722,-538,649,473,running,0.00,0,0,0,0,0
1779747249291,8352,12640,-5682,-143,693,692,running,0.00,0,0,0,0,0
1779747249292,7648,11004,-5348,455,787,1035,running,0.00,0,0,0,0,0
1779747249293,8331,3961,-3360,1070,734,1845,running,0.00,0,0,0,0,0
1779747249319,7354,3030,-2882,1136,639,2098,running,0.00,0,0,0,0,0
1779747249319,6622,2852,-2262,1090,532,2279,running,0.00,0,0,0,0,0
1779747249354,6959,3354,-2186,951,353,2417,running,0.00,0,0,0,0,0
1779747249354,5803,4006,-1982,889,95,2603,running,0.00,0,0,0,0,0
1779747249355,3950,4172,-1598,853,-81,2912,running,0.00,0,0,0,0,0
1779747249356,3517,5218,-1575,829,-191,3176,running,0.00,0,0,0,0,0
1779747249380,2916,8455,-2232,828,-314,3355,running,0.00,0,0,0,0,0
1779747249385,1566,11572,-2463,837,-464,3489,running,0.00,0,0,0,0,0
1779747249411,1300,12111,-1598,812,-641,3635,running,0.00,0,0,0,0,0
1779747249412,2759,13933,-1287,778,-853,3808,running,0.00,0,0,0,0,0
1779747249412,4409,21635,-2172,715,-1117,3922,running,0.00,0,0,0,0,0
1779747249413,6509,31221,-2762,500,-1512,3726,running,0.00,0,0,0,0,0
1779747249438,6303,32767,-3554,375,-1980,3095,running,0.00,0,0,0,0,0
1779747249439,-2013,32694,-5245,461,-2213,2184,running,0.00,0,0,0,0,0
1779747249469,-14852,32715,-6496,613,-2218,1551,running,0.00,0,0,0,0,0
1779747249470,-25727,32767,-3014,899,-2413,1765,running,0.00,0,0,0,0,0
1779747249470,-31422,32767,1659,1658,-2317,2241,running,0.00,0,0,0,0,0
1779747249471,-31135,32766,-3938,2112,-1937,2510,running,0.00,0,0,0,0,0
1779747249498,-29120,32767,-7436,2447,-1959,2531,running,0.00,0,0,0,0,0
1779747249499,-24230,25870,-3874,1999,-2540,1922,running,0.00,0,0,0,0,0
1779747249529,-19292,17909,-7256,991,-2695,1943,running,0.00,0,0,0,0,0
1779747249530,-19469,21632,-5896,502,-3126,2474,running,0.00,0,0,0,0,0
1779747249530,-17177,18770,-2663,338,-3341,2343,running,0.00,0,0,0,0,0
1779747249530,-15314,13486,-3944,410,-3215,2032,running,0.00,0,0,0,0,0
1779747249559,-10515,9962,-4749,339,-3232,1587,running,0.00,0,0,0,0,0
1779747249562,-10616,9143,-4712,-85,-3444,1169,running,0.00,0,0,0,0,0
1779747249589,-8637,9575,-4320,-364,-3357,432,running,0.00,0,0,0,0,0
1779747249590,-7761,9294,-4086,-155,-3063,-143,running,0.00,0,0,0,0,0
1779747249590,-7389,7785,-4801,472,-2579,-360,running,0.00,0,0,0,0,0
1779747249591,-5188,6518,-4595,1132,-2276,-139,running,0.00,0,0,0,0,0
1779747249619,-4851,4080,-3374,1682,-2128,20,running,0.00,0,0,0,0,0
1779747249623,-4624,1231,-2325,2092,-1846,-16,running,0.00,0,0,0,0,0
1779747249650,-4380,-1570,-1237,2421,-1635,6,running,0.00,0,0,0,0,0
1779747249650,-5378,-3600,878,2609,-1477,53,running,0.00,0,0,0,0,0
1779747249651,-5802,-4863,1342,2781,-1026,-70,running,0.00,0,0,0,0,0
1779747249651,-5294,-7146,2604,2863,-854,-263,running,0.00,0,0,0,0,0
1779747249686,-4747,-8333,3302,2423,-881,-243,running,0.00,0,0,0,0,0
1779747249686,-6369,-7834,4617,1983,-895,-61,running,0.00,0,0,0,0,0
1779747249709,-6716,-8370,4457,1522,-706,-213,running,0.00,0,0,0,0,0
1779747249710,-5988,-8214,5195,983,-570,-520,running,0.00,0,0,0,0,0
1779747249711,-6934,-6500,5564,527,-357,-799,running,0.00,0,0,0,0,0
1779747249711,-7941,-4323,6074,303,-114,-843,running,0.00,0,0,0,0,0
1779747249741,-8263,-1453,6309,171,114,-764,running,0.00,0,0,0,0,0
1779747249742,-8319,-1139,6110,169,266,-952,running,0.00,0,0,0,0,0
1779747249769,-7751,-1674,4986,358,417,-1188,running,0.00,0,0,0,0,0
1779747249769,-7796,-1081,3789,507,545,-1389,running,0.00,0,0,0,0,0
1779747249770,-7736,-123,1948,444,651,-1570,running,0.00,0,0,0,0,0
1779747249771,-8507,1269,-108,190,699,-1731,running,0.00,0,0,0,0,0
1779747249801,-8978,4649,-2221,-232,875,-1909,running,0.00,0,0,0,0,0
1779747249801,-8997,9261,-3670,-718,813,-2136,running,0.00,0,0,0,0,0
1779747249829,-13821,17232,-5921,-1093,765,-2415,running,0.00,0,0,0,0,0
1779747249861,-17171,22563,-7331,-1686,540,-3233,running,0.00,0,0,0,0,0
1779747249861,-21885,26386,-7334,-2377,163,-3801,running,0.00,0,0,0,0,0
1779747249861,-26611,32021,-9950,-2435,16,-3755,running,0.00,0,0,0,0,0
1779747249862,-27400,28761,-9848,-2370,192,-3565,running,0.00,0,0,0,0,0
1779747249863,-26646,32170,-23717,-3128,-170,-3667,running,0.00,0,0,0,0,0
1779747249863,-32119,32767,-17827,-2368,-898,-3435,running,0.00,0,0,0,0,0
1779747249893,-30714,32710,-20296,-1868,-578,-2697,running,0.00,0,0,0,0,0
1779747249894,-26928,32567,-20242,-1918,-626,-2127,running,0.00,0,0,0,0,0
1779747249919,-24440,31447,-18448,-1957,-684,-1712,running,0.00,0,0,0,0,0
1779747249923,-22911,29386,-15720,-2001,-677,-1581,running,0.00,0,0,0,0,0
1779747249923,-18124,25764,-13199,-2364,-642,-1756,running,0.00,0,0,0,0,0
1779747249924,-12516,24204,-11568,-2435,-562,-1550,running,0.00,0,0,0,0,0
1779747249949,-11403,24602,-8911,-1983,-449,-1132,running,0.00,0,0,0,0,0
1779747249950,-11691,21318,-7052,-1839,-275,-1513,running,0.00,0,0,0,0,0
1779747249979,-6032,18678,-7767,-1483,-31,-1767,running,0.00,0,0,0,0,0
1779747249980,-4653,13682,-6881,-882,64,-1583,running,0.00,0,0,0,0,0
1779747249980,-3710,14803,-6161,-1079,-19,-844,running,0.00,0,0,0,0,0
1779747249981,-2152,15345,-5004,-1339,-144,-143,running,0.00,0,0,0,0,0
1779747250009,-2447,14362,-5561,-1269,-30,-100,running,0.00,0,0,0,0,0
1779747250010,-150,13341,-5458,-608,399,-368,running,0.00,0,0,0,0,0
1779747250039,3341,13733,-5159,-13,502,-128,running,0.00,0,0,0,0,0
1779747250040,5567,11502,-4611,-374,26,185,running,0.00,0,0,0,0,0
1779747250041,2744,9204,-4372,-696,-233,250,running,0.00,0,0,0,0,0
1779747250042,1519,11925,-4229,-411,178,531,running,0.00,0,0,0,0,0
1779747250069,2246,14584,-4903,-8,310,684,running,0.00,0,0,0,0,0
1779747250069,3163,12817,-3777,400,305,722,running,0.00,0,0,0,0,0
1779747250100,2719,10522,-3331,852,386,906,running,0.00,0,0,0,0,0
1779747250101,3129,9047,-3529,1107,425,1139,running,0.00,0,0,0,0,0
1779747250101,3117,7999,-3496,1166,323,1358,running,0.00,0,0,0,0,0
1779747250102,3130,7023,-2990,1156,164,1573,running,0.00,0,0,0,0,0
1779747250129,3027,6746,-2472,1089,-50,1833,running,0.00,0,0,0,0,0
1779747250133,2359,6491,-2026,1013,-288,2138,running,0.00,0,0,0,0,0
1779747250158,2346,6033,-1529,1056,-399,2471,running,0.00,0,0,0,0,0
1779747250163,3198,5254,-601,1213,-653,2724,running,0.00,0,0,0,0,0
1779747250163,2567,5125,-232,1295,-972,3004,running,0.00,0,0,0,0,0
1779747250164,1767,6033,778,1405,-1231,3202,running,0.00,0,0,0,0,0
1779747250192,1224,8189,1926,1657,-1421,3354,running,0.00,0,0,0,0,0
1779747250193,1327,9697,2610,1827,-1666,3538,running,0.00,0,0,0,0,0
1779747250221,2413,11382,3507,1882,-2019,3718,running,0.00,0,0,0,0,0
1779747250222,3987,17884,5190,1874,-2382,3794,running,0.00,0,0,0,0,0
1779747250222,5822,29046,6223,1813,-2658,3639,running,0.00,0,0,0,0,0
1779747250222,7252,32767,5283,1814,-2681,3091,running,0.00,0,0,0,0,0
1779747250252,3411,32767,8389,2086,-2524,2166,running,0.00,0,0,0,0,0
1779747250253,-10193,32667,15131,2559,-2276,1153,running,0.00,0,0,0,0,0
1779747250280,-25745,32767,17795,2461,-2070,722,running,0.00,0,0,0,0,0
1779747250281,-32768,32767,17007,1902,-2102,1154,running,0.00,0,0,0,0,0
1779747250282,-32225,32765,14288,1800,-2204,1906,running,0.00,0,0,0,0,0
1779747250282,-32528,32417,4709,1654,-2386,2218,running,0.00,0,0,0,0,0
1779747250311,-31614,28664,-30,1079,-2848,2194,running,0.00,0,0,0,0,0
1779747250311,-25706,23719,-2169,81,-3398,2013,running,0.00,0,0,0,0,0
1779747250339,-17543,25557,-2223,-372,-3629,2610,running,0.00,0,0,0,0,0
1779747250340,-18618,26143,-2,-453,-3977,2658,running,0.00,0,0,0,0,0
1779747250340,-17338,18327,1735,13,-3900,1777,running,0.00,0,0,0,0,0
1779747250341,-15234,13608,1420,703,-3601,1517,running,0.00,0,0,0,0,0
1779747250371,-16545,14911,1458,1359,-3451,1429,running,0.00,0,0,0,0,0
1779747250371,-15795,9921,483,2081,-3232,1114,running,0.00,0,0,0,0,0
1779747250403,-14309,7373,731,2457,-3111,1050,running,0.00,0,0,0,0,0
1779747250430,-15065,6034,-424,2941,-2751,1069,running,0.00,0,0,0,0,0
1779747250430,-12186,3489,-1380,3583,-2382,1081,running,0.00,0,0,0,0,0
1779747250431,-10602,-3580,-164,4357,-1905,1248,running,0.00,0,0,0,0,0
1779747250431,-9286,-6522,-246,4176,-1700,1078,running,0.00,0,0,0,0,0
1779747250432,-9052,-9161,678,3772,-1621,892,running,0.00,0,0,0,0,0
1779747250432,-9668,-10015,1066,3313,-1503,790,running,0.00,0,0,0,0,0
1779747250458,-10202,-10398,911,2790,-1395,648,running,0.00,0,0,0,0,0
1779747250459,-10278,-9200,699,2060,-1316,469,running,0.00,0,0,0,0,0
1779747250490,-10534,-8042,413,1360,-1163,219,running,0.00,0,0,0,0,0
1779747250491,-7081,-6061,-3364,836,-939,183,running,0.00,0,0,0,0,0
1779747250491,-11707,-2020,-2030,568,-962,593,running,0.00,0,0,0,0,0
1779747250492,-11101,-2611,-878,171,-517,385,running,0.00,0,0,0,0,0
1779747250519,-11114,-819,-1467,14,-111,-203,running,0.00,0,0,0,0,0
1779747250520,-9420,-3457,304,158,240,-675,running,0.00,0,0,0,0,0
1779747250549,-7568,-3226,-26,35,519,-747,running,0.00,0,0,0,0,0
1779747250549,-7046,-2646,78,-280,520,-743,running,0.00,0,0,0,0,0
1779747250550,-8925,-1163,846,-563,468,-567,running,0.00,0,0,0,0,0
1779747250550,-9251,1412,424,-700,638,-640,running,0.00,0,0,0,0,0
1779747250579,-10567,4564,-408,-1217,738,-965,running,0.00,0,0,0,0,0
1779747250580,-12799,15041,-3743,-1716,736,-1500,running,0.00,0,0,0,0,0
1779747250613,-16678,24218,-3325,-1745,642,-2027,running,0.00,0,0,0,0,0
1779747250614,-20743,30976,-3475,-1835,598,-2322,running,0.00,0,0,0,0,0
1779747250615,-21778,31655,-4107,-1643,630,-2698,running,0.00,0,0,0,0,0
1779747250618,-20985,31606,-5393,-1129,673,-2948,running,0.00,0,0,0,0,0
1779747250640,-23104,32767,-5869,-894,489,-3080,running,0.00,0,0,0,0,0
1779747250640,-18054,32767,-6896,-730,369,-3270,running,0.00,0,0,0,0,0
1779747250673,-15489,32752,-8985,-950,23,-3191,running,0.00,0,0,0,0,0
1779747250674,-17826,32259,-9615,-1042,-444,-2901,running,0.00,0,0,0,0,0
1779747250674,-19230,31149,-9951,-1286,-681,-2557,running,0.00,0,0,0,0,0
1779747250678,-18109,26411,-10171,-1510,-897,-2469,running,0.00,0,0,0,0,0
1779747250699,-15803,24560,-9377,-1545,-952,-2207,running,0.00,0,0,0,0,0
1779747250700,-15260,26540,-8632,-1676,-970,-1841,running,0.00,0,0,0,0,0
1779747250729,-12670,24799,-7977,-1784,-892,-1875,running,0.00,0,0,0,0,0
1779747250732,-4813,21041,-7955,-1619,-932,-1530,running,0.00,0,0,0,0,0
1779747250733,-9020,20551,-5647,-1688,-869,-707,running,0.00,0,0,0,0,0
1779747250733,-8763,20371,-7894,-1900,-749,-828,running,0.00,0,0,0,0,0
1779747250759,-3280,15718,-4746,-1703,-841,-1139,running,0.00,0,0,0,0,0
1779747250759,-1740,15763,-5511,-1488,-390,-680,running,0.00,0,0,0,0,0
1779747250789,-3270,16352,-5036,-647,145,-232,running,0.00,0,0,0,0,0
1779747250790,-189,17113,-5255,-167,124,-37,running,0.00,0,0,0,0,0
1779747250790,2726,13401,-2955,346,147,184,running,0.00,0,0,0,0,0
1779747250791,5133,9635,-3105,574,220,407,running,0.00,0,0,0,0,0
1779747250822,5295,8408,-2198,564,87,585,running,0.00,0,0,0,0,0
1779747250822,6213,9165,-3120,305,-140,623,running,0.00,0,0,0,0,0
1779747250849,3992,8708,-1079,526,-181,743,running,0.00,0,0,0,0,0
1779747250849,5227,6998,-1088,738,-167,797,running,0.00,0,0,0,0,0
1779747250850,4522,7200,-1168,851,-323,974,running,0.00,0,0,0,0,0
1779747250851,3113,7880,-516,1000,-363,1378,running,0.00,0,0,0,0,0
1779747250884,2337,8297,-486,1327,-280,1783,running,0.00,0,0,0,0,0
1779747250885,2968,7897,-427,1741,-241,2136,running,0.00,0,0,0,0,0
1779747250909,2805,6425,657,2021,-409,2286,running,0.00,0,0,0,0,0
1779747250909,2260,6548,964,2225,-439,2516,running,0.00,0,0,0,0,0
1779747250910,2786,5946,703,2361,-545,2770,running,0.00,0,0,0,0,0
1779747250910,2955,5406,1284,2383,-755,2886,running,0.00,0,0,0,0,0
1779747250940,3606,5294,762,2178,-975,3051,running,0.00,0,0,0,0,0
1779747250941,4518,6045,858,1793,-1302,3254,running,0.00,0,0,0,0,0
1779747250968,5263,9020,2179,1331,-1667,3383,running,0.00,0,0,0,0,0
1779747251004,6320,14225,2730,868,-1994,3554,running,0.00,0,0,0,0,0
1779747251005,7069,23271,4413,580,-2362,3658,running,0.00,0,0,0,0,0
1779747251006,8885,32767,6413,486,-2793,3443,running,0.00,0,0,0,0,0
1779747251010,10284,32767,8006,416,-3193,2881,running,0.00,0,0,0,0,0
1779747251010,3459,32590,12319,767,-3195,1871,running,0.00,0,0,0,0,0
1779747251011,-15907,32760,18789,1690,-2827,1059,running,0.00,0,0,0,0,0
1779747251029,-31855,32767,21244,1975,-2634,1194,running,0.00,0,0,0,0,0
1779747251029,-32768,32764,16722,2110,-2634,1793,running,0.00,0,0,0,0,0
1779747251061,-32599,32766,8848,2436,-2558,2475,running,0.00,0,0,0,0,0
1779747251062,-32687,30094,3323,2575,-2540,2936,running,0.00,0,0,0,0,0
1779747251063,-28166,25843,-167,1781,-2937,3591,running,0.00,0,0,0,0,0
1779747251063,-23765,26292,2730,546,-3606,3835,running,0.00,0,0,0,0,0
1779747251088,-23963,25332,3781,-186,-3846,3016,running,0.00,0,0,0,0,0
1779747251089,-21019,23709,4556,-22,-3930,2430,running,0.00,0,0,0,0,0
1779747251119,-21334,20539,5843,779,-3912,2411,running,0.00,0,0,0,0,0
1779747251120,-20731,16927,5015,1688,-3603,2105,running,0.00,0,0,0,0,0
1779747251121,-18429,11140,3318,2562,-3251,1620,running,0.00,0,0,0,0,0
1779747251121,-18041,5282,3022,3003,-2813,1323,running,0.00,0,0,0,0,0
1779747251148,-13406,3397,-437,3316,-2273,1050,running,0.00,0,0,0,0,0
1779747251149,-10236,-133,146,3601,-2393,1050,running,0.00,0,0,0,0,0
1779747251179,-11975,-2007,1258,3442,-2322,1009,running,0.00,0,0,0,0,0
1779747251180,-9933,-6191,1098,3093,-2089,645,running,0.00,0,0,0,0,0
1779747251181,-9235,-7875,1338,2595,-1989,486,running,0.00,0,0,0,0,0
1779747251181,-10106,-7282,2063,2134,-1912,440,running,0.00,0,0,0,0,0
1779747251209,-10878,-7631,2724,1706,-1745,238,running,0.00,0,0,0,0,0
1779747251209,-10905,-7512,2963,1255,-1566,-11,running,0.00,0,0,0,0,0
1779747251240,-10714,-6987,3126,862,-1368,-206,running,0.00,0,0,0,0,0
1779747251241,-8247,-6661,1829,595,-1146,-348,running,0.00,0,0,0,0,0
1779747251242,-8342,-8267,903,521,-1069,-184,running,0.00,0,0,0,0,0
1779747251243,-13734,-3516,6641,335,-1011,360,running,0.00,0,0,0,0,0
1779747251269,-9145,-2397,678,-207,-406,-46,running,0.00,0,0,0,0,0
1779747251273,-8440,-2311,-1231,-170,-458,-559,running,0.00,0,0,0,0,0
1779747251301,-11060,-1495,3020,546,-200,-884,running,0.00,0,0,0,0,0
1779747251301,-8074,130,2504,509,158,-1088,running,0.00,0,0,0,0,0
1779747251302,-5676,-1352,970,224,291,-1180,running,0.00,0,0,0,0,0
1779747251303,-6333,-1124,1421,163,334,-1195,running,0.00,0,0,0,0,0
1779747251329,-7857,400,752,191,452,-1290,running,0.00,0,0,0,0,0
1779747251337,-7100,1062,-848,129,545,-1322,running,0.00,0,0,0,0,0
1779747251359,-7451,2356,-168,-74,545,-1402,running,0.00,0,0,0,0,0
1779747251360,-9915,8091,-938,-248,721,-1490,running,0.00,0,0,0,0,0
1779747251361,-13040,13780,-150,-561,561,-1931,running,0.00,0,0,0,0,0
1779747251361,-15634,18895,177,-1152,612,-2613,running,0.00,0,0,0,0,0
1779747251392,-15734,26907,-4735,-1381,626,-3085,running,0.00,0,0,0,0,0
1779747251393,-18276,32226,-5767,-1446,256,-3544,running,0.00,0,0,0,0,0
1779747251419,-23845,32767,-6132,-1493,78,-3739,running,0.00,0,0,0,0,0
1779747251419,-29577,32727,-8207,-1532,53,-3542,running,0.00,0,0,0,0,0
1779747251419,-31947,32747,-9420,-1392,106,-3297,running,0.00,0,0,0,0,0
1779747251420,-29611,32767,-10551,-951,217,-2927,running,0.00,0,0,0,0,0
1779747251452,-25518,32767,-10926,-915,88,-2407,running,0.00,0,0,0,0,0
1779747251452,-24412,32169,-9960,-1346,-197,-1955,running,0.00,0,0,0,0,0
1779747251480,-20671,32224,-10548,-1662,-269,-1761,running,0.00,0,0,0,0,0
1779747251480,-15741,32025,-9482,-1718,-447,-1436,running,0.00,0,0,0,0,0
1779747251481,-12166,29937,-8453,-1841,-726,-1218,running,0.00,0,0,0,0,0
1779747251481,-10562,26803,-6740,-1863,-766,-1018,running,0.00,0,0,0,0,0
1779747251510,-7478,23437,-7123,-1969,-757,-1124,running,0.00,0,0,0,0,0
1779747251511,-5126,22239,-5434,-1323,-857,182,running,0.00,0,0,0,0,0
1779747251538,-7144,19428,-4932,-777,-330,-296,running,0.00,0,0,0,0,0
1779747251539,-6818,9261,-8373,-80,-42,-2011,running,0.00,0,0,0,0,0
1779747251539,788,10197,-4736,42,-322,-1012,running,0.00,0,0,0,0,0
1779747251540,3586,11844,-6540,-339,-425,794,running,0.00,0,0,0,0,0
1779747251570,-111,12383,-4935,114,-403,1115,running,0.00,0,0,0,0,0
1779747251571,480,10119,-3997,730,-98,699,running,0.00,0,0,0,0,0
1779747251599,4294,9455,-4963,1200,214,753,running,0.00,0,0,0,0,0
1779747251600,5094,5777,-3695,1337,-3,990,running,0.00,0,0,0,0,0
1779747251601,5674,3770,-4187,1123,-287,886,running,0.00,0,0,0,0,0
1779747251601,5383,3265,-3309,960,-435,857,running,0.00,0,0,0,0,0
1779747251629,4266,4481,-3049,857,-471,1040,running,0.00,0,0,0,0,0
1779747251630,4412,6030,-2615,1123,-291,1283,running,0.00,0,0,0,0,0
1779747251660,4278,6514,-2230,1358,-300,1477,running,0.00,0,0,0,0,0
1779747251660,3443,6619,-1122,1436,-436,1612,running,0.00,0,0,0,0,0
1779747251661,3489,7765,431,1596,-531,1700,running,0.00,0,0,0,0,0
1779747251661,2233,7811,1734,1757,-589,1881,running,0.00,0,0,0,0,0
1779747251689,3535,7546,2130,2016,-504,2116,running,0.00,0,0,0,0,0
1779747251690,4864,6957,3176,2183,-828,2276,running,0.00,0,0,0,0,0
1779747251719,4292,6384,3502,2024,-1217,2324,running,0.00,0,0,0,0,0
1779747251720,2962,7955,3645,1680,-1544,2373,running,0.00,0,0,0,0,0
1779747251720,1726,12491,3410,1303,-1859,2467,running,0.00,0,0,0,0,0
1779747251721,778,20570,3435,1019,-2158,2503,running,0.00,0,0,0,0,0
1779747251749,20,30096,3622,832,-2404,2430,running,0.00,0,0,0,0,0
1779747251749,-522,32767,3983,974,-2499,2305,running,0.00,0,0,0,0,0
1779747251779,-2432,32759,5642,1315,-2567,1923,running,0.00,0,0,0,0,0
1779747251783,-10881,32692,8688,1846,-2482,1451,running,0.00,0,0,0,0,0
1779747251784,-26112,32767,11244,2452,-2230,1331,running,0.00,0,0,0,0,0
1779747251784,-32768,32767,10455,2606,-1947,1575,running,0.00,0,0,0,0,0
1779747251809,-32768,32765,8465,2715,-1768,2262,running,0.00,0,0,0,0,0
1779747251810,-31763,31728,5331,3018,-1565,2943,running,0.00,0,0,0,0,0
1779747251843,-29670,29895,-431,2731,-1708,3297,running,0.00,0,0,0,0,0
1779747251843,-25598,26605,1133,1904,-2264,3148,running,0.00,0,0,0,0,0
1779747251844,-20211,24028,1512,960,-2562,2977,running,0.00,0,0,0,0,0
1779747251844,-20804,26118,287,313,-2854,2708,running,0.00,0,0,0,0,0
1779747251872,-20031,22572,1895,285,-3036,2382,running,0.00,0,0,0,0,0
1779747251872,-20192,20983,2354,713,-3015,2421,running,0.00,0,0,0,0,0
1779747251902,-20139,20378,2296,1306,-2815,2131,running,0.00,0,0,0,0,0
1779747251903,-17240,15230,1872,1929,-2426,1615,running,0.00,0,0,0,0,0
1779747251903,-12528,10860,909,2568,-2081,1446,running,0.00,0,0,0,0,0
1779747251904,-12285,7664,2462,2993,-1970,1382,running,0.00,0,0,0,0,0
1779747251931,-11743,4023,3511,3159,-1804,1164,running,0.00,0,0,0,0,0
1779747251931,-9987,825,3918,3202,-1641,946,running,0.00,0,0,0,0,0
1779747251961,-9355,-879,4687,3137,-1569,773,running,0.00,0,0,0,0,0
1779747251962,-8834,-3236,5332,3020,-1555,601,running,0.00,0,0,0,0,0
1779747251962,-8468,-5505,5859,2881,-1548,480,running,0.00,0,0,0,0,0
1779747251963,-8814,-7304,6515,2701,-1562,309,running,0.00,0,0,0,0,0
1779747251990,-9944,-8499,7088,2484,-1432,132,running,0.00,0,0,0,0,0
1779747251990,-10723,-8846,6592,2244,-1308,-60,running,0.00,0,0,0,0,0
1779747252021,-11928,-9611,6715,1880,-1372,-320,running,0.00,0,0,0,0,0
1779747252021,-12685,-10008,6898,1463,-1329,-482,running,0.00,0,0,0,0,0
1779747252022,-12797,-9132,7054,1106,-1170,-543,running,0.00,0,0,0,0,0
1779747252023,-12285,-8702,6224,804,-1023,-702,running,0.00,0,0,0,0,0
1779747252049,-10909,-9277,5758,660,-903,-633,running,0.00,0,0,0,0,0
1779747252050,-12135,-6107,6807,337,-800,-191,running,0.00,0,0,0,0,0
1779747252081,-11044,-3997,5596,-7,-554,-151,running,0.00,0,0,0,0,0
1779747252081,-13049,-2905,4130,67,-591,-371,running,0.00,0,0,0,0,0
1779747252082,-14470,-1233,3358,395,-510,-1012,running,0.00,0,0,0,0,0
1779747252082,-12074,-1691,2288,546,-139,-1841,running,0.00,0,0,0,0,0
1779747252108,-10473,792,1610,217,121,-2072,running,0.00,0,0,0,0,0
1779747252108,-13300,4651,-994,-273,436,-2020,running,0.00,0,0,0,0,0
1779747252139,-18865,12865,100,-385,563,-2050,running,0.00,0,0,0,0,0
1779747252140,-19894,16687,-660,-527,979,-2552,running,0.00,0,0,0,0,0
1779747252140,-20179,20611,-5338,-960,1221,-2980,running,0.00,0,0,0,0,0
1779747252141,-19875,25784,-8215,-1694,869,-3152,running,0.00,0,0,0,0,0
1779747252168,-21912,32767,-14964,-2444,439,-3252,running,0.00,0,0,0,0,0
1779747252169,-23369,32767,-17390,-2598,154,-3334,running,0.00,0,0,0,0,0
1779747252199,-24713,32458,-18496,-2445,-2,-2827,running,0.00,0,0,0,0,0
1779747252200,-22358,32650,-18723,-1922,6,-2305,running,0.00,0,0,0,0,0
1779747252200,-22330,32767,-18021,-1056,114,-1792,running,0.00,0,0,0,0,0
1779747252201,-18072,31112,-17389,-700,93,-1282,running,0.00,0,0,0,0,0
1779747252230,-17915,27098,-17187,-913,43,-896,running,0.00,0,0,0,0,0
1779747252230,-12423,23939,-17891,-1276,-133,-915,running,0.00,0,0,0,0,0
1779747252262,-10300,22022,-14776,-1918,-355,-817,running,0.00,0,0,0,0,0
1779747252263,-6915,22578,-14057,-2284,-397,-742,running,0.00,0,0,0,0,0
1779747252263,-5494,21353,-12506,-2684,-518,-795,running,0.00,0,0,0,0,0
1779747252264,-7847,20434,-10411,-2870,-597,-605,running,0.00,0,0,0,0,0
1779747252289,-7972,16733,-8858,-2724,-254,-812,running,0.00,0,0,0,0,0
1779747252290,-5140,14226,-8410,-2270,-74,-676,running,0.00,0,0,0,0,0
1779747252322,-4254,11023,-7575,-1448,279,-213,running,0.00,0,0,0,0,0
1779747252323,110,9794,-8134,-1276,383,13,running,0.00,0,0,0,0,0
1779747252324,1357,5376,-6561,-1413,349,-52,running,0.00,0,0,0,0,0
1779747252324,3147,8615,-6556,-1334,381,685,running,0.00,0,0,0,0,0
1779747252349,4224,7943,-5623,-973,304,1184,running,0.00,0,0,0,0,0
1779747252349,6368,5206,-4094,-708,342,1084,running,0.00,0,0,0,0,0
1779747252379,6915,5106,-4002,-636,421,1008,running,0.00,0,0,0,0,0
1779747252380,6411,5334,-2950,-496,424,978,running,0.00,0,0,0,0,0
1779747252381,6421,4252,-1962,-160,555,1125,running,0.00,0,0,0,0,0
1779747252381,6371,3214,-1586,175,550,1269,running,0.00,0,0,0,0,0
1779747252409,6355,3686,-1525,469,637,1248,running,0.00,0,0,0,0,0
1779747252412,6075,4696,-1444,728,687,1350,running,0.00,0,0,0,0,0
1779747252439,4855,4563,-1665,942,658,1514,running,0.00,0,0,0,0,0
1779747252439,4696,4782,-1880,1113,623,1551,running,0.00,0,0,0,0,0
1779747252440,4295,5187,-2321,1235,610,1545,running,0.00,0,0,0,0,0
1779747252440,5075,4924,-2453,1258,512,1599,running,0.00,0,0,0,0,0
1779747252472,3275,6059,-2120,1219,365,1714,running,0.00,0,0,0,0,0
1779747252472,1219,10363,-2619,1206,333,1811,running,0.00,0,0,0,0,0
1779747252499,877,12730,-2512,1206,299,1893,running,0.00,0,0,0,0,0
1779747252500,750,15970,-3151,1202,195,2110,running,0.00,0,0,0,0,0
1779747252500,402,22982,-4210,1181,75,2459,running,0.00,0,0,0,0,0
1779747252501,-157,31969,-6129,1063,-136,2717,running,0.00,0,0,0,0,0
1779747252532,-1086,32767,-8805,871,-472,2705,running,0.00,0,0,0,0,0
1779747252532,-5623,32656,-12260,628,-758,2576,running,0.00,0,0,0,0,0
1779747252560,-15199,32732,-13160,721,-789,2503,running,0.00,0,0,0,0,0
1779747252560,-28598,32767,-12006,1186,-653,2482,running,0.00,0,0,0,0,0
1779747252561,-32768,32766,-8478,1584,-578,2458,running,0.00,0,0,0,0,0
1779747252561,-32768,31009,-3395,1756,-476,3021,running,0.00,0,0,0,0,0
1779747252596,-32679,30701,-9170,1134,-490,4132,running,0.00,0,0,0,0,0
1779747252597,-31295,25979,-8584,473,-1081,4107,running,0.00,0,0,0,0,0
1779747252619,-17585,23424,-8276,-854,-2014,3428,running,0.00,0,0,0,0,0
1779747252620,-18727,23601,-7020,-900,-2391,3374,running,0.00,0,0,0,0,0
1779747252621,-16682,19584,-5755,-423,-2611,3158,running,0.00,0,0,0,0,0
1779747252621,-17716,16694,-4906,341,-2620,3043,running,0.00,0,0,0,0,0
1779747252653,-14127,13487,-5804,1038,-2429,2807,running,0.00,0,0,0,0,0
1779747252654,-10264,8563,-5251,1713,-2328,2560,running,0.00,0,0,0,0,0
1779747252678,-7921,4259,-3899,2044,-2265,2270,running,0.00,0,0,0,0,0
1779747252679,-6305,785,-2614,2044,-2192,1796,running,0.00,0,0,0,0,0
1779747252680,-4139,-1777,-2190,1885,-2177,1392,running,0.00,0,0,0,0,0
1779747252680,-3271,-3722,-1741,1631,-2285,1140,running,0.00,0,0,0,0,0
1779747252710,-3444,-5012,-964,1370,-2367,850,running,0.00,0,0,0,0,0
1779747252711,-4535,-6518,-378,1152,-2345,464,running,0.00,0,0,0,0,0
1779747252739,-6365,-8022,616,975,-2213,7,running,0.00,0,0,0,0,0
1779747252739,-8095,-9894,1745,907,-2006,-447,running,0.00,0,0,0,0,0
1779747252739,-9976,-10955,2572,819,-1785,-845,running,0.00,0,0,0,0,0
1779747252740,-11926,-12580,3042,735,-1558,-1219,running,0.00,0,0,0,0,0
1779747252770,-13749,-14986,5460,520,-1359,-1604,running,0.00,0,0,0,0,0
1779747252770,-13592,-16340,3369,195,-1008,-1869,running,0.00,0,0,0,0,0
1779747252799,-14120,-14886,6424,44,-805,-2222,running,0.00,0,0,0,0,0
1779747252800,-11775,-17095,6490,-124,-365,-2254,running,0.00,0,0,0,0,0
1779747252800,-13284,-17680,6014,-132,-273,-1497,running,0.00,0,0,0,0,0
1779747252801,-15629,-3572,7451,89,-500,287,running,0.00,0,0,0,0,0
1779747252829,-19909,1154,4520,-282,-602,-1599,running,0.00,0,0,0,0,0
1779747252830,-11898,-7815,5594,-13,767,-4260,running,0.00,0,0,0,0,0
1779747252859,-12216,-8542,5081,-360,1236,-4297,running,0.00,0,0,0,0,0
1779747252859,-21603,-1240,2583,-1001,1357,-4060,running,0.00,0,0,0,0,0
1779747252859,-24615,4266,1080,-1364,1939,-4755,running,0.00,0,0,0,0,0
1779747252860,-22407,7897,1493,-1616,2216,-5082,running,0.00,0,0,0,0,0
1779747252888,-23368,10112,3452,-1977,1999,-4647,running,0.00,0,0,0,0,0
1779747252889,-27886,13267,5810,-2131,2077,-4459,running,0.00,0,0,0,0,0
1779747252919,-27280,19343,-482,-2368,2408,-4709,running,0.00,0,0,0,0,0
1779747252919,-29615,30103,-5600,-2581,1986,-4611,running,0.00,0,0,0,0,0
1779747252923,-32768,32767,-9547,-2900,1533,-4768,running,0.00,0,0,0,0,0
1779747252924,-32768,32703,-12860,-3055,1130,-5108,running,0.00,0,0,0,0,0
1779747252949,-32696,32686,-15332,-3193,690,-4820,running,0.00,0,0,0,0,0
1779747252949,-32768,32767,-17668,-3206,475,-4182,running,0.00,0,0,0,0,0
1779747252979,-32768,32767,-18759,-2904,424,-3554,running,0.00,0,0,0,0,0
1779747252979,-31266,32765,-17987,-2553,450,-2982,running,0.00,0,0,0,0,0
1779747252985,-25495,31913,-16776,-2378,462,-2512,running,0.00,0,0,0,0,0
1779747252986,-20087,27977,-14944,-2496,445,-2356,running,0.00,0,0,0,0,0
1779747253010,-14978,25373,-13379,-2664,487,-2266,running,0.00,0,0,0,0,0
1779747253010,-9175,22973,-11105,-2801,575,-2124,running,0.00,0,0,0,0,0
1779747253039,-8712,22444,-9605,-2943,669,-1990,running,0.00,0,0,0,0,0
1779747253043,-9731,21030,-7703,-2648,731,-2010,running,0.00,0,0,0,0,0
1779747253044,-62,18745,-7747,-2185,1033,-1968,running,0.00,0,0,0,0,0
1779747253045,299,18208,-5538,-2581,839,-2075,running,0.00,0,0,0,0,0
1779747253069,204,11908,-7671,-1953,792,-2964,running,0.00,0,0,0,0,0
1779747253069,6103,12594,-4809,-1290,87,-2474,running,0.00,0,0,0,0,0
1779747253101,7807,13043,-2659,-2457,-563,-1305,running,0.00,0,0,0,0,0
1779747253101,8159,12384,-3060,-2893,-647,-708,running,0.00,0,0,0,0,0
1779747253102,5886,11611,-2455,-2528,-621,-624,running,0.00,0,0,0,0,0
1779747253103,5182,11241,-2473,-2104,-419,-789,running,0.00,0,0,0,0,0
1779747253129,6719,11805,-2993,-1632,-320,-805,running,0.00,0,0,0,0,0
1779747253130,7333,11057,-1765,-1310,-292,-341,running,0.00,0,0,0,0,0
1779747253162,6317,14837,-2589,-869,-200,282,running,0.00,0,0,0,0,0
1779747253163,3769,13138,-730,-317,-220,519,running,0.00,0,0,0,0,0
1779747253163,2454,13281,-663,374,127,766,running,0.00,0,0,0,0,0
1779747253164,2256,13843,-300,1166,264,1151,running,0.00,0,0,0,0,0
1779747253188,2401,14472,309,1900,388,1644,running,0.00,0,0,0,0,0
1779747253189,1662,14796,417,2512,420,2186,running,0.00,0,0,0,0,0
1779747253220,955,13047,-104,2962,400,2585,running,0.00,0,0,0,0,0
1779747253221,1144,12527,-886,3234,333,2841,running,0.00,0,0,0,0,0
1779747253221,319,8532,-653,3126,163,3007,running,0.00,0,0,0,0,0
1779747253222,857,5721,-2322,2737,52,3254,running,0.00,0,0,0,0,0
1779747253250,-1662,6556,-2845,2474,-1,3735,running,0.00,0,0,0,0,0
1779747253251,-35,7984,-3380,1953,-186,4068,running,0.00,0,0,0,0,0
1779747253280,89,9291,-2332,1163,-417,4389,running,0.00,0,0,0,0,0
1779747253281,-1087,16150,-2435,196,-848,4757,running,0.00,0,0,0,0,0
1779747253282,-3322,27585,-2255,-482,-1179,5125,running,0.00,0,0,0,0,0
1779747253283,-6264,32767,-3840,-619,-1243,5230,running,0.00,0,0,0,0,0
1779747253308,-9609,32767,-6389,-67,-1116,5026,running,0.00,0,0,0,0,0
1779747253308,-17165,32641,-6666,804,-758,4638,running,0.00,0,0,0,0,0
1779747253341,-27810,32767,-5979,1363,-311,4330,running,0.00,0,0,0,0,0
1779747253341,-32768,32767,-6821,1123,-14,4576,running,0.00,0,0,0,0,0
1779747253343,-32768,32764,-6514,705,-70,5016,running,0.00,0,0,0,0,0
1779747253343,-32650,30124,-5856,406,-321,4676,running,0.00,0,0,0,0,0
1779747253368,-32768,18993,-5086,24,-583,4361,running,0.00,0,0,0,0,0
1779747253369,-29970,18707,-8434,-655,-804,4433,running,0.00,0,0,0,0,0
1779747253399,-23784,23919,-10563,-1235,-1367,4343,running,0.00,0,0,0,0,0
1779747253400,-21677,26416,-9906,-1247,-1912,3739,running,0.00,0,0,0,0,0
1779747253401,-23303,21682,-9353,-563,-2045,2899,running,0.00,0,0,0,0,0
1779747253401,-24087,17646,-8513,335,-1912,1919,running,0.00,0,0,0,0,0
1779747253429,-20420,4377,-7178,1118,-1531,1367,running,0.00,0,0,0,0,0
1779747253430,-9798,9380,-9699,1491,-1146,2068,running,0.00,0,0,0,0,0
1779747253460,-9753,12371,-8371,2256,-1356,2972,running,0.00,0,0,0,0,0
1779747253461,-12908,2674,-4183,3107,-1438,2939,running,0.00,0,0,0,0,0
1779747253462,-10487,-4653,-4828,3227,-1301,2414,running,0.00,0,0,0,0,0
1779747253462,-7762,-5710,-5625,2810,-1508,1862,running,0.00,0,0,0,0,0
1779747253492,-8391,-5221,-2765,2408,-1809,1290,running,0.00,0,0,0,0,0
1779747253493,-7675,-5589,-2032,2247,-1790,805,running,0.00,0,0,0,0,0
1779747253519,-6754,-6042,-2833,2410,-1692,575,running,0.00,0,0,0,0,0
1779747253520,-7601,-6597,-2352,2561,-1715,445,running,0.00,0,0,0,0,0
1779747253521,-9768,-7498,-249,2493,-1779,187,running,0.00,0,0,0,0,0
1779747253521,-11415,-9099,1495,2238,-1609,-218,running,0.00,0,0,0,0,0
1779747253549,-10690,-11250,3246,1956,-1387,-563,running,0.00,0,0,0,0,0
1779747253579,-11178,-13642,2344,1451,-1312,-870,running,0.00,0,0,0,0,0
1779747253579,-10757,-11172,5952,811,-1471,-909,running,0.00,0,0,0,0,0
1779747253580,-10504,-10577,5553,348,-1145,-1139,running,0.00,0,0,0,0,0
1779747253580,-12857,-9213,5954,-23,-1173,-1337,running,0.00,0,0,0,0,0
1779747253581,-14276,-6279,4390,-511,-1200,-1468,running,0.00,0,0,0,0,0
1779747253609,-9955,-14126,8910,-1044,-1354,-1561,running,0.00,0,0,0,0,0
1779747253612,-13784,-6304,5042,-1681,-569,-55,running,0.00,0,0,0,0,0
1779747253639,-14890,1597,2719,-2152,-156,-112,running,0.00,0,0,0,0,0
1779747253640,-16417,4178,2931,-2099,-4,-1943,running,0.00,0,0,0,0,0
1779747253641,-15904,47,487,-1690,393,-3548,running,0.00,0,0,0,0,0
1779747253642,-15929,3376,-1307,-2208,658,-4178,running,0.00,0,0,0,0,0
1779747253671,-19360,13369,-1763,-2863,708,-4421,running,0.00,0,0,0,0,0
1779747253671,-25521,25431,-858,-3146,693,-4699,running,0.00,0,0,0,0,0
1779747253700,-30891,32767,-2972,-2955,937,-5193,running,0.00,0,0,0,0,0
1779747253701,-30160,32767,-11411,-2571,1092,-5597,running,0.00,0,0,0,0,0
1779747253702,-31588,32651,-11568,-2604,358,-5865,running,0.00,0,0,0,0,0
1779747253702,-32768,32767,-23086,-966,2195,-4333,running,0.00,0,0,0,0,0
1779747253731,-31249,32570,-21856,-759,1870,-4071,running,0.00,0,0,0,0,0
1779747253733,-26417,32743,-21342,-880,1713,-2986,running,0.00,0,0,0,0,0
1779747253761,-23316,32367,-16256,-1411,1339,-2475,running,0.00,0,0,0,0,0
1779747253761,-20145,29876,-15605,-2001,1633,-2151,running,0.00,0,0,0,0,0
1779747253763,-13692,27642,-15249,-2201,1786,-1815,running,0.00,0,0,0,0,0
1779747253767,-6632,26887,-12862,-2419,1524,-1462,running,0.00,0,0,0,0,0
1779747253790,-3614,25169,-9078,-2450,1317,-1137,running,0.00,0,0,0,0,0
1779747253790,2897,23799,-8553,-2246,1303,-894,running,0.00,0,0,0,0,0
1779747253820,5330,21751,-7437,-2068,1230,-753,running,0.00,0,0,0,0,0
1779747253820,5615,17570,-7158,-1919,1215,-788,running,0.00,0,0,0,0,0
1779747253821,6405,14582,-8162,-1630,1262,-713,running,0.00,0,0,0,0,0
1779747253821,7742,12134,-8433,-1292,1253,-499,running,0.00,0,0,0,0,0
1779747253850,8409,10251,-8320,-1071,1183,-146,running,0.00,0,0,0,0,0
1779747253851,8827,8441,-7723,-852,1195,109,running,0.00,0,0,0,0,0
1779747253879,9427,6581,-6405,-566,1225,236,running,0.00,0,0,0,0,0
1779747253879,11915,4335,-4528,-335,1201,329,running,0.00,0,0,0,0,0
1779747253880,10918,4493,-2642,-222,1160,566,running,0.00,0,0,0,0,0
1779747253880,10724,503,-873,-127,1223,296,running,0.00,0,0,0,0,0
1779747253913,12817,-1124,805,-154,1304,288,running,0.00,0,0,0,0,0
1779747253914,14351,-1283,2328,-247,1125,549,running,0.00,0,0,0,0,0
1779747253940,12166,-1643,3113,-439,854,768,running,0.00,0,0,0,0,0
1779747253940,9801,-938,3609,-715,802,816,running,0.00,0,0,0,0,0
1779747253941,10398,715,4115,-942,624,847,running,0.00,0,0,0,0,0
1779747253945,8801,2108,3500,-993,263,1035,running,0.00,0,0,0,0,0
1779747253974,7173,3990,1335,-957,163,1206,running,0.00,0,0,0,0,0
1779747253975,6206,5374,-633,-919,60,1236,running,0.00,0,0,0,0,0
1779747254000,5332,7219,-2329,-808,-94,1261,running,0.00,0,0,0,0,0
1779747254000,3587,9122,-2937,-794,-183,1399,running,0.00,0,0,0,0,0
1779747254001,2180,11046,-3181,-745,-198,1548,running,0.00,0,0,0,0,0
1779747254005,1096,13009,-2610,-583,-206,1649,running,0.00,0,0,0,0,0
1779747254029,-85,16733,-2234,-453,-199,1710,running,0.00,0,0,0,0,0
1779747254030,-2037,21978,-2535,-223,-355,1692,running,0.00,0,0,0,0,0
1779747254061,-3718,28749,-3970,-178,-599,1621,running,0.00,0,0,0,0,0
1779747254062,-18,32095,-8047,-238,-850,1866,running,0.00,0,0,0,0,0
1779747254065,-1711,32767,-10637,-702,-1297,2397,running,0.00,0,0,0,0,0
1779747254065,-5179,32748,-11546,-940,-1730,2577,running,0.00,0,0,0,0,0
1779747254090,-11365,32746,-11889,-1219,-1864,2787,running,0.00,0,0,0,0,0
1779747254090,-19096,32767,-11919,-948,-1573,2945,running,0.00,0,0,0,0,0
1779747254123,-26931,32767,-11003,-1380,-1620,3178,running,0.00,0,0,0,0,0
1779747254124,-32768,32766,-8054,-1955,-1669,3534,running,0.00,0,0,0,0,0
1779747254125,-32768,32767,-6913,-2460,-1848,3895,running,0.00,0,0,0,0,0
1779747254125,-32453,32767,-6814,-2473,-1990,4064,running,0.00,0,0,0,0,0
1779747254149,-28378,32767,-4872,-2165,-1895,3883,running,0.00,0,0,0,0,0
1779747254150,-22782,32293,-5523,-2141,-1887,3538,running,0.00,0,0,0,0,0
1779747254179,-23796,27625,-4243,-1895,-2045,2765,running,0.00,0,0,0,0,0
1779747254183,-16346,21264,-4721,-971,-1955,2213,running,0.00,0,0,0,0,0
1779747254183,-12279,14457,-1020,-475,-2039,2920,running,0.00,0,0,0,0,0
1779747254183,-16132,13683,-3065,-365,-2173,2717,running,0.00,0,0,0,0,0
1779747254209,-12137,10086,-4265,276,-1948,1922,running,0.00,0,0,0,0,0
1779747254210,-10225,5012,-3744,763,-2045,1369,running,0.00,0,0,0,0,0
1779747254241,-7341,2118,-3896,1245,-1974,943,running,0.00,0,0,0,0,0
1779747254242,-5097,-201,-6270,1165,-2089,564,running,0.00,0,0,0,0,0
1779747254242,-6683,834,-4380,1436,-2366,265,running,0.00,0,0,0,0,0
1779747254242,-6876,-1480,-2243,1763,-2409,120,running,0.00,0,0,0,0,0
1779747254269,-7967,-2958,-2446,1848,-2381,-197,running,0.00,0,0,0,0,0
1779747254270,-7707,-5773,-70,2156,-2290,-694,running,0.00,0,0,0,0,0
1779747254304,-8120,-11542,3618,1740,-2420,-1304,running,0.00,0,0,0,0,0
1779747254305,-9581,-13758,4538,1351,-2177,-1349,running,0.00,0,0,0,0,0
1779747254305,-11255,-13475,6593,1165,-2001,-990,running,0.00,0,0,0,0,0
1779747254306,-11699,-13367,10303,532,-2159,-919,running,0.00,0,0,0,0,0
1779747254330,-11772,-15762,12571,-168,-2254,-1212,running,0.00,0,0,0,0,0
1779747254331,-11250,-15405,13243,-738,-2241,-1415,running,0.00,0,0,0,0,0
1779747254361,-11661,-13796,13759,-1188,-2189,-1846,running,0.00,0,0,0,0,0
1779747254362,-10022,-13214,13753,-1293,-1927,-2577,running,0.00,0,0,0,0,0
1779747254362,-9470,-11484,15867,-1185,-1633,-2997,running,0.00,0,0,0,0,0
1779747254363,-11264,-9398,10415,-1257,-1144,-2578,running,0.00,0,0,0,0,0
1779747254389,-14387,-5770,11962,-1004,-762,-2513,running,0.00,0,0,0,0,0
1779747254390,-4783,-7913,8201,-1040,27,-3630,running,0.00,0,0,0,0,0
1779747254420,-5022,-10923,4280,-1053,-376,-2889,running,0.00,0,0,0,0,0
1779747254420,-17529,-5536,1999,-2638,-271,-2770,running,0.00,0,0,0,0,0
1779747254421,-20163,2017,5905,-3516,777,-4692,running,0.00,0,0,0,0,0
1779747254421,-20325,18657,10523,-3559,1908,-5225,running,0.00,0,0,0,0,0
1779747254449,-26651,32767,10779,-3364,3388,-5214,running,0.00,0,0,0,0,0
1779747254450,-32345,32767,-2443,-3288,3728,-5048,running,0.00,0,0,0,0,0
1779747254486,-32564,32478,1169,-2909,3082,-4143,running,0.00,0,0,0,0,0
1779747254491,-32740,32767,8302,-2613,2749,-3107,running,0.00,0,0,0,0,0
1779747254492,-32768,32767,3837,-4254,2889,-2332,running,0.00,0,0,0,0,0
1779747254492,-32765,32762,280,-5514,2571,-2110,running,0.00,0,0,0,0,0
1779747254508,-32767,32766,3083,-5590,2253,-1625,running,0.00,0,0,0,0,0
1779747254509,-32086,32767,2764,-4198,2662,-609,running,0.00,0,0,0,0,0
1779747254538,-25123,32767,2431,-2937,2721,-46,running,0.00,0,0,0,0,0
1779747254539,-18891,29670,3127,-2150,2627,354,running,0.00,0,0,0,0,0
1779747254539,-10811,24137,2968,-1297,2746,449,running,0.00,0,0,0,0,0
1779747254540,-3229,20554,3371,-903,2548,281,running,0.00,0,0,0,0,0
1779747254570,50,17063,4129,-938,2224,373,running,0.00,0,0,0,0,0
1779747254573,2378,17583,1969,-1265,2017,598,running,0.00,0,0,0,0,0
1779747254599,3854,17807,400,-1675,1743,242,running,0.00,0,0,0,0,0
1779747254599,1193,18096,353,-1246,1798,424,running,0.00,0,0,0,0,0
1779747254600,1448,18643,-1540,-546,1906,782,running,0.00,0,0,0,0,0
1779747254601,3426,13754,-1721,-20,1874,735,running,0.00,0,0,0,0,0
1779747254629,4624,9329,-2441,493,1963,691,running,0.00,0,0,0,0,0
1779747254629,6954,5803,-3139,1050,2015,683,running,0.00,0,0,0,0,0
1779747254658,10418,3484,-1643,1262,1801,745,running,0.00,0,0,0,0,0
1779747254658,11657,2465,-1590,1157,1491,956,running,0.00,0,0,0,0,0
1779747254659,10811,2574,-1857,964,1381,1129,running,0.00,0,0,0,0,0
1779747254659,10836,1980,-1126,900,1295,1117,running,0.00,0,0,0,0,0
1779747254689,11348,769,-933,822,1188,1035,running,0.00,0,0,0,0,0
1779747254692,10966,-111,-414,656,1061,973,running,0.00,0,0,0,0,0
1779747254718,9641,394,115,401,900,1008,running,0.00,0,0,0,0,0
1779747254719,9061,778,29,172,711,1000,running,0.00,0,0,0,0,0
1779747254720,8837,1030,-732,-2,571,926,running,0.00,0,0,0,0,0
1779747254721,6796,2797,-921,-41,453,971,running,0.00,0,0,0,0,0
1779747254749,5944,4155,-1409,28,424,917,running,0.00,0,0,0,0,0
1779747254753,5556,6247,-707,202,167,719,running,0.00,0,0,0,0,0
1779747254780,5261,8022,62,150,-161,625,running,0.00,0,0,0,0,0
1779747254780,3920,9691,-72,-233,-391,825,running,0.00,0,0,0,0,0
1779747254781,497,12283,-486,-123,-513,1061,running,0.00,0,0,0,0,0
1779747254781,-582,15807,2213,168,-655,1141,running,0.00,0,0,0,0,0
1779747254811,-287,22374,2073,467,-780,1670,running,0.00,0,0,0,0,0
1779747254812,-1635,27829,1428,489,-1035,2436,running,0.00,0,0,0,0,0
1779747254840,-2435,32767,-325,548,-1567,3207,running,0.00,0,0,0,0,0
1779747254841,-2412,32700,-400,496,-1951,3210,running,0.00,0,0,0,0,0
1779747254841,-7923,32752,1655,308,-2297,3059,running,0.00,0,0,0,0,0
1779747254842,-18355,32767,3373,655,-2265,2840,running,0.00,0,0,0,0,0
1779747254870,-29438,32766,3787,1086,-2057,2501,running,0.00,0,0,0,0,0
1779747254870,-32768,32766,2425,1199,-1700,2800,running,0.00,0,0,0,0,0
1779747254899,-32768,32767,2355,1318,-1720,3630,running,0.00,0,0,0,0,0
1779747254899,-32677,32548,1859,1665,-1735,3762,running,0.00,0,0,0,0,0
1779747254900,-32212,28490,1021,1960,-1709,3737,running,0.00,0,0,0,0,0
1779747254900,-27450,24100,846,1824,-1753,3896,running,0.00,0,0,0,0,0
1779747254930,-20223,19727,-574,1592,-1620,4073,running,0.00,0,0,0,0,0
1779747254931,-17867,12928,-2484,841,-1830,3339,running,0.00,0,0,0,0,0
1779747254959,-10652,5546,-1280,-204,-2526,2388,running,0.00,0,0,0,0,0
1779747254960,-9974,10629,-2126,-226,-2998,2528,running,0.00,0,0,0,0,0
1779747254961,-14319,6567,1250,389,-2943,2325,running,0.00,0,0,0,0,0
1779747254962,-4824,2311,-2451,787,-2458,1824,running,0.00,0,0,0,0,0
1779747254992,-5588,6012,-2204,1320,-2385,1309,running,0.00,0,0,0,0,0
1779747254992,-5256,1334,512,2173,-2198,651,running,0.00,0,0,0,0,0
1779747255021,-3334,-4327,935,2314,-2016,183,running,0.00,0,0,0,0,0
1779747255028,-5939,-4382,2433,2489,-1905,-117,running,0.00,0,0,0,0,0
1779747255029,-7894,-7339,3996,2700,-1745,-499,running,0.00,0,0,0,0,0
1779747255030,-8791,-12143,4879,2625,-1561,-877,running,0.00,0,0,0,0,0
1779747255049,-8826,-16349,4577,2433,-1517,-967,running,0.00,0,0,0,0,0
1779747255050,-10277,-18074,4402,1739,-1787,-1038,running,0.00,0,0,0,0,0
1779747255079,-12538,-18948,4984,743,-1916,-1212,running,0.00,0,0,0,0,0
1779747255079,-13597,-19873,4845,-112,-1704,-1257,running,0.00,0,0,0,0,0
1779747255079,-16281,-17897,4088,-1352,-1911,-1356,running,0.00,0,0,0,0,0
1779747255080,-18161,-11925,4506,-1855,-1693,-1639,running,0.00,0,0,0,0,0
1779747255109,-17588,-6807,5121,-1621,-1094,-2411,running,0.00,0,0,0,0,0
1779747255109,-18337,-4399,6504,-1221,-614,-3278,running,0.00,0,0,0,0,0
1779747255138,-16437,-1532,6390,-1053,-249,-3687,running,0.00,0,0,0,0,0
1779747255139,-18822,-4185,13168,-1464,-68,-3667,running,0.00,0,0,0,0,0
1779747255139,-19979,-2293,2076,-1652,1346,-4000,running,0.00,0,0,0,0,0
1779747255140,-21642,3938,3754,-1049,1399,-4457,running,0.00,0,0,0,0,0
1779747255169,-21543,3117,3738,-1827,1448,-4771,running,0.00,0,0,0,0,0
1779747255170,-22347,3699,5009,-2406,1782,-4814,running,0.00,0,0,0,0,0
1779747255202,-24064,9279,3853,-2713,2240,-4408,running,0.00,0,0,0,0,0
1779747255203,-25427,15001,4269,-2804,2701,-4166,running,0.00,0,0,0,0,0
1779747255203,-25720,22386,4629,-2571,3079,-4141,running,0.00,0,0,0,0,0
1779747255204,-25970,30038,4027,-2517,2898,-4374,running,0.00,0,0,0,0,0
1779747255230,-29455,32767,4157,-3136,2615,-4609,running,0.00,0,0,0,0,0
1779747255231,-32768,32767,1405,-3045,2672,-4441,running,0.00,0,0,0,0,0
1779747255259,-32768,32725,-3263,-3201,2586,-4164,running,0.00,0,0,0,0,0
1779747255263,-32700,32765,-5307,-3905,2067,-3579,running,0.00,0,0,0,0,0
1779747255264,-32768,32767,-1899,-3954,1956,-2733,running,0.00,0,0,0,0,0
1779747255264,-31954,32766,1299,-2905,2447,-1966,running,0.00,0,0,0,0,0
1779747255290,-23126,32767,2893,-2336,2611,-1542,running,0.00,0,0,0,0,0
1779747255291,-14640,32563,2155,-2277,2632,-1376,running,0.00,0,0,0,0,0
1779747255322,-8369,27309,569,-2311,2651,-1741,running,0.00,0,0,0,0,0
1779747255323,-3543,21416,633,-2656,1848,-2174,running,0.00,0,0,0,0,0
1779747255323,1356,23980,1595,-3319,1135,-1410,running,0.00,0,0,0,0,0
1779747255324,5059,24579,-1978,-2961,1103,-570,running,0.00,0,0,0,0,0
1779747255355,3848,22634,-363,-2677,713,-141,running,0.00,0,0,0,0,0
1779747255355,2575,18476,-665,-2662,404,97,running,0.00,0,0,0,0,0
1779747255381,2022,16994,-2530,-2147,480,424,running,0.00,0,0,0,0,0
1779747255382,3780,15551,-2832,-1462,660,573,running,0.00,0,0,0,0,0
1779747255382,6539,12233,-1979,-977,400,511,running,0.00,0,0,0,0,0
1779747255383,8972,10119,-3272,-563,290,677,running,0.00,0,0,0,0,0
1779747255409,11205,9715,-3533,-170,429,958,running,0.00,0,0,0,0,0
1779747255410,12875,10418,-3234,274,489,1149,running,0.00,0,0,0,0,0
1779747255440,11017,7126,-2882,611,427,1237,running,0.00,0,0,0,0,0
1779747255441,10568,6141,-3344,980,412,1342,running,0.00,0,0,0,0,0
1779747255441,10044,7175,-2976,1346,365,1405,running,0.00,0,0,0,0,0
1779747255442,8682,5732,-1864,1567,345,1313,running,0.00,0,0,0,0,0
1779747255469,8967,2765,-805,1722,262,1169,running,0.00,0,0,0,0,0
1779747255469,10184,1127,-828,1876,155,1230,running,0.00,0,0,0,0,0
1779747255500,8920,1782,27,1912,-9,1419,running,0.00,0,0,0,0,0
1779747255502,7749,1002,2159,1736,-317,1571,running,0.00,0,0,0,0,0
1779747255503,7100,1325,1162,1508,-474,1864,running,0.00,0,0,0,0,0
1779747255503,6976,2559,93,860,-919,1942,running,0.00,0,0,0,0,0
1779747255529,5350,5074,-1231,135,-1453,1894,running,0.00,0,0,0,0,0
1779747255529,1676,10405,-1148,-357,-1801,1979,running,0.00,0,0,0,0,0
1779747255560,-357,15025,-1574,-383,-1981,1994,running,0.00,0,0,0,0,0
1779747255561,-3394,21956,-1972,81,-2005,2177,running,0.00,0,0,0,0,0
1779747255561,-5152,26897,-181,571,-2022,2269,running,0.00,0,0,0,0,0
1779747255562,-5826,32469,-101,1078,-2021,2673,running,0.00,0,0,0,0,0
1779747255591,-9047,32767,-1197,1119,-2201,3050,running,0.00,0,0,0,0,0
1779747255591,-12044,32686,-3542,1205,-2143,3222,running,0.00,0,0,0,0,0
1779747255620,-16939,32749,-4002,1181,-2082,3063,running,0.00,0,0,0,0,0
1779747255620,-25158,32767,-1448,808,-1900,2683,running,0.00,0,0,0,0,0
1779747255620,-32768,32766,1111,817,-1480,2550,running,0.00,0,0,0,0,0
1779747255621,-32768,32766,2763,854,-1149,2696,running,0.00,0,0,0,0,0
1779747255648,-32701,32767,2874,594,-1232,3208,running,0.00,0,0,0,0,0
1779747255649,-32763,27785,4383,64,-1585,3724,running,0.00,0,0,0,0,0
1779747255678,-32651,26887,-925,-269,-1621,3802,running,0.00,0,0,0,0,0
1779747255679,-27937,25326,-1136,-715,-1958,4019,running,0.00,0,0,0,0,0
1779747255679,-22248,26148,-1970,-952,-2311,4025,running,0.00,0,0,0,0,0
1779747255680,-21039,22493,-186,-745,-2626,3092,running,0.00,0,0,0,0,0
1779747255712,-19275,17921,1064,142,-2423,2690,running,0.00,0,0,0,0,0
1779747255713,-17417,12689,-158,1366,-2083,2544,running,0.00,0,0,0,0,0
1779747255739,-14661,5115,-608,2447,-1826,2239,running,0.00,0,0,0,0,0
1779747255739,-12285,-809,-10,2939,-1623,1905,running,0.00,0,0,0,0,0
1779747255740,-7419,-3234,-1196,3303,-1426,1376,running,0.00,0,0,0,0,0
1779747255741,-2057,-7202,-1947,3314,-1537,790,running,0.00,0,0,0,0,0
1779747255769,-2972,-11639,-479,2807,-1847,299,running,0.00,0,0,0,0,0
1779747255773,-4967,-12996,705,2394,-1873,-149,running,0.00,0,0,0,0,0
1779747255799,-6034,-11190,491,2410,-1699,-401,running,0.00,0,0,0,0,0
1779747255800,-7576,-10877,1804,2771,-1570,-330,running,0.00,0,0,0,0,0
1779747255801,-9648,-12061,3007,2873,-1572,-87,running,0.00,0,0,0,0,0
1779747255801,-10863,-14060,3364,2880,-1452,19,running,0.00,0,0,0,0,0
1779747255829,-12524,-14985,4782,2149,-1628,-481,running,0.00,0,0,0,0,0
1779747255829,-14308,-17595,7730,1187,-1489,-1976,running,0.00,0,0,0,0,0
1779747255859,-13035,-15809,8777,981,-801,-2861,running,0.00,0,0,0,0,0
1779747255860,-10288,-12182,6502,838,-185,-2906,running,0.00,0,0,0,0,0
1779747255860,-12102,-11366,7561,477,-514,-2952,running,0.00,0,0,0,0,0
1779747255860,-11815,-10860,8829,-86,-676,-2994,running,0.00,0,0,0,0,0
1779747255889,-11344,-9741,5111,-593,-377,-3088,running,0.00,0,0,0,0,0
1779747255892,-12428,-8815,6529,-993,-513,-3222,running,0.00,0,0,0,0,0
1779747255919,-17220,-5950,6378,-938,-531,-2184,running,0.00,0,0,0,0,0
1779747255920,-17220,-5950,6378,-938,-531,-2184,running,0.00,0,0,0,0,0
1779747255920,-18208,-2654,8125,-944,-436,-1695,running,0.00,0,0,0,0,0
1779747255921,-22660,17212,1766,51,2167,-2701,running,0.00,0,0,0,0,0
1779747255954,-25024,14130,11921,-582,1571,-5490,running,0.00,0,0,0,0,0
1779747255954,-29791,26239,2698,-1312,2677,-6414,running,0.00,0,0,0,0,0
1779747255979,-30058,32767,-8558,-1292,2612,-7428,running,0.00,0,0,0,0,0
1779747255980,-32662,32767,-6604,-2821,1589,-7593,running,0.00,0,0,0,0,0
1779747255980,-32768,31543,-11512,-3596,1630,-7183,running,0.00,0,0,0,0,0
1779747255981,-32721,31222,-13925,-4267,1850,-4932,running,0.00,0,0,0,0,0
1779747256011,-32760,32767,-14523,-4426,1467,-3431,running,0.00,0,0,0,0,0
1779747256012,-31554,32767,-9120,-3956,1403,-2869,running,0.00,0,0,0,0,0
1779747256039,-24091,32731,-8518,-3431,1439,-1494,running,0.00,0,0,0,0,0
1779747256039,-23422,32090,-7205,-2757,1409,-532,running,0.00,0,0,0,0,0
1779747256040,-17266,30381,-4399,-2985,1351,-905,running,0.00,0,0,0,0,0
1779747256040,-5990,30108,-8119,-2747,1385,-1042,running,0.00,0,0,0,0,0
1779747256070,-3632,24912,-5216,-2693,1232,-974,running,0.00,0,0,0,0,0
1779747256071,-221,16375,-4155,-2595,1527,-953,running,0.00,0,0,0,0,0
1779747256103,6114,15194,-5976,-3159,1502,-1159,running,0.00,0,0,0,0,0
1779747256104,4637,15273,-4126,-3392,935,-1101,running,0.00,0,0,0,0,0
1779747256107,1287,14430,-3356,-3195,720,-891,running,0.00,0,0,0,0,0
1779747256108,1994,12475,-3015,-2591,1005,-757,running,0.00,0,0,0,0,0
1779747256129,3950,12667,-4505,-2273,999,-476,running,0.00,0,0,0,0,0
1779747256130,5125,11225,-5172,-1511,1344,-656,running,0.00,0,0,0,0,0
1779747256158,10548,8313,-4178,-918,913,-1220,running,0.00,0,0,0,0,0
1779747256159,15311,5679,-3883,-690,983,-1087,running,0.00,0,0,0,0,0
1779747256159,12891,10205,-3823,-499,1007,-221,running,0.00,0,0,0,0,0
1779747256160,9673,7791,-844,-883,543,110,running,0.00,0,0,0,0,0
1779747256189,13634,4565,-3948,-858,676,-70,running,0.00,0,0,0,0,0
1779747256190,15606,7305,-4233,-500,635,142,running,0.00,0,0,0,0,0
1779747256218,11613,5267,-642,-581,172,412,running,0.00,0,0,0,0,0
1779747256219,11957,5811,-3277,-764,280,846,running,0.00,0,0,0,0,0
1779747256219,11234,6751,-3032,-534,321,1170,running,0.00,0,0,0,0,0
1779747256220,12026,7430,-2296,-314,392,1278,running,0.00,0,0,0,0,0
1779747256249,12479,6855,-1322,-167,268,1381,running,0.00,0,0,0,0,0
1779747256250,10815,6821,-649,-410,-12,1454,running,0.00,0,0,0,0,0
1779747256278,10944,8184,-173,-611,-184,1444,running,0.00,0,0,0,0,0
1779747256279,9171,10268,-530,-534,-429,1590,running,0.00,0,0,0,0,0
1779747256279,6622,13251,-616,-494,-694,1816,running,0.00,0,0,0,0,0
1779747256280,4480,17424,-268,-361,-907,2011,running,0.00,0,0,0,0,0
1779747256309,1126,22264,-416,-81,-1076,2290,running,0.00,0,0,0,0,0
1779747256310,-1961,27433,437,255,-1260,2637,running,0.00,0,0,0,0,0
1779747256340,-4288,32650,2093,653,-1431,3087,running,0.00,0,0,0,0,0
1779747256342,-7307,32767,1873,920,-1631,3566,running,0.00,0,0,0,0,0
1779747256348,-10839,32689,-532,876,-1967,3959,running,0.00,0,0,0,0,0
1779747256349,-17686,32755,-1494,517,-2313,4087,running,0.00,0,0,0,0,0
1779747256371,-28991,32767,-51,431,-2287,4079,running,0.00,0,0,0,0,0
1779747256371,-32768,32766,4042,394,-2039,4093,running,0.00,0,0,0,0,0
1779747256399,-32768,32767,5645,1,-1928,4228,running,0.00,0,0,0,0,0
1779747256402,-32668,32767,6068,201,-2033,4802,running,0.00,0,0,0,0,0
1779747256403,-32768,31252,6467,387,-2446,4717,running,0.00,0,0,0,0,0
1779747256404,-32768,16305,6863,102,-2522,4063,running,0.00,0,0,0,0,0
1779747256431,-29963,19838,-436,-80,-2509,4578,running,0.00,0,0,0,0,0
1779747256431,-27275,23462,-936,-418,-3014,4143,running,0.00,0,0,0,0,0
1779747256459,-21486,14327,1578,-108,-3335,3213,running,0.00,0,0,0,0,0
1779747256461,-18037,8876,701,704,-3417,3147,running,0.00,0,0,0,0,0
1779747256462,-18883,12303,506,1719,-3363,2980,running,0.00,0,0,0,0,0
1779747256463,-14501,6131,-958,2888,-2977,1964,running,0.00,0,0,0,0,0
1779747256489,-12837,739,-505,3298,-2976,596,running,0.00,0,0,0,0,0
1779747256490,-8722,-9240,1605,3820,-2546,-364,running,0.00,0,0,0,0,0
1779747256522,-3010,-10125,-1149,4875,-1802,625,running,0.00,0,0,0,0,0
1779747256523,-2378,-5361,-1699,4862,-2080,1854,running,0.00,0,0,0,0,0
1779747256523,-5695,-10183,2525,4698,-2623,2056,running,0.00,0,0,0,0,0
1779747256523,-8618,-12743,4644,4556,-2630,2084,running,0.00,0,0,0,0,0
1779747256550,-8824,-16880,4938,3541,-2329,951,running,0.00,0,0,0,0,0
1779747256551,-9163,-19011,5209,2535,-2209,-435,running,0.00,0,0,0,0,0
1779747256587,-10757,-17724,5249,1682,-2117,-931,running,0.00,0,0,0,0,0
1779747256587,-12372,-16997,5759,885,-2133,-1190,running,0.00,0,0,0,0,0
1779747256588,-14779,-15365,7850,417,-1950,-1188,running,0.00,0,0,0,0,0
1779747256590,-15245,-13296,7035,210,-1317,-1386,running,0.00,0,0,0,0,0
1779747256608,-13345,-10389,7538,-51,-916,-1736,running,0.00,0,0,0,0,0
1779747256608,-12792,-6670,7495,-306,-455,-2133,running,0.00,0,0,0,0,0
1779747256641,-12338,-4041,6537,-182,178,-2607,running,0.00,0,0,0,0,0
1779747256641,-11370,-4925,3395,258,705,-2805,running,0.00,0,0,0,0,0
1779747256642,-9966,3804,6882,952,226,-1963,running,0.00,0,0,0,0,0
1779747256642,-11950,647,6288,1090,724,-2992,running,0.00,0,0,0,0,0
1779747256669,-15992,-4624,8165,898,1281,-3858,running,0.00,0,0,0,0,0
1779747256669,-19638,-1025,2124,566,1495,-4287,running,0.00,0,0,0,0,0
1779747256700,-20322,-2220,2556,75,1228,-5139,running,0.00,0,0,0,0,0
1779747256701,-23037,5980,3911,-809,1206,-5119,running,0.00,0,0,0,0,0
1779747256702,-28126,15136,3712,-1562,1289,-5761,running,0.00,0,0,0,0,0
1779747256703,-30811,19551,5712,-3251,1081,-6865,running,0.00,0,0,0,0,0
1779747256729,-32768,28304,1072,-4910,1486,-7312,running,0.00,0,0,0,0,0
1779747256729,-32768,32767,-15166,-5077,1653,-7893,running,0.00,0,0,0,0,0
1779747256760,-32732,32767,-14738,-5865,1084,-7782,running,0.00,0,0,0,0,0
1779747256760,-32767,32665,-27968,-5944,1430,-6108,running,0.00,0,0,0,0,0
1779747256761,-32483,31738,-14757,-4745,1074,-4694,running,0.00,0,0,0,0,0
1779747256761,-32472,31603,-18638,-3856,1665,-4147,running,0.00,0,0,0,0,0
1779747256789,-32768,32767,-16569,-3357,2145,-4146,running,0.00,0,0,0,0,0
1779747256789,-25557,32767,-12209,-1961,2128,-2883,running,0.00,0,0,0,0,0
1779747256826,-17339,31847,-11509,-1368,1952,-1601,running,0.00,0,0,0,0,0
1779747256827,-13499,26610,-6326,-1641,1510,-1463,running,0.00,0,0,0,0,0
1779747256829,-8466,24348,-4628,-1896,1677,-918,running,0.00,0,0,0,0,0
1779747256829,-2895,23827,-5458,-1672,1843,-281,running,0.00,0,0,0,0,0
1779747256848,4821,21357,-2883,-1664,1564,-255,running,0.00,0,0,0,0,0
1779747256849,7081,16556,-216,-2288,1130,-129,running,0.00,0,0,0,0,0
1779747256881,5533,16097,-1560,-2993,1051,242,running,0.00,0,0,0,0,0
1779747256882,11821,14626,-623,-3206,936,-125,running,0.00,0,0,0,0,0
1779747256883,16580,14630,-1345,-3292,755,-272,running,0.00,0,0,0,0,0
1779747256883,8703,10566,150,-2855,597,-382,running,0.00,0,0,0,0,0
1779747256912,7449,11164,-368,-2110,896,-56,running,0.00,0,0,0,0,0
1779747256913,16000,11588,-3182,-1464,1273,484,running,0.00,0,0,0,0,0
1779747256941,23535,10884,-1028,-1605,853,798,running,0.00,0,0,0,0,0
1779747256942,14739,6001,-1949,-1732,387,336,running,0.00,0,0,0,0,0
1779747256942,2493,4077,-2276,-1433,537,-661,running,0.00,0,0,0,0,0
1779747256943,5178,6594,-2062,-769,864,-1515,running,0.00,0,0,0,0,0
1779747256968,12232,10259,-940,-683,644,-960,running,0.00,0,0,0,0,0
1779747256969,16840,11018,357,-482,412,783,running,0.00,0,0,0,0,0
1779747257000,12808,11750,777,-21,332,2283,running,0.00,0,0,0,0,0
1779747257002,6663,9470,2163,392,159,2270,running,0.00,0,0,0,0,0
1779747257003,3708,7081,841,474,21,1785,running,0.00,0,0,0,0,0
1779747257003,3245,6832,1041,-18,82,1094,running,0.00,0,0,0,0,0
1779747257032,3245,6832,1041,-18,82,1094,running,0.00,0,0,0,0,0
1779747257032,300,21712,-410,18,-955,2843,running,0.00,0,0,0,0,0
1779747257059,-3729,23926,-1079,315,-1240,3520,running,0.00,0,0,0,0,0
1779747257060,-6105,22676,201,553,-1184,4169,running,0.00,0,0,0,0,0
1779747257060,-5697,23508,2049,585,-1169,4737,running,0.00,0,0,0,0,0
1779747257061,-5235,27765,3974,162,-1646,4930,running,0.00,0,0,0,0,0
1779747257091,-2783,32645,3089,-536,-2259,4940,running,0.00,0,0,0,0,0
1779747257092,-6072,32767,3818,-1168,-2917,4951,running,0.00,0,0,0,0,0
1779747257118,-16114,32695,5935,-1132,-3235,4779,running,0.00,0,0,0,0,0
1779747257119,-25302,32755,9254,-556,-3103,4383,running,0.00,0,0,0,0,0
1779747257120,-32414,32767,9210,-444,-2944,3921,running,0.00,0,0,0,0,0
1779747257120,-32768,32766,7593,-328,-2936,3989,running,0.00,0,0,0,0,0
1779747257150,-32677,32767,6968,348,-2833,4067,running,0.00,0,0,0,0,0
1779747257150,-32747,32133,2865,1070,-2518,4075,running,0.00,0,0,0,0,0
1779747257180,-31367,30814,2495,1142,-2594,4553,running,0.00,0,0,0,0,0
1779747257211,-26434,28597,808,911,-2657,4346,running,0.00,0,0,0,0,0
1779747257212,-20051,20170,-1787,665,-2691,3778,running,0.00,0,0,0,0,0
1779747257212,-17317,16197,-1465,80,-3002,3248,running,0.00,0,0,0,0,0
1779747257213,-18086,14275,-1846,42,-3374,3008,running,0.00,0,0,0,0,0
1779747257213,-16068,10652,-2339,36,-3405,2189,running,0.00,0,0,0,0,0
1779747257214,-9016,7092,-4851,220,-3275,1273,running,0.00,0,0,0,0,0
1779747257239,-8975,10078,-4078,725,-3664,1239,running,0.00,0,0,0,0,0
1779747257240,-10894,8370,-3696,1490,-3653,1071,running,0.00,0,0,0,0,0
1779747257275,-9659,4780,-2562,2402,-3420,787,running,0.00,0,0,0,0,0
1779747257276,-7087,-28,-3800,3466,-3169,817,running,0.00,0,0,0,0,0
1779747257276,-7597,-4271,620,3748,-3294,730,running,0.00,0,0,0,0,0
1779747257277,-8421,-6803,2658,4334,-2865,443,running,0.00,0,0,0,0,0
1779747257299,-7868,-11949,4077,4802,-2589,149,running,0.00,0,0,0,0,0
1779747257301,-8156,-16804,4985,4475,-2682,54,running,0.00,0,0,0,0,0
1779747257329,-10884,-19102,4224,3982,-2921,212,running,0.00,0,0,0,0,0
1779747257331,-14829,-21607,6288,3356,-3081,387,running,0.00,0,0,0,0,0
1779747257332,-17182,-21827,8124,2049,-2889,252,running,0.00,0,0,0,0,0
1779747257332,-18274,-19615,7100,473,-2435,-476,running,0.00,0,0,0,0,0
1779747257358,-15615,-15879,5564,-683,-1758,-1438,running,0.00,0,0,0,0,0
1779747257360,-12491,-12572,5430,-1150,-1120,-2099,running,0.00,0,0,0,0,0
1779747257389,-10700,-9533,5693,-1526,-551,-2201,running,0.00,0,0,0,0,0
1779747257390,-9610,-6837,4083,-1720,-324,-1976,running,0.00,0,0,0,0,0
1779747257391,-11372,-11021,11357,-1866,-33,-1405,running,0.00,0,0,0,0,0
1779747257391,-13510,2367,9137,-2215,1515,-423,running,0.00,0,0,0,0,0
1779747257419,-13657,8160,2144,-2545,1766,-1918,running,0.00,0,0,0,0,0
1779747257420,-14110,2864,6703,-2417,1935,-3666,running,0.00,0,0,0,0,0
1779747257449,-12947,7916,5320,-2980,2746,-3692,running,0.00,0,0,0,0,0
1779747257450,-15651,15885,3808,-3858,3269,-3642,running,0.00,0,0,0,0,0
1779747257450,-17558,24505,6635,-4166,3786,-3796,running,0.00,0,0,0,0,0
1779747257451,-17381,32483,7629,-4033,3990,-3713,running,0.00,0,0,0,0,0
1779747257479,-19007,32767,8807,-3844,3725,-3679,running,0.00,0,0,0,0,0
1779747257483,-26245,32657,8454,-3760,3349,-3979,running,0.00,0,0,0,0,0
1779747257510,-28336,32746,2664,-4068,3205,-3930,running,0.00,0,0,0,0,0
1779747257511,-32768,32767,-3087,-4495,3168,-2824,running,0.00,0,0,0,0,0
1779747257511,-30118,32766,-7950,-3494,3213,-3128,running,0.00,0,0,0,0,0
1779747257512,-24854,32766,-1199,-3164,2488,-2628,running,0.00,0,0,0,0,0
1779747257539,-20265,32336,-2682,-2494,2589,-1873,running,0.00,0,0,0,0,0
1779747257542,-7673,31858,-3184,-2197,2390,-1811,running,0.00,0,0,0,0,0
1779747257569,-4561,30664,-2412,-1773,1684,-963,running,0.00,0,0,0,0,0
1779747257569,-4149,29010,-2420,-1422,1344,-447,running,0.00,0,0,0,0,0
1779747257570,412,27129,-2535,-1503,1165,-574,running,0.00,0,0,0,0,0
1779747257571,1119,24233,-1752,-1419,932,-711,running,0.00,0,0,0,0,0
1779747257607,3476,21592,-1908,-1119,1017,-575,running,0.00,0,0,0,0,0
1779747257607,3431,19452,-2074,-580,1045,-230,running,0.00,0,0,0,0,0
1779747257629,2786,16052,-1437,60,1079,-63,running,0.00,0,0,0,0,0
1779747257630,5004,12636,-1692,622,1147,-222,running,0.00,0,0,0,0,0
1779747257630,6849,9331,-1692,868,1070,-417,running,0.00,0,0,0,0,0
1779747257630,7369,6846,-1535,709,814,-541,running,0.00,0,0,0,0,0
1779747257662,7051,5989,-2445,441,677,-424,running,0.00,0,0,0,0,0
1779747257663,5995,4077,-1355,246,547,-258,running,0.00,0,0,0,0,0
1779747257690,6017,3577,-1693,-61,580,-71,running,0.00,0,0,0,0,0
1779747257691,8394,3227,-2828,-154,599,9,running,0.00,0,0,0,0,0
1779747257692,10992,3716,-1615,13,407,285,running,0.00,0,0,0,0,0
1779747257692,8993,5383,-1308,49,313,650,running,0.00,0,0,0,0,0
1779747257720,7831,5324,-1491,164,423,728,running,0.00,0,0,0,0,0
1779747257720,8713,5307,-1612,343,477,857,running,0.00,0,0,0,0,0
1779747257749,8215,4889,-1744,347,407,1100,running,0.00,0,0,0,0,0
1779747257750,7744,4002,-1167,164,323,1134,running,0.00,0,0,0,0,0
1779747257750,8149,3414,-155,15,279,1119,running,0.00,0,0,0,0,0
1779747257751,7247,4215,177,-189,314,1106,running,0.00,0,0,0,0,0
1779747257779,6143,5182,1095,-450,344,881,running,0.00,0,0,0,0,0
1779747257780,6318,7737,2530,-477,74,759,running,0.00,0,0,0,0,0
1779747257809,5706,9633,2228,-516,-253,871,running,0.00,0,0,0,0,0
1779747257810,4385,13576,3369,-759,-683,1200,running,0.00,0,0,0,0,0
1779747257810,2861,17851,4513,-677,-1042,1267,running,0.00,0,0,0,0,0
1779747257811,-312,24549,5659,-77,-1412,1485,running,0.00,0,0,0,0,0
1779747257840,-1209,26069,6120,519,-1625,1568,running,0.00,0,0,0,0,0
1779747257841,461,31533,7978,282,-1687,2071,running,0.00,0,0,0,0,0
1779747257869,2168,32767,7573,324,-2060,2325,running,0.00,0,0,0,0,0
1779747257869,1160,32714,6714,-101,-2876,2500,running,0.00,0,0,0,0,0
1779747257870,-11590,32727,8600,-746,-2766,2131,running,0.00,0,0,0,0,0
1779747257871,-19284,32767,10608,198,-2198,696,running,0.00,0,0,0,0,0
1779747257899,-28617,32767,10720,556,-3074,-264,running,0.00,0,0,0,0,0
1779747257900,-32768,32766,10065,-859,-3504,1125,running,0.00,0,0,0,0,0
1779747257939,-32768,32767,8777,-315,-2960,3731,running,0.00,0,0,0,0,0
1779747257939,-32658,32550,7285,1417,-2386,4431,running,0.00,0,0,0,0,0
1779747257940,-29985,26030,3392,2168,-1883,3426,running,0.00,0,0,0,0,0
1779747257944,-20198,18703,744,1713,-2088,2931,running,0.00,0,0,0,0,0
1779747257959,-16893,17049,-128,652,-2688,2837,running,0.00,0,0,0,0,0
1779747257960,-17224,15662,-476,178,-2939,2361,running,0.00,0,0,0,0,0
1779747257989,-15076,15096,-733,373,-2900,1922,running,0.00,0,0,0,0,0
1779747257989,-13893,13126,-620,835,-2825,1626,running,0.00,0,0,0,0,0
1779747257990,-12841,10213,-798,1249,-2746,1160,running,0.00,0,0,0,0,0
1779747257991,-9308,4396,-939,1495,-2762,575,running,0.00,0,0,0,0,0
1779747258019,-11541,5683,-2583,1631,-2768,73,running,0.00,0,0,0,0,0
1779747258020,-9240,1986,-2053,2026,-2506,-312,running,0.00,0,0,0,0,0
1779747258049,-7944,409,-2290,2561,-2218,-231,running,0.00,0,0,0,0,0
1779747258050,-8096,-2005,-535,3056,-2020,-130,running,0.00,0,0,0,0,0
1779747258050,-8241,-7349,1690,3248,-1869,-182,running,0.00,0,0,0,0,0
1779747258053,-8128,-11150,2446,3085,-1751,-203,running,0.00,0,0,0,0,0
1779747258079,-8774,-13070,2968,2771,-1629,-50,running,0.00,0,0,0,0,0
1779747258080,-9900,-16399,4864,2496,-1324,26,running,0.00,0,0,0,0,0
1779747258112,-8018,-12413,1990,1300,-1186,59,running,0.00,0,0,0,0,0
1779747258113,-9695,-11539,2233,789,-1504,-249,running,0.00,0,0,0,0,0
1779747258113,-11042,-11348,2741,357,-1300,-738,running,0.00,0,0,0,0,0
1779747258114,-8100,-4611,719,-517,-761,-1518,running,0.00,0,0,0,0,0
1779747258139,-10785,-2566,1696,-277,-330,-1602,running,0.00,0,0,0,0,0
1779747258140,-12879,-2055,3620,-208,110,-1816,running,0.00,0,0,0,0,0
1779747258172,-11231,-1884,2807,-559,845,-1935,running,0.00,0,0,0,0,0
1779747258173,-7594,-888,3908,-877,714,-2008,running,0.00,0,0,0,0,0
1779747258173,-13581,-164,3256,-1688,731,-2049,running,0.00,0,0,0,0,0
1779747258174,-18569,5652,1697,-1239,1699,-2117,running,0.00,0,0,0,0,0
1779747258202,-16938,7395,4180,-981,2152,-2347,running,0.00,0,0,0,0,0
1779747258202,-16089,14039,1386,-1329,2517,-2119,running,0.00,0,0,0,0,0
1779747258231,-17027,22006,2475,-1193,2822,-2056,running,0.00,0,0,0,0,0
1779747258232,-18606,27912,6707,-1107,3326,-2323,running,0.00,0,0,0,0,0
1779747258232,-18894,32549,5079,-911,3806,-2627,running,0.00,0,0,0,0,0
1779747258233,-20184,32767,5639,-771,3764,-2874,running,0.00,0,0,0,0,0
1779747258260,-19978,32720,3756,-1050,3417,-3072,running,0.00,0,0,0,0,0
1779747258261,-21618,32755,1764,-1985,2759,-2953,running,0.00,0,0,0,0,0
1779747258291,-22009,32767,-718,-3208,2269,-2633,running,0.00,0,0,0,0,0
1779747258324,-19116,32766,-1712,-4147,2048,-2339,running,0.00,0,0,0,0,0
1779747258325,-17308,32767,-2157,-4370,1987,-2045,running,0.00,0,0,0,0,0
1779747258331,-16132,32767,-2441,-3814,1834,-2432,running,0.00,0,0,0,0,0
1779747258332,-16190,32681,506,-3097,1681,-2144,running,0.00,0,0,0,0,0
1779747258332,-11034,31914,-3936,-1816,2293,-1704,running,0.00,0,0,0,0,0
1779747258332,-5873,29524,-3714,-1435,2082,-1231,running,0.00,0,0,0,0,0
1779747258351,-2512,28630,-5282,-1120,2054,-696,running,0.00,0,0,0,0,0
1779747258351,-2010,25243,-3483,-540,1639,-417,running,0.00,0,0,0,0,0
1779747258379,1175,19706,-4364,-346,1689,-541,running,0.00,0,0,0,0,0
1779747258381,3336,16463,-4110,-279,1655,-722,running,0.00,0,0,0,0,0
1779747258381,3657,13499,-4977,-209,1562,-531,running,0.00,0,0,0,0,0
1779747258382,3747,12152,-4858,-118,1651,-164,running,0.00,0,0,0,0,0
1779747258413,5465,10443,-4815,137,1619,-34,running,0.00,0,0,0,0,0
1779747258413,7697,7638,-4681,341,1599,-148,running,0.00,0,0,0,0,0
1779747258441,8664,5802,-3250,515,1558,-160,running,0.00,0,0,0,0,0
1779747258444,8645,5656,-3135,377,1381,82,running,0.00,0,0,0,0,0
1779747258445,9584,2493,-4069,121,1187,-263,running,0.00,0,0,0,0,0
1779747258446,10454,1294,-2278,55,1089,-472,running,0.00,0,0,0,0,0
1779747258470,10201,1912,-2376,-113,960,-363,running,0.00,0,0,0,0,0
1779747258471,9703,3329,-3048,-211,785,-223,running,0.00,0,0,0,0,0
1779747258499,8390,3949,-2642,-137,640,-71,running,0.00,0,0,0,0,0
1779747258500,7438,3916,-2232,-31,553,136,running,0.00,0,0,0,0,0
1779747258503,6515,3743,-2249,107,476,322,running,0.00,0,0,0,0,0
1779747258504,5886,3360,-1914,230,394,407,running,0.00,0,0,0,0,0
1779747258533,5655,3324,-1776,317,315,515,running,0.00,0,0,0,0,0
1779747258533,5858,3712,-1412,386,204,678,running,0.00,0,0,0,0,0
1779747258560,6104,3786,-782,484,52,849,running,0.00,0,0,0,0,0
1779747258568,5987,4538,-825,647,-67,944,running,0.00,0,0,0,0,0
1779747258569,5877,5290,-540,872,-228,954,running,0.00,0,0,0,0,0
1779747258570,5421,6785,-786,1029,-318,1107,running,0.00,0,0,0,0,0
1779747258592,5098,9098,-545,987,-565,1288,running,0.00,0,0,0,0,0
1779747258593,4600,11971,212,819,-955,1321,running,0.00,0,0,0,0,0
1779747258619,4456,18568,353,672,-1239,1359,running,0.00,0,0,0,0,0
1779747258620,3294,28538,114,628,-1503,1445,running,0.00,0,0,0,0,0
1779747258620,1606,32767,-2019,544,-1792,1496,running,0.00,0,0,0,0,0
1779747258623,-3071,32767,-4852,556,-1982,1381,running,0.00,0,0,0,0,0
1779747258649,-12857,32660,-3461,1180,-1802,1183,running,0.00,0,0,0,0,0
1779747258650,-25821,32767,99,2116,-1378,1025,running,0.00,0,0,0,0,0
1779747258679,-32768,32767,1833,2140,-1181,1252,running,0.00,0,0,0,0,0
1779747258682,-32768,32765,634,1420,-1352,1865,running,0.00,0,0,0,0,0
1779747258683,-32301,31309,760,859,-1635,2376,running,0.00,0,0,0,0,0
1779747258684,-32172,30917,-4401,339,-1887,2746,running,0.00,0,0,0,0,0
1779747258709,-30897,24817,-2371,-168,-2507,2556,running,0.00,0,0,0,0,0
1779747258710,-21980,21663,-2458,-865,-2790,2533,running,0.00,0,0,0,0,0
1779747258742,-16183,22149,-2773,-1279,-3241,2637,running,0.00,0,0,0,0,0
1779747258743,-13872,17473,-2605,-1340,-3584,2003,running,0.00,0,0,0,0,0
1779747258743,-18552,19166,-771,-1151,-3705,1937,running,0.00,0,0,0,0,0
1779747258744,-16096,22805,-3879,28,-3382,1850,running,0.00,0,0,0,0,0
1779747258769,-12253,15218,-2734,1338,-3046,1317,running,0.00,0,0,0,0,0
1779747258769,-12304,7763,-3192,2309,-2734,1126,running,0.00,0,0,0,0,0
1779747258802,-11811,3371,-3367,2846,-2561,952,running,0.00,0,0,0,0,0
1779747258803,-10299,-1551,-2508,3027,-2518,788,running,0.00,0,0,0,0,0
1779747258804,-9971,-5230,-1344,3098,-2487,839,running,0.00,0,0,0,0,0
1779747258804,-10144,-7536,-304,3062,-2378,896,running,0.00,0,0,0,0,0
1779747258829,-10015,-10548,491,2863,-2254,780,running,0.00,0,0,0,0,0
1779747258829,-11558,-10911,2740,2623,-2219,942,running,0.00,0,0,0,0,0
1779747258862,-12011,-12912,2212,2095,-1991,894,running,0.00,0,0,0,0,0
1779747258862,-11191,-15351,2787,1505,-2012,544,running,0.00,0,0,0,0,0
1779747258863,-10880,-14960,4268,824,-1862,375,running,0.00,0,0,0,0,0
1779747258863,-10133,-14001,3703,164,-1539,132,running,0.00,0,0,0,0,0
1779747258889,-9229,-13676,3446,-476,-1327,-126,running,0.00,0,0,0,0,0
1779747258889,-9459,-12297,3639,-1041,-1107,-378,running,0.00,0,0,0,0,0
1779747258926,-11075,-10339,4282,-1349,-803,-530,running,0.00,0,0,0,0,0
1779747258926,-9402,-7898,4393,-1482,-295,-613,running,0.00,0,0,0,0,0
1779747258927,-7518,-4945,3122,-1590,-45,-793,running,0.00,0,0,0,0,0
1779747258928,-8988,-6049,3949,-1578,27,-1017,running,0.00,0,0,0,0,0
1779747258949,-12974,-5982,5871,-1412,181,-863,running,0.00,0,0,0,0,0
1779747258950,-12690,-2259,4812,-1059,409,-525,running,0.00,0,0,0,0,0
1779747258981,-19790,342,5241,-1144,856,-845,running,0.00,0,0,0,0,0
1779747258982,-18769,4677,3835,-1340,1853,-1893,running,0.00,0,0,0,0,0
1779747258983,-13571,8091,2047,-1136,2690,-2952,running,0.00,0,0,0,0,0
1779747258983,-19215,12369,4734,-1675,2899,-3951,running,0.00,0,0,0,0,0
1779747259011,-21692,21756,8574,-2164,3008,-4066,running,0.00,0,0,0,0,0
1779747259013,-32768,30739,7536,-2932,3130,-4552,running,0.00,0,0,0,0,0
1779747259040,-32768,32767,7940,-3189,3173,-5623,running,0.00,0,0,0,0,0
1779747259040,-32578,32767,1973,-3236,3090,-5867,running,0.00,0,0,0,0,0
1779747259041,-32750,32724,-1469,-3708,2433,-5152,running,0.00,0,0,0,0,0
1779747259041,-32768,32767,-2719,-4160,2199,-4108,running,0.00,0,0,0,0,0
1779747259071,-32532,32767,-2943,-3867,2230,-2787,running,0.00,0,0,0,0,0
1779747259072,-27334,32766,-282,-3198,2346,-1987,running,0.00,0,0,0,0,0
1779747259099,-20110,32353,2867,-2965,2087,-1824,running,0.00,0,0,0,0,0
1779747259099,-15013,32463,3519,-2151,2591,-1300,running,0.00,0,0,0,0,0
1779747259100,-6932,31487,1200,-2774,2182,-1540,running,0.00,0,0,0,0,0
1779747259100,-2616,25261,7317,-3461,1877,-2032,running,0.00,0,0,0,0,0
1779747259129,-172,23914,6448,-4279,2258,-2156,running,0.00,0,0,0,0,0
1779747259129,3107,24586,5047,-4842,2160,-1968,running,0.00,0,0,0,0,0
1779747259159,7115,25831,3510,-4722,1757,-1613,running,0.00,0,0,0,0,0
1779747259160,9158,26070,3295,-4111,1420,-1439,running,0.00,0,0,0,0,0
1779747259161,7710,21933,712,-3167,1346,-1494,running,0.00,0,0,0,0,0
1779747259161,7957,20696,-851,-2501,1138,-1163,running,0.00,0,0,0,0,0
1779747259188,12877,15526,-3100,-1769,1533,-851,running,0.00,0,0,0,0,0
1779747259192,11031,15335,-2239,-1855,714,-141,running,0.00,0,0,0,0,0
1779747259219,10679,10725,-5726,-1762,465,-64,running,0.00,0,0,0,0,0
1779747259219,17632,9743,-5391,-1556,443,-33,running,0.00,0,0,0,0,0
1779747259220,16798,8417,-3892,-1171,-421,337,running,0.00,0,0,0,0,0
1779747259220,7518,6362,-8139,74,-931,256,running,0.00,0,0,0,0,0
1779747259248,8292,2584,-6432,98,-878,319,running,0.00,0,0,0,0,0
1779747259249,9705,4378,-6746,150,-909,862,running,0.00,0,0,0,0,0
1779747259279,8277,7505,-5780,400,-1181,1095,running,0.00,0,0,0,0,0
1779747259280,4925,6402,-4993,587,-1574,848,running,0.00,0,0,0,0,0
1779747259280,4958,5821,-4327,609,-1757,836,running,0.00,0,0,0,0,0
1779747259281,5548,5593,-3689,891,-1624,1131,running,0.00,0,0,0,0,0
1779747259308,4851,3469,-2251,1255,-1598,1333,running,0.00,0,0,0,0,0
1779747259309,5417,4285,-729,1277,-1370,1573,running,0.00,0,0,0,0,0
1779747259340,2029,7370,-2879,1714,-1106,1788,running,0.00,0,0,0,0,0
1779747259341,1774,8687,-1571,1667,-1367,2112,running,0.00,0,0,0,0,0
1779747259341,-1428,10954,688,1468,-1665,2506,running,0.00,0,0,0,0,0
1779747259341,-4332,15068,3101,1262,-1809,2497,running,0.00,0,0,0,0,0
1779747259371,-6712,22537,5147,1039,-1934,2304,running,0.00,0,0,0,0,0
1779747259372,-9493,31961,5877,1108,-1863,2389,running,0.00,0,0,0,0,0
1779747259399,-15569,32767,6202,1369,-1809,2338,running,0.00,0,0,0,0,0
1779747259399,-20760,32643,11036,586,-1875,1175,running,0.00,0,0,0,0,0
1779747259400,-29684,32730,19346,-383,-2092,1293,running,0.00,0,0,0,0,0
1779747259400,-32768,32767,26421,169,-1605,1835,running,0.00,0,0,0,0,0
1779747259431,-32674,32766,29340,350,-1342,2046,running,0.00,0,0,0,0,0
1779747259432,-32720,32766,24232,1303,-818,3002,running,0.00,0,0,0,0,0
1779747259459,-32768,30657,16019,1872,-512,2979,running,0.00,0,0,0,0,0
1779747259461,-29903,25661,9397,1588,-540,3006,running,0.00,0,0,0,0,0
1779747259462,-19697,26477,6079,700,-1199,3310,running,0.00,0,0,0,0,0
1779747259462,-16244,25007,8038,-317,-2133,2872,running,0.00,0,0,0,0,0
1779747259491,-15666,22832,7657,-533,-2541,2467,running,0.00,0,0,0,0,0
1779747259492,-14937,21808,6543,-115,-2728,2395,running,0.00,0,0,0,0,0
1779747259524,-14184,17219,5472,807,-2693,2173,running,0.00,0,0,0,0,0
1779747259524,-12336,13045,3643,1785,-2402,1684,running,0.00,0,0,0,0,0
1779747259524,-9544,4264,1198,2664,-2219,598,running,0.00,0,0,0,0,0
1779747259525,-7765,525,562,2951,-2124,189,running,0.00,0,0,0,0,0
1779747259556,-6274,1042,-1304,3003,-1922,233,running,0.00,0,0,0,0,0
1779747259556,-1852,3987,-1351,3245,-1824,601,running,0.00,0,0,0,0,0
1779747259580,-1070,-559,-1054,3449,-1926,895,running,0.00,0,0,0,0,0
1779747259581,-2677,-5374,1069,3397,-2047,737,running,0.00,0,0,0,0,0
1779747259581,-3504,-7660,1545,3226,-1991,442,running,0.00,0,0,0,0,0
1779747259582,-5613,-8601,2452,3143,-1865,209,running,0.00,0,0,0,0,0
1779747259610,-6900,-9806,2492,3215,-1669,-81,running,0.00,0,0,0,0,0
1779747259610,-7356,-12282,3733,3549,-1406,-258,running,0.00,0,0,0,0,0
1779747259640,-7858,-13298,5736,3767,-927,-71,running,0.00,0,0,0,0,0
1779747259644,-7933,-14849,5937,3385,-708,105,running,0.00,0,0,0,0,0
1779747259645,-8008,-15411,5668,2390,-1039,-35,running,0.00,0,0,0,0,0
1779747259646,-9336,-17150,6998,1689,-1065,-619,running,0.00,0,0,0,0,0
1779747259669,-12007,-15956,8683,1151,-833,-1491,running,0.00,0,0,0,0,0
1779747259670,-12354,-15379,8838,886,-146,-2078,running,0.00,0,0,0,0,0
1779747259699,-7656,-14152,10494,432,785,-1858,running,0.00,0,0,0,0,0
1779747259699,-10171,-5785,9448,-125,1430,-637,running,0.00,0,0,0,0,0
1779747259700,-17561,-2779,9157,-1010,1538,-226,running,0.00,0,0,0,0,0
1779747259700,-19095,-1139,8705,-840,1595,-873,running,0.00,0,0,0,0,0
1779747259729,-18650,-3788,7587,817,1774,-2121,running,0.00,0,0,0,0,0
1779747259730,-18902,-2488,5780,1227,2137,-3125,running,0.00,0,0,0,0,0
1779747259759,-19466,1613,3342,555,2424,-4148,running,0.00,0,0,0,0,0
1779747259764,-19349,3309,6310,313,2571,-5175,running,0.00,0,0,0,0,0
1779747259764,-20483,8252,3832,131,2895,-5796,running,0.00,0,0,0,0,0
1779747259765,-23881,11403,2127,-221,2372,-6260,running,0.00,0,0,0,0,0
1779747259788,-29514,17541,-1098,-1213,1657,-6415,running,0.00,0,0,0,0,0
1779747259789,-32768,23260,-1260,-2846,1003,-6545,running,0.00,0,0,0,0,0
1779747259819,-32768,32767,4086,-4358,956,-6270,running,0.00,0,0,0,0,0
1779747259822,-32691,32767,-11711,-5905,2376,-6001,running,0.00,0,0,0,0,0
1779747259823,-32768,32605,-23197,-7068,2141,-5612,running,0.00,0,0,0,0,0
1779747259823,-32768,32751,-15148,-6505,1541,-5039,running,0.00,0,0,0,0,0
1779747259851,-31997,32767,-12032,-5451,1182,-5114,running,0.00,0,0,0,0,0
1779747259851,-23383,32764,-10836,-4935,698,-3489,running,0.00,0,0,0,0,0
1779747259912,-15522,32766,-6504,-2250,515,-1651,running,0.00,0,0,0,0,0
1779747259913,-8276,32767,-5142,-1297,359,-1227,running,0.00,0,0,0,0,0
1779747259913,-4115,30749,-2106,-909,143,-845,running,0.00,0,0,0,0,0
1779747259917,-3184,25123,-4056,-1673,156,-959,running,0.00,0,0,0,0,0
1779747259917,-1364,17307,-3351,-2635,252,-1377,running,0.00,0,0,0,0,0
1779747259918,4214,21098,-7273,-2127,685,-1407,running,0.00,0,0,0,0,0
1779747259918,9693,12117,-1808,-544,821,-1038,running,0.00,0,0,0,0,0
1779747259942,11919,12759,-274,-1823,515,-423,running,0.00,0,0,0,0,0
1779747259943,6870,18475,-4215,-2018,344,435,running,0.00,0,0,0,0,0
1779747259969,11927,13805,-4960,-1123,447,674,running,0.00,0,0,0,0,0
1779747259969,13123,8905,-895,-1055,78,907,running,0.00,0,0,0,0,0
1779747259970,7523,7151,-1828,-1573,83,955,running,0.00,0,0,0,0,0
1779747259971,8805,8700,-4366,-1213,303,847,running,0.00,0,0,0,0,0
1779747260001,10467,7389,-1684,-417,326,959,running,0.00,0,0,0,0,0
1779747260002,8882,5050,-3469,-479,627,945,running,0.00,0,0,0,0,0
1779747260029,11638,5458,-4220,-124,586,1074,running,0.00,0,0,0,0,0
1779747260030,11236,4906,-2477,448,417,1407,running,0.00,0,0,0,0,0
1779747260031,8855,4369,-2747,446,362,1757,running,0.00,0,0,0,0,0
1779747260031,9488,3894,-2525,511,388,1872,running,0.00,0,0,0,0,0
1779747260067,8850,4648,-901,713,376,2052,running,0.00,0,0,0,0,0
1779747260067,7971,5608,285,849,358,2306,running,0.00,0,0,0,0,0
1779747260089,7898,5823,1377,994,240,2459,running,0.00,0,0,0,0,0
1779747260090,7422,7776,2404,1225,132,2608,running,0.00,0,0,0,0,0
1779747260090,5841,9540,2718,1405,-3,2710,running,0.00,0,0,0,0,0
1779747260090,3265,12853,1715,1371,-163,2938,running,0.00,0,0,0,0,0
1779747260119,1439,15085,1235,1445,-292,3097,running,0.00,0,0,0,0,0
1779747260120,-179,17720,1038,1345,-274,3377,running,0.00,0,0,0,0,0
1779747260148,-43,19828,1931,1012,-380,3611,running,0.00,0,0,0,0,0
1779747260149,-29,27956,3227,773,-577,3711,running,0.00,0,0,0,0,0
1779747260149,-342,32767,4560,388,-759,3587,running,0.00,0,0,0,0,0
1779747260149,-3231,32767,3277,-313,-916,2921,running,0.00,0,0,0,0,0
1779747260179,-6912,32656,3100,-360,-1138,1747,running,0.00,0,0,0,0,0
1779747260180,-18977,32767,4454,74,-1103,1743,running,0.00,0,0,0,0,0
1779747260209,-32768,32767,1599,353,-1108,1321,running,0.00,0,0,0,0,0
1779747260210,-32768,32765,471,376,-1339,1064,running,0.00,0,0,0,0,0
1779747260211,-32538,32573,-1250,1435,-1179,1852,running,0.00,0,0,0,0,0
1779747260214,-32751,31769,-874,2435,-848,3772,running,0.00,0,0,0,0,0
1779747260243,-28540,29339,-5851,2610,-479,4734,running,0.00,0,0,0,0,0
1779747260244,-19110,23972,-8315,1867,-906,4377,running,0.00,0,0,0,0,0
1779747260270,-18752,19475,-7594,1003,-1621,3742,running,0.00,0,0,0,0,0
1779747260274,-18726,14055,-6712,514,-2132,2986,running,0.00,0,0,0,0,0
1779747260274,-17005,9588,-6936,131,-2656,2765,running,0.00,0,0,0,0,0
1779747260275,-18787,10362,-4716,238,-3314,3188,running,0.00,0,0,0,0,0
1779747260301,-15525,6298,-3523,565,-3015,2351,running,0.00,0,0,0,0,0
1779747260302,-9368,6904,-5816,1444,-2964,2447,running,0.00,0,0,0,0,0
1779747260329,-11378,3569,-5595,1538,-3385,2364,running,0.00,0,0,0,0,0
1779747260330,-8913,17,-4667,1716,-3443,1489,running,0.00,0,0,0,0,0
1779747260333,-6029,1284,-4036,1260,-3451,747,running,0.00,0,0,0,0,0
1779747260334,-8969,268,2544,2103,-3411,514,running,0.00,0,0,0,0,0
1779747260360,-9569,-2467,1424,2103,-3149,529,running,0.00,0,0,0,0,0
1779747260360,-9522,-2267,3513,2283,-3009,426,running,0.00,0,0,0,0,0
1779747260390,-11093,-2369,5690,2636,-2864,403,running,0.00,0,0,0,0,0
1779747260394,-9381,-5138,6178,2561,-2610,385,running,0.00,0,0,0,0,0
1779747260395,-13022,-4475,6480,2508,-2388,328,running,0.00,0,0,0,0,0
1779747260396,-8227,-6876,6443,2632,-1975,150,running,0.00,0,0,0,0,0
1779747260420,-10327,-8048,6531,2230,-1746,141,running,0.00,0,0,0,0,0
1779747260421,-9261,-8801,6094,1612,-1438,46,running,0.00,0,0,0,0,0
1779747260449,-7896,-6632,4611,815,-990,43,running,0.00,0,0,0,0,0
1779747260449,-8739,-5012,5017,55,-775,-187,running,0.00,0,0,0,0,0
1779747260450,-6818,-3406,3391,-572,-305,-537,running,0.00,0,0,0,0,0
1779747260455,-7689,-519,3404,-1269,-133,-882,running,0.00,0,0,0,0,0
1779747260479,-11350,4150,3686,-1608,206,-1125,running,0.00,0,0,0,0,0
1779747260479,-12125,5638,2275,-1692,745,-1284,running,0.00,0,0,0,0,0
1779747260512,-11810,7892,1051,-1664,1188,-1382,running,0.00,0,0,0,0,0
1779747260512,-8865,10823,518,-1691,1653,-1378,running,0.00,0,0,0,0,0
1779747260513,-11273,18341,-1663,-1356,2062,-1429,running,0.00,0,0,0,0,0
1779747260513,-10974,22050,-1143,-1092,2477,-1951,running,0.00,0,0,0,0,0
1779747260539,-14024,26194,-2577,-1218,2744,-2518,running,0.00,0,0,0,0,0
1779747260539,-17284,30032,-3093,-1178,2869,-2870,running,0.00,0,0,0,0,0
1779747260575,-18041,32767,-5232,-1324,2791,-2879,running,0.00,0,0,0,0,0
1779747260575,-18666,32767,-6422,-1533,2558,-2789,running,0.00,0,0,0,0,0
1779747260576,-15663,32720,-8603,-1639,2452,-2695,running,0.00,0,0,0,0,0
1779747260576,-12801,32764,-9462,-1593,2300,-2467,running,0.00,0,0,0,0,0
1779747260599,-12458,32767,-9556,-1307,2162,-2268,running,0.00,0,0,0,0,0
1779747260600,-12017,30421,-10124,-1236,2015,-2156,running,0.00,0,0,0,0,0
1779747260630,-9382,24024,-10241,-1599,1707,-2090,running,0.00,0,0,0,0,0
1779747260631,-6914,20310,-9959,-2300,1324,-2092,running,0.00,0,0,0,0,0
1779747260632,-4269,19222,-9759,-2976,972,-2114,running,0.00,0,0,0,0,0
1779747260632,-3987,19853,-8513,-3493,633,-1983,running,0.00,0,0,0,0,0
1779747260659,-3142,18753,-8310,-3626,595,-2078,running,0.00,0,0,0,0,0
1779747260659,692,16359,-7236,-3351,623,-2108,running,0.00,0,0,0,0,0
1779747260692,1835,14697,-5556,-3327,587,-1910,running,0.00,0,0,0,0,0
1779747260694,2508,15424,-5670,-3344,607,-1698,running,0.00,0,0,0,0,0
1779747260695,3762,13613,-5636,-2921,603,-1728,running,0.00,0,0,0,0,0
1779747260696,6265,12011,-5189,-2455,670,-1605,running,0.00,0,0,0,0,0
1779747260719,7118,10715,-5193,-2414,509,-1530,running,0.00,0,0,0,0,0
1779747260720,6786,8533,-5607,-2292,523,-1344,running,0.00,0,0,0,0,0
1779747260750,6090,9474,-6136,-1998,552,-983,running,0.00,0,0,0,0,0
1779747260752,5541,9440,-6150,-1620,571,-766,running,0.00,0,0,0,0,0
1779747260752,6761,9497,-6174,-1406,596,-650,running,0.00,0,0,0,0,0
1779747260753,6772,10621,-6304,-1322,555,-532,running,0.00,0,0,0,0,0
1779747260779,5582,12831,-6126,-1237,502,-313,running,0.00,0,0,0,0,0
1779747260780,5041,13253,-5470,-1046,443,-22,running,0.00,0,0,0,0,0
1779747260816,4827,12412,-3838,-636,404,423,running,0.00,0,0,0,0,0
1779747260817,5094,11344,-2152,-178,325,864,running,0.00,0,0,0,0,0
1779747260818,6257,11103,-1040,272,160,1199,running,0.00,0,0,0,0,0
1779747260821,6329,10313,179,645,-57,1448,running,0.00,0,0,0,0,0
1779747260841,5476,9699,923,805,-335,1586,running,0.00,0,0,0,0,0
1779747260841,4616,10690,922,723,-721,1682,running,0.00,0,0,0,0,0
1779747260869,3558,12038,11,439,-1177,1865,running,0.00,0,0,0,0,0
1779747260870,2553,13388,-275,-17,-1589,2004,running,0.00,0,0,0,0,0
1779747260871,3307,14634,277,-258,-1790,1986,running,0.00,0,0,0,0,0
1779747260871,4187,16758,725,82,-1980,2136,running,0.00,0,0,0,0,0
1779747260899,4593,22681,2435,230,-2251,2309,running,0.00,0,0,0,0,0
1779747260900,4047,30516,2959,137,-2498,2349,running,0.00,0,0,0,0,0
1779747260930,2917,32767,4342,-85,-2545,2154,running,0.00,0,0,0,0,0
1779747260930,-551,32767,6609,406,-2426,1967,running,0.00,0,0,0,0,0
1779747260931,-5685,32705,11747,1177,-2236,1801,running,0.00,0,0,0,0,0
1779747260931,-12366,32767,15974,1659,-1988,1716,running,0.00,0,0,0,0,0
1779747260958,-19828,32767,17006,1568,-1796,1812,running,0.00,0,0,0,0,0
1779747260959,-26111,32765,15393,1260,-1795,2098,running,0.00,0,0,0,0,0
1779747260991,-28357,32686,12443,983,-1875,2432,running,0.00,0,0,0,0,0
1779747260991,-28003,32541,8574,532,-1899,2495,running,0.00,0,0,0,0,0
1779747260992,-22059,30250,6295,175,-1894,2383,running,0.00,0,0,0,0,0
1779747260993,-19422,25880,6568,-153,-1819,2141,running,0.00,0,0,0,0,0
1779747261023,-18503,25787,5053,167,-1610,1702,running,0.00,0,0,0,0,0
1779747261023,-15279,20787,4477,545,-1471,1605,running,0.00,0,0,0,0,0
1779747261049,-14648,17037,3211,841,-1434,1421,running,0.00,0,0,0,0,0
1779747261051,-14851,15955,2899,1074,-1365,883,running,0.00,0,0,0,0,0
1779747261051,-8623,10867,1840,1491,-1146,154,running,0.00,0,0,0,0,0
1779747261052,-7871,8557,1397,1642,-1215,-111,running,0.00,0,0,0,0,0
1779747261082,-9423,8865,1899,2003,-1112,-94,running,0.00,0,0,0,0,0
1779747261083,-6109,7035,176,2514,-1015,72,running,0.00,0,0,0,0,0
1779747261109,-8891,9678,1814,2865,-1197,191,running,0.00,0,0,0,0,0
1779747261110,-9395,7454,1062,3182,-1102,18,running,0.00,0,0,0,0,0
1779747261111,-8853,3248,1801,3401,-959,-148,running,0.00,0,0,0,0,0
1779747261111,-6869,-1197,2082,3601,-744,-33,running,0.00,0,0,0,0,0
1779747261142,-9245,-638,677,3674,-687,126,running,0.00,0,0,0,0,0
1779747261143,-9665,-2994,1572,3946,-611,13,running,0.00,0,0,0,0,0
1779747261170,-9973,-7115,1527,3947,-544,-64,running,0.00,0,0,0,0,0
1779747261171,-9848,-9053,2585,3514,-546,-44,running,0.00,0,0,0,0,0
1779747261172,-9839,-10154,2984,2714,-261,-119,running,0.00,0,0,0,0,0
1779747261172,-8477,-9383,1427,1635,-191,-380,running,0.00,0,0,0,0,0
1779747261201,-9642,-8059,2469,542,-340,-845,running,0.00,0,0,0,0,0
1779747261202,-8589,-6257,2486,-319,-231,-1235,running,0.00,0,0,0,0,0
1779747261231,-8457,-3814,1855,-945,-32,-1410,running,0.00,0,0,0,0,0
1779747261231,-9254,-932,2532,-1062,241,-1545,running,0.00,0,0,0,0,0
1779747261232,-9075,-1316,2966,-1430,400,-1752,running,0.00,0,0,0,0,0
1779747261233,-9736,-719,2634,-1752,747,-1973,running,0.00,0,0,0,0,0
1779747261260,-10121,2220,1817,-1883,1068,-2051,running,0.00,0,0,0,0,0
1779747261261,-11911,5418,702,-2118,1344,-2112,running,0.00,0,0,0,0,0
1779747261288,-10183,7813,887,-2120,1678,-2187,running,0.00,0,0,0,0,0
1779747261288,-9936,11427,2726,-2201,2098,-2287,running,0.00,0,0,0,0,0
1779747261289,-9668,17733,3956,-2290,2558,-2659,running,0.00,0,0,0,0,0
1779747261289,-8322,23938,5497,-2319,2696,-3105,running,0.00,0,0,0,0,0
1779747261319,-9944,28706,4116,-2505,2574,-3237,running,0.00,0,0,0,0,0
1779747261320,-12899,31895,1145,-2433,2438,-3141,running,0.00,0,0,0,0,0
1779747261350,-14647,32767,-3366,-2145,2334,-2990,running,0.00,0,0,0,0,0
1779747261350,-13535,32767,-6549,-1900,2156,-2725,running,0.00,0,0,0,0,0
1779747261351,-12456,32743,-6850,-1710,2014,-2308,running,0.00,0,0,0,0,0
1779747261351,-12555,32767,-6980,-1480,1962,-1849,running,0.00,0,0,0,0,0
1779747261379,-12341,32767,-7609,-1213,1884,-1536,running,0.00,0,0,0,0,0
1779747261381,-10464,30532,-6821,-1158,1652,-1410,running,0.00,0,0,0,0,0
1779747261408,-8182,26836,-6287,-1389,1418,-1256,running,0.00,0,0,0,0,0
1779747261409,-5361,25107,-6282,-1660,1215,-1192,running,0.00,0,0,0,0,0
1779747261409,-2304,22560,-5135,-2181,859,-1270,running,0.00,0,0,0,0,0
1779747261410,393,21476,-4102,-2292,994,-1036,running,0.00,0,0,0,0,0
1779747261439,-1170,20522,-5662,-1908,1231,-989,running,0.00,0,0,0,0,0
1779747261440,1674,17878,-3235,-1755,1048,-702,running,0.00,0,0,0,0,0
1779747261469,3177,15361,-3465,-1558,1085,-514,running,0.00,0,0,0,0,0
1779747261469,3349,13686,-3245,-1423,1046,-346,running,0.00,0,0,0,0,0
1779747261469,4206,10458,-3016,-1509,887,-378,running,0.00,0,0,0,0,0
1779747261472,4418,7899,-2563,-1856,643,-610,running,0.00,0,0,0,0,0
1779747261500,4476,8370,-3039,-1995,544,-565,running,0.00,0,0,0,0,0
1779747261501,4554,8492,-3414,-1970,488,-299,running,0.00,0,0,0,0,0
1779747261529,4279,8081,-3222,-1896,405,-265,running,0.00,0,0,0,0,0
1779747261529,4194,8011,-3538,-1630,415,-357,running,0.00,0,0,0,0,0
1779747261529,4866,7650,-3650,-1271,544,-385,running,0.00,0,0,0,0,0
1779747261533,5378,7347,-3574,-957,615,-296,running,0.00,0,0,0,0,0
1779747261561,5363,6652,-3299,-639,590,-165,running,0.00,0,0,0,0,0
1779747261561,4976,6201,-2952,-405,484,-37,running,0.00,0,0,0,0,0
1779747261589,3885,6431,-3120,-290,332,142,running,0.00,0,0,0,0,0
1779747261592,2870,6725,-3567,-197,174,342,running,0.00,0,0,0,0,0
1779747261593,2222,6822,-3537,-10,61,606,running,0.00,0,0,0,0,0
1779747261594,2167,6267,-3160,209,-1,892,running,0.00,0,0,0,0,0
1779747261619,3166,5561,-2536,408,-92,1115,running,0.00,0,0,0,0,0
1779747261619,3603,5093,-2233,550,-252,1295,running,0.00,0,0,0,0,0
1779747261620,3894,4471,-1617,576,-486,1344,running,0.00,0,0,0,0,0
1779747261651,4074,6007,-1323,595,-625,1471,running,0.00,0,0,0,0,0
1779747261652,4716,8743,-531,524,-871,1706,running,0.00,0,0,0,0,0
1779747261652,4453,12984,950,369,-1270,1718,running,0.00,0,0,0,0,0
1779747261679,4794,21650,2060,280,-1604,1527,running,0.00,0,0,0,0,0
1779747261680,3667,32315,1905,356,-1950,1223,running,0.00,0,0,0,0,0
1779747261681,414,32767,83,524,-2121,830,running,0.00,0,0,0,0,0
1779747261711,-4919,32616,1360,809,-2034,330,running,0.00,0,0,0,0,0
1779747261712,-16268,32737,8322,1819,-1703,-40,running,0.00,0,0,0,0,0
1779747261712,-27736,32767,14200,2456,-1495,430,running,0.00,0,0,0,0,0
1779747261739,-32451,32765,15485,1896,-1595,1253,running,0.00,0,0,0,0,0
1779747261739,-32333,32766,9472,1386,-1701,2033,running,0.00,0,0,0,0,0
1779747261771,-32768,32767,6580,1491,-1806,2349,running,0.00,0,0,0,0,0
1779747261771,-30462,32250,5482,1333,-1863,2524,running,0.00,0,0,0,0,0
1779747261772,-22758,29401,3880,743,-1998,2637,running,0.00,0,0,0,0,0
1779747261772,-16358,25951,2336,127,-2034,2589,running,0.00,0,0,0,0,0
1779747261799,-12280,23824,1595,-212,-2354,2448,running,0.00,0,0,0,0,0
1779747261800,-14293,20099,2642,-107,-2631,2323,running,0.00,0,0,0,0,0
1779747261800,-13112,16913,1551,367,-2454,2234,running,0.00,0,0,0,0,0
1779747261830,-11410,13387,941,902,-2279,2028,running,0.00,0,0,0,0,0
1779747261830,-8492,8926,-236,1309,-2089,1619,running,0.00,0,0,0,0,0
1779747261831,-5736,5255,-686,1436,-2027,1183,running,0.00,0,0,0,0,0
1779747261859,-4746,3586,-1435,1374,-2058,934,running,0.00,0,0,0,0,0
1779747261860,-4860,4033,-1616,1464,-2070,862,running,0.00,0,0,0,0,0
1779747261861,-5958,4346,-1010,1710,-2050,804,running,0.00,0,0,0,0,0
1779747261894,-6539,4281,-545,2064,-1940,694,running,0.00,0,0,0,0,0
1779747261895,-6952,3753,-375,2458,-1781,585,running,0.00,0,0,0,0,0
1779747261895,-7047,1998,-559,2813,-1631,507,running,0.00,0,0,0,0,0
1779747261919,-6998,-537,-355,3123,-1501,455,running,0.00,0,0,0,0,0
1779747261920,-8055,-3404,428,3204,-1446,347,running,0.00,0,0,0,0,0
1779747261920,-9645,-5995,1379,3044,-1380,238,running,0.00,0,0,0,0,0
1779747261951,-10894,-7907,2457,2793,-1257,95,running,0.00,0,0,0,0,0
1779747261951,-11560,-9454,3359,2462,-1090,-110,running,0.00,0,0,0,0,0
1779747261952,-11773,-10411,3891,1972,-934,-363,running,0.00,0,0,0,0,0
1779747261980,-12149,-10441,4632,1438,-800,-625,running,0.00,0,0,0,0,0
1779747261984,-12475,-9824,5189,885,-639,-895,running,0.00,0,0,0,0,0
1779747261985,-12481,-8725,5722,417,-437,-1173,running,0.00,0,0,0,0,0
1779747262009,-12302,-6818,5342,112,-136,-1419,running,0.00,0,0,0,0,0
1779747262010,-11195,-5719,5318,-63,241,-1651,running,0.00,0,0,0,0,0
1779747262011,-10248,-4066,4295,-336,618,-1783,running,0.00,0,0,0,0,0
1779747262043,-12309,-126,5610,-545,984,-1876,running,0.00,0,0,0,0,0
1779747262044,-8916,-1583,8655,-1063,1599,-2093,running,0.00,0,0,0,0,0
1779747262044,-12061,6407,4169,-1289,1942,-2303,running,0.00,0,0,0,0,0
1779747262073,-17765,12728,12952,-762,2071,-3131,running,0.00,0,0,0,0,0
1779747262073,-17387,17704,8359,-1891,2580,-3803,running,0.00,0,0,0,0,0
1779747262074,-19007,21977,4819,-2729,2596,-4245,running,0.00,0,0,0,0,0
1779747262102,-20346,24577,3564,-3126,2418,-4507,running,0.00,0,0,0,0,0
1779747262103,-23046,28882,1852,-3694,2120,-4419,running,0.00,0,0,0,0,0
1779747262103,-27819,32767,-110,-3832,2031,-4200,running,0.00,0,0,0,0,0
1779747262129,-26977,32767,-546,-3418,2090,-4015,running,0.00,0,0,0,0,0
1779747262130,-24087,32677,-2890,-3015,2158,-3628,running,0.00,0,0,0,0,0
1779747262131,-22155,32767,-5458,-2771,2170,-3372,running,0.00,0,0,0,0,0
1779747262161,-18277,32767,-6774,-2708,2073,-3170,running,0.00,0,0,0,0,0
1779747262161,-15592,32561,-7157,-2883,1827,-2837,running,0.00,0,0,0,0,0
1779747262162,-10977,30353,-7517,-3098,1580,-2687,running,0.00,0,0,0,0,0
1779747262189,-8316,27648,-5672,-3459,1219,-2614,running,0.00,0,0,0,0,0
1779747262190,-5562,27841,-5491,-3048,1342,-2222,running,0.00,0,0,0,0,0
1779747262191,-5435,25610,-3884,-2699,1224,-1730,running,0.00,0,0,0,0,0
1779747262226,-3668,23589,-4313,-2431,1491,-1690,running,0.00,0,0,0,0,0
1779747262226,-1471,20151,-5097,-1782,1690,-1941,running,0.00,0,0,0,0,0
1779747262227,2066,16087,-2272,-1407,1588,-2031,running,0.00,0,0,0,0,0
1779747262250,7152,15427,-3316,-1385,1284,-1303,running,0.00,0,0,0,0,0
1779747262252,10008,11246,-2511,-1551,1101,-1016,running,0.00,0,0,0,0,0
1779747262252,8949,9904,-1440,-1660,330,-1328,running,0.00,0,0,0,0,0
1779747262281,4897,11459,-2713,-1733,272,-1188,running,0.00,0,0,0,0,0
1779747262282,5731,14496,-4199,-1563,507,-760,running,0.00,0,0,0,0,0
1779747262283,5180,13875,-4216,-943,358,-640,running,0.00,0,0,0,0,0
1779747262314,4543,15424,-5753,-197,524,-330,running,0.00,0,0,0,0,0
1779747262315,4892,14878,-7062,496,624,-62,running,0.00,0,0,0,0,0
1779747262317,4283,12883,-7112,1096,754,92,running,0.00,0,0,0,0,0
1779747262340,3883,11157,-6929,1582,957,315,running,0.00,0,0,0,0,0
1779747262341,4347,8628,-6151,1778,1025,599,running,0.00,0,0,0,0,0
1779747262341,4839,5884,-4900,1606,982,863,running,0.00,0,0,0,0,0
1779747262369,4741,3769,-3880,1333,903,1105,running,0.00,0,0,0,0,0
1779747262370,4444,4295,-3286,1055,796,1472,running,0.00,0,0,0,0,0
1779747262370,4135,5310,-2701,644,598,1811,running,0.00,0,0,0,0,0
1779747262400,3783,7700,-1591,349,384,1999,running,0.00,0,0,0,0,0
1779747262401,2968,11105,-523,278,269,2162,running,0.00,0,0,0,0,0
1779747262401,2333,13567,871,287,174,2365,running,0.00,0,0,0,0,0
1779747262429,1543,15590,1959,464,129,2671,running,0.00,0,0,0,0,0
1779747262430,1491,18075,2746,730,102,3035,running,0.00,0,0,0,0,0
1779747262431,1860,21869,2307,849,-36,3376,running,0.00,0,0,0,0,0
1779747262460,2074,29560,1606,991,-242,3574,running,0.00,0,0,0,0,0
1779747262461,2190,32767,-316,1124,-397,3445,running,0.00,0,0,0,0,0
1779747262461,1280,32767,-2163,1097,-435,3048,running,0.00,0,0,0,0,0
1779747262491,-7018,32684,370,1387,-370,2677,running,0.00,0,0,0,0,0
1779747262491,-20264,32767,3572,1148,-375,2600,running,0.00,0,0,0,0,0
1779747262492,-29504,32767,5152,355,-467,3183,running,0.00,0,0,0,0,0
1779747262520,-32768,32765,3155,-285,-756,3857,running,0.00,0,0,0,0,0
1779747262520,-32281,32767,1337,-610,-1130,4013,running,0.00,0,0,0,0,0
1779747262521,-17284,31495,-640,-1645,-1966,3798,running,0.00,0,0,0,0,0
1779747262549,-12304,30180,-3401,-2182,-2495,3783,running,0.00,0,0,0,0,0
1779747262558,-18135,30865,-2229,-1750,-3010,3599,running,0.00,0,0,0,0,0
1779747262559,-16845,26074,-1858,-907,-2991,2998,running,0.00,0,0,0,0,0
1779747262579,-13709,21656,-4967,-44,-2940,2904,running,0.00,0,0,0,0,0
1779747262580,-13315,14666,-2001,574,-3101,2868,running,0.00,0,0,0,0,0
1779747262580,-8778,13227,-5941,900,-2964,2537,running,0.00,0,0,0,0,0
1779747262610,-6754,7710,-6380,1083,-3210,1917,running,0.00,0,0,0,0,0
1779747262614,-8317,5246,-6063,1272,-3328,1600,running,0.00,0,0,0,0,0
1779747262615,-7987,4476,-6715,1448,-3347,1296,running,0.00,0,0,0,0,0
1779747262639,-7987,3334,-5901,1639,-3486,1060,running,0.00,0,0,0,0,0
1779747262640,-7891,311,-5010,2008,-3488,947,running,0.00,0,0,0,0,0
1779747262640,-7792,-2607,-3741,2399,-3494,855,running,0.00,0,0,0,0,0
1779747262670,-8969,-6038,-2218,2587,-3462,601,running,0.00,0,0,0,0,0
1779747262673,-9264,-9009,-1320,2610,-3356,222,running,0.00,0,0,0,0,0
1779747262674,-9227,-10810,234,2494,-3264,-147,running,0.00,0,0,0,0,0
1779747262699,-8912,-12491,1658,2236,-3182,-535,running,0.00,0,0,0,0,0
1779747262729,-9866,-14179,3517,1961,-3182,-666,running,0.00,0,0,0,0,0
1779747262731,-13497,-14318,7012,1372,-3370,-679,running,0.00,0,0,0,0,0
1779747262732,-16158,-15282,9509,589,-3397,-1067,running,0.00,0,0,0,0,0
1779747262732,-16953,-19223,11245,-240,-3146,-1474,running,0.00,0,0,0,0,0
1779747262733,-15919,-8980,9586,-782,-2559,-1530,running,0.00,0,0,0,0,0
1779747262759,-15452,-4806,7860,-534,-2182,-2168,running,0.00,0,0,0,0,0
1779747262760,-14745,-952,8344,-555,-1817,-2254,running,0.00,0,0,0,0,0
1779747262760,-14444,-1033,6655,-729,-1097,-1682,running,0.00,0,0,0,0,0
1779747262790,-17299,15459,15731,273,-356,-922,running,0.00,0,0,0,0,0
1779747262791,-17110,18023,9490,1208,1473,-1965,running,0.00,0,0,0,0,0
1779747262791,-14788,11682,6935,110,2436,-3268,running,0.00,0,0,0,0,0
1779747262820,-9625,13746,9795,-121,2916,-3403,running,0.00,0,0,0,0,0
1779747262821,-12355,19423,12812,-489,3087,-3210,running,0.00,0,0,0,0,0
1779747262821,-15095,20847,12794,-1336,3222,-3452,running,0.00,0,0,0,0,0
1779747262851,-18568,27525,7073,-2186,3169,-3764,running,0.00,0,0,0,0,0
1779747262852,-24327,32767,2132,-3090,2775,-4085,running,0.00,0,0,0,0,0
1779747262852,-28695,32767,-5418,-4137,2525,-4080,running,0.00,0,0,0,0,0
1779747262879,-31437,32654,-9781,-4290,2274,-3635,running,0.00,0,0,0,0,0
1779747262879,-29244,32767,-10601,-3831,2049,-2938,running,0.00,0,0,0,0,0
1779747262880,-27685,32767,-10178,-3374,2077,-2054,running,0.00,0,0,0,0,0
1779747262911,-22300,32765,-12042,-2714,2321,-1645,running,0.00,0,0,0,0,0
1779747262912,-17054,32742,-11140,-2479,2173,-1617,running,0.00,0,0,0,0,0
1779747262913,-10861,32521,-11098,-2824,1908,-1607,running,0.00,0,0,0,0,0
1779747262939,-6838,31433,-9059,-2911,1682,-1529,running,0.00,0,0,0,0,0
1779747262940,-5094,30599,-8984,-2406,1941,-1271,running,0.00,0,0,0,0,0
1779747262940,-38,28275,-9502,-2099,1783,-1211,running,0.00,0,0,0,0,0
1779747262970,2428,21525,-6736,-2085,1442,-1122,running,0.00,0,0,0,0,0
1779747262971,3878,19055,-7066,-2245,1292,-931,running,0.00,0,0,0,0,0
1779747262972,3899,16206,-5429,-2355,1221,-891,running,0.00,0,0,0,0,0
1779747262999,5904,12982,-5346,-2446,1267,-860,running,0.00,0,0,0,0,0
1779747263000,6791,12068,-5299,-2605,1052,-763,running,0.00,0,0,0,0,0
1779747263000,6050,10550,-4109,-2591,965,-692,running,0.00,0,0,0,0,0
1779747263030,7030,11462,-4338,-2613,916,-807,running,0.00,0,0,0,0,0
1779747263031,9126,11800,-5251,-2514,659,-1068,running,0.00,0,0,0,0,0
1779747263031,5684,14536,-4530,-1834,622,-410,running,0.00,0,0,0,0,0
1779747263059,4919,16951,-8072,-1041,1386,-213,running,0.00,0,0,0,0,0
1779747263060,5001,12841,-9242,-418,1379,-1093,running,0.00,0,0,0,0,0
1779747263061,10587,7751,-9527,-548,1024,-759,running,0.00,0,0,0,0,0
1779747263090,12164,9528,-7581,-785,528,835,running,0.00,0,0,0,0,0
1779747263090,9591,10577,-7182,-494,503,1857,running,0.00,0,0,0,0,0
1779747263091,7666,7078,-5432,-341,428,2093,running,0.00,0,0,0,0,0
1779747263119,7692,4232,-4329,-344,303,2128,running,0.00,0,0,0,0,0
1779747263119,7658,3890,-3471,-422,131,2204,running,0.00,0,0,0,0,0
1779747263120,7821,4146,-3269,-627,-111,2323,running,0.00,0,0,0,0,0
1779747263153,7239,4741,-3156,-850,-439,2492,running,0.00,0,0,0,0,0
1779747263154,5667,7025,-2694,-835,-679,2629,running,0.00,0,0,0,0,0
1779747263155,4202,9782,-1474,-656,-779,2634,running,0.00,0,0,0,0,0
1779747263180,4241,9975,-909,-485,-863,2623,running,0.00,0,0,0,0,0
1779747263184,5287,10674,46,-247,-1053,2753,running,0.00,0,0,0,0,0
1779747263184,5376,13973,2150,44,-1224,2929,running,0.00,0,0,0,0,0
1779747263213,4767,18142,3459,409,-1270,3115,running,0.00,0,0,0,0,0
1779747263214,6914,22379,6340,904,-1307,3293,running,0.00,0,0,0,0,0
1779747263214,8427,30604,9150,1397,-1357,3490,running,0.00,0,0,0,0,0
1779747263239,8361,32767,10976,1713,-1448,3537,running,0.00,0,0,0,0,0
1779747263243,7533,32738,10369,2071,-1291,3432,running,0.00,0,0,0,0,0
1779747263244,2904,32704,8924,2322,-1082,3292,running,0.00,0,0,0,0,0
1779747263270,-6101,32767,11025,2363,-1014,3122,running,0.00,0,0,0,0,0
1779747263271,-14476,32767,12345,1734,-1228,3076,running,0.00,0,0,0,0,0
1779747263271,-17833,32765,10144,1162,-1324,3499,running,0.00,0,0,0,0,0
1779747263302,-19129,32767,6496,925,-1459,4054,running,0.00,0,0,0,0,0
1779747263302,-20043,32767,6637,326,-1929,3791,running,0.00,0,0,0,0,0
1779747263303,-14513,32300,3005,327,-1859,3598,running,0.00,0,0,0,0,0
1779747263329,-10090,26037,1403,170,-2180,3512,running,0.00,0,0,0,0,0
1779747263329,-7935,15063,3225,-814,-2878,2842,running,0.00,0,0,0,0,0
1779747263330,-7537,11868,2041,-1536,-3242,2097,running,0.00,0,0,0,0,0
1779747263362,-6957,10121,1138,-1497,-3376,1293,running,0.00,0,0,0,0,0
1779747263363,-5453,8224,-487,-1196,-3396,522,running,0.00,0,0,0,0,0
1779747263363,-2065,4371,-1160,-941,-3429,-103,running,0.00,0,0,0,0,0
1779747263391,-1596,5013,-307,-1001,-3666,-397,running,0.00,0,0,0,0,0
1779747263391,-5287,6254,-417,-219,-3436,-555,running,0.00,0,0,0,0,0
1779747263392,-5544,1548,882,607,-3078,-1016,running,0.00,0,0,0,0,0
1779747263419,-5567,-1845,983,1202,-2790,-1365,running,0.00,0,0,0,0,0
1779747263423,-7331,-5209,1924,1584,-2669,-1658,running,0.00,0,0,0,0,0
1779747263424,-9534,-7448,3707,1854,-2552,-2022,running,0.00,0,0,0,0,0
1779747263449,-10945,-8772,4841,2056,-2341,-2397,running,0.00,0,0,0,0,0
1779747263449,-12879,-9912,4266,2059,-2178,-2659,running,0.00,0,0,0,0,0
1779747263450,-16161,-10153,3152,1991,-2068,-2748,running,0.00,0,0,0,0,0
1779747263480,-19210,-11119,3594,1870,-1922,-2939,running,0.00,0,0,0,0,0
1779747263481,-21508,-12029,3984,1628,-1643,-3042,running,0.00,0,0,0,0,0
1779747263481,-21204,-11461,3280,1320,-1451,-3037,running,0.00,0,0,0,0,0
1779747263509,-19430,-12417,4382,792,-1350,-2988,running,0.00,0,0,0,0,0
1779747263510,-22643,-7534,7076,332,-855,-2720,running,0.00,0,0,0,0,0
1779747263511,-24566,-4320,6455,400,-2,-3307,running,0.00,0,0,0,0,0
1779747263544,-23876,689,3276,547,634,-3901,running,0.00,0,0,0,0,0
1779747263545,-17541,-1559,314,588,837,-4221,running,0.00,0,0,0,0,0
1779747263545,-21785,2859,4748,686,704,-2875,running,0.00,0,0,0,0,0
1779747263569,-23911,15565,1714,1011,1655,-2921,running,0.00,0,0,0,0,0
1779747263570,-20232,11501,-2953,845,2158,-4264,running,0.00,0,0,0,0,0
1779747263571,-21117,7253,766,184,2207,-4747,running,0.00,0,0,0,0,0
1779747263600,-23599,6132,1819,-456,2559,-4800,running,0.00,0,0,0,0,0
1779747263600,-22438,8430,1657,-1251,2696,-4706,running,0.00,0,0,0,0,0
1779747263601,-25770,16621,4022,-2578,2233,-4432,running,0.00,0,0,0,0,0
1779747263629,-32527,31227,1534,-3324,2409,-4515,running,0.00,0,0,0,0,0
1779747263630,-32732,32594,-9462,-3705,2130,-5435,running,0.00,0,0,0,0,0
1779747263631,-32762,32704,-11687,-3444,1867,-4921,running,0.00,0,0,0,0,0
1779747263660,-32434,32767,-11689,-3027,1784,-4221,running,0.00,0,0,0,0,0
1779747263660,-27977,32766,-10836,-2373,1777,-3297,running,0.00,0,0,0,0,0
1779747263661,-20446,32765,-7952,-2086,1645,-2590,running,0.00,0,0,0,0,0
1779747263690,-16749,31394,-4180,-2118,1598,-2151,running,0.00,0,0,0,0,0
1779747263694,-8898,31437,-5410,-2543,1686,-2074,running,0.00,0,0,0,0,0
1779747263695,-3952,29221,-2589,-2933,1301,-2236,running,0.00,0,0,0,0,0
1779747263719,-2532,23560,1018,-4621,718,-3317,running,0.00,0,0,0,0,0
1779747263720,-3025,22096,-914,-5984,479,-3764,running,0.00,0,0,0,0,0
1779747263721,4602,25085,259,-4047,706,-1747,running,0.00,0,0,0,0,0
1779747263749,6194,31310,-583,-3212,547,122,running,0.00,0,0,0,0,0
1779747263749,1515,24074,-804,-3095,540,-142,running,0.00,0,0,0,0,0
1779747263750,3826,15845,-804,-2469,544,-684,running,0.00,0,0,0,0,0
1779747263780,10871,16688,-2818,-2306,551,384,running,0.00,0,0,0,0,0
1779747263781,11734,12489,-2512,-2396,326,979,running,0.00,0,0,0,0,0
1779747263781,10716,11589,-2994,-2189,91,1219,running,0.00,0,0,0,0,0
1779747263809,12757,10830,-4110,-1860,467,1325,running,0.00,0,0,0,0,0
1779747263809,13581,8910,-2834,-1823,337,1283,running,0.00,0,0,0,0,0
1779747263810,14966,8234,-3236,-1682,337,1312,running,0.00,0,0,0,0,0
1779747263840,16085,8697,-2898,-1577,339,1433,running,0.00,0,0,0,0,0
1779747263840,13947,8036,-1982,-1661,154,1508,running,0.00,0,0,0,0,0
1779747263841,11999,8589,-1296,-1682,78,1588,running,0.00,0,0,0,0,0
1779747263869,11226,9186,-605,-1452,-24,1812,running,0.00,0,0,0,0,0
1779747263876,9589,11054,-252,-1073,-64,2279,running,0.00,0,0,0,0,0
1779747263876,8079,12618,-388,-706,-194,2532,running,0.00,0,0,0,0,0
1779747263899,7033,12615,-459,-207,-295,2567,running,0.00,0,0,0,0,0
1779747263900,7407,12779,-740,440,-293,2689,running,0.00,0,0,0,0,0
1779747263900,7192,12605,-448,1134,-337,2953,running,0.00,0,0,0,0,0
1779747263928,6435,14022,843,1748,-393,3188,running,0.00,0,0,0,0,0
1779747263929,5964,14147,1549,2148,-496,3319,running,0.00,0,0,0,0,0
1779747263929,6166,14174,2246,2343,-701,3435,running,0.00,0,0,0,0,0
1779747263958,6534,17937,2862,2324,-1006,3518,running,0.00,0,0,0,0,0
1779747263959,6294,25649,2101,1943,-1380,3574,running,0.00,0,0,0,0,0
1779747263959,7173,31852,1091,1331,-1826,3595,running,0.00,0,0,0,0,0
1779747263991,5945,32767,1408,631,-2288,3618,running,0.00,0,0,0,0,0
1779747263991,-1968,32718,2222,321,-2621,3582,running,0.00,0,0,0,0,0
1779747263992,-13829,32736,2944,587,-2681,3470,running,0.00,0,0,0,0,0
1779747264019,-27858,32767,3366,709,-2467,3433,running,0.00,0,0,0,0,0
1779747264020,-32768,32767,3404,1505,-2260,3586,running,0.00,0,0,0,0,0
1779747264020,-32768,32766,6033,2092,-2090,3232,running,0.00,0,0,0,0,0
1779747264050,-32459,32767,69,3603,-1420,4381,running,0.00,0,0,0,0,0
1779747264051,-32249,32767,-585,4021,-1607,5198,running,0.00,0,0,0,0,0
1779747264051,-30978,28944,-319,4016,-1797,4595,running,0.00,0,0,0,0,0
1779747264079,-21693,15378,-756,3412,-1852,4052,running,0.00,0,0,0,0,0
1779747264079,-18025,7940,-3073,2235,-2237,3835,running,0.00,0,0,0,0,0
1779747264080,-16209,7110,-405,873,-2878,2649,running,0.00,0,0,0,0,0
1779747264110,-9721,-3823,-968,377,-3156,667,running,0.00,0,0,0,0,0
1779747264111,-2887,-709,-3866,29,-3374,1633,running,0.00,0,0,0,0,0
1779747264111,-6933,8021,-1218,256,-3910,3233,running,0.00,0,0,0,0,0
1779747264139,-12544,897,2289,1060,-4030,2751,running,0.00,0,0,0,0,0
1779747264140,-13454,-3009,5387,1462,-3668,1640,running,0.00,0,0,0,0,0
1779747264140,-11297,-6092,5005,1896,-3232,599,running,0.00,0,0,0,0,0
1779747264170,-11648,-10056,7519,2530,-3121,197,running,0.00,0,0,0,0,0
1779747264171,-15081,-15331,9671,2939,-3021,-42,running,0.00,0,0,0,0,0
1779747264172,-18075,-20533,11957,2831,-2891,-383,running,0.00,0,0,0,0,0
1779747264200,-20869,-21417,15183,2728,-2373,-445,running,0.00,0,0,0,0,0
1779747264201,-23424,-21506,13158,2023,-1861,-1061,running,0.00,0,0,0,0,0
1779747264202,-26827,-22350,12749,979,-2163,-2363,running,0.00,0,0,0,0,0
1779747264231,-24795,-22984,14057,229,-2006,-3747,running,0.00,0,0,0,0,0
1779747264231,-22556,-20775,11218,-68,-1343,-3476,running,0.00,0,0,0,0,0
1779747264232,-28425,-10141,11026,-739,-1449,-2086,running,0.00,0,0,0,0,0
1779747264259,-32768,-5609,8472,-901,-1513,-2270,running,0.00,0,0,0,0,0
1779747264260,-31812,-2849,15022,-776,-455,-4117,running,0.00,0,0,0,0,0
1779747264261,-26524,3099,3751,-980,1281,-5672,running,0.00,0,0,0,0,0
1779747264289,-25282,3086,-3276,-1675,1136,-6634,running,0.00,0,0,0,0,0
1779747264289,-30816,5444,4760,-2461,918,-6656,running,0.00,0,0,0,0,0
1779747264289,-32768,22185,7329,-2994,1769,-6223,running,0.00,0,0,0,0,0
1779747264318,-32768,31393,7353,-3558,2216,-6480,running,0.00,0,0,0,0,0
1779747264319,-32714,32767,7725,-4137,2100,-6961,running,0.00,0,0,0,0,0
1779747264319,-32729,32767,5465,-4158,2232,-8021,running,0.00,0,0,0,0,0
1779747264349,-31955,32732,4203,-4480,2460,-8035,running,0.00,0,0,0,0,0
1779747264350,-29389,32767,-15796,-4570,2664,-6889,running,0.00,0,0,0,0,0
1779747264351,-28852,32767,-9408,-3996,1598,-6236,running,0.00,0,0,0,0,0
1779747264378,-22980,32766,-7232,-3965,1580,-4926,running,0.00,0,0,0,0,0
1779747264378,-19210,32767,-8261,-3637,2044,-3254,running,0.00,0,0,0,0,0
1779747264379,-5080,32767,-5950,-3726,1589,-2845,running,0.00,0,0,0,0,0
1779747264409,4912,32767,-415,-4248,1000,-2418,running,0.00,0,0,0,0,0
1779747264409,15497,32619,-400,-4595,877,-2235,running,0.00,0,0,0,0,0
1779747264410,25330,31318,-1022,-4943,657,-1704,running,0.00,0,0,0,0,0
1779747264438,29863,26319,-3159,-5270,207,-661,running,0.00,0,0,0,0,0
1779747264438,29370,25181,-6159,-5197,-177,697,running,0.00,0,0,0,0,0
1779747264439,23249,21794,-8817,-4681,-322,1493,running,0.00,0,0,0,0,0
1779747264468,18574,19875,-11402,-3822,-157,1972,running,0.00,0,0,0,0,0
1779747264469,16937,14593,-10767,-2820,59,2051,running,0.00,0,0,0,0,0
1779747264470,18270,9777,-10285,-1830,249,2041,running,0.00,0,0,0,0,0
1779747264498,14204,11473,-5853,-1003,159,2759,running,0.00,0,0,0,0,0
1779747264498,13502,10600,-5805,-1080,290,2900,running,0.00,0,0,0,0,0
1779747264500,17513,5667,-3338,-479,531,2721,running,0.00,0,0,0,0,0
1779747264528,12241,8278,-2455,242,699,3454,running,0.00,0,0,0,0,0
1779747264529,7279,7169,-1308,537,773,3578,running,0.00,0,0,0,0,0
1779747264529,5661,5473,99,378,784,3326,running,0.00,0,0,0,0,0
1779747264558,4239,6451,832,-354,738,3226,running,0.00,0,0,0,0,0
1779747264560,4061,11018,-978,-655,1048,3530,running,0.00,0,0,0,0,0
1779747264560,5313,12407,735,-919,809,3821,running,0.00,0,0,0,0,0
1779747264588,2038,13340,1232,-1558,397,3749,running,0.00,0,0,0,0,0
1779747264588,612,15528,567,-1577,269,3838,running,0.00,0,0,0,0,0
1779747264588,1019,18769,2515,-1189,88,4015,running,0.00,0,0,0,0,0
1779747264619,2016,22004,3896,-771,-209,4131,running,0.00,0,0,0,0,0
1779747264619,2845,26116,5546,-339,-569,4115,running,0.00,0,0,0,0,0
1779747264620,4111,31968,7663,141,-899,3925,running,0.00,0,0,0,0,0
1779747264648,4945,32767,9380,266,-1344,3553,running,0.00,0,0,0,0,0
1779747264648,4700,32712,9837,125,-1946,3142,running,0.00,0,0,0,0,0
1779747264649,1097,32738,11112,-35,-2368,2905,running,0.00,0,0,0,0,0
1779747264679,-6130,32767,12593,-142,-2520,2605,running,0.00,0,0,0,0,0
1779747264679,-24415,32767,14305,-412,-2807,1560,running,0.00,0,0,0,0,0
1779747264679,-32768,32766,6103,-80,-2694,551,running,0.00,0,0,0,0,0
1779747264708,-32768,32767,3785,263,-3413,1099,running,0.00,0,0,0,0,0
1779747264709,-32139,32767,4210,-353,-4792,2901,running,0.00,0,0,0,0,0
1779747264709,-24623,32619,2646,174,-4823,3098,running,0.00,0,0,0,0,0
1779747264740,-14957,22410,2097,870,-5165,2120,running,0.00,0,0,0,0,0
1779747264740,-14634,19486,1206,772,-5235,1887,running,0.00,0,0,0,0,0
1779747264741,-15867,18998,-240,1998,-4860,1314,running,0.00,0,0,0,0,0
1779747264769,-13646,12298,2368,3545,-4110,719,running,0.00,0,0,0,0,0
1779747264770,-7872,7803,1676,4053,-3540,345,running,0.00,0,0,0,0,0
1779747264770,-9360,-1149,2403,4000,-3341,-392,running,0.00,0,0,0,0,0
1779747264802,-4540,-5954,2360,3404,-3262,-1004,running,0.00,0,0,0,0,0
1779747264802,-5822,-4422,4679,3483,-3204,-667,running,0.00,0,0,0,0,0
1779747264803,-9613,-8841,7235,3198,-2608,-573,running,0.00,0,0,0,0,0
1779747264829,-8265,-10048,6146,2753,-2187,-740,running,0.00,0,0,0,0,0
1779747264829,-9344,-10891,6740,1532,-2704,-1191,running,0.00,0,0,0,0,0
1779747264830,-13163,-13527,5569,599,-3032,-1805,running,0.00,0,0,0,0,0
1779747264863,-18417,-16282,6644,289,-3019,-2190,running,0.00,0,0,0,0,0
1779747264863,-21795,-16467,9599,78,-2541,-2104,running,0.00,0,0,0,0,0
1779747264864,-22785,-14491,12188,112,-2075,-1852,running,0.00,0,0,0,0,0
1779747264889,-22903,-13187,14998,-148,-1529,-1856,running,0.00,0,0,0,0,0
1779747264890,-19267,-13082,14403,-297,-701,-2095,running,0.00,0,0,0,0,0
1779747264891,-17612,-7970,7976,-104,-118,-2390,running,0.00,0,0,0,0,0
1779747264920,-17181,-3503,9736,533,172,-2927,running,0.00,0,0,0,0,0
1779747264921,-14287,-6083,5896,475,676,-3303,running,0.00,0,0,0,0,0
1779747264921,-12894,-1888,5357,280,659,-3242,running,0.00,0,0,0,0,0
1779747264949,-18852,-7182,15242,-217,1104,-3492,running,0.00,0,0,0,0,0
1779747264949,-17759,-3093,-5163,-1292,2430,-3760,running,0.00,0,0,0,0,0
1779747264950,-24246,8898,1199,-1541,1998,-4141,running,0.00,0,0,0,0,0
1779747264980,-21345,11981,-728,-1974,2499,-4002,running,0.00,0,0,0,0,0
1779747264981,-20773,15532,-2018,-2339,2424,-3668,running,0.00,0,0,0,0,0
1779747264982,-26041,26473,5859,-2687,2640,-3357,running,0.00,0,0,0,0,0
1779747265013,-28242,32767,2577,-2419,3445,-3287,running,0.00,0,0,0,0,0
1779747265013,-26781,32767,-1460,-2105,3663,-3636,running,0.00,0,0,0,0,0
1779747265014,-25955,32620,-3171,-2232,3267,-3822,running,0.00,0,0,0,0,0
1779747265039,-26780,32767,-1536,-2660,2694,-3654,running,0.00,0,0,0,0,0
1779747265040,-26318,32767,-825,-3621,2205,-2951,running,0.00,0,0,0,0,0
1779747265040,-23646,32764,-1002,-4768,1828,-2205,running,0.00,0,0,0,0,0
1779747265072,-19379,32767,-596,-5402,1667,-1777,running,0.00,0,0,0,0,0
1779747265073,-11379,32767,-1330,-5110,1634,-1271,running,0.00,0,0,0,0,0
1779747265073,-9217,32579,-1119,-4562,1385,-1111,running,0.00,0,0,0,0,0
1779747265100,-2915,32280,-3077,-4263,1170,-1040,running,0.00,0,0,0,0,0
1779747265101,5781,27202,-3362,-3269,1176,-914,running,0.00,0,0,0,0,0
1779747265101,7801,26939,-4668,-2354,1219,12,running,0.00,0,0,0,0,0
1779747265131,5859,24818,-4963,-1688,1141,415,running,0.00,0,0,0,0,0
1779747265132,4013,20017,-5654,-1037,1131,649,running,0.00,0,0,0,0,0
1779747265133,2169,16115,-6220,-858,1134,837,running,0.00,0,0,0,0,0
1779747265159,2366,11347,-6329,-907,1067,710,running,0.00,0,0,0,0,0
1779747265160,5688,7857,-6521,-608,1252,733,running,0.00,0,0,0,0,0
1779747265160,9587,6029,-4752,-457,1241,1042,running,0.00,0,0,0,0,0
1779747265197,11629,5051,-3514,-704,1090,1453,running,0.00,0,0,0,0,0
1779747265198,10967,4437,-2763,-1006,927,1643,running,0.00,0,0,0,0,0
1779747265199,10368,4272,-2543,-1042,824,1548,running,0.00,0,0,0,0,0
1779747265220,11815,4777,-1578,-984,731,1328,running,0.00,0,0,0,0,0
1779747265221,11436,3469,-1310,-922,620,1211,running,0.00,0,0,0,0,0
1779747265221,12165,5027,-1560,-576,804,1470,running,0.00,0,0,0,0,0
1779747265251,10494,6634,-1200,-454,804,1849,running,0.00,0,0,0,0,0
1779747265252,9596,7256,-292,-511,673,1908,running,0.00,0,0,0,0,0
1779747265253,10756,8227,296,-223,622,2042,running,0.00,0,0,0,0,0
1779747265281,10325,7405,2326,-478,311,2101,running,0.00,0,0,0,0,0
1779747265282,7925,8149,2977,-726,-52,1911,running,0.00,0,0,0,0,0
1779747265284,7640,12805,4648,-728,-254,1866,running,0.00,0,0,0,0,0
1779747265310,7980,16404,6817,-957,-767,2075,running,0.00,0,0,0,0,0
1779747265310,6183,21023,8615,-1130,-1578,2451,running,0.00,0,0,0,0,0
1779747265311,4218,27412,10378,-844,-2306,2828,running,0.00,0,0,0,0,0
1779747265339,2984,30969,10789,-519,-2984,3211,running,0.00,0,0,0,0,0
1779747265340,3506,32767,10938,-260,-3684,3801,running,0.00,0,0,0,0,0
1779747265340,4144,32767,10233,75,-4400,4355,running,0.00,0,0,0,0,0
1779747265369,3986,32727,10247,193,-4986,4516,running,0.00,0,0,0,0,0
1779747265370,2715,32767,11970,-104,-5457,4077,running,0.00,0,0,0,0,0
1779747265371,-2090,32767,14106,-94,-5839,3335,running,0.00,0,0,0,0,0
1779747265400,-6277,32766,15384,264,-6049,3051,running,0.00,0,0,0,0,0
1779747265401,-10218,32767,15632,551,-6122,3287,running,0.00,0,0,0,0,0
1779747265401,-16477,32767,15759,845,-6093,3670,running,0.00,0,0,0,0,0
1779747265430,-20072,32767,13491,1343,-5665,3554,running,0.00,0,0,0,0,0
1779747265430,-19331,32767,10529,1990,-5180,2862,running,0.00,0,0,0,0,0
1779747265431,-15269,32110,8723,2639,-4533,2361,running,0.00,0,0,0,0,0
1779747265460,-14147,31572,8562,3323,-3975,2566,running,0.00,0,0,0,0,0
1779747265460,-17848,30771,7442,4537,-3173,2584,running,0.00,0,0,0,0,0
1779747265461,-14752,14671,7298,5893,-2337,1654,running,0.00,0,0,0,0,0
1779747265489,-6831,191,8166,5555,-1964,1160,running,0.00,0,0,0,0,0
1779747265490,-4795,-3661,6166,4112,-1900,1202,running,0.00,0,0,0,0,0
1779747265490,-3378,-5297,2704,2014,-2164,894,running,0.00,0,0,0,0,0
1779747265520,-5509,-10847,1371,455,-2573,-6,running,0.00,0,0,0,0,0
1779747265521,-7618,-11721,3141,-692,-2997,-833,running,0.00,0,0,0,0,0
1779747265521,-11740,-8392,3764,-1406,-2988,-1245,running,0.00,0,0,0,0,0
1779747265549,-14198,-8912,4909,-1579,-2731,-1571,running,0.00,0,0,0,0,0
1779747265550,-14835,-9687,3882,-1457,-2612,-1749,running,0.00,0,0,0,0,0
1779747265550,-17578,-9384,4730,-1156,-2526,-1964,running,0.00,0,0,0,0,0
1779747265579,-20122,-8694,4554,-569,-2084,-2199,running,0.00,0,0,0,0,0
1779747265582,-21227,-7724,3665,-62,-1533,-2284,running,0.00,0,0,0,0,0
1779747265583,-21993,-5620,5760,262,-1140,-2187,running,0.00,0,0,0,0,0
1779747265609,-19727,-5436,10419,65,-483,-2053,running,0.00,0,0,0,0,0
1779747265610,-14311,-5172,11923,-589,21,-1714,running,0.00,0,0,0,0,0
1779747265610,-16206,-5580,3233,-1269,76,-887,running,0.00,0,0,0,0,0
1779747265642,-28610,4440,6825,27,99,-892,running,0.00,0,0,0,0,0
1779747265643,-21458,451,19415,829,1382,-2417,running,0.00,0,0,0,0,0
1779747265643,-14771,-9078,11394,-638,2585,-3607,running,0.00,0,0,0,0,0
1779747265669,-15874,-4720,9632,-1434,2891,-3245,running,0.00,0,0,0,0,0
1779747265670,-16309,3066,6397,-1981,3120,-3291,running,0.00,0,0,0,0,0
1779747265671,-15411,7758,4657,-2357,3114,-3648,running,0.00,0,0,0,0,0
1779747265701,-14085,9315,3090,-2470,3259,-3650,running,0.00,0,0,0,0,0
1779747265702,-18943,17545,6853,-2546,3526,-3337,running,0.00,0,0,0,0,0
1779747265702,-24657,22594,9781,-1986,4524,-4008,running,0.00,0,0,0,0,0
1779747265730,-18712,24543,9492,-2160,5095,-4598,running,0.00,0,0,0,0,0
1779747265730,-19327,32513,3051,-2362,4848,-4593,running,0.00,0,0,0,0,0
1779747265731,-20753,32767,6929,-2857,3767,-5040,running,0.00,0,0,0,0,0
1779747265760,-26174,32641,5109,-3578,3102,-4787,running,0.00,0,0,0,0,0
1779747265761,-30062,32745,1686,-3483,2663,-3962,running,0.00,0,0,0,0,0
1779747265764,-30796,32767,3264,-3047,2272,-3008,running,0.00,0,0,0,0,0
1779747265790,-27030,32765,3798,-2785,2319,-2592,running,0.00,0,0,0,0,0
1779747265791,-17064,32766,876,-2614,2383,-2558,running,0.00,0,0,0,0,0
1779747265791,-15253,32767,4344,-2184,2406,-2095,running,0.00,0,0,0,0,0
1779747265820,-4560,32767,-1165,-2294,2606,-1835,running,0.00,0,0,0,0,0
1779747265821,292,32164,814,-1947,2304,-1234,running,0.00,0,0,0,0,0
1779747265821,3267,24850,2998,-2812,2089,-643,running,0.00,0,0,0,0,0
1779747265850,2778,22772,1260,-2860,2109,-484,running,0.00,0,0,0,0,0
1779747265850,7492,21040,585,-1903,2302,-5,running,0.00,0,0,0,0,0
1779747265851,14483,17287,180,-1234,2298,413,running,0.00,0,0,0,0,0
1779747265880,17394,14642,99,-1422,1901,692,running,0.00,0,0,0,0,0
1779747265880,13760,13851,-824,-1318,1656,925,running,0.00,0,0,0,0,0
1779747265881,13243,11653,-2075,-760,1819,969,running,0.00,0,0,0,0,0
1779747265908,15846,8232,-3195,-295,1938,884,running,0.00,0,0,0,0,0
1779747265909,16981,7441,-3937,-9,1917,1069,running,0.00,0,0,0,0,0
1779747265910,16840,7001,-1671,154,1680,1338,running,0.00,0,0,0,0,0
1779747265939,17067,5998,1265,90,1265,1574,running,0.00,0,0,0,0,0
1779747265940,14570,6354,3892,-111,860,1717,running,0.00,0,0,0,0,0
1779747265941,15253,7978,4529,-225,774,1726,running,0.00,0,0,0,0,0
1779747265969,16021,9593,4940,-291,631,1848,running,0.00,0,0,0,0,0
1779747265969,14484,9545,5909,-334,325,2080,running,0.00,0,0,0,0,0
1779747265970,12683,9621,6006,-587,48,2237,running,0.00,0,0,0,0,0
1779747266001,11963,10672,4275,-925,-293,2368,running,0.00,0,0,0,0,0
1779747266002,6343,12203,2718,-1086,-788,2489,running,0.00,0,0,0,0,0
1779747266002,5338,13035,555,-949,-1057,2519,running,0.00,0,0,0,0,0
1779747266029,3557,15994,2335,-621,-1438,2455,running,0.00,0,0,0,0,0
1779747266030,751,13465,4719,24,-1899,1489,running,0.00,0,0,0,0,0
1779747266031,6076,11790,10096,552,-2190,1429,running,0.00,0,0,0,0,0
1779747266059,10998,21809,9918,-322,-2697,3034,running,0.00,0,0,0,0,0
1779747266059,4368,32767,11704,-238,-3347,4256,running,0.00,0,0,0,0,0
1779747266060,1220,32767,11535,339,-3748,3946,running,0.00,0,0,0,0,0
1779747266089,2127,32608,11756,195,-3721,3438,running,0.00,0,0,0,0,0
1779747266090,572,32757,14524,195,-3733,2907,running,0.00,0,0,0,0,0
1779747266090,-4751,32767,17039,-124,-3788,2372,running,0.00,0,0,0,0,0
1779747266121,-13197,32764,20600,-275,-3874,2350,running,0.00,0,0,0,0,0
1779747266122,-24375,32766,20093,-283,-4028,2521,running,0.00,0,0,0,0,0
1779747266122,-31683,32767,15498,-105,-4155,2392,running,0.00,0,0,0,0,0
1779747266149,-29351,32767,10284,40,-4342,1937,running,0.00,0,0,0,0,0
1779747266149,-21661,32767,7621,-288,-4524,1888,running,0.00,0,0,0,0,0
1779747266150,-18438,32015,6097,-477,-4683,2039,running,0.00,0,0,0,0,0
1779747266183,-20866,25769,4970,-207,-4584,1667,running,0.00,0,0,0,0,0
1779747266183,-19277,18136,2771,1136,-3982,1063,running,0.00,0,0,0,0,0
1779747266184,-9354,12384,-214,2222,-3631,835,running,0.00,0,0,0,0,0
1779747266209,-8091,11371,278,2527,-3696,1024,running,0.00,0,0,0,0,0
1779747266212,-10297,2381,1249,2991,-3500,250,running,0.00,0,0,0,0,0
1779747266212,-9173,-6012,-495,3457,-2976,-389,running,0.00,0,0,0,0,0
1779747266243,-2380,-5786,-4539,3090,-3341,-76,running,0.00,0,0,0,0,0
1779747266244,-11266,-6791,394,1780,-3944,-588,running,0.00,0,0,0,0,0
1779747266244,-10954,-13101,1031,2809,-3192,-1294,running,0.00,0,0,0,0,0
1779747266271,-12017,-13700,780,2680,-2871,-1542,running,0.00,0,0,0,0,0
1779747266271,-14778,-12970,1358,2240,-2516,-1806,running,0.00,0,0,0,0,0
1779747266272,-16139,-17680,688,1960,-2088,-2117,running,0.00,0,0,0,0,0
1779747266299,-14968,-15314,-183,740,-2326,-1886,running,0.00,0,0,0,0,0
1779747266300,-21966,-11275,3025,102,-2460,-2040,running,0.00,0,0,0,0,0
1779747266301,-21778,-15461,7131,-101,-1951,-2885,running,0.00,0,0,0,0,0
1779747266331,-17763,-11934,7469,-1276,-1340,-2997,running,0.00,0,0,0,0,0
1779747266332,-20460,-6008,6792,-1384,-569,-2767,running,0.00,0,0,0,0,0
1779747266332,-19927,-3852,9860,-869,326,-2854,running,0.00,0,0,0,0,0
1779747266359,-16133,-1338,8970,-275,1308,-2822,running,0.00,0,0,0,0,0
1779747266360,-16635,-1321,9706,-94,1851,-2785,running,0.00,0,0,0,0,0
1779747266360,-19148,-2062,12069,-203,2429,-2722,running,0.00,0,0,0,0,0
1779747266389,-16879,-900,10122,-538,3110,-2674,running,0.00,0,0,0,0,0
1779747266390,-14652,595,7214,-1089,3475,-2692,running,0.00,0,0,0,0,0
1779747266390,-16009,1585,6807,-1495,3527,-2574,running,0.00,0,0,0,0,0
1779747266418,-17462,5335,10295,-2262,3754,-2333,running,0.00,0,0,0,0,0
1779747266419,-19260,16242,12157,-2873,4355,-2417,running,0.00,0,0,0,0,0
1779747266419,-21025,22938,15531,-3137,4800,-2878,running,0.00,0,0,0,0,0
1779747266453,-21136,28601,18200,-3426,4991,-3357,running,0.00,0,0,0,0,0
1779747266454,-23437,32767,15955,-3534,5074,-3517,running,0.00,0,0,0,0,0
1779747266455,-25189,32767,4250,-3853,4648,-3453,running,0.00,0,0,0,0,0
1779747266481,-29493,32669,1522,-4516,3139,-3451,running,0.00,0,0,0,0,0
1779747266482,-32537,32767,6077,-4215,2340,-2901,running,0.00,0,0,0,0,0
1779747266485,-29748,32767,7071,-3407,2308,-2152,running,0.00,0,0,0,0,0
1779747266511,-23920,32765,8582,-3002,2163,-1888,running,0.00,0,0,0,0,0
1779747266512,-15998,32744,6010,-2746,2083,-1940,running,0.00,0,0,0,0,0
1779747266512,-9707,32508,7024,-2478,1897,-1665,running,0.00,0,0,0,0,0
1779747266539,-313,32630,4543,-1875,2084,-1252,running,0.00,0,0,0,0,0
1779747266539,5223,31239,3710,-1214,2251,-1615,running,0.00,0,0,0,0,0
1779747266540,12161,24404,2755,-750,2277,-1852,running,0.00,0,0,0,0,0
1779747266569,13689,26391,963,-889,1918,-435,running,0.00,0,0,0,0,0
1779747266570,7631,19824,-189,-1225,1610,176,running,0.00,0,0,0,0,0
1779747266571,8170,14789,-731,-1253,1503,104,running,0.00,0,0,0,0,0
1779747266599,8372,12187,-3864,-1043,1488,324,running,0.00,0,0,0,0,0
1779747266600,10967,8246,-3416,-1482,998,397,running,0.00,0,0,0,0,0
1779747266600,14439,6246,-4466,-1666,865,623,running,0.00,0,0,0,0,0
1779747266629,14093,6709,-4551,-1671,892,1013,running,0.00,0,0,0,0,0
1779747266630,12719,6785,-4410,-1375,1020,1322,running,0.00,0,0,0,0,0
1779747266630,13421,5776,-4605,-910,1192,1499,running,0.00,0,0,0,0,0
1779747266659,13572,4675,-3913,-733,1141,1618,running,0.00,0,0,0,0,0
1779747266660,12978,3835,-3113,-714,1063,1710,running,0.00,0,0,0,0,0
1779747266660,12918,4140,-1992,-669,1036,1750,running,0.00,0,0,0,0,0
1779747266689,13412,4445,-1335,-500,976,1739,running,0.00,0,0,0,0,0
1779747266689,13421,3775,-229,-330,837,1694,running,0.00,0,0,0,0,0
1779747266690,12959,3183,1460,-267,652,1672,running,0.00,0,0,0,0,0
1779747266720,13502,3534,2501,-368,370,1727,running,0.00,0,0,0,0,0
1779747266724,13181,4365,2633,-480,-31,1806,running,0.00,0,0,0,0,0
1779747266725,12235,6838,3144,-481,-488,1927,running,0.00,0,0,0,0,0
1779747266749,11697,9856,3637,-290,-929,2037,running,0.00,0,0,0,0,0
1779747266750,10259,12485,4154,-47,-1419,2157,running,0.00,0,0,0,0,0
1779747266751,8060,15409,5535,304,-1836,2321,running,0.00,0,0,0,0,0
1779747266781,7290,18394,8899,719,-2200,2484,running,0.00,0,0,0,0,0
1779747266782,7784,21808,13119,1091,-2594,2687,running,0.00,0,0,0,0,0
1779747266783,9962,27415,16356,1225,-3087,2951,running,0.00,0,0,0,0,0
1779747266810,11625,32767,18842,1050,-3728,3058,running,0.00,0,0,0,0,0
1779747266811,11763,32767,20355,564,-4345,2906,running,0.00,0,0,0,0,0
1779747266811,6462,32671,22387,-274,-4735,2449,running,0.00,0,0,0,0,0
1779747266846,-5075,32762,26543,-856,-4848,1663,running,0.00,0,0,0,0,0
1779747266847,-15812,32767,27571,-573,-4681,787,running,0.00,0,0,0,0,0
1779747266847,-24623,32765,26490,-244,-4386,1193,running,0.00,0,0,0,0,0
1779747266869,-31836,32767,20846,-64,-4119,2238,running,0.00,0,0,0,0,0
1779747266869,-32768,32659,15081,4,-4220,2588,running,0.00,0,0,0,0,0
1779747266870,-25968,27025,11511,-343,-4442,2016,running,0.00,0,0,0,0,0
1779747266902,-18547,32202,10309,-267,-4330,2373,running,0.00,0,0,0,0,0
1779747266902,-23523,30214,7436,354,-4303,2147,running,0.00,0,0,0,0,0
1779747266903,-23262,19394,5599,557,-4028,1406,running,0.00,0,0,0,0,0
1779747266929,-19777,22872,-412,1153,-3649,1070,running,0.00,0,0,0,0,0
1779747266930,-13506,7808,-1905,2469,-3192,356,running,0.00,0,0,0,0,0
1779747266931,-17167,8820,-460,2602,-2926,-185,running,0.00,0,0,0,0,0
1779747266961,-12703,3816,-4234,3296,-2345,-722,running,0.00,0,0,0,0,0
1779747266961,-10872,-3696,-3248,3222,-2271,-1222,running,0.00,0,0,0,0,0
1779747266962,-13377,-19601,2295,2080,-2381,-1653,running,0.00,0,0,0,0,0
1779747266992,-16120,-16526,-505,1256,-2093,-1193,running,0.00,0,0,0,0,0
1779747266992,-8999,-15911,-5221,350,-2061,-1096,running,0.00,0,0,0,0,0
1779747266996,-18886,-13734,1783,-611,-2541,-1384,running,0.00,0,0,0,0,0
1779747267021,-19729,-8868,-422,-686,-1874,-1693,running,0.00,0,0,0,0,0
1779747267021,-15523,-9293,-1783,-643,-1226,-1970,running,0.00,0,0,0,0,0
1779747267022,-17680,-6615,1527,-245,-928,-1985,running,0.00,0,0,0,0,0
1779747267049,-18428,-5039,3941,613,-147,-1983,running,0.00,0,0,0,0,0
1779747267050,-15272,-7594,4080,1254,626,-2172,running,0.00,0,0,0,0,0
1779747267051,-13916,-6994,5944,1440,1067,-1867,running,0.00,0,0,0,0,0
1779747267080,-12394,-6846,6406,1162,1411,-1528,running,0.00,0,0,0,0,0
1779747267081,-13069,-5237,5259,685,1612,-1090,running,0.00,0,0,0,0,0
1779747267081,-12845,5043,7695,206,1608,-911,running,0.00,0,0,0,0,0
1779747267109,-17904,5072,7732,-53,2087,-1932,running,0.00,0,0,0,0,0
1779747267110,-15863,3785,9921,-525,2599,-2580,running,0.00,0,0,0,0,0
1779747267110,-15467,7292,10108,-814,3439,-2306,running,0.00,0,0,0,0,0
1779747267139,-14264,14421,4260,-811,4023,-2131,running,0.00,0,0,0,0,0
1779747267140,-13660,18734,7397,-1007,4098,-2285,running,0.00,0,0,0,0,0
1779747267140,-10747,22920,10359,-872,4331,-2422,running,0.00,0,0,0,0,0
1779747267170,-13383,26652,13628,-1318,4441,-2808,running,0.00,0,0,0,0,0
1779747267171,-9791,28001,13634,-1700,4495,-3277,running,0.00,0,0,0,0,0
1779747267172,-11306,32767,15447,-2423,3963,-2981,running,0.00,0,0,0,0,0
1779747267200,-12702,32767,10073,-3626,3377,-2552,running,0.00,0,0,0,0,0
1779747267200,-16448,32673,5531,-4235,2686,-2349,running,0.00,0,0,0,0,0
1779747267202,-17348,32764,3961,-3636,2574,-1855,running,0.00,0,0,0,0,0
1779747267230,-17061,32767,5160,-2445,2484,-1468,running,0.00,0,0,0,0,0
1779747267234,-11442,32765,2253,-1325,2495,-1023,running,0.00,0,0,0,0,0
1779747267235,-7207,32767,75,-99,2426,-744,running,0.00,0,0,0,0,0
1779747267261,-3447,32553,3322,478,2171,-866,running,0.00,0,0,0,0,0
1779747267262,519,32130,1259,278,1994,-1016,running,0.00,0,0,0,0,0
1779747267263,6670,27338,-1336,4,1755,-1391,running,0.00,0,0,0,0,0
1779747267292,5773,20516,-371,-386,1381,-1306,running,0.00,0,0,0,0,0
1779747267293,4699,18391,-1390,-880,1178,-1160,running,0.00,0,0,0,0,0
1779747267294,4998,12371,-2140,-1499,1005,-1345,running,0.00,0,0,0,0,0
1779747267319,8496,9305,-4902,-1780,909,-894,running,0.00,0,0,0,0,0
1779747267319,3368,12059,-1713,-1367,666,-40,running,0.00,0,0,0,0,0
1779747267320,2067,12750,-4212,-1403,955,-75,running,0.00,0,0,0,0,0
1779747267352,4936,9896,-6150,-987,826,-1072,running,0.00,0,0,0,0,0
1779747267353,11363,6331,-3478,-476,632,-1195,running,0.00,0,0,0,0,0
1779747267353,14450,5928,-5039,57,645,-167,running,0.00,0,0,0,0,0
1779747267379,12514,7392,-4469,330,331,765,running,0.00,0,0,0,0,0
1779747267381,9953,6117,-3921,786,224,1002,running,0.00,0,0,0,0,0
1779747267381,9964,4810,-3182,1079,204,1055,running,0.00,0,0,0,0,0
1779747267411,10269,4474,-1683,1083,101,986,running,0.00,0,0,0,0,0
1779747267412,11457,3809,-1542,1108,122,794,running,0.00,0,0,0,0,0
1779747267413,11717,4673,-98,1079,3,755,running,0.00,0,0,0,0,0
1779747267441,11568,5094,831,1082,-179,767,running,0.00,0,0,0,0,0
1779747267442,11735,3620,979,997,-367,672,running,0.00,0,0,0,0,0
1779747267443,12742,2857,1749,708,-724,731,running,0.00,0,0,0,0,0
1779747267470,12556,4955,1705,468,-1153,1091,running,0.00,0,0,0,0,0
1779747267471,10721,9036,1696,423,-1600,1385,running,0.00,0,0,0,0,0
1779747267471,9499,11412,2301,494,-1976,1516,running,0.00,0,0,0,0,0
1779747267504,9271,13210,3037,622,-2298,1730,running,0.00,0,0,0,0,0
1779747267504,9623,16516,4504,1018,-2622,1987,running,0.00,0,0,0,0,0
1779747267510,10390,21944,7494,1395,-2987,2169,running,0.00,0,0,0,0,0
1779747267530,11568,30484,10160,1604,-3376,2320,running,0.00,0,0,0,0,0
1779747267531,12798,32767,11515,1686,-3713,2402,running,0.00,0,0,0,0,0
1779747267531,11740,32743,13004,1676,-4021,2291,running,0.00,0,0,0,0,0
1779747267560,1051,32701,16763,1641,-4163,1851,running,0.00,0,0,0,0,0
1779747267560,-13812,32767,21730,1505,-4054,1353,running,0.00,0,0,0,0,0
1779747267561,-25966,32767,24321,1188,-3989,1367,running,0.00,0,0,0,0,0
1779747267590,-32768,32765,22178,843,-4117,1836,running,0.00,0,0,0,0,0
1779747267590,-32768,32767,16213,341,-4454,2462,running,0.00,0,0,0,0,0
1779747267591,-31978,29592,12505,-360,-4887,2984,running,0.00,0,0,0,0,0
1779747267619,-25639,27009,11190,-948,-5225,2827,running,0.00,0,0,0,0,0
1779747267620,-21513,28711,6907,-1517,-5234,1846,running,0.00,0,0,0,0,0
1779747267621,-18475,28635,6848,-813,-5316,1704,running,0.00,0,0,0,0,0
1779747267650,-21659,27483,7016,52,-5441,1764,running,0.00,0,0,0,0,0
1779747267651,-27403,18825,6981,1541,-5022,581,running,0.00,0,0,0,0,0
1779747267652,-14149,10005,-454,3008,-3220,18,running,0.00,0,0,0,0,0
1779747267679,-11359,4216,1261,3451,-3538,223,running,0.00,0,0,0,0,0
1779747267680,-12425,520,2068,3858,-3651,428,running,0.00,0,0,0,0,0
1779747267680,-11805,-4403,1818,4145,-3243,400,running,0.00,0,0,0,0,0
1779747267709,-10985,-9186,1079,4088,-2997,252,running,0.00,0,0,0,0,0
1779747267709,-10180,-13228,1475,3784,-2929,81,running,0.00,0,0,0,0,0
1779747267709,-11258,-16652,4882,3141,-2752,-102,running,0.00,0,0,0,0,0
1779747267739,-11174,-17722,2865,2049,-2242,-298,running,0.00,0,0,0,0,0
1779747267739,-11396,-15598,-2281,1015,-2223,-522,running,0.00,0,0,0,0,0
1779747267740,-15405,-11855,1329,731,-2366,-1024,running,0.00,0,0,0,0,0
1779747267771,-15237,-9096,2212,901,-1774,-1538,running,0.00,0,0,0,0,0
1779747267772,-11252,-8154,178,1072,-1109,-1653,running,0.00,0,0,0,0,0
1779747267772,-14599,-9851,3283,1779,-742,-721,running,0.00,0,0,0,0,0
1779747267799,-14787,-3614,3966,1692,-475,212,running,0.00,0,0,0,0,0
1779747267800,-14980,-3318,4513,1962,-91,-318,running,0.00,0,0,0,0,0
1779747267800,-12516,-4329,7651,1913,431,-1460,running,0.00,0,0,0,0,0
1779747267833,-12569,-6256,7820,1164,957,-2330,running,0.00,0,0,0,0,0
1779747267833,-11164,-4346,6264,424,1336,-2390,running,0.00,0,0,0,0,0
1779747267834,-10776,-2193,5428,-162,1537,-2307,running,0.00,0,0,0,0,0
1779747267862,-11444,1984,5736,-616,1761,-2217,running,0.00,0,0,0,0,0
1779747267863,-10522,4922,3963,-829,2140,-2193,running,0.00,0,0,0,0,0
1779747267863,-9686,7095,3268,-950,2369,-2056,running,0.00,0,0,0,0,0
1779747267890,-10747,9849,4536,-1005,2653,-1991,running,0.00,0,0,0,0,0
1779747267891,-10087,12839,4763,-1266,2976,-2115,running,0.00,0,0,0,0,0
1779747267891,-11374,19827,6127,-1944,3005,-2052,running,0.00,0,0,0,0,0
1779747267919,-16104,32038,5198,-2554,3249,-2327,running,0.00,0,0,0,0,0
1779747267922,-19088,32767,4253,-2774,3190,-3284,running,0.00,0,0,0,0,0
1779747267923,-20744,32606,6528,-3053,2756,-3874,running,0.00,0,0,0,0,0
1779747267950,-22355,32728,6034,-3621,2447,-3867,running,0.00,0,0,0,0,0
1779747267951,-22787,32767,-1233,-4536,1939,-3188,running,0.00,0,0,0,0,0
1779747267951,-31598,32765,539,-4199,1597,-2440,running,0.00,0,0,0,0,0
1779747267978,-28583,32766,-2202,-2737,1847,-1965,running,0.00,0,0,0,0,0
1779747267982,-19432,32767,-1958,-1717,1666,-1097,running,0.00,0,0,0,0,0
1779747267983,-13116,32767,-2481,-1918,1004,-460,running,0.00,0,0,0,0,0
1779747268009,-12074,31726,-885,-1932,810,-513,running,0.00,0,0,0,0,0
1779747268010,-5537,30069,-2733,-2116,853,-734,running,0.00,0,0,0,0,0
1779747268011,-610,26908,-2343,-2042,762,-801,running,0.00,0,0,0,0,0
1779747268041,6286,22832,-2969,-2009,590,-513,running,0.00,0,0,0,0,0
1779747268042,5226,20354,-3095,-2030,592,-188,running,0.00,0,0,0,0,0
1779747268043,2531,17985,-5069,-2114,663,-51,running,0.00,0,0,0,0,0
1779747268069,6517,14480,-6982,-1907,678,8,running,0.00,0,0,0,0,0
1779747268069,3728,10806,-4898,-2633,279,-297,running,0.00,0,0,0,0,0
1779747268070,8021,13154,-9469,-1703,1047,240,running,0.00,0,0,0,0,0
1779747268099,8431,9656,-7839,-301,1317,417,running,0.00,0,0,0,0,0
1779747268099,10686,7871,-8485,-434,1231,177,running,0.00,0,0,0,0,0
1779747268100,15545,7287,-6175,-524,436,373,running,0.00,0,0,0,0,0
1779747268129,15554,6699,-5653,-594,336,701,running,0.00,0,0,0,0,0
1779747268130,14035,5294,-6287,264,767,781,running,0.00,0,0,0,0,0
1779747268130,18116,4810,-3284,684,406,1034,running,0.00,0,0,0,0,0
1779747268165,17494,3840,-3257,639,174,1569,running,0.00,0,0,0,0,0
1779747268165,14607,5698,-1770,902,153,1760,running,0.00,0,0,0,0,0
1779747268166,14177,6245,-1416,1099,-28,1746,running,0.00,0,0,0,0,0
1779747268189,14215,6515,-871,1177,-246,1847,running,0.00,0,0,0,0,0
1779747268189,14253,6391,262,1216,-591,2023,running,0.00,0,0,0,0,0
1779747268190,13544,8343,1644,1113,-1046,2212,running,0.00,0,0,0,0,0
1779747268220,11974,12176,2805,999,-1462,2382,running,0.00,0,0,0,0,0
1779747268221,11015,15713,4772,911,-1878,2497,running,0.00,0,0,0,0,0
1779747268221,10028,19270,6695,893,-2298,2635,running,0.00,0,0,0,0,0
1779747268250,9257,24509,9216,1177,-2671,2771,running,0.00,0,0,0,0,0
1779747268251,9142,31482,11791,1666,-2986,2875,running,0.00,0,0,0,0,0
1779747268251,10666,32767,12716,2004,-3107,2964,running,0.00,0,0,0,0,0
1779747268279,10721,32746,12714,2258,-3326,3158,running,0.00,0,0,0,0,0
1779747268282,5395,32729,13086,2460,-3697,3157,running,0.00,0,0,0,0,0
1779747268283,-4862,32767,15345,2446,-3965,2700,running,0.00,0,0,0,0,0
1779747268309,-13846,32767,16439,2287,-4010,2169,running,0.00,0,0,0,0,0
1779747268309,-22033,32766,15247,2103,-4044,2117,running,0.00,0,0,0,0,0
1779747268310,-29437,32767,12765,1904,-4227,2057,running,0.00,0,0,0,0,0
1779747268339,-29833,32395,10476,1725,-4396,1581,running,0.00,0,0,0,0,0
1779747268340,-25382,25919,9813,1540,-4421,1485,running,0.00,0,0,0,0,0
1779747268340,-19093,23757,6188,768,-4520,1976,running,0.00,0,0,0,0,0
1779747268369,-18005,27573,5329,517,-4619,2416,running,0.00,0,0,0,0,0
1779747268369,-19869,22116,6580,655,-4524,1865,running,0.00,0,0,0,0,0
1779747268370,-20178,15188,4999,945,-4155,1012,running,0.00,0,0,0,0,0
1779747268399,-16135,10049,3210,1198,-3880,376,running,0.00,0,0,0,0,0
1779747268399,-11866,6102,1783,1274,-3850,192,running,0.00,0,0,0,0,0
1779747268400,-10647,4988,1019,1649,-4011,290,running,0.00,0,0,0,0,0
1779747268428,-11376,2527,2028,2062,-3831,398,running,0.00,0,0,0,0,0
1779747268429,-11281,-2688,2902,2044,-3284,241,running,0.00,0,0,0,0,0
1779747268429,-11603,-9251,3601,1941,-2760,-154,running,0.00,0,0,0,0,0
1779747268459,-12685,-9996,3572,1782,-2529,-230,running,0.00,0,0,0,0,0
1779747268459,-11648,-10964,4975,1599,-2103,-273,running,0.00,0,0,0,0,0
1779747268460,-11088,-14753,4741,1013,-1684,-364,running,0.00,0,0,0,0,0
1779747268495,-11610,-13320,4927,290,-1379,-346,running,0.00,0,0,0,0,0
1779747268495,-11753,-13244,6284,-47,-1058,-529,running,0.00,0,0,0,0,0
1779747268495,-15049,-12211,9178,-601,-767,-780,running,0.00,0,0,0,0,0
1779747268519,-14932,-11480,9806,-886,-230,-1079,running,0.00,0,0,0,0,0
1779747268519,-13997,-10935,7078,-1185,187,-1333,running,0.00,0,0,0,0,0
1779747268520,-20369,-9771,8627,-1321,469,-1553,running,0.00,0,0,0,0,0
1779747268549,-14388,-2893,9284,-1262,1050,-1432,running,0.00,0,0,0,0,0
1779747268552,-10711,-2119,7827,-1323,1635,-1823,running,0.00,0,0,0,0,0
1779747268552,-10889,-1359,9110,-1106,1977,-2063,running,0.00,0,0,0,0,0
1779747268579,-11587,-344,7168,-1035,2264,-2139,running,0.00,0,0,0,0,0
1779747268580,-12104,182,6293,-864,2468,-2262,running,0.00,0,0,0,0,0
1779747268580,-9726,753,4503,-805,2665,-2459,running,0.00,0,0,0,0,0
1779747268611,-10554,2662,5348,-1405,2686,-2785,running,0.00,0,0,0,0,0
1779747268612,-15547,10613,8751,-1892,3127,-2977,running,0.00,0,0,0,0,0
1779747268612,-17331,13656,6672,-2473,3714,-3505,running,0.00,0,0,0,0,0
1779747268639,-20880,23304,4585,-3214,3528,-3497,running,0.00,0,0,0,0,0
1779747268640,-28192,32148,3843,-3548,3336,-4075,running,0.00,0,0,0,0,0
1779747268640,-30154,32767,-306,-3948,3293,-4571,running,0.00,0,0,0,0,0
1779747268671,-32223,32659,-6096,-4255,3042,-4319,running,0.00,0,0,0,0,0
1779747268671,-32768,32737,-8165,-3493,2983,-3741,running,0.00,0,0,0,0,0
1779747268672,-32642,32767,-7196,-2288,2970,-3040,running,0.00,0,0,0,0,0
1779747268698,-29344,32766,-6686,-1811,2914,-2264,running,0.00,0,0,0,0,0
1779747268699,-24593,32766,-5098,-1835,2681,-1902,running,0.00,0,0,0,0,0
1779747268700,-18112,32767,-3267,-2298,2483,-1900,running,0.00,0,0,0,0,0
1779747268730,-12097,32767,-3219,-2758,2254,-1815,running,0.00,0,0,0,0,0
1779747268730,-11151,30707,-1272,-3237,1862,-2359,running,0.00,0,0,0,0,0
1779747268734,-4252,28437,1199,-3292,1857,-2294,running,0.00,0,0,0,0,0
1779747268759,-2580,26640,1379,-3358,1988,-1602,running,0.00,0,0,0,0,0
1779747268764,4590,23958,-334,-3153,2071,-1030,running,0.00,0,0,0,0,0
1779747268764,4462,23447,211,-2658,1669,-220,running,0.00,0,0,0,0,0
1779747268790,629,21821,1584,-2356,1667,207,running,0.00,0,0,0,0,0
1779747268790,2359,17396,132,-1307,1993,99,running,0.00,0,0,0,0,0
1779747268791,6773,13173,-1165,-969,1594,75,running,0.00,0,0,0,0,0
1779747268819,12054,10270,-226,-990,829,173,running,0.00,0,0,0,0,0
1779747268819,11997,10361,-610,-486,734,687,running,0.00,0,0,0,0,0
1779747268820,9879,14533,-1104,33,905,1319,running,0.00,0,0,0,0,0
1779747268850,10873,13807,1000,611,675,1522,running,0.00,0,0,0,0,0
1779747268851,9133,10654,989,1293,772,1636,running,0.00,0,0,0,0,0
1779747268852,9863,8294,1805,1676,859,1758,running,0.00,0,0,0,0,0
1779747268878,10973,6212,2713,1753,693,1940,running,0.00,0,0,0,0,0
1779747268879,10673,4158,2908,1551,498,2153,running,0.00,0,0,0,0,0
1779747268879,10928,3233,3475,1267,347,2269,running,0.00,0,0,0,0,0
1779747268909,12497,4074,4524,900,77,2299,running,0.00,0,0,0,0,0
1779747268911,11612,5105,4244,614,-368,2462,running,0.00,0,0,0,0,0
1779747268912,8999,6793,4537,460,-826,2719,running,0.00,0,0,0,0,0
1779747268940,6433,8411,4529,326,-1105,2966,running,0.00,0,0,0,0,0
1779747268943,5680,9082,4313,160,-1273,3154,running,0.00,0,0,0,0,0
1779747268944,4837,11164,5007,157,-1506,3331,running,0.00,0,0,0,0,0
1779747268969,3477,14531,5642,252,-1777,3542,running,0.00,0,0,0,0,0
1779747268969,2460,16213,5958,168,-2054,3838,running,0.00,0,0,0,0,0
1779747268970,2104,16807,6669,-86,-2335,4181,running,0.00,0,0,0,0,0
1779747268998,3591,17571,7346,-213,-2594,4438,running,0.00,0,0,0,0,0
1779747268999,7675,21184,8012,-307,-2804,4395,running,0.00,0,0,0,0,0
1779747269000,12377,31361,10990,-415,-3028,3989,running,0.00,0,0,0,0,0
1779747269029,12803,32767,13992,-644,-3150,3360,running,0.00,0,0,0,0,0
1779747269030,7978,32648,16172,-1497,-3188,2594,running,0.00,0,0,0,0,0
1779747269030,-857,32714,19697,-1949,-3073,1801,running,0.00,0,0,0,0,0
1779747269063,-11124,32767,20275,-1945,-3498,1804,running,0.00,0,0,0,0,0
1779747269064,-14915,32766,17502,-2047,-4023,2383,running,0.00,0,0,0,0,0
1779747269065,-17267,32765,13657,-1932,-4455,3082,running,0.00,0,0,0,0,0
1779747269093,-18117,32767,9247,-1648,-4553,3309,running,0.00,0,0,0,0,0
1779747269093,-16890,32372,5130,-1140,-4350,2607,running,0.00,0,0,0,0,0
1779747269094,-12257,30919,3525,-354,-4176,2328,running,0.00,0,0,0,0,0
1779747269123,-11620,30598,3368,753,-4137,2395,running,0.00,0,0,0,0,0
1779747269124,-12101,12254,1365,1812,-3844,1298,running,0.00,0,0,0,0,0
1779747269124,-10412,9767,118,1571,-4039,586,running,0.00,0,0,0,0,0
1779747269149,-9455,2947,-705,1328,-4017,88,running,0.00,0,0,0,0,0
1779747269150,-7840,2224,-2320,1423,-3878,-26,running,0.00,0,0,0,0,0
1779747269150,-9149,1418,-2395,1591,-3908,-90,running,0.00,0,0,0,0,0
1779747269181,-5701,-2537,-2756,1786,-3823,-416,running,0.00,0,0,0,0,0
1779747269182,-6426,-7816,38,1536,-3953,-927,running,0.00,0,0,0,0,0
1779747269183,-10786,-11020,35,1251,-3964,-1152,running,0.00,0,0,0,0,0
1779747269209,-15214,-10399,3042,1011,-3848,-1310,running,0.00,0,0,0,0,0
1779747269210,-17444,-10579,1623,880,-3388,-1629,running,0.00,0,0,0,0,0
1779747269210,-17959,-9447,741,795,-3170,-1816,running,0.00,0,0,0,0,0
1779747269240,-21460,-8244,3496,869,-2779,-2029,running,0.00,0,0,0,0,0
1779747269241,-19966,-9837,4991,774,-2041,-2235,running,0.00,0,0,0,0,0
1779747269241,-18981,-10021,3277,280,-1515,-2344,running,0.00,0,0,0,0,0
1779747269269,-22282,-7461,3603,-151,-1105,-2358,running,0.00,0,0,0,0,0
1779747269269,-19162,-7433,6424,-188,-1042,-2650,running,0.00,0,0,0,0,0
1779747269270,-21346,-7123,9748,-666,-453,-2810,running,0.00,0,0,0,0,0
1779747269300,-16296,-3031,6649,-918,687,-3082,running,0.00,0,0,0,0,0
1779747269301,-17364,2209,6588,-1641,954,-2792,running,0.00,0,0,0,0,0
1779747269302,-19817,5251,5550,-1882,1508,-2255,running,0.00,0,0,0,0,0
1779747269329,-22098,8666,6497,-1556,2327,-2346,running,0.00,0,0,0,0,0
1779747269330,-16926,10587,4496,-1487,3306,-2714,running,0.00,0,0,0,0,0
1779747269330,-14764,15463,4162,-1536,3885,-2702,running,0.00,0,0,0,0,0
1779747269360,-18740,28031,9675,-1241,4693,-2520,running,0.00,0,0,0,0,0
1779747269361,-18649,32767,9844,-177,5580,-2819,running,0.00,0,0,0,0,0
1779747269361,-14361,32072,12977,-142,5414,-3365,running,0.00,0,0,0,0,0
1779747269389,-17377,32767,14270,-1009,4951,-3781,running,0.00,0,0,0,0,0
1779747269390,-15492,32767,8039,-2202,4369,-3976,running,0.00,0,0,0,0,0
1779747269390,-16044,32752,3355,-3793,3315,-3487,running,0.00,0,0,0,0,0
1779747269419,-20377,32767,1570,-4911,2401,-2846,running,0.00,0,0,0,0,0
1779747269419,-22153,32767,3277,-4758,1929,-2414,running,0.00,0,0,0,0,0
1779747269420,-19743,32767,6822,-4359,1588,-2043,running,0.00,0,0,0,0,0
1779747269449,-14793,32767,5523,-3585,1479,-1546,running,0.00,0,0,0,0,0
1779747269449,-10209,32767,3759,-2169,1461,-1359,running,0.00,0,0,0,0,0
1779747269450,-2832,32767,1961,-817,1421,-1320,running,0.00,0,0,0,0,0
1779747269481,3063,32517,2096,-55,1215,-1165,running,0.00,0,0,0,0,0
1779747269481,858,30886,1318,91,1075,-1327,running,0.00,0,0,0,0,0
1779747269482,265,23092,784,-74,936,-1741,running,0.00,0,0,0,0,0
1779747269509,3955,17593,-103,298,1240,-1177,running,0.00,0,0,0,0,0
1779747269509,6258,17539,-2563,766,1314,-94,running,0.00,0,0,0,0,0
1779747269510,6580,8045,-1359,959,1120,-58,running,0.00,0,0,0,0,0
1779747269539,2059,11503,-1873,750,1102,892,running,0.00,0,0,0,0,0
1779747269541,1433,5920,-2317,49,1169,745,running,0.00,0,0,0,0,0
1779747269541,10664,5750,-2297,-19,1319,372,running,0.00,0,0,0,0,0
1779747269570,13600,7811,261,-912,414,620,running,0.00,0,0,0,0,0
1779747269573,6030,9387,-1275,-1539,8,1014,running,0.00,0,0,0,0,0
1779747269574,5450,10944,45,-1342,343,1240,running,0.00,0,0,0,0,0
1779747269599,8320,10296,7,-950,447,1513,running,0.00,0,0,0,0,0
1779747269600,7700,8316,294,-788,312,1820,running,0.00,0,0,0,0,0
1779747269600,7834,5854,840,-544,364,2128,running,0.00,0,0,0,0,0
1779747269632,10041,3287,1482,-517,295,2336,running,0.00,0,0,0,0,0
1779747269633,12078,2116,2436,-630,-22,2566,running,0.00,0,0,0,0,0
1779747269634,12099,2588,2338,-570,-215,2948,running,0.00,0,0,0,0,0
1779747269659,11803,3149,2511,-583,-426,3305,running,0.00,0,0,0,0,0
1779747269660,11331,1496,3085,-668,-977,3436,running,0.00,0,0,0,0,0
1779747269661,9885,751,2659,-734,-1414,3481,running,0.00,0,0,0,0,0
1779747269689,9085,2838,2863,-710,-1621,3447,running,0.00,0,0,0,0,0
1779747269690,8808,5360,3898,-554,-1929,3368,running,0.00,0,0,0,0,0
1779747269690,8926,6978,4446,-342,-2316,3324,running,0.00,0,0,0,0,0
1779747269724,11280,8282,5869,-66,-2718,3328,running,0.00,0,0,0,0,0
1779747269724,14299,10983,7517,298,-3102,3379,running,0.00,0,0,0,0,0
1779747269728,18497,16873,9647,513,-3442,3318,running,0.00,0,0,0,0,0
1779747269751,21980,26236,10927,463,-3717,3044,running,0.00,0,0,0,0,0
1779747269752,24056,32767,13452,386,-4023,2437,running,0.00,0,0,0,0,0
1779747269752,16438,32767,17459,306,-4137,1514,running,0.00,0,0,0,0,0
1779747269779,2012,32627,20724,-351,-3905,607,running,0.00,0,0,0,0,0
1779747269780,-10651,32767,24331,-784,-3885,455,running,0.00,0,0,0,0,0
1779747269781,-21002,32767,26034,-426,-4034,1026,running,0.00,0,0,0,0,0
1779747269815,-27184,32764,19704,-160,-4053,1583,running,0.00,0,0,0,0,0
1779747269816,-26786,32767,12156,104,-4083,1570,running,0.00,0,0,0,0,0
1779747269817,-20271,32767,7201,107,-4304,1582,running,0.00,0,0,0,0,0
1779747269839,-12791,31499,7663,-570,-4706,1629,running,0.00,0,0,0,0,0
1779747269840,-12684,27467,8821,-1093,-5078,1059,running,0.00,0,0,0,0,0
1779747269841,-12812,25321,7982,-898,-5078,375,running,0.00,0,0,0,0,0
1779747269870,-15795,23618,6968,-93,-4790,-272,running,0.00,0,0,0,0,0
1779747269871,-13254,16275,4462,1075,-4221,-802,running,0.00,0,0,0,0,0
1779747269871,-8742,10949,1332,1886,-3864,-1009,running,0.00,0,0,0,0,0
1779747269899,-5578,7247,1163,2439,-3745,-898,running,0.00,0,0,0,0,0
1779747269900,-6313,4028,1347,2881,-3540,-838,running,0.00,0,0,0,0,0
1779747269900,-4700,1031,884,3180,-3325,-995,running,0.00,0,0,0,0,0
1779747269932,-6844,-4176,2871,3261,-3343,-1244,running,0.00,0,0,0,0,0
1779747269933,-7022,-7139,4150,3114,-2874,-1247,running,0.00,0,0,0,0,0
1779747269933,-9013,-7619,6667,2765,-2846,-1661,running,0.00,0,0,0,0,0
1779747269963,-8151,-12729,6221,2157,-3021,-2192,running,0.00,0,0,0,0,0
1779747269964,-7288,-13762,6907,1033,-3277,-2259,running,0.00,0,0,0,0,0
1779747269967,-11573,-11162,7760,441,-3444,-2111,running,0.00,0,0,0,0,0
1779747269993,-15118,-9792,8469,196,-3173,-1916,running,0.00,0,0,0,0,0
1779747269993,-15760,-8778,7667,61,-2673,-1805,running,0.00,0,0,0,0,0
1779747269993,-15278,-9070,7865,254,-2211,-1739,running,0.00,0,0,0,0,0
1779747270018,-12927,-10314,8165,585,-1798,-1522,running,0.00,0,0,0,0,0
1779747270019,-11836,-8048,9507,575,-1452,-1174,running,0.00,0,0,0,0,0
1779747270019,-11571,-7980,8904,549,-616,-1415,running,0.00,0,0,0,0,0
1779747270049,-9087,-6702,8675,628,-37,-1510,running,0.00,0,0,0,0,0
1779747270053,-5945,-5586,8993,444,421,-1465,running,0.00,0,0,0,0,0
1779747270053,-6029,-3813,8561,223,844,-1513,running,0.00,0,0,0,0,0
1779747270079,-12706,-2943,7452,310,1228,-1366,running,0.00,0,0,0,0,0
1779747270079,-14549,211,6122,-312,1513,-1684,running,0.00,0,0,0,0,0
1779747270079,-14318,3057,4827,-853,1989,-2250,running,0.00,0,0,0,0,0
1779747270109,-12469,4698,3746,-1460,2470,-2537,running,0.00,0,0,0,0,0
1779747270111,-15603,10052,3681,-2227,2742,-2380,running,0.00,0,0,0,0,0
1779747270111,-17218,19348,5805,-2816,3089,-2533,running,0.00,0,0,0,0,0
1779747270138,-14503,24610,9311,-3143,3434,-2257,running,0.00,0,0,0,0,0
1779747270143,-29625,32767,17901,-3646,3911,-1392,running,0.00,0,0,0,0,0
1779747270143,-32617,32767,5436,-3619,4731,-2808,running,0.00,0,0,0,0,0
1779747270168,-31021,32637,3778,-4323,3472,-4505,running,0.00,0,0,0,0,0
1779747270169,-31553,32754,4823,-4877,2929,-4167,running,0.00,0,0,0,0,0
1779747270169,-24508,32767,1480,-4587,3194,-2883,running,0.00,0,0,0,0,0
1779747270198,-21633,32765,1004,-3967,2958,-1900,running,0.00,0,0,0,0,0
1779747270199,-14216,32766,4590,-4003,2546,-1497,running,0.00,0,0,0,0,0
1779747270199,-6074,32767,3037,-3965,2477,-780,running,0.00,0,0,0,0,0
1779747270229,1857,32069,3570,-3729,1858,-245,running,0.00,0,0,0,0,0
1779747270229,5883,30617,2660,-3613,1708,-597,running,0.00,0,0,0,0,0
1779747270229,6848,26410,2270,-2957,1569,-760,running,0.00,0,0,0,0,0
1779747270260,8020,22551,1640,-2469,1297,-754,running,0.00,0,0,0,0,0
1779747270260,6044,19896,-752,-2503,1316,-1302,running,0.00,0,0,0,0,0
1779747270260,4071,17371,-4376,-1757,1401,-1489,running,0.00,0,0,0,0,0
1779747270288,7912,12667,-4041,-1046,1071,-692,running,0.00,0,0,0,0,0
1779747270289,10222,8972,-3880,-771,820,757,running,0.00,0,0,0,0,0
1779747270289,9473,8797,-3521,-511,576,1812,running,0.00,0,0,0,0,0
1779747270318,7303,9461,-3443,298,822,1794,running,0.00,0,0,0,0,0
1779747270320,9080,11241,-3114,1235,944,1982,running,0.00,0,0,0,0,0
1779747270321,9524,6469,-2540,1766,1001,1964,running,0.00,0,0,0,0,0
1779747270348,9935,3970,-2092,1787,889,1867,running,0.00,0,0,0,0,0
1779747270349,10018,5066,-3975,1850,783,2004,running,0.00,0,0,0,0,0
1779747270349,9647,5262,-3656,1630,565,2285,running,0.00,0,0,0,0,0
1779747270380,8234,4653,-2591,1138,297,2493,running,0.00,0,0,0,0,0
1779747270381,8371,3635,-1180,717,111,2466,running,0.00,0,0,0,0,0
1779747270381,9854,4959,-311,533,-8,2519,running,0.00,0,0,0,0,0
1779747270410,10404,6476,236,419,-287,2668,running,0.00,0,0,0,0,0
1779747270444,10033,7084,756,483,-584,2827,running,0.00,0,0,0,0,0
1779747270445,10543,7216,1867,707,-843,2901,running,0.00,0,0,0,0,0
1779747270445,11923,7177,2941,815,-1200,2918,running,0.00,0,0,0,0,0
1779747270445,12206,7775,4198,881,-1679,2952,running,0.00,0,0,0,0,0
1779747270446,12050,8948,6583,982,-2183,2966,running,0.00,0,0,0,0,0
1779747270469,13037,11143,9375,1041,-2730,2985,running,0.00,0,0,0,0,0
1779747270469,13484,15702,10962,1102,-3434,3013,running,0.00,0,0,0,0,0
1779747270470,15200,24893,10532,1279,-4249,2814,running,0.00,0,0,0,0,0
1779747270498,15095,32767,8157,2013,-4823,2521,running,0.00,0,0,0,0,0
1779747270499,12999,32767,7289,2391,-4799,2321,running,0.00,0,0,0,0,0
1779747270499,5059,32619,9254,3170,-4709,1866,running,0.00,0,0,0,0,0
1779747270529,-6202,32763,12778,3744,-4419,1340,running,0.00,0,0,0,0,0
1779747270529,-16476,32767,16507,4348,-4301,1381,running,0.00,0,0,0,0,0
1779747270530,-25216,32764,18099,4617,-4320,1915,running,0.00,0,0,0,0,0
1779747270559,-29366,32609,17073,3906,-4389,2187,running,0.00,0,0,0,0,0
1779747270559,-28139,28475,13325,2813,-4491,1949,running,0.00,0,0,0,0,0
1779747270560,-18588,22531,10809,1130,-4639,1648,running,0.00,0,0,0,0,0
1779747270590,-15608,26456,7400,-807,-5184,1390,running,0.00,0,0,0,0,0
1779747270594,-18483,25985,7994,-1067,-5252,784,running,0.00,0,0,0,0,0
1779747270594,-17908,24131,6976,-583,-4768,-197,running,0.00,0,0,0,0,0
1779747270620,-15587,17741,5664,26,-4181,-1547,running,0.00,0,0,0,0,0
1779747270620,-8620,14921,688,714,-3574,-1308,running,0.00,0,0,0,0,0
1779747270621,-8544,19091,261,1673,-3582,-150,running,0.00,0,0,0,0,0
1779747270649,-8914,10640,2601,2747,-3418,58,running,0.00,0,0,0,0,0
1779747270650,-10485,3041,4240,3166,-3079,-79,running,0.00,0,0,0,0,0
1779747270650,-10731,-1350,4266,3222,-2627,-239,running,0.00,0,0,0,0,0
1779747270681,-9563,-5507,4182,3126,-2424,-375,running,0.00,0,0,0,0,0
1779747270681,-10703,-9092,5532,2588,-2288,-504,running,0.00,0,0,0,0,0
1779747270682,-11731,-11292,5141,1967,-1942,-576,running,0.00,0,0,0,0,0
1779747270709,-12234,-11092,3625,1357,-1609,-619,running,0.00,0,0,0,0,0
1779747270709,-12067,-9915,3453,790,-1339,-750,running,0.00,0,0,0,0,0
1779747270709,-11625,-8920,3701,293,-1027,-935,running,0.00,0,0,0,0,0
1779747270741,-11181,-8043,3860,25,-603,-1065,running,0.00,0,0,0,0,0
1779747270741,-10651,-7372,4031,49,-158,-1103,running,0.00,0,0,0,0,0
1779747270742,-10835,-7133,5448,92,308,-1152,running,0.00,0,0,0,0,0
1779747270769,-10343,-7249,5856,159,845,-1259,running,0.00,0,0,0,0,0
1779747270772,-9618,-7153,6442,47,1225,-1470,running,0.00,0,0,0,0,0
1779747270773,-5753,-8775,5729,-160,1455,-1659,running,0.00,0,0,0,0,0
1779747270801,-5224,-8273,6483,-45,1403,-807,running,0.00,0,0,0,0,0
1779747270802,-13011,-1139,7473,15,1677,82,running,0.00,0,0,0,0,0
1779747270803,-10938,1672,4140,192,2149,-189,running,0.00,0,0,0,0,0
1779747270833,-8347,2905,4084,398,2122,-709,running,0.00,0,0,0,0,0
1779747270834,-8610,8176,3431,345,2156,-1536,running,0.00,0,0,0,0,0
1779747270835,-6897,11762,-189,417,2503,-2287,running,0.00,0,0,0,0,0
1779747270861,-7748,18396,-692,166,2468,-2484,running,0.00,0,0,0,0,0
1779747270861,-9340,26319,-4116,-327,2592,-2826,running,0.00,0,0,0,0,0
1779747270862,-13545,32767,-8283,-1165,2467,-3217,running,0.00,0,0,0,0,0
1779747270891,-20653,32767,-8880,-1865,2178,-3499,running,0.00,0,0,0,0,0
1779747270891,-26217,31574,-7268,-2497,2145,-3474,running,0.00,0,0,0,0,0
1779747270892,-30935,32634,-16464,-3380,2067,-3332,running,0.00,0,0,0,0,0
1779747270920,-32768,32767,-11717,-2738,1925,-2813,running,0.00,0,0,0,0,0
1779747270921,-30075,32749,-14005,-2515,2236,-1910,running,0.00,0,0,0,0,0
1779747270921,-21384,32761,-10869,-2124,2184,-1195,running,0.00,0,0,0,0,0
1779747270953,-13576,32719,-8149,-2171,2022,-886,running,0.00,0,0,0,0,0
1779747270954,-4714,31566,-9290,-2395,1710,-516,running,0.00,0,0,0,0,0
1779747270954,-15937,28544,268,-2794,1274,-1014,running,0.00,0,0,0,0,0
1779747270978,-12218,22063,-9068,-5025,1614,-4623,running,0.00,0,0,0,0,0
1779747270979,-3203,12035,-4954,-4403,1474,-4119,running,0.00,0,0,0,0,0
1779747270979,4178,25944,-6385,-3517,1591,-1452,running,0.00,0,0,0,0,0
1779747271010,4563,22840,-3595,-3144,1352,-685,running,0.00,0,0,0,0,0
1779747271010,2497,23471,-4518,-3105,1360,-533,running,0.00,0,0,0,0,0
1779747271011,2862,17368,-2513,-2415,1264,-400,running,0.00,0,0,0,0,0
1779747271039,2348,16294,-3437,-1957,1529,45,running,0.00,0,0,0,0,0
1779747271039,3917,15066,-5342,-1691,1543,251,running,0.00,0,0,0,0,0
1779747271040,6564,10365,-4155,-1662,1148,-201,running,0.00,0,0,0,0,0
1779747271074,12322,8287,-4338,-1495,1157,-596,running,0.00,0,0,0,0,0
1779747271075,17052,8252,-5068,-964,1034,-179,running,0.00,0,0,0,0,0
1779747271076,14338,8463,-4728,-803,561,445,running,0.00,0,0,0,0,0
1779747271104,11966,7976,-5412,-461,463,830,running,0.00,0,0,0,0,0
1779747271105,14896,5351,-7000,-180,323,828,running,0.00,0,0,0,0,0
1779747271106,15077,497,-5971,-355,-200,590,running,0.00,0,0,0,0,0
1779747271132,13517,2209,-5397,-519,-501,563,running,0.00,0,0,0,0,0
1779747271133,11599,4629,-4723,-124,-420,931,running,0.00,0,0,0,0,0
1779747271133,10946,4893,-4171,469,-391,1269,running,0.00,0,0,0,0,0
1779747271159,10523,3647,-3640,936,-533,1381,running,0.00,0,0,0,0,0
1779747271159,11352,4161,-1997,1196,-743,1593,running,0.00,0,0,0,0,0
1779747271160,10947,3087,47,1380,-1102,1740,running,0.00,0,0,0,0,0
1779747271195,11257,4099,1027,1354,-1362,1815,running,0.00,0,0,0,0,0
1779747271196,11285,6702,1489,1128,-1821,1941,running,0.00,0,0,0,0,0
1779747271197,9424,9040,2123,905,-2474,1827,running,0.00,0,0,0,0,0
1779747271219,9626,13457,2846,836,-2685,1772,running,0.00,0,0,0,0,0
1779747271223,11031,18374,3163,1103,-2838,2324,running,0.00,0,0,0,0,0
1779747271224,11014,23104,6159,1197,-3360,2955,running,0.00,0,0,0,0,0
1779747271248,12297,32767,8428,2058,-3545,3654,running,0.00,0,0,0,0,0
1779747271249,16251,32767,11278,2752,-3888,3850,running,0.00,0,0,0,0,0
1779747271249,16629,32602,11235,2704,-4174,3550,running,0.00,0,0,0,0,0
1779747271280,12004,32750,7434,2972,-4084,3041,running,0.00,0,0,0,0,0
1779747271283,-1836,32767,8119,3138,-3863,2285,running,0.00,0,0,0,0,0
1779747271283,-16629,32764,14168,3003,-3583,1793,running,0.00,0,0,0,0,0
1779747271309,-27751,32766,17496,2944,-3332,2294,running,0.00,0,0,0,0,0
1779747271309,-32768,32767,14268,2288,-3378,3210,running,0.00,0,0,0,0,0
1779747271310,-31273,22482,7726,27,-3875,3169,running,0.00,0,0,0,0,0
1779747271339,-25105,25247,4714,-1369,-3916,2823,running,0.00,0,0,0,0,0
1779747271343,-19453,31010,2871,-1784,-3971,2413,running,0.00,0,0,0,0,0
1779747271344,-17982,29243,3300,-1246,-3952,1262,running,0.00,0,0,0,0,0
1779747271369,-16016,19976,3078,-78,-3679,149,running,0.00,0,0,0,0,0
1779747271369,-16476,12147,3551,1033,-3379,245,running,0.00,0,0,0,0,0
1779747271370,-16400,9585,3152,2202,-3019,840,running,0.00,0,0,0,0,0
1779747271399,-13153,4117,965,2885,-2808,816,running,0.00,0,0,0,0,0
1779747271402,-13071,-848,2321,3018,-2768,624,running,0.00,0,0,0,0,0
1779747271403,-8811,-4794,2636,2958,-2595,420,running,0.00,0,0,0,0,0
1779747271428,-11196,-5502,1841,2515,-2583,393,running,0.00,0,0,0,0,0
1779747271429,-9402,-9060,4180,2379,-2383,225,running,0.00,0,0,0,0,0
1779747271430,-12448,-9129,2872,1872,-2113,361,running,0.00,0,0,0,0,0
1779747271464,-15029,-11905,2248,1458,-2050,-172,running,0.00,0,0,0,0,0
1779747271465,-15364,-12821,3142,1513,-1977,-436,running,0.00,0,0,0,0,0
1779747271466,-16245,-7181,1334,772,-1475,-642,running,0.00,0,0,0,0,0
1779747271489,-13856,-10743,592,-58,-1684,-2101,running,0.00,0,0,0,0,0
1779747271490,-12421,-13016,5146,46,-1393,-2111,running,0.00,0,0,0,0,0
1779747271490,-16563,-10255,6512,-438,-472,-1903,running,0.00,0,0,0,0,0
1779747271522,-15149,-3578,3272,-427,931,-1930,running,0.00,0,0,0,0,0
1779747271523,-9674,-1936,1705,138,1224,-2166,running,0.00,0,0,0,0,0
1779747271523,-6774,-4263,1906,261,1341,-2415,running,0.00,0,0,0,0,0
1779747271549,-7855,-1758,1110,269,1441,-2541,running,0.00,0,0,0,0,0
1779747271552,-8326,-2163,2940,53,1254,-2952,running,0.00,0,0,0,0,0
1779747271556,-12306,-1776,5204,-168,1514,-2729,running,0.00,0,0,0,0,0
1779747271581,-13503,-595,4523,309,2764,-2544,running,0.00,0,0,0,0,0
1779747271581,-10609,3867,-596,79,3550,-2631,running,0.00,0,0,0,0,0
1779747271582,-12919,7428,3458,-211,3573,-2939,running,0.00,0,0,0,0,0
1779747271609,-10919,11063,2327,-974,3616,-3418,running,0.00,0,0,0,0,0
1779747271609,-14272,22226,4759,-1446,3610,-3381,running,0.00,0,0,0,0,0
1779747271609,-19557,31987,3917,-1581,3715,-3718,running,0.00,0,0,0,0,0
1779747271640,-20065,32767,-1003,-1816,3917,-4429,running,0.00,0,0,0,0,0
1779747271641,-19255,32686,-2134,-2142,3433,-4803,running,0.00,0,0,0,0,0
1779747271642,-25313,32736,-987,-2684,2636,-4370,running,0.00,0,0,0,0,0
1779747271670,-29832,32767,-3761,-3492,2102,-3715,running,0.00,0,0,0,0,0
1779747271670,-28357,32766,-7639,-3995,1829,-3396,running,0.00,0,0,0,0,0
1779747271671,-15043,32766,-9367,-3834,1563,-3112,running,0.00,0,0,0,0,0
1779747271700,-10697,32767,-8792,-3157,603,-2233,running,0.00,0,0,0,0,0
1779747271701,-8563,32767,-7010,-1943,71,-1349,running,0.00,0,0,0,0,0
1779747271701,-8366,32767,-8707,-1591,-259,-1060,running,0.00,0,0,0,0,0
1779747271733,-4812,30940,-8473,-1360,-542,-1154,running,0.00,0,0,0,0,0
1779747271734,-1538,29206,-9347,-1448,-762,-934,running,0.00,0,0,0,0,0
1779747271735,160,26738,-9942,-1324,-877,-845,running,0.00,0,0,0,0,0
1779747271760,4206,21778,-7227,-1312,-1054,-778,running,0.00,0,0,0,0,0
1779747271760,756,19585,-5362,-1333,-953,-184,running,0.00,0,0,0,0,0
1779747271761,-175,18089,-7845,-887,-524,198,running,0.00,0,0,0,0,0
1779747271797,1484,14384,-8944,-461,-429,280,running,0.00,0,0,0,0,0
1779747271798,3044,10563,-8377,-713,-484,144,running,0.00,0,0,0,0,0
1779747271798,2919,7718,-8871,-1082,-443,49,running,0.00,0,0,0,0,0
1779747271819,6379,7735,-9792,-1265,-396,318,running,0.00,0,0,0,0,0
1779747271820,6955,8081,-9053,-1190,-327,651,running,0.00,0,0,0,0,0
1779747271821,6398,7641,-8774,-1271,-251,799,running,0.00,0,0,0,0,0
1779747271849,8335,8411,-8335,-794,-81,1014,running,0.00,0,0,0,0,0
1779747271852,9156,7919,-6685,-219,130,1279,running,0.00,0,0,0,0,0
1779747271853,8280,7455,-5908,310,396,1607,running,0.00,0,0,0,0,0
1779747271879,8052,5052,-5735,607,568,1782,running,0.00,0,0,0,0,0
1779747271880,7665,2483,-5088,588,606,1896,running,0.00,0,0,0,0,0
1779747271880,7780,318,-3211,262,580,1953,running,0.00,0,0,0,0,0
1779747271909,9393,1369,-3136,-178,512,2064,running,0.00,0,0,0,0,0
1779747271913,10181,2790,411,-356,217,2218,running,0.00,0,0,0,0,0
1779747271915,10548,5276,1891,-760,-26,2431,running,0.00,0,0,0,0,0
1779747271940,10854,8433,2231,-932,-414,2647,running,0.00,0,0,0,0,0
1779747271940,10061,11500,3684,-579,-761,2927,running,0.00,0,0,0,0,0
1779747271940,9231,15031,4579,188,-1013,3231,running,0.00,0,0,0,0,0
1779747271968,9135,15262,5963,938,-1309,3424,running,0.00,0,0,0,0,0
1779747271971,8916,14379,8056,1268,-1679,3655,running,0.00,0,0,0,0,0
1779747271971,9024,15135,9967,1273,-2065,3861,running,0.00,0,0,0,0,0
1779747271998,11387,20589,11658,1044,-2350,3784,running,0.00,0,0,0,0,0
1779747272001,14426,30880,12016,688,-2631,3643,running,0.00,0,0,0,0,0
1779747272001,16086,32767,11793,70,-3145,3100,running,0.00,0,0,0,0,0
1779747272031,13449,32674,9745,-608,-3531,2077,running,0.00,0,0,0,0,0
1779747272031,1063,32704,11020,-610,-3911,2337,running,0.00,0,0,0,0,0
1779747272032,-13459,32767,15752,-74,-3986,1888,running,0.00,0,0,0,0,0
1779747272059,-27361,32767,17345,681,-3783,1644,running,0.00,0,0,0,0,0
1779747272060,-30810,32765,11125,595,-3619,2089,running,0.00,0,0,0,0,0
1779747272060,-32686,32590,5395,231,-4120,2632,running,0.00,0,0,0,0,0
1779747272091,-29318,31722,8526,165,-4398,2751,running,0.00,0,0,0,0,0
1779747272091,-19891,32506,6043,-680,-4534,2517,running,0.00,0,0,0,0,0
1779747272092,-16040,32767,4115,-1132,-4869,1911,running,0.00,0,0,0,0,0
1779747272118,-16386,29952,2171,-684,-4955,1264,running,0.00,0,0,0,0,0
1779747272119,-18785,22494,2959,-42,-4981,328,running,0.00,0,0,0,0,0
1779747272119,-14493,18056,208,886,-4612,64,running,0.00,0,0,0,0,0
1779747272150,-11093,12647,2527,1836,-4467,396,running,0.00,0,0,0,0,0
1779747272151,-11646,7759,2619,2426,-4136,205,running,0.00,0,0,0,0,0
1779747272151,-10086,4055,850,2809,-3827,110,running,0.00,0,0,0,0,0
1779747272183,-7701,-1288,1154,2794,-3698,-40,running,0.00,0,0,0,0,0
1779747272184,-8373,-6355,3427,2508,-3733,-383,running,0.00,0,0,0,0,0
1779747272189,-10182,-11396,4684,1984,-3640,-799,running,0.00,0,0,0,0,0
1779747272210,-11799,-14553,4487,1369,-3414,-1140,running,0.00,0,0,0,0,0
1779747272210,-12798,-15869,4653,854,-3188,-1426,running,0.00,0,0,0,0,0
1779747272211,-14118,-15787,4921,413,-2872,-1639,running,0.00,0,0,0,0,0
1779747272239,-15043,-14002,4113,196,-2377,-1793,running,0.00,0,0,0,0,0
1779747272239,-15276,-11574,4082,233,-1805,-1890,running,0.00,0,0,0,0,0
1779747272240,-14555,-9959,4064,470,-1147,-1956,running,0.00,0,0,0,0,0
1779747272269,-13533,-9141,4180,727,-531,-2023,running,0.00,0,0,0,0,0
1779747272270,-13315,-8611,4258,894,72,-2125,running,0.00,0,0,0,0,0
1779747272270,-13411,-8081,4697,903,644,-2241,running,0.00,0,0,0,0,0
1779747272299,-13747,-8428,6276,621,1299,-2321,running,0.00,0,0,0,0,0
1779747272299,-11283,-7284,1270,-81,2048,-2270,running,0.00,0,0,0,0,0
1779747272300,-13056,-2492,1909,-564,2253,-2088,running,0.00,0,0,0,0,0
1779747272328,-19139,-951,2829,-765,3042,-2204,running,0.00,0,0,0,0,0
1779747272329,-16432,7358,-2720,-833,3740,-2366,running,0.00,0,0,0,0,0
1779747272329,-15763,10464,-1110,-414,3948,-2137,running,0.00,0,0,0,0,0
1779747272359,-17425,12762,-1549,-190,4420,-2020,running,0.00,0,0,0,0,0
1779747272360,-17938,12956,64,-66,4860,-2097,running,0.00,0,0,0,0,0
1779747272361,-16640,16328,-596,-413,5141,-2172,running,0.00,0,0,0,0,0
1779747272393,-17062,21868,3328,-867,5039,-2140,running,0.00,0,0,0,0,0
1779747272393,-17733,27491,4375,-1379,4911,-2228,running,0.00,0,0,0,0,0
1779747272394,-16083,32121,3035,-1948,4557,-2688,running,0.00,0,0,0,0,0
1779747272419,-16056,32767,3048,-2431,3846,-3246,running,0.00,0,0,0,0,0
1779747272452,-20667,32744,-2705,-2473,2095,-3319,running,0.00,0,0,0,0,0
1779747272452,-21994,32767,-4076,-1816,1360,-2834,running,0.00,0,0,0,0,0
1779747272453,-18011,32767,-4906,-943,747,-2335,running,0.00,0,0,0,0,0
1779747272453,-13690,32766,-4446,-383,93,-1883,running,0.00,0,0,0,0,0
1779747272454,-7190,32767,-4630,-298,-371,-1614,running,0.00,0,0,0,0,0
1779747272482,2029,31900,-6397,-646,-876,-1591,running,0.00,0,0,0,0,0
1779747272483,-6919,27891,-1632,-1545,-1579,-2001,running,0.00,0,0,0,0,0
1779747272483,-3701,24942,-4785,-1610,-833,-2026,running,0.00,0,0,0,0,0
1779747272509,4827,30308,-10027,-920,-702,-1128,running,0.00,0,0,0,0,0
1779747272509,2308,24253,-5707,-501,-1187,-355,running,0.00,0,0,0,0,0
1779747272510,-328,14861,-3293,-566,-757,-224,running,0.00,0,0,0,0,0
1779747272542,-511,12793,-5671,-356,-182,-280,running,0.00,0,0,0,0,0
1779747272543,2678,9846,-7864,-415,174,-402,running,0.00,0,0,0,0,0
1779747272543,11722,5704,-5969,-603,20,-353,running,0.00,0,0,0,0,0
1779747272570,12896,6398,-4357,-1183,-577,538,running,0.00,0,0,0,0,0
1779747272571,5601,9429,-3925,-1669,-842,1235,running,0.00,0,0,0,0,0
1779747272571,9321,8162,-5436,-1052,-418,1250,running,0.00,0,0,0,0,0
1779747272598,14408,5303,-5303,-540,-77,1062,running,0.00,0,0,0,0,0
1779747272599,12196,5780,-4567,-496,-211,1047,running,0.00,0,0,0,0,0
1779747272602,11040,5239,-2928,-322,-145,970,running,0.00,0,0,0,0,0
1779747272630,10975,5819,-1423,-29,-19,1220,running,0.00,0,0,0,0,0
1779747272631,11337,4506,-86,265,-13,1516,running,0.00,0,0,0,0,0
1779747272631,12692,3586,2563,193,-196,1599,running,0.00,0,0,0,0,0
1779747272665,12173,3023,4708,-39,-503,1647,running,0.00,0,0,0,0,0
1779747272665,10626,4045,6202,-303,-818,1737,running,0.00,0,0,0,0,0
1779747272666,9021,5789,8216,-514,-1164,1742,running,0.00,0,0,0,0,0
1779747272688,9716,8349,8837,-553,-1566,1714,running,0.00,0,0,0,0,0
1779747272689,10361,12218,9099,-358,-2048,1787,running,0.00,0,0,0,0,0
1779747272689,9610,15103,10338,132,-2571,1858,running,0.00,0,0,0,0,0
1779747272721,7147,16672,11546,712,-3083,1962,running,0.00,0,0,0,0,0
1779747272722,4431,16050,12910,1269,-3554,2120,running,0.00,0,0,0,0,0
1779747272723,2711,13624,15244,1175,-4159,2300,running,0.00,0,0,0,0,0
1779747272749,-374,17202,16629,846,-4907,2572,running,0.00,0,0,0,0,0
1779747272750,-4792,19586,17457,570,-5546,2458,running,0.00,0,0,0,0,0
1779747272750,-4570,25517,16909,469,-5817,2431,running,0.00,0,0,0,0,0
1779747272785,-4210,32767,15802,480,-6068,2867,running,0.00,0,0,0,0,0
1779747272786,-4533,32767,13706,335,-6279,3173,running,0.00,0,0,0,0,0
1779747272787,-6232,32623,12444,454,-6280,2872,running,0.00,0,0,0,0,0
1779747272809,-13681,32767,13789,711,-6068,2180,running,0.00,0,0,0,0,0
1779747272810,-25071,32767,15147,1068,-5601,1802,running,0.00,0,0,0,0,0
1779747272811,-32768,32764,16245,1380,-5057,1451,running,0.00,0,0,0,0,0
1779747272840,-32768,32767,13563,2602,-4113,1432,running,0.00,0,0,0,0,0
1779747272840,-31111,31843,8553,2848,-3757,2423,running,0.00,0,0,0,0,0
1779747272841,-28604,25799,7779,1780,-3964,2423,running,0.00,0,0,0,0,0
1779747272869,-25315,18861,7187,690,-3990,1682,running,0.00,0,0,0,0,0
1779747272870,-19212,20406,4417,-329,-3690,922,running,0.00,0,0,0,0,0
1779747272870,-17112,22727,2974,-393,-3274,-221,running,0.00,0,0,0,0,0
1779747272899,-6951,18516,-325,631,-2873,-722,running,0.00,0,0,0,0,0
1779747272900,-4455,15459,-390,1299,-3043,62,running,0.00,0,0,0,0,0
1779747272901,-7079,9016,3613,1556,-3054,378,running,0.00,0,0,0,0,0
1779747272928,-6894,5540,3610,1743,-2464,-192,running,0.00,0,0,0,0,0
1779747272929,-4577,5612,2046,2318,-2083,-755,running,0.00,0,0,0,0,0
1779747272929,-1100,1788,2719,2706,-1881,-1104,running,0.00,0,0,0,0,0
1779747272959,-858,-2863,3351,2750,-1799,-1243,running,0.00,0,0,0,0,0
1779747272959,-4030,-3930,4417,2691,-1699,-1312,running,0.00,0,0,0,0,0
1779747272960,-6389,-4972,4144,2635,-1595,-1453,running,0.00,0,0,0,0,0
1779747272989,-7173,-7427,4422,2240,-1582,-1635,running,0.00,0,0,0,0,0
1779747272990,-8431,-9344,3862,1591,-1576,-1831,running,0.00,0,0,0,0,0
1779747272993,-9724,-8163,3805,990,-1633,-1901,running,0.00,0,0,0,0,0
1779747273019,-11180,-4743,4678,618,-1559,-1777,running,0.00,0,0,0,0,0
1779747273019,-12372,-2444,5664,692,-1249,-1509,running,0.00,0,0,0,0,0
1779747273020,-12479,-2783,6536,1044,-809,-1244,running,0.00,0,0,0,0,0
1779747273050,-10650,-4049,7450,1587,-329,-636,running,0.00,0,0,0,0,0
1779747273053,-11465,-2377,8169,1881,36,254,running,0.00,0,0,0,0,0
1779747273054,-12185,-6076,8891,1909,285,510,running,0.00,0,0,0,0,0
1779747273078,-11622,-6489,8514,1051,294,519,running,0.00,0,0,0,0,0
1779747273079,-12378,-7170,6429,359,-48,545,running,0.00,0,0,0,0,0
1779747273079,-10150,40,6129,9,501,346,running,0.00,0,0,0,0,0
1779747273108,-10022,2773,4647,-21,934,-636,running,0.00,0,0,0,0,0
1779747273114,-9533,-400,2725,-368,913,-1500,running,0.00,0,0,0,0,0
1779747273115,-7783,1224,1842,-742,1003,-1676,running,0.00,0,0,0,0,0
1779747273139,-8748,3044,1982,-1059,1199,-1669,running,0.00,0,0,0,0,0
1779747273140,-9851,7375,866,-1558,1496,-1649,running,0.00,0,0,0,0,0
1779747273140,-12515,13426,135,-2227,1837,-1880,running,0.00,0,0,0,0,0
1779747273176,-15930,26721,-251,-2734,2361,-2289,running,0.00,0,0,0,0,0
1779747273176,-17173,32767,-716,-2759,2931,-2914,running,0.00,0,0,0,0,0
1779747273177,-16709,32767,532,-3043,3035,-3621,running,0.00,0,0,0,0,0
1779747273198,-21846,32613,144,-3729,2805,-4042,running,0.00,0,0,0,0,0
1779747273199,-28562,32767,1842,-3072,2763,-3900,running,0.00,0,0,0,0,0
1779747273199,-27540,32767,-1452,-3432,2297,-3500,running,0.00,0,0,0,0,0
1779747273230,-23028,32763,2757,-3534,1655,-2148,running,0.00,0,0,0,0,0
1779747273231,-23033,32767,-257,-3049,2001,-857,running,0.00,0,0,0,0,0
1779747273231,-15686,32767,-4233,-2533,1885,-626,running,0.00,0,0,0,0,0
1779747273259,-9478,32767,-3876,-2510,1414,-455,running,0.00,0,0,0,0,0
1779747273260,-4338,32486,-3710,-2144,1114,-271,running,0.00,0,0,0,0,0
1779747273260,-7,31842,-3311,-1328,1322,46,running,0.00,0,0,0,0,0
1779747273291,4209,29829,-3375,-268,1457,331,running,0.00,0,0,0,0,0
1779747273291,1940,25481,-2467,666,1529,473,running,0.00,0,0,0,0,0
1779747273292,823,20043,-1714,1683,1764,617,running,0.00,0,0,0,0,0
1779747273319,2948,13759,-1087,2197,1879,758,running,0.00,0,0,0,0,0
1779747273320,208,9160,1048,1998,1771,962,running,0.00,0,0,0,0,0
1779747273320,2788,3456,783,1807,2031,694,running,0.00,0,0,0,0,0
1779747273350,13481,841,365,1582,1965,733,running,0.00,0,0,0,0,0
1779747273351,10771,-3275,2041,757,1533,737,running,0.00,0,0,0,0,0
1779747273351,9313,-4598,1107,-326,1439,591,running,0.00,0,0,0,0,0
1779747273380,13673,-3161,-399,-772,1359,609,running,0.00,0,0,0,0,0
1779747273380,15082,-2906,-400,-913,1103,938,running,0.00,0,0,0,0,0
1779747273381,12635,-3210,605,-1203,795,1139,running,0.00,0,0,0,0,0
1779747273416,12279,-1932,-239,-1139,710,1204,running,0.00,0,0,0,0,0
1779747273417,12637,-658,-338,-888,649,1224,running,0.00,0,0,0,0,0
1779747273421,12994,-50,-93,-672,458,1236,running,0.00,0,0,0,0,0
1779747273438,12473,318,1401,-475,137,1278,running,0.00,0,0,0,0,0
1779747273470,12092,-534,1273,-309,-40,1151,running,0.00,0,0,0,0,0
1779747273471,12094,-1552,1534,-101,-223,990,running,0.00,0,0,0,0,0
1779747273472,10917,-616,2281,-134,-460,997,running,0.00,0,0,0,0,0
1779747273473,10745,1685,3220,-320,-870,1087,running,0.00,0,0,0,0,0
1779747273473,10833,4813,3907,-450,-1159,1265,running,0.00,0,0,0,0,0
1779747273499,7379,9292,4362,-499,-1652,1305,running,0.00,0,0,0,0,0
1779747273501,6923,13954,4316,-168,-2127,1276,running,0.00,0,0,0,0,0
1779747273507,5695,25878,7943,735,-2653,1733,running,0.00,0,0,0,0,0
1779747273528,6134,32102,10445,859,-2849,2071,running,0.00,0,0,0,0,0
1779747273529,8696,32767,12022,854,-3169,2251,running,0.00,0,0,0,0,0
1779747273529,8043,32696,10364,579,-3936,2230,running,0.00,0,0,0,0,0
1779747273559,1282,32740,8778,-741,-4243,2353,running,0.00,0,0,0,0,0
1779747273559,-5852,32767,12235,-1093,-3854,2275,running,0.00,0,0,0,0,0
1779747273560,-12978,32766,15433,-597,-3559,2079,running,0.00,0,0,0,0,0
1779747273588,-21133,32766,15448,-533,-3245,2363,running,0.00,0,0,0,0,0
1779747273589,-30898,32767,11739,-161,-2872,1991,running,0.00,0,0,0,0,0
1779747273590,-32768,30880,3944,812,-2565,-651,running,0.00,0,0,0,0,0
1779747273622,-22555,20110,2482,-138,-3307,-185,running,0.00,0,0,0,0,0
1779747273623,-15882,26819,5429,-1764,-3636,2912,running,0.00,0,0,0,0,0
1779747273623,-16973,31149,3001,-2261,-4076,2616,running,0.00,0,0,0,0,0
1779747273655,-16584,29461,3431,-2293,-4110,1698,running,0.00,0,0,0,0,0
1779747273655,-14758,19705,4579,-1301,-3414,1684,running,0.00,0,0,0,0,0
1779747273658,-14751,21705,-2273,-904,-3145,1008,running,0.00,0,0,0,0,0
1779747273681,-11755,15202,1831,969,-3317,871,running,0.00,0,0,0,0,0
1779747273682,-12387,11172,-38,1881,-2806,1079,running,0.00,0,0,0,0,0
1779747273682,-10036,7653,-1183,2654,-2636,604,running,0.00,0,0,0,0,0
1779747273711,-6874,-161,305,3077,-2488,140,running,0.00,0,0,0,0,0
1779747273711,-6085,-1738,233,3348,-2408,281,running,0.00,0,0,0,0,0
1779747273712,-9262,-3306,1479,3004,-2457,312,running,0.00,0,0,0,0,0
1779747273742,-12159,-8957,3435,2541,-2226,-198,running,0.00,0,0,0,0,0
1779747273743,-11765,-11193,1680,2457,-1789,-493,running,0.00,0,0,0,0,0
1779747273743,-10799,-13337,1919,1788,-1933,-626,running,0.00,0,0,0,0,0
1779747273769,-13242,-16373,3808,650,-2182,-911,running,0.00,0,0,0,0,0
1779747273770,-15779,-17284,5039,79,-1990,-1156,running,0.00,0,0,0,0,0
1779747273771,-14926,-15219,4363,127,-1473,-1329,running,0.00,0,0,0,0,0
1779747273801,-15235,-10835,3654,-173,-1056,-1500,running,0.00,0,0,0,0,0
1779747273802,-12266,-12619,4884,-670,-907,-2108,running,0.00,0,0,0,0,0
1779747273802,-11299,-9989,7078,-836,-397,-2082,running,0.00,0,0,0,0,0
1779747273829,-13132,-3377,4074,-495,382,-1838,running,0.00,0,0,0,0,0
1779747273830,-12341,-4891,4143,-98,688,-2725,running,0.00,0,0,0,0,0
1779747273832,-8799,-5077,6171,-396,1142,-3039,running,0.00,0,0,0,0,0
1779747273861,-9063,-2081,3100,-673,1466,-2787,running,0.00,0,0,0,0,0
1779747273862,-10922,-2003,3290,-1202,1487,-2946,running,0.00,0,0,0,0,0
1779747273862,-16295,1568,5564,-1421,1699,-3000,running,0.00,0,0,0,0,0
1779747273889,-15460,6084,4611,-1295,2264,-2808,running,0.00,0,0,0,0,0
1779747273889,-16077,11380,5993,-1504,2556,-2545,running,0.00,0,0,0,0,0
1779747273890,-17712,18070,8220,-1827,2822,-2431,running,0.00,0,0,0,0,0
1779747273919,-19897,23826,9119,-1870,2886,-2766,running,0.00,0,0,0,0,0
1779747273919,-23592,29514,8639,-1967,2774,-3272,running,0.00,0,0,0,0,0
1779747273923,-29686,32767,3880,-2115,2506,-3409,running,0.00,0,0,0,0,0
1779747273949,-32768,32767,441,-2276,1985,-3249,running,0.00,0,0,0,0,0
1779747273950,-32768,32686,-1772,-2507,1632,-2736,running,0.00,0,0,0,0,0
1779747273950,-32697,32767,-595,-2303,1483,-2122,running,0.00,0,0,0,0,0
1779747273979,-30519,32767,797,-1909,1597,-1575,running,0.00,0,0,0,0,0
1779747273980,-23209,32765,721,-1353,1775,-1178,running,0.00,0,0,0,0,0
1779747273981,-14203,32767,-962,-1126,1758,-932,running,0.00,0,0,0,0,0
1779747274009,-9022,32439,-744,-881,1482,-853,running,0.00,0,0,0,0,0
1779747274009,-5325,27781,2902,-825,1258,-1060,running,0.00,0,0,0,0,0
1779747274010,-3519,26289,3238,-1672,2009,-862,running,0.00,0,0,0,0,0
1779747274044,3219,25592,-1219,-2169,2611,-1091,running,0.00,0,0,0,0,0
1779747274045,2451,25356,1177,-2562,1858,-932,running,0.00,0,0,0,0,0
1779747274046,3856,27657,12,-2281,1783,-38,running,0.00,0,0,0,0,0
1779747274069,4485,22477,482,-1938,1644,257,running,0.00,0,0,0,0,0
1779747274070,4329,16085,-562,-2057,1353,231,running,0.00,0,0,0,0,0
1779747274070,5405,13435,-1816,-1998,1304,684,running,0.00,0,0,0,0,0
1779747274103,4800,12678,-3112,-1794,1226,1148,running,0.00,0,0,0,0,0
1779747274103,6742,10217,-4195,-1402,1198,1223,running,0.00,0,0,0,0,0
1779747274104,9659,8252,-4082,-1119,1035,1305,running,0.00,0,0,0,0,0
1779747274130,10760,6876,-3343,-937,799,1474,running,0.00,0,0,0,0,0
1779747274134,10409,6931,-3749,-528,708,1674,running,0.00,0,0,0,0,0
1779747274135,10667,6210,-4424,-12,628,1757,running,0.00,0,0,0,0,0
1779747274160,10121,4969,-4537,536,547,1833,running,0.00,0,0,0,0,0
1779747274161,9780,2149,-4002,883,471,1868,running,0.00,0,0,0,0,0
1779747274162,10628,101,-3376,964,298,1872,running,0.00,0,0,0,0,0
1779747274189,9954,-377,-3807,957,151,1903,running,0.00,0,0,0,0,0
1779747274192,8691,-177,-2083,965,30,1941,running,0.00,0,0,0,0,0
1779747274193,8308,29,33,1022,5,1914,running,0.00,0,0,0,0,0
1779747274220,9326,157,1694,1107,-38,1862,running,0.00,0,0,0,0,0
1779747274221,10077,749,2748,1012,-190,1811,running,0.00,0,0,0,0,0
1779747274221,9272,1365,3600,814,-481,1749,running,0.00,0,0,0,0,0
1779747274249,8542,3443,3630,575,-737,1722,running,0.00,0,0,0,0,0
1779747274252,8143,5995,3618,256,-1162,1745,running,0.00,0,0,0,0,0
1779747274253,6269,9671,3906,-64,-1600,1798,running,0.00,0,0,0,0,0
1779747274279,5989,15041,5227,-213,-1878,1896,running,0.00,0,0,0,0,0
1779747274279,7047,20953,7823,-209,-2235,2060,running,0.00,0,0,0,0,0
1779747274280,7331,28683,9901,-146,-2539,2267,running,0.00,0,0,0,0,0
1779747274311,8578,32767,11122,-29,-2850,2264,running,0.00,0,0,0,0,0
1779747274312,9129,32767,13025,-22,-3316,1984,running,0.00,0,0,0,0,0
1779747274312,3622,32670,13802,-205,-3633,2021,running,0.00,0,0,0,0,0
1779747274340,-7434,32767,17100,-239,-3768,1905,running,0.00,0,0,0,0,0
1779747274340,-16003,32767,19976,-266,-3740,1371,running,0.00,0,0,0,0,0
1779747274341,-22735,32765,20245,-567,-3788,1165,running,0.00,0,0,0,0,0
1779747274371,-29554,32767,17623,-1102,-4092,1235,running,0.00,0,0,0,0,0
1779747274372,-30800,32653,15005,-1708,-4327,1509,running,0.00,0,0,0,0,0
1779747274372,-30452,32709,11842,-1763,-4279,1528,running,0.00,0,0,0,0,0
1779747274399,-23306,32420,11403,-792,-3836,1748,running,0.00,0,0,0,0,0
1779747274399,-21305,29390,8836,-539,-3706,1535,running,0.00,0,0,0,0,0
1779747274400,-18431,21151,6435,-622,-3697,684,running,0.00,0,0,0,0,0
1779747274436,-17066,21774,4972,-285,-3664,1100,running,0.00,0,0,0,0,0
1779747274436,-19374,20527,2314,402,-3398,1219,running,0.00,0,0,0,0,0
1779747274437,-14480,12115,402,1095,-3048,471,running,0.00,0,0,0,0,0
1779747274459,-13021,8426,-808,1405,-2803,20,running,0.00,0,0,0,0,0
1779747274459,-12039,5638,-2063,1767,-2514,-260,running,0.00,0,0,0,0,0
1779747274460,-10402,3209,-2554,2230,-2233,-356,running,0.00,0,0,0,0,0
1779747274491,-9676,787,-2661,2623,-2070,-427,running,0.00,0,0,0,0,0
1779747274491,-8470,-4167,-1631,2702,-1897,-679,running,0.00,0,0,0,0,0
1779747274492,-8298,-8433,-2378,2427,-1868,-831,running,0.00,0,0,0,0,0
1779747274520,-9343,-12333,-802,1843,-1952,-1070,running,0.00,0,0,0,0,0
1779747274523,-10714,-14771,345,1392,-1732,-1094,running,0.00,0,0,0,0,0
1779747274524,-11679,-12868,-1133,958,-1466,-958,running,0.00,0,0,0,0,0
1779747274549,-12135,-12192,-1669,462,-1274,-1149,running,0.00,0,0,0,0,0
1779747274550,-13505,-10765,-235,-65,-1037,-1511,running,0.00,0,0,0,0,0
1779747274551,-14985,-10101,170,-341,-568,-1863,running,0.00,0,0,0,0,0
1779747274579,-14308,-6143,-773,-355,-21,-2019,running,0.00,0,0,0,0,0
1779747274580,-12804,-6666,1485,-358,326,-2220,running,0.00,0,0,0,0,0
1779747274581,-14264,-3838,3244,-256,811,-2082,running,0.00,0,0,0,0,0
1779747274609,-14667,-2684,5294,142,1477,-1927,running,0.00,0,0,0,0,0
1779747274610,-11023,-1605,5789,425,2556,-2274,running,0.00,0,0,0,0,0
1779747274611,-10748,-2246,3981,-120,2611,-2182,running,0.00,0,0,0,0,0
1779747274640,-19075,231,8977,-579,2694,-2178,running,0.00,0,0,0,0,0
1779747274644,-17977,5898,7791,-854,3334,-2313,running,0.00,0,0,0,0,0
1779747274645,-14639,9949,7102,-1132,3772,-2318,running,0.00,0,0,0,0,0
1779747274676,-17159,14980,12399,-1614,3956,-2401,running,0.00,0,0,0,0,0
1779747274676,-19722,21492,14619,-2129,4136,-2701,running,0.00,0,0,0,0,0
1779747274679,-19449,27939,14076,-2739,3850,-3104,running,0.00,0,0,0,0,0
1779747274699,-22493,32767,14567,-3460,3230,-3279,running,0.00,0,0,0,0,0
1779747274699,-19612,32767,11159,-3931,2963,-2986,running,0.00,0,0,0,0,0
1779747274700,-25051,32661,4647,-4031,2097,-2450,running,0.00,0,0,0,0,0
1779747274729,-25209,32767,7723,-3102,1893,-1958,running,0.00,0,0,0,0,0
1779747274729,-21240,32767,3818,-2239,2244,-1401,running,0.00,0,0,0,0,0
1779747274730,-17381,32765,3149,-2192,2019,-1430,running,0.00,0,0,0,0,0
1779747274766,-12210,32689,3415,-2691,1798,-1355,running,0.00,0,0,0,0,0
1779747274767,-9282,32750,896,-2487,1703,-835,running,0.00,0,0,0,0,0
1779747274767,-5589,31760,276,-2217,1263,-873,running,0.00,0,0,0,0,0
1779747274789,-3,29805,-215,-1770,1276,-709,running,0.00,0,0,0,0,0
1779747274791,-1527,29615,-1229,-1143,1357,-218,running,0.00,0,0,0,0,0
1779747274791,677,24333,-2169,-622,1422,-306,running,0.00,0,0,0,0,0
1779747274823,6120,17818,-2855,-383,1314,-302,running,0.00,0,0,0,0,0
1779747274824,6745,13731,-3792,-611,1075,42,running,0.00,0,0,0,0,0
1779747274824,3244,12497,-4433,-893,926,364,running,0.00,0,0,0,0,0
1779747274849,2638,8839,-4785,-845,884,305,running,0.00,0,0,0,0,0
1779747274850,6914,6104,-4646,-725,870,234,running,0.00,0,0,0,0,0
1779747274850,8462,6265,-5476,-644,771,521,running,0.00,0,0,0,0,0
1779747274881,9207,6130,-4902,-578,590,764,running,0.00,0,0,0,0,0
1779747274882,10255,6069,-4614,-396,505,839,running,0.00,0,0,0,0,0
1779747274883,9805,5112,-4140,-151,433,857,running,0.00,0,0,0,0,0
1779747274910,10722,4019,-3700,56,429,981,running,0.00,0,0,0,0,0
1779747274911,10617,3660,-3317,189,388,1158,running,0.00,0,0,0,0,0
1779747274912,10338,4444,-2427,318,337,1244,running,0.00,0,0,0,0,0
1779747274940,9751,5131,-1726,542,304,1361,running,0.00,0,0,0,0,0
1779747274941,9295,4055,-774,649,251,1355,running,0.00,0,0,0,0,0
1779747274941,9167,3714,287,777,194,1374,running,0.00,0,0,0,0,0
1779747274969,9049,4077,548,787,121,1447,running,0.00,0,0,0,0,0
1779747274970,9421,4747,1481,517,-170,1447,running,0.00,0,0,0,0,0
1779747274970,8457,7040,2370,155,-532,1531,running,0.00,0,0,0,0,0
1779747275000,7006,10126,3473,-75,-839,1697,running,0.00,0,0,0,0,0
1779747275001,6107,13566,5208,-140,-1128,1893,running,0.00,0,0,0,0,0
1779747275001,5827,16799,6861,-162,-1451,2133,running,0.00,0,0,0,0,0
1779747275030,6062,19598,9134,-121,-1817,2407,running,0.00,0,0,0,0,0
1779747275031,6884,23839,11520,19,-2175,2715,running,0.00,0,0,0,0,0
1779747275031,8187,31425,13344,376,-2513,2997,running,0.00,0,0,0,0,0
1779747275060,7792,32767,14372,616,-2861,3108,running,0.00,0,0,0,0,0
1779747275060,4421,32698,14847,703,-3202,2794,running,0.00,0,0,0,0,0
1779747275061,-3462,32722,17213,832,-3371,2087,running,0.00,0,0,0,0,0
1779747275090,-13605,32767,20485,1251,-3250,1296,running,0.00,0,0,0,0,0
1779747275091,-22797,32767,20699,1293,-3070,804,running,0.00,0,0,0,0,0
1779747275091,-31532,32766,16425,1085,-3276,882,running,0.00,0,0,0,0,0
1779747275121,-32768,32760,12273,1563,-3372,1509,running,0.00,0,0,0,0,0
1779747275121,-31146,29069,10483,2195,-3265,2049,running,0.00,0,0,0,0,0
1779747275122,-29260,30966,6536,2443,-3203,1944,running,0.00,0,0,0,0,0
1779747275151,-24700,20867,3212,2119,-3122,909,running,0.00,0,0,0,0,0
1779747275160,-14147,20554,-228,1480,-3316,719,running,0.00,0,0,0,0,0
1779747275161,-15862,21278,-1412,1567,-3613,1186,running,0.00,0,0,0,0,0
1779747275185,-16413,15620,-957,1477,-3812,869,running,0.00,0,0,0,0,0
1779747275185,-14848,12355,-1650,1321,-3705,526,running,0.00,0,0,0,0,0
1779747275188,-14625,11332,-3069,1457,-3514,218,running,0.00,0,0,0,0,0
1779747275208,-11526,8687,-3159,1770,-3163,-208,running,0.00,0,0,0,0,0
1779747275209,-7985,6205,-4728,1965,-2934,-386,running,0.00,0,0,0,0,0
1779747275209,-8098,2504,-3824,2124,-2874,-470,running,0.00,0,0,0,0,0
1779747275240,-8933,-1259,-2627,2181,-2750,-636,running,0.00,0,0,0,0,0
1779747275241,-7774,-6944,-1067,2080,-2493,-702,running,0.00,0,0,0,0,0
1779747275241,-7732,-8571,-1028,1822,-2170,-628,running,0.00,0,0,0,0,0
1779747275268,-7805,-10139,-963,1403,-1897,-607,running,0.00,0,0,0,0,0
1779747275269,-7867,-11169,-457,857,-1678,-631,running,0.00,0,0,0,0,0
1779747275270,-8715,-10980,612,312,-1434,-745,running,0.00,0,0,0,0,0
1779747275299,-9177,-11245,1376,-154,-1156,-1037,running,0.00,0,0,0,0,0
1779747275300,-9310,-11124,1289,-541,-835,-1316,running,0.00,0,0,0,0,0
1779747275300,-9536,-8851,1164,-835,-449,-1517,running,0.00,0,0,0,0,0
1779747275329,-8974,-5652,1557,-823,-46,-1599,running,0.00,0,0,0,0,0
1779747275329,-9778,-3329,2584,-643,375,-1659,running,0.00,0,0,0,0,0
1779747275332,-7999,-932,5357,-247,819,-1720,running,0.00,0,0,0,0,0
1779747275362,-14591,-2767,9934,48,1733,-2086,running,0.00,0,0,0,0,0
1779747275363,-8535,-373,5215,165,2486,-2310,running,0.00,0,0,0,0,0
1779747275363,-8272,897,7076,416,2536,-2147,running,0.00,0,0,0,0,0
1779747275389,-13463,-2466,10816,652,2869,-2098,running,0.00,0,0,0,0,0
1779747275392,-12747,661,3189,449,3285,-2196,running,0.00,0,0,0,0,0
1779747275393,-13819,1182,5799,298,2856,-2303,running,0.00,0,0,0,0,0
1779747275420,-14297,2987,5733,-304,2843,-2386,running,0.00,0,0,0,0,0
1779747275421,-14943,5526,7373,-1251,2542,-2806,running,0.00,0,0,0,0,0
1779747275421,-19029,13256,6794,-2517,2621,-2974,running,0.00,0,0,0,0,0
1779747275448,-27129,24921,2071,-3399,2843,-3349,running,0.00,0,0,0,0,0
1779747275451,-32768,32767,-2991,-3587,2929,-3938,running,0.00,0,0,0,0,0
1779747275452,-32768,32767,-5785,-3359,2626,-4085,running,0.00,0,0,0,0,0
1779747275479,-32653,32585,-5954,-2954,2236,-3518,running,0.00,0,0,0,0,0
1779747275480,-32768,32767,-5690,-2637,1991,-2629,running,0.00,0,0,0,0,0
1779747275481,-32768,32767,-2018,-2518,2060,-2060,running,0.00,0,0,0,0,0
1779747275511,-31701,32763,-5057,-2266,2576,-1917,running,0.00,0,0,0,0,0
1779747275511,-25223,32339,-4178,-2467,2547,-1735,running,0.00,0,0,0,0,0
1779747275512,-17830,28479,-2383,-3014,2430,-1771,running,0.00,0,0,0,0,0
1779747275541,-12176,24467,-399,-3485,2274,-1635,running,0.00,0,0,0,0,0
1779747275542,-4541,24342,-573,-3723,2251,-1470,running,0.00,0,0,0,0,0
1779747275543,-706,25708,1199,-3608,2119,-1212,running,0.00,0,0,0,0,0
1779747275570,201,27239,36,-3166,2289,-790,running,0.00,0,0,0,0,0
1779747275571,1706,23457,-60,-2771,2214,-924,running,0.00,0,0,0,0,0
1779747275571,3056,18580,1072,-2431,2118,-961,running,0.00,0,0,0,0,0
1779747275599,5726,17004,-600,-2104,2190,-596,running,0.00,0,0,0,0,0
1779747275599,8062,12782,42,-1934,1853,-384,running,0.00,0,0,0,0,0
1779747275600,9801,12118,-743,-1664,1617,-4,running,0.00,0,0,0,0,0
1779747275629,9259,11328,-2275,-1272,1663,373,running,0.00,0,0,0,0,0
1779747275630,11379,9519,-1385,-1069,1573,419,running,0.00,0,0,0,0,0
1779747275630,14706,7982,-591,-670,1601,397,running,0.00,0,0,0,0,0
1779747275659,17959,7563,508,-329,1530,567,running,0.00,0,0,0,0,0
1779747275660,18868,6563,1598,-31,1325,764,running,0.00,0,0,0,0,0
1779747275661,18286,4060,2504,287,1128,968,running,0.00,0,0,0,0,0
1779747275690,17729,2481,2598,415,1017,1148,running,0.00,0,0,0,0,0
1779747275691,17378,1806,3150,406,847,1245,running,0.00,0,0,0,0,0
1779747275691,16684,1994,3853,259,599,1263,running,0.00,0,0,0,0,0
1779747275720,16161,4348,5011,167,-29,1508,running,0.00,0,0,0,0,0
1779747275724,16217,5300,5168,115,-432,1724,running,0.00,0,0,0,0,0
1779747275725,15605,6363,5168,108,-878,1882,running,0.00,0,0,0,0,0
1779747275754,14076,8153,4970,174,-1276,1938,running,0.00,0,0,0,0,0
1779747275755,12245,10436,4596,61,-1556,1900,running,0.00,0,0,0,0,0
1779747275755,10530,13478,4467,-74,-1804,1849,running,0.00,0,0,0,0,0
1779747275779,8538,17782,5253,22,-2141,1842,running,0.00,0,0,0,0,0
1779747275780,5673,23180,4842,218,-2503,2062,running,0.00,0,0,0,0,0
1779747275780,3502,27736,4013,272,-2710,2309,running,0.00,0,0,0,0,0
1779747275811,3498,32676,5717,543,-2941,2472,running,0.00,0,0,0,0,0
1779747275812,2405,32767,6360,1011,-3182,2647,running,0.00,0,0,0,0,0
1779747275812,-1543,32692,4280,1568,-3264,2624,running,0.00,0,0,0,0,0
1779747275843,-11394,32756,3212,2326,-3090,2201,running,0.00,0,0,0,0,0
1779747275843,-25426,32767,4220,3086,-2588,1628,running,0.00,0,0,0,0,0
1779747275844,-32768,32766,6123,3284,-2297,1692,running,0.00,0,0,0,0,0
1779747275869,-32768,32767,2603,2123,-2498,2372,running,0.00,0,0,0,0,0
1779747275870,-32603,32767,1660,1152,-2915,2877,running,0.00,0,0,0,0,0
1779747275871,-32757,30005,2931,379,-3193,3006,running,0.00,0,0,0,0,0
1779747275899,-30517,23512,154,-540,-3384,3077,running,0.00,0,0,0,0,0
1779747275903,-22116,22725,-3612,-1420,-3882,2691,running,0.00,0,0,0,0,0
1779747275904,-18202,25654,37,-1739,-4560,2514,running,0.00,0,0,0,0,0
1779747275930,-21046,21637,2466,-408,-4484,3148,running,0.00,0,0,0,0,0
1779747275931,-24407,17354,-5191,443,-3644,2667,running,0.00,0,0,0,0,0
1779747275931,-17068,6987,-4306,976,-3761,1316,running,0.00,0,0,0,0,0
1779747275959,-11604,-629,1011,975,-3444,984,running,0.00,0,0,0,0,0
1779747275961,-12512,7955,-3459,1390,-3285,1224,running,0.00,0,0,0,0,0
1779747275961,-13019,5962,2180,2395,-3330,963,running,0.00,0,0,0,0,0
1779747275989,-9580,-3076,1640,3181,-2613,722,running,0.00,0,0,0,0,0
1779747275990,-7523,-5863,425,3437,-2244,547,running,0.00,0,0,0,0,0
1779747275990,-8220,-8803,2087,3636,-2189,613,running,0.00,0,0,0,0,0
1779747276019,-9086,-11719,2123,3824,-2117,1045,running,0.00,0,0,0,0,0
1779747276023,-9906,-15143,3742,3741,-2262,1429,running,0.00,0,0,0,0,0
1779747276024,-13146,-18555,7996,2832,-2345,1617,running,0.00,0,0,0,0,0
1779747276049,-16124,-20330,9320,1187,-1836,1170,running,0.00,0,0,0,0,0
1779747276049,-16250,-20290,7049,-65,-1278,627,running,0.00,0,0,0,0,0
1779747276050,-16151,-16744,6294,-782,-1115,14,running,0.00,0,0,0,0,0
1779747276084,-16233,-14385,7469,-896,-425,-1100,running,0.00,0,0,0,0,0
1779747276085,-12104,-17458,3782,-1015,259,-1949,running,0.00,0,0,0,0,0
1779747276085,-12695,-18728,7209,-687,105,-497,running,0.00,0,0,0,0,0
1779747276109,-17482,2354,8277,-41,812,873,running,0.00,0,0,0,0,0
1779747276110,-15530,2395,8775,532,1788,-1776,running,0.00,0,0,0,0,0
1779747276111,-16103,-8215,6783,-162,2354,-3757,running,0.00,0,0,0,0,0
1779747276141,-17264,-6791,8911,-117,2477,-3902,running,0.00,0,0,0,0,0
1779747276142,-22197,-2908,9503,-48,3088,-4020,running,0.00,0,0,0,0,0
1779747276143,-21827,29,4578,-347,3607,-5204,running,0.00,0,0,0,0,0
1779747276169,-18474,-2704,4672,-1098,3893,-6320,running,0.00,0,0,0,0,0
1779747276170,-18366,5915,1085,-1793,4199,-5946,running,0.00,0,0,0,0,0
1779747276170,-26480,31020,-89,-2134,4387,-5057,running,0.00,0,0,0,0,0
1779747276201,-32768,32767,-503,-1644,4418,-4864,running,0.00,0,0,0,0,0
1779747276202,-32768,32430,-3714,-1445,4638,-5587,running,0.00,0,0,0,0,0
1779747276202,-32673,32679,-2584,-758,4385,-6135,running,0.00,0,0,0,0,0
1779747276229,-32628,32767,-1208,48,3513,-5989,running,0.00,0,0,0,0,0
1779747276229,-30403,32763,-8958,-724,2780,-5059,running,0.00,0,0,0,0,0
1779747276230,-26628,32764,-13239,-2113,2048,-3804,running,0.00,0,0,0,0,0
1779747276260,-22603,32767,-9921,-2718,1749,-2982,running,0.00,0,0,0,0,0
1779747276262,-11283,32767,-11144,-2725,1551,-2096,running,0.00,0,0,0,0,0
1779747276262,-5799,32552,-7560,-3129,780,-1883,running,0.00,0,0,0,0,0
1779747276289,-3568,27907,-64,-3705,410,-2078,running,0.00,0,0,0,0,0
1779747276289,-995,28612,-4586,-3615,847,-1585,running,0.00,0,0,0,0,0
1779747276290,9876,29267,-5088,-3653,440,-1474,running,0.00,0,0,0,0,0
1779747276320,9274,26784,-2084,-3534,194,-1134,running,0.00,0,0,0,0,0
1779747276320,6614,25784,-3875,-3279,-26,-1472,running,0.00,0,0,0,0,0
1779747276321,4260,20654,-1261,-3640,-235,-2818,running,0.00,0,0,0,0,0
1779747276351,4845,5238,-1974,-3623,182,-3276,running,0.00,0,0,0,0,0
1779747276354,8696,5978,-2797,-3261,573,-1708,running,0.00,0,0,0,0,0
1779747276355,3980,21572,-4943,-3102,482,-322,running,0.00,0,0,0,0,0
1779747276380,7347,7705,-3875,-2990,-190,-466,running,0.00,0,0,0,0,0
1779747276382,12095,8039,-3967,-3232,157,277,running,0.00,0,0,0,0,0
1779747276383,10756,9535,-2674,-2909,-446,1188,running,0.00,0,0,0,0,0
1779747276410,7816,5722,-3419,-2497,-832,283,running,0.00,0,0,0,0,0
1779747276418,16165,4336,-5198,-2190,-434,-379,running,0.00,0,0,0,0,0
1779747276419,15343,993,-2086,-2114,-256,239,running,0.00,0,0,0,0,0
1779747276439,12029,-1069,-1285,-1772,-211,1021,running,0.00,0,0,0,0,0
1779747276440,10826,-1546,-1032,-1897,-222,1111,running,0.00,0,0,0,0,0
1779747276441,12550,-2592,258,-2355,-386,817,running,0.00,0,0,0,0,0
1779747276471,13715,-1815,1352,-2634,-680,721,running,0.00,0,0,0,0,0
1779747276471,12558,-358,1813,-2695,-933,764,running,0.00,0,0,0,0,0
1779747276500,11387,1640,2280,-2624,-1095,753,running,0.00,0,0,0,0,0
1779747276501,9529,3920,2221,-2358,-1265,592,running,0.00,0,0,0,0,0
1779747276501,7006,7369,2618,-1865,-1437,379,running,0.00,0,0,0,0,0
1779747276502,4733,11331,3678,-1205,-1564,273,running,0.00,0,0,0,0,0
1779747276528,2629,15506,5547,-454,-1736,326,running,0.00,0,0,0,0,0
1779747276531,530,19870,8600,312,-1934,515,running,0.00,0,0,0,0,0
1779747276532,-998,24697,11469,935,-2091,815,running,0.00,0,0,0,0,0
1779747276561,-2657,31673,15120,1592,-2209,1147,running,0.00,0,0,0,0,0
1779747276561,-5777,32767,20326,2289,-2304,1328,running,0.00,0,0,0,0,0
1779747276561,-10509,32706,22220,2893,-2371,1325,running,0.00,0,0,0,0,0
1779747276591,-20466,32729,25521,2910,-2448,1071,running,0.00,0,0,0,0,0
1779747276591,-31264,32767,31144,2777,-2466,1040,running,0.00,0,0,0,0,0
1779747276592,-32768,32767,27635,2120,-2523,1811,running,0.00,0,0,0,0,0
1779747276619,-32687,32766,18971,1443,-2763,2701,running,0.00,0,0,0,0,0
1779747276620,-32717,32767,16970,2239,-2874,3093,running,0.00,0,0,0,0,0
1779747276620,-32239,32376,13589,4114,-2067,3595,running,0.00,0,0,0,0,0
1779747276652,-23639,31882,6146,3965,-1995,3785,running,0.00,0,0,0,0,0
1779747276652,-23347,26440,8893,2951,-2883,4232,running,0.00,0,0,0,0,0
1779747276653,-24642,20563,6606,2554,-2879,4045,running,0.00,0,0,0,0,0
1779747276681,-21924,15273,2986,2308,-2872,3553,running,0.00,0,0,0,0,0
1779747276681,-18449,8080,2732,1971,-3079,2753,running,0.00,0,0,0,0,0
1779747276682,-17037,6318,2837,1339,-3350,1521,running,0.00,0,0,0,0,0
1779747276710,-13563,-2380,4177,1402,-3166,-866,running,0.00,0,0,0,0,0
1779747276710,-6842,-9921,-2901,1931,-2713,-625,running,0.00,0,0,0,0,0
1779747276711,-641,8033,-3507,1840,-2920,2642,running,0.00,0,0,0,0,0
1779747276738,-9020,9360,555,3278,-3066,3556,running,0.00,0,0,0,0,0
1779747276739,-12932,1834,4232,4781,-2944,3017,running,0.00,0,0,0,0,0
1779747276739,-16351,-13195,4659,5149,-1934,2053,running,0.00,0,0,0,0,0
1779747276769,-7839,-10158,1859,5331,-1276,1751,running,0.00,0,0,0,0,0
1779747276770,-10038,-14963,5158,5189,-1375,1127,running,0.00,0,0,0,0,0
1779747276770,-9763,-21458,5608,4167,-1461,711,running,0.00,0,0,0,0,0
1779747276799,-9198,-26451,7061,2415,-1761,626,running,0.00,0,0,0,0,0
1779747276800,-13079,-25041,8238,203,-1869,176,running,0.00,0,0,0,0,0
1779747276801,-18580,-19679,5895,-2519,-492,-1512,running,0.00,0,0,0,0,0
1779747276829,-18243,-17292,7504,-3543,-38,-2287,running,0.00,0,0,0,0,0
1779747276830,-19008,-10753,9861,-3697,288,-2429,running,0.00,0,0,0,0,0
1779747276830,-19289,-4608,9218,-3273,773,-2691,running,0.00,0,0,0,0,0
1779747276858,-19207,-3245,8716,-2564,1276,-2960,running,0.00,0,0,0,0,0
1779747276859,-20432,2212,8766,-1580,1622,-2490,running,0.00,0,0,0,0,0
1779747276859,-25298,5023,11054,-465,1848,-1914,running,0.00,0,0,0,0,0
1779747276889,-25410,5962,11130,201,2263,-1842,running,0.00,0,0,0,0,0
1779747276890,-22422,-1635,12362,278,2905,-2783,running,0.00,0,0,0,0,0
1779747276891,-19829,-6691,6373,-221,3498,-3590,running,0.00,0,0,0,0,0
1779747276920,-18700,763,6307,-765,3146,-4028,running,0.00,0,0,0,0,0
1779747276924,-28048,15138,23140,-1565,2684,-4472,running,0.00,0,0,0,0,0
1779747276925,-32768,22928,26685,-2691,3434,-5287,running,0.00,0,0,0,0,0
1779747276953,-32678,28473,28066,-3473,4587,-5724,running,0.00,0,0,0,0,0
1779747276953,-30408,32767,3444,-2873,6255,-5240,running,0.00,0,0,0,0,0
1779747276954,-24451,32767,-8765,-2891,3832,-5044,running,0.00,0,0,0,0,0
1779747276979,-31095,32660,5741,-2881,1359,-4231,running,0.00,0,0,0,0,0
1779747276983,-27251,32767,-1867,-1948,1975,-3500,running,0.00,0,0,0,0,0
1779747276984,-26314,32767,5130,-1739,1686,-2618,running,0.00,0,0,0,0,0
1779747277012,-27033,32765,3870,-2667,1920,-2459,running,0.00,0,0,0,0,0
1779747277012,-16658,32767,3660,-3194,1845,-2397,running,0.00,0,0,0,0,0
1779747277012,-5465,32767,5423,-3465,1843,-1879,running,0.00,0,0,0,0,0
1779747277038,3599,32767,4587,-3683,1848,-1577,running,0.00,0,0,0,0,0
1779747277039,11010,31984,5384,-3731,1311,-1617,running,0.00,0,0,0,0,0
1779747277039,19377,25769,5837,-3908,920,-1360,running,0.00,0,0,0,0,0
1779747277071,3428,23493,8686,-4767,474,-753,running,0.00,0,0,0,0,0
1779747277071,2961,26104,-4861,-5061,1338,-1527,running,0.00,0,0,0,0,0
1779747277072,11174,14595,-2262,-2506,1061,-2600,running,0.00,0,0,0,0,0
1779747277099,13302,15853,-2309,-1863,364,-1463,running,0.00,0,0,0,0,0
1779747277103,10429,12221,-8526,-2299,398,129,running,0.00,0,0,0,0,0
1779747277104,11546,8104,-7635,-1947,309,1176,running,0.00,0,0,0,0,0
1779747277128,11537,9960,-6037,-684,375,1672,running,0.00,0,0,0,0,0
1779747277129,9659,9904,-5051,475,695,1916,running,0.00,0,0,0,0,0
1779747277130,8083,6590,-2649,932,871,1896,running,0.00,0,0,0,0,0
1779747277162,11150,3890,-1611,1069,962,1790,running,0.00,0,0,0,0,0
1779747277163,14861,2119,-673,1057,862,1924,running,0.00,0,0,0,0,0
1779747277163,13949,4061,230,904,507,2287,running,0.00,0,0,0,0,0
1779747277188,7883,2777,2,668,220,2286,running,0.00,0,0,0,0,0
1779747277189,8264,352,-995,-42,248,2051,running,0.00,0,0,0,0,0
1779747277190,9220,1621,-299,-342,334,2071,running,0.00,0,0,0,0,0
1779747277221,8382,4683,2105,-442,288,2179,running,0.00,0,0,0,0,0
1779747277221,8942,6428,3304,-795,135,2253,running,0.00,0,0,0,0,0
1779747277222,9151,9178,3801,-941,-163,2419,running,0.00,0,0,0,0,0
1779747277248,7596,12056,4420,-674,-451,2647,running,0.00,0,0,0,0,0
1779747277249,5824,14339,5277,-249,-691,2874,running,0.00,0,0,0,0,0
1779747277250,4243,16723,6540,195,-971,3060,running,0.00,0,0,0,0,0
1779747277280,3140,19375,8671,453,-1297,3200,running,0.00,0,0,0,0,0
1779747277280,3529,24556,11623,477,-1691,3333,running,0.00,0,0,0,0,0
1779747277281,2997,32597,13512,456,-2126,3323,running,0.00,0,0,0,0,0
1779747277309,1400,32767,13701,145,-2548,3079,running,0.00,0,0,0,0,0
1779747277310,-1398,32639,14474,-402,-2816,2974,running,0.00,0,0,0,0,0
1779747277310,-10065,32747,16821,-152,-2842,2957,running,0.00,0,0,0,0,0
1779747277340,-20577,32767,18238,412,-2602,2967,running,0.00,0,0,0,0,0
1779747277340,-29984,32765,17516,874,-2369,3182,running,0.00,0,0,0,0,0
1779747277341,-32768,32766,13964,985,-2365,3578,running,0.00,0,0,0,0,0
1779747277369,-31811,32521,6989,734,-2624,3793,running,0.00,0,0,0,0,0
1779747277370,-29810,32026,3291,685,-3016,3631,running,0.00,0,0,0,0,0
1779747277371,-24767,28048,5555,465,-3383,2635,running,0.00,0,0,0,0,0
1779747277403,-20364,27502,213,1024,-3098,2197,running,0.00,0,0,0,0,0
1779747277404,-20573,17223,-495,1340,-3205,1074,running,0.00,0,0,0,0,0
1779747277405,-16665,11240,-2572,666,-3722,579,running,0.00,0,0,0,0,0
1779747277429,-12111,14197,-2837,1010,-3926,1376,running,0.00,0,0,0,0,0
1779747277440,-10206,12584,-2014,1999,-3755,1495,running,0.00,0,0,0,0,0
1779747277441,-8916,7849,205,3006,-3495,859,running,0.00,0,0,0,0,0
1779747277459,-9051,1101,1685,3880,-3015,214,running,0.00,0,0,0,0,0
1779747277460,-8110,934,-370,4527,-2422,-262,running,0.00,0,0,0,0,0
1779747277460,-4773,-5458,1665,4896,-2340,-800,running,0.00,0,0,0,0,0
1779747277488,-3603,-9530,2302,4682,-2369,-982,running,0.00,0,0,0,0,0
1779747277489,-6286,-13728,3256,4229,-2564,-1136,running,0.00,0,0,0,0,0
1779747277489,-3711,-16033,3008,3680,-2918,-1161,running,0.00,0,0,0,0,0
1779747277519,-7243,-18220,6401,2280,-3637,-1264,running,0.00,0,0,0,0,0
1779747277521,-10892,-19440,7908,790,-4624,-1275,running,0.00,0,0,0,0,0
1779747277521,-15356,-20056,8956,-641,-4954,-1207,running,0.00,0,0,0,0,0
1779747277549,-17697,-17438,9255,-2244,-4047,-1520,running,0.00,0,0,0,0,0
1779747277549,-23200,-13119,9367,-2794,-3548,-2106,running,0.00,0,0,0,0,0
1779747277549,-21183,-8362,10008,-3055,-1418,-2999,running,0.00,0,0,0,0,0
1779747277579,-19040,-4952,10367,-2906,-497,-3491,running,0.00,0,0,0,0,0
1779747277581,-18963,-2369,11367,-2427,60,-3454,running,0.00,0,0,0,0,0
1779747277581,-15513,296,12083,-1370,855,-3071,running,0.00,0,0,0,0,0
1779747277609,-16239,-302,13103,-385,1516,-2608,running,0.00,0,0,0,0,0
1779747277609,-13239,1218,11605,-311,1855,-2363,running,0.00,0,0,0,0,0
1779747277610,-14653,-2273,9979,-915,1802,-2983,running,0.00,0,0,0,0,0
1779747277639,-17469,-3903,10957,-1591,2023,-3668,running,0.00,0,0,0,0,0
1779747277639,-18493,3155,10506,-2278,2775,-3499,running,0.00,0,0,0,0,0
1779747277640,-20724,9634,10914,-2989,3232,-3475,running,0.00,0,0,0,0,0
1779747277678,-19759,13749,15206,-3694,2909,-3817,running,0.00,0,0,0,0,0
1779747277678,-25358,18273,27960,-4836,2041,-3840,running,0.00,0,0,0,0,0
1779747277679,-32768,30075,32553,-5761,2730,-3370,running,0.00,0,0,0,0,0
1779747277700,-32768,32767,22005,-5977,3419,-3290,running,0.00,0,0,0,0,0
1779747277701,-32607,32689,12566,-6000,2883,-3247,running,0.00,0,0,0,0,0
1779747277701,-32768,32683,10223,-5337,2229,-2973,running,0.00,0,0,0,0,0
1779747277733,-32562,32767,11997,-4109,2230,-2520,running,0.00,0,0,0,0,0
1779747277734,-28238,32767,6791,-2505,2627,-1427,running,0.00,0,0,0,0,0
1779747277734,-19868,32765,8556,-1562,1917,-1046,running,0.00,0,0,0,0,0
1779747277759,-15917,32725,8770,-1418,1815,-779,running,0.00,0,0,0,0,0
1779747277759,-9925,30352,6170,-1723,1907,-721,running,0.00,0,0,0,0,0
1779747277759,-3387,26905,5535,-2501,1664,-865,running,0.00,0,0,0,0,0
1779747277791,-275,25230,5214,-3373,1439,-944,running,0.00,0,0,0,0,0
1779747277791,372,22747,4756,-4281,1261,-1362,running,0.00,0,0,0,0,0
1779747277792,1892,23599,2678,-4741,1081,-2227,running,0.00,0,0,0,0,0
1779747277818,7859,22621,-997,-3960,928,-1577,running,0.00,0,0,0,0,0
1779747277819,10596,22312,-2476,-3708,784,25,running,0.00,0,0,0,0,0
1779747277819,4040,21696,-2725,-2574,571,1432,running,0.00,0,0,0,0,0
1779747277850,2252,17534,-5872,-1744,796,1858,running,0.00,0,0,0,0,0
1779747277851,11417,10818,-5430,-1155,756,1321,running,0.00,0,0,0,0,0
1779747277851,12175,7861,-5053,-1231,295,1273,running,0.00,0,0,0,0,0
1779747277879,11229,8864,-5894,-1237,162,1509,running,0.00,0,0,0,0,0
1779747277880,10716,8797,-5575,-525,305,1732,running,0.00,0,0,0,0,0
1779747277881,12156,7966,-5294,160,451,1826,running,0.00,0,0,0,0,0
1779747277910,12989,5018,-3076,1035,497,2044,running,0.00,0,0,0,0,0
1779747277911,13134,3748,-2369,1093,413,1939,running,0.00,0,0,0,0,0
1779747277912,12260,2044,-2042,868,319,1672,running,0.00,0,0,0,0,0
1779747277939,14923,1541,-1404,618,197,1523,running,0.00,0,0,0,0,0
1779747277940,14181,3249,-1572,466,-151,1823,running,0.00,0,0,0,0,0
1779747277940,11668,5921,-1872,407,-418,2126,running,0.00,0,0,0,0,0
1779747277970,10016,6825,-1424,432,-576,2151,running,0.00,0,0,0,0,0
1779747277971,8947,7167,-496,382,-786,2165,running,0.00,0,0,0,0,0
1779747277971,7628,9778,1101,322,-1076,2323,running,0.00,0,0,0,0,0
1779747277999,6394,13827,3370,333,-1456,2460,running,0.00,0,0,0,0,0
1779747278000,5275,19020,5472,672,-1730,2688,running,0.00,0,0,0,0,0
1779747278000,2603,21323,7710,921,-2138,2785,running,0.00,0,0,0,0,0
1779747278029,1493,23778,8803,1196,-2466,2703,running,0.00,0,0,0,0,0
1779747278029,4473,29135,9337,1950,-2634,3018,running,0.00,0,0,0,0,0
1779747278030,5323,32767,13283,1847,-3192,3171,running,0.00,0,0,0,0,0
1779747278061,-145,32767,15494,1606,-3540,3356,running,0.00,0,0,0,0,0
1779747278068,-3428,32702,15726,1168,-3392,3306,running,0.00,0,0,0,0,0
1779747278069,-6569,32762,18233,924,-3467,2871,running,0.00,0,0,0,0,0
1779747278089,-14626,32767,26665,1441,-3195,2412,running,0.00,0,0,0,0,0
1779747278089,-26514,32766,29673,2047,-2754,2376,running,0.00,0,0,0,0,0
1779747278090,-32768,32767,28495,2542,-2497,2432,running,0.00,0,0,0,0,0
1779747278119,-32768,31437,25389,2631,-2441,2395,running,0.00,0,0,0,0,0
1779747278119,-32666,25988,17637,2215,-2413,3160,running,0.00,0,0,0,0,0
1779747278120,-30843,22110,9544,1269,-2415,3422,running,0.00,0,0,0,0,0
1779747278150,-19856,22823,5528,-391,-3055,2278,running,0.00,0,0,0,0,0
1779747278150,-12056,20568,6458,-1261,-3644,1296,running,0.00,0,0,0,0,0
1779747278151,-12239,20713,6502,-825,-3680,1107,running,0.00,0,0,0,0,0
1779747278179,-13177,23071,2175,554,-3267,879,running,0.00,0,0,0,0,0
1779747278182,-20614,13730,3361,2265,-2941,345,running,0.00,0,0,0,0,0
1779747278183,-12093,5323,2132,3601,-2132,169,running,0.00,0,0,0,0,0
1779747278210,-9211,-368,-311,4392,-1992,228,running,0.00,0,0,0,0,0
1779747278211,-7474,-2331,1028,4544,-1957,379,running,0.00,0,0,0,0,0
1779747278211,-6389,-6603,1925,4564,-1793,167,running,0.00,0,0,0,0,0
1779747278239,-6079,-10734,3673,4302,-1543,-186,running,0.00,0,0,0,0,0
1779747278240,-7163,-13633,4574,3759,-1360,-616,running,0.00,0,0,0,0,0
1779747278240,-10020,-16006,6755,2863,-1232,-777,running,0.00,0,0,0,0,0
1779747278269,-11665,-15955,4800,2103,-1060,-614,running,0.00,0,0,0,0,0
1779747278269,-13282,-17470,7207,1330,-1411,-749,running,0.00,0,0,0,0,0
1779747278270,-15149,-17399,6930,544,-1356,-1272,running,0.00,0,0,0,0,0
1779747278302,-17099,-11576,8458,412,-1033,-1478,running,0.00,0,0,0,0,0
1779747278302,-16695,-8111,8303,689,-207,-1679,running,0.00,0,0,0,0,0
1779747278303,-14005,-7987,7220,1185,588,-1657,running,0.00,0,0,0,0,0
1779747278331,-14535,-4751,7706,1455,872,-1358,running,0.00,0,0,0,0,0
1779747278332,-14833,-7805,10554,1447,955,-1487,running,0.00,0,0,0,0,0
1779747278333,-13055,-5816,9637,1115,1286,-1527,running,0.00,0,0,0,0,0
1779747278361,-14930,-3941,8554,765,1553,-2103,running,0.00,0,0,0,0,0
1779747278362,-18176,-5264,7899,602,1832,-2941,running,0.00,0,0,0,0,0
1779747278363,-19086,-641,7669,-23,2090,-3243,running,0.00,0,0,0,0,0
1779747278389,-20080,7648,6084,-918,2338,-3285,running,0.00,0,0,0,0,0
1779747278390,-21500,14348,4554,-1855,2375,-3521,running,0.00,0,0,0,0,0
1779747278390,-20922,16763,5088,-2356,2543,-3582,running,0.00,0,0,0,0,0
1779747278420,-20085,29143,4545,-2446,2906,-3152,running,0.00,0,0,0,0,0
1779747278421,-20525,32767,5970,-2588,3133,-3371,running,0.00,0,0,0,0,0
1779747278421,-15146,32723,2675,-2228,3555,-4211,running,0.00,0,0,0,0,0
1779747278448,-16964,27232,10044,-2293,3375,-4432,running,0.00,0,0,0,0,0
1779747278449,-22154,32720,-8478,-3300,3420,-5123,running,0.00,0,0,0,0,0
1779747278449,-18305,32767,-97,-2040,2662,-5513,running,0.00,0,0,0,0,0
1779747278480,-18087,32667,-4530,-3058,2084,-4160,running,0.00,0,0,0,0,0
1779747278480,-17310,32754,-5930,-3782,1680,-2806,running,0.00,0,0,0,0,0
1779747278481,-8110,32767,-6372,-2189,1807,-2038,running,0.00,0,0,0,0,0
1779747278510,-2695,32766,-5264,-1642,1347,-1268,running,0.00,0,0,0,0,0
1779747278511,-6221,32590,-8858,-1944,844,-1033,running,0.00,0,0,0,0,0
1779747278511,-5118,30913,-6457,-899,786,-1241,running,0.00,0,0,0,0,0
1779747278540,1307,27192,-6367,-484,1087,-947,running,0.00,0,0,0,0,0
1779747278540,5939,24907,-9870,-845,855,-929,running,0.00,0,0,0,0,0
1779747278541,2464,20672,-5003,-726,392,-781,running,0.00,0,0,0,0,0
1779747278569,2098,15357,-5907,-764,788,-615,running,0.00,0,0,0,0,0
1779747278570,6935,12218,-7880,-917,824,-653,running,0.00,0,0,0,0,0
1779747278571,5584,9766,-5773,-1205,545,-498,running,0.00,0,0,0,0,0
1779747278599,3190,12916,-7119,-1783,641,-805,running,0.00,0,0,0,0,0
1779747278600,4690,4995,-4975,-2614,576,-1897,running,0.00,0,0,0,0,0
1779747278600,5433,-3646,-4784,-2745,886,-1368,running,0.00,0,0,0,0,0
1779747278629,10897,3595,-4757,-1856,662,11,running,0.00,0,0,0,0,0
1779747278629,6475,5896,-1227,-1502,1041,693,running,0.00,0,0,0,0,0
1779747278630,6905,6862,-3563,-1060,2200,916,running,0.00,0,0,0,0,0
1779747278665,7724,4719,-3613,-363,3195,792,running,0.00,0,0,0,0,0
1779747278666,14761,4531,-4253,-169,3242,697,running,0.00,0,0,0,0,0
1779747278666,16388,2094,-163,222,682,678,running,0.00,0,0,0,0,0
1779747278689,15321,3442,556,203,493,1063,running,0.00,0,0,0,0,0
1779747278690,13375,3692,1781,-129,668,1295,running,0.00,0,0,0,0,0
1779747278693,11256,4183,1610,-320,724,1237,running,0.00,0,0,0,0,0
1779747278721,14888,6919,3563,-97,373,1015,running,0.00,0,0,0,0,0
1779747278722,16445,7518,3274,87,-29,1062,running,0.00,0,0,0,0,0
1779747278722,13003,10085,3320,-255,-448,1513,running,0.00,0,0,0,0,0
1779747278749,9147,14985,2900,-622,-847,2014,running,0.00,0,0,0,0,0
1779747278749,7365,20075,2871,-425,-1249,2367,running,0.00,0,0,0,0,0
1779747278750,4792,25883,3947,-267,-1679,2634,running,0.00,0,0,0,0,0
1779747278779,2560,32573,5641,43,-2033,2681,running,0.00,0,0,0,0,0
1779747278780,4014,32767,3190,-120,-2145,2762,running,0.00,0,0,0,0,0
1779747278781,5328,32680,1125,-275,-2144,3063,running,0.00,0,0,0,0,0
1779747278809,-777,32751,2126,88,-1997,3393,running,0.00,0,0,0,0,0
1779747278809,-13717,32767,4085,710,-2211,3426,running,0.00,0,0,0,0,0
1779747278810,-26673,32766,5214,776,-2117,3461,running,0.00,0,0,0,0,0
1779747278839,-32768,32766,5254,538,-1900,3883,running,0.00,0,0,0,0,0
1779747278841,-32768,32767,3433,554,-1887,3918,running,0.00,0,0,0,0,0
1779747278842,-32211,30930,2875,462,-2217,4056,running,0.00,0,0,0,0,0
1779747278872,-30072,28046,1071,362,-2246,5108,running,0.00,0,0,0,0,0
1779747278873,-30427,28676,-3088,-382,-2554,5048,running,0.00,0,0,0,0,0
1779747278873,-28835,22325,-1583,-873,-2996,3938,running,0.00,0,0,0,0,0
1779747278904,-22625,14664,-2675,-924,-3009,2951,running,0.00,0,0,0,0,0
1779747278905,-19596,14574,-6266,-1037,-3204,2652,running,0.00,0,0,0,0,0
1779747278907,-23190,18511,1576,-316,-3209,1703,running,0.00,0,0,0,0,0
1779747278930,-12573,9007,-5357,1902,-2460,1013,running,0.00,0,0,0,0,0
1779747278933,-8758,5380,-3903,2882,-2446,889,running,0.00,0,0,0,0,0
1779747278934,-5643,37,-4250,3520,-2757,737,running,0.00,0,0,0,0,0
1779747278960,-9687,-307,114,3933,-3018,545,running,0.00,0,0,0,0,0
1779747278991,-8335,-6328,913,3972,-2476,204,running,0.00,0,0,0,0,0
1779747278991,-6549,-9803,302,3589,-2406,-137,running,0.00,0,0,0,0,0
1779747278991,-7868,-11247,2740,3139,-2583,-585,running,0.00,0,0,0,0,0
1779747279019,-10577,-12325,4263,2474,-2975,-854,running,0.00,0,0,0,0,0
1779747279019,-15017,-11464,3430,820,-3537,-977,running,0.00,0,0,0,0,0
1779747279020,-18825,-7949,4485,166,-3548,-1361,running,0.00,0,0,0,0,0
1779747279021,-21061,-6054,6538,-167,-3386,-1858,running,0.00,0,0,0,0,0
1779747279021,-19208,-5813,6530,-595,-1661,-2157,running,0.00,0,0,0,0,0
1779747279055,-17491,-3415,6403,-1231,-205,-2451,running,0.00,0,0,0,0,0
1779747279056,-17957,-5808,9490,-1847,613,-2583,running,0.00,0,0,0,0,0
1779747279056,-17725,5174,6076,-2843,2728,-1899,running,0.00,0,0,0,0,0
1779747279079,-13413,12796,2069,-1581,2999,-2348,running,0.00,0,0,0,0,0
1779747279080,-16188,7192,9589,-1046,2708,-2340,running,0.00,0,0,0,0,0
1779747279080,-16778,11446,5609,-992,3762,-2228,running,0.00,0,0,0,0,0
1779747279110,-15878,14737,8342,-270,3845,-2649,running,0.00,0,0,0,0,0
1779747279111,-14529,9935,8335,87,3916,-2876,running,0.00,0,0,0,0,0
1779747279111,-14018,10787,7049,61,3983,-2838,running,0.00,0,0,0,0,0
1779747279139,-13974,15601,7464,-204,4065,-2883,running,0.00,0,0,0,0,0
1779747279140,-12127,21331,8966,-311,4274,-3133,running,0.00,0,0,0,0,0
1779747279140,-8732,27240,10379,-329,4500,-3534,running,0.00,0,0,0,0,0
1779747279170,-4646,29755,8525,-503,4348,-3976,running,0.00,0,0,0,0,0
1779747279170,-4981,30634,8149,-1096,3459,-4061,running,0.00,0,0,0,0,0
1779747279171,-12610,30959,7308,-2087,2629,-3846,running,0.00,0,0,0,0,0
1779747279199,-18473,32041,5153,-3469,2069,-3610,running,0.00,0,0,0,0,0
1779747279200,-16780,32767,-1688,-3943,1991,-3017,running,0.00,0,0,0,0,0
1779747279204,-13886,32767,-2510,-3374,1835,-2316,running,0.00,0,0,0,0,0
1779747279230,-13545,32748,-3414,-2679,1549,-1955,running,0.00,0,0,0,0,0
1779747279230,-12880,32767,-3701,-1814,1480,-1765,running,0.00,0,0,0,0,0
1779747279231,-9386,32767,-5571,-1157,1813,-1626,running,0.00,0,0,0,0,0
1779747279259,-4847,31175,-5741,-814,1913,-1655,running,0.00,0,0,0,0,0
1779747279259,-1498,26900,-4789,-900,1682,-1622,running,0.00,0,0,0,0,0
1779747279260,3557,21499,-4255,-1245,1461,-1528,running,0.00,0,0,0,0,0
1779747279289,4625,18703,-2683,-1834,1109,-1296,running,0.00,0,0,0,0,0
1779747279289,4677,14511,-2038,-2856,980,-1649,running,0.00,0,0,0,0,0
1779747279290,7573,13338,-1116,-3594,1243,-1672,running,0.00,0,0,0,0,0
1779747279319,7145,14038,-4132,-3871,2128,-1705,running,0.00,0,0,0,0,0
1779747279324,14654,17403,-6612,-3578,1211,-1426,running,0.00,0,0,0,0,0
1779747279325,14889,10691,-2801,-3751,366,-1253,running,0.00,0,0,0,0,0
1779747279349,12802,17858,-4557,-3499,429,-42,running,0.00,0,0,0,0,0
1779747279350,10762,16498,-6749,-1930,773,593,running,0.00,0,0,0,0,0
1779747279350,17164,11651,-5475,-735,783,262,running,0.00,0,0,0,0,0
1779747279387,20136,8554,-3020,-676,119,560,running,0.00,0,0,0,0,0
1779747279388,14708,6992,-3157,-777,120,1232,running,0.00,0,0,0,0,0
1779747279388,12580,6130,-2556,-215,272,1485,running,0.00,0,0,0,0,0
1779747279409,13864,4479,-3076,150,256,1401,running,0.00,0,0,0,0,0
1779747279409,16690,2377,-2085,188,-7,1324,running,0.00,0,0,0,0,0
1779747279410,17084,2202,-2129,93,-274,1590,running,0.00,0,0,0,0,0
1779747279441,14449,3357,-2150,-86,-529,1839,running,0.00,0,0,0,0,0
1779747279442,12069,3929,-1636,-267,-783,1842,running,0.00,0,0,0,0,0
1779747279443,10225,5690,-1273,-347,-997,1862,running,0.00,0,0,0,0,0
1779747279469,8365,8481,-462,-237,-1199,2027,running,0.00,0,0,0,0,0
1779747279470,6438,10755,-180,-77,-1419,2255,running,0.00,0,0,0,0,0
1779747279470,4283,11747,-196,57,-1651,2457,running,0.00,0,0,0,0,0
1779747279503,928,14949,20,274,-1858,2641,running,0.00,0,0,0,0,0
1779747279503,719,17146,2783,573,-1979,2982,running,0.00,0,0,0,0,0
1779747279504,2602,21413,2894,136,-2351,3248,running,0.00,0,0,0,0,0
1779747279529,1486,31705,4324,-104,-2894,3408,running,0.00,0,0,0,0,0
1779747279530,-2357,32767,3952,-213,-3057,3208,running,0.00,0,0,0,0,0
1779747279530,-2763,32627,4599,-74,-3028,2412,running,0.00,0,0,0,0,0
1779747279561,-10014,32721,8739,463,-3126,1996,running,0.00,0,0,0,0,0
1779747279562,-23194,32767,11998,800,-2982,1957,running,0.00,0,0,0,0,0
1779747279562,-30082,32766,13643,1511,-2486,2403,running,0.00,0,0,0,0,0
1779747279590,-32768,32766,8787,1686,-2170,2870,running,0.00,0,0,0,0,0
1779747279591,-32237,32699,4158,1721,-2013,2788,running,0.00,0,0,0,0,0
1779747279592,-28839,28767,2834,1527,-2023,2529,running,0.00,0,0,0,0,0
1779747279621,-19908,23004,2706,574,-2231,2304,running,0.00,0,0,0,0,0
1779747279622,-14704,22817,2664,-642,-2612,1610,running,0.00,0,0,0,0,0
1779747279622,-11418,20105,2702,-1124,-2769,845,running,0.00,0,0,0,0,0
1779747279652,-14571,18631,1884,-499,-2558,535,running,0.00,0,0,0,0,0
1779747279652,-12601,15246,1033,645,-2073,292,running,0.00,0,0,0,0,0
1779747279653,-9542,12921,-456,1537,-1624,204,running,0.00,0,0,0,0,0
1779747279680,-6808,8340,-830,2125,-1459,21,running,0.00,0,0,0,0,0
1779747279681,-6475,5720,-1204,2454,-1396,-205,running,0.00,0,0,0,0,0
1779747279683,-7304,4482,-1181,2851,-1292,-431,running,0.00,0,0,0,0,0
1779747279709,-7238,2137,-450,3359,-1167,-691,running,0.00,0,0,0,0,0
1779747279710,-7691,-1283,1515,3546,-644,-947,running,0.00,0,0,0,0,0
1779747279711,-5074,-3438,1819,3658,-346,-1313,running,0.00,0,0,0,0,0
1779747279739,-5205,-9351,4091,3679,-557,-1510,running,0.00,0,0,0,0,0
1779747279740,-8107,-11985,6844,3012,-715,-1372,running,0.00,0,0,0,0,0
1779747279740,-10526,-12797,7451,2191,-834,-1482,running,0.00,0,0,0,0,0
1779747279769,-11854,-13543,7193,1472,-929,-1607,running,0.00,0,0,0,0,0
1779747279770,-14405,-12451,8342,604,-1054,-1547,running,0.00,0,0,0,0,0
1779747279771,-15938,-9481,8339,139,-750,-1506,running,0.00,0,0,0,0,0
1779747279799,-15784,-7556,7741,-2,-415,-2020,running,0.00,0,0,0,0,0
1779747279800,-15634,-6125,8653,-152,-161,-2730,running,0.00,0,0,0,0,0
1779747279801,-16266,-2652,8662,-171,469,-3090,running,0.00,0,0,0,0,0
1779747279831,-15759,34,6352,240,1087,-3194,running,0.00,0,0,0,0,0
1779747279835,-16311,1042,5804,723,1462,-3196,running,0.00,0,0,0,0,0
1779747279836,-17570,2104,5670,1047,1842,-3163,running,0.00,0,0,0,0,0
1779747279859,-19778,3288,6062,1046,2188,-3130,running,0.00,0,0,0,0,0
1779747279861,-19680,4199,5472,741,2658,-3041,running,0.00,0,0,0,0,0
1779747279861,-22465,11725,1281,311,2986,-2601,running,0.00,0,0,0,0,0
1779747279889,-29847,23494,3564,-315,2914,-3069,running,0.00,0,0,0,0,0
1779747279893,-27802,31389,3375,-506,3496,-4112,running,0.00,0,0,0,0,0
1779747279893,-23717,32767,696,-636,3457,-4536,running,0.00,0,0,0,0,0
1779747279925,-22238,32726,-2838,-1359,2891,-4693,running,0.00,0,0,0,0,0
1779747279925,-21719,30538,-6543,-2344,2282,-4588,running,0.00,0,0,0,0,0
1779747279928,-21013,29085,-16277,-3660,1628,-4018,running,0.00,0,0,0,0,0
1779747279952,-23867,32767,-17275,-3924,1124,-3572,running,0.00,0,0,0,0,0
1779747279952,-24631,32767,-13403,-2979,1109,-2632,running,0.00,0,0,0,0,0
1779747279953,-17388,32683,-13351,-2055,1206,-2023,running,0.00,0,0,0,0,0
1779747279982,-11504,32585,-12246,-1179,1094,-1936,running,0.00,0,0,0,0,0
1779747279983,-6739,28152,-9370,-576,1082,-2047,running,0.00,0,0,0,0,0
1779747279983,-938,21051,-7751,-426,1082,-2163,running,0.00,0,0,0,0,0
1779747280012,742,17333,-5995,-693,963,-2285,running,0.00,0,0,0,0,0
1779747280013,6793,16364,-5527,-955,1218,-2520,running,0.00,0,0,0,0,0
1779747280013,9056,19367,-5482,-833,1150,-2285,running,0.00,0,0,0,0,0
1779747280041,8722,11051,-2692,-1293,834,-2129,running,0.00,0,0,0,0,0
1779747280042,11319,14092,-6279,-2507,987,-1971,running,0.00,0,0,0,0,0
1779747280043,8130,20087,-5215,-2183,622,-1920,running,0.00,0,0,0,0,0
1779747280071,3315,15900,-4058,-1415,823,-1245,running,0.00,0,0,0,0,0
1779747280072,4721,14359,-6395,-1433,1036,-1012,running,0.00,0,0,0,0,0
1779747280073,7928,14687,-5344,-1079,781,-960,running,0.00,0,0,0,0,0
1779747280099,9719,9050,-3394,-798,537,-736,running,0.00,0,0,0,0,0
1779747280100,10934,9922,-1804,-136,584,291,running,0.00,0,0,0,0,0
1779747280101,10594,7263,-1269,196,516,496,running,0.00,0,0,0,0,0
1779747280130,13183,4897,-1346,250,437,688,running,0.00,0,0,0,0,0
1779747280131,14760,4036,-1449,203,299,894,running,0.00,0,0,0,0,0
1779747280132,15663,5224,-870,27,140,1061,running,0.00,0,0,0,0,0
1779747280159,15519,5771,-1229,-47,5,1219,running,0.00,0,0,0,0,0
1779747280159,15329,5796,-1468,-266,-169,1329,running,0.00,0,0,0,0,0
1779747280160,13628,7621,-1560,-465,-399,1473,running,0.00,0,0,0,0,0
1779747280189,10889,9078,-1824,-626,-630,1731,running,0.00,0,0,0,0,0
1779747280189,9684,10500,-2296,-751,-814,2055,running,0.00,0,0,0,0,0
1779747280190,8692,11824,-2229,-723,-1064,2409,running,0.00,0,0,0,0,0
1779747280219,7018,15169,-2550,-670,-1238,2716,running,0.00,0,0,0,0,0
1779747280219,4778,19005,-2213,-487,-1445,2950,running,0.00,0,0,0,0,0
1779747280219,2893,22899,-1002,-196,-1659,3249,running,0.00,0,0,0,0,0
1779747280251,2184,28984,-1190,197,-1841,3615,running,0.00,0,0,0,0,0
1779747280252,1630,32767,-3912,837,-2117,3944,running,0.00,0,0,0,0,0
1779747280253,-2327,32767,-7501,1589,-2460,4023,running,0.00,0,0,0,0,0
1779747280279,-9738,32680,-11063,2064,-2537,3623,running,0.00,0,0,0,0,0
1779747280279,-19694,32767,-14734,2336,-2364,2985,running,0.00,0,0,0,0,0
1779747280280,-28030,32767,-11049,3258,-2242,2783,running,0.00,0,0,0,0,0
1779747280313,-32768,32765,-3914,3900,-2214,3647,running,0.00,0,0,0,0,0
1779747280314,-32768,32767,-222,4070,-2195,4431,running,0.00,0,0,0,0,0
1779747280315,-32696,29763,377,3380,-2441,4261,running,0.00,0,0,0,0,0
1779747280339,-32768,21598,-1310,2352,-3004,4059,running,0.00,0,0,0,0,0
1779747280339,-32357,15633,4474,1125,-3105,3378,running,0.00,0,0,0,0,0
1779747280340,-25231,16864,-5805,-221,-2663,3031,running,0.00,0,0,0,0,0
1779747280372,-18686,13408,-2634,-1004,-3364,2589,running,0.00,0,0,0,0,0
1779747280372,-16514,16174,-3328,-794,-3566,2671,running,0.00,0,0,0,0,0
1779747280373,-16030,18546,-6479,146,-5154,2085,running,0.00,0,0,0,0,0
1779747280400,-16523,9814,2382,1364,-7461,1029,running,0.00,0,0,0,0,0
1779747280400,-15729,2905,4487,2123,-5275,724,running,0.00,0,0,0,0,0
1779747280401,-11736,2511,1956,2318,-2868,855,running,0.00,0,0,0,0,0
1779747280429,-9016,-268,2035,2783,-2920,543,running,0.00,0,0,0,0,0
1779747280430,-8177,-8459,6478,2717,-2939,522,running,0.00,0,0,0,0,0
1779747280431,-8913,-8412,6325,2011,-2123,713,running,0.00,0,0,0,0,0
1779747280460,-5841,-7431,3268,1540,-2034,323,running,0.00,0,0,0,0,0
1779747280463,-7342,-10555,5131,896,-2576,-165,running,0.00,0,0,0,0,0
1779747280464,-9321,-9256,5866,127,-2509,-338,running,0.00,0,0,0,0,0
1779747280489,-10501,-6978,7187,-202,-2139,-552,running,0.00,0,0,0,0,0
1779747280490,-10332,-4507,6198,-212,-1578,-699,running,0.00,0,0,0,0,0
1779747280491,-9823,-4417,5223,-256,-1200,-1013,running,0.00,0,0,0,0,0
1779747280522,-10542,-5511,7019,-449,-1001,-1450,running,0.00,0,0,0,0,0
1779747280523,-10476,-5631,7694,-597,-607,-1654,running,0.00,0,0,0,0,0
1779747280523,-11275,-1636,7180,-82,-101,-1104,running,0.00,0,0,0,0,0
1779747280549,-11994,-1802,8538,308,350,-780,running,0.00,0,0,0,0,0
1779747280551,-18916,1164,8239,-324,559,-1236,running,0.00,0,0,0,0,0
1779747280551,-16388,-628,9224,-247,1050,-2100,running,0.00,0,0,0,0,0
1779747280581,-15985,-668,6579,-494,1418,-2341,running,0.00,0,0,0,0,0
1779747280582,-19654,67,7679,-854,1497,-2424,running,0.00,0,0,0,0,0
1779747280583,-21769,4196,8384,-1157,1864,-2539,running,0.00,0,0,0,0,0
1779747280609,-22135,8441,6344,-1725,2212,-2923,running,0.00,0,0,0,0,0
1779747280610,-23926,12022,7908,-2530,2286,-3548,running,0.00,0,0,0,0,0
1779747280611,-27160,19920,10563,-3244,2769,-4102,running,0.00,0,0,0,0,0
1779747280643,-31270,31802,6161,-4073,3072,-4487,running,0.00,0,0,0,0,0
1779747280643,-32704,32767,-101,-4855,2989,-4853,running,0.00,0,0,0,0,0
1779747280644,-32692,32620,-3273,-5413,2712,-4927,running,0.00,0,0,0,0,0
1779747280669,-32768,32723,-7565,-5305,2475,-4790,running,0.00,0,0,0,0,0
1779747280670,-32768,32767,-3591,-5165,2082,-4264,running,0.00,0,0,0,0,0
1779747280670,-31422,32766,-5413,-4456,2546,-3503,running,0.00,0,0,0,0,0
1779747280705,-21287,32766,-10442,-4241,2032,-3419,running,0.00,0,0,0,0,0
1779747280705,-23187,32343,8428,-4357,1445,-2347,running,0.00,0,0,0,0,0
1779747280706,-22495,31095,1763,-3323,3463,-1005,running,0.00,0,0,0,0,0
1779747280729,-13474,31000,-5815,-3803,3368,-181,running,0.00,0,0,0,0,0
1779747280729,-6258,29589,-739,-5026,2327,-444,running,0.00,0,0,0,0,0
1779747280730,-516,31385,-524,-5228,2389,-352,running,0.00,0,0,0,0,0
1779747280760,5795,28484,-3828,-4559,2858,-284,running,0.00,0,0,0,0,0
1779747280761,7536,21835,-1196,-4677,2978,-424,running,0.00,0,0,0,0,0
1779747280762,10842,19622,-4098,-4673,3140,-396,running,0.00,0,0,0,0,0
1779747280789,14317,17887,-4416,-4120,2652,234,running,0.00,0,0,0,0,0
1779747280789,14999,10827,-3038,-4188,2482,122,running,0.00,0,0,0,0,0
1779747280790,17356,7713,-2931,-4231,2442,316,running,0.00,0,0,0,0,0
1779747280820,19009,8478,-5134,-3545,1939,971,running,0.00,0,0,0,0,0
1779747280821,22585,8308,-4903,-2239,1488,1608,running,0.00,0,0,0,0,0
1779747280822,17550,7567,-3277,-1672,1192,1896,running,0.00,0,0,0,0,0
1779747280851,16822,2898,-3561,-1271,1140,1482,running,0.00,0,0,0,0,0
1779747280851,19897,1560,-3248,-535,1125,1329,running,0.00,0,0,0,0,0
1779747280852,20361,1570,-2217,44,950,1305,running,0.00,0,0,0,0,0
1779747280880,20743,-1500,-2371,407,1034,1031,running,0.00,0,0,0,0,0
1779747280881,19974,-806,-782,604,735,1445,running,0.00,0,0,0,0,0
1779747280881,17407,1078,-1587,417,400,1988,running,0.00,0,0,0,0,0
1779747280912,15147,611,-1370,574,57,2037,running,0.00,0,0,0,0,0
1779747280913,12857,135,-1211,691,-168,2045,running,0.00,0,0,0,0,0
1779747280916,11468,2209,-598,612,-455,2097,running,0.00,0,0,0,0,0
1779747280939,9299,3421,172,521,-809,2104,running,0.00,0,0,0,0,0
1779747280940,7568,4506,120,178,-1075,2174,running,0.00,0,0,0,0,0
1779747280940,6245,6756,1106,-200,-1312,2261,running,0.00,0,0,0,0,0
1779747280973,4808,11447,2640,-447,-1642,2284,running,0.00,0,0,0,0,0
1779747280973,4178,18136,3924,-494,-2123,2191,running,0.00,0,0,0,0,0
1779747280973,2510,29705,5136,-263,-2532,2121,running,0.00,0,0,0,0,0
1779747280999,-1982,32767,4005,-293,-2694,2252,running,0.00,0,0,0,0,0
1779747281000,-6861,32738,1011,-374,-2398,2678,running,0.00,0,0,0,0,0
1779747281000,-16141,32679,5175,689,-2041,2643,running,0.00,0,0,0,0,0
1779747281029,-27440,32767,11465,2015,-1474,2125,running,0.00,0,0,0,0,0
1779747281030,-32768,32767,14546,2411,-887,1591,running,0.00,0,0,0,0,0
1779747281031,-32768,32765,12187,1741,-989,1276,running,0.00,0,0,0,0,0
1779747281059,-29052,27815,8149,941,-1744,1499,running,0.00,0,0,0,0,0
1779747281059,-27765,26957,5129,593,-2334,2286,running,0.00,0,0,0,0,0
1779747281060,-26662,28297,1488,313,-3195,1899,running,0.00,0,0,0,0,0
1779747281090,-24275,24269,759,197,-3354,1551,running,0.00,0,0,0,0,0
1779747281094,-13889,25624,-2489,274,-2955,2022,running,0.00,0,0,0,0,0
1779747281095,-18805,25248,2245,1157,-2732,2387,running,0.00,0,0,0,0,0
1779747281120,-17970,18653,1885,2682,-2358,1496,running,0.00,0,0,0,0,0
1779747281120,-8978,9377,-1491,3001,-1359,1070,running,0.00,0,0,0,0,0
1779747281121,-8134,12212,-3491,3399,-2054,666,running,0.00,0,0,0,0,0
1779747281151,-5356,3835,2226,3955,-2518,505,running,0.00,0,0,0,0,0
1779747281152,-2215,-624,769,3775,-2072,390,running,0.00,0,0,0,0,0
1779747281153,-1777,-2284,2414,3722,-2219,13,running,0.00,0,0,0,0,0
1779747281178,402,-6199,3399,3484,-2337,-310,running,0.00,0,0,0,0,0
1779747281179,-1963,-11508,5644,2559,-2516,-684,running,0.00,0,0,0,0,0
1779747281179,-8205,-11507,6322,1499,-2451,-680,running,0.00,0,0,0,0,0
1779747281212,-10018,-10909,6248,1079,-2289,-763,running,0.00,0,0,0,0,0
1779747281213,-12765,-12464,7875,926,-2102,-982,running,0.00,0,0,0,0,0
1779747281214,-14375,-11438,7160,616,-1552,-1014,running,0.00,0,0,0,0,0
1779747281239,-12756,-9320,6501,584,-1054,-1258,running,0.00,0,0,0,0,0
1779747281239,-12571,-9111,8134,531,-798,-1681,running,0.00,0,0,0,0,0
1779747281240,-12207,-8196,9231,354,-366,-1858,running,0.00,0,0,0,0,0
1779747281272,-13383,-6841,10467,296,118,-1974,running,0.00,0,0,0,0,0
1779747281272,-12269,-7232,10792,221,634,-2170,running,0.00,0,0,0,0,0
1779747281273,-12185,-8791,11321,-91,993,-2202,running,0.00,0,0,0,0,0
1779747281302,-11939,-7926,10291,-794,1124,-1948,running,0.00,0,0,0,0,0
1779747281303,-12681,-7384,10410,-1042,1142,-1568,running,0.00,0,0,0,0,0
1779747281303,-16624,-10131,7908,-1758,1292,-1489,running,0.00,0,0,0,0,0
1779747281330,-16555,779,5571,-2285,1728,-1851,running,0.00,0,0,0,0,0
1779747281331,-18532,-1751,5864,-2113,2046,-3017,running,0.00,0,0,0,0,0
1779747281331,-20228,2178,7673,-2842,2588,-3161,running,0.00,0,0,0,0,0
1779747281360,-21557,13695,8823,-3336,3058,-2957,running,0.00,0,0,0,0,0
1779747281360,-25712,27161,9411,-3473,3299,-3163,running,0.00,0,0,0,0,0
1779747281361,-31066,32767,7057,-3593,3454,-3796,running,0.00,0,0,0,0,0
1779747281390,-32768,32767,1574,-3382,3420,-4389,running,0.00,0,0,0,0,0
1779747281390,-32768,32634,-1100,-3024,2819,-4392,running,0.00,0,0,0,0,0
1779747281391,-32722,32767,-1613,-2908,2174,-3550,running,0.00,0,0,0,0,0
1779747281418,-32768,32767,-3959,-3131,2023,-2688,running,0.00,0,0,0,0,0
1779747281419,-30100,32764,-4678,-3545,1933,-2081,running,0.00,0,0,0,0,0
1779747281419,-19653,32767,-5356,-4178,1685,-1739,running,0.00,0,0,0,0,0
1779747281449,-12428,32146,-3574,-4484,1437,-1536,running,0.00,0,0,0,0,0
1779747281449,-7712,32253,-2448,-4456,1647,-1325,running,0.00,0,0,0,0,0
1779747281450,-4648,31055,-1895,-4058,1768,-1416,running,0.00,0,0,0,0,0
1779747281479,750,28192,-3038,-3492,1680,-2074,running,0.00,0,0,0,0,0
1779747281479,6516,25672,-1244,-3353,1250,-2357,running,0.00,0,0,0,0,0
1779747281479,10324,26189,-2678,-2154,1530,-1177,running,0.00,0,0,0,0,0
1779747281509,6844,25520,-4824,-810,1787,-524,running,0.00,0,0,0,0,0
1779747281509,9426,20524,-6003,-449,1363,-1150,running,0.00,0,0,0,0,0
1779747281510,8959,12499,-3707,-458,1008,-765,running,0.00,0,0,0,0,0
1779747281539,7511,13132,-5477,-538,1034,498,running,0.00,0,0,0,0,0
1779747281539,10864,10790,-5655,-53,1104,668,running,0.00,0,0,0,0,0
1779747281540,14901,8816,-5110,115,891,750,running,0.00,0,0,0,0,0
1779747281568,11005,6209,-4287,31,652,926,running,0.00,0,0,0,0,0
1779747281568,11160,4124,-3859,88,746,980,running,0.00,0,0,0,0,0
1779747281569,13344,2587,-3358,101,718,981,running,0.00,0,0,0,0,0
1779747281599,14252,1360,-2286,-61,529,1096,running,0.00,0,0,0,0,0
1779747281603,13840,1931,-1544,-197,380,1360,running,0.00,0,0,0,0,0
1779747281603,12602,1569,-1092,-344,211,1341,running,0.00,0,0,0,0,0
1779747281632,13217,1194,-797,-462,153,1144,running,0.00,0,0,0,0,0
1779747281633,13393,1314,-214,-558,-19,1156,running,0.00,0,0,0,0,0
1779747281633,12076,2688,-917,-441,-113,1385,running,0.00,0,0,0,0,0
1779747281660,9860,4418,-490,-151,-239,1608,running,0.00,0,0,0,0,0
1779747281664,8272,5966,72,-49,-388,1655,running,0.00,0,0,0,0,0
1779747281665,6408,7787,-328,4,-551,1721,running,0.00,0,0,0,0,0
1779747281694,4671,9720,-150,173,-687,1851,running,0.00,0,0,0,0,0
1779747281694,3004,12188,1224,425,-822,1990,running,0.00,0,0,0,0,0
1779747281695,3601,13769,2668,635,-974,2290,running,0.00,0,0,0,0,0
1779747281718,2652,13935,4766,584,-1193,2652,running,0.00,0,0,0,0,0
1779747281721,3046,19453,6603,142,-1717,2793,running,0.00,0,0,0,0,0
1779747281722,1658,27848,10098,17,-2046,3011,running,0.00,0,0,0,0,0
1779747281750,1307,32767,11766,16,-2276,2940,running,0.00,0,0,0,0,0
1779747281751,3363,32767,12518,133,-2388,2646,running,0.00,0,0,0,0,0
1779747281751,-4332,32650,18379,116,-2525,2257,running,0.00,0,0,0,0,0
1779747281782,-16809,32767,20236,26,-2567,1969,running,0.00,0,0,0,0,0
1779747281783,-27805,32767,20075,264,-2594,2380,running,0.00,0,0,0,0,0
1779747281784,-32768,32764,18863,507,-2594,2844,running,0.00,0,0,0,0,0
1779747281809,-32768,32767,14106,1275,-2373,3178,running,0.00,0,0,0,0,0
1779747281810,-32449,32098,11105,2048,-2370,3411,running,0.00,0,0,0,0,0
1779747281811,-29917,28147,9338,1708,-2490,3401,running,0.00,0,0,0,0,0
1779747281841,-20847,25368,5263,945,-2722,3211,running,0.00,0,0,0,0,0
1779747281842,-19888,24645,5246,-149,-3389,2688,running,0.00,0,0,0,0,0
1779747281842,-22459,24240,5411,-313,-3697,1682,running,0.00,0,0,0,0,0
1779747281869,-23896,20533,3901,255,-3578,599,running,0.00,0,0,0,0,0
1779747281870,-24385,13109,3714,877,-3079,-884,running,0.00,0,0,0,0,0
1779747281871,-9907,4702,-2870,1985,-2338,-877,running,0.00,0,0,0,0,0
1779747281899,-4334,12178,-4100,2379,-2667,1377,running,0.00,0,0,0,0,0
1779747281900,-10405,11523,96,2990,-2946,2079,running,0.00,0,0,0,0,0
1779747281900,-10250,5604,489,4066,-2662,1851,running,0.00,0,0,0,0,0
1779747281933,-10489,1009,303,4146,-2247,821,running,0.00,0,0,0,0,0
1779747281934,-6999,-2217,-1886,4182,-1995,-61,running,0.00,0,0,0,0,0
1779747281936,-4053,-5417,-2298,3967,-2044,-223,running,0.00,0,0,0,0,0
1779747281960,-5725,-5722,-475,3857,-2297,87,running,0.00,0,0,0,0,0
1779747281960,-8376,-7152,1015,4026,-2059,274,running,0.00,0,0,0,0,0
1779747281961,-9589,-10652,2385,3890,-2065,224,running,0.00,0,0,0,0,0
1779747281989,-12884,-15452,7301,3076,-2205,99,running,0.00,0,0,0,0,0
1779747281995,-13492,-15604,7539,1642,-1583,35,running,0.00,0,0,0,0,0
1779747281995,-15742,-14465,9372,469,-1852,-103,running,0.00,0,0,0,0,0
1779747282024,-17565,-16085,11840,-437,-2071,-305,running,0.00,0,0,0,0,0
1779747282025,-21108,-12319,9044,-1600,-1749,-334,running,0.00,0,0,0,0,0
1779747282025,-25420,-7149,9046,-2134,-1754,-695,running,0.00,0,0,0,0,0
1779747282049,-20308,-8219,7987,-2138,-1277,-1498,running,0.00,0,0,0,0,0
1779747282049,-17146,-6261,5973,-2094,-830,-281,running,0.00,0,0,0,0,0
1779747282050,-20284,7670,8092,-2012,-903,645,running,0.00,0,0,0,0,0
1779747282080,-20897,12090,11930,-1395,480,-1234,running,0.00,0,0,0,0,0
1779747282081,-15453,10733,5882,-1234,2301,-2525,running,0.00,0,0,0,0,0
1779747282081,-16646,12311,273,-918,2600,-2586,running,0.00,0,0,0,0,0
1779747282109,-18974,13624,3784,-893,2763,-2732,running,0.00,0,0,0,0,0
1779747282110,-17637,20030,1839,-1223,3228,-2911,running,0.00,0,0,0,0,0
1779747282111,-18608,28671,5892,-1704,3026,-3143,running,0.00,0,0,0,0,0
1779747282140,-11619,29773,15242,-2038,3234,-3526,running,0.00,0,0,0,0,0
1779747282141,-16750,29129,16783,-2745,4542,-2573,running,0.00,0,0,0,0,0
1779747282142,-20986,32539,-6871,-3393,5384,-2588,running,0.00,0,0,0,0,0
1779747282170,-17083,25402,-225,-6010,4071,-3215,running,0.00,0,0,0,0,0
1779747282171,-11899,32767,-14868,-6260,3965,-3222,running,0.00,0,0,0,0,0
1779747282174,-5880,32767,-1109,-2270,3064,-1901,running,0.00,0,0,0,0,0
1779747282199,-6299,32623,-2198,-1682,2823,-841,running,0.00,0,0,0,0,0
1779747282200,-1199,32760,-3157,-1316,2473,-1097,running,0.00,0,0,0,0,0
1779747282200,-2353,31269,1265,-1363,1940,-1093,running,0.00,0,0,0,0,0
1779747282229,1483,25758,-2790,-1667,1958,-993,running,0.00,0,0,0,0,0
1779747282233,6240,25266,-3310,-2179,1432,-1105,running,0.00,0,0,0,0,0
1779747282233,7984,27450,-2135,-1576,1507,-954,running,0.00,0,0,0,0,0
1779747282259,11657,18105,-1497,-679,1435,-1391,running,0.00,0,0,0,0,0
1779747282260,15245,11814,904,-1221,625,-1682,running,0.00,0,0,0,0,0
1779747282261,14444,12279,-528,-1949,387,-1498,running,0.00,0,0,0,0,0
1779747282289,15941,15242,-5273,-1784,370,-322,running,0.00,0,0,0,0,0
1779747282292,11248,10453,-4800,-1567,-113,278,running,0.00,0,0,0,0,0
1779747282292,8374,11811,-4017,-1501,-305,-275,running,0.00,0,0,0,0,0
1779747282319,9012,6607,-5483,-1320,-372,-1508,running,0.00,0,0,0,0,0
1779747282320,15394,-853,-4071,-1129,-505,-1500,running,0.00,0,0,0,0,0
1779747282320,14270,-2387,-4304,-388,-153,-158,running,0.00,0,0,0,0,0
1779747282354,11360,2589,-2671,122,-127,1134,running,0.00,0,0,0,0,0
1779747282355,10009,7884,-5888,642,226,1972,running,0.00,0,0,0,0,0
1779747282355,10725,2634,-4641,840,236,1771,running,0.00,0,0,0,0,0
1779747282381,13370,-190,-2315,483,-211,1390,running,0.00,0,0,0,0,0
1779747282382,11730,-408,-1769,358,-674,1062,running,0.00,0,0,0,0,0
1779747282382,10092,3421,-3019,351,-575,1299,running,0.00,0,0,0,0,0
1779747282417,6461,7011,-2174,246,-616,1532,running,0.00,0,0,0,0,0
1779747282418,5193,6814,-2101,337,-757,1351,running,0.00,0,0,0,0,0
1779747282419,4456,8707,-1798,478,-837,1308,running,0.00,0,0,0,0,0
1779747282439,3073,11257,-460,658,-908,1474,running,0.00,0,0,0,0,0
1779747282440,3244,12660,1710,829,-1059,1745,running,0.00,0,0,0,0,0
1779747282440,2598,18028,3086,1048,-1294,2223,running,0.00,0,0,0,0,0
1779747282470,2532,25305,5005,1122,-1607,2664,running,0.00,0,0,0,0,0
1779747282471,4062,32742,5947,1145,-2053,2927,running,0.00,0,0,0,0,0
1779747282472,4558,32767,5938,1206,-2566,2987,running,0.00,0,0,0,0,0
1779747282499,5568,32649,4968,1467,-2746,3001,running,0.00,0,0,0,0,0
1779747282500,1802,32752,8409,1967,-2920,2934,running,0.00,0,0,0,0,0
1779747282500,-6781,32767,10818,2690,-2817,2838,running,0.00,0,0,0,0,0
1779747282529,-15820,32765,15137,3161,-2674,2892,running,0.00,0,0,0,0,0
1779747282530,-22372,32766,15573,3375,-2462,3290,running,0.00,0,0,0,0,0
1779747282531,-25900,32767,14142,3018,-2603,3388,running,0.00,0,0,0,0,0
1779747282561,-27827,32043,12364,2089,-2773,3092,running,0.00,0,0,0,0,0
1779747282566,-25788,27321,8647,591,-2840,2826,running,0.00,0,0,0,0,0
1779747282567,-21741,25245,4023,-1184,-3216,2345,running,0.00,0,0,0,0,0
1779747282591,-16213,25424,4602,-2260,-3520,1617,running,0.00,0,0,0,0,0
1779747282591,-10934,21997,2747,-1964,-3429,972,running,0.00,0,0,0,0,0
1779747282593,-8486,19327,1461,-932,-3329,1141,running,0.00,0,0,0,0,0
1779747282619,-9534,15787,-469,349,-3188,1471,running,0.00,0,0,0,0,0
1779747282620,-8679,8575,-1636,1190,-3163,1250,running,0.00,0,0,0,0,0
1779747282621,-11798,3408,-2496,1711,-3098,885,running,0.00,0,0,0,0,0
1779747282649,-10691,-3411,-2064,1786,-2849,545,running,0.00,0,0,0,0,0
1779747282650,-7068,-1201,-5840,1937,-2527,302,running,0.00,0,0,0,0,0
1779747282650,-6240,-1194,-4419,3535,-2327,266,running,0.00,0,0,0,0,0
1779747282679,-7447,-5204,-1101,4730,-1782,733,running,0.00,0,0,0,0,0
1779747282680,-8442,-5796,-3379,3770,-1721,765,running,0.00,0,0,0,0,0
1779747282680,-13696,-18848,1112,2851,-2294,257,running,0.00,0,0,0,0,0
1779747282711,-18116,-19175,6878,775,-2424,-179,running,0.00,0,0,0,0,0
1779747282712,-20595,-18390,4959,-204,-1775,-957,running,0.00,0,0,0,0,0
1779747282712,-21270,-16649,3501,-164,-1136,-1999,running,0.00,0,0,0,0,0
1779747282738,-20322,-13119,8042,-99,-767,-2818,running,0.00,0,0,0,0,0
1779747282739,-18728,-10154,11617,-241,-79,-3005,running,0.00,0,0,0,0,0
1779747282739,-16444,-6785,8013,-165,714,-3022,running,0.00,0,0,0,0,0
1779747282769,-14920,-6700,8541,-117,762,-3071,running,0.00,0,0,0,0,0
1779747282770,-17330,-4416,12804,-315,1007,-2689,running,0.00,0,0,0,0,0
1779747282770,-19390,5791,7696,-532,1971,-2300,running,0.00,0,0,0,0,0
1779747282799,-20336,8998,4603,-238,2120,-2676,running,0.00,0,0,0,0,0
1779747282802,-19039,2941,6610,216,1850,-3092,running,0.00,0,0,0,0,0
1779747282803,-21356,9474,4973,-102,1791,-2775,running,0.00,0,0,0,0,0
1779747282829,-20367,9165,9932,-758,2142,-3458,running,0.00,0,0,0,0,0
1779747282829,-19180,21183,8821,-1383,3224,-3563,running,0.00,0,0,0,0,0
1779747282830,-20806,28436,14271,-2111,3659,-3606,running,0.00,0,0,0,0,0
1779747282862,-20590,32767,14380,-2768,4396,-3593,running,0.00,0,0,0,0,0
1779747282863,-16590,32767,6387,-3654,4521,-4355,running,0.00,0,0,0,0,0
1779747282863,-16147,32663,6329,-5213,2987,-5487,running,0.00,0,0,0,0,0
1779747282890,-14096,32767,11214,-6864,2900,-5293,running,0.00,0,0,0,0,0
1779747282891,-4260,32767,-10068,-4357,4057,-4136,running,0.00,0,0,0,0,0
1779747282892,-2044,32765,-2764,-2838,2791,-2939,running,0.00,0,0,0,0,0
1779747282918,1811,32767,716,-1225,2252,-1618,running,0.00,0,0,0,0,0
1779747282920,6031,32700,750,7,2098,-851,running,0.00,0,0,0,0,0
1779747282921,-850,32725,-1233,-401,1385,-948,running,0.00,0,0,0,0,0
1779747282949,-8834,29454,3136,-1172,833,-4146,running,0.00,0,0,0,0,0
1779747282950,355,20781,-5485,-3137,1105,-6428,running,0.00,0,0,0,0,0
1779747282950,6745,16161,-9449,-3211,1027,-6372,running,0.00,0,0,0,0,0
1779747282980,2910,12978,-5471,-3099,462,-4541,running,0.00,0,0,0,0,0
1779747282981,12075,15884,-7870,-3960,30,-1953,running,0.00,0,0,0,0,0
1779747282981,8884,23065,-12194,-3577,69,145,running,0.00,0,0,0,0,0
1779747283009,168,12645,-14942,-3759,-301,455,running,0.00,0,0,0,0,0
1779747283009,2532,17451,-15344,-3915,-247,1593,running,0.00,0,0,0,0,0
1779747283010,4540,15748,-13488,-2350,541,1975,running,0.00,0,0,0,0,0
1779747283040,8891,9796,-12669,-1549,783,1981,running,0.00,0,0,0,0,0
1779747283041,6087,7305,-9462,-2046,331,2529,running,0.00,0,0,0,0,0
1779747283042,6833,6305,-7132,-1819,569,2542,running,0.00,0,0,0,0,0
1779747283069,11065,6427,-5987,-816,876,2153,running,0.00,0,0,0,0,0
1779747283070,13799,3680,-6131,-100,939,1916,running,0.00,0,0,0,0,0
1779747283070,9800,2328,-5217,323,954,1926,running,0.00,0,0,0,0,0
1779747283100,7628,2508,-4312,796,1034,2002,running,0.00,0,0,0,0,0
1779747283100,10201,1225,-3505,1083,1088,1935,running,0.00,0,0,0,0,0
1779747283101,10771,912,-3288,1158,987,1938,running,0.00,0,0,0,0,0
1779747283129,9533,2162,-3044,998,716,1856,running,0.00,0,0,0,0,0
1779747283129,9310,2761,-1167,1029,561,1661,running,0.00,0,0,0,0,0
1779747283129,8795,4142,-1223,941,436,1605,running,0.00,0,0,0,0,0
1779747283160,7573,6042,462,738,120,1521,running,0.00,0,0,0,0,0
1779747283161,6714,9259,1867,469,-254,1461,running,0.00,0,0,0,0,0
1779747283162,5387,13529,2816,292,-657,1449,running,0.00,0,0,0,0,0
1779747283189,3550,19248,3641,342,-960,1544,running,0.00,0,0,0,0,0
1779747283190,3406,27616,3996,448,-1282,1879,running,0.00,0,0,0,0,0
1779747283191,3711,32767,3985,647,-1770,2499,running,0.00,0,0,0,0,0
1779747283221,2569,32767,4596,1110,-2237,3093,running,0.00,0,0,0,0,0
1779747283221,1448,32650,4111,1550,-2642,3286,running,0.00,0,0,0,0,0
1779747283221,-1790,32767,4580,1712,-2999,3140,running,0.00,0,0,0,0,0
1779747283249,-9254,32767,5745,1860,-3083,2743,running,0.00,0,0,0,0,0
1779747283249,-17356,32765,6270,2323,-2873,2557,running,0.00,0,0,0,0,0
1779747283250,-25610,32767,6990,2807,-2591,2615,running,0.00,0,0,0,0,0
1779747283283,-29316,32737,8848,2844,-2344,2789,running,0.00,0,0,0,0,0
1779747283284,-31719,32748,5950,2382,-2266,2933,running,0.00,0,0,0,0,0
1779747283284,-32768,27265,7365,1760,-2271,2649,running,0.00,0,0,0,0,0
1779747283309,-27623,21436,5302,956,-1892,2969,running,0.00,0,0,0,0,0
1779747283310,-20991,18895,1408,265,-1845,2633,running,0.00,0,0,0,0,0
1779747283310,-12239,15024,1966,-666,-2296,1514,running,0.00,0,0,0,0,0
1779747283343,-8572,12598,1962,-1289,-2718,864,running,0.00,0,0,0,0,0
1779747283343,-8979,11989,3342,-1211,-2967,387,running,0.00,0,0,0,0,0
1779747283344,-9129,10771,3342,-333,-2693,6,running,0.00,0,0,0,0,0
1779747283369,-7307,8344,1803,971,-2488,5,running,0.00,0,0,0,0,0
1779747283372,-7816,3465,2750,2171,-2320,117,running,0.00,0,0,0,0,0
1779747283373,-7778,-7752,4722,3036,-1940,-277,running,0.00,0,0,0,0,0
1779747283400,-8577,-11063,4452,3144,-1654,-399,running,0.00,0,0,0,0,0
1779747283401,-8922,-13983,4416,3086,-1568,-585,running,0.00,0,0,0,0,0
1779747283401,-11255,-16047,6097,2831,-1564,-781,running,0.00,0,0,0,0,0
1779747283437,-10544,-20531,4657,2033,-1675,-1038,running,0.00,0,0,0,0,0
1779747283438,-14890,-21534,8989,416,-2291,-1107,running,0.00,0,0,0,0,0
1779747283438,-21092,-21011,8999,-467,-1936,-1533,running,0.00,0,0,0,0,0
1779747283460,-15577,-18883,6506,-907,-1456,-2073,running,0.00,0,0,0,0,0
1779747283461,-14676,-16303,8527,-1683,-1237,-2378,running,0.00,0,0,0,0,0
1779747283461,-14796,-10504,7326,-1797,-728,-2418,running,0.00,0,0,0,0,0
1779747283491,-15455,-3935,6369,-1440,-82,-2392,running,0.00,0,0,0,0,0
1779747283491,-16252,1146,5612,-759,758,-2177,running,0.00,0,0,0,0,0
1779747283492,-15586,7856,4718,-646,1349,-1945,running,0.00,0,0,0,0,0
1779747283519,-14120,4697,6655,-1121,1517,-1976,running,0.00,0,0,0,0,0
1779747283520,-22141,16622,10340,-1694,1444,-1121,running,0.00,0,0,0,0,0
1779747283521,-17685,15170,1572,-520,2878,-2622,running,0.00,0,0,0,0,0
1779747283552,-17054,8369,5696,-478,2707,-3847,running,0.00,0,0,0,0,0
1779747283552,-16314,14721,1675,-1459,2795,-3512,running,0.00,0,0,0,0,0
1779747283553,-16203,22665,6356,-2039,2368,-3267,running,0.00,0,0,0,0,0
1779747283579,-17705,27467,8627,-2556,2189,-3206,running,0.00,0,0,0,0,0
1779747283580,-17472,31646,6491,-2808,2445,-3399,running,0.00,0,0,0,0,0
1779747283580,-17444,32767,-949,-2493,2619,-3483,running,0.00,0,0,0,0,0
1779747283611,-18370,32750,-7459,-2083,2281,-3599,running,0.00,0,0,0,0,0
1779747283612,-20897,32734,-8751,-1727,1685,-3377,running,0.00,0,0,0,0,0
1779747283612,-24259,32767,-10487,-1117,1515,-2668,running,0.00,0,0,0,0,0
1779747283639,-24411,32767,-13284,-708,1553,-2213,running,0.00,0,0,0,0,0
1779747283639,-20731,32766,-11501,-890,1384,-1896,running,0.00,0,0,0,0,0
1779747283640,-16372,32767,-8241,-1487,1210,-1567,running,0.00,0,0,0,0,0
1779747283674,-12085,31210,-6400,-2105,1186,-1631,running,0.00,0,0,0,0,0
1779747283675,-6134,29885,-6509,-2597,1055,-1794,running,0.00,0,0,0,0,0
1779747283675,-1611,29100,-4170,-2799,845,-1928,running,0.00,0,0,0,0,0
1779747283699,-2724,23911,-5054,-2661,980,-1975,running,0.00,0,0,0,0,0
1779747283700,228,22108,-3806,-2518,808,-1206,running,0.00,0,0,0,0,0
1779747283700,-75,19901,-4604,-2430,1083,-546,running,0.00,0,0,0,0,0
1779747283730,3011,13283,-3883,-2536,1025,-996,running,0.00,0,0,0,0,0
1779747283730,6937,12404,-6730,-2229,1460,-741,running,0.00,0,0,0,0,0
1779747283731,6195,13746,-4874,-1738,822,-218,running,0.00,0,0,0,0,0
1779747283758,9032,11002,-5530,-1530,784,132,running,0.00,0,0,0,0,0
1779747283759,10458,8506,-6011,-1177,824,342,running,0.00,0,0,0,0,0
1779747283760,13411,5850,-6424,-713,680,651,running,0.00,0,0,0,0,0
1779747283789,13635,4308,-5622,-587,435,1078,running,0.00,0,0,0,0,0
1779747283789,11897,3365,-4664,-415,495,1401,running,0.00,0,0,0,0,0
1779747283790,12729,3545,-3722,-313,644,1535,running,0.00,0,0,0,0,0
1779747283819,12014,3159,-3067,-239,592,1594,running,0.00,0,0,0,0,0
1779747283819,10726,2825,-2453,-264,532,1590,running,0.00,0,0,0,0,0
1779747283820,9591,4053,-1266,-243,439,1611,running,0.00,0,0,0,0,0
1779747283849,8367,5924,-712,-50,389,1693,running,0.00,0,0,0,0,0
1779747283851,8026,6799,-1062,79,346,1712,running,0.00,0,0,0,0,0
1779747283851,7825,7653,-1822,172,189,1718,running,0.00,0,0,0,0,0
1779747283879,7349,9561,-1909,271,-33,1773,running,0.00,0,0,0,0,0
1779747283882,6648,12485,-1002,429,-254,1884,running,0.00,0,0,0,0,0
1779747283882,5290,16702,-391,808,-412,2068,running,0.00,0,0,0,0,0
1779747283909,4037,20768,-305,1365,-551,2245,running,0.00,0,0,0,0,0
1779747283910,3063,24096,-170,1979,-714,2423,running,0.00,0,0,0,0,0
1779747283910,2155,28787,866,2800,-922,2697,running,0.00,0,0,0,0,0
1779747283939,1635,32767,716,3550,-1196,3043,running,0.00,0,0,0,0,0
1779747283939,310,32767,-1859,3983,-1495,3316,running,0.00,0,0,0,0,0
1779747283939,-3403,32703,-5217,3615,-1822,3341,running,0.00,0,0,0,0,0
1779747283969,-10439,32761,-8222,2714,-2118,3128,running,0.00,0,0,0,0,0
1779747283969,-20579,32767,-7192,2111,-2136,2886,running,0.00,0,0,0,0,0
1779747283970,-30844,32766,-4815,1453,-1961,2849,running,0.00,0,0,0,0,0
1779747284005,-32584,32767,-2312,665,-2032,3304,running,0.00,0,0,0,0,0
1779747284005,-32768,32767,3420,392,-2265,3087,running,0.00,0,0,0,0,0
1779747284006,-32460,32529,3124,199,-2121,2844,running,0.00,0,0,0,0,0
1779747284030,-27404,29696,1265,-57,-2162,2952,running,0.00,0,0,0,0,0
1779747284030,-20335,23857,-315,-838,-2485,2284,running,0.00,0,0,0,0,0
1779747284031,-16099,20641,-1768,-1428,-2807,1408,running,0.00,0,0,0,0,0
1779747284061,-15258,16983,-2121,-1363,-3008,775,running,0.00,0,0,0,0,0
1779747284062,-17401,20810,-4226,-676,-3072,128,running,0.00,0,0,0,0,0
1779747284062,-18188,10722,806,330,-3320,-1243,running,0.00,0,0,0,0,0
1779747284089,-6407,-2178,-3468,1909,-2927,-854,running,0.00,0,0,0,0,0
1779747284089,-3799,12519,-4453,2041,-2797,1273,running,0.00,0,0,0,0,0
1779747284090,-10012,5890,2132,2673,-2388,1514,running,0.00,0,0,0,0,0
1779747284121,-9819,-3583,4137,3043,-2096,645,running,0.00,0,0,0,0,0
1779747284121,-12263,-6130,6152,2877,-1970,120,running,0.00,0,0,0,0,0
1779747284121,-10948,-9620,5244,2745,-1551,-401,running,0.00,0,0,0,0,0
1779747284149,-8452,-14147,5065,2285,-1544,-768,running,0.00,0,0,0,0,0
1779747284150,-9968,-15214,7325,1570,-1676,-635,running,0.00,0,0,0,0,0
1779747284151,-12389,-16403,8757,971,-1507,-625,running,0.00,0,0,0,0,0
1779747284181,-13728,-16931,9407,289,-1275,-768,running,0.00,0,0,0,0,0
1779747284182,-14595,-16432,10657,-363,-1035,-871,running,0.00,0,0,0,0,0
1779747284182,-14995,-15170,11094,-823,-618,-912,running,0.00,0,0,0,0,0
1779747284209,-14271,-13828,10975,-1131,-156,-989,running,0.00,0,0,0,0,0
1779747284210,-13067,-10856,10008,-1331,424,-1281,running,0.00,0,0,0,0,0
1779747284210,-11260,-6534,8194,-1253,919,-1848,running,0.00,0,0,0,0,0
1779747284240,-6038,-9798,4932,-684,1341,-1597,running,0.00,0,0,0,0,0
1779747284241,-14920,7177,3941,-355,1179,-122,running,0.00,0,0,0,0,0
1779747284242,-23044,9547,14590,-30,1590,-2448,running,0.00,0,0,0,0,0
1779747284268,-8688,-7831,4563,146,3377,-4537,running,0.00,0,0,0,0,0
1779747284269,-12638,3079,5342,-543,2994,-3637,running,0.00,0,0,0,0,0
1779747284270,-17789,6057,9416,-1021,3132,-3561,running,0.00,0,0,0,0,0
1779747284299,-17011,14447,5324,-1223,3812,-3652,running,0.00,0,0,0,0,0
1779747284300,-17291,28347,945,-1211,4161,-3748,running,0.00,0,0,0,0,0
1779747284300,-17374,32767,-4858,-871,4283,-4134,running,0.00,0,0,0,0,0
1779747284329,-17719,32767,-10255,-874,4089,-4710,running,0.00,0,0,0,0,0
1779747284330,-18736,32648,-13695,-1379,3913,-4384,running,0.00,0,0,0,0,0
1779747284330,-21988,32767,-15217,-1870,3459,-3595,running,0.00,0,0,0,0,0
1779747284359,-26775,32767,-15620,-2989,2898,-2792,running,0.00,0,0,0,0,0
1779747284360,-26706,32764,-12562,-3714,2381,-2255,running,0.00,0,0,0,0,0
1779747284360,-17654,32767,-8317,-3516,2275,-1619,running,0.00,0,0,0,0,0
1779747284389,-8035,32767,-10381,-2514,2294,-298,running,0.00,0,0,0,0,0
1779747284390,-8576,31800,-6573,-2595,1768,234,running,0.00,0,0,0,0,0
1779747284391,-8679,25728,-10065,-3227,1678,-168,running,0.00,0,0,0,0,0
1779747284419,-5342,19566,-4630,-3092,1404,-32,running,0.00,0,0,0,0,0
1779747284420,3400,20951,-8981,-2934,1678,893,running,0.00,0,0,0,0,0
1779747284420,5279,19566,-7393,-2856,1006,389,running,0.00,0,0,0,0,0
1779747284449,7536,13215,-3083,-2833,821,154,running,0.00,0,0,0,0,0
1779747284450,6946,14255,-4650,-2688,947,452,running,0.00,0,0,0,0,0
1779747284455,4697,12569,-5121,-2231,943,534,running,0.00,0,0,0,0,0
1779747284480,6487,8933,-5004,-1959,871,449,running,0.00,0,0,0,0,0
1779747284480,9372,5856,-5064,-1517,562,615,running,0.00,0,0,0,0,0
1779747284481,11094,4098,-4436,-1335,396,595,running,0.00,0,0,0,0,0
1779747284512,13557,2582,-4021,-1389,220,604,running,0.00,0,0,0,0,0
1779747284512,14291,1904,-3441,-1462,-9,725,running,0.00,0,0,0,0,0
1779747284513,14311,954,-4033,-1500,-158,777,running,0.00,0,0,0,0,0
1779747284539,15539,414,-4088,-1429,-321,829,running,0.00,0,0,0,0,0
1779747284540,14123,1106,-3576,-1384,-499,1003,running,0.00,0,0,0,0,0
1779747284540,13024,1891,-3895,-1130,-535,1122,running,0.00,0,0,0,0,0
1779747284572,14487,1723,-3734,-846,-685,1126,running,0.00,0,0,0,0,0
1779747284572,14804,3144,-3901,-543,-809,1175,running,0.00,0,0,0,0,0
1779747284572,12968,2821,-3520,-154,-949,1061,running,0.00,0,0,0,0,0
1779747284600,11351,2813,-3415,132,-1007,858,running,0.00,0,0,0,0,0
1779747284600,9686,4192,-2706,503,-1075,757,running,0.00,0,0,0,0,0
1779747284601,7715,6500,-1451,494,-1274,796,running,0.00,0,0,0,0,0
1779747284631,5156,10847,-1386,220,-1438,890,running,0.00,0,0,0,0,0
1779747284632,2972,16966,-532,167,-1578,1096,running,0.00,0,0,0,0,0
1779747284632,662,25735,-720,-163,-1769,1317,running,0.00,0,0,0,0,0
1779747284658,373,32562,-1105,-274,-2035,1572,running,0.00,0,0,0,0,0
1779747284659,-2221,32767,-200,-251,-2302,1764,running,0.00,0,0,0,0,0
1779747284659,-5871,32673,157,188,-2342,1600,running,0.00,0,0,0,0,0
1779747284690,-9715,32750,2675,901,-2336,1420,running,0.00,0,0,0,0,0
1779747284691,-18910,32767,7515,1841,-2148,1713,running,0.00,0,0,0,0,0
1779747284691,-30170,32766,10780,2290,-1821,2106,running,0.00,0,0,0,0,0
1779747284724,-32768,32766,9784,2409,-1545,2562,running,0.00,0,0,0,0,0
1779747284724,-32551,32767,6056,2459,-1459,2796,running,0.00,0,0,0,0,0
1779747284729,-27205,32580,3539,2244,-1502,2763,running,0.00,0,0,0,0,0
1779747284749,-18071,28745,3895,1332,-1713,2675,running,0.00,0,0,0,0,0
1779747284749,-13555,23936,4230,378,-1957,2384,running,0.00,0,0,0,0,0
1779747284750,-12467,22337,4167,-109,-2148,2017,running,0.00,0,0,0,0,0
1779747284778,-11273,20002,3468,90,-2162,1675,running,0.00,0,0,0,0,0
1779747284779,-9612,15225,2920,633,-2128,1281,running,0.00,0,0,0,0,0
1779747284780,-7486,11139,1992,1066,-2104,905,running,0.00,0,0,0,0,0
1779747284809,-5404,7549,914,1324,-2130,534,running,0.00,0,0,0,0,0
1779747284810,-4143,3683,415,1368,-2227,151,running,0.00,0,0,0,0,0
1779747284810,-3911,546,327,1302,-2316,-177,running,0.00,0,0,0,0,0
1779747284839,-3921,-2037,558,1241,-2326,-405,running,0.00,0,0,0,0,0
1779747284840,-4675,-3677,1538,1197,-2313,-491,running,0.00,0,0,0,0,0
1779747284840,-5737,-5630,2008,1002,-2305,-637,running,0.00,0,0,0,0,0
1779747284869,-7158,-8004,2775,779,-2227,-851,running,0.00,0,0,0,0,0
1779747284870,-8384,-9561,3897,576,-2076,-988,running,0.00,0,0,0,0,0
1779747284871,-9604,-10989,4359,323,-1884,-1152,running,0.00,0,0,0,0,0
1779747284899,-10346,-11810,4868,62,-1672,-1304,running,0.00,0,0,0,0,0
1779747284899,-10977,-11151,5367,-199,-1434,-1321,running,0.00,0,0,0,0,0
1779747284900,-12196,-10914,5467,-440,-1169,-1433,running,0.00,0,0,0,0,0
1779747284933,-12035,-8720,4971,-581,-838,-1537,running,0.00,0,0,0,0,0
1779747284934,-12534,-6828,4507,-542,-480,-1584,running,0.00,0,0,0,0,0
1779747284934,-11805,-4017,3604,-470,-80,-1640,running,0.00,0,0,0,0,0
1779747284963,-12152,-902,3893,-254,253,-1784,running,0.00,0,0,0,0,0
1779747284964,-12885,1604,3830,81,739,-1961,running,0.00,0,0,0,0,0
1779747284968,-13923,3332,4328,338,1203,-2132,running,0.00,0,0,0,0,0
1779747284992,-16292,5040,5365,360,1628,-2263,running,0.00,0,0,0,0,0
1779747284993,-18425,6688,6527,156,1987,-2310,running,0.00,0,0,0,0,0
1779747284994,-19868,9694,5215,-227,2377,-2253,running,0.00,0,0,0,0,0
1779747285019,-20245,14551,3787,-772,2665,-2088,running,0.00,0,0,0,0,0
1779747285020,-21606,21983,2604,-1404,2952,-1948,running,0.00,0,0,0,0,0
1779747285020,-22056,30016,3117,-1970,3236,-2127,running,0.00,0,0,0,0,0
1779747285049,-20080,32767,3160,-2443,3366,-2429,running,0.00,0,0,0,0,0
1779747285050,-19212,32767,4587,-2697,3147,-2482,running,0.00,0,0,0,0,0
1779747285050,-19653,32699,1880,-2788,2942,-2285,running,0.00,0,0,0,0,0
1779747285079,-20720,32767,-2307,-2730,2642,-1951,running,0.00,0,0,0,0,0
1779747285083,-21692,32767,-5237,-2707,2332,-1341,running,0.00,0,0,0,0,0
1779747285084,-22841,32766,-5091,-2471,2098,-747,running,0.00,0,0,0,0,0
1779747285109,-17858,32767,-4136,-1839,2054,-345,running,0.00,0,0,0,0,0
1779747285110,-13169,32613,-4429,-1331,1804,-19,running,0.00,0,0,0,0,0
1779747285110,-10453,28604,-3134,-783,1735,121,running,0.00,0,0,0,0,0
1779747285142,-6110,23237,-3704,-386,1851,-22,running,0.00,0,0,0,0,0
1779747285143,-2405,20200,-3174,-91,1884,-184,running,0.00,0,0,0,0,0
1779747285143,292,19018,-3187,291,2029,-137,running,0.00,0,0,0,0,0
1779747285170,4006,15671,-3878,514,2077,-339,running,0.00,0,0,0,0,0
1779747285171,6723,12975,-3624,350,1973,-639,running,0.00,0,0,0,0,0
1779747285171,8289,11439,-3779,115,1961,-770,running,0.00,0,0,0,0,0
1779747285208,6770,9831,-3564,-101,1860,-786,running,0.00,0,0,0,0,0
1779747285209,6672,7163,-3194,-341,1769,-806,running,0.00,0,0,0,0,0
1779747285209,7820,4913,-3251,-579,1614,-798,running,0.00,0,0,0,0,0
1779747285229,9363,3306,-3087,-735,1323,-723,running,0.00,0,0,0,0,0
1779747285229,10716,2104,-2924,-817,1071,-609,running,0.00,0,0,0,0,0
1779747285230,11356,1320,-2862,-814,881,-495,running,0.00,0,0,0,0,0
1779747285261,11965,1898,-3007,-735,728,-368,running,0.00,0,0,0,0,0
1779747285261,10084,-773,-2703,-831,659,-672,running,0.00,0,0,0,0,0
1779747285262,13192,1088,-2667,-1047,570,-672,running,0.00,0,0,0,0,0
1779747285289,12323,2442,-1978,-668,319,-253,running,0.00,0,0,0,0,0
1779747285290,11660,3657,-1844,-401,152,7,running,0.00,0,0,0,0,0
1779747285290,11624,4619,-1343,-107,-4,194,running,0.00,0,0,0,0,0
1779747285324,11729,5019,-1700,218,-105,498,running,0.00,0,0,0,0,0
1779747285325,11343,5487,-2263,473,-220,846,running,0.00,0,0,0,0,0
1779747285325,10242,5239,-2209,606,-414,1046,running,0.00,0,0,0,0,0
1779747285350,9274,6270,-2268,552,-577,1214,running,0.00,0,0,0,0,0
1779747285350,8048,8699,-2230,499,-740,1507,running,0.00,0,0,0,0,0
1779747285351,6767,10857,-1902,431,-943,1871,running,0.00,0,0,0,0,0
1779747285380,5432,12679,-1478,402,-1158,2236,running,0.00,0,0,0,0,0
1779747285381,4502,14602,-1312,352,-1369,2608,running,0.00,0,0,0,0,0
1779747285381,3933,17824,-814,217,-1604,2964,running,0.00,0,0,0,0,0
1779747285409,3311,22622,-227,46,-1851,3274,running,0.00,0,0,0,0,0
1779747285411,3661,30367,-979,-87,-2021,3468,running,0.00,0,0,0,0,0
1779747285411,5296,32767,-3954,110,-2161,3407,running,0.00,0,0,0,0,0
1779747285440,5441,32757,-6710,518,-2264,2996,running,0.00,0,0,0,0,0
1779747285441,767,32699,-6702,1269,-2143,2434,running,0.00,0,0,0,0,0
1779747285441,-9092,32767,-4685,2147,-1840,2159,running,0.00,0,0,0,0,0
1779747285469,-22878,32767,-1877,2400,-1644,2416,running,0.00,0,0,0,0,0
1779747285469,-31348,32765,348,2040,-1749,2707,running,0.00,0,0,0,0,0
1779747285469,-31241,32767,4360,1316,-2046,2660,running,0.00,0,0,0,0,0
1779747285499,-27696,32767,4377,357,-1933,2663,running,0.00,0,0,0,0,0
1779747285500,-16659,32767,267,-958,-1969,2688,running,0.00,0,0,0,0,0
1779747285500,-10680,32145,-1776,-1720,-2490,2448,running,0.00,0,0,0,0,0
1779747285529,-13209,27028,1647,-1832,-3016,2101,running,0.00,0,0,0,0,0
1779747285529,-14761,22684,1281,-1347,-2907,1904,running,0.00,0,0,0,0,0
1779747285530,-12018,20309,-2196,-436,-2652,1689,running,0.00,0,0,0,0,0
1779747285562,-10801,16246,-1458,521,-2607,1377,running,0.00,0,0,0,0,0
1779747285562,-8414,10230,-1556,1177,-2456,1076,running,0.00,0,0,0,0,0
1779747285563,-4505,708,1252,1607,-2408,502,running,0.00,0,0,0,0,0
1779747285588,-4515,-3216,1884,1556,-2242,268,running,0.00,0,0,0,0,0
1779747285589,-5556,-4600,2134,1292,-2111,165,running,0.00,0,0,0,0,0
1779747285590,-7276,-6817,2781,997,-2004,28,running,0.00,0,0,0,0,0
1779747285619,-8501,-8379,3332,531,-1892,-234,running,0.00,0,0,0,0,0
1779747285619,-9291,-9543,3829,144,-1783,-560,running,0.00,0,0,0,0,0
1779747285620,-10043,-10669,3914,-256,-1559,-880,running,0.00,0,0,0,0,0
1779747285649,-10158,-9212,3409,-422,-1259,-1071,running,0.00,0,0,0,0,0
1779747285649,-10880,-8474,3686,-505,-1011,-1276,running,0.00,0,0,0,0,0
1779747285649,-10770,-7669,3874,-566,-665,-1456,running,0.00,0,0,0,0,0
1779747285679,-11635,-5197,3985,-397,-349,-1502,running,0.00,0,0,0,0,0
1779747285680,-12895,-3143,4505,-181,64,-1593,running,0.00,0,0,0,0,0
1779747285680,-13110,-878,5148,118,568,-1708,running,0.00,0,0,0,0,0
1779747285712,-13577,367,5854,453,1034,-1740,running,0.00,0,0,0,0,0
1779747285712,-14563,991,7492,577,1419,-1703,running,0.00,0,0,0,0,0
1779747285713,-15711,725,8747,505,1835,-1700,running,0.00,0,0,0,0,0
1779747285740,-16076,435,8467,217,2206,-1716,running,0.00,0,0,0,0,0
1779747285740,-16103,1943,7053,-222,2473,-1703,running,0.00,0,0,0,0,0
1779747285740,-16619,6517,5426,-747,2715,-1680,running,0.00,0,0,0,0,0
1779747285771,-15515,11308,2499,-1386,2960,-1771,running,0.00,0,0,0,0,0
1779747285772,-15486,18526,2415,-1960,3154,-1799,running,0.00,0,0,0,0,0
1779747285773,-18134,27390,3399,-2167,3538,-1827,running,0.00,0,0,0,0,0
1779747285800,-17490,29574,2234,-2406,3677,-2432,running,0.00,0,0,0,0,0
1779747285800,-18343,32767,3478,-2696,3388,-2864,running,0.00,0,0,0,0,0
1779747285801,-19029,32767,2038,-3074,3038,-2992,running,0.00,0,0,0,0,0
1779747285831,-19520,32710,55,-3651,2518,-2848,running,0.00,0,0,0,0,0
1779747285831,-20092,32763,-279,-3879,2225,-2481,running,0.00,0,0,0,0,0
1779747285832,-17098,32767,-2397,-3612,2100,-2189,running,0.00,0,0,0,0,0
1779747285859,-16096,32766,-2166,-3112,1948,-1912,running,0.00,0,0,0,0,0
1779747285860,-13797,32767,-2463,-1888,2142,-1469,running,0.00,0,0,0,0,0
1779747285860,-9385,32767,-3172,-727,2302,-1423,running,0.00,0,0,0,0,0
1779747285890,-3918,29949,-2079,-143,2204,-1661,running,0.00,0,0,0,0,0
1779747285891,1107,27922,-1211,3,2240,-1285,running,0.00,0,0,0,0,0
1779747285891,8205,24287,-459,272,2045,-1046,running,0.00,0,0,0,0,0
1779747285920,7632,21929,1021,239,2143,-685,running,0.00,0,0,0,0,0
1779747285921,7274,21041,-2584,118,2305,-707,running,0.00,0,0,0,0,0
1779747285922,8864,17393,-2257,307,2269,-897,running,0.00,0,0,0,0,0
1779747285950,10088,12934,-1620,259,1591,-922,running,0.00,0,0,0,0,0
1779747285950,5678,6800,-1598,-374,1418,-1066,running,0.00,0,0,0,0,0
1779747285951,12280,7502,-3120,-888,1387,-1120,running,0.00,0,0,0,0,0
1779747285979,15068,6055,-2770,-929,773,-842,running,0.00,0,0,0,0,0
1779747285979,12799,5649,-2907,-1170,363,-232,running,0.00,0,0,0,0,0
1779747285980,12517,5588,-3718,-1163,239,84,running,0.00,0,0,0,0,0
1779747286009,14519,4278,-3831,-995,161,123,running,0.00,0,0,0,0,0
1779747286010,15801,2728,-3237,-928,17,189,running,0.00,0,0,0,0,0
1779747286011,16281,2350,-2819,-994,-189,350,running,0.00,0,0,0,0,0
1779747286039,15320,2872,-2611,-1074,-438,495,running,0.00,0,0,0,0,0
1779747286040,13627,3777,-2625,-1042,-628,588,running,0.00,0,0,0,0,0
1779747286041,12075,4939,-2828,-858,-704,704,running,0.00,0,0,0,0,0
1779747286070,10929,7086,-2913,-603,-795,854,running,0.00,0,0,0,0,0
1779747286070,8787,7494,-2765,-351,-930,983,running,0.00,0,0,0,0,0
1779747286071,8096,7135,-2056,-176,-995,1019,running,0.00,0,0,0,0,0
1779747286099,7947,8088,-705,-9,-1147,1110,running,0.00,0,0,0,0,0
1779747286101,7187,9748,426,52,-1383,1319,running,0.00,0,0,0,0,0
1779747286104,5935,11300,1463,61,-1666,1595,running,0.00,0,0,0,0,0
1779747286129,4239,13433,2947,45,-1985,1885,running,0.00,0,0,0,0,0
1779747286130,2618,16993,3671,-91,-2292,2186,running,0.00,0,0,0,0,0
1779747286130,1979,20987,4491,-373,-2637,2492,running,0.00,0,0,0,0,0
1779747286163,2305,27204,5620,-597,-3033,2743,running,0.00,0,0,0,0,0
1779747286164,2883,32767,5452,-682,-3408,2815,running,0.00,0,0,0,0,0
1779747286164,2184,32767,4944,-400,-3620,2582,running,0.00,0,0,0,0,0
1779747286195,-1367,32654,7127,320,-3503,1998,running,0.00,0,0,0,0,0
1779747286195,-8081,32767,12511,1279,-3158,1268,running,0.00,0,0,0,0,0
1779747286198,-18651,32767,17114,1837,-2727,808,running,0.00,0,0,0,0,0
1779747286221,-26666,32765,18177,2170,-2474,618,running,0.00,0,0,0,0,0
1779747286222,-28918,32767,15041,2337,-2567,1431,running,0.00,0,0,0,0,0
1779747286222,-27763,30013,12951,1759,-2925,2673,running,0.00,0,0,0,0,0
1779747286249,-29667,28202,10177,884,-3292,2887,running,0.00,0,0,0,0,0
1779747286250,-25095,23043,9039,878,-2822,2227,running,0.00,0,0,0,0,0
1779747286250,-14856,23895,3795,293,-2732,2069,running,0.00,0,0,0,0,0
1779747286282,-14029,21446,6174,-260,-3289,1873,running,0.00,0,0,0,0,0
1779747286283,-16773,16350,7278,-195,-3095,1059,running,0.00,0,0,0,0,0
1779747286283,-14605,15012,3027,381,-2512,385,running,0.00,0,0,0,0,0
1779747286312,-10936,11535,-85,1276,-2347,240,running,0.00,0,0,0,0,0
1779747286313,-8085,5194,1098,1576,-2742,244,running,0.00,0,0,0,0,0
1779747286314,-8757,2680,1129,1745,-2787,251,running,0.00,0,0,0,0,0
1779747286342,-8521,1037,644,1913,-2521,103,running,0.00,0,0,0,0,0
1779747286343,-8949,-3262,917,1987,-2311,-401,running,0.00,0,0,0,0,0
1779747286344,-7479,-8439,2390,1901,-2143,-776,running,0.00,0,0,0,0,0
1779747286369,-9783,-9001,1804,1520,-2106,-833,running,0.00,0,0,0,0,0
1779747286370,-12897,-10122,3172,1461,-1911,-910,running,0.00,0,0,0,0,0
1779747286370,-9283,-12316,2009,1207,-1537,-922,running,0.00,0,0,0,0,0
1779747286401,-9588,-11371,2442,660,-1672,-722,running,0.00,0,0,0,0,0
1779747286401,-12388,-9045,4178,222,-1562,-547,running,0.00,0,0,0,0,0
1779747286402,-13670,-9597,3825,117,-1066,-773,running,0.00,0,0,0,0,0
1779747286429,-13695,-7831,3483,10,-567,-1172,running,0.00,0,0,0,0,0
1779747286430,-12796,-5760,2915,5,-168,-1729,running,0.00,0,0,0,0,0
1779747286430,-12225,-5541,4551,-32,207,-2095,running,0.00,0,0,0,0,0
1779747286460,-11871,-4731,5558,-28,653,-2086,running,0.00,0,0,0,0,0
1779747286461,-11955,-4228,6132,-61,1070,-1944,running,0.00,0,0,0,0,0
1779747286461,-13117,-3498,6425,16,1449,-1897,running,0.00,0,0,0,0,0
1779747286490,-13880,-3152,5918,128,1722,-1775,running,0.00,0,0,0,0,0
1779747286490,-14750,-7439,7498,228,2026,-1153,running,0.00,0,0,0,0,0
1779747286491,-15798,-3904,5238,130,2324,-129,running,0.00,0,0,0,0,0
1779747286520,-17714,11839,7138,204,2479,-331,running,0.00,0,0,0,0,0
1779747286522,-20837,26917,8680,-142,3047,-1985,running,0.00,0,0,0,0,0
1779747286522,-20556,27493,10398,-706,3290,-3847,running,0.00,0,0,0,0,0
1779747286549,-19337,28389,12517,-1390,3442,-4451,running,0.00,0,0,0,0,0
1779747286550,-19836,32767,6821,-1802,3574,-4369,running,0.00,0,0,0,0,0
1779747286550,-22873,32767,4101,-2145,3128,-4254,running,0.00,0,0,0,0,0
1779747286583,-26180,32687,2106,-2549,2802,-4002,running,0.00,0,0,0,0,0
1779747286584,-28219,32763,-5047,-2917,2624,-3527,running,0.00,0,0,0,0,0
1779747286585,-22890,32767,-8763,-2555,2393,-3507,running,0.00,0,0,0,0,0
1779747286610,-16600,32766,-5456,-1864,2010,-2339,running,0.00,0,0,0,0,0
1779747286610,-20853,32767,-1666,-686,2074,-868,running,0.00,0,0,0,0,0
1779747286611,-15570,32557,-2204,-243,2553,-912,running,0.00,0,0,0,0,0
1779747286644,-4168,30245,-6132,-1015,2162,-939,running,0.00,0,0,0,0,0
1779747286645,-3995,25144,-1402,-1306,1667,-854,running,0.00,0,0,0,0,0
1779747286646,-1222,23160,-1685,-1875,1947,-1096,running,0.00,0,0,0,0,0
1779747286669,5318,22912,-3311,-2450,2197,-1559,running,0.00,0,0,0,0,0
1779747286669,6696,11551,-4949,-3024,1788,-2444,running,0.00,0,0,0,0,0
1779747286670,7880,21997,-5690,-2024,1565,-448,running,0.00,0,0,0,0,0
1779747286699,6144,19660,-2195,-1523,1486,-383,running,0.00,0,0,0,0,0
1779747286700,10986,16654,-6523,-842,1849,-290,running,0.00,0,0,0,0,0
1779747286700,12556,14314,-5770,-87,1396,40,running,0.00,0,0,0,0,0
1779747286730,14568,10712,-4948,95,1213,343,running,0.00,0,0,0,0,0
1779747286733,17571,7868,-4713,48,965,566,running,0.00,0,0,0,0,0
1779747286733,18860,5177,-3332,220,644,770,running,0.00,0,0,0,0,0
1779747286760,16343,4466,-2874,499,534,1156,running,0.00,0,0,0,0,0
1779747286760,13638,3932,-2009,712,360,1474,running,0.00,0,0,0,0,0
1779747286761,12581,2217,-1597,766,198,1597,running,0.00,0,0,0,0,0
1779747286792,10329,2299,-653,494,-11,1754,running,0.00,0,0,0,0,0
1779747286793,9669,2581,-2456,345,96,1744,running,0.00,0,0,0,0,0
1779747286793,12211,3766,-448,137,-480,1844,running,0.00,0,0,0,0,0
1779747286819,9792,7863,-2148,-169,-852,2268,running,0.00,0,0,0,0,0
1779747286820,6685,11055,-2286,-140,-994,2486,running,0.00,0,0,0,0,0
1779747286820,6083,12831,-2523,336,-1011,2570,running,0.00,0,0,0,0,0
1779747286852,5929,12392,-1750,768,-1149,2680,running,0.00,0,0,0,0,0
1779747286853,4689,11174,-187,1021,-1396,2810,running,0.00,0,0,0,0,0
1779747286854,3427,11889,1066,1090,-1653,2970,running,0.00,0,0,0,0,0
1779747286879,1961,12598,2030,947,-1946,3110,running,0.00,0,0,0,0,0
1779747286880,1383,13714,2868,796,-2241,3249,running,0.00,0,0,0,0,0
1779747286881,2012,16394,4154,702,-2524,3462,running,0.00,0,0,0,0,0
1779747286909,4011,23115,4326,526,-2777,3788,running,0.00,0,0,0,0,0
1779747286939,6027,32135,2365,256,-3112,3891,running,0.00,0,0,0,0,0
1779747286940,5511,32767,315,172,-3413,3589,running,0.00,0,0,0,0,0
1779747286941,-825,32650,413,325,-3475,2888,running,0.00,0,0,0,0,0
1779747286941,-10865,32736,1623,1053,-3229,2067,running,0.00,0,0,0,0,0
1779747286942,-20462,32767,2185,1992,-2828,1802,running,0.00,0,0,0,0,0
1779747286973,-27832,32766,5718,2429,-2620,1593,running,0.00,0,0,0,0,0
1779747286974,-29111,31486,5589,2969,-2357,1726,running,0.00,0,0,0,0,0
1779747286974,-23584,29532,5258,2745,-2325,2021,running,0.00,0,0,0,0,0
1779747286999,-18926,27429,3581,2134,-2455,1691,running,0.00,0,0,0,0,0
1779747287000,-14881,24485,2968,1184,-2669,1253,running,0.00,0,0,0,0,0
1779747287000,-15395,25354,1696,326,-2518,1037,running,0.00,0,0,0,0,0
1779747287029,-15793,24774,958,784,-2429,566,running,0.00,0,0,0,0,0
1779747287030,-11638,16059,804,1125,-2308,552,running,0.00,0,0,0,0,0
1779747287031,-7910,19949,-950,1234,-2423,1021,running,0.00,0,0,0,0,0
1779747287059,-4121,15138,-217,2242,-3118,1137,running,0.00,0,0,0,0,0
1779747287059,-10021,10242,2934,2795,-3745,1114,running,0.00,0,0,0,0,0
1779747287060,-10317,5055,1245,2649,-2972,810,running,0.00,0,0,0,0,0
1779747287090,-5879,1174,-1133,2234,-2587,266,running,0.00,0,0,0,0,0
1779747287090,-3753,-1151,246,1821,-2660,119,running,0.00,0,0,0,0,0
1779747287091,-4909,-3039,1266,1469,-2714,273,running,0.00,0,0,0,0,0
1779747287120,-7303,-4729,1929,1092,-2895,206,running,0.00,0,0,0,0,0
1779747287120,-7584,-5376,2043,770,-3176,76,running,0.00,0,0,0,0,0
1779747287121,-7856,-4801,2253,545,-2941,-81,running,0.00,0,0,0,0,0
1779747287149,-8417,-6290,3506,216,-2290,-490,running,0.00,0,0,0,0,0
1779747287150,-9122,-5013,1762,-166,-1907,-802,running,0.00,0,0,0,0,0
1779747287151,-10079,-3197,2656,-154,-1775,-971,running,0.00,0,0,0,0,0
1779747287183,-11434,-3451,4365,-13,-1452,-1118,running,0.00,0,0,0,0,0
1779747287184,-11439,-4488,5848,37,-808,-1249,running,0.00,0,0,0,0,0
1779747287188,-11350,-3952,6978,-32,-407,-1379,running,0.00,0,0,0,0,0
1779747287211,-10408,-4283,7788,-103,-131,-1543,running,0.00,0,0,0,0,0
1779747287211,-12944,-1021,8638,-81,336,-1405,running,0.00,0,0,0,0,0
1779747287212,-13712,-1178,8681,-410,726,-1713,running,0.00,0,0,0,0,0
1779747287240,-14382,-1313,7839,-906,891,-2387,running,0.00,0,0,0,0,0
1779747287240,-15943,2563,8607,-1387,1201,-2702,running,0.00,0,0,0,0,0
1779747287241,-15244,7042,8338,-1970,1867,-2978,running,0.00,0,0,0,0,0
1779747287269,-15190,14383,8287,-2381,2646,-3161,running,0.00,0,0,0,0,0
1779747287269,-17393,18908,9916,-2901,2778,-3607,running,0.00,0,0,0,0,0
1779747287270,-20464,22881,8236,-3574,2757,-3884,running,0.00,0,0,0,0,0
1779747287300,-27640,31745,5390,-3954,3048,-3848,running,0.00,0,0,0,0,0
1779747287308,-32768,32767,-1524,-3820,3331,-3988,running,0.00,0,0,0,0,0
1779747287308,-32768,32657,-6127,-3419,2882,-3930,running,0.00,0,0,0,0,0
1779747287330,-30752,32726,-5630,-2894,2710,-3086,running,0.00,0,0,0,0,0
1779747287331,-29046,32767,-3259,-2297,2805,-2309,running,0.00,0,0,0,0,0
1779747287332,-21784,32766,-6611,-2367,2750,-2205,running,0.00,0,0,0,0,0
1779747287359,-13916,32766,-8006,-3029,2326,-1913,running,0.00,0,0,0,0,0
1779747287363,-9601,32767,-6480,-3811,1860,-1527,running,0.00,0,0,0,0,0
1779747287364,-12367,30557,-4321,-4742,1539,-1628,running,0.00,0,0,0,0,0
1779747287391,-8833,29509,-1429,-5497,1551,-2115,running,0.00,0,0,0,0,0
1779747287392,-1894,30978,-5919,-5137,1892,-1574,running,0.00,0,0,0,0,0
1779747287392,155,27321,-3212,-4652,1794,-1440,running,0.00,0,0,0,0,0
1779747287422,6561,21894,-5246,-4977,2245,-1442,running,0.00,0,0,0,0,0
1779747287423,9263,20201,-5514,-4754,1519,-1094,running,0.00,0,0,0,0,0
1779747287423,9246,20269,-6575,-3923,1201,-469,running,0.00,0,0,0,0,0
1779747287449,8671,19379,-6326,-3226,1177,-47,running,0.00,0,0,0,0,0
1779747287450,9626,17089,-8165,-2416,1263,-22,running,0.00,0,0,0,0,0
1779747287450,12689,14205,-9725,-1726,1110,-91,running,0.00,0,0,0,0,0
1779747287481,14408,11240,-9822,-1243,871,30,running,0.00,0,0,0,0,0
1779747287482,11775,9526,-9814,-628,939,439,running,0.00,0,0,0,0,0
1779747287482,13289,9077,-10404,-110,1012,581,running,0.00,0,0,0,0,0
1779747287509,13887,8646,-9449,585,867,682,running,0.00,0,0,0,0,0
1779747287510,11625,5882,-9190,1186,1008,809,running,0.00,0,0,0,0,0
1779747287510,14166,3036,-7396,1670,837,831,running,0.00,0,0,0,0,0
1779747287540,12277,974,-6812,2028,578,1027,running,0.00,0,0,0,0,0
1779747287541,10526,-921,-5048,1951,510,1190,running,0.00,0,0,0,0,0
1779747287541,10044,-1627,-3565,1797,355,1222,running,0.00,0,0,0,0,0
1779747287571,9437,-2251,-2903,1642,149,1151,running,0.00,0,0,0,0,0
1779747287572,9029,-1364,-2378,1408,-30,1138,running,0.00,0,0,0,0,0
1779747287573,8692,-49,-2292,1159,-238,1127,running,0.00,0,0,0,0,0
1779747287600,8783,2356,-2467,826,-522,1106,running,0.00,0,0,0,0,0
1779747287601,7802,6025,-2133,597,-812,1149,running,0.00,0,0,0,0,0
1779747287602,6471,10025,-1558,518,-1048,1213,running,0.00,0,0,0,0,0
1779747287629,4844,14644,-882,553,-1268,1319,running,0.00,0,0,0,0,0
1779747287630,3468,19555,1626,654,-1510,1522,running,0.00,0,0,0,0,0
1779747287631,2477,25587,4528,982,-1790,1854,running,0.00,0,0,0,0,0
1779747287660,1786,32194,5464,1544,-2084,2254,running,0.00,0,0,0,0,0
1779747287661,2045,32767,4388,2258,-2368,2634,running,0.00,0,0,0,0,0
1779747287662,244,32686,3940,2913,-2590,2772,running,0.00,0,0,0,0,0
1779747287692,-4066,32742,3522,3151,-2653,2499,running,0.00,0,0,0,0,0
1779747287692,-11287,32767,3566,3240,-2528,1835,running,0.00,0,0,0,0,0
1779747287700,-19526,32766,5163,3202,-2197,1484,running,0.00,0,0,0,0,0
1779747287719,-27916,32766,9262,2966,-1889,1976,running,0.00,0,0,0,0,0
1779747287720,-31418,32767,9200,2088,-1729,2928,running,0.00,0,0,0,0,0
1779747287722,-31908,32597,13729,1525,-2153,2847,running,0.00,0,0,0,0,0
1779747287749,-27367,31088,12686,1097,-1774,2574,running,0.00,0,0,0,0,0
1779747287750,-19351,28827,6895,319,-1664,2741,running,0.00,0,0,0,0,0
1779747287751,-15656,23420,4897,-1184,-2071,1987,running,0.00,0,0,0,0,0
1779747287780,-15074,22584,1557,-823,-2120,1435,running,0.00,0,0,0,0,0
1779747287781,-15896,15196,4433,-72,-2297,1051,running,0.00,0,0,0,0,0
1779747287781,-13311,12387,48,600,-1332,1196,running,0.00,0,0,0,0,0
1779747287809,-9967,12132,-1095,1129,-1331,1556,running,0.00,0,0,0,0,0
1779747287810,-7504,4194,-136,1529,-1760,1395,running,0.00,0,0,0,0,0
1779747287810,-10516,-66,2121,1419,-1749,1101,running,0.00,0,0,0,0,0
1779747287839,-9753,-1080,1477,1357,-1425,681,running,0.00,0,0,0,0,0
1779747287840,-8269,-6736,2402,1276,-1304,62,running,0.00,0,0,0,0,0
1779747287840,-5880,-10499,1709,960,-1186,-127,running,0.00,0,0,0,0,0
1779747287872,-7753,-9386,411,486,-1239,-4,running,0.00,0,0,0,0,0
1779747287873,-11102,-8249,1873,486,-1218,-191,running,0.00,0,0,0,0,0
1779747287874,-11970,-8447,1828,630,-1013,-479,running,0.00,0,0,0,0,0
1779747287903,-11859,-10901,1731,569,-779,-594,running,0.00,0,0,0,0,0
1779747287904,-11965,-11580,1832,366,-507,-549,running,0.00,0,0,0,0,0
1779747287905,-11478,-11374,2064,272,-287,-656,running,0.00,0,0,0,0,0
1779747287929,-10657,-12647,3391,298,51,-795,running,0.00,0,0,0,0,0
1779747287929,-11954,-6542,3728,428,483,-541,running,0.00,0,0,0,0,0
1779747287930,-14476,-6078,5057,1009,1207,-576,running,0.00,0,0,0,0,0
1779747287962,-11303,-2945,4131,1279,1630,-543,running,0.00,0,0,0,0,0
1779747287963,-8091,2210,4887,1399,1653,-1554,running,0.00,0,0,0,0,0
1779747287964,-8443,-2940,4360,1227,1793,-2863,running,0.00,0,0,0,0,0
1779747287992,-9963,-2113,3902,880,1775,-3087,running,0.00,0,0,0,0,0
1779747287992,-11062,325,3012,694,1864,-3045,running,0.00,0,0,0,0,0
1779747287993,-11847,3565,2341,346,1959,-3013,running,0.00,0,0,0,0,0
1779747288019,-13462,9062,3432,-33,2078,-2946,running,0.00,0,0,0,0,0
1779747288020,-14103,17279,4024,-627,2459,-2962,running,0.00,0,0,0,0,0
1779747288020,-14024,26679,2714,-1389,2574,-3334,running,0.00,0,0,0,0,0
1779747288052,-14833,30576,761,-2040,2396,-3903,running,0.00,0,0,0,0,0
1779747288052,-17812,32767,646,-2574,2288,-4197,running,0.00,0,0,0,0,0
1779747288053,-22911,32767,-2652,-2764,2324,-4518,running,0.00,0,0,0,0,0
1779747288079,-27727,32726,-3839,-3497,1817,-5116,running,0.00,0,0,0,0,0
1779747288080,-25910,32763,-8697,-3687,1730,-4518,running,0.00,0,0,0,0,0
1779747288080,-24542,32767,-9387,-2729,1407,-2986,running,0.00,0,0,0,0,0
1779747288111,-22536,32766,-8098,-1615,1148,-2074,running,0.00,0,0,0,0,0
1779747288112,-17816,32767,-2746,-1178,680,-1598,running,0.00,0,0,0,0,0
1779747288113,-13340,32767,-5723,-959,754,-718,running,0.00,0,0,0,0,0
1779747288139,-10304,32711,-4550,-300,770,-114,running,0.00,0,0,0,0,0
1779747288171,-6823,30557,-5762,-529,874,-418,running,0.00,0,0,0,0,0
1779747288172,-1593,23129,-4519,-630,976,-843,running,0.00,0,0,0,0,0
1779747288172,431,20504,-4229,-1004,955,-824,running,0.00,0,0,0,0,0
1779747288173,2609,17749,-3277,-1155,901,-567,running,0.00,0,0,0,0,0
1779747288173,437,16985,-3176,-1412,900,-196,running,0.00,0,0,0,0,0
1779747288199,358,15515,-4491,-1625,1040,-212,running,0.00,0,0,0,0,0
1779747288200,1857,14288,-4556,-1552,1103,-144,running,0.00,0,0,0,0,0
1779747288200,1936,13958,-3412,-1368,1060,-223,running,0.00,0,0,0,0,0
1779747288230,3483,6222,-2467,-1721,1185,-690,running,0.00,0,0,0,0,0
1779747288230,4257,5209,-2944,-1958,1353,-321,running,0.00,0,0,0,0,0
1779747288231,6356,9217,-4236,-1729,1306,-110,running,0.00,0,0,0,0,0
1779747288259,6248,3959,-1231,-1760,1156,-355,running,0.00,0,0,0,0,0
1779747288259,6007,5978,-2320,-997,1549,339,running,0.00,0,0,0,0,0
1779747288260,7722,5964,-2493,-558,1396,341,running,0.00,0,0,0,0,0
1779747288293,8419,3192,651,-763,1021,183,running,0.00,0,0,0,0,0
1779747288293,9189,3119,483,-532,1349,610,running,0.00,0,0,0,0,0
1779747288294,13647,5616,1781,-88,1264,1343,running,0.00,0,0,0,0,0
1779747288319,13823,4406,1533,-70,915,1927,running,0.00,0,0,0,0,0
1779747288319,11961,2613,2478,66,724,2140,running,0.00,0,0,0,0,0
1779747288320,12019,2569,3599,166,707,2271,running,0.00,0,0,0,0,0
1779747288349,13904,2520,4179,-125,572,2333,running,0.00,0,0,0,0,0
1779747288350,14542,3684,4799,-451,163,2497,running,0.00,0,0,0,0,0
1779747288351,13961,6148,4586,-646,-361,2739,running,0.00,0,0,0,0,0
1779747288380,13282,7956,4546,-819,-881,2932,running,0.00,0,0,0,0,0
1779747288383,13007,9550,4378,-908,-1357,3120,running,0.00,0,0,0,0,0
1779747288384,12512,11478,5017,-879,-1908,3285,running,0.00,0,0,0,0,0
1779747288410,11931,13444,5825,-858,-2541,3389,running,0.00,0,0,0,0,0
1779747288411,12600,18258,7063,-795,-3132,3454,running,0.00,0,0,0,0,0
1779747288412,15898,28795,8038,-451,-3778,3423,running,0.00,0,0,0,0,0
1779747288444,18659,32767,7564,-43,-4466,3212,running,0.00,0,0,0,0,0
1779747288445,21357,32767,5640,-399,-4593,2916,running,0.00,0,0,0,0,0
1779747288445,15264,32661,8565,-102,-4651,2382,running,0.00,0,0,0,0,0
1779747288469,-2819,32767,12769,838,-4440,1738,running,0.00,0,0,0,0,0
1779747288470,-18000,32767,15811,1536,-3914,1478,running,0.00,0,0,0,0,0
1779747288470,-24784,32765,17615,1772,-3803,1886,running,0.00,0,0,0,0,0
1779747288499,-28402,32767,16784,1721,-4001,3030,running,0.00,0,0,0,0,0
1779747288499,-32663,32272,14002,1868,-4004,3091,running,0.00,0,0,0,0,0
1779747288499,-24921,21406,13664,999,-4289,1654,running,0.00,0,0,0,0,0
1779747288529,-12199,19460,9276,-231,-4832,1666,running,0.00,0,0,0,0,0
1779747288530,-16539,27073,8282,-933,-5288,2062,running,0.00,0,0,0,0,0
1779747288531,-18838,19368,9196,-649,-5197,1233,running,0.00,0,0,0,0,0
1779747288559,-15961,16998,7083,-575,-4919,203,running,0.00,0,0,0,0,0
1779747288561,-16350,18747,1721,532,-4747,-532,running,0.00,0,0,0,0,0
1779747288561,-9540,9762,4529,1556,-4263,-842,running,0.00,0,0,0,0,0
1779747288589,-5100,5464,4481,2467,-4130,-760,running,0.00,0,0,0,0,0
1779747288590,-4439,3579,3952,3114,-3851,-558,running,0.00,0,0,0,0,0
1779747288590,-8274,3175,6855,3669,-4131,-793,running,0.00,0,0,0,0,0
1779747288625,-8573,-4905,10283,3980,-3931,-1303,running,0.00,0,0,0,0,0
1779747288626,-9152,-11008,8818,3502,-3275,-1529,running,0.00,0,0,0,0,0
1779747288626,-9833,-13015,8775,2952,-3057,-1626,running,0.00,0,0,0,0,0
1779747288650,-9083,-12304,7541,2362,-2798,-1526,running,0.00,0,0,0,0,0
1779747288651,-11074,-12675,7271,1665,-2785,-1576,running,0.00,0,0,0,0,0
1779747288651,-13241,-10766,7644,1040,-2765,-1795,running,0.00,0,0,0,0,0
1779747288688,-13248,-8220,7148,793,-2369,-2148,running,0.00,0,0,0,0,0
1779747288689,-11748,-8260,6047,775,-2105,-2372,running,0.00,0,0,0,0,0
1779747288690,-12172,-6919,6846,915,-1515,-2145,running,0.00,0,0,0,0,0
1779747288708,-13635,-6354,7609,1045,-1023,-2135,running,0.00,0,0,0,0,0
1779747288709,-13365,-4976,6644,1194,-264,-2270,running,0.00,0,0,0,0,0
1779747288709,-10314,-5036,5798,1150,418,-2474,running,0.00,0,0,0,0,0
1779747288740,-9249,-4793,5748,1124,860,-2360,running,0.00,0,0,0,0,0
1779747288740,-11327,-2904,4314,1055,1105,-2143,running,0.00,0,0,0,0,0
1779747288741,-12050,-3588,3842,777,1042,-2623,running,0.00,0,0,0,0,0
1779747288770,-13790,-4566,4533,475,1188,-3256,running,0.00,0,0,0,0,0
1779747288770,-13101,-1664,1621,108,1537,-3509,running,0.00,0,0,0,0,0
1779747288771,-13354,230,890,-314,1434,-3737,running,0.00,0,0,0,0,0
1779747288800,-15015,2547,1630,-854,1410,-4059,running,0.00,0,0,0,0,0
1779747288800,-16943,6723,2103,-1451,1476,-4223,running,0.00,0,0,0,0,0
1779747288801,-20943,13808,4261,-2085,1574,-4391,running,0.00,0,0,0,0,0
1779747288828,-25763,21116,2776,-2864,1652,-4680,running,0.00,0,0,0,0,0
1779747288829,-30728,23308,973,-3618,1318,-5037,running,0.00,0,0,0,0,0
1779747288829,-32737,24307,4621,-4083,939,-5242,running,0.00,0,0,0,0,0
1779747288860,-32767,32767,-12,-4462,1252,-4952,running,0.00,0,0,0,0,0
1779747288860,-32767,32668,-4695,-4980,976,-5213,running,0.00,0,0,0,0,0
1779747288861,-32768,32736,-5184,-5056,531,-4670,running,0.00,0,0,0,0,0
1779747288890,-32768,32767,-3260,-4628,279,-3739,running,0.00,0,0,0,0,0
1779747288890,-32755,32766,-2189,-3979,309,-2806,running,0.00,0,0,0,0,0
1779747288891,-29075,32766,-3237,-3582,233,-1825,running,0.00,0,0,0,0,0
1779747288919,-21764,32767,-3940,-3623,70,-1289,running,0.00,0,0,0,0,0
1779747288920,-16539,32604,-4055,-3603,-50,-1100,running,0.00,0,0,0,0,0
1779747288921,-10658,28841,-2285,-3577,-199,-1017,running,0.00,0,0,0,0,0
1779747288950,-6699,24804,-2917,-3312,181,-604,running,0.00,0,0,0,0,0
1779747288956,-7742,22033,-860,-3288,128,-274,running,0.00,0,0,0,0,0
1779747288957,-2630,16165,-326,-3953,323,-804,running,0.00,0,0,0,0,0
1779747288979,3243,20703,-1442,-3295,761,66,running,0.00,0,0,0,0,0
1779747288980,2420,22578,-1928,-1385,1091,911,running,0.00,0,0,0,0,0
1779747288980,2436,18104,2132,-202,1482,814,running,0.00,0,0,0,0,0
1779747289009,11019,16912,-1849,-136,1571,746,running,0.00,0,0,0,0,0
1779747289013,9924,15818,-352,199,176,776,running,0.00,0,0,0,0,0
1779747289014,8804,15227,369,782,32,1019,running,0.00,0,0,0,0,0
1779747289039,10070,13525,-378,1155,-10,1100,running,0.00,0,0,0,0,0
1779747289040,15141,11090,-1581,1426,-271,1032,running,0.00,0,0,0,0,0
1779747289040,15500,9920,1846,1650,-836,1180,running,0.00,0,0,0,0,0
1779747289069,14365,11596,1049,1501,-884,1670,running,0.00,0,0,0,0,0
1779747289073,15365,11681,-74,1210,-971,1922,running,0.00,0,0,0,0,0
1779747289074,13469,10982,203,1208,-1272,2149,running,0.00,0,0,0,0,0
1779747289099,11452,11384,567,1246,-1482,2446,running,0.00,0,0,0,0,0
1779747289100,10885,10729,1340,1570,-1519,2704,running,0.00,0,0,0,0,0
1779747289100,9850,10845,2214,1855,-1694,2860,running,0.00,0,0,0,0,0
1779747289132,9581,9809,2679,2008,-1946,3061,running,0.00,0,0,0,0,0
1779747289133,8072,9529,2237,2041,-2252,3290,running,0.00,0,0,0,0,0
1779747289133,6911,9504,3086,2438,-2501,3358,running,0.00,0,0,0,0,0
1779747289159,6166,10264,4529,3000,-2532,3573,running,0.00,0,0,0,0,0
1779747289159,5153,11571,4825,3199,-2664,3807,running,0.00,0,0,0,0,0
1779747289159,3564,14316,6330,3217,-2969,3765,running,0.00,0,0,0,0,0
1779747289191,3620,17472,10715,2909,-3399,3539,running,0.00,0,0,0,0,0
1779747289192,6393,27789,11092,2802,-3438,3640,running,0.00,0,0,0,0,0
1779747289193,4960,32767,12479,2674,-3577,3748,running,0.00,0,0,0,0,0
1779747289220,3604,32767,15419,2480,-3552,3169,running,0.00,0,0,0,0,0
1779747289221,-5109,32636,25684,2975,-3327,2123,running,0.00,0,0,0,0,0
1779747289221,-19634,32767,32767,2846,-3088,1480,running,0.00,0,0,0,0,0
1779747289249,-32768,32767,32767,1983,-3260,2145,running,0.00,0,0,0,0,0
1779747289250,-32768,32764,32412,1458,-3326,3407,running,0.00,0,0,0,0,0
1779747289250,-32559,32767,29875,2439,-3150,3953,running,0.00,0,0,0,0,0
1779747289278,-32746,32619,24292,2822,-2932,4025,running,0.00,0,0,0,0,0
1779747289279,-29002,29943,17624,1785,-2955,4183,running,0.00,0,0,0,0,0
1779747289279,-20633,32331,14463,601,-2910,4387,running,0.00,0,0,0,0,0
1779747289309,-23805,31745,14016,129,-3297,4030,running,0.00,0,0,0,0,0
1779747289309,-28049,24812,14099,406,-3325,3282,running,0.00,0,0,0,0,0
1779747289310,-25843,13556,11178,1177,-2888,2763,running,0.00,0,0,0,0,0
1779747289339,-18467,10356,8216,1811,-3070,3168,running,0.00,0,0,0,0,0
1779747289339,-18720,8902,7494,2445,-3212,3528,running,0.00,0,0,0,0,0
1779747289340,-18993,1151,6275,3074,-3104,3213,running,0.00,0,0,0,0,0
1779747289370,-14924,-4975,4231,2886,-2998,2669,running,0.00,0,0,0,0,0
1779747289371,-17637,-6794,5313,2589,-3020,2099,running,0.00,0,0,0,0,0
1779747289372,-13800,-7983,1273,2917,-2758,1726,running,0.00,0,0,0,0,0
1779747289398,-13058,-10016,3098,2854,-2790,1441,running,0.00,0,0,0,0,0
1779747289400,-14925,-11613,3662,2918,-2713,1266,running,0.00,0,0,0,0,0
1779747289400,-16495,-13091,3967,3031,-2461,1041,running,0.00,0,0,0,0,0
1779747289430,-17415,-16226,2530,2900,-2241,623,running,0.00,0,0,0,0,0
1779747289431,-18029,-18362,4504,2361,-2425,234,running,0.00,0,0,0,0,0
1779747289431,-15996,-19449,4782,1859,-2246,-118,running,0.00,0,0,0,0,0
1779747289459,-16797,-17463,4334,1508,-1903,-171,running,0.00,0,0,0,0,0
1779747289459,-17828,-13073,3241,1305,-1383,-125,running,0.00,0,0,0,0,0
1779747289459,-16155,-12813,2417,943,-870,-247,running,0.00,0,0,0,0,0
1779747289489,-14403,-11923,-1313,531,-656,69,running,0.00,0,0,0,0,0
1779747289489,-17686,-7174,616,878,-1642,684,running,0.00,0,0,0,0,0
1779747289489,-23164,-220,8224,1047,-1351,-1164,running,0.00,0,0,0,0,0
1779747289520,-15969,-14369,6533,823,428,-4175,running,0.00,0,0,0,0,0
1779747289524,-11221,-7217,1768,-134,1060,-4357,running,0.00,0,0,0,0,0
1779747289525,-13553,-2808,-508,90,543,-3927,running,0.00,0,0,0,0,0
1779747289553,-20636,-407,-2450,789,-293,-3990,running,0.00,0,0,0,0,0
1779747289554,-22318,-1226,-5562,971,-638,-4584,running,0.00,0,0,0,0,0
1779747289554,-24552,-3825,-3672,606,-924,-4723,running,0.00,0,0,0,0,0
1779747289580,-25011,17434,10717,237,-264,-4272,running,0.00,0,0,0,0,0
1779747289583,-25338,25333,8959,-445,1538,-5673,running,0.00,0,0,0,0,0
1779747289584,-24661,31301,-9217,-1249,2463,-6780,running,0.00,0,0,0,0,0
1779747289612,-25225,24342,-5861,-2213,1028,-9313,running,0.00,0,0,0,0,0
1779747289613,-28281,20654,6676,-2903,260,-8850,running,0.00,0,0,0,0,0
1779747289613,-32768,32767,-6102,-2880,870,-6232,running,0.00,0,0,0,0,0
1779747289639,-32768,32767,-15068,-3791,-421,-5621,running,0.00,0,0,0,0,0
1779747289644,-32720,32524,-4738,-3645,-1010,-5496,running,0.00,0,0,0,0,0
1779747289644,-32408,32761,-14955,-3682,-108,-4988,running,0.00,0,0,0,0,0
1779747289675,-29891,32767,-19800,-3866,-709,-4294,running,0.00,0,0,0,0,0
1779747289676,-29086,32763,-13365,-3132,-1252,-3758,running,0.00,0,0,0,0,0
1779747289680,-12815,32766,-17436,-2252,-1134,-2425,running,0.00,0,0,0,0,0
1779747289702,-18897,32767,-6530,-750,-1714,-872,running,0.00,0,0,0,0,0
1779747289703,-25943,32767,-2779,-267,-757,-1396,running,0.00,0,0,0,0,0
1779747289703,-17616,28008,-7274,-250,64,-2311,running,0.00,0,0,0,0,0
1779747289729,-3148,23950,-7588,-850,-64,-1848,running,0.00,0,0,0,0,0
1779747289730,1065,28182,-7454,-1086,-674,-792,running,0.00,0,0,0,0,0
1779747289731,713,22338,-75,-1052,-881,-416,running,0.00,0,0,0,0,0
1779747289760,6243,13575,-5929,-3068,-1085,-1249,running,0.00,0,0,0,0,0
1779747289761,-18046,8520,2890,-5039,-1759,-1623,running,0.00,0,0,0,0,0
1779747289761,-17081,3015,16395,-3850,20,-224,running,0.00,0,0,0,0,0
1779747289790,11691,18986,-16723,-2269,3167,1007,running,0.00,0,0,0,0,0
1779747289791,9193,17145,-15188,-2507,476,364,running,0.00,0,0,0,0,0
1779747289791,5713,18770,2794,-3080,-859,18,running,0.00,0,0,0,0,0
1779747289821,5591,16022,-4818,-1676,351,-844,running,0.00,0,0,0,0,0
1779747289822,7853,14163,-5153,-828,127,-1238,running,0.00,0,0,0,0,0
1779747289822,10926,15258,-1624,-975,-383,-386,running,0.00,0,0,0,0,0
1779747289849,11638,17068,-1689,-488,-126,1159,running,0.00,0,0,0,0,0
1779747289850,9873,15609,-182,969,-115,2381,running,0.00,0,0,0,0,0
1779747289850,6850,15907,1063,2036,-62,2980,running,0.00,0,0,0,0,0
1779747289880,5499,15146,1221,2555,43,3210,running,0.00,0,0,0,0,0
1779747289880,4966,13296,1457,2973,120,3481,running,0.00,0,0,0,0,0
1779747289881,4998,12115,2615,3171,-82,3794,running,0.00,0,0,0,0,0
1779747289911,5026,9887,3069,2875,-222,3976,running,0.00,0,0,0,0,0
1779747289911,5577,7896,3325,2718,-402,4177,running,0.00,0,0,0,0,0
1779747289914,6373,8225,3656,2465,-642,4460,running,0.00,0,0,0,0,0
1779747289944,5839,10580,3863,2349,-964,4799,running,0.00,0,0,0,0,0
1779747289944,3729,11431,5702,2351,-1285,4979,running,0.00,0,0,0,0,0
1779747289945,1512,21740,9788,2459,-1656,5064,running,0.00,0,0,0,0,0
1779747289969,1169,31179,12581,2221,-1992,4910,running,0.00,0,0,0,0,0
1779747289969,-3556,32767,11873,1681,-2247,4683,running,0.00,0,0,0,0,0
1779747289970,-10556,32683,11525,1413,-2201,4286,running,0.00,0,0,0,0,0
1779747290000,-22754,32713,20115,1874,-2107,3897,running,0.00,0,0,0,0,0
1779747290000,-32768,32767,25669,2330,-1995,3619,running,0.00,0,0,0,0,0
1779747290001,-32768,32767,26204,2057,-2155,3674,running,0.00,0,0,0,0,0
1779747290029,-32573,32757,23771,1866,-2490,3777,running,0.00,0,0,0,0,0
1779747290030,-32768,27709,19551,1978,-2413,3807,running,0.00,0,0,0,0,0
1779747290030,-31004,24383,9437,1153,-2158,3798,running,0.00,0,0,0,0,0
1779747290061,-12910,20570,1046,-692,-2937,3524,running,0.00,0,0,0,0,0
1779747290063,-18209,31210,5619,-1618,-4321,4055,running,0.00,0,0,0,0,0
1779747290064,-24616,27808,9120,-705,-4787,3482,running,0.00,0,0,0,0,0
1779747290089,-24247,26630,9824,628,-4223,3090,running,0.00,0,0,0,0,0
1779747290090,-24902,16674,2641,1757,-3550,2675,running,0.00,0,0,0,0,0
1779747290090,-18599,9473,3519,1848,-3737,2094,running,0.00,0,0,0,0,0
1779747290120,-14659,4302,3020,2277,-3889,1931,running,0.00,0,0,0,0,0
1779747290120,-13852,1820,2234,2645,-4069,2058,running,0.00,0,0,0,0,0
1779747290121,-14437,1940,2654,2974,-4295,2001,running,0.00,0,0,0,0,0
1779747290148,-11226,-3362,2324,3101,-4294,1610,running,0.00,0,0,0,0,0
1779747290151,-11488,-4485,1512,2997,-4681,1579,running,0.00,0,0,0,0,0
1779747290152,-14483,-7349,3655,2928,-5412,1271,running,0.00,0,0,0,0,0
1779747290179,-17861,-7996,4318,2437,-5189,797,running,0.00,0,0,0,0,0
1779747290180,-17484,-9288,3995,2173,-3848,180,running,0.00,0,0,0,0,0
1779747290180,-16154,-12683,7093,1870,-3143,-192,running,0.00,0,0,0,0,0
1779747290209,-15720,-12040,7423,1580,-2509,-12,running,0.00,0,0,0,0,0
1779747290210,-16569,-9365,5681,1509,-1841,56,running,0.00,0,0,0,0,0
1779747290211,-15610,-8975,6035,1515,-1488,-253,running,0.00,0,0,0,0,0
1779747290239,-13603,-9098,5870,1406,-1219,-548,running,0.00,0,0,0,0,0
1779747290240,-13044,-8518,4618,1149,-1070,-907,running,0.00,0,0,0,0,0
1779747290241,-13648,-7219,4616,1079,-924,-1289,running,0.00,0,0,0,0,0
1779747290275,-12926,-4453,5487,1041,-768,-1592,running,0.00,0,0,0,0,0
1779747290276,-13309,-3055,4173,1090,-697,-1761,running,0.00,0,0,0,0,0
1779747290276,-18866,-4302,7240,1439,-190,-1763,running,0.00,0,0,0,0,0
1779747290300,-12230,-2429,6428,1541,416,-1590,running,0.00,0,0,0,0,0
1779747290300,-15317,561,438,1256,743,-1580,running,0.00,0,0,0,0,0
1779747290301,-15158,-4162,-2817,470,280,-3026,running,0.00,0,0,0,0,0
1779747290332,-18386,-5861,7512,-501,116,-3927,running,0.00,0,0,0,0,0
1779747290333,-21908,-94,5005,-1610,781,-4408,running,0.00,0,0,0,0,0
1779747290333,-23661,10601,-571,-2665,891,-4786,running,0.00,0,0,0,0,0
1779747290360,-27213,26733,-6673,-3387,446,-5185,running,0.00,0,0,0,0,0
1779747290361,-32768,32767,-6222,-3591,-5,-5871,running,0.00,0,0,0,0,0
1779747290361,-32768,32767,-8556,-2688,601,-6221,running,0.00,0,0,0,0,0
1779747290394,-32660,32609,-17661,-1663,567,-6202,running,0.00,0,0,0,0,0
1779747290395,-32764,32767,-10731,-125,460,-6150,running,0.00,0,0,0,0,0
1779747290395,-32581,32767,-15449,932,945,-4609,running,0.00,0,0,0,0,0
1779747290419,-32384,32763,-17094,909,900,-3180,running,0.00,0,0,0,0,0
1779747290419,-23323,30878,-20335,-279,511,-3025,running,0.00,0,0,0,0,0
1779747290419,-9847,30764,-17989,-1456,-499,-1943,running,0.00,0,0,0,0,0
1779747290450,-17462,32563,-11983,-2400,-1139,-1143,running,0.00,0,0,0,0,0
1779747290451,-15687,26129,-2017,-3778,-1155,-2235,running,0.00,0,0,0,0,0
1779747290451,-11063,22438,4250,-4773,-137,-2328,running,0.00,0,0,0,0,0
1779747290480,-5303,24816,-2727,-4653,932,-1615,running,0.00,0,0,0,0,0
1779747290480,2605,27443,-7617,-4477,1064,-956,running,0.00,0,0,0,0,0
1779747290481,11368,22420,-9241,-4611,473,-954,running,0.00,0,0,0,0,0
1779747290511,3285,16723,-5096,-4897,-276,-667,running,0.00,0,0,0,0,0
1779747290512,-529,26954,-1351,-4103,6,1122,running,0.00,0,0,0,0,0
1779747290512,296,23563,-8921,-2559,3078,1412,running,0.00,0,0,0,0,0
1779747290540,10536,22726,-10619,-2509,2277,540,running,0.00,0,0,0,0,0
1779747290541,13163,18437,-4640,-1648,-55,749,running,0.00,0,0,0,0,0
1779747290541,12027,16362,-4042,-859,-826,1520,running,0.00,0,0,0,0,0
1779747290569,10241,13211,328,-272,-1674,2122,running,0.00,0,0,0,0,0
1779747290570,9090,13682,104,21,-1062,2798,running,0.00,0,0,0,0,0
1779747290571,9804,8186,-2492,-115,-739,2800,running,0.00,0,0,0,0,0
1779747290599,14718,9889,-2335,-342,-922,3077,running,0.00,0,0,0,0,0
1779747290600,15031,9908,-2354,107,-1227,3169,running,0.00,0,0,0,0,0
1779747290601,12141,5853,-772,217,-1202,3422,running,0.00,0,0,0,0,0
1779747290636,11349,7409,-910,214,-1060,3830,running,0.00,0,0,0,0,0
1779747290637,9923,8382,-297,417,-1375,4014,running,0.00,0,0,0,0,0
1779747290637,7842,8256,975,548,-1592,4174,running,0.00,0,0,0,0,0
1779747290659,6632,8623,222,880,-1847,4313,running,0.00,0,0,0,0,0
1779747290660,4667,7338,3293,1405,-2123,4321,running,0.00,0,0,0,0,0
1779747290660,4849,6403,3761,1796,-2135,4374,running,0.00,0,0,0,0,0
1779747290689,5981,5791,3860,2107,-2302,4513,running,0.00,0,0,0,0,0
1779747290690,5996,7570,4339,2348,-2516,4624,running,0.00,0,0,0,0,0
1779747290690,5089,7464,7665,2171,-2747,4719,running,0.00,0,0,0,0,0
1779747290719,6999,17506,6113,1809,-3020,4816,running,0.00,0,0,0,0,0
1779747290724,10307,26716,9499,2023,-3480,4723,running,0.00,0,0,0,0,0
1779747290724,13659,32767,10175,1633,-3775,4572,running,0.00,0,0,0,0,0
1779747290749,17685,32767,9729,1485,-3950,4088,running,0.00,0,0,0,0,0
1779747290750,10831,32653,13352,1982,-3800,3129,running,0.00,0,0,0,0,0
1779747290750,-4830,32765,21206,2286,-3314,2183,running,0.00,0,0,0,0,0
1779747290783,-20660,32767,27498,3103,-2912,2101,running,0.00,0,0,0,0,0
1779747290784,-31759,32765,28726,3675,-2605,2846,running,0.00,0,0,0,0,0
1779747290784,-32768,32767,22607,3685,-2414,3738,running,0.00,0,0,0,0,0
1779747290810,-32292,30845,16928,2755,-2800,3936,running,0.00,0,0,0,0,0
1779747290811,-23696,23834,12106,1245,-3105,3591,running,0.00,0,0,0,0,0
1779747290812,-18203,19966,4412,-397,-3449,3436,running,0.00,0,0,0,0,0
1779747290842,-13066,21949,3443,-1913,-4248,3379,running,0.00,0,0,0,0,0
1779747290842,-13229,22920,2399,-2576,-4739,2768,running,0.00,0,0,0,0,0
1779747290843,-15057,20560,3379,-2398,-5090,1678,running,0.00,0,0,0,0,0
1779747290872,-16494,13957,7509,-1430,-4970,686,running,0.00,0,0,0,0,0
1779747290872,-11880,9230,4934,-45,-4497,440,running,0.00,0,0,0,0,0
1779747290873,-10323,6713,3172,1042,-4403,700,running,0.00,0,0,0,0,0
1779747290902,-14711,4087,4013,1761,-4530,592,running,0.00,0,0,0,0,0
1779747290902,-11309,-1672,5547,2491,-4201,31,running,0.00,0,0,0,0,0
1779747290903,-11270,-7276,2765,3006,-3716,100,running,0.00,0,0,0,0,0
1779747290929,-11400,-9535,4043,2901,-3579,107,running,0.00,0,0,0,0,0
1779747290930,-12854,-12037,6488,1951,-3564,-165,running,0.00,0,0,0,0,0
1779747290930,-13617,-14034,5010,1173,-3958,-164,running,0.00,0,0,0,0,0
1779747290961,-18430,-13426,4920,806,-3843,-728,running,0.00,0,0,0,0,0
1779747290962,-20391,-17076,9553,221,-4461,-1631,running,0.00,0,0,0,0,0
1779747290963,-23273,-16233,9271,-703,-4062,-2153,running,0.00,0,0,0,0,0
1779747290989,-24688,-13641,10766,-1123,-3584,-2558,running,0.00,0,0,0,0,0
1779747290990,-24075,-10481,10991,-1668,-2806,-2606,running,0.00,0,0,0,0,0
1779747290991,-22376,-6556,9573,-1878,-1755,-2557,running,0.00,0,0,0,0,0
1779747291020,-19751,-4467,9943,-1726,-1089,-2560,running,0.00,0,0,0,0,0
1779747291021,-18154,-2046,8020,-1640,-356,-2397,running,0.00,0,0,0,0,0
1779747291021,-11937,-621,6393,-1764,761,-2437,running,0.00,0,0,0,0,0
1779747291049,-12801,11970,6132,-725,1977,-3392,running,0.00,0,0,0,0,0
1779747291050,-16078,3326,6287,-1174,1777,-4756,running,0.00,0,0,0,0,0
1779747291050,-18530,1877,11665,-1863,1849,-4980,running,0.00,0,0,0,0,0
1779747291080,-21896,3959,15380,-2870,1886,-4726,running,0.00,0,0,0,0,0
1779747291081,-26495,15925,17579,-3297,2709,-4008,running,0.00,0,0,0,0,0
1779747291081,-32768,31235,12380,-3243,3661,-3363,running,0.00,0,0,0,0,0
1779747291110,-32768,32767,-3858,-2961,3917,-4142,running,0.00,0,0,0,0,0
1779747291110,-32643,32583,2403,-2151,2358,-5448,running,0.00,0,0,0,0,0
1779747291111,-32768,32703,6977,-1434,1968,-5468,running,0.00,0,0,0,0,0
1779747291141,-31949,32767,-1534,-657,2710,-4089,running,0.00,0,0,0,0,0
1779747291142,-27701,32765,504,-1550,2371,-2883,running,0.00,0,0,0,0,0
1779747291142,-21632,32765,-3802,-2877,2090,-2768,running,0.00,0,0,0,0,0
1779747291169,-16534,31279,3624,-3392,1545,-3000,running,0.00,0,0,0,0,0
1779747291169,-14533,24884,-1000,-4345,1199,-2625,running,0.00,0,0,0,0,0
1779747291170,-10089,27334,5791,-4837,599,-1761,running,0.00,0,0,0,0,0
1779747291203,-3031,27219,2367,-4990,845,-1779,running,0.00,0,0,0,0,0
1779747291203,1202,25862,-1283,-4555,543,-1578,running,0.00,0,0,0,0,0
1779747291204,6348,25727,261,-4348,-20,-827,running,0.00,0,0,0,0,0
1779747291229,2504,28052,234,-3464,255,104,running,0.00,0,0,0,0,0
1779747291229,987,23091,-4477,-2231,757,254,running,0.00,0,0,0,0,0
1779747291229,3407,19820,-4852,-1753,482,297,running,0.00,0,0,0,0,0
1779747291263,1234,15356,-4286,-1559,191,635,running,0.00,0,0,0,0,0
1779747291263,4400,11802,-5895,-1762,443,851,running,0.00,0,0,0,0,0
1779747291264,5934,10793,-4787,-2354,7,1127,running,0.00,0,0,0,0,0
1779747291290,4877,11790,-5042,-2198,139,1427,running,0.00,0,0,0,0,0
1779747291293,7281,10511,-5531,-1660,495,1619,running,0.00,0,0,0,0,0
1779747291294,7656,7673,-5450,-1594,470,1690,running,0.00,0,0,0,0,0
1779747291320,7862,6703,-4789,-1589,408,1740,running,0.00,0,0,0,0,0
1779747291321,8028,6177,-4170,-1251,415,1782,running,0.00,0,0,0,0,0
1779747291322,8191,6300,-3853,-816,552,1883,running,0.00,0,0,0,0,0
1779747291352,8303,5923,-3520,-459,613,1959,running,0.00,0,0,0,0,0
1779747291353,9912,5964,-3300,-318,588,2099,running,0.00,0,0,0,0,0
1779747291354,10925,6753,-2931,-254,477,2194,running,0.00,0,0,0,0,0
1779747291381,9127,5550,-1856,15,359,2342,running,0.00,0,0,0,0,0
1779747291382,9018,4834,-1140,-28,355,2531,running,0.00,0,0,0,0,0
1779747291382,9841,4188,-1051,-54,250,2694,running,0.00,0,0,0,0,0
1779747291411,12052,3635,-1069,-131,8,2797,running,0.00,0,0,0,0,0
1779747291412,13042,4995,-36,-138,-289,2813,running,0.00,0,0,0,0,0
1779747291412,13943,6907,1176,-143,-612,2901,running,0.00,0,0,0,0,0
1779747291439,12947,9441,1574,-249,-979,3170,running,0.00,0,0,0,0,0
1779747291440,13039,13948,2422,-211,-1400,3231,running,0.00,0,0,0,0,0
1779747291440,12957,16487,3076,33,-1874,3036,running,0.00,0,0,0,0,0
1779747291471,12652,20352,4750,139,-2306,2715,running,0.00,0,0,0,0,0
1779747291471,11716,30913,7927,675,-2620,2367,running,0.00,0,0,0,0,0
1779747291472,9982,32767,10757,1418,-2750,2077,running,0.00,0,0,0,0,0
1779747291500,5907,32670,10521,1629,-2837,2038,running,0.00,0,0,0,0,0
1779747291501,-6058,32704,10254,2145,-2907,1769,running,0.00,0,0,0,0,0
1779747291502,-12226,32767,19511,3453,-2774,1280,running,0.00,0,0,0,0,0
1779747291529,-21398,32767,23653,3918,-2461,2127,running,0.00,0,0,0,0,0
1779747291530,-31270,32765,24720,4691,-2390,3111,running,0.00,0,0,0,0,0
1779747291531,-32768,32767,24281,4152,-2507,3980,running,0.00,0,0,0,0,0
1779747291559,-32682,32529,17949,2492,-2708,4539,running,0.00,0,0,0,0,0
1779747291565,-29883,27339,13959,696,-3343,4363,running,0.00,0,0,0,0,0
1779747291566,-19660,23213,10868,-881,-3782,3961,running,0.00,0,0,0,0,0
1779747291595,-12260,27599,5106,-1942,-4262,3506,running,0.00,0,0,0,0,0
1779747291596,-13007,30052,2966,-2069,-4766,2645,running,0.00,0,0,0,0,0
1779747291597,-19548,27435,4566,-1303,-4809,1436,running,0.00,0,0,0,0,0
1779747291619,-21771,23190,4996,129,-4415,137,running,0.00,0,0,0,0,0
1779747291620,-24373,16238,9105,1301,-3918,-1683,running,0.00,0,0,0,0,0
1779747291620,-7026,-8295,3524,2818,-2410,-2696,running,0.00,0,0,0,0,0
1779747291649,1059,703,-2054,3609,-2545,120,running,0.00,0,0,0,0,0
1779747291650,-4807,6004,6367,3743,-3810,1482,running,0.00,0,0,0,0,0
1779747291651,-6015,-6730,8341,4246,-3725,446,running,0.00,0,0,0,0,0
1779747291679,-6360,-9894,8941,3977,-3445,194,running,0.00,0,0,0,0,0
1779747291680,-8950,-7517,9083,3706,-3373,73,running,0.00,0,0,0,0,0
1779747291680,-9420,-9690,7689,3621,-3167,-380,running,0.00,0,0,0,0,0
1779747291709,-10412,-10315,7853,3134,-3200,-654,running,0.00,0,0,0,0,0
1779747291710,-10841,-11203,6950,2534,-3310,-1012,running,0.00,0,0,0,0,0
1779747291711,-12615,-12141,8375,1849,-3443,-1351,running,0.00,0,0,0,0,0
1779747291739,-17142,-8612,9074,1431,-3063,-1152,running,0.00,0,0,0,0,0
1779747291740,-18951,-4140,4853,1323,-2404,-783,running,0.00,0,0,0,0,0
1779747291740,-19125,-903,5868,1103,-2207,-958,running,0.00,0,0,0,0,0
1779747291770,-16527,-8419,9529,810,-1935,-2036,running,0.00,0,0,0,0,0
1779747291771,-23381,-12072,12532,-153,-1276,-2752,running,0.00,0,0,0,0,0
1779747291771,-16462,-5700,6816,-695,-453,-3188,running,0.00,0,0,0,0,0
1779747291799,-12785,-4550,6959,-988,-741,-2940,running,0.00,0,0,0,0,0
1779747291800,-13409,-3970,6387,-1484,-524,-2747,running,0.00,0,0,0,0,0
1779747291800,-13359,-508,3984,-1636,75,-2797,running,0.00,0,0,0,0,0
1779747291829,-14051,4793,4137,-1526,795,-2578,running,0.00,0,0,0,0,0
1779747291830,-15703,9056,7941,-1176,1516,-2583,running,0.00,0,0,0,0,0
1779747291831,-16785,11470,10142,-890,2284,-2759,running,0.00,0,0,0,0,0
1779747291863,-17915,8901,12352,-1176,2620,-3061,running,0.00,0,0,0,0,0
1779747291864,-20169,8971,13043,-1895,2454,-3285,running,0.00,0,0,0,0,0
1779747291865,-26137,18145,12936,-2884,2281,-3498,running,0.00,0,0,0,0,0
1779747291889,-31009,32140,7085,-4058,2411,-3776,running,0.00,0,0,0,0,0
1779747291890,-32768,32767,-1976,-4741,2347,-4046,running,0.00,0,0,0,0,0
1779747291890,-32768,32563,-2832,-4274,1852,-3700,running,0.00,0,0,0,0,0
1779747291926,-32741,32725,-2783,-3500,1880,-3196,running,0.00,0,0,0,0,0
1779747291926,-29512,32554,-3895,-2774,2116,-2715,running,0.00,0,0,0,0,0
1779747291927,-27699,30842,-4506,-2741,1657,-2475,running,0.00,0,0,0,0,0
1779747291949,-20552,31687,-2470,-3031,2157,-2893,running,0.00,0,0,0,0,0
1779747291950,-14330,23696,-7689,-3814,1063,-3339,running,0.00,0,0,0,0,0
1779747291950,-2528,12953,11186,-4991,1039,-2986,running,0.00,0,0,0,0,0
1779747291981,4633,29359,-11725,-2904,2851,-683,running,0.00,0,0,0,0,0
1779747291982,9394,30172,-7754,-2891,1278,-877,running,0.00,0,0,0,0,0
1779747291983,10951,24690,-2410,-3689,600,-1394,running,0.00,0,0,0,0,0
1779747292010,12706,26554,-6275,-3452,734,-1120,running,0.00,0,0,0,0,0
1779747292010,15308,20411,-5963,-3187,507,-820,running,0.00,0,0,0,0,0
1779747292011,8822,23602,-8085,-3396,569,-367,running,0.00,0,0,0,0,0
1779747292042,8654,21968,-10523,-2323,515,281,running,0.00,0,0,0,0,0
1779747292042,10884,16455,-9466,-1873,572,893,running,0.00,0,0,0,0,0
1779747292043,8313,14679,-9198,-1989,547,1271,running,0.00,0,0,0,0,0
1779747292069,7865,13387,-8263,-1875,603,1442,running,0.00,0,0,0,0,0
1779747292070,3158,12797,-7080,-1805,789,1524,running,0.00,0,0,0,0,0
1779747292070,2349,17528,-7592,-1869,938,867,running,0.00,0,0,0,0,0
1779747292101,5753,6418,-6637,-1609,387,-1066,running,0.00,0,0,0,0,0
1779747292102,14809,7136,-5065,-1717,241,-189,running,0.00,0,0,0,0,0
1779747292103,16098,14877,-4503,-1182,279,1470,running,0.00,0,0,0,0,0
1779747292134,10278,12507,-2158,-533,416,2312,running,0.00,0,0,0,0,0
1779747292135,5775,12398,302,1205,666,3371,running,0.00,0,0,0,0,0
1779747292137,6776,9038,2976,1315,535,3310,running,0.00,0,0,0,0,0
1779747292160,7969,7289,5247,1169,408,3360,running,0.00,0,0,0,0,0
1779747292190,11244,7688,6836,919,205,3307,running,0.00,0,0,0,0,0
1779747292190,12544,9312,7373,735,-192,3292,running,0.00,0,0,0,0,0
1779747292191,11034,11786,7372,550,-720,3322,running,0.00,0,0,0,0,0
1779747292191,9210,14353,8061,337,-1306,3354,running,0.00,0,0,0,0,0
1779747292194,6927,17093,9305,226,-1838,3409,running,0.00,0,0,0,0,0
1779747292220,5592,20720,10819,313,-2237,3406,running,0.00,0,0,0,0,0
1779747292220,5989,25242,12706,498,-2615,3329,running,0.00,0,0,0,0,0
1779747292221,6001,31489,16657,691,-3049,3311,running,0.00,0,0,0,0,0
1779747292250,5143,32767,19953,973,-3346,3218,running,0.00,0,0,0,0,0
1779747292250,3839,32719,20262,1022,-3827,3073,running,0.00,0,0,0,0,0
1779747292251,-4442,32726,24119,591,-4537,3075,running,0.00,0,0,0,0,0
1779747292280,-17682,32767,28196,595,-4831,3374,running,0.00,0,0,0,0,0
1779747292281,-27521,32767,28214,975,-4605,3623,running,0.00,0,0,0,0,0
1779747292281,-32668,32766,26852,1394,-4387,3448,running,0.00,0,0,0,0,0
1779747292310,-32317,32743,18933,1909,-4125,1791,running,0.00,0,0,0,0,0
1779747292310,-29270,32732,18630,1775,-4256,2889,running,0.00,0,0,0,0,0
1779747292311,-27985,32767,14787,2663,-3611,4669,running,0.00,0,0,0,0,0
1779747292340,-23043,31756,11480,2250,-3653,4158,running,0.00,0,0,0,0,0
1779747292341,-29739,24262,11975,1570,-3504,3512,running,0.00,0,0,0,0,0
1779747292341,-28181,18411,6016,1200,-3074,2795,running,0.00,0,0,0,0,0
1779747292369,-18992,9476,2643,564,-3019,2171,running,0.00,0,0,0,0,0
1779747292375,-18898,14404,1553,-257,-3232,2101,running,0.00,0,0,0,0,0
1779747292375,-18768,14155,-442,313,-3173,1541,running,0.00,0,0,0,0,0
1779747292399,-18013,2872,-496,1091,-2778,969,running,0.00,0,0,0,0,0
1779747292400,-14902,-595,839,762,-2161,443,running,0.00,0,0,0,0,0
1779747292401,-13398,495,-5394,811,-2207,-184,running,0.00,0,0,0,0,0
1779747292429,-12253,-2026,-1705,1142,-2301,-500,running,0.00,0,0,0,0,0
1779747292430,-11258,-4052,-1728,1183,-2070,-742,running,0.00,0,0,0,0,0
1779747292433,-11753,-5299,-1357,1059,-1979,-1155,running,0.00,0,0,0,0,0
1779747292459,-10818,-6368,-1410,871,-1867,-1629,running,0.00,0,0,0,0,0
1779747292460,-13065,-5513,-1188,677,-1983,-1831,running,0.00,0,0,0,0,0
1779747292460,-14008,-5915,281,777,-1684,-1930,running,0.00,0,0,0,0,0
1779747292493,-14411,-7699,1809,707,-1221,-1910,running,0.00,0,0,0,0,0
1779747292493,-14170,-6424,72,540,-964,-1897,running,0.00,0,0,0,0,0
1779747292494,-14956,-5403,1672,393,-804,-2135,running,0.00,0,0,0,0,0
1779747292522,-15766,-4544,2693,172,-603,-2518,running,0.00,0,0,0,0,0
1779747292523,-15267,-3851,4807,128,-98,-2767,running,0.00,0,0,0,0,0
1779747292523,-14595,-2872,4820,121,432,-2907,running,0.00,0,0,0,0,0
1779747292551,-12841,-3555,5516,-34,853,-3021,running,0.00,0,0,0,0,0
1779747292552,-8120,-2386,3830,-246,1054,-3063,running,0.00,0,0,0,0,0
1779747292552,-9788,-2898,6870,-685,1053,-3090,running,0.00,0,0,0,0,0
1779747292579,-14993,-1945,10493,-1164,1436,-3092,running,0.00,0,0,0,0,0
1779747292580,-14610,1029,9457,-1431,2280,-3160,running,0.00,0,0,0,0,0
1779747292581,-9680,2696,6917,-1664,2823,-3190,running,0.00,0,0,0,0,0
1779747292611,-4811,5638,6769,-1785,3052,-3057,running,0.00,0,0,0,0,0
1779747292612,-9838,9878,9249,-1846,3235,-2988,running,0.00,0,0,0,0,0
1779747292613,-12590,9942,13095,-2175,3607,-3467,running,0.00,0,0,0,0,0
1779747292644,-13610,14060,11259,-2616,3909,-3675,running,0.00,0,0,0,0,0
1779747292645,-16051,20401,11426,-2998,3773,-3662,running,0.00,0,0,0,0,0
1779747292651,-17590,28542,7185,-3487,3565,-3695,running,0.00,0,0,0,0,0
1779747292670,-23026,32767,5877,-3761,3144,-3666,running,0.00,0,0,0,0,0
1779747292671,-30648,32767,8096,-3530,2799,-3595,running,0.00,0,0,0,0,0
1779747292671,-32768,32671,10254,-2985,2595,-3359,running,0.00,0,0,0,0,0
1779747292699,-32768,32767,8490,-2307,2615,-2867,running,0.00,0,0,0,0,0
1779747292700,-32035,32767,7140,-1536,2684,-2398,running,0.00,0,0,0,0,0
1779747292700,-24784,32765,5015,-1173,2691,-2090,running,0.00,0,0,0,0,0
1779747292730,-15185,32767,3716,-1340,2416,-1866,running,0.00,0,0,0,0,0
1779747292731,-8497,32705,3379,-1762,2066,-1557,running,0.00,0,0,0,0,0
1779747292731,-4338,31690,2723,-2169,1792,-1147,running,0.00,0,0,0,0,0
1779747292759,-118,29117,2088,-2641,1538,-939,running,0.00,0,0,0,0,0
1779747292761,3510,28188,2439,-3015,1465,-697,running,0.00,0,0,0,0,0
1779747292761,4115,29465,-716,-2925,1569,-411,running,0.00,0,0,0,0,0
1779747292790,7013,28182,-1722,-2771,1411,-368,running,0.00,0,0,0,0,0
1779747292791,7509,26178,-2417,-2513,1298,-111,running,0.00,0,0,0,0,0
1779747292792,9419,23832,-4560,-2058,1277,184,running,0.00,0,0,0,0,0
1779747292819,7789,20846,-5238,-1509,1271,669,running,0.00,0,0,0,0,0
1779747292820,4353,15322,-4270,-1514,1108,829,running,0.00,0,0,0,0,0
1779747292820,6458,13709,-7164,-1086,1308,1024,running,0.00,0,0,0,0,0
1779747292852,8497,11846,-7728,-491,1325,1346,running,0.00,0,0,0,0,0
1779747292852,8726,8323,-7085,-201,1288,1688,running,0.00,0,0,0,0,0
1779747292853,8411,4249,-5783,20,1260,1756,running,0.00,0,0,0,0,0
1779747292880,8950,2900,-5297,152,1277,1686,running,0.00,0,0,0,0,0
1779747292880,8961,1779,-4042,165,1052,1561,running,0.00,0,0,0,0,0
1779747292881,9650,2649,-4368,192,1064,1624,running,0.00,0,0,0,0,0
1779747292911,9357,2603,-3033,456,989,1692,running,0.00,0,0,0,0,0
1779747292911,8185,1911,-1653,640,1025,1723,running,0.00,0,0,0,0,0
1779747292912,9327,1650,-1080,859,1112,1740,running,0.00,0,0,0,0,0
1779747292939,9968,-283,179,878,955,1655,running,0.00,0,0,0,0,0
1779747292969,9708,-943,1041,694,866,1577,running,0.00,0,0,0,0,0
1779747292969,9313,-752,1988,551,805,1573,running,0.00,0,0,0,0,0
1779747292970,8987,149,2001,293,745,1617,running,0.00,0,0,0,0,0
1779747292971,8285,1255,1814,78,572,1664,running,0.00,0,0,0,0,0
1779747292971,8860,921,2650,-146,300,1649,running,0.00,0,0,0,0,0
1779747292999,9161,2252,1981,-383,98,1809,running,0.00,0,0,0,0,0
1779747292999,7966,4492,1640,-455,-177,1969,running,0.00,0,0,0,0,0
1779747293000,6393,6660,2507,-322,-421,2008,running,0.00,0,0,0,0,0
1779747293029,5715,8008,2954,-167,-633,2008,running,0.00,0,0,0,0,0
1779747293029,6231,8877,3200,52,-875,2148,running,0.00,0,0,0,0,0
1779747293030,7229,8720,4014,354,-1159,2288,running,0.00,0,0,0,0,0
1779747293059,9458,9596,6271,473,-1538,2296,running,0.00,0,0,0,0,0
1779747293062,12586,13929,8497,242,-1986,2280,running,0.00,0,0,0,0,0
1779747293063,15490,23578,9882,-208,-2461,2279,running,0.00,0,0,0,0,0
1779747293090,18243,32767,8405,-911,-2792,2149,running,0.00,0,0,0,0,0
1779747293091,18576,32767,4799,-1430,-2961,1750,running,0.00,0,0,0,0,0
1779747293091,15209,32598,6591,-1693,-3257,1209,running,0.00,0,0,0,0,0
1779747293119,-3395,32761,14489,-1356,-3595,985,running,0.00,0,0,0,0,0
1779747293121,-18388,32767,18232,-250,-3514,1253,running,0.00,0,0,0,0,0
1779747293122,-29625,32764,16438,-104,-4124,1563,running,0.00,0,0,0,0,0
1779747293149,-30367,32766,13169,838,-3981,2356,running,0.00,0,0,0,0,0
1779747293150,-27203,32344,10755,1555,-3742,3103,running,0.00,0,0,0,0,0
1779747293150,-13079,32199,-2816,884,-3918,3313,running,0.00,0,0,0,0,0
1779747293180,-12419,31839,6280,114,-4807,3182,running,0.00,0,0,0,0,0
1779747293180,-11620,28455,3566,-749,-4279,2899,running,0.00,0,0,0,0,0
1779747293180,-16516,26044,-283,-1017,-4212,2372,running,0.00,0,0,0,0,0
1779747293209,-19782,20665,2167,-650,-4204,1513,running,0.00,0,0,0,0,0
1779747293211,-20724,16988,1113,-103,-3727,889,running,0.00,0,0,0,0,0
1779747293211,-16951,14365,-2352,979,-3167,366,running,0.00,0,0,0,0,0
1779747293245,-8190,3630,-443,2087,-3055,-455,running,0.00,0,0,0,0,0
1779747293245,-6085,593,-1339,2056,-2980,-724,running,0.00,0,0,0,0,0
1779747293246,-6614,-2377,395,1986,-2952,-1030,running,0.00,0,0,0,0,0
1779747293269,-5513,-5108,319,1729,-2844,-1346,running,0.00,0,0,0,0,0
1779747293270,-4965,-7238,1495,1413,-2845,-1588,running,0.00,0,0,0,0,0
1779747293270,-6259,-8729,4152,1017,-2873,-1724,running,0.00,0,0,0,0,0
1779747293300,-8492,-9057,6221,528,-2804,-1784,running,0.00,0,0,0,0,0
1779747293301,-13502,-10949,7986,-90,-2748,-1756,running,0.00,0,0,0,0,0
1779747293302,-16780,-10603,7110,-470,-2445,-1888,running,0.00,0,0,0,0,0
1779747293329,-18407,-9433,8845,-313,-2167,-2040,running,0.00,0,0,0,0,0
1779747293330,-19533,-8306,8806,-436,-1870,-2036,running,0.00,0,0,0,0,0
1779747293330,-18220,-8078,9380,-418,-1332,-2224,running,0.00,0,0,0,0,0
1779747293360,-14745,-5857,8479,-150,-647,-2362,running,0.00,0,0,0,0,0
1779747293361,-12576,-3189,8045,53,-43,-2433,running,0.00,0,0,0,0,0
1779747293361,-11967,-1046,7795,419,601,-2482,running,0.00,0,0,0,0,0
1779747293389,-12398,-657,8298,695,1178,-2621,running,0.00,0,0,0,0,0
1779747293390,-12987,498,7980,842,1785,-2717,running,0.00,0,0,0,0,0
1779747293391,-13574,567,6705,810,2207,-2931,running,0.00,0,0,0,0,0
1779747293420,-12686,-2082,8315,464,2481,-3046,running,0.00,0,0,0,0,0
1779747293421,-13477,-2905,7668,82,2862,-2761,running,0.00,0,0,0,0,0
1779747293422,-13692,-427,6626,-431,3211,-2527,running,0.00,0,0,0,0,0
1779747293449,-15581,4700,6509,-1442,3588,-2844,running,0.00,0,0,0,0,0
1779747293450,-17805,15791,13573,-2370,4050,-2964,running,0.00,0,0,0,0,0
1779747293450,-20604,31140,13420,-2908,4754,-3032,running,0.00,0,0,0,0,0
1779747293480,-19603,32767,5892,-3292,5022,-3626,running,0.00,0,0,0,0,0
1779747293481,-20653,32599,4186,-3583,4421,-4141,running,0.00,0,0,0,0,0
1779747293481,-24402,32702,5217,-3788,3624,-4088,running,0.00,0,0,0,0,0
1779747293509,-28236,32767,4321,-4435,3062,-3191,running,0.00,0,0,0,0,0
1779747293510,-25892,32766,2794,-4668,2670,-1963,running,0.00,0,0,0,0,0
1779747293513,-16211,32765,2201,-4135,2313,-1172,running,0.00,0,0,0,0,0
1779747293541,-9163,32767,2327,-3839,1799,-863,running,0.00,0,0,0,0,0
1779747293541,-6521,32767,2043,-3972,919,-1108,running,0.00,0,0,0,0,0
1779747293541,-3970,31472,2663,-3973,153,-1355,running,0.00,0,0,0,0,0
1779747293568,-428,27360,-2376,-3472,628,-1336,running,0.00,0,0,0,0,0
1779747293568,6702,26303,-7075,-2983,194,-1163,running,0.00,0,0,0,0,0
1779747293569,2552,25511,-4319,-2102,-362,-596,running,0.00,0,0,0,0,0
1779747293598,561,22740,-7576,-844,417,-152,running,0.00,0,0,0,0,0
1779747293600,4573,18088,-9023,-167,579,-261,running,0.00,0,0,0,0,0
1779747293600,8213,15185,-8412,-63,-17,-272,running,0.00,0,0,0,0,0
1779747293628,4346,11661,-7305,180,-502,-134,running,0.00,0,0,0,0,0
1779747293629,3507,9414,-7814,540,197,218,running,0.00,0,0,0,0,0
1779747293629,8202,8424,-8942,656,74,320,running,0.00,0,0,0,0,0
1779747293659,5475,3839,-5981,930,-620,433,running,0.00,0,0,0,0,0
1779747293659,6463,3316,-7436,547,-186,549,running,0.00,0,0,0,0,0
1779747293659,7822,3540,-6521,398,-151,550,running,0.00,0,0,0,0,0
1779747293688,7864,2814,-6191,122,-279,606,running,0.00,0,0,0,0,0
1779747293691,7273,2927,-5731,-248,-391,667,running,0.00,0,0,0,0,0
1779747293692,6044,4087,-5404,-144,-288,741,running,0.00,0,0,0,0,0
1779747293719,5806,4338,-4826,18,-211,755,running,0.00,0,0,0,0,0
1779747293720,6017,4095,-4622,118,-204,744,running,0.00,0,0,0,0,0
1779747293720,6207,3858,-4258,169,-293,722,running,0.00,0,0,0,0,0
1779747293750,5900,4572,-3664,346,-340,757,running,0.00,0,0,0,0,0
1779747293750,5153,6268,-2277,682,-329,879,running,0.00,0,0,0,0,0
1779747293750,4144,7987,-1425,963,-345,1024,running,0.00,0,0,0,0,0
1779747293778,3903,8669,-960,1164,-427,1149,running,0.00,0,0,0,0,0
1779747293780,4187,8120,-472,1343,-551,1270,running,0.00,0,0,0,0,0
1779747293780,4764,6983,495,1390,-738,1407,running,0.00,0,0,0,0,0
1779747293810,5240,7476,2797,1305,-1000,1559,running,0.00,0,0,0,0,0
1779747293811,4997,10102,5504,1141,-1294,1747,running,0.00,0,0,0,0,0
1779747293811,5386,14723,7599,927,-1613,1993,running,0.00,0,0,0,0,0
1779747293839,5586,24088,9663,939,-1984,2228,running,0.00,0,0,0,0,0
1779747293839,2902,32767,11207,1293,-2340,2261,running,0.00,0,0,0,0,0
1779747293843,-3361,32767,11719,1833,-2378,1945,running,0.00,0,0,0,0,0
1779747293869,-9728,32587,16797,1987,-2125,1366,running,0.00,0,0,0,0,0
1779747293869,-19899,32767,23732,2353,-1914,850,running,0.00,0,0,0,0,0
1779747293869,-29398,32767,29313,2786,-1667,771,running,0.00,0,0,0,0,0
1779747293912,-32768,32764,29627,2021,-1564,1530,running,0.00,0,0,0,0,0
1779747293912,-32768,30791,25518,1337,-1559,1548,running,0.00,0,0,0,0,0
1779747293912,-31206,22122,14708,-69,-1513,2050,running,0.00,0,0,0,0,0
1779747293931,-21398,23805,13131,-1821,-2099,3203,running,0.00,0,0,0,0,0
1779747293932,-17332,25916,11295,-2772,-2304,2964,running,0.00,0,0,0,0,0
1779747293932,-15420,29571,7242,-2943,-2341,2349,running,0.00,0,0,0,0,0
1779747293959,-14932,30227,4107,-1875,-2427,2310,running,0.00,0,0,0,0,0
1779747293959,-20158,24543,3156,-274,-2414,2284,running,0.00,0,0,0,0,0
1779747293960,-19878,14743,3449,893,-2161,1839,running,0.00,0,0,0,0,0
1779747293988,-14803,11753,-1074,1920,-1710,1556,running,0.00,0,0,0,0,0
1779747293988,-10351,9578,-3255,2563,-1858,1459,running,0.00,0,0,0,0,0
1779747293989,-10516,3974,-1236,2770,-2313,1244,running,0.00,0,0,0,0,0
1779747294020,-12251,2051,582,2749,-2260,988,running,0.00,0,0,0,0,0
1779747294020,-11658,21,-442,3065,-1927,530,running,0.00,0,0,0,0,0
1779747294020,-9722,-3098,-1019,3280,-1860,221,running,0.00,0,0,0,0,0
1779747294048,-8716,-5699,-893,3285,-1953,219,running,0.00,0,0,0,0,0
1779747294049,-8735,-7448,-337,3158,-2084,299,running,0.00,0,0,0,0,0
1779747294049,-8751,-12034,-407,2824,-2238,174,running,0.00,0,0,0,0,0
1779747294078,-12037,-11495,3287,2072,-2417,225,running,0.00,0,0,0,0,0
1779747294079,-14379,-11031,1714,1513,-1981,-125,running,0.00,0,0,0,0,0
1779747294080,-13801,-12752,1441,1260,-1769,-358,running,0.00,0,0,0,0,0
1779747294108,-13861,-11917,3509,833,-1730,-203,running,0.00,0,0,0,0,0
1779747294109,-12829,-13692,3970,501,-1431,410,running,0.00,0,0,0,0,0
1779747294109,-19286,-3362,740,424,-912,1289,running,0.00,0,0,0,0,0
1779747294138,-17446,-2511,4728,569,-690,-144,running,0.00,0,0,0,0,0
1779747294139,-14300,-6076,9393,442,33,-1518,running,0.00,0,0,0,0,0
1779747294139,-10613,-3902,4319,126,1002,-1932,running,0.00,0,0,0,0,0
1779747294174,-11469,-414,6544,-63,1142,-2035,running,0.00,0,0,0,0,0
1779747294174,-13335,5112,7450,-82,1792,-2080,running,0.00,0,0,0,0,0
1779747294176,-12310,6536,4781,-65,2020,-2363,running,0.00,0,0,0,0,0
1779747294198,-13196,8118,6813,-98,1978,-2234,running,0.00,0,0,0,0,0
1779747294198,-14080,13319,7278,-34,2248,-2023,running,0.00,0,0,0,0,0
1779747294200,-12668,12971,11867,-112,2901,-2040,running,0.00,0,0,0,0,0
1779747294228,-12312,19550,573,-450,3947,-1872,running,0.00,0,0,0,0,0
1779747294228,-15427,22043,10691,-1614,3774,-2509,running,0.00,0,0,0,0,0
1779747294230,-4405,31261,5145,-2363,4714,-2812,running,0.00,0,0,0,0,0
1779747294258,1231,32767,1310,-2895,4053,-3056,running,0.00,0,0,0,0,0
1779747294260,-2128,32649,6050,-3607,3166,-2873,running,0.00,0,0,0,0,0
1779747294261,-10760,32711,4660,-3893,3084,-2452,running,0.00,0,0,0,0,0
1779747294288,-16924,32767,869,-3894,2875,-1992,running,0.00,0,0,0,0,0
1779747294289,-15157,32043,-490,-4222,2382,-1666,running,0.00,0,0,0,0,0
1779747294290,-10661,31701,-2268,-4699,2233,-1004,running,0.00,0,0,0,0,0
1779747294320,-6763,32767,-4819,-4512,1787,-898,running,0.00,0,0,0,0,0
1779747294320,-3645,32119,-6891,-3546,1327,-416,running,0.00,0,0,0,0,0
1779747294320,2674,31828,-8666,-2204,1031,-443,running,0.00,0,0,0,0,0
1779747294349,4003,29126,-6726,-962,893,-625,running,0.00,0,0,0,0,0
1779747294349,3125,24467,-5133,-71,968,-705,running,0.00,0,0,0,0,0
1779747294350,3399,22010,-6937,473,1068,-865,running,0.00,0,0,0,0,0
1779747294379,2933,19585,-5888,1140,1035,-948,running,0.00,0,0,0,0,0
1779747294380,4406,15430,-5510,1371,932,-948,running,0.00,0,0,0,0,0
1779747294380,7482,10553,-5587,1267,804,-895,running,0.00,0,0,0,0,0
1779747294408,5785,7908,-4322,892,607,-697,running,0.00,0,0,0,0,0
1779747294409,2405,4990,-4060,175,581,-796,running,0.00,0,0,0,0,0
1779747294409,7167,4611,-6926,-497,633,-754,running,0.00,0,0,0,0,0
1779747294439,8338,6670,-7800,-702,620,-223,running,0.00,0,0,0,0,0
1779747294439,9853,7178,-9161,-365,601,240,running,0.00,0,0,0,0,0
1779747294439,9359,5502,-5815,-47,209,462,running,0.00,0,0,0,0,0
1779747294471,7814,3679,-3907,-221,10,360,running,0.00,0,0,0,0,0
1779747294473,9752,2116,-6343,-442,103,60,running,0.00,0,0,0,0,0
1779747294473,10534,4767,-5941,-150,64,237,running,0.00,0,0,0,0,0
1779747294498,9462,4419,-4471,260,-163,491,running,0.00,0,0,0,0,0
1779747294499,11698,5583,-5372,401,-154,1165,running,0.00,0,0,0,0,0
1779747294499,7223,3656,-3525,496,-348,1450,running,0.00,0,0,0,0,0
1779747294528,6544,67,-2816,419,-423,1185,running,0.00,0,0,0,0,0
1779747294528,8236,932,-2862,121,-388,1065,running,0.00,0,0,0,0,0
1779747294529,7188,3023,-1755,12,-445,1238,running,0.00,0,0,0,0,0
1779747294560,8555,5106,-1690,62,-420,1383,running,0.00,0,0,0,0,0
1779747294560,8156,6398,652,371,-673,1464,running,0.00,0,0,0,0,0
1779747294560,9075,8036,212,453,-864,1598,running,0.00,0,0,0,0,0
1779747294588,7887,9655,1649,629,-1386,1811,running,0.00,0,0,0,0,0
1779747294589,6393,13801,1596,802,-1590,2083,running,0.00,0,0,0,0,0
1779747294590,7219,19373,3405,809,-1596,2257,running,0.00,0,0,0,0,0
1779747294618,9973,26399,5188,1186,-1679,2130,running,0.00,0,0,0,0,0
1779747294618,10832,32767,8699,1393,-1791,1446,running,0.00,0,0,0,0,0
1779747294619,13857,32767,9640,994,-1804,873,running,0.00,0,0,0,0,0
1779747294656,4252,32659,10451,426,-1889,887,running,0.00,0,0,0,0,0
1779747294656,-14667,32761,15195,508,-1949,1055,running,0.00,0,0,0,0,0
1779747294656,-30550,32767,20585,647,-1795,1057,running,0.00,0,0,0,0,0
1779747294681,-32768,32765,14068,597,-781,1172,running,0.00,0,0,0,0,0
1779747294681,-32198,32707,9667,321,-1552,2019,running,0.00,0,0,0,0,0
1779747294681,-23575,28172,8805,-326,-2026,2734,running,0.00,0,0,0,0,0
1779747294708,-8256,27109,7801,-1503,-2626,3161,running,0.00,0,0,0,0,0
1779747294709,-9842,30495,7295,-2609,-3548,3384,running,0.00,0,0,0,0,0
1779747294709,-17904,32593,4432,-2708,-4002,2800,running,0.00,0,0,0,0,0
1779747294739,-19713,29040,2142,-1252,-3950,1829,running,0.00,0,0,0,0,0
1779747294740,-12631,17108,3410,31,-3685,1485,running,0.00,0,0,0,0,0
1779747294740,-14182,15533,2149,532,-3148,1592,running,0.00,0,0,0,0,0
1779747294768,-14140,11553,1652,1650,-3149,846,running,0.00,0,0,0,0,0
1779747294769,-9097,5155,112,2205,-2724,394,running,0.00,0,0,0,0,0
1779747294769,-6339,1393,-1373,2316,-2522,359,running,0.00,0,0,0,0,0
1779747294798,-7671,2283,-1962,2019,-2648,248,running,0.00,0,0,0,0,0
1779747294799,-9623,1007,-686,2063,-2718,-249,running,0.00,0,0,0,0,0
1779747294799,-6909,-4228,-1003,1908,-2606,-739,running,0.00,0,0,0,0,0
1779747294831,-4830,-6131,-1653,1643,-2595,-855,running,0.00,0,0,0,0,0
1779747294831,-7003,-6694,-540,1622,-2568,-880,running,0.00,0,0,0,0,0
1779747294832,-9667,-6504,886,1453,-2639,-1086,running,0.00,0,0,0,0,0
1779747294858,-10123,-9268,3104,1068,-2890,-1425,running,0.00,0,0,0,0,0
1779747294860,-12173,-13586,4157,598,-2688,-1506,running,0.00,0,0,0,0,0
1779747294860,-13114,-14154,4515,147,-1791,-1342,running,0.00,0,0,0,0,0
1779747294895,-12679,-11667,3692,-455,-1553,-1320,running,0.00,0,0,0,0,0
1779747294896,-13814,-9146,4105,-982,-1511,-1531,running,0.00,0,0,0,0,0
1779747294896,-16390,-4611,1978,-1176,-921,-1566,running,0.00,0,0,0,0,0
1779747294918,-15889,1765,5364,-611,-424,-1629,running,0.00,0,0,0,0,0
1779747294920,-14014,2403,3629,-258,373,-1865,running,0.00,0,0,0,0,0
1779747294920,-14583,4362,5672,294,1056,-2005,running,0.00,0,0,0,0,0
1779747294949,-15116,5570,7840,661,1768,-2059,running,0.00,0,0,0,0,0
1779747294949,-15865,5216,7957,708,2381,-2064,running,0.00,0,0,0,0,0
1779747294950,-20339,6218,10958,586,2936,-2116,running,0.00,0,0,0,0,0
1779747294978,-18336,6801,9305,36,3513,-2183,running,0.00,0,0,0,0,0
1779747294978,-20566,12224,7935,-652,3821,-1828,running,0.00,0,0,0,0,0
1779747294979,-21023,18678,10169,-1146,4146,-1637,running,0.00,0,0,0,0,0
1779747295009,-19131,25726,12253,-1600,4507,-1620,running,0.00,0,0,0,0,0
1779747295009,-20877,32413,13996,-2037,4830,-1887,running,0.00,0,0,0,0,0
1779747295009,-15940,32767,9113,-2403,4981,-2693,running,0.00,0,0,0,0,0
1779747295038,-11282,32709,4677,-2555,4552,-2778,running,0.00,0,0,0,0,0
1779747295039,-12584,32758,656,-2669,3890,-2469,running,0.00,0,0,0,0,0
1779747295039,-15670,32767,106,-2367,3237,-1932,running,0.00,0,0,0,0,0
1779747295068,-13859,32766,-927,-1873,2834,-1449,running,0.00,0,0,0,0,0
1779747295070,-10301,32767,-1930,-1308,2426,-1223,running,0.00,0,0,0,0,0
1779747295070,-8124,32767,-2701,-1106,2073,-1093,running,0.00,0,0,0,0,0
1779747295100,-9072,30976,-1892,-1375,1702,-1008,running,0.00,0,0,0,0,0
1779747295100,-5433,27330,-5383,-1525,1712,-1126,running,0.00,0,0,0,0,0
1779747295100,-361,23450,-6866,-1866,1319,-1538,running,0.00,0,0,0,0,0
1779747295128,1910,21895,-5186,-2003,1028,-1561,running,0.00,0,0,0,0,0
1779747295129,6294,20298,-6276,-1829,1483,-1242,running,0.00,0,0,0,0,0
1779747295129,7771,17781,-7503,-1994,1779,-1027,running,0.00,0,0,0,0,0
1779747295159,9110,19220,-8874,-1895,1753,-670,running,0.00,0,0,0,0,0
1779747295189,4483,16127,-5320,-1432,1716,-325,running,0.00,0,0,0,0,0
1779747295189,4810,11085,-5691,-1334,2210,-557,running,0.00,0,0,0,0,0
1779747295189,7120,9953,-5995,-1513,2770,-774,running,0.00,0,0,0,0,0
1779747295190,11825,6669,-7396,-1424,3032,-898,running,0.00,0,0,0,0,0
1779747295190,17123,6882,-5454,-1192,2233,-461,running,0.00,0,0,0,0,0
1779747295218,16666,6519,-5435,-977,1433,-50,running,0.00,0,0,0,0,0
1779747295218,15268,5106,-3950,-454,977,86,running,0.00,0,0,0,0,0
1779747295219,15743,2750,-3819,-24,913,213,running,0.00,0,0,0,0,0
1779747295248,16360,-76,-3171,51,757,285,running,0.00,0,0,0,0,0
1779747295248,16658,-418,-2276,78,547,550,running,0.00,0,0,0,0,0
1779747295249,15520,-1615,-2577,109,265,712,running,0.00,0,0,0,0,0
1779747295278,16819,-1165,-2151,105,118,754,running,0.00,0,0,0,0,0
1779747295278,13457,-1490,17,-107,-186,879,running,0.00,0,0,0,0,0
1779747295281,14036,-937,-339,-197,-448,1023,running,0.00,0,0,0,0,0
1779747295308,14875,686,7,-265,-848,1223,running,0.00,0,0,0,0,0
1779747295309,12673,2514,1182,-72,-1229,1395,running,0.00,0,0,0,0,0
1779747295309,12029,4277,1572,193,-1618,1508,running,0.00,0,0,0,0,0
1779747295338,10043,8003,1575,292,-2054,1658,running,0.00,0,0,0,0,0
1779747295338,7806,14372,1846,450,-2513,1807,running,0.00,0,0,0,0,0
1779747295340,5635,22720,2550,590,-2872,2042,running,0.00,0,0,0,0,0
1779747295368,4892,31806,3240,639,-2969,2363,running,0.00,0,0,0,0,0
1779747295368,5134,32767,3228,970,-3056,2628,running,0.00,0,0,0,0,0
1779747295369,3112,32665,980,1562,-3185,2728,running,0.00,0,0,0,0,0
1779747295398,-3132,32728,1462,2061,-3028,2589,running,0.00,0,0,0,0,0
1779747295400,-11910,32767,5063,2317,-2583,2273,running,0.00,0,0,0,0,0
1779747295400,-27378,32766,10662,1519,-2055,2879,running,0.00,0,0,0,0,0
1779747295428,-30188,32767,8893,198,-2023,3613,running,0.00,0,0,0,0,0
1779747295459,-26176,32579,3566,-1810,-2385,3027,running,0.00,0,0,0,0,0
1779747295461,-17869,29567,4802,-2729,-3131,2320,running,0.00,0,0,0,0,0
1779747295461,-15429,31144,575,-3319,-3332,2951,running,0.00,0,0,0,0,0
1779747295461,-16884,32767,-382,-2732,-3528,3042,running,0.00,0,0,0,0,0
1779747295462,-20229,31563,1063,-1601,-3329,2311,running,0.00,0,0,0,0,0
1779747295488,-18837,21310,-1081,-32,-2628,1248,running,0.00,0,0,0,0,0
1779747295488,-10977,14032,-5017,380,-2852,692,running,0.00,0,0,0,0,0
1779747295489,-14169,17237,2424,790,-3791,137,running,0.00,0,0,0,0,0
1779747295519,-9707,3930,-922,2397,-1611,-573,running,0.00,0,0,0,0,0
1779747295519,236,-1331,-6959,2730,-863,-147,running,0.00,0,0,0,0,0
1779747295520,-1836,-1086,-1424,2446,-1414,566,running,0.00,0,0,0,0,0
1779747295548,-4155,134,-2176,2529,-2051,872,running,0.00,0,0,0,0,0
1779747295549,-7463,-5560,1953,2489,-1963,412,running,0.00,0,0,0,0,0
1779747295549,-7309,-4580,-1161,2061,-1706,-151,running,0.00,0,0,0,0,0
1779747295579,-7989,-9337,983,1327,-2039,-1194,running,0.00,0,0,0,0,0
1779747295580,-6962,-11224,2643,327,-1894,-1762,running,0.00,0,0,0,0,0
1779747295580,-6677,-6487,257,193,-1521,-1658,running,0.00,0,0,0,0,0
1779747295608,-7776,-6628,1390,393,-1536,-1698,running,0.00,0,0,0,0,0
1779747295608,-7651,-7723,2503,395,-1437,-1761,running,0.00,0,0,0,0,0
1779747295609,-10823,-8692,4332,532,-978,-1721,running,0.00,0,0,0,0,0
1779747295638,-9624,-5058,3845,804,-204,-1643,running,0.00,0,0,0,0,0
1779747295639,-10059,-6493,4698,1134,328,-1873,running,0.00,0,0,0,0,0
1779747295640,-10157,-6204,6685,1194,838,-2047,running,0.00,0,0,0,0,0
1779747295668,-11669,-7974,7251,909,1474,-2515,running,0.00,0,0,0,0,0
1779747295668,-10538,-3571,6362,637,2107,-2803,running,0.00,0,0,0,0,0
1779747295669,-13849,72,5749,315,2533,-2936,running,0.00,0,0,0,0,0
1779747295707,-14217,3529,4750,-17,2949,-2970,running,0.00,0,0,0,0,0
1779747295707,-17079,9481,5065,-87,3274,-2801,running,0.00,0,0,0,0,0
1779747295707,-19685,15095,6354,23,3603,-2664,running,0.00,0,0,0,0,0
1779747295728,-22312,17957,7541,124,3920,-2448,running,0.00,0,0,0,0,0
1779747295728,-22934,16532,8780,190,4048,-2187,running,0.00,0,0,0,0,0
1779747295729,-24441,21104,10489,-18,4216,-1807,running,0.00,0,0,0,0,0
1779747295758,-25437,28170,12334,-961,4396,-2079,running,0.00,0,0,0,0,0
1779747295759,-19562,32767,5455,-1861,4445,-2095,running,0.00,0,0,0,0,0
1779747295760,-20542,32767,4078,-2664,3892,-2067,running,0.00,0,0,0,0,0
1779747295788,-22859,32660,5269,-3470,3377,-2502,running,0.00,0,0,0,0,0
1779747295788,-22477,32767,2755,-3949,2936,-2510,running,0.00,0,0,0,0,0
1779747295789,-21279,32767,-1581,-4214,2449,-1910,running,0.00,0,0,0,0,0
1779747295819,-18136,32765,-3395,-4363,2060,-1706,running,0.00,0,0,0,0,0
1779747295820,-9411,32767,-4281,-4023,1794,-1680,running,0.00,0,0,0,0,0
1779747295820,-5177,32767,-4096,-3403,1407,-1253,running,0.00,0,0,0,0,0
1779747295848,-5030,31701,-4732,-2759,1253,-1139,running,0.00,0,0,0,0,0
1779747295848,601,29198,-6524,-2273,1186,-1360,running,0.00,0,0,0,0,0
1779747295849,3945,27329,-7026,-2006,832,-1452,running,0.00,0,0,0,0,0
1779747295878,4403,23848,-5865,-1585,731,-1527,running,0.00,0,0,0,0,0
1779747295879,2623,21241,-4780,-1730,585,-1892,running,0.00,0,0,0,0,0
1779747295880,3943,18311,-2047,-1872,704,-2213,running,0.00,0,0,0,0,0
1779747295908,6728,17422,-3817,-1325,1185,-1827,running,0.00,0,0,0,0,0
1779747295908,9497,16240,-5175,-1150,1289,-1491,running,0.00,0,0,0,0,0
1779747295909,9719,13344,-4227,-1409,1072,-1552,running,0.00,0,0,0,0,0
1779747295938,7428,10048,-3744,-1587,904,-1813,running,0.00,0,0,0,0,0
1779747295939,11535,8159,-3705,-1658,816,-1714,running,0.00,0,0,0,0,0
1779747295940,9777,11127,-6042,-1387,1089,-1104,running,0.00,0,0,0,0,0
1779747295968,11257,9267,-6794,-792,1072,-865,running,0.00,0,0,0,0,0
1779747295968,16454,5393,-4162,-964,340,-787,running,0.00,0,0,0,0,0
1779747295969,15195,3771,-3530,-762,-375,-680,running,0.00,0,0,0,0,0
1779747295998,12866,5330,-6394,-37,-315,-294,running,0.00,0,0,0,0,0
1779747295999,12649,4614,-4512,210,-297,-33,running,0.00,0,0,0,0,0
1779747296000,11563,4981,-5548,846,-88,200,running,0.00,0,0,0,0,0
1779747296030,11700,1368,-5366,991,-229,27,running,0.00,0,0,0,0,0
1779747296030,10614,658,-5099,1053,-402,-23,running,0.00,0,0,0,0,0
1779747296031,10493,1759,-4836,907,-529,187,running,0.00,0,0,0,0,0
1779747296059,9503,3248,-4492,640,-844,367,running,0.00,0,0,0,0,0
1779747296059,6768,7509,-3558,571,-1086,566,running,0.00,0,0,0,0,0
1779747296060,4285,12527,-2859,741,-1025,823,running,0.00,0,0,0,0,0
1779747296090,3138,16822,-2065,937,-1058,1095,running,0.00,0,0,0,0,0
1779747296090,-1394,21948,-255,775,-1142,1423,running,0.00,0,0,0,0,0
1779747296090,-1152,27196,1686,963,-1166,1891,running,0.00,0,0,0,0,0
1779747296118,-1564,30020,2986,955,-1311,2493,running,0.00,0,0,0,0,0
1779747296124,-3407,32767,3448,501,-1612,2881,running,0.00,0,0,0,0,0
1779747296124,-4705,32767,2881,546,-1710,2846,running,0.00,0,0,0,0,0
1779747296149,-11697,32704,3406,944,-1615,2875,running,0.00,0,0,0,0,0
1779747296149,-19458,32767,10138,1248,-1582,2606,running,0.00,0,0,0,0,0
1779747296149,-27065,32767,14390,1303,-1320,2506,running,0.00,0,0,0,0,0
1779747296178,-32768,32766,17017,1349,-1132,2961,running,0.00,0,0,0,0,0
1779747296180,-32768,32767,17344,1233,-1167,3357,running,0.00,0,0,0,0,0
1779747296180,-32172,32745,13628,944,-1180,3949,running,0.00,0,0,0,0,0
1779747296210,-24773,27878,9433,-49,-1458,4035,running,0.00,0,0,0,0,0
1779747296210,-20217,29114,4833,-1239,-1990,3913,running,0.00,0,0,0,0,0
1779747296211,-18693,25555,4969,-1652,-2436,3335,running,0.00,0,0,0,0,0
1779747296238,-20349,22788,4551,-1390,-2529,2759,running,0.00,0,0,0,0,0
1779747296240,-18717,19212,1716,-442,-2409,2081,running,0.00,0,0,0,0,0
1779747296240,-14486,13609,-819,632,-2596,1336,running,0.00,0,0,0,0,0
1779747296269,-14164,10890,-1261,1867,-2671,1375,running,0.00,0,0,0,0,0
1779747296269,-11183,7991,-4135,2857,-1603,1598,running,0.00,0,0,0,0,0
1779747296270,-10829,1435,-3557,3358,-1655,1048,running,0.00,0,0,0,0,0
1779747296298,-11727,-1985,-2103,3641,-1785,397,running,0.00,0,0,0,0,0
1779747296298,-7731,-4475,-3484,3800,-1621,-16,running,0.00,0,0,0,0,0
1779747296299,-8602,-6011,-1476,3671,-1637,-372,running,0.00,0,0,0,0,0
1779747296328,-8903,-8659,-1529,3609,-1528,-541,running,0.00,0,0,0,0,0
1779747296329,-9722,-11460,-946,3223,-1502,-614,running,0.00,0,0,0,0,0
1779747296330,-11203,-13275,860,2478,-1523,-817,running,0.00,0,0,0,0,0
1779747296358,-12455,-12975,1916,1682,-1363,-1078,running,0.00,0,0,0,0,0
1779747296358,-13103,-11660,1846,1102,-1084,-1341,running,0.00,0,0,0,0,0
1779747296359,-12908,-10449,2302,424,-1001,-1578,running,0.00,0,0,0,0,0
1779747296388,-13980,-8263,3286,-93,-825,-1766,running,0.00,0,0,0,0,0
1779747296389,-13548,-6294,3154,-138,-342,-2004,running,0.00,0,0,0,0,0
1779747296390,-14117,-3622,4465,-114,9,-2113,running,0.00,0,0,0,0,0
1779747296418,-12031,-2880,5774,-64,440,-2191,running,0.00,0,0,0,0,0
1779747296418,-15139,-1,6602,143,1047,-1857,running,0.00,0,0,0,0,0
1779747296419,-17565,1155,8324,266,1457,-1741,running,0.00,0,0,0,0,0
1779747296448,-15684,2211,7912,473,1879,-1596,running,0.00,0,0,0,0,0
1779747296449,-16604,3972,8841,499,2102,-1705,running,0.00,0,0,0,0,0
1779747296450,-18023,6837,10111,272,2161,-2079,running,0.00,0,0,0,0,0
1779747296478,-19031,10598,9842,-192,2392,-2546,running,0.00,0,0,0,0,0
1779747296478,-17270,14161,8442,-565,2706,-2820,running,0.00,0,0,0,0,0
1779747296479,-16699,19561,9180,-807,2896,-2868,running,0.00,0,0,0,0,0
1779747296508,-18822,29049,8509,-893,3105,-3006,running,0.00,0,0,0,0,0
1779747296509,-20043,32767,985,-1475,2682,-3889,running,0.00,0,0,0,0,0
1779747296510,-23438,30939,-976,-2246,2137,-3787,running,0.00,0,0,0,0,0
1779747296538,-27855,32767,-3475,-2684,1712,-3392,running,0.00,0,0,0,0,0
1779747296539,-26783,32767,-6958,-2693,1463,-2765,running,0.00,0,0,0,0,0
1779747296539,-19730,32731,-9846,-2048,1293,-2081,running,0.00,0,0,0,0,0
1779747296568,-17070,32694,-7431,-1230,1117,-1727,running,0.00,0,0,0,0,0
1779747296568,-11782,32665,-10376,-1014,1271,-1560,running,0.00,0,0,0,0,0
1779747296569,-7707,29206,-11973,-1120,1159,-1442,running,0.00,0,0,0,0,0
1779747296598,-4618,24648,-11706,-1638,1111,-1259,running,0.00,0,0,0,0,0
1779747296600,-5441,24300,-11157,-2222,1201,-1663,running,0.00,0,0,0,0,0
1779747296600,-1633,19194,-9504,-2949,1252,-2415,running,0.00,0,0,0,0,0
1779747296628,2950,11104,-8628,-3341,1048,-2367,running,0.00,0,0,0,0,0
1779747296630,7104,16081,-8521,-3590,1051,-1506,running,0.00,0,0,0,0,0
1779747296630,8026,17690,-6259,-3466,1153,-992,running,0.00,0,0,0,0,0
1779747296659,6487,15854,-6103,-3289,1285,-775,running,0.00,0,0,0,0,0
1779747296660,7948,10820,-5306,-3280,1602,-828,running,0.00,0,0,0,0,0
1779747296660,12900,11760,-8814,-3279,1319,-616,running,0.00,0,0,0,0,0
1779747296688,15883,10381,-6107,-2840,715,22,running,0.00,0,0,0,0,0
1779747296688,15468,8179,-4637,-2208,821,587,running,0.00,0,0,0,0,0
1779747296689,16027,8151,-5517,-1367,1022,1039,running,0.00,0,0,0,0,0
1779747296719,16974,3130,-5494,-968,760,999,running,0.00,0,0,0,0,0
1779747296720,15871,653,-4589,-889,609,1012,running,0.00,0,0,0,0,0
1779747296720,15334,3963,-4238,-676,692,1225,running,0.00,0,0,0,0,0
1779747296748,14758,3925,-3951,-43,666,1325,running,0.00,0,0,0,0,0
1779747296748,14538,3277,-2655,371,662,1436,running,0.00,0,0,0,0,0
1779747296749,13507,2977,-1806,903,596,1543,running,0.00,0,0,0,0,0
1779747296779,13549,2096,-994,1342,462,1627,running,0.00,0,0,0,0,0
1779747296779,10995,3802,724,1407,246,1694,running,0.00,0,0,0,0,0
1779747296780,10216,1158,2484,1535,291,1537,running,0.00,0,0,0,0,0
1779747296808,14723,641,4431,775,-58,1768,running,0.00,0,0,0,0,0
1779747296808,10955,9509,4790,447,-875,2114,running,0.00,0,0,0,0,0
1779747296809,4725,12334,4810,1139,-1483,1986,running,0.00,0,0,0,0,0
1779747296838,6085,16094,3970,876,-1928,1974,running,0.00,0,0,0,0,0
1779747296839,3767,20733,3779,764,-2486,2257,running,0.00,0,0,0,0,0
1779747296840,-955,26695,4203,657,-2976,2599,running,0.00,0,0,0,0,0
1779747296868,-4156,32767,2107,555,-3237,2869,running,0.00,0,0,0,0,0
1779747296868,-6850,32767,-2020,572,-3414,2978,running,0.00,0,0,0,0,0
1779747296869,-10798,32649,-4834,768,-3374,2808,running,0.00,0,0,0,0,0
1779747296898,-17189,32765,-4788,1546,-3166,2351,running,0.00,0,0,0,0,0
1779747296900,-24409,32767,-2334,2163,-2802,2009,running,0.00,0,0,0,0,0
1779747296900,-30693,32765,2194,2041,-2558,2317,running,0.00,0,0,0,0,0
1779747296928,-32768,32736,2644,1263,-2460,3153,running,0.00,0,0,0,0,0
1779747296929,-31925,31160,1373,283,-2554,3437,running,0.00,0,0,0,0,0
1779747296929,-22854,24387,-1211,-1208,-2541,2873,running,0.00,0,0,0,0,0
1779747296959,-21280,27710,-3616,-1861,-2769,2509,running,0.00,0,0,0,0,0
1779747296960,-15906,32767,-6836,-1778,-2919,2976,running,0.00,0,0,0,0,0
1779747296960,-19315,28165,-2426,-1156,-2932,2452,running,0.00,0,0,0,0,0
1779747296988,-15840,23235,-4620,-285,-2448,1687,running,0.00,0,0,0,0,0
1779747296988,-10968,20228,-6469,563,-2431,1360,running,0.00,0,0,0,0,0
1779747296989,-9384,13341,-5021,1484,-2515,1514,running,0.00,0,0,0,0,0
1779747297018,-10822,8053,-1196,1739,-2407,1577,running,0.00,0,0,0,0,0
1779747297019,-9792,6979,-1867,1947,-1987,997,running,0.00,0,0,0,0,0
1779747297020,-4715,5311,-1951,2465,-1888,511,running,0.00,0,0,0,0,0
1779747297049,-2657,-96,418,2510,-1704,255,running,0.00,0,0,0,0,0
1779747297049,-4037,-3105,1718,2251,-1529,114,running,0.00,0,0,0,0,0
1779747297049,-5303,-4033,3192,1939,-1417,-145,running,0.00,0,0,0,0,0
1779747297079,-4862,-6725,4675,1470,-1321,-389,running,0.00,0,0,0,0,0
1779747297080,-7189,-7803,4592,932,-1326,-499,running,0.00,0,0,0,0,0
1779747297080,-10500,-8400,5889,593,-1461,-674,running,0.00,0,0,0,0,0
1779747297108,-12009,-10611,8526,261,-1596,-957,running,0.00,0,0,0,0,0
1779747297109,-14306,-14748,12325,-315,-1071,-1022,running,0.00,0,0,0,0,0
1779747297109,-13216,-9569,8310,-801,-137,-841,running,0.00,0,0,0,0,0
1779747297139,-13496,-8312,9106,-610,-164,-1193,running,0.00,0,0,0,0,0
1779747297140,-12714,-7875,9594,-697,201,-1337,running,0.00,0,0,0,0,0
1779747297140,-11324,-4553,8736,-419,764,-1502,running,0.00,0,0,0,0,0
1779747297170,-12151,-3133,9393,-28,1265,-1835,running,0.00,0,0,0,0,0
1779747297170,-14815,-2483,8389,145,1922,-2093,running,0.00,0,0,0,0,0
1779747297171,-14496,-1660,7466,285,2261,-2399,running,0.00,0,0,0,0,0
1779747297199,-13281,-357,7565,69,2562,-3063,running,0.00,0,0,0,0,0
1779747297200,-15622,1212,7823,-322,2944,-3595,running,0.00,0,0,0,0,0
1779747297200,-13254,6276,7465,-790,3181,-3675,running,0.00,0,0,0,0,0
1779747297230,-17144,15868,10436,-1222,3374,-3637,running,0.00,0,0,0,0,0
1779747297230,-20064,25783,10569,-1613,3719,-3903,running,0.00,0,0,0,0,0
1779747297231,-19776,29229,6054,-2255,3576,-3975,running,0.00,0,0,0,0,0
1779747297259,-24026,32767,3879,-2924,2997,-3752,running,0.00,0,0,0,0,0
1779747297260,-30350,32767,3205,-3487,2383,-3541,running,0.00,0,0,0,0,0
1779747297260,-30054,32700,-491,-3980,1899,-2893,running,0.00,0,0,0,0,0
1779747297290,-31168,32765,196,-4008,1495,-2033,running,0.00,0,0,0,0,0
1779747297290,-27952,32767,-2287,-3568,1673,-1874,running,0.00,0,0,0,0,0
1779747297291,-17487,32766,-4485,-2832,1774,-1846,running,0.00,0,0,0,0,0
1779747297319,-11149,32767,-4031,-1857,1605,-1346,running,0.00,0,0,0,0,0
1779747297320,-9491,32760,-2251,-1307,1459,-1051,running,0.00,0,0,0,0,0
1779747297320,-4395,30517,-2615,-1394,1444,-1182,running,0.00,0,0,0,0,0
1779747297349,-752,25624,-3101,-1753,1330,-1261,running,0.00,0,0,0,0,0
1779747297349,347,21755,-3556,-2345,1190,-1443,running,0.00,0,0,0,0,0
1779747297349,2091,20593,-3902,-2965,1070,-1524,running,0.00,0,0,0,0,0
1779747297378,4814,21229,-4937,-3083,1079,-1240,running,0.00,0,0,0,0,0
1779747297380,7846,20972,-5583,-2969,1045,-915,running,0.00,0,0,0,0,0
1779747297380,9190,19507,-5848,-2869,944,-638,running,0.00,0,0,0,0,0
1779747297408,8593,17029,-6272,-2669,819,-484,running,0.00,0,0,0,0,0
1779747297409,8625,14569,-5700,-2297,713,-260,running,0.00,0,0,0,0,0
1779747297410,8058,10142,-6196,-1921,645,-268,running,0.00,0,0,0,0,0
1779747297439,4249,15692,-4006,-1295,658,562,running,0.00,0,0,0,0,0
1779747297440,7725,11762,-8733,37,1223,762,running,0.00,0,0,0,0,0
1779747297440,16105,9453,-7983,391,898,538,running,0.00,0,0,0,0,0
1779747297470,15012,3274,-4919,629,201,425,running,0.00,0,0,0,0,0
1779747297470,12585,2045,-6283,695,455,695,running,0.00,0,0,0,0,0
1779747297470,13263,2072,-5352,418,386,879,running,0.00,0,0,0,0,0
1779747297498,11637,867,-5876,464,174,922,running,0.00,0,0,0,0,0
1779747297500,12175,-545,-4940,424,83,805,running,0.00,0,0,0,0,0
1779747297500,14617,-1144,-3926,317,-178,963,running,0.00,0,0,0,0,0
1779747297529,13049,-337,-3704,304,-585,1374,running,0.00,0,0,0,0,0
1779747297529,11013,1104,-2962,345,-847,1593,running,0.00,0,0,0,0,0
1779747297530,10216,2068,-2226,282,-1005,1591,running,0.00,0,0,0,0,0
1779747297559,9219,3202,-1738,372,-1086,1547,running,0.00,0,0,0,0,0
1779747297589,7984,5379,-1657,462,-1255,1539,running,0.00,0,0,0,0,0
1779747297590,6881,8135,-1249,520,-1464,1588,running,0.00,0,0,0,0,0
1779747297591,5849,11215,230,638,-1672,1645,running,0.00,0,0,0,0,0
1779747297591,5268,17825,3217,829,-1906,1785,running,0.00,0,0,0,0,0
1779747297591,2895,31521,7002,1269,-2337,2322,running,0.00,0,0,0,0,0
1779747297618,697,32767,5385,1174,-2643,2332,running,0.00,0,0,0,0,0
1779747297619,-5104,32725,3897,1228,-2564,2084,running,0.00,0,0,0,0,0
1779747297621,-13543,32728,9880,1721,-2445,1836,running,0.00,0,0,0,0,0
1779747297649,-21891,32767,17299,1929,-2194,1815,running,0.00,0,0,0,0,0
1779747297650,-26450,32767,20347,2276,-2023,2246,running,0.00,0,0,0,0,0
1779747297650,-29977,32766,20388,1541,-2184,2575,running,0.00,0,0,0,0,0
1779747297683,-31630,32767,15564,895,-2324,2988,running,0.00,0,0,0,0,0
1779747297683,-25451,31710,12824,501,-2468,3109,running,0.00,0,0,0,0,0
1779747297683,-15877,27088,11284,-414,-2653,3253,running,0.00,0,0,0,0,0
1779747297709,-15645,29820,8592,-1303,-3187,2830,running,0.00,0,0,0,0,0
1779747297710,-14654,24567,9888,-1330,-3399,2190,running,0.00,0,0,0,0,0
1779747297711,-16402,23158,7371,-770,-3243,1756,running,0.00,0,0,0,0,0
1779747297740,-15905,16157,4887,101,-3115,734,running,0.00,0,0,0,0,0
1779747297740,-10939,11673,1899,955,-2843,492,running,0.00,0,0,0,0,0
1779747297741,-10307,10766,959,1725,-2789,819,running,0.00,0,0,0,0,0
1779747297769,-8714,7995,-291,2378,-2600,557,running,0.00,0,0,0,0,0
1779747297770,-10388,3093,81,2820,-2677,271,running,0.00,0,0,0,0,0
1779747297770,-8889,2000,84,3163,-2030,321,running,0.00,0,0,0,0,0
1779747297800,-5386,-856,-1455,3432,-2024,-64,running,0.00,0,0,0,0,0
1779747297800,-9449,-7327,1859,3271,-2713,-575,running,0.00,0,0,0,0,0
1779747297801,-10952,-9531,4508,2794,-2071,-711,running,0.00,0,0,0,0,0
1779747297829,-7587,-9823,121,2460,-1675,-779,running,0.00,0,0,0,0,0
1779747297830,-9947,-9920,1673,1888,-1957,-728,running,0.00,0,0,0,0,0
1779747297830,-11133,-10433,4244,1492,-1945,-787,running,0.00,0,0,0,0,0
1779747297862,-11614,-11483,4721,1057,-1549,-897,running,0.00,0,0,0,0,0
1779747297862,-11197,-11626,4073,545,-1055,-1064,running,0.00,0,0,0,0,0
1779747297862,-11985,-9850,5654,-109,-882,-1239,running,0.00,0,0,0,0,0
1779747297888,-12523,-7000,6173,-820,-515,-1362,running,0.00,0,0,0,0,0
1779747297890,-12056,-3037,5638,-940,83,-1353,running,0.00,0,0,0,0,0
1779747297890,-12601,156,6233,-936,610,-1359,running,0.00,0,0,0,0,0
1779747297919,-12559,2464,6661,-1018,1060,-1570,running,0.00,0,0,0,0,0
1779747297919,-12265,3321,7653,-1121,1502,-1795,running,0.00,0,0,0,0,0
1779747297919,-11292,4029,8064,-1112,1909,-1727,running,0.00,0,0,0,0,0
1779747297948,-13455,4142,10741,-1219,2386,-1491,running,0.00,0,0,0,0,0
1779747297950,-15055,5061,12025,-1777,2666,-1588,running,0.00,0,0,0,0,0
1779747297950,-13252,7700,11862,-2470,2986,-1672,running,0.00,0,0,0,0,0
1779747297978,-12747,14342,12154,-3025,3190,-1628,running,0.00,0,0,0,0,0
1779747297979,-14439,24112,12754,-3574,3438,-1657,running,0.00,0,0,0,0,0
1779747297979,-14809,31600,10841,-3781,3666,-1927,running,0.00,0,0,0,0,0
1779747298008,-14660,32767,10488,-3595,3549,-2209,running,0.00,0,0,0,0,0
1779747298010,-18558,32744,11823,-3374,3323,-2342,running,0.00,0,0,0,0,0
1779747298010,-18543,32585,9621,-3327,3219,-2280,running,0.00,0,0,0,0,0
1779747298042,-21751,32629,7114,-3507,2942,-1642,running,0.00,0,0,0,0,0
1779747298043,-23822,32767,3916,-3468,2683,-1845,running,0.00,0,0,0,0,0
1779747298043,-15897,32767,2973,-3091,2452,-1999,running,0.00,0,0,0,0,0
1779747298068,-12744,32763,1655,-2448,2251,-1504,running,0.00,0,0,0,0,0
1779747298070,-13453,32767,2318,-1607,2209,-1129,running,0.00,0,0,0,0,0
1779747298070,-11635,32750,944,-1080,2358,-1148,running,0.00,0,0,0,0,0
1779747298098,-7646,29814,-331,-832,2450,-1514,running,0.00,0,0,0,0,0
1779747298099,-875,25810,-163,-743,2529,-1751,running,0.00,0,0,0,0,0
1779747298100,3258,21963,427,-810,2594,-1770,running,0.00,0,0,0,0,0
1779747298129,4239,21191,-465,-1209,2501,-1708,running,0.00,0,0,0,0,0
1779747298131,7270,19056,-1245,-1049,2045,-1502,running,0.00,0,0,0,0,0
1779747298131,8655,16251,174,-1284,1783,-1284,running,0.00,0,0,0,0,0
1779747298158,9255,14088,-862,-1752,1670,-1015,running,0.00,0,0,0,0,0
1779747298158,10942,10890,-1347,-2231,1327,-734,running,0.00,0,0,0,0,0
1779747298159,9764,10107,83,-2631,1000,-531,running,0.00,0,0,0,0,0
1779747298188,9243,11132,-1735,-2155,1195,-125,running,0.00,0,0,0,0,0
1779747298192,14495,9195,-3096,-2087,923,96,running,0.00,0,0,0,0,0
1779747298193,17461,4442,-1953,-2525,-76,-60,running,0.00,0,0,0,0,0
1779747298218,13969,3670,-1743,-2579,-535,-75,running,0.00,0,0,0,0,0
1779747298218,11853,8421,-3167,-1644,83,369,running,0.00,0,0,0,0,0
1779747298219,13224,7316,-4982,-845,111,550,running,0.00,0,0,0,0,0
1779747298248,12312,4248,-4810,-776,-416,652,running,0.00,0,0,0,0,0
1779747298250,10556,4081,-5086,-533,-581,852,running,0.00,0,0,0,0,0
1779747298250,10938,3614,-5459,-65,-623,925,running,0.00,0,0,0,0,0
1779747298281,11876,3602,-4621,257,-815,1023,running,0.00,0,0,0,0,0
1779747298282,11204,4554,-3748,490,-969,1218,running,0.00,0,0,0,0,0
1779747298282,10065,5011,-2940,729,-1022,1321,running,0.00,0,0,0,0,0
1779747298308,9233,4932,-1923,858,-1178,1197,running,0.00,0,0,0,0,0
1779747298311,7807,8207,-917,942,-1339,1154,running,0.00,0,0,0,0,0
1779747298311,5592,11298,31,1104,-1467,1241,running,0.00,0,0,0,0,0
1779747298338,4839,13422,118,1176,-1610,1452,running,0.00,0,0,0,0,0
1779747298338,5042,16234,1198,1043,-1909,1704,running,0.00,0,0,0,0,0
1779747298339,4422,20323,3047,989,-2159,2059,running,0.00,0,0,0,0,0
1779747298369,5540,27794,6161,796,-2470,2395,running,0.00,0,0,0,0,0
1779747298370,4399,32767,7332,767,-2774,2737,running,0.00,0,0,0,0,0
1779747298371,2439,32767,6608,816,-2879,2892,running,0.00,0,0,0,0,0
1779747298398,-4299,32652,9959,904,-3019,2697,running,0.00,0,0,0,0,0
1779747298399,-12987,32767,15158,1537,-2750,2186,running,0.00,0,0,0,0,0
1779747298399,-18426,32767,18060,2345,-2099,1847,running,0.00,0,0,0,0,0
1779747298431,-24082,32765,20261,2975,-1540,2078,running,0.00,0,0,0,0,0
1779747298431,-29148,32767,20221,3320,-1154,2509,running,0.00,0,0,0,0,0
1779747298432,-31635,31645,15692,3364,-1027,2815,running,0.00,0,0,0,0,0
1779747298461,-24628,25199,14140,2671,-1102,3089,running,0.00,0,0,0,0,0
1779747298461,-20439,22963,10962,1887,-1168,3209,running,0.00,0,0,0,0,0
1779747298462,-14258,20382,8941,761,-1481,2731,running,0.00,0,0,0,0,0
1779747298489,-10947,19013,8688,-436,-1971,2338,running,0.00,0,0,0,0,0
1779747298490,-11628,18874,7810,-791,-2215,1807,running,0.00,0,0,0,0,0
1779747298491,-10048,15824,4866,-734,-2670,782,running,0.00,0,0,0,0,0
1779747298518,-12173,12435,6188,-646,-2971,-441,running,0.00,0,0,0,0,0
1779747298519,-8454,5737,3080,-555,-2192,-1136,running,0.00,0,0,0,0,0
1779747298520,-5909,11578,3551,442,-1765,-297,running,0.00,0,0,0,0,0
1779747298549,-4639,11732,818,2424,-1645,234,running,0.00,0,0,0,0,0
1779747298550,-4833,4482,2542,3072,-1616,-237,running,0.00,0,0,0,0,0
1779747298550,-4761,-1399,3426,3114,-1513,-896,running,0.00,0,0,0,0,0
1779747298579,-4658,-4409,2777,2902,-1467,-1377,running,0.00,0,0,0,0,0
1779747298581,-5102,-5082,2661,2664,-1525,-1521,running,0.00,0,0,0,0,0
1779747298589,-6364,-6071,3006,2547,-1620,-1488,running,0.00,0,0,0,0,0
1779747298610,-8973,-7747,4308,2310,-1681,-1524,running,0.00,0,0,0,0,0
1779747298611,-10986,-8690,5438,1867,-1624,-1580,running,0.00,0,0,0,0,0
1779747298611,-12916,-9183,6449,1220,-1557,-1661,running,0.00,0,0,0,0,0
1779747298639,-14018,-9503,7109,536,-1399,-1758,running,0.00,0,0,0,0,0
1779747298640,-14326,-8150,7263,-96,-1184,-1834,running,0.00,0,0,0,0,0
1779747298640,-13761,-6224,6626,-424,-789,-1951,running,0.00,0,0,0,0,0
1779747298669,-12599,-4309,6084,-570,-270,-1838,running,0.00,0,0,0,0,0
1779747298671,-14433,-1136,6365,-606,338,-1785,running,0.00,0,0,0,0,0
1779747298671,-17495,3774,7156,-383,1047,-1935,running,0.00,0,0,0,0,0
1779747298699,-18709,6561,9698,131,2383,-1633,running,0.00,0,0,0,0,0
1779747298699,-17434,10529,7042,205,2978,-1363,running,0.00,0,0,0,0,0
1779747298700,-17387,7069,7878,15,2998,-2037,running,0.00,0,0,0,0,0
1779747298729,-15562,6588,9110,-730,3176,-2362,running,0.00,0,0,0,0,0
1779747298730,-16000,12474,10766,-1504,3464,-2200,running,0.00,0,0,0,0,0
1779747298730,-17369,18554,12890,-2082,3860,-2310,running,0.00,0,0,0,0,0
1779747298758,-16103,24120,13914,-2703,3996,-2643,running,0.00,0,0,0,0,0
1779747298758,-14171,28820,12658,-3504,3787,-2938,running,0.00,0,0,0,0,0
1779747298761,-14520,32767,11371,-4111,3420,-3052,running,0.00,0,0,0,0,0
1779747298788,-15864,32767,8610,-4559,2977,-2963,running,0.00,0,0,0,0,0
1779747298789,-17988,32692,6422,-4858,2412,-2605,running,0.00,0,0,0,0,0
1779747298790,-18178,32765,3879,-4559,2164,-2031,running,0.00,0,0,0,0,0
1779747298818,-17340,32767,2925,-3289,2178,-1572,running,0.00,0,0,0,0,0
1779747298818,-12658,32766,2215,-1848,2192,-1309,running,0.00,0,0,0,0,0
1779747298820,-7458,32755,627,-952,2137,-1224,running,0.00,0,0,0,0,0
1779747298848,-3920,31226,1221,-664,2021,-1213,running,0.00,0,0,0,0,0
1779747298850,-498,29344,-344,-575,1891,-1188,running,0.00,0,0,0,0,0
1779747298850,1295,24150,-476,-804,1806,-1494,running,0.00,0,0,0,0,0
1779747298878,6641,19688,-2106,-1575,1341,-1971,running,0.00,0,0,0,0,0
1779747298908,9630,17442,-2717,-2177,1017,-1651,running,0.00,0,0,0,0,0
1779747298911,6803,17704,-3079,-2587,742,-913,running,0.00,0,0,0,0,0
1779747298911,5881,18255,-5093,-2171,1134,-88,running,0.00,0,0,0,0,0
1779747298911,7031,17012,-5224,-1883,854,1,running,0.00,0,0,0,0,0
1779747298911,7474,12153,-4766,-1779,577,-38,running,0.00,0,0,0,0,0
1779747298939,8719,10765,-5545,-1506,592,70,running,0.00,0,0,0,0,0
1779747298940,11119,8953,-5885,-990,680,175,running,0.00,0,0,0,0,0
1779747298940,11806,8207,-5099,-688,461,461,running,0.00,0,0,0,0,0
1779747298968,10743,4979,-5016,-515,209,560,running,0.00,0,0,0,0,0
1779747298969,11113,3477,-4833,-297,170,598,running,0.00,0,0,0,0,0
1779747298970,11098,2354,-5133,49,204,654,running,0.00,0,0,0,0,0
1779747298999,11777,1086,-5310,287,235,709,running,0.00,0,0,0,0,0
1779747298999,12592,-84,-5007,300,74,801,running,0.00,0,0,0,0,0
1779747299000,11622,-37,-4848,263,-156,936,running,0.00,0,0,0,0,0
1779747299028,10258,910,-5017,266,-270,1001,running,0.00,0,0,0,0,0
1779747299029,9324,2089,-4074,303,-349,1030,running,0.00,0,0,0,0,0
1779747299030,8509,3374,-3069,368,-437,1071,running,0.00,0,0,0,0,0
1779747299059,8117,4428,-2274,429,-600,1117,running,0.00,0,0,0,0,0
1779747299059,6718,5679,-1968,459,-802,1202,running,0.00,0,0,0,0,0
1779747299059,5496,7482,-1454,501,-1018,1323,running,0.00,0,0,0,0,0
1779747299088,4682,9311,-106,457,-1269,1504,running,0.00,0,0,0,0,0
1779747299089,3261,12844,2383,426,-1542,1738,running,0.00,0,0,0,0,0
1779747299090,1944,16978,4657,350,-1815,2010,running,0.00,0,0,0,0,0
1779747299118,1481,21825,6305,213,-2056,2287,running,0.00,0,0,0,0,0
1779747299119,2414,30440,7308,272,-2295,2438,running,0.00,0,0,0,0,0
1779747299119,2685,32767,7560,500,-2524,2348,running,0.00,0,0,0,0,0
1779747299148,976,32732,9053,703,-2526,1966,running,0.00,0,0,0,0,0
1779747299149,-7759,32698,14495,1075,-2419,1446,running,0.00,0,0,0,0,0
1779747299150,-21093,32767,18995,1594,-2119,1158,running,0.00,0,0,0,0,0
1779747299179,-31558,32767,22704,2160,-1547,1261,running,0.00,0,0,0,0,0
1779747299180,-32768,32765,20199,2430,-1190,1746,running,0.00,0,0,0,0,0
1779747299180,-30436,31033,14797,2508,-1331,2831,running,0.00,0,0,0,0,0
1779747299208,-21987,27848,11991,1352,-1810,3280,running,0.00,0,0,0,0,0
1779747299209,-21014,26804,10414,265,-2314,2751,running,0.00,0,0,0,0,0
1779747299210,-13630,21478,8374,74,-2356,2379,running,0.00,0,0,0,0,0
1779747299239,-15071,23690,4185,-516,-2761,2599,running,0.00,0,0,0,0,0
1779747299239,-15653,26155,3308,-230,-3286,2183,running,0.00,0,0,0,0,0
1779747299240,-12779,16799,3222,631,-3069,1192,running,0.00,0,0,0,0,0
1779747299269,-11257,11829,1509,968,-2645,258,running,0.00,0,0,0,0,0
1779747299269,-8118,11113,-1567,1895,-2338,-172,running,0.00,0,0,0,0,0
1779747299270,-2076,5806,-1707,2825,-2496,-24,running,0.00,0,0,0,0,0
1779747299298,-4035,2779,1349,3223,-2905,314,running,0.00,0,0,0,0,0
1779747299298,-5587,-1076,2634,3498,-2608,108,running,0.00,0,0,0,0,0
1779747299299,-5195,-4553,2825,3478,-2368,-473,running,0.00,0,0,0,0,0
1779747299329,-5229,-9489,4044,3057,-2244,-1036,running,0.00,0,0,0,0,0
1779747299331,-5579,-13350,4232,2474,-2095,-1184,running,0.00,0,0,0,0,0
1779747299332,-7292,-12942,5246,1890,-2148,-952,running,0.00,0,0,0,0,0
1779747299358,-9792,-14471,6810,1221,-2202,-939,running,0.00,0,0,0,0,0
1779747299358,-12205,-15021,7591,596,-2126,-908,running,0.00,0,0,0,0,0
1779747299359,-13786,-13007,7213,62,-1875,-980,running,0.00,0,0,0,0,0
1779747299388,-14787,-11544,6563,-250,-1452,-1433,running,0.00,0,0,0,0,0
1779747299390,-14945,-9184,6755,-391,-963,-1994,running,0.00,0,0,0,0,0
1779747299390,-13169,-5871,6702,-375,-402,-2335,running,0.00,0,0,0,0,0
1779747299419,-10651,-5255,5884,106,260,-2406,running,0.00,0,0,0,0,0
1779747299419,-9950,-1947,6306,829,781,-1736,running,0.00,0,0,0,0,0
1779747299419,-12850,397,6034,1281,1350,-749,running,0.00,0,0,0,0,0
1779747299450,-16631,4588,6536,1447,1686,-613,running,0.00,0,0,0,0,0
1779747299450,-17660,1259,8021,1322,2084,-1731,running,0.00,0,0,0,0,0
1779747299451,-16692,333,8300,684,2466,-2474,running,0.00,0,0,0,0,0
1779747299479,-16987,3571,8038,-456,2624,-2719,running,0.00,0,0,0,0,0
1779747299479,-18391,9545,6614,-1739,2857,-2770,running,0.00,0,0,0,0,0
1779747299479,-19758,19073,5956,-2854,3182,-2856,running,0.00,0,0,0,0,0
1779747299511,-19674,30785,6418,-3522,3719,-2882,running,0.00,0,0,0,0,0
1779747299512,-18414,32767,1388,-3620,4377,-2838,running,0.00,0,0,0,0,0
1779747299512,-22540,32566,2107,-3568,3830,-3285,running,0.00,0,0,0,0,0
1779747299539,-24652,32688,1685,-4044,3771,-3462,running,0.00,0,0,0,0,0
1779747299539,-22322,32767,-704,-2807,3913,-2513,running,0.00,0,0,0,0,0
1779747299540,-21050,32765,437,-2697,3449,-1825,running,0.00,0,0,0,0,0
1779747299569,-14716,32765,-741,-2143,3451,-1456,running,0.00,0,0,0,0,0
1779747299570,-12047,32767,-774,-1747,3142,-939,running,0.00,0,0,0,0,0
1779747299570,-13348,32767,-2809,-1570,3118,-645,running,0.00,0,0,0,0,0
1779747299599,-6781,30379,-5669,-1566,2825,-940,running,0.00,0,0,0,0,0
1779747299599,-1400,26948,-4785,-1833,2298,-1155,running,0.00,0,0,0,0,0
1779747299599,4197,26587,-3924,-1580,2011,-764,running,0.00,0,0,0,0,0
1779747299629,1231,28510,-2767,-1527,1864,-885,running,0.00,0,0,0,0,0
1779747299630,8325,12220,-5743,-2304,2286,-1628,running,0.00,0,0,0,0,0
1779747299630,2212,24693,-4262,-2935,1453,-1586,running,0.00,0,0,0,0,0
1779747299658,821,15604,606,-1632,1348,-1400,running,0.00,0,0,0,0,0
1779747299659,7594,15174,-6463,-1670,1627,-789,running,0.00,0,0,0,0,0
1779747299659,10856,15004,-6135,-1818,889,-535,running,0.00,0,0,0,0,0
1779747299688,7093,12044,-2078,-1413,413,-141,running,0.00,0,0,0,0,0
1779747299690,6845,9810,-3228,-986,593,117,running,0.00,0,0,0,0,0
1779747299690,7011,9356,-4527,-883,497,153,running,0.00,0,0,0,0,0
1779747299718,7186,7024,-3845,-714,216,102,running,0.00,0,0,0,0,0
1779747299718,11186,5259,-4737,-564,-72,158,running,0.00,0,0,0,0,0
1779747299720,10904,4589,-4194,-423,-362,370,running,0.00,0,0,0,0,0
1779747299750,9207,5208,-4218,-93,-349,686,running,0.00,0,0,0,0,0
1779747299750,9553,4586,-4810,316,-410,825,running,0.00,0,0,0,0,0
1779747299751,7861,2898,-5852,533,-327,844,running,0.00,0,0,0,0,0
1779747299778,11109,1896,-4751,691,-252,745,running,0.00,0,0,0,0,0
1779747299779,10848,1754,-2933,855,-974,1380,running,0.00,0,0,0,0,0
1779747299779,10367,2613,-1631,830,-1074,1499,running,0.00,0,0,0,0,0
1779747299808,10672,3165,-849,978,-1231,1524,running,0.00,0,0,0,0,0
1779747299809,10331,3376,-428,948,-1475,1582,running,0.00,0,0,0,0,0
1779747299810,9913,4611,-178,813,-1696,1631,running,0.00,0,0,0,0,0
1779747299838,9604,6764,285,661,-1965,1631,running,0.00,0,0,0,0,0
1779747299838,8777,9862,607,399,-2264,1701,running,0.00,0,0,0,0,0
1779747299839,7386,14147,1771,122,-2573,1851,running,0.00,0,0,0,0,0
1779747299869,7138,20462,4761,-74,-2891,1997,running,0.00,0,0,0,0,0
1779747299870,8415,29441,6792,-102,-3201,2110,running,0.00,0,0,0,0,0
1779747299870,9170,32767,7645,68,-3445,2103,running,0.00,0,0,0,0,0
1779747299899,7802,32767,7448,545,-3386,1891,running,0.00,0,0,0,0,0
1779747299899,63,32679,8438,974,-3138,1599,running,0.00,0,0,0,0,0
1779747299899,-13024,32767,16013,1467,-2913,1415,running,0.00,0,0,0,0,0
1779747299929,-26354,32767,20127,1875,-2368,1813,running,0.00,0,0,0,0,0
1779747299929,-32768,32765,18504,1857,-1707,2435,running,0.00,0,0,0,0,0
1779747299930,-32385,32767,13185,1477,-1512,3404,running,0.00,0,0,0,0,0
1779747299959,-26888,32767,9941,801,-1902,3960,running,0.00,0,0,0,0,0
1779747299959,-20170,23749,9992,-547,-2122,3461,running,0.00,0,0,0,0,0
1779747299959,-18524,25920,6189,-1925,-2388,2893,running,0.00,0,0,0,0,0
1779747299988,-17450,28665,5514,-1810,-2523,2872,running,0.00,0,0,0,0,0
1779747299989,-18073,27765,3421,-1261,-2557,2609,running,0.00,0,0,0,0,0
1779747299990,-19083,21872,2955,-269,-2476,1807,running,0.00,0,0,0,0,0
1779747300018,-16928,15363,304,698,-2357,1151,running,0.00,0,0,0,0,0
1779747300019,-13091,10746,-1734,1572,-2612,836,running,0.00,0,0,0,0,0
1779747300021,-14185,5747,-35,2374,-3463,694,running,0.00,0,0,0,0,0
1779747300048,-13638,4204,414,2869,-2857,589,running,0.00,0,0,0,0,0
1779747300049,-12392,-174,-862,3177,-2301,214,running,0.00,0,0,0,0,0
1779747300050,-9919,-8046,6438,2836,-2070,-247,running,0.00,0,0,0,0,0
1779747300079,-12206,-6107,-1201,2251,-1784,-533,running,0.00,0,0,0,0,0
1779747300080,-11832,-6998,947,2342,-2690,-798,running,0.00,0,0,0,0,0
1779747300080,-13264,-11373,7185,2086,-2813,-862,running,0.00,0,0,0,0,0
1779747300108,-17511,-13105,7150,1500,-2129,-735,running,0.00,0,0,0,0,0
1779747300109,-19448,-9065,3367,1138,-1630,-850,running,0.00,0,0,0,0,0
1779747300110,-19798,-9956,3265,973,-1559,-1417,running,0.00,0,0,0,0,0
1779747300140,-16000,-10664,5350,342,-1294,-1753,running,0.00,0,0,0,0,0
1779747300141,-19043,-5711,3148,-75,-669,-1604,running,0.00,0,0,0,0,0
1779747300141,-22324,-4437,3965,-99,106,-2338,running,0.00,0,0,0,0,0
1779747300169,-17562,-2883,3412,-556,899,-3044,running,0.00,0,0,0,0,0
1779747300170,-12754,1076,1806,-692,1457,-2683,running,0.00,0,0,0,0,0
1779747300171,-15472,3733,4065,-825,1787,-2310,running,0.00,0,0,0,0,0
1779747300200,-17603,5318,5798,-1006,2565,-2510,running,0.00,0,0,0,0,0
1779747300201,-16171,6643,4338,-1331,3242,-2713,running,0.00,0,0,0,0,0
1779747300201,-13360,9307,4727,-1416,3603,-2475,running,0.00,0,0,0,0,0
1779747300232,-14034,12361,5749,-1410,4006,-2067,running,0.00,0,0,0,0,0
1779747300232,-17110,21622,10539,-1372,4293,-1557,running,0.00,0,0,0,0,0
1779747300238,-18784,28506,11887,-1301,4761,-1830,running,0.00,0,0,0,0,0
1779747300260,-15745,29372,11947,-1478,4820,-2432,running,0.00,0,0,0,0,0
1779747300260,-14642,32137,11609,-1965,4561,-3080,running,0.00,0,0,0,0,0
1779747300261,-9824,32767,8693,-2633,4207,-3531,running,0.00,0,0,0,0,0
1779747300290,-10719,32738,4338,-3380,3349,-2596,running,0.00,0,0,0,0,0
1779747300291,-14553,32763,4070,-3684,2609,-1774,running,0.00,0,0,0,0,0
1779747300291,-9768,32767,1830,-2869,2620,-874,running,0.00,0,0,0,0,0
1779747300320,-8477,32767,2252,-1988,2163,-489,running,0.00,0,0,0,0,0
1779747300321,-8887,32767,4417,-1329,1860,-579,running,0.00,0,0,0,0,0
1779747300322,-6200,31284,3767,-1017,1886,-861,running,0.00,0,0,0,0,0
1779747300350,-1195,28256,1404,-1067,1717,-1239,running,0.00,0,0,0,0,0
1779747300352,3398,25826,313,-1038,1442,-1303,running,0.00,0,0,0,0,0
1779747300353,7306,23736,-964,-1037,1292,-1085,running,0.00,0,0,0,0,0
1779747300379,7728,22192,-2289,-1233,1120,-814,running,0.00,0,0,0,0,0
1779747300380,6194,20680,-3414,-1417,958,-664,running,0.00,0,0,0,0,0
1779747300381,3245,19284,-3335,-1841,657,-1043,running,0.00,0,0,0,0,0
1779747300409,5080,11290,-2287,-2676,382,-1522,running,0.00,0,0,0,0,0
1779747300409,5649,12096,-4024,-2646,651,-749,running,0.00,0,0,0,0,0
1779747300410,3826,12367,-3223,-2304,617,-314,running,0.00,0,0,0,0,0
1779747300442,4829,9159,-2661,-2204,673,-276,running,0.00,0,0,0,0,0
1779747300443,7851,9420,-4165,-1895,772,-48,running,0.00,0,0,0,0,0
1779747300444,9176,4335,-2963,-1819,520,-175,running,0.00,0,0,0,0,0
1779747300471,5661,8901,-2656,-1706,624,427,running,0.00,0,0,0,0,0
1779747300472,5810,8029,-5222,-839,1037,605,running,0.00,0,0,0,0,0
1779747300475,12862,3905,-4457,-451,912,214,running,0.00,0,0,0,0,0
1779747300502,16557,3003,-2803,-519,216,285,running,0.00,0,0,0,0,0
1779747300502,11592,1869,-2912,-497,-61,631,running,0.00,0,0,0,0,0
1779747300503,10687,1359,-3457,-510,124,772,running,0.00,0,0,0,0,0
1779747300528,13585,2204,-2979,-450,85,832,running,0.00,0,0,0,0,0
1779747300529,14803,2062,-2602,-308,-224,1068,running,0.00,0,0,0,0,0
1779747300530,13576,1122,-1959,-294,-607,1332,running,0.00,0,0,0,0,0
1779747300559,12687,2098,-930,-400,-919,1450,running,0.00,0,0,0,0,0
1779747300559,11827,3932,-203,-314,-1217,1564,running,0.00,0,0,0,0,0
1779747300560,10533,5743,560,-255,-1560,1677,running,0.00,0,0,0,0,0
1779747300589,10098,6817,1403,-211,-1888,1735,running,0.00,0,0,0,0,0
1779747300592,9819,7529,2702,-209,-2284,1740,running,0.00,0,0,0,0,0
1779747300593,9604,9753,4620,-292,-2748,1712,running,0.00,0,0,0,0,0
1779747300621,9936,13711,5940,-256,-3021,1751,running,0.00,0,0,0,0,0
1779747300622,10437,20617,8236,-16,-3336,1805,running,0.00,0,0,0,0,0
1779747300623,10852,30978,10778,415,-3704,1766,running,0.00,0,0,0,0,0
1779747300651,10590,32767,12675,937,-3961,1645,running,0.00,0,0,0,0,0
1779747300652,9257,32676,12407,1148,-4133,1561,running,0.00,0,0,0,0,0
1779747300652,2955,32707,14967,1422,-4377,1589,running,0.00,0,0,0,0,0
1779747300679,-8676,32767,20576,2210,-4215,1625,running,0.00,0,0,0,0,0
1779747300680,-17575,32767,24634,2635,-3771,1537,running,0.00,0,0,0,0,0
1779747300681,-24937,32765,25501,2297,-3485,1637,running,0.00,0,0,0,0,0
1779747300718,-29035,32767,23256,1290,-3400,1562,running,0.00,0,0,0,0,0
1779747300718,-27309,32767,15996,762,-3271,1766,running,0.00,0,0,0,0,0
1779747300719,-20616,31403,11729,430,-3272,2522,running,0.00,0,0,0,0,0
1779747300739,-15667,23159,11742,-887,-3612,2037,running,0.00,0,0,0,0,0
1779747300740,-15980,18236,7198,-1887,-3880,797,running,0.00,0,0,0,0,0
1779747300741,-11726,18391,7101,-1770,-3757,1470,running,0.00,0,0,0,0,0
1779747300771,-14101,18616,5620,-587,-3143,1841,running,0.00,0,0,0,0,0
1779747300771,-11761,16757,1641,658,-2755,1351,running,0.00,0,0,0,0,0
1779747300772,-9896,8707,2352,1335,-2589,535,running,0.00,0,0,0,0,0
1779747300799,-8372,3610,1115,2077,-2227,185,running,0.00,0,0,0,0,0
1779747300800,-8485,2701,1422,2616,-1979,115,running,0.00,0,0,0,0,0
1779747300801,-8290,-749,1219,3012,-1799,-38,running,0.00,0,0,0,0,0
1779747300835,-7667,-4338,2669,2994,-1647,-293,running,0.00,0,0,0,0,0
1779747300836,-7529,-7202,3834,3128,-1646,-660,running,0.00,0,0,0,0,0
1779747300836,-11244,-12029,6994,2926,-1381,-880,running,0.00,0,0,0,0,0
1779747300860,-10205,-12833,5408,2507,-974,-1022,running,0.00,0,0,0,0,0
1779747300860,-15368,-12261,6247,2088,-1123,-1296,running,0.00,0,0,0,0,0
1779747300861,-14532,-14540,5675,1639,-992,-1467,running,0.00,0,0,0,0,0
1779747300891,-16814,-11612,7659,992,-685,-1401,running,0.00,0,0,0,0,0
1779747300892,-18635,-9920,8686,739,-307,-1374,running,0.00,0,0,0,0,0
1779747300892,-17835,-8083,7999,237,108,-1512,running,0.00,0,0,0,0,0
1779747300919,-17331,-7226,7025,-47,296,-1910,running,0.00,0,0,0,0,0
1779747300920,-17674,-4565,7570,-27,636,-2546,running,0.00,0,0,0,0,0
1779747300923,-17298,-1610,8626,362,1205,-2833,running,0.00,0,0,0,0,0
1779747300950,-15793,194,8170,429,1753,-2606,running,0.00,0,0,0,0,0
1779747300950,-18269,3270,6934,486,2237,-2568,running,0.00,0,0,0,0,0
1779747300951,-21079,3191,7987,17,2584,-2787,running,0.00,0,0,0,0,0
1779747300980,-20804,11461,6889,-623,3012,-2655,running,0.00,0,0,0,0,0
1779747300981,-21799,20965,6596,-1220,3332,-2994,running,0.00,0,0,0,0,0
1779747300984,-22722,26203,9501,-2128,3485,-3764,running,0.00,0,0,0,0,0
1779747301009,-21129,30238,9940,-3018,3612,-4028,running,0.00,0,0,0,0,0
1779747301010,-21116,32767,8737,-3501,3635,-3991,running,0.00,0,0,0,0,0
1779747301010,-20678,32767,7687,-3775,3399,-4030,running,0.00,0,0,0,0,0
1779747301043,-20281,32703,6524,-3944,3043,-3850,running,0.00,0,0,0,0,0
1779747301043,-17283,32767,2601,-4003,2805,-3245,running,0.00,0,0,0,0,0
1779747301044,-12227,32767,859,-3786,2448,-2526,running,0.00,0,0,0,0,0
1779747301069,-8996,32766,833,-2940,2363,-1594,running,0.00,0,0,0,0,0
1779747301070,-5807,32767,2021,-1730,2300,-1170,running,0.00,0,0,0,0,0
1779747301070,-3873,32767,2062,-1489,2233,-977,running,0.00,0,0,0,0,0
1779747301099,-3250,29337,925,-838,2315,-927,running,0.00,0,0,0,0,0
1779747301102,4867,22578,-1158,-1468,2203,-1122,running,0.00,0,0,0,0,0
1779747301102,-1408,27547,911,-2413,1723,-2650,running,0.00,0,0,0,0,0
1779747301130,3520,11783,954,-2841,1557,-3380,running,0.00,0,0,0,0,0
1779747301131,10480,22224,-2142,-2861,1109,-1552,running,0.00,0,0,0,0,0
1779747301131,8894,26705,-3875,-2854,728,-603,running,0.00,0,0,0,0,0
1779747301166,4146,20297,1154,-2937,198,-41,running,0.00,0,0,0,0,0
1779747301167,1555,21352,-2005,-1619,1246,879,running,0.00,0,0,0,0,0
1779747301167,5036,15411,-4039,-854,1175,714,running,0.00,0,0,0,0,0
1779747301190,9896,10631,-3248,-1210,498,828,running,0.00,0,0,0,0,0
1779747301191,11924,10983,-4615,-859,364,1340,running,0.00,0,0,0,0,0
1779747301191,8629,4634,-3672,-431,170,1206,running,0.00,0,0,0,0,0
1779747301227,9827,3100,-3643,-559,277,1034,running,0.00,0,0,0,0,0
1779747301228,9741,5798,-4868,-148,379,1128,running,0.00,0,0,0,0,0
1779747301229,9772,4519,-5113,405,280,1146,running,0.00,0,0,0,0,0
1779747301249,10612,2712,-4356,681,208,1221,running,0.00,0,0,0,0,0
1779747301250,10472,2020,-4156,1027,122,1455,running,0.00,0,0,0,0,0
1779747301250,10592,964,-4318,1249,-20,1635,running,0.00,0,0,0,0,0
1779747301282,10190,-999,-3426,1193,-271,1680,running,0.00,0,0,0,0,0
1779747301283,9874,-1642,-2508,919,-428,1691,running,0.00,0,0,0,0,0
1779747301283,9341,-377,-2426,523,-602,1678,running,0.00,0,0,0,0,0
1779747301309,8617,79,-2293,366,-782,1546,running,0.00,0,0,0,0,0
1779747301310,8101,1581,-2266,436,-935,1461,running,0.00,0,0,0,0,0
1779747301310,6853,3761,-1382,362,-1156,1448,running,0.00,0,0,0,0,0
1779747301340,5852,5910,-877,140,-1404,1457,running,0.00,0,0,0,0,0
1779747301341,4972,9740,-140,-166,-1725,1445,running,0.00,0,0,0,0,0
1779747301343,5067,13887,3060,-517,-2049,1521,running,0.00,0,0,0,0,0
1779747301369,5029,22163,2575,-466,-2346,1667,running,0.00,0,0,0,0,0
1779747301369,6183,31357,5637,73,-2641,1875,running,0.00,0,0,0,0,0
1779747301370,5085,32767,7440,568,-2907,2133,running,0.00,0,0,0,0,0
1779747301398,2470,32672,6994,1533,-2945,2271,running,0.00,0,0,0,0,0
1779747301400,-2338,32717,9110,2448,-2963,2141,running,0.00,0,0,0,0,0
1779747301400,-9667,32767,12592,3028,-2733,1914,running,0.00,0,0,0,0,0
1779747301428,-16839,32767,15335,3140,-2393,1800,running,0.00,0,0,0,0,0
1779747301429,-22595,32766,17970,3037,-2084,1843,running,0.00,0,0,0,0,0
1779747301429,-28560,32767,17764,2751,-1857,1719,running,0.00,0,0,0,0,0
1779747301458,-22613,29829,13070,1687,-1829,1911,running,0.00,0,0,0,0,0
1779747301460,-16140,29706,11476,119,-2418,3277,running,0.00,0,0,0,0,0
1779747301460,-20741,29084,9114,-805,-2683,3102,running,0.00,0,0,0,0,0
1779747301488,-14549,22391,7858,-1736,-2804,2147,running,0.00,0,0,0,0,0
1779747301488,-10070,23929,4211,-2406,-2988,1852,running,0.00,0,0,0,0,0
1779747301489,-10272,23136,4159,-2125,-3192,1493,running,0.00,0,0,0,0,0
1779747301518,-8972,24346,1308,-880,-3070,1352,running,0.00,0,0,0,0,0
1779747301519,-10882,18248,157,664,-3288,1242,running,0.00,0,0,0,0,0
1779747301520,-10582,11199,1188,1512,-2751,1027,running,0.00,0,0,0,0,0
1779747301548,-11906,8259,1386,1950,-2438,479,running,0.00,0,0,0,0,0
1779747301548,-6669,4810,-1802,2583,-2313,118,running,0.00,0,0,0,0,0
1779747301549,-6966,2354,603,2781,-2382,8,running,0.00,0,0,0,0,0
1779747301578,-7715,-1511,673,3108,-2192,-130,running,0.00,0,0,0,0,0
1779747301579,-7749,-5833,973,3105,-2066,-285,running,0.00,0,0,0,0,0
1779747301580,-8864,-8295,2861,2827,-2063,-334,running,0.00,0,0,0,0,0
1779747301608,-10630,-10311,4205,2548,-1989,-260,running,0.00,0,0,0,0,0
1779747301608,-13175,-12500,5149,2129,-1904,-227,running,0.00,0,0,0,0,0
1779747301609,-15426,-13828,5727,1474,-1733,-378,running,0.00,0,0,0,0,0
1779747301638,-17154,-14324,6295,686,-1546,-778,running,0.00,0,0,0,0,0
1779747301639,-17287,-13388,6128,78,-1201,-1352,running,0.00,0,0,0,0,0
1779747301640,-15155,-12164,4832,-245,-771,-1890,running,0.00,0,0,0,0,0
1779747301668,-12501,-9669,6026,-429,-417,-2125,running,0.00,0,0,0,0,0
1779747301668,-10256,-10228,6537,-391,118,-2075,running,0.00,0,0,0,0,0
1779747301669,-15313,-11485,8037,-140,691,-817,running,0.00,0,0,0,0,0
1779747301698,-19767,1892,4667,-118,1119,400,running,0.00,0,0,0,0,0
1779747301700,-14909,9777,3089,136,1476,-1453,running,0.00,0,0,0,0,0
1779747301700,-14140,-1952,6639,336,1681,-4086,running,0.00,0,0,0,0,0
1779747301728,-16306,494,7824,-304,2139,-4454,running,0.00,0,0,0,0,0
1779747301730,-18224,9529,7245,-780,2824,-4252,running,0.00,0,0,0,0,0
1779747301731,-20189,20235,8464,-1035,3285,-4305,running,0.00,0,0,0,0,0
1779747301758,-21524,29447,11882,-1613,3435,-4653,running,0.00,0,0,0,0,0
1779747301760,-21160,32767,10168,-2322,3527,-4890,running,0.00,0,0,0,0,0
1779747301760,-22276,32767,6759,-2985,3376,-4739,running,0.00,0,0,0,0,0
1779747301788,-25047,32723,6356,-3373,3096,-4263,running,0.00,0,0,0,0,0
1779747301790,-24306,32764,440,-3504,2886,-3455,running,0.00,0,0,0,0,0
1779747301790,-23684,32767,1393,-3726,2493,-2874,running,0.00,0,0,0,0,0
1779747301818,-9254,32766,-1979,-3436,2284,-2341,running,0.00,0,0,0,0,0
1779747301820,-18870,32767,6211,-2935,1987,-1468,running,0.00,0,0,0,0,0
1779747301820,-8529,32767,2425,-2277,2529,-2203,running,0.00,0,0,0,0,0
1779747301849,4103,32767,33,-2313,2437,-1495,running,0.00,0,0,0,0,0
1779747301850,1787,32199,669,-1920,2138,-451,running,0.00,0,0,0,0,0
1779747301850,2056,29962,555,-1816,2217,-516,running,0.00,0,0,0,0,0
1779747301879,3911,26419,580,-2161,2109,-644,running,0.00,0,0,0,0,0
1779747301879,3601,23881,-736,-2631,1966,-722,running,0.00,0,0,0,0,0
1779747301880,6160,22502,-536,-2714,1851,-926,running,0.00,0,0,0,0,0
1779747301909,9532,20169,-2040,-2543,1680,-925,running,0.00,0,0,0,0,0
1779747301909,9627,20173,-2847,-2360,1361,-17,running,0.00,0,0,0,0,0
1779747301909,8152,18521,-3805,-1907,1289,533,running,0.00,0,0,0,0,0
1779747301938,10135,11404,-3934,-2114,950,198,running,0.00,0,0,0,0,0
1779747301938,4561,9374,-2008,-2713,761,13,running,0.00,0,0,0,0,0
1779747301939,6834,12725,-6155,-1520,1137,399,running,0.00,0,0,0,0,0
1779747301969,9581,9854,-5721,-676,1062,-511,running,0.00,0,0,0,0,0
1779747301969,10966,5475,-6782,-1013,928,716,running,0.00,0,0,0,0,0
1779747301969,10513,4593,-6150,173,1086,673,running,0.00,0,0,0,0,0
1779747301998,15325,1307,-2800,-108,388,744,running,0.00,0,0,0,0,0
1779747301998,13440,1137,-4230,11,154,1231,running,0.00,0,0,0,0,0
1779747301999,10224,1579,-3593,342,29,1534,running,0.00,0,0,0,0,0
1779747302028,9807,546,-3302,441,-99,1490,running,0.00,0,0,0,0,0
1779747302029,10020,478,-2897,370,-274,1419,running,0.00,0,0,0,0,0
1779747302029,8906,1481,-2648,446,-488,1392,running,0.00,0,0,0,0,0
1779747302058,7722,3468,-2215,572,-551,1332,running,0.00,0,0,0,0,0
1779747302060,8026,5077,-1415,558,-617,1263,running,0.00,0,0,0,0,0
1779747302060,9284,5605,-537,650,-879,1340,running,0.00,0,0,0,0,0
1779747302090,7542,8313,287,634,-1242,1538,running,0.00,0,0,0,0,0
1779747302090,5381,12886,1078,439,-1557,1658,running,0.00,0,0,0,0,0
1779747302090,3796,18202,1642,188,-1846,1778,running,0.00,0,0,0,0,0
1779747302118,2455,24451,2864,65,-2153,1997,running,0.00,0,0,0,0,0
1779747302118,2805,31339,4340,223,-2413,2362,running,0.00,0,0,0,0,0
1779747302119,4395,32767,5945,479,-2724,2796,running,0.00,0,0,0,0,0
1779747302149,4909,32731,6642,881,-3119,3126,running,0.00,0,0,0,0,0
1779747302149,3042,32723,6283,1153,-3379,3226,running,0.00,0,0,0,0,0
1779747302150,-1922,32767,7548,1311,-3414,2975,running,0.00,0,0,0,0,0
1779747302178,-10026,32767,10504,1661,-3130,2585,running,0.00,0,0,0,0,0
1779747302179,-17536,32766,13162,1914,-2685,2472,running,0.00,0,0,0,0,0
1779747302179,-25113,32767,15184,2296,-2259,2563,running,0.00,0,0,0,0,0
1779747302208,-28179,30892,16136,2250,-2238,1895,running,0.00,0,0,0,0,0
1779747302208,-22731,22998,12285,1392,-2255,1531,running,0.00,0,0,0,0,0
1779747302209,-15475,23048,8642,298,-2460,2576,running,0.00,0,0,0,0,0
1779747302238,-15961,24205,7126,-798,-2865,2462,running,0.00,0,0,0,0,0
1779747302239,-12275,18637,6489,-1680,-3030,1615,running,0.00,0,0,0,0,0
1779747302239,-9876,19939,4524,-2265,-3116,1238,running,0.00,0,0,0,0,0
1779747302268,-8403,19228,1648,-1733,-3270,762,running,0.00,0,0,0,0,0
1779747302268,-10954,17107,2217,-912,-3278,657,running,0.00,0,0,0,0,0
1779747302269,-8291,15178,952,484,-2884,429,running,0.00,0,0,0,0,0
1779747302298,-7061,9810,-741,1278,-2638,-7,running,0.00,0,0,0,0,0
1779747302299,-8167,7944,154,2004,-2615,-442,running,0.00,0,0,0,0,0
1779747302299,-3668,4361,-753,2841,-2455,-796,running,0.00,0,0,0,0,0
1779747302329,-7523,-1389,2851,3054,-2600,-881,running,0.00,0,0,0,0,0
1779747302330,-4871,-2208,569,3023,-2300,-985,running,0.00,0,0,0,0,0
1779747302330,-7039,-7509,3947,2989,-2698,-1402,running,0.00,0,0,0,0,0
1779747302360,-8806,-10508,5960,2468,-2681,-1522,running,0.00,0,0,0,0,0
1779747302360,-9369,-10019,4812,1950,-2238,-1349,running,0.00,0,0,0,0,0
1779747302361,-11312,-10964,5976,1338,-2149,-1303,running,0.00,0,0,0,0,0
1779747302388,-12382,-11517,6133,583,-2144,-1361,running,0.00,0,0,0,0,0
1779747302388,-13991,-10565,5820,-56,-2061,-1424,running,0.00,0,0,0,0,0
1779747302389,-16500,-8126,6293,-398,-1604,-1649,running,0.00,0,0,0,0,0
1779747302419,-15027,-4721,5565,-465,-960,-1952,running,0.00,0,0,0,0,0
1779747302420,-13974,-2351,5160,-312,-333,-2104,running,0.00,0,0,0,0,0
1779747302420,-12930,-647,6385,50,310,-2056,running,0.00,0,0,0,0,0
1779747302448,-11423,353,6495,427,1007,-1767,running,0.00,0,0,0,0,0
1779747302448,-16675,3329,6015,750,1587,-1475,running,0.00,0,0,0,0,0
1779747302449,-18212,2047,8786,734,1860,-2237,running,0.00,0,0,0,0,0
1779747302481,-17045,2620,9013,123,2303,-2829,running,0.00,0,0,0,0,0
1779747302481,-16980,9703,7912,-414,2907,-2827,running,0.00,0,0,0,0,0
1779747302481,-18519,18524,9342,-970,3355,-2796,running,0.00,0,0,0,0,0
1779747302508,-20493,24418,10825,-1534,3782,-2821,running,0.00,0,0,0,0,0
1779747302508,-18535,26243,10618,-1987,3959,-2808,running,0.00,0,0,0,0,0
1779747302509,-16895,31261,9309,-2561,3637,-2623,running,0.00,0,0,0,0,0
1779747302538,-20154,32767,8965,-3185,3138,-2382,running,0.00,0,0,0,0,0
1779747302540,-22527,32742,5856,-3583,3009,-2088,running,0.00,0,0,0,0,0
1779747302540,-18442,32722,2753,-3876,2795,-1659,running,0.00,0,0,0,0,0
1779747302568,-16506,32767,1826,-3831,2546,-1105,running,0.00,0,0,0,0,0
1779747302568,-14425,32767,1799,-3094,2596,-1255,running,0.00,0,0,0,0,0
1779747302569,-6697,32766,1186,-2172,2762,-1309,running,0.00,0,0,0,0,0
1779747302598,-1680,32736,-369,-1776,2535,-1088,running,0.00,0,0,0,0,0
1779747302600,1223,31282,-843,-1695,2380,-791,running,0.00,0,0,0,0,0
1779747302600,135,27910,-2314,-2108,2086,-759,running,0.00,0,0,0,0,0
1779747302628,1774,22969,-2213,-2862,1730,-1262,running,0.00,0,0,0,0,0
1779747302629,4841,21046,-2433,-2979,1718,-1098,running,0.00,0,0,0,0,0
1779747302629,6253,19332,-2372,-2884,1727,-858,running,0.00,0,0,0,0,0
1779747302659,9081,19253,-3853,-3009,1464,-736,running,0.00,0,0,0,0,0
1779747302659,11333,15989,-3403,-3206,1034,-578,running,0.00,0,0,0,0,0
1779747302660,13096,13858,-4241,-3216,863,-202,running,0.00,0,0,0,0,0
1779747302688,11504,14736,-4187,-2873,485,397,running,0.00,0,0,0,0,0
1779747302688,8264,14637,-4255,-2007,436,820,running,0.00,0,0,0,0,0
1779747302689,11187,12542,-5585,-1051,509,858,running,0.00,0,0,0,0,0
1779747302719,13453,7669,-5183,-512,257,798,running,0.00,0,0,0,0,0
1779747302719,11834,4211,-4292,-343,1,951,running,0.00,0,0,0,0,0
1779747302720,12212,3926,-4680,-293,-110,947,running,0.00,0,0,0,0,0
1779747302748,11528,4063,-5127,119,-182,910,running,0.00,0,0,0,0,0
1779747302748,10452,3121,-5276,501,-223,1027,running,0.00,0,0,0,0,0
1779747302749,10547,1723,-5192,731,-354,1149,running,0.00,0,0,0,0,0
1779747302778,10170,872,-4725,917,-548,1249,running,0.00,0,0,0,0,0
1779747302778,8936,703,-4281,922,-698,1314,running,0.00,0,0,0,0,0
1779747302780,7420,924,-3721,800,-847,1291,running,0.00,0,0,0,0,0
1779747302808,6919,1148,-3747,650,-945,1188,running,0.00,0,0,0,0,0
1779747302808,6743,2614,-3821,520,-1093,1119,running,0.00,0,0,0,0,0
1779747302813,5476,5277,-3456,458,-1301,1110,running,0.00,0,0,0,0,0
1779747302838,3930,9224,-2449,479,-1470,1133,running,0.00,0,0,0,0,0
1779747302838,2186,12926,-1758,608,-1591,1223,running,0.00,0,0,0,0,0
1779747302839,1941,14879,-1197,673,-1732,1348,running,0.00,0,0,0,0,0
1779747302869,2013,18227,722,730,-1929,1537,running,0.00,0,0,0,0,0
1779747302871,1927,23845,3680,872,-2090,1802,running,0.00,0,0,0,0,0
1779747302872,3065,30262,5738,935,-2301,2095,running,0.00,0,0,0,0,0
1779747302900,3244,32767,5448,909,-2531,2399,running,0.00,0,0,0,0,0
1779747302901,1471,32767,4249,892,-2675,2446,running,0.00,0,0,0,0,0
1779747302901,-2975,32703,6149,1039,-2572,2014,running,0.00,0,0,0,0,0
1779747302932,-9308,32767,11315,1482,-2043,1299,running,0.00,0,0,0,0,0
1779747302932,-14872,32767,15998,1974,-1394,975,running,0.00,0,0,0,0,0
1779747302933,-22169,32766,17388,2081,-852,1210,running,0.00,0,0,0,0,0
1779747302960,-23473,32767,15254,1698,-782,1491,running,0.00,0,0,0,0,0
1779747302960,-23906,32756,14336,1297,-866,1455,running,0.00,0,0,0,0,0
1779747302961,-18387,30620,9883,763,-687,1584,running,0.00,0,0,0,0,0
1779747302993,-12449,26231,7290,-401,-938,1587,running,0.00,0,0,0,0,0
1779747302993,-8048,20827,7196,-1473,-1163,1243,running,0.00,0,0,0,0,0
1779747302994,-7717,24232,3583,-2017,-1750,937,running,0.00,0,0,0,0,0
1779747303019,-7805,19403,3912,-1773,-1845,1056,running,0.00,0,0,0,0,0
1779747303020,-5579,19423,2401,-1397,-1830,1447,running,0.00,0,0,0,0,0
1779747303020,-10375,19153,2264,-522,-2134,1286,running,0.00,0,0,0,0,0
1779747303052,-10095,13811,1348,494,-1859,648,running,0.00,0,0,0,0,0
1779747303052,-10832,10766,893,1362,-1643,95,running,0.00,0,0,0,0,0
1779747303053,-4343,-167,324,2267,-1535,-566,running,0.00,0,0,0,0,0
1779747303080,-8056,-1226,1781,2036,-2002,-558,running,0.00,0,0,0,0,0
1779747303081,-10212,-3761,3607,2171,-2121,-687,running,0.00,0,0,0,0,0
1779747303081,-9973,-5826,2207,2356,-2168,-692,running,0.00,0,0,0,0,0
1779747303110,-11342,-10352,5248,2262,-2535,-774,running,0.00,0,0,0,0,0
1779747303111,-13422,-12564,6350,1790,-2448,-909,running,0.00,0,0,0,0,0
1779747303112,-14153,-13852,6918,1308,-2008,-1232,running,0.00,0,0,0,0,0
1779747303140,-14769,-14450,9126,791,-1747,-1423,running,0.00,0,0,0,0,0
1779747303140,-14897,-14267,10282,443,-1319,-1405,running,0.00,0,0,0,0,0
1779747303141,-14415,-12928,11575,257,-914,-1426,running,0.00,0,0,0,0,0
1779747303171,-14585,-13323,13112,178,-363,-1580,running,0.00,0,0,0,0,0
1779747303172,-13395,-12054,14415,30,238,-1800,running,0.00,0,0,0,0,0
1779747303172,-10976,-11124,14807,-375,704,-2075,running,0.00,0,0,0,0,0
1779747303199,-11079,-9299,15599,-647,1264,-1914,running,0.00,0,0,0,0,0
1779747303199,-12465,-4572,12827,-764,2089,-1687,running,0.00,0,0,0,0,0
1779747303200,-15251,-3617,6725,-1085,2141,-2658,running,0.00,0,0,0,0,0
1779747303229,-12590,-3866,13654,-1650,2376,-3602,running,0.00,0,0,0,0,0
1779747303230,-15161,2848,10103,-1754,3404,-3476,running,0.00,0,0,0,0,0
1779747303231,-16395,9904,6495,-1760,3980,-3556,running,0.00,0,0,0,0,0
1779747303259,-14730,17501,10016,-2041,4237,-3782,running,0.00,0,0,0,0,0
1779747303260,-15141,26978,10345,-2146,4597,-3888,running,0.00,0,0,0,0,0
1779747303261,-16947,32184,9536,-2383,4735,-3957,running,0.00,0,0,0,0,0
1779747303289,-19458,32767,7086,-2732,4645,-4113,running,0.00,0,0,0,0,0
1779747303291,-21753,32745,5323,-3743,4094,-4070,running,0.00,0,0,0,0,0
1779747303291,-22780,32748,1795,-5005,3364,-3486,running,0.00,0,0,0,0,0
1779747303319,-28035,32767,3434,-6634,2687,-2406,running,0.00,0,0,0,0,0
1779747303320,-24425,32767,6312,-8591,2443,-1800,running,0.00,0,0,0,0,0
1779747303320,-19392,32767,5107,-7683,2812,-603,running,0.00,0,0,0,0,0
1779747303348,-15981,32767,3934,-4835,2475,-205,running,0.00,0,0,0,0,0
1779747303349,-13140,32767,7629,-2367,2053,-150,running,0.00,0,0,0,0,0
1779747303349,-3112,32767,553,-870,2551,130,running,0.00,0,0,0,0,0
1779747303379,2385,30153,-993,-544,2256,68,running,0.00,0,0,0,0,0
1779747303380,5845,22993,585,-764,1858,-70,running,0.00,0,0,0,0,0
1779747303380,8418,18153,705,-744,1452,-22,running,0.00,0,0,0,0,0
1779747303412,9378,15506,773,-910,1217,291,running,0.00,0,0,0,0,0
1779747303413,7928,14507,-344,-1279,1156,536,running,0.00,0,0,0,0,0
1779747303413,7117,12360,-1520,-1705,951,353,running,0.00,0,0,0,0,0
1779747303442,6345,12591,-1863,-1680,808,469,running,0.00,0,0,0,0,0
1779747303443,4194,10306,-1598,-1096,887,322,running,0.00,0,0,0,0,0
1779747303444,8799,7838,-1244,-583,796,488,running,0.00,0,0,0,0,0
1779747303470,7670,8135,-2824,-101,780,1058,running,0.00,0,0,0,0,0
1779747303470,8148,3996,-2793,445,727,1044,running,0.00,0,0,0,0,0
1779747303471,12370,1055,-3049,441,516,1011,running,0.00,0,0,0,0,0
1779747303502,10478,1112,-2031,386,270,1202,running,0.00,0,0,0,0,0
1779747303502,9210,1691,-1444,794,341,1300,running,0.00,0,0,0,0,0
1779747303503,12659,477,-2410,1211,398,1321,running,0.00,0,0,0,0,0
1779747303529,13402,-950,-1146,1196,204,1430,running,0.00,0,0,0,0,0
1779747303529,12768,-1911,46,1182,28,1543,running,0.00,0,0,0,0,0
1779747303530,12733,-2452,-297,1221,-93,1539,running,0.00,0,0,0,0,0
1779747303561,12202,-1742,-45,1189,-301,1502,running,0.00,0,0,0,0,0
1779747303562,10255,163,756,1033,-559,1488,running,0.00,0,0,0,0,0
1779747303562,8262,3389,1623,823,-806,1461,running,0.00,0,0,0,0,0
1779747303589,6457,7919,2086,701,-1010,1464,running,0.00,0,0,0,0,0
1779747303620,5166,12809,3058,632,-1232,1522,running,0.00,0,0,0,0,0
1779747303621,4781,17229,4283,400,-1461,1724,running,0.00,0,0,0,0,0
1779747303621,6179,22208,7248,12,-1769,2013,running,0.00,0,0,0,0,0
1779747303622,8592,31717,10666,-257,-2209,2264,running,0.00,0,0,0,0,0
1779747303622,9821,32767,10690,-524,-2824,2209,running,0.00,0,0,0,0,0
1779747303649,4888,32647,8695,-931,-3237,2142,running,0.00,0,0,0,0,0
1779747303650,-7636,32724,10112,-838,-3203,2104,running,0.00,0,0,0,0,0
1779747303650,-17837,32767,14199,-202,-3054,1859,running,0.00,0,0,0,0,0
1779747303680,-25367,32766,16315,263,-2989,2052,running,0.00,0,0,0,0,0
1779747303680,-29959,32766,16799,929,-2874,2506,running,0.00,0,0,0,0,0
1779747303681,-30720,32767,13995,2325,-2279,3070,running,0.00,0,0,0,0,0
1779747303709,-24916,30346,9517,2486,-2068,2567,running,0.00,0,0,0,0,0
1779747303710,-9383,25841,7934,986,-3087,2545,running,0.00,0,0,0,0,0
1779747303711,-17113,29904,11140,434,-3575,3108,running,0.00,0,0,0,0,0
1779747303740,-21790,23928,7798,1214,-2816,2475,running,0.00,0,0,0,0,0
1779747303741,-16340,17196,3174,1129,-2783,1442,running,0.00,0,0,0,0,0
1779747303743,-12059,13929,4401,243,-3205,710,running,0.00,0,0,0,0,0
1779747303769,-14702,16849,416,465,-3175,-60,running,0.00,0,0,0,0,0
1779747303769,-7360,12099,191,1684,-3000,-263,running,0.00,0,0,0,0,0
1779747303770,-4318,9155,-539,2138,-3093,186,running,0.00,0,0,0,0,0
1779747303801,-6574,5717,1934,2307,-3360,107,running,0.00,0,0,0,0,0
1779747303802,-9548,4634,2077,2698,-3236,-133,running,0.00,0,0,0,0,0
1779747303802,-8474,2971,2541,3215,-2813,-555,running,0.00,0,0,0,0,0
1779747303828,-6344,-4128,3323,3282,-2720,-1067,running,0.00,0,0,0,0,0
1779747303829,-5805,-7354,4012,2807,-2526,-1090,running,0.00,0,0,0,0,0
1779747303829,-6735,-7781,5469,2468,-2562,-950,running,0.00,0,0,0,0,0
1779747303859,-7730,-10463,6966,2182,-2475,-864,running,0.00,0,0,0,0,0
1779747303860,-9235,-11943,7751,1597,-2466,-791,running,0.00,0,0,0,0,0
1779747303860,-9710,-12716,8567,973,-2380,-747,running,0.00,0,0,0,0,0
1779747303889,-12429,-12055,9691,394,-2192,-719,running,0.00,0,0,0,0,0
1779747303893,-14623,-11921,9537,-82,-1817,-1035,running,0.00,0,0,0,0,0
1779747303893,-15643,-10511,9341,-246,-1197,-1503,running,0.00,0,0,0,0,0
1779747303919,-14083,-7446,8827,-187,-552,-1839,running,0.00,0,0,0,0,0
1779747303920,-10730,-5250,8510,-55,3,-1900,running,0.00,0,0,0,0,0
1779747303920,-12899,-3405,9584,215,513,-1801,running,0.00,0,0,0,0,0
1779747303949,-13979,-3203,8971,532,1265,-1902,running,0.00,0,0,0,0,0
1779747303949,-11049,-4695,8164,818,1987,-1580,running,0.00,0,0,0,0,0
1779747303950,-13372,-1600,7057,833,2562,-317,running,0.00,0,0,0,0,0
1779747303979,-18299,4644,6943,586,2915,117,running,0.00,0,0,0,0,0
1779747304012,-18240,12031,8399,171,3267,-1079,running,0.00,0,0,0,0,0
1779747304013,-19491,19260,9958,-684,3684,-2682,running,0.00,0,0,0,0,0
1779747304014,-17844,29296,12498,-1858,3987,-3494,running,0.00,0,0,0,0,0
1779747304014,-17072,31480,9555,-2921,4059,-3727,running,0.00,0,0,0,0,0
1779747304015,-21391,32767,8102,-3905,3795,-3548,running,0.00,0,0,0,0,0
1779747304040,-24464,32767,6799,-4784,3485,-3319,running,0.00,0,0,0,0,0
1779747304041,-26028,32743,-489,-5964,3111,-2996,running,0.00,0,0,0,0,0
1779747304041,-22770,32765,-882,-6120,2500,-2365,running,0.00,0,0,0,0,0
1779747304072,-18903,32767,-1095,-5274,2482,-1559,running,0.00,0,0,0,0,0
1779747304073,-9572,32767,-1046,-3661,2424,-1082,running,0.00,0,0,0,0,0
1779747304074,-5638,32767,-1182,-2263,2159,-247,running,0.00,0,0,0,0,0
1779747304100,-7235,32630,-1708,-1296,2157,-113,running,0.00,0,0,0,0,0
1779747304101,-3733,27714,-1937,-960,2025,-391,running,0.00,0,0,0,0,0
1779747304101,5160,18756,-3927,-1432,1974,-732,running,0.00,0,0,0,0,0
1779747304135,1620,26098,-5324,-2595,1722,-1715,running,0.00,0,0,0,0,0
1779747304135,4108,23037,-3786,-2556,1558,-2684,running,0.00,0,0,0,0,0
1779747304136,10037,9296,-1145,-2193,1098,-1940,running,0.00,0,0,0,0,0
1779747304159,5192,20827,-3358,-3296,1180,-400,running,0.00,0,0,0,0,0
1779747304160,9578,13487,-4026,-2135,1442,-152,running,0.00,0,0,0,0,0
1779747304161,11299,12391,-4687,-1844,1389,356,running,0.00,0,0,0,0,0
1779747304190,9941,11850,-4842,-1297,1308,808,running,0.00,0,0,0,0,0
1779747304191,10557,9627,-4035,-823,1131,997,running,0.00,0,0,0,0,0
1779747304192,14095,6956,-4958,-548,956,1080,running,0.00,0,0,0,0,0
1779747304220,16201,5009,-4585,-277,600,948,running,0.00,0,0,0,0,0
1779747304220,11576,1745,-2648,239,511,831,running,0.00,0,0,0,0,0
1779747304221,11151,2541,-3564,749,870,948,running,0.00,0,0,0,0,0
1779747304250,13003,2823,-4506,1252,872,953,running,0.00,0,0,0,0,0
1779747304251,13137,701,-3282,1551,623,995,running,0.00,0,0,0,0,0
1779747304252,12722,489,-2079,1627,468,1184,running,0.00,0,0,0,0,0
1779747304279,11269,521,-2034,1824,309,1325,running,0.00,0,0,0,0,0
1779747304280,10670,419,-1666,1848,164,1378,running,0.00,0,0,0,0,0
1779747304280,9952,1143,-848,1516,-101,1386,running,0.00,0,0,0,0,0
1779747304310,8402,1537,-23,1076,-439,1290,running,0.00,0,0,0,0,0
1779747304311,7823,4171,286,690,-691,1351,running,0.00,0,0,0,0,0
1779747304311,6463,8512,206,394,-947,1534,running,0.00,0,0,0,0,0
1779747304339,5264,11868,332,305,-1200,1657,running,0.00,0,0,0,0,0
1779747304340,4756,16170,2258,208,-1561,1728,running,0.00,0,0,0,0,0
1779747304340,5011,22922,4705,82,-2016,1895,running,0.00,0,0,0,0,0
1779747304370,6146,30803,6572,-30,-2481,2238,running,0.00,0,0,0,0,0
1779747304370,6998,32767,6627,-127,-2896,2594,running,0.00,0,0,0,0,0
1779747304371,6795,32741,6064,-43,-3264,2643,running,0.00,0,0,0,0,0
1779747304401,1068,32710,7090,164,-3507,2403,running,0.00,0,0,0,0,0
1779747304401,-8841,32767,10516,437,-3403,1976,running,0.00,0,0,0,0,0
1779747304403,-16620,32767,14715,660,-3100,1571,running,0.00,0,0,0,0,0
1779747304429,-20224,32766,16312,821,-2806,1647,running,0.00,0,0,0,0,0
1779747304430,-22665,32767,16224,1022,-2743,2386,running,0.00,0,0,0,0,0
1779747304431,-26884,32008,15267,1127,-2704,2249,running,0.00,0,0,0,0,0
1779747304459,-14822,24779,9272,977,-2307,1573,running,0.00,0,0,0,0,0
1779747304459,-7668,28031,7406,-224,-3087,2873,running,0.00,0,0,0,0,0
1779747304466,-15714,31235,8631,-449,-3394,3105,running,0.00,0,0,0,0,0
1779747304489,-16421,21442,7790,75,-2806,1845,running,0.00,0,0,0,0,0
1779747304490,-9272,20715,2607,-22,-2580,970,running,0.00,0,0,0,0,0
1779747304491,-4067,13538,2193,50,-2777,443,running,0.00,0,0,0,0,0
1779747304519,-7236,16124,3005,163,-3033,430,running,0.00,0,0,0,0,0
1779747304522,-6721,11239,579,1065,-2848,384,running,0.00,0,0,0,0,0
1779747304523,-9401,9474,3307,1361,-2653,154,running,0.00,0,0,0,0,0
1779747304551,-4041,6002,-1066,2163,-2371,-213,running,0.00,0,0,0,0,0
1779747304551,-4853,2191,2116,2287,-2341,-486,running,0.00,0,0,0,0,0
1779747304552,-6031,378,1859,2362,-2185,-772,running,0.00,0,0,0,0,0
1779747304579,-4446,-3169,1382,2391,-2058,-915,running,0.00,0,0,0,0,0
1779747304583,-6525,-6108,3362,2189,-2112,-924,running,0.00,0,0,0,0,0
1779747304584,-9405,-7952,4673,1940,-2000,-982,running,0.00,0,0,0,0,0
1779747304609,-10547,-10231,4744,1597,-1879,-1058,running,0.00,0,0,0,0,0
1779747304610,-12271,-11753,5325,1065,-1868,-1058,running,0.00,0,0,0,0,0
1779747304610,-14265,-12249,5689,489,-1676,-1121,running,0.00,0,0,0,0,0
1779747304641,-15279,-10826,5326,34,-1402,-1196,running,0.00,0,0,0,0,0
1779747304642,-15701,-8991,5414,-157,-1060,-1304,running,0.00,0,0,0,0,0
1779747304642,-15299,-6832,5625,-79,-547,-1451,running,0.00,0,0,0,0,0
1779747304670,-12933,-5675,6032,199,55,-1661,running,0.00,0,0,0,0,0
1779747304671,-12667,-4970,6695,358,561,-1811,running,0.00,0,0,0,0,0
1779747304671,-11931,-4740,7500,413,1101,-1904,running,0.00,0,0,0,0,0
1779747304701,-12456,-2492,7504,560,1630,-1661,running,0.00,0,0,0,0,0
1779747304701,-11753,-3769,7331,600,2001,-1357,running,0.00,0,0,0,0,0
1779747304702,-14662,-719,7095,481,2349,-733,running,0.00,0,0,0,0,0
1779747304729,-20502,10538,7376,549,2683,-1062,running,0.00,0,0,0,0,0
1779747304729,-19509,16109,6807,202,2961,-2639,running,0.00,0,0,0,0,0
1779747304730,-16793,21139,6913,-81,3301,-3374,running,0.00,0,0,0,0,0
1779747304761,-18302,29972,8180,466,3604,-3331,running,0.00,0,0,0,0,0
1779747304761,-18134,31931,7697,792,3759,-3607,running,0.00,0,0,0,0,0
1779747304762,-17614,31081,5771,639,3490,-3913,running,0.00,0,0,0,0,0
1779747304788,-20052,32275,3046,-242,2932,-4002,running,0.00,0,0,0,0,0
1779747304789,-22299,32767,-322,-1751,2367,-3961,running,0.00,0,0,0,0,0
1779747304789,-22214,32765,-4786,-3448,1840,-3676,running,0.00,0,0,0,0,0
1779747304820,-22034,32753,-5608,-4317,1610,-3108,running,0.00,0,0,0,0,0
1779747304821,-18846,32767,-5812,-3943,1598,-2645,running,0.00,0,0,0,0,0
1779747304821,-13706,32767,-5162,-3168,1626,-2198,running,0.00,0,0,0,0,0
1779747304849,-10708,32767,-6364,-2444,1668,-1981,running,0.00,0,0,0,0,0
1779747304850,-6728,32753,-6551,-1952,1577,-2128,running,0.00,0,0,0,0,0
1779747304850,-893,31838,-5481,-1821,1504,-1872,running,0.00,0,0,0,0,0
1779747304879,3859,29608,-5878,-2000,1360,-1497,running,0.00,0,0,0,0,0
1779747304880,3537,27166,-5121,-2329,1257,-1420,running,0.00,0,0,0,0,0
1779747304881,5874,20297,-3816,-2877,1223,-1911,running,0.00,0,0,0,0,0
1779747304909,7930,19562,-3542,-3062,1345,-1447,running,0.00,0,0,0,0,0
1779747304914,6999,16590,-3520,-3114,1206,-1077,running,0.00,0,0,0,0,0
1779747304914,5996,16041,-4518,-3256,978,-688,running,0.00,0,0,0,0,0
1779747304949,9113,13792,-4316,-3051,677,-501,running,0.00,0,0,0,0,0
1779747304950,11673,12252,-4758,-2402,767,161,running,0.00,0,0,0,0,0
1779747304950,10840,12670,-5373,-1768,732,651,running,0.00,0,0,0,0,0
1779747304969,12962,8764,-5349,-1163,567,719,running,0.00,0,0,0,0,0
1779747304970,15096,7188,-5172,-765,451,889,running,0.00,0,0,0,0,0
1779747304970,14139,6352,-4992,-354,366,1034,running,0.00,0,0,0,0,0
1779747304999,12529,5043,-4652,78,352,1143,running,0.00,0,0,0,0,0
1779747305000,11108,4015,-4716,502,401,1344,running,0.00,0,0,0,0,0
1779747305000,10475,2340,-5307,867,552,1403,running,0.00,0,0,0,0,0
1779747305029,12942,708,-3880,1106,403,1384,running,0.00,0,0,0,0,0
1779747305030,13079,-55,-2923,1077,92,1519,running,0.00,0,0,0,0,0
1779747305030,12171,493,-2443,924,-169,1676,running,0.00,0,0,0,0,0
1779747305062,10724,1796,-1896,830,-430,1745,running,0.00,0,0,0,0,0
1779747305062,9624,4128,-1562,868,-640,1756,running,0.00,0,0,0,0,0
1779747305063,9220,6574,-1209,1114,-771,1706,running,0.00,0,0,0,0,0
1779747305089,9849,8565,-126,1488,-938,1632,running,0.00,0,0,0,0,0
1779747305093,9634,10407,887,1950,-1161,1615,running,0.00,0,0,0,0,0
1779747305093,9682,11584,1826,2297,-1549,1542,running,0.00,0,0,0,0,0
1779747305121,8479,13518,1948,2797,-1928,1622,running,0.00,0,0,0,0,0
1779747305122,6637,15401,2203,3095,-2245,1883,running,0.00,0,0,0,0,0
1779747305122,6267,17235,1844,3024,-2636,2249,running,0.00,0,0,0,0,0
1779747305152,6465,23744,609,2612,-3124,2703,running,0.00,0,0,0,0,0
1779747305152,6778,32767,-569,1918,-3570,3022,running,0.00,0,0,0,0,0
1779747305153,6650,32767,-3120,1381,-3897,3045,running,0.00,0,0,0,0,0
1779747305180,2516,32618,-5356,1502,-3844,2828,running,0.00,0,0,0,0,0
1779747305181,-6010,32751,-3776,2448,-3509,2512,running,0.00,0,0,0,0,0
1779747305181,-17599,32767,692,3659,-3030,2376,running,0.00,0,0,0,0,0
1779747305211,-30257,32765,2252,3946,-2424,2658,running,0.00,0,0,0,0,0
1779747305212,-32768,32766,2652,3746,-2097,2703,running,0.00,0,0,0,0,0
1779747305212,-31756,32115,6172,2174,-2294,2474,running,0.00,0,0,0,0,0
1779747305240,-29376,25742,3974,-18,-2323,2787,running,0.00,0,0,0,0,0
1779747305240,-20462,22590,4483,-3170,-2484,3262,running,0.00,0,0,0,0,0
1779747305241,-13769,24552,-1167,-4051,-2161,2517,running,0.00,0,0,0,0,0
1779747305271,-9908,22564,-4510,-3704,-2670,2404,running,0.00,0,0,0,0,0
1779747305271,-8958,21366,-4946,-2756,-3082,2740,running,0.00,0,0,0,0,0
1779747305272,-14516,19823,-1622,-1066,-3674,2700,running,0.00,0,0,0,0,0
1779747305299,-16096,12468,-1203,514,-3236,2229,running,0.00,0,0,0,0,0
1779747305299,-15554,6624,-337,1147,-2105,1492,running,0.00,0,0,0,0,0
1779747305300,-7391,3154,-4058,1469,-1529,860,running,0.00,0,0,0,0,0
1779747305330,-8406,-480,265,1844,-1840,637,running,0.00,0,0,0,0,0
1779747305331,-9647,-2426,2573,1928,-1632,603,running,0.00,0,0,0,0,0
1779747305331,-9179,-4543,3235,2052,-1453,519,running,0.00,0,0,0,0,0
1779747305359,-7887,-5253,2339,2069,-1411,471,running,0.00,0,0,0,0,0
1779747305360,-9119,-8722,4787,2010,-1577,173,running,0.00,0,0,0,0,0
1779747305360,-11474,-11678,8174,1427,-1445,-210,running,0.00,0,0,0,0,0
1779747305391,-13111,-13105,8065,550,-1041,-574,running,0.00,0,0,0,0,0
1779747305392,-13640,-9758,3493,-14,-805,-773,running,0.00,0,0,0,0,0
1779747305393,-14656,-7819,5906,-260,-917,-1036,running,0.00,0,0,0,0,0
1779747305419,-15685,-7516,9312,-550,-620,-1272,running,0.00,0,0,0,0,0
1779747305420,-13910,-6691,9447,-844,-4,-1556,running,0.00,0,0,0,0,0
1779747305420,-12746,-3772,6965,-968,421,-1890,running,0.00,0,0,0,0,0
1779747305454,-15258,-6153,12317,-832,756,-2178,running,0.00,0,0,0,0,0
1779747305455,-14566,-842,6122,-991,2343,-1725,running,0.00,0,0,0,0,0
1779747305456,-8170,8856,3471,-333,2011,-2224,running,0.00,0,0,0,0,0
1779747305479,-12833,-48,7890,-345,1433,-3322,running,0.00,0,0,0,0,0
1779747305480,-14381,-2722,7347,-545,1736,-3548,running,0.00,0,0,0,0,0
1779747305481,-17035,4691,6882,-544,1997,-3466,running,0.00,0,0,0,0,0
1779747305509,-16922,7985,6785,-873,2272,-3486,running,0.00,0,0,0,0,0
1779747305510,-19250,17354,9052,-1518,2772,-3458,running,0.00,0,0,0,0,0
1779747305511,-19272,26995,10266,-1887,3298,-3484,running,0.00,0,0,0,0,0
1779747305543,-23257,32767,13830,-2113,3763,-4110,running,0.00,0,0,0,0,0
1779747305544,-16496,32001,9038,-2255,3981,-5272,running,0.00,0,0,0,0,0
1779747305544,-17018,32748,9801,-2410,3514,-5259,running,0.00,0,0,0,0,0
1779747305569,-16550,32767,4243,-2679,3089,-4451,running,0.00,0,0,0,0,0
1779747305570,-16640,32754,2065,-3238,2517,-3512,running,0.00,0,0,0,0,0
1779747305571,-14841,32765,356,-3886,2220,-2819,running,0.00,0,0,0,0,0
1779747305600,-11789,32767,-172,-4243,2104,-2374,running,0.00,0,0,0,0,0
1779747305601,-8630,32767,-1820,-3955,2193,-1968,running,0.00,0,0,0,0,0
1779747305604,-5315,32767,-2475,-3275,2220,-1635,running,0.00,0,0,0,0,0
1779747305629,-1144,30952,275,-3252,2117,-1420,running,0.00,0,0,0,0,0
1779747305629,2291,31592,-2210,-3577,1900,-1262,running,0.00,0,0,0,0,0
1779747305630,4964,29265,-2665,-3169,1748,-913,running,0.00,0,0,0,0,0
1779747305659,6644,25834,-3789,-2915,1687,-668,running,0.00,0,0,0,0,0
1779747305661,8023,23217,-4704,-2675,1553,-522,running,0.00,0,0,0,0,0
1779747305662,6046,19891,-4775,-2418,1587,-665,running,0.00,0,0,0,0,0
1779747305689,6911,15963,-5464,-2232,1628,-830,running,0.00,0,0,0,0,0
1779747305689,8141,15441,-5576,-1817,1328,-511,running,0.00,0,0,0,0,0
1779747305689,8448,14006,-5599,-1336,995,-435,running,0.00,0,0,0,0,0
1779747305722,9384,10698,-5435,-872,869,-385,running,0.00,0,0,0,0,0
1779747305723,9499,8190,-5733,-175,959,-251,running,0.00,0,0,0,0,0
1779747305723,10532,8435,-4431,442,1009,138,running,0.00,0,0,0,0,0
1779747305749,11078,8593,-5420,1365,1260,601,running,0.00,0,0,0,0,0
1779747305750,14680,5638,-3975,1721,1321,414,running,0.00,0,0,0,0,0
1779747305751,17272,4009,-499,1229,820,178,running,0.00,0,0,0,0,0
1779747305786,17026,-2051,1447,783,-49,-354,running,0.00,0,0,0,0,0
1779747305787,20117,-408,-1324,942,47,143,running,0.00,0,0,0,0,0
1779747305788,15066,3624,-57,296,122,1038,running,0.00,0,0,0,0,0
1779747305809,12613,2385,239,-167,-238,1054,running,0.00,0,0,0,0,0
1779747305811,13742,3198,-347,-235,-579,883,running,0.00,0,0,0,0,0
1779747305811,11889,5088,-217,-481,-1095,972,running,0.00,0,0,0,0,0
1779747305841,8497,7459,-249,-770,-1514,986,running,0.00,0,0,0,0,0
1779747305842,6331,11788,-633,-861,-1667,1032,running,0.00,0,0,0,0,0
1779747305842,3259,16483,-48,-522,-1675,1199,running,0.00,0,0,0,0,0
1779747305868,2019,20962,1318,142,-1697,1437,running,0.00,0,0,0,0,0
1779747305869,1411,25927,2274,805,-1827,1737,running,0.00,0,0,0,0,0
1779747305870,37,32046,3576,1428,-2027,2080,running,0.00,0,0,0,0,0
1779747305900,-3481,32767,3691,1989,-2217,2433,running,0.00,0,0,0,0,0
1779747305901,-6931,32700,2333,2058,-2362,2785,running,0.00,0,0,0,0,0
1779747305901,-10291,32739,2091,1744,-2565,3050,running,0.00,0,0,0,0,0
1779747305929,-14623,32767,4611,1633,-2616,3061,running,0.00,0,0,0,0,0
1779747305930,-19896,32767,7436,1474,-2364,2985,running,0.00,0,0,0,0,0
1779747305934,-24123,32766,9060,1735,-2051,3157,running,0.00,0,0,0,0,0
1779747305959,-28124,32767,11602,1649,-1856,3398,running,0.00,0,0,0,0,0
1779747305960,-32528,32767,9900,1301,-1742,3475,running,0.00,0,0,0,0,0
1779747305960,-32052,32735,9645,1660,-1690,3074,running,0.00,0,0,0,0,0
1779747305989,-24395,31485,8226,1519,-1689,2949,running,0.00,0,0,0,0,0
1779747305989,-22240,26769,7470,1058,-1648,2913,running,0.00,0,0,0,0,0
1779747305989,-20265,23059,5553,391,-1687,2227,running,0.00,0,0,0,0,0
1779747306019,-16657,17195,4326,-684,-2043,1181,running,0.00,0,0,0,0,0
1779747306020,-11132,14480,3729,-1184,-2345,519,running,0.00,0,0,0,0,0
1779747306021,-7394,14802,3248,-611,-2372,977,running,0.00,0,0,0,0,0
1779747306049,-6746,14832,1992,265,-2353,1409,running,0.00,0,0,0,0,0
1779747306050,-7821,12293,1443,1194,-2372,1299,running,0.00,0,0,0,0,0
1779747306052,-7807,6534,2276,1736,-2356,827,running,0.00,0,0,0,0,0
1779747306079,-7154,2775,2652,1994,-2278,374,running,0.00,0,0,0,0,0
1779747306079,-5447,-127,2110,2157,-2208,-5,running,0.00,0,0,0,0,0
1779747306080,-4797,-3042,3116,2081,-2316,-349,running,0.00,0,0,0,0,0
1779747306109,-5855,-5395,4257,1962,-2401,-616,running,0.00,0,0,0,0,0
1779747306109,-7057,-7414,4698,1842,-2413,-790,running,0.00,0,0,0,0,0
1779747306109,-8420,-8620,4731,1779,-2310,-866,running,0.00,0,0,0,0,0
1779747306139,-9432,-9535,5290,1732,-2244,-888,running,0.00,0,0,0,0,0
1779747306140,-10702,-10636,6261,1443,-2180,-1002,running,0.00,0,0,0,0,0
1779747306141,-11663,-10376,7176,1053,-2018,-1117,running,0.00,0,0,0,0,0
1779747306169,-12629,-9744,7432,690,-1772,-1124,running,0.00,0,0,0,0,0
1779747306169,-13267,-8466,6858,435,-1463,-1062,running,0.00,0,0,0,0,0
1779747306170,-9911,-8320,6541,450,-982,-1000,running,0.00,0,0,0,0,0
1779747306199,-10130,-2533,2611,808,-549,-96,running,0.00,0,0,0,0,0
1779747306200,-15487,-2686,9698,824,-1035,-15,running,0.00,0,0,0,0,0
1779747306200,-16031,-5240,8729,272,219,-1294,running,0.00,0,0,0,0,0
1779747306229,-12077,-2006,6817,-66,1209,-1968,running,0.00,0,0,0,0,0
1779747306233,-12726,2508,7613,-550,1492,-2120,running,0.00,0,0,0,0,0
1779747306234,-13011,3698,6369,-927,1926,-2037,running,0.00,0,0,0,0,0
1779747306259,-13810,6362,4482,-974,2485,-1678,running,0.00,0,0,0,0,0
1779747306260,-15733,15513,6045,-1182,2967,-1670,running,0.00,0,0,0,0,0
1779747306260,-14625,23880,6417,-1424,3618,-2265,running,0.00,0,0,0,0,0
1779747306292,-13909,28048,8882,-1886,3743,-2824,running,0.00,0,0,0,0,0
1779747306293,-12331,30512,6163,-2399,3874,-3274,running,0.00,0,0,0,0,0
1779747306293,-16954,30295,5509,-3186,3347,-3767,running,0.00,0,0,0,0,0
1779747306319,-20074,32767,1881,-3371,3421,-3779,running,0.00,0,0,0,0,0
1779747306320,-18427,32767,-739,-3560,3097,-3308,running,0.00,0,0,0,0,0
1779747306320,-12072,32767,-615,-3511,2623,-2401,running,0.00,0,0,0,0,0
1779747306351,-12812,32767,-1634,-2070,2823,-1463,running,0.00,0,0,0,0,0
1779747306352,-10133,32766,542,-1992,2483,-1577,running,0.00,0,0,0,0,0
1779747306353,-6636,32641,-2199,-2221,2512,-1660,running,0.00,0,0,0,0,0
1779747306381,89,29958,-3317,-2405,2271,-1618,running,0.00,0,0,0,0,0
1779747306381,2505,27353,-2489,-2664,1865,-1423,running,0.00,0,0,0,0,0
1779747306382,4701,25274,-3691,-2663,1893,-1617,running,0.00,0,0,0,0,0
1779747306410,8134,20554,-3939,-2255,1835,-1546,running,0.00,0,0,0,0,0
1779747306410,12177,18227,-3592,-2353,1332,-705,running,0.00,0,0,0,0,0
1779747306411,6562,18984,-3486,-2483,1081,230,running,0.00,0,0,0,0,0
1779747306439,7020,11489,-3168,-2301,1114,-11,running,0.00,0,0,0,0,0
1779747306440,9342,2862,-1341,-3069,790,-345,running,0.00,0,0,0,0,0
1779747306441,5358,13826,-5278,-4013,717,-113,running,0.00,0,0,0,0,0
1779747306471,6731,6845,-6181,-2692,425,-693,running,0.00,0,0,0,0,0
1779747306472,10616,3359,-3384,-2109,789,244,running,0.00,0,0,0,0,0
1779747306473,9228,10916,-7038,-1401,1008,1080,running,0.00,0,0,0,0,0
1779747306499,9959,4943,-5222,-532,856,721,running,0.00,0,0,0,0,0
1779747306499,11597,4832,-4976,-146,1016,716,running,0.00,0,0,0,0,0
1779747306500,11536,689,-3453,-135,845,616,running,0.00,0,0,0,0,0
1779747306530,10268,2864,-2507,-263,798,802,running,0.00,0,0,0,0,0
1779747306532,9905,4139,-784,-451,657,1016,running,0.00,0,0,0,0,0
1779747306533,11031,4668,-90,-1051,400,1230,running,0.00,0,0,0,0,0
1779747306560,11408,5241,574,-1683,71,1465,running,0.00,0,0,0,0,0
1779747306561,11861,6546,2276,-2099,-321,1604,running,0.00,0,0,0,0,0
1779747306563,12360,9098,3539,-2322,-792,1550,running,0.00,0,0,0,0,0
1779747306589,11555,13170,4155,-2334,-1297,1487,running,0.00,0,0,0,0,0
1779747306589,9243,19164,4567,-1841,-1849,1645,running,0.00,0,0,0,0,0
1779747306590,6003,24130,4711,-743,-2353,1842,running,0.00,0,0,0,0,0
1779747306620,3449,26491,4372,377,-2592,2062,running,0.00,0,0,0,0,0
1779747306620,3504,26281,3758,1238,-2616,2296,running,0.00,0,0,0,0,0
1779747306621,5792,26224,4938,2106,-2780,2525,running,0.00,0,0,0,0,0
1779747306649,7028,29864,7431,3001,-3034,2748,running,0.00,0,0,0,0,0
1779747306649,9347,32767,8773,3129,-3101,2866,running,0.00,0,0,0,0,0
1779747306650,11185,32767,9127,2645,-3264,2805,running,0.00,0,0,0,0,0
1779747306679,7164,32703,11357,2078,-3484,2456,running,0.00,0,0,0,0,0
1779747306679,-2537,32767,17386,1960,-3184,1962,running,0.00,0,0,0,0,0
1779747306679,-11112,32767,22390,2007,-2679,1650,running,0.00,0,0,0,0,0
1779747306709,-18037,32766,23036,1851,-2392,1636,running,0.00,0,0,0,0,0
1779747306709,-24615,32767,22649,1427,-2437,1720,running,0.00,0,0,0,0,0
1779747306709,-25499,32767,18855,855,-2503,1588,running,0.00,0,0,0,0,0
1779747306739,-21889,30341,13543,517,-2499,1672,running,0.00,0,0,0,0,0
1779747306739,-16098,25629,11095,66,-2689,1716,running,0.00,0,0,0,0,0
1779747306739,-11096,23476,8844,-319,-2778,1429,running,0.00,0,0,0,0,0
1779747306771,-9767,22812,7142,-598,-2888,1339,running,0.00,0,0,0,0,0
1779747306771,-10411,16683,6382,-418,-2938,1355,running,0.00,0,0,0,0,0
1779747306772,-9501,17662,3757,5,-2857,1071,running,0.00,0,0,0,0,0
1779747306802,-8277,14281,3408,610,-3005,706,running,0.00,0,0,0,0,0
1779747306802,-5470,8617,2475,1155,-2736,542,running,0.00,0,0,0,0,0
1779747306803,-5990,5061,3461,1262,-2688,324,running,0.00,0,0,0,0,0
1779747306835,-5276,3431,2214,1596,-2552,111,running,0.00,0,0,0,0,0
1779747306836,-5984,170,3098,1891,-2364,-123,running,0.00,0,0,0,0,0
1779747306843,-7127,-3025,4090,2087,-2082,-373,running,0.00,0,0,0,0,0
1779747306862,-7724,-6439,4657,2030,-1907,-655,running,0.00,0,0,0,0,0
1779747306863,-8068,-9335,5088,1703,-1854,-908,running,0.00,0,0,0,0,0
1779747306864,-8902,-11442,6353,1288,-1839,-1004,running,0.00,0,0,0,0,0
1779747306889,-10087,-12666,7391,626,-1746,-953,running,0.00,0,0,0,0,0
1779747306890,-12119,-13363,7475,-156,-1713,-928,running,0.00,0,0,0,0,0
1779747306891,-14567,-12932,6883,-862,-1622,-1027,running,0.00,0,0,0,0,0
1779747306921,-15521,-10853,6224,-1435,-1362,-1284,running,0.00,0,0,0,0,0
1779747306921,-15561,-8658,6845,-1747,-953,-1675,running,0.00,0,0,0,0,0
1779747306922,-13781,-6756,7721,-1975,-346,-1899,running,0.00,0,0,0,0,0
1779747306949,-11832,-4177,7729,-1877,245,-1562,running,0.00,0,0,0,0,0
1779747306950,-13394,-2695,9160,-1863,621,-1038,running,0.00,0,0,0,0,0
1779747306951,-13582,-1165,8388,-1773,1109,-723,running,0.00,0,0,0,0,0
1779747306981,-11924,1507,7939,-1433,1386,-566,running,0.00,0,0,0,0,0
1779747307010,-14566,4456,9075,-1583,1275,-707,running,0.00,0,0,0,0,0
1779747307012,-14058,5793,10601,-2079,1551,-1258,running,0.00,0,0,0,0,0
1779747307013,-14831,7654,13270,-2137,2457,-1491,running,0.00,0,0,0,0,0
1779747307016,-13078,11846,8604,-2332,3368,-1433,running,0.00,0,0,0,0,0
1779747307017,-21881,21581,12380,-2433,3836,-1266,running,0.00,0,0,0,0,0
1779747307040,-18241,24381,14946,-1440,4625,-1980,running,0.00,0,0,0,0,0
1779747307041,-17142,29380,17797,-1222,4832,-2545,running,0.00,0,0,0,0,0
1779747307042,-15678,32767,18276,-1449,4672,-2925,running,0.00,0,0,0,0,0
1779747307069,-17821,32767,18899,-1732,4130,-2909,running,0.00,0,0,0,0,0
1779747307070,-21000,32701,17685,-1984,3764,-2776,running,0.00,0,0,0,0,0
1779747307071,-19426,32766,13923,-2166,3654,-2586,running,0.00,0,0,0,0,0
1779747307103,-17208,32767,11282,-2127,3512,-2179,running,0.00,0,0,0,0,0
1779747307104,-16014,32766,11158,-1714,3479,-1777,running,0.00,0,0,0,0,0
1779747307104,-12023,32767,10057,-1369,3634,-1529,running,0.00,0,0,0,0,0
1779747307129,-7475,32767,10320,-1351,3622,-1547,running,0.00,0,0,0,0,0
1779747307130,-7551,27527,9913,-1657,3570,-2235,running,0.00,0,0,0,0,0
1779747307131,-1319,20852,13666,-2892,3055,-1467,running,0.00,0,0,0,0,0
1779747307160,5195,26775,5949,-2803,3150,-610,running,0.00,0,0,0,0,0
1779747307161,-1475,24818,10177,-2080,2800,-477,running,0.00,0,0,0,0,0
1779747307162,5602,19376,7888,-2226,3054,-559,running,0.00,0,0,0,0,0
1779747307189,18434,13802,7230,-2785,2531,88,running,0.00,0,0,0,0,0
1779747307190,14069,15870,4157,-3039,1712,720,running,0.00,0,0,0,0,0
1779747307191,10977,12503,2123,-2217,1414,811,running,0.00,0,0,0,0,0
1779747307219,9018,12556,-1353,-1814,1483,694,running,0.00,0,0,0,0,0
1779747307220,6550,13489,-2729,-1177,1648,807,running,0.00,0,0,0,0,0
1779747307221,8693,8311,-3898,-681,1605,587,running,0.00,0,0,0,0,0
1779747307249,12210,5808,-2996,-301,1338,494,running,0.00,0,0,0,0,0
1779747307250,10660,6223,-2754,128,1136,786,running,0.00,0,0,0,0,0
1779747307250,10451,5400,-2510,470,1060,947,running,0.00,0,0,0,0,0
1779747307279,12006,3529,-1760,769,999,965,running,0.00,0,0,0,0,0
1779747307280,12934,2121,-650,967,824,991,running,0.00,0,0,0,0,0
1779747307280,13264,327,66,1055,587,1000,running,0.00,0,0,0,0,0
1779747307313,13127,-1262,66,969,413,957,running,0.00,0,0,0,0,0
1779747307313,13482,-852,589,657,231,916,running,0.00,0,0,0,0,0
1779747307314,13492,-117,1075,284,-118,919,running,0.00,0,0,0,0,0
1779747307339,12699,296,1046,13,-570,931,running,0.00,0,0,0,0,0
1779747307340,10495,1807,781,-196,-1009,930,running,0.00,0,0,0,0,0
1779747307340,11855,850,2442,-573,-1441,834,running,0.00,0,0,0,0,0
1779747307372,10971,5751,2202,-499,-1724,979,running,0.00,0,0,0,0,0
1779747307373,8978,10094,4478,-294,-2189,1148,running,0.00,0,0,0,0,0
1779747307373,7031,12706,6065,-165,-2710,1285,running,0.00,0,0,0,0,0
1779747307399,5688,15865,7425,127,-3142,1454,running,0.00,0,0,0,0,0
1779747307400,5369,20972,8883,419,-3474,1633,running,0.00,0,0,0,0,0
1779747307400,6250,28658,11414,990,-3744,1672,running,0.00,0,0,0,0,0
1779747307435,9009,32767,13751,1501,-3915,1654,running,0.00,0,0,0,0,0
1779747307436,2512,32676,20174,2928,-4353,894,running,0.00,0,0,0,0,0
1779747307436,-9925,32767,22356,2523,-3830,721,running,0.00,0,0,0,0,0
1779747307460,-18760,32767,26020,2437,-2992,1036,running,0.00,0,0,0,0,0
1779747307461,-25816,32765,27780,2912,-2509,1497,running,0.00,0,0,0,0,0
1779747307461,-29114,32717,22119,2634,-2195,1943,running,0.00,0,0,0,0,0
1779747307491,-27968,32694,15226,1913,-2421,2622,running,0.00,0,0,0,0,0
1779747307492,-23026,29076,9440,1896,-2454,2645,running,0.00,0,0,0,0,0
1779747307492,-22066,30949,4726,2996,-1986,3127,running,0.00,0,0,0,0,0
1779747307519,-18333,22650,6848,2798,-1873,3045,running,0.00,0,0,0,0,0
1779747307520,-15012,22121,2350,1822,-1856,2245,running,0.00,0,0,0,0,0
1779747307520,-6260,17318,-126,1715,-1865,1817,running,0.00,0,0,0,0,0
1779747307551,-10095,10845,2478,768,-2567,1350,running,0.00,0,0,0,0,0
1779747307551,-13163,8129,1777,-22,-2698,565,running,0.00,0,0,0,0,0
1779747307552,-910,4998,-3920,-479,-2389,420,running,0.00,0,0,0,0,0
1779747307583,-6270,10556,-600,-146,-3366,1066,running,0.00,0,0,0,0,0
1779747307584,-10747,12026,1215,758,-2977,1049,running,0.00,0,0,0,0,0
1779747307586,-7426,7687,-280,1504,-2518,206,running,0.00,0,0,0,0,0
1779747307610,-4462,4853,-644,2016,-2510,-294,running,0.00,0,0,0,0,0
1779747307610,-5621,2009,1559,2391,-2511,-395,running,0.00,0,0,0,0,0
1779747307611,-6785,-346,3096,2814,-2368,-282,running,0.00,0,0,0,0,0
1779747307639,-9554,-1678,2690,2960,-2333,-236,running,0.00,0,0,0,0,0
1779747307640,-9163,-3495,5654,3212,-2370,-216,running,0.00,0,0,0,0,0
1779747307640,-10731,-6324,8584,3131,-2323,-66,running,0.00,0,0,0,0,0
1779747307670,-11791,-6365,8381,2958,-1896,-142,running,0.00,0,0,0,0,0
1779747307671,-10916,-5493,9479,3258,-1780,-570,running,0.00,0,0,0,0,0
1779747307672,-11077,-6131,12369,3277,-1622,-1030,running,0.00,0,0,0,0,0
1779747307699,-10216,-4335,13317,3090,-1266,-1106,running,0.00,0,0,0,0,0
1779747307700,-11194,-3091,14627,3216,-973,-1008,running,0.00,0,0,0,0,0
1779747307703,-12335,-2370,16152,3387,-579,-963,running,0.00,0,0,0,0,0
1779747307729,-11532,-2686,15642,3385,-135,-1114,running,0.00,0,0,0,0,0
1779747307730,-10316,-4633,15021,3131,139,-1382,running,0.00,0,0,0,0,0
1779747307731,-10026,-7484,14209,2497,272,-1556,running,0.00,0,0,0,0,0
1779747307759,-9829,-5525,11763,1466,526,-1409,running,0.00,0,0,0,0,0
1779747307760,-9832,-2228,9031,547,570,-1666,running,0.00,0,0,0,0,0
1779747307761,-13604,741,8182,-159,778,-2298,running,0.00,0,0,0,0,0
1779747307789,-14130,7159,8148,-749,1359,-2435,running,0.00,0,0,0,0,0
1779747307790,-11859,14067,6799,-1003,1735,-2503,running,0.00,0,0,0,0,0
1779747307791,-11683,19692,7572,-1339,1816,-3111,running,0.00,0,0,0,0,0
1779747307828,-11040,25110,6131,-1847,2054,-3932,running,0.00,0,0,0,0,0
1779747307829,-12503,30424,3313,-2200,2003,-4587,running,0.00,0,0,0,0,0
1779747307829,-17238,32767,-217,-2577,1837,-5041,running,0.00,0,0,0,0,0
1779747307851,-23070,32767,-5582,-2959,1860,-5253,running,0.00,0,0,0,0,0
1779747307851,-23473,32709,-11000,-3192,1867,-5112,running,0.00,0,0,0,0,0
1779747307852,-24065,32767,-10787,-3016,1737,-4555,running,0.00,0,0,0,0,0
1779747307879,-20739,32767,-12622,-2828,1851,-3961,running,0.00,0,0,0,0,0
1779747307882,-18021,32766,-13163,-2786,1655,-3489,running,0.00,0,0,0,0,0
1779747307883,-17563,32767,-10757,-2846,1511,-2769,running,0.00,0,0,0,0,0
1779747307911,-13128,32767,-12990,-3179,1556,-2296,running,0.00,0,0,0,0,0
1779747307912,-6944,32315,-12487,-3639,1188,-2159,running,0.00,0,0,0,0,0
1779747307913,-2562,32232,-11350,-3848,923,-1886,running,0.00,0,0,0,0,0
1779747307942,-1624,30636,-9749,-3649,890,-1622,running,0.00,0,0,0,0,0
1779747307943,5085,28212,-12702,-3554,930,-1556,running,0.00,0,0,0,0,0
1779747307944,2615,24033,-9875,-3449,651,-1850,running,0.00,0,0,0,0,0
1779747307969,-2081,9360,-2648,-3520,1043,-1673,running,0.00,0,0,0,0,0
1779747307970,2654,17441,-8706,-3991,1304,-1602,running,0.00,0,0,0,0,0
1779747307971,4808,14149,-3890,-2985,1182,-993,running,0.00,0,0,0,0,0
1779747308001,9432,14212,-8410,-2493,1562,6,running,0.00,0,0,0,0,0
1779747308002,9698,14845,-8849,-2349,1189,42,running,0.00,0,0,0,0,0
1779747308002,8191,10203,-5748,-1648,768,-161,running,0.00,0,0,0,0,0
1779747308032,9147,9810,-8304,-1360,1074,145,running,0.00,0,0,0,0,0
1779747308036,10882,8108,-7755,-1197,781,167,running,0.00,0,0,0,0,0
1779747308037,10972,8627,-6163,-670,654,381,running,0.00,0,0,0,0,0
1779747308061,11377,10584,-6682,121,775,610,running,0.00,0,0,0,0,0
1779747308061,12367,7731,-6151,810,746,561,running,0.00,0,0,0,0,0
1779747308062,12251,5710,-5325,1251,762,574,running,0.00,0,0,0,0,0
1779747308089,10794,4744,-4819,1681,897,627,running,0.00,0,0,0,0,0
1779747308089,12935,3937,-3620,2151,759,732,running,0.00,0,0,0,0,0
1779747308089,12444,3369,-3079,2204,478,1051,running,0.00,0,0,0,0,0
1779747308119,10790,3660,-1969,2098,255,1344,running,0.00,0,0,0,0,0
1779747308119,9241,4515,-933,2120,96,1574,running,0.00,0,0,0,0,0
1779747308120,9665,3927,-74,1938,-16,1665,running,0.00,0,0,0,0,0
1779747308149,11737,3393,885,1651,-329,1797,running,0.00,0,0,0,0,0
1779747308150,12292,4496,1457,1516,-749,2069,running,0.00,0,0,0,0,0
1779747308150,12278,7367,1769,1314,-1159,2388,running,0.00,0,0,0,0,0
1779747308180,11209,12196,1783,1066,-1538,2675,running,0.00,0,0,0,0,0
1779747308180,10583,19210,2428,823,-1859,2881,running,0.00,0,0,0,0,0
1779747308181,12096,28702,3473,643,-2189,2952,running,0.00,0,0,0,0,0
1779747308209,12995,32767,1953,928,-2480,2846,running,0.00,0,0,0,0,0
1779747308209,8930,32767,-2323,1701,-2298,2392,running,0.00,0,0,0,0,0
1779747308210,-2217,32665,-551,2500,-1861,1612,running,0.00,0,0,0,0,0
1779747308240,-16707,32767,7448,3219,-1559,976,running,0.00,0,0,0,0,0
1779747308240,-28311,32767,12858,3654,-1304,1748,running,0.00,0,0,0,0,0
1779747308241,-32768,32765,11928,3222,-1186,3456,running,0.00,0,0,0,0,0
1779747308270,-32768,32767,10105,2366,-1551,4248,running,0.00,0,0,0,0,0
1779747308270,-32267,29069,10475,700,-2512,3189,running,0.00,0,0,0,0,0
1779747308271,-24804,11635,7791,-1415,-2930,2800,running,0.00,0,0,0,0,0
1779747308300,-13892,30863,-1390,-2395,-3157,4708,running,0.00,0,0,0,0,0
1779747308300,-17141,32767,1143,-2357,-4114,4306,running,0.00,0,0,0,0,0
1779747308301,-19038,24869,1849,-2245,-4193,3073,running,0.00,0,0,0,0,0
1779747308329,-19777,21558,-930,-1683,-3885,2345,running,0.00,0,0,0,0,0
1779747308333,-16984,18319,-2546,-691,-3680,1411,running,0.00,0,0,0,0,0
1779747308334,-12744,13028,-3646,662,-3747,1064,running,0.00,0,0,0,0,0
1779747308363,-10750,8917,-1029,1594,-3483,1296,running,0.00,0,0,0,0,0
1779747308363,-8319,4868,-534,2717,-3317,1109,running,0.00,0,0,0,0,0
1779747308364,-7255,-494,421,3153,-3317,942,running,0.00,0,0,0,0,0
1779747308390,-8413,-4063,3682,3162,-3299,576,running,0.00,0,0,0,0,0
1779747308394,-8414,-9916,4630,3151,-3125,199,running,0.00,0,0,0,0,0
1779747308395,-9471,-12696,5353,2754,-3040,43,running,0.00,0,0,0,0,0
1779747308423,-10993,-14158,5620,2296,-2949,-62,running,0.00,0,0,0,0,0
1779747308424,-13028,-13717,5189,1774,-2793,-180,running,0.00,0,0,0,0,0
1779747308424,-14466,-13857,5424,1220,-2607,-537,running,0.00,0,0,0,0,0
1779747308449,-14666,-12810,5913,621,-2269,-938,running,0.00,0,0,0,0,0
1779747308453,-13803,-10937,5935,200,-1822,-1241,running,0.00,0,0,0,0,0
1779747308453,-13425,-8140,6054,203,-1401,-1353,running,0.00,0,0,0,0,0
1779747308479,-11644,-6939,6926,508,-951,-1287,running,0.00,0,0,0,0,0
1779747308480,-11554,-5788,5658,586,-482,-1266,running,0.00,0,0,0,0,0
1779747308480,-12027,-5149,1457,614,-40,-1247,running,0.00,0,0,0,0,0
1779747308512,-10033,51,3318,1048,568,-184,running,0.00,0,0,0,0,0
1779747308513,-11380,8724,-1060,1045,1141,-377,running,0.00,0,0,0,0,0
1779747308514,-12639,3106,2914,-133,1789,-2829,running,0.00,0,0,0,0,0
1779747308539,-11617,4665,2063,-467,2223,-2735,running,0.00,0,0,0,0,0
1779747308540,-12772,9144,3051,-734,2565,-2573,running,0.00,0,0,0,0,0
1779747308541,-11271,12302,4488,-941,2782,-2668,running,0.00,0,0,0,0,0
1779747308569,-10919,16600,5122,-1339,2842,-2867,running,0.00,0,0,0,0,0
1779747308569,-11359,20753,3517,-1929,2683,-3212,running,0.00,0,0,0,0,0
1779747308571,-15012,28523,2994,-2259,2497,-3443,running,0.00,0,0,0,0,0
1779747308599,-18418,32767,662,-2174,2528,-3868,running,0.00,0,0,0,0,0
1779747308599,-17216,32767,-4079,-2096,2275,-4083,running,0.00,0,0,0,0,0
1779747308599,-17933,32671,-6832,-1877,1652,-3812,running,0.00,0,0,0,0,0
1779747308630,-24041,32767,-5446,-1735,1514,-3619,running,0.00,0,0,0,0,0
1779747308630,-18734,32767,-9829,-1442,1746,-3989,running,0.00,0,0,0,0,0
1779747308630,-11131,32765,-11091,-1090,1088,-2997,running,0.00,0,0,0,0,0
1779747308659,-15184,32767,-10269,-571,646,-1684,running,0.00,0,0,0,0,0
1779747308660,-12737,32723,-9432,-479,433,-1402,running,0.00,0,0,0,0,0
1779747308660,-9839,31170,-9303,-868,180,-1207,running,0.00,0,0,0,0,0
1779747308691,-7796,28062,-8722,-1338,49,-952,running,0.00,0,0,0,0,0
1779747308691,-5325,26281,-8970,-1735,143,-847,running,0.00,0,0,0,0,0
1779747308692,-204,22840,-9284,-1982,74,-818,running,0.00,0,0,0,0,0
1779747308719,790,22021,-6901,-2012,16,-301,running,0.00,0,0,0,0,0
1779747308720,-319,21721,-7463,-1593,395,153,running,0.00,0,0,0,0,0
1779747308721,-22,18404,-7076,-1700,358,146,running,0.00,0,0,0,0,0
1779747308752,4063,15919,-6824,-1815,230,95,running,0.00,0,0,0,0,0
1779747308753,3995,12814,-6191,-1622,281,217,running,0.00,0,0,0,0,0
1779747308753,3979,10270,-6336,-1404,437,428,running,0.00,0,0,0,0,0
1779747308779,2304,9918,-6304,-1449,507,551,running,0.00,0,0,0,0,0
1779747308779,3317,9224,-7167,-1391,668,395,running,0.00,0,0,0,0,0
1779747308780,9238,10226,-7501,-1183,674,568,running,0.00,0,0,0,0,0
1779747308815,8217,11665,-7420,-959,622,1087,running,0.00,0,0,0,0,0
1779747308816,6120,10211,-6757,-710,568,1108,running,0.00,0,0,0,0,0
1779747308823,8573,7635,-6784,-144,575,1088,running,0.00,0,0,0,0,0
1779747308840,8446,7698,-5814,475,405,1420,running,0.00,0,0,0,0,0
1779747308840,8011,4189,-4068,815,312,1566,running,0.00,0,0,0,0,0
1779747308841,8251,3384,-3555,942,284,1602,running,0.00,0,0,0,0,0
1779747308869,9683,3762,-3097,1096,146,1643,running,0.00,0,0,0,0,0
1779747308870,9497,4750,-2319,1243,-58,1841,running,0.00,0,0,0,0,0
1779747308871,9337,5209,-2252,1387,-262,2126,running,0.00,0,0,0,0,0
1779747308899,6519,7992,-2824,1740,-374,2494,running,0.00,0,0,0,0,0
1779747308900,5328,6874,-1764,2135,-491,2712,running,0.00,0,0,0,0,0
1779747308901,7220,2295,-552,2376,-884,2763,running,0.00,0,0,0,0,0
1779747308930,8439,1132,606,2291,-1195,2900,running,0.00,0,0,0,0,0
1779747308931,7675,2958,1924,2134,-1443,3051,running,0.00,0,0,0,0,0
1779747308932,8459,3734,2943,2019,-1746,3118,running,0.00,0,0,0,0,0
1779747308960,9057,5598,4448,1626,-2106,3205,running,0.00,0,0,0,0,0
1779747308964,9671,11516,6644,963,-2504,3359,running,0.00,0,0,0,0,0
1779747308964,11384,20125,7163,228,-2952,3338,running,0.00,0,0,0,0,0
1779747308989,12383,29916,4204,-204,-2902,2600,running,0.00,0,0,0,0,0
1779747308991,12289,32767,5703,84,-3188,1375,running,0.00,0,0,0,0,0
1779747308992,3519,32745,10358,308,-3618,298,running,0.00,0,0,0,0,0
1779747309020,-8553,32685,16999,422,-3333,235,running,0.00,0,0,0,0,0
1779747309024,-16360,32767,21939,1078,-3491,737,running,0.00,0,0,0,0,0
1779747309024,-23092,32767,19032,1432,-3655,1330,running,0.00,0,0,0,0,0
1779747309050,-24706,32765,13706,1478,-3597,1725,running,0.00,0,0,0,0,0
1779747309050,-20170,32767,10374,1193,-3556,2137,running,0.00,0,0,0,0,0
1779747309051,-12709,32734,8448,425,-3925,2664,running,0.00,0,0,0,0,0
1779747309082,-14347,31943,6839,-457,-4397,2426,running,0.00,0,0,0,0,0
1779747309083,-10740,29898,8846,-970,-4576,2299,running,0.00,0,0,0,0,0
1779747309083,-15602,28348,6414,-1262,-4546,1847,running,0.00,0,0,0,0,0
1779747309109,-9361,21987,3370,-1418,-4307,1374,running,0.00,0,0,0,0,0
1779747309110,-15180,29876,5194,-635,-4395,2626,running,0.00,0,0,0,0,0
1779747309110,-17280,24848,6084,683,-3906,2391,running,0.00,0,0,0,0,0
1779747309141,-14744,15462,3280,1015,-3343,1647,running,0.00,0,0,0,0,0
1779747309141,-12824,11551,910,985,-3117,1308,running,0.00,0,0,0,0,0
1779747309142,-12326,9325,1064,844,-3119,1101,running,0.00,0,0,0,0,0
1779747309169,-11724,7056,-590,791,-2990,924,running,0.00,0,0,0,0,0
1779747309170,-11235,2404,2467,506,-2893,826,running,0.00,0,0,0,0,0
1779747309171,-9093,-2290,763,-64,-2381,1031,running,0.00,0,0,0,0,0
1779747309200,-15127,9005,-3924,-173,-2535,1025,running,0.00,0,0,0,0,0
1779747309201,-12873,655,1326,927,-2545,423,running,0.00,0,0,0,0,0
1779747309202,-10766,-3115,-1567,925,-2038,556,running,0.00,0,0,0,0,0
1779747309230,-12041,-1055,-2730,958,-1872,638,running,0.00,0,0,0,0,0
1779747309230,-13259,-2330,-1569,1205,-1824,431,running,0.00,0,0,0,0,0
1779747309231,-13423,-4474,-1191,1185,-1629,334,running,0.00,0,0,0,0,0
1779747309261,-13251,-4897,-1029,1067,-1329,339,running,0.00,0,0,0,0,0
1779747309262,-12979,-4511,-1015,1045,-1021,329,running,0.00,0,0,0,0,0
1779747309263,-11811,-4585,-876,1065,-633,220,running,0.00,0,0,0,0,0
1779747309289,-11520,-5557,-245,971,-198,11,running,0.00,0,0,0,0,0
1779747309289,-10958,-5947,844,910,116,-240,running,0.00,0,0,0,0,0
1779747309290,-10099,-4368,1410,981,-45,-323,running,0.00,0,0,0,0,0
1779747309319,-11585,-5928,5200,705,372,-527,running,0.00,0,0,0,0,0
1779747309320,-8675,-6019,1849,180,1144,-820,running,0.00,0,0,0,0,0
1779747309320,-6881,-5378,1390,-133,1311,-1098,running,0.00,0,0,0,0,0
1779747309349,-6596,-1441,880,-320,1519,-1253,running,0.00,0,0,0,0,0
1779747309349,-7736,2594,-768,-390,1846,-1356,running,0.00,0,0,0,0,0
1779747309350,-8091,7635,-480,-551,2132,-1745,running,0.00,0,0,0,0,0
1779747309379,-7707,13237,337,-606,2358,-2265,running,0.00,0,0,0,0,0
1779747309379,-9293,19425,1559,-821,2508,-2776,running,0.00,0,0,0,0,0
1779747309381,-8632,25368,-487,-1111,2669,-3267,running,0.00,0,0,0,0,0
1779747309411,-9248,31760,-561,-887,2543,-3531,running,0.00,0,0,0,0,0
1779747309419,-13268,32767,3038,-588,2315,-4006,running,0.00,0,0,0,0,0
1779747309419,-15055,32704,2534,-676,2213,-4217,running,0.00,0,0,0,0,0
1779747309440,-15922,32732,61,-802,1879,-4073,running,0.00,0,0,0,0,0
1779747309440,-17076,32767,-1565,-1031,1417,-3724,running,0.00,0,0,0,0,0
1779747309441,-17645,32767,-1750,-1114,1085,-3244,running,0.00,0,0,0,0,0
1779747309470,-19538,32766,-4664,-1182,924,-2799,running,0.00,0,0,0,0,0
1779747309475,-15594,32767,-3709,-802,695,-2609,running,0.00,0,0,0,0,0
1779747309476,-8738,32767,-4169,-922,888,-2138,running,0.00,0,0,0,0,0
1779747309499,-7316,32767,-4876,-671,548,-1669,running,0.00,0,0,0,0,0
1779747309499,-6789,32617,-2943,-646,100,-1424,running,0.00,0,0,0,0,0
1779747309500,-6670,30952,-1585,-975,152,-1313,running,0.00,0,0,0,0,0
1779747309529,-3969,28423,-3125,-1029,420,-1339,running,0.00,0,0,0,0,0
1779747309530,54,22352,-636,-1572,115,-1412,running,0.00,0,0,0,0,0
1779747309530,3240,20373,-1602,-2012,225,-901,running,0.00,0,0,0,0,0
1779747309559,2154,20884,-1871,-1608,417,-265,running,0.00,0,0,0,0,0
1779747309560,987,18003,-1834,-1490,424,-282,running,0.00,0,0,0,0,0
1779747309560,3642,14575,-2490,-1623,398,-511,running,0.00,0,0,0,0,0
1779747309592,5377,13088,-2735,-1635,335,-382,running,0.00,0,0,0,0,0
1779747309593,4594,12860,-3032,-1581,295,-142,running,0.00,0,0,0,0,0
1779747309593,5100,12090,-3743,-1354,380,-55,running,0.00,0,0,0,0,0
1779747309619,7121,8931,-4426,-935,305,8,running,0.00,0,0,0,0,0
1779747309619,5781,8321,-3996,-631,316,136,running,0.00,0,0,0,0,0
1779747309619,5984,7407,-3637,-348,359,159,running,0.00,0,0,0,0,0
1779747309651,7013,6627,-3170,-67,344,228,running,0.00,0,0,0,0,0
1779747309652,7822,5619,-2512,156,231,384,running,0.00,0,0,0,0,0
1779747309653,8419,4535,-2027,390,49,553,running,0.00,0,0,0,0,0
1779747309682,8818,3803,-1851,608,-137,737,running,0.00,0,0,0,0,0
1779747309683,9136,3596,-1633,771,-359,953,running,0.00,0,0,0,0,0
1779747309683,9756,3076,-806,876,-651,1146,running,0.00,0,0,0,0,0
1779747309712,10563,2720,-335,883,-935,1338,running,0.00,0,0,0,0,0
1779747309713,10839,2926,-47,841,-1240,1540,running,0.00,0,0,0,0,0
1779747309713,11357,2797,540,755,-1622,1661,running,0.00,0,0,0,0,0
1779747309739,11967,3243,1036,667,-2008,1736,running,0.00,0,0,0,0,0
1779747309741,12257,4829,1406,534,-2389,1822,running,0.00,0,0,0,0,0
1779747309741,12023,7947,1896,397,-2773,1910,running,0.00,0,0,0,0,0
1779747309770,12156,12936,3699,233,-3149,1966,running,0.00,0,0,0,0,0
1779747309770,12633,19633,6056,82,-3506,2022,running,0.00,0,0,0,0,0
1779747309771,13788,28375,8253,119,-3815,2006,running,0.00,0,0,0,0,0
1779747309803,14803,32767,10471,550,-4117,1773,running,0.00,0,0,0,0,0
1779747309804,11459,32767,13089,1306,-4280,1363,running,0.00,0,0,0,0,0
1779747309811,3359,32660,16025,1892,-4126,1037,running,0.00,0,0,0,0,0
1779747309829,-6417,32767,20017,2053,-3924,1270,running,0.00,0,0,0,0,0
1779747309830,-22701,32767,21702,2445,-3803,1849,running,0.00,0,0,0,0,0
1779747309831,-28402,32765,20463,2863,-3517,2502,running,0.00,0,0,0,0,0
1779747309859,-30919,32767,17990,2362,-3776,2915,running,0.00,0,0,0,0,0
1779747309860,-26843,32767,15774,1565,-3977,2999,running,0.00,0,0,0,0,0
1779747309861,-17900,31731,14250,792,-3868,2997,running,0.00,0,0,0,0,0
1779747309890,-8206,31330,8855,29,-3072,3062,running,0.00,0,0,0,0,0
1779747309892,-7112,31185,6588,-57,-3553,3194,running,0.00,0,0,0,0,0
1779747309893,-13300,29952,7778,245,-3842,3095,running,0.00,0,0,0,0,0
1779747309919,-15287,24084,6918,734,-3755,2437,running,0.00,0,0,0,0,0
1779747309920,-15914,18039,7831,1300,-3572,2003,running,0.00,0,0,0,0,0
1779747309921,-13695,13786,6618,1897,-3254,1808,running,0.00,0,0,0,0,0
1779747309949,-10797,9739,6109,2025,-3163,1474,running,0.00,0,0,0,0,0
1779747309950,-8261,7816,4289,2192,-3011,1147,running,0.00,0,0,0,0,0
1779747309950,-5725,3938,5069,2245,-3244,767,running,0.00,0,0,0,0,0
1779747309979,-6441,1588,5189,1843,-3475,424,running,0.00,0,0,0,0,0
1779747309979,-9116,542,4959,1724,-3350,143,running,0.00,0,0,0,0,0
1779747309980,-10370,-1049,4970,1713,-3148,-212,running,0.00,0,0,0,0,0
1779747310014,-10003,-3510,6015,1622,-2982,-489,running,0.00,0,0,0,0,0
1779747310015,-9681,-5513,6902,1453,-2884,-702,running,0.00,0,0,0,0,0
1779747310016,-11183,-7071,8213,1186,-2834,-902,running,0.00,0,0,0,0,0
1779747310039,-12363,-7798,9081,992,-2624,-990,running,0.00,0,0,0,0,0
1779747310040,-13265,-7043,9040,900,-2413,-1000,running,0.00,0,0,0,0,0
1779747310040,-12981,-8399,9269,668,-2284,-1246,running,0.00,0,0,0,0,0
1779747310073,-12442,-9549,9549,403,-2065,-1443,running,0.00,0,0,0,0,0
1779747310074,-13435,-9138,9705,172,-1732,-1431,running,0.00,0,0,0,0,0
1779747310074,-14142,-8738,9676,-40,-1374,-1459,running,0.00,0,0,0,0,0
1779747310099,-13876,-8149,9248,-247,-974,-1559,running,0.00,0,0,0,0,0
1779747310099,-13170,-6105,7630,-383,-531,-1681,running,0.00,0,0,0,0,0
1779747310100,-12953,-3874,5821,-463,-128,-1857,running,0.00,0,0,0,0,0
1779747310129,-13068,-2042,4163,-438,272,-2050,running,0.00,0,0,0,0,0
1779747310130,-13218,-135,3144,-308,683,-2264,running,0.00,0,0,0,0,0
1779747310131,-13908,1799,4311,-273,1072,-2504,running,0.00,0,0,0,0,0
1779747310159,-15100,4075,5911,-463,1414,-2764,running,0.00,0,0,0,0,0
1779747310163,-16517,7577,6909,-794,1631,-3083,running,0.00,0,0,0,0,0
1779747310164,-19610,13500,7722,-1280,1813,-3386,running,0.00,0,0,0,0,0
1779747310190,-23603,21446,4307,-1804,2004,-3678,running,0.00,0,0,0,0,0
1779747310190,-26939,28221,529,-2349,1957,-3933,running,0.00,0,0,0,0,0
1779747310191,-31219,32767,-532,-2731,1731,-3940,running,0.00,0,0,0,0,0
1779747310221,-32768,32767,-1146,-2883,1559,-3696,running,0.00,0,0,0,0,0
1779747310221,-32014,32685,-2274,-3109,1509,-3355,running,0.00,0,0,0,0,0
1779747310222,-26368,32764,-4189,-3476,1418,-2930,running,0.00,0,0,0,0,0
1779747310248,-21343,32767,-4108,-3580,1264,-2497,running,0.00,0,0,0,0,0
1779747310249,-13378,32766,-3875,-3570,1162,-2129,running,0.00,0,0,0,0,0
1779747310249,-8179,32767,-4984,-3554,951,-1585,running,0.00,0,0,0,0,0
1779747310281,-6263,32767,-4100,-3491,706,-1323,running,0.00,0,0,0,0,0
1779747310281,-1848,32566,-3666,-3969,462,-1515,running,0.00,0,0,0,0,0
1779747310282,-7240,29824,1340,-4483,232,-1505,running,0.00,0,0,0,0,0
1779747310310,-1015,28957,-3591,-3840,820,-889,running,0.00,0,0,0,0,0
1779747310310,4674,29471,-5877,-3384,573,-510,running,0.00,0,0,0,0,0
1779747310311,8262,26788,-5099,-2662,380,115,running,0.00,0,0,0,0,0
1779747310340,7054,22535,-4684,-2051,148,750,running,0.00,0,0,0,0,0
1779747310340,5391,16633,-5612,-2076,-11,923,running,0.00,0,0,0,0,0
1779747310341,3328,16835,-6966,-1751,-8,1187,running,0.00,0,0,0,0,0
1779747310368,1622,11258,-5828,-1611,-199,1045,running,0.00,0,0,0,0,0
1779747310369,5716,9968,-6798,-1153,81,1063,running,0.00,0,0,0,0,0
1779747310369,5985,12071,-6779,-137,209,1510,running,0.00,0,0,0,0,0
1779747310404,7211,10667,-6275,614,185,1729,running,0.00,0,0,0,0,0
1779747310405,7949,6743,-4683,863,158,1783,running,0.00,0,0,0,0,0
1779747310405,8348,3163,-3664,973,72,1768,running,0.00,0,0,0,0,0
1779747310429,9733,912,-3158,831,-62,1753,running,0.00,0,0,0,0,0
1779747310429,9924,1044,-1783,639,-295,1862,running,0.00,0,0,0,0,0
1779747310430,9501,1848,-539,618,-472,2028,running,0.00,0,0,0,0,0
1779747310461,9929,3217,243,626,-593,2122,running,0.00,0,0,0,0,0
1779747310461,9788,2397,1509,740,-732,2063,running,0.00,0,0,0,0,0
1779747310463,9357,1016,3816,597,-1011,2023,running,0.00,0,0,0,0,0
1779747310489,9281,2303,4758,550,-1292,2029,running,0.00,0,0,0,0,0
1779747310489,9031,5015,5128,712,-1664,1944,running,0.00,0,0,0,0,0
1779747310490,9397,7325,6224,974,-2048,1886,running,0.00,0,0,0,0,0
1779747310519,8306,10074,7299,880,-2345,1958,running,0.00,0,0,0,0,0
1779747310520,7718,13918,9968,1328,-2705,1931,running,0.00,0,0,0,0,0
1779747310521,9028,15549,12181,1991,-3000,1891,running,0.00,0,0,0,0,0
1779747310549,11258,19767,15337,2201,-3334,1811,running,0.00,0,0,0,0,0
1779747310549,13112,27408,19456,2193,-3847,1623,running,0.00,0,0,0,0,0
1779747310550,13968,32767,22240,1765,-4379,1535,running,0.00,0,0,0,0,0
1779747310579,10683,32767,24520,1025,-4831,1449,running,0.00,0,0,0,0,0
1779747310580,2456,32658,29486,791,-5163,997,running,0.00,0,0,0,0,0
1779747310580,-6763,32767,32600,627,-5179,640,running,0.00,0,0,0,0,0
1779747310609,-14529,32767,31959,244,-4987,843,running,0.00,0,0,0,0,0
1779747310610,-20690,32765,29957,344,-4907,1348,running,0.00,0,0,0,0,0
1779747310610,-23921,32767,27939,948,-4722,1733,running,0.00,0,0,0,0,0
1779747310640,-22460,32767,23916,1445,-4423,1782,running,0.00,0,0,0,0,0
1779747310641,-19288,32767,20183,1433,-4310,1794,running,0.00,0,0,0,0,0
1779747310641,-17458,29503,14959,1899,-4006,753,running,0.00,0,0,0,0,0
1779747310670,-14867,28568,11400,1918,-4130,1410,running,0.00,0,0,0,0,0
1779747310673,-19645,27251,10729,2099,-4238,2180,running,0.00,0,0,0,0,0
1779747310674,-17065,24134,8661,2441,-3887,1645,running,0.00,0,0,0,0,0
1779747310700,-11642,16225,7722,2793,-3533,1070,running,0.00,0,0,0,0,0
1779747310701,-11378,9464,4550,2534,-3105,672,running,0.00,0,0,0,0,0
1779747310701,-8406,4715,3701,2424,-2971,309,running,0.00,0,0,0,0,0
1779747310729,-8137,2421,2483,2009,-2919,171,running,0.00,0,0,0,0,0
1779747310735,-8401,968,1387,1652,-2827,-23,running,0.00,0,0,0,0,0
1779747310736,-7917,-271,1332,1421,-2697,-202,running,0.00,0,0,0,0,0
1779747310759,-7881,-2351,1487,1179,-2553,-375,running,0.00,0,0,0,0,0
1779747310760,-8979,-4615,2448,915,-2404,-502,running,0.00,0,0,0,0,0
1779747310760,-10451,-6537,3374,608,-2270,-535,running,0.00,0,0,0,0,0
1779747310798,-12666,-7649,4362,335,-2166,-587,running,0.00,0,0,0,0,0
1779747310799,-14411,-8155,4740,162,-1898,-763,running,0.00,0,0,0,0,0
1779747310800,-14338,-7893,4329,124,-1512,-1150,running,0.00,0,0,0,0,0
1779747310820,-13376,-7363,4961,182,-1158,-1552,running,0.00,0,0,0,0,0
1779747310820,-12246,-6614,5772,229,-743,-1892,running,0.00,0,0,0,0,0
1779747310821,-11704,-5855,6128,307,-367,-2065,running,0.00,0,0,0,0,0
1779747310852,-11585,-5245,6113,396,-69,-2162,running,0.00,0,0,0,0,0
1779747310853,-12379,-4716,6406,452,213,-2321,running,0.00,0,0,0,0,0
1779747310853,-14108,-4144,7890,460,570,-2572,running,0.00,0,0,0,0,0
1779747310879,-14058,-2482,7087,303,977,-2863,running,0.00,0,0,0,0,0
1779747310880,-14784,-734,5536,-27,1268,-3205,running,0.00,0,0,0,0,0
1779747310880,-16615,-1210,7817,-594,1477,-3474,running,0.00,0,0,0,0,0
1779747310912,-16984,4639,4166,-830,2010,-3052,running,0.00,0,0,0,0,0
1779747310912,-18518,10992,4348,-889,2266,-2874,running,0.00,0,0,0,0,0
1779747310913,-19512,11506,8227,-1405,2366,-3680,running,0.00,0,0,0,0,0
1779747310939,-18767,14020,12778,-2046,2247,-4137,running,0.00,0,0,0,0,0
1779747310940,-21571,18456,15448,-2556,2295,-4087,running,0.00,0,0,0,0,0
1779747310941,-25114,23817,15164,-3137,2426,-4132,running,0.00,0,0,0,0,0
1779747310971,-27667,31925,11567,-3757,2539,-4194,running,0.00,0,0,0,0,0
1779747310971,-29376,32767,5691,-4214,2390,-4131,running,0.00,0,0,0,0,0
1779747310972,-29954,32665,2470,-4529,1830,-3856,running,0.00,0,0,0,0,0
1779747311000,-27746,32732,2794,-4285,1595,-3170,running,0.00,0,0,0,0,0
1779747311001,-25484,32767,1801,-3540,1734,-2588,running,0.00,0,0,0,0,0
1779747311002,-17032,32766,2941,-2702,1802,-2291,running,0.00,0,0,0,0,0
1779747311030,-11038,32766,4742,-2602,1488,-1791,running,0.00,0,0,0,0,0
1779747311030,-8400,32767,5747,-3248,1228,-1523,running,0.00,0,0,0,0,0
1779747311031,-4970,32581,6470,-3648,1170,-1383,running,0.00,0,0,0,0,0
1779747311061,-3542,30870,8569,-3783,1220,-1172,running,0.00,0,0,0,0,0
1779747311061,-4003,30527,6174,-3378,1409,-998,running,0.00,0,0,0,0,0
1779747311062,1779,28268,3561,-2937,1323,-917,running,0.00,0,0,0,0,0
1779747311090,7644,24213,4844,-3005,749,-898,running,0.00,0,0,0,0,0
1779747311091,12518,21983,3796,-3417,-70,-241,running,0.00,0,0,0,0,0
1779747311092,8753,21189,-1424,-3081,281,561,running,0.00,0,0,0,0,0
1779747311119,4550,19745,-3266,-2136,519,1015,running,0.00,0,0,0,0,0
1779747311120,3322,13351,739,-2505,-427,941,running,0.00,0,0,0,0,0
1779747311120,6592,16109,-2019,-1474,-1013,1262,running,0.00,0,0,0,0,0
1779747311149,8062,13154,-2871,-798,-879,1397,running,0.00,0,0,0,0,0
1779747311150,5222,11639,304,-695,-403,1246,running,0.00,0,0,0,0,0
1779747311151,8224,9294,-799,449,-98,1040,running,0.00,0,0,0,0,0
1779747311180,10407,9285,83,1147,-420,1426,running,0.00,0,0,0,0,0
1779747311184,6149,8154,392,1478,-745,1836,running,0.00,0,0,0,0,0
1779747311185,4278,8272,989,1801,-809,1867,running,0.00,0,0,0,0,0
1779747311209,4812,6389,800,2138,-714,1590,running,0.00,0,0,0,0,0
1779747311210,5858,1179,1634,2056,-665,1632,running,0.00,0,0,0,0,0
1779747311211,5993,3106,424,1646,-778,1976,running,0.00,0,0,0,0,0
1779747311239,5076,6891,1492,1655,-1158,2240,running,0.00,0,0,0,0,0
1779747311239,4348,8260,2657,1116,-1568,2411,running,0.00,0,0,0,0,0
1779747311240,4763,7548,4290,740,-2006,2394,running,0.00,0,0,0,0,0
1779747311269,2073,6724,3168,695,-2089,2588,running,0.00,0,0,0,0,0
1779747311270,-1437,11830,4720,708,-2097,2810,running,0.00,0,0,0,0,0
1779747311270,489,11426,6358,942,-2250,2779,running,0.00,0,0,0,0,0
1779747311307,2759,13010,7886,822,-2660,2903,running,0.00,0,0,0,0,0
1779747311307,2468,19262,9420,831,-3124,3148,running,0.00,0,0,0,0,0
1779747311308,423,25420,10466,1109,-3416,3238,running,0.00,0,0,0,0,0
1779747311330,-398,30978,11445,1737,-3571,3088,running,0.00,0,0,0,0,0
1779747311331,2451,32767,14561,2263,-3736,2997,running,0.00,0,0,0,0,0
1779747311331,-279,32767,14685,2855,-3729,2806,running,0.00,0,0,0,0,0
1779747311361,1084,32726,14499,3355,-3516,2597,running,0.00,0,0,0,0,0
1779747311361,-5212,32767,17821,3713,-3471,2580,running,0.00,0,0,0,0,0
1779747311361,-11389,32767,19860,3785,-3194,2590,running,0.00,0,0,0,0,0
1779747311389,-14518,32766,21009,3424,-3091,2685,running,0.00,0,0,0,0,0
1779747311390,-19021,32767,18187,3631,-2938,2575,running,0.00,0,0,0,0,0
1779747311390,-22084,32767,17849,3293,-2887,2347,running,0.00,0,0,0,0,0
1779747311421,-18295,31376,11389,3043,-2590,2115,running,0.00,0,0,0,0,0
1779747311422,-14433,27331,7193,2572,-2710,2175,running,0.00,0,0,0,0,0
1779747311422,-13749,23845,6147,1737,-2979,2158,running,0.00,0,0,0,0,0
1779747311449,-12893,21987,4378,965,-3251,1718,running,0.00,0,0,0,0,0
1779747311452,-11772,17344,3511,464,-3413,1002,running,0.00,0,0,0,0,0
1779747311452,-11229,16232,3082,201,-3510,227,running,0.00,0,0,0,0,0
1779747311479,-11165,13128,4018,505,-3332,-545,running,0.00,0,0,0,0,0
1779747311479,-10709,9444,2158,1062,-2841,-1072,running,0.00,0,0,0,0,0
1779747311480,-4468,8537,-1936,1311,-2583,-986,running,0.00,0,0,0,0,0
1779747311509,-2527,11697,1700,1337,-3053,-305,running,0.00,0,0,0,0,0
1779747311509,-8395,11621,3599,2462,-2686,34,running,0.00,0,0,0,0,0
1779747311510,-11292,1783,4771,2683,-2478,-446,running,0.00,0,0,0,0,0
1779747311543,-4415,1770,1221,2238,-2826,-862,running,0.00,0,0,0,0,0
1779747311543,-6638,-2490,5309,2475,-3410,-1092,running,0.00,0,0,0,0,0
1779747311543,-11077,-9648,13802,2156,-2785,-884,running,0.00,0,0,0,0,0
1779747311568,-10130,-7561,6371,1345,-1789,-667,running,0.00,0,0,0,0,0
1779747311569,-13403,-8152,7928,828,-2257,-1013,running,0.00,0,0,0,0,0
1779747311569,-17295,-10606,12421,268,-2222,-1150,running,0.00,0,0,0,0,0
1779747311599,-17228,-10124,10123,-285,-1526,-988,running,0.00,0,0,0,0,0
1779747311600,-11414,-10682,8968,-448,-984,-986,running,0.00,0,0,0,0,0
1779747311600,-12115,-8341,7233,-350,-622,-376,running,0.00,0,0,0,0,0
1779747311629,-17529,-4430,9860,-153,-703,-29,running,0.00,0,0,0,0,0
1779747311629,-15368,-6335,9273,-328,96,-921,running,0.00,0,0,0,0,0
1779747311629,-11720,-6436,5891,-550,774,-1767,running,0.00,0,0,0,0,0
1779747311661,-10567,-5359,4818,-742,999,-2127,running,0.00,0,0,0,0,0
1779747311662,-12464,-2691,5168,-668,1355,-2045,running,0.00,0,0,0,0,0
1779747311662,-14277,-305,3974,-516,1875,-2184,running,0.00,0,0,0,0,0
1779747311690,-13006,1158,3214,-709,2222,-2620,running,0.00,0,0,0,0,0
1779747311694,-13760,-1620,622,-912,2384,-2929,running,0.00,0,0,0,0,0
1779747311694,-16874,-1231,3960,-1224,2270,-2600,running,0.00,0,0,0,0,0
1779747311721,-20602,16482,7609,-1577,2407,-2628,running,0.00,0,0,0,0,0
1779747311722,-29791,26435,3507,-2253,2665,-3976,running,0.00,0,0,0,0,0
1779747311723,-32480,27707,767,-2973,2840,-5289,running,0.00,0,0,0,0,0
1779747311749,-32768,30790,1653,-3195,2691,-5762,running,0.00,0,0,0,0,0
1779747311750,-32768,32767,3726,-3473,2462,-5701,running,0.00,0,0,0,0,0
1779747311750,-32761,32767,-2002,-3395,2797,-5518,running,0.00,0,0,0,0,0
1779747311780,-32762,32717,-137,-2064,3083,-4811,running,0.00,0,0,0,0,0
1779747311781,-29370,32767,-7286,-1114,3310,-4501,running,0.00,0,0,0,0,0
1779747311782,-13837,31289,-87,-1758,1200,-5081,running,0.00,0,0,0,0,0
1779747311813,-8614,32056,2016,-2343,1115,-3094,running,0.00,0,0,0,0,0
1779747311813,-6916,32767,356,-2553,1164,-1535,running,0.00,0,0,0,0,0
1779747311814,-3723,32290,-1594,-3016,1213,-1803,running,0.00,0,0,0,0,0
1779747311839,228,28497,2209,-3494,909,-2059,running,0.00,0,0,0,0,0
1779747311840,58,24638,303,-4055,1137,-1805,running,0.00,0,0,0,0,0
1779747311840,3797,23961,-543,-4322,999,-1707,running,0.00,0,0,0,0,0
1779747311871,9837,20502,-498,-4506,734,-1363,running,0.00,0,0,0,0,0
1779747311900,13391,19611,-2570,-4439,385,-602,running,0.00,0,0,0,0,0
1779747311901,11183,17664,-2315,-3867,109,389,running,0.00,0,0,0,0,0
1779747311901,13205,15307,-4705,-3008,165,983,running,0.00,0,0,0,0,0
1779747311902,6672,15860,-2426,-2363,-40,1558,running,0.00,0,0,0,0,0
1779747311903,6658,11741,-4499,-1610,526,1089,running,0.00,0,0,0,0,0
1779747311931,12841,6867,-5042,-789,593,974,running,0.00,0,0,0,0,0
1779747311931,13767,6182,-4419,-667,387,1491,running,0.00,0,0,0,0,0
1779747311932,10984,7596,-2685,-68,314,1845,running,0.00,0,0,0,0,0
1779747311959,11580,6329,-2856,731,444,1952,running,0.00,0,0,0,0,0
1779747311960,12851,3442,-1326,976,541,1975,running,0.00,0,0,0,0,0
1779747311960,10178,4659,-358,916,713,2086,running,0.00,0,0,0,0,0
1779747311990,8084,5614,1330,600,627,1876,running,0.00,0,0,0,0,0
1779747311991,7785,6322,152,462,460,1586,running,0.00,0,0,0,0,0
1779747311991,5614,9765,-622,321,336,1664,running,0.00,0,0,0,0,0
1779747312019,4357,17315,-2603,259,545,1781,running,0.00,0,0,0,0,0
1779747312020,3554,15475,-976,503,632,834,running,0.00,0,0,0,0,0
1779747312021,7850,14804,901,338,-422,1336,running,0.00,0,0,0,0,0
1779747312054,4787,23381,-321,708,-976,2882,running,0.00,0,0,0,0,0
1779747312055,1237,26737,1547,890,-806,4029,running,0.00,0,0,0,0,0
1779747312055,1888,30417,3006,1131,-785,4783,running,0.00,0,0,0,0,0
1779747312080,1695,32529,3728,1250,-1171,5129,running,0.00,0,0,0,0,0
1779747312081,4020,32767,4442,1050,-1510,5361,running,0.00,0,0,0,0,0
1779747312081,3492,32746,4420,1057,-1892,5559,running,0.00,0,0,0,0,0
1779747312111,-1033,32758,3674,1098,-1960,5470,running,0.00,0,0,0,0,0
1779747312112,-7477,32767,5035,1478,-1896,5089,running,0.00,0,0,0,0,0
1779747312112,-17369,32767,7890,2025,-1686,4644,running,0.00,0,0,0,0,0
1779747312140,-26802,32767,8121,2469,-1367,4210,running,0.00,0,0,0,0,0
1779747312140,-32768,32767,6887,2925,-1347,3660,running,0.00,0,0,0,0,0
1779747312141,-32595,32234,4490,3149,-1394,3218,running,0.00,0,0,0,0,0
1779747312169,-31319,26713,4900,2982,-1530,3398,running,0.00,0,0,0,0,0
1779747312170,-20099,15295,-3004,2155,-1529,3707,running,0.00,0,0,0,0,0
1779747312172,-15926,19946,225,852,-2340,4232,running,0.00,0,0,0,0,0
1779747312198,-13933,18554,-1215,572,-2567,4348,running,0.00,0,0,0,0,0
1779747312199,-16595,16088,632,-773,-3192,3433,running,0.00,0,0,0,0,0
1779747312199,-12530,15534,-3480,-906,-3491,2798,running,0.00,0,0,0,0,0
1779747312229,-11271,15789,-2751,-810,-3963,2670,running,0.00,0,0,0,0,0
1779747312229,-14504,12149,-1664,-631,-3905,1582,running,0.00,0,0,0,0,0
1779747312230,-5631,7612,-5675,-468,-3808,382,running,0.00,0,0,0,0,0
1779747312259,-5124,9189,-3331,-16,-4229,288,running,0.00,0,0,0,0,0
1779747312260,-7928,5266,-1314,755,-4481,8,running,0.00,0,0,0,0,0
1779747312260,-9763,5096,3059,1602,-4102,-371,running,0.00,0,0,0,0,0
1779747312289,-5122,-1454,2011,2276,-3664,-807,running,0.00,0,0,0,0,0
1779747312290,-9432,-6761,7731,2257,-3890,-1008,running,0.00,0,0,0,0,0
1779747312291,-9226,-12095,10222,1929,-3781,-1156,running,0.00,0,0,0,0,0
1779747312319,-8995,-16395,11150,1100,-3932,-1253,running,0.00,0,0,0,0,0
1779747312322,-12436,-17014,12723,183,-3876,-1210,running,0.00,0,0,0,0,0
1779747312324,-16371,-17919,14631,-827,-3511,-1213,running,0.00,0,0,0,0,0
1779747312349,-16687,-18622,14069,-2390,-3184,-1472,running,0.00,0,0,0,0,0
1779747312351,-18669,-19005,13061,-3526,-2813,-1822,running,0.00,0,0,0,0,0
1779747312351,-16700,-19496,14036,-3925,-2336,-2322,running,0.00,0,0,0,0,0
1779747312379,-20715,-14731,15436,-3972,-1990,-2745,running,0.00,0,0,0,0,0
1779747312387,-20145,-8132,18208,-3574,-1205,-2495,running,0.00,0,0,0,0,0
1779747312387,-23025,4740,16113,-2257,270,-2054,running,0.00,0,0,0,0,0
1779747312409,-15208,525,15658,-1945,1044,-3901,running,0.00,0,0,0,0,0
1779747312409,-13717,-3758,13470,-1527,1764,-4612,running,0.00,0,0,0,0,0
1779747312410,-14893,-4927,10869,-1284,2192,-4634,running,0.00,0,0,0,0,0
1779747312443,-16841,-5791,8317,-1605,2380,-4654,running,0.00,0,0,0,0,0
1779747312443,-16582,-3751,4238,-2206,2534,-4846,running,0.00,0,0,0,0,0
1779747312444,-19793,4070,6541,-3037,2480,-4936,running,0.00,0,0,0,0,0
1779747312469,-26227,20661,14529,-3580,2820,-5006,running,0.00,0,0,0,0,0
1779747312470,-31541,32122,18830,-3631,3357,-5359,running,0.00,0,0,0,0,0
1779747312470,-32768,30735,18267,-4077,3423,-5790,running,0.00,0,0,0,0,0
1779747312502,-32768,32523,15233,-3933,3612,-5415,running,0.00,0,0,0,0,0
1779747312502,-32734,32767,10930,-3347,3743,-4635,running,0.00,0,0,0,0,0
1779747312503,-31985,32737,3056,-3487,3344,-3473,running,0.00,0,0,0,0,0
1779747312530,-32768,32757,3377,-4211,2914,-3072,running,0.00,0,0,0,0,0
1779747312530,-32536,32767,-180,-4720,2845,-2371,running,0.00,0,0,0,0,0
1779747312531,-28950,32767,616,-4622,2619,-1362,running,0.00,0,0,0,0,0
1779747312561,-23972,32767,3305,-3858,2510,-826,running,0.00,0,0,0,0,0
1779747312562,-16707,32767,4211,-3588,2571,-408,running,0.00,0,0,0,0,0
1779747312562,-10311,32698,3724,-3273,2355,42,running,0.00,0,0,0,0,0
1779747312590,-5333,31509,4448,-3038,1939,136,running,0.00,0,0,0,0,0
1779747312590,-370,27976,4877,-2997,1567,-2,running,0.00,0,0,0,0,0
1779747312591,3366,25718,3005,-2912,1318,-13,running,0.00,0,0,0,0,0
1779747312620,7747,22166,2485,-2560,857,183,running,0.00,0,0,0,0,0
1779747312620,818,16987,3238,-2946,159,424,running,0.00,0,0,0,0,0
1779747312621,1335,15819,430,-3197,104,518,running,0.00,0,0,0,0,0
1779747312651,1465,16592,-1639,-2123,379,853,running,0.00,0,0,0,0,0
1779747312651,3930,14261,-3840,-1439,446,841,running,0.00,0,0,0,0,0
1779747312652,6847,10839,-4428,-1265,275,710,running,0.00,0,0,0,0,0
1779747312680,7947,8952,-5144,-948,267,819,running,0.00,0,0,0,0,0
1779747312681,7714,8447,-5469,-318,295,1040,running,0.00,0,0,0,0,0
1779747312682,7864,7955,-4360,332,174,1223,running,0.00,0,0,0,0,0
1779747312710,9748,7065,-3972,741,169,1292,running,0.00,0,0,0,0,0
1779747312711,8317,5165,-2745,825,110,1239,running,0.00,0,0,0,0,0
1779747312712,8745,4201,-1739,891,37,1149,running,0.00,0,0,0,0,0
1779747312740,9059,3799,-865,1005,-48,1232,running,0.00,0,0,0,0,0
1779747312741,8454,4587,390,817,-159,1412,running,0.00,0,0,0,0,0
1779747312742,7767,5916,1066,578,-294,1476,running,0.00,0,0,0,0,0
1779747312770,5598,10203,1565,775,-347,1432,running,0.00,0,0,0,0,0
1779747312771,2172,10262,1708,1148,-158,536,running,0.00,0,0,0,0,0
1779747312779,7586,11814,3628,1221,-358,217,running,0.00,0,0,0,0,0
1779747312803,9171,15069,2349,1266,-1039,1212,running,0.00,0,0,0,0,0
1779747312804,6325,14766,1169,1547,-1475,2359,running,0.00,0,0,0,0,0
1779747312805,2564,14852,2702,1632,-1370,2911,running,0.00,0,0,0,0,0
1779747312829,3799,12791,4626,1742,-1312,2953,running,0.00,0,0,0,0,0
1779747312829,6130,12747,5836,1507,-1687,3146,running,0.00,0,0,0,0,0
1779747312830,5774,18050,8394,1177,-2185,3538,running,0.00,0,0,0,0,0
1779747312860,5141,26134,10663,1156,-2548,3841,running,0.00,0,0,0,0,0
1779747312861,4031,32767,11107,1400,-2862,4038,running,0.00,0,0,0,0,0
1779747312861,955,32767,11102,1658,-2978,4080,running,0.00,0,0,0,0,0
1779747312892,-10134,32766,18888,2902,-2713,3382,running,0.00,0,0,0,0,0
1779747312893,-18046,32767,23062,3461,-2341,2567,running,0.00,0,0,0,0,0
1779747312894,-27166,32765,23188,3504,-2101,2704,running,0.00,0,0,0,0,0
1779747312919,-32768,32767,22013,3082,-2063,3637,running,0.00,0,0,0,0,0
1779747312920,-32768,32252,21418,2864,-2013,4059,running,0.00,0,0,0,0,0
1779747312921,-32218,25118,20008,2500,-2107,3181,running,0.00,0,0,0,0,0
1779747312949,-20600,22928,9023,1848,-1931,3379,running,0.00,0,0,0,0,0
1779747312952,-21312,29311,9579,918,-3018,4262,running,0.00,0,0,0,0,0
1779747312953,-20773,22855,7066,475,-3210,3341,running,0.00,0,0,0,0,0
1779747312981,-16644,16794,4695,356,-3310,2682,running,0.00,0,0,0,0,0
1779747312982,-17372,14650,5455,332,-3690,2503,running,0.00,0,0,0,0,0
1779747312982,-18578,8432,6488,168,-3646,1474,running,0.00,0,0,0,0,0
1779747313012,-13618,5173,1105,293,-3204,429,running,0.00,0,0,0,0,0
1779747313013,-8829,3164,46,481,-3328,193,running,0.00,0,0,0,0,0
1779747313013,-6486,1118,-1731,730,-3604,145,running,0.00,0,0,0,0,0
1779747313041,-7207,-4226,-432,521,-3719,-264,running,0.00,0,0,0,0,0
1779747313042,-9501,-4316,880,509,-3539,-818,running,0.00,0,0,0,0,0
1779747313043,-9483,-4851,-560,848,-3089,-1264,running,0.00,0,0,0,0,0
1779747313072,-9744,-5638,-260,1172,-2800,-1494,running,0.00,0,0,0,0,0
1779747313072,-11407,-7128,2232,1457,-2639,-1771,running,0.00,0,0,0,0,0
1779747313073,-11618,-8908,5168,1726,-2463,-1953,running,0.00,0,0,0,0,0
1779747313131,-12134,-10685,7661,1908,-2287,-1828,running,0.00,0,0,0,0,0
1779747313132,-13287,-11368,11380,2125,-2046,-1433,running,0.00,0,0,0,0,0
1779747313132,-14494,-9968,13601,2144,-1692,-1088,running,0.00,0,0,0,0,0
1779747313133,-14210,-10043,14196,1791,-1531,-1164,running,0.00,0,0,0,0,0
1779747313133,-6772,-13435,8781,1664,-1641,-1078,running,0.00,0,0,0,0,0
1779747313134,-21554,-8880,14519,1596,-2654,-675,running,0.00,0,0,0,0,0
1779747313159,-23607,-8367,20822,861,-1909,-1948,running,0.00,0,0,0,0,0
1779747313160,-15138,-16732,12485,397,-408,-3381,running,0.00,0,0,0,0,0
1779747313161,-14220,-11029,10857,-314,-367,-3124,running,0.00,0,0,0,0,0
1779747313192,-17158,-10323,13593,-993,20,-2947,running,0.00,0,0,0,0,0
1779747313192,-17828,-8768,11904,-1592,580,-2881,running,0.00,0,0,0,0,0
1779747313193,-20211,-3608,8969,-2215,930,-3040,running,0.00,0,0,0,0,0
1779747313219,-23011,1215,8911,-2683,1171,-3634,running,0.00,0,0,0,0,0
1779747313220,-26424,5590,13447,-3156,1610,-4351,running,0.00,0,0,0,0,0
1779747313220,-26938,14983,14893,-3908,2310,-4742,running,0.00,0,0,0,0,0
1779747313251,-32167,32527,9749,-4254,3227,-4732,running,0.00,0,0,0,0,0
1779747313251,-32768,32767,1722,-3981,3492,-5403,running,0.00,0,0,0,0,0
1779747313252,-32707,32495,1963,-3301,3267,-5903,running,0.00,0,0,0,0,0
1779747313279,-32744,32728,-69,-2295,3161,-5427,running,0.00,0,0,0,0,0
1779747313280,-31475,32767,-5378,-1912,2507,-4524,running,0.00,0,0,0,0,0
1779747313280,-32231,32644,7225,-2187,1539,-4436,running,0.00,0,0,0,0,0
1779747313314,-28727,32367,1251,-2103,2287,-3662,running,0.00,0,0,0,0,0
1779747313315,-23820,32767,3352,-3053,1853,-1660,running,0.00,0,0,0,0,0
1779747313316,-23453,32767,3099,-3886,2094,-1069,running,0.00,0,0,0,0,0
1779747313342,-8834,32670,-220,-4595,1885,-1279,running,0.00,0,0,0,0,0
1779747313342,466,32756,98,-4573,1411,-124,running,0.00,0,0,0,0,0
1779747313344,466,32685,1236,-4295,1074,664,running,0.00,0,0,0,0,0
1779747313370,1258,30670,421,-4369,990,484,running,0.00,0,0,0,0,0
1779747313370,7611,24216,-1136,-4260,873,283,running,0.00,0,0,0,0,0
1779747313370,3947,22965,-2185,-3943,792,588,running,0.00,0,0,0,0,0
1779747313399,2599,16261,-3316,-3748,623,242,running,0.00,0,0,0,0,0
1779747313400,5423,13503,-4976,-3400,530,502,running,0.00,0,0,0,0,0
1779747313404,7536,12671,-6134,-2520,499,1196,running,0.00,0,0,0,0,0
1779747313429,5919,11488,-5490,-1767,191,1790,running,0.00,0,0,0,0,0
1779747313431,4407,12156,-6142,-1322,338,2048,running,0.00,0,0,0,0,0
1779747313432,7729,8424,-7057,-593,502,2020,running,0.00,0,0,0,0,0
1779747313459,7852,3591,-5554,-455,348,1984,running,0.00,0,0,0,0,0
1779747313460,4186,6909,-4438,-266,422,2255,running,0.00,0,0,0,0,0
1779747313460,8500,2926,-7019,161,804,1905,running,0.00,0,0,0,0,0
1779747313490,12385,1420,-4512,276,663,1957,running,0.00,0,0,0,0,0
1779747313491,9602,1254,-3545,246,316,2133,running,0.00,0,0,0,0,0
1779747313492,7912,2201,-4681,497,338,2081,running,0.00,0,0,0,0,0
1779747313520,7690,3189,-3687,673,473,1902,running,0.00,0,0,0,0,0
1779747313523,6979,4526,-1037,828,531,1804,running,0.00,0,0,0,0,0
1779747313524,7028,5744,1145,1067,565,1768,running,0.00,0,0,0,0,0
1779747313550,7742,5682,2255,1237,496,1787,running,0.00,0,0,0,0,0
1779747313550,8350,4600,3456,1223,251,1876,running,0.00,0,0,0,0,0
1779747313551,9203,2758,3898,880,-134,2034,running,0.00,0,0,0,0,0
1779747313582,3088,3153,5028,419,-624,2197,running,0.00,0,0,0,0,0
1779747313583,1661,3942,1220,-34,-455,1779,running,0.00,0,0,0,0,0
1779747313583,6867,8360,2850,-581,-307,1525,running,0.00,0,0,0,0,0
1779747313610,7653,16395,4995,-517,-936,1914,running,0.00,0,0,0,0,0
1779747313611,7083,23924,5004,-47,-1900,2490,running,0.00,0,0,0,0,0
1779747313611,6248,31885,5681,682,-2707,2953,running,0.00,0,0,0,0,0
1779747313642,3306,32767,7871,1765,-3375,2615,running,0.00,0,0,0,0,0
1779747313643,3841,32685,6872,2508,-3778,2038,running,0.00,0,0,0,0,0
1779747313643,6265,32733,6329,1596,-3206,2329,running,0.00,0,0,0,0,0
1779747313669,-2847,32767,10951,1828,-2712,2658,running,0.00,0,0,0,0,0
1779747313669,-17424,32766,16586,2984,-2535,2197,running,0.00,0,0,0,0,0
1779747313669,-30163,32766,18839,2423,-2560,1706,running,0.00,0,0,0,0,0
1779747313704,-28514,32767,16108,1321,-3429,1871,running,0.00,0,0,0,0,0
1779747313705,-32768,32767,16653,1005,-3835,3284,running,0.00,0,0,0,0,0
1779747313706,-32768,29507,14051,1615,-2680,3821,running,0.00,0,0,0,0,0
1779747313729,-27167,21121,10294,816,-2613,3729,running,0.00,0,0,0,0,0
1779747313730,-18959,22887,7148,-1038,-3493,3188,running,0.00,0,0,0,0,0
1779747313730,-18531,22312,5119,-1874,-4058,2382,running,0.00,0,0,0,0,0
1779747313761,-17895,24514,2167,-1492,-3963,2089,running,0.00,0,0,0,0,0
1779747313761,-16211,22221,1352,84,-3691,1711,running,0.00,0,0,0,0,0
1779747313762,-13060,19737,540,2096,-3269,1498,running,0.00,0,0,0,0,0
1779747313789,-9599,12421,-1300,3706,-2924,1064,running,0.00,0,0,0,0,0
1779747313790,-8782,4552,3154,4246,-2943,565,running,0.00,0,0,0,0,0
1779747313790,-6576,-3622,2473,4374,-2245,-67,running,0.00,0,0,0,0,0
1779747313820,-2906,-5458,-310,4499,-1986,-367,running,0.00,0,0,0,0,0
1779747313821,-1254,-7351,1736,4228,-2295,-530,running,0.00,0,0,0,0,0
1779747313821,-1335,-9713,5179,3786,-2780,-752,running,0.00,0,0,0,0,0
1779747313849,-2653,-12453,7264,3612,-2999,-1146,running,0.00,0,0,0,0,0
1779747313850,-5055,-13993,7901,3469,-3092,-1620,running,0.00,0,0,0,0,0
1779747313851,-6054,-15260,7801,3168,-3091,-2024,running,0.00,0,0,0,0,0
1779747313880,-8793,-11378,11226,3308,-3319,-1242,running,0.00,0,0,0,0,0
1779747313880,-14208,-12771,13550,2423,-3321,-1460,running,0.00,0,0,0,0,0
1779747313881,-14766,-20216,13121,1704,-3337,-2989,running,0.00,0,0,0,0,0
1779747313909,-14877,-16758,14321,1274,-3356,-2897,running,0.00,0,0,0,0,0
1779747313909,-15348,-11901,13739,491,-3125,-2454,running,0.00,0,0,0,0,0
1779747313910,-17150,-7389,14435,494,-2945,-2109,running,0.00,0,0,0,0,0
1779747313946,-20697,-8056,17238,225,-2595,-2670,running,0.00,0,0,0,0,0
1779747313947,-17267,-7989,15272,-572,-1732,-3157,running,0.00,0,0,0,0,0
1779747313947,-13499,-5499,13221,-941,-1248,-3161,running,0.00,0,0,0,0,0
1779747313968,-13811,-5145,13435,-1155,-1056,-3213,running,0.00,0,0,0,0,0
1779747313969,-16984,-5513,16456,-1806,-583,-3440,running,0.00,0,0,0,0,0
1779747313969,-20216,-3065,11619,-3263,667,-3868,running,0.00,0,0,0,0,0
1779747313999,-23535,736,12356,-3872,973,-3957,running,0.00,0,0,0,0,0
1779747314000,-23656,4972,9607,-4375,1350,-4146,running,0.00,0,0,0,0,0
1779747314000,-28010,12849,16741,-4713,1454,-4207,running,0.00,0,0,0,0,0
1779747314029,-32768,27095,20402,-5231,2257,-4356,running,0.00,0,0,0,0,0
1779747314038,-32586,32767,7688,-5208,2959,-4651,running,0.00,0,0,0,0,0
1779747314039,-32698,31786,7148,-4743,2250,-4819,running,0.00,0,0,0,0,0
1779747314060,-32768,31047,7590,-4678,1892,-4704,running,0.00,0,0,0,0,0
1779747314061,-32767,32767,-63,-4036,1631,-4104,running,0.00,0,0,0,0,0
1779747314062,-28503,32767,5388,-3646,1418,-3221,running,0.00,0,0,0,0,0
1779747314093,-32768,32727,-5071,-3950,2517,-2225,running,0.00,0,0,0,0,0
1779747314094,-28131,32767,-13123,-4430,1853,-1604,running,0.00,0,0,0,0,0
1779747314095,-26029,32077,-2420,-5116,660,-2032,running,0.00,0,0,0,0,0
1779747314119,-23409,22898,-2578,-6102,693,-2617,running,0.00,0,0,0,0,0
1779747314120,-12406,29457,-2778,-6591,777,-862,running,0.00,0,0,0,0,0
1779747314121,-10895,28970,-2149,-5726,562,-293,running,0.00,0,0,0,0,0
1779747314152,-8922,26338,270,-5187,517,116,running,0.00,0,0,0,0,0
1779747314153,-3169,23141,760,-4762,761,133,running,0.00,0,0,0,0,0
1779747314153,681,20765,-173,-4552,481,-1,running,0.00,0,0,0,0,0
1779747314180,1564,21154,-3272,-4350,609,311,running,0.00,0,0,0,0,0
1779747314180,2678,20365,-3453,-4099,622,590,running,0.00,0,0,0,0,0
1779747314181,2737,16837,-2559,-3713,263,588,running,0.00,0,0,0,0,0
1779747314211,4513,16206,-4961,-3154,518,760,running,0.00,0,0,0,0,0
1779747314211,6129,16317,-6518,-2611,648,1017,running,0.00,0,0,0,0,0
1779747314212,5510,14968,-7099,-2163,321,1099,running,0.00,0,0,0,0,0
1779747314239,5677,10468,-6722,-1990,62,1143,running,0.00,0,0,0,0,0
1779747314240,5746,8605,-6027,-1942,98,1247,running,0.00,0,0,0,0,0
1779747314240,7098,7693,-5950,-1671,186,1252,running,0.00,0,0,0,0,0
1779747314270,8881,7488,-5777,-1392,161,1368,running,0.00,0,0,0,0,0
1779747314271,8696,7893,-5107,-1243,0,1604,running,0.00,0,0,0,0,0
1779747314271,8324,7900,-4508,-1122,-134,1821,running,0.00,0,0,0,0,0
1779747314300,8471,8049,-3840,-830,-180,2008,running,0.00,0,0,0,0,0
1779747314301,8550,8427,-3485,-430,-177,2157,running,0.00,0,0,0,0,0
1779747314301,8860,8289,-3204,-122,-251,2312,running,0.00,0,0,0,0,0
1779747314330,8972,7762,-2165,-5,-477,2420,running,0.00,0,0,0,0,0
1779747314331,8387,9612,-2603,270,-591,2637,running,0.00,0,0,0,0,0
1779747314331,7347,11573,-2093,670,-740,2793,running,0.00,0,0,0,0,0
1779747314360,6144,13669,-962,1012,-899,2860,running,0.00,0,0,0,0,0
1779747314360,4986,14905,438,1392,-1066,2892,running,0.00,0,0,0,0,0
1779747314361,3569,17203,2051,2021,-1087,3103,running,0.00,0,0,0,0,0
1779747314392,3430,17246,4767,2326,-1205,3400,running,0.00,0,0,0,0,0
1779747314393,3199,18311,7656,2347,-1492,3674,running,0.00,0,0,0,0,0
1779747314394,2907,25062,10388,2387,-1778,3833,running,0.00,0,0,0,0,0
1779747314420,2879,32290,11997,2581,-1886,3689,running,0.00,0,0,0,0,0
1779747314421,2472,32767,13594,2385,-2097,3594,running,0.00,0,0,0,0,0
1779747314421,-4165,32668,14663,1376,-2617,3132,running,0.00,0,0,0,0,0
1779747314450,-13490,32742,19508,960,-2646,2632,running,0.00,0,0,0,0,0
1779747314450,-27350,32767,22893,1469,-2170,2741,running,0.00,0,0,0,0,0
1779747314451,-32768,32766,25272,1804,-1838,3292,running,0.00,0,0,0,0,0
1779747314480,-32768,32766,25104,2209,-1581,3976,running,0.00,0,0,0,0,0
1779747314480,-32633,32524,19468,2827,-1242,4121,running,0.00,0,0,0,0,0
1779747314484,-32765,30050,12231,2911,-1194,4007,running,0.00,0,0,0,0,0
1779747314509,-27714,26613,8357,2337,-1593,3903,running,0.00,0,0,0,0,0
1779747314510,-18318,22795,5522,1505,-2045,3527,running,0.00,0,0,0,0,0
1779747314511,-17197,18860,4508,934,-2639,3045,running,0.00,0,0,0,0,0
1779747314540,-19654,16783,4023,937,-3019,2359,running,0.00,0,0,0,0,0
1779747314540,-18193,12916,1922,1437,-3140,1351,running,0.00,0,0,0,0,0
1779747314541,-14492,9054,-25,2038,-3187,539,running,0.00,0,0,0,0,0
1779747314571,-11295,7967,-778,3106,-3037,326,running,0.00,0,0,0,0,0
1779747314571,-7415,5921,-1673,4379,-2569,506,running,0.00,0,0,0,0,0
1779747314572,-5103,2067,-359,5159,-2534,547,running,0.00,0,0,0,0,0
1779747314599,-4256,-2211,1571,5403,-2743,637,running,0.00,0,0,0,0,0
1779747314600,-4875,-4427,2705,4863,-3167,804,running,0.00,0,0,0,0,0
1779747314600,-6911,-10970,3582,4184,-3591,-494,running,0.00,0,0,0,0,0
1779747314630,-4251,-11812,5642,3447,-3516,-1141,running,0.00,0,0,0,0,0
1779747314631,-6265,-10750,6247,2416,-3626,-1307,running,0.00,0,0,0,0,0
1779747314631,-9191,-12177,8885,2013,-3707,-1343,running,0.00,0,0,0,0,0
1779747314659,-12653,-14396,11288,1630,-3424,-1281,running,0.00,0,0,0,0,0
1779747314661,-16057,-15872,12162,1063,-3081,-1071,running,0.00,0,0,0,0,0
1779747314661,-19585,-14987,10454,321,-2570,-997,running,0.00,0,0,0,0,0
1779747314693,-19413,-14119,9458,76,-2140,-866,running,0.00,0,0,0,0,0
1779747314694,-15877,-11472,9929,49,-1587,-833,running,0.00,0,0,0,0,0
1779747314695,-21571,-7670,8892,-529,-1166,-2187,running,0.00,0,0,0,0,0
1779747314721,-17856,-9850,17048,-369,-410,-3209,running,0.00,0,0,0,0,0
1779747314722,-17228,-7849,18461,-820,856,-3354,running,0.00,0,0,0,0,0
1779747314722,-12173,-4837,13208,-655,1772,-3520,running,0.00,0,0,0,0,0
1779747314749,-5880,-3939,6519,-983,1605,-3305,running,0.00,0,0,0,0,0
1779747314750,-19261,-1264,17587,-1505,1333,-3013,running,0.00,0,0,0,0,0
1779747314751,-24012,-5069,17355,-2275,2047,-3764,running,0.00,0,0,0,0,0
1779747314781,-19816,-2580,10507,-2453,2912,-4462,running,0.00,0,0,0,0,0
1779747314782,-21973,10422,9196,-3007,3519,-4205,running,0.00,0,0,0,0,0
1779747314783,-25785,21832,4858,-3744,3674,-4623,running,0.00,0,0,0,0,0
1779747314810,-24446,25392,11860,-4625,3531,-5193,running,0.00,0,0,0,0,0
1779747314811,-26776,32758,5784,-4929,3884,-4517,running,0.00,0,0,0,0,0
1779747314811,-32281,32767,-3577,-4863,3420,-3908,running,0.00,0,0,0,0,0
1779747314841,-32768,32638,-6290,-4657,2509,-3897,running,0.00,0,0,0,0,0
1779747314842,-32695,32751,-5370,-4292,1714,-3553,running,0.00,0,0,0,0,0
1779747314842,-32746,32767,-6342,-3826,1448,-2636,running,0.00,0,0,0,0,0
1779747314869,-32413,32765,-7034,-3125,1477,-1757,running,0.00,0,0,0,0,0
1779747314870,-29036,32766,-6278,-2977,1387,-1503,running,0.00,0,0,0,0,0
1779747314870,-21947,31909,-4984,-3329,1160,-1536,running,0.00,0,0,0,0,0
1779747314900,-16167,28667,-3577,-3623,932,-1701,running,0.00,0,0,0,0,0
1779747314900,-8511,25713,-4629,-3562,1042,-1642,running,0.00,0,0,0,0,0
1779747314901,-851,22635,-5351,-3052,1295,-1410,running,0.00,0,0,0,0,0
1779747314931,2372,22141,-7101,-2701,1194,-1058,running,0.00,0,0,0,0,0
1779747314932,3118,21406,-7507,-2525,1152,-569,running,0.00,0,0,0,0,0
1779747314935,369,23926,-6616,-2326,732,70,running,0.00,0,0,0,0,0
1779747314961,-624,20728,-6127,-1843,558,91,running,0.00,0,0,0,0,0
1779747314963,1296,14653,-5110,-1783,645,-331,running,0.00,0,0,0,0,0
1779747314964,3194,11808,-6244,-2085,896,-642,running,0.00,0,0,0,0,0
1779747314989,3148,11736,-6495,-2399,826,-990,running,0.00,0,0,0,0,0
1779747314990,6036,8554,-6494,-2551,716,-1482,running,0.00,0,0,0,0,0
1779747314990,11602,3783,-6051,-2651,613,-1183,running,0.00,0,0,0,0,0
1779747315022,12072,9300,-5006,-2049,659,175,running,0.00,0,0,0,0,0
1779747315023,11543,9103,-5726,-1163,780,877,running,0.00,0,0,0,0,0
1779747315024,12187,7897,-4326,-869,619,921,running,0.00,0,0,0,0,0
1779747315050,10966,6050,-3161,-311,610,747,running,0.00,0,0,0,0,0
1779747315051,11439,4122,-4193,140,852,703,running,0.00,0,0,0,0,0
1779747315052,15322,6040,-4220,83,694,1034,running,0.00,0,0,0,0,0
1779747315081,7882,8209,-3186,377,136,1164,running,0.00,0,0,0,0,0
1779747315081,14508,67,-46,-192,81,870,running,0.00,0,0,0,0,0
1779747315082,17727,2046,-2587,-223,15,1252,running,0.00,0,0,0,0,0
1779747315110,10226,5875,-1468,325,-86,1867,running,0.00,0,0,0,0,0
1779747315111,10217,8654,-2224,190,-182,2250,running,0.00,0,0,0,0,0
1779747315111,9748,6527,-1727,54,-423,2310,running,0.00,0,0,0,0,0
1779747315139,7101,8391,609,-551,-1000,2482,running,0.00,0,0,0,0,0
1779747315140,3493,11140,312,-297,-1411,2214,running,0.00,0,0,0,0,0
1779747315141,2819,17590,348,266,-1668,2184,running,0.00,0,0,0,0,0
1779747315169,-755,17665,5059,94,-1909,2284,running,0.00,0,0,0,0,0
1779747315172,-4962,26008,5960,-5,-1631,2868,running,0.00,0,0,0,0,0
1779747315173,-10254,32767,3722,680,-1196,3232,running,0.00,0,0,0,0,0
1779747315199,-14075,32767,1208,1097,-556,3055,running,0.00,0,0,0,0,0
1779747315200,-19138,32631,2229,1638,140,2658,running,0.00,0,0,0,0,0
1779747315201,-27430,32767,6683,2132,790,1987,running,0.00,0,0,0,0,0
1779747315231,-32768,32767,7298,2224,1331,1536,running,0.00,0,0,0,0,0
1779747315231,-32768,32764,7009,2067,1395,1876,running,0.00,0,0,0,0,0
1779747315231,-32672,30831,6707,1401,1255,2398,running,0.00,0,0,0,0,0
1779747315260,-31710,27422,1415,282,1133,2816,running,0.00,0,0,0,0,0
1779747315260,-19588,28430,-8376,-1042,541,3283,running,0.00,0,0,0,0,0
1779747315261,-21557,32767,-6358,-1835,-1015,2976,running,0.00,0,0,0,0,0
1779747315292,-25622,32457,-4489,-1907,-2224,2026,running,0.00,0,0,0,0,0
1779747315292,-27369,29383,-6137,-1071,-2842,1201,running,0.00,0,0,0,0,0
1779747315293,-27254,22247,-4767,384,-2854,589,running,0.00,0,0,0,0,0
1779747315319,-18889,18283,-6276,1979,-2418,539,running,0.00,0,0,0,0,0
1779747315319,-7738,16949,-4364,3510,-2709,983,running,0.00,0,0,0,0,0
1779747315320,-8994,15670,1975,4703,-2826,1190,running,0.00,0,0,0,0,0
1779747315355,-5509,7113,2415,5216,-2530,318,running,0.00,0,0,0,0,0
1779747315356,536,1807,2194,4899,-2570,-326,running,0.00,0,0,0,0,0
1779747315356,1713,202,3360,4543,-2749,-351,running,0.00,0,0,0,0,0
1779747315380,60,-2050,4003,4271,-2841,-145,running,0.00,0,0,0,0,0
1779747315381,-1181,-2341,5017,3899,-3097,-24,running,0.00,0,0,0,0,0
1779747315381,-2782,-4950,7488,3428,-3256,-166,running,0.00,0,0,0,0,0
1779747315411,-4221,-6992,7053,2580,-3036,-522,running,0.00,0,0,0,0,0
1779747315411,-4073,-7419,6685,1813,-3054,-807,running,0.00,0,0,0,0,0
1779747315412,-4120,-7562,6999,1301,-3153,-815,running,0.00,0,0,0,0,0
1779747315439,-6206,-7002,8795,1170,-3067,-643,running,0.00,0,0,0,0,0
1779747315440,-8284,-6554,10237,1249,-2643,-500,running,0.00,0,0,0,0,0
1779747315440,-8963,-7092,11237,1240,-2109,-512,running,0.00,0,0,0,0,0
1779747315470,-9011,-8849,12987,1172,-1513,-548,running,0.00,0,0,0,0,0
1779747315470,-9366,-10603,14486,830,-994,-446,running,0.00,0,0,0,0,0
1779747315471,-8198,-10713,14913,567,-706,-94,running,0.00,0,0,0,0,0
1779747315500,-8863,-13495,15832,17,-444,-508,running,0.00,0,0,0,0,0
1779747315501,-8589,-15485,16132,-648,153,-1554,running,0.00,0,0,0,0,0
1779747315501,-9844,-9052,14505,-1392,836,-1962,running,0.00,0,0,0,0,0
1779747315530,-10611,-9759,18145,-1788,1643,-1698,running,0.00,0,0,0,0,0
1779747315531,-7220,1060,4307,-2575,2961,-1443,running,0.00,0,0,0,0,0
1779747315531,-6877,-6210,6608,-1756,1707,-2213,running,0.00,0,0,0,0,0
1779747315560,-10572,-5491,9938,-796,1455,-1612,running,0.00,0,0,0,0,0
1779747315561,-15335,-4256,8886,-639,2409,-910,running,0.00,0,0,0,0,0
1779747315565,-12172,6764,5264,-1142,3437,-705,running,0.00,0,0,0,0,0
1779747315590,-15717,14948,-2012,-1648,2938,-2306,running,0.00,0,0,0,0,0
1779747315591,-26854,15427,-1416,-2447,2285,-4768,running,0.00,0,0,0,0,0
1779747315591,-26697,23430,-8209,-3439,2411,-5892,running,0.00,0,0,0,0,0
1779747315620,-32227,32767,-18073,-3900,2480,-5470,running,0.00,0,0,0,0,0
1779747315621,-32768,32767,-20313,-3786,1846,-5390,running,0.00,0,0,0,0,0
1779747315621,-32686,32567,-18701,-3623,1497,-4815,running,0.00,0,0,0,0,0
1779747315650,-32364,32469,-17869,-3457,1057,-3824,running,0.00,0,0,0,0,0
1779747315652,-32734,32588,-13177,-3921,789,-2844,running,0.00,0,0,0,0,0
1779747315652,-31185,32767,-13083,-3585,1052,-2391,running,0.00,0,0,0,0,0
1779747315680,-20836,32766,-10438,-3883,867,-2248,running,0.00,0,0,0,0,0
1779747315688,-13249,32762,-7186,-3941,949,-2286,running,0.00,0,0,0,0,0
1779747315689,-7257,31897,-8871,-3811,1075,-3427,running,0.00,0,0,0,0,0
1779747315712,-4800,18991,-2194,-3739,516,-3663,running,0.00,0,0,0,0,0
1779747315712,3314,17494,-1899,-3653,930,-1757,running,0.00,0,0,0,0,0
1779747315713,6925,25599,-2297,-3156,1031,-771,running,0.00,0,0,0,0,0
1779747315742,6914,22234,-3399,-3076,1396,-858,running,0.00,0,0,0,0,0
1779747315743,2647,24364,-1128,-2642,806,-663,running,0.00,0,0,0,0,0
1779747315743,-363,25733,-3835,-1934,959,145,running,0.00,0,0,0,0,0
1779747315769,-215,20067,-1515,-779,341,390,running,0.00,0,0,0,0,0
1779747315770,3575,12949,-2775,-416,653,378,running,0.00,0,0,0,0,0
1779747315770,8279,8520,-4131,-1008,451,21,running,0.00,0,0,0,0,0
1779747315799,9149,8418,-3166,-1338,140,-114,running,0.00,0,0,0,0,0
1779747315802,6856,11444,-3730,-1618,-256,-376,running,0.00,0,0,0,0,0
1779747315803,10552,-785,-1810,-1670,-908,-1402,running,0.00,0,0,0,0,0
1779747315830,21290,1026,-2173,-1442,-275,60,running,0.00,0,0,0,0,0
1779747315831,15146,9462,-2682,-947,-78,1888,running,0.00,0,0,0,0,0
1779747315832,12312,7439,-667,-362,-208,1874,running,0.00,0,0,0,0,0
1779747315862,13538,4799,-959,5,-163,1601,running,0.00,0,0,0,0,0
1779747315863,12952,5289,-1069,94,-272,1538,running,0.00,0,0,0,0,0
1779747315863,11283,5842,-105,329,-349,1635,running,0.00,0,0,0,0,0
1779747315889,10581,6024,4,612,-398,1750,running,0.00,0,0,0,0,0
1779747315890,9108,8590,186,782,-478,1871,running,0.00,0,0,0,0,0
1779747315890,6380,11310,1207,1063,-517,1958,running,0.00,0,0,0,0,0
1779747315920,3841,14176,2052,1205,-513,2179,running,0.00,0,0,0,0,0
1779747315921,1999,15122,2853,1210,-695,2416,running,0.00,0,0,0,0,0
1779747315921,482,19142,3874,1197,-829,2758,running,0.00,0,0,0,0,0
1779747315949,-1261,25088,6465,1077,-1075,3227,running,0.00,0,0,0,0,0
1779747315950,-2174,31193,7836,1116,-1216,3911,running,0.00,0,0,0,0,0
1779747315951,-4094,32767,7468,704,-1541,4417,running,0.00,0,0,0,0,0
1779747315980,-8401,32762,5356,273,-1919,4770,running,0.00,0,0,0,0,0
1779747315981,-14864,32723,3714,-20,-2468,4527,running,0.00,0,0,0,0,0
1779747315981,-20298,32767,5943,28,-2755,3659,running,0.00,0,0,0,0,0
1779747316009,-24856,32767,2703,952,-2504,3387,running,0.00,0,0,0,0,0
1779747316010,-32332,32766,3325,1780,-2685,3734,running,0.00,0,0,0,0,0
1779747316011,-32768,32767,4383,2719,-2623,4204,running,0.00,0,0,0,0,0
1779747316040,-32730,32734,4595,3792,-2209,4423,running,0.00,0,0,0,0,0
1779747316041,-31136,30405,-1469,3509,-1917,4131,running,0.00,0,0,0,0,0
1779747316041,-31875,30727,-4226,2878,-2636,3730,running,0.00,0,0,0,0,0
1779747316070,-30891,21824,2812,2904,-3341,3083,running,0.00,0,0,0,0,0
1779747316070,-28071,17262,2394,2354,-2872,2482,running,0.00,0,0,0,0,0
1779747316071,-20692,13949,-570,1633,-2823,1383,running,0.00,0,0,0,0,0
1779747316100,-18827,7937,813,1293,-3254,468,running,0.00,0,0,0,0,0
1779747316100,-15807,5492,77,1338,-3187,100,running,0.00,0,0,0,0,0
1779747316101,-11459,7388,-2167,1655,-2977,336,running,0.00,0,0,0,0,0
1779747316129,-10256,8182,-908,2215,-2897,639,running,0.00,0,0,0,0,0
1779747316130,-10805,6560,1042,2973,-2750,561,running,0.00,0,0,0,0,0
1779747316131,-10130,3435,3050,3662,-2490,232,running,0.00,0,0,0,0,0
1779747316159,-9056,-4042,5766,4001,-2298,83,running,0.00,0,0,0,0,0
1779747316160,-14828,-7371,9318,3650,-2876,-688,running,0.00,0,0,0,0,0
1779747316160,-12303,-13738,15149,2418,-1836,-1775,running,0.00,0,0,0,0,0
1779747316190,-10271,-12682,9634,1936,-1220,-1870,running,0.00,0,0,0,0,0
1779747316190,-12801,-13377,9958,1765,-1304,-1493,running,0.00,0,0,0,0,0
1779747316191,-13697,-13305,14617,1164,-1179,-1372,running,0.00,0,0,0,0,0
1779747316219,-15606,-13411,15997,249,-967,-1596,running,0.00,0,0,0,0,0
1779747316220,-16339,-10965,18001,-534,-568,-1820,running,0.00,0,0,0,0,0
1779747316220,-11665,-9845,14800,-722,218,-1873,running,0.00,0,0,0,0,0
1779747316250,-11411,-5391,15243,-633,-43,-934,running,0.00,0,0,0,0,0
1779747316250,-14752,-3457,17023,-833,-76,-983,running,0.00,0,0,0,0,0
1779747316254,-13407,-6288,15371,-1152,899,-2573,running,0.00,0,0,0,0,0
1779747316283,-11212,-5308,12754,-1234,1721,-3216,running,0.00,0,0,0,0,0
1779747316283,-17519,1874,10958,-1645,2080,-3139,running,0.00,0,0,0,0,0
1779747316284,-16105,747,7559,-1548,2171,-3565,running,0.00,0,0,0,0,0
1779747316312,-16280,-1520,9002,-1207,1505,-3768,running,0.00,0,0,0,0,0
1779747316313,-17066,-1240,7904,-1389,1427,-3735,running,0.00,0,0,0,0,0
1779747316313,-16874,-505,7250,-1976,1656,-3667,running,0.00,0,0,0,0,0
1779747316340,-18423,1013,8935,-2610,1822,-3577,running,0.00,0,0,0,0,0
1779747316341,-21192,6656,9821,-3456,2319,-3146,running,0.00,0,0,0,0,0
1779747316342,-24681,19764,11024,-4361,2835,-2753,running,0.00,0,0,0,0,0
1779747316372,-31566,32767,7111,-5487,2549,-3235,running,0.00,0,0,0,0,0
1779747316373,-32768,32767,3857,-6666,2365,-4400,running,0.00,0,0,0,0,0
1779747316373,-32696,32533,4084,-7191,2048,-4815,running,0.00,0,0,0,0,0
1779747316400,-31847,30873,2224,-7340,2047,-4141,running,0.00,0,0,0,0,0
1779747316400,-32160,31008,-9384,-7097,2082,-3770,running,0.00,0,0,0,0,0
1779747316401,-30738,32767,-4076,-4701,1337,-3585,running,0.00,0,0,0,0,0
1779747316432,-23617,32767,-980,-3177,1285,-2275,running,0.00,0,0,0,0,0
1779747316432,-13912,32723,-3326,-2486,1024,-1628,running,0.00,0,0,0,0,0
1779747316433,-14994,32767,-106,-2892,637,-2565,running,0.00,0,0,0,0,0
1779747316460,-14851,27576,-6171,-3358,322,-4091,running,0.00,0,0,0,0,0
1779747316461,-5394,19389,-3092,-3771,-756,-3465,running,0.00,0,0,0,0,0
1779747316461,294,20900,-3057,-3374,-893,-1492,running,0.00,0,0,0,0,0
1779747316491,-1154,24469,-4101,-3135,-865,-477,running,0.00,0,0,0,0,0
1779747316492,519,21196,-3826,-3086,-903,-358,running,0.00,0,0,0,0,0
1779747316493,1358,21069,-4116,-2489,-746,29,running,0.00,0,0,0,0,0
1779747316519,-1836,20330,-6232,-1576,-388,559,running,0.00,0,0,0,0,0
1779747316520,4358,13927,-7196,-1590,-545,351,running,0.00,0,0,0,0,0
1779747316521,6990,12008,-6688,-1610,-926,451,running,0.00,0,0,0,0,0
1779747316551,6010,10341,-5545,-991,-523,924,running,0.00,0,0,0,0,0
1779747316552,8747,9495,-7110,-646,-374,1153,running,0.00,0,0,0,0,0
1779747316552,7078,11008,-6429,-324,-375,1239,running,0.00,0,0,0,0,0
1779747316579,6746,10262,-6464,458,-359,1370,running,0.00,0,0,0,0,0
1779747316580,7304,7110,-6116,1156,-195,1729,running,0.00,0,0,0,0,0
1779747316580,7726,4993,-6483,1437,-60,1881,running,0.00,0,0,0,0,0
1779747316610,9138,1287,-5295,1460,-56,1630,running,0.00,0,0,0,0,0
1779747316611,11385,445,-5655,1087,67,1547,running,0.00,0,0,0,0,0
1779747316612,12168,-129,-5575,739,-207,1429,running,0.00,0,0,0,0,0
1779747316639,12276,-761,-4930,451,-461,1383,running,0.00,0,0,0,0,0
1779747316640,12782,949,-4699,179,-704,1541,running,0.00,0,0,0,0,0
1779747316641,8782,4662,-5332,654,-737,1931,running,0.00,0,0,0,0,0
1779747316676,8370,3416,-4332,768,-947,1756,running,0.00,0,0,0,0,0
1779747316677,8159,4229,-3705,699,-1097,1649,running,0.00,0,0,0,0,0
1779747316677,5913,8100,-3825,837,-1149,1655,running,0.00,0,0,0,0,0
1779747316699,4187,11486,-2543,1167,-1264,1535,running,0.00,0,0,0,0,0
1779747316700,3363,14227,634,1503,-1371,1562,running,0.00,0,0,0,0,0
1779747316700,3147,17675,3281,1723,-1424,1862,running,0.00,0,0,0,0,0
1779747316730,2950,23730,6320,1933,-1656,2165,running,0.00,0,0,0,0,0
1779747316731,-452,32767,6483,2107,-1776,2401,running,0.00,0,0,0,0,0
1779747316731,-6306,32767,7557,1846,-1892,2110,running,0.00,0,0,0,0,0
1779747316759,-14496,32614,8761,1433,-1901,1546,running,0.00,0,0,0,0,0
1779747316760,-28108,32751,14525,1245,-1883,855,running,0.00,0,0,0,0,0
1779747316760,-32768,32767,19201,1606,-1644,743,running,0.00,0,0,0,0,0
1779747316792,-32768,32765,19710,1798,-1440,1759,running,0.00,0,0,0,0,0
1779747316792,-32640,32766,22279,2241,-1212,3240,running,0.00,0,0,0,0,0
1779747316793,-32768,32518,18854,2668,-648,4036,running,0.00,0,0,0,0,0
1779747316819,-32220,29055,12541,1837,-429,3959,running,0.00,0,0,0,0,0
1779747316831,-25523,26366,6956,568,-799,3623,running,0.00,0,0,0,0,0
1779747316832,-22933,26341,5654,-345,-1422,3299,running,0.00,0,0,0,0,0
1779747316851,-25408,27037,5404,46,-1622,3052,running,0.00,0,0,0,0,0
1779747316852,-23547,23432,3191,1405,-1405,2622,running,0.00,0,0,0,0,0
1779747316852,-21070,16175,2878,2544,-1316,1901,running,0.00,0,0,0,0,0
1779747316879,-17315,9241,2499,3256,-1098,1167,running,0.00,0,0,0,0,0
1779747316879,-12446,5128,347,3757,-902,660,running,0.00,0,0,0,0,0
1779747316880,-7788,1503,-391,4043,-931,371,running,0.00,0,0,0,0,0
1779747316909,-3662,687,-804,4229,-1080,473,running,0.00,0,0,0,0,0
1779747316909,-2606,120,20,4488,-1376,713,running,0.00,0,0,0,0,0
1779747316909,-2968,-1761,1437,4878,-1592,792,running,0.00,0,0,0,0,0
1779747316947,-3683,-2451,2746,5220,-1471,696,running,0.00,0,0,0,0,0
1779747316947,-3500,-5445,2475,5357,-1393,209,running,0.00,0,0,0,0,0
1779747316948,-3993,-7778,3859,5000,-1540,-97,running,0.00,0,0,0,0,0
1779747316970,-4817,-9173,4921,4409,-1627,-227,running,0.00,0,0,0,0,0
1779747316970,-6159,-10779,5913,3766,-1797,-413,running,0.00,0,0,0,0,0
1779747316971,-8563,-10699,8245,3022,-1959,-463,running,0.00,0,0,0,0,0
1779747317003,-10496,-9918,9480,2306,-1848,-507,running,0.00,0,0,0,0,0
1779747317004,-12624,-9756,11267,1625,-1763,-670,running,0.00,0,0,0,0,0
1779747317004,-16339,-8389,13116,1043,-1527,-805,running,0.00,0,0,0,0,0
1779747317030,-18691,-5647,14624,764,-1237,-904,running,0.00,0,0,0,0,0
1779747317031,-19342,-6149,14431,680,-756,-1109,running,0.00,0,0,0,0,0
1779747317031,-18434,-1128,13826,658,-481,-922,running,0.00,0,0,0,0,0
1779747317061,-20831,-1132,16872,642,-213,-1880,running,0.00,0,0,0,0,0
1779747317061,-18840,-3739,16201,396,583,-2845,running,0.00,0,0,0,0,0
1779747317062,-17371,-2571,12295,-48,1083,-3141,running,0.00,0,0,0,0,0
1779747317089,-16742,-3224,12689,-637,1161,-3446,running,0.00,0,0,0,0,0
1779747317090,-17135,-2032,15242,-1408,1234,-3764,running,0.00,0,0,0,0,0
1779747317091,-18274,-3677,16111,-2632,1121,-4146,running,0.00,0,0,0,0,0
1779747317120,-19016,-3115,13619,-4055,768,-4254,running,0.00,0,0,0,0,0
1779747317121,-27853,5887,9466,-5109,729,-4328,running,0.00,0,0,0,0,0
1779747317122,-32768,23980,5586,-5896,1173,-4801,running,0.00,0,0,0,0,0
1779747317149,-32768,32767,242,-6834,1486,-5728,running,0.00,0,0,0,0,0
1779747317151,-32651,32767,-7113,-7209,1454,-6565,running,0.00,0,0,0,0,0
1779747317155,-32768,32548,-4545,-6155,1195,-6131,running,0.00,0,0,0,0,0
1779747317181,-32422,32767,-3696,-4360,1544,-4695,running,0.00,0,0,0,0,0
1779747317182,-30283,31796,-9464,-3479,1333,-4052,running,0.00,0,0,0,0,0
1779747317182,-21026,32767,-2234,-4165,1066,-3603,running,0.00,0,0,0,0,0
1779747317209,-13676,32767,-8119,-3978,1524,-2372,running,0.00,0,0,0,0,0
1779747317210,-7689,32533,-6688,-5120,824,-2578,running,0.00,0,0,0,0,0
1779747317210,1579,29106,-5467,-5621,384,-2928,running,0.00,0,0,0,0,0
1779747317240,3258,30990,-3532,-5481,-69,-1990,running,0.00,0,0,0,0,0
1779747317241,-2214,31042,-3435,-5065,384,-1824,running,0.00,0,0,0,0,0
1779747317242,13987,22606,-6197,-5899,663,-2404,running,0.00,0,0,0,0,0
1779747317270,12817,21424,-8374,-4738,-360,-1031,running,0.00,0,0,0,0,0
1779747317270,5571,17345,-4616,-4474,-255,146,running,0.00,0,0,0,0,0
1779747317271,10695,22421,-10132,-3469,119,455,running,0.00,0,0,0,0,0
1779747317299,12659,16780,-8948,-2010,-128,512,running,0.00,0,0,0,0,0
1779747317300,12521,12229,-8943,-1510,61,859,running,0.00,0,0,0,0,0
1779747317300,13049,8897,-8338,-1440,-49,922,running,0.00,0,0,0,0,0
1779747317330,14856,6931,-7539,-1390,-102,891,running,0.00,0,0,0,0,0
1779747317330,16062,6991,-6698,-1275,-72,892,running,0.00,0,0,0,0,0
1779747317331,15424,7239,-6179,-1114,-72,713,running,0.00,0,0,0,0,0
1779747317359,15783,4483,-5147,-1079,-145,568,running,0.00,0,0,0,0,0
1779747317360,17897,4677,-3733,-742,-180,983,running,0.00,0,0,0,0,0
1779747317360,18126,7086,-3691,-175,-170,1483,running,0.00,0,0,0,0,0
1779747317390,16230,9283,-2930,215,-490,1624,running,0.00,0,0,0,0,0
1779747317393,14023,8564,-1523,675,-732,1740,running,0.00,0,0,0,0,0
1779747317394,11378,10331,-2237,1274,-883,2059,running,0.00,0,0,0,0,0
1779747317420,8580,11465,-2874,1599,-1099,2247,running,0.00,0,0,0,0,0
1779747317420,4077,12659,-2695,1583,-1393,1994,running,0.00,0,0,0,0,0
1779747317421,5659,11716,-2105,1490,-1493,1836,running,0.00,0,0,0,0,0
1779747317450,2973,19529,-1616,1620,-1459,2870,running,0.00,0,0,0,0,0
1779747317450,-1477,23849,3107,1512,-1715,3450,running,0.00,0,0,0,0,0
1779747317451,-3565,29420,6222,1768,-1934,3560,running,0.00,0,0,0,0,0
1779747317480,-3262,32767,7860,2290,-2285,3482,running,0.00,0,0,0,0,0
1779747317480,-9170,32767,4280,3153,-2135,4092,running,0.00,0,0,0,0,0
1779747317480,-16715,32689,2357,3527,-2042,4083,running,0.00,0,0,0,0,0
1779747317512,-29190,32767,4941,4133,-1649,3623,running,0.00,0,0,0,0,0
1779747317512,-32768,32767,7887,3953,-902,2752,running,0.00,0,0,0,0,0
1779747317513,-32718,32765,15195,3323,-644,3037,running,0.00,0,0,0,0,0
1779747317540,-32663,32767,14842,3485,-94,4092,running,0.00,0,0,0,0,0
1779747317540,-32768,32168,13000,3321,-106,4027,running,0.00,0,0,0,0,0
1779747317540,-32768,26488,11678,2014,-272,3843,running,0.00,0,0,0,0,0
1779747317572,-30173,27222,4617,1368,-547,3595,running,0.00,0,0,0,0,0
1779747317572,-20689,21004,1527,806,-1375,2921,running,0.00,0,0,0,0,0
1779747317573,-22349,22341,768,492,-2285,2693,running,0.00,0,0,0,0,0
1779747317602,-22407,20992,3336,1201,-2551,2133,running,0.00,0,0,0,0,0
1779747317602,-19161,18320,2419,2294,-2019,1333,running,0.00,0,0,0,0,0
1779747317603,-14705,14053,863,3484,-2257,457,running,0.00,0,0,0,0,0
1779747317630,-14295,6335,4993,4120,-2755,-550,running,0.00,0,0,0,0,0
1779747317631,-6617,-7364,6684,4200,-2540,-835,running,0.00,0,0,0,0,0
1779747317631,-1017,-4310,4348,4291,-1861,690,running,0.00,0,0,0,0,0
1779747317659,-2838,1316,3842,4551,-2091,1705,running,0.00,0,0,0,0,0
1779747317660,-4602,-2374,6971,4676,-2398,1620,running,0.00,0,0,0,0,0
1779747317661,-5899,-9246,8177,4300,-2434,1417,running,0.00,0,0,0,0,0
1779747317692,-5551,-3735,5448,3841,-2364,1992,running,0.00,0,0,0,0,0
1779747317692,-2734,-4779,4672,3031,-2949,1135,running,0.00,0,0,0,0,0
1779747317693,-7650,-7777,11647,1892,-3269,-231,running,0.00,0,0,0,0,0
1779747317720,-7377,-5185,9953,959,-2623,-820,running,0.00,0,0,0,0,0
1779747317724,-6982,-4585,9097,536,-2244,-1121,running,0.00,0,0,0,0,0
1779747317725,-7680,-4312,10448,737,-2091,-880,running,0.00,0,0,0,0,0
1779747317751,-9476,-4865,8904,784,-1559,-711,running,0.00,0,0,0,0,0
1779747317751,-8786,-5016,8969,818,-1415,-899,running,0.00,0,0,0,0,0
1779747317751,-8044,-4740,9231,773,-1324,-901,running,0.00,0,0,0,0,0
1779747317779,-11297,-3678,12729,633,-1368,-907,running,0.00,0,0,0,0,0
1779747317780,-10768,-6426,12629,-272,-560,-1813,running,0.00,0,0,0,0,0
1779747317781,-8253,-3132,9329,-1098,39,-2293,running,0.00,0,0,0,0,0
1779747317809,-9120,-1436,11283,-1082,228,-2492,running,0.00,0,0,0,0,0
1779747317810,-14390,-1625,8613,-989,781,-2570,running,0.00,0,0,0,0,0
1779747317810,-14688,331,8957,-792,857,-2806,running,0.00,0,0,0,0,0
1779747317839,-13150,-3019,9121,-1020,1074,-3355,running,0.00,0,0,0,0,0
1779747317840,-13147,-3459,9150,-1781,1126,-3453,running,0.00,0,0,0,0,0
1779747317841,-17049,322,9856,-2527,1056,-3533,running,0.00,0,0,0,0,0
1779747317870,-22101,5272,5388,-3331,959,-3840,running,0.00,0,0,0,0,0
1779747317870,-31031,14998,3193,-4493,751,-3727,running,0.00,0,0,0,0,0
1779747317871,-32768,32767,-58,-5655,987,-3472,running,0.00,0,0,0,0,0
1779747317899,-32704,32767,-8705,-6439,1266,-4452,running,0.00,0,0,0,0,0
1779747317900,-32712,32414,-6704,-6492,1358,-4739,running,0.00,0,0,0,0,0
1779747317903,-32532,32615,-3827,-6368,1867,-3239,running,0.00,0,0,0,0,0
1779747317932,-29032,30879,-2140,-7144,1594,-2184,running,0.00,0,0,0,0,0
1779747317933,-32220,32767,7586,-7228,2168,-1872,running,0.00,0,0,0,0,0
1779747317933,-25010,32767,-2739,-6296,3114,-1124,running,0.00,0,0,0,0,0
1779747317959,-16589,32231,-1268,-7192,2037,-1228,running,0.00,0,0,0,0,0
1779747317960,-8193,26317,7108,-7449,1601,-1420,running,0.00,0,0,0,0,0
1779747317960,-8165,30944,-1141,-7833,2029,-2156,running,0.00,0,0,0,0,0
1779747317992,-2279,18941,2008,-7168,1434,-3074,running,0.00,0,0,0,0,0
1779747317993,7551,19843,2999,-6173,1304,-1043,running,0.00,0,0,0,0,0
1779747317993,6905,27586,608,-4973,1676,591,running,0.00,0,0,0,0,0
1779747318019,4318,22299,409,-4180,1749,508,running,0.00,0,0,0,0,0
1779747318022,4087,19716,-810,-3139,2005,450,running,0.00,0,0,0,0,0
1779747318023,8537,16206,-2896,-2345,1849,329,running,0.00,0,0,0,0,0
1779747318049,13812,9446,-343,-2788,633,-296,running,0.00,0,0,0,0,0
1779747318049,18910,9258,-2154,-2839,261,-148,running,0.00,0,0,0,0,0
1779747318050,16583,13038,-1533,-508,1222,1054,running,0.00,0,0,0,0,0
1779747318082,14126,10435,-3622,510,1568,1187,running,0.00,0,0,0,0,0
1779747318082,19360,5717,-2257,141,1060,939,running,0.00,0,0,0,0,0
1779747318083,20965,2774,-2388,74,386,1023,running,0.00,0,0,0,0,0
1779747318113,19899,1834,-1870,-73,-159,1087,running,0.00,0,0,0,0,0
1779747318117,18270,2116,-855,-353,-348,1023,running,0.00,0,0,0,0,0
1779747318118,16574,4461,-629,-557,-332,977,running,0.00,0,0,0,0,0
1779747318141,16687,7426,-1934,-479,-375,1105,running,0.00,0,0,0,0,0
1779747318142,14502,9307,504,-624,-896,1195,running,0.00,0,0,0,0,0
1779747318143,10362,10585,303,-568,-1205,1316,running,0.00,0,0,0,0,0
1779747318169,8501,10725,671,-245,-1341,1329,running,0.00,0,0,0,0,0
1779747318171,8677,12202,2443,173,-1599,1309,running,0.00,0,0,0,0,0
1779747318171,6831,14624,3005,426,-1959,1563,running,0.00,0,0,0,0,0
1779747318199,2826,17717,3202,734,-2201,1909,running,0.00,0,0,0,0,0
1779747318200,1076,20487,4729,1479,-2317,2138,running,0.00,0,0,0,0,0
1779747318200,-824,22718,6108,1989,-2483,2447,running,0.00,0,0,0,0,0
1779747318229,-3226,25095,7151,2187,-2643,2838,running,0.00,0,0,0,0,0
1779747318230,-2521,27612,9437,2474,-2783,3056,running,0.00,0,0,0,0,0
1779747318231,-2596,32671,12367,2598,-3027,3208,running,0.00,0,0,0,0,0
1779747318261,-6028,32767,13347,2204,-3178,3091,running,0.00,0,0,0,0,0
1779747318261,-10340,32685,14639,1893,-3170,2638,running,0.00,0,0,0,0,0
1779747318262,-19404,32755,19846,1918,-3012,2132,running,0.00,0,0,0,0,0
1779747318289,-30657,32767,23479,1608,-2504,1968,running,0.00,0,0,0,0,0
1779747318290,-32768,32766,22682,1028,-2209,2197,running,0.00,0,0,0,0,0
1779747318290,-32696,32767,20195,688,-2104,2624,running,0.00,0,0,0,0,0
1779747318325,-32701,32767,18497,1290,-1812,2964,running,0.00,0,0,0,0,0
1779747318326,-32528,32256,14102,2257,-1200,2669,running,0.00,0,0,0,0,0
1779747318326,-26041,29458,8797,1779,-1165,2221,running,0.00,0,0,0,0,0
1779747318350,-19376,20809,7063,317,-1867,1940,running,0.00,0,0,0,0,0
1779747318350,-18059,17466,4997,319,-1947,1456,running,0.00,0,0,0,0,0
1779747318355,-13303,15747,2827,460,-2080,735,running,0.00,0,0,0,0,0
1779747318381,-9939,10944,2870,605,-2187,24,running,0.00,0,0,0,0,0
1779747318381,-3685,8841,1361,930,-2047,-393,running,0.00,0,0,0,0,0
1779747318382,970,7271,1257,1335,-2017,-555,running,0.00,0,0,0,0,0
1779747318411,3919,5457,1660,1752,-1852,-486,running,0.00,0,0,0,0,0
1779747318414,4334,3734,1975,2172,-1667,-391,running,0.00,0,0,0,0,0
1779747318415,4134,-22,3367,2396,-1561,-608,running,0.00,0,0,0,0,0
1779747318439,3752,-3907,4977,2389,-1439,-895,running,0.00,0,0,0,0,0
1779747318439,2066,-7029,6713,2286,-1346,-1083,running,0.00,0,0,0,0,0
1779747318440,290,-9813,7946,2089,-1311,-1200,running,0.00,0,0,0,0,0
1779747318470,-803,-11863,8074,1922,-1329,-1219,running,0.00,0,0,0,0,0
1779747318471,-1819,-13798,9479,1928,-1354,-1172,running,0.00,0,0,0,0,0
1779747318474,-3463,-15569,10669,1910,-1245,-1093,running,0.00,0,0,0,0,0
1779747318499,-4598,-17278,11284,1802,-1055,-920,running,0.00,0,0,0,0,0
1779747318499,-5840,-17864,12490,1785,-930,-626,running,0.00,0,0,0,0,0
1779747318500,-7486,-20228,14012,1866,-666,-273,running,0.00,0,0,0,0,0
1779747318529,-9116,-19227,15284,1089,-403,10,running,0.00,0,0,0,0,0
1779747318530,-10267,-17529,14665,597,3,-169,running,0.00,0,0,0,0,0
1779747318533,-12049,-15354,14432,576,606,-740,running,0.00,0,0,0,0,0
1779747318560,-15342,-9643,12101,487,1482,-1141,running,0.00,0,0,0,0,0
1779747318561,-15296,-5700,10992,265,1390,-1342,running,0.00,0,0,0,0,0
1779747318562,-22951,-3084,11329,-289,1452,-1478,running,0.00,0,0,0,0,0
1779747318589,-25748,1625,4764,-310,2411,-2056,running,0.00,0,0,0,0,0
1779747318592,-24704,1719,7983,-199,2667,-3000,running,0.00,0,0,0,0,0
1779747318593,-23552,8164,13607,-1343,3149,-3148,running,0.00,0,0,0,0,0
1779747318619,-26916,24709,16454,-2532,3347,-2912,running,0.00,0,0,0,0,0
1779747318621,-32768,32767,15661,-3591,3065,-3397,running,0.00,0,0,0,0,0
1779747318622,-32768,32767,7066,-4816,2904,-4218,running,0.00,0,0,0,0,0
1779747318656,-32635,32565,7926,-6218,2067,-4153,running,0.00,0,0,0,0,0
1779747318656,-32768,32767,2074,-7140,1924,-3577,running,0.00,0,0,0,0,0
1779747318657,-32768,32767,2863,-7385,1670,-3183,running,0.00,0,0,0,0,0
1779747318679,-31554,32762,713,-7831,1430,-2931,running,0.00,0,0,0,0,0
1779747318680,-29186,32767,2626,-6645,1088,-2781,running,0.00,0,0,0,0,0
1779747318681,-24072,32767,4535,-4074,1416,-2656,running,0.00,0,0,0,0,0
1779747318718,-12634,32767,2830,-2610,1763,-2745,running,0.00,0,0,0,0,0
1779747318719,-9267,32767,1765,-1270,1961,-2693,running,0.00,0,0,0,0,0
1779747318719,-5095,25576,7871,-20,2087,-3272,running,0.00,0,0,0,0,0
1779747318739,6017,25935,6292,-12,2060,-3007,running,0.00,0,0,0,0,0
1779747318739,12452,23104,6037,843,2104,-2471,running,0.00,0,0,0,0,0
1779747318740,19828,19335,5196,371,2191,-1214,running,0.00,0,0,0,0,0
1779747318771,22344,15202,4328,-1581,1424,-459,running,0.00,0,0,0,0,0
1779747318771,17990,9860,3046,-2394,1283,-308,running,0.00,0,0,0,0,0
1779747318772,19988,12213,-590,-2320,1118,247,running,0.00,0,0,0,0,0
1779747318800,19166,12340,-1469,-2252,581,677,running,0.00,0,0,0,0,0
1779747318801,17364,11706,-3591,-1884,828,1074,running,0.00,0,0,0,0,0
1779747318801,18152,11058,-4133,-1204,898,1386,running,0.00,0,0,0,0,0
1779747318832,17121,9897,-4909,-295,993,1534,running,0.00,0,0,0,0,0
1779747318833,16591,6745,-4158,131,975,1729,running,0.00,0,0,0,0,0
1779747318833,15025,5448,-3575,416,877,2008,running,0.00,0,0,0,0,0
1779747318859,14021,5148,-2422,943,893,2207,running,0.00,0,0,0,0,0
1779747318860,14857,4002,-871,1205,943,2272,running,0.00,0,0,0,0,0
1779747318861,16012,4089,1058,1084,850,2346,running,0.00,0,0,0,0,0
1779747318890,15613,5419,1984,817,607,2472,running,0.00,0,0,0,0,0
1779747318890,13491,7303,2576,555,197,2595,running,0.00,0,0,0,0,0
1779747318891,9358,8653,2240,391,-188,2602,running,0.00,0,0,0,0,0
1779747318922,7192,11108,1461,233,-363,2645,running,0.00,0,0,0,0,0
1779747318923,5171,14363,2328,76,-633,2829,running,0.00,0,0,0,0,0
1779747318923,3061,18306,3965,115,-1006,3074,running,0.00,0,0,0,0,0
1779747318949,1358,21599,4988,302,-1384,3439,running,0.00,0,0,0,0,0
1779747318950,-483,25583,5691,632,-1711,3886,running,0.00,0,0,0,0,0
1779747318950,-1704,30803,6951,1182,-1979,4280,running,0.00,0,0,0,0,0
1779747318980,-2695,32767,8445,1917,-2333,4467,running,0.00,0,0,0,0,0
1779747318980,-4016,32767,7739,2278,-2784,4373,running,0.00,0,0,0,0,0
1779747318981,-6687,32715,6184,2228,-3064,3968,running,0.00,0,0,0,0,0
1779747319008,-13733,32767,7250,2195,-3142,3336,running,0.00,0,0,0,0,0
1779747319009,-22715,32767,8482,2718,-2672,2405,running,0.00,0,0,0,0,0
1779747319009,-29347,32766,9867,3482,-2296,2122,running,0.00,0,0,0,0,0
1779747319039,-30329,32767,12610,3141,-2488,3083,running,0.00,0,0,0,0,0
1779747319040,-32297,32767,10609,3531,-2451,3272,running,0.00,0,0,0,0,0
1779747319047,-32398,32102,10988,4123,-2134,2420,running,0.00,0,0,0,0,0
1779747319069,-25870,28263,7536,3901,-1991,2000,running,0.00,0,0,0,0,0
1779747319071,-15334,24529,3946,2900,-2173,1935,running,0.00,0,0,0,0,0
1779747319071,-11195,19748,2198,1830,-2495,1692,running,0.00,0,0,0,0,0
1779747319099,-11394,18559,439,814,-2855,1413,running,0.00,0,0,0,0,0
1779747319103,-11833,17479,31,316,-3033,913,running,0.00,0,0,0,0,0
1779747319104,-9928,15016,-187,120,-2926,216,running,0.00,0,0,0,0,0
1779747319130,-6798,12000,-1981,257,-2609,-268,running,0.00,0,0,0,0,0
1779747319131,-2798,9942,-2960,493,-2553,-313,running,0.00,0,0,0,0,0
1779747319131,-1803,6748,-1014,547,-2739,-238,running,0.00,0,0,0,0,0
1779747319162,-2052,2482,818,539,-2716,-406,running,0.00,0,0,0,0,0
1779747319163,-2752,708,3258,370,-2578,-406,running,0.00,0,0,0,0,0
1779747319163,-4818,-134,3076,272,-2315,-646,running,0.00,0,0,0,0,0
1779747319189,-4794,-5707,5159,452,-2186,-1132,running,0.00,0,0,0,0,0
1779747319190,-3777,-7558,4375,162,-2156,-1056,running,0.00,0,0,0,0,0
1779747319190,-6383,-7624,4956,-5,-2155,-814,running,0.00,0,0,0,0,0
1779747319219,-7627,-8600,5477,224,-1793,-788,running,0.00,0,0,0,0,0
1779747319223,-7403,-9251,6229,327,-1483,-836,running,0.00,0,0,0,0,0
1779747319223,-7242,-9634,6413,245,-1123,-888,running,0.00,0,0,0,0,0
1779747319252,-7994,-9480,6989,283,-835,-929,running,0.00,0,0,0,0,0
1779747319253,-9087,-9279,7570,419,-542,-960,running,0.00,0,0,0,0,0
1779747319253,-10007,-8621,7614,500,-215,-1017,running,0.00,0,0,0,0,0
1779747319281,-9275,-7980,6914,545,138,-1113,running,0.00,0,0,0,0,0
1779747319282,-9052,-4853,7595,796,187,-944,running,0.00,0,0,0,0,0
1779747319282,-9906,-4750,10629,1007,580,-1117,running,0.00,0,0,0,0,0
1779747319309,-11494,-5534,10732,381,1111,-1817,running,0.00,0,0,0,0,0
1779747319310,-12136,-3977,7611,32,1325,-2396,running,0.00,0,0,0,0,0
1779747319311,-16264,-2950,8430,-155,1407,-2744,running,0.00,0,0,0,0,0
1779747319339,-13357,-1308,7297,-387,1745,-2878,running,0.00,0,0,0,0,0
1779747319340,-14765,769,6523,-602,2000,-2822,running,0.00,0,0,0,0,0
1779747319340,-19436,7767,9416,-1090,2257,-2948,running,0.00,0,0,0,0,0
1779747319370,-19656,15327,12294,-1977,2565,-3588,running,0.00,0,0,0,0,0
1779747319370,-22402,22129,8275,-2744,2775,-4130,running,0.00,0,0,0,0,0
1779747319371,-31869,31760,6361,-3434,2594,-4554,running,0.00,0,0,0,0,0
1779747319403,-32768,32767,1821,-3866,2448,-4654,running,0.00,0,0,0,0,0
1779747319403,-32645,32657,-452,-3996,1950,-3796,running,0.00,0,0,0,0,0
1779747319404,-32729,32726,-2583,-3743,1642,-2981,running,0.00,0,0,0,0,0
1779747319429,-32768,32767,-3062,-2926,1676,-2596,running,0.00,0,0,0,0,0
1779747319429,-26980,32766,-3118,-1881,1957,-1828,running,0.00,0,0,0,0,0
1779747319429,-19495,32767,-1851,-1823,1959,-1647,running,0.00,0,0,0,0,0
1779747319460,-12743,28454,-1917,-2117,1915,-1851,running,0.00,0,0,0,0,0
1779747319460,-5973,22367,-256,-2519,1857,-1797,running,0.00,0,0,0,0,0
1779747319461,1514,19765,-5,-2897,1753,-1658,running,0.00,0,0,0,0,0
1779747319489,5914,18959,1455,-3524,1452,-1695,running,0.00,0,0,0,0,0
1779747319490,9353,15978,2262,-4086,1258,-1739,running,0.00,0,0,0,0,0
1779747319490,10004,19887,-187,-4342,1378,-1152,running,0.00,0,0,0,0,0
1779747319520,17710,19705,-134,-3443,1153,-858,running,0.00,0,0,0,0,0
1779747319521,11250,25020,-4185,-2634,1303,-150,running,0.00,0,0,0,0,0
1779747319521,12140,17432,-2992,-2549,523,-527,running,0.00,0,0,0,0,0
1779747319549,17413,11884,-3839,-2032,464,-815,running,0.00,0,0,0,0,0
1779747319550,21137,14440,-6237,-1110,499,11,running,0.00,0,0,0,0,0
1779747319551,20575,10941,-5975,-761,214,473,running,0.00,0,0,0,0,0
1779747319583,17768,7054,-4669,-863,-160,692,running,0.00,0,0,0,0,0
1779747319583,15767,5899,-5415,-665,-328,801,running,0.00,0,0,0,0,0
1779747319584,14813,6732,-5830,-500,-363,946,running,0.00,0,0,0,0,0
1779747319613,12914,6537,-5340,-477,-418,1171,running,0.00,0,0,0,0,0
1779747319614,11854,6102,-4355,-538,-440,1311,running,0.00,0,0,0,0,0
1779747319615,10873,6339,-3207,-465,-571,1305,running,0.00,0,0,0,0,0
1779747319642,9061,6839,-2243,-342,-728,1318,running,0.00,0,0,0,0,0
1779747319643,7561,8249,-1690,-205,-770,1471,running,0.00,0,0,0,0,0
1779747319643,5544,10598,-692,-46,-843,1690,running,0.00,0,0,0,0,0
1779747319669,3348,12857,-230,140,-1006,1873,running,0.00,0,0,0,0,0
1779747319670,1268,14764,621,329,-1205,2101,running,0.00,0,0,0,0,0
1779747319670,-778,18055,1948,520,-1423,2439,running,0.00,0,0,0,0,0
1779747319703,-1879,19791,2791,663,-1717,2729,running,0.00,0,0,0,0,0
1779747319704,-4062,25480,3453,868,-2003,3291,running,0.00,0,0,0,0,0
1779747319709,-5529,29931,4252,1087,-2232,3696,running,0.00,0,0,0,0,0
1779747319729,-6113,32767,6578,1350,-2554,4035,running,0.00,0,0,0,0,0
1779747319732,-8038,32767,7177,1628,-2805,4159,running,0.00,0,0,0,0,0
1779747319732,-10584,32708,6977,1861,-2847,3846,running,0.00,0,0,0,0,0
1779747319759,-14513,32767,9203,2081,-2684,3272,running,0.00,0,0,0,0,0
1779747319760,-21945,32767,14033,2586,-2129,2725,running,0.00,0,0,0,0,0
1779747319760,-31613,32766,15712,2965,-1439,2495,running,0.00,0,0,0,0,0
1779747319792,-32768,32767,16934,3582,-910,2965,running,0.00,0,0,0,0,0
1779747319793,-32667,32767,14053,4033,-274,3932,running,0.00,0,0,0,0,0
1779747319793,-32373,32024,9543,3832,120,4266,running,0.00,0,0,0,0,0
1779747319820,-24872,25259,4622,2507,169,3967,running,0.00,0,0,0,0,0
1779747319828,-14544,24522,590,856,-86,3726,running,0.00,0,0,0,0,0
1779747319829,-10817,19795,2497,-416,-533,3284,running,0.00,0,0,0,0,0
1779747319851,-8498,15792,2391,-1322,-1120,2855,running,0.00,0,0,0,0,0
1779747319851,-11030,15377,1425,-1588,-1956,2333,running,0.00,0,0,0,0,0
1779747319852,-16307,17016,3697,-1778,-2771,990,running,0.00,0,0,0,0,0
1779747319880,-11233,5077,1474,-1641,-1329,-1848,running,0.00,0,0,0,0,0
1779747319881,5147,-4192,-5538,-11,-631,-1304,running,0.00,0,0,0,0,0
1779747319882,2851,16888,-2976,1385,-1068,2061,running,0.00,0,0,0,0,0
1779747319911,-6539,4774,5334,3113,-734,2365,running,0.00,0,0,0,0,0
1779747319911,-4483,8090,795,4715,146,2585,running,0.00,0,0,0,0,0
1779747319912,-7829,-646,3725,5091,-190,748,running,0.00,0,0,0,0,0
1779747319941,-2846,-11831,8064,4702,-991,-916,running,0.00,0,0,0,0,0
1779747319942,159,-14504,5359,4012,-1517,-1275,running,0.00,0,0,0,0,0
1779747319943,-6306,-12774,8994,3271,-2453,-1139,running,0.00,0,0,0,0,0
1779747319976,-9655,-16868,13733,2360,-2129,-937,running,0.00,0,0,0,0,0
1779747319977,-9729,-17038,12270,1249,-1709,-627,running,0.00,0,0,0,0,0
1779747319978,-10550,-15628,12566,568,-2001,-665,running,0.00,0,0,0,0,0
1779747320001,-13165,-13713,14350,-225,-2122,-999,running,0.00,0,0,0,0,0
1779747320002,-14275,-10367,13791,-656,-1488,-1678,running,0.00,0,0,0,0,0
1779747320003,-10050,-8277,11544,-542,-983,-2166,running,0.00,0,0,0,0,0
1779747320031,-9627,-7195,15457,-308,-1083,-1672,running,0.00,0,0,0,0,0
1779747320031,-13758,-9334,16525,-970,-581,-2135,running,0.00,0,0,0,0,0
1779747320032,-10554,-10834,11842,-1169,132,-3077,running,0.00,0,0,0,0,0
1779747320064,-11946,-6981,11966,-1541,161,-3397,running,0.00,0,0,0,0,0
1779747320065,-13425,-5359,10982,-1773,161,-3400,running,0.00,0,0,0,0,0
1779747320066,-9723,-6128,8723,-1811,506,-3162,running,0.00,0,0,0,0,0
1779747320091,-16639,3586,8946,-1516,893,-2257,running,0.00,0,0,0,0,0
1779747320092,-22494,6512,3870,-1714,1536,-3349,running,0.00,0,0,0,0,0
1779747320092,-19248,15941,-27,-1749,1843,-4752,running,0.00,0,0,0,0,0
1779747320123,-20615,27886,8135,-1772,2189,-4915,running,0.00,0,0,0,0,0
1779747320124,-22309,32767,6028,-1847,3058,-4683,running,0.00,0,0,0,0,0
1779747320125,-23880,32767,2544,-2226,3062,-4793,running,0.00,0,0,0,0,0
1779747320152,-29178,32649,2592,-3159,2531,-4740,running,0.00,0,0,0,0,0
1779747320153,-32768,32767,-3080,-3988,1944,-4191,running,0.00,0,0,0,0,0
1779747320153,-32768,32767,-8135,-5026,1355,-3128,running,0.00,0,0,0,0,0
1779747320183,-32686,32764,-8996,-5385,1054,-2260,running,0.00,0,0,0,0,0
1779747320184,-32622,32767,-7934,-4929,957,-1911,running,0.00,0,0,0,0,0
1779747320185,-31353,32767,-5115,-4258,968,-1949,running,0.00,0,0,0,0,0
1779747320211,-24702,32767,-1980,-3744,919,-2264,running,0.00,0,0,0,0,0
1779747320211,-16996,32685,-2810,-2932,1116,-1873,running,0.00,0,0,0,0,0
1779747320212,-8437,28413,-2647,-2384,1387,-1618,running,0.00,0,0,0,0,0
1779747320241,-346,23377,-4332,-2003,1617,-1254,running,0.00,0,0,0,0,0
1779747320242,2510,17194,-1051,-1915,1005,-1015,running,0.00,0,0,0,0,0
1779747320243,4382,15604,393,-2312,1185,-714,running,0.00,0,0,0,0,0
1779747320274,5679,19647,-1219,-1888,1499,-122,running,0.00,0,0,0,0,0
1779747320275,7154,16763,-2615,-1377,1343,-90,running,0.00,0,0,0,0,0
1779747320280,3889,14254,-1374,-1379,1217,-258,running,0.00,0,0,0,0,0
1779747320306,5778,11821,-4070,-1118,1376,-333,running,0.00,0,0,0,0,0
1779747320307,12008,10806,-5080,-776,1104,-210,running,0.00,0,0,0,0,0
1779747320307,12027,10467,-5189,-390,805,160,running,0.00,0,0,0,0,0
1779747320332,10616,10558,-5329,46,843,346,running,0.00,0,0,0,0,0
1779747320333,13419,8209,-4330,556,815,315,running,0.00,0,0,0,0,0
1779747320334,17325,5204,-2924,628,586,374,running,0.00,0,0,0,0,0
1779747320362,18380,3982,-2023,528,425,514,running,0.00,0,0,0,0,0
1779747320363,18666,4616,-961,592,353,668,running,0.00,0,0,0,0,0
1779747320363,20489,4824,-670,624,180,839,running,0.00,0,0,0,0,0
1779747320397,20110,5724,-407,600,-103,1124,running,0.00,0,0,0,0,0
1779747320398,15857,7011,253,591,-467,1321,running,0.00,0,0,0,0,0
1779747320398,12801,8352,295,666,-738,1400,running,0.00,0,0,0,0,0
1779747320422,10390,10250,-472,648,-864,1620,running,0.00,0,0,0,0,0
1779747320424,8560,12900,-146,689,-842,1913,running,0.00,0,0,0,0,0
1779747320425,7198,15139,1609,882,-944,2185,running,0.00,0,0,0,0,0
1779747320451,4943,17721,2403,1044,-1196,2526,running,0.00,0,0,0,0,0
1779747320451,2143,18025,4729,1380,-1475,2750,running,0.00,0,0,0,0,0
1779747320452,781,22627,5542,1545,-1507,3313,running,0.00,0,0,0,0,0
1779747320483,1162,23887,7088,1405,-1987,3765,running,0.00,0,0,0,0,0
1779747320484,2203,30406,9617,1280,-2455,4167,running,0.00,0,0,0,0,0
1779747320485,-457,32767,9388,1161,-2816,4304,running,0.00,0,0,0,0,0
1779747320510,-5211,32757,5987,805,-2913,4045,running,0.00,0,0,0,0,0
1779747320511,-13476,32700,7887,874,-2925,3391,running,0.00,0,0,0,0,0
1779747320512,-32762,32767,14431,2675,-1944,2281,running,0.00,0,0,0,0,0
1779747320541,-32768,32765,16532,3030,-1799,1995,running,0.00,0,0,0,0,0
1779747320542,-32001,30601,17065,3595,-1290,2252,running,0.00,0,0,0,0,0
1779747320543,-30547,30233,7283,3700,-1282,2666,running,0.00,0,0,0,0,0
1779747320572,-21785,23744,6643,3157,-1967,2623,running,0.00,0,0,0,0,0
1779747320573,-14587,22825,3168,2259,-1985,2571,running,0.00,0,0,0,0,0
1779747320574,-14612,20326,4741,884,-2353,2125,running,0.00,0,0,0,0,0
1779747320613,-16402,17448,2937,-22,-2281,1289,running,0.00,0,0,0,0,0
1779747320613,-10630,12233,-1840,-49,-2496,502,running,0.00,0,0,0,0,0
1779747320614,-8832,12704,-2687,-108,-3065,522,running,0.00,0,0,0,0,0
1779747320630,-9709,10911,-105,590,-3287,388,running,0.00,0,0,0,0,0
1779747320631,-7250,7362,1198,1516,-2818,20,running,0.00,0,0,0,0,0
1779747320631,-4120,4200,2,2244,-2435,-261,running,0.00,0,0,0,0,0
1779747320663,-3952,1072,1343,2721,-2384,-553,running,0.00,0,0,0,0,0
1779747320664,-3285,-4727,2126,2910,-2135,-820,running,0.00,0,0,0,0,0
1779747320665,-2448,-7443,2412,2915,-2001,-854,running,0.00,0,0,0,0,0
1779747320693,-2728,-8432,2815,2617,-2078,-711,running,0.00,0,0,0,0,0
1779747320694,-6298,-9131,3774,2162,-2150,-725,running,0.00,0,0,0,0,0
1779747320695,-8117,-9271,4829,1881,-2105,-1045,running,0.00,0,0,0,0,0
1779747320722,-8968,-10850,4952,1438,-1998,-1330,running,0.00,0,0,0,0,0
1779747320754,-10565,-10068,5766,930,-1751,-1343,running,0.00,0,0,0,0,0
1779747320755,-12482,-8108,6353,712,-1418,-1214,running,0.00,0,0,0,0,0
1779747320756,-13309,-6053,7413,635,-1097,-1036,running,0.00,0,0,0,0,0
1779747320757,-12878,-5330,8430,594,-843,-487,running,0.00,0,0,0,0,0
1779747320757,-15044,-2959,10294,478,-745,-128,running,0.00,0,0,0,0,0
1779747320780,-17352,-3709,11579,405,-264,-892,running,0.00,0,0,0,0,0
1779747320781,-14658,-3320,11991,334,407,-1480,running,0.00,0,0,0,0,0
1779747320782,-14378,-2614,11358,-26,962,-1768,running,0.00,0,0,0,0,0
1779747320813,-14563,-369,10207,-331,1314,-1830,running,0.00,0,0,0,0,0
1779747320813,-15600,1408,8830,-714,1443,-1869,running,0.00,0,0,0,0,0
1779747320814,-17176,2152,8375,-1172,1542,-1883,running,0.00,0,0,0,0,0
1779747320841,-18244,4202,7590,-1674,1728,-1772,running,0.00,0,0,0,0,0
1779747320842,-18590,9685,7227,-2113,2067,-1671,running,0.00,0,0,0,0,0
1779747320844,-16422,20283,6998,-2357,2466,-1606,running,0.00,0,0,0,0,0
1779747320872,-23382,32421,8315,-2189,2917,-1625,running,0.00,0,0,0,0,0
1779747320873,-23022,32767,544,-1983,3190,-2732,running,0.00,0,0,0,0,0
1779747320874,-21862,32438,-1410,-1863,2635,-3215,running,0.00,0,0,0,0,0
1779747320916,-27897,32532,-4917,-1774,2194,-3025,running,0.00,0,0,0,0,0
1779747320917,-30734,32767,-8093,-1913,1716,-2813,running,0.00,0,0,0,0,0
1779747320918,-31914,32767,-8746,-2176,1344,-2215,running,0.00,0,0,0,0,0
1779747320932,-27862,32761,-10689,-2322,1272,-1941,running,0.00,0,0,0,0,0
1779747320932,-19317,32693,-10597,-2154,1199,-1775,running,0.00,0,0,0,0,0
1779747320933,-13472,30596,-8649,-1897,941,-1552,running,0.00,0,0,0,0,0
1779747320963,-11454,27225,-7432,-1767,920,-1882,running,0.00,0,0,0,0,0
1779747320970,-3584,20361,-10210,-1923,1073,-2715,running,0.00,0,0,0,0,0
1779747320971,5273,19995,-10807,-1964,937,-2445,running,0.00,0,0,0,0,0
1779747320992,9327,21140,-11026,-1786,862,-1892,running,0.00,0,0,0,0,0
1779747320993,7507,17783,-8322,-2080,937,-1562,running,0.00,0,0,0,0,0
1779747320993,7912,17121,-9430,-2608,1201,-1253,running,0.00,0,0,0,0,0
1779747321022,6375,19131,-9793,-2970,974,-931,running,0.00,0,0,0,0,0
1779747321030,3468,15757,-6554,-2745,899,-677,running,0.00,0,0,0,0,0
1779747321031,6988,12498,-8151,-2231,1114,-398,running,0.00,0,0,0,0,0
1779747321053,8911,7915,-8064,-1900,994,-102,running,0.00,0,0,0,0,0
1779747321054,10132,7569,-8013,-1919,914,314,running,0.00,0,0,0,0,0
1779747321054,12413,4370,-7490,-1814,668,365,running,0.00,0,0,0,0,0
1779747321084,15088,6226,-6964,-1771,498,491,running,0.00,0,0,0,0,0
1779747321085,15007,8102,-6557,-1401,430,709,running,0.00,0,0,0,0,0
1779747321086,13418,7501,-6443,-767,357,802,running,0.00,0,0,0,0,0
1779747321112,11393,7744,-6680,-146,370,981,running,0.00,0,0,0,0,0
1779747321112,9481,5612,-6026,338,288,1120,running,0.00,0,0,0,0,0
1779747321113,7963,4613,-5809,344,430,1169,running,0.00,0,0,0,0,0
1779747321141,11017,5092,-5379,377,421,1160,running,0.00,0,0,0,0,0
1779747321145,10486,5211,-4627,348,142,1388,running,0.00,0,0,0,0,0
1779747321147,8693,5892,-3479,96,-14,1604,running,0.00,0,0,0,0,0
1779747321172,7971,7102,-2974,61,-153,1700,running,0.00,0,0,0,0,0
1779747321173,8075,8147,-2746,-68,-321,1779,running,0.00,0,0,0,0,0
1779747321174,6561,10298,-2158,-120,-566,2044,running,0.00,0,0,0,0,0
1779747321204,5469,12607,-1394,-48,-814,2332,running,0.00,0,0,0,0,0
1779747321205,3832,15420,-1436,121,-1036,2594,running,0.00,0,0,0,0,0
1779747321206,2738,18423,-273,361,-1244,2745,running,0.00,0,0,0,0,0
1779747321239,2814,20842,837,639,-1396,2885,running,0.00,0,0,0,0,0
1779747321240,4102,23333,2432,880,-1680,3065,running,0.00,0,0,0,0,0
1779747321241,5163,28880,3768,1162,-1972,3413,running,0.00,0,0,0,0,0
1779747321276,6144,32767,4469,1539,-2239,3623,running,0.00,0,0,0,0,0
1779747321281,5626,32767,2642,1730,-2565,3554,running,0.00,0,0,0,0,0
1779747321282,433,32679,178,1960,-2756,3270,running,0.00,0,0,0,0,0
1779747321290,-10399,32767,1116,2512,-2576,2664,running,0.00,0,0,0,0,0
1779747321291,-23122,32767,1900,3084,-2011,2038,running,0.00,0,0,0,0,0
1779747321292,-32165,32765,7245,3443,-1575,1873,running,0.00,0,0,0,0,0
1779747321322,-32390,32008,14038,3483,-1263,2184,running,0.00,0,0,0,0,0
1779747321323,-31921,30300,13301,2704,-1081,2778,running,0.00,0,0,0,0,0
1779747321323,-31787,18546,13553,1613,-1728,2544,running,0.00,0,0,0,0,0
1779747321353,-22625,15249,7311,105,-1260,2242,running,0.00,0,0,0,0,0
1779747321361,-10994,20979,-1870,-1540,-1428,1780,running,0.00,0,0,0,0,0
1779747321362,-12115,23670,166,-2219,-2301,1494,running,0.00,0,0,0,0,0
1779747321382,-13240,24233,533,-1657,-2306,1108,running,0.00,0,0,0,0,0
1779747321383,-10862,22390,-418,-284,-2043,458,running,0.00,0,0,0,0,0
1779747321384,-5891,18512,-1845,996,-2009,148,running,0.00,0,0,0,0,0
1779747321412,-7919,12525,1002,1887,-2288,-118,running,0.00,0,0,0,0,0
1779747321413,-7824,4531,1885,2273,-2245,-593,running,0.00,0,0,0,0,0
1779747321414,-6011,781,862,2078,-2301,-933,running,0.00,0,0,0,0,0
1779747321443,-5705,-1966,1233,1811,-2488,-973,running,0.00,0,0,0,0,0
1779747321444,-6293,-4969,2411,1428,-2590,-970,running,0.00,0,0,0,0,0
1779747321445,-5647,-6619,2144,1079,-2625,-1045,running,0.00,0,0,0,0,0
1779747321471,-6978,-7810,4693,709,-2669,-1040,running,0.00,0,0,0,0,0
1779747321472,-8776,-8068,3258,142,-2511,-1059,running,0.00,0,0,0,0,0
1779747321473,-10428,-8010,2791,-158,-2384,-1206,running,0.00,0,0,0,0,0
1779747321503,-11835,-8830,4569,-307,-2187,-1278,running,0.00,0,0,0,0,0
1779747321503,-13199,-9501,5048,-429,-1846,-1238,running,0.00,0,0,0,0,0
1779747321503,-14489,-9999,6554,-466,-1482,-1263,running,0.00,0,0,0,0,0
1779747321531,-13962,-8436,7438,-368,-999,-1247,running,0.00,0,0,0,0,0
1779747321532,-11973,-8339,8742,-50,-594,-1209,running,0.00,0,0,0,0,0
1779747321532,-9666,-9335,9982,74,-81,-1411,running,0.00,0,0,0,0,0
1779747321567,-9204,-8699,10809,-144,486,-1612,running,0.00,0,0,0,0,0
1779747321568,-11289,-6616,11692,-407,987,-1911,running,0.00,0,0,0,0,0
1779747321569,-10884,-5668,10354,-801,1497,-2326,running,0.00,0,0,0,0,0
1779747321596,-10443,-3634,8155,-1383,1798,-2467,running,0.00,0,0,0,0,0
1779747321597,-13731,-56,8718,-1706,2030,-2479,running,0.00,0,0,0,0,0
1779747321598,-15694,3947,7278,-2071,2390,-2825,running,0.00,0,0,0,0,0
1779747321625,-16833,19237,8746,-1594,3089,-3095,running,0.00,0,0,0,0,0
1779747321626,-18866,31523,8496,-1192,3524,-3364,running,0.00,0,0,0,0,0
1779747321627,-20389,32767,4807,-1115,3616,-3679,running,0.00,0,0,0,0,0
1779747321652,-23559,32629,974,-1758,3281,-3784,running,0.00,0,0,0,0,0
1779747321654,-28609,32716,-144,-2742,2725,-3327,running,0.00,0,0,0,0,0
1779747321655,-32768,32767,-2514,-3551,2320,-2282,running,0.00,0,0,0,0,0
1779747321682,-32161,32766,-4426,-4058,1967,-1356,running,0.00,0,0,0,0,0
1779747321683,-25879,32765,-5320,-3982,1774,-687,running,0.00,0,0,0,0,0
1779747321683,-19196,32767,-6221,-3418,1715,-253,running,0.00,0,0,0,0,0
1779747321715,-12670,32767,-6319,-2939,1698,-82,running,0.00,0,0,0,0,0
1779747321716,-16213,29114,-9050,-2753,1736,-795,running,0.00,0,0,0,0,0
1779747321717,-8050,20366,-5267,-2690,1238,-953,running,0.00,0,0,0,0,0
1779747321741,435,21916,-7336,-2397,1416,200,running,0.00,0,0,0,0,0
1779747321742,-689,19589,-6363,-2510,1467,284,running,0.00,0,0,0,0,0
1779747321743,297,17643,-5100,-2439,1487,227,running,0.00,0,0,0,0,0
1779747321774,6411,19346,-6168,-2201,1541,274,running,0.00,0,0,0,0,0
1779747321775,3067,16821,-5366,-1442,1370,538,running,0.00,0,0,0,0,0
1779747321775,2166,14456,-5711,-1114,1439,575,running,0.00,0,0,0,0,0
1779747321802,3851,10964,-6265,-904,1553,454,running,0.00,0,0,0,0,0
1779747321803,6673,9155,-8515,-965,1642,470,running,0.00,0,0,0,0,0
1779747321803,9708,7888,-8056,-728,1271,582,running,0.00,0,0,0,0,0
1779747321833,8233,7245,-6990,-529,1243,884,running,0.00,0,0,0,0,0
1779747321833,9024,7559,-5489,-191,1277,1069,running,0.00,0,0,0,0,0
1779747321834,9673,6491,-4564,448,1316,1148,running,0.00,0,0,0,0,0
1779747321865,10695,4282,-3658,713,1293,1191,running,0.00,0,0,0,0,0
1779747321866,10974,2143,-2315,778,1191,1234,running,0.00,0,0,0,0,0
1779747321866,12210,708,-1643,803,1072,1251,running,0.00,0,0,0,0,0
1779747321891,13210,-59,-1001,712,905,1286,running,0.00,0,0,0,0,0
1779747321892,13968,463,-629,626,751,1345,running,0.00,0,0,0,0,0
1779747321892,14269,1858,-279,553,591,1404,running,0.00,0,0,0,0,0
1779747321921,13594,3551,325,565,402,1452,running,0.00,0,0,0,0,0
1779747321922,12220,4648,1134,586,207,1504,running,0.00,0,0,0,0,0
1779747321922,9741,6077,1400,518,2,1599,running,0.00,0,0,0,0,0
1779747321953,8851,6681,1458,367,-265,1619,running,0.00,0,0,0,0,0
1779747321953,7738,9573,2363,215,-703,1781,running,0.00,0,0,0,0,0
1779747321953,5544,13566,2426,56,-1096,2115,running,0.00,0,0,0,0,0
1779747321981,4925,16913,2858,-159,-1483,2556,running,0.00,0,0,0,0,0
1779747321981,4043,21483,3506,-72,-1952,3089,running,0.00,0,0,0,0,0
1779747321983,3380,25156,3963,251,-2369,3546,running,0.00,0,0,0,0,0
1779747322012,5185,28923,4899,435,-2816,3858,running,0.00,0,0,0,0,0
1779747322013,7844,32767,4682,783,-3297,4044,running,0.00,0,0,0,0,0
1779747322014,8715,32767,1217,915,-3635,3957,running,0.00,0,0,0,0,0
1779747322047,5995,32693,-1510,974,-3822,3520,running,0.00,0,0,0,0,0
1779747322047,-362,32766,-1779,1213,-3853,2894,running,0.00,0,0,0,0,0
1779747322047,-9147,32767,579,1832,-3658,2377,running,0.00,0,0,0,0,0
1779747322073,-17821,32766,4596,2523,-3266,2023,running,0.00,0,0,0,0,0
1779747322073,-22675,32767,5202,2762,-2851,1705,running,0.00,0,0,0,0,0
1779747322075,-22527,32546,4843,2268,-2853,2129,running,0.00,0,0,0,0,0
1779747322107,-25841,31873,3874,1388,-3194,2584,running,0.00,0,0,0,0,0
1779747322107,-20926,27486,3026,236,-3306,2186,running,0.00,0,0,0,0,0
1779747322108,-11485,29414,1072,-933,-3156,2253,running,0.00,0,0,0,0,0
1779747322132,-10666,27115,1177,-1513,-3199,1971,running,0.00,0,0,0,0,0
1779747322134,-8932,23727,576,-1534,-3104,1553,running,0.00,0,0,0,0,0
1779747322134,-8643,20730,-638,-1032,-3116,1254,running,0.00,0,0,0,0,0
1779747322168,-8691,15865,231,-631,-3016,823,running,0.00,0,0,0,0,0
1779747322169,-8020,11545,-2438,-183,-2680,274,running,0.00,0,0,0,0,0
1779747322170,-5415,8066,-4285,-28,-2680,62,running,0.00,0,0,0,0,0
1779747322190,-5101,5135,-3715,103,-2861,62,running,0.00,0,0,0,0,0
1779747322191,-5666,2942,-2233,433,-2889,-61,running,0.00,0,0,0,0,0
1779747322192,-5962,1340,-442,694,-2840,-138,running,0.00,0,0,0,0,0
1779747322222,-7506,-1392,2073,905,-2672,-163,running,0.00,0,0,0,0,0
1779747322224,-9220,-3374,601,1130,-2345,-306,running,0.00,0,0,0,0,0
1779747322225,-10635,-7063,2084,1226,-2287,-698,running,0.00,0,0,0,0,0
1779747322252,-11289,-10684,5505,1206,-1942,-767,running,0.00,0,0,0,0,0
1779747322256,-13686,-10674,5217,1061,-1444,-531,running,0.00,0,0,0,0,0
1779747322259,-17611,-11674,8337,596,-1258,-562,running,0.00,0,0,0,0,0
1779747322287,-20005,-12595,12423,-63,-956,-816,running,0.00,0,0,0,0,0
1779747322288,-18800,-12630,14339,-282,-327,-1128,running,0.00,0,0,0,0,0
1779747322289,-17790,-10952,15211,-374,498,-1256,running,0.00,0,0,0,0,0
1779747322312,-17045,-10568,14877,-711,1046,-1693,running,0.00,0,0,0,0,0
1779747322313,-16668,-8995,16629,-1014,1609,-2130,running,0.00,0,0,0,0,0
1779747322314,-18420,-5239,12805,-1429,2403,-2592,running,0.00,0,0,0,0,0
1779747322347,-15464,-3476,9592,-1656,2722,-3141,running,0.00,0,0,0,0,0
1779747322348,-15962,-3260,10432,-1910,2901,-3349,running,0.00,0,0,0,0,0
1779747322348,-16475,-246,9053,-1866,3245,-3265,running,0.00,0,0,0,0,0
1779747322372,-16912,3444,5325,-2190,3588,-3315,running,0.00,0,0,0,0,0
1779747322372,-15223,8398,3974,-2174,3497,-3724,running,0.00,0,0,0,0,0
1779747322373,-16141,15961,7948,-1993,3437,-3777,running,0.00,0,0,0,0,0
1779747322404,-18369,28092,8722,-1800,4201,-3984,running,0.00,0,0,0,0,0
1779747322405,-13334,32767,-284,-1620,4558,-4244,running,0.00,0,0,0,0,0
1779747322406,-13914,32767,1643,-2211,3849,-4300,running,0.00,0,0,0,0,0
1779747322432,-18018,32644,4299,-2284,3279,-4448,running,0.00,0,0,0,0,0
1779747322433,-19307,32767,2291,-2294,3045,-4300,running,0.00,0,0,0,0,0
1779747322433,-20748,32767,957,-3387,2510,-3653,running,0.00,0,0,0,0,0
1779747322463,-18750,32764,-389,-4268,2038,-2803,running,0.00,0,0,0,0,0
1779747322464,-12806,32767,-494,-4181,1762,-2002,running,0.00,0,0,0,0,0
1779747322465,-9053,32767,-155,-3628,1545,-1471,running,0.00,0,0,0,0,0
1779747322492,-6986,32767,266,-2974,1330,-1254,running,0.00,0,0,0,0,0
1779747322492,-3394,32767,-698,-2323,1198,-1312,running,0.00,0,0,0,0,0
1779747322494,1371,32433,-1498,-1669,1092,-1028,running,0.00,0,0,0,0,0
1779747322524,3110,29308,-1483,-1247,1014,-806,running,0.00,0,0,0,0,0
1779747322525,4817,24036,-790,-1118,1027,-625,running,0.00,0,0,0,0,0
1779747322526,2697,21555,-1794,-1017,1205,-248,running,0.00,0,0,0,0,0
1779747322553,4978,19696,-2812,-538,1161,118,running,0.00,0,0,0,0,0
1779747322554,2391,16017,-2437,-52,1318,383,running,0.00,0,0,0,0,0
1779747322554,119,14673,-1886,-197,1227,572,running,0.00,0,0,0,0,0
1779747322582,4965,10253,-6187,350,1586,567,running,0.00,0,0,0,0,0
1779747322582,12260,6929,-3142,335,1202,942,running,0.00,0,0,0,0,0
1779747322583,9725,4773,-1131,184,392,1146,running,0.00,0,0,0,0,0
1779747322612,7689,3874,-2996,371,222,1045,running,0.00,0,0,0,0,0
1779747322613,9988,786,-2637,-50,457,916,running,0.00,0,0,0,0,0
1779747322614,12358,1075,-1999,-430,497,1042,running,0.00,0,0,0,0,0
1779747322642,13247,2282,-2501,-351,261,1180,running,0.00,0,0,0,0,0
1779747322643,12598,1964,-2274,-346,-8,1263,running,0.00,0,0,0,0,0
1779747322644,11768,1790,-1954,-578,-202,1227,running,0.00,0,0,0,0,0
1779747322671,10944,3083,-2093,-798,-354,1044,running,0.00,0,0,0,0,0
1779747322673,10504,4852,-2490,-779,-414,911,running,0.00,0,0,0,0,0
1779747322674,9909,6094,-2001,-618,-473,941,running,0.00,0,0,0,0,0
1779747322703,9088,7931,-1453,-470,-539,1074,running,0.00,0,0,0,0,0
1779747322704,6225,11435,-364,-162,-1006,1413,running,0.00,0,0,0,0,0
1779747322706,4857,13908,603,-104,-1247,1626,running,0.00,0,0,0,0,0
1779747322729,3484,17336,1109,95,-1509,1900,running,0.00,0,0,0,0,0
1779747322730,2710,21253,2431,353,-1844,2205,running,0.00,0,0,0,0,0
1779747322730,2808,25415,3757,615,-2227,2519,running,0.00,0,0,0,0,0
1779747322760,3716,31406,6211,871,-2631,2888,running,0.00,0,0,0,0,0
1779747322761,5505,32767,8384,924,-3044,3069,running,0.00,0,0,0,0,0
1779747322761,6907,32741,7869,694,-3441,3067,running,0.00,0,0,0,0,0
1779747322791,4589,32726,8176,207,-3785,2801,running,0.00,0,0,0,0,0
1779747322792,-5211,32767,11078,190,-3794,2314,running,0.00,0,0,0,0,0
1779747322793,-15105,32767,14835,717,-3313,1783,running,0.00,0,0,0,0,0
1779747322828,-20795,32766,18788,1159,-2835,1690,running,0.00,0,0,0,0,0
1779747322829,-27573,32767,19032,1954,-2325,2141,running,0.00,0,0,0,0,0
1779747322830,-29327,32745,16573,2641,-1955,2500,running,0.00,0,0,0,0,0
1779747322851,-24810,30148,14766,2334,-1949,2354,running,0.00,0,0,0,0,0
1779747322854,-16880,25265,7890,1372,-1988,2253,running,0.00,0,0,0,0,0
1779747322855,-12229,23917,3162,60,-2741,1657,running,0.00,0,0,0,0,0
1779747322884,-10477,16949,6305,-1511,-3623,590,running,0.00,0,0,0,0,0
1779747322885,-3682,10624,1467,-1371,-2854,371,running,0.00,0,0,0,0,0
1779747322885,-5315,18615,-196,-428,-3072,1964,running,0.00,0,0,0,0,0
1779747322913,-12202,14298,3105,613,-3114,2027,running,0.00,0,0,0,0,0
1779747322946,-11223,8470,21,1795,-2660,1069,running,0.00,0,0,0,0,0
1779747322947,-9916,3967,602,2962,-2724,252,running,0.00,0,0,0,0,0
1779747322948,-7540,-2569,1363,3892,-2624,-47,running,0.00,0,0,0,0,0
1779747322949,-6111,-7102,1876,4416,-2390,-34,running,0.00,0,0,0,0,0
1779747322949,-6538,-11408,4336,4748,-2289,40,running,0.00,0,0,0,0,0
1779747322973,-8507,-16122,7258,4391,-2302,65,running,0.00,0,0,0,0,0
1779747322973,-11024,-20449,8857,3701,-2199,-212,running,0.00,0,0,0,0,0
1779747322974,-13401,-21620,12098,3047,-2291,-720,running,0.00,0,0,0,0,0
1779747323002,-17632,-21364,14521,2439,-2187,-1413,running,0.00,0,0,0,0,0
1779747323003,-20646,-20226,14716,1827,-1810,-1841,running,0.00,0,0,0,0,0
1779747323003,-22162,-18020,15175,1371,-1171,-1935,running,0.00,0,0,0,0,0
1779747323030,-19421,-16133,10636,1107,-922,-1723,running,0.00,0,0,0,0,0
1779747323034,-21579,-9087,16270,1289,-1118,-1312,running,0.00,0,0,0,0,0
1779747323035,-23517,-13793,16763,587,-159,-2755,running,0.00,0,0,0,0,0
1779747323061,-18992,-9869,11664,-254,494,-3638,running,0.00,0,0,0,0,0
1779747323062,-17761,-9568,13154,-491,412,-3909,running,0.00,0,0,0,0,0
1779747323063,-26022,-3863,14517,-680,648,-3713,running,0.00,0,0,0,0,0
1779747323093,-27628,-3313,10034,-727,1059,-4395,running,0.00,0,0,0,0,0
1779747323094,-26307,-7426,9566,-1311,979,-4910,running,0.00,0,0,0,0,0
1779747323095,-26902,-5660,9439,-2217,1101,-4999,running,0.00,0,0,0,0,0
1779747323121,-29514,-6091,9803,-3377,1540,-5148,running,0.00,0,0,0,0,0
1779747323124,-31377,12423,11960,-4417,1967,-4618,running,0.00,0,0,0,0,0
1779747323128,-32768,32767,13671,-5165,2046,-4587,running,0.00,0,0,0,0,0
1779747323152,-32768,32767,5721,-5487,2132,-5582,running,0.00,0,0,0,0,0
1779747323153,-32735,32370,6316,-5254,1767,-6539,running,0.00,0,0,0,0,0
1779747323154,-32768,32766,8912,-4765,1856,-6981,running,0.00,0,0,0,0,0
1779747323182,-32768,32767,-95,-4589,2038,-6439,running,0.00,0,0,0,0,0
1779747323183,-32767,32760,-1994,-4228,1703,-5890,running,0.00,0,0,0,0,0
1779747323186,-32277,32766,933,-3958,1477,-4952,running,0.00,0,0,0,0,0
1779747323211,-27155,32767,683,-3734,1695,-3926,running,0.00,0,0,0,0,0
1779747323212,-22141,32767,1645,-3582,1594,-3788,running,0.00,0,0,0,0,0
1779747323213,-11584,32767,1635,-3509,1420,-3269,running,0.00,0,0,0,0,0
1779747323243,-10579,32763,509,-3746,1081,-3588,running,0.00,0,0,0,0,0
1779747323247,-506,27569,3011,-3992,967,-4194,running,0.00,0,0,0,0,0
1779747323248,6560,24055,-2494,-3677,1157,-2467,running,0.00,0,0,0,0,0
1779747323282,2228,26008,1919,-3210,387,-486,running,0.00,0,0,0,0,0
1779747323282,12527,24031,-6213,-4021,827,439,running,0.00,0,0,0,0,0
1779747323283,7617,20621,123,-3482,-155,-134,running,0.00,0,0,0,0,0
1779747323300,8708,18184,549,-2000,277,474,running,0.00,0,0,0,0,0
1779747323300,12338,19856,-4804,-1589,748,1076,running,0.00,0,0,0,0,0
1779747323300,14939,14074,-3943,-1441,485,962,running,0.00,0,0,0,0,0
1779747323331,13320,11194,-2460,-1170,324,1096,running,0.00,0,0,0,0,0
1779747323331,14109,9325,-2767,-762,469,1282,running,0.00,0,0,0,0,0
1779747323331,16256,8023,-2698,-604,463,1426,running,0.00,0,0,0,0,0
1779747323364,16464,6929,-2167,-474,411,1315,running,0.00,0,0,0,0,0
1779747323365,16403,7262,-1719,-476,369,1247,running,0.00,0,0,0,0,0
1779747323365,14444,8485,393,-472,342,1467,running,0.00,0,0,0,0,0
1779747323392,15320,9175,-1101,-702,317,1677,running,0.00,0,0,0,0,0
1779747323393,10890,13297,-697,-269,35,1944,running,0.00,0,0,0,0,0
1779747323394,9753,9814,2334,-115,-22,1999,running,0.00,0,0,0,0,0
1779747323424,12015,10927,520,-219,124,2442,running,0.00,0,0,0,0,0
1779747323425,6261,16481,-64,324,83,2787,running,0.00,0,0,0,0,0
1779747323427,1920,16187,1465,208,-170,2648,running,0.00,0,0,0,0,0
1779747323452,-2028,18161,2096,143,-399,2744,running,0.00,0,0,0,0,0
1779747323453,-78,19321,2550,558,-285,3094,running,0.00,0,0,0,0,0
1779747323454,-885,20796,857,741,-303,3491,running,0.00,0,0,0,0,0
1779747323483,-3538,24062,2135,637,-822,4001,running,0.00,0,0,0,0,0
1779747323484,-6505,25943,5165,447,-1231,4509,running,0.00,0,0,0,0,0
1779747323485,-6800,30021,5765,688,-1413,4843,running,0.00,0,0,0,0,0
1779747323511,-5132,32767,4453,795,-1812,5117,running,0.00,0,0,0,0,0
1779747323512,-8546,32767,3536,774,-2273,5362,running,0.00,0,0,0,0,0
1779747323513,-14589,32705,1360,1200,-2387,5314,running,0.00,0,0,0,0,0
1779747323541,-21287,32767,-1,1873,-2310,4868,running,0.00,0,0,0,0,0
1779747323542,-25863,32767,223,2250,-2046,4736,running,0.00,0,0,0,0,0
1779747323542,-32768,32766,5788,2771,-1923,4558,running,0.00,0,0,0,0,0
1779747323571,-32768,32767,6679,3640,-1594,3926,running,0.00,0,0,0,0,0
1779747323572,-32489,32678,4995,3753,-1612,3645,running,0.00,0,0,0,0,0
1779747323572,-32748,30060,9150,3111,-1869,3543,running,0.00,0,0,0,0,0
1779747323611,-30345,23097,5802,2495,-1609,3100,running,0.00,0,0,0,0,0
1779747323611,-19949,19993,102,1204,-1868,2433,running,0.00,0,0,0,0,0
1779747323611,-15956,17626,475,359,-2548,1979,running,0.00,0,0,0,0,0
1779747323632,-16530,18430,183,198,-2796,1589,running,0.00,0,0,0,0,0
1779747323633,-15974,18176,-1956,650,-2866,940,running,0.00,0,0,0,0,0
1779747323634,-13024,14160,-3615,827,-2974,309,running,0.00,0,0,0,0,0
1779747323663,-11425,14084,-2711,1148,-2906,-73,running,0.00,0,0,0,0,0
1779747323664,-6076,16037,-5490,2054,-3298,382,running,0.00,0,0,0,0,0
1779747323665,-6933,17550,-1658,3100,-3432,887,running,0.00,0,0,0,0,0
1779747323693,-6199,11972,2296,4156,-2987,640,running,0.00,0,0,0,0,0
1779747323694,-6798,6054,4862,4779,-2476,422,running,0.00,0,0,0,0,0
1779747323695,-3735,4335,4630,5297,-2387,335,running,0.00,0,0,0,0,0
1779747323723,-4066,-2881,7580,5779,-2567,403,running,0.00,0,0,0,0,0
1779747323724,-6522,-7926,9468,5658,-2759,707,running,0.00,0,0,0,0,0
1779747323724,-10877,-10419,14216,5222,-2789,941,running,0.00,0,0,0,0,0
1779747323752,-13684,-13101,14397,4219,-2338,716,running,0.00,0,0,0,0,0
1779747323753,-11497,-16131,12121,3025,-2041,237,running,0.00,0,0,0,0,0
1779747323754,-8825,-14229,12465,1798,-1966,84,running,0.00,0,0,0,0,0
1779747323783,-9340,-9660,11786,800,-1719,-97,running,0.00,0,0,0,0,0
1779747323784,-9026,-7117,11823,481,-1586,-529,running,0.00,0,0,0,0,0
1779747323786,-9790,-5260,12966,296,-677,-1220,running,0.00,0,0,0,0,0
1779747323809,-6791,-4425,11164,190,-42,-1636,running,0.00,0,0,0,0,0
1779747323810,-6927,-719,8189,248,144,-1842,running,0.00,0,0,0,0,0
1779747323810,-10287,-2731,14377,437,86,-2215,running,0.00,0,0,0,0,0
1779747323840,-9628,-6594,11345,-210,749,-2963,running,0.00,0,0,0,0,0
1779747323841,-10209,-878,8117,-574,939,-3108,running,0.00,0,0,0,0,0
1779747323842,-13677,-4525,9755,-736,901,-3577,running,0.00,0,0,0,0,0
1779747323873,-11835,-1413,5438,-1549,1396,-3802,running,0.00,0,0,0,0,0
1779747323874,-8815,6274,-676,-2384,886,-4565,running,0.00,0,0,0,0,0
1779747323874,-19032,13138,1618,-3896,398,-5401,running,0.00,0,0,0,0,0
1779747323906,-29172,22228,-4252,-5394,611,-5988,running,0.00,0,0,0,0,0
1779747323907,-32768,32412,-10019,-6208,539,-6235,running,0.00,0,0,0,0,0
1779747323908,-32768,32767,-14277,-6322,9,-6609,running,0.00,0,0,0,0,0
1779747323931,-32680,32612,-15898,-5801,-577,-6357,running,0.00,0,0,0,0,0
1779747323939,-32768,32739,-2581,-4832,257,-5496,running,0.00,0,0,0,0,0
1779747323940,-32768,32767,-9115,-3494,2288,-3588,running,0.00,0,0,0,0,0
1779747323963,-28244,32765,-15115,-3279,2897,-1952,running,0.00,0,0,0,0,0
1779747323965,-18108,32528,-21954,-4339,1801,-921,running,0.00,0,0,0,0,0
1779747323966,-18563,29959,-4659,-5874,262,-1345,running,0.00,0,0,0,0,0
1779747323997,-3294,28203,585,-6846,791,-862,running,0.00,0,0,0,0,0
1779747323998,399,32767,-5424,-6530,1830,724,running,0.00,0,0,0,0,0
1779747323998,2810,32767,-9966,-6058,1984,896,running,0.00,0,0,0,0,0
1779747324020,5837,32006,-4976,-5397,1342,56,running,0.00,0,0,0,0,0
1779747324021,9493,27057,-4074,-4945,1122,-147,running,0.00,0,0,0,0,0
1779747324022,12877,22044,-5684,-4752,909,150,running,0.00,0,0,0,0,0
1779747324054,11657,17615,-6438,-4344,574,623,running,0.00,0,0,0,0,0
1779747324055,9449,14124,-6577,-3753,565,1054,running,0.00,0,0,0,0,0
1779747324055,10575,11115,-7158,-3458,634,1232,running,0.00,0,0,0,0,0
1779747324082,8025,9417,-6281,-3278,640,1259,running,0.00,0,0,0,0,0
1779747324084,5546,10173,-5328,-2834,780,1044,running,0.00,0,0,0,0,0
1779747324085,16064,3104,-6303,-2351,938,423,running,0.00,0,0,0,0,0
1779747324114,17145,4108,-5723,-1984,644,837,running,0.00,0,0,0,0,0
1779747324115,13509,6397,-5522,-700,816,1363,running,0.00,0,0,0,0,0
1779747324116,14131,62,-3643,-33,989,954,running,0.00,0,0,0,0,0
1779747324143,17045,-851,-3257,-200,755,1024,running,0.00,0,0,0,0,0
1779747324143,16289,-970,-2857,-252,483,1415,running,0.00,0,0,0,0,0
1779747324152,15269,-899,-1060,-506,143,1579,running,0.00,0,0,0,0,0
1779747324174,14284,17,-1080,-649,-185,1596,running,0.00,0,0,0,0,0
1779747324175,13257,2635,-1468,-803,-510,1762,running,0.00,0,0,0,0,0
1779747324176,9984,5715,-619,-906,-894,1854,running,0.00,0,0,0,0,0
1779747324202,7582,9076,344,-833,-1054,1913,running,0.00,0,0,0,0,0
1779747324203,7246,12060,1139,-613,-1045,2169,running,0.00,0,0,0,0,0
1779747324204,5593,15290,2827,-374,-1151,2380,running,0.00,0,0,0,0,0
1779747324232,4790,16319,7444,-252,-1504,2343,running,0.00,0,0,0,0,0
1779747324233,4271,21674,7022,-305,-1656,2596,running,0.00,0,0,0,0,0
1779747324233,3404,29266,9533,-207,-2102,2702,running,0.00,0,0,0,0,0
1779747324261,1392,32767,13320,-138,-2593,2611,running,0.00,0,0,0,0,0
1779747324262,-3128,32767,17116,156,-2919,2328,running,0.00,0,0,0,0,0
1779747324262,-9819,32681,21987,546,-2915,2035,running,0.00,0,0,0,0,0
1779747324293,-17514,32767,25872,974,-2851,2015,running,0.00,0,0,0,0,0
1779747324294,-24513,32767,26625,1022,-2741,2452,running,0.00,0,0,0,0,0
1779747324294,-31111,32765,25366,1138,-2559,3115,running,0.00,0,0,0,0,0
1779747324323,-32768,32767,21685,1623,-2359,3066,running,0.00,0,0,0,0,0
1779747324333,-28918,28573,18910,1976,-2217,2073,running,0.00,0,0,0,0,0
1779747324334,-16384,29068,11500,2010,-2151,2709,running,0.00,0,0,0,0,0
1779747324353,-14712,32767,9736,2256,-2600,3250,running,0.00,0,0,0,0,0
1779747324354,-16459,27241,10683,2807,-2389,2229,running,0.00,0,0,0,0,0
1779747324354,-14776,22510,5601,2759,-2307,1617,running,0.00,0,0,0,0,0
1779747324381,-14164,14419,4046,2732,-2575,1033,running,0.00,0,0,0,0,0
1779747324382,-12384,6813,3359,2168,-2788,200,running,0.00,0,0,0,0,0
1779747324383,-7492,4541,1830,1482,-3064,-677,running,0.00,0,0,0,0,0
1779747324413,-2075,5755,-733,1560,-2981,-777,running,0.00,0,0,0,0,0
1779747324417,-3544,7369,-70,2073,-3029,-303,running,0.00,0,0,0,0,0
1779747324418,-4127,4479,1330,2793,-2977,-253,running,0.00,0,0,0,0,0
1779747324441,-3166,54,1543,3035,-2874,-555,running,0.00,0,0,0,0,0
1779747324442,-4137,-2848,2762,2983,-2876,-931,running,0.00,0,0,0,0,0
1779747324443,-4435,-5512,4117,3055,-2835,-1155,running,0.00,0,0,0,0,0
1779747324472,-6096,-8005,5629,2749,-2798,-1222,running,0.00,0,0,0,0,0
1779747324502,-7328,-10704,6305,2355,-2816,-1357,running,0.00,0,0,0,0,0
1779747324506,-5844,-11838,4180,1977,-3245,-1451,running,0.00,0,0,0,0,0
1779747324508,-12827,-11820,8368,1649,-3672,-1620,running,0.00,0,0,0,0,0
1779747324509,-15423,-11936,9576,1278,-2841,-1856,running,0.00,0,0,0,0,0
1779747324510,-14609,-11769,8426,789,-2218,-2110,running,0.00,0,0,0,0,0
1779747324531,-12703,-12190,7695,274,-1957,-2197,running,0.00,0,0,0,0,0
1779747324532,-14060,-10884,9632,-57,-1678,-2032,running,0.00,0,0,0,0,0
1779747324533,-14961,-9053,11843,-124,-953,-1958,running,0.00,0,0,0,0,0
1779747324565,-12389,-7862,10927,-266,-79,-2021,running,0.00,0,0,0,0,0
1779747324566,-11885,-5191,10551,-373,573,-1998,running,0.00,0,0,0,0,0
1779747324567,-11678,-2831,7646,-359,1092,-2315,running,0.00,0,0,0,0,0
1779747324592,-11063,-3011,7505,-303,1039,-2693,running,0.00,0,0,0,0,0
1779747324593,-13293,-4148,10925,-350,1334,-2810,running,0.00,0,0,0,0,0
1779747324593,-12143,-1160,7790,-452,1793,-2575,running,0.00,0,0,0,0,0
1779747324625,-16653,747,7479,-1403,1873,-2608,running,0.00,0,0,0,0,0
1779747324626,-19102,3331,11829,-2412,2196,-2900,running,0.00,0,0,0,0,0
1779747324627,-18099,11148,8991,-3040,2987,-2637,running,0.00,0,0,0,0,0
1779747324653,-19948,20768,7640,-3372,3348,-2305,running,0.00,0,0,0,0,0
1779747324654,-18454,29910,9858,-3538,3375,-2439,running,0.00,0,0,0,0,0
1779747324655,-23154,32767,16582,-3862,3416,-2746,running,0.00,0,0,0,0,0
1779747324684,-21165,32761,9413,-2828,4327,-2795,running,0.00,0,0,0,0,0
1779747324685,-17832,32687,5634,-2820,3594,-2978,running,0.00,0,0,0,0,0
1779747324686,-20353,32767,5822,-2960,2696,-2655,running,0.00,0,0,0,0,0
1779747324712,-20822,32767,3409,-3549,2103,-1958,running,0.00,0,0,0,0,0
1779747324712,-21911,32765,-868,-4330,1622,-1212,running,0.00,0,0,0,0,0
1779747324713,-17241,32767,906,-4484,1247,-945,running,0.00,0,0,0,0,0
1779747324743,-13264,32767,-3928,-4578,1311,-374,running,0.00,0,0,0,0,0
1779747324743,-9661,32404,-6728,-4048,1215,30,running,0.00,0,0,0,0,0
1779747324744,-4468,28408,-6222,-3819,806,74,running,0.00,0,0,0,0,0
1779747324773,-1813,27122,-7434,-3844,461,35,running,0.00,0,0,0,0,0
1779747324775,436,26846,-5508,-3395,539,-155,running,0.00,0,0,0,0,0
1779747324778,1891,19823,-4172,-3528,827,-771,running,0.00,0,0,0,0,0
1779747324802,2432,18884,-5959,-3940,802,-745,running,0.00,0,0,0,0,0
1779747324802,2403,20125,-4827,-3439,503,-185,running,0.00,0,0,0,0,0
1779747324805,1050,17966,-4179,-2777,443,663,running,0.00,0,0,0,0,0
1779747324832,687,14575,-4088,-2089,673,833,running,0.00,0,0,0,0,0
1779747324833,6247,14969,-5122,-1462,570,1055,running,0.00,0,0,0,0,0
1779747324834,6942,10956,-5426,-779,447,1326,running,0.00,0,0,0,0,0
1779747324863,8644,8618,-4307,-368,473,1188,running,0.00,0,0,0,0,0
1779747324863,8996,7089,-4581,249,487,953,running,0.00,0,0,0,0,0
1779747324864,8720,7598,-5940,609,654,970,running,0.00,0,0,0,0,0
1779747324891,9802,5182,-6117,801,432,1127,running,0.00,0,0,0,0,0
1779747324892,9235,4628,-6092,765,270,1194,running,0.00,0,0,0,0,0
1779747324892,8643,3738,-5680,619,116,1250,running,0.00,0,0,0,0,0
1779747324925,8164,3509,-5126,364,-24,1283,running,0.00,0,0,0,0,0
1779747324925,8119,4596,-4491,92,-207,1265,running,0.00,0,0,0,0,0
1779747324926,7771,7143,-4079,-116,-479,1283,running,0.00,0,0,0,0,0
1779747324953,6887,9970,-3815,-257,-792,1303,running,0.00,0,0,0,0,0
1779747324953,5595,13628,-3801,-199,-1108,1334,running,0.00,0,0,0,0,0
1779747324955,4222,17448,-2988,7,-1439,1358,running,0.00,0,0,0,0,0
1779747324983,3501,20371,-2556,297,-1712,1423,running,0.00,0,0,0,0,0
1779747324984,3035,24189,-120,859,-1908,1509,running,0.00,0,0,0,0,0
1779747324985,3003,28508,3635,1556,-2011,1591,running,0.00,0,0,0,0,0
1779747325015,4736,32400,7101,2257,-2139,1837,running,0.00,0,0,0,0,0
1779747325016,5879,32767,10089,3013,-2321,2255,running,0.00,0,0,0,0,0
1779747325016,5494,32720,11481,3406,-2478,2538,running,0.00,0,0,0,0,0
1779747325042,3599,32751,13777,3775,-2491,2497,running,0.00,0,0,0,0,0
1779747325043,-2183,32767,17692,3704,-2410,2269,running,0.00,0,0,0,0,0
1779747325044,-10299,32767,20277,3176,-2208,2290,running,0.00,0,0,0,0,0
1779747325074,-18597,32767,22569,2752,-1960,2572,running,0.00,0,0,0,0,0
1779747325074,-24775,32767,24493,2128,-1930,2493,running,0.00,0,0,0,0,0
1779747325075,-28092,32724,23638,1884,-1637,2205,running,0.00,0,0,0,0,0
1779747325102,-23688,31467,19130,1751,-1354,2053,running,0.00,0,0,0,0,0
1779747325103,-15422,24501,17622,793,-1677,1768,running,0.00,0,0,0,0,0
1779747325104,-12699,20785,14543,-42,-1970,1522,running,0.00,0,0,0,0,0
1779747325133,-11032,19758,10494,-331,-1915,1389,running,0.00,0,0,0,0,0
1779747325134,-10292,19129,7563,-34,-1887,1273,running,0.00,0,0,0,0,0
1779747325135,-9279,17034,5340,318,-1988,1009,running,0.00,0,0,0,0,0
1779747325163,-10322,14770,3826,862,-2034,794,running,0.00,0,0,0,0,0
1779747325169,-9998,11326,3258,1646,-1963,602,running,0.00,0,0,0,0,0
1779747325169,-9715,6887,2969,2150,-2038,288,running,0.00,0,0,0,0,0
1779747325194,-7384,3045,2872,2340,-1807,27,running,0.00,0,0,0,0,0
1779747325195,-7468,-81,3492,2503,-1762,-224,running,0.00,0,0,0,0,0
1779747325195,-6664,-3444,1263,2769,-1769,-297,running,0.00,0,0,0,0,0
1779747325223,-5983,-6943,2016,2639,-1891,-389,running,0.00,0,0,0,0,0
1779747325223,-7778,-9710,2852,2442,-1932,-555,running,0.00,0,0,0,0,0
1779747325224,-9076,-12037,3140,2120,-1830,-550,running,0.00,0,0,0,0,0
1779747325256,-11334,-13078,3851,1557,-1794,-482,running,0.00,0,0,0,0,0
1779747325257,-15175,-13668,4640,1087,-1833,-627,running,0.00,0,0,0,0,0
1779747325257,-17834,-13867,5918,774,-1552,-893,running,0.00,0,0,0,0,0
1779747325283,-19006,-13954,7852,498,-1138,-1169,running,0.00,0,0,0,0,0
1779747325285,-19471,-13645,8909,174,-583,-1446,running,0.00,0,0,0,0,0
1779747325288,-18226,-12114,7375,-90,-53,-1643,running,0.00,0,0,0,0,0
1779747325312,-15972,-9860,6397,-236,142,-1813,running,0.00,0,0,0,0,0
1779747325313,-9929,-11474,6815,74,431,-1478,running,0.00,0,0,0,0,0
1779747325314,-20673,-5639,9924,134,593,-483,running,0.00,0,0,0,0,0
1779747325341,-21356,915,9161,-301,1179,-1033,running,0.00,0,0,0,0,0
1779747325342,-18922,-2070,8637,-129,1611,-2261,running,0.00,0,0,0,0,0
1779747325343,-17869,-324,8185,-26,2034,-2412,running,0.00,0,0,0,0,0
1779747325372,-17448,2549,8181,-235,2277,-2255,running,0.00,0,0,0,0,0
1779747325373,-16078,5056,5367,-673,2618,-2245,running,0.00,0,0,0,0,0
1779747325373,-16305,10452,4682,-1541,2711,-2277,running,0.00,0,0,0,0,0
1779747325407,-21462,19171,7862,-2515,2818,-2821,running,0.00,0,0,0,0,0
1779747325407,-27571,27688,9201,-3668,3125,-3816,running,0.00,0,0,0,0,0
1779747325408,-27817,31229,11205,-4681,3411,-4643,running,0.00,0,0,0,0,0
1779747325433,-29428,32767,14949,-5120,3433,-4894,running,0.00,0,0,0,0,0
1779747325434,-28118,32767,15124,-5230,3461,-4816,running,0.00,0,0,0,0,0
1779747325435,-28505,32728,13103,-5312,3360,-4267,running,0.00,0,0,0,0,0
1779747325463,-25879,32767,7819,-5165,3155,-4028,running,0.00,0,0,0,0,0
1779747325467,-19841,32767,5292,-4644,2753,-3698,running,0.00,0,0,0,0,0
1779747325468,-15261,32766,3654,-4080,2452,-2857,running,0.00,0,0,0,0,0
1779747325492,-12540,32767,2337,-3469,2336,-1758,running,0.00,0,0,0,0,0
1779747325492,-11617,32767,2858,-3403,2157,-1237,running,0.00,0,0,0,0,0
1779747325493,-6167,32430,329,-3609,2322,-1116,running,0.00,0,0,0,0,0
1779747325522,666,29752,141,-3463,2364,-970,running,0.00,0,0,0,0,0
1779747325523,2777,26324,585,-3264,2306,-644,running,0.00,0,0,0,0,0
1779747325524,3553,23563,1892,-3160,2181,-496,running,0.00,0,0,0,0,0
1779747325551,3569,19944,1517,-2756,2319,-758,running,0.00,0,0,0,0,0
1779747325552,10577,18060,2566,-2379,2170,-644,running,0.00,0,0,0,0,0
1779747325553,10096,18933,983,-2281,1858,1,running,0.00,0,0,0,0,0
1779747325583,7712,15991,-150,-1800,1648,73,running,0.00,0,0,0,0,0
1779747325591,7656,13831,-437,-1110,1560,-112,running,0.00,0,0,0,0,0
1779747325593,8989,13246,-2072,-589,1590,-194,running,0.00,0,0,0,0,0
1779747325612,12573,10812,-3126,-96,1524,-309,running,0.00,0,0,0,0,0
1779747325613,16353,7891,-2180,413,1345,-244,running,0.00,0,0,0,0,0
1779747325614,18130,7665,-1293,838,1251,190,running,0.00,0,0,0,0,0
1779747325642,16881,6564,267,1011,1112,484,running,0.00,0,0,0,0,0
1779747325649,15904,3938,1826,872,1011,552,running,0.00,0,0,0,0,0
1779747325650,15243,1841,2566,441,976,643,running,0.00,0,0,0,0,0
1779747325672,15767,348,3954,-116,810,785,running,0.00,0,0,0,0,0
1779747325673,15713,2238,3661,-654,592,995,running,0.00,0,0,0,0,0
1779747325674,14469,4776,3537,-762,375,962,running,0.00,0,0,0,0,0
1779747325707,12056,7669,4425,-597,64,732,running,0.00,0,0,0,0,0
1779747325707,9138,9750,2756,-426,-22,308,running,0.00,0,0,0,0,0
1779747325709,13921,15196,3318,-149,-81,-62,running,0.00,0,0,0,0,0
1779747325732,12913,17861,4274,835,-495,-34,running,0.00,0,0,0,0,0
1779747325733,7354,18607,5742,1197,-931,601,running,0.00,0,0,0,0,0
1779747325734,4692,21560,7046,993,-1550,1285,running,0.00,0,0,0,0,0
1779747325764,4169,26402,8925,1249,-1941,1710,running,0.00,0,0,0,0,0
1779747325765,1959,31139,12480,1514,-2593,2352,running,0.00,0,0,0,0,0
1779747325766,-413,32767,12616,1827,-3183,2958,running,0.00,0,0,0,0,0
1779747325792,-3419,32767,13535,2655,-3756,2993,running,0.00,0,0,0,0,0
1779747325798,-5313,32723,14813,2374,-3643,3034,running,0.00,0,0,0,0,0
1779747325799,-9541,32767,18771,1108,-4277,3165,running,0.00,0,0,0,0,0
1779747325824,-26976,32767,18575,150,-4658,3181,running,0.00,0,0,0,0,0
1779747325825,-32768,32766,17918,-129,-3430,3728,running,0.00,0,0,0,0,0
1779747325826,-32768,32767,21935,803,-3346,3424,running,0.00,0,0,0,0,0
1779747325852,-32621,31231,19612,1215,-3322,1929,running,0.00,0,0,0,0,0
1779747325853,-32768,21931,16982,1652,-3217,2933,running,0.00,0,0,0,0,0
1779747325854,-32065,26546,12412,1559,-2858,4879,running,0.00,0,0,0,0,0
1779747325882,-23445,31798,4377,1285,-2573,4980,running,0.00,0,0,0,0,0
1779747325883,-22596,27292,4743,980,-3160,4346,running,0.00,0,0,0,0,0
1779747325884,-26056,21849,5058,1145,-3224,3674,running,0.00,0,0,0,0,0
1779747325915,-26160,16267,2478,1678,-3043,3006,running,0.00,0,0,0,0,0
1779747325917,-21366,12916,-135,2134,-3081,2526,running,0.00,0,0,0,0,0
1779747325917,-18086,7824,-474,2791,-3138,2186,running,0.00,0,0,0,0,0
1779747325942,-14941,5004,-2160,3201,-3234,1898,running,0.00,0,0,0,0,0
1779747325943,-15975,957,710,3770,-3371,1632,running,0.00,0,0,0,0,0
1779747325944,-13334,-1541,-267,4189,-2891,1531,running,0.00,0,0,0,0,0
1779747325972,-8632,-1133,-1961,4663,-2803,1592,running,0.00,0,0,0,0,0
1779747325973,-10246,-5769,8560,4684,-3316,1443,running,0.00,0,0,0,0,0
1779747325974,-12368,-8664,10950,4525,-3165,1059,running,0.00,0,0,0,0,0
1779747326003,-13219,-13697,11230,4186,-2979,647,running,0.00,0,0,0,0,0
1779747326004,-12129,-18310,12222,3708,-2720,530,running,0.00,0,0,0,0,0
1779747326005,-10003,-18911,9128,2963,-2492,752,running,0.00,0,0,0,0,0
1779747326032,-12824,-13310,9772,2266,-2786,937,running,0.00,0,0,0,0,0
1779747326032,-13060,-16176,12640,1807,-2628,-192,running,0.00,0,0,0,0,0
1779747326033,-12175,-12945,11915,953,-2153,-737,running,0.00,0,0,0,0,0
1779747326064,-14478,-4842,12557,504,-1923,-1021,running,0.00,0,0,0,0,0
1779747326065,-15354,-1821,13468,495,-1443,-1761,running,0.00,0,0,0,0,0
1779747326066,-12604,-2742,12140,552,-732,-2287,running,0.00,0,0,0,0,0
1779747326093,-10244,-1228,11198,799,-319,-2350,running,0.00,0,0,0,0,0
1779747326096,-15009,394,14660,859,107,-2387,running,0.00,0,0,0,0,0
1779747326097,-15493,2157,10124,597,885,-2800,running,0.00,0,0,0,0,0
1779747326121,-14516,2609,4847,518,1032,-3251,running,0.00,0,0,0,0,0
1779747326123,-17668,3639,6672,190,701,-3540,running,0.00,0,0,0,0,0
1779747326123,-19364,8935,5814,-279,1323,-3655,running,0.00,0,0,0,0,0
1779747326152,-17706,16770,925,-1375,1824,-4151,running,0.00,0,0,0,0,0
1779747326157,-23079,24152,2615,-2248,1766,-4982,running,0.00,0,0,0,0,0
1779747326158,-28067,30409,-111,-2879,2121,-5294,running,0.00,0,0,0,0,0
1779747326181,-27993,32767,-5978,-3085,2294,-5692,running,0.00,0,0,0,0,0
1779747326182,-29709,32765,-8921,-3107,2094,-5858,running,0.00,0,0,0,0,0
1779747326183,-30691,32701,-13044,-3240,1858,-5704,running,0.00,0,0,0,0,0
1779747326215,-27853,32767,-16163,-3078,1694,-5497,running,0.00,0,0,0,0,0
1779747326216,-23782,32767,-16913,-2807,1499,-5098,running,0.00,0,0,0,0,0
1779747326217,-20838,32765,-15791,-2518,1399,-4581,running,0.00,0,0,0,0,0
1779747326247,-16572,32549,-14272,-2556,1271,-4273,running,0.00,0,0,0,0,0
1779747326247,-11661,28073,-10243,-3434,1034,-3884,running,0.00,0,0,0,0,0
1779747326248,-10778,18029,-8210,-3993,629,-3700,running,0.00,0,0,0,0,0
1779747326274,-6308,25409,5865,-5714,914,-3987,running,0.00,0,0,0,0,0
1779747326274,-8034,28560,-11838,-6445,1666,-3475,running,0.00,0,0,0,0,0
1779747326275,2137,25155,2126,-5837,981,-3181,running,0.00,0,0,0,0,0
1779747326303,10264,27864,-6337,-6375,1324,-2384,running,0.00,0,0,0,0,0
1779747326305,5094,18759,-897,-6670,693,-2281,running,0.00,0,0,0,0,0
1779747326306,10449,23124,-5452,-6047,1042,-1271,running,0.00,0,0,0,0,0
1779747326334,13550,25932,-6248,-4301,630,-507,running,0.00,0,0,0,0,0
1779747326335,2571,16410,-3535,-3099,872,91,running,0.00,0,0,0,0,0
1779747326336,886,19530,-8024,-3268,1839,38,running,0.00,0,0,0,0,0
1779747326374,13154,11796,-3169,-2022,1607,-531,running,0.00,0,0,0,0,0
1779747326375,21307,11753,-4837,-2067,868,-121,running,0.00,0,0,0,0,0
1779747326376,11349,14597,-1702,-2069,-113,55,running,0.00,0,0,0,0,0
1779747326392,10616,10211,1549,-1460,289,-6,running,0.00,0,0,0,0,0
1779747326393,21484,12184,-1163,-917,616,95,running,0.00,0,0,0,0,0
1779747326397,19030,8760,-122,35,146,682,running,0.00,0,0,0,0,0
1779747326423,13906,7777,-79,-246,23,1238,running,0.00,0,0,0,0,0
1779747326428,12532,8851,-1168,-434,-59,1469,running,0.00,0,0,0,0,0
1779747326429,9986,10500,-989,-631,-371,1631,running,0.00,0,0,0,0,0
1779747326452,8014,12835,-1766,-811,-430,1741,running,0.00,0,0,0,0,0
1779747326453,9125,14236,-1995,-526,-419,1929,running,0.00,0,0,0,0,0
1779747326453,7175,14590,254,-99,-646,2242,running,0.00,0,0,0,0,0
1779747326484,5633,14287,1984,80,-833,2518,running,0.00,0,0,0,0,0
1779747326485,4923,14287,2629,303,-1066,2806,running,0.00,0,0,0,0,0
1779747326487,2791,15988,4804,599,-1330,3099,running,0.00,0,0,0,0,0
1779747326511,2361,18304,5402,775,-1610,3391,running,0.00,0,0,0,0,0
1779747326512,1462,19719,5244,571,-2008,3713,running,0.00,0,0,0,0,0
1779747326512,2216,23756,6261,164,-2516,3940,running,0.00,0,0,0,0,0
1779747326540,2273,30687,6970,238,-3010,4228,running,0.00,0,0,0,0,0
1779747326541,1816,32767,7529,130,-3354,4481,running,0.00,0,0,0,0,0
1779747326542,1096,32757,8746,37,-3781,4349,running,0.00,0,0,0,0,0
1779747326575,-5368,32708,11670,-267,-4284,3637,running,0.00,0,0,0,0,0
1779747326576,-8886,32767,11756,900,-3883,3215,running,0.00,0,0,0,0,0
1779747326576,-16242,32767,15155,2261,-3531,3581,running,0.00,0,0,0,0,0
1779747326601,-29014,32766,17643,1902,-3402,3091,running,0.00,0,0,0,0,0
1779747326602,-30591,32767,13372,2404,-3020,2642,running,0.00,0,0,0,0,0
1779747326603,-27951,32767,15888,3110,-2652,3063,running,0.00,0,0,0,0,0
1779747326633,-27354,32767,15780,3389,-2221,3056,running,0.00,0,0,0,0,0
1779747326633,-20512,29850,11862,3148,-1865,2761,running,0.00,0,0,0,0,0
1779747326634,-15326,23147,10228,1901,-2132,2327,running,0.00,0,0,0,0,0
1779747326672,-10397,19741,9087,900,-2485,1865,running,0.00,0,0,0,0,0
1779747326673,-10345,15443,8990,494,-2661,1171,running,0.00,0,0,0,0,0
1779747326674,-8030,10556,5792,394,-2712,366,running,0.00,0,0,0,0,0
1779747326693,-5150,9574,4245,455,-2814,82,running,0.00,0,0,0,0,0
1779747326693,-5048,10354,3638,786,-2978,224,running,0.00,0,0,0,0,0
1779747326694,-6204,11479,4109,1668,-2813,436,running,0.00,0,0,0,0,0
1779747326726,-4566,7792,3179,2815,-2439,242,running,0.00,0,0,0,0,0
1779747326727,-3020,5814,3615,3651,-2320,367,running,0.00,0,0,0,0,0
1779747326728,-4660,3312,5876,4422,-2258,500,running,0.00,0,0,0,0,0
1779747326753,-4327,-3421,6815,4532,-2351,73,running,0.00,0,0,0,0,0
1779747326754,-5614,-7667,9527,4416,-2655,-152,running,0.00,0,0,0,0,0
1779747326755,-6849,-10481,9827,4246,-2576,-174,running,0.00,0,0,0,0,0
1779747326782,-8992,-10963,10978,3389,-2685,-269,running,0.00,0,0,0,0,0
1779747326785,-13648,-15833,13025,2134,-2674,-1141,running,0.00,0,0,0,0,0
1779747326787,-11573,-14645,7829,1217,-2160,-1738,running,0.00,0,0,0,0,0
1779747326810,-8059,-8899,7549,756,-2351,-1506,running,0.00,0,0,0,0,0
1779747326811,-10297,-9490,12281,673,-2894,-1184,running,0.00,0,0,0,0,0
1779747326812,-12829,-8935,7666,862,-2339,-825,running,0.00,0,0,0,0,0
1779747326843,-12481,-6485,7995,1116,-1992,69,running,0.00,0,0,0,0,0
1779747326843,-22703,-3268,13362,1667,-1703,1104,running,0.00,0,0,0,0,0
1779747326845,-23757,-2476,18655,1577,-450,1355,running,0.00,0,0,0,0,0
1779747326872,-19622,5532,13088,1402,862,553,running,0.00,0,0,0,0,0
1779747326873,-16115,5766,-6994,1513,870,-937,running,0.00,0,0,0,0,0
1779747326875,-19592,2962,8717,1754,-881,-2070,running,0.00,0,0,0,0,0
1779747326908,-16901,-4485,16046,1242,-234,-3361,running,0.00,0,0,0,0,0
1779747326909,-12041,-1496,3778,574,1195,-3586,running,0.00,0,0,0,0,0
1779747326910,-14161,4846,574,100,1037,-3545,running,0.00,0,0,0,0,0
1779747326933,-18035,7700,7003,-820,729,-3885,running,0.00,0,0,0,0,0
1779747326934,-19319,14579,8031,-1839,1218,-4197,running,0.00,0,0,0,0,0
1779747326935,-21060,25158,3396,-2628,1680,-4455,running,0.00,0,0,0,0,0
1779747326968,-21664,32047,346,-3349,1457,-5274,running,0.00,0,0,0,0,0
1779747326969,-23031,32767,-3527,-3418,1127,-5716,running,0.00,0,0,0,0,0
1779747326970,-26059,32725,-1626,-3929,163,-6098,running,0.00,0,0,0,0,0
1779747326991,-25298,32742,-6587,-4091,873,-5478,running,0.00,0,0,0,0,0
1779747326992,-20704,32767,-18997,-3492,1034,-4692,running,0.00,0,0,0,0,0
1779747326992,-21355,32767,-13846,-3620,111,-4403,running,0.00,0,0,0,0,0
1779747327022,-20974,32766,-13710,-3433,321,-3708,running,0.00,0,0,0,0,0
1779747327023,-19019,28609,-16545,-2769,51,-3592,running,0.00,0,0,0,0,0
1779747327024,-24564,32767,-11300,-4391,-121,-4206,running,0.00,0,0,0,0,0
1779747327052,-14490,31443,-12221,-3031,782,-4080,running,0.00,0,0,0,0,0
1779747327053,-4805,30766,-17866,-1830,984,-3039,running,0.00,0,0,0,0,0
1779747327054,-2703,27083,-10423,-746,598,-1245,running,0.00,0,0,0,0,0
1779747327083,-2308,22694,-9514,-592,667,-909,running,0.00,0,0,0,0,0
1779747327084,2060,18229,-7177,-771,645,-892,running,0.00,0,0,0,0,0
1779747327085,6638,16324,-9973,-1124,1022,-567,running,0.00,0,0,0,0,0
1779747327111,7970,18151,-9736,-808,663,39,running,0.00,0,0,0,0,0
1779747327111,4090,13588,-4391,-600,614,-16,running,0.00,0,0,0,0,0
1779747327111,9086,10834,-4278,-656,976,-223,running,0.00,0,0,0,0,0
1779747327142,8170,9207,-5542,-652,1386,-729,running,0.00,0,0,0,0,0
1779747327143,14648,7707,-5603,-676,1240,-624,running,0.00,0,0,0,0,0
1779747327144,12293,9055,-3459,-153,1038,627,running,0.00,0,0,0,0,0
1779747327174,13712,8489,-4020,411,1178,1202,running,0.00,0,0,0,0,0
1779747327175,13309,8578,-3381,1125,1037,1573,running,0.00,0,0,0,0,0
1779747327175,9703,6301,-1396,1274,964,1744,running,0.00,0,0,0,0,0
1779747327203,11490,7378,-1962,1400,865,1763,running,0.00,0,0,0,0,0
1779747327204,10496,6887,-1193,1582,755,1768,running,0.00,0,0,0,0,0
1779747327205,7685,6273,-881,1430,560,1787,running,0.00,0,0,0,0,0
1779747327232,4019,2682,46,1015,467,1839,running,0.00,0,0,0,0,0
1779747327233,1892,11012,642,-32,413,1983,running,0.00,0,0,0,0,0
1779747327235,11549,17064,-4963,1691,218,1924,running,0.00,0,0,0,0,0
1779747327261,4653,9600,-1949,2284,-161,2321,running,0.00,0,0,0,0,0
1779747327262,-1784,13871,-1326,2166,-229,3368,running,0.00,0,0,0,0,0
1779747327263,-3465,14900,-3159,2553,-260,3670,running,0.00,0,0,0,0,0
1779747327292,-3648,14664,-3668,2367,-465,3505,running,0.00,0,0,0,0,0
1779747327293,-3522,19622,-4437,2294,-573,3650,running,0.00,0,0,0,0,0
1779747327294,-4631,29787,-6769,2556,-673,3936,running,0.00,0,0,0,0,0
1779747327322,-7171,32767,-11333,3264,-733,4000,running,0.00,0,0,0,0,0
1779747327322,-9456,32746,-12064,4336,-712,3681,running,0.00,0,0,0,0,0
1779747327323,-14584,32682,-12370,5980,-558,3194,running,0.00,0,0,0,0,0
1779747327352,-19545,32767,-11629,7358,-317,2930,running,0.00,0,0,0,0,0
1779747327353,-25743,32184,-9644,8469,-318,3181,running,0.00,0,0,0,0,0
1779747327357,-28743,23540,-9236,9255,-327,3696,running,0.00,0,0,0,0,0
1779747327383,-27775,13323,-13112,7720,-36,4086,running,0.00,0,0,0,0,0
1779747327389,-21015,17957,-19867,5600,-305,4050,running,0.00,0,0,0,0,0
1779747327390,-16331,16800,-18327,3000,-1213,3368,running,0.00,0,0,0,0,0
1779747327415,-22305,19883,-15238,-32,-1585,2702,running,0.00,0,0,0,0,0
1779747327416,-20915,32767,-23171,-1004,-1422,2685,running,0.00,0,0,0,0,0
1779747327416,-18441,28811,-15010,-278,-2067,2335,running,0.00,0,0,0,0,0
1779747327442,-18529,23863,-10271,484,-2000,2257,running,0.00,0,0,0,0,0
1779747327444,-13884,19741,-10885,1460,-1635,2209,running,0.00,0,0,0,0,0
1779747327449,-10206,14617,-10788,2201,-1663,2258,running,0.00,0,0,0,0,0
1779747327474,-8949,8492,-8108,2413,-1730,2386,running,0.00,0,0,0,0,0
1779747327475,-6686,5959,-7657,2186,-1826,2327,running,0.00,0,0,0,0,0
1779747327476,-6263,1023,-2550,1714,-2155,2124,running,0.00,0,0,0,0,0
1779747327505,-7415,-357,-494,1143,-2139,2033,running,0.00,0,0,0,0,0
1779747327506,-6398,-922,1159,688,-2181,1732,running,0.00,0,0,0,0,0
1779747327507,-6005,-3136,3619,352,-2109,1421,running,0.00,0,0,0,0,0
1779747327534,-5642,-2432,3840,17,-1772,1252,running,0.00,0,0,0,0,0
1779747327535,-5073,-2761,4816,-35,-1714,1043,running,0.00,0,0,0,0,0
1779747327536,-5797,-3644,7107,-6,-1589,809,running,0.00,0,0,0,0,0
1779747327562,-3975,-3772,6736,-146,-1212,604,running,0.00,0,0,0,0,0
1779747327563,-5426,-3986,8834,-363,-920,330,running,0.00,0,0,0,0,0
1779747327563,-4495,-4030,8538,-589,-565,74,running,0.00,0,0,0,0,0
1779747327593,-4258,-2845,8421,-773,-72,-114,running,0.00,0,0,0,0,0
1779747327594,-3025,-2282,7390,-757,-259,-522,running,0.00,0,0,0,0,0
1779747327595,-6428,-4047,9080,-704,-294,-765,running,0.00,0,0,0,0,0
1779747327623,-7202,-3368,7918,-906,-50,-1004,running,0.00,0,0,0,0,0
1779747327624,-7478,-3838,6855,-1044,38,-1257,running,0.00,0,0,0,0,0
1779747327631,-8193,-2950,6423,-1070,102,-1261,running,0.00,0,0,0,0,0
1779747327652,-9603,-3149,5939,-1280,95,-1494,running,0.00,0,0,0,0,0
1779747327653,-7673,-5051,4623,-1655,-2,-1752,running,0.00,0,0,0,0,0
1779747327654,-8522,-6887,4385,-2034,-253,-1744,running,0.00,0,0,0,0,0
1779747327682,-9771,-5828,4775,-2964,-313,-1674,running,0.00,0,0,0,0,0
1779747327683,-13170,-3412,5293,-3959,-241,-1500,running,0.00,0,0,0,0,0
1779747327684,-16816,8626,3744,-4281,303,-793,running,0.00,0,0,0,0,0
1779747327712,-22636,31521,-3335,-4602,703,-1304,running,0.00,0,0,0,0,0
1779747327713,-30062,32767,-5682,-5098,281,-3682,running,0.00,0,0,0,0,0
1779747327713,-32768,32576,-7448,-4969,450,-4932,running,0.00,0,0,0,0,0
1779747327741,-32768,32745,-13867,-4412,656,-5120,running,0.00,0,0,0,0,0
1779747327742,-32729,32767,-17306,-3674,446,-4560,running,0.00,0,0,0,0,0
1779747327743,-32767,32764,-19146,-3196,415,-3555,running,0.00,0,0,0,0,0
1779747327771,-31872,32766,-19360,-3011,617,-2815,running,0.00,0,0,0,0,0
1779747327772,-26906,32767,-18301,-3133,795,-2243,running,0.00,0,0,0,0,0
1779747327773,-21827,32767,-17042,-3379,756,-1891,running,0.00,0,0,0,0,0
1779747327803,-17859,32737,-14913,-3611,668,-1674,running,0.00,0,0,0,0,0
1779747327807,-10446,31809,-15973,-3653,589,-1497,running,0.00,0,0,0,0,0
1779747327808,-8274,30502,-13841,-3786,263,-1255,running,0.00,0,0,0,0,0
1779747327831,-14286,28412,-4990,-4154,83,-1418,running,0.00,0,0,0,0,0
1779747327831,-8584,26295,-7658,-4256,928,-2110,running,0.00,0,0,0,0,0
1779747327832,-4314,16280,-8498,-4398,1101,-2177,running,0.00,0,0,0,0,0
1779747327860,2238,23022,-7416,-3727,1349,-436,running,0.00,0,0,0,0,0
1779747327896,1409,21577,-8239,-3196,1165,-145,running,0.00,0,0,0,0,0
1779747327897,4143,16178,-7660,-3820,902,-787,running,0.00,0,0,0,0,0
1779747327897,9298,15428,-8072,-3694,552,-719,running,0.00,0,0,0,0,0
1779747327898,7170,13111,-6844,-2904,271,-88,running,0.00,0,0,0,0,0
1779747327898,6535,15490,-8272,-2362,532,556,running,0.00,0,0,0,0,0
1779747327931,8888,14753,-10412,-1667,553,574,running,0.00,0,0,0,0,0
1779747327932,10021,11843,-9214,-1286,307,424,running,0.00,0,0,0,0,0
1779747327933,12623,11080,-9078,-739,175,484,running,0.00,0,0,0,0,0
1779747327952,12891,9487,-8722,-106,64,597,running,0.00,0,0,0,0,0
1779747327953,10833,5693,-7483,218,-26,607,running,0.00,0,0,0,0,0
1779747327953,11905,4697,-7387,162,-20,602,running,0.00,0,0,0,0,0
1779747327985,12158,5051,-6921,244,-249,778,running,0.00,0,0,0,0,0
1779747327986,10291,5172,-5687,322,-452,1077,running,0.00,0,0,0,0,0
1779747327987,7495,5384,-4176,138,-679,1204,running,0.00,0,0,0,0,0
1779747328012,6691,4729,-2982,-80,-869,1010,running,0.00,0,0,0,0,0
1779747328013,8435,6551,-2145,-68,-1058,1116,running,0.00,0,0,0,0,0
1779747328014,8160,8316,-896,241,-1264,1579,running,0.00,0,0,0,0,0
1779747328044,7796,10373,-1188,963,-1314,1997,running,0.00,0,0,0,0,0
1779747328045,6457,12843,1109,1639,-1516,2090,running,0.00,0,0,0,0,0
1779747328046,4773,15148,2779,1980,-1676,2157,running,0.00,0,0,0,0,0
1779747328072,4978,17094,3522,2025,-1934,2177,running,0.00,0,0,0,0,0
1779747328073,6341,21671,6103,2009,-2354,2240,running,0.00,0,0,0,0,0
1779747328074,6336,31127,8446,2258,-2599,2481,running,0.00,0,0,0,0,0
1779747328104,5075,32767,9327,2853,-2658,2473,running,0.00,0,0,0,0,0
1779747328105,1052,32683,10337,3667,-2715,2260,running,0.00,0,0,0,0,0
1779747328106,-7486,32712,15666,4775,-2574,1810,running,0.00,0,0,0,0,0
1779747328131,-19158,32767,20867,5500,-2294,1395,running,0.00,0,0,0,0,0
1779747328132,-28887,32767,23243,5316,-2078,1805,running,0.00,0,0,0,0,0
1779747328132,-32768,32765,24589,5099,-1830,2898,running,0.00,0,0,0,0,0
1779747328162,-31108,26046,20256,2931,-2093,3047,running,0.00,0,0,0,0,0
1779747328163,-23623,23526,15349,1069,-2618,2951,running,0.00,0,0,0,0,0
1779747328164,-14703,22782,13529,-728,-3204,2692,running,0.00,0,0,0,0,0
1779747328192,-14973,30909,6022,-1056,-3224,2759,running,0.00,0,0,0,0,0
1779747328193,-17743,29050,5350,-638,-3656,2234,running,0.00,0,0,0,0,0
1779747328194,-17912,26166,4511,-225,-3678,1476,running,0.00,0,0,0,0,0
1779747328225,-16016,21257,3964,652,-3400,988,running,0.00,0,0,0,0,0
1779747328226,-13083,18342,3584,1543,-3218,1186,running,0.00,0,0,0,0,0
1779747328226,-9577,15616,3059,2550,-3247,1485,running,0.00,0,0,0,0,0
1779747328251,-10970,9856,5499,3268,-3325,1549,running,0.00,0,0,0,0,0
1779747328252,-11366,5367,5987,3518,-2952,1406,running,0.00,0,0,0,0,0
1779747328252,-8966,-38,5630,3556,-2829,1035,running,0.00,0,0,0,0,0
1779747328283,-6403,-4549,4753,3435,-2958,848,running,0.00,0,0,0,0,0
1779747328283,-9186,-6248,5964,3172,-3343,773,running,0.00,0,0,0,0,0
1779747328284,-12311,-8235,6282,2882,-3315,682,running,0.00,0,0,0,0,0
1779747328313,-11644,-11517,4834,2577,-3166,508,running,0.00,0,0,0,0,0
1779747328316,-13467,-13252,4697,1976,-3024,283,running,0.00,0,0,0,0,0
1779747328317,-14154,-13319,5044,1379,-2637,60,running,0.00,0,0,0,0,0
1779747328342,-13460,-14082,3557,985,-1945,-63,running,0.00,0,0,0,0,0
1779747328344,-13012,-12885,-662,728,-1185,-117,running,0.00,0,0,0,0,0
1779747328345,-11538,-13704,-2020,549,-743,-298,running,0.00,0,0,0,0,0
1779747328372,-11881,-12717,-1300,480,-420,-203,running,0.00,0,0,0,0,0
1779747328373,-12733,-13556,617,41,-254,-314,running,0.00,0,0,0,0,0
1779747328373,-14546,-11407,839,-817,87,-833,running,0.00,0,0,0,0,0
1779747328403,-14415,-9869,175,-1266,392,-1380,running,0.00,0,0,0,0,0
1779747328404,-13437,-6531,2326,-1510,693,-1550,running,0.00,0,0,0,0,0
1779747328405,-14773,-3807,1549,-1914,828,-1638,running,0.00,0,0,0,0,0
1779747328429,-20480,-925,3417,-1612,1308,-1555,running,0.00,0,0,0,0,0
1779747328430,-13389,4064,5922,-577,1894,-1324,running,0.00,0,0,0,0,0
1779747328430,-20375,9808,7733,-631,2516,-1904,running,0.00,0,0,0,0,0
1779747328462,-24258,15435,5513,-917,3213,-3271,running,0.00,0,0,0,0,0
1779747328463,-21293,14792,9102,-944,3645,-4311,running,0.00,0,0,0,0,0
1779747328463,-16564,14503,4383,-1489,3730,-4391,running,0.00,0,0,0,0,0
1779747328492,-16075,23089,-4722,-2287,3246,-3992,running,0.00,0,0,0,0,0
1779747328493,-23264,32460,-6625,-2830,2072,-4358,running,0.00,0,0,0,0,0
1779747328494,-29879,32767,-3654,-3012,1265,-4824,running,0.00,0,0,0,0,0
1779747328523,-32102,32634,-452,-2955,974,-4486,running,0.00,0,0,0,0,0
1779747328524,-30831,32743,-4551,-2545,881,-3847,running,0.00,0,0,0,0,0
1779747328525,-26404,32767,-8466,-1111,495,-3439,running,0.00,0,0,0,0,0
1779747328553,-23561,32621,-6465,-38,-546,-3562,running,0.00,0,0,0,0,0
1779747328554,-24905,29837,5461,56,-845,-3316,running,0.00,0,0,0,0,0
1779747328555,-25148,29248,-3347,-36,16,-2297,running,0.00,0,0,0,0,0
1779747328580,-19875,30577,-7301,-586,-231,-2001,running,0.00,0,0,0,0,0
1779747328581,-19338,29227,-4689,-1203,-618,-2098,running,0.00,0,0,0,0,0
1779747328581,-13666,28296,-5422,-1201,-382,-2063,running,0.00,0,0,0,0,0
1779747328620,-6091,26915,-7875,-1463,-337,-1502,running,0.00,0,0,0,0,0
1779747328621,-4319,25968,-5920,-1557,-548,-805,running,0.00,0,0,0,0,0
1779747328623,-9164,20020,-2038,-2182,-755,-966,running,0.00,0,0,0,0,0
1779747328641,1933,12569,-6345,-3369,-768,-1703,running,0.00,0,0,0,0,0
1779747328642,-2635,17992,-4165,-3749,-1042,-568,running,0.00,0,0,0,0,0
1779747328643,-3193,16799,-4646,-2702,-426,46,running,0.00,0,0,0,0,0
1779747328673,-1011,12590,-3371,-2019,-160,-117,running,0.00,0,0,0,0,0
1779747328673,251,14234,-7503,-2491,-56,-303,running,0.00,0,0,0,0,0
1779747328674,3362,10969,-5017,-2069,-286,-238,running,0.00,0,0,0,0,0
1779747328702,5803,10349,-5956,-1887,-220,239,running,0.00,0,0,0,0,0
1779747328708,6702,12136,-7113,-1665,-514,424,running,0.00,0,0,0,0,0
1779747328708,7222,10665,-5166,-1186,-702,488,running,0.00,0,0,0,0,0
1779747328734,7359,11695,-5320,-803,-456,820,running,0.00,0,0,0,0,0
1779747328735,7690,12480,-6598,-308,-353,1013,running,0.00,0,0,0,0,0
1779747328736,7775,11031,-5413,51,-507,1035,running,0.00,0,0,0,0,0
1779747328762,7626,10187,-6019,345,-308,1058,running,0.00,0,0,0,0,0
1779747328763,10288,9293,-4505,721,-444,1174,running,0.00,0,0,0,0,0
1779747328763,9707,8146,-4398,713,-655,1496,running,0.00,0,0,0,0,0
1779747328793,8708,9253,-3561,561,-786,1678,running,0.00,0,0,0,0,0
1779747328794,8725,9886,-2933,740,-925,1769,running,0.00,0,0,0,0,0
1779747328795,8593,10135,-1880,775,-1189,1901,running,0.00,0,0,0,0,0
1779747328824,8050,11398,-596,973,-1403,2049,running,0.00,0,0,0,0,0
1779747328825,7078,13652,287,1438,-1601,2271,running,0.00,0,0,0,0,0
1779747328826,5754,15285,862,1783,-1852,2552,running,0.00,0,0,0,0,0
1779747328854,4171,16266,2364,2184,-2004,2867,running,0.00,0,0,0,0,0
1779747328855,4087,16919,5689,2606,-2161,3070,running,0.00,0,0,0,0,0
1779747328856,5550,19560,9031,2913,-2363,3208,running,0.00,0,0,0,0,0
1779747328894,6588,27766,12008,3348,-2562,3374,running,0.00,0,0,0,0,0
1779747328895,6016,32767,16072,3473,-2871,3259,running,0.00,0,0,0,0,0
1779747328895,5318,32767,16576,3113,-3195,2830,running,0.00,0,0,0,0,0
1779747328912,-2087,32650,21640,3265,-3228,2352,running,0.00,0,0,0,0,0
1779747328912,-15371,32767,30876,4201,-2840,1860,running,0.00,0,0,0,0,0
1779747328917,-28698,32767,32767,4379,-2592,1953,running,0.00,0,0,0,0,0
1779747328940,-32768,32764,31510,3721,-2561,2772,running,0.00,0,0,0,0,0
1779747328941,-32768,32767,28451,3278,-2680,3116,running,0.00,0,0,0,0,0
1779747328941,-32663,30212,26469,2611,-2796,2743,running,0.00,0,0,0,0,0
1779747328971,-28381,25003,17951,1548,-2507,2993,running,0.00,0,0,0,0,0
1779747328971,-16154,28476,13855,-25,-3016,3976,running,0.00,0,0,0,0,0
1779747328972,-21627,32767,14009,-808,-3848,3710,running,0.00,0,0,0,0,0
1779747329001,-23114,29777,13480,-452,-3810,2699,running,0.00,0,0,0,0,0
1779747329001,-23161,24742,11546,172,-3582,1820,running,0.00,0,0,0,0,0
1779747329002,-21082,17317,9025,1258,-3306,1073,running,0.00,0,0,0,0,0
1779747329029,-15629,15786,6019,2157,-3158,1219,running,0.00,0,0,0,0,0
1779747329030,-12140,13347,5330,3148,-3297,1541,running,0.00,0,0,0,0,0
1779747329031,-15375,7228,7941,3833,-3355,1523,running,0.00,0,0,0,0,0
1779747329060,-10628,1888,4680,4206,-2953,1128,running,0.00,0,0,0,0,0
1779747329063,-13949,-3408,11648,4245,-3281,652,running,0.00,0,0,0,0,0
1779747329064,-14805,-6713,11494,4189,-2570,371,running,0.00,0,0,0,0,0
1779747329090,-10053,-8121,6537,4141,-2423,62,running,0.00,0,0,0,0,0
1779747329090,-9359,-11252,7616,3948,-2656,-156,running,0.00,0,0,0,0,0
1779747329090,-11262,-13148,8936,3552,-2698,-215,running,0.00,0,0,0,0,0
1779747329120,-13259,-13680,9155,3012,-2619,-299,running,0.00,0,0,0,0,0
1779747329120,-14820,-13791,9380,2512,-2390,-382,running,0.00,0,0,0,0,0
1779747329120,-15450,-14028,10402,2192,-1993,-329,running,0.00,0,0,0,0,0
1779747329150,-15529,-13355,11652,1811,-1409,-360,running,0.00,0,0,0,0,0
1779747329151,-14422,-13393,8431,1410,-840,-601,running,0.00,0,0,0,0,0
1779747329151,-12696,-11061,4247,1311,-756,-590,running,0.00,0,0,0,0,0
1779747329180,-14122,-9260,6903,1097,-1338,-639,running,0.00,0,0,0,0,0
1779747329181,-13785,-12376,11475,642,-991,-1401,running,0.00,0,0,0,0,0
1779747329182,-13652,-9970,7510,-39,-171,-1918,running,0.00,0,0,0,0,0
1779747329213,-15848,-3873,5919,-397,-142,-1986,running,0.00,0,0,0,0,0
1779747329213,-16758,-6244,8998,-224,424,-2172,running,0.00,0,0,0,0,0
1779747329214,-11668,-67,-1792,-394,900,-1896,running,0.00,0,0,0,0,0
1779747329240,-14439,-1579,-306,-819,95,-2770,running,0.00,0,0,0,0,0
1779747329242,-13182,-409,2177,-2092,1202,-3501,running,0.00,0,0,0,0,0
1779747329242,-16203,10526,505,-2767,922,-3391,running,0.00,0,0,0,0,0
1779747329273,-22681,19525,4116,-3616,504,-4119,running,0.00,0,0,0,0,0
1779747329273,-26140,24358,5561,-4296,407,-4790,running,0.00,0,0,0,0,0
1779747329274,-31621,31742,7580,-4111,1148,-4775,running,0.00,0,0,0,0,0
1779747329299,-32768,32767,-3619,-3389,1615,-5011,running,0.00,0,0,0,0,0
1779747329299,-32687,32682,-7810,-2549,918,-5062,running,0.00,0,0,0,0,0
1779747329300,-32261,32728,-5013,-1897,270,-5012,running,0.00,0,0,0,0,0
1779747329329,-30967,32767,-7265,-1284,463,-3755,running,0.00,0,0,0,0,0
1779747329331,-30800,32766,-9611,-1169,122,-2874,running,0.00,0,0,0,0,0
1779747329331,-29216,32307,-6804,-1570,-125,-2740,running,0.00,0,0,0,0,0
1779747329361,-19285,31059,-5531,-2449,-106,-2068,running,0.00,0,0,0,0,0
1779747329361,-15032,32767,-8157,-2814,-8,-843,running,0.00,0,0,0,0,0
1779747329361,-15160,32767,-7172,-2786,-298,-580,running,0.00,0,0,0,0,0
1779747329389,-10176,31906,-7491,-2682,-424,-676,running,0.00,0,0,0,0,0
1779747329391,-7101,29877,-7316,-2418,-436,-485,running,0.00,0,0,0,0,0
1779747329391,-4609,26013,-8201,-2061,-267,-281,running,0.00,0,0,0,0,0
1779747329420,-37,20345,-5877,-2113,-538,-86,running,0.00,0,0,0,0,0
1779747329421,1906,16130,-5130,-2621,-683,356,running,0.00,0,0,0,0,0
1779747329421,4456,17798,-7553,-2486,-444,1084,running,0.00,0,0,0,0,0
1779747329449,-2731,21849,-8058,-2006,-408,1568,running,0.00,0,0,0,0,0
1779747329449,-4212,14229,-7598,-2512,-424,706,running,0.00,0,0,0,0,0
1779747329449,3039,12897,-9055,-2139,-89,502,running,0.00,0,0,0,0,0
1779747329480,5560,12264,-8394,-1407,-71,915,running,0.00,0,0,0,0,0
1779747329480,2499,10277,-5133,-1293,-410,957,running,0.00,0,0,0,0,0
1779747329480,3404,9629,-3507,-1152,398,1079,running,0.00,0,0,0,0,0
1779747329508,8053,10803,-5953,-266,1528,1489,running,0.00,0,0,0,0,0
1779747329538,6755,11985,-4215,609,309,1733,running,0.00,0,0,0,0,0
1779747329542,6851,10270,-3497,1115,-580,1883,running,0.00,0,0,0,0,0
1779747329542,3916,10654,-508,1921,-628,2285,running,0.00,0,0,0,0,0
1779747329543,4881,11046,-800,2274,-286,2506,running,0.00,0,0,0,0,0
1779747329543,4847,10804,100,2300,-484,2532,running,0.00,0,0,0,0,0
1779747329569,5032,11133,806,2493,-711,2636,running,0.00,0,0,0,0,0
1779747329569,5391,10643,1793,2764,-774,2839,running,0.00,0,0,0,0,0
1779747329570,6747,10117,3075,3072,-863,3117,running,0.00,0,0,0,0,0
1779747329600,8160,10124,5246,3240,-1126,3322,running,0.00,0,0,0,0,0
1779747329601,9950,8380,7109,3044,-1538,3418,running,0.00,0,0,0,0,0
1779747329601,11159,7281,8289,2663,-2019,3545,running,0.00,0,0,0,0,0
1779747329629,11744,9007,9095,2455,-2246,3832,running,0.00,0,0,0,0,0
1779747329629,11935,11272,10083,1726,-2886,4023,running,0.00,0,0,0,0,0
1779747329630,9820,15897,10901,1119,-3676,4187,running,0.00,0,0,0,0,0
1779747329659,9332,25344,12986,804,-4280,4161,running,0.00,0,0,0,0,0
1779747329660,9343,32767,14872,842,-4648,3931,running,0.00,0,0,0,0,0
1779747329660,10118,32767,15495,1101,-4791,3422,running,0.00,0,0,0,0,0
1779747329689,7007,32604,22019,1883,-4588,2699,running,0.00,0,0,0,0,0
1779747329690,-4737,32767,32669,3169,-4090,1636,running,0.00,0,0,0,0,0
1779747329690,-19411,32767,32767,3873,-3579,1193,running,0.00,0,0,0,0,0
1779747329719,-31069,32764,32603,3632,-3667,1624,running,0.00,0,0,0,0,0
1779747329719,-32768,32492,32420,2997,-4105,2328,running,0.00,0,0,0,0,0
1779747329720,-32680,28694,29343,2493,-4285,2406,running,0.00,0,0,0,0,0
1779747329749,-27655,21972,20043,1795,-4344,2205,running,0.00,0,0,0,0,0
1779747329749,-16199,27383,17123,149,-5185,2980,running,0.00,0,0,0,0,0
1779747329750,-17764,32767,15019,-331,-5404,3112,running,0.00,0,0,0,0,0
1779747329779,-21261,32751,12953,432,-5295,2099,running,0.00,0,0,0,0,0
1779747329780,-21112,27667,10770,1186,-4821,1305,running,0.00,0,0,0,0,0
1779747329781,-18924,19664,9753,2148,-4393,924,running,0.00,0,0,0,0,0
1779747329812,-16021,13907,9653,2743,-4064,882,running,0.00,0,0,0,0,0
1779747329812,-12966,11146,9580,3102,-3787,893,running,0.00,0,0,0,0,0
1779747329813,-12335,8102,9428,3307,-3645,715,running,0.00,0,0,0,0,0
1779747329839,-8915,4357,8278,3388,-3367,507,running,0.00,0,0,0,0,0
1779747329840,-12262,-156,10566,3412,-2981,310,running,0.00,0,0,0,0,0
1779747329840,-9563,-5180,9030,3044,-2211,125,running,0.00,0,0,0,0,0
1779747329869,-14571,-6444,11666,2335,-2111,-139,running,0.00,0,0,0,0,0
1779747329869,-12258,-7844,7514,2168,-1650,-326,running,0.00,0,0,0,0,0
1779747329870,-11468,-10441,9250,1693,-1588,-553,running,0.00,0,0,0,0,0
1779747329899,-13983,-13072,10552,1323,-1503,-737,running,0.00,0,0,0,0,0
1779747329900,-15828,-12984,10940,919,-1162,-740,running,0.00,0,0,0,0,0
1779747329900,-17206,-11869,9554,699,-728,-803,running,0.00,0,0,0,0,0
1779747329929,-16899,-11132,8832,471,-481,-955,running,0.00,0,0,0,0,0
1779747329932,-13624,-12629,7650,213,-250,-1082,running,0.00,0,0,0,0,0
1779747329933,-14267,-9404,5220,145,-143,-499,running,0.00,0,0,0,0,0
1779747329960,-18627,-5125,5285,95,-326,-194,running,0.00,0,0,0,0,0
1779747329961,-17290,-3973,3961,51,-82,-815,running,0.00,0,0,0,0,0
1779747329961,-17248,-612,2773,130,262,-1584,running,0.00,0,0,0,0,0
1779747329991,-14922,-551,1482,55,447,-2280,running,0.00,0,0,0,0,0
1779747329992,-13699,-2765,1156,46,674,-2335,running,0.00,0,0,0,0,0
1779747329992,-14057,-3506,1600,-136,926,-2016,running,0.00,0,0,0,0,0
1779747330020,-13228,-2392,2235,-797,1135,-1891,running,0.00,0,0,0,0,0
1779747330020,-14061,-1473,2596,-1567,1219,-2242,running,0.00,0,0,0,0,0
1779747330020,-16330,5544,2640,-2307,1199,-2953,running,0.00,0,0,0,0,0
1779747330049,-20050,13775,2252,-3057,1126,-3689,running,0.00,0,0,0,0,0
1779747330050,-25275,26689,3442,-3644,1021,-4090,running,0.00,0,0,0,0,0
1779747330052,-29774,32767,4838,-3725,1052,-4771,running,0.00,0,0,0,0,0
1779747330079,-30514,32767,2350,-3395,1288,-5186,running,0.00,0,0,0,0,0
1779747330080,-29977,32624,664,-2509,1376,-5069,running,0.00,0,0,0,0,0
1779747330080,-26864,32767,-2657,-1362,1208,-4723,running,0.00,0,0,0,0,0
1779747330110,-24413,32767,-8468,-1410,89,-4593,running,0.00,0,0,0,0,0
1779747330111,-26925,32562,2029,-661,-675,-4352,running,0.00,0,0,0,0,0
1779747330111,-27528,30947,6257,-322,312,-2983,running,0.00,0,0,0,0,0
1779747330139,-14367,31294,-13515,-401,787,-1404,running,0.00,0,0,0,0,0
1779747330140,-20368,32767,-2475,-1263,-548,-944,running,0.00,0,0,0,0,0
1779747330140,-15891,29047,-4773,-1966,-354,-1400,running,0.00,0,0,0,0,0
1779747330171,-11438,27619,-5295,-2700,-557,-1141,running,0.00,0,0,0,0,0
1779747330171,-6432,29082,-5148,-2609,-237,-524,running,0.00,0,0,0,0,0
1779747330172,-3856,30485,-6525,-2267,25,337,running,0.00,0,0,0,0,0
1779747330200,-2501,27144,-6297,-2407,-123,437,running,0.00,0,0,0,0,0
1779747330201,-628,20878,-3936,-2289,-219,345,running,0.00,0,0,0,0,0
1779747330201,-3306,18299,-3393,-1892,-100,753,running,0.00,0,0,0,0,0
1779747330230,-1763,16055,-4460,-1659,2,925,running,0.00,0,0,0,0,0
1779747330231,1749,11116,-4882,-1761,-30,957,running,0.00,0,0,0,0,0
1779747330231,3441,9915,-5603,-1705,138,1383,running,0.00,0,0,0,0,0
1779747330259,434,11653,-6989,-1142,422,1824,running,0.00,0,0,0,0,0
1779747330261,1714,11985,-8229,-671,506,1766,running,0.00,0,0,0,0,0
1779747330261,5417,8708,-6840,-344,254,1482,running,0.00,0,0,0,0,0
1779747330288,6137,6497,-4862,-121,58,1403,running,0.00,0,0,0,0,0
1779747330289,7099,6763,-4674,145,101,1446,running,0.00,0,0,0,0,0
1779747330289,8562,5398,-3990,431,57,1439,running,0.00,0,0,0,0,0
1779747330319,10171,4963,-4444,721,61,1615,running,0.00,0,0,0,0,0
1779747330319,8403,5765,-3146,969,-149,1883,running,0.00,0,0,0,0,0
1779747330320,2985,5997,-352,1451,-375,2071,running,0.00,0,0,0,0,0
1779747330349,6480,6671,-858,1638,-292,2048,running,0.00,0,0,0,0,0
1779747330350,5679,6473,975,1873,-586,2100,running,0.00,0,0,0,0,0
1779747330351,4606,5790,2872,1930,-667,2150,running,0.00,0,0,0,0,0
1779747330379,5794,6222,1770,1891,-793,2121,running,0.00,0,0,0,0,0
1779747330379,6595,11034,807,2125,-1181,2169,running,0.00,0,0,0,0,0
1779747330379,5627,10918,4383,2792,-1510,2355,running,0.00,0,0,0,0,0
1779747330409,4326,10368,6024,2731,-1902,2466,running,0.00,0,0,0,0,0
1779747330410,3735,7815,6235,2134,-2139,2429,running,0.00,0,0,0,0,0
1779747330411,2630,12914,9733,1390,-2345,2431,running,0.00,0,0,0,0,0
1779747330439,6605,29238,9060,1650,-2596,2408,running,0.00,0,0,0,0,0
1779747330439,3834,32767,10628,1927,-3132,2329,running,0.00,0,0,0,0,0
1779747330440,-186,32767,12012,1855,-3152,2554,running,0.00,0,0,0,0,0
1779747330469,-3707,32724,13568,2232,-3150,2454,running,0.00,0,0,0,0,0
1779747330469,-9923,32766,19059,2699,-3014,1988,running,0.00,0,0,0,0,0
1779747330470,-19173,32767,22405,2767,-2816,1957,running,0.00,0,0,0,0,0
1779747330500,-27213,32766,21713,2550,-2610,2367,running,0.00,0,0,0,0,0
1779747330503,-32768,32767,21555,2127,-2670,2631,running,0.00,0,0,0,0,0
1779747330503,-32768,32644,18913,1616,-2656,2749,running,0.00,0,0,0,0,0
1779747330532,-28019,29811,16164,930,-2717,2875,running,0.00,0,0,0,0,0
1779747330533,-18898,25433,12301,-223,-3063,2522,running,0.00,0,0,0,0,0
1779747330534,-15154,27751,7885,-1167,-3443,2350,running,0.00,0,0,0,0,0
1779747330561,-14283,29049,6209,-1340,-3711,2469,running,0.00,0,0,0,0,0
1779747330562,-17400,27369,5923,-1051,-3885,2255,running,0.00,0,0,0,0,0
1779747330562,-17665,22894,3850,-491,-3675,1747,running,0.00,0,0,0,0,0
1779747330589,-16715,17659,3735,68,-3565,1165,running,0.00,0,0,0,0,0
1779747330589,-14666,13463,1112,627,-3578,664,running,0.00,0,0,0,0,0
1779747330590,-11110,8191,1288,1207,-3556,313,running,0.00,0,0,0,0,0
1779747330621,-9302,5107,984,1659,-3422,274,running,0.00,0,0,0,0,0
1779747330621,-9633,2155,1929,1981,-3334,188,running,0.00,0,0,0,0,0
1779747330622,-9655,-2215,2617,2124,-3184,-70,running,0.00,0,0,0,0,0
1779747330649,-9459,-5857,3409,2049,-3070,-302,running,0.00,0,0,0,0,0
1779747330650,-10158,-9158,4123,1817,-2989,-437,running,0.00,0,0,0,0,0
1779747330650,-12547,-11137,4115,1424,-2856,-537,running,0.00,0,0,0,0,0
1779747330681,-15481,-12257,3781,1068,-2769,-832,running,0.00,0,0,0,0,0
1779747330682,-17787,-11533,5186,866,-2602,-1165,running,0.00,0,0,0,0,0
1779747330682,-15056,-11255,3105,800,-2055,-1256,running,0.00,0,0,0,0,0
1779747330709,-14425,-11926,4435,650,-1793,-1158,running,0.00,0,0,0,0,0
1779747330709,-14826,-11728,6344,514,-1410,-1063,running,0.00,0,0,0,0,0
1779747330710,-14232,-11353,7306,372,-852,-1061,running,0.00,0,0,0,0,0
1779747330740,-12977,-10640,8450,11,-419,-1144,running,0.00,0,0,0,0,0
1779747330740,-11888,-9504,8835,-370,50,-1313,running,0.00,0,0,0,0,0
1779747330740,-12228,-10072,8540,-477,359,-1746,running,0.00,0,0,0,0,0
1779747330770,-9615,-7402,7454,-699,415,-1554,running,0.00,0,0,0,0,0
1779747330771,-11795,-7102,8634,-832,360,-1667,running,0.00,0,0,0,0,0
1779747330772,-15163,-4907,11090,-378,968,-1261,running,0.00,0,0,0,0,0
1779747330799,-16706,-1375,2738,-848,1487,-1752,running,0.00,0,0,0,0,0
1779747330800,-16864,-8735,7579,-1866,1340,-3178,running,0.00,0,0,0,0,0
1779747330800,-19054,-238,8664,-2309,2244,-2796,running,0.00,0,0,0,0,0
1779747330829,-16158,9791,2419,-2819,3058,-2384,running,0.00,0,0,0,0,0
1779747330829,-24022,25439,12168,-2914,3355,-2188,running,0.00,0,0,0,0,0
1779747330830,-25775,29236,8786,-3229,4223,-2924,running,0.00,0,0,0,0,0
1779747330861,-25827,32727,4124,-2897,4006,-3709,running,0.00,0,0,0,0,0
1779747330862,-26703,32767,7015,-2721,3395,-3865,running,0.00,0,0,0,0,0
1779747330862,-27575,32740,5065,-2544,2972,-3532,running,0.00,0,0,0,0,0
1779747330889,-28045,32763,3014,-2434,2444,-3151,running,0.00,0,0,0,0,0
1779747330890,-28453,32767,441,-2593,2013,-2724,running,0.00,0,0,0,0,0
1779747330890,-27058,32767,-1386,-2963,1688,-2302,running,0.00,0,0,0,0,0
1779747330920,-23703,32767,-1793,-3524,1398,-1892,running,0.00,0,0,0,0,0
1779747330921,-18794,32677,-3122,-4063,1231,-1626,running,0.00,0,0,0,0,0
1779747330921,-17178,32263,-1236,-4522,942,-1488,running,0.00,0,0,0,0,0
1779747330949,-13839,32311,-1313,-4709,1187,-1439,running,0.00,0,0,0,0,0
1779747330950,-10276,29864,-4751,-4202,1465,-1847,running,0.00,0,0,0,0,0
1779747330952,-6185,26863,-1540,-4190,836,-1825,running,0.00,0,0,0,0,0
1779747330979,-6492,26180,-3171,-3555,1368,-1424,running,0.00,0,0,0,0,0
1779747330980,-5535,20966,-3455,-2630,1247,-1457,running,0.00,0,0,0,0,0
1779747330980,962,18495,-2926,-2612,686,-1237,running,0.00,0,0,0,0,0
1779747331009,1411,15585,-2181,-2556,733,-579,running,0.00,0,0,0,0,0
1779747331010,986,15065,-2488,-1999,892,-23,running,0.00,0,0,0,0,0
1779747331010,1852,12662,-3098,-1570,805,69,running,0.00,0,0,0,0,0
1779747331039,3705,12048,-3509,-1291,832,158,running,0.00,0,0,0,0,0
1779747331040,4326,11389,-3366,-728,940,301,running,0.00,0,0,0,0,0
1779747331041,6252,10049,-3194,-259,1030,370,running,0.00,0,0,0,0,0
1779747331069,9626,8416,-2125,-23,920,393,running,0.00,0,0,0,0,0
1779747331069,12599,6426,182,246,693,414,running,0.00,0,0,0,0,0
1779747331070,14014,6137,1293,739,588,621,running,0.00,0,0,0,0,0
1779747331099,13488,5502,2191,1049,556,849,running,0.00,0,0,0,0,0
1779747331100,12344,3544,2821,892,554,744,running,0.00,0,0,0,0,0
1779747331100,13791,2624,2948,513,382,513,running,0.00,0,0,0,0,0
1779747331129,14174,501,3305,455,172,419,running,0.00,0,0,0,0,0
1779747331129,13449,1968,3483,297,-93,747,running,0.00,0,0,0,0,0
1779747331129,12522,5645,3013,258,-181,1105,running,0.00,0,0,0,0,0
1779747331159,10866,8173,2801,278,-319,1324,running,0.00,0,0,0,0,0
1779747331160,8890,11088,2856,553,-496,1410,running,0.00,0,0,0,0,0
1779747331160,6348,15176,3674,1009,-697,1440,running,0.00,0,0,0,0,0
1779747331193,2926,20017,4297,1363,-815,1609,running,0.00,0,0,0,0,0
1779747331194,-16,24567,5931,1526,-899,1946,running,0.00,0,0,0,0,0
1779747331194,-2384,26985,6774,1572,-1134,2459,running,0.00,0,0,0,0,0
1779747331219,-4522,31747,7784,1759,-1432,3074,running,0.00,0,0,0,0,0
1779747331220,-6148,32767,8581,2019,-1750,3546,running,0.00,0,0,0,0,0
1779747331221,-10269,32730,8122,1938,-2119,3747,running,0.00,0,0,0,0,0
1779747331250,-19611,32734,7807,1582,-2321,3791,running,0.00,0,0,0,0,0
1779747331251,-30456,32767,8453,1489,-2304,3606,running,0.00,0,0,0,0,0
1779747331251,-32768,32767,6704,1624,-2025,3431,running,0.00,0,0,0,0,0
1779747331279,-32716,32766,6325,1692,-1791,3221,running,0.00,0,0,0,0,0
1779747331279,-32698,32625,6763,1962,-1685,3653,running,0.00,0,0,0,0,0
1779747331279,-32768,32558,4635,2776,-1296,4166,running,0.00,0,0,0,0,0
1779747331310,-29652,24673,3371,2749,-1287,4164,running,0.00,0,0,0,0,0
1779747331311,-29150,27471,2318,2814,-1604,4424,running,0.00,0,0,0,0,0
1779747331311,-30277,23671,540,2714,-1440,4315,running,0.00,0,0,0,0,0
1779747331339,-32437,18808,3937,2664,-1629,4106,running,0.00,0,0,0,0,0
1779747331340,-28221,13542,90,2214,-1259,3393,running,0.00,0,0,0,0,0
1779747331340,-21547,10030,-3730,1817,-1658,2806,running,0.00,0,0,0,0,0
1779747331369,-20912,870,-787,1226,-2620,1699,running,0.00,0,0,0,0,0
1779747331370,-11181,-3142,-7257,227,-2489,1080,running,0.00,0,0,0,0,0
1779747331370,-5880,8866,-6562,87,-3164,1956,running,0.00,0,0,0,0,0
1779747331399,-9029,6677,-5150,1090,-3593,1888,running,0.00,0,0,0,0,0
1779747331400,-11525,5962,-1421,1435,-3520,1336,running,0.00,0,0,0,0,0
1779747331400,-10379,7382,1922,2120,-2958,919,running,0.00,0,0,0,0,0
1779747331429,-3419,238,5337,3488,-2809,472,running,0.00,0,0,0,0,0
1779747331430,-4324,-3163,9612,3829,-3114,274,running,0.00,0,0,0,0,0
1779747331430,-5932,-7439,12066,3965,-3436,102,running,0.00,0,0,0,0,0
1779747331459,-8216,-11264,10661,3877,-3334,72,running,0.00,0,0,0,0,0
1779747331459,-7556,-11829,11797,3758,-3809,203,running,0.00,0,0,0,0,0
1779747331460,-10572,-14258,16050,3239,-4148,264,running,0.00,0,0,0,0,0
1779747331489,-10882,-15295,17296,2279,-4004,105,running,0.00,0,0,0,0,0
1779747331489,-9154,-14644,15645,1540,-4068,-243,running,0.00,0,0,0,0,0
1779747331490,-13657,-11999,14878,1126,-4127,-628,running,0.00,0,0,0,0,0
1779747331519,-10933,-13708,15901,822,-3961,-1279,running,0.00,0,0,0,0,0
1779747331520,-11055,-12362,15838,540,-3388,-1630,running,0.00,0,0,0,0,0
1779747331520,-11820,-12983,17320,79,-2750,-1881,running,0.00,0,0,0,0,0
1779747331551,-11690,-11417,15778,-754,-1811,-2209,running,0.00,0,0,0,0,0
1779747331551,-10651,-6830,11515,-1343,-1211,-2278,running,0.00,0,0,0,0,0
1779747331552,-13109,-5801,12418,-1792,-766,-2527,running,0.00,0,0,0,0,0
1779747331579,-12482,-6786,12088,-2077,-493,-3528,running,0.00,0,0,0,0,0
1779747331579,-10320,-4137,9323,-2563,-6,-4202,running,0.00,0,0,0,0,0
1779747331580,-10161,-4669,8999,-3136,134,-4713,running,0.00,0,0,0,0,0
1779747331609,-15445,-5410,8760,-3678,689,-5030,running,0.00,0,0,0,0,0
1779747331610,-20101,-3695,10800,-5065,755,-5685,running,0.00,0,0,0,0,0
1779747331610,-17792,12947,2341,-6850,916,-5852,running,0.00,0,0,0,0,0
1779747331639,-31786,32767,16658,-7517,622,-5038,running,0.00,0,0,0,0,0
1779747331641,-32768,32767,11967,-7215,2648,-5293,running,0.00,0,0,0,0,0
1779747331642,-32532,32392,-9474,-6379,3190,-5444,running,0.00,0,0,0,0,0
1779747331669,-32713,32767,-4485,-5266,1993,-4456,running,0.00,0,0,0,0,0
1779747331670,-32768,32767,-193,-4151,1654,-2713,running,0.00,0,0,0,0,0
1779747331670,-32765,32760,-290,-4161,1693,-1242,running,0.00,0,0,0,0,0
1779747331701,-32766,32767,6064,-4702,1711,-357,running,0.00,0,0,0,0,0
1779747331702,-32640,31918,6721,-5352,1901,344,running,0.00,0,0,0,0,0
1779747331702,-31626,27716,10945,-6196,1858,300,running,0.00,0,0,0,0,0
1779747331729,-25108,23760,13450,-6898,2252,168,running,0.00,0,0,0,0,0
1779747331730,-10545,27185,2525,-6736,3005,410,running,0.00,0,0,0,0,0
1779747331730,-1077,32333,-2610,-6025,2385,372,running,0.00,0,0,0,0,0
1779747331759,-2338,24091,913,-5324,1602,-148,running,0.00,0,0,0,0,0
1779747331760,-2530,21928,1587,-4948,1457,410,running,0.00,0,0,0,0,0
1779747331762,-2774,23259,889,-3875,1591,1010,running,0.00,0,0,0,0,0
1779747331789,-856,20749,-1125,-2749,1540,1122,running,0.00,0,0,0,0,0
1779747331790,-4520,19564,-1425,-2039,1129,1106,running,0.00,0,0,0,0,0
1779747331791,-1367,16966,-1133,-1405,1179,1054,running,0.00,0,0,0,0,0
1779747331820,2319,11377,-3718,-1302,1303,598,running,0.00,0,0,0,0,0
1779747331820,5854,7095,-4575,-1480,1208,51,running,0.00,0,0,0,0,0
1779747331821,7245,3242,-4982,-1827,1083,17,running,0.00,0,0,0,0,0
1779747331849,8712,7632,-5508,-2222,791,769,running,0.00,0,0,0,0,0
1779747331850,8642,11191,-6611,-1742,600,1489,running,0.00,0,0,0,0,0
1779747331850,3360,10905,-2982,-1494,467,1612,running,0.00,0,0,0,0,0
1779747331880,4874,7131,-3999,-1055,842,1337,running,0.00,0,0,0,0,0
1779747331880,9582,3976,-5812,-1049,880,1337,running,0.00,0,0,0,0,0
1779747331881,9085,4315,-3929,-1346,606,1539,running,0.00,0,0,0,0,0
1779747331909,9007,5437,-2939,-1315,486,1593,running,0.00,0,0,0,0,0
1779747331910,10036,6156,-3506,-1060,412,1680,running,0.00,0,0,0,0,0
1779747331910,10542,7400,-4285,-936,357,1908,running,0.00,0,0,0,0,0
1779747331939,9930,7491,-3495,-897,110,1960,running,0.00,0,0,0,0,0
1779747331940,10344,8954,-2740,-633,-143,1852,running,0.00,0,0,0,0,0
1779747331940,9379,11876,-2844,-513,-265,1997,running,0.00,0,0,0,0,0
1779747331969,8761,12785,-2143,-171,-610,2129,running,0.00,0,0,0,0,0
1779747331970,8009,14020,-1392,902,-766,2155,running,0.00,0,0,0,0,0
1779747331970,7475,14578,-1723,1773,-863,2370,running,0.00,0,0,0,0,0
1779747331999,6514,10859,-790,2145,-1061,2707,running,0.00,0,0,0,0,0
1779747332000,3955,11838,683,2431,-1304,2918,running,0.00,0,0,0,0,0
1779747332000,2306,14373,2566,2504,-1491,3077,running,0.00,0,0,0,0,0
1779747332029,2131,17644,4264,2465,-1725,3397,running,0.00,0,0,0,0,0
1779747332030,1770,24640,6572,2638,-2047,3755,running,0.00,0,0,0,0,0
1779747332031,772,32767,6061,3203,-2301,3968,running,0.00,0,0,0,0,0
1779747332059,-262,32767,2728,4030,-2403,3952,running,0.00,0,0,0,0,0
1779747332059,-6099,32614,-402,4950,-2535,3519,running,0.00,0,0,0,0,0
1779747332059,-12851,32762,-687,6056,-2256,2486,running,0.00,0,0,0,0,0
1779747332089,-21226,32767,3360,7251,-1711,1740,running,0.00,0,0,0,0,0
1779747332089,-30942,32764,6523,7311,-1612,2122,running,0.00,0,0,0,0,0
1779747332090,-32768,32767,6450,6762,-1839,2702,running,0.00,0,0,0,0,0
1779747332120,-32684,32189,8500,6066,-2125,2731,running,0.00,0,0,0,0,0
1779747332121,-32707,23797,9305,4728,-2144,2139,running,0.00,0,0,0,0,0
1779747332121,-28950,19099,5719,3186,-1933,2396,running,0.00,0,0,0,0,0
1779747332149,-22207,24247,-340,2537,-1903,2973,running,0.00,0,0,0,0,0
1779747332149,-19409,22088,-3155,2413,-2559,2645,running,0.00,0,0,0,0,0
1779747332150,-17252,12364,-840,2376,-3301,1933,running,0.00,0,0,0,0,0
1779747332181,-20569,5925,-633,1928,-3542,1634,running,0.00,0,0,0,0,0
1779747332213,-18142,2535,-654,947,-3467,1402,running,0.00,0,0,0,0,0
1779747332213,-15731,3018,-5426,-88,-3822,1144,running,0.00,0,0,0,0,0
1779747332214,-10579,1440,-4961,-838,-3773,763,running,0.00,0,0,0,0,0
1779747332214,-12473,1950,2356,-1512,-3172,286,running,0.00,0,0,0,0,0
1779747332215,-490,5514,-8321,-1948,-2490,-323,running,0.00,0,0,0,0,0
1779747332244,-2439,3749,1749,-1614,-3936,-810,running,0.00,0,0,0,0,0
1779747332245,-10266,5227,6151,-776,-3289,-888,running,0.00,0,0,0,0,0
1779747332249,-5470,4101,2381,220,-2388,-1284,running,0.00,0,0,0,0,0
1779747332271,-3646,-2324,4732,1125,-2229,-1588,running,0.00,0,0,0,0,0
1779747332272,-4794,-6679,5558,1576,-2024,-1644,running,0.00,0,0,0,0,0
1779747332272,-5650,-9542,6101,1548,-1880,-1737,running,0.00,0,0,0,0,0
1779747332299,-6152,-10912,6133,1195,-1692,-1769,running,0.00,0,0,0,0,0
1779747332299,-7465,-10094,5865,616,-1523,-1793,running,0.00,0,0,0,0,0
1779747332299,-8794,-8166,6640,82,-1299,-1923,running,0.00,0,0,0,0,0
1779747332331,-9422,-6870,7950,-394,-950,-2217,running,0.00,0,0,0,0,0
1779747332332,-8503,-5847,7584,-859,-459,-2505,running,0.00,0,0,0,0,0
1779747332333,-7977,-4394,7227,-990,-4,-2601,running,0.00,0,0,0,0,0
1779747332359,-9519,-2834,8190,-889,373,-2636,running,0.00,0,0,0,0,0
1779747332359,-9852,-3376,8833,-828,797,-2790,running,0.00,0,0,0,0,0
1779747332360,-9589,-197,4476,-606,954,-2735,running,0.00,0,0,0,0,0
1779747332391,-13634,-4313,10107,-368,1153,-3001,running,0.00,0,0,0,0,0
1779747332391,-13444,-5045,7416,-862,1877,-3279,running,0.00,0,0,0,0,0
1779747332391,-11622,-4450,1583,-1387,2061,-3396,running,0.00,0,0,0,0,0
1779747332420,-15407,-6672,5765,-2176,1925,-3558,running,0.00,0,0,0,0,0
1779747332421,-18577,-4023,7594,-3480,2296,-3578,running,0.00,0,0,0,0,0
1779747332421,-23138,3403,9001,-4746,2494,-3757,running,0.00,0,0,0,0,0
1779747332449,-27878,15494,9682,-5765,2583,-4161,running,0.00,0,0,0,0,0
1779747332450,-32768,30462,9671,-6288,2431,-4637,running,0.00,0,0,0,0,0
1779747332450,-32768,32767,11865,-5866,2259,-4733,running,0.00,0,0,0,0,0
1779747332483,-32675,32659,10269,-4695,2465,-3585,running,0.00,0,0,0,0,0
1779747332483,-32762,32690,-363,-3590,2661,-2869,running,0.00,0,0,0,0,0
1779747332485,-32768,32767,-8171,-2935,2132,-1923,running,0.00,0,0,0,0,0
1779747332512,-32243,32767,-7074,-2335,1497,-882,running,0.00,0,0,0,0,0
1779747332512,-28410,25265,1248,-3409,725,-1025,running,0.00,0,0,0,0,0
1779747332513,-21199,25858,-5744,-3783,1251,-369,running,0.00,0,0,0,0,0
1779747332539,-12924,26207,-4171,-4032,772,-86,running,0.00,0,0,0,0,0
1779747332569,-9687,23464,-1043,-4497,395,-223,running,0.00,0,0,0,0,0
1779747332570,-5573,24361,-2258,-4759,316,-409,running,0.00,0,0,0,0,0
1779747332570,-2897,25263,-2545,-4480,240,-370,running,0.00,0,0,0,0,0
1779747332571,-485,24372,-3054,-3953,312,30,running,0.00,0,0,0,0,0
1779747332571,14,22779,-4309,-3482,362,365,running,0.00,0,0,0,0,0
1779747332599,-642,19287,-4868,-3030,393,529,running,0.00,0,0,0,0,0
1779747332599,-2266,16022,-4665,-2825,533,449,running,0.00,0,0,0,0,0
1779747332599,760,12450,-5244,-2788,689,347,running,0.00,0,0,0,0,0
1779747332628,430,14112,-6352,-2376,817,1149,running,0.00,0,0,0,0,0
1779747332629,-517,11806,-6357,-2158,1444,1231,running,0.00,0,0,0,0,0
1779747332630,4793,10386,-7968,-2426,2043,1010,running,0.00,0,0,0,0,0
1779747332659,9953,9512,-9225,-2051,1520,1032,running,0.00,0,0,0,0,0
1779747332662,8666,6781,-4966,-1618,301,1206,running,0.00,0,0,0,0,0
1779747332663,11156,5760,-4963,-2026,433,1211,running,0.00,0,0,0,0,0
1779747332689,12788,4805,-3945,-2044,176,1180,running,0.00,0,0,0,0,0
1779747332689,13271,5144,-4334,-1712,312,1467,running,0.00,0,0,0,0,0
1779747332690,14624,5238,-2447,-1841,62,1707,running,0.00,0,0,0,0,0
1779747332721,12681,4963,-1616,-1763,-564,1653,running,0.00,0,0,0,0,0
1779747332722,10493,5440,-2339,-1776,-946,1528,running,0.00,0,0,0,0,0
1779747332722,9297,5725,-3020,-1711,-948,1573,running,0.00,0,0,0,0,0
1779747332749,8806,6460,-2590,-1407,-950,1678,running,0.00,0,0,0,0,0
1779747332750,7943,7745,-2056,-891,-1143,1695,running,0.00,0,0,0,0,0
1779747332750,6275,9851,-957,-369,-1309,1741,running,0.00,0,0,0,0,0
1779747332780,4093,10554,-425,146,-1433,1799,running,0.00,0,0,0,0,0
1779747332782,2417,11882,426,570,-1543,1862,running,0.00,0,0,0,0,0
1779747332782,816,14648,2349,885,-1687,1969,running,0.00,0,0,0,0,0
1779747332810,-252,17551,4382,891,-1879,2107,running,0.00,0,0,0,0,0
1779747332811,-1723,25311,6199,1019,-2110,2257,running,0.00,0,0,0,0,0
1779747332811,-5411,32767,6655,1291,-2315,2302,running,0.00,0,0,0,0,0
1779747332844,-9989,32767,7096,1298,-2472,2023,running,0.00,0,0,0,0,0
1779747332845,-17188,32621,9801,1619,-2387,1750,running,0.00,0,0,0,0,0
1779747332845,-25925,32767,15468,2188,-1992,1589,running,0.00,0,0,0,0,0
1779747332869,-32406,32767,20195,2166,-1743,1567,running,0.00,0,0,0,0,0
1779747332869,-32768,32764,18948,1633,-1803,1984,running,0.00,0,0,0,0,0
1779747332870,-32725,31690,19087,1443,-1859,2599,running,0.00,0,0,0,0,0
1779747332901,-32675,31116,11385,1103,-1612,2847,running,0.00,0,0,0,0,0
1779747332901,-30929,22242,10929,923,-2752,1849,running,0.00,0,0,0,0,0
1779747332902,-20649,20592,7263,1092,-2707,2052,running,0.00,0,0,0,0,0
1779747332932,-20014,28271,6837,1039,-1799,3099,running,0.00,0,0,0,0,0
1779747332933,-18321,23291,5488,1686,-1975,2542,running,0.00,0,0,0,0,0
1779747332933,-16263,17084,5004,1961,-2268,1455,running,0.00,0,0,0,0,0
1779747332963,-13585,10758,4711,2388,-2272,923,running,0.00,0,0,0,0,0
1779747332963,-9764,11053,2565,2828,-2145,655,running,0.00,0,0,0,0,0
1779747332964,-6327,10196,2041,3698,-2347,587,running,0.00,0,0,0,0,0
1779747332992,-6279,3906,5696,4302,-2336,500,running,0.00,0,0,0,0,0
1779747332993,-2248,309,3202,4669,-1997,473,running,0.00,0,0,0,0,0
1779747332998,1129,-3537,3036,4497,-2212,353,running,0.00,0,0,0,0,0
1779747333032,675,-7705,5325,3980,-2454,93,running,0.00,0,0,0,0,0
1779747333034,487,-10900,6950,3332,-2522,-103,running,0.00,0,0,0,0,0
1779747333035,-2151,-12520,9166,2349,-2741,-309,running,0.00,0,0,0,0,0
1779747333050,-5446,-11665,8474,1582,-2772,-591,running,0.00,0,0,0,0,0
1779747333050,-6633,-9931,7478,1149,-2829,-1051,running,0.00,0,0,0,0,0
1779747333051,-7038,-9485,9038,980,-3069,-1310,running,0.00,0,0,0,0,0
1779747333082,-8638,-9200,8959,888,-2966,-1226,running,0.00,0,0,0,0,0
1779747333083,-10004,-8487,10534,1070,-2687,-1046,running,0.00,0,0,0,0,0
1779747333083,-11758,-10452,11905,1339,-2077,-983,running,0.00,0,0,0,0,0
1779747333110,-10461,-11254,10616,1286,-1648,-825,running,0.00,0,0,0,0,0
1779747333114,-12699,-9974,14351,1382,-1745,-572,running,0.00,0,0,0,0,0
1779747333115,-15314,-13046,15116,716,-1203,-986,running,0.00,0,0,0,0,0
1779747333143,-17112,-10831,15789,-208,-737,-1577,running,0.00,0,0,0,0,0
1779747333143,-15264,-9984,15132,-842,13,-2200,running,0.00,0,0,0,0,0
1779747333144,-14813,-8235,13590,-1540,359,-2574,running,0.00,0,0,0,0,0
1779747333177,-16911,-7200,12250,-2100,465,-2884,running,0.00,0,0,0,0,0
1779747333177,-18960,-4512,10715,-2464,682,-2987,running,0.00,0,0,0,0,0
1779747333178,-19387,-2003,9742,-2723,1016,-3053,running,0.00,0,0,0,0,0
1779747333203,-20844,2689,10455,-2899,1303,-3207,running,0.00,0,0,0,0,0
1779747333204,-25335,9707,11416,-3109,1360,-3564,running,0.00,0,0,0,0,0
1779747333205,-32088,26412,10241,-3397,1462,-3874,running,0.00,0,0,0,0,0
1779747333238,-32768,32767,3588,-3245,1669,-4381,running,0.00,0,0,0,0,0
1779747333239,-32686,32767,-3666,-2202,1744,-5097,running,0.00,0,0,0,0,0
1779747333239,-32740,32594,-7652,-1263,1587,-4989,running,0.00,0,0,0,0,0
1779747333262,-32768,32767,-4515,-1106,1472,-3766,running,0.00,0,0,0,0,0
1779747333263,-32767,32767,-3195,-2081,1674,-2316,running,0.00,0,0,0,0,0
1779747333263,-32717,32763,-8026,-3977,1743,-1569,running,0.00,0,0,0,0,0
1779747333294,-32650,31289,-1763,-5739,1097,-1824,running,0.00,0,0,0,0,0
1779747333295,-28481,20995,14484,-6967,1249,-1652,running,0.00,0,0,0,0,0
1779747333299,-20456,19637,13426,-8587,1673,-1415,running,0.00,0,0,0,0,0
1779747333330,-8195,28272,5245,-8424,3020,-2191,running,0.00,0,0,0,0,0
1779747333331,-2621,30522,-4842,-5088,3571,-219,running,0.00,0,0,0,0,0
1779747333331,9415,31697,-3424,-4461,2544,-414,running,0.00,0,0,0,0,0
1779747333353,-3462,25248,2808,-2972,2236,-28,running,0.00,0,0,0,0,0
1779747333355,-6207,18518,524,-1797,2590,75,running,0.00,0,0,0,0,0
1779747333356,8812,6053,1530,-1897,2508,-955,running,0.00,0,0,0,0,0
1779747333382,25323,8678,-4172,-3738,1959,-644,running,0.00,0,0,0,0,0
1779747333383,9063,14215,148,-3329,1119,43,running,0.00,0,0,0,0,0
1779747333383,4210,10296,215,-1668,1733,787,running,0.00,0,0,0,0,0
1779747333414,12530,11825,-5662,-1404,1968,849,running,0.00,0,0,0,0,0
1779747333415,15396,4429,-2325,-1723,1324,355,running,0.00,0,0,0,0,0
1779747333415,13035,6100,-3059,-1818,1337,556,running,0.00,0,0,0,0,0
1779747333444,14395,6696,-4030,-1570,1443,819,running,0.00,0,0,0,0,0
1779747333447,16404,3898,-3255,-1767,1146,1013,running,0.00,0,0,0,0,0
1779747333448,17086,5466,-2886,-1961,900,1164,running,0.00,0,0,0,0,0
1779747333473,18278,6708,-2466,-1872,710,1165,running,0.00,0,0,0,0,0
1779747333474,12372,10778,-981,-1399,493,1667,running,0.00,0,0,0,0,0
1779747333475,12506,7483,-1998,-1653,829,1180,running,0.00,0,0,0,0,0
1779747333501,15455,10028,-1383,-1521,271,1043,running,0.00,0,0,0,0,0
1779747333502,11112,15320,-2253,-958,-88,1537,running,0.00,0,0,0,0,0
1779747333503,7455,17811,-2537,-472,-223,1781,running,0.00,0,0,0,0,0
1779747333533,5659,19959,-2711,417,-274,1895,running,0.00,0,0,0,0,0
1779747333536,3329,22141,-2137,1267,-421,2110,running,0.00,0,0,0,0,0
1779747333536,1701,22125,-1441,1854,-538,2367,running,0.00,0,0,0,0,0
1779747333561,72,23403,-182,2353,-620,2722,running,0.00,0,0,0,0,0
1779747333563,-1340,22896,1171,2717,-756,3032,running,0.00,0,0,0,0,0
1779747333571,-2964,23911,2339,2712,-985,3491,running,0.00,0,0,0,0,0
1779747333592,-4515,28049,3520,2525,-1288,3752,running,0.00,0,0,0,0,0
1779747333593,-6043,32767,2513,2365,-1606,3739,running,0.00,0,0,0,0,0
1779747333593,-20534,32673,417,2670,-2057,3445,running,0.00,0,0,0,0,0
1779747333622,-29778,32767,2476,3832,-1860,2815,running,0.00,0,0,0,0,0
1779747333626,-32768,32767,4012,4153,-1755,2352,running,0.00,0,0,0,0,0
1779747333628,-32765,32765,8495,4598,-1994,2486,running,0.00,0,0,0,0,0
1779747333652,-32685,32388,6403,5248,-2256,3142,running,0.00,0,0,0,0,0
1779747333653,-32610,20507,19242,5607,-2394,2621,running,0.00,0,0,0,0,0
1779747333653,-30699,16548,13518,4739,-807,2824,running,0.00,0,0,0,0,0
1779747333686,-22466,19877,3673,3884,-194,2983,running,0.00,0,0,0,0,0
1779747333687,-16151,20342,-4538,2822,-834,1900,running,0.00,0,0,0,0,0
1779747333687,-21276,13085,6040,2771,-2315,1088,running,0.00,0,0,0,0,0
1779747333712,-26463,13856,4317,3586,-1503,1787,running,0.00,0,0,0,0,0
1779747333719,-16492,8866,-3052,3662,-1158,1529,running,0.00,0,0,0,0,0
1779747333720,-7572,3868,-2430,3302,-1823,1191,running,0.00,0,0,0,0,0
1779747333745,-6349,2237,20,2879,-2216,1137,running,0.00,0,0,0,0,0
1779747333746,-4346,914,1569,2528,-2398,921,running,0.00,0,0,0,0,0
1779747333747,-3565,-249,4426,2504,-2381,730,running,0.00,0,0,0,0,0
1779747333775,-2959,-1963,4660,2517,-2227,531,running,0.00,0,0,0,0,0
1779747333776,-2508,-4587,5621,2243,-2192,155,running,0.00,0,0,0,0,0
1779747333777,-2233,-7708,5908,2016,-2200,-131,running,0.00,0,0,0,0,0
1779747333803,-4259,-10304,5880,1769,-2346,-386,running,0.00,0,0,0,0,0
1779747333804,-3033,-10756,3683,1341,-2409,-517,running,0.00,0,0,0,0,0
1779747333804,-4880,-13489,5607,1141,-2713,-830,running,0.00,0,0,0,0,0
1779747333836,-8653,-14931,5645,715,-2520,-1036,running,0.00,0,0,0,0,0
1779747333837,-9990,-17268,6495,456,-2150,-1142,running,0.00,0,0,0,0,0
1779747333838,-11053,-18751,8469,138,-1830,-1221,running,0.00,0,0,0,0,0
1779747333864,-12703,-20540,10230,-654,-1353,-1435,running,0.00,0,0,0,0,0
1779747333865,-13937,-19816,12205,-1770,-681,-1759,running,0.00,0,0,0,0,0
1779747333866,-14014,-18810,14093,-3079,-84,-2210,running,0.00,0,0,0,0,0
1779747333892,-14499,-17507,14055,-4295,479,-2387,running,0.00,0,0,0,0,0
1779747333893,-18894,-14031,12697,-5334,904,-2520,running,0.00,0,0,0,0,0
1779747333894,-20787,-8027,11991,-6267,1274,-2980,running,0.00,0,0,0,0,0
1779747333924,-23279,530,11164,-6744,1573,-3075,running,0.00,0,0,0,0,0
1779747333924,-27722,12269,11960,-6618,2101,-2821,running,0.00,0,0,0,0,0
1779747333925,-32264,25752,16146,-5927,2917,-2574,running,0.00,0,0,0,0,0
1779747333953,-32768,30888,16483,-4976,3876,-2471,running,0.00,0,0,0,0,0
1779747333955,-31769,31684,14964,-4015,4334,-2327,running,0.00,0,0,0,0,0
1779747333956,-29162,32420,10774,-3342,4108,-2239,running,0.00,0,0,0,0,0
1779747333986,-29491,32204,11878,-3282,3303,-2210,running,0.00,0,0,0,0,0
1779747333987,-32768,32767,18586,-3581,2541,-2503,running,0.00,0,0,0,0,0
1779747333987,-32768,32767,17555,-3464,2981,-1978,running,0.00,0,0,0,0,0
1779747334009,-31036,32754,3615,-2593,3223,-1281,running,0.00,0,0,0,0,0
1779747334010,-24520,32767,1318,-1574,2494,-997,running,0.00,0,0,0,0,0
1779747334010,-28133,32767,971,-781,2066,-730,running,0.00,0,0,0,0,0
1779747334041,-23173,31653,780,-971,1824,-1198,running,0.00,0,0,0,0,0
1779747334042,-12188,22949,-2850,-1489,1384,-1479,running,0.00,0,0,0,0,0
1779747334043,-11839,23780,-112,-1524,1059,-597,running,0.00,0,0,0,0,0
1779747334076,-10167,20671,-448,-1921,1098,-426,running,0.00,0,0,0,0,0
1779747334078,-3794,18749,-597,-2762,1155,-680,running,0.00,0,0,0,0,0
1779747334079,3430,17428,-2286,-3570,1236,-802,running,0.00,0,0,0,0,0
1779747334102,4905,21027,-2238,-3873,1124,-577,running,0.00,0,0,0,0,0
1779747334103,3537,26695,-3441,-3797,1086,-215,running,0.00,0,0,0,0,0
1779747334103,3855,26675,-4363,-3435,736,-280,running,0.00,0,0,0,0,0
1779747334131,4896,20623,-2897,-2890,171,-570,running,0.00,0,0,0,0,0
1779747334133,3876,17924,-5020,-2213,737,-424,running,0.00,0,0,0,0,0
1779747334135,7800,16222,-7877,-1952,1060,-151,running,0.00,0,0,0,0,0
1779747334166,10333,13229,-4901,-1891,250,247,running,0.00,0,0,0,0,0
1779747334167,9449,9083,-4871,-2710,-199,400,running,0.00,0,0,0,0,0
1779747334168,8269,9470,-7137,-3740,-323,69,running,0.00,0,0,0,0,0
1779747334195,14888,9349,-7738,-4102,-289,-143,running,0.00,0,0,0,0,0
1779747334196,17276,7683,-465,-4429,-1215,334,running,0.00,0,0,0,0,0
1779747334197,11661,11194,-4902,-4291,-1205,1235,running,0.00,0,0,0,0,0
1779747334222,6918,11662,-807,-4880,-1153,1501,running,0.00,0,0,0,0,0
1779747334223,8546,11306,-3297,-4815,-1730,1327,running,0.00,0,0,0,0,0
1779747334224,8130,12747,-7569,-3224,-2616,1110,running,0.00,0,0,0,0,0
1779747334255,3413,15062,-10280,-2134,-2804,1218,running,0.00,0,0,0,0,0
1779747334256,2976,15026,-8528,-1384,-1727,1645,running,0.00,0,0,0,0,0
1779747334257,3241,10838,-2963,312,-1099,1838,running,0.00,0,0,0,0,0
1779747334293,4378,9160,36,1206,-1154,1766,running,0.00,0,0,0,0,0
1779747334294,4526,9283,3358,1651,-1334,1625,running,0.00,0,0,0,0,0
1779747334294,4076,9903,6492,2164,-1534,1367,running,0.00,0,0,0,0,0
1779747334312,1511,12601,9242,2817,-1863,1199,running,0.00,0,0,0,0,0
1779747334313,-616,16890,9678,3400,-2129,1278,running,0.00,0,0,0,0,0
1779747334314,-3274,21914,10063,3733,-2561,1618,running,0.00,0,0,0,0,0
1779747334342,-7104,26570,11805,4054,-2923,1818,running,0.00,0,0,0,0,0
1779747334343,-7417,31152,13724,4454,-3143,1794,running,0.00,0,0,0,0,0
1779747334344,-8862,32767,16826,4735,-3322,1752,running,0.00,0,0,0,0,0
1779747334373,-9447,32765,19830,4341,-3595,1412,running,0.00,0,0,0,0,0
1779747334374,-14643,32722,19733,3410,-3944,948,running,0.00,0,0,0,0,0
1779747334374,-25012,32767,21553,3939,-3726,495,running,0.00,0,0,0,0,0
1779747334402,-32768,32767,25240,5940,-2856,560,running,0.00,0,0,0,0,0
1779747334402,-32768,32707,24162,7110,-2325,455,running,0.00,0,0,0,0,0
1779747334403,-31566,32158,17056,7146,-2018,426,running,0.00,0,0,0,0,0
1779747334431,-29978,28176,15374,8054,-1899,1431,running,0.00,0,0,0,0,0
1779747334432,-24351,20402,12674,7434,-1605,1261,running,0.00,0,0,0,0,0
1779747334432,-20436,15666,6950,6697,-1456,937,running,0.00,0,0,0,0,0
1779747334463,-17524,9528,5818,5791,-1714,914,running,0.00,0,0,0,0,0
1779747334464,-16681,4271,5439,4820,-1873,796,running,0.00,0,0,0,0,0
1779747334465,-12939,736,2392,3785,-1865,674,running,0.00,0,0,0,0,0
1779747334498,-10802,2939,-733,2838,-1910,827,running,0.00,0,0,0,0,0
1779747334498,-5676,3873,-4309,2351,-2374,1005,running,0.00,0,0,0,0,0
1779747334499,-8036,2433,19,2011,-3179,923,running,0.00,0,0,0,0,0
1779747334522,-7645,1434,2416,1595,-2830,817,running,0.00,0,0,0,0,0
1779747334522,-8244,3135,1891,1237,-2492,729,running,0.00,0,0,0,0,0
1779747334523,-3806,5371,636,1227,-2385,355,running,0.00,0,0,0,0,0
1779747334553,-7737,3065,5633,1707,-2153,16,running,0.00,0,0,0,0,0
1779747334554,-5282,436,4223,2203,-1275,-103,running,0.00,0,0,0,0,0
1779747334555,-934,-3140,1478,2902,-998,-114,running,0.00,0,0,0,0,0
1779747334580,-2473,-6906,3604,3294,-1836,-73,running,0.00,0,0,0,0,0
1779747334581,-10703,-12038,12274,2850,-1727,-16,running,0.00,0,0,0,0,0
1779747334582,-8684,-10477,9774,2004,-1016,-170,running,0.00,0,0,0,0,0
1779747334616,-7371,-11057,10623,1088,-739,-532,running,0.00,0,0,0,0,0
1779747334617,-5871,-12237,12748,39,-340,-698,running,0.00,0,0,0,0,0
1779747334618,-5974,-10000,13131,-1085,-35,-848,running,0.00,0,0,0,0,0
1779747334642,-6790,-5490,12555,-2102,118,-1229,running,0.00,0,0,0,0,0
1779747334643,-8109,369,14904,-2254,103,-1214,running,0.00,0,0,0,0,0
1779747334644,-12723,789,17851,-2168,619,-1346,running,0.00,0,0,0,0,0
1779747334672,-10310,-28,16833,-2331,1699,-1827,running,0.00,0,0,0,0,0
1779747334673,-9722,1077,9297,-1972,2424,-2026,running,0.00,0,0,0,0,0
1779747334674,-11966,-511,6275,-1552,2389,-2244,running,0.00,0,0,0,0,0
1779747334705,-14098,-6767,9263,-1917,1667,-2581,running,0.00,0,0,0,0,0
1779747334706,-17747,-2355,5154,-1874,2335,-1976,running,0.00,0,0,0,0,0
1779747334706,-21447,4088,4237,-2536,2304,-2169,running,0.00,0,0,0,0,0
1779747334733,-28184,22893,10724,-3823,2606,-2825,running,0.00,0,0,0,0,0
1779747334735,-31983,32767,5735,-4807,3246,-3967,running,0.00,0,0,0,0,0
1779747334735,-32768,32767,-1283,-5442,3058,-4809,running,0.00,0,0,0,0,0
1779747334763,-32768,32518,1584,-5147,2789,-4442,running,0.00,0,0,0,0,0
1779747334793,-32754,32767,-4932,-4539,3116,-3092,running,0.00,0,0,0,0,0
1779747334796,-31719,32767,-14106,-3820,3108,-1995,running,0.00,0,0,0,0,0
1779747334796,-25620,32761,-13398,-3498,2434,-1579,running,0.00,0,0,0,0,0
1779747334797,-19787,32767,-9956,-3883,1975,-1055,running,0.00,0,0,0,0,0
1779747334802,-9154,32767,-11805,-4480,1587,-308,running,0.00,0,0,0,0,0
1779747334829,-8353,29389,-9888,-4520,1011,31,running,0.00,0,0,0,0,0
1779747334829,-11229,25355,-2778,-5832,150,-1486,running,0.00,0,0,0,0,0
1779747334830,-6953,19233,-2534,-6512,482,-2193,running,0.00,0,0,0,0,0
1779747334851,-4373,26305,-10585,-5331,865,-1496,running,0.00,0,0,0,0,0
1779747334852,9283,22935,-8810,-3490,585,-931,running,0.00,0,0,0,0,0
1779747334852,10484,15912,-7020,-3303,167,-569,running,0.00,0,0,0,0,0
1779747334889,4445,17202,-6081,-2982,231,291,running,0.00,0,0,0,0,0
1779747334890,3214,15365,-5827,-2177,374,396,running,0.00,0,0,0,0,0
1779747334891,4917,13263,-5060,-1932,311,34,running,0.00,0,0,0,0,0
1779747334914,10472,13384,-6851,-1225,469,188,running,0.00,0,0,0,0,0
1779747334915,10419,9218,-5850,-462,349,576,running,0.00,0,0,0,0,0
1779747334915,9479,4979,-4028,-164,375,589,running,0.00,0,0,0,0,0
1779747334945,10808,5901,-5627,201,611,630,running,0.00,0,0,0,0,0
1779747334946,11169,5943,-6547,428,595,671,running,0.00,0,0,0,0,0
1779747334947,12276,3819,-5186,384,422,545,running,0.00,0,0,0,0,0
1779747334970,12131,1658,-3447,420,216,561,running,0.00,0,0,0,0,0
1779747334970,10994,2442,-3854,267,189,709,running,0.00,0,0,0,0,0
1779747334971,10368,2957,-3237,129,112,721,running,0.00,0,0,0,0,0
1779747335000,10729,2713,-3131,154,-79,673,running,0.00,0,0,0,0,0
1779747335005,8230,2761,-2800,-555,-273,763,running,0.00,0,0,0,0,0
1779747335006,5332,8248,-2536,-612,-443,826,running,0.00,0,0,0,0,0
1779747335030,3623,9623,-4188,-38,-432,793,running,0.00,0,0,0,0,0
1779747335031,2723,13924,-3059,86,-474,992,running,0.00,0,0,0,0,0
1779747335031,-462,18927,-2225,396,-588,1378,running,0.00,0,0,0,0,0
1779747335059,-2489,20964,-767,886,-614,1731,running,0.00,0,0,0,0,0
1779747335062,-2298,23288,2663,1401,-648,1989,running,0.00,0,0,0,0,0
1779747335063,-2899,27631,3384,1512,-847,2354,running,0.00,0,0,0,0,0
1779747335091,-4338,32767,4446,1726,-1129,2551,running,0.00,0,0,0,0,0
1779747335092,-6746,32767,4810,1600,-1334,2460,running,0.00,0,0,0,0,0
1779747335092,-10108,32668,3021,1458,-1332,2190,running,0.00,0,0,0,0,0
1779747335122,-14743,32766,6548,1847,-1375,1689,running,0.00,0,0,0,0,0
1779747335123,-24961,32767,11529,2175,-1258,1276,running,0.00,0,0,0,0,0
1779747335124,-32236,32765,12802,1991,-1292,1318,running,0.00,0,0,0,0,0
1779747335152,-32768,32767,13556,1862,-1538,1928,running,0.00,0,0,0,0,0
1779747335153,-32690,30507,14332,1794,-1405,2314,running,0.00,0,0,0,0,0
1779747335154,-31038,32169,6583,1362,-1220,2496,running,0.00,0,0,0,0,0
1779747335182,-24728,31979,3548,830,-1774,2515,running,0.00,0,0,0,0,0
1779747335182,-21882,27983,8311,564,-2444,1488,running,0.00,0,0,0,0,0
1779747335183,-19945,27406,7520,1009,-1442,1723,running,0.00,0,0,0,0,0
1779747335209,-14181,19458,4117,1436,-1360,1411,running,0.00,0,0,0,0,0
1779747335210,-12842,16394,3945,1461,-1885,933,running,0.00,0,0,0,0,0
1779747335211,-9906,13290,2430,1969,-2081,660,running,0.00,0,0,0,0,0
1779747335241,-6489,9155,451,2457,-2076,565,running,0.00,0,0,0,0,0
1779747335241,-4787,5817,-1034,2848,-2110,531,running,0.00,0,0,0,0,0
1779747335242,-2822,937,-1008,2977,-2197,325,running,0.00,0,0,0,0,0
1779747335269,-2226,-2810,891,2727,-2392,-39,running,0.00,0,0,0,0,0
1779747335301,65,-4915,1520,2553,-2317,-344,running,0.00,0,0,0,0,0
1779747335302,-1779,-6755,3700,2280,-2408,-452,running,0.00,0,0,0,0,0
1779747335303,-2923,-9254,5331,2054,-2362,-485,running,0.00,0,0,0,0,0
1779747335303,-5249,-9410,4712,1857,-2503,-707,running,0.00,0,0,0,0,0
1779747335304,-8246,-16049,9450,2111,-2628,-1134,running,0.00,0,0,0,0,0
1779747335329,-10445,-14805,8592,1684,-1989,-1214,running,0.00,0,0,0,0,0
1779747335330,-9075,-13345,6015,1652,-1906,-1469,running,0.00,0,0,0,0,0
1779747335331,-12133,-13153,9601,1678,-2045,-1594,running,0.00,0,0,0,0,0
1779747335360,-13210,-15382,11223,1743,-1729,-1526,running,0.00,0,0,0,0,0
1779747335361,-14526,-17315,11830,1385,-1273,-1460,running,0.00,0,0,0,0,0
1779747335362,-14687,-17655,12679,761,-816,-1508,running,0.00,0,0,0,0,0
1779747335391,-13564,-16204,12427,74,-282,-1658,running,0.00,0,0,0,0,0
1779747335395,-12615,-14706,11780,-669,204,-1822,running,0.00,0,0,0,0,0
1779747335396,-13885,-13581,11636,-1472,557,-2007,running,0.00,0,0,0,0,0
1779747335420,-16727,-10851,11398,-2251,962,-2163,running,0.00,0,0,0,0,0
1779747335421,-18838,-7648,8134,-2839,1392,-2399,running,0.00,0,0,0,0,0
1779747335421,-19367,-5646,7911,-3039,1706,-2449,running,0.00,0,0,0,0,0
1779747335450,-23035,-600,6973,-3413,2231,-1860,running,0.00,0,0,0,0,0
1779747335450,-24280,12168,4284,-4029,2293,-1429,running,0.00,0,0,0,0,0
1779747335451,-30306,21270,13219,-4838,2323,-2303,running,0.00,0,0,0,0,0
1779747335484,-32768,30848,22085,-4896,3002,-3020,running,0.00,0,0,0,0,0
1779747335485,-31527,31371,21049,-5346,3416,-3007,running,0.00,0,0,0,0,0
1779747335486,-32671,32767,23798,-4781,3749,-2460,running,0.00,0,0,0,0,0
1779747335510,-32768,32767,12655,-3960,4079,-2138,running,0.00,0,0,0,0,0
1779747335510,-31960,32736,-2872,-3863,3272,-1962,running,0.00,0,0,0,0,0
1779747335511,-29908,32767,-2290,-3711,1932,-1542,running,0.00,0,0,0,0,0
1779747335540,-25772,32767,-1048,-3624,1483,-940,running,0.00,0,0,0,0,0
1779747335540,-20675,32655,-755,-3999,1221,-451,running,0.00,0,0,0,0,0
1779747335541,-17324,32481,-585,-4298,1114,-59,running,0.00,0,0,0,0,0
1779747335570,-10365,31763,843,-3591,1000,143,running,0.00,0,0,0,0,0
1779747335574,-2731,31459,915,-2874,1341,379,running,0.00,0,0,0,0,0
1779747335574,5465,28782,-3094,-2648,1506,458,running,0.00,0,0,0,0,0
1779747335599,1958,25976,3111,-2521,1426,661,running,0.00,0,0,0,0,0
1779747335600,8214,27915,-3902,-2341,3593,979,running,0.00,0,0,0,0,0
1779747335600,8827,23831,-5886,-1587,2417,1011,running,0.00,0,0,0,0,0
1779747335629,2291,16384,-2905,-1189,990,1239,running,0.00,0,0,0,0,0
1779747335633,5397,9606,-4862,-747,1066,1336,running,0.00,0,0,0,0,0
1779747335634,7345,10355,-5304,-664,998,1569,running,0.00,0,0,0,0,0
1779747335660,5235,8986,-4046,-1011,907,1773,running,0.00,0,0,0,0,0
1779747335661,7573,7049,-5147,-806,1190,1805,running,0.00,0,0,0,0,0
1779747335661,11511,2573,-5036,-557,1123,1791,running,0.00,0,0,0,0,0
1779747335689,10672,1657,-3929,-783,978,1942,running,0.00,0,0,0,0,0
1779747335689,10687,3822,-4627,-786,1056,2024,running,0.00,0,0,0,0,0
1779747335690,10644,3220,-3910,-472,1070,1903,running,0.00,0,0,0,0,0
1779747335719,11580,476,-2909,-343,1054,1735,running,0.00,0,0,0,0,0
1779747335720,14090,316,-2139,-319,1021,1806,running,0.00,0,0,0,0,0
1779747335720,14328,414,-1274,-301,924,1966,running,0.00,0,0,0,0,0
1779747335752,13432,854,-964,-374,808,2039,running,0.00,0,0,0,0,0
1779747335753,12674,2429,-786,-404,666,1948,running,0.00,0,0,0,0,0
1779747335754,11698,5220,27,-346,529,1758,running,0.00,0,0,0,0,0
1779747335779,9419,7569,727,-279,412,1698,running,0.00,0,0,0,0,0
1779747335780,6544,11580,1607,236,40,1735,running,0.00,0,0,0,0,0
1779747335780,6534,14213,2769,412,-375,1663,running,0.00,0,0,0,0,0
1779747335814,5244,15672,3891,252,-838,1797,running,0.00,0,0,0,0,0
1779747335815,3091,20776,6044,215,-1191,2122,running,0.00,0,0,0,0,0
1779747335815,1529,26695,7753,421,-1503,2471,running,0.00,0,0,0,0,0
1779747335839,41,30706,9586,369,-1938,2777,running,0.00,0,0,0,0,0
1779747335840,-2188,32767,10075,479,-2445,3064,running,0.00,0,0,0,0,0
1779747335841,-4198,32767,8669,593,-2594,2960,running,0.00,0,0,0,0,0
1779747335871,-4813,32715,7456,908,-2649,2483,running,0.00,0,0,0,0,0
1779747335872,-9276,32767,8793,1213,-2738,1950,running,0.00,0,0,0,0,0
1779747335872,-17174,32767,10962,1580,-2597,1766,running,0.00,0,0,0,0,0
1779747335899,-28776,32766,13327,1381,-2479,1837,running,0.00,0,0,0,0,0
1779747335900,-32768,32208,6775,1553,-2059,166,running,0.00,0,0,0,0,0
1779747335901,-28984,31581,2365,1472,-2320,-22,running,0.00,0,0,0,0,0
1779747335931,-19592,31064,5537,1147,-2554,2212,running,0.00,0,0,0,0,0
1779747335931,-12210,32321,3597,1167,-2185,2595,running,0.00,0,0,0,0,0
1779747335932,-7794,28029,1381,727,-2380,1826,running,0.00,0,0,0,0,0
1779747335960,-9437,26580,1477,458,-2726,1439,running,0.00,0,0,0,0,0
1779747335961,-8789,25134,-262,1031,-2590,1131,running,0.00,0,0,0,0,0
1779747335961,-7037,20908,-297,1663,-2440,527,running,0.00,0,0,0,0,0
1779747335990,-2808,16266,-1951,2307,-2256,3,running,0.00,0,0,0,0,0
1779747335991,-1152,11535,-1043,2824,-2379,-149,running,0.00,0,0,0,0,0
1779747335992,-1454,9064,-697,3379,-2344,-148,running,0.00,0,0,0,0,0
1779747336019,431,1471,1830,3546,-2380,-293,running,0.00,0,0,0,0,0
1779747336020,598,-2046,2293,3424,-2266,-285,running,0.00,0,0,0,0,0
1779747336020,180,-4634,2197,3086,-2329,-341,running,0.00,0,0,0,0,0
1779747336049,-189,-7312,2243,2548,-2472,-566,running,0.00,0,0,0,0,0
1779747336050,-1979,-8435,3339,2192,-2699,-846,running,0.00,0,0,0,0,0
1779747336051,-5145,-9652,5846,2124,-2772,-1087,running,0.00,0,0,0,0,0
1779747336079,-7815,-8038,6605,2187,-2575,-949,running,0.00,0,0,0,0,0
1779747336080,-13391,-7834,8535,2356,-2530,-1006,running,0.00,0,0,0,0,0
1779747336081,-15237,-10841,9851,2373,-2268,-1116,running,0.00,0,0,0,0,0
1779747336109,-15781,-11786,10516,2175,-2087,-1033,running,0.00,0,0,0,0,0
1779747336111,-16934,-14237,12583,2152,-2082,-1003,running,0.00,0,0,0,0,0
1779747336112,-17877,-18215,13856,1591,-1987,-939,running,0.00,0,0,0,0,0
1779747336139,-18572,-17450,14393,363,-1940,-901,running,0.00,0,0,0,0,0
1779747336140,-16721,-14166,12964,-422,-1205,-1193,running,0.00,0,0,0,0,0
1779747336141,-14223,-11176,10732,-1073,-447,-1793,running,0.00,0,0,0,0,0
1779747336169,-14995,-10310,11541,-1758,20,-2399,running,0.00,0,0,0,0,0
1779747336170,-14778,-7590,9148,-2404,517,-2748,running,0.00,0,0,0,0,0
1779747336170,-15938,-5111,6714,-2851,695,-3099,running,0.00,0,0,0,0,0
1779747336203,-18049,-4563,4349,-3114,843,-3251,running,0.00,0,0,0,0,0
1779747336204,-19385,-4292,4675,-3509,1073,-3189,running,0.00,0,0,0,0,0
1779747336205,-22018,-2619,12062,-4252,1669,-3226,running,0.00,0,0,0,0,0
1779747336229,-23217,-801,15366,-5548,2658,-3569,running,0.00,0,0,0,0,0
1779747336231,-31360,14927,15072,-7104,3225,-3892,running,0.00,0,0,0,0,0
1779747336231,-32768,32638,10681,-6416,3647,-4740,running,0.00,0,0,0,0,0
1779747336259,-32671,32767,2845,-5169,3681,-5376,running,0.00,0,0,0,0,0
1779747336263,-32718,32530,-4083,-4575,2561,-5393,running,0.00,0,0,0,0,0
1779747336264,-32768,32735,-2533,-2791,1672,-4681,running,0.00,0,0,0,0,0
1779747336290,-32768,32767,827,-1120,1741,-3861,running,0.00,0,0,0,0,0
1779747336291,-32767,32764,-1998,-717,2352,-3307,running,0.00,0,0,0,0,0
1779747336291,-31516,32764,-2026,-1389,2295,-2839,running,0.00,0,0,0,0,0
1779747336322,-26140,32179,-1417,-2674,1971,-2441,running,0.00,0,0,0,0,0
1779747336323,-25300,32624,6879,-3784,1576,-2046,running,0.00,0,0,0,0,0
1779747336324,-24419,31825,9995,-4848,2364,-2487,running,0.00,0,0,0,0,0
1779747336349,-14920,30363,5483,-5159,3351,-2798,running,0.00,0,0,0,0,0
1779747336350,-4696,30082,2475,-5084,3321,-2583,running,0.00,0,0,0,0,0
1779747336350,4063,31832,4825,-5336,2496,-2067,running,0.00,0,0,0,0,0
1779747336381,11122,26398,6611,-5481,1663,-1818,running,0.00,0,0,0,0,0
1779747336381,15096,26438,2623,-5271,1695,-703,running,0.00,0,0,0,0,0
1779747336382,13258,26031,1084,-4298,1535,150,running,0.00,0,0,0,0,0
1779747336409,10875,22580,1101,-3197,1186,199,running,0.00,0,0,0,0,0
1779747336410,11014,18542,836,-2232,1331,286,running,0.00,0,0,0,0,0
1779747336411,15908,16286,-183,-1307,1252,371,running,0.00,0,0,0,0,0
1779747336441,14832,13705,1491,-637,1074,476,running,0.00,0,0,0,0,0
1779747336442,18743,11000,1547,-281,1442,545,running,0.00,0,0,0,0,0
1779747336442,24816,9713,2873,62,1240,747,running,0.00,0,0,0,0,0
1779747336469,23788,9013,2534,647,848,989,running,0.00,0,0,0,0,0
1779747336500,21035,6853,2697,1215,501,1119,running,0.00,0,0,0,0,0
1779747336501,20666,4541,2597,1156,326,1255,running,0.00,0,0,0,0,0
1779747336501,19312,4359,2053,697,179,1445,running,0.00,0,0,0,0,0
1779747336502,16564,4795,2932,440,-31,1551,running,0.00,0,0,0,0,0
1779747336502,13827,5440,3935,59,-125,1603,running,0.00,0,0,0,0,0
1779747336529,12339,7367,4972,-549,-203,1651,running,0.00,0,0,0,0,0
1779747336530,11361,8641,6491,-913,-420,1582,running,0.00,0,0,0,0,0
1779747336531,10542,11833,7622,-789,-739,1537,running,0.00,0,0,0,0,0
1779747336560,7635,17433,8199,-337,-1239,1759,running,0.00,0,0,0,0,0
1779747336561,3719,23181,8824,263,-1861,2087,running,0.00,0,0,0,0,0
1779747336561,-563,28663,8231,979,-2461,2496,running,0.00,0,0,0,0,0
1779747336589,-5064,30827,6626,1435,-2842,3098,running,0.00,0,0,0,0,0
1779747336591,-9741,31634,7651,1247,-2791,3772,running,0.00,0,0,0,0,0
1779747336591,-9541,32767,11601,952,-2720,4168,running,0.00,0,0,0,0,0
1779747336627,-9021,32767,16197,841,-3231,4388,running,0.00,0,0,0,0,0
1779747336628,-13728,32744,19630,336,-4020,4528,running,0.00,0,0,0,0,0
1779747336628,-22855,32766,21271,-294,-4624,4439,running,0.00,0,0,0,0,0
1779747336649,-32768,32767,22742,-302,-4770,4071,running,0.00,0,0,0,0,0
1779747336650,-32768,32767,18373,-106,-4510,3703,running,0.00,0,0,0,0,0
1779747336650,-32603,32767,14318,1068,-4275,3401,running,0.00,0,0,0,0,0
1779747336680,-32753,31748,16467,2808,-3986,3068,running,0.00,0,0,0,0,0
1779747336680,-19585,12286,4322,3195,-3165,2974,running,0.00,0,0,0,0,0
1779747336681,-25311,26425,4502,2367,-3896,3145,running,0.00,0,0,0,0,0
1779747336710,-20172,9241,-708,1958,-3897,2220,running,0.00,0,0,0,0,0
1779747336710,-25818,22771,3377,1012,-4244,3474,running,0.00,0,0,0,0,0
1779747336711,-22647,21231,-516,2135,-3683,2739,running,0.00,0,0,0,0,0
1779747336743,-23793,11958,1009,2549,-3683,1437,running,0.00,0,0,0,0,0
1779747336744,-15767,13569,-2363,3365,-2608,1008,running,0.00,0,0,0,0,0
1779747336744,-9569,8393,-4573,4023,-2798,-56,running,0.00,0,0,0,0,0
1779747336774,-3183,2514,-514,3337,-3262,-1089,running,0.00,0,0,0,0,0
1779747336775,-3403,6,2792,3084,-3227,-1419,running,0.00,0,0,0,0,0
1779747336776,572,4201,840,4325,-2531,-398,running,0.00,0,0,0,0,0
1779747336805,1991,2283,1230,5053,-2569,187,running,0.00,0,0,0,0,0
1779747336806,699,-3759,4840,5399,-2783,20,running,0.00,0,0,0,0,0
1779747336807,-3247,-6601,7367,5478,-2649,207,running,0.00,0,0,0,0,0
1779747336833,-3194,-5425,5760,5354,-2670,592,running,0.00,0,0,0,0,0
1779747336834,-5756,-13193,9935,4143,-3247,-338,running,0.00,0,0,0,0,0
1779747336835,-7922,-19326,13290,2886,-3637,-871,running,0.00,0,0,0,0,0
1779747336861,-11279,-16649,13775,1528,-3332,-777,running,0.00,0,0,0,0,0
1779747336862,-11561,-13451,15473,45,-2403,-1358,running,0.00,0,0,0,0,0
1779747336863,-10170,-12147,15151,-563,-1833,-1374,running,0.00,0,0,0,0,0
1779747336892,-8742,-10860,14734,-988,-1546,-1435,running,0.00,0,0,0,0,0
1779747336895,-10528,-11056,16645,-862,-1508,-1894,running,0.00,0,0,0,0,0
1779747336896,-9874,-8878,19303,-722,-604,-2052,running,0.00,0,0,0,0,0
1779747336920,-6210,-7983,13805,-958,263,-2208,running,0.00,0,0,0,0,0
1779747336921,-7354,-8869,14403,-1245,146,-2515,running,0.00,0,0,0,0,0
1779747336921,-12278,-10090,17160,-1868,421,-2904,running,0.00,0,0,0,0,0
1779747336951,-13801,-9085,14346,-2592,969,-3306,running,0.00,0,0,0,0,0
1779747336952,-17263,-6072,8836,-2934,1084,-3724,running,0.00,0,0,0,0,0
1779747336952,-18753,-7450,1536,-3421,789,-4160,running,0.00,0,0,0,0,0
1779747336981,-19084,-938,10982,-4258,399,-3695,running,0.00,0,0,0,0,0
1779747336982,-27686,3580,15920,-4371,1586,-3677,running,0.00,0,0,0,0,0
1779747336983,-32768,23961,29637,-5275,3927,-2814,running,0.00,0,0,0,0,0
1779747337012,-32768,32767,4907,-4567,5410,-4427,running,0.00,0,0,0,0,0
1779747337014,-32672,32591,-9881,-5159,3787,-5611,running,0.00,0,0,0,0,0
1779747337015,-32768,32502,6303,-4141,1726,-4546,running,0.00,0,0,0,0,0
1779747337043,-32682,32767,3264,-4089,2035,-3100,running,0.00,0,0,0,0,0
1779747337048,-30850,32767,-6127,-4242,2175,-1936,running,0.00,0,0,0,0,0
1779747337049,-22110,32760,-2964,-5002,1396,-1062,running,0.00,0,0,0,0,0
1779747337072,-13922,32767,-4128,-4881,1405,-406,running,0.00,0,0,0,0,0
1779747337073,-12213,32767,-3429,-4527,1188,-78,running,0.00,0,0,0,0,0
1779747337074,-5811,31926,-98,-4702,948,-166,running,0.00,0,0,0,0,0
1779747337101,-7531,31274,-2248,-3879,1489,151,running,0.00,0,0,0,0,0
1779747337102,-6676,30111,-6342,-2999,2022,-138,running,0.00,0,0,0,0,0
1779747337103,3366,21962,-6569,-2928,2158,-1686,running,0.00,0,0,0,0,0
1779747337136,8962,11084,-5942,-3996,1473,-2055,running,0.00,0,0,0,0,0
1779747337137,12031,16968,-5670,-4703,764,-679,running,0.00,0,0,0,0,0
1779747337137,5406,16552,-7572,-4356,874,-349,running,0.00,0,0,0,0,0
1779747337161,2441,12033,-7761,-4028,1266,-93,running,0.00,0,0,0,0,0
1779747337164,3959,23690,-11546,-2590,1292,1818,running,0.00,0,0,0,0,0
1779747337165,2049,19586,-7581,-1366,713,3484,running,0.00,0,0,0,0,0
1779747337192,420,8307,-5331,-1201,807,2636,running,0.00,0,0,0,0,0
1779747337193,14841,4443,-5757,-925,1172,1604,running,0.00,0,0,0,0,0
1779747337194,13806,1794,-3998,-322,912,1278,running,0.00,0,0,0,0,0
1779747337224,11590,-2443,-1508,-826,669,1352,running,0.00,0,0,0,0,0
1779747337225,15929,-949,-1223,-2249,408,1436,running,0.00,0,0,0,0,0
1779747337226,13719,-562,-1185,-2457,-217,1517,running,0.00,0,0,0,0,0
1779747337252,10484,1011,372,-2510,-518,1687,running,0.00,0,0,0,0,0
1779747337252,11318,2772,1149,-2922,-553,1848,running,0.00,0,0,0,0,0
1779747337253,9833,7277,1893,-2670,-614,2060,running,0.00,0,0,0,0,0
1779747337282,7500,10934,4022,-2420,-719,2092,running,0.00,0,0,0,0,0
1779747337283,6536,12162,5337,-2324,-971,2013,running,0.00,0,0,0,0,0
1779747337283,3144,14285,6843,-1877,-1192,2017,running,0.00,0,0,0,0,0
1779747337312,2388,14759,7665,-1108,-1319,2050,running,0.00,0,0,0,0,0
1779747337313,1331,16892,8277,-595,-1442,2237,running,0.00,0,0,0,0,0
1779747337315,-402,21555,9641,21,-1830,2284,running,0.00,0,0,0,0,0
1779747337342,-2037,20859,10720,634,-2155,2355,running,0.00,0,0,0,0,0
1779747337343,-1690,19880,11492,1300,-2307,2607,running,0.00,0,0,0,0,0
1779747337344,-378,18871,12920,1752,-2641,2832,running,0.00,0,0,0,0,0
1779747337378,-884,19433,15256,1615,-3129,2909,running,0.00,0,0,0,0,0
1779747337379,-346,27066,18472,1262,-3625,2973,running,0.00,0,0,0,0,0
1779747337383,-1114,32767,20640,1278,-3929,2821,running,0.00,0,0,0,0,0
1779747337409,-3406,32767,24499,1315,-3975,2427,running,0.00,0,0,0,0,0
1779747337413,-6216,32635,29450,1084,-4132,1610,running,0.00,0,0,0,0,0
1779747337415,-12358,32767,32767,2041,-3754,828,running,0.00,0,0,0,0,0
1779747337432,-19368,32767,32767,2584,-3218,715,running,0.00,0,0,0,0,0
1779747337433,-25572,32764,31500,2369,-3142,1122,running,0.00,0,0,0,0,0
1779747337434,-32293,32767,27721,3153,-2747,1473,running,0.00,0,0,0,0,0
1779747337465,-30321,32490,22282,3816,-2230,1296,running,0.00,0,0,0,0,0
1779747337466,-22419,27240,18032,3515,-2105,940,running,0.00,0,0,0,0,0
1779747337467,-14284,20304,12622,2746,-2256,851,running,0.00,0,0,0,0,0
1779747337497,-8558,19699,8558,2007,-2435,1060,running,0.00,0,0,0,0,0
1779747337497,-11887,20089,7207,2348,-2482,830,running,0.00,0,0,0,0,0
1779747337498,-13350,12445,5151,3008,-2267,19,running,0.00,0,0,0,0,0
1779747337522,-5907,6289,1244,3532,-2158,-533,running,0.00,0,0,0,0,0
1779747337525,-6935,5102,308,3387,-2536,-296,running,0.00,0,0,0,0,0
1779747337526,-7215,1734,-264,3775,-2455,-86,running,0.00,0,0,0,0,0
1779747337553,-3006,-899,-1648,4952,-1981,-62,running,0.00,0,0,0,0,0
1779747337557,-4550,-2917,1716,5544,-2085,-293,running,0.00,0,0,0,0,0
1779747337558,-5056,-3846,2956,5995,-2040,-361,running,0.00,0,0,0,0,0
1779747337582,-3563,-10447,5378,6132,-2290,-418,running,0.00,0,0,0,0,0
1779747337583,-7209,-16960,6645,5049,-2768,-770,running,0.00,0,0,0,0,0
1779747337583,-11237,-18533,8084,3903,-2927,-1288,running,0.00,0,0,0,0,0
1779747337612,-15479,-21639,10334,2757,-2930,-1844,running,0.00,0,0,0,0,0
1779747337642,-17665,-19266,10677,1521,-2799,-1990,running,0.00,0,0,0,0,0
1779747337686,-19807,-13962,9864,910,-2474,-2178,running,0.00,0,0,0,0,0
1779747337687,-18223,-12186,9642,711,-2010,-2586,running,0.00,0,0,0,0,0
1779747337687,-14168,-11799,10752,428,-1629,-2973,running,0.00,0,0,0,0,0
1779747337688,-11775,-11074,11186,284,-1348,-3252,running,0.00,0,0,0,0,0
1779747337689,-10846,-10993,11470,314,-966,-3283,running,0.00,0,0,0,0,0
1779747337690,-10595,-8435,10298,710,-362,-2654,running,0.00,0,0,0,0,0
1779747337694,-12757,-8606,10539,335,-120,-2179,running,0.00,0,0,0,0,0
1779747337701,-16891,-13435,9139,-697,149,-1946,running,0.00,0,0,0,0,0
1779747337702,-19082,-1950,8569,-957,479,-720,running,0.00,0,0,0,0,0
1779747337702,-22709,5466,4206,-518,605,-1576,running,0.00,0,0,0,0,0
1779747337733,-25606,1510,9090,-905,244,-3507,running,0.00,0,0,0,0,0
1779747337735,-20859,4365,11906,-1690,1032,-4338,running,0.00,0,0,0,0,0
1779747337735,-19282,7180,4062,-2304,1646,-4922,running,0.00,0,0,0,0,0
1779747337763,-21248,10406,7681,-3110,1399,-5427,running,0.00,0,0,0,0,0
1779747337765,-22948,19205,16743,-3883,1463,-5602,running,0.00,0,0,0,0,0
1779747337766,-28496,30853,18336,-4980,2024,-5492,running,0.00,0,0,0,0,0
1779747337799,-31087,32767,5566,-5902,2305,-4955,running,0.00,0,0,0,0,0
1779747337800,-32768,32658,3003,-6390,1511,-4334,running,0.00,0,0,0,0,0
1779747337801,-32768,32701,-2277,-6253,1670,-3921,running,0.00,0,0,0,0,0
1779747337821,-32276,29521,-2231,-5073,1292,-3719,running,0.00,0,0,0,0,0
1779747337822,-27574,31534,-3841,-5883,831,-2814,running,0.00,0,0,0,0,0
1779747337823,-24102,32767,-2736,-4409,589,-1426,running,0.00,0,0,0,0,0
1779747337851,-19479,32741,2743,-3640,392,-887,running,0.00,0,0,0,0,0
1779747337861,-10870,32713,-2344,-4179,276,-593,running,0.00,0,0,0,0,0
1779747337862,-3028,31740,-4858,-3702,94,-15,running,0.00,0,0,0,0,0
1779747337882,-2693,29082,-2014,-2991,19,369,running,0.00,0,0,0,0,0
1779747337883,-2051,25785,-5791,-2338,563,85,running,0.00,0,0,0,0,0
1779747337883,1200,22819,-7044,-1485,815,-57,running,0.00,0,0,0,0,0
1779747337913,2656,20374,-6310,-1332,841,299,running,0.00,0,0,0,0,0
1779747337915,4970,18172,-7105,-1503,739,703,running,0.00,0,0,0,0,0
1779747337916,9013,15665,-7637,-1743,381,984,running,0.00,0,0,0,0,0
1779747337941,3588,11913,-6414,-2016,312,977,running,0.00,0,0,0,0,0
1779747337942,-3286,9519,-3869,-2539,235,1009,running,0.00,0,0,0,0,0
1779747337943,8444,7739,-6934,-2446,563,1273,running,0.00,0,0,0,0,0
1779747337973,4352,6979,-3973,-2818,393,1414,running,0.00,0,0,0,0,0
1779747337974,5780,10546,-8923,-2205,924,1516,running,0.00,0,0,0,0,0
1779747337975,6548,9220,-7913,-909,1093,980,running,0.00,0,0,0,0,0
1779747338003,6516,4685,-6660,-317,1199,54,running,0.00,0,0,0,0,0
1779747338011,8525,3397,-3367,-1048,751,-715,running,0.00,0,0,0,0,0
1779747338012,9562,-1074,-4170,-1575,663,-1015,running,0.00,0,0,0,0,0
1779747338033,17451,3470,-4011,-1936,422,-305,running,0.00,0,0,0,0,0
1779747338033,17833,7163,-3747,-1228,-248,577,running,0.00,0,0,0,0,0
1779747338034,8365,7707,-1942,-391,-653,1619,running,0.00,0,0,0,0,0
1779747338061,6279,11771,-2879,179,-402,2404,running,0.00,0,0,0,0,0
1779747338062,4332,9335,-932,467,-406,2196,running,0.00,0,0,0,0,0
1779747338063,2398,10609,1527,792,-528,2115,running,0.00,0,0,0,0,0
1779747338093,144,14529,2385,977,-633,2243,running,0.00,0,0,0,0,0
1779747338094,-1560,19224,3323,1004,-917,2365,running,0.00,0,0,0,0,0
1779747338094,-4875,22953,5599,1256,-1186,2645,running,0.00,0,0,0,0,0
1779747338123,-6267,24313,7314,1336,-1309,3098,running,0.00,0,0,0,0,0
1779747338124,-4929,29253,9771,1454,-1561,3632,running,0.00,0,0,0,0,0
1779747338125,-5531,32767,14572,1481,-2007,3914,running,0.00,0,0,0,0,0
1779747338152,-9506,32767,16994,1322,-2377,4111,running,0.00,0,0,0,0,0
1779747338155,-15083,32685,17007,984,-2598,4132,running,0.00,0,0,0,0,0
1779747338156,-22519,32767,21528,1086,-2596,3790,running,0.00,0,0,0,0,0
1779747338191,-28457,32767,26486,1745,-2306,3288,running,0.00,0,0,0,0,0
1779747338191,-32690,32765,24905,1891,-2033,3453,running,0.00,0,0,0,0,0
1779747338192,-32768,32767,20173,2377,-1799,3933,running,0.00,0,0,0,0,0
1779747338212,-32638,32735,16094,2362,-1902,3837,running,0.00,0,0,0,0,0
1779747338213,-29087,30172,12410,2232,-1951,3353,running,0.00,0,0,0,0,0
1779747338214,-13855,20802,10472,1746,-2171,3142,running,0.00,0,0,0,0,0
1779747338243,-17454,27639,5549,1270,-2864,3182,running,0.00,0,0,0,0,0
1779747338247,-14333,21333,2860,1606,-3257,2543,running,0.00,0,0,0,0,0
1779747338248,-14865,8945,15153,1100,-3449,1380,running,0.00,0,0,0,0,0
1779747338273,-6263,8783,1622,2235,-1876,1033,running,0.00,0,0,0,0,0
1779747338274,-8433,7485,-870,2733,-2367,857,running,0.00,0,0,0,0,0
1779747338275,-11637,10046,-2608,2524,-2813,289,running,0.00,0,0,0,0,0
1779747338302,-7554,35,583,2879,-2728,-379,running,0.00,0,0,0,0,0
1779747338306,-3493,2554,845,3069,-2722,-654,running,0.00,0,0,0,0,0
1779747338307,-2373,-1274,-1336,3564,-2830,-762,running,0.00,0,0,0,0,0
1779747338334,-3213,-6353,1726,3446,-2970,-824,running,0.00,0,0,0,0,0
1779747338335,-4195,-7444,2338,3292,-2982,-1037,running,0.00,0,0,0,0,0
1779747338335,-6170,-8872,2274,3200,-2957,-1220,running,0.00,0,0,0,0,0
1779747338360,-7788,-9137,2571,3076,-2726,-1421,running,0.00,0,0,0,0,0
1779747338361,-9412,-11874,4083,2833,-2707,-1672,running,0.00,0,0,0,0,0
1779747338362,-10571,-13194,6131,2141,-2801,-1784,running,0.00,0,0,0,0,0
1779747338392,-12495,-15378,7175,1494,-2563,-1867,running,0.00,0,0,0,0,0
1779747338393,-14160,-15479,7318,1120,-2382,-1733,running,0.00,0,0,0,0,0
1779747338393,-16016,-14682,8614,633,-2177,-1652,running,0.00,0,0,0,0,0
1779747338424,-16466,-12077,8720,248,-1653,-1689,running,0.00,0,0,0,0,0
1779747338425,-15665,-8971,8093,252,-1078,-1630,running,0.00,0,0,0,0,0
1779747338425,-13935,-7289,9237,284,-708,-1622,running,0.00,0,0,0,0,0
1779747338456,-12268,-4629,9284,276,-233,-1805,running,0.00,0,0,0,0,0
1779747338457,-9070,-3841,8250,335,15,-2208,running,0.00,0,0,0,0,0
1779747338458,-11398,-9506,11349,511,-213,-2700,running,0.00,0,0,0,0,0
1779747338483,-15344,-2555,9422,346,374,-2408,running,0.00,0,0,0,0,0
1779747338485,-16599,-2557,9126,-326,861,-3552,running,0.00,0,0,0,0,0
1779747338486,-15551,-5893,8017,-1282,1145,-4615,running,0.00,0,0,0,0,0
1779747338513,-14340,-7398,8473,-2465,1360,-4655,running,0.00,0,0,0,0,0
1779747338513,-22544,-525,10580,-3526,1704,-4262,running,0.00,0,0,0,0,0
1779747338515,-24260,11446,13931,-4504,1724,-4163,running,0.00,0,0,0,0,0
1779747338545,-32158,32767,20540,-5274,1728,-3900,running,0.00,0,0,0,0,0
1779747338547,-32768,32767,16104,-6347,2019,-4473,running,0.00,0,0,0,0,0
1779747338548,-32645,32369,7516,-6784,2189,-4767,running,0.00,0,0,0,0,0
1779747338570,-32736,32742,3109,-6408,2115,-4483,running,0.00,0,0,0,0,0
1779747338571,-32455,32767,-3679,-5704,1843,-4429,running,0.00,0,0,0,0,0
1779747338571,-31659,32760,-1872,-4546,1160,-4446,running,0.00,0,0,0,0,0
1779747338600,-27976,32766,-803,-3279,1110,-2981,running,0.00,0,0,0,0,0
1779747338603,-21565,32122,-1152,-2706,912,-1491,running,0.00,0,0,0,0,0
1779747338603,-18420,30984,1947,-2518,914,-689,running,0.00,0,0,0,0,0
1779747338630,-9437,31495,-3240,-2845,800,-285,running,0.00,0,0,0,0,0
1779747338631,-149,31225,-3281,-3260,362,-279,running,0.00,0,0,0,0,0
1779747338632,-3372,26809,-291,-3183,533,-138,running,0.00,0,0,0,0,0
1779747338661,4187,23150,-5483,-3062,1069,-321,running,0.00,0,0,0,0,0
1779747338661,9061,21960,-5258,-3220,464,-310,running,0.00,0,0,0,0,0
1779747338662,3503,19643,-3892,-3662,197,256,running,0.00,0,0,0,0,0
1779747338689,-3848,20961,-4755,-3782,519,515,running,0.00,0,0,0,0,0
1779747338689,-1807,12746,-5138,-3573,723,-274,running,0.00,0,0,0,0,0
1779747338690,6669,13084,-7378,-3839,299,-38,running,0.00,0,0,0,0,0
1779747338721,7406,12147,-6120,-3271,471,1050,running,0.00,0,0,0,0,0
1779747338722,4435,14595,-6629,-2057,846,1831,running,0.00,0,0,0,0,0
1779747338722,2681,13375,-7762,-1217,861,1718,running,0.00,0,0,0,0,0
1779747338749,3782,8458,-6425,-1076,1441,1339,running,0.00,0,0,0,0,0
1779747338750,6505,5773,-6515,-1197,3299,734,running,0.00,0,0,0,0,0
1779747338751,8951,6358,-5083,-1309,3302,193,running,0.00,0,0,0,0,0
1779747338785,15724,2197,-6839,-859,3236,549,running,0.00,0,0,0,0,0
1779747338786,11485,4972,-4771,-821,738,1477,running,0.00,0,0,0,0,0
1779747338787,8159,4558,-2905,-881,202,1797,running,0.00,0,0,0,0,0
1779747338809,7037,6824,-3002,-756,208,1955,running,0.00,0,0,0,0,0
1779747338810,5343,6544,-2191,-582,-49,2085,running,0.00,0,0,0,0,0
1779747338810,3649,8866,-1882,-541,-156,2173,running,0.00,0,0,0,0,0
1779747338841,3426,10376,-2051,-409,-299,2327,running,0.00,0,0,0,0,0
1779747338842,553,12872,-2105,-196,-601,2345,running,0.00,0,0,0,0,0
1779747338843,1045,14724,-754,-47,-603,2504,running,0.00,0,0,0,0,0
1779747338871,103,18400,1444,248,-778,2798,running,0.00,0,0,0,0,0
1779747338871,-279,20294,4752,685,-967,3168,running,0.00,0,0,0,0,0
1779747338872,-224,23071,6974,998,-1192,3649,running,0.00,0,0,0,0,0
1779747338903,414,23362,9740,1195,-1545,4062,running,0.00,0,0,0,0,0
1779747338904,2006,27411,11002,1428,-2101,4330,running,0.00,0,0,0,0,0
1779747338905,1680,31437,14173,1300,-2767,4350,running,0.00,0,0,0,0,0
1779747338945,313,32767,12847,1078,-3236,4118,running,0.00,0,0,0,0,0
1779747338946,-1247,32767,14500,1419,-3539,3491,running,0.00,0,0,0,0,0
1779747338946,-6121,32733,15623,1373,-3754,3440,running,0.00,0,0,0,0,0
1779747338962,-16181,32767,17559,2141,-3420,3614,running,0.00,0,0,0,0,0
1779747338964,-24589,32767,20579,3504,-2852,3473,running,0.00,0,0,0,0,0
1779747338964,-30551,32766,20627,4455,-2346,3030,running,0.00,0,0,0,0,0
1779747338991,-32768,32767,21963,4987,-1964,2830,running,0.00,0,0,0,0,0
1779747338991,-32142,31954,17456,5424,-1283,2934,running,0.00,0,0,0,0,0
1779747338992,-25309,24377,13469,4666,-1378,2682,running,0.00,0,0,0,0,0
1779747339023,-18956,16609,12140,3319,-1797,2589,running,0.00,0,0,0,0,0
1779747339024,-13737,12131,8762,1957,-2072,2171,running,0.00,0,0,0,0,0
1779747339025,-8523,8406,4357,786,-2355,1745,running,0.00,0,0,0,0,0
1779747339052,-7600,12353,1971,-154,-3326,2016,running,0.00,0,0,0,0,0
1779747339053,-13936,15227,763,726,-3311,1509,running,0.00,0,0,0,0,0
1779747339054,-11616,7511,674,1674,-3097,723,running,0.00,0,0,0,0,0
1779747339083,-7116,4894,-1388,2028,-3011,446,running,0.00,0,0,0,0,0
1779747339084,-10099,3310,1403,2557,-3297,247,running,0.00,0,0,0,0,0
1779747339085,-10139,-1505,2973,3085,-3239,71,running,0.00,0,0,0,0,0
1779747339119,-10883,-5347,4201,3311,-3032,82,running,0.00,0,0,0,0,0
1779747339120,-9808,-7531,3058,3451,-2879,79,running,0.00,0,0,0,0,0
1779747339120,-14265,-10876,6408,3094,-3065,-233,running,0.00,0,0,0,0,0
1779747339140,-13592,-13908,4832,2538,-2980,-469,running,0.00,0,0,0,0,0
1779747339141,-12213,-14450,4682,1564,-3030,-582,running,0.00,0,0,0,0,0
1779747339142,-14642,-12664,5975,771,-3146,-702,running,0.00,0,0,0,0,0
1779747339173,-16888,-11131,6278,345,-3088,-799,running,0.00,0,0,0,0,0
1779747339174,-17818,-9069,5923,-51,-2814,-922,running,0.00,0,0,0,0,0
1779747339175,-17090,-6939,5913,-198,-2344,-1079,running,0.00,0,0,0,0,0
1779747339202,-14810,-5097,4745,-176,-1761,-1130,running,0.00,0,0,0,0,0
1779747339203,-15323,-4272,4690,-24,-1486,-1093,running,0.00,0,0,0,0,0
1779747339203,-15565,-2804,7292,274,-1239,-866,running,0.00,0,0,0,0,0
1779747339232,-17765,3189,6052,76,-499,-1416,running,0.00,0,0,0,0,0
1779747339233,-18734,2710,6279,29,27,-2538,running,0.00,0,0,0,0,0
1779747339233,-16540,274,6952,21,661,-2994,running,0.00,0,0,0,0,0
1779747339270,-18217,4970,3741,-224,1168,-2850,running,0.00,0,0,0,0,0
1779747339270,-22509,9797,5796,-588,1228,-3232,running,0.00,0,0,0,0,0
1779747339271,-23528,15843,9204,-1137,1857,-3723,running,0.00,0,0,0,0,0
1779747339293,-23663,23342,8187,-1809,2405,-4173,running,0.00,0,0,0,0,0
1779747339294,-24213,30475,5993,-2533,2435,-4505,running,0.00,0,0,0,0,0
1779747339295,-25612,32767,3762,-3380,2267,-4772,running,0.00,0,0,0,0,0
1779747339321,-27518,32767,-1148,-4078,2295,-4863,running,0.00,0,0,0,0,0
1779747339353,-29218,32711,-5252,-4535,2308,-4628,running,0.00,0,0,0,0,0
1779747339354,-29716,32098,-3229,-4628,2557,-4117,running,0.00,0,0,0,0,0
1779747339355,-22196,32385,-15967,-4319,2916,-3201,running,0.00,0,0,0,0,0
1779747339356,-18074,32767,-5667,-3209,1808,-2889,running,0.00,0,0,0,0,0
1779747339356,-13334,32765,-3606,-2698,1820,-2111,running,0.00,0,0,0,0,0
1779747339383,-7585,32749,-8117,-2862,1399,-1795,running,0.00,0,0,0,0,0
1779747339384,-11187,27961,2626,-3116,1302,-2225,running,0.00,0,0,0,0,0
1779747339385,-6540,23756,-6936,-2694,2262,-1561,running,0.00,0,0,0,0,0
1779747339413,-2030,25378,-3082,-2890,1902,-850,running,0.00,0,0,0,0,0
1779747339416,3181,25121,-4849,-3505,1835,-1101,running,0.00,0,0,0,0,0
1779747339416,9656,26049,-3461,-3456,1403,-905,running,0.00,0,0,0,0,0
1779747339452,7698,21507,-3119,-3126,1317,-780,running,0.00,0,0,0,0,0
1779747339453,8164,19528,-5110,-2982,1255,-750,running,0.00,0,0,0,0,0
1779747339454,9774,16699,-6440,-2759,1008,-626,running,0.00,0,0,0,0,0
1779747339476,9823,13234,-7099,-2681,757,-506,running,0.00,0,0,0,0,0
1779747339481,8482,12437,-8624,-2611,705,-330,running,0.00,0,0,0,0,0
1779747339482,13228,10380,-9892,-2185,774,-157,running,0.00,0,0,0,0,0
1779747339511,17245,9542,-9369,-1592,570,403,running,0.00,0,0,0,0,0
1779747339512,12353,9150,-7615,-1102,442,916,running,0.00,0,0,0,0,0
1779747339513,11434,5423,-6873,-742,599,818,running,0.00,0,0,0,0,0
1779747339530,15996,4075,-7478,-553,672,885,running,0.00,0,0,0,0,0
1779747339531,19481,4677,-7442,-115,368,1335,running,0.00,0,0,0,0,0
1779747339532,15065,4020,-5072,359,-58,1820,running,0.00,0,0,0,0,0
1779747339566,12198,4033,-4841,473,93,2011,running,0.00,0,0,0,0,0
1779747339567,14037,1472,-4664,404,-32,1911,running,0.00,0,0,0,0,0
1779747339568,11068,5592,-2911,190,-168,1782,running,0.00,0,0,0,0,0
1779747339593,9927,11480,-4521,311,-124,1818,running,0.00,0,0,0,0,0
1779747339594,8745,11479,-4307,251,-320,1977,running,0.00,0,0,0,0,0
1779747339594,4842,13339,-3597,10,-423,2263,running,0.00,0,0,0,0,0
1779747339622,4320,17085,-3452,-91,-529,2575,running,0.00,0,0,0,0,0
1779747339622,3938,20723,-3333,-229,-785,2935,running,0.00,0,0,0,0,0
1779747339623,453,24668,-1415,-233,-996,3382,running,0.00,0,0,0,0,0
1779747339649,93,29309,-92,-254,-1184,3939,running,0.00,0,0,0,0,0
1779747339650,-845,32767,1689,-22,-1405,4427,running,0.00,0,0,0,0,0
1779747339651,-397,32767,2027,556,-1526,4679,running,0.00,0,0,0,0,0
1779747339680,580,32706,1145,1236,-1599,4623,running,0.00,0,0,0,0,0
1779747339682,-747,32764,1423,2096,-1634,4232,running,0.00,0,0,0,0,0
1779747339682,-5259,32767,2577,2993,-1495,3685,running,0.00,0,0,0,0,0
1779747339709,-12052,32766,4852,3849,-1111,3275,running,0.00,0,0,0,0,0
1779747339710,-21460,32767,7433,3946,-836,3428,running,0.00,0,0,0,0,0
1779747339710,-31134,32767,7619,3408,-818,3781,running,0.00,0,0,0,0,0
1779747339739,-32768,32767,6524,2689,-808,3752,running,0.00,0,0,0,0,0
1779747339742,-29085,32370,6692,1829,-753,3268,running,0.00,0,0,0,0,0
1779747339743,-17989,29713,5580,816,-661,3053,running,0.00,0,0,0,0,0
1779747339772,-12406,26631,4456,-91,-742,2907,running,0.00,0,0,0,0,0
1779747339772,-10018,22848,3257,-709,-946,2448,running,0.00,0,0,0,0,0
1779747339773,-9562,19336,2338,-755,-1284,2041,running,0.00,0,0,0,0,0
1779747339802,-9164,17187,560,-438,-1524,1744,running,0.00,0,0,0,0,0
1779747339803,-7388,13976,-1024,73,-1707,1329,running,0.00,0,0,0,0,0
1779747339804,-4970,10751,-2093,543,-1887,905,running,0.00,0,0,0,0,0
1779747339831,-4399,8394,-2189,1083,-2104,604,running,0.00,0,0,0,0,0
1779747339832,-4914,5385,-1220,1509,-2227,329,running,0.00,0,0,0,0,0
1779747339832,-4887,2751,-404,1708,-2256,106,running,0.00,0,0,0,0,0
1779747339862,-4775,279,509,1786,-2352,-73,running,0.00,0,0,0,0,0
1779747339863,-5471,-2932,1758,1732,-2495,-241,running,0.00,0,0,0,0,0
1779747339864,-5936,-5975,2753,1494,-2595,-449,running,0.00,0,0,0,0,0
1779747339893,-7440,-7903,3346,1145,-2681,-610,running,0.00,0,0,0,0,0
1779747339908,-9932,-8433,3837,705,-2714,-795,running,0.00,0,0,0,0,0
1779747339909,-13090,-10209,4697,216,-2646,-1010,running,0.00,0,0,0,0,0
1779747339920,-14789,-9308,4082,-159,-2442,-1038,running,0.00,0,0,0,0,0
1779747339920,-16116,-8286,3830,-394,-2190,-1081,running,0.00,0,0,0,0,0
1779747339920,-16108,-7672,4412,-552,-1993,-1161,running,0.00,0,0,0,0,0
1779747339951,-16682,-7212,4825,-572,-1759,-1162,running,0.00,0,0,0,0,0
1779747339951,-16993,-7139,5216,-521,-1365,-1144,running,0.00,0,0,0,0,0
1779747339952,-16959,-6189,5155,-441,-863,-1253,running,0.00,0,0,0,0,0
1779747339981,-15686,-5136,5285,-285,-407,-1650,running,0.00,0,0,0,0,0
1779747339982,-15519,-4848,5737,-164,31,-2160,running,0.00,0,0,0,0,0
1779747339982,-15424,-836,5301,-103,521,-2408,running,0.00,0,0,0,0,0
1779747340011,-17077,-1077,4631,-101,879,-2990,running,0.00,0,0,0,0,0
1779747340011,-16183,835,3567,-232,1226,-3334,running,0.00,0,0,0,0,0
1779747340012,-17096,5088,2246,-446,1508,-3454,running,0.00,0,0,0,0,0
1779747340042,-18769,11919,3571,-897,1903,-3699,running,0.00,0,0,0,0,0
1779747340043,-20951,23634,7568,-1534,2393,-4020,running,0.00,0,0,0,0,0
1779747340044,-22350,32413,7714,-2063,2829,-4360,running,0.00,0,0,0,0,0
1779747340074,-22413,32676,5992,-2541,2739,-4500,running,0.00,0,0,0,0,0
1779747340075,-24906,32755,6444,-2942,2447,-4398,running,0.00,0,0,0,0,0
1779747340076,-25288,32767,1645,-3356,2216,-4026,running,0.00,0,0,0,0,0
1779747340103,-26857,32766,-212,-4101,1823,-3525,running,0.00,0,0,0,0,0
1779747340103,-24543,32766,-236,-5005,1694,-2877,running,0.00,0,0,0,0,0
1779747340104,-18536,32767,-1653,-5098,1927,-2215,running,0.00,0,0,0,0,0
1779747340131,-13283,32767,-2366,-4276,2216,-1780,running,0.00,0,0,0,0,0
1779747340136,-4031,32767,-3795,-2742,1980,-1443,running,0.00,0,0,0,0,0
1779747340137,107,31711,-2306,-2299,1690,-1353,running,0.00,0,0,0,0,0
1779747340161,2363,28761,-2275,-2456,1649,-1345,running,0.00,0,0,0,0,0
1779747340162,10448,26167,-2768,-2658,1730,-1089,running,0.00,0,0,0,0,0
1779747340162,7827,26523,-4722,-2942,1101,-524,running,0.00,0,0,0,0,0
1779747340200,5239,22282,-2412,-2638,1203,-481,running,0.00,0,0,0,0,0
1779747340201,6552,20074,-4022,-2365,1385,-658,running,0.00,0,0,0,0,0
1779747340201,12969,14303,-4558,-2193,1062,-637,running,0.00,0,0,0,0,0
1779747340222,12682,12986,-3976,-2182,606,279,running,0.00,0,0,0,0,0
1779747340223,6736,13595,-5476,-1862,599,883,running,0.00,0,0,0,0,0
1779747340223,7221,13342,-6734,-1245,826,919,running,0.00,0,0,0,0,0
1779747340252,10528,12063,-6347,-570,778,1061,running,0.00,0,0,0,0,0
1779747340253,10841,9581,-5072,-194,589,1314,running,0.00,0,0,0,0,0
1779747340253,11535,7179,-4343,-2,543,1492,running,0.00,0,0,0,0,0
1779747340282,12991,5220,-3570,295,487,1609,running,0.00,0,0,0,0,0
1779747340283,13933,3735,-2927,593,374,1738,running,0.00,0,0,0,0,0
1779747340284,13898,2656,-2609,764,305,1880,running,0.00,0,0,0,0,0
1779747340312,13531,1929,-1997,823,218,2012,running,0.00,0,0,0,0,0
1779747340313,12507,1957,-1419,727,79,2129,running,0.00,0,0,0,0,0
1779747340313,11596,1927,-1272,562,-114,2217,running,0.00,0,0,0,0,0
1779747340341,10629,2260,-975,202,-310,2236,running,0.00,0,0,0,0,0
1779747340342,9694,4541,-767,-71,-512,2232,running,0.00,0,0,0,0,0
1779747340344,8034,7892,-1094,-142,-747,2260,running,0.00,0,0,0,0,0
1779747340373,7334,9742,-712,-89,-956,2302,running,0.00,0,0,0,0,0
1779747340374,5675,14565,-669,136,-1146,2410,running,0.00,0,0,0,0,0
1779747340374,3516,19172,-350,670,-1306,2586,running,0.00,0,0,0,0,0
1779747340407,2956,21326,666,1069,-1453,2901,running,0.00,0,0,0,0,0
1779747340408,2597,23596,3051,1453,-1705,3310,running,0.00,0,0,0,0,0
1779747340408,3193,27022,5917,1720,-1992,3622,running,0.00,0,0,0,0,0
1779747340438,5483,31930,7349,1480,-2219,3714,running,0.00,0,0,0,0,0
1779747340439,7114,32767,6896,912,-2501,3584,running,0.00,0,0,0,0,0
1779747340439,5991,32726,4572,323,-2780,3200,running,0.00,0,0,0,0,0
1779747340463,1370,32739,5543,412,-2859,2612,running,0.00,0,0,0,0,0
1779747340468,-6258,32767,9390,1079,-2632,1971,running,0.00,0,0,0,0,0
1779747340469,-14590,32767,10474,1174,-2310,1700,running,0.00,0,0,0,0,0
1779747340491,-23581,32766,10124,1268,-2230,1829,running,0.00,0,0,0,0,0
1779747340493,-27301,32767,10551,1272,-2217,1580,running,0.00,0,0,0,0,0
1779747340494,-25216,27164,12717,942,-2128,1060,running,0.00,0,0,0,0,0
1779747340523,-17462,23382,8585,192,-1802,1373,running,0.00,0,0,0,0,0
1779747340524,-10088,25727,4072,-1094,-2137,1304,running,0.00,0,0,0,0,0
1779747340525,-6175,24081,3025,-1605,-2644,590,running,0.00,0,0,0,0,0
1779747340551,-6913,21636,3059,-1489,-2893,73,running,0.00,0,0,0,0,0
1779747340551,-6485,19495,671,-1163,-2892,-325,running,0.00,0,0,0,0,0
1779747340552,-6475,17058,-774,-549,-2914,-730,running,0.00,0,0,0,0,0
1779747340586,-6957,14802,-1143,48,-2933,-926,running,0.00,0,0,0,0,0
1779747340587,-6866,11505,-1838,622,-2885,-1204,running,0.00,0,0,0,0,0
1779747340587,-5900,9354,-2234,1182,-2781,-1311,running,0.00,0,0,0,0,0
1779747340612,-5476,5296,-2054,1622,-2783,-1394,running,0.00,0,0,0,0,0
1779747340612,-4288,948,-1365,1861,-2783,-1444,running,0.00,0,0,0,0,0
1779747340613,-4322,-2469,-255,2088,-2731,-1486,running,0.00,0,0,0,0,0
1779747340643,-4867,-3554,422,2263,-2618,-1491,running,0.00,0,0,0,0,0
1779747340643,-7165,-5380,1456,2181,-2566,-1568,running,0.00,0,0,0,0,0
1779747340644,-9484,-7038,2472,1982,-2397,-1574,running,0.00,0,0,0,0,0
1779747340672,-12223,-8181,3575,1813,-2147,-1511,running,0.00,0,0,0,0,0
1779747340674,-14010,-9896,3811,1598,-1938,-1479,running,0.00,0,0,0,0,0
1779747340676,-15692,-12126,4668,1347,-1714,-1392,running,0.00,0,0,0,0,0
1779747340703,-17199,-13542,6064,1112,-1281,-1316,running,0.00,0,0,0,0,0
1779747340704,-15310,-13911,6539,668,-753,-1389,running,0.00,0,0,0,0,0
1779747340704,-13261,-11370,7229,249,-311,-1474,running,0.00,0,0,0,0,0
1779747340732,-12355,-8933,8230,-74,215,-1587,running,0.00,0,0,0,0,0
1779747340733,-12767,-7775,9530,-492,814,-1781,running,0.00,0,0,0,0,0
1779747340735,-13166,-5794,8559,-851,1515,-2156,running,0.00,0,0,0,0,0
1779747340767,-11836,-4731,6671,-1108,1974,-2573,running,0.00,0,0,0,0,0
1779747340768,-13184,-1846,6005,-1441,2239,-2807,running,0.00,0,0,0,0,0
1779747340769,-13677,-42,5424,-1469,2487,-3008,running,0.00,0,0,0,0,0
1779747340792,-14091,3078,6090,-1454,2659,-2903,running,0.00,0,0,0,0,0
1779747340792,-17411,10099,7221,-1478,2907,-2593,running,0.00,0,0,0,0,0
1779747340793,-21184,18485,8518,-1640,3412,-2829,running,0.00,0,0,0,0,0
1779747340827,-19164,26511,7667,-1923,3864,-3048,running,0.00,0,0,0,0,0
1779747340828,-21295,32129,6502,-1963,3956,-2875,running,0.00,0,0,0,0,0
1779747340829,-22748,32767,4872,-2175,3849,-2935,running,0.00,0,0,0,0,0
1779747340853,-24503,32767,6513,-2419,3445,-3146,running,0.00,0,0,0,0,0
1779747340854,-26347,32753,8260,-2859,3059,-3154,running,0.00,0,0,0,0,0
1779747340855,-26670,32767,7872,-3707,2741,-2685,running,0.00,0,0,0,0,0
1779747340884,-25360,32767,5301,-4677,2472,-2056,running,0.00,0,0,0,0,0
1779747340885,-17572,32767,3845,-5130,2277,-1695,running,0.00,0,0,0,0,0
1779747340886,-11373,32767,2428,-5209,1988,-1300,running,0.00,0,0,0,0,0
1779747340911,-9513,32767,1199,-4832,1897,-811,running,0.00,0,0,0,0,0
1779747340912,-5198,32767,27,-4140,1761,-678,running,0.00,0,0,0,0,0
1779747340913,-587,32767,-146,-3793,1508,-324,running,0.00,0,0,0,0,0
1779747340942,4148,32286,-350,-3295,1411,-133,running,0.00,0,0,0,0,0
1779747340943,7143,28037,48,-2946,1268,-121,running,0.00,0,0,0,0,0
1779747340944,9637,24878,-751,-2815,1242,184,running,0.00,0,0,0,0,0
1779747340973,9253,22774,-1484,-2424,1133,672,running,0.00,0,0,0,0,0
1779747340976,7261,19654,-2647,-2016,1031,1020,running,0.00,0,0,0,0,0
1779747340977,6504,16757,-3522,-1671,951,1248,running,0.00,0,0,0,0,0
1779747341003,6877,13164,-3173,-1407,835,1426,running,0.00,0,0,0,0,0
1779747341003,8091,11883,-6132,-1378,776,1636,running,0.00,0,0,0,0,0
1779747341004,6854,11469,-5624,-743,589,1730,running,0.00,0,0,0,0,0
1779747341031,9131,8252,-5597,86,658,1917,running,0.00,0,0,0,0,0
1779747341033,9684,6363,-5198,388,533,2065,running,0.00,0,0,0,0,0
1779747341036,10267,4412,-4722,794,425,2075,running,0.00,0,0,0,0,0
1779747341062,11338,2455,-4173,1122,406,2063,running,0.00,0,0,0,0,0
1779747341063,11602,761,-3351,1326,331,2042,running,0.00,0,0,0,0,0
1779747341064,10628,-2110,-2840,1326,343,1814,running,0.00,0,0,0,0,0
1779747341093,11503,-1869,-1999,1222,286,1725,running,0.00,0,0,0,0,0
1779747341102,11022,-937,-1753,1201,122,1893,running,0.00,0,0,0,0,0
1779747341103,10457,-633,-770,1021,-39,2007,running,0.00,0,0,0,0,0
1779747341131,10953,-429,-214,726,-200,2011,running,0.00,0,0,0,0,0
1779747341132,10964,103,-673,343,-431,1993,running,0.00,0,0,0,0,0
1779747341133,10217,2286,-805,-35,-719,1944,running,0.00,0,0,0,0,0
1779747341152,9301,6429,-630,-307,-985,1875,running,0.00,0,0,0,0,0
1779747341153,8348,9871,-846,-438,-1246,1836,running,0.00,0,0,0,0,0
1779747341154,7652,12695,-1193,-381,-1508,1854,running,0.00,0,0,0,0,0
1779747341183,6312,17169,1011,-75,-1774,1967,running,0.00,0,0,0,0,0
1779747341184,4869,21484,4474,213,-2028,2151,running,0.00,0,0,0,0,0
1779747341184,5576,26814,7928,239,-2334,2392,running,0.00,0,0,0,0,0
1779747341214,8172,32767,9373,188,-2716,2655,running,0.00,0,0,0,0,0
1779747341214,10124,32767,7916,99,-3137,2762,running,0.00,0,0,0,0,0
1779747341215,2470,32761,7921,884,-3376,1986,running,0.00,0,0,0,0,0
1779747341242,-5453,32767,11687,1760,-2874,1483,running,0.00,0,0,0,0,0
1779747341243,-12933,32765,13748,2155,-2509,1837,running,0.00,0,0,0,0,0
1779747341244,-21534,32767,16008,1925,-2529,2258,running,0.00,0,0,0,0,0
1779747341274,-26268,32536,14672,1268,-2424,2234,running,0.00,0,0,0,0,0
1779747341275,-21131,30734,10155,517,-2296,1831,running,0.00,0,0,0,0,0
1779747341276,-11600,28069,6401,-307,-2451,1470,running,0.00,0,0,0,0,0
1779747341304,-6157,24649,5768,-1075,-2828,1172,running,0.00,0,0,0,0,0
1779747341317,-7253,23637,4937,-1697,-2981,1115,running,0.00,0,0,0,0,0
1779747341318,-9661,22139,4115,-1609,-3016,851,running,0.00,0,0,0,0,0
1779747341334,-9930,17511,3045,-889,-2813,244,running,0.00,0,0,0,0,0
1779747341335,-7498,14620,1337,-52,-2563,-199,running,0.00,0,0,0,0,0
1779747341336,-5433,10913,-56,423,-2541,-524,running,0.00,0,0,0,0,0
1779747341365,-5174,7610,-361,715,-2575,-704,running,0.00,0,0,0,0,0
1779747341366,-5063,4582,-993,930,-2579,-827,running,0.00,0,0,0,0,0
1779747341366,-4247,3565,-1354,1100,-2527,-863,running,0.00,0,0,0,0,0
1779747341393,-4178,2472,-1368,1397,-2515,-932,running,0.00,0,0,0,0,0
1779747341394,-5349,-122,-263,1671,-2488,-1090,running,0.00,0,0,0,0,0
1779747341395,-6351,-2066,849,1794,-2385,-1274,running,0.00,0,0,0,0,0
1779747341422,-7163,-3431,1153,1779,-2214,-1492,running,0.00,0,0,0,0,0
1779747341423,-7907,-5560,1469,1641,-2075,-1658,running,0.00,0,0,0,0,0
1779747341426,-9326,-6653,2287,1311,-2013,-1735,running,0.00,0,0,0,0,0
1779747341456,-10701,-7628,2696,984,-1852,-1798,running,0.00,0,0,0,0,0
1779747341456,-11735,-8253,2715,551,-1688,-1858,running,0.00,0,0,0,0,0
1779747341457,-13056,-8271,3164,114,-1472,-1918,running,0.00,0,0,0,0,0
1779747341482,-14946,-8898,4832,-259,-1201,-1993,running,0.00,0,0,0,0,0
1779747341483,-15556,-8669,6012,-618,-713,-2001,running,0.00,0,0,0,0,0
1779747341483,-15478,-8062,6272,-807,-200,-1970,running,0.00,0,0,0,0,0
1779747341512,-14609,-6303,7883,-864,277,-1924,running,0.00,0,0,0,0,0
1779747341513,-14204,-4973,8940,-935,918,-1970,running,0.00,0,0,0,0,0
1779747341513,-13784,-4147,9730,-1030,1537,-2211,running,0.00,0,0,0,0,0
1779747341542,-13458,-3691,10459,-1067,2013,-2432,running,0.00,0,0,0,0,0
1779747341543,-14673,-2794,10394,-1108,2404,-2539,running,0.00,0,0,0,0,0
1779747341543,-15509,-1851,9670,-1216,2781,-2741,running,0.00,0,0,0,0,0
1779747341572,-15720,1966,8209,-1323,3188,-3004,running,0.00,0,0,0,0,0
1779747341573,-17084,10371,9658,-1470,3526,-3320,running,0.00,0,0,0,0,0
1779747341574,-19888,22322,16114,-1562,3893,-3596,running,0.00,0,0,0,0,0
1779747341602,-23063,32315,17825,-1575,4347,-3709,running,0.00,0,0,0,0,0
1779747341633,-25357,32767,12549,-1906,4499,-3904,running,0.00,0,0,0,0,0
1779747341634,-28434,32649,9649,-2774,3954,-4179,running,0.00,0,0,0,0,0
1779747341634,-32544,32741,10394,-4219,3113,-4111,running,0.00,0,0,0,0,0
1779747341635,-32768,32767,9554,-5796,2679,-3513,running,0.00,0,0,0,0,0
1779747341635,-32256,32766,6094,-6893,2101,-2703,running,0.00,0,0,0,0,0
1779747341661,-29716,32766,5709,-6859,1739,-1980,running,0.00,0,0,0,0,0
1779747341662,-24137,32767,2523,-5477,1936,-1437,running,0.00,0,0,0,0,0
1779747341663,-16532,32767,-356,-3633,2078,-977,running,0.00,0,0,0,0,0
1779747341691,-6595,32767,-1276,-2107,2033,-847,running,0.00,0,0,0,0,0
1779747341692,-8763,31913,2139,-1397,1796,-602,running,0.00,0,0,0,0,0
1779747341692,-7359,28268,1634,-715,2389,-580,running,0.00,0,0,0,0,0
1779747341719,-2026,26798,103,2,2656,-930,running,0.00,0,0,0,0,0
1779747341720,4209,20352,2352,-158,2240,-1300,running,0.00,0,0,0,0,0
1779747341720,8750,17667,2564,-750,2013,-1001,running,0.00,0,0,0,0,0
1779747341757,9320,16752,1503,-961,1908,-379,running,0.00,0,0,0,0,0
1779747341757,7210,14639,1370,-1261,1694,-74,running,0.00,0,0,0,0,0
1779747341757,7107,13890,-144,-1531,1699,54,running,0.00,0,0,0,0,0
1779747341779,7430,13280,-1174,-1556,1582,272,running,0.00,0,0,0,0,0
1779747341780,7570,12359,-1863,-1566,1395,464,running,0.00,0,0,0,0,0
1779747341780,9417,10850,-2832,-1429,1292,594,running,0.00,0,0,0,0,0
1779747341810,11150,8697,-3126,-1231,1128,713,running,0.00,0,0,0,0,0
1779747341810,11169,8123,-3332,-1019,942,866,running,0.00,0,0,0,0,0
1779747341811,11967,6674,-2595,-531,778,1004,running,0.00,0,0,0,0,0
1779747341839,13010,4985,-2172,-88,653,1218,running,0.00,0,0,0,0,0
1779747341840,13145,3504,-1855,209,516,1466,running,0.00,0,0,0,0,0
1779747341840,13296,2375,-1579,516,425,1674,running,0.00,0,0,0,0,0
1779747341871,13341,1228,-732,854,329,1811,running,0.00,0,0,0,0,0
1779747341871,13474,750,98,1034,222,1902,running,0.00,0,0,0,0,0
1779747341872,13206,1665,376,1029,115,1926,running,0.00,0,0,0,0,0
1779747341903,12468,3273,1287,1085,-72,1881,running,0.00,0,0,0,0,0
1779747341903,11037,5778,2364,1155,-294,1845,running,0.00,0,0,0,0,0
1779747341904,9621,8735,3097,1167,-513,1893,running,0.00,0,0,0,0,0
1779747341931,8892,10843,3142,1097,-797,2055,running,0.00,0,0,0,0,0
1779747341932,8251,13006,3183,888,-1155,2331,running,0.00,0,0,0,0,0
1779747341933,7141,15675,4352,642,-1532,2634,running,0.00,0,0,0,0,0
1779747341964,6822,19333,5790,317,-1873,2919,running,0.00,0,0,0,0,0
1779747341965,7449,25626,8055,132,-2244,3202,running,0.00,0,0,0,0,0
1779747341966,9456,32767,9483,128,-2730,3516,running,0.00,0,0,0,0,0
1779747341993,10698,32767,9194,-39,-3284,3852,running,0.00,0,0,0,0,0
1779747341993,11403,32646,8069,-343,-3759,4054,running,0.00,0,0,0,0,0
1779747341994,10150,32757,8642,-270,-4208,4028,running,0.00,0,0,0,0,0
1779747342023,1395,32767,8101,133,-4278,3780,running,0.00,0,0,0,0,0
1779747342023,-7852,32765,8505,786,-3750,3480,running,0.00,0,0,0,0,0
1779747342024,-15905,32766,9649,1809,-3093,3316,running,0.00,0,0,0,0,0
1779747342050,-24424,32767,10767,2753,-2767,3278,running,0.00,0,0,0,0,0
1779747342051,-29201,32767,11809,3261,-2585,3083,running,0.00,0,0,0,0,0
1779747342051,-25197,30829,8393,3445,-2426,3229,running,0.00,0,0,0,0,0
1779747342087,-20793,23534,13162,2707,-2447,3445,running,0.00,0,0,0,0,0
1779747342088,-13472,24501,4675,2208,-1647,4148,running,0.00,0,0,0,0,0
1779747342089,-8254,19619,1701,1557,-2068,3429,running,0.00,0,0,0,0,0
1779747342112,-8520,13341,3710,946,-2699,2643,running,0.00,0,0,0,0,0
1779747342112,-11060,9882,3678,324,-2994,2020,running,0.00,0,0,0,0,0
1779747342114,-11535,8668,2114,63,-3133,1385,running,0.00,0,0,0,0,0
1779747342142,-10623,9345,-1019,542,-2916,1169,running,0.00,0,0,0,0,0
1779747342143,-8186,5776,-935,1120,-3070,1124,running,0.00,0,0,0,0,0
1779747342144,-6223,1337,-84,1201,-3295,774,running,0.00,0,0,0,0,0
1779747342173,-6931,1066,959,1400,-3424,436,running,0.00,0,0,0,0,0
1779747342174,-8329,-2405,3002,1926,-3399,148,running,0.00,0,0,0,0,0
1779747342177,-10260,-6257,5244,1987,-3264,-145,running,0.00,0,0,0,0,0
1779747342203,-11435,-8887,6634,1997,-2936,-483,running,0.00,0,0,0,0,0
1779747342204,-11254,-11234,7092,2064,-2613,-700,running,0.00,0,0,0,0,0
1779747342205,-11522,-11905,8580,1874,-2554,-787,running,0.00,0,0,0,0,0
1779747342232,-12752,-12582,10915,1669,-2453,-868,running,0.00,0,0,0,0,0
1779747342237,-15177,-12623,12525,1309,-2396,-1175,running,0.00,0,0,0,0,0
1779747342237,-17869,-14975,13768,1246,-2314,-1449,running,0.00,0,0,0,0,0
1779747342262,-23175,-11099,14682,817,-1739,-1751,running,0.00,0,0,0,0,0
1779747342263,-21008,-13770,13641,389,-897,-2854,running,0.00,0,0,0,0,0
1779747342264,-14686,-11300,11571,132,-321,-3207,running,0.00,0,0,0,0,0
1779747342303,-15260,-7893,10954,125,-75,-3206,running,0.00,0,0,0,0,0
1779747342305,-16723,-6026,11829,62,270,-3473,running,0.00,0,0,0,0,0
1779747342306,-16724,-5791,11378,-94,718,-3832,running,0.00,0,0,0,0,0
1779747342324,-17482,-5813,9079,-548,1410,-4154,running,0.00,0,0,0,0,0
1779747342325,-17519,-4408,8213,-638,1519,-4075,running,0.00,0,0,0,0,0
1779747342326,-19203,-2858,8931,-1010,1572,-4278,running,0.00,0,0,0,0,0
1779747342352,-20470,394,9913,-1708,1752,-4740,running,0.00,0,0,0,0,0
1779747342352,-23317,5068,12499,-2436,1935,-5271,running,0.00,0,0,0,0,0
1779747342353,-28776,13149,16012,-3389,2075,-5688,running,0.00,0,0,0,0,0
1779747342382,-32768,18986,12337,-4546,2209,-6002,running,0.00,0,0,0,0,0
1779747342384,-32768,26415,7021,-5467,2135,-6197,running,0.00,0,0,0,0,0
1779747342385,-32703,32767,7394,-6052,1421,-6601,running,0.00,0,0,0,0,0
1779747342411,-32764,32767,6035,-7191,903,-6814,running,0.00,0,0,0,0,0
1779747342418,-32768,32623,4627,-7594,949,-6123,running,0.00,0,0,0,0,0
1779747342419,-32767,32767,3021,-7057,1082,-5067,running,0.00,0,0,0,0,0
1779747342441,-32768,32767,3394,-6482,1222,-4708,running,0.00,0,0,0,0,0
1779747342442,-32383,32764,5456,-5914,1319,-4237,running,0.00,0,0,0,0,0
1779747342443,-30192,32767,6639,-5815,1260,-3635,running,0.00,0,0,0,0,0
1779747342480,-23697,32767,10415,-6163,1111,-3179,running,0.00,0,0,0,0,0
1779747342481,-21906,32767,8671,-5795,1411,-2790,running,0.00,0,0,0,0,0
1779747342482,-14022,32767,8991,-5792,1491,-2996,running,0.00,0,0,0,0,0
1779747342501,-6789,30561,12103,-5719,1187,-2710,running,0.00,0,0,0,0,0
1779747342502,711,32288,8517,-5730,1024,-1989,running,0.00,0,0,0,0,0
1779747342503,5006,32767,5699,-5102,753,-1375,running,0.00,0,0,0,0,0
1779747342533,6851,31439,4627,-4196,655,-572,running,0.00,0,0,0,0,0
1779747342533,5594,28535,1258,-3160,877,-59,running,0.00,0,0,0,0,0
1779747342534,12634,22199,522,-2418,935,-82,running,0.00,0,0,0,0,0
1779747342562,12520,20817,1811,-1773,780,335,running,0.00,0,0,0,0,0
1779747342563,5922,22158,-778,-661,1168,842,running,0.00,0,0,0,0,0
1779747342565,11774,16079,192,-182,1194,409,running,0.00,0,0,0,0,0
1779747342594,19034,11681,2129,-160,540,335,running,0.00,0,0,0,0,0
1779747342595,16497,11089,701,-126,250,827,running,0.00,0,0,0,0,0
1779747342596,16016,8539,622,-303,252,875,running,0.00,0,0,0,0,0
1779747342628,17691,8337,23,-295,-166,1176,running,0.00,0,0,0,0,0
1779747342629,12386,9707,-2309,-245,-283,1781,running,0.00,0,0,0,0,0
1779747342630,9761,10330,-1447,-89,-112,1886,running,0.00,0,0,0,0,0
1779747342653,8720,7911,-628,76,-172,1715,running,0.00,0,0,0,0,0
1779747342654,8835,6409,1079,34,-294,1742,running,0.00,0,0,0,0,0
1779747342655,9352,7035,2738,-172,-620,1747,running,0.00,0,0,0,0,0
1779747342681,6831,8030,4244,-330,-1035,1672,running,0.00,0,0,0,0,0
1779747342683,2380,6811,7148,-763,-1360,1242,running,0.00,0,0,0,0,0
1779747342684,2703,8680,11407,-1043,-2065,501,running,0.00,0,0,0,0,0
1779747342712,2376,13333,12692,-392,-2917,359,running,0.00,0,0,0,0,0
1779747342712,-2690,23016,12173,463,-3167,1291,running,0.00,0,0,0,0,0
1779747342714,-7706,29089,12362,915,-3126,2440,running,0.00,0,0,0,0,0
1779747342743,-11886,28329,15934,1787,-3289,2852,running,0.00,0,0,0,0,0
1779747342751,-15498,32034,21788,3123,-3429,2720,running,0.00,0,0,0,0,0
1779747342752,-19366,32767,22594,4103,-3452,2640,running,0.00,0,0,0,0,0
1779747342772,-24715,32722,21867,4350,-3361,2686,running,0.00,0,0,0,0,0
1779747342772,-31075,32741,23896,4310,-3223,2692,running,0.00,0,0,0,0,0
1779747342773,-32768,32767,26925,4131,-2952,2667,running,0.00,0,0,0,0,0
1779747342801,-32662,32767,27357,3793,-2715,2911,running,0.00,0,0,0,0,0
1779747342801,-32756,32766,26972,3443,-2681,3297,running,0.00,0,0,0,0,0
1779747342802,-32768,30387,24789,2998,-2493,3232,running,0.00,0,0,0,0,0
1779747342832,-31769,22854,20764,2419,-2402,3001,running,0.00,0,0,0,0,0
1779747342833,-25568,21869,16200,1981,-2427,3242,running,0.00,0,0,0,0,0
1779747342833,-22705,20529,12541,1786,-2325,3571,running,0.00,0,0,0,0,0
1779747342866,-19985,18592,9351,1426,-2588,2932,running,0.00,0,0,0,0,0
1779747342867,-18908,13319,7758,1650,-2664,2331,running,0.00,0,0,0,0,0
1779747342868,-17993,9286,6046,1494,-2685,1813,running,0.00,0,0,0,0,0
1779747342891,-13316,9033,3179,1728,-2562,1174,running,0.00,0,0,0,0,0
1779747342892,-8697,5009,1752,1793,-2662,853,running,0.00,0,0,0,0,0
1779747342893,-9918,6596,2937,1975,-2641,881,running,0.00,0,0,0,0,0
1779747342926,-7810,7861,2105,2654,-2481,718,running,0.00,0,0,0,0,0
1779747342927,-3317,5775,113,3432,-2474,689,running,0.00,0,0,0,0,0
1779747342928,-6789,-3055,5142,3349,-2661,301,running,0.00,0,0,0,0,0
1779747342957,-10000,-7476,7148,3033,-2278,-428,running,0.00,0,0,0,0,0
1779747342958,-6198,-2902,-78,3082,-1882,-695,running,0.00,0,0,0,0,0
1779747342959,-7729,-7176,2927,3437,-2138,-771,running,0.00,0,0,0,0,0
1779747342985,-9245,-10245,3550,3267,-2092,-721,running,0.00,0,0,0,0,0
1779747342986,-11169,-8745,1713,3071,-1847,-1160,running,0.00,0,0,0,0,0
1779747342987,-7027,-12365,942,2933,-1554,-1073,running,0.00,0,0,0,0,0
1779747343013,-8270,-11721,594,2644,-1397,-433,running,0.00,0,0,0,0,0
1779747343013,-10955,-13144,3556,2499,-1337,-127,running,0.00,0,0,0,0,0
1779747343014,-9812,-14975,3668,2106,-1085,61,running,0.00,0,0,0,0,0
1779747343043,-10146,-14138,2457,1463,-1934,25,running,0.00,0,0,0,0,0
1779747343044,-12602,-10824,6878,1008,-2227,-398,running,0.00,0,0,0,0,0
1779747343044,-12045,-12121,9515,621,-598,-870,running,0.00,0,0,0,0,0
1779747343072,-5337,-6117,3803,-14,1773,-975,running,0.00,0,0,0,0,0
1779747343073,-3805,-3217,3155,84,1317,-1314,running,0.00,0,0,0,0,0
1779747343073,-9296,-4258,7549,48,1186,-1573,running,0.00,0,0,0,0,0
1779747343103,-11698,1559,7851,-85,1782,-1662,running,0.00,0,0,0,0,0
1779747343104,-13053,5931,7945,1,2355,-1742,running,0.00,0,0,0,0,0
1779747343105,-14193,13616,5739,-23,2820,-1660,running,0.00,0,0,0,0,0
1779747343133,-14938,25109,6601,250,3106,-1789,running,0.00,0,0,0,0,0
1779747343135,-12509,29827,4575,861,3509,-2005,running,0.00,0,0,0,0,0
1779747343143,-11623,32767,326,728,3710,-2055,running,0.00,0,0,0,0,0
1779747343164,-12242,32767,-2506,588,3448,-2074,running,0.00,0,0,0,0,0
1779747343165,-15170,32715,-4499,537,3112,-2121,running,0.00,0,0,0,0,0
1779747343166,-17464,32762,-8215,178,2647,-2012,running,0.00,0,0,0,0,0
1779747343194,-17888,32767,-10122,-618,1989,-1878,running,0.00,0,0,0,0,0
1779747343199,-19480,32766,-9212,-1299,1634,-1421,running,0.00,0,0,0,0,0
1779747343200,-15250,32767,-10737,-1366,1831,-1089,running,0.00,0,0,0,0,0
1779747343223,-10511,32767,-13257,-1280,1710,-1010,running,0.00,0,0,0,0,0
1779747343225,-10048,32025,-11824,-984,1325,-967,running,0.00,0,0,0,0,0
1779747343226,-10393,28116,-11491,-639,1186,-820,running,0.00,0,0,0,0,0
1779747343256,-7243,23574,-11839,-410,1097,-706,running,0.00,0,0,0,0,0
1779747343257,-3831,20588,-12253,-242,941,-578,running,0.00,0,0,0,0,0
1779747343257,-912,17197,-11203,-152,725,-622,running,0.00,0,0,0,0,0
1779747343282,1347,14298,-10241,-215,606,-683,running,0.00,0,0,0,0,0
1779747343284,2033,13176,-9720,-143,551,-692,running,0.00,0,0,0,0,0
1779747343286,1412,9954,-6913,46,502,-695,running,0.00,0,0,0,0,0
1779747343312,2734,9332,-7144,72,718,-640,running,0.00,0,0,0,0,0
1779747343313,3584,8326,-6602,228,757,-664,running,0.00,0,0,0,0,0
1779747343314,3215,5791,-4981,559,742,-691,running,0.00,0,0,0,0,0
1779747343343,5103,4144,-5009,729,803,-647,running,0.00,0,0,0,0,0
1779747343350,7204,1887,-5092,630,754,-742,running,0.00,0,0,0,0,0
1779747343351,7385,177,-4332,404,647,-778,running,0.00,0,0,0,0,0
1779747343370,7670,-513,-3975,116,592,-728,running,0.00,0,0,0,0,0
1779747343371,8529,-736,-3693,-102,497,-653,running,0.00,0,0,0,0,0
1779747343371,9089,-910,-3288,-324,397,-541,running,0.00,0,0,0,0,0
1779747343405,8941,-38,-2311,-525,367,-383,running,0.00,0,0,0,0,0
1779747343407,10020,1864,-2168,-528,280,-3,running,0.00,0,0,0,0,0
1779747343407,9620,2582,-1853,-530,198,170,running,0.00,0,0,0,0,0
1779747343432,8990,2906,-2020,-491,93,301,running,0.00,0,0,0,0,0
1779747343432,8172,4376,-2400,-425,-1,395,running,0.00,0,0,0,0,0
1779747343436,7399,6388,-2665,-397,-23,509,running,0.00,0,0,0,0,0
1779747343463,5920,9656,-4189,-383,-208,582,running,0.00,0,0,0,0,0
1779747343464,4442,13107,-5367,-355,-331,720,running,0.00,0,0,0,0,0
1779747343465,2764,19008,-7316,-528,-376,864,running,0.00,0,0,0,0,0
1779747343495,2410,24581,-7413,-625,-545,1067,running,0.00,0,0,0,0,0
1779747343496,-22,31327,-8806,-329,-667,1556,running,0.00,0,0,0,0,0
1779747343497,-2048,32767,-11904,186,-746,1833,running,0.00,0,0,0,0,0
1779747343520,-6538,31166,-13342,52,-720,1706,running,0.00,0,0,0,0,0
1779747343521,-7232,32767,-18226,332,-690,1332,running,0.00,0,0,0,0,0
1779747343522,-15075,32767,-17963,1299,-809,1460,running,0.00,0,0,0,0,0
1779747343550,-22101,32736,-16668,1614,-700,1813,running,0.00,0,0,0,0,0
1779747343550,-25471,32765,-14458,1544,-721,2129,running,0.00,0,0,0,0,0
1779747343551,-27929,32767,-9382,793,-752,2366,running,0.00,0,0,0,0,0
1779747343582,-25977,32766,-8102,-68,-333,2851,running,0.00,0,0,0,0,0
1779747343583,-19528,32767,-10309,-428,-224,3010,running,0.00,0,0,0,0,0
1779747343583,-17278,32767,-8817,-116,-418,2953,running,0.00,0,0,0,0,0
1779747343613,-16576,28852,-6950,369,-700,2953,running,0.00,0,0,0,0,0
1779747343614,-14967,25189,-5911,-58,-862,2915,running,0.00,0,0,0,0,0
1779747343614,-12623,19955,-4486,-99,-1062,2520,running,0.00,0,0,0,0,0
1779747343642,-11074,14264,-3280,-392,-1196,2236,running,0.00,0,0,0,0,0
1779747343643,-8530,12898,-3474,-716,-1313,1915,running,0.00,0,0,0,0,0
1779747343643,-7166,10605,-2702,-662,-1454,1519,running,0.00,0,0,0,0,0
1779747343674,-2773,10610,-3780,-457,-1527,1141,running,0.00,0,0,0,0,0
1779747343676,-1665,5839,-1754,-44,-1794,865,running,0.00,0,0,0,0,0
1779747343677,-2329,1699,292,25,-1938,756,running,0.00,0,0,0,0,0
1779747343702,-3155,4094,1878,236,-1911,513,running,0.00,0,0,0,0,0
1779747343703,-3648,174,3015,905,-1863,13,running,0.00,0,0,0,0,0
1779747343704,-2929,-4449,3107,1243,-1820,-240,running,0.00,0,0,0,0,0
1779747343736,-3686,-8066,4061,1244,-1907,-360,running,0.00,0,0,0,0,0
1779747343737,-5607,-9865,5677,1222,-2011,-473,running,0.00,0,0,0,0,0
1779747343737,-7641,-10527,7298,1037,-2002,-620,running,0.00,0,0,0,0,0
1779747343762,-9474,-12647,8091,695,-1919,-898,running,0.00,0,0,0,0,0
1779747343763,-11503,-14999,9317,222,-1781,-1221,running,0.00,0,0,0,0,0
1779747343763,-11532,-13551,10293,-344,-1694,-1519,running,0.00,0,0,0,0,0
1779747343793,-13322,-11745,11248,-708,-1523,-1724,running,0.00,0,0,0,0,0
1779747343794,-14396,-9571,12132,-787,-1218,-1845,running,0.00,0,0,0,0,0
1779747343794,-15376,-7022,11241,-986,-788,-2154,running,0.00,0,0,0,0,0
1779747343821,-16460,-5807,11766,-1222,-428,-2640,running,0.00,0,0,0,0,0
1779747343821,-17730,-4267,11028,-1116,12,-2962,running,0.00,0,0,0,0,0
1779747343822,-18876,-3302,10129,-994,441,-3226,running,0.00,0,0,0,0,0
1779747343853,-20111,-3694,9435,-954,795,-3496,running,0.00,0,0,0,0,0
1779747343854,-20285,-3755,7805,-1031,1023,-3624,running,0.00,0,0,0,0,0
1779747343854,-22210,-4420,6101,-1160,1137,-3735,running,0.00,0,0,0,0,0
1779747343882,-22723,-3932,6610,-1497,1346,-3707,running,0.00,0,0,0,0,0
1779747343882,-26111,3989,9003,-2004,1657,-3510,running,0.00,0,0,0,0,0
1779747343883,-28377,19581,8722,-3035,2132,-3962,running,0.00,0,0,0,0,0
1779747343912,-32755,32767,4822,-3180,2240,-4931,running,0.00,0,0,0,0,0
1779747343913,-32768,32767,95,-3123,2104,-5792,running,0.00,0,0,0,0,0
1779747343913,-32691,32488,-932,-3535,1762,-5347,running,0.00,0,0,0,0,0
1779747343942,-32759,32767,-1965,-3423,1637,-4533,running,0.00,0,0,0,0,0
1779747343943,-32768,32767,-5244,-3976,1433,-3614,running,0.00,0,0,0,0,0
1779747343944,-32767,32762,-5171,-4729,1138,-3046,running,0.00,0,0,0,0,0
1779747343973,-30918,32767,-2015,-4285,1387,-2256,running,0.00,0,0,0,0,0
1779747343975,-22439,32767,-2709,-3466,1613,-1295,running,0.00,0,0,0,0,0
1779747343976,-14345,32645,-308,-2986,1536,-954,running,0.00,0,0,0,0,0
1779747344002,-8089,29593,123,-3283,1405,-1272,running,0.00,0,0,0,0,0
1779747344002,-4736,27839,-673,-3390,1441,-1403,running,0.00,0,0,0,0,0
1779747344004,-1377,25312,-721,-3149,895,-1568,running,0.00,0,0,0,0,0
1779747344032,6146,21348,-385,-3455,530,-1254,running,0.00,0,0,0,0,0
1779747344033,9330,23077,-1936,-3208,632,-492,running,0.00,0,0,0,0,0
1779747344033,5062,19224,-1130,-2966,534,-188,running,0.00,0,0,0,0,0
1779747344060,6145,16515,-3820,-2730,579,-120,running,0.00,0,0,0,0,0
1779747344062,6305,14298,-4114,-2399,490,101,running,0.00,0,0,0,0,0
1779747344063,6514,12036,-4627,-2129,480,326,running,0.00,0,0,0,0,0
1779747344093,7365,12860,-6159,-1638,470,370,running,0.00,0,0,0,0,0
1779747344094,7227,9454,-4705,-1259,475,473,running,0.00,0,0,0,0,0
1779747344094,11133,8379,-5737,-1006,507,508,running,0.00,0,0,0,0,0
1779747344129,10028,2668,-5205,-1322,358,-313,running,0.00,0,0,0,0,0
1779747344130,14015,4975,-2736,-1082,6,100,running,0.00,0,0,0,0,0
1779747344130,11319,8801,-3206,89,267,1558,running,0.00,0,0,0,0,0
1779747344155,9849,5575,-3701,579,551,1754,running,0.00,0,0,0,0,0
1779747344159,15855,4487,-3279,592,491,1301,running,0.00,0,0,0,0,0
1779747344160,12204,5367,-2111,680,277,1378,running,0.00,0,0,0,0,0
1779747344183,10025,4619,-1656,471,219,1556,running,0.00,0,0,0,0,0
1779747344184,11312,4723,-1247,227,113,1694,running,0.00,0,0,0,0,0
1779747344185,11642,7464,-1010,167,-81,1945,running,0.00,0,0,0,0,0
1779747344213,10924,10382,-1163,350,-268,2148,running,0.00,0,0,0,0,0
1779747344214,7894,10515,-560,546,-481,2191,running,0.00,0,0,0,0,0
1779747344215,5795,11665,115,524,-621,2206,running,0.00,0,0,0,0,0
1779747344243,4008,13763,519,482,-844,2191,running,0.00,0,0,0,0,0
1779747344243,1853,15909,586,393,-1225,2096,running,0.00,0,0,0,0,0
1779747344244,-717,18802,1917,442,-1542,1838,running,0.00,0,0,0,0,0
1779747344272,1269,19068,2290,479,-1652,2265,running,0.00,0,0,0,0,0
1779747344273,561,30220,2740,113,-1822,3865,running,0.00,0,0,0,0,0
1779747344274,-2087,32767,4894,145,-2277,4408,running,0.00,0,0,0,0,0
1779747344302,-3937,32738,4993,746,-2355,4380,running,0.00,0,0,0,0,0
1779747344303,-8725,32693,4909,1305,-2254,4117,running,0.00,0,0,0,0,0
1779747344304,-17342,32767,5539,1793,-1953,3671,running,0.00,0,0,0,0,0
1779747344332,-27936,32767,6295,2384,-1476,3722,running,0.00,0,0,0,0,0
1779747344332,-32768,32765,8784,2633,-1151,4172,running,0.00,0,0,0,0,0
1779747344333,-32768,32767,10619,2360,-1116,4519,running,0.00,0,0,0,0,0
1779747344363,-32600,32767,9047,2190,-1198,4551,running,0.00,0,0,0,0,0
1779747344364,-30815,32767,9122,1966,-1434,4320,running,0.00,0,0,0,0,0
1779747344364,-26470,32451,7157,1385,-1633,4133,running,0.00,0,0,0,0,0
1779747344395,-18129,28420,3945,761,-2029,3763,running,0.00,0,0,0,0,0
1779747344396,-17261,24206,3574,247,-2589,3278,running,0.00,0,0,0,0,0
1779747344397,-13931,20953,3038,225,-2906,2659,running,0.00,0,0,0,0,0
1779747344423,-12751,14597,1948,571,-3068,2127,running,0.00,0,0,0,0,0
1779747344424,-11652,2891,2799,378,-3255,1671,running,0.00,0,0,0,0,0
1779747344425,-7408,12932,-405,196,-3391,1452,running,0.00,0,0,0,0,0
1779747344452,-3079,5450,2917,1306,-3416,936,running,0.00,0,0,0,0,0
1779747344456,-5099,5298,1967,1120,-3360,364,running,0.00,0,0,0,0,0
1779747344457,-5555,-2967,5245,1954,-3139,-134,running,0.00,0,0,0,0,0
1779747344481,-4954,-7479,4759,1708,-2950,-409,running,0.00,0,0,0,0,0
1779747344481,-2334,5637,5535,2219,-2933,-415,running,0.00,0,0,0,0,0
1779747344482,-7050,-10880,8915,2617,-2884,-1091,running,0.00,0,0,0,0,0
1779747344509,-10567,-12690,10029,2519,-2681,-1625,running,0.00,0,0,0,0,0
1779747344510,-9964,-17048,9494,2275,-2311,-1896,running,0.00,0,0,0,0,0
1779747344510,-9443,-18461,9548,1843,-2505,-1647,running,0.00,0,0,0,0,0
1779747344540,-12227,-19590,11945,989,-2936,-1284,running,0.00,0,0,0,0,0
1779747344541,-19363,-17157,13262,87,-2275,-1347,running,0.00,0,0,0,0,0
1779747344542,-11909,-16396,10663,-236,-1920,-1930,running,0.00,0,0,0,0,0
1779747344575,-17210,-11913,12458,-511,-2014,-2326,running,0.00,0,0,0,0,0
1779747344576,-11933,-9812,11418,-497,-1125,-2606,running,0.00,0,0,0,0,0
1779747344576,-11487,-8433,10975,-364,-1241,-2772,running,0.00,0,0,0,0,0
1779747344601,-16675,-4541,12375,-115,-381,-2959,running,0.00,0,0,0,0,0
1779747344602,-16986,-3588,10720,117,490,-3388,running,0.00,0,0,0,0,0
1779747344603,-15663,-2282,7749,353,1012,-3669,running,0.00,0,0,0,0,0
1779747344632,-14063,-2847,6523,527,1196,-3656,running,0.00,0,0,0,0,0
1779747344637,-14032,-3531,5236,273,1235,-3782,running,0.00,0,0,0,0,0
1779747344638,-16080,-1698,4591,-148,1143,-4160,running,0.00,0,0,0,0,0
1779747344661,-17735,748,4886,-581,917,-4593,running,0.00,0,0,0,0,0
1779747344662,-17672,6788,9622,-1174,1059,-4798,running,0.00,0,0,0,0,0
1779747344662,-23101,16250,8461,-2739,1212,-5236,running,0.00,0,0,0,0,0
1779747344692,-32768,32767,9172,-3292,1673,-5496,running,0.00,0,0,0,0,0
1779747344696,-32768,31866,4470,-3584,1673,-5578,running,0.00,0,0,0,0,0
1779747344697,-32570,31402,3510,-4183,1216,-5229,running,0.00,0,0,0,0,0
1779747344724,-32768,32767,2006,-5106,675,-4949,running,0.00,0,0,0,0,0
1779747344724,-32768,32767,1384,-6660,450,-4629,running,0.00,0,0,0,0,0
1779747344726,-32764,32739,-582,-7428,362,-3854,running,0.00,0,0,0,0,0
1779747344753,-32768,32767,1009,-7135,302,-3140,running,0.00,0,0,0,0,0
1779747344754,-32768,32767,744,-6342,579,-2929,running,0.00,0,0,0,0,0
1779747344754,-25752,32330,476,-5159,743,-2764,running,0.00,0,0,0,0,0
1779747344783,-17306,32270,-610,-4551,469,-2134,running,0.00,0,0,0,0,0
1779747344784,-23678,32767,405,-3900,466,-1890,running,0.00,0,0,0,0,0
1779747344784,-17672,32523,-950,-2357,943,-1953,running,0.00,0,0,0,0,0
1779747344814,-8232,29410,-2295,-1027,995,-1539,running,0.00,0,0,0,0,0
1779747344814,-7256,24340,-1583,-676,884,-1116,running,0.00,0,0,0,0,0
1779747344815,-3491,19720,-1648,-735,910,-936,running,0.00,0,0,0,0,0
1779747344847,-710,16805,-1834,-1094,819,-653,running,0.00,0,0,0,0,0
1779747344849,978,16724,-2927,-1379,768,-222,running,0.00,0,0,0,0,0
1779747344849,1688,16006,-3242,-1211,783,83,running,0.00,0,0,0,0,0
1779747344873,4373,14782,-4349,-987,859,291,running,0.00,0,0,0,0,0
1779747344874,5159,13419,-4186,-851,853,399,running,0.00,0,0,0,0,0
1779747344875,7229,12025,-4284,-772,1008,418,running,0.00,0,0,0,0,0
1779747344935,8904,11349,-4039,-655,1254,530,running,0.00,0,0,0,0,0
1779747344935,11059,10645,-4011,-446,1634,691,running,0.00,0,0,0,0,0
1779747344937,12877,10773,-3979,-339,1396,911,running,0.00,0,0,0,0,0
1779747344938,11295,12174,-3977,-184,1056,1173,running,0.00,0,0,0,0,0
1779747344938,9775,12706,-4279,11,856,1393,running,0.00,0,0,0,0,0
1779747344944,8941,12401,-3813,238,559,1636,running,0.00,0,0,0,0,0
1779747344962,7871,11940,-3322,397,413,1934,running,0.00,0,0,0,0,0
1779747344963,6436,11630,-2583,624,308,2138,running,0.00,0,0,0,0,0
1779747344963,6299,11350,-1639,814,243,2245,running,0.00,0,0,0,0,0
1779747345001,6319,12271,-977,795,110,2385,running,0.00,0,0,0,0,0
1779747345002,4601,14169,687,763,-104,2544,running,0.00,0,0,0,0,0
1779747345002,3289,16513,1889,832,-186,2768,running,0.00,0,0,0,0,0
1779747345019,2555,19300,2248,858,-389,3128,running,0.00,0,0,0,0,0
1779747345020,917,22280,3190,863,-729,3518,running,0.00,0,0,0,0,0
1779747345022,106,25320,4659,862,-1047,3860,running,0.00,0,0,0,0,0
1779747345053,-350,30057,6774,1065,-1442,4161,running,0.00,0,0,0,0,0
1779747345060,-2395,32767,9019,1368,-1755,4305,running,0.00,0,0,0,0,0
1779747345060,-4405,32767,8587,1368,-2012,4268,running,0.00,0,0,0,0,0
1779747345079,-11390,32707,9565,1478,-2360,4344,running,0.00,0,0,0,0,0
1779747345080,-21599,32767,10181,1359,-2371,4305,running,0.00,0,0,0,0,0
1779747345080,-29640,32767,13341,1554,-2360,4138,running,0.00,0,0,0,0,0
1779747345109,-32768,32766,18023,1683,-2230,4091,running,0.00,0,0,0,0,0
1779747345110,-32768,32767,21098,1787,-2153,4112,running,0.00,0,0,0,0,0
1779747345110,-32689,32767,23131,1780,-2206,4082,running,0.00,0,0,0,0,0
1779747345139,-32768,31023,20756,1299,-2388,3666,running,0.00,0,0,0,0,0
1779747345139,-31940,22726,14899,601,-2644,3283,running,0.00,0,0,0,0,0
1779747345140,-23961,18852,8269,-109,-2748,3828,running,0.00,0,0,0,0,0
1779747345169,-19178,24227,6358,-556,-3137,4967,running,0.00,0,0,0,0,0
1779747345170,-20163,24996,6681,216,-3418,5091,running,0.00,0,0,0,0,0
1779747345171,-18872,21037,2293,1397,-3420,4392,running,0.00,0,0,0,0,0
1779747345201,-25458,8355,3260,1524,-3553,3052,running,0.00,0,0,0,0,0
1779747345201,-17939,4037,-2073,1447,-3314,1893,running,0.00,0,0,0,0,0
1779747345202,-11342,-5433,-1662,729,-3933,879,running,0.00,0,0,0,0,0
1779747345229,-9215,-3071,896,1002,-3984,1109,running,0.00,0,0,0,0,0
1779747345229,-11314,3125,-510,2315,-3593,1646,running,0.00,0,0,0,0,0
1779747345230,-10190,-1218,-1299,2901,-3436,1367,running,0.00,0,0,0,0,0
1779747345259,-9604,-6444,-141,3164,-3528,683,running,0.00,0,0,0,0,0
1779747345260,-11070,-11134,2316,3459,-3354,57,running,0.00,0,0,0,0,0
1779747345260,-11747,-14897,2531,3470,-3209,-164,running,0.00,0,0,0,0,0
1779747345289,-13149,-19121,3654,2942,-3110,-224,running,0.00,0,0,0,0,0
1779747345291,-15658,-20589,5641,2305,-2881,-224,running,0.00,0,0,0,0,0
1779747345291,-17217,-21144,5617,1713,-2495,-381,running,0.00,0,0,0,0,0
1779747345319,-16644,-19690,5296,865,-2206,-837,running,0.00,0,0,0,0,0
1779747345319,-15370,-19222,5094,245,-1955,-1748,running,0.00,0,0,0,0,0
1779747345320,-15145,-16326,5159,-343,-1604,-2368,running,0.00,0,0,0,0,0
1779747345349,-14949,-11584,5643,-631,-1074,-2587,running,0.00,0,0,0,0,0
1779747345349,-15317,-8127,5985,-600,-485,-2750,running,0.00,0,0,0,0,0
1779747345349,-14767,-8249,6242,-670,120,-3063,running,0.00,0,0,0,0,0
1779747345380,-12292,-6848,4929,-731,667,-3214,running,0.00,0,0,0,0,0
1779747345380,-14914,-1991,5151,-515,1021,-3310,running,0.00,0,0,0,0,0
1779747345381,-16244,353,7658,-119,1469,-3394,running,0.00,0,0,0,0,0
1779747345412,-15979,791,6148,-134,2017,-3335,running,0.00,0,0,0,0,0
1779747345413,-16776,2947,6463,-160,2328,-3339,running,0.00,0,0,0,0,0
1779747345413,-18468,6687,7682,-141,2631,-3625,running,0.00,0,0,0,0,0
1779747345447,-18179,12409,8507,-288,2753,-3558,running,0.00,0,0,0,0,0
1779747345448,-25898,28058,11236,-829,3220,-3767,running,0.00,0,0,0,0,0
1779747345449,-23587,27603,9580,-2214,3254,-5055,running,0.00,0,0,0,0,0
1779747345470,-24284,32608,6000,-3195,2540,-5305,running,0.00,0,0,0,0,0
1779747345472,-32768,32767,8868,-2432,2482,-5105,running,0.00,0,0,0,0,0
1779747345473,-32768,32677,699,-2975,2434,-4452,running,0.00,0,0,0,0,0
1779747345514,-32458,32752,-219,-4132,1457,-3823,running,0.00,0,0,0,0,0
1779747345515,-29801,32767,435,-4920,1051,-3339,running,0.00,0,0,0,0,0
1779747345516,-23259,32766,1074,-5150,1045,-2628,running,0.00,0,0,0,0,0
1779747345531,-17385,32766,99,-4688,1017,-1930,running,0.00,0,0,0,0,0
1779747345532,-15842,32767,1686,-4057,920,-1528,running,0.00,0,0,0,0,0
1779747345532,-9244,32767,591,-3795,922,-1526,running,0.00,0,0,0,0,0
1779747345562,-5615,32506,1431,-3616,766,-1484,running,0.00,0,0,0,0,0
1779747345563,-3216,31819,434,-3139,891,-1337,running,0.00,0,0,0,0,0
1779747345567,3517,29945,-763,-2430,864,-1024,running,0.00,0,0,0,0,0
1779747345590,3821,22770,-2496,-1988,594,-332,running,0.00,0,0,0,0,0
1779747345592,4614,19394,-3117,-2005,420,-82,running,0.00,0,0,0,0,0
1779747345593,2946,19095,-5170,-1743,469,211,running,0.00,0,0,0,0,0
1779747345621,6994,17694,-8322,-1218,493,300,running,0.00,0,0,0,0,0
1779747345622,6778,15519,-7818,-799,222,572,running,0.00,0,0,0,0,0
1779747345622,5556,10788,-7899,-388,236,742,running,0.00,0,0,0,0,0
1779747345654,10680,7269,-7928,-183,315,609,running,0.00,0,0,0,0,0
1779747345655,13607,5834,-7233,-200,200,690,running,0.00,0,0,0,0,0
1779747345655,13091,8198,-8070,-198,249,855,running,0.00,0,0,0,0,0
1779747345682,13975,7367,-6871,-57,-37,1029,running,0.00,0,0,0,0,0
1779747345683,12278,5913,-6182,-57,-152,1188,running,0.00,0,0,0,0,0
1779747345684,10814,3932,-4586,145,-103,1201,running,0.00,0,0,0,0,0
1779747345711,11580,5416,-5376,357,-63,1475,running,0.00,0,0,0,0,0
1779747345712,8524,4436,-3244,568,-218,1750,running,0.00,0,0,0,0,0
1779747345713,7825,4606,-2522,578,-116,1798,running,0.00,0,0,0,0,0
1779747345742,8512,6588,-2485,688,-157,1731,running,0.00,0,0,0,0,0
1779747345742,6816,8827,-1665,902,-350,1745,running,0.00,0,0,0,0,0
1779747345743,4425,9965,-990,1099,-461,1743,running,0.00,0,0,0,0,0
1779747345772,3512,12171,-677,1328,-515,1659,running,0.00,0,0,0,0,0
1779747345781,2880,14399,489,1689,-621,1473,running,0.00,0,0,0,0,0
1779747345782,2756,17357,2058,1944,-752,1470,running,0.00,0,0,0,0,0
1779747345802,3248,19023,3975,2020,-986,1792,running,0.00,0,0,0,0,0
1779747345803,1198,24393,7201,2060,-1335,2373,running,0.00,0,0,0,0,0
1779747345804,-261,30205,9473,1943,-1850,2519,running,0.00,0,0,0,0,0
1779747345837,-1628,32767,8937,1734,-2288,2826,running,0.00,0,0,0,0,0
1779747345838,-5602,32767,8611,1427,-2681,3199,running,0.00,0,0,0,0,0
1779747345838,-12992,32704,10973,1373,-2967,3179,running,0.00,0,0,0,0,0
1779747345861,-22053,32767,13116,1712,-2799,2969,running,0.00,0,0,0,0,0
1779747345862,-30130,32767,14976,1839,-2553,3053,running,0.00,0,0,0,0,0
1779747345863,-32768,32766,17206,1866,-2535,3506,running,0.00,0,0,0,0,0
1779747345893,-32768,32767,17676,2037,-2474,3904,running,0.00,0,0,0,0,0
1779747345894,-31248,32767,15468,2008,-2388,3969,running,0.00,0,0,0,0,0
1779747345895,-23322,32504,11068,1446,-2508,3834,running,0.00,0,0,0,0,0
1779747345922,-16656,28781,8214,630,-2858,3515,running,0.00,0,0,0,0,0
1779747345924,-14654,23620,6822,-86,-3270,3141,running,0.00,0,0,0,0,0
1779747345928,-14078,17952,6428,-426,-3582,2729,running,0.00,0,0,0,0,0
1779747345954,-13650,13573,5135,-481,-3740,2365,running,0.00,0,0,0,0,0
1779747345955,-12442,12403,3071,-275,-3784,1950,running,0.00,0,0,0,0,0
1779747345956,-10388,9602,2011,86,-3775,1387,running,0.00,0,0,0,0,0
1779747345984,-6940,5177,1280,465,-3688,838,running,0.00,0,0,0,0,0
1779747345985,-5694,1487,380,612,-3662,454,running,0.00,0,0,0,0,0
1779747345985,-7572,1159,2428,910,-3510,263,running,0.00,0,0,0,0,0
1779747346014,-7187,-4362,2430,1377,-3137,14,running,0.00,0,0,0,0,0
1779747346015,-7066,-4790,2568,1446,-2946,-176,running,0.00,0,0,0,0,0
1779747346015,-3828,-6145,387,1767,-2790,-167,running,0.00,0,0,0,0,0
1779747346042,-4512,-9951,2081,1575,-3031,-322,running,0.00,0,0,0,0,0
1779747346042,-9501,-11358,3173,1444,-2929,-568,running,0.00,0,0,0,0,0
1779747346043,-9560,-13161,2409,1417,-2633,-891,running,0.00,0,0,0,0,0
1779747346072,-8705,-13764,1977,1323,-2424,-1052,running,0.00,0,0,0,0,0
1779747346073,-9540,-14028,2013,1159,-2179,-1198,running,0.00,0,0,0,0,0
1779747346075,-10905,-11761,2529,932,-2082,-1415,running,0.00,0,0,0,0,0
1779747346102,-10244,-11910,2575,868,-2169,-1643,running,0.00,0,0,0,0,0
1779747346103,-13195,-12093,5808,728,-1683,-1777,running,0.00,0,0,0,0,0
1779747346103,-7619,-10268,2310,588,-1313,-2053,running,0.00,0,0,0,0,0
1779747346137,-12675,-7716,5089,691,-1516,-2124,running,0.00,0,0,0,0,0
1779747346138,-12681,-6030,6543,820,-856,-2262,running,0.00,0,0,0,0,0
1779747346139,-13098,-2917,4997,866,-118,-2493,running,0.00,0,0,0,0,0
1779747346160,-14565,-947,5771,1053,357,-2809,running,0.00,0,0,0,0,0
1779747346161,-19504,-4422,12731,1216,1229,-2909,running,0.00,0,0,0,0,0
1779747346161,-15497,4666,3465,464,3788,-2448,running,0.00,0,0,0,0,0
1779747346191,-7906,9741,425,918,2828,-2816,running,0.00,0,0,0,0,0
1779747346191,-17678,8907,9114,495,2051,-3180,running,0.00,0,0,0,0,0
1779747346192,-22442,15324,10813,-60,2881,-3003,running,0.00,0,0,0,0,0
1779747346220,-24372,21703,11104,-1086,3180,-3171,running,0.00,0,0,0,0,0
1779747346221,-26322,30750,5036,-2554,2901,-3737,running,0.00,0,0,0,0,0
1779747346221,-31083,32767,7082,-3539,2453,-4128,running,0.00,0,0,0,0,0
1779747346252,-32768,32767,4901,-4127,2248,-3717,running,0.00,0,0,0,0,0
1779747346254,-32750,32740,828,-4929,1714,-3176,running,0.00,0,0,0,0,0
1779747346255,-32636,32767,-584,-5365,1234,-2651,running,0.00,0,0,0,0,0
1779747346283,-29079,32767,-2326,-4902,1021,-2041,running,0.00,0,0,0,0,0
1779747346288,-25491,32766,-2187,-3984,831,-1470,running,0.00,0,0,0,0,0
1779747346289,-22522,32767,-3590,-3218,835,-1270,running,0.00,0,0,0,0,0
1779747346314,-20149,32767,-2960,-2310,813,-976,running,0.00,0,0,0,0,0
1779747346314,-12172,32161,-4772,-1411,831,-805,running,0.00,0,0,0,0,0
1779747346315,-7383,27439,-3293,-874,695,-827,running,0.00,0,0,0,0,0
1779747346346,-3381,24310,-3736,-931,602,-959,running,0.00,0,0,0,0,0
1779747346347,1862,22135,-2799,-1077,570,-941,running,0.00,0,0,0,0,0
1779747346348,3376,20507,-3488,-1250,549,-737,running,0.00,0,0,0,0,0
1779747346376,2720,18529,-2263,-1786,343,-818,running,0.00,0,0,0,0,0
1779747346376,936,18549,-2815,-1803,528,-517,running,0.00,0,0,0,0,0
1779747346377,-1999,16456,-2966,-1782,569,-202,running,0.00,0,0,0,0,0
1779747346404,1396,15519,-4912,-1459,778,100,running,0.00,0,0,0,0,0
1779747346405,2494,12585,-5383,-1342,736,126,running,0.00,0,0,0,0,0
1779747346406,3304,10894,-6115,-1728,640,-283,running,0.00,0,0,0,0,0
1779747346432,2422,5832,-6625,-2189,615,-1022,running,0.00,0,0,0,0,0
1779747346433,13303,4881,-8078,-2452,266,-1094,running,0.00,0,0,0,0,0
1779747346434,11383,7884,-6033,-1857,5,448,running,0.00,0,0,0,0,0
1779747346470,7145,7713,-5486,-1243,224,1303,running,0.00,0,0,0,0,0
1779747346471,11729,4896,-6793,-550,291,1317,running,0.00,0,0,0,0,0
1779747346472,12485,7194,-8354,-526,207,1205,running,0.00,0,0,0,0,0
1779747346492,9047,13352,-7806,-32,30,1346,running,0.00,0,0,0,0,0
1779747346493,6346,6041,-6709,956,364,1554,running,0.00,0,0,0,0,0
1779747346493,13945,-306,-8332,1173,298,1589,running,0.00,0,0,0,0,0
1779747346522,8715,5332,-6923,799,-106,1714,running,0.00,0,0,0,0,0
1779747346523,6318,5679,-4282,1069,3,1650,running,0.00,0,0,0,0,0
1779747346523,8546,4195,-5682,1229,134,1676,running,0.00,0,0,0,0,0
1779747346553,8579,7318,-4636,923,0,1797,running,0.00,0,0,0,0,0
1779747346553,8634,9045,-3180,1499,-203,1837,running,0.00,0,0,0,0,0
1779747346557,10907,8238,-2965,1704,-376,1854,running,0.00,0,0,0,0,0
1779747346583,9524,8418,-677,1500,-791,1940,running,0.00,0,0,0,0,0
1779747346584,8454,13395,769,1346,-981,2024,running,0.00,0,0,0,0,0
1779747346585,7669,18145,2463,1456,-1228,1956,running,0.00,0,0,0,0,0
1779747346612,5980,22790,5402,1430,-1493,1908,running,0.00,0,0,0,0,0
1779747346612,5567,30596,6707,1557,-1699,2002,running,0.00,0,0,0,0,0
1779747346613,4560,32767,6142,1937,-1912,2229,running,0.00,0,0,0,0,0
1779747346643,448,32740,5798,2415,-2173,2366,running,0.00,0,0,0,0,0
1779747346643,-6790,32704,7926,2733,-2382,2376,running,0.00,0,0,0,0,0
1779747346644,-16505,32767,12222,3028,-2349,2348,running,0.00,0,0,0,0,0
1779747346672,-25482,32767,14679,3129,-2175,2419,running,0.00,0,0,0,0,0
1779747346673,-32311,32767,17505,3423,-1891,3785,running,0.00,0,0,0,0,0
1779747346674,-32768,32767,15244,3244,-1786,4087,running,0.00,0,0,0,0,0
1779747346706,-29134,30790,12499,2161,-1939,3927,running,0.00,0,0,0,0,0
1779747346707,-22441,24749,10939,794,-2183,3779,running,0.00,0,0,0,0,0
1779747346708,-19011,22611,8287,-355,-2421,3621,running,0.00,0,0,0,0,0
1779747346733,-17597,20584,6439,-978,-2632,3279,running,0.00,0,0,0,0,0
1779747346737,-17626,19223,4605,-1191,-2758,2898,running,0.00,0,0,0,0,0
1779747346739,-17076,15408,3202,-1065,-2842,2372,running,0.00,0,0,0,0,0
1779747346768,-17711,12051,1875,-709,-2780,1881,running,0.00,0,0,0,0,0
1779747346769,-15622,6805,748,-335,-2642,1363,running,0.00,0,0,0,0,0
1779747346771,-16079,3002,545,-170,-2521,961,running,0.00,0,0,0,0,0
1779747346791,-11912,1388,-96,293,-2396,670,running,0.00,0,0,0,0,0
1779747346792,-9080,-2667,-133,590,-2236,534,running,0.00,0,0,0,0,0
1779747346797,-14247,-1607,2802,642,-1988,244,running,0.00,0,0,0,0,0
1779747346822,-13625,-8264,86,1319,-1520,-42,running,0.00,0,0,0,0,0
1779747346824,-11093,-10474,-1251,904,-1593,-132,running,0.00,0,0,0,0,0
1779747346825,-13656,-9523,2146,935,-1639,-383,running,0.00,0,0,0,0,0
1779747346852,-13838,-10613,1276,1077,-1331,-483,running,0.00,0,0,0,0,0
1779747346856,-14662,-13238,-251,1087,-1474,-640,running,0.00,0,0,0,0,0
1779747346857,-14818,-13675,-6,866,-1509,-1008,running,0.00,0,0,0,0,0
1779747346882,-14186,-14526,1963,626,-1185,-1374,running,0.00,0,0,0,0,0
1779747346883,-11760,-12102,311,176,-465,-1484,running,0.00,0,0,0,0,0
1779747346884,-11219,-10677,-1117,-6,-517,-1619,running,0.00,0,0,0,0,0
1779747346913,-14927,-6979,1138,114,-889,-1824,running,0.00,0,0,0,0,0
1779747346914,-13049,-2586,4034,130,-77,-2225,running,0.00,0,0,0,0,0
1779747346914,-12152,-1602,670,87,616,-2700,running,0.00,0,0,0,0,0
1779747346942,-16502,762,5482,229,883,-2896,running,0.00,0,0,0,0,0
1779747346943,-14940,4581,5836,-151,1443,-3056,running,0.00,0,0,0,0,0
1779747346944,-14119,8619,5129,-681,1839,-3186,running,0.00,0,0,0,0,0
1779747346974,-14323,13072,3741,-924,2205,-3292,running,0.00,0,0,0,0,0
1779747346975,-15658,18925,4541,-963,2315,-3344,running,0.00,0,0,0,0,0
1779747346976,-16608,23705,6339,-1066,2625,-3465,running,0.00,0,0,0,0,0
1779747347003,-18412,27673,5101,-1294,2855,-3452,running,0.00,0,0,0,0,0
1779747347004,-19307,32767,4385,-958,3132,-2969,running,0.00,0,0,0,0,0
1779747347005,-17369,32767,1321,-478,2941,-2991,running,0.00,0,0,0,0,0
1779747347039,-15495,32623,5785,-902,2473,-3005,running,0.00,0,0,0,0,0
1779747347040,-17917,32767,1846,-1794,2529,-2447,running,0.00,0,0,0,0,0
1779747347040,-17983,32767,250,-2632,2432,-1958,running,0.00,0,0,0,0,0
1779747347075,-13486,32764,-1734,-2955,2364,-1770,running,0.00,0,0,0,0,0
1779747347077,-9471,32767,-1238,-2960,2111,-1648,running,0.00,0,0,0,0,0
1779747347078,-6538,32767,-1556,-2791,2041,-1440,running,0.00,0,0,0,0,0
1779747347093,-3918,32767,-2472,-2563,1961,-1309,running,0.00,0,0,0,0,0
1779747347094,-2172,32767,-2620,-2452,1751,-1263,running,0.00,0,0,0,0,0
1779747347095,-871,32418,-3068,-2350,1549,-1164,running,0.00,0,0,0,0,0
1779747347122,-795,30729,-3069,-2290,1318,-1073,running,0.00,0,0,0,0,0
1779747347123,-119,28794,-3335,-2167,1133,-980,running,0.00,0,0,0,0,0
1779747347124,1952,26496,-4686,-1977,931,-804,running,0.00,0,0,0,0,0
1779747347153,1825,24292,-5369,-1818,668,-707,running,0.00,0,0,0,0,0
1779747347153,5211,20263,-6249,-1611,449,-621,running,0.00,0,0,0,0,0
1779747347154,3607,18703,-5883,-1591,281,-386,running,0.00,0,0,0,0,0
1779747347182,3921,16562,-7590,-1345,359,-323,running,0.00,0,0,0,0,0
1779747347188,7031,15689,-9979,-1061,297,-193,running,0.00,0,0,0,0,0
1779747347189,8395,12825,-9879,-789,-76,-109,running,0.00,0,0,0,0,0
1779747347214,9426,10938,-9996,-698,-287,-25,running,0.00,0,0,0,0,0
1779747347215,9686,11062,-10305,-460,-340,231,running,0.00,0,0,0,0,0
1779747347215,10889,10457,-10350,-93,-201,445,running,0.00,0,0,0,0,0
1779747347241,10782,10389,-9542,512,-111,719,running,0.00,0,0,0,0,0
1779747347242,10723,9479,-8936,1114,-193,1067,running,0.00,0,0,0,0,0
1779747347243,13188,9344,-9415,1330,-214,1223,running,0.00,0,0,0,0,0
1779747347273,11794,8027,-7913,1541,-432,1237,running,0.00,0,0,0,0,0
1779747347275,10509,6167,-6547,1592,-670,1305,running,0.00,0,0,0,0,0
1779747347276,9131,7025,-5353,1611,-821,1488,running,0.00,0,0,0,0,0
1779747347303,8827,7209,-4719,1668,-891,1653,running,0.00,0,0,0,0,0
1779747347305,9388,7425,-3601,1682,-1069,1859,running,0.00,0,0,0,0,0
1779747347306,9379,9759,-2521,1768,-1216,2048,running,0.00,0,0,0,0,0
1779747347332,9205,11452,-614,1879,-1342,2125,running,0.00,0,0,0,0,0
1779747347333,10386,14551,10,1983,-1539,2276,running,0.00,0,0,0,0,0
1779747347334,9022,16883,2872,2397,-1780,2589,running,0.00,0,0,0,0,0
1779747347363,6708,19286,5571,2379,-2011,2842,running,0.00,0,0,0,0,0
1779747347375,6329,23500,6851,2249,-2332,2706,running,0.00,0,0,0,0,0
1779747347376,9963,29759,5869,2300,-2488,2696,running,0.00,0,0,0,0,0
1779747347391,10959,32767,5348,2554,-2589,2825,running,0.00,0,0,0,0,0
1779747347392,4325,32767,7092,3153,-2612,2676,running,0.00,0,0,0,0,0
1779747347393,-7565,32692,9490,3310,-2452,2189,running,0.00,0,0,0,0,0
1779747347420,-15881,32767,9023,2852,-2440,1749,running,0.00,0,0,0,0,0
1779747347421,-18086,32767,14600,2387,-2744,1353,running,0.00,0,0,0,0,0
1779747347423,-20741,32765,15343,2299,-2604,2217,running,0.00,0,0,0,0,0
1779747347451,-21369,32767,14684,2924,-2081,3740,running,0.00,0,0,0,0,0
1779747347452,-21568,32497,15103,2705,-2113,3544,running,0.00,0,0,0,0,0
1779747347453,-16675,29702,10289,1591,-2207,3302,running,0.00,0,0,0,0,0
1779747347487,-14545,26367,8653,77,-2769,3245,running,0.00,0,0,0,0,0
1779747347488,-16993,25952,6959,-894,-3121,2969,running,0.00,0,0,0,0,0
1779747347489,-18336,26801,3911,-1429,-3344,2421,running,0.00,0,0,0,0,0
1779747347513,-18181,24913,1655,-1465,-3558,1893,running,0.00,0,0,0,0,0
1779747347515,-18367,21877,1008,-1140,-3689,1565,running,0.00,0,0,0,0,0
1779747347516,-18339,17431,1440,-668,-3697,1291,running,0.00,0,0,0,0,0
1779747347545,-18165,13597,1049,-202,-3583,1052,running,0.00,0,0,0,0,0
1779747347546,-17484,9484,301,276,-3436,863,running,0.00,0,0,0,0,0
1779747347547,-17023,4309,866,570,-3337,744,running,0.00,0,0,0,0,0
1779747347577,-17405,-596,318,522,-3191,702,running,0.00,0,0,0,0,0
1779747347578,-16797,330,282,594,-3029,593,running,0.00,0,0,0,0,0
1779747347578,-16163,-1829,621,805,-2830,464,running,0.00,0,0,0,0,0
1779747347600,-16122,-982,905,934,-2615,292,running,0.00,0,0,0,0,0
1779747347601,-15642,-4979,1055,1116,-2397,11,running,0.00,0,0,0,0,0
1779747347601,-14185,-8123,158,778,-2143,-169,running,0.00,0,0,0,0,0
1779747347634,-15522,-8045,-384,491,-1902,-280,running,0.00,0,0,0,0,0
1779747347635,-14117,-5978,-633,395,-1584,-493,running,0.00,0,0,0,0,0
1779747347637,-12030,-7272,-1803,280,-1750,-636,running,0.00,0,0,0,0,0
1779747347663,-14965,-4720,261,260,-1444,-734,running,0.00,0,0,0,0,0
1779747347665,-11741,-5219,1066,90,-448,-1058,running,0.00,0,0,0,0,0
1779747347665,-9890,-4583,-75,-122,101,-1303,running,0.00,0,0,0,0,0
1779747347704,-8891,-7690,417,-247,137,-1581,running,0.00,0,0,0,0,0
1779747347705,-10500,-5404,1927,-350,68,-1555,running,0.00,0,0,0,0,0
1779747347706,-10916,-1653,3704,-356,700,-1797,running,0.00,0,0,0,0,0
1779747347723,-10565,-2882,4696,-579,1130,-2104,running,0.00,0,0,0,0,0
1779747347723,-10189,-1777,5486,-883,2019,-2070,running,0.00,0,0,0,0,0
1779747347724,-2806,3341,-3888,-747,1937,-2263,running,0.00,0,0,0,0,0
1779747347753,-11757,1226,6176,-961,1378,-2381,running,0.00,0,0,0,0,0
1779747347754,-10092,8049,5816,-1296,2958,-2868,running,0.00,0,0,0,0,0
1779747347755,-7995,10873,7476,-1675,2833,-3001,running,0.00,0,0,0,0,0
1779747347784,-8333,15109,9244,-2193,2540,-2994,running,0.00,0,0,0,0,0
1779747347785,-9241,19032,8339,-2864,2340,-3051,running,0.00,0,0,0,0,0
1779747347787,-12799,27038,5653,-3533,2198,-3050,running,0.00,0,0,0,0,0
1779747347813,-17815,32767,2825,-4029,1965,-3128,running,0.00,0,0,0,0,0
1779747347814,-21415,32767,4092,-4280,1519,-3092,running,0.00,0,0,0,0,0
1779747347815,-24460,32637,6163,-4194,1348,-2755,running,0.00,0,0,0,0,0
1779747347843,-22940,32767,5379,-3819,1367,-2486,running,0.00,0,0,0,0,0
1779747347844,-18155,32767,4183,-3269,1272,-2352,running,0.00,0,0,0,0,0
1779747347845,-13674,32764,2473,-2782,1076,-2219,running,0.00,0,0,0,0,0
1779747347876,-13709,32767,1526,-2481,852,-2041,running,0.00,0,0,0,0,0
1779747347877,-9337,32767,-1496,-2114,767,-1960,running,0.00,0,0,0,0,0
1779747347877,-6057,32767,-2557,-1929,415,-1719,running,0.00,0,0,0,0,0
1779747347902,-5985,32666,-4289,-1774,323,-1522,running,0.00,0,0,0,0,0
1779747347903,-2055,30312,-6014,-1671,123,-1429,running,0.00,0,0,0,0,0
1779747347904,40,25689,-7329,-1758,-153,-1145,running,0.00,0,0,0,0,0
1779747347933,-256,22539,-7712,-1486,-91,-778,running,0.00,0,0,0,0,0
1779747347937,-271,19125,-7429,-1413,-217,-603,running,0.00,0,0,0,0,0
1779747347937,-3886,18513,-6277,-1596,-254,-633,running,0.00,0,0,0,0,0
1779747347961,-4876,17607,-5744,-1144,202,-873,running,0.00,0,0,0,0,0
1779747347962,-1675,11832,-6842,-903,382,-1657,running,0.00,0,0,0,0,0
1779747347963,4101,8639,-6999,-903,242,-1559,running,0.00,0,0,0,0,0
1779747347995,7053,6298,-6495,-751,-97,-719,running,0.00,0,0,0,0,0
1779747347996,7533,7825,-5038,-351,-49,440,running,0.00,0,0,0,0,0
1779747347997,7170,9105,-6862,48,226,923,running,0.00,0,0,0,0,0
1779747348030,7141,6451,-5845,388,141,856,running,0.00,0,0,0,0,0
1779747348031,10101,5143,-6412,447,172,886,running,0.00,0,0,0,0,0
1779747348031,11252,3653,-6123,327,-9,1034,running,0.00,0,0,0,0,0
1779747348054,8536,4603,-4639,325,-40,1276,running,0.00,0,0,0,0,0
1779747348057,7802,6721,-3840,573,87,1421,running,0.00,0,0,0,0,0
1779747348057,7999,7528,-2911,840,118,1488,running,0.00,0,0,0,0,0
1779747348083,6138,5887,-986,869,160,1537,running,0.00,0,0,0,0,0
1779747348084,8294,12343,-3249,750,200,1455,running,0.00,0,0,0,0,0
1779747348085,8924,12727,-571,1839,-152,1521,running,0.00,0,0,0,0,0
1779747348113,5145,11375,1335,1934,-336,1941,running,0.00,0,0,0,0,0
1779747348114,3974,12554,1850,1480,-383,1991,running,0.00,0,0,0,0,0
1779747348114,5255,15078,609,1093,-651,2043,running,0.00,0,0,0,0,0
1779747348143,1967,20103,3680,643,-1008,2298,running,0.00,0,0,0,0,0
1779747348143,1839,28962,1708,249,-1175,2530,running,0.00,0,0,0,0,0
1779747348144,1461,32767,872,141,-1786,2556,running,0.00,0,0,0,0,0
1779747348173,-1515,32767,561,311,-2325,2616,running,0.00,0,0,0,0,0
1779747348173,-5821,32674,292,713,-2585,2471,running,0.00,0,0,0,0,0
1779747348174,-12829,32767,810,957,-2670,2090,running,0.00,0,0,0,0,0
1779747348203,-18723,32767,1458,1676,-2757,1699,running,0.00,0,0,0,0,0
1779747348203,-24055,32765,6033,3067,-2805,2207,running,0.00,0,0,0,0,0
1779747348204,-29184,32767,8036,4548,-2370,3353,running,0.00,0,0,0,0,0
1779747348233,-32058,32767,7298,4995,-2122,3713,running,0.00,0,0,0,0,0
1779747348234,-31483,32767,6800,4564,-2164,3738,running,0.00,0,0,0,0,0
1779747348235,-28546,30699,7561,3817,-2222,3764,running,0.00,0,0,0,0,0
1779747348262,-25794,25409,6879,3012,-2145,3716,running,0.00,0,0,0,0,0
1779747348264,-20046,21333,4453,2096,-2210,3340,running,0.00,0,0,0,0,0
1779747348269,-14363,16944,3862,1105,-2476,2824,running,0.00,0,0,0,0,0
1779747348292,-12408,14347,3923,286,-2665,2494,running,0.00,0,0,0,0,0
1779747348292,-13031,19358,892,138,-2687,2083,running,0.00,0,0,0,0,0
1779747348293,-8333,13451,478,700,-2771,1381,running,0.00,0,0,0,0,0
1779747348324,-8331,7742,1662,1007,-2796,1213,running,0.00,0,0,0,0,0
1779747348326,-8097,6072,2192,1057,-2634,1117,running,0.00,0,0,0,0,0
1779747348326,-7091,4224,2023,975,-2533,842,running,0.00,0,0,0,0,0
1779747348356,-6711,2659,3531,1012,-2400,549,running,0.00,0,0,0,0,0
1779747348357,-4623,92,4755,1042,-2217,311,running,0.00,0,0,0,0,0
1779747348358,-6916,-3212,5007,1137,-2138,284,running,0.00,0,0,0,0,0
1779747348381,-9178,-5442,6088,1159,-2034,276,running,0.00,0,0,0,0,0
1779747348382,-13304,-3189,6394,1374,-1939,10,running,0.00,0,0,0,0,0
1779747348383,-9784,-9831,9273,1764,-2217,-307,running,0.00,0,0,0,0,0
1779747348412,-17012,-10428,12111,1398,-1469,-283,running,0.00,0,0,0,0,0
1779747348413,-12689,-12379,11328,1138,-704,-565,running,0.00,0,0,0,0,0
1779747348414,-12435,-14527,12350,705,-532,-711,running,0.00,0,0,0,0,0
1779747348441,-13053,-13032,12912,229,-288,-844,running,0.00,0,0,0,0,0
1779747348442,-13264,-12027,13212,-106,-68,-1085,running,0.00,0,0,0,0,0
1779747348443,-12910,-10745,13592,-412,256,-1395,running,0.00,0,0,0,0,0
1779747348474,-12935,-8944,12974,-672,672,-1789,running,0.00,0,0,0,0,0
1779747348475,-13666,-7324,12299,-891,998,-2227,running,0.00,0,0,0,0,0
1779747348477,-14568,-6101,12292,-1098,1320,-2607,running,0.00,0,0,0,0,0
1779747348507,-14643,-5567,11648,-1315,1608,-2962,running,0.00,0,0,0,0,0
1779747348509,-15540,-4936,10807,-1426,1812,-3138,running,0.00,0,0,0,0,0
1779747348510,-17221,-3725,9075,-1345,2069,-3138,running,0.00,0,0,0,0,0
1779747348532,-18624,-2676,7806,-1364,2206,-3366,running,0.00,0,0,0,0,0
1779747348533,-19158,-1526,7771,-1609,2350,-3843,running,0.00,0,0,0,0,0
1779747348533,-20229,1531,8634,-1985,2371,-4378,running,0.00,0,0,0,0,0
1779747348562,-22232,5746,10562,-2555,2127,-5018,running,0.00,0,0,0,0,0
1779747348566,-28796,20215,11144,-3329,2321,-5478,running,0.00,0,0,0,0,0
1779747348567,-32768,32767,5613,-4035,2578,-6214,running,0.00,0,0,0,0,0
1779747348592,-32768,32767,1316,-4129,1987,-6578,running,0.00,0,0,0,0,0
1779747348594,-32686,32475,550,-4640,1313,-5539,running,0.00,0,0,0,0,0
1779747348594,-32768,32767,-3243,-4819,1256,-4206,running,0.00,0,0,0,0,0
1779747348635,-32768,32767,56,-4891,1230,-3640,running,0.00,0,0,0,0,0
1779747348636,-32160,32761,-1594,-4364,1760,-3189,running,0.00,0,0,0,0,0
1779747348636,-21587,32767,-4522,-4069,1673,-2821,running,0.00,0,0,0,0,0
1779747348651,-9607,32767,-1105,-3828,1225,-2321,running,0.00,0,0,0,0,0
1779747348652,-12163,32767,699,-3535,1216,-2077,running,0.00,0,0,0,0,0
1779747348652,-6371,32767,-301,-3174,1349,-2221,running,0.00,0,0,0,0,0
1779747348681,-2304,31857,-76,-2991,1070,-1827,running,0.00,0,0,0,0,0
1779747348681,2503,28958,-386,-3247,730,-1422,running,0.00,0,0,0,0,0
1779747348688,9001,27150,-1708,-3364,561,-833,running,0.00,0,0,0,0,0
1779747348712,8377,25639,-3482,-3513,315,-240,running,0.00,0,0,0,0,0
1779747348712,6197,23183,-5646,-3151,301,82,running,0.00,0,0,0,0,0
1779747348713,7807,17660,-7380,-2926,134,97,running,0.00,0,0,0,0,0
1779747348747,10433,17637,-9368,-2814,-80,164,running,0.00,0,0,0,0,0
1779747348747,8411,15947,-9707,-2130,-32,385,running,0.00,0,0,0,0,0
1779747348748,9005,10249,-7785,-1378,23,749,running,0.00,0,0,0,0,0
1779747348772,13621,10929,-9476,-916,151,1048,running,0.00,0,0,0,0,0
1779747348773,13936,12021,-7892,-566,69,991,running,0.00,0,0,0,0,0
1779747348773,17565,11923,-7771,181,77,1275,running,0.00,0,0,0,0,0
1779747348804,15721,10709,-6133,965,66,1725,running,0.00,0,0,0,0,0
1779747348805,15490,9653,-6695,1473,101,1898,running,0.00,0,0,0,0,0
1779747348806,11796,6506,-4052,1788,-43,1828,running,0.00,0,0,0,0,0
1779747348830,10322,5879,-2898,2015,119,1934,running,0.00,0,0,0,0,0
1779747348831,11534,5322,-3679,1925,-50,1926,running,0.00,0,0,0,0,0
1779747348832,6720,7411,-1693,870,-249,1617,running,0.00,0,0,0,0,0
1779747348862,3265,14166,-764,847,-168,1792,running,0.00,0,0,0,0,0
1779747348863,2935,20493,-1927,1604,-116,1782,running,0.00,0,0,0,0,0
1779747348864,2755,19135,-457,2038,-364,1743,running,0.00,0,0,0,0,0
1779747348893,-583,19812,2572,1681,-506,1754,running,0.00,0,0,0,0,0
1779747348894,-4527,26002,3336,1805,-648,1892,running,0.00,0,0,0,0,0
1779747348899,-6639,30610,4764,1605,-1184,2021,running,0.00,0,0,0,0,0
1779747348922,-7649,30810,4687,908,-1650,2583,running,0.00,0,0,0,0,0
1779747348923,-8410,32767,3346,719,-1918,3810,running,0.00,0,0,0,0,0
1779747348923,-15949,32767,3672,737,-2378,4504,running,0.00,0,0,0,0,0
1779747348965,-22287,32723,3774,1225,-2459,4867,running,0.00,0,0,0,0,0
1779747348965,-31210,32767,6645,2331,-2125,5256,running,0.00,0,0,0,0,0
1779747348966,-32768,32767,7863,3399,-1552,5174,running,0.00,0,0,0,0,0
1779747348982,-32689,32766,10276,4140,-1123,5143,running,0.00,0,0,0,0,0
1779747348983,-32716,32767,11152,4569,-831,5359,running,0.00,0,0,0,0,0
1779747348984,-32768,32665,9432,4249,-752,5296,running,0.00,0,0,0,0,0
1779747349011,-31909,28319,8392,3399,-896,4939,running,0.00,0,0,0,0,0
1779747349012,-24535,22705,5750,2361,-1085,4673,running,0.00,0,0,0,0,0
1779747349013,-16867,18267,3478,1296,-1544,4341,running,0.00,0,0,0,0,0
1779747349044,-13823,13679,3847,254,-2126,3906,running,0.00,0,0,0,0,0
1779747349050,-12178,10262,3629,-388,-2541,3432,running,0.00,0,0,0,0,0
1779747349050,-10769,7116,2408,-783,-2836,2897,running,0.00,0,0,0,0,0
1779747349071,-10465,3370,2419,-997,-3070,2297,running,0.00,0,0,0,0,0
1779747349072,-7202,5706,-1485,-1083,-3146,1824,running,0.00,0,0,0,0,0
1779747349073,1292,7722,-3678,-325,-3367,1190,running,0.00,0,0,0,0,0
1779747349102,-2550,1314,1115,-74,-3666,560,running,0.00,0,0,0,0,0
1779747349103,-4517,-1707,2168,407,-3401,167,running,0.00,0,0,0,0,0
1779747349103,-2318,-7768,-655,495,-3239,-138,running,0.00,0,0,0,0,0
1779747349131,-3571,70,1152,374,-3331,-366,running,0.00,0,0,0,0,0
1779747349132,-5437,-2189,2458,1507,-3254,-718,running,0.00,0,0,0,0,0
1779747349135,-5756,-15451,6704,1678,-3030,-968,running,0.00,0,0,0,0,0
1779747349161,-2376,-13155,2222,1038,-2808,-834,running,0.00,0,0,0,0,0
1779747349163,-8044,-6657,4462,1132,-3963,-1223,running,0.00,0,0,0,0,0
1779747349164,-17355,-15507,14971,1270,-3823,-1996,running,0.00,0,0,0,0,0
1779747349195,-12632,-15906,8356,598,-1715,-2131,running,0.00,0,0,0,0,0
1779747349197,-10719,-13861,6525,396,-1669,-2370,running,0.00,0,0,0,0,0
1779747349198,-16261,-14769,8656,64,-1684,-2486,running,0.00,0,0,0,0,0
1779747349220,-18344,-13241,9385,-309,-1230,-2589,running,0.00,0,0,0,0,0
1779747349221,-16939,-10112,8848,-503,-654,-2828,running,0.00,0,0,0,0,0
1779747349221,-14992,-8616,8928,-562,-120,-3073,running,0.00,0,0,0,0,0
1779747349255,-13888,-6614,9298,-502,420,-3162,running,0.00,0,0,0,0,0
1779747349256,-13952,-4379,9236,-277,825,-3322,running,0.00,0,0,0,0,0
1779747349257,-14657,-4755,8146,-233,1014,-3576,running,0.00,0,0,0,0,0
1779747349281,-16056,-5468,7502,-403,1195,-3752,running,0.00,0,0,0,0,0
1779747349281,-17383,-2853,5831,-694,1450,-3991,running,0.00,0,0,0,0,0
1779747349282,-17981,63,3334,-1300,1581,-4394,running,0.00,0,0,0,0,0
1779747349313,-20734,11976,4359,-1790,1824,-4669,running,0.00,0,0,0,0,0
1779747349314,-24577,24506,3529,-1874,2283,-4995,running,0.00,0,0,0,0,0
1779747349314,-28850,32553,1926,-2136,2337,-5310,running,0.00,0,0,0,0,0
1779747349343,-28721,32767,-5895,-2389,1912,-5186,running,0.00,0,0,0,0,0
1779747349344,-32746,32673,-2798,-1908,1090,-4571,running,0.00,0,0,0,0,0
1779747349345,-32768,32750,-3774,-1958,1238,-4419,running,0.00,0,0,0,0,0
1779747349373,-32695,32767,-5184,-2517,1081,-3825,running,0.00,0,0,0,0,0
1779747349374,-32759,32766,-6359,-3158,1222,-2998,running,0.00,0,0,0,0,0
1779747349375,-32500,32766,-8929,-3136,1542,-2413,running,0.00,0,0,0,0,0
1779747349407,-25654,32767,-11063,-2807,1548,-2013,running,0.00,0,0,0,0,0
1779747349407,-17504,32767,-9792,-2454,1180,-1511,running,0.00,0,0,0,0,0
1779747349407,-10367,32644,-10238,-2123,930,-1137,running,0.00,0,0,0,0,0
1779747349430,-6315,30194,-10814,-1837,707,-951,running,0.00,0,0,0,0,0
1779747349431,-4844,25734,-10116,-1479,671,-984,running,0.00,0,0,0,0,0
1779747349431,-2169,23842,-10704,-1110,889,-1032,running,0.00,0,0,0,0,0
1779747349462,1339,19446,-10983,-944,789,-1275,running,0.00,0,0,0,0,0
1779747349462,7396,17227,-9588,-995,699,-793,running,0.00,0,0,0,0,0
1779747349463,6629,18964,-10381,-750,879,192,running,0.00,0,0,0,0,0
1779747349493,5293,19802,-10916,-333,683,334,running,0.00,0,0,0,0,0
1779747349493,2134,17435,-6669,-167,656,-237,running,0.00,0,0,0,0,0
1779747349494,6857,9890,-9134,-119,1045,-871,running,0.00,0,0,0,0,0
1779747349521,12607,7920,-7988,379,1126,282,running,0.00,0,0,0,0,0
1779747349522,10305,14936,-8829,1267,1166,1795,running,0.00,0,0,0,0,0
1779747349526,7325,12867,-6614,1963,1120,2024,running,0.00,0,0,0,0,0
1779747349553,14162,9067,-7206,2158,907,1446,running,0.00,0,0,0,0,0
1779747349554,13076,4532,-4198,1730,612,777,running,0.00,0,0,0,0,0
1779747349555,8718,1548,-2443,1131,618,815,running,0.00,0,0,0,0,0
1779747349582,13775,3523,-4937,938,918,1490,running,0.00,0,0,0,0,0
1779747349590,12149,8313,-4841,1662,581,2524,running,0.00,0,0,0,0,0
1779747349591,5063,7633,-1292,1860,484,2885,running,0.00,0,0,0,0,0
1779747349611,7269,9954,-2915,1977,663,2597,running,0.00,0,0,0,0,0
1779747349612,5368,11611,-3131,1971,617,2280,running,0.00,0,0,0,0,0
1779747349612,2177,16991,-3699,2145,645,2419,running,0.00,0,0,0,0,0
1779747349642,1699,20116,-3668,3021,538,2701,running,0.00,0,0,0,0,0
1779747349646,322,19052,-1944,3935,418,2911,running,0.00,0,0,0,0,0
1779747349647,-502,21021,-3299,4488,423,3061,running,0.00,0,0,0,0,0
1779747349675,-1435,24088,-3531,5065,373,3282,running,0.00,0,0,0,0,0
1779747349676,-5244,23696,-3200,5771,406,3559,running,0.00,0,0,0,0,0
1779747349677,-5700,27507,-6175,5933,566,3720,running,0.00,0,0,0,0,0
1779747349705,-5368,31969,-9334,5863,447,3750,running,0.00,0,0,0,0,0
1779747349706,-7289,32767,-14347,5855,245,3473,running,0.00,0,0,0,0,0
1779747349706,-15650,32743,-18722,5700,153,2844,running,0.00,0,0,0,0,0
1779747349730,-23153,32742,-23701,5494,417,2100,running,0.00,0,0,0,0,0
1779747349731,-27689,32767,-23704,5725,673,2164,running,0.00,0,0,0,0,0
1779747349733,-31080,32153,-19434,6483,759,3174,running,0.00,0,0,0,0,0
1779747349765,-31056,25067,-13915,6248,620,3606,running,0.00,0,0,0,0,0
1779747349766,-29949,12952,-9302,4964,341,3388,running,0.00,0,0,0,0,0
1779747349767,-26559,8660,-10684,2967,58,3176,running,0.00,0,0,0,0,0
1779747349792,-22528,11958,-14162,1243,-432,2942,running,0.00,0,0,0,0,0
1779747349793,-22148,15165,-15845,-199,-809,2678,running,0.00,0,0,0,0,0
1779747349796,-20234,15812,-15417,-994,-1172,2324,running,0.00,0,0,0,0,0
1779747349823,-18391,15125,-14150,-1288,-1394,2135,running,0.00,0,0,0,0,0
1779747349824,-16351,12685,-12765,-1289,-1591,1994,running,0.00,0,0,0,0,0
1779747349825,-16028,9720,-10855,-1357,-1759,1876,running,0.00,0,0,0,0,0
1779747349852,-12301,12399,-10872,-1738,-1896,1621,running,0.00,0,0,0,0,0
1779747349852,-8100,12335,-7432,-1030,-2243,1523,running,0.00,0,0,0,0,0
1779747349853,-10372,6567,-3583,179,-2367,1565,running,0.00,0,0,0,0,0
1779747349886,-9529,689,-2636,508,-2271,1424,running,0.00,0,0,0,0,0
1779747349887,-4983,-518,-3078,-36,-2411,1261,running,0.00,0,0,0,0,0
1779747349887,-9450,-2297,1946,-903,-2699,1215,running,0.00,0,0,0,0,0
1779747349914,-13700,-463,5008,-1152,-2319,890,running,0.00,0,0,0,0,0
1779747349919,-7982,-2584,2738,-828,-1853,769,running,0.00,0,0,0,0,0
1779747349920,-4949,-1107,2252,-401,-1859,817,running,0.00,0,0,0,0,0
1779747349943,-6830,-5843,4656,-333,-1769,539,running,0.00,0,0,0,0,0
1779747349944,-6519,-5928,4359,-848,-1531,266,running,0.00,0,0,0,0,0
1779747349944,-5729,-5022,4799,-1268,-1346,-6,running,0.00,0,0,0,0,0
1779747349973,-6548,-4993,5485,-1366,-1132,-227,running,0.00,0,0,0,0,0
1779747349974,-6492,-5340,5274,-1529,-884,-466,running,0.00,0,0,0,0,0
1779747349975,-6639,-4959,5015,-1780,-659,-681,running,0.00,0,0,0,0,0
1779747350006,-6667,-4541,4086,-1981,-484,-937,running,0.00,0,0,0,0,0
1779747350007,-7125,-4414,3414,-2202,-360,-1202,running,0.00,0,0,0,0,0
1779747350008,-8221,-5046,2755,-2487,-245,-1415,running,0.00,0,0,0,0,0
1779747350033,-9267,-4568,2847,-2994,-77,-1635,running,0.00,0,0,0,0,0
1779747350037,-9537,-4803,2329,-3529,40,-1905,running,0.00,0,0,0,0,0
1779747350038,-11405,-3759,3829,-4118,143,-2079,running,0.00,0,0,0,0,0
1779747350062,-12737,-2442,3679,-4570,315,-2205,running,0.00,0,0,0,0,0
1779747350063,-16527,1227,3540,-4966,418,-2350,running,0.00,0,0,0,0,0
1779747350064,-21111,9140,4304,-5319,646,-2530,running,0.00,0,0,0,0,0
1779747350091,-27625,21110,5171,-5861,967,-2770,running,0.00,0,0,0,0,0
1779747350092,-32361,32767,-1790,-6666,1135,-3335,running,0.00,0,0,0,0,0
1779747350092,-32768,32767,-9984,-5113,916,-4292,running,0.00,0,0,0,0,0
1779747350122,-32723,32541,-5677,-4136,454,-3552,running,0.00,0,0,0,0,0
1779747350123,-32751,32762,-2573,-4694,229,-2946,running,0.00,0,0,0,0,0
1779747350124,-32768,32767,-2589,-4578,323,-2306,running,0.00,0,0,0,0,0
1779747350152,-32768,32763,2235,-4655,343,-1409,running,0.00,0,0,0,0,0
1779747350155,-29745,32766,-1606,-4194,802,-859,running,0.00,0,0,0,0,0
1779747350156,-21269,32767,-2993,-3461,598,-470,running,0.00,0,0,0,0,0
1779747350202,-15073,32767,-1123,-2838,542,-392,running,0.00,0,0,0,0,0
1779747350203,-7357,31462,-2717,-2398,532,-583,running,0.00,0,0,0,0,0
1779747350204,-4421,28997,-1186,-2148,412,-763,running,0.00,0,0,0,0,0
1779747350211,-3296,26019,-1302,-1714,514,-901,running,0.00,0,0,0,0,0
1779747350213,343,24027,-244,-1321,478,-726,running,0.00,0,0,0,0,0
1779747350214,-4382,21050,612,-1484,337,-863,running,0.00,0,0,0,0,0
1779747350243,-2390,15174,-1776,-2235,78,-1625,running,0.00,0,0,0,0,0
1779747350244,3311,15370,-110,-2446,-517,-579,running,0.00,0,0,0,0,0
1779747350246,-915,17877,-247,-1726,-219,1006,running,0.00,0,0,0,0,0
1779747350272,1158,14595,-2682,-950,-123,1383,running,0.00,0,0,0,0,0
1779747350273,3065,12527,-2359,-856,189,1339,running,0.00,0,0,0,0,0
1779747350273,9652,11829,-8250,-1124,443,809,running,0.00,0,0,0,0,0
1779747350302,8173,11853,-8411,-1048,127,467,running,0.00,0,0,0,0,0
1779747350303,8748,12320,-7998,-71,81,668,running,0.00,0,0,0,0,0
1779747350303,10765,8571,-9249,734,75,971,running,0.00,0,0,0,0,0
1779747350339,11999,7311,-9420,577,-140,1028,running,0.00,0,0,0,0,0
1779747350340,5762,8814,-3352,463,-133,961,running,0.00,0,0,0,0,0
1779747350341,7463,10612,-7941,1431,320,1308,running,0.00,0,0,0,0,0
1779747350363,10354,9694,-8171,1841,252,1623,running,0.00,0,0,0,0,0
1779747350364,9191,8193,-4843,2141,18,1964,running,0.00,0,0,0,0,0
1779747350366,10241,7036,-4542,2192,-28,2131,running,0.00,0,0,0,0,0
1779747350396,12508,5127,-3587,2035,-237,2103,running,0.00,0,0,0,0,0
1779747350397,12142,5354,-1490,1972,-548,2179,running,0.00,0,0,0,0,0
1779747350398,11451,5538,-964,1905,-616,2305,running,0.00,0,0,0,0,0
1779747350421,12752,6862,-804,1932,-793,2410,running,0.00,0,0,0,0,0
1779747350422,13493,9714,-238,2110,-1168,2555,running,0.00,0,0,0,0,0
1779747350424,12148,11691,149,2133,-1564,2747,running,0.00,0,0,0,0,0
1779747350453,10548,15445,837,2120,-1910,2925,running,0.00,0,0,0,0,0
1779747350454,9498,22243,2160,2236,-2209,3010,running,0.00,0,0,0,0,0
1779747350455,9056,29123,4542,2271,-2474,3018,running,0.00,0,0,0,0,0
1779747350483,9714,32767,3694,2363,-2759,2860,running,0.00,0,0,0,0,0
1779747350485,9211,32767,2020,2866,-3024,2470,running,0.00,0,0,0,0,0
1779747350486,-7039,32682,6349,3572,-2944,2110,running,0.00,0,0,0,0,0
1779747350510,-19312,32767,11581,4095,-2519,1855,running,0.00,0,0,0,0,0
1779747350519,-30442,32767,18567,4610,-2549,1612,running,0.00,0,0,0,0,0
1779747350520,-32768,32765,21868,4735,-2549,1893,running,0.00,0,0,0,0,0
1779747350542,-32744,32767,20434,4473,-2191,3121,running,0.00,0,0,0,0,0
1779747350543,-31992,32216,18114,3480,-2093,4079,running,0.00,0,0,0,0,0
1779747350544,-24228,30787,12908,1927,-2355,4316,running,0.00,0,0,0,0,0
1779747350572,-14008,29754,8506,348,-2940,3945,running,0.00,0,0,0,0,0
1779747350573,-11037,27277,8368,-897,-3638,3346,running,0.00,0,0,0,0,0
1779747350573,-11985,26315,8372,-1334,-3906,3027,running,0.00,0,0,0,0,0
1779747350606,-13028,27532,7337,-781,-3794,2689,running,0.00,0,0,0,0,0
1779747350607,-11629,22271,5481,207,-3630,2112,running,0.00,0,0,0,0,0
1779747350607,-9066,13983,5275,712,-3659,1734,running,0.00,0,0,0,0,0
1779747350632,-8178,9010,6495,876,-3695,1678,running,0.00,0,0,0,0,0
1779747350633,-8097,7992,6695,1051,-3488,1619,running,0.00,0,0,0,0,0
1779747350636,-5552,5077,5723,1248,-3309,1248,running,0.00,0,0,0,0,0
1779747350671,-7183,1569,6700,1413,-3286,954,running,0.00,0,0,0,0,0
1779747350676,-7483,-1318,7452,1523,-3203,728,running,0.00,0,0,0,0,0
1779747350676,-8574,-4673,8151,1500,-3171,476,running,0.00,0,0,0,0,0
1779747350690,-9991,-6881,8087,1443,-3088,279,running,0.00,0,0,0,0,0
1779747350691,-11194,-8395,7753,1421,-2961,107,running,0.00,0,0,0,0,0
1779747350692,-12420,-9447,7537,1393,-2764,-79,running,0.00,0,0,0,0,0
1779747350719,-13888,-11999,5545,1332,-2382,-343,running,0.00,0,0,0,0,0
1779747350720,-12098,-13689,4299,1083,-2248,-519,running,0.00,0,0,0,0,0
1779747350721,-13623,-13145,6707,939,-2029,-379,running,0.00,0,0,0,0,0
1779747350751,-15575,-12154,6547,1011,-1531,-335,running,0.00,0,0,0,0,0
1779747350752,-15773,-13026,7399,1010,-1076,-549,running,0.00,0,0,0,0,0
1779747350752,-15788,-12977,7101,817,-587,-856,running,0.00,0,0,0,0,0
1779747350780,-13751,-11946,6870,624,-179,-1258,running,0.00,0,0,0,0,0
1779747350780,-13498,-11155,7784,364,183,-1614,running,0.00,0,0,0,0,0
1779747350781,-14098,-9632,7939,145,557,-1953,running,0.00,0,0,0,0,0
1779747350812,-10844,-8097,5622,-100,752,-2317,running,0.00,0,0,0,0,0
1779747350813,-16317,-6671,4549,-240,558,-2675,running,0.00,0,0,0,0,0
1779747350813,-18117,-845,6426,-324,1307,-2956,running,0.00,0,0,0,0,0
1779747350841,-10972,-1903,947,-413,1620,-3649,running,0.00,0,0,0,0,0
1779747350842,-13380,-4098,4376,-905,1356,-4160,running,0.00,0,0,0,0,0
1779747350842,-18077,-886,7918,-1624,1408,-4402,running,0.00,0,0,0,0,0
1779747350871,-22366,6402,4435,-2490,1526,-4558,running,0.00,0,0,0,0,0
1779747350872,-30954,23214,4565,-3211,1338,-4830,running,0.00,0,0,0,0,0
1779747350873,-32768,32767,775,-3460,1309,-5565,running,0.00,0,0,0,0,0
1779747350905,-32701,32767,-2784,-3551,1008,-6359,running,0.00,0,0,0,0,0
1779747350907,-32710,32536,-3376,-3263,762,-5991,running,0.00,0,0,0,0,0
1779747350908,-32768,32767,-6392,-2720,711,-5059,running,0.00,0,0,0,0,0
1779747350935,-32768,32767,-6026,-2183,499,-3917,running,0.00,0,0,0,0,0
1779747350936,-32687,32762,-622,-1989,448,-2598,running,0.00,0,0,0,0,0
1779747350936,-29071,32767,-5332,-1688,1007,-2299,running,0.00,0,0,0,0,0
1779747350963,-20363,32767,-3073,-1906,635,-2130,running,0.00,0,0,0,0,0
1779747350963,-15345,32767,-114,-1954,587,-1768,running,0.00,0,0,0,0,0
1779747350964,-11194,32646,-1029,-1708,693,-1738,running,0.00,0,0,0,0,0
1779747350994,-2618,31900,-908,-1807,607,-1863,running,0.00,0,0,0,0,0
1779747350995,5687,31856,-2611,-1524,677,-1377,running,0.00,0,0,0,0,0
1779747350996,8120,25032,-1157,-1326,538,-501,running,0.00,0,0,0,0,0
1779747351023,393,22856,1056,-2492,210,111,running,0.00,0,0,0,0,0
1779747351026,3564,18712,-4640,-2077,484,520,running,0.00,0,0,0,0,0
1779747351028,3951,17223,-6496,-2190,244,841,running,0.00,0,0,0,0,0
1779747351051,4609,13834,-6532,-1727,202,1088,running,0.00,0,0,0,0,0
1779747351052,7237,11646,-7380,-1221,582,1422,running,0.00,0,0,0,0,0
1779747351053,12650,14947,-10979,-723,589,1436,running,0.00,0,0,0,0,0
1779747351082,11533,10393,-7739,46,243,1466,running,0.00,0,0,0,0,0
1779747351083,11436,9906,-7458,623,512,1820,running,0.00,0,0,0,0,0
1779747351083,13477,10225,-7579,1256,623,1865,running,0.00,0,0,0,0,0
1779747351111,11986,7497,-5567,1522,701,1963,running,0.00,0,0,0,0,0
1779747351112,12528,6454,-5868,1284,665,1933,running,0.00,0,0,0,0,0
1779747351112,9234,7482,-3353,826,384,1753,running,0.00,0,0,0,0,0
1779747351143,8037,11467,-1428,674,182,1598,running,0.00,0,0,0,0,0
1779747351144,8207,3812,266,238,-337,1164,running,0.00,0,0,0,0,0
1779747351144,8294,8694,4736,288,-340,2470,running,0.00,0,0,0,0,0
1779747351171,6525,15779,144,1392,25,3329,running,0.00,0,0,0,0,0
1779747351172,9240,15981,192,1803,-469,3159,running,0.00,0,0,0,0,0
1779747351173,2509,19135,3693,2085,-890,3457,running,0.00,0,0,0,0,0
1779747351202,1240,22325,2437,2261,-1007,3807,running,0.00,0,0,0,0,0
1779747351203,-547,22286,5393,2246,-1389,4091,running,0.00,0,0,0,0,0
1779747351203,-1602,23449,8196,2208,-1571,4574,running,0.00,0,0,0,0,0
1779747351230,-850,26393,9784,2187,-1746,4944,running,0.00,0,0,0,0,0
1779747351230,255,29953,11110,1831,-2130,5353,running,0.00,0,0,0,0,0
1779747351231,-1821,32359,8831,709,-2728,5764,running,0.00,0,0,0,0,0
1779747351261,-2876,32767,5337,1036,-3223,5899,running,0.00,0,0,0,0,0
1779747351264,-12356,32741,13341,2435,-3380,5731,running,0.00,0,0,0,0,0
1779747351264,-15100,32753,12784,2850,-2786,4942,running,0.00,0,0,0,0,0
1779747351291,-15704,32767,13458,3178,-2440,4119,running,0.00,0,0,0,0,0
1779747351293,-27281,32767,18528,2519,-2394,4302,running,0.00,0,0,0,0,0
1779747351294,-26107,32708,10041,1768,-2664,4098,running,0.00,0,0,0,0,0
1779747351326,-26594,26268,16723,1530,-3385,3713,running,0.00,0,0,0,0,0
1779747351327,-23792,26405,10943,1044,-3026,4223,running,0.00,0,0,0,0,0
1779747351327,-16428,25354,3551,343,-3234,3830,running,0.00,0,0,0,0,0
1779747351351,-14206,23970,2806,-784,-3923,3089,running,0.00,0,0,0,0,0
1779747351352,-13431,22894,2125,-682,-4111,2613,running,0.00,0,0,0,0,0
1779747351353,-11983,16516,1515,-243,-4176,2232,running,0.00,0,0,0,0,0
1779747351382,-14697,9952,2484,-46,-4215,1667,running,0.00,0,0,0,0,0
1779747351383,-13901,6550,965,550,-4034,1158,running,0.00,0,0,0,0,0
1779747351383,-10954,1458,649,857,-3940,614,running,0.00,0,0,0,0,0
1779747351414,-10278,-3265,1105,788,-3881,100,running,0.00,0,0,0,0,0
1779747351415,-10108,-4933,552,716,-3793,-253,running,0.00,0,0,0,0,0
1779747351416,-9138,-7150,1710,717,-3783,-561,running,0.00,0,0,0,0,0
1779747351457,-11466,-10711,3397,648,-3801,-862,running,0.00,0,0,0,0,0
1779747351458,-11354,-13274,4205,587,-3690,-1225,running,0.00,0,0,0,0,0
1779747351458,-12561,-15726,4503,500,-3517,-1474,running,0.00,0,0,0,0,0
1779747351480,-12652,-16250,5010,279,-3363,-1694,running,0.00,0,0,0,0,0
1779747351480,-13566,-16437,6316,37,-3213,-2013,running,0.00,0,0,0,0,0
1779747351481,-14342,-15299,6694,-188,-2942,-2289,running,0.00,0,0,0,0,0
1779747351503,-15826,-12955,8643,-367,-2632,-2601,running,0.00,0,0,0,0,0
1779747351503,-15771,-12983,7016,-616,-2148,-3059,running,0.00,0,0,0,0,0
1779747351504,-15432,-11703,7957,-1006,-2102,-3321,running,0.00,0,0,0,0,0
1779747351533,-15471,-12532,11837,-1264,-1748,-3498,running,0.00,0,0,0,0,0
1779747351534,-16239,-11979,4753,-1523,-1210,-3643,running,0.00,0,0,0,0,0
1779747351535,-24681,-2800,9616,-1685,-1362,-3968,running,0.00,0,0,0,0,0
1779747351563,-23018,-836,8795,-1316,-313,-4485,running,0.00,0,0,0,0,0
1779747351570,-20503,-5156,3852,-1235,58,-5026,running,0.00,0,0,0,0,0
1779747351571,-22511,-3838,7161,-1171,162,-5004,running,0.00,0,0,0,0,0
1779747351593,-24406,-4243,6507,-1200,480,-4762,running,0.00,0,0,0,0,0
1779747351594,-27144,-1878,8087,-1644,674,-4517,running,0.00,0,0,0,0,0
1779747351594,-31871,5709,11032,-2407,1045,-4635,running,0.00,0,0,0,0,0
1779747351621,-32768,22799,13541,-3016,1595,-4863,running,0.00,0,0,0,0,0
1779747351622,-32739,32767,9584,-3382,1848,-5341,running,0.00,0,0,0,0,0
1779747351623,-32740,32767,4360,-3526,1488,-5459,running,0.00,0,0,0,0,0
1779747351656,-32768,32542,3023,-3044,1245,-4968,running,0.00,0,0,0,0,0
1779747351657,-32768,32767,-2115,-2735,1315,-4343,running,0.00,0,0,0,0,0
1779747351657,-32767,32767,-3211,-2940,1157,-3386,running,0.00,0,0,0,0,0
1779747351682,-32768,32762,-3125,-2836,1210,-2308,running,0.00,0,0,0,0,0
1779747351683,-32768,32767,-808,-2843,909,-1675,running,0.00,0,0,0,0,0
1779747351684,-32768,32592,6370,-2767,1007,-1315,running,0.00,0,0,0,0,0
1779747351713,-31053,27227,7256,-2976,1560,-1843,running,0.00,0,0,0,0,0
1779747351714,-12818,28954,-4430,-2933,1784,-2133,running,0.00,0,0,0,0,0
1779747351715,-929,25295,-1056,-2966,350,-1713,running,0.00,0,0,0,0,0
1779747351758,584,24800,-1173,-3517,-278,-1160,running,0.00,0,0,0,0,0
1779747351758,999,25359,-4174,-3030,81,-249,running,0.00,0,0,0,0,0
1779747351759,3157,22727,-6775,-2660,107,126,running,0.00,0,0,0,0,0
1779747351772,2792,20108,-8685,-2624,-176,403,running,0.00,0,0,0,0,0
1779747351775,3370,15217,-8894,-2621,-366,408,running,0.00,0,0,0,0,0
1779747351776,2961,13657,-8317,-2304,-190,674,running,0.00,0,0,0,0,0
1779747351803,4040,14441,-10731,-1313,265,1210,running,0.00,0,0,0,0,0
1779747351808,5032,11805,-10345,-692,391,1244,running,0.00,0,0,0,0,0
1779747351809,8846,7974,-9008,-331,535,1159,running,0.00,0,0,0,0,0
1779747351833,14541,9458,-9301,336,586,1569,running,0.00,0,0,0,0,0
1779747351833,12674,6711,-7679,683,660,1890,running,0.00,0,0,0,0,0
1779747351834,12534,-849,-5342,546,958,1908,running,0.00,0,0,0,0,0
1779747351860,14857,7348,-8742,-209,1311,1962,running,0.00,0,0,0,0,0
1779747351861,9910,6418,-3632,290,707,1718,running,0.00,0,0,0,0,0
1779747351861,9947,-37,-1870,370,807,2144,running,0.00,0,0,0,0,0
1779747351892,9529,5457,-3018,-520,922,2302,running,0.00,0,0,0,0,0
1779747351893,7233,10073,-1241,-276,656,2083,running,0.00,0,0,0,0,0
1779747351893,6621,10819,-3071,-104,557,2262,running,0.00,0,0,0,0,0
1779747351922,4427,8604,-1312,174,336,2517,running,0.00,0,0,0,0,0
1779747351926,4863,9117,-798,255,112,2627,running,0.00,0,0,0,0,0
1779747351926,4251,11056,1329,353,-37,2636,running,0.00,0,0,0,0,0
1779747351953,4132,14085,274,664,-90,2702,running,0.00,0,0,0,0,0
1779747351954,2393,13039,724,810,-340,2853,running,0.00,0,0,0,0,0
1779747351955,-439,14121,3332,556,-624,2976,running,0.00,0,0,0,0,0
1779747351988,1739,17838,1798,515,-876,3056,running,0.00,0,0,0,0,0
1779747351989,-1221,20838,4805,620,-1411,3327,running,0.00,0,0,0,0,0
1779747351990,-2031,24036,5863,1025,-1589,3892,running,0.00,0,0,0,0,0
1779747352013,-3406,31190,5901,1498,-1847,4516,running,0.00,0,0,0,0,0
1779747352014,-6853,32767,3087,1740,-2133,4722,running,0.00,0,0,0,0,0
1779747352015,-10720,32729,2407,1920,-2361,4630,running,0.00,0,0,0,0,0
1779747352054,-15433,32719,435,2403,-2363,4522,running,0.00,0,0,0,0,0
1779747352055,-23909,32767,1600,2955,-2201,4215,running,0.00,0,0,0,0,0
1779747352055,-32031,32767,5691,3484,-1863,4389,running,0.00,0,0,0,0,0
1779747352072,-32768,32766,10626,3581,-1842,5060,running,0.00,0,0,0,0,0
1779747352073,-32683,32767,13074,2947,-2063,5463,running,0.00,0,0,0,0,0
1779747352074,-32737,32694,12971,1849,-2360,5204,running,0.00,0,0,0,0,0
1779747352103,-28883,28469,9682,431,-2778,4658,running,0.00,0,0,0,0,0
1779747352104,-20710,25025,5507,-993,-3404,4262,running,0.00,0,0,0,0,0
1779747352104,-14801,17901,1606,-1266,-4749,3074,running,0.00,0,0,0,0,0
1779747352134,-16568,13663,-360,-1054,-4940,2323,running,0.00,0,0,0,0,0
1779747352135,-15075,8985,-2053,-362,-4888,1221,running,0.00,0,0,0,0,0
1779747352139,-8955,3398,-2174,256,-4676,417,running,0.00,0,0,0,0,0
1779747352163,-4854,1708,-2021,882,-4285,106,running,0.00,0,0,0,0,0
1779747352163,-2150,-1384,-788,1473,-3964,-120,running,0.00,0,0,0,0,0
1779747352164,-2830,-2959,2273,1857,-3706,-403,running,0.00,0,0,0,0,0
1779747352192,-4393,-6562,4597,2391,-3428,-717,running,0.00,0,0,0,0,0
1779747352192,-4696,-12194,6884,2483,-3270,-1045,running,0.00,0,0,0,0,0
1779747352193,-7573,-16085,7023,2189,-3228,-1369,running,0.00,0,0,0,0,0
1779747352225,-9509,-16013,8885,1743,-3195,-1731,running,0.00,0,0,0,0,0
1779747352226,-12731,-19294,9793,1376,-2956,-1986,running,0.00,0,0,0,0,0
1779747352227,-14905,-19492,9448,881,-2781,-2035,running,0.00,0,0,0,0,0
1779747352252,-17808,-19322,10417,428,-2518,-2157,running,0.00,0,0,0,0,0
1779747352252,-18315,-17115,11042,-13,-2083,-2458,running,0.00,0,0,0,0,0
1779747352253,-17427,-13677,12072,-421,-1546,-2748,running,0.00,0,0,0,0,0
1779747352284,-16816,-11101,12594,-576,-964,-2952,running,0.00,0,0,0,0,0
1779747352286,-16867,-9314,13548,-539,-379,-3112,running,0.00,0,0,0,0,0
1779747352287,-16640,-7479,13008,-471,239,-3310,running,0.00,0,0,0,0,0
1779747352313,-15872,-5730,11626,-397,724,-3540,running,0.00,0,0,0,0,0
1779747352313,-16800,-5237,10974,-422,1051,-3727,running,0.00,0,0,0,0,0
1779747352314,-18977,-5234,11346,-686,1311,-3890,running,0.00,0,0,0,0,0
1779747352343,-21412,-3970,9955,-1034,1536,-3954,running,0.00,0,0,0,0,0
1779747352344,-24659,-1710,9750,-1533,1623,-4085,running,0.00,0,0,0,0,0
1779747352345,-28702,-1963,10029,-2223,1785,-4194,running,0.00,0,0,0,0,0
1779747352374,-32425,1955,8478,-3235,2017,-4225,running,0.00,0,0,0,0,0
1779747352375,-32768,16860,9442,-3774,2186,-4477,running,0.00,0,0,0,0,0
1779747352376,-32736,32767,10858,-3657,2399,-4807,running,0.00,0,0,0,0,0
1779747352406,-32755,32767,4912,-2942,2352,-4811,running,0.00,0,0,0,0,0
1779747352407,-32768,32488,2454,-2035,1843,-4502,running,0.00,0,0,0,0,0
1779747352408,-32768,32751,164,-1558,1040,-4488,running,0.00,0,0,0,0,0
1779747352431,-32768,32767,3290,-2664,494,-4447,running,0.00,0,0,0,0,0
1779747352432,-32768,32762,349,-3879,223,-3984,running,0.00,0,0,0,0,0
1779747352433,-32768,32647,10709,-4235,-240,-2818,running,0.00,0,0,0,0,0
1779747352462,-31375,32744,13393,-3202,1131,-1263,running,0.00,0,0,0,0,0
1779747352463,-14249,32767,-7200,-1858,1864,-439,running,0.00,0,0,0,0,0
1779747352464,-15289,31748,-1844,-1608,266,-265,running,0.00,0,0,0,0,0
1779747352496,-16017,24924,4573,-2693,347,-2091,running,0.00,0,0,0,0,0
1779747352498,-3199,15857,-11048,-3140,770,-3401,running,0.00,0,0,0,0,0
1779747352499,13845,29325,-10166,-2404,144,-661,running,0.00,0,0,0,0,0
1779747352521,5152,30489,-9140,-1563,-87,1055,running,0.00,0,0,0,0,0
1779747352522,-53,18862,-8385,-1720,-19,640,running,0.00,0,0,0,0,0
1779747352522,7451,15929,-9429,-2225,318,143,running,0.00,0,0,0,0,0
1779747352552,7232,12709,-8251,-1771,242,792,running,0.00,0,0,0,0,0
1779747352554,4361,8237,-9305,-1887,62,1534,running,0.00,0,0,0,0,0
1779747352555,2626,16589,-16238,-2224,586,1694,running,0.00,0,0,0,0,0
1779747352581,6032,11948,-11796,-1907,875,1766,running,0.00,0,0,0,0,0
1779747352581,10990,4553,-11956,-1433,856,2317,running,0.00,0,0,0,0,0
1779747352581,8464,4095,-8870,-1809,949,2716,running,0.00,0,0,0,0,0
1779747352614,10242,8142,-8989,-1850,1397,2710,running,0.00,0,0,0,0,0
1779747352615,12114,5962,-8611,-1549,1495,2500,running,0.00,0,0,0,0,0
1779747352616,11041,4313,-7457,-1273,1482,2444,running,0.00,0,0,0,0,0
1779747352646,9044,5320,-5997,-978,1479,2430,running,0.00,0,0,0,0,0
1779747352647,8800,6462,-5547,-773,1543,2414,running,0.00,0,0,0,0,0
1779747352648,9161,7278,-5967,-523,1537,2373,running,0.00,0,0,0,0,0
1779747352674,8701,7580,-5091,-395,1451,2247,running,0.00,0,0,0,0,0
1779747352675,9110,7872,-4958,-307,1350,2181,running,0.00,0,0,0,0,0
1779747352675,9323,8311,-5106,-202,1236,2258,running,0.00,0,0,0,0,0
1779747352703,8253,7047,-4489,-294,974,2065,running,0.00,0,0,0,0,0
1779747352704,7590,5385,-2341,-1032,681,1644,running,0.00,0,0,0,0,0
1779747352705,10231,13282,-2585,-1688,281,1641,running,0.00,0,0,0,0,0
1779747352733,11140,20662,-1756,-748,-328,2506,running,0.00,0,0,0,0,0
1779747352734,4113,19889,1934,120,-912,3433,running,0.00,0,0,0,0,0
1779747352735,3143,25648,3224,543,-1365,3720,running,0.00,0,0,0,0,0
1779747352762,2214,30211,4086,1162,-1977,3898,running,0.00,0,0,0,0,0
1779747352793,-663,32767,3579,1710,-2512,4424,running,0.00,0,0,0,0,0
1779747352794,-4195,32767,3200,2367,-2929,5017,running,0.00,0,0,0,0,0
1779747352796,-8821,32725,3426,3017,-3083,5169,running,0.00,0,0,0,0,0
1779747352797,-9469,32762,1615,3751,-3068,4883,running,0.00,0,0,0,0,0
1779747352798,-16346,32767,4775,4346,-2973,4659,running,0.00,0,0,0,0,0
1779747352824,-22816,32766,9580,4258,-2751,4556,running,0.00,0,0,0,0,0
1779747352828,-31756,32767,12758,3544,-2697,4782,running,0.00,0,0,0,0,0
1779747352829,-32768,32767,12522,2132,-2938,5290,running,0.00,0,0,0,0,0
1779747352852,-32662,32324,10454,430,-3372,5470,running,0.00,0,0,0,0,0
1779747352853,-32627,31088,7358,-747,-3583,5039,running,0.00,0,0,0,0,0
1779747352854,-28532,30070,2733,-1433,-3648,4295,running,0.00,0,0,0,0,0
1779747352882,-20680,31150,356,-1557,-3769,3685,running,0.00,0,0,0,0,0
1779747352882,-19248,30181,-1564,-1008,-3802,3078,running,0.00,0,0,0,0,0
1779747352888,-19865,23946,488,-389,-3881,2022,running,0.00,0,0,0,0,0
1779747352912,-14127,14262,809,374,-3521,1152,running,0.00,0,0,0,0,0
1779747352912,-15009,9918,-149,375,-3231,970,running,0.00,0,0,0,0,0
1779747352913,-13872,8741,558,734,-2902,810,running,0.00,0,0,0,0,0
1779747352942,-7341,5289,-616,975,-2544,460,running,0.00,0,0,0,0,0
1779747352944,-7725,3958,-1369,1222,-2491,330,running,0.00,0,0,0,0,0
1779747352945,-8644,2673,483,1784,-2389,29,running,0.00,0,0,0,0,0
1779747352977,-4086,-4792,544,1761,-2268,-506,running,0.00,0,0,0,0,0
1779747352978,-9557,-6490,2054,1644,-2139,-662,running,0.00,0,0,0,0,0
1779747352978,-12383,-7004,1814,1660,-1957,-804,running,0.00,0,0,0,0,0
1779747353009,-13317,-10399,1332,1384,-1889,-1177,running,0.00,0,0,0,0,0
1779747353010,-13918,-10975,2716,1138,-1801,-1123,running,0.00,0,0,0,0,0
1779747353011,-15006,-10256,3156,1086,-1536,-1001,running,0.00,0,0,0,0,0
1779747353031,-14783,-10669,4090,1018,-1296,-1091,running,0.00,0,0,0,0,0
1779747353033,-13771,-9035,4991,877,-1079,-1281,running,0.00,0,0,0,0,0
1779747353034,-10550,-6550,4872,1037,-538,-1483,running,0.00,0,0,0,0,0
1779747353063,-11366,-6883,6119,1147,-222,-1697,running,0.00,0,0,0,0,0
1779747353067,-11335,-6573,6140,1275,-415,-1992,running,0.00,0,0,0,0,0
1779747353068,-11984,-6409,7598,1168,338,-2323,running,0.00,0,0,0,0,0
1779747353090,-9304,-3986,5512,708,1193,-2584,running,0.00,0,0,0,0,0
1779747353091,-10738,-6557,7344,554,1117,-3008,running,0.00,0,0,0,0,0
1779747353091,-11060,-8153,7735,19,1213,-3234,running,0.00,0,0,0,0,0
1779747353119,-12298,-7094,8195,-743,1474,-3183,running,0.00,0,0,0,0,0
1779747353120,-10788,-8101,9342,-1478,1641,-3193,running,0.00,0,0,0,0,0
1779747353120,-11582,-11377,7120,-2553,1800,-3210,running,0.00,0,0,0,0,0
1779747353151,-16767,-2239,5325,-3350,1666,-3317,running,0.00,0,0,0,0,0
1779747353153,-18859,1428,10066,-3362,1582,-3772,running,0.00,0,0,0,0,0
1779747353154,-18584,7752,9932,-4247,2192,-3970,running,0.00,0,0,0,0,0
1779747353181,-25865,29073,13729,-4856,2755,-3961,running,0.00,0,0,0,0,0
1779747353186,-32768,32767,9593,-5034,3048,-5052,running,0.00,0,0,0,0,0
1779747353188,-32636,32638,10448,-4351,2268,-4886,running,0.00,0,0,0,0,0
1779747353212,-32767,32767,7151,-3960,1987,-3969,running,0.00,0,0,0,0,0
1779747353213,-32768,32766,3363,-4064,1778,-2748,running,0.00,0,0,0,0,0
1779747353213,-31701,32763,200,-3715,1465,-1520,running,0.00,0,0,0,0,0
1779747353244,-32098,32767,3237,-3194,1038,-559,running,0.00,0,0,0,0,0
1779747353244,-28171,32767,1697,-1998,1872,-822,running,0.00,0,0,0,0,0
1779747353245,-13844,32590,-2178,-1422,2243,-939,running,0.00,0,0,0,0,0
1779747353272,-5272,29851,-337,-1043,2013,-794,running,0.00,0,0,0,0,0
1779747353272,49,29059,-1043,-572,1966,-761,running,0.00,0,0,0,0,0
1779747353273,5033,25489,-102,-167,1873,-908,running,0.00,0,0,0,0,0
1779747353320,9363,24279,-1638,-792,1873,-732,running,0.00,0,0,0,0,0
1779747353321,5158,24989,-4260,-1360,712,-874,running,0.00,0,0,0,0,0
1779747353321,494,17416,-379,-1463,216,-1140,running,0.00,0,0,0,0,0
1779747353331,4935,20285,-7560,-1570,2649,-233,running,0.00,0,0,0,0,0
1779747353332,12880,16035,-8659,-1743,2030,22,running,0.00,0,0,0,0,0
1779747353333,8801,11400,-7519,-1848,1225,386,running,0.00,0,0,0,0,0
1779747353363,8098,11937,-8157,-1708,1266,574,running,0.00,0,0,0,0,0
1779747353364,10130,8292,-5968,-1185,1324,637,running,0.00,0,0,0,0,0
1779747353365,12673,2803,-7595,-586,1636,1121,running,0.00,0,0,0,0,0
1779747353392,14853,7324,-7965,-847,1193,1220,running,0.00,0,0,0,0,0
1779747353423,12731,3428,-4702,-353,783,1342,running,0.00,0,0,0,0,0
1779747353424,13086,2804,-4315,-88,936,1646,running,0.00,0,0,0,0,0
1779747353424,13723,3843,-4020,308,919,1722,running,0.00,0,0,0,0,0
1779747353425,13551,2990,-3171,593,860,1736,running,0.00,0,0,0,0,0
1779747353426,14314,1725,-2320,451,721,1707,running,0.00,0,0,0,0,0
1779747353453,14072,2726,-1751,538,558,1613,running,0.00,0,0,0,0,0
1779747353454,12464,4693,-2672,846,514,1494,running,0.00,0,0,0,0,0
1779747353455,12543,6281,-3443,878,432,1393,running,0.00,0,0,0,0,0
1779747353483,12026,7184,-3432,867,219,1382,running,0.00,0,0,0,0,0
1779747353484,11319,8510,-3751,901,-5,1464,running,0.00,0,0,0,0,0
1779747353485,11385,10133,-3614,999,-236,1586,running,0.00,0,0,0,0,0
1779747353513,10798,10665,-2793,987,-529,1754,running,0.00,0,0,0,0,0
1779747353518,10566,12608,-1902,1043,-881,1909,running,0.00,0,0,0,0,0
1779747353519,10360,15672,-927,1336,-1306,2170,running,0.00,0,0,0,0,0
1779747353543,5758,21470,1038,1411,-1797,2470,running,0.00,0,0,0,0,0
1779747353544,6699,19845,2767,1639,-2094,2011,running,0.00,0,0,0,0,0
1779747353545,9825,31855,2548,1889,-2360,2883,running,0.00,0,0,0,0,0
1779747353573,214,32767,1890,2266,-2814,3444,running,0.00,0,0,0,0,0
1779747353574,-2905,32590,1139,2917,-2592,2934,running,0.00,0,0,0,0,0
1779747353575,-5750,32721,913,3653,-2438,2337,running,0.00,0,0,0,0,0
1779747353603,-12948,32767,4092,4358,-2223,2098,running,0.00,0,0,0,0,0
1779747353604,-23983,32765,7170,4204,-2033,2268,running,0.00,0,0,0,0,0
1779747353605,-32177,32766,10785,3645,-1921,2684,running,0.00,0,0,0,0,0
1779747353633,-32768,32767,13415,3011,-2039,3236,running,0.00,0,0,0,0,0
1779747353652,-32707,32371,11875,2071,-2095,3625,running,0.00,0,0,0,0,0
1779747353652,-32398,29842,8905,512,-2400,3657,running,0.00,0,0,0,0,0
1779747353663,-25900,26329,5657,-1358,-2933,3072,running,0.00,0,0,0,0,0
1779747353665,-19985,26549,4019,-2314,-3270,3081,running,0.00,0,0,0,0,0
1779747353666,-21021,25648,1837,-2669,-3380,3074,running,0.00,0,0,0,0,0
1779747353698,-19629,25307,529,-2629,-3711,2588,running,0.00,0,0,0,0,0
1779747353699,-18626,22873,1,-1334,-3786,1715,running,0.00,0,0,0,0,0
1779747353699,-16285,13790,-1290,-380,-3654,802,running,0.00,0,0,0,0,0
1779747353722,-14943,4914,-1781,-241,-3597,238,running,0.00,0,0,0,0,0
1779747353723,-13282,750,206,-231,-3391,352,running,0.00,0,0,0,0,0
1779747353724,-11052,5847,-1777,105,-2975,418,running,0.00,0,0,0,0,0
1779747353755,-12684,1995,-1757,934,-2770,160,running,0.00,0,0,0,0,0
1779747353756,-9386,-3439,-2049,1223,-2508,-20,running,0.00,0,0,0,0,0
1779747353757,-8063,-6356,-1970,1697,-2641,-153,running,0.00,0,0,0,0,0
1779747353783,-10191,-9691,1011,1452,-2601,-235,running,0.00,0,0,0,0,0
1779747353784,-11829,-11618,1173,1126,-2272,-439,running,0.00,0,0,0,0,0
1779747353786,-14082,-12974,2325,1078,-1881,-700,running,0.00,0,0,0,0,0
1779747353813,-15035,-14158,1458,625,-1459,-980,running,0.00,0,0,0,0,0
1779747353814,-18236,-13919,2098,163,-1116,-1235,running,0.00,0,0,0,0,0
1779747353815,-20123,-15910,3935,-351,-615,-1324,running,0.00,0,0,0,0,0
1779747353842,-20996,-13856,4985,-914,-8,-1355,running,0.00,0,0,0,0,0
1779747353842,-20941,-12011,5703,-1367,736,-1369,running,0.00,0,0,0,0,0
1779747353843,-19871,-8668,4825,-1505,960,-1384,running,0.00,0,0,0,0,0
1779747353873,-16653,-7980,5019,-1632,712,-1211,running,0.00,0,0,0,0,0
1779747353875,-18512,-4934,3230,-1620,1327,-1112,running,0.00,0,0,0,0,0
1779747353875,-14588,-9916,5246,-1360,1893,-2118,running,0.00,0,0,0,0,0
1779747353903,-15379,-3500,5280,-1288,2378,-2605,running,0.00,0,0,0,0,0
1779747353904,-13460,1434,4615,-1359,2780,-3327,running,0.00,0,0,0,0,0
1779747353905,-10540,92,3791,-1787,3056,-3851,running,0.00,0,0,0,0,0
1779747353934,-5649,5574,2280,-2057,3013,-3514,running,0.00,0,0,0,0,0
1779747353934,-10693,10092,6062,-2599,2990,-3966,running,0.00,0,0,0,0,0
1779747353935,-15594,25933,7717,-3084,3434,-3731,running,0.00,0,0,0,0,0
1779747353963,-21814,32767,3580,-2915,3964,-3327,running,0.00,0,0,0,0,0
1779747353964,-23480,32767,100,-2039,3479,-3484,running,0.00,0,0,0,0,0
1779747353964,-23018,32597,3286,-1211,2842,-3498,running,0.00,0,0,0,0,0
1779747353995,-24335,32767,4040,-748,2624,-3120,running,0.00,0,0,0,0,0
1779747353996,-28082,32767,4218,-742,2272,-2362,running,0.00,0,0,0,0,0
1779747353997,-31364,32763,3333,-1057,2255,-1450,running,0.00,0,0,0,0,0
1779747354022,-26496,32767,609,-1018,2195,-750,running,0.00,0,0,0,0,0
1779747354022,-19319,32598,-126,-944,1967,-139,running,0.00,0,0,0,0,0
1779747354023,-14269,28292,914,-1159,1768,26,running,0.00,0,0,0,0,0
1779747354053,-7086,23003,794,-1812,1812,33,running,0.00,0,0,0,0,0
1779747354054,-2879,22556,32,-2423,1660,-1,running,0.00,0,0,0,0,0
1779747354055,-994,22327,229,-2891,1475,-240,running,0.00,0,0,0,0,0
1779747354080,1627,23987,-818,-2898,1371,-277,running,0.00,0,0,0,0,0
1779747354080,3262,25701,-2168,-2557,1289,-77,running,0.00,0,0,0,0,0
1779747354081,3740,23935,-2133,-2291,1043,83,running,0.00,0,0,0,0,0
1779747354112,1770,23322,-2648,-2022,1125,43,running,0.00,0,0,0,0,0
1779747354112,1928,19842,-2310,-1841,1216,-47,running,0.00,0,0,0,0,0
1779747354113,5514,14740,-4345,-1374,702,-130,running,0.00,0,0,0,0,0
1779747354145,2078,12166,-4110,-1196,817,88,running,0.00,0,0,0,0,0
1779747354145,6910,8014,-5532,-904,723,355,running,0.00,0,0,0,0,0
1779747354146,4971,9430,-5124,-696,620,723,running,0.00,0,0,0,0,0
1779747354172,5481,7535,-4175,-219,742,771,running,0.00,0,0,0,0,0
1779747354173,11048,3351,-5320,81,727,791,running,0.00,0,0,0,0,0
1779747354173,13481,1584,-5027,173,378,960,running,0.00,0,0,0,0,0
1779747354200,12565,1907,-3615,225,231,1189,running,0.00,0,0,0,0,0
1779747354200,13344,2044,-4014,219,257,1262,running,0.00,0,0,0,0,0
1779747354201,13195,695,-3652,181,122,1253,running,0.00,0,0,0,0,0
1779747354232,12764,430,-3036,68,-27,1285,running,0.00,0,0,0,0,0
1779747354232,11944,1636,-2695,-3,-217,1284,running,0.00,0,0,0,0,0
1779747354233,9993,3767,-2384,9,-323,1215,running,0.00,0,0,0,0,0
1779747354260,8402,6022,-2008,63,-325,999,running,0.00,0,0,0,0,0
1779747354261,8284,8596,-1563,29,-380,599,running,0.00,0,0,0,0,0
1779747354262,9767,5634,-501,28,-521,459,running,0.00,0,0,0,0,0
1779747354295,7404,11627,3,327,-930,1558,running,0.00,0,0,0,0,0
1779747354296,7613,11876,649,497,-1162,1816,running,0.00,0,0,0,0,0
1779747354297,7067,15372,2540,707,-1604,2265,running,0.00,0,0,0,0,0
1779747354321,2559,18347,4267,982,-1828,2829,running,0.00,0,0,0,0,0
1779747354326,4963,24184,3612,993,-2179,3097,running,0.00,0,0,0,0,0
1779747354327,4695,31050,4678,1171,-2721,3298,running,0.00,0,0,0,0,0
1779747354353,4572,32767,2148,1065,-2947,3615,running,0.00,0,0,0,0,0
1779747354354,4472,32767,-2618,874,-3053,3440,running,0.00,0,0,0,0,0
1779747354356,446,32720,-860,1203,-3239,2748,running,0.00,0,0,0,0,0
1779747354385,-8288,32767,4356,1800,-3193,2165,running,0.00,0,0,0,0,0
1779747354386,-18086,32767,7076,1807,-3159,2200,running,0.00,0,0,0,0,0
1779747354387,-25982,32766,10576,1605,-3386,2702,running,0.00,0,0,0,0,0
1779747354413,-31505,32767,11346,1298,-3672,2982,running,0.00,0,0,0,0,0
1779747354414,-30530,32757,9362,1073,-3890,2999,running,0.00,0,0,0,0,0
1779747354418,-26592,31914,6595,677,-4081,3053,running,0.00,0,0,0,0,0
1779747354444,-21148,30744,3141,84,-4284,2818,running,0.00,0,0,0,0,0
1779747354445,-16500,28589,584,-244,-4478,2399,running,0.00,0,0,0,0,0
1779747354449,-15420,24752,-374,-287,-4563,1974,running,0.00,0,0,0,0,0
1779747354472,-15146,20596,204,-176,-4629,1465,running,0.00,0,0,0,0,0
1779747354473,-16227,15694,1411,206,-4421,934,running,0.00,0,0,0,0,0
1779747354474,-16619,9372,2923,568,-3983,419,running,0.00,0,0,0,0,0
1779747354503,-12539,10672,-2269,736,-3393,182,running,0.00,0,0,0,0,0
1779747354504,-4535,9361,-4553,1675,-3406,-164,running,0.00,0,0,0,0,0
1779747354504,-8975,-1524,2053,1786,-3581,-403,running,0.00,0,0,0,0,0
1779747354532,-12759,-4601,4360,1652,-3068,-327,running,0.00,0,0,0,0,0
1779747354533,-11674,-7449,4538,1632,-2549,-404,running,0.00,0,0,0,0,0
1779747354534,-12756,-11339,6135,1311,-2174,-533,running,0.00,0,0,0,0,0
1779747354567,-11959,-11886,5697,956,-1797,-595,running,0.00,0,0,0,0,0
1779747354568,-14401,-11625,5676,927,-1630,-671,running,0.00,0,0,0,0,0
1779747354569,-16613,-14635,7442,683,-1340,-1128,running,0.00,0,0,0,0,0
1779747354592,-11523,-11966,6732,123,-1017,-1391,running,0.00,0,0,0,0,0
1779747354592,-12065,-10352,7507,97,-692,-1406,running,0.00,0,0,0,0,0
1779747354594,-11208,-8905,7376,203,-418,-1474,running,0.00,0,0,0,0,0
1779747354626,-14791,-9222,8633,94,-40,-1778,running,0.00,0,0,0,0,0
1779747354626,-10406,-6371,5974,-101,621,-2050,running,0.00,0,0,0,0,0
1779747354627,-10969,-7925,6079,-392,704,-1993,running,0.00,0,0,0,0,0
1779747354652,-13361,2204,6006,-276,1195,-2016,running,0.00,0,0,0,0,0
1779747354652,-8818,-304,5110,-459,1027,-2894,running,0.00,0,0,0,0,0
1779747354653,-14818,-2473,8360,-597,1095,-3312,running,0.00,0,0,0,0,0
1779747354682,-10096,-2353,7899,-991,1761,-3329,running,0.00,0,0,0,0,0
1779747354682,-15796,-7238,12293,-1725,2539,-3079,running,0.00,0,0,0,0,0
1779747354683,-13168,3181,3266,-2266,2991,-2698,running,0.00,0,0,0,0,0
1779747354709,-16247,3394,5616,-2544,2282,-3063,running,0.00,0,0,0,0,0
1779747354710,-22168,4900,9002,-3100,2314,-2939,running,0.00,0,0,0,0,0
1779747354711,-23235,15252,5544,-3606,2956,-2869,running,0.00,0,0,0,0,0
1779747354743,-25280,29130,8742,-3499,3051,-3115,running,0.00,0,0,0,0,0
1779747354744,-30443,32767,8768,-3410,3338,-3813,running,0.00,0,0,0,0,0
1779747354744,-32768,32714,8727,-3486,3461,-4646,running,0.00,0,0,0,0,0
1779747354776,-32768,32660,11763,-3164,3262,-5035,running,0.00,0,0,0,0,0
1779747354777,-32748,32767,10553,-3200,2860,-4807,running,0.00,0,0,0,0,0
1779747354778,-32766,32767,7682,-3720,2390,-3925,running,0.00,0,0,0,0,0
1779747354801,-32438,32764,3953,-4377,2297,-3025,running,0.00,0,0,0,0,0
1779747354802,-27460,32767,3131,-4623,2121,-2261,running,0.00,0,0,0,0,0
1779747354803,-19846,32767,2555,-4843,1869,-1415,running,0.00,0,0,0,0,0
1779747354830,-18810,32767,125,-4947,1861,-1032,running,0.00,0,0,0,0,0
1779747354831,-14278,31487,809,-4862,1962,-1271,running,0.00,0,0,0,0,0
1779747354835,-11283,31117,-1166,-4637,2266,-1224,running,0.00,0,0,0,0,0
1779747354860,-8545,26383,292,-3894,2260,-1429,running,0.00,0,0,0,0,0
1779747354861,-7,21332,3098,-4144,2200,-1574,running,0.00,0,0,0,0,0
1779747354862,5265,20733,3155,-4316,2159,-1113,running,0.00,0,0,0,0,0
1779747354891,6704,22130,3255,-4400,2072,-539,running,0.00,0,0,0,0,0
1779747354898,6817,20375,2693,-4495,1910,-347,running,0.00,0,0,0,0,0
1779747354900,6025,17288,555,-4277,1654,-318,running,0.00,0,0,0,0,0
1779747354923,8081,16618,-3125,-3769,1470,-283,running,0.00,0,0,0,0,0
1779747354925,9937,16165,-4883,-3032,1231,-214,running,0.00,0,0,0,0,0
1779747354928,13451,14160,-7226,-1981,1132,-15,running,0.00,0,0,0,0,0
1779747354951,13647,11839,-6749,-1095,844,189,running,0.00,0,0,0,0,0
1779747354956,15235,9417,-6676,-328,790,265,running,0.00,0,0,0,0,0
1779747354957,17892,6999,-7037,240,815,331,running,0.00,0,0,0,0,0
1779747354983,19316,5122,-5981,628,693,420,running,0.00,0,0,0,0,0
1779747354984,18843,3545,-5167,889,476,496,running,0.00,0,0,0,0,0
1779747354985,17706,2132,-4732,1008,316,499,running,0.00,0,0,0,0,0
1779747355014,17154,935,-3813,1152,223,461,running,0.00,0,0,0,0,0
1779747355015,16454,768,-2601,1228,105,451,running,0.00,0,0,0,0,0
1779747355015,15164,1766,-1453,1293,-94,432,running,0.00,0,0,0,0,0
1779747355043,12417,4649,262,1454,-271,355,running,0.00,0,0,0,0,0
1779747355044,11000,7457,1954,1537,-370,25,running,0.00,0,0,0,0,0
1779747355044,12452,10862,2647,1584,-589,-2,running,0.00,0,0,0,0,0
1779747355073,9228,12029,2509,1607,-1059,267,running,0.00,0,0,0,0,0
1779747355074,6733,11586,3642,1558,-1513,460,running,0.00,0,0,0,0,0
1779747355075,6234,13105,5265,1657,-1759,899,running,0.00,0,0,0,0,0
1779747355102,4022,18633,9993,1735,-2135,1311,running,0.00,0,0,0,0,0
1779747355103,92,28096,14197,1787,-2472,1381,running,0.00,0,0,0,0,0
1779747355104,-6241,32767,16771,1782,-2788,1081,running,0.00,0,0,0,0,0
1779747355133,-11854,32767,17053,1350,-3221,893,running,0.00,0,0,0,0,0
1779747355134,-21388,32654,19147,1248,-3690,1305,running,0.00,0,0,0,0,0
1779747355135,-31172,32767,26294,2280,-3472,2644,running,0.00,0,0,0,0,0
1779747355162,-32768,32767,31122,3127,-3062,3390,running,0.00,0,0,0,0,0
1779747355166,-32689,32765,31653,2792,-2806,3473,running,0.00,0,0,0,0,0
1779747355167,-32714,32767,31660,2607,-2510,3962,running,0.00,0,0,0,0,0
1779747355195,-32768,32499,28218,3063,-2258,4748,running,0.00,0,0,0,0,0
1779747355195,-32768,31639,17240,3671,-1872,5179,running,0.00,0,0,0,0,0
1779747355196,-30752,25815,10603,2530,-2567,4894,running,0.00,0,0,0,0,0
1779747355226,-27730,20371,11326,1131,-3307,4705,running,0.00,0,0,0,0,0
1779747355229,-26710,21997,8636,1069,-3399,4489,running,0.00,0,0,0,0,0
1779747355229,-24772,17624,6306,1381,-3680,4050,running,0.00,0,0,0,0,0
1779747355253,-24446,11438,4958,1440,-3940,3613,running,0.00,0,0,0,0,0
1779747355254,-22368,8807,2688,1648,-3930,2987,running,0.00,0,0,0,0,0
1779747355255,-20163,2886,1656,2149,-3772,2331,running,0.00,0,0,0,0,0
1779747355283,-16345,2024,-1207,2301,-3536,1793,running,0.00,0,0,0,0,0
1779747355291,-11972,-648,493,2557,-3479,1148,running,0.00,0,0,0,0,0
1779747355292,-7705,-6643,1829,2508,-3507,814,running,0.00,0,0,0,0,0
1779747355311,-10343,-2417,4604,2444,-3488,874,running,0.00,0,0,0,0,0
1779747355313,-10032,-3775,4226,2800,-3197,414,running,0.00,0,0,0,0,0
1779747355314,-9099,-6897,3471,2922,-3115,-40,running,0.00,0,0,0,0,0
1779747355342,-9646,-12520,5456,2942,-3100,-248,running,0.00,0,0,0,0,0
1779747355350,-9847,-16770,5469,2639,-3008,-179,running,0.00,0,0,0,0,0
1779747355351,-10492,-18814,5178,2125,-2942,-68,running,0.00,0,0,0,0,0
1779747355372,-12127,-17694,5009,1444,-3135,-317,running,0.00,0,0,0,0,0
1779747355372,-15409,-11599,9306,229,-2624,-1514,running,0.00,0,0,0,0,0
1779747355373,-12927,-10508,10575,115,-1864,-2097,running,0.00,0,0,0,0,0
1779747355405,-16886,-14689,11565,248,-1380,-2465,running,0.00,0,0,0,0,0
1779747355406,-17139,-15670,14538,467,-753,-2308,running,0.00,0,0,0,0,0
1779747355407,-14493,-15253,11671,566,-110,-2295,running,0.00,0,0,0,0,0
1779747355432,-17847,-18413,16288,-9,552,-2906,running,0.00,0,0,0,0,0
1779747355433,-16030,-9228,11245,-946,2185,-3003,running,0.00,0,0,0,0,0
1779747355434,-6557,-2365,4169,-671,1924,-3546,running,0.00,0,0,0,0,0
1779747355464,-13766,-7355,9774,-713,1462,-4090,running,0.00,0,0,0,0,0
1779747355464,-17521,-6236,9871,-994,1808,-4162,running,0.00,0,0,0,0,0
1779747355465,-17090,-4365,8093,-1508,2142,-4494,running,0.00,0,0,0,0,0
1779747355502,-16885,-2710,6179,-1983,2255,-5002,running,0.00,0,0,0,0,0
1779747355503,-16770,-1816,5807,-2367,2278,-5371,running,0.00,0,0,0,0,0
1779747355504,-19298,3061,7270,-2869,2318,-5771,running,0.00,0,0,0,0,0
1779747355524,-23807,11724,9740,-3442,2380,-6160,running,0.00,0,0,0,0,0
1779747355524,-31267,19860,10809,-3925,2117,-6250,running,0.00,0,0,0,0,0
1779747355525,-32768,26677,8540,-4680,1734,-5366,running,0.00,0,0,0,0,0
1779747355557,-32665,32454,10192,-5384,1695,-3025,running,0.00,0,0,0,0,0
1779747355558,-32728,32767,-1215,-5471,2571,-2884,running,0.00,0,0,0,0,0
1779747355559,-32768,32687,-6459,-5008,2093,-5434,running,0.00,0,0,0,0,0
1779747355582,-32767,32749,-1845,-4939,960,-4090,running,0.00,0,0,0,0,0
1779747355583,-32767,32767,642,-3741,889,-2013,running,0.00,0,0,0,0,0
1779747355584,-32240,32766,3197,-2859,1061,-1244,running,0.00,0,0,0,0,0
1779747355615,-24742,32766,3617,-2061,1222,-879,running,0.00,0,0,0,0,0
1779747355615,-14761,31173,309,-1761,1348,-764,running,0.00,0,0,0,0,0
1779747355616,-7395,26830,-954,-2130,1032,-953,running,0.00,0,0,0,0,0
1779747355644,2085,21908,-662,-2281,829,-1028,running,0.00,0,0,0,0,0
1779747355645,6265,21225,240,-2417,743,-255,running,0.00,0,0,0,0,0
1779747355646,-2165,19181,2801,-2347,620,70,running,0.00,0,0,0,0,0
1779747355671,2845,18005,-28,-2459,859,-15,running,0.00,0,0,0,0,0
1779747355673,5995,14278,-36,-3287,496,-251,running,0.00,0,0,0,0,0
1779747355673,-789,13577,1034,-3459,373,-164,running,0.00,0,0,0,0,0
1779747355703,-2705,7605,1295,-3359,374,-317,running,0.00,0,0,0,0,0
1779747355704,13592,15909,-6300,-2677,1110,757,running,0.00,0,0,0,0,0
1779747355705,10982,16518,-7708,-1369,672,1860,running,0.00,0,0,0,0,0
1779747355764,2693,7090,-3752,-1312,345,1839,running,0.00,0,0,0,0,0
1779747355766,8262,6417,-5969,-1311,858,1458,running,0.00,0,0,0,0,0
1779747355771,13282,6435,-6550,-879,910,1245,running,0.00,0,0,0,0,0
1779747355771,13056,4801,-5870,-711,719,1242,running,0.00,0,0,0,0,0
1779747355772,12758,4276,-5220,-780,775,1323,running,0.00,0,0,0,0,0
1779747355772,12885,5327,-5257,-683,783,1334,running,0.00,0,0,0,0,0
1779747355792,12884,4951,-4579,-536,778,1357,running,0.00,0,0,0,0,0
1779747355793,11468,4520,-3755,-549,700,1470,running,0.00,0,0,0,0,0
1779747355794,9905,5637,-3404,-477,616,1476,running,0.00,0,0,0,0,0
1779747355827,8952,6309,-2731,-351,532,1377,running,0.00,0,0,0,0,0
1779747355828,8047,7225,-2312,-280,390,1332,running,0.00,0,0,0,0,0
1779747355828,7218,7836,-2313,-231,245,1365,running,0.00,0,0,0,0,0
1779747355851,6040,9867,-2072,-43,115,1447,running,0.00,0,0,0,0,0
1779747355851,3674,13144,-1601,297,37,1560,running,0.00,0,0,0,0,0
1779747355852,1938,16058,-1369,617,28,1706,running,0.00,0,0,0,0,0
1779747355881,381,17891,-552,1040,-92,1945,running,0.00,0,0,0,0,0
1779747355883,-172,17893,864,1548,-292,2215,running,0.00,0,0,0,0,0
1779747355884,-448,20503,3178,1947,-566,2579,running,0.00,0,0,0,0,0
1779747355913,-1201,27994,5306,2167,-887,3073,running,0.00,0,0,0,0,0
1779747355916,-1710,32767,5813,2145,-1274,3513,running,0.00,0,0,0,0,0
1779747355917,-4615,32767,5221,1772,-1831,3907,running,0.00,0,0,0,0,0
1779747355944,-13763,32658,3057,1074,-2131,3993,running,0.00,0,0,0,0,0
1779747355945,-23268,32767,3081,822,-2232,3575,running,0.00,0,0,0,0,0
1779747355946,-32768,32767,8086,984,-1902,3431,running,0.00,0,0,0,0,0
1779747355975,-32768,32765,10594,633,-1657,3788,running,0.00,0,0,0,0,0
1779747355976,-32605,32767,16039,827,-1770,4061,running,0.00,0,0,0,0,0
1779747355977,-32755,32692,22819,1496,-1678,3607,running,0.00,0,0,0,0,0
1779747356004,-32596,21903,12000,830,-1218,1258,running,0.00,0,0,0,0,0
1779747356005,-22284,6043,3847,-485,-1979,2362,running,0.00,0,0,0,0,0
1779747356006,-16982,25849,4476,-1003,-2882,5729,running,0.00,0,0,0,0,0
1779747356034,-27205,32020,3502,482,-3253,6118,running,0.00,0,0,0,0,0
1779747356035,-28172,19015,1794,1035,-3932,4037,running,0.00,0,0,0,0,0
1779747356035,-27479,156,3630,-206,-4092,1569,running,0.00,0,0,0,0,0
1779747356063,-15202,1425,-1244,-187,-3902,1391,running,0.00,0,0,0,0,0
1779747356063,-15981,9822,-2286,1383,-3458,2121,running,0.00,0,0,0,0,0
1779747356064,-9475,7403,-7224,2697,-3343,2052,running,0.00,0,0,0,0,0
1779747356093,-4465,4076,-3344,2862,-3798,2133,running,0.00,0,0,0,0,0
1779747356094,-9524,-2516,1575,3101,-3727,1498,running,0.00,0,0,0,0,0
1779747356095,-9372,-5591,-21,3724,-3218,924,running,0.00,0,0,0,0,0
1779747356122,-7381,-9156,-704,3404,-3124,588,running,0.00,0,0,0,0,0
1779747356123,-6786,-9931,812,2956,-3057,254,running,0.00,0,0,0,0,0
1779747356123,-7023,-12347,2932,3155,-3025,1,running,0.00,0,0,0,0,0
1779747356153,-7949,-19385,6942,2777,-2963,-262,running,0.00,0,0,0,0,0
1779747356153,-8653,-13675,5751,2456,-2097,417,running,0.00,0,0,0,0,0
1779747356154,-9049,-14198,5078,2354,-2034,627,running,0.00,0,0,0,0,0
1779747356183,-11209,-21346,8135,1872,-2410,32,running,0.00,0,0,0,0,0
1779747356183,-13634,-21669,9575,1021,-2289,-642,running,0.00,0,0,0,0,0
1779747356185,-13147,-16532,8111,435,-1864,-1368,running,0.00,0,0,0,0,0
1779747356212,-11352,-13882,7643,-252,-1350,-2134,running,0.00,0,0,0,0,0
1779747356213,-12351,-12670,8960,-666,-1015,-2539,running,0.00,0,0,0,0,0
1779747356214,-12893,-9909,8665,-796,-411,-2706,running,0.00,0,0,0,0,0
1779747356244,-12369,-8274,8275,-804,289,-2981,running,0.00,0,0,0,0,0
1779747356245,-12930,-5710,7452,-876,902,-2916,running,0.00,0,0,0,0,0
1779747356248,-12153,-3397,6260,-695,1389,-3104,running,0.00,0,0,0,0,0
1779747356275,-15496,-8135,7993,-870,1380,-3496,running,0.00,0,0,0,0,0
1779747356275,-17452,-13715,9004,-1435,1528,-3338,running,0.00,0,0,0,0,0
1779747356276,-14140,3645,10252,-1580,1926,-2202,running,0.00,0,0,0,0,0
1779747356306,-16152,2005,6916,-2171,2178,-4396,running,0.00,0,0,0,0,0
1779747356307,-16569,-12131,10147,-4116,2580,-5680,running,0.00,0,0,0,0,0
1779747356307,-26850,14914,10803,-4497,3067,-4363,running,0.00,0,0,0,0,0
1779747356336,-32768,32767,17415,-3838,3753,-4981,running,0.00,0,0,0,0,0
1779747356336,-32768,32767,6494,-3405,4402,-6022,running,0.00,0,0,0,0,0
1779747356337,-32617,32375,6322,-3435,3613,-5628,running,0.00,0,0,0,0,0
1779747356359,-32768,32767,5646,-2691,2967,-4877,running,0.00,0,0,0,0,0
1779747356360,-32768,32767,905,-2687,2592,-3933,running,0.00,0,0,0,0,0
1779747356361,-32765,32759,-6317,-3763,2369,-2603,running,0.00,0,0,0,0,0
1779747356391,-32437,32767,-6807,-4200,1686,-1592,running,0.00,0,0,0,0,0
1779747356391,-28503,32767,-3384,-4225,1119,-1071,running,0.00,0,0,0,0,0
1779747356392,-18082,32767,-3047,-4112,1448,-783,running,0.00,0,0,0,0,0
1779747356420,-16004,30380,-6707,-3806,1649,-759,running,0.00,0,0,0,0,0
1779747356420,-19129,25786,2808,-3884,740,-1414,running,0.00,0,0,0,0,0
1779747356420,-10117,26217,-477,-3005,1504,-685,running,0.00,0,0,0,0,0
1779747356456,-619,27377,-6375,-2616,1336,-748,running,0.00,0,0,0,0,0
1779747356457,5051,20432,-408,-2934,676,-973,running,0.00,0,0,0,0,0
1779747356458,6528,18556,-3786,-2307,1203,-71,running,0.00,0,0,0,0,0
1779747356481,5179,16661,-988,-2550,875,30,running,0.00,0,0,0,0,0
1779747356510,2318,15678,-3204,-2479,1181,130,running,0.00,0,0,0,0,0
1779747356511,6486,13455,-5525,-1531,1414,539,running,0.00,0,0,0,0,0
1779747356511,9097,16452,-8410,-1430,1165,608,running,0.00,0,0,0,0,0
1779747356511,8981,9024,-5095,-656,1064,527,running,0.00,0,0,0,0,0
1779747356512,11943,5511,-5227,-387,1123,776,running,0.00,0,0,0,0,0
1779747356539,15403,5144,-6356,-477,721,874,running,0.00,0,0,0,0,0
1779747356540,14948,3474,-3252,-497,372,908,running,0.00,0,0,0,0,0
1779747356540,15342,2700,-3075,-444,394,1191,running,0.00,0,0,0,0,0
1779747356570,15094,3972,-3811,-609,552,1445,running,0.00,0,0,0,0,0
1779747356571,14896,3911,-3394,-609,574,1528,running,0.00,0,0,0,0,0
1779747356571,14216,4881,-2466,-552,485,1583,running,0.00,0,0,0,0,0
1779747356599,13746,6018,-1851,-390,398,1606,running,0.00,0,0,0,0,0
1779747356601,12764,7194,-921,-316,264,1673,running,0.00,0,0,0,0,0
1779747356605,11354,8907,-203,-228,128,1761,running,0.00,0,0,0,0,0
1779747356630,10376,10904,-226,-67,-5,1848,running,0.00,0,0,0,0,0
1779747356631,8633,12872,-83,82,-199,1958,running,0.00,0,0,0,0,0
1779747356632,6958,16124,326,273,-350,2174,running,0.00,0,0,0,0,0
1779747356659,5136,19591,995,498,-544,2385,running,0.00,0,0,0,0,0
1779747356660,3114,23235,958,783,-754,2616,running,0.00,0,0,0,0,0
1779747356660,1872,27450,2541,1201,-1008,2901,running,0.00,0,0,0,0,0
1779747356690,1479,32126,4454,1738,-1323,3234,running,0.00,0,0,0,0,0
1779747356691,1080,32767,5411,2060,-1621,3660,running,0.00,0,0,0,0,0
1779747356691,940,32718,6183,2076,-1965,3976,running,0.00,0,0,0,0,0
1779747356720,-1623,32743,5967,1677,-2435,3973,running,0.00,0,0,0,0,0
1779747356722,-9356,32767,6642,996,-2505,3852,running,0.00,0,0,0,0,0
1779747356723,-20978,32767,9852,720,-2412,3574,running,0.00,0,0,0,0,0
1779747356757,-29407,32766,11263,807,-2309,3880,running,0.00,0,0,0,0,0
1779747356758,-32768,32767,13047,806,-2176,5111,running,0.00,0,0,0,0,0
1779747356759,-32768,32767,13430,1120,-2152,5559,running,0.00,0,0,0,0,0
1779747356784,-31994,32767,10939,924,-2534,4460,running,0.00,0,0,0,0,0
1779747356784,-25167,30607,9224,572,-3143,3719,running,0.00,0,0,0,0,0
1779747356784,-25349,22847,10508,664,-2986,4457,running,0.00,0,0,0,0,0
1779747356828,-23220,23081,2242,884,-2485,4924,running,0.00,0,0,0,0,0
1779747356829,-16874,22499,118,427,-3004,3853,running,0.00,0,0,0,0,0
1779747356830,-14099,14577,484,285,-3614,3074,running,0.00,0,0,0,0,0
1779747356888,-10435,8924,-806,13,-3881,2808,running,0.00,0,0,0,0,0
1779747356889,-11949,5313,-284,-113,-4214,2235,running,0.00,0,0,0,0,0
1779747356889,-11122,4510,-1191,405,-3969,1680,running,0.00,0,0,0,0,0
1779747356901,-7637,822,-2559,684,-3823,1221,running,0.00,0,0,0,0,0
1779747356902,-6639,-285,-2445,577,-4113,922,running,0.00,0,0,0,0,0
1779747356902,-6959,1472,520,932,-3982,517,running,0.00,0,0,0,0,0
1779747356923,-6194,942,1333,2016,-3558,126,running,0.00,0,0,0,0,0
1779747356923,-5738,-5704,101,2445,-3398,-265,running,0.00,0,0,0,0,0
1779747356924,-7371,-15528,5533,1718,-3622,-815,running,0.00,0,0,0,0,0
1779747356929,-8710,-15581,4504,684,-3189,-982,running,0.00,0,0,0,0,0
1779747356930,-5568,-12433,2293,572,-2989,-920,running,0.00,0,0,0,0,0
1779747356931,-10531,-13673,3870,776,-3456,-954,running,0.00,0,0,0,0,0
1779747356960,-16313,-12018,8922,1161,-4103,-1455,running,0.00,0,0,0,0,0
1779747356960,-17423,-19351,11724,935,-3296,-2204,running,0.00,0,0,0,0,0
1779747356961,-16781,-13553,7492,276,-2089,-2168,running,0.00,0,0,0,0,0
1779747356990,-17469,-9969,8885,333,-1631,-2493,running,0.00,0,0,0,0,0
1779747356991,-15909,-11075,9023,-144,-904,-3207,running,0.00,0,0,0,0,0
1779747356991,-13362,-9062,8307,-457,-617,-3671,running,0.00,0,0,0,0,0
1779747357020,-14106,-11997,12569,-768,-129,-4007,running,0.00,0,0,0,0,0
1779747357022,-16265,-6981,9190,-1045,560,-3957,running,0.00,0,0,0,0,0
1779747357024,-18022,-7359,13613,-1070,901,-4460,running,0.00,0,0,0,0,0
1779747357049,-16725,-6819,10368,-1357,1629,-4409,running,0.00,0,0,0,0,0
1779747357050,-18283,-5001,10082,-1279,1671,-4075,running,0.00,0,0,0,0,0
1779747357050,-21455,-5639,8442,-1727,1926,-4288,running,0.00,0,0,0,0,0
1779747357083,-21666,2284,3987,-2399,1769,-4500,running,0.00,0,0,0,0,0
1779747357110,-26408,-3717,10166,-3567,1619,-5931,running,0.00,0,0,0,0,0
1779747357111,-31747,15164,11098,-4710,2654,-5194,running,0.00,0,0,0,0,0
1779747357111,-32768,32767,12903,-4012,3178,-4880,running,0.00,0,0,0,0,0
1779747357112,-32725,32767,13538,-3626,3354,-5414,running,0.00,0,0,0,0,0
1779747357112,-32735,32413,11889,-3415,3158,-5581,running,0.00,0,0,0,0,0
1779747357143,-32768,32767,14779,-2593,2809,-5715,running,0.00,0,0,0,0,0
1779747357144,-32768,32767,8726,-3025,2246,-4752,running,0.00,0,0,0,0,0
1779747357144,-32767,32760,5437,-4092,1343,-3222,running,0.00,0,0,0,0,0
1779747357169,-32709,32766,5534,-4682,983,-3224,running,0.00,0,0,0,0,0
1779747357171,-26683,32767,6853,-5027,935,-2905,running,0.00,0,0,0,0,0
1779747357172,-10708,32767,3078,-4928,987,-1404,running,0.00,0,0,0,0,0
1779747357199,-7460,32767,-4278,-4449,684,-621,running,0.00,0,0,0,0,0
1779747357200,-18475,32628,1502,-3405,-202,-1920,running,0.00,0,0,0,0,0
1779747357200,3276,29367,4986,-2505,439,-1950,running,0.00,0,0,0,0,0
1779747357229,6649,32117,-2579,-1603,1344,-292,running,0.00,0,0,0,0,0
1779747357229,4411,28665,-2601,-1226,1256,-257,running,0.00,0,0,0,0,0
1779747357230,5382,20606,-1018,-779,1028,-517,running,0.00,0,0,0,0,0
1779747357264,7880,17296,-2596,-518,1091,165,running,0.00,0,0,0,0,0
1779747357265,8050,13434,-3637,-963,965,678,running,0.00,0,0,0,0,0
1779747357265,12637,9282,-6597,-973,563,835,running,0.00,0,0,0,0,0
1779747357291,8964,10069,-5817,-163,304,1278,running,0.00,0,0,0,0,0
1779747357292,4624,7550,-960,-609,1123,1398,running,0.00,0,0,0,0,0
1779747357292,11525,5390,-8460,-1456,1860,1534,running,0.00,0,0,0,0,0
1779747357320,14163,2972,-7705,-633,1096,1502,running,0.00,0,0,0,0,0
1779747357320,13412,341,-4037,-812,1012,1760,running,0.00,0,0,0,0,0
1779747357321,13285,1289,-3740,-1077,1238,1987,running,0.00,0,0,0,0,0
1779747357353,15768,409,-5003,-1050,1427,1973,running,0.00,0,0,0,0,0
1779747357354,15806,999,-3500,-1170,1100,2055,running,0.00,0,0,0,0,0
1779747357356,13948,2152,-1680,-827,868,2195,running,0.00,0,0,0,0,0
1779747357380,13533,3186,-1654,-582,798,2241,running,0.00,0,0,0,0,0
1779747357381,12805,4577,-86,-516,620,2195,running,0.00,0,0,0,0,0
1779747357381,11350,6201,1416,-409,448,2141,running,0.00,0,0,0,0,0
1779747357410,10774,8114,1487,-182,276,2125,running,0.00,0,0,0,0,0
1779747357411,10192,9233,897,120,31,2183,running,0.00,0,0,0,0,0
1779747357412,8849,10814,237,372,-250,2312,running,0.00,0,0,0,0,0
1779747357439,6820,13250,1213,712,-515,2393,running,0.00,0,0,0,0,0
1779747357439,4441,16789,2413,986,-756,2261,running,0.00,0,0,0,0,0
1779747357441,2896,17674,5244,1122,-1145,1653,running,0.00,0,0,0,0,0
1779747357469,228,24972,6306,1612,-1286,2061,running,0.00,0,0,0,0,0
1779747357471,-51,25387,7632,1949,-1490,2381,running,0.00,0,0,0,0,0
1779747357471,2636,29759,8844,2040,-1940,3186,running,0.00,0,0,0,0,0
1779747357500,2497,32767,9189,1986,-2341,4180,running,0.00,0,0,0,0,0
1779747357502,-232,32767,8384,1791,-2692,4428,running,0.00,0,0,0,0,0
1779747357502,-5314,32691,8786,1114,-3009,4035,running,0.00,0,0,0,0,0
1779747357529,-16496,32767,12509,806,-2964,3417,running,0.00,0,0,0,0,0
1779747357532,-26920,32767,14097,1103,-2512,2964,running,0.00,0,0,0,0,0
1779747357532,-32768,32765,14424,1435,-2222,3169,running,0.00,0,0,0,0,0
1779747357559,-32633,32767,12022,2193,-1743,4433,running,0.00,0,0,0,0,0
1779747357560,-26618,32767,6951,1363,-1895,4703,running,0.00,0,0,0,0,0
1779747357561,-13802,32338,3199,987,-2419,4416,running,0.00,0,0,0,0,0
1779747357592,-19568,22470,6350,163,-3015,3892,running,0.00,0,0,0,0,0
1779747357592,-22182,16029,4854,-406,-3031,3838,running,0.00,0,0,0,0,0
1779747357593,-13817,13569,926,-207,-3312,3360,running,0.00,0,0,0,0,0
1779747357619,-12496,8679,1216,-372,-3775,2587,running,0.00,0,0,0,0,0
1779747357619,-10767,8099,-2223,-126,-3840,1938,running,0.00,0,0,0,0,0
1779747357620,-9180,5776,-2619,359,-3869,1229,running,0.00,0,0,0,0,0
1779747357649,-7929,1918,-1827,1184,-3614,573,running,0.00,0,0,0,0,0
1779747357649,-5819,-594,-4156,1906,-3315,157,running,0.00,0,0,0,0,0
1779747357650,-3956,-3662,-3014,2489,-3331,-94,running,0.00,0,0,0,0,0
1779747357680,-5988,-10197,515,2422,-3335,-314,running,0.00,0,0,0,0,0
1779747357683,-7483,-15013,1098,1857,-3215,-639,running,0.00,0,0,0,0,0
1779747357683,-4495,-11906,4236,1559,-3223,-1194,running,0.00,0,0,0,0,0
1779747357709,-8425,-13656,7330,2011,-2976,-1896,running,0.00,0,0,0,0,0
1779747357710,-8425,-19585,7261,1702,-2734,-1990,running,0.00,0,0,0,0,0
1779747357710,-11335,-19949,5091,953,-2934,-1803,running,0.00,0,0,0,0,0
1779747357739,-14318,-18614,7922,377,-3070,-2181,running,0.00,0,0,0,0,0
1779747357740,-13477,-15511,6397,-101,-3202,-2492,running,0.00,0,0,0,0,0
1779747357740,-16238,-12195,7403,-226,-2468,-2827,running,0.00,0,0,0,0,0
1779747357769,-10328,-17624,6977,-666,-1888,-3131,running,0.00,0,0,0,0,0
1779747357770,-17096,-10417,6264,-890,-1544,-2851,running,0.00,0,0,0,0,0
1779747357772,-20045,-3752,10251,-806,-729,-3484,running,0.00,0,0,0,0,0
1779747357799,-11305,-6897,8543,-1059,845,-3937,running,0.00,0,0,0,0,0
1779747357799,-9829,-2644,3363,-910,1341,-4000,running,0.00,0,0,0,0,0
1779747357799,-14156,-5830,5304,-845,1130,-4402,running,0.00,0,0,0,0,0
1779747357829,-18498,-7864,11215,-1315,1255,-4417,running,0.00,0,0,0,0,0
1779747357829,-17999,-6180,11494,-2087,1738,-4002,running,0.00,0,0,0,0,0
1779747357830,-27246,1293,8111,-3194,1972,-4549,running,0.00,0,0,0,0,0
1779747357859,-28215,11565,21419,-4202,2393,-5385,running,0.00,0,0,0,0,0
1779747357859,-30664,28701,18775,-3446,3032,-4721,running,0.00,0,0,0,0,0
1779747357860,-32768,32767,9387,-3313,3220,-5481,running,0.00,0,0,0,0,0
1779747357889,-32768,32613,5445,-3404,2539,-6183,running,0.00,0,0,0,0,0
1779747357889,-32713,32636,8830,-3046,1976,-5019,running,0.00,0,0,0,0,0
1779747357889,-32768,32767,11081,-2894,1820,-3869,running,0.00,0,0,0,0,0
1779747357919,-32768,32767,8517,-3182,1853,-2931,running,0.00,0,0,0,0,0
1779747357919,-32527,32763,6718,-3185,1581,-2023,running,0.00,0,0,0,0,0
1779747357919,-31319,32767,9215,-2823,1637,-1396,running,0.00,0,0,0,0,0
1779747357949,-29873,32767,7707,-2838,1972,-1415,running,0.00,0,0,0,0,0
1779747357949,-16366,31686,1603,-2840,1980,-1791,running,0.00,0,0,0,0,0
1779747357950,-3483,28845,824,-1983,1333,-1669,running,0.00,0,0,0,0,0
1779747357979,1040,29759,-229,-1570,733,-932,running,0.00,0,0,0,0,0
1779747357979,5870,27586,128,-2099,438,-999,running,0.00,0,0,0,0,0
1779747357980,5044,23186,-57,-2717,622,-1273,running,0.00,0,0,0,0,0
1779747358009,9043,19238,-2543,-2746,919,-1145,running,0.00,0,0,0,0,0
1779747358009,5594,24547,-4544,-3133,472,-768,running,0.00,0,0,0,0,0
1779747358010,-2212,21065,-2755,-2462,358,-758,running,0.00,0,0,0,0,0
1779747358039,677,13937,-4768,-1561,844,-21,running,0.00,0,0,0,0,0
1779747358039,2987,17776,-7471,-1424,790,551,running,0.00,0,0,0,0,0
1779747358040,3967,11009,-7015,-1295,697,-72,running,0.00,0,0,0,0,0
1779747358071,10051,3062,-6745,-1456,767,-119,running,0.00,0,0,0,0,0
1779747358072,12460,6426,-6662,-1217,788,919,running,0.00,0,0,0,0,0
1779747358073,14284,8064,-8128,-970,645,1510,running,0.00,0,0,0,0,0
1779747358100,13291,6025,-6537,-917,409,1669,running,0.00,0,0,0,0,0
1779747358101,10854,6089,-6551,-642,599,1927,running,0.00,0,0,0,0,0
1779747358102,11982,5524,-6656,-456,526,1967,running,0.00,0,0,0,0,0
1779747358129,11603,3780,-5743,-298,396,1984,running,0.00,0,0,0,0,0
1779747358130,9965,3634,-4929,-267,416,2098,running,0.00,0,0,0,0,0
1779747358131,9690,5863,-4552,-181,478,2197,running,0.00,0,0,0,0,0
1779747358159,8587,5795,-4065,201,456,2206,running,0.00,0,0,0,0,0
1779747358160,7465,5577,-3667,428,472,2277,running,0.00,0,0,0,0,0
1779747358161,7389,5707,-3358,526,449,2321,running,0.00,0,0,0,0,0
1779747358189,7564,6030,-2369,618,355,2385,running,0.00,0,0,0,0,0
1779747358190,7419,7831,-2598,816,341,2582,running,0.00,0,0,0,0,0
1779747358191,6657,8630,-2078,902,93,2594,running,0.00,0,0,0,0,0
1779747358219,5865,10429,-1433,772,-23,2478,running,0.00,0,0,0,0,0
1779747358220,5030,12574,-530,932,-131,2452,running,0.00,0,0,0,0,0
1779747358221,3781,15513,467,1313,-226,2538,running,0.00,0,0,0,0,0
1779747358250,3171,17207,1992,1606,-357,2562,running,0.00,0,0,0,0,0
1779747358251,1741,20499,4074,1799,-581,2564,running,0.00,0,0,0,0,0
1779747358252,1347,24096,7548,1766,-799,2470,running,0.00,0,0,0,0,0
1779747358280,3418,30597,8396,1238,-1192,2669,running,0.00,0,0,0,0,0
1779747358280,3661,32767,5182,340,-1583,3301,running,0.00,0,0,0,0,0
1779747358281,-1718,32760,2763,-197,-2085,3522,running,0.00,0,0,0,0,0
1779747358309,-14275,32706,9082,356,-2183,2980,running,0.00,0,0,0,0,0
1779747358310,-29349,32767,13563,1066,-1755,2330,running,0.00,0,0,0,0,0
1779747358311,-32768,32767,15577,1224,-1749,1909,running,0.00,0,0,0,0,0
1779747358339,-32726,32765,18383,1198,-1901,1896,running,0.00,0,0,0,0,0
1779747358340,-32668,32554,15649,1511,-1785,3584,running,0.00,0,0,0,0,0
1779747358341,-32505,30023,11582,1401,-1975,5438,running,0.00,0,0,0,0,0
1779747358370,-26679,32480,2685,313,-2366,5427,running,0.00,0,0,0,0,0
1779747358371,-19226,31150,-151,-601,-3089,4201,running,0.00,0,0,0,0,0
1779747358371,-21840,22738,489,-1128,-3645,3556,running,0.00,0,0,0,0,0
1779747358399,-21844,15737,115,-1153,-3861,3150,running,0.00,0,0,0,0,0
1779747358400,-20432,11546,-601,-674,-3974,2661,running,0.00,0,0,0,0,0
1779747358401,-16560,10192,-1666,266,-3887,2218,running,0.00,0,0,0,0,0
1779747358429,-16195,5229,-1756,1023,-3766,1716,running,0.00,0,0,0,0,0
1779747358430,-13451,1818,-2452,1468,-3522,1167,running,0.00,0,0,0,0,0
1779747358431,-11061,-4196,-1963,1791,-3371,587,running,0.00,0,0,0,0,0
1779747358459,-7986,-4082,-937,1801,-3144,195,running,0.00,0,0,0,0,0
1779747358460,-7869,-10816,1740,2002,-2919,-241,running,0.00,0,0,0,0,0
1779747358461,-8411,-14234,1360,1198,-2645,-395,running,0.00,0,0,0,0,0
1779747358488,-10027,-6986,3011,1579,-2424,-634,running,0.00,0,0,0,0,0
1779747358489,-10285,-13573,6111,2731,-2279,-737,running,0.00,0,0,0,0,0
1779747358490,-9401,-15639,5701,2314,-2305,-1010,running,0.00,0,0,0,0,0
1779747358520,-13897,-20659,11097,2213,-2304,-1333,running,0.00,0,0,0,0,0
1779747358520,-16205,-23792,10358,1363,-1857,-1533,running,0.00,0,0,0,0,0
1779747358521,-14546,-19395,7207,341,-1069,-1991,running,0.00,0,0,0,0,0
1779747358550,-12867,-14561,7414,-169,-1111,-2773,running,0.00,0,0,0,0,0
1779747358551,-14997,-12373,8592,-645,-806,-3296,running,0.00,0,0,0,0,0
1779747358552,-11251,-9933,6568,-932,-221,-3507,running,0.00,0,0,0,0,0
1779747358579,-13249,-9722,5955,-902,-87,-3426,running,0.00,0,0,0,0,0
1779747358580,-13388,-7095,6436,-983,-242,-3554,running,0.00,0,0,0,0,0
1779747358581,-15462,-5712,7808,-1048,291,-3533,running,0.00,0,0,0,0,0
1779747358611,-19486,-4455,11050,-1225,837,-3726,running,0.00,0,0,0,0,0
1779747358612,-12706,-1764,4714,-1799,1917,-4278,running,0.00,0,0,0,0,0
1779747358613,-17613,-1230,9501,-1789,1061,-4673,running,0.00,0,0,0,0,0
1779747358640,-19799,-3682,13260,-2699,2439,-5302,running,0.00,0,0,0,0,0
1779747358641,-26051,21157,14928,-3513,2206,-5449,running,0.00,0,0,0,0,0
1779747358642,-32768,29745,20589,-4079,2451,-5658,running,0.00,0,0,0,0,0
1779747358670,-32768,32767,11243,-3971,3061,-5409,running,0.00,0,0,0,0,0
1779747358671,-31750,32686,6110,-3281,3450,-5318,running,0.00,0,0,0,0,0
1779747358672,-32768,32688,4794,-2915,2379,-5299,running,0.00,0,0,0,0,0
1779747358700,-32768,32767,5282,-3579,1478,-3546,running,0.00,0,0,0,0,0
1779747358700,-32747,32767,6069,-3647,1726,-2469,running,0.00,0,0,0,0,0
1779747358701,-28942,32765,2476,-3655,1928,-2053,running,0.00,0,0,0,0,0
1779747358729,-20807,32767,-338,-3239,1854,-993,running,0.00,0,0,0,0,0
1779747358730,-14728,32767,-1031,-2640,1686,-294,running,0.00,0,0,0,0,0
1779747358731,-12544,31067,-110,-2602,1305,-631,running,0.00,0,0,0,0,0
1779747358760,-5428,24494,5220,-3183,998,-1214,running,0.00,0,0,0,0,0
1779747358761,-6160,21228,3483,-3573,1548,-965,running,0.00,0,0,0,0,0
1779747358761,-3945,24064,-397,-3278,1971,-790,running,0.00,0,0,0,0,0
1779747358790,7609,21038,-3377,-3134,1624,-280,running,0.00,0,0,0,0,0
1779747358790,3080,22970,-2914,-3317,915,-50,running,0.00,0,0,0,0,0
1779747358791,-1405,19571,-2013,-2614,843,88,running,0.00,0,0,0,0,0
1779747358820,1451,19438,-5368,-1908,986,986,running,0.00,0,0,0,0,0
1779747358820,4571,16263,-7552,-1168,1008,1109,running,0.00,0,0,0,0,0
1779747358821,7957,11109,-6557,-800,650,968,running,0.00,0,0,0,0,0
1779747358850,5703,8352,-6338,-789,536,818,running,0.00,0,0,0,0,0
1779747358850,6195,6466,-6427,-521,657,678,running,0.00,0,0,0,0,0
1779747358851,9742,4058,-7189,-478,635,803,running,0.00,0,0,0,0,0
1779747358880,11319,3756,-6712,-639,449,1038,running,0.00,0,0,0,0,0
1779747358880,10822,5012,-4909,-345,310,1270,running,0.00,0,0,0,0,0
1779747358881,12171,4964,-5439,138,409,1515,running,0.00,0,0,0,0,0
1779747358916,13224,2436,-4956,319,207,1682,running,0.00,0,0,0,0,0
1779747358919,12444,1746,-4105,201,234,1803,running,0.00,0,0,0,0,0
1779747358920,13026,2296,-3873,170,203,1816,running,0.00,0,0,0,0,0
1779747358940,12658,3369,-3584,336,77,1801,running,0.00,0,0,0,0,0
1779747358941,11525,4026,-3115,423,-91,1800,running,0.00,0,0,0,0,0
1779747358942,9984,4037,-2213,474,-251,1798,running,0.00,0,0,0,0,0
1779747358970,8791,5690,-1923,524,-290,1872,running,0.00,0,0,0,0,0
1779747358971,8191,7667,-2013,669,-382,1967,running,0.00,0,0,0,0,0
1779747358972,6900,9092,-2021,987,-503,2071,running,0.00,0,0,0,0,0
1779747359000,5599,11310,-1534,1352,-590,2168,running,0.00,0,0,0,0,0
1779747359001,4415,13687,-848,1706,-708,2252,running,0.00,0,0,0,0,0
1779747359002,3087,15650,205,1978,-842,2383,running,0.00,0,0,0,0,0
1779747359029,2031,17978,1607,2188,-968,2607,running,0.00,0,0,0,0,0
1779747359029,1053,21532,3165,2243,-1148,2960,running,0.00,0,0,0,0,0
1779747359030,432,27809,4562,2102,-1344,3363,running,0.00,0,0,0,0,0
1779747359059,887,32767,3955,1742,-1604,3615,running,0.00,0,0,0,0,0
1779747359060,-996,32767,1615,1171,-1928,3674,running,0.00,0,0,0,0,0
1779747359060,-4917,32672,1292,956,-1959,3168,running,0.00,0,0,0,0,0
1779747359090,-14815,32767,5386,1016,-1831,2492,running,0.00,0,0,0,0,0
1779747359091,-29372,32767,8732,1086,-1653,2390,running,0.00,0,0,0,0,0
1779747359091,-32768,32765,11776,1532,-1717,2661,running,0.00,0,0,0,0,0
1779747359120,-32706,32767,16544,1815,-1763,3171,running,0.00,0,0,0,0,0
1779747359121,-32667,31852,14948,2193,-1341,3651,running,0.00,0,0,0,0,0
1779747359122,-29169,31752,9207,1533,-1221,4518,running,0.00,0,0,0,0,0
1779747359150,-21907,32767,6028,939,-1663,4838,running,0.00,0,0,0,0,0
1779747359151,-18282,29591,1663,441,-2031,4241,running,0.00,0,0,0,0,0
1779747359152,-21046,18016,4472,-763,-2931,3622,running,0.00,0,0,0,0,0
1779747359180,-20058,12360,2597,-1291,-3177,3132,running,0.00,0,0,0,0,0
1779747359180,-15874,11257,-1080,-1486,-3421,2620,running,0.00,0,0,0,0,0
1779747359181,-14821,13905,-2138,-1158,-3612,2039,running,0.00,0,0,0,0,0
1779747359210,-12652,9217,-2685,-154,-3533,1409,running,0.00,0,0,0,0,0
1779747359210,-10770,5465,-2681,449,-3402,872,running,0.00,0,0,0,0,0
1779747359211,-9150,230,-2328,981,-3334,342,running,0.00,0,0,0,0,0
1779747359239,-7586,-448,-604,1207,-3262,-77,running,0.00,0,0,0,0,0
1779747359240,-6259,-1894,-138,1998,-3111,-527,running,0.00,0,0,0,0,0
1779747359241,-5039,-15075,1199,2005,-3019,-779,running,0.00,0,0,0,0,0
1779747359270,-9801,-10153,1494,908,-2923,-770,running,0.00,0,0,0,0,0
1779747359271,-10165,-7369,482,1727,-2566,-1212,running,0.00,0,0,0,0,0
1779747359272,-6554,-13954,1433,1755,-2804,-1458,running,0.00,0,0,0,0,0
1779747359300,-11269,-13605,6141,1397,-2852,-1685,running,0.00,0,0,0,0,0
1779747359301,-14114,-13437,8184,1698,-2147,-1813,running,0.00,0,0,0,0,0
1779747359302,-15444,-17152,7027,1559,-1851,-2081,running,0.00,0,0,0,0,0
1779747359330,-14732,-19206,6841,777,-1387,-2255,running,0.00,0,0,0,0,0
1779747359330,-14133,-15341,6422,89,-1096,-2422,running,0.00,0,0,0,0,0
1779747359331,-14643,-12630,7565,-208,-873,-2831,running,0.00,0,0,0,0,0
1779747359360,-13694,-10018,7568,-499,-379,-3093,running,0.00,0,0,0,0,0
1779747359360,-12694,-7541,7250,-536,119,-3199,running,0.00,0,0,0,0,0
1779747359361,-12023,-6406,7743,-544,574,-3380,running,0.00,0,0,0,0,0
1779747359390,-12060,-5715,7717,-600,998,-3517,running,0.00,0,0,0,0,0
1779747359391,-13808,-2632,7271,-544,1333,-3689,running,0.00,0,0,0,0,0
1779747359391,-13962,-3393,6797,-522,1581,-4034,running,0.00,0,0,0,0,0
1779747359420,-14374,-4692,5440,-779,1766,-4173,running,0.00,0,0,0,0,0
1779747359420,-14667,-7926,5781,-1262,1696,-3935,running,0.00,0,0,0,0,0
1779747359421,-16201,4375,8147,-1945,1942,-3253,running,0.00,0,0,0,0,0
1779747359450,-22734,25973,12328,-2563,2399,-3747,running,0.00,0,0,0,0,0
1779747359451,-29147,32767,10921,-3036,2753,-5059,running,0.00,0,0,0,0,0
1779747359451,-32292,32767,5441,-3192,2420,-5579,running,0.00,0,0,0,0,0
1779747359480,-32768,32586,3450,-3453,1859,-5225,running,0.00,0,0,0,0,0
1779747359481,-32750,32767,2162,-3318,1365,-4747,running,0.00,0,0,0,0,0
1779747359482,-32753,32767,566,-3867,958,-3777,running,0.00,0,0,0,0,0
1779747359509,-32768,32763,1385,-4618,683,-2505,running,0.00,0,0,0,0,0
1779747359509,-32557,32767,-1490,-4440,705,-1281,running,0.00,0,0,0,0,0
1779747359510,-29205,32767,-714,-3926,679,-862,running,0.00,0,0,0,0,0
1779747359540,-22633,32767,-464,-3450,777,-750,running,0.00,0,0,0,0,0
1779747359541,-15373,31462,-2828,-3206,756,-827,running,0.00,0,0,0,0,0
1779747359542,-15219,27521,-558,-3192,526,-1221,running,0.00,0,0,0,0,0
1779747359569,-14548,25475,-1002,-2988,698,-1329,running,0.00,0,0,0,0,0
1779747359571,-3864,21085,-4060,-2488,940,-1301,running,0.00,0,0,0,0,0
1779747359571,3801,25405,-5830,-1969,953,-173,running,0.00,0,0,0,0,0
1779747359600,5383,24717,-5638,-1260,314,721,running,0.00,0,0,0,0,0
1779747359601,2476,15960,-4797,-1207,164,876,running,0.00,0,0,0,0,0
1779747359602,-875,12845,-3674,-1690,216,742,running,0.00,0,0,0,0,0
1779747359630,-2940,14905,-6032,-1414,706,737,running,0.00,0,0,0,0,0
1779747359631,2856,13691,-9889,-661,863,991,running,0.00,0,0,0,0,0
1779747359632,4337,9183,-8403,-652,492,1219,running,0.00,0,0,0,0,0
1779747359660,5031,6245,-7409,-698,425,1320,running,0.00,0,0,0,0,0
1779747359660,5704,3343,-5539,-815,665,1363,running,0.00,0,0,0,0,0
1779747359661,8184,8005,-8354,-800,780,1278,running,0.00,0,0,0,0,0
1779747359690,8342,6232,-6499,-489,505,1363,running,0.00,0,0,0,0,0
1779747359691,7058,6568,-4808,-248,623,1737,running,0.00,0,0,0,0,0
1779747359692,8366,4941,-5682,40,852,1819,running,0.00,0,0,0,0,0
1779747359720,10652,4378,-7562,21,697,1767,running,0.00,0,0,0,0,0
1779747359720,7626,3977,-4926,159,549,1976,running,0.00,0,0,0,0,0
1779747359721,7501,3930,-4720,184,465,2086,running,0.00,0,0,0,0,0
1779747359750,7067,3868,-4553,195,390,2274,running,0.00,0,0,0,0,0
1779747359751,6675,5027,-4381,307,192,2435,running,0.00,0,0,0,0,0
1779747359752,5930,4683,-3065,579,20,2588,running,0.00,0,0,0,0,0
1779747359780,5666,5354,-3048,697,-6,2745,running,0.00,0,0,0,0,0
1779747359780,5057,7290,-2177,906,-156,2815,running,0.00,0,0,0,0,0
1779747359781,3909,8257,-723,1337,-319,2854,running,0.00,0,0,0,0,0
1779747359810,3829,8173,-22,1744,-397,2941,running,0.00,0,0,0,0,0
1779747359811,3792,7148,1097,2053,-528,3038,running,0.00,0,0,0,0,0
1779747359811,3972,7467,2348,2257,-602,3175,running,0.00,0,0,0,0,0
1779747359840,5750,10277,4585,2170,-906,3200,running,0.00,0,0,0,0,0
1779747359841,7937,14410,8799,1761,-1400,3020,running,0.00,0,0,0,0,0
1779747359841,10675,25366,7667,1142,-1610,3119,running,0.00,0,0,0,0,0
1779747359870,10875,32767,1488,771,-1807,3064,running,0.00,0,0,0,0,0
1779747359871,3665,32767,3214,1302,-1690,2074,running,0.00,0,0,0,0,0
1779747359871,-9957,32593,12999,1528,-1369,681,running,0.00,0,0,0,0,0
1779747359899,-24949,32767,19251,1258,-1308,409,running,0.00,0,0,0,0,0
1779747359900,-32768,32767,21840,1272,-1752,1503,running,0.00,0,0,0,0,0
1779747359901,-32768,32763,23125,1179,-2122,2322,running,0.00,0,0,0,0,0
1779747359930,-32626,32767,20384,1207,-2253,2763,running,0.00,0,0,0,0,0
1779747359930,-31136,32470,13672,593,-2517,2935,running,0.00,0,0,0,0,0
1779747359931,-22611,32512,7896,-496,-2808,3425,running,0.00,0,0,0,0,0
1779747359960,-20658,32767,4606,-496,-2922,3656,running,0.00,0,0,0,0,0
1779747359961,-17751,26283,-886,577,-2902,3242,running,0.00,0,0,0,0,0
1779747359962,-17180,26309,1589,332,-3744,3787,running,0.00,0,0,0,0,0
1779747359990,-26589,21116,3767,584,-3656,3672,running,0.00,0,0,0,0,0
1779747359992,-24470,17302,2442,1039,-3389,2655,running,0.00,0,0,0,0,0
1779747359992,-19136,10826,-165,1277,-3131,2175,running,0.00,0,0,0,0,0
1779747360019,-14281,9460,-1183,1235,-3109,1917,running,0.00,0,0,0,0,0
1779747360020,-11367,5112,-891,1241,-3154,1559,running,0.00,0,0,0,0,0
1779747360021,-8802,2505,-735,823,-3158,1176,running,0.00,0,0,0,0,0
1779747360049,-7050,1514,-1064,661,-3122,799,running,0.00,0,0,0,0,0
1779747360051,-5373,576,-1009,545,-3071,451,running,0.00,0,0,0,0,0
1779747360051,-6235,-1141,633,414,-2961,162,running,0.00,0,0,0,0,0
1779747360080,-6024,-3457,-1326,236,-2721,-41,running,0.00,0,0,0,0,0
1779747360081,-7202,-1762,-935,-329,-2827,-364,running,0.00,0,0,0,0,0
1779747360081,-5750,-4125,-300,-126,-2845,-722,running,0.00,0,0,0,0,0
1779747360110,-7055,-6542,293,-6,-2622,-651,running,0.00,0,0,0,0,0
1779747360111,-10674,-1682,264,257,-2401,-719,running,0.00,0,0,0,0,0
1779747360111,-10029,-4630,1831,842,-2037,-996,running,0.00,0,0,0,0,0
1779747360140,-7883,-6489,-779,1234,-1853,-975,running,0.00,0,0,0,0,0
1779747360140,-10434,-8026,1135,1313,-1308,-981,running,0.00,0,0,0,0,0
1779747360141,-6796,-6847,-810,1194,-1023,-1140,running,0.00,0,0,0,0,0
1779747360170,-10069,-7418,1704,1229,-791,-1329,running,0.00,0,0,0,0,0
1779747360171,-6182,-7122,-407,972,-694,-1520,running,0.00,0,0,0,0,0
1779747360171,-8728,-4418,1081,954,-269,-1567,running,0.00,0,0,0,0,0
1779747360200,-4160,-4132,-542,1057,-185,-1694,running,0.00,0,0,0,0,0
1779747360202,-6886,-2507,1612,1170,127,-1762,running,0.00,0,0,0,0,0
1779747360203,-6614,-1061,1537,1222,570,-1929,running,0.00,0,0,0,0,0
1779747360229,-6861,-1008,2990,1321,940,-2082,running,0.00,0,0,0,0,0
1779747360230,-10136,-4861,5805,1001,1819,-2111,running,0.00,0,0,0,0,0
1779747360231,-1801,4974,-2033,745,2525,-1942,running,0.00,0,0,0,0,0
1779747360260,-319,2122,875,1037,1718,-2546,running,0.00,0,0,0,0,0
1779747360260,-4835,-3666,5950,390,1513,-2667,running,0.00,0,0,0,0,0
1779747360261,-7044,-117,6832,-646,1639,-2459,running,0.00,0,0,0,0,0
1779747360290,-10953,17270,6323,-1322,1824,-2846,running,0.00,0,0,0,0,0
1779747360291,-14839,21558,3391,-2000,1906,-4234,running,0.00,0,0,0,0,0
1779747360292,-19504,21926,2376,-2737,1675,-4992,running,0.00,0,0,0,0,0
1779747360320,-29475,30342,842,-2842,1420,-5215,running,0.00,0,0,0,0,0
1779747360320,-32768,32767,-1461,-2838,1237,-5469,running,0.00,0,0,0,0,0
1779747360321,-32757,32730,-4539,-2790,967,-5277,running,0.00,0,0,0,0,0
1779747360350,-32676,32696,-6681,-2690,544,-4662,running,0.00,0,0,0,0,0
1779747360352,-32768,32767,-4733,-2381,355,-3958,running,0.00,0,0,0,0,0
1779747360352,-32768,32767,-3943,-2451,478,-3241,running,0.00,0,0,0,0,0
1779747360380,-29689,32223,-5280,-2597,596,-2639,running,0.00,0,0,0,0,0
1779747360381,-24323,30886,-7055,-2621,459,-2045,running,0.00,0,0,0,0,0
1779747360382,-21282,29636,-7035,-2415,116,-1651,running,0.00,0,0,0,0,0
1779747360409,-24877,27379,-1877,-3199,8,-2255,running,0.00,0,0,0,0,0
1779747360410,-20747,27357,-7081,-2962,760,-2190,running,0.00,0,0,0,0,0
1779747360411,-10987,26470,-9566,-1813,636,-1461,running,0.00,0,0,0,0,0
1779747360442,-7445,23052,-6252,-1251,3,-1207,running,0.00,0,0,0,0,0
1779747360444,-5460,20725,-5514,-1012,-70,-1219,running,0.00,0,0,0,0,0
1779747360447,-2807,17762,-4390,-756,-144,-1048,running,0.00,0,0,0,0,0
1779747360473,-2493,16245,-4553,-783,-152,-831,running,0.00,0,0,0,0,0
1779747360475,-673,14942,-5013,-847,-192,-942,running,0.00,0,0,0,0,0
1779747360477,622,13746,-3674,-837,-464,-977,running,0.00,0,0,0,0,0
1779747360503,1006,12728,-3614,-796,-733,-843,running,0.00,0,0,0,0,0
1779747360505,-959,15162,-2971,-258,-810,-418,running,0.00,0,0,0,0,0
1779747360507,-1020,14328,-3890,15,-569,-17,running,0.00,0,0,0,0,0
1779747360531,1227,11467,-4946,-311,-383,-46,running,0.00,0,0,0,0,0
1779747360532,2998,12865,-6898,-335,-424,-28,running,0.00,0,0,0,0,0
1779747360533,3669,13826,-6755,254,-530,285,running,0.00,0,0,0,0,0
1779747360563,3266,10895,-5267,785,-591,568,running,0.00,0,0,0,0,0
1779747360565,3635,9543,-6095,727,-455,557,running,0.00,0,0,0,0,0
1779747360567,5341,8476,-6835,789,-524,438,running,0.00,0,0,0,0,0
1779747360594,3159,8414,-5572,1052,-563,586,running,0.00,0,0,0,0,0
1779747360595,1523,8280,-5018,1272,-361,734,running,0.00,0,0,0,0,0
1779747360597,2459,8969,-6063,1532,-172,833,running,0.00,0,0,0,0,0
1779747360625,3133,8781,-6585,1947,-199,951,running,0.00,0,0,0,0,0
1779747360627,2919,7273,-5327,2332,-267,999,running,0.00,0,0,0,0,0
1779747360629,2112,4820,-4103,2419,-168,1084,running,0.00,0,0,0,0,0
1779747360654,3098,6734,-5519,2260,-64,1212,running,0.00,0,0,0,0,0
1779747360655,2448,5410,-3982,2339,-192,1365,running,0.00,0,0,0,0,0
1779747360655,2265,5607,-3497,2309,-222,1577,running,0.00,0,0,0,0,0
1779747360684,1501,4810,-2168,2283,-255,1708,running,0.00,0,0,0,0,0
1779747360687,811,4481,-1535,2201,-153,1805,running,0.00,0,0,0,0,0
1779747360690,984,4464,-1592,2088,-83,1826,running,0.00,0,0,0,0,0
1779747360711,1759,4054,-1444,2052,-99,1770,running,0.00,0,0,0,0,0
1779747360713,1522,3419,-177,2059,-139,1766,running,0.00,0,0,0,0,0
1779747360716,1200,5146,344,2014,-201,1822,running,0.00,0,0,0,0,0
1779747360742,863,8738,289,1969,-126,1722,running,0.00,0,0,0,0,0
1779747360744,-44,15364,-327,1881,4,1395,running,0.00,0,0,0,0,0
1779747360746,-2696,23518,-466,1705,121,974,running,0.00,0,0,0,0,0
1779747360774,-5525,28902,-1955,1657,186,528,running,0.00,0,0,0,0,0
1779747360776,-10008,31162,-2522,1458,249,-68,running,0.00,0,0,0,0,0
1779747360778,-13341,29949,671,1149,411,-595,running,0.00,0,0,0,0,0
1779747360803,-25369,32767,-1590,889,396,-908,running,0.00,0,0,0,0,0
1779747360805,-32768,32767,625,708,-62,-1259,running,0.00,0,0,0,0,0
1779747360807,-32640,32763,982,-1245,-362,-140,running,0.00,0,0,0,0,0
1779747360835,-32764,32767,4867,-1666,-92,606,running,0.00,0,0,0,0,0
1779747360837,-32768,32766,4644,-2192,438,1412,running,0.00,0,0,0,0,0
1779747360839,-30893,32539,861,-2420,681,1948,running,0.00,0,0,0,0,0
1779747360865,-24790,28068,534,-2228,378,2097,running,0.00,0,0,0,0,0
1779747360867,-20526,20719,756,-1978,136,2236,running,0.00,0,0,0,0,0
1779747360869,-17337,17545,-205,-1793,102,2413,running,0.00,0,0,0,0,0
1779747360894,-14822,14828,-1117,-1761,-110,2445,running,0.00,0,0,0,0,0
1779747360896,-13243,15068,-1939,-1716,-464,2453,running,0.00,0,0,0,0,0
1779747360899,-10607,13991,-3109,-1303,-763,2548,running,0.00,0,0,0,0,0
1779747360923,-10296,11359,-2915,-935,-1095,2604,running,0.00,0,0,0,0,0
1779747360925,-11465,10079,-1959,-607,-1355,2541,running,0.00,0,0,0,0,0
1779747360927,-11273,8788,-1701,-184,-1458,2339,running,0.00,0,0,0,0,0
1779747360953,-10527,8432,-2425,295,-1572,2157,running,0.00,0,0,0,0,0
1779747360955,-10190,7737,-2560,897,-1694,2020,running,0.00,0,0,0,0,0
1779747360957,-9247,5751,-3066,1508,-1718,1831,running,0.00,0,0,0,0,0
1779747360983,-7914,3093,-3677,1943,-1742,1562,running,0.00,0,0,0,0,0
1779747360985,-6230,707,-3861,2233,-1812,1308,running,0.00,0,0,0,0,0
1779747360987,-5126,-862,-3825,2466,-1943,1192,running,0.00,0,0,0,0,0
1779747361014,-5413,-2231,-3074,2641,-2093,1126,running,0.00,0,0,0,0,0
1779747361016,-5386,-2992,-2853,2644,-2153,985,running,0.00,0,0,0,0,0
1779747361019,-4813,-3256,-2661,2576,-2162,789,running,0.00,0,0,0,0,0
1779747361043,-4358,-3423,-2883,2532,-2177,612,running,0.00,0,0,0,0,0
1779747361045,-4118,-3414,-2805,2545,-2209,430,running,0.00,0,0,0,0,0
1779747361048,-4376,-4205,-2573,2524,-2221,223,running,0.00,0,0,0,0,0
1779747361073,-4670,-4565,-2556,2334,-2179,-5,running,0.00,0,0,0,0,0
1779747361076,-4772,-3467,-2363,2162,-2135,-261,running,0.00,0,0,0,0,0
1779747361078,-4610,-3080,-2586,2086,-2142,-521,running,0.00,0,0,0,0,0
1779747361103,-4758,-3048,-2548,1872,-2162,-761,running,0.00,0,0,0,0,0
1779747361105,-5512,-2109,-2232,1610,-2160,-1083,running,0.00,0,0,0,0,0
1779747361107,-6002,-844,-2165,1468,-2116,-1415,running,0.00,0,0,0,0,0
1779747361135,-6759,-281,-1534,1306,-2089,-1731,running,0.00,0,0,0,0,0
1779747361137,-7340,305,-1302,1036,-2038,-2067,running,0.00,0,0,0,0,0
1779747361139,-7942,2562,-1261,770,-1990,-2365,running,0.00,0,0,0,0,0
1779747361163,-9227,6066,-1391,667,-1953,-2646,running,0.00,0,0,0,0,0
1779747361165,-10746,9302,-1335,623,-1902,-2946,running,0.00,0,0,0,0,0
1779747361168,-13067,12700,-1994,558,-1891,-3207,running,0.00,0,0,0,0,0
1779747361193,-15915,17088,-2656,600,-1812,-3408,running,0.00,0,0,0,0,0
1779747361195,-17971,19640,-3474,677,-1749,-3521,running,0.00,0,0,0,0,0
1779747361197,-20111,19571,-4271,580,-1758,-3405,running,0.00,0,0,0,0,0
1779747361223,-21473,19244,-4655,459,-1779,-3099,running,0.00,0,0,0,0,0
1779747361225,-21746,20386,-6199,186,-1954,-2747,running,0.00,0,0,0,0,0
1779747361227,-24081,21981,-5828,-273,-2052,-2427,running,0.00,0,0,0,0,0
1779747361253,-27471,20292,-5259,-713,-1851,-2193,running,0.00,0,0,0,0,0
1779747361255,-25312,23085,-6747,-1392,-1548,-1946,running,0.00,0,0,0,0,0
1779747361257,-24242,24638,-7979,-1897,-1405,-1949,running,0.00,0,0,0,0,0
1779747361279,-21321,23772,-8977,-2354,-1276,-1799,running,0.00,0,0,0,0,0
1779747361284,-20754,25228,-9027,-2385,-1060,-1573,running,0.00,0,0,0,0,0
1779747361285,-22689,25057,-8825,-2568,-916,-1554,running,0.00,0,0,0,0,0
1779747361313,-21024,24944,-8762,-2555,-576,-1473,running,0.00,0,0,0,0,0
1779747361315,-19615,24163,-9338,-2478,-334,-1337,running,0.00,0,0,0,0,0
1779747361317,-17632,23451,-12006,-2447,-51,-1286,running,0.00,0,0,0,0,0
1779747361343,-15528,20802,-12384,-2299,43,-1191,running,0.00,0,0,0,0,0
1779747361345,-14801,21572,-11502,-2248,41,-787,running,0.00,0,0,0,0,0
1779747361347,-15418,25352,-11132,-1618,54,-225,running,0.00,0,0,0,0,0
1779747361375,-15595,26082,-10912,-625,220,30,running,0.00,0,0,0,0,0
1779747361381,-15861,18252,-9752,623,446,119,running,0.00,0,0,0,0,0
1779747361386,-13247,14620,-8555,1715,677,223,running,0.00,0,0,0,0,0
1779747361404,-12384,12165,-5484,2673,761,252,running,0.00,0,0,0,0,0
1779747361406,-13452,9039,-2268,3185,857,305,running,0.00,0,0,0,0,0
1779747361408,-13723,7187,-1489,3448,1013,280,running,0.00,0,0,0,0,0
1779747361432,-11795,5081,-2911,3569,992,196,running,0.00,0,0,0,0,0
1779747361434,-13030,3113,-1455,3512,905,287,running,0.00,0,0,0,0,0
1779747361435,-12510,4563,-619,3274,818,473,running,0.00,0,0,0,0,0
1779747361464,-11790,4137,1890,2871,460,593,running,0.00,0,0,0,0,0
1779747361480,-11143,4457,1053,2268,434,596,running,0.00,0,0,0,0,0
1779747361482,-9971,6642,-1923,1974,431,467,running,0.00,0,0,0,0,0
1779747361494,-10183,7737,-1441,1886,387,307,running,0.00,0,0,0,0,0
1779747361495,-9380,8216,-1584,1959,372,169,running,0.00,0,0,0,0,0
1779747361496,-7355,5666,-377,1973,43,54,running,0.00,0,0,0,0,0
1779747361520,-7843,5269,1260,1704,-149,234,running,0.00,0,0,0,0,0
1779747361521,-8306,6654,-310,1340,-172,465,running,0.00,0,0,0,0,0
1779747361522,-8478,8863,-3088,1011,-245,560,running,0.00,0,0,0,0,0
1779747361556,-8473,12849,-6114,963,-237,706,running,0.00,0,0,0,0,0
1779747361558,-9629,15409,-7614,1209,-147,851,running,0.00,0,0,0,0,0
1779747361559,-7790,12897,-7879,1642,45,904,running,0.00,0,0,0,0,0
1779747361580,-7365,11439,-8540,2037,226,924,running,0.00,0,0,0,0,0
1779747361580,-5690,8148,-7839,2170,301,871,running,0.00,0,0,0,0,0
1779747361581,-5710,7460,-7805,2095,429,898,running,0.00,0,0,0,0,0
1779747361610,-6482,5494,-5972,2112,391,869,running,0.00,0,0,0,0,0
1779747361610,-6597,4493,-4725,1970,518,891,running,0.00,0,0,0,0,0
1779747361611,-5358,4686,-5397,1783,541,724,running,0.00,0,0,0,0,0
1779747361639,-7342,5042,-5302,1542,454,485,running,0.00,0,0,0,0,0
1779747361640,-7537,5359,-5234,1416,344,449,running,0.00,0,0,0,0,0
1779747361641,-8812,4090,-4243,1399,261,466,running,0.00,0,0,0,0,0
1779747361669,-9138,2329,-5120,1399,283,453,running,0.00,0,0,0,0,0
1779747361670,-8816,3188,-5999,1294,221,338,running,0.00,0,0,0,0,0
1779747361671,-9925,3801,-6440,1233,129,254,running,0.00,0,0,0,0,0
1779747361699,-11489,4040,-6723,1141,75,253,running,0.00,0,0,0,0,0
1779747361700,-12029,3643,-7474,927,-32,273,running,0.00,0,0,0,0,0
1779747361700,-12556,5005,-8720,626,-115,332,running,0.00,0,0,0,0,0
1779747361729,-13207,6476,-8703,509,-192,336,running,0.00,0,0,0,0,0
1779747361729,-13238,7125,-9009,613,-220,343,running,0.00,0,0,0,0,0
1779747361730,-13033,6819,-8874,857,-264,409,running,0.00,0,0,0,0,0
1779747361759,-13025,6005,-8612,935,-273,491,running,0.00,0,0,0,0,0
1779747361759,-11015,5659,-9209,860,-328,468,running,0.00,0,0,0,0,0
1779747361760,-11061,4641,-8306,821,-428,404,running,0.00,0,0,0,0,0
1779747361789,-10660,5304,-8096,747,-404,439,running,0.00,0,0,0,0,0
1779747361790,-9112,5982,-8743,817,-386,494,running,0.00,0,0,0,0,0
1779747361790,-8136,4650,-9697,939,-415,489,running,0.00,0,0,0,0,0
1779747361819,-8530,3330,-10399,789,-425,417,running,0.00,0,0,0,0,0
1779747361819,-9168,3191,-11664,459,-389,359,running,0.00,0,0,0,0,0
1779747361820,-9434,3689,-13060,170,-357,355,running,0.00,0,0,0,0,0
1779747361850,-10581,4353,-13785,-59,-323,394,running,0.00,0,0,0,0,0
1779747361851,-12566,6766,-13568,-259,-262,412,running,0.00,0,0,0,0,0
1779747361851,-14171,9036,-13510,-379,-180,369,running,0.00,0,0,0,0,0
1779747361879,-16573,11951,-12018,-476,-153,305,running,0.00,0,0,0,0,0
1779747361879,-19161,12922,-10776,-659,-150,291,running,0.00,0,0,0,0,0
1779747361880,-20174,15332,-12032,-1083,-106,411,running,0.00,0,0,0,0,0
1779747361909,-16601,22466,-7920,-1381,-26,767,running,0.00,0,0,0,0,0
1779747361910,-13083,18100,-6745,-536,-77,573,running,0.00,0,0,0,0,0
1779747361910,-13404,12140,-7474,320,-181,314,running,0.00,0,0,0,0,0
1779747361939,-17040,9245,-8729,442,-290,160,running,0.00,0,0,0,0,0
1779747361940,-18929,8776,-10036,285,-315,85,running,0.00,0,0,0,0,0
1779747361941,-18352,6804,-11256,404,-362,-117,running,0.00,0,0,0,0,0
1779747361969,-18682,6768,-10365,315,-498,-288,running,0.00,0,0,0,0,0
1779747361969,-20433,7680,-10319,-199,-587,-316,running,0.00,0,0,0,0,0
1779747361970,-20273,7715,-10873,-671,-636,-372,running,0.00,0,0,0,0,0
1779747362000,-19766,8144,-8666,-788,-730,-455,running,0.00,0,0,0,0,0
1779747362001,-19011,8755,-7012,-818,-738,-502,running,0.00,0,0,0,0,0
1779747362002,-17015,9735,-7114,-853,-777,-538,running,0.00,0,0,0,0,0
1779747362033,-15058,9569,-5987,-809,-916,-537,running,0.00,0,0,0,0,0
1779747362035,-15080,9669,-4195,-838,-1070,-491,running,0.00,0,0,0,0,0
1779747362037,-14266,11207,-3532,-791,-1147,-519,running,0.00,0,0,0,0,0
1779747362061,-12395,11849,-4603,-340,-1231,-509,running,0.00,0,0,0,0,0
1779747362062,-11683,12001,-4377,349,-1293,-334,running,0.00,0,0,0,0,0
1779747362064,-10793,10646,-3984,970,-1306,-213,running,0.00,0,0,0,0,0
1779747362093,-9614,8598,-4238,1291,-1312,-129,running,0.00,0,0,0,0,0
1779747362095,-8874,7052,-4138,1320,-1364,-84,running,0.00,0,0,0,0,0
1779747362096,-7761,6188,-4258,1215,-1369,-75,running,0.00,0,0,0,0,0
1779747362123,-6535,6273,-4608,1038,-1353,-84,running,0.00,0,0,0,0,0
1779747362124,-6254,6945,-4001,851,-1331,-120,running,0.00,0,0,0,0,0
1779747362127,-5167,7296,-3605,808,-1293,-132,running,0.00,0,0,0,0,0
1779747362153,-5356,8305,-3092,905,-1293,-100,running,0.00,0,0,0,0,0
1779747362155,-5531,9028,-2888,1076,-1288,-85,running,0.00,0,0,0,0,0
1779747362157,-6147,9056,-2460,1294,-1323,-51,running,0.00,0,0,0,0,0
1779747362181,-7124,8747,-2058,1489,-1355,7,running,0.00,0,0,0,0,0
1779747362183,-7087,7937,-1500,1672,-1369,100,running,0.00,0,0,0,0,0
1779747362185,-7015,7143,-670,1867,-1410,213,running,0.00,0,0,0,0,0
1779747362214,-7341,6533,-187,1974,-1473,315,running,0.00,0,0,0,0,0
1779747362216,-8362,5913,326,2055,-1498,375,running,0.00,0,0,0,0,0
1779747362218,-9034,6109,689,2117,-1526,396,running,0.00,0,0,0,0,0
1779747362240,-10463,5873,542,2252,-1590,401,running,0.00,0,0,0,0,0
1779747362240,-12012,4914,22,2460,-1615,384,running,0.00,0,0,0,0,0
1779747362241,-13612,3941,-164,2570,-1579,391,running,0.00,0,0,0,0,0
1779747362271,-14695,3559,-1614,2464,-1487,439,running,0.00,0,0,0,0,0
1779747362271,-15120,3545,-2899,2263,-1391,474,running,0.00,0,0,0,0,0
1779747362272,-15768,3978,-3603,2096,-1303,443,running,0.00,0,0,0,0,0
1779747362301,-17789,5484,-4290,2015,-1180,395,running,0.00,0,0,0,0,0
1779747362303,-18994,6099,-5277,1946,-971,361,running,0.00,0,0,0,0,0
1779747362304,-18951,6558,-5633,1908,-818,300,running,0.00,0,0,0,0,0
1779747362332,-18117,6329,-6334,1658,-718,238,running,0.00,0,0,0,0,0
1779747362333,-17420,5611,-6608,1230,-656,221,running,0.00,0,0,0,0,0
1779747362334,-16484,5472,-7351,788,-597,196,running,0.00,0,0,0,0,0
1779747362364,-15398,5818,-8286,431,-546,145,running,0.00,0,0,0,0,0
1779747362365,-15107,6499,-8440,211,-489,95,running,0.00,0,0,0,0,0
1779747362368,-14925,8238,-9148,198,-379,-21,running,0.00,0,0,0,0,0
1779747362393,-14189,8882,-10662,401,-277,-189,running,0.00,0,0,0,0,0
1779747362395,-14044,8418,-11278,579,-182,-376,running,0.00,0,0,0,0,0
1779747362397,-13435,7893,-11691,691,-100,-496,running,0.00,0,0,0,0,0
1779747362423,-13558,8310,-11270,762,-4,-542,running,0.00,0,0,0,0,0
1779747362425,-13504,8988,-9937,831,111,-575,running,0.00,0,0,0,0,0
1779747362427,-12987,10065,-7916,903,205,-611,running,0.00,0,0,0,0,0
1779747362453,-13412,10257,-5598,903,257,-617,running,0.00,0,0,0,0,0
1779747362455,-14382,10518,-5407,851,213,-643,running,0.00,0,0,0,0,0
1779747362457,-16518,11731,-5974,671,138,-621,running,0.00,0,0,0,0,0
1779747362483,-18751,12462,-7293,449,121,-584,running,0.00,0,0,0,0,0
1779747362484,-19823,11425,-7797,257,106,-505,running,0.00,0,0,0,0,0
1779747362485,-20649,9708,-7886,16,79,-391,running,0.00,0,0,0,0,0
1779747362512,-22349,8710,-10080,-187,66,-282,running,0.00,0,0,0,0,0
1779747362514,-22333,11015,-10050,-87,118,-51,running,0.00,0,0,0,0,0
1779747362514,-24120,7229,-5214,214,192,192,running,0.00,0,0,0,0,0
1779747362543,-25336,4577,-4969,708,354,309,running,0.00,0,0,0,0,0
1779747362544,-24504,3080,-3629,1059,466,487,running,0.00,0,0,0,0,0
1779747362545,-22477,2219,-1581,1022,541,673,running,0.00,0,0,0,0,0
1779747362571,-21207,2465,-301,942,551,768,running,0.00,0,0,0,0,0
1779747362572,-19317,1252,404,988,489,782,running,0.00,0,0,0,0,0
1779747362573,-17705,676,278,1034,381,783,running,0.00,0,0,0,0,0
1779747362600,-16711,901,-883,1064,269,760,running,0.00,0,0,0,0,0
1779747362601,-15971,2264,-2450,1101,192,707,running,0.00,0,0,0,0,0
1779747362602,-14842,3699,-4487,1265,162,690,running,0.00,0,0,0,0,0
1779747362630,-13875,4789,-5839,1380,169,647,running,0.00,0,0,0,0,0
1779747362631,-12590,5447,-5365,1361,171,601,running,0.00,0,0,0,0,0
1779747362632,-11490,7845,-3317,1200,150,597,running,0.00,0,0,0,0,0
1779747362661,-10154,8965,-2350,1193,87,598,running,0.00,0,0,0,0,0
1779747362662,-9349,9408,-4113,1356,-15,639,running,0.00,0,0,0,0,0
1779747362664,-8794,9889,-5661,1433,-121,750,running,0.00,0,0,0,0,0
1779747362692,-7986,10285,-6677,1452,-191,857,running,0.00,0,0,0,0,0
1779747362694,-7051,10598,-7666,1639,-192,931,running,0.00,0,0,0,0,0
1779747362696,-6167,9316,-7996,1913,-161,961,running,0.00,0,0,0,0,0
1779747362724,-6002,7860,-7602,2133,-113,964,running,0.00,0,0,0,0,0
1779747362728,-5907,5928,-7017,2279,-57,940,running,0.00,0,0,0,0,0
1779747362730,-6067,4495,-6206,2385,15,870,running,0.00,0,0,0,0,0
1779747362753,-7104,2950,-4784,2497,86,825,running,0.00,0,0,0,0,0
1779747362755,-7206,1945,-4160,2493,101,767,running,0.00,0,0,0,0,0
1779747362757,-8658,2649,-3924,2418,108,704,running,0.00,0,0,0,0,0
1779747362785,-9715,3261,-1559,2346,92,584,running,0.00,0,0,0,0,0
1779747362786,-10622,3130,904,2252,-12,519,running,0.00,0,0,0,0,0
1779747362788,-12000,3077,849,2129,-174,478,running,0.00,0,0,0,0,0
1779747362815,-14058,3268,1372,1894,-353,397,running,0.00,0,0,0,0,0
1779747362817,-17002,4731,1791,1667,-529,336,running,0.00,0,0,0,0,0
1779747362819,-18624,6305,828,1517,-684,345,running,0.00,0,0,0,0,0
1779747362845,-19313,7048,-253,1468,-795,361,running,0.00,0,0,0,0,0
1779747362847,-20250,6008,-1344,1428,-822,358,running,0.00,0,0,0,0,0
1779747362849,-20769,4513,-2818,1233,-787,398,running,0.00,0,0,0,0,0
1779747362874,-20852,2654,-3702,956,-706,489,running,0.00,0,0,0,0,0
1779747362876,-20728,1219,-5364,673,-582,533,running,0.00,0,0,0,0,0
1779747362878,-20972,544,-6416,429,-438,525,running,0.00,0,0,0,0,0
1779747362904,-21839,736,-6221,262,-304,520,running,0.00,0,0,0,0,0
1779747362906,-22279,108,-6812,164,-164,517,running,0.00,0,0,0,0,0
1779747362908,-20672,-662,-7977,177,-49,527,running,0.00,0,0,0,0,0
1779747362932,-21294,381,-7172,162,58,548,running,0.00,0,0,0,0,0
1779747362934,-20850,1270,-6233,116,167,525,running,0.00,0,0,0,0,0
1779747362936,-19477,2183,-5783,203,179,506,running,0.00,0,0,0,0,0
1779747362963,-19950,3696,-6637,227,208,459,running,0.00,0,0,0,0,0
1779747362964,-19574,5033,-7519,232,278,434,running,0.00,0,0,0,0,0
1779747362966,-17745,4428,-7910,380,320,418,running,0.00,0,0,0,0,0
1779747362993,-15412,2261,-8238,398,326,352,running,0.00,0,0,0,0,0
1779747362995,-13386,2559,-9115,109,338,169,running,0.00,0,0,0,0,0
1779747362997,-12813,2982,-9411,25,352,153,running,0.00,0,0,0,0,0
1779747363024,-10608,3039,-8855,18,397,189,running,0.00,0,0,0,0,0
1779747363025,-9927,2142,-8977,146,457,163,running,0.00,0,0,0,0,0
1779747363026,-10653,2227,-8777,268,511,125,running,0.00,0,0,0,0,0
1779747363053,-10850,2929,-8023,164,578,105,running,0.00,0,0,0,0,0
1779747363054,-10403,3877,-7573,-18,594,115,running,0.00,0,0,0,0,0
1779747363056,-11373,4345,-9052,-213,648,116,running,0.00,0,0,0,0,0
1779747363083,-11557,2808,-9403,-332,728,113,running,0.00,0,0,0,0,0
1779747363085,-9368,2016,-7612,-386,744,194,running,0.00,0,0,0,0,0
1779747363088,-7851,3653,-7020,-451,742,301,running,0.00,0,0,0,0,0
1779747363114,-7348,6577,-7202,-421,744,359,running,0.00,0,0,0,0,0
1779747363116,-7069,6828,-8288,-319,751,385,running,0.00,0,0,0,0,0
1779747363118,-6125,5160,-8865,-208,734,366,running,0.00,0,0,0,0,0
1779747363144,-4005,4812,-8370,-239,677,325,running,0.00,0,0,0,0,0
1779747363145,-2503,4950,-8440,-349,592,233,running,0.00,0,0,0,0,0
1779747363147,-2661,5157,-8747,-534,498,54,running,0.00,0,0,0,0,0
1779747363173,-4212,5694,-10271,-709,415,-130,running,0.00,0,0,0,0,0
1779747363175,-8830,9590,-11972,-860,354,-250,running,0.00,0,0,0,0,0
1779747363177,-14865,14098,-12920,-894,348,-299,running,0.00,0,0,0,0,0
1779747363204,-17310,12953,-12681,-685,366,-285,running,0.00,0,0,0,0,0
1779747363206,-16986,10567,-11881,-451,351,-229,running,0.00,0,0,0,0,0
1779747363209,-16368,9210,-11149,-344,284,-216,running,0.00,0,0,0,0,0
1779747363236,-16306,7429,-11017,-424,172,-217,running,0.00,0,0,0,0,0
1779747363237,-17138,6983,-10864,-600,19,-201,running,0.00,0,0,0,0,0
1779747363239,-18331,6724,-9943,-703,-124,-144,running,0.00,0,0,0,0,0
1779747363264,-19404,6368,-9069,-825,-264,-27,running,0.00,0,0,0,0,0
1779747363266,-21048,8601,-9262,-959,-367,122,running,0.00,0,0,0,0,0
1779747363268,-22311,11359,-8748,-953,-413,264,running,0.00,0,0,0,0,0
1779747363296,-22038,12159,-7613,-648,-418,411,running,0.00,0,0,0,0,0
1779747363327,-19591,10508,-6857,-137,-440,539,running,0.00,0,0,0,0,0
1779747363329,-16873,9005,-6449,294,-508,664,running,0.00,0,0,0,0,0
1779747363332,-14666,7140,-6784,497,-603,710,running,0.00,0,0,0,0,0
1779747363333,-13363,6037,-6657,390,-733,736,running,0.00,0,0,0,0,0
1779747363335,-12611,5650,-6721,34,-860,773,running,0.00,0,0,0,0,0
1779747363352,-12060,6348,-7371,-378,-981,777,running,0.00,0,0,0,0,0
1779747363354,-12403,8061,-7613,-692,-1043,733,running,0.00,0,0,0,0,0
1779747363364,-13101,9832,-7692,-869,-1056,688,running,0.00,0,0,0,0,0
1779747363380,-13938,11334,-7057,-1002,-1026,676,running,0.00,0,0,0,0,0
1779747363380,-14129,12243,-6404,-1022,-956,691,running,0.00,0,0,0,0,0
1779747363381,-13129,12807,-6021,-958,-853,718,running,0.00,0,0,0,0,0
1779747363412,-13084,13889,-5950,-799,-742,769,running,0.00,0,0,0,0,0
1779747363413,-13175,14191,-5949,-594,-624,805,running,0.00,0,0,0,0,0
1779747363414,-12328,12402,-5786,-498,-542,830,running,0.00,0,0,0,0,0
1779747363443,-10480,10654,-4832,-474,-479,854,running,0.00,0,0,0,0,0
1779747363444,-10129,10274,-4366,-362,-440,852,running,0.00,0,0,0,0,0
1779747363446,-9990,9241,-5415,-219,-413,767,running,0.00,0,0,0,0,0
1779747363477,-10765,8979,-5634,-16,-368,638,running,0.00,0,0,0,0,0
1779747363479,-11956,7731,-5510,139,-313,523,running,0.00,0,0,0,0,0
1779747363480,-12310,6705,-5647,41,-279,423,running,0.00,0,0,0,0,0
1779747363505,-13066,5959,-4933,-293,-292,331,running,0.00,0,0,0,0,0
1779747363507,-13941,5998,-5759,-668,-295,350,running,0.00,0,0,0,0,0
1779747363509,-13599,6894,-7618,-881,-241,348,running,0.00,0,0,0,0,0
1779747363535,-12386,8182,-7672,-815,-183,330,running,0.00,0,0,0,0,0
1779747363537,-12521,7984,-6601,-730,-201,296,running,0.00,0,0,0,0,0
1779747363539,-12107,7242,-7175,-905,-172,237,running,0.00,0,0,0,0,0
1779747363567,-11499,7738,-7047,-1132,-180,268,running,0.00,0,0,0,0,0
1779747363569,-11666,8696,-6989,-1416,-198,278,running,0.00,0,0,0,0,0
1779747363570,-11383,10019,-6971,-1706,-173,271,running,0.00,0,0,0,0,0
1779747363593,-11179,11410,-7246,-1776,-140,289,running,0.00,0,0,0,0,0
1779747363595,-10719,11424,-8001,-1753,-108,280,running,0.00,0,0,0,0,0
1779747363597,-10003,10394,-7485,-1616,-129,265,running,0.00,0,0,0,0,0
1779747363626,-9658,10387,-8125,-1501,-119,247,running,0.00,0,0,0,0,0
1779747363628,-9272,11280,-8223,-1386,-79,259,running,0.00,0,0,0,0,0
1779747363630,-9703,11446,-8920,-1246,-10,198,running,0.00,0,0,0,0,0
1779747363651,-10231,13237,-9287,-1011,56,164,running,0.00,0,0,0,0,0
1779747363653,-9864,12178,-8415,-586,111,146,running,0.00,0,0,0,0,0
1779747363654,-11606,10325,-7559,-221,292,61,running,0.00,0,0,0,0,0
1779747363682,-10895,10842,-8862,-367,417,26,running,0.00,0,0,0,0,0
1779747363684,-11269,9609,-8690,-1007,340,21,running,0.00,0,0,0,0,0
1779747363686,-11261,10153,-7744,-1279,396,55,running,0.00,0,0,0,0,0
1779747363713,-11294,11225,-8384,-1338,543,77,running,0.00,0,0,0,0,0
1779747363715,-10610,13015,-8816,-1327,647,80,running,0.00,0,0,0,0,0
1779747363717,-10011,12814,-7632,-1117,683,53,running,0.00,0,0,0,0,0
1779747363744,-10202,12243,-7339,-848,769,33,running,0.00,0,0,0,0,0
1779747363746,-9835,12762,-6738,-696,880,26,running,0.00,0,0,0,0,0
1779747363748,-10861,13435,-6688,-660,969,-6,running,0.00,0,0,0,0,0
1779747363774,-12210,14188,-7751,-679,1068,-64,running,0.00,0,0,0,0,0
1779747363775,-12738,14083,-6284,-587,1143,-79,running,0.00,0,0,0,0,0
1779747363777,-13381,13160,-4753,-595,1236,28,running,0.00,0,0,0,0,0
1779747363805,-14185,12619,-3817,-697,1344,179,running,0.00,0,0,0,0,0
1779747363808,-13482,12165,-2151,-790,1380,179,running,0.00,0,0,0,0,0
1779747363808,-12533,11755,-30,-741,1474,224,running,0.00,0,0,0,0,0
1779747363833,-14854,12553,532,-509,1637,251,running,0.00,0,0,0,0,0
1779747363835,-14938,12574,-1092,-438,1891,96,running,0.00,0,0,0,0,0
1779747363837,-13735,10988,-1631,-593,2065,-66,running,0.00,0,0,0,0,0
1779747363865,-14613,9791,-1416,-892,2089,-196,running,0.00,0,0,0,0,0
1779747363866,-15662,9592,-728,-1285,2023,-190,running,0.00,0,0,0,0,0
1779747363868,-16180,9985,-536,-1649,1933,13,running,0.00,0,0,0,0,0
1779747363893,-15451,11465,-280,-1903,1765,237,running,0.00,0,0,0,0,0
1779747363895,-14028,13358,-65,-1907,1612,469,running,0.00,0,0,0,0,0
1779747363896,-12754,14766,-947,-1688,1476,708,running,0.00,0,0,0,0,0
1779747363923,-11606,13386,-1484,-1364,1318,822,running,0.00,0,0,0,0,0
1779747363925,-9740,11077,-1586,-1145,1165,904,running,0.00,0,0,0,0,0
1779747363927,-8455,9486,-1083,-1074,981,971,running,0.00,0,0,0,0,0
1779747363956,-7922,7798,232,-1062,833,1062,running,0.00,0,0,0,0,0
1779747363958,-5738,7486,550,-1175,739,1211,running,0.00,0,0,0,0,0
1779747363960,-4384,7894,821,-1214,693,1231,running,0.00,0,0,0,0,0
1779747363983,-4482,8002,1511,-1246,654,1271,running,0.00,0,0,0,0,0
1779747363985,-4440,8192,2302,-1291,627,1317,running,0.00,0,0,0,0,0
1779747363987,-4661,8551,2704,-1495,501,1330,running,0.00,0,0,0,0,0
1779747364013,-4787,8454,2790,-1713,390,1338,running,0.00,0,0,0,0,0
1779747364015,-4391,9217,2676,-1857,323,1351,running,0.00,0,0,0,0,0
1779747364017,-4012,9729,2568,-1940,209,1317,running,0.00,0,0,0,0,0
1779747364043,-3592,9948,2268,-2031,97,1285,running,0.00,0,0,0,0,0
1779747364045,-3035,9766,2451,-2141,-32,1279,running,0.00,0,0,0,0,0
1779747364046,-2772,9231,3237,-2275,-190,1275,running,0.00,0,0,0,0,0
1779747364073,-2368,9287,3803,-2391,-328,1280,running,0.00,0,0,0,0,0
1779747364075,-1966,9784,4217,-2534,-489,1279,running,0.00,0,0,0,0,0
1779747364076,-2183,10069,4581,-2844,-859,1254,running,0.00,0,0,0,0,0
1779747364103,-2135,10537,4113,-2836,-924,1177,running,0.00,0,0,0,0,0
1779747364105,-1904,10844,3647,-2813,-1023,1069,running,0.00,0,0,0,0,0
1779747364107,-1673,10455,3623,-2889,-1204,973,running,0.00,0,0,0,0,0
1779747364134,-2052,10349,3808,-3015,-1359,917,running,0.00,0,0,0,0,0
1779747364135,-2168,10340,4964,-3076,-1448,868,running,0.00,0,0,0,0,0
1779747364137,-2674,10499,5573,-3151,-1552,815,running,0.00,0,0,0,0,0
1779747364164,-3130,11731,5427,-3109,-1618,742,running,0.00,0,0,0,0,0
1779747364165,-3280,12875,5420,-2928,-1662,616,running,0.00,0,0,0,0,0
1779747364167,-2834,13019,6140,-2752,-1665,515,running,0.00,0,0,0,0,0
1779747364193,-2962,12848,7355,-2650,-1664,447,running,0.00,0,0,0,0,0
1779747364194,-4000,13175,7566,-2579,-1670,376,running,0.00,0,0,0,0,0
1779747364196,-4678,14165,6272,-2409,-1660,295,running,0.00,0,0,0,0,0
1779747364224,-5196,15003,6175,-2150,-1672,183,running,0.00,0,0,0,0,0
1779747364226,-5379,15084,6917,-2100,-1686,124,running,0.00,0,0,0,0,0
1779747364227,-5367,14910,7779,-2134,-1715,142,running,0.00,0,0,0,0,0
1779747364250,-5431,15676,7283,-2060,-1731,147,running,0.00,0,0,0,0,0
1779747364251,-5576,16310,6298,-1850,-1714,105,running,0.00,0,0,0,0,0
1779747364252,-5156,15569,5848,-1659,-1704,44,running,0.00,0,0,0,0,0
1779747364284,-4671,14500,6413,-1552,-1712,-7,running,0.00,0,0,0,0,0
1779747364285,-4203,15096,6964,-1536,-1735,-3,running,0.00,0,0,0,0,0
1779747364287,-4206,16601,6903,-1474,-1755,18,running,0.00,0,0,0,0,0
1779747364313,-4489,17202,7823,-1140,-1702,9,running,0.00,0,0,0,0,0
1779747364314,-3799,16747,8691,-670,-1586,-90,running,0.00,0,0,0,0,0
1779747364316,-4180,17333,8909,-170,-1526,-124,running,0.00,0,0,0,0,0
1779747364339,-4336,17039,9729,316,-1462,-166,running,0.00,0,0,0,0,0
1779747364340,-4490,16936,9967,693,-1379,-251,running,0.00,0,0,0,0,0
1779747364340,-4490,15901,9768,932,-1324,-320,running,0.00,0,0,0,0,0
1779747364370,-5637,17837,8097,1205,-1264,-348,running,0.00,0,0,0,0,0
1779747364370,-5907,19797,8126,1532,-1148,-328,running,0.00,0,0,0,0,0
1779747364371,-5341,16853,7527,1698,-1076,-373,running,0.00,0,0,0,0,0
1779747364400,-5599,15527,8262,1827,-1054,-431,running,0.00,0,0,0,0,0
1779747364400,-5609,14762,9462,1702,-1092,-382,running,0.00,0,0,0,0,0
1779747364401,-5802,14856,9096,1499,-1204,-135,running,0.00,0,0,0,0,0
1779747364430,-6534,15313,8225,1310,-1280,-181,running,0.00,0,0,0,0,0
1779747364431,-5189,18743,5981,1516,-1032,-324,running,0.00,0,0,0,0,0
1779747364432,-4425,19920,5390,1677,-909,-270,running,0.00,0,0,0,0,0
1779747364460,-4530,18851,5191,1484,-929,-203,running,0.00,0,0,0,0,0
1779747364462,-4516,18968,6055,1350,-873,-125,running,0.00,0,0,0,0,0
1779747364463,-4483,20739,7150,1192,-872,-120,running,0.00,0,0,0,0,0
1779747364489,-4842,23779,8159,972,-915,-15,running,0.00,0,0,0,0,0
1779747364489,-6765,24845,9497,879,-804,-188,running,0.00,0,0,0,0,0
1779747364490,-9219,24591,9725,1096,-683,-847,running,0.00,0,0,0,0,0
1779747364520,-5146,19002,10113,1429,-492,-1160,running,0.00,0,0,0,0,0
1779747364521,-5246,18229,9709,1200,-570,-976,running,0.00,0,0,0,0,0
1779747364521,-6509,18412,9003,820,-727,-855,running,0.00,0,0,0,0,0
1779747364551,-6178,17170,8230,671,-822,-868,running,0.00,0,0,0,0,0
1779747364552,-4582,17290,7868,763,-837,-833,running,0.00,0,0,0,0,0
1779747364553,-3907,17944,8047,954,-891,-749,running,0.00,0,0,0,0,0
1779747364579,-3420,18014,8096,1154,-915,-704,running,0.00,0,0,0,0,0
1779747364580,-3387,17215,8024,1381,-942,-751,running,0.00,0,0,0,0,0
1779747364581,-2968,16522,8031,1553,-941,-836,running,0.00,0,0,0,0,0
1779747364611,-3408,16841,8180,1630,-992,-913,running,0.00,0,0,0,0,0
1779747364612,-3772,16269,7666,1604,-1026,-894,running,0.00,0,0,0,0,0
1779747364613,-4082,15891,7247,1499,-1045,-806,running,0.00,0,0,0,0,0
1779747364640,-5160,15825,7636,1404,-1047,-766,running,0.00,0,0,0,0,0
1779747364641,-5651,15579,7208,1321,-965,-775,running,0.00,0,0,0,0,0
1779747364641,-5339,14567,6795,1281,-915,-773,running,0.00,0,0,0,0,0
1779747364671,-5244,13577,6550,1279,-891,-696,running,0.00,0,0,0,0,0
1779747364671,-5011,13090,6113,1330,-840,-603,running,0.00,0,0,0,0,0
1779747364672,-4326,13014,5098,1418,-775,-531,running,0.00,0,0,0,0,0
1779747364700,-3863,12604,4340,1534,-719,-488,running,0.00,0,0,0,0,0
1779747364700,-3329,11795,3948,1712,-633,-465,running,0.00,0,0,0,0,0
1779747364701,-3028,10934,3470,1869,-559,-443,running,0.00,0,0,0,0,0
1779747364730,-2677,9251,2914,1932,-494,-433,running,0.00,0,0,0,0,0
1779747364731,-1947,6502,2637,1818,-451,-459,running,0.00,0,0,0,0,0
1779747364731,-1795,6201,2177,1570,-426,-469,running,0.00,0,0,0,0,0
1779747364759,-1780,7348,2201,1282,-405,-474,running,0.00,0,0,0,0,0
1779747364760,-1519,8922,2014,1083,-390,-459,running,0.00,0,0,0,0,0
1779747364761,-2202,11500,997,969,-379,-396,running,0.00,0,0,0,0,0
1779747364790,-2942,13389,70,1117,-318,-397,running,0.00,0,0,0,0,0
1779747364790,-2434,13136,-96,1420,-120,-397,running,0.00,0,0,0,0,0
1779747364790,-2071,13603,-435,1722,14,-364,running,0.00,0,0,0,0,0
1779747364819,-1647,13562,-1271,1925,90,-343,running,0.00,0,0,0,0,0
1779747364820,-1645,13685,-1916,2054,192,-325,running,0.00,0,0,0,0,0
1779747364821,-1656,13865,-3185,2151,310,-321,running,0.00,0,0,0,0,0
1779747364849,-1434,13399,-2950,2270,408,-366,running,0.00,0,0,0,0,0
1779747364849,-1046,13449,-2005,2280,496,-375,running,0.00,0,0,0,0,0
1779747364850,-1107,14836,-2253,1998,548,-316,running,0.00,0,0,0,0,0
1779747364879,-1660,15872,-1756,1571,558,-291,running,0.00,0,0,0,0,0
1779747364880,-2110,16328,-1778,1103,596,-283,running,0.00,0,0,0,0,0
1779747364880,-2360,17405,-1989,791,654,-271,running,0.00,0,0,0,0,0
1779747364909,-2815,18465,-2248,557,698,-271,running,0.00,0,0,0,0,0
1779747364909,-3275,19141,-2183,376,747,-282,running,0.00,0,0,0,0,0
1779747364910,-3753,19855,-1652,250,793,-274,running,0.00,0,0,0,0,0
1779747364939,-4169,20661,-915,96,801,-233,running,0.00,0,0,0,0,0
1779747364939,-4376,20986,-1370,-139,814,-170,running,0.00,0,0,0,0,0
1779747364940,-4868,20451,-2441,-399,861,-104,running,0.00,0,0,0,0,0
1779747364969,-5726,19990,-1967,-550,910,-56,running,0.00,0,0,0,0,0
1779747364970,-5370,19351,-3082,-535,967,-11,running,0.00,0,0,0,0,0
1779747364970,-6405,19658,-1859,-715,854,21,running,0.00,0,0,0,0,0
1779747364999,-7032,20590,-408,-709,934,34,running,0.00,0,0,0,0,0
1779747364999,-7593,22751,-225,-556,1038,71,running,0.00,0,0,0,0,0
1779747365000,-8007,24352,-415,-365,1184,-8,running,0.00,0,0,0,0,0
1779747365029,-8666,25368,1732,-108,1236,-171,running,0.00,0,0,0,0,0
1779747365030,-10247,26790,2367,212,1371,-240,running,0.00,0,0,0,0,0
1779747365030,-10354,25766,294,670,1547,-353,running,0.00,0,0,0,0,0
1779747365059,-9446,22667,1199,1295,1588,-563,running,0.00,0,0,0,0,0
1779747365059,-9734,21809,1630,1833,1507,-701,running,0.00,0,0,0,0,0
1779747365060,-9396,21678,1434,2241,1449,-694,running,0.00,0,0,0,0,0
1779747365089,-8366,21181,704,2493,1374,-635,running,0.00,0,0,0,0,0
1779747365090,-6738,21104,232,2759,1259,-558,running,0.00,0,0,0,0,0
1779747365090,-6737,20635,-638,3074,1098,-416,running,0.00,0,0,0,0,0
1779747365119,-7884,18905,-1210,3441,861,-248,running,0.00,0,0,0,0,0
1779747365119,-8651,15314,-1598,3743,594,-131,running,0.00,0,0,0,0,0
1779747365120,-8579,10382,-2236,3856,337,4,running,0.00,0,0,0,0,0
1779747365149,-8571,8248,-2623,3888,111,219,running,0.00,0,0,0,0,0
1779747365149,-8426,6698,-3430,3844,68,354,running,0.00,0,0,0,0,0
1779747365150,-7132,3978,-6227,2883,-185,533,running,0.00,0,0,0,0,0
1779747365178,-7058,4655,-6977,2244,-257,566,running,0.00,0,0,0,0,0
1779747365180,-6555,4778,-7357,1495,-315,520,running,0.00,0,0,0,0,0
1779747365180,-5790,5495,-7134,785,-446,484,running,0.00,0,0,0,0,0
1779747365209,-5422,6687,-6034,170,-565,435,running,0.00,0,0,0,0,0
1779747365210,-4933,7971,-5397,-365,-596,368,running,0.00,0,0,0,0,0
1779747365210,-4011,9427,-5115,-731,-610,330,running,0.00,0,0,0,0,0
1779747365240,-3518,10623,-4847,-950,-623,306,running,0.00,0,0,0,0,0
1779747365241,-2809,11386,-4590,-1057,-607,275,running,0.00,0,0,0,0,0
1779747365241,-2579,11857,-4339,-1041,-588,257,running,0.00,0,0,0,0,0
1779747365269,-2074,12379,-4216,-902,-529,272,running,0.00,0,0,0,0,0
1779747365270,-1699,12665,-4099,-703,-441,315,running,0.00,0,0,0,0,0
1779747365271,-1314,12944,-4212,-448,-352,368,running,0.00,0,0,0,0,0
1779747365299,-989,12472,-4323,-132,-280,423,running,0.00,0,0,0,0,0
1779747365300,-1110,11541,-4478,106,-227,489,running,0.00,0,0,0,0,0
1779747365301,-1280,10640,-4420,294,-162,530,running,0.00,0,0,0,0,0
1779747365329,-1372,10247,-4994,403,-81,563,running,0.00,0,0,0,0,0
1779747365330,-1326,10100,-5821,429,-16,606,running,0.00,0,0,0,0,0
1779747365331,-1318,10072,-6440,420,17,640,running,0.00,0,0,0,0,0
1779747365359,-1418,9964,-6819,378,36,668,running,0.00,0,0,0,0,0
1779747365359,-1780,9699,-6870,340,58,714,running,0.00,0,0,0,0,0
1779747365360,-2096,10053,-7217,377,153,765,running,0.00,0,0,0,0,0
1779747365389,-1945,10664,-7879,406,202,755,running,0.00,0,0,0,0,0
1779747365389,-1693,10360,-8406,395,181,714,running,0.00,0,0,0,0,0
1779747365390,-1910,10007,-8575,393,153,740,running,0.00,0,0,0,0,0
1779747365420,-2288,10430,-8820,363,149,779,running,0.00,0,0,0,0,0
1779747365420,-2290,10699,-9313,258,154,768,running,0.00,0,0,0,0,0
1779747365421,-2408,10853,-9577,185,147,754,running,0.00,0,0,0,0,0
1779747365449,-2774,11215,-10140,173,169,762,running,0.00,0,0,0,0,0
1779747365449,-2546,11058,-11082,162,170,758,running,0.00,0,0,0,0,0
1779747365450,-2645,10614,-10822,235,137,795,running,0.00,0,0,0,0,0
1779747365479,-2444,9997,-10582,364,117,849,running,0.00,0,0,0,0,0
1779747365479,-2608,8618,-10233,419,113,880,running,0.00,0,0,0,0,0
1779747365480,-2247,8947,-10965,461,173,975,running,0.00,0,0,0,0,0
1779747365509,-1960,8718,-11045,451,110,1023,running,0.00,0,0,0,0,0
1779747365510,-2008,9109,-11227,340,84,1012,running,0.00,0,0,0,0,0
1779747365510,-1755,10340,-11115,281,86,1006,running,0.00,0,0,0,0,0
1779747365539,-1857,11610,-11205,296,118,1032,running,0.00,0,0,0,0,0
1779747365539,-2253,12439,-12241,412,209,1004,running,0.00,0,0,0,0,0
1779747365540,-1614,12926,-13171,643,316,915,running,0.00,0,0,0,0,0
1779747365568,-1037,12200,-13413,920,360,841,running,0.00,0,0,0,0,0
1779747365569,-358,10920,-13565,1072,382,792,running,0.00,0,0,0,0,0
1779747365570,324,9702,-13944,987,345,728,running,0.00,0,0,0,0,0
1779747365599,403,8793,-14098,598,257,689,running,0.00,0,0,0,0,0
1779747365600,770,8349,-13713,-73,115,644,running,0.00,0,0,0,0,0
1779747365601,1035,9727,-12704,-889,-49,639,running,0.00,0,0,0,0,0
1779747365629,1281,12507,-11786,-1654,-204,646,running,0.00,0,0,0,0,0
1779747365630,1354,15427,-10916,-2208,-351,630,running,0.00,0,0,0,0,0
1779747365631,1292,18038,-10525,-2517,-492,584,running,0.00,0,0,0,0,0
1779747365659,1250,19921,-10374,-2551,-652,486,running,0.00,0,0,0,0,0
1779747365660,652,21330,-10442,-2411,-811,331,running,0.00,0,0,0,0,0
1779747365667,-806,23273,-9846,-2272,-942,151,running,0.00,0,0,0,0,0
1779747365689,-2645,24933,-9096,-2131,-1020,12,running,0.00,0,0,0,0,0
1779747365690,-3868,25390,-8078,-1956,-1068,-46,running,0.00,0,0,0,0,0
1779747365690,-4022,25354,-7152,-1844,-1154,-7,running,0.00,0,0,0,0,0
1779747365719,-3854,24693,-5916,-1713,-1248,36,running,0.00,0,0,0,0,0
1779747365720,-3927,23606,-4623,-1534,-1311,39,running,0.00,0,0,0,0,0
1779747365721,-3429,22320,-3789,-1339,-1361,45,running,0.00,0,0,0,0,0
1779747365750,-3013,20831,-3109,-1183,-1437,105,running,0.00,0,0,0,0,0
1779747365750,-2842,20221,-2685,-1059,-1504,158,running,0.00,0,0,0,0,0
1779747365751,-2439,19455,-2623,-899,-1546,171,running,0.00,0,0,0,0,0
1779747365779,-2037,19196,-2871,-724,-1582,194,running,0.00,0,0,0,0,0
1779747365779,-1749,18880,-3433,-541,-1586,185,running,0.00,0,0,0,0,0
1779747365780,-1699,17968,-3463,-307,-1574,195,running,0.00,0,0,0,0,0
1779747365811,-1544,17388,-3464,-126,-1553,231,running,0.00,0,0,0,0,0
1779747365812,-1600,17391,-3363,45,-1506,258,running,0.00,0,0,0,0,0
1779747365812,-1794,17634,-3172,257,-1425,274,running,0.00,0,0,0,0,0
1779747365839,-1837,17641,-3025,437,-1359,245,running,0.00,0,0,0,0,0
1779747365840,-1677,16594,-2627,558,-1317,233,running,0.00,0,0,0,0,0
1779747365840,-2233,15847,-2474,643,-1257,284,running,0.00,0,0,0,0,0
1779747365870,-2494,15044,-2641,711,-1192,334,running,0.00,0,0,0,0,0
1779747365871,-2505,13962,-2471,707,-1146,361,running,0.00,0,0,0,0,0
1779747365872,-2414,13393,-2280,658,-1089,383,running,0.00,0,0,0,0,0
1779747365900,-2139,12905,-2315,631,-1037,396,running,0.00,0,0,0,0,0
1779747365900,-2015,12344,-2239,613,-990,415,running,0.00,0,0,0,0,0
1779747365901,-1694,11740,-2153,612,-948,419,running,0.00,0,0,0,0,0
1779747365929,-1514,11286,-2181,586,-908,439,running,0.00,0,0,0,0,0
1779747365930,-1352,10875,-2344,541,-877,476,running,0.00,0,0,0,0,0
1779747365931,-1445,10546,-2536,490,-837,523,running,0.00,0,0,0,0,0
1779747365959,-1235,9342,-3430,382,-792,518,running,0.00,0,0,0,0,0
1779747365960,-1124,8979,-3792,238,-759,490,running,0.00,0,0,0,0,0
1779747365960,-1070,9707,-3823,109,-718,481,running,0.00,0,0,0,0,0
1779747365989,-910,10232,-4111,16,-669,467,running,0.00,0,0,0,0,0
1779747365990,-771,10749,-4339,4,-621,447,running,0.00,0,0,0,0,0
1779747365991,-770,11119,-4083,47,-571,432,running,0.00,0,0,0,0,0
1779747366019,-494,11475,-3959,110,-505,409,running,0.00,0,0,0,0,0
1779747366019,-365,11901,-3866,179,-446,375,running,0.00,0,0,0,0,0
1779747366020,-266,11921,-3925,248,-400,352,running,0.00,0,0,0,0,0
1779747366051,-139,11834,-4145,274,-373,329,running,0.00,0,0,0,0,0
1779747366053,-194,12106,-4497,256,-350,296,running,0.00,0,0,0,0,0
1779747366054,-325,12526,-4945,218,-330,256,running,0.00,0,0,0,0,0
1779747366089,-517,13028,-5201,185,-319,209,running,0.00,0,0,0,0,0
1779747366090,-925,13861,-5471,163,-307,167,running,0.00,0,0,0,0,0
1779747366090,-1061,14331,-5715,140,-282,136,running,0.00,0,0,0,0,0
1779747366109,-1031,15108,-6021,143,-264,113,running,0.00,0,0,0,0,0
1779747366112,-1127,15423,-6115,202,-248,85,running,0.00,0,0,0,0,0
1779747366112,-1019,15683,-6228,246,-219,50,running,0.00,0,0,0,0,0
1779747366139,-561,15934,-6387,297,-200,23,running,0.00,0,0,0,0,0
1779747366139,-299,15942,-6458,322,-196,8,running,0.00,0,0,0,0,0
1779747366141,-207,16094,-6530,326,-200,-24,running,0.00,0,0,0,0,0
1779747366169,-336,16676,-6856,323,-202,-81,running,0.00,0,0,0,0,0
1779747366169,-853,17020,-7229,312,-210,-149,running,0.00,0,0,0,0,0
1779747366170,-1753,16933,-7653,287,-218,-202,running,0.00,0,0,0,0,0
1779747366201,-2841,16918,-8241,226,-213,-235,running,0.00,0,0,0,0,0
1779747366202,-3157,16589,-8756,104,-206,-271,running,0.00,0,0,0,0,0
1779747366202,-3082,16432,-8578,-39,-210,-284,running,0.00,0,0,0,0,0
1779747366231,-2783,17325,-8257,-166,-192,-299,running,0.00,0,0,0,0,0
1779747366232,-2355,18398,-8010,-244,-179,-357,running,0.00,0,0,0,0,0
1779747366232,-2387,19097,-7544,-284,-182,-438,running,0.00,0,0,0,0,0
1779747366261,-3299,20317,-6738,-341,-189,-601,running,0.00,0,0,0,0,0
1779747366262,-3715,21114,-6659,-394,-189,-686,running,0.00,0,0,0,0,0
1779747366263,-4617,22042,-6635,-456,-202,-748,running,0.00,0,0,0,0,0
1779747366289,-5679,22643,-6676,-518,-203,-760,running,0.00,0,0,0,0,0
1779747366289,-6364,22074,-6765,-588,-216,-728,running,0.00,0,0,0,0,0
1779747366290,-6252,20520,-6627,-637,-234,-659,running,0.00,0,0,0,0,0
1779747366319,-6288,19055,-6321,-681,-269,-541,running,0.00,0,0,0,0,0
1779747366320,-6073,17511,-5956,-722,-294,-424,running,0.00,0,0,0,0,0
1779747366320,-5660,16498,-5599,-735,-303,-312,running,0.00,0,0,0,0,0
1779747366349,-5269,16530,-5232,-666,-304,-198,running,0.00,0,0,0,0,0
1779747366350,-5140,16940,-5067,-510,-293,-92,running,0.00,0,0,0,0,0
1779747366351,-5192,17231,-5028,-272,-273,-6,running,0.00,0,0,0,0,0
1779747366379,-5406,17242,-5136,39,-225,67,running,0.00,0,0,0,0,0
1779747366380,-5612,16540,-5206,378,-153,124,running,0.00,0,0,0,0,0
1779747366380,-5824,15408,-5242,669,-66,165,running,0.00,0,0,0,0,0
1779747366409,-5903,14280,-5331,867,36,194,running,0.00,0,0,0,0,0
1779747366410,-5899,13218,-5107,956,124,202,running,0.00,0,0,0,0,0
1779747366410,-5538,12240,-4859,951,197,190,running,0.00,0,0,0,0,0
1779747366439,-5097,11285,-4473,887,264,186,running,0.00,0,0,0,0,0
1779747366440,-4630,10615,-3877,772,296,188,running,0.00,0,0,0,0,0
1779747366440,-4319,10332,-3430,577,305,201,running,0.00,0,0,0,0,0
1779747366469,-4092,10076,-3456,347,302,213,running,0.00,0,0,0,0,0
1779747366470,-3498,9809,-3585,130,294,209,running,0.00,0,0,0,0,0
1779747366471,-2858,9621,-3813,-100,262,199,running,0.00,0,0,0,0,0
1779747366499,-2742,9778,-4035,-321,215,215,running,0.00,0,0,0,0,0
1779747366499,-2781,10221,-4135,-455,182,237,running,0.00,0,0,0,0,0
1779747366500,-2539,10405,-4239,-494,163,230,running,0.00,0,0,0,0,0
1779747366530,-2253,10510,-4451,-468,154,210,running,0.00,0,0,0,0,0
1779747366531,-1984,10418,-4449,-415,134,218,running,0.00,0,0,0,0,0
1779747366531,-1795,10304,-4271,-355,107,239,running,0.00,0,0,0,0,0
1779747366559,-1711,10649,-4559,-315,95,242,running,0.00,0,0,0,0,0
1779747366560,-1585,10611,-4933,-289,83,228,running,0.00,0,0,0,0,0
1779747366561,-1560,10632,-5159,-253,77,231,running,0.00,0,0,0,0,0
1779747366590,-1556,10728,-5329,-234,77,242,running,0.00,0,0,0,0,0
1779747366591,-1533,10873,-5323,-243,74,237,running,0.00,0,0,0,0,0
1779747366591,-1389,11004,-5335,-260,70,227,running,0.00,0,0,0,0,0
1779747366619,-1360,11348,-5407,-263,67,234,running,0.00,0,0,0,0,0
1779747366620,-1353,11820,-5498,-256,65,238,running,0.00,0,0,0,0,0
1779747366621,-1298,12318,-5719,-254,60,234,running,0.00,0,0,0,0,0
1779747366649,-1207,12518,-6015,-258,53,228,running,0.00,0,0,0,0,0
1779747366649,-1124,12902,-6249,-264,49,232,running,0.00,0,0,0,0,0
1779747366650,-1030,13346,-6498,-266,45,228,running,0.00,0,0,0,0,0
1779747366679,-1133,13519,-6608,-271,31,227,running,0.00,0,0,0,0,0
1779747366680,-1213,13405,-6705,-289,19,238,running,0.00,0,0,0,0,0
1779747366680,-1205,13233,-6713,-319,0,259,running,0.00,0,0,0,0,0
1779747366709,-1316,13205,-6749,-354,-23,289,running,0.00,0,0,0,0,0
1779747366710,-1371,13277,-6804,-372,-44,323,running,0.00,0,0,0,0,0
1779747366711,-1380,13659,-6914,-367,-62,364,running,0.00,0,0,0,0,0
1779747366740,-1229,14323,-7157,-333,-72,400,running,0.00,0,0,0,0,0
1779747366741,-1149,15044,-7356,-272,-81,438,running,0.00,0,0,0,0,0
1779747366741,-1163,15604,-7626,-175,-70,467,running,0.00,0,0,0,0,0
1779747366770,-1121,15903,-7909,-46,-45,461,running,0.00,0,0,0,0,0
1779747366771,-1071,16004,-8148,77,-8,429,running,0.00,0,0,0,0,0
1779747366773,-1119,15986,-8179,156,29,383,running,0.00,0,0,0,0,0
1779747366800,-1305,16008,-7945,179,68,336,running,0.00,0,0,0,0,0
1779747366801,-1476,16651,-7704,159,111,296,running,0.00,0,0,0,0,0
1779747366801,-1468,17491,-7419,99,141,256,running,0.00,0,0,0,0,0
1779747366829,-1573,18290,-7181,6,162,203,running,0.00,0,0,0,0,0
1779747366830,-1850,19514,-6823,-96,182,128,running,0.00,0,0,0,0,0
1779747366832,-2464,21302,-6353,-148,219,70,running,0.00,0,0,0,0,0
1779747366861,-2963,23119,-6356,-167,253,-7,running,0.00,0,0,0,0,0
1779747366862,-2980,24112,-5881,-201,246,-111,running,0.00,0,0,0,0,0
1779747366862,-3290,24821,-5701,-173,254,-94,running,0.00,0,0,0,0,0
1779747366891,-4320,24118,-5245,-148,222,-143,running,0.00,0,0,0,0,0
1779747366892,-4039,21797,-4639,-190,186,-272,running,0.00,0,0,0,0,0
1779747366892,-3864,20818,-4054,-289,133,-254,running,0.00,0,0,0,0,0
1779747366921,-3970,19960,-3548,-397,79,-255,running,0.00,0,0,0,0,0
1779747366922,-2973,18813,-3650,-548,15,-312,running,0.00,0,0,0,0,0
1779747366923,-2967,18205,-3402,-667,-81,-252,running,0.00,0,0,0,0,0
1779747366951,-3504,17777,-3089,-677,-148,-176,running,0.00,0,0,0,0,0
1779747366952,-3143,16729,-3052,-647,-196,-154,running,0.00,0,0,0,0,0
1779747366952,-2208,15864,-3017,-606,-256,-114,running,0.00,0,0,0,0,0
1779747366981,-1561,15589,-2933,-580,-330,-65,running,0.00,0,0,0,0,0
1779747366982,-1131,15747,-2995,-573,-410,-58,running,0.00,0,0,0,0,0
1779747366982,-888,15924,-3112,-540,-477,-57,running,0.00,0,0,0,0,0
1779747367011,-534,16265,-3374,-477,-543,-69,running,0.00,0,0,0,0,0
1779747367012,-213,16568,-3423,-394,-615,-102,running,0.00,0,0,0,0,0
1779747367013,-117,16739,-3187,-309,-687,-120,running,0.00,0,0,0,0,0
1779747367041,149,16681,-2764,-232,-774,-123,running,0.00,0,0,0,0,0
1779747367042,331,16648,-1877,-106,-820,-99,running,0.00,0,0,0,0,0
1779747367043,136,16778,-795,67,-847,-53,running,0.00,0,0,0,0,0
1779747367071,-398,17016,-220,223,-877,-43,running,0.00,0,0,0,0,0
1779747367072,-1058,17185,-827,355,-872,-48,running,0.00,0,0,0,0,0
1779747367073,-1544,16726,-1485,447,-864,-51,running,0.00,0,0,0,0,0
1779747367101,-1838,16066,-1635,437,-861,-34,running,0.00,0,0,0,0,0
1779747367102,-1967,16154,-1590,363,-838,13,running,0.00,0,0,0,0,0
1779747367103,-1782,15856,-1469,313,-799,75,running,0.00,0,0,0,0,0
1779747367131,-1407,15294,-1312,302,-751,113,running,0.00,0,0,0,0,0
1779747367132,-876,13767,-1268,252,-735,91,running,0.00,0,0,0,0,0
1779747367133,-664,13187,-1223,205,-704,142,running,0.00,0,0,0,0,0
1779747367162,-1330,13623,-1394,189,-668,245,running,0.00,0,0,0,0,0
1779747367164,-1056,12995,-1905,129,-650,242,running,0.00,0,0,0,0,0
1779747367165,-381,12328,-2301,0,-654,226,running,0.00,0,0,0,0,0
1779747367191,-273,12238,-2617,-111,-660,240,running,0.00,0,0,0,0,0
1779747367193,-279,12286,-2916,-163,-652,261,running,0.00,0,0,0,0,0
1779747367194,-344,12232,-2870,-180,-649,242,running,0.00,0,0,0,0,0
1779747367222,-217,12150,-2836,-168,-631,205,running,0.00,0,0,0,0,0
1779747367223,-233,12222,-2754,-134,-622,185,running,0.00,0,0,0,0,0
1779747367224,-313,12315,-2623,-86,-616,177,running,0.00,0,0,0,0,0
1779747367251,-426,12749,-2502,-25,-612,159,running,0.00,0,0,0,0,0
1779747367254,-478,13154,-2645,24,-604,148,running,0.00,0,0,0,0,0
1779747367255,-614,13279,-2739,59,-602,125,running,0.00,0,0,0,0,0
1779747367283,-742,13596,-2807,84,-585,96,running,0.00,0,0,0,0,0
1779747367285,-865,13830,-2836,106,-562,75,running,0.00,0,0,0,0,0
1779747367286,-905,13989,-2887,107,-545,59,running,0.00,0,0,0,0,0
1779747367312,-886,14322,-2819,94,-530,43,running,0.00,0,0,0,0,0
1779747367313,-1166,14742,-2704,72,-515,27,running,0.00,0,0,0,0,0
1779747367314,-1456,15515,-2830,55,-491,2,running,0.00,0,0,0,0,0
1779747367340,-1599,15957,-2979,61,-465,-33,running,0.00,0,0,0,0,0
1779747367341,-2078,16661,-2958,105,-430,-79,running,0.00,0,0,0,0,0
1779747367341,-2203,17478,-3050,120,-417,-77,running,0.00,0,0,0,0,0
1779747367369,-2453,18477,-3267,186,-368,-44,running,0.00,0,0,0,0,0
1779747367370,-2659,19298,-3691,266,-325,-28,running,0.00,0,0,0,0,0
1779747367371,-2891,19585,-3834,366,-289,-18,running,0.00,0,0,0,0,0
1779747367403,-3725,19181,-3778,455,-271,-22,running,0.00,0,0,0,0,0
1779747367403,-4453,18709,-3866,535,-231,-48,running,0.00,0,0,0,0,0
1779747367404,-4719,18009,-4087,617,-180,-70,running,0.00,0,0,0,0,0
1779747367429,-4992,17311,-4316,681,-121,-84,running,0.00,0,0,0,0,0
1779747367431,-5428,16970,-4563,711,-54,-97,running,0.00,0,0,0,0,0
1779747367431,-5439,17201,-4395,704,8,-106,running,0.00,0,0,0,0,0
1779747367461,-5498,17984,-4203,686,80,-117,running,0.00,0,0,0,0,0
1779747367462,-5337,18297,-4579,669,151,-157,running,0.00,0,0,0,0,0
1779747367462,-5047,17967,-4705,657,205,-205,running,0.00,0,0,0,0,0
1779747367490,-4859,17192,-4831,592,252,-254,running,0.00,0,0,0,0,0
1779747367491,-4491,16938,-5413,455,298,-306,running,0.00,0,0,0,0,0
1779747367491,-4538,16974,-5561,264,322,-363,running,0.00,0,0,0,0,0
1779747367520,-4631,17728,-5968,63,364,-412,running,0.00,0,0,0,0,0
1779747367520,-4442,18176,-5988,-95,389,-454,running,0.00,0,0,0,0,0
1779747367521,-4733,18807,-5515,-193,410,-484,running,0.00,0,0,0,0,0
1779747367549,-5249,20167,-5505,-228,447,-525,running,0.00,0,0,0,0,0
1779747367550,-5956,20873,-5647,-207,478,-577,running,0.00,0,0,0,0,0
1779747367551,-6393,20216,-5765,-150,491,-574,running,0.00,0,0,0,0,0
1779747367579,-7106,19254,-5831,-66,503,-497,running,0.00,0,0,0,0,0
1779747367580,-7332,17872,-5897,9,517,-428,running,0.00,0,0,0,0,0
1779747367581,-7153,16281,-5697,44,519,-351,running,0.00,0,0,0,0,0
1779747367609,-6674,15009,-5553,36,513,-249,running,0.00,0,0,0,0,0
1779747367612,-6132,13983,-5299,-14,483,-152,running,0.00,0,0,0,0,0
1779747367612,-5858,13309,-5125,-85,445,-60,running,0.00,0,0,0,0,0
1779747367639,-5458,12773,-4922,-153,403,17,running,0.00,0,0,0,0,0
1779747367640,-5088,12452,-4762,-199,365,87,running,0.00,0,0,0,0,0
1779747367641,-4650,12110,-4770,-208,331,148,running,0.00,0,0,0,0,0
1779747367669,-4140,11648,-4540,-199,294,181,running,0.00,0,0,0,0,0
1779747367669,-3635,11386,-4232,-172,261,188,running,0.00,0,0,0,0,0
1779747367670,-3335,11239,-3976,-141,238,192,running,0.00,0,0,0,0,0
1779747367700,-3160,11091,-3900,-106,226,193,running,0.00,0,0,0,0,0
1779747367700,-3044,11084,-3987,-44,220,172,running,0.00,0,0,0,0,0
1779747367701,-3005,11297,-4211,6,234,138,running,0.00,0,0,0,0,0
1779747367729,-2995,11285,-4321,26,244,114,running,0.00,0,0,0,0,0
1779747367729,-2921,11072,-4246,34,249,100,running,0.00,0,0,0,0,0
1779747367730,-2767,11020,-4159,17,257,85,running,0.00,0,0,0,0,0
1779747367769,-2577,11106,-4285,-26,261,68,running,0.00,0,0,0,0,0
1779747367770,-2527,11152,-4121,-83,248,60,running,0.00,0,0,0,0,0
1779747367770,-2464,11234,-3979,-145,241,54,running,0.00,0,0,0,0,0
1779747367789,-2287,11598,-4070,-211,234,50,running,0.00,0,0,0,0,0
1779747367790,-2198,11953,-4121,-291,212,60,running,0.00,0,0,0,0,0
1779747367791,-2158,12018,-4135,-374,190,75,running,0.00,0,0,0,0,0
1779747367819,-2060,12315,-4152,-437,174,85,running,0.00,0,0,0,0,0
1779747367820,-1983,12804,-4337,-481,165,90,running,0.00,0,0,0,0,0
1779747367820,-2161,13146,-4493,-496,156,100,running,0.00,0,0,0,0,0
1779747367849,-2289,13277,-4644,-491,154,109,running,0.00,0,0,0,0,0
1779747367849,-2286,13199,-4852,-484,154,117,running,0.00,0,0,0,0,0
1779747367850,-2275,13243,-5032,-484,155,124,running,0.00,0,0,0,0,0
1779747367879,-2419,13418,-5223,-490,159,135,running,0.00,0,0,0,0,0
1779747367880,-2485,13582,-5313,-492,159,150,running,0.00,0,0,0,0,0
1779747367881,-2390,13604,-5293,-495,151,160,running,0.00,0,0,0,0,0
1779747367910,-2327,13485,-5299,-504,140,171,running,0.00,0,0,0,0,0
1779747367911,-2210,13443,-5309,-492,129,186,running,0.00,0,0,0,0,0
1779747367912,-2038,13619,-5178,-455,115,191,running,0.00,0,0,0,0,0
1779747367939,-1844,13709,-5298,-418,96,192,running,0.00,0,0,0,0,0
1779747367940,-1703,13549,-5575,-372,76,193,running,0.00,0,0,0,0,0
1779747367940,-1707,13276,-5724,-313,59,202,running,0.00,0,0,0,0,0
1779747367969,-1756,13103,-5949,-275,48,226,running,0.00,0,0,0,0,0
1779747367970,-1880,13053,-6135,-248,43,265,running,0.00,0,0,0,0,0
1779747367971,-1946,12840,-6370,-211,42,316,running,0.00,0,0,0,0,0
1779747367999,-1721,12561,-6300,-157,41,375,running,0.00,0,0,0,0,0
1779747367999,-1109,12624,-6228,-109,36,439,running,0.00,0,0,0,0,0
1779747368000,-475,13202,-5853,-54,19,500,running,0.00,0,0,0,0,0
1779747368029,-53,14049,-5572,33,-7,542,running,0.00,0,0,0,0,0
1779747368030,151,14731,-5520,152,-23,562,running,0.00,0,0,0,0,0
1779747368031,294,15199,-5542,309,-40,554,running,0.00,0,0,0,0,0
1779747368059,101,15407,-5728,460,-49,524,running,0.00,0,0,0,0,0
1779747368059,64,15621,-5971,555,-37,453,running,0.00,0,0,0,0,0
1779747368060,-225,15769,-6378,626,-9,394,running,0.00,0,0,0,0,0
1779747368089,-922,16004,-6670,635,16,368,running,0.00,0,0,0,0,0
1779747368090,-1661,16080,-6888,554,44,344,running,0.00,0,0,0,0,0
1779747368090,-2123,15765,-6967,404,60,326,running,0.00,0,0,0,0,0
1779747368119,-2386,15421,-6708,199,58,349,running,0.00,0,0,0,0,0
1779747368119,-2017,15391,-6354,-22,49,397,running,0.00,0,0,0,0,0
1779747368120,-823,15647,-6252,-278,8,441,running,0.00,0,0,0,0,0
1779747368149,-230,16981,-6040,-546,-66,424,running,0.00,0,0,0,0,0
1779747368150,-416,17806,-5538,-676,-130,357,running,0.00,0,0,0,0,0
1779747368151,-830,18721,-5293,-673,-176,322,running,0.00,0,0,0,0,0
1779747368179,-222,18760,-4883,-517,-217,334,running,0.00,0,0,0,0,0
1779747368179,750,19003,-4667,-336,-254,384,running,0.00,0,0,0,0,0
1779747368180,1661,20123,-4872,-265,-312,344,running,0.00,0,0,0,0,0
1779747368209,1500,20982,-5050,-273,-397,250,running,0.00,0,0,0,0,0
1779747368210,692,22626,-5464,-227,-447,165,running,0.00,0,0,0,0,0
1779747368211,-1132,23840,-5542,-90,-485,45,running,0.00,0,0,0,0,0
1779747368240,-2944,24256,-5571,-2,-502,-67,running,0.00,0,0,0,0,0
1779747368240,-3895,23481,-5455,22,-500,-75,running,0.00,0,0,0,0,0
1779747368241,-4267,22057,-4653,57,-508,-38,running,0.00,0,0,0,0,0
1779747368269,-4063,20120,-3768,93,-495,-51,running,0.00,0,0,0,0,0
1779747368270,-3342,17259,-3229,63,-478,-59,running,0.00,0,0,0,0,0
1779747368271,-2820,15574,-2945,-18,-466,-45,running,0.00,0,0,0,0,0
1779747368299,-2567,16102,-2539,-95,-465,-25,running,0.00,0,0,0,0,0
1779747368299,-2442,17707,-2457,-139,-481,19,running,0.00,0,0,0,0,0
1779747368301,-2292,18633,-2370,-55,-504,41,running,0.00,0,0,0,0,0
1779747368329,-1234,18089,-2336,88,-501,27,running,0.00,0,0,0,0,0
1779747368330,-975,17221,-2270,204,-512,25,running,0.00,0,0,0,0,0
1779747368330,-1101,16470,-2346,284,-514,17,running,0.00,0,0,0,0,0
1779747368359,-951,15841,-2400,293,-517,-1,running,0.00,0,0,0,0,0
1779747368360,-1151,15876,-2363,258,-535,2,running,0.00,0,0,0,0,0
1779747368361,-1218,15889,-2150,219,-538,-7,running,0.00,0,0,0,0,0
1779747368391,-1137,15969,-1950,192,-535,-4,running,0.00,0,0,0,0,0
1779747368391,-1264,16026,-1816,170,-523,-11,running,0.00,0,0,0,0,0
1779747368392,-1150,15868,-1605,184,-500,-35,running,0.00,0,0,0,0,0
1779747368420,-1039,15601,-1360,197,-479,-43,running,0.00,0,0,0,0,0
1779747368420,-1025,15245,-1287,201,-457,-30,running,0.00,0,0,0,0,0
1779747368422,-1131,14777,-1250,191,-426,-9,running,0.00,0,0,0,0,0
1779747368452,-1074,14712,-1357,204,-409,15,running,0.00,0,0,0,0,0
1779747368453,-982,14298,-1334,235,-393,28,running,0.00,0,0,0,0,0
1779747368454,-798,13458,-1409,277,-368,19,running,0.00,0,0,0,0,0
1779747368483,-619,12736,-1756,304,-335,-6,running,0.00,0,0,0,0,0
1779747368484,-750,12311,-1944,331,-295,-30,running,0.00,0,0,0,0,0
1779747368485,-870,11840,-2267,342,-244,-66,running,0.00,0,0,0,0,0
1779747368511,-656,10763,-2635,304,-191,-119,running,0.00,0,0,0,0,0
1779747368512,-438,10184,-2647,195,-166,-158,running,0.00,0,0,0,0,0
1779747368513,-551,11135,-2557,37,-152,-171,running,0.00,0,0,0,0,0
1779747368542,-739,12879,-2508,-87,-143,-171,running,0.00,0,0,0,0,0
1779747368542,-1006,14166,-2425,-115,-128,-184,running,0.00,0,0,0,0,0
1779747368543,-1066,14490,-2532,-63,-90,-216,running,0.00,0,0,0,0,0
1779747368571,-955,14226,-2811,-2,-53,-244,running,0.00,0,0,0,0,0
1779747368572,-904,13643,-2896,36,-36,-256,running,0.00,0,0,0,0,0
1779747368572,-998,13595,-2910,59,-20,-270,running,0.00,0,0,0,0,0
1779747368601,-1040,13487,-2996,38,-8,-290,running,0.00,0,0,0,0,0
1779747368602,-1123,13545,-3213,-10,-6,-296,running,0.00,0,0,0,0,0
1779747368602,-1162,13799,-3278,-36,-15,-306,running,0.00,0,0,0,0,0
1779747368630,-1386,14155,-3382,-46,-17,-312,running,0.00,0,0,0,0,0
1779747368663,-1580,14411,-3707,-24,-1,-312,running,0.00,0,0,0,0,0
1779747368664,-1651,14759,-3879,44,13,-304,running,0.00,0,0,0,0,0
1779747368665,-1700,15139,-3923,89,18,-277,running,0.00,0,0,0,0,0
1779747368666,-1812,15549,-4153,109,26,-232,running,0.00,0,0,0,0,0
1779747368666,-2052,16217,-4423,138,13,-194,running,0.00,0,0,0,0,0
1779747368691,-1546,15339,-5865,2,7,-200,running,0.00,0,0,0,0,0
1779747368692,-1011,14648,-6569,-28,32,-247,running,0.00,0,0,0,0,0
1779747368692,-1700,15973,-6380,28,58,-244,running,0.00,0,0,0,0,0
1779747368723,-3043,18013,-6108,-44,95,-215,running,0.00,0,0,0,0,0
1779747368724,-3342,19206,-5828,-98,135,-212,running,0.00,0,0,0,0,0
1779747368724,-2852,19354,-5586,-74,145,-214,running,0.00,0,0,0,0,0
1779747368750,-2262,18529,-5641,-73,139,-211,running,0.00,0,0,0,0,0
1779747368753,-1712,16987,-5461,-87,110,-214,running,0.00,0,0,0,0,0
1779747368753,-1209,16003,-5106,-115,57,-216,running,0.00,0,0,0,0,0
1779747368781,-945,15823,-4824,-161,-1,-227,running,0.00,0,0,0,0,0
1779747368782,-547,16138,-5272,-203,-49,-245,running,0.00,0,0,0,0,0
1779747368783,-245,16536,-5902,-199,-104,-276,running,0.00,0,0,0,0,0
1779747368809,-255,17507,-6060,-96,-141,-329,running,0.00,0,0,0,0,0
1779747368814,-600,18733,-6143,86,-137,-406,running,0.00,0,0,0,0,0
1779747368817,-1123,19172,-6567,302,-104,-450,running,0.00,0,0,0,0,0
1779747368840,-1765,18640,-6726,453,-90,-452,running,0.00,0,0,0,0,0
1779747368841,-2334,18599,-6670,454,-65,-436,running,0.00,0,0,0,0,0
1779747368841,-2906,19511,-7300,246,-77,-397,running,0.00,0,0,0,0,0
1779747368870,-3505,18329,-8494,-135,-120,-371,running,0.00,0,0,0,0,0
1779747368871,-4677,17775,-7862,-270,-87,-454,running,0.00,0,0,0,0,0
1779747368872,-5972,19103,-6667,-233,44,-578,running,0.00,0,0,0,0,0
1779747368901,-6951,19879,-5520,-104,171,-620,running,0.00,0,0,0,0,0
1779747368903,-7518,19536,-4690,68,269,-592,running,0.00,0,0,0,0,0
1779747368904,-7704,18894,-3858,191,329,-545,running,0.00,0,0,0,0,0
1779747368931,-7453,17466,-4038,123,337,-455,running,0.00,0,0,0,0,0
1779747368932,-6731,15336,-3666,-14,289,-331,running,0.00,0,0,0,0,0
1779747368932,-6187,14274,-2757,-62,247,-251,running,0.00,0,0,0,0,0
1779747368961,-5593,14059,-2492,-154,191,-226,running,0.00,0,0,0,0,0
1779747368962,-5383,13653,-2332,-222,128,-146,running,0.00,0,0,0,0,0
1779747368963,-5131,13347,-2460,-210,103,-42,running,0.00,0,0,0,0,0
1779747368992,-4692,13143,-2783,-255,71,-9,running,0.00,0,0,0,0,0
1779747368993,-4652,13082,-2919,-275,51,19,running,0.00,0,0,0,0,0
1779747368994,-4810,13260,-2922,-223,71,68,running,0.00,0,0,0,0,0
1779747369021,-5088,13247,-2982,-153,119,90,running,0.00,0,0,0,0,0
1779747369022,-5350,13257,-3052,-105,180,60,running,0.00,0,0,0,0,0
1779747369022,-5741,13523,-2983,-45,257,56,running,0.00,0,0,0,0,0
1779747369053,-6154,13477,-2845,-8,330,81,running,0.00,0,0,0,0,0
1779747369054,-6264,13144,-2694,8,402,89,running,0.00,0,0,0,0,0
1779747369055,-6169,13141,-2555,11,471,80,running,0.00,0,0,0,0,0
1779747369080,-6039,13048,-2692,-14,522,56,running,0.00,0,0,0,0,0
1779747369081,-6101,12741,-2714,-63,555,20,running,0.00,0,0,0,0,0
1779747369082,-6005,12320,-2905,-138,578,-27,running,0.00,0,0,0,0,0
1779747369112,-5598,12390,-3053,-248,595,-52,running,0.00,0,0,0,0,0
1779747369113,-5180,12700,-3172,-387,581,-40,running,0.00,0,0,0,0,0
1779747369113,-5542,14078,-3522,-511,555,21,running,0.00,0,0,0,0,0
1779747369139,-5175,14679,-3720,-565,497,2,running,0.00,0,0,0,0,0
1779747369140,-4538,14122,-3943,-610,460,-20,running,0.00,0,0,0,0,0
1779747369141,-4152,13589,-4224,-608,451,-10,running,0.00,0,0,0,0,0
1779747369171,-3743,13387,-4414,-588,444,-13,running,0.00,0,0,0,0,0
1779747369172,-3672,13553,-4614,-553,442,-1,running,0.00,0,0,0,0,0
1779747369173,-3421,13477,-4930,-511,445,20,running,0.00,0,0,0,0,0
1779747369200,-3252,13243,-5222,-455,451,32,running,0.00,0,0,0,0,0
1779747369201,-3078,13037,-5205,-410,447,31,running,0.00,0,0,0,0,0
1779747369202,-2896,12954,-5202,-394,433,32,running,0.00,0,0,0,0,0
1779747369232,-2710,12779,-5051,-391,413,33,running,0.00,0,0,0,0,0
1779747369233,-2489,12841,-5064,-381,401,27,running,0.00,0,0,0,0,0
1779747369234,-2460,12954,-5134,-364,389,16,running,0.00,0,0,0,0,0
1779747369260,-2376,12884,-5090,-348,374,1,running,0.00,0,0,0,0,0
1779747369261,-2242,12921,-5021,-357,349,-8,running,0.00,0,0,0,0,0
1779747369262,-2240,13135,-5010,-369,318,-10,running,0.00,0,0,0,0,0
1779747369293,-2153,13279,-4964,-376,284,-5,running,0.00,0,0,0,0,0
1779747369294,-2096,13329,-5141,-404,237,-14,running,0.00,0,0,0,0,0
1779747369294,-2317,13311,-4953,-417,187,-19,running,0.00,0,0,0,0,0
1779747369322,-2511,13431,-5048,-429,150,-5,running,0.00,0,0,0,0,0
1779747369323,-2654,13413,-5059,-432,108,25,running,0.00,0,0,0,0,0
1779747369324,-2673,13204,-5012,-426,64,63,running,0.00,0,0,0,0,0
1779747369352,-2420,12935,-4905,-409,21,123,running,0.00,0,0,0,0,0
1779747369352,-2255,13017,-4735,-391,-22,201,running,0.00,0,0,0,0,0
1779747369355,-2057,12928,-4771,-345,-47,240,running,0.00,0,0,0,0,0
1779747369383,-1185,13165,-4806,-301,-96,290,running,0.00,0,0,0,0,0
1779747369384,-1374,13508,-4731,-251,-150,367,running,0.00,0,0,0,0,0
1779747369385,-1210,13834,-4732,-176,-167,382,running,0.00,0,0,0,0,0
1779747369411,-1080,14259,-5057,-98,-181,421,running,0.00,0,0,0,0,0
1779747369412,-1331,14686,-4919,7,-206,438,running,0.00,0,0,0,0,0
1779747369412,-1545,15100,-4871,100,-189,425,running,0.00,0,0,0,0,0
1779747369441,-1731,15765,-5028,111,-153,404,running,0.00,0,0,0,0,0
1779747369442,-2029,16204,-5012,67,-119,380,running,0.00,0,0,0,0,0
1779747369443,-2407,16838,-4713,-12,-85,358,running,0.00,0,0,0,0,0
1779747369473,-2835,17548,-4563,-110,-42,343,running,0.00,0,0,0,0,0
1779747369474,-3443,18267,-4366,-235,-8,319,running,0.00,0,0,0,0,0
1779747369475,-3768,18749,-3899,-353,26,313,running,0.00,0,0,0,0,0
1779747369502,-3531,18474,-3669,-411,67,369,running,0.00,0,0,0,0,0
1779747369503,-2689,18386,-3307,-570,48,421,running,0.00,0,0,0,0,0
1779747369504,-2791,18995,-2897,-694,23,416,running,0.00,0,0,0,0,0
1779747369530,-2116,20102,-2905,-710,12,341,running,0.00,0,0,0,0,0
1779747369531,-2221,19497,-2719,-627,-24,301,running,0.00,0,0,0,0,0
1779747369531,-1500,18617,-2689,-556,-60,288,running,0.00,0,0,0,0,0
1779747369563,-850,18663,-2799,-590,-136,291,running,0.00,0,0,0,0,0
1779747369563,-575,19702,-2874,-638,-229,268,running,0.00,0,0,0,0,0
1779747369564,-827,20917,-2811,-646,-304,206,running,0.00,0,0,0,0,0
1779747369590,-1490,21621,-2713,-580,-345,143,running,0.00,0,0,0,0,0
1779747369591,-2531,22192,-2624,-439,-370,105,running,0.00,0,0,0,0,0
1779747369592,-3069,21598,-2252,-264,-379,63,running,0.00,0,0,0,0,0
1779747369624,-3310,20661,-1982,-184,-394,9,running,0.00,0,0,0,0,0
1779747369626,-3683,19732,-1588,-190,-414,-28,running,0.00,0,0,0,0,0
1779747369626,-3845,19150,-1082,-176,-424,-18,running,0.00,0,0,0,0,0
1779747369651,-3768,18763,-731,-96,-423,26,running,0.00,0,0,0,0,0
1779747369653,-3427,17862,-507,37,-418,47,running,0.00,0,0,0,0,0
1779747369653,-3020,16892,-461,177,-407,48,running,0.00,0,0,0,0,0
1779747369682,-2758,16156,-337,319,-426,66,running,0.00,0,0,0,0,0
1779747369683,-2728,15767,-127,451,-447,100,running,0.00,0,0,0,0,0
1779747369684,-2444,15787,-121,569,-450,115,running,0.00,0,0,0,0,0
1779747369710,-2098,15649,112,698,-472,104,running,0.00,0,0,0,0,0
1779747369711,-1844,15255,190,804,-479,77,running,0.00,0,0,0,0,0
1779747369712,-1324,14785,226,850,-481,29,running,0.00,0,0,0,0,0
1779747369743,-987,14857,264,836,-505,-1,running,0.00,0,0,0,0,0
1779747369744,-1188,15117,457,765,-541,-1,running,0.00,0,0,0,0,0
1779747369745,-1261,15040,346,691,-556,-16,running,0.00,0,0,0,0,0
1779747369771,-1139,15344,355,621,-570,-24,running,0.00,0,0,0,0,0
1779747369772,-1270,15636,838,587,-597,-23,running,0.00,0,0,0,0,0
1779747369773,-1463,15778,1159,552,-599,-23,running,0.00,0,0,0,0,0
1779747369803,-1903,16025,1280,527,-590,-10,running,0.00,0,0,0,0,0
1779747369804,-2252,15950,1289,497,-566,10,running,0.00,0,0,0,0,0
1779747369805,-2418,15862,940,445,-512,35,running,0.00,0,0,0,0,0
1779747369833,-2346,15699,597,382,-463,45,running,0.00,0,0,0,0,0
1779747369834,-2188,15473,622,319,-419,50,running,0.00,0,0,0,0,0
1779747369835,-1939,15163,657,262,-370,53,running,0.00,0,0,0,0,0
1779747369861,-2003,14744,603,208,-321,49,running,0.00,0,0,0,0,0
1779747369862,-2131,14479,393,177,-267,44,running,0.00,0,0,0,0,0
1779747369863,-2085,13608,252,141,-215,27,running,0.00,0,0,0,0,0
1779747369891,-1932,13048,-7,62,-165,16,running,0.00,0,0,0,0,0
1779747369892,-1828,13337,-150,-43,-130,15,running,0.00,0,0,0,0,0
1779747369893,-1912,14199,-280,-142,-97,25,running,0.00,0,0,0,0,0
1779747369923,-1626,15245,-457,-203,-79,20,running,0.00,0,0,0,0,0
1779747369924,-1442,15475,-499,-219,-63,25,running,0.00,0,0,0,0,0
1779747369924,-1188,15179,-563,-209,-43,11,running,0.00,0,0,0,0,0
1779747369951,-1030,14969,-805,-211,-33,-7,running,0.00,0,0,0,0,0
1779747369952,-1016,14893,-989,-217,-37,-22,running,0.00,0,0,0,0,0
1779747369953,-985,15011,-1105,-218,-45,-33,running,0.00,0,0,0,0,0
1779747369982,-970,15146,-1174,-215,-50,-37,running,0.00,0,0,0,0,0
1779747369983,-970,15298,-1449,-229,-50,-53,running,0.00,0,0,0,0,0
1779747369983,-915,15376,-1618,-226,-60,-81,running,0.00,0,0,0,0,0
1779747370014,-925,15460,-1833,-252,-63,-90,running,0.00,0,0,0,0,0
1779747370015,-1197,15805,-2042,-273,-60,-93,running,0.00,0,0,0,0,0
1779747370015,-1263,16042,-2214,-269,-56,-103,running,0.00,0,0,0,0,0
1779747370041,-1121,16129,-2181,-250,-55,-110,running,0.00,0,0,0,0,0
1779747370042,-1084,16310,-2270,-232,-51,-107,running,0.00,0,0,0,0,0
1779747370043,-1106,16493,-2402,-214,-51,-111,running,0.00,0,0,0,0,0
1779747370072,-1238,16509,-2420,-180,-52,-123,running,0.00,0,0,0,0,0
1779747370074,-1190,16641,-2498,-125,-48,-133,running,0.00,0,0,0,0,0
1779747370075,-1157,16664,-2546,-84,-60,-140,running,0.00,0,0,0,0,0
1779747370102,-1374,16825,-2474,-50,-74,-139,running,0.00,0,0,0,0,0
1779747370104,-1420,17152,-2487,4,-75,-126,running,0.00,0,0,0,0,0
1779747370105,-1391,17263,-2563,73,-79,-113,running,0.00,0,0,0,0,0
1779747370133,-1345,17127,-2662,147,-81,-122,running,0.00,0,0,0,0,0
1779747370135,-1333,17003,-2764,205,-78,-128,running,0.00,0,0,0,0,0
1779747370136,-1341,16741,-2820,254,-77,-129,running,0.00,0,0,0,0,0
1779747370162,-1294,16512,-2903,286,-74,-131,running,0.00,0,0,0,0,0
1779747370164,-1199,16314,-3014,297,-73,-139,running,0.00,0,0,0,0,0
1779747370165,-1161,16207,-3114,293,-71,-153,running,0.00,0,0,0,0,0
1779747370191,-1280,16073,-3351,306,-64,-164,running,0.00,0,0,0,0,0
1779747370193,-1218,15369,-3684,318,-44,-188,running,0.00,0,0,0,0,0
1779747370194,-1115,14728,-3792,319,-33,-214,running,0.00,0,0,0,0,0
1779747370223,-1175,14327,-3837,266,-35,-230,running,0.00,0,0,0,0,0
1779747370224,-1249,14685,-3835,171,-43,-243,running,0.00,0,0,0,0,0
1779747370225,-1290,15684,-3647,100,-60,-237,running,0.00,0,0,0,0,0
1779747370252,-1130,16486,-3599,83,-73,-215,running,0.00,0,0,0,0,0
1779747370253,-891,16631,-3708,114,-76,-199,running,0.00,0,0,0,0,0
1779747370254,-578,16238,-3582,176,-83,-188,running,0.00,0,0,0,0,0
1779747370281,-389,15750,-3438,237,-92,-184,running,0.00,0,0,0,0,0
1779747370311,-297,15312,-3313,275,-109,-185,running,0.00,0,0,0,0,0
1779747370313,-306,15019,-3310,297,-133,-185,running,0.00,0,0,0,0,0
1779747370313,-424,14914,-3506,288,-155,-183,running,0.00,0,0,0,0,0
1779747370315,-556,15080,-3597,267,-175,-178,running,0.00,0,0,0,0,0
1779747370316,-736,15520,-3622,260,-184,-172,running,0.00,0,0,0,0,0
1779747370342,-945,15933,-3631,263,-182,-168,running,0.00,0,0,0,0,0
1779747370344,-1207,16598,-3695,292,-160,-176,running,0.00,0,0,0,0,0
1779747370345,-1200,17223,-3861,339,-129,-205,running,0.00,0,0,0,0,0
1779747370372,-1370,17765,-3871,361,-107,-223,running,0.00,0,0,0,0,0
1779747370373,-1943,18385,-3872,350,-74,-238,running,0.00,0,0,0,0,0
1779747370375,-2469,19150,-3833,326,-27,-267,running,0.00,0,0,0,0,0
1779747370432,-3000,19808,-3630,286,17,-303,running,0.00,0,0,0,0,0
1779747370433,-3568,20151,-3476,210,56,-370,running,0.00,0,0,0,0,0
1779747370435,-4312,20034,-3394,108,90,-440,running,0.00,0,0,0,0,0
1779747370435,-4942,19286,-3008,-24,110,-502,running,0.00,0,0,0,0,0
1779747370436,-5419,18291,-2644,-187,110,-540,running,0.00,0,0,0,0,0
1779747370438,-5559,17378,-2344,-364,84,-545,running,0.00,0,0,0,0,0
1779747370462,-5513,16375,-2021,-529,29,-520,running,0.00,0,0,0,0,0
1779747370464,-5570,15891,-1974,-673,-40,-461,running,0.00,0,0,0,0,0
1779747370465,-5659,15534,-2138,-746,-112,-402,running,0.00,0,0,0,0,0
1779747370492,-5195,15208,-2428,-704,-179,-341,running,0.00,0,0,0,0,0
1779747370494,-5050,15220,-2697,-551,-234,-272,running,0.00,0,0,0,0,0
1779747370495,-4618,14923,-3018,-315,-262,-237,running,0.00,0,0,0,0,0
1779747370521,-4304,14508,-3282,-28,-278,-214,running,0.00,0,0,0,0,0
1779747370523,-4154,13666,-3377,249,-281,-191,running,0.00,0,0,0,0,0
1779747370523,-3961,12836,-3413,459,-287,-168,running,0.00,0,0,0,0,0
1779747370584,-3882,12494,-3412,594,-304,-141,running,0.00,0,0,0,0,0
1779747370585,-4009,12350,-3421,652,-323,-106,running,0.00,0,0,0,0,0
1779747370587,-4235,12403,-3556,633,-323,-83,running,0.00,0,0,0,0,0
1779747370588,-4573,12881,-3516,598,-299,-82,running,0.00,0,0,0,0,0
1779747370589,-5352,13810,-3310,518,-289,-71,running,0.00,0,0,0,0,0
1779747370590,-5580,14072,-3428,330,-251,-58,running,0.00,0,0,0,0,0
1779747370612,-5634,13912,-3180,237,-196,-90,running,0.00,0,0,0,0,0
1779747370613,-6791,13572,-2534,90,14,-190,running,0.00,0,0,0,0,0
1779747370614,-7350,14319,-1568,36,107,-187,running,0.00,0,0,0,0,0
1779747370642,-8360,16401,-298,-82,154,-130,running,0.00,0,0,0,0,0
1779747370643,-8345,17704,163,-198,158,-57,running,0.00,0,0,0,0,0
1779747370644,-7452,16963,251,-229,133,-27,running,0.00,0,0,0,0,0
1779747370671,-6265,15790,33,-206,132,-18,running,0.00,0,0,0,0,0
1779747370672,-5497,15189,-204,-165,111,-11,running,0.00,0,0,0,0,0
1779747370674,-5304,14773,-654,-159,70,1,running,0.00,0,0,0,0,0
1779747370703,-5284,14358,-1495,-193,35,20,running,0.00,0,0,0,0,0
1779747370704,-5132,13906,-2396,-267,-10,38,running,0.00,0,0,0,0,0
1779747370705,-4950,13819,-3024,-318,-51,57,running,0.00,0,0,0,0,0
1779747370732,-4827,14209,-3309,-288,-71,64,running,0.00,0,0,0,0,0
1779747370732,-4794,14565,-3470,-176,-63,51,running,0.00,0,0,0,0,0
1779747370733,-4730,14503,-3827,-41,-39,26,running,0.00,0,0,0,0,0
1779747370762,-4738,13936,-4021,41,-42,8,running,0.00,0,0,0,0,0
1779747370763,-4692,13415,-4135,52,-44,2,running,0.00,0,0,0,0,0
1779747370765,-4504,13426,-4196,26,-44,-7,running,0.00,0,0,0,0,0
1779747370791,-4480,13646,-4141,-18,-54,-21,running,0.00,0,0,0,0,0
1779747370793,-4657,13853,-4020,-59,-73,-35,running,0.00,0,0,0,0,0
1779747370794,-4726,14016,-3892,-102,-91,-49,running,0.00,0,0,0,0,0
1779747370824,-4844,14104,-3819,-158,-108,-68,running,0.00,0,0,0,0,0
1779747370826,-5026,14212,-3842,-235,-117,-86,running,0.00,0,0,0,0,0
1779747370827,-5144,14574,-3880,-324,-148,-91,running,0.00,0,0,0,0,0
1779747370851,-5011,13589,-4756,-436,-182,-100,running,0.00,0,0,0,0,0
1779747370853,-4670,12849,-4337,-396,-176,-165,running,0.00,0,0,0,0,0
1779747370854,-5127,14046,-3839,-258,-129,-201,running,0.00,0,0,0,0,0
1779747370883,-5294,15405,-3944,-112,-117,-218,running,0.00,0,0,0,0,0
1779747370884,-5077,15117,-4045,2,-142,-229,running,0.00,0,0,0,0,0
1779747370885,-4722,14828,-4149,64,-156,-204,running,0.00,0,0,0,0,0
1779747370912,-4498,14886,-4119,33,-213,-157,running,0.00,0,0,0,0,0
1779747370914,-4189,14556,-4327,-58,-278,-105,running,0.00,0,0,0,0,0
1779747370915,-3804,14365,-4396,-143,-333,-49,running,0.00,0,0,0,0,0
1779747370942,-3628,14493,-4181,-195,-391,-3,running,0.00,0,0,0,0,0
1779747370943,-3559,14997,-4025,-226,-446,39,running,0.00,0,0,0,0,0
1779747370944,-3621,15303,-4119,-230,-493,82,running,0.00,0,0,0,0,0
1779747370971,-3676,15329,-4199,-213,-528,125,running,0.00,0,0,0,0,0
1779747370972,-3747,15380,-4238,-188,-559,161,running,0.00,0,0,0,0,0
1779747370974,-3781,15223,-4351,-160,-578,189,running,0.00,0,0,0,0,0
1779747371002,-3840,15093,-4216,-104,-580,224,running,0.00,0,0,0,0,0
1779747371003,-3824,15098,-3948,-25,-572,256,running,0.00,0,0,0,0,0
1779747371004,-3851,15209,-3812,27,-563,288,running,0.00,0,0,0,0,0
1779747371033,-3920,15028,-3614,50,-564,301,running,0.00,0,0,0,0,0
1779747371034,-3900,14754,-3372,44,-568,323,running,0.00,0,0,0,0,0
1779747371035,-3903,14904,-3140,28,-575,361,running,0.00,0,0,0,0,0
1779747371063,-3950,15240,-2775,32,-579,390,running,0.00,0,0,0,0,0
1779747371064,-4017,15541,-2597,48,-576,419,running,0.00,0,0,0,0,0
1779747371065,-4038,15564,-2561,58,-575,452,running,0.00,0,0,0,0,0
1779747371092,-4062,15396,-2569,69,-569,482,running,0.00,0,0,0,0,0
1779747371095,-3986,15250,-2527,76,-562,514,running,0.00,0,0,0,0,0
1779747371096,-4125,15289,-2521,85,-561,557,running,0.00,0,0,0,0,0
1779747371124,-4055,15089,-2619,74,-556,585,running,0.00,0,0,0,0,0
1779747371125,-4042,14863,-2745,53,-557,610,running,0.00,0,0,0,0,0
1779747371127,-4144,14691,-2896,50,-559,638,running,0.00,0,0,0,0,0
1779747371152,-3804,13967,-2866,31,-580,637,running,0.00,0,0,0,0,0
1779747371156,-3709,13718,-2754,-7,-600,654,running,0.00,0,0,0,0,0
1779747371156,-3608,14202,-2726,-62,-634,698,running,0.00,0,0,0,0,0
1779747371182,-3414,15122,-2689,-102,-672,732,running,0.00,0,0,0,0,0
1779747371183,-3067,16487,-2919,-75,-693,745,running,0.00,0,0,0,0,0
1779747371183,-3220,17272,-3256,23,-700,721,running,0.00,0,0,0,0,0
1779747371211,-3481,17474,-3688,148,-683,668,running,0.00,0,0,0,0,0
1779747371212,-3764,18063,-3486,251,-670,611,running,0.00,0,0,0,0,0
1779747371213,-3888,19096,-3405,312,-648,528,running,0.00,0,0,0,0,0
1779747371240,-4213,20106,-3354,304,-637,439,running,0.00,0,0,0,0,0
1779747371241,-4992,20630,-3092,218,-648,365,running,0.00,0,0,0,0,0
1779747371241,-5546,20510,-2642,129,-639,282,running,0.00,0,0,0,0,0
1779747371273,-5348,19684,-2107,90,-598,210,running,0.00,0,0,0,0,0
1779747371275,-5021,18763,-1369,53,-564,173,running,0.00,0,0,0,0,0
1779747371276,-4770,18198,-636,32,-512,160,running,0.00,0,0,0,0,0
1779747371301,-4359,17787,-127,64,-445,186,running,0.00,0,0,0,0,0
1779747371302,-3818,17045,215,133,-387,200,running,0.00,0,0,0,0,0
1779747371303,-2941,15875,475,165,-354,179,running,0.00,0,0,0,0,0
1779747371331,-2166,14969,602,130,-346,187,running,0.00,0,0,0,0,0
1779747371331,-1633,14255,623,67,-362,212,running,0.00,0,0,0,0,0
1779747371332,-1341,13900,507,-7,-379,221,running,0.00,0,0,0,0,0
1779747371361,-1118,13590,503,-62,-392,209,running,0.00,0,0,0,0,0
1779747371363,-799,13452,393,-100,-404,205,running,0.00,0,0,0,0,0
1779747371364,-710,13913,389,-119,-419,196,running,0.00,0,0,0,0,0
1779747371395,-532,14319,255,-116,-431,163,running,0.00,0,0,0,0,0
1779747371397,-522,14553,86,-126,-459,131,running,0.00,0,0,0,0,0
1779747371398,-1167,15066,16,-130,-483,113,running,0.00,0,0,0,0,0
1779747371422,-1161,15420,-307,-108,-478,60,running,0.00,0,0,0,0,0
1779747371424,-1081,15917,-302,-112,-522,35,running,0.00,0,0,0,0,0
1779747371424,-1776,16219,158,-107,-560,-6,running,0.00,0,0,0,0,0
1779747371451,-1790,16597,297,-78,-558,-68,running,0.00,0,0,0,0,0
1779747371452,-2010,17208,378,-18,-564,-43,running,0.00,0,0,0,0,0
1779747371453,-2427,17578,769,60,-571,-34,running,0.00,0,0,0,0,0
1779747371481,-2457,17665,1005,116,-554,-94,running,0.00,0,0,0,0,0
1779747371482,-2477,17804,1270,137,-543,-140,running,0.00,0,0,0,0,0
1779747371483,-2899,18187,1272,152,-511,-131,running,0.00,0,0,0,0,0
1779747371510,-3327,18540,1170,183,-448,-112,running,0.00,0,0,0,0,0
1779747371511,-3623,18671,1228,235,-380,-100,running,0.00,0,0,0,0,0
1779747371512,-3693,18400,1379,299,-301,-80,running,0.00,0,0,0,0,0
1779747371541,-3528,17863,1445,367,-217,-57,running,0.00,0,0,0,0,0
1779747371542,-3317,17237,1555,409,-138,-37,running,0.00,0,0,0,0,0
1779747371542,-3079,16725,1635,415,-65,-25,running,0.00,0,0,0,0,0
1779747371571,-2789,16173,1573,392,-9,-19,running,0.00,0,0,0,0,0
1779747371572,-2493,15799,1531,360,35,-15,running,0.00,0,0,0,0,0
1779747371573,-2214,15538,1493,321,72,-19,running,0.00,0,0,0,0,0
1779747371601,-1966,15315,1357,271,91,-30,running,0.00,0,0,0,0,0
1779747371602,-1873,15252,1258,216,93,-39,running,0.00,0,0,0,0,0
1779747371603,-1800,15252,1110,160,89,-48,running,0.00,0,0,0,0,0
1779747371631,-1599,15442,963,116,80,-60,running,0.00,0,0,0,0,0
1779747371633,-1459,15723,968,93,69,-72,running,0.00,0,0,0,0,0
1779747371635,-1411,16068,929,89,56,-83,running,0.00,0,0,0,0,0
1779747371664,-1390,16389,944,100,51,-105,running,0.00,0,0,0,0,0
1779747371666,-1445,16687,824,121,49,-134,running,0.00,0,0,0,0,0
1779747371669,-1331,16484,920,119,38,-183,running,0.00,0,0,0,0,0
1779747371771,-1772,17236,585,142,64,-132,running,0.00,0,0,0,0,0
1779747371775,-2089,16956,311,115,95,-181,running,0.00,0,0,0,0,0
1779747371775,-2265,17511,-4,40,99,-167,running,0.00,0,0,0,0,0
1779747371775,-2702,18173,-191,-9,118,-131,running,0.00,0,0,0,0,0
1779747371775,-2891,18569,-563,-41,148,-86,running,0.00,0,0,0,0,0
1779747371776,-2848,18191,-921,-59,169,-52,running,0.00,0,0,0,0,0
1779747371776,-2836,17870,-1320,-66,187,-14,running,0.00,0,0,0,0,0
1779747371776,-2862,17645,-1816,-70,185,43,running,0.00,0,0,0,0,0
1779747371776,-2994,17197,-2198,-67,172,99,running,0.00,0,0,0,0,0
1779747371790,-2883,16501,-2622,-61,162,135,running,0.00,0,0,0,0,0
1779747371790,-2686,15857,-3204,-52,145,168,running,0.00,0,0,0,0,0
1779747371791,-2529,15408,-3546,-21,110,195,running,0.00,0,0,0,0,0
1779747371820,-2443,15108,-3756,21,73,210,running,0.00,0,0,0,0,0
1779747371820,-2302,15042,-4022,55,26,227,running,0.00,0,0,0,0,0
1779747371820,-2382,14843,-4468,86,-30,254,running,0.00,0,0,0,0,0
1779747371843,-2389,14558,-4726,152,-85,259,running,0.00,0,0,0,0,0
1779747371844,-2372,14082,-4544,191,-160,270,running,0.00,0,0,0,0,0
1779747371847,-2612,13778,-4802,132,-227,283,running,0.00,0,0,0,0,0
1779747371868,-3177,15136,-5189,86,-262,311,running,0.00,0,0,0,0,0
1779747371869,-3240,15975,-5198,126,-299,323,running,0.00,0,0,0,0,0
1779747371871,-3180,15737,-5160,288,-301,293,running,0.00,0,0,0,0,0
1779747371903,-3031,15271,-5330,429,-270,258,running,0.00,0,0,0,0,0
1779747371903,-3051,14739,-5275,496,-256,239,running,0.00,0,0,0,0,0
1779747371904,-3237,14638,-5103,514,-236,224,running,0.00,0,0,0,0,0
1779747371929,-3210,14760,-4908,491,-208,203,running,0.00,0,0,0,0,0
1779747371931,-3164,15068,-4719,439,-183,195,running,0.00,0,0,0,0,0
1779747371931,-3272,15311,-4315,385,-166,190,running,0.00,0,0,0,0,0
1779747371962,-3191,15497,-3985,343,-136,175,running,0.00,0,0,0,0,0
1779747371963,-3093,15569,-3701,297,-108,161,running,0.00,0,0,0,0,0
1779747371963,-3211,15693,-3422,253,-90,163,running,0.00,0,0,0,0,0
1779747371989,-3259,15591,-3105,206,-78,169,running,0.00,0,0,0,0,0
1779747371990,-3178,15497,-2911,154,-64,167,running,0.00,0,0,0,0,0
1779747371990,-3066,15573,-2811,114,-46,167,running,0.00,0,0,0,0,0
1779747372022,-3038,15668,-2803,95,-28,177,running,0.00,0,0,0,0,0
1779747372022,-2961,15782,-2717,108,-3,188,running,0.00,0,0,0,0,0
1779747372023,-2742,15679,-2673,130,18,193,running,0.00,0,0,0,0,0
1779747372050,-2574,15607,-2691,147,39,195,running,0.00,0,0,0,0,0
1779747372080,-2481,15615,-2772,165,56,202,running,0.00,0,0,0,0,0
1779747372081,-2324,15470,-2844,181,70,198,running,0.00,0,0,0,0,0
1779747372081,-2135,15287,-2934,194,85,195,running,0.00,0,0,0,0,0
1779747372081,-2020,15076,-2997,203,93,195,running,0.00,0,0,0,0,0
1779747372081,-1907,14967,-3055,206,99,194,running,0.00,0,0,0,0,0
1779747372108,-1728,14894,-3150,196,99,185,running,0.00,0,0,0,0,0
1779747372109,-1605,14945,-3199,189,97,176,running,0.00,0,0,0,0,0
1779747372109,-1578,15051,-3239,183,94,171,running,0.00,0,0,0,0,0
1779747372139,-1561,15006,-3366,167,94,162,running,0.00,0,0,0,0,0
1779747372139,-1466,14978,-3437,162,94,153,running,0.00,0,0,0,0,0
1779747372139,-1391,14880,-3467,154,92,143,running,0.00,0,0,0,0,0
1779747372171,-1413,14875,-3514,137,88,131,running,0.00,0,0,0,0,0
1779747372172,-1348,14877,-3621,117,85,116,running,0.00,0,0,0,0,0
1779747372172,-1286,14854,-3735,85,77,104,running,0.00,0,0,0,0,0
1779747372198,-1337,15005,-3824,50,73,93,running,0.00,0,0,0,0,0
1779747372199,-1306,15100,-3894,22,63,84,running,0.00,0,0,0,0,0
1779747372199,-1304,15191,-3924,-10,54,79,running,0.00,0,0,0,0,0
1779747372229,-1316,15290,-3901,-37,44,79,running,0.00,0,0,0,0,0
1779747372231,-1299,15285,-3918,-59,32,80,running,0.00,0,0,0,0,0
1779747372231,-1301,15294,-3891,-88,21,80,running,0.00,0,0,0,0,0
1779747372259,-1279,15408,-3886,-119,10,80,running,0.00,0,0,0,0,0
1779747372259,-1245,15546,-3903,-152,-7,77,running,0.00,0,0,0,0,0
1779747372259,-1277,15724,-4080,-186,-18,71,running,0.00,0,0,0,0,0
1779747372291,-1430,15929,-4292,-219,-28,65,running,0.00,0,0,0,0,0
1779747372292,-1510,16299,-4212,-232,-33,59,running,0.00,0,0,0,0,0
1779747372292,-1482,16453,-3953,-232,-38,57,running,0.00,0,0,0,0,0
1779747372318,-1556,16208,-3796,-250,-42,59,running,0.00,0,0,0,0,0
1779747372319,-1530,15834,-3738,-261,-50,60,running,0.00,0,0,0,0,0
1779747372319,-1448,15527,-3447,-285,-74,67,running,0.00,0,0,0,0,0
1779747372349,-1426,15311,-3290,-329,-98,58,running,0.00,0,0,0,0,0
1779747372350,-1143,15156,-3096,-350,-117,41,running,0.00,0,0,0,0,0
1779747372352,-1025,15129,-2762,-351,-138,22,running,0.00,0,0,0,0,0
1779747372379,-1066,15219,-2548,-343,-150,0,running,0.00,0,0,0,0,0
1779747372410,-1079,15219,-2546,-344,-168,-9,running,0.00,0,0,0,0,0
1779747372411,-1107,15089,-2579,-375,-204,-8,running,0.00,0,0,0,0,0
1779747372411,-1221,15137,-2578,-423,-235,-8,running,0.00,0,0,0,0,0
1779747372411,-1320,15406,-2672,-471,-253,-12,running,0.00,0,0,0,0,0
1779747372412,-1426,15685,-2627,-509,-269,-13,running,0.00,0,0,0,0,0
1779747372438,-1501,15933,-2493,-509,-274,-12,running,0.00,0,0,0,0,0
1779747372439,-1563,16141,-2394,-489,-268,-15,running,0.00,0,0,0,0,0
1779747372439,-1656,16318,-2259,-437,-253,-23,running,0.00,0,0,0,0,0
1779747372471,-1630,16239,-2109,-367,-230,-33,running,0.00,0,0,0,0,0
1779747372471,-1695,16152,-2069,-288,-202,-41,running,0.00,0,0,0,0,0
1779747372471,-1745,16145,-2059,-200,-170,-43,running,0.00,0,0,0,0,0
1779747372499,-1719,16195,-2055,-135,-143,-43,running,0.00,0,0,0,0,0
1779747372499,-1626,16124,-2089,-86,-118,-39,running,0.00,0,0,0,0,0
1779747372501,-1520,15883,-2149,-59,-98,-33,running,0.00,0,0,0,0,0
1779747372529,-1576,15711,-2150,-54,-79,-32,running,0.00,0,0,0,0,0
1779747372530,-1657,15697,-2265,-75,-63,-35,running,0.00,0,0,0,0,0
1779747372530,-1773,15719,-2494,-118,-47,-30,running,0.00,0,0,0,0,0
1779747372559,-1790,16214,-2375,-135,-40,-12,running,0.00,0,0,0,0,0
1779747372560,-1729,16318,-2556,-188,-37,7,running,0.00,0,0,0,0,0
1779747372560,-1558,16136,-2649,-206,-17,7,running,0.00,0,0,0,0,0
1779747372590,-1494,16112,-2514,-151,4,-13,running,0.00,0,0,0,0,0
1779747372591,-1514,16182,-2491,-130,19,-17,running,0.00,0,0,0,0,0
1779747372591,-1556,16279,-2633,-130,28,-12,running,0.00,0,0,0,0,0
1779747372619,-1476,16326,-2592,-117,35,-23,running,0.00,0,0,0,0,0
1779747372620,-1599,16540,-2636,-96,49,-16,running,0.00,0,0,0,0,0
1779747372621,-1662,16547,-2868,-85,62,-4,running,0.00,0,0,0,0,0
1779747372649,-1459,16475,-2761,-39,73,1,running,0.00,0,0,0,0,0
1779747372649,-1387,16516,-2716,-4,81,9,running,0.00,0,0,0,0,0
1779747372649,-1463,16279,-2901,6,91,16,running,0.00,0,0,0,0,0
1779747372679,-1498,16022,-2817,17,90,15,running,0.00,0,0,0,0,0
1779747372679,-1396,15974,-2706,18,89,14,running,0.00,0,0,0,0,0
1779747372680,-1217,15911,-2598,11,82,9,running,0.00,0,0,0,0,0
1779747372712,-1175,15910,-2549,14,74,7,running,0.00,0,0,0,0,0
1779747372712,-1251,15878,-2413,8,61,12,running,0.00,0,0,0,0,0
1779747372713,-1311,15877,-2232,-3,45,17,running,0.00,0,0,0,0,0
1779747372739,-1161,15859,-1979,-14,24,15,running,0.00,0,0,0,0,0
1779747372743,-1007,15839,-1740,-36,-8,2,running,0.00,0,0,0,0,0
1779747372744,-1090,15992,-1600,-55,-37,-8,running,0.00,0,0,0,0,0
1779747372769,-1094,16286,-1539,-58,-49,4,running,0.00,0,0,0,0,0
1779747372770,-1188,16440,-1479,-31,-63,11,running,0.00,0,0,0,0,0
1779747372771,-1332,16292,-1661,45,-77,18,running,0.00,0,0,0,0,0
1779747372799,-1216,16104,-1796,62,-79,19,running,0.00,0,0,0,0,0
1779747372800,-1469,16288,-1964,82,-69,26,running,0.00,0,0,0,0,0
1779747372800,-1455,16426,-2105,128,-51,23,running,0.00,0,0,0,0,0
1779747372830,-1314,16153,-2144,177,-31,14,running,0.00,0,0,0,0,0
1779747372831,-1280,15397,-2205,185,-17,-1,running,0.00,0,0,0,0,0
1779747372831,-1382,15073,-2391,121,-11,8,running,0.00,0,0,0,0,0
