timestamp_ms,ax,ay,az,gx,gy,gz,label,temp_c,steps,bat_mv,bat_soc,hr_bpm,spo2_pct
1779983902843,3641,15848,-804,62,-666,31,walking,0.00,0,0,0,0,0
1779983902843,3577,15984,-884,6,-654,28,walking,0.00,0,0,0,0,0
1779983902843,3277,16494,-944,-33,-649,38,walking,0.00,0,0,0,0,0
1779983902874,3042,16035,-929,-46,-639,35,walking,0.00,0,0,0,0,0
1779983902903,2946,15738,-1206,-66,-616,71,walking,0.00,0,0,0,0,0
1779983902903,2820,15563,-1257,-90,-605,117,walking,0.00,0,0,0,0,0
1779983902904,2992,15216,-1419,-104,-590,145,walking,0.00,0,0,0,0,0
1779983902905,3222,15053,-1633,-108,-585,160,walking,0.00,0,0,0,0,0
1779983902905,3390,14881,-1859,-111,-593,159,walking,0.00,0,0,0,0,0
1779983902933,3503,14642,-1960,-128,-613,159,walking,0.00,0,0,0,0,0
1779983902934,3580,14753,-2117,-142,-634,164,walking,0.00,0,0,0,0,0
1779983902934,3692,14607,-2249,-145,-651,156,walking,0.00,0,0,0,0,0
1779983902963,3549,14640,-2413,-148,-668,147,walking,0.00,0,0,0,0,0
1779983902964,3436,14832,-2469,-153,-683,131,walking,0.00,0,0,0,0,0
1779983902964,3389,15019,-2362,-137,-697,118,walking,0.00,0,0,0,0,0
1779983902995,3322,15089,-2336,-99,-700,112,walking,0.00,0,0,0,0,0
1779983902995,3130,14989,-2307,-57,-704,106,walking,0.00,0,0,0,0,0
1779983902996,2894,14598,-2274,-26,-705,97,walking,0.00,0,0,0,0,0
1779983903027,2862,14260,-2489,-35,-683,85,walking,0.00,0,0,0,0,0
1779983903027,2936,13984,-2534,-81,-671,67,walking,0.00,0,0,0,0,0
1779983903028,2800,13969,-2360,-117,-664,50,walking,0.00,0,0,0,0,0
1779983903053,2550,13995,-2038,-110,-656,14,walking,0.00,0,0,0,0,0
1779983903053,2149,13672,-2042,-94,-645,-54,walking,0.00,0,0,0,0,0
1779983903054,1902,12774,-2407,-102,-625,-123,walking,0.00,0,0,0,0,0
1779983903085,1604,12287,-2766,-164,-601,-189,walking,0.00,0,0,0,0,0
1779983903085,1184,12648,-2883,-291,-576,-262,walking,0.00,0,0,0,0,0
1779983903085,719,13355,-2774,-397,-544,-345,walking,0.00,0,0,0,0,0
1779983903114,270,14224,-2696,-422,-508,-421,walking,0.00,0,0,0,0,0
1779983903116,28,14881,-2852,-354,-464,-505,walking,0.00,0,0,0,0,0
1779983903116,-41,14819,-3029,-216,-422,-607,walking,0.00,0,0,0,0,0
1779983903144,-450,13876,-3256,-84,-381,-698,walking,0.00,0,0,0,0,0
1779983903144,-946,13123,-3702,-58,-328,-750,walking,0.00,0,0,0,0,0
1779983903145,-1010,13059,-3986,-124,-274,-783,walking,0.00,0,0,0,0,0
1779983903174,-709,13717,-3564,-216,-230,-839,walking,0.00,0,0,0,0,0
1779983903174,-410,14368,-3331,-266,-190,-951,walking,0.00,0,0,0,0,0
1779983903175,-56,14148,-3512,-314,-149,-1093,walking,0.00,0,0,0,0,0
1779983903204,-24,14223,-3325,-299,-148,-1219,walking,0.00,0,0,0,0,0
1779983903204,-43,15193,-1886,-266,-144,-1353,walking,0.00,0,0,0,0,0
1779983903205,-117,15892,-1495,-186,-115,-1461,walking,0.00,0,0,0,0,0
1779983903233,-823,16540,-2055,-59,-111,-1569,walking,0.00,0,0,0,0,0
1779983903234,-1745,16512,-2379,123,-130,-1673,walking,0.00,0,0,0,0,0
1779983903234,-2325,15927,-3065,343,-77,-1759,walking,0.00,0,0,0,0,0
1779983903265,-2842,15697,-3675,581,37,-1848,walking,0.00,0,0,0,0,0
1779983903294,-3374,16243,-3359,824,161,-1932,walking,0.00,0,0,0,0,0
1779983903294,-3293,17175,-2308,1093,282,-1975,walking,0.00,0,0,0,0,0
1779983903294,-3129,18308,-1081,1429,345,-1914,walking,0.00,0,0,0,0,0
1779983903295,-3670,20049,-899,1798,342,-1766,walking,0.00,0,0,0,0,0
1779983903295,-3994,21106,-1318,2161,278,-1650,walking,0.00,0,0,0,0,0
1779983903324,-4117,20916,-1319,2527,161,-1597,walking,0.00,0,0,0,0,0
1779983903324,-4409,20079,-1475,2857,21,-1582,walking,0.00,0,0,0,0,0
1779983903324,-4159,18574,-2105,3047,-107,-1613,walking,0.00,0,0,0,0,0
1779983903355,-3766,16641,-3136,3053,-251,-1718,walking,0.00,0,0,0,0,0
1779983903359,-3641,13767,-3816,2891,-449,-1971,walking,0.00,0,0,0,0,0
1779983903360,-4831,9367,-3624,2551,-678,-2333,walking,0.00,0,0,0,0,0
1779983903384,-6016,10050,-5757,2110,-683,-2344,walking,0.00,0,0,0,0,0
1779983903385,-9997,8271,-5552,1560,-758,-2602,walking,0.00,0,0,0,0,0
1779983903385,-8914,8795,-6174,945,-682,-2753,walking,0.00,0,0,0,0,0
1779983903413,-9125,10253,-6888,408,-654,-2738,walking,0.00,0,0,0,0,0
1779983903416,-9683,11232,-7361,34,-607,-2552,walking,0.00,0,0,0,0,0
1779983903416,-9330,13715,-8007,-102,-543,-2191,walking,0.00,0,0,0,0,0
1779983903443,-9343,15314,-7602,-37,-601,-2032,walking,0.00,0,0,0,0,0
1779983903444,-9514,14238,-7487,150,-667,-2116,walking,0.00,0,0,0,0,0
1779983903444,-8909,12746,-7550,186,-685,-2137,walking,0.00,0,0,0,0,0
1779983903478,-10174,11421,-7771,85,-716,-2166,walking,0.00,0,0,0,0,0
1779983903478,-12406,12449,-9215,-131,-677,-2069,walking,0.00,0,0,0,0,0
1779983903479,-13578,14939,-9363,-271,-529,-1726,walking,0.00,0,0,0,0,0
1779983903505,-13994,17709,-8999,-133,-372,-1464,walking,0.00,0,0,0,0,0
1779983903507,-14144,20207,-8754,237,-296,-1331,walking,0.00,0,0,0,0,0
1779983903508,-13783,21072,-8878,783,-217,-1271,walking,0.00,0,0,0,0,0
1779983903536,-11767,18135,-8287,1345,-208,-1393,walking,0.00,0,0,0,0,0
1779983903537,-11459,12584,-7322,1685,-229,-1494,walking,0.00,0,0,0,0,0
1779983903537,-11435,8619,-7249,1701,-146,-1276,walking,0.00,0,0,0,0,0
1779983903567,-10509,6626,-7297,1413,-84,-982,walking,0.00,0,0,0,0,0
1779983903567,-10046,5628,-7239,907,-115,-852,walking,0.00,0,0,0,0,0
1779983903568,-10083,5096,-7647,175,-159,-885,walking,0.00,0,0,0,0,0
1779983903595,-10243,5243,-8103,-742,-139,-868,walking,0.00,0,0,0,0,0
1779983903596,-9785,7462,-8749,-1622,-39,-744,walking,0.00,0,0,0,0,0
1779983903597,-9337,11059,-8807,-2132,57,-601,walking,0.00,0,0,0,0,0
1779983903630,-9100,14148,-9030,-2118,152,-517,walking,0.00,0,0,0,0,0
1779983903630,-8661,16291,-8957,-1615,260,-460,walking,0.00,0,0,0,0,0
1779983903631,-7748,16691,-8783,-785,380,-415,walking,0.00,0,0,0,0,0
1779983903659,-7123,13858,-8348,83,439,-490,walking,0.00,0,0,0,0,0
1779983903660,-6786,9583,-7991,684,439,-586,walking,0.00,0,0,0,0,0
1779983903661,-6463,5989,-7556,886,384,-629,walking,0.00,0,0,0,0,0
1779983903686,-6326,3460,-7443,706,304,-663,walking,0.00,0,0,0,0,0
1779983903688,-6222,2248,-7377,226,215,-699,walking,0.00,0,0,0,0,0
1779983903697,-6770,4651,-7148,-820,35,-746,walking,0.00,0,0,0,0,0
1779983903718,-6975,7405,-7148,-978,-35,-764,walking,0.00,0,0,0,0,0
1779983903719,-7011,9813,-7488,-794,-127,-807,walking,0.00,0,0,0,0,0
1779983903720,-7326,10505,-7624,-313,-225,-913,walking,0.00,0,0,0,0,0
1779983903745,-7909,8788,-8097,277,-285,-1057,walking,0.00,0,0,0,0,0
1779983903745,-8809,6080,-8974,684,-327,-1151,walking,0.00,0,0,0,0,0
1779983903747,-9462,3890,-8901,760,-343,-1198,walking,0.00,0,0,0,0,0
1779983903774,-9738,2647,-8831,587,-350,-1230,walking,0.00,0,0,0,0,0
1779983903776,-10096,2471,-8703,289,-397,-1247,walking,0.00,0,0,0,0,0
1779983903777,-11043,3259,-8524,-26,-449,-1276,walking,0.00,0,0,0,0,0
1779983903803,-12104,3761,-8595,-328,-475,-1268,walking,0.00,0,0,0,0,0
1779983903804,-13116,3764,-8286,-572,-522,-1189,walking,0.00,0,0,0,0,0
1779983903805,-13870,4088,-7964,-799,-560,-1081,walking,0.00,0,0,0,0,0
1779983903835,-14312,5179,-7611,-1058,-588,-1014,walking,0.00,0,0,0,0,0
1779983903836,-14586,6114,-6900,-1345,-608,-994,walking,0.00,0,0,0,0,0
1779983903837,-14649,6277,-6713,-1643,-616,-925,walking,0.00,0,0,0,0,0
1779983903901,-14075,6551,-6967,-1933,-628,-770,walking,0.00,0,0,0,0,0
1779983903902,-13824,6586,-6977,-2269,-612,-715,walking,0.00,0,0,0,0,0
1779983903903,-14511,6436,-6757,-2682,-536,-812,walking,0.00,0,0,0,0,0
1779983903904,-15366,8063,-6222,-2973,-485,-876,walking,0.00,0,0,0,0,0
1779983903904,-14034,9649,-5691,-3079,-466,-1201,walking,0.00,0,0,0,0,0
1779983903905,-16793,8406,-3984,-3203,-421,-1592,walking,0.00,0,0,0,0,0
1779983903924,-15778,12396,-4092,-2881,-276,-1202,walking,0.00,0,0,0,0,0
1779983903924,-14951,13714,-3604,-2420,-217,-1170,walking,0.00,0,0,0,0,0
1779983903925,-15174,14368,-3460,-1925,-159,-1290,walking,0.00,0,0,0,0,0
1779983903954,-16148,14236,-3723,-1417,-100,-1319,walking,0.00,0,0,0,0,0
1779983903955,-16957,13921,-3604,-873,-41,-1206,walking,0.00,0,0,0,0,0
1779983903955,-17381,13543,-3211,-288,-16,-1037,walking,0.00,0,0,0,0,0
1779983903985,-17724,11939,-3255,222,-34,-943,walking,0.00,0,0,0,0,0
1779983903986,-17641,10088,-3814,494,-50,-916,walking,0.00,0,0,0,0,0
1779983903986,-17239,8205,-4410,521,-74,-910,walking,0.00,0,0,0,0,0
1779983904021,-16800,6925,-4627,428,-119,-844,walking,0.00,0,0,0,0,0
1779983904046,-15055,6704,-4394,318,-165,-750,walking,0.00,0,0,0,0,0
1779983904049,-14258,5528,-3719,223,-279,-797,walking,0.00,0,0,0,0,0
1779983904050,-15822,5219,-3312,124,-348,-750,walking,0.00,0,0,0,0,0
1779983904051,-16403,6017,-3485,48,-337,-614,walking,0.00,0,0,0,0,0
1779983904052,-16875,6783,-3364,14,-360,-585,walking,0.00,0,0,0,0,0
1779983904076,-17694,7149,-3070,32,-398,-638,walking,0.00,0,0,0,0,0
1779983904077,-18189,7351,-3023,71,-417,-712,walking,0.00,0,0,0,0,0
1779983904078,-19013,7258,-2967,98,-435,-811,walking,0.00,0,0,0,0,0
1779983904113,-18436,7019,-3116,78,-442,-942,walking,0.00,0,0,0,0,0
1779983904114,-19604,6867,-2742,-4,-497,-1096,walking,0.00,0,0,0,0,0
1779983904114,-19118,7521,-2718,-51,-482,-1112,walking,0.00,0,0,0,0,0
1779983904133,-18021,7985,-2792,-54,-440,-1121,walking,0.00,0,0,0,0,0
1779983904134,-17326,8449,-2764,1,-420,-1104,walking,0.00,0,0,0,0,0
1779983904134,-17415,8805,-2795,108,-409,-1047,walking,0.00,0,0,0,0,0
1779983904164,-17705,9236,-2926,271,-387,-972,walking,0.00,0,0,0,0,0
1779983904166,-17549,8842,-3009,473,-380,-962,walking,0.00,0,0,0,0,0
1779983904166,-18138,7950,-2829,675,-361,-927,walking,0.00,0,0,0,0,0
1779983904193,-17441,7597,-3079,890,-267,-764,walking,0.00,0,0,0,0,0
1779983904193,-16550,6961,-3217,1093,-187,-599,walking,0.00,0,0,0,0,0
1779983904193,-15893,5850,-3200,1240,-127,-436,walking,0.00,0,0,0,0,0
1779983904223,-15277,4654,-3122,1315,-69,-246,walking,0.00,0,0,0,0,0
1779983904223,-15052,3580,-2995,1331,0,-26,walking,0.00,0,0,0,0,0
1779983904223,-14359,3231,-2846,1317,74,224,walking,0.00,0,0,0,0,0
1779983904254,-13678,2897,-2611,1342,118,455,walking,0.00,0,0,0,0,0
1779983904259,-13436,2232,-2554,1384,159,640,walking,0.00,0,0,0,0,0
1779983904259,-13398,2097,-2759,1426,200,821,walking,0.00,0,0,0,0,0
1779983904285,-13230,1797,-2996,1433,225,928,walking,0.00,0,0,0,0,0
1779983904287,-12922,1416,-3254,1393,240,968,walking,0.00,0,0,0,0,0
1779983904290,-12317,1347,-2959,1371,216,976,walking,0.00,0,0,0,0,0
1779983904315,-12528,1859,-2468,1400,174,976,walking,0.00,0,0,0,0,0
1779983904316,-12676,2649,-2745,1470,216,1004,walking,0.00,0,0,0,0,0
1779983904316,-12899,2584,-2860,1546,251,1015,walking,0.00,0,0,0,0,0
1779983904345,-13447,1832,-2965,1550,325,1042,walking,0.00,0,0,0,0,0
1779983904345,-13452,1393,-3285,1437,412,1099,walking,0.00,0,0,0,0,0
1779983904346,-13415,938,-3386,1183,444,1112,walking,0.00,0,0,0,0,0
1779983904375,-13808,471,-3677,785,473,1102,walking,0.00,0,0,0,0,0
1779983904376,-14061,480,-4411,275,568,1082,walking,0.00,0,0,0,0,0
1779983904377,-13839,1604,-4508,-247,635,1119,walking,0.00,0,0,0,0,0
1779983904403,-13700,3421,-4188,-656,677,1172,walking,0.00,0,0,0,0,0
1779983904405,-13349,5319,-3965,-895,692,1132,walking,0.00,0,0,0,0,0
1779983904405,-13697,6774,-3742,-1007,673,1022,walking,0.00,0,0,0,0,0
1779983904433,-14060,7849,-3557,-1022,659,928,walking,0.00,0,0,0,0,0
1779983904434,-14655,8016,-3570,-967,672,799,walking,0.00,0,0,0,0,0
1779983904434,-15282,7755,-3753,-912,702,665,walking,0.00,0,0,0,0,0
1779983904463,-15937,7668,-3889,-897,721,589,walking,0.00,0,0,0,0,0
1779983904464,-16524,7733,-3808,-908,738,558,walking,0.00,0,0,0,0,0
1779983904464,-16809,7721,-3858,-924,761,529,walking,0.00,0,0,0,0,0
1779983904492,-16865,7620,-4012,-945,768,475,walking,0.00,0,0,0,0,0
1779983904492,-16936,7363,-4076,-975,756,393,walking,0.00,0,0,0,0,0
1779983904492,-16804,7056,-4048,-1010,744,297,walking,0.00,0,0,0,0,0
1779983904525,-16423,6771,-4126,-1030,738,204,walking,0.00,0,0,0,0,0
1779983904525,-16070,6502,-4319,-1038,733,115,walking,0.00,0,0,0,0,0
1779983904526,-16123,6652,-4626,-1041,708,14,walking,0.00,0,0,0,0,0
1779983904552,-16268,6063,-4318,-1031,653,-127,walking,0.00,0,0,0,0,0
1779983904552,-16240,4671,-3657,-1026,607,-244,walking,0.00,0,0,0,0,0
1779983904553,-16194,4226,-3592,-1059,594,-297,walking,0.00,0,0,0,0,0
1779983904583,-16806,5314,-4053,-1151,547,-368,walking,0.00,0,0,0,0,0
1779983904583,-18255,6500,-4238,-1282,414,-584,walking,0.00,0,0,0,0,0
1779983904584,-20668,6523,-3572,-1392,236,-901,walking,0.00,0,0,0,0,0
1779983904613,-22459,6405,-3120,-1428,143,-1122,walking,0.00,0,0,0,0,0
1779983904613,-21717,6464,-3414,-1369,119,-1254,walking,0.00,0,0,0,0,0
1779983904614,-19327,6483,-4195,-1232,101,-1295,walking,0.00,0,0,0,0,0
1779983904644,-17854,6022,-4853,-1045,37,-1245,walking,0.00,0,0,0,0,0
1779983904644,-17329,4461,-4732,-882,-56,-1146,walking,0.00,0,0,0,0,0
1779983904645,-17562,3448,-4707,-784,-115,-978,walking,0.00,0,0,0,0,0
1779983904673,-18095,3951,-4907,-705,-160,-795,walking,0.00,0,0,0,0,0
1779983904673,-18316,4604,-5020,-583,-211,-737,walking,0.00,0,0,0,0,0
1779983904673,-19322,5101,-4891,-392,-269,-781,walking,0.00,0,0,0,0,0
1779983904702,-19165,5709,-4954,-111,-268,-806,walking,0.00,0,0,0,0,0
1779983904703,-18526,4673,-4581,152,-282,-903,walking,0.00,0,0,0,0,0
1779983904704,-17770,3715,-4309,285,-262,-905,walking,0.00,0,0,0,0,0
1779983904732,-17244,4239,-4135,303,-215,-771,walking,0.00,0,0,0,0,0
1779983904732,-16891,3794,-3475,263,-180,-667,walking,0.00,0,0,0,0,0
1779983904733,-16468,2740,-3281,122,-115,-627,walking,0.00,0,0,0,0,0
1779983904762,-15509,2287,-3436,-125,-24,-546,walking,0.00,0,0,0,0,0
1779983904763,-14174,2421,-3470,-386,68,-423,walking,0.00,0,0,0,0,0
1779983904763,-12671,2774,-3568,-594,162,-317,walking,0.00,0,0,0,0,0
1779983904792,-11105,2641,-3803,-739,247,-279,walking,0.00,0,0,0,0,0
1779983904792,-9376,2889,-4564,-931,339,-242,walking,0.00,0,0,0,0,0
1779983904793,-8737,3372,-4588,-957,353,-256,walking,0.00,0,0,0,0,0
1779983904823,-8405,3758,-4332,-903,302,-303,walking,0.00,0,0,0,0,0
1779983904825,-8898,3379,-3442,-807,232,-346,walking,0.00,0,0,0,0,0
1779983904826,-9358,3334,-3074,-742,210,-382,walking,0.00,0,0,0,0,0
1779983904852,-9654,3970,-3106,-681,172,-402,walking,0.00,0,0,0,0,0
1779983904852,-10071,4373,-3221,-593,104,-435,walking,0.00,0,0,0,0,0
1779983904853,-10333,4199,-3249,-495,45,-482,walking,0.00,0,0,0,0,0
1779983904882,-10457,3777,-3205,-410,0,-509,walking,0.00,0,0,0,0,0
1779983904882,-10654,3649,-3158,-355,-27,-522,walking,0.00,0,0,0,0,0
1779983904882,-11006,3456,-3459,-339,-32,-548,walking,0.00,0,0,0,0,0
1779983904912,-11467,3287,-3882,-365,-56,-579,walking,0.00,0,0,0,0,0
1779983904912,-11990,3633,-4096,-389,-103,-606,walking,0.00,0,0,0,0,0
1779983904912,-12548,3994,-4110,-376,-135,-635,walking,0.00,0,0,0,0,0
1779983904942,-12876,4131,-4323,-332,-152,-657,walking,0.00,0,0,0,0,0
1779983904942,-13040,4135,-4650,-285,-180,-661,walking,0.00,0,0,0,0,0
1779983904943,-13218,4262,-4995,-257,-220,-660,walking,0.00,0,0,0,0,0
1779983904972,-13691,4582,-5141,-239,-276,-660,walking,0.00,0,0,0,0,0
1779983905002,-14410,4791,-5353,-214,-326,-659,walking,0.00,0,0,0,0,0
1779983905002,-15287,4930,-5488,-182,-360,-634,walking,0.00,0,0,0,0,0
1779983905005,-16206,5110,-5603,-146,-378,-589,walking,0.00,0,0,0,0,0
1779983905005,-17119,5388,-5787,-111,-381,-544,walking,0.00,0,0,0,0,0
1779983905005,-18148,5464,-5794,-86,-375,-510,walking,0.00,0,0,0,0,0
1779983905032,-19096,5220,-5715,-85,-357,-482,walking,0.00,0,0,0,0,0
1779983905032,-19760,5036,-5609,-120,-327,-431,walking,0.00,0,0,0,0,0
1779983905033,-20054,5032,-5521,-182,-302,-362,walking,0.00,0,0,0,0,0
1779983905062,-20325,5027,-5314,-256,-278,-299,walking,0.00,0,0,0,0,0
1779983905062,-20606,4988,-5058,-342,-251,-242,walking,0.00,0,0,0,0,0
1779983905063,-20762,5040,-4876,-440,-222,-184,walking,0.00,0,0,0,0,0
1779983905092,-21605,4912,-4613,-560,-212,-148,walking,0.00,0,0,0,0,0
1779983905092,-23082,5257,-4179,-687,-205,-108,walking,0.00,0,0,0,0,0
1779983905093,-24248,6024,-3919,-787,-185,-78,walking,0.00,0,0,0,0,0
1779983905123,-24886,6814,-3876,-847,-168,-91,walking,0.00,0,0,0,0,0
1779983905123,-25038,7210,-3907,-860,-166,-150,walking,0.00,0,0,0,0,0
1779983905124,-23350,7005,-4072,-806,-141,-204,walking,0.00,0,0,0,0,0
1779983905152,-20489,6360,-4515,-693,-96,-186,walking,0.00,0,0,0,0,0
1779983905152,-18108,5589,-4693,-553,-81,-83,walking,0.00,0,0,0,0,0
1779983905153,-16421,4850,-4468,-400,-62,95,walking,0.00,0,0,0,0,0
1779983905185,-15537,4282,-4176,-240,-16,328,walking,0.00,0,0,0,0,0
1779983905185,-15718,3991,-3705,-88,39,565,walking,0.00,0,0,0,0,0
1779983905185,-16435,4120,-3260,59,89,757,walking,0.00,0,0,0,0,0
1779983905212,-17216,4620,-2955,204,118,866,walking,0.00,0,0,0,0,0
1779983905212,-17842,5088,-2760,351,125,907,walking,0.00,0,0,0,0,0
1779983905213,-18294,5089,-2674,482,135,910,walking,0.00,0,0,0,0,0
1779983905241,-18639,5060,-2709,571,160,918,walking,0.00,0,0,0,0,0
1779983905242,-18911,5289,-2833,607,190,942,walking,0.00,0,0,0,0,0
1779983905242,-18983,6004,-3054,625,220,958,walking,0.00,0,0,0,0,0
1779983905272,-18421,7017,-3126,666,231,948,walking,0.00,0,0,0,0,0
1779983905273,-17716,6847,-2987,720,224,886,walking,0.00,0,0,0,0,0
1779983905273,-16887,5458,-3091,721,246,767,walking,0.00,0,0,0,0,0
1779983905303,-16087,4881,-3520,616,249,683,walking,0.00,0,0,0,0,0
1779983905303,-15145,5202,-2910,498,198,681,walking,0.00,0,0,0,0,0
1779983905304,-14308,5850,-2946,509,166,727,walking,0.00,0,0,0,0,0
1779983905331,-13939,6147,-3346,629,168,774,walking,0.00,0,0,0,0,0
1779983905332,-13549,6471,-3673,814,176,842,walking,0.00,0,0,0,0,0
1779983905332,-13249,6008,-3315,1043,157,922,walking,0.00,0,0,0,0,0
1779983905362,-12593,5595,-3048,1288,172,1001,walking,0.00,0,0,0,0,0
1779983905363,-12021,4804,-2823,1495,148,996,walking,0.00,0,0,0,0,0
1779983905363,-12720,4072,-2396,1652,104,1009,walking,0.00,0,0,0,0,0
1779983905392,-12620,4355,-2895,1756,182,1126,walking,0.00,0,0,0,0,0
1779983905392,-12106,3401,-3256,1769,256,1174,walking,0.00,0,0,0,0,0
1779983905392,-12430,1764,-3326,1646,313,1150,walking,0.00,0,0,0,0,0
1779983905424,-12013,1559,-3399,1362,399,1184,walking,0.00,0,0,0,0,0
1779983905425,-11659,2266,-3217,1036,450,1236,walking,0.00,0,0,0,0,0
1779983905425,-11395,3110,-3071,772,504,1292,walking,0.00,0,0,0,0,0
1779983905454,-11019,3863,-3086,583,561,1335,walking,0.00,0,0,0,0,0
1779983905454,-10937,4532,-3083,428,598,1348,walking,0.00,0,0,0,0,0
1779983905455,-11037,5009,-3037,289,620,1338,walking,0.00,0,0,0,0,0
1779983905483,-10874,5635,-2972,171,631,1313,walking,0.00,0,0,0,0,0
1779983905484,-10723,6178,-2985,75,622,1241,walking,0.00,0,0,0,0,0
1779983905484,-11373,6558,-2938,10,604,1151,walking,0.00,0,0,0,0,0
1779983905516,-11833,7295,-2786,-13,609,1080,walking,0.00,0,0,0,0,0
1779983905516,-12157,7485,-2911,3,626,963,walking,0.00,0,0,0,0,0
1779983905517,-12618,7449,-3106,32,629,850,walking,0.00,0,0,0,0,0
1779983905545,-12944,7617,-3188,61,626,779,walking,0.00,0,0,0,0,0
1779983905546,-13243,7893,-3289,91,616,715,walking,0.00,0,0,0,0,0
1779983905546,-13414,8137,-3425,122,598,632,walking,0.00,0,0,0,0,0
1779983905577,-13740,8170,-3582,152,564,524,walking,0.00,0,0,0,0,0
1779983905577,-14273,8180,-3716,171,530,400,walking,0.00,0,0,0,0,0
1779983905578,-14937,8055,-3915,178,505,258,walking,0.00,0,0,0,0,0
1779983905606,-15720,7850,-4067,177,476,119,walking,0.00,0,0,0,0,0
1779983905607,-16461,7427,-4240,155,451,-9,walking,0.00,0,0,0,0,0
1779983905607,-17049,6908,-4370,96,429,-114,walking,0.00,0,0,0,0,0
1779983905636,-17238,6431,-4477,6,401,-194,walking,0.00,0,0,0,0,0
1779983905638,-17133,6078,-4596,-112,361,-261,walking,0.00,0,0,0,0,0
1779983905638,-16980,5937,-4852,-259,305,-326,walking,0.00,0,0,0,0,0
1779983905663,-16845,5947,-5081,-411,237,-394,walking,0.00,0,0,0,0,0
1779983905663,-16825,6092,-5225,-536,164,-473,walking,0.00,0,0,0,0,0
1779983905664,-16793,6377,-5423,-616,103,-546,walking,0.00,0,0,0,0,0
1779983905693,-16811,6813,-5672,-651,56,-616,walking,0.00,0,0,0,0,0
1779983905694,-17138,7248,-5884,-653,16,-704,walking,0.00,0,0,0,0,0
1779983905694,-17887,7515,-5905,-642,-15,-815,walking,0.00,0,0,0,0,0
1779983905723,-18763,7567,-5777,-629,-37,-936,walking,0.00,0,0,0,0,0
1779983905724,-18986,7396,-5465,-604,-55,-1051,walking,0.00,0,0,0,0,0
1779983905724,-18020,6715,-5268,-559,-71,-1137,walking,0.00,0,0,0,0,0
1779983905754,-16250,5666,-5340,-520,-87,-1169,walking,0.00,0,0,0,0,0
1779983905754,-14676,4482,-5485,-515,-116,-1127,walking,0.00,0,0,0,0,0
1779983905754,-13869,3761,-5492,-544,-156,-1016,walking,0.00,0,0,0,0,0
1779983905783,-13854,3685,-5473,-589,-190,-883,walking,0.00,0,0,0,0,0
1779983905783,-14648,4101,-5458,-609,-218,-775,walking,0.00,0,0,0,0,0
1779983905784,-15809,4753,-5325,-561,-233,-710,walking,0.00,0,0,0,0,0
1779983905813,-16790,5479,-5193,-440,-231,-699,walking,0.00,0,0,0,0,0
1779983905813,-17562,5860,-5121,-271,-214,-723,walking,0.00,0,0,0,0,0
1779983905816,-18124,5748,-4973,-109,-191,-758,walking,0.00,0,0,0,0,0
1779983905846,-18593,5264,-4612,-2,-165,-776,walking,0.00,0,0,0,0,0
1779983905846,-18657,4590,-4074,30,-133,-759,walking,0.00,0,0,0,0,0
1779983905846,-18349,4223,-3802,-10,-94,-701,walking,0.00,0,0,0,0,0
1779983905873,-17703,3939,-3565,-96,-72,-667,walking,0.00,0,0,0,0,0
1779983905873,-17155,2864,-3285,-217,-63,-673,walking,0.00,0,0,0,0,0
1779983905874,-16133,2449,-3416,-373,-33,-598,walking,0.00,0,0,0,0,0
1779983905905,-13847,3023,-3964,-650,11,-411,walking,0.00,0,0,0,0,0
1779983905906,-12873,2966,-4082,-755,20,-401,walking,0.00,0,0,0,0,0
1779983905906,-11939,2966,-4081,-852,27,-400,walking,0.00,0,0,0,0,0
1779983905935,-11256,3248,-4060,-938,33,-389,walking,0.00,0,0,0,0,0
1779983905941,-10728,3514,-3966,-1007,32,-407,walking,0.00,0,0,0,0,0
1779983905941,-10428,3696,-3940,-1054,27,-444,walking,0.00,0,0,0,0,0
1779983905963,-10333,3882,-3904,-1088,22,-468,walking,0.00,0,0,0,0,0
1779983905964,-10230,4079,-3898,-1104,28,-488,walking,0.00,0,0,0,0,0
1779983905964,-10779,4435,-4067,-1108,45,-504,walking,0.00,0,0,0,0,0
1779983905993,-10608,4554,-4150,-1110,62,-512,walking,0.00,0,0,0,0,0
1779983905998,-10887,4470,-3998,-1087,42,-560,walking,0.00,0,0,0,0,0
1779983905998,-11048,4919,-4197,-1055,51,-553,walking,0.00,0,0,0,0,0
1779983906023,-10931,5687,-4571,-975,66,-518,walking,0.00,0,0,0,0,0
1779983906023,-10996,5707,-4496,-855,39,-517,walking,0.00,0,0,0,0,0
1779983906024,-11067,5662,-4437,-730,8,-520,walking,0.00,0,0,0,0,0
1779983906054,-11059,5493,-4648,-628,-24,-541,walking,0.00,0,0,0,0,0
1779983906055,-11103,5203,-4973,-549,-69,-571,walking,0.00,0,0,0,0,0
1779983906055,-11223,5103,-5156,-502,-119,-599,walking,0.00,0,0,0,0,0
1779983906083,-11471,5102,-5338,-470,-174,-613,walking,0.00,0,0,0,0,0
1779983906084,-11937,5290,-5521,-439,-215,-614,walking,0.00,0,0,0,0,0
1779983906084,-12480,5626,-5661,-386,-245,-619,walking,0.00,0,0,0,0,0
1779983906113,-13097,5809,-5871,-316,-268,-641,walking,0.00,0,0,0,0,0
1779983906114,-13914,5886,-6034,-259,-299,-673,walking,0.00,0,0,0,0,0
1779983906114,-14717,6022,-6022,-228,-321,-705,walking,0.00,0,0,0,0,0
1779983906144,-15572,6219,-6045,-208,-339,-740,walking,0.00,0,0,0,0,0
1779983906146,-16542,6472,-6018,-195,-354,-772,walking,0.00,0,0,0,0,0
1779983906147,-17507,6761,-6095,-179,-373,-809,walking,0.00,0,0,0,0,0
1779983906175,-18344,6685,-6038,-167,-396,-860,walking,0.00,0,0,0,0,0
1779983906176,-19032,6451,-5997,-169,-398,-889,walking,0.00,0,0,0,0,0
1779983906176,-19657,6438,-6046,-181,-385,-879,walking,0.00,0,0,0,0,0
1779983906203,-20097,6485,-5988,-185,-366,-840,walking,0.00,0,0,0,0,0
1779983906204,-20638,6430,-5864,-178,-346,-783,walking,0.00,0,0,0,0,0
1779983906205,-21010,6170,-5664,-178,-328,-717,walking,0.00,0,0,0,0,0
1779983906236,-21114,5871,-5425,-192,-309,-646,walking,0.00,0,0,0,0,0
1779983906237,-20386,5927,-5468,-206,-291,-562,walking,0.00,0,0,0,0,0
1779983906238,-20248,5673,-5484,-228,-315,-531,walking,0.00,0,0,0,0,0
1779983906264,-20640,6104,-5423,-249,-336,-476,walking,0.00,0,0,0,0,0
1779983906265,-20322,6881,-5460,-205,-323,-393,walking,0.00,0,0,0,0,0
1779983906265,-19895,6899,-5470,-101,-302,-349,walking,0.00,0,0,0,0,0
1779983906293,-19129,6241,-5383,-5,-271,-317,walking,0.00,0,0,0,0,0
1779983906296,-17711,5706,-5220,72,-229,-242,walking,0.00,0,0,0,0,0
1779983906296,-16232,5357,-5009,132,-174,-118,walking,0.00,0,0,0,0,0
1779983906331,-15261,5242,-4692,185,-124,39,walking,0.00,0,0,0,0,0
1779983906331,-15167,5339,-4323,249,-86,207,walking,0.00,0,0,0,0,0
1779983906332,-15825,5791,-3906,334,-59,360,walking,0.00,0,0,0,0,0
1779983906353,-16785,6402,-3505,451,-40,462,walking,0.00,0,0,0,0,0
1779983906354,-17450,6816,-3358,588,-16,505,walking,0.00,0,0,0,0,0
1779983906355,-17927,6889,-3346,711,9,510,walking,0.00,0,0,0,0,0
1779983906383,-18457,6845,-3382,805,33,507,walking,0.00,0,0,0,0,0
1779983906383,-18927,6716,-3305,864,67,521,walking,0.00,0,0,0,0,0
1779983906384,-19149,6609,-3260,896,113,544,walking,0.00,0,0,0,0,0
1779983906413,-19042,6467,-3215,909,160,566,walking,0.00,0,0,0,0,0
1779983906418,-18645,6330,-3101,905,197,580,walking,0.00,0,0,0,0,0
1779983906420,-18099,6211,-3022,889,211,594,walking,0.00,0,0,0,0,0
1779983906445,-17400,5934,-2944,875,203,604,walking,0.00,0,0,0,0,0
1779983906445,-16884,5343,-2931,860,189,610,walking,0.00,0,0,0,0,0
1779983906446,-16315,5070,-3235,830,188,623,walking,0.00,0,0,0,0,0
1779983906473,-15414,5150,-3495,801,183,664,walking,0.00,0,0,0,0,0
1779983906473,-14804,4955,-3429,813,178,708,walking,0.00,0,0,0,0,0
1779983906474,-14379,4609,-3537,852,211,774,walking,0.00,0,0,0,0,0
1779983906507,-14053,4223,-3460,886,260,881,walking,0.00,0,0,0,0,0
1779983906507,-13759,4061,-3216,919,318,1005,walking,0.00,0,0,0,0,0
1779983906508,-13341,4327,-3160,959,378,1137,walking,0.00,0,0,0,0,0
1779983906533,-13082,3932,-2762,1002,418,1266,walking,0.00,0,0,0,0,0
1779983906534,-12780,3342,-2846,1021,479,1370,walking,0.00,0,0,0,0,0
1779983906534,-12681,3340,-3068,959,515,1436,walking,0.00,0,0,0,0,0
1779983906563,-12559,3767,-3015,868,523,1492,walking,0.00,0,0,0,0,0
1779983906564,-12316,4090,-2964,813,554,1557,walking,0.00,0,0,0,0,0
1779983906565,-12359,4103,-3023,774,589,1619,walking,0.00,0,0,0,0,0
1779983906596,-12173,4271,-3186,715,625,1685,walking,0.00,0,0,0,0,0
1779983906597,-12625,4299,-2952,631,630,1723,walking,0.00,0,0,0,0,0
1779983906597,-12762,5079,-3067,568,701,1835,walking,0.00,0,0,0,0,0
1779983906623,-12210,5359,-3311,532,754,1871,walking,0.00,0,0,0,0,0
1779983906624,-12193,5324,-3406,477,750,1827,walking,0.00,0,0,0,0,0
1779983906624,-12302,5586,-3494,406,755,1795,walking,0.00,0,0,0,0,0
1779983906655,-12142,6158,-3618,340,760,1754,walking,0.00,0,0,0,0,0
1779983906655,-11630,6680,-3781,292,753,1659,walking,0.00,0,0,0,0,0
1779983906655,-12158,6576,-3658,247,738,1548,walking,0.00,0,0,0,0,0
1779983906686,-12524,7174,-3638,206,749,1496,walking,0.00,0,0,0,0,0
1779983906686,-12499,7303,-3840,162,764,1381,walking,0.00,0,0,0,0,0
1779983906687,-12393,7326,-4125,101,746,1242,walking,0.00,0,0,0,0,0
1779983906713,-13363,7846,-3987,43,698,1147,walking,0.00,0,0,0,0,0
1779983906714,-13564,8817,-3997,43,724,1123,walking,0.00,0,0,0,0,0
1779983906714,-13022,9097,-4222,96,733,1023,walking,0.00,0,0,0,0,0
1779983906745,-13504,8961,-4427,151,682,873,walking,0.00,0,0,0,0,0
1779983906745,-14076,8773,-4774,169,638,746,walking,0.00,0,0,0,0,0
1779983906745,-14546,8498,-5020,154,577,620,walking,0.00,0,0,0,0,0
1779983906773,-14840,8196,-5210,114,508,500,walking,0.00,0,0,0,0,0
1779983906774,-14932,7959,-5429,58,443,391,walking,0.00,0,0,0,0,0
1779983906774,-14731,7822,-5587,4,379,285,walking,0.00,0,0,0,0,0
1779983906803,-14309,7578,-5800,-43,312,178,walking,0.00,0,0,0,0,0
1779983906803,-13750,7375,-5971,-89,240,77,walking,0.00,0,0,0,0,0
1779983906804,-13444,7240,-6114,-139,168,-22,walking,0.00,0,0,0,0,0
1779983906835,-13532,7338,-6295,-194,93,-122,walking,0.00,0,0,0,0,0
1779983906836,-13939,7596,-6380,-248,21,-229,walking,0.00,0,0,0,0,0
1779983906836,-14458,7966,-6395,-279,-40,-347,walking,0.00,0,0,0,0,0
1779983906863,-14937,8480,-6441,-275,-88,-483,walking,0.00,0,0,0,0,0
1779983906863,-15846,8950,-6555,-262,-144,-642,walking,0.00,0,0,0,0,0
1779983906864,-16927,9127,-6444,-248,-203,-830,walking,0.00,0,0,0,0,0
1779983906894,-17341,8723,-6257,-227,-250,-1031,walking,0.00,0,0,0,0,0
1779983906895,-16553,7683,-6240,-206,-289,-1198,walking,0.00,0,0,0,0,0
1779983906895,-14911,6446,-6420,-202,-328,-1286,walking,0.00,0,0,0,0,0
1779983906926,-13348,5187,-6553,-227,-374,-1294,walking,0.00,0,0,0,0,0
1779983906931,-12504,4360,-6441,-270,-420,-1232,walking,0.00,0,0,0,0,0
1779983906931,-12631,4336,-6301,-331,-447,-1136,walking,0.00,0,0,0,0,0
1779983906953,-13546,4732,-6086,-382,-459,-1067,walking,0.00,0,0,0,0,0
1779983906954,-15130,5260,-5755,-388,-464,-1055,walking,0.00,0,0,0,0,0
1779983906954,-16952,5756,-5334,-346,-458,-1101,walking,0.00,0,0,0,0,0
1779983906983,-18290,6117,-4997,-257,-441,-1175,walking,0.00,0,0,0,0,0
1779983906984,-18941,6093,-4787,-154,-414,-1258,walking,0.00,0,0,0,0,0
1779983906984,-18498,4935,-4293,-88,-374,-1350,walking,0.00,0,0,0,0,0
1779983907015,-18178,4464,-3951,-153,-351,-1316,walking,0.00,0,0,0,0,0
1779983907016,-17914,4229,-3684,-242,-327,-1235,walking,0.00,0,0,0,0,0
1779983907016,-16760,4526,-3791,-314,-290,-1145,walking,0.00,0,0,0,0,0
1779983907045,-16414,4068,-3557,-391,-318,-1164,walking,0.00,0,0,0,0,0
1779983907046,-16323,2893,-3262,-484,-316,-1164,walking,0.00,0,0,0,0,0
1779983907047,-15411,3184,-3764,-572,-244,-1010,walking,0.00,0,0,0,0,0
1779983907074,-14340,3830,-3986,-629,-205,-868,walking,0.00,0,0,0,0,0
1779983907074,-13887,3415,-3819,-676,-190,-804,walking,0.00,0,0,0,0,0
1779983907075,-13804,2615,-4060,-786,-144,-787,walking,0.00,0,0,0,0,0
1779983907103,-13087,2987,-4709,-971,-84,-742,walking,0.00,0,0,0,0,0
1779983907105,-12079,4000,-4486,-1107,-79,-666,walking,0.00,0,0,0,0,0
1779983907105,-11486,4667,-3964,-1114,-87,-617,walking,0.00,0,0,0,0,0
1779983907134,-11240,5036,-4123,-1058,-74,-600,walking,0.00,0,0,0,0,0
1779983907135,-11137,5187,-4305,-980,-82,-583,walking,0.00,0,0,0,0,0
1779983907136,-11688,5123,-4123,-892,-101,-555,walking,0.00,0,0,0,0,0
1779983907164,-11480,4772,-4093,-841,-110,-560,walking,0.00,0,0,0,0,0
1779983907164,-11821,4265,-4240,-839,-126,-586,walking,0.00,0,0,0,0,0
1779983907165,-11754,4913,-4763,-868,-106,-543,walking,0.00,0,0,0,0,0
1779983907194,-11424,5764,-4850,-841,-113,-486,walking,0.00,0,0,0,0,0
1779983907194,-11212,5854,-4826,-747,-140,-491,walking,0.00,0,0,0,0,0
1779983907194,-11216,5636,-5191,-670,-161,-546,walking,0.00,0,0,0,0,0
1779983907225,-11257,5855,-5604,-620,-195,-585,walking,0.00,0,0,0,0,0
1779983907225,-11014,6394,-5606,-541,-250,-600,walking,0.00,0,0,0,0,0
1779983907225,-10736,6369,-5301,-411,-309,-639,walking,0.00,0,0,0,0,0
1779983907254,-10852,5956,-5572,-287,-360,-700,walking,0.00,0,0,0,0,0
1779983907283,-10887,5888,-5632,-202,-428,-730,walking,0.00,0,0,0,0,0
1779983907283,-11234,5964,-5371,-110,-491,-743,walking,0.00,0,0,0,0,0
1779983907283,-11445,6100,-5427,-9,-509,-753,walking,0.00,0,0,0,0,0
1779983907285,-12025,6023,-5576,82,-524,-774,walking,0.00,0,0,0,0,0
1779983907313,-12836,5840,-5572,136,-539,-798,walking,0.00,0,0,0,0,0
1779983907314,-13899,5947,-5519,156,-552,-816,walking,0.00,0,0,0,0,0
1779983907314,-15109,6232,-5407,162,-552,-840,walking,0.00,0,0,0,0,0
1779983907315,-16329,6292,-5182,157,-543,-875,walking,0.00,0,0,0,0,0
1779983907346,-17701,6145,-5016,132,-526,-910,walking,0.00,0,0,0,0,0
1779983907347,-18835,5895,-4907,82,-501,-927,walking,0.00,0,0,0,0,0
1779983907347,-19768,5486,-4654,-2,-461,-911,walking,0.00,0,0,0,0,0
1779983907374,-20643,5576,-4549,-99,-392,-836,walking,0.00,0,0,0,0,0
1779983907374,-21519,5627,-4458,-193,-338,-749,walking,0.00,0,0,0,0,0
1779983907374,-22870,5309,-4182,-309,-303,-679,walking,0.00,0,0,0,0,0
1779983907405,-23597,5679,-4052,-454,-257,-577,walking,0.00,0,0,0,0,0
1779983907405,-24709,5658,-3947,-628,-262,-571,walking,0.00,0,0,0,0,0
1779983907405,-26661,5863,-3366,-783,-299,-568,walking,0.00,0,0,0,0,0
1779983907437,-25135,5999,-3287,-833,-236,-500,walking,0.00,0,0,0,0,0
1779983907437,-22055,4870,-3640,-805,-150,-444,walking,0.00,0,0,0,0,0
1779983907438,-18801,3796,-4070,-798,-98,-291,walking,0.00,0,0,0,0,0
1779983907466,-16351,3730,-4132,-791,-87,-44,walking,0.00,0,0,0,0,0
1779983907471,-15262,3885,-4035,-729,-90,210,walking,0.00,0,0,0,0,0
1779983907472,-15671,4074,-3735,-609,-89,437,walking,0.00,0,0,0,0,0
1779983907497,-16413,4755,-3530,-445,-76,613,walking,0.00,0,0,0,0,0
1779983907498,-17374,5506,-3392,-254,-66,711,walking,0.00,0,0,0,0,0
1779983907499,-18426,6055,-3137,-54,-56,749,walking,0.00,0,0,0,0,0
1779983907525,-19221,6454,-2916,135,-33,750,walking,0.00,0,0,0,0,0
1779983907529,-19669,7004,-2876,305,9,736,walking,0.00,0,0,0,0,0
1779983907529,-19738,7993,-3162,486,50,732,walking,0.00,0,0,0,0,0
1779983907554,-19587,8484,-3231,705,82,727,walking,0.00,0,0,0,0,0
1779983907555,-19051,8149,-3118,971,128,700,walking,0.00,0,0,0,0,0
1779983907556,-18305,7714,-2519,1270,156,687,walking,0.00,0,0,0,0,0
1779983907584,-17518,6796,-2104,1574,196,701,walking,0.00,0,0,0,0,0
1779983907584,-16847,5400,-2352,1856,204,635,walking,0.00,0,0,0,0,0
1779983907585,-16236,3329,-2264,1983,118,422,walking,0.00,0,0,0,0,0
1779983907615,-14822,692,-2210,1899,-4,192,walking,0.00,0,0,0,0,0
1779983907616,-15112,-1103,-2154,1654,-139,74,walking,0.00,0,0,0,0,0
1779983907617,-13899,-863,-3139,1336,-112,120,walking,0.00,0,0,0,0,0
1779983907650,-13668,-471,-3264,1006,-101,85,walking,0.00,0,0,0,0,0
1779983907651,-13085,348,-3788,734,-58,38,walking,0.00,0,0,0,0,0
1779983907652,-12990,1490,-4263,534,-21,23,walking,0.00,0,0,0,0,0
1779983907679,-13012,2693,-4240,457,35,96,walking,0.00,0,0,0,0,0
1779983907679,-12473,3297,-3681,480,87,143,walking,0.00,0,0,0,0,0
1779983907680,-12273,4111,-3016,567,124,214,walking,0.00,0,0,0,0,0
1779983907705,-12413,4699,-2591,721,157,312,walking,0.00,0,0,0,0,0
1779983907705,-12411,4490,-2381,889,193,377,walking,0.00,0,0,0,0,0
1779983907706,-12589,4003,-2172,973,225,440,walking,0.00,0,0,0,0,0
1779983907737,-13054,3712,-2190,932,262,529,walking,0.00,0,0,0,0,0
1779983907740,-13286,3441,-2415,789,326,631,walking,0.00,0,0,0,0,0
1779983907741,-13196,3518,-2491,624,404,752,walking,0.00,0,0,0,0,0
1779983907763,-12984,4330,-2412,492,461,888,walking,0.00,0,0,0,0,0
1779983907763,-12929,5241,-2114,428,494,985,walking,0.00,0,0,0,0,0
1779983907764,-12999,5571,-2011,419,536,1015,walking,0.00,0,0,0,0,0
1779983907796,-12580,5560,-2271,424,575,1012,walking,0.00,0,0,0,0,0
1779983907797,-12896,5052,-2480,383,594,981,walking,0.00,0,0,0,0,0
1779983907798,-13336,5061,-2652,285,631,987,walking,0.00,0,0,0,0,0
1779983907823,-13367,5103,-2881,168,689,975,walking,0.00,0,0,0,0,0
1779983907824,-13308,4964,-3202,39,733,935,walking,0.00,0,0,0,0,0
1779983907825,-13250,5278,-3301,-84,752,915,walking,0.00,0,0,0,0,0
1779983907855,-13251,5803,-3264,-179,751,887,walking,0.00,0,0,0,0,0
1779983907856,-13509,6210,-3310,-234,739,831,walking,0.00,0,0,0,0,0
1779983907856,-13902,6590,-3441,-268,718,762,walking,0.00,0,0,0,0,0
1779983907888,-14512,7036,-3503,-286,691,690,walking,0.00,0,0,0,0,0
1779983907889,-15339,7444,-3515,-290,670,603,walking,0.00,0,0,0,0,0
1779983907890,-16229,7657,-3591,-277,659,501,walking,0.00,0,0,0,0,0
1779983907917,-17000,7666,-3659,-263,646,392,walking,0.00,0,0,0,0,0
1779983907921,-17564,7487,-3650,-265,618,282,walking,0.00,0,0,0,0,0
1779983907922,-17939,7123,-3602,-301,579,174,walking,0.00,0,0,0,0,0
1779983907946,-18116,6626,-3596,-366,538,76,walking,0.00,0,0,0,0,0
1779983907974,-18126,6388,-3760,-454,488,2,walking,0.00,0,0,0,0,0
1779983907982,-18066,6393,-3901,-551,427,-61,walking,0.00,0,0,0,0,0
1779983907982,-18132,6348,-3963,-632,363,-128,walking,0.00,0,0,0,0,0
1779983907983,-18421,6259,-4117,-686,304,-196,walking,0.00,0,0,0,0,0
1779983907985,-19085,6269,-4245,-733,248,-261,walking,0.00,0,0,0,0,0
1779983908004,-19999,6324,-4182,-787,196,-332,walking,0.00,0,0,0,0,0
1779983908005,-20735,6371,-3918,-840,147,-420,walking,0.00,0,0,0,0,0
1779983908006,-20722,6393,-3863,-884,97,-527,walking,0.00,0,0,0,0,0
1779983908036,-19705,6177,-3939,-905,37,-647,walking,0.00,0,0,0,0,0
1779983908036,-17992,5561,-4132,-885,-42,-740,walking,0.00,0,0,0,0,0
1779983908037,-16105,4753,-4332,-830,-132,-771,walking,0.00,0,0,0,0,0
1779983908064,-14475,4006,-4470,-733,-218,-732,walking,0.00,0,0,0,0,0
1779983908064,-13276,3558,-4626,-606,-285,-641,walking,0.00,0,0,0,0,0
1779983908065,-12920,3422,-4722,-471,-331,-530,walking,0.00,0,0,0,0,0
1779983908096,-13614,3312,-4473,-332,-346,-426,walking,0.00,0,0,0,0,0
1779983908097,-16423,3483,-3750,-37,-290,-265,walking,0.00,0,0,0,0,0
1779983908098,-17188,3965,-3475,126,-244,-229,walking,0.00,0,0,0,0,0
1779983908123,-17429,4257,-3261,272,-204,-247,walking,0.00,0,0,0,0,0
1779983908124,-17496,3901,-3008,367,-174,-296,walking,0.00,0,0,0,0,0
1779983908125,-17420,3322,-2819,402,-150,-328,walking,0.00,0,0,0,0,0
1779983908155,-17214,2697,-2731,368,-109,-331,walking,0.00,0,0,0,0,0
1779983908156,-17052,1559,-2476,270,-64,-359,walking,0.00,0,0,0,0,0
1779983908157,-16947,400,-2486,93,-17,-382,walking,0.00,0,0,0,0,0
1779983908186,-16298,-454,-2689,-187,19,-411,walking,0.00,0,0,0,0,0
1779983908188,-15442,-763,-2973,-542,23,-479,walking,0.00,0,0,0,0,0
1779983908189,-14469,-212,-3402,-922,11,-553,walking,0.00,0,0,0,0,0
1779983908215,-13643,1034,-3704,-1244,-7,-602,walking,0.00,0,0,0,0,0
1779983908215,-13206,2231,-4240,-1442,-9,-630,walking,0.00,0,0,0,0,0
1779983908216,-12605,3147,-4686,-1520,3,-664,walking,0.00,0,0,0,0,0
1779983908250,-12039,4100,-4576,-1482,-13,-670,walking,0.00,0,0,0,0,0
1779983908251,-11820,4377,-4464,-1382,-25,-675,walking,0.00,0,0,0,0,0
1779983908252,-11785,4441,-4854,-1281,-18,-677,walking,0.00,0,0,0,0,0
1779983908274,-11382,4460,-4842,-1204,-12,-634,walking,0.00,0,0,0,0,0
1779983908277,-12048,4105,-4137,-1130,-26,-590,walking,0.00,0,0,0,0,0
1779983908278,-11852,4070,-4064,-1081,-9,-565,walking,0.00,0,0,0,0,0
1779983908304,-11825,4177,-3715,-1016,-45,-570,walking,0.00,0,0,0,0,0
1779983908304,-11982,5202,-3513,-862,-77,-516,walking,0.00,0,0,0,0,0
1779983908305,-11974,5955,-3700,-644,-84,-487,walking,0.00,0,0,0,0,0
1779983908337,-12133,5644,-3977,-432,-98,-515,walking,0.00,0,0,0,0,0
1779983908338,-12185,4982,-4053,-316,-121,-550,walking,0.00,0,0,0,0,0
1779983908339,-12338,4950,-4099,-293,-161,-577,walking,0.00,0,0,0,0,0
1779983908369,-12490,5110,-4195,-324,-202,-602,walking,0.00,0,0,0,0,0
1779983908369,-12701,5142,-4377,-376,-241,-627,walking,0.00,0,0,0,0,0
1779983908370,-13079,5394,-4578,-424,-285,-640,walking,0.00,0,0,0,0,0
1779983908395,-13560,5779,-4551,-444,-330,-623,walking,0.00,0,0,0,0,0
1779983908396,-13881,5996,-4537,-424,-360,-588,walking,0.00,0,0,0,0,0
1779983908397,-13903,5968,-4704,-386,-368,-552,walking,0.00,0,0,0,0,0
1779983908427,-13840,5818,-4779,-351,-379,-523,walking,0.00,0,0,0,0,0
1779983908428,-13777,5810,-4817,-328,-401,-497,walking,0.00,0,0,0,0,0
1779983908429,-14173,5951,-4814,-298,-438,-476,walking,0.00,0,0,0,0,0
1779983908455,-14894,6036,-4867,-256,-471,-469,walking,0.00,0,0,0,0,0
1779983908456,-15898,6122,-4904,-199,-500,-459,walking,0.00,0,0,0,0,0
1779983908459,-16922,6221,-5038,-128,-514,-445,walking,0.00,0,0,0,0,0
1779983908486,-17806,6128,-5200,-64,-518,-435,walking,0.00,0,0,0,0,0
1779983908488,-18592,5820,-5250,-25,-524,-435,walking,0.00,0,0,0,0,0
1779983908489,-19405,5499,-5209,-32,-529,-435,walking,0.00,0,0,0,0,0
1779983908516,-20248,5574,-5099,-65,-519,-405,walking,0.00,0,0,0,0,0
1779983908518,-20761,6053,-5016,-81,-492,-360,walking,0.00,0,0,0,0,0
1779983908518,-21256,6408,-4796,-56,-459,-337,walking,0.00,0,0,0,0,0
1779983908545,-21821,6309,-4688,-25,-415,-328,walking,0.00,0,0,0,0,0
1779983908546,-22639,6016,-4514,-25,-368,-325,walking,0.00,0,0,0,0,0
1779983908547,-23444,6014,-4350,-75,-321,-314,walking,0.00,0,0,0,0,0
1779983908576,-24005,6170,-4261,-135,-279,-308,walking,0.00,0,0,0,0,0
1779983908579,-23701,6185,-4114,-161,-233,-309,walking,0.00,0,0,0,0,0
1779983908579,-21893,5737,-4294,-144,-161,-304,walking,0.00,0,0,0,0,0
1779983908603,-19380,4750,-4632,-121,-94,-261,walking,0.00,0,0,0,0,0
1779983908603,-16707,3947,-4751,-122,-36,-143,walking,0.00,0,0,0,0,0
1779983908604,-14405,3596,-4704,-128,17,30,walking,0.00,0,0,0,0,0
1779983908639,-13327,3455,-4405,-127,59,218,walking,0.00,0,0,0,0,0
1779983908639,-13517,3561,-3945,-107,105,406,walking,0.00,0,0,0,0,0
1779983908640,-14156,3993,-3530,-53,159,565,walking,0.00,0,0,0,0,0
1779983908664,-14846,4669,-3298,34,208,663,walking,0.00,0,0,0,0,0
1779983908665,-15491,5534,-3086,143,252,690,walking,0.00,0,0,0,0,0
1779983908666,-16109,6556,-2908,276,291,681,walking,0.00,0,0,0,0,0
1779983908700,-16621,7619,-2767,481,324,681,walking,0.00,0,0,0,0,0
1779983908701,-17137,8108,-2610,759,341,696,walking,0.00,0,0,0,0,0
1779983908710,-17406,7607,-2690,1040,372,695,walking,0.00,0,0,0,0,0
1779983908727,-17624,6625,-2867,1216,389,647,walking,0.00,0,0,0,0,0
1779983908728,-17825,5075,-2696,1223,386,538,walking,0.00,0,0,0,0,0
1779983908729,-17687,4103,-2732,1084,415,427,walking,0.00,0,0,0,0,0
1779983908754,-17041,4480,-2623,881,414,375,walking,0.00,0,0,0,0,0
1779983908755,-16641,5555,-2298,708,374,419,walking,0.00,0,0,0,0,0
1779983908756,-16606,4775,-2240,583,356,437,walking,0.00,0,0,0,0,0
1779983908785,-17028,4075,-2587,448,379,475,walking,0.00,0,0,0,0,0
1779983908785,-16790,4926,-2833,281,425,595,walking,0.00,0,0,0,0,0
1779983908786,-16401,5562,-2867,184,457,693,walking,0.00,0,0,0,0,0
1779983908814,-15524,5935,-3050,207,499,799,walking,0.00,0,0,0,0,0
1779983908815,-14445,6691,-2938,354,507,944,walking,0.00,0,0,0,0,0
1779983908816,-13944,6997,-2497,597,457,1052,walking,0.00,0,0,0,0,0
1779983908849,-13711,6124,-2180,830,427,1084,walking,0.00,0,0,0,0,0
1779983908849,-13625,5002,-2294,959,439,1116,walking,0.00,0,0,0,0,0
1779983908853,-13265,4315,-2763,923,462,1168,walking,0.00,0,0,0,0,0
1779983908877,-12724,4165,-2879,800,475,1231,walking,0.00,0,0,0,0,0
1779983908877,-12394,4797,-2711,701,467,1323,walking,0.00,0,0,0,0,0
1779983908878,-12284,5623,-2537,662,458,1400,walking,0.00,0,0,0,0,0
1779983908907,-12146,6153,-2512,670,460,1433,walking,0.00,0,0,0,0,0
1779983908908,-11864,6245,-2384,701,459,1434,walking,0.00,0,0,0,0,0
1779983908909,-11776,6169,-2237,718,451,1423,walking,0.00,0,0,0,0,0
1779983908937,-11715,6189,-2149,706,450,1402,walking,0.00,0,0,0,0,0
1779983908938,-11692,6354,-2159,684,447,1373,walking,0.00,0,0,0,0,0
1779983908939,-11739,6465,-2061,667,439,1342,walking,0.00,0,0,0,0,0
1779983908973,-11463,6883,-2032,671,438,1319,walking,0.00,0,0,0,0,0
1779983908994,-11187,6892,-2144,691,434,1259,walking,0.00,0,0,0,0,0
1779983908996,-11333,6736,-2190,699,412,1188,walking,0.00,0,0,0,0,0
1779983908997,-11605,6688,-2234,681,391,1108,walking,0.00,0,0,0,0,0
1779983908997,-11851,6403,-2330,639,379,988,walking,0.00,0,0,0,0,0
1779983908998,-12012,6314,-2514,580,364,884,walking,0.00,0,0,0,0,0
1779983909027,-12324,6394,-2646,524,347,808,walking,0.00,0,0,0,0,0
1779983909027,-12716,6512,-2746,490,331,745,walking,0.00,0,0,0,0,0
1779983909028,-13110,6666,-2756,476,310,685,walking,0.00,0,0,0,0,0
1779983909054,-13609,6792,-2796,459,285,608,walking,0.00,0,0,0,0,0
1779983909055,-14482,7109,-3030,432,264,503,walking,0.00,0,0,0,0,0
1779983909056,-15627,7375,-3209,402,234,362,walking,0.00,0,0,0,0,0
1779983909085,-16559,7415,-3275,370,200,199,walking,0.00,0,0,0,0,0
1779983909086,-17281,7286,-3337,324,173,35,walking,0.00,0,0,0,0,0
1779983909087,-17716,6940,-3464,251,143,-120,walking,0.00,0,0,0,0,0
1779983909120,-17915,6460,-3635,131,105,-256,walking,0.00,0,0,0,0,0
1779983909122,-18064,5983,-3829,-39,52,-369,walking,0.00,0,0,0,0,0
1779983909122,-18325,5777,-3979,-244,-7,-471,walking,0.00,0,0,0,0,0
1779983909150,-18722,5921,-4099,-454,-68,-563,walking,0.00,0,0,0,0,0
1779983909150,-19276,6405,-4255,-644,-122,-668,walking,0.00,0,0,0,0,0
1779983909150,-20009,6980,-4387,-798,-174,-799,walking,0.00,0,0,0,0,0
1779983909177,-20667,7498,-4472,-894,-227,-945,walking,0.00,0,0,0,0,0
1779983909178,-20753,7750,-4496,-921,-269,-1093,walking,0.00,0,0,0,0,0
1779983909178,-19865,7420,-4662,-876,-303,-1217,walking,0.00,0,0,0,0,0
1779983909204,-16657,5588,-5081,-720,-411,-1290,walking,0.00,0,0,0,0,0
1779983909205,-15169,4903,-5144,-639,-466,-1211,walking,0.00,0,0,0,0,0
1779983909205,-14002,4682,-5060,-523,-489,-1074,walking,0.00,0,0,0,0,0
1779983909240,-13185,4812,-5158,-331,-485,-906,walking,0.00,0,0,0,0,0
1779983909241,-13329,4962,-4968,-84,-470,-753,walking,0.00,0,0,0,0,0
1779983909242,-14097,4334,-4772,186,-444,-673,walking,0.00,0,0,0,0,0
1779983909263,-15363,3621,-4342,421,-413,-621,walking,0.00,0,0,0,0,0
1779983909263,-16361,3550,-3741,601,-373,-582,walking,0.00,0,0,0,0,0
1779983909264,-17077,3476,-3322,703,-319,-616,walking,0.00,0,0,0,0,0
1779983909299,-17567,3023,-3104,692,-263,-706,walking,0.00,0,0,0,0,0
1779983909300,-17716,2245,-2975,537,-214,-781,walking,0.00,0,0,0,0,0
1779983909308,-17663,1663,-2772,259,-166,-795,walking,0.00,0,0,0,0,0
1779983909325,-17326,1320,-2737,-91,-105,-759,walking,0.00,0,0,0,0,0
1779983909326,-16782,1335,-2899,-469,-42,-716,walking,0.00,0,0,0,0,0
1779983909327,-16178,1543,-3080,-843,11,-694,walking,0.00,0,0,0,0,0
1779983909354,-15564,1964,-3360,-1188,56,-691,walking,0.00,0,0,0,0,0
1779983909355,-14773,2737,-3665,-1459,100,-693,walking,0.00,0,0,0,0,0
1779983909356,-14063,3417,-3920,-1621,127,-708,walking,0.00,0,0,0,0,0
1779983909386,-13568,4057,-4377,-1699,149,-715,walking,0.00,0,0,0,0,0
1779983909386,-12900,4487,-4538,-1713,167,-711,walking,0.00,0,0,0,0,0
1779983909387,-12573,4580,-4389,-1655,179,-699,walking,0.00,0,0,0,0,0
1779983909414,-12461,4535,-4252,-1559,192,-680,walking,0.00,0,0,0,0,0
1779983909414,-12410,4267,-4304,-1468,196,-665,walking,0.00,0,0,0,0,0
1779983909420,-12252,4107,-4660,-1408,210,-624,walking,0.00,0,0,0,0,0
1779983909447,-11997,4422,-4407,-1345,205,-560,walking,0.00,0,0,0,0,0
1779983909448,-11828,5190,-4058,-1237,181,-504,walking,0.00,0,0,0,0,0
1779983909451,-12199,5077,-3700,-1125,143,-531,walking,0.00,0,0,0,0,0
1779983909477,-12591,5187,-3563,-1006,134,-501,walking,0.00,0,0,0,0,0
1779983909478,-12073,5884,-3667,-850,124,-431,walking,0.00,0,0,0,0,0
1779983909478,-11953,6175,-3587,-666,57,-431,walking,0.00,0,0,0,0,0
1779983909504,-12394,6068,-3788,-494,6,-460,walking,0.00,0,0,0,0,0
1779983909504,-12349,5780,-4056,-352,-13,-462,walking,0.00,0,0,0,0,0
1779983909505,-12333,5454,-4264,-257,-42,-464,walking,0.00,0,0,0,0,0
1779983909538,-12473,5365,-4492,-219,-74,-474,walking,0.00,0,0,0,0,0
1779983909540,-12780,4981,-4691,-228,-97,-495,walking,0.00,0,0,0,0,0
1779983909543,-13072,4828,-4935,-273,-115,-505,walking,0.00,0,0,0,0,0
1779983909564,-13317,5135,-5080,-317,-139,-508,walking,0.00,0,0,0,0,0
1779983909567,-13508,5339,-5164,-331,-163,-524,walking,0.00,0,0,0,0,0
1779983909568,-13607,5261,-5422,-324,-188,-550,walking,0.00,0,0,0,0,0
1779983909594,-13775,5234,-5660,-319,-217,-563,walking,0.00,0,0,0,0,0
1779983909595,-13874,5290,-5819,-315,-248,-559,walking,0.00,0,0,0,0,0
1779983909596,-14160,5433,-5981,-300,-273,-549,walking,0.00,0,0,0,0,0
1779983909629,-14637,5604,-6126,-270,-293,-539,walking,0.00,0,0,0,0,0
1779983909630,-15436,5788,-6182,-229,-305,-526,walking,0.00,0,0,0,0,0
1779983909630,-16264,5953,-6174,-188,-305,-511,walking,0.00,0,0,0,0,0
1779983909661,-17168,5897,-6012,-154,-299,-501,walking,0.00,0,0,0,0,0
1779983909662,-18075,5895,-5967,-147,-287,-496,walking,0.00,0,0,0,0,0
1779983909663,-18929,6145,-5832,-167,-272,-486,walking,0.00,0,0,0,0,0
1779983909688,-19651,6475,-5557,-175,-250,-469,walking,0.00,0,0,0,0,0
1779983909689,-20327,6594,-5315,-155,-219,-438,walking,0.00,0,0,0,0,0
1779983909697,-20685,6307,-5150,-126,-182,-397,walking,0.00,0,0,0,0,0
1779983909718,-20800,5819,-5010,-124,-148,-349,walking,0.00,0,0,0,0,0
1779983909718,-20923,5521,-4980,-168,-126,-296,walking,0.00,0,0,0,0,0
1779983909719,-21436,5681,-4968,-248,-128,-242,walking,0.00,0,0,0,0,0
1779983909746,-22293,6238,-4995,-324,-143,-208,walking,0.00,0,0,0,0,0
1779983909747,-22961,6705,-5013,-360,-153,-209,walking,0.00,0,0,0,0,0
1779983909748,-22736,6858,-5006,-337,-129,-218,walking,0.00,0,0,0,0,0
1779983909775,-21158,6387,-5087,-250,-60,-193,walking,0.00,0,0,0,0,0
1779983909776,-18832,5472,-5129,-156,12,-106,walking,0.00,0,0,0,0,0
1779983909777,-16431,4749,-4837,-89,57,42,walking,0.00,0,0,0,0,0
1779983909810,-14673,4214,-4428,-44,77,217,walking,0.00,0,0,0,0,0
1779983909811,-13923,4019,-4129,-1,84,397,walking,0.00,0,0,0,0,0
1779983909812,-14005,4433,-3851,61,82,564,walking,0.00,0,0,0,0,0
1779983909834,-14524,5287,-3680,163,78,682,walking,0.00,0,0,0,0,0
1779983909835,-15221,5987,-3483,313,76,730,walking,0.00,0,0,0,0,0
1779983909835,-15886,6338,-3376,476,83,728,walking,0.00,0,0,0,0,0
1779983909866,-16487,6991,-3279,649,100,721,walking,0.00,0,0,0,0,0
1779983909867,-16951,7803,-3184,846,125,721,walking,0.00,0,0,0,0,0
1779983909868,-17358,8154,-2983,1074,158,701,walking,0.00,0,0,0,0,0
1779983909895,-17608,7868,-2674,1297,191,665,walking,0.00,0,0,0,0,0
1779983909896,-17451,7251,-2315,1477,214,631,walking,0.00,0,0,0,0,0
1779983909899,-17006,6335,-1800,1590,216,596,walking,0.00,0,0,0,0,0
1779983909926,-16829,4379,-1527,1582,201,509,walking,0.00,0,0,0,0,0
1779983909927,-16991,2753,-2058,1396,209,409,walking,0.00,0,0,0,0,0
1779983909928,-16297,3068,-2456,1082,207,376,walking,0.00,0,0,0,0,0
1779983909963,-16033,3803,-2317,827,180,412,walking,0.00,0,0,0,0,0
1779983909964,-14845,4842,-2726,754,207,481,walking,0.00,0,0,0,0,0
1779983909965,-14479,5428,-2674,807,177,510,walking,0.00,0,0,0,0,0
1779983909985,-14587,5252,-2281,948,151,581,walking,0.00,0,0,0,0,0
1779983909986,-13989,4420,-2427,1069,200,628,walking,0.00,0,0,0,0,0
1779983909987,-13652,3406,-2531,1083,222,637,walking,0.00,0,0,0,0,0
1779983910013,-13717,2976,-2426,998,225,679,walking,0.00,0,0,0,0,0
1779983910017,-13542,2952,-2617,853,262,730,walking,0.00,0,0,0,0,0
1779983910018,-13098,3177,-2795,685,302,782,walking,0.00,0,0,0,0,0
1779983910044,-12648,3813,-2601,554,309,855,walking,0.00,0,0,0,0,0
1779983910046,-12466,4598,-2335,482,302,922,walking,0.00,0,0,0,0,0
1779983910046,-12408,5114,-2268,457,305,978,walking,0.00,0,0,0,0,0
1779983910079,-12281,5438,-2195,461,313,1034,walking,0.00,0,0,0,0,0
1779983910080,-12236,5769,-2307,475,318,1083,walking,0.00,0,0,0,0,0
1779983910081,-12272,6074,-2392,483,330,1111,walking,0.00,0,0,0,0,0
1779983910105,-12325,6279,-2501,495,353,1122,walking,0.00,0,0,0,0,0
1779983910110,-12385,6466,-2539,513,382,1125,walking,0.00,0,0,0,0,0
1779983910111,-12378,6581,-2546,533,418,1117,walking,0.00,0,0,0,0,0
1779983910136,-12447,6524,-2476,550,448,1087,walking,0.00,0,0,0,0,0
1779983910137,-12470,6544,-2480,556,474,1048,walking,0.00,0,0,0,0,0
1779983910138,-12084,6546,-2579,540,486,985,walking,0.00,0,0,0,0,0
1779983910164,-12532,6432,-2606,504,480,912,walking,0.00,0,0,0,0,0
1779983910168,-12648,6760,-2787,458,467,851,walking,0.00,0,0,0,0,0
1779983910169,-12806,6428,-2970,392,439,721,walking,0.00,0,0,0,0,0
1779983910195,-13147,6277,-3161,311,404,611,walking,0.00,0,0,0,0,0
1779983910195,-13927,6661,-3227,238,372,555,walking,0.00,0,0,0,0,0
1779983910196,-14283,7302,-3454,213,386,527,walking,0.00,0,0,0,0,0
1779983910230,-14537,7357,-3612,226,394,437,walking,0.00,0,0,0,0,0
1779983910230,-15144,7003,-3782,230,386,322,walking,0.00,0,0,0,0,0
1779983910231,-15790,6608,-3897,206,379,228,walking,0.00,0,0,0,0,0
1779983910262,-16427,6355,-3927,151,369,151,walking,0.00,0,0,0,0,0
1779983910262,-16884,6144,-3921,75,353,83,walking,0.00,0,0,0,0,0
1779983910263,-17068,5994,-3889,-7,330,21,walking,0.00,0,0,0,0,0
1779983910283,-16955,5941,-3966,-92,303,-40,walking,0.00,0,0,0,0,0
1779983910284,-16820,5987,-4184,-179,267,-110,walking,0.00,0,0,0,0,0
1779983910284,-17006,6084,-4373,-268,217,-190,walking,0.00,0,0,0,0,0
1779983910317,-18882,6817,-4527,-488,79,-406,walking,0.00,0,0,0,0,0
1779983910318,-20290,7212,-4520,-580,8,-547,walking,0.00,0,0,0,0,0
1779983910319,-20881,7373,-4416,-636,-44,-697,walking,0.00,0,0,0,0,0
1779983910345,-19985,7182,-4437,-651,-89,-839,walking,0.00,0,0,0,0,0
1779983910346,-18277,6472,-4786,-657,-148,-950,walking,0.00,0,0,0,0,0
1779983910346,-16729,5713,-5142,-691,-231,-1008,walking,0.00,0,0,0,0,0
1779983910373,-15740,5391,-5220,-716,-330,-1018,walking,0.00,0,0,0,0,0
1779983910374,-14915,5436,-5466,-664,-408,-1009,walking,0.00,0,0,0,0,0
1779983910374,-13887,5351,-5712,-505,-460,-999,walking,0.00,0,0,0,0,0
1779983910406,-13019,4779,-5727,-264,-495,-976,walking,0.00,0,0,0,0,0
1779983910406,-12485,4053,-5663,-16,-516,-924,walking,0.00,0,0,0,0,0
1779983910408,-12804,3607,-5573,183,-529,-837,walking,0.00,0,0,0,0,0
1779983910433,-13698,3337,-5323,326,-553,-776,walking,0.00,0,0,0,0,0
1779983910433,-15385,3219,-4841,436,-568,-744,walking,0.00,0,0,0,0,0
1779983910434,-16783,3802,-4545,551,-550,-671,walking,0.00,0,0,0,0,0
1779983910465,-17950,4151,-4326,687,-507,-619,walking,0.00,0,0,0,0,0
1779983910466,-18700,3878,-4076,805,-456,-604,walking,0.00,0,0,0,0,0
1779983910466,-19314,2859,-3760,833,-401,-596,walking,0.00,0,0,0,0,0
1779983910494,-19532,1555,-3717,731,-332,-573,walking,0.00,0,0,0,0,0
1779983910494,-19343,490,-3851,502,-262,-546,walking,0.00,0,0,0,0,0
1779983910495,-18802,-35,-3934,163,-207,-518,walking,0.00,0,0,0,0,0
1779983910529,-18244,-472,-4087,-251,-157,-536,walking,0.00,0,0,0,0,0
1779983910530,-17288,-159,-4393,-675,-111,-556,walking,0.00,0,0,0,0,0
1779983910531,-16094,872,-4670,-1035,-83,-562,walking,0.00,0,0,0,0,0
1779983910554,-15031,1767,-4881,-1269,-70,-579,walking,0.00,0,0,0,0,0
1779983910558,-14035,2634,-5328,-1368,-54,-581,walking,0.00,0,0,0,0,0
1779983910558,-13024,3381,-5578,-1338,-62,-575,walking,0.00,0,0,0,0,0
1779983910585,-12310,3424,-5265,-1219,-101,-577,walking,0.00,0,0,0,0,0
1779983910586,-11638,3360,-4981,-1066,-106,-542,walking,0.00,0,0,0,0,0
1779983910587,-11242,3427,-5026,-915,-96,-496,walking,0.00,0,0,0,0,0
1779983910619,-11082,3355,-4966,-794,-89,-452,walking,0.00,0,0,0,0,0
1779983910619,-10872,3603,-4692,-690,-83,-397,walking,0.00,0,0,0,0,0
1779983910620,-10405,3832,-4227,-573,-78,-349,walking,0.00,0,0,0,0,0
1779983910643,-10413,4003,-4034,-450,-100,-365,walking,0.00,0,0,0,0,0
1779983910644,-10782,4886,-3771,-295,-145,-328,walking,0.00,0,0,0,0,0
1779983910644,-10937,5281,-3586,-83,-171,-291,walking,0.00,0,0,0,0,0
1779983910677,-11233,4800,-3767,104,-184,-312,walking,0.00,0,0,0,0,0
1779983910679,-11666,4196,-4019,204,-201,-312,walking,0.00,0,0,0,0,0
1779983910679,-12143,4048,-4178,220,-216,-288,walking,0.00,0,0,0,0,0
1779983910702,-12471,4016,-4331,192,-208,-277,walking,0.00,0,0,0,0,0
1779983910708,-12888,3788,-4536,139,-190,-277,walking,0.00,0,0,0,0,0
1779983910708,-13328,3624,-4678,51,-179,-285,walking,0.00,0,0,0,0,0
1779983910734,-13693,3611,-4845,-57,-176,-305,walking,0.00,0,0,0,0,0
1779983910734,-13898,3648,-4923,-183,-182,-331,walking,0.00,0,0,0,0,0
1779983910735,-13994,3774,-5036,-313,-194,-357,walking,0.00,0,0,0,0,0
1779983910766,-14151,4044,-5263,-438,-213,-374,walking,0.00,0,0,0,0,0
1779983910767,-14377,4436,-5387,-537,-238,-385,walking,0.00,0,0,0,0,0
1779983910767,-14673,4835,-5547,-589,-261,-390,walking,0.00,0,0,0,0,0
1779983910793,-14915,5103,-5790,-596,-277,-388,walking,0.00,0,0,0,0,0
1779983910793,-15144,5396,-5998,-572,-293,-376,walking,0.00,0,0,0,0,0
1779983910795,-15750,5480,-6080,-531,-305,-369,walking,0.00,0,0,0,0,0
1779983910828,-16507,5501,-6164,-486,-306,-360,walking,0.00,0,0,0,0,0
1779983910828,-17100,5758,-6138,-443,-306,-344,walking,0.00,0,0,0,0,0
1779983910830,-17766,6021,-6010,-397,-305,-333,walking,0.00,0,0,0,0,0
1779983910856,-18610,6205,-5899,-344,-305,-335,walking,0.00,0,0,0,0,0
1779983910856,-19543,6176,-5685,-296,-304,-333,walking,0.00,0,0,0,0,0
1779983910857,-20390,6185,-5441,-249,-296,-313,walking,0.00,0,0,0,0,0
1779983910884,-21062,6276,-5205,-199,-287,-282,walking,0.00,0,0,0,0,0
1779983910884,-21805,6160,-5093,-159,-274,-264,walking,0.00,0,0,0,0,0
1779983910884,-22428,5901,-4980,-143,-260,-239,walking,0.00,0,0,0,0,0
1779983910916,-23060,5860,-4934,-158,-250,-216,walking,0.00,0,0,0,0,0
1779983910916,-23901,6031,-4924,-193,-250,-201,walking,0.00,0,0,0,0,0
1779983910917,-24307,6240,-4976,-217,-244,-193,walking,0.00,0,0,0,0,0
1779983910944,-23647,6174,-5034,-198,-222,-195,walking,0.00,0,0,0,0,0
1779983910945,-21518,5702,-5222,-127,-168,-170,walking,0.00,0,0,0,0,0
1779983910946,-18528,4953,-5451,-25,-110,-94,walking,0.00,0,0,0,0,0
1779983910975,-15488,4210,-5410,75,-72,42,walking,0.00,0,0,0,0,0
1779983910977,-13303,3610,-5083,169,-48,215,walking,0.00,0,0,0,0,0
1779983910977,-12440,3318,-4761,260,-27,406,walking,0.00,0,0,0,0,0
1779983911007,-12730,3384,-4411,350,-4,596,walking,0.00,0,0,0,0,0
1779983911009,-13386,4051,-3889,448,23,753,walking,0.00,0,0,0,0,0
1779983911009,-14184,4918,-3387,564,39,830,walking,0.00,0,0,0,0,0
1779983911038,-15112,5506,-3059,684,57,823,walking,0.00,0,0,0,0,0
1779983911039,-15951,5998,-2870,784,86,783,walking,0.00,0,0,0,0,0
1779983911039,-16729,6496,-2727,868,123,744,walking,0.00,0,0,0,0,0
1779983911067,-17216,7151,-2746,955,172,708,walking,0.00,0,0,0,0,0
1779983911068,-17327,7606,-2981,1046,208,683,walking,0.00,0,0,0,0,0
1779983911068,-17056,7438,-2742,1134,226,652,walking,0.00,0,0,0,0,0
1779983911094,-16750,6369,-2035,1226,244,597,walking,0.00,0,0,0,0,0
1779983911095,-16548,4958,-2127,1275,282,537,walking,0.00,0,0,0,0,0
1779983911095,-16317,4408,-2825,1191,301,504,walking,0.00,0,0,0,0,0
1779983911124,-16044,4091,-3256,1028,298,486,walking,0.00,0,0,0,0,0
1779983911124,-15372,4508,-3281,916,293,496,walking,0.00,0,0,0,0,0
1779983911124,-14880,5378,-2897,926,259,528,walking,0.00,0,0,0,0,0
1779983911153,-14949,5656,-2744,1057,239,546,walking,0.00,0,0,0,0,0
1779983911155,-14367,5010,-3063,1216,237,537,walking,0.00,0,0,0,0,0
1779983911156,-14578,4025,-3037,1308,192,522,walking,0.00,0,0,0,0,0
1779983911188,-14704,3643,-2952,1328,200,612,walking,0.00,0,0,0,0,0
1779983911189,-14453,2815,-2980,1250,266,686,walking,0.00,0,0,0,0,0
1779983911189,-14273,1835,-3227,1050,339,760,walking,0.00,0,0,0,0,0
1779983911214,-13390,1620,-3437,771,410,854,walking,0.00,0,0,0,0,0
1779983911214,-13169,2492,-3297,506,424,951,walking,0.00,0,0,0,0,0
1779983911214,-12946,3672,-3061,327,444,1056,walking,0.00,0,0,0,0,0
1779983911242,-12651,4534,-2939,248,480,1132,walking,0.00,0,0,0,0,0
1779983911243,-12497,5014,-2996,221,514,1189,walking,0.00,0,0,0,0,0
1779983911243,-12577,5401,-3016,196,534,1221,walking,0.00,0,0,0,0,0
1779983911274,-12736,5770,-2927,165,550,1227,walking,0.00,0,0,0,0,0
1779983911274,-12463,6301,-2924,145,572,1216,walking,0.00,0,0,0,0,0
1779983911274,-12626,6593,-2878,144,577,1185,walking,0.00,0,0,0,0,0
1779983911302,-12755,7145,-2769,173,579,1167,walking,0.00,0,0,0,0,0
1779983911302,-12801,7379,-2718,219,589,1113,walking,0.00,0,0,0,0,0
1779983911303,-12919,7223,-2795,261,587,1042,walking,0.00,0,0,0,0,0
1779983911336,-13040,7154,-2861,284,577,984,walking,0.00,0,0,0,0,0
1779983911338,-13217,7232,-2994,292,565,938,walking,0.00,0,0,0,0,0
1779983911338,-13598,7403,-3124,295,552,881,walking,0.00,0,0,0,0,0
1779983911363,-14109,7531,-3257,300,540,809,walking,0.00,0,0,0,0,0
1779983911363,-14701,7544,-3395,311,536,721,walking,0.00,0,0,0,0,0
1779983911364,-15437,7455,-3528,322,538,627,walking,0.00,0,0,0,0,0
1779983911401,-16223,7145,-3538,324,544,537,walking,0.00,0,0,0,0,0
1779983911401,-17549,6762,-3779,239,545,359,walking,0.00,0,0,0,0,0
1779983911402,-17934,6343,-3816,141,523,259,walking,0.00,0,0,0,0,0
1779983911424,-18107,6047,-3907,12,494,171,walking,0.00,0,0,0,0,0
1779983911424,-18050,5919,-4037,-135,454,92,walking,0.00,0,0,0,0,0
1779983911425,-17981,5931,-4363,-284,401,13,walking,0.00,0,0,0,0,0
1779983911454,-18309,6181,-4627,-431,337,-77,walking,0.00,0,0,0,0,0
1779983911455,-19118,6508,-4723,-564,269,-177,walking,0.00,0,0,0,0,0
1779983911458,-19867,6887,-4756,-666,211,-294,walking,0.00,0,0,0,0,0
1779983911483,-19959,7057,-4859,-732,162,-429,walking,0.00,0,0,0,0,0
1779983911483,-18956,6939,-5018,-757,112,-566,walking,0.00,0,0,0,0,0
1779983911483,-17171,6450,-5272,-745,46,-680,walking,0.00,0,0,0,0,0
1779983911512,-15219,5761,-5564,-709,-45,-747,walking,0.00,0,0,0,0,0
1779983911513,-13476,4971,-5682,-645,-154,-754,walking,0.00,0,0,0,0,0
1779983911514,-12006,4449,-5778,-541,-250,-709,walking,0.00,0,0,0,0,0
1779983911543,-11440,4201,-5752,-408,-317,-621,walking,0.00,0,0,0,0,0
1779983911544,-11572,4045,-5770,-251,-349,-542,walking,0.00,0,0,0,0,0
1779983911544,-12334,3917,-5748,-89,-372,-489,walking,0.00,0,0,0,0,0
1779983911573,-13506,4353,-5455,79,-392,-416,walking,0.00,0,0,0,0,0
1779983911574,-14977,5162,-4962,270,-399,-364,walking,0.00,0,0,0,0,0
1779983911574,-16281,5416,-4536,482,-383,-389,walking,0.00,0,0,0,0,0
1779983911605,-17174,4922,-4229,666,-358,-456,walking,0.00,0,0,0,0,0
1779983911606,-17503,4238,-3999,756,-337,-511,walking,0.00,0,0,0,0,0
1779983911607,-17464,3432,-3821,739,-318,-553,walking,0.00,0,0,0,0,0
1779983911633,-17163,2486,-3733,628,-301,-593,walking,0.00,0,0,0,0,0
1779983911634,-16804,1953,-3725,426,-287,-604,walking,0.00,0,0,0,0,0
1779983911634,-16301,1594,-3799,161,-274,-617,walking,0.00,0,0,0,0,0
1779983911665,-15795,1476,-3977,-133,-269,-648,walking,0.00,0,0,0,0,0
1779983911665,-15006,1978,-4216,-415,-271,-669,walking,0.00,0,0,0,0,0
1779983911666,-13989,2716,-4362,-635,-285,-716,walking,0.00,0,0,0,0,0
1779983911692,-13141,3463,-4626,-773,-313,-787,walking,0.00,0,0,0,0,0
1779983911695,-12517,3801,-4780,-833,-345,-865,walking,0.00,0,0,0,0,0
1779983911696,-12146,4133,-4868,-824,-377,-907,walking,0.00,0,0,0,0,0
1779983911723,-11956,4612,-4984,-748,-399,-899,walking,0.00,0,0,0,0,0
1779983911723,-12027,4968,-4991,-608,-403,-873,walking,0.00,0,0,0,0,0
1779983911724,-12244,4928,-4884,-440,-379,-841,walking,0.00,0,0,0,0,0
1779983911754,-12319,4775,-4824,-280,-338,-792,walking,0.00,0,0,0,0,0
1779983911754,-12164,4402,-4675,-160,-315,-769,walking,0.00,0,0,0,0,0
1779983911755,-12467,4255,-4421,-94,-319,-752,walking,0.00,0,0,0,0,0
1779983911784,-12506,4258,-4252,-52,-307,-700,walking,0.00,0,0,0,0,0
1779983911784,-12396,4284,-4242,-30,-296,-665,walking,0.00,0,0,0,0,0
1779983911785,-12360,4301,-4424,-36,-301,-644,walking,0.00,0,0,0,0,0
1779983911815,-12518,4273,-4645,-55,-315,-621,walking,0.00,0,0,0,0,0
1779983911816,-12808,4285,-4893,-93,-317,-594,walking,0.00,0,0,0,0,0
1779983911816,-13078,4225,-5123,-136,-301,-573,walking,0.00,0,0,0,0,0
1779983911846,-13183,3932,-5255,-199,-272,-555,walking,0.00,0,0,0,0,0
1779983911846,-13042,3949,-5345,-291,-240,-537,walking,0.00,0,0,0,0,0
1779983911846,-12859,4157,-5456,-376,-216,-533,walking,0.00,0,0,0,0,0
1779983911872,-12612,4261,-5615,-448,-206,-546,walking,0.00,0,0,0,0,0
1779983911874,-12426,4434,-5673,-506,-209,-553,walking,0.00,0,0,0,0,0
1779983911874,-12404,4726,-5713,-536,-216,-546,walking,0.00,0,0,0,0,0
1779983911905,-12533,5082,-5864,-531,-224,-533,walking,0.00,0,0,0,0,0
1779983911905,-12879,5443,-6072,-503,-238,-521,walking,0.00,0,0,0,0,0
1779983911905,-13515,5764,-6126,-459,-253,-518,walking,0.00,0,0,0,0,0
1779983911932,-14373,5985,-6248,-411,-265,-526,walking,0.00,0,0,0,0,0
1779983911932,-15430,6239,-6378,-362,-277,-543,walking,0.00,0,0,0,0,0
1779983911933,-16759,6422,-6503,-314,-284,-567,walking,0.00,0,0,0,0,0
1779983911964,-18038,6368,-6460,-275,-286,-593,walking,0.00,0,0,0,0,0
1779983911964,-18833,6166,-6340,-248,-254,-597,walking,0.00,0,0,0,0,0
1779983911965,-19230,5983,-6263,-229,-211,-578,walking,0.00,0,0,0,0,0
1779983911996,-19087,5811,-6202,-214,-172,-541,walking,0.00,0,0,0,0,0
1779983911996,-19055,5443,-6019,-213,-152,-494,walking,0.00,0,0,0,0,0
1779983911996,-18700,5083,-5969,-237,-138,-429,walking,0.00,0,0,0,0,0
1779983912023,-18910,4886,-5852,-291,-144,-361,walking,0.00,0,0,0,0,0
1779983912024,-19485,5123,-5759,-350,-156,-278,walking,0.00,0,0,0,0,0
1779983912024,-20017,5683,-5870,-391,-176,-227,walking,0.00,0,0,0,0,0
1779983912053,-22163,6389,-5923,-425,-223,-228,walking,0.00,0,0,0,0,0
1779983912054,-24136,7480,-5898,-423,-250,-215,walking,0.00,0,0,0,0,0
1779983912054,-24237,8036,-5847,-351,-235,-239,walking,0.00,0,0,0,0,0
1779983912085,-22687,7433,-5695,-207,-199,-294,walking,0.00,0,0,0,0,0
1779983912094,-19462,6346,-5777,-30,-136,-262,walking,0.00,0,0,0,0,0
1779983912095,-16160,5441,-5765,130,-97,-120,walking,0.00,0,0,0,0,0
1779983912114,-14068,4787,-5241,262,-100,82,walking,0.00,0,0,0,0,0
1779983912114,-13163,4401,-4715,393,-97,303,walking,0.00,0,0,0,0,0
1779983912114,-13782,4463,-4211,538,-92,519,walking,0.00,0,0,0,0,0
1779983912143,-15176,5083,-3693,722,-80,705,walking,0.00,0,0,0,0,0
1779983912146,-16586,5540,-3325,941,-55,822,walking,0.00,0,0,0,0,0
1779983912148,-17639,5584,-3073,1145,-7,876,walking,0.00,0,0,0,0,0
1779983912175,-18380,5364,-2985,1283,53,902,walking,0.00,0,0,0,0,0
1779983912175,-19064,5256,-2888,1337,119,926,walking,0.00,0,0,0,0,0
1779983912176,-19695,5170,-2799,1322,190,945,walking,0.00,0,0,0,0,0
1779983912206,-20009,4831,-2644,1252,266,950,walking,0.00,0,0,0,0,0
1779983912206,-19806,4324,-2398,1126,344,953,walking,0.00,0,0,0,0,0
1779983912207,-19241,3958,-2259,950,416,965,walking,0.00,0,0,0,0,0
1779983912232,-18305,3668,-2232,743,466,980,walking,0.00,0,0,0,0,0
1779983912234,-17283,3397,-2245,528,490,1004,walking,0.00,0,0,0,0,0
1779983912234,-16338,3390,-2338,329,487,1046,walking,0.00,0,0,0,0,0
1779983912265,-15205,3635,-2686,163,465,1103,walking,0.00,0,0,0,0,0
1779983912266,-14343,4437,-3124,62,434,1163,walking,0.00,0,0,0,0,0
1779983912266,-14104,4788,-3165,48,375,1195,walking,0.00,0,0,0,0,0
1779983912297,-14020,4744,-3274,105,371,1233,walking,0.00,0,0,0,0,0
1779983912297,-13427,5087,-3558,201,409,1304,walking,0.00,0,0,0,0,0
1779983912298,-13232,5163,-3562,307,415,1356,walking,0.00,0,0,0,0,0
1779983912323,-12973,5241,-3359,412,429,1398,walking,0.00,0,0,0,0,0
1779983912355,-12460,5276,-3219,505,440,1425,walking,0.00,0,0,0,0,0
1779983912358,-12129,5278,-3107,581,433,1447,walking,0.00,0,0,0,0,0
1779983912358,-11857,5372,-3044,640,422,1476,walking,0.00,0,0,0,0,0
1779983912359,-11566,5507,-3055,694,413,1517,walking,0.00,0,0,0,0,0
1779983912360,-11388,5594,-3130,745,406,1560,walking,0.00,0,0,0,0,0
1779983912388,-11304,5737,-3188,786,402,1591,walking,0.00,0,0,0,0,0
1779983912389,-11302,5948,-3299,807,407,1602,walking,0.00,0,0,0,0,0
1779983912390,-11320,6061,-3378,815,412,1585,walking,0.00,0,0,0,0,0
1779983912414,-11289,6007,-3396,807,411,1541,walking,0.00,0,0,0,0,0
1779983912415,-11245,5991,-3461,774,404,1475,walking,0.00,0,0,0,0,0
1779983912416,-11762,6012,-3366,721,396,1408,walking,0.00,0,0,0,0,0
1779983912443,-11959,6901,-3413,680,439,1410,walking,0.00,0,0,0,0,0
1779983912443,-11177,7259,-3641,676,468,1344,walking,0.00,0,0,0,0,0
1779983912444,-11360,6956,-3726,656,444,1228,walking,0.00,0,0,0,0,0
1779983912473,-11526,7188,-3761,619,419,1155,walking,0.00,0,0,0,0,0
1779983912475,-11573,6769,-3896,553,390,1016,walking,0.00,0,0,0,0,0
1779983912475,-11837,6358,-4252,452,349,880,walking,0.00,0,0,0,0,0
1779983912508,-12100,6681,-4542,345,308,813,walking,0.00,0,0,0,0,0
1779983912509,-13561,7655,-4783,212,216,640,walking,0.00,0,0,0,0,0
1779983912510,-14398,8428,-4900,223,236,599,walking,0.00,0,0,0,0,0
1779983912534,-14515,8614,-5123,264,255,488,walking,0.00,0,0,0,0,0
1779983912535,-15336,8346,-5183,282,216,308,walking,0.00,0,0,0,0,0
1779983912538,-16148,8097,-5169,256,174,146,walking,0.00,0,0,0,0,0
1779983912565,-16753,7863,-5208,204,135,-6,walking,0.00,0,0,0,0,0
1779983912566,-17119,7550,-5333,134,88,-146,walking,0.00,0,0,0,0,0
1779983912567,-17367,7171,-5466,48,34,-266,walking,0.00,0,0,0,0,0
1779983912600,-17628,6813,-5568,-57,-15,-369,walking,0.00,0,0,0,0,0
1779983912601,-18043,6584,-5725,-182,-57,-465,walking,0.00,0,0,0,0,0
1779983912602,-18674,6600,-5837,-325,-102,-576,walking,0.00,0,0,0,0,0
1779983912626,-19265,6817,-5880,-469,-155,-717,walking,0.00,0,0,0,0,0
1779983912626,-19272,7007,-5884,-582,-200,-882,walking,0.00,0,0,0,0,0
1779983912627,-18496,6967,-6055,-641,-247,-1045,walking,0.00,0,0,0,0,0
1779983912660,-17299,6583,-6338,-655,-305,-1174,walking,0.00,0,0,0,0,0
1779983912661,-16218,5895,-6488,-653,-380,-1254,walking,0.00,0,0,0,0,0
1779983912662,-15446,5277,-6487,-643,-447,-1279,walking,0.00,0,0,0,0,0
1779983912689,-15001,4909,-6487,-597,-484,-1263,walking,0.00,0,0,0,0,0
1779983912690,-14759,4828,-6406,-492,-484,-1212,walking,0.00,0,0,0,0,0
1779983912690,-14572,4881,-6365,-329,-451,-1140,walking,0.00,0,0,0,0,0
1779983912718,-14519,4838,-6031,-127,-413,-1054,walking,0.00,0,0,0,0,0
1779983912721,-14899,4623,-5597,87,-370,-966,walking,0.00,0,0,0,0,0
1779983912722,-15733,4224,-5041,273,-329,-892,walking,0.00,0,0,0,0,0
1779983912747,-16704,3670,-4423,394,-291,-840,walking,0.00,0,0,0,0,0
1779983912748,-17415,3296,-4016,435,-250,-781,walking,0.00,0,0,0,0,0
1779983912748,-17906,3221,-3683,410,-213,-722,walking,0.00,0,0,0,0,0
1779983912777,-18147,3042,-3460,339,-173,-691,walking,0.00,0,0,0,0,0
1779983912781,-17992,2632,-3430,219,-134,-680,walking,0.00,0,0,0,0,0
1779983912782,-17531,2177,-3553,32,-100,-671,walking,0.00,0,0,0,0,0
1779983912810,-16777,1824,-3691,-218,-69,-666,walking,0.00,0,0,0,0,0
1779983912810,-16032,1671,-3800,-502,-41,-669,walking,0.00,0,0,0,0,0
1779983912814,-15166,1781,-3906,-791,-18,-687,walking,0.00,0,0,0,0,0
1779983912833,-14346,2347,-4015,-1045,-1,-695,walking,0.00,0,0,0,0,0
1779983912834,-13288,3334,-4073,-1220,12,-693,walking,0.00,0,0,0,0,0
1779983912835,-12380,4014,-4187,-1311,8,-735,walking,0.00,0,0,0,0,0
1779983912867,-11798,4520,-4312,-1336,-12,-798,walking,0.00,0,0,0,0,0
1779983912868,-11501,4860,-4347,-1315,-37,-851,walking,0.00,0,0,0,0,0
1779983912871,-11410,4498,-4248,-1266,-62,-926,walking,0.00,0,0,0,0,0
1779983912897,-11405,4522,-4263,-1202,-63,-919,walking,0.00,0,0,0,0,0
1779983912897,-11451,4907,-4125,-1104,-52,-845,walking,0.00,0,0,0,0,0
1779983912898,-11692,5216,-4046,-968,-38,-784,walking,0.00,0,0,0,0,0
1779983912924,-11936,5295,-3970,-820,-27,-746,walking,0.00,0,0,0,0,0
1779983912924,-12021,5108,-3975,-688,-24,-720,walking,0.00,0,0,0,0,0
1779983912925,-12090,4905,-4032,-592,-34,-711,walking,0.00,0,0,0,0,0
1779983912955,-11970,4694,-4279,-536,-42,-701,walking,0.00,0,0,0,0,0
1779983912984,-11879,4564,-4427,-508,-69,-696,walking,0.00,0,0,0,0,0
1779983912988,-11871,4557,-4672,-494,-105,-690,walking,0.00,0,0,0,0,0
1779983912989,-11877,4521,-5073,-504,-140,-701,walking,0.00,0,0,0,0,0
1779983913016,-12029,4504,-5364,-533,-182,-723,walking,0.00,0,0,0,0,0
1779983913016,-12252,4472,-5593,-567,-211,-738,walking,0.00,0,0,0,0,0
1779983913017,-12450,4595,-5788,-607,-225,-742,walking,0.00,0,0,0,0,0
1779983913018,-12740,4787,-5982,-645,-241,-750,walking,0.00,0,0,0,0,0
1779983913019,-13022,5078,-6137,-673,-261,-769,walking,0.00,0,0,0,0,0
1779983913047,-13335,5541,-6255,-682,-282,-798,walking,0.00,0,0,0,0,0
1779983913047,-13462,5772,-6351,-657,-297,-829,walking,0.00,0,0,0,0,0
1779983913048,-13499,5976,-6547,-606,-310,-840,walking,0.00,0,0,0,0,0
1779983913075,-13553,6314,-6701,-525,-323,-838,walking,0.00,0,0,0,0,0
1779983913076,-13822,6449,-6807,-426,-336,-839,walking,0.00,0,0,0,0,0
1779983913077,-14426,6319,-6885,-332,-352,-839,walking,0.00,0,0,0,0,0
1779983913105,-15268,6337,-6864,-266,-368,-834,walking,0.00,0,0,0,0,0
1779983913107,-16311,6488,-6830,-218,-384,-839,walking,0.00,0,0,0,0,0
1779983913107,-17498,6507,-6726,-185,-396,-860,walking,0.00,0,0,0,0,0
1779983913134,-18807,6345,-6785,-164,-396,-879,walking,0.00,0,0,0,0,0
1779983913138,-19885,6030,-6617,-151,-374,-870,walking,0.00,0,0,0,0,0
1779983913139,-20169,5747,-6535,-134,-317,-807,walking,0.00,0,0,0,0,0
1779983913171,-20068,5360,-6596,-113,-253,-704,walking,0.00,0,0,0,0,0
1779983913172,-19510,4857,-6431,-111,-204,-585,walking,0.00,0,0,0,0,0
1779983913172,-18952,4195,-6213,-150,-173,-461,walking,0.00,0,0,0,0,0
1779983913199,-18448,3732,-6092,-236,-158,-330,walking,0.00,0,0,0,0,0
1779983913200,-18642,3769,-5936,-348,-170,-209,walking,0.00,0,0,0,0,0
1779983913201,-19674,4534,-5911,-446,-192,-92,walking,0.00,0,0,0,0,0
1779983913224,-21398,6087,-6036,-484,-205,-10,walking,0.00,0,0,0,0,0
1779983913233,-22912,7214,-6339,-462,-211,-15,walking,0.00,0,0,0,0,0
1779983913234,-24254,7628,-6327,-403,-210,-90,walking,0.00,0,0,0,0,0
1779983913255,-22454,7538,-6277,-298,-139,-134,walking,0.00,0,0,0,0,0
1779983913256,-19434,6708,-6279,-170,-36,-126,walking,0.00,0,0,0,0,0
1779983913257,-16729,5638,-6063,-66,37,-19,walking,0.00,0,0,0,0,0
1779983913284,-15033,4915,-5319,14,71,173,walking,0.00,0,0,0,0,0
1779983913284,-14216,4763,-4771,100,92,380,walking,0.00,0,0,0,0,0
1779983913285,-14713,5008,-4474,205,100,558,walking,0.00,0,0,0,0,0
1779983913314,-15744,5826,-4080,347,107,698,walking,0.00,0,0,0,0,0
1779983913316,-16812,6438,-3770,537,128,769,walking,0.00,0,0,0,0,0
1779983913316,-17577,6378,-3659,730,173,786,walking,0.00,0,0,0,0,0
1779983913348,-18142,6100,-3658,871,225,807,walking,0.00,0,0,0,0,0
1779983913349,-18755,6065,-3620,953,277,849,walking,0.00,0,0,0,0,0
1779983913351,-19257,6089,-3533,988,339,893,walking,0.00,0,0,0,0,0
1779983913375,-19412,5927,-3394,989,410,931,walking,0.00,0,0,0,0,0
1779983913376,-19144,5583,-3288,955,476,968,walking,0.00,0,0,0,0,0
1779983913377,-18500,5073,-3172,888,531,1015,walking,0.00,0,0,0,0,0
1779983913406,-17564,4554,-3033,802,562,1083,walking,0.00,0,0,0,0,0
1779983913406,-16759,4015,-3026,688,581,1166,walking,0.00,0,0,0,0,0
1779983913407,-15970,3750,-3262,551,596,1260,walking,0.00,0,0,0,0,0
1779983913433,-15395,3905,-3577,409,614,1364,walking,0.00,0,0,0,0,0
1779983913434,-14783,3796,-3514,290,606,1429,walking,0.00,0,0,0,0,0
1779983913435,-14421,3863,-3622,195,624,1506,walking,0.00,0,0,0,0,0
1779983913465,-13841,4464,-3853,143,661,1617,walking,0.00,0,0,0,0,0
1779983913467,-13308,4993,-3857,141,691,1703,walking,0.00,0,0,0,0,0
1779983913470,-13173,5034,-3590,163,704,1734,walking,0.00,0,0,0,0,0
1779983913496,-13283,5383,-3374,191,751,1811,walking,0.00,0,0,0,0,0
1779983913497,-12229,5586,-3446,228,814,1877,walking,0.00,0,0,0,0,0
1779983913498,-11884,5360,-3272,251,816,1881,walking,0.00,0,0,0,0,0
1779983913525,-11618,5552,-3246,258,821,1917,walking,0.00,0,0,0,0,0
1779983913525,-11353,5899,-3251,270,829,1945,walking,0.00,0,0,0,0,0
1779983913526,-11087,6038,-3361,292,840,1941,walking,0.00,0,0,0,0,0
1779983913555,-10781,6075,-3486,303,845,1923,walking,0.00,0,0,0,0,0
1779983913556,-10654,6042,-3577,292,835,1891,walking,0.00,0,0,0,0,0
1779983913557,-10624,6087,-3583,257,825,1843,walking,0.00,0,0,0,0,0
1779983913583,-10551,6336,-3676,219,812,1773,walking,0.00,0,0,0,0,0
1779983913584,-10594,6624,-3817,188,786,1687,walking,0.00,0,0,0,0,0
1779983913590,-10709,7204,-4149,179,723,1521,walking,0.00,0,0,0,0,0
1779983913615,-10394,7401,-4325,199,670,1410,walking,0.00,0,0,0,0,0
1779983913615,-10814,7360,-4333,207,607,1283,walking,0.00,0,0,0,0,0
1779983913616,-11130,7625,-4347,213,566,1180,walking,0.00,0,0,0,0,0
1779983913647,-11066,7764,-4417,233,552,1063,walking,0.00,0,0,0,0,0
1779983913648,-10747,7770,-4607,250,519,929,walking,0.00,0,0,0,0,0
1779983913649,-11137,7962,-4740,255,454,800,walking,0.00,0,0,0,0,0
1779983913675,-11585,8386,-4852,261,389,679,walking,0.00,0,0,0,0,0
1779983913677,-12150,8793,-5019,276,321,534,walking,0.00,0,0,0,0,0
1779983913678,-12825,9207,-5365,286,249,360,walking,0.00,0,0,0,0,0
1779983913704,-13676,9317,-5554,287,163,153,walking,0.00,0,0,0,0,0
1779983913705,-14616,9232,-5756,279,73,-57,walking,0.00,0,0,0,0,0
1779983913706,-15443,9090,-5879,252,-9,-254,walking,0.00,0,0,0,0,0
1779983913737,-16049,8818,-6019,208,-88,-429,walking,0.00,0,0,0,0,0
1779983913738,-16353,8573,-6205,157,-163,-583,walking,0.00,0,0,0,0,0
1779983913739,-16670,8396,-6326,90,-240,-722,walking,0.00,0,0,0,0,0
1779983913766,-17408,8505,-6410,1,-316,-862,walking,0.00,0,0,0,0,0
1779983913770,-18827,8868,-6627,-111,-404,-1024,walking,0.00,0,0,0,0,0
1779983913771,-20369,9070,-6596,-229,-501,-1222,walking,0.00,0,0,0,0,0
1779983913795,-20851,8747,-6338,-308,-588,-1440,walking,0.00,0,0,0,0,0
1779983913795,-19457,7829,-6467,-337,-668,-1631,walking,0.00,0,0,0,0,0
1779983913796,-17141,6499,-6931,-357,-756,-1747,walking,0.00,0,0,0,0,0
1779983913825,-15252,5201,-7124,-390,-865,-1764,walking,0.00,0,0,0,0,0
1779983913829,-14160,4100,-6902,-423,-954,-1692,walking,0.00,0,0,0,0,0
1779983913830,-13481,3733,-6834,-421,-972,-1551,walking,0.00,0,0,0,0,0
1779983913857,-12998,3995,-6811,-354,-947,-1381,walking,0.00,0,0,0,0,0
1779983913858,-13055,4577,-6488,-213,-915,-1225,walking,0.00,0,0,0,0,0
1779983913862,-13801,5036,-5819,0,-874,-1106,walking,0.00,0,0,0,0,0
1779983913887,-15103,5327,-5094,267,-816,-1029,walking,0.00,0,0,0,0,0
1779983913887,-16614,5297,-4397,536,-746,-994,walking,0.00,0,0,0,0,0
1779983913888,-18115,4921,-3723,755,-658,-976,walking,0.00,0,0,0,0,0
1779983913915,-18584,4526,-3305,889,-545,-937,walking,0.00,0,0,0,0,0
1779983913916,-18407,4005,-3207,912,-430,-899,walking,0.00,0,0,0,0,0
1779983913917,-18565,2978,-2617,797,-363,-912,walking,0.00,0,0,0,0,0
1779983913951,-18370,1468,-2478,544,-251,-898,walking,0.00,0,0,0,0,0
1779983913952,-17313,1196,-2673,200,-141,-764,walking,0.00,0,0,0,0,0
1779983913955,-16324,1591,-2738,-166,-65,-628,walking,0.00,0,0,0,0,0
1779983913974,-15662,1831,-2832,-516,-7,-575,walking,0.00,0,0,0,0,0
1779983913975,-15109,1590,-3075,-860,38,-606,walking,0.00,0,0,0,0,0
1779983913976,-14576,1679,-3471,-1207,71,-661,walking,0.00,0,0,0,0,0
1779983914005,-13977,2343,-3727,-1531,96,-696,walking,0.00,0,0,0,0,0
1779983914006,-13457,3106,-4005,-1767,118,-717,walking,0.00,0,0,0,0,0
1779983914007,-12975,3911,-4529,-1908,151,-735,walking,0.00,0,0,0,0,0
1779983914037,-12687,4635,-4834,-1968,174,-745,walking,0.00,0,0,0,0,0
1779983914037,-12430,5015,-5003,-1970,197,-772,walking,0.00,0,0,0,0,0
1779983914038,-12387,4330,-4975,-1970,205,-847,walking,0.00,0,0,0,0,0
1779983914065,-12286,4377,-5099,-1983,233,-820,walking,0.00,0,0,0,0,0
1779983914066,-12040,5171,-5025,-1968,255,-732,walking,0.00,0,0,0,0,0
1779983914070,-11760,5780,-4941,-1897,257,-685,walking,0.00,0,0,0,0,0
1779983914095,-11782,6057,-5099,-1783,268,-668,walking,0.00,0,0,0,0,0
1779983914097,-11686,6244,-5526,-1657,279,-656,walking,0.00,0,0,0,0,0
1779983914098,-11393,6341,-5740,-1514,259,-651,walking,0.00,0,0,0,0,0
1779983914128,-11316,6638,-5701,-1341,235,-618,walking,0.00,0,0,0,0,0
1779983914129,-11055,6925,-6035,-1133,226,-595,walking,0.00,0,0,0,0,0
1779983914130,-10728,7184,-6264,-894,183,-611,walking,0.00,0,0,0,0,0
1779983914154,-10869,6787,-5872,-662,107,-637,walking,0.00,0,0,0,0,0
1779983914155,-11094,6474,-5793,-478,56,-662,walking,0.00,0,0,0,0,0
1779983914156,-11246,6397,-6044,-351,14,-670,walking,0.00,0,0,0,0,0
1779983914189,-11577,6389,-6221,-256,-32,-647,walking,0.00,0,0,0,0,0
1779983914189,-11745,6630,-6346,-168,-66,-601,walking,0.00,0,0,0,0,0
1779983914190,-11796,6702,-6466,-75,-102,-565,walking,0.00,0,0,0,0,0
1779983914214,-12000,6495,-6544,2,-136,-555,walking,0.00,0,0,0,0,0
1779983914215,-12185,6339,-6567,59,-165,-562,walking,0.00,0,0,0,0,0
1779983914215,-12365,6201,-6719,96,-195,-573,walking,0.00,0,0,0,0,0
1779983914247,-12668,6031,-6813,104,-219,-582,walking,0.00,0,0,0,0,0
1779983914248,-13199,5967,-6858,78,-241,-592,walking,0.00,0,0,0,0,0
1779983914249,-13914,6108,-6837,21,-261,-605,walking,0.00,0,0,0,0,0
1779983914273,-14819,6420,-6781,-53,-275,-624,walking,0.00,0,0,0,0,0
1779983914274,-15850,6771,-6701,-132,-286,-660,walking,0.00,0,0,0,0,0
1779983914274,-17037,7072,-6642,-206,-295,-704,walking,0.00,0,0,0,0,0
1779983914307,-18202,7290,-6525,-271,-297,-743,walking,0.00,0,0,0,0,0
1779983914315,-19068,7388,-6432,-323,-291,-770,walking,0.00,0,0,0,0,0
1779983914315,-19674,7444,-6366,-350,-281,-779,walking,0.00,0,0,0,0,0
1779983914336,-20142,7368,-6324,-361,-274,-771,walking,0.00,0,0,0,0,0
1779983914336,-20780,7227,-6187,-367,-274,-742,walking,0.00,0,0,0,0,0
1779983914337,-21649,6974,-6006,-374,-279,-689,walking,0.00,0,0,0,0,0
1779983914363,-22454,7034,-5976,-380,-279,-621,walking,0.00,0,0,0,0,0
1779983914364,-23421,7405,-6057,-369,-289,-555,walking,0.00,0,0,0,0,0
1779983914364,-24169,7676,-6033,-325,-294,-495,walking,0.00,0,0,0,0,0
1779983914397,-23585,7617,-6038,-214,-265,-426,walking,0.00,0,0,0,0,0
1779983914423,-20933,6958,-6330,-34,-216,-346,walking,0.00,0,0,0,0,0
1779983914424,-18645,5473,-6271,119,-196,-259,walking,0.00,0,0,0,0,0
1779983914428,-15703,4853,-6138,249,-157,-48,walking,0.00,0,0,0,0,0
1779983914429,-13500,4343,-5698,369,-130,184,walking,0.00,0,0,0,0,0
1779983914430,-12771,4031,-5164,484,-113,408,walking,0.00,0,0,0,0,0
1779983914455,-13308,4191,-4644,591,-98,622,walking,0.00,0,0,0,0,0
1779983914456,-14239,5003,-4129,703,-95,783,walking,0.00,0,0,0,0,0
1779983914456,-15432,5962,-3763,837,-98,853,walking,0.00,0,0,0,0,0
1779983914486,-16525,6543,-3651,982,-84,855,walking,0.00,0,0,0,0,0
1779983914487,-17218,7064,-3632,1117,-60,834,walking,0.00,0,0,0,0,0
1779983914488,-17728,7671,-3697,1245,-30,806,walking,0.00,0,0,0,0,0
1779983914515,-18293,8050,-3720,1365,9,767,walking,0.00,0,0,0,0,0
1779983914516,-18845,7762,-3677,1449,71,726,walking,0.00,0,0,0,0,0
1779983914522,-19161,6851,-3473,1468,152,705,walking,0.00,0,0,0,0,0
1779983914546,-19094,5735,-3164,1399,242,717,walking,0.00,0,0,0,0,0
1779983914547,-18554,4849,-2802,1275,327,754,walking,0.00,0,0,0,0,0
1779983914548,-17771,4505,-2385,1180,386,809,walking,0.00,0,0,0,0,0
1779983914574,-16840,4654,-2267,1146,406,867,walking,0.00,0,0,0,0,0
1779983914575,-15928,3907,-2115,1159,405,907,walking,0.00,0,0,0,0,0
1779983914581,-15505,2798,-2548,1137,411,899,walking,0.00,0,0,0,0,0
1779983914604,-15613,1573,-2943,979,384,875,walking,0.00,0,0,0,0,0
1779983914605,-14908,1381,-3467,702,420,957,walking,0.00,0,0,0,0,0
1779983914605,-13896,1493,-3540,443,462,1045,walking,0.00,0,0,0,0,0
1779983914636,-14125,1790,-3185,283,474,1126,walking,0.00,0,0,0,0,0
1779983914637,-14204,2624,-3205,203,536,1256,walking,0.00,0,0,0,0,0
1779983914638,-13739,3114,-3216,179,618,1373,walking,0.00,0,0,0,0,0
1779983914666,-13159,2894,-3120,165,677,1459,walking,0.00,0,0,0,0,0
1779983914667,-13129,2650,-2974,95,701,1549,walking,0.00,0,0,0,0,0
1779983914670,-12932,3145,-2875,-13,722,1637,walking,0.00,0,0,0,0,0
1779983914696,-12552,3766,-2874,-101,736,1694,walking,0.00,0,0,0,0,0
1779983914697,-12339,4334,-2930,-151,733,1725,walking,0.00,0,0,0,0,0
1779983914698,-11577,5648,-3212,-125,727,1711,walking,0.00,0,0,0,0,0
1779983914727,-11565,5642,-3331,-93,714,1657,walking,0.00,0,0,0,0,0
1779983914728,-11591,5752,-3277,-86,692,1614,walking,0.00,0,0,0,0,0
1779983914729,-11479,5947,-3353,-105,674,1548,walking,0.00,0,0,0,0,0
1779983914756,-11404,6002,-3600,-141,657,1456,walking,0.00,0,0,0,0,0
1779983914756,-11351,6389,-3648,-178,632,1379,walking,0.00,0,0,0,0,0
1779983914757,-11382,7001,-3762,-198,606,1291,walking,0.00,0,0,0,0,0
1779983914786,-11400,7329,-3803,-187,573,1166,walking,0.00,0,0,0,0,0
1779983914787,-11296,7510,-3724,-156,530,1025,walking,0.00,0,0,0,0,0
1779983914788,-11274,7567,-3777,-128,493,884,walking,0.00,0,0,0,0,0
1779983914814,-11363,7753,-3921,-108,457,751,walking,0.00,0,0,0,0,0
1779983914815,-11639,8001,-4124,-94,413,623,walking,0.00,0,0,0,0,0
1779983914815,-12042,8384,-4343,-83,360,505,walking,0.00,0,0,0,0,0
1779983914849,-12651,8838,-4520,-62,300,387,walking,0.00,0,0,0,0,0
1779983914853,-13364,9328,-4610,-25,244,254,walking,0.00,0,0,0,0,0
1779983914853,-14165,9605,-4751,27,185,103,walking,0.00,0,0,0,0,0
1779983914873,-15011,9523,-4863,73,128,-61,walking,0.00,0,0,0,0,0
1779983914875,-15840,9187,-4975,100,70,-221,walking,0.00,0,0,0,0,0
1779983914878,-16480,8714,-5232,96,14,-362,walking,0.00,0,0,0,0,0
1779983914903,-16694,8156,-5423,63,-40,-473,walking,0.00,0,0,0,0,0
1779983914936,-16500,7753,-5588,14,-90,-555,walking,0.00,0,0,0,0,0
1779983914938,-16287,7499,-5730,-44,-140,-618,walking,0.00,0,0,0,0,0
1779983914938,-16458,7265,-5812,-106,-182,-678,walking,0.00,0,0,0,0,0
1779983914939,-17026,7139,-5723,-154,-204,-731,walking,0.00,0,0,0,0,0
1779983914940,-17324,7123,-5647,-177,-182,-772,walking,0.00,0,0,0,0,0
1779983914968,-17183,6885,-5481,-185,-156,-842,walking,0.00,0,0,0,0,0
1779983914969,-16687,6617,-5345,-225,-150,-932,walking,0.00,0,0,0,0,0
1779983914970,-16430,6501,-5312,-317,-167,-1028,walking,0.00,0,0,0,0,0
1779983914996,-16688,6543,-5153,-443,-206,-1128,walking,0.00,0,0,0,0,0
1779983914997,-17129,6709,-4958,-571,-254,-1224,walking,0.00,0,0,0,0,0
1779983914997,-17164,6734,-4818,-663,-294,-1304,walking,0.00,0,0,0,0,0
1779983915024,-16355,6439,-4876,-700,-317,-1358,walking,0.00,0,0,0,0,0
1779983915027,-15205,5844,-5115,-706,-339,-1375,walking,0.00,0,0,0,0,0
1779983915028,-14502,5381,-5100,-719,-376,-1351,walking,0.00,0,0,0,0,0
1779983915054,-14462,5040,-5032,-748,-404,-1316,walking,0.00,0,0,0,0,0
1779983915055,-14992,5016,-5078,-768,-414,-1265,walking,0.00,0,0,0,0,0
1779983915056,-15660,5446,-5105,-746,-410,-1205,walking,0.00,0,0,0,0,0
1779983915091,-16028,6008,-5020,-655,-399,-1168,walking,0.00,0,0,0,0,0
1779983915092,-15923,6202,-4957,-495,-388,-1172,walking,0.00,0,0,0,0,0
1779983915095,-15585,5881,-4854,-316,-386,-1191,walking,0.00,0,0,0,0,0
1779983915113,-15555,5597,-4770,-173,-387,-1178,walking,0.00,0,0,0,0,0
1779983915113,-15580,5365,-4550,-90,-398,-1176,walking,0.00,0,0,0,0,0
1779983915114,-15883,3941,-4290,-86,-405,-1212,walking,0.00,0,0,0,0,0
1779983915145,-15926,3901,-4120,-155,-375,-1105,walking,0.00,0,0,0,0,0
1779983915145,-15511,4417,-4172,-231,-313,-955,walking,0.00,0,0,0,0,0
1779983915146,-14937,4562,-4446,-299,-249,-877,walking,0.00,0,0,0,0,0
1779983915177,-14272,3881,-4601,-414,-203,-842,walking,0.00,0,0,0,0,0
1779983915177,-13782,3577,-4824,-581,-146,-784,walking,0.00,0,0,0,0,0
1779983915179,-13335,3299,-5246,-814,-83,-778,walking,0.00,0,0,0,0,0
1779983915204,-13233,3585,-5304,-1039,-25,-719,walking,0.00,0,0,0,0,0
1779983915205,-12719,3909,-5460,-1216,72,-643,walking,0.00,0,0,0,0,0
1779983915206,-12616,3923,-5704,-1394,161,-611,walking,0.00,0,0,0,0,0
1779983915239,-12523,3946,-5660,-1590,247,-534,walking,0.00,0,0,0,0,0
1779983915239,-12079,5119,-5679,-1716,314,-393,walking,0.00,0,0,0,0,0
1779983915240,-11817,5967,-5318,-1734,328,-321,walking,0.00,0,0,0,0,0
1779983915263,-11665,5829,-4634,-1620,309,-298,walking,0.00,0,0,0,0,0
1779983915264,-11374,6801,-4912,-1386,329,-184,walking,0.00,0,0,0,0,0
1779983915265,-11286,7456,-5084,-1088,316,-81,walking,0.00,0,0,0,0,0
1779983915295,-11855,6207,-4783,-812,301,-83,walking,0.00,0,0,0,0,0
1779983915296,-11926,5078,-5189,-659,325,-122,walking,0.00,0,0,0,0,0
1779983915297,-11695,5311,-5119,-592,278,-126,walking,0.00,0,0,0,0,0
1779983915327,-11723,5747,-4829,-485,214,-156,walking,0.00,0,0,0,0,0
1779983915328,-11670,5933,-5244,-335,187,-226,walking,0.00,0,0,0,0,0
1779983915328,-11700,5715,-5711,-193,132,-303,walking,0.00,0,0,0,0,0
1779983915355,-11894,5566,-5965,-80,51,-349,walking,0.00,0,0,0,0,0
1779983915356,-12178,5568,-6184,4,-22,-381,walking,0.00,0,0,0,0,0
1779983915357,-12426,5448,-6366,64,-85,-422,walking,0.00,0,0,0,0,0
1779983915385,-12672,5025,-6454,100,-143,-475,walking,0.00,0,0,0,0,0
1779983915388,-12809,4513,-6645,93,-180,-521,walking,0.00,0,0,0,0,0
1779983915388,-12955,4358,-6735,52,-217,-542,walking,0.00,0,0,0,0,0
1779983915418,-13339,4584,-6745,7,-252,-543,walking,0.00,0,0,0,0,0
1779983915419,-14100,4964,-6662,-20,-277,-537,walking,0.00,0,0,0,0,0
1779983915420,-15093,5408,-6648,-22,-280,-534,walking,0.00,0,0,0,0,0
1779983915444,-16310,5832,-6688,-8,-272,-541,walking,0.00,0,0,0,0,0
1779983915445,-17582,6132,-6547,18,-259,-556,walking,0.00,0,0,0,0,0
1779983915446,-18584,6191,-6254,47,-239,-565,walking,0.00,0,0,0,0,0
1779983915477,-19303,6069,-5997,67,-217,-558,walking,0.00,0,0,0,0,0
1779983915477,-19583,5876,-5756,57,-204,-533,walking,0.00,0,0,0,0,0
1779983915478,-19761,5675,-5648,26,-200,-485,walking,0.00,0,0,0,0,0
1779983915504,-19964,5426,-5603,-28,-198,-427,walking,0.00,0,0,0,0,0
1779983915505,-20175,5195,-5583,-113,-209,-375,walking,0.00,0,0,0,0,0
1779983915506,-20305,5113,-5505,-218,-222,-323,walking,0.00,0,0,0,0,0
1779983915534,-20441,5457,-5563,-320,-230,-279,walking,0.00,0,0,0,0,0
1779983915535,-20869,6102,-5627,-389,-248,-256,walking,0.00,0,0,0,0,0
1779983915536,-21604,6769,-5736,-416,-266,-252,walking,0.00,0,0,0,0,0
1779983915571,-22358,7301,-5775,-404,-276,-266,walking,0.00,0,0,0,0,0
1779983915572,-22440,7609,-5747,-350,-261,-278,walking,0.00,0,0,0,0,0
1779983915573,-21088,7440,-5704,-230,-209,-262,walking,0.00,0,0,0,0,0
1779983915595,-18757,6553,-5594,-77,-136,-191,walking,0.00,0,0,0,0,0
1779983915597,-16249,5668,-5318,66,-78,-46,walking,0.00,0,0,0,0,0
1779983915597,-14426,5027,-4910,182,-52,138,walking,0.00,0,0,0,0,0
1779983915626,-13760,4765,-4540,274,-41,328,walking,0.00,0,0,0,0,0
1779983915627,-14214,5062,-4185,370,-33,510,walking,0.00,0,0,0,0,0
1779983915627,-15236,5802,-3753,510,-16,660,walking,0.00,0,0,0,0,0
1779983915654,-16163,6388,-3403,695,22,738,walking,0.00,0,0,0,0,0
1779983915655,-16778,6403,-3313,872,78,765,walking,0.00,0,0,0,0,0
1779983915655,-17198,6198,-3290,996,139,771,walking,0.00,0,0,0,0,0
1779983915687,-17472,6042,-3186,1049,199,775,walking,0.00,0,0,0,0,0
1779983915688,-17617,5926,-3086,1043,254,777,walking,0.00,0,0,0,0,0
1779983915688,-17674,5810,-2947,994,298,761,walking,0.00,0,0,0,0,0
1779983915714,-17539,5505,-2837,919,337,737,walking,0.00,0,0,0,0,0
1779983915715,-17123,5303,-2500,852,369,719,walking,0.00,0,0,0,0,0
1779983915718,-16615,5565,-2331,832,380,714,walking,0.00,0,0,0,0,0
1779983915745,-16028,5368,-2350,839,379,703,walking,0.00,0,0,0,0,0
1779983915747,-15590,4367,-2539,812,374,671,walking,0.00,0,0,0,0,0
1779983915748,-15343,3359,-2893,677,372,655,walking,0.00,0,0,0,0,0
1779983915776,-14757,2914,-2968,465,371,683,walking,0.00,0,0,0,0,0
1779983915777,-14259,3286,-2847,296,359,746,walking,0.00,0,0,0,0,0
1779983915777,-13809,3867,-2923,207,348,806,walking,0.00,0,0,0,0,0
1779983915809,-13778,4019,-3052,179,347,855,walking,0.00,0,0,0,0,0
1779983915810,-12989,4387,-2754,211,320,948,walking,0.00,0,0,0,0,0
1779983915811,-13039,4510,-2819,257,330,1019,walking,0.00,0,0,0,0,0
1779983915838,-12737,4797,-2826,313,359,1100,walking,0.00,0,0,0,0,0
1779983915838,-12352,4860,-2842,376,391,1168,walking,0.00,0,0,0,0,0
1779983915839,-12196,4733,-2920,429,414,1234,walking,0.00,0,0,0,0,0
1779983915867,-12221,4916,-2895,455,421,1287,walking,0.00,0,0,0,0,0
1779983915868,-12066,5064,-2823,467,427,1313,walking,0.00,0,0,0,0,0
1779983915869,-11830,4972,-2987,467,436,1330,walking,0.00,0,0,0,0,0
1779983915894,-11996,5225,-3120,440,433,1350,walking,0.00,0,0,0,0,0
1779983915894,-11980,5771,-3264,418,437,1356,walking,0.00,0,0,0,0,0
1779983915895,-11839,6042,-3552,401,443,1316,walking,0.00,0,0,0,0,0
1779983915925,-12296,6212,-3636,371,449,1262,walking,0.00,0,0,0,0,0
1779983915926,-12294,6687,-3791,339,461,1209,walking,0.00,0,0,0,0,0
1779983915926,-12189,6524,-3934,277,453,1082,walking,0.00,0,0,0,0,0
1779983915954,-13131,6429,-3847,185,442,992,walking,0.00,0,0,0,0,0
1779983915955,-12757,7089,-4101,113,503,1018,walking,0.00,0,0,0,0,0
1779983915959,-12377,7282,-4313,60,529,958,walking,0.00,0,0,0,0,0
1779983915985,-12626,7443,-4538,3,538,866,walking,0.00,0,0,0,0,0
1779983915986,-12817,7851,-4693,-50,563,798,walking,0.00,0,0,0,0,0
1779983915986,-12994,8395,-4879,-94,587,702,walking,0.00,0,0,0,0,0
1779983916014,-13314,8763,-4982,-137,589,564,walking,0.00,0,0,0,0,0
1779983916015,-13862,9017,-5031,-185,577,413,walking,0.00,0,0,0,0,0
1779983916046,-14515,9237,-5100,-231,559,271,walking,0.00,0,0,0,0,0
1779983916047,-15139,9353,-5236,-274,523,134,walking,0.00,0,0,0,0,0
1779983916051,-15830,9295,-5443,-324,465,-5,walking,0.00,0,0,0,0,0
1779983916051,-16635,9080,-5586,-384,390,-139,walking,0.00,0,0,0,0,0
1779983916076,-17301,8876,-5765,-435,332,-230,walking,0.00,0,0,0,0,0
1779983916078,-17437,8564,-5991,-469,297,-303,walking,0.00,0,0,0,0,0
1779983916078,-17632,8117,-6152,-504,244,-387,walking,0.00,0,0,0,0,0
1779983916105,-17770,7836,-6185,-535,189,-452,walking,0.00,0,0,0,0,0
1779983916109,-17640,7919,-6255,-553,139,-505,walking,0.00,0,0,0,0,0
1779983916109,-17693,8173,-6429,-570,74,-580,walking,0.00,0,0,0,0,0
1779983916134,-18252,8362,-6450,-595,-9,-684,walking,0.00,0,0,0,0,0
1779983916168,-18825,8398,-6271,-606,-101,-812,walking,0.00,0,0,0,0,0
1779983916169,-18686,8308,-6188,-587,-178,-943,walking,0.00,0,0,0,0,0
1779983916169,-17479,7895,-6284,-545,-247,-1061,walking,0.00,0,0,0,0,0
1779983916170,-15650,7107,-6396,-485,-319,-1137,walking,0.00,0,0,0,0,0
1779983916171,-14038,6199,-6372,-419,-394,-1153,walking,0.00,0,0,0,0,0
1779983916194,-12806,5544,-6108,-329,-445,-1111,walking,0.00,0,0,0,0,0
1779983916195,-12079,5146,-5751,-200,-454,-1029,walking,0.00,0,0,0,0,0
1779983916196,-11785,5088,-5472,-43,-427,-932,walking,0.00,0,0,0,0,0
1779983916229,-12083,5066,-5140,122,-395,-846,walking,0.00,0,0,0,0,0
1779983916230,-13032,5036,-4660,280,-367,-784,walking,0.00,0,0,0,0,0
1779983916230,-14200,5100,-4227,425,-333,-754,walking,0.00,0,0,0,0,0
1779983916259,-15094,5129,-3839,542,-288,-756,walking,0.00,0,0,0,0,0
1779983916260,-15778,4814,-3472,615,-238,-781,walking,0.00,0,0,0,0,0
1779983916260,-16346,4203,-3058,625,-187,-809,walking,0.00,0,0,0,0,0
1779983916284,-16690,3269,-2843,556,-131,-838,walking,0.00,0,0,0,0,0
1779983916285,-16612,2067,-2865,386,-65,-853,walking,0.00,0,0,0,0,0
1779983916286,-16285,1548,-3000,127,-11,-811,walking,0.00,0,0,0,0,0
1779983916317,-15963,1549,-3097,-177,33,-759,walking,0.00,0,0,0,0,0
1779983916317,-15624,1699,-3197,-487,68,-738,walking,0.00,0,0,0,0,0
1779983916318,-15096,1822,-3302,-781,94,-753,walking,0.00,0,0,0,0,0
1779983916345,-14322,2191,-3576,-1046,108,-783,walking,0.00,0,0,0,0,0
1779983916345,-13663,2812,-3788,-1253,98,-799,walking,0.00,0,0,0,0,0
1779983916346,-12992,3443,-3933,-1372,87,-801,walking,0.00,0,0,0,0,0
1779983916380,-12409,3850,-4230,-1413,76,-827,walking,0.00,0,0,0,0,0
1779983916381,-12090,4106,-4546,-1404,65,-843,walking,0.00,0,0,0,0,0
1779983916382,-11949,4447,-4671,-1353,60,-824,walking,0.00,0,0,0,0,0
1779983916403,-11586,4610,-4768,-1260,61,-811,walking,0.00,0,0,0,0,0
1779983916404,-11571,4652,-4654,-1168,25,-833,walking,0.00,0,0,0,0,0
1779983916404,-11834,5116,-4477,-1045,4,-767,walking,0.00,0,0,0,0,0
1779983916436,-11743,5505,-4442,-895,-18,-730,walking,0.00,0,0,0,0,0
1779983916437,-11714,5106,-4322,-749,-74,-756,walking,0.00,0,0,0,0,0
1779983916438,-11508,5214,-4467,-626,-110,-716,walking,0.00,0,0,0,0,0
1779983916464,-11259,5876,-4707,-499,-140,-641,walking,0.00,0,0,0,0,0
1779983916467,-11197,6187,-4861,-357,-185,-612,walking,0.00,0,0,0,0,0
1779983916468,-11186,6066,-5068,-236,-236,-632,walking,0.00,0,0,0,0,0
1779983916495,-11264,6006,-5389,-158,-298,-672,walking,0.00,0,0,0,0,0
1779983916496,-11492,6141,-5750,-106,-364,-723,walking,0.00,0,0,0,0,0
1779983916497,-11825,6321,-6077,-61,-415,-789,walking,0.00,0,0,0,0,0
1779983916525,-12209,6452,-6349,-13,-454,-847,walking,0.00,0,0,0,0,0
1779983916526,-12687,6537,-6515,39,-477,-893,walking,0.00,0,0,0,0,0
1779983916527,-12940,6597,-6679,90,-482,-931,walking,0.00,0,0,0,0,0
1779983916554,-13064,6587,-6903,141,-486,-968,walking,0.00,0,0,0,0,0
1779983916555,-13297,6469,-6953,180,-497,-1001,walking,0.00,0,0,0,0,0
1779983916562,-13429,6192,-6973,209,-493,-1007,walking,0.00,0,0,0,0,0
1779983916587,-13797,6048,-6841,230,-493,-973,walking,0.00,0,0,0,0,0
1779983916587,-14479,6074,-6843,245,-482,-913,walking,0.00,0,0,0,0,0
1779983916588,-15440,6180,-6730,268,-472,-851,walking,0.00,0,0,0,0,0
1779983916613,-16722,6205,-6607,295,-462,-804,walking,0.00,0,0,0,0,0
1779983916616,-18065,6063,-6508,312,-448,-767,walking,0.00,0,0,0,0,0
1779983916617,-19402,5824,-6311,313,-420,-717,walking,0.00,0,0,0,0,0
1779983916650,-20312,5552,-6253,300,-377,-636,walking,0.00,0,0,0,0,0
1779983916651,-20901,5355,-6148,274,-328,-525,walking,0.00,0,0,0,0,0
1779983916651,-20506,5263,-6176,245,-274,-380,walking,0.00,0,0,0,0,0
1779983916676,-20071,4749,-6073,205,-252,-262,walking,0.00,0,0,0,0,0
1779983916678,-20452,4145,-5729,128,-242,-142,walking,0.00,0,0,0,0,0
1779983916679,-20138,4156,-5631,25,-204,22,walking,0.00,0,0,0,0,0
1779983916704,-19986,4201,-5562,-77,-187,158,walking,0.00,0,0,0,0,0
1779983916704,-20135,4420,-5472,-168,-191,261,walking,0.00,0,0,0,0,0
1779983916709,-19996,5007,-5599,-244,-184,344,walking,0.00,0,0,0,0,0
1779983916735,-19746,5577,-5760,-280,-173,396,walking,0.00,0,0,0,0,0
1779983916735,-19730,6045,-5787,-288,-166,430,walking,0.00,0,0,0,0,0
1779983916736,-20030,6507,-5684,-276,-158,460,walking,0.00,0,0,0,0,0
1779983916766,-20202,6817,-5508,-238,-136,489,walking,0.00,0,0,0,0,0
1779983916767,-19285,6762,-5300,-159,-93,512,walking,0.00,0,0,0,0,0
1779983916767,-17490,6349,-5062,-63,-36,555,walking,0.00,0,0,0,0,0
1779983916800,-16129,5810,-4776,30,5,629,walking,0.00,0,0,0,0,0
1779983916801,-14991,5558,-4446,106,35,725,walking,0.00,0,0,0,0,0
1779983916801,-14571,5661,-4055,185,46,826,walking,0.00,0,0,0,0,0
1779983916827,-14856,6133,-3692,292,51,919,walking,0.00,0,0,0,0,0
1779983916828,-15455,6665,-3460,438,63,970,walking,0.00,0,0,0,0,0
1779983916829,-15990,7074,-3247,616,88,974,walking,0.00,0,0,0,0,0
1779983916858,-16345,7239,-3080,808,117,945,walking,0.00,0,0,0,0,0
1779983916859,-16830,7289,-2915,981,143,893,walking,0.00,0,0,0,0,0
1779983916860,-17466,7050,-2636,1114,176,832,walking,0.00,0,0,0,0,0
1779983916886,-17967,6700,-2426,1194,221,775,walking,0.00,0,0,0,0,0
1779983916886,-18052,6381,-2322,1217,261,728,walking,0.00,0,0,0,0,0
1779983916887,-17738,6064,-2235,1191,290,689,walking,0.00,0,0,0,0,0
1779983916917,-16105,5740,-2293,1079,279,679,walking,0.00,0,0,0,0,0
1779983916918,-15412,5187,-2351,1041,253,713,walking,0.00,0,0,0,0,0
1779983916918,-14955,4635,-2602,990,238,759,walking,0.00,0,0,0,0,0
1779983916943,-14762,4232,-2781,907,226,819,walking,0.00,0,0,0,0,0
1779983916943,-14537,4094,-2971,819,242,893,walking,0.00,0,0,0,0,0
1779983916944,-14091,4316,-3120,756,278,980,walking,0.00,0,0,0,0,0
1779983916978,-14034,4531,-3114,727,322,1066,walking,0.00,0,0,0,0,0
1779983916979,-13535,4878,-3201,727,378,1136,walking,0.00,0,0,0,0,0
1779983916983,-13760,4379,-2790,732,402,1145,walking,0.00,0,0,0,0,0
1779983917003,-13549,4327,-2659,718,474,1209,walking,0.00,0,0,0,0,0
1779983917003,-12862,4706,-2746,690,555,1294,walking,0.00,0,0,0,0,0
1779983917008,-12429,4872,-2693,646,597,1339,walking,0.00,0,0,0,0,0
1779983917034,-12126,4929,-2532,578,618,1364,walking,0.00,0,0,0,0,0
1779983917034,-11870,5056,-2487,490,624,1387,walking,0.00,0,0,0,0,0
1779983917035,-11547,5255,-2508,399,619,1410,walking,0.00,0,0,0,0,0
1779983917066,-11371,5483,-2643,321,606,1425,walking,0.00,0,0,0,0,0
1779983917067,-11479,5839,-2791,264,589,1444,walking,0.00,0,0,0,0,0
1779983917068,-11097,6471,-3028,244,583,1455,walking,0.00,0,0,0,0,0
1779983917099,-11617,6550,-3140,250,585,1434,walking,0.00,0,0,0,0,0
1779983917100,-11325,7008,-3411,265,610,1439,walking,0.00,0,0,0,0,0
1779983917101,-11500,6998,-3430,271,597,1370,walking,0.00,0,0,0,0,0
1779983917125,-11702,6967,-3461,261,581,1290,walking,0.00,0,0,0,0,0
1779983917126,-11699,7307,-3408,245,562,1235,walking,0.00,0,0,0,0,0
1779983917126,-11721,7651,-3391,246,535,1164,walking,0.00,0,0,0,0,0
1779983917154,-11811,7942,-3492,264,504,1070,walking,0.00,0,0,0,0,0
1779983917154,-12047,8142,-3661,289,475,955,walking,0.00,0,0,0,0,0
1779983917155,-12437,8399,-3791,310,446,832,walking,0.00,0,0,0,0,0
1779983917184,-13159,8610,-3902,332,410,702,walking,0.00,0,0,0,0,0
1779983917184,-14017,8764,-4121,354,377,566,walking,0.00,0,0,0,0,0
1779983917185,-14917,8831,-4268,379,340,428,walking,0.00,0,0,0,0,0
1779983917218,-15824,8795,-4412,407,300,294,walking,0.00,0,0,0,0,0
1779983917219,-16713,8604,-4547,422,254,157,walking,0.00,0,0,0,0,0
1779983917219,-17466,8256,-4612,417,207,19,walking,0.00,0,0,0,0,0
1779983917243,-18005,7735,-4663,379,160,-109,walking,0.00,0,0,0,0,0
1779983917243,-18285,7262,-4825,311,116,-225,walking,0.00,0,0,0,0,0
1779983917244,-18375,6936,-5028,217,70,-333,walking,0.00,0,0,0,0,0
1779983917275,-18475,6619,-5228,103,20,-442,walking,0.00,0,0,0,0,0
1779983917276,-18771,6389,-5333,-28,-25,-555,walking,0.00,0,0,0,0,0
1779983917277,-19392,6318,-5392,-173,-66,-674,walking,0.00,0,0,0,0,0
1779983917303,-20014,6377,-5390,-332,-99,-807,walking,0.00,0,0,0,0,0
1779983917303,-20155,6459,-5335,-481,-122,-957,walking,0.00,0,0,0,0,0
1779983917304,-19598,6295,-5366,-607,-142,-1111,walking,0.00,0,0,0,0,0
1779983917341,-18157,5789,-5451,-711,-166,-1232,walking,0.00,0,0,0,0,0
1779983917342,-16233,5101,-5564,-791,-205,-1297,walking,0.00,0,0,0,0,0
1779983917342,-14303,4469,-5799,-841,-256,-1302,walking,0.00,0,0,0,0,0
1779983917366,-12725,4210,-6057,-858,-307,-1262,walking,0.00,0,0,0,0,0
1779983917366,-11892,4347,-6263,-843,-350,-1195,walking,0.00,0,0,0,0,0
1779983917367,-11968,4860,-6312,-774,-385,-1124,walking,0.00,0,0,0,0,0
1779983917394,-12979,5498,-6169,-634,-414,-1067,walking,0.00,0,0,0,0,0
1779983917399,-14588,6149,-5866,-413,-431,-1034,walking,0.00,0,0,0,0,0
1779983917399,-16167,6638,-5538,-136,-432,-1033,walking,0.00,0,0,0,0,0
1779983917426,-17145,6527,-5091,148,-419,-1049,walking,0.00,0,0,0,0,0
1779983917427,-17636,5961,-4673,395,-391,-1038,walking,0.00,0,0,0,0,0
1779983917428,-17744,5117,-4303,558,-349,-989,walking,0.00,0,0,0,0,0
1779983917453,-17439,4325,-4171,623,-305,-911,walking,0.00,0,0,0,0,0
1779983917454,-16934,3726,-3911,590,-278,-833,walking,0.00,0,0,0,0,0
1779983917458,-16605,2349,-3684,459,-265,-818,walking,0.00,0,0,0,0,0
1779983917485,-16135,1580,-3830,236,-247,-757,walking,0.00,0,0,0,0,0
1779983917486,-15336,1922,-4096,-29,-230,-658,walking,0.00,0,0,0,0,0
1779983917486,-14552,2489,-4304,-270,-225,-606,walking,0.00,0,0,0,0,0
1779983917522,-13940,2744,-4448,-469,-225,-606,walking,0.00,0,0,0,0,0
1779983917522,-13088,3191,-4676,-635,-226,-627,walking,0.00,0,0,0,0,0
1779983917526,-12577,3436,-4732,-773,-239,-671,walking,0.00,0,0,0,0,0
1779983917544,-11873,3978,-4815,-866,-250,-690,walking,0.00,0,0,0,0,0
1779983917544,-11478,4386,-4841,-899,-264,-705,walking,0.00,0,0,0,0,0
1779983917545,-11434,5113,-4792,-867,-274,-689,walking,0.00,0,0,0,0,0
1779983917575,-11374,5346,-4693,-774,-267,-688,walking,0.00,0,0,0,0,0
1779983917575,-11598,5289,-4679,-645,-247,-685,walking,0.00,0,0,0,0,0
1779983917608,-11334,5242,-4614,-516,-221,-661,walking,0.00,0,0,0,0,0
1779983917609,-11597,4985,-4382,-429,-234,-682,walking,0.00,0,0,0,0,0
1779983917609,-11598,5107,-4277,-356,-244,-662,walking,0.00,0,0,0,0,0
1779983917635,-11264,5133,-4387,-289,-264,-661,walking,0.00,0,0,0,0,0
1779983917637,-11337,5004,-4622,-239,-301,-675,walking,0.00,0,0,0,0,0
1779983917641,-11506,4965,-4948,-206,-332,-669,walking,0.00,0,0,0,0,0
1779983917642,-11658,4941,-5296,-187,-347,-661,walking,0.00,0,0,0,0,0
1779983917695,-11929,5024,-5596,-184,-364,-658,walking,0.00,0,0,0,0,0
1779983917696,-12364,5313,-5777,-173,-384,-673,walking,0.00,0,0,0,0,0
1779983917697,-12723,5165,-5906,-156,-395,-695,walking,0.00,0,0,0,0,0
1779983917701,-12863,5140,-6032,-151,-397,-695,walking,0.00,0,0,0,0,0
1779983917702,-13011,5341,-6151,-130,-403,-699,walking,0.00,0,0,0,0,0
1779983917702,-13083,5384,-6311,-93,-403,-707,walking,0.00,0,0,0,0,0
1779983917724,-13077,5215,-6459,-60,-401,-699,walking,0.00,0,0,0,0,0
1779983917725,-13210,5194,-6506,-35,-403,-669,walking,0.00,0,0,0,0,0
1779983917726,-13498,5362,-6518,-9,-404,-632,walking,0.00,0,0,0,0,0
1779983917753,-13951,5488,-6552,23,-403,-600,walking,0.00,0,0,0,0,0
1779983917757,-14577,5611,-6596,52,-406,-573,walking,0.00,0,0,0,0,0
1779983917758,-15479,5908,-6594,82,-410,-554,walking,0.00,0,0,0,0,0
1779983917786,-16576,6050,-6535,119,-410,-541,walking,0.00,0,0,0,0,0
1779983917787,-17681,6096,-6468,154,-405,-521,walking,0.00,0,0,0,0,0
1779983917788,-18768,5948,-6301,182,-396,-491,walking,0.00,0,0,0,0,0
1779983917818,-19452,5841,-6033,194,-372,-435,walking,0.00,0,0,0,0,0
1779983917819,-20482,5853,-5859,193,-336,-354,walking,0.00,0,0,0,0,0
1779983917820,-22079,5909,-5647,175,-304,-254,walking,0.00,0,0,0,0,0
1779983917845,-22761,6181,-5556,150,-274,-165,walking,0.00,0,0,0,0,0
1779983917848,-24350,5588,-5175,95,-286,-162,walking,0.00,0,0,0,0,0
1779983917848,-24534,5865,-5045,25,-256,-102,walking,0.00,0,0,0,0,0
1779983917875,-23462,6214,-5234,-6,-229,-72,walking,0.00,0,0,0,0,0
1779983917876,-22017,5907,-5352,0,-226,-62,walking,0.00,0,0,0,0,0
1779983917877,-19999,5619,-5553,31,-220,8,walking,0.00,0,0,0,0,0
1779983917906,-18164,5539,-5629,95,-219,125,walking,0.00,0,0,0,0,0
1779983917907,-16888,5404,-5491,199,-215,257,walking,0.00,0,0,0,0,0
1779983917908,-15827,5114,-5162,329,-188,402,walking,0.00,0,0,0,0,0
1779983917936,-15292,4887,-4826,450,-158,534,walking,0.00,0,0,0,0,0
1779983917945,-15254,5009,-4467,540,-140,642,walking,0.00,0,0,0,0,0
1779983917946,-15498,5441,-4146,611,-135,727,walking,0.00,0,0,0,0,0
1779983917967,-15859,6237,-3865,700,-122,788,walking,0.00,0,0,0,0,0
1779983917968,-16428,7068,-3646,837,-99,818,walking,0.00,0,0,0,0,0
1779983917969,-17004,7527,-3580,1004,-63,819,walking,0.00,0,0,0,0,0
1779983917999,-17492,7774,-3470,1163,-15,806,walking,0.00,0,0,0,0,0
1779983918000,-17878,7736,-3300,1283,42,789,walking,0.00,0,0,0,0,0
1779983918000,-17916,6905,-2815,1364,165,784,walking,0.00,0,0,0,0,0
1779983918024,-17670,6515,-2491,1336,219,787,walking,0.00,0,0,0,0,0
1779983918025,-17308,6156,-2320,1283,261,783,walking,0.00,0,0,0,0,0
1779983918026,-16962,5827,-2231,1224,288,783,walking,0.00,0,0,0,0,0
1779983918053,-16764,5449,-2204,1151,300,791,walking,0.00,0,0,0,0,0
1779983918054,-16381,5145,-2291,1068,316,816,walking,0.00,0,0,0,0,0
1779983918054,-15614,5217,-2481,1006,323,869,walking,0.00,0,0,0,0,0
1779983918085,-15235,4877,-2471,960,321,935,walking,0.00,0,0,0,0,0
1779983918086,-14835,4319,-2828,894,364,994,walking,0.00,0,0,0,0,0
1779983918086,-14571,3967,-3041,790,398,1051,walking,0.00,0,0,0,0,0
1779983918115,-14082,3861,-3066,688,437,1127,walking,0.00,0,0,0,0,0
1779983918116,-13565,3771,-3024,594,495,1192,walking,0.00,0,0,0,0,0
1779983918116,-13134,3881,-3095,487,553,1255,walking,0.00,0,0,0,0,0
1779983918148,-12718,4251,-2994,370,603,1338,walking,0.00,0,0,0,0,0
1779983918149,-12281,4645,-2914,267,638,1414,walking,0.00,0,0,0,0,0
1779983918150,-12248,4994,-2882,170,648,1469,walking,0.00,0,0,0,0,0
1779983918176,-12416,5582,-2828,84,667,1554,walking,0.00,0,0,0,0,0
1779983918209,-11826,5988,-2914,13,692,1620,walking,0.00,0,0,0,0,0
1779983918209,-11701,5930,-2932,-69,662,1628,walking,0.00,0,0,0,0,0
1779983918210,-11710,5778,-3132,-181,632,1657,walking,0.00,0,0,0,0,0
1779983918211,-11770,6118,-3153,-306,611,1707,walking,0.00,0,0,0,0,0
1779983918239,-11968,6992,-3107,-399,605,1747,walking,0.00,0,0,0,0,0
1779983918240,-12111,8000,-3099,-425,626,1775,walking,0.00,0,0,0,0,0
1779983918241,-12019,9031,-3149,-371,656,1798,walking,0.00,0,0,0,0,0
1779983918241,-11653,9846,-3242,-254,669,1798,walking,0.00,0,0,0,0,0
1779983918265,-11650,10049,-3127,-114,655,1764,walking,0.00,0,0,0,0,0
1779983918267,-11456,10300,-2943,30,633,1731,walking,0.00,0,0,0,0,0
1779983918268,-11061,10009,-2960,153,617,1657,walking,0.00,0,0,0,0,0
1779983918298,-10681,9521,-3116,242,597,1576,walking,0.00,0,0,0,0,0
1779983918299,-10399,9427,-3311,300,570,1519,walking,0.00,0,0,0,0,0
1779983918300,-10452,9681,-3513,336,542,1453,walking,0.00,0,0,0,0,0
1779983918324,-10812,9979,-3611,360,521,1350,walking,0.00,0,0,0,0,0
1779983918325,-11483,10241,-3676,380,506,1231,walking,0.00,0,0,0,0,0
1779983918326,-12244,10481,-3799,393,500,1108,walking,0.00,0,0,0,0,0
1779983918357,-13129,10653,-3886,406,487,977,walking,0.00,0,0,0,0,0
1779983918357,-13885,10650,-3899,416,464,845,walking,0.00,0,0,0,0,0
1779983918358,-14563,10503,-3990,414,432,721,walking,0.00,0,0,0,0,0
1779983918385,-15136,10171,-4097,394,392,606,walking,0.00,0,0,0,0,0
1779983918386,-15636,9793,-4304,362,355,500,walking,0.00,0,0,0,0,0
1779983918387,-16160,9528,-4553,316,320,397,walking,0.00,0,0,0,0,0
1779983918416,-16495,9233,-4829,257,282,288,walking,0.00,0,0,0,0,0
1779983918416,-16687,8880,-4997,189,237,173,walking,0.00,0,0,0,0,0
1779983918417,-16622,8382,-5169,112,188,63,walking,0.00,0,0,0,0,0
1779983918445,-16366,8021,-5458,17,134,-45,walking,0.00,0,0,0,0,0
1779983918448,-16086,7856,-5732,-90,71,-154,walking,0.00,0,0,0,0,0
1779983918449,-15787,7890,-5876,-190,7,-270,walking,0.00,0,0,0,0,0
1779983918475,-15619,8019,-5972,-268,-58,-403,walking,0.00,0,0,0,0,0
1779983918476,-15421,7980,-6016,-316,-119,-552,walking,0.00,0,0,0,0,0
1779983918476,-14871,7660,-6018,-329,-179,-705,walking,0.00,0,0,0,0,0
1779983918510,-13808,7149,-6085,-311,-236,-841,walking,0.00,0,0,0,0,0
1779983918511,-12524,6628,-6222,-277,-302,-934,walking,0.00,0,0,0,0,0
1779983918512,-11524,6221,-6338,-231,-377,-988,walking,0.00,0,0,0,0,0
1779983918543,-11048,6037,-6311,-168,-449,-1012,walking,0.00,0,0,0,0,0
1779983918544,-11228,6090,-6184,-79,-504,-1018,walking,0.00,0,0,0,0,0
1779983918544,-12102,6323,-6100,37,-536,-1030,walking,0.00,0,0,0,0,0
1779983918566,-13341,6556,-5914,178,-546,-1061,walking,0.00,0,0,0,0,0
1779983918567,-14454,6611,-5616,335,-545,-1112,walking,0.00,0,0,0,0,0
1779983918567,-15127,6397,-5369,487,-534,-1179,walking,0.00,0,0,0,0,0
1779983918593,-15411,5988,-5083,602,-525,-1251,walking,0.00,0,0,0,0,0
1779983918594,-15559,5322,-4841,656,-527,-1315,walking,0.00,0,0,0,0,0
1779983918595,-15785,4532,-4707,637,-531,-1355,walking,0.00,0,0,0,0,0
1779983918625,-15931,3815,-4721,547,-526,-1363,walking,0.00,0,0,0,0,0
1779983918625,-16027,3329,-4727,405,-497,-1348,walking,0.00,0,0,0,0,0
1779983918626,-15813,3112,-4837,230,-456,-1334,walking,0.00,0,0,0,0,0
1779983918657,-15381,2932,-4884,39,-417,-1335,walking,0.00,0,0,0,0,0
1779983918658,-14798,2844,-4919,-159,-385,-1353,walking,0.00,0,0,0,0,0
1779983918659,-14060,2943,-4948,-355,-362,-1379,walking,0.00,0,0,0,0,0
1779983918685,-13350,3219,-4925,-532,-352,-1409,walking,0.00,0,0,0,0,0
1779983918685,-12751,3482,-5021,-670,-347,-1432,walking,0.00,0,0,0,0,0
1779983918689,-12493,3824,-5181,-767,-344,-1441,walking,0.00,0,0,0,0,0
1779983918715,-12572,4384,-5167,-829,-334,-1427,walking,0.00,0,0,0,0,0
1779983918717,-12827,3801,-5278,-874,-320,-1476,walking,0.00,0,0,0,0,0
1779983918717,-12845,3898,-5194,-923,-317,-1449,walking,0.00,0,0,0,0,0
1779983918744,-12696,5098,-5028,-930,-292,-1330,walking,0.00,0,0,0,0,0
1779983918744,-12948,5872,-5009,-848,-260,-1264,walking,0.00,0,0,0,0,0
1779983918775,-13164,5748,-5052,-720,-240,-1238,walking,0.00,0,0,0,0,0
1779983918777,-13053,5445,-5120,-611,-221,-1192,walking,0.00,0,0,0,0,0
1779983918778,-12903,5146,-5201,-538,-221,-1149,walking,0.00,0,0,0,0,0
1779983918782,-12948,5129,-5316,-490,-236,-1097,walking,0.00,0,0,0,0,0
1779983918809,-12651,5327,-5566,-446,-245,-1036,walking,0.00,0,0,0,0,0
1779983918809,-12614,5394,-5825,-416,-276,-1010,walking,0.00,0,0,0,0,0
1779983918810,-12917,5379,-6065,-399,-315,-998,walking,0.00,0,0,0,0,0
1779983918834,-13164,5575,-6360,-382,-350,-979,walking,0.00,0,0,0,0,0
1779983918835,-13237,5832,-6649,-347,-374,-956,walking,0.00,0,0,0,0,0
1779983918836,-13305,6044,-6976,-302,-391,-944,walking,0.00,0,0,0,0,0
1779983918865,-13289,6131,-7238,-258,-407,-942,walking,0.00,0,0,0,0,0
1779983918866,-13195,6329,-7492,-211,-421,-939,walking,0.00,0,0,0,0,0
1779983918868,-13216,6481,-7636,-147,-431,-936,walking,0.00,0,0,0,0,0
1779983918897,-13052,6668,-7712,-60,-430,-924,walking,0.00,0,0,0,0,0
1779983918898,-12887,6810,-7794,50,-421,-899,walking,0.00,0,0,0,0,0
1779983918899,-13014,6790,-7769,164,-409,-857,walking,0.00,0,0,0,0,0
1779983918923,-13460,6758,-7677,276,-396,-801,walking,0.00,0,0,0,0,0
1779983918923,-14217,6724,-7392,374,-383,-742,walking,0.00,0,0,0,0,0
1779983918924,-15283,6673,-7092,451,-371,-684,walking,0.00,0,0,0,0,0
1779983918955,-16598,6590,-6741,505,-361,-631,walking,0.00,0,0,0,0,0
1779983918956,-17925,6329,-6385,533,-348,-583,walking,0.00,0,0,0,0,0
1779983918957,-19073,5908,-6094,540,-328,-509,walking,0.00,0,0,0,0,0
1779983918984,-19834,5499,-5933,518,-296,-404,walking,0.00,0,0,0,0,0
1779983918985,-19943,5232,-5901,469,-262,-283,walking,0.00,0,0,0,0,0
1779983918985,-19948,4927,-5900,387,-251,-170,walking,0.00,0,0,0,0,0
1779983919016,-20772,4806,-5689,267,-256,-58,walking,0.00,0,0,0,0,0
1779983919017,-21716,5108,-5406,137,-246,52,walking,0.00,0,0,0,0,0
1779983919017,-22636,5532,-5106,36,-223,134,walking,0.00,0,0,0,0,0
1779983919048,-23254,5918,-5033,-30,-196,186,walking,0.00,0,0,0,0,0
1779983919048,-23079,6359,-5282,-66,-181,203,walking,0.00,0,0,0,0,0
1779983919049,-21776,6334,-5394,-64,-181,193,walking,0.00,0,0,0,0,0
1779983919074,-19803,6125,-5618,-27,-166,214,walking,0.00,0,0,0,0,0
1779983919074,-17612,5960,-5884,53,-143,293,walking,0.00,0,0,0,0,0
1779983919076,-15713,5756,-5912,179,-115,421,walking,0.00,0,0,0,0,0
1779983919106,-14228,5428,-5603,338,-79,583,walking,0.00,0,0,0,0,0
1779983919107,-13601,5064,-4471,675,0,906,walking,0.00,0,0,0,0,0
1779983919108,-13987,5326,-3996,835,38,1023,walking,0.00,0,0,0,0,0
1779983919134,-14720,5684,-3591,990,66,1088,walking,0.00,0,0,0,0,0
1779983919134,-15464,5950,-3261,1139,95,1104,walking,0.00,0,0,0,0,0
1779983919135,-16254,6179,-3188,1274,127,1089,walking,0.00,0,0,0,0,0
1779983919166,-17093,6400,-3068,1374,155,1051,walking,0.00,0,0,0,0,0
1779983919168,-17935,6383,-2901,1436,188,991,walking,0.00,0,0,0,0,0
1779983919169,-18555,5997,-2846,1448,238,919,walking,0.00,0,0,0,0,0
1779983919200,-18904,5747,-2751,1404,290,862,walking,0.00,0,0,0,0,0
1779983919201,-19163,5437,-2713,1295,353,844,walking,0.00,0,0,0,0,0
1779983919202,-19128,4773,-2763,1141,443,864,walking,0.00,0,0,0,0,0
1779983919228,-18902,4345,-2689,988,506,919,walking,0.00,0,0,0,0,0
1779983919229,-18795,3667,-2555,808,545,957,walking,0.00,0,0,0,0,0
1779983919231,-18409,3201,-2790,572,600,999,walking,0.00,0,0,0,0,0
1779983919257,-17706,3237,-3091,307,630,1038,walking,0.00,0,0,0,0,0
1779983919257,-16996,3223,-3192,59,632,1057,walking,0.00,0,0,0,0,0
1779983919258,-16111,3311,-3318,-142,637,1094,walking,0.00,0,0,0,0,0
1779983919285,-15274,3505,-3424,-286,635,1152,walking,0.00,0,0,0,0,0
1779983919288,-14561,3792,-3558,-371,645,1231,walking,0.00,0,0,0,0,0
1779983919289,-13859,3999,-3631,-408,655,1307,walking,0.00,0,0,0,0,0
1779983919314,-13490,4414,-3510,-412,653,1369,walking,0.00,0,0,0,0,0
1779983919314,-12939,4684,-3513,-390,680,1431,walking,0.00,0,0,0,0,0
1779983919315,-12060,4645,-3454,-362,695,1456,walking,0.00,0,0,0,0,0
1779983919347,-11884,4565,-3293,-344,688,1472,walking,0.00,0,0,0,0,0
1779983919347,-11473,4925,-3268,-321,698,1506,walking,0.00,0,0,0,0,0
1779983919348,-11010,5213,-3305,-286,702,1508,walking,0.00,0,0,0,0,0
1779983919375,-10850,5283,-3204,-260,693,1484,walking,0.00,0,0,0,0,0
1779983919375,-10443,5703,-3229,-242,678,1448,walking,0.00,0,0,0,0,0
1779983919376,-10348,5856,-3255,-231,644,1358,walking,0.00,0,0,0,0,0
1779983919406,-10393,5833,-3168,-218,604,1284,walking,0.00,0,0,0,0,0
1779983919407,-10376,6064,-3277,-197,581,1260,walking,0.00,0,0,0,0,0
1779983919407,-10339,6432,-3466,-164,569,1253,walking,0.00,0,0,0,0,0
1779983919433,-10339,6727,-3573,-110,561,1232,walking,0.00,0,0,0,0,0
1779983919434,-10236,6907,-3736,-41,549,1187,walking,0.00,0,0,0,0,0
1779983919435,-10267,7247,-3946,34,531,1122,walking,0.00,0,0,0,0,0
1779983919467,-10405,7535,-4167,108,502,1035,walking,0.00,0,0,0,0,0
1779983919467,-10580,7666,-4317,179,471,934,walking,0.00,0,0,0,0,0
1779983919468,-10865,7804,-4544,231,439,836,walking,0.00,0,0,0,0,0
1779983919497,-11266,8045,-4777,258,403,745,walking,0.00,0,0,0,0,0
1779983919497,-11774,8479,-4896,264,362,645,walking,0.00,0,0,0,0,0
1779983919498,-12635,8801,-4972,262,309,510,walking,0.00,0,0,0,0,0
1779983919525,-13434,9059,-5058,260,269,369,walking,0.00,0,0,0,0,0
1779983919526,-14112,9284,-5175,260,242,239,walking,0.00,0,0,0,0,0
1779983919533,-14488,9267,-5285,253,212,100,walking,0.00,0,0,0,0,0
1779983919555,-15102,8977,-5464,214,161,-56,walking,0.00,0,0,0,0,0
1779983919556,-15767,8651,-5676,136,109,-193,walking,0.00,0,0,0,0,0
1779983919557,-16232,8389,-5875,43,53,-304,walking,0.00,0,0,0,0,0
1779983919583,-16486,8133,-6078,-48,-4,-400,walking,0.00,0,0,0,0,0
1779983919584,-16584,7966,-6271,-126,-57,-483,walking,0.00,0,0,0,0,0
1779983919585,-16680,7885,-6481,-185,-108,-558,walking,0.00,0,0,0,0,0
1779983919616,-16798,7914,-6593,-219,-151,-626,walking,0.00,0,0,0,0,0
1779983919617,-16922,8051,-6632,-225,-180,-699,walking,0.00,0,0,0,0,0
1779983919617,-17004,8204,-6614,-205,-196,-786,walking,0.00,0,0,0,0,0
1779983919651,-17138,8238,-6647,-176,-202,-889,walking,0.00,0,0,0,0,0
1779983919652,-17401,8022,-6517,-159,-206,-1005,walking,0.00,0,0,0,0,0
1779983919653,-17506,7599,-6323,-153,-209,-1120,walking,0.00,0,0,0,0,0
1779983919675,-16841,6909,-6249,-144,-199,-1218,walking,0.00,0,0,0,0,0
1779983919680,-15453,5922,-6403,-138,-180,-1282,walking,0.00,0,0,0,0,0
1779983919680,-14071,4934,-6491,-150,-172,-1286,walking,0.00,0,0,0,0,0
1779983919706,-13036,4212,-6326,-197,-171,-1235,walking,0.00,0,0,0,0,0
1779983919707,-12754,3958,-6172,-275,-167,-1155,walking,0.00,0,0,0,0,0
1779983919707,-13348,4298,-6007,-342,-172,-1072,walking,0.00,0,0,0,0,0
1779983919734,-14563,4941,-5792,-371,-181,-1034,walking,0.00,0,0,0,0,0
1779983919737,-15855,5626,-5574,-342,-193,-1047,walking,0.00,0,0,0,0,0
1779983919738,-16833,6016,-5312,-253,-193,-1090,walking,0.00,0,0,0,0,0
1779983919765,-17283,5837,-5293,-134,-177,-1133,walking,0.00,0,0,0,0,0
1779983919767,-17348,5121,-5186,-51,-163,-1148,walking,0.00,0,0,0,0,0
1779983919768,-17135,4258,-5022,-47,-145,-1112,walking,0.00,0,0,0,0,0
1779983919799,-16912,3762,-4950,-110,-122,-1037,walking,0.00,0,0,0,0,0
1779983919799,-16746,3646,-4849,-224,-95,-973,walking,0.00,0,0,0,0,0
1779983919800,-16478,3480,-4803,-363,-64,-946,walking,0.00,0,0,0,0,0
1779983919829,-16202,3233,-4734,-509,-41,-940,walking,0.00,0,0,0,0,0
1779983919830,-15463,3523,-4660,-644,-16,-902,walking,0.00,0,0,0,0,0
1779983919831,-14240,4236,-4885,-731,13,-842,walking,0.00,0,0,0,0,0
1779983919858,-13250,4521,-4955,-773,3,-826,walking,0.00,0,0,0,0,0
1779983919859,-13063,4534,-4825,-792,-28,-818,walking,0.00,0,0,0,0,0
1779983919860,-12449,4664,-4856,-794,-28,-785,walking,0.00,0,0,0,0,0
1779983919888,-11953,4773,-4944,-790,-39,-789,walking,0.00,0,0,0,0,0
1779983919889,-11643,4831,-4935,-778,-57,-794,walking,0.00,0,0,0,0,0
1779983919890,-11458,5003,-4836,-747,-62,-774,walking,0.00,0,0,0,0,0
1779983919913,-11520,5243,-4810,-684,-50,-729,walking,0.00,0,0,0,0,0
1779983919914,-11319,5055,-4814,-621,-32,-714,walking,0.00,0,0,0,0,0
1779983919915,-11228,4923,-4667,-576,-29,-678,walking,0.00,0,0,0,0,0
1779983919949,-11223,5352,-4607,-541,-24,-604,walking,0.00,0,0,0,0,0
1779983919950,-11371,5533,-4677,-505,-40,-579,walking,0.00,0,0,0,0,0
1779983919950,-11487,5439,-4927,-493,-76,-600,walking,0.00,0,0,0,0,0
1779983919972,-11571,5452,-5188,-506,-121,-635,walking,0.00,0,0,0,0,0
1779983919972,-11687,5634,-5483,-524,-162,-673,walking,0.00,0,0,0,0,0
1779983919973,-11890,5695,-5688,-520,-195,-711,walking,0.00,0,0,0,0,0
1779983920002,-12100,5434,-5849,-504,-218,-737,walking,0.00,0,0,0,0,0
1779983920003,-12276,5328,-6027,-491,-236,-742,walking,0.00,0,0,0,0,0
1779983920003,-12614,5396,-6081,-472,-254,-739,walking,0.00,0,0,0,0,0
1779983920032,-13035,5508,-6034,-444,-271,-740,walking,0.00,0,0,0,0,0
1779983920033,-13349,5561,-6050,-420,-285,-754,walking,0.00,0,0,0,0,0
1779983920035,-13307,5710,-6115,-401,-298,-773,walking,0.00,0,0,0,0,0
1779983920062,-13240,5794,-6059,-375,-319,-794,walking,0.00,0,0,0,0,0
1779983920062,-13269,5798,-6094,-347,-342,-811,walking,0.00,0,0,0,0,0
1779983920070,-13554,5961,-6248,-316,-367,-820,walking,0.00,0,0,0,0,0
1779983920092,-14216,6107,-6311,-282,-400,-825,walking,0.00,0,0,0,0,0
1779983920093,-15214,6331,-6390,-246,-432,-830,walking,0.00,0,0,0,0,0
1779983920093,-16234,6411,-6355,-204,-452,-834,walking,0.00,0,0,0,0,0
1779983920125,-17280,6336,-6401,-164,-460,-836,walking,0.00,0,0,0,0,0
1779983920125,-18449,6173,-6260,-132,-469,-829,walking,0.00,0,0,0,0,0
1779983920127,-19202,5962,-6150,-108,-462,-791,walking,0.00,0,0,0,0,0
1779983920154,-19417,5795,-6087,-88,-439,-729,walking,0.00,0,0,0,0,0
1779983920154,-19148,5645,-6047,-75,-413,-651,walking,0.00,0,0,0,0,0
1779983920154,-18895,5298,-5862,-81,-397,-570,walking,0.00,0,0,0,0,0
1779983920186,-18723,5099,-5685,-111,-386,-477,walking,0.00,0,0,0,0,0
1779983920186,-19025,5162,-5544,-152,-383,-381,walking,0.00,0,0,0,0,0
1779983920186,-19414,5494,-5465,-187,-382,-297,walking,0.00,0,0,0,0,0
1779983920216,-20655,6695,-5624,-176,-389,-210,walking,0.00,0,0,0,0,0
1779983920216,-21344,7483,-5828,-144,-389,-193,walking,0.00,0,0,0,0,0
1779983920217,-21266,7506,-6126,-101,-396,-236,walking,0.00,0,0,0,0,0
1779983920244,-20751,6826,-5795,-66,-396,-284,walking,0.00,0,0,0,0,0
1779983920245,-18185,6804,-5849,14,-303,-207,walking,0.00,0,0,0,0,0
1779983920245,-15518,6226,-5750,145,-238,-100,walking,0.00,0,0,0,0,0
1779983920278,-13965,5386,-5226,259,-212,40,walking,0.00,0,0,0,0,0
1779983920278,-13191,5041,-4888,356,-183,214,walking,0.00,0,0,0,0,0
1779983920278,-13081,5121,-4585,465,-153,390,walking,0.00,0,0,0,0,0
1779983920304,-13696,5431,-4314,608,-126,548,walking,0.00,0,0,0,0,0
1779983920304,-14360,5963,-4103,781,-93,659,walking,0.00,0,0,0,0,0
1779983920304,-15110,6183,-3958,963,-53,720,walking,0.00,0,0,0,0,0
1779983920334,-15889,6006,-3855,1108,-3,756,walking,0.00,0,0,0,0,0
1779983920337,-16611,5885,-3767,1203,59,799,walking,0.00,0,0,0,0,0
1779983920338,-17226,5849,-3661,1256,124,845,walking,0.00,0,0,0,0,0
1779983920364,-17692,5803,-3552,1268,182,869,walking,0.00,0,0,0,0,0
1779983920364,-17965,5677,-3418,1248,233,871,walking,0.00,0,0,0,0,0
1779983920364,-18064,5480,-3315,1194,268,859,walking,0.00,0,0,0,0,0
1779983920396,-18018,5243,-3315,1113,294,847,walking,0.00,0,0,0,0,0
1779983920397,-17983,4950,-3307,1015,313,843,walking,0.00,0,0,0,0,0
1779983920398,-17734,4670,-3347,910,335,853,walking,0.00,0,0,0,0,0
1779983920423,-17417,4878,-3641,816,363,886,walking,0.00,0,0,0,0,0
1779983920423,-16963,4561,-3440,750,379,923,walking,0.00,0,0,0,0,0
1779983920424,-16720,3474,-3540,689,424,918,walking,0.00,0,0,0,0,0
1779983920456,-16079,3242,-3764,554,476,953,walking,0.00,0,0,0,0,0
1779983920457,-15493,3568,-3612,412,501,1026,walking,0.00,0,0,0,0,0
1779983920457,-14998,3958,-3529,332,536,1099,walking,0.00,0,0,0,0,0
1779983920487,-14689,4234,-3402,302,560,1169,walking,0.00,0,0,0,0,0
1779983920488,-14369,4433,-3367,307,582,1246,walking,0.00,0,0,0,0,0
1779983920489,-14220,4332,-3331,337,603,1337,walking,0.00,0,0,0,0,0
1779983920514,-13822,4483,-3354,374,632,1451,walking,0.00,0,0,0,0,0
1779983920515,-13450,4652,-3500,415,661,1540,walking,0.00,0,0,0,0,0
1779983920515,-13274,4549,-3659,435,672,1605,walking,0.00,0,0,0,0,0
1779983920545,-12923,4893,-3771,433,683,1663,walking,0.00,0,0,0,0,0
1779983920545,-12599,5340,-4000,428,689,1684,walking,0.00,0,0,0,0,0
1779983920546,-12548,5569,-4083,422,676,1681,walking,0.00,0,0,0,0,0
1779983920573,-12863,5646,-4034,397,670,1679,walking,0.00,0,0,0,0,0
1779983920574,-12899,5824,-4009,353,694,1703,walking,0.00,0,0,0,0,0
1779983920574,-12403,6132,-4122,308,732,1713,walking,0.00,0,0,0,0,0
1779983920604,-12426,6769,-4159,263,739,1691,walking,0.00,0,0,0,0,0
1779983920605,-12627,7456,-4099,238,736,1623,walking,0.00,0,0,0,0,0
1779983920606,-12597,7275,-4164,222,740,1496,walking,0.00,0,0,0,0,0
1779983920642,-12397,7134,-4232,195,737,1411,walking,0.00,0,0,0,0,0
1779983920643,-12246,7296,-4362,148,736,1370,walking,0.00,0,0,0,0,0
1779983920644,-12087,7470,-4467,97,730,1326,walking,0.00,0,0,0,0,0
1779983920665,-12079,7637,-4499,56,716,1273,walking,0.00,0,0,0,0,0
1779983920666,-11959,7888,-4662,25,709,1217,walking,0.00,0,0,0,0,0
1779983920667,-11840,8151,-4824,0,696,1142,walking,0.00,0,0,0,0,0
1779983920696,-11840,8494,-5001,-20,665,1045,walking,0.00,0,0,0,0,0
1779983920697,-12167,8862,-5125,-37,614,927,walking,0.00,0,0,0,0,0
1779983920698,-12946,9299,-5110,-43,566,811,walking,0.00,0,0,0,0,0
1779983920724,-13541,9831,-5155,-19,548,708,walking,0.00,0,0,0,0,0
1779983920725,-13821,10046,-5312,23,523,580,walking,0.00,0,0,0,0,0
1779983920725,-14251,9897,-5424,62,474,437,walking,0.00,0,0,0,0,0
1779983920754,-14525,9496,-5517,86,421,313,walking,0.00,0,0,0,0,0
1779983920755,-14538,9075,-5639,95,366,207,walking,0.00,0,0,0,0,0
1779983920755,-14410,8604,-5900,89,305,119,walking,0.00,0,0,0,0,0
1779983920789,-14135,8160,-6126,78,246,44,walking,0.00,0,0,0,0,0
1779983920790,-13782,7741,-6270,72,191,-14,walking,0.00,0,0,0,0,0
1779983920790,-13486,7538,-6408,64,144,-59,walking,0.00,0,0,0,0,0
1779983920814,-13418,7577,-6502,50,106,-112,walking,0.00,0,0,0,0,0
1779983920820,-13950,7811,-6466,19,69,-189,walking,0.00,0,0,0,0,0
1779983920821,-14899,8101,-6325,-11,42,-297,walking,0.00,0,0,0,0,0
1779983920848,-15456,8198,-6070,-21,28,-430,walking,0.00,0,0,0,0,0
1779983920849,-15477,8160,-6090,-19,20,-578,walking,0.00,0,0,0,0,0
1779983920849,-15568,7940,-6150,-42,-1,-737,walking,0.00,0,0,0,0,0
1779983920878,-15805,7445,-6080,-111,-44,-893,walking,0.00,0,0,0,0,0
1779983920879,-15875,6813,-5994,-209,-86,-1024,walking,0.00,0,0,0,0,0
1779983920880,-15265,6169,-6046,-310,-111,-1112,walking,0.00,0,0,0,0,0
1779983920904,-14115,5427,-6138,-394,-131,-1152,walking,0.00,0,0,0,0,0
1779983920905,-13040,4777,-6172,-455,-164,-1140,walking,0.00,0,0,0,0,0
1779983920906,-12438,4500,-6179,-508,-209,-1098,walking,0.00,0,0,0,0,0
1779983920941,-12465,4608,-6304,-561,-266,-1062,walking,0.00,0,0,0,0,0
1779983920942,-13134,5209,-6441,-582,-333,-1054,walking,0.00,0,0,0,0,0
1779983920943,-14116,6022,-6487,-535,-393,-1081,walking,0.00,0,0,0,0,0
1779983920970,-14963,6789,-6491,-400,-434,-1136,walking,0.00,0,0,0,0,0
1779983920970,-15693,7055,-6504,-187,-460,-1204,walking,0.00,0,0,0,0,0
1779983920971,-16352,6708,-6334,33,-472,-1261,walking,0.00,0,0,0,0,0
1779983920994,-16831,6039,-6128,198,-470,-1292,walking,0.00,0,0,0,0,0
1779983920996,-17001,5429,-5851,283,-453,-1297,walking,0.00,0,0,0,0,0
1779983920997,-16858,5010,-5625,305,-420,-1286,walking,0.00,0,0,0,0,0
1779983921029,-16596,4553,-5357,294,-384,-1265,walking,0.00,0,0,0,0,0
1779983921030,-15951,4344,-5269,255,-348,-1227,walking,0.00,0,0,0,0,0
1779983921030,-15408,4098,-5165,187,-329,-1203,walking,0.00,0,0,0,0,0
1779983921055,-15047,3263,-5143,75,-314,-1229,walking,0.00,0,0,0,0,0
1779983921056,-14414,2840,-5355,-91,-299,-1226,walking,0.00,0,0,0,0,0
1779983921056,-13200,3343,-5611,-266,-298,-1179,walking,0.00,0,0,0,0,0
1779983921084,-13071,4042,-5414,-386,-325,-1140,walking,0.00,0,0,0,0,0
1779983921084,-12646,4463,-5469,-446,-326,-1139,walking,0.00,0,0,0,0,0
1779983921087,-12663,4094,-5622,-490,-333,-1191,walking,0.00,0,0,0,0,0
1779983921114,-12788,4415,-5655,-540,-323,-1180,walking,0.00,0,0,0,0,0
1779983921115,-12766,4996,-5696,-559,-286,-1148,walking,0.00,0,0,0,0,0
1779983921115,-12648,5205,-5560,-530,-250,-1140,walking,0.00,0,0,0,0,0
1779983921145,-12571,5108,-5433,-486,-228,-1129,walking,0.00,0,0,0,0,0
1779983921146,-12454,5063,-5369,-454,-221,-1094,walking,0.00,0,0,0,0,0
1779983921147,-12364,5157,-5384,-434,-227,-1052,walking,0.00,0,0,0,0,0
1779983921174,-12296,5232,-5417,-409,-239,-1011,walking,0.00,0,0,0,0,0
1779983921181,-12082,5227,-5587,-373,-251,-977,walking,0.00,0,0,0,0,0
1779983921181,-11925,5169,-5766,-334,-270,-949,walking,0.00,0,0,0,0,0
1779983921205,-11804,5169,-6001,-297,-286,-920,walking,0.00,0,0,0,0,0
1779983921206,-11849,5170,-6131,-259,-299,-890,walking,0.00,0,0,0,0,0
1779983921206,-11882,5209,-6185,-227,-308,-861,walking,0.00,0,0,0,0,0
1779983921235,-12034,5345,-6279,-197,-320,-838,walking,0.00,0,0,0,0,0
1779983921238,-12151,5554,-6302,-160,-333,-824,walking,0.00,0,0,0,0,0
1779983921238,-12254,5725,-6343,-117,-340,-816,walking,0.00,0,0,0,0,0
1779983921263,-12414,5759,-6384,-72,-347,-807,walking,0.00,0,0,0,0,0
1779983921263,-12681,5770,-6383,-37,-353,-794,walking,0.00,0,0,0,0,0
1779983921264,-13051,5658,-6399,-21,-357,-782,walking,0.00,0,0,0,0,0
1779983921295,-13359,5516,-6406,-27,-357,-757,walking,0.00,0,0,0,0,0
1779983921296,-13796,5627,-6485,-53,-357,-724,walking,0.00,0,0,0,0,0
1779983921296,-14638,6062,-6653,-92,-353,-656,walking,0.00,0,0,0,0,0
1779983921323,-15753,5940,-6545,-104,-375,-641,walking,0.00,0,0,0,0,0
1779983921323,-16795,6086,-6435,-108,-374,-584,walking,0.00,0,0,0,0,0
1779983921323,-17544,6225,-6379,-92,-353,-508,walking,0.00,0,0,0,0,0
1779983921355,-18149,6154,-6299,-66,-327,-429,walking,0.00,0,0,0,0,0
1779983921356,-18511,5991,-6185,-37,-307,-330,walking,0.00,0,0,0,0,0
1779983921356,-18548,5779,-6155,-5,-290,-220,walking,0.00,0,0,0,0,0
1779983921385,-18451,5442,-6113,14,-289,-113,walking,0.00,0,0,0,0,0
1779983921415,-18065,5204,-6168,16,-296,-1,walking,0.00,0,0,0,0,0
1779983921419,-17793,5086,-6248,4,-315,89,walking,0.00,0,0,0,0,0
1779983921427,-17543,5231,-6353,-2,-339,166,walking,0.00,0,0,0,0,0
1779983921428,-17189,5520,-6461,14,-360,231,walking,0.00,0,0,0,0,0
1779983921429,-16588,5719,-6573,55,-375,284,walking,0.00,0,0,0,0,0
1779983921447,-15863,5905,-6650,113,-384,335,walking,0.00,0,0,0,0,0
1779983921448,-15399,6184,-6690,183,-400,385,walking,0.00,0,0,0,0,0
1779983921449,-15767,6669,-6431,264,-421,423,walking,0.00,0,0,0,0,0
1779983921478,-16658,7141,-6114,364,-428,439,walking,0.00,0,0,0,0,0
1779983921478,-17683,7759,-5843,495,-418,442,walking,0.00,0,0,0,0,0
1779983921479,-18302,8205,-5606,666,-387,423,walking,0.00,0,0,0,0,0
1779983921507,-18523,8039,-5272,868,-336,398,walking,0.00,0,0,0,0,0
1779983921508,-18191,7224,-4927,1051,-265,400,walking,0.00,0,0,0,0,0
1779983921509,-17595,6378,-4603,1172,-194,440,walking,0.00,0,0,0,0,0
1779983921536,-17355,5901,-4252,1236,-142,498,walking,0.00,0,0,0,0,0
1779983921537,-17613,5734,-4026,1259,-105,549,walking,0.00,0,0,0,0,0
1779983921537,-18120,5712,-3883,1276,-65,581,walking,0.00,0,0,0,0,0
1779983921569,-18613,5740,-3800,1301,-12,592,walking,0.00,0,0,0,0,0
1779983921570,-18931,5726,-3761,1334,49,591,walking,0.00,0,0,0,0,0
1779983921571,-18817,5696,-3719,1355,108,590,walking,0.00,0,0,0,0,0
1779983921593,-18488,5744,-3646,1364,150,588,walking,0.00,0,0,0,0,0
1779983921594,-18062,5785,-3519,1373,172,583,walking,0.00,0,0,0,0,0
1779983921594,-17622,5749,-3404,1387,179,579,walking,0.00,0,0,0,0,0
1779983921623,-17149,5382,-3346,1402,181,587,walking,0.00,0,0,0,0,0
1779983921623,-16682,4743,-3284,1411,205,625,walking,0.00,0,0,0,0,0
1779983921624,-16075,4319,-3370,1403,261,709,walking,0.00,0,0,0,0,0
1779983921657,-15561,3590,-3363,1361,325,832,walking,0.00,0,0,0,0,0
1779983921658,-15129,2780,-3338,1275,404,969,walking,0.00,0,0,0,0,0
1779983921662,-14655,2469,-3274,1120,477,1115,walking,0.00,0,0,0,0,0
1779983921685,-14355,2566,-3265,937,527,1270,walking,0.00,0,0,0,0,0
1779983921686,-14051,2827,-3349,775,570,1402,walking,0.00,0,0,0,0,0
1779983921687,-13980,3152,-3340,634,599,1496,walking,0.00,0,0,0,0,0
1779983921713,-13524,3814,-3511,511,631,1570,walking,0.00,0,0,0,0,0
1779983921714,-13692,4017,-3366,416,632,1595,walking,0.00,0,0,0,0,0
1779983921715,-13479,4383,-3702,353,670,1668,walking,0.00,0,0,0,0,0
1779983921745,-13396,4844,-3835,293,697,1741,walking,0.00,0,0,0,0,0
1779983921746,-13643,5456,-3752,249,734,1814,walking,0.00,0,0,0,0,0
1779983921747,-13137,5891,-3812,235,794,1877,walking,0.00,0,0,0,0,0
1779983921776,-13040,5950,-3790,224,809,1879,walking,0.00,0,0,0,0,0
1779983921777,-12826,6313,-3865,201,814,1882,walking,0.00,0,0,0,0,0
1779983921777,-12613,6617,-3928,186,814,1865,walking,0.00,0,0,0,0,0
1779983921804,-12694,7094,-3976,194,806,1861,walking,0.00,0,0,0,0,0
1779983921805,-12536,7429,-4223,220,806,1844,walking,0.00,0,0,0,0,0
1779983921806,-12510,7552,-4405,244,791,1785,walking,0.00,0,0,0,0,0
1779983921838,-12766,7703,-4495,256,771,1731,walking,0.00,0,0,0,0,0
1779983921839,-12968,7907,-4617,271,769,1680,walking,0.00,0,0,0,0,0
1779983921840,-13009,8203,-4727,288,765,1607,walking,0.00,0,0,0,0,0
1779983921863,-13055,8337,-4749,318,752,1512,walking,0.00,0,0,0,0,0
1779983921864,-12834,8253,-4806,350,744,1410,walking,0.00,0,0,0,0,0
1779983921865,-12508,8077,-4940,366,723,1304,walking,0.00,0,0,0,0,0
1779983921896,-12330,7961,-5043,364,682,1211,walking,0.00,0,0,0,0,0
1779983921898,-12323,8051,-5080,353,636,1131,walking,0.00,0,0,0,0,0
1779983921898,-12403,8375,-5179,349,599,1054,walking,0.00,0,0,0,0,0
1779983921927,-12659,8546,-5419,358,559,951,walking,0.00,0,0,0,0,0
1779983921928,-13067,8547,-5634,373,519,839,walking,0.00,0,0,0,0,0
1779983921929,-13484,8474,-5743,391,480,731,walking,0.00,0,0,0,0,0
1779983921954,-13747,8205,-5771,407,438,623,walking,0.00,0,0,0,0,0
1779983921956,-13895,7826,-5875,399,390,513,walking,0.00,0,0,0,0,0
1779983921957,-13999,7345,-5982,362,334,409,walking,0.00,0,0,0,0,0
1779983921986,-14148,6996,-6168,300,264,319,walking,0.00,0,0,0,0,0
1779983921986,-14352,6937,-6418,223,176,233,walking,0.00,0,0,0,0,0
1779983921987,-14565,6917,-6571,146,84,135,walking,0.00,0,0,0,0,0
1779983922014,-14727,6786,-6766,72,-2,25,walking,0.00,0,0,0,0,0
1779983922014,-14892,6794,-6993,-11,-87,-93,walking,0.00,0,0,0,0,0
1779983922018,-15314,7012,-7038,-103,-166,-233,walking,0.00,0,0,0,0,0
1779983922046,-15920,7317,-7036,-197,-231,-402,walking,0.00,0,0,0,0,0
1779983922047,-16319,7578,-6988,-278,-282,-593,walking,0.00,0,0,0,0,0
1779983922047,-16284,7713,-6838,-336,-331,-800,walking,0.00,0,0,0,0,0
1779983922081,-15730,7556,-6743,-372,-382,-997,walking,0.00,0,0,0,0,0
1779983922082,-14834,7152,-6730,-397,-437,-1160,walking,0.00,0,0,0,0,0
1779983922082,-14008,6629,-6745,-415,-502,-1277,walking,0.00,0,0,0,0,0
1779983922105,-13344,6167,-6726,-418,-562,-1349,walking,0.00,0,0,0,0,0
1779983922106,-12735,5726,-6661,-388,-602,-1387,walking,0.00,0,0,0,0,0
1779983922106,-12241,5527,-6714,-324,-627,-1399,walking,0.00,0,0,0,0,0
1779983922135,-12163,5535,-6630,-240,-645,-1396,walking,0.00,0,0,0,0,0
1779983922136,-12631,5553,-6391,-135,-664,-1392,walking,0.00,0,0,0,0,0
1779983922136,-13751,5549,-6030,-4,-679,-1389,walking,0.00,0,0,0,0,0
1779983922164,-15095,5431,-5752,140,-685,-1386,walking,0.00,0,0,0,0,0
1779983922165,-16145,5258,-5434,279,-667,-1381,walking,0.00,0,0,0,0,0
1779983922166,-16712,4847,-5206,389,-625,-1373,walking,0.00,0,0,0,0,0
1779983922194,-16859,4255,-5035,444,-576,-1351,walking,0.00,0,0,0,0,0
1779983922196,-16780,3576,-4814,422,-537,-1315,walking,0.00,0,0,0,0,0
1779983922196,-16741,2982,-4611,332,-501,-1271,walking,0.00,0,0,0,0,0
1779983922231,-16798,2616,-4487,178,-460,-1220,walking,0.00,0,0,0,0,0
1779983922232,-16623,2410,-4416,-15,-417,-1163,walking,0.00,0,0,0,0,0
1779983922232,-15794,2754,-4636,-211,-382,-1110,walking,0.00,0,0,0,0,0
1779983922259,-15373,3158,-4611,-402,-374,-1104,walking,0.00,0,0,0,0,0
1779983922260,-15100,2956,-4684,-581,-377,-1166,walking,0.00,0,0,0,0,0
1779983922261,-14369,2645,-4883,-755,-367,-1186,walking,0.00,0,0,0,0,0
1779983922284,-13362,3573,-5122,-892,-340,-1096,walking,0.00,0,0,0,0,0
1779983922285,-12832,4907,-5248,-932,-323,-1005,walking,0.00,0,0,0,0,0
1779983922286,-12632,5030,-5167,-893,-321,-1017,walking,0.00,0,0,0,0,0
1779983922313,-12544,4688,-5253,-850,-312,-1047,walking,0.00,0,0,0,0,0
1779983922314,-12448,4884,-5171,-821,-299,-1025,walking,0.00,0,0,0,0,0
1779983922314,-12377,5394,-5043,-766,-277,-979,walking,0.00,0,0,0,0,0
1779983922344,-12216,5680,-5025,-679,-266,-957,walking,0.00,0,0,0,0,0
1779983922346,-12179,5870,-5002,-579,-275,-939,walking,0.00,0,0,0,0,0
1779983922346,-12127,6038,-5065,-471,-286,-903,walking,0.00,0,0,0,0,0
1779983922380,-12058,5914,-5261,-361,-301,-876,walking,0.00,0,0,0,0,0
1779983922381,-12265,5517,-5446,-278,-319,-866,walking,0.00,0,0,0,0,0
1779983922382,-12386,5257,-5675,-233,-327,-841,walking,0.00,0,0,0,0,0
1779983922405,-12396,5126,-5924,-232,-338,-833,walking,0.00,0,0,0,0,0
1779983922410,-12778,5334,-6207,-298,-368,-871,walking,0.00,0,0,0,0,0
1779983922410,-12950,5438,-6310,-325,-383,-901,walking,0.00,0,0,0,0,0
1779983922438,-13086,5508,-6499,-337,-398,-921,walking,0.00,0,0,0,0,0
1779983922438,-13304,5685,-6623,-341,-412,-929,walking,0.00,0,0,0,0,0
1779983922439,-13486,5824,-6803,-330,-419,-932,walking,0.00,0,0,0,0,0
1779983922468,-13512,5826,-6912,-296,-421,-934,walking,0.00,0,0,0,0,0
1779983922494,-13386,5771,-7086,-249,-414,-921,walking,0.00,0,0,0,0,0
1779983922495,-13197,5763,-7278,-191,-404,-894,walking,0.00,0,0,0,0,0
1779983922496,-13074,5776,-7376,-127,-401,-860,walking,0.00,0,0,0,0,0
1779983922497,-13229,5726,-7440,-65,-400,-822,walking,0.00,0,0,0,0,0
1779983922498,-13731,5819,-7392,-10,-395,-771,walking,0.00,0,0,0,0,0
1779983922526,-14662,5939,-7249,42,-389,-718,walking,0.00,0,0,0,0,0
1779983922526,-15687,6004,-7152,91,-377,-675,walking,0.00,0,0,0,0,0
1779983922527,-16761,5994,-7007,125,-364,-634,walking,0.00,0,0,0,0,0
1779983922555,-17876,5797,-6794,134,-345,-592,walking,0.00,0,0,0,0,0
1779983922585,-18812,5514,-6697,119,-317,-533,walking,0.00,0,0,0,0,0
1779983922586,-19347,5251,-6496,93,-282,-446,walking,0.00,0,0,0,0,0
1779983922586,-19278,5151,-6388,54,-241,-346,walking,0.00,0,0,0,0,0
1779983922587,-19360,5170,-6315,-3,-222,-236,walking,0.00,0,0,0,0,0
1779983922588,-20252,5393,-6069,-69,-231,-128,walking,0.00,0,0,0,0,0
1779983922617,-22132,6133,-5885,-126,-256,-36,walking,0.00,0,0,0,0,0
1779983922618,-24503,7097,-5757,-146,-286,28,walking,0.00,0,0,0,0,0
1779983922618,-25975,8049,-5817,-97,-286,66,walking,0.00,0,0,0,0,0
1779983922644,-24904,8358,-6300,56,-267,45,walking,0.00,0,0,0,0,0
1779983922644,-23351,6866,-6231,227,-267,-19,walking,0.00,0,0,0,0,0
1779983922645,-19317,6303,-6473,389,-181,103,walking,0.00,0,0,0,0,0
1779983922675,-15436,5684,-6511,568,-128,287,walking,0.00,0,0,0,0,0
1779983922678,-13268,4457,-5962,730,-124,481,walking,0.00,0,0,0,0,0
1779983922678,-12974,3619,-5104,837,-114,701,walking,0.00,0,0,0,0,0
1779983922704,-13255,3905,-4516,915,-80,921,walking,0.00,0,0,0,0,0
1779983922705,-13856,4898,-4114,1033,-58,1088,walking,0.00,0,0,0,0,0
1779983922705,-15106,5481,-3695,1195,-51,1178,walking,0.00,0,0,0,0,0
1779983922735,-16174,5640,-3579,1351,-19,1216,walking,0.00,0,0,0,0,0
1779983922735,-16998,5859,-3535,1467,23,1248,walking,0.00,0,0,0,0,0
1779983922736,-17843,6262,-3569,1540,70,1267,walking,0.00,0,0,0,0,0
1779983922767,-18605,6655,-3724,1577,133,1257,walking,0.00,0,0,0,0,0
1779983922768,-19085,6542,-3771,1577,209,1219,walking,0.00,0,0,0,0,0
1779983922769,-19223,6020,-3645,1524,292,1186,walking,0.00,0,0,0,0,0
1779983922795,-19036,5533,-3365,1413,373,1185,walking,0.00,0,0,0,0,0
1779983922795,-18535,5139,-3083,1266,451,1206,walking,0.00,0,0,0,0,0
1779983922796,-18186,5089,-3069,1110,503,1241,walking,0.00,0,0,0,0,0
1779983922829,-18060,5057,-3074,948,506,1259,walking,0.00,0,0,0,0,0
1779983922830,-18055,4482,-3110,781,498,1253,walking,0.00,0,0,0,0,0
1779983922830,-17633,4213,-3338,617,524,1291,walking,0.00,0,0,0,0,0
1779983922854,-16800,4512,-3781,481,564,1360,walking,0.00,0,0,0,0,0
1779983922855,-16061,4646,-3888,396,594,1404,walking,0.00,0,0,0,0,0
1779983922856,-15063,4274,-3884,358,622,1443,walking,0.00,0,0,0,0,0
1779983922885,-15152,3925,-3602,317,642,1512,walking,0.00,0,0,0,0,0
1779983922887,-13693,4481,-3892,296,735,1659,walking,0.00,0,0,0,0,0
1779983922888,-12749,4321,-3938,281,747,1696,walking,0.00,0,0,0,0,0
1779983922917,-12569,4305,-3794,254,732,1737,walking,0.00,0,0,0,0,0
1779983922918,-12348,4840,-3673,239,737,1814,walking,0.00,0,0,0,0,0
1779983922919,-12035,5406,-3666,272,744,1881,walking,0.00,0,0,0,0,0
1779983922948,-11801,5614,-3656,332,754,1926,walking,0.00,0,0,0,0,0
1779983922949,-11726,5683,-3601,391,767,1957,walking,0.00,0,0,0,0,0
1779983922952,-11623,5863,-3537,434,783,1971,walking,0.00,0,0,0,0,0
1779983922976,-11532,6053,-3524,462,791,1964,walking,0.00,0,0,0,0,0
1779983922977,-11370,6166,-3478,476,791,1938,walking,0.00,0,0,0,0,0
1779983922977,-11187,6299,-3512,471,782,1909,walking,0.00,0,0,0,0,0
1779983923009,-11053,6578,-3577,456,762,1868,walking,0.00,0,0,0,0,0
1779983923010,-10995,6907,-3601,431,730,1799,walking,0.00,0,0,0,0,0
1779983923011,-10773,7337,-3749,404,679,1697,walking,0.00,0,0,0,0,0
1779983923034,-11184,7275,-3696,383,612,1564,walking,0.00,0,0,0,0,0
1779983923035,-11424,7529,-3670,367,581,1468,walking,0.00,0,0,0,0,0
1779983923035,-11034,7543,-3769,363,565,1343,walking,0.00,0,0,0,0,0
1779983923064,-10657,7042,-3968,347,531,1185,walking,0.00,0,0,0,0,0
1779983923068,-10574,6946,-4086,297,482,1067,walking,0.00,0,0,0,0,0
1779983923069,-10652,7361,-4166,240,431,984,walking,0.00,0,0,0,0,0
1779983923096,-10933,8094,-4273,203,379,884,walking,0.00,0,0,0,0,0
1779983923096,-11459,8699,-4394,189,321,738,walking,0.00,0,0,0,0,0
1779983923096,-12084,8892,-4445,206,263,577,walking,0.00,0,0,0,0,0
1779983923126,-12716,8776,-4585,257,204,425,walking,0.00,0,0,0,0,0
1779983923126,-13333,8675,-4851,317,145,294,walking,0.00,0,0,0,0,0
1779983923127,-14024,8564,-5085,359,70,177,walking,0.00,0,0,0,0,0
1779983923156,-14693,8360,-5206,379,-11,64,walking,0.00,0,0,0,0,0
1779983923163,-15330,8038,-5452,382,-84,-47,walking,0.00,0,0,0,0,0
1779983923164,-15867,7817,-5704,371,-152,-156,walking,0.00,0,0,0,0,0
1779983923184,-16247,7746,-5822,334,-223,-270,walking,0.00,0,0,0,0,0
1779983923184,-16717,7828,-5988,265,-304,-409,walking,0.00,0,0,0,0,0
1779983923186,-17555,8045,-6185,154,-398,-587,walking,0.00,0,0,0,0,0
1779983923218,-18767,8208,-6226,15,-502,-799,walking,0.00,0,0,0,0,0
1779983923245,-19703,8148,-6311,-119,-594,-1028,walking,0.00,0,0,0,0,0
1779983923246,-19691,7713,-6573,-220,-663,-1236,walking,0.00,0,0,0,0,0
1779983923247,-18458,6928,-6956,-293,-718,-1390,walking,0.00,0,0,0,0,0
1779983923247,-16805,5868,-7286,-358,-766,-1475,walking,0.00,0,0,0,0,0
1779983923251,-15542,4961,-7489,-409,-804,-1489,walking,0.00,0,0,0,0,0
1779983923275,-14579,4558,-7672,-422,-801,-1456,walking,0.00,0,0,0,0,0
1779983923278,-13562,4458,-7762,-376,-761,-1398,walking,0.00,0,0,0,0,0
1779983923278,-12748,4507,-7589,-271,-721,-1331,walking,0.00,0,0,0,0,0
1779983923303,-12654,4514,-7197,-126,-705,-1261,walking,0.00,0,0,0,0,0
1779983923304,-13502,4622,-6630,34,-710,-1201,walking,0.00,0,0,0,0,0
1779983923305,-15102,4829,-5872,199,-727,-1160,walking,0.00,0,0,0,0,0
1779983923337,-16839,4960,-5182,367,-731,-1132,walking,0.00,0,0,0,0,0
1779983923338,-18182,4862,-4630,529,-713,-1100,walking,0.00,0,0,0,0,0
1779983923338,-18800,4450,-4353,655,-679,-1057,walking,0.00,0,0,0,0,0
1779983923367,-18807,3625,-4301,708,-630,-1011,walking,0.00,0,0,0,0,0
1779983923367,-18545,2450,-4435,651,-553,-961,walking,0.00,0,0,0,0,0
1779983923368,-18070,1265,-4717,462,-448,-907,walking,0.00,0,0,0,0,0
1779983923395,-17455,563,-4928,155,-323,-856,walking,0.00,0,0,0,0,0
1779983923396,-16565,369,-4950,-238,-194,-827,walking,0.00,0,0,0,0,0
1779983923397,-15382,742,-4866,-653,-97,-825,walking,0.00,0,0,0,0,0
1779983923428,-14499,1278,-4638,-1048,-43,-863,walking,0.00,0,0,0,0,0
1779983923429,-13569,1808,-4554,-1382,-23,-929,walking,0.00,0,0,0,0,0
1779983923429,-12843,2922,-4760,-1642,-20,-957,walking,0.00,0,0,0,0,0
1779983923454,-12094,3772,-4807,-1803,-40,-1000,walking,0.00,0,0,0,0,0
1779983923455,-12044,4167,-5004,-1868,-80,-1063,walking,0.00,0,0,0,0,0
1779983923456,-11875,4790,-5234,-1860,-102,-1070,walking,0.00,0,0,0,0,0
1779983923486,-11886,5210,-5267,-1788,-117,-1074,walking,0.00,0,0,0,0,0
1779983923487,-11963,5411,-5300,-1676,-114,-1073,walking,0.00,0,0,0,0,0
1779983923488,-11970,5652,-5297,-1537,-92,-1035,walking,0.00,0,0,0,0,0
1779983923522,-11803,5953,-5290,-1379,-69,-980,walking,0.00,0,0,0,0,0
1779983923523,-11466,6272,-5232,-1054,-114,-954,walking,0.00,0,0,0,0,0
1779983923524,-11326,6501,-5222,-880,-155,-941,walking,0.00,0,0,0,0,0
1779983923544,-11201,6574,-5372,-695,-195,-933,walking,0.00,0,0,0,0,0
1779983923545,-11155,6480,-5568,-525,-236,-933,walking,0.00,0,0,0,0,0
1779983923546,-11289,6312,-5709,-381,-280,-947,walking,0.00,0,0,0,0,0
1779983923575,-11857,5807,-5830,-279,-313,-970,walking,0.00,0,0,0,0,0
1779983923576,-12194,5598,-5910,-222,-330,-974,walking,0.00,0,0,0,0,0
1779983923576,-12473,5470,-5924,-192,-341,-979,walking,0.00,0,0,0,0,0
1779983923603,-12621,5326,-5970,-187,-351,-993,walking,0.00,0,0,0,0,0
1779983923604,-12508,5191,-6027,-203,-365,-1004,walking,0.00,0,0,0,0,0
1779983923605,-12507,5096,-6103,-234,-384,-1009,walking,0.00,0,0,0,0,0
1779983923636,-12622,5064,-6170,-268,-401,-1000,walking,0.00,0,0,0,0,0
1779983923636,-12852,5002,-6231,-296,-414,-976,walking,0.00,0,0,0,0,0
1779983923637,-13154,5077,-6348,-317,-421,-942,walking,0.00,0,0,0,0,0
1779983923664,-13681,5316,-6334,-323,-431,-898,walking,0.00,0,0,0,0,0
1779983923667,-14425,5535,-6427,-310,-443,-860,walking,0.00,0,0,0,0,0
1779983923668,-15522,5622,-6428,-278,-458,-820,walking,0.00,0,0,0,0,0
1779983923694,-16657,5827,-6421,-241,-457,-771,walking,0.00,0,0,0,0,0
1779983923695,-17758,5982,-6544,-198,-445,-726,walking,0.00,0,0,0,0,0
1779983923695,-18575,5699,-6423,-169,-430,-697,walking,0.00,0,0,0,0,0
1779983923725,-19132,5464,-6348,-167,-406,-646,walking,0.00,0,0,0,0,0
1779983923725,-19872,5425,-6342,-190,-390,-559,walking,0.00,0,0,0,0,0
1779983923726,-20836,5612,-6246,-213,-375,-451,walking,0.00,0,0,0,0,0
1779983923754,-21748,5724,-6158,-229,-348,-353,walking,0.00,0,0,0,0,0
1779983923754,-22383,5599,-6117,-254,-316,-271,walking,0.00,0,0,0,0,0
1779983923755,-22405,5330,-6097,-292,-280,-205,walking,0.00,0,0,0,0,0
1779983923785,-22008,5316,-6228,-348,-250,-141,walking,0.00,0,0,0,0,0
1779983923786,-22641,5589,-6323,-417,-253,-79,walking,0.00,0,0,0,0,0
1779983923787,-23352,6124,-6228,-461,-252,-15,walking,0.00,0,0,0,0,0
1779983923820,-22570,6484,-6212,-426,-212,37,walking,0.00,0,0,0,0,0
1779983923821,-20772,6071,-6422,-318,-157,77,walking,0.00,0,0,0,0,0
1779983923822,-18027,5601,-6588,-187,-96,177,walking,0.00,0,0,0,0,0
1779983923845,-15546,5243,-6340,-57,-67,310,walking,0.00,0,0,0,0,0
1779983923846,-14120,4847,-5950,71,-46,459,walking,0.00,0,0,0,0,0
1779983923847,-13609,4669,-5509,190,-15,621,walking,0.00,0,0,0,0,0
1779983923874,-13819,4865,-5059,310,25,775,walking,0.00,0,0,0,0,0
1779983923903,-14233,5441,-4611,441,71,893,walking,0.00,0,0,0,0,0
1779983923908,-14911,5922,-4275,579,112,951,walking,0.00,0,0,0,0,0
1779983923908,-15642,6266,-4026,707,155,965,walking,0.00,0,0,0,0,0
1779983923909,-16287,6693,-3903,815,195,956,walking,0.00,0,0,0,0,0
1779983923910,-16877,7156,-3821,912,223,932,walking,0.00,0,0,0,0,0
1779983923934,-17409,7554,-3782,1006,247,887,walking,0.00,0,0,0,0,0
1779983923935,-17792,7757,-3870,1091,272,825,walking,0.00,0,0,0,0,0
1779983923935,-18048,7595,-3852,1147,306,769,walking,0.00,0,0,0,0,0
1779983923966,-18239,7150,-3727,1170,344,745,walking,0.00,0,0,0,0,0
1779983923966,-18227,6677,-3520,1172,383,763,walking,0.00,0,0,0,0,0
1779983923967,-18000,6255,-3304,1163,412,809,walking,0.00,0,0,0,0,0
1779983923994,-17667,6047,-3270,1150,430,870,walking,0.00,0,0,0,0,0
1779983923994,-17442,5306,-3049,1137,434,934,walking,0.00,0,0,0,0,0
1779983923995,-16739,4515,-3173,1114,456,1002,walking,0.00,0,0,0,0,0
1779983924024,-16218,3670,-3326,1038,467,1047,walking,0.00,0,0,0,0,0
1779983924025,-15963,3296,-3351,924,490,1135,walking,0.00,0,0,0,0,0
1779983924025,-15229,3363,-3569,819,556,1252,walking,0.00,0,0,0,0,0
1779983924053,-14762,3054,-3601,710,596,1308,walking,0.00,0,0,0,0,0
1779983924054,-14918,3106,-3187,589,651,1405,walking,0.00,0,0,0,0,0
1779983924055,-13658,3440,-3419,496,757,1523,walking,0.00,0,0,0,0,0
1779983924085,-13112,3172,-3438,378,788,1551,walking,0.00,0,0,0,0,0
1779983924086,-12736,3340,-3477,230,805,1609,walking,0.00,0,0,0,0,0
1779983924087,-12299,4075,-3487,100,820,1672,walking,0.00,0,0,0,0,0
1779983924116,-11887,4676,-3508,14,824,1706,walking,0.00,0,0,0,0,0
1779983924120,-11618,5225,-3533,-22,811,1726,walking,0.00,0,0,0,0,0
1779983924121,-11537,5684,-3541,-25,794,1730,walking,0.00,0,0,0,0,0
1779983924143,-11533,6018,-3581,-3,786,1718,walking,0.00,0,0,0,0,0
1779983924144,-11646,6257,-3624,37,785,1692,walking,0.00,0,0,0,0,0
1779983924145,-11280,6681,-3831,83,786,1661,walking,0.00,0,0,0,0,0
1779983924176,-11199,6691,-3975,129,774,1596,walking,0.00,0,0,0,0,0
1779983924177,-11215,7080,-4054,166,760,1552,walking,0.00,0,0,0,0,0
1779983924178,-10951,7443,-4073,199,721,1471,walking,0.00,0,0,0,0,0
1779983924207,-11422,7138,-4115,210,659,1329,walking,0.00,0,0,0,0,0
1779983924210,-12279,7255,-4083,213,626,1260,walking,0.00,0,0,0,0,0
1779983924211,-12006,7902,-4217,243,656,1254,walking,0.00,0,0,0,0,0
1779983924238,-11482,8173,-4330,310,655,1177,walking,0.00,0,0,0,0,0
1779983924238,-11588,8273,-4436,369,617,1056,walking,0.00,0,0,0,0,0
1779983924240,-11846,8453,-4611,394,574,930,walking,0.00,0,0,0,0,0
1779983924266,-12200,8642,-4753,398,526,781,walking,0.00,0,0,0,0,0
1779983924267,-12660,8781,-4926,392,473,626,walking,0.00,0,0,0,0,0
1779983924267,-13331,8846,-5062,388,420,479,walking,0.00,0,0,0,0,0
1779983924294,-14131,8745,-5231,393,373,341,walking,0.00,0,0,0,0,0
1779983924295,-14939,8532,-5355,407,333,213,walking,0.00,0,0,0,0,0
1779983924295,-15545,8197,-5467,415,281,88,walking,0.00,0,0,0,0,0
1779983924327,-15927,7692,-5525,390,218,-27,walking,0.00,0,0,0,0,0
1779983924328,-16076,7000,-5647,337,157,-133,walking,0.00,0,0,0,0,0
1779983924329,-15776,6353,-5849,256,96,-219,walking,0.00,0,0,0,0,0
1779983924357,-15285,6015,-6058,147,36,-291,walking,0.00,0,0,0,0,0
1779983924358,-15117,6066,-6230,23,-24,-366,walking,0.00,0,0,0,0,0
1779983924358,-15552,6437,-6323,-108,-86,-469,walking,0.00,0,0,0,0,0
1779983924387,-16507,6901,-6265,-228,-145,-604,walking,0.00,0,0,0,0,0
1779983924390,-17450,7306,-6197,-319,-189,-766,walking,0.00,0,0,0,0,0
1779983924390,-18141,7641,-6123,-377,-223,-955,walking,0.00,0,0,0,0,0
1779983924418,-18238,7559,-6096,-415,-258,-1157,walking,0.00,0,0,0,0,0
1779983924419,-17599,6959,-6242,-458,-301,-1339,walking,0.00,0,0,0,0,0
1779983924420,-16433,6027,-6324,-519,-349,-1467,walking,0.00,0,0,0,0,0
1779983924445,-14981,5124,-6345,-584,-386,-1521,walking,0.00,0,0,0,0,0
1779983924445,-13430,4462,-6318,-617,-409,-1508,walking,0.00,0,0,0,0,0
1779983924446,-12045,4154,-6323,-604,-423,-1440,walking,0.00,0,0,0,0,0
1779983924475,-11172,4114,-6338,-552,-441,-1350,walking,0.00,0,0,0,0,0
1779983924476,-11094,4141,-6252,-476,-470,-1266,walking,0.00,0,0,0,0,0
1779983924477,-11889,4374,-6032,-379,-507,-1197,walking,0.00,0,0,0,0,0
1779983924507,-13260,4916,-5745,-247,-538,-1162,walking,0.00,0,0,0,0,0
1779983924508,-14714,5566,-5464,-82,-558,-1168,walking,0.00,0,0,0,0,0
1779983924509,-16088,5981,-5196,98,-568,-1207,walking,0.00,0,0,0,0,0
1779983924536,-17046,5961,-4785,272,-555,-1239,walking,0.00,0,0,0,0,0
1779983924565,-16879,5952,-4726,422,-509,-1236,walking,0.00,0,0,0,0,0
1779983924565,-17611,5110,-4313,494,-496,-1264,walking,0.00,0,0,0,0,0
1779983924566,-17765,3417,-4063,445,-445,-1287,walking,0.00,0,0,0,0,0
1779983924567,-17488,2451,-4143,268,-378,-1219,walking,0.00,0,0,0,0,0
1779983924567,-16842,2647,-4057,28,-323,-1103,walking,0.00,0,0,0,0,0
1779983924594,-15952,2839,-4067,-211,-276,-1039,walking,0.00,0,0,0,0,0
1779983924595,-15156,2646,-4086,-448,-259,-1039,walking,0.00,0,0,0,0,0
1779983924596,-13780,3144,-4371,-905,-277,-1039,walking,0.00,0,0,0,0,0
1779983924624,-13120,3748,-4632,-1059,-288,-1037,walking,0.00,0,0,0,0,0
1779983924625,-12640,3960,-4950,-1149,-305,-1039,walking,0.00,0,0,0,0,0
1779983924626,-12342,4316,-5229,-1183,-316,-1000,walking,0.00,0,0,0,0,0
1779983924661,-12047,4878,-5445,-1154,-316,-935,walking,0.00,0,0,0,0,0
1779983924662,-11742,5238,-5613,-1064,-317,-879,walking,0.00,0,0,0,0,0
1779983924662,-11674,5293,-5707,-935,-327,-841,walking,0.00,0,0,0,0,0
1779983924686,-11696,5269,-5735,-801,-321,-785,walking,0.00,0,0,0,0,0
1779983924686,-11761,5364,-5655,-667,-306,-705,walking,0.00,0,0,0,0,0
1779983924691,-11801,5428,-5609,-540,-295,-635,walking,0.00,0,0,0,0,0
1779983924715,-11714,5233,-5626,-437,-294,-594,walking,0.00,0,0,0,0,0
1779983924716,-11557,5049,-5819,-374,-301,-568,walking,0.00,0,0,0,0,0
1779983924716,-11480,5035,-6020,-348,-314,-550,walking,0.00,0,0,0,0,0
1779983924744,-11451,5177,-6201,-333,-330,-541,walking,0.00,0,0,0,0,0
1779983924748,-11522,5194,-6427,-322,-349,-549,walking,0.00,0,0,0,0,0
1779983924749,-11787,5222,-6645,-322,-361,-561,walking,0.00,0,0,0,0,0
1779983924777,-12148,5318,-6828,-323,-367,-580,walking,0.00,0,0,0,0,0
1779983924778,-12535,5382,-6922,-325,-367,-606,walking,0.00,0,0,0,0,0
1779983924778,-12863,5670,-6989,-322,-363,-633,walking,0.00,0,0,0,0,0
1779983924809,-13053,5972,-7009,-293,-355,-664,walking,0.00,0,0,0,0,0
1779983924810,-13251,6199,-7085,-239,-352,-692,walking,0.00,0,0,0,0,0
1779983924810,-13565,6260,-7130,-178,-359,-711,walking,0.00,0,0,0,0,0
1779983924836,-14021,6204,-7189,-119,-370,-717,walking,0.00,0,0,0,0,0
1779983924840,-14680,6257,-7229,-76,-390,-714,walking,0.00,0,0,0,0,0
1779983924841,-15462,6270,-7345,-36,-406,-717,walking,0.00,0,0,0,0,0
1779983924865,-16257,6142,-7483,2,-417,-723,walking,0.00,0,0,0,0,0
1779983924865,-17127,5840,-7416,31,-417,-719,walking,0.00,0,0,0,0,0
1779983924866,-17715,5539,-7431,49,-391,-691,walking,0.00,0,0,0,0,0
1779983924897,-18139,5256,-7240,54,-355,-633,walking,0.00,0,0,0,0,0
1779983924898,-18242,5046,-6976,47,-307,-540,walking,0.00,0,0,0,0,0
1779983924899,-17910,4845,-6699,47,-256,-426,walking,0.00,0,0,0,0,0
1779983924925,-17499,4565,-6460,51,-221,-304,walking,0.00,0,0,0,0,0
1779983924926,-17142,4209,-6271,44,-202,-175,walking,0.00,0,0,0,0,0
1779983924927,-17251,3997,-6078,8,-205,-49,walking,0.00,0,0,0,0,0
1779983924957,-17970,4332,-6025,-48,-224,65,walking,0.00,0,0,0,0,0
1779983924958,-19209,5227,-6053,-96,-246,142,walking,0.00,0,0,0,0,0
1779983924958,-20458,6477,-6307,-113,-249,177,walking,0.00,0,0,0,0,0
1779983924983,-22337,7547,-6446,-95,-261,160,walking,0.00,0,0,0,0,0
1779983924984,-24251,8291,-6169,-48,-261,130,walking,0.00,0,0,0,0,0
1779983924984,-24436,8803,-6149,63,-197,107,walking,0.00,0,0,0,0,0
1779983925014,-22349,7582,-6086,224,-114,43,walking,0.00,0,0,0,0,0
1779983925015,-19546,6076,-5756,347,-7,83,walking,0.00,0,0,0,0,0
1779983925016,-16348,5418,-5337,452,82,274,walking,0.00,0,0,0,0,0
1779983925044,-14239,4350,-4829,536,110,451,walking,0.00,0,0,0,0,0
1779983925048,-14074,3886,-4413,574,103,626,walking,0.00,0,0,0,0,0
1779983925049,-15228,4856,-4050,626,102,812,walking,0.00,0,0,0,0,0
1779983925077,-16241,6280,-3745,786,125,931,walking,0.00,0,0,0,0,0
1779983925077,-17449,6708,-3618,1032,167,954,walking,0.00,0,0,0,0,0
1779983925078,-18426,6409,-3615,1250,230,954,walking,0.00,0,0,0,0,0
1779983925106,-19204,6237,-3567,1387,294,974,walking,0.00,0,0,0,0,0
1779983925107,-19817,6417,-3493,1460,340,987,walking,0.00,0,0,0,0,0
1779983925108,-20150,6377,-3359,1494,378,967,walking,0.00,0,0,0,0,0
1779983925135,-20134,5796,-3167,1491,417,934,walking,0.00,0,0,0,0,0
1779983925142,-19757,4887,-3036,1435,470,934,walking,0.00,0,0,0,0,0
1779983925143,-19137,4052,-3055,1332,531,980,walking,0.00,0,0,0,0,0
1779983925165,-18367,3223,-3042,1189,601,1057,walking,0.00,0,0,0,0,0
1779983925165,-17492,2454,-3093,999,675,1156,walking,0.00,0,0,0,0,0
1779983925166,-16764,2019,-3210,774,740,1266,walking,0.00,0,0,0,0,0
1779983925194,-15996,1880,-3323,524,777,1356,walking,0.00,0,0,0,0,0
1779983925194,-15258,1946,-3267,280,788,1424,walking,0.00,0,0,0,0,0
1779983925195,-14501,2423,-3311,76,784,1484,walking,0.00,0,0,0,0,0
1779983925224,-14058,3187,-3325,-57,772,1542,walking,0.00,0,0,0,0,0
1779983925225,-13488,3673,-3274,-90,752,1586,walking,0.00,0,0,0,0,0
1779983925226,-13579,3883,-3262,-52,728,1631,walking,0.00,0,0,0,0,0
1779983925256,-13718,4517,-3231,26,753,1736,walking,0.00,0,0,0,0,0
1779983925257,-12521,4701,-3343,134,806,1809,walking,0.00,0,0,0,0,0
1779983925257,-12213,4428,-3301,222,789,1814,walking,0.00,0,0,0,0,0
1779983925285,-12207,4608,-3277,270,763,1850,walking,0.00,0,0,0,0,0
1779983925289,-12036,5082,-3239,324,738,1885,walking,0.00,0,0,0,0,0
1779983925289,-11866,5312,-3299,393,712,1889,walking,0.00,0,0,0,0,0
1779983925314,-11884,5493,-3380,461,691,1885,walking,0.00,0,0,0,0,0
1779983925315,-11445,5811,-3644,524,684,1890,walking,0.00,0,0,0,0,0
1779983925316,-11457,5601,-3760,571,665,1850,walking,0.00,0,0,0,0,0
1779983925347,-11593,5669,-3773,583,648,1818,walking,0.00,0,0,0,0,0
1779983925348,-11325,5886,-3876,571,631,1749,walking,0.00,0,0,0,0,0
1779983925349,-11490,5629,-3908,529,600,1605,walking,0.00,0,0,0,0,0
1779983925378,-11526,5728,-3881,458,573,1486,walking,0.00,0,0,0,0,0
1779983925379,-11389,5984,-3923,391,542,1394,walking,0.00,0,0,0,0,0
1779983925382,-11136,6284,-4044,344,498,1301,walking,0.00,0,0,0,0,0
1779983925408,-11172,6450,-4089,305,441,1183,walking,0.00,0,0,0,0,0
1779983925409,-11432,6639,-4208,274,395,1074,walking,0.00,0,0,0,0,0
1779983925410,-11482,7050,-4404,257,382,986,walking,0.00,0,0,0,0,0
1779983925436,-11024,7416,-4763,260,366,870,walking,0.00,0,0,0,0,0
1779983925440,-11254,7539,-5052,256,307,721,walking,0.00,0,0,0,0,0
1779983925440,-11913,7796,-5276,250,242,586,walking,0.00,0,0,0,0,0
1779983925464,-12669,8093,-5420,252,187,460,walking,0.00,0,0,0,0,0
1779983925465,-13524,8273,-5624,270,138,330,walking,0.00,0,0,0,0,0
1779983925465,-14288,8293,-5907,286,86,197,walking,0.00,0,0,0,0,0
1779983925497,-14895,8153,-6077,287,23,51,walking,0.00,0,0,0,0,0
1779983925498,-15273,7775,-6213,257,-42,-104,walking,0.00,0,0,0,0,0
1779983925498,-15466,7257,-6375,192,-101,-249,walking,0.00,0,0,0,0,0
1779983925525,-15712,6924,-6537,93,-156,-377,walking,0.00,0,0,0,0,0
1779983925525,-16167,6947,-6588,-35,-214,-501,walking,0.00,0,0,0,0,0
1779983925526,-16827,7180,-6535,-175,-275,-644,walking,0.00,0,0,0,0,0
1779983925557,-17534,7523,-6568,-303,-331,-807,walking,0.00,0,0,0,0,0
1779983925560,-18325,7818,-6554,-424,-384,-997,walking,0.00,0,0,0,0,0
1779983925564,-18955,7968,-6590,-539,-426,-1193,walking,0.00,0,0,0,0,0
1779983925583,-19234,7787,-6683,-645,-470,-1396,walking,0.00,0,0,0,0,0
1779983925584,-18668,7214,-6766,-744,-511,-1583,walking,0.00,0,0,0,0,0
1779983925584,-17259,6308,-6860,-824,-536,-1714,walking,0.00,0,0,0,0,0
1779983925616,-15491,5326,-7009,-868,-553,-1761,walking,0.00,0,0,0,0,0
1779983925618,-13914,4638,-7060,-876,-562,-1733,walking,0.00,0,0,0,0,0
1779983925619,-12846,4321,-7102,-859,-551,-1658,walking,0.00,0,0,0,0,0
1779983925647,-12461,4351,-7049,-817,-526,-1564,walking,0.00,0,0,0,0,0
1779983925648,-13162,4638,-6841,-743,-506,-1471,walking,0.00,0,0,0,0,0
1779983925648,-14827,5267,-6374,-616,-490,-1400,walking,0.00,0,0,0,0,0
1779983925673,-16708,5872,-5763,-424,-466,-1368,walking,0.00,0,0,0,0,0
1779983925674,-18033,6271,-5285,-189,-422,-1369,walking,0.00,0,0,0,0,0
1779983925674,-18703,6119,-4946,37,-372,-1390,walking,0.00,0,0,0,0,0
1779983925706,-18744,5180,-4547,193,-319,-1393,walking,0.00,0,0,0,0,0
1779983925708,-18646,4033,-4241,242,-263,-1346,walking,0.00,0,0,0,0,0
1779983925709,-17558,2663,-4171,13,-132,-1143,walking,0.00,0,0,0,0,0
1779983925734,-17194,2184,-3926,-229,-98,-1093,walking,0.00,0,0,0,0,0
1779983925735,-17002,1541,-3623,-525,-70,-1099,walking,0.00,0,0,0,0,0
1779983925735,-16305,1400,-3784,-849,-31,-1085,walking,0.00,0,0,0,0,0
1779983925764,-15008,2540,-4019,-1140,-4,-1003,walking,0.00,0,0,0,0,0
1779983925765,-13761,3943,-4045,-1324,5,-937,walking,0.00,0,0,0,0,0
1779983925766,-13108,3873,-4026,-1450,-8,-1025,walking,0.00,0,0,0,0,0
1779983925801,-12700,3838,-4049,-1556,-23,-1071,walking,0.00,0,0,0,0,0
1779983925801,-12134,4792,-3914,-1618,-26,-1018,walking,0.00,0,0,0,0,0
1779983925802,-11757,5667,-3855,-1590,-17,-988,walking,0.00,0,0,0,0,0
1779983925824,-11515,6040,-3805,-1499,-29,-1018,walking,0.00,0,0,0,0,0
1779983925856,-11456,6257,-3635,-1369,-57,-1028,walking,0.00,0,0,0,0,0
1779983925857,-11551,6772,-3614,-1192,-60,-976,walking,0.00,0,0,0,0,0
1779983925858,-11511,6796,-3675,-982,-60,-951,walking,0.00,0,0,0,0,0
1779983925859,-12177,6190,-3602,-803,-82,-967,walking,0.00,0,0,0,0,0
1779983925860,-12235,5983,-3590,-661,-75,-896,walking,0.00,0,0,0,0,0
1779983925884,-11950,5654,-3728,-562,-74,-848,walking,0.00,0,0,0,0,0
1779983925884,-11877,5114,-3966,-527,-99,-842,walking,0.00,0,0,0,0,0
1779983925885,-11804,4888,-4251,-549,-130,-836,walking,0.00,0,0,0,0,0
1779983925914,-11704,4818,-4587,-591,-167,-825,walking,0.00,0,0,0,0,0
1779983925915,-11720,4839,-5005,-633,-203,-811,walking,0.00,0,0,0,0,0
1779983925917,-11735,4821,-5536,-670,-233,-801,walking,0.00,0,0,0,0,0
1779983925943,-11919,4856,-5920,-707,-263,-797,walking,0.00,0,0,0,0,0
1779983925947,-12171,4811,-6261,-738,-287,-811,walking,0.00,0,0,0,0,0
1779983925953,-12289,4768,-6516,-772,-304,-812,walking,0.00,0,0,0,0,0
1779983925975,-12520,5162,-6708,-782,-321,-798,walking,0.00,0,0,0,0,0
1779983925976,-12711,5704,-6919,-739,-331,-782,walking,0.00,0,0,0,0,0
1779983925977,-12995,6051,-7076,-646,-345,-762,walking,0.00,0,0,0,0,0
1779983926005,-13277,6235,-7180,-522,-348,-737,walking,0.00,0,0,0,0,0
1779983926006,-13683,6357,-7132,-389,-344,-710,walking,0.00,0,0,0,0,0
1779983926006,-14396,6413,-7077,-262,-341,-688,walking,0.00,0,0,0,0,0
1779983926038,-15258,6345,-6928,-161,-338,-671,walking,0.00,0,0,0,0,0
1779983926039,-16383,6325,-6743,-88,-334,-648,walking,0.00,0,0,0,0,0
1779983926040,-17628,6249,-6658,-41,-329,-625,walking,0.00,0,0,0,0,0
1779983926066,-18727,6063,-6529,-21,-325,-599,walking,0.00,0,0,0,0,0
1779983926067,-19644,5841,-6348,-32,-312,-562,walking,0.00,0,0,0,0,0
1779983926067,-20215,5780,-6309,-59,-289,-509,walking,0.00,0,0,0,0,0
1779983926096,-20498,5565,-6339,-93,-260,-452,walking,0.00,0,0,0,0,0
1779983926097,-20605,5304,-6313,-148,-230,-385,walking,0.00,0,0,0,0,0
1779983926097,-20763,5186,-6187,-224,-214,-306,walking,0.00,0,0,0,0,0
1779983926124,-21070,5144,-6073,-308,-206,-232,walking,0.00,0,0,0,0,0
1779983926125,-20894,5405,-6109,-376,-193,-162,walking,0.00,0,0,0,0,0
1779983926126,-20546,5895,-6346,-416,-196,-117,walking,0.00,0,0,0,0,0
1779983926155,-20842,6259,-6440,-431,-226,-96,walking,0.00,0,0,0,0,0
1779983926156,-20843,6762,-6470,-411,-239,-66,walking,0.00,0,0,0,0,0
1779983926156,-20212,7015,-6523,-335,-228,-45,walking,0.00,0,0,0,0,0
1779983926184,-18804,6890,-6408,-188,-189,6,walking,0.00,0,0,0,0,0
1779983926184,-16685,6480,-6308,6,-133,109,walking,0.00,0,0,0,0,0
1779983926185,-14897,5873,-5894,201,-96,235,walking,0.00,0,0,0,0,0
1779983926215,-13686,5379,-5470,372,-63,383,walking,0.00,0,0,0,0,0
1779983926216,-13568,5060,-4965,512,-41,540,walking,0.00,0,0,0,0,0
1779983926217,-14318,5231,-4450,618,-24,686,walking,0.00,0,0,0,0,0
1779983926246,-15303,5765,-4105,713,-6,785,walking,0.00,0,0,0,0,0
1779983926247,-16330,6246,-4000,811,14,827,walking,0.00,0,0,0,0,0
1779983926247,-17200,6573,-4084,909,38,827,walking,0.00,0,0,0,0,0
1779983926275,-17933,6924,-4165,1002,68,813,walking,0.00,0,0,0,0,0
1779983926280,-18417,7059,-4253,1078,109,792,walking,0.00,0,0,0,0,0
1779983926281,-18602,6893,-4301,1137,159,769,walking,0.00,0,0,0,0,0
1779983926306,-18528,6597,-4237,1160,207,761,walking,0.00,0,0,0,0,0
1779983926306,-18363,6087,-3939,1159,258,761,walking,0.00,0,0,0,0,0
1779983926307,-18070,5616,-3732,1135,306,761,walking,0.00,0,0,0,0,0
1779983926333,-17538,5282,-3504,1084,333,785,walking,0.00,0,0,0,0,0
1779983926334,-17310,4870,-3383,1022,353,828,walking,0.00,0,0,0,0,0
1779983926334,-16740,4558,-3371,952,378,882,walking,0.00,0,0,0,0,0
1779983926363,-16266,4204,-3398,877,400,918,walking,0.00,0,0,0,0,0
1779983926365,-15394,4371,-3454,824,427,1001,walking,0.00,0,0,0,0,0
1779983926365,-14902,4022,-3508,795,444,1093,walking,0.00,0,0,0,0,0
1779983926400,-14689,3519,-3622,757,481,1175,walking,0.00,0,0,0,0,0
1779983926401,-13918,3427,-3772,678,521,1247,walking,0.00,0,0,0,0,0
1779983926405,-13981,3325,-3416,588,530,1309,walking,0.00,0,0,0,0,0
1779983926423,-13601,3833,-3391,540,614,1446,walking,0.00,0,0,0,0,0
1779983926424,-12785,4023,-3474,501,693,1521,walking,0.00,0,0,0,0,0
1779983926424,-12741,3835,-3319,430,711,1546,walking,0.00,0,0,0,0,0
1779983926458,-12591,4043,-3265,338,734,1602,walking,0.00,0,0,0,0,0
1779983926459,-12256,4718,-3356,263,746,1648,walking,0.00,0,0,0,0,0
1779983926459,-12027,5289,-3336,217,741,1663,walking,0.00,0,0,0,0,0
1779983926484,-11850,5610,-3287,206,727,1664,walking,0.00,0,0,0,0,0
1779983926488,-11703,5922,-3264,221,715,1658,walking,0.00,0,0,0,0,0
1779983926489,-11762,6109,-3326,237,700,1630,walking,0.00,0,0,0,0,0
1779983926519,-11877,6259,-3390,245,688,1589,walking,0.00,0,0,0,0,0
1779983926519,-11862,6589,-3424,245,680,1534,walking,0.00,0,0,0,0,0
1779983926525,-11842,6856,-3421,244,667,1461,walking,0.00,0,0,0,0,0
1779983926546,-11704,7068,-3427,248,641,1372,walking,0.00,0,0,0,0,0
1779983926547,-11557,7151,-3458,254,605,1278,walking,0.00,0,0,0,0,0
1779983926548,-11508,7262,-3411,262,556,1174,walking,0.00,0,0,0,0,0
1779983926580,-11391,7465,-3466,275,503,1070,walking,0.00,0,0,0,0,0
1779983926580,-11376,7480,-3564,295,442,950,walking,0.00,0,0,0,0,0
1779983926581,-11997,7621,-3637,318,390,856,walking,0.00,0,0,0,0,0
1779983926605,-12339,8046,-3728,352,367,767,walking,0.00,0,0,0,0,0
1779983926607,-12752,8046,-3835,398,340,635,walking,0.00,0,0,0,0,0
1779983926607,-13271,8058,-3877,444,301,513,walking,0.00,0,0,0,0,0
1779983926634,-13817,8172,-3882,490,259,412,walking,0.00,0,0,0,0,0
1779983926638,-14400,8129,-3904,548,211,305,walking,0.00,0,0,0,0,0
1779983926639,-14972,7930,-3984,590,158,187,walking,0.00,0,0,0,0,0
1779983926667,-15725,7470,-4152,600,102,61,walking,0.00,0,0,0,0,0
1779983926667,-16550,6842,-4297,573,44,-53,walking,0.00,0,0,0,0,0
1779983926668,-17196,6356,-4415,511,-3,-142,walking,0.00,0,0,0,0,0
1779983926696,-17599,5990,-4565,421,-45,-221,walking,0.00,0,0,0,0,0
1779983926697,-17624,5757,-4811,319,-88,-304,walking,0.00,0,0,0,0,0
1779983926698,-17478,5517,-4959,203,-134,-391,walking,0.00,0,0,0,0,0
1779983926725,-17423,5432,-5063,70,-190,-487,walking,0.00,0,0,0,0,0
1779983926726,-17887,5514,-5330,-86,-255,-598,walking,0.00,0,0,0,0,0
1779983926728,-18722,5803,-5433,-253,-321,-733,walking,0.00,0,0,0,0,0
1779983926755,-19473,6203,-5421,-400,-379,-887,walking,0.00,0,0,0,0,0
1779983926757,-19681,6563,-5469,-495,-424,-1046,walking,0.00,0,0,0,0,0
1779983926758,-19004,6558,-5630,-529,-466,-1189,walking,0.00,0,0,0,0,0
1779983926791,-17739,6041,-5839,-516,-519,-1297,walking,0.00,0,0,0,0,0
1779983926791,-16396,5304,-6028,-474,-573,-1350,walking,0.00,0,0,0,0,0
1779983926792,-15305,4747,-6154,-400,-616,-1349,walking,0.00,0,0,0,0,0
1779983926814,-14505,4474,-6319,-296,-630,-1306,walking,0.00,0,0,0,0,0
1779983926815,-14075,3998,-6270,-47,-631,-1154,walking,0.00,0,0,0,0,0
1779983926815,-14455,4093,-5944,90,-635,-1050,walking,0.00,0,0,0,0,0
1779983926846,-15143,4364,-5523,248,-635,-963,walking,0.00,0,0,0,0,0
1779983926848,-16050,4494,-5193,415,-634,-909,walking,0.00,0,0,0,0,0
1779983926848,-16523,4623,-4956,574,-629,-869,walking,0.00,0,0,0,0,0
1779983926874,-17373,4407,-4569,695,-617,-842,walking,0.00,0,0,0,0,0
1779983926874,-17694,3474,-4225,756,-581,-837,walking,0.00,0,0,0,0,0
1779983926875,-17534,2525,-4202,717,-524,-791,walking,0.00,0,0,0,0,0
1779983926904,-17125,2434,-4132,594,-473,-686,walking,0.00,0,0,0,0,0
1779983926907,-16577,2327,-4037,431,-418,-614,walking,0.00,0,0,0,0,0
1779983926908,-15944,2011,-4057,239,-367,-581,walking,0.00,0,0,0,0,0
1779983926934,-15238,1864,-4051,20,-328,-555,walking,0.00,0,0,0,0,0
1779983926938,-14376,1950,-4057,-191,-298,-540,walking,0.00,0,0,0,0,0
1779983926939,-13734,2197,-4106,-365,-277,-530,walking,0.00,0,0,0,0,0
1779983926964,-13076,2618,-4180,-497,-259,-511,walking,0.00,0,0,0,0,0
1779983926966,-12470,2670,-4266,-599,-247,-526,walking,0.00,0,0,0,0,0
1779983926967,-12401,2492,-4339,-688,-243,-554,walking,0.00,0,0,0,0,0
1779983926996,-12438,2641,-4495,-772,-230,-545,walking,0.00,0,0,0,0,0
1779983926996,-12412,3041,-4530,-823,-214,-511,walking,0.00,0,0,0,0,0
1779983926997,-12435,3502,-4511,-827,-189,-475,walking,0.00,0,0,0,0,0
1779983927024,-12390,3697,-4419,-804,-160,-461,walking,0.00,0,0,0,0,0
1779983927029,-12418,3405,-4486,-788,-146,-480,walking,0.00,0,0,0,0,0
1779983927030,-12550,3437,-4808,-808,-144,-505,walking,0.00,0,0,0,0,0
1779983927058,-12492,3426,-4799,-865,-147,-538,walking,0.00,0,0,0,0,0
1779983927058,-12391,3318,-4707,-920,-159,-579,walking,0.00,0,0,0,0,0
1779983927059,-12419,3493,-4715,-979,-184,-613,walking,0.00,0,0,0,0,0
1779983927093,-12569,4169,-4716,-1001,-221,-625,walking,0.00,0,0,0,0,0
1779983927093,-12805,4948,-4864,-951,-256,-639,walking,0.00,0,0,0,0,0
1779983927094,-13049,5387,-5107,-839,-285,-658,walking,0.00,0,0,0,0,0
1779983927114,-13224,5433,-5319,-709,-299,-673,walking,0.00,0,0,0,0,0
1779983927115,-13295,5132,-5540,-599,-309,-683,walking,0.00,0,0,0,0,0
1779983927116,-13343,4747,-5651,-531,-316,-689,walking,0.00,0,0,0,0,0
1779983927146,-13291,4526,-5602,-503,-326,-688,walking,0.00,0,0,0,0,0
1779983927147,-13137,4437,-5688,-494,-337,-691,walking,0.00,0,0,0,0,0
1779983927147,-13034,4393,-5838,-490,-350,-686,walking,0.00,0,0,0,0,0
1779983927176,-12846,4631,-6031,-479,-364,-668,walking,0.00,0,0,0,0,0
1779983927180,-12847,4640,-6127,-460,-377,-648,walking,0.00,0,0,0,0,0
1779983927181,-13171,4758,-6290,-438,-384,-622,walking,0.00,0,0,0,0,0
1779983927207,-13536,4998,-6413,-399,-389,-599,walking,0.00,0,0,0,0,0
1779983927211,-14258,4937,-6551,-366,-394,-593,walking,0.00,0,0,0,0,0
1779983927212,-15209,4926,-6562,-362,-395,-586,walking,0.00,0,0,0,0,0
1779983927233,-16223,5151,-6506,-370,-385,-574,walking,0.00,0,0,0,0,0
1779983927233,-17242,5371,-6430,-372,-370,-565,walking,0.00,0,0,0,0,0
1779983927235,-17753,5425,-6401,-372,-348,-560,walking,0.00,0,0,0,0,0
1779983927263,-18226,5187,-6413,-383,-335,-558,walking,0.00,0,0,0,0,0
1779983927263,-18605,5182,-6447,-408,-328,-535,walking,0.00,0,0,0,0,0
1779983927264,-18913,5368,-6344,-434,-318,-492,walking,0.00,0,0,0,0,0
1779983927295,-19498,5759,-6407,-446,-300,-448,walking,0.00,0,0,0,0,0
1779983927295,-20464,6142,-6439,-452,-302,-428,walking,0.00,0,0,0,0,0
1779983927296,-21703,6629,-6455,-447,-308,-424,walking,0.00,0,0,0,0,0
1779983927324,-23002,7296,-6541,-409,-309,-428,walking,0.00,0,0,0,0,0
1779983927325,-23974,7952,-6513,-318,-298,-438,walking,0.00,0,0,0,0,0
1779983927325,-23641,8303,-6570,-147,-257,-445,walking,0.00,0,0,0,0,0
1779983927354,-22078,7731,-6601,115,-188,-416,walking,0.00,0,0,0,0,0
1779983927356,-19851,6447,-6588,383,-103,-328,walking,0.00,0,0,0,0,0
1779983927356,-17508,5333,-6236,597,-16,-170,walking,0.00,0,0,0,0,0
1779983927383,-15623,4405,-5689,751,74,42,walking,0.00,0,0,0,0,0
1779983927386,-14637,3644,-5109,852,154,277,walking,0.00,0,0,0,0,0
1779983927386,-15105,3306,-4488,918,214,515,walking,0.00,0,0,0,0,0
1779983927414,-16142,3535,-3906,972,278,729,walking,0.00,0,0,0,0,0
1779983927415,-17276,3837,-3435,1024,348,875,walking,0.00,0,0,0,0,0
1779983927416,-18210,4051,-3311,1043,414,941,walking,0.00,0,0,0,0,0
1779983927448,-18968,4280,-3271,997,468,956,walking,0.00,0,0,0,0,0
1779983927448,-19523,4802,-3280,906,524,958,walking,0.00,0,0,0,0,0
1779983927449,-19838,5428,-3311,819,583,956,walking,0.00,0,0,0,0,0
1779983927474,-19857,5926,-3291,757,639,942,walking,0.00,0,0,0,0,0
1779983927475,-19581,5793,-3204,701,695,922,walking,0.00,0,0,0,0,0
1779983927476,-19134,5186,-3131,617,752,925,walking,0.00,0,0,0,0,0
1779983927506,-18559,4617,-3089,489,805,973,walking,0.00,0,0,0,0,0
1779983927507,-17853,4255,-3202,338,843,1050,walking,0.00,0,0,0,0,0
1779983927508,-17020,4040,-3298,180,870,1128,walking,0.00,0,0,0,0,0
1779983927536,-16288,3873,-3383,35,887,1207,walking,0.00,0,0,0,0,0
1779983927537,-15414,4027,-3614,-85,895,1283,walking,0.00,0,0,0,0,0
1779983927538,-15292,3860,-3450,-176,880,1350,walking,0.00,0,0,0,0,0
1779983927563,-13932,4395,-3668,-229,898,1455,walking,0.00,0,0,0,0,0
1779983927565,-13010,4495,-3587,-245,852,1492,walking,0.00,0,0,0,0,0
1779983927566,-13600,4486,-3164,-234,785,1527,walking,0.00,0,0,0,0,0
1779983927595,-12952,5337,-3159,-169,824,1660,walking,0.00,0,0,0,0,0
1779983927595,-11632,5510,-3307,-68,838,1705,walking,0.00,0,0,0,0,0
1779983927596,-11442,5384,-3263,23,788,1704,walking,0.00,0,0,0,0,0
1779983927628,-11322,5570,-3148,104,749,1733,walking,0.00,0,0,0,0,0
1779983927629,-11216,5802,-3074,196,728,1756,walking,0.00,0,0,0,0,0
1779983927630,-11093,5836,-3105,292,722,1770,walking,0.00,0,0,0,0,0
1779983927654,-11040,5768,-3094,372,715,1776,walking,0.00,0,0,0,0,0
1779983927655,-11006,5994,-3142,425,708,1777,walking,0.00,0,0,0,0,0
1779983927656,-11047,6205,-3132,463,696,1757,walking,0.00,0,0,0,0,0
1779983927686,-10996,6364,-3121,494,679,1710,walking,0.00,0,0,0,0,0
1779983927687,-11056,6625,-3224,507,651,1644,walking,0.00,0,0,0,0,0
1779983927688,-11235,6798,-3331,510,622,1561,walking,0.00,0,0,0,0,0
1779983927715,-11449,6995,-3359,512,597,1473,walking,0.00,0,0,0,0,0
1779983927718,-11231,7192,-3575,522,571,1373,walking,0.00,0,0,0,0,0
1779983927719,-11475,7012,-3701,535,534,1259,walking,0.00,0,0,0,0,0
1779983927745,-11393,7100,-3899,536,497,1164,walking,0.00,0,0,0,0,0
1779983927746,-11365,6827,-4013,519,442,1028,walking,0.00,0,0,0,0,0
1779983927746,-12012,6682,-4015,488,401,922,walking,0.00,0,0,0,0,0
1779983927774,-11383,6998,-4292,469,401,861,walking,0.00,0,0,0,0,0
1779983927774,-11654,7131,-4508,457,348,750,walking,0.00,0,0,0,0,0
1779983927782,-12382,7266,-4640,444,304,644,walking,0.00,0,0,0,0,0
1779983927807,-13191,7529,-4779,431,270,534,walking,0.00,0,0,0,0,0
1779983927808,-14102,7710,-4983,427,228,405,walking,0.00,0,0,0,0,0
1779983927809,-14930,7654,-5079,422,175,265,walking,0.00,0,0,0,0,0
1779983927837,-15506,7465,-5139,402,123,135,walking,0.00,0,0,0,0,0
1779983927837,-15873,7034,-5290,372,78,18,walking,0.00,0,0,0,0,0
1779983927838,-15969,6496,-5537,331,38,-77,walking,0.00,0,0,0,0,0
1779983927864,-15885,5994,-5699,275,7,-149,walking,0.00,0,0,0,0,0
1779983927865,-15598,5540,-5923,198,-13,-208,walking,0.00,0,0,0,0,0
1779983927865,-15545,5461,-6241,90,-29,-271,walking,0.00,0,0,0,0,0
1779983927895,-15777,5591,-6309,-40,-51,-360,walking,0.00,0,0,0,0,0
1779983927895,-15885,5778,-6242,-154,-69,-476,walking,0.00,0,0,0,0,0
1779983927896,-15448,6372,-6386,-316,-100,-725,walking,0.00,0,0,0,0,0
1779983927923,-15791,6627,-6424,-398,-137,-870,walking,0.00,0,0,0,0,0
1779983927923,-16602,6777,-6268,-488,-177,-1021,walking,0.00,0,0,0,0,0
1779983927924,-17261,6855,-6071,-577,-219,-1181,walking,0.00,0,0,0,0,0
1779983927961,-17194,6786,-5938,-654,-263,-1344,walking,0.00,0,0,0,0,0
1779983927961,-16368,6194,-5996,-713,-310,-1476,walking,0.00,0,0,0,0,0
1779983927962,-15255,5197,-6133,-765,-364,-1550,walking,0.00,0,0,0,0,0
1779983927985,-14486,4399,-6163,-822,-428,-1547,walking,0.00,0,0,0,0,0
1779983927986,-14480,4149,-6166,-887,-490,-1495,walking,0.00,0,0,0,0,0
1779983927986,-15037,4312,-6229,-930,-540,-1437,walking,0.00,0,0,0,0,0
1779983928015,-15893,4864,-6279,-912,-580,-1393,walking,0.00,0,0,0,0,0
1779983928020,-16750,5702,-6371,-805,-616,-1379,walking,0.00,0,0,0,0,0
1779983928021,-17320,6298,-6263,-608,-641,-1398,walking,0.00,0,0,0,0,0
1779983928047,-17566,6330,-6069,-360,-649,-1429,walking,0.00,0,0,0,0,0
1779983928050,-17933,5945,-5749,-117,-647,-1427,walking,0.00,0,0,0,0,0
1779983928054,-17800,5727,-5338,91,-624,-1361,walking,0.00,0,0,0,0,0
1779983928074,-16952,5526,-5258,251,-601,-1299,walking,0.00,0,0,0,0,0
1779983928078,-17649,3807,-4363,301,-635,-1342,walking,0.00,0,0,0,0,0
1779983928079,-17358,2758,-4187,263,-570,-1251,walking,0.00,0,0,0,0,0
1779983928104,-16331,2810,-4253,158,-486,-1101,walking,0.00,0,0,0,0,0
1779983928105,-15273,2737,-4250,12,-409,-1014,walking,0.00,0,0,0,0,0
1779983928105,-14195,2467,-4224,-169,-354,-953,walking,0.00,0,0,0,0,0
1779983928136,-13556,2389,-3987,-374,-330,-897,walking,0.00,0,0,0,0,0
1779983928137,-12817,2582,-3956,-588,-312,-874,walking,0.00,0,0,0,0,0
1779983928138,-12182,2548,-4039,-796,-311,-906,walking,0.00,0,0,0,0,0
1779983928165,-12012,2932,-4249,-976,-314,-908,walking,0.00,0,0,0,0,0
1779983928165,-11818,3978,-4501,-1092,-304,-863,walking,0.00,0,0,0,0,0
1779983928166,-11825,4641,-4615,-1121,-292,-843,walking,0.00,0,0,0,0,0
1779983928194,-11848,4912,-4772,-1095,-279,-844,walking,0.00,0,0,0,0,0
1779983928195,-11883,5016,-4901,-1039,-266,-830,walking,0.00,0,0,0,0,0
1779983928197,-11835,5021,-4992,-977,-248,-804,walking,0.00,0,0,0,0,0
1779983928223,-11836,4806,-5063,-927,-227,-783,walking,0.00,0,0,0,0,0
1779983928232,-11756,4591,-5146,-903,-216,-745,walking,0.00,0,0,0,0,0
1779983928232,-11629,4843,-5246,-900,-223,-714,walking,0.00,0,0,0,0,0
1779983928255,-11570,5178,-5397,-895,-249,-715,walking,0.00,0,0,0,0,0
1779983928255,-11688,5469,-5502,-870,-288,-736,walking,0.00,0,0,0,0,0
1779983928257,-11839,5586,-5715,-822,-324,-756,walking,0.00,0,0,0,0,0
1779983928286,-11927,5634,-5970,-762,-356,-763,walking,0.00,0,0,0,0,0
1779983928287,-12015,5733,-6216,-691,-390,-768,walking,0.00,0,0,0,0,0
1779983928288,-11973,5711,-6453,-616,-427,-786,walking,0.00,0,0,0,0,0
1779983928315,-12028,5760,-6569,-549,-469,-807,walking,0.00,0,0,0,0,0
1779983928319,-12220,6031,-6687,-477,-510,-821,walking,0.00,0,0,0,0,0
1779983928320,-12542,6421,-6806,-386,-552,-828,walking,0.00,0,0,0,0,0
1779983928344,-13148,6824,-6861,-263,-589,-831,walking,0.00,0,0,0,0,0
1779983928346,-14038,7082,-6948,-109,-616,-833,walking,0.00,0,0,0,0,0
1779983928346,-15208,6998,-6933,52,-631,-827,walking,0.00,0,0,0,0,0
1779983928374,-16525,6841,-6864,188,-635,-805,walking,0.00,0,0,0,0,0
1779983928382,-17918,6482,-6696,290,-631,-776,walking,0.00,0,0,0,0,0
1779983928383,-18578,6149,-6662,355,-602,-733,walking,0.00,0,0,0,0,0
1779983928404,-19470,5313,-6346,368,-588,-705,walking,0.00,0,0,0,0,0
1779983928405,-20561,4801,-5999,329,-552,-615,walking,0.00,0,0,0,0,0
1779983928406,-20231,4794,-5977,267,-474,-482,walking,0.00,0,0,0,0,0
1779983928438,-20005,4459,-5956,189,-429,-387,walking,0.00,0,0,0,0,0
1779983928439,-20396,4226,-5780,71,-409,-303,walking,0.00,0,0,0,0,0
1779983928439,-20738,4614,-5682,-62,-387,-226,walking,0.00,0,0,0,0,0
1779983928464,-21297,5478,-5790,-153,-372,-177,walking,0.00,0,0,0,0,0
1779983928464,-22356,6516,-5928,-181,-365,-156,walking,0.00,0,0,0,0,0
1779983928465,-22711,7300,-6005,-132,-354,-161,walking,0.00,0,0,0,0,0
1779983928495,-22158,7114,-5798,-18,-304,-166,walking,0.00,0,0,0,0,0
1779983928496,-20225,6427,-5689,145,-196,-100,walking,0.00,0,0,0,0,0
1779983928496,-17566,5503,-5593,314,-89,41,walking,0.00,0,0,0,0,0
1779983928527,-15697,4733,-5097,441,-18,219,walking,0.00,0,0,0,0,0
1779983928527,-14714,4256,-4628,527,53,424,walking,0.00,0,0,0,0,0
1779983928528,-14919,4061,-4200,589,112,623,walking,0.00,0,0,0,0,0
1779983928553,-16131,4461,-3730,647,158,801,walking,0.00,0,0,0,0,0
1779983928554,-17466,5199,-3432,728,212,923,walking,0.00,0,0,0,0,0
1779983928554,-18431,5526,-3420,818,286,974,walking,0.00,0,0,0,0,0
1779983928585,-19146,5518,-3429,882,356,989,walking,0.00,0,0,0,0,0
1779983928586,-19705,5628,-3452,906,419,997,walking,0.00,0,0,0,0,0
1779983928586,-20005,5865,-3504,898,475,991,walking,0.00,0,0,0,0,0
1779983928613,-20082,5881,-3515,872,523,966,walking,0.00,0,0,0,0,0
1779983928614,-19956,5655,-3433,834,568,939,walking,0.00,0,0,0,0,0
1779983928615,-19706,5374,-3364,778,612,922,walking,0.00,0,0,0,0,0
1779983928647,-19353,4913,-3349,707,650,920,walking,0.00,0,0,0,0,0
1779983928651,-19091,4253,-3390,618,684,945,walking,0.00,0,0,0,0,0
1779983928652,-18727,3568,-3399,514,728,1005,walking,0.00,0,0,0,0,0
1779983928673,-17939,3096,-3527,405,780,1084,walking,0.00,0,0,0,0,0
1779983928675,-17136,2880,-3631,298,826,1158,walking,0.00,0,0,0,0,0
1779983928676,-15980,2947,-3670,209,854,1231,walking,0.00,0,0,0,0,0
1779983928705,-15348,2421,-3413,141,853,1276,walking,0.00,0,0,0,0,0
1779983928710,-14836,2514,-3484,81,864,1335,walking,0.00,0,0,0,0,0
1779983928710,-14130,3141,-3456,37,867,1415,walking,0.00,0,0,0,0,0
1779983928735,-13631,3686,-3300,53,866,1487,walking,0.00,0,0,0,0,0
1779983928735,-13215,3856,-3261,113,872,1551,walking,0.00,0,0,0,0,0
1779983928736,-13001,3795,-3103,176,876,1622,walking,0.00,0,0,0,0,0
1779983928764,-12708,3760,-2983,234,891,1712,walking,0.00,0,0,0,0,0
1779983928765,-12914,3849,-2880,285,908,1809,walking,0.00,0,0,0,0,0
1779983928766,-12707,4317,-2987,323,949,1892,walking,0.00,0,0,0,0,0
1779983928794,-12397,4580,-3060,347,970,1899,walking,0.00,0,0,0,0,0
1779983928794,-12429,4333,-3162,334,984,1875,walking,0.00,0,0,0,0,0
1779983928795,-12560,4228,-3031,263,1010,1862,walking,0.00,0,0,0,0,0
1779983928826,-12133,4575,-2952,162,1051,1847,walking,0.00,0,0,0,0,0
1779983928827,-11866,4453,-2897,35,1069,1774,walking,0.00,0,0,0,0,0
1779983928827,-11723,4576,-2860,-118,1071,1718,walking,0.00,0,0,0,0,0
1779983928853,-11217,5119,-2936,-266,1043,1660,walking,0.00,0,0,0,0,0
1779983928854,-10914,5381,-3177,-413,996,1543,walking,0.00,0,0,0,0,0
1779983928855,-10729,5985,-3379,-537,932,1430,walking,0.00,0,0,0,0,0
1779983928885,-10766,6753,-3460,-604,866,1320,walking,0.00,0,0,0,0,0
1779983928886,-10995,7446,-3487,-591,806,1214,walking,0.00,0,0,0,0,0
1779983928886,-11130,8063,-3617,-505,757,1115,walking,0.00,0,0,0,0,0
1779983928918,-11481,8505,-3758,-386,714,990,walking,0.00,0,0,0,0,0
1779983928919,-12014,8832,-3917,-266,674,837,walking,0.00,0,0,0,0,0
1779983928919,-12622,8975,-4082,-161,628,671,walking,0.00,0,0,0,0,0
1779983928947,-13289,8839,-4271,-76,567,515,walking,0.00,0,0,0,0,0
1779983928947,-13809,8699,-4448,-2,486,377,walking,0.00,0,0,0,0,0
1779983928948,-14102,8710,-4728,61,385,241,walking,0.00,0,0,0,0,0
1779983928976,-14488,8592,-5008,127,266,101,walking,0.00,0,0,0,0,0
1779983928976,-14789,8360,-5289,188,148,-45,walking,0.00,0,0,0,0,0
1779983928977,-15036,8005,-5658,243,36,-186,walking,0.00,0,0,0,0,0
1779983929006,-15389,7527,-5952,280,-75,-321,walking,0.00,0,0,0,0,0
1779983929009,-15730,7129,-6102,302,-160,-431,walking,0.00,0,0,0,0,0
1779983929010,-15876,6864,-6332,298,-275,-649,walking,0.00,0,0,0,0,0
1779983929037,-16072,6899,-6378,268,-322,-784,walking,0.00,0,0,0,0,0
1779983929038,-16639,7126,-6396,218,-357,-937,walking,0.00,0,0,0,0,0
1779983929038,-17497,7313,-6293,164,-386,-1112,walking,0.00,0,0,0,0,0
1779983929067,-18251,7371,-6132,113,-420,-1301,walking,0.00,0,0,0,0,0
1779983929068,-18326,7089,-5976,68,-461,-1487,walking,0.00,0,0,0,0,0
1779983929068,-17283,6279,-5956,36,-507,-1641,walking,0.00,0,0,0,0,0
1779983929093,-15644,5006,-6095,5,-554,-1723,walking,0.00,0,0,0,0,0
1779983929093,-14337,3742,-6245,-47,-606,-1712,walking,0.00,0,0,0,0,0
1779983929096,-13707,2786,-6211,-136,-641,-1632,walking,0.00,0,0,0,0,0
1779983929126,-13747,2436,-6184,-254,-649,-1513,walking,0.00,0,0,0,0,0
1779983929126,-14458,2864,-6093,-354,-641,-1398,walking,0.00,0,0,0,0,0
1779983929127,-15462,3708,-5939,-387,-627,-1328,walking,0.00,0,0,0,0,0
1779983929153,-16407,4684,-5658,-328,-605,-1320,walking,0.00,0,0,0,0,0
1779983929154,-16976,5304,-5360,-182,-574,-1353,walking,0.00,0,0,0,0,0
1779983929154,-17236,5294,-5089,-19,-544,-1396,walking,0.00,0,0,0,0,0
1779983929185,-17810,4646,-4709,88,-524,-1418,walking,0.00,0,0,0,0,0
1779983929186,-17292,4192,-4438,108,-504,-1391,walking,0.00,0,0,0,0,0
1779983929186,-17280,4016,-4215,41,-484,-1337,walking,0.00,0,0,0,0,0
1779983929214,-16796,3107,-3863,-82,-479,-1328,walking,0.00,0,0,0,0,0
1779983929214,-16354,2512,-3789,-262,-453,-1272,walking,0.00,0,0,0,0,0
1779983929215,-15820,3317,-3718,-435,-423,-1142,walking,0.00,0,0,0,0,0
1779983929244,-15181,3961,-3774,-551,-397,-1068,walking,0.00,0,0,0,0,0
1779983929244,-14214,4234,-3942,-622,-385,-1049,walking,0.00,0,0,0,0,0
1779983929245,-13654,4354,-3884,-688,-400,-1044,walking,0.00,0,0,0,0,0
1779983929276,-12982,4469,-3980,-749,-414,-1046,walking,0.00,0,0,0,0,0
1779983929277,-12691,4444,-3966,-803,-440,-1064,walking,0.00,0,0,0,0,0
1779983929278,-12270,4661,-3979,-844,-461,-1063,walking,0.00,0,0,0,0,0
1779983929305,-12286,4882,-3912,-847,-485,-1051,walking,0.00,0,0,0,0,0
1779983929309,-12319,5241,-3825,-799,-480,-982,walking,0.00,0,0,0,0,0
1779983929310,-11990,5715,-3899,-683,-449,-879,walking,0.00,0,0,0,0,0
1779983929334,-12179,5099,-3861,-569,-456,-858,walking,0.00,0,0,0,0,0
1779983929335,-12566,4817,-3791,-493,-459,-794,walking,0.00,0,0,0,0,0
1779983929335,-12232,4692,-3838,-444,-442,-704,walking,0.00,0,0,0,0,0
1779983929364,-11898,4372,-3958,-431,-447,-654,walking,0.00,0,0,0,0,0
1779983929364,-11778,4183,-4159,-461,-466,-611,walking,0.00,0,0,0,0,0
1779983929365,-11864,4226,-4372,-514,-486,-574,walking,0.00,0,0,0,0,0
1779983929394,-11962,4120,-4701,-580,-495,-554,walking,0.00,0,0,0,0,0
1779983929395,-12212,4327,-5028,-653,-504,-537,walking,0.00,0,0,0,0,0
1779983929395,-12595,4390,-5259,-703,-499,-532,walking,0.00,0,0,0,0,0
1779983929428,-12693,4378,-5427,-751,-477,-510,walking,0.00,0,0,0,0,0
1779983929428,-12829,4754,-5480,-775,-456,-482,walking,0.00,0,0,0,0,0
1779983929429,-12798,4862,-5724,-772,-432,-476,walking,0.00,0,0,0,0,0
1779983929454,-12829,4801,-5919,-769,-422,-480,walking,0.00,0,0,0,0,0
1779983929455,-12806,5007,-5905,-773,-414,-471,walking,0.00,0,0,0,0,0
1779983929455,-12911,5489,-5939,-754,-417,-462,walking,0.00,0,0,0,0,0
1779983929484,-13364,5881,-6147,-710,-435,-466,walking,0.00,0,0,0,0,0
1779983929486,-14487,6133,-6287,-651,-455,-473,walking,0.00,0,0,0,0,0
1779983929487,-15903,6297,-6465,-586,-461,-481,walking,0.00,0,0,0,0,0
1779983929517,-17323,6391,-6673,-525,-456,-485,walking,0.00,0,0,0,0,0
1779983929518,-18659,6358,-6843,-481,-440,-493,walking,0.00,0,0,0,0,0
1779983929519,-19599,6201,-6925,-454,-412,-507,walking,0.00,0,0,0,0,0
1779983929544,-20202,6168,-6883,-427,-382,-509,walking,0.00,0,0,0,0,0
1779983929545,-20553,6316,-6744,-373,-354,-486,walking,0.00,0,0,0,0,0
1779983929545,-21028,6026,-6424,-289,-307,-423,walking,0.00,0,0,0,0,0
1779983929576,-20946,5685,-6405,-193,-237,-312,walking,0.00,0,0,0,0,0
1779983929576,-20848,5026,-6261,-135,-197,-210,walking,0.00,0,0,0,0,0
1779983929577,-20305,4737,-6270,-124,-174,-105,walking,0.00,0,0,0,0,0
1779983929609,-19985,4698,-6396,-141,-173,-35,walking,0.00,0,0,0,0,0
1779983929610,-20176,5128,-6558,-176,-183,1,walking,0.00,0,0,0,0,0
1779983929610,-20995,6157,-6558,-202,-193,18,walking,0.00,0,0,0,0,0
1779983929634,-21879,7399,-6518,-159,-177,20,walking,0.00,0,0,0,0,0
1779983929636,-21782,7538,-6183,-37,-125,-24,walking,0.00,0,0,0,0,0
1779983929636,-20148,6828,-5778,128,-20,-22,walking,0.00,0,0,0,0,0
1779983929667,-18002,6017,-5383,289,95,63,walking,0.00,0,0,0,0,0
1779983929668,-16080,5473,-4904,423,180,197,walking,0.00,0,0,0,0,0
1779983929668,-15138,4870,-4345,514,227,338,walking,0.00,0,0,0,0,0
1779983929696,-15056,4638,-4011,573,264,480,walking,0.00,0,0,0,0,0
1779983929696,-16091,4947,-3697,627,291,616,walking,0.00,0,0,0,0,0
1779983929697,-17382,5743,-3378,706,331,716,walking,0.00,0,0,0,0,0
1779983929726,-18389,6108,-3301,808,402,744,walking,0.00,0,0,0,0,0
1779983929728,-19069,5870,-3248,891,480,743,walking,0.00,0,0,0,0,0
1779983929729,-19558,5637,-3154,920,550,749,walking,0.00,0,0,0,0,0
1779983929762,-19690,5534,-3038,901,612,757,walking,0.00,0,0,0,0,0
1779983929763,-19510,5376,-2862,855,660,760,walking,0.00,0,0,0,0,0
1779983929763,-19046,5147,-2730,799,698,771,walking,0.00,0,0,0,0,0
1779983929785,-18481,5040,-2694,742,722,800,walking,0.00,0,0,0,0,0
1779983929786,-17884,4899,-2681,692,734,838,walking,0.00,0,0,0,0,0
1779983929786,-17379,4850,-2704,657,732,885,walking,0.00,0,0,0,0,0
1779983929814,-17002,4698,-2778,644,732,942,walking,0.00,0,0,0,0,0
1779983929817,-16815,4303,-2894,639,748,1015,walking,0.00,0,0,0,0,0
1779983929819,-16424,3859,-3053,626,776,1112,walking,0.00,0,0,0,0,0
1779983929844,-16032,3451,-3160,581,820,1214,walking,0.00,0,0,0,0,0
1779983929845,-15274,3190,-3016,514,856,1307,walking,0.00,0,0,0,0,0
1779983929845,-15016,2896,-2883,440,877,1374,walking,0.00,0,0,0,0,0
1779983929875,-14442,3313,-2822,373,908,1474,walking,0.00,0,0,0,0,0
1779983929876,-13917,3728,-2722,336,929,1567,walking,0.00,0,0,0,0,0
1779983929877,-13480,3870,-2698,321,940,1633,walking,0.00,0,0,0,0,0
1779983929905,-13311,3968,-2662,299,933,1683,walking,0.00,0,0,0,0,0
1779983929909,-13132,4272,-2583,263,933,1725,walking,0.00,0,0,0,0,0
1779983929910,-12940,4308,-2700,228,940,1744,walking,0.00,0,0,0,0,0
1779983929938,-13017,4314,-2713,189,952,1774,walking,0.00,0,0,0,0,0
1779983929939,-12964,4861,-2661,165,992,1851,walking,0.00,0,0,0,0,0
1779983929942,-12199,5434,-2892,164,1034,1892,walking,0.00,0,0,0,0,0
1779983929967,-12009,5517,-2897,162,1014,1856,walking,0.00,0,0,0,0,0
1779983929996,-11907,5773,-2946,147,988,1824,walking,0.00,0,0,0,0,0
1779983930000,-11717,6064,-3117,140,960,1781,walking,0.00,0,0,0,0,0
1779983930001,-11495,6342,-3277,142,924,1717,walking,0.00,0,0,0,0,0
1779983930001,-11366,6666,-3399,148,883,1633,walking,0.00,0,0,0,0,0
1779983930002,-11346,6779,-3543,151,840,1533,walking,0.00,0,0,0,0,0
1779983930029,-11484,6841,-3627,161,796,1439,walking,0.00,0,0,0,0,0
1779983930029,-11088,7194,-3743,175,757,1343,walking,0.00,0,0,0,0,0
1779983930030,-11157,7292,-3838,193,701,1221,walking,0.00,0,0,0,0,0
1779983930053,-11055,7729,-3996,214,648,1105,walking,0.00,0,0,0,0,0
1779983930058,-11215,7672,-4105,226,578,927,walking,0.00,0,0,0,0,0
1779983930058,-11908,7525,-4191,222,502,756,walking,0.00,0,0,0,0,0
1779983930087,-13057,8073,-4131,226,467,665,walking,0.00,0,0,0,0,0
1779983930088,-13058,8539,-4468,270,465,566,walking,0.00,0,0,0,0,0
1779983930088,-13747,8406,-4653,331,401,400,walking,0.00,0,0,0,0,0
1779983930117,-14468,8208,-4902,364,324,256,walking,0.00,0,0,0,0,0
1779983930118,-15455,7647,-5432,342,130,-58,walking,0.00,0,0,0,0,0
1779983930118,-15652,7112,-5645,279,24,-225,walking,0.00,0,0,0,0,0
1779983930144,-15776,6681,-5917,186,-81,-368,walking,0.00,0,0,0,0,0
1779983930145,-15819,6413,-6092,79,-181,-494,walking,0.00,0,0,0,0,0
1779983930145,-15674,6260,-6269,-26,-272,-611,walking,0.00,0,0,0,0,0
1779983930175,-15560,6369,-6406,-129,-360,-730,walking,0.00,0,0,0,0,0
1779983930175,-15896,6639,-6370,-227,-447,-867,walking,0.00,0,0,0,0,0
1779983930176,-16661,6926,-6217,-310,-522,-1018,walking,0.00,0,0,0,0,0
1779983930204,-17315,7144,-6121,-362,-578,-1180,walking,0.00,0,0,0,0,0
1779983930205,-17447,7257,-6091,-375,-624,-1349,walking,0.00,0,0,0,0,0
1779983930206,-16993,6995,-6088,-354,-671,-1510,walking,0.00,0,0,0,0,0
1779983930235,-16165,6253,-6106,-323,-716,-1631,walking,0.00,0,0,0,0,0
1779983930235,-15222,5312,-6013,-291,-752,-1685,walking,0.00,0,0,0,0,0
1779983930236,-14420,4520,-5925,-255,-774,-1667,walking,0.00,0,0,0,0,0
1779983930266,-13804,4001,-5939,-221,-783,-1594,walking,0.00,0,0,0,0,0
1779983930267,-13606,3735,-5791,-183,-786,-1490,walking,0.00,0,0,0,0,0
1779983930267,-13992,3732,-5493,-128,-784,-1380,walking,0.00,0,0,0,0,0
1779983930294,-14939,3764,-5158,-49,-771,-1286,walking,0.00,0,0,0,0,0
1779983930295,-16048,3897,-4804,47,-744,-1216,walking,0.00,0,0,0,0,0
1779983930296,-16916,3953,-4498,138,-707,-1174,walking,0.00,0,0,0,0,0
1779983930325,-17450,4005,-4319,197,-668,-1148,walking,0.00,0,0,0,0,0
1779983930326,-17425,4006,-4437,202,-639,-1146,walking,0.00,0,0,0,0,0
1779983930327,-18049,3881,-3999,144,-638,-1171,walking,0.00,0,0,0,0,0
1779983930354,-17727,2858,-3952,19,-597,-1222,walking,0.00,0,0,0,0,0
1779983930355,-17006,2660,-4165,-170,-548,-1179,walking,0.00,0,0,0,0,0
1779983930355,-16506,3251,-4179,-366,-510,-1081,walking,0.00,0,0,0,0,0
1779983930383,-16025,3513,-4151,-519,-470,-1036,walking,0.00,0,0,0,0,0
1779983930385,-15171,3453,-4175,-639,-435,-1029,walking,0.00,0,0,0,0,0
1779983930386,-14225,3324,-4227,-748,-417,-1025,walking,0.00,0,0,0,0,0
1779983930420,-13363,3471,-4252,-848,-411,-1005,walking,0.00,0,0,0,0,0
1779983930421,-12588,3755,-4242,-918,-408,-973,walking,0.00,0,0,0,0,0
1779983930421,-12147,3864,-4194,-968,-414,-957,walking,0.00,0,0,0,0,0
1779983930444,-12072,3971,-4106,-1000,-414,-921,walking,0.00,0,0,0,0,0
1779983930445,-12056,4069,-4246,-1003,-391,-849,walking,0.00,0,0,0,0,0
1779983930446,-12290,4307,-4809,-1003,-349,-799,walking,0.00,0,0,0,0,0
1779983930475,-12598,4398,-5215,-1023,-300,-742,walking,0.00,0,0,0,0,0
1779983930477,-12289,3809,-5366,-1055,-230,-692,walking,0.00,0,0,0,0,0
1779983930478,-12243,3672,-4875,-1140,-195,-680,walking,0.00,0,0,0,0,0
1779983930504,-12152,5046,-4186,-1150,-193,-592,walking,0.00,0,0,0,0,0
1779983930504,-12017,6092,-4257,-1052,-187,-563,walking,0.00,0,0,0,0,0
1779983930505,-11911,6113,-4624,-900,-201,-575,walking,0.00,0,0,0,0,0
1779983930536,-12174,6058,-4805,-783,-231,-569,walking,0.00,0,0,0,0,0
1779983930566,-12598,6104,-4970,-705,-247,-577,walking,0.00,0,0,0,0,0
1779983930567,-12624,5363,-5177,-670,-252,-596,walking,0.00,0,0,0,0,0
1779983930567,-12680,5267,-5283,-670,-282,-605,walking,0.00,0,0,0,0,0
1779983930568,-12901,5283,-5417,-670,-323,-638,walking,0.00,0,0,0,0,0
1779983930569,-13277,4989,-5661,-685,-354,-688,walking,0.00,0,0,0,0,0
1779983930595,-13723,4897,-5894,-726,-372,-714,walking,0.00,0,0,0,0,0
1779983930600,-13936,5300,-6028,-767,-386,-717,walking,0.00,0,0,0,0,0
1779983930600,-13891,5944,-6171,-757,-401,-716,walking,0.00,0,0,0,0,0
1779983930624,-13879,6433,-6373,-682,-426,-724,walking,0.00,0,0,0,0,0
1779983930624,-14166,6607,-6577,-559,-464,-729,walking,0.00,0,0,0,0,0
1779983930654,-14836,6531,-6801,-423,-499,-725,walking,0.00,0,0,0,0,0
1779983930662,-15749,6359,-6988,-299,-521,-711,walking,0.00,0,0,0,0,0
1779983930662,-16704,6224,-7100,-202,-529,-690,walking,0.00,0,0,0,0,0
1779983930663,-17732,6181,-7156,-133,-528,-675,walking,0.00,0,0,0,0,0
1779983930686,-18622,6060,-6963,-84,-523,-667,walking,0.00,0,0,0,0,0
1779983930687,-19389,6018,-6668,-36,-490,-635,walking,0.00,0,0,0,0,0
1779983930688,-19826,5992,-6570,30,-439,-570,walking,0.00,0,0,0,0,0
1779983930716,-20377,5697,-6277,102,-386,-486,walking,0.00,0,0,0,0,0
1779983930717,-20569,5226,-6092,163,-321,-378,walking,0.00,0,0,0,0,0
1779983930718,-20267,4346,-6014,169,-264,-271,walking,0.00,0,0,0,0,0
1779983930742,-20326,3447,-5866,82,-238,-184,walking,0.00,0,0,0,0,0
1779983930745,-20162,3501,-5801,-65,-214,-86,walking,0.00,0,0,0,0,0
1779983930745,-19531,4054,-6039,-206,-187,-8,walking,0.00,0,0,0,0,0
1779983930774,-19244,4592,-6236,-311,-173,31,walking,0.00,0,0,0,0,0
1779983930775,-19541,5421,-6366,-375,-163,60,walking,0.00,0,0,0,0,0
1779983930776,-20289,6301,-6396,-382,-137,83,walking,0.00,0,0,0,0,0
1779983930807,-20765,6865,-6308,-331,-84,97,walking,0.00,0,0,0,0,0
1779983930808,-20237,6806,-6084,-221,-14,98,walking,0.00,0,0,0,0,0
1779983930809,-18834,6117,-5634,-97,76,129,walking,0.00,0,0,0,0,0
1779983930834,-17256,5570,-5320,23,163,217,walking,0.00,0,0,0,0,0
1779983930834,-15913,5116,-4945,138,226,345,walking,0.00,0,0,0,0,0
1779983930835,-15171,4833,-4636,245,270,487,walking,0.00,0,0,0,0,0
1779983930865,-14930,4909,-4396,345,309,628,walking,0.00,0,0,0,0,0
1779983930866,-15457,5236,-4083,455,338,749,walking,0.00,0,0,0,0,0
1779983930867,-16075,5570,-3890,576,373,833,walking,0.00,0,0,0,0,0
1779983930899,-16500,5756,-3722,698,418,873,walking,0.00,0,0,0,0,0
1779983930900,-16871,5839,-3564,806,459,885,walking,0.00,0,0,0,0,0
1779983930901,-17198,6023,-3416,887,482,878,walking,0.00,0,0,0,0,0
1779983930926,-17506,6550,-3316,947,497,846,walking,0.00,0,0,0,0,0
1779983930933,-17643,7042,-3133,1014,504,801,walking,0.00,0,0,0,0,0
1779983930933,-17804,6858,-2875,1106,516,750,walking,0.00,0,0,0,0,0
1779983930956,-17959,6637,-2987,1173,552,710,walking,0.00,0,0,0,0,0
1779983930957,-18149,6371,-2952,1188,588,719,walking,0.00,0,0,0,0,0
1779983930958,-18100,5715,-2941,1185,645,778,walking,0.00,0,0,0,0,0
1779983930984,-17859,5048,-3006,1150,716,864,walking,0.00,0,0,0,0,0
1779983931019,-17613,4347,-2931,1049,777,952,walking,0.00,0,0,0,0,0
1779983931020,-16945,3839,-2801,895,826,1034,walking,0.00,0,0,0,0,0
1779983931021,-16231,3465,-2710,717,849,1092,walking,0.00,0,0,0,0,0
1779983931022,-15726,3360,-2769,538,859,1164,walking,0.00,0,0,0,0,0
1779983931024,-14994,3673,-2797,403,881,1285,walking,0.00,0,0,0,0,0
1779983931043,-14503,3764,-2877,316,898,1382,walking,0.00,0,0,0,0,0
1779983931044,-13942,3631,-3036,246,918,1454,walking,0.00,0,0,0,0,0
1779983931045,-14202,3726,-2878,177,925,1520,walking,0.00,0,0,0,0,0
1779983931075,-13145,4202,-3030,130,989,1622,walking,0.00,0,0,0,0,0
1779983931077,-12405,3950,-3094,80,988,1623,walking,0.00,0,0,0,0,0
1779983931077,-12210,4130,-3225,26,959,1646,walking,0.00,0,0,0,0,0
1779983931104,-11968,4688,-3264,-7,942,1692,walking,0.00,0,0,0,0,0
1779983931104,-11800,5202,-3320,4,940,1700,walking,0.00,0,0,0,0,0
1779983931105,-11730,5408,-3470,37,949,1665,walking,0.00,0,0,0,0,0
1779983931134,-11632,5570,-3522,67,962,1614,walking,0.00,0,0,0,0,0
1779983931135,-11526,5838,-3385,89,968,1551,walking,0.00,0,0,0,0,0
1779983931135,-11434,6077,-3210,114,958,1477,walking,0.00,0,0,0,0,0
1779983931165,-11513,6181,-3158,138,934,1392,walking,0.00,0,0,0,0,0
1779983931166,-11636,6446,-3192,146,915,1300,walking,0.00,0,0,0,0,0
1779983931167,-11782,6763,-3249,150,895,1208,walking,0.00,0,0,0,0,0
1779983931193,-11959,6909,-3363,163,873,1120,walking,0.00,0,0,0,0,0
1779983931199,-12196,6996,-3465,174,850,1037,walking,0.00,0,0,0,0,0
1779983931200,-12160,7079,-3585,189,823,955,walking,0.00,0,0,0,0,0
1779983931225,-12268,6965,-3697,205,770,850,walking,0.00,0,0,0,0,0
1779983931226,-12877,7113,-4171,204,643,582,walking,0.00,0,0,0,0,0
1779983931227,-13656,7020,-4338,174,573,430,walking,0.00,0,0,0,0,0
1779983931257,-14712,7188,-4407,138,526,330,walking,0.00,0,0,0,0,0
1779983931283,-14814,7654,-4643,122,510,253,walking,0.00,0,0,0,0,0
1779983931283,-15087,7563,-4909,109,450,114,walking,0.00,0,0,0,0,0
1779983931284,-15703,7266,-5083,73,366,-27,walking,0.00,0,0,0,0,0
1779983931285,-16171,7022,-5243,13,278,-144,walking,0.00,0,0,0,0,0
1779983931285,-16378,6974,-5436,-61,185,-255,walking,0.00,0,0,0,0,0
1779983931314,-16516,6990,-5552,-135,88,-369,walking,0.00,0,0,0,0,0
1779983931316,-16570,6901,-5745,-188,-11,-475,walking,0.00,0,0,0,0,0
1779983931317,-16376,6934,-5948,-219,-107,-565,walking,0.00,0,0,0,0,0
1779983931343,-16024,7112,-6092,-227,-200,-651,walking,0.00,0,0,0,0,0
1779983931344,-15964,7229,-6237,-211,-291,-744,walking,0.00,0,0,0,0,0
1779983931344,-16448,7189,-6307,-187,-371,-844,walking,0.00,0,0,0,0,0
1779983931373,-17342,7249,-6280,-171,-426,-946,walking,0.00,0,0,0,0,0
1779983931373,-18207,7275,-6138,-162,-457,-1059,walking,0.00,0,0,0,0,0
1779983931374,-18460,6974,-5931,-147,-479,-1186,walking,0.00,0,0,0,0,0
1779983931409,-17610,6476,-5837,-136,-507,-1311,walking,0.00,0,0,0,0,0
1779983931410,-16141,5697,-5841,-139,-549,-1402,walking,0.00,0,0,0,0,0
1779983931410,-14755,4803,-5918,-153,-598,-1437,walking,0.00,0,0,0,0,0
1779983931435,-13692,4043,-6084,-177,-639,-1409,walking,0.00,0,0,0,0,0
1779983931436,-13008,3562,-6175,-201,-660,-1330,walking,0.00,0,0,0,0,0
1779983931437,-12834,3390,-6281,-209,-659,-1230,walking,0.00,0,0,0,0,0
1779983931466,-13228,3390,-6332,-207,-638,-1143,walking,0.00,0,0,0,0,0
1779983931466,-14043,3539,-6259,-188,-601,-1076,walking,0.00,0,0,0,0,0
1779983931467,-14907,3816,-6043,-151,-559,-1037,walking,0.00,0,0,0,0,0
1779983931498,-15425,4125,-5844,-103,-527,-1024,walking,0.00,0,0,0,0,0
1779983931498,-15780,4367,-5713,-57,-508,-1037,walking,0.00,0,0,0,0,0
1779983931499,-16277,4274,-5550,-34,-497,-1060,walking,0.00,0,0,0,0,0
1779983931525,-16592,3821,-5489,-42,-475,-1067,walking,0.00,0,0,0,0,0
1779983931525,-16299,3333,-5539,-87,-437,-1037,walking,0.00,0,0,0,0,0
1779983931526,-15806,3028,-5686,-178,-390,-968,walking,0.00,0,0,0,0,0
1779983931556,-15428,2836,-5678,-290,-349,-889,walking,0.00,0,0,0,0,0
1779983931557,-15117,2796,-5819,-414,-314,-831,walking,0.00,0,0,0,0,0
1779983931558,-14848,3006,-5872,-536,-285,-794,walking,0.00,0,0,0,0,0
1779983931585,-14388,3367,-6040,-631,-256,-770,walking,0.00,0,0,0,0,0
1779983931585,-13766,3844,-6212,-684,-242,-755,walking,0.00,0,0,0,0,0
1779983931586,-13290,4180,-6414,-691,-231,-736,walking,0.00,0,0,0,0,0
1779983931615,-12964,4467,-6491,-663,-222,-708,walking,0.00,0,0,0,0,0
1779983931615,-12848,4490,-6472,-615,-211,-689,walking,0.00,0,0,0,0,0
1779983931616,-12829,4404,-6488,-566,-194,-667,walking,0.00,0,0,0,0,0
1779983931648,-12867,4450,-6404,-514,-177,-638,walking,0.00,0,0,0,0,0
1779983931648,-12897,4588,-6294,-458,-159,-601,walking,0.00,0,0,0,0,0
1779983931649,-12844,4769,-6202,-394,-145,-564,walking,0.00,0,0,0,0,0
1779983931676,-12744,4833,-6189,-329,-137,-536,walking,0.00,0,0,0,0,0
1779983931677,-12677,4850,-6140,-274,-139,-523,walking,0.00,0,0,0,0,0
1779983931678,-12674,4782,-6217,-235,-147,-517,walking,0.00,0,0,0,0,0
1779983931706,-12674,4722,-6280,-212,-155,-518,walking,0.00,0,0,0,0,0
1779983931707,-12702,4714,-6439,-204,-164,-528,walking,0.00,0,0,0,0,0
1779983931708,-12708,4769,-6510,-212,-174,-549,walking,0.00,0,0,0,0,0
1779983931735,-12700,4856,-6600,-224,-182,-577,walking,0.00,0,0,0,0,0
1779983931736,-12759,4924,-6584,-228,-187,-603,walking,0.00,0,0,0,0,0
1779983931743,-12875,4943,-6496,-229,-195,-622,walking,0.00,0,0,0,0,0
1779983931765,-13115,4964,-6388,-225,-203,-628,walking,0.00,0,0,0,0,0
1779983931765,-13315,5001,-6355,-213,-205,-631,walking,0.00,0,0,0,0,0
1779983931766,-13405,5083,-6364,-196,-214,-635,walking,0.00,0,0,0,0,0
1779983931803,-13436,5176,-6258,-169,-233,-643,walking,0.00,0,0,0,0,0
1779983931804,-13574,5384,-6204,-131,-242,-641,walking,0.00,0,0,0,0,0
1779983931805,-13765,5498,-6055,-82,-263,-613,walking,0.00,0,0,0,0,0
1779983931825,-14224,5361,-5954,-11,-299,-517,walking,0.00,0,0,0,0,0
1779983931826,-15110,5267,-6025,67,-346,-342,walking,0.00,0,0,0,0,0
1779983931826,-16346,5822,-6176,131,-381,-139,walking,0.00,0,0,0,0,0
1779983931856,-17732,6871,-6158,213,-395,23,walking,0.00,0,0,0,0,0
1779983931857,-18929,7480,-6388,340,-371,136,walking,0.00,0,0,0,0,0
1779983931857,-19882,7245,-6633,481,-340,241,walking,0.00,0,0,0,0,0
1779983931886,-20334,6611,-6672,579,-296,363,walking,0.00,0,0,0,0,0
1779983931890,-20277,5716,-6615,585,-241,492,walking,0.00,0,0,0,0,0
1779983931891,-20313,4836,-6495,481,-201,611,walking,0.00,0,0,0,0,0
1779983931915,-20693,4311,-6239,291,-194,709,walking,0.00,0,0,0,0,0
1779983931918,-20840,4433,-5887,72,-200,767,walking,0.00,0,0,0,0,0
1779983931918,-20021,4869,-5688,-130,-219,751,walking,0.00,0,0,0,0,0
1779983931944,-18814,5177,-5547,-288,-292,645,walking,0.00,0,0,0,0,0
1779983931944,-17968,5385,-5438,-391,-409,477,walking,0.00,0,0,0,0,0
1779983931945,-17589,5613,-5224,-421,-528,285,walking,0.00,0,0,0,0,0
1779983931974,-17494,5868,-5279,-384,-609,104,walking,0.00,0,0,0,0,0
1779983931976,-17526,6032,-5368,-276,-654,-31,walking,0.00,0,0,0,0,0
1779983931976,-17278,6092,-5265,-97,-666,-110,walking,0.00,0,0,0,0,0
1779983932009,-16419,5720,-5068,134,-640,-154,walking,0.00,0,0,0,0,0
1779983932034,-15220,5019,-4758,377,-602,-177,walking,0.00,0,0,0,0,0
1779983932035,-14170,4500,-4483,599,-571,-161,walking,0.00,0,0,0,0,0
1779983932035,-13436,4091,-4328,776,-556,-136,walking,0.00,0,0,0,0,0
1779983932040,-13061,3825,-4156,907,-553,-118,walking,0.00,0,0,0,0,0
1779983932040,-13012,3701,-3891,998,-566,-101,walking,0.00,0,0,0,0,0
1779983932067,-13223,3829,-3766,1056,-579,-97,walking,0.00,0,0,0,0,0
1779983932098,-13343,4264,-3764,1099,-577,-119,walking,0.00,0,0,0,0,0
1779983932098,-13550,4765,-3853,1140,-562,-152,walking,0.00,0,0,0,0,0
1779983932099,-14037,5288,-3958,1186,-528,-179,walking,0.00,0,0,0,0,0
1779983932099,-14891,5709,-3954,1234,-474,-200,walking,0.00,0,0,0,0,0
1779983932100,-15659,6027,-3724,1278,-401,-224,walking,0.00,0,0,0,0,0
1779983932125,-16179,6054,-3506,1312,-308,-254,walking,0.00,0,0,0,0,0
1779983932126,-16513,5983,-3464,1320,-211,-274,walking,0.00,0,0,0,0,0
1779983932127,-16989,5542,-3182,1295,-129,-293,walking,0.00,0,0,0,0,0
1779983932156,-17096,5110,-3189,1237,-32,-285,walking,0.00,0,0,0,0,0
1779983932157,-16798,4856,-3216,1149,60,-236,walking,0.00,0,0,0,0,0
1779983932158,-16349,4524,-3161,1041,134,-178,walking,0.00,0,0,0,0,0
1779983932184,-15811,4041,-3096,923,197,-101,walking,0.00,0,0,0,0,0
1779983932186,-15253,3653,-3131,792,250,-4,walking,0.00,0,0,0,0,0
1779983932189,-14740,3377,-3091,652,287,112,walking,0.00,0,0,0,0,0
1779983932215,-14343,3247,-3185,522,319,235,walking,0.00,0,0,0,0,0
1779983932216,-14080,3329,-3297,410,348,348,walking,0.00,0,0,0,0,0
1779983932217,-13981,3595,-3358,322,366,442,walking,0.00,0,0,0,0,0
1779983932243,-13940,3927,-3499,264,382,517,walking,0.00,0,0,0,0,0
1779983932244,-13937,4130,-3607,232,404,579,walking,0.00,0,0,0,0,0
1779983932245,-13838,4306,-3710,215,433,642,walking,0.00,0,0,0,0,0
1779983932273,-13650,4462,-3716,215,460,717,walking,0.00,0,0,0,0,0
1779983932274,-13487,4608,-3646,219,477,789,walking,0.00,0,0,0,0,0
1779983932275,-13321,4843,-3532,222,485,843,walking,0.00,0,0,0,0,0
1779983932305,-13176,5174,-3428,235,479,879,walking,0.00,0,0,0,0,0
1779983932306,-13207,5474,-3306,273,465,901,walking,0.00,0,0,0,0,0
1779983932307,-12897,5724,-3263,334,455,913,walking,0.00,0,0,0,0,0
1779983932333,-13477,5828,-3172,506,449,959,walking,0.00,0,0,0,0,0
1779983932334,-13523,5819,-3147,582,456,958,walking,0.00,0,0,0,0,0
1779983932334,-13713,5245,-3064,624,453,910,walking,0.00,0,0,0,0,0
1779983932364,-14030,4644,-3067,617,467,876,walking,0.00,0,0,0,0,0
1779983932365,-14444,4325,-3123,575,487,881,walking,0.00,0,0,0,0,0
1779983932367,-14731,4400,-3063,517,508,894,walking,0.00,0,0,0,0,0
1779983932400,-15028,4553,-3056,456,521,879,walking,0.00,0,0,0,0,0
1779983932401,-15458,4699,-3105,387,526,832,walking,0.00,0,0,0,0,0
1779983932401,-16039,4950,-3213,317,518,759,walking,0.00,0,0,0,0,0
1779983932426,-16893,5301,-3273,254,492,667,walking,0.00,0,0,0,0,0
1779983932431,-17872,5421,-3267,205,470,550,walking,0.00,0,0,0,0,0
1779983932432,-18723,5296,-3256,163,461,432,walking,0.00,0,0,0,0,0
1779983932455,-19537,5037,-3263,109,456,334,walking,0.00,0,0,0,0,0
1779983932455,-20092,4628,-3181,30,454,250,walking,0.00,0,0,0,0,0
1779983932456,-20043,4159,-3047,-71,457,177,walking,0.00,0,0,0,0,0
1779983932489,-19424,3849,-3043,-182,448,115,walking,0.00,0,0,0,0,0
1779983932490,-18786,3797,-3108,-291,404,59,walking,0.00,0,0,0,0,0
1779983932491,-18518,3852,-3195,-389,333,-2,walking,0.00,0,0,0,0,0
1779983932519,-18541,4008,-3360,-463,257,-75,walking,0.00,0,0,0,0,0
1779983932520,-18629,4341,-3579,-510,186,-159,walking,0.00,0,0,0,0,0
1779983932522,-19023,4655,-3646,-527,110,-264,walking,0.00,0,0,0,0,0
1779983932547,-19788,4694,-3578,-526,38,-386,walking,0.00,0,0,0,0,0
1779983932548,-20343,4428,-3515,-524,-10,-499,walking,0.00,0,0,0,0,0
1779983932548,-19881,4067,-3603,-513,-33,-578,walking,0.00,0,0,0,0,0
1779983932574,-18160,3680,-3795,-473,-54,-619,walking,0.00,0,0,0,0,0
1779983932575,-16184,3064,-3978,-408,-97,-631,walking,0.00,0,0,0,0,0
1779983932575,-14771,2441,-4060,-337,-163,-615,walking,0.00,0,0,0,0,0
1779983932605,-14087,2088,-4138,-274,-218,-570,walking,0.00,0,0,0,0,0
1779983932606,-13963,2058,-4182,-206,-252,-507,walking,0.00,0,0,0,0,0
1779983932606,-14391,2112,-4154,-125,-268,-444,walking,0.00,0,0,0,0,0
1779983932633,-15151,2139,-4037,-36,-268,-399,walking,0.00,0,0,0,0,0
1779983932634,-15764,2234,-3942,40,-255,-381,walking,0.00,0,0,0,0,0
1779983932635,-16089,2382,-3812,82,-238,-393,walking,0.00,0,0,0,0,0
1779983932665,-16159,2433,-3706,92,-229,-426,walking,0.00,0,0,0,0,0
1779983932666,-16312,2421,-3495,64,-240,-458,walking,0.00,0,0,0,0,0
1779983932666,-16802,2089,-3203,-16,-258,-479,walking,0.00,0,0,0,0,0
1779983932697,-17252,1850,-3322,-142,-245,-483,walking,0.00,0,0,0,0,0
1779983932698,-17259,2179,-3712,-287,-215,-463,walking,0.00,0,0,0,0,0
1779983932699,-17070,2350,-3800,-415,-193,-440,walking,0.00,0,0,0,0,0
1779983932725,-16532,2261,-3953,-528,-157,-449,walking,0.00,0,0,0,0,0
1779983932726,-15922,2082,-4097,-660,-133,-474,walking,0.00,0,0,0,0,0
1779983932727,-15293,2295,-4249,-790,-124,-490,walking,0.00,0,0,0,0,0
1779983932756,-14418,2952,-4388,-876,-133,-499,walking,0.00,0,0,0,0,0
1779983932757,-13692,3317,-4584,-926,-160,-522,walking,0.00,0,0,0,0,0
1779983932758,-13379,2776,-4856,-978,-170,-551,walking,0.00,0,0,0,0,0
1779983932788,-13105,3074,-5514,-1054,-138,-543,walking,0.00,0,0,0,0,0
1779983932789,-12386,3730,-5175,-1081,-144,-494,walking,0.00,0,0,0,0,0
1779983932790,-11870,3706,-4423,-997,-168,-490,walking,0.00,0,0,0,0,0
1779983932814,-11611,4729,-4320,-820,-169,-408,walking,0.00,0,0,0,0,0
1779983932815,-11599,5248,-4121,-586,-194,-339,walking,0.00,0,0,0,0,0
1779983932816,-11661,5108,-4117,-327,-204,-279,walking,0.00,0,0,0,0,0
1779983932847,-11722,4758,-4183,-105,-201,-214,walking,0.00,0,0,0,0,0
1779983932848,-11839,4119,-4247,37,-208,-172,walking,0.00,0,0,0,0,0
1779983932849,-11800,3452,-4194,89,-215,-157,walking,0.00,0,0,0,0,0
1779983932873,-11689,2911,-4230,61,-222,-145,walking,0.00,0,0,0,0,0
1779983932874,-11738,2799,-4510,-31,-229,-137,walking,0.00,0,0,0,0,0
1779983932875,-11858,2882,-4678,-152,-232,-144,walking,0.00,0,0,0,0,0
1779983932905,-12104,2826,-4822,-285,-230,-160,walking,0.00,0,0,0,0,0
1779983932906,-12289,3037,-5064,-428,-214,-173,walking,0.00,0,0,0,0,0
1779983932907,-12428,3177,-5249,-566,-195,-200,walking,0.00,0,0,0,0,0
1779983932938,-12528,3354,-5390,-698,-184,-231,walking,0.00,0,0,0,0,0
1779983932939,-12557,3717,-5496,-811,-180,-259,walking,0.00,0,0,0,0,0
1779983932939,-12584,4248,-5633,-887,-182,-287,walking,0.00,0,0,0,0,0
1779983932964,-12677,4759,-5727,-912,-194,-319,walking,0.00,0,0,0,0,0
1779983932965,-12929,5150,-5845,-889,-205,-351,walking,0.00,0,0,0,0,0
1779983932966,-13343,5442,-6013,-840,-217,-379,walking,0.00,0,0,0,0,0
1779983932999,-13982,5781,-6184,-779,-241,-403,walking,0.00,0,0,0,0,0
1779983933000,-14899,6023,-6375,-703,-271,-433,walking,0.00,0,0,0,0,0
1779983933001,-15938,6323,-6503,-616,-299,-467,walking,0.00,0,0,0,0,0
1779983933027,-17137,6542,-6370,-511,-318,-496,walking,0.00,0,0,0,0,0
1779983933029,-18332,6333,-6237,-401,-313,-540,walking,0.00,0,0,0,0,0
1779983933031,-19333,5754,-5946,-317,-290,-566,walking,0.00,0,0,0,0,0
1779983933053,-20020,5166,-5644,-261,-252,-528,walking,0.00,0,0,0,0,0
1779983933054,-20146,4958,-5562,-222,-210,-444,walking,0.00,0,0,0,0,0
1779983933054,-20451,4534,-5448,-213,-202,-368,walking,0.00,0,0,0,0,0
1779983933088,-20772,4084,-5380,-248,-204,-293,walking,0.00,0,0,0,0,0
1779983933088,-20896,3983,-5323,-317,-207,-228,walking,0.00,0,0,0,0,0
1779983933088,-20929,4188,-5378,-396,-209,-181,walking,0.00,0,0,0,0,0
1779983933119,-21363,4550,-5457,-465,-216,-149,walking,0.00,0,0,0,0,0
1779983933121,-22194,5076,-5282,-510,-214,-126,walking,0.00,0,0,0,0,0
1779983933123,-22318,5693,-5104,-504,-172,-106,walking,0.00,0,0,0,0,0
1779983933145,-21770,5729,-5017,-445,-115,-112,walking,0.00,0,0,0,0,0
1779983933145,-20374,5100,-4740,-359,-50,-92,walking,0.00,0,0,0,0,0
1779983933146,-18518,4693,-4418,-284,14,-1,walking,0.00,0,0,0,0,0
1779983933172,-16985,4499,-4086,-214,55,116,walking,0.00,0,0,0,0,0
1779983933172,-15883,4382,-3778,-140,83,237,walking,0.00,0,0,0,0,0
1779983933173,-15708,4460,-3577,-63,92,356,walking,0.00,0,0,0,0,0
1779983933202,-16419,4896,-3425,22,94,459,walking,0.00,0,0,0,0,0
1779983933202,-17306,5457,-3348,122,115,522,walking,0.00,0,0,0,0,0
1779983933202,-17893,5770,-3511,237,165,562,walking,0.00,0,0,0,0,0
1779983933233,-17936,5773,-3584,357,229,606,walking,0.00,0,0,0,0,0
1779983933233,-17848,5735,-3568,456,290,660,walking,0.00,0,0,0,0,0
1779983933234,-17772,5676,-3517,518,341,709,walking,0.00,0,0,0,0,0
1779983933262,-17738,5534,-3367,552,384,763,walking,0.00,0,0,0,0,0
1779983933262,-17632,5579,-3113,578,421,835,walking,0.00,0,0,0,0,0
1779983933262,-17408,5650,-2895,605,449,903,walking,0.00,0,0,0,0,0
1779983933292,-16962,5729,-2829,626,462,941,walking,0.00,0,0,0,0,0
1779983933292,-16431,5773,-2822,639,448,959,walking,0.00,0,0,0,0,0
1779983933293,-15903,5848,-2460,699,416,998,walking,0.00,0,0,0,0,0
1779983933322,-15282,6130,-2680,844,390,1023,walking,0.00,0,0,0,0,0
1779983933322,-14835,6329,-3067,942,337,1002,walking,0.00,0,0,0,0,0
1779983933323,-14605,4749,-3203,1030,297,946,walking,0.00,0,0,0,0,0
1779983933353,-14424,4547,-3396,1060,314,923,walking,0.00,0,0,0,0,0
1779983933353,-13119,4997,-3173,1051,323,956,walking,0.00,0,0,0,0,0
1779983933353,-12780,4368,-3201,1056,316,935,walking,0.00,0,0,0,0,0
1779983933382,-12893,2930,-3802,996,367,941,walking,0.00,0,0,0,0,0
1779983933382,-12575,2538,-4137,770,430,988,walking,0.00,0,0,0,0,0
1779983933383,-11902,3244,-3567,468,448,1049,walking,0.00,0,0,0,0,0
1779983933412,-11466,4438,-3058,273,454,1115,walking,0.00,0,0,0,0,0
1779983933412,-10972,5590,-2951,231,472,1158,walking,0.00,0,0,0,0,0
1779983933412,-10932,5943,-2770,321,466,1118,walking,0.00,0,0,0,0,0
1779983933443,-10820,5798,-2734,350,467,1108,walking,0.00,0,0,0,0,0
1779983933444,-10662,6057,-2692,369,464,1116,walking,0.00,0,0,0,0,0
1779983933444,-10757,6411,-2713,395,455,1108,walking,0.00,0,0,0,0,0
1779983933472,-10997,6625,-2643,444,450,1074,walking,0.00,0,0,0,0,0
1779983933472,-11204,6562,-2712,491,447,1016,walking,0.00,0,0,0,0,0
1779983933472,-11468,6281,-2834,508,442,943,walking,0.00,0,0,0,0,0
1779983933503,-11875,6111,-2895,488,437,863,walking,0.00,0,0,0,0,0
1779983933503,-12212,6059,-2986,444,431,785,walking,0.00,0,0,0,0,0
1779983933504,-12518,6097,-3083,393,423,707,walking,0.00,0,0,0,0,0
1779983933532,-12928,6114,-3246,348,416,634,walking,0.00,0,0,0,0,0
1779983933532,-13345,6143,-3360,308,404,559,walking,0.00,0,0,0,0,0
1779983933533,-13851,6172,-3450,263,389,475,walking,0.00,0,0,0,0,0
1779983933563,-14609,6373,-3673,212,370,380,walking,0.00,0,0,0,0,0
1779983933563,-15429,6522,-3774,163,341,258,walking,0.00,0,0,0,0,0
1779983933564,-16308,6572,-3768,124,320,123,walking,0.00,0,0,0,0,0
1779983933592,-17083,6512,-3764,89,309,-10,walking,0.00,0,0,0,0,0
1779983933593,-17683,6268,-3736,42,299,-137,walking,0.00,0,0,0,0,0
1779983933593,-18132,5962,-3688,-34,281,-253,walking,0.00,0,0,0,0,0
1779983933622,-18368,5590,-3642,-143,254,-357,walking,0.00,0,0,0,0,0
1779983933622,-18592,5270,-3697,-276,220,-446,walking,0.00,0,0,0,0,0
1779983933623,-18761,5149,-3848,-422,175,-531,walking,0.00,0,0,0,0,0
1779983933654,-18909,5117,-3916,-562,124,-614,walking,0.00,0,0,0,0,0
1779983933654,-19040,5242,-3962,-680,75,-699,walking,0.00,0,0,0,0,0
1779983933654,-19097,5542,-4143,-777,16,-791,walking,0.00,0,0,0,0,0
1779983933682,-19413,6048,-4387,-860,-60,-902,walking,0.00,0,0,0,0,0
1779983933682,-19939,6585,-4362,-911,-149,-1042,walking,0.00,0,0,0,0,0
1779983933683,-20332,6792,-4366,-911,-225,-1194,walking,0.00,0,0,0,0,0
1779983933714,-20021,6583,-4560,-862,-286,-1325,walking,0.00,0,0,0,0,0
1779983933714,-18999,5959,-4812,-789,-350,-1412,walking,0.00,0,0,0,0,0
1779983933714,-17594,5029,-4951,-706,-420,-1437,walking,0.00,0,0,0,0,0
1779983933742,-15966,4253,-5051,-606,-488,-1388,walking,0.00,0,0,0,0,0
1779983933742,-14605,3856,-5172,-477,-548,-1285,walking,0.00,0,0,0,0,0
1779983933743,-13706,3755,-5264,-319,-591,-1152,walking,0.00,0,0,0,0,0
1779983933772,-13637,3930,-5224,-129,-617,-1011,walking,0.00,0,0,0,0,0
1779983933773,-14449,4067,-4969,95,-625,-891,walking,0.00,0,0,0,0,0
1779983933773,-15765,4176,-4540,338,-613,-804,walking,0.00,0,0,0,0,0
1779983933804,-16996,4041,-4113,565,-570,-760,walking,0.00,0,0,0,0,0
1779983933804,-17852,3701,-3791,734,-506,-744,walking,0.00,0,0,0,0,0
1779983933804,-18172,3315,-3486,813,-439,-746,walking,0.00,0,0,0,0,0
1779983933832,-18346,2253,-3132,771,-375,-770,walking,0.00,0,0,0,0,0
1779983933832,-18275,1035,-3046,598,-292,-770,walking,0.00,0,0,0,0,0
1779983933832,-17725,560,-3281,324,-200,-728,walking,0.00,0,0,0,0,0
1779983933863,-17082,401,-3370,0,-130,-677,walking,0.00,0,0,0,0,0
1779983933863,-16312,-109,-3375,-358,-64,-664,walking,0.00,0,0,0,0,0
1779983933864,-15493,-370,-3501,-757,-2,-679,walking,0.00,0,0,0,0,0
1779983933892,-14669,-48,-3790,-1170,51,-707,walking,0.00,0,0,0,0,0
1779983933893,-13966,672,-4336,-1546,104,-739,walking,0.00,0,0,0,0,0
1779983933893,-13341,1650,-4522,-1841,152,-742,walking,0.00,0,0,0,0,0
1779983933923,-12620,2385,-4374,-2000,193,-726,walking,0.00,0,0,0,0,0
1779983933923,-12162,2977,-4287,-2058,211,-743,walking,0.00,0,0,0,0,0
1779983933923,-11549,4244,-4251,-1990,205,-711,walking,0.00,0,0,0,0,0
1779983933952,-11278,4397,-3863,-1830,161,-748,walking,0.00,0,0,0,0,0
1779983933952,-11049,5210,-3840,-1608,151,-679,walking,0.00,0,0,0,0,0
1779983933953,-11049,5455,-3928,-1341,140,-600,walking,0.00,0,0,0,0,0
1779983933982,-11190,5120,-3905,-1099,110,-581,walking,0.00,0,0,0,0,0
1779983933982,-11522,4641,-3832,-913,63,-575,walking,0.00,0,0,0,0,0
1779983933982,-11701,4477,-3862,-780,19,-558,walking,0.00,0,0,0,0,0
1779983934011,-11849,4278,-3979,-681,-22,-559,walking,0.00,0,0,0,0,0
1779983934012,-12081,4059,-4277,-613,-55,-560,walking,0.00,0,0,0,0,0
1779983934012,-12330,3850,-4518,-583,-77,-547,walking,0.00,0,0,0,0,0
1779983934043,-12369,3761,-4684,-591,-92,-537,walking,0.00,0,0,0,0,0
1779983934043,-12397,3852,-4818,-616,-111,-540,walking,0.00,0,0,0,0,0
1779983934044,-12588,3932,-4954,-638,-136,-547,walking,0.00,0,0,0,0,0
1779983934072,-12773,4108,-5004,-647,-158,-550,walking,0.00,0,0,0,0,0
1779983934072,-12784,4133,-5173,-632,-167,-550,walking,0.00,0,0,0,0,0
1779983934072,-12690,4038,-5400,-613,-180,-543,walking,0.00,0,0,0,0,0
1779983934104,-12701,4078,-5569,-603,-205,-527,walking,0.00,0,0,0,0,0
1779983934104,-12920,4192,-5719,-592,-231,-509,walking,0.00,0,0,0,0,0
1779983934105,-13375,4398,-5941,-576,-254,-483,walking,0.00,0,0,0,0,0
1779983934135,-13960,4835,-6078,-549,-271,-453,walking,0.00,0,0,0,0,0
1779983934135,-14861,5285,-6126,-501,-284,-429,walking,0.00,0,0,0,0,0
1779983934136,-16088,5514,-6158,-442,-289,-410,walking,0.00,0,0,0,0,0
1779983934163,-17427,5635,-6150,-387,-283,-392,walking,0.00,0,0,0,0,0
1779983934163,-18799,5672,-6166,-354,-273,-380,walking,0.00,0,0,0,0,0
1779983934164,-20154,5708,-6040,-343,-261,-380,walking,0.00,0,0,0,0,0
1779983934194,-20593,5451,-5776,-341,-235,-378,walking,0.00,0,0,0,0,0
1779983934194,-20576,5296,-5772,-339,-200,-336,walking,0.00,0,0,0,0,0
1779983934194,-20577,4979,-5781,-354,-184,-275,walking,0.00,0,0,0,0,0
1779983934225,-20466,4579,-5773,-396,-174,-198,walking,0.00,0,0,0,0,0
1779983934226,-20003,4430,-5837,-461,-168,-113,walking,0.00,0,0,0,0,0
1779983934227,-19798,4540,-5986,-537,-178,-45,walking,0.00,0,0,0,0,0
1779983934254,-19792,5096,-6214,-597,-200,5,walking,0.00,0,0,0,0,0
1779983934254,-20127,6028,-6493,-612,-226,30,walking,0.00,0,0,0,0,0
1779983934255,-20546,6964,-6716,-573,-246,29,walking,0.00,0,0,0,0,0
1779983934285,-20886,7598,-6627,-485,-251,11,walking,0.00,0,0,0,0,0
1779983934286,-20909,8059,-6497,-342,-230,-10,walking,0.00,0,0,0,0,0
1779983934286,-20146,7899,-6300,-152,-189,-26,walking,0.00,0,0,0,0,0
1779983934313,-18557,7068,-5852,65,-128,7,walking,0.00,0,0,0,0,0
1779983934314,-16887,5961,-5419,274,-65,115,walking,0.00,0,0,0,0,0
1779983934314,-15682,5131,-4985,436,-15,281,walking,0.00,0,0,0,0,0
1779983934344,-14869,4731,-4746,557,36,461,walking,0.00,0,0,0,0,0
1779983934345,-14870,4666,-4452,665,65,620,walking,0.00,0,0,0,0,0
1779983934345,-15535,5000,-4138,780,82,745,walking,0.00,0,0,0,0,0
1779983934374,-16129,5452,-3946,914,99,813,walking,0.00,0,0,0,0,0
1779983934374,-16550,5726,-3887,1051,128,830,walking,0.00,0,0,0,0,0
1779983934375,-16943,5797,-3907,1168,171,835,walking,0.00,0,0,0,0,0
1779983934405,-17350,6081,-3873,1250,212,845,walking,0.00,0,0,0,0,0
1779983934405,-17913,6482,-3724,1303,243,845,walking,0.00,0,0,0,0,0
1779983934405,-18513,6735,-3550,1349,279,831,walking,0.00,0,0,0,0,0
1779983934437,-18871,6742,-3405,1391,315,812,walking,0.00,0,0,0,0,0
1779983934438,-18982,6255,-3180,1416,355,780,walking,0.00,0,0,0,0,0
1779983934438,-18801,5632,-3035,1390,403,749,walking,0.00,0,0,0,0,0
1779983934463,-18298,5139,-2866,1312,435,760,walking,0.00,0,0,0,0,0
1779983934463,-17497,5009,-2806,1243,457,808,walking,0.00,0,0,0,0,0
1779983934464,-16704,4744,-2802,1195,465,866,walking,0.00,0,0,0,0,0
1779983934495,-15815,4465,-2798,1171,474,923,walking,0.00,0,0,0,0,0
1779983934495,-15450,3828,-2682,1151,459,948,walking,0.00,0,0,0,0,0
1779983934496,-15169,3191,-2787,1096,478,1003,walking,0.00,0,0,0,0,0
1779983934526,-14559,3064,-3018,1012,528,1091,walking,0.00,0,0,0,0,0
1779983934527,-13791,3427,-2718,863,585,1288,walking,0.00,0,0,0,0,0
1779983934527,-13456,3500,-2633,824,631,1379,walking,0.00,0,0,0,0,0
1779983934555,-13140,3450,-2546,770,670,1443,walking,0.00,0,0,0,0,0
1779983934555,-12937,3435,-2552,688,702,1512,walking,0.00,0,0,0,0,0
1779983934555,-13002,3663,-2498,595,752,1592,walking,0.00,0,0,0,0,0
1779983934582,-12474,4254,-2718,511,848,1676,walking,0.00,0,0,0,0,0
1779983934584,-12192,4546,-2747,422,922,1691,walking,0.00,0,0,0,0,0
1779983934585,-12008,4773,-2777,330,989,1685,walking,0.00,0,0,0,0,0
1779983934613,-11796,5054,-2670,224,1039,1668,walking,0.00,0,0,0,0,0
1779983934613,-11571,5449,-2593,114,1063,1640,walking,0.00,0,0,0,0,0
1779983934614,-11430,5799,-2572,3,1063,1601,walking,0.00,0,0,0,0,0
1779983934647,-11276,6111,-2698,-102,1045,1557,walking,0.00,0,0,0,0,0
1779983934648,-11306,6345,-2860,-190,1012,1508,walking,0.00,0,0,0,0,0
1779983934648,-11096,6723,-3148,-245,975,1447,walking,0.00,0,0,0,0,0
1779983934676,-11318,6854,-3310,-271,927,1352,walking,0.00,0,0,0,0,0
1779983934676,-11417,7167,-3481,-266,896,1270,walking,0.00,0,0,0,0,0
1779983934677,-11290,7350,-3685,-247,859,1157,walking,0.00,0,0,0,0,0
1779983934703,-11516,7389,-3827,-240,796,1021,walking,0.00,0,0,0,0,0
1779983934704,-12047,7801,-3846,-243,719,908,walking,0.00,0,0,0,0,0
1779983934704,-12786,8270,-3915,-241,651,785,walking,0.00,0,0,0,0,0
1779983934734,-13386,8628,-4067,-212,590,645,walking,0.00,0,0,0,0,0
1779983934735,-13961,8794,-4219,-167,519,503,walking,0.00,0,0,0,0,0
1779983934735,-14739,8761,-4434,-120,440,367,walking,0.00,0,0,0,0,0
1779983934765,-15458,8630,-4611,-76,352,238,walking,0.00,0,0,0,0,0
1779983934766,-16035,8443,-4787,-40,253,102,walking,0.00,0,0,0,0,0
1779983934766,-16422,8219,-5020,-15,153,-41,walking,0.00,0,0,0,0,0
1779983934793,-16825,7881,-5247,3,50,-178,walking,0.00,0,0,0,0,0
1779983934793,-17280,7495,-5419,17,-52,-295,walking,0.00,0,0,0,0,0
1779983934795,-17573,7208,-5632,31,-143,-398,walking,0.00,0,0,0,0,0
1779983934826,-17681,7143,-5857,25,-228,-505,walking,0.00,0,0,0,0,0
1779983934826,-17881,7284,-6058,-11,-327,-636,walking,0.00,0,0,0,0,0
1779983934826,-18327,7507,-6011,-56,-434,-794,walking,0.00,0,0,0,0,0
1779983934854,-18747,7472,-5957,-81,-527,-968,walking,0.00,0,0,0,0,0
1779983934854,-18591,7052,-6048,-76,-595,-1126,walking,0.00,0,0,0,0,0
1779983934855,-17673,6385,-6192,-48,-654,-1242,walking,0.00,0,0,0,0,0
1779983934884,-16212,5468,-6222,-10,-709,-1303,walking,0.00,0,0,0,0,0
1779983934885,-14886,4595,-6239,27,-754,-1310,walking,0.00,0,0,0,0,0
1779983934885,-13776,3980,-6300,57,-783,-1268,walking,0.00,0,0,0,0,0
1779983934915,-13080,3773,-6172,99,-808,-1194,walking,0.00,0,0,0,0,0
1779983934918,-13019,3844,-5848,179,-818,-1110,walking,0.00,0,0,0,0,0
1779983934918,-13724,3908,-5559,304,-811,-1033,walking,0.00,0,0,0,0,0
1779983934943,-14947,3917,-5177,448,-789,-973,walking,0.00,0,0,0,0,0
1779983934943,-16138,3747,-4762,585,-746,-937,walking,0.00,0,0,0,0,0
1779983934944,-17208,3343,-4573,676,-681,-926,walking,0.00,0,0,0,0,0
1779983934974,-17977,2897,-4351,673,-593,-935,walking,0.00,0,0,0,0,0
1779983934976,-18315,2210,-4052,580,-495,-937,walking,0.00,0,0,0,0,0
1779983934976,-18176,1589,-4016,421,-406,-913,walking,0.00,0,0,0,0,0
1779983935005,-17566,1209,-3907,191,-338,-877,walking,0.00,0,0,0,0,0
1779983935005,-16756,942,-4131,-88,-285,-869,walking,0.00,0,0,0,0,0
1779983935006,-16306,783,-3958,-407,-260,-890,walking,0.00,0,0,0,0,0
1779983935035,-15739,-132,-4273,-765,-221,-985,walking,0.00,0,0,0,0,0
1779983935065,-14844,84,-4641,-1138,-199,-996,walking,0.00,0,0,0,0,0
1779983935065,-13901,1729,-4729,-1439,-195,-933,walking,0.00,0,0,0,0,0
1779983935066,-13297,2997,-4967,-1610,-181,-921,walking,0.00,0,0,0,0,0
1779983935068,-12766,3613,-5033,-1673,-174,-945,walking,0.00,0,0,0,0,0
1779983935071,-12541,3950,-5144,-1677,-169,-969,walking,0.00,0,0,0,0,0
1779983935094,-12477,4384,-5290,-1640,-157,-972,walking,0.00,0,0,0,0,0
1779983935094,-12382,4671,-5248,-1559,-139,-955,walking,0.00,0,0,0,0,0
1779983935094,-11993,5105,-5331,-1433,-93,-897,walking,0.00,0,0,0,0,0
1779983935124,-11951,5340,-5243,-1293,-58,-838,walking,0.00,0,0,0,0,0
1779983935153,-12094,4766,-5287,-1189,-42,-849,walking,0.00,0,0,0,0,0
1779983935153,-12724,4369,-5525,-1168,-25,-878,walking,0.00,0,0,0,0,0
1779983935155,-12260,5237,-5638,-1152,24,-762,walking,0.00,0,0,0,0,0
1779983935155,-11634,5979,-5176,-1044,7,-689,walking,0.00,0,0,0,0,0
1779983935155,-12182,6371,-5210,-854,-37,-665,walking,0.00,0,0,0,0,0
1779983935183,-12191,6498,-5824,-672,-49,-641,walking,0.00,0,0,0,0,0
1779983935183,-12122,6056,-5484,-493,-106,-633,walking,0.00,0,0,0,0,0
1779983935184,-12258,5661,-5649,-355,-153,-648,walking,0.00,0,0,0,0,0
1779983935214,-12394,5306,-6005,-300,-197,-676,walking,0.00,0,0,0,0,0
1779983935214,-12672,4976,-5979,-290,-250,-705,walking,0.00,0,0,0,0,0
1779983935215,-12820,5196,-5976,-288,-286,-734,walking,0.00,0,0,0,0,0
1779983935244,-12868,5141,-6162,-281,-314,-765,walking,0.00,0,0,0,0,0
1779983935244,-12953,5011,-6254,-278,-339,-787,walking,0.00,0,0,0,0,0
1779983935244,-12990,5008,-6267,-274,-363,-800,walking,0.00,0,0,0,0,0
1779983935273,-13091,5002,-6353,-274,-387,-802,walking,0.00,0,0,0,0,0
1779983935275,-13508,5148,-6446,-277,-416,-795,walking,0.00,0,0,0,0,0
1779983935276,-14245,5447,-6451,-269,-440,-787,walking,0.00,0,0,0,0,0
1779983935303,-15233,5757,-6492,-242,-458,-774,walking,0.00,0,0,0,0,0
1779983935303,-16421,6006,-6422,-191,-465,-751,walking,0.00,0,0,0,0,0
1779983935306,-17576,6148,-6412,-132,-458,-728,walking,0.00,0,0,0,0,0
1779983935334,-18679,6100,-6428,-78,-452,-717,walking,0.00,0,0,0,0,0
1779983935334,-19566,5528,-6262,-45,-441,-706,walking,0.00,0,0,0,0,0
1779983935335,-20074,4994,-6189,-36,-399,-637,walking,0.00,0,0,0,0,0
1779983935365,-19891,4882,-6193,-39,-346,-519,walking,0.00,0,0,0,0,0
1779983935368,-19557,4568,-6081,-46,-307,-396,walking,0.00,0,0,0,0,0
1779983935368,-19377,3974,-5918,-81,-275,-273,walking,0.00,0,0,0,0,0
1779983935393,-19112,3517,-5807,-163,-246,-147,walking,0.00,0,0,0,0,0
1779983935393,-18862,3574,-5755,-267,-221,-35,walking,0.00,0,0,0,0,0
1779983935394,-18426,4140,-5810,-351,-203,54,walking,0.00,0,0,0,0,0
1779983935423,-18348,4975,-5905,-388,-198,117,walking,0.00,0,0,0,0,0
1779983935425,-19021,5772,-5906,-383,-195,151,walking,0.00,0,0,0,0,0
1779983935426,-19849,6280,-5928,-355,-168,171,walking,0.00,0,0,0,0,0
1779983935454,-20056,6870,-5885,-307,-124,191,walking,0.00,0,0,0,0,0
1779983935454,-19154,7002,-5702,-217,-81,184,walking,0.00,0,0,0,0,0
1779983935455,-17676,6380,-5408,-100,-21,196,walking,0.00,0,0,0,0,0
1779983935485,-16006,5741,-5188,14,45,274,walking,0.00,0,0,0,0,0
1779983935485,-14830,5431,-4861,107,85,384,walking,0.00,0,0,0,0,0
1779983935486,-14553,5587,-4474,187,102,492,walking,0.00,0,0,0,0,0
1779983935513,-15237,6059,-4276,278,115,582,walking,0.00,0,0,0,0,0
1779983935514,-16307,6752,-4065,395,129,635,walking,0.00,0,0,0,0,0
1779983935514,-17289,7282,-3865,552,156,639,walking,0.00,0,0,0,0,0
1779983935543,-18067,7434,-3896,728,194,607,walking,0.00,0,0,0,0,0
1779983935544,-18894,7327,-3893,879,231,564,walking,0.00,0,0,0,0,0
1779983935544,-19579,6984,-3722,973,263,517,walking,0.00,0,0,0,0,0
1779983935574,-19965,6795,-3629,1018,312,492,walking,0.00,0,0,0,0,0
1779983935575,-19969,6493,-3506,1037,362,484,walking,0.00,0,0,0,0,0
1779983935575,-19634,5908,-3260,1039,406,485,walking,0.00,0,0,0,0,0
1779983935603,-19045,5413,-3071,1012,435,505,walking,0.00,0,0,0,0,0
1779983935604,-18305,4899,-2966,966,448,556,walking,0.00,0,0,0,0,0
1779983935604,-17472,4391,-2921,921,453,631,walking,0.00,0,0,0,0,0
1779983935638,-16281,3611,-3048,800,461,816,walking,0.00,0,0,0,0,0
1779983935638,-15650,3587,-3240,748,480,921,walking,0.00,0,0,0,0,0
1779983935639,-15394,3426,-3347,709,516,1022,walking,0.00,0,0,0,0,0
1779983935665,-14777,3428,-3353,680,569,1126,walking,0.00,0,0,0,0,0
1779983935667,-14797,2901,-3086,632,610,1193,walking,0.00,0,0,0,0,0
1779983935667,-14225,3032,-2966,569,683,1317,walking,0.00,0,0,0,0,0
1779983935693,-13474,3399,-2843,513,740,1442,walking,0.00,0,0,0,0,0
1779983935694,-13097,3701,-2734,465,765,1526,walking,0.00,0,0,0,0,0
1779983935694,-12804,3979,-2645,409,775,1585,walking,0.00,0,0,0,0,0
1779983935723,-12772,4163,-2519,353,773,1639,walking,0.00,0,0,0,0,0
1779983935725,-12732,4510,-2463,318,800,1723,walking,0.00,0,0,0,0,0
1779983935726,-12280,4678,-2666,307,831,1792,walking,0.00,0,0,0,0,0
1779983935754,-12141,4752,-2821,295,839,1812,walking,0.00,0,0,0,0,0
1779983935754,-12152,4971,-2940,273,858,1818,walking,0.00,0,0,0,0,0
1779983935755,-12111,5103,-3087,239,887,1811,walking,0.00,0,0,0,0,0
1779983935783,-11993,5547,-3155,188,907,1795,walking,0.00,0,0,0,0,0
1779983935784,-11853,5901,-3134,140,911,1757,walking,0.00,0,0,0,0,0
1779983935784,-11871,6239,-3146,97,891,1701,walking,0.00,0,0,0,0,0
1779983935816,-11622,6741,-3200,65,856,1633,walking,0.00,0,0,0,0,0
1779983935817,-11688,6921,-3216,46,800,1532,walking,0.00,0,0,0,0,0
1779983935817,-11828,7251,-3326,41,751,1438,walking,0.00,0,0,0,0,0
1779983935843,-11777,7401,-3428,52,705,1315,walking,0.00,0,0,0,0,0
1779983935843,-11842,7339,-3579,66,664,1180,walking,0.00,0,0,0,0,0
1779983935843,-11778,7455,-3770,69,625,1058,walking,0.00,0,0,0,0,0
1779983935874,-12164,7652,-3884,58,573,922,walking,0.00,0,0,0,0,0
1779983935875,-12771,8080,-3907,49,518,794,walking,0.00,0,0,0,0,0
1779983935875,-13450,8594,-3996,57,478,664,walking,0.00,0,0,0,0,0
1779983935903,-13933,8940,-4182,84,441,514,walking,0.00,0,0,0,0,0
1779983935903,-14517,8919,-4344,120,380,350,walking,0.00,0,0,0,0,0
1779983935904,-14949,8709,-4499,148,304,197,walking,0.00,0,0,0,0,0
1779983935933,-15206,8291,-4738,164,221,55,walking,0.00,0,0,0,0,0
1779983935934,-15159,7783,-4972,156,134,-82,walking,0.00,0,0,0,0,0
1779983935934,-15011,7309,-5270,118,47,-206,walking,0.00,0,0,0,0,0
1779983935966,-14932,6973,-5525,54,-46,-317,walking,0.00,0,0,0,0,0
1779983935966,-14964,6830,-5659,-20,-135,-423,walking,0.00,0,0,0,0,0
1779983935966,-15110,6813,-5799,-82,-208,-528,walking,0.00,0,0,0,0,0
1779983935999,-15257,6997,-5868,-128,-274,-641,walking,0.00,0,0,0,0,0
1779983935999,-15509,7202,-5878,-161,-328,-763,walking,0.00,0,0,0,0,0
1779983936000,-15890,7284,-5870,-186,-367,-898,walking,0.00,0,0,0,0,0
1779983936026,-16424,7229,-5796,-212,-399,-1040,walking,0.00,0,0,0,0,0
1779983936027,-16904,7046,-5668,-247,-430,-1184,walking,0.00,0,0,0,0,0
1779983936027,-17121,6758,-5518,-288,-462,-1323,walking,0.00,0,0,0,0,0
1779983936053,-16754,6302,-5427,-328,-503,-1446,walking,0.00,0,0,0,0,0
1779983936054,-15766,5576,-5395,-350,-546,-1520,walking,0.00,0,0,0,0,0
1779983936054,-14693,4767,-5527,-358,-583,-1526,walking,0.00,0,0,0,0,0
1779983936084,-14043,4183,-5601,-367,-624,-1476,walking,0.00,0,0,0,0,0
1779983936085,-14146,3921,-5599,-382,-663,-1398,walking,0.00,0,0,0,0,0
1779983936086,-14928,4054,-5673,-396,-692,-1320,walking,0.00,0,0,0,0,0
1779983936113,-15998,4578,-5677,-374,-705,-1262,walking,0.00,0,0,0,0,0
1779983936117,-16790,5272,-5668,-281,-708,-1238,walking,0.00,0,0,0,0,0
1779983936118,-17303,5710,-5656,-119,-700,-1239,walking,0.00,0,0,0,0,0
1779983936144,-17649,5735,-5602,59,-694,-1251,walking,0.00,0,0,0,0,0
1779983936145,-17997,5160,-5157,203,-685,-1249,walking,0.00,0,0,0,0,0
1779983936146,-17950,4570,-4689,298,-646,-1191,walking,0.00,0,0,0,0,0
1779983936177,-17846,4329,-4599,344,-597,-1092,walking,0.00,0,0,0,0,0
1779983936178,-17688,3916,-4194,351,-564,-1027,walking,0.00,0,0,0,0,0
1779983936179,-17194,2655,-4060,309,-512,-1006,walking,0.00,0,0,0,0,0
1779983936205,-16226,2334,-4161,212,-454,-904,walking,0.00,0,0,0,0,0
1779983936206,-15068,2689,-4153,102,-419,-781,walking,0.00,0,0,0,0,0
1779983936215,-14237,2703,-4191,0,-400,-729,walking,0.00,0,0,0,0,0
1779983936234,-13481,2543,-4206,-115,-389,-711,walking,0.00,0,0,0,0,0
1779983936235,-12833,2707,-4186,-240,-378,-689,walking,0.00,0,0,0,0,0
1779983936235,-12368,3044,-4161,-357,-365,-669,walking,0.00,0,0,0,0,0
1779983936267,-12022,3267,-4258,-449,-347,-661,walking,0.00,0,0,0,0,0
1779983936268,-11949,3619,-4410,-515,-320,-648,walking,0.00,0,0,0,0,0
1779983936269,-11890,3928,-4310,-567,-294,-629,walking,0.00,0,0,0,0,0
1779983936297,-12260,3584,-4137,-616,-268,-636,walking,0.00,0,0,0,0,0
1779983936327,-12475,3616,-4016,-682,-230,-618,walking,0.00,0,0,0,0,0
1779983936329,-12454,4411,-3804,-723,-205,-560,walking,0.00,0,0,0,0,0
1779983936329,-12223,5045,-3769,-714,-192,-532,walking,0.00,0,0,0,0,0
1779983936331,-12283,4785,-3890,-692,-204,-574,walking,0.00,0,0,0,0,0
1779983936334,-12590,4757,-4176,-697,-222,-587,walking,0.00,0,0,0,0,0
1779983936356,-12507,4805,-4438,-725,-228,-584,walking,0.00,0,0,0,0,0
1779983936363,-12447,4794,-4706,-759,-245,-613,walking,0.00,0,0,0,0,0
1779983936364,-12693,4659,-5020,-797,-264,-645,walking,0.00,0,0,0,0,0
1779983936386,-13120,4649,-5247,-847,-268,-656,walking,0.00,0,0,0,0,0
1779983936387,-13510,4966,-5376,-878,-262,-666,walking,0.00,0,0,0,0,0
1779983936390,-13617,5194,-5601,-877,-269,-685,walking,0.00,0,0,0,0,0
1779983936415,-13587,5433,-5834,-859,-290,-712,walking,0.00,0,0,0,0,0
1779983936415,-13577,5706,-6062,-827,-318,-742,walking,0.00,0,0,0,0,0
1779983936415,-13457,6037,-6249,-758,-354,-758,walking,0.00,0,0,0,0,0
1779983936444,-13652,6259,-6550,-649,-392,-763,walking,0.00,0,0,0,0,0
1779983936444,-13895,6480,-6801,-499,-419,-753,walking,0.00,0,0,0,0,0
1779983936444,-14408,6529,-6966,-320,-444,-735,walking,0.00,0,0,0,0,0
1779983936475,-15104,6404,-7095,-143,-458,-715,walking,0.00,0,0,0,0,0
1779983936476,-15983,6130,-7098,12,-460,-689,walking,0.00,0,0,0,0,0
1779983936476,-16921,5814,-7031,125,-450,-660,walking,0.00,0,0,0,0,0
1779983936504,-17868,5642,-6860,196,-431,-628,walking,0.00,0,0,0,0,0
1779983936505,-18748,5515,-6674,233,-410,-592,walking,0.00,0,0,0,0,0
1779983936506,-19446,5426,-6368,248,-376,-544,walking,0.00,0,0,0,0,0
1779983936533,-19750,5353,-6046,260,-320,-479,walking,0.00,0,0,0,0,0
1779983936534,-19993,5028,-5865,262,-261,-409,walking,0.00,0,0,0,0,0
1779983936535,-20411,4716,-5648,224,-215,-332,walking,0.00,0,0,0,0,0
1779983936567,-20885,4480,-5383,141,-181,-270,walking,0.00,0,0,0,0,0
1779983936568,-21166,4589,-5279,41,-146,-214,walking,0.00,0,0,0,0,0
1779983936568,-21021,4981,-5476,-46,-126,-172,walking,0.00,0,0,0,0,0
1779983936596,-21342,5548,-5499,-113,-125,-153,walking,0.00,0,0,0,0,0
1779983936597,-21318,6127,-5569,-133,-116,-139,walking,0.00,0,0,0,0,0
1779983936598,-20488,6192,-5511,-98,-90,-126,walking,0.00,0,0,0,0,0
1779983936629,-18603,6059,-5435,-4,-30,-69,walking,0.00,0,0,0,0,0
1779983936630,-16465,5726,-5356,119,19,14,walking,0.00,0,0,0,0,0
1779983936631,-14870,5179,-5010,239,53,123,walking,0.00,0,0,0,0,0
1779983936661,-13816,4772,-4602,338,87,258,walking,0.00,0,0,0,0,0
1779983936661,-13634,4745,-4165,423,119,410,walking,0.00,0,0,0,0,0
1779983936662,-14045,5284,-3742,520,149,556,walking,0.00,0,0,0,0,0
1779983936685,-14946,5992,-3377,641,174,662,walking,0.00,0,0,0,0,0
1779983936685,-16104,6390,-3034,773,195,716,walking,0.00,0,0,0,0,0
1779983936686,-17142,6608,-2811,901,223,744,walking,0.00,0,0,0,0,0
1779983936718,-18078,6914,-2747,1011,257,757,walking,0.00,0,0,0,0,0
1779983936719,-18858,7234,-2677,1095,285,750,walking,0.00,0,0,0,0,0
1779983936719,-19173,7098,-2445,1204,347,724,walking,0.00,0,0,0,0,0
1779983936743,-18949,6865,-2358,1230,376,759,walking,0.00,0,0,0,0,0
1779983936744,-18796,6645,-2360,1246,393,821,walking,0.00,0,0,0,0,0
1779983936744,-18645,6330,-2406,1254,395,891,walking,0.00,0,0,0,0,0
1779983936776,-18566,5974,-2470,1242,400,965,walking,0.00,0,0,0,0,0
1779983936777,-18464,5680,-2560,1217,413,1033,walking,0.00,0,0,0,0,0
1779983936777,-18082,5338,-2783,1194,444,1093,walking,0.00,0,0,0,0,0
1779983936803,-17341,4989,-3017,1167,483,1161,walking,0.00,0,0,0,0,0
1779983936804,-16545,4580,-3173,1136,520,1227,walking,0.00,0,0,0,0,0
1779983936805,-15789,4224,-3085,1087,556,1292,walking,0.00,0,0,0,0,0
1779983936834,-15046,4142,-2918,1021,591,1374,walking,0.00,0,0,0,0,0
1779983936835,-14361,4379,-2896,962,621,1454,walking,0.00,0,0,0,0,0
1779983936868,-13839,4650,-2835,921,637,1524,walking,0.00,0,0,0,0,0
1779983936869,-13467,4862,-2756,904,648,1606,walking,0.00,0,0,0,0,0
1779983936870,-13465,5453,-2536,931,683,1743,walking,0.00,0,0,0,0,0
1779983936870,-12419,5609,-2595,1000,737,1857,walking,0.00,0,0,0,0,0
1779983936896,-12371,5224,-2636,1045,736,1881,walking,0.00,0,0,0,0,0
1779983936902,-12440,5026,-2715,1036,738,1907,walking,0.00,0,0,0,0,0
1779983936902,-12307,4915,-2674,994,741,1920,walking,0.00,0,0,0,0,0
1779983936926,-12215,4959,-2828,931,753,1912,walking,0.00,0,0,0,0,0
1779983936927,-12198,5181,-2816,836,764,1889,walking,0.00,0,0,0,0,0
1779983936928,-12073,5374,-2766,724,770,1853,walking,0.00,0,0,0,0,0
1779983936955,-11914,5563,-2763,613,763,1817,walking,0.00,0,0,0,0,0
1779983936956,-11741,6117,-2731,511,739,1782,walking,0.00,0,0,0,0,0
1779983936957,-11662,6601,-2642,445,700,1718,walking,0.00,0,0,0,0,0
1779983936986,-11800,6894,-2609,413,660,1630,walking,0.00,0,0,0,0,0
1779983936987,-11872,7022,-2640,398,638,1540,walking,0.00,0,0,0,0,0
1779983936987,-11863,7111,-2683,390,625,1452,walking,0.00,0,0,0,0,0
1779983937021,-11812,7182,-2782,385,611,1356,walking,0.00,0,0,0,0,0
1779983937022,-11891,7318,-2900,375,582,1251,walking,0.00,0,0,0,0,0
1779983937022,-12089,7529,-2991,363,541,1137,walking,0.00,0,0,0,0,0
1779983937043,-12382,7820,-3091,361,486,1013,walking,0.00,0,0,0,0,0
1779983937044,-12876,8006,-3190,363,420,881,walking,0.00,0,0,0,0,0
1779983937045,-13483,8048,-3288,374,350,744,walking,0.00,0,0,0,0,0
1779983937076,-14032,8010,-3443,392,279,614,walking,0.00,0,0,0,0,0
1779983937078,-14580,7883,-3627,402,204,482,walking,0.00,0,0,0,0,0
1779983937079,-15161,7700,-3807,391,120,339,walking,0.00,0,0,0,0,0
1779983937108,-15781,7427,-3996,360,33,189,walking,0.00,0,0,0,0,0
1779983937109,-16394,7064,-4310,318,-50,40,walking,0.00,0,0,0,0,0
1779983937109,-16938,6747,-4518,267,-127,-93,walking,0.00,0,0,0,0,0
1779983937134,-17212,6457,-4737,199,-203,-213,walking,0.00,0,0,0,0,0
1779983937135,-17255,6215,-4989,116,-282,-333,walking,0.00,0,0,0,0,0
1779983937136,-17104,6099,-5255,22,-360,-459,walking,0.00,0,0,0,0,0
1779983937167,-17034,6274,-5507,-76,-455,-602,walking,0.00,0,0,0,0,0
1779983937168,-17213,6648,-5666,-157,-561,-768,walking,0.00,0,0,0,0,0
1779983937169,-17899,6903,-5893,-204,-661,-954,walking,0.00,0,0,0,0,0
1779983937195,-18691,6827,-6073,-217,-738,-1137,walking,0.00,0,0,0,0,0
1779983937195,-18773,6429,-6207,-195,-786,-1286,walking,0.00,0,0,0,0,0
1779983937198,-17833,5713,-6265,-134,-810,-1381,walking,0.00,0,0,0,0,0
1779983937226,-16421,4784,-6255,-49,-828,-1410,walking,0.00,0,0,0,0,0
1779983937226,-15124,3986,-6288,44,-848,-1368,walking,0.00,0,0,0,0,0
1779983937227,-14169,3376,-6217,131,-861,-1270,walking,0.00,0,0,0,0,0
1779983937257,-13640,3102,-5978,227,-868,-1140,walking,0.00,0,0,0,0,0
1779983937258,-13915,3127,-5726,343,-870,-1014,walking,0.00,0,0,0,0,0
1779983937258,-14719,3188,-5267,482,-865,-912,walking,0.00,0,0,0,0,0
1779983937287,-15559,3144,-4769,646,-841,-837,walking,0.00,0,0,0,0,0
1779983937288,-16216,3101,-4338,795,-800,-787,walking,0.00,0,0,0,0,0
1779983937288,-16898,2824,-3981,886,-753,-757,walking,0.00,0,0,0,0,0
1779983937317,-17465,2514,-3685,890,-704,-737,walking,0.00,0,0,0,0,0
1779983937318,-17824,2331,-3451,807,-656,-722,walking,0.00,0,0,0,0,0
1779983937320,-17915,2089,-3236,649,-604,-721,walking,0.00,0,0,0,0,0
1779983937345,-17646,1390,-3026,427,-548,-746,walking,0.00,0,0,0,0,0
1779983937354,-16951,801,-3125,144,-499,-764,walking,0.00,0,0,0,0,0
1779983937355,-16061,976,-3134,-176,-474,-762,walking,0.00,0,0,0,0,0
1779983937376,-15297,1492,-2969,-477,-464,-781,walking,0.00,0,0,0,0,0
1779983937377,-14479,1933,-3192,-732,-451,-836,walking,0.00,0,0,0,0,0
1779983937377,-13674,2412,-3418,-946,-453,-889,walking,0.00,0,0,0,0,0
1779983937408,-13130,3083,-3567,-1111,-457,-940,walking,0.00,0,0,0,0,0
1779983937409,-12808,3508,-4031,-1231,-446,-994,walking,0.00,0,0,0,0,0
1779983937410,-12715,3760,-4368,-1317,-430,-1021,walking,0.00,0,0,0,0,0
1779983937437,-12557,4124,-4578,-1362,-403,-1012,walking,0.00,0,0,0,0,0
1779983937444,-12392,4260,-4712,-1374,-384,-1005,walking,0.00,0,0,0,0,0
1779983937444,-12413,4451,-4593,-1357,-363,-956,walking,0.00,0,0,0,0,0
1779983937464,-12584,4253,-5086,-1325,-311,-935,walking,0.00,0,0,0,0,0
1779983937465,-12929,3919,-5375,-1360,-299,-968,walking,0.00,0,0,0,0,0
1779983937465,-12957,3984,-5133,-1357,-269,-890,walking,0.00,0,0,0,0,0
1779983937493,-12544,4598,-5073,-1281,-225,-800,walking,0.00,0,0,0,0,0
1779983937493,-12394,5006,-5000,-1139,-216,-742,walking,0.00,0,0,0,0,0
1779983937496,-12334,5421,-4988,-930,-234,-696,walking,0.00,0,0,0,0,0
1779983937524,-12274,5299,-5021,-708,-271,-665,walking,0.00,0,0,0,0,0
1779983937557,-12453,4725,-5209,-553,-314,-659,walking,0.00,0,0,0,0,0
1779983937558,-12963,4824,-5357,-484,-352,-667,walking,0.00,0,0,0,0,0
1779983937558,-13210,4826,-5605,-456,-375,-693,walking,0.00,0,0,0,0,0
1779983937559,-13367,4534,-5798,-450,-394,-702,walking,0.00,0,0,0,0,0
1779983937559,-13402,4913,-5927,-446,-413,-691,walking,0.00,0,0,0,0,0
1779983937585,-13549,5239,-5986,-411,-426,-696,walking,0.00,0,0,0,0,0
1779983937586,-13834,4956,-6163,-364,-430,-716,walking,0.00,0,0,0,0,0
1779983937586,-14059,4871,-6259,-337,-438,-712,walking,0.00,0,0,0,0,0
1779983937618,-14368,5138,-6133,-304,-456,-688,walking,0.00,0,0,0,0,0
1779983937619,-14718,5297,-6160,-246,-465,-666,walking,0.00,0,0,0,0,0
1779983937620,-15304,5350,-6263,-176,-477,-633,walking,0.00,0,0,0,0,0
1779983937644,-16225,5385,-6229,-112,-484,-589,walking,0.00,0,0,0,0,0
1779983937644,-17102,5433,-6278,-57,-472,-541,walking,0.00,0,0,0,0,0
1779983937645,-18111,5441,-6154,-16,-459,-498,walking,0.00,0,0,0,0,0
1779983937677,-19080,5073,-6072,5,-429,-464,walking,0.00,0,0,0,0,0
1779983937703,-19565,4703,-5999,-11,-382,-409,walking,0.00,0,0,0,0,0
1779983937704,-19692,4509,-5937,-56,-334,-325,walking,0.00,0,0,0,0,0
1779983937705,-19722,4509,-5845,-103,-290,-221,walking,0.00,0,0,0,0,0
1779983937708,-19611,4464,-5794,-150,-246,-119,walking,0.00,0,0,0,0,0
1779983937709,-19565,4459,-5723,-207,-213,-40,walking,0.00,0,0,0,0,0
1779983937744,-19606,4558,-5741,-271,-187,15,walking,0.00,0,0,0,0,0
1779983937745,-19707,4809,-5749,-327,-166,56,walking,0.00,0,0,0,0,0
1779983937745,-20133,5412,-5955,-367,-148,88,walking,0.00,0,0,0,0,0
1779983937768,-20953,6135,-6063,-381,-135,107,walking,0.00,0,0,0,0,0
1779983937769,-21706,6704,-6127,-373,-105,108,walking,0.00,0,0,0,0,0
1779983937770,-22010,7051,-6053,-335,-77,86,walking,0.00,0,0,0,0,0
1779983937794,-21138,6691,-5863,-271,-18,80,walking,0.00,0,0,0,0,0
1779983937795,-19419,6213,-5933,-191,69,138,walking,0.00,0,0,0,0,0
1779983937795,-17490,5712,-5751,-100,131,239,walking,0.00,0,0,0,0,0
1779983937824,-15520,5225,-5422,3,179,355,walking,0.00,0,0,0,0,0
1779983937825,-13767,4425,-4649,179,209,594,walking,0.00,0,0,0,0,0
1779983937825,-14324,4915,-4340,254,216,710,walking,0.00,0,0,0,0,0
1779983937857,-14995,5883,-4154,358,221,779,walking,0.00,0,0,0,0,0
1779983937857,-15862,6616,-4034,495,222,782,walking,0.00,0,0,0,0,0
1779983937858,-16733,7372,-3924,670,230,753,walking,0.00,0,0,0,0,0
1779983937884,-17353,8321,-3942,908,247,726,walking,0.00,0,0,0,0,0
1779983937884,-18071,8310,-3957,1205,265,667,walking,0.00,0,0,0,0,0
1779983937885,-18875,7544,-4148,1455,298,553,walking,0.00,0,0,0,0,0
1779983937915,-19249,7495,-3895,1610,316,448,walking,0.00,0,0,0,0,0
1779983937916,-19269,7153,-2960,1756,312,383,walking,0.00,0,0,0,0,0
1779983937917,-19217,5000,-2691,1872,355,319,walking,0.00,0,0,0,0,0
1779983937949,-19135,3670,-2890,1808,400,281,walking,0.00,0,0,0,0,0
1779983937949,-19259,3282,-2706,1589,402,303,walking,0.00,0,0,0,0,0
1779983937950,-18559,3010,-2930,1364,452,339,walking,0.00,0,0,0,0,0
1779983937977,-17576,3206,-2911,1210,492,428,walking,0.00,0,0,0,0,0
1779983937983,-16977,3594,-2619,1127,497,532,walking,0.00,0,0,0,0,0
1779983937983,-16502,3391,-2459,1078,518,602,walking,0.00,0,0,0,0,0
1779983938009,-15979,2762,-2632,1005,566,705,walking,0.00,0,0,0,0,0
1779983938010,-15734,1905,-2843,831,636,823,walking,0.00,0,0,0,0,0
1779983938011,-15304,2036,-2627,617,746,1004,walking,0.00,0,0,0,0,0
1779983938037,-14120,2353,-2439,455,856,1145,walking,0.00,0,0,0,0,0
1779983938040,-13728,2405,-2346,306,900,1215,walking,0.00,0,0,0,0,0
1779983938041,-13014,2793,-2272,174,945,1321,walking,0.00,0,0,0,0,0
1779983938065,-12207,3335,-2273,86,972,1421,walking,0.00,0,0,0,0,0
1779983938066,-11841,3613,-2393,20,974,1488,walking,0.00,0,0,0,0,0
1779983938067,-11482,3932,-2416,-43,963,1537,walking,0.00,0,0,0,0,0
1779983938103,-11258,4373,-2352,-71,942,1573,walking,0.00,0,0,0,0,0
1779983938104,-11437,4680,-2467,-67,935,1604,walking,0.00,0,0,0,0,0
1779983938104,-11563,4970,-2715,-56,958,1627,walking,0.00,0,0,0,0,0
1779983938124,-11684,4997,-2838,-60,982,1630,walking,0.00,0,0,0,0,0
1779983938125,-11775,5101,-2768,-96,988,1615,walking,0.00,0,0,0,0,0
1779983938125,-11420,5619,-2841,-149,977,1576,walking,0.00,0,0,0,0,0
1779983938156,-11435,5942,-2782,-198,936,1488,walking,0.00,0,0,0,0,0
1779983938157,-11420,6503,-2820,-229,882,1408,walking,0.00,0,0,0,0,0
1779983938158,-11318,6864,-2873,-232,816,1309,walking,0.00,0,0,0,0,0
1779983938190,-11613,6838,-3079,-222,747,1185,walking,0.00,0,0,0,0,0
1779983938190,-11846,7101,-3224,-198,688,1089,walking,0.00,0,0,0,0,0
1779983938191,-11837,7464,-3377,-166,644,999,walking,0.00,0,0,0,0,0
1779983938218,-12044,7783,-3557,-111,587,902,walking,0.00,0,0,0,0,0
1779983938218,-12506,7963,-3779,-44,522,801,walking,0.00,0,0,0,0,0
1779983938219,-13247,8215,-3936,24,453,677,walking,0.00,0,0,0,0,0
1779983938245,-14044,8193,-4045,90,384,529,walking,0.00,0,0,0,0,0
1779983938276,-14709,7956,-4216,149,306,380,walking,0.00,0,0,0,0,0
1779983938276,-15343,7741,-4305,189,218,244,walking,0.00,0,0,0,0,0
1779983938277,-15843,7653,-4502,213,128,115,walking,0.00,0,0,0,0,0
1779983938278,-16133,7440,-4699,223,34,-20,walking,0.00,0,0,0,0,0
1779983938278,-16374,7152,-4783,224,-61,-148,walking,0.00,0,0,0,0,0
1779983938307,-16548,6877,-4989,224,-156,-269,walking,0.00,0,0,0,0,0
1779983938308,-16642,6589,-5051,209,-260,-385,walking,0.00,0,0,0,0,0
1779983938308,-16615,6248,-5096,176,-357,-504,walking,0.00,0,0,0,0,0
1779983938334,-16541,5889,-5492,129,-440,-619,walking,0.00,0,0,0,0,0
1779983938335,-16560,5917,-5664,61,-515,-728,walking,0.00,0,0,0,0,0
1779983938336,-16863,6053,-5718,-1,-564,-836,walking,0.00,0,0,0,0,0
1779983938365,-17450,6144,-5983,-39,-587,-943,walking,0.00,0,0,0,0,0
1779983938365,-18087,6195,-5876,-58,-600,-1064,walking,0.00,0,0,0,0,0
1779983938366,-18345,6008,-5386,-71,-607,-1202,walking,0.00,0,0,0,0,0
1779983938398,-17943,5490,-5412,-88,-621,-1335,walking,0.00,0,0,0,0,0
1779983938399,-16913,4827,-5410,-128,-657,-1434,walking,0.00,0,0,0,0,0
1779983938399,-15679,4138,-5358,-179,-686,-1481,walking,0.00,0,0,0,0,0
1779983938425,-14549,3557,-5491,-226,-701,-1466,walking,0.00,0,0,0,0,0
1779983938426,-13755,3307,-5652,-264,-706,-1398,walking,0.00,0,0,0,0,0
1779983938427,-13588,3478,-5589,-278,-702,-1296,walking,0.00,0,0,0,0,0
1779983938456,-14270,3948,-5271,-228,-688,-1185,walking,0.00,0,0,0,0,0
1779983938457,-15320,4465,-5050,-97,-660,-1098,walking,0.00,0,0,0,0,0
1779983938457,-16294,4822,-4891,88,-630,-1037,walking,0.00,0,0,0,0,0
1779983938485,-17111,4799,-4747,283,-598,-995,walking,0.00,0,0,0,0,0
1779983938485,-17766,4333,-4587,437,-555,-951,walking,0.00,0,0,0,0,0
1779983938486,-18217,3680,-4285,517,-506,-884,walking,0.00,0,0,0,0,0
1779983938514,-18219,3189,-4126,530,-451,-794,walking,0.00,0,0,0,0,0
1779983938515,-18154,2752,-4060,487,-387,-698,walking,0.00,0,0,0,0,0
1779983938517,-17574,2265,-4037,388,-320,-627,walking,0.00,0,0,0,0,0
1779983938544,-17290,1084,-4166,221,-272,-617,walking,0.00,0,0,0,0,0
1779983938546,-16806,797,-4338,-25,-217,-554,walking,0.00,0,0,0,0,0
1779983938546,-16148,1137,-4396,-295,-166,-497,walking,0.00,0,0,0,0,0
1779983938574,-15278,1443,-4686,-544,-129,-499,walking,0.00,0,0,0,0,0
1779983938575,-14533,1840,-4719,-767,-112,-502,walking,0.00,0,0,0,0,0
1779983938576,-13702,2403,-4521,-959,-100,-501,walking,0.00,0,0,0,0,0
1779983938609,-13141,2576,-4395,-1115,-91,-536,walking,0.00,0,0,0,0,0
1779983938611,-12616,2973,-4120,-1221,-89,-545,walking,0.00,0,0,0,0,0
1779983938613,-12195,3426,-3957,-1268,-91,-528,walking,0.00,0,0,0,0,0
1779983938633,-11779,3813,-3960,-1245,-85,-506,walking,0.00,0,0,0,0,0
1779983938634,-11782,4184,-4089,-1165,-77,-483,walking,0.00,0,0,0,0,0
1779983938634,-11529,4285,-4049,-1064,-88,-485,walking,0.00,0,0,0,0,0
1779983938664,-11804,3612,-4035,-970,-96,-509,walking,0.00,0,0,0,0,0
1779983938665,-11873,3510,-4055,-933,-87,-499,walking,0.00,0,0,0,0,0
1779983938665,-12033,3901,-4002,-909,-109,-487,walking,0.00,0,0,0,0,0
1779983938697,-12259,4326,-4291,-865,-145,-501,walking,0.00,0,0,0,0,0
1779983938698,-12502,4522,-4681,-807,-187,-531,walking,0.00,0,0,0,0,0
1779983938699,-12810,4369,-4864,-749,-219,-561,walking,0.00,0,0,0,0,0
1779983938726,-12841,4067,-5124,-718,-241,-586,walking,0.00,0,0,0,0,0
1779983938726,-12764,3857,-5445,-725,-268,-618,walking,0.00,0,0,0,0,0
1779983938727,-12910,3804,-5659,-761,-300,-659,walking,0.00,0,0,0,0,0
1779983938756,-13146,3963,-5764,-805,-320,-682,walking,0.00,0,0,0,0,0
1779983938758,-13323,4353,-5928,-817,-331,-677,walking,0.00,0,0,0,0,0
1779983938759,-13460,4812,-6108,-780,-336,-671,walking,0.00,0,0,0,0,0
1779983938785,-13572,4979,-6244,-711,-342,-680,walking,0.00,0,0,0,0,0
1779983938786,-13666,5004,-6307,-630,-352,-688,walking,0.00,0,0,0,0,0
1779983938787,-13831,5099,-6359,-551,-364,-686,walking,0.00,0,0,0,0,0
1779983938814,-14316,5288,-6368,-474,-382,-674,walking,0.00,0,0,0,0,0
1779983938844,-14948,5386,-6564,-396,-391,-659,walking,0.00,0,0,0,0,0
1779983938847,-15871,5535,-6642,-320,-401,-637,walking,0.00,0,0,0,0,0
1779983938848,-17167,5579,-6735,-248,-399,-615,walking,0.00,0,0,0,0,0
1779983938849,-18349,5442,-6880,-196,-376,-598,walking,0.00,0,0,0,0,0
1779983938850,-19210,5328,-6514,-183,-353,-586,walking,0.00,0,0,0,0,0
1779983938875,-19910,5192,-6218,-188,-316,-566,walking,0.00,0,0,0,0,0
1779983938875,-20057,5394,-6173,-190,-256,-508,walking,0.00,0,0,0,0,0
1779983938876,-20187,5598,-6036,-183,-200,-432,walking,0.00,0,0,0,0,0
1779983938906,-20532,5480,-5658,-158,-158,-349,walking,0.00,0,0,0,0,0
1779983938907,-20110,5143,-5537,-128,-117,-254,walking,0.00,0,0,0,0,0
1779983938908,-19297,4775,-5641,-126,-106,-184,walking,0.00,0,0,0,0,0
1779983938934,-19794,4294,-5714,-202,-147,-169,walking,0.00,0,0,0,0,0
1779983938934,-21118,5709,-6266,-434,-171,-82,walking,0.00,0,0,0,0,0
1779983938935,-21369,6282,-6256,-486,-166,-98,walking,0.00,0,0,0,0,0
1779983938970,-20600,6757,-6078,-459,-120,-113,walking,0.00,0,0,0,0,0
1779983938971,-18691,6611,-6028,-339,-39,-93,walking,0.00,0,0,0,0,0
1779983938974,-16568,6012,-5752,-170,23,-14,walking,0.00,0,0,0,0,0
1779983939000,-14868,5481,-5375,7,58,111,walking,0.00,0,0,0,0,0
1779983939001,-13857,5058,-5084,162,91,266,walking,0.00,0,0,0,0,0
1779983939002,-13658,4987,-4724,294,122,441,walking,0.00,0,0,0,0,0
1779983939031,-14196,5495,-4345,424,141,599,walking,0.00,0,0,0,0,0
1779983939031,-15144,6117,-4035,574,159,704,walking,0.00,0,0,0,0,0
1779983939032,-15963,6466,-3872,737,181,749,walking,0.00,0,0,0,0,0
1779983939056,-16754,6640,-3786,888,207,761,walking,0.00,0,0,0,0,0
1779983939057,-17602,7006,-3763,1019,231,758,walking,0.00,0,0,0,0,0
1779983939059,-18425,7354,-3700,1146,249,723,walking,0.00,0,0,0,0,0
1779983939084,-18927,7415,-3495,1257,280,673,walking,0.00,0,0,0,0,0
1779983939085,-19261,7185,-3258,1346,327,644,walking,0.00,0,0,0,0,0
1779983939086,-19279,6717,-3014,1407,385,650,walking,0.00,0,0,0,0,0
1779983939116,-18979,6139,-2835,1438,436,684,walking,0.00,0,0,0,0,0
1779983939117,-18688,5563,-2639,1434,468,730,walking,0.00,0,0,0,0,0
1779983939117,-18532,4998,-2472,1387,490,780,walking,0.00,0,0,0,0,0
1779983939144,-18268,4305,-2512,1300,522,836,walking,0.00,0,0,0,0,0
1779983939147,-17900,3749,-2654,1182,561,904,walking,0.00,0,0,0,0,0
1779983939148,-17426,3306,-2713,1036,610,993,walking,0.00,0,0,0,0,0
1779983939175,-16708,3016,-2803,866,670,1093,walking,0.00,0,0,0,0,0
1779983939176,-16048,2961,-2858,697,720,1198,walking,0.00,0,0,0,0,0
1779983939177,-15385,3043,-2846,543,759,1291,walking,0.00,0,0,0,0,0
1779983939205,-14761,3034,-2842,400,787,1377,walking,0.00,0,0,0,0,0
1779983939206,-14036,3201,-2806,277,809,1465,walking,0.00,0,0,0,0,0
1779983939207,-13461,3623,-2736,180,815,1545,walking,0.00,0,0,0,0,0
1779983939235,-12956,4052,-2677,130,819,1606,walking,0.00,0,0,0,0,0
1779983939239,-12561,4338,-2861,129,818,1648,walking,0.00,0,0,0,0,0
1779983939240,-12327,4649,-2810,167,810,1691,walking,0.00,0,0,0,0,0
1779983939266,-12052,4714,-2733,214,813,1718,walking,0.00,0,0,0,0,0
1779983939267,-11745,4558,-2759,230,827,1725,walking,0.00,0,0,0,0,0
1779983939268,-11467,4589,-2782,217,828,1728,walking,0.00,0,0,0,0,0
1779983939297,-11350,4827,-2716,190,808,1721,walking,0.00,0,0,0,0,0
1779983939298,-11218,5149,-2712,167,783,1696,walking,0.00,0,0,0,0,0
1779983939299,-11148,5574,-2748,152,753,1652,walking,0.00,0,0,0,0,0
1779983939324,-11236,5988,-2767,150,710,1594,walking,0.00,0,0,0,0,0
1779983939324,-11340,6429,-2817,172,669,1530,walking,0.00,0,0,0,0,0
1779983939325,-11082,6817,-2997,223,626,1447,walking,0.00,0,0,0,0,0
1779983939355,-11293,6822,-3045,282,566,1338,walking,0.00,0,0,0,0,0
1779983939356,-11334,6932,-3095,335,511,1232,walking,0.00,0,0,0,0,0
1779983939357,-11521,6707,-3223,370,464,1091,walking,0.00,0,0,0,0,0
1779983939392,-11535,6634,-3447,375,417,957,walking,0.00,0,0,0,0,0
1779983939393,-11836,6945,-3597,358,347,828,walking,0.00,0,0,0,0,0
1779983939394,-12564,7341,-3665,347,271,686,walking,0.00,0,0,0,0,0
1779983939416,-13346,7699,-3774,354,208,531,walking,0.00,0,0,0,0,0
1779983939417,-14118,7738,-3904,380,147,365,walking,0.00,0,0,0,0,0
1779983939418,-14908,7567,-4060,413,78,202,walking,0.00,0,0,0,0,0
1779983939446,-15671,7357,-4214,431,0,51,walking,0.00,0,0,0,0,0
1779983939447,-16265,7042,-4316,430,-82,-85,walking,0.00,0,0,0,0,0
1779983939448,-16654,6491,-4371,414,-159,-210,walking,0.00,0,0,0,0,0
1779983939474,-16889,6023,-4527,383,-233,-316,walking,0.00,0,0,0,0,0
1779983939474,-16927,5728,-4647,326,-311,-410,walking,0.00,0,0,0,0,0
1779983939475,-16818,5504,-4836,249,-390,-511,walking,0.00,0,0,0,0,0
1779983939505,-16512,5475,-5005,169,-470,-621,walking,0.00,0,0,0,0,0
1779983939506,-16416,5583,-5186,94,-554,-742,walking,0.00,0,0,0,0,0
1779983939506,-16662,5775,-5289,35,-631,-866,walking,0.00,0,0,0,0,0
1779983939533,-17395,5934,-5362,-13,-692,-992,walking,0.00,0,0,0,0,0
1779983939534,-18363,6125,-5361,-46,-729,-1123,walking,0.00,0,0,0,0,0
1779983939534,-18911,6183,-5191,-64,-748,-1258,walking,0.00,0,0,0,0,0
1779983939564,-18673,5863,-5006,-62,-754,-1388,walking,0.00,0,0,0,0,0
1779983939565,-17638,5211,-5056,-47,-759,-1485,walking,0.00,0,0,0,0,0
1779983939566,-16237,4531,-5157,-32,-774,-1523,walking,0.00,0,0,0,0,0
1779983939599,-14939,3812,-5136,-20,-793,-1504,walking,0.00,0,0,0,0,0
1779983939600,-14114,3168,-5147,-12,-796,-1441,walking,0.00,0,0,0,0,0
1779983939600,-13931,2663,-5117,-9,-780,-1344,walking,0.00,0,0,0,0,0
1779983939625,-14492,2482,-4993,-8,-748,-1227,walking,0.00,0,0,0,0,0
1779983939626,-15568,2565,-4697,-1,-706,-1121,walking,0.00,0,0,0,0,0
1779983939627,-16750,2748,-4431,23,-641,-1049,walking,0.00,0,0,0,0,0
1779983939658,-17556,2918,-4203,67,-569,-1004,walking,0.00,0,0,0,0,0
1779983939659,-17963,3119,-4032,104,-512,-970,walking,0.00,0,0,0,0,0
1779983939660,-18553,3117,-3720,106,-472,-958,walking,0.00,0,0,0,0,0
1779983939685,-19036,2379,-3422,57,-427,-972,walking,0.00,0,0,0,0,0
1779983939686,-19117,1588,-3507,-60,-365,-944,walking,0.00,0,0,0,0,0
1779983939689,-18536,1706,-3651,-222,-304,-837,walking,0.00,0,0,0,0,0
1779983939715,-18146,1840,-3722,-394,-257,-746,walking,0.00,0,0,0,0,0
1779983939717,-17723,1625,-3759,-586,-215,-702,walking,0.00,0,0,0,0,0
1779983939718,-17114,1527,-3873,-809,-183,-688,walking,0.00,0,0,0,0,0
1779983939747,-16447,2092,-4054,-1030,-162,-652,walking,0.00,0,0,0,0,0
1779983939748,-15423,3138,-4221,-1189,-142,-602,walking,0.00,0,0,0,0,0
1779983939749,-14385,3671,-4383,-1269,-134,-598,walking,0.00,0,0,0,0,0
1779983939774,-13640,3775,-4418,-1294,-141,-593,walking,0.00,0,0,0,0,0
1779983939775,-12824,3955,-4576,-1293,-139,-565,walking,0.00,0,0,0,0,0
1779983939776,-12239,3834,-4555,-1287,-155,-567,walking,0.00,0,0,0,0,0
1779983939804,-12003,3955,-4672,-1279,-162,-538,walking,0.00,0,0,0,0,0
1779983939805,-11674,4488,-4563,-1248,-159,-478,walking,0.00,0,0,0,0,0
1779983939806,-11388,5081,-4340,-1148,-166,-437,walking,0.00,0,0,0,0,0
1779983939833,-11319,5269,-4239,-1024,-176,-461,walking,0.00,0,0,0,0,0
1779983939834,-11373,5710,-4337,-878,-181,-440,walking,0.00,0,0,0,0,0
1779983939836,-11076,5774,-4565,-712,-184,-405,walking,0.00,0,0,0,0,0
1779983939864,-11135,5529,-4845,-587,-209,-403,walking,0.00,0,0,0,0,0
1779983939866,-11527,5272,-5070,-522,-233,-430,walking,0.00,0,0,0,0,0
1779983939867,-11708,4736,-5264,-518,-253,-458,walking,0.00,0,0,0,0,0
1779983939896,-11862,5029,-5464,-539,-286,-464,walking,0.00,0,0,0,0,0
1779983939897,-11939,5545,-5695,-516,-325,-486,walking,0.00,0,0,0,0,0
1779983939898,-12104,5552,-6048,-455,-364,-529,walking,0.00,0,0,0,0,0
1779983939924,-12367,5396,-6325,-398,-401,-561,walking,0.00,0,0,0,0,0
1779983939925,-12595,5381,-6528,-352,-431,-577,walking,0.00,0,0,0,0,0
1779983939926,-12917,5359,-6698,-302,-452,-588,walking,0.00,0,0,0,0,0
1779983939955,-13250,5469,-6930,-248,-464,-593,walking,0.00,0,0,0,0,0
1779983939956,-13686,5644,-6995,-179,-475,-591,walking,0.00,0,0,0,0,0
1779983939957,-14279,5753,-7016,-94,-480,-580,walking,0.00,0,0,0,0,0
1779983939984,-15017,5767,-6954,8,-479,-559,walking,0.00,0,0,0,0,0
1779983939992,-15660,5654,-6924,102,-462,-531,walking,0.00,0,0,0,0,0
1779983939992,-16389,5640,-6900,171,-447,-497,walking,0.00,0,0,0,0,0
1779983940015,-17187,5618,-6718,217,-423,-467,walking,0.00,0,0,0,0,0
1779983940015,-18066,5535,-6576,242,-395,-447,walking,0.00,0,0,0,0,0
1779983940016,-19044,5454,-6364,249,-366,-425,walking,0.00,0,0,0,0,0
1779983940047,-20310,5223,-5714,253,-269,-346,walking,0.00,0,0,0,0,0
1779983940047,-20555,4724,-5558,259,-202,-263,walking,0.00,0,0,0,0,0
1779983940048,-20469,4071,-5421,232,-140,-160,walking,0.00,0,0,0,0,0
1779983940074,-20166,3450,-5282,156,-82,-50,walking,0.00,0,0,0,0,0
1779983940075,-19604,3038,-5251,21,-35,58,walking,0.00,0,0,0,0,0
1779983940079,-19116,2892,-5245,-146,-11,149,walking,0.00,0,0,0,0,0
1779983940105,-18673,3117,-5374,-319,1,222,walking,0.00,0,0,0,0,0
1779983940105,-18455,3865,-5591,-467,6,280,walking,0.00,0,0,0,0,0
1779983940106,-18985,4880,-5755,-570,3,310,walking,0.00,0,0,0,0,0
1779983940141,-19873,5763,-5733,-610,16,316,walking,0.00,0,0,0,0,0
1779983940141,-20405,6555,-5613,-580,51,301,walking,0.00,0,0,0,0,0
1779983940142,-19742,6583,-5313,-491,98,271,walking,0.00,0,0,0,0,0
1779983940166,-17951,6079,-5102,-370,170,275,walking,0.00,0,0,0,0,0
1779983940167,-16164,5553,-5022,-243,230,342,walking,0.00,0,0,0,0,0
1779983940167,-14794,5167,-4769,-128,258,444,walking,0.00,0,0,0,0,0
1779983940194,-14123,5048,-4498,-18,270,561,walking,0.00,0,0,0,0,0
1779983940195,-14230,5383,-4165,106,276,674,walking,0.00,0,0,0,0,0
1779983940196,-14949,5962,-3836,264,284,756,walking,0.00,0,0,0,0,0
1779983940223,-16000,6458,-3549,459,300,800,walking,0.00,0,0,0,0,0
1779983940223,-16947,7034,-3503,682,330,823,walking,0.00,0,0,0,0,0
1779983940224,-17649,7305,-3454,925,357,817,walking,0.00,0,0,0,0,0
1779983940255,-18573,6683,-3268,1130,379,770,walking,0.00,0,0,0,0,0
1779983940256,-19465,6172,-3364,1247,416,699,walking,0.00,0,0,0,0,0
1779983940256,-19793,6054,-2879,1301,436,638,walking,0.00,0,0,0,0,0
1779983940285,-19835,5820,-2433,1369,459,588,walking,0.00,0,0,0,0,0
1779983940287,-19454,5183,-2782,1422,506,542,walking,0.00,0,0,0,0,0
1779983940287,-18905,4107,-2810,1411,518,504,walking,0.00,0,0,0,0,0
1779983940314,-18507,3279,-2520,1337,506,479,walking,0.00,0,0,0,0,0
1779983940315,-17960,3503,-2480,1224,484,488,walking,0.00,0,0,0,0,0
1779983940315,-17117,3531,-2461,1151,457,525,walking,0.00,0,0,0,0,0
1779983940345,-16568,2862,-2759,1079,451,562,walking,0.00,0,0,0,0,0
1779983940346,-16272,1976,-3124,912,456,587,walking,0.00,0,0,0,0,0
1779983940347,-16171,1457,-3324,642,489,646,walking,0.00,0,0,0,0,0
1779983940374,-15233,1966,-3252,416,572,777,walking,0.00,0,0,0,0,0
1779983940375,-14567,2863,-3058,301,628,889,walking,0.00,0,0,0,0,0
1779983940375,-14308,3094,-2884,245,678,961,walking,0.00,0,0,0,0,0
1779983940405,-13528,3207,-2764,198,745,1044,walking,0.00,0,0,0,0,0
1779983940406,-12675,3420,-2649,144,783,1129,walking,0.00,0,0,0,0,0
1779983940406,-12345,3734,-2530,85,801,1207,walking,0.00,0,0,0,0,0
1779983940437,-11921,4128,-2473,35,822,1286,walking,0.00,0,0,0,0,0
1779983940438,-11578,4563,-2402,16,820,1357,walking,0.00,0,0,0,0,0
1779983940439,-11406,4979,-2348,26,800,1408,walking,0.00,0,0,0,0,0
1779983940464,-11278,5308,-2395,59,780,1432,walking,0.00,0,0,0,0,0
1779983940464,-11287,5399,-2616,99,767,1426,walking,0.00,0,0,0,0,0
1779983940465,-11548,5288,-2746,113,755,1397,walking,0.00,0,0,0,0,0
1779983940497,-11353,5410,-2910,97,757,1365,walking,0.00,0,0,0,0,0
1779983940524,-11478,5433,-2972,54,746,1307,walking,0.00,0,0,0,0,0
1779983940525,-11449,5904,-3001,3,723,1259,walking,0.00,0,0,0,0,0
1779983940525,-11268,6322,-3018,-32,686,1166,walking,0.00,0,0,0,0,0
1779983940527,-11280,6384,-2995,-55,631,1033,walking,0.00,0,0,0,0,0
1779983940528,-11289,6565,-3000,-68,572,933,walking,0.00,0,0,0,0,0
1779983940556,-11233,6825,-3143,-57,516,851,walking,0.00,0,0,0,0,0
1779983940557,-11543,7035,-3309,-33,454,753,walking,0.00,0,0,0,0,0
1779983940557,-12039,7273,-3508,3,396,644,walking,0.00,0,0,0,0,0
1779983940590,-12644,7510,-3666,40,337,523,walking,0.00,0,0,0,0,0
1779983940590,-13459,7662,-3820,81,272,392,walking,0.00,0,0,0,0,0
1779983940591,-14385,7796,-3960,124,201,250,walking,0.00,0,0,0,0,0
1779983940614,-15287,7814,-4052,166,132,99,walking,0.00,0,0,0,0,0
1779983940617,-15950,7692,-4170,201,61,-59,walking,0.00,0,0,0,0,0
1779983940620,-16521,7335,-4272,214,-12,-217,walking,0.00,0,0,0,0,0
1779983940648,-16866,6752,-4419,207,-82,-354,walking,0.00,0,0,0,0,0
1779983940649,-17055,6283,-4561,170,-157,-458,walking,0.00,0,0,0,0,0
1779983940650,-17307,5985,-4742,107,-233,-546,walking,0.00,0,0,0,0,0
1779983940673,-17543,5679,-4814,40,-307,-631,walking,0.00,0,0,0,0,0
1779983940674,-17670,5451,-4899,-21,-368,-715,walking,0.00,0,0,0,0,0
1779983940675,-17562,5329,-5067,-77,-415,-801,walking,0.00,0,0,0,0,0
1779983940705,-17382,5405,-5214,-128,-455,-890,walking,0.00,0,0,0,0,0
1779983940706,-17291,5491,-5296,-174,-497,-986,walking,0.00,0,0,0,0,0
1779983940707,-17491,5512,-5283,-219,-531,-1083,walking,0.00,0,0,0,0,0
1779983940733,-18014,5575,-5302,-263,-559,-1175,walking,0.00,0,0,0,0,0
1779983940737,-18539,5644,-5342,-302,-575,-1261,walking,0.00,0,0,0,0,0
1779983940744,-18649,5612,-5343,-328,-589,-1344,walking,0.00,0,0,0,0,0
1779983940764,-18268,5316,-5301,-334,-602,-1410,walking,0.00,0,0,0,0,0
1779983940764,-17254,5001,-5412,-309,-609,-1433,walking,0.00,0,0,0,0,0
1779983940765,-15953,4347,-5621,-260,-613,-1415,walking,0.00,0,0,0,0,0
1779983940792,-14886,3562,-5665,-203,-618,-1345,walking,0.00,0,0,0,0,0
1779983940793,-14366,2749,-5753,-164,-607,-1232,walking,0.00,0,0,0,0,0
1779983940793,-14354,2297,-5840,-151,-582,-1081,walking,0.00,0,0,0,0,0
1779983940824,-14815,2414,-5748,-149,-560,-914,walking,0.00,0,0,0,0,0
1779983940825,-15619,2898,-5464,-122,-535,-776,walking,0.00,0,0,0,0,0
1779983940825,-16490,3467,-5148,-55,-507,-699,walking,0.00,0,0,0,0,0
1779983940855,-17266,3928,-4898,35,-479,-670,walking,0.00,0,0,0,0,0
1779983940855,-17941,3940,-4617,120,-447,-658,walking,0.00,0,0,0,0,0
1779983940856,-18396,3613,-4344,171,-404,-623,walking,0.00,0,0,0,0,0
1779983940886,-18300,3262,-4128,168,-347,-553,walking,0.00,0,0,0,0,0
1779983940886,-17826,2649,-3940,94,-291,-478,walking,0.00,0,0,0,0,0
1779983940887,-17357,2004,-3812,-53,-232,-391,walking,0.00,0,0,0,0,0
1779983940914,-16745,2016,-3951,-246,-161,-290,walking,0.00,0,0,0,0,0
1779983940914,-16032,2419,-4091,-440,-104,-201,walking,0.00,0,0,0,0,0
1779983940915,-15262,2726,-4081,-604,-67,-159,walking,0.00,0,0,0,0,0
1779983940945,-14560,2814,-4074,-753,-37,-156,walking,0.00,0,0,0,0,0
1779983940945,-13883,2800,-4282,-910,-10,-174,walking,0.00,0,0,0,0,0
1779983940946,-13255,2926,-4800,-1095,16,-201,walking,0.00,0,0,0,0,0
1779983940973,-12793,3260,-4926,-1283,35,-180,walking,0.00,0,0,0,0,0
1779983940974,-12406,3446,-4634,-1419,72,-149,walking,0.00,0,0,0,0,0
1779983940975,-11806,4108,-5005,-1523,93,-223,walking,0.00,0,0,0,0,0
1779983941004,-11426,5746,-4426,-1508,43,-210,walking,0.00,0,0,0,0,0
1779983941004,-11013,7128,-3836,-1269,19,-154,walking,0.00,0,0,0,0,0
1779983941005,-10574,7471,-4094,-948,9,-181,walking,0.00,0,0,0,0,0
1779983941036,-10661,6821,-4091,-661,-43,-218,walking,0.00,0,0,0,0,0
1779983941037,-10831,6353,-3870,-455,-105,-246,walking,0.00,0,0,0,0,0
1779983941037,-10853,5946,-3780,-318,-157,-286,walking,0.00,0,0,0,0,0
1779983941070,-11023,5303,-3894,-236,-202,-336,walking,0.00,0,0,0,0,0
1779983941071,-11097,5028,-4149,-204,-242,-379,walking,0.00,0,0,0,0,0
1779983941072,-11104,4869,-4585,-192,-282,-415,walking,0.00,0,0,0,0,0
1779983941096,-11295,4821,-4951,-189,-321,-448,walking,0.00,0,0,0,0,0
1779983941097,-11734,4800,-5226,-196,-352,-486,walking,0.00,0,0,0,0,0
1779983941098,-12061,4894,-5286,-200,-372,-527,walking,0.00,0,0,0,0,0
1779983941124,-12190,5009,-5318,-186,-394,-561,walking,0.00,0,0,0,0,0
1779983941128,-12361,5283,-5350,-153,-425,-585,walking,0.00,0,0,0,0,0
1779983941128,-13202,5355,-5664,-24,-484,-621,walking,0.00,0,0,0,0,0
1779983941154,-13862,5294,-5833,46,-505,-612,walking,0.00,0,0,0,0,0
1779983941157,-14487,5301,-5954,111,-514,-594,walking,0.00,0,0,0,0,0
1779983941161,-14986,5366,-6040,174,-519,-581,walking,0.00,0,0,0,0,0
1779983941185,-15556,5325,-6092,218,-530,-574,walking,0.00,0,0,0,0,0
1779983941186,-16615,4904,-6144,231,-532,-582,walking,0.00,0,0,0,0,0
1779983941187,-17627,5316,-6675,210,-508,-580,walking,0.00,0,0,0,0,0
1779983941214,-18560,5878,-6439,200,-496,-562,walking,0.00,0,0,0,0,0
1779983941215,-19529,5675,-5869,251,-460,-552,walking,0.00,0,0,0,0,0
1779983941215,-20018,5175,-5882,288,-393,-535,walking,0.00,0,0,0,0,0
1779983941247,-20407,4871,-5826,278,-349,-471,walking,0.00,0,0,0,0,0
1779983941248,-20591,4844,-5569,256,-309,-380,walking,0.00,0,0,0,0,0
1779983941249,-20405,4661,-5555,240,-263,-291,walking,0.00,0,0,0,0,0
1779983941274,-20339,4231,-5541,202,-234,-214,walking,0.00,0,0,0,0,0
1779983941274,-19689,4075,-5666,135,-213,-138,walking,0.00,0,0,0,0,0
1779983941275,-19214,4086,-5828,50,-211,-87,walking,0.00,0,0,0,0,0
1779983941303,-19212,4475,-6022,-46,-209,-48,walking,0.00,0,0,0,0,0
1779983941306,-19649,5329,-6101,-121,-200,-16,walking,0.00,0,0,0,0,0
1779983941307,-20397,6408,-6117,-143,-176,-6,walking,0.00,0,0,0,0,0
1779983941335,-20387,7249,-6112,-97,-132,-27,walking,0.00,0,0,0,0,0
1779983941336,-19354,7228,-5725,10,-81,-72,walking,0.00,0,0,0,0,0
1779983941337,-17695,6862,-5446,160,-8,-63,walking,0.00,0,0,0,0,0
1779983941364,-16034,6348,-5163,328,56,12,walking,0.00,0,0,0,0,0
1779983941365,-15049,5606,-4745,486,106,134,walking,0.00,0,0,0,0,0
1779983941365,-14481,5041,-4483,600,157,293,walking,0.00,0,0,0,0,0
1779983941399,-14730,5142,-4166,689,196,455,walking,0.00,0,0,0,0,0
1779983941427,-15588,5675,-3917,793,227,580,walking,0.00,0,0,0,0,0
1779983941428,-16536,6263,-3773,923,257,648,walking,0.00,0,0,0,0,0
1779983941428,-17201,6590,-3776,1064,292,672,walking,0.00,0,0,0,0,0
1779983941429,-17666,6729,-3810,1194,329,685,walking,0.00,0,0,0,0,0
1779983941429,-18146,6842,-3810,1308,363,711,walking,0.00,0,0,0,0,0
1779983941453,-18618,7083,-3795,1410,399,749,walking,0.00,0,0,0,0,0
1779983941454,-18933,7260,-3743,1507,437,795,walking,0.00,0,0,0,0,0
1779983941455,-19291,6522,-3427,1600,479,836,walking,0.00,0,0,0,0,0
1779983941486,-19671,5548,-3324,1627,555,878,walking,0.00,0,0,0,0,0
1779983941486,-19843,5013,-3214,1548,642,946,walking,0.00,0,0,0,0,0
1779983941487,-19545,4602,-3006,1421,718,1039,walking,0.00,0,0,0,0,0
1779983941514,-18803,4135,-2950,1272,797,1124,walking,0.00,0,0,0,0,0
1779983941515,-17837,3757,-2965,1084,850,1187,walking,0.00,0,0,0,0,0
1779983941516,-17258,3249,-2865,866,864,1226,walking,0.00,0,0,0,0,0
1779983941544,-16486,3036,-2989,649,883,1295,walking,0.00,0,0,0,0,0
1779983941545,-15415,3176,-3224,461,906,1394,walking,0.00,0,0,0,0,0
1779983941545,-15523,3235,-2988,305,910,1480,walking,0.00,0,0,0,0,0
1779983941577,-14478,3621,-3063,204,988,1617,walking,0.00,0,0,0,0,0
1779983941578,-13459,3356,-3122,124,1020,1669,walking,0.00,0,0,0,0,0
1779983941578,-13181,3250,-3022,23,1013,1705,walking,0.00,0,0,0,0,0
1779983941605,-12783,3684,-2890,-69,1009,1770,walking,0.00,0,0,0,0,0
1779983941606,-12413,4355,-2866,-125,1001,1812,walking,0.00,0,0,0,0,0
1779983941607,-12108,4830,-2892,-145,982,1822,walking,0.00,0,0,0,0,0
1779983941639,-11952,5235,-2850,-134,953,1810,walking,0.00,0,0,0,0,0
1779983941639,-11818,5742,-2745,-98,921,1784,walking,0.00,0,0,0,0,0
1779983941640,-11553,6133,-2706,-37,890,1738,walking,0.00,0,0,0,0,0
1779983941664,-11278,6224,-2679,38,854,1678,walking,0.00,0,0,0,0,0
1779983941665,-11121,6279,-2616,107,813,1618,walking,0.00,0,0,0,0,0
1779983941665,-11036,6470,-2624,159,774,1551,walking,0.00,0,0,0,0,0
1779983941694,-11056,6727,-2733,203,731,1469,walking,0.00,0,0,0,0,0
1779983941695,-11125,6983,-2798,253,680,1369,walking,0.00,0,0,0,0,0
1779983941695,-11224,7126,-2831,303,622,1252,walking,0.00,0,0,0,0,0
1779983941724,-11135,7178,-3050,357,572,1124,walking,0.00,0,0,0,0,0
1779983941728,-11189,6956,-3153,409,522,977,walking,0.00,0,0,0,0,0
1779983941729,-11204,6784,-3313,443,472,844,walking,0.00,0,0,0,0,0
1779983941756,-11356,6584,-3393,456,411,706,walking,0.00,0,0,0,0,0
1779983941760,-11726,6544,-3432,452,348,576,walking,0.00,0,0,0,0,0
1779983941761,-12237,6711,-3452,447,284,450,walking,0.00,0,0,0,0,0
1779983941785,-12905,6850,-3539,450,221,306,walking,0.00,0,0,0,0,0
1779983941787,-13858,6814,-3665,453,155,148,walking,0.00,0,0,0,0,0
1779983941787,-14803,6606,-3695,446,93,-12,walking,0.00,0,0,0,0,0
1779983941813,-15643,6248,-3749,419,33,-165,walking,0.00,0,0,0,0,0
1779983941814,-16323,5678,-3782,351,-31,-305,walking,0.00,0,0,0,0,0
1779983941815,-16731,5258,-3896,242,-99,-429,walking,0.00,0,0,0,0,0
1779983941843,-17065,4998,-3965,99,-175,-546,walking,0.00,0,0,0,0,0
1779983941844,-17194,4898,-4042,-60,-251,-664,walking,0.00,0,0,0,0,0
1779983941845,-17087,4793,-4118,-207,-326,-790,walking,0.00,0,0,0,0,0
1779983941876,-16779,4913,-4197,-340,-399,-917,walking,0.00,0,0,0,0,0
1779983941877,-16626,5290,-4345,-448,-477,-1051,walking,0.00,0,0,0,0,0
1779983941878,-16902,5679,-4404,-522,-567,-1195,walking,0.00,0,0,0,0,0
1779983941904,-17572,5905,-4225,-569,-654,-1348,walking,0.00,0,0,0,0,0
1779983941905,-18110,6012,-4057,-591,-725,-1507,walking,0.00,0,0,0,0,0
1779983941906,-18282,5886,-4141,-593,-796,-1658,walking,0.00,0,0,0,0,0
1779983941935,-18023,5580,-4298,-575,-876,-1792,walking,0.00,0,0,0,0,0
1779983941936,-17448,5177,-4486,-532,-956,-1882,walking,0.00,0,0,0,0,0
1779983941937,-16721,4608,-4611,-452,-1026,-1913,walking,0.00,0,0,0,0,0
1779983941970,-16133,3960,-4694,-335,-1070,-1876,walking,0.00,0,0,0,0,0
1779983941971,-15799,3474,-4803,-195,-1081,-1765,walking,0.00,0,0,0,0,0
1779983941994,-15591,3161,-4882,-46,-1066,-1620,walking,0.00,0,0,0,0,0
1779983941995,-15698,2923,-4932,99,-1043,-1480,walking,0.00,0,0,0,0,0
1779983941996,-16466,2680,-4846,231,-1023,-1360,walking,0.00,0,0,0,0,0
1779983941996,-17256,2329,-4592,335,-991,-1263,walking,0.00,0,0,0,0,0
1779983942026,-17719,2156,-4529,399,-952,-1185,walking,0.00,0,0,0,0,0
1779983942027,-18007,2151,-4507,413,-925,-1120,walking,0.00,0,0,0,0,0
1779983942028,-18300,2097,-4328,380,-908,-1070,walking,0.00,0,0,0,0,0
1779983942055,-18468,1906,-4214,297,-884,-1020,walking,0.00,0,0,0,0,0
1779983942056,-18309,1746,-4186,160,-846,-965,walking,0.00,0,0,0,0,0
1779983942056,-18092,1527,-4053,-26,-798,-908,walking,0.00,0,0,0,0,0
1779983942085,-17301,1555,-3935,-248,-736,-841,walking,0.00,0,0,0,0,0
1779983942086,-16544,1589,-3720,-486,-684,-787,walking,0.00,0,0,0,0,0
1779983942086,-15791,2101,-3908,-728,-627,-751,walking,0.00,0,0,0,0,0
1779983942115,-15494,1644,-4334,-1003,-570,-740,walking,0.00,0,0,0,0,0
1779983942116,-14980,2643,-5724,-1270,-437,-727,walking,0.00,0,0,0,0,0
1779983942119,-13478,5015,-5587,-1444,-381,-626,walking,0.00,0,0,0,0,0
1779983942144,-13015,5026,-4436,-1333,-371,-626,walking,0.00,0,0,0,0,0
1779983942145,-12821,4942,-4986,-1205,-334,-709,walking,0.00,0,0,0,0,0
1779983942146,-12623,5185,-4797,-1121,-349,-651,walking,0.00,0,0,0,0,0
1779983942176,-12345,5614,-4154,-1027,-362,-600,walking,0.00,0,0,0,0,0
1779983942177,-11802,6260,-4368,-881,-345,-590,walking,0.00,0,0,0,0,0
1779983942178,-11585,5904,-4407,-753,-359,-599,walking,0.00,0,0,0,0,0
1779983942204,-11852,5378,-3828,-695,-421,-595,walking,0.00,0,0,0,0,0
1779983942205,-12521,4292,-4318,-695,-423,-624,walking,0.00,0,0,0,0,0
1779983942206,-12454,5563,-5856,-803,-361,-622,walking,0.00,0,0,0,0,0
1779983942237,-12157,6258,-4983,-809,-379,-527,walking,0.00,0,0,0,0,0
1779983942237,-12223,5471,-5230,-553,-386,-439,walking,0.00,0,0,0,0,0
1779983942238,-12730,5329,-5304,-535,-421,-404,walking,0.00,0,0,0,0,0
1779983942263,-12895,5654,-5165,-503,-436,-374,walking,0.00,0,0,0,0,0
1779983942264,-13117,5818,-5468,-428,-445,-354,walking,0.00,0,0,0,0,0
1779983942264,-13651,5137,-6036,-389,-438,-362,walking,0.00,0,0,0,0,0
1779983942294,-13878,4604,-6236,-417,-421,-353,walking,0.00,0,0,0,0,0
1779983942295,-13931,4601,-6306,-471,-426,-340,walking,0.00,0,0,0,0,0
1779983942295,-14366,5034,-6503,-503,-437,-337,walking,0.00,0,0,0,0,0
1779983942326,-14919,5354,-6701,-463,-439,-323,walking,0.00,0,0,0,0,0
1779983942328,-15363,5441,-6812,-371,-422,-292,walking,0.00,0,0,0,0,0
1779983942329,-15950,5281,-7086,-276,-406,-275,walking,0.00,0,0,0,0,0
1779983942354,-16814,4915,-7377,-213,-391,-273,walking,0.00,0,0,0,0,0
1779983942355,-17758,4655,-7679,-195,-367,-269,walking,0.00,0,0,0,0,0
1779983942355,-19065,4755,-7760,-213,-350,-267,walking,0.00,0,0,0,0,0
1779983942385,-20233,5198,-7526,-196,-320,-250,walking,0.00,0,0,0,0,0
1779983942387,-21057,5339,-7130,-121,-253,-219,walking,0.00,0,0,0,0,0
1779983942388,-21451,5091,-6548,-39,-173,-151,walking,0.00,0,0,0,0,0
1779983942418,-21398,4911,-6046,30,-90,-28,walking,0.00,0,0,0,0,0
1779983942419,-21310,4465,-5675,70,-20,105,walking,0.00,0,0,0,0,0
1779983942419,-21309,3431,-5385,40,36,188,walking,0.00,0,0,0,0,0
1779983942444,-21016,2598,-5249,-78,83,264,walking,0.00,0,0,0,0,0
1779983942445,-20725,2324,-5293,-267,124,332,walking,0.00,0,0,0,0,0
1779983942446,-20625,2703,-5381,-482,164,371,walking,0.00,0,0,0,0,0
1779983942476,-20721,3710,-5177,-656,184,376,walking,0.00,0,0,0,0,0
1779983942476,-20797,5148,-4785,-696,206,362,walking,0.00,0,0,0,0,0
1779983942477,-20387,6208,-4485,-562,255,349,walking,0.00,0,0,0,0,0
1779983942503,-19283,6398,-4645,-319,341,335,walking,0.00,0,0,0,0,0
1779983942504,-17712,5915,-4934,-80,423,347,walking,0.00,0,0,0,0,0
1779983942505,-16157,4969,-4499,99,471,420,walking,0.00,0,0,0,0,0
1779983942540,-14937,4346,-3743,270,502,525,walking,0.00,0,0,0,0,0
1779983942564,-14417,3520,-3599,458,521,596,walking,0.00,0,0,0,0,0
1779983942568,-14919,2606,-3639,619,527,608,walking,0.00,0,0,0,0,0
1779983942568,-15929,2624,-3574,710,524,596,walking,0.00,0,0,0,0,0
1779983942569,-16638,3532,-3136,770,519,592,walking,0.00,0,0,0,0,0
1779983942569,-17087,4007,-2911,838,519,584,walking,0.00,0,0,0,0,0
1779983942594,-18098,3612,-2627,842,523,542,walking,0.00,0,0,0,0,0
1779983942595,-19531,4297,-2637,748,546,475,walking,0.00,0,0,0,0,0
1779983942597,-20225,6286,-2750,641,597,442,walking,0.00,0,0,0,0,0
1779983942629,-19655,6695,-2820,660,668,456,walking,0.00,0,0,0,0,0
1779983942629,-19566,6750,-3007,729,714,483,walking,0.00,0,0,0,0,0
1779983942630,-19559,6192,-1969,730,742,552,walking,0.00,0,0,0,0,0
1779983942654,-19466,5163,-2081,716,791,627,walking,0.00,0,0,0,0,0
1779983942654,-19010,5928,-1735,661,794,705,walking,0.00,0,0,0,0,0
1779983942655,-18365,6888,-1099,689,775,798,walking,0.00,0,0,0,0,0
1779983942684,-17398,6456,-1224,809,814,895,walking,0.00,0,0,0,0,0
1779983942685,-16787,5668,-1427,933,829,983,walking,0.00,0,0,0,0,0
1779983942685,-16429,4798,-1321,993,813,1061,walking,0.00,0,0,0,0,0
1779983942717,-15952,3864,-1492,938,843,1145,walking,0.00,0,0,0,0,0
1779983942718,-15203,3733,-1923,822,889,1262,walking,0.00,0,0,0,0,0
1779983942718,-14426,4087,-2019,722,902,1396,walking,0.00,0,0,0,0,0
1779983942744,-13605,4416,-1857,674,915,1531,walking,0.00,0,0,0,0,0
1779983942745,-12800,4570,-1705,679,930,1646,walking,0.00,0,0,0,0,0
1779983942746,-12362,4708,-1736,718,927,1724,walking,0.00,0,0,0,0,0
1779983942776,-12006,4647,-1766,763,903,1754,walking,0.00,0,0,0,0,0
1779983942776,-11524,4441,-1776,802,876,1742,walking,0.00,0,0,0,0,0
1779983942777,-11432,4067,-1841,819,844,1687,walking,0.00,0,0,0,0,0
1779983942804,-11446,3894,-2010,805,813,1643,walking,0.00,0,0,0,0,0
1779983942805,-11176,4024,-2184,795,785,1626,walking,0.00,0,0,0,0,0
1779983942809,-10897,4051,-2326,786,762,1587,walking,0.00,0,0,0,0,0
1779983942835,-10708,3887,-2476,746,740,1504,walking,0.00,0,0,0,0,0
1779983942837,-10611,3805,-2546,669,711,1407,walking,0.00,0,0,0,0,0
1779983942837,-10632,4003,-2567,577,673,1322,walking,0.00,0,0,0,0,0
1779983942864,-10496,4315,-2689,490,630,1223,walking,0.00,0,0,0,0,0
1779983942867,-10692,4459,-2734,403,571,1102,walking,0.00,0,0,0,0,0
1779983942869,-10753,4776,-2883,327,507,982,walking,0.00,0,0,0,0,0
1779983942895,-10983,4827,-2966,250,425,824,walking,0.00,0,0,0,0,0
1779983942896,-11311,4951,-2932,181,337,669,walking,0.00,0,0,0,0,0
1779983942897,-11713,5253,-3055,134,257,533,walking,0.00,0,0,0,0,0
1779983942926,-12204,5694,-3165,114,184,391,walking,0.00,0,0,0,0,0
1779983942926,-12888,6046,-3348,121,108,235,walking,0.00,0,0,0,0,0
1779983942927,-13943,6253,-3501,149,33,67,walking,0.00,0,0,0,0,0
1779983942954,-15218,6285,-3571,179,-31,-105,walking,0.00,0,0,0,0,0
1779983942955,-16309,5995,-3586,203,-85,-263,walking,0.00,0,0,0,0,0
1779983942956,-16957,5567,-3563,210,-133,-399,walking,0.00,0,0,0,0,0
1779983942984,-17224,5321,-3487,186,-181,-513,walking,0.00,0,0,0,0,0
1779983942985,-17280,5171,-3448,137,-244,-622,walking,0.00,0,0,0,0,0
1779983942985,-17309,4921,-3441,55,-319,-740,walking,0.00,0,0,0,0,0
1779983943017,-17618,4567,-3424,-61,-401,-855,walking,0.00,0,0,0,0,0
1779983943017,-18195,4406,-3377,-201,-486,-962,walking,0.00,0,0,0,0,0
1779983943018,-18586,4490,-3213,-348,-569,-1064,walking,0.00,0,0,0,0,0
1779983943045,-18667,4705,-3037,-472,-645,-1169,walking,0.00,0,0,0,0,0
1779983943050,-18752,4981,-3236,-558,-708,-1283,walking,0.00,0,0,0,0,0
1779983943050,-19016,4890,-3436,-629,-771,-1404,walking,0.00,0,0,0,0,0
1779983943075,-19475,4773,-3358,-715,-841,-1521,walking,0.00,0,0,0,0,0
1779983943076,-19931,4710,-3224,-818,-906,-1630,walking,0.00,0,0,0,0,0
1779983943077,-19688,4665,-3370,-900,-941,-1713,walking,0.00,0,0,0,0,0
1779983943103,-18448,4809,-3689,-901,-963,-1744,walking,0.00,0,0,0,0,0
1779983943104,-16879,4706,-3958,-777,-998,-1723,walking,0.00,0,0,0,0,0
1779983943105,-15522,4337,-4322,-560,-1023,-1656,walking,0.00,0,0,0,0,0
1779983943134,-14884,3748,-4268,-320,-1050,-1555,walking,0.00,0,0,0,0,0
1779983943135,-14908,3155,-3851,-101,-1073,-1421,walking,0.00,0,0,0,0,0
1779983943136,-15269,2788,-3471,45,-1103,-1257,walking,0.00,0,0,0,0,0
1779983943167,-16437,2752,-2998,108,-1132,-1084,walking,0.00,0,0,0,0,0
1779983943167,-17804,2948,-2765,145,-1148,-925,walking,0.00,0,0,0,0,0
1779983943168,-18985,3070,-2694,168,-1152,-813,walking,0.00,0,0,0,0,0
1779983943195,-19357,3407,-2700,197,-1119,-705,walking,0.00,0,0,0,0,0
1779983943196,-18998,3699,-2791,255,-1062,-602,walking,0.00,0,0,0,0,0
1779983943196,-18831,3205,-2638,299,-1012,-542,walking,0.00,0,0,0,0,0
1779983943228,-18660,1778,-2413,263,-950,-499,walking,0.00,0,0,0,0,0
1779983943228,-18489,-565,-2781,19,-859,-461,walking,0.00,0,0,0,0,0
1779983943229,-18514,-2569,-4124,-543,-718,-438,walking,0.00,0,0,0,0,0
1779983943254,-18134,-2787,-5989,-1409,-513,-436,walking,0.00,0,0,0,0,0
1779983943254,-17435,-1404,-6720,-2359,-320,-406,walking,0.00,0,0,0,0,0
1779983943255,-17207,263,-6773,-3164,-97,-421,walking,0.00,0,0,0,0,0
1779983943285,-16360,1978,-7413,-3821,137,-537,walking,0.00,0,0,0,0,0
1779983943286,-15044,3200,-6301,-4344,207,-701,walking,0.00,0,0,0,0,0
1779983943287,-13799,6426,-5345,-4598,272,-698,walking,0.00,0,0,0,0,0
1779983943317,-12391,10284,-5360,-4475,366,-543,walking,0.00,0,0,0,0,0
1779983943318,-10003,13583,-6171,-3894,465,-242,walking,0.00,0,0,0,0,0
1779983943318,-8403,13810,-6084,-2992,456,-84,walking,0.00,0,0,0,0,0
1779983943344,-7425,10463,-3565,-1460,166,-71,walking,0.00,0,0,0,0,0
1779983943345,-7133,8407,-2861,-1025,-143,-159,walking,0.00,0,0,0,0,0
1779983943345,-10313,5748,-2372,-939,-366,-416,walking,0.00,0,0,0,0,0
1779983943376,-11542,5528,-2981,-1057,-298,-499,walking,0.00,0,0,0,0,0
1779983943377,-11580,5932,-2592,-1064,-304,-464,walking,0.00,0,0,0,0,0
1779983943378,-10982,7083,-4528,-922,-222,-521,walking,0.00,0,0,0,0,0
1779983943405,-10042,7625,-2420,-724,-319,-620,walking,0.00,0,0,0,0,0
1779983943406,-10110,6108,-637,-499,-337,-698,walking,0.00,0,0,0,0,0
1779983943408,-9041,5269,230,-310,-356,-731,walking,0.00,0,0,0,0,0
1779983943436,-9625,4709,1627,-51,-524,-776,walking,0.00,0,0,0,0,0
1779983943437,-11323,4086,-1027,226,-571,-915,walking,0.00,0,0,0,0,0
1779983943437,-11498,4480,-1498,485,-652,-1066,walking,0.00,0,0,0,0,0
1779983943467,-12574,3957,-1201,857,-738,-1179,walking,0.00,0,0,0,0,0
1779983943467,-14305,2801,-1749,1131,-826,-1258,walking,0.00,0,0,0,0,0
1779983943468,-15863,2159,-2141,1171,-938,-1293,walking,0.00,0,0,0,0,0
1779983943493,-17137,2575,-1960,1042,-1027,-1263,walking,0.00,0,0,0,0,0
1779983943496,-18248,2343,-2217,873,-1009,-1157,walking,0.00,0,0,0,0,0
1779983943496,-19609,487,-4154,641,-894,-995,walking,0.00,0,0,0,0,0
1779983943525,-21377,-1943,-5189,212,-736,-792,walking,0.00,0,0,0,0,0
1779983943527,-22611,-1264,-4608,-276,-587,-556,walking,0.00,0,0,0,0,0
1779983943528,-22522,811,-5621,-747,-366,-467,walking,0.00,0,0,0,0,0
1779983943553,-20984,2998,-4317,-960,-260,-356,walking,0.00,0,0,0,0,0
1779983943554,-20209,5005,-4261,-955,-179,-153,walking,0.00,0,0,0,0,0
1779983943556,-19443,4875,-3754,-843,-116,21,walking,0.00,0,0,0,0,0
1779983943586,-18997,4678,-2272,-722,-146,254,walking,0.00,0,0,0,0,0
1779983943587,-18973,4985,-1412,-679,-195,454,walking,0.00,0,0,0,0,0
1779983943588,-19741,4733,-976,-677,-249,575,walking,0.00,0,0,0,0,0
1779983943619,-21161,4264,-601,-670,-260,670,walking,0.00,0,0,0,0,0
1779983943620,-21635,3582,-356,-695,-224,726,walking,0.00,0,0,0,0,0
1779983943621,-20547,2905,-678,-784,-175,752,walking,0.00,0,0,0,0,0
1779983943645,-19521,2599,-1275,-863,-161,721,walking,0.00,0,0,0,0,0
1779983943649,-19687,2427,-922,-923,-183,588,walking,0.00,0,0,0,0,0
1779983943649,-20670,3578,-625,-962,-210,409,walking,0.00,0,0,0,0,0
1779983943675,-21561,5689,139,-857,-243,290,walking,0.00,0,0,0,0,0
1779983943675,-21779,6483,617,-515,-239,224,walking,0.00,0,0,0,0,0
1779983943676,-21745,4707,257,-35,-211,143,walking,0.00,0,0,0,0,0
1779983943703,-20694,863,-624,320,-155,61,walking,0.00,0,0,0,0,0
1779983943704,-19756,-2227,-1121,465,-121,10,walking,0.00,0,0,0,0,0
1779983943705,-18661,-4534,-1563,493,-73,-74,walking,0.00,0,0,0,0,0
1779983943735,-17573,-5015,-1640,465,-38,-146,walking,0.00,0,0,0,0,0
1779983943766,-17005,-3746,-1476,467,-40,-204,walking,0.00,0,0,0,0,0
1779983943766,-16988,-2227,-1222,567,-68,-282,walking,0.00,0,0,0,0,0
1779983943767,-17449,-1452,-295,755,-112,-354,walking,0.00,0,0,0,0,0
1779983943768,-18115,-950,325,946,-139,-405,walking,0.00,0,0,0,0,0
1779983943768,-18950,-586,762,1075,-147,-426,walking,0.00,0,0,0,0,0
1779983943795,-19319,-20,865,1147,-115,-418,walking,0.00,0,0,0,0,0
1779983943800,-19471,623,1049,1179,-54,-401,walking,0.00,0,0,0,0,0
1779983943800,-19721,1877,1660,1157,8,-345,walking,0.00,0,0,0,0,0
1779983943824,-19152,3966,2024,1171,83,-225,walking,0.00,0,0,0,0,0
1779983943825,-18224,5437,1979,1263,154,-55,walking,0.00,0,0,0,0,0
1779983943826,-17383,5816,1122,1354,215,116,walking,0.00,0,0,0,0,0
1779983943858,-16560,4978,481,1390,264,251,walking,0.00,0,0,0,0,0
1779983943886,-15457,4058,52,1371,283,345,walking,0.00,0,0,0,0,0
1779983943886,-14246,2925,-66,1245,279,385,walking,0.00,0,0,0,0,0
1779983943887,-13287,2051,-606,1017,271,419,walking,0.00,0,0,0,0,0
1779983943887,-12661,2391,-544,699,251,455,walking,0.00,0,0,0,0,0
1779983943888,-12526,3369,230,370,232,523,walking,0.00,0,0,0,0,0
1779983943916,-11096,6001,-895,145,311,756,walking,0.00,0,0,0,0,0
1779983943944,-11167,6331,-1334,-56,358,779,walking,0.00,0,0,0,0,0
1779983943945,-10282,6408,-107,-39,364,924,walking,0.00,0,0,0,0,0
1779983943946,-10315,6412,446,265,322,1034,walking,0.00,0,0,0,0,0
1779983943946,-11468,6629,-731,498,269,901,walking,0.00,0,0,0,0,0
1779983943953,-11196,6820,1455,747,156,788,walking,0.00,0,0,0,0,0
1779983943976,-10901,6662,1387,1024,53,748,walking,0.00,0,0,0,0,0
1779983943977,-11417,6282,225,1126,-6,780,walking,0.00,0,0,0,0,0
1779983943978,-11868,6683,696,1278,-29,901,walking,0.00,0,0,0,0,0
1779983944008,-12484,6122,-164,1467,16,977,walking,0.00,0,0,0,0,0
1779983944008,-13320,4529,301,1618,12,952,walking,0.00,0,0,0,0,0
1779983944009,-13877,3532,644,1663,3,867,walking,0.00,0,0,0,0,0
1779983944035,-15124,2918,1970,1681,-66,802,walking,0.00,0,0,0,0,0
1779983944038,-15688,2935,-609,1902,-18,693,walking,0.00,0,0,0,0,0
1779983944038,-15040,3506,1959,2433,-42,539,walking,0.00,0,0,0,0,0
1779983944065,-13844,1552,3332,3079,-200,256,walking,0.00,0,0,0,0,0
1779983944066,-13295,-1643,2251,3192,-506,-133,walking,0.00,0,0,0,0,0
1779983944067,-16059,-5974,1521,2840,-748,-484,walking,0.00,0,0,0,0,0
1779983944094,-19482,-8565,-171,2136,-764,-683,walking,0.00,0,0,0,0,0
1779983944095,-21074,-7315,-1301,1093,-571,-832,walking,0.00,0,0,0,0,0
1779983944095,-19641,-2968,-1327,226,-379,-894,walking,0.00,0,0,0,0,0
1779983944128,-17553,945,-931,-244,-292,-861,walking,0.00,0,0,0,0,0
1779983944129,-17872,2406,-1333,-586,-229,-856,walking,0.00,0,0,0,0,0
1779983944130,-19226,4130,-881,-1059,-205,-830,walking,0.00,0,0,0,0,0
1779983944158,-19419,8390,204,-1534,-166,-687,walking,0.00,0,0,0,0,0
1779983944159,-18932,13591,-528,-1663,-49,-429,walking,0.00,0,0,0,0,0
1779983944160,-18280,16482,-889,-1305,75,-140,walking,0.00,0,0,0,0,0
1779983944186,-17965,15558,-811,-542,151,105,walking,0.00,0,0,0,0,0
1779983944187,-18739,12408,-1708,188,171,183,walking,0.00,0,0,0,0,0
1779983944191,-19726,8529,-2357,479,181,138,walking,0.00,0,0,0,0,0
1779983944217,-20483,5614,-2709,431,216,141,walking,0.00,0,0,0,0,0
1779983944218,-20688,3654,-2690,288,284,226,walking,0.00,0,0,0,0,0
1779983944224,-20428,1967,-2187,266,349,308,walking,0.00,0,0,0,0,0
1779983944244,-20872,-745,-2930,281,416,307,walking,0.00,0,0,0,0,0
1779983944244,-21776,-3373,-4551,61,525,229,walking,0.00,0,0,0,0,0
1779983944244,-21889,-5070,-5182,-464,659,149,walking,0.00,0,0,0,0,0
1779983944273,-20243,-4382,-4949,-1035,784,156,walking,0.00,0,0,0,0,0
1779983944278,-17582,-1621,-3821,-1464,834,212,walking,0.00,0,0,0,0,0
1779983944281,-15514,763,-3455,-1647,869,290,walking,0.00,0,0,0,0,0
1779983944305,-16021,1280,-3729,-1633,927,405,walking,0.00,0,0,0,0,0
1779983944306,-16763,2389,-5326,-1560,1076,639,walking,0.00,0,0,0,0,0
1779983944306,-17355,4103,-5327,-1503,1260,813,walking,0.00,0,0,0,0,0
1779983944333,-17133,5112,-3646,-1450,1432,931,walking,0.00,0,0,0,0,0
1779983944335,-15622,7458,-1566,-1332,1481,1162,walking,0.00,0,0,0,0,0
1779983944335,-14968,10624,-155,-934,1393,1388,walking,0.00,0,0,0,0,0
1779983944363,-14821,11040,1095,-243,1289,1450,walking,0.00,0,0,0,0,0
1779983944364,-14496,10104,827,524,1218,1477,walking,0.00,0,0,0,0,0
1779983944364,-15210,8667,1223,1232,1060,1417,walking,0.00,0,0,0,0,0
1779983944394,-15703,5714,2142,1623,902,1228,walking,0.00,0,0,0,0,0
1779983944394,-15762,3027,2375,1737,736,1156,walking,0.00,0,0,0,0,0
1779983944395,-17990,422,1268,1924,610,1082,walking,0.00,0,0,0,0,0
1779983944423,-23387,-6929,-1424,1367,618,701,walking,0.00,0,0,0,0,0
1779983944424,-22828,-7908,-1526,244,722,625,walking,0.00,0,0,0,0,0
1779983944424,-19472,1771,-2876,-509,1036,848,walking,0.00,0,0,0,0,0
1779983944456,-17667,1000,-2574,-380,1064,815,walking,0.00,0,0,0,0,0
1779983944457,-16877,299,-2771,-457,1065,894,walking,0.00,0,0,0,0,0
1779983944458,-15460,2394,-2699,-565,1045,1122,walking,0.00,0,0,0,0,0
1779983944483,-14062,6390,-3083,-407,1006,1370,walking,0.00,0,0,0,0,0
1779983944484,-13053,9382,-3128,82,893,1506,walking,0.00,0,0,0,0,0
1779983944485,-12714,9329,-2895,727,730,1490,walking,0.00,0,0,0,0,0
1779983944518,-12351,7068,-2901,1272,563,1318,walking,0.00,0,0,0,0,0
1779983944519,-11705,4183,-2936,1560,402,1113,walking,0.00,0,0,0,0,0
1779983944520,-10020,1429,-3515,1601,263,901,walking,0.00,0,0,0,0,0
1779983944543,-10308,1974,-3748,1437,12,739,walking,0.00,0,0,0,0,0
1779983944544,-8817,6381,-3203,1479,-157,911,walking,0.00,0,0,0,0,0
1779983944549,-6963,5193,-3128,1586,-417,619,walking,0.00,0,0,0,0,0
1779983944574,-10488,2289,-1882,1431,-832,227,walking,0.00,0,0,0,0,0
1779983944574,-12181,4322,-1845,1265,-783,458,walking,0.00,0,0,0,0,0
1779983944575,-11587,4660,-3198,1223,-630,505,walking,0.00,0,0,0,0,0
1779983944608,-13159,2679,-3691,1108,-628,322,walking,0.00,0,0,0,0,0
1779983944609,-15670,2875,-4421,908,-528,361,walking,0.00,0,0,0,0,0
1779983944609,-15088,5484,-5629,694,-342,526,walking,0.00,0,0,0,0,0
1779983944634,-15296,8323,-7249,508,-322,674,walking,0.00,0,0,0,0,0
1779983944643,-14804,8785,-7857,458,-291,865,walking,0.00,0,0,0,0,0
1779983944643,-14741,6592,-9271,751,-195,894,walking,0.00,0,0,0,0,0
1779983944666,-17825,3444,-12279,757,-83,758,walking,0.00,0,0,0,0,0
1779983944666,-19974,2085,-14636,336,143,752,walking,0.00,0,0,0,0,0
1779983944666,-20252,1990,-16502,-313,438,834,walking,0.00,0,0,0,0,0
1779983944698,-19901,3146,-16423,-1023,746,924,walking,0.00,0,0,0,0,0
1779983944698,-18443,7165,-14198,-1649,1000,1062,walking,0.00,0,0,0,0,0
1779983944699,-18030,13017,-14032,-1732,1229,1166,walking,0.00,0,0,0,0,0
1779983944724,-18082,15191,-16009,-1231,1480,1143,walking,0.00,0,0,0,0,0
1779983944725,-17914,10340,-15627,-782,1792,1011,walking,0.00,0,0,0,0,0
1779983944726,-17655,6055,-13924,-939,2064,970,walking,0.00,0,0,0,0,0
1779983944753,-16891,7676,-12192,-1485,2253,1165,walking,0.00,0,0,0,0,0
1779983944756,-15440,11789,-11347,-1773,2413,1374,walking,0.00,0,0,0,0,0
1779983944757,-14983,14253,-11187,-1753,2500,1376,walking,0.00,0,0,0,0,0
1779983944783,-14522,15435,-10087,-1546,2518,1399,walking,0.00,0,0,0,0,0
1779983944784,-13525,16330,-9274,-1252,2485,1416,walking,0.00,0,0,0,0,0
1779983944784,-12550,17243,-8182,-986,2368,1363,walking,0.00,0,0,0,0,0
1779983944815,-11300,17897,-7250,-728,2208,1260,walking,0.00,0,0,0,0,0
1779983944815,-10174,17041,-7095,-527,2054,1203,walking,0.00,0,0,0,0,0
1779983944816,-9692,16553,-8105,-316,1934,1243,walking,0.00,0,0,0,0,0
1779983944843,-9520,16198,-9276,-233,1917,1324,walking,0.00,0,0,0,0,0
1779983944843,-7348,14438,-5653,-97,1846,1440,walking,0.00,0,0,0,0,0
1779983944844,-7744,11717,-4529,78,1725,1301,walking,0.00,0,0,0,0,0
1779983944875,-6175,9925,-5648,-396,1652,1204,walking,0.00,0,0,0,0,0
1779983944876,-3584,10786,-2636,-1032,1460,1497,walking,0.00,0,0,0,0,0
1779983944876,-1475,13186,-1712,-1409,1277,1809,walking,0.00,0,0,0,0,0
1779983944908,142,14535,-2343,-1774,1026,1877,walking,0.00,0,0,0,0,0
1779983944908,697,15590,-793,-2081,640,1938,walking,0.00,0,0,0,0,0
1779983944909,459,17442,1665,-2057,248,2060,walking,0.00,0,0,0,0,0
1779983944934,465,19780,2348,-1639,-84,2134,walking,0.00,0,0,0,0,0
1779983944934,-90,20786,1418,-1039,-407,2067,walking,0.00,0,0,0,0,0
1779983944935,-786,18994,293,-522,-718,1950,walking,0.00,0,0,0,0,0
1779983944964,-1864,15926,349,-292,-966,1826,walking,0.00,0,0,0,0,0
1779983944965,-2552,13800,-568,-333,-1102,1852,walking,0.00,0,0,0,0,0
1779983944966,-2745,11929,-2312,-642,-1195,1858,walking,0.00,0,0,0,0,0
1779983944993,-3331,8675,-2961,-1374,-1254,1460,walking,0.00,0,0,0,0,0
1779983944994,-3746,9681,-2683,-2167,-1230,1444,walking,0.00,0,0,0,0,0
1779983944994,-3896,12788,-2121,-2648,-1204,1614,walking,0.00,0,0,0,0,0
1779983945024,-4325,15244,-727,-2839,-1266,1620,walking,0.00,0,0,0,0,0
1779983945025,-4484,17147,426,-2677,-1345,1673,walking,0.00,0,0,0,0,0
1779983945026,-3800,17235,431,-2170,-1362,1661,walking,0.00,0,0,0,0,0
1779983945056,-4717,15598,228,-1551,-1325,1508,walking,0.00,0,0,0,0,0
1779983945057,-4556,13506,-858,-936,-1207,1474,walking,0.00,0,0,0,0,0
1779983945057,-4549,10323,-1649,-522,-1123,1392,walking,0.00,0,0,0,0,0
1779983945085,-4632,8258,-2558,-384,-1110,1294,walking,0.00,0,0,0,0,0
1779983945086,-3878,6998,-2513,-525,-1172,1081,walking,0.00,0,0,0,0,0
1779983945086,-5019,6771,-1776,-844,-1279,823,walking,0.00,0,0,0,0,0
1779983945114,-4931,9199,-1393,-1040,-1319,851,walking,0.00,0,0,0,0,0
1779983945115,-4358,10924,-1398,-1040,-1328,823,walking,0.00,0,0,0,0,0
1779983945115,-4704,11358,-1227,-956,-1351,693,walking,0.00,0,0,0,0,0
1779983945143,-4386,11072,-1263,-787,-1330,641,walking,0.00,0,0,0,0,0
1779983945144,-4517,9992,-987,-683,-1330,500,walking,0.00,0,0,0,0,0
1779983945145,-5417,8732,-1681,-741,-1303,386,walking,0.00,0,0,0,0,0
1779983945174,-5338,6160,-4837,-986,-1142,213,walking,0.00,0,0,0,0,0
1779983945175,-6750,4934,-5348,-1155,-1009,-70,walking,0.00,0,0,0,0,0
1779983945176,-7675,4155,-6771,-1248,-733,-455,walking,0.00,0,0,0,0,0
1779983945208,-8135,7875,-4349,-1299,-533,-576,walking,0.00,0,0,0,0,0
1779983945209,-6725,14054,-2426,-1295,-378,-456,walking,0.00,0,0,0,0,0
1779983945210,-4530,18156,-1259,-1155,-317,-340,walking,0.00,0,0,0,0,0
1779983945239,-3589,18352,632,-995,-356,-401,walking,0.00,0,0,0,0,0
1779983945240,-3390,18702,2084,-945,-444,-445,walking,0.00,0,0,0,0,0
1779983945241,-4204,19907,1306,-850,-456,-429,walking,0.00,0,0,0,0,0
1779983945264,-5708,19704,838,-580,-359,-376,walking,0.00,0,0,0,0,0
1779983945269,-5591,19499,512,-337,-188,-257,walking,0.00,0,0,0,0,0
1779983945270,-3549,19879,299,-271,-76,-130,walking,0.00,0,0,0,0,0
1779983945294,-2595,20357,1248,-312,-72,-50,walking,0.00,0,0,0,0,0
1779983945298,-2582,21188,1324,-350,-77,-47,walking,0.00,0,0,0,0,0
1779983945299,-2569,21805,1429,-245,-53,-94,walking,0.00,0,0,0,0,0
1779983945325,-2813,21338,1332,-16,-25,-116,walking,0.00,0,0,0,0,0
1779983945326,-3582,19458,1214,208,-16,-148,walking,0.00,0,0,0,0,0
1779983945327,-4266,17953,1558,301,-52,-167,walking,0.00,0,0,0,0,0
1779983945355,-4588,16687,-1475,82,-2,-217,walking,0.00,0,0,0,0,0
1779983945356,-5614,20285,-84,-143,31,-237,walking,0.00,0,0,0,0,0
1779983945357,-6072,22516,2051,31,49,-261,walking,0.00,0,0,0,0,0
1779983945384,-5776,19939,2231,192,54,-367,walking,0.00,0,0,0,0,0
1779983945385,-6233,18888,1237,68,35,-460,walking,0.00,0,0,0,0,0
1779983945386,-7148,19721,1351,-80,36,-509,walking,0.00,0,0,0,0,0
1779983945415,-7950,20152,469,-177,83,-555,walking,0.00,0,0,0,0,0
1779983945415,-8030,19932,446,-231,96,-570,walking,0.00,0,0,0,0,0
1779983945416,-7215,18863,-173,-240,91,-518,walking,0.00,0,0,0,0,0
1779983945447,-6125,18385,-900,-231,57,-450,walking,0.00,0,0,0,0,0
1779983945448,-5746,18088,-1102,-107,8,-390,walking,0.00,0,0,0,0,0
1779983945449,-5708,17236,-1267,89,-25,-342,walking,0.00,0,0,0,0,0
1779983945474,-5574,16252,-1278,271,-43,-309,walking,0.00,0,0,0,0,0
1779983945474,-5768,15601,-1217,407,-40,-292,walking,0.00,0,0,0,0,0
1779983945475,-5984,15272,-724,483,-28,-312,walking,0.00,0,0,0,0,0
1779983945505,-6171,15438,-277,519,-11,-343,walking,0.00,0,0,0,0,0
1779983945506,-6420,15490,197,554,5,-379,walking,0.00,0,0,0,0,0
1779983945507,-6614,15491,618,599,32,-390,walking,0.00,0,0,0,0,0
1779983945538,-6975,15366,1023,636,50,-393,walking,0.00,0,0,0,0,0
1779983945540,-7062,14514,1393,650,122,-372,walking,0.00,0,0,0,0,0
1779983945541,-6909,14067,1594,614,154,-352,walking,0.00,0,0,0,0,0
1779983945566,-6731,13652,1799,536,189,-334,walking,0.00,0,0,0,0,0
1779983945566,-6379,13613,1697,433,221,-324,walking,0.00,0,0,0,0,0
1779983945567,-5951,13652,1496,338,235,-322,walking,0.00,0,0,0,0,0
1779983945594,-5493,13325,1182,268,242,-321,walking,0.00,0,0,0,0,0
1779983945600,-5105,12892,927,212,249,-315,walking,0.00,0,0,0,0,0
1779983945600,-4709,12717,552,154,256,-290,walking,0.00,0,0,0,0,0
1779983945624,-4402,12927,206,103,258,-257,walking,0.00,0,0,0,0,0
1779983945625,-4091,13137,-326,74,252,-236,walking,0.00,0,0,0,0,0
1779983945625,-3853,13022,-726,66,227,-230,walking,0.00,0,0,0,0,0
1779983945656,-3788,12729,-1032,46,192,-217,walking,0.00,0,0,0,0,0
1779983945684,-3873,12496,-1379,16,155,-186,walking,0.00,0,0,0,0,0
1779983945685,-3883,12277,-1694,3,129,-150,walking,0.00,0,0,0,0,0
1779983945686,-3726,12228,-2024,9,114,-114,walking,0.00,0,0,0,0,0
1779983945686,-3695,11969,-2182,25,101,-96,walking,0.00,0,0,0,0,0
1779983945690,-3718,11900,-2357,45,99,-90,walking,0.00,0,0,0,0,0
1779983945715,-3768,12024,-2467,57,101,-83,walking,0.00,0,0,0,0,0
1779983945716,-3935,12376,-2607,66,105,-66,walking,0.00,0,0,0,0,0
1779983945717,-4129,12730,-2643,96,114,-51,walking,0.00,0,0,0,0,0
1779983945747,-4186,12771,-2632,141,130,-37,walking,0.00,0,0,0,0,0
1779983945748,-4116,12691,-2655,181,148,-9,walking,0.00,0,0,0,0,0
1779983945749,-3958,12613,-2658,208,167,27,walking,0.00,0,0,0,0,0
1779983945775,-3828,12719,-2594,241,185,68,walking,0.00,0,0,0,0,0
1779983945776,-3694,12766,-2534,274,203,111,walking,0.00,0,0,0,0,0
1779983945777,-3728,12908,-2539,284,218,147,walking,0.00,0,0,0,0,0
1779983945805,-3747,13151,-2529,281,235,176,walking,0.00,0,0,0,0,0
1779983945806,-3742,13394,-2589,268,246,204,walking,0.00,0,0,0,0,0
1779983945807,-3750,13604,-2536,232,261,234,walking,0.00,0,0,0,0,0
1779983945834,-3808,14190,-2493,182,279,265,walking,0.00,0,0,0,0,0
1779983945834,-3938,14577,-2377,129,286,277,walking,0.00,0,0,0,0,0
1779983945843,-4102,15068,-2207,74,298,289,walking,0.00,0,0,0,0,0
1779983945867,-4305,15684,-2028,30,308,295,walking,0.00,0,0,0,0,0
1779983945868,-4557,16156,-1913,-10,318,301,walking,0.00,0,0,0,0,0
1779983945868,-4928,16612,-1709,-75,318,306,walking,0.00,0,0,0,0,0
1779983945897,-5555,17043,-1561,-159,305,301,walking,0.00,0,0,0,0,0
1779983945897,-5595,17486,-1721,-252,275,304,walking,0.00,0,0,0,0,0
1779983945898,-6093,17241,-1611,-322,221,302,walking,0.00,0,0,0,0,0
1779983945924,-6504,16848,-1610,-384,163,312,walking,0.00,0,0,0,0,0
1779983945924,-6317,16770,-1731,-433,123,344,walking,0.00,0,0,0,0,0
1779983945925,-5896,16760,-1905,-449,79,374,walking,0.00,0,0,0,0,0
1779983945955,-5367,16752,-1880,-457,35,392,walking,0.00,0,0,0,0,0
1779983945956,-4925,16694,-1705,-473,-12,385,walking,0.00,0,0,0,0,0
1779983945957,-4455,16844,-1672,-506,-71,367,walking,0.00,0,0,0,0,0
1779983945984,-4119,17276,-1546,-544,-155,352,walking,0.00,0,0,0,0,0
1779983945985,-4147,17843,-1336,-565,-245,333,walking,0.00,0,0,0,0,0
1779983945986,-4281,18801,-1081,-557,-306,322,walking,0.00,0,0,0,0,0
1779983946014,-4494,19988,-687,-510,-341,299,walking,0.00,0,0,0,0,0
1779983946015,-4685,20633,-79,-425,-336,263,walking,0.00,0,0,0,0,0
1779983946016,-4643,21056,339,-313,-310,247,walking,0.00,0,0,0,0,0
1779983946047,-4542,20749,456,-189,-284,242,walking,0.00,0,0,0,0,0
1779983946048,-4413,19755,711,-76,-282,253,walking,0.00,0,0,0,0,0
1779983946049,-4179,18543,743,32,-291,291,walking,0.00,0,0,0,0,0
1779983946074,-4053,18056,420,90,-317,334,walking,0.00,0,0,0,0,0
1779983946075,-3767,16942,797,126,-346,355,walking,0.00,0,0,0,0,0
1779983946076,-3288,16543,584,169,-331,402,walking,0.00,0,0,0,0,0
1779983946105,-3388,16933,833,174,-340,411,walking,0.00,0,0,0,0,0
1779983946105,-3437,16610,1362,207,-325,383,walking,0.00,0,0,0,0,0
1779983946106,-3569,17195,1410,248,-281,413,walking,0.00,0,0,0,0,0
1779983946134,-3961,17883,1463,308,-246,418,walking,0.00,0,0,0,0,0
1779983946134,-4128,17555,1538,380,-201,384,walking,0.00,0,0,0,0,0
1779983946137,-4199,17223,1468,412,-154,372,walking,0.00,0,0,0,0,0
1779983946164,-4260,17146,1469,400,-112,363,walking,0.00,0,0,0,0,0
1779983946165,-4344,17015,1477,354,-89,342,walking,0.00,0,0,0,0,0
1779983946166,-4327,16783,1371,280,-80,326,walking,0.00,0,0,0,0,0
1779983946199,-4445,16909,1187,200,-90,328,walking,0.00,0,0,0,0,0
1779983946200,-4416,16845,812,139,-119,326,walking,0.00,0,0,0,0,0
1779983946200,-4175,16466,188,106,-155,327,walking,0.00,0,0,0,0,0
1779983946224,-3822,15993,-355,102,-195,326,walking,0.00,0,0,0,0,0
1779983946225,-3310,15067,-1076,115,-230,327,walking,0.00,0,0,0,0,0
1779983946226,-2471,13991,-1243,114,-259,367,walking,0.00,0,0,0,0,0
1779983946258,-2105,14329,-1980,98,-301,419,walking,0.00,0,0,0,0,0
1779983946259,-1633,14012,-1401,104,-362,410,walking,0.00,0,0,0,0,0
1779983946260,-848,13827,-1948,169,-360,424,walking,0.00,0,0,0,0,0
1779983946284,-673,14505,-2080,194,-385,466,walking,0.00,0,0,0,0,0
1779983946288,-547,14357,-1670,258,-392,483,walking,0.00,0,0,0,0,0
1779983946288,-55,14005,-1484,363,-364,546,walking,0.00,0,0,0,0,0
1779983946314,579,13443,-1395,447,-325,627,walking,0.00,0,0,0,0,0
1779983946315,886,13347,-1862,493,-287,682,walking,0.00,0,0,0,0,0
1779983946315,670,13019,-1627,493,-289,683,walking,0.00,0,0,0,0,0
1779983946346,360,12773,-1604,484,-262,699,walking,0.00,0,0,0,0,0
1779983946355,39,13269,-1480,452,-233,744,walking,0.00,0,0,0,0,0
1779983946355,127,13870,-1213,417,-205,783,walking,0.00,0,0,0,0,0
1779983946374,516,14185,-1020,380,-184,811,walking,0.00,0,0,0,0,0
1779983946375,863,14696,-1231,323,-194,850,walking,0.00,0,0,0,0,0
1779983946375,743,14933,-1088,281,-235,859,walking,0.00,0,0,0,0,0
1779983946409,661,15290,-1271,259,-238,875,walking,0.00,0,0,0,0,0
1779983946410,185,15179,-1435,251,-235,870,walking,0.00,0,0,0,0,0
1779983946411,40,15074,-1646,261,-213,865,walking,0.00,0,0,0,0,0
1779983946438,119,15383,-1717,236,-189,878,walking,0.00,0,0,0,0,0
1779983946438,26,15966,-1512,201,-173,881,walking,0.00,0,0,0,0,0
1779983946439,158,16749,-1353,183,-152,875,walking,0.00,0,0,0,0,0
1779983946465,282,17800,-1248,185,-143,858,walking,0.00,0,0,0,0,0
1779983946466,228,18363,-1266,192,-141,812,walking,0.00,0,0,0,0,0
1779983946466,-125,18533,-1320,185,-131,751,walking,0.00,0,0,0,0,0
1779983946496,-485,18763,-1310,156,-123,696,walking,0.00,0,0,0,0,0
1779983946497,-722,18968,-1492,123,-111,640,walking,0.00,0,0,0,0,0
1779983946498,-864,18800,-1608,82,-110,569,walking,0.00,0,0,0,0,0
1779983946524,-840,18540,-1789,32,-121,504,walking,0.00,0,0,0,0,0
1779983946525,-933,18728,-1982,-24,-146,453,walking,0.00,0,0,0,0,0
1779983946525,-1337,19018,-1996,-60,-177,391,walking,0.00,0,0,0,0,0
1779983946555,-1605,19006,-2096,-52,-181,315,walking,0.00,0,0,0,0,0
1779983946557,-1255,19242,-2053,-32,-167,246,walking,0.00,0,0,0,0,0
1779983946558,-785,19850,-1944,-11,-151,154,walking,0.00,0,0,0,0,0
1779983946590,-641,20373,-1637,18,-137,36,walking,0.00,0,0,0,0,0
1779983946591,-762,20573,-1565,60,-123,-69,walking,0.00,0,0,0,0,0
1779983946591,-831,20144,-1764,115,-114,-145,walking,0.00,0,0,0,0,0
1779983946614,-1041,18971,-2091,159,-121,-191,walking,0.00,0,0,0,0,0
1779983946615,-1586,17018,-2714,139,-132,-192,walking,0.00,0,0,0,0,0
1779983946616,-2033,15643,-3190,37,-161,-131,walking,0.00,0,0,0,0,0
1779983946645,-2245,15284,-2977,-40,-207,-46,walking,0.00,0,0,0,0,0
1779983946646,-2400,15142,-2554,29,-203,83,walking,0.00,0,0,0,0,0
1779983946646,-2291,16003,-2109,138,-134,122,walking,0.00,0,0,0,0,0
1779983946674,-2334,16694,-1784,284,-38,121,walking,0.00,0,0,0,0,0
1779983946674,-2500,16565,-1611,412,67,98,walking,0.00,0,0,0,0,0
1779983946675,-2483,16309,-1478,454,156,88,walking,0.00,0,0,0,0,0
1779983946704,-2367,16254,-1302,397,210,92,walking,0.00,0,0,0,0,0
1779983946705,-2281,16227,-1136,292,235,97,walking,0.00,0,0,0,0,0
1779983946706,-2258,16149,-1267,196,239,103,walking,0.00,0,0,0,0,0
1779983946734,-2498,15905,-1728,89,231,101,walking,0.00,0,0,0,0,0
1779983946738,-2717,15638,-1926,-13,231,94,walking,0.00,0,0,0,0,0
1779983946739,-2853,15176,-2130,-56,243,86,walking,0.00,0,0,0,0,0
1779983946765,-2774,14644,-2352,-74,263,76,walking,0.00,0,0,0,0,0
1779983946766,-2138,14438,-2316,-121,286,75,walking,0.00,0,0,0,0,0
1779983946767,-1660,14573,-2886,-157,311,73,walking,0.00,0,0,0,0,0
1779983946797,-1568,13954,-3806,-253,359,42,walking,0.00,0,0,0,0,0
1779983946797,-1457,15019,-4141,-330,402,65,walking,0.00,0,0,0,0,0
1779983946798,-1364,16432,-3944,-215,458,109,walking,0.00,0,0,0,0,0
1779983946823,-1284,16135,-4251,98,552,135,walking,0.00,0,0,0,0,0
1779983946824,-501,15334,-4116,430,639,201,walking,0.00,0,0,0,0,0
1779983946825,267,15001,-3841,727,640,292,walking,0.00,0,0,0,0,0
1779983946857,840,13525,-3885,905,608,321,walking,0.00,0,0,0,0,0
1779983946858,1014,11835,-4238,897,565,338,walking,0.00,0,0,0,0,0
1779983946859,865,10807,-4307,757,511,344,walking,0.00,0,0,0,0,0
1779983946887,616,10496,-4281,566,470,323,walking,0.00,0,0,0,0,0
1779983946888,217,10442,-4367,374,458,293,walking,0.00,0,0,0,0,0
1779983946888,49,10735,-4364,232,485,262,walking,0.00,0,0,0,0,0
1779983946913,-63,11443,-4269,183,524,211,walking,0.00,0,0,0,0,0
1779983946915,-156,12203,-3719,230,549,145,walking,0.00,0,0,0,0,0
1779983946915,-24,12666,-2777,367,542,84,walking,0.00,0,0,0,0,0
1779983946946,-125,11864,-2569,537,513,26,walking,0.00,0,0,0,0,0
1779983946947,-696,10394,-3633,579,511,-48,walking,0.00,0,0,0,0,0
1779983946947,-1276,10221,-4438,439,499,-122,walking,0.00,0,0,0,0,0
1779983946975,-1203,11422,-4511,257,462,-169,walking,0.00,0,0,0,0,0
1779983946976,-985,12913,-4451,184,433,-209,walking,0.00,0,0,0,0,0
1779983946980,-869,13599,-4749,230,423,-260,walking,0.00,0,0,0,0,0
1779983947006,-792,13498,-5241,295,422,-299,walking,0.00,0,0,0,0,0
1779983947007,-678,13269,-5558,306,419,-332,walking,0.00,0,0,0,0,0
1779983947007,-471,13590,-5569,254,408,-373,walking,0.00,0,0,0,0,0
1779983947037,-209,14323,-5377,165,382,-451,walking,0.00,0,0,0,0,0
1779983947038,88,15075,-5181,71,346,-549,walking,0.00,0,0,0,0,0
1779983947038,142,15526,-4861,-13,316,-667,walking,0.00,0,0,0,0,0
1779983947065,-255,15966,-4522,-91,298,-782,walking,0.00,0,0,0,0,0
1779983947065,-847,16908,-4359,-166,282,-857,walking,0.00,0,0,0,0,0
1779983947070,-1376,18234,-4269,-192,259,-907,walking,0.00,0,0,0,0,0
1779983947095,-1854,18856,-4005,-111,232,-973,walking,0.00,0,0,0,0,0
1779983947125,-2192,18416,-3848,63,211,-1067,walking,0.00,0,0,0,0,0
1779983947128,-2325,17472,-3838,239,184,-1154,walking,0.00,0,0,0,0,0
1779983947129,-2238,16587,-3964,330,142,-1215,walking,0.00,0,0,0,0,0
1779983947130,-2014,16165,-3816,343,83,-1266,walking,0.00,0,0,0,0,0
1779983947130,-1717,16193,-3758,327,12,-1366,walking,0.00,0,0,0,0,0
1779983947156,-1768,16489,-3881,303,-55,-1523,walking,0.00,0,0,0,0,0
1779983947157,-2422,17111,-3919,269,-112,-1713,walking,0.00,0,0,0,0,0
1779983947158,-3432,17776,-3821,245,-145,-1862,walking,0.00,0,0,0,0,0
1779983947190,-4396,17911,-3626,282,-133,-1931,walking,0.00,0,0,0,0,0
1779983947190,-4907,17594,-3461,412,-99,-1891,walking,0.00,0,0,0,0,0
1779983947191,-4578,17289,-3356,661,-63,-1772,walking,0.00,0,0,0,0,0
1779983947213,-4363,16781,-3646,928,-32,-1662,walking,0.00,0,0,0,0,0
1779983947214,-3617,16722,-3424,1167,-51,-1624,walking,0.00,0,0,0,0,0
1779983947214,-2644,15908,-3552,1335,-88,-1698,walking,0.00,0,0,0,0,0
1779983947247,-2225,15626,-3514,1389,-159,-1794,walking,0.00,0,0,0,0,0
1779983947248,-2287,15787,-3625,1350,-255,-1881,walking,0.00,0,0,0,0,0
1779983947248,-2779,15689,-3917,1247,-346,-1986,walking,0.00,0,0,0,0,0
1779983947273,-3582,15177,-3863,1131,-435,-2109,walking,0.00,0,0,0,0,0
1779983947274,-4282,14922,-4133,991,-513,-2225,walking,0.00,0,0,0,0,0
1779983947274,-4701,14781,-4365,834,-584,-2351,walking,0.00,0,0,0,0,0
1779983947304,-4636,14750,-4288,702,-649,-2512,walking,0.00,0,0,0,0,0
1779983947305,-4566,15334,-3958,597,-717,-2703,walking,0.00,0,0,0,0,0
1779983947306,-5426,16317,-3903,503,-798,-2888,walking,0.00,0,0,0,0,0
1779983947337,-6797,16924,-4220,449,-845,-2963,walking,0.00,0,0,0,0,0
1779983947338,-7780,16217,-4057,490,-873,-2975,walking,0.00,0,0,0,0,0
1779983947339,-9267,15361,-3792,600,-930,-2961,walking,0.00,0,0,0,0,0
1779983947364,-10331,15121,-4617,700,-902,-2787,walking,0.00,0,0,0,0,0
1779983947364,-9765,14017,-5214,782,-886,-2658,walking,0.00,0,0,0,0,0
1779983947365,-10427,12456,-5091,795,-973,-2679,walking,0.00,0,0,0,0,0
1779983947400,-9207,12349,-5806,772,-907,-2536,walking,0.00,0,0,0,0,0
1779983947400,-10566,11139,-5457,670,-878,-2509,walking,0.00,0,0,0,0,0
1779983947401,-9774,10986,-6390,457,-732,-2409,walking,0.00,0,0,0,0,0
1779983947429,-9957,11053,-6417,294,-736,-2178,walking,0.00,0,0,0,0,0
1779983947429,-10292,10825,-5775,209,-737,-1893,walking,0.00,0,0,0,0,0
1779983947430,-10012,10685,-5513,180,-722,-1665,walking,0.00,0,0,0,0,0
1779983947454,-9303,9955,-5508,119,-729,-1561,walking,0.00,0,0,0,0,0
1779983947454,-8759,8896,-5472,-18,-752,-1525,walking,0.00,0,0,0,0,0
1779983947486,-8563,8299,-5373,-252,-767,-1501,walking,0.00,0,0,0,0,0
1779983947486,-8289,8560,-5119,-490,-774,-1408,walking,0.00,0,0,0,0,0
1779983947487,-8340,9024,-5038,-664,-765,-1311,walking,0.00,0,0,0,0,0
1779983947488,-8463,9416,-4943,-788,-728,-1270,walking,0.00,0,0,0,0,0
1779983947514,-8515,9768,-4814,-836,-688,-1247,walking,0.00,0,0,0,0,0
1779983947515,-8742,10261,-4660,-822,-640,-1242,walking,0.00,0,0,0,0,0
1779983947515,-8743,10829,-4628,-756,-576,-1266,walking,0.00,0,0,0,0,0
1779983947546,-9501,10518,-4098,-670,-516,-1388,walking,0.00,0,0,0,0,0
1779983947547,-10236,10933,-3899,-561,-437,-1407,walking,0.00,0,0,0,0,0
1779983947548,-10971,11217,-3833,-406,-381,-1388,walking,0.00,0,0,0,0,0
1779983947574,-11854,11486,-3889,-229,-323,-1378,walking,0.00,0,0,0,0,0
1779983947575,-12730,11582,-3786,-25,-274,-1352,walking,0.00,0,0,0,0,0
1779983947581,-13563,11389,-3795,176,-241,-1334,walking,0.00,0,0,0,0,0
1779983947607,-14302,11124,-3932,335,-217,-1346,walking,0.00,0,0,0,0,0
1779983947607,-15033,10323,-4005,413,-209,-1397,walking,0.00,0,0,0,0,0
1779983947608,-15716,9325,-4164,368,-217,-1469,walking,0.00,0,0,0,0,0
1779983947636,-17045,8333,-4378,151,-222,-1544,walking,0.00,0,0,0,0,0
1779983947637,-18071,8005,-4591,-242,-217,-1617,walking,0.00,0,0,0,0,0
1779983947638,-18956,7301,-4219,-711,-263,-1746,walking,0.00,0,0,0,0,0
1779983947669,-19463,7337,-3532,-1140,-305,-1796,walking,0.00,0,0,0,0,0
1779983947670,-19588,8553,-3160,-1432,-324,-1756,walking,0.00,0,0,0,0,0
1779983947670,-19635,10149,-3383,-1565,-322,-1723,walking,0.00,0,0,0,0,0
1779983947694,-19700,10827,-3624,-1555,-311,-1733,walking,0.00,0,0,0,0,0
1779983947694,-20300,10649,-3786,-1486,-282,-1742,walking,0.00,0,0,0,0,0
1779983947695,-20614,10554,-4004,-1383,-224,-1689,walking,0.00,0,0,0,0,0
1779983947728,-20439,11087,-3921,-1237,-212,-1634,walking,0.00,0,0,0,0,0
1779983947728,-20510,9872,-3601,-1138,-220,-1774,walking,0.00,0,0,0,0,0
1779983947729,-21743,8439,-3030,-1107,-225,-1868,walking,0.00,0,0,0,0,0
1779983947754,-18716,7577,-3311,-890,-108,-1477,walking,0.00,0,0,0,0,0
1779983947755,-15760,4551,-4134,-882,-105,-1481,walking,0.00,0,0,0,0,0
1779983947756,-16116,1486,-3636,-1070,-170,-1423,walking,0.00,0,0,0,0,0
1779983947785,-15450,2357,-4213,-1273,-55,-907,walking,0.00,0,0,0,0,0
1779983947786,-14687,3491,-4263,-1457,103,-433,walking,0.00,0,0,0,0,0
1779983947786,-14788,4118,-4471,-1541,270,-97,walking,0.00,0,0,0,0,0
1779983947823,-15548,4362,-4587,-1516,411,135,walking,0.00,0,0,0,0,0
1779983947824,-17124,4532,-4134,-1406,513,262,walking,0.00,0,0,0,0,0
1779983947825,-18041,5111,-3814,-1169,624,375,walking,0.00,0,0,0,0,0
1779983947847,-18025,5131,-3739,-887,728,397,walking,0.00,0,0,0,0,0
1779983947848,-17589,4363,-3221,-643,778,348,walking,0.00,0,0,0,0,0
1779983947848,-17120,3308,-2307,-480,791,306,walking,0.00,0,0,0,0,0
1779983947877,-16304,2481,-1698,-404,795,300,walking,0.00,0,0,0,0,0
1779983947878,-15600,1774,-1364,-442,777,295,walking,0.00,0,0,0,0,0
1779983947879,-15212,920,-1089,-609,755,291,walking,0.00,0,0,0,0,0
1779983947906,-14627,289,-1461,-858,752,297,walking,0.00,0,0,0,0,0
1779983947907,-13842,493,-2070,-1088,721,304,walking,0.00,0,0,0,0,0
1779983947907,-13164,1297,-2422,-1236,657,261,walking,0.00,0,0,0,0,0
1779983947936,-12552,2055,-2712,-1288,582,139,walking,0.00,0,0,0,0,0
1779983947937,-11933,2321,-2990,-1273,506,-29,walking,0.00,0,0,0,0,0
1779983947938,-11466,2361,-3067,-1228,418,-154,walking,0.00,0,0,0,0,0
1779983947968,-11317,2578,-3248,-1149,348,-188,walking,0.00,0,0,0,0,0
1779983947969,-11090,2934,-3304,-1006,290,-191,walking,0.00,0,0,0,0,0
1779983947970,-10948,3655,-3290,-768,216,-185,walking,0.00,0,0,0,0,0
1779983947995,-11181,4043,-3003,-498,135,-181,walking,0.00,0,0,0,0,0
1779983947995,-11675,3849,-3037,-262,80,-188,walking,0.00,0,0,0,0,0
1779983947996,-12069,3529,-3118,-91,29,-196,walking,0.00,0,0,0,0,0
1779983948024,-12472,3418,-3084,16,-34,-199,walking,0.00,0,0,0,0,0
1779983948024,-12733,3431,-3296,69,-76,-197,walking,0.00,0,0,0,0,0
1779983948025,-12812,3526,-3559,100,-119,-186,walking,0.00,0,0,0,0,0
1779983948054,-12928,3580,-3753,107,-170,-188,walking,0.00,0,0,0,0,0
1779983948055,-13237,3694,-3953,78,-215,-204,walking,0.00,0,0,0,0,0
1779983948055,-13496,3853,-4051,24,-245,-222,walking,0.00,0,0,0,0,0
1779983948086,-13655,4015,-4127,-50,-253,-227,walking,0.00,0,0,0,0,0
1779983948088,-13882,4259,-4348,-133,-229,-227,walking,0.00,0,0,0,0,0
1779983948089,-13885,4389,-4488,-221,-185,-211,walking,0.00,0,0,0,0,0
1779983948113,-13694,4667,-4376,-289,-149,-171,walking,0.00,0,0,0,0,0
1779983948146,-13501,5153,-4271,-313,-132,-119,walking,0.00,0,0,0,0,0
1779983948146,-13456,5553,-4451,-282,-122,-78,walking,0.00,0,0,0,0,0
1779983948147,-13391,5790,-4835,-208,-118,-49,walking,0.00,0,0,0,0,0
1779983948147,-13476,5776,-5274,-108,-126,-33,walking,0.00,0,0,0,0,0
1779983948148,-13854,5623,-5724,6,-137,-34,walking,0.00,0,0,0,0,0
1779983948176,-14613,5442,-6201,100,-153,-59,walking,0.00,0,0,0,0,0
1779983948177,-15595,5033,-6647,134,-166,-109,walking,0.00,0,0,0,0,0
1779983948177,-16817,4252,-7001,86,-160,-174,walking,0.00,0,0,0,0,0
1779983948204,-18021,3263,-7233,-78,-136,-260,walking,0.00,0,0,0,0,0
1779983948205,-19149,3044,-7067,-338,-119,-334,walking,0.00,0,0,0,0,0
1779983948206,-19669,4351,-6539,-576,-113,-349,walking,0.00,0,0,0,0,0
1779983948238,-19457,5994,-5993,-677,-116,-313,walking,0.00,0,0,0,0,0
1779983948239,-19244,7077,-5487,-627,-115,-241,walking,0.00,0,0,0,0,0
1779983948240,-19557,7648,-5219,-476,-110,-148,walking,0.00,0,0,0,0,0
1779983948269,-19904,7688,-4924,-292,-101,-60,walking,0.00,0,0,0,0,0
1779983948269,-19938,7272,-4638,-132,-93,8,walking,0.00,0,0,0,0,0
1779983948270,-19900,6888,-4499,-30,-91,55,walking,0.00,0,0,0,0,0
1779983948293,-20199,6628,-4550,6,-93,84,walking,0.00,0,0,0,0,0
1779983948294,-20873,6728,-4542,6,-101,93,walking,0.00,0,0,0,0,0
1779983948294,-21468,7134,-4504,12,-95,78,walking,0.00,0,0,0,0,0
1779983948327,-21451,7117,-4452,74,-64,50,walking,0.00,0,0,0,0,0
1779983948328,-20349,6554,-4327,180,-6,49,walking,0.00,0,0,0,0,0
1779983948328,-18682,5728,-4156,288,56,89,walking,0.00,0,0,0,0,0
1779983948355,-16897,4841,-3989,369,110,183,walking,0.00,0,0,0,0,0
1779983948355,-15246,4314,-3884,417,160,324,walking,0.00,0,0,0,0,0
1779983948356,-14352,4248,-3709,466,185,491,walking,0.00,0,0,0,0,0
1779983948390,-14478,4356,-3235,563,197,649,walking,0.00,0,0,0,0,0
1779983948390,-15236,4604,-2803,721,229,771,walking,0.00,0,0,0,0,0
1779983948391,-16357,4889,-2603,909,244,809,walking,0.00,0,0,0,0,0
1779983948414,-17462,4780,-2344,1051,239,740,walking,0.00,0,0,0,0,0
1779983948415,-18428,4504,-2420,1088,247,622,walking,0.00,0,0,0,0,0
1779983948415,-18984,4349,-2592,1002,270,501,walking,0.00,0,0,0,0,0
1779983948446,-19365,4384,-2532,830,287,380,walking,0.00,0,0,0,0,0
1779983948447,-19370,4820,-2579,636,314,286,walking,0.00,0,0,0,0,0
1779983948447,-18904,5638,-2494,485,337,226,walking,0.00,0,0,0,0,0
1779983948477,-18333,6427,-2511,407,350,198,walking,0.00,0,0,0,0,0
1779983948478,-17547,6695,-2360,407,346,205,walking,0.00,0,0,0,0,0
1779983948478,-16846,6561,-2229,489,337,231,walking,0.00,0,0,0,0,0
1779983948505,-16240,6082,-2262,603,319,255,walking,0.00,0,0,0,0,0
1779983948506,-15731,5283,-2254,684,296,266,walking,0.00,0,0,0,0,0
1779983948507,-15272,4559,-2576,689,292,284,walking,0.00,0,0,0,0,0
1779983948535,-14729,3997,-2907,629,294,329,walking,0.00,0,0,0,0,0
1779983948536,-13646,4035,-3058,569,300,423,walking,0.00,0,0,0,0,0
1779983948536,-13101,4216,-2757,563,272,500,walking,0.00,0,0,0,0,0
1779983948564,-13221,4353,-2585,608,255,569,walking,0.00,0,0,0,0,0
1779983948565,-12722,4585,-2678,677,288,667,walking,0.00,0,0,0,0,0
1779983948566,-12188,4572,-2695,754,299,743,walking,0.00,0,0,0,0,0
1779983948596,-12094,4355,-2632,801,298,801,walking,0.00,0,0,0,0,0
1779983948596,-12138,4167,-2594,809,307,847,walking,0.00,0,0,0,0,0
1779983948596,-12419,3882,-2593,786,334,891,walking,0.00,0,0,0,0,0
1779983948626,-12462,3940,-2561,740,379,958,walking,0.00,0,0,0,0,0
1779983948627,-12457,4101,-2550,691,425,1028,walking,0.00,0,0,0,0,0
1779983948628,-12120,4320,-2720,642,469,1089,walking,0.00,0,0,0,0,0
1779983948655,-11800,4389,-2864,570,494,1111,walking,0.00,0,0,0,0,0
1779983948655,-11811,4761,-2960,477,495,1120,walking,0.00,0,0,0,0,0
1779983948656,-11620,5103,-3129,375,475,1086,walking,0.00,0,0,0,0,0
1779983948684,-11642,4884,-3198,256,434,987,walking,0.00,0,0,0,0,0
1779983948685,-11537,5223,-3394,144,394,941,walking,0.00,0,0,0,0,0
1779983948686,-12047,5920,-3390,61,354,916,walking,0.00,0,0,0,0,0
1779983948713,-12045,6801,-3581,52,379,917,walking,0.00,0,0,0,0,0
1779983948714,-11631,6803,-3714,76,395,828,walking,0.00,0,0,0,0,0
1779983948714,-11834,6462,-3794,76,381,698,walking,0.00,0,0,0,0,0
1779983948744,-11978,6290,-3834,26,373,599,walking,0.00,0,0,0,0,0
1779983948745,-12070,6308,-3929,-44,362,512,walking,0.00,0,0,0,0,0
1779983948746,-12234,6505,-3977,-123,345,422,walking,0.00,0,0,0,0,0
1779983948776,-12613,6843,-4006,-199,315,334,walking,0.00,0,0,0,0,0
1779983948778,-13321,7337,-4077,-255,278,241,walking,0.00,0,0,0,0,0
1779983948778,-14138,7766,-4077,-276,239,132,walking,0.00,0,0,0,0,0
1779983948804,-14838,8020,-4093,-269,195,7,walking,0.00,0,0,0,0,0
1779983948814,-15471,8054,-4201,-261,146,-129,walking,0.00,0,0,0,0,0
1779983948815,-16106,7860,-4341,-270,92,-275,walking,0.00,0,0,0,0,0
1779983948838,-16554,7535,-4534,-311,33,-416,walking,0.00,0,0,0,0,0
1779983948838,-16710,7177,-4657,-376,-26,-539,walking,0.00,0,0,0,0,0
1779983948839,-16869,6761,-4800,-510,-129,-726,walking,0.00,0,0,0,0,0
1779983948868,-16951,6582,-4806,-554,-162,-793,walking,0.00,0,0,0,0,0
1779983948869,-17181,6594,-4813,-585,-192,-845,walking,0.00,0,0,0,0,0
1779983948870,-17779,6976,-4831,-613,-226,-909,walking,0.00,0,0,0,0,0
1779983948895,-18828,7374,-4683,-641,-261,-1004,walking,0.00,0,0,0,0,0
1779983948896,-20002,7507,-4449,-661,-298,-1120,walking,0.00,0,0,0,0,0
1779983948896,-20722,7487,-4334,-664,-332,-1232,walking,0.00,0,0,0,0,0
1779983948926,-20334,7213,-4431,-646,-366,-1325,walking,0.00,0,0,0,0,0
1779983948927,-18842,6611,-4672,-612,-415,-1382,walking,0.00,0,0,0,0,0
1779983948928,-17315,5617,-4691,-569,-471,-1382,walking,0.00,0,0,0,0,0
1779983948956,-15933,4457,-4581,-513,-498,-1302,walking,0.00,0,0,0,0,0
1779983948960,-14669,3549,-4561,-436,-496,-1129,walking,0.00,0,0,0,0,0
1779983948960,-14026,3153,-4593,-352,-485,-911,walking,0.00,0,0,0,0,0
1779983948985,-14270,3159,-4379,-264,-469,-715,walking,0.00,0,0,0,0,0
1779983948987,-15163,3292,-4237,-147,-441,-576,walking,0.00,0,0,0,0,0
1779983948987,-16125,3456,-3977,5,-404,-487,walking,0.00,0,0,0,0,0
1779983949014,-16960,3786,-3751,178,-361,-439,walking,0.00,0,0,0,0,0
1779983949014,-17555,3885,-3558,331,-324,-432,walking,0.00,0,0,0,0,0
1779983949015,-18324,3633,-3303,415,-284,-437,walking,0.00,0,0,0,0,0
1779983949044,-18576,2808,-2994,397,-238,-448,walking,0.00,0,0,0,0,0
1779983949045,-18886,1585,-2939,257,-187,-442,walking,0.00,0,0,0,0,0
1779983949046,-18543,1409,-3253,8,-103,-332,walking,0.00,0,0,0,0,0
1779983949076,-17837,1806,-3464,-286,-24,-226,walking,0.00,0,0,0,0,0
1779983949077,-16938,1970,-3646,-570,36,-189,walking,0.00,0,0,0,0,0
1779983949078,-15980,2071,-3745,-852,75,-174,walking,0.00,0,0,0,0,0
1779983949106,-15233,2341,-4076,-1124,103,-186,walking,0.00,0,0,0,0,0
1779983949107,-14375,3194,-4849,-1347,130,-187,walking,0.00,0,0,0,0,0
1779983949110,-13354,4017,-5214,-1495,148,-160,walking,0.00,0,0,0,0,0
1779983949134,-12785,4245,-5214,-1582,166,-169,walking,0.00,0,0,0,0,0
1779983949135,-11910,4311,-5178,-1639,182,-214,walking,0.00,0,0,0,0,0
1779983949136,-11418,4482,-4893,-1655,167,-232,walking,0.00,0,0,0,0,0
1779983949165,-11064,5267,-4868,-1597,160,-200,walking,0.00,0,0,0,0,0
1779983949168,-10562,6305,-4593,-1445,146,-166,walking,0.00,0,0,0,0,0
1779983949169,-10465,7125,-4001,-1176,106,-146,walking,0.00,0,0,0,0,0
1779983949194,-10466,7505,-3526,-832,71,-144,walking,0.00,0,0,0,0,0
1779983949195,-10757,7344,-3436,-489,27,-173,walking,0.00,0,0,0,0,0
1779983949196,-11361,6806,-3638,-213,-17,-196,walking,0.00,0,0,0,0,0
1779983949228,-11775,6260,-3760,-36,-42,-205,walking,0.00,0,0,0,0,0
1779983949229,-11978,5648,-3964,56,-60,-231,walking,0.00,0,0,0,0,0
1779983949229,-12056,5149,-4226,77,-85,-246,walking,0.00,0,0,0,0,0
1779983949255,-12052,5059,-4498,51,-112,-241,walking,0.00,0,0,0,0,0
1779983949259,-12048,5013,-4733,17,-141,-249,walking,0.00,0,0,0,0,0
1779983949260,-12213,4702,-4935,-24,-173,-278,walking,0.00,0,0,0,0,0
1779983949285,-12599,4478,-5126,-88,-195,-307,walking,0.00,0,0,0,0,0
1779983949286,-13009,4574,-5261,-160,-203,-332,walking,0.00,0,0,0,0,0
1779983949286,-13115,4767,-5267,-217,-205,-359,walking,0.00,0,0,0,0,0
1779983949314,-13095,5063,-5322,-239,-208,-378,walking,0.00,0,0,0,0,0
1779983949318,-13048,5397,-5389,-226,-216,-392,walking,0.00,0,0,0,0,0
1779983949319,-13077,5651,-5400,-183,-234,-399,walking,0.00,0,0,0,0,0
1779983949345,-13235,5856,-5408,-123,-257,-397,walking,0.00,0,0,0,0,0
1779983949345,-13702,5854,-5399,-67,-278,-396,walking,0.00,0,0,0,0,0
1779983949346,-14715,5755,-5567,-36,-289,-401,walking,0.00,0,0,0,0,0
1779983949375,-15936,5999,-5858,-21,-279,-415,walking,0.00,0,0,0,0,0
1779983949376,-17156,6312,-6168,-4,-260,-441,walking,0.00,0,0,0,0,0
1779983949377,-18311,6427,-6120,15,-242,-473,walking,0.00,0,0,0,0,0
1779983949409,-19375,6430,-5766,30,-222,-499,walking,0.00,0,0,0,0,0
1779983949410,-19978,6460,-5451,41,-193,-495,walking,0.00,0,0,0,0,0
1779983949411,-20232,6581,-5245,59,-160,-448,walking,0.00,0,0,0,0,0
1779983949434,-20485,6488,-4922,88,-132,-378,walking,0.00,0,0,0,0,0
1779983949435,-20128,6232,-4646,113,-102,-293,walking,0.00,0,0,0,0,0
1779983949435,-19820,5901,-4525,116,-94,-223,walking,0.00,0,0,0,0,0
1779983949464,-20162,5821,-4364,82,-109,-161,walking,0.00,0,0,0,0,0
1779983949467,-21088,6305,-4329,33,-132,-109,walking,0.00,0,0,0,0,0
1779983949468,-22192,7097,-4280,21,-163,-97,walking,0.00,0,0,0,0,0
1779983949495,-22147,7588,-4226,79,-171,-125,walking,0.00,0,0,0,0,0
1779983949496,-20703,7308,-4549,199,-140,-162,walking,0.00,0,0,0,0,0
1779983949497,-18706,6411,-4904,324,-96,-148,walking,0.00,0,0,0,0,0
1779983949530,-16563,5562,-4836,415,-56,-55,walking,0.00,0,0,0,0,0
1779983949531,-14706,4857,-4583,476,-19,88,walking,0.00,0,0,0,0,0
1779983949532,-13715,4508,-4386,516,19,268,walking,0.00,0,0,0,0,0
1779983949563,-13601,4651,-3993,568,46,450,walking,0.00,0,0,0,0,0
1779983949563,-14119,5209,-3626,669,73,596,walking,0.00,0,0,0,0,0
1779983949564,-14816,5806,-3233,830,101,691,walking,0.00,0,0,0,0,0
1779983949584,-15660,6194,-2951,1050,119,718,walking,0.00,0,0,0,0,0
1779983949585,-16563,6322,-2745,1281,127,661,walking,0.00,0,0,0,0,0
1779983949586,-17582,6368,-2657,1481,113,544,walking,0.00,0,0,0,0,0
1779983949613,-18504,6327,-2597,1610,102,416,walking,0.00,0,0,0,0,0
1779983949618,-18943,5543,-2499,1669,118,268,walking,0.00,0,0,0,0,0
1779983949618,-18991,4429,-2344,1593,138,117,walking,0.00,0,0,0,0,0
1779983949644,-19299,3751,-2266,1340,164,25,walking,0.00,0,0,0,0,0
1779983949645,-19002,4254,-2735,1018,219,4,walking,0.00,0,0,0,0,0
1779983949645,-18187,5198,-2671,774,240,53,walking,0.00,0,0,0,0,0
1779983949673,-17662,5463,-2213,667,237,124,walking,0.00,0,0,0,0,0
1779983949674,-17377,5324,-2097,633,248,193,walking,0.00,0,0,0,0,0
1779983949675,-16712,4887,-2150,606,265,277,walking,0.00,0,0,0,0,0
1779983949704,-16098,4356,-2010,600,276,367,walking,0.00,0,0,0,0,0
1779983949704,-14896,4541,-2147,611,292,479,walking,0.00,0,0,0,0,0
1779983949705,-14200,4291,-2223,619,285,568,walking,0.00,0,0,0,0,0
1779983949734,-13983,3994,-2315,627,295,675,walking,0.00,0,0,0,0,0
1779983949735,-13346,4363,-2398,664,324,820,walking,0.00,0,0,0,0,0
1779983949736,-12815,4794,-2377,744,326,950,walking,0.00,0,0,0,0,0
1779983949766,-12569,4813,-2232,841,322,1059,walking,0.00,0,0,0,0,0
1779983949767,-12343,4672,-2077,920,324,1161,walking,0.00,0,0,0,0,0
1779983949768,-12051,4633,-2054,972,325,1249,walking,0.00,0,0,0,0,0
1779983949795,-12105,4709,-2044,985,321,1317,walking,0.00,0,0,0,0,0
1779983949796,-12152,4881,-2132,964,329,1382,walking,0.00,0,0,0,0,0
1779983949800,-12357,4983,-2159,932,341,1436,walking,0.00,0,0,0,0,0
1779983949828,-12254,5276,-2163,895,364,1491,walking,0.00,0,0,0,0,0
1779983949829,-11921,5492,-2253,849,384,1501,walking,0.00,0,0,0,0,0
1779983949829,-12610,5556,-2057,777,403,1492,walking,0.00,0,0,0,0,0
1779983949858,-12196,6207,-2253,700,466,1503,walking,0.00,0,0,0,0,0
1779983949859,-11940,6067,-2329,609,474,1412,walking,0.00,0,0,0,0,0
1779983949859,-11940,5954,-2334,489,469,1331,walking,0.00,0,0,0,0,0
1779983949886,-11895,6284,-2382,354,469,1292,walking,0.00,0,0,0,0,0
1779983949887,-11948,6758,-2531,235,463,1237,walking,0.00,0,0,0,0,0
1779983949888,-11951,7219,-2745,143,456,1165,walking,0.00,0,0,0,0,0
1779983949917,-11979,7472,-2911,75,439,1074,walking,0.00,0,0,0,0,0
1779983949918,-12115,7596,-3027,27,418,974,walking,0.00,0,0,0,0,0
1779983949918,-12255,7622,-3167,-9,404,872,walking,0.00,0,0,0,0,0
1779983949944,-12201,7670,-3376,-43,383,769,walking,0.00,0,0,0,0,0
1779983949945,-12986,8318,-3514,-116,293,572,walking,0.00,0,0,0,0,0
1779983949945,-13402,8789,-3699,-120,267,478,walking,0.00,0,0,0,0,0
1779983949975,-14027,8908,-3870,-102,231,345,walking,0.00,0,0,0,0,0
1779983949975,-14905,8795,-4017,-86,186,204,walking,0.00,0,0,0,0,0
1779983949976,-15775,8603,-4136,-78,141,73,walking,0.00,0,0,0,0,0
1779983950004,-16457,8228,-4232,-86,102,-55,walking,0.00,0,0,0,0,0
1779983950005,-16759,7652,-4359,-120,69,-169,walking,0.00,0,0,0,0,0
1779983950005,-16792,7034,-4524,-183,34,-257,walking,0.00,0,0,0,0,0
1779983950036,-16774,6630,-4602,-265,-8,-317,walking,0.00,0,0,0,0,0
1779983950037,-16762,6519,-4653,-350,-52,-370,walking,0.00,0,0,0,0,0
1779983950037,-16976,6735,-4835,-430,-96,-442,walking,0.00,0,0,0,0,0
1779983950066,-17532,7018,-5094,-508,-146,-546,walking,0.00,0,0,0,0,0
1779983950067,-18484,7405,-5131,-578,-207,-671,walking,0.00,0,0,0,0,0
1779983950068,-19494,7835,-5077,-610,-258,-810,walking,0.00,0,0,0,0,0
1779983950096,-20086,7882,-5102,-597,-294,-956,walking,0.00,0,0,0,0,0
1779983950097,-19659,7311,-5260,-550,-332,-1079,walking,0.00,0,0,0,0,0
1779983950100,-18209,6215,-5446,-495,-373,-1138,walking,0.00,0,0,0,0,0
1779983950125,-16440,4956,-5634,-450,-420,-1116,walking,0.00,0,0,0,0,0
1779983950125,-14782,4153,-5701,-407,-464,-1020,walking,0.00,0,0,0,0,0
1779983950126,-13620,3947,-5680,-338,-494,-873,walking,0.00,0,0,0,0,0
1779983950159,-13212,4206,-5619,-228,-505,-708,walking,0.00,0,0,0,0,0
1779983950159,-13547,4605,-5458,-68,-504,-553,walking,0.00,0,0,0,0,0
1779983950160,-14499,5079,-5106,145,-497,-434,walking,0.00,0,0,0,0,0
1779983950186,-15655,5388,-4573,398,-475,-362,walking,0.00,0,0,0,0,0
1779983950187,-16870,5451,-4196,635,-434,-337,walking,0.00,0,0,0,0,0
1779983950188,-18053,5127,-3859,804,-376,-339,walking,0.00,0,0,0,0,0
1779983950221,-18731,4643,-3485,876,-300,-335,walking,0.00,0,0,0,0,0
1779983950221,-18747,4142,-3090,838,-223,-324,walking,0.00,0,0,0,0,0
1779983950222,-18511,3239,-2723,688,-153,-313,walking,0.00,0,0,0,0,0
1779983950243,-17970,2541,-2804,428,-72,-275,walking,0.00,0,0,0,0,0
1779983950243,-17354,2070,-2766,75,-13,-260,walking,0.00,0,0,0,0,0
1779983950243,-17198,1089,-2505,-337,29,-288,walking,0.00,0,0,0,0,0
1779983950275,-16495,1231,-2791,-774,102,-258,walking,0.00,0,0,0,0,0
1779983950275,-15348,2411,-3114,-1176,174,-202,walking,0.00,0,0,0,0,0
1779983950276,-14410,3266,-3463,-1470,226,-196,walking,0.00,0,0,0,0,0
1779983950304,-13275,3641,-4089,-1673,258,-251,walking,0.00,0,0,0,0,0
1779983950304,-12977,3865,-4557,-1841,267,-333,walking,0.00,0,0,0,0,0
1779983950305,-12277,4496,-4689,-1955,299,-358,walking,0.00,0,0,0,0,0
1779983950335,-11784,4427,-4519,-2023,312,-442,walking,0.00,0,0,0,0,0
1779983950335,-11255,5388,-4453,-1982,305,-422,walking,0.00,0,0,0,0,0
1779983950336,-10692,6886,-4444,-1799,294,-335,walking,0.00,0,0,0,0,0
1779983950365,-10203,7139,-3841,-1512,248,-334,walking,0.00,0,0,0,0,0
1779983950366,-10476,6505,-3541,-1187,214,-361,walking,0.00,0,0,0,0,0
1779983950368,-10858,6134,-3698,-933,184,-365,walking,0.00,0,0,0,0,0
1779983950394,-11166,6280,-3618,-736,114,-352,walking,0.00,0,0,0,0,0
1779983950394,-11114,6272,-3613,-546,53,-358,walking,0.00,0,0,0,0,0
1779983950395,-11212,5874,-3761,-389,-6,-423,walking,0.00,0,0,0,0,0
1779983950425,-11438,5865,-4213,-274,-60,-450,walking,0.00,0,0,0,0,0
1779983950426,-11649,6025,-4255,-185,-122,-464,walking,0.00,0,0,0,0,0
1779983950426,-11690,6213,-4172,-68,-188,-503,walking,0.00,0,0,0,0,0
1779983950454,-11656,6177,-4175,64,-262,-546,walking,0.00,0,0,0,0,0
1779983950458,-11835,6255,-4254,190,-326,-592,walking,0.00,0,0,0,0,0
1779983950459,-11861,6306,-4279,291,-389,-641,walking,0.00,0,0,0,0,0
1779983950486,-11924,6073,-4223,383,-455,-688,walking,0.00,0,0,0,0,0
1779983950487,-12343,5948,-4415,448,-506,-725,walking,0.00,0,0,0,0,0
1779983950487,-12797,6098,-4589,481,-555,-737,walking,0.00,0,0,0,0,0
1779983950524,-13227,6110,-4726,510,-603,-741,walking,0.00,0,0,0,0,0
1779983950526,-13630,6102,-4916,532,-641,-748,walking,0.00,0,0,0,0,0
1779983950527,-14319,6147,-5084,520,-672,-765,walking,0.00,0,0,0,0,0
1779983950543,-15306,6231,-5261,483,-678,-794,walking,0.00,0,0,0,0,0
1779983950544,-16543,6361,-5579,458,-652,-814,walking,0.00,0,0,0,0,0
1779983950545,-17528,6679,-6201,465,-606,-808,walking,0.00,0,0,0,0,0
1779983950577,-18158,6769,-6403,506,-568,-789,walking,0.00,0,0,0,0,0
1779983950577,-18837,6529,-6027,550,-539,-777,walking,0.00,0,0,0,0,0
1779983950578,-19782,5847,-5583,537,-498,-761,walking,0.00,0,0,0,0,0
1779983950603,-20484,5086,-5183,463,-446,-684,walking,0.00,0,0,0,0,0
1779983950604,-20917,4942,-5058,352,-399,-537,walking,0.00,0,0,0,0,0
1779983950608,-21327,5195,-5013,215,-350,-383,walking,0.00,0,0,0,0,0
1779983950635,-21505,5083,-4942,48,-281,-297,walking,0.00,0,0,0,0,0
1779983950636,-21505,5475,-5028,-93,-227,-157,walking,0.00,0,0,0,0,0
1779983950641,-21547,6366,-5180,-165,-189,35,walking,0.00,0,0,0,0,0
1779983950665,-22534,6796,-5137,-204,-169,131,walking,0.00,0,0,0,0,0
1779983950666,-23408,6885,-5188,-260,-124,157,walking,0.00,0,0,0,0,0
1779983950666,-22735,6944,-5256,-344,-63,151,walking,0.00,0,0,0,0,0
1779983950696,-20423,6906,-4996,-400,4,177,walking,0.00,0,0,0,0,0
1779983950700,-17865,6386,-4534,-388,53,276,walking,0.00,0,0,0,0,0
1779983950701,-15373,5865,-3902,-315,77,452,walking,0.00,0,0,0,0,0
1779983950724,-13626,6323,-3814,-184,97,676,walking,0.00,0,0,0,0,0
1779983950724,-12655,7701,-3844,19,93,893,walking,0.00,0,0,0,0,0
1779983950725,-13570,8139,-3259,331,57,1040,walking,0.00,0,0,0,0,0
1779983950758,-15027,7796,-3111,712,81,1146,walking,0.00,0,0,0,0,0
1779983950758,-15735,6819,-3645,1005,149,1176,walking,0.00,0,0,0,0,0
1779983950759,-16416,5725,-3876,1095,192,1133,walking,0.00,0,0,0,0,0
1779983950783,-16694,5541,-3789,1039,224,1126,walking,0.00,0,0,0,0,0
1779983950784,-16859,5846,-3904,913,249,1099,walking,0.00,0,0,0,0,0
1779983950785,-17257,6233,-4465,737,273,1020,walking,0.00,0,0,0,0,0
1779983950819,-17329,6793,-4592,520,297,928,walking,0.00,0,0,0,0,0
1779983950819,-17738,7261,-4000,295,302,874,walking,0.00,0,0,0,0,0
1779983950820,-18571,7669,-3300,91,341,875,walking,0.00,0,0,0,0,0
1779983950848,-18954,7888,-2687,-65,407,951,walking,0.00,0,0,0,0,0
1779983950849,-19155,8478,-2424,-140,483,1084,walking,0.00,0,0,0,0,0
1779983950850,-18823,9288,-2317,-128,534,1238,walking,0.00,0,0,0,0,0
1779983950874,-18319,9389,-2111,30,534,1384,walking,0.00,0,0,0,0,0
1779983950875,-17305,8857,-2254,280,507,1462,walking,0.00,0,0,0,0,0
1779983950875,-16614,8253,-2442,529,440,1503,walking,0.00,0,0,0,0,0
1779983950907,-16366,7396,-2690,722,378,1570,walking,0.00,0,0,0,0,0
1779983950908,-16064,6481,-3302,841,365,1653,walking,0.00,0,0,0,0,0
1779983950909,-15270,7153,-3755,940,356,1767,walking,0.00,0,0,0,0,0
1779983950934,-14157,8823,-3240,1153,267,1890,walking,0.00,0,0,0,0,0
1779983950935,-13997,9414,-2451,1536,154,1914,walking,0.00,0,0,0,0,0
1779983950936,-14389,8101,-2701,1902,150,1809,walking,0.00,0,0,0,0,0
1779983950965,-14797,7728,-2903,2153,253,1856,walking,0.00,0,0,0,0,0
1779983950966,-13335,6954,-2541,2318,303,1972,walking,0.00,0,0,0,0,0
1779983950967,-12431,5264,-1888,2367,262,2011,walking,0.00,0,0,0,0,0
1779983950994,-11699,4630,-2397,2336,260,2085,walking,0.00,0,0,0,0,0
1779983950994,-10689,4809,-3277,2255,210,2072,walking,0.00,0,0,0,0,0
1779983950995,-10121,4613,-3540,2124,67,1877,walking,0.00,0,0,0,0,0
1779983951025,-12236,3928,-2657,1961,-23,1711,walking,0.00,0,0,0,0,0
1779983951026,-10861,4990,-3639,1842,125,1727,walking,0.00,0,0,0,0,0
1779983951027,-10016,4498,-4048,1740,118,1534,walking,0.00,0,0,0,0,0
1779983951057,-10369,4389,-3313,1336,-28,1142,walking,0.00,0,0,0,0,0
1779983951058,-10916,4252,-2980,1123,-29,1026,walking,0.00,0,0,0,0,0
1779983951059,-9721,5010,-3232,947,-30,977,walking,0.00,0,0,0,0,0
1779983951084,-9534,5367,-3985,788,-83,854,walking,0.00,0,0,0,0,0
1779983951086,-9633,6418,-4529,663,-131,751,walking,0.00,0,0,0,0,0
1779983951087,-9925,7749,-4768,595,-184,622,walking,0.00,0,0,0,0,0
1779983951116,-10415,8426,-5357,549,-198,444,walking,0.00,0,0,0,0,0
1779983951116,-10375,8463,-5664,486,-213,266,walking,0.00,0,0,0,0,0
1779983951117,-10627,8058,-5890,367,-236,108,walking,0.00,0,0,0,0,0
1779983951149,-10995,7848,-6369,181,-254,2,walking,0.00,0,0,0,0,0
1779983951150,-11373,8605,-6340,-23,-279,-70,walking,0.00,0,0,0,0,0
1779983951151,-11663,10234,-6756,-206,-270,-164,walking,0.00,0,0,0,0,0
1779983951177,-12031,11630,-7165,-357,-249,-299,walking,0.00,0,0,0,0,0
1779983951178,-12954,12524,-7016,-482,-224,-456,walking,0.00,0,0,0,0,0
1779983951182,-13995,12918,-7120,-562,-167,-569,walking,0.00,0,0,0,0,0
1779983951210,-14483,13119,-7414,-595,-103,-613,walking,0.00,0,0,0,0,0
1779983951211,-14441,13524,-7425,-635,-52,-590,walking,0.00,0,0,0,0,0
1779983951212,-14119,13594,-7358,-689,-2,-546,walking,0.00,0,0,0,0,0
1779983951237,-13781,13482,-7294,-713,37,-519,walking,0.00,0,0,0,0,0
1779983951238,-13593,13654,-7359,-680,65,-497,walking,0.00,0,0,0,0,0
1779983951241,-13438,13928,-7461,-585,89,-466,walking,0.00,0,0,0,0,0
1779983951265,-13340,14258,-7707,-453,140,-419,walking,0.00,0,0,0,0,0
1779983951265,-13797,13211,-7887,-360,206,-468,walking,0.00,0,0,0,0,0
1779983951266,-14555,12042,-7581,-405,272,-588,walking,0.00,0,0,0,0,0
1779983951294,-14077,11284,-7734,-552,344,-595,walking,0.00,0,0,0,0,0
1779983951294,-13620,9869,-7330,-707,360,-503,walking,0.00,0,0,0,0,0
1779983951295,-13079,8710,-6736,-895,323,-365,walking,0.00,0,0,0,0,0
1779983951325,-12311,8450,-5771,-1057,263,-125,walking,0.00,0,0,0,0,0
1779983951326,-11551,9147,-4776,-1122,221,157,walking,0.00,0,0,0,0,0
1779983951326,-10988,10166,-4106,-1058,214,383,walking,0.00,0,0,0,0,0
1779983951357,-10574,10611,-3439,-884,204,496,walking,0.00,0,0,0,0,0
1779983951358,-9834,10194,-2893,-657,181,536,walking,0.00,0,0,0,0,0
1779983951358,-8465,9402,-2226,-421,168,569,walking,0.00,0,0,0,0,0
1779983951386,-7014,8950,-1981,-231,163,614,walking,0.00,0,0,0,0,0
1779983951388,-6269,8839,-2017,-154,136,648,walking,0.00,0,0,0,0,0
1779983951388,-6521,8684,-1981,-192,77,685,walking,0.00,0,0,0,0,0
1779983951416,-7611,8642,-1668,-282,-10,733,walking,0.00,0,0,0,0,0
1779983951418,-8757,8929,-1507,-367,-109,755,walking,0.00,0,0,0,0,0
1779983951418,-9446,8937,-1552,-439,-220,745,walking,0.00,0,0,0,0,0
1779983951443,-9666,8849,-1641,-516,-321,731,walking,0.00,0,0,0,0,0
1779983951448,-9439,8907,-1668,-634,-406,722,walking,0.00,0,0,0,0,0
1779983951448,-9019,9120,-1608,-770,-495,724,walking,0.00,0,0,0,0,0
1779983951477,-8376,9330,-1727,-875,-593,772,walking,0.00,0,0,0,0,0
1779983951477,-7863,10028,-1665,-943,-690,863,walking,0.00,0,0,0,0,0
1779983951478,-7570,11116,-1519,-964,-761,962,walking,0.00,0,0,0,0,0
1779983951507,-7848,11824,-1432,-889,-828,1040,walking,0.00,0,0,0,0,0
1779983951507,-9379,11057,-2598,-771,-824,1052,walking,0.00,0,0,0,0,0
1779983951508,-10894,10260,-5130,-719,-683,1011,walking,0.00,0,0,0,0,0
1779983951534,-12623,10261,-6137,-740,-544,959,walking,0.00,0,0,0,0,0
1779983951534,-13778,10029,-5586,-695,-353,982,walking,0.00,0,0,0,0,0
1779983951535,-13352,8927,-5747,-556,-69,1029,walking,0.00,0,0,0,0,0
1779983951566,-12147,8001,-5873,-481,154,1103,walking,0.00,0,0,0,0,0
1779983951566,-10516,7164,-5555,-539,294,1188,walking,0.00,0,0,0,0,0
1779983951567,-8675,5793,-5679,-785,359,1147,walking,0.00,0,0,0,0,0
1779983951597,-7558,5667,-5390,-1228,343,1106,walking,0.00,0,0,0,0,0
1779983951598,-6950,6482,-4889,-1738,291,1111,walking,0.00,0,0,0,0,0
1779983951599,-6861,8210,-5287,-2158,224,1111,walking,0.00,0,0,0,0,0
1779983951624,-7503,11283,-6159,-2345,176,1071,walking,0.00,0,0,0,0,0
1779983951625,-9059,14326,-6478,-2147,202,951,walking,0.00,0,0,0,0,0
1779983951626,-10049,15393,-6400,-1642,302,765,walking,0.00,0,0,0,0,0
1779983951661,-9286,13944,-6392,-1125,457,688,walking,0.00,0,0,0,0,0
1779983951662,-8519,14289,-7169,-805,552,796,walking,0.00,0,0,0,0,0
1779983951664,-8634,14362,-5955,-492,513,792,walking,0.00,0,0,0,0,0
1779983951683,-7471,12778,-5837,-97,549,724,walking,0.00,0,0,0,0,0
1779983951684,-6816,12185,-5932,133,488,683,walking,0.00,0,0,0,0,0
1779983951684,-6711,12117,-5258,255,332,625,walking,0.00,0,0,0,0,0
1779983951717,-6525,12195,-4723,355,183,585,walking,0.00,0,0,0,0,0
1779983951723,-6559,13355,-4638,467,38,570,walking,0.00,0,0,0,0,0
1779983951723,-7102,14793,-5009,673,-104,505,walking,0.00,0,0,0,0,0
1779983951744,-7704,15815,-5291,1001,-251,351,walking,0.00,0,0,0,0,0
1779983951744,-8445,15700,-5714,1323,-371,140,walking,0.00,0,0,0,0,0
1779983951745,-10047,15026,-5800,1536,-504,-33,walking,0.00,0,0,0,0,0
1779983951774,-11267,16498,-6938,1684,-472,54,walking,0.00,0,0,0,0,0
1779983951775,-11788,17395,-7784,1839,-481,185,walking,0.00,0,0,0,0,0
1779983951776,-13573,20345,-9587,1909,-318,332,walking,0.00,0,0,0,0,0
1779983951809,-13243,17142,-10326,1839,-250,-121,walking,0.00,0,0,0,0,0
1779983951809,-12927,13068,-10833,1513,-158,-408,walking,0.00,0,0,0,0,0
1779983951810,-12416,12378,-12032,1046,44,-221,walking,0.00,0,0,0,0,0
1779983951835,-10658,12120,-11114,490,139,-226,walking,0.00,0,0,0,0,0
1779983951835,-9890,13193,-8682,-31,147,-380,walking,0.00,0,0,0,0,0
1779983951836,-10242,15958,-5660,-284,128,-484,walking,0.00,0,0,0,0,0
1779983951865,-10763,18555,-4148,-187,222,-642,walking,0.00,0,0,0,0,0
1779983951866,-12421,20093,-3627,136,359,-801,walking,0.00,0,0,0,0,0
1779983951866,-13659,20949,-3734,660,503,-741,walking,0.00,0,0,0,0,0
1779983951894,-13800,19799,-3477,1324,559,-498,walking,0.00,0,0,0,0,0
1779983951897,-13373,16178,-3547,1932,551,-141,walking,0.00,0,0,0,0,0
1779983951898,-11459,11889,-3583,2177,469,168,walking,0.00,0,0,0,0,0
1779983951924,-10419,9130,-2782,1954,300,315,walking,0.00,0,0,0,0,0
1779983951925,-9860,8209,-2235,1441,154,361,walking,0.00,0,0,0,0,0
1779983951926,-9886,8533,-1998,835,25,280,walking,0.00,0,0,0,0,0
1779983951957,-9738,10275,-2199,318,-99,124,walking,0.00,0,0,0,0,0
1779983951958,-9536,12314,-2248,-26,-225,-73,walking,0.00,0,0,0,0,0
1779983951958,-9820,13447,-2341,-235,-335,-291,walking,0.00,0,0,0,0,0
1779983951984,-10505,14094,-2723,-404,-444,-472,walking,0.00,0,0,0,0,0
1779983951985,-10808,14364,-2779,-567,-564,-569,walking,0.00,0,0,0,0,0
1779983951986,-10867,14544,-2901,-705,-647,-588,walking,0.00,0,0,0,0,0
1779983952014,-10950,14537,-3150,-832,-696,-648,walking,0.00,0,0,0,0,0
1779983952015,-11009,14407,-3495,-931,-730,-768,walking,0.00,0,0,0,0,0
1779983952015,-10804,14023,-3580,-1017,-747,-850,walking,0.00,0,0,0,0,0
1779983952047,-10650,13603,-3350,-1051,-766,-862,walking,0.00,0,0,0,0,0
1779983952048,-10848,13035,-3159,-1037,-754,-848,walking,0.00,0,0,0,0,0
1779983952049,-10707,12777,-3242,-992,-708,-827,walking,0.00,0,0,0,0,0
1779983952073,-10718,12737,-3157,-904,-666,-782,walking,0.00,0,0,0,0,0
1779983952074,-10466,13301,-3202,-688,-622,-611,walking,0.00,0,0,0,0,0
1779983952075,-10217,13108,-3310,-381,-570,-500,walking,0.00,0,0,0,0,0
1779983952106,-9926,12252,-3401,-41,-512,-414,walking,0.00,0,0,0,0,0
1779983952106,-9582,11106,-3505,260,-454,-317,walking,0.00,0,0,0,0,0
1779983952107,-9103,9892,-3600,462,-384,-222,walking,0.00,0,0,0,0,0
1779983952134,-8571,8751,-3580,575,-319,-140,walking,0.00,0,0,0,0,0
1779983952134,-8174,8030,-3485,631,-272,-88,walking,0.00,0,0,0,0,0
1779983952135,-7545,7278,-3204,548,-203,-44,walking,0.00,0,0,0,0,0
1779983952164,-7235,7378,-2992,455,-170,-26,walking,0.00,0,0,0,0,0
1779983952164,-6873,7680,-2823,372,-139,-41,walking,0.00,0,0,0,0,0
1779983952165,-6436,7929,-2691,293,-119,-98,walking,0.00,0,0,0,0,0
1779983952200,-5925,8130,-2710,197,-113,-181,walking,0.00,0,0,0,0,0
1779983952201,-5634,8561,-2617,78,-124,-263,walking,0.00,0,0,0,0,0
1779983952201,-5652,9201,-2493,-49,-137,-341,walking,0.00,0,0,0,0,0
1779983952226,-5663,10284,-2544,-163,-144,-394,walking,0.00,0,0,0,0,0
1779983952227,-5953,11087,-2755,-276,-148,-442,walking,0.00,0,0,0,0,0
1779983952227,-6585,12210,-2788,-373,-163,-463,walking,0.00,0,0,0,0,0
1779983952255,-6977,13254,-3035,-436,-161,-486,walking,0.00,0,0,0,0,0
1779983952256,-7408,14058,-3307,-461,-171,-508,walking,0.00,0,0,0,0,0
1779983952257,-7755,14822,-3432,-451,-185,-498,walking,0.00,0,0,0,0,0
1779983952283,-8175,15802,-3714,-421,-182,-450,walking,0.00,0,0,0,0,0
1779983952284,-8877,16882,-4141,-369,-178,-394,walking,0.00,0,0,0,0,0
1779983952284,-9733,17873,-4315,-271,-183,-347,walking,0.00,0,0,0,0,0
1779983952314,-10654,18506,-4471,-115,-155,-314,walking,0.00,0,0,0,0,0
1779983952315,-11496,18720,-4754,65,-114,-287,walking,0.00,0,0,0,0,0
1779983952316,-12291,18478,-4992,225,-84,-249,walking,0.00,0,0,0,0,0
1779983952347,-12943,18036,-5114,332,-64,-196,walking,0.00,0,0,0,0,0
1779983952350,-13689,17760,-5376,357,-32,-127,walking,0.00,0,0,0,0,0
1779983952350,-14376,17359,-5494,310,-11,-74,walking,0.00,0,0,0,0,0
1779983952375,-14775,16695,-5613,215,20,-27,walking,0.00,0,0,0,0,0
1779983952376,-14936,16335,-5813,86,68,39,walking,0.00,0,0,0,0,0
1779983952376,-14652,16146,-6029,-13,133,103,walking,0.00,0,0,0,0,0
1779983952406,-14015,15485,-6341,-55,201,143,walking,0.00,0,0,0,0,0
1779983952406,-13300,14636,-6341,-79,240,156,walking,0.00,0,0,0,0,0
1779983952407,-12838,14334,-6364,-111,270,135,walking,0.00,0,0,0,0,0
1779983952438,-12772,14252,-6315,-163,280,90,walking,0.00,0,0,0,0,0
1779983952439,-13189,14127,-5974,-247,274,57,walking,0.00,0,0,0,0,0
1779983952439,-13927,14253,-5202,-320,251,34,walking,0.00,0,0,0,0,0
1779983952467,-13856,14297,-4166,-311,228,59,walking,0.00,0,0,0,0,0
1779983952467,-13141,14000,-3241,-211,220,128,walking,0.00,0,0,0,0,0
1779983952468,-12456,12935,-2524,-26,196,237,walking,0.00,0,0,0,0,0
1779983952497,-11929,10973,-1687,188,153,398,walking,0.00,0,0,0,0,0
1779983952498,-11403,9200,-1259,372,120,597,walking,0.00,0,0,0,0,0
1779983952498,-10996,8411,-1268,495,86,759,walking,0.00,0,0,0,0,0
1779983952525,-11231,8474,-1415,599,49,828,walking,0.00,0,0,0,0,0
1779983952533,-11963,8651,-1594,743,19,772,walking,0.00,0,0,0,0,0
1779983952534,-13512,8428,-1829,928,-3,600,walking,0.00,0,0,0,0,0
1779983952555,-15113,7671,-2430,1045,6,415,walking,0.00,0,0,0,0,0
1779983952555,-15305,6869,-2809,1001,33,280,walking,0.00,0,0,0,0,0
1779983952556,-15386,5702,-2558,799,84,53,walking,0.00,0,0,0,0,0
1779983952584,-15614,5919,-3205,533,178,-75,walking,0.00,0,0,0,0,0
1779983952584,-14998,6429,-4498,219,276,-96,walking,0.00,0,0,0,0,0
1779983952585,-14397,6841,-5152,-155,318,-138,walking,0.00,0,0,0,0,0
1779983952614,-13823,7167,-4930,-513,322,-174,walking,0.00,0,0,0,0,0
1779983952615,-13429,8228,-4469,-807,345,-181,walking,0.00,0,0,0,0,0
1779983952616,-12581,9439,-4132,-953,402,-183,walking,0.00,0,0,0,0,0
1779983952644,-12033,10543,-4184,-940,454,-157,walking,0.00,0,0,0,0,0
1779983952648,-11246,11181,-4224,-815,480,-143,walking,0.00,0,0,0,0,0
1779983952649,-10040,11180,-3806,-629,489,-140,walking,0.00,0,0,0,0,0
1779983952673,-8815,10682,-3830,-455,504,-117,walking,0.00,0,0,0,0,0
1779983952674,-7608,10275,-3795,-350,491,-62,walking,0.00,0,0,0,0,0
1779983952674,-6839,9917,-3610,-273,456,-15,walking,0.00,0,0,0,0,0
1779983952706,-6294,9597,-3544,-236,422,-13,walking,0.00,0,0,0,0,0
1779983952708,-5941,9399,-3798,-206,378,-5,walking,0.00,0,0,0,0,0
1779983952709,-5508,9058,-3882,-187,318,-12,walking,0.00,0,0,0,0,0
1779983952733,-5313,8939,-3901,-180,273,-10,walking,0.00,0,0,0,0,0
1779983952734,-5079,8863,-4358,-235,234,-52,walking,0.00,0,0,0,0,0
1779983952735,-5074,8482,-4525,-332,169,-121,walking,0.00,0,0,0,0,0
1779983952766,-5526,9050,-4647,-403,122,-112,walking,0.00,0,0,0,0,0
1779983952767,-5953,10213,-5169,-422,112,-81,walking,0.00,0,0,0,0,0
1779983952767,-6688,11070,-5763,-355,98,-77,walking,0.00,0,0,0,0,0
1779983952799,-7299,11717,-6422,-212,99,-94,walking,0.00,0,0,0,0,0
1779983952800,-7813,11590,-7194,-42,130,-141,walking,0.00,0,0,0,0,0
1779983952801,-8169,11004,-8074,118,162,-179,walking,0.00,0,0,0,0,0
1779983952824,-8445,10465,-8561,223,189,-182,walking,0.00,0,0,0,0,0
1779983952825,-8875,10370,-8793,283,213,-147,walking,0.00,0,0,0,0,0
1779983952825,-9522,10145,-8992,291,226,-96,walking,0.00,0,0,0,0,0
1779983952858,-10161,10526,-8995,252,215,-49,walking,0.00,0,0,0,0,0
1779983952858,-10652,10344,-8028,185,170,-33,walking,0.00,0,0,0,0,0
1779983952859,-11011,10618,-7240,131,128,28,walking,0.00,0,0,0,0,0
1779983952884,-11307,11383,-6790,106,78,115,walking,0.00,0,0,0,0,0
1779983952888,-11947,12205,-6603,83,2,158,walking,0.00,0,0,0,0,0
1779983952889,-12910,13349,-6786,19,-95,124,walking,0.00,0,0,0,0,0
1779983952915,-13746,13200,-6169,-110,-194,44,walking,0.00,0,0,0,0,0
1779983952916,-14408,13228,-5716,-179,-206,82,walking,0.00,0,0,0,0,0
1779983952916,-14693,14289,-6023,-180,-136,200,walking,0.00,0,0,0,0,0
1779983952951,-14323,14989,-6781,-174,-25,265,walking,0.00,0,0,0,0,0
1779983952952,-13680,15450,-7722,-185,100,298,walking,0.00,0,0,0,0,0
1779983952953,-13322,15886,-8594,-198,230,311,walking,0.00,0,0,0,0,0
1779983952980,-13003,15811,-9011,-225,386,293,walking,0.00,0,0,0,0,0
1779983952981,-12706,15506,-8848,-256,553,264,walking,0.00,0,0,0,0,0
1779983952982,-12459,16755,-9512,-270,737,242,walking,0.00,0,0,0,0,0
1779983953004,-13447,16801,-8820,-274,786,95,walking,0.00,0,0,0,0,0
1779983953005,-16377,14615,-6999,-362,821,-39,walking,0.00,0,0,0,0,0
1779983953005,-17487,14292,-5444,-572,901,-50,walking,0.00,0,0,0,0,0
1779983953034,-15978,14022,-3681,-713,907,-68,walking,0.00,0,0,0,0,0
1779983953035,-14236,13423,-2626,-755,884,-24,walking,0.00,0,0,0,0,0
1779983953038,-12803,12469,-1708,-657,821,108,walking,0.00,0,0,0,0,0
1779983953065,-10820,11897,-1980,-431,774,223,walking,0.00,0,0,0,0,0
1779983953066,-9507,11067,-2600,-258,683,213,walking,0.00,0,0,0,0,0
1779983953068,-9980,9366,-1596,-212,539,133,walking,0.00,0,0,0,0,0
1779983953096,-9889,8493,-809,-168,447,111,walking,0.00,0,0,0,0,0
1779983953097,-9066,8762,-1018,-188,364,76,walking,0.00,0,0,0,0,0
1779983953097,-8539,9624,-1197,-306,230,-29,walking,0.00,0,0,0,0,0
1779983953125,-8289,11169,-1171,-404,56,-157,walking,0.00,0,0,0,0,0
1779983953126,-8268,12468,-784,-425,-123,-320,walking,0.00,0,0,0,0,0
1779983953126,-9010,12907,-670,-408,-278,-577,walking,0.00,0,0,0,0,0
1779983953154,-9390,14346,-1086,-416,-411,-726,walking,0.00,0,0,0,0,0
1779983953155,-10216,16356,-1663,-407,-549,-790,walking,0.00,0,0,0,0,0
1779983953156,-11448,17665,-2027,-379,-658,-853,walking,0.00,0,0,0,0,0
1779983953191,-12297,17442,-2098,-299,-699,-857,walking,0.00,0,0,0,0,0
1779983953191,-12225,15767,-1757,-163,-689,-787,walking,0.00,0,0,0,0,0
1779983953192,-11494,14564,-2444,-14,-628,-660,walking,0.00,0,0,0,0,0
1779983953215,-10964,14237,-3685,47,-561,-535,walking,0.00,0,0,0,0,0
1779983953221,-10728,14175,-4703,70,-510,-442,walking,0.00,0,0,0,0,0
1779983953221,-10660,13339,-4929,128,-464,-380,walking,0.00,0,0,0,0,0
1779983953246,-10228,11476,-4754,242,-391,-295,walking,0.00,0,0,0,0,0
1779983953246,-9473,9540,-4565,348,-324,-196,walking,0.00,0,0,0,0,0
1779983953247,-7928,7213,-4228,302,-301,-49,walking,0.00,0,0,0,0,0
1779983953280,-7489,6858,-4150,189,-330,-25,walking,0.00,0,0,0,0,0
1779983953281,-7195,6890,-3994,99,-360,-19,walking,0.00,0,0,0,0,0
1779983953281,-7180,7293,-3643,73,-385,-33,walking,0.00,0,0,0,0,0
1779983953304,-7071,7614,-3460,113,-383,-87,walking,0.00,0,0,0,0,0
1779983953306,-7050,7685,-3493,193,-366,-158,walking,0.00,0,0,0,0,0
1779983953307,-7012,7521,-3418,266,-357,-215,walking,0.00,0,0,0,0,0
1779983953334,-7055,7472,-3272,302,-345,-256,walking,0.00,0,0,0,0,0
1779983953337,-6992,7591,-3310,287,-327,-304,walking,0.00,0,0,0,0,0
1779983953338,-6908,7698,-3223,223,-318,-347,walking,0.00,0,0,0,0,0
1779983953364,-6584,8333,-3228,132,-306,-364,walking,0.00,0,0,0,0,0
1779983953365,-6273,9290,-3457,23,-281,-393,walking,0.00,0,0,0,0,0
1779983953366,-6393,10215,-3275,-72,-261,-450,walking,0.00,0,0,0,0,0
1779983953396,-6443,10677,-3327,-139,-194,-540,walking,0.00,0,0,0,0,0
1779983953398,-6480,11305,-3349,-199,-135,-596,walking,0.00,0,0,0,0,0
1779983953398,-6767,12362,-3275,-249,-94,-588,walking,0.00,0,0,0,0,0
1779983953423,-7174,13621,-3187,-284,-51,-564,walking,0.00,0,0,0,0,0
1779983953424,-7819,14794,-3211,-284,-6,-534,walking,0.00,0,0,0,0,0
1779983953425,-8669,16144,-3405,-261,28,-480,walking,0.00,0,0,0,0,0
1779983953457,-9743,17670,-3568,-211,53,-438,walking,0.00,0,0,0,0,0
1779983953458,-10943,18933,-3589,-113,69,-436,walking,0.00,0,0,0,0,0
1779983953458,-12149,19484,-3468,31,87,-456,walking,0.00,0,0,0,0,0
1779983953487,-13185,19102,-3313,184,116,-460,walking,0.00,0,0,0,0,0
1779983953488,-13727,18130,-3182,322,134,-408,walking,0.00,0,0,0,0,0
1779983953489,-13907,16961,-3114,405,129,-318,walking,0.00,0,0,0,0,0
1779983953518,-13988,15908,-3363,346,126,-233,walking,0.00,0,0,0,0,0
1779983953518,-14101,15107,-3851,149,115,-151,walking,0.00,0,0,0,0,0
1779983953524,-14330,15048,-4279,-105,90,-48,walking,0.00,0,0,0,0,0
1779983953545,-14406,15772,-4561,-300,67,52,walking,0.00,0,0,0,0,0
1779983953546,-14499,16672,-4956,-354,63,116,walking,0.00,0,0,0,0,0
1779983953547,-14484,16828,-5213,-289,71,135,walking,0.00,0,0,0,0,0
1779983953573,-14441,16437,-5490,-192,73,130,walking,0.00,0,0,0,0,0
1779983953574,-14505,16400,-5892,-123,44,115,walking,0.00,0,0,0,0,0
1779983953574,-14871,15852,-5771,-63,-28,76,walking,0.00,0,0,0,0,0
1779983953606,-15249,15249,-5092,-13,-82,68,walking,0.00,0,0,0,0,0
1779983953612,-14779,14642,-5010,43,-84,115,walking,0.00,0,0,0,0,0
1779983953612,-13627,13690,-4889,177,-112,245,walking,0.00,0,0,0,0,0
1779983953637,-13109,12924,-4175,407,-188,441,walking,0.00,0,0,0,0,0
1779983953638,-13010,12098,-3411,723,-223,659,walking,0.00,0,0,0,0,0
1779983953639,-12718,10800,-3051,1115,-216,868,walking,0.00,0,0,0,0,0
1779983953666,-13782,9818,-2859,1486,-208,1034,walking,0.00,0,0,0,0,0
1779983953667,-14840,8417,-2167,1760,-197,1078,walking,0.00,0,0,0,0,0
1779983953668,-15839,6555,-1456,1929,-137,1022,walking,0.00,0,0,0,0,0
1779983953696,-15818,5412,-1831,1955,-70,908,walking,0.00,0,0,0,0,0
1779983953697,-15730,4748,-2232,1762,-31,751,walking,0.00,0,0,0,0,0
1779983953697,-16828,4346,-2092,1397,4,567,walking,0.00,0,0,0,0,0
1779983953725,-17742,4502,-2032,1005,49,374,walking,0.00,0,0,0,0,0
1779983953729,-17467,4660,-2162,644,98,198,walking,0.00,0,0,0,0,0
1779983953729,-16930,5017,-2707,293,140,75,walking,0.00,0,0,0,0,0
1779983953754,-16525,4863,-2969,-78,172,-18,walking,0.00,0,0,0,0,0
1779983953755,-15785,4456,-3080,-473,197,-68,walking,0.00,0,0,0,0,0
1779983953756,-14344,4813,-2924,-870,214,-42,walking,0.00,0,0,0,0,0
1779983953790,-13113,6613,-2998,-1165,232,57,walking,0.00,0,0,0,0,0
1779983953791,-12132,9046,-3267,-1290,229,144,walking,0.00,0,0,0,0,0
1779983953792,-11289,10941,-3200,-1227,199,144,walking,0.00,0,0,0,0,0
1779983953815,-10240,11401,-2957,-976,173,92,walking,0.00,0,0,0,0,0
1779983953816,-9060,10966,-3142,-656,161,55,walking,0.00,0,0,0,0,0
1779983953816,-8051,10279,-3173,-425,127,52,walking,0.00,0,0,0,0,0
1779983953848,-7291,9638,-3059,-267,75,73,walking,0.00,0,0,0,0,0
1779983953849,-6818,9439,-3087,-152,35,101,walking,0.00,0,0,0,0,0
1779983953849,-6214,9241,-3362,-61,8,111,walking,0.00,0,0,0,0,0
1779983953874,-5957,9082,-3521,-22,-29,103,walking,0.00,0,0,0,0,0
1779983953874,-5856,8972,-3683,-13,-71,89,walking,0.00,0,0,0,0,0
1779983953875,-5719,8871,-3766,-24,-105,73,walking,0.00,0,0,0,0,0
1779983953904,-5499,8742,-4038,-45,-125,65,walking,0.00,0,0,0,0,0
1779983953905,-5508,9036,-4485,-77,-151,48,walking,0.00,0,0,0,0,0
1779983953906,-5503,9406,-5036,-78,-190,4,walking,0.00,0,0,0,0,0
1779983953937,-6168,9591,-5746,-47,-219,-54,walking,0.00,0,0,0,0,0
1779983953938,-6505,9266,-6474,11,-246,-153,walking,0.00,0,0,0,0,0
1779983953939,-7791,8936,-7243,92,-224,-151,walking,0.00,0,0,0,0,0
1779983953964,-8592,9963,-8117,194,-158,-57,walking,0.00,0,0,0,0,0
1779983953965,-8966,9816,-8347,291,-102,-54,walking,0.00,0,0,0,0,0
1779983953966,-8756,9083,-8407,350,-49,-67,walking,0.00,0,0,0,0,0
1779983953995,-8564,8506,-8227,321,-35,-66,walking,0.00,0,0,0,0,0
1779983953995,-8656,8506,-7824,224,-57,-52,walking,0.00,0,0,0,0,0
1779983953996,-8918,9339,-7440,141,-90,-23,walking,0.00,0,0,0,0,0
1779983954023,-9453,10052,-7078,114,-128,-20,walking,0.00,0,0,0,0,0
1779983954024,-10031,10436,-6709,115,-170,-31,walking,0.00,0,0,0,0,0
1779983954025,-10667,10116,-5967,112,-207,-39,walking,0.00,0,0,0,0,0
1779983954056,-10891,11249,-6440,86,-224,11,walking,0.00,0,0,0,0,0
1779983954056,-11535,12742,-6260,-65,-311,-7,walking,0.00,0,0,0,0,0
1779983954057,-12482,13741,-5275,-198,-419,-77,walking,0.00,0,0,0,0,0
1779983954091,-13631,14259,-4159,-206,-450,-136,walking,0.00,0,0,0,0,0
1779983954092,-14624,14906,-4308,-122,-365,-150,walking,0.00,0,0,0,0,0
1779983954093,-15498,15601,-5190,-108,-245,-116,walking,0.00,0,0,0,0,0
1779983954114,-16809,16092,-5915,-202,-111,-42,walking,0.00,0,0,0,0,0
1779983954115,-17743,16536,-6578,-344,77,77,walking,0.00,0,0,0,0,0
1779983954116,-17238,17360,-7482,-439,316,218,walking,0.00,0,0,0,0,0
1779983954144,-15441,17333,-8072,-433,567,321,walking,0.00,0,0,0,0,0
1779983954145,-13616,16287,-8202,-345,807,405,walking,0.00,0,0,0,0,0
1779983954145,-12831,15294,-8167,-195,960,480,walking,0.00,0,0,0,0,0
1779983954181,-13544,14187,-7322,-94,995,473,walking,0.00,0,0,0,0,0
1779983954182,-15609,12567,-6216,-158,1003,382,walking,0.00,0,0,0,0,0
1779983954183,-15692,11932,-5379,-362,975,285,walking,0.00,0,0,0,0,0
1779983954206,-15305,11493,-4113,-605,851,172,walking,0.00,0,0,0,0,0
1779983954207,-14648,11777,-3129,-695,735,151,walking,0.00,0,0,0,0,0
1779983954208,-13731,12749,-2821,-587,658,197,walking,0.00,0,0,0,0,0
1779983954237,-12855,12918,-2105,-349,569,195,walking,0.00,0,0,0,0,0
1779983954238,-11763,11697,-1182,0,495,150,walking,0.00,0,0,0,0,0
1779983954239,-10996,10475,-1093,294,458,125,walking,0.00,0,0,0,0,0
1779983954264,-11118,10206,-1311,427,375,129,walking,0.00,0,0,0,0,0
1779983954295,-11051,10282,-1126,435,220,95,walking,0.00,0,0,0,0,0
1779983954296,-10986,10728,-766,451,69,14,walking,0.00,0,0,0,0,0
1779983954296,-11035,10891,-501,467,-54,-114,walking,0.00,0,0,0,0,0
1779983954297,-11242,11129,-326,421,-162,-216,walking,0.00,0,0,0,0,0
1779983954298,-11321,12342,-1365,373,-272,-288,walking,0.00,0,0,0,0,0
1779983954323,-12161,12794,-1367,197,-444,-572,walking,0.00,0,0,0,0,0
1779983954356,-13248,14246,-1156,38,-552,-724,walking,0.00,0,0,0,0,0
1779983954360,-13925,15201,-2279,-33,-577,-793,walking,0.00,0,0,0,0,0
1779983954360,-14315,15176,-3031,-57,-582,-814,walking,0.00,0,0,0,0,0
1779983954361,-13957,11949,-3585,229,-482,-713,walking,0.00,0,0,0,0,0
1779983954361,-13020,10305,-4648,252,-391,-610,walking,0.00,0,0,0,0,0
1779983954385,-12302,9427,-5094,154,-335,-455,walking,0.00,0,0,0,0,0
1779983954386,-11449,9472,-5266,36,-272,-258,walking,0.00,0,0,0,0,0
1779983954386,-10374,9797,-5324,6,-206,-76,walking,0.00,0,0,0,0,0
1779983954413,-9614,9532,-5096,61,-175,13,walking,0.00,0,0,0,0,0
1779983954416,-8920,8417,-4747,122,-169,4,walking,0.00,0,0,0,0,0
1779983954420,-8324,7409,-4529,128,-157,-30,walking,0.00,0,0,0,0,0
1779983954448,-7670,7030,-4403,81,-142,-58,walking,0.00,0,0,0,0,0
1779983954448,-7212,6921,-4085,25,-121,-81,walking,0.00,0,0,0,0,0
1779983954449,-6886,6990,-3856,-32,-104,-81,walking,0.00,0,0,0,0,0
1779983954474,-6624,7259,-3804,-90,-111,-64,walking,0.00,0,0,0,0,0
1779983954475,-6396,7188,-3571,-137,-126,-52,walking,0.00,0,0,0,0,0
1779983954476,-6366,7044,-3115,-168,-139,-42,walking,0.00,0,0,0,0,0
1779983954504,-6416,7060,-2872,-202,-136,-56,walking,0.00,0,0,0,0,0
1779983954505,-6366,7305,-2808,-241,-129,-108,walking,0.00,0,0,0,0,0
1779983954506,-6579,7631,-2892,-281,-138,-187,walking,0.00,0,0,0,0,0
1779983954536,-6704,8149,-3003,-337,-152,-284,walking,0.00,0,0,0,0,0
1779983954537,-6960,8578,-3174,-412,-164,-392,walking,0.00,0,0,0,0,0
1779983954538,-7297,9038,-3051,-493,-186,-483,walking,0.00,0,0,0,0,0
1779983954564,-7605,9509,-3104,-566,-191,-538,walking,0.00,0,0,0,0,0
1779983954564,-7900,10458,-3081,-613,-211,-536,walking,0.00,0,0,0,0,0
1779983954565,-8178,11783,-3203,-610,-219,-527,walking,0.00,0,0,0,0,0
1779983954594,-8446,12901,-3427,-546,-229,-559,walking,0.00,0,0,0,0,0
1779983954623,-8877,13596,-3699,-460,-249,-610,walking,0.00,0,0,0,0,0
1779983954624,-9451,14016,-3816,-378,-265,-645,walking,0.00,0,0,0,0,0
1779983954628,-10232,14206,-4004,-312,-263,-658,walking,0.00,0,0,0,0,0
1779983954628,-10959,14530,-4234,-272,-250,-646,walking,0.00,0,0,0,0,0
1779983954629,-11687,14954,-4547,-260,-231,-642,walking,0.00,0,0,0,0,0
1779983954655,-12290,15331,-4649,-251,-211,-642,walking,0.00,0,0,0,0,0
1779983954655,-12946,15398,-4805,-240,-179,-632,walking,0.00,0,0,0,0,0
1779983954656,-13410,15584,-4910,-252,-139,-595,walking,0.00,0,0,0,0,0
1779983954685,-13918,15819,-5074,-275,-92,-549,walking,0.00,0,0,0,0,0
1779983954686,-14635,15798,-5299,-326,-45,-506,walking,0.00,0,0,0,0,0
1779983954686,-15061,15630,-5609,-413,17,-442,walking,0.00,0,0,0,0,0
1779983954714,-15291,15812,-5872,-509,92,-321,walking,0.00,0,0,0,0,0
1779983954714,-15362,16387,-6244,-560,198,-158,walking,0.00,0,0,0,0,0
1779983954715,-15533,17023,-6414,-488,322,-3,walking,0.00,0,0,0,0,0
1779983954745,-15460,16926,-6530,-264,463,113,walking,0.00,0,0,0,0,0
1779983954747,-14957,15739,-6351,21,572,182,walking,0.00,0,0,0,0,0
1779983954748,-14640,14155,-5630,211,611,204,walking,0.00,0,0,0,0,0
1779983954774,-15026,13025,-4491,210,581,193,walking,0.00,0,0,0,0,0
1779983954777,-16067,13070,-3483,57,502,185,walking,0.00,0,0,0,0,0
1779983954778,-17171,13996,-2729,-100,422,207,walking,0.00,0,0,0,0,0
1779983954807,-17782,14733,-1976,-100,364,289,walking,0.00,0,0,0,0,0
1779983954808,-17731,14295,-1572,108,329,441,walking,0.00,0,0,0,0,0
1779983954812,-17128,13391,-1173,415,291,631,walking,0.00,0,0,0,0,0
1779983954838,-16537,11820,-1760,775,263,843,walking,0.00,0,0,0,0,0
1779983954839,-16458,9659,-2302,1001,255,1039,walking,0.00,0,0,0,0,0
1779983954840,-16941,8536,-2147,1160,212,1212,walking,0.00,0,0,0,0,0
1779983954864,-17411,7705,-2013,1302,190,1290,walking,0.00,0,0,0,0,0
1779983954869,-18198,7108,-2052,1418,197,1257,walking,0.00,0,0,0,0,0
1779983954870,-18746,6032,-2124,1468,239,1113,walking,0.00,0,0,0,0,0
1779983954896,-18723,4804,-2435,1404,286,900,walking,0.00,0,0,0,0,0
1779983954897,-18088,3620,-2703,1195,309,675,walking,0.00,0,0,0,0,0
1779983954898,-16959,3024,-3060,852,310,484,walking,0.00,0,0,0,0,0
1779983954927,-15827,3046,-3348,443,297,327,walking,0.00,0,0,0,0,0
1779983954928,-14687,3598,-3560,47,283,198,walking,0.00,0,0,0,0,0
1779983954929,-13581,4497,-3475,-261,260,100,walking,0.00,0,0,0,0,0
1779983954954,-12672,5720,-3349,-466,250,38,walking,0.00,0,0,0,0,0
1779983954955,-12082,7015,-3006,-569,244,9,walking,0.00,0,0,0,0,0
1779983954956,-11378,7721,-2661,-571,257,9,walking,0.00,0,0,0,0,0
1779983954985,-10342,8293,-2836,-497,282,41,walking,0.00,0,0,0,0,0
1779983954987,-9467,8850,-2774,-397,280,70,walking,0.00,0,0,0,0,0
1779983954987,-8287,8708,-2761,-274,279,77,walking,0.00,0,0,0,0,0
1779983955019,-7425,8403,-2930,-191,265,77,walking,0.00,0,0,0,0,0
1779983955020,-6801,8025,-2700,-165,243,82,walking,0.00,0,0,0,0,0
1779983955021,-6367,7991,-2999,-146,238,90,walking,0.00,0,0,0,0,0
1779983955044,-5892,7944,-3057,-174,223,93,walking,0.00,0,0,0,0,0
1779983955045,-5401,8060,-3171,-199,213,94,walking,0.00,0,0,0,0,0
1779983955045,-5161,8367,-3439,-239,200,77,walking,0.00,0,0,0,0,0
1779983955077,-4907,8503,-3856,-272,169,26,walking,0.00,0,0,0,0,0
1779983955078,-4542,8336,-4498,-333,149,-49,walking,0.00,0,0,0,0,0
1779983955079,-4340,8044,-4769,-438,112,-135,walking,0.00,0,0,0,0,0
1779983955104,-4734,7841,-5304,-557,100,-168,walking,0.00,0,0,0,0,0
1779983955105,-5604,9271,-6319,-642,121,-130,walking,0.00,0,0,0,0,0
1779983955105,-6233,9849,-6976,-613,115,-162,walking,0.00,0,0,0,0,0
1779983955133,-7731,10833,-7864,-467,170,-106,walking,0.00,0,0,0,0,0
1779983955134,-9147,12025,-9012,-261,277,-76,walking,0.00,0,0,0,0,0
1779983955135,-10139,11588,-10194,-56,392,-157,walking,0.00,0,0,0,0,0
1779983955163,-10185,10499,-10823,92,480,-221,walking,0.00,0,0,0,0,0
1779983955164,-10231,9313,-10293,162,489,-226,walking,0.00,0,0,0,0,0
1779983955165,-10440,8649,-9334,155,460,-178,walking,0.00,0,0,0,0,0
1779983955195,-10752,8377,-8591,91,405,-137,walking,0.00,0,0,0,0,0
1779983955197,-11235,8807,-7957,-10,299,-107,walking,0.00,0,0,0,0,0
1779983955197,-12101,9675,-7105,-124,169,-57,walking,0.00,0,0,0,0,0
1779983955232,-12927,11101,-6972,-255,48,-22,walking,0.00,0,0,0,0,0
1779983955233,-14028,12440,-6482,-468,-95,-88,walking,0.00,0,0,0,0,0
1779983955234,-15174,12297,-5695,-678,-181,-182,walking,0.00,0,0,0,0,0
1779983955254,-15859,12935,-5518,-771,-180,-129,walking,0.00,0,0,0,0,0
1779983955254,-15894,14602,-6098,-817,-107,-9,walking,0.00,0,0,0,0,0
1779983955255,-15772,16456,-7443,-848,4,69,walking,0.00,0,0,0,0,0
1779983955285,-15455,17609,-8414,-866,111,85,walking,0.00,0,0,0,0,0
1779983955286,-14789,16947,-8695,-814,265,120,walking,0.00,0,0,0,0,0
1779983955286,-13836,16738,-9278,-733,505,222,walking,0.00,0,0,0,0,0
1779983955314,-12633,16484,-9532,-656,737,318,walking,0.00,0,0,0,0,0
1779983955314,-11376,17150,-9484,-550,896,389,walking,0.00,0,0,0,0,0
1779983955315,-10910,16810,-7958,-466,858,357,walking,0.00,0,0,0,0,0
1779983955343,-12378,14829,-5285,-409,763,297,walking,0.00,0,0,0,0,0
1779983955345,-13864,13696,-4372,-365,765,256,walking,0.00,0,0,0,0,0
1779983955345,-13715,13323,-3817,-406,725,168,walking,0.00,0,0,0,0,0
1779983955374,-12689,12615,-2600,-452,645,101,walking,0.00,0,0,0,0,0
1779983955377,-11523,11389,-1585,-392,572,127,walking,0.00,0,0,0,0,0
1779983955378,-10294,10494,-1121,-244,495,201,walking,0.00,0,0,0,0,0
1779983955406,-9144,10116,-1012,-46,388,241,walking,0.00,0,0,0,0,0
1779983955406,-8744,10330,-1577,131,248,217,walking,0.00,0,0,0,0,0
1779983955407,-9862,10803,-1816,189,92,133,walking,0.00,0,0,0,0,0
1779983955438,-9744,10417,-1530,177,-66,-38,walking,0.00,0,0,0,0,0
1779983955439,-10390,9667,-1076,164,-222,-225,walking,0.00,0,0,0,0,0
1779983955440,-10782,10190,-1387,125,-331,-303,walking,0.00,0,0,0,0,0
1779983955468,-12312,13415,-1785,-79,-610,-504,walking,0.00,0,0,0,0,0
1779983955469,-13134,14529,-1831,-126,-700,-610,walking,0.00,0,0,0,0,0
1779983955470,-14049,15321,-2406,-127,-729,-673,walking,0.00,0,0,0,0,0
1779983955495,-15078,15941,-3338,-118,-713,-683,walking,0.00,0,0,0,0,0
1779983955496,-14929,16769,-3948,-66,-683,-608,walking,0.00,0,0,0,0,0
1779983955497,-14393,16290,-3896,39,-659,-597,walking,0.00,0,0,0,0,0
1779983955526,-13752,13760,-3605,218,-595,-571,walking,0.00,0,0,0,0,0
1779983955527,-13009,12165,-4153,397,-488,-395,walking,0.00,0,0,0,0,0
1779983955529,-12242,11814,-4698,446,-413,-200,walking,0.00,0,0,0,0,0
1779983955556,-11486,10877,-4599,444,-398,-105,walking,0.00,0,0,0,0,0
1779983955556,-10683,9097,-3963,464,-400,-47,walking,0.00,0,0,0,0,0
1779983955557,-9830,7919,-3796,491,-382,53,walking,0.00,0,0,0,0,0
1779983955585,-9073,7645,-4092,487,-377,138,walking,0.00,0,0,0,0,0
1779983955586,-8401,7299,-4017,447,-398,160,walking,0.00,0,0,0,0,0
1779983955586,-7882,7199,-3947,418,-425,117,walking,0.00,0,0,0,0,0
1779983955614,-7476,7129,-3721,407,-451,26,walking,0.00,0,0,0,0,0
1779983955615,-7039,6790,-3450,416,-468,-72,walking,0.00,0,0,0,0,0
1779983955619,-6765,6312,-3198,428,-469,-157,walking,0.00,0,0,0,0,0
1779983955644,-6227,6394,-2961,414,-458,-213,walking,0.00,0,0,0,0,0
1779983955644,-6062,6608,-2885,366,-448,-272,walking,0.00,0,0,0,0,0
1779983955645,-6019,7343,-3007,288,-443,-289,walking,0.00,0,0,0,0,0
1779983955677,-6052,7928,-2595,199,-466,-349,walking,0.00,0,0,0,0,0
1779983955677,-6551,8036,-2399,115,-473,-420,walking,0.00,0,0,0,0,0
1779983955678,-7042,8837,-2397,37,-479,-392,walking,0.00,0,0,0,0,0
1779983955703,-7432,10249,-2459,-26,-477,-336,walking,0.00,0,0,0,0,0
1779983955704,-7708,11474,-2612,-43,-476,-314,walking,0.00,0,0,0,0,0
1779983955705,-8006,12327,-2655,-9,-470,-301,walking,0.00,0,0,0,0,0
1779983955735,-8294,13073,-2809,68,-446,-280,walking,0.00,0,0,0,0,0
1779983955735,-8704,13556,-2981,171,-417,-260,walking,0.00,0,0,0,0,0
1779983955736,-9142,13661,-3170,270,-392,-241,walking,0.00,0,0,0,0,0
1779983955764,-9506,13469,-3341,341,-371,-217,walking,0.00,0,0,0,0,0
1779983955768,-9915,13374,-3611,374,-342,-177,walking,0.00,0,0,0,0,0
1779983955768,-10409,13737,-3889,375,-308,-126,walking,0.00,0,0,0,0,0
1779983955794,-11112,14303,-4017,368,-276,-93,walking,0.00,0,0,0,0,0
1779983955795,-11915,14734,-4247,376,-231,-87,walking,0.00,0,0,0,0,0
1779983955796,-12707,14964,-4417,392,-185,-104,walking,0.00,0,0,0,0,0
1779983955829,-13471,14845,-4502,379,-141,-142,walking,0.00,0,0,0,0,0
1779983955830,-14280,14443,-4584,310,-101,-179,walking,0.00,0,0,0,0,0
1779983955831,-14957,14245,-4788,176,-65,-197,walking,0.00,0,0,0,0,0
1779983955854,-15475,14490,-5006,-17,-31,-198,walking,0.00,0,0,0,0,0
1779983955855,-15738,15023,-5142,-220,-1,-181,walking,0.00,0,0,0,0,0
1779983955856,-15830,15889,-5157,-368,35,-139,walking,0.00,0,0,0,0,0
1779983955885,-15947,16638,-5242,-436,93,-94,walking,0.00,0,0,0,0,0
1779983955896,-16132,16987,-5252,-425,155,-59,walking,0.00,0,0,0,0,0
1779983955896,-16128,16946,-5313,-376,214,-39,walking,0.00,0,0,0,0,0
1779983955913,-16028,16548,-5180,-329,258,-38,walking,0.00,0,0,0,0,0
1779983955914,-16008,16128,-4866,-305,271,-40,walking,0.00,0,0,0,0,0
1779983955914,-16088,15953,-4385,-291,251,-17,walking,0.00,0,0,0,0,0
1779983955945,-15880,15559,-3687,-238,207,50,walking,0.00,0,0,0,0,0
1779983955946,-14961,14351,-3215,-97,164,181,walking,0.00,0,0,0,0,0
1779983955946,-13689,12679,-2900,124,112,364,walking,0.00,0,0,0,0,0
1779983955981,-13154,10946,-2658,361,38,563,walking,0.00,0,0,0,0,0
1779983955982,-13126,9607,-2353,554,-33,781,walking,0.00,0,0,0,0,0
1779983955986,-13243,8790,-1930,725,-79,985,walking,0.00,0,0,0,0,0
1779983956003,-14060,8779,-1807,908,-91,1118,walking,0.00,0,0,0,0,0
1779983956004,-14958,9089,-1867,1126,-101,1127,walking,0.00,0,0,0,0,0
1779983956005,-16152,9258,-2395,1407,-83,1043,walking,0.00,0,0,0,0,0
1779983956033,-17095,8960,-2638,1652,-24,868,walking,0.00,0,0,0,0,0
1779983956034,-17763,6485,-2672,1784,74,637,walking,0.00,0,0,0,0,0
1779983956036,-17301,3791,-3066,1661,180,519,walking,0.00,0,0,0,0,0
1779983956063,-16548,3598,-3365,1261,250,525,walking,0.00,0,0,0,0,0
1779983956064,-15618,4563,-3633,770,282,497,walking,0.00,0,0,0,0,0
1779983956068,-14628,4965,-3492,290,279,420,walking,0.00,0,0,0,0,0
1779983956096,-13603,5577,-3085,-136,270,356,walking,0.00,0,0,0,0,0
1779983956100,-12462,6521,-2820,-453,275,218,walking,0.00,0,0,0,0,0
1779983956101,-12173,7139,-2991,-648,307,96,walking,0.00,0,0,0,0,0
1779983956126,-11403,8161,-3148,-708,332,162,walking,0.00,0,0,0,0,0
1779983956127,-10178,9129,-3275,-657,341,233,walking,0.00,0,0,0,0,0
1779983956127,-9088,9334,-3455,-582,345,201,walking,0.00,0,0,0,0,0
1779983956154,-8367,9043,-3518,-507,327,159,walking,0.00,0,0,0,0,0
1779983956154,-7591,8923,-3626,-450,314,145,walking,0.00,0,0,0,0,0
1779983956155,-6724,8905,-3519,-379,303,142,walking,0.00,0,0,0,0,0
1779983956186,-5895,9069,-3694,-271,289,137,walking,0.00,0,0,0,0,0
1779983956187,-5418,8854,-3916,-180,267,119,walking,0.00,0,0,0,0,0
1779983956188,-5141,8368,-4077,-133,238,89,walking,0.00,0,0,0,0,0
1779983956217,-4754,7990,-4228,-129,199,55,walking,0.00,0,0,0,0,0
1779983956218,-4489,7726,-4344,-176,155,27,walking,0.00,0,0,0,0,0
1779983956219,-4467,7660,-4420,-246,118,-2,walking,0.00,0,0,0,0,0
1779983956244,-4458,8076,-4724,-306,80,-37,walking,0.00,0,0,0,0,0
1779983956245,-4908,8514,-5203,-344,46,-97,walking,0.00,0,0,0,0,0
1779983956245,-5466,9200,-5919,-355,14,-196,walking,0.00,0,0,0,0,0
1779983956275,-6526,9496,-6156,-326,-22,-256,walking,0.00,0,0,0,0,0
1779983956276,-7544,10489,-6806,-204,11,-179,walking,0.00,0,0,0,0,0
1779983956276,-7736,10648,-7538,-46,45,-176,walking,0.00,0,0,0,0,0
1779983956303,-8632,10572,-8207,115,57,-137,walking,0.00,0,0,0,0,0
1779983956304,-9271,10757,-8565,254,65,-35,walking,0.00,0,0,0,0,0
1779983956305,-10058,10377,-8375,309,44,-10,walking,0.00,0,0,0,0,0
1779983956336,-10746,10404,-7933,301,19,11,walking,0.00,0,0,0,0,0
1779983956338,-10979,11043,-7518,302,-23,70,walking,0.00,0,0,0,0,0
1779983956342,-11653,11812,-7379,327,-81,134,walking,0.00,0,0,0,0,0
1779983956367,-12270,12773,-7477,346,-148,195,walking,0.00,0,0,0,0,0
1779983956368,-13177,13140,-7664,303,-232,169,walking,0.00,0,0,0,0,0
1779983956369,-14073,12758,-7494,139,-298,117,walking,0.00,0,0,0,0,0
1779983956394,-14159,13221,-7307,-70,-302,175,walking,0.00,0,0,0,0,0
1779983956396,-14121,14094,-7164,-243,-254,229,walking,0.00,0,0,0,0,0
1779983956396,-13888,15163,-7390,-351,-163,270,walking,0.00,0,0,0,0,0
1779983956428,-12860,16475,-8371,-374,-58,296,walking,0.00,0,0,0,0,0
1779983956429,-12217,16404,-8714,-321,36,273,walking,0.00,0,0,0,0,0
1779983956429,-11752,16328,-9185,-205,180,311,walking,0.00,0,0,0,0,0
1779983956459,-11797,15745,-9660,-133,329,305,walking,0.00,0,0,0,0,0
1779983956460,-11710,14669,-9711,-118,473,249,walking,0.00,0,0,0,0,0
1779983956460,-11526,14696,-9808,-144,596,233,walking,0.00,0,0,0,0,0
1779983956484,-12049,14919,-9155,-197,628,174,walking,0.00,0,0,0,0,0
1779983956485,-13007,14481,-7299,-268,601,82,walking,0.00,0,0,0,0,0
1779983956486,-13781,14645,-5906,-343,575,84,walking,0.00,0,0,0,0,0
1779983956517,-14957,15023,-4595,-441,512,111,walking,0.00,0,0,0,0,0
1779983956517,-15425,15079,-3772,-449,466,109,walking,0.00,0,0,0,0,0
1779983956518,-14806,14852,-3293,-380,422,127,walking,0.00,0,0,0,0,0
1779983956546,-13625,14652,-2683,-199,383,199,walking,0.00,0,0,0,0,0
1779983956547,-12201,13094,-2503,120,356,243,walking,0.00,0,0,0,0,0
1779983956547,-10223,9642,-2526,499,176,301,walking,0.00,0,0,0,0,0
1779983956575,-10140,8812,-1645,494,41,270,walking,0.00,0,0,0,0,0
1779983956577,-9633,9226,-1650,421,-52,183,walking,0.00,0,0,0,0,0
1779983956577,-9533,10234,-1437,296,-179,77,walking,0.00,0,0,0,0,0
1779983956605,-9699,11444,-969,216,-335,-41,walking,0.00,0,0,0,0,0
1779983956608,-10102,12885,-748,181,-504,-200,walking,0.00,0,0,0,0,0
1779983956609,-10749,13834,-855,144,-661,-373,walking,0.00,0,0,0,0,0
1779983956634,-11464,14488,-967,89,-794,-501,walking,0.00,0,0,0,0,0
1779983956635,-11670,15323,-1198,22,-906,-595,walking,0.00,0,0,0,0,0
1779983956636,-12710,15530,-1423,-79,-985,-692,walking,0.00,0,0,0,0,0
1779983956667,-13046,16055,-1571,-123,-1031,-637,walking,0.00,0,0,0,0,0
1779983956668,-12755,15195,-1220,-88,-1074,-580,walking,0.00,0,0,0,0,0
1779983956669,-12120,13983,-1275,-9,-1069,-485,walking,0.00,0,0,0,0,0
1779983956697,-11204,13235,-1794,102,-1024,-318,walking,0.00,0,0,0,0,0
1779983956698,-10213,12814,-2635,231,-977,-149,walking,0.00,0,0,0,0,0
1779983956701,-9675,11679,-2973,354,-949,-46,walking,0.00,0,0,0,0,0
1779983956725,-9073,10245,-3208,456,-905,-5,walking,0.00,0,0,0,0,0
1779983956727,-8378,8942,-3528,509,-860,7,walking,0.00,0,0,0,0,0
1779983956727,-7824,8173,-3730,517,-828,11,walking,0.00,0,0,0,0,0
1779983956758,-7195,7450,-3690,507,-787,-3,walking,0.00,0,0,0,0,0
1779983956758,-6637,6962,-3809,505,-727,-34,walking,0.00,0,0,0,0,0
1779983956759,-6476,6863,-4022,495,-672,-77,walking,0.00,0,0,0,0,0
1779983956784,-6281,6812,-3985,481,-619,-124,walking,0.00,0,0,0,0,0
1779983956785,-5917,6655,-3877,471,-563,-184,walking,0.00,0,0,0,0,0
1779983956786,-5937,6411,-3682,420,-514,-248,walking,0.00,0,0,0,0,0
1779983956820,-6047,6535,-3428,322,-474,-281,walking,0.00,0,0,0,0,0
1779983956821,-6411,6981,-3245,222,-433,-282,walking,0.00,0,0,0,0,0
1779983956821,-6306,7921,-3129,161,-397,-265,walking,0.00,0,0,0,0,0
1779983956846,-6477,8391,-3029,120,-370,-303,walking,0.00,0,0,0,0,0
1779983956850,-6654,9048,-2542,94,-366,-334,walking,0.00,0,0,0,0,0
1779983956851,-6935,9299,-2353,59,-339,-413,walking,0.00,0,0,0,0,0
1779983956875,-7278,9726,-2417,23,-325,-443,walking,0.00,0,0,0,0,0
1779983956876,-7630,10971,-2403,12,-338,-402,walking,0.00,0,0,0,0,0
1779983956877,-8129,11993,-2526,10,-338,-416,walking,0.00,0,0,0,0,0
1779983956909,-8868,12942,-2651,16,-343,-451,walking,0.00,0,0,0,0,0
1779983956910,-9607,13952,-2660,43,-356,-455,walking,0.00,0,0,0,0,0
1779983956910,-10430,14833,-2717,88,-364,-453,walking,0.00,0,0,0,0,0
1779983956935,-11279,15494,-2845,143,-360,-447,walking,0.00,0,0,0,0,0
1779983956937,-12041,16000,-3031,201,-346,-441,walking,0.00,0,0,0,0,0
1779983956937,-12689,16390,-3198,243,-331,-434,walking,0.00,0,0,0,0,0
1779983956967,-13345,16596,-3432,271,-329,-420,walking,0.00,0,0,0,0,0
1779983956968,-14072,16710,-3571,263,-336,-404,walking,0.00,0,0,0,0,0
1779983956969,-14723,16635,-3777,219,-336,-392,walking,0.00,0,0,0,0,0
1779983956994,-15169,16521,-4016,126,-344,-386,walking,0.00,0,0,0,0,0
1779983956995,-15581,16782,-4499,0,-346,-380,walking,0.00,0,0,0,0,0
1779983956995,-15583,16591,-4965,-112,-321,-360,walking,0.00,0,0,0,0,0
1779983957025,-15676,16754,-5348,-212,-292,-298,walking,0.00,0,0,0,0,0
1779983957026,-16051,16718,-5682,-291,-253,-239,walking,0.00,0,0,0,0,0
1779983957026,-16449,16693,-5988,-327,-179,-183,walking,0.00,0,0,0,0,0
1779983957054,-16453,16703,-6680,-310,-64,-135,walking,0.00,0,0,0,0,0
1779983957054,-16130,16599,-7511,-256,58,-116,walking,0.00,0,0,0,0,0
1779983957056,-15632,16407,-7584,-197,151,-118,walking,0.00,0,0,0,0,0
1779983957086,-15550,16053,-6514,-130,188,-120,walking,0.00,0,0,0,0,0
1779983957087,-15787,14921,-4771,-85,190,-90,walking,0.00,0,0,0,0,0
1779983957087,-15702,13830,-2987,-64,192,38,walking,0.00,0,0,0,0,0
1779983957121,-14795,13631,-2085,37,196,237,walking,0.00,0,0,0,0,0
1779983957121,-13854,12839,-1640,273,151,413,walking,0.00,0,0,0,0,0
1779983957122,-13506,10676,-1063,583,83,600,walking,0.00,0,0,0,0,0
1779983957143,-13754,8291,-538,857,30,836,walking,0.00,0,0,0,0,0
1779983957144,-14215,7389,-236,1028,26,1089,walking,0.00,0,0,0,0,0
1779983957145,-14920,7492,-447,1152,55,1209,walking,0.00,0,0,0,0,0
1779983957176,-15463,7250,-431,1265,82,1140,walking,0.00,0,0,0,0,0
1779983957177,-16228,6408,-487,1395,126,988,walking,0.00,0,0,0,0,0
1779983957178,-16747,5272,-635,1423,195,812,walking,0.00,0,0,0,0,0
1779983957203,-16889,3995,-676,1295,257,645,walking,0.00,0,0,0,0,0
1779983957203,-16414,3317,-830,1015,299,500,walking,0.00,0,0,0,0,0
1779983957204,-15632,3521,-1244,635,316,378,walking,0.00,0,0,0,0,0
1779983957233,-14996,3807,-1429,263,307,288,walking,0.00,0,0,0,0,0
1779983957234,-14360,4603,-1931,-70,295,236,walking,0.00,0,0,0,0,0
1779983957234,-13503,5291,-2019,-374,269,187,walking,0.00,0,0,0,0,0
1779983957266,-12544,5964,-2275,-598,261,146,walking,0.00,0,0,0,0,0
1779983957267,-11613,7025,-2318,-714,241,119,walking,0.00,0,0,0,0,0
1779983957267,-10717,8157,-2682,-735,219,102,walking,0.00,0,0,0,0,0
1779983957295,-10266,9015,-2871,-676,176,98,walking,0.00,0,0,0,0,0
1779983957295,-9961,9435,-2988,-536,148,104,walking,0.00,0,0,0,0,0
1779983957296,-8988,9675,-3266,-367,138,125,walking,0.00,0,0,0,0,0
1779983957324,-8043,9583,-3456,-218,113,129,walking,0.00,0,0,0,0,0
1779983957325,-7490,9468,-3574,-111,82,132,walking,0.00,0,0,0,0,0
1779983957326,-7229,9232,-3763,-38,59,121,walking,0.00,0,0,0,0,0
1779983957354,-6955,9129,-3915,-8,45,127,walking,0.00,0,0,0,0,0
1779983957358,-6642,9112,-4030,-7,41,138,walking,0.00,0,0,0,0,0
1779983957359,-6419,8786,-3936,-49,36,122,walking,0.00,0,0,0,0,0
1779983957384,-6288,8750,-3898,-114,46,151,walking,0.00,0,0,0,0,0
1779983957385,-6196,8994,-4028,-184,54,167,walking,0.00,0,0,0,0,0
1779983957386,-5989,9127,-4207,-260,55,141,walking,0.00,0,0,0,0,0
1779983957419,-6740,9080,-4408,-319,41,87,walking,0.00,0,0,0,0,0
1779983957420,-6804,10142,-4842,-335,35,22,walking,0.00,0,0,0,0,0
1779983957420,-7858,9184,-4826,-334,36,-87,walking,0.00,0,0,0,0,0
1779983957445,-8091,10970,-5872,-193,92,117,walking,0.00,0,0,0,0,0
1779983957449,-8404,10810,-6222,-4,97,120,walking,0.00,0,0,0,0,0
1779983957450,-9810,9886,-6540,133,123,55,walking,0.00,0,0,0,0,0
1779983957475,-9958,9532,-7015,231,158,70,walking,0.00,0,0,0,0,0
1779983957475,-10179,9197,-7475,282,161,70,walking,0.00,0,0,0,0,0
1779983957476,-10704,9170,-7797,275,131,51,walking,0.00,0,0,0,0,0
1779983957504,-11304,9242,-7743,215,85,19,walking,0.00,0,0,0,0,0
1779983957508,-11698,9348,-7357,152,37,18,walking,0.00,0,0,0,0,0
1779983957509,-12141,10216,-6605,103,-15,99,walking,0.00,0,0,0,0,0
1779983957534,-12695,11073,-6099,25,-70,127,walking,0.00,0,0,0,0,0
1779983957536,-13495,11970,-5976,-160,-145,71,walking,0.00,0,0,0,0,0
1779983957537,-14305,13045,-5473,-440,-243,53,walking,0.00,0,0,0,0,0
1779983957565,-15228,14268,-4980,-685,-297,83,walking,0.00,0,0,0,0,0
1779983957566,-15019,15720,-4807,-846,-273,122,walking,0.00,0,0,0,0,0
1779983957567,-15398,16753,-4975,-960,-201,131,walking,0.00,0,0,0,0,0
1779983957594,-15011,18605,-6053,-998,-105,207,walking,0.00,0,0,0,0,0
1779983957594,-14537,19092,-6951,-1006,-2,223,walking,0.00,0,0,0,0,0
1779983957595,-14384,19564,-7751,-956,162,305,walking,0.00,0,0,0,0,0
1779983957626,-14278,20321,-8765,-835,392,381,walking,0.00,0,0,0,0,0
1779983957627,-13743,20491,-9218,-643,597,397,walking,0.00,0,0,0,0,0
1779983957632,-12870,20092,-8433,-410,687,376,walking,0.00,0,0,0,0,0
1779983957654,-13560,17981,-6086,-117,718,379,walking,0.00,0,0,0,0,0
1779983957658,-13067,12090,-4063,190,763,322,walking,0.00,0,0,0,0,0
1779983957659,-11594,9040,-2610,56,669,353,walking,0.00,0,0,0,0,0
1779983957685,-10148,7732,-1407,-108,601,518,walking,0.00,0,0,0,0,0
1779983957686,-9793,7892,-660,-166,527,695,walking,0.00,0,0,0,0,0
1779983957694,-9785,9134,-662,-137,439,738,walking,0.00,0,0,0,0,0
1779983957716,-9658,10236,-889,-68,302,591,walking,0.00,0,0,0,0,0
1779983957716,-9700,10785,-523,36,111,378,walking,0.00,0,0,0,0,0
1779983957717,-10347,10162,226,193,-64,164,walking,0.00,0,0,0,0,0
1779983957744,-11196,9659,561,309,-166,3,walking,0.00,0,0,0,0,0
1779983957744,-11461,10077,295,372,-250,-77,walking,0.00,0,0,0,0,0
1779983957745,-11586,10954,-271,379,-365,-140,walking,0.00,0,0,0,0,0
1779983957776,-11728,12219,-831,305,-510,-257,walking,0.00,0,0,0,0,0
1779983957777,-13426,12434,-360,89,-649,-521,walking,0.00,0,0,0,0,0
1779983957777,-14012,15118,-864,-7,-687,-530,walking,0.00,0,0,0,0,0
1779983957804,-14190,17144,-1807,32,-695,-518,walking,0.00,0,0,0,0,0
1779983957810,-14643,17126,-2682,129,-674,-565,walking,0.00,0,0,0,0,0
1779983957811,-14162,15454,-2693,316,-648,-549,walking,0.00,0,0,0,0,0
1779983957837,-13204,13782,-2953,504,-572,-448,walking,0.00,0,0,0,0,0
1779983957837,-12436,12457,-3853,568,-488,-359,walking,0.00,0,0,0,0,0
1779983957839,-11814,11360,-4416,513,-457,-302,walking,0.00,0,0,0,0,0
1779983957866,-11207,10403,-4153,420,-456,-250,walking,0.00,0,0,0,0,0
1779983957867,-10595,9998,-3949,365,-447,-187,walking,0.00,0,0,0,0,0
1779983957868,-10370,9498,-3596,344,-434,-133,walking,0.00,0,0,0,0,0
1779983957894,-9147,9168,-3438,342,-406,-66,walking,0.00,0,0,0,0,0
1779983957894,-8329,8445,-3153,359,-410,-71,walking,0.00,0,0,0,0,0
1779983957895,-7809,7865,-2954,383,-416,-78,walking,0.00,0,0,0,0,0
1779983957924,-7379,7193,-2691,393,-424,-84,walking,0.00,0,0,0,0,0
1779983957924,-7030,6948,-2778,381,-420,-98,walking,0.00,0,0,0,0,0
1779983957925,-6852,6805,-2827,355,-429,-148,walking,0.00,0,0,0,0,0
1779983957957,-6874,6828,-2905,322,-450,-221,walking,0.00,0,0,0,0,0
1779983957957,-6984,6693,-2803,278,-471,-300,walking,0.00,0,0,0,0,0
1779983957958,-6813,6999,-2722,233,-484,-361,walking,0.00,0,0,0,0,0
1779983957984,-6776,7223,-2772,197,-482,-420,walking,0.00,0,0,0,0,0
1779983957984,-6986,7727,-2726,151,-485,-470,walking,0.00,0,0,0,0,0
1779983957985,-7146,8116,-2798,99,-472,-543,walking,0.00,0,0,0,0,0
1779983958015,-7451,8713,-2833,43,-473,-593,walking,0.00,0,0,0,0,0
1779983958017,-7829,9514,-2721,-5,-473,-612,walking,0.00,0,0,0,0,0
1779983958017,-8246,10478,-2679,-23,-453,-625,walking,0.00,0,0,0,0,0
1779983958043,-8618,11395,-2735,-16,-423,-617,walking,0.00,0,0,0,0,0
1779983958077,-9025,12240,-2887,18,-389,-581,walking,0.00,0,0,0,0,0
1779983958077,-9393,13086,-3017,71,-364,-540,walking,0.00,0,0,0,0,0
1779983958078,-9861,13755,-3033,136,-342,-519,walking,0.00,0,0,0,0,0
1779983958078,-10465,14028,-3098,198,-314,-511,walking,0.00,0,0,0,0,0
1779983958079,-11036,14189,-3133,239,-276,-501,walking,0.00,0,0,0,0,0
1779983958107,-11637,14526,-3296,251,-230,-489,walking,0.00,0,0,0,0,0
1779983958107,-12452,15044,-3485,239,-189,-474,walking,0.00,0,0,0,0,0
1779983958108,-13340,15833,-3539,210,-149,-462,walking,0.00,0,0,0,0,0
1779983958135,-14339,16488,-3592,182,-107,-466,walking,0.00,0,0,0,0,0
1779983958136,-15380,16802,-3553,135,-65,-464,walking,0.00,0,0,0,0,0
1779983958136,-16209,17100,-3520,56,-18,-425,walking,0.00,0,0,0,0,0
1779983958165,-16841,17328,-3624,-43,42,-365,walking,0.00,0,0,0,0,0
1779983958166,-17150,17317,-3720,-165,117,-293,walking,0.00,0,0,0,0,0
1779983958166,-17012,17328,-3759,-285,198,-192,walking,0.00,0,0,0,0,0
1779983958198,-16635,17290,-3887,-344,301,-72,walking,0.00,0,0,0,0,0
1779983958199,-15995,16757,-4332,-312,425,32,walking,0.00,0,0,0,0,0
1779983958199,-15279,15424,-4735,-229,533,100,walking,0.00,0,0,0,0,0
1779983958224,-14547,13874,-4962,-176,620,146,walking,0.00,0,0,0,0,0
1779983958226,-14001,12782,-5132,-216,686,170,walking,0.00,0,0,0,0,0
1779983958226,-13793,12368,-5135,-335,730,177,walking,0.00,0,0,0,0,0
1779983958261,-13940,12383,-4832,-455,743,195,walking,0.00,0,0,0,0,0
1779983958262,-13917,12218,-4240,-519,731,242,walking,0.00,0,0,0,0,0
1779983958262,-13225,12040,-3543,-494,698,338,walking,0.00,0,0,0,0,0
1779983958284,-12190,11720,-3079,-344,641,466,walking,0.00,0,0,0,0,0
1779983958284,-11706,11008,-2810,-97,560,588,walking,0.00,0,0,0,0,0
1779983958285,-11885,10071,-2607,177,475,702,walking,0.00,0,0,0,0,0
1779983958315,-12366,9120,-2610,440,396,811,walking,0.00,0,0,0,0,0
1779983958317,-13163,8644,-2841,680,328,873,walking,0.00,0,0,0,0,0
1779983958318,-13821,8231,-3246,908,278,831,walking,0.00,0,0,0,0,0
1779983958344,-15165,7384,-3510,1108,238,723,walking,0.00,0,0,0,0,0
1779983958348,-16415,6009,-3505,1205,233,599,walking,0.00,0,0,0,0,0
1779983958349,-16911,4481,-3343,1165,267,469,walking,0.00,0,0,0,0,0
1779983958375,-17092,3262,-3384,989,309,351,walking,0.00,0,0,0,0,0
1779983958376,-16874,2796,-3520,656,334,255,walking,0.00,0,0,0,0,0
1779983958377,-16376,3366,-3544,234,335,161,walking,0.00,0,0,0,0,0
1779983958409,-15523,3987,-3540,-173,319,63,walking,0.00,0,0,0,0,0
1779983958409,-14696,4813,-3444,-514,294,-18,walking,0.00,0,0,0,0,0
1779983958410,-13692,5872,-3450,-748,276,-78,walking,0.00,0,0,0,0,0
1779983958435,-12885,7253,-3522,-893,271,-127,walking,0.00,0,0,0,0,0
1779983958435,-12433,8736,-3343,-924,250,-150,walking,0.00,0,0,0,0,0
1779983958436,-12010,9727,-3245,-834,248,-169,walking,0.00,0,0,0,0,0
1779983958467,-11057,10000,-3354,-674,267,-183,walking,0.00,0,0,0,0,0
1779983958468,-9881,9964,-3386,-510,270,-184,walking,0.00,0,0,0,0,0
1779983958469,-8954,9656,-3180,-380,251,-188,walking,0.00,0,0,0,0,0
1779983958495,-8106,9363,-3095,-289,238,-170,walking,0.00,0,0,0,0,0
1779983958498,-7413,9443,-3276,-247,231,-119,walking,0.00,0,0,0,0,0
1779983958499,-6825,9551,-3330,-250,207,-59,walking,0.00,0,0,0,0,0
1779983958525,-6379,9456,-3130,-273,180,17,walking,0.00,0,0,0,0,0
1779983958526,-5708,9756,-3017,-279,158,99,walking,0.00,0,0,0,0,0
1779983958527,-5853,9731,-3340,-264,149,133,walking,0.00,0,0,0,0,0
1779983958556,-4837,9778,-3742,-269,116,101,walking,0.00,0,0,0,0,0
1779983958556,-4859,9079,-4201,-258,72,51,walking,0.00,0,0,0,0,0
1779983958557,-5783,10331,-4894,-168,45,128,walking,0.00,0,0,0,0,0
1779983958584,-6787,10750,-6044,-1,49,108,walking,0.00,0,0,0,0,0
1779983958584,-7676,10098,-6875,191,60,23,walking,0.00,0,0,0,0,0
1779983958585,-8138,9098,-7657,359,101,-63,walking,0.00,0,0,0,0,0
1779983958616,-8532,7596,-8537,431,141,-149,walking,0.00,0,0,0,0,0
1779983958617,-8795,6534,-9278,385,163,-195,walking,0.00,0,0,0,0,0
1779983958618,-9220,6208,-9438,249,154,-191,walking,0.00,0,0,0,0,0
1779983958644,-9891,6495,-9151,61,112,-160,walking,0.00,0,0,0,0,0
1779983958644,-10646,7479,-8581,-118,55,-105,walking,0.00,0,0,0,0,0
1779983958645,-11137,9246,-7985,-219,3,-37,walking,0.00,0,0,0,0,0
1779983958674,-11615,10694,-7254,-231,-53,-11,walking,0.00,0,0,0,0,0
1779983958675,-11839,11715,-6516,-166,-106,4,walking,0.00,0,0,0,0,0
1779983958675,-12392,12756,-6191,-55,-163,40,walking,0.00,0,0,0,0,0
1779983958706,-13350,13719,-5988,-6,-238,56,walking,0.00,0,0,0,0,0
1779983958706,-14042,14261,-5458,-65,-304,39,walking,0.00,0,0,0,0,0
1779983958707,-14703,14401,-5037,-169,-336,9,walking,0.00,0,0,0,0,0
1779983958735,-15220,14598,-4908,-249,-312,18,walking,0.00,0,0,0,0,0
1779983958739,-15283,15196,-5211,-267,-233,95,walking,0.00,0,0,0,0,0
1779983958740,-15086,15601,-6134,-257,-126,181,walking,0.00,0,0,0,0,0
1779983958764,-14941,15509,-7200,-286,-2,249,walking,0.00,0,0,0,0,0
1779983958765,-14462,15154,-9025,-438,293,328,walking,0.00,0,0,0,0,0
1779983958766,-13906,15360,-9625,-517,469,342,walking,0.00,0,0,0,0,0
1779983958800,-13114,15563,-9928,-573,640,325,walking,0.00,0,0,0,0,0
1779983958801,-12443,15673,-9919,-568,759,304,walking,0.00,0,0,0,0,0
1779983958801,-13001,15717,-9088,-543,732,249,walking,0.00,0,0,0,0,0
1779983958827,-14492,14251,-7182,-533,682,153,walking,0.00,0,0,0,0,0
1779983958828,-16010,12591,-5913,-540,711,115,walking,0.00,0,0,0,0,0
1779983958832,-14006,11855,-5250,-597,723,143,walking,0.00,0,0,0,0,0
1779983958856,-13950,11444,-4334,-601,664,214,walking,0.00,0,0,0,0,0
1779983958857,-13432,11136,-3427,-552,598,285,walking,0.00,0,0,0,0,0
1779983958858,-12059,10875,-3135,-420,546,299,walking,0.00,0,0,0,0,0
1779983958885,-11117,9991,-2881,-251,457,247,walking,0.00,0,0,0,0,0
1779983958886,-10511,9015,-2376,-126,339,180,walking,0.00,0,0,0,0,0
1779983958890,-10629,8768,-1603,-9,213,134,walking,0.00,0,0,0,0,0
1779983958915,-10483,9173,-1274,109,116,71,walking,0.00,0,0,0,0,0
1779983958916,-10161,9673,-1100,174,17,-29,walking,0.00,0,0,0,0,0
1779983958916,-10275,10281,-971,226,-104,-130,walking,0.00,0,0,0,0,0
1779983958944,-10252,10556,-979,267,-244,-245,walking,0.00,0,0,0,0,0
1779983958944,-10859,9730,-723,180,-384,-455,walking,0.00,0,0,0,0,0
1779983958945,-11158,10553,-1188,20,-478,-528,walking,0.00,0,0,0,0,0
1779983958974,-11433,12024,-1268,-132,-588,-542,walking,0.00,0,0,0,0,0
1779983958975,-11922,13183,-1462,-174,-659,-569,walking,0.00,0,0,0,0,0
1779983958976,-12383,14346,-2456,-142,-676,-583,walking,0.00,0,0,0,0,0
1779983959006,-13012,14290,-2640,-116,-689,-629,walking,0.00,0,0,0,0,0
1779983959006,-12790,13389,-2761,-17,-675,-659,walking,0.00,0,0,0,0,0
1779983959007,-12230,11868,-2519,67,-652,-641,walking,0.00,0,0,0,0,0
1779983959039,-11790,10878,-3076,117,-584,-546,walking,0.00,0,0,0,0,0
1779983959040,-11145,11027,-3937,100,-511,-406,walking,0.00,0,0,0,0,0
1779983959041,-10405,11527,-4448,64,-464,-303,walking,0.00,0,0,0,0,0
1779983959067,-9770,11109,-4262,71,-436,-275,walking,0.00,0,0,0,0,0
1779983959067,-9058,10244,-3764,117,-396,-252,walking,0.00,0,0,0,0,0
1779983959068,-8198,9878,-3574,159,-345,-186,walking,0.00,0,0,0,0,0
1779983959097,-7612,9863,-3726,204,-312,-119,walking,0.00,0,0,0,0,0
1779983959124,-7098,9788,-3680,263,-315,-106,walking,0.00,0,0,0,0,0
1779983959133,-6944,9304,-3572,332,-343,-143,walking,0.00,0,0,0,0,0
1779983959134,-7000,8454,-3455,386,-366,-177,walking,0.00,0,0,0,0,0
1779983959156,-7021,7691,-3286,407,-366,-184,walking,0.00,0,0,0,0,0
1779983959156,-7016,7585,-3321,391,-352,-174,walking,0.00,0,0,0,0,0
1779983959157,-7001,7925,-3498,350,-343,-183,walking,0.00,0,0,0,0,0
1779983959158,-7200,8033,-3409,302,-338,-222,walking,0.00,0,0,0,0,0
1779983959158,-7363,8326,-3299,273,-331,-257,walking,0.00,0,0,0,0,0
1779983959184,-7634,8320,-3476,251,-316,-304,walking,0.00,0,0,0,0,0
1779983959185,-8142,8672,-3388,198,-333,-355,walking,0.00,0,0,0,0,0
1779983959186,-8549,8783,-3231,130,-341,-443,walking,0.00,0,0,0,0,0
1779983959213,-8817,9010,-3173,72,-344,-505,walking,0.00,0,0,0,0,0
1779983959214,-9205,9566,-2982,48,-349,-497,walking,0.00,0,0,0,0,0
1779983959215,-9606,10559,-2858,69,-347,-462,walking,0.00,0,0,0,0,0
1779983959252,-10020,11315,-2919,139,-345,-438,walking,0.00,0,0,0,0,0
1779983959253,-10475,11954,-2928,229,-360,-412,walking,0.00,0,0,0,0,0
1779983959254,-11088,12236,-2794,329,-369,-384,walking,0.00,0,0,0,0,0
1779983959274,-11775,12517,-2788,412,-369,-351,walking,0.00,0,0,0,0,0
1779983959275,-12420,12998,-3002,459,-368,-334,walking,0.00,0,0,0,0,0
1779983959276,-13186,13594,-3200,470,-366,-337,walking,0.00,0,0,0,0,0
1779983959306,-14141,14206,-3338,464,-364,-341,walking,0.00,0,0,0,0,0
1779983959307,-15100,14739,-3465,456,-358,-333,walking,0.00,0,0,0,0,0
1779983959308,-15906,15126,-3472,443,-354,-311,walking,0.00,0,0,0,0,0
1779983959335,-16668,15143,-3562,409,-335,-293,walking,0.00,0,0,0,0,0
1779983959338,-17156,15100,-3721,322,-312,-264,walking,0.00,0,0,0,0,0
1779983959339,-17392,15324,-3834,183,-299,-206,walking,0.00,0,0,0,0,0
1779983959365,-17539,15833,-3998,42,-277,-123,walking,0.00,0,0,0,0,0
1779983959367,-17519,16323,-4339,-52,-241,-45,walking,0.00,0,0,0,0,0
1779983959368,-17316,16294,-4535,-87,-198,17,walking,0.00,0,0,0,0,0
1779983959399,-16962,16113,-4733,-78,-150,69,walking,0.00,0,0,0,0,0
1779983959400,-16853,15736,-4894,-39,-115,105,walking,0.00,0,0,0,0,0
1779983959400,-17040,15405,-4880,-9,-85,133,walking,0.00,0,0,0,0,0
1779983959424,-17268,15289,-4670,7,-52,178,walking,0.00,0,0,0,0,0
1779983959425,-17078,15162,-4298,72,-16,287,walking,0.00,0,0,0,0,0
1779983959426,-16443,14967,-3919,241,17,486,walking,0.00,0,0,0,0,0
1779983959458,-15781,14063,-3467,503,44,716,walking,0.00,0,0,0,0,0
1779983959458,-14802,12936,-3016,779,97,946,walking,0.00,0,0,0,0,0
1779983959459,-13397,11819,-2569,1077,107,1162,walking,0.00,0,0,0,0,0
1779983959484,-13798,10355,-1951,1386,93,1368,walking,0.00,0,0,0,0,0
1779983959485,-14543,9131,-1716,1673,136,1563,walking,0.00,0,0,0,0,0
1779983959485,-15293,8048,-1879,1886,216,1617,walking,0.00,0,0,0,0,0
1779983959514,-15891,6757,-2426,1954,305,1526,walking,0.00,0,0,0,0,0
1779983959515,-16236,5653,-2942,1874,379,1389,walking,0.00,0,0,0,0,0
1779983959515,-16083,4453,-3168,1613,454,1188,walking,0.00,0,0,0,0,0
1779983959551,-15370,4272,-3161,1220,527,1051,walking,0.00,0,0,0,0,0
1779983959552,-14416,5920,-3181,868,573,1030,walking,0.00,0,0,0,0,0
1779983959553,-14005,7279,-2554,658,583,960,walking,0.00,0,0,0,0,0
1779983959575,-13793,7622,-2280,583,637,865,walking,0.00,0,0,0,0,0
1779983959580,-13154,7914,-2557,564,695,838,walking,0.00,0,0,0,0,0
1779983959581,-12490,7486,-2779,535,694,770,walking,0.00,0,0,0,0,0
1779983959604,-11400,6391,-2699,435,664,633,walking,0.00,0,0,0,0,0
1779983959605,-9881,4925,-2477,293,666,623,walking,0.00,0,0,0,0,0
1779983959606,-9503,4424,-2588,137,632,600,walking,0.00,0,0,0,0,0
1779983959638,-9001,4190,-2935,-56,583,488,walking,0.00,0,0,0,0,0
1779983959639,-8419,4428,-3360,-272,530,402,walking,0.00,0,0,0,0,0
1779983959639,-7649,5185,-3429,-450,472,333,walking,0.00,0,0,0,0,0
1779983959664,-7046,5908,-3925,-542,432,231,walking,0.00,0,0,0,0,0
1779983959696,-6793,6897,-4318,-574,369,134,walking,0.00,0,0,0,0,0
1779983959697,-6796,7080,-3979,-520,284,36,walking,0.00,0,0,0,0,0
1779983959697,-6379,6543,-4357,-431,221,-49,walking,0.00,0,0,0,0,0
1779983959698,-5998,5866,-4663,-415,143,-108,walking,0.00,0,0,0,0,0
1779983959698,-5915,5390,-4943,-475,57,-176,walking,0.00,0,0,0,0,0
1779983959724,-5763,5103,-5427,-620,-18,-263,walking,0.00,0,0,0,0,0
1779983959725,-6025,5169,-5870,-804,-92,-369,walking,0.00,0,0,0,0,0
1779983959726,-6311,5572,-6183,-980,-155,-459,walking,0.00,0,0,0,0,0
1779983959755,-6596,6189,-6418,-1103,-205,-529,walking,0.00,0,0,0,0,0
1779983959763,-7120,6305,-6938,-1224,-238,-644,walking,0.00,0,0,0,0,0
1779983959764,-7710,6967,-7565,-1388,-258,-723,walking,0.00,0,0,0,0,0
1779983959784,-8522,7938,-8033,-1553,-270,-773,walking,0.00,0,0,0,0,0
1779983959791,-9056,8725,-7948,-1648,-266,-792,walking,0.00,0,0,0,0,0
1779983959792,-9127,10167,-8064,-1673,-189,-742,walking,0.00,0,0,0,0,0
1779983959814,-9839,12275,-7835,-1589,-102,-671,walking,0.00,0,0,0,0,0
1779983959816,-10505,14127,-7903,-1329,-9,-619,walking,0.00,0,0,0,0,0
1779983959817,-10771,15263,-7791,-1033,59,-565,walking,0.00,0,0,0,0,0
1779983959845,-11157,15363,-6905,-769,76,-599,walking,0.00,0,0,0,0,0
1779983959846,-11526,14668,-6440,-582,77,-682,walking,0.00,0,0,0,0,0
1779983959847,-12464,15439,-6005,-480,31,-499,walking,0.00,0,0,0,0,0
1779983959874,-13799,17402,-5158,-384,-32,-100,walking,0.00,0,0,0,0,0
1779983959875,-14572,17365,-5141,-361,25,-88,walking,0.00,0,0,0,0,0
1779983959876,-15659,16963,-5638,-393,70,-89,walking,0.00,0,0,0,0,0
1779983959905,-16260,17462,-6158,-583,134,-10,walking,0.00,0,0,0,0,0
1779983959906,-16132,17251,-6680,-704,189,40,walking,0.00,0,0,0,0,0
1779983959906,-15890,17032,-7558,-724,303,104,walking,0.00,0,0,0,0,0
1779983959938,-15304,17011,-9043,-621,489,228,walking,0.00,0,0,0,0,0
1779983959939,-14379,17150,-9993,-488,673,340,walking,0.00,0,0,0,0,0
1779983959939,-12696,16386,-9587,-340,840,355,walking,0.00,0,0,0,0,0
1779983959963,-11339,15552,-8837,-200,933,355,walking,0.00,0,0,0,0,0
1779983959964,-11776,14135,-7171,-103,823,321,walking,0.00,0,0,0,0,0
1779983959965,-14242,12499,-4991,-110,714,245,walking,0.00,0,0,0,0,0
1779983959996,-15387,12060,-3969,-183,650,143,walking,0.00,0,0,0,0,0
1779983959996,-14706,11545,-2620,-316,556,88,walking,0.00,0,0,0,0,0
1779983959997,-13973,12098,-1425,-331,479,112,walking,0.00,0,0,0,0,0
1779983960024,-12975,11956,-802,-197,402,116,walking,0.00,0,0,0,0,0
1779983960025,-12526,12039,-720,18,357,171,walking,0.00,0,0,0,0,0
1779983960026,-11386,12048,-228,270,301,158,walking,0.00,0,0,0,0,0
1779983960057,-10971,11271,115,512,236,41,walking,0.00,0,0,0,0,0
1779983960058,-10960,10364,124,686,169,-59,walking,0.00,0,0,0,0,0
1779983960059,-11242,9426,412,719,75,-144,walking,0.00,0,0,0,0,0
1779983960083,-11435,8694,911,640,-36,-228,walking,0.00,0,0,0,0,0
1779983960088,-11514,8915,1059,473,-139,-294,walking,0.00,0,0,0,0,0
1779983960088,-11862,10260,918,244,-247,-354,walking,0.00,0,0,0,0,0
1779983960118,-12548,12181,743,22,-354,-440,walking,0.00,0,0,0,0,0
1779983960124,-13123,13864,377,-119,-449,-571,walking,0.00,0,0,0,0,0
1779983960125,-13648,14752,124,-204,-539,-706,walking,0.00,0,0,0,0,0
1779983960146,-14174,15664,-392,-226,-595,-768,walking,0.00,0,0,0,0,0
1779983960147,-14819,15522,-971,-186,-631,-808,walking,0.00,0,0,0,0,0
1779983960147,-14676,14978,-1498,-119,-620,-737,walking,0.00,0,0,0,0,0
1779983960174,-13846,13595,-1889,-59,-598,-621,walking,0.00,0,0,0,0,0
1779983960175,-12968,12670,-2388,-57,-577,-491,walking,0.00,0,0,0,0,0
1779983960176,-12395,12606,-2987,-61,-546,-364,walking,0.00,0,0,0,0,0
1779983960204,-11732,12690,-3798,-1,-506,-263,walking,0.00,0,0,0,0,0
1779983960205,-10920,12157,-4448,124,-478,-168,walking,0.00,0,0,0,0,0
1779983960206,-10136,11008,-4305,280,-475,-73,walking,0.00,0,0,0,0,0
1779983960234,-9484,9832,-3897,444,-466,9,walking,0.00,0,0,0,0,0
1779983960234,-8753,8776,-3704,572,-440,47,walking,0.00,0,0,0,0,0
1779983960235,-8107,7874,-3757,627,-427,57,walking,0.00,0,0,0,0,0
1779983960267,-7995,7344,-3784,626,-434,45,walking,0.00,0,0,0,0,0
1779983960268,-7447,7153,-3855,614,-426,21,walking,0.00,0,0,0,0,0
1779983960271,-6895,6797,-3677,620,-434,-26,walking,0.00,0,0,0,0,0
1779983960296,-6559,6317,-3388,632,-440,-78,walking,0.00,0,0,0,0,0
1779983960298,-6227,5869,-3197,627,-440,-126,walking,0.00,0,0,0,0,0
1779983960298,-5948,5704,-3223,595,-440,-173,walking,0.00,0,0,0,0,0
1779983960324,-5560,5764,-3140,546,-444,-218,walking,0.00,0,0,0,0,0
1779983960324,-5555,6029,-3130,473,-451,-280,walking,0.00,0,0,0,0,0
1779983960325,-5782,6540,-3142,371,-457,-334,walking,0.00,0,0,0,0,0
1779983960356,-5998,7443,-3176,257,-452,-382,walking,0.00,0,0,0,0,0
1779983960357,-6716,8571,-2964,164,-455,-407,walking,0.00,0,0,0,0,0
1779983960358,-7634,10344,-2567,129,-450,-402,walking,0.00,0,0,0,0,0
1779983960384,-8230,11702,-2748,157,-405,-411,walking,0.00,0,0,0,0,0
1779983960387,-8877,12968,-2867,249,-389,-371,walking,0.00,0,0,0,0,0
1779983960388,-9373,14069,-2831,395,-371,-315,walking,0.00,0,0,0,0,0
1779983960414,-9669,14563,-2810,559,-355,-290,walking,0.00,0,0,0,0,0
1779983960415,-10257,14641,-2805,693,-349,-284,walking,0.00,0,0,0,0,0
1779983960415,-11000,14512,-2983,765,-333,-283,walking,0.00,0,0,0,0,0
1779983960449,-11921,14545,-3204,780,-318,-247,walking,0.00,0,0,0,0,0
1779983960450,-13008,14915,-3408,745,-291,-200,walking,0.00,0,0,0,0,0
1779983960450,-14150,15332,-3687,688,-244,-181,walking,0.00,0,0,0,0,0
1779983960479,-15268,15435,-3964,610,-190,-191,walking,0.00,0,0,0,0,0
1779983960480,-16023,15284,-4072,493,-138,-220,walking,0.00,0,0,0,0,0
1779983960481,-16477,14683,-4319,320,-74,-247,walking,0.00,0,0,0,0,0
1779983960506,-16625,14138,-4681,81,-6,-232,walking,0.00,0,0,0,0,0
1779983960507,-16479,14224,-5270,-188,71,-168,walking,0.00,0,0,0,0,0
1779983960508,-16533,14563,-6085,-442,176,-93,walking,0.00,0,0,0,0,0
1779983960537,-16570,14826,-6902,-630,318,-30,walking,0.00,0,0,0,0,0
1779983960537,-16271,15074,-7676,-708,474,12,walking,0.00,0,0,0,0,0
1779983960538,-15690,14762,-8619,-682,657,24,walking,0.00,0,0,0,0,0
1779983960563,-14410,14302,-8524,-586,815,8,walking,0.00,0,0,0,0,0
1779983960564,-13027,13528,-7098,-537,890,-45,walking,0.00,0,0,0,0,0
1779983960565,-13067,13325,-5202,-610,861,-25,walking,0.00,0,0,0,0,0
1779983960596,-13582,14616,-3792,-672,755,102,walking,0.00,0,0,0,0,0
1779983960598,-13864,14808,-2972,-611,637,203,walking,0.00,0,0,0,0,0
1779983960599,-13853,13936,-2618,-436,552,321,walking,0.00,0,0,0,0,0
1779983960624,-13534,13135,-2247,-159,452,518,walking,0.00,0,0,0,0,0
1779983960625,-13844,12153,-1621,172,316,748,walking,0.00,0,0,0,0,0
1779983960628,-14166,11385,-1301,520,217,951,walking,0.00,0,0,0,0,0
1779983960655,-14429,10430,-1509,883,173,1060,walking,0.00,0,0,0,0,0
1779983960656,-15409,9348,-1849,1210,153,1103,walking,0.00,0,0,0,0,0
1779983960656,-15862,8514,-1898,1460,122,1094,walking,0.00,0,0,0,0,0
1779983960691,-17319,7102,-1411,1593,116,980,walking,0.00,0,0,0,0,0
1779983960692,-17677,6105,-1576,1632,179,890,walking,0.00,0,0,0,0,0
1779983960693,-17230,5039,-1770,1542,231,762,walking,0.00,0,0,0,0,0
1779983960715,-16827,3882,-2339,1325,253,635,walking,0.00,0,0,0,0,0
1779983960716,-16300,3502,-2809,957,248,569,walking,0.00,0,0,0,0,0
1779983960716,-15568,3502,-3026,528,237,524,walking,0.00,0,0,0,0,0
1779983960745,-14477,3702,-3444,81,230,474,walking,0.00,0,0,0,0,0
1779983960746,-13007,4137,-3813,-368,218,396,walking,0.00,0,0,0,0,0
1779983960747,-12163,4879,-3902,-745,190,246,walking,0.00,0,0,0,0,0
1779983960782,-12099,6066,-3556,-1033,172,116,walking,0.00,0,0,0,0,0
1779983960782,-11204,7592,-3475,-1162,201,82,walking,0.00,0,0,0,0,0
1779983960783,-10194,8843,-3801,-1123,230,107,walking,0.00,0,0,0,0,0
1779983960804,-9053,10157,-3976,-945,246,172,walking,0.00,0,0,0,0,0
1779983960806,-8097,10486,-4007,-687,258,178,walking,0.00,0,0,0,0,0
1779983960806,-7532,9635,-3680,-445,253,150,walking,0.00,0,0,0,0,0
1779983960837,-6962,8686,-3475,-275,248,156,walking,0.00,0,0,0,0,0
1779983960838,-6286,8268,-3646,-205,245,163,walking,0.00,0,0,0,0,0
1779983960839,-5762,8234,-3849,-193,220,151,walking,0.00,0,0,0,0,0
1779983960864,-5391,8120,-3915,-213,173,121,walking,0.00,0,0,0,0,0
1779983960865,-5070,7777,-4000,-284,131,84,walking,0.00,0,0,0,0,0
1779983960866,-5203,7787,-4197,-419,85,55,walking,0.00,0,0,0,0,0
1779983960895,-5425,8273,-4188,-563,34,27,walking,0.00,0,0,0,0,0
1779983960896,-5836,9199,-4434,-622,0,-3,walking,0.00,0,0,0,0,0
1779983960897,-5975,10187,-5056,-587,-34,-37,walking,0.00,0,0,0,0,0
1779983960928,-6945,10988,-5754,-468,-59,-39,walking,0.00,0,0,0,0,0
1779983960928,-6602,10440,-6272,-314,-81,-142,walking,0.00,0,0,0,0,0
1779983960929,-7482,9641,-6797,-181,-73,-150,walking,0.00,0,0,0,0,0
1779983960954,-7867,10740,-7724,31,-42,63,walking,0.00,0,0,0,0,0
1779983960955,-7945,10416,-8140,209,-41,79,walking,0.00,0,0,0,0,0
1779983960956,-8915,9519,-8313,362,-94,25,walking,0.00,0,0,0,0,0
1779983960985,-9780,9737,-7961,349,-143,11,walking,0.00,0,0,0,0,0
1779983960985,-10168,10415,-7421,325,-196,11,walking,0.00,0,0,0,0,0
1779983960986,-10972,11049,-6827,305,-268,-2,walking,0.00,0,0,0,0,0
1779983961014,-11947,12045,-6498,287,-333,44,walking,0.00,0,0,0,0,0
1779983961015,-12613,13539,-6768,262,-409,100,walking,0.00,0,0,0,0,0
1779983961016,-13356,14143,-6009,124,-522,51,walking,0.00,0,0,0,0,0
1779983961048,-14046,13821,-5101,5,-582,68,walking,0.00,0,0,0,0,0
1779983961049,-14671,14566,-5370,-44,-564,193,walking,0.00,0,0,0,0,0
1779983961050,-14560,15694,-5972,-137,-519,303,walking,0.00,0,0,0,0,0
1779983961074,-14645,16162,-6524,-238,-459,363,walking,0.00,0,0,0,0,0
1779983961075,-15178,16415,-7573,-331,-354,391,walking,0.00,0,0,0,0,0
1779983961076,-15500,16663,-8381,-454,-212,421,walking,0.00,0,0,0,0,0
1779983961114,-15351,16696,-8756,-563,-28,430,walking,0.00,0,0,0,0,0
1779983961115,-15128,17071,-8937,-638,178,413,walking,0.00,0,0,0,0,0
1779983961115,-14478,17905,-8709,-663,354,401,walking,0.00,0,0,0,0,0
1779983961135,-14209,17682,-7126,-607,464,329,walking,0.00,0,0,0,0,0
1779983961136,-13885,16487,-5336,-476,563,278,walking,0.00,0,0,0,0,0
1779983961137,-14592,15829,-4495,-325,592,298,walking,0.00,0,0,0,0,0
1779983961164,-14638,15639,-4095,-147,564,276,walking,0.00,0,0,0,0,0
1779983961164,-13638,14757,-3883,-29,510,224,walking,0.00,0,0,0,0,0
1779983961165,-12476,12334,-2326,76,426,155,walking,0.00,0,0,0,0,0
1779983961194,-10648,9945,-1756,319,417,216,walking,0.00,0,0,0,0,0
1779983961224,-9804,9075,-2387,547,430,360,walking,0.00,0,0,0,0,0
1779983961225,-9545,8572,-3276,568,386,385,walking,0.00,0,0,0,0,0
1779983961229,-9935,8279,-2943,417,243,307,walking,0.00,0,0,0,0,0
1779983961229,-10524,8619,-2090,281,101,189,walking,0.00,0,0,0,0,0
1779983961230,-11187,9554,-1523,214,5,68,walking,0.00,0,0,0,0,0
1779983961256,-11336,10756,-1422,202,-63,-8,walking,0.00,0,0,0,0,0
1779983961256,-11271,11768,-1425,227,-149,-82,walking,0.00,0,0,0,0,0
1779983961257,-11508,12686,-1076,267,-257,-177,walking,0.00,0,0,0,0,0
1779983961286,-12021,13903,-1365,308,-344,-265,walking,0.00,0,0,0,0,0
1779983961287,-12674,14562,-1739,268,-444,-390,walking,0.00,0,0,0,0,0
1779983961288,-13351,14652,-1584,159,-543,-481,walking,0.00,0,0,0,0,0
1779983961314,-13593,15155,-2302,95,-577,-512,walking,0.00,0,0,0,0,0
1779983961314,-13527,15108,-2088,63,-592,-513,walking,0.00,0,0,0,0,0
1779983961315,-12707,14200,-2076,206,-561,-462,walking,0.00,0,0,0,0,0
1779983961344,-11860,12888,-2795,337,-524,-404,walking,0.00,0,0,0,0,0
1779983961346,-11469,11212,-2924,272,-528,-353,walking,0.00,0,0,0,0,0
1779983961346,-10859,10198,-2876,153,-507,-271,walking,0.00,0,0,0,0,0
1779983961374,-10062,10267,-3293,103,-459,-170,walking,0.00,0,0,0,0,0
1779983961377,-9344,10595,-3771,97,-429,-107,walking,0.00,0,0,0,0,0
1779983961378,-8716,10047,-3664,93,-438,-113,walking,0.00,0,0,0,0,0
1779983961409,-8312,8917,-3071,103,-439,-115,walking,0.00,0,0,0,0,0
1779983961409,-7635,8663,-3160,151,-395,-65,walking,0.00,0,0,0,0,0
1779983961413,-7147,8894,-3550,203,-360,-25,walking,0.00,0,0,0,0,0
1779983961439,-6668,8718,-3497,269,-360,-17,walking,0.00,0,0,0,0,0
1779983961440,-6409,8004,-3215,339,-368,-53,walking,0.00,0,0,0,0,0
1779983961440,-6202,7513,-2983,377,-351,-45,walking,0.00,0,0,0,0,0
1779983961464,-5748,7302,-3045,346,-334,-73,walking,0.00,0,0,0,0,0
1779983961464,-5964,7131,-3340,238,-341,-171,walking,0.00,0,0,0,0,0
1779983961465,-6238,7638,-3352,120,-372,-207,walking,0.00,0,0,0,0,0
1779983961494,-6749,7986,-3082,36,-389,-230,walking,0.00,0,0,0,0,0
1779983961495,-7109,8285,-2822,6,-369,-243,walking,0.00,0,0,0,0,0
1779983961496,-7194,8981,-3173,7,-320,-232,walking,0.00,0,0,0,0,0
1779983961523,-7322,9791,-3380,1,-302,-238,walking,0.00,0,0,0,0,0
1779983961524,-7588,10054,-3145,-6,-297,-275,walking,0.00,0,0,0,0,0
1779983961525,-7880,10345,-3112,-4,-269,-282,walking,0.00,0,0,0,0,0
1779983961554,-8319,11152,-3428,-13,-253,-259,walking,0.00,0,0,0,0,0
1779983961555,-8744,11950,-3565,-24,-259,-252,walking,0.00,0,0,0,0,0
1779983961561,-9066,12492,-3568,-10,-255,-249,walking,0.00,0,0,0,0,0
1779983961586,-9400,13103,-3877,20,-230,-221,walking,0.00,0,0,0,0,0
1779983961587,-9617,13867,-4170,56,-214,-193,walking,0.00,0,0,0,0,0
1779983961588,-10017,14430,-4377,92,-214,-190,walking,0.00,0,0,0,0,0
1779983961614,-10824,14847,-4717,109,-207,-208,walking,0.00,0,0,0,0,0
1779983961615,-11587,15624,-4968,133,-203,-204,walking,0.00,0,0,0,0,0
1779983961619,-12514,16218,-5139,174,-194,-212,walking,0.00,0,0,0,0,0
1779983961645,-13373,16488,-5336,225,-172,-238,walking,0.00,0,0,0,0,0
1779983961645,-14194,16470,-5661,260,-142,-267,walking,0.00,0,0,0,0,0
1779983961646,-15069,16027,-5910,248,-107,-285,walking,0.00,0,0,0,0,0
1779983961677,-15796,15312,-6310,166,-53,-290,walking,0.00,0,0,0,0,0
1779983961678,-16036,14755,-6882,4,8,-278,walking,0.00,0,0,0,0,0
1779983961679,-16063,14628,-7414,-213,81,-251,walking,0.00,0,0,0,0,0
1779983961704,-16322,15034,-7727,-427,163,-237,walking,0.00,0,0,0,0,0
1779983961704,-16729,15453,-7802,-569,263,-253,walking,0.00,0,0,0,0,0
1779983961705,-16661,15853,-7781,-605,378,-268,walking,0.00,0,0,0,0,0
1779983961736,-16032,16149,-7575,-558,469,-275,walking,0.00,0,0,0,0,0
1779983961738,-15359,16003,-6828,-484,514,-293,walking,0.00,0,0,0,0,0
1779983961738,-14832,15462,-5398,-430,498,-311,walking,0.00,0,0,0,0,0
1779983961765,-14565,15177,-4062,-392,467,-237,walking,0.00,0,0,0,0,0
1779983961766,-14081,14709,-3132,-297,432,-96,walking,0.00,0,0,0,0,0
1779983961773,-13067,13610,-2353,-136,399,54,walking,0.00,0,0,0,0,0
1779983961794,-12128,12058,-1804,68,351,236,walking,0.00,0,0,0,0,0
1779983961795,-11496,11147,-998,273,302,462,walking,0.00,0,0,0,0,0
1779983961796,-10990,10456,-874,481,283,630,walking,0.00,0,0,0,0,0
1779983961824,-11283,9914,-1113,658,253,710,walking,0.00,0,0,0,0,0
1779983961828,-12132,10024,-1077,825,199,731,walking,0.00,0,0,0,0,0
1779983961829,-13235,10074,-1288,1022,177,668,walking,0.00,0,0,0,0,0
1779983961854,-14321,9394,-1731,1214,186,561,walking,0.00,0,0,0,0,0
1779983961854,-15431,8224,-2038,1301,194,458,walking,0.00,0,0,0,0,0
1779983961855,-15774,7184,-2232,1225,204,357,walking,0.00,0,0,0,0,0
1779983961885,-16311,6250,-2257,1019,213,210,walking,0.00,0,0,0,0,0
1779983961886,-16056,5354,-2496,747,237,114,walking,0.00,0,0,0,0,0
1779983961886,-15864,5327,-2908,409,246,92,walking,0.00,0,0,0,0,0
1779983961914,-15547,5179,-3144,41,250,71,walking,0.00,0,0,0,0,0
1779983961918,-14269,5335,-3650,-338,277,62,walking,0.00,0,0,0,0,0
1779983961919,-13403,5489,-3796,-682,278,47,walking,0.00,0,0,0,0,0
1779983961945,-12721,5944,-3636,-919,280,79,walking,0.00,0,0,0,0,0
1779983961945,-11907,6805,-3447,-1053,301,126,walking,0.00,0,0,0,0,0
1779983961946,-10539,7918,-3714,-1066,347,162,walking,0.00,0,0,0,0,0
1779983961976,-9169,8714,-4042,-988,372,151,walking,0.00,0,0,0,0,0
1779983961977,-8186,9074,-3937,-842,375,141,walking,0.00,0,0,0,0,0
1779983961977,-7299,9137,-3713,-636,376,143,walking,0.00,0,0,0,0,0
1779983962005,-6577,8978,-3516,-421,379,141,walking,0.00,0,0,0,0,0
1779983962038,-6011,8577,-3489,-239,369,124,walking,0.00,0,0,0,0,0
1779983962039,-5523,8329,-3470,-120,339,101,walking,0.00,0,0,0,0,0
1779983962039,-5346,8307,-3662,-63,305,82,walking,0.00,0,0,0,0,0
1779983962040,-4941,7833,-3684,-88,243,-36,walking,0.00,0,0,0,0,0
1779983962041,-5123,6754,-3707,-192,191,-142,walking,0.00,0,0,0,0,0
1779983962067,-5096,7629,-3984,-296,159,-29,walking,0.00,0,0,0,0,0
1779983962067,-6385,9876,-4752,-502,68,-37,walking,0.00,0,0,0,0,0
1779983962068,-7433,10923,-5204,-502,38,-107,walking,0.00,0,0,0,0,0
1779983962092,-8198,11743,-6092,-357,50,-117,walking,0.00,0,0,0,0,0
1779983962092,-8735,12034,-7402,-122,90,-104,walking,0.00,0,0,0,0,0
1779983962093,-9540,11498,-8573,131,136,-101,walking,0.00,0,0,0,0,0
1779983962126,-10157,10444,-9378,339,183,-89,walking,0.00,0,0,0,0,0
1779983962126,-10544,9491,-9617,456,213,-63,walking,0.00,0,0,0,0,0
1779983962127,-10910,8697,-9358,460,223,-74,walking,0.00,0,0,0,0,0
1779983962153,-11204,8896,-8840,405,213,-25,walking,0.00,0,0,0,0,0
1779983962154,-10870,9486,-8341,372,175,53,walking,0.00,0,0,0,0,0
1779983962154,-11253,9730,-7669,331,102,86,walking,0.00,0,0,0,0,0
1779983962182,-11551,10601,-7161,299,31,140,walking,0.00,0,0,0,0,0
1779983962182,-11693,11641,-6751,274,-58,164,walking,0.00,0,0,0,0,0
1779983962183,-12420,12288,-6280,233,-160,128,walking,0.00,0,0,0,0,0
1779983962211,-12800,12735,-5958,160,-237,117,walking,0.00,0,0,0,0,0
1779983962212,-13312,13160,-5749,38,-287,110,walking,0.00,0,0,0,0,0
1779983962213,-13672,13991,-5930,-61,-301,141,walking,0.00,0,0,0,0,0
1779983962242,-13737,14749,-6748,-131,-272,210,walking,0.00,0,0,0,0,0
1779983962242,-13398,14951,-7746,-216,-215,272,walking,0.00,0,0,0,0,0
1779983962242,-13621,14581,-8512,-333,-116,281,walking,0.00,0,0,0,0,0
1779983962274,-13813,15020,-9623,-441,48,310,walking,0.00,0,0,0,0,0
1779983962275,-13647,15949,-10674,-504,247,335,walking,0.00,0,0,0,0,0
1779983962275,-13430,16430,-11005,-514,440,287,walking,0.00,0,0,0,0,0
1779983962302,-13685,16868,-10784,-450,615,196,walking,0.00,0,0,0,0,0
1779983962302,-14671,16965,-9781,-357,718,64,walking,0.00,0,0,0,0,0
1779983962303,-15227,15497,-7955,-324,758,-74,walking,0.00,0,0,0,0,0
1779983962332,-15896,14385,-6284,-407,760,-73,walking,0.00,0,0,0,0,0
1779983962333,-16619,15029,-5121,-428,719,10,walking,0.00,0,0,0,0,0
1779983962333,-15696,14558,-3967,-379,643,8,walking,0.00,0,0,0,0,0
1779983962361,-14599,13378,-3134,-295,572,81,walking,0.00,0,0,0,0,0
1779983962362,-13156,12658,-2251,-77,519,283,walking,0.00,0,0,0,0,0
1779983962362,-12078,12001,-2221,240,488,403,walking,0.00,0,0,0,0,0
1779983962394,-11495,10842,-2475,469,445,397,walking,0.00,0,0,0,0,0
1779983962394,-11023,9379,-2194,515,362,346,walking,0.00,0,0,0,0,0
1779983962394,-10230,8133,-1640,406,262,259,walking,0.00,0,0,0,0,0
1779983962422,-9832,8573,-2241,228,158,196,walking,0.00,0,0,0,0,0
1779983962422,-9849,9313,-1363,30,16,149,walking,0.00,0,0,0,0,0
1779983962424,-9603,11152,-1312,45,-64,122,walking,0.00,0,0,0,0,0
1779983962452,-9486,13173,-2398,146,-153,46,walking,0.00,0,0,0,0,0
1779983962452,-10105,13338,-2264,132,-306,-141,walking,0.00,0,0,0,0,0
1779983962452,-10420,12434,-1742,101,-406,-296,walking,0.00,0,0,0,0,0
1779983962483,-10443,12672,-2413,83,-423,-315,walking,0.00,0,0,0,0,0
1779983962483,-10695,13887,-3056,22,-459,-278,walking,0.00,0,0,0,0,0
1779983962483,-10934,14480,-2872,1,-514,-287,walking,0.00,0,0,0,0,0
1779983962513,-11051,13717,-2662,81,-535,-342,walking,0.00,0,0,0,0,0
1779983962514,-11039,12238,-2859,148,-524,-362,walking,0.00,0,0,0,0,0
1779983962514,-10838,10738,-3077,90,-505,-314,walking,0.00,0,0,0,0,0
1779983962542,-10303,10477,-3520,-35,-475,-202,walking,0.00,0,0,0,0,0
1779983962542,-9763,10788,-3881,-110,-449,-108,walking,0.00,0,0,0,0,0
1779983962542,-9577,10398,-3865,-91,-413,-77,walking,0.00,0,0,0,0,0
1779983962574,-8887,9859,-3998,-10,-356,-41,walking,0.00,0,0,0,0,0
1779983962575,-8356,9260,-4058,77,-313,-20,walking,0.00,0,0,0,0,0
1779983962575,-8014,8742,-4126,143,-276,-10,walking,0.00,0,0,0,0,0
1779983962602,-7554,8235,-4371,180,-240,-11,walking,0.00,0,0,0,0,0
1779983962602,-7436,7912,-4544,196,-200,-19,walking,0.00,0,0,0,0,0
1779983962602,-7482,7536,-4724,189,-152,-42,walking,0.00,0,0,0,0,0
1779983962632,-7601,7288,-4791,137,-105,-60,walking,0.00,0,0,0,0,0
1779983962632,-7855,7265,-4989,54,-58,-51,walking,0.00,0,0,0,0,0
1779983962633,-8190,7647,-5299,-37,-2,-25,walking,0.00,0,0,0,0,0
1779983962662,-8666,8167,-5697,-145,80,-6,walking,0.00,0,0,0,0,0
1779983962662,-8761,9387,-5471,-228,143,-12,walking,0.00,0,0,0,0,0
1779983962663,-8698,9788,-5676,-256,229,-61,walking,0.00,0,0,0,0,0
1779983962693,-8675,10319,-5957,-252,324,-48,walking,0.00,0,0,0,0,0
1779983962693,-8712,11442,-5641,-219,410,15,walking,0.00,0,0,0,0,0
1779983962694,-8726,12313,-5427,-150,479,68,walking,0.00,0,0,0,0,0
1779983962722,-8516,12664,-5780,-56,545,95,walking,0.00,0,0,0,0,0
1779983962722,-8543,12697,-6024,-23,590,85,walking,0.00,0,0,0,0,0
1779983962723,-8973,12722,-6450,-37,615,94,walking,0.00,0,0,0,0,0
1779983962752,-9405,13192,-6959,-92,657,131,walking,0.00,0,0,0,0,0
1779983962752,-9403,14109,-6976,-117,682,161,walking,0.00,0,0,0,0,0
1779983962753,-9201,14960,-7056,-84,697,145,walking,0.00,0,0,0,0,0
1779983962782,-9029,15453,-7447,-55,697,79,walking,0.00,0,0,0,0,0
1779983962783,-9395,15800,-7542,-51,671,50,walking,0.00,0,0,0,0,0
1779983962783,-9603,16356,-7673,-20,650,111,walking,0.00,0,0,0,0,0
1779983962812,-9635,16912,-7952,23,639,166,walking,0.00,0,0,0,0,0
1779983962812,-10109,17907,-7864,74,631,183,walking,0.00,0,0,0,0,0
1779983962813,-10732,18340,-7596,159,631,191,walking,0.00,0,0,0,0,0
1779983962843,-10965,17824,-7489,270,630,203,walking,0.00,0,0,0,0,0
1779983962843,-10687,16840,-7501,331,616,223,walking,0.00,0,0,0,0,0
1779983962844,-10302,16182,-7729,304,618,267,walking,0.00,0,0,0,0,0
1779983962872,-9995,15707,-7319,225,621,291,walking,0.00,0,0,0,0,0
1779983962873,-9704,15500,-7009,169,627,307,walking,0.00,0,0,0,0,0
1779983962873,-9380,15712,-6981,156,632,329,walking,0.00,0,0,0,0,0
1779983962903,-9341,15691,-6561,153,621,303,walking,0.00,0,0,0,0,0
1779983962904,-9327,15318,-6125,150,594,243,walking,0.00,0,0,0,0,0
1779983962904,-9218,15224,-5674,144,549,207,walking,0.00,0,0,0,0,0
1779983962932,-9103,15289,-5147,122,489,160,walking,0.00,0,0,0,0,0
1779983962932,-9116,15064,-4395,109,396,121,walking,0.00,0,0,0,0,0
1779983962932,-9146,14303,-3444,136,284,139,walking,0.00,0,0,0,0,0
1779983962961,-9369,12767,-2650,151,163,166,walking,0.00,0,0,0,0,0
1779983962962,-9361,11261,-2115,124,34,223,walking,0.00,0,0,0,0,0
1779983962962,-8993,10094,-1519,94,-101,314,walking,0.00,0,0,0,0,0
1779983962992,-8591,9367,-1503,63,-230,386,walking,0.00,0,0,0,0,0
1779983962992,-8374,8907,-1731,7,-368,396,walking,0.00,0,0,0,0,0
1779983962993,-8540,8719,-2108,-68,-490,334,walking,0.00,0,0,0,0,0
1779983963024,-9178,8734,-2609,-148,-574,239,walking,0.00,0,0,0,0,0
1779983963024,-10270,8937,-3153,-239,-610,147,walking,0.00,0,0,0,0,0
1779983963024,-10880,9807,-3857,-353,-610,95,walking,0.00,0,0,0,0,0
1779983963051,-11314,10995,-4405,-437,-604,84,walking,0.00,0,0,0,0,0
1779983963052,-11566,12178,-4746,-413,-598,101,walking,0.00,0,0,0,0,0
1779983963052,-11745,12731,-4929,-259,-593,102,walking,0.00,0,0,0,0,0
1779983963081,-11523,12585,-4717,10,-594,109,walking,0.00,0,0,0,0,0
1779983963083,-11123,11391,-4753,316,-574,106,walking,0.00,0,0,0,0,0
1779983963083,-11222,9601,-4930,502,-543,59,walking,0.00,0,0,0,0,0
1779983963118,-11490,8216,-5493,509,-488,1,walking,0.00,0,0,0,0,0
1779983963119,-10854,6750,-5713,341,-470,-75,walking,0.00,0,0,0,0,0
1779983963119,-9781,6047,-5992,134,-445,-59,walking,0.00,0,0,0,0,0
1779983963144,-9333,5440,-6803,-104,-413,43,walking,0.00,0,0,0,0,0
1779983963145,-9420,5562,-6890,-377,-439,64,walking,0.00,0,0,0,0,0
1779983963145,-9203,6102,-6746,-620,-442,-6,walking,0.00,0,0,0,0,0
1779983963174,-8300,7004,-6898,-709,-408,-21,walking,0.00,0,0,0,0,0
1779983963174,-7707,6152,-6618,-688,-390,-153,walking,0.00,0,0,0,0,0
1779983963175,-8175,6282,-6516,-749,-355,-231,walking,0.00,0,0,0,0,0
1779983963203,-9035,7320,-6638,-866,-318,-320,walking,0.00,0,0,0,0,0
1779983963205,-9580,8755,-6392,-893,-272,-376,walking,0.00,0,0,0,0,0
1779983963205,-9715,9583,-6133,-797,-231,-390,walking,0.00,0,0,0,0,0
1779983963233,-9984,10160,-5808,-638,-190,-369,walking,0.00,0,0,0,0,0
1779983963233,-9849,10262,-5885,-483,-133,-315,walking,0.00,0,0,0,0,0
1779983963235,-9746,10460,-5809,-392,-102,-291,walking,0.00,0,0,0,0,0
1779983963265,-9206,10337,-5788,-352,-81,-297,walking,0.00,0,0,0,0,0
1779983963265,-8786,10714,-5935,-318,-60,-246,walking,0.00,0,0,0,0,0
1779983963266,-8816,11407,-6329,-272,-37,-198,walking,0.00,0,0,0,0,0
1779983963295,-9046,11620,-6578,-232,-18,-212,walking,0.00,0,0,0,0,0
1779983963295,-9165,11590,-6482,-226,8,-234,walking,0.00,0,0,0,0,0
1779983963295,-9228,11887,-6641,-210,55,-228,walking,0.00,0,0,0,0,0
1779983963324,-9407,12082,-6664,-167,91,-196,walking,0.00,0,0,0,0,0
1779983963326,-9845,12669,-6989,-86,120,-116,walking,0.00,0,0,0,0,0
1779983963326,-9938,13873,-7917,-74,123,-88,walking,0.00,0,0,0,0,0
1779983963353,-10880,13835,-6598,-153,38,-151,walking,0.00,0,0,0,0,0
1779983963353,-11175,13999,-5788,-89,8,-109,walking,0.00,0,0,0,0,0
1779983963354,-11203,14463,-5756,-45,-10,-6,walking,0.00,0,0,0,0,0
1779983963384,-11736,15151,-5520,-81,-49,86,walking,0.00,0,0,0,0,0
1779983963412,-12523,16244,-5642,-109,-63,170,walking,0.00,0,0,0,0,0
1779983963413,-13643,16630,-6076,-121,-65,205,walking,0.00,0,0,0,0,0
1779983963416,-14226,16707,-6768,-152,-26,229,walking,0.00,0,0,0,0,0
1779983963417,-14317,16381,-7716,-201,49,273,walking,0.00,0,0,0,0,0
1779983963417,-13915,15978,-8328,-286,139,331,walking,0.00,0,0,0,0,0
1779983963442,-13572,15701,-8941,-391,264,342,walking,0.00,0,0,0,0,0
1779983963443,-13606,16356,-9431,-521,399,329,walking,0.00,0,0,0,0,0
1779983963443,-13886,17467,-8713,-627,476,275,walking,0.00,0,0,0,0,0
1779983963473,-14939,18558,-7478,-601,503,168,walking,0.00,0,0,0,0,0
1779983963474,-15574,18086,-6359,-502,539,27,walking,0.00,0,0,0,0,0
1779983963474,-15636,17265,-5513,-417,574,-3,walking,0.00,0,0,0,0,0
1779983963503,-15120,16415,-4233,-297,541,19,walking,0.00,0,0,0,0,0
1779983963504,-14165,15187,-3001,-146,505,57,walking,0.00,0,0,0,0,0
1779983963504,-12804,13946,-2206,94,495,122,walking,0.00,0,0,0,0,0
1779983963534,-11310,12752,-1642,374,488,191,walking,0.00,0,0,0,0,0
1779983963534,-9907,11982,-1672,625,462,240,walking,0.00,0,0,0,0,0
1779983963534,-9286,10817,-1379,781,364,249,walking,0.00,0,0,0,0,0
1779983963565,-9216,9950,-605,848,239,280,walking,0.00,0,0,0,0,0
1779983963565,-9163,9419,-479,849,124,265,walking,0.00,0,0,0,0,0
1779983963566,-8900,9410,-405,753,8,164,walking,0.00,0,0,0,0,0
1779983963594,-8760,9882,-300,610,-101,2,walking,0.00,0,0,0,0,0
1779983963595,-8993,10491,-632,486,-189,-167,walking,0.00,0,0,0,0,0
1779983963595,-9422,11236,-1123,343,-276,-317,walking,0.00,0,0,0,0,0
1779983963625,-9881,12124,-1510,177,-359,-438,walking,0.00,0,0,0,0,0
1779983963625,-10654,13142,-1711,19,-437,-535,walking,0.00,0,0,0,0,0
1779983963625,-11261,14078,-1907,-101,-487,-625,walking,0.00,0,0,0,0,0
1779983963655,-11877,14534,-2003,-169,-488,-673,walking,0.00,0,0,0,0,0
1779983963657,-12187,14689,-2243,-142,-459,-627,walking,0.00,0,0,0,0,0
1779983963658,-11966,14172,-2491,-68,-434,-546,walking,0.00,0,0,0,0,0
1779983963686,-11458,13127,-2851,-34,-422,-478,walking,0.00,0,0,0,0,0
1779983963687,-11043,11776,-3084,-76,-418,-402,walking,0.00,0,0,0,0,0
1779983963687,-10562,11269,-3671,-160,-407,-317,walking,0.00,0,0,0,0,0
1779983963712,-9999,11010,-4003,-273,-401,-266,walking,0.00,0,0,0,0,0
1779983963714,-9262,10712,-3830,-331,-391,-227,walking,0.00,0,0,0,0,0
1779983963715,-8436,10193,-3600,-283,-351,-179,walking,0.00,0,0,0,0,0
1779983963743,-7837,9653,-3682,-172,-298,-123,walking,0.00,0,0,0,0,0
1779983963744,-7393,9404,-3807,-69,-265,-85,walking,0.00,0,0,0,0,0
1779983963744,-6889,9026,-3632,22,-252,-85,walking,0.00,0,0,0,0,0
1779983963773,-6277,8406,-3503,110,-239,-99,walking,0.00,0,0,0,0,0
1779983963774,-5868,7816,-3731,173,-220,-93,walking,0.00,0,0,0,0,0
1779983963774,-5605,7438,-3979,187,-211,-98,walking,0.00,0,0,0,0,0
1779983963805,-5395,7131,-4043,163,-215,-113,walking,0.00,0,0,0,0,0
1779983963807,-5248,7018,-3941,110,-223,-109,walking,0.00,0,0,0,0,0
1779983963807,-5055,7443,-3764,53,-234,-79,walking,0.00,0,0,0,0,0
1779983963833,-4902,8062,-3822,13,-242,-81,walking,0.00,0,0,0,0,0
1779983963834,-4831,8811,-3706,-1,-268,-94,walking,0.00,0,0,0,0,0
1779983963834,-4941,9360,-3784,6,-282,-140,walking,0.00,0,0,0,0,0
1779983963865,-5134,9972,-3837,27,-305,-162,walking,0.00,0,0,0,0,0
1779983963865,-5490,10920,-3875,64,-332,-145,walking,0.00,0,0,0,0,0
1779983963865,-5963,11893,-4040,119,-349,-133,walking,0.00,0,0,0,0,0
1779983963894,-6707,12872,-4264,183,-372,-134,walking,0.00,0,0,0,0,0
1779983963894,-7570,13718,-4350,251,-391,-144,walking,0.00,0,0,0,0,0
1779983963895,-8277,14319,-4565,316,-390,-155,walking,0.00,0,0,0,0,0
1779983963923,-8954,14913,-4710,369,-388,-133,walking,0.00,0,0,0,0,0
1779983963923,-9629,15471,-4853,415,-380,-87,walking,0.00,0,0,0,0,0
1779983963924,-10752,16113,-5015,446,-364,-45,walking,0.00,0,0,0,0,0
1779983963956,-11806,16737,-5151,476,-337,-22,walking,0.00,0,0,0,0,0
1779983963957,-12755,17045,-5186,501,-305,-39,walking,0.00,0,0,0,0,0
1779983963957,-13611,17164,-5281,519,-271,-67,walking,0.00,0,0,0,0,0
1779983963985,-14322,17163,-5361,527,-237,-87,walking,0.00,0,0,0,0,0
1779983963986,-15055,16743,-5502,505,-197,-112,walking,0.00,0,0,0,0,0
1779983963986,-15810,16138,-5697,421,-151,-139,walking,0.00,0,0,0,0,0
1779983964016,-16385,15552,-5998,248,-93,-166,walking,0.00,0,0,0,0,0
1779983964016,-16435,15310,-6239,16,-38,-193,walking,0.00,0,0,0,0,0
1779983964016,-16533,15407,-6290,-210,11,-214,walking,0.00,0,0,0,0,0
1779983964044,-16379,15549,-6322,-388,83,-232,walking,0.00,0,0,0,0,0
1779983964044,-16062,15702,-6198,-496,159,-243,walking,0.00,0,0,0,0,0
1779983964045,-15592,15835,-6019,-534,230,-236,walking,0.00,0,0,0,0,0
1779983964073,-15098,15693,-5955,-543,289,-233,walking,0.00,0,0,0,0,0
1779983964074,-14335,15602,-5550,-539,317,-229,walking,0.00,0,0,0,0,0
1779983964074,-13441,15412,-4624,-471,309,-196,walking,0.00,0,0,0,0,0
1779983964109,-12697,13949,-3037,-307,297,-99,walking,0.00,0,0,0,0,0
1779983964110,-11719,13637,-2971,-109,318,96,walking,0.00,0,0,0,0,0
1779983964110,-11324,13015,-2650,58,261,230,walking,0.00,0,0,0,0,0
1779983964134,-11220,12110,-1974,238,178,315,walking,0.00,0,0,0,0,0
1779983964135,-11336,10552,-901,445,133,395,walking,0.00,0,0,0,0,0
1779983964135,-11820,9820,-1030,643,145,507,walking,0.00,0,0,0,0,0
1779983964164,-12426,10023,-1339,795,152,600,walking,0.00,0,0,0,0,0
1779983964165,-13160,9858,-1643,950,145,599,walking,0.00,0,0,0,0,0
1779983964165,-14040,9172,-1896,1030,132,484,walking,0.00,0,0,0,0,0
1779983964193,-14393,8979,-2129,981,128,339,walking,0.00,0,0,0,0,0
1779983964194,-14199,7432,-1745,860,134,126,walking,0.00,0,0,0,0,0
1779983964194,-13846,6313,-2432,674,190,35,walking,0.00,0,0,0,0,0
1779983964225,-13687,6994,-2837,387,195,80,walking,0.00,0,0,0,0,0
1779983964254,-13307,8408,-3178,139,181,108,walking,0.00,0,0,0,0,0
1779983964254,-13086,9119,-2943,-6,166,88,walking,0.00,0,0,0,0,0
1779983964254,-12851,9064,-3114,-55,187,57,walking,0.00,0,0,0,0,0
1779983964255,-12368,8828,-3202,-118,211,50,walking,0.00,0,0,0,0,0
1779983964257,-11665,8635,-3340,-183,240,64,walking,0.00,0,0,0,0,0
1779983964285,-9664,8852,-3407,-233,260,125,walking,0.00,0,0,0,0,0
1779983964286,-8876,8740,-3535,-198,255,119,walking,0.00,0,0,0,0,0
1779983964286,-8106,8482,-3662,-145,243,109,walking,0.00,0,0,0,0,0
1779983964315,-7373,8160,-3678,-116,227,95,walking,0.00,0,0,0,0,0
1779983964315,-6742,7902,-3632,-111,200,76,walking,0.00,0,0,0,0,0
1779983964315,-6391,7993,-3736,-118,170,75,walking,0.00,0,0,0,0,0
1779983964343,-6157,8181,-3687,-133,133,71,walking,0.00,0,0,0,0,0
1779983964344,-5975,8357,-3753,-130,93,52,walking,0.00,0,0,0,0,0
1779983964345,-5910,8518,-3928,-144,49,34,walking,0.00,0,0,0,0,0
1779983964373,-6188,8650,-4032,-174,1,20,walking,0.00,0,0,0,0,0
1779983964374,-6171,9261,-4142,-195,-43,25,walking,0.00,0,0,0,0,0
1779983964374,-6309,8727,-4486,-242,-80,-75,walking,0.00,0,0,0,0,0
1779983964407,-6519,9209,-4786,-262,-122,-32,walking,0.00,0,0,0,0,0
1779983964407,-7110,10215,-5307,-214,-144,49,walking,0.00,0,0,0,0,0
1779983964408,-7918,10554,-6101,-132,-151,25,walking,0.00,0,0,0,0,0
1779983964433,-8638,10501,-7105,-21,-154,-11,walking,0.00,0,0,0,0,0
1779983964435,-9089,10298,-7997,68,-141,-40,walking,0.00,0,0,0,0,0
1779983964436,-9706,9782,-8684,97,-99,-75,walking,0.00,0,0,0,0,0
1779983964464,-10432,9522,-9070,72,-45,-97,walking,0.00,0,0,0,0,0
1779983964465,-10941,9666,-8916,27,-1,-105,walking,0.00,0,0,0,0,0
1779983964465,-11214,10168,-8708,-2,33,-94,walking,0.00,0,0,0,0,0
1779983964493,-11744,10973,-8432,-28,62,-52,walking,0.00,0,0,0,0,0
1779983964494,-12211,11673,-7934,-45,67,-8,walking,0.00,0,0,0,0,0
1779983964494,-12653,12616,-7544,-46,46,46,walking,0.00,0,0,0,0,0
1779983964523,-13230,13341,-6940,-66,-3,65,walking,0.00,0,0,0,0,0
1779983964524,-13317,13696,-6021,-141,-52,72,walking,0.00,0,0,0,0,0
1779983964524,-13558,14452,-5510,-171,-80,128,walking,0.00,0,0,0,0,0
1779983964554,-13720,15591,-5763,-144,-68,198,walking,0.00,0,0,0,0,0
1779983964556,-13649,15887,-6162,-105,-37,248,walking,0.00,0,0,0,0,0
1779983964557,-13559,15878,-6904,-91,-1,306,walking,0.00,0,0,0,0,0
1779983964585,-13776,15199,-7531,-149,59,319,walking,0.00,0,0,0,0,0
1779983964585,-13783,14479,-8189,-263,171,288,walking,0.00,0,0,0,0,0
1779983964586,-13197,14148,-9053,-400,321,239,walking,0.00,0,0,0,0,0
1779983964614,-12478,14603,-9460,-530,457,202,walking,0.00,0,0,0,0,0
1779983964614,-12388,15243,-8753,-630,564,146,walking,0.00,0,0,0,0,0
1779983964615,-12743,16002,-7813,-634,650,72,walking,0.00,0,0,0,0,0
1779983964644,-13866,15668,-6641,-544,618,-39,walking,0.00,0,0,0,0,0
1779983964644,-14347,14871,-5640,-503,635,-123,walking,0.00,0,0,0,0,0
1779983964644,-14237,14392,-4709,-475,614,-84,walking,0.00,0,0,0,0,0
1779983964676,-14247,14324,-4088,-414,542,4,walking,0.00,0,0,0,0,0
1779983964678,-13609,13686,-3160,-336,444,24,walking,0.00,0,0,0,0,0
1779983964678,-12191,12837,-2377,-206,366,59,walking,0.00,0,0,0,0,0
1779983964702,-11212,12026,-1659,10,290,127,walking,0.00,0,0,0,0,0
1779983964703,-10324,11496,-1562,254,231,167,walking,0.00,0,0,0,0,0
1779983964703,-9256,10709,-1674,387,142,156,walking,0.00,0,0,0,0,0
1779983964733,-8963,10068,-1249,374,3,87,walking,0.00,0,0,0,0,0
1779983964733,-8916,10345,-929,317,-116,14,walking,0.00,0,0,0,0,0
1779983964733,-8815,11290,-993,291,-212,-52,walking,0.00,0,0,0,0,0
1779983964764,-8974,12297,-962,284,-315,-119,walking,0.00,0,0,0,0,0
1779983964766,-9210,13141,-1046,300,-393,-166,walking,0.00,0,0,0,0,0
1779983964767,-9399,13622,-1133,321,-456,-214,walking,0.00,0,0,0,0,0
1779983964792,-9822,14107,-1192,334,-501,-256,walking,0.00,0,0,0,0,0
1779983964794,-10243,14909,-1767,325,-531,-303,walking,0.00,0,0,0,0,0
1779983964794,-10580,14925,-2158,248,-559,-381,walking,0.00,0,0,0,0,0
1779983964823,-10813,14771,-2190,168,-580,-399,walking,0.00,0,0,0,0,0
1779983964823,-10852,14289,-1968,159,-577,-340,walking,0.00,0,0,0,0,0
1779983964823,-10432,13388,-2345,194,-533,-243,walking,0.00,0,0,0,0,0
1779983964855,-9713,12581,-2933,215,-481,-119,walking,0.00,0,0,0,0,0
1779983964856,-9332,11873,-3508,236,-435,-30,walking,0.00,0,0,0,0,0
1779983964856,-9025,10767,-3845,261,-391,14,walking,0.00,0,0,0,0,0
1779983964883,-8306,9411,-4131,301,-341,27,walking,0.00,0,0,0,0,0
1779983964884,-7975,8306,-4416,327,-276,23,walking,0.00,0,0,0,0,0
1779983964885,-7611,7508,-4579,327,-206,29,walking,0.00,0,0,0,0,0
1779983964914,-7097,6631,-4533,270,-159,12,walking,0.00,0,0,0,0,0
1779983964914,-6771,6107,-4552,162,-139,-15,walking,0.00,0,0,0,0,0
1779983964914,-6503,6199,-4247,30,-139,-29,walking,0.00,0,0,0,0,0
1779983964942,-6474,6778,-3746,-89,-163,-55,walking,0.00,0,0,0,0,0
1779983964943,-6314,7520,-3780,-179,-195,-94,walking,0.00,0,0,0,0,0
1779983964943,-6364,8504,-3896,-220,-234,-129,walking,0.00,0,0,0,0,0
1779983964972,-6738,9494,-3703,-195,-269,-164,walking,0.00,0,0,0,0,0
1779983964973,-7131,10008,-3683,-115,-292,-202,walking,0.00,0,0,0,0,0
1779983964974,-7314,10162,-3732,-34,-294,-229,walking,0.00,0,0,0,0,0
1779983965002,-7460,10420,-3674,10,-295,-243,walking,0.00,0,0,0,0,0
1779983965003,-7712,10874,-3796,9,-295,-255,walking,0.00,0,0,0,0,0
1779983965005,-7972,11490,-4101,-23,-295,-265,walking,0.00,0,0,0,0,0
1779983965035,-8326,12218,-4186,-52,-281,-265,walking,0.00,0,0,0,0,0
1779983965036,-8771,12769,-4245,-62,-254,-256,walking,0.00,0,0,0,0,0
1779983965036,-8925,13325,-4405,-39,-224,-220,walking,0.00,0,0,0,0,0
1779983965064,-9060,13385,-4843,-12,-183,-221,walking,0.00,0,0,0,0,0
1779983965064,-9533,13642,-4930,-8,-160,-182,walking,0.00,0,0,0,0,0
1779983965065,-10018,14409,-4843,3,-131,-136,walking,0.00,0,0,0,0,0
1779983965094,-10423,14596,-5356,23,-65,-170,walking,0.00,0,0,0,0,0
1779983965097,-11159,15054,-5474,66,-31,-161,walking,0.00,0,0,0,0,0
1779983965102,-11879,15841,-5421,146,-2,-116,walking,0.00,0,0,0,0,0
1779983965125,-12461,16006,-5585,255,45,-99,walking,0.00,0,0,0,0,0
1779983965125,-12943,15681,-5654,355,74,-116,walking,0.00,0,0,0,0,0
1779983965125,-13645,14823,-5698,381,101,-154,walking,0.00,0,0,0,0,0
1779983965155,-14066,13833,-5834,296,132,-178,walking,0.00,0,0,0,0,0
1779983965155,-13926,13113,-6063,112,177,-170,walking,0.00,0,0,0,0,0
1779983965156,-13442,13499,-6213,-114,242,-126,walking,0.00,0,0,0,0,0
1779983965184,-12968,14619,-6404,-299,313,-81,walking,0.00,0,0,0,0,0
1779983965185,-12995,15375,-6561,-394,382,-70,walking,0.00,0,0,0,0,0
1779983965185,-13241,15468,-6519,-394,464,-62,walking,0.00,0,0,0,0,0
1779983965215,-13067,15100,-6667,-334,577,-32,walking,0.00,0,0,0,0,0
1779983965215,-12891,15087,-6745,-274,662,-23,walking,0.00,0,0,0,0,0
1779983965217,-13119,14999,-6559,-283,696,-79,walking,0.00,0,0,0,0,0
1779983965243,-14137,15182,-5954,-361,691,-123,walking,0.00,0,0,0,0,0
1779983965244,-15380,15789,-4898,-416,677,-111,walking,0.00,0,0,0,0,0
1779983965244,-15679,16987,-4082,-371,655,-47,walking,0.00,0,0,0,0,0
1779983965273,-14733,16595,-3300,-209,613,12,walking,0.00,0,0,0,0,0
1779983965273,-13485,14461,-2657,-20,553,139,walking,0.00,0,0,0,0,0
1779983965274,-12773,12666,-2041,144,448,330,walking,0.00,0,0,0,0,0
1779983965305,-11843,11173,-1519,255,328,504,walking,0.00,0,0,0,0,0
1779983965305,-11275,9908,-1141,334,222,639,walking,0.00,0,0,0,0,0
1779983965306,-11469,10070,-1776,407,140,734,walking,0.00,0,0,0,0,0
1779983965334,-12458,10316,-2129,503,58,710,walking,0.00,0,0,0,0,0
1779983965334,-13803,9559,-2428,661,6,613,walking,0.00,0,0,0,0,0
1779983965335,-14784,8861,-2759,807,-8,536,walking,0.00,0,0,0,0,0
1779983965363,-14979,8131,-3079,892,25,453,walking,0.00,0,0,0,0,0
1779983965364,-14523,6868,-3576,856,93,295,walking,0.00,0,0,0,0,0
1779983965365,-13745,5083,-4356,357,142,81,walking,0.00,0,0,0,0,0
1779983965393,-12982,5964,-4719,-5,149,69,walking,0.00,0,0,0,0,0
1779983965393,-12402,6669,-4865,-331,160,12,walking,0.00,0,0,0,0,0
1779983965394,-11995,7187,-5226,-582,185,-60,walking,0.00,0,0,0,0,0
1779983965423,-11725,7859,-5327,-764,204,-126,walking,0.00,0,0,0,0,0
1779983965424,-11051,8653,-4793,-841,237,-126,walking,0.00,0,0,0,0,0
1779983965425,-10085,9524,-4420,-793,288,-108,walking,0.00,0,0,0,0,0
1779983965457,-8798,9842,-4371,-676,320,-108,walking,0.00,0,0,0,0,0
1779983965458,-7873,9501,-4087,-556,315,-99,walking,0.00,0,0,0,0,0
1779983965458,-7036,9490,-3867,-432,304,-47,walking,0.00,0,0,0,0,0
1779983965483,-6446,9479,-3913,-311,283,-16,walking,0.00,0,0,0,0,0
1779983965484,-6161,9217,-3867,-233,244,-22,walking,0.00,0,0,0,0,0
1779983965484,-5867,9001,-4027,-184,198,-38,walking,0.00,0,0,0,0,0
1779983965513,-5794,8681,-4174,-183,137,-56,walking,0.00,0,0,0,0,0
1779983965513,-5976,8516,-4261,-218,74,-46,walking,0.00,0,0,0,0,0
1779983965514,-6292,8602,-4589,-260,17,-43,walking,0.00,0,0,0,0,0
1779983965544,-6487,8790,-5006,-318,-37,-45,walking,0.00,0,0,0,0,0
1779983965547,-6751,8982,-5330,-363,-85,-44,walking,0.00,0,0,0,0,0
1779983965548,-7183,9383,-5846,-363,-121,-38,walking,0.00,0,0,0,0,0
1779983965581,-7661,9855,-6378,-311,-133,-34,walking,0.00,0,0,0,0,0
1779983965582,-7881,10407,-7294,-191,-120,-31,walking,0.00,0,0,0,0,0
1779983965582,-8325,10492,-8192,-42,-109,-65,walking,0.00,0,0,0,0,0
1779983965604,-8713,9597,-8571,90,-105,-148,walking,0.00,0,0,0,0,0
1779983965633,-8610,8979,-9154,197,-60,-123,walking,0.00,0,0,0,0,0
1779983965634,-8918,9002,-9606,262,-12,-28,walking,0.00,0,0,0,0,0
1779983965634,-9565,9107,-9285,263,-1,0,walking,0.00,0,0,0,0,0
1779983965635,-9946,9372,-8855,234,16,6,walking,0.00,0,0,0,0,0
1779983965635,-10373,9932,-8463,214,28,30,walking,0.00,0,0,0,0,0
1779983965665,-10930,11680,-8616,170,21,43,walking,0.00,0,0,0,0,0
1779983965665,-11835,12370,-7697,86,-45,-19,walking,0.00,0,0,0,0,0
1779983965666,-12477,12312,-6854,72,-92,-45,walking,0.00,0,0,0,0,0
1779983965693,-12840,12887,-6460,51,-116,-10,walking,0.00,0,0,0,0,0
1779983965694,-13408,13449,-6289,-10,-136,30,walking,0.00,0,0,0,0,0
1779983965697,-14053,14047,-6222,-72,-146,59,walking,0.00,0,0,0,0,0
1779983965723,-14546,14656,-6470,-143,-136,77,walking,0.00,0,0,0,0,0
1779983965724,-15033,15128,-6636,-220,-94,136,walking,0.00,0,0,0,0,0
1779983965725,-13794,15436,-7727,-266,7,189,walking,0.00,0,0,0,0,0
1779983965754,-13833,15110,-8419,-351,75,187,walking,0.00,0,0,0,0,0
1779983965755,-13848,15410,-9042,-437,154,208,walking,0.00,0,0,0,0,0
1779983965755,-13447,15449,-9409,-524,258,168,walking,0.00,0,0,0,0,0
1779983965783,-12445,15143,-9267,-557,380,132,walking,0.00,0,0,0,0,0
1779983965783,-11743,14992,-8897,-517,505,129,walking,0.00,0,0,0,0,0
1779983965784,-12604,15523,-8695,-458,544,133,walking,0.00,0,0,0,0,0
1779983965818,-14417,14933,-7240,-462,494,40,walking,0.00,0,0,0,0,0
1779983965819,-14831,14663,-5546,-498,481,50,walking,0.00,0,0,0,0,0
1779983965819,-14689,15827,-4645,-454,451,130,walking,0.00,0,0,0,0,0
1779983965844,-14625,15203,-3376,-324,360,60,walking,0.00,0,0,0,0,0
1779983965846,-13538,13710,-2188,-119,296,34,walking,0.00,0,0,0,0,0
1779983965847,-12035,12751,-1942,115,261,82,walking,0.00,0,0,0,0,0
1779983965873,-10916,11569,-1398,327,206,119,walking,0.00,0,0,0,0,0
1779983965874,-10045,10509,-1333,513,157,141,walking,0.00,0,0,0,0,0
1779983965874,-9910,9624,-1351,556,76,132,walking,0.00,0,0,0,0,0
1779983965904,-10101,9492,-1153,483,-16,89,walking,0.00,0,0,0,0,0
1779983965905,-10109,10296,-1181,389,-95,1,walking,0.00,0,0,0,0,0
1779983965905,-10194,11221,-1045,312,-173,-97,walking,0.00,0,0,0,0,0
1779983965933,-10393,11740,-826,280,-234,-162,walking,0.00,0,0,0,0,0
1779983965934,-10826,12471,-1063,279,-269,-198,walking,0.00,0,0,0,0,0
1779983965934,-11098,13462,-1644,258,-296,-231,walking,0.00,0,0,0,0,0
1779983965964,-11487,13883,-1861,203,-321,-283,walking,0.00,0,0,0,0,0
1779983965964,-12090,14299,-2461,157,-324,-345,walking,0.00,0,0,0,0,0
1779983965965,-12247,13886,-2638,96,-314,-393,walking,0.00,0,0,0,0,0
1779983965998,-11886,13132,-2861,79,-287,-362,walking,0.00,0,0,0,0,0
1779983965998,-11369,11934,-2945,41,-267,-305,walking,0.00,0,0,0,0,0
1779983965999,-11077,10959,-3122,-51,-253,-237,walking,0.00,0,0,0,0,0
1779983966023,-10622,10437,-3354,-177,-229,-172,walking,0.00,0,0,0,0,0
1779983966023,-9853,10534,-3860,-258,-189,-84,walking,0.00,0,0,0,0,0
1779983966024,-9334,10691,-4176,-271,-170,-37,walking,0.00,0,0,0,0,0
1779983966056,-8697,10196,-4085,-243,-166,-45,walking,0.00,0,0,0,0,0
1779983966056,-8100,9469,-3935,-193,-149,-58,walking,0.00,0,0,0,0,0
1779983966057,-7674,8989,-4003,-142,-121,-54,walking,0.00,0,0,0,0,0
1779983966083,-7401,8902,-4230,-96,-98,-44,walking,0.00,0,0,0,0,0
1779983966083,-7186,8885,-4428,-53,-77,-52,walking,0.00,0,0,0,0,0
1779983966084,-6859,8571,-4462,-10,-63,-88,walking,0.00,0,0,0,0,0
1779983966114,-6808,8175,-4260,7,-69,-129,walking,0.00,0,0,0,0,0
1779983966114,-6778,8060,-4130,-11,-82,-138,walking,0.00,0,0,0,0,0
1779983966114,-6681,8400,-4172,-38,-105,-136,walking,0.00,0,0,0,0,0
1779983966143,-6716,8830,-4128,-61,-138,-151,walking,0.00,0,0,0,0,0
1779983966144,-6819,9064,-4158,-68,-168,-182,walking,0.00,0,0,0,0,0
1779983966145,-6845,9200,-4256,-81,-187,-208,walking,0.00,0,0,0,0,0
1779983966173,-6895,9582,-4455,-115,-200,-213,walking,0.00,0,0,0,0,0
1779983966173,-7021,10180,-4491,-147,-214,-211,walking,0.00,0,0,0,0,0
1779983966174,-7271,10880,-4566,-156,-223,-214,walking,0.00,0,0,0,0,0
1779983966204,-7531,11803,-4626,-134,-231,-203,walking,0.00,0,0,0,0,0
1779983966205,-7567,12629,-4838,-86,-229,-211,walking,0.00,0,0,0,0,0
1779983966205,-8166,12795,-4860,-29,-238,-221,walking,0.00,0,0,0,0,0
1779983966239,-8557,13478,-4643,47,-240,-182,walking,0.00,0,0,0,0,0
1779983966240,-8498,13568,-5197,109,-199,-212,walking,0.00,0,0,0,0,0
1779983966240,-8720,13741,-5395,153,-219,-214,walking,0.00,0,0,0,0,0
1779983966264,-9369,14351,-5479,195,-226,-158,walking,0.00,0,0,0,0,0
1779983966265,-10052,15101,-5680,249,-201,-112,walking,0.00,0,0,0,0,0
1779983966265,-10846,15540,-5840,308,-173,-111,walking,0.00,0,0,0,0,0
1779983966295,-11733,15731,-6013,353,-138,-123,walking,0.00,0,0,0,0,0
1779983966295,-12567,15786,-6119,378,-101,-122,walking,0.00,0,0,0,0,0
1779983966296,-13331,15809,-6020,375,-62,-113,walking,0.00,0,0,0,0,0
1779983966323,-13984,15415,-5925,338,-7,-116,walking,0.00,0,0,0,0,0
1779983966323,-14377,14733,-5947,232,57,-116,walking,0.00,0,0,0,0,0
1779983966324,-14259,14491,-5955,65,113,-84,walking,0.00,0,0,0,0,0
1779983966354,-14232,14993,-6046,-90,173,-27,walking,0.00,0,0,0,0,0
1779983966355,-14391,15500,-6134,-168,245,7,walking,0.00,0,0,0,0,0
1779983966355,-14583,15292,-6134,-147,318,5,walking,0.00,0,0,0,0,0
1779983966384,-14531,14474,-6198,-79,396,-9,walking,0.00,0,0,0,0,0
1779983966384,-14213,13535,-6421,-43,482,-41,walking,0.00,0,0,0,0,0
1779983966385,-13907,12851,-6676,-97,561,-96,walking,0.00,0,0,0,0,0
1779983966414,-14269,12966,-6358,-248,613,-138,walking,0.00,0,0,0,0,0
1779983966414,-14809,14054,-5368,-391,633,-138,walking,0.00,0,0,0,0,0
1779983966415,-14990,15013,-4193,-391,631,-92,walking,0.00,0,0,0,0,0
1779983966446,-14140,14677,-3552,-255,609,-5,walking,0.00,0,0,0,0,0
1779983966446,-12830,13356,-2698,-43,534,143,walking,0.00,0,0,0,0,0
1779983966447,-11841,11797,-2115,175,459,327,walking,0.00,0,0,0,0,0
1779983966474,-10926,10525,-2108,335,386,470,walking,0.00,0,0,0,0,0
1779983966475,-11655,9379,-2763,515,219,576,walking,0.00,0,0,0,0,0
1779983966476,-12281,9226,-2905,595,169,549,walking,0.00,0,0,0,0,0
1779983966503,-13252,8956,-3496,699,144,474,walking,0.00,0,0,0,0,0
1779983966504,-13752,8273,-3671,742,104,356,walking,0.00,0,0,0,0,0
1779983966504,-13892,7506,-3691,682,90,238,walking,0.00,0,0,0,0,0
1779983966534,-13693,7101,-4002,537,97,135,walking,0.00,0,0,0,0,0
1779983966534,-13279,6934,-4216,324,93,43,walking,0.00,0,0,0,0,0
1779983966534,-12947,7199,-4219,89,73,-10,walking,0.00,0,0,0,0,0
1779983966565,-12566,7798,-4290,-87,65,-31,walking,0.00,0,0,0,0,0
1779983966570,-12201,8297,-4337,-202,80,-52,walking,0.00,0,0,0,0,0
1779983966570,-11853,8717,-4481,-260,104,-64,walking,0.00,0,0,0,0,0
1779983966595,-11286,9089,-4468,-286,136,-62,walking,0.00,0,0,0,0,0
1779983966595,-10533,9103,-4382,-282,170,-71,walking,0.00,0,0,0,0,0
1779983966596,-9559,8794,-4389,-264,201,-81,walking,0.00,0,0,0,0,0
1779983966623,-8621,8485,-4301,-263,212,-79,walking,0.00,0,0,0,0,0
1779983966624,-7928,8313,-4120,-287,211,-59,walking,0.00,0,0,0,0,0
1779983966624,-7176,8436,-3957,-296,204,-35,walking,0.00,0,0,0,0,0
1779983966656,-6725,8522,-4041,-293,182,-28,walking,0.00,0,0,0,0,0
1779983966657,-6741,8437,-4141,-285,145,-32,walking,0.00,0,0,0,0,0
1779983966657,-6609,8518,-4405,-291,110,-35,walking,0.00,0,0,0,0,0
1779983966684,-6706,8455,-4676,-332,65,-74,walking,0.00,0,0,0,0,0
1779983966684,-6961,8380,-4836,-378,16,-99,walking,0.00,0,0,0,0,0
1779983966685,-7340,8675,-5245,-407,-20,-93,walking,0.00,0,0,0,0,0
1779983966715,-7886,9068,-5873,-429,-48,-89,walking,0.00,0,0,0,0,0
1779983966715,-8300,9405,-6295,-432,-73,-97,walking,0.00,0,0,0,0,0
1779983966716,-8666,9567,-6737,-372,-87,-133,walking,0.00,0,0,0,0,0
1779983966745,-9064,9503,-7375,-266,-76,-144,walking,0.00,0,0,0,0,0
1779983966746,-9509,9437,-8089,-149,-58,-130,walking,0.00,0,0,0,0,0
1779983966746,-9764,9007,-8652,-48,-43,-134,walking,0.00,0,0,0,0,0
1779983966775,-9835,8652,-9247,16,-42,-148,walking,0.00,0,0,0,0,0
1779983966779,-10084,8149,-9164,-45,-59,-208,walking,0.00,0,0,0,0,0
1779983966780,-10364,8487,-8820,-138,-54,-192,walking,0.00,0,0,0,0,0
1779983966808,-10068,9585,-8682,-182,-45,-136,walking,0.00,0,0,0,0,0
1779983966809,-10019,10240,-8189,-195,-66,-100,walking,0.00,0,0,0,0,0
1779983966810,-10238,10966,-7760,-180,-71,-68,walking,0.00,0,0,0,0,0
1779983966834,-10426,11894,-7497,-145,-74,-20,walking,0.00,0,0,0,0,0
1779983966837,-10781,12603,-7084,-97,-93,40,walking,0.00,0,0,0,0,0
1779983966837,-11170,13334,-6727,-42,-111,100,walking,0.00,0,0,0,0,0
1779983966863,-11584,14390,-6506,-21,-146,120,walking,0.00,0,0,0,0,0
1779983966864,-12157,14582,-5895,-13,-185,111,walking,0.00,0,0,0,0,0
1779983966864,-12875,14613,-5785,15,-177,139,walking,0.00,0,0,0,0,0
1779983966895,-13312,15077,-6288,12,-140,212,walking,0.00,0,0,0,0,0
1779983966895,-13378,15269,-7019,-26,-94,265,walking,0.00,0,0,0,0,0
1779983966896,-13743,14734,-7915,-98,-36,292,walking,0.00,0,0,0,0,0
1779983966924,-13955,14279,-8427,-181,56,344,walking,0.00,0,0,0,0,0
1779983966925,-14092,13463,-9075,-280,209,312,walking,0.00,0,0,0,0,0
1779983966927,-13760,13166,-9996,-386,386,261,walking,0.00,0,0,0,0,0
1779983966954,-12995,13343,-9932,-478,543,233,walking,0.00,0,0,0,0,0
1779983966955,-12734,13779,-9287,-520,673,191,walking,0.00,0,0,0,0,0
1779983966955,-14021,14156,-8700,-530,718,125,walking,0.00,0,0,0,0,0
1779983966983,-15002,13597,-6894,-605,686,27,walking,0.00,0,0,0,0,0
1779983966984,-15186,13578,-5344,-674,650,27,walking,0.00,0,0,0,0,0
1779983966984,-15445,14654,-4567,-682,583,65,walking,0.00,0,0,0,0,0
1779983967014,-15322,14654,-3524,-634,479,8,walking,0.00,0,0,0,0,0
1779983967015,-14221,13824,-2546,-487,407,-33,walking,0.00,0,0,0,0,0
1779983967015,-13044,12821,-2100,-249,367,-24,walking,0.00,0,0,0,0,0
1779983967047,-11729,12002,-1642,-12,325,29,walking,0.00,0,0,0,0,0
1779983967048,-10618,10982,-1125,176,264,74,walking,0.00,0,0,0,0,0
1779983967048,-9902,9773,-789,272,176,77,walking,0.00,0,0,0,0,0
1779983967073,-9855,9365,-408,271,63,58,walking,0.00,0,0,0,0,0
1779983967074,-9636,10039,-528,245,-32,20,walking,0.00,0,0,0,0,0
1779983967075,-9329,10845,-742,236,-131,-53,walking,0.00,0,0,0,0,0
1779983967104,-9702,11471,-847,238,-232,-134,walking,0.00,0,0,0,0,0
1779983967104,-10235,12329,-1328,242,-296,-191,walking,0.00,0,0,0,0,0
1779983967105,-10883,13214,-1665,190,-350,-282,walking,0.00,0,0,0,0,0
1779983967137,-11482,13639,-1701,85,-391,-408,walking,0.00,0,0,0,0,0
1779983967137,-12143,14171,-1988,4,-391,-491,walking,0.00,0,0,0,0,0
1779983967138,-12526,14589,-2541,-16,-353,-488,walking,0.00,0,0,0,0,0
1779983967164,-12644,13979,-2890,-11,-313,-457,walking,0.00,0,0,0,0,0
1779983967164,-12288,12700,-2698,-30,-284,-403,walking,0.00,0,0,0,0,0
1779983967165,-11749,11609,-2941,-101,-232,-337,walking,0.00,0,0,0,0,0
1779983967194,-11297,10863,-3331,-224,-173,-263,walking,0.00,0,0,0,0,0
1779983967195,-10742,11148,-3696,-325,-123,-172,walking,0.00,0,0,0,0,0
1779983967195,-10175,11560,-3990,-336,-80,-114,walking,0.00,0,0,0,0,0
1779983967222,-9436,10788,-4071,-263,-33,-116,walking,0.00,0,0,0,0,0
1779983967223,-8884,9497,-4228,-166,12,-134,walking,0.00,0,0,0,0,0
1779983967224,-8444,8307,-4292,-128,50,-128,walking,0.00,0,0,0,0,0
1779983967253,-7693,7555,-4232,-154,80,-120,walking,0.00,0,0,0,0,0
1779983967253,-7359,7398,-4148,-216,88,-128,walking,0.00,0,0,0,0,0
1779983967254,-7093,7830,-4086,-278,85,-130,walking,0.00,0,0,0,0,0
1779983967286,-6961,8278,-3988,-305,65,-156,walking,0.00,0,0,0,0,0
1779983967287,-6906,8694,-3933,-271,29,-178,walking,0.00,0,0,0,0,0
1779983967287,-6889,8803,-3693,-182,-13,-192,walking,0.00,0,0,0,0,0
1779983967313,-6934,8590,-3622,-89,-52,-224,walking,0.00,0,0,0,0,0
1779983967313,-6923,8493,-3794,-38,-92,-249,walking,0.00,0,0,0,0,0
1779983967313,-6953,8576,-3925,-50,-134,-261,walking,0.00,0,0,0,0,0
1779983967345,-7039,9125,-4104,-93,-164,-256,walking,0.00,0,0,0,0,0
1779983967345,-7299,10025,-4235,-146,-188,-258,walking,0.00,0,0,0,0,0
1779983967345,-7638,10989,-4288,-181,-201,-277,walking,0.00,0,0,0,0,0
1779983967373,-7823,11927,-4424,-186,-203,-290,walking,0.00,0,0,0,0,0
1779983967373,-8194,12820,-4499,-162,-206,-290,walking,0.00,0,0,0,0,0
1779983967374,-8480,13621,-4612,-109,-204,-278,walking,0.00,0,0,0,0,0
1779983967403,-8830,14101,-4668,-42,-197,-283,walking,0.00,0,0,0,0,0
1779983967404,-9210,14382,-4891,35,-178,-269,walking,0.00,0,0,0,0,0
1779983967404,-9518,14582,-5159,109,-161,-232,walking,0.00,0,0,0,0,0
1779983967435,-9923,14634,-5474,161,-142,-199,walking,0.00,0,0,0,0,0
1779983967435,-10411,14744,-5733,179,-128,-177,walking,0.00,0,0,0,0,0
1779983967436,-11032,14978,-5777,175,-116,-165,walking,0.00,0,0,0,0,0
1779983967463,-11734,15303,-5732,181,-94,-155,walking,0.00,0,0,0,0,0
1779983967464,-12556,15556,-5869,201,-66,-141,walking,0.00,0,0,0,0,0
1779983967464,-13022,15516,-6150,221,-36,-144,walking,0.00,0,0,0,0,0
1779983967496,-13265,15081,-6302,199,-1,-169,walking,0.00,0,0,0,0,0
1779983967497,-13623,14696,-6385,121,35,-178,walking,0.00,0,0,0,0,0
1779983967497,-13715,14850,-6522,11,79,-168,walking,0.00,0,0,0,0,0
1779983967523,-13800,15282,-6640,-100,125,-157,walking,0.00,0,0,0,0,0
1779983967523,-14116,15592,-6613,-160,175,-145,walking,0.00,0,0,0,0,0
1779983967524,-14412,15533,-6649,-156,240,-140,walking,0.00,0,0,0,0,0
1779983967554,-14287,15014,-6746,-102,314,-135,walking,0.00,0,0,0,0,0
1779983967554,-13913,14061,-6825,-19,383,-120,walking,0.00,0,0,0,0,0
1779983967555,-12940,12649,-6924,38,462,-108,walking,0.00,0,0,0,0,0
1779983967583,-12796,12668,-7461,-8,523,-113,walking,0.00,0,0,0,0,0
1779983967584,-15471,13562,-5370,-237,516,-215,walking,0.00,0,0,0,0,0
1779983967584,-15782,14085,-4426,-223,546,-152,walking,0.00,0,0,0,0,0
1779983967615,-14687,14536,-4016,-134,526,-24,walking,0.00,0,0,0,0,0
1779983967615,-13795,13241,-2920,5,412,74,walking,0.00,0,0,0,0,0
1779983967615,-12663,11159,-1603,156,309,200,walking,0.00,0,0,0,0,0
1779983967646,-11509,9702,-1134,302,230,391,walking,0.00,0,0,0,0,0
1779983967646,-11159,8957,-1224,389,143,529,walking,0.00,0,0,0,0,0
1779983967647,-11550,8418,-1192,434,62,608,walking,0.00,0,0,0,0,0
1779983967673,-12257,9416,-1909,505,12,642,walking,0.00,0,0,0,0,0
1779983967674,-13221,9444,-1832,622,-47,536,walking,0.00,0,0,0,0,0
1779983967675,-13862,8615,-1606,743,-70,371,walking,0.00,0,0,0,0,0
1779983967704,-14101,7406,-1605,827,-42,257,walking,0.00,0,0,0,0,0
1779983967705,-14136,6686,-2206,819,5,191,walking,0.00,0,0,0,0,0
1779983967705,-13795,6532,-2701,695,27,130,walking,0.00,0,0,0,0,0
1779983967735,-13263,6502,-2990,525,32,73,walking,0.00,0,0,0,0,0
1779983967736,-12997,6293,-3226,341,39,13,walking,0.00,0,0,0,0,0
1779983967736,-12773,6250,-3530,143,52,-51,walking,0.00,0,0,0,0,0
1779983967765,-12227,6576,-3886,-44,71,-66,walking,0.00,0,0,0,0,0
1779983967765,-11828,7247,-4044,-213,90,-52,walking,0.00,0,0,0,0,0
1779983967766,-11307,8135,-4065,-329,116,-46,walking,0.00,0,0,0,0,0
1779983967799,-10573,9050,-4185,-387,143,-52,walking,0.00,0,0,0,0,0
1779983967799,-9664,9531,-4207,-396,147,-104,walking,0.00,0,0,0,0,0
1779983967800,-9090,9236,-4276,-359,143,-153,walking,0.00,0,0,0,0,0
1779983967824,-8448,9105,-4563,-328,145,-128,walking,0.00,0,0,0,0,0
1779983967827,-7915,9582,-4651,-303,133,-53,walking,0.00,0,0,0,0,0
1779983967828,-7728,9975,-4656,-252,111,-17,walking,0.00,0,0,0,0,0
1779983967855,-7720,9678,-4937,-225,100,-42,walking,0.00,0,0,0,0,0
1779983967887,-7856,9321,-5101,-230,85,-54,walking,0.00,0,0,0,0,0
1779983967887,-7997,9324,-5335,-233,75,-24,walking,0.00,0,0,0,0,0
1779983967888,-8112,9390,-5674,-220,69,-2,walking,0.00,0,0,0,0,0
1779983967888,-8300,9168,-6210,-219,58,-27,walking,0.00,0,0,0,0,0
1779983967889,-8632,9188,-6469,-238,36,-52,walking,0.00,0,0,0,0,0
1779983967913,-9058,9310,-6612,-233,22,-61,walking,0.00,0,0,0,0,0
1779983967914,-9366,9305,-6900,-190,18,-73,walking,0.00,0,0,0,0,0
1779983967914,-9397,9273,-7262,-119,16,-84,walking,0.00,0,0,0,0,0
1779983967945,-9391,9027,-7570,-32,9,-88,walking,0.00,0,0,0,0,0
1779983967946,-9466,8657,-7850,37,-11,-88,walking,0.00,0,0,0,0,0
1779983967946,-9508,8496,-8050,75,-45,-81,walking,0.00,0,0,0,0,0
1779983967973,-9698,8534,-8115,77,-74,-74,walking,0.00,0,0,0,0,0
1779983967974,-9737,8752,-8181,52,-94,-65,walking,0.00,0,0,0,0,0
1779983967976,-9545,8866,-7978,15,-112,-68,walking,0.00,0,0,0,0,0
1779983968002,-9428,9228,-7634,-13,-116,-57,walking,0.00,0,0,0,0,0
1779983968003,-9262,10145,-7396,-18,-109,7,walking,0.00,0,0,0,0,0
1779983968004,-9522,10959,-7052,-2,-126,63,walking,0.00,0,0,0,0,0
1779983968035,-9856,11961,-6946,31,-141,119,walking,0.00,0,0,0,0,0
1779983968036,-10666,12525,-6583,76,-173,160,walking,0.00,0,0,0,0,0
1779983968036,-11760,13232,-6451,113,-197,188,walking,0.00,0,0,0,0,0
1779983968064,-12562,13725,-6098,115,-206,172,walking,0.00,0,0,0,0,0
1779983968064,-12976,13933,-6113,116,-172,176,walking,0.00,0,0,0,0,0
1779983968065,-13460,13692,-6362,121,-120,223,walking,0.00,0,0,0,0,0
1779983968092,-13759,13596,-6959,103,-48,309,walking,0.00,0,0,0,0,0
1779983968093,-14158,13050,-7537,1,14,350,walking,0.00,0,0,0,0,0
1779983968093,-14248,12655,-7932,-160,86,388,walking,0.00,0,0,0,0,0
1779983968125,-14039,12384,-7909,-389,197,391,walking,0.00,0,0,0,0,0
1779983968125,-14088,13693,-8655,-585,341,400,walking,0.00,0,0,0,0,0
1779983968126,-14147,15180,-8620,-724,459,349,walking,0.00,0,0,0,0,0
1779983968160,-14971,15912,-8077,-762,533,235,walking,0.00,0,0,0,0,0
1779983968160,-15870,15931,-7168,-721,565,131,walking,0.00,0,0,0,0,0
1779983968161,-16174,15238,-6213,-645,578,94,walking,0.00,0,0,0,0,0
1779983968185,-16866,14873,-5420,-555,532,85,walking,0.00,0,0,0,0,0
1779983968185,-16191,13890,-4637,-469,469,82,walking,0.00,0,0,0,0,0
1779983968186,-14768,12874,-3952,-376,414,128,walking,0.00,0,0,0,0,0
1779983968213,-13216,11882,-3201,-256,357,138,walking,0.00,0,0,0,0,0
1779983968214,-12347,11027,-2582,-130,309,124,walking,0.00,0,0,0,0,0
1779983968215,-11748,10366,-1958,-14,270,101,walking,0.00,0,0,0,0,0
1779983968243,-10513,9803,-1758,103,227,104,walking,0.00,0,0,0,0,0
1779983968244,-9570,9229,-1938,162,140,111,walking,0.00,0,0,0,0,0
1779983968244,-9400,9158,-1349,117,-3,110,walking,0.00,0,0,0,0,0
1779983968273,-9364,10096,-641,97,-130,100,walking,0.00,0,0,0,0,0
1779983968274,-9174,11666,-1250,138,-221,32,walking,0.00,0,0,0,0,0
1779983968274,-9113,12594,-1469,123,-364,-107,walking,0.00,0,0,0,0,0
1779983968307,-9556,12497,-793,90,-506,-271,walking,0.00,0,0,0,0,0
1779983968310,-10015,12852,-944,93,-561,-355,walking,0.00,0,0,0,0,0
1779983968311,-10507,13947,-1629,68,-586,-379,walking,0.00,0,0,0,0,0
1779983968336,-11120,15193,-2020,41,-616,-398,walking,0.00,0,0,0,0,0
1779983968337,-11872,15474,-2167,61,-636,-434,walking,0.00,0,0,0,0,0
1779983968338,-12196,14424,-2229,83,-631,-433,walking,0.00,0,0,0,0,0
1779983968367,-12103,13221,-2617,100,-581,-358,walking,0.00,0,0,0,0,0
1779983968368,-11676,12532,-3181,107,-513,-247,walking,0.00,0,0,0,0,0
1779983968374,-10963,12194,-4006,114,-446,-147,walking,0.00,0,0,0,0,0
1779983968394,-10340,11352,-4642,106,-391,-99,walking,0.00,0,0,0,0,0
1779983968395,-9965,10335,-4792,86,-349,-87,walking,0.00,0,0,0,0,0
1779983968396,-9390,9342,-4677,71,-298,-87,walking,0.00,0,0,0,0,0
1779983968428,-8497,8680,-4742,68,-240,-70,walking,0.00,0,0,0,0,0
1779983968430,-7908,8107,-4681,53,-210,-75,walking,0.00,0,0,0,0,0
1779983968430,-7310,7605,-4544,12,-198,-95,walking,0.00,0,0,0,0,0
1779983968454,-7106,7668,-4461,-46,-212,-111,walking,0.00,0,0,0,0,0
1779983968455,-7116,8080,-4354,-89,-230,-120,walking,0.00,0,0,0,0,0
1779983968456,-6950,8849,-4384,-79,-239,-129,walking,0.00,0,0,0,0,0
1779983968487,-7027,9184,-4269,-11,-254,-161,walking,0.00,0,0,0,0,0
1779983968488,-6759,9295,-4147,71,-261,-215,walking,0.00,0,0,0,0,0
1779983968495,-6979,9073,-4069,107,-271,-297,walking,0.00,0,0,0,0,0
1779983968517,-7245,9327,-3740,151,-288,-280,walking,0.00,0,0,0,0,0
1779983968519,-7513,9807,-3627,212,-284,-244,walking,0.00,0,0,0,0,0
1779983968520,-7699,10084,-3674,276,-267,-223,walking,0.00,0,0,0,0,0
1779983968544,-7782,10349,-3685,314,-266,-197,walking,0.00,0,0,0,0,0
1779983968544,-7897,10726,-3546,328,-274,-174,walking,0.00,0,0,0,0,0
1779983968545,-8073,11148,-3560,335,-275,-171,walking,0.00,0,0,0,0,0
1779983968579,-8566,11624,-3862,317,-284,-194,walking,0.00,0,0,0,0,0
1779983968579,-9030,12539,-3952,300,-306,-200,walking,0.00,0,0,0,0,0
1779983968580,-9491,12936,-3933,304,-315,-246,walking,0.00,0,0,0,0,0
1779983968605,-9931,13017,-3886,325,-304,-286,walking,0.00,0,0,0,0,0
1779983968606,-10222,13216,-4007,352,-285,-271,walking,0.00,0,0,0,0,0
1779983968607,-10597,13493,-4184,368,-261,-237,walking,0.00,0,0,0,0,0
1779983968640,-11109,13678,-4451,360,-229,-210,walking,0.00,0,0,0,0,0
1779983968641,-11618,14065,-4638,329,-194,-183,walking,0.00,0,0,0,0,0
1779983968641,-12242,14617,-4730,296,-163,-162,walking,0.00,0,0,0,0,0
1779983968666,-12762,15094,-4746,280,-128,-145,walking,0.00,0,0,0,0,0
1779983968667,-13105,15359,-4637,291,-94,-130,walking,0.00,0,0,0,0,0
1779983968668,-13530,15416,-4720,306,-68,-119,walking,0.00,0,0,0,0,0
1779983968695,-14307,14927,-5132,165,-16,-123,walking,0.00,0,0,0,0,0
1779983968695,-14491,15180,-5315,30,11,-103,walking,0.00,0,0,0,0,0
1779983968696,-14612,15753,-5538,-93,55,-71,walking,0.00,0,0,0,0,0
1779983968727,-14670,16044,-5721,-187,101,-52,walking,0.00,0,0,0,0,0
1779983968728,-14811,16320,-5770,-251,159,-38,walking,0.00,0,0,0,0,0
1779983968728,-15081,16524,-5756,-269,217,-25,walking,0.00,0,0,0,0,0
1779983968755,-15288,16448,-5564,-237,265,-21,walking,0.00,0,0,0,0,0
1779983968756,-15256,16003,-5381,-179,305,-28,walking,0.00,0,0,0,0,0
1779983968756,-14820,15188,-5258,-132,319,-24,walking,0.00,0,0,0,0,0
1779983968786,-14126,14141,-4853,-104,303,25,walking,0.00,0,0,0,0,0
1779983968787,-13499,13227,-4604,-72,277,137,walking,0.00,0,0,0,0,0
1779983968788,-13038,12371,-4172,-8,227,301,walking,0.00,0,0,0,0,0
1779983968815,-12452,11352,-3840,108,185,466,walking,0.00,0,0,0,0,0
1779983968845,-12078,10491,-3539,267,146,631,walking,0.00,0,0,0,0,0
1779983968878,-11816,9444,-3187,448,116,745,walking,0.00,0,0,0,0,0
1779983968879,-11850,8383,-2973,609,95,809,walking,0.00,0,0,0,0,0
1779983968880,-12019,8082,-2708,759,72,872,walking,0.00,0,0,0,0,0
1779983968881,-12670,8011,-2614,886,65,834,walking,0.00,0,0,0,0,0
1779983968881,-13624,7943,-2537,996,66,705,walking,0.00,0,0,0,0,0
1779983968882,-14547,7525,-2410,1067,74,539,walking,0.00,0,0,0,0,0
1779983968884,-15765,7462,-2202,1052,98,358,walking,0.00,0,0,0,0,0
1779983968904,-16000,6468,-2433,978,160,171,walking,0.00,0,0,0,0,0
1779983968905,-15217,6069,-3021,786,208,85,walking,0.00,0,0,0,0,0
1779983968906,-15165,6278,-3059,497,186,7,walking,0.00,0,0,0,0,0
1779983968938,-14929,6164,-2913,207,176,-70,walking,0.00,0,0,0,0,0
1779983968944,-14464,6397,-3096,-63,184,-112,walking,0.00,0,0,0,0,0
1779983968945,-13688,7049,-3477,-293,195,-117,walking,0.00,0,0,0,0,0
1779983968964,-12925,7993,-3564,-430,202,-61,walking,0.00,0,0,0,0,0
1779983968965,-12136,8907,-3672,-468,210,11,walking,0.00,0,0,0,0,0
1779983968966,-11160,9613,-3858,-448,211,50,walking,0.00,0,0,0,0,0
1779983968995,-10438,9861,-3708,-369,194,61,walking,0.00,0,0,0,0,0
1779983968995,-9324,9649,-3753,-247,177,58,walking,0.00,0,0,0,0,0
1779983968996,-8515,9098,-3573,-138,141,53,walking,0.00,0,0,0,0,0
1779983969031,-7769,8612,-3481,-48,108,64,walking,0.00,0,0,0,0,0
1779983969032,-7289,8263,-3533,8,75,71,walking,0.00,0,0,0,0,0
1779983969033,-6976,8063,-3661,27,33,77,walking,0.00,0,0,0,0,0
1779983969054,-6847,8066,-3731,15,-15,65,walking,0.00,0,0,0,0,0
1779983969055,-6787,7876,-3710,-8,-66,35,walking,0.00,0,0,0,0,0
1779983969056,-6664,7524,-3845,-51,-103,24,walking,0.00,0,0,0,0,0
1779983969086,-6547,7826,-4308,-128,-133,46,walking,0.00,0,0,0,0,0
1779983969087,-6207,7686,-4551,-237,-193,-20,walking,0.00,0,0,0,0,0
1779983969087,-7083,7453,-4832,-351,-236,-57,walking,0.00,0,0,0,0,0
1779983969117,-7400,8982,-5931,-379,-231,54,walking,0.00,0,0,0,0,0
1779983969118,-7917,9988,-7100,-331,-243,36,walking,0.00,0,0,0,0,0
1779983969119,-8609,9682,-8049,-232,-261,-89,walking,0.00,0,0,0,0,0
1779983969144,-9195,9513,-9063,-115,-239,-130,walking,0.00,0,0,0,0,0
1779983969144,-9618,9075,-9749,-24,-193,-160,walking,0.00,0,0,0,0,0
1779983969146,-9756,8660,-10096,19,-142,-173,walking,0.00,0,0,0,0,0
1779983969176,-10358,8756,-10032,15,-89,-155,walking,0.00,0,0,0,0,0
1779983969176,-10805,9597,-9454,-7,-43,-100,walking,0.00,0,0,0,0,0
1779983969177,-10947,10344,-8789,-24,-19,-69,walking,0.00,0,0,0,0,0
1779983969203,-11217,11479,-8460,-1,-27,-43,walking,0.00,0,0,0,0,0
1779983969205,-11548,12235,-7781,62,-82,-5,walking,0.00,0,0,0,0,0
1779983969205,-12126,12561,-7349,163,-150,20,walking,0.00,0,0,0,0,0
1779983969235,-12817,12677,-6753,238,-221,54,walking,0.00,0,0,0,0,0
1779983969235,-13462,12954,-6261,263,-253,98,walking,0.00,0,0,0,0,0
1779983969236,-13981,13343,-5956,280,-260,138,walking,0.00,0,0,0,0,0
1779983969268,-14179,13704,-5999,309,-240,180,walking,0.00,0,0,0,0,0
1779983969269,-14540,14036,-6128,287,-201,214,walking,0.00,0,0,0,0,0
1779983969270,-14921,13868,-6315,196,-150,222,walking,0.00,0,0,0,0,0
1779983969298,-15120,13714,-6586,40,-95,246,walking,0.00,0,0,0,0,0
1779983969298,-14990,14000,-6872,-149,-24,298,walking,0.00,0,0,0,0,0
1779983969299,-14478,14711,-7375,-305,67,329,walking,0.00,0,0,0,0,0
1779983969327,-14013,15069,-7743,-388,166,324,walking,0.00,0,0,0,0,0
1779983969328,-14134,15367,-8032,-386,268,326,walking,0.00,0,0,0,0,0
1779983969328,-15302,15763,-8466,-371,347,277,walking,0.00,0,0,0,0,0
1779983969354,-16461,15081,-7516,-446,376,137,walking,0.00,0,0,0,0,0
1779983969355,-16383,14771,-6438,-479,419,99,walking,0.00,0,0,0,0,0
1779983969356,-16110,14638,-5832,-449,435,97,walking,0.00,0,0,0,0,0
1779983969385,-15568,13736,-4793,-372,418,69,walking,0.00,0,0,0,0,0
1779983969386,-13970,12418,-4266,-191,439,99,walking,0.00,0,0,0,0,0
1779983969387,-12760,11340,-4219,36,457,150,walking,0.00,0,0,0,0,0
1779983969418,-12135,9984,-3663,222,446,169,walking,0.00,0,0,0,0,0
1779983969419,-11334,8354,-2785,325,431,182,walking,0.00,0,0,0,0,0
1779983969420,-10672,7746,-2555,308,402,196,walking,0.00,0,0,0,0,0
1779983969444,-10324,7944,-2003,187,329,186,walking,0.00,0,0,0,0,0
1779983969445,-10428,8927,-1559,99,245,151,walking,0.00,0,0,0,0,0
1779983969446,-10065,10286,-1586,97,164,97,walking,0.00,0,0,0,0,0
1779983969477,-9942,11309,-1546,142,62,-1,walking,0.00,0,0,0,0,0
1779983969478,-10334,11761,-1628,173,-37,-119,walking,0.00,0,0,0,0,0
1779983969479,-10840,11786,-1748,123,-114,-236,walking,0.00,0,0,0,0,0
1779983969504,-11270,11895,-1829,41,-156,-317,walking,0.00,0,0,0,0,0
1779983969504,-11501,12575,-2293,11,-160,-329,walking,0.00,0,0,0,0,0
1779983969505,-11586,13164,-2918,19,-176,-334,walking,0.00,0,0,0,0,0
1779983969540,-11472,12514,-2900,-8,-217,-363,walking,0.00,0,0,0,0,0
1779983969541,-11588,11303,-2465,-90,-251,-360,walking,0.00,0,0,0,0,0
1779983969542,-11379,11236,-2901,-195,-253,-285,walking,0.00,0,0,0,0,0
1779983969568,-10978,11633,-3251,-294,-261,-198,walking,0.00,0,0,0,0,0
1779983969569,-10245,11964,-3562,-296,-268,-115,walking,0.00,0,0,0,0,0
1779983969569,-9449,11704,-3855,-212,-271,-53,walking,0.00,0,0,0,0,0
1779983969595,-8824,10900,-3878,-100,-280,-22,walking,0.00,0,0,0,0,0
1779983969595,-8242,9927,-3799,-15,-286,0,walking,0.00,0,0,0,0,0
1779983969596,-7491,9501,-4054,52,-273,39,walking,0.00,0,0,0,0,0
1779983969631,-6945,9320,-4308,107,-269,59,walking,0.00,0,0,0,0,0
1779983969632,-6811,8939,-4219,153,-273,49,walking,0.00,0,0,0,0,0
1779983969632,-6647,8668,-4313,172,-278,30,walking,0.00,0,0,0,0,0
1779983969656,-6480,8643,-4378,157,-293,13,walking,0.00,0,0,0,0,0
1779983969661,-6493,8669,-4290,142,-316,-8,walking,0.00,0,0,0,0,0
1779983969662,-6528,8855,-4512,131,-322,-1,walking,0.00,0,0,0,0,0
1779983969686,-6586,9037,-4660,93,-328,-26,walking,0.00,0,0,0,0,0
1779983969686,-6962,9127,-4666,30,-328,-87,walking,0.00,0,0,0,0,0
1779983969687,-7216,9665,-4787,-22,-309,-86,walking,0.00,0,0,0,0,0
1779983969716,-7635,10467,-4897,-46,-281,-70,walking,0.00,0,0,0,0,0
1779983969717,-7959,11167,-4954,-32,-249,-78,walking,0.00,0,0,0,0,0
1779983969718,-8121,11544,-5001,15,-221,-100,walking,0.00,0,0,0,0,0
1779983969745,-8355,11661,-4889,80,-199,-121,walking,0.00,0,0,0,0,0
1779983969745,-8575,11485,-4754,146,-173,-129,walking,0.00,0,0,0,0,0
1779983969746,-8761,11378,-4808,192,-148,-109,walking,0.00,0,0,0,0,0
1779983969777,-9070,11604,-4783,215,-136,-80,walking,0.00,0,0,0,0,0
1779983969777,-9427,11962,-4773,235,-125,-64,walking,0.00,0,0,0,0,0
1779983969778,-10124,12409,-5131,285,-112,-68,walking,0.00,0,0,0,0,0
1779983969805,-10647,12862,-5248,284,-121,-85,walking,0.00,0,0,0,0,0
1779983969806,-11316,13400,-5400,254,-129,-126,walking,0.00,0,0,0,0,0
1779983969807,-12025,13892,-5482,212,-142,-169,walking,0.00,0,0,0,0,0
1779983969835,-12792,14468,-5564,175,-151,-196,walking,0.00,0,0,0,0,0
1779983969837,-13544,14984,-5676,150,-149,-223,walking,0.00,0,0,0,0,0
1779983969838,-14220,15370,-5939,117,-140,-250,walking,0.00,0,0,0,0,0
1779983969868,-14844,15491,-6176,63,-128,-279,walking,0.00,0,0,0,0,0
1779983969869,-15245,15345,-6247,-19,-98,-294,walking,0.00,0,0,0,0,0
1779983969870,-15511,15368,-6341,-129,-54,-270,walking,0.00,0,0,0,0,0
1779983969897,-15643,15722,-6440,-236,4,-217,walking,0.00,0,0,0,0,0
1779983969902,-15668,16132,-6397,-307,63,-172,walking,0.00,0,0,0,0,0
1779983969903,-15715,16286,-6274,-349,111,-166,walking,0.00,0,0,0,0,0
1779983969926,-15781,16113,-6148,-393,149,-184,walking,0.00,0,0,0,0,0
1779983969927,-15639,15918,-5942,-452,170,-199,walking,0.00,0,0,0,0,0
1779983969928,-15526,15806,-5763,-509,167,-198,walking,0.00,0,0,0,0,0
1779983969955,-15260,15663,-5508,-525,157,-175,walking,0.00,0,0,0,0,0
1779983969956,-13977,14503,-5108,-477,150,-140,walking,0.00,0,0,0,0,0
1779983969957,-12809,13331,-4580,-374,143,3,walking,0.00,0,0,0,0,0
1779983969986,-12143,12356,-4128,-237,152,199,walking,0.00,0,0,0,0,0
1779983969987,-11808,11339,-3711,-62,171,379,walking,0.00,0,0,0,0,0
1779983969988,-11227,10413,-3354,162,197,547,walking,0.00,0,0,0,0,0
1779983970021,-11127,9175,-2704,368,214,629,walking,0.00,0,0,0,0,0
1779983970021,-11080,8017,-2013,528,231,658,walking,0.00,0,0,0,0,0
1779983970022,-10797,7217,-1782,632,242,642,walking,0.00,0,0,0,0,0
1779983970045,-10982,6840,-1798,669,235,570,walking,0.00,0,0,0,0,0
1779983970046,-11633,6667,-1966,675,230,467,walking,0.00,0,0,0,0,0
1779983970046,-12547,6617,-2302,675,235,356,walking,0.00,0,0,0,0,0
1779983970076,-13217,6587,-2795,634,249,239,walking,0.00,0,0,0,0,0
1779983970077,-13916,5829,-2765,507,264,62,walking,0.00,0,0,0,0,0
1779983970078,-13851,5012,-2935,314,319,-62,walking,0.00,0,0,0,0,0
1779983970104,-13798,5322,-3507,43,372,-119,walking,0.00,0,0,0,0,0
1779983970105,-13369,5613,-3824,-258,380,-187,walking,0.00,0,0,0,0,0
1779983970106,-12982,5939,-3735,-564,366,-230,walking,0.00,0,0,0,0,0
1779983970135,-12398,6837,-3749,-828,375,-215,walking,0.00,0,0,0,0,0
1779983970135,-11476,8144,-3933,-981,377,-187,walking,0.00,0,0,0,0,0
1779983970137,-10777,9494,-4242,-1013,358,-181,walking,0.00,0,0,0,0,0
1779983970167,-10366,10415,-4439,-932,329,-185,walking,0.00,0,0,0,0,0
1779983970168,-9582,10848,-4606,-763,299,-178,walking,0.00,0,0,0,0,0
1779983970169,-8993,10418,-4577,-565,259,-181,walking,0.00,0,0,0,0,0
1779983970195,-8196,9782,-4622,-402,223,-156,walking,0.00,0,0,0,0,0
1779983970196,-7782,9328,-4590,-321,171,-133,walking,0.00,0,0,0,0,0
1779983970197,-7656,9142,-4622,-299,115,-108,walking,0.00,0,0,0,0,0
1779983970224,-7705,9647,-4863,-293,64,-66,walking,0.00,0,0,0,0,0
1779983970224,-7715,9885,-4882,-277,9,-77,walking,0.00,0,0,0,0,0
1779983970226,-7912,9429,-4959,-237,-39,-114,walking,0.00,0,0,0,0,0
1779983970254,-8070,9419,-5253,-186,-69,-76,walking,0.00,0,0,0,0,0
1779983970254,-8258,9758,-5693,-140,-90,-39,walking,0.00,0,0,0,0,0
1779983970257,-8523,9529,-5993,-101,-107,-53,walking,0.00,0,0,0,0,0
1779983970288,-8933,9016,-6316,-74,-110,-86,walking,0.00,0,0,0,0,0
1779983970289,-9413,8885,-6714,-64,-103,-95,walking,0.00,0,0,0,0,0
1779983970289,-9611,9040,-6996,-52,-78,-86,walking,0.00,0,0,0,0,0
1779983970315,-9605,8999,-7317,-21,-45,-92,walking,0.00,0,0,0,0,0
1779983970315,-9545,8887,-7569,8,-19,-101,walking,0.00,0,0,0,0,0
1779983970315,-9640,8718,-7595,15,-3,-116,walking,0.00,0,0,0,0,0
1779983970346,-9911,8870,-7637,0,7,-112,walking,0.00,0,0,0,0,0
1779983970354,-10163,9171,-7569,-17,9,-98,walking,0.00,0,0,0,0,0
1779983970355,-10114,9676,-7619,-32,14,-89,walking,0.00,0,0,0,0,0
1779983970375,-10355,10041,-7316,-32,-9,-97,walking,0.00,0,0,0,0,0
1779983970376,-10477,10708,-7290,6,-9,-28,walking,0.00,0,0,0,0,0
1779983970377,-10877,11385,-7181,53,-14,44,walking,0.00,0,0,0,0,0
1779983970409,-11419,11982,-6979,91,-33,86,walking,0.00,0,0,0,0,0
1779983970410,-12038,12441,-6905,108,-58,111,walking,0.00,0,0,0,0,0
1779983970410,-12838,12957,-6614,63,-102,94,walking,0.00,0,0,0,0,0
1779983970435,-13627,13378,-6071,-15,-133,94,walking,0.00,0,0,0,0,0
1779983970435,-14522,13974,-6154,-38,-113,163,walking,0.00,0,0,0,0,0
1779983970436,-15066,14562,-6618,-55,-59,226,walking,0.00,0,0,0,0,0
1779983970466,-15216,14583,-7210,-93,11,264,walking,0.00,0,0,0,0,0
1779983970467,-15088,14338,-8076,-173,114,307,walking,0.00,0,0,0,0,0
1779983970468,-14667,14421,-9232,-287,242,360,walking,0.00,0,0,0,0,0
1779983970493,-14074,14903,-10200,-422,372,353,walking,0.00,0,0,0,0,0
1779983970493,-12981,15130,-9890,-509,505,282,walking,0.00,0,0,0,0,0
1779983970494,-11691,15858,-9522,-494,675,238,walking,0.00,0,0,0,0,0
1779983970526,-12158,16052,-9334,-350,731,209,walking,0.00,0,0,0,0,0
1779983970526,-15033,14470,-7428,-213,636,127,walking,0.00,0,0,0,0,0
1779983970527,-15482,12632,-5811,-236,625,108,walking,0.00,0,0,0,0,0
1779983970555,-14878,12513,-4920,-331,547,183,walking,0.00,0,0,0,0,0
1779983970558,-14839,12753,-3713,-397,393,215,walking,0.00,0,0,0,0,0
1779983970559,-14328,13100,-2751,-380,251,195,walking,0.00,0,0,0,0,0
1779983970588,-13612,13148,-1891,-215,150,148,walking,0.00,0,0,0,0,0
1779983970589,-12350,12295,-1409,42,121,115,walking,0.00,0,0,0,0,0
1779983970592,-10785,11202,-1365,294,89,130,walking,0.00,0,0,0,0,0
1779983970621,-10109,10173,-1404,437,9,135,walking,0.00,0,0,0,0,0
1779983970622,-10021,9522,-984,458,-104,138,walking,0.00,0,0,0,0,0
1779983970622,-10231,9686,-277,480,-197,150,walking,0.00,0,0,0,0,0
1779983970645,-10306,10371,-568,527,-251,125,walking,0.00,0,0,0,0,0
1779983970645,-10511,11083,-661,529,-318,82,walking,0.00,0,0,0,0,0
1779983970646,-10726,12354,-772,564,-349,74,walking,0.00,0,0,0,0,0
1779983970679,-11228,13505,-1776,568,-371,-44,walking,0.00,0,0,0,0,0
1779983970679,-11790,13137,-1354,402,-439,-269,walking,0.00,0,0,0,0,0
1779983970680,-12176,12899,-1287,275,-448,-388,walking,0.00,0,0,0,0,0
1779983970704,-12447,12906,-1723,176,-409,-369,walking,0.00,0,0,0,0,0
1779983970705,-12342,13270,-2480,59,-380,-312,walking,0.00,0,0,0,0,0
1779983970706,-12132,12324,-2311,-54,-400,-296,walking,0.00,0,0,0,0,0
1779983970739,-11656,11012,-2316,-119,-383,-239,walking,0.00,0,0,0,0,0
1779983970740,-11014,10590,-2937,-189,-339,-154,walking,0.00,0,0,0,0,0
1779983970745,-10165,10760,-3378,-244,-306,-76,walking,0.00,0,0,0,0,0
1779983970767,-9527,10383,-3474,-223,-295,-31,walking,0.00,0,0,0,0,0
1779983970768,-8910,9641,-3486,-151,-281,1,walking,0.00,0,0,0,0,0
1779983970769,-8191,8765,-3594,-82,-264,18,walking,0.00,0,0,0,0,0
1779983970796,-7767,7968,-3686,-47,-251,12,walking,0.00,0,0,0,0,0
1779983970800,-7488,7830,-3954,-38,-225,2,walking,0.00,0,0,0,0,0
1779983970801,-7266,7934,-4124,-53,-219,-37,walking,0.00,0,0,0,0,0
1779983970825,-7138,8048,-4135,-50,-228,-90,walking,0.00,0,0,0,0,0
1779983970826,-7066,7965,-4033,-18,-241,-143,walking,0.00,0,0,0,0,0
1779983970827,-7051,7936,-4075,23,-247,-171,walking,0.00,0,0,0,0,0
1779983970859,-7203,8074,-4278,44,-257,-178,walking,0.00,0,0,0,0,0
1779983970859,-7384,8541,-4380,51,-265,-181,walking,0.00,0,0,0,0,0
1779983970860,-7723,9203,-4341,43,-271,-213,walking,0.00,0,0,0,0,0
1779983970888,-8117,9357,-4280,23,-265,-308,walking,0.00,0,0,0,0,0
1779983970888,-8606,10250,-4060,-23,-242,-297,walking,0.00,0,0,0,0,0
1779983970892,-8730,10955,-4163,-30,-212,-283,walking,0.00,0,0,0,0,0
1779983970916,-8855,11606,-4216,-21,-193,-276,walking,0.00,0,0,0,0,0
1779983970919,-9135,12169,-4172,4,-174,-274,walking,0.00,0,0,0,0,0
1779983970919,-9427,12495,-4285,44,-147,-268,walking,0.00,0,0,0,0,0
1779983970945,-9568,12785,-4396,92,-119,-251,walking,0.00,0,0,0,0,0
1779983970946,-9745,13056,-4547,137,-88,-230,walking,0.00,0,0,0,0,0
1779983970947,-10029,13380,-4847,161,-53,-206,walking,0.00,0,0,0,0,0
1779983970976,-10555,13689,-5120,161,-28,-194,walking,0.00,0,0,0,0,0
1779983970976,-11215,14085,-5218,150,3,-182,walking,0.00,0,0,0,0,0
1779983970977,-11962,14666,-5281,142,42,-158,walking,0.00,0,0,0,0,0
1779983971012,-12510,15252,-5383,155,72,-131,walking,0.00,0,0,0,0,0
1779983971013,-12971,15677,-5353,173,94,-117,walking,0.00,0,0,0,0,0
1779983971013,-13520,15742,-5290,165,112,-120,walking,0.00,0,0,0,0,0
1779983971041,-14227,15512,-5270,98,144,-126,walking,0.00,0,0,0,0,0
1779983971041,-14555,15674,-5349,-25,185,-101,walking,0.00,0,0,0,0,0
1779983971042,-14704,16261,-5378,-145,223,-50,walking,0.00,0,0,0,0,0
1779983971066,-15055,16653,-5307,-206,274,9,walking,0.00,0,0,0,0,0
1779983971067,-15280,16368,-5292,-177,353,60,walking,0.00,0,0,0,0,0
1779983971068,-15134,15350,-5466,-99,437,82,walking,0.00,0,0,0,0,0
1779983971094,-14795,14260,-5893,-47,515,68,walking,0.00,0,0,0,0,0
1779983971094,-14675,13365,-6218,-81,568,14,walking,0.00,0,0,0,0,0
1779983971095,-15599,13171,-5812,-201,583,-45,walking,0.00,0,0,0,0,0
1779983971125,-16339,13610,-5005,-336,578,-76,walking,0.00,0,0,0,0,0
1779983971126,-15711,13715,-4198,-364,569,-48,walking,0.00,0,0,0,0,0
1779983971127,-14820,13125,-3748,-243,541,95,walking,0.00,0,0,0,0,0
1779983971156,-14283,11906,-3173,-54,469,315,walking,0.00,0,0,0,0,0
1779983971157,-13266,10520,-2644,132,401,518,walking,0.00,0,0,0,0,0
1779983971157,-12598,8911,-2656,284,349,658,walking,0.00,0,0,0,0,0
1779983971185,-12112,7899,-2889,400,297,766,walking,0.00,0,0,0,0,0
1779983971186,-12279,7440,-3112,482,255,792,walking,0.00,0,0,0,0,0
1779983971186,-12870,7328,-3309,558,213,713,walking,0.00,0,0,0,0,0
1779983971215,-13413,6912,-3420,636,179,568,walking,0.00,0,0,0,0,0
1779983971215,-13573,6265,-3682,683,159,410,walking,0.00,0,0,0,0,0
1779983971216,-13448,5618,-4007,652,145,262,walking,0.00,0,0,0,0,0
1779983971244,-13455,5044,-4343,514,143,122,walking,0.00,0,0,0,0,0
1779983971244,-13549,4942,-4347,252,150,-14,walking,0.00,0,0,0,0,0
1779983971246,-13320,5480,-4226,-68,167,-151,walking,0.00,0,0,0,0,0
1779983971277,-12599,6310,-4269,-343,181,-242,walking,0.00,0,0,0,0,0
1779983971278,-12005,7475,-4288,-550,179,-261,walking,0.00,0,0,0,0,0
1779983971278,-11809,8839,-4157,-685,171,-258,walking,0.00,0,0,0,0,0
1779983971308,-11260,9962,-4215,-735,173,-255,walking,0.00,0,0,0,0,0
1779983971309,-10258,10686,-4058,-698,178,-227,walking,0.00,0,0,0,0,0
1779983971310,-9276,11426,-3998,-592,168,-181,walking,0.00,0,0,0,0,0
1779983971336,-8622,11528,-3745,-450,143,-148,walking,0.00,0,0,0,0,0
1779983971337,-7934,11189,-3674,-290,122,-102,walking,0.00,0,0,0,0,0
1779983971338,-7274,10645,-3674,-157,89,-53,walking,0.00,0,0,0,0,0
1779983971367,-6683,9983,-3828,-96,50,-13,walking,0.00,0,0,0,0,0
1779983971367,-6454,9606,-3930,-110,6,34,walking,0.00,0,0,0,0,0
1779983971369,-6545,9542,-4129,-131,-33,70,walking,0.00,0,0,0,0,0
1779983971394,-7084,9338,-4407,-140,-63,87,walking,0.00,0,0,0,0,0
1779983971394,-6903,9413,-5080,-156,-70,65,walking,0.00,0,0,0,0,0
1779983971395,-7554,8111,-5627,-229,-85,-40,walking,0.00,0,0,0,0,0
1779983971424,-8443,8729,-6130,-268,-85,58,walking,0.00,0,0,0,0,0
1779983971426,-8864,9743,-7086,-256,-39,117,walking,0.00,0,0,0,0,0
1779983971427,-9084,9162,-7683,-224,-10,12,walking,0.00,0,0,0,0,0
1779983971458,-9293,8380,-8243,-168,33,-49,walking,0.00,0,0,0,0,0
1779983971459,-9329,8202,-8929,-98,89,-33,walking,0.00,0,0,0,0,0
1779983971460,-9187,8025,-9305,-53,126,-33,walking,0.00,0,0,0,0,0
1779983971485,-9021,7706,-9369,-35,139,-45,walking,0.00,0,0,0,0,0
1779983971487,-9218,7633,-9378,-38,127,-54,walking,0.00,0,0,0,0,0
1779983971487,-9524,7871,-8964,-57,93,-39,walking,0.00,0,0,0,0,0
1779983971516,-9679,8574,-8705,-77,79,0,walking,0.00,0,0,0,0,0
1779983971517,-9954,9335,-8346,-90,57,34,walking,0.00,0,0,0,0,0
1779983971518,-10374,10240,-7711,-89,22,66,walking,0.00,0,0,0,0,0
1779983971549,-10980,10894,-7107,-86,-15,82,walking,0.00,0,0,0,0,0
1779983971551,-11650,11616,-6790,-81,-61,103,walking,0.00,0,0,0,0,0
1779983971552,-12286,12693,-6542,-94,-116,137,walking,0.00,0,0,0,0,0
1779983971575,-13310,13393,-6222,-155,-177,121,walking,0.00,0,0,0,0,0
1779983971576,-14078,14082,-5802,-242,-211,128,walking,0.00,0,0,0,0,0
1779983971577,-14323,14399,-5902,-279,-193,151,walking,0.00,0,0,0,0,0
1779983971611,-14990,15228,-6618,-269,-143,233,walking,0.00,0,0,0,0,0
1779983971612,-15529,16076,-7725,-255,-68,311,walking,0.00,0,0,0,0,0
1779983971613,-15935,15897,-8711,-272,24,295,walking,0.00,0,0,0,0,0
1779983971635,-16220,15207,-8929,-317,134,265,walking,0.00,0,0,0,0,0
1779983971636,-16414,15462,-9170,-317,271,234,walking,0.00,0,0,0,0,0
1779983971637,-16313,15373,-8623,-319,410,121,walking,0.00,0,0,0,0,0
1779983971670,-15809,15080,-7677,-279,521,43,walking,0.00,0,0,0,0,0
1779983971695,-15743,14707,-6507,-261,566,39,walking,0.00,0,0,0,0,0
1779983971698,-16413,14237,-5413,-297,532,32,walking,0.00,0,0,0,0,0
1779983971699,-16511,13450,-4368,-340,471,-26,walking,0.00,0,0,0,0,0
1779983971699,-15024,12521,-3697,-371,446,-24,walking,0.00,0,0,0,0,0
1779983971700,-13263,11762,-3195,-342,417,40,walking,0.00,0,0,0,0,0
1779983971724,-12038,10931,-2930,-227,391,89,walking,0.00,0,0,0,0,0
1779983971726,-11406,10232,-2409,-107,354,104,walking,0.00,0,0,0,0,0
1779983971727,-10635,9317,-1737,-24,313,81,walking,0.00,0,0,0,0,0
1779983971757,-9676,8732,-1154,59,261,120,walking,0.00,0,0,0,0,0
1779983971758,-9232,9441,-1366,93,180,163,walking,0.00,0,0,0,0,0
1779983971759,-9084,10625,-731,58,31,132,walking,0.00,0,0,0,0,0
1779983971785,-8601,11322,-198,86,-92,3,walking,0.00,0,0,0,0,0
1779983971790,-8450,11890,-561,139,-190,-131,walking,0.00,0,0,0,0,0
1779983971791,-8725,12423,-1034,131,-295,-210,walking,0.00,0,0,0,0,0
1779983971815,-9507,13671,-1449,51,-404,-280,walking,0.00,0,0,0,0,0
1779983971818,-10105,14514,-1249,-39,-501,-391,walking,0.00,0,0,0,0,0
1779983971818,-10789,15039,-1693,-25,-518,-451,walking,0.00,0,0,0,0,0
1779983971844,-11532,15124,-2530,-5,-500,-433,walking,0.00,0,0,0,0,0
1779983971849,-11862,14591,-2527,-33,-488,-376,walking,0.00,0,0,0,0,0
1779983971850,-11813,14185,-2595,-4,-435,-298,walking,0.00,0,0,0,0,0
1779983971874,-11555,13490,-3266,56,-345,-236,walking,0.00,0,0,0,0,0
1779983971875,-11335,12679,-3936,83,-272,-193,walking,0.00,0,0,0,0,0
1779983971875,-11204,11554,-4116,78,-214,-142,walking,0.00,0,0,0,0,0
1779983971907,-10773,10586,-3958,54,-158,-67,walking,0.00,0,0,0,0,0
1779983971908,-10003,9862,-3680,37,-122,2,walking,0.00,0,0,0,0,0
1779983971908,-9270,9461,-3806,53,-107,35,walking,0.00,0,0,0,0,0
1779983971936,-8705,8443,-3838,62,-109,24,walking,0.00,0,0,0,0,0
1779983971937,-8405,7861,-3956,51,-119,26,walking,0.00,0,0,0,0,0
1779983971938,-8409,7798,-3888,31,-146,15,walking,0.00,0,0,0,0,0
1779983971967,-8305,7669,-3736,23,-165,-33,walking,0.00,0,0,0,0,0
1779983971968,-8255,7517,-3630,32,-176,-80,walking,0.00,0,0,0,0,0
1779983971969,-8053,7608,-3591,59,-185,-92,walking,0.00,0,0,0,0,0
1779983972002,-7943,7664,-3340,61,-224,-193,walking,0.00,0,0,0,0,0
1779983972003,-7960,8083,-3256,34,-241,-219,walking,0.00,0,0,0,0,0
1779983972004,-7938,8530,-3203,17,-255,-240,walking,0.00,0,0,0,0,0
1779983972023,-7949,9052,-3300,5,-268,-269,walking,0.00,0,0,0,0,0
1779983972024,-7871,9437,-3458,-17,-280,-305,walking,0.00,0,0,0,0,0
1779983972025,-7791,9947,-3679,-42,-296,-328,walking,0.00,0,0,0,0,0
1779983972057,-7812,10687,-3838,-74,-308,-327,walking,0.00,0,0,0,0,0
1779983972058,-7890,11457,-4037,-88,-311,-306,walking,0.00,0,0,0,0,0
1779983972059,-8035,12104,-4165,-61,-308,-275,walking,0.00,0,0,0,0,0
1779983972084,-8160,12587,-4395,-4,-299,-247,walking,0.00,0,0,0,0,0
1779983972115,-8266,12968,-4758,60,-287,-233,walking,0.00,0,0,0,0,0
1779983972115,-8513,13061,-4940,103,-280,-233,walking,0.00,0,0,0,0,0
1779983972116,-8830,13023,-5048,118,-272,-230,walking,0.00,0,0,0,0,0
1779983972117,-9209,13288,-5320,123,-254,-208,walking,0.00,0,0,0,0,0
1779983972118,-9719,13901,-5560,131,-243,-189,walking,0.00,0,0,0,0,0
1779983972147,-10431,14578,-5562,150,-238,-184,walking,0.00,0,0,0,0,0
1779983972149,-11334,15162,-5618,188,-224,-184,walking,0.00,0,0,0,0,0
1779983972149,-12431,15876,-5817,234,-198,-185,walking,0.00,0,0,0,0,0
1779983972175,-13646,16426,-5998,278,-167,-201,walking,0.00,0,0,0,0,0
1779983972176,-14891,16475,-5986,312,-122,-230,walking,0.00,0,0,0,0,0
1779983972177,-16045,16127,-5929,327,-50,-232,walking,0.00,0,0,0,0,0
1779983972204,-16305,15673,-6105,306,42,-195,walking,0.00,0,0,0,0,0
1779983972207,-16432,14916,-6116,231,131,-166,walking,0.00,0,0,0,0,0
1779983972208,-16558,14433,-5915,105,229,-133,walking,0.00,0,0,0,0,0
1779983972233,-16167,14590,-5906,-23,344,-105,walking,0.00,0,0,0,0,0
1779983972233,-15778,14784,-6224,-107,447,-100,walking,0.00,0,0,0,0,0
1779983972234,-15770,14724,-6273,-138,534,-105,walking,0.00,0,0,0,0,0
1779983972268,-15668,14202,-6068,-139,631,-125,walking,0.00,0,0,0,0,0
1779983972269,-15380,13574,-5764,-183,724,-151,walking,0.00,0,0,0,0,0
1779983972269,-15253,13392,-5313,-313,785,-158,walking,0.00,0,0,0,0,0
1779983972298,-15335,13698,-4699,-468,817,-135,walking,0.00,0,0,0,0,0
1779983972299,-14739,13913,-4041,-552,828,-88,walking,0.00,0,0,0,0,0
1779983972299,-13496,13276,-3256,-508,815,9,walking,0.00,0,0,0,0,0
1779983972324,-12450,12336,-2467,-346,775,184,walking,0.00,0,0,0,0,0
1779983972324,-11484,11068,-2058,-124,721,372,walking,0.00,0,0,0,0,0
1779983972326,-10571,9827,-1739,88,648,526,walking,0.00,0,0,0,0,0
1779983972356,-10054,8731,-1628,240,558,616,walking,0.00,0,0,0,0,0
1779983972357,-10006,8083,-1900,321,457,653,walking,0.00,0,0,0,0,0
1779983972358,-10469,8008,-2064,355,353,622,walking,0.00,0,0,0,0,0
1779983972384,-11279,8281,-2127,410,272,529,walking,0.00,0,0,0,0,0
1779983972385,-11759,8747,-2257,532,212,415,walking,0.00,0,0,0,0,0
1779983972386,-12242,8559,-2413,640,160,253,walking,0.00,0,0,0,0,0
1779983972416,-12863,8017,-2537,650,118,92,walking,0.00,0,0,0,0,0
1779983972417,-13006,7691,-2849,567,77,-1,walking,0.00,0,0,0,0,0
1779983972418,-12707,7842,-3186,438,32,-29,walking,0.00,0,0,0,0,0
1779983972447,-12402,8126,-3534,286,-9,-49,walking,0.00,0,0,0,0,0
1779983972448,-12118,8325,-3761,121,-52,-69,walking,0.00,0,0,0,0,0
1779983972448,-11921,8663,-3969,-54,-89,-68,walking,0.00,0,0,0,0,0
1779983972474,-11594,9518,-4128,-198,-119,-31,walking,0.00,0,0,0,0,0
1779983972474,-11257,10646,-4072,-255,-146,6,walking,0.00,0,0,0,0,0
1779983972475,-10649,10816,-4067,-189,-154,46,walking,0.00,0,0,0,0,0
1779983972507,-10086,10507,-4197,-68,-160,115,walking,0.00,0,0,0,0,0
1779983972508,-9337,10357,-4308,52,-164,168,walking,0.00,0,0,0,0,0
1779983972509,-8605,9459,-4426,156,-181,136,walking,0.00,0,0,0,0,0
1779983972539,-8405,8477,-4565,216,-204,112,walking,0.00,0,0,0,0,0
1779983972540,-8105,8497,-4940,279,-216,171,walking,0.00,0,0,0,0,0
1779983972540,-7704,8489,-5276,327,-239,195,walking,0.00,0,0,0,0,0
1779983972567,-7805,7871,-5311,334,-271,153,walking,0.00,0,0,0,0,0
1779983972568,-7818,7196,-5396,309,-287,114,walking,0.00,0,0,0,0,0
1779983972569,-7738,6812,-5471,236,-303,92,walking,0.00,0,0,0,0,0
1779983972593,-7628,6920,-5678,129,-320,84,walking,0.00,0,0,0,0,0
1779983972597,-7683,7467,-5901,28,-331,78,walking,0.00,0,0,0,0,0
1779983972598,-7792,7964,-6107,-31,-339,67,walking,0.00,0,0,0,0,0
1779983972626,-7962,8313,-6294,-38,-343,58,walking,0.00,0,0,0,0,0
1779983972627,-8230,8834,-6672,0,-351,57,walking,0.00,0,0,0,0,0
1779983972628,-8666,9259,-7003,77,-356,42,walking,0.00,0,0,0,0,0
1779983972660,-8891,9316,-7411,178,-346,7,walking,0.00,0,0,0,0,0
1779983972661,-9188,9268,-7757,276,-339,-20,walking,0.00,0,0,0,0,0
1779983972662,-9566,9462,-7797,374,-336,-10,walking,0.00,0,0,0,0,0
1779983972684,-9739,9479,-7770,461,-323,7,walking,0.00,0,0,0,0,0
1779983972685,-9828,9167,-7670,502,-316,17,walking,0.00,0,0,0,0,0
1779983972686,-10073,9131,-7541,480,-322,50,walking,0.00,0,0,0,0,0
1779983972715,-10366,9598,-7226,426,-337,95,walking,0.00,0,0,0,0,0
1779983972716,-10709,10368,-7122,408,-343,147,walking,0.00,0,0,0,0,0
1779983972717,-11204,11368,-7405,401,-359,193,walking,0.00,0,0,0,0,0
1779983972748,-12024,12053,-7301,396,-401,207,walking,0.00,0,0,0,0,0
1779983972748,-13073,12171,-7013,389,-438,202,walking,0.00,0,0,0,0,0
1779983972749,-13857,12921,-6760,358,-437,216,walking,0.00,0,0,0,0,0
1779983972775,-14148,13828,-6824,348,-404,259,walking,0.00,0,0,0,0,0
1779983972775,-14835,14396,-7350,353,-342,302,walking,0.00,0,0,0,0,0
1779983972776,-15668,14662,-7896,331,-275,352,walking,0.00,0,0,0,0,0
1779983972806,-16288,14402,-8338,269,-195,386,walking,0.00,0,0,0,0,0
1779983972807,-16819,14019,-8704,121,-67,391,walking,0.00,0,0,0,0,0
1779983972807,-16577,14324,-9145,-73,108,402,walking,0.00,0,0,0,0,0
1779983972833,-16283,14976,-9963,-249,319,352,walking,0.00,0,0,0,0,0
1779983972833,-16025,15943,-10313,-337,528,297,walking,0.00,0,0,0,0,0
1779983972834,-14979,16612,-9423,-290,684,237,walking,0.00,0,0,0,0,0
1779983972866,-15117,16110,-8224,-205,774,186,walking,0.00,0,0,0,0,0
1779983972868,-16100,14168,-6450,-167,776,137,walking,0.00,0,0,0,0,0
1779983972869,-15155,12422,-5598,-246,779,154,walking,0.00,0,0,0,0,0
1779983972898,-14721,11958,-4915,-429,730,193,walking,0.00,0,0,0,0,0
1779983972899,-14241,11550,-3643,-556,651,214,walking,0.00,0,0,0,0,0
1779983972899,-13214,10952,-2630,-555,568,262,walking,0.00,0,0,0,0,0
1779983972927,-12068,10856,-2159,-429,492,347,walking,0.00,0,0,0,0,0
1779983972927,-10674,10854,-1699,-259,407,381,walking,0.00,0,0,0,0,0
1779983972928,-10166,10574,-1369,-117,302,344,walking,0.00,0,0,0,0,0
1779983972955,-9730,10289,-1140,-27,187,312,walking,0.00,0,0,0,0,0
1779983972956,-9696,10435,-1045,20,61,293,walking,0.00,0,0,0,0,0
1779983972957,-9969,11442,-1152,88,-58,291,walking,0.00,0,0,0,0,0
1779983972992,-9991,12593,-1324,172,-179,215,walking,0.00,0,0,0,0,0
1779983972993,-10209,12863,-1355,206,-306,25,walking,0.00,0,0,0,0,0
1779983972994,-10454,12878,-1501,214,-402,-142,walking,0.00,0,0,0,0,0
1779983973014,-10627,13256,-1856,207,-467,-227,walking,0.00,0,0,0,0,0
1779983973015,-10979,13909,-2343,206,-508,-278,walking,0.00,0,0,0,0,0
1779983973016,-11673,14169,-2787,207,-537,-333,walking,0.00,0,0,0,0,0
1779983973046,-12064,13438,-2690,224,-535,-347,walking,0.00,0,0,0,0,0
1779983973047,-11951,12897,-3123,240,-500,-302,walking,0.00,0,0,0,0,0
1779983973048,-11810,11526,-3001,143,-490,-261,walking,0.00,0,0,0,0,0
1779983973074,-11540,10615,-3295,-13,-456,-193,walking,0.00,0,0,0,0,0
1779983973075,-11231,11028,-3887,-193,-413,-120,walking,0.00,0,0,0,0,0
1779983973076,-10459,11744,-3864,-263,-382,-76,walking,0.00,0,0,0,0,0
1779983973106,-8517,9495,-3842,-21,-268,-86,walking,0.00,0,0,0,0,0
1779983973107,-8091,8444,-4199,60,-205,-43,walking,0.00,0,0,0,0,0
1779983973108,-7323,7811,-4437,84,-144,-20,walking,0.00,0,0,0,0,0
1779983973134,-6818,7022,-4318,59,-101,-64,walking,0.00,0,0,0,0,0
1779983973139,-6562,6508,-4164,-24,-67,-113,walking,0.00,0,0,0,0,0
1779983973139,-6536,6661,-3939,-139,-64,-148,walking,0.00,0,0,0,0,0
1779983973165,-6499,7289,-3646,-231,-79,-181,walking,0.00,0,0,0,0,0
1779983973166,-6391,7997,-3551,-275,-101,-216,walking,0.00,0,0,0,0,0
1779983973167,-6443,8450,-3374,-255,-131,-240,walking,0.00,0,0,0,0,0
1779983973196,-6545,8873,-3319,-197,-157,-229,walking,0.00,0,0,0,0,0
1779983973198,-6776,8991,-3514,-145,-174,-221,walking,0.00,0,0,0,0,0
1779983973198,-6878,9304,-3425,-118,-201,-236,walking,0.00,0,0,0,0,0
1779983973224,-7114,9278,-3715,-117,-210,-301,walking,0.00,0,0,0,0,0
1779983973224,-7383,9844,-3933,-125,-234,-298,walking,0.00,0,0,0,0,0
1779983973225,-7704,10794,-4060,-132,-244,-289,walking,0.00,0,0,0,0,0
1779983973259,-8039,11424,-4226,-104,-248,-306,walking,0.00,0,0,0,0,0
1779983973260,-8299,11897,-4417,-56,-248,-316,walking,0.00,0,0,0,0,0
1779983973261,-8688,12247,-4666,-14,-240,-317,walking,0.00,0,0,0,0,0
1779983973288,-9053,12628,-4999,23,-231,-314,walking,0.00,0,0,0,0,0
1779983973289,-9446,12843,-5262,45,-219,-322,walking,0.00,0,0,0,0,0
1779983973290,-9852,13162,-5456,31,-196,-334,walking,0.00,0,0,0,0,0
1779983973315,-10281,13794,-5777,8,-163,-341,walking,0.00,0,0,0,0,0
1779983973316,-10900,14490,-6042,-19,-137,-342,walking,0.00,0,0,0,0,0
1779983973317,-11754,15164,-6017,-39,-113,-340,walking,0.00,0,0,0,0,0
1779983973347,-12593,15998,-6167,-24,-82,-328,walking,0.00,0,0,0,0,0
1779983973348,-13290,16521,-6359,16,-58,-320,walking,0.00,0,0,0,0,0
1779983973349,-13808,16670,-6560,40,-31,-326,walking,0.00,0,0,0,0,0
1779983973374,-14277,16375,-6658,26,-7,-334,walking,0.00,0,0,0,0,0
1779983973375,-14581,15975,-6712,-34,29,-331,walking,0.00,0,0,0,0,0
1779983973376,-14721,15775,-6796,-130,78,-299,walking,0.00,0,0,0,0,0
1779983973405,-14795,15954,-6911,-218,145,-248,walking,0.00,0,0,0,0,0
1779983973406,-14911,16204,-6838,-260,214,-215,walking,0.00,0,0,0,0,0
1779983973408,-14994,15915,-6730,-281,286,-227,walking,0.00,0,0,0,0,0
1779983973434,-14867,15390,-6541,-298,350,-249,walking,0.00,0,0,0,0,0
1779983973438,-14475,14949,-6626,-301,402,-257,walking,0.00,0,0,0,0,0
1779983973439,-14518,14500,-6509,-323,436,-281,walking,0.00,0,0,0,0,0
1779983973467,-14546,13906,-5676,-384,444,-297,walking,0.00,0,0,0,0,0
1779983973467,-14008,13572,-4498,-419,438,-245,walking,0.00,0,0,0,0,0
1779983973469,-13087,13207,-3685,-369,411,-130,walking,0.00,0,0,0,0,0
1779983973497,-12338,12456,-3138,-234,363,39,walking,0.00,0,0,0,0,0
1779983973497,-12081,11652,-2761,-46,289,242,walking,0.00,0,0,0,0,0
1779983973498,-11973,11040,-2458,146,198,433,walking,0.00,0,0,0,0,0
1779983973525,-11931,10808,-2305,344,129,592,walking,0.00,0,0,0,0,0
1779983973526,-12383,10623,-2422,572,90,697,walking,0.00,0,0,0,0,0
1779983973526,-13231,10433,-2649,812,67,717,walking,0.00,0,0,0,0,0
1779983973555,-14114,9507,-2751,1023,45,638,walking,0.00,0,0,0,0,0
1779983973556,-14937,8575,-2828,1129,35,527,walking,0.00,0,0,0,0,0
1779983973557,-15839,6688,-2511,1119,47,387,walking,0.00,0,0,0,0,0
1779983973583,-15577,5432,-2868,958,100,327,walking,0.00,0,0,0,0,0
1779983973584,-15117,5907,-3299,651,129,327,walking,0.00,0,0,0,0,0
1779983973588,-15020,6706,-3255,360,123,282,walking,0.00,0,0,0,0,0
1779983973615,-14679,7070,-3447,143,132,213,walking,0.00,0,0,0,0,0
1779983973616,-14167,7022,-3629,-40,145,159,walking,0.00,0,0,0,0,0
1779983973617,-13149,6892,-3667,-193,165,150,walking,0.00,0,0,0,0,0
1779983973650,-12775,7394,-3701,-322,182,157,walking,0.00,0,0,0,0,0
1779983973650,-12317,8120,-3622,-370,206,182,walking,0.00,0,0,0,0,0
1779983973651,-11156,8801,-3909,-323,232,185,walking,0.00,0,0,0,0,0
1779983973675,-10149,8662,-3949,-258,227,138,walking,0.00,0,0,0,0,0
1779983973680,-9496,8359,-3827,-183,229,118,walking,0.00,0,0,0,0,0
1779983973681,-8555,8322,-3932,-127,233,134,walking,0.00,0,0,0,0,0
1779983973705,-7818,8181,-3826,-82,216,136,walking,0.00,0,0,0,0,0
1779983973706,-7239,8156,-3821,-54,198,126,walking,0.00,0,0,0,0,0
1779983973707,-6817,8249,-3723,-41,166,128,walking,0.00,0,0,0,0,0
1779983973738,-6606,8392,-3804,-26,127,127,walking,0.00,0,0,0,0,0
1779983973738,-6546,8464,-3701,-14,82,120,walking,0.00,0,0,0,0,0
1779983973739,-6471,8490,-3786,-6,43,114,walking,0.00,0,0,0,0,0
1779983973766,-6597,8489,-4048,-17,4,116,walking,0.00,0,0,0,0,0
1779983973767,-6543,8227,-4230,-71,-36,57,walking,0.00,0,0,0,0,0
1779983973768,-6829,7776,-4569,-148,-76,7,walking,0.00,0,0,0,0,0
1779983973797,-7450,8333,-5083,-189,-100,67,walking,0.00,0,0,0,0,0
1779983973798,-7977,9376,-6034,-168,-96,114,walking,0.00,0,0,0,0,0
1779983973799,-8415,9445,-6962,-83,-94,72,walking,0.00,0,0,0,0,0
1779983973824,-8843,8924,-7959,39,-78,19,walking,0.00,0,0,0,0,0
1779983973829,-9234,8328,-8958,126,-47,-12,walking,0.00,0,0,0,0,0
1779983973829,-9594,7828,-9533,144,-18,-26,walking,0.00,0,0,0,0,0
1779983973855,-9750,7798,-9600,106,4,-33,walking,0.00,0,0,0,0,0
1779983973855,-9742,8081,-9538,59,24,-44,walking,0.00,0,0,0,0,0
1779983973856,-9760,8711,-9198,-1,17,-41,walking,0.00,0,0,0,0,0
1779983973888,-10141,9541,-8524,-53,-14,-17,walking,0.00,0,0,0,0,0
1779983973889,-10580,10606,-8039,-31,-40,54,walking,0.00,0,0,0,0,0
1779983973889,-10775,12382,-8287,15,-72,115,walking,0.00,0,0,0,0,0
1779983973917,-11696,13241,-7536,38,-151,120,walking,0.00,0,0,0,0,0
1779983973918,-12219,13521,-6977,115,-203,129,walking,0.00,0,0,0,0,0
1779983973919,-12339,14286,-7036,168,-250,162,walking,0.00,0,0,0,0,0
1779983973946,-12746,14744,-6584,141,-310,175,walking,0.00,0,0,0,0,0
1779983973947,-13351,15327,-6734,124,-330,210,walking,0.00,0,0,0,0,0
1779983973948,-13836,15569,-7007,78,-328,254,walking,0.00,0,0,0,0,0
1779983973974,-14071,15587,-7642,24,-289,329,walking,0.00,0,0,0,0,0
1779983973976,-14485,15526,-8933,-43,-212,391,walking,0.00,0,0,0,0,0
1779983973984,-14826,15025,-9889,-159,-102,401,walking,0.00,0,0,0,0,0
1779983974007,-15153,15088,-10636,-275,48,368,walking,0.00,0,0,0,0,0
1779983974008,-15236,15355,-11732,-344,246,280,walking,0.00,0,0,0,0,0
1779983974009,-14786,15775,-11344,-377,412,174,walking,0.00,0,0,0,0,0
1779983974034,-14267,16306,-10272,-355,535,132,walking,0.00,0,0,0,0,0
1779983974038,-14865,15412,-8223,-288,540,97,walking,0.00,0,0,0,0,0
1779983974039,-15407,14112,-6606,-213,532,87,walking,0.00,0,0,0,0,0
1779983974064,-15147,13154,-5778,-168,512,131,walking,0.00,0,0,0,0,0
1779983974065,-14470,12712,-5031,-160,458,234,walking,0.00,0,0,0,0,0
1779983974066,-14095,12217,-3859,-115,381,267,walking,0.00,0,0,0,0,0
1779983974098,-13079,11137,-3111,20,343,255,walking,0.00,0,0,0,0,0
1779983974100,-11588,10075,-3124,143,318,240,walking,0.00,0,0,0,0,0
1779983974100,-10772,9381,-2513,147,236,203,walking,0.00,0,0,0,0,0
1779983974123,-10635,9500,-1677,114,158,144,walking,0.00,0,0,0,0,0
1779983974125,-10272,9627,-1445,100,104,63,walking,0.00,0,0,0,0,0
1779983974125,-10417,10362,-1560,105,36,28,walking,0.00,0,0,0,0,0
1779983974154,-10314,11352,-1464,123,-50,1,walking,0.00,0,0,0,0,0
1779983974155,-10261,11775,-1057,160,-143,-97,walking,0.00,0,0,0,0,0
1779983974156,-10485,12364,-1539,177,-226,-193,walking,0.00,0,0,0,0,0
1779983974185,-10707,13180,-1578,140,-329,-253,walking,0.00,0,0,0,0,0
1779983974186,-10726,13375,-1359,144,-402,-317,walking,0.00,0,0,0,0,0
1779983974186,-11604,14038,-2409,144,-448,-397,walking,0.00,0,0,0,0,0
1779983974219,-11788,13953,-2387,179,-454,-404,walking,0.00,0,0,0,0,0
1779983974219,-11430,12829,-2537,272,-425,-345,walking,0.00,0,0,0,0,0
1779983974220,-10864,11737,-3363,282,-402,-247,walking,0.00,0,0,0,0,0
1779983974249,-10496,10702,-3458,139,-427,-183,walking,0.00,0,0,0,0,0
1779983974250,-10209,10060,-3179,-53,-430,-161,walking,0.00,0,0,0,0,0
1779983974251,-9564,10207,-3316,-164,-380,-115,walking,0.00,0,0,0,0,0
1779983974274,-8660,11024,-3915,-162,-330,-46,walking,0.00,0,0,0,0,0
1779983974274,-8204,10650,-3806,-101,-332,-45,walking,0.00,0,0,0,0,0
1779983974275,-7933,9561,-3555,-9,-325,-55,walking,0.00,0,0,0,0,0
1779983974305,-7785,8767,-3718,64,-294,-24,walking,0.00,0,0,0,0,0
1779983974305,-7323,8374,-3964,100,-271,19,walking,0.00,0,0,0,0,0
1779983974306,-6962,7923,-4044,116,-269,28,walking,0.00,0,0,0,0,0
1779983974338,-6572,7583,-4204,103,-268,22,walking,0.00,0,0,0,0,0
1779983974338,-6511,7582,-4352,74,-279,6,walking,0.00,0,0,0,0,0
1779983974339,-6369,7781,-4387,48,-304,-19,walking,0.00,0,0,0,0,0
1779983974365,-6536,7754,-4267,40,-322,-45,walking,0.00,0,0,0,0,0
1779983974371,-6161,8194,-4038,53,-343,-50,walking,0.00,0,0,0,0,0
1779983974372,-6507,8045,-4019,62,-356,-136,walking,0.00,0,0,0,0,0
1779983974395,-6810,8212,-4187,40,-357,-187,walking,0.00,0,0,0,0,0
1779983974396,-6991,8724,-4398,8,-355,-202,walking,0.00,0,0,0,0,0
1779983974398,-7500,9381,-4566,-34,-349,-229,walking,0.00,0,0,0,0,0
1779983974425,-8072,10159,-4774,-73,-320,-242,walking,0.00,0,0,0,0,0
1779983974429,-8513,10815,-5057,-98,-282,-245,walking,0.00,0,0,0,0,0
1779983974430,-8838,11367,-5156,-122,-250,-248,walking,0.00,0,0,0,0,0
1779983974454,-9113,11854,-5241,-144,-219,-244,walking,0.00,0,0,0,0,0
1779983974455,-9364,12473,-5297,-161,-191,-227,walking,0.00,0,0,0,0,0
1779983974456,-9742,13205,-5549,-170,-165,-203,walking,0.00,0,0,0,0,0
1779983974487,-10145,14337,-5799,-165,-160,-188,walking,0.00,0,0,0,0,0
1779983974488,-10654,15322,-5846,-139,-162,-215,walking,0.00,0,0,0,0,0
1779983974489,-11393,15948,-5854,-71,-146,-228,walking,0.00,0,0,0,0,0
1779983974513,-12310,16471,-6008,32,-117,-213,walking,0.00,0,0,0,0,0
1779983974514,-13035,16967,-6236,131,-96,-189,walking,0.00,0,0,0,0,0
1779983974516,-13613,17003,-6292,196,-84,-192,walking,0.00,0,0,0,0,0
1779983974546,-14039,16704,-6321,207,-67,-193,walking,0.00,0,0,0,0,0
1779983974546,-14509,16266,-6365,164,-37,-165,walking,0.00,0,0,0,0,0
1779983974547,-14813,15945,-6401,64,1,-125,walking,0.00,0,0,0,0,0
1779983974574,-14781,16077,-6406,-47,45,-77,walking,0.00,0,0,0,0,0
1779983974578,-14788,16473,-6542,-132,104,-48,walking,0.00,0,0,0,0,0
1779983974580,-15148,16582,-6476,-182,169,-43,walking,0.00,0,0,0,0,0
1779983974603,-15464,16229,-6314,-173,243,-50,walking,0.00,0,0,0,0,0
1779983974604,-15428,15756,-6162,-127,323,-51,walking,0.00,0,0,0,0,0
1779983974604,-15418,14999,-6182,-90,399,-60,walking,0.00,0,0,0,0,0
1779983974640,-15573,13949,-5979,-99,469,-71,walking,0.00,0,0,0,0,0
1779983974641,-15288,12953,-5377,-164,524,-50,walking,0.00,0,0,0,0,0
1779983974642,-14785,12206,-4401,-236,572,24,walking,0.00,0,0,0,0,0
1779983974665,-14186,11430,-3671,-262,627,139,walking,0.00,0,0,0,0,0
1779983974665,-13096,10777,-3265,-248,641,286,walking,0.00,0,0,0,0,0
1779983974666,-12381,10266,-2701,-186,613,451,walking,0.00,0,0,0,0,0
1779983974700,-12186,9849,-2310,-89,578,585,walking,0.00,0,0,0,0,0
1779983974701,-11986,9470,-2186,22,523,659,walking,0.00,0,0,0,0,0
1779983974709,-12140,9354,-2004,135,454,665,walking,0.00,0,0,0,0,0
1779983974728,-12623,9224,-2059,252,406,602,walking,0.00,0,0,0,0,0
1779983974729,-13210,8770,-2347,369,378,492,walking,0.00,0,0,0,0,0
1779983974729,-13784,8315,-2503,474,353,380,walking,0.00,0,0,0,0,0
1779983974752,-14083,7951,-2640,533,347,271,walking,0.00,0,0,0,0,0
1779983974753,-14181,7359,-2914,514,355,143,walking,0.00,0,0,0,0,0
1779983974753,-14157,6683,-3281,394,367,10,walking,0.00,0,0,0,0,0
1779983974786,-13955,6492,-3512,204,372,-78,walking,0.00,0,0,0,0,0
1779983974787,-13418,6608,-3598,-5,374,-128,walking,0.00,0,0,0,0,0
1779983974787,-12621,6724,-3974,-205,385,-166,walking,0.00,0,0,0,0,0
1779983974814,-11978,6991,-4176,-399,366,-174,walking,0.00,0,0,0,0,0
1779983974815,-11718,7488,-4171,-571,343,-146,walking,0.00,0,0,0,0,0
1779983974815,-10903,8158,-4266,-688,346,-100,walking,0.00,0,0,0,0,0
1779983974849,-10055,9363,-4339,-732,324,-71,walking,0.00,0,0,0,0,0
1779983974850,-8817,9956,-4254,-678,293,-100,walking,0.00,0,0,0,0,0
1779983974853,-8097,9395,-3923,-552,260,-137,walking,0.00,0,0,0,0,0
1779983974877,-7214,9071,-4042,-413,248,-111,walking,0.00,0,0,0,0,0
1779983974906,-6571,8964,-4155,-302,220,-60,walking,0.00,0,0,0,0,0
1779983974906,-5985,8717,-4298,-215,185,-35,walking,0.00,0,0,0,0,0
1779983974907,-5795,8385,-4308,-175,135,-35,walking,0.00,0,0,0,0,0
1779983974908,-5677,8185,-4274,-154,87,-22,walking,0.00,0,0,0,0,0
1779983974911,-5444,8079,-4461,-158,52,-16,walking,0.00,0,0,0,0,0
1779983974936,-5404,7386,-4644,-249,0,-126,walking,0.00,0,0,0,0,0
1779983974936,-5528,7023,-4857,-381,-44,-164,walking,0.00,0,0,0,0,0
1779983974937,-5767,8092,-5291,-482,-62,-67,walking,0.00,0,0,0,0,0
1779983974965,-6387,9669,-5876,-507,-69,-12,walking,0.00,0,0,0,0,0
1779983974965,-7065,10341,-6534,-434,-68,-38,walking,0.00,0,0,0,0,0
1779983974966,-7748,10565,-7344,-302,-52,-75,walking,0.00,0,0,0,0,0
1779983974995,-8226,10612,-8255,-163,-31,-105,walking,0.00,0,0,0,0,0
1779983974995,-8474,10335,-8960,-27,-5,-120,walking,0.00,0,0,0,0,0
1779983974996,-8999,10356,-9626,112,34,-99,walking,0.00,0,0,0,0,0
1779983975027,-9551,10303,-10092,227,75,-70,walking,0.00,0,0,0,0,0
1779983975028,-9922,10115,-10040,272,93,-33,walking,0.00,0,0,0,0,0
1779983975029,-10547,9843,-9209,260,76,-21,walking,0.00,0,0,0,0,0
1779983975055,-10970,10064,-8521,236,57,38,walking,0.00,0,0,0,0,0
1779983975056,-11534,11157,-8118,223,18,135,walking,0.00,0,0,0,0,0
1779983975057,-12107,12610,-8159,215,-51,181,walking,0.00,0,0,0,0,0
1779983975085,-12916,13840,-7834,184,-168,161,walking,0.00,0,0,0,0,0
1779983975086,-13842,13871,-6932,144,-272,135,walking,0.00,0,0,0,0,0
1779983975087,-14411,13731,-6444,109,-311,152,walking,0.00,0,0,0,0,0
1779983975118,-14897,14287,-6864,72,-297,227,walking,0.00,0,0,0,0,0
1779983975119,-15042,15118,-7878,-4,-242,303,walking,0.00,0,0,0,0,0
1779983975119,-15457,15554,-9019,-117,-168,344,walking,0.00,0,0,0,0,0
1779983975146,-15599,15460,-10093,-226,-42,369,walking,0.00,0,0,0,0,0
1779983975147,-15479,15313,-10579,-281,153,360,walking,0.00,0,0,0,0,0
1779983975147,-14961,15713,-11091,-274,379,315,walking,0.00,0,0,0,0,0
1779983975174,-13557,15696,-10409,-236,566,213,walking,0.00,0,0,0,0,0
1779983975177,-12118,14207,-9042,-178,698,81,walking,0.00,0,0,0,0,0
1779983975178,-12638,13679,-7675,-181,707,72,walking,0.00,0,0,0,0,0
1779983975203,-14266,13238,-5749,-239,627,53,walking,0.00,0,0,0,0,0
1779983975204,-13990,12841,-5052,-305,591,35,walking,0.00,0,0,0,0,0
1779983975204,-13904,12730,-4303,-407,497,72,walking,0.00,0,0,0,0,0
1779983975238,-13750,12687,-2788,-451,379,116,walking,0.00,0,0,0,0,0
1779983975239,-13017,12028,-1761,-370,293,155,walking,0.00,0,0,0,0,0
1779983975239,-12276,12042,-1370,-210,230,211,walking,0.00,0,0,0,0,0
1779983975265,-11504,11787,-1403,-25,174,183,walking,0.00,0,0,0,0,0
1779983975269,-10854,11388,-1374,117,102,145,walking,0.00,0,0,0,0,0
1779983975270,-10382,11284,-1101,204,3,97,walking,0.00,0,0,0,0,0
1779983975296,-10143,11234,-1037,238,-95,23,walking,0.00,0,0,0,0,0
1779983975296,-10403,13125,-1018,305,-281,32,walking,0.00,0,0,0,0,0
1779983975297,-10729,13721,-1159,350,-358,-62,walking,0.00,0,0,0,0,0
1779983975327,-11005,14151,-1455,326,-416,-202,walking,0.00,0,0,0,0,0
1779983975327,-11390,14416,-1576,223,-472,-372,walking,0.00,0,0,0,0,0
1779983975328,-11870,14749,-1638,117,-496,-458,walking,0.00,0,0,0,0,0
1779983975353,-12340,15734,-2602,80,-470,-422,walking,0.00,0,0,0,0,0
1779983975354,-12625,15958,-2901,22,-474,-403,walking,0.00,0,0,0,0,0
1779983975354,-12565,14639,-2339,7,-490,-410,walking,0.00,0,0,0,0,0
1779983975385,-11993,12745,-2298,27,-439,-359,walking,0.00,0,0,0,0,0
1779983975386,-11340,11828,-3038,16,-364,-237,walking,0.00,0,0,0,0,0
1779983975386,-10607,11816,-3807,0,-314,-131,walking,0.00,0,0,0,0,0
1779983975414,-9798,11226,-4030,21,-286,-79,walking,0.00,0,0,0,0,0
1779983975415,-9240,9958,-3897,96,-263,-60,walking,0.00,0,0,0,0,0
1779983975416,-8871,8540,-3885,154,-228,-62,walking,0.00,0,0,0,0,0
1779983975446,-8120,7200,-3828,158,-200,-55,walking,0.00,0,0,0,0,0
1779983975476,-7260,6419,-3783,113,-192,-49,walking,0.00,0,0,0,0,0
1779983975477,-6870,6335,-4040,26,-183,-65,walking,0.00,0,0,0,0,0
1779983975477,-6875,6417,-3925,-64,-198,-110,walking,0.00,0,0,0,0,0
1779983975478,-6902,6513,-3726,-110,-203,-161,walking,0.00,0,0,0,0,0
1779983975478,-6760,6733,-3621,-120,-200,-189,walking,0.00,0,0,0,0,0
1779983975504,-6950,7267,-3628,-106,-206,-190,walking,0.00,0,0,0,0,0
1779983975505,-6783,7862,-3561,-64,-224,-214,walking,0.00,0,0,0,0,0
1779983975506,-6858,7798,-3418,-5,-250,-279,walking,0.00,0,0,0,0,0
1779983975536,-7046,7899,-3167,57,-273,-290,walking,0.00,0,0,0,0,0
1779983975538,-7063,8227,-3227,106,-278,-287,walking,0.00,0,0,0,0,0
1779983975538,-7008,8624,-3405,123,-287,-295,walking,0.00,0,0,0,0,0
1779983975563,-7156,9115,-3684,104,-299,-323,walking,0.00,0,0,0,0,0
1779983975564,-7408,9578,-3859,51,-303,-360,walking,0.00,0,0,0,0,0
1779983975567,-7742,10366,-3856,-14,-302,-384,walking,0.00,0,0,0,0,0
1779983975594,-8120,11346,-4218,-69,-291,-402,walking,0.00,0,0,0,0,0
1779983975595,-8492,12289,-4577,-117,-279,-429,walking,0.00,0,0,0,0,0
1779983975596,-8909,12927,-4604,-137,-265,-447,walking,0.00,0,0,0,0,0
1779983975629,-9285,13376,-4820,-133,-229,-438,walking,0.00,0,0,0,0,0
1779983975630,-9588,14154,-5301,-129,-189,-404,walking,0.00,0,0,0,0,0
1779983975630,-10234,15117,-5743,-139,-165,-388,walking,0.00,0,0,0,0,0
1779983975655,-10974,15550,-5565,-147,-168,-399,walking,0.00,0,0,0,0,0
1779983975659,-11609,15721,-5509,-124,-150,-381,walking,0.00,0,0,0,0,0
1779983975660,-12040,16600,-6062,-94,-126,-323,walking,0.00,0,0,0,0,0
1779983975684,-12510,17317,-6107,-89,-153,-292,walking,0.00,0,0,0,0,0
1779983975685,-12859,17406,-5868,-91,-180,-291,walking,0.00,0,0,0,0,0
1779983975685,-13324,17247,-5985,-96,-180,-281,walking,0.00,0,0,0,0,0
1779983975713,-13787,17242,-6274,-99,-166,-220,walking,0.00,0,0,0,0,0
1779983975714,-13948,16878,-6547,-87,-123,-149,walking,0.00,0,0,0,0,0
1779983975715,-13842,16312,-6985,-70,-57,-97,walking,0.00,0,0,0,0,0
1779983975743,-13977,15798,-7418,-85,25,-81,walking,0.00,0,0,0,0,0
1779983975744,-14308,15353,-7662,-124,121,-91,walking,0.00,0,0,0,0,0
1779983975744,-14687,15421,-7864,-165,216,-95,walking,0.00,0,0,0,0,0
1779983975776,-15148,15731,-7708,-174,292,-99,walking,0.00,0,0,0,0,0
1779983975777,-15403,15531,-7042,-139,345,-119,walking,0.00,0,0,0,0,0
1779983975777,-15119,14847,-6022,-114,370,-156,walking,0.00,0,0,0,0,0
1779983975805,-14814,14310,-4964,-108,360,-136,walking,0.00,0,0,0,0,0
1779983975809,-14650,14013,-3846,-79,322,-29,walking,0.00,0,0,0,0,0
1779983975810,-14406,13347,-3096,29,279,131,walking,0.00,0,0,0,0,0
1779983975834,-14109,11877,-2546,195,218,291,walking,0.00,0,0,0,0,0
1779983975838,-13743,10424,-1646,376,138,466,walking,0.00,0,0,0,0,0
1779983975838,-13524,9370,-1030,548,93,633,walking,0.00,0,0,0,0,0
1779983975868,-13241,8676,-897,688,84,749,walking,0.00,0,0,0,0,0
1779983975869,-13542,8301,-903,784,70,793,walking,0.00,0,0,0,0,0
1779983975870,-14061,8170,-937,832,55,749,walking,0.00,0,0,0,0,0
1779983975896,-14937,8062,-970,864,51,643,walking,0.00,0,0,0,0,0
1779983975896,-15537,7885,-1126,897,70,530,walking,0.00,0,0,0,0,0
1779983975897,-15773,7515,-1418,887,111,419,walking,0.00,0,0,0,0,0
1779983975926,-15538,6890,-1830,794,148,324,walking,0.00,0,0,0,0,0
1779983975927,-14877,6499,-2203,623,172,264,walking,0.00,0,0,0,0,0
1779983975927,-14331,6194,-2636,398,179,196,walking,0.00,0,0,0,0,0
1779983975954,-13771,6247,-2948,160,181,154,walking,0.00,0,0,0,0,0
1779983975954,-13157,6648,-3358,-43,197,127,walking,0.00,0,0,0,0,0
1779983975955,-12481,6863,-3422,-179,201,115,walking,0.00,0,0,0,0,0
1779983975985,-11855,7141,-3634,-278,212,117,walking,0.00,0,0,0,0,0
1779983975986,-11271,7599,-3584,-348,220,128,walking,0.00,0,0,0,0,0
1779983975986,-10377,8053,-3574,-349,232,142,walking,0.00,0,0,0,0,0
1779983976014,-9389,8241,-3768,-295,250,152,walking,0.00,0,0,0,0,0
1779983976018,-8539,8377,-3890,-215,253,158,walking,0.00,0,0,0,0,0
1779983976019,-7993,8193,-3762,-136,242,149,walking,0.00,0,0,0,0,0
1779983976045,-7256,7850,-3572,-64,237,139,walking,0.00,0,0,0,0,0
1779983976046,-6835,7585,-3628,-26,224,119,walking,0.00,0,0,0,0,0
1779983976046,-6638,7567,-3710,-44,202,108,walking,0.00,0,0,0,0,0
1779983976076,-6671,7735,-3621,-84,160,99,walking,0.00,0,0,0,0,0
1779983976077,-6582,7952,-3653,-109,122,96,walking,0.00,0,0,0,0,0
1779983976077,-6556,8170,-3847,-121,89,85,walking,0.00,0,0,0,0,0
1779983976104,-6592,7881,-4053,-158,42,15,walking,0.00,0,0,0,0,0
1779983976104,-6875,7729,-4179,-208,-9,2,walking,0.00,0,0,0,0,0
1779983976105,-7184,8604,-4664,-209,-32,66,walking,0.00,0,0,0,0,0
1779983976134,-7430,9307,-5391,-168,-48,78,walking,0.00,0,0,0,0,0
1779983976134,-7843,9613,-6411,-98,-65,37,walking,0.00,0,0,0,0,0
1779983976135,-8433,9890,-7541,-24,-76,-19,walking,0.00,0,0,0,0,0
1779983976167,-9098,9796,-8489,36,-59,-80,walking,0.00,0,0,0,0,0
1779983976168,-9447,9577,-9601,85,3,-96,walking,0.00,0,0,0,0,0
1779983976169,-9885,9654,-10338,100,79,-69,walking,0.00,0,0,0,0,0
1779983976195,-10247,9748,-10209,69,139,-64,walking,0.00,0,0,0,0,0
1779983976196,-10140,9986,-10095,11,198,-53,walking,0.00,0,0,0,0,0
1779983976197,-10378,10794,-9969,-61,225,-17,walking,0.00,0,0,0,0,0
1779983976229,-11076,12038,-9306,-125,199,29,walking,0.00,0,0,0,0,0
1779983976229,-11556,12899,-8574,-113,152,90,walking,0.00,0,0,0,0,0
1779983976230,-11956,13453,-7859,-43,81,146,walking,0.00,0,0,0,0,0
1779983976253,-12349,14236,-6990,2,-4,187,walking,0.00,0,0,0,0,0
1779983976254,-12825,14696,-6370,30,-57,224,walking,0.00,0,0,0,0,0
1779983976254,-13328,14895,-6407,83,-85,260,walking,0.00,0,0,0,0,0
1779983976289,-13894,14819,-6629,93,-100,288,walking,0.00,0,0,0,0,0
1779983976290,-14370,14618,-7123,31,-87,334,walking,0.00,0,0,0,0,0
1779983976295,-14707,14034,-7515,-79,-35,368,walking,0.00,0,0,0,0,0
1779983976317,-14518,13764,-8602,-204,85,394,walking,0.00,0,0,0,0,0
1779983976317,-14507,13773,-9382,-366,216,376,walking,0.00,0,0,0,0,0
1779983976318,-13943,14207,-9960,-489,351,339,walking,0.00,0,0,0,0,0
1779983976342,-13321,14115,-9572,-569,468,256,walking,0.00,0,0,0,0,0
1779983976343,-13562,14427,-8906,-597,566,184,walking,0.00,0,0,0,0,0
1779983976344,-14873,14854,-7789,-586,597,112,walking,0.00,0,0,0,0,0
1779983976375,-14929,14808,-6299,-572,609,105,walking,0.00,0,0,0,0,0
1779983976376,-14468,14865,-5204,-524,580,183,walking,0.00,0,0,0,0,0
1779983976377,-14624,14701,-4078,-449,506,229,walking,0.00,0,0,0,0,0
1779983976404,-12972,13202,-2702,-105,423,266,walking,0.00,0,0,0,0,0
1779983976435,-11571,11754,-2494,106,387,276,walking,0.00,0,0,0,0,0
1779983976436,-10831,10090,-2050,200,333,278,walking,0.00,0,0,0,0,0
1779983976437,-10435,9862,-1393,206,264,319,walking,0.00,0,0,0,0,0
1779983976438,-9947,10732,-1309,210,195,291,walking,0.00,0,0,0,0,0
1779983976438,-9983,11508,-1454,215,111,179,walking,0.00,0,0,0,0,0
1779983976467,-10266,11993,-1163,228,4,76,walking,0.00,0,0,0,0,0
1779983976468,-10426,12724,-1396,273,-90,-27,walking,0.00,0,0,0,0,0
1779983976469,-10615,13186,-1685,253,-181,-145,walking,0.00,0,0,0,0,0
1779983976494,-11131,13383,-1851,173,-261,-268,walking,0.00,0,0,0,0,0
1779983976494,-11653,13783,-1935,67,-321,-354,walking,0.00,0,0,0,0,0
1779983976495,-11903,14451,-2553,-19,-349,-403,walking,0.00,0,0,0,0,0
1779983976527,-12491,14882,-3158,-81,-372,-465,walking,0.00,0,0,0,0,0
1779983976528,-12608,14775,-3332,-81,-379,-474,walking,0.00,0,0,0,0,0
1779983976529,-12249,13569,-3401,-11,-362,-436,walking,0.00,0,0,0,0,0
1779983976554,-11743,11898,-3490,8,-354,-361,walking,0.00,0,0,0,0,0
1779983976555,-11119,10983,-3788,-92,-354,-271,walking,0.00,0,0,0,0,0
1779983976555,-10461,10858,-3956,-209,-353,-188,walking,0.00,0,0,0,0,0
1779983976584,-9629,10972,-3899,-226,-338,-121,walking,0.00,0,0,0,0,0
1779983976585,-8658,10656,-3995,-133,-314,-90,walking,0.00,0,0,0,0,0
1779983976585,-8163,9805,-3947,-19,-311,-85,walking,0.00,0,0,0,0,0
1779983976620,-7617,8877,-3819,75,-308,-98,walking,0.00,0,0,0,0,0
1779983976620,-7047,8162,-3782,157,-291,-114,walking,0.00,0,0,0,0,0
1779983976621,-6849,7442,-3679,234,-265,-130,walking,0.00,0,0,0,0,0
1779983976644,-6695,6862,-3764,278,-225,-131,walking,0.00,0,0,0,0,0
1779983976645,-6564,6614,-3902,285,-198,-138,walking,0.00,0,0,0,0,0
1779983976645,-6320,6507,-3754,264,-186,-150,walking,0.00,0,0,0,0,0
1779983976675,-6171,6140,-3577,214,-170,-170,walking,0.00,0,0,0,0,0
1779983976675,-5943,6502,-3520,118,-169,-179,walking,0.00,0,0,0,0,0
1779983976676,-6051,6546,-3144,-31,-183,-292,walking,0.00,0,0,0,0,0
1779983976703,-6067,6500,-2992,-165,-178,-360,walking,0.00,0,0,0,0,0
1779983976704,-5995,7433,-2942,-260,-175,-316,walking,0.00,0,0,0,0,0
1779983976705,-6014,8301,-2906,-329,-165,-300,walking,0.00,0,0,0,0,0
1779983976736,-6176,9109,-3173,-366,-157,-305,walking,0.00,0,0,0,0,0
1779983976737,-6339,10030,-3444,-395,-164,-300,walking,0.00,0,0,0,0,0
1779983976738,-6640,10959,-3662,-399,-170,-295,walking,0.00,0,0,0,0,0
1779983976766,-7070,11862,-3856,-377,-181,-305,walking,0.00,0,0,0,0,0
1779983976767,-7483,12734,-4176,-344,-197,-323,walking,0.00,0,0,0,0,0
1779983976768,-8048,13600,-4559,-304,-211,-347,walking,0.00,0,0,0,0,0
1779983976794,-8760,14498,-4751,-236,-219,-356,walking,0.00,0,0,0,0,0
1779983976800,-9315,15132,-5138,-171,-216,-377,walking,0.00,0,0,0,0,0
1779983976801,-10001,15756,-5518,-146,-223,-395,walking,0.00,0,0,0,0,0
1779983976825,-10809,16533,-5708,-130,-222,-386,walking,0.00,0,0,0,0,0
1779983976826,-11825,17336,-5918,-112,-209,-375,walking,0.00,0,0,0,0,0
1779983976827,-13051,18171,-6034,-76,-199,-363,walking,0.00,0,0,0,0,0
1779983976854,-13948,18661,-6289,-29,-185,-338,walking,0.00,0,0,0,0,0
1779983976855,-14371,18620,-6554,-1,-176,-315,walking,0.00,0,0,0,0,0
1779983976855,-14615,17990,-6765,-27,-157,-291,walking,0.00,0,0,0,0,0
1779983976886,-15041,17492,-7083,-103,-129,-223,walking,0.00,0,0,0,0,0
1779983976887,-15389,17322,-7373,-183,-80,-148,walking,0.00,0,0,0,0,0
1779983976887,-15422,17277,-7757,-233,11,-89,walking,0.00,0,0,0,0,0
1779983976916,-15575,17133,-8069,-222,111,-47,walking,0.00,0,0,0,0,0
1779983976917,-15397,16597,-8591,-131,211,-31,walking,0.00,0,0,0,0,0
1779983976917,-14432,15435,-8971,-4,318,-68,walking,0.00,0,0,0,0,0
1779983976944,-14243,14450,-8534,56,407,-136,walking,0.00,0,0,0,0,0
1779983976945,-14011,13915,-7475,18,455,-154,walking,0.00,0,0,0,0,0
1779983976945,-14340,14126,-5924,-65,445,-125,walking,0.00,0,0,0,0,0
1779983976975,-14609,14403,-4328,-92,425,-59,walking,0.00,0,0,0,0,0
1779983976975,-14257,14245,-3451,21,387,75,walking,0.00,0,0,0,0,0
1779983976976,-13603,13002,-2715,186,294,242,walking,0.00,0,0,0,0,0
1779983977008,-12753,11828,-1596,331,174,450,walking,0.00,0,0,0,0,0
1779983977008,-11737,11055,-1021,504,102,650,walking,0.00,0,0,0,0,0
1779983977009,-11550,9932,-835,679,65,789,walking,0.00,0,0,0,0,0
1779983977034,-12168,8957,-886,841,43,878,walking,0.00,0,0,0,0,0
1779983977035,-13162,8513,-1017,953,27,904,walking,0.00,0,0,0,0,0
1779983977035,-14091,8545,-1261,1026,22,842,walking,0.00,0,0,0,0,0
1779983977066,-14664,8097,-1411,1094,23,703,walking,0.00,0,0,0,0,0
1779983977067,-15109,7562,-1588,1108,43,571,walking,0.00,0,0,0,0,0
1779983977067,-15324,7167,-1944,1048,77,481,walking,0.00,0,0,0,0,0
1779983977096,-15452,6620,-2310,930,119,413,walking,0.00,0,0,0,0,0
1779983977100,-15217,6355,-2906,733,166,347,walking,0.00,0,0,0,0,0
1779983977101,-14885,6338,-3367,458,186,251,walking,0.00,0,0,0,0,0
1779983977124,-13858,6100,-3614,183,199,185,walking,0.00,0,0,0,0,0
1779983977126,-13085,6007,-3863,-87,225,141,walking,0.00,0,0,0,0,0
1779983977127,-12506,6558,-4223,-317,245,126,walking,0.00,0,0,0,0,0
1779983977153,-11636,7428,-4480,-499,249,107,walking,0.00,0,0,0,0,0
1779983977153,-11056,8494,-4523,-607,252,79,walking,0.00,0,0,0,0,0
1779983977154,-10190,9233,-4446,-600,269,66,walking,0.00,0,0,0,0,0
1779983977185,-9045,9519,-4511,-489,290,76,walking,0.00,0,0,0,0,0
1779983977185,-7987,9363,-4379,-346,297,79,walking,0.00,0,0,0,0,0
1779983977186,-7302,9160,-4294,-223,305,79,walking,0.00,0,0,0,0,0
1779983977218,-6827,8911,-4297,-139,290,87,walking,0.00,0,0,0,0,0
1779983977219,-6295,8807,-4138,-93,249,98,walking,0.00,0,0,0,0,0
1779983977219,-6117,8642,-4140,-85,197,75,walking,0.00,0,0,0,0,0
1779983977243,-5875,8576,-4058,-113,138,57,walking,0.00,0,0,0,0,0
1779983977244,-5917,8465,-4059,-138,85,47,walking,0.00,0,0,0,0,0
1779983977244,-5944,8339,-4449,-190,42,16,walking,0.00,0,0,0,0,0
1779983977278,-5979,8271,-4627,-275,-9,-3,walking,0.00,0,0,0,0,0
1779983977278,-6308,9142,-4889,-297,-45,73,walking,0.00,0,0,0,0,0
1779983977278,-6707,10326,-5426,-234,-71,139,walking,0.00,0,0,0,0,0
1779983977303,-7129,10496,-6112,-121,-97,91,walking,0.00,0,0,0,0,0
1779983977304,-7602,10099,-6668,11,-117,47,walking,0.00,0,0,0,0,0
1779983977307,-7903,9748,-7316,139,-116,59,walking,0.00,0,0,0,0,0
1779983977333,-8027,9304,-8296,245,-96,70,walking,0.00,0,0,0,0,0
1779983977333,-8326,8722,-8843,293,-85,71,walking,0.00,0,0,0,0,0
1779983977334,-8691,8375,-9042,288,-83,70,walking,0.00,0,0,0,0,0
1779983977365,-8704,8490,-9196,238,-80,65,walking,0.00,0,0,0,0,0
1779983977366,-8811,9079,-9121,170,-90,62,walking,0.00,0,0,0,0,0
1779983977367,-9296,9789,-8771,136,-106,65,walking,0.00,0,0,0,0,0
1779983977394,-9641,10559,-8365,122,-124,59,walking,0.00,0,0,0,0,0
1779983977394,-10038,11276,-7991,118,-163,53,walking,0.00,0,0,0,0,0
1779983977395,-10870,12289,-7655,119,-224,82,walking,0.00,0,0,0,0,0
1779983977425,-11816,13765,-7581,123,-293,107,walking,0.00,0,0,0,0,0
1779983977426,-12710,14467,-7157,100,-366,70,walking,0.00,0,0,0,0,0
1779983977426,-13136,14687,-6618,50,-403,30,walking,0.00,0,0,0,0,0
1779983977454,-13993,15327,-6789,16,-403,51,walking,0.00,0,0,0,0,0
1779983977457,-14751,15806,-7402,-1,-371,106,walking,0.00,0,0,0,0,0
1779983977458,-14851,15694,-8060,-30,-305,172,walking,0.00,0,0,0,0,0
1779983977486,-15228,15406,-8791,-112,-203,222,walking,0.00,0,0,0,0,0
1779983977487,-15187,14970,-9342,-247,-57,254,walking,0.00,0,0,0,0,0
1779983977487,-14127,15390,-10310,-494,344,294,walking,0.00,0,0,0,0,0
1779983977516,-13310,15839,-10075,-550,530,251,walking,0.00,0,0,0,0,0
1779983977517,-12963,16414,-9553,-556,680,220,walking,0.00,0,0,0,0,0
1779983977517,-14398,16734,-8838,-537,737,125,walking,0.00,0,0,0,0,0
1779983977544,-15812,16029,-7533,-537,755,44,walking,0.00,0,0,0,0,0
1779983977545,-15306,15520,-6538,-512,770,88,walking,0.00,0,0,0,0,0
1779983977545,-14101,14923,-5283,-418,731,163,walking,0.00,0,0,0,0,0
1779983977574,-12584,13931,-4248,-247,673,247,walking,0.00,0,0,0,0,0
1779983977575,-11401,12793,-3275,-23,593,302,walking,0.00,0,0,0,0,0
1779983977577,-10971,11698,-2470,203,523,349,walking,0.00,0,0,0,0,0
1779983977603,-10021,10679,-2318,341,457,409,walking,0.00,0,0,0,0,0
1779983977604,-9038,10318,-2045,343,335,438,walking,0.00,0,0,0,0,0
1779983977610,-9022,10521,-1424,290,178,372,walking,0.00,0,0,0,0,0
1779983977634,-9060,10966,-1323,240,62,281,walking,0.00,0,0,0,0,0
1779983977635,-8758,11866,-1522,238,-36,207,walking,0.00,0,0,0,0,0
1779983977636,-8682,12483,-1466,278,-161,102,walking,0.00,0,0,0,0,0
1779983977665,-8938,12751,-1527,345,-283,-20,walking,0.00,0,0,0,0,0
1779983977666,-9282,12468,-1612,375,-390,-134,walking,0.00,0,0,0,0,0
1779983977666,-9623,12866,-2188,336,-466,-200,walking,0.00,0,0,0,0,0
1779983977693,-10220,13391,-2236,261,-539,-273,walking,0.00,0,0,0,0,0
1779983977694,-10775,14095,-2643,235,-571,-338,walking,0.00,0,0,0,0,0
1779983977695,-11190,14021,-2800,258,-592,-380,walking,0.00,0,0,0,0,0
1779983977725,-11350,13234,-2728,325,-589,-376,walking,0.00,0,0,0,0,0
1779983977731,-11309,12239,-3081,373,-562,-320,walking,0.00,0,0,0,0,0
1779983977732,-11232,11224,-3370,315,-556,-236,walking,0.00,0,0,0,0,0
1779983977756,-10858,10832,-3535,194,-542,-138,walking,0.00,0,0,0,0,0
1779983977758,-10032,10719,-3984,131,-505,-69,walking,0.00,0,0,0,0,0
1779983977759,-9500,10601,-4626,98,-484,-39,walking,0.00,0,0,0,0,0
1779983977785,-9332,9583,-4296,35,-486,-43,walking,0.00,0,0,0,0,0
1779983977786,-8142,8976,-4183,27,-426,-21,walking,0.00,0,0,0,0,0
1779983977786,-7186,9008,-4462,70,-363,10,walking,0.00,0,0,0,0,0
1779983977817,-7097,8639,-4380,116,-333,14,walking,0.00,0,0,0,0,0
1779983977817,-7005,8061,-4113,166,-306,26,walking,0.00,0,0,0,0,0
1779983977817,-6334,7805,-4144,211,-281,44,walking,0.00,0,0,0,0,0
1779983977843,-5819,7795,-4017,211,-292,7,walking,0.00,0,0,0,0,0
1779983977843,-5885,7173,-3737,157,-314,-69,walking,0.00,0,0,0,0,0
1779983977843,-5823,6954,-3744,60,-335,-94,walking,0.00,0,0,0,0,0
1779983977873,-5958,7298,-3750,-53,-365,-90,walking,0.00,0,0,0,0,0
1779983977874,-6018,8040,-3794,-140,-385,-88,walking,0.00,0,0,0,0,0
1779983977874,-5870,8562,-3838,-185,-404,-113,walking,0.00,0,0,0,0,0
1779983977904,-5871,8766,-4013,-207,-415,-151,walking,0.00,0,0,0,0,0
1779983977905,-6040,8929,-4155,-237,-417,-181,walking,0.00,0,0,0,0,0
1779983977905,-6482,9263,-4097,-293,-420,-201,walking,0.00,0,0,0,0,0
1779983977933,-6946,9977,-4243,-361,-408,-215,walking,0.00,0,0,0,0,0
1779983977934,-7174,11307,-4571,-408,-392,-213,walking,0.00,0,0,0,0,0
1779983977934,-7546,12913,-4808,-395,-404,-220,walking,0.00,0,0,0,0,0
1779983977966,-8014,14054,-5025,-312,-406,-253,walking,0.00,0,0,0,0,0
1779983977967,-8712,14774,-5364,-183,-383,-287,walking,0.00,0,0,0,0,0
1779983977968,-9252,15216,-5762,-61,-349,-303,walking,0.00,0,0,0,0,0
1779983977993,-9725,15625,-5941,31,-322,-296,walking,0.00,0,0,0,0,0
1779983977994,-10672,16072,-5976,87,-297,-282,walking,0.00,0,0,0,0,0
1779983977994,-11521,16392,-6243,116,-262,-282,walking,0.00,0,0,0,0,0
1779983978025,-12439,17026,-6348,124,-232,-252,walking,0.00,0,0,0,0,0
1779983978056,-13010,17813,-6505,147,-200,-222,walking,0.00,0,0,0,0,0
1779983978057,-13870,17905,-6447,196,-183,-217,walking,0.00,0,0,0,0,0
1779983978058,-14433,17372,-6684,239,-148,-200,walking,0.00,0,0,0,0,0
1779983978058,-14412,16573,-6855,223,-106,-176,walking,0.00,0,0,0,0,0
1779983978059,-14235,15961,-7090,157,-64,-130,walking,0.00,0,0,0,0,0
1779983978085,-14277,15672,-7459,72,-12,-84,walking,0.00,0,0,0,0,0
1779983978085,-14217,15328,-8130,-7,72,-88,walking,0.00,0,0,0,0,0
1779983978086,-14311,14890,-8830,-61,173,-112,walking,0.00,0,0,0,0,0
1779983978115,-14568,14803,-9160,-95,288,-138,walking,0.00,0,0,0,0,0
1779983978116,-14115,14601,-9211,-98,402,-181,walking,0.00,0,0,0,0,0
1779983978117,-13065,14072,-8681,-62,500,-216,walking,0.00,0,0,0,0,0
1779983978145,-12801,13865,-7788,-70,566,-216,walking,0.00,0,0,0,0,0
1779983978146,-13349,14432,-6141,-134,567,-169,walking,0.00,0,0,0,0,0
1779983978150,-14831,15479,-4424,-162,529,-98,walking,0.00,0,0,0,0,0
1779983978175,-15912,16418,-3668,-29,472,21,walking,0.00,0,0,0,0,0
1779983978175,-14987,16274,-2542,229,362,135,walking,0.00,0,0,0,0,0
1779983978177,-13354,14411,-1734,532,284,229,walking,0.00,0,0,0,0,0
1779983978210,-12718,11833,-1137,765,222,360,walking,0.00,0,0,0,0,0
1779983978210,-12101,9971,-911,854,179,536,walking,0.00,0,0,0,0,0
1779983978211,-11846,9385,-1115,847,141,687,walking,0.00,0,0,0,0,0
1779983978235,-12080,9275,-1321,826,88,739,walking,0.00,0,0,0,0,0
1779983978235,-12763,9032,-1444,830,42,685,walking,0.00,0,0,0,0,0
1779983978236,-13108,8533,-1691,834,23,568,walking,0.00,0,0,0,0,0
1779983978267,-13124,8022,-1842,817,16,432,walking,0.00,0,0,0,0,0
1779983978268,-12785,7325,-2510,747,26,297,walking,0.00,0,0,0,0,0
1779983978268,-12371,7019,-3079,617,24,219,walking,0.00,0,0,0,0,0
1779983978298,-12161,7057,-3453,473,12,179,walking,0.00,0,0,0,0,0
1779983978299,-12020,7414,-3870,341,8,138,walking,0.00,0,0,0,0,0
1779983978299,-11671,7728,-4199,244,19,79,walking,0.00,0,0,0,0,0
1779983978324,-11174,7650,-4447,199,42,33,walking,0.00,0,0,0,0,0
1779983978325,-10812,7498,-4618,170,74,4,walking,0.00,0,0,0,0,0
1779983978326,-10538,7411,-4815,118,118,-5,walking,0.00,0,0,0,0,0
1779983978357,-10161,7535,-4857,46,161,12,walking,0.00,0,0,0,0,0
1779983978358,-9577,7742,-4801,-21,203,27,walking,0.00,0,0,0,0,0
1779983978358,-8941,8138,-4733,-62,239,41,walking,0.00,0,0,0,0,0
1779983978384,-8318,8620,-4589,-85,267,39,walking,0.00,0,0,0,0,0
1779983978385,-7641,8684,-4383,-90,286,19,walking,0.00,0,0,0,0,0
1779983978386,-7236,8895,-4435,-89,281,10,walking,0.00,0,0,0,0,0
1779983978420,-7212,9052,-4319,-95,255,0,walking,0.00,0,0,0,0,0
1779983978421,-7316,9276,-4487,-109,237,-14,walking,0.00,0,0,0,0,0
1779983978423,-7504,9398,-4536,-132,205,-18,walking,0.00,0,0,0,0,0
1779983978444,-7780,9629,-4699,-126,170,4,walking,0.00,0,0,0,0,0
1779983978448,-7920,9542,-5102,-110,147,18,walking,0.00,0,0,0,0,0
1779983978449,-8165,9202,-5241,-120,120,34,walking,0.00,0,0,0,0,0
1779983978475,-8343,9002,-5709,-124,112,42,walking,0.00,0,0,0,0,0
1779983978475,-8449,8783,-6111,-130,107,44,walking,0.00,0,0,0,0,0
1779983978476,-8459,8849,-6465,-107,106,64,walking,0.00,0,0,0,0,0
1779983978506,-8403,8951,-7321,-35,110,71,walking,0.00,0,0,0,0,0
1779983978507,-8494,8715,-8226,11,96,41,walking,0.00,0,0,0,0,0
1779983978508,-8721,8388,-8890,17,76,15,walking,0.00,0,0,0,0,0
1779983978535,-8917,8466,-9653,23,65,-4,walking,0.00,0,0,0,0,0
1779983978539,-9000,8424,-10317,39,64,-33,walking,0.00,0,0,0,0,0
1779983978539,-9018,8331,-10812,29,71,-53,walking,0.00,0,0,0,0,0
1779983978565,-9372,8511,-11095,-19,71,-79,walking,0.00,0,0,0,0,0
1779983978566,-9685,9147,-11125,-117,76,-95,walking,0.00,0,0,0,0,0
1779983978567,-10028,10200,-10530,-208,73,-54,walking,0.00,0,0,0,0,0
1779983978595,-10137,11704,-10256,-222,75,17,walking,0.00,0,0,0,0,0
1779983978601,-10687,14670,-9134,-156,1,147,walking,0.00,0,0,0,0,0
1779983978602,-10954,15646,-8154,-84,-15,163,walking,0.00,0,0,0,0,0
1779983978624,-11035,16156,-7412,44,-1,164,walking,0.00,0,0,0,0,0
1779983978625,-11292,16134,-7229,169,23,189,walking,0.00,0,0,0,0,0
1779983978626,-11913,15768,-7524,208,26,235,walking,0.00,0,0,0,0,0
1779983978656,-12628,14899,-7521,78,17,269,walking,0.00,0,0,0,0,0
1779983978657,-13134,14361,-8124,-112,58,294,walking,0.00,0,0,0,0,0
1779983978657,-13424,14211,-9125,-318,140,295,walking,0.00,0,0,0,0,0
1779983978683,-13597,14222,-9937,-459,249,300,walking,0.00,0,0,0,0,0
1779983978684,-13774,14557,-10506,-479,360,285,walking,0.00,0,0,0,0,0
1779983978684,-13837,14503,-10473,-464,444,193,walking,0.00,0,0,0,0,0
1779983978714,-14658,14489,-10227,-411,486,119,walking,0.00,0,0,0,0,0
1779983978715,-14972,13933,-9198,-374,490,67,walking,0.00,0,0,0,0,0
1779983978716,-14334,13518,-7623,-353,472,58,walking,0.00,0,0,0,0,0
1779983978747,-13797,13563,-6244,-285,423,96,walking,0.00,0,0,0,0,0
1779983978748,-13235,13233,-4948,-176,362,138,walking,0.00,0,0,0,0,0
1779983978750,-12448,12817,-4097,-13,322,183,walking,0.00,0,0,0,0,0
1779983978775,-11429,12443,-3691,127,278,209,walking,0.00,0,0,0,0,0
1779983978804,-10637,11890,-3155,188,207,197,walking,0.00,0,0,0,0,0
1779983978805,-10280,11780,-2864,199,146,201,walking,0.00,0,0,0,0,0
1779983978805,-10030,12024,-2477,175,73,177,walking,0.00,0,0,0,0,0
1779983978805,-10005,12386,-2216,143,-5,104,walking,0.00,0,0,0,0,0
1779983978805,-9815,12471,-1922,96,-82,6,walking,0.00,0,0,0,0,0
1779983978833,-9652,12661,-1760,46,-150,-65,walking,0.00,0,0,0,0,0
1779983978834,-9925,12989,-1807,-21,-202,-97,walking,0.00,0,0,0,0,0
1779983978835,-10159,13821,-1900,-92,-237,-117,walking,0.00,0,0,0,0,0
1779983978863,-10341,14711,-2016,-102,-256,-134,walking,0.00,0,0,0,0,0
1779983978864,-10553,15081,-2485,-48,-260,-156,walking,0.00,0,0,0,0,0
1779983978864,-10709,14710,-2986,-6,-267,-234,walking,0.00,0,0,0,0,0
1779983978893,-10692,13445,-3243,33,-266,-280,walking,0.00,0,0,0,0,0
1779983978893,-10328,11940,-3594,2,-264,-240,walking,0.00,0,0,0,0,0
1779983978893,-9983,10965,-3540,-141,-269,-166,walking,0.00,0,0,0,0,0
1779983978923,-9638,11156,-3866,-278,-272,-126,walking,0.00,0,0,0,0,0
1779983978924,-9171,10824,-4007,-344,-279,-134,walking,0.00,0,0,0,0,0
1779983978924,-8378,10451,-4062,-324,-277,-124,walking,0.00,0,0,0,0,0
1779983978955,-7774,9958,-4047,-247,-272,-88,walking,0.00,0,0,0,0,0
1779983978956,-7413,8986,-3981,-167,-274,-64,walking,0.00,0,0,0,0,0
1779983978961,-6931,7955,-3959,-121,-269,-71,walking,0.00,0,0,0,0,0
1779983978983,-6290,7510,-4216,-74,-257,-67,walking,0.00,0,0,0,0,0
1779983978983,-6238,7164,-4395,-49,-260,-79,walking,0.00,0,0,0,0,0
1779983978984,-5998,6525,-4426,-85,-262,-140,walking,0.00,0,0,0,0,0
1779983979015,-5998,6268,-4507,-164,-260,-185,walking,0.00,0,0,0,0,0
1779983979016,-6148,6512,-4416,-254,-249,-203,walking,0.00,0,0,0,0,0
1779983979016,-6242,7127,-4618,-321,-222,-213,walking,0.00,0,0,0,0,0
1779983979047,-6175,7965,-4698,-339,-201,-198,walking,0.00,0,0,0,0,0
1779983979049,-6285,8693,-4541,-318,-193,-196,walking,0.00,0,0,0,0,0
1779983979049,-6288,9134,-4449,-287,-182,-233,walking,0.00,0,0,0,0,0
1779983979075,-6155,9345,-4508,-277,-168,-297,walking,0.00,0,0,0,0,0
1779983979076,-6262,10154,-4608,-280,-164,-307,walking,0.00,0,0,0,0,0
1779983979077,-6611,11073,-4612,-274,-165,-305,walking,0.00,0,0,0,0,0
1779983979105,-6846,11775,-4852,-248,-166,-325,walking,0.00,0,0,0,0,0
1779983979105,-7165,12640,-4775,-232,-190,-359,walking,0.00,0,0,0,0,0
1779983979106,-7549,12889,-4700,-139,-190,-370,walking,0.00,0,0,0,0,0
1779983979133,-7880,13133,-5209,-70,-179,-361,walking,0.00,0,0,0,0,0
1779983979134,-8152,13638,-5520,-63,-185,-343,walking,0.00,0,0,0,0,0
1779983979134,-8702,14743,-5954,-86,-199,-336,walking,0.00,0,0,0,0,0
1779983979166,-9543,15465,-5849,-103,-214,-365,walking,0.00,0,0,0,0,0
1779983979167,-10389,16069,-6147,-82,-182,-374,walking,0.00,0,0,0,0,0
1779983979167,-11348,16646,-6516,-54,-140,-348,walking,0.00,0,0,0,0,0
1779983979197,-12406,17496,-6909,-19,-91,-308,walking,0.00,0,0,0,0,0
1779983979198,-13094,18090,-7050,9,-40,-293,walking,0.00,0,0,0,0,0
1779983979198,-13492,17770,-6973,32,5,-298,walking,0.00,0,0,0,0,0
1779983979225,-13604,17084,-7035,17,58,-280,walking,0.00,0,0,0,0,0
1779983979226,-13757,16385,-7080,-54,116,-234,walking,0.00,0,0,0,0,0
1779983979227,-13358,15987,-7222,-150,196,-158,walking,0.00,0,0,0,0,0
1779983979257,-13034,15835,-7473,-273,280,-120,walking,0.00,0,0,0,0,0
1779983979258,-13001,15729,-7576,-423,355,-130,walking,0.00,0,0,0,0,0
1779983979259,-13092,15382,-7536,-530,435,-149,walking,0.00,0,0,0,0,0
1779983979288,-13317,15312,-7609,-547,536,-149,walking,0.00,0,0,0,0,0
1779983979289,-13356,14991,-7395,-498,631,-165,walking,0.00,0,0,0,0,0
1779983979289,-13224,14423,-7146,-470,704,-228,walking,0.00,0,0,0,0,0
1779983979313,-13236,14123,-6633,-506,734,-278,walking,0.00,0,0,0,0,0
1779983979314,-13684,14693,-5349,-540,708,-258,walking,0.00,0,0,0,0,0
1779983979315,-14248,15003,-4176,-442,654,-185,walking,0.00,0,0,0,0,0
1779983979346,-13956,14538,-3508,-256,570,-74,walking,0.00,0,0,0,0,0
1779983979347,-12787,13543,-2868,-64,433,60,walking,0.00,0,0,0,0,0
1779983979348,-11865,12334,-2298,146,295,204,walking,0.00,0,0,0,0,0
1779983979375,-11534,11180,-2344,364,180,360,walking,0.00,0,0,0,0,0
1779983979381,-11778,10319,-2596,547,60,488,walking,0.00,0,0,0,0,0
1779983979381,-12634,9470,-2908,692,-36,572,walking,0.00,0,0,0,0,0
1779983979408,-13628,9450,-3239,831,-97,630,walking,0.00,0,0,0,0,0
1779983979409,-14563,9342,-3308,983,-154,571,walking,0.00,0,0,0,0,0
1779983979409,-14378,8042,-3598,1094,-173,435,walking,0.00,0,0,0,0,0
1779983979433,-14234,6818,-4140,1026,-153,303,walking,0.00,0,0,0,0,0
1779983979434,-13896,5768,-4371,774,-137,146,walking,0.00,0,0,0,0,0
1779983979434,-13644,5778,-4305,472,-144,72,walking,0.00,0,0,0,0,0
1779983979464,-12779,6796,-4534,215,-132,69,walking,0.00,0,0,0,0,0
1779983979465,-12316,7684,-4796,-4,-110,11,walking,0.00,0,0,0,0,0
1779983979465,-11800,8519,-4890,-142,-73,-66,walking,0.00,0,0,0,0,0
1779983979495,-11374,8983,-4931,-196,-37,-113,walking,0.00,0,0,0,0,0
1779983979495,-11122,9497,-4734,-176,12,-77,walking,0.00,0,0,0,0,0
1779983979496,-10246,9773,-4557,-96,71,-24,walking,0.00,0,0,0,0,0
1779983979524,-9507,9303,-4310,-44,111,-20,walking,0.00,0,0,0,0,0
1779983979524,-8548,8791,-3959,-47,137,-6,walking,0.00,0,0,0,0,0
1779983979525,-7568,8478,-3683,-76,140,31,walking,0.00,0,0,0,0,0
1779983979554,-6878,8533,-3516,-96,124,82,walking,0.00,0,0,0,0,0
1779983979563,-6418,8712,-3493,-97,95,111,walking,0.00,0,0,0,0,0
1779983979563,-6543,8813,-3463,-98,53,111,walking,0.00,0,0,0,0,0
1779983979582,-6530,8924,-3547,-83,14,92,walking,0.00,0,0,0,0,0
1779983979587,-6803,8626,-3820,-62,-23,78,walking,0.00,0,0,0,0,0
1779983979587,-7116,8817,-3945,-51,-63,87,walking,0.00,0,0,0,0,0
1779983979621,-7372,8412,-4374,-72,-100,34,walking,0.00,0,0,0,0,0
1779983979622,-7769,8076,-4914,-114,-144,42,walking,0.00,0,0,0,0,0
1779983979622,-8257,8538,-5428,-153,-175,105,walking,0.00,0,0,0,0,0
1779983979646,-8560,8984,-6181,-146,-186,118,walking,0.00,0,0,0,0,0
1779983979646,-8694,8959,-6921,-97,-194,78,walking,0.00,0,0,0,0,0
1779983979646,-9057,8451,-7627,-30,-188,24,walking,0.00,0,0,0,0,0
1779983979674,-9258,8178,-8636,27,-160,-2,walking,0.00,0,0,0,0,0
1779983979704,-9449,8201,-9451,36,-133,-19,walking,0.00,0,0,0,0,0
1779983979706,-9704,8522,-9880,41,-117,-22,walking,0.00,0,0,0,0,0
1779983979706,-9747,8864,-9900,67,-100,-17,walking,0.00,0,0,0,0,0
1779983979707,-9346,9370,-9546,99,-47,-12,walking,0.00,0,0,0,0,0
1779983979708,-9404,9581,-8809,76,-41,11,walking,0.00,0,0,0,0,0
1779983979765,-9670,10908,-8773,78,-30,93,walking,0.00,0,0,0,0,0
1779983979766,-9968,12292,-8392,41,-55,172,walking,0.00,0,0,0,0,0
1779983979766,-10941,13507,-7967,74,-129,217,walking,0.00,0,0,0,0,0
1779983979767,-11892,14563,-7738,104,-187,186,walking,0.00,0,0,0,0,0
1779983979768,-12722,14921,-7050,97,-221,171,walking,0.00,0,0,0,0,0
1779983979768,-13474,15619,-6758,185,-213,221,walking,0.00,0,0,0,0,0
1779983979795,-14060,15884,-6964,299,-170,263,walking,0.00,0,0,0,0,0
1779983979796,-14713,15394,-7628,328,-127,274,walking,0.00,0,0,0,0,0
1779983979797,-15577,14492,-8373,250,-86,272,walking,0.00,0,0,0,0,0
1779983979835,-16278,13765,-8861,88,-10,290,walking,0.00,0,0,0,0,0
1779983979835,-15872,13624,-9443,-64,119,327,walking,0.00,0,0,0,0,0
1779983979836,-15144,13084,-9864,-197,265,289,walking,0.00,0,0,0,0,0
1779983979858,-15350,13013,-9556,-340,398,216,walking,0.00,0,0,0,0,0
1779983979858,-15748,14468,-9406,-438,503,161,walking,0.00,0,0,0,0,0
1779983979859,-16652,15000,-8678,-489,537,31,walking,0.00,0,0,0,0,0
1779983979884,-16889,14401,-7078,-552,549,-93,walking,0.00,0,0,0,0,0
1779983979887,-16064,14892,-5993,-562,562,-68,walking,0.00,0,0,0,0,0
1779983979888,-15415,15165,-5159,-521,512,-49,walking,0.00,0,0,0,0,0
1779983979913,-14344,13811,-3917,-442,462,-90,walking,0.00,0,0,0,0,0
1779983979913,-12739,12639,-3210,-277,467,-30,walking,0.00,0,0,0,0,0
1779983979914,-11680,12337,-2921,-114,461,97,walking,0.00,0,0,0,0,0
1779983979945,-11105,11598,-2277,-16,410,152,walking,0.00,0,0,0,0,0
1779983979946,-10310,10902,-1276,14,352,162,walking,0.00,0,0,0,0,0
1779983979946,-9765,11081,-1073,8,300,146,walking,0.00,0,0,0,0,0
1779983979979,-9677,11900,-1328,-69,219,77,walking,0.00,0,0,0,0,0
1779983979980,-9557,12443,-472,-117,107,3,walking,0.00,0,0,0,0,0
1779983979981,-9186,13060,-457,-44,39,-75,walking,0.00,0,0,0,0,0
1779983980004,-8952,13235,-733,21,-18,-141,walking,0.00,0,0,0,0,0
1779983980008,-9306,13469,-1186,62,-74,-168,walking,0.00,0,0,0,0,0
1779983980008,-9728,13632,-1612,65,-116,-193,walking,0.00,0,0,0,0,0
1779983980033,-10095,13622,-1946,53,-150,-226,walking,0.00,0,0,0,0,0
1779983980034,-10394,13677,-2537,28,-169,-265,walking,0.00,0,0,0,0,0
1779983980038,-10761,13295,-3190,-30,-194,-313,walking,0.00,0,0,0,0,0
1779983980065,-10806,12388,-3107,-128,-223,-320,walking,0.00,0,0,0,0,0
1779983980065,-10665,11460,-2875,-169,-218,-269,walking,0.00,0,0,0,0,0
1779983980066,-10332,10689,-3390,-154,-177,-193,walking,0.00,0,0,0,0,0
1779983980095,-9838,10112,-4190,-178,-143,-103,walking,0.00,0,0,0,0,0
1779983980096,-9224,9755,-4434,-221,-134,-32,walking,0.00,0,0,0,0,0
1779983980096,-8759,9540,-4598,-192,-115,-13,walking,0.00,0,0,0,0,0
1779983980124,-8354,9188,-5034,-108,-76,-49,walking,0.00,0,0,0,0,0
1779983980125,-7970,8171,-5268,-34,-59,-131,walking,0.00,0,0,0,0,0
1779983980126,-7485,6685,-4865,-15,-51,-191,walking,0.00,0,0,0,0,0
1779983980157,-6818,6144,-4609,-37,-22,-168,walking,0.00,0,0,0,0,0
1779983980158,-6385,6162,-4648,-114,-4,-201,walking,0.00,0,0,0,0,0
1779983980159,-6156,6612,-4418,-218,-28,-241,walking,0.00,0,0,0,0,0
1779983980184,-6119,7524,-4206,-290,-63,-251,walking,0.00,0,0,0,0,0
1779983980187,-6209,8359,-4060,-327,-104,-289,walking,0.00,0,0,0,0,0
1779983980188,-6199,8551,-3665,-325,-139,-344,walking,0.00,0,0,0,0,0
1779983980214,-6084,9016,-3664,-299,-154,-370,walking,0.00,0,0,0,0,0
1779983980215,-6452,9498,-3704,-283,-172,-378,walking,0.00,0,0,0,0,0
1779983980216,-6742,9913,-3601,-270,-188,-365,walking,0.00,0,0,0,0,0
1779983980249,-6847,10464,-3862,-248,-193,-345,walking,0.00,0,0,0,0,0
1779983980274,-6866,11102,-4126,-225,-204,-331,walking,0.00,0,0,0,0,0
1779983980275,-6991,11661,-4232,-182,-214,-318,walking,0.00,0,0,0,0,0
1779983980276,-7375,12241,-4419,-127,-217,-316,walking,0.00,0,0,0,0,0
1779983980277,-7768,12542,-4638,-76,-216,-334,walking,0.00,0,0,0,0,0
1779983980280,-8121,12906,-5040,-37,-212,-346,walking,0.00,0,0,0,0,0
1779983980304,-8416,13387,-5209,-7,-220,-344,walking,0.00,0,0,0,0,0
1779983980307,-8834,13855,-5451,36,-205,-331,walking,0.00,0,0,0,0,0
1779983980307,-9332,14140,-5791,74,-178,-325,walking,0.00,0,0,0,0,0
1779983980337,-9645,14187,-5913,82,-158,-320,walking,0.00,0,0,0,0,0
1779983980337,-10081,14059,-5938,63,-123,-297,walking,0.00,0,0,0,0,0
1779983980338,-10514,14553,-6176,37,-78,-245,walking,0.00,0,0,0,0,0
1779983980365,-10992,15432,-6506,15,-51,-206,walking,0.00,0,0,0,0,0
1779983980366,-11724,16064,-6578,9,-43,-199,walking,0.00,0,0,0,0,0
1779983980370,-12282,16251,-6548,23,-38,-214,walking,0.00,0,0,0,0,0
1779983980400,-12561,16090,-6589,22,-25,-219,walking,0.00,0,0,0,0,0
1779983980401,-12652,16066,-6802,-16,0,-191,walking,0.00,0,0,0,0,0
1779983980402,-12647,15996,-6977,-96,10,-160,walking,0.00,0,0,0,0,0
1779983980424,-13004,16142,-6975,-191,24,-115,walking,0.00,0,0,0,0,0
1779983980424,-13074,16600,-7178,-249,79,-52,walking,0.00,0,0,0,0,0
1779983980425,-13331,16619,-7239,-254,150,-18,walking,0.00,0,0,0,0,0
1779983980455,-13206,16108,-7304,-202,233,3,walking,0.00,0,0,0,0,0
1779983980455,-12865,15348,-7553,-93,314,34,walking,0.00,0,0,0,0,0
1779983980456,-12829,14629,-7671,15,387,24,walking,0.00,0,0,0,0,0
1779983980486,-13260,13649,-7567,24,435,-43,walking,0.00,0,0,0,0,0
1779983980487,-13936,13289,-6580,-68,448,-97,walking,0.00,0,0,0,0,0
1779983980488,-14566,14092,-5197,-153,437,-63,walking,0.00,0,0,0,0,0
1779983980514,-15014,15422,-4240,-103,406,53,walking,0.00,0,0,0,0,0
1779983980515,-14549,15738,-3345,110,315,156,walking,0.00,0,0,0,0,0
1779983980516,-13745,14340,-2608,397,201,239,walking,0.00,0,0,0,0,0
1779983980545,-13387,12183,-2032,635,101,352,walking,0.00,0,0,0,0,0
1779983980545,-13498,10376,-2030,792,35,508,walking,0.00,0,0,0,0,0
1779983980546,-13467,9697,-2222,909,-17,685,walking,0.00,0,0,0,0,0
1779983980575,-13943,9560,-2326,1001,-46,767,walking,0.00,0,0,0,0,0
1779983980581,-14741,8893,-2716,1073,-47,726,walking,0.00,0,0,0,0,0
1779983980582,-15198,8354,-2946,1074,-46,615,walking,0.00,0,0,0,0,0
1779983980604,-14820,7605,-3197,995,-36,463,walking,0.00,0,0,0,0,0
1779983980606,-14230,7102,-3475,849,-27,360,walking,0.00,0,0,0,0,0
1779983980607,-13549,7304,-3816,679,-11,312,walking,0.00,0,0,0,0,0
1779983980637,-12962,7891,-4059,512,-5,272,walking,0.00,0,0,0,0,0
1779983980638,-12736,8389,-4097,391,4,234,walking,0.00,0,0,0,0,0
1779983980639,-12405,8820,-4223,323,29,200,walking,0.00,0,0,0,0,0
1779983980664,-12248,8776,-4081,287,55,156,walking,0.00,0,0,0,0,0
1779983980665,-11824,8307,-4051,268,105,147,walking,0.00,0,0,0,0,0
1779983980666,-11020,8216,-4198,191,154,161,walking,0.00,0,0,0,0,0
1779983980695,-10171,8285,-3981,115,188,173,walking,0.00,0,0,0,0,0
1779983980696,-9105,8237,-3952,69,227,183,walking,0.00,0,0,0,0,0
1779983980696,-8197,8258,-3951,19,242,189,walking,0.00,0,0,0,0,0
1779983980724,-7640,8134,-3670,-31,227,161,walking,0.00,0,0,0,0,0
1779983980724,-7134,8146,-3602,-67,211,138,walking,0.00,0,0,0,0,0
1779983980725,-6910,8552,-3546,-87,181,131,walking,0.00,0,0,0,0,0
1779983980754,-6610,8734,-3607,-78,150,117,walking,0.00,0,0,0,0,0
1779983980755,-6643,8990,-3752,-72,107,82,walking,0.00,0,0,0,0,0
1779983980756,-6779,8982,-3859,-52,53,57,walking,0.00,0,0,0,0,0
1779983980787,-7109,8822,-4056,-15,5,51,walking,0.00,0,0,0,0,0
1779983980787,-7200,8639,-4457,0,-39,48,walking,0.00,0,0,0,0,0
1779983980788,-7202,8419,-4809,-5,-90,39,walking,0.00,0,0,0,0,0
1779983980813,-7628,8009,-6108,-19,-166,55,walking,0.00,0,0,0,0,0
1779983980814,-7783,8205,-7153,2,-186,64,walking,0.00,0,0,0,0,0
1779983980814,-8265,8168,-8304,43,-213,28,walking,0.00,0,0,0,0,0
1779983980848,-8749,8004,-9260,76,-228,-7,walking,0.00,0,0,0,0,0
1779983980849,-9156,7941,-10130,117,-219,-34,walking,0.00,0,0,0,0,0
1779983980849,-9476,7715,-10651,140,-198,-93,walking,0.00,0,0,0,0,0
1779983980874,-9555,7703,-10538,116,-163,-135,walking,0.00,0,0,0,0,0
1779983980875,-9437,8372,-10688,71,-107,-126,walking,0.00,0,0,0,0,0
1779983980875,-9575,9319,-10501,20,-68,-109,walking,0.00,0,0,0,0,0
1779983980904,-9883,10092,-10082,-9,-52,-104,walking,0.00,0,0,0,0,0
1779983980904,-10208,11309,-9531,-59,-40,-63,walking,0.00,0,0,0,0,0
1779983980905,-10656,12510,-8983,-64,-47,5,walking,0.00,0,0,0,0,0
1779983980936,-11098,13723,-8447,-33,-64,66,walking,0.00,0,0,0,0,0
1779983980937,-11573,14997,-7871,7,-74,133,walking,0.00,0,0,0,0,0
1779983980938,-12119,15598,-7017,48,-82,172,walking,0.00,0,0,0,0,0
1779983980966,-12485,15990,-6635,130,-64,214,walking,0.00,0,0,0,0,0
1779983980967,-12877,16290,-6756,198,-45,256,walking,0.00,0,0,0,0,0
1779983980971,-13508,15542,-6955,170,-43,262,walking,0.00,0,0,0,0,0
1779983980994,-14181,14611,-7372,28,-27,284,walking,0.00,0,0,0,0,0
1779983980995,-14834,14501,-8348,-150,40,318,walking,0.00,0,0,0,0,0
1779983980995,-15013,14222,-9126,-294,142,329,walking,0.00,0,0,0,0,0
1779983981023,-15401,14354,-9814,-397,250,320,walking,0.00,0,0,0,0,0
1779983981023,-16039,14616,-9746,-505,336,254,walking,0.00,0,0,0,0,0
1779983981024,-16700,15379,-9370,-560,412,148,walking,0.00,0,0,0,0,0
1779983981055,-17094,15423,-8778,-565,474,24,walking,0.00,0,0,0,0,0
1779983981055,-17018,15093,-7981,-546,508,-45,walking,0.00,0,0,0,0,0
1779983981056,-16364,14374,-6748,-509,505,-87,walking,0.00,0,0,0,0,0
1779983981086,-14675,12626,-5522,-418,516,-82,walking,0.00,0,0,0,0,0
1779983981086,-12525,11439,-5077,-278,546,11,walking,0.00,0,0,0,0,0
1779983981087,-11100,11115,-4614,-166,511,89,walking,0.00,0,0,0,0,0
1779983981119,-10592,10136,-3361,-86,433,97,walking,0.00,0,0,0,0,0
1779983981119,-9843,9632,-3041,-23,390,104,walking,0.00,0,0,0,0,0
1779983981120,-9038,9466,-2797,-81,302,60,walking,0.00,0,0,0,0,0
1779983981146,-9176,9736,-1879,-190,194,-10,walking,0.00,0,0,0,0,0
1779983981147,-8982,10999,-1698,-215,126,-56,walking,0.00,0,0,0,0,0
1779983981148,-8339,12143,-1886,-194,26,-164,walking,0.00,0,0,0,0,0
1779983981174,-8425,12665,-1955,-166,-94,-298,walking,0.00,0,0,0,0,0
1779983981175,-9107,12842,-1853,-129,-185,-365,walking,0.00,0,0,0,0,0
1779983981178,-9477,13185,-2004,-77,-224,-386,walking,0.00,0,0,0,0,0
1779983981208,-9994,13917,-2712,-24,-241,-408,walking,0.00,0,0,0,0,0
1779983981212,-10627,14012,-2785,20,-268,-434,walking,0.00,0,0,0,0,0
1779983981213,-10973,13693,-3245,93,-260,-422,walking,0.00,0,0,0,0,0
1779983981239,-11131,12192,-3296,108,-257,-379,walking,0.00,0,0,0,0,0
1779983981240,-10764,10982,-3576,7,-251,-289,walking,0.00,0,0,0,0,0
1779983981240,-10474,11426,-4360,-206,-262,-247,walking,0.00,0,0,0,0,0
1779983981265,-10379,10999,-3670,-383,-297,-275,walking,0.00,0,0,0,0,0
1779983981265,-9969,10805,-3694,-397,-268,-274,walking,0.00,0,0,0,0,0
1779983981266,-9023,10944,-4499,-358,-219,-224,walking,0.00,0,0,0,0,0
1779983981296,-8474,10407,-4591,-284,-195,-166,walking,0.00,0,0,0,0,0
1779983981297,-8045,9998,-4940,-163,-134,-106,walking,0.00,0,0,0,0,0
1779983981298,-7828,9413,-5191,-57,-77,-84,walking,0.00,0,0,0,0,0
1779983981323,-7524,8631,-5227,4,-29,-93,walking,0.00,0,0,0,0,0
1779983981328,-7051,7951,-5120,2,-4,-104,walking,0.00,0,0,0,0,0
1779983981328,-7011,7573,-4862,-44,-5,-90,walking,0.00,0,0,0,0,0
1779983981353,-6509,7705,-4510,-106,-27,-88,walking,0.00,0,0,0,0,0
1779983981355,-6432,7759,-4363,-168,-54,-151,walking,0.00,0,0,0,0,0
1779983981356,-6142,8273,-4430,-192,-81,-151,walking,0.00,0,0,0,0,0
1779983981385,-6249,8912,-4459,-182,-121,-154,walking,0.00,0,0,0,0,0
1779983981386,-6467,9198,-4701,-151,-152,-180,walking,0.00,0,0,0,0,0
1779983981386,-6621,9336,-4875,-127,-178,-206,walking,0.00,0,0,0,0,0
1779983981415,-6761,9487,-4987,-127,-192,-226,walking,0.00,0,0,0,0,0
1779983981415,-6846,9924,-5106,-149,-200,-236,walking,0.00,0,0,0,0,0
1779983981416,-6960,10609,-5308,-177,-200,-249,walking,0.00,0,0,0,0,0
1779983981443,-7282,11438,-5417,-196,-204,-253,walking,0.00,0,0,0,0,0
1779983981445,-7652,12153,-5560,-190,-200,-264,walking,0.00,0,0,0,0,0
1779983981446,-7936,12821,-5753,-154,-194,-272,walking,0.00,0,0,0,0,0
1779983981477,-8241,13384,-5664,-94,-195,-266,walking,0.00,0,0,0,0,0
1779983981478,-8486,13670,-5756,-9,-185,-250,walking,0.00,0,0,0,0,0
1779983981478,-8853,13940,-6144,73,-169,-221,walking,0.00,0,0,0,0,0
1779983981507,-9354,14348,-6376,107,-160,-208,walking,0.00,0,0,0,0,0
1779983981513,-9983,14737,-6422,114,-159,-216,walking,0.00,0,0,0,0,0
1779983981513,-10710,14989,-6407,116,-153,-227,walking,0.00,0,0,0,0,0
1779983981541,-11475,15362,-6542,120,-139,-210,walking,0.00,0,0,0,0,0
1779983981542,-12119,15708,-6730,122,-128,-184,walking,0.00,0,0,0,0,0
1779983981542,-12705,15751,-6898,115,-118,-177,walking,0.00,0,0,0,0,0
1779983981564,-13073,15594,-6938,71,-105,-188,walking,0.00,0,0,0,0,0
1779983981564,-13518,15543,-6861,-4,-85,-198,walking,0.00,0,0,0,0,0
1779983981565,-14023,15682,-6924,-83,-35,-181,walking,0.00,0,0,0,0,0
1779983981597,-14396,15932,-7204,-153,37,-148,walking,0.00,0,0,0,0,0
1779983981598,-14708,16296,-7394,-199,107,-124,walking,0.00,0,0,0,0,0
1779983981599,-15091,16371,-7531,-203,179,-132,walking,0.00,0,0,0,0,0
1779983981623,-15316,16047,-7648,-168,261,-170,walking,0.00,0,0,0,0,0
1779983981624,-15499,15462,-7403,-147,320,-226,walking,0.00,0,0,0,0,0
1779983981628,-15342,14894,-6852,-175,356,-271,walking,0.00,0,0,0,0,0
1779983981654,-14955,14642,-6123,-236,366,-245,walking,0.00,0,0,0,0,0
1779983981654,-14466,14621,-5283,-239,333,-132,walking,0.00,0,0,0,0,0
1779983981655,-13857,14065,-4642,-106,267,49,walking,0.00,0,0,0,0,0
1779983981685,-12826,12868,-3916,86,179,264,walking,0.00,0,0,0,0,0
1779983981686,-11799,11454,-3112,286,113,466,walking,0.00,0,0,0,0,0
1779983981687,-11348,10759,-3134,471,88,628,walking,0.00,0,0,0,0,0
1779983981714,-11639,10333,-2555,653,41,712,walking,0.00,0,0,0,0,0
1779983981714,-12037,8974,-2074,843,17,718,walking,0.00,0,0,0,0,0
1779983981715,-12280,8550,-2161,922,17,715,walking,0.00,0,0,0,0,0
1779983981746,-12935,8880,-2186,957,1,642,walking,0.00,0,0,0,0,0
1779983981747,-13879,8745,-2279,1013,4,484,walking,0.00,0,0,0,0,0
1779983981748,-14149,8104,-2700,1030,37,321,walking,0.00,0,0,0,0,0
1779983981776,-14050,7305,-3168,938,70,157,walking,0.00,0,0,0,0,0
1779983981776,-13883,6656,-3478,744,89,22,walking,0.00,0,0,0,0,0
1779983981777,-13830,6462,-3725,498,107,-21,walking,0.00,0,0,0,0,0
1779983981804,-13750,7202,-4295,250,139,-4,walking,0.00,0,0,0,0,0
1779983981805,-13701,8026,-4481,48,156,6,walking,0.00,0,0,0,0,0
1779983981805,-13387,8739,-4533,-70,185,-8,walking,0.00,0,0,0,0,0
1779983981837,-12813,8815,-4663,-121,226,-34,walking,0.00,0,0,0,0,0
1779983981838,-11908,8632,-4753,-153,264,-26,walking,0.00,0,0,0,0,0
1779983981839,-11009,8583,-4626,-198,286,13,walking,0.00,0,0,0,0,0
1779983981864,-10083,8634,-4548,-251,297,35,walking,0.00,0,0,0,0,0
1779983981864,-8871,8803,-4469,-286,289,41,walking,0.00,0,0,0,0,0
1779983981865,-7867,8848,-4165,-272,257,63,walking,0.00,0,0,0,0,0
1779983981895,-7320,9235,-4388,-215,222,88,walking,0.00,0,0,0,0,0
1779983981896,-6958,8987,-4131,-169,164,80,walking,0.00,0,0,0,0,0
1779983981897,-6414,8821,-4292,-76,50,128,walking,0.00,0,0,0,0,0
1779983981927,-6583,9037,-4362,-51,-10,160,walking,0.00,0,0,0,0,0
1779983981928,-6581,8832,-4798,-30,-63,157,walking,0.00,0,0,0,0,0
1779983981928,-6538,8456,-5288,-20,-110,182,walking,0.00,0,0,0,0,0
1779983981956,-6544,8911,-5297,-7,-164,232,walking,0.00,0,0,0,0,0
1779983981957,-6834,9233,-5795,35,-196,235,walking,0.00,0,0,0,0,0
1779983981957,-7181,9278,-6694,109,-204,205,walking,0.00,0,0,0,0,0
1779983981984,-7680,9248,-7485,207,-205,191,walking,0.00,0,0,0,0,0
1779983981985,-7958,9134,-8306,344,-198,200,walking,0.00,0,0,0,0,0
1779983981985,-8140,8434,-9242,475,-182,174,walking,0.00,0,0,0,0,0
1779983982014,-8422,7524,-9761,529,-163,156,walking,0.00,0,0,0,0,0
1779983982019,-8521,7240,-10283,508,-124,166,walking,0.00,0,0,0,0,0
1779983982020,-8377,7356,-10373,419,-98,146,walking,0.00,0,0,0,0,0
1779983982044,-8805,7537,-9757,308,-90,104,walking,0.00,0,0,0,0,0
1779983982044,-9220,8348,-9340,233,-62,126,walking,0.00,0,0,0,0,0
1779983982045,-9659,9502,-9407,192,-47,170,walking,0.00,0,0,0,0,0
1779983982077,-10244,10955,-9611,135,-76,184,walking,0.00,0,0,0,0,0
1779983982078,-10997,12089,-8912,27,-151,160,walking,0.00,0,0,0,0,0
1779983982078,-11881,13225,-8254,11,-212,142,walking,0.00,0,0,0,0,0
1779983982105,-12471,14637,-8084,55,-246,129,walking,0.00,0,0,0,0,0
1779983982105,-12952,15059,-7329,141,-268,148,walking,0.00,0,0,0,0,0
1779983982106,-13581,15582,-7678,302,-239,219,walking,0.00,0,0,0,0,0
1779983982134,-14321,15320,-7803,332,-224,248,walking,0.00,0,0,0,0,0
1779983982135,-14756,14248,-7476,270,-196,258,walking,0.00,0,0,0,0,0
1779983982136,-15401,14167,-8573,169,-123,302,walking,0.00,0,0,0,0,0
1779983982167,-16022,14331,-9004,-58,-61,315,walking,0.00,0,0,0,0,0
1779983982168,-15823,13682,-8925,-226,56,299,walking,0.00,0,0,0,0,0
1779983982169,-15470,13545,-9571,-285,219,266,walking,0.00,0,0,0,0,0
1779983982195,-15191,13518,-9893,-371,362,210,walking,0.00,0,0,0,0,0
1779983982195,-14995,13458,-9742,-448,463,139,walking,0.00,0,0,0,0,0
1779983982196,-15504,13352,-9455,-466,520,28,walking,0.00,0,0,0,0,0
1779983982228,-15797,12805,-9118,-514,572,-100,walking,0.00,0,0,0,0,0
1779983982229,-15546,12935,-8276,-601,605,-157,walking,0.00,0,0,0,0,0
1779983982230,-14834,13116,-6847,-623,604,-157,walking,0.00,0,0,0,0,0
1779983982253,-13504,12818,-5602,-535,615,-107,walking,0.00,0,0,0,0,0
1779983982253,-11721,12322,-4804,-406,623,-51,walking,0.00,0,0,0,0,0
1779983982254,-10817,12077,-3986,-284,581,-14,walking,0.00,0,0,0,0,0
1779983982284,-10268,11630,-3450,-195,526,-17,walking,0.00,0,0,0,0,0
1779983982285,-9285,11082,-3049,-180,454,-21,walking,0.00,0,0,0,0,0
1779983982285,-8830,10947,-2527,-235,345,-42,walking,0.00,0,0,0,0,0
1779983982314,-8541,11706,-2428,-272,245,-51,walking,0.00,0,0,0,0,0
1779983982317,-8232,12871,-2313,-239,146,-64,walking,0.00,0,0,0,0,0
1779983982318,-8101,13491,-2206,-121,39,-100,walking,0.00,0,0,0,0,0
1779983982345,-7958,13782,-2484,19,-56,-144,walking,0.00,0,0,0,0,0
1779983982347,-8098,13996,-2970,120,-142,-180,walking,0.00,0,0,0,0,0
1779983982347,-8442,13930,-3152,172,-224,-211,walking,0.00,0,0,0,0,0
1779983982373,-8886,13790,-3386,226,-279,-235,walking,0.00,0,0,0,0,0
1779983982374,-9254,13397,-3632,270,-305,-256,walking,0.00,0,0,0,0,0
1779983982374,-9500,12786,-4115,287,-314,-263,walking,0.00,0,0,0,0,0
1779983982404,-9794,11772,-4189,220,-335,-244,walking,0.00,0,0,0,0,0
1779983982404,-9958,11108,-4211,117,-338,-173,walking,0.00,0,0,0,0,0
1779983982404,-9925,11107,-4455,42,-323,-72,walking,0.00,0,0,0,0,0
1779983982434,-9737,11278,-4679,25,-301,19,walking,0.00,0,0,0,0,0
1779983982434,-9357,11367,-4919,70,-278,75,walking,0.00,0,0,0,0,0
1779983982435,-8897,10876,-4834,157,-268,92,walking,0.00,0,0,0,0,0
1779983982464,-8417,9840,-4610,237,-262,100,walking,0.00,0,0,0,0,0
1779983982468,-7894,8839,-4547,282,-249,121,walking,0.00,0,0,0,0,0
1779983982469,-7422,8381,-4793,285,-236,150,walking,0.00,0,0,0,0,0
1779983982495,-7179,8310,-4897,267,-238,159,walking,0.00,0,0,0,0,0
1779983982496,-7244,8178,-4964,255,-243,140,walking,0.00,0,0,0,0,0
1779983982497,-7115,8129,-4969,225,-252,102,walking,0.00,0,0,0,0,0
1779983982526,-6959,7742,-4877,161,-271,20,walking,0.00,0,0,0,0,0
1779983982527,-6636,7725,-4686,114,-297,-5,walking,0.00,0,0,0,0,0
1779983982528,-6330,8034,-4654,86,-305,15,walking,0.00,0,0,0,0,0
1779983982561,-6175,8758,-4920,63,-321,28,walking,0.00,0,0,0,0,0
1779983982562,-6413,9246,-4925,57,-359,0,walking,0.00,0,0,0,0,0
1779983982563,-6530,9283,-5234,59,-375,-47,walking,0.00,0,0,0,0,0
1779983982584,-6620,9293,-5647,40,-383,-99,walking,0.00,0,0,0,0,0
1779983982585,-6928,9416,-5916,-22,-390,-150,walking,0.00,0,0,0,0,0
1779983982586,-7124,9911,-6137,-128,-384,-189,walking,0.00,0,0,0,0,0
1779983982617,-7220,10325,-6351,-243,-362,-236,walking,0.00,0,0,0,0,0
1779983982618,-7289,11106,-6327,-322,-336,-261,walking,0.00,0,0,0,0,0
1779983982619,-7380,12115,-6271,-351,-300,-263,walking,0.00,0,0,0,0,0
1779983982644,-7625,13072,-6221,-322,-273,-244,walking,0.00,0,0,0,0,0
1779983982647,-7976,14086,-6208,-227,-253,-208,walking,0.00,0,0,0,0,0
1779983982647,-8463,14824,-6432,-99,-234,-183,walking,0.00,0,0,0,0,0
1779983982676,-8941,15167,-6714,8,-214,-193,walking,0.00,0,0,0,0,0
1779983982677,-9619,15231,-6824,71,-206,-222,walking,0.00,0,0,0,0,0
1779983982677,-10307,15330,-6712,91,-199,-247,walking,0.00,0,0,0,0,0
1779983982704,-10831,15563,-6868,86,-181,-255,walking,0.00,0,0,0,0,0
1779983982704,-11406,15906,-6895,74,-171,-243,walking,0.00,0,0,0,0,0
1779983982705,-12074,16029,-6769,49,-162,-236,walking,0.00,0,0,0,0,0
1779983982734,-12518,16080,-6775,-11,-136,-237,walking,0.00,0,0,0,0,0
1779983982735,-12880,15902,-6956,-110,-89,-236,walking,0.00,0,0,0,0,0
1779983982736,-13253,15788,-7080,-244,-46,-220,walking,0.00,0,0,0,0,0
1779983982767,-13635,15807,-7039,-387,5,-179,walking,0.00,0,0,0,0,0
1779983982768,-13507,15916,-7075,-478,59,-140,walking,0.00,0,0,0,0,0
1779983982769,-13525,15887,-7167,-514,108,-134,walking,0.00,0,0,0,0,0
1779983982794,-13429,15408,-7590,-549,153,-176,walking,0.00,0,0,0,0,0
1779983982795,-14083,14786,-7725,-622,165,-244,walking,0.00,0,0,0,0,0
1779983982796,-14756,14501,-6787,-722,159,-296,walking,0.00,0,0,0,0,0
1779983982829,-14538,14401,-5835,-782,172,-294,walking,0.00,0,0,0,0,0
1779983982829,-13635,14213,-5094,-741,169,-225,walking,0.00,0,0,0,0,0
1779983982830,-13212,13912,-4480,-573,129,-74,walking,0.00,0,0,0,0,0
1779983982853,-12528,13390,-3825,-301,79,126,walking,0.00,0,0,0,0,0
1779983982853,-11969,12680,-3398,34,48,315,walking,0.00,0,0,0,0,0
1779983982854,-12253,11982,-3333,396,29,464,walking,0.00,0,0,0,0,0
1779983982885,-13097,10926,-3082,731,-4,536,walking,0.00,0,0,0,0,0
1779983982887,-13951,10602,-3002,989,-29,494,walking,0.00,0,0,0,0,0
1779983982888,-14461,8599,-2409,1208,-40,335,walking,0.00,0,0,0,0,0
1779983982917,-14790,6998,-3034,1271,0,239,walking,0.00,0,0,0,0,0
1779983982918,-15494,6639,-3404,1081,1,193,walking,0.00,0,0,0,0,0
1779983982918,-15926,6695,-3129,803,-9,118,walking,0.00,0,0,0,0,0
1779983982944,-15963,7277,-3240,517,25,31,walking,0.00,0,0,0,0,0
1779983982945,-15714,7914,-3437,298,70,20,walking,0.00,0,0,0,0,0
1779983982945,-15068,8789,-3613,182,108,72,walking,0.00,0,0,0,0,0
1779983982981,-14086,9039,-4051,103,145,75,walking,0.00,0,0,0,0,0
1779983982982,-13372,8790,-3993,14,171,46,walking,0.00,0,0,0,0,0
1779983982982,-12854,8484,-4078,-58,210,59,walking,0.00,0,0,0,0,0
1779983983004,-11615,8754,-4089,-108,249,119,walking,0.00,0,0,0,0,0
1779983983005,-9381,8866,-3710,-60,243,187,walking,0.00,0,0,0,0,0
1779983983006,-8502,8666,-3928,-10,239,191,walking,0.00,0,0,0,0,0
1779983983035,-7466,8473,-3832,32,213,183,walking,0.00,0,0,0,0,0
1779983983036,-6330,8032,-3693,76,177,180,walking,0.00,0,0,0,0,0
1779983983036,-5722,8236,-3843,111,124,186,walking,0.00,0,0,0,0,0
1779983983067,-5544,8217,-4015,133,65,163,walking,0.00,0,0,0,0,0
1779983983067,-5503,8161,-4215,133,9,122,walking,0.00,0,0,0,0,0
1779983983068,-5294,8343,-4248,124,-48,87,walking,0.00,0,0,0,0,0
1779983983094,-5234,8567,-4261,148,-98,72,walking,0.00,0,0,0,0,0
1779983983095,-5282,8734,-4683,179,-138,72,walking,0.00,0,0,0,0,0
1779983983097,-5619,8660,-5237,179,-178,70,walking,0.00,0,0,0,0,0
1779983983127,-5622,8506,-5947,152,-217,65,walking,0.00,0,0,0,0,0
1779983983127,-6303,8457,-6633,118,-251,76,walking,0.00,0,0,0,0,0
1779983983127,-6631,9343,-7868,156,-254,146,walking,0.00,0,0,0,0,0
1779983983158,-7433,9517,-8945,252,-252,145,walking,0.00,0,0,0,0,0
1779983983159,-8095,9202,-9913,357,-214,142,walking,0.00,0,0,0,0,0
1779983983160,-8558,8992,-10744,436,-156,148,walking,0.00,0,0,0,0,0
1779983983184,-9215,9186,-11201,460,-92,134,walking,0.00,0,0,0,0,0
1779983983184,-9309,9944,-11023,477,-38,167,walking,0.00,0,0,0,0,0
1779983983186,-9515,10355,-10782,522,-7,212,walking,0.00,0,0,0,0,0
1779983983220,-10165,10519,-10757,531,-8,273,walking,0.00,0,0,0,0,0
1779983983221,-10819,11354,-10622,485,-34,363,walking,0.00,0,0,0,0,0
1779983983221,-11438,12919,-10372,502,-66,440,walking,0.00,0,0,0,0,0
1779983983245,-12247,14217,-9928,561,-101,420,walking,0.00,0,0,0,0,0
1779983983250,-12938,15428,-9613,642,-119,351,walking,0.00,0,0,0,0,0
1779983983251,-13568,15570,-8553,751,-128,310,walking,0.00,0,0,0,0,0
1779983983274,-14329,15103,-8308,907,-83,338,walking,0.00,0,0,0,0,0
1779983983277,-14857,14670,-8384,964,-33,357,walking,0.00,0,0,0,0,0
1779983983278,-14969,14365,-8617,901,4,314,walking,0.00,0,0,0,0,0
1779983983304,-15100,13528,-8588,758,49,274,walking,0.00,0,0,0,0,0
1779983983305,-15407,13115,-9142,558,103,273,walking,0.00,0,0,0,0,0
1779983983306,-15567,13526,-8991,319,123,261,walking,0.00,0,0,0,0,0
1779983983334,-15248,14113,-8721,159,140,218,walking,0.00,0,0,0,0,0
1779983983335,-15256,15276,-9334,120,163,193,walking,0.00,0,0,0,0,0
1779983983336,-15926,15511,-9524,104,147,130,walking,0.00,0,0,0,0,0
1779983983363,-16448,15286,-9650,61,163,17,walking,0.00,0,0,0,0,0
1779983983366,-16544,14493,-9700,2,206,-89,walking,0.00,0,0,0,0,0
1779983983367,-15833,12740,-8417,-78,252,-126,walking,0.00,0,0,0,0,0
1779983983395,-13795,11366,-7146,-86,327,-55,walking,0.00,0,0,0,0,0
1779983983395,-11678,10865,-6488,-70,373,84,walking,0.00,0,0,0,0,0
1779983983396,-10108,11486,-6131,-58,346,241,walking,0.00,0,0,0,0,0
1779983983426,-9246,12249,-5672,-18,249,297,walking,0.00,0,0,0,0,0
1779983983427,-8396,11933,-5011,60,134,248,walking,0.00,0,0,0,0,0
1779983983427,-8127,11343,-4763,176,17,222,walking,0.00,0,0,0,0,0
1779983983458,-7755,10748,-4450,231,-94,225,walking,0.00,0,0,0,0,0
1779983983458,-7557,10547,-4251,225,-198,166,walking,0.00,0,0,0,0,0
1779983983459,-7473,11502,-4063,232,-277,131,walking,0.00,0,0,0,0,0
1779983983485,-7414,13008,-4470,336,-341,96,walking,0.00,0,0,0,0,0
1779983983485,-7755,13102,-4459,471,-428,-8,walking,0.00,0,0,0,0,0
1779983983486,-8402,12124,-4456,564,-483,-65,walking,0.00,0,0,0,0,0
1779983983516,-8795,11597,-4644,582,-513,-72,walking,0.00,0,0,0,0,0
1779983983517,-8956,10546,-4237,517,-557,-83,walking,0.00,0,0,0,0,0
1779983983518,-9151,10158,-4422,366,-586,-98,walking,0.00,0,0,0,0,0
1779983983546,-9492,10906,-4866,149,-623,-118,walking,0.00,0,0,0,0,0
1779983983547,-9910,11165,-4281,-5,-658,-136,walking,0.00,0,0,0,0,0
1779983983552,-10004,10799,-4037,-22,-633,-136,walking,0.00,0,0,0,0,0
1779983983575,-9813,10360,-4159,5,-590,-127,walking,0.00,0,0,0,0,0
1779983983584,-9321,9644,-4100,23,-553,-97,walking,0.00,0,0,0,0,0
1779983983585,-8761,9509,-4165,40,-516,-45,walking,0.00,0,0,0,0,0
1779983983611,-8249,9097,-4102,74,-489,-38,walking,0.00,0,0,0,0,0
1779983983612,-7408,8629,-4621,117,-456,-45,walking,0.00,0,0,0,0,0
1779983983615,-6998,7889,-4620,126,-442,-52,walking,0.00,0,0,0,0,0
1779983983633,-6693,7065,-4658,100,-421,-75,walking,0.00,0,0,0,0,0
1779983983634,-6451,6660,-4767,14,-412,-83,walking,0.00,0,0,0,0,0
1779983983634,-6225,6820,-4894,-106,-414,-79,walking,0.00,0,0,0,0,0
1779983983665,-6164,7424,-5131,-200,-424,-73,walking,0.00,0,0,0,0,0
1779983983666,-6153,8161,-5338,-246,-440,-77,walking,0.00,0,0,0,0,0
1779983983666,-6280,8509,-5513,-250,-458,-111,walking,0.00,0,0,0,0,0
1779983983696,-6745,9015,-5601,-222,-466,-120,walking,0.00,0,0,0,0,0
1779983983697,-7148,9697,-6001,-180,-458,-112,walking,0.00,0,0,0,0,0
1779983983700,-7455,10224,-6158,-126,-450,-119,walking,0.00,0,0,0,0,0
1779983983724,-7695,10514,-6363,-63,-431,-133,walking,0.00,0,0,0,0,0
1779983983725,-7914,10683,-6667,-13,-403,-147,walking,0.00,0,0,0,0,0
1779983983726,-8211,10677,-6860,9,-375,-163,walking,0.00,0,0,0,0,0
1779983983754,-8573,10567,-7017,5,-341,-179,walking,0.00,0,0,0,0,0
1779983983758,-9050,10628,-7280,-16,-284,-188,walking,0.00,0,0,0,0,0
1779983983759,-9509,11034,-7583,-47,-205,-194,walking,0.00,0,0,0,0,0
1779983983783,-10092,11637,-7703,-70,-122,-202,walking,0.00,0,0,0,0,0
1779983983786,-10647,12108,-7830,-72,-40,-231,walking,0.00,0,0,0,0,0
1779983983786,-11359,12358,-7840,-62,36,-267,walking,0.00,0,0,0,0,0
1779983983819,-11947,12748,-7924,-61,113,-286,walking,0.00,0,0,0,0,0
1779983983820,-12544,13315,-7964,-67,177,-303,walking,0.00,0,0,0,0,0
1779983983821,-13300,13944,-7926,-74,219,-319,walking,0.00,0,0,0,0,0
1779983983844,-14163,14317,-7675,-68,247,-330,walking,0.00,0,0,0,0,0
1779983983844,-14887,14149,-7350,-78,277,-338,walking,0.00,0,0,0,0,0
1779983983845,-15331,13898,-7184,-146,313,-331,walking,0.00,0,0,0,0,0
1779983983874,-15269,14391,-7240,-275,348,-279,walking,0.00,0,0,0,0,0
1779983983875,-14814,15354,-7405,-410,380,-204,walking,0.00,0,0,0,0,0
1779983983876,-14734,15613,-7447,-502,411,-164,walking,0.00,0,0,0,0,0
1779983983908,-14634,15285,-7266,-556,462,-142,walking,0.00,0,0,0,0,0
1779983983909,-13761,14898,-7483,-588,526,-116,walking,0.00,0,0,0,0,0
1779983983909,-13495,14780,-7638,-665,545,-134,walking,0.00,0,0,0,0,0
1779983983936,-13619,14914,-7678,-788,562,-191,walking,0.00,0,0,0,0,0
1779983983937,-13888,15496,-8049,-883,609,-192,walking,0.00,0,0,0,0,0
1779983983938,-15071,16466,-7178,-892,596,-180,walking,0.00,0,0,0,0,0
1779983983966,-14718,16236,-6139,-694,630,-130,walking,0.00,0,0,0,0,0
1779983983967,-13111,14391,-5280,-388,638,-8,walking,0.00,0,0,0,0,0
1779983983967,-11281,12613,-4829,-147,569,152,walking,0.00,0,0,0,0,0
1779983983994,-10246,11174,-4181,-8,448,293,walking,0.00,0,0,0,0,0
1779983983995,-10094,10254,-3716,122,335,412,walking,0.00,0,0,0,0,0
1779983983995,-10413,10228,-4041,282,233,498,walking,0.00,0,0,0,0,0
1779983984024,-11500,10161,-4224,459,129,498,walking,0.00,0,0,0,0,0
1779983984025,-12740,9289,-4025,635,60,419,walking,0.00,0,0,0,0,0
1779983984026,-13550,7895,-4344,750,50,304,walking,0.00,0,0,0,0,0
1779983984057,-13799,6576,-4714,719,70,198,walking,0.00,0,0,0,0,0
1779983984057,-13682,6030,-5042,568,99,114,walking,0.00,0,0,0,0,0
1779983984058,-13748,6095,-5269,337,117,10,walking,0.00,0,0,0,0,0
1779983984084,-13870,6611,-5140,89,122,-92,walking,0.00,0,0,0,0,0
1779983984084,-13227,7472,-5227,-82,151,-169,walking,0.00,0,0,0,0,0
1779983984085,-12634,7422,-5135,-182,182,-246,walking,0.00,0,0,0,0,0
1779983984121,-11764,6689,-5146,-406,269,-351,walking,0.00,0,0,0,0,0
1779983984122,-11178,7553,-5010,-531,315,-319,walking,0.00,0,0,0,0,0
1779983984123,-10403,8256,-4778,-588,356,-292,walking,0.00,0,0,0,0,0
1779983984146,-9547,8678,-4622,-600,382,-288,walking,0.00,0,0,0,0,0
1779983984150,-8586,9046,-4336,-567,384,-259,walking,0.00,0,0,0,0,0
1779983984151,-7719,9323,-4194,-482,369,-206,walking,0.00,0,0,0,0,0
1779983984176,-7056,9191,-4050,-387,330,-165,walking,0.00,0,0,0,0,0
1779983984177,-6471,8879,-4255,-320,286,-146,walking,0.00,0,0,0,0,0
1779983984177,-6312,8534,-4196,-305,220,-137,walking,0.00,0,0,0,0,0
1779983984210,-6383,8184,-4318,-320,150,-147,walking,0.00,0,0,0,0,0
1779983984211,-6366,8357,-4671,-343,86,-102,walking,0.00,0,0,0,0,0
1779983984212,-6514,8746,-4904,-356,16,-53,walking,0.00,0,0,0,0,0
1779983984234,-6780,8670,-5230,-376,-36,-64,walking,0.00,0,0,0,0,0
1779983984235,-7120,8994,-5718,-364,-67,-25,walking,0.00,0,0,0,0,0
1779983984236,-7729,9629,-6464,-252,-83,47,walking,0.00,0,0,0,0,0
1779983984266,-8294,9539,-7447,-60,-66,69,walking,0.00,0,0,0,0,0
1779983984267,-8679,8736,-8626,150,-27,47,walking,0.00,0,0,0,0,0
1779983984268,-9247,7420,-9421,286,13,-12,walking,0.00,0,0,0,0,0
1779983984294,-9876,6735,-10184,329,83,-24,walking,0.00,0,0,0,0,0
1779983984294,-9851,6803,-10901,326,147,29,walking,0.00,0,0,0,0,0
1779983984295,-9666,6876,-10736,269,175,38,walking,0.00,0,0,0,0,0
1779983984324,-9933,7002,-10201,196,193,24,walking,0.00,0,0,0,0,0
1779983984325,-10232,8054,-9956,130,215,76,walking,0.00,0,0,0,0,0
1779983984326,-10469,9446,-9766,88,215,153,walking,0.00,0,0,0,0,0
1779983984356,-10752,10670,-9477,75,182,190,walking,0.00,0,0,0,0,0
1779983984357,-11179,12054,-9452,94,131,197,walking,0.00,0,0,0,0,0
1779983984358,-11751,13107,-9264,101,46,154,walking,0.00,0,0,0,0,0
1779983984385,-12318,13169,-8667,48,-44,63,walking,0.00,0,0,0,0,0
1779983984386,-12681,13357,-7971,-20,-95,50,walking,0.00,0,0,0,0,0
1779983984387,-12984,14124,-7917,-53,-90,103,walking,0.00,0,0,0,0,0
1779983984418,-13192,14257,-8131,-83,-65,144,walking,0.00,0,0,0,0,0
1779983984419,-13145,13789,-8931,-159,-20,192,walking,0.00,0,0,0,0,0
1779983984432,-12980,13317,-9859,-294,33,248,walking,0.00,0,0,0,0,0
1779983984448,-12540,12628,-11108,-427,122,289,walking,0.00,0,0,0,0,0
1779983984448,-12249,12458,-12869,-526,247,314,walking,0.00,0,0,0,0,0
1779983984448,-11916,11561,-13789,-568,380,284,walking,0.00,0,0,0,0,0
1779983984474,-11960,11590,-14530,-578,573,266,walking,0.00,0,0,0,0,0
1779983984475,-12682,11585,-14477,-557,724,232,walking,0.00,0,0,0,0,0
1779983984475,-11933,11936,-12879,-526,818,198,walking,0.00,0,0,0,0,0
1779983984505,-11888,10898,-11102,-533,855,136,walking,0.00,0,0,0,0,0
1779983984512,-13437,11638,-9325,-620,759,171,walking,0.00,0,0,0,0,0
1779983984513,-14219,13344,-7044,-629,595,229,walking,0.00,0,0,0,0,0
1779983984535,-13928,14972,-5424,-523,472,280,walking,0.00,0,0,0,0,0
1779983984536,-13540,16166,-4356,-390,353,291,walking,0.00,0,0,0,0,0
1779983984540,-13530,16373,-3166,-236,210,247,walking,0.00,0,0,0,0,0
1779983984565,-13622,15538,-2217,-10,68,146,walking,0.00,0,0,0,0,0
1779983984565,-12907,13755,-1436,184,-15,60,walking,0.00,0,0,0,0,0
1779983984566,-12097,12344,-1354,345,-53,75,walking,0.00,0,0,0,0,0
1779983984600,-11645,11383,-1349,441,-97,140,walking,0.00,0,0,0,0,0
1779983984601,-11129,10892,-1238,456,-149,187,walking,0.00,0,0,0,0,0
1779983984602,-10457,10969,-1322,416,-196,192,walking,0.00,0,0,0,0,0
1779983984626,-9893,11377,-1625,369,-239,170,walking,0.00,0,0,0,0,0
1779983984627,-10032,12037,-2250,334,-277,162,walking,0.00,0,0,0,0,0
1779983984627,-10295,12551,-2706,288,-310,126,walking,0.00,0,0,0,0,0
1779983984653,-10443,12529,-2723,228,-326,32,walking,0.00,0,0,0,0,0
1779983984656,-10506,12483,-3191,183,-299,-36,walking,0.00,0,0,0,0,0
1779983984657,-10650,12636,-3567,134,-277,-57,walking,0.00,0,0,0,0,0
1779983984686,-10867,12448,-3880,78,-255,-95,walking,0.00,0,0,0,0,0
1779983984686,-10943,11801,-4276,-6,-220,-142,walking,0.00,0,0,0,0,0
1779983984687,-11152,11091,-4138,-123,-204,-172,walking,0.00,0,0,0,0,0
1779983984714,-10905,10623,-4395,-240,-170,-206,walking,0.00,0,0,0,0,0
1779983984715,-10482,9515,-4584,-355,-120,-226,walking,0.00,0,0,0,0,0
1779983984715,-10001,8920,-5264,-428,-29,-196,walking,0.00,0,0,0,0,0
1779983984744,-9343,8552,-5447,-491,58,-162,walking,0.00,0,0,0,0,0
1779983984773,-8546,8612,-5647,-543,121,-151,walking,0.00,0,0,0,0,0
1779983984774,-8013,8693,-5302,-605,130,-175,walking,0.00,0,0,0,0,0
1779983984775,-7342,8897,-4898,-651,126,-223,walking,0.00,0,0,0,0,0
1779983984776,-6554,9133,-4676,-654,105,-257,walking,0.00,0,0,0,0,0
1779983984776,-6125,9443,-4509,-601,65,-257,walking,0.00,0,0,0,0,0
1779983984809,-6081,9730,-4545,-515,15,-243,walking,0.00,0,0,0,0,0
1779983984810,-6175,9766,-4581,-409,-53,-244,walking,0.00,0,0,0,0,0
1779983984833,-6252,9493,-4596,-302,-120,-252,walking,0.00,0,0,0,0,0
1779983984834,-6225,9162,-4867,-227,-172,-240,walking,0.00,0,0,0,0,0
1779983984835,-6165,9074,-5141,-174,-220,-202,walking,0.00,0,0,0,0,0
1779983984835,-6227,9104,-5378,-134,-250,-173,walking,0.00,0,0,0,0,0
1779983984867,-6317,9212,-5536,-122,-268,-180,walking,0.00,0,0,0,0,0
1779983984868,-6233,9202,-5793,-134,-271,-200,walking,0.00,0,0,0,0,0
1779983984868,-6075,9753,-5968,-133,-275,-173,walking,0.00,0,0,0,0,0
1779983984894,-6083,10504,-6116,-122,-269,-167,walking,0.00,0,0,0,0,0
1779983984895,-6311,11084,-6329,-104,-264,-195,walking,0.00,0,0,0,0,0
1779983984899,-6733,11574,-6486,-84,-258,-225,walking,0.00,0,0,0,0,0
1779983984925,-7214,12248,-6504,-54,-245,-235,walking,0.00,0,0,0,0,0
1779983984926,-7776,12634,-6611,-1,-224,-229,walking,0.00,0,0,0,0,0
1779983984927,-8243,12847,-6724,55,-193,-222,walking,0.00,0,0,0,0,0
1779983984957,-8728,13243,-6872,96,-168,-210,walking,0.00,0,0,0,0,0
1779983984957,-9302,13761,-7095,120,-143,-205,walking,0.00,0,0,0,0,0
1779983984989,-10081,14313,-7373,128,-123,-207,walking,0.00,0,0,0,0,0
1779983984990,-11021,14944,-7597,130,-102,-203,walking,0.00,0,0,0,0,0
1779983984991,-12104,15650,-7697,143,-73,-190,walking,0.00,0,0,0,0,0
1779983984991,-13029,16026,-7872,170,-34,-195,walking,0.00,0,0,0,0,0
1779983985017,-13604,15919,-7836,180,5,-218,walking,0.00,0,0,0,0,0
1779983985017,-14061,15336,-7796,128,42,-239,walking,0.00,0,0,0,0,0
1779983985018,-14272,15071,-7895,-7,79,-238,walking,0.00,0,0,0,0,0
1779983985047,-14266,15519,-8128,-184,128,-214,walking,0.00,0,0,0,0,0
1779983985048,-14483,16054,-8280,-327,196,-179,walking,0.00,0,0,0,0,0
1779983985048,-14968,16471,-8155,-394,275,-152,walking,0.00,0,0,0,0,0
1779983985076,-15311,16353,-8041,-378,361,-146,walking,0.00,0,0,0,0,0
1779983985077,-15146,15758,-7812,-313,440,-161,walking,0.00,0,0,0,0,0
1779983985078,-14449,15022,-7702,-231,506,-197,walking,0.00,0,0,0,0,0
1779983985140,-14057,14072,-7436,-192,536,-246,walking,0.00,0,0,0,0,0
1779983985141,-13609,13145,-6735,-218,551,-253,walking,0.00,0,0,0,0,0
1779983985141,-13191,13089,-6709,-270,575,-179,walking,0.00,0,0,0,0,0
1779983985142,-13400,13487,-5765,-260,515,-89,walking,0.00,0,0,0,0,0
1779983985143,-12247,13065,-4772,-129,462,-33,walking,0.00,0,0,0,0,0
1779983985143,-10514,11038,-3830,69,417,33,walking,0.00,0,0,0,0,0
1779983985164,-10302,9822,-3676,238,368,214,walking,0.00,0,0,0,0,0
1779983985168,-11116,10258,-3560,319,294,389,walking,0.00,0,0,0,0,0
1779983985173,-11958,10328,-3314,406,221,424,walking,0.00,0,0,0,0,0
1779983985200,-12577,9860,-3201,487,194,372,walking,0.00,0,0,0,0,0
1779983985201,-13311,9727,-3093,580,189,315,walking,0.00,0,0,0,0,0
1779983985202,-14597,9042,-3965,682,233,172,walking,0.00,0,0,0,0,0
1779983985225,-14693,8580,-3953,548,230,44,walking,0.00,0,0,0,0,0
1779983985225,-14389,7953,-3753,387,236,-50,walking,0.00,0,0,0,0,0
1779983985226,-14041,7392,-3957,201,255,-75,walking,0.00,0,0,0,0,0
1779983985257,-13611,7620,-4219,-28,268,-48,walking,0.00,0,0,0,0,0
1779983985258,-13004,8435,-4471,-246,256,-27,walking,0.00,0,0,0,0,0
1779983985258,-12317,8924,-4446,-403,227,-37,walking,0.00,0,0,0,0,0
1779983985284,-11461,9267,-4544,-473,217,-39,walking,0.00,0,0,0,0,0
1779983985315,-10438,9907,-4873,-460,210,-18,walking,0.00,0,0,0,0,0
1779983985316,-9363,9981,-4630,-377,187,19,walking,0.00,0,0,0,0,0
1779983985320,-8530,9348,-4681,-265,174,30,walking,0.00,0,0,0,0,0
1779983985320,-7730,8459,-4832,-237,158,25,walking,0.00,0,0,0,0,0
1779983985320,-7088,8389,-4864,-260,135,65,walking,0.00,0,0,0,0,0
1779983985349,-6610,8653,-4882,-273,102,79,walking,0.00,0,0,0,0,0
1779983985349,-6114,8688,-4950,-271,66,54,walking,0.00,0,0,0,0,0
1779983985350,-5915,8412,-4958,-275,32,7,walking,0.00,0,0,0,0,0
1779983985375,-5948,8419,-5170,-265,5,4,walking,0.00,0,0,0,0,0
1779983985376,-6098,8342,-5533,-260,-16,28,walking,0.00,0,0,0,0,0
1779983985378,-6087,8020,-5926,-283,-29,16,walking,0.00,0,0,0,0,0
1779983985405,-6259,7651,-6413,-356,-44,-23,walking,0.00,0,0,0,0,0
1779983985405,-6836,7953,-6876,-459,-54,-14,walking,0.00,0,0,0,0,0
1779983985406,-7205,8991,-7391,-504,-47,25,walking,0.00,0,0,0,0,0
1779983985434,-7265,9799,-7680,-463,-52,24,walking,0.00,0,0,0,0,0
1779983985434,-7401,9904,-7838,-354,-64,-9,walking,0.00,0,0,0,0,0
1779983985434,-7484,9555,-7902,-207,-70,-10,walking,0.00,0,0,0,0,0
1779983985465,-7503,9237,-8085,-55,-84,6,walking,0.00,0,0,0,0,0
1779983985466,-7665,8934,-8297,64,-114,-2,walking,0.00,0,0,0,0,0
1779983985466,-7875,8568,-8344,151,-145,-11,walking,0.00,0,0,0,0,0
1779983985496,-8154,8516,-8640,216,-168,5,walking,0.00,0,0,0,0,0
1779983985498,-8622,8801,-8673,237,-195,25,walking,0.00,0,0,0,0,0
1779983985499,-8968,9358,-8444,257,-218,48,walking,0.00,0,0,0,0,0
1779983985526,-9398,9872,-8251,318,-231,73,walking,0.00,0,0,0,0,0
1779983985532,-9781,10325,-8036,384,-234,109,walking,0.00,0,0,0,0,0
1779983985533,-10019,11404,-8229,416,-239,154,walking,0.00,0,0,0,0,0
1779983985556,-10740,12426,-7991,395,-279,166,walking,0.00,0,0,0,0,0
1779983985557,-11526,13175,-7865,377,-322,148,walking,0.00,0,0,0,0,0
1779983985557,-12293,13334,-7456,346,-357,135,walking,0.00,0,0,0,0,0
1779983985616,-12654,13685,-7381,323,-352,154,walking,0.00,0,0,0,0,0
1779983985617,-12953,14072,-7524,296,-322,185,walking,0.00,0,0,0,0,0
1779983985617,-13378,14153,-8102,257,-272,201,walking,0.00,0,0,0,0,0
1779983985618,-13917,13724,-8622,141,-215,225,walking,0.00,0,0,0,0,0
1779983985619,-14214,13514,-9396,-5,-133,279,walking,0.00,0,0,0,0,0
1779983985619,-14306,13170,-9958,-161,-34,314,walking,0.00,0,0,0,0,0
1779983985646,-14001,12615,-10512,-282,113,334,walking,0.00,0,0,0,0,0
1779983985646,-13467,12342,-11252,-356,302,347,walking,0.00,0,0,0,0,0
1779983985647,-13306,11886,-11280,-405,491,325,walking,0.00,0,0,0,0,0
1779983985675,-13438,11832,-11026,-449,661,276,walking,0.00,0,0,0,0,0
1779983985676,-13263,12139,-10780,-533,775,166,walking,0.00,0,0,0,0,0
1779983985676,-13968,12004,-9645,-663,807,28,walking,0.00,0,0,0,0,0
1779983985705,-14654,12652,-7711,-789,789,-30,walking,0.00,0,0,0,0,0
1779983985705,-14838,14099,-5845,-866,720,-46,walking,0.00,0,0,0,0,0
1779983985706,-15124,15404,-4509,-882,610,-105,walking,0.00,0,0,0,0,0
1779983985772,-15074,16204,-3412,-812,487,-156,walking,0.00,0,0,0,0,0
1779983985773,-14430,16078,-2602,-625,386,-157,walking,0.00,0,0,0,0,0
1779983985773,-13394,14807,-1990,-366,315,-132,walking,0.00,0,0,0,0,0
1779983985774,-12161,13257,-1439,-120,255,-74,walking,0.00,0,0,0,0,0
1779983985775,-11119,11716,-996,61,197,-29,walking,0.00,0,0,0,0,0
1779983985775,-10421,10733,-898,138,130,6,walking,0.00,0,0,0,0,0
1779983985798,-9572,10220,-622,116,36,2,walking,0.00,0,0,0,0,0
1779983985799,-8929,10375,-457,56,-66,-42,walking,0.00,0,0,0,0,0
1779983985800,-8667,11058,-968,4,-159,-84,walking,0.00,0,0,0,0,0
1779983985825,-9011,11919,-1460,-65,-246,-125,walking,0.00,0,0,0,0,0
1779983985825,-9533,12823,-2102,-169,-317,-250,walking,0.00,0,0,0,0,0
1779983985858,-9876,13006,-2135,-291,-370,-396,walking,0.00,0,0,0,0,0
1779983985859,-10097,13680,-2409,-316,-376,-425,walking,0.00,0,0,0,0,0
1779983985859,-10266,14449,-2994,-267,-352,-405,walking,0.00,0,0,0,0,0
1779983985884,-10489,14664,-3749,-212,-332,-416,walking,0.00,0,0,0,0,0
1779983985888,-10937,13922,-4137,-236,-337,-448,walking,0.00,0,0,0,0,0
1779983985889,-11237,12391,-4361,-308,-304,-416,walking,0.00,0,0,0,0,0
1779983985890,-11107,11124,-5281,-400,-200,-314,walking,0.00,0,0,0,0,0
1779983985914,-10601,10814,-6004,-529,-87,-179,walking,0.00,0,0,0,0,0
1779983985915,-9941,11215,-6166,-592,20,-86,walking,0.00,0,0,0,0,0
1779983985915,-9158,11676,-6086,-491,129,-48,walking,0.00,0,0,0,0,0
1779983985947,-8400,11695,-5740,-273,193,-58,walking,0.00,0,0,0,0,0
1779983985947,-7761,9930,-4847,-93,216,-117,walking,0.00,0,0,0,0,0
1779983985948,-7059,8254,-4211,-2,237,-138,walking,0.00,0,0,0,0,0
1779983985979,-6397,7750,-3962,8,243,-112,walking,0.00,0,0,0,0,0
1779983985980,-6103,7911,-3799,-26,219,-89,walking,0.00,0,0,0,0,0
1779983985980,-6075,8305,-3818,-65,169,-106,walking,0.00,0,0,0,0,0
1779983986005,-6083,8329,-3494,-92,90,-144,walking,0.00,0,0,0,0,0
1779983986006,-5917,8228,-3434,-85,38,-163,walking,0.00,0,0,0,0,0
1779983986006,-5760,8559,-3385,-70,-7,-141,walking,0.00,0,0,0,0,0
1779983986038,-5829,8407,-3511,-69,-43,-172,walking,0.00,0,0,0,0,0
1779983986039,-5702,8456,-3938,-80,-68,-190,walking,0.00,0,0,0,0,0
1779983986039,-5798,9342,-3947,-76,-108,-162,walking,0.00,0,0,0,0,0
1779983986066,-6049,9908,-4297,-61,-124,-175,walking,0.00,0,0,0,0,0
1779983986066,-6377,10343,-4636,-78,-140,-211,walking,0.00,0,0,0,0,0
1779983986067,-6782,10913,-4817,-111,-153,-237,walking,0.00,0,0,0,0,0
1779983986097,-7049,11593,-5064,-116,-128,-231,walking,0.00,0,0,0,0,0
1779983986098,-7333,12453,-5604,-93,-85,-201,walking,0.00,0,0,0,0,0
1779983986098,-7732,13520,-5745,-60,-64,-179,walking,0.00,0,0,0,0,0
1779983986125,-8286,14295,-5907,-13,-46,-195,walking,0.00,0,0,0,0,0
1779983986129,-8805,14629,-6175,20,-35,-234,walking,0.00,0,0,0,0,0
1779983986130,-9350,14721,-6135,37,-30,-254,walking,0.00,0,0,0,0,0
1779983986154,-9674,14826,-6123,75,0,-240,walking,0.00,0,0,0,0,0
1779983986155,-9950,15208,-6317,106,32,-205,walking,0.00,0,0,0,0,0
1779983986155,-10481,15758,-6491,117,50,-184,walking,0.00,0,0,0,0,0
1779983986183,-11232,16068,-6632,129,62,-193,walking,0.00,0,0,0,0,0
1779983986191,-12015,16363,-6704,123,73,-214,walking,0.00,0,0,0,0,0
1779983986191,-12804,16431,-6824,87,87,-237,walking,0.00,0,0,0,0,0
1779983986215,-13338,16417,-6920,20,100,-247,walking,0.00,0,0,0,0,0
1779983986216,-13624,16496,-6941,-75,119,-239,walking,0.00,0,0,0,0,0
1779983986216,-13738,16899,-7082,-163,158,-209,walking,0.00,0,0,0,0,0
1779983986250,-13921,17250,-7189,-215,208,-174,walking,0.00,0,0,0,0,0
1779983986251,-14079,17373,-7064,-246,261,-151,walking,0.00,0,0,0,0,0
1779983986252,-14363,17373,-6820,-257,305,-143,walking,0.00,0,0,0,0,0
1779983986280,-14516,17573,-6597,-267,328,-161,walking,0.00,0,0,0,0,0
1779983986280,-14874,17796,-6279,-307,312,-214,walking,0.00,0,0,0,0,0
1779983986281,-15526,17491,-5776,-338,268,-260,walking,0.00,0,0,0,0,0
1779983986304,-14861,16883,-5349,-313,220,-233,walking,0.00,0,0,0,0,0
1779983986305,-13316,15580,-5006,-204,140,-137,walking,0.00,0,0,0,0,0
1779983986305,-12123,12703,-4390,156,-15,309,walking,0.00,0,0,0,0,0
1779983986334,-12076,11719,-4041,408,-59,538,walking,0.00,0,0,0,0,0
1779983986334,-12529,10925,-3806,666,-73,686,walking,0.00,0,0,0,0,0
1779983986338,-13359,9843,-3414,897,-75,762,walking,0.00,0,0,0,0,0
1779983986364,-13854,9531,-2928,1062,-59,801,walking,0.00,0,0,0,0,0
1779983986366,-14116,9031,-2559,1221,-20,748,walking,0.00,0,0,0,0,0
1779983986367,-14733,8431,-3017,1348,26,664,walking,0.00,0,0,0,0,0
1779983986401,-15474,7695,-3229,1346,52,547,walking,0.00,0,0,0,0,0
1779983986402,-15670,6710,-3469,1226,104,391,walking,0.00,0,0,0,0,0
1779983986402,-14917,5674,-4067,1012,160,248,walking,0.00,0,0,0,0,0
1779983986426,-14164,5315,-4351,717,185,161,walking,0.00,0,0,0,0,0
1779983986430,-13640,5106,-4351,385,212,119,walking,0.00,0,0,0,0,0
1779983986431,-12772,5139,-4437,41,253,98,walking,0.00,0,0,0,0,0
1779983986457,-11786,5793,-4665,-300,275,66,walking,0.00,0,0,0,0,0
1779983986458,-11518,6990,-4552,-586,262,26,walking,0.00,0,0,0,0,0
1779983986458,-10813,8352,-4353,-726,272,31,walking,0.00,0,0,0,0,0
1779983986484,-9333,9418,-4489,-708,291,43,walking,0.00,0,0,0,0,0
1779983986487,-8301,9805,-4527,-609,267,16,walking,0.00,0,0,0,0,0
1779983986488,-7600,9491,-4292,-474,228,-15,walking,0.00,0,0,0,0,0
1779983986524,-6854,9183,-4158,-340,190,-7,walking,0.00,0,0,0,0,0
1779983986524,-6320,9091,-4056,-232,139,4,walking,0.00,0,0,0,0,0
1779983986525,-5927,8966,-3915,-141,78,8,walking,0.00,0,0,0,0,0
1779983986546,-5767,8894,-3951,-70,12,10,walking,0.00,0,0,0,0,0
1779983986546,-5942,8791,-4212,-22,-50,16,walking,0.00,0,0,0,0,0
1779983986547,-6145,8852,-4231,9,-117,35,walking,0.00,0,0,0,0,0
1779983986575,-6581,9235,-4277,28,-183,41,walking,0.00,0,0,0,0,0
1779983986575,-6903,8667,-4539,-1,-231,-25,walking,0.00,0,0,0,0,0
1779983986576,-7191,8395,-4843,-67,-270,-22,walking,0.00,0,0,0,0,0
1779983986604,-7597,9199,-5235,-114,-292,55,walking,0.00,0,0,0,0,0
1779983986605,-7982,9933,-5791,-95,-298,78,walking,0.00,0,0,0,0,0
1779983986605,-8328,9749,-6470,-29,-291,38,walking,0.00,0,0,0,0,0
1779983986633,-8792,9242,-7224,39,-274,6,walking,0.00,0,0,0,0,0
1779983986637,-9268,8974,-7910,91,-249,4,walking,0.00,0,0,0,0,0
1779983986638,-9764,9018,-8379,130,-217,3,walking,0.00,0,0,0,0,0
1779983986664,-10240,9032,-8505,155,-186,-17,walking,0.00,0,0,0,0,0
1779983986664,-10351,9066,-8561,164,-156,-20,walking,0.00,0,0,0,0,0
1779983986665,-10409,9374,-8474,169,-129,18,walking,0.00,0,0,0,0,0
1779983986697,-10382,9876,-8365,182,-113,77,walking,0.00,0,0,0,0,0
1779983986697,-10271,10310,-8324,212,-108,119,walking,0.00,0,0,0,0,0
1779983986698,-10198,10741,-8552,238,-105,138,walking,0.00,0,0,0,0,0
1779983986728,-10436,11386,-8724,242,-120,146,walking,0.00,0,0,0,0,0
1779983986729,-10889,11662,-8441,234,-146,140,walking,0.00,0,0,0,0,0
1779983986730,-11120,11775,-8351,229,-151,134,walking,0.00,0,0,0,0,0
1779983986754,-11183,12078,-7971,188,-161,139,walking,0.00,0,0,0,0,0
1779983986790,-11093,12637,-7854,105,-168,133,walking,0.00,0,0,0,0,0
1779983986791,-11218,13144,-7385,-36,-182,117,walking,0.00,0,0,0,0,0
1779983986791,-11420,13673,-7223,-134,-164,121,walking,0.00,0,0,0,0,0
1779983986792,-11572,14368,-7623,-234,-119,156,walking,0.00,0,0,0,0,0
1779983986793,-11782,15091,-8046,-343,-76,193,walking,0.00,0,0,0,0,0
1779983986813,-12046,15466,-8374,-436,-22,211,walking,0.00,0,0,0,0,0
1779983986816,-12404,15680,-9098,-515,58,216,walking,0.00,0,0,0,0,0
1779983986825,-12949,15638,-9633,-587,150,217,walking,0.00,0,0,0,0,0
1779983986848,-13773,15696,-10100,-603,258,230,walking,0.00,0,0,0,0,0
1779983986848,-13885,15939,-10279,-601,368,226,walking,0.00,0,0,0,0,0
1779983986849,-14285,15606,-10217,-616,422,144,walking,0.00,0,0,0,0,0
1779983986874,-15534,15246,-9511,-647,427,66,walking,0.00,0,0,0,0,0
1779983986874,-15855,14835,-8354,-649,428,54,walking,0.00,0,0,0,0,0
1779983986875,-15690,14644,-7194,-582,411,77,walking,0.00,0,0,0,0,0
1779983986904,-15309,14572,-6084,-472,376,100,walking,0.00,0,0,0,0,0
1779983986905,-14622,14128,-5216,-316,353,100,walking,0.00,0,0,0,0,0
1779983986906,-13337,13081,-4363,-100,349,119,walking,0.00,0,0,0,0,0
1779983986937,-11798,11655,-3224,143,344,176,walking,0.00,0,0,0,0,0
1779983986938,-10762,10227,-2340,340,327,189,walking,0.00,0,0,0,0,0
1779983986938,-10179,9281,-1704,404,286,187,walking,0.00,0,0,0,0,0
1779983986967,-9825,8927,-1210,353,230,182,walking,0.00,0,0,0,0,0
1779983986968,-9307,8863,-1016,241,165,138,walking,0.00,0,0,0,0,0
1779983986971,-9494,9585,-878,113,75,86,walking,0.00,0,0,0,0,0
1779983986995,-9826,11031,-971,19,-19,46,walking,0.00,0,0,0,0,0
1779983986997,-9808,11901,-935,-48,-104,-74,walking,0.00,0,0,0,0,0
1779983986998,-10075,12731,-1246,-59,-148,-180,walking,0.00,0,0,0,0,0
1779983987023,-10476,13188,-1388,-37,-178,-284,walking,0.00,0,0,0,0,0
1779983987024,-11035,13549,-1905,-49,-175,-401,walking,0.00,0,0,0,0,0
1779983987025,-11632,13981,-2419,-102,-158,-474,walking,0.00,0,0,0,0,0
1779983987057,-11954,13830,-2606,-145,-132,-503,walking,0.00,0,0,0,0,0
1779983987062,-11792,13519,-3312,-162,-96,-505,walking,0.00,0,0,0,0,0
1779983987062,-11430,12341,-3069,-232,-91,-482,walking,0.00,0,0,0,0,0
1779983987087,-10938,11317,-3268,-317,-63,-428,walking,0.00,0,0,0,0,0
1779983987087,-10198,11273,-4574,-414,-11,-368,walking,0.00,0,0,0,0,0
1779983987088,-9839,11272,-5340,-527,2,-340,walking,0.00,0,0,0,0,0
1779983987114,-9752,10552,-5185,-618,-1,-366,walking,0.00,0,0,0,0,0
1779983987114,-9144,9842,-5226,-662,30,-397,walking,0.00,0,0,0,0,0
1779983987115,-8359,9839,-5395,-643,62,-362,walking,0.00,0,0,0,0,0
1779983987145,-7991,9916,-5073,-555,69,-274,walking,0.00,0,0,0,0,0
1779983987146,-7745,9803,-4694,-442,69,-201,walking,0.00,0,0,0,0,0
1779983987147,-7323,9779,-4625,-317,62,-133,walking,0.00,0,0,0,0,0
1779983987174,-7096,9631,-4468,-196,25,-75,walking,0.00,0,0,0,0,0
1779983987174,-6489,9720,-4532,-87,-26,-6,walking,0.00,0,0,0,0,0
1779983987175,-6299,9034,-4184,-45,-107,-66,walking,0.00,0,0,0,0,0
1779983987204,-6180,8371,-3850,-18,-162,-109,walking,0.00,0,0,0,0,0
1779983987205,-5663,8391,-3879,35,-197,-55,walking,0.00,0,0,0,0,0
1779983987205,-5377,8400,-3858,88,-239,-44,walking,0.00,0,0,0,0,0
1779983987236,-5435,8364,-3904,136,-282,-49,walking,0.00,0,0,0,0,0
1779983987237,-5429,8554,-4052,160,-319,-52,walking,0.00,0,0,0,0,0
1779983987237,-5651,8856,-4226,157,-368,-83,walking,0.00,0,0,0,0,0
1779983987263,-5811,8910,-4139,148,-409,-139,walking,0.00,0,0,0,0,0
1779983987264,-5877,9037,-4253,129,-427,-175,walking,0.00,0,0,0,0,0
1779983987264,-6138,9567,-4356,100,-441,-182,walking,0.00,0,0,0,0,0
1779983987295,-6475,10456,-4620,75,-437,-188,walking,0.00,0,0,0,0,0
1779983987295,-6838,11404,-5053,57,-427,-209,walking,0.00,0,0,0,0,0
1779983987297,-7445,12231,-5394,43,-421,-256,walking,0.00,0,0,0,0,0
1779983987323,-8186,12828,-5537,42,-402,-289,walking,0.00,0,0,0,0,0
1779983987323,-8689,13416,-5635,57,-371,-291,walking,0.00,0,0,0,0,0
1779983987324,-9249,14208,-5761,99,-322,-267,walking,0.00,0,0,0,0,0
1779983987355,-9883,15379,-6022,164,-269,-245,walking,0.00,0,0,0,0,0
1779983987356,-10893,16573,-6249,231,-237,-269,walking,0.00,0,0,0,0,0
1779983987357,-11863,17281,-6376,293,-214,-309,walking,0.00,0,0,0,0,0
1779983987386,-12608,17614,-6392,349,-198,-335,walking,0.00,0,0,0,0,0
1779983987386,-14011,17822,-6398,383,-178,-337,walking,0.00,0,0,0,0,0
1779983987387,-15017,17856,-6744,378,-145,-320,walking,0.00,0,0,0,0,0
1779983987413,-15547,17536,-6858,320,-115,-309,walking,0.00,0,0,0,0,0
1779983987414,-16251,16763,-7155,132,1,-264,walking,0.00,0,0,0,0,0
1779983987415,-16379,16571,-7241,53,73,-255,walking,0.00,0,0,0,0,0
1779983987448,-16350,15868,-7053,-24,148,-274,walking,0.00,0,0,0,0,0
1779983987448,-15924,14979,-6815,-87,228,-279,walking,0.00,0,0,0,0,0
1779983987449,-14992,14254,-6856,-121,298,-262,walking,0.00,0,0,0,0,0
1779983987479,-14189,13746,-7081,-160,351,-246,walking,0.00,0,0,0,0,0
1779983987483,-13708,13565,-7295,-228,409,-238,walking,0.00,0,0,0,0,0
1779983987487,-13323,13419,-7249,-317,464,-259,walking,0.00,0,0,0,0,0
1779983987504,-13545,12809,-6623,-439,496,-298,walking,0.00,0,0,0,0,0
1779983987505,-13970,12862,-5491,-551,481,-247,walking,0.00,0,0,0,0,0
1779983987506,-13286,13254,-4115,-585,437,-124,walking,0.00,0,0,0,0,0
1779983987542,-11965,13106,-3184,-481,370,28,walking,0.00,0,0,0,0,0
1779983987542,-11142,12326,-2350,-297,266,190,walking,0.00,0,0,0,0,0
1779983987543,-10904,11136,-1479,-99,180,354,walking,0.00,0,0,0,0,0
1779983987565,-10885,10562,-1164,120,141,558,walking,0.00,0,0,0,0,0
1779983987565,-11487,11499,-1641,337,99,683,walking,0.00,0,0,0,0,0
1779983987566,-12521,10912,-1315,607,38,658,walking,0.00,0,0,0,0,0
1779983987594,-13149,9370,-1236,883,43,613,walking,0.00,0,0,0,0,0
1779983987596,-13454,8531,-1728,1070,80,614,walking,0.00,0,0,0,0,0
1779983987598,-13895,7962,-2045,1158,107,585,walking,0.00,0,0,0,0,0
1779983987624,-14364,7100,-2241,1155,146,501,walking,0.00,0,0,0,0,0
1779983987628,-14342,6086,-2704,1046,196,394,walking,0.00,0,0,0,0,0
1779983987629,-13840,5822,-3147,829,237,307,walking,0.00,0,0,0,0,0
1779983987655,-13439,5565,-3383,555,257,207,walking,0.00,0,0,0,0,0
1779983987656,-12979,5615,-3622,268,267,136,walking,0.00,0,0,0,0,0
1779983987657,-12453,6299,-3901,3,275,99,walking,0.00,0,0,0,0,0
1779983987688,-11946,7097,-4103,-196,285,61,walking,0.00,0,0,0,0,0
1779983987689,-11353,8027,-4461,-320,297,36,walking,0.00,0,0,0,0,0
1779983987689,-10544,8325,-4137,-383,297,13,walking,0.00,0,0,0,0,0
1779983987714,-9761,8837,-4224,-378,311,5,walking,0.00,0,0,0,0,0
1779983987715,-8914,8785,-4079,-347,301,2,walking,0.00,0,0,0,0,0
1779983987715,-8089,8907,-4192,-322,282,10,walking,0.00,0,0,0,0,0
1779983987744,-7411,9034,-3957,-304,245,10,walking,0.00,0,0,0,0,0
1779983987745,-7003,9125,-3879,-262,205,1,walking,0.00,0,0,0,0,0
1779983987745,-6900,9113,-3868,-220,159,-2,walking,0.00,0,0,0,0,0
1779983987774,-6905,9085,-3921,-183,110,11,walking,0.00,0,0,0,0,0
1779983987777,-7047,8912,-3800,-173,63,20,walking,0.00,0,0,0,0,0
1779983987777,-7125,8915,-4148,-170,25,21,walking,0.00,0,0,0,0,0
1779983987805,-7285,8721,-4774,-197,-13,15,walking,0.00,0,0,0,0,0
1779983987807,-7471,8723,-5221,-239,-57,33,walking,0.00,0,0,0,0,0
1779983987807,-7801,9178,-5543,-258,-95,56,walking,0.00,0,0,0,0,0
1779983987838,-8050,9249,-6293,-251,-106,36,walking,0.00,0,0,0,0,0
1779983987839,-8099,9143,-7107,-224,-113,-2,walking,0.00,0,0,0,0,0
1779983987840,-8257,9079,-7752,-170,-115,-25,walking,0.00,0,0,0,0,0
1779983987863,-8576,9027,-8578,-87,-106,-43,walking,0.00,0,0,0,0,0
1779983987863,-8754,8928,-9327,-18,-95,-61,walking,0.00,0,0,0,0,0
1779983987864,-8884,8867,-9717,31,-89,-67,walking,0.00,0,0,0,0,0
1779983987894,-8824,9076,-9977,40,-85,-91,walking,0.00,0,0,0,0,0
1779983987895,-9309,9396,-9712,19,-104,-137,walking,0.00,0,0,0,0,0
1779983987896,-9308,9654,-9001,22,-98,-106,walking,0.00,0,0,0,0,0
1779983987924,-9215,10712,-8868,49,-60,-16,walking,0.00,0,0,0,0,0
1779983987928,-9489,11940,-8809,65,-57,49,walking,0.00,0,0,0,0,0
1779983987929,-10107,13245,-8504,76,-83,100,walking,0.00,0,0,0,0,0
1779983987955,-10968,14039,-7820,110,-119,110,walking,0.00,0,0,0,0,0
1779983987956,-11474,13816,-7055,179,-130,135,walking,0.00,0,0,0,0,0
1779983987956,-11789,14860,-7184,234,-127,212,walking,0.00,0,0,0,0,0
1779983987986,-12138,15570,-6817,196,-164,226,walking,0.00,0,0,0,0,0
1779983987987,-12397,15445,-6565,170,-180,221,walking,0.00,0,0,0,0,0
1779983987987,-12857,15042,-6826,140,-172,257,walking,0.00,0,0,0,0,0
1779983988019,-13319,14746,-7353,31,-149,309,walking,0.00,0,0,0,0,0
1779983988020,-13580,14573,-7821,-121,-110,349,walking,0.00,0,0,0,0,0
1779983988021,-13522,14446,-8818,-223,-29,377,walking,0.00,0,0,0,0,0
1779983988043,-13675,14081,-9422,-313,70,366,walking,0.00,0,0,0,0,0
1779983988044,-14027,13806,-9614,-378,187,323,walking,0.00,0,0,0,0,0
1779983988045,-14225,14140,-9462,-428,292,282,walking,0.00,0,0,0,0,0
1779983988077,-14363,14290,-8615,-465,353,220,walking,0.00,0,0,0,0,0
1779983988080,-14927,14605,-7870,-473,376,176,walking,0.00,0,0,0,0,0
1779983988080,-15317,15033,-7001,-449,344,157,walking,0.00,0,0,0,0,0
1779983988106,-15595,15155,-6097,-398,275,109,walking,0.00,0,0,0,0,0
1779983988106,-15406,14567,-5227,-312,221,45,walking,0.00,0,0,0,0,0
1779983988107,-14547,13669,-4517,-150,208,45,walking,0.00,0,0,0,0,0
1779983988136,-13138,12558,-4142,61,216,73,walking,0.00,0,0,0,0,0
1779983988137,-12271,11573,-3446,230,201,112,walking,0.00,0,0,0,0,0
1779983988137,-11796,10655,-2726,334,180,131,walking,0.00,0,0,0,0,0
1779983988165,-11129,9826,-2228,345,156,123,walking,0.00,0,0,0,0,0
1779983988172,-10562,9419,-1624,282,116,103,walking,0.00,0,0,0,0,0
1779983988173,-10358,9974,-1296,222,62,93,walking,0.00,0,0,0,0,0
1779983988194,-10475,11010,-1438,198,5,57,walking,0.00,0,0,0,0,0
1779983988195,-10465,11701,-1421,174,-68,-35,walking,0.00,0,0,0,0,0
1779983988195,-10453,11664,-1342,158,-126,-127,walking,0.00,0,0,0,0,0
1779983988227,-10359,11641,-1629,112,-153,-200,walking,0.00,0,0,0,0,0
1779983988228,-10458,11921,-1755,26,-166,-249,walking,0.00,0,0,0,0,0
1779983988229,-10755,12861,-2287,-23,-163,-261,walking,0.00,0,0,0,0,0
1779983988257,-10810,13405,-2677,-26,-157,-287,walking,0.00,0,0,0,0,0
1779983988257,-10708,12992,-2787,33,-142,-298,walking,0.00,0,0,0,0,0
1779983988261,-10593,12162,-3387,79,-136,-279,walking,0.00,0,0,0,0,0
1779983988285,-10541,11173,-3196,-7,-171,-274,walking,0.00,0,0,0,0,0
1779983988286,-10385,10731,-3357,-112,-174,-252,walking,0.00,0,0,0,0,0
1779983988287,-9962,10927,-3982,-164,-154,-192,walking,0.00,0,0,0,0,0
1779983988319,-9441,10832,-4283,-173,-147,-153,walking,0.00,0,0,0,0,0
1779983988320,-8953,10062,-4252,-165,-152,-140,walking,0.00,0,0,0,0,0
1779983988321,-8264,9349,-4257,-161,-152,-114,walking,0.00,0,0,0,0,0
1779983988344,-7583,9209,-4273,-158,-162,-87,walking,0.00,0,0,0,0,0
1779983988346,-7313,9021,-4436,-129,-162,-80,walking,0.00,0,0,0,0,0
1779983988346,-6909,9096,-4691,-65,-145,-48,walking,0.00,0,0,0,0,0
1779983988378,-6614,8747,-4703,-17,-151,-95,walking,0.00,0,0,0,0,0
1779983988379,-6467,8218,-4667,-11,-174,-168,walking,0.00,0,0,0,0,0
1779983988379,-6479,8080,-4402,-33,-209,-176,walking,0.00,0,0,0,0,0
1779983988404,-6546,8516,-4362,-40,-229,-149,walking,0.00,0,0,0,0,0
1779983988405,-6462,9021,-4509,-22,-242,-143,walking,0.00,0,0,0,0,0
1779983988405,-6495,9244,-4667,1,-259,-164,walking,0.00,0,0,0,0,0
1779983988438,-6756,9418,-4621,18,-271,-175,walking,0.00,0,0,0,0,0
1779983988439,-6913,9810,-4757,26,-275,-169,walking,0.00,0,0,0,0,0
1779983988440,-7078,10239,-4879,23,-279,-172,walking,0.00,0,0,0,0,0
1779983988463,-7351,10446,-4825,-3,-275,-214,walking,0.00,0,0,0,0,0
1779983988463,-7632,10671,-4970,-48,-253,-248,walking,0.00,0,0,0,0,0
1779983988464,-7900,11304,-5347,-98,-233,-245,walking,0.00,0,0,0,0,0
1779983988494,-8318,12220,-5354,-130,-228,-233,walking,0.00,0,0,0,0,0
1779983988495,-8748,13136,-5436,-120,-227,-246,walking,0.00,0,0,0,0,0
1779983988496,-9159,13389,-5649,-79,-216,-276,walking,0.00,0,0,0,0,0
1779983988528,-9887,13865,-5895,3,-189,-249,walking,0.00,0,0,0,0,0
1779983988529,-10176,14455,-6164,46,-182,-205,walking,0.00,0,0,0,0,0
1779983988529,-10617,14935,-6321,83,-186,-184,walking,0.00,0,0,0,0,0
1779983988554,-11230,15315,-6458,108,-189,-177,walking,0.00,0,0,0,0,0
1779983988555,-11823,15758,-6641,123,-195,-163,walking,0.00,0,0,0,0,0
1779983988555,-12292,16100,-6662,138,-203,-147,walking,0.00,0,0,0,0,0
1779983988585,-12663,16219,-6726,149,-206,-144,walking,0.00,0,0,0,0,0
1779983988585,-13010,16233,-6788,125,-198,-145,walking,0.00,0,0,0,0,0
1779983988586,-13340,16356,-6884,66,-178,-140,walking,0.00,0,0,0,0,0
1779983988617,-13525,16532,-6965,5,-148,-125,walking,0.00,0,0,0,0,0
1779983988618,-13914,16713,-6714,-35,-114,-98,walking,0.00,0,0,0,0,0
1779983988619,-14239,16579,-6619,-44,-58,-72,walking,0.00,0,0,0,0,0
1779983988644,-14358,16164,-6530,-31,3,-60,walking,0.00,0,0,0,0,0
1779983988645,-14579,15415,-6144,-4,54,-58,walking,0.00,0,0,0,0,0
1779983988646,-14359,14592,-5788,38,99,-45,walking,0.00,0,0,0,0,0
1779983988681,-14050,13955,-5667,70,132,-33,walking,0.00,0,0,0,0,0
1779983988682,-13978,13402,-5676,51,160,-39,walking,0.00,0,0,0,0,0
1779983988683,-14071,12895,-5483,-30,179,-41,walking,0.00,0,0,0,0,0
1779983988703,-13967,12776,-4848,-115,188,10,walking,0.00,0,0,0,0,0
1779983988704,-13522,12767,-3923,-128,188,98,walking,0.00,0,0,0,0,0
1779983988705,-12612,12306,-3157,-33,185,202,walking,0.00,0,0,0,0,0
1779983988735,-11875,11539,-2626,160,169,343,walking,0.00,0,0,0,0,0
1779983988735,-11810,10602,-2173,376,164,486,walking,0.00,0,0,0,0,0
1779983988736,-12061,9580,-1895,547,169,579,walking,0.00,0,0,0,0,0
1779983988763,-12200,8725,-1711,656,178,629,walking,0.00,0,0,0,0,0
1779983988764,-12817,9175,-1801,725,194,617,walking,0.00,0,0,0,0,0
1779983988765,-13620,8393,-1675,831,217,488,walking,0.00,0,0,0,0,0
1779983988795,-13918,7647,-2532,856,274,380,walking,0.00,0,0,0,0,0
1779983988795,-14322,7368,-2728,724,296,299,walking,0.00,0,0,0,0,0
1779983988796,-14681,7066,-2664,566,329,206,walking,0.00,0,0,0,0,0
1779983988829,-14512,6845,-3141,393,374,129,walking,0.00,0,0,0,0,0
1779983988829,-14163,7278,-3586,175,388,76,walking,0.00,0,0,0,0,0
1779983988830,-13894,7364,-3500,-14,392,30,walking,0.00,0,0,0,0,0
1779983988854,-13572,7768,-4066,-133,411,32,walking,0.00,0,0,0,0,0
1779983988855,-13190,8222,-4334,-239,415,52,walking,0.00,0,0,0,0,0
1779983988856,-12590,8486,-4520,-303,420,73,walking,0.00,0,0,0,0,0
1779983988885,-11848,8483,-4518,-328,423,86,walking,0.00,0,0,0,0,0
1779983988886,-10931,8522,-4455,-317,422,101,walking,0.00,0,0,0,0,0
1779983988887,-10052,8518,-4473,-279,413,109,walking,0.00,0,0,0,0,0
1779983988914,-9095,8371,-4395,-208,401,124,walking,0.00,0,0,0,0,0
1779983988915,-8297,8253,-4532,-131,389,126,walking,0.00,0,0,0,0,0
1779983988915,-7742,7921,-4350,-90,354,89,walking,0.00,0,0,0,0,0
1779983988944,-7503,7513,-4197,-74,323,62,walking,0.00,0,0,0,0,0
1779983988944,-7037,7788,-4425,-76,302,93,walking,0.00,0,0,0,0,0
1779983988945,-7028,8339,-4363,-87,256,90,walking,0.00,0,0,0,0,0
1779983988975,-7142,8267,-4392,-94,209,26,walking,0.00,0,0,0,0,0
1779983988976,-7131,8098,-4442,-108,171,-23,walking,0.00,0,0,0,0,0
1779983988976,-7311,8437,-4312,-135,134,-16,walking,0.00,0,0,0,0,0
1779983989003,-7402,8722,-4614,-152,110,-12,walking,0.00,0,0,0,0,0
1779983989004,-7339,8810,-5121,-195,81,-38,walking,0.00,0,0,0,0,0
1779983989009,-7274,8822,-5386,-263,42,-54,walking,0.00,0,0,0,0,0
1779983989034,-7309,8940,-5852,-332,4,-52,walking,0.00,0,0,0,0,0
1779983989035,-7602,9240,-6461,-392,-26,-44,walking,0.00,0,0,0,0,0
1779983989036,-7773,9845,-7190,-407,-40,-31,walking,0.00,0,0,0,0,0
1779983989068,-8080,10485,-8002,-372,-41,-47,walking,0.00,0,0,0,0,0
1779983989069,-8485,10719,-8954,-305,-35,-78,walking,0.00,0,0,0,0,0
1779983989070,-8975,10572,-9376,-264,-44,-110,walking,0.00,0,0,0,0,0
1779983989096,-9403,10480,-9835,-219,-41,-142,walking,0.00,0,0,0,0,0
1779983989097,-9754,10418,-10392,-147,-13,-123,walking,0.00,0,0,0,0,0
1779983989101,-9891,10613,-10690,-33,24,-23,walking,0.00,0,0,0,0,0
1779983989126,-10053,11197,-10967,53,49,86,walking,0.00,0,0,0,0,0
1779983989129,-10651,11572,-10774,65,31,94,walking,0.00,0,0,0,0,0
1779983989130,-11270,11540,-10098,14,-1,69,walking,0.00,0,0,0,0,0
1779983989154,-11558,12080,-9381,-58,-28,89,walking,0.00,0,0,0,0,0
1779983989154,-11751,13248,-8393,-123,-45,154,walking,0.00,0,0,0,0,0
1779983989155,-12114,15037,-8060,-106,-43,204,walking,0.00,0,0,0,0,0
1779983989185,-12725,15955,-7512,-45,-51,199,walking,0.00,0,0,0,0,0
1779983989185,-13378,16320,-7388,52,-43,192,walking,0.00,0,0,0,0,0
1779983989186,-13770,16119,-7649,87,-31,193,walking,0.00,0,0,0,0,0
1779983989214,-14192,15350,-7746,22,-14,191,walking,0.00,0,0,0,0,0
1779983989218,-14796,14664,-8150,-99,46,213,walking,0.00,0,0,0,0,0
1779983989218,-14518,14356,-8653,-231,148,243,walking,0.00,0,0,0,0,0
1779983989243,-14552,13995,-9319,-330,269,206,walking,0.00,0,0,0,0,0
1779983989243,-14506,13844,-9864,-404,381,153,walking,0.00,0,0,0,0,0
1779983989244,-14929,14201,-10249,-491,460,90,walking,0.00,0,0,0,0,0
1779983989276,-15889,14210,-9522,-587,500,-14,walking,0.00,0,0,0,0,0
1779983989277,-15510,13662,-8625,-622,568,-116,walking,0.00,0,0,0,0,0
1779983989277,-15005,13867,-7945,-618,594,-142,walking,0.00,0,0,0,0,0
1779983989306,-14757,13910,-6499,-586,550,-131,walking,0.00,0,0,0,0,0
1779983989310,-13683,13091,-5025,-487,519,-105,walking,0.00,0,0,0,0,0
1779983989310,-11964,12539,-4124,-332,500,-41,walking,0.00,0,0,0,0,0
1779983989335,-11125,11827,-3456,-163,442,-23,walking,0.00,0,0,0,0,0
1779983989335,-10673,11344,-2562,-95,366,22,walking,0.00,0,0,0,0,0
1779983989336,-9784,10345,-1384,-33,299,68,walking,0.00,0,0,0,0,0
1779983989363,-8838,10016,-1538,26,251,50,walking,0.00,0,0,0,0,0
1779983989364,-8255,10094,-1339,-7,157,3,walking,0.00,0,0,0,0,0
1779983989367,-8206,10855,-949,-29,45,-35,walking,0.00,0,0,0,0,0
1779983989398,-8345,11375,-813,-3,-53,-74,walking,0.00,0,0,0,0,0
1779983989398,-8362,11581,-1209,-4,-139,-163,walking,0.00,0,0,0,0,0
1779983989401,-8394,12164,-1180,-83,-243,-275,walking,0.00,0,0,0,0,0
1779983989428,-8712,13152,-1102,-125,-307,-337,walking,0.00,0,0,0,0,0
1779983989429,-9280,14183,-1614,-82,-320,-378,walking,0.00,0,0,0,0,0
1779983989430,-9936,14569,-1827,-28,-334,-426,walking,0.00,0,0,0,0,0
1779983989454,-10609,14672,-2200,24,-326,-460,walking,0.00,0,0,0,0,0
1779983989455,-11109,14276,-2628,44,-315,-463,walking,0.00,0,0,0,0,0
1779983989455,-11197,13367,-2751,32,-309,-410,walking,0.00,0,0,0,0,0
1779983989486,-10913,12699,-3135,5,-294,-300,walking,0.00,0,0,0,0,0
1779983989486,-10645,12236,-3530,-53,-281,-166,walking,0.00,0,0,0,0,0
1779983989487,-10246,12035,-3884,-99,-267,-41,walking,0.00,0,0,0,0,0
1779983989517,-9607,11831,-4151,-92,-246,49,walking,0.00,0,0,0,0,0
1779983989518,-9073,11277,-4159,-31,-225,98,walking,0.00,0,0,0,0,0
1779983989518,-8628,10705,-4263,45,-196,109,walking,0.00,0,0,0,0,0
1779983989544,-8027,9871,-4322,112,-173,82,walking,0.00,0,0,0,0,0
1779983989544,-7611,8960,-4375,159,-156,52,walking,0.00,0,0,0,0,0
1779983989545,-7508,8333,-4685,162,-132,60,walking,0.00,0,0,0,0,0
1779983989576,-6838,8304,-4804,123,-122,50,walking,0.00,0,0,0,0,0
1779983989578,-6886,7333,-4447,38,-132,-47,walking,0.00,0,0,0,0,0
1779983989578,-6632,7064,-4301,-64,-125,-49,walking,0.00,0,0,0,0,0
1779983989604,-6337,8119,-4467,-160,-128,-12,walking,0.00,0,0,0,0,0
1779983989604,-6235,8979,-4272,-203,-158,-35,walking,0.00,0,0,0,0,0
1779983989605,-5819,9774,-4381,-137,-228,-79,walking,0.00,0,0,0,0,0
1779983989635,-6028,10004,-4324,-83,-273,-87,walking,0.00,0,0,0,0,0
1779983989636,-6193,10192,-4278,-29,-304,-101,walking,0.00,0,0,0,0,0
1779983989636,-6280,10562,-4366,2,-331,-113,walking,0.00,0,0,0,0,0
1779983989667,-6569,11076,-4511,6,-356,-131,walking,0.00,0,0,0,0,0
1779983989667,-6937,11735,-4714,8,-365,-141,walking,0.00,0,0,0,0,0
1779983989668,-7410,12503,-4943,27,-364,-139,walking,0.00,0,0,0,0,0
1779983989694,-7895,13084,-5177,66,-350,-142,walking,0.00,0,0,0,0,0
1779983989696,-8268,13410,-5444,116,-327,-152,walking,0.00,0,0,0,0,0
1779983989697,-8583,13599,-5747,152,-300,-154,walking,0.00,0,0,0,0,0
1779983989726,-9008,13787,-5954,162,-269,-152,walking,0.00,0,0,0,0,0
1779983989727,-9438,14043,-6165,160,-232,-143,walking,0.00,0,0,0,0,0
1779983989728,-9850,14364,-6429,159,-199,-129,walking,0.00,0,0,0,0,0
1779983989754,-10358,14756,-6555,167,-166,-110,walking,0.00,0,0,0,0,0
1779983989754,-10907,15121,-6765,188,-123,-95,walking,0.00,0,0,0,0,0
1779983989755,-11483,15333,-6937,219,-80,-91,walking,0.00,0,0,0,0,0
1779983989784,-11901,15489,-6957,270,-50,-78,walking,0.00,0,0,0,0,0
1779983989785,-12177,15381,-7059,318,-20,-63,walking,0.00,0,0,0,0,0
1779983989786,-12432,15161,-7079,351,3,-49,walking,0.00,0,0,0,0,0
1779983989820,-12420,14858,-7111,355,12,-36,walking,0.00,0,0,0,0,0
1779983989820,-12474,14491,-7124,317,21,-45,walking,0.00,0,0,0,0,0
1779983989821,-12655,14316,-7090,206,30,-73,walking,0.00,0,0,0,0,0
1779983989845,-12986,14802,-6861,46,52,-91,walking,0.00,0,0,0,0,0
1779983989846,-13243,15943,-6702,-91,102,-77,walking,0.00,0,0,0,0,0
1779983989846,-13470,17101,-6484,-146,154,-50,walking,0.00,0,0,0,0,0
1779983989876,-13549,17521,-6196,-120,193,-44,walking,0.00,0,0,0,0,0
1779983989878,-13479,17202,-5962,-78,215,-53,walking,0.00,0,0,0,0,0
1779983989878,-13521,16900,-5764,-66,223,-45,walking,0.00,0,0,0,0,0
1779983989904,-13609,16913,-5657,-71,231,-19,walking,0.00,0,0,0,0,0
1779983989904,-13852,16889,-5269,-39,230,10,walking,0.00,0,0,0,0,0
1779983989906,-13926,16298,-4500,53,219,45,walking,0.00,0,0,0,0,0
1779983989934,-13094,14958,-3867,193,204,107,walking,0.00,0,0,0,0,0
1779983989935,-11813,13030,-3121,348,171,216,walking,0.00,0,0,0,0,0
1779983989935,-11166,10879,-2407,481,133,350,walking,0.00,0,0,0,0,0
1779983989971,-11215,9350,-2080,524,105,476,walking,0.00,0,0,0,0,0
1779983989972,-11062,8942,-2273,503,95,588,walking,0.00,0,0,0,0,0
1779983989973,-11248,9256,-2294,492,74,642,walking,0.00,0,0,0,0,0
1779983989995,-12083,9572,-2276,511,67,613,walking,0.00,0,0,0,0,0
1779983989997,-12742,9716,-2462,570,78,546,walking,0.00,0,0,0,0,0
1779983990000,-13111,9682,-2710,660,97,492,walking,0.00,0,0,0,0,0
1779983990025,-13336,9576,-3014,742,125,465,walking,0.00,0,0,0,0,0
1779983990025,-13421,9498,-3414,783,166,444,walking,0.00,0,0,0,0,0
1779983990026,-13294,9112,-3833,769,213,417,walking,0.00,0,0,0,0,0
1779983990058,-12912,8734,-4189,695,246,397,walking,0.00,0,0,0,0,0
1779983990059,-12625,8278,-4074,567,259,380,walking,0.00,0,0,0,0,0
1779983990060,-12083,8200,-4568,398,274,331,walking,0.00,0,0,0,0,0
1779983990086,-11763,8251,-4741,174,276,240,walking,0.00,0,0,0,0,0
1779983990086,-11594,8236,-4683,30,289,229,walking,0.00,0,0,0,0,0
1779983990087,-11040,8630,-5093,-86,316,275,walking,0.00,0,0,0,0,0
1779983990116,-10597,9423,-5232,-177,319,259,walking,0.00,0,0,0,0,0
1779983990117,-10040,9521,-5188,-184,313,213,walking,0.00,0,0,0,0,0
1779983990118,-9303,9070,-5335,-175,305,182,walking,0.00,0,0,0,0,0
1779983990144,-8946,8501,-5294,-183,282,173,walking,0.00,0,0,0,0,0
1779983990144,-8576,8501,-5421,-199,272,206,walking,0.00,0,0,0,0,0
1779983990146,-8191,8874,-5529,-209,273,240,walking,0.00,0,0,0,0,0
1779983990175,-7972,9171,-5669,-185,259,226,walking,0.00,0,0,0,0,0
1779983990178,-7846,8994,-5680,-140,242,196,walking,0.00,0,0,0,0,0
1779983990178,-7919,8908,-5848,-84,237,192,walking,0.00,0,0,0,0,0
1779983990204,-7758,8922,-5822,-45,232,195,walking,0.00,0,0,0,0,0
1779983990208,-7544,8996,-5905,-38,223,190,walking,0.00,0,0,0,0,0
1779983990209,-7062,8513,-6062,-73,198,140,walking,0.00,0,0,0,0,0
1779983990234,-7405,7855,-6375,-177,160,90,walking,0.00,0,0,0,0,0
1779983990235,-7155,8872,-6305,-268,131,182,walking,0.00,0,0,0,0,0
1779983990236,-6770,10126,-6556,-268,113,236,walking,0.00,0,0,0,0,0
1779983990266,-6789,10602,-7000,-227,83,192,walking,0.00,0,0,0,0,0
1779983990266,-7147,10594,-7262,-182,61,147,walking,0.00,0,0,0,0,0
1779983990267,-7372,10835,-7700,-140,65,163,walking,0.00,0,0,0,0,0
1779983990294,-7471,11091,-8087,-98,86,205,walking,0.00,0,0,0,0,0
1779983990295,-7375,11412,-8421,-56,115,239,walking,0.00,0,0,0,0,0
1779983990295,-7120,11585,-8442,-32,126,238,walking,0.00,0,0,0,0,0
1779983990324,-7345,11473,-8361,-9,124,228,walking,0.00,0,0,0,0,0
1779983990328,-7073,11811,-8478,35,128,279,walking,0.00,0,0,0,0,0
1779983990328,-7207,12123,-8517,79,110,308,walking,0.00,0,0,0,0,0
1779983990354,-7237,12403,-8546,137,90,320,walking,0.00,0,0,0,0,0
1779983990358,-7350,12738,-8781,194,71,318,walking,0.00,0,0,0,0,0
1779983990358,-7767,13071,-9032,232,48,305,walking,0.00,0,0,0,0,0
1779983990383,-8299,13449,-9066,267,36,296,walking,0.00,0,0,0,0,0
1779983990385,-8815,13855,-8921,313,40,306,walking,0.00,0,0,0,0,0
1779983990385,-9260,14238,-8732,351,40,307,walking,0.00,0,0,0,0,0
1779983990419,-9700,14116,-8326,335,34,264,walking,0.00,0,0,0,0,0
1779983990420,-10062,13532,-7791,276,27,228,walking,0.00,0,0,0,0,0
1779983990420,-10233,13489,-7590,205,36,249,walking,0.00,0,0,0,0,0
1779983990451,-10479,14018,-7756,123,38,266,walking,0.00,0,0,0,0,0
1779983990451,-10748,13806,-7547,9,11,246,walking,0.00,0,0,0,0,0
1779983990452,-10812,13676,-7547,-109,2,237,walking,0.00,0,0,0,0,0
1779983990475,-10609,14006,-7585,-200,3,236,walking,0.00,0,0,0,0,0
1779983990476,-10401,14520,-7886,-261,5,203,walking,0.00,0,0,0,0,0
1779983990476,-10193,15017,-8178,-303,-3,132,walking,0.00,0,0,0,0,0
1779983990507,-10182,15425,-8628,-318,-19,39,walking,0.00,0,0,0,0,0
1779983990508,-10709,15449,-8921,-361,-46,-53,walking,0.00,0,0,0,0,0
1779983990509,-11472,15818,-8932,-435,-58,-119,walking,0.00,0,0,0,0,0
1779983990538,-12219,16447,-8397,-465,-66,-149,walking,0.00,0,0,0,0,0
1779983990539,-12567,16800,-7302,-411,-64,-149,walking,0.00,0,0,0,0,0
1779983990545,-12340,16486,-6261,-241,-38,-113,walking,0.00,0,0,0,0,0
1779983990567,-11591,15752,-5313,4,-3,-35,walking,0.00,0,0,0,0,0
1779983990570,-10537,14407,-4643,282,32,63,walking,0.00,0,0,0,0,0
1779983990570,-9672,13317,-4293,524,37,158,walking,0.00,0,0,0,0,0
1779983990593,-9011,12245,-3876,661,1,190,walking,0.00,0,0,0,0,0
1779983990594,-8487,11424,-3563,687,-54,159,walking,0.00,0,0,0,0,0
1779983990595,-8132,10924,-3392,592,-123,76,walking,0.00,0,0,0,0,0
1779983990625,-8121,10851,-3297,407,-203,-13,walking,0.00,0,0,0,0,0
1779983990626,-8306,11473,-3207,210,-274,-77,walking,0.00,0,0,0,0,0
1779983990627,-8620,12588,-3231,62,-330,-125,walking,0.00,0,0,0,0,0
1779983990657,-9158,13597,-3078,-20,-375,-142,walking,0.00,0,0,0,0,0
1779983990658,-9067,14641,-3194,-2,-388,-124,walking,0.00,0,0,0,0,0
1779983990658,-9492,15089,-3611,30,-408,-187,walking,0.00,0,0,0,0,0
1779983990687,-10087,15302,-3688,33,-437,-232,walking,0.00,0,0,0,0,0
1779983990688,-10243,14836,-3525,113,-433,-199,walking,0.00,0,0,0,0,0
1779983990692,-10091,13953,-3960,247,-395,-140,walking,0.00,0,0,0,0,0
1779983990715,-9818,12990,-4204,305,-368,-95,walking,0.00,0,0,0,0,0
1779983990716,-9042,11107,-4383,219,-339,-19,walking,0.00,0,0,0,0,0
1779983990717,-8690,10814,-4663,125,-337,21,walking,0.00,0,0,0,0,0
1779983990744,-8414,10644,-4691,48,-348,38,walking,0.00,0,0,0,0,0
1779983990745,-8043,10204,-4618,6,-351,32,walking,0.00,0,0,0,0,0
1779983990746,-7550,9771,-4622,-25,-347,35,walking,0.00,0,0,0,0,0
1779983990774,-7208,9641,-4722,-64,-347,49,walking,0.00,0,0,0,0,0
1779983990777,-6783,9976,-4742,-91,-346,87,walking,0.00,0,0,0,0,0
1779983990778,-6423,10179,-4734,-83,-353,78,walking,0.00,0,0,0,0,0
1779983990808,-6344,9745,-4661,-85,-358,2,walking,0.00,0,0,0,0,0
1779983990809,-6137,9683,-4776,-80,-353,1,walking,0.00,0,0,0,0,0
1779983990809,-6052,9857,-4711,-69,-355,32,walking,0.00,0,0,0,0,0
1779983990833,-5831,10127,-4710,-35,-350,36,walking,0.00,0,0,0,0,0
1779983990834,-5722,10050,-4720,11,-345,21,walking,0.00,0,0,0,0,0
1779983990834,-5680,9913,-4961,36,-333,19,walking,0.00,0,0,0,0,0
1779983990865,-5715,10325,-5110,25,-324,8,walking,0.00,0,0,0,0,0
1779983990866,-5724,10461,-4992,14,-315,-20,walking,0.00,0,0,0,0,0
1779983990866,-5627,10629,-5097,9,-296,-42,walking,0.00,0,0,0,0,0
1779983990894,-5562,10812,-5126,-5,-277,-47,walking,0.00,0,0,0,0,0
1779983990894,-5538,11367,-5318,-11,-262,-36,walking,0.00,0,0,0,0,0
1779983990895,-5614,11741,-5447,-14,-259,-44,walking,0.00,0,0,0,0,0
1779983990924,-5687,11931,-5532,-18,-250,-54,walking,0.00,0,0,0,0,0
1779983990924,-5748,12284,-5623,-31,-241,-46,walking,0.00,0,0,0,0,0
1779983990925,-5908,12813,-5744,-39,-244,-21,walking,0.00,0,0,0,0,0
1779983990957,-6018,13632,-5915,-26,-254,7,walking,0.00,0,0,0,0,0
1779983990958,-6194,14311,-6111,7,-264,14,walking,0.00,0,0,0,0,0
1779983990959,-6526,14872,-6287,59,-270,16,walking,0.00,0,0,0,0,0
1779983990986,-6978,15244,-6422,111,-263,9,walking,0.00,0,0,0,0,0
1779983990987,-7554,15791,-6467,153,-255,19,walking,0.00,0,0,0,0,0
1779983990991,-8168,16326,-6430,194,-243,34,walking,0.00,0,0,0,0,0
1779983991015,-8797,16730,-6435,227,-228,43,walking,0.00,0,0,0,0,0
1779983991016,-9338,17157,-6411,255,-222,46,walking,0.00,0,0,0,0,0
1779983991017,-9931,17359,-6568,284,-217,43,walking,0.00,0,0,0,0,0
1779983991048,-10367,17152,-6732,309,-205,37,walking,0.00,0,0,0,0,0
1779983991049,-10704,16822,-6819,311,-186,38,walking,0.00,0,0,0,0,0
1779983991050,-10864,16548,-6923,290,-156,43,walking,0.00,0,0,0,0,0
1779983991077,-11081,16357,-7100,249,-115,30,walking,0.00,0,0,0,0,0
1779983991081,-11303,16309,-7176,188,-70,-4,walking,0.00,0,0,0,0,0
1779983991081,-11545,16341,-7212,132,-22,-45,walking,0.00,0,0,0,0,0
1779983991111,-11785,16274,-7143,102,26,-81,walking,0.00,0,0,0,0,0
1779983991112,-11761,16139,-7053,92,69,-114,walking,0.00,0,0,0,0,0
1779983991113,-11308,16256,-6848,91,83,-132,walking,0.00,0,0,0,0,0
1779983991135,-11073,16072,-6364,90,82,-115,walking,0.00,0,0,0,0,0
1779983991137,-11285,16270,-6323,102,80,-47,walking,0.00,0,0,0,0,0
1779983991143,-11563,16886,-6113,143,34,3,walking,0.00,0,0,0,0,0
1779983991165,-11431,15397,-4961,285,-18,41,walking,0.00,0,0,0,0,0
1779983991166,-10288,13364,-4863,505,-10,158,walking,0.00,0,0,0,0,0
1779983991167,-9288,12499,-4705,663,-51,355,walking,0.00,0,0,0,0,0
1779983991193,-8935,11764,-4527,759,-137,506,walking,0.00,0,0,0,0,0
1779983991194,-9061,10647,-4224,780,-239,545,walking,0.00,0,0,0,0,0
1779983991198,-9399,10584,-4314,756,-316,535,walking,0.00,0,0,0,0,0
1779983991226,-9854,11249,-4478,756,-383,509,walking,0.00,0,0,0,0,0
1779983991227,-10441,11804,-4695,804,-445,437,walking,0.00,0,0,0,0,0
1779983991228,-10835,11874,-4841,836,-484,351,walking,0.00,0,0,0,0,0
1779983991254,-11209,11867,-5142,821,-490,314,walking,0.00,0,0,0,0,0
1779983991256,-11460,11861,-4984,754,-495,285,walking,0.00,0,0,0,0,0
1779983991257,-11318,11703,-5028,671,-467,285,walking,0.00,0,0,0,0,0
1779983991283,-10943,11925,-5038,576,-442,336,walking,0.00,0,0,0,0,0
1779983991284,-10518,12141,-4679,526,-408,386,walking,0.00,0,0,0,0,0
1779983991284,-9986,11963,-4883,528,-348,400,walking,0.00,0,0,0,0,0
1779983991315,-9523,11303,-4878,504,-303,388,walking,0.00,0,0,0,0,0
1779983991315,-9085,10836,-5120,442,-261,361,walking,0.00,0,0,0,0,0
1779983991316,-8451,10331,-5176,325,-229,325,walking,0.00,0,0,0,0,0
1779983991344,-8024,10142,-5091,201,-205,306,walking,0.00,0,0,0,0,0
1779983991344,-7462,10197,-5232,98,-175,300,walking,0.00,0,0,0,0,0
1779983991345,-7180,10565,-5380,18,-159,289,walking,0.00,0,0,0,0,0
1779983991376,-7087,11228,-5538,-12,-160,268,walking,0.00,0,0,0,0,0
1779983991377,-7035,11246,-5354,10,-193,192,walking,0.00,0,0,0,0,0
1779983991378,-6811,10312,-4894,26,-223,128,walking,0.00,0,0,0,0,0
1779983991409,-6622,10417,-4649,38,-247,159,walking,0.00,0,0,0,0,0
1779983991409,-6580,11664,-5117,104,-277,211,walking,0.00,0,0,0,0,0
1779983991410,-6735,12154,-5478,198,-344,172,walking,0.00,0,0,0,0,0
1779983991433,-7162,11328,-5183,269,-427,86,walking,0.00,0,0,0,0,0
1779983991433,-7292,10455,-5517,327,-459,83,walking,0.00,0,0,0,0,0
1779983991434,-7205,10607,-5945,289,-503,138,walking,0.00,0,0,0,0,0
1779983991468,-7326,11014,-5579,208,-584,147,walking,0.00,0,0,0,0,0
1779983991468,-7381,11229,-5553,181,-630,111,walking,0.00,0,0,0,0,0
1779983991469,-7398,11382,-5879,186,-650,102,walking,0.00,0,0,0,0,0
1779983991498,-7543,12000,-6075,213,-671,135,walking,0.00,0,0,0,0,0
1779983991498,-7849,12393,-6053,281,-688,141,walking,0.00,0,0,0,0,0
1779983991499,-8177,12309,-6323,370,-677,125,walking,0.00,0,0,0,0,0
1779983991525,-8556,12023,-6632,430,-652,106,walking,0.00,0,0,0,0,0
1779983991526,-8855,11579,-6562,476,-618,87,walking,0.00,0,0,0,0,0
1779983991527,-8934,11078,-6809,505,-557,67,walking,0.00,0,0,0,0,0
1779983991556,-8928,10571,-7028,499,-491,54,walking,0.00,0,0,0,0,0
1779983991557,-8864,10537,-7425,474,-421,43,walking,0.00,0,0,0,0,0
1779983991558,-8870,10542,-7785,430,-352,20,walking,0.00,0,0,0,0,0
1779983991584,-8811,10467,-8020,376,-290,-7,walking,0.00,0,0,0,0,0
1779983991614,-8555,10330,-8096,301,-234,-22,walking,0.00,0,0,0,0,0
1779983991615,-8425,10559,-8069,215,-190,-19,walking,0.00,0,0,0,0,0
1779983991616,-8309,11175,-7996,126,-162,-7,walking,0.00,0,0,0,0,0
1779983991617,-8349,11980,-7792,45,-153,7,walking,0.00,0,0,0,0,0
1779983991618,-8468,12850,-7802,-17,-145,31,walking,0.00,0,0,0,0,0
1779983991648,-8505,13848,-7658,-51,-156,57,walking,0.00,0,0,0,0,0
1779983991649,-8563,14415,-7470,-49,-163,77,walking,0.00,0,0,0,0,0
1779983991650,-8733,14730,-7415,-19,-151,107,walking,0.00,0,0,0,0,0
1779983991673,-8882,14906,-7374,10,-127,143,walking,0.00,0,0,0,0,0
1779983991674,-8961,15044,-7482,34,-100,181,walking,0.00,0,0,0,0,0
1779983991675,-8986,14671,-7521,29,-87,187,walking,0.00,0,0,0,0,0
1779983991705,-9176,14636,-7780,-66,-80,186,walking,0.00,0,0,0,0,0
1779983991706,-9709,15260,-7887,-212,-84,196,walking,0.00,0,0,0,0,0
1779983991706,-10484,16188,-7820,-342,-92,197,walking,0.00,0,0,0,0,0
1779983991734,-11384,17058,-7669,-433,-104,173,walking,0.00,0,0,0,0,0
1779983991735,-12264,17859,-7679,-475,-110,153,walking,0.00,0,0,0,0,0
1779983991735,-12570,18155,-7660,-474,-120,127,walking,0.00,0,0,0,0,0
1779983991764,-12949,17704,-7457,-400,-126,138,walking,0.00,0,0,0,0,0
1779983991765,-12957,16735,-6920,-231,-94,240,walking,0.00,0,0,0,0,0
1779983991766,-12484,15684,-6472,23,-43,359,walking,0.00,0,0,0,0,0
1779983991801,-11785,14193,-6041,307,2,408,walking,0.00,0,0,0,0,0
1779983991801,-10965,12236,-5413,529,41,373,walking,0.00,0,0,0,0,0
1779983991802,-10266,10761,-4958,650,57,308,walking,0.00,0,0,0,0,0
1779983991828,-9661,9599,-4595,646,48,232,walking,0.00,0,0,0,0,0
1779983991829,-9493,10270,-4988,437,-33,81,walking,0.00,0,0,0,0,0
1779983991832,-9943,10181,-3856,177,-137,-43,walking,0.00,0,0,0,0,0
1779983991856,-10438,10843,-3000,57,-193,-22,walking,0.00,0,0,0,0,0
1779983991857,-10443,12384,-3652,31,-199,-63,walking,0.00,0,0,0,0,0
1779983991857,-10902,13702,-3358,0,-250,-142,walking,0.00,0,0,0,0,0
1779983991884,-11180,14542,-3190,77,-264,-176,walking,0.00,0,0,0,0,0
1779983991886,-11261,14338,-2861,168,-268,-188,walking,0.00,0,0,0,0,0
1779983991886,-11186,13873,-2802,267,-265,-151,walking,0.00,0,0,0,0,0
1779983991914,-10829,13674,-3334,311,-260,-97,walking,0.00,0,0,0,0,0
1779983991915,-10617,13106,-3270,279,-278,-62,walking,0.00,0,0,0,0,0
1779983991916,-10292,12458,-3481,264,-275,-33,walking,0.00,0,0,0,0,0
1779983991944,-9897,12089,-4016,202,-282,-42,walking,0.00,0,0,0,0,0
1779983991948,-9384,11738,-4041,90,-298,-76,walking,0.00,0,0,0,0,0
1779983991948,-9154,11434,-4085,43,-298,-91,walking,0.00,0,0,0,0,0
1779983991976,-8671,10508,-4035,32,-275,-66,walking,0.00,0,0,0,0,0
1779983991977,-8037,11347,-4940,29,-245,-1,walking,0.00,0,0,0,0,0
1779983991978,-7805,10894,-4583,6,-285,-27,walking,0.00,0,0,0,0,0
1779983992006,-7388,9836,-4191,-8,-302,-57,walking,0.00,0,0,0,0,0
1779983992007,-6735,9942,-4530,-27,-301,-36,walking,0.00,0,0,0,0,0
1779983992007,-6521,10136,-4572,-53,-328,-9,walking,0.00,0,0,0,0,0
1779983992033,-6492,10140,-4557,-81,-353,-18,walking,0.00,0,0,0,0,0
1779983992034,-6369,10300,-4670,-114,-368,-46,walking,0.00,0,0,0,0,0
1779983992035,-6158,10850,-4866,-112,-375,-42,walking,0.00,0,0,0,0,0
1779983992067,-6254,11172,-4901,-87,-386,-41,walking,0.00,0,0,0,0,0
1779983992068,-6410,11544,-4851,-49,-388,-35,walking,0.00,0,0,0,0,0
1779983992069,-6379,11425,-4778,-3,-375,-72,walking,0.00,0,0,0,0,0
1779983992097,-6321,11248,-4819,40,-355,-85,walking,0.00,0,0,0,0,0
1779983992098,-6444,11383,-4670,72,-346,-65,walking,0.00,0,0,0,0,0
1779983992099,-6651,11409,-4622,90,-321,-55,walking,0.00,0,0,0,0,0
1779983992124,-6844,11403,-4681,100,-287,-43,walking,0.00,0,0,0,0,0
1779983992125,-6940,11499,-4768,96,-252,-18,walking,0.00,0,0,0,0,0
1779983992126,-6985,11626,-4803,83,-219,8,walking,0.00,0,0,0,0,0
1779983992156,-7014,11733,-4900,67,-191,21,walking,0.00,0,0,0,0,0
1779983992157,-7091,11893,-4931,43,-167,19,walking,0.00,0,0,0,0,0
1779983992158,-7193,12048,-4952,24,-138,17,walking,0.00,0,0,0,0,0
1779983992186,-7229,12241,-5028,27,-105,18,walking,0.00,0,0,0,0,0
1779983992189,-7267,12371,-5132,33,-77,15,walking,0.00,0,0,0,0,0
1779983992191,-7307,12400,-5223,39,-54,8,walking,0.00,0,0,0,0,0
1779983992215,-7344,12307,-5358,36,-29,5,walking,0.00,0,0,0,0,0
1779983992217,-7379,12347,-5550,25,1,19,walking,0.00,0,0,0,0,0
1779983992217,-7466,12889,-5834,12,20,37,walking,0.00,0,0,0,0,0
1779983992251,-7743,13468,-6006,0,30,37,walking,0.00,0,0,0,0,0
1779983992252,-8085,13976,-6238,0,37,23,walking,0.00,0,0,0,0,0
1779983992253,-8434,14312,-6320,11,44,1,walking,0.00,0,0,0,0,0
1779983992273,-8790,14687,-6570,21,52,-18,walking,0.00,0,0,0,0,0
1779983992274,-9029,15190,-6616,31,59,-30,walking,0.00,0,0,0,0,0
1779983992274,-9311,15659,-6785,64,64,-38,walking,0.00,0,0,0,0,0
1779983992305,-9657,15725,-6903,106,71,-40,walking,0.00,0,0,0,0,0
1779983992305,-10128,15873,-7234,124,87,-32,walking,0.00,0,0,0,0,0
1779983992306,-10601,16070,-7350,86,91,-36,walking,0.00,0,0,0,0,0
1779983992334,-10988,16372,-7384,35,101,-44,walking,0.00,0,0,0,0,0
1779983992335,-11443,16570,-7385,-4,128,-49,walking,0.00,0,0,0,0,0
1779983992338,-12057,17334,-7682,-42,167,-42,walking,0.00,0,0,0,0,0
1779983992365,-12722,18161,-7678,-81,182,-73,walking,0.00,0,0,0,0,0
1779983992366,-13541,18568,-7764,-100,190,-132,walking,0.00,0,0,0,0,0
1779983992366,-14254,18511,-7714,-93,189,-172,walking,0.00,0,0,0,0,0
1779983992398,-14603,18042,-7596,-80,182,-166,walking,0.00,0,0,0,0,0
1779983992399,-13908,16965,-7581,-67,167,-112,walking,0.00,0,0,0,0,0
1779983992399,-12972,15790,-7509,-21,138,33,walking,0.00,0,0,0,0,0
1779983992424,-12437,14515,-7442,42,94,219,walking,0.00,0,0,0,0,0
1779983992425,-11701,12834,-7100,112,55,374,walking,0.00,0,0,0,0,0
1779983992425,-10934,11094,-6623,214,34,508,walking,0.00,0,0,0,0,0
1779983992458,-10338,10004,-6501,345,54,663,walking,0.00,0,0,0,0,0
1779983992458,-10204,9602,-6489,441,70,784,walking,0.00,0,0,0,0,0
1779983992459,-10440,9526,-6308,478,84,820,walking,0.00,0,0,0,0,0
1779983992488,-10929,9798,-6186,512,107,815,walking,0.00,0,0,0,0,0
1779983992488,-11247,9599,-6058,551,143,787,walking,0.00,0,0,0,0,0
1779983992489,-11343,9999,-6124,560,191,762,walking,0.00,0,0,0,0,0
1779983992514,-11577,10361,-6309,572,246,684,walking,0.00,0,0,0,0,0
1779983992515,-11572,9989,-6466,521,314,572,walking,0.00,0,0,0,0,0
1779983992515,-11740,10203,-6332,355,377,516,walking,0.00,0,0,0,0,0
1779983992546,-11806,10795,-6202,180,443,507,walking,0.00,0,0,0,0,0
1779983992547,-11443,11241,-5999,53,509,516,walking,0.00,0,0,0,0,0
1779983992548,-10775,11970,-6161,-25,565,526,walking,0.00,0,0,0,0,0
1779983992575,-10192,12377,-5919,-61,593,513,walking,0.00,0,0,0,0,0
1779983992576,-9459,12591,-5843,-39,616,507,walking,0.00,0,0,0,0,0
1779983992580,-8639,12456,-5766,11,631,522,walking,0.00,0,0,0,0,0
1779983992605,-7943,12390,-5774,74,635,549,walking,0.00,0,0,0,0,0
1779983992608,-7488,12126,-6075,124,643,569,walking,0.00,0,0,0,0,0
1779983992608,-7195,12110,-6620,157,664,584,walking,0.00,0,0,0,0,0
1779983992634,-6965,12037,-6582,155,680,589,walking,0.00,0,0,0,0,0
1779983992635,-6660,11653,-6331,125,687,585,walking,0.00,0,0,0,0,0
1779983992639,-6220,11373,-6377,71,690,591,walking,0.00,0,0,0,0,0
1779983992664,-5906,11432,-6211,-20,673,619,walking,0.00,0,0,0,0,0
1779983992664,-5562,11880,-6203,-76,661,643,walking,0.00,0,0,0,0,0
1779983992665,-5337,12219,-6241,-86,648,645,walking,0.00,0,0,0,0,0
1779983992696,-5087,12269,-6118,-54,626,653,walking,0.00,0,0,0,0,0
1779983992697,-4816,11992,-6158,16,602,660,walking,0.00,0,0,0,0,0
1779983992697,-4577,11983,-6247,74,573,664,walking,0.00,0,0,0,0,0
1779983992725,-4563,11980,-6460,111,557,668,walking,0.00,0,0,0,0,0
1779983992725,-4619,12267,-6898,154,566,681,walking,0.00,0,0,0,0,0
1779983992726,-4470,12522,-7002,213,570,649,walking,0.00,0,0,0,0,0
1779983992756,-4120,12172,-7054,266,577,591,walking,0.00,0,0,0,0,0
1779983992757,-4038,11620,-7294,284,576,552,walking,0.00,0,0,0,0,0
1779983992757,-4040,11216,-7485,250,561,547,walking,0.00,0,0,0,0,0
1779983992784,-3968,11337,-7444,211,528,581,walking,0.00,0,0,0,0,0
1779983992784,-3787,11673,-7592,208,484,613,walking,0.00,0,0,0,0,0
1779983992785,-3443,11771,-7624,230,438,610,walking,0.00,0,0,0,0,0
1779983992815,-3312,11721,-7687,277,396,598,walking,0.00,0,0,0,0,0
1779983992815,-3263,11965,-7788,322,374,590,walking,0.00,0,0,0,0,0
1779983992817,-3379,12219,-7872,370,362,595,walking,0.00,0,0,0,0,0
1779983992846,-3334,12670,-8148,438,360,625,walking,0.00,0,0,0,0,0
1779983992847,-3206,12898,-8345,508,358,646,walking,0.00,0,0,0,0,0
1779983992848,-3191,12751,-8741,567,363,649,walking,0.00,0,0,0,0,0
1779983992876,-3324,12866,-9092,612,375,664,walking,0.00,0,0,0,0,0
1779983992905,-3509,13111,-9315,656,398,690,walking,0.00,0,0,0,0,0
1779983992906,-3571,13097,-9637,704,430,710,walking,0.00,0,0,0,0,0
1779983992906,-3551,12948,-9990,723,452,715,walking,0.00,0,0,0,0,0
1779983992907,-3787,12999,-10174,719,459,717,walking,0.00,0,0,0,0,0
1779983992908,-4164,12903,-10539,697,470,710,walking,0.00,0,0,0,0,0
1779983992938,-4444,12694,-11125,513,470,622,walking,0.00,0,0,0,0,0
1779983992939,-4132,12714,-11380,374,469,552,walking,0.00,0,0,0,0,0
1779983992939,-3889,12653,-11460,204,441,430,walking,0.00,0,0,0,0,0
1779983992966,-3903,13227,-11519,60,430,441,walking,0.00,0,0,0,0,0
1779983992967,-3765,13986,-11740,16,483,538,walking,0.00,0,0,0,0,0
1779983992968,-3609,14783,-11842,53,536,587,walking,0.00,0,0,0,0,0
1779983992996,-3492,15110,-11931,109,568,584,walking,0.00,0,0,0,0,0
1779983992997,-2492,15045,-11726,170,581,546,walking,0.00,0,0,0,0,0
1779983992998,-1991,15095,-11871,139,553,444,walking,0.00,0,0,0,0,0
1779983993027,-1895,16283,-11868,45,487,383,walking,0.00,0,0,0,0,0
1779983993030,-2070,17425,-11569,-7,415,309,walking,0.00,0,0,0,0,0
1779983993031,-2728,18061,-11405,-3,359,210,walking,0.00,0,0,0,0,0
1779983993057,-3816,18003,-11142,25,307,161,walking,0.00,0,0,0,0,0
1779983993058,-4680,17808,-10726,112,273,218,walking,0.00,0,0,0,0,0
1779983993059,-4877,17268,-10357,246,259,364,walking,0.00,0,0,0,0,0
1779983993084,-4504,16240,-9792,425,258,556,walking,0.00,0,0,0,0,0
1779983993088,-3672,14888,-9369,664,264,742,walking,0.00,0,0,0,0,0
1779983993088,-2889,13303,-9159,859,257,876,walking,0.00,0,0,0,0,0
1779983993114,-2446,12389,-8697,988,224,972,walking,0.00,0,0,0,0,0
1779983993114,-2185,11459,-8398,1055,185,961,walking,0.00,0,0,0,0,0
1779983993115,-1864,10710,-8255,1023,127,898,walking,0.00,0,0,0,0,0
1779983993145,-1739,10895,-8356,892,70,838,walking,0.00,0,0,0,0,0
1779983993146,-1731,11955,-8618,723,29,795,walking,0.00,0,0,0,0,0
1779983993147,-1885,13090,-8876,612,-12,767,walking,0.00,0,0,0,0,0
1779983993173,-1908,14112,-8941,580,-36,745,walking,0.00,0,0,0,0,0
1779983993173,-1734,14329,-8824,612,-49,712,walking,0.00,0,0,0,0,0
1779983993174,-1564,13934,-8876,640,-64,672,walking,0.00,0,0,0,0,0
1779983993206,-1621,13380,-8760,592,-90,634,walking,0.00,0,0,0,0,0
1779983993207,-1425,12817,-8722,487,-113,600,walking,0.00,0,0,0,0,0
1779983993208,-1064,12603,-8771,338,-142,558,walking,0.00,0,0,0,0,0
1779983993237,-1217,12715,-9087,141,-181,500,walking,0.00,0,0,0,0,0
1779983993239,-1356,13058,-9103,-30,-211,475,walking,0.00,0,0,0,0,0
1779983993240,-1234,13441,-9051,-113,-224,508,walking,0.00,0,0,0,0,0
1779983993267,-1097,13291,-8909,-114,-239,560,walking,0.00,0,0,0,0,0
1779983993267,-817,12840,-8842,-77,-260,607,walking,0.00,0,0,0,0,0
1779983993268,-761,12107,-8664,-53,-312,617,walking,0.00,0,0,0,0,0
1779983993296,-758,11681,-8572,-72,-357,653,walking,0.00,0,0,0,0,0
1779983993296,-670,11284,-8400,-162,-403,678,walking,0.00,0,0,0,0,0
1779983993297,-712,11147,-8059,-247,-457,699,walking,0.00,0,0,0,0,0
1779983993325,-562,11604,-8095,-308,-486,700,walking,0.00,0,0,0,0,0
1779983993325,-518,11673,-8107,-377,-522,633,walking,0.00,0,0,0,0,0
1779983993326,-283,10879,-7923,-476,-559,554,walking,0.00,0,0,0,0,0
1779983993355,-23,10836,-8028,-597,-534,550,walking,0.00,0,0,0,0,0
1779983993355,-103,11702,-8002,-646,-509,595,walking,0.00,0,0,0,0,0
1779983993357,-101,12218,-7991,-635,-466,568,walking,0.00,0,0,0,0,0
1779983993383,-50,12254,-7979,-618,-423,484,walking,0.00,0,0,0,0,0
1779983993387,-373,11832,-7751,-672,-391,433,walking,0.00,0,0,0,0,0
1779983993387,-338,12407,-7388,-721,-343,470,walking,0.00,0,0,0,0,0
1779983993414,191,12995,-7431,-669,-309,538,walking,0.00,0,0,0,0,0
1779983993415,522,12909,-7555,-645,-310,525,walking,0.00,0,0,0,0,0
1779983993415,553,12621,-7217,-671,-326,527,walking,0.00,0,0,0,0,0
1779983993448,352,12436,-7018,-683,-328,588,walking,0.00,0,0,0,0,0
1779983993448,133,13108,-7108,-679,-300,653,walking,0.00,0,0,0,0,0
1779983993449,178,13614,-7616,-646,-256,675,walking,0.00,0,0,0,0,0
1779983993478,159,13426,-7906,-665,-224,636,walking,0.00,0,0,0,0,0
1779983993479,299,13679,-8236,-728,-185,609,walking,0.00,0,0,0,0,0
1779983993479,629,14330,-8605,-772,-136,602,walking,0.00,0,0,0,0,0
1779983993504,757,14752,-8797,-805,-99,569,walking,0.00,0,0,0,0,0
1779983993505,628,14834,-8757,-807,-68,560,walking,0.00,0,0,0,0,0
1779983993505,358,15124,-8916,-775,-32,579,walking,0.00,0,0,0,0,0
1779983993532,3,15299,-9140,-749,0,584,walking,0.00,0,0,0,0,0
1779983993533,-361,15823,-9303,-725,35,577,walking,0.00,0,0,0,0,0
1779983993533,-567,16949,-9471,-654,77,592,walking,0.00,0,0,0,0,0
1779983993564,-701,17667,-9417,-518,125,579,walking,0.00,0,0,0,0,0
1779983993564,-624,17578,-9587,-371,176,542,walking,0.00,0,0,0,0,0
1779983993565,-451,16732,-9347,-265,204,504,walking,0.00,0,0,0,0,0
1779983993594,-338,16203,-9052,-209,216,496,walking,0.00,0,0,0,0,0
1779983993594,-47,16370,-9339,-197,206,506,walking,0.00,0,0,0,0,0
1779983993594,41,15978,-9502,-242,157,458,walking,0.00,0,0,0,0,0
1779983993623,99,15596,-9510,-327,120,404,walking,0.00,0,0,0,0,0
1779983993623,157,15649,-9564,-410,109,363,walking,0.00,0,0,0,0,0
1779983993626,46,15660,-9676,-477,94,315,walking,0.00,0,0,0,0,0
1779983993654,-159,14955,-9265,-528,67,261,walking,0.00,0,0,0,0,0
1779983993655,-324,13868,-8897,-581,33,225,walking,0.00,0,0,0,0,0
1779983993655,-343,13369,-8555,-613,-5,278,walking,0.00,0,0,0,0,0
1779983993683,-179,13153,-8705,-648,-28,335,walking,0.00,0,0,0,0,0
1779983993686,-168,13120,-8754,-720,-55,365,walking,0.00,0,0,0,0,0
1779983993686,-176,13204,-8692,-760,-62,413,walking,0.00,0,0,0,0,0
1779983993713,227,13593,-8724,-735,-34,464,walking,0.00,0,0,0,0,0
1779983993714,487,14022,-8580,-695,-14,481,walking,0.00,0,0,0,0,0
1779983993714,769,13965,-8280,-625,-3,509,walking,0.00,0,0,0,0,0
1779983993744,1055,13998,-7937,-536,-2,538,walking,0.00,0,0,0,0,0
1779983993744,1236,13837,-7826,-486,-13,503,walking,0.00,0,0,0,0,0
1779983993744,1093,14071,-7734,-513,-41,442,walking,0.00,0,0,0,0,0
1779983993772,906,14688,-7644,-515,-79,424,walking,0.00,0,0,0,0,0
1779983993803,594,15322,-7550,-471,-105,397,walking,0.00,0,0,0,0,0
1779983993804,332,15415,-7712,-414,-107,332,walking,0.00,0,0,0,0,0
1779983993804,267,15053,-8083,-352,-104,266,walking,0.00,0,0,0,0,0
1779983993804,-118,14388,-8306,-352,-127,196,walking,0.00,0,0,0,0,0
1779983993806,-272,13847,-8398,-417,-135,140,walking,0.00,0,0,0,0,0
1779983993835,-243,13885,-8453,-484,-146,109,walking,0.00,0,0,0,0,0
1779983993835,-339,13616,-8095,-526,-166,87,walking,0.00,0,0,0,0,0
1779983993836,-196,12742,-7846,-595,-181,70,walking,0.00,0,0,0,0,0
1779983993864,301,13375,-7612,-673,-170,126,walking,0.00,0,0,0,0,0
1779983993892,904,14056,-7694,-644,-168,179,walking,0.00,0,0,0,0,0
1779983993893,539,14094,-7500,-601,-211,85,walking,0.00,0,0,0,0,0
1779983993894,348,14138,-7531,-509,-194,35,walking,0.00,0,0,0,0,0
1779983993894,491,13956,-7599,-395,-142,48,walking,0.00,0,0,0,0,0
1779983993894,913,13864,-7735,-293,-84,66,walking,0.00,0,0,0,0,0
1779983993923,1106,13749,-7429,-232,-41,80,walking,0.00,0,0,0,0,0
1779983993923,1057,13529,-7045,-194,-12,117,walking,0.00,0,0,0,0,0
1779983993924,1174,13080,-7053,-181,32,158,walking,0.00,0,0,0,0,0
1779983993954,1384,12983,-7405,-179,62,171,walking,0.00,0,0,0,0,0
1779983993954,1291,12616,-7305,-236,61,127,walking,0.00,0,0,0,0,0
1779983993956,1419,12568,-7012,-338,82,90,walking,0.00,0,0,0,0,0
1779983993984,1499,13532,-6804,-408,115,91,walking,0.00,0,0,0,0,0
1779983994015,1623,14430,-6850,-367,157,113,walking,0.00,0,0,0,0,0
1779983994018,1720,14533,-6719,-254,186,140,walking,0.00,0,0,0,0,0
1779983994018,1895,14180,-6758,-144,210,150,walking,0.00,0,0,0,0,0
1779983994019,2125,13644,-6935,-71,222,136,walking,0.00,0,0,0,0,0
1779983994019,2383,13058,-7211,-61,207,131,walking,0.00,0,0,0,0,0
1779983994047,2587,12994,-6986,-111,180,150,walking,0.00,0,0,0,0,0
1779983994047,2736,13620,-6447,-154,145,194,walking,0.00,0,0,0,0,0
1779983994049,2927,14808,-6635,-114,117,239,walking,0.00,0,0,0,0,0
1779983994072,2850,15417,-6824,-6,87,242,walking,0.00,0,0,0,0,0
1779983994073,2619,15041,-7040,122,83,217,walking,0.00,0,0,0,0,0
1779983994073,2561,14275,-7271,182,91,210,walking,0.00,0,0,0,0,0
1779983994103,2606,14029,-7078,123,82,230,walking,0.00,0,0,0,0,0
1779983994103,2549,14489,-6791,24,63,247,walking,0.00,0,0,0,0,0
1779983994105,2359,14971,-6537,-38,36,251,walking,0.00,0,0,0,0,0
1779983994132,2265,15106,-6235,-69,1,272,walking,0.00,0,0,0,0,0
1779983994134,2280,15300,-6207,-76,-25,312,walking,0.00,0,0,0,0,0
1779983994134,2259,15382,-6181,-60,-47,343,walking,0.00,0,0,0,0,0
1779983994165,2155,15469,-6143,-27,-53,350,walking,0.00,0,0,0,0,0
1779983994165,2055,15452,-6168,12,-40,345,walking,0.00,0,0,0,0,0
1779983994167,2229,15487,-6150,53,-28,350,walking,0.00,0,0,0,0,0
1779983994194,2516,15830,-6032,80,-24,350,walking,0.00,0,0,0,0,0
1779983994194,2752,16216,-5899,81,-21,332,walking,0.00,0,0,0,0,0
1779983994195,2872,16366,-5838,56,-20,305,walking,0.00,0,0,0,0,0
1779983994227,2949,16871,-5819,30,-20,290,walking,0.00,0,0,0,0,0
1779983994229,2766,16552,-5968,-2,-3,241,walking,0.00,0,0,0,0,0
1779983994229,2644,16040,-5894,-70,18,187,walking,0.00,0,0,0,0,0
1779983994254,2489,15709,-5963,-170,41,124,walking,0.00,0,0,0,0,0
1779983994254,2231,15954,-5803,-237,56,101,walking,0.00,0,0,0,0,0
1779983994255,2198,16216,-5583,-224,84,83,walking,0.00,0,0,0,0,0
1779983994285,2099,16094,-5461,-156,109,62,walking,0.00,0,0,0,0,0
1779983994286,2111,15739,-5488,-84,145,49,walking,0.00,0,0,0,0,0
1779983994287,2245,15735,-5459,-35,174,44,walking,0.00,0,0,0,0,0
1779983994313,2498,16018,-5255,9,210,34,walking,0.00,0,0,0,0,0
1779983994314,2792,16456,-5265,65,260,13,walking,0.00,0,0,0,0,0
1779983994314,2909,16649,-5333,131,309,-16,walking,0.00,0,0,0,0,0
1779983994344,2909,16433,-5074,181,368,-38,walking,0.00,0,0,0,0,0
1779983994344,3044,16561,-5019,191,441,-57,walking,0.00,0,0,0,0,0
1779983994345,3322,16883,-4805,175,499,-90,walking,0.00,0,0,0,0,0
1779983994373,3505,16976,-4764,164,543,-125,walking,0.00,0,0,0,0,0
1779983994373,3367,17060,-4744,151,580,-159,walking,0.00,0,0,0,0,0
1779983994374,3001,16967,-4677,138,617,-187,walking,0.00,0,0,0,0,0
1779983994405,2797,16710,-4825,148,654,-190,walking,0.00,0,0,0,0,0
1779983994405,2556,16216,-5008,150,668,-191,walking,0.00,0,0,0,0,0
1779983994406,2566,15680,-5015,137,677,-203,walking,0.00,0,0,0,0,0
1779983994438,2775,15588,-5201,139,686,-203,walking,0.00,0,0,0,0,0
1779983994438,2907,14969,-5102,159,675,-230,walking,0.00,0,0,0,0,0
1779983994439,3118,14508,-5085,175,671,-249,walking,0.00,0,0,0,0,0
1779983994463,3177,14398,-4971,154,651,-272,walking,0.00,0,0,0,0,0
1779983994464,3022,14294,-4892,133,638,-298,walking,0.00,0,0,0,0,0
1779983994464,3109,14109,-4940,131,639,-292,walking,0.00,0,0,0,0,0
1779983994495,3250,14004,-4791,119,643,-290,walking,0.00,0,0,0,0,0
1779983994496,3433,13894,-4853,84,656,-302,walking,0.00,0,0,0,0,0
1779983994496,3468,13962,-4682,26,655,-314,walking,0.00,0,0,0,0,0
1779983994523,3471,13825,-4618,-30,670,-327,walking,0.00,0,0,0,0,0
1779983994523,3477,13963,-4459,-90,700,-319,walking,0.00,0,0,0,0,0
1779983994524,3398,14684,-4324,-138,732,-310,walking,0.00,0,0,0,0,0
1779983994555,3334,15134,-3943,-139,757,-336,walking,0.00,0,0,0,0,0
1779983994555,3470,15393,-3706,-77,811,-360,walking,0.00,0,0,0,0,0
1779983994556,3655,15184,-3726,24,877,-361,walking,0.00,0,0,0,0,0
1779983994585,3452,14592,-3629,91,923,-354,walking,0.00,0,0,0,0,0
1779983994585,3597,14131,-3566,88,969,-342,walking,0.00,0,0,0,0,0
1779983994586,3862,14264,-3386,34,1008,-324,walking,0.00,0,0,0,0,0
1779983994614,4077,14700,-3321,-1,1046,-314,walking,0.00,0,0,0,0,0
1779983994615,4067,15113,-3110,5,1070,-315,walking,0.00,0,0,0,0,0
1779983994616,3999,14930,-3264,52,1109,-322,walking,0.00,0,0,0,0,0
1779983994647,4048,14458,-3332,90,1144,-327,walking,0.00,0,0,0,0,0
1779983994648,3974,14061,-3188,78,1164,-335,walking,0.00,0,0,0,0,0
1779983994649,3997,14148,-3183,44,1183,-339,walking,0.00,0,0,0,0,0
1779983994673,4187,14863,-3283,25,1206,-346,walking,0.00,0,0,0,0,0
1779983994674,4143,15419,-3258,46,1222,-375,walking,0.00,0,0,0,0,0
1779983994675,4107,15623,-3258,104,1240,-398,walking,0.00,0,0,0,0,0
1779983994705,4012,15547,-3336,153,1256,-408,walking,0.00,0,0,0,0,0
1779983994705,3907,15587,-3479,169,1267,-398,walking,0.00,0,0,0,0,0
1779983994706,3861,15626,-3470,175,1272,-386,walking,0.00,0,0,0,0,0
1779983994735,3969,15684,-3428,176,1273,-381,walking,0.00,0,0,0,0,0
1779983994735,4160,15703,-3426,174,1268,-374,walking,0.00,0,0,0,0,0
1779983994736,4303,15570,-3467,175,1255,-368,walking,0.00,0,0,0,0,0
1779983994763,4328,15426,-3527,163,1237,-371,walking,0.00,0,0,0,0,0
1779983994764,4375,15337,-3624,139,1219,-368,walking,0.00,0,0,0,0,0
1779983994765,4171,15348,-3748,115,1199,-371,walking,0.00,0,0,0,0,0
1779983994794,4065,15276,-3914,110,1193,-365,walking,0.00,0,0,0,0,0
1779983994795,4192,15211,-4075,119,1194,-349,walking,0.00,0,0,0,0,0
1779983994796,4251,15255,-4193,130,1190,-350,walking,0.00,0,0,0,0,0
1779983994823,4188,15262,-4270,147,1185,-365,walking,0.00,0,0,0,0,0
1779983994823,4309,15063,-4426,174,1186,-381,walking,0.00,0,0,0,0,0
1779983994824,4426,14915,-4643,188,1177,-378,walking,0.00,0,0,0,0,0
1779983994855,4325,14843,-4751,180,1152,-377,walking,0.00,0,0,0,0,0
1779983994856,4181,14544,-4817,156,1133,-394,walking,0.00,0,0,0,0,0
1779983994857,4296,14606,-5059,127,1126,-398,walking,0.00,0,0,0,0,0
1779983994885,4239,14790,-5039,100,1106,-403,walking,0.00,0,0,0,0,0
1779983994887,4181,14896,-5055,86,1096,-416,walking,0.00,0,0,0,0,0
1779983994887,4142,15182,-4938,74,1078,-422,walking,0.00,0,0,0,0,0
1779983994915,4180,15537,-4849,69,1060,-426,walking,0.00,0,0,0,0,0
1779983994918,4106,15964,-4843,73,1042,-434,walking,0.00,0,0,0,0,0
1779983994919,3934,16049,-4742,96,1028,-440,walking,0.00,0,0,0,0,0
1779983994943,3709,15912,-4766,121,1018,-437,walking,0.00,0,0,0,0,0
1779983994944,3379,15705,-4751,132,1003,-429,walking,0.00,0,0,0,0,0
1779983994944,3308,15082,-4645,132,993,-430,walking,0.00,0,0,0,0,0
1779983994973,3156,14602,-4582,94,976,-424,walking,0.00,0,0,0,0,0
1779983994973,3053,14779,-4531,43,954,-404,walking,0.00,0,0,0,0,0
1779983994974,3083,15175,-4492,19,934,-397,walking,0.00,0,0,0,0,0
1779983995003,3064,15381,-4513,26,913,-395,walking,0.00,0,0,0,0,0
1779983995004,3022,15554,-4596,41,897,-382,walking,0.00,0,0,0,0,0
1779983995004,3020,15743,-4740,47,885,-368,walking,0.00,0,0,0,0,0
1779983995038,2896,15975,-5006,57,880,-353,walking,0.00,0,0,0,0,0
1779983995038,2727,16002,-5240,69,876,-345,walking,0.00,0,0,0,0,0
1779983995039,2712,15950,-5417,78,873,-336,walking,0.00,0,0,0,0,0
1779983995065,2728,16055,-5443,78,860,-323,walking,0.00,0,0,0,0,0
1779983995069,2808,16154,-5500,81,840,-312,walking,0.00,0,0,0,0,0
1779983995070,2785,16252,-5672,97,819,-301,walking,0.00,0,0,0,0,0
1779983995095,2684,16328,-5627,117,796,-289,walking,0.00,0,0,0,0,0
1779983995096,2565,16077,-5761,154,784,-281,walking,0.00,0,0,0,0,0
1779983995096,2673,15776,-5700,185,764,-258,walking,0.00,0,0,0,0,0
1779983995126,2937,15570,-5764,223,750,-247,walking,0.00,0,0,0,0,0
1779983995127,3391,15021,-5759,249,707,-259,walking,0.00,0,0,0,0,0
1779983995128,3542,15193,-5758,226,690,-256,walking,0.00,0,0,0,0,0
1779983995154,3586,15411,-5720,213,676,-256,walking,0.00,0,0,0,0,0
1779983995160,3738,15486,-5736,222,670,-249,walking,0.00,0,0,0,0,0
1779983995161,3849,15397,-5705,243,664,-235,walking,0.00,0,0,0,0,0
1779983995186,3962,15148,-5772,265,657,-222,walking,0.00,0,0,0,0,0
1779983995187,4003,14941,-5835,270,640,-212,walking,0.00,0,0,0,0,0
1779983995188,3941,14881,-5865,259,619,-201,walking,0.00,0,0,0,0,0
1779983995214,3999,14978,-5961,256,597,-199,walking,0.00,0,0,0,0,0
1779983995218,4042,14947,-6092,254,574,-195,walking,0.00,0,0,0,0,0
1779983995219,3946,14886,-6165,255,554,-183,walking,0.00,0,0,0,0,0
1779983995243,3845,14802,-6304,267,545,-174,walking,0.00,0,0,0,0,0
1779983995244,3877,14655,-6312,284,539,-173,walking,0.00,0,0,0,0,0
1779983995245,3984,14503,-6346,301,529,-175,walking,0.00,0,0,0,0,0
1779983995276,4094,14442,-6296,313,520,-171,walking,0.00,0,0,0,0,0
1779983995277,4146,14561,-6273,324,502,-166,walking,0.00,0,0,0,0,0
1779983995278,4128,14607,-6269,340,480,-164,walking,0.00,0,0,0,0,0
1779983995303,4013,14555,-6257,361,456,-159,walking,0.00,0,0,0,0,0
1779983995304,3884,14500,-6169,367,434,-148,walking,0.00,0,0,0,0,0
1779983995305,3903,14539,-6122,370,412,-137,walking,0.00,0,0,0,0,0
1779983995336,3834,14476,-6080,368,385,-130,walking,0.00,0,0,0,0,0
1779983995338,3631,14249,-6109,357,360,-115,walking,0.00,0,0,0,0,0
1779983995338,3470,14266,-5980,336,333,-92,walking,0.00,0,0,0,0,0
1779983995368,3408,14426,-5865,316,316,-80,walking,0.00,0,0,0,0,0
1779983995369,3474,14676,-5943,308,304,-75,walking,0.00,0,0,0,0,0
1779983995369,3441,14771,-5849,312,289,-78,walking,0.00,0,0,0,0,0
1779983995398,3363,14931,-5807,308,280,-83,walking,0.00,0,0,0,0,0
1779983995398,3352,15097,-5748,294,273,-87,walking,0.00,0,0,0,0,0
1779983995400,3303,15343,-5854,274,274,-92,walking,0.00,0,0,0,0,0
1779983995429,2960,15554,-5824,240,264,-110,walking,0.00,0,0,0,0,0
1779983995430,2735,15393,-5707,218,264,-116,walking,0.00,0,0,0,0,0
1779983995431,2824,15615,-5810,199,272,-98,walking,0.00,0,0,0,0,0
1779983995454,2743,15770,-5573,173,256,-109,walking,0.00,0,0,0,0,0
1779983995454,2677,15715,-5499,166,252,-129,walking,0.00,0,0,0,0,0
1779983995455,2681,15711,-5578,161,252,-148,walking,0.00,0,0,0,0,0
1779983995485,2571,15400,-5505,141,241,-165,walking,0.00,0,0,0,0,0
1779983995486,2625,15365,-5452,105,227,-155,walking,0.00,0,0,0,0,0
1779983995487,2776,15470,-5531,76,217,-139,walking,0.00,0,0,0,0,0
1779983995514,2874,15356,-5434,72,199,-128,walking,0.00,0,0,0,0,0
1779983995515,2981,14943,-5405,78,187,-128,walking,0.00,0,0,0,0,0
1779983995516,3150,14684,-5448,81,171,-123,walking,0.00,0,0,0,0,0
1779983995543,3287,14492,-5391,66,154,-126,walking,0.00,0,0,0,0,0
1779983995544,3325,14506,-5322,55,144,-131,walking,0.00,0,0,0,0,0
1779983995545,3375,14515,-5165,61,131,-128,walking,0.00,0,0,0,0,0
1779983995576,3618,14671,-5043,72,124,-123,walking,0.00,0,0,0,0,0
1779983995577,3874,14790,-4823,81,109,-132,walking,0.00,0,0,0,0,0
1779983995577,4141,14730,-4681,82,103,-151,walking,0.00,0,0,0,0,0
1779983995605,4115,14896,-4605,69,99,-162,walking,0.00,0,0,0,0,0
1779983995605,4094,15136,-4453,37,104,-173,walking,0.00,0,0,0,0,0
1779983995606,4077,15564,-4382,6,117,-178,walking,0.00,0,0,0,0,0
1779983995635,3987,15717,-4310,6,129,-194,walking,0.00,0,0,0,0,0
1779983995635,3950,15431,-4139,16,147,-209,walking,0.00,0,0,0,0,0
1779983995636,4055,15171,-4163,12,172,-214,walking,0.00,0,0,0,0,0
1779983995664,3850,14775,-4054,-9,176,-212,walking,0.00,0,0,0,0,0
1779983995668,3862,14759,-3901,-36,182,-195,walking,0.00,0,0,0,0,0
1779983995669,4038,14808,-4014,-46,192,-174,walking,0.00,0,0,0,0,0
1779983995694,3969,14560,-4003,-32,184,-158,walking,0.00,0,0,0,0,0
1779983995695,3806,14125,-4092,-17,182,-138,walking,0.00,0,0,0,0,0
1779983995696,3728,13939,-4229,-4,179,-112,walking,0.00,0,0,0,0,0
1779983995725,3750,13840,-4283,17,177,-94,walking,0.00,0,0,0,0,0
1779983995726,3738,13761,-4328,39,181,-81,walking,0.00,0,0,0,0,0
1779983995726,3799,13855,-4409,65,190,-56,walking,0.00,0,0,0,0,0
1779983995754,3850,14170,-4467,107,196,-29,walking,0.00,0,0,0,0,0
1779983995755,3922,14201,-4621,158,203,-7,walking,0.00,0,0,0,0,0
1779983995755,3962,13947,-4727,205,208,22,walking,0.00,0,0,0,0,0
1779983995784,4089,13793,-4812,229,215,63,walking,0.00,0,0,0,0,0
1779983995784,4190,13729,-5092,233,226,99,walking,0.00,0,0,0,0,0
1779983995785,4333,13704,-5291,217,234,122,walking,0.00,0,0,0,0,0
1779983995813,4598,13919,-5368,189,247,133,walking,0.00,0,0,0,0,0
1779983995822,4877,14473,-5573,153,273,118,walking,0.00,0,0,0,0,0
1779983995823,5044,15069,-5725,110,287,88,walking,0.00,0,0,0,0,0
1779983995845,4851,15714,-5801,55,291,61,walking,0.00,0,0,0,0,0
1779983995845,4712,16410,-6151,-7,298,23,walking,0.00,0,0,0,0,0
1779983995845,4075,17200,-6459,-84,280,-12,walking,0.00,0,0,0,0,0
