timestamp_ms,ax,ay,az,gx,gy,gz,label,temp_c,steps,bat_mv,bat_soc,hr_bpm,spo2_pct
1779990493167,-2548,3656,-15877,-9,11,-11,resting,0.00,0,0,0,0,0
1779990493168,-2542,3651,-15987,-10,10,-15,resting,0.00,0,0,0,0,0
1779990493197,-2523,3676,-15927,-6,11,-16,resting,0.00,0,0,0,0,0
1779990493198,-2481,3579,-15954,-2,14,-18,resting,0.00,0,0,0,0,0
1779990493199,-2534,3556,-15922,0,14,-19,resting,0.00,0,0,0,0,0
1779990493200,-2593,3527,-15903,-10,16,-18,resting,0.00,0,0,0,0,0
1779990493227,-2643,3562,-15866,-11,16,-17,resting,0.00,0,0,0,0,0
1779990493227,-2544,3573,-15837,-6,18,-20,resting,0.00,0,0,0,0,0
1779990493257,-2430,3629,-15961,-9,16,-25,resting,0.00,0,0,0,0,0
1779990493257,-2379,3685,-16025,-16,16,-25,resting,0.00,0,0,0,0,0
1779990493257,-2445,3681,-15880,-18,15,-21,resting,0.00,0,0,0,0,0
1779990493258,-2505,3694,-15892,-21,15,-20,resting,0.00,0,0,0,0,0
1779990493289,-2538,3569,-15989,-18,13,-23,resting,0.00,0,0,0,0,0
1779990493289,-2531,3545,-15984,-12,14,-26,resting,0.00,0,0,0,0,0
1779990493317,-2481,3619,-15964,-11,15,-28,resting,0.00,0,0,0,0,0
1779990493317,-2422,3658,-15953,-7,13,-25,resting,0.00,0,0,0,0,0
1779990493318,-2437,3626,-15943,-3,14,-21,resting,0.00,0,0,0,0,0
1779990493319,-2501,3589,-15932,-6,13,-19,resting,0.00,0,0,0,0,0
1779990493349,-2489,3545,-15961,-11,12,-15,resting,0.00,0,0,0,0,0
1779990493351,-2432,3630,-15986,-13,13,-13,resting,0.00,0,0,0,0,0
1779990493378,-2446,3674,-15962,-9,13,-15,resting,0.00,0,0,0,0,0
1779990493383,-2439,3670,-15955,0,12,-14,resting,0.00,0,0,0,0,0
1779990493384,-2477,3585,-15980,5,11,-17,resting,0.00,0,0,0,0,0
1779990493385,-2501,3571,-15973,0,8,-13,resting,0.00,0,0,0,0,0
1779990493407,-2511,3626,-15921,-3,7,-11,resting,0.00,0,0,0,0,0
1779990493408,-2509,3635,-15904,0,7,-12,resting,0.00,0,0,0,0,0
1779990493441,-2483,3598,-15884,4,9,-13,resting,0.00,0,0,0,0,0
1779990493442,-2448,3590,-15877,0,10,-16,resting,0.00,0,0,0,0,0
1779990493443,-2495,3615,-15911,-5,10,-14,resting,0.00,0,0,0,0,0
1779990493444,-2495,3689,-15949,-5,10,-11,resting,0.00,0,0,0,0,0
1779990493468,-2508,3678,-15951,-5,12,-10,resting,0.00,0,0,0,0,0
1779990493469,-2517,3631,-15938,-1,11,-10,resting,0.00,0,0,0,0,0
1779990493500,-2503,3607,-15965,3,11,-14,resting,0.00,0,0,0,0,0
1779990493501,-2493,3573,-15930,0,11,-17,resting,0.00,0,0,0,0,0
1779990493502,-2472,3567,-15914,-4,9,-15,resting,0.00,0,0,0,0,0
1779990493503,-2484,3608,-15927,-9,11,-10,resting,0.00,0,0,0,0,0
1779990493529,-2491,3628,-15925,-9,13,-5,resting,0.00,0,0,0,0,0
1779990493529,-2479,3632,-15898,-3,14,-5,resting,0.00,0,0,0,0,0
1779990493558,-2497,3587,-15906,2,14,-3,resting,0.00,0,0,0,0,0
1779990493564,-2541,3541,-15956,4,15,-3,resting,0.00,0,0,0,0,0
1779990493564,-2554,3545,-15960,-2,15,-1,resting,0.00,0,0,0,0,0
1779990493565,-2488,3640,-15907,-4,16,-1,resting,0.00,0,0,0,0,0
1779990493589,-2452,3656,-15926,-3,17,-4,resting,0.00,0,0,0,0,0
1779990493590,-2505,3652,-15952,-1,18,-5,resting,0.00,0,0,0,0,0
1779990493618,-2500,3700,-15917,0,20,-5,resting,0.00,0,0,0,0,0
1779990493620,-2481,3683,-15957,-4,20,-8,resting,0.00,0,0,0,0,0
1779990493624,-2487,3644,-15944,-6,21,-8,resting,0.00,0,0,0,0,0
1779990493626,-2465,3590,-15888,-9,22,-6,resting,0.00,0,0,0,0,0
1779990493653,-2455,3537,-15924,-8,21,-6,resting,0.00,0,0,0,0,0
1779990493653,-2448,3529,-15884,-9,20,-9,resting,0.00,0,0,0,0,0
1779990493682,-2421,3551,-15965,-13,20,-11,resting,0.00,0,0,0,0,0
1779990493683,-2343,3632,-16041,-14,17,-12,resting,0.00,0,0,0,0,0
1779990493684,-2337,3698,-15936,-10,17,-9,resting,0.00,0,0,0,0,0
1779990493685,-2370,3658,-15992,-8,16,-6,resting,0.00,0,0,0,0,0
1779990493707,-2424,3627,-15981,-2,14,-2,resting,0.00,0,0,0,0,0
1779990493708,-2472,3613,-15938,1,14,-1,resting,0.00,0,0,0,0,0
1779990493740,-2465,3564,-15947,4,14,0,resting,0.00,0,0,0,0,0
1779990493741,-2417,3551,-15911,5,12,-1,resting,0.00,0,0,0,0,0
1779990493742,-2406,3553,-15988,2,9,-4,resting,0.00,0,0,0,0,0
1779990493743,-2378,3582,-15987,-3,5,-5,resting,0.00,0,0,0,0,0
1779990493767,-2376,3650,-15927,-5,4,-1,resting,0.00,0,0,0,0,0
1779990493769,-2374,3675,-15970,-2,2,1,resting,0.00,0,0,0,0,0
1779990493799,-2365,3621,-15924,5,2,2,resting,0.00,0,0,0,0,0
1779990493800,-2387,3599,-15943,10,2,4,resting,0.00,0,0,0,0,0
1779990493800,-2411,3574,-15969,11,6,2,resting,0.00,0,0,0,0,0
1779990493801,-2393,3574,-15951,8,5,3,resting,0.00,0,0,0,0,0
1779990493827,-2354,3629,-16080,6,1,7,resting,0.00,0,0,0,0,0
1779990493835,-2363,3647,-16129,10,-3,7,resting,0.00,0,0,0,0,0
1779990493857,-2502,3758,-16068,23,-4,9,resting,0.00,0,0,0,0,0
1779990493857,-2556,3720,-16070,36,-7,7,resting,0.00,0,0,0,0,0
1779990493858,-2576,3645,-16041,48,-12,7,resting,0.00,0,0,0,0,0
1779990493859,-2671,3635,-15971,53,-15,3,resting,0.00,0,0,0,0,0
1779990493891,-2670,3558,-16019,51,-18,-3,resting,0.00,0,0,0,0,0
1779990493894,-2631,3602,-15866,46,-21,-6,resting,0.00,0,0,0,0,0
1779990493919,-2611,3633,-15805,41,-20,-13,resting,0.00,0,0,0,0,0
1779990493920,-2604,3663,-15830,38,-16,-19,resting,0.00,0,0,0,0,0
1779990493921,-2589,3629,-15837,35,-11,-21,resting,0.00,0,0,0,0,0
1779990493922,-2557,3663,-15778,32,-6,-26,resting,0.00,0,0,0,0,0
1779990493948,-2503,3716,-15811,26,0,-36,resting,0.00,0,0,0,0,0
1779990493949,-2487,3649,-15894,17,3,-42,resting,0.00,0,0,0,0,0
1779990493986,-2490,3658,-15845,12,8,-42,resting,0.00,0,0,0,0,0
1779990493987,-2517,3605,-15845,9,14,-41,resting,0.00,0,0,0,0,0
1779990493987,-2501,3506,-15953,9,15,-41,resting,0.00,0,0,0,0,0
1779990493988,-2474,3424,-15919,10,19,-42,resting,0.00,0,0,0,0,0
1779990494008,-2477,3145,-15843,14,3,-71,resting,0.00,0,0,0,0,0
1779990494009,-2494,3540,-16075,-35,3,-64,resting,0.00,0,0,0,0,0
1779990494044,-2498,3599,-16059,-18,12,-42,resting,0.00,0,0,0,0,0
1779990494045,-2595,3505,-15989,-3,11,-56,resting,0.00,0,0,0,0,0
1779990494046,-2591,3438,-16122,-2,7,-65,resting,0.00,0,0,0,0,0
1779990494046,-2583,3539,-16050,7,4,-56,resting,0.00,0,0,0,0,0
1779990494069,-2571,3620,-16068,12,2,-56,resting,0.00,0,0,0,0,0
1779990494073,-2607,3567,-16024,26,-4,-64,resting,0.00,0,0,0,0,0
1779990494097,-2609,3573,-15994,33,-6,-74,resting,0.00,0,0,0,0,0
1779990494098,-2590,3560,-16006,30,-10,-79,resting,0.00,0,0,0,0,0
1779990494099,-2627,3602,-16007,27,-12,-79,resting,0.00,0,0,0,0,0
1779990494099,-2582,3637,-15960,28,-11,-79,resting,0.00,0,0,0,0,0
1779990494129,-2590,3559,-15924,24,-14,-95,resting,0.00,0,0,0,0,0
1779990494130,-2609,3521,-15895,22,-14,-108,resting,0.00,0,0,0,0,0
1779990494157,-2560,3459,-15949,12,-17,-118,resting,0.00,0,0,0,0,0
1779990494158,-2521,3464,-16006,-1,-21,-128,resting,0.00,0,0,0,0,0
1779990494158,-2605,3559,-16068,-6,-23,-136,resting,0.00,0,0,0,0,0
1779990494158,-2632,3574,-16094,-1,-27,-140,resting,0.00,0,0,0,0,0
1779990494188,-2597,3565,-16124,12,-29,-137,resting,0.00,0,0,0,0,0
1779990494188,-2602,3432,-16124,26,-33,-130,resting,0.00,0,0,0,0,0
1779990494217,-2632,3307,-16085,40,-35,-122,resting,0.00,0,0,0,0,0
1779990494217,-2591,3280,-16063,55,-38,-114,resting,0.00,0,0,0,0,0
1779990494219,-2614,3170,-15983,58,-39,-111,resting,0.00,0,0,0,0,0
1779990494219,-2686,3182,-15930,56,-39,-110,resting,0.00,0,0,0,0,0
1779990494246,-2739,3196,-15946,50,-41,-109,resting,0.00,0,0,0,0,0
1779990494247,-2786,3247,-15884,42,-39,-104,resting,0.00,0,0,0,0,0
1779990494278,-2793,3378,-15819,39,-32,-97,resting,0.00,0,0,0,0,0
1779990494278,-2827,3364,-15780,40,-26,-98,resting,0.00,0,0,0,0,0
1779990494279,-2829,3313,-15789,38,-21,-97,resting,0.00,0,0,0,0,0
1779990494280,-2791,3266,-15836,35,-14,-93,resting,0.00,0,0,0,0,0
1779990494307,-2793,3292,-15765,32,-7,-89,resting,0.00,0,0,0,0,0
1779990494307,-2797,3292,-15779,28,2,-86,resting,0.00,0,0,0,0,0
1779990494339,-2817,3181,-15883,23,10,-85,resting,0.00,0,0,0,0,0
1779990494339,-2898,3147,-15862,20,14,-88,resting,0.00,0,0,0,0,0
1779990494339,-2904,3180,-15836,14,22,-87,resting,0.00,0,0,0,0,0
1779990494340,-2824,3140,-15871,11,26,-83,resting,0.00,0,0,0,0,0
1779990494366,-2780,3179,-15889,9,30,-74,resting,0.00,0,0,0,0,0
1779990494366,-2745,3184,-15922,9,36,-69,resting,0.00,0,0,0,0,0
1779990494399,-2714,3134,-15896,11,41,-72,resting,0.00,0,0,0,0,0
1779990494399,-2740,3128,-15871,10,46,-77,resting,0.00,0,0,0,0,0
1779990494400,-2772,3113,-15938,-1,47,-80,resting,0.00,0,0,0,0,0
1779990494400,-2812,3163,-15951,-15,45,-76,resting,0.00,0,0,0,0,0
1779990494429,-2803,3178,-15990,-24,45,-64,resting,0.00,0,0,0,0,0
1779990494430,-2700,3238,-16026,-15,45,-56,resting,0.00,0,0,0,0,0
1779990494458,-2641,3200,-16071,-3,44,-54,resting,0.00,0,0,0,0,0
1779990494459,-2674,3105,-16101,7,43,-53,resting,0.00,0,0,0,0,0
1779990494459,-2720,3068,-15994,12,40,-48,resting,0.00,0,0,0,0,0
1779990494461,-2703,3031,-15990,6,38,-41,resting,0.00,0,0,0,0,0
1779990494486,-2658,3001,-15987,-4,34,-36,resting,0.00,0,0,0,0,0
1779990494487,-2688,3064,-16019,-10,32,-34,resting,0.00,0,0,0,0,0
1779990494517,-2677,3127,-16006,-6,31,-30,resting,0.00,0,0,0,0,0
1779990494517,-2677,3156,-16006,0,29,-25,resting,0.00,0,0,0,0,0
1779990494518,-2671,3155,-16099,5,28,-20,resting,0.00,0,0,0,0,0
1779990494520,-2675,3217,-16050,13,29,-13,resting,0.00,0,0,0,0,0
1779990494546,-2715,3173,-15974,15,30,-7,resting,0.00,0,0,0,0,0
1779990494546,-2706,3120,-16032,10,31,-11,resting,0.00,0,0,0,0,0
1779990494581,-2728,3069,-15992,-1,30,-15,resting,0.00,0,0,0,0,0
1779990494582,-2753,3078,-15976,-12,27,-21,resting,0.00,0,0,0,0,0
1779990494582,-2706,3125,-16010,-29,24,-24,resting,0.00,0,0,0,0,0
1779990494583,-2790,3280,-16036,-39,22,-22,resting,0.00,0,0,0,0,0
1779990494608,-2766,3504,-15980,-38,27,-3,resting,0.00,0,0,0,0,0
1779990494608,-2718,3256,-15911,-11,30,6,resting,0.00,0,0,0,0,0
1779990494637,-2727,3099,-15940,-8,28,-16,resting,0.00,0,0,0,0,0
1779990494637,-2754,3123,-16033,-25,30,-22,resting,0.00,0,0,0,0,0
1779990494638,-2754,3246,-15978,-26,32,-13,resting,0.00,0,0,0,0,0
1779990494638,-2699,3247,-15977,-29,31,-15,resting,0.00,0,0,0,0,0
1779990494666,-2711,3226,-16028,-29,33,-18,resting,0.00,0,0,0,0,0
1779990494667,-2666,3211,-15996,-27,34,-20,resting,0.00,0,0,0,0,0
1779990494698,-2683,3258,-16030,-32,35,-19,resting,0.00,0,0,0,0,0
1779990494699,-2707,3290,-16035,-33,33,-15,resting,0.00,0,0,0,0,0
1779990494699,-2668,3310,-15954,-30,30,-12,resting,0.00,0,0,0,0,0
1779990494700,-2689,3220,-15948,-28,28,-11,resting,0.00,0,0,0,0,0
1779990494728,-2717,3141,-15947,-27,27,-8,resting,0.00,0,0,0,0,0
1779990494728,-2687,3132,-15993,-28,30,-7,resting,0.00,0,0,0,0,0
1779990494759,-2676,3153,-15955,-29,32,-12,resting,0.00,0,0,0,0,0
1779990494759,-2646,3187,-15925,-35,34,-14,resting,0.00,0,0,0,0,0
1779990494760,-2653,3249,-15960,-34,37,-9,resting,0.00,0,0,0,0,0
1779990494762,-2645,3314,-15972,-28,42,-7,resting,0.00,0,0,0,0,0
1779990494786,-2628,3264,-15978,-29,43,-10,resting,0.00,0,0,0,0,0
1779990494787,-2488,3205,-15940,-32,45,-10,resting,0.00,0,0,0,0,0
1779990494820,-2492,3261,-15958,-38,46,-10,resting,0.00,0,0,0,0,0
1779990494820,-2626,3273,-16030,-44,42,-14,resting,0.00,0,0,0,0,0
1779990494821,-2723,3307,-15984,-43,39,-15,resting,0.00,0,0,0,0,0
1779990494821,-2658,3451,-16044,-44,42,-19,resting,0.00,0,0,0,0,0
1779990494846,-2595,3463,-16039,-35,44,-28,resting,0.00,0,0,0,0,0
1779990494847,-2660,3479,-15914,-24,41,-32,resting,0.00,0,0,0,0,0
1779990494877,-2669,3474,-15973,-33,41,-38,resting,0.00,0,0,0,0,0
1779990494878,-2636,3501,-15893,-40,41,-39,resting,0.00,0,0,0,0,0
1779990494878,-2603,3407,-15831,-48,44,-44,resting,0.00,0,0,0,0,0
1779990494878,-2706,3439,-15868,-50,46,-45,resting,0.00,0,0,0,0,0
1779990494907,-2718,3520,-15892,-46,55,-41,resting,0.00,0,0,0,0,0
1779990494907,-2685,3499,-15912,-39,65,-50,resting,0.00,0,0,0,0,0
1779990494939,-2735,3494,-15843,-37,70,-61,resting,0.00,0,0,0,0,0
1779990494940,-2739,3539,-15830,-38,76,-64,resting,0.00,0,0,0,0,0
1779990494940,-2632,3533,-15815,-43,83,-64,resting,0.00,0,0,0,0,0
1779990494941,-2592,3555,-15783,-48,88,-64,resting,0.00,0,0,0,0,0
1779990494966,-2551,3512,-15803,-53,93,-71,resting,0.00,0,0,0,0,0
1779990494966,-2586,3506,-15905,-62,95,-77,resting,0.00,0,0,0,0,0
1779990494997,-2573,3505,-15963,-72,96,-84,resting,0.00,0,0,0,0,0
1779990495029,-2515,3501,-16077,-76,93,-91,resting,0.00,0,0,0,0,0
1779990495030,-2424,3526,-16096,-80,90,-95,resting,0.00,0,0,0,0,0
1779990495030,-2398,3538,-16087,-79,87,-94,resting,0.00,0,0,0,0,0
1779990495031,-2381,3491,-16067,-72,83,-90,resting,0.00,0,0,0,0,0
1779990495031,-2394,3446,-16160,-66,80,-86,resting,0.00,0,0,0,0,0
1779990495032,-2405,3469,-16195,-55,74,-85,resting,0.00,0,0,0,0,0
1779990495057,-2441,3480,-16147,-37,72,-87,resting,0.00,0,0,0,0,0
1779990495058,-2383,3434,-16063,-23,64,-86,resting,0.00,0,0,0,0,0
1779990495090,-2336,3489,-16120,-20,57,-84,resting,0.00,0,0,0,0,0
1779990495091,-2404,3504,-16088,-16,51,-78,resting,0.00,0,0,0,0,0
1779990495091,-2468,3457,-16060,-15,47,-70,resting,0.00,0,0,0,0,0
1779990495091,-2420,3383,-16028,-13,46,-66,resting,0.00,0,0,0,0,0
1779990495119,-2369,3401,-16112,-14,42,-72,resting,0.00,0,0,0,0,0
1779990495119,-2415,3420,-16065,-11,36,-77,resting,0.00,0,0,0,0,0
1779990495146,-2409,3508,-15953,-7,32,-73,resting,0.00,0,0,0,0,0
1779990495147,-2285,3425,-16068,-8,28,-59,resting,0.00,0,0,0,0,0
1779990495147,-2375,3336,-16003,-6,27,-52,resting,0.00,0,0,0,0,0
1779990495148,-2420,3301,-15953,-4,27,-46,resting,0.00,0,0,0,0,0
1779990495180,-2457,3341,-16008,-3,26,-45,resting,0.00,0,0,0,0,0
1779990495180,-2432,3388,-15992,6,24,-48,resting,0.00,0,0,0,0,0
1779990495207,-2402,3439,-15986,9,21,-46,resting,0.00,0,0,0,0,0
1779990495208,-2382,3466,-15997,12,22,-44,resting,0.00,0,0,0,0,0
1779990495210,-2394,3416,-16016,11,24,-43,resting,0.00,0,0,0,0,0
1779990495211,-2420,3349,-15993,4,25,-43,resting,0.00,0,0,0,0,0
1779990495238,-2454,3291,-15930,-6,21,-41,resting,0.00,0,0,0,0,0
1779990495238,-2464,3357,-16059,-17,22,-40,resting,0.00,0,0,0,0,0
1779990495268,-2418,3387,-16044,-20,22,-37,resting,0.00,0,0,0,0,0
1779990495269,-2338,3423,-16010,-16,21,-31,resting,0.00,0,0,0,0,0
1779990495270,-2272,3368,-15993,-9,18,-28,resting,0.00,0,0,0,0,0
1779990495270,-2345,3330,-16049,-4,15,-25,resting,0.00,0,0,0,0,0
1779990495296,-2403,3343,-16026,3,14,-16,resting,0.00,0,0,0,0,0
1779990495297,-2383,3336,-15907,9,17,-10,resting,0.00,0,0,0,0,0
1779990495326,-2411,3285,-15884,11,18,-7,resting,0.00,0,0,0,0,0
1779990495327,-2484,3297,-15909,11,17,-5,resting,0.00,0,0,0,0,0
1779990495328,-2586,3393,-15910,10,22,-3,resting,0.00,0,0,0,0,0
1779990495329,-2576,3472,-15956,10,31,0,resting,0.00,0,0,0,0,0
1779990495356,-2441,3489,-15940,12,37,-3,resting,0.00,0,0,0,0,0
1779990495357,-2284,3505,-15699,18,32,-3,resting,0.00,0,0,0,0,0
1779990495388,-2217,3460,-16045,-1,34,-8,resting,0.00,0,0,0,0,0
1779990495388,-2314,3510,-15912,-7,29,-6,resting,0.00,0,0,0,0,0
1779990495388,-2393,3537,-16071,-17,35,-8,resting,0.00,0,0,0,0,0
1779990495389,-2451,3517,-16056,-17,34,-12,resting,0.00,0,0,0,0,0
1779990495416,-2460,3478,-16022,-16,33,-16,resting,0.00,0,0,0,0,0
1779990495419,-2409,3404,-16033,-18,27,-19,resting,0.00,0,0,0,0,0
1779990495448,-2319,3382,-16134,-22,20,-26,resting,0.00,0,0,0,0,0
1779990495448,-2294,3501,-16203,-26,17,-31,resting,0.00,0,0,0,0,0
1779990495448,-2265,3428,-16048,-21,15,-28,resting,0.00,0,0,0,0,0
1779990495449,-2266,3395,-16065,-19,11,-23,resting,0.00,0,0,0,0,0
1779990495478,-2306,3394,-16102,-17,5,-21,resting,0.00,0,0,0,0,0
1779990495478,-2365,3447,-16137,-8,5,-20,resting,0.00,0,0,0,0,0
1779990495506,-2307,3481,-16018,4,7,-24,resting,0.00,0,0,0,0,0
1779990495507,-2326,3393,-15885,13,7,-23,resting,0.00,0,0,0,0,0
1779990495507,-2397,3321,-15950,11,5,-21,resting,0.00,0,0,0,0,0
1779990495509,-2475,3312,-15963,1,7,-23,resting,0.00,0,0,0,0,0
1779990495538,-2459,3430,-15952,-7,10,-21,resting,0.00,0,0,0,0,0
1779990495539,-2402,3526,-15942,-9,13,-20,resting,0.00,0,0,0,0,0
1779990495567,-2399,3477,-15894,-2,15,-24,resting,0.00,0,0,0,0,0
1779990495568,-2490,3436,-15913,-10,17,-25,resting,0.00,0,0,0,0,0
1779990495568,-2480,3504,-15923,-14,24,-19,resting,0.00,0,0,0,0,0
1779990495568,-2489,3509,-15802,-12,28,-20,resting,0.00,0,0,0,0,0
1779990495597,-2509,3396,-15772,-9,35,-23,resting,0.00,0,0,0,0,0
1779990495597,-2430,3405,-15897,-15,40,-27,resting,0.00,0,0,0,0,0
1779990495628,-2328,3433,-15951,-27,44,-28,resting,0.00,0,0,0,0,0
1779990495629,-2342,3494,-15908,-33,47,-25,resting,0.00,0,0,0,0,0
1779990495629,-2373,3513,-15900,-38,48,-22,resting,0.00,0,0,0,0,0
1779990495630,-2390,3438,-15961,-40,48,-20,resting,0.00,0,0,0,0,0
1779990495657,-2346,3443,-16038,-42,50,-21,resting,0.00,0,0,0,0,0
1779990495659,-2341,3456,-16065,-43,50,-22,resting,0.00,0,0,0,0,0
1779990495686,-2327,3408,-16007,-39,48,-21,resting,0.00,0,0,0,0,0
1779990495686,-2221,3420,-16083,-36,47,-20,resting,0.00,0,0,0,0,0
1779990495686,-2236,3460,-16063,-35,41,-21,resting,0.00,0,0,0,0,0
1779990495687,-2271,3461,-16050,-30,39,-16,resting,0.00,0,0,0,0,0
1779990495718,-2285,3502,-16036,-27,36,-13,resting,0.00,0,0,0,0,0
1779990495718,-2252,3490,-16104,-27,30,-12,resting,0.00,0,0,0,0,0
1779990495747,-2173,3483,-16149,-20,24,-10,resting,0.00,0,0,0,0,0
1779990495747,-2187,3508,-16153,-9,17,-5,resting,0.00,0,0,0,0,0
1779990495747,-2241,3491,-16089,-1,14,0,resting,0.00,0,0,0,0,0
1779990495748,-2263,3467,-16022,6,10,6,resting,0.00,0,0,0,0,0
1779990495776,-2275,3445,-16056,6,7,9,resting,0.00,0,0,0,0,0
1779990495777,-2248,3451,-16050,11,3,11,resting,0.00,0,0,0,0,0
1779990495808,-2248,3486,-15993,13,4,12,resting,0.00,0,0,0,0,0
1779990495808,-2252,3495,-16021,16,2,11,resting,0.00,0,0,0,0,0
1779990495810,-2280,3520,-16059,12,3,13,resting,0.00,0,0,0,0,0
1779990495811,-2304,3538,-16037,13,3,13,resting,0.00,0,0,0,0,0
1779990495838,-2240,3507,-15993,12,1,11,resting,0.00,0,0,0,0,0
1779990495839,-2180,3434,-16027,8,-7,15,resting,0.00,0,0,0,0,0
1779990495869,-2233,3432,-16054,11,-12,20,resting,0.00,0,0,0,0,0
1779990495869,-2320,3491,-16077,20,-12,20,resting,0.00,0,0,0,0,0
1779990495870,-2334,3376,-16042,31,-10,18,resting,0.00,0,0,0,0,0
1779990495870,-2299,3345,-15979,36,-10,13,resting,0.00,0,0,0,0,0
1779990495897,-2278,3306,-16048,33,-9,2,resting,0.00,0,0,0,0,0
1779990495897,-2314,3526,-16011,20,-10,-4,resting,0.00,0,0,0,0,0
1779990495929,-2485,3693,-15920,9,-11,0,resting,0.00,0,0,0,0,0
1779990495929,-2408,3672,-15974,10,-1,7,resting,0.00,0,0,0,0,0
1779990495930,-2360,3596,-15863,24,-2,-5,resting,0.00,0,0,0,0,0
1779990495931,-2387,3532,-15873,19,-2,-11,resting,0.00,0,0,0,0,0
1779990495957,-2392,3454,-15849,25,5,-3,resting,0.00,0,0,0,0,0
1779990495959,-2439,3319,-15897,17,9,-8,resting,0.00,0,0,0,0,0
1779990495986,-2500,3334,-15865,7,12,-16,resting,0.00,0,0,0,0,0
1779990495986,-2408,3312,-15586,-3,14,-13,resting,0.00,0,0,0,0,0
1779990495986,-2467,3452,-16265,-26,22,-13,resting,0.00,0,0,0,0,0
1779990495987,-2354,3512,-15695,-13,28,-6,resting,0.00,0,0,0,0,0
1779990496022,-2153,3626,-15840,-7,44,-6,resting,0.00,0,0,0,0,0
1779990496022,-2201,3375,-15819,0,42,-10,resting,0.00,0,0,0,0,0
1779990496047,-2457,3368,-15783,-3,50,-5,resting,0.00,0,0,0,0,0
1779990496048,-2570,3401,-15714,-7,64,9,resting,0.00,0,0,0,0,0
1779990496048,-2405,3271,-15650,-13,82,12,resting,0.00,0,0,0,0,0
1779990496049,-2300,3263,-15690,-17,93,16,resting,0.00,0,0,0,0,0
1779990496077,-2238,3279,-15820,-30,102,21,resting,0.00,0,0,0,0,0
1779990496078,-2242,3488,-15894,-32,108,23,resting,0.00,0,0,0,0,0
1779990496111,-2157,3520,-15978,-31,116,26,resting,0.00,0,0,0,0,0
1779990496112,-2161,3542,-15916,-22,115,39,resting,0.00,0,0,0,0,0
1779990496113,-2088,3552,-16098,-23,113,49,resting,0.00,0,0,0,0,0
1779990496113,-2014,3417,-16233,-17,109,60,resting,0.00,0,0,0,0,0
1779990496136,-1950,3379,-16270,-14,106,67,resting,0.00,0,0,0,0,0
1779990496137,-2029,3358,-16178,-2,101,68,resting,0.00,0,0,0,0,0
1779990496167,-2122,3361,-16133,5,100,66,resting,0.00,0,0,0,0,0
1779990496168,-2271,3351,-16117,9,96,68,resting,0.00,0,0,0,0,0
1779990496168,-2357,3397,-16026,13,92,73,resting,0.00,0,0,0,0,0
1779990496169,-2299,3475,-16023,16,89,71,resting,0.00,0,0,0,0,0
1779990496199,-2127,3581,-15993,24,89,62,resting,0.00,0,0,0,0,0
1779990496201,-1952,3580,-16084,22,85,53,resting,0.00,0,0,0,0,0
1779990496228,-1890,3538,-16119,17,82,48,resting,0.00,0,0,0,0,0
1779990496229,-1888,3525,-16115,8,82,44,resting,0.00,0,0,0,0,0
1779990496230,-1986,3503,-16061,1,80,41,resting,0.00,0,0,0,0,0
1779990496230,-1969,3528,-16130,-10,77,30,resting,0.00,0,0,0,0,0
1779990496261,-1943,3585,-16128,-8,71,14,resting,0.00,0,0,0,0,0
1779990496262,-1941,3689,-16136,0,65,2,resting,0.00,0,0,0,0,0
1779990496291,-2044,3677,-16043,19,57,-10,resting,0.00,0,0,0,0,0
1779990496292,-2073,3572,-15968,23,59,-10,resting,0.00,0,0,0,0,0
1779990496292,-1945,3434,-16056,13,58,-17,resting,0.00,0,0,0,0,0
1779990496293,-1781,3338,-16146,-4,51,-23,resting,0.00,0,0,0,0,0
1779990496320,-1793,3424,-16105,-10,49,-6,resting,0.00,0,0,0,0,0
1779990496321,-1826,3501,-16091,-2,53,8,resting,0.00,0,0,0,0,0
1779990496357,-1929,3435,-16027,16,56,10,resting,0.00,0,0,0,0,0
1779990496358,-1990,3295,-16101,33,56,7,resting,0.00,0,0,0,0,0
1779990496359,-1982,3180,-16088,37,50,0,resting,0.00,0,0,0,0,0
1779990496359,-1889,3181,-16146,24,49,-4,resting,0.00,0,0,0,0,0
1779990496379,-1789,3256,-16106,8,46,-4,resting,0.00,0,0,0,0,0
1779990496380,-1756,3311,-16094,-3,37,3,resting,0.00,0,0,0,0,0
1779990496411,-1757,3305,-16231,-7,33,14,resting,0.00,0,0,0,0,0
1779990496411,-1804,3370,-16138,4,32,24,resting,0.00,0,0,0,0,0
1779990496412,-1770,3371,-16064,15,35,25,resting,0.00,0,0,0,0,0
1779990496412,-1796,3279,-16135,24,32,20,resting,0.00,0,0,0,0,0
1779990496437,-1879,3292,-16057,30,26,15,resting,0.00,0,0,0,0,0
1779990496438,-1907,3366,-16078,21,26,12,resting,0.00,0,0,0,0,0
1779990496469,-1861,3414,-16151,11,25,9,resting,0.00,0,0,0,0,0
1779990496471,-1883,3507,-16037,6,21,4,resting,0.00,0,0,0,0,0
1779990496472,-1879,3514,-16069,-1,18,-3,resting,0.00,0,0,0,0,0
1779990496473,-1860,3562,-16072,-3,19,-12,resting,0.00,0,0,0,0,0
1779990496497,-1770,3600,-16126,-4,17,-20,resting,0.00,0,0,0,0,0
1779990496498,-1742,3653,-16141,-4,10,-29,resting,0.00,0,0,0,0,0
1779990496529,-1863,3656,-16096,5,7,-34,resting,0.00,0,0,0,0,0
1779990496530,-1961,3648,-16053,15,9,-42,resting,0.00,0,0,0,0,0
1779990496531,-1844,3556,-16150,19,10,-54,resting,0.00,0,0,0,0,0
1779990496535,-1776,3456,-16216,16,4,-62,resting,0.00,0,0,0,0,0
1779990496558,-1732,3465,-16171,12,-3,-62,resting,0.00,0,0,0,0,0
1779990496560,-1701,3537,-16265,12,-11,-59,resting,0.00,0,0,0,0,0
1779990496589,-1720,3573,-16402,28,-16,-65,resting,0.00,0,0,0,0,0
1779990496590,-1706,3519,-16324,49,-23,-72,resting,0.00,0,0,0,0,0
1779990496591,-1732,3402,-16324,65,-31,-71,resting,0.00,0,0,0,0,0
1779990496596,-1815,3289,-16325,76,-39,-63,resting,0.00,0,0,0,0,0
1779990496624,-1860,3238,-16176,83,-47,-57,resting,0.00,0,0,0,0,0
1779990496625,-1874,3219,-16131,85,-53,-56,resting,0.00,0,0,0,0,0
1779990496648,-1996,3176,-16027,88,-57,-59,resting,0.00,0,0,0,0,0
1779990496649,-2027,3158,-16047,86,-55,-68,resting,0.00,0,0,0,0,0
1779990496650,-2015,3142,-16052,81,-53,-71,resting,0.00,0,0,0,0,0
1779990496655,-2015,3157,-15948,75,-52,-67,resting,0.00,0,0,0,0,0
1779990496678,-2054,3313,-15912,70,-44,-63,resting,0.00,0,0,0,0,0
1779990496679,-2027,3299,-15820,69,-32,-60,resting,0.00,0,0,0,0,0
1779990496707,-1995,3195,-15825,73,-20,-60,resting,0.00,0,0,0,0,0
1779990496710,-2037,3147,-15977,70,-8,-67,resting,0.00,0,0,0,0,0
1779990496711,-2099,3144,-15953,54,-1,-85,resting,0.00,0,0,0,0,0
1779990496712,-2105,3221,-15877,35,2,-96,resting,0.00,0,0,0,0,0
1779990496739,-2010,3200,-15971,18,6,-97,resting,0.00,0,0,0,0,0
1779990496740,-1982,3255,-16013,9,11,-96,resting,0.00,0,0,0,0,0
1779990496767,-2059,3290,-15970,12,18,-97,resting,0.00,0,0,0,0,0
1779990496769,-2111,3221,-15937,12,24,-99,resting,0.00,0,0,0,0,0
1779990496771,-2091,3180,-15964,13,29,-101,resting,0.00,0,0,0,0,0
1779990496771,-2052,3100,-16034,11,33,-104,resting,0.00,0,0,0,0,0
1779990496798,-2030,3098,-16036,8,34,-104,resting,0.00,0,0,0,0,0
1779990496804,-2075,3114,-16029,6,36,-103,resting,0.00,0,0,0,0,0
1779990496828,-2102,3071,-16052,5,39,-98,resting,0.00,0,0,0,0,0
1779990496829,-2093,3006,-16046,5,43,-96,resting,0.00,0,0,0,0,0
1779990496830,-2142,3070,-16092,2,43,-100,resting,0.00,0,0,0,0,0
1779990496831,-2075,3067,-16115,-1,41,-102,resting,0.00,0,0,0,0,0
1779990496861,-1985,3068,-16187,-2,36,-104,resting,0.00,0,0,0,0,0
1779990496862,-2013,3135,-16143,2,30,-102,resting,0.00,0,0,0,0,0
1779990496887,-1943,3199,-16189,1,26,-104,resting,0.00,0,0,0,0,0
1779990496888,-1881,3080,-16383,-3,20,-104,resting,0.00,0,0,0,0,0
1779990496888,-1963,3072,-16337,6,14,-94,resting,0.00,0,0,0,0,0
1779990496889,-2103,3154,-16219,19,7,-85,resting,0.00,0,0,0,0,0
1779990496919,-2061,3046,-16258,30,5,-82,resting,0.00,0,0,0,0,0
1779990496920,-1963,2928,-16246,48,2,-83,resting,0.00,0,0,0,0,0
1779990496947,-1900,2926,-16232,52,-7,-88,resting,0.00,0,0,0,0,0
1779990496952,-1877,2944,-16210,45,-20,-87,resting,0.00,0,0,0,0,0
1779990496953,-1919,2962,-16218,42,-37,-83,resting,0.00,0,0,0,0,0
1779990496954,-1856,3008,-16412,36,-48,-74,resting,0.00,0,0,0,0,0
1779990496978,-1854,3097,-16400,34,-77,-34,resting,0.00,0,0,0,0,0
1779990496979,-2119,2850,-16574,67,-74,-23,resting,0.00,0,0,0,0,0
1779990497016,-2090,2882,-16111,99,-47,-37,resting,0.00,0,0,0,0,0
1779990497016,-1929,2744,-16119,105,-50,-33,resting,0.00,0,0,0,0,0
1779990497017,-1968,2702,-16254,102,-55,-32,resting,0.00,0,0,0,0,0
1779990497018,-2113,2747,-16132,86,-57,-28,resting,0.00,0,0,0,0,0
1779990497036,-2147,2745,-16121,63,-58,-12,resting,0.00,0,0,0,0,0
1779990497038,-2156,2856,-16160,56,-57,2,resting,0.00,0,0,0,0,0
1779990497068,-2173,2972,-16079,58,-60,0,resting,0.00,0,0,0,0,0
1779990497069,-2167,2985,-16181,54,-62,-8,resting,0.00,0,0,0,0,0
1779990497070,-2134,2952,-16212,52,-63,-13,resting,0.00,0,0,0,0,0
1779990497070,-2208,2989,-16034,54,-66,-6,resting,0.00,0,0,0,0,0
1779990497098,-2203,2973,-16101,50,-63,-2,resting,0.00,0,0,0,0,0
1779990497103,-2224,2919,-16208,49,-63,-7,resting,0.00,0,0,0,0,0
1779990497130,-2331,2913,-16060,62,-62,-13,resting,0.00,0,0,0,0,0
1779990497131,-2380,2922,-16060,68,-58,-24,resting,0.00,0,0,0,0,0
1779990497132,-2366,2818,-16057,66,-54,-34,resting,0.00,0,0,0,0,0
1779990497133,-2363,2880,-15975,64,-50,-39,resting,0.00,0,0,0,0,0
1779990497161,-2271,2845,-16010,52,-45,-43,resting,0.00,0,0,0,0,0
1779990497162,-2313,2793,-16025,42,-42,-41,resting,0.00,0,0,0,0,0
1779990497188,-2355,2784,-16052,32,-39,-36,resting,0.00,0,0,0,0,0
1779990497188,-2353,2744,-16070,27,-36,-39,resting,0.00,0,0,0,0,0
1779990497189,-2434,2748,-16073,29,-29,-40,resting,0.00,0,0,0,0,0
1779990497191,-2431,2690,-16046,28,-21,-43,resting,0.00,0,0,0,0,0
1779990497217,-2393,2663,-15973,26,-16,-47,resting,0.00,0,0,0,0,0
1779990497218,-2390,2707,-15899,25,-8,-50,resting,0.00,0,0,0,0,0
1779990497248,-2355,2711,-15939,13,0,-46,resting,0.00,0,0,0,0,0
1779990497253,-2327,2680,-15987,0,7,-42,resting,0.00,0,0,0,0,0
1779990497254,-2348,2655,-15992,-10,11,-34,resting,0.00,0,0,0,0,0
1779990497255,-2421,2609,-16035,-10,20,-29,resting,0.00,0,0,0,0,0
1779990497281,-2429,2558,-16018,-9,29,-29,resting,0.00,0,0,0,0,0
1779990497281,-2397,2574,-16001,-11,34,-34,resting,0.00,0,0,0,0,0
1779990497310,-2365,2636,-15987,-16,36,-33,resting,0.00,0,0,0,0,0
1779990497311,-2296,2692,-16043,-30,42,-29,resting,0.00,0,0,0,0,0
1779990497312,-2239,2741,-16004,-37,48,-23,resting,0.00,0,0,0,0,0
1779990497313,-2227,2743,-16063,-40,52,-21,resting,0.00,0,0,0,0,0
1779990497339,-2256,2707,-16170,-45,54,-20,resting,0.00,0,0,0,0,0
1779990497340,-2341,2663,-16159,-43,54,-16,resting,0.00,0,0,0,0,0
1779990497368,-2345,2654,-16071,-38,61,-13,resting,0.00,0,0,0,0,0
1779990497369,-2436,2620,-16033,-33,69,-11,resting,0.00,0,0,0,0,0
1779990497370,-2477,2627,-15976,-33,75,-10,resting,0.00,0,0,0,0,0
1779990497371,-2415,2704,-15886,-40,84,-11,resting,0.00,0,0,0,0,0
1779990497402,-2240,2787,-15922,-50,94,-16,resting,0.00,0,0,0,0,0
1779990497403,-2139,2845,-15942,-66,100,-26,resting,0.00,0,0,0,0,0
1779990497431,-2446,3005,-16110,-97,104,-27,resting,0.00,0,0,0,0,0
1779990497435,-2481,3041,-16000,-99,117,-26,resting,0.00,0,0,0,0,0
1779990497436,-2374,2943,-15866,-100,130,-34,resting,0.00,0,0,0,0,0
1779990497437,-2209,2846,-15810,-101,147,-54,resting,0.00,0,0,0,0,0
1779990497459,-2135,2948,-15732,-124,164,-76,resting,0.00,0,0,0,0,0
1779990497460,-2037,3090,-15811,-167,168,-80,resting,0.00,0,0,0,0,0
1779990497494,-2040,2971,-16066,-206,152,-74,resting,0.00,0,0,0,0,0
1779990497495,-2117,3028,-16350,-231,136,-56,resting,0.00,0,0,0,0,0
1779990497496,-2031,3256,-16567,-218,131,-23,resting,0.00,0,0,0,0,0
1779990497497,-1775,3190,-16566,-159,124,-12,resting,0.00,0,0,0,0,0
1779990497519,-1605,2901,-16622,-93,114,-22,resting,0.00,0,0,0,0,0
1779990497520,-1609,2600,-16694,-45,93,-25,resting,0.00,0,0,0,0,0
1779990497552,-1661,2552,-16705,-38,66,-6,resting,0.00,0,0,0,0,0
1779990497553,-1672,2765,-16731,-42,39,23,resting,0.00,0,0,0,0,0
1779990497554,-1753,3023,-16629,-29,17,42,resting,0.00,0,0,0,0,0
1779990497555,-1787,3158,-16557,1,0,51,resting,0.00,0,0,0,0,0
1779990497577,-1819,3210,-16455,35,-13,58,resting,0.00,0,0,0,0,0
1779990497577,-1867,3151,-16337,58,-24,61,resting,0.00,0,0,0,0,0
1779990497615,-1919,3063,-16229,65,-32,63,resting,0.00,0,0,0,0,0
1779990497615,-1961,3033,-16134,56,-37,65,resting,0.00,0,0,0,0,0
1779990497616,-2024,3074,-16037,42,-40,62,resting,0.00,0,0,0,0,0
1779990497617,-2073,3106,-15966,28,-40,58,resting,0.00,0,0,0,0,0
1779990497637,-2087,3170,-15977,19,-36,52,resting,0.00,0,0,0,0,0
1779990497638,-2108,3164,-15959,14,-31,48,resting,0.00,0,0,0,0,0
1779990497668,-2057,3157,-15904,11,-22,46,resting,0.00,0,0,0,0,0
1779990497669,-2085,3117,-15938,7,-13,42,resting,0.00,0,0,0,0,0
1779990497671,-2098,3058,-15891,-1,-8,40,resting,0.00,0,0,0,0,0
1779990497672,-2144,3042,-15907,-12,-1,37,resting,0.00,0,0,0,0,0
1779990497698,-2168,3003,-15928,-21,7,31,resting,0.00,0,0,0,0,0
1779990497699,-2194,3008,-15842,-24,19,25,resting,0.00,0,0,0,0,0
1779990497727,-2192,3025,-15767,-33,35,19,resting,0.00,0,0,0,0,0
1779990497734,-2154,2999,-15738,-45,49,11,resting,0.00,0,0,0,0,0
1779990497734,-2091,3082,-15781,-62,63,0,resting,0.00,0,0,0,0,0
1779990497735,-2054,3151,-15747,-80,76,-18,resting,0.00,0,0,0,0,0
1779990497759,-2130,3177,-15674,-102,89,-37,resting,0.00,0,0,0,0,0
1779990497760,-2193,3299,-15777,-119,107,-53,resting,0.00,0,0,0,0,0
1779990497788,-2203,3347,-15731,-135,126,-67,resting,0.00,0,0,0,0,0
1779990497789,-2113,3349,-15588,-155,145,-88,resting,0.00,0,0,0,0,0
1779990497790,-2081,3285,-15677,-180,158,-102,resting,0.00,0,0,0,0,0
1779990497795,-2040,3435,-15685,-206,170,-114,resting,0.00,0,0,0,0,0
1779990497819,-1933,3564,-15817,-235,173,-131,resting,0.00,0,0,0,0,0
1779990497820,-1838,3395,-16201,-260,164,-139,resting,0.00,0,0,0,0,0
1779990497851,-1860,3523,-16254,-257,157,-132,resting,0.00,0,0,0,0,0
1779990497852,-1752,3719,-16283,-236,165,-120,resting,0.00,0,0,0,0,0
1779990497853,-1492,3643,-16287,-200,169,-123,resting,0.00,0,0,0,0,0
1779990497854,-1424,3349,-16469,-172,153,-129,resting,0.00,0,0,0,0,0
1779990497877,-1480,3245,-16607,-155,129,-116,resting,0.00,0,0,0,0,0
1779990497878,-1581,3386,-16592,-144,112,-98,resting,0.00,0,0,0,0,0
1779990497911,-1571,3427,-16567,-132,94,-88,resting,0.00,0,0,0,0,0
1779990497911,-1522,3393,-16450,-110,76,-80,resting,0.00,0,0,0,0,0
1779990497912,-1529,3430,-16392,-87,64,-72,resting,0.00,0,0,0,0,0
1779990497913,-1610,3524,-16283,-72,54,-74,resting,0.00,0,0,0,0,0
1779990497938,-1630,3539,-16224,-66,46,-79,resting,0.00,0,0,0,0,0
1779990497939,-1626,3519,-16154,-71,38,-81,resting,0.00,0,0,0,0,0
1779990497968,-1633,3536,-16112,-74,33,-82,resting,0.00,0,0,0,0,0
1779990498003,-1602,3678,-16091,-76,36,-86,resting,0.00,0,0,0,0,0
1779990498004,-1670,3832,-16031,-78,27,-92,resting,0.00,0,0,0,0,0
1779990498004,-1709,3805,-16051,-80,16,-86,resting,0.00,0,0,0,0,0
1779990498005,-1700,3715,-16108,-69,17,-68,resting,0.00,0,0,0,0,0
1779990498008,-1625,3679,-16096,-62,29,-63,resting,0.00,0,0,0,0,0
1779990498008,-1601,3636,-16059,-49,34,-68,resting,0.00,0,0,0,0,0
1779990498027,-1639,3321,-16069,-42,42,-75,resting,0.00,0,0,0,0,0
1779990498028,-1674,3269,-16026,-48,53,-79,resting,0.00,0,0,0,0,0
1779990498060,-1585,3641,-16097,-74,56,-89,resting,0.00,0,0,0,0,0
1779990498061,-1457,3877,-16164,-87,60,-98,resting,0.00,0,0,0,0,0
1779990498062,-1358,3727,-16082,-82,70,-85,resting,0.00,0,0,0,0,0
1779990498063,-1407,3606,-16009,-83,77,-59,resting,0.00,0,0,0,0,0
1779990498087,-1462,3682,-16074,-90,75,-41,resting,0.00,0,0,0,0,0
1779990498088,-1509,3825,-16114,-78,65,-30,resting,0.00,0,0,0,0,0
1779990498120,-1334,3916,-16333,-38,57,-13,resting,0.00,0,0,0,0,0
1779990498121,-1144,3914,-16675,21,43,11,resting,0.00,0,0,0,0,0
1779990498123,-990,3999,-16795,95,26,35,resting,0.00,0,0,0,0,0
1779990498127,-1069,3924,-16753,173,21,54,resting,0.00,0,0,0,0,0
1779990498151,-1268,3584,-16585,239,16,69,resting,0.00,0,0,0,0,0
1779990498152,-1280,3171,-16170,260,-25,73,resting,0.00,0,0,0,0,0
1779990498177,-1821,3185,-16307,205,-62,77,resting,0.00,0,0,0,0,0
1779990498178,-1951,3358,-16028,211,-27,79,resting,0.00,0,0,0,0,0
1779990498179,-2007,3597,-15636,207,-15,58,resting,0.00,0,0,0,0,0
1779990498180,-2059,3692,-15627,177,-18,37,resting,0.00,0,0,0,0,0
1779990498209,-1918,3850,-15660,170,-21,39,resting,0.00,0,0,0,0,0
1779990498210,-1705,3829,-15844,169,-14,43,resting,0.00,0,0,0,0,0
1779990498242,-1644,3840,-15920,172,-10,50,resting,0.00,0,0,0,0,0
1779990498243,-1701,3705,-15769,192,7,58,resting,0.00,0,0,0,0,0
1779990498244,-1699,3528,-15688,213,31,53,resting,0.00,0,0,0,0,0
1779990498244,-1794,3144,-15704,202,48,34,resting,0.00,0,0,0,0,0
1779990498272,-1866,2737,-15591,153,51,8,resting,0.00,0,0,0,0,0
1779990498273,-1789,2802,-15795,81,53,-3,resting,0.00,0,0,0,0,0
1779990498304,-1512,3236,-15884,25,60,-6,resting,0.00,0,0,0,0,0
1779990498305,-1408,3511,-15707,16,65,-8,resting,0.00,0,0,0,0,0
1779990498306,-1436,3449,-15910,20,70,-8,resting,0.00,0,0,0,0,0
1779990498309,-1573,3267,-15931,32,69,-3,resting,0.00,0,0,0,0,0
1779990498328,-1696,3191,-15923,29,73,-2,resting,0.00,0,0,0,0,0
1779990498329,-1662,3125,-16008,13,76,2,resting,0.00,0,0,0,0,0
1779990498359,-1642,3050,-15981,-6,79,4,resting,0.00,0,0,0,0,0
1779990498361,-1629,2974,-15910,-41,77,3,resting,0.00,0,0,0,0,0
1779990498362,-1537,2998,-15866,-78,73,-3,resting,0.00,0,0,0,0,0
1779990498363,-1546,3143,-16050,-105,66,-5,resting,0.00,0,0,0,0,0
1779990498393,-1577,3300,-16113,-117,58,-2,resting,0.00,0,0,0,0,0
1779990498394,-1511,3408,-16183,-118,59,-3,resting,0.00,0,0,0,0,0
1779990498418,-1456,3321,-16125,-108,62,-10,resting,0.00,0,0,0,0,0
1779990498419,-1552,3347,-16106,-98,60,-12,resting,0.00,0,0,0,0,0
1779990498420,-1456,3282,-16187,-104,58,-19,resting,0.00,0,0,0,0,0
1779990498421,-1404,3204,-16158,-120,49,-21,resting,0.00,0,0,0,0,0
1779990498451,-1396,3379,-16219,-137,40,-21,resting,0.00,0,0,0,0,0
1779990498452,-1331,3582,-16294,-145,29,-21,resting,0.00,0,0,0,0,0
1779990498478,-1312,3599,-16380,-127,17,-10,resting,0.00,0,0,0,0,0
1779990498479,-1344,3539,-16395,-91,9,0,resting,0.00,0,0,0,0,0
1779990498479,-1387,3429,-16395,-54,4,2,resting,0.00,0,0,0,0,0
1779990498480,-1407,3225,-16415,-27,0,0,resting,0.00,0,0,0,0,0
1779990498510,-1413,3221,-16406,-15,-7,2,resting,0.00,0,0,0,0,0
1779990498511,-1376,3334,-16288,-13,-12,2,resting,0.00,0,0,0,0,0
1779990498542,-1347,3417,-16216,-6,-18,7,resting,0.00,0,0,0,0,0
1779990498542,-1314,3476,-16195,7,-20,12,resting,0.00,0,0,0,0,0
1779990498543,-1375,3447,-16208,23,-27,18,resting,0.00,0,0,0,0,0
1779990498543,-1383,3406,-16120,31,-25,21,resting,0.00,0,0,0,0,0
1779990498568,-1390,3335,-16040,29,-21,25,resting,0.00,0,0,0,0,0
1779990498569,-1498,3316,-15917,21,-16,27,resting,0.00,0,0,0,0,0
1779990498604,-1605,3323,-15839,11,-11,26,resting,0.00,0,0,0,0,0
1779990498604,-1601,3353,-15940,0,-5,26,resting,0.00,0,0,0,0,0
1779990498605,-1500,3480,-15954,-7,-4,26,resting,0.00,0,0,0,0,0
1779990498605,-1382,3544,-15978,-13,-6,26,resting,0.00,0,0,0,0,0
1779990498626,-1416,3508,-16075,-8,-4,35,resting,0.00,0,0,0,0,0
1779990498627,-1515,3471,-16109,3,1,42,resting,0.00,0,0,0,0,0
1779990498659,-1545,3468,-16077,12,4,36,resting,0.00,0,0,0,0,0
1779990498660,-1570,3424,-15971,17,7,31,resting,0.00,0,0,0,0,0
1779990498661,-1494,3416,-15906,10,8,25,resting,0.00,0,0,0,0,0
1779990498662,-1386,3405,-15944,-7,2,27,resting,0.00,0,0,0,0,0
1779990498687,-1305,3501,-16057,-28,-11,37,resting,0.00,0,0,0,0,0
1779990498687,-1339,3585,-16283,-39,-32,59,resting,0.00,0,0,0,0,0
1779990498718,-1425,3650,-16547,-20,-49,82,resting,0.00,0,0,0,0,0
1779990498719,-1444,3562,-16580,21,-55,98,resting,0.00,0,0,0,0,0
1779990498720,-1389,3344,-16467,68,-57,104,resting,0.00,0,0,0,0,0
1779990498720,-1356,3146,-16506,94,-62,100,resting,0.00,0,0,0,0,0
1779990498751,-1327,3112,-16404,100,-76,100,resting,0.00,0,0,0,0,0
1779990498752,-1381,3224,-16239,91,-89,108,resting,0.00,0,0,0,0,0
1779990498779,-1473,3337,-16189,82,-91,118,resting,0.00,0,0,0,0,0
1779990498784,-1476,3408,-16021,82,-88,130,resting,0.00,0,0,0,0,0
1779990498785,-1446,3297,-15997,77,-83,126,resting,0.00,0,0,0,0,0
1779990498786,-1600,3177,-15910,56,-87,118,resting,0.00,0,0,0,0,0
1779990498809,-1914,3176,-15858,28,-89,117,resting,0.00,0,0,0,0,0
1779990498811,-2062,3262,-15836,6,-81,111,resting,0.00,0,0,0,0,0
1779990498838,-2051,3360,-15856,-10,-74,88,resting,0.00,0,0,0,0,0
1779990498843,-1950,3404,-16008,-24,-70,62,resting,0.00,0,0,0,0,0
1779990498844,-1931,3510,-16116,-43,-76,42,resting,0.00,0,0,0,0,0
1779990498845,-1947,3747,-16159,-49,-78,30,resting,0.00,0,0,0,0,0
1779990498868,-1979,3768,-16060,-41,-80,15,resting,0.00,0,0,0,0,0
1779990498868,-1946,3573,-15949,-28,-79,-9,resting,0.00,0,0,0,0,0
1779990498900,-1845,3245,-15924,-35,-77,-27,resting,0.00,0,0,0,0,0
1779990498901,-1696,3079,-15869,-55,-74,-23,resting,0.00,0,0,0,0,0
1779990498902,-1511,3169,-15888,-68,-65,-12,resting,0.00,0,0,0,0,0
1779990498903,-1497,3340,-15874,-72,-54,0,resting,0.00,0,0,0,0,0
1779990498928,-1648,3342,-15988,-60,-42,12,resting,0.00,0,0,0,0,0
1779990498929,-1919,3318,-15918,-37,-29,17,resting,0.00,0,0,0,0,0
1779990498958,-2000,3338,-15820,-23,-12,14,resting,0.00,0,0,0,0,0
1779990498959,-1904,3261,-15927,-25,-2,9,resting,0.00,0,0,0,0,0
1779990498960,-1806,3165,-15938,-38,1,13,resting,0.00,0,0,0,0,0
1779990498961,-1759,3269,-15950,-56,3,21,resting,0.00,0,0,0,0,0
1779990498993,-1714,3451,-16043,-69,4,21,resting,0.00,0,0,0,0,0
1779990498994,-1618,3595,-16165,-70,5,16,resting,0.00,0,0,0,0,0
1779990499018,-1707,3701,-16253,-53,16,2,resting,0.00,0,0,0,0,0
1779990499018,-1492,3759,-16209,-15,35,-8,resting,0.00,0,0,0,0,0
1779990499019,-1459,3717,-16249,-12,12,0,resting,0.00,0,0,0,0,0
1779990499020,-1543,3741,-16120,0,8,1,resting,0.00,0,0,0,0,0
1779990499049,-1670,3691,-15960,11,10,-7,resting,0.00,0,0,0,0,0
1779990499050,-1849,3529,-15999,12,12,-18,resting,0.00,0,0,0,0,0
1779990499080,-1935,3449,-15817,16,17,-22,resting,0.00,0,0,0,0,0
1779990499081,-1876,3424,-15864,4,24,-30,resting,0.00,0,0,0,0,0
1779990499082,-1728,3443,-16014,-18,27,-32,resting,0.00,0,0,0,0,0
1779990499083,-1685,3694,-16043,-26,20,-22,resting,0.00,0,0,0,0,0
1779990499107,-1742,3666,-16136,-27,17,-22,resting,0.00,0,0,0,0,0
1779990499107,-1773,3465,-16105,-12,17,-24,resting,0.00,0,0,0,0,0
1779990499140,-1728,3236,-16222,-1,22,-31,resting,0.00,0,0,0,0,0
1779990499140,-1594,3194,-16343,-7,18,-44,resting,0.00,0,0,0,0,0
1779990499141,-1536,3378,-16287,-17,10,-51,resting,0.00,0,0,0,0,0
1779990499167,-1487,3616,-16337,-25,0,-50,resting,0.00,0,0,0,0,0
1779990499168,-1548,3784,-16299,-11,-8,-49,resting,0.00,0,0,0,0,0
1779990499169,-1780,3755,-16087,18,-10,-55,resting,0.00,0,0,0,0,0
1779990499170,-1925,3512,-16057,33,-10,-67,resting,0.00,0,0,0,0,0
1779990499198,-2010,3374,-16052,25,-13,-79,resting,0.00,0,0,0,0,0
1779990499199,-2024,3426,-15939,6,-21,-82,resting,0.00,0,0,0,0,0
1779990499238,-1981,3631,-15983,-12,-25,-88,resting,0.00,0,0,0,0,0
1779990499239,-1865,3734,-16119,-17,-32,-96,resting,0.00,0,0,0,0,0
1779990499239,-1839,3680,-16171,-7,-41,-98,resting,0.00,0,0,0,0,0
1779990499243,-1786,3623,-16185,6,-46,-98,resting,0.00,0,0,0,0,0
1779990499261,-1705,3499,-16256,13,-50,-102,resting,0.00,0,0,0,0,0
1779990499262,-1663,3365,-16352,19,-58,-110,resting,0.00,0,0,0,0,0
1779990499292,-1782,3315,-16184,19,-69,-115,resting,0.00,0,0,0,0,0
1779990499293,-1931,3397,-16076,13,-81,-113,resting,0.00,0,0,0,0,0
1779990499293,-1961,3392,-16178,4,-98,-107,resting,0.00,0,0,0,0,0
1779990499294,-2038,3331,-16248,8,-116,-92,resting,0.00,0,0,0,0,0
1779990499317,-2051,3347,-16317,17,-115,-75,resting,0.00,0,0,0,0,0
1779990499318,-1986,3372,-16272,32,-110,-59,resting,0.00,0,0,0,0,0
1779990499349,-2015,3423,-16140,58,-116,-32,resting,0.00,0,0,0,0,0
1779990499350,-1984,3494,-16074,80,-121,4,resting,0.00,0,0,0,0,0
1779990499351,-2070,3388,-15990,90,-133,9,resting,0.00,0,0,0,0,0
1779990499352,-2267,3046,-15914,90,-134,3,resting,0.00,0,0,0,0,0
1779990499377,-2227,2790,-15708,72,-119,11,resting,0.00,0,0,0,0,0
1779990499378,-2016,2679,-15678,40,-106,21,resting,0.00,0,0,0,0,0
1779990499410,-1691,2648,-15910,-11,-95,15,resting,0.00,0,0,0,0,0
1779990499411,-1489,2990,-15935,-50,-89,14,resting,0.00,0,0,0,0,0
1779990499415,-1583,3358,-15962,-67,-73,21,resting,0.00,0,0,0,0,0
1779990499416,-1766,3566,-15865,-51,-48,36,resting,0.00,0,0,0,0,0
1779990499441,-2059,3430,-15712,-24,-22,49,resting,0.00,0,0,0,0,0
1779990499442,-2301,3178,-15590,-20,4,59,resting,0.00,0,0,0,0,0
1779990499468,-2558,3024,-15457,-29,30,69,resting,0.00,0,0,0,0,0
1779990499469,-2815,3163,-15374,-47,50,78,resting,0.00,0,0,0,0,0
1779990499470,-2776,3469,-15577,-68,60,74,resting,0.00,0,0,0,0,0
1779990499471,-2544,3566,-15765,-80,66,63,resting,0.00,0,0,0,0,0
1779990499500,-2144,3576,-15804,-90,77,59,resting,0.00,0,0,0,0,0
1779990499501,-1913,3488,-15847,-109,87,65,resting,0.00,0,0,0,0,0
1779990499529,-1949,3367,-16032,-122,94,76,resting,0.00,0,0,0,0,0
1779990499530,-2106,3300,-16100,-127,100,98,resting,0.00,0,0,0,0,0
1779990499531,-2189,3162,-15961,-138,102,104,resting,0.00,0,0,0,0,0
1779990499531,-2199,3108,-15980,-147,95,78,resting,0.00,0,0,0,0,0
1779990499559,-2052,3490,-16287,-165,89,74,resting,0.00,0,0,0,0,0
1779990499560,-1802,3754,-16352,-142,76,96,resting,0.00,0,0,0,0,0
1779990499595,-1698,3869,-16227,-100,67,95,resting,0.00,0,0,0,0,0
1779990499596,-1720,3612,-16318,-73,61,83,resting,0.00,0,0,0,0,0
1779990499596,-1824,3305,-16331,-62,55,87,resting,0.00,0,0,0,0,0
1779990499597,-1945,3277,-16205,-76,46,89,resting,0.00,0,0,0,0,0
1779990499618,-2041,3352,-16116,-99,38,86,resting,0.00,0,0,0,0,0
1779990499620,-2039,3427,-15989,-117,33,88,resting,0.00,0,0,0,0,0
1779990499650,-1992,3575,-15885,-125,30,85,resting,0.00,0,0,0,0,0
1779990499651,-1887,3832,-15936,-132,30,76,resting,0.00,0,0,0,0,0
1779990499651,-1720,3975,-16045,-140,29,66,resting,0.00,0,0,0,0,0
1779990499652,-1765,3946,-16094,-147,24,71,resting,0.00,0,0,0,0,0
1779990499677,-1765,3946,-16094,-147,24,71,resting,0.00,0,0,0,0,0
1779990499683,-2077,3730,-16008,-159,24,67,resting,0.00,0,0,0,0,0
1779990499709,-2113,3501,-15960,-175,19,57,resting,0.00,0,0,0,0,0
1779990499710,-2082,3439,-15868,-199,13,49,resting,0.00,0,0,0,0,0
1779990499711,-2052,3516,-15786,-229,11,38,resting,0.00,0,0,0,0,0
1779990499711,-2010,3642,-15739,-262,17,43,resting,0.00,0,0,0,0,0
1779990499741,-1963,3700,-15711,-278,19,56,resting,0.00,0,0,0,0,0
1779990499742,-1841,3965,-15797,-299,17,56,resting,0.00,0,0,0,0,0
1779990499774,-1602,4387,-16019,-314,8,43,resting,0.00,0,0,0,0,0
1779990499775,-1485,4487,-16191,-316,-8,15,resting,0.00,0,0,0,0,0
1779990499776,-1649,4417,-16154,-302,-14,14,resting,0.00,0,0,0,0,0
1779990499777,-1712,4375,-16003,-279,-7,45,resting,0.00,0,0,0,0,0
1779990499799,-1734,3946,-15807,-277,-21,38,resting,0.00,0,0,0,0,0
1779990499801,-1799,3801,-15850,-334,-41,31,resting,0.00,0,0,0,0,0
1779990499828,-1896,3953,-15965,-364,-47,51,resting,0.00,0,0,0,0,0
1779990499832,-2021,4140,-15973,-357,-50,59,resting,0.00,0,0,0,0,0
1779990499834,-2135,4145,-15915,-353,-58,50,resting,0.00,0,0,0,0,0
1779990499834,-2286,4067,-15980,-370,-75,35,resting,0.00,0,0,0,0,0
1779990499857,-2231,4279,-15954,-382,-78,37,resting,0.00,0,0,0,0,0
1779990499857,-2216,4359,-15908,-369,-89,24,resting,0.00,0,0,0,0,0
1779990499889,-2181,4419,-15980,-383,-109,-21,resting,0.00,0,0,0,0,0
1779990499891,-2038,4644,-16040,-416,-130,-65,resting,0.00,0,0,0,0,0
1779990499892,-2015,4908,-15979,-434,-146,-96,resting,0.00,0,0,0,0,0
1779990499893,-1984,5225,-15874,-433,-158,-98,resting,0.00,0,0,0,0,0
1779990499919,-1875,5552,-15786,-424,-169,-98,resting,0.00,0,0,0,0,0
1779990499920,-1952,5722,-15781,-393,-189,-125,resting,0.00,0,0,0,0,0
1779990499950,-1935,5952,-15825,-339,-208,-139,resting,0.00,0,0,0,0,0
1779990499952,-1971,5932,-15932,-304,-224,-163,resting,0.00,0,0,0,0,0
1779990499953,-2011,5857,-16100,-277,-236,-172,resting,0.00,0,0,0,0,0
1779990499958,-2069,5783,-16022,-272,-249,-165,resting,0.00,0,0,0,0,0
1779990499977,-2069,5941,-15880,-282,-268,-158,resting,0.00,0,0,0,0,0
1779990499978,-2118,6091,-15688,-254,-280,-151,resting,0.00,0,0,0,0,0
1779990500008,-2391,5978,-15367,-210,-285,-139,resting,0.00,0,0,0,0,0
1779990500009,-2499,5607,-15121,-205,-276,-126,resting,0.00,0,0,0,0,0
1779990500010,-2641,5635,-14965,-208,-280,-138,resting,0.00,0,0,0,0,0
1779990500041,-2842,5813,-14957,-186,-276,-157,resting,0.00,0,0,0,0,0
1779990500042,-2917,5427,-14654,-183,-263,-178,resting,0.00,0,0,0,0,0
1779990500043,-2757,5411,-14422,-220,-236,-200,resting,0.00,0,0,0,0,0
1779990500043,-2703,5475,-14449,-241,-213,-228,resting,0.00,0,0,0,0,0
1779990500068,-2589,5595,-14581,-279,-184,-258,resting,0.00,0,0,0,0,0
1779990500069,-2679,5302,-14590,-336,-162,-274,resting,0.00,0,0,0,0,0
1779990500098,-2723,5498,-14393,-423,-124,-224,resting,0.00,0,0,0,0,0
1779990500100,-2536,6100,-14148,-475,-84,-161,resting,0.00,0,0,0,0,0
1779990500100,-2521,6405,-13894,-452,-71,-123,resting,0.00,0,0,0,0,0
1779990500101,-2366,6563,-14351,-440,-66,-110,resting,0.00,0,0,0,0,0
1779990500127,-2396,6966,-14964,-399,-57,-101,resting,0.00,0,0,0,0,0
1779990500127,-2729,6855,-14868,-324,-36,-64,resting,0.00,0,0,0,0,0
1779990500157,-2648,6502,-14949,-293,9,-13,resting,0.00,0,0,0,0,0
1779990500158,-2859,6214,-15131,-280,24,23,resting,0.00,0,0,0,0,0
1779990500158,-3381,6343,-15066,-265,28,34,resting,0.00,0,0,0,0,0
1779990500159,-3666,6316,-14923,-209,61,20,resting,0.00,0,0,0,0,0
1779990500189,-3919,6010,-14726,-147,92,3,resting,0.00,0,0,0,0,0
1779990500189,-4026,5765,-14510,-108,107,-8,resting,0.00,0,0,0,0,0
1779990500224,-4039,5830,-14472,-100,121,-34,resting,0.00,0,0,0,0,0
1779990500225,-3826,6130,-14522,-100,141,-45,resting,0.00,0,0,0,0,0
1779990500226,-3585,6398,-14433,-70,153,-46,resting,0.00,0,0,0,0,0
1779990500226,-3282,6843,-14657,-48,171,-70,resting,0.00,0,0,0,0,0
1779990500252,-3010,7121,-14571,-7,196,-98,resting,0.00,0,0,0,0,0
1779990500253,-2851,6847,-14297,22,221,-120,resting,0.00,0,0,0,0,0
1779990500276,-2705,6337,-14256,-8,253,-132,resting,0.00,0,0,0,0,0
1779990500277,-2662,5996,-14259,-82,286,-125,resting,0.00,0,0,0,0,0
1779990500278,-2648,6090,-14436,-185,317,-109,resting,0.00,0,0,0,0,0
1779990500283,-2658,6519,-14606,-253,343,-100,resting,0.00,0,0,0,0,0
1779990500308,-2899,6836,-14499,-248,359,-112,resting,0.00,0,0,0,0,0
1779990500309,-3154,6855,-14562,-207,379,-144,resting,0.00,0,0,0,0,0
1779990500340,-3078,6726,-14686,-155,398,-187,resting,0.00,0,0,0,0,0
1779990500341,-2923,6596,-14647,-115,418,-230,resting,0.00,0,0,0,0,0
1779990500342,-2703,6546,-14568,-105,425,-252,resting,0.00,0,0,0,0,0
1779990500343,-2387,6763,-14791,-122,421,-246,resting,0.00,0,0,0,0,0
1779990500368,-2234,6991,-15052,-127,409,-222,resting,0.00,0,0,0,0,0
1779990500369,-2321,7031,-15222,-102,400,-198,resting,0.00,0,0,0,0,0
1779990500397,-2387,6799,-15280,-78,395,-189,resting,0.00,0,0,0,0,0
1779990500398,-2429,6567,-15324,-70,384,-202,resting,0.00,0,0,0,0,0
1779990500399,-2381,6409,-15296,-76,367,-226,resting,0.00,0,0,0,0,0
1779990500400,-2228,6306,-15375,-103,340,-258,resting,0.00,0,0,0,0,0
1779990500431,-1944,6349,-15466,-157,305,-279,resting,0.00,0,0,0,0,0
1779990500432,-1633,6580,-15599,-206,267,-280,resting,0.00,0,0,0,0,0
1779990500457,-1530,6797,-15653,-214,226,-274,resting,0.00,0,0,0,0,0
1779990500457,-1704,6763,-15663,-191,197,-270,resting,0.00,0,0,0,0,0
1779990500457,-1903,6369,-15595,-160,181,-265,resting,0.00,0,0,0,0,0
1779990500458,-1947,6032,-15395,-136,169,-250,resting,0.00,0,0,0,0,0
1779990500491,-1943,5748,-15274,-137,156,-241,resting,0.00,0,0,0,0,0
1779990500491,-1875,5657,-15085,-152,138,-229,resting,0.00,0,0,0,0,0
1779990500525,-1713,5867,-15125,-178,118,-207,resting,0.00,0,0,0,0,0
1779990500526,-1583,6388,-15288,-165,92,-160,resting,0.00,0,0,0,0,0
1779990500526,-1648,6715,-15306,-77,66,-119,resting,0.00,0,0,0,0,0
1779990500527,-1802,6937,-15224,18,56,-118,resting,0.00,0,0,0,0,0
1779990500548,-1674,7131,-15491,65,60,-130,resting,0.00,0,0,0,0,0
1779990500549,-1567,6983,-15435,96,52,-138,resting,0.00,0,0,0,0,0
1779990500585,-1713,6663,-15146,134,42,-134,resting,0.00,0,0,0,0,0
1779990500614,-1913,6217,-14971,154,43,-134,resting,0.00,0,0,0,0,0
1779990500615,-2257,5528,-14694,100,52,-119,resting,0.00,0,0,0,0,0
1779990500616,-2547,5146,-14582,-2,62,-94,resting,0.00,0,0,0,0,0
1779990500617,-2763,5442,-15118,-137,70,-86,resting,0.00,0,0,0,0,0
1779990500618,-3038,5493,-14574,-231,79,-142,resting,0.00,0,0,0,0,0
1779990500618,-3010,4721,-14460,-443,109,-176,resting,0.00,0,0,0,0,0
1779990500643,-2368,6650,-14822,-579,114,-163,resting,0.00,0,0,0,0,0
1779990500644,-2533,5899,-13867,-696,110,-238,resting,0.00,0,0,0,0,0
1779990500673,-2617,6127,-14718,-916,135,-240,resting,0.00,0,0,0,0,0
1779990500674,-2501,7414,-14638,-917,164,-199,resting,0.00,0,0,0,0,0
1779990500675,-2064,6543,-13942,-946,224,-226,resting,0.00,0,0,0,0,0
1779990500676,-1619,6534,-14190,-1089,213,-264,resting,0.00,0,0,0,0,0
1779990500698,-1568,8403,-14472,-1197,207,-272,resting,0.00,0,0,0,0,0
1779990500699,-1539,9900,-14119,-1135,256,-278,resting,0.00,0,0,0,0,0
1779990500731,-1551,9205,-13740,-1002,301,-254,resting,0.00,0,0,0,0,0
1779990500732,-1482,9693,-14416,-897,321,-200,resting,0.00,0,0,0,0,0
1779990500733,-1703,9308,-13657,-736,337,-185,resting,0.00,0,0,0,0,0
1779990500734,-1774,8713,-13666,-706,358,-158,resting,0.00,0,0,0,0,0
1779990500757,-1696,8820,-13873,-677,360,-155,resting,0.00,0,0,0,0,0
1779990500758,-1780,8022,-13405,-661,362,-196,resting,0.00,0,0,0,0,0
1779990500789,-1788,8157,-13551,-701,359,-198,resting,0.00,0,0,0,0,0
1779990500790,-1955,8245,-13331,-714,350,-188,resting,0.00,0,0,0,0,0
1779990500791,-2335,8115,-12690,-748,341,-163,resting,0.00,0,0,0,0,0
1779990500792,-2517,9214,-12637,-714,355,-141,resting,0.00,0,0,0,0,0
1779990500817,-2460,9278,-12661,-687,341,-135,resting,0.00,0,0,0,0,0
1779990500818,-2524,9307,-12716,-637,325,-107,resting,0.00,0,0,0,0,0
1779990500846,-2328,9931,-12495,-528,328,-96,resting,0.00,0,0,0,0,0
1779990500848,-1749,9896,-12385,-441,346,-111,resting,0.00,0,0,0,0,0
1779990500849,-1505,9409,-12843,-389,350,-92,resting,0.00,0,0,0,0,0
1779990500849,-736,9571,-13105,-329,363,-98,resting,0.00,0,0,0,0,0
1779990500881,-590,9808,-13056,-305,355,-150,resting,0.00,0,0,0,0,0
1779990500882,-788,9732,-13407,-351,346,-185,resting,0.00,0,0,0,0,0
1779990500917,-876,9794,-13723,-394,347,-186,resting,0.00,0,0,0,0,0
1779990500917,-939,9820,-13793,-390,353,-183,resting,0.00,0,0,0,0,0
1779990500918,-1156,9869,-13598,-362,370,-177,resting,0.00,0,0,0,0,0
1779990500919,-1253,9715,-13425,-333,400,-175,resting,0.00,0,0,0,0,0
1779990500937,-1140,9436,-13400,-318,425,-166,resting,0.00,0,0,0,0,0
1779990500937,-1078,9135,-13199,-330,432,-160,resting,0.00,0,0,0,0,0
1779990500976,-1122,9088,-12868,-359,440,-166,resting,0.00,0,0,0,0,0
1779990500977,-732,9570,-12892,-404,450,-186,resting,0.00,0,0,0,0,0
1779990500978,-279,10162,-12928,-452,440,-214,resting,0.00,0,0,0,0,0
1779990500979,-273,10548,-12869,-466,423,-225,resting,0.00,0,0,0,0,0
1779990500999,-363,10783,-12979,-466,422,-216,resting,0.00,0,0,0,0,0
1779990501001,-414,10559,-12982,-480,412,-218,resting,0.00,0,0,0,0,0
1779990501029,-748,10346,-12943,-508,395,-210,resting,0.00,0,0,0,0,0
1779990501029,-860,10294,-12918,-525,404,-213,resting,0.00,0,0,0,0,0
1779990501030,-779,10231,-12852,-535,393,-224,resting,0.00,0,0,0,0,0
1779990501031,-632,10435,-12775,-549,370,-218,resting,0.00,0,0,0,0,0
1779990501061,-498,10789,-12928,-543,341,-216,resting,0.00,0,0,0,0,0
1779990501061,-561,11062,-13168,-515,308,-229,resting,0.00,0,0,0,0,0
1779990501087,-560,11151,-13252,-457,279,-230,resting,0.00,0,0,0,0,0
1779990501087,-474,11214,-13228,-387,259,-216,resting,0.00,0,0,0,0,0
1779990501088,-351,11184,-13369,-321,239,-199,resting,0.00,0,0,0,0,0
1779990501088,-279,11125,-13556,-268,196,-185,resting,0.00,0,0,0,0,0
1779990501116,-273,11085,-13502,-226,146,-179,resting,0.00,0,0,0,0,0
1779990501116,-454,10970,-13368,-180,112,-180,resting,0.00,0,0,0,0,0
1779990501146,-575,10941,-13269,-133,85,-173,resting,0.00,0,0,0,0,0
1779990501146,-667,10874,-13126,-80,60,-154,resting,0.00,0,0,0,0,0
1779990501146,-823,10728,-13016,-29,41,-138,resting,0.00,0,0,0,0,0
1779990501147,-796,10648,-12848,12,33,-141,resting,0.00,0,0,0,0,0
1779990501183,-714,10612,-12702,44,31,-138,resting,0.00,0,0,0,0,0
1779990501184,-679,10623,-12467,61,31,-132,resting,0.00,0,0,0,0,0
1779990501216,-642,10593,-12244,61,30,-136,resting,0.00,0,0,0,0,0
1779990501217,-661,10565,-12235,41,28,-143,resting,0.00,0,0,0,0,0
1779990501217,-664,10530,-12260,-9,27,-147,resting,0.00,0,0,0,0,0
1779990501218,-824,10271,-12069,-65,32,-149,resting,0.00,0,0,0,0,0
1779990501240,-823,10193,-11886,-128,43,-154,resting,0.00,0,0,0,0,0
1779990501242,-816,10285,-11756,-196,56,-149,resting,0.00,0,0,0,0,0
1779990501266,-832,10406,-11759,-257,78,-141,resting,0.00,0,0,0,0,0
1779990501266,-760,10432,-11714,-309,91,-146,resting,0.00,0,0,0,0,0
1779990501266,-938,10453,-11824,-349,106,-137,resting,0.00,0,0,0,0,0
1779990501267,-1052,10471,-11897,-392,128,-153,resting,0.00,0,0,0,0,0
1779990501296,-1178,10451,-11773,-445,147,-172,resting,0.00,0,0,0,0,0
1779990501296,-1359,10532,-11675,-490,170,-165,resting,0.00,0,0,0,0,0
1779990501327,-1532,10627,-11611,-514,199,-145,resting,0.00,0,0,0,0,0
1779990501327,-1481,10678,-11618,-533,228,-139,resting,0.00,0,0,0,0,0
1779990501327,-1428,10790,-11627,-571,251,-138,resting,0.00,0,0,0,0,0
1779990501328,-1601,10829,-11619,-601,247,-120,resting,0.00,0,0,0,0,0
1779990501357,-1674,11016,-11624,-647,252,-98,resting,0.00,0,0,0,0,0
1779990501358,-1832,11245,-11442,-674,269,-94,resting,0.00,0,0,0,0,0
1779990501386,-1792,11469,-11194,-664,286,-107,resting,0.00,0,0,0,0,0
1779990501388,-1632,11843,-11111,-642,301,-121,resting,0.00,0,0,0,0,0
1779990501388,-1544,12082,-10996,-597,317,-138,resting,0.00,0,0,0,0,0
1779990501388,-1387,12039,-10972,-551,331,-157,resting,0.00,0,0,0,0,0
1779990501416,-1439,11797,-10985,-544,334,-164,resting,0.00,0,0,0,0,0
1779990501416,-1604,11773,-11214,-573,330,-156,resting,0.00,0,0,0,0,0
1779990501445,-1886,12115,-11486,-607,325,-138,resting,0.00,0,0,0,0,0
1779990501445,-2285,12696,-11526,-611,326,-114,resting,0.00,0,0,0,0,0
1779990501446,-2973,13121,-11282,-591,315,-77,resting,0.00,0,0,0,0,0
1779990501447,-3364,13029,-10924,-546,315,-19,resting,0.00,0,0,0,0,0
1779990501478,-2974,12413,-10488,-475,330,27,resting,0.00,0,0,0,0,0
1779990501478,-2570,11700,-10134,-476,303,28,resting,0.00,0,0,0,0,0
1779990501506,-2607,11569,-10157,-549,249,-4,resting,0.00,0,0,0,0,0
1779990501508,-2424,11899,-10481,-607,203,-51,resting,0.00,0,0,0,0,0
1779990501508,-2217,12313,-10881,-648,168,-77,resting,0.00,0,0,0,0,0
1779990501508,-2006,12666,-10970,-627,153,-71,resting,0.00,0,0,0,0,0
1779990501537,-1809,12842,-10941,-579,140,-59,resting,0.00,0,0,0,0,0
1779990501538,-2051,12506,-10745,-536,111,-45,resting,0.00,0,0,0,0,0
1779990501569,-2327,11941,-10717,-503,93,-28,resting,0.00,0,0,0,0,0
1779990501569,-2331,11752,-10784,-494,77,-23,resting,0.00,0,0,0,0,0
1779990501569,-2015,12052,-10728,-486,64,-51,resting,0.00,0,0,0,0,0
1779990501570,-1587,12620,-10577,-439,54,-88,resting,0.00,0,0,0,0,0
1779990501598,-1333,13289,-10576,-374,46,-116,resting,0.00,0,0,0,0,0
1779990501598,-1084,13792,-10571,-290,54,-141,resting,0.00,0,0,0,0,0
1779990501628,-836,13978,-10428,-161,80,-168,resting,0.00,0,0,0,0,0
1779990501628,-556,13892,-10305,-49,115,-198,resting,0.00,0,0,0,0,0
1779990501628,-814,13659,-10189,26,136,-230,resting,0.00,0,0,0,0,0
1779990501628,-419,13194,-10209,70,153,-258,resting,0.00,0,0,0,0,0
1779990501658,-593,12748,-10169,78,148,-248,resting,0.00,0,0,0,0,0
1779990501660,-662,12710,-10121,105,155,-215,resting,0.00,0,0,0,0,0
1779990501688,-395,12989,-10034,136,166,-213,resting,0.00,0,0,0,0,0
1779990501688,79,13429,-9913,173,175,-256,resting,0.00,0,0,0,0,0
1779990501688,478,13771,-9967,231,191,-315,resting,0.00,0,0,0,0,0
1779990501689,411,13920,-10122,325,211,-348,resting,0.00,0,0,0,0,0
1779990501716,-167,14058,-10098,445,231,-337,resting,0.00,0,0,0,0,0
1779990501716,-485,14215,-10158,597,243,-293,resting,0.00,0,0,0,0,0
1779990501748,-272,14400,-10018,807,250,-256,resting,0.00,0,0,0,0,0
1779990501748,221,14495,-9727,1018,265,-248,resting,0.00,0,0,0,0,0
1779990501749,788,14154,-9535,1201,296,-251,resting,0.00,0,0,0,0,0
1779990501749,1233,13600,-9698,1359,313,-249,resting,0.00,0,0,0,0,0
1779990501780,1709,12929,-9876,1518,297,-235,resting,0.00,0,0,0,0,0
1779990501782,2084,12257,-9729,1646,235,-231,resting,0.00,0,0,0,0,0
1779990501806,2138,12247,-10018,1671,153,-242,resting,0.00,0,0,0,0,0
1779990501806,1850,11931,-9816,1689,38,-257,resting,0.00,0,0,0,0,0
1779990501806,1762,11324,-10036,1643,-58,-201,resting,0.00,0,0,0,0,0
1779990501807,1905,10533,-10224,1605,-183,-113,resting,0.00,0,0,0,0,0
1779990501838,1656,9324,-9562,1511,-295,-98,resting,0.00,0,0,0,0,0
1779990501838,1781,7730,-9595,1225,-367,-158,resting,0.00,0,0,0,0,0
1779990501866,1789,7197,-10885,848,-501,-270,resting,0.00,0,0,0,0,0
1779990501866,1351,8230,-11744,503,-589,-394,resting,0.00,0,0,0,0,0
1779990501869,393,8219,-11201,204,-693,-552,resting,0.00,0,0,0,0,0
1779990501870,-621,8310,-11295,-192,-733,-657,resting,0.00,0,0,0,0,0
1779990501899,-1263,9264,-11846,-535,-746,-637,resting,0.00,0,0,0,0,0
1779990501904,-1827,10142,-11540,-742,-763,-583,resting,0.00,0,0,0,0,0
1779990501928,-2055,11102,-11816,-947,-719,-556,resting,0.00,0,0,0,0,0
1779990501928,-2077,12169,-12603,-1027,-598,-524,resting,0.00,0,0,0,0,0
1779990501930,-1510,12623,-12383,-920,-427,-498,resting,0.00,0,0,0,0,0
1779990501930,-438,11885,-12027,-792,-296,-465,resting,0.00,0,0,0,0,0
1779990501958,-1501,11572,-12157,-845,-283,-467,resting,0.00,0,0,0,0,0
1779990501958,-1957,10947,-13838,-1037,-242,-417,resting,0.00,0,0,0,0,0
1779990501988,-2179,10427,-13993,-1156,-215,-361,resting,0.00,0,0,0,0,0
1779990501989,-1776,10284,-12869,-1154,-155,-312,resting,0.00,0,0,0,0,0
1779990501990,-924,11036,-11087,-942,-73,-295,resting,0.00,0,0,0,0,0
1779990501990,-1149,11530,-9737,-756,-93,-333,resting,0.00,0,0,0,0,0
1779990502020,-2173,12453,-9625,-705,-211,-415,resting,0.00,0,0,0,0,0
1779990502021,-3396,14023,-10576,-662,-332,-517,resting,0.00,0,0,0,0,0
1779990502049,-3496,14858,-10922,-640,-373,-563,resting,0.00,0,0,0,0,0
1779990502052,-3156,14247,-10767,-564,-367,-437,resting,0.00,0,0,0,0,0
1779990502053,-3272,13125,-11210,-456,-307,-192,resting,0.00,0,0,0,0,0
1779990502053,-3731,12256,-11565,-230,-246,-24,resting,0.00,0,0,0,0,0
1779990502079,-3831,11344,-11093,33,-162,-94,resting,0.00,0,0,0,0,0
1779990502080,-2901,9960,-10737,134,-92,-335,resting,0.00,0,0,0,0,0
1779990502112,-1672,9214,-10178,35,-137,-522,resting,0.00,0,0,0,0,0
1779990502112,-1040,8962,-9216,-183,-270,-568,resting,0.00,0,0,0,0,0
1779990502113,-1210,9548,-8466,-400,-428,-558,resting,0.00,0,0,0,0,0
1779990502114,-2017,10357,-8006,-527,-575,-602,resting,0.00,0,0,0,0,0
1779990502138,-3752,10764,-8918,-453,-676,-721,resting,0.00,0,0,0,0,0
1779990502139,-6630,11737,-11474,-291,-651,-900,resting,0.00,0,0,0,0,0
1779990502170,-7520,11462,-11113,-121,-531,-966,resting,0.00,0,0,0,0,0
1779990502170,-7320,12121,-10585,-77,-431,-813,resting,0.00,0,0,0,0,0
1779990502171,-6728,12901,-10673,-142,-352,-638,resting,0.00,0,0,0,0,0
1779990502172,-6472,13562,-10517,-165,-359,-541,resting,0.00,0,0,0,0,0
1779990502197,-6060,13765,-10006,-236,-359,-489,resting,0.00,0,0,0,0,0
1779990502197,-4927,14322,-10310,-309,-336,-423,resting,0.00,0,0,0,0,0
1779990502230,-4355,16115,-10087,-283,-345,-324,resting,0.00,0,0,0,0,0
1779990502231,-4688,16302,-9355,-269,-325,-171,resting,0.00,0,0,0,0,0
1779990502231,-4973,15369,-9662,-178,-296,75,resting,0.00,0,0,0,0,0
1779990502232,-5266,15063,-10097,95,-268,247,resting,0.00,0,0,0,0,0
1779990502257,-4825,13827,-10019,361,-203,257,resting,0.00,0,0,0,0,0
1779990502258,-3872,12362,-10175,485,-157,242,resting,0.00,0,0,0,0,0
1779990502289,-3541,11812,-10392,535,-159,251,resting,0.00,0,0,0,0,0
1779990502290,-3980,11313,-10439,550,-182,223,resting,0.00,0,0,0,0,0
1779990502291,-4139,10732,-10288,514,-193,163,resting,0.00,0,0,0,0,0
1779990502291,-3711,10234,-9907,431,-209,89,resting,0.00,0,0,0,0,0
1779990502326,-3453,10116,-9452,320,-265,29,resting,0.00,0,0,0,0,0
1779990502327,-3581,10647,-9167,248,-357,-22,resting,0.00,0,0,0,0,0
1779990502349,-3825,11408,-8567,263,-451,-64,resting,0.00,0,0,0,0,0
1779990502353,-4281,12020,-7946,381,-551,-69,resting,0.00,0,0,0,0,0
1779990502353,-4969,11346,-8051,538,-627,-48,resting,0.00,0,0,0,0,0
1779990502354,-5234,10116,-8270,653,-683,-74,resting,0.00,0,0,0,0,0
1779990502378,-4510,8996,-8613,655,-764,-161,resting,0.00,0,0,0,0,0
1779990502379,-3769,8531,-9102,563,-881,-264,resting,0.00,0,0,0,0,0
1779990502407,-3949,8511,-10074,431,-987,-385,resting,0.00,0,0,0,0,0
1779990502408,-4897,9372,-11502,289,-1046,-529,resting,0.00,0,0,0,0,0
1779990502409,-6491,12073,-11834,182,-1049,-684,resting,0.00,0,0,0,0,0
1779990502412,-8135,14722,-11081,40,-957,-724,resting,0.00,0,0,0,0,0
1779990502440,-8596,16164,-11740,-70,-830,-552,resting,0.00,0,0,0,0,0
1779990502440,-9230,16972,-13082,100,-696,-223,resting,0.00,0,0,0,0,0
1779990502469,-9533,16228,-13502,542,-457,54,resting,0.00,0,0,0,0,0
1779990502470,-9317,13033,-12186,982,-221,187,resting,0.00,0,0,0,0,0
1779990502470,-8890,9149,-10104,1051,-148,241,resting,0.00,0,0,0,0,0
1779990502471,-9031,6975,-8721,709,-238,253,resting,0.00,0,0,0,0,0
1779990502498,-9375,6504,-8077,193,-386,182,resting,0.00,0,0,0,0,0
1779990502499,-9196,7605,-8378,-313,-513,99,resting,0.00,0,0,0,0,0
1779990502527,-8523,9011,-9187,-602,-554,41,resting,0.00,0,0,0,0,0
1779990502528,-7896,9976,-9841,-654,-499,-14,resting,0.00,0,0,0,0,0
1779990502528,-7935,10777,-10250,-549,-414,-80,resting,0.00,0,0,0,0,0
1779990502529,-7576,11561,-10185,-365,-317,-95,resting,0.00,0,0,0,0,0
1779990502556,-6850,11768,-10175,-197,-216,-84,resting,0.00,0,0,0,0,0
1779990502557,-6694,11425,-10406,-69,-140,-74,resting,0.00,0,0,0,0,0
1779990502588,-6632,11375,-10542,26,-103,-61,resting,0.00,0,0,0,0,0
1779990502589,-7003,11189,-10668,95,-99,-63,resting,0.00,0,0,0,0,0
1779990502590,-7264,10908,-10705,131,-94,-53,resting,0.00,0,0,0,0,0
1779990502590,-7607,10775,-10630,142,-95,-32,resting,0.00,0,0,0,0,0
1779990502620,-7815,10820,-10641,145,-86,-12,resting,0.00,0,0,0,0,0
1779990502620,-7726,10815,-10497,165,-69,9,resting,0.00,0,0,0,0,0
1779990502647,-7851,10687,-10180,167,-67,38,resting,0.00,0,0,0,0,0
1779990502647,-7987,10493,-10183,136,-71,53,resting,0.00,0,0,0,0,0
1779990502648,-7753,10179,-10166,114,-65,47,resting,0.00,0,0,0,0,0
1779990502648,-7561,10065,-9896,129,-76,39,resting,0.00,0,0,0,0,0
1779990502677,-7397,10184,-9884,128,-95,4,resting,0.00,0,0,0,0,0
1779990502678,-7079,9262,-10846,79,-77,-54,resting,0.00,0,0,0,0,0
1779990502711,-6590,8562,-10376,15,-45,-120,resting,0.00,0,0,0,0,0
1779990502711,-5772,10371,-8375,17,-71,-175,resting,0.00,0,0,0,0,0
1779990502712,-5577,11468,-8673,-47,-102,-194,resting,0.00,0,0,0,0,0
1779990502713,-7066,10855,-9853,-132,-77,-204,resting,0.00,0,0,0,0,0
1779990502744,-7944,12181,-9705,-150,-26,-237,resting,0.00,0,0,0,0,0
1779990502744,-7056,13895,-9600,-78,47,-194,resting,0.00,0,0,0,0,0
1779990502771,-7411,12948,-9730,9,105,-101,resting,0.00,0,0,0,0,0
1779990502772,-8070,11443,-9913,156,166,-41,resting,0.00,0,0,0,0,0
1779990502773,-7513,10575,-9656,292,238,-34,resting,0.00,0,0,0,0,0
1779990502773,-7371,9952,-9640,345,260,-83,resting,0.00,0,0,0,0,0
1779990502798,-7183,9607,-9572,332,247,-147,resting,0.00,0,0,0,0,0
1779990502799,-7174,9769,-9756,252,212,-197,resting,0.00,0,0,0,0,0
1779990502828,-7210,10236,-10044,211,197,-243,resting,0.00,0,0,0,0,0
1779990502829,-7123,10219,-10121,204,196,-274,resting,0.00,0,0,0,0,0
1779990502830,-7031,10099,-10410,177,190,-302,resting,0.00,0,0,0,0,0
1779990502831,-7010,10213,-10355,152,176,-325,resting,0.00,0,0,0,0,0
1779990502860,-6805,10372,-10218,97,164,-350,resting,0.00,0,0,0,0,0
1779990502863,-6859,10442,-10104,76,145,-361,resting,0.00,0,0,0,0,0
1779990502889,-6856,10468,-10242,89,118,-369,resting,0.00,0,0,0,0,0
1779990502891,-7148,10866,-10100,80,78,-387,resting,0.00,0,0,0,0,0
1779990502894,-7259,11269,-9976,16,49,-390,resting,0.00,0,0,0,0,0
1779990502895,-7539,11645,-9986,-27,33,-344,resting,0.00,0,0,0,0,0
1779990502918,-7967,11715,-9989,-17,28,-268,resting,0.00,0,0,0,0,0
1779990502919,-8130,11411,-10123,19,32,-204,resting,0.00,0,0,0,0,0
1779990502946,-8190,10914,-10160,72,38,-151,resting,0.00,0,0,0,0,0
1779990502947,-8126,10556,-10215,92,51,-115,resting,0.00,0,0,0,0,0
1779990502947,-8198,10243,-10306,81,66,-104,resting,0.00,0,0,0,0,0
1779990502948,-8174,10004,-10297,91,87,-104,resting,0.00,0,0,0,0,0
1779990502978,-8123,9880,-10413,117,104,-108,resting,0.00,0,0,0,0,0
1779990502978,-8136,10027,-10482,143,116,-115,resting,0.00,0,0,0,0,0
1779990503007,-8184,9990,-10450,147,127,-122,resting,0.00,0,0,0,0,0
1779990503010,-8276,9884,-10562,104,134,-116,resting,0.00,0,0,0,0,0
1779990503012,-8221,10071,-10743,92,136,-105,resting,0.00,0,0,0,0,0
1779990503012,-8274,9880,-10748,86,138,-104,resting,0.00,0,0,0,0,0
1779990503037,-8256,9778,-10890,51,144,-100,resting,0.00,0,0,0,0,0
1779990503037,-8078,9674,-11009,15,144,-102,resting,0.00,0,0,0,0,0
1779990503071,-7990,9766,-11032,-28,139,-89,resting,0.00,0,0,0,0,0
1779990503077,-7889,9946,-10962,-47,141,-68,resting,0.00,0,0,0,0,0
1779990503078,-7770,10085,-10907,-37,153,-56,resting,0.00,0,0,0,0,0
1779990503078,-7544,10127,-10691,0,168,-45,resting,0.00,0,0,0,0,0
1779990503097,-7510,10133,-10711,-7,166,-48,resting,0.00,0,0,0,0,0
1779990503097,-7468,10247,-10653,-6,169,-53,resting,0.00,0,0,0,0,0
1779990503129,-7397,10305,-10597,-7,179,-55,resting,0.00,0,0,0,0,0
1779990503129,-7435,10303,-10625,-9,182,-54,resting,0.00,0,0,0,0,0
1779990503130,-7482,10286,-10656,8,191,-71,resting,0.00,0,0,0,0,0
1779990503131,-7476,10333,-10607,34,202,-87,resting,0.00,0,0,0,0,0
1779990503159,-7533,10233,-10579,66,211,-98,resting,0.00,0,0,0,0,0
1779990503160,-7576,10103,-10731,97,219,-112,resting,0.00,0,0,0,0,0
1779990503190,-7692,10092,-10884,122,230,-134,resting,0.00,0,0,0,0,0
1779990503191,-7755,10006,-10953,135,245,-153,resting,0.00,0,0,0,0,0
1779990503195,-7751,9940,-10947,130,249,-162,resting,0.00,0,0,0,0,0
1779990503197,-7738,9841,-10941,105,237,-171,resting,0.00,0,0,0,0,0
1779990503222,-7808,9762,-10996,52,218,-189,resting,0.00,0,0,0,0,0
1779990503222,-7569,9627,-11004,2,192,-212,resting,0.00,0,0,0,0,0
1779990503252,-7374,9528,-11017,-57,162,-220,resting,0.00,0,0,0,0,0
1779990503252,-7296,9673,-11142,-115,129,-203,resting,0.00,0,0,0,0,0
1779990503253,-7229,9704,-11186,-146,104,-185,resting,0.00,0,0,0,0,0
1779990503253,-7113,10060,-11229,-162,86,-151,resting,0.00,0,0,0,0,0
1779990503280,-6943,10043,-11153,-138,83,-122,resting,0.00,0,0,0,0,0
1779990503281,-6686,10080,-11014,-95,81,-71,resting,0.00,0,0,0,0,0
1779990503309,-6570,9868,-10890,-36,76,-30,resting,0.00,0,0,0,0,0
1779990503309,-6467,9525,-10777,2,69,-8,resting,0.00,0,0,0,0,0
1779990503310,-6394,9520,-10748,27,63,28,resting,0.00,0,0,0,0,0
1779990503310,-6479,9339,-10755,79,71,39,resting,0.00,0,0,0,0,0
1779990503337,-6589,9166,-10674,123,83,53,resting,0.00,0,0,0,0,0
1779990503337,-6810,9167,-10637,126,85,48,resting,0.00,0,0,0,0,0
1779990503370,-6909,9284,-10749,119,91,19,resting,0.00,0,0,0,0,0
1779990503371,-7205,9329,-10786,130,107,1,resting,0.00,0,0,0,0,0
1779990503372,-7435,9236,-10761,138,123,-17,resting,0.00,0,0,0,0,0
1779990503372,-7434,9344,-10945,120,129,-34,resting,0.00,0,0,0,0,0
1779990503402,-7553,9255,-11070,94,134,-39,resting,0.00,0,0,0,0,0
1779990503403,-7663,9228,-11147,41,134,-35,resting,0.00,0,0,0,0,0
1779990503427,-7596,9415,-11152,-15,120,-30,resting,0.00,0,0,0,0,0
1779990503428,-7548,9544,-11235,-65,101,-27,resting,0.00,0,0,0,0,0
1779990503429,-7518,9767,-11251,-98,80,-17,resting,0.00,0,0,0,0,0
1779990503430,-7413,10027,-11212,-116,61,-18,resting,0.00,0,0,0,0,0
1779990503460,-7272,10148,-11259,-114,41,-18,resting,0.00,0,0,0,0,0
1779990503460,-7053,10232,-11209,-97,19,-8,resting,0.00,0,0,0,0,0
1779990503487,-6886,10388,-11124,-69,5,0,resting,0.00,0,0,0,0,0
1779990503487,-6736,10300,-11114,-25,-3,15,resting,0.00,0,0,0,0,0
1779990503488,-6693,9980,-11131,19,-10,39,resting,0.00,0,0,0,0,0
1779990503488,-6651,9740,-11029,49,-16,59,resting,0.00,0,0,0,0,0
1779990503522,-6656,9574,-11123,55,-23,67,resting,0.00,0,0,0,0,0
1779990503526,-6669,9344,-11124,63,-29,67,resting,0.00,0,0,0,0,0
1779990503547,-6781,9244,-10986,51,-36,58,resting,0.00,0,0,0,0,0
1779990503551,-7058,9398,-10953,22,-44,45,resting,0.00,0,0,0,0,0
1779990503552,-7185,9642,-11003,3,-40,19,resting,0.00,0,0,0,0,0
1779990503552,-7350,9925,-11035,14,-21,-6,resting,0.00,0,0,0,0,0
1779990503576,-7524,10096,-11077,50,4,-22,resting,0.00,0,0,0,0,0
1779990503577,-7736,10077,-10965,95,30,-29,resting,0.00,0,0,0,0,0
1779990503606,-7843,9951,-10877,131,56,-26,resting,0.00,0,0,0,0,0
1779990503613,-7903,9744,-10843,139,71,-15,resting,0.00,0,0,0,0,0
1779990503614,-7948,9545,-10785,121,78,-12,resting,0.00,0,0,0,0,0
1779990503615,-7623,9219,-10802,80,79,-9,resting,0.00,0,0,0,0,0
1779990503657,-8057,9652,-10656,0,73,-15,resting,0.00,0,0,0,0,0
1779990503658,-8075,9239,-10825,-42,79,-11,resting,0.00,0,0,0,0,0
1779990503666,-7517,9417,-10850,-71,56,-6,resting,0.00,0,0,0,0,0
1779990503667,-7339,9429,-10910,-131,33,-12,resting,0.00,0,0,0,0,0
1779990503667,-7287,9442,-11145,-220,16,5,resting,0.00,0,0,0,0,0
1779990503667,-7219,9618,-11390,-269,-5,9,resting,0.00,0,0,0,0,0
1779990503699,-7018,9869,-11368,-271,-11,13,resting,0.00,0,0,0,0,0
1779990503700,-6736,10015,-11268,-276,-16,32,resting,0.00,0,0,0,0,0
1779990503730,-6500,10124,-11223,-258,-23,50,resting,0.00,0,0,0,0,0
1779990503734,-6307,10126,-11156,-217,-30,61,resting,0.00,0,0,0,0,0
1779990503735,-6244,10180,-11093,-168,-39,74,resting,0.00,0,0,0,0,0
1779990503758,-6244,10205,-10980,-122,-49,82,resting,0.00,0,0,0,0,0
1779990503761,-6328,10060,-10951,-86,-59,82,resting,0.00,0,0,0,0,0
1779990503761,-6581,10040,-10960,-58,-63,80,resting,0.00,0,0,0,0,0
1779990503762,-6726,10073,-10853,-34,-63,69,resting,0.00,0,0,0,0,0
1779990503787,-6919,10020,-10870,-23,-64,50,resting,0.00,0,0,0,0,0
1779990503788,-7093,9998,-10892,-27,-64,41,resting,0.00,0,0,0,0,0
1779990503818,-7282,9956,-10915,-32,-62,34,resting,0.00,0,0,0,0,0
1779990503819,-7486,9829,-10868,-34,-56,24,resting,0.00,0,0,0,0,0
1779990503820,-7598,9720,-10817,-49,-52,25,resting,0.00,0,0,0,0,0
1779990503821,-7630,9688,-10819,-66,-50,34,resting,0.00,0,0,0,0,0
1779990503847,-7675,9671,-10824,-74,-47,40,resting,0.00,0,0,0,0,0
1779990503848,-7631,9705,-10886,-77,-44,45,resting,0.00,0,0,0,0,0
1779990503879,-7594,9810,-10843,-71,-46,49,resting,0.00,0,0,0,0,0
1779990503879,-7584,9863,-10897,-68,-47,48,resting,0.00,0,0,0,0,0
1779990503880,-7627,9927,-11017,-62,-49,44,resting,0.00,0,0,0,0,0
1779990503880,-7673,9931,-11057,-45,-44,45,resting,0.00,0,0,0,0,0
1779990503909,-7742,9864,-11123,-35,-44,48,resting,0.00,0,0,0,0,0
1779990503911,-7726,9932,-11179,-26,-41,48,resting,0.00,0,0,0,0,0
1779990503937,-7749,10002,-11140,-21,-37,50,resting,0.00,0,0,0,0,0
1779990503938,-7671,10019,-11174,-19,-31,55,resting,0.00,0,0,0,0,0
1779990503938,-7566,10082,-11137,-8,-33,54,resting,0.00,0,0,0,0,0
1779990503939,-7426,10113,-11134,0,-35,49,resting,0.00,0,0,0,0,0
1779990503968,-7373,10083,-11121,8,-39,45,resting,0.00,0,0,0,0,0
1779990503969,-7223,10051,-11046,17,-41,41,resting,0.00,0,0,0,0,0
1779990503998,-7093,10131,-10950,26,-54,39,resting,0.00,0,0,0,0,0
1779990504001,-7085,10136,-10915,36,-57,44,resting,0.00,0,0,0,0,0
1779990504002,-7114,10144,-10847,52,-62,48,resting,0.00,0,0,0,0,0
1779990504003,-7074,10096,-10819,71,-67,44,resting,0.00,0,0,0,0,0
1779990504027,-7015,10073,-10818,77,-71,38,resting,0.00,0,0,0,0,0
1779990504028,-7037,10072,-10820,76,-80,32,resting,0.00,0,0,0,0,0
1779990504060,-7031,10125,-10844,67,-87,17,resting,0.00,0,0,0,0,0
1779990504061,-7098,10164,-10879,61,-91,6,resting,0.00,0,0,0,0,0
1779990504062,-7214,10246,-10905,62,-93,5,resting,0.00,0,0,0,0,0
1779990504062,-7274,10295,-10826,64,-94,2,resting,0.00,0,0,0,0,0
1779990504087,-7386,10276,-10808,67,-93,5,resting,0.00,0,0,0,0,0
1779990504088,-7413,10156,-10767,77,-91,16,resting,0.00,0,0,0,0,0
1779990504118,-7370,10074,-10700,89,-95,25,resting,0.00,0,0,0,0,0
1779990504118,-7257,9945,-10653,92,-98,23,resting,0.00,0,0,0,0,0
1779990504119,-7225,9899,-10659,87,-103,18,resting,0.00,0,0,0,0,0
1779990504119,-7234,9864,-10644,72,-112,15,resting,0.00,0,0,0,0,0
1779990504150,-7254,9920,-10636,47,-118,13,resting,0.00,0,0,0,0,0
1779990504150,-7254,9961,-10659,32,-123,15,resting,0.00,0,0,0,0,0
1779990504178,-7258,10009,-10631,28,-122,18,resting,0.00,0,0,0,0,0
1779990504179,-7252,9977,-10624,38,-116,18,resting,0.00,0,0,0,0,0
1779990504180,-7244,9910,-10606,52,-109,12,resting,0.00,0,0,0,0,0
1779990504180,-7372,9666,-10592,63,-93,-23,resting,0.00,0,0,0,0,0
1779990504212,-7372,9666,-10592,63,-93,-23,resting,0.00,0,0,0,0,0
1779990504213,-7559,9606,-10602,47,-78,-70,resting,0.00,0,0,0,0,0
1779990504237,-7659,9678,-10604,37,-69,-92,resting,0.00,0,0,0,0,0
1779990504239,-7755,9828,-10651,30,-53,-108,resting,0.00,0,0,0,0,0
1779990504239,-7760,9958,-10739,32,-42,-121,resting,0.00,0,0,0,0,0
1779990504240,-7893,10123,-10647,56,-30,-127,resting,0.00,0,0,0,0,0
1779990504269,-7963,9985,-10427,55,-10,-124,resting,0.00,0,0,0,0,0
1779990504270,-7940,9858,-10427,15,-5,-113,resting,0.00,0,0,0,0,0
1779990504300,-7852,9956,-10487,-15,-8,-103,resting,0.00,0,0,0,0,0
1779990504302,-7698,10070,-10409,-35,-4,-97,resting,0.00,0,0,0,0,0
1779990504302,-7577,10074,-10407,-46,-1,-90,resting,0.00,0,0,0,0,0
1779990504327,-7512,10024,-10467,-41,-4,-90,resting,0.00,0,0,0,0,0
1779990504328,-7518,9900,-10419,-30,-7,-97,resting,0.00,0,0,0,0,0
1779990504328,-7457,9724,-10462,-29,-9,-110,resting,0.00,0,0,0,0,0
1779990504329,-7440,9525,-10543,-45,-9,-126,resting,0.00,0,0,0,0,0
1779990504359,-7316,9445,-10403,-69,-14,-144,resting,0.00,0,0,0,0,0
1779990504360,-7243,9539,-10328,-88,-24,-158,resting,0.00,0,0,0,0,0
1779990504392,-7452,9612,-10457,-106,-36,-175,resting,0.00,0,0,0,0,0
1779990504393,-7816,9580,-10535,-126,-36,-195,resting,0.00,0,0,0,0,0
1779990504394,-8052,9833,-10557,-145,-27,-201,resting,0.00,0,0,0,0,0
1779990504395,-8255,10151,-10582,-154,-21,-178,resting,0.00,0,0,0,0,0
1779990504418,-8317,10300,-10570,-149,-11,-137,resting,0.00,0,0,0,0,0
1779990504419,-8257,10237,-10515,-125,0,-91,resting,0.00,0,0,0,0,0
1779990504450,-8148,10158,-10530,-98,6,-55,resting,0.00,0,0,0,0,0
1779990504451,-8121,10149,-10694,-77,11,-44,resting,0.00,0,0,0,0,0
1779990504451,-8144,10044,-10750,-66,16,-55,resting,0.00,0,0,0,0,0
1779990504452,-8081,10004,-10818,-71,21,-68,resting,0.00,0,0,0,0,0
1779990504479,-7985,10065,-10847,-73,21,-68,resting,0.00,0,0,0,0,0
1779990504484,-7893,10181,-10896,-57,17,-62,resting,0.00,0,0,0,0,0
1779990504508,-7890,10165,-10915,-33,13,-60,resting,0.00,0,0,0,0,0
1779990504509,-7932,10176,-10929,-9,11,-58,resting,0.00,0,0,0,0,0
1779990504509,-7946,10176,-10928,16,5,-54,resting,0.00,0,0,0,0,0
1779990504510,-7870,10034,-10891,37,-2,-48,resting,0.00,0,0,0,0,0
1779990504541,-7878,9913,-10838,40,-11,-41,resting,0.00,0,0,0,0,0
1779990504545,-7946,9952,-10813,36,-22,-34,resting,0.00,0,0,0,0,0
1779990504567,-7959,9932,-10791,36,-30,-35,resting,0.00,0,0,0,0,0
1779990504568,-8004,9845,-10793,43,-33,-34,resting,0.00,0,0,0,0,0
1779990504568,-7976,9785,-10758,53,-32,-30,resting,0.00,0,0,0,0,0
1779990504568,-7982,9706,-10763,62,-31,-23,resting,0.00,0,0,0,0,0
1779990504596,-8036,9695,-10737,75,-26,-19,resting,0.00,0,0,0,0,0
1779990504600,-8096,9674,-10700,89,-20,-13,resting,0.00,0,0,0,0,0
1779990504628,-8128,9609,-10669,100,-15,-12,resting,0.00,0,0,0,0,0
1779990504629,-8164,9496,-10646,107,-9,-14,resting,0.00,0,0,0,0,0
1779990504630,-8167,9459,-10621,105,-5,-19,resting,0.00,0,0,0,0,0
1779990504630,-8084,9434,-10555,96,-2,-27,resting,0.00,0,0,0,0,0
1779990504658,-8052,9421,-10573,79,1,-30,resting,0.00,0,0,0,0,0
1779990504658,-8006,9417,-10518,55,3,-30,resting,0.00,0,0,0,0,0
1779990504696,-7989,9537,-10495,35,5,-31,resting,0.00,0,0,0,0,0
1779990504697,-8042,9697,-10505,27,8,-32,resting,0.00,0,0,0,0,0
1779990504701,-8092,9743,-10480,33,9,-31,resting,0.00,0,0,0,0,0
1779990504705,-8167,9765,-10434,48,11,-28,resting,0.00,0,0,0,0,0
1779990504717,-8197,9720,-10403,62,16,-25,resting,0.00,0,0,0,0,0
1779990504718,-8127,9615,-10406,67,21,-16,resting,0.00,0,0,0,0,0
1779990504750,-8042,9515,-10358,61,24,-6,resting,0.00,0,0,0,0,0
1779990504750,-7989,9482,-10413,44,21,-1,resting,0.00,0,0,0,0,0
1779990504751,-7998,9521,-10482,20,12,-1,resting,0.00,0,0,0,0,0
1779990504752,-8072,9588,-10501,2,2,-3,resting,0.00,0,0,0,0,0
1779990504777,-8123,9690,-10570,-12,-4,-5,resting,0.00,0,0,0,0,0
1779990504779,-8183,9729,-10701,-19,-7,-10,resting,0.00,0,0,0,0,0
1779990504811,-8196,9730,-10723,-14,-9,-9,resting,0.00,0,0,0,0,0
1779990504818,-8138,9691,-10659,-3,-6,0,resting,0.00,0,0,0,0,0
1779990504819,-8098,9615,-10679,7,0,9,resting,0.00,0,0,0,0,0
1779990504820,-8071,9574,-10673,16,4,14,resting,0.00,0,0,0,0,0
1779990504836,-8067,9525,-10666,24,9,13,resting,0.00,0,0,0,0,0
1779990504836,-8070,9553,-10680,25,11,7,resting,0.00,0,0,0,0,0
1779990504871,-8129,9546,-10673,23,13,2,resting,0.00,0,0,0,0,0
1779990504875,-8183,9533,-10694,17,13,1,resting,0.00,0,0,0,0,0
1779990504876,-8165,9543,-10713,11,14,1,resting,0.00,0,0,0,0,0
1779990504877,-8125,9553,-10703,8,15,0,resting,0.00,0,0,0,0,0
1779990504899,-7999,9545,-10629,11,19,4,resting,0.00,0,0,0,0,0
1779990504900,-7926,9511,-10594,15,20,11,resting,0.00,0,0,0,0,0
1779990504927,-7855,9499,-10567,18,20,15,resting,0.00,0,0,0,0,0
1779990504927,-7813,9476,-10510,19,19,15,resting,0.00,0,0,0,0,0
1779990504927,-7822,9443,-10553,7,21,12,resting,0.00,0,0,0,0,0
1779990504927,-7875,9490,-10548,-11,22,9,resting,0.00,0,0,0,0,0
1779990504958,-7873,9640,-10555,-28,21,11,resting,0.00,0,0,0,0,0
1779990504958,-7886,9718,-10521,-36,19,15,resting,0.00,0,0,0,0,0
1779990504986,-7886,9741,-10593,-36,18,19,resting,0.00,0,0,0,0,0
1779990504987,-7864,9717,-10663,-32,20,19,resting,0.00,0,0,0,0,0
1779990504987,-7840,9620,-10690,-27,20,18,resting,0.00,0,0,0,0,0
1779990504988,-7876,9603,-10696,-29,18,19,resting,0.00,0,0,0,0,0
1779990505017,-7868,9600,-10713,-35,14,20,resting,0.00,0,0,0,0,0
1779990505018,-7881,9597,-10733,-40,10,18,resting,0.00,0,0,0,0,0
1779990505052,-7928,9570,-10801,-41,8,19,resting,0.00,0,0,0,0,0
1779990505053,-7962,9611,-10840,-42,7,20,resting,0.00,0,0,0,0,0
1779990505054,-7970,9637,-10886,-44,8,21,resting,0.00,0,0,0,0,0
1779990505054,-7971,9657,-10858,-35,9,21,resting,0.00,0,0,0,0,0
1779990505078,-7947,9630,-10859,-21,8,23,resting,0.00,0,0,0,0,0
1779990505078,-7912,9603,-10838,-10,5,20,resting,0.00,0,0,0,0,0
1779990505108,-7871,9559,-10833,-6,2,16,resting,0.00,0,0,0,0,0
1779990505108,-7877,9567,-10848,-2,0,12,resting,0.00,0,0,0,0,0
1779990505109,-7828,9613,-10808,-1,1,8,resting,0.00,0,0,0,0,0
1779990505110,-7798,9676,-10782,-5,0,5,resting,0.00,0,0,0,0,0
1779990505137,-7743,9759,-10689,-3,0,4,resting,0.00,0,0,0,0,0
1779990505138,-7697,9866,-10669,5,3,5,resting,0.00,0,0,0,0,0
1779990505168,-7742,9872,-10600,14,5,1,resting,0.00,0,0,0,0,0
1779990505169,-7810,9848,-10548,25,7,-1,resting,0.00,0,0,0,0,0
1779990505170,-7845,9754,-10541,33,9,1,resting,0.00,0,0,0,0,0
1779990505170,-7897,9696,-10495,31,9,3,resting,0.00,0,0,0,0,0
1779990505200,-7958,9695,-10479,24,9,3,resting,0.00,0,0,0,0,0
1779990505200,-8005,9670,-10539,11,9,1,resting,0.00,0,0,0,0,0
1779990505227,-8019,9633,-10498,-4,7,-2,resting,0.00,0,0,0,0,0
1779990505227,-8033,9694,-10428,-12,6,-1,resting,0.00,0,0,0,0,0
1779990505228,-8044,9707,-10428,-18,4,2,resting,0.00,0,0,0,0,0
1779990505228,-8100,9689,-10478,-22,3,6,resting,0.00,0,0,0,0,0
1779990505263,-8142,9633,-10513,-26,4,8,resting,0.00,0,0,0,0,0
1779990505263,-8136,9583,-10543,-31,5,11,resting,0.00,0,0,0,0,0
1779990505291,-8092,9611,-10509,-35,7,13,resting,0.00,0,0,0,0,0
1779990505291,-8051,9585,-10550,-44,8,20,resting,0.00,0,0,0,0,0
1779990505292,-8006,9552,-10591,-50,9,26,resting,0.00,0,0,0,0,0
1779990505293,-8002,9577,-10634,-52,10,26,resting,0.00,0,0,0,0,0
1779990505319,-7994,9580,-10666,-55,11,25,resting,0.00,0,0,0,0,0
1779990505320,-7970,9619,-10698,-57,10,24,resting,0.00,0,0,0,0,0
1779990505349,-8076,9739,-10838,-52,10,13,resting,0.00,0,0,0,0,0
1779990505349,-8076,9739,-10838,-52,10,13,resting,0.00,0,0,0,0,0
1779990505350,-8049,9763,-10888,-37,17,9,resting,0.00,0,0,0,0,0
1779990505350,-8068,9738,-10904,-30,22,10,resting,0.00,0,0,0,0,0
1779990505376,-8018,9727,-10848,-23,26,13,resting,0.00,0,0,0,0,0
1779990505377,-7968,9727,-10783,-17,27,14,resting,0.00,0,0,0,0,0
1779990505409,-7905,9791,-10738,-11,26,10,resting,0.00,0,0,0,0,0
1779990505414,-7943,9808,-10710,-3,27,5,resting,0.00,0,0,0,0,0
1779990505415,-7980,9821,-10650,3,26,-2,resting,0.00,0,0,0,0,0
1779990505415,-7997,9831,-10641,4,25,-7,resting,0.00,0,0,0,0,0
1779990505436,-7956,9863,-10631,8,25,-6,resting,0.00,0,0,0,0,0
1779990505438,-7951,9812,-10599,12,22,3,resting,0.00,0,0,0,0,0
1779990505469,-7951,9806,-10576,11,18,10,resting,0.00,0,0,0,0,0
1779990505469,-7971,9798,-10556,6,15,12,resting,0.00,0,0,0,0,0
1779990505470,-8016,9741,-10554,4,12,10,resting,0.00,0,0,0,0,0
1779990505470,-8007,9658,-10583,4,11,9,resting,0.00,0,0,0,0,0
1779990505499,-7980,9559,-10594,-2,12,9,resting,0.00,0,0,0,0,0
1779990505499,-7980,9562,-10562,-7,14,14,resting,0.00,0,0,0,0,0
1779990505528,-7919,9589,-10536,-13,15,20,resting,0.00,0,0,0,0,0
1779990505529,-7839,9608,-10543,-18,16,23,resting,0.00,0,0,0,0,0
1779990505530,-7825,9634,-10567,-21,16,25,resting,0.00,0,0,0,0,0
1779990505533,-7821,9625,-10558,-24,18,24,resting,0.00,0,0,0,0,0
1779990505560,-7804,9562,-10522,-24,19,23,resting,0.00,0,0,0,0,0
1779990505560,-7738,9603,-10524,-31,17,19,resting,0.00,0,0,0,0,0
1779990505593,-7688,9655,-10558,-40,17,17,resting,0.00,0,0,0,0,0
1779990505594,-7642,9723,-10581,-49,18,18,resting,0.00,0,0,0,0,0
1779990505594,-7712,9749,-10583,-52,20,21,resting,0.00,0,0,0,0,0
1779990505595,-7742,9828,-10628,-48,23,26,resting,0.00,0,0,0,0,0
1779990505617,-7792,9808,-10587,-47,21,31,resting,0.00,0,0,0,0,0
1779990505618,-7917,9872,-10615,-48,22,35,resting,0.00,0,0,0,0,0
1779990505650,-7920,9904,-10628,-45,24,40,resting,0.00,0,0,0,0,0
1779990505651,-7898,9858,-10625,-37,26,44,resting,0.00,0,0,0,0,0
1779990505652,-7881,9821,-10621,-33,27,44,resting,0.00,0,0,0,0,0
1779990505653,-7904,9788,-10596,-31,25,41,resting,0.00,0,0,0,0,0
1779990505678,-7939,9833,-10609,-38,20,37,resting,0.00,0,0,0,0,0
1779990505683,-7987,9852,-10631,-45,18,33,resting,0.00,0,0,0,0,0
1779990505706,-8013,9889,-10673,-49,13,30,resting,0.00,0,0,0,0,0
1779990505707,-8001,9887,-10667,-52,8,27,resting,0.00,0,0,0,0,0
1779990505708,-7963,9924,-10673,-50,3,28,resting,0.00,0,0,0,0,0
1779990505708,-7885,9862,-10696,-48,-2,32,resting,0.00,0,0,0,0,0
1779990505737,-7835,9920,-10755,-44,-6,34,resting,0.00,0,0,0,0,0
1779990505740,-7777,9960,-10735,-34,-13,36,resting,0.00,0,0,0,0,0
1779990505768,-7696,9989,-10753,-18,-14,36,resting,0.00,0,0,0,0,0
1779990505768,-7708,10013,-10741,-2,-13,30,resting,0.00,0,0,0,0,0
1779990505769,-7667,10030,-10728,13,-13,23,resting,0.00,0,0,0,0,0
1779990505770,-7657,10032,-10707,23,-11,12,resting,0.00,0,0,0,0,0
1779990505799,-7657,10024,-10681,31,-8,4,resting,0.00,0,0,0,0,0
1779990505800,-7671,9986,-10649,40,-5,0,resting,0.00,0,0,0,0,0
1779990505828,-7725,9983,-10582,46,-1,-3,resting,0.00,0,0,0,0,0
1779990505829,-7819,9892,-10601,45,-1,-5,resting,0.00,0,0,0,0,0
1779990505832,-7902,9876,-10582,42,2,-10,resting,0.00,0,0,0,0,0
1779990505832,-7967,9818,-10533,39,7,-13,resting,0.00,0,0,0,0,0
1779990505861,-8012,9824,-10469,36,10,-11,resting,0.00,0,0,0,0,0
1779990505861,-8093,9861,-10450,28,15,-7,resting,0.00,0,0,0,0,0
1779990505888,-8084,9782,-10412,24,20,-3,resting,0.00,0,0,0,0,0
1779990505889,-8030,9698,-10412,24,26,2,resting,0.00,0,0,0,0,0
1779990505890,-8027,9722,-10395,20,31,5,resting,0.00,0,0,0,0,0
1779990505890,-7960,9684,-10306,12,33,5,resting,0.00,0,0,0,0,0
1779990505917,-7903,9680,-10337,-2,32,5,resting,0.00,0,0,0,0,0
1779990505918,-7864,9718,-10366,-16,30,5,resting,0.00,0,0,0,0,0
1779990505948,-7754,9759,-10373,-36,28,2,resting,0.00,0,0,0,0,0
1779990505949,-7700,9829,-10407,-55,25,2,resting,0.00,0,0,0,0,0
1779990505949,-7609,9908,-10452,-66,22,4,resting,0.00,0,0,0,0,0
1779990505949,-7537,9970,-10454,-62,22,8,resting,0.00,0,0,0,0,0
1779990505981,-7524,10022,-10481,-55,21,9,resting,0.00,0,0,0,0,0
1779990505982,-7492,10021,-10535,-48,20,8,resting,0.00,0,0,0,0,0
1779990506008,-7550,10012,-10597,-41,20,4,resting,0.00,0,0,0,0,0
1779990506008,-7621,9961,-10666,-43,17,3,resting,0.00,0,0,0,0,0
1779990506009,-7698,9935,-10701,-50,15,0,resting,0.00,0,0,0,0,0
1779990506010,-7741,9951,-10729,-52,17,-1,resting,0.00,0,0,0,0,0
1779990506040,-7770,9931,-10708,-45,19,3,resting,0.00,0,0,0,0,0
1779990506041,-7750,9867,-10695,-39,17,8,resting,0.00,0,0,0,0,0
1779990506073,-7755,9789,-10673,-32,13,11,resting,0.00,0,0,0,0,0
1779990506073,-7845,9806,-10697,-32,11,10,resting,0.00,0,0,0,0,0
1779990506074,-7845,9829,-10795,-30,7,4,resting,0.00,0,0,0,0,0
1779990506075,-7910,9868,-10741,-27,4,-1,resting,0.00,0,0,0,0,0
1779990506098,-7924,9885,-10733,-21,6,-4,resting,0.00,0,0,0,0,0
1779990506099,-7861,9896,-10688,-9,7,-3,resting,0.00,0,0,0,0,0
1779990506131,-7855,9835,-10673,-4,8,-1,resting,0.00,0,0,0,0,0
1779990506131,-7822,9846,-10708,0,7,2,resting,0.00,0,0,0,0,0
1779990506132,-7760,9844,-10690,-1,6,4,resting,0.00,0,0,0,0,0
1779990506133,-7788,9925,-10655,-4,2,1,resting,0.00,0,0,0,0,0
1779990506158,-7832,9955,-10620,1,0,4,resting,0.00,0,0,0,0,0
1779990506159,-7853,9961,-10652,4,-1,6,resting,0.00,0,0,0,0,0
1779990506186,-7891,9955,-10645,6,-2,4,resting,0.00,0,0,0,0,0
1779990506192,-7887,9896,-10579,12,-1,7,resting,0.00,0,0,0,0,0
1779990506193,-7833,9864,-10508,17,1,11,resting,0.00,0,0,0,0,0
1779990506193,-7837,9815,-10505,14,3,12,resting,0.00,0,0,0,0,0
1779990506217,-7827,9791,-10497,13,5,15,resting,0.00,0,0,0,0,0
1779990506218,-7805,9773,-10486,11,6,16,resting,0.00,0,0,0,0,0
1779990506249,-7862,9820,-10459,5,7,13,resting,0.00,0,0,0,0,0
1779990506250,-7849,9841,-10460,-1,6,10,resting,0.00,0,0,0,0,0
1779990506251,-7809,9849,-10507,-6,7,7,resting,0.00,0,0,0,0,0
1779990506251,-7774,9938,-10518,-9,6,6,resting,0.00,0,0,0,0,0
1779990506281,-7768,9978,-10469,-10,7,8,resting,0.00,0,0,0,0,0
1779990506282,-7805,9990,-10515,-9,8,10,resting,0.00,0,0,0,0,0
1779990506306,-7790,9987,-10512,-6,12,14,resting,0.00,0,0,0,0,0
1779990506306,-7727,9956,-10426,-3,16,19,resting,0.00,0,0,0,0,0
1779990506307,-7783,9905,-10384,-2,16,23,resting,0.00,0,0,0,0,0
1779990506340,-7857,9888,-10444,-5,18,20,resting,0.00,0,0,0,0,0
1779990506341,-7861,9863,-10440,-8,22,13,resting,0.00,0,0,0,0,0
1779990506341,-7796,9848,-10416,-11,24,11,resting,0.00,0,0,0,0,0
1779990506342,-7784,9855,-10417,-19,24,10,resting,0.00,0,0,0,0,0
1779990506367,-7761,9897,-10475,-28,24,8,resting,0.00,0,0,0,0,0
1779990506367,-7711,9913,-10440,-34,23,10,resting,0.00,0,0,0,0,0
1779990506398,-7675,9954,-10475,-39,20,10,resting,0.00,0,0,0,0,0
1779990506399,-7674,10019,-10542,-48,21,9,resting,0.00,0,0,0,0,0
1779990506400,-7662,10060,-10585,-51,20,8,resting,0.00,0,0,0,0,0
1779990506401,-7636,10127,-10566,-43,21,9,resting,0.00,0,0,0,0,0
1779990506431,-7670,10116,-10519,-35,21,12,resting,0.00,0,0,0,0,0
1779990506434,-7695,10051,-10543,-31,19,14,resting,0.00,0,0,0,0,0
1779990506460,-7678,10004,-10537,-28,20,12,resting,0.00,0,0,0,0,0
1779990506461,-7657,9955,-10563,-27,18,9,resting,0.00,0,0,0,0,0
1779990506462,-7710,9918,-10596,-34,13,7,resting,0.00,0,0,0,0,0
1779990506465,-7760,10024,-10655,-41,5,1,resting,0.00,0,0,0,0,0
1779990506491,-7760,10024,-10655,-41,5,1,resting,0.00,0,0,0,0,0
1779990506493,-7739,10080,-10710,-33,0,1,resting,0.00,0,0,0,0,0
1779990506518,-7781,10040,-10693,-20,-1,2,resting,0.00,0,0,0,0,0
1779990506518,-7734,9999,-10643,-10,-1,3,resting,0.00,0,0,0,0,0
1779990506519,-7761,9953,-10608,-5,-2,2,resting,0.00,0,0,0,0,0
1779990506520,-7778,9957,-10587,0,-2,-2,resting,0.00,0,0,0,0,0
1779990506548,-7818,9986,-10617,4,-1,-6,resting,0.00,0,0,0,0,0
1779990506548,-7871,9927,-10664,2,1,-9,resting,0.00,0,0,0,0,0
1779990506584,-7869,9950,-10652,0,0,-12,resting,0.00,0,0,0,0,0
1779990506584,-7835,10019,-10582,5,-1,-11,resting,0.00,0,0,0,0,0
1779990506585,-7830,10021,-10535,11,1,-10,resting,0.00,0,0,0,0,0
1779990506586,-7817,10056,-10519,17,1,-12,resting,0.00,0,0,0,0,0
1779990506609,-7806,10029,-10552,25,-1,-12,resting,0.00,0,0,0,0,0
1779990506610,-7816,9996,-10505,26,-1,-11,resting,0.00,0,0,0,0,0
1779990506639,-7815,10003,-10512,27,-1,-12,resting,0.00,0,0,0,0,0
1779990506641,-7824,10009,-10487,30,0,-9,resting,0.00,0,0,0,0,0
1779990506642,-7802,9931,-10431,35,1,-7,resting,0.00,0,0,0,0,0
1779990506643,-7821,9925,-10455,36,2,-8,resting,0.00,0,0,0,0,0
1779990506675,-7824,9928,-10469,34,3,-9,resting,0.00,0,0,0,0,0
1779990506675,-7840,9879,-10498,30,3,-10,resting,0.00,0,0,0,0,0
1779990506697,-7837,9892,-10474,19,3,-11,resting,0.00,0,0,0,0,0
1779990506697,-7838,9957,-10542,11,3,-12,resting,0.00,0,0,0,0,0
1779990506697,-7824,9947,-10521,11,5,-14,resting,0.00,0,0,0,0,0
1779990506697,-7816,9975,-10473,17,7,-11,resting,0.00,0,0,0,0,0
1779990506727,-7796,9949,-10476,17,9,-9,resting,0.00,0,0,0,0,0
1779990506727,-7749,9900,-10464,14,8,-7,resting,0.00,0,0,0,0,0
1779990506758,-7778,9884,-10483,8,6,-8,resting,0.00,0,0,0,0,0
1779990506759,-7812,9919,-10502,1,6,-9,resting,0.00,0,0,0,0,0
1779990506760,-7802,9948,-10561,-3,4,-8,resting,0.00,0,0,0,0,0
1779990506761,-7794,9972,-10582,-1,4,-7,resting,0.00,0,0,0,0,0
1779990506789,-7763,9931,-10550,2,2,-5,resting,0.00,0,0,0,0,0
1779990506789,-7755,9880,-10545,6,1,-3,resting,0.00,0,0,0,0,0
1779990506818,-7759,9858,-10575,3,1,-1,resting,0.00,0,0,0,0,0
1779990506819,-7758,9805,-10594,1,1,-1,resting,0.00,0,0,0,0,0
1779990506821,-7771,9795,-10577,-1,3,1,resting,0.00,0,0,0,0,0
1779990506822,-7753,9869,-10542,-2,3,2,resting,0.00,0,0,0,0,0
1779990506851,-7757,9912,-10569,-1,4,-4,resting,0.00,0,0,0,0,0
1779990506851,-7791,9945,-10588,1,5,-7,resting,0.00,0,0,0,0,0
1779990506880,-7817,9934,-10631,4,3,-8,resting,0.00,0,0,0,0,0
1779990506881,-7783,9892,-10611,4,3,-9,resting,0.00,0,0,0,0,0
1779990506881,-7761,9924,-10580,2,4,-7,resting,0.00,0,0,0,0,0
1779990506882,-7747,9914,-10560,4,2,-5,resting,0.00,0,0,0,0,0
1779990506907,-7716,9887,-10579,9,3,-2,resting,0.00,0,0,0,0,0
1779990506908,-7740,9908,-10563,13,2,0,resting,0.00,0,0,0,0,0
1779990506939,-7762,9871,-10584,15,-1,-3,resting,0.00,0,0,0,0,0
1779990506940,-7789,9867,-10560,18,1,-5,resting,0.00,0,0,0,0,0
1779990506941,-7837,9822,-10542,19,1,-3,resting,0.00,0,0,0,0,0
1779990506942,-7835,9814,-10573,15,0,-1,resting,0.00,0,0,0,0,0
1779990506967,-7817,9770,-10566,16,3,0,resting,0.00,0,0,0,0,0
1779990506968,-7762,9732,-10571,14,1,3,resting,0.00,0,0,0,0,0
1779990506998,-7745,9809,-10589,7,0,4,resting,0.00,0,0,0,0,0
1779990506999,-7714,9857,-10532,7,1,0,resting,0.00,0,0,0,0,0
1779990507000,-7715,9902,-10523,9,1,-2,resting,0.00,0,0,0,0,0
1779990507001,-7698,9942,-10525,9,3,-1,resting,0.00,0,0,0,0,0
1779990507029,-7725,9923,-10520,8,5,-1,resting,0.00,0,0,0,0,0
1779990507030,-7781,9940,-10540,5,3,-5,resting,0.00,0,0,0,0,0
1779990507058,-7803,9962,-10550,2,4,-8,resting,0.00,0,0,0,0,0
1779990507063,-7809,9964,-10504,4,3,-10,resting,0.00,0,0,0,0,0
1779990507064,-7831,9956,-10539,7,2,-11,resting,0.00,0,0,0,0,0
1779990507064,-7801,9903,-10566,8,-2,-8,resting,0.00,0,0,0,0,0
1779990507088,-7834,9850,-10552,7,-7,-3,resting,0.00,0,0,0,0,0
1779990507089,-7824,9819,-10558,5,-9,2,resting,0.00,0,0,0,0,0
1779990507117,-7813,9786,-10519,2,-9,6,resting,0.00,0,0,0,0,0
1779990507117,-7785,9768,-10486,1,-6,10,resting,0.00,0,0,0,0,0
1779990507118,-7787,9750,-10474,3,-2,11,resting,0.00,0,0,0,0,0
1779990507119,-7806,9696,-10487,4,2,8,resting,0.00,0,0,0,0,0
1779990507148,-7793,9647,-10491,0,6,5,resting,0.00,0,0,0,0,0
1779990507149,-7772,9716,-10436,-8,11,4,resting,0.00,0,0,0,0,0
1779990507177,-7816,9774,-10428,-20,14,-2,resting,0.00,0,0,0,0,0
1779990507184,-7794,9889,-10452,-22,18,-5,resting,0.00,0,0,0,0,0
1779990507208,-7781,9956,-10489,-18,23,-5,resting,0.00,0,0,0,0,0
1779990507209,-7861,9929,-10498,-16,27,-2,resting,0.00,0,0,0,0,0
1779990507209,-7850,9965,-10464,-17,30,2,resting,0.00,0,0,0,0,0
1779990507211,-7836,9969,-10391,-19,29,8,resting,0.00,0,0,0,0,0
1779990507214,-7838,9978,-10425,-20,25,9,resting,0.00,0,0,0,0,0
1779990507240,-7834,9908,-10426,-19,22,9,resting,0.00,0,0,0,0,0
1779990507241,-7904,9865,-10416,-26,20,8,resting,0.00,0,0,0,0,0
1779990507267,-7890,9840,-10471,-34,18,9,resting,0.00,0,0,0,0,0
1779990507268,-7918,9918,-10527,-40,17,12,resting,0.00,0,0,0,0,0
1779990507268,-7922,9907,-10540,-41,18,14,resting,0.00,0,0,0,0,0
1779990507269,-7875,9949,-10568,-33,20,17,resting,0.00,0,0,0,0,0
1779990507299,-7870,9900,-10580,-25,25,16,resting,0.00,0,0,0,0,0
1779990507300,-7882,9825,-10604,-21,26,15,resting,0.00,0,0,0,0,0
1779990507329,-7881,9799,-10646,-27,24,11,resting,0.00,0,0,0,0,0
1779990507330,-7836,9853,-10664,-35,23,6,resting,0.00,0,0,0,0,0
1779990507331,-7842,9881,-10678,-38,22,4,resting,0.00,0,0,0,0,0
1779990507331,-7835,9929,-10660,-34,23,5,resting,0.00,0,0,0,0,0
1779990507358,-7798,9995,-10665,-25,25,6,resting,0.00,0,0,0,0,0
1779990507359,-7804,9969,-10615,-14,28,7,resting,0.00,0,0,0,0,0
1779990507389,-7776,9943,-10644,-7,27,7,resting,0.00,0,0,0,0,0
1779990507390,-7788,9899,-10581,-5,24,8,resting,0.00,0,0,0,0,0
1779990507390,-7778,9923,-10588,-4,23,7,resting,0.00,0,0,0,0,0
1779990507391,-7780,9949,-10570,-4,22,7,resting,0.00,0,0,0,0,0
1779990507417,-7771,9986,-10545,-6,20,3,resting,0.00,0,0,0,0,0
1779990507418,-7751,9944,-10532,-9,21,1,resting,0.00,0,0,0,0,0
1779990507446,-7749,9969,-10522,-7,20,1,resting,0.00,0,0,0,0,0
1779990507447,-7746,10000,-10529,-5,20,1,resting,0.00,0,0,0,0,0
1779990507448,-7731,9951,-10522,-5,18,3,resting,0.00,0,0,0,0,0
1779990507480,-7740,9925,-10470,-8,15,4,resting,0.00,0,0,0,0,0
1779990507481,-7729,9923,-10502,-9,15,3,resting,0.00,0,0,0,0,0
1779990507482,-7715,9908,-10518,-6,13,4,resting,0.00,0,0,0,0,0
1779990507483,-7695,9917,-10470,-7,14,5,resting,0.00,0,0,0,0,0
1779990507509,-7677,9935,-10477,-11,13,4,resting,0.00,0,0,0,0,0
1779990507513,-7657,9924,-10498,-11,12,7,resting,0.00,0,0,0,0,0
1779990507541,-7652,9937,-10489,-11,11,8,resting,0.00,0,0,0,0,0
1779990507541,-7670,9927,-10521,-14,11,6,resting,0.00,0,0,0,0,0
1779990507542,-7715,9933,-10526,-16,13,4,resting,0.00,0,0,0,0,0
1779990507542,-7707,9929,-10516,-16,15,6,resting,0.00,0,0,0,0,0
1779990507574,-7740,9978,-10536,-18,16,6,resting,0.00,0,0,0,0,0
1779990507575,-7786,9939,-10478,-18,16,7,resting,0.00,0,0,0,0,0
1779990507597,-7777,9895,-10460,-17,18,7,resting,0.00,0,0,0,0,0
1779990507598,-7751,9905,-10507,-18,18,5,resting,0.00,0,0,0,0,0
1779990507599,-7754,9955,-10524,-22,16,4,resting,0.00,0,0,0,0,0
1779990507600,-7755,10027,-10612,-28,12,4,resting,0.00,0,0,0,0,0
1779990507630,-7755,10027,-10612,-28,12,4,resting,0.00,0,0,0,0,0
1779990507657,-7792,9998,-10538,-15,12,5,resting,0.00,0,0,0,0,0
1779990507658,-7823,9981,-10540,-14,12,5,resting,0.00,0,0,0,0,0
1779990507658,-7814,9998,-10531,-14,13,4,resting,0.00,0,0,0,0,0
1779990507659,-7835,10002,-10582,-12,16,1,resting,0.00,0,0,0,0,0
1779990507660,-7851,9989,-10585,-9,19,0,resting,0.00,0,0,0,0,0
1779990507687,-7832,9976,-10532,-5,22,0,resting,0.00,0,0,0,0,0
1779990507688,-7801,10008,-10533,-4,22,-5,resting,0.00,0,0,0,0,0
1779990507717,-7772,9998,-10548,-5,21,-10,resting,0.00,0,0,0,0,0
1779990507722,-7790,10008,-10587,-9,21,-14,resting,0.00,0,0,0,0,0
1779990507722,-7781,10066,-10562,-8,18,-15,resting,0.00,0,0,0,0,0
1779990507723,-7756,10096,-10559,-4,16,-13,resting,0.00,0,0,0,0,0
1779990507749,-7709,10061,-10528,3,15,-11,resting,0.00,0,0,0,0,0
1779990507750,-7716,9988,-10539,9,15,-7,resting,0.00,0,0,0,0,0
1779990507779,-7718,9946,-10540,12,16,-5,resting,0.00,0,0,0,0,0
1779990507780,-7738,9849,-10519,8,15,-7,resting,0.00,0,0,0,0,0
1779990507781,-7733,9891,-10522,2,14,-8,resting,0.00,0,0,0,0,0
1779990507781,-7733,9940,-10523,-6,14,-8,resting,0.00,0,0,0,0,0
1779990507807,-7724,9976,-10531,-4,16,-7,resting,0.00,0,0,0,0,0
1779990507808,-7705,9969,-10543,-2,16,-7,resting,0.00,0,0,0,0,0
1779990507841,-7663,9940,-10514,-3,15,-10,resting,0.00,0,0,0,0,0
1779990507842,-7684,9924,-10506,-3,17,-10,resting,0.00,0,0,0,0,0
1779990507843,-7695,9931,-10515,-3,17,-8,resting,0.00,0,0,0,0,0
1779990507843,-7703,9948,-10504,-5,16,-8,resting,0.00,0,0,0,0,0
1779990507867,-7698,9992,-10528,-9,14,-12,resting,0.00,0,0,0,0,0
1779990507868,-7697,9999,-10539,-11,14,-10,resting,0.00,0,0,0,0,0
1779990507899,-7724,10038,-10541,-7,14,-8,resting,0.00,0,0,0,0,0
1779990507900,-7721,10017,-10517,-5,15,-7,resting,0.00,0,0,0,0,0
1779990507901,-7736,9962,-10530,-6,14,-5,resting,0.00,0,0,0,0,0
1779990507901,-7771,9943,-10506,-5,13,-4,resting,0.00,0,0,0,0,0
1779990507930,-7776,9935,-10495,-5,13,-3,resting,0.00,0,0,0,0,0
1779990507930,-7774,9901,-10548,-5,11,-4,resting,0.00,0,0,0,0,0
1779990507962,-7784,9876,-10542,-7,10,-5,resting,0.00,0,0,0,0,0
1779990507963,-7768,9909,-10556,-13,10,-8,resting,0.00,0,0,0,0,0
1779990507964,-7776,9923,-10588,-15,10,-10,resting,0.00,0,0,0,0,0
1779990507965,-7759,9953,-10616,-16,10,-9,resting,0.00,0,0,0,0,0
1779990507987,-7728,9996,-10592,-9,12,-7,resting,0.00,0,0,0,0,0
1779990507988,-7707,9987,-10557,-2,15,-4,resting,0.00,0,0,0,0,0
1779990508021,-7714,9947,-10582,2,15,-3,resting,0.00,0,0,0,0,0
1779990508021,-7755,9891,-10578,3,14,-2,resting,0.00,0,0,0,0,0
1779990508022,-7757,9924,-10579,1,14,-4,resting,0.00,0,0,0,0,0
1779990508048,-7766,9984,-10577,-1,14,-5,resting,0.00,0,0,0,0,0
1779990508049,-7781,9948,-10570,1,14,-5,resting,0.00,0,0,0,0,0
1779990508050,-7778,9957,-10579,2,15,-5,resting,0.00,0,0,0,0,0
1779990508050,-7807,9929,-10550,3,15,-4,resting,0.00,0,0,0,0,0
1779990508079,-7789,9879,-10577,2,12,-3,resting,0.00,0,0,0,0,0
1779990508080,-7762,9909,-10604,0,11,-2,resting,0.00,0,0,0,0,0
1779990508107,-7757,9906,-10561,-1,10,-1,resting,0.00,0,0,0,0,0
1779990508108,-7754,9919,-10584,-4,10,-1,resting,0.00,0,0,0,0,0
1779990508109,-7737,9962,-10570,-6,9,1,resting,0.00,0,0,0,0,0
1779990508109,-7714,9926,-10586,-3,9,3,resting,0.00,0,0,0,0,0
1779990508140,-7677,9892,-10599,0,9,3,resting,0.00,0,0,0,0,0
1779990508145,-7665,9880,-10576,0,8,3,resting,0.00,0,0,0,0,0
1779990508171,-7664,9862,-10557,-1,8,1,resting,0.00,0,0,0,0,0
1779990508172,-7681,9878,-10572,-5,7,-1,resting,0.00,0,0,0,0,0
1779990508173,-7691,9907,-10575,-8,7,2,resting,0.00,0,0,0,0,0
1779990508173,-7691,9930,-10561,-6,7,3,resting,0.00,0,0,0,0,0
1779990508199,-7700,9913,-10553,-4,7,3,resting,0.00,0,0,0,0,0
1779990508200,-7681,9871,-10543,-6,7,5,resting,0.00,0,0,0,0,0
1779990508232,-7753,9916,-10517,-5,9,5,resting,0.00,0,0,0,0,0
1779990508233,-7778,9888,-10488,-5,10,8,resting,0.00,0,0,0,0,0
1779990508233,-7778,9868,-10529,-3,11,10,resting,0.00,0,0,0,0,0
1779990508234,-7800,9803,-10555,-2,14,11,resting,0.00,0,0,0,0,0
1779990508258,-7750,9844,-10566,-3,16,12,resting,0.00,0,0,0,0,0
1779990508263,-7752,9948,-10485,-6,16,11,resting,0.00,0,0,0,0,0
1779990508287,-7640,10067,-10467,-9,15,8,resting,0.00,0,0,0,0,0
1779990508289,-7601,10168,-10449,-9,15,0,resting,0.00,0,0,0,0,0
1779990508290,-7597,10170,-10453,-5,14,-6,resting,0.00,0,0,0,0,0
1779990508290,-7655,10156,-10475,-7,10,-8,resting,0.00,0,0,0,0,0
1779990508320,-7670,10201,-10461,-11,7,-8,resting,0.00,0,0,0,0,0
1779990508321,-7654,10208,-10466,-9,3,-4,resting,0.00,0,0,0,0,0
1779990508347,-7693,10155,-10451,3,0,3,resting,0.00,0,0,0,0,0
1779990508348,-7769,10027,-10489,16,-1,7,resting,0.00,0,0,0,0,0
1779990508349,-7833,9901,-10466,18,-2,9,resting,0.00,0,0,0,0,0
1779990508349,-7917,9794,-10494,4,-3,10,resting,0.00,0,0,0,0,0
1779990508381,-7975,9748,-10532,-13,-3,11,resting,0.00,0,0,0,0,0
1779990508383,-7992,9786,-10537,-23,1,10,resting,0.00,0,0,0,0,0
1779990508412,-7937,9770,-10594,-25,5,8,resting,0.00,0,0,0,0,0
1779990508412,-7877,9734,-10584,-26,11,6,resting,0.00,0,0,0,0,0
1779990508413,-7763,9814,-10604,-28,17,1,resting,0.00,0,0,0,0,0
1779990508416,-7704,9873,-10608,-31,19,0,resting,0.00,0,0,0,0,0
1779990508437,-7688,9948,-10659,-34,18,-2,resting,0.00,0,0,0,0,0
1779990508438,-7660,10080,-10632,-32,18,-3,resting,0.00,0,0,0,0,0
1779990508470,-7681,10110,-10676,-22,18,-3,resting,0.00,0,0,0,0,0
1779990508472,-7646,10092,-10631,-9,18,-2,resting,0.00,0,0,0,0,0
1779990508473,-7710,10023,-10572,3,21,2,resting,0.00,0,0,0,0,0
1779990508474,-7678,10002,-10527,11,19,5,resting,0.00,0,0,0,0,0
1779990508499,-7696,9933,-10526,10,16,3,resting,0.00,0,0,0,0,0
1779990508499,-7678,9918,-10496,6,13,2,resting,0.00,0,0,0,0,0
1779990508531,-7706,9962,-10492,-1,10,3,resting,0.00,0,0,0,0,0
1779990508533,-7713,9998,-10503,-8,8,0,resting,0.00,0,0,0,0,0
1779990508533,-7710,10039,-10497,-10,5,-2,resting,0.00,0,0,0,0,0
1779990508534,-7724,10073,-10519,-6,9,-2,resting,0.00,0,0,0,0,0
1779990508557,-7744,10052,-10485,2,12,-1,resting,0.00,0,0,0,0,0
1779990508558,-7768,9960,-10488,9,12,0,resting,0.00,0,0,0,0,0
1779990508589,-7785,9920,-10495,10,15,1,resting,0.00,0,0,0,0,0
1779990508591,-7796,9890,-10506,7,14,1,resting,0.00,0,0,0,0,0
1779990508591,-7773,9845,-10540,0,12,1,resting,0.00,0,0,0,0,0
1779990508620,-7762,9847,-10553,-11,12,2,resting,0.00,0,0,0,0,0
1779990508621,-7741,9930,-10507,-20,11,1,resting,0.00,0,0,0,0,0
1779990508622,-7687,9990,-10513,-21,11,0,resting,0.00,0,0,0,0,0
1779990508623,-7638,10049,-10514,-16,11,0,resting,0.00,0,0,0,0,0
1779990508648,-7620,10057,-10528,-8,11,-1,resting,0.00,0,0,0,0,0
1779990508649,-7603,10045,-10550,-6,9,-2,resting,0.00,0,0,0,0,0
1779990508680,-7659,10024,-10582,-3,7,-1,resting,0.00,0,0,0,0,0
1779990508681,-7679,10033,-10552,-1,8,1,resting,0.00,0,0,0,0,0
1779990508682,-7704,10012,-10500,1,7,4,resting,0.00,0,0,0,0,0
1779990508682,-7750,9953,-10518,4,7,5,resting,0.00,0,0,0,0,0
1779990508711,-7755,9918,-10513,3,6,4,resting,0.00,0,0,0,0,0
1779990508712,-7745,9923,-10527,-2,7,3,resting,0.00,0,0,0,0,0
1779990508737,-7747,9919,-10524,-8,7,0,resting,0.00,0,0,0,0,0
1779990508738,-7804,10012,-10535,-11,7,-2,resting,0.00,0,0,0,0,0
1779990508738,-7849,10019,-10589,-11,8,-1,resting,0.00,0,0,0,0,0
1779990508740,-7778,9920,-10526,1,12,1,resting,0.00,0,0,0,0,0
1779990508770,-7732,9897,-10506,-1,11,2,resting,0.00,0,0,0,0,0
1779990508771,-7704,9900,-10544,-5,9,-1,resting,0.00,0,0,0,0,0
1779990508797,-7694,9955,-10548,-10,7,-2,resting,0.00,0,0,0,0,0
1779990508798,-7676,9970,-10561,-11,7,-3,resting,0.00,0,0,0,0,0
1779990508798,-7693,10014,-10515,-9,7,-4,resting,0.00,0,0,0,0,0
1779990508799,-7696,10025,-10557,-3,9,-3,resting,0.00,0,0,0,0,0
1779990508832,-7703,9995,-10540,2,8,-1,resting,0.00,0,0,0,0,0
1779990508833,-7730,9984,-10554,3,9,-2,resting,0.00,0,0,0,0,0
1779990508857,-7752,9987,-10539,5,9,-3,resting,0.00,0,0,0,0,0
1779990508862,-7749,9942,-10559,3,9,-4,resting,0.00,0,0,0,0,0
1779990508862,-7728,9918,-10525,2,8,-1,resting,0.00,0,0,0,0,0
1779990508863,-7782,9889,-10493,-2,10,1,resting,0.00,0,0,0,0,0
1779990508890,-7766,9903,-10584,-5,9,0,resting,0.00,0,0,0,0,0
1779990508891,-7745,9911,-10529,-8,7,0,resting,0.00,0,0,0,0,0
1779990508919,-7754,9950,-10536,-8,9,-1,resting,0.00,0,0,0,0,0
1779990508920,-7735,9980,-10558,-10,9,-4,resting,0.00,0,0,0,0,0
1779990508920,-7717,9999,-10595,-12,9,-5,resting,0.00,0,0,0,0,0
1779990508921,-7702,10020,-10597,-6,9,-2,resting,0.00,0,0,0,0,0
1779990508948,-7680,10007,-10528,-2,11,2,resting,0.00,0,0,0,0,0
1779990508953,-7668,9965,-10496,-4,12,2,resting,0.00,0,0,0,0,0
1779990508983,-7675,9947,-10518,-2,12,0,resting,0.00,0,0,0,0,0
1779990508983,-7724,10011,-10562,1,11,-3,resting,0.00,0,0,0,0,0
1779990508987,-7748,9973,-10548,-1,10,-6,resting,0.00,0,0,0,0,0
1779990508990,-7787,9988,-10562,-5,10,-5,resting,0.00,0,0,0,0,0
1779990509011,-7800,9969,-10553,-7,9,-2,resting,0.00,0,0,0,0,0
1779990509014,-7790,9969,-10578,-4,7,0,resting,0.00,0,0,0,0,0
1779990509038,-7689,9984,-10583,-3,7,1,resting,0.00,0,0,0,0,0
1779990509039,-7696,9934,-10576,-2,5,1,resting,0.00,0,0,0,0,0
1779990509039,-7738,9944,-10630,-2,4,-1,resting,0.00,0,0,0,0,0
1779990509040,-7761,9979,-10650,2,3,-1,resting,0.00,0,0,0,0,0
1779990509070,-7782,9931,-10595,3,3,-1,resting,0.00,0,0,0,0,0
1779990509070,-7829,9933,-10563,6,6,3,resting,0.00,0,0,0,0,0
1779990509103,-7813,9886,-10574,8,10,2,resting,0.00,0,0,0,0,0
1779990509105,-7798,9885,-10551,6,13,0,resting,0.00,0,0,0,0,0
1779990509106,-7783,9869,-10532,1,13,-4,resting,0.00,0,0,0,0,0
1779990509106,-7768,9935,-10563,-5,13,-9,resting,0.00,0,0,0,0,0
1779990509128,-7703,10053,-10566,-8,9,-9,resting,0.00,0,0,0,0,0
1779990509128,-7673,10065,-10548,-8,6,-9,resting,0.00,0,0,0,0,0
1779990509161,-7676,10096,-10587,-5,1,-8,resting,0.00,0,0,0,0,0
1779990509162,-7643,10103,-10568,1,-3,-3,resting,0.00,0,0,0,0,0
1779990509162,-7712,10046,-10544,8,-4,-2,resting,0.00,0,0,0,0,0
1779990509163,-7682,9958,-10536,15,-4,0,resting,0.00,0,0,0,0,0
1779990509187,-7748,9908,-10547,15,-5,1,resting,0.00,0,0,0,0,0
1779990509187,-7776,9883,-10567,16,-3,0,resting,0.00,0,0,0,0,0
1779990509222,-7766,9826,-10527,16,-3,-1,resting,0.00,0,0,0,0,0
1779990509223,-7773,9789,-10555,13,-1,-4,resting,0.00,0,0,0,0,0
1779990509224,-7768,9845,-10529,7,1,-4,resting,0.00,0,0,0,0,0
1779990509225,-7717,9894,-10544,2,1,-7,resting,0.00,0,0,0,0,0
1779990509253,-7714,9953,-10581,1,1,-8,resting,0.00,0,0,0,0,0
1779990509254,-7718,9993,-10579,3,0,-8,resting,0.00,0,0,0,0,0
1779990509280,-7737,9992,-10571,7,3,-5,resting,0.00,0,0,0,0,0
1779990509282,-7747,9989,-10542,14,6,-6,resting,0.00,0,0,0,0,0
1779990509282,-7754,9973,-10534,19,7,-5,resting,0.00,0,0,0,0,0
1779990509283,-7741,9927,-10484,20,6,-3,resting,0.00,0,0,0,0,0
1779990509307,-7771,9850,-10458,15,3,-3,resting,0.00,0,0,0,0,0
1779990509311,-7753,9875,-10512,8,2,-3,resting,0.00,0,0,0,0,0
1779990509339,-7759,9909,-10543,-2,1,-4,resting,0.00,0,0,0,0,0
1779990509339,-7756,9922,-10531,-7,-3,-3,resting,0.00,0,0,0,0,0
1779990509340,-7744,9976,-10579,-9,-2,-3,resting,0.00,0,0,0,0,0
1779990509340,-7751,10003,-10599,-7,-3,-4,resting,0.00,0,0,0,0,0
1779990509369,-7737,9930,-10591,-2,-3,-4,resting,0.00,0,0,0,0,0
1779990509369,-7762,9923,-10599,0,-2,-2,resting,0.00,0,0,0,0,0
1779990509402,-7733,9931,-10626,3,-2,-1,resting,0.00,0,0,0,0,0
1779990509402,-7731,9930,-10654,6,-1,-1,resting,0.00,0,0,0,0,0
1779990509404,-7718,9919,-10606,11,-2,-1,resting,0.00,0,0,0,0,0
1779990509404,-7761,9875,-10536,14,-3,-2,resting,0.00,0,0,0,0,0
1779990509427,-7779,9907,-10568,14,-3,-6,resting,0.00,0,0,0,0,0
1779990509428,-7765,9952,-10597,11,-3,-7,resting,0.00,0,0,0,0,0
1779990509460,-7815,9951,-10552,10,-3,-8,resting,0.00,0,0,0,0,0
1779990509461,-7803,9965,-10587,11,-2,-9,resting,0.00,0,0,0,0,0
1779990509461,-7799,9934,-10568,15,0,-7,resting,0.00,0,0,0,0,0
1779990509462,-7822,9903,-10537,17,-2,-6,resting,0.00,0,0,0,0,0
1779990509489,-7837,9893,-10500,15,-1,-5,resting,0.00,0,0,0,0,0
1779990509490,-7813,9889,-10547,14,-1,-6,resting,0.00,0,0,0,0,0
1779990509519,-7802,9903,-10546,13,-3,-4,resting,0.00,0,0,0,0,0
1779990509520,-7787,9876,-10507,10,-3,-1,resting,0.00,0,0,0,0,0
1779990509521,-7780,9879,-10484,7,-4,-4,resting,0.00,0,0,0,0,0
1779990509521,-7764,9900,-10546,8,-3,-5,resting,0.00,0,0,0,0,0
1779990509547,-7763,9847,-10578,11,-1,-6,resting,0.00,0,0,0,0,0
1779990509548,-7802,9868,-10525,10,-1,-5,resting,0.00,0,0,0,0,0
1779990509578,-7768,9857,-10522,6,1,-7,resting,0.00,0,0,0,0,0
1779990509580,-7801,9861,-10557,3,3,-7,resting,0.00,0,0,0,0,0
1779990509581,-7802,9863,-10591,0,3,-7,resting,0.00,0,0,0,0,0
1779990509581,-7805,9886,-10560,1,4,-7,resting,0.00,0,0,0,0,0
1779990509610,-7781,9881,-10580,2,2,-4,resting,0.00,0,0,0,0,0
1779990509612,-7810,9883,-10548,1,-1,-3,resting,0.00,0,0,0,0,0
1779990509638,-7808,9925,-10567,2,-1,-2,resting,0.00,0,0,0,0,0
1779990509639,-7780,9875,-10568,2,-3,-2,resting,0.00,0,0,0,0,0
1779990509640,-7826,9850,-10583,0,-3,-1,resting,0.00,0,0,0,0,0
1779990509641,-7829,9825,-10570,2,-1,-1,resting,0.00,0,0,0,0,0
1779990509671,-7836,9843,-10547,5,2,0,resting,0.00,0,0,0,0,0
1779990509672,-7815,9832,-10525,7,4,-1,resting,0.00,0,0,0,0,0
1779990509699,-7820,9779,-10539,3,6,0,resting,0.00,0,0,0,0,0
1779990509702,-7815,9811,-10522,2,10,-1,resting,0.00,0,0,0,0,0
1779990509703,-7803,9811,-10483,0,13,-4,resting,0.00,0,0,0,0,0
1779990509704,-7808,9814,-10498,-2,14,-2,resting,0.00,0,0,0,0,0
1779990509728,-7807,9816,-10471,-7,15,-1,resting,0.00,0,0,0,0,0
1779990509729,-7790,9796,-10422,-9,15,0,resting,0.00,0,0,0,0,0
1779990509758,-7729,9779,-10469,-12,15,2,resting,0.00,0,0,0,0,0
1779990509759,-7748,9824,-10468,-18,14,2,resting,0.00,0,0,0,0,0
1779990509759,-7787,9871,-10439,-21,14,4,resting,0.00,0,0,0,0,0
1779990509760,-7761,9905,-10480,-24,15,4,resting,0.00,0,0,0,0,0
1779990509788,-7745,9988,-10485,-20,16,5,resting,0.00,0,0,0,0,0
1779990509788,-7785,9989,-10510,-11,19,8,resting,0.00,0,0,0,0,0
1779990509822,-7782,9981,-10504,-8,21,7,resting,0.00,0,0,0,0,0
1779990509823,-7829,9909,-10552,-13,19,6,resting,0.00,0,0,0,0,0
1779990509823,-7857,9881,-10565,-26,19,3,resting,0.00,0,0,0,0,0
1779990509824,-7864,9923,-10568,-30,18,-1,resting,0.00,0,0,0,0,0
1779990509849,-7837,9945,-10582,-27,15,2,resting,0.00,0,0,0,0,0
1779990509850,-7854,9898,-10616,-27,12,5,resting,0.00,0,0,0,0,0
1779990509878,-7831,9809,-10646,-24,12,6,resting,0.00,0,0,0,0,0
1779990509879,-7843,9801,-10633,-21,13,8,resting,0.00,0,0,0,0,0
1779990509879,-7812,9847,-10624,-20,14,8,resting,0.00,0,0,0,0,0
1779990509880,-7808,9869,-10583,-8,19,10,resting,0.00,0,0,0,0,0
1779990509910,-7784,9858,-10598,-5,23,6,resting,0.00,0,0,0,0,0
1779990509910,-7810,9809,-10558,-8,25,3,resting,0.00,0,0,0,0,0
1779990509939,-7803,9837,-10531,-13,28,-1,resting,0.00,0,0,0,0,0
1779990509939,-7813,9959,-10522,-16,29,-3,resting,0.00,0,0,0,0,0
1779990509940,-7791,9967,-10559,-14,31,-3,resting,0.00,0,0,0,0,0
1779990509941,-7763,10003,-10504,-10,31,0,resting,0.00,0,0,0,0,0
1779990509968,-7781,9965,-10484,-10,29,2,resting,0.00,0,0,0,0,0
1779990509970,-7763,9975,-10495,-11,26,3,resting,0.00,0,0,0,0,0
1779990509998,-7785,9964,-10507,-12,23,3,resting,0.00,0,0,0,0,0
1779990510002,-7782,9971,-10509,-14,21,3,resting,0.00,0,0,0,0,0
1779990510002,-7805,9987,-10542,-15,18,3,resting,0.00,0,0,0,0,0
1779990510003,-7788,9975,-10556,-13,17,0,resting,0.00,0,0,0,0,0
1779990510028,-7765,9911,-10582,-13,17,1,resting,0.00,0,0,0,0,0
1779990510029,-7774,9929,-10566,-14,17,2,resting,0.00,0,0,0,0,0
1779990510061,-7762,9918,-10566,-15,18,3,resting,0.00,0,0,0,0,0
1779990510063,-7736,9887,-10538,-14,18,3,resting,0.00,0,0,0,0,0
1779990510064,-7713,9885,-10576,-13,17,1,resting,0.00,0,0,0,0,0
1779990510065,-7768,9846,-10573,-16,16,0,resting,0.00,0,0,0,0,0
1779990510087,-7745,9889,-10556,-19,16,-1,resting,0.00,0,0,0,0,0
1779990510088,-7744,9930,-10596,-18,16,-1,resting,0.00,0,0,0,0,0
1779990510118,-7749,9947,-10620,-16,15,1,resting,0.00,0,0,0,0,0
1779990510119,-7724,9926,-10634,-13,17,3,resting,0.00,0,0,0,0,0
1779990510120,-7722,9920,-10575,-9,18,4,resting,0.00,0,0,0,0,0
1779990510121,-7727,9913,-10606,-7,18,3,resting,0.00,0,0,0,0,0
1779990510149,-7712,9938,-10540,-5,20,4,resting,0.00,0,0,0,0,0
1779990510149,-7738,9938,-10530,-5,19,3,resting,0.00,0,0,0,0,0
1779990510179,-7740,9966,-10537,-6,18,3,resting,0.00,0,0,0,0,0
1779990510213,-7742,9994,-10526,-5,17,3,resting,0.00,0,0,0,0,0
1779990510237,-7753,9965,-10556,-8,17,1,resting,0.00,0,0,0,0,0
1779990510238,-7748,9957,-10555,-10,15,-1,resting,0.00,0,0,0,0,0
1779990510239,-7774,9938,-10518,-10,14,-1,resting,0.00,0,0,0,0,0
1779990510239,-7767,9968,-10534,-11,14,1,resting,0.00,0,0,0,0,0
1779990510244,-7759,9932,-10561,-11,12,2,resting,0.00,0,0,0,0,0
1779990510245,-7748,9913,-10522,-13,11,3,resting,0.00,0,0,0,0,0
1779990510246,-7725,9861,-10560,-16,11,4,resting,0.00,0,0,0,0,0
1779990510246,-7737,9900,-10544,-19,12,1,resting,0.00,0,0,0,0,0
1779990510267,-7761,9933,-10501,-17,11,2,resting,0.00,0,0,0,0,0
1779990510268,-7754,9905,-10549,-14,12,2,resting,0.00,0,0,0,0,0
1779990510301,-7704,9933,-10549,-14,14,-1,resting,0.00,0,0,0,0,0
1779990510301,-7681,9967,-10567,-11,15,-1,resting,0.00,0,0,0,0,0
1779990510302,-7726,9940,-10527,-7,16,0,resting,0.00,0,0,0,0,0
1779990510303,-7704,9926,-10529,-6,16,0,resting,0.00,0,0,0,0,0
1779990510329,-7676,9956,-10534,-8,16,2,resting,0.00,0,0,0,0,0
1779990510330,-7693,9940,-10507,-11,14,3,resting,0.00,0,0,0,0,0
1779990510359,-7756,9945,-10522,-13,16,1,resting,0.00,0,0,0,0,0
1779990510360,-7792,9936,-10485,-13,16,2,resting,0.00,0,0,0,0,0
1779990510361,-7806,9955,-10514,-14,17,4,resting,0.00,0,0,0,0,0
1779990510361,-7777,9944,-10557,-14,15,2,resting,0.00,0,0,0,0,0
1779990510387,-7797,9931,-10522,-13,16,1,resting,0.00,0,0,0,0,0
1779990510387,-7766,9943,-10534,-16,16,1,resting,0.00,0,0,0,0,0
1779990510424,-7741,9966,-10616,-19,15,2,resting,0.00,0,0,0,0,0
1779990510424,-7716,9952,-10585,-17,13,2,resting,0.00,0,0,0,0,0
1779990510426,-7708,9943,-10586,-16,12,3,resting,0.00,0,0,0,0,0
1779990510427,-7702,9971,-10629,-15,9,4,resting,0.00,0,0,0,0,0
1779990510446,-7745,9975,-10615,-13,9,3,resting,0.00,0,0,0,0,0
1779990510447,-7738,9981,-10581,-10,10,1,resting,0.00,0,0,0,0,0
1779990510479,-7747,9960,-10568,-8,11,2,resting,0.00,0,0,0,0,0
1779990510480,-7796,9898,-10568,-3,13,5,resting,0.00,0,0,0,0,0
1779990510481,-7768,9887,-10560,-3,14,4,resting,0.00,0,0,0,0,0
1779990510482,-7750,9925,-10554,-5,14,1,resting,0.00,0,0,0,0,0
1779990510509,-7733,9954,-10556,-9,14,-1,resting,0.00,0,0,0,0,0
1779990510510,-7711,9990,-10565,-10,13,-3,resting,0.00,0,0,0,0,0
1779990510538,-7713,10016,-10571,-11,11,-1,resting,0.00,0,0,0,0,0
1779990510539,-7680,10038,-10532,-10,8,1,resting,0.00,0,0,0,0,0
1779990510540,-7654,10057,-10553,-8,6,2,resting,0.00,0,0,0,0,0
1779990510540,-7632,10028,-10546,-4,4,3,resting,0.00,0,0,0,0,0
1779990510570,-7654,10016,-10583,3,5,3,resting,0.00,0,0,0,0,0
1779990510572,-7694,9990,-10590,4,6,3,resting,0.00,0,0,0,0,0
1779990510601,-7738,9937,-10552,4,8,1,resting,0.00,0,0,0,0,0
1779990510602,-7745,9916,-10576,3,8,2,resting,0.00,0,0,0,0,0
1779990510603,-7754,9882,-10546,0,9,0,resting,0.00,0,0,0,0,0
1779990510603,-7760,9867,-10522,-2,10,-1,resting,0.00,0,0,0,0,0
1779990510628,-7775,9898,-10556,-7,9,-2,resting,0.00,0,0,0,0,0
1779990510629,-7742,9945,-10580,-10,9,-1,resting,0.00,0,0,0,0,0
1779990510659,-7722,9994,-10529,-13,9,0,resting,0.00,0,0,0,0,0
1779990510660,-7719,10035,-10578,-11,10,0,resting,0.00,0,0,0,0,0
1779990510660,-7742,9987,-10571,-8,11,0,resting,0.00,0,0,0,0,0
1779990510661,-7704,10036,-10526,-4,13,-1,resting,0.00,0,0,0,0,0
1779990510687,-7697,10035,-10470,0,11,-2,resting,0.00,0,0,0,0,0
1779990510688,-7696,9983,-10493,-2,10,0,resting,0.00,0,0,0,0,0
1779990510717,-7681,9962,-10480,-2,11,-1,resting,0.00,0,0,0,0,0
1779990510719,-7710,9983,-10449,-4,10,-1,resting,0.00,0,0,0,0,0
1779990510719,-7746,10004,-10501,-8,10,-2,resting,0.00,0,0,0,0,0
1779990510720,-7757,9962,-10510,-7,9,-2,resting,0.00,0,0,0,0,0
1779990510747,-7757,9960,-10495,-6,10,-1,resting,0.00,0,0,0,0,0
1779990510747,-7734,9944,-10520,-8,9,1,resting,0.00,0,0,0,0,0
1779990510779,-7771,9954,-10587,-10,7,1,resting,0.00,0,0,0,0,0
1779990510780,-7734,9947,-10571,-13,6,3,resting,0.00,0,0,0,0,0
1779990510784,-7657,9935,-10578,-15,6,1,resting,0.00,0,0,0,0,0
1779990510784,-7672,9938,-10595,-11,7,1,resting,0.00,0,0,0,0,0
1779990510812,-7718,9951,-10562,-8,9,0,resting,0.00,0,0,0,0,0
1779990510813,-7727,9984,-10556,-4,11,1,resting,0.00,0,0,0,0,0
1779990510837,-7759,9944,-10577,-3,12,0,resting,0.00,0,0,0,0,0
1779990510842,-7690,9967,-10561,-2,14,-2,resting,0.00,0,0,0,0,0
1779990510843,-7716,9987,-10517,-1,15,-3,resting,0.00,0,0,0,0,0
1779990510844,-7754,9987,-10541,0,16,-2,resting,0.00,0,0,0,0,0
1779990510868,-7700,9967,-10482,2,14,-2,resting,0.00,0,0,0,0,0
1779990510869,-7721,9950,-10511,1,13,-3,resting,0.00,0,0,0,0,0
1779990510901,-7723,9974,-10542,-6,9,-4,resting,0.00,0,0,0,0,0
1779990510901,-7681,10048,-10525,-9,8,-2,resting,0.00,0,0,0,0,0
1779990510903,-7695,10075,-10522,-5,7,1,resting,0.00,0,0,0,0,0
1779990510903,-7689,10007,-10531,-1,4,3,resting,0.00,0,0,0,0,0
1779990510927,-7703,9927,-10529,3,5,4,resting,0.00,0,0,0,0,0
1779990510928,-7699,9913,-10574,0,3,3,resting,0.00,0,0,0,0,0
1779990510958,-7747,9936,-10562,-4,2,2,resting,0.00,0,0,0,0,0
1779990510959,-7689,9924,-10584,-4,4,2,resting,0.00,0,0,0,0,0
1779990510960,-7718,9925,-10553,-4,4,1,resting,0.00,0,0,0,0,0
1779990510961,-7708,9933,-10538,-5,6,1,resting,0.00,0,0,0,0,0
1779990510987,-7761,9930,-10586,-4,9,0,resting,0.00,0,0,0,0,0
1779990510988,-7765,9934,-10560,-6,9,-2,resting,0.00,0,0,0,0,0
1779990511019,-7741,9976,-10522,-4,8,-2,resting,0.00,0,0,0,0,0
1779990511019,-7737,9989,-10508,-3,9,-1,resting,0.00,0,0,0,0,0
1779990511020,-7726,9990,-10494,-3,9,-1,resting,0.00,0,0,0,0,0
1779990511020,-7729,10042,-10537,-5,8,-4,resting,0.00,0,0,0,0,0
1779990511050,-7726,10072,-10535,-3,8,-1,resting,0.00,0,0,0,0,0
1779990511051,-7713,10038,-10456,2,7,3,resting,0.00,0,0,0,0,0
1779990511077,-7711,9938,-10492,3,9,6,resting,0.00,0,0,0,0,0
1779990511078,-7720,9911,-10559,1,9,4,resting,0.00,0,0,0,0,0
1779990511079,-7710,9886,-10534,-10,6,0,resting,0.00,0,0,0,0,0
1779990511079,-7733,9948,-10526,-16,6,0,resting,0.00,0,0,0,0,0
1779990511109,-7741,9997,-10508,-14,8,1,resting,0.00,0,0,0,0,0
1779990511111,-7752,9996,-10503,-12,9,3,resting,0.00,0,0,0,0,0
1779990511137,-7743,9977,-10520,-10,9,3,resting,0.00,0,0,0,0,0
1779990511138,-7741,9998,-10554,-6,9,0,resting,0.00,0,0,0,0,0
1779990511141,-7736,9939,-10567,-6,12,-2,resting,0.00,0,0,0,0,0
1779990511141,-7715,9915,-10590,-9,11,0,resting,0.00,0,0,0,0,0
1779990511168,-7688,9988,-10579,-12,7,0,resting,0.00,0,0,0,0,0
1779990511168,-7709,9993,-10541,-13,8,1,resting,0.00,0,0,0,0,0
1779990511204,-7685,10024,-10567,-8,7,2,resting,0.00,0,0,0,0,0
1779990511204,-7688,10014,-10554,-1,8,1,resting,0.00,0,0,0,0,0
1779990511205,-7727,9964,-10510,2,10,2,resting,0.00,0,0,0,0,0
1779990511206,-7786,9917,-10499,1,11,4,resting,0.00,0,0,0,0,0
1779990511228,-7800,9914,-10480,-4,14,5,resting,0.00,0,0,0,0,0
1779990511229,-7798,9936,-10498,-7,16,3,resting,0.00,0,0,0,0,0
1779990511258,-7773,9949,-10444,-9,17,-1,resting,0.00,0,0,0,0,0
1779990511259,-7752,9967,-10498,-13,17,-1,resting,0.00,0,0,0,0,0
1779990511259,-7700,10038,-10490,-15,15,-2,resting,0.00,0,0,0,0,0
1779990511260,-7664,10073,-10571,-17,13,-2,resting,0.00,0,0,0,0,0
1779990511288,-7661,10042,-10572,-13,11,1,resting,0.00,0,0,0,0,0
1779990511292,-7680,10038,-10548,-10,8,4,resting,0.00,0,0,0,0,0
1779990511317,-7693,10060,-10556,-7,9,3,resting,0.00,0,0,0,0,0
1779990511317,-7682,10064,-10533,0,9,3,resting,0.00,0,0,0,0,0
1779990511319,-7722,9952,-10537,7,11,3,resting,0.00,0,0,0,0,0
1779990511350,-7778,9892,-10503,4,12,3,resting,0.00,0,0,0,0,0
1779990511351,-7754,9841,-10517,-7,9,1,resting,0.00,0,0,0,0,0
1779990511351,-7715,9894,-10517,-11,7,1,resting,0.00,0,0,0,0,0
1779990511352,-7700,9958,-10536,-13,7,0,resting,0.00,0,0,0,0,0
1779990511377,-7686,9951,-10537,-12,7,1,resting,0.00,0,0,0,0,0
1779990511378,-7676,9979,-10557,-10,8,2,resting,0.00,0,0,0,0,0
1779990511410,-7639,10028,-10512,-8,9,2,resting,0.00,0,0,0,0,0
1779990511411,-7678,10046,-10542,-8,9,0,resting,0.00,0,0,0,0,0
1779990511412,-7731,10021,-10502,-3,11,-2,resting,0.00,0,0,0,0,0
1779990511413,-7729,10026,-10496,1,14,-2,resting,0.00,0,0,0,0,0
1779990511436,-7734,9999,-10495,3,14,-3,resting,0.00,0,0,0,0,0
1779990511437,-7748,9954,-10475,1,12,-3,resting,0.00,0,0,0,0,0
1779990511470,-7751,9941,-10491,-4,10,1,resting,0.00,0,0,0,0,0
1779990511471,-7765,9978,-10523,-10,6,3,resting,0.00,0,0,0,0,0
1779990511471,-7717,10004,-10498,-13,6,1,resting,0.00,0,0,0,0,0
1779990511499,-7695,10010,-10467,-15,8,1,resting,0.00,0,0,0,0,0
1779990511500,-7683,10094,-10489,-17,8,4,resting,0.00,0,0,0,0,0
1779990511501,-7719,10100,-10571,-18,6,-7,resting,0.00,0,0,0,0,0
1779990511502,-7808,10107,-10648,-13,4,-14,resting,0.00,0,0,0,0,0
1779990511527,-7759,10061,-10610,3,8,-5,resting,0.00,0,0,0,0,0
1779990511528,-7643,10039,-10575,14,9,6,resting,0.00,0,0,0,0,0
1779990511566,-7713,9935,-10599,12,1,4,resting,0.00,0,0,0,0,0
1779990511566,-7699,9820,-10603,7,-1,2,resting,0.00,0,0,0,0,0
1779990511567,-7558,9758,-10576,2,0,6,resting,0.00,0,0,0,0,0
1779990511568,-7488,9742,-10524,-13,-6,7,resting,0.00,0,0,0,0,0
1779990511593,-7522,9890,-10585,-24,-9,5,resting,0.00,0,0,0,0,0
1779990511593,-7567,10115,-10649,-15,-7,6,resting,0.00,0,0,0,0,0
1779990511618,-7635,10264,-10688,10,-2,2,resting,0.00,0,0,0,0,0
1779990511621,-7731,10292,-10757,39,4,-7,resting,0.00,0,0,0,0,0
1779990511624,-7782,10222,-10746,63,1,-7,resting,0.00,0,0,0,0,0
1779990511624,-7779,10190,-10813,72,-8,-6,resting,0.00,0,0,0,0,0
1779990511648,-7848,10016,-10842,61,-25,-10,resting,0.00,0,0,0,0,0
1779990511649,-7816,9940,-10866,31,-48,-6,resting,0.00,0,0,0,0,0
1779990511676,-7720,10019,-10919,9,-81,-1,resting,0.00,0,0,0,0,0
1779990511677,-7678,10037,-11003,1,-112,5,resting,0.00,0,0,0,0,0
1779990511678,-7680,10142,-11056,17,-143,28,resting,0.00,0,0,0,0,0
1779990511678,-7868,10177,-11168,36,-169,51,resting,0.00,0,0,0,0,0
1779990511707,-8158,10022,-11377,51,-180,65,resting,0.00,0,0,0,0,0
1779990511708,-8350,9886,-11360,47,-176,71,resting,0.00,0,0,0,0,0
1779990511710,-8200,9800,-11085,33,-169,68,resting,0.00,0,0,0,0,0
1779990511737,-8028,9672,-10865,-17,-174,69,resting,0.00,0,0,0,0,0
1779990511740,-7874,9762,-10817,-82,-181,62,resting,0.00,0,0,0,0,0
1779990511769,-7624,9877,-10672,-113,-172,48,resting,0.00,0,0,0,0,0
1779990511770,-7425,9989,-10541,-97,-146,43,resting,0.00,0,0,0,0,0
1779990511774,-7295,10242,-10479,-49,-114,45,resting,0.00,0,0,0,0,0
1779990511775,-7436,10394,-10200,55,-102,30,resting,0.00,0,0,0,0,0
1779990511802,-7925,10042,-9846,140,-104,-10,resting,0.00,0,0,0,0,0
1779990511803,-8325,9795,-9653,131,-114,-51,resting,0.00,0,0,0,0,0
1779990511827,-8445,9999,-9246,59,-155,-75,resting,0.00,0,0,0,0,0
1779990511827,-8972,10421,-8746,-54,-207,-96,resting,0.00,0,0,0,0,0
1779990511828,-9071,10642,-9113,-176,-233,-90,resting,0.00,0,0,0,0,0
1779990511829,-8878,10767,-9487,-263,-240,-40,resting,0.00,0,0,0,0,0
1779990511857,-8463,10753,-9766,-319,-229,36,resting,0.00,0,0,0,0,0
1779990511861,-8129,10418,-9700,-333,-211,136,resting,0.00,0,0,0,0,0
1779990511888,-8239,9810,-9783,-382,-196,219,resting,0.00,0,0,0,0,0
1779990511918,-8232,9148,-9989,-404,-173,275,resting,0.00,0,0,0,0,0
1779990511918,-7914,8942,-9470,-384,-164,307,resting,0.00,0,0,0,0,0
1779990511919,-8163,8889,-8842,-377,-191,314,resting,0.00,0,0,0,0,0
1779990511920,-8709,8984,-8867,-438,-240,290,resting,0.00,0,0,0,0,0
1779990511920,-8981,9031,-9223,-535,-282,235,resting,0.00,0,0,0,0,0
1779990511921,-8844,9306,-9632,-613,-302,207,resting,0.00,0,0,0,0,0
1779990511949,-8372,10073,-9665,-650,-291,197,resting,0.00,0,0,0,0,0
1779990511949,-8027,11090,-9962,-607,-250,171,resting,0.00,0,0,0,0,0
1779990511977,-8342,11597,-9928,-452,-208,123,resting,0.00,0,0,0,0,0
1779990511978,-8377,11387,-9867,-336,-159,91,resting,0.00,0,0,0,0,0
1779990511979,-8127,11799,-9723,-323,-113,40,resting,0.00,0,0,0,0,0
1779990511980,-7459,12981,-9262,-379,-100,-40,resting,0.00,0,0,0,0,0
1779990512007,-7168,13912,-9375,-417,-109,-57,resting,0.00,0,0,0,0,0
1779990512009,-7234,14374,-9740,-324,-104,-27,resting,0.00,0,0,0,0,0
1779990512040,-7004,14251,-9282,-59,-56,-3,resting,0.00,0,0,0,0,0
1779990512041,-6759,13305,-8958,191,-12,44,resting,0.00,0,0,0,0,0
1779990512041,-7079,11649,-9097,322,4,69,resting,0.00,0,0,0,0,0
1779990512068,-7250,10336,-9060,341,9,42,resting,0.00,0,0,0,0,0
1779990512068,-7135,9919,-8773,259,10,-23,resting,0.00,0,0,0,0,0
1779990512069,-7638,9695,-8575,169,1,-82,resting,0.00,0,0,0,0,0
1779990512069,-8953,9262,-8642,82,-12,-132,resting,0.00,0,0,0,0,0
1779990512099,-9876,8809,-8848,-6,-23,-162,resting,0.00,0,0,0,0,0
1779990512100,-10171,9245,-9145,-117,-29,-171,resting,0.00,0,0,0,0,0
1779990512128,-9515,9979,-9467,-205,-33,-148,resting,0.00,0,0,0,0,0
1779990512129,-8673,10520,-9672,-195,-25,-109,resting,0.00,0,0,0,0,0
1779990512129,-7970,10335,-9698,-108,-6,-72,resting,0.00,0,0,0,0,0
1779990512133,-7664,10009,-9589,-42,11,-60,resting,0.00,0,0,0,0,0
1779990512157,-7769,9733,-9484,-19,17,-75,resting,0.00,0,0,0,0,0
1779990512160,-7760,9758,-9470,-35,20,-106,resting,0.00,0,0,0,0,0
1779990512193,-7376,10522,-9234,-69,25,-164,resting,0.00,0,0,0,0,0
1779990512194,-7586,10954,-9239,-50,26,-159,resting,0.00,0,0,0,0,0
1779990512195,-7937,11363,-9156,-13,28,-158,resting,0.00,0,0,0,0,0
1779990512196,-8324,11446,-9047,29,30,-140,resting,0.00,0,0,0,0,0
1779990512219,-8768,11171,-9075,62,22,-114,resting,0.00,0,0,0,0,0
1779990512219,-9402,11289,-9211,74,33,-135,resting,0.00,0,0,0,0,0
1779990512220,-9167,11095,-9059,74,50,-144,resting,0.00,0,0,0,0,0
1779990512248,-9142,10801,-9149,79,55,-145,resting,0.00,0,0,0,0,0
1779990512249,-8708,10637,-9019,43,62,-153,resting,0.00,0,0,0,0,0
1779990512250,-8427,10884,-9091,0,67,-155,resting,0.00,0,0,0,0,0
1779990512277,-8199,10650,-9204,-13,65,-161,resting,0.00,0,0,0,0,0
1779990512278,-8328,10824,-9303,1,67,-164,resting,0.00,0,0,0,0,0
1779990512279,-8785,10794,-9390,26,65,-160,resting,0.00,0,0,0,0,0
1779990512307,-9267,10801,-9655,50,55,-164,resting,0.00,0,0,0,0,0
1779990512309,-9452,10415,-9802,66,50,-182,resting,0.00,0,0,0,0,0
1779990512340,-9058,10656,-9480,63,65,-191,resting,0.00,0,0,0,0,0
1779990512341,-8422,11332,-9402,43,53,-192,resting,0.00,0,0,0,0,0
1779990512342,-7995,11403,-9465,54,28,-210,resting,0.00,0,0,0,0,0
1779990512343,-7655,11309,-9560,107,24,-225,resting,0.00,0,0,0,0,0
1779990512368,-7834,10865,-9725,160,26,-230,resting,0.00,0,0,0,0,0
1779990512369,-8290,10466,-9841,205,33,-229,resting,0.00,0,0,0,0,0
1779990512370,-9048,10156,-9625,259,45,-222,resting,0.00,0,0,0,0,0
1779990512398,-9354,9975,-9532,261,56,-215,resting,0.00,0,0,0,0,0
1779990512399,-9020,9964,-9440,233,46,-236,resting,0.00,0,0,0,0,0
1779990512400,-8742,9681,-9550,193,32,-266,resting,0.00,0,0,0,0,0
1779990512428,-8447,9545,-9673,152,35,-282,resting,0.00,0,0,0,0,0
1779990512432,-8757,9694,-9711,114,37,-300,resting,0.00,0,0,0,0,0
1779990512433,-8865,9983,-9853,115,56,-307,resting,0.00,0,0,0,0,0
1779990512459,-9193,10054,-9710,156,70,-292,resting,0.00,0,0,0,0,0
1779990512491,-9510,9874,-9551,186,79,-258,resting,0.00,0,0,0,0,0
1779990512492,-9533,9882,-9641,172,77,-226,resting,0.00,0,0,0,0,0
1779990512492,-9493,9727,-9722,143,72,-210,resting,0.00,0,0,0,0,0
1779990512493,-9625,9661,-9575,146,76,-190,resting,0.00,0,0,0,0,0
1779990512494,-9677,9466,-9338,153,82,-188,resting,0.00,0,0,0,0,0
1779990512517,-8878,9525,-9503,113,91,-214,resting,0.00,0,0,0,0,0
1779990512518,-8015,9761,-9434,69,82,-261,resting,0.00,0,0,0,0,0
1779990512519,-7439,10000,-9423,44,76,-291,resting,0.00,0,0,0,0,0
1779990512548,-7592,10295,-9420,42,76,-287,resting,0.00,0,0,0,0,0
1779990512549,-8201,10504,-9378,63,87,-273,resting,0.00,0,0,0,0,0
1779990512550,-8890,10633,-9347,135,96,-243,resting,0.00,0,0,0,0,0
1779990512582,-9393,9891,-9295,211,99,-191,resting,0.00,0,0,0,0,0
1779990512582,-9453,9449,-9187,196,85,-164,resting,0.00,0,0,0,0,0
1779990512608,-9552,9339,-9295,156,61,-157,resting,0.00,0,0,0,0,0
1779990512609,-9587,8902,-9618,115,47,-157,resting,0.00,0,0,0,0,0
1779990512609,-9048,8940,-9842,46,44,-171,resting,0.00,0,0,0,0,0
1779990512640,-8941,9134,-10057,-21,22,-185,resting,0.00,0,0,0,0,0
1779990512641,-8929,9277,-10360,-33,26,-179,resting,0.00,0,0,0,0,0
1779990512642,-8844,9535,-10228,8,35,-167,resting,0.00,0,0,0,0,0
1779990512642,-8942,9489,-9999,51,46,-154,resting,0.00,0,0,0,0,0
1779990512667,-8876,9606,-10006,59,53,-124,resting,0.00,0,0,0,0,0
1779990512667,-8702,9519,-9942,24,50,-110,resting,0.00,0,0,0,0,0
1779990512668,-8554,9724,-9990,16,52,-111,resting,0.00,0,0,0,0,0
1779990512699,-8688,9692,-9870,46,58,-109,resting,0.00,0,0,0,0,0
1779990512699,-9268,9716,-9625,95,73,-107,resting,0.00,0,0,0,0,0
1779990512700,-10047,9475,-9602,143,86,-97,resting,0.00,0,0,0,0,0
1779990512731,-10179,9123,-9597,161,79,-89,resting,0.00,0,0,0,0,0
1779990512732,-9498,8835,-9834,116,60,-102,resting,0.00,0,0,0,0,0
1779990512732,-8964,8780,-9968,43,47,-113,resting,0.00,0,0,0,0,0
1779990512757,-8859,8746,-10264,-9,47,-127,resting,0.00,0,0,0,0,0
1779990512757,-8832,8745,-10565,-19,65,-148,resting,0.00,0,0,0,0,0
1779990512758,-8776,8698,-10687,2,100,-151,resting,0.00,0,0,0,0,0
1779990512793,-8741,8784,-10727,35,127,-130,resting,0.00,0,0,0,0,0
1779990512793,-8918,8539,-10749,50,140,-117,resting,0.00,0,0,0,0,0
1779990512794,-8848,8486,-10784,66,148,-104,resting,0.00,0,0,0,0,0
1779990512817,-8930,7897,-10801,50,164,-75,resting,0.00,0,0,0,0,0
1779990512818,-8789,7489,-10805,1,187,-39,resting,0.00,0,0,0,0,0
1779990512819,-8352,7713,-10845,-46,206,-18,resting,0.00,0,0,0,0,0
1779990512848,-7992,8074,-10732,-26,195,-10,resting,0.00,0,0,0,0,0
1779990512848,-7931,8634,-10539,40,198,-32,resting,0.00,0,0,0,0,0
1779990512849,-8039,9294,-10458,143,197,-73,resting,0.00,0,0,0,0,0
1779990512880,-8527,9481,-10183,253,193,-102,resting,0.00,0,0,0,0,0
1779990512880,-9077,9207,-10052,317,182,-128,resting,0.00,0,0,0,0,0
1779990512881,-9446,8894,-10001,282,153,-145,resting,0.00,0,0,0,0,0
1779990512909,-9522,9275,-9965,204,126,-153,resting,0.00,0,0,0,0,0
1779990512910,-9665,9450,-9957,153,101,-160,resting,0.00,0,0,0,0,0
1779990512911,-9971,8960,-9931,112,74,-150,resting,0.00,0,0,0,0,0
1779990512939,-10259,8779,-9974,20,46,-129,resting,0.00,0,0,0,0,0
1779990512939,-10354,9077,-10138,-85,32,-105,resting,0.00,0,0,0,0,0
1779990512940,-10149,9299,-10396,-139,43,-82,resting,0.00,0,0,0,0,0
1779990512973,-9881,9357,-10456,-134,48,-52,resting,0.00,0,0,0,0,0
1779990512976,-9654,9406,-10575,-99,54,-17,resting,0.00,0,0,0,0,0
1779990512976,-9551,9204,-10738,-42,58,8,resting,0.00,0,0,0,0,0
1779990512997,-9467,9013,-10855,20,63,25,resting,0.00,0,0,0,0,0
1779990512998,-9465,9150,-10897,79,62,34,resting,0.00,0,0,0,0,0
1779990513000,-9475,9182,-10827,125,63,34,resting,0.00,0,0,0,0,0
1779990513028,-9368,9129,-10853,123,59,21,resting,0.00,0,0,0,0,0
1779990513031,-9181,9119,-10743,95,52,-2,resting,0.00,0,0,0,0,0
1779990513032,-8919,9288,-10634,52,37,-21,resting,0.00,0,0,0,0,0
1779990513059,-8776,9606,-10655,55,25,-31,resting,0.00,0,0,0,0,0
1779990513060,-8805,9504,-10612,113,27,-28,resting,0.00,0,0,0,0,0
1779990513060,-8824,9211,-10492,176,32,-10,resting,0.00,0,0,0,0,0
1779990513093,-8841,9107,-10454,223,33,6,resting,0.00,0,0,0,0,0
1779990513093,-8843,8789,-10478,264,32,3,resting,0.00,0,0,0,0,0
1779990513094,-8780,8344,-10301,278,34,3,resting,0.00,0,0,0,0,0
1779990513118,-8804,8278,-10239,234,27,12,resting,0.00,0,0,0,0,0
1779990513123,-8949,8278,-10231,187,14,2,resting,0.00,0,0,0,0,0
1779990513123,-8939,8151,-10170,149,2,-4,resting,0.00,0,0,0,0,0
1779990513148,-8864,8114,-10244,104,-4,4,resting,0.00,0,0,0,0,0
1779990513148,-8720,8324,-10353,67,-8,16,resting,0.00,0,0,0,0,0
1779990513150,-8824,8337,-10306,53,-15,17,resting,0.00,0,0,0,0,0
1779990513177,-8753,8346,-10276,42,-11,18,resting,0.00,0,0,0,0,0
1779990513177,-8810,8634,-10353,32,-10,22,resting,0.00,0,0,0,0,0
1779990513185,-8829,8732,-10473,26,-6,8,resting,0.00,0,0,0,0,0
1779990513208,-8788,8812,-10503,38,-2,-4,resting,0.00,0,0,0,0,0
1779990513208,-8797,8870,-10459,46,12,-11,resting,0.00,0,0,0,0,0
1779990513209,-8831,9002,-10493,58,20,-9,resting,0.00,0,0,0,0,0
1779990513240,-9013,8911,-10522,78,21,-13,resting,0.00,0,0,0,0,0
1779990513241,-9118,8904,-10609,95,24,-23,resting,0.00,0,0,0,0,0
1779990513242,-9361,8801,-10599,104,21,-24,resting,0.00,0,0,0,0,0
1779990513272,-9578,8549,-10646,102,19,-24,resting,0.00,0,0,0,0,0
1779990513273,-9689,8534,-10690,92,20,-25,resting,0.00,0,0,0,0,0
1779990513273,-9816,8603,-10733,84,21,-24,resting,0.00,0,0,0,0,0
1779990513298,-10011,8641,-10799,88,21,-21,resting,0.00,0,0,0,0,0
1779990513298,-10161,8747,-10939,108,27,-16,resting,0.00,0,0,0,0,0
1779990513299,-10307,9138,-11321,208,9,32,resting,0.00,0,0,0,0,0
1779990513327,-10229,8927,-11509,252,-20,71,resting,0.00,0,0,0,0,0
1779990513327,-10422,8664,-11651,222,-54,93,resting,0.00,0,0,0,0,0
1779990513331,-10931,8849,-11899,122,-72,83,resting,0.00,0,0,0,0,0
1779990513358,-11495,9229,-12204,64,-61,58,resting,0.00,0,0,0,0,0
1779990513359,-11556,9480,-12401,86,-15,50,resting,0.00,0,0,0,0,0
1779990513360,-11487,8874,-12331,168,60,46,resting,0.00,0,0,0,0,0
1779990513389,-11210,8072,-12371,235,130,73,resting,0.00,0,0,0,0,0
1779990513389,-10790,7508,-12176,245,184,100,resting,0.00,0,0,0,0,0
1779990513390,-10150,7158,-11679,163,234,117,resting,0.00,0,0,0,0,0
1779990513417,-9322,7438,-11630,67,270,158,resting,0.00,0,0,0,0,0
1779990513418,-9149,7679,-11619,84,283,199,resting,0.00,0,0,0,0,0
1779990513419,-9041,7740,-11439,155,318,202,resting,0.00,0,0,0,0,0
1779990513451,-8552,7920,-11173,213,357,158,resting,0.00,0,0,0,0,0
1779990513452,-8061,8345,-10877,238,371,93,resting,0.00,0,0,0,0,0
1779990513452,-7574,8545,-10730,251,360,25,resting,0.00,0,0,0,0,0
1779990513481,-7119,8499,-10557,262,339,-49,resting,0.00,0,0,0,0,0
1779990513481,-6903,8464,-10373,232,302,-120,resting,0.00,0,0,0,0,0
1779990513482,-6893,8782,-10353,165,260,-183,resting,0.00,0,0,0,0,0
1779990513507,-7100,9076,-10522,117,227,-239,resting,0.00,0,0,0,0,0
1779990513508,-7376,9269,-10670,101,222,-263,resting,0.00,0,0,0,0,0
1779990513508,-7633,9321,-10750,88,233,-259,resting,0.00,0,0,0,0,0
1779990513539,-7878,9319,-10792,88,258,-231,resting,0.00,0,0,0,0,0
1779990513539,-8150,9191,-10877,99,288,-186,resting,0.00,0,0,0,0,0
1779990513540,-8438,8895,-10858,123,317,-142,resting,0.00,0,0,0,0,0
1779990513572,-8632,8723,-10940,141,343,-104,resting,0.00,0,0,0,0,0
1779990513573,-8690,8516,-11119,167,364,-75,resting,0.00,0,0,0,0,0
1779990513573,-8799,8118,-11140,206,369,-33,resting,0.00,0,0,0,0,0
1779990513598,-8941,7602,-11034,192,357,10,resting,0.00,0,0,0,0,0
1779990513599,-8887,7356,-11100,101,327,41,resting,0.00,0,0,0,0,0
1779990513600,-8815,7467,-11192,3,304,75,resting,0.00,0,0,0,0,0
1779990513632,-8655,7554,-11151,-66,289,119,resting,0.00,0,0,0,0,0
1779990513635,-8512,7700,-11160,-121,274,157,resting,0.00,0,0,0,0,0
1779990513639,-8503,7834,-11290,-153,268,177,resting,0.00,0,0,0,0,0
1779990513660,-8341,7996,-11484,-140,286,181,resting,0.00,0,0,0,0,0
1779990513661,-8114,7941,-11459,-86,307,172,resting,0.00,0,0,0,0,0
1779990513664,-7972,7735,-11550,-42,317,164,resting,0.00,0,0,0,0,0
1779990513689,-7852,7539,-11743,-11,317,149,resting,0.00,0,0,0,0,0
1779990513689,-7694,7186,-11803,4,307,125,resting,0.00,0,0,0,0,0
1779990513690,-7627,6990,-11857,-28,285,102,resting,0.00,0,0,0,0,0
1779990513721,-7602,7000,-12014,-98,257,92,resting,0.00,0,0,0,0,0
1779990513722,-7573,7141,-12180,-172,228,91,resting,0.00,0,0,0,0,0
1779990513723,-7536,7323,-12292,-201,205,103,resting,0.00,0,0,0,0,0
1779990513748,-7536,7502,-12443,-200,192,114,resting,0.00,0,0,0,0,0
1779990513750,-7514,7669,-12602,-167,192,115,resting,0.00,0,0,0,0,0
1779990513751,-7460,7705,-12690,-106,198,110,resting,0.00,0,0,0,0,0
1779990513783,-7265,7687,-12620,-34,210,116,resting,0.00,0,0,0,0,0
1779990513784,-7210,7643,-12588,18,211,127,resting,0.00,0,0,0,0,0
1779990513784,-7123,7567,-12592,52,204,131,resting,0.00,0,0,0,0,0
1779990513808,-7205,7364,-12420,67,193,121,resting,0.00,0,0,0,0,0
1779990513809,-7126,7394,-12299,38,186,120,resting,0.00,0,0,0,0,0
1779990513810,-7201,7691,-12202,5,168,116,resting,0.00,0,0,0,0,0
1779990513842,-7403,7917,-12283,-18,156,105,resting,0.00,0,0,0,0,0
1779990513843,-7375,8265,-12384,-20,168,104,resting,0.00,0,0,0,0,0
1779990513844,-7419,8612,-12286,1,185,113,resting,0.00,0,0,0,0,0
1779990513867,-7639,8735,-12430,48,198,134,resting,0.00,0,0,0,0,0
1779990513867,-7885,9066,-12724,129,226,159,resting,0.00,0,0,0,0,0
1779990513868,-8263,9079,-12538,215,263,189,resting,0.00,0,0,0,0,0
1779990513897,-8542,8509,-12541,219,315,238,resting,0.00,0,0,0,0,0
1779990513898,-8746,7729,-12885,225,350,332,resting,0.00,0,0,0,0,0
1779990513899,-9010,7178,-12946,259,378,438,resting,0.00,0,0,0,0,0
1779990513930,-9472,6954,-13236,254,403,516,resting,0.00,0,0,0,0,0
1779990513931,-9630,6831,-13648,174,439,574,resting,0.00,0,0,0,0,0
1779990513931,-9605,7121,-13802,49,492,647,resting,0.00,0,0,0,0,0
1779990513958,-9372,7458,-14200,-79,552,668,resting,0.00,0,0,0,0,0
1779990513959,-8679,7860,-14354,-126,598,694,resting,0.00,0,0,0,0,0
1779990513963,-7916,8021,-14114,-119,637,716,resting,0.00,0,0,0,0,0
1779990513990,-7004,7950,-13775,-109,677,706,resting,0.00,0,0,0,0,0
1779990513992,-6228,8063,-13298,-173,684,679,resting,0.00,0,0,0,0,0
1779990513992,-5486,8651,-13358,-301,673,629,resting,0.00,0,0,0,0,0
1779990514017,-4691,9318,-13673,-415,670,596,resting,0.00,0,0,0,0,0
1779990514017,-4218,9677,-13705,-440,692,596,resting,0.00,0,0,0,0,0
1779990514018,-3691,10266,-13553,-403,723,613,resting,0.00,0,0,0,0,0
1779990514048,-3157,10726,-13473,-305,752,621,resting,0.00,0,0,0,0,0
1779990514049,-2609,11062,-13439,-160,778,622,resting,0.00,0,0,0,0,0
1779990514049,-2100,11149,-13352,0,796,602,resting,0.00,0,0,0,0,0
1779990514080,-1917,10530,-13082,118,791,580,resting,0.00,0,0,0,0,0
1779990514081,-1733,9944,-12763,142,764,580,resting,0.00,0,0,0,0,0
1779990514081,-1565,9923,-12749,81,707,568,resting,0.00,0,0,0,0,0
1779990514108,-1616,10152,-12764,-23,631,551,resting,0.00,0,0,0,0,0
1779990514108,-1809,10421,-12900,-151,554,538,resting,0.00,0,0,0,0,0
1779990514109,-1904,11042,-13015,-235,499,532,resting,0.00,0,0,0,0,0
1779990514141,-1862,11855,-13066,-232,469,533,resting,0.00,0,0,0,0,0
1779990514144,-1634,12434,-13041,-161,448,549,resting,0.00,0,0,0,0,0
1779990514144,-1296,12849,-13074,-52,431,589,resting,0.00,0,0,0,0,0
1779990514167,-965,13448,-13471,61,422,640,resting,0.00,0,0,0,0,0
1779990514172,-990,13214,-13848,173,423,676,resting,0.00,0,0,0,0,0
1779990514172,-1185,12855,-14226,251,402,745,resting,0.00,0,0,0,0,0
1779990514196,-1437,13146,-14586,306,376,863,resting,0.00,0,0,0,0,0
1779990514197,-1632,13099,-14929,361,367,986,resting,0.00,0,0,0,0,0
1779990514198,-1626,13265,-15303,435,354,1115,resting,0.00,0,0,0,0,0
1779990514230,-1663,13372,-15391,581,343,1239,resting,0.00,0,0,0,0,0
1779990514231,-1851,13083,-15411,738,356,1353,resting,0.00,0,0,0,0,0
1779990514258,-2068,12677,-15449,895,390,1445,resting,0.00,0,0,0,0,0
1779990514259,-2087,12300,-15530,1026,412,1545,resting,0.00,0,0,0,0,0
1779990514263,-2013,12028,-15574,1138,431,1626,resting,0.00,0,0,0,0,0
1779990514264,-2269,11110,-15273,1229,452,1683,resting,0.00,0,0,0,0,0
1779990514288,-2378,10589,-15165,1259,492,1746,resting,0.00,0,0,0,0,0
1779990514289,-2411,10449,-14797,1286,535,1808,resting,0.00,0,0,0,0,0
1779990514290,-2431,10672,-14489,1318,578,1863,resting,0.00,0,0,0,0,0
1779990514320,-2518,10908,-14055,1397,621,1916,resting,0.00,0,0,0,0,0
1779990514320,-2259,11187,-13867,1526,666,1967,resting,0.00,0,0,0,0,0
1779990514321,-2049,10593,-13823,1697,705,1957,resting,0.00,0,0,0,0,0
1779990514354,-2525,9415,-13503,1854,718,1937,resting,0.00,0,0,0,0,0
1779990514355,-2770,8969,-13462,2061,814,2036,resting,0.00,0,0,0,0,0
1779990514356,-2022,7508,-12634,2256,866,2013,resting,0.00,0,0,0,0,0
1779990514379,-1340,6527,-12187,2328,850,1965,resting,0.00,0,0,0,0,0
1779990514380,-2790,6512,-12987,2356,870,1960,resting,0.00,0,0,0,0,0
1779990514381,-240,6003,-12745,2547,964,1912,resting,0.00,0,0,0,0,0
1779990514407,-205,3993,-12569,2612,845,1881,resting,0.00,0,0,0,0,0
1779990514408,-310,3911,-12528,2590,770,2024,resting,0.00,0,0,0,0,0
1779990514409,-66,3601,-12553,2511,800,2006,resting,0.00,0,0,0,0,0
1779990514441,-41,2898,-12068,2448,771,1891,resting,0.00,0,0,0,0,0
1779990514442,925,1027,-11556,2256,731,1622,resting,0.00,0,0,0,0,0
1779990514443,1327,-523,-11082,2010,676,1430,resting,0.00,0,0,0,0,0
1779990514471,2195,-1059,-11362,1793,600,1308,resting,0.00,0,0,0,0,0
1779990514471,2673,-1767,-11548,1506,541,1176,resting,0.00,0,0,0,0,0
1779990514472,2696,-1907,-11816,1171,375,989,resting,0.00,0,0,0,0,0
1779990514497,2518,-1632,-11882,787,209,841,resting,0.00,0,0,0,0,0
1779990514497,2475,-1095,-12233,537,98,736,resting,0.00,0,0,0,0,0
1779990514498,2542,-410,-12625,420,39,651,resting,0.00,0,0,0,0,0
1779990514527,2845,-352,-12589,406,-16,575,resting,0.00,0,0,0,0,0
1779990514528,3340,-825,-12786,384,-74,511,resting,0.00,0,0,0,0,0
1779990514529,3720,-1034,-13322,347,-145,449,resting,0.00,0,0,0,0,0
1779990514556,3742,-759,-13745,302,-190,359,resting,0.00,0,0,0,0,0
1779990514557,3643,-495,-14170,311,-203,262,resting,0.00,0,0,0,0,0
1779990514557,3314,-481,-14512,362,-254,194,resting,0.00,0,0,0,0,0
1779990514587,3360,-183,-14856,425,-297,149,resting,0.00,0,0,0,0,0
1779990514587,3266,-822,-15269,507,-338,73,resting,0.00,0,0,0,0,0
1779990514588,2954,-1421,-15614,443,-365,26,resting,0.00,0,0,0,0,0
1779990514617,3025,-1676,-16031,304,-388,6,resting,0.00,0,0,0,0,0
1779990514618,2849,-875,-16419,224,-421,-39,resting,0.00,0,0,0,0,0
1779990514619,2301,52,-16903,207,-444,-86,resting,0.00,0,0,0,0,0
1779990514648,1718,220,-17108,230,-458,-107,resting,0.00,0,0,0,0,0
1779990514648,1303,403,-17477,280,-430,-67,resting,0.00,0,0,0,0,0
1779990514681,1291,706,-17542,379,-377,20,resting,0.00,0,0,0,0,0
1779990514681,1690,496,-17531,487,-334,69,resting,0.00,0,0,0,0,0
1779990514682,1870,-127,-17348,592,-322,66,resting,0.00,0,0,0,0,0
1779990514683,2180,-997,-17157,621,-317,66,resting,0.00,0,0,0,0,0
1779990514707,2306,-1145,-17182,587,-330,57,resting,0.00,0,0,0,0,0
1779990514708,2178,-1065,-17230,550,-341,129,resting,0.00,0,0,0,0,0
1779990514708,2426,-659,-17217,583,-336,158,resting,0.00,0,0,0,0,0
1779990514739,2575,-418,-17546,673,-323,119,resting,0.00,0,0,0,0,0
1779990514739,2135,-207,-17789,790,-301,102,resting,0.00,0,0,0,0,0
1779990514740,1815,-244,-17646,948,-224,161,resting,0.00,0,0,0,0,0
1779990514774,1855,-493,-17565,1128,-150,230,resting,0.00,0,0,0,0,0
1779990514774,2138,-579,-17243,1318,-130,289,resting,0.00,0,0,0,0,0
1779990514775,2565,-795,-16771,1487,-152,316,resting,0.00,0,0,0,0,0
1779990514797,2593,-1461,-16726,1585,-153,332,resting,0.00,0,0,0,0,0
1779990514797,2433,-2544,-16644,1616,-155,425,resting,0.00,0,0,0,0,0
1779990514798,2462,-3925,-16260,1603,-199,469,resting,0.00,0,0,0,0,0
1779990514833,2450,-4356,-16274,1466,-205,531,resting,0.00,0,0,0,0,0
1779990514833,2166,-4403,-15897,1368,-234,584,resting,0.00,0,0,0,0,0
1779990514834,2293,-4803,-15737,1290,-244,589,resting,0.00,0,0,0,0,0
1779990514864,2400,-5581,-15675,1231,-308,459,resting,0.00,0,0,0,0,0
1779990514865,1829,-5537,-15965,1086,-381,367,resting,0.00,0,0,0,0,0
1779990514865,1240,-5305,-15979,945,-417,309,resting,0.00,0,0,0,0,0
1779990514887,905,-5005,-16172,780,-402,290,resting,0.00,0,0,0,0,0
1779990514888,316,-4433,-16346,700,-385,271,resting,0.00,0,0,0,0,0
1779990514889,-189,-4242,-16401,654,-348,216,resting,0.00,0,0,0,0,0
1779990514921,-317,-4304,-16281,659,-327,130,resting,0.00,0,0,0,0,0
1779990514921,-602,-3757,-16217,591,-288,102,resting,0.00,0,0,0,0,0
1779990514922,-656,-3755,-16155,531,-193,200,resting,0.00,0,0,0,0,0
1779990514947,-443,-4421,-15964,531,-133,251,resting,0.00,0,0,0,0,0
1779990514948,-350,-5071,-15830,480,-122,179,resting,0.00,0,0,0,0,0
1779990514949,-302,-5453,-15732,376,-131,95,resting,0.00,0,0,0,0,0
1779990514978,-517,-5046,-15546,240,-123,46,resting,0.00,0,0,0,0,0
1779990514979,-701,-4600,-15540,119,-87,25,resting,0.00,0,0,0,0,0
1779990514979,-3142,-6984,-14496,83,2,-2,resting,0.00,0,0,0,0,0
1779990515012,-2574,-5608,-16004,-12,341,172,resting,0.00,0,0,0,0,0
1779990515012,2423,-1851,-15643,-239,2,1,resting,0.00,0,0,0,0,0
1779990515013,1547,-3969,-14739,-105,-52,-139,resting,0.00,0,0,0,0,0
1779990515037,-810,-5641,-15038,-75,30,-211,resting,0.00,0,0,0,0,0
1779990515070,-1129,-5106,-14910,-229,91,-136,resting,0.00,0,0,0,0,0
1779990515072,749,-3807,-15027,-328,76,-200,resting,0.00,0,0,0,0,0
1779990515074,1259,-3792,-14796,-172,14,-311,resting,0.00,0,0,0,0,0
1779990515075,1103,-4605,-14733,-131,15,-365,resting,0.00,0,0,0,0,0
1779990515077,515,-4652,-14887,-137,35,-329,resting,0.00,0,0,0,0,0
1779990515098,568,-4476,-15130,-109,78,-229,resting,0.00,0,0,0,0,0
1779990515099,1443,-4392,-15398,-151,113,-181,resting,0.00,0,0,0,0,0
1779990515099,2079,-4602,-15607,-180,96,-178,resting,0.00,0,0,0,0,0
1779990515128,2166,-4271,-15569,-194,55,-174,resting,0.00,0,0,0,0,0
1779990515129,1822,-4179,-15740,-114,26,-169,resting,0.00,0,0,0,0,0
1779990515130,2012,-4265,-15785,-97,8,-142,resting,0.00,0,0,0,0,0
1779990515163,2438,-4378,-15824,-123,-11,-115,resting,0.00,0,0,0,0,0
1779990515164,2290,-4213,-15911,-116,-31,-91,resting,0.00,0,0,0,0,0
1779990515164,1402,-4257,-15841,-59,-45,-48,resting,0.00,0,0,0,0,0
1779990515188,1689,-3707,-15804,16,-36,40,resting,0.00,0,0,0,0,0
1779990515219,2339,-3797,-16118,17,-41,7,resting,0.00,0,0,0,0,0
1779990515220,1559,-4225,-16021,82,-56,0,resting,0.00,0,0,0,0,0
1779990515221,1312,-4392,-16095,42,-50,20,resting,0.00,0,0,0,0,0
1779990515221,1341,-4470,-16164,-37,-50,20,resting,0.00,0,0,0,0,0
1779990515222,1183,-4251,-16059,-71,-44,27,resting,0.00,0,0,0,0,0
1779990515248,1189,-4266,-16140,-74,-37,20,resting,0.00,0,0,0,0,0
1779990515249,860,-4506,-15977,46,-38,30,resting,0.00,0,0,0,0,0
1779990515250,814,-4395,-15939,-2,-36,-2,resting,0.00,0,0,0,0,0
1779990515278,864,-4537,-16022,-47,-42,-11,resting,0.00,0,0,0,0,0
1779990515279,856,-4169,-15947,6,-53,-4,resting,0.00,0,0,0,0,0
1779990515280,846,-4119,-16022,-18,-51,-46,resting,0.00,0,0,0,0,0
1779990515312,947,-4162,-16101,-70,-50,-72,resting,0.00,0,0,0,0,0
1779990515312,1044,-4097,-16106,-105,-44,-81,resting,0.00,0,0,0,0,0
1779990515313,916,-4058,-16047,-136,-33,-89,resting,0.00,0,0,0,0,0
1779990515337,762,-4114,-16140,-159,-14,-102,resting,0.00,0,0,0,0,0
1779990515339,664,-4021,-16154,-159,2,-113,resting,0.00,0,0,0,0,0
1779990515339,785,-4251,-16241,-119,7,-123,resting,0.00,0,0,0,0,0
1779990515369,703,-4477,-16206,-55,-16,-116,resting,0.00,0,0,0,0,0
1779990515370,685,-4236,-16130,-13,-28,-117,resting,0.00,0,0,0,0,0
1779990515370,859,-4597,-16222,-65,-8,-129,resting,0.00,0,0,0,0,0
1779990515397,1029,-4224,-16085,-76,-7,-102,resting,0.00,0,0,0,0,0
1779990515398,1055,-4242,-16096,-104,-19,-96,resting,0.00,0,0,0,0,0
1779990515399,977,-4202,-16078,-134,-27,-92,resting,0.00,0,0,0,0,0
1779990515433,1018,-3995,-16111,-124,-26,-82,resting,0.00,0,0,0,0,0
1779990515434,1011,-3808,-16197,-121,-28,-89,resting,0.00,0,0,0,0,0
1779990515435,969,-3844,-16147,-117,-21,-83,resting,0.00,0,0,0,0,0
1779990515457,1018,-3570,-16052,-118,-12,-64,resting,0.00,0,0,0,0,0
1779990515458,1152,-3531,-15996,-84,-3,-55,resting,0.00,0,0,0,0,0
1779990515459,1205,-3779,-15928,-56,-4,-61,resting,0.00,0,0,0,0,0
1779990515486,1039,-4046,-15782,-35,-7,-67,resting,0.00,0,0,0,0,0
1779990515487,894,-4127,-15781,-60,-5,-73,resting,0.00,0,0,0,0,0
1779990515487,803,-4113,-15604,-92,-6,-75,resting,0.00,0,0,0,0,0
1779990515519,643,-4036,-15506,-127,-7,-79,resting,0.00,0,0,0,0,0
1779990515520,535,-3988,-15427,-157,-8,-88,resting,0.00,0,0,0,0,0
1779990515521,411,-3888,-15202,-192,-9,-98,resting,0.00,0,0,0,0,0
1779990515549,333,-3892,-14972,-253,-11,-121,resting,0.00,0,0,0,0,0
1779990515553,134,-3825,-14939,-374,-6,-152,resting,0.00,0,0,0,0,0
1779990515554,-30,-3711,-14999,-443,-15,-143,resting,0.00,0,0,0,0,0
1779990515578,-17,-3267,-14721,-334,-39,-112,resting,0.00,0,0,0,0,0
1779990515579,607,-3428,-14641,-286,-78,-140,resting,0.00,0,0,0,0,0
1779990515579,827,-3494,-14738,-295,-105,-134,resting,0.00,0,0,0,0,0
1779990515611,969,-3481,-14912,-315,-136,-123,resting,0.00,0,0,0,0,0
1779990515612,1161,-3594,-15103,-328,-162,-112,resting,0.00,0,0,0,0,0
1779990515612,1378,-3525,-15279,-349,-196,-105,resting,0.00,0,0,0,0,0
1779990515637,1485,-3433,-15450,-365,-228,-103,resting,0.00,0,0,0,0,0
1779990515638,1520,-3329,-15589,-385,-258,-102,resting,0.00,0,0,0,0,0
1779990515638,1577,-3166,-15811,-413,-284,-97,resting,0.00,0,0,0,0,0
1779990515669,1664,-2826,-15914,-411,-309,-83,resting,0.00,0,0,0,0,0
1779990515670,1770,-2655,-16147,-380,-322,-63,resting,0.00,0,0,0,0,0
1779990515671,1776,-2757,-16309,-336,-336,-36,resting,0.00,0,0,0,0,0
1779990515698,1754,-2708,-16375,-304,-344,-9,resting,0.00,0,0,0,0,0
1779990515698,1627,-2693,-16482,-266,-350,4,resting,0.00,0,0,0,0,0
1779990515699,1428,-2835,-16628,-250,-357,6,resting,0.00,0,0,0,0,0
1779990515727,1117,-2924,-16733,-275,-360,18,resting,0.00,0,0,0,0,0
1779990515727,987,-2661,-16925,-260,-345,36,resting,0.00,0,0,0,0,0
1779990515728,795,-2822,-17062,-262,-331,41,resting,0.00,0,0,0,0,0
1779990515759,602,-2684,-17162,-297,-314,48,resting,0.00,0,0,0,0,0
1779990515759,362,-2405,-17276,-280,-290,55,resting,0.00,0,0,0,0,0
1779990515760,181,-2188,-17275,-230,-260,60,resting,0.00,0,0,0,0,0
1779990515788,120,-2295,-17261,-189,-241,71,resting,0.00,0,0,0,0,0
1779990515788,188,-2454,-17222,-173,-222,90,resting,0.00,0,0,0,0,0
1779990515789,211,-2501,-17208,-144,-205,102,resting,0.00,0,0,0,0,0
1779990515823,147,-2612,-17154,-126,-189,101,resting,0.00,0,0,0,0,0
1779990515823,80,-2698,-17125,-113,-184,94,resting,0.00,0,0,0,0,0
1779990515824,-39,-2706,-17129,-118,-180,88,resting,0.00,0,0,0,0,0
1779990515846,-125,-2638,-17096,-127,-171,81,resting,0.00,0,0,0,0,0
1779990515846,-59,-2459,-16998,-112,-167,76,resting,0.00,0,0,0,0,0
1779990515847,51,-2430,-16908,-91,-164,67,resting,0.00,0,0,0,0,0
1779990515877,125,-2553,-16898,-76,-159,57,resting,0.00,0,0,0,0,0
1779990515879,216,-2601,-16819,-72,-158,51,resting,0.00,0,0,0,0,0
1779990515879,273,-2603,-16885,-65,-162,44,resting,0.00,0,0,0,0,0
1779990515907,298,-2570,-16808,-53,-173,33,resting,0.00,0,0,0,0,0
1779990515911,228,-2526,-16591,-23,-190,15,resting,0.00,0,0,0,0,0
1779990515911,16,-2431,-16474,-5,-211,-12,resting,0.00,0,0,0,0,0
1779990515937,-259,-2417,-16174,1,-233,-34,resting,0.00,0,0,0,0,0
1779990515937,-298,-2371,-16072,3,-248,-41,resting,0.00,0,0,0,0,0
1779990515938,-345,-2302,-15969,33,-274,-42,resting,0.00,0,0,0,0,0
1779990515969,-700,-2086,-15744,62,-301,-51,resting,0.00,0,0,0,0,0
1779990515970,-1285,-1948,-15867,74,-315,-65,resting,0.00,0,0,0,0,0
1779990515971,-1405,-1978,-16098,97,-307,-58,resting,0.00,0,0,0,0,0
1779990516002,-1213,-2006,-16210,117,-318,-48,resting,0.00,0,0,0,0,0
1779990516003,-1336,-1922,-16304,107,-322,-43,resting,0.00,0,0,0,0,0
1779990516004,-1587,-1926,-16530,116,-298,-38,resting,0.00,0,0,0,0,0
1779990516029,-1716,-2023,-16860,130,-273,-36,resting,0.00,0,0,0,0,0
1779990516035,-1743,-2363,-17053,121,-255,-40,resting,0.00,0,0,0,0,0
1779990516035,-1777,-2977,-16813,76,-231,-34,resting,0.00,0,0,0,0,0
1779990516060,-2225,-3356,-16779,6,-212,-28,resting,0.00,0,0,0,0,0
1779990516061,-2419,-3388,-16933,-95,-204,-38,resting,0.00,0,0,0,0,0
1779990516062,-2263,-2699,-17039,-195,-209,-70,resting,0.00,0,0,0,0,0
1779990516091,-1674,-2154,-17079,-245,-212,-113,resting,0.00,0,0,0,0,0
1779990516092,-1110,-1685,-17035,-269,-205,-110,resting,0.00,0,0,0,0,0
1779990516094,-781,-1176,-16804,-236,-192,-58,resting,0.00,0,0,0,0,0
1779990516118,-786,-1170,-16692,-183,-163,-8,resting,0.00,0,0,0,0,0
1779990516119,-845,-1457,-16552,-133,-140,29,resting,0.00,0,0,0,0,0
1779990516119,-829,-1383,-16840,-79,-128,16,resting,0.00,0,0,0,0,0
1779990516147,-118,-1683,-16506,-6,-134,-14,resting,0.00,0,0,0,0,0
1779990516147,546,-2258,-15945,38,-169,-19,resting,0.00,0,0,0,0,0
1779990516148,-375,-3245,-15998,44,-192,-56,resting,0.00,0,0,0,0,0
1779990516181,-1542,-3313,-16410,-2,-219,-101,resting,0.00,0,0,0,0,0
1779990516181,-1577,-3146,-16572,-128,-254,-178,resting,0.00,0,0,0,0,0
1779990516182,-1273,-2861,-16343,-250,-293,-242,resting,0.00,0,0,0,0,0
1779990516210,-1208,-2582,-15976,-315,-294,-250,resting,0.00,0,0,0,0,0
1779990516212,-1573,-2159,-15974,-319,-270,-235,resting,0.00,0,0,0,0,0
1779990516212,-1915,-2112,-16085,-279,-244,-255,resting,0.00,0,0,0,0,0
1779990516237,-1783,-2516,-16071,-257,-237,-303,resting,0.00,0,0,0,0,0
1779990516238,-1332,-3016,-15846,-301,-243,-343,resting,0.00,0,0,0,0,0
1779990516239,-1319,-2974,-15627,-413,-259,-373,resting,0.00,0,0,0,0,0
1779990516269,-1978,-2352,-15485,-536,-269,-403,resting,0.00,0,0,0,0,0
1779990516270,-2736,-1518,-15105,-626,-271,-405,resting,0.00,0,0,0,0,0
1779990516270,-2787,-325,-15243,-665,-270,-397,resting,0.00,0,0,0,0,0
1779990516302,-2622,879,-15407,-593,-256,-392,resting,0.00,0,0,0,0,0
1779990516303,-2527,1024,-15170,-432,-228,-358,resting,0.00,0,0,0,0,0
1779990516304,-2217,505,-15361,-237,-201,-302,resting,0.00,0,0,0,0,0
1779990516329,-2260,-381,-15768,-50,-185,-270,resting,0.00,0,0,0,0,0
1779990516330,-2618,-1321,-15993,36,-173,-262,resting,0.00,0,0,0,0,0
1779990516331,-2802,-1944,-15922,22,-177,-237,resting,0.00,0,0,0,0,0
1779990516366,-2751,-1629,-15497,-40,-201,-206,resting,0.00,0,0,0,0,0
1779990516367,-2979,-990,-15279,-63,-214,-194,resting,0.00,0,0,0,0,0
1779990516368,-2299,-538,-14966,-7,-233,-188,resting,0.00,0,0,0,0,0
1779990516387,-1876,-883,-15072,27,-332,-153,resting,0.00,0,0,0,0,0
1779990516388,-1904,-1554,-14967,90,-378,-101,resting,0.00,0,0,0,0,0
1779990516389,-2028,-2130,-15237,109,-445,-37,resting,0.00,0,0,0,0,0
1779990516421,-1171,-2704,-16066,57,-499,-13,resting,0.00,0,0,0,0,0
1779990516422,1243,-2702,-13881,75,-542,-32,resting,0.00,0,0,0,0,0
1779990516423,1269,-2714,-12594,53,-715,-65,resting,0.00,0,0,0,0,0
1779990516448,-1997,-3886,-14132,-19,-870,-137,resting,0.00,0,0,0,0,0
1779990516452,-4405,-3062,-14641,-43,-931,-169,resting,0.00,0,0,0,0,0
1779990516453,-4622,-1680,-14432,22,-995,-167,resting,0.00,0,0,0,0,0
1779990516477,-1701,-4300,-16198,256,-895,-260,resting,0.00,0,0,0,0,0
1779990516478,3559,-4322,-14089,399,-864,-452,resting,0.00,0,0,0,0,0
1779990516479,-359,-3367,-11593,193,-1312,-683,resting,0.00,0,0,0,0,0
1779990516511,-7120,-4222,-13580,-100,-1431,-807,resting,0.00,0,0,0,0,0
1779990516511,-7978,-3296,-14054,-262,-1418,-502,resting,0.00,0,0,0,0,0
1779990516512,-3844,550,-15331,-228,-1449,-309,resting,0.00,0,0,0,0,0
1779990516537,-3445,597,-15479,178,-1489,-570,resting,0.00,0,0,0,0,0
1779990516538,-6567,-1685,-15439,493,-1535,-746,resting,0.00,0,0,0,0,0
1779990516539,-7032,-1963,-16057,499,-1428,-708,resting,0.00,0,0,0,0,0
1779990516569,-6298,-2191,-17109,427,-1377,-690,resting,0.00,0,0,0,0,0
1779990516570,-6355,-3371,-17721,297,-1421,-699,resting,0.00,0,0,0,0,0
1779990516570,-7547,-1539,-19309,-38,-1477,-622,resting,0.00,0,0,0,0,0
1779990516597,-8169,2211,-22538,-235,-1227,-593,resting,0.00,0,0,0,0,0
1779990516598,-7695,3152,-24525,-106,-837,-523,resting,0.00,0,0,0,0,0
1779990516602,-7509,540,-23026,29,-514,-343,resting,0.00,0,0,0,0,0
1779990516628,-8633,-909,-20031,-89,-326,-67,resting,0.00,0,0,0,0,0
1779990516628,-8931,-1456,-18394,-131,-151,123,resting,0.00,0,0,0,0,0
1779990516629,-8284,-2329,-16637,2,-70,167,resting,0.00,0,0,0,0,0
1779990516659,-7378,-3843,-15317,103,-79,121,resting,0.00,0,0,0,0,0
1779990516659,-6658,-5237,-14857,147,-123,75,resting,0.00,0,0,0,0,0
1779990516660,-6412,-5705,-15261,104,-167,39,resting,0.00,0,0,0,0,0
1779990516688,-6496,-5366,-15868,30,-189,-36,resting,0.00,0,0,0,0,0
1779990516689,-6754,-4394,-16236,-29,-185,-121,resting,0.00,0,0,0,0,0
1779990516690,-6658,-3275,-16263,-54,-159,-157,resting,0.00,0,0,0,0,0
1779990516718,-6595,-2450,-16164,-51,-130,-150,resting,0.00,0,0,0,0,0
1779990516719,-6710,-1467,-15348,12,-79,-63,resting,0.00,0,0,0,0,0
1779990516720,-6769,-1502,-14985,48,-67,-23,resting,0.00,0,0,0,0,0
1779990516751,-6681,-1855,-14806,62,-58,11,resting,0.00,0,0,0,0,0
1779990516751,-6486,-2040,-14703,50,-46,34,resting,0.00,0,0,0,0,0
1779990516753,-6297,-2101,-14619,22,-39,30,resting,0.00,0,0,0,0,0
1779990516777,-6420,-2148,-14663,-6,-25,4,resting,0.00,0,0,0,0,0
1779990516778,-6414,-2149,-14734,-17,8,-20,resting,0.00,0,0,0,0,0
1779990516779,-6557,-2217,-14757,-40,13,-54,resting,0.00,0,0,0,0,0
1779990516813,-6740,-2251,-14743,-70,22,-77,resting,0.00,0,0,0,0,0
1779990516814,-6680,-2278,-14735,-102,40,-81,resting,0.00,0,0,0,0,0
1779990516814,-6582,-2074,-14822,-138,47,-76,resting,0.00,0,0,0,0,0
1779990516843,-6409,-1895,-14981,-150,53,-67,resting,0.00,0,0,0,0,0
1779990516844,-6378,-1775,-15121,-158,46,-60,resting,0.00,0,0,0,0,0
1779990516845,-6278,-1954,-15084,-149,48,-48,resting,0.00,0,0,0,0,0
1779990516868,-6267,-2104,-14974,-170,46,-41,resting,0.00,0,0,0,0,0
1779990516868,-6245,-2193,-15019,-197,43,-42,resting,0.00,0,0,0,0,0
1779990516869,-6202,-2205,-14934,-210,40,-41,resting,0.00,0,0,0,0,0
1779990516901,-6171,-2083,-14998,-215,37,-35,resting,0.00,0,0,0,0,0
1779990516903,-6253,-2113,-15068,-208,31,-32,resting,0.00,0,0,0,0,0
1779990516904,-6294,-2199,-15191,-192,37,-28,resting,0.00,0,0,0,0,0
1779990516931,-6243,-2293,-15275,-183,42,-31,resting,0.00,0,0,0,0,0
1779990516932,-6474,-2119,-15358,-195,39,-40,resting,0.00,0,0,0,0,0
1779990516935,-6476,-2117,-15376,-193,53,-43,resting,0.00,0,0,0,0,0
1779990516958,-6355,-2055,-15410,-205,45,-47,resting,0.00,0,0,0,0,0
1779990516959,-6438,-2022,-15511,-216,31,-41,resting,0.00,0,0,0,0,0
1779990516959,-6555,-1765,-15570,-216,37,-19,resting,0.00,0,0,0,0,0
1779990516987,-6458,-1579,-15655,-186,59,-7,resting,0.00,0,0,0,0,0
1779990516988,-6186,-1726,-15549,-143,59,-11,resting,0.00,0,0,0,0,0
1779990516988,-6182,-1840,-15614,-149,31,-13,resting,0.00,0,0,0,0,0
1779990517018,-6292,-1816,-15529,-153,22,5,resting,0.00,0,0,0,0,0
1779990517020,-6283,-1698,-15506,-150,17,15,resting,0.00,0,0,0,0,0
1779990517021,-6315,-1650,-15592,-139,13,9,resting,0.00,0,0,0,0,0
1779990517051,-6446,-1630,-15653,-115,13,7,resting,0.00,0,0,0,0,0
1779990517052,-6660,-1597,-15723,-91,37,18,resting,0.00,0,0,0,0,0
1779990517052,-6434,-1864,-15601,-68,54,12,resting,0.00,0,0,0,0,0
1779990517079,-6458,-1914,-15545,-100,34,-4,resting,0.00,0,0,0,0,0
1779990517080,-6550,-1816,-15383,-128,35,5,resting,0.00,0,0,0,0,0
1779990517081,-6514,-1578,-15245,-147,36,14,resting,0.00,0,0,0,0,0
1779990517109,-6275,-1435,-15236,-154,29,13,resting,0.00,0,0,0,0,0
1779990517110,-6111,-1387,-15300,-149,18,13,resting,0.00,0,0,0,0,0
1779990517111,-6107,-1315,-15361,-145,7,15,resting,0.00,0,0,0,0,0
1779990517137,-6134,-1350,-15354,-138,-10,7,resting,0.00,0,0,0,0,0
1779990517138,-6249,-1379,-15387,-144,-23,-5,resting,0.00,0,0,0,0,0
1779990517139,-6357,-1312,-15292,-143,-23,-8,resting,0.00,0,0,0,0,0
1779990517167,-6289,-1181,-15163,-133,-11,0,resting,0.00,0,0,0,0,0
1779990517168,-6054,-1431,-15137,-121,-13,-9,resting,0.00,0,0,0,0,0
1779990517169,-6175,-1674,-15358,-139,-31,-21,resting,0.00,0,0,0,0,0
1779990517200,-6404,-1543,-15484,-156,-30,-14,resting,0.00,0,0,0,0,0
1779990517201,-6562,-1324,-15531,-150,-16,-12,resting,0.00,0,0,0,0,0
1779990517202,-6571,-1370,-15570,-137,-6,-20,resting,0.00,0,0,0,0,0
1779990517229,-6412,-1443,-15651,-127,2,-19,resting,0.00,0,0,0,0,0
1779990517230,-6394,-1333,-15740,-120,7,-16,resting,0.00,0,0,0,0,0
1779990517231,-6560,-1166,-15851,-114,9,-19,resting,0.00,0,0,0,0,0
1779990517259,-6591,-1154,-15834,-99,14,-10,resting,0.00,0,0,0,0,0
1779990517260,-6606,-1098,-15789,-81,18,0,resting,0.00,0,0,0,0,0
1779990517261,-6538,-1105,-15693,-56,22,6,resting,0.00,0,0,0,0,0
1779990517287,-6474,-1187,-15639,-36,24,10,resting,0.00,0,0,0,0,0
1779990517287,-6459,-1291,-15586,-30,24,13,resting,0.00,0,0,0,0,0
1779990517288,-6410,-1279,-15498,-30,20,12,resting,0.00,0,0,0,0,0
1779990517318,-6393,-1197,-15449,-36,19,11,resting,0.00,0,0,0,0,0
1779990517318,-6380,-1117,-15423,-31,19,11,resting,0.00,0,0,0,0,0
1779990517319,-6407,-1014,-15426,-17,23,9,resting,0.00,0,0,0,0,0
1779990517347,-6368,-1073,-15386,-4,26,9,resting,0.00,0,0,0,0,0
1779990517350,-6270,-1132,-15311,-3,26,11,resting,0.00,0,0,0,0,0
1779990517351,-6225,-1184,-15293,-12,22,10,resting,0.00,0,0,0,0,0
1779990517377,-6261,-1209,-15305,-28,18,9,resting,0.00,0,0,0,0,0
1779990517379,-6211,-1132,-15303,-40,16,12,resting,0.00,0,0,0,0,0
1779990517379,-6138,-1154,-15321,-45,12,11,resting,0.00,0,0,0,0,0
1779990517412,-6213,-1231,-15288,-45,7,8,resting,0.00,0,0,0,0,0
1779990517413,-6334,-1245,-15363,-50,6,8,resting,0.00,0,0,0,0,0
1779990517414,-6449,-1198,-15368,-52,10,9,resting,0.00,0,0,0,0,0
1779990517437,-6423,-1125,-15427,-48,15,12,resting,0.00,0,0,0,0,0
1779990517443,-6327,-1059,-15397,-33,16,18,resting,0.00,0,0,0,0,0
1779990517443,-6273,-1137,-15387,-21,16,23,resting,0.00,0,0,0,0,0
1779990517468,-6249,-1132,-15389,-21,17,29,resting,0.00,0,0,0,0,0
1779990517469,-6254,-1122,-15390,-19,15,29,resting,0.00,0,0,0,0,0
1779990517470,-6340,-1191,-15398,-22,15,27,resting,0.00,0,0,0,0,0
1779990517501,-6403,-1152,-15366,-26,18,26,resting,0.00,0,0,0,0,0
1779990517501,-6454,-1120,-15385,-31,22,21,resting,0.00,0,0,0,0,0
1779990517502,-6424,-1056,-15369,-34,27,21,resting,0.00,0,0,0,0,0
1779990517527,-6396,-991,-15393,-30,31,22,resting,0.00,0,0,0,0,0
1779990517529,-6373,-1005,-15350,-26,34,21,resting,0.00,0,0,0,0,0
1779990517529,-6226,-1031,-15375,-27,34,20,resting,0.00,0,0,0,0,0
1779990517559,-6129,-1001,-15435,-33,26,16,resting,0.00,0,0,0,0,0
1779990517560,-6235,-976,-15452,-35,17,11,resting,0.00,0,0,0,0,0
1779990517561,-6382,-991,-15522,-38,16,9,resting,0.00,0,0,0,0,0
1779990517587,-6429,-969,-15548,-42,17,10,resting,0.00,0,0,0,0,0
1779990517587,-6350,-1018,-15499,-38,19,11,resting,0.00,0,0,0,0,0
1779990517588,-6311,-1091,-15513,-36,21,9,resting,0.00,0,0,0,0,0
1779990517620,-6315,-1145,-15501,-38,20,9,resting,0.00,0,0,0,0,0
1779990517650,-6304,-1091,-15498,-38,19,10,resting,0.00,0,0,0,0,0
1779990517652,-6270,-1066,-15440,-34,18,7,resting,0.00,0,0,0,0,0
1779990517653,-6314,-1104,-15508,-32,18,5,resting,0.00,0,0,0,0,0
1779990517653,-6284,-1087,-15485,-32,20,4,resting,0.00,0,0,0,0,0
1779990517654,-6272,-1001,-15372,-33,21,5,resting,0.00,0,0,0,0,0
1779990517679,-6296,-940,-15361,-27,21,8,resting,0.00,0,0,0,0,0
1779990517679,-6261,-945,-15413,-22,22,10,resting,0.00,0,0,0,0,0
1779990517680,-6245,-1040,-15413,-20,23,10,resting,0.00,0,0,0,0,0
1779990517709,-6181,-1018,-15403,-28,21,7,resting,0.00,0,0,0,0,0
1779990517710,-6170,-974,-15378,-37,18,4,resting,0.00,0,0,0,0,0
1779990517710,-6240,-935,-15370,-45,15,4,resting,0.00,0,0,0,0,0
1779990517737,-6310,-927,-15471,-51,13,4,resting,0.00,0,0,0,0,0
1779990517738,-6377,-911,-15548,-49,14,3,resting,0.00,0,0,0,0,0
1779990517739,-6441,-922,-15536,-43,20,6,resting,0.00,0,0,0,0,0
1779990517768,-6484,-944,-15526,-37,25,9,resting,0.00,0,0,0,0,0
1779990517769,-6355,-995,-15579,-27,28,10,resting,0.00,0,0,0,0,0
1779990517770,-6270,-1115,-15519,-22,27,11,resting,0.00,0,0,0,0,0
1779990517804,-6215,-1125,-15392,-31,25,10,resting,0.00,0,0,0,0,0
1779990517804,-6163,-1041,-15371,-42,23,12,resting,0.00,0,0,0,0,0
1779990517805,-6151,-984,-15406,-42,20,15,resting,0.00,0,0,0,0,0
1779990517828,-6159,-948,-15372,-35,17,22,resting,0.00,0,0,0,0,0
1779990517829,-6188,-918,-15391,-29,18,28,resting,0.00,0,0,0,0,0
1779990517829,-6210,-912,-15396,-17,21,26,resting,0.00,0,0,0,0,0
1779990517858,-6263,-989,-15315,-20,25,22,resting,0.00,0,0,0,0,0
1779990517859,-6214,-894,-15340,-33,25,26,resting,0.00,0,0,0,0,0
1779990517860,-6208,-866,-15338,-37,25,29,resting,0.00,0,0,0,0,0
1779990517887,-6230,-876,-15325,-37,28,34,resting,0.00,0,0,0,0,0
1779990517888,-6286,-942,-15374,-36,33,37,resting,0.00,0,0,0,0,0
1779990517888,-6319,-996,-15377,-37,40,36,resting,0.00,0,0,0,0,0
1779990517918,-6331,-971,-15337,-40,48,33,resting,0.00,0,0,0,0,0
1779990517918,-6321,-939,-15333,-42,56,32,resting,0.00,0,0,0,0,0
1779990517920,-6289,-882,-15402,-46,60,28,resting,0.00,0,0,0,0,0
1779990517948,-6192,-880,-15412,-54,58,24,resting,0.00,0,0,0,0,0
1779990517948,-6163,-774,-15413,-63,54,21,resting,0.00,0,0,0,0,0
1779990517950,-6207,-696,-15498,-62,57,21,resting,0.00,0,0,0,0,0
1779990517977,-6151,-661,-15554,-57,60,26,resting,0.00,0,0,0,0,0
1779990517978,-6202,-670,-15522,-53,60,30,resting,0.00,0,0,0,0,0
1779990517979,-6235,-748,-15512,-48,61,30,resting,0.00,0,0,0,0,0
1779990518009,-6203,-830,-15463,-47,64,29,resting,0.00,0,0,0,0,0
1779990518010,-6175,-872,-15495,-54,64,25,resting,0.00,0,0,0,0,0
1779990518010,-6238,-912,-15471,-65,59,21,resting,0.00,0,0,0,0,0
1779990518037,-6145,-752,-15527,-79,57,18,resting,0.00,0,0,0,0,0
1779990518038,-6099,-715,-15622,-78,52,17,resting,0.00,0,0,0,0,0
1779990518039,-6218,-667,-15609,-65,47,22,resting,0.00,0,0,0,0,0
1779990518070,-6211,-649,-15656,-56,54,25,resting,0.00,0,0,0,0,0
1779990518070,-6171,-632,-15711,-35,60,27,resting,0.00,0,0,0,0,0
1779990518071,-6127,-781,-15661,-12,58,30,resting,0.00,0,0,0,0,0
1779990518100,-6044,-874,-15587,-9,57,39,resting,0.00,0,0,0,0,0
1779990518100,-5976,-836,-15600,-21,57,43,resting,0.00,0,0,0,0,0
1779990518101,-5981,-718,-15542,-24,55,42,resting,0.00,0,0,0,0,0
1779990518129,-6068,-726,-15575,-17,48,43,resting,0.00,0,0,0,0,0
1779990518130,-6106,-601,-15513,-20,47,51,resting,0.00,0,0,0,0,0
1779990518136,-6155,-527,-15472,-12,65,37,resting,0.00,0,0,0,0,0
1779990518158,-6133,-755,-15368,-3,73,41,resting,0.00,0,0,0,0,0
1779990518159,-5919,-897,-15402,-34,76,58,resting,0.00,0,0,0,0,0
1779990518160,-5799,-844,-15437,-55,76,70,resting,0.00,0,0,0,0,0
1779990518187,-5873,-803,-15442,-67,72,77,resting,0.00,0,0,0,0,0
1779990518188,-5994,-669,-15555,-71,71,85,resting,0.00,0,0,0,0,0
1779990518189,-6018,-603,-15695,-59,72,87,resting,0.00,0,0,0,0,0
1779990518219,-6117,-632,-15824,-39,73,87,resting,0.00,0,0,0,0,0
1779990518220,-6407,-611,-15940,-25,76,92,resting,0.00,0,0,0,0,0
1779990518220,-6629,-537,-16052,-10,84,90,resting,0.00,0,0,0,0,0
1779990518249,-6679,-669,-16077,5,94,86,resting,0.00,0,0,0,0,0
1779990518250,-6508,-613,-15943,8,110,90,resting,0.00,0,0,0,0,0
1779990518250,-6430,-846,-15853,5,136,87,resting,0.00,0,0,0,0,0
1779990518277,-6277,-899,-15642,-19,155,100,resting,0.00,0,0,0,0,0
1779990518283,-5969,-1001,-15422,-48,180,109,resting,0.00,0,0,0,0,0
1779990518283,-5691,-806,-15256,-72,196,114,resting,0.00,0,0,0,0,0
1779990518309,-5584,-648,-15188,-73,205,113,resting,0.00,0,0,0,0,0
1779990518310,-5547,-388,-15174,-67,204,112,resting,0.00,0,0,0,0,0
1779990518311,-5520,-152,-15239,-61,205,98,resting,0.00,0,0,0,0,0
1779990518341,-5521,-133,-15129,-32,210,90,resting,0.00,0,0,0,0,0
1779990518342,-5426,-256,-15036,-25,215,92,resting,0.00,0,0,0,0,0
1779990518342,-5165,-373,-15034,-38,220,104,resting,0.00,0,0,0,0,0
1779990518368,-4949,-383,-14995,-57,218,117,resting,0.00,0,0,0,0,0
1779990518369,-4892,-434,-14922,-67,214,121,resting,0.00,0,0,0,0,0
1779990518370,-5006,-534,-14901,-84,207,123,resting,0.00,0,0,0,0,0
1779990518403,-5083,-686,-14923,-100,204,132,resting,0.00,0,0,0,0,0
1779990518403,-5122,-823,-14927,-132,205,141,resting,0.00,0,0,0,0,0
1779990518404,-5114,-832,-14905,-160,203,140,resting,0.00,0,0,0,0,0
1779990518428,-5081,-757,-15078,-178,201,140,resting,0.00,0,0,0,0,0
1779990518428,-4943,-643,-15259,-197,197,144,resting,0.00,0,0,0,0,0
1779990518429,-4865,-483,-15363,-207,190,148,resting,0.00,0,0,0,0,0
1779990518459,-4878,-277,-15547,-219,178,147,resting,0.00,0,0,0,0,0
1779990518460,-4958,-116,-15755,-218,158,152,resting,0.00,0,0,0,0,0
1779990518461,-5005,31,-15983,-219,138,165,resting,0.00,0,0,0,0,0
1779990518487,-5086,136,-16216,-209,118,178,resting,0.00,0,0,0,0,0
1779990518495,-5244,153,-16473,-193,104,192,resting,0.00,0,0,0,0,0
1779990518496,-5416,67,-16708,-173,106,206,resting,0.00,0,0,0,0,0
1779990518518,-5631,37,-16769,-150,115,221,resting,0.00,0,0,0,0,0
1779990518519,-5763,10,-16702,-125,132,234,resting,0.00,0,0,0,0,0
1779990518520,-5849,8,-16586,-95,148,242,resting,0.00,0,0,0,0,0
1779990518550,-5739,63,-16444,-59,157,241,resting,0.00,0,0,0,0,0
1779990518550,-5611,-48,-16273,-33,164,237,resting,0.00,0,0,0,0,0
1779990518551,-5531,-162,-16163,-33,163,235,resting,0.00,0,0,0,0,0
1779990518577,-5380,-52,-16147,-56,162,232,resting,0.00,0,0,0,0,0
1779990518578,-5152,172,-16100,-82,164,226,resting,0.00,0,0,0,0,0
1779990518578,-4944,381,-16011,-97,163,222,resting,0.00,0,0,0,0,0
1779990518608,-4750,487,-15899,-102,160,227,resting,0.00,0,0,0,0,0
1779990518608,-4453,570,-15826,-108,151,239,resting,0.00,0,0,0,0,0
1779990518609,-4257,621,-15805,-108,138,246,resting,0.00,0,0,0,0,0
1779990518641,-4297,607,-15768,-98,115,253,resting,0.00,0,0,0,0,0
1779990518642,-4246,509,-15799,-93,94,258,resting,0.00,0,0,0,0,0
1779990518643,-4186,488,-15828,-83,72,255,resting,0.00,0,0,0,0,0
1779990518668,-4305,485,-15864,-67,47,249,resting,0.00,0,0,0,0,0
1779990518669,-4399,516,-15989,-55,24,244,resting,0.00,0,0,0,0,0
1779990518670,-4583,529,-16034,-34,6,239,resting,0.00,0,0,0,0,0
1779990518699,-4686,577,-16085,-13,-10,236,resting,0.00,0,0,0,0,0
1779990518699,-4793,549,-16132,2,-22,236,resting,0.00,0,0,0,0,0
1779990518700,-4764,503,-16207,10,-29,236,resting,0.00,0,0,0,0,0
1779990518728,-4838,466,-16227,5,-40,240,resting,0.00,0,0,0,0,0
1779990518728,-4894,586,-16277,-6,-52,245,resting,0.00,0,0,0,0,0
1779990518732,-4983,760,-16308,-3,-60,247,resting,0.00,0,0,0,0,0
1779990518757,-5123,822,-16311,13,-67,245,resting,0.00,0,0,0,0,0
1779990518758,-5126,846,-16309,35,-71,240,resting,0.00,0,0,0,0,0
1779990518759,-5118,784,-16349,54,-75,228,resting,0.00,0,0,0,0,0
1779990518787,-5147,791,-16333,59,-77,216,resting,0.00,0,0,0,0,0
1779990518793,-5236,934,-16255,75,-74,203,resting,0.00,0,0,0,0,0
1779990518794,-5197,1022,-16169,93,-72,190,resting,0.00,0,0,0,0,0
1779990518817,-5136,972,-16148,113,-73,167,resting,0.00,0,0,0,0,0
1779990518817,-5091,883,-16151,116,-77,148,resting,0.00,0,0,0,0,0
1779990518819,-5200,1009,-16123,107,-83,136,resting,0.00,0,0,0,0,0
1779990518849,-5286,975,-16052,106,-84,126,resting,0.00,0,0,0,0,0
1779990518852,-5330,957,-16012,106,-76,118,resting,0.00,0,0,0,0,0
1779990518853,-5357,845,-15918,113,-62,107,resting,0.00,0,0,0,0,0
1779990518877,-5364,756,-15666,111,-48,96,resting,0.00,0,0,0,0,0
1779990518878,-5265,683,-15525,99,-37,81,resting,0.00,0,0,0,0,0
1779990518878,-5101,574,-15402,83,-26,61,resting,0.00,0,0,0,0,0
1779990518908,-5012,591,-15336,59,-21,43,resting,0.00,0,0,0,0,0
1779990518908,-4933,727,-15271,36,-18,30,resting,0.00,0,0,0,0,0
1779990518909,-4879,695,-15251,20,-10,20,resting,0.00,0,0,0,0,0
1779990518939,-4839,682,-15322,3,0,13,resting,0.00,0,0,0,0,0
1779990518940,-4891,620,-15357,-8,7,4,resting,0.00,0,0,0,0,0
1779990518941,-4941,515,-15419,-30,13,-2,resting,0.00,0,0,0,0,0
1779990518969,-5003,491,-15496,-50,24,-6,resting,0.00,0,0,0,0,0
1779990518969,-5031,458,-15524,-66,33,-10,resting,0.00,0,0,0,0,0
1779990518970,-5019,434,-15614,-80,39,-14,resting,0.00,0,0,0,0,0
1779990518998,-4963,329,-15717,-106,43,-21,resting,0.00,0,0,0,0,0
1779990518999,-5004,433,-15862,-118,47,-20,resting,0.00,0,0,0,0,0
1779990518999,-5018,543,-15967,-112,50,-17,resting,0.00,0,0,0,0,0
1779990519032,-5083,609,-15958,-92,53,-14,resting,0.00,0,0,0,0,0
1779990519033,-5080,582,-16021,-65,54,-15,resting,0.00,0,0,0,0,0
1779990519034,-5003,502,-15960,-51,57,-14,resting,0.00,0,0,0,0,0
1779990519060,-4942,385,-16014,-53,53,-15,resting,0.00,0,0,0,0,0
1779990519061,-4968,337,-15980,-62,48,-15,resting,0.00,0,0,0,0,0
1779990519061,-4973,444,-15892,-84,47,-17,resting,0.00,0,0,0,0,0
1779990519091,-4977,644,-15753,-89,45,-17,resting,0.00,0,0,0,0,0
1779990519091,-4895,697,-15670,-81,45,-17,resting,0.00,0,0,0,0,0
1779990519092,-4841,565,-15615,-74,46,-17,resting,0.00,0,0,0,0,0
1779990519118,-4921,584,-15612,-80,47,-11,resting,0.00,0,0,0,0,0
1779990519119,-4981,672,-15573,-81,54,-8,resting,0.00,0,0,0,0,0
1779990519120,-4870,692,-15568,-80,64,-10,resting,0.00,0,0,0,0,0
1779990519148,-4735,694,-15510,-81,66,-13,resting,0.00,0,0,0,0,0
1779990519149,-4606,694,-15561,-84,61,-12,resting,0.00,0,0,0,0,0
1779990519149,-4550,812,-15719,-89,50,-12,resting,0.00,0,0,0,0,0
1779990519182,-4614,824,-15939,-87,35,-18,resting,0.00,0,0,0,0,0
1779990519183,-4689,825,-16171,-87,19,-27,resting,0.00,0,0,0,0,0
1779990519184,-4912,795,-16261,-83,14,-34,resting,0.00,0,0,0,0,0
1779990519208,-5060,743,-16307,-87,18,-25,resting,0.00,0,0,0,0,0
1779990519209,-5190,730,-16304,-97,23,-16,resting,0.00,0,0,0,0,0
1779990519209,-5231,742,-16231,-99,27,-15,resting,0.00,0,0,0,0,0
1779990519240,-5250,789,-16124,-93,32,-12,resting,0.00,0,0,0,0,0
1779990519240,-5184,858,-16101,-78,37,-6,resting,0.00,0,0,0,0,0
1779990519241,-5070,821,-16103,-53,39,-1,resting,0.00,0,0,0,0,0
1779990519267,-4962,681,-16013,-36,40,-1,resting,0.00,0,0,0,0,0
1779990519268,-4786,673,-15980,-31,40,2,resting,0.00,0,0,0,0,0
1779990519269,-4619,785,-15985,-29,33,9,resting,0.00,0,0,0,0,0
1779990519298,-4583,795,-15946,-23,23,14,resting,0.00,0,0,0,0,0
1779990519302,-4628,768,-16027,-14,16,19,resting,0.00,0,0,0,0,0
1779990519302,-4689,780,-15995,-3,11,23,resting,0.00,0,0,0,0,0
1779990519326,-4697,759,-15932,1,7,28,resting,0.00,0,0,0,0,0
1779990519327,-4827,798,-15947,6,5,32,resting,0.00,0,0,0,0,0
1779990519327,-4904,812,-15891,15,5,34,resting,0.00,0,0,0,0,0
