timestamp_ms,ax,ay,az,gx,gy,gz,label,temp_c,steps,bat_mv,bat_soc,hr_bpm,spo2_pct
1781814457622,-4338,-15158,7485,-50,-35,9,walking,0.00,0,4037,81,78,91
1781814457646,-4209,-15028,6836,-106,-3,83,walking,0.00,0,4037,81,78,91
1781814457647,-4384,-14428,6741,-135,-2,84,walking,0.00,0,4037,81,78,91
1781814457676,-4457,-14057,6603,-95,24,34,walking,0.00,0,4037,81,78,91
1781814457706,-4375,-14171,6531,-80,29,20,walking,0.00,0,4037,81,78,91
1781814457712,-4338,-14324,6483,-88,35,3,walking,0.00,0,4037,81,78,91
1781814457738,-4215,-14272,6227,-136,25,15,walking,0.00,0,4037,81,78,91
1781814457738,-4356,-13518,5720,-168,14,47,walking,0.00,0,4037,81,78,91
1781814457768,-4674,-12559,5101,-153,9,48,walking,0.00,0,4037,81,78,91
1781814457795,-5336,-12685,5071,-100,18,18,walking,0.00,0,4037,81,78,91
1781814457796,-5996,-13241,5170,-80,36,-6,walking,0.00,0,4037,81,78,91
1781814457825,-6426,-13680,5352,-89,51,-11,walking,0.00,0,4037,81,78,91
1781814457860,-6664,-13840,5837,-123,37,-36,walking,0.00,0,4037,81,78,91
1781814457861,-6865,-14129,6567,-119,-9,-92,walking,0.00,0,4037,81,78,91
1781814457888,-6922,-14648,7390,-45,-43,-150,walking,0.00,0,4037,81,78,91
1781814457917,-6837,-14922,7651,25,-47,-160,walking,0.00,0,4037,81,78,91
1781814457918,-6712,-15014,7694,162,-16,-148,walking,0.00,0,4037,81,78,91
1781814457945,-6580,-14554,6914,280,32,-167,walking,0.00,0,4037,81,78,91
1781814457946,-6231,-14326,5897,415,89,-197,walking,0.00,0,4037,81,78,91
1781814457976,-6082,-14358,5131,505,149,-225,walking,0.00,0,4037,81,78,91
1781814458010,-5721,-14172,4458,513,196,-283,walking,0.00,0,4037,81,78,91
1781814458012,-5261,-14639,4287,469,225,-319,walking,0.00,0,4037,81,78,91
1781814458039,-5113,-14818,4335,311,237,-325,walking,0.00,0,4037,81,78,91
1781814458067,-4994,-14483,4239,128,231,-320,walking,0.00,0,4037,81,78,91
1781814458068,-5011,-14155,4313,8,214,-289,walking,0.00,0,4037,81,78,91
1781814458096,-5020,-13318,4391,-50,190,-244,walking,0.00,0,4037,81,78,91
1781814458127,-5012,-13458,4789,-57,151,-213,walking,0.00,0,4037,81,78,91
1781814458129,-5215,-13527,4986,-51,123,-171,walking,0.00,0,4037,81,78,91
1781814458155,-5525,-13476,5215,-32,115,-142,walking,0.00,0,4037,81,78,91
1781814458190,-5679,-13600,5235,-18,119,-142,walking,0.00,0,4037,81,78,91
1781814458198,-5891,-14297,5171,1,141,-157,walking,0.00,0,4037,81,78,91
1781814458224,-5911,-15187,5257,-16,143,-164,walking,0.00,0,4037,81,78,91
1781814458224,-5827,-15808,5470,-53,120,-161,walking,0.00,0,4037,81,78,91
1781814458250,-5745,-16347,5780,-45,101,-148,walking,0.00,0,4037,81,78,91
1781814458279,-5489,-16744,6103,-19,79,-131,walking,0.00,0,4037,81,78,91
1781814458280,-5143,-17019,6232,-6,55,-130,walking,0.00,0,4037,81,78,91
1781814458309,-4977,-17130,6156,43,35,-124,walking,0.00,0,4037,81,78,91
1781814458338,-4909,-17397,6253,104,1,-151,walking,0.00,0,4037,81,78,91
1781814458343,-4937,-18147,6561,125,-48,-157,walking,0.00,0,4037,81,78,91
1781814458367,-4726,-18061,6936,96,-132,-140,walking,0.00,0,4037,81,78,91
1781814458368,-4807,-17763,7543,91,-203,-138,walking,0.00,0,4037,81,78,91
1781814458400,-4288,-17388,7802,114,-239,-140,walking,0.00,0,4037,81,78,91
1781814458428,-3177,-17085,8027,167,-268,-126,walking,0.00,0,4037,81,78,91
1781814458428,-2683,-16477,7876,170,-271,-126,walking,0.00,0,4037,81,78,91
1781814458458,-1618,-15278,7037,144,-213,-93,walking,0.00,0,4037,81,78,91
1781814458488,-1229,-14801,6851,94,-174,-52,walking,0.00,0,4037,81,78,91
1781814458489,-947,-14503,7148,-106,-129,4,walking,0.00,0,4037,81,78,91
1781814458516,-993,-14518,7686,-412,-147,26,walking,0.00,0,4037,81,78,91
1781814458545,-605,-13881,7550,-611,-198,67,walking,0.00,0,4037,81,78,91
1781814458549,-325,-13110,7265,-572,-319,150,walking,0.00,0,4037,81,78,91
1781814458575,-933,-12582,7204,-326,-427,260,walking,0.00,0,4037,81,78,91
1781814458576,-1598,-12798,7201,-65,-524,336,walking,0.00,0,4037,81,78,91
1781814458610,-2541,-13071,7278,105,-562,404,walking,0.00,0,4037,81,78,91
1781814458641,-3412,-13158,7038,186,-543,457,walking,0.00,0,4037,81,78,91
1781814458642,-3880,-12695,6539,201,-470,475,walking,0.00,0,4037,81,78,91
1781814458665,-3851,-12547,5690,200,-382,464,walking,0.00,0,4037,81,78,91
1781814458700,-3326,-12728,5376,184,-317,443,walking,0.00,0,4037,81,78,91
1781814458700,-2718,-13381,5436,125,-272,437,walking,0.00,0,4037,81,78,91
1781814458727,-2418,-13638,5178,46,-254,456,walking,0.00,0,4037,81,78,91
1781814458757,-2639,-13490,4839,3,-276,466,walking,0.00,0,4037,81,78,91
1781814458758,-2838,-13449,4822,8,-290,467,walking,0.00,0,4037,81,78,91
1781814458787,-2953,-13772,5031,48,-315,446,walking,0.00,0,4037,81,78,91
1781814458817,-3300,-14290,5068,86,-314,413,walking,0.00,0,4037,81,78,91
1781814458818,-3585,-14920,4919,78,-286,350,walking,0.00,0,4037,81,78,91
1781814458845,-3884,-15366,4658,18,-244,297,walking,0.00,0,4037,81,78,91
1781814458846,-4457,-15800,4695,-56,-198,228,walking,0.00,0,4037,81,78,91
1781814458878,-4963,-16347,4862,-145,-136,150,walking,0.00,0,4037,81,78,91
1781814458908,-5155,-16992,5276,-217,-90,106,walking,0.00,0,4037,81,78,91
1781814458909,-5359,-17472,6209,-264,-52,106,walking,0.00,0,4037,81,78,91
1781814458935,-5252,-17488,7232,-262,-3,138,walking,0.00,0,4037,81,78,91
1781814458967,-5057,-17379,7500,-246,17,154,walking,0.00,0,4037,81,78,91
1781814458968,-4977,-16789,8000,-180,65,175,walking,0.00,0,4037,81,78,91
1781814458995,-5428,-17056,8679,-57,71,127,walking,0.00,0,4037,81,78,91
1781814459027,-5611,-17394,9883,47,23,45,walking,0.00,0,4037,81,78,91
1781814459029,-5312,-17512,10618,149,49,-31,walking,0.00,0,4037,81,78,91
1781814459057,-4944,-17047,10547,182,159,-59,walking,0.00,0,4037,81,78,91
1781814459059,-4691,-15169,8824,132,321,-33,walking,0.00,0,4037,81,78,91
1781814459085,-5257,-13033,7653,22,462,-31,walking,0.00,0,4037,81,78,91
1781814459115,-6495,-12527,7872,-168,512,-167,walking,0.00,0,4037,81,78,91
1781814459116,-6967,-13420,9240,-334,508,-327,walking,0.00,0,4037,81,78,91
1781814459148,-6995,-13639,9878,-374,511,-367,walking,0.00,0,4037,81,78,91
1781814459178,-6360,-13569,10020,-234,492,-420,walking,0.00,0,4037,81,78,91
1781814459178,-5403,-14038,9841,-42,454,-394,walking,0.00,0,4037,81,78,91
1781814459207,-5049,-13788,9474,70,445,-358,walking,0.00,0,4037,81,78,91
1781814459207,-4787,-13156,8400,328,468,-309,walking,0.00,0,4037,81,78,91
1781814459237,-4610,-12752,7349,491,517,-297,walking,0.00,0,4037,81,78,91
1781814459268,-4311,-11851,5872,495,561,-314,walking,0.00,0,4037,81,78,91
1781814459269,-3685,-11368,4599,431,564,-364,walking,0.00,0,4037,81,78,91
1781814459298,-3669,-11657,4180,266,502,-436,walking,0.00,0,4037,81,78,91
1781814459327,-3933,-11288,4158,54,465,-484,walking,0.00,0,4037,81,78,91
1781814459328,-4236,-10200,4376,-56,466,-554,walking,0.00,0,4037,81,78,91
1781814459356,-4417,-9904,4575,-50,438,-624,walking,0.00,0,4037,81,78,91
1781814459390,-4436,-10846,5094,7,352,-664,walking,0.00,0,4037,81,78,91
1781814459391,-4345,-12124,5989,23,255,-636,walking,0.00,0,4037,81,78,91
1781814459415,-4158,-12452,6566,-28,198,-586,walking,0.00,0,4037,81,78,91
1781814459417,-3972,-12674,6437,-38,168,-582,walking,0.00,0,4037,81,78,91
1781814459448,-3828,-13191,6757,2,92,-553,walking,0.00,0,4037,81,78,91
1781814459475,-4044,-14522,8156,86,32,-555,walking,0.00,0,4037,81,78,91
1781814459475,-4198,-15993,9047,100,25,-531,walking,0.00,0,4037,81,78,91
1781814459507,-4036,-17407,9654,49,-28,-453,walking,0.00,0,4037,81,78,91
1781814459534,-3833,-16779,9428,111,-74,-354,walking,0.00,0,4037,81,78,91
1781814459535,-3731,-15776,9323,345,-129,-314,walking,0.00,0,4037,81,78,91
1781814459565,-3819,-15028,9056,593,-167,-311,walking,0.00,0,4037,81,78,91
1781814459600,-3158,-15910,9288,807,-214,-374,walking,0.00,0,4037,81,78,91
1781814459600,-3121,-16693,10101,911,-263,-337,walking,0.00,0,4037,81,78,91
1781814459625,-3331,-12545,10493,904,-328,-416,walking,0.00,0,4037,81,78,91
1781814459655,-2333,-16820,11588,986,-312,-542,walking,0.00,0,4037,81,78,91
1781814459655,-1954,-13282,9715,1117,-125,31,walking,0.00,0,4037,81,78,91
1781814459687,-1711,-13480,9017,1198,9,-41,walking,0.00,0,4037,81,78,91
1781814459690,-332,-14644,8137,1124,187,170,walking,0.00,0,4037,81,78,91
1781814459715,308,-17006,10321,585,208,226,walking,0.00,0,4037,81,78,91
1781814459748,1091,-16810,11865,-181,163,208,walking,0.00,0,4037,81,78,91
1781814459748,936,-15196,11412,-577,130,279,walking,0.00,0,4037,81,78,91
1781814459776,1539,-13488,9445,-546,80,422,walking,0.00,0,4037,81,78,91
1781814459806,1122,-12723,9258,-193,-55,591,walking,0.00,0,4037,81,78,91
1781814459807,537,-13738,8750,-50,-164,699,walking,0.00,0,4037,81,78,91
1781814459836,107,-12398,7394,-133,-291,713,walking,0.00,0,4037,81,78,91
1781814459840,-642,-11631,7310,-88,-340,691,walking,0.00,0,4037,81,78,91
1781814459868,-1308,-11362,6190,-22,-322,712,walking,0.00,0,4037,81,78,91
1781814459898,-1204,-10921,5402,-97,-363,725,walking,0.00,0,4037,81,78,91
1781814459899,-1638,-10145,5378,-221,-440,691,walking,0.00,0,4037,81,78,91
1781814459925,-2326,-10382,5599,-220,-446,598,walking,0.00,0,4037,81,78,91
1781814459957,-3017,-10420,5322,-181,-423,560,walking,0.00,0,4037,81,78,91
1781814459958,-3271,-10058,5264,-140,-420,480,walking,0.00,0,4037,81,78,91
1781814459989,-3448,-11816,5657,34,-366,347,walking,0.00,0,4037,81,78,91
1781814460020,-3802,-13771,5912,34,-337,425,walking,0.00,0,4037,81,78,91
1781814460021,-4056,-13596,6454,-63,-262,251,walking,0.00,0,4037,81,78,91
1781814460047,-4453,-14951,6497,-88,-194,231,walking,0.00,0,4037,81,78,91
1781814460048,-4721,-15707,7003,-208,-137,170,walking,0.00,0,4037,81,78,91
1781814460075,-5172,-16128,7740,-213,-61,112,walking,0.00,0,4037,81,78,91
1781814460108,-5248,-16769,8201,-104,27,83,walking,0.00,0,4037,81,78,91
1781814460110,-5152,-17152,9301,21,69,98,walking,0.00,0,4037,81,78,91
1781814460135,-5188,-17581,10663,62,99,102,walking,0.00,0,4037,81,78,91
1781814460167,-4872,-17477,10729,136,151,119,walking,0.00,0,4037,81,78,91
1781814460197,-4893,-17800,11180,184,176,125,walking,0.00,0,4037,81,78,91
1781814460198,-5242,-17997,11104,230,153,124,walking,0.00,0,4037,81,78,91
1781814460225,-5672,-18062,12283,242,127,100,walking,0.00,0,4037,81,78,91
1781814460226,-5238,-17079,11819,242,250,80,walking,0.00,0,4037,81,78,91
1781814460258,-3940,-15977,10079,197,406,107,walking,0.00,0,4037,81,78,91
1781814460259,-3729,-14061,8945,-47,524,85,walking,0.00,0,4037,81,78,91
1781814460285,-4728,-12960,8874,-402,572,-5,walking,0.00,0,4037,81,78,91
1781814460316,-5674,-11913,9573,-728,540,-154,walking,0.00,0,4037,81,78,91
1781814460316,-5607,-12072,10683,-780,496,-354,walking,0.00,0,4037,81,78,91
1781814460346,-5188,-12736,11911,-604,453,-420,walking,0.00,0,4037,81,78,91
1781814460375,-4118,-13150,12328,-303,419,-381,walking,0.00,0,4037,81,78,91
1781814460375,-3005,-12765,11453,-15,390,-279,walking,0.00,0,4037,81,78,91
1781814460407,-3257,-11951,10024,174,369,-218,walking,0.00,0,4037,81,78,91
1781814460444,-3424,-11355,8318,250,360,-198,walking,0.00,0,4037,81,78,91
1781814460445,-3562,-10494,7376,267,367,-233,walking,0.00,0,4037,81,78,91
1781814460466,-3456,-10342,6082,236,408,-301,walking,0.00,0,4037,81,78,91
1781814460497,-3413,-10262,5237,130,423,-365,walking,0.00,0,4037,81,78,91
1781814460498,-3773,-10166,4803,6,433,-416,walking,0.00,0,4037,81,78,91
1781814460525,-4054,-9915,4491,-45,426,-444,walking,0.00,0,4037,81,78,91
1781814460526,-4168,-9944,4638,-45,417,-435,walking,0.00,0,4037,81,78,91
1781814460557,-4702,-10787,5281,12,373,-388,walking,0.00,0,4037,81,78,91
1781814460587,-4898,-11070,5665,18,364,-377,walking,0.00,0,4037,81,78,91
1781814460593,-5052,-11878,6350,-57,329,-379,walking,0.00,0,4037,81,78,91
1781814460615,-5209,-13002,6743,-152,257,-381,walking,0.00,0,4037,81,78,91
1781814460647,-5135,-14833,6945,-184,231,-369,walking,0.00,0,4037,81,78,91
1781814460648,-5319,-15239,9516,-256,93,-306,walking,0.00,0,4037,81,78,91
1781814460676,-5189,-16996,11003,-341,80,-260,walking,0.00,0,4037,81,78,91
1781814460706,-4352,-16435,10394,-332,59,-196,walking,0.00,0,4037,81,78,91
1781814460707,-2471,-15888,9583,-139,-17,-166,walking,0.00,0,4037,81,78,91
1781814460738,-1942,-16713,9239,142,-131,-94,walking,0.00,0,4037,81,78,91
1781814460766,-2147,-16596,9212,237,-255,-44,walking,0.00,0,4037,81,78,91
1781814460766,-2059,-17340,9824,196,-324,-79,walking,0.00,0,4037,81,78,91
1781814460798,-912,-17554,10258,100,-492,-104,walking,0.00,0,4037,81,78,91
1781814460825,489,-17136,9518,24,-674,-105,walking,0.00,0,4037,81,78,91
1781814460825,2049,-14738,6294,85,-860,-6,walking,0.00,0,4037,81,78,91
1781814460858,3397,-12918,2357,163,-1120,194,walking,0.00,0,4037,81,78,91
1781814460859,4178,-11986,671,-178,-1687,242,walking,0.00,0,4037,81,78,91
1781814460888,3541,-10914,1661,-968,-2283,59,walking,0.00,0,4037,81,78,91
1781814460916,4653,-10952,3154,-1408,-2628,-246,walking,0.00,0,4037,81,78,91
1781814460916,5040,-6139,4560,-1408,-2935,-570,walking,0.00,0,4037,81,78,91
1781814460946,6931,-5495,4852,-686,-3074,-1076,walking,0.00,0,4037,81,78,91
1781814460976,7260,-7274,6590,-261,-3118,-1183,walking,0.00,0,4037,81,78,91
1781814460977,6331,-10329,9387,96,-3134,-1056,walking,0.00,0,4037,81,78,91
1781814461006,4357,-10167,11049,39,-3054,-1234,walking,0.00,0,4037,81,78,91
1781814461038,2214,-8905,9974,267,-2636,-1583,walking,0.00,0,4037,81,78,91
1781814461040,4204,-10076,7308,958,-2247,-1831,walking,0.00,0,4037,81,78,91
1781814461065,6842,-11120,3972,1719,-2145,-1692,walking,0.00,0,4037,81,78,91
1781814461066,6569,-12197,7181,2292,-2177,-1441,walking,0.00,0,4037,81,78,91
1781814461097,8273,-12143,5287,2500,-1878,-1182,walking,0.00,0,4037,81,78,91
1781814461125,7282,-7644,7919,2632,-2084,-1025,walking,0.00,0,4037,81,78,91
1781814461125,6194,-7699,8382,2582,-2054,-1072,walking,0.00,0,4037,81,78,91
1781814461161,7962,-7619,12370,2814,-1723,-945,walking,0.00,0,4037,81,78,91
1781814461187,9823,-17982,16673,3279,-1081,-310,walking,0.00,0,4037,81,78,91
1781814461188,12122,-24281,16840,2834,-953,228,walking,0.00,0,4037,81,78,91
1781814461215,9674,-31020,19173,1153,-879,874,walking,0.00,0,4037,81,78,91
1781814461216,8289,-28229,16952,-1062,-888,2059,walking,0.00,0,4037,81,78,91
1781814461250,4092,-19212,20293,-4133,-1299,1826,walking,0.00,0,4037,81,78,91
1781814461275,-205,-6250,14724,-5414,-797,1042,walking,0.00,0,4037,81,78,91
1781814461276,1296,-3110,12046,-4661,-119,357,walking,0.00,0,4037,81,78,91
1781814461305,4138,-1557,6324,-3441,505,-264,walking,0.00,0,4037,81,78,91
1781814461337,7477,-1731,3575,-1919,815,-925,walking,0.00,0,4037,81,78,91
1781814461338,10645,-18717,2771,567,803,-1345,walking,0.00,0,4037,81,78,91
1781814461365,9869,-30209,4339,1287,336,-326,walking,0.00,0,4037,81,78,91
1781814461396,8878,-27038,9509,436,110,-30,walking,0.00,0,4037,81,78,91
1781814461396,8869,-19460,4300,-384,-32,-88,walking,0.00,0,4037,81,78,91
1781814461425,10793,-17955,6004,-253,-19,-98,walking,0.00,0,4037,81,78,91
1781814461426,10398,-20811,1742,-290,-47,126,walking,0.00,0,4037,81,78,91
1781814461456,10678,-18656,-291,-387,-283,408,walking,0.00,0,4037,81,78,91
1781814461488,8048,-15588,3378,-672,-487,427,walking,0.00,0,4037,81,78,91
1781814461488,8291,-10128,5755,-653,-471,73,walking,0.00,0,4037,81,78,91
1781814461515,7816,-9009,6516,-335,-238,-235,walking,0.00,0,4037,81,78,91
1781814461546,7656,-11447,7157,-16,-22,-513,walking,0.00,0,4037,81,78,91
1781814461582,9006,-13932,8940,131,269,-627,walking,0.00,0,4037,81,78,91
1781814461583,10993,-16038,8927,-128,597,-640,walking,0.00,0,4037,81,78,91
1781814461583,11726,-15877,8429,-305,746,-580,walking,0.00,0,4037,81,78,91
1781814461608,11720,-15928,8001,-611,997,-453,walking,0.00,0,4037,81,78,91
1781814461637,10830,-15763,5727,-867,1120,-253,walking,0.00,0,4037,81,78,91
1781814461638,10680,-13844,2672,-889,1036,25,walking,0.00,0,4037,81,78,91
1781814461666,10893,-16649,1368,-519,786,372,walking,0.00,0,4037,81,78,91
1781814461695,8730,-15218,1220,-136,514,936,walking,0.00,0,4037,81,78,91
1781814461696,6927,-15977,3092,134,297,1106,walking,0.00,0,4037,81,78,91
1781814461725,5706,-19152,5465,141,187,1577,walking,0.00,0,4037,81,78,91
1781814461755,4234,-17646,4228,-787,68,1736,walking,0.00,0,4037,81,78,91
1781814461758,5461,-15760,2400,-1397,-89,1822,walking,0.00,0,4037,81,78,91
1781814461787,5766,-14775,892,-1460,-229,1913,walking,0.00,0,4037,81,78,91
1781814461787,4322,-13355,-803,-1196,-357,1974,walking,0.00,0,4037,81,78,91
1781814461817,2309,-8923,-1851,-729,-519,1813,walking,0.00,0,4037,81,78,91
1781814461849,2096,-7190,593,110,-526,1466,walking,0.00,0,4037,81,78,91
1781814461849,2747,-7312,1205,425,-453,1185,walking,0.00,0,4037,81,78,91
1781814461877,3956,-10781,3984,843,-404,651,walking,0.00,0,4037,81,78,91
1781814461905,4268,-14184,4568,378,-350,253,walking,0.00,0,4037,81,78,91
1781814461905,5452,-12596,3080,-293,-417,-220,walking,0.00,0,4037,81,78,91
1781814461937,5986,-9708,2785,-499,-509,-792,walking,0.00,0,4037,81,78,91
1781814461970,6382,-7097,1915,-187,-484,-1345,walking,0.00,0,4037,81,78,91
1781814461971,7941,-10054,3270,485,-354,-1741,walking,0.00,0,4037,81,78,91
1781814461995,8598,-13581,7317,1298,-312,-1811,walking,0.00,0,4037,81,78,91
1781814461997,7192,-16390,11188,1781,6,-1667,walking,0.00,0,4037,81,78,91
1781814462028,8030,-18246,12575,2233,132,-1455,walking,0.00,0,4037,81,78,91
1781814462055,5756,-19557,14380,2406,220,-1315,walking,0.00,0,4037,81,78,91
1781814462056,1661,-21575,13225,1765,618,-847,walking,0.00,0,4037,81,78,91
1781814462087,1263,-19213,4108,783,794,-622,walking,0.00,0,4037,81,78,91
1781814462115,2039,-21045,2344,755,739,-282,walking,0.00,0,4037,81,78,91
1781814462115,4246,-19754,3163,187,500,305,walking,0.00,0,4037,81,78,91
1781814462150,7085,-16780,3772,-531,279,466,walking,0.00,0,4037,81,78,91
1781814462177,7989,-9186,4038,-894,193,263,walking,0.00,0,4037,81,78,91
1781814462178,8613,-5563,3126,-611,129,-222,walking,0.00,0,4037,81,78,91
1781814462205,8088,-3581,132,524,120,-614,walking,0.00,0,4037,81,78,91
1781814462205,7374,-12534,2041,1712,-165,-842,walking,0.00,0,4037,81,78,91
1781814462239,8389,-17607,8808,1488,-21,-298,walking,0.00,0,4037,81,78,91
1781814462269,5886,-15858,8053,-101,56,-340,walking,0.00,0,4037,81,78,91
1781814462271,3676,-14732,7455,-761,111,-454,walking,0.00,0,4037,81,78,91
1781814462296,850,-9939,4347,-1515,210,-675,walking,0.00,0,4037,81,78,91
1781814462328,1220,-8315,2376,-1269,242,-754,walking,0.00,0,4037,81,78,91
1781814462330,3341,-10042,3841,-238,488,-701,walking,0.00,0,4037,81,78,91
1781814462362,4827,-12386,4183,294,733,-573,walking,0.00,0,4037,81,78,91
1781814462362,6263,-16615,4290,330,716,-406,walking,0.00,0,4037,81,78,91
1781814462386,6199,-17025,6910,-49,782,-142,walking,0.00,0,4037,81,78,91
1781814462415,5117,-15385,5134,-508,848,72,walking,0.00,0,4037,81,78,91
1781814462416,8253,-17086,-663,-624,769,275,walking,0.00,0,4037,81,78,91
1781814462446,13272,-19647,-1882,-559,281,476,walking,0.00,0,4037,81,78,91
1781814462478,13451,-19217,2646,-491,-144,631,walking,0.00,0,4037,81,78,91
1781814462478,13580,-16856,6128,-396,-148,649,walking,0.00,0,4037,81,78,91
1781814462506,15811,-15690,5094,31,-68,614,walking,0.00,0,4037,81,78,91
1781814462537,15615,-14936,3918,237,-52,593,walking,0.00,0,4037,81,78,91
1781814462538,15045,-17445,1604,549,-316,617,walking,0.00,0,4037,81,78,91
1781814462566,13834,-17074,4310,799,-652,763,walking,0.00,0,4037,81,78,91
1781814462566,13028,-18442,5206,1027,-918,701,walking,0.00,0,4037,81,78,91
1781814462595,9806,-17987,6782,1246,-1094,519,walking,0.00,0,4037,81,78,91
1781814462628,8810,-18611,4939,999,-1166,622,walking,0.00,0,4037,81,78,91
1781814462629,6050,-16160,8051,602,-1165,955,walking,0.00,0,4037,81,78,91
1781814462655,3222,-14693,12598,-2,-951,1009,walking,0.00,0,4037,81,78,91
1781814462686,2664,-14986,15710,-792,-494,631,walking,0.00,0,4037,81,78,91
1781814462687,2534,-11720,15361,-1658,-22,146,walking,0.00,0,4037,81,78,91
1781814462715,3305,-11687,11923,-2075,388,-277,walking,0.00,0,4037,81,78,91
1781814462746,4449,-9660,8585,-2015,589,-528,walking,0.00,0,4037,81,78,91
1781814462747,4082,-10671,10279,-1066,855,-753,walking,0.00,0,4037,81,78,91
1781814462777,1916,-12709,7963,-588,985,-644,walking,0.00,0,4037,81,78,91
1781814462778,1626,-10285,8186,-699,1145,-519,walking,0.00,0,4037,81,78,91
1781814462807,5253,-9855,3421,-921,1208,-818,walking,0.00,0,4037,81,78,91
1781814462838,5581,-8355,3087,-646,1140,-872,walking,0.00,0,4037,81,78,91
1781814462839,5068,-7478,1671,-236,1079,-898,walking,0.00,0,4037,81,78,91
1781814462865,4631,-7603,439,376,872,-826,walking,0.00,0,4037,81,78,91
1781814462895,4250,-5907,7,786,645,-902,walking,0.00,0,4037,81,78,91
1781814462896,5314,-7407,4620,1159,515,-972,walking,0.00,0,4037,81,78,91
1781814462927,5221,-8309,6490,1431,670,-1054,walking,0.00,0,4037,81,78,91
1781814462955,7038,-15105,5754,1804,635,-992,walking,0.00,0,4037,81,78,91
1781814462956,5927,-16327,6891,1604,462,-614,walking,0.00,0,4037,81,78,91
1781814462986,4726,-13884,7850,1169,345,-618,walking,0.00,0,4037,81,78,91
1781814462988,6296,-14620,7868,1011,284,-586,walking,0.00,0,4037,81,78,91
1781814463015,7055,-17873,8251,1077,116,-456,walking,0.00,0,4037,81,78,91
1781814463045,7153,-18145,9000,1005,96,-266,walking,0.00,0,4037,81,78,91
1781814463046,6576,-12000,11381,388,74,-223,walking,0.00,0,4037,81,78,91
1781814463077,7274,-12596,10810,223,125,-607,walking,0.00,0,4037,81,78,91
1781814463105,8804,-15229,8205,288,145,-521,walking,0.00,0,4037,81,78,91
1781814463105,9499,-12579,7793,131,-108,-577,walking,0.00,0,4037,81,78,91
1781814463140,9415,-12448,9254,-157,-238,-723,walking,0.00,0,4037,81,78,91
1781814463141,11554,-13122,8420,-311,-378,-1005,walking,0.00,0,4037,81,78,91
1781814463168,15336,-14293,6771,-184,-697,-1101,walking,0.00,0,4037,81,78,91
1781814463202,17149,-16299,7996,45,-978,-998,walking,0.00,0,4037,81,78,91
1781814463203,15255,-18097,8755,-139,-976,-788,walking,0.00,0,4037,81,78,91
1781814463230,14436,-11962,6317,-1533,-653,-181,walking,0.00,0,4037,81,78,91
1781814463255,17104,-10245,3257,-2161,-689,-84,walking,0.00,0,4037,81,78,91
1781814463256,18993,-9172,2886,-2239,-815,1,walking,0.00,0,4037,81,78,91
1781814463286,18207,-9645,5333,-1990,-946,101,walking,0.00,0,4037,81,78,91
1781814463318,19357,-10024,8255,-1701,-914,363,walking,0.00,0,4037,81,78,91
1781814463346,18061,-9333,5966,-1472,-782,703,walking,0.00,0,4037,81,78,91
1781814463347,17184,-7355,2173,-892,-883,745,walking,0.00,0,4037,81,78,91
1781814463376,14745,-7776,637,177,-1038,904,walking,0.00,0,4037,81,78,91
1781814463377,11822,-10893,2955,1082,-1051,1198,walking,0.00,0,4037,81,78,91
1781814463406,8650,-8707,2414,1172,-968,1236,walking,0.00,0,4037,81,78,91
1781814463406,7419,-6763,-467,996,-1007,1024,walking,0.00,0,4037,81,78,91
1781814463436,6294,-7541,-555,1222,-1155,840,walking,0.00,0,4037,81,78,91
1781814463471,5592,-7496,972,1524,-1168,775,walking,0.00,0,4037,81,78,91
1781814463472,5407,-7890,2312,1774,-1051,714,walking,0.00,0,4037,81,78,91
1781814463496,5663,-12178,3628,1484,-984,742,walking,0.00,0,4037,81,78,91
1781814463527,4102,-10564,5288,749,-777,524,walking,0.00,0,4037,81,78,91
1781814463529,4533,-13363,3920,595,-428,461,walking,0.00,0,4037,81,78,91
1781814463554,5094,-16024,3395,415,-234,606,walking,0.00,0,4037,81,78,91
1781814463586,5079,-14213,3089,188,-73,636,walking,0.00,0,4037,81,78,91
1781814463587,5790,-13241,3562,248,160,588,walking,0.00,0,4037,81,78,91
1781814463620,7265,-13505,4714,289,322,378,walking,0.00,0,4037,81,78,91
1781814463647,9071,-16803,5387,296,563,305,walking,0.00,0,4037,81,78,91
1781814463651,11819,-14785,5143,-58,554,239,walking,0.00,0,4037,81,78,91
1781814463677,12435,-15396,4109,-172,511,191,walking,0.00,0,4037,81,78,91
1781814463677,12240,-14574,1747,-100,346,144,walking,0.00,0,4037,81,78,91
1781814463705,12372,-13967,3676,357,139,105,walking,0.00,0,4037,81,78,91
1781814463735,13822,-20201,4761,383,-86,-51,walking,0.00,0,4037,81,78,91
1781814463736,13473,-18828,5741,132,-223,-65,walking,0.00,0,4037,81,78,91
1781814463768,12137,-14624,4828,38,-174,-143,walking,0.00,0,4037,81,78,91
1781814463796,8569,-13767,4807,619,-58,14,walking,0.00,0,4037,81,78,91
1781814463797,7084,-17331,6743,420,-60,172,walking,0.00,0,4037,81,78,91
1781814463829,7657,-18502,6561,-455,-200,172,walking,0.00,0,4037,81,78,91
1781814463855,7877,-14029,4564,-1139,-342,107,walking,0.00,0,4037,81,78,91
1781814463855,8793,-12126,4718,-928,-515,-89,walking,0.00,0,4037,81,78,91
1781814463887,8489,-10097,6380,-676,-546,-135,walking,0.00,0,4037,81,78,91
1781814463888,7906,-10072,8640,-472,-456,-375,walking,0.00,0,4037,81,78,91
1781814463917,9911,-12640,8208,-426,-293,-555,walking,0.00,0,4037,81,78,91
1781814463954,10659,-9718,4126,-575,-329,-542,walking,0.00,0,4037,81,78,91
1781814463954,10776,-9360,3248,-27,-422,-473,walking,0.00,0,4037,81,78,91
1781814463976,9972,-10068,4338,494,-458,-253,walking,0.00,0,4037,81,78,91
1781814464009,8416,-11305,3580,391,-469,-33,walking,0.00,0,4037,81,78,91
1781814464010,8419,-11326,4307,457,-450,89,walking,0.00,0,4037,81,78,91
1781814464038,6198,-10778,4453,527,-353,219,walking,0.00,0,4037,81,78,91
1781814464043,5228,-10794,5388,454,-192,177,walking,0.00,0,4037,81,78,91
1781814464067,5255,-10848,4618,381,-98,107,walking,0.00,0,4037,81,78,91
1781814464096,6280,-12939,1273,304,-66,23,walking,0.00,0,4037,81,78,91
1781814464096,7232,-14738,139,124,-304,141,walking,0.00,0,4037,81,78,91
1781814464131,6451,-16134,2987,44,-428,247,walking,0.00,0,4037,81,78,91
1781814464158,6005,-14332,4272,-26,-381,342,walking,0.00,0,4037,81,78,91
1781814464159,6389,-13551,3078,-84,-361,324,walking,0.00,0,4037,81,78,91
1781814464187,7883,-13434,3348,-27,-360,216,walking,0.00,0,4037,81,78,91
1781814464221,8932,-14905,2813,216,-463,219,walking,0.00,0,4037,81,78,91
1781814464222,11226,-17285,3141,240,-674,238,walking,0.00,0,4037,81,78,91
1781814464251,12828,-14918,3965,156,-826,269,walking,0.00,0,4037,81,78,91
1781814464252,14174,-14585,3806,522,-925,232,walking,0.00,0,4037,81,78,91
1781814464278,14582,-15433,3818,1020,-1035,366,walking,0.00,0,4037,81,78,91
1781814464309,13781,-15584,4029,1204,-1107,400,walking,0.00,0,4037,81,78,91
1781814464310,13534,-16186,4605,1345,-1232,358,walking,0.00,0,4037,81,78,91
1781814464336,13847,-17403,5828,1351,-1326,314,walking,0.00,0,4037,81,78,91
1781814464367,13548,-16886,6357,1192,-1319,268,walking,0.00,0,4037,81,78,91
1781814464368,11137,-15218,5797,1050,-1163,379,walking,0.00,0,4037,81,78,91
1781814464395,10265,-13981,4296,702,-973,649,walking,0.00,0,4037,81,78,91
1781814464425,10719,-12756,3928,208,-975,796,walking,0.00,0,4037,81,78,91
1781814464426,10915,-10265,4325,-169,-1020,713,walking,0.00,0,4037,81,78,91
1781814464455,11446,-8414,4225,-85,-1083,561,walking,0.00,0,4037,81,78,91
1781814464456,12476,-8000,3650,253,-1229,472,walking,0.00,0,4037,81,78,91
1781814464488,11622,-8436,3032,669,-1436,402,walking,0.00,0,4037,81,78,91
1781814464517,11366,-9127,2400,1115,-1697,393,walking,0.00,0,4037,81,78,91
1781814464518,10500,-8990,2369,1535,-1911,441,walking,0.00,0,4037,81,78,91
1781814464553,9000,-8209,1464,1901,-2055,475,walking,0.00,0,4037,81,78,91
1781814464579,8435,-8110,1215,2073,-2126,468,walking,0.00,0,4037,81,78,91
1781814464584,7317,-8143,2989,2364,-2173,479,walking,0.00,0,4037,81,78,91
1781814464609,6270,-7947,3868,2287,-2140,426,walking,0.00,0,4037,81,78,91
1781814464636,5167,-8859,3350,2056,-2100,243,walking,0.00,0,4037,81,78,91
1781814464637,4318,-8362,3892,1882,-2103,207,walking,0.00,0,4037,81,78,91
1781814464666,4241,-6462,4793,1811,-2057,20,walking,0.00,0,4037,81,78,91
1781814464667,4970,-8471,5835,1951,-1869,-193,walking,0.00,0,4037,81,78,91
1781814464695,6567,-12688,7592,2079,-1642,-311,walking,0.00,0,4037,81,78,91
1781814464726,6806,-16966,8540,1821,-1385,-216,walking,0.00,0,4037,81,78,91
1781814464727,6410,-18098,5645,1124,-1216,1,walking,0.00,0,4037,81,78,91
1781814464758,6065,-18741,6512,722,-1151,121,walking,0.00,0,4037,81,78,91
1781814464791,5466,-18999,8131,385,-945,226,walking,0.00,0,4037,81,78,91
1781814464792,4462,-19318,8950,19,-625,287,walking,0.00,0,4037,81,78,91
1781814464817,4969,-17562,8347,-423,-285,242,walking,0.00,0,4037,81,78,91
1781814464845,6286,-16493,7717,-839,-36,102,walking,0.00,0,4037,81,78,91
1781814464846,7406,-13022,5459,-999,178,-50,walking,0.00,0,4037,81,78,91
1781814464875,8472,-12060,4592,-961,235,-161,walking,0.00,0,4037,81,78,91
1781814464875,12618,-12018,3288,-496,182,-361,walking,0.00,0,4037,81,78,91
1781814464903,13999,-14293,2072,93,68,-576,walking,0.00,0,4037,81,78,91
1781814464935,14827,-18674,2554,608,-185,-498,walking,0.00,0,4037,81,78,91
1781814464936,13492,-20416,2965,669,-344,-75,walking,0.00,0,4037,81,78,91
1781814464966,11244,-13530,3078,-94,-373,185,walking,0.00,0,4037,81,78,91
1781814464994,11716,-7868,2036,-839,-355,-99,walking,0.00,0,4037,81,78,91
1781814464994,13095,-8855,1817,-694,-318,-558,walking,0.00,0,4037,81,78,91
1781814465023,14380,-9811,3778,-319,-199,-577,walking,0.00,0,4037,81,78,91
1781814465054,16129,-15967,3685,-126,-192,-566,walking,0.00,0,4037,81,78,91
1781814465055,14357,-10034,6378,-475,-269,-340,walking,0.00,0,4037,81,78,91
1781814465085,15161,-5168,3437,-984,-209,-720,walking,0.00,0,4037,81,78,91
1781814465114,14392,-4479,1325,-425,-197,-988,walking,0.00,0,4037,81,78,91
1781814465116,11897,-5820,1624,436,-202,-1007,walking,0.00,0,4037,81,78,91
1781814465145,10545,-8234,3109,1059,-151,-940,walking,0.00,0,4037,81,78,91
1781814465146,9001,-8835,3279,1314,-25,-855,walking,0.00,0,4037,81,78,91
1781814465173,7439,-9729,5239,1378,1,-861,walking,0.00,0,4037,81,78,91
1781814465206,7727,-10326,6425,1292,96,-817,walking,0.00,0,4037,81,78,91
1781814465206,9726,-12198,7105,761,224,-684,walking,0.00,0,4037,81,78,91
1781814465236,10984,-13401,6377,-32,284,-731,walking,0.00,0,4037,81,78,91
1781814465266,11263,-12832,4464,-386,273,-537,walking,0.00,0,4037,81,78,91
1781814465266,10736,-12142,2163,-70,144,-270,walking,0.00,0,4037,81,78,91
1781814465295,9592,-10357,4019,335,-7,13,walking,0.00,0,4037,81,78,91
1781814465326,10959,-10767,3873,82,-124,53,walking,0.00,0,4037,81,78,91
1781814465327,12056,-9478,2796,-149,-171,31,walking,0.00,0,4037,81,78,91
1781814465353,11969,-10582,4319,102,-170,-68,walking,0.00,0,4037,81,78,91
1781814465355,12402,-11585,4422,416,-78,-105,walking,0.00,0,4037,81,78,91
1781814465383,12121,-14442,4801,718,-68,-44,walking,0.00,0,4037,81,78,91
1781814465413,11213,-14661,7110,675,-109,23,walking,0.00,0,4037,81,78,91
1781814465414,10930,-14697,9298,374,16,162,walking,0.00,0,4037,81,78,91
1781814465445,11680,-13703,8557,-227,79,-27,walking,0.00,0,4037,81,78,91
1781814465473,13306,-14353,8489,-635,212,-100,walking,0.00,0,4037,81,78,91
1781814465474,18007,-14923,6219,-1132,152,8,walking,0.00,0,4037,81,78,91
1781814465503,18940,-10750,4585,-1468,40,-110,walking,0.00,0,4037,81,78,91
1781814465535,18816,-9235,4863,-1187,32,-103,walking,0.00,0,4037,81,78,91
1781814465535,17439,-9068,5795,-511,215,123,walking,0.00,0,4037,81,78,91
1781814465567,15499,-10938,4768,-624,567,457,walking,0.00,0,4037,81,78,91
1781814465628,15104,-11761,3106,-1424,632,868,walking,0.00,0,4037,81,78,91
1781814465628,15253,-7640,1869,-2174,521,934,walking,0.00,0,4037,81,78,91
1781814465630,13296,-505,6027,-1530,323,693,walking,0.00,0,4037,81,78,91
1781814465632,17082,-5339,5348,-295,500,607,walking,0.00,0,4037,81,78,91
1781814465656,15780,-9852,6117,-182,414,740,walking,0.00,0,4037,81,78,91
1781814465689,12280,-11012,3569,-899,327,584,walking,0.00,0,4037,81,78,91
1781814465690,9880,-7627,-608,-1366,170,532,walking,0.00,0,4037,81,78,91
1781814465713,5715,1566,700,-1050,134,106,walking,0.00,0,4037,81,78,91
1781814465775,4373,-1938,-8349,-32,120,-279,walking,0.00,0,4037,81,78,91
1781814465776,7857,-11919,-10631,680,-201,-380,walking,0.00,0,4037,81,78,91
1781814465804,3739,-15305,3452,648,-592,240,walking,0.00,0,4037,81,78,91
1781814465804,2995,-15475,4593,69,-468,199,walking,0.00,0,4037,81,78,91
1781814465804,4506,-9741,4895,-921,-40,33,walking,0.00,0,4037,81,78,91
1781814465836,6665,-8664,527,-1034,201,-123,walking,0.00,0,4037,81,78,91
1781814465836,7208,-6393,-682,-627,207,-183,walking,0.00,0,4037,81,78,91
1781814465864,9606,-14115,581,-73,148,-126,walking,0.00,0,4037,81,78,91
1781814465894,10772,-11434,-1643,-705,51,117,walking,0.00,0,4037,81,78,91
1781814465894,10875,-7032,-1023,-1037,-61,-205,walking,0.00,0,4037,81,78,91
1781814465925,12753,-9627,-845,-292,29,-369,walking,0.00,0,4037,81,78,91
1781814465957,14933,-16394,1279,-5,131,-128,walking,0.00,0,4037,81,78,91
1781814465957,13702,-16626,2348,-267,254,-38,walking,0.00,0,4037,81,78,91
1781814465984,12865,-17162,3680,-249,308,-1,walking,0.00,0,4037,81,78,91
1781814465984,15221,-15095,2161,-184,469,144,walking,0.00,0,4037,81,78,91
1781814466014,15096,-15587,-1775,-64,315,272,walking,0.00,0,4037,81,78,91
1781814466046,15353,-12786,-2409,22,-85,282,walking,0.00,0,4037,81,78,91
1781814466046,13900,-13158,2654,437,-233,132,walking,0.00,0,4037,81,78,91
1781814466075,16755,-16808,4277,571,-35,-28,walking,0.00,0,4037,81,78,91
1781814466105,17255,-17265,2786,576,-10,64,walking,0.00,0,4037,81,78,91
1781814466106,11262,-11573,2572,518,-108,118,walking,0.00,0,4037,81,78,91
1781814466135,7935,-7938,7066,508,45,37,walking,0.00,0,4037,81,78,91
1781814466196,10400,-9502,5734,130,218,-148,walking,0.00,0,4037,81,78,91
1781814466197,11965,-8432,6069,-171,313,-365,walking,0.00,0,4037,81,78,91
1781814466197,10660,-9733,3996,-265,414,-563,walking,0.00,0,4037,81,78,91
1781814466197,10582,-6863,4823,-229,466,-716,walking,0.00,0,4037,81,78,91
1781814466224,12682,-6440,4066,-41,537,-864,walking,0.00,0,4037,81,78,91
1781814466254,14267,-6993,3075,69,514,-915,walking,0.00,0,4037,81,78,91
1781814466254,15993,-9794,2291,460,339,-865,walking,0.00,0,4037,81,78,91
1781814466284,14483,-11331,3861,477,131,-604,walking,0.00,0,4037,81,78,91
1781814466314,12453,-8643,1960,83,-14,-677,walking,0.00,0,4037,81,78,91
1781814466314,11928,-6310,-232,159,-190,-631,walking,0.00,0,4037,81,78,91
1781814466346,11903,-6568,1512,267,-307,-773,walking,0.00,0,4037,81,78,91
1781814466377,11714,-6644,4647,657,-162,-691,walking,0.00,0,4037,81,78,91
1781814466377,11329,-8809,7032,873,172,-632,walking,0.00,0,4037,81,78,91
1781814466404,13231,-12853,6198,755,402,-394,walking,0.00,0,4037,81,78,91
1781814466404,13557,-13266,5349,568,427,-203,walking,0.00,0,4037,81,78,91
1781814466433,11645,-12894,3033,249,254,248,walking,0.00,0,4037,81,78,91
1781814466464,11348,-13253,3291,299,179,412,walking,0.00,0,4037,81,78,91
1781814466464,11121,-13495,4583,424,75,728,walking,0.00,0,4037,81,78,91
1781814466495,11480,-14986,5893,530,-23,932,walking,0.00,0,4037,81,78,91
1781814466526,13208,-19197,7316,474,-75,1168,walking,0.00,0,4037,81,78,91
1781814466526,14401,-21578,9474,-58,-151,1566,walking,0.00,0,4037,81,78,91
1781814466555,11796,-18947,8723,-1071,-175,1753,walking,0.00,0,4037,81,78,91
1781814466583,14413,-17089,6408,-1477,-246,1721,walking,0.00,0,4037,81,78,91
1781814466584,13193,-13762,5630,-1040,-280,1849,walking,0.00,0,4037,81,78,91
1781814466615,11994,-15379,5862,-674,-361,1928,walking,0.00,0,4037,81,78,91
1781814466616,11194,-16037,4505,-727,-379,1889,walking,0.00,0,4037,81,78,91
1781814466643,10225,-11692,3297,-977,-373,1502,walking,0.00,0,4037,81,78,91
1781814466677,8741,-12550,3604,-437,-399,1255,walking,0.00,0,4037,81,78,91
1781814466678,6303,-11148,3855,-138,-279,1131,walking,0.00,0,4037,81,78,91
1781814466706,7760,-10507,2222,94,-67,1109,walking,0.00,0,4037,81,78,91
1781814466733,6684,-8565,3487,336,100,1125,walking,0.00,0,4037,81,78,91
1781814466734,4351,-4250,4339,614,590,911,walking,0.00,0,4037,81,78,91
1781814466763,3735,-3918,4953,1124,992,554,walking,0.00,0,4037,81,78,91
1781814466794,2449,-4998,5596,1099,1227,265,walking,0.00,0,4037,81,78,91
1781814466794,1680,-4396,5747,786,1287,-215,walking,0.00,0,4037,81,78,91
1781814466824,2946,-4616,7360,524,1271,-784,walking,0.00,0,4037,81,78,91
1781814466824,6076,-8778,4324,695,1289,-1145,walking,0.00,0,4037,81,78,91
1781814466857,6879,-13740,1591,1254,1025,-1057,walking,0.00,0,4037,81,78,91
1781814466884,4303,-15393,5612,1349,907,-690,walking,0.00,0,4037,81,78,91
1781814466884,5625,-18966,3378,502,665,-467,walking,0.00,0,4037,81,78,91
1781814466914,7106,-20319,4314,-1013,400,-205,walking,0.00,0,4037,81,78,91
1781814466943,5060,-12828,3322,-2403,258,-325,walking,0.00,0,4037,81,78,91
1781814466945,6880,-8183,336,-2239,294,-714,walking,0.00,0,4037,81,78,91
1781814466974,9311,-8703,-759,-1322,202,-792,walking,0.00,0,4037,81,78,91
1781814467005,9898,-10772,-156,-954,132,-793,walking,0.00,0,4037,81,78,91
1781814467005,12352,-16139,3660,-498,37,-761,walking,0.00,0,4037,81,78,91
1781814467033,13369,-17871,7155,-1127,286,-418,walking,0.00,0,4037,81,78,91
1781814467035,13910,-11679,5031,-2150,692,-499,walking,0.00,0,4037,81,78,91
1781814467064,14802,-10047,757,-1875,999,-665,walking,0.00,0,4037,81,78,91
1781814467094,13714,-14072,-971,-1120,1068,-370,walking,0.00,0,4037,81,78,91
1781814467094,11937,-16144,-657,-897,905,-187,walking,0.00,0,4037,81,78,91
1781814467124,10869,-18077,836,-1076,728,-82,walking,0.00,0,4037,81,78,91
1781814467154,11627,-16352,3045,-1221,558,72,walking,0.00,0,4037,81,78,91
1781814467155,13203,-13165,1414,-1185,409,19,walking,0.00,0,4037,81,78,91
1781814467186,14376,-11996,-425,-648,213,23,walking,0.00,0,4037,81,78,91
1781814467215,14855,-14775,174,122,14,130,walking,0.00,0,4037,81,78,91
1781814467215,14513,-17271,2368,709,-99,351,walking,0.00,0,4037,81,78,91
1781814467244,13893,-17176,4197,845,-135,404,walking,0.00,0,4037,81,78,91
1781814467244,12131,-18003,6997,656,-70,396,walking,0.00,0,4037,81,78,91
1781814467275,10218,-14447,2977,86,80,342,walking,0.00,0,4037,81,78,91
1781814467304,9344,-14256,2173,-44,64,350,walking,0.00,0,4037,81,78,91
1781814467334,6660,-11989,2604,-362,-28,164,walking,0.00,0,4037,81,78,91
1781814467337,6001,-10584,2287,-227,-96,-202,walking,0.00,0,4037,81,78,91
1781814467364,6331,-7799,2862,268,-150,-600,walking,0.00,0,4037,81,78,91
1781814467364,7136,-7069,4884,1110,-129,-884,walking,0.00,0,4037,81,78,91
1781814467394,9505,-11090,6639,1552,-132,-1139,walking,0.00,0,4037,81,78,91
1781814467426,9803,-11984,7061,1292,-152,-1310,walking,0.00,0,4037,81,78,91
1781814467426,11800,-10540,8018,1069,-178,-1481,walking,0.00,0,4037,81,78,91
1781814467458,12346,-12346,7769,973,-130,-1373,walking,0.00,0,4037,81,78,91
1781814467459,12303,-11964,6735,747,-3,-1050,walking,0.00,0,4037,81,78,91
1781814467487,12944,-11892,7463,504,6,-798,walking,0.00,0,4037,81,78,91
1781814467514,12936,-12617,7533,330,88,-591,walking,0.00,0,4037,81,78,91
1781814467515,10368,-11146,6439,-292,167,-271,walking,0.00,0,4037,81,78,91
1781814467544,8435,-7064,3838,-584,217,-236,walking,0.00,0,4037,81,78,91
1781814467577,7727,-6958,2176,-62,183,-318,walking,0.00,0,4037,81,78,91
1781814467578,7122,-8104,3069,654,138,-190,walking,0.00,0,4037,81,78,91
1781814467604,5746,-8753,5936,1044,121,-192,walking,0.00,0,4037,81,78,91
1781814467639,6131,-11424,3639,652,125,-207,walking,0.00,0,4037,81,78,91
1781814467639,7243,-12329,4495,-51,-218,-99,walking,0.00,0,4037,81,78,91
1781814467666,6779,-11731,7816,-383,-197,5,walking,0.00,0,4037,81,78,91
1781814467666,7017,-9753,4119,-411,-69,-292,walking,0.00,0,4037,81,78,91
1781814467694,10247,-14507,5010,92,-174,-468,walking,0.00,0,4037,81,78,91
1781814467724,13024,-16597,6434,379,-244,-308,walking,0.00,0,4037,81,78,91
1781814467725,15236,-18529,4779,392,-304,-252,walking,0.00,0,4037,81,78,91
1781814467755,17228,-17264,2156,582,-492,-41,walking,0.00,0,4037,81,78,91
1781814467786,17597,-16471,2941,745,-566,87,walking,0.00,0,4037,81,78,91
1781814467786,18663,-17133,3430,1046,-681,230,walking,0.00,0,4037,81,78,91
1781814467814,19581,-16749,4685,848,-819,317,walking,0.00,0,4037,81,78,91
1781814467815,17679,-12150,6353,695,-746,222,walking,0.00,0,4037,81,78,91
1781814467845,15041,-10084,6785,920,-449,256,walking,0.00,0,4037,81,78,91
1781814467874,11910,-6405,6485,878,-135,470,walking,0.00,0,4037,81,78,91
1781814467874,11015,-7098,6690,754,9,581,walking,0.00,0,4037,81,78,91
1781814467905,12434,-7258,7145,85,-91,647,walking,0.00,0,4037,81,78,91
1781814467935,13475,-6469,7053,-670,-270,407,walking,0.00,0,4037,81,78,91
1781814467935,14069,-4588,5913,-764,-469,284,walking,0.00,0,4037,81,78,91
1781814467966,14191,-3964,5416,-539,-550,255,walking,0.00,0,4037,81,78,91
1781814467966,13350,-3146,5022,174,-641,268,walking,0.00,0,4037,81,78,91
1781814467999,12140,-3610,4750,976,-653,371,walking,0.00,0,4037,81,78,91
1781814468026,10833,-5289,4868,1576,-601,304,walking,0.00,0,4037,81,78,91
1781814468027,10202,-8027,4192,1864,-562,266,walking,0.00,0,4037,81,78,91
1781814468054,8780,-10570,4103,1829,-555,344,walking,0.00,0,4037,81,78,91
1781814468086,7680,-11515,4367,1514,-521,498,walking,0.00,0,4037,81,78,91
1781814468086,6950,-11807,4466,1294,-449,642,walking,0.00,0,4037,81,78,91
1781814468115,6042,-12446,4497,1262,-342,757,walking,0.00,0,4037,81,78,91
1781814468145,5885,-13944,3965,1036,-281,784,walking,0.00,0,4037,81,78,91
1781814468145,6602,-14159,3332,615,-237,738,walking,0.00,0,4037,81,78,91
1781814468179,6849,-12685,3086,152,-190,610,walking,0.00,0,4037,81,78,91
1781814468206,7087,-12054,3110,-35,-137,534,walking,0.00,0,4037,81,78,91
1781814468207,8063,-11471,3497,-284,1,401,walking,0.00,0,4037,81,78,91
1781814468235,9604,-12173,3402,-422,165,295,walking,0.00,0,4037,81,78,91
1781814468265,10662,-12711,4201,-482,253,214,walking,0.00,0,4037,81,78,91
1781814468265,11744,-13899,5607,-504,312,176,walking,0.00,0,4037,81,78,91
1781814468295,11800,-12817,6775,-447,347,184,walking,0.00,0,4037,81,78,91
1781814468295,13035,-13954,6522,-314,374,118,walking,0.00,0,4037,81,78,91
1781814468327,13597,-16600,4904,-64,293,303,walking,0.00,0,4037,81,78,91
1781814468355,12756,-18750,2209,245,129,673,walking,0.00,0,4037,81,78,91
1781814468355,11170,-19603,3221,648,-60,1130,walking,0.00,0,4037,81,78,91
1781814468386,11798,-16487,8379,677,-186,1242,walking,0.00,0,4037,81,78,91
1781814468415,11934,-14191,9022,424,-134,920,walking,0.00,0,4037,81,78,91
1781814468415,11785,-12808,8270,243,5,647,walking,0.00,0,4037,81,78,91
1781814468446,10141,-11981,7371,10,216,552,walking,0.00,0,4037,81,78,91
1781814468477,8994,-10067,7442,-414,396,439,walking,0.00,0,4037,81,78,91
1781814468478,10012,-9183,7599,-837,431,119,walking,0.00,0,4037,81,78,91
1781814468504,10740,-8791,7135,-1036,414,-217,walking,0.00,0,4037,81,78,91
1781814468505,11162,-8292,7079,-979,290,-474,walking,0.00,0,4037,81,78,91
1781814468535,11253,-8376,7082,-825,217,-555,walking,0.00,0,4037,81,78,91
1781814468569,11563,-8948,7739,-344,91,-634,walking,0.00,0,4037,81,78,91
1781814468569,11715,-9160,7698,73,64,-640,walking,0.00,0,4037,81,78,91
1781814468594,11058,-9381,6870,361,58,-610,walking,0.00,0,4037,81,78,91
1781814468624,10212,-9566,5579,481,18,-555,walking,0.00,0,4037,81,78,91
1781814468624,9483,-9921,4922,423,-44,-459,walking,0.00,0,4037,81,78,91
1781814468656,8776,-10000,4521,306,-96,-354,walking,0.00,0,4037,81,78,91
1781814468684,8306,-9208,4361,299,-162,-285,walking,0.00,0,4037,81,78,91
1781814468685,7620,-9941,4794,332,-181,-221,walking,0.00,0,4037,81,78,91
1781814468715,7239,-9561,4563,288,-200,-161,walking,0.00,0,4037,81,78,91
1781814468745,7023,-9324,4387,309,-246,-150,walking,0.00,0,4037,81,78,91
1781814468776,7037,-9347,4822,408,-309,-137,walking,0.00,0,4037,81,78,91
1781814468776,7078,-9775,5639,532,-363,-155,walking,0.00,0,4037,81,78,91
1781814468777,7473,-10475,6298,625,-350,-191,walking,0.00,0,4037,81,78,91
1781814468806,8102,-11484,6754,653,-339,-215,walking,0.00,0,4037,81,78,91
1781814468837,8999,-12817,7518,630,-333,-200,walking,0.00,0,4037,81,78,91
1781814468837,10300,-13914,7597,508,-328,-150,walking,0.00,0,4037,81,78,91
1781814468865,11321,-15199,8214,464,-387,-51,walking,0.00,0,4037,81,78,91
1781814468896,11702,-15177,8067,436,-413,29,walking,0.00,0,4037,81,78,91
1781814468896,11906,-15128,7529,434,-472,175,walking,0.00,0,4037,81,78,91
1781814468928,12723,-15132,6878,556,-500,326,walking,0.00,0,4037,81,78,91
1781814468954,12726,-14553,6654,678,-521,496,walking,0.00,0,4037,81,78,91
1781814468955,13735,-14873,6853,630,-585,513,walking,0.00,0,4037,81,78,91
1781814468984,14894,-14208,8480,310,-655,389,walking,0.00,0,4037,81,78,91
1781814468985,15934,-13170,9265,-75,-733,133,walking,0.00,0,4037,81,78,91
1781814469017,14033,-11269,7831,-280,-622,148,walking,0.00,0,4037,81,78,91
1781814469044,12199,-9200,6144,-193,-394,475,walking,0.00,0,4037,81,78,91
1781814469045,11950,-7954,5220,-196,-186,579,walking,0.00,0,4037,81,78,91
1781814469077,12643,-8199,4697,-291,-184,543,walking,0.00,0,4037,81,78,91
1781814469105,13801,-7527,4689,-421,-290,391,walking,0.00,0,4037,81,78,91
1781814469105,13784,-6921,4711,-300,-433,247,walking,0.00,0,4037,81,78,91
1781814469135,12955,-6734,4852,18,-524,158,walking,0.00,0,4037,81,78,91
1781814469135,13222,-6972,4203,314,-613,100,walking,0.00,0,4037,81,78,91
1781814469165,12161,-7762,4525,580,-650,75,walking,0.00,0,4037,81,78,91
1781814469197,11082,-8676,3891,686,-626,70,walking,0.00,0,4037,81,78,91
1781814469197,9641,-9164,4226,691,-593,97,walking,0.00,0,4037,81,78,91
1781814469226,8187,-10032,4533,598,-492,123,walking,0.00,0,4037,81,78,91
1781814469256,7467,-10853,3986,372,-396,113,walking,0.00,0,4037,81,78,91
1781814469257,6998,-10557,2710,157,-320,102,walking,0.00,0,4037,81,78,91
1781814469285,7474,-10654,1592,133,-282,96,walking,0.00,0,4037,81,78,91
1781814469315,8306,-11448,1316,200,-301,156,walking,0.00,0,4037,81,78,91
1781814469315,8853,-11662,1362,162,-343,211,walking,0.00,0,4037,81,78,91
1781814469345,8949,-11119,1672,103,-358,211,walking,0.00,0,4037,81,78,91
1781814469346,9304,-10834,2001,56,-319,139,walking,0.00,0,4037,81,78,91
1781814469375,9805,-11477,2220,119,-209,114,walking,0.00,0,4037,81,78,91
1781814469407,10452,-12168,2537,162,-113,141,walking,0.00,0,4037,81,78,91
1781814469409,11663,-13050,3231,154,-86,190,walking,0.00,0,4037,81,78,91
1781814469439,12540,-13335,3894,113,-68,244,walking,0.00,0,4037,81,78,91
1781814469469,13703,-13184,4188,98,-75,305,walking,0.00,0,4037,81,78,91
1781814469470,14619,-12979,4761,220,-96,376,walking,0.00,0,4037,81,78,91
1781814469496,15130,-13098,5407,384,-67,468,walking,0.00,0,4037,81,78,91
1781814469528,15510,-12898,5983,457,-74,503,walking,0.00,0,4037,81,78,91
1781814469529,15832,-13300,6001,534,-122,480,walking,0.00,0,4037,81,78,91
1781814469556,15531,-14039,5942,685,-191,463,walking,0.00,0,4037,81,78,91
1781814469586,13993,-14071,6342,714,-243,475,walking,0.00,0,4037,81,78,91
1781814469587,11433,-12711,6325,496,-188,517,walking,0.00,0,4037,81,78,91
1781814469620,9199,-11147,7095,133,-142,449,walking,0.00,0,4037,81,78,91
1781814469621,8900,-10663,7284,-60,-140,345,walking,0.00,0,4037,81,78,91
1781814469647,10215,-10378,7547,-294,-205,59,walking,0.00,0,4037,81,78,91
1781814469678,11293,-10013,7983,-249,-335,-111,walking,0.00,0,4037,81,78,91
1781814469679,11845,-9133,7613,-155,-403,-185,walking,0.00,0,4037,81,78,91
1781814469707,12252,-9182,7239,27,-417,-201,walking,0.00,0,4037,81,78,91
1781814469741,12344,-9422,6838,140,-400,-171,walking,0.00,0,4037,81,78,91
1781814469742,11937,-9766,6229,310,-356,-78,walking,0.00,0,4037,81,78,91
1781814469765,11196,-10264,5654,345,-327,-9,walking,0.00,0,4037,81,78,91
1781814469798,10764,-10765,4470,201,-328,30,walking,0.00,0,4037,81,78,91
1781814469829,10260,-10325,3368,17,-396,72,walking,0.00,0,4037,81,78,91
1781814469830,9561,-9499,3155,-10,-469,63,walking,0.00,0,4037,81,78,91
1781814469830,9279,-9022,3105,90,-504,45,walking,0.00,0,4037,81,78,91
1781814469861,9353,-8949,2957,258,-543,7,walking,0.00,0,4037,81,78,91
1781814469886,9775,-8808,3354,481,-603,-44,walking,0.00,0,4037,81,78,91
1781814469887,10187,-9670,3685,666,-629,-95,walking,0.00,0,4037,81,78,91
1781814469920,10346,-10266,3936,690,-655,-163,walking,0.00,0,4037,81,78,91
1781814469945,10292,-10457,4004,665,-663,-185,walking,0.00,0,4037,81,78,91
1781814469946,10538,-10653,4298,595,-664,-200,walking,0.00,0,4037,81,78,91
1781814469977,10812,-11083,4209,549,-676,-239,walking,0.00,0,4037,81,78,91
1781814470010,11350,-10939,4055,550,-721,-252,walking,0.00,0,4037,81,78,91
1781814470011,11661,-10654,4190,550,-774,-266,walking,0.00,0,4037,81,78,91
1781814470036,12155,-10360,4492,587,-839,-296,walking,0.00,0,4037,81,78,91
1781814470036,12667,-10306,4734,709,-871,-274,walking,0.00,0,4037,81,78,91
1781814470069,12825,-10566,5491,841,-854,-183,walking,0.00,0,4037,81,78,91
1781814470098,13628,-11306,5080,876,-838,-106,walking,0.00,0,4037,81,78,91
1781814470099,13589,-11676,5921,898,-878,-32,walking,0.00,0,4037,81,78,91
1781814470128,14939,-11338,6911,815,-970,-34,walking,0.00,0,4037,81,78,91
1781814470164,17562,-11028,7942,761,-1075,-283,walking,0.00,0,4037,81,78,91
1781814470165,17466,-11239,7596,758,-996,-510,walking,0.00,0,4037,81,78,91
1781814470187,13602,-11006,5813,628,-704,-384,walking,0.00,0,4037,81,78,91
1781814470219,11459,-10306,3612,294,-382,-45,walking,0.00,0,4037,81,78,91
1781814470220,11472,-8912,3442,-146,-295,69,walking,0.00,0,4037,81,78,91
1781814470245,12588,-7981,2825,-740,-329,-150,walking,0.00,0,4037,81,78,91
1781814470278,11975,-6593,2411,-984,-384,-430,walking,0.00,0,4037,81,78,91
1781814470279,11729,-6133,2196,-830,-356,-607,walking,0.00,0,4037,81,78,91
1781814470309,12991,-6813,1723,-493,-319,-811,walking,0.00,0,4037,81,78,91
1781814470310,14120,-8306,1692,-146,-352,-784,walking,0.00,0,4037,81,78,91
1781814470337,13701,-9166,2146,191,-353,-591,walking,0.00,0,4037,81,78,91
1781814470367,12631,-10732,2914,392,-248,-321,walking,0.00,0,4037,81,78,91
1781814470368,11490,-10483,2694,174,-104,-207,walking,0.00,0,4037,81,78,91
1781814470396,12074,-10005,2107,-201,-39,-284,walking,0.00,0,4037,81,78,91
1781814470428,12428,-10322,2011,-353,-9,-294,walking,0.00,0,4037,81,78,91
1781814470429,12706,-8898,2126,-629,8,-297,walking,0.00,0,4037,81,78,91
1781814470456,12883,-7920,2803,-623,107,-292,walking,0.00,0,4037,81,78,91
1781814470486,13157,-7512,2541,-515,262,-278,walking,0.00,0,4037,81,78,91
1781814470487,13415,-7389,1408,-410,387,-242,walking,0.00,0,4037,81,78,91
1781814470519,13375,-7195,581,-272,465,-134,walking,0.00,0,4037,81,78,91
1781814470520,13056,-6974,154,-111,529,-20,walking,0.00,0,4037,81,78,91
1781814470545,13134,-7004,-255,-76,549,23,walking,0.00,0,4037,81,78,91
1781814470578,13768,-7640,-75,-71,541,38,walking,0.00,0,4037,81,78,91
1781814470578,13681,-8090,540,-65,519,161,walking,0.00,0,4037,81,78,91
1781814470605,13730,-8124,1285,-76,533,276,walking,0.00,0,4037,81,78,91
1781814470606,13710,-8243,1575,-78,545,309,walking,0.00,0,4037,81,78,91
1781814470644,13573,-8308,1648,-172,537,337,walking,0.00,0,4037,81,78,91
1781814470667,13665,-8201,1534,-150,520,355,walking,0.00,0,4037,81,78,91
1781814470667,13809,-8163,1604,-20,502,419,walking,0.00,0,4037,81,78,91
1781814470696,14013,-8587,1672,15,492,510,walking,0.00,0,4037,81,78,91
1781814470727,14362,-8509,1589,-131,469,568,walking,0.00,0,4037,81,78,91
1781814470728,14981,-7562,1302,-343,410,584,walking,0.00,0,4037,81,78,91
1781814470755,15313,-6174,1529,-366,359,588,walking,0.00,0,4037,81,78,91
1781814470787,15840,-5348,1967,-133,296,568,walking,0.00,0,4037,81,78,91
1781814470787,16596,-6015,3939,201,191,571,walking,0.00,0,4037,81,78,91
1781814470816,16981,-6806,5741,549,137,592,walking,0.00,0,4037,81,78,91
1781814470817,16619,-8008,6891,903,163,657,walking,0.00,0,4037,81,78,91
1781814470846,16179,-7983,6761,1021,153,642,walking,0.00,0,4037,81,78,91
1781814470881,16391,-8994,6406,1075,132,585,walking,0.00,0,4037,81,78,91
1781814470882,16560,-10604,6062,1209,5,552,walking,0.00,0,4037,81,78,91
1781814470909,16505,-11984,5686,1286,-176,523,walking,0.00,0,4037,81,78,91
1781814470943,15765,-12744,5962,1290,-419,495,walking,0.00,0,4037,81,78,91
1781814470943,14255,-11500,7825,1183,-606,452,walking,0.00,0,4037,81,78,91
1781814470964,13007,-11647,9145,1090,-646,370,walking,0.00,0,4037,81,78,91
1781814470995,11508,-11309,9297,1013,-635,361,walking,0.00,0,4037,81,78,91
1781814470996,9871,-10443,8943,1071,-603,344,walking,0.00,0,4037,81,78,91
1781814471030,8678,-10636,9004,1216,-584,321,walking,0.00,0,4037,81,78,91
1781814471030,7576,-11013,9514,1299,-546,291,walking,0.00,0,4037,81,78,91
1781814471055,6420,-11120,9825,1260,-460,228,walking,0.00,0,4037,81,78,91
1781814471087,6092,-11316,9668,1189,-412,169,walking,0.00,0,4037,81,78,91
1781814471087,6156,-11385,8984,1011,-313,77,walking,0.00,0,4037,81,78,91
1781814471118,6636,-11129,8085,910,-240,47,walking,0.00,0,4037,81,78,91
1781814471145,6151,-10943,8020,921,-164,66,walking,0.00,0,4037,81,78,91
1781814471153,6314,-11353,7811,829,-57,83,walking,0.00,0,4037,81,78,91
1781814471175,6538,-11355,7423,668,39,115,walking,0.00,0,4037,81,78,91
1781814471176,6738,-11293,6926,540,138,122,walking,0.00,0,4037,81,78,91
1781814471209,7142,-11721,7111,442,207,100,walking,0.00,0,4037,81,78,91
1781814471243,7521,-13573,7620,277,264,133,walking,0.00,0,4037,81,78,91
1781814471243,7518,-14447,8858,-76,250,260,walking,0.00,0,4037,81,78,91
1781814471266,7092,-13267,8269,-570,384,237,walking,0.00,0,4037,81,78,91
1781814471295,7698,-12308,6885,-682,451,43,walking,0.00,0,4037,81,78,91
1781814471297,8339,-12746,6613,-503,537,1,walking,0.00,0,4037,81,78,91
1781814471327,9174,-12833,5685,-477,556,-14,walking,0.00,0,4037,81,78,91
1781814471358,9196,-12582,5673,-556,542,32,walking,0.00,0,4037,81,78,91
1781814471359,9268,-12216,5733,-624,540,54,walking,0.00,0,4037,81,78,91
1781814471386,9528,-11084,5642,-752,537,51,walking,0.00,0,4037,81,78,91
1781814471387,9471,-11262,5944,-768,527,15,walking,0.00,0,4037,81,78,91
1781814471419,9399,-11833,5547,-790,480,1,walking,0.00,0,4037,81,78,91
1781814471455,9116,-10301,5468,-861,331,-37,walking,0.00,0,4037,81,78,91
1781814471456,9372,-10728,5924,-729,184,-93,walking,0.00,0,4037,81,78,91
1781814471478,9174,-10887,6622,-501,90,-102,walking,0.00,0,4037,81,78,91
1781814471508,9461,-11880,6965,-279,21,-165,walking,0.00,0,4037,81,78,91
1781814471509,9536,-12627,7312,-127,-44,-219,walking,0.00,0,4037,81,78,91
1781814471537,10172,-12856,7518,-38,-114,-309,walking,0.00,0,4037,81,78,91
1781814471566,10805,-13695,8284,52,-169,-382,walking,0.00,0,4037,81,78,91
1781814471567,11044,-14142,8591,73,-188,-412,walking,0.00,0,4037,81,78,91
1781814471596,11873,-14452,7906,108,-227,-417,walking,0.00,0,4037,81,78,91
1781814471597,13583,-14537,7188,275,-374,-316,walking,0.00,0,4037,81,78,91
1781814471626,15133,-15018,8016,562,-627,-115,walking,0.00,0,4037,81,78,91
1781814471657,15117,-14506,9899,610,-830,81,walking,0.00,0,4037,81,78,91
1781814471658,12718,-13353,10282,579,-745,301,walking,0.00,0,4037,81,78,91
1781814471685,9663,-11949,9415,304,-469,562,walking,0.00,0,4037,81,78,91
1781814471716,8758,-9704,7557,-198,-231,742,walking,0.00,0,4037,81,78,91
1781814471716,8524,-7898,7240,-593,-96,637,walking,0.00,0,4037,81,78,91
1781814471749,10412,-9990,7481,-833,-30,508,walking,0.00,0,4037,81,78,91
1781814471776,12230,-10679,7592,-1021,-32,643,walking,0.00,0,4037,81,78,91
1781814471777,12009,-8117,7834,-1015,-73,809,walking,0.00,0,4037,81,78,91
1781814471810,12944,-7781,6964,-665,-74,845,walking,0.00,0,4037,81,78,91
1781814471811,12523,-8616,6473,-105,-103,1030,walking,0.00,0,4037,81,78,91
1781814471835,12223,-10517,6024,363,-158,1257,walking,0.00,0,4037,81,78,91
1781814471866,9794,-11856,6359,389,-227,1419,walking,0.00,0,4037,81,78,91
1781814471866,9380,-10900,5283,214,-267,1421,walking,0.00,0,4037,81,78,91
1781814471899,8414,-8123,4068,116,-331,1155,walking,0.00,0,4037,81,78,91
1781814471926,8377,-9243,3518,403,-294,886,walking,0.00,0,4037,81,78,91
1781814471927,8101,-9745,3341,700,-301,723,walking,0.00,0,4037,81,78,91
1781814471957,8221,-11865,4004,880,-373,624,walking,0.00,0,4037,81,78,91
1781814471986,7597,-12156,4155,828,-437,539,walking,0.00,0,4037,81,78,91
1781814471989,6203,-10953,4136,753,-469,402,walking,0.00,0,4037,81,78,91
1781814472016,6890,-12253,2507,775,-501,232,walking,0.00,0,4037,81,78,91
1781814472016,7061,-13936,3232,857,-564,262,walking,0.00,0,4037,81,78,91
1781814472060,5966,-13443,2652,636,-644,270,walking,0.00,0,4037,81,78,91
1781814472078,4845,-12009,2257,543,-684,202,walking,0.00,0,4037,81,78,91
1781814472079,5669,-12122,2268,637,-750,64,walking,0.00,0,4037,81,78,91
1781814472109,6261,-11802,2898,819,-827,30,walking,0.00,0,4037,81,78,91
1781814472139,6230,-11616,3907,905,-894,-29,walking,0.00,0,4037,81,78,91
1781814472140,5595,-13329,7888,1029,-926,-130,walking,0.00,0,4037,81,78,91
1781814472166,7493,-14571,9203,979,-952,-167,walking,0.00,0,4037,81,78,91
1781814472194,6684,-15399,10878,884,-846,-74,walking,0.00,0,4037,81,78,91
1781814472194,5620,-10152,11098,594,-760,-160,walking,0.00,0,4037,81,78,91
1781814472224,6422,-13421,12688,688,-477,-284,walking,0.00,0,4037,81,78,91
1781814472258,9122,-14185,12884,755,-421,-413,walking,0.00,0,4037,81,78,91
1781814472259,12529,-16054,11504,789,-339,-583,walking,0.00,0,4037,81,78,91
1781814472284,10606,-15733,10391,935,-282,-134,walking,0.00,0,4037,81,78,91
1781814472285,8137,-14764,11762,595,-74,96,walking,0.00,0,4037,81,78,91
1781814472316,7028,-12032,15247,-170,184,-15,walking,0.00,0,4037,81,78,91
1781814472345,8238,-11611,16982,-478,604,-474,walking,0.00,0,4037,81,78,91
1781814472348,8632,-11715,17120,-598,950,-648,walking,0.00,0,4037,81,78,91
1781814472376,8385,-13196,16520,-972,1242,-605,walking,0.00,0,4037,81,78,91
1781814472407,9288,-13577,16629,-1344,1425,-437,walking,0.00,0,4037,81,78,91
1781814472409,9532,-13531,13749,-1872,1681,-290,walking,0.00,0,4037,81,78,91
1781814472436,7391,-11374,12800,-2219,1591,5,walking,0.00,0,4037,81,78,91
1781814472467,5057,-10437,12156,-2416,1875,11,walking,0.00,0,4037,81,78,91
1781814472468,4977,-9743,10463,-2349,1972,154,walking,0.00,0,4037,81,78,91
1781814472498,3703,-8222,11795,-2272,2000,245,walking,0.00,0,4037,81,78,91
1781814472524,4597,-8024,10397,-2124,2237,229,walking,0.00,0,4037,81,78,91
1781814472524,4937,-9729,8988,-1894,2252,353,walking,0.00,0,4037,81,78,91
1781814472557,4486,-9015,7493,-1558,2220,615,walking,0.00,0,4037,81,78,91
1781814472558,4636,-10037,6455,-1052,2187,850,walking,0.00,0,4037,81,78,91
1781814472585,3723,-10311,6916,-539,2107,1088,walking,0.00,0,4037,81,78,91
1781814472615,2757,-10916,8048,-175,2091,1235,walking,0.00,0,4037,81,78,91
1781814472616,4210,-10508,4645,-50,1957,1316,walking,0.00,0,4037,81,78,91
1781814472648,4422,-12684,4086,123,1634,1321,walking,0.00,0,4037,81,78,91
1781814472676,4404,-13608,4950,303,1220,1444,walking,0.00,0,4037,81,78,91
1781814472677,3958,-11067,6092,239,999,1451,walking,0.00,0,4037,81,78,91
1781814472706,5869,-9497,5535,-19,660,1047,walking,0.00,0,4037,81,78,91
1781814472739,5795,-10272,9137,415,393,414,walking,0.00,0,4037,81,78,91
1781814472740,6285,-8791,8292,1133,18,114,walking,0.00,0,4037,81,78,91
1781814472764,6195,-10064,11495,1355,-287,-300,walking,0.00,0,4037,81,78,91
1781814472800,8561,-12419,12667,1241,-521,-886,walking,0.00,0,4037,81,78,91
1781814472801,9038,-11689,11650,1208,-737,-1371,walking,0.00,0,4037,81,78,91
1781814472826,7302,-11562,10120,1157,-767,-1887,walking,0.00,0,4037,81,78,91
1781814472826,6614,-13043,9810,1012,-699,-2037,walking,0.00,0,4037,81,78,91
1781814472861,6453,-16281,10445,-46,-430,-1932,walking,0.00,0,4037,81,78,91
1781814472889,6024,-17816,13237,-573,-315,-1886,walking,0.00,0,4037,81,78,91
1781814472890,6699,-17538,13167,-1674,254,-1686,walking,0.00,0,4037,81,78,91
1781814472916,8068,-13166,12348,-2602,546,-1695,walking,0.00,0,4037,81,78,91
1781814472947,9353,-10405,8541,-2819,325,-1707,walking,0.00,0,4037,81,78,91
1781814472948,8675,-9555,6797,-2587,68,-1298,walking,0.00,0,4037,81,78,91
1781814472976,7798,-6128,3984,-2375,-168,-1272,walking,0.00,0,4037,81,78,91
1781814473008,7805,-5022,-46,-1647,-426,-1548,walking,0.00,0,4037,81,78,91
1781814473009,7485,-7502,1152,-618,-754,-1828,walking,0.00,0,4037,81,78,91
1781814473034,9003,-14167,4141,187,-809,-1622,walking,0.00,0,4037,81,78,91
1781814473034,10336,-14320,6012,513,-763,-1205,walking,0.00,0,4037,81,78,91
1781814473066,7856,-13151,6735,141,-659,-1076,walking,0.00,0,4037,81,78,91
1781814473095,7805,-12929,5527,-82,-585,-1075,walking,0.00,0,4037,81,78,91
1781814473099,8775,-12145,3072,8,-489,-909,walking,0.00,0,4037,81,78,91
1781814473126,8697,-13078,3769,323,-516,-772,walking,0.00,0,4037,81,78,91
1781814473155,8671,-15434,4255,636,-457,-413,walking,0.00,0,4037,81,78,91
1781814473155,9024,-16853,3892,786,-393,2,walking,0.00,0,4037,81,78,91
1781814473190,8297,-13706,3499,291,-363,89,walking,0.00,0,4037,81,78,91
1781814473216,7376,-11017,3436,9,-256,-48,walking,0.00,0,4037,81,78,91
1781814473221,7814,-11486,4269,92,-63,-221,walking,0.00,0,4037,81,78,91
1781814473244,8872,-12347,5129,273,193,-227,walking,0.00,0,4037,81,78,91
1781814473245,10111,-14339,5859,537,417,-144,walking,0.00,0,4037,81,78,91
1781814473279,11749,-17231,6833,568,519,10,walking,0.00,0,4037,81,78,91
1781814473305,13907,-19969,9706,387,511,234,walking,0.00,0,4037,81,78,91
1781814473305,16281,-21286,10923,-103,502,552,walking,0.00,0,4037,81,78,91
1781814473333,15363,-19709,11129,-213,607,1060,walking,0.00,0,4037,81,78,91
1781814473366,14821,-18704,11519,-175,629,1263,walking,0.00,0,4037,81,78,91
1781814473367,13359,-17699,10552,-157,656,1426,walking,0.00,0,4037,81,78,91
1781814473400,11697,-18018,10449,-76,707,1388,walking,0.00,0,4037,81,78,91
1781814473424,10559,-17900,9962,-37,848,1410,walking,0.00,0,4037,81,78,91
1781814473424,9285,-18234,9906,15,1115,1615,walking,0.00,0,4037,81,78,91
1781814473456,8419,-17386,9779,-170,1318,1928,walking,0.00,0,4037,81,78,91
1781814473457,6780,-14128,10306,-651,1417,1975,walking,0.00,0,4037,81,78,91
1781814473484,5732,-12421,9786,-987,1503,1774,walking,0.00,0,4037,81,78,91
1781814473516,5568,-12350,8035,-955,1464,1674,walking,0.00,0,4037,81,78,91
1781814473516,5561,-11721,7330,-864,1428,1635,walking,0.00,0,4037,81,78,91
1781814473548,4694,-12588,5421,-365,1200,1641,walking,0.00,0,4037,81,78,91
1781814473574,4115,-12411,4693,-255,1086,1650,walking,0.00,0,4037,81,78,91
1781814473575,3423,-12210,3323,-215,883,1547,walking,0.00,0,4037,81,78,91
1781814473612,3573,-14087,4553,-286,624,1586,walking,0.00,0,4037,81,78,91
1781814473637,1702,-10421,6108,-293,674,1664,walking,0.00,0,4037,81,78,91
1781814473638,1827,-9787,4528,-156,953,1383,walking,0.00,0,4037,81,78,91
1781814473668,-7,-7953,7379,-28,1075,1308,walking,0.00,0,4037,81,78,91
1781814473669,341,-6728,5024,-206,1208,936,walking,0.00,0,4037,81,78,91
1781814473695,1197,-8199,6129,198,1231,815,walking,0.00,0,4037,81,78,91
1781814473726,-1262,-7953,7532,248,1298,612,walking,0.00,0,4037,81,78,91
1781814473727,-2043,-8323,6927,309,1339,376,walking,0.00,0,4037,81,78,91
1781814473756,-1885,-8485,6286,416,1360,310,walking,0.00,0,4037,81,78,91
1781814473759,-1779,-9778,4759,461,1283,190,walking,0.00,0,4037,81,78,91
1781814473787,-3299,-8918,4031,443,1076,12,walking,0.00,0,4037,81,78,91
1781814473814,-3737,-9949,6293,498,908,-282,walking,0.00,0,4037,81,78,91
1781814473815,-3807,-12201,8914,618,976,-334,walking,0.00,0,4037,81,78,91
1781814473846,-307,-11540,-474,742,1060,-700,walking,0.00,0,4037,81,78,91
1781814473875,-3887,-14278,8525,1056,576,-583,walking,0.00,0,4037,81,78,91
1781814473875,-2162,-15474,9709,1342,313,-580,walking,0.00,0,4037,81,78,91
1781814473904,-1793,-13519,13050,1656,280,-488,walking,0.00,0,4037,81,78,91
1781814473934,119,-20143,13720,2110,205,-501,walking,0.00,0,4037,81,78,91
1781814473934,-1054,-22790,14985,1896,161,-65,walking,0.00,0,4037,81,78,91
1781814473966,-1624,-17245,13122,1270,-167,144,walking,0.00,0,4037,81,78,91
1781814473966,-2942,-17456,14872,1104,-246,-100,walking,0.00,0,4037,81,78,91
1781814473994,-2016,-14795,13630,1383,221,6,walking,0.00,0,4037,81,78,91
1781814474024,-231,-16103,10546,1382,600,37,walking,0.00,0,4037,81,78,91
1781814474024,1060,-17145,10831,1029,768,176,walking,0.00,0,4037,81,78,91
1781814474055,2527,-16577,9848,183,669,55,walking,0.00,0,4037,81,78,91
1781814474087,1436,-13931,11424,-550,416,115,walking,0.00,0,4037,81,78,91
1781814474088,1341,-12719,11567,-786,199,194,walking,0.00,0,4037,81,78,91
1781814474115,1212,-10272,11559,-742,44,361,walking,0.00,0,4037,81,78,91
1781814474145,283,-8290,10701,-469,34,393,walking,0.00,0,4037,81,78,91
1781814474146,-343,-8796,9139,-27,37,387,walking,0.00,0,4037,81,78,91
1781814474177,-699,-10290,8299,205,8,401,walking,0.00,0,4037,81,78,91
1781814474177,-1392,-11258,8438,62,-22,398,walking,0.00,0,4037,81,78,91
1781814474204,-2527,-10632,8598,-314,-49,409,walking,0.00,0,4037,81,78,91
1781814474240,-2750,-10717,7881,-591,45,356,walking,0.00,0,4037,81,78,91
1781814474241,-2943,-10496,7414,-785,95,376,walking,0.00,0,4037,81,78,91
1781814474264,-3079,-10971,7235,-893,155,354,walking,0.00,0,4037,81,78,91
1781814474294,-3451,-10897,6731,-929,175,326,walking,0.00,0,4037,81,78,91
1781814474295,-3149,-9147,3533,-884,175,243,walking,0.00,0,4037,81,78,91
1781814474325,-1888,-13448,3794,-588,-92,24,walking,0.00,0,4037,81,78,91
1781814474354,-3617,-11621,6969,-570,-52,55,walking,0.00,0,4037,81,78,91
1781814474354,-3964,-12894,7144,-350,46,-103,walking,0.00,0,4037,81,78,91
1781814474388,-4801,-13396,8653,-76,-42,-147,walking,0.00,0,4037,81,78,91
1781814474414,-3833,-15211,7960,118,189,-84,walking,0.00,0,4037,81,78,91
1781814474414,-3475,-14367,9364,58,156,-35,walking,0.00,0,4037,81,78,91
1781814474448,-3371,-14668,11766,301,134,-32,walking,0.00,0,4037,81,78,91
1781814474448,-2625,-15848,11646,601,259,-52,walking,0.00,0,4037,81,78,91
1781814474478,-767,-15886,8763,864,139,-25,walking,0.00,0,4037,81,78,91
1781814474505,-961,-16415,10672,1096,-164,-37,walking,0.00,0,4037,81,78,91
1781814474505,-2910,-18256,13734,1148,-297,2,walking,0.00,0,4037,81,78,91
1781814474534,-3432,-16146,13786,850,-350,-26,walking,0.00,0,4037,81,78,91
1781814474566,-2599,-14710,13341,739,-263,-201,walking,0.00,0,4037,81,78,91
1781814474566,-1681,-14208,12066,573,-88,-142,walking,0.00,0,4037,81,78,91
1781814474595,-2043,-13178,11937,281,-141,-210,walking,0.00,0,4037,81,78,91
1781814474625,-2300,-12744,12104,152,-175,-235,walking,0.00,0,4037,81,78,91
1781814474627,-2890,-10039,13410,24,-210,-297,walking,0.00,0,4037,81,78,91
1781814474661,-2084,-9540,14311,217,-165,-439,walking,0.00,0,4037,81,78,91
1781814474663,-350,-14278,12573,539,-179,-506,walking,0.00,0,4037,81,78,91
1781814474685,-577,-11252,11261,544,-295,-129,walking,0.00,0,4037,81,78,91
1781814474714,-337,-11401,10367,479,-498,-258,walking,0.00,0,4037,81,78,91
1781814474714,-194,-10973,11534,335,-501,-135,walking,0.00,0,4037,81,78,91
1781814474749,-1063,-10885,10955,-104,-435,-215,walking,0.00,0,4037,81,78,91
1781814474777,-1698,-9669,8641,-268,-350,-204,walking,0.00,0,4037,81,78,91
1781814474778,-838,-8969,6982,-160,-399,-203,walking,0.00,0,4037,81,78,91
1781814474805,-737,-10813,8061,-167,-499,-101,walking,0.00,0,4037,81,78,91
1781814474838,-690,-10936,8167,-260,-557,-21,walking,0.00,0,4037,81,78,91
1781814474839,-1026,-11082,9700,-508,-652,67,walking,0.00,0,4037,81,78,91
1781814474866,-1721,-11074,10512,-622,-654,172,walking,0.00,0,4037,81,78,91
1781814474866,-2080,-10984,10697,-622,-646,292,walking,0.00,0,4037,81,78,91
1781814474895,-2721,-10582,10962,-603,-676,352,walking,0.00,0,4037,81,78,91
1781814474925,-3265,-10799,12130,-596,-667,324,walking,0.00,0,4037,81,78,91
1781814474926,-2556,-12347,12683,-552,-646,394,walking,0.00,0,4037,81,78,91
1781814474957,-2507,-12249,12684,-555,-574,423,walking,0.00,0,4037,81,78,91
1781814474985,-2046,-12976,13472,-559,-540,457,walking,0.00,0,4037,81,78,91
1781814474985,-1048,-13571,13986,-563,-531,442,walking,0.00,0,4037,81,78,91
1781814475014,-190,-13655,13664,-533,-572,405,walking,0.00,0,4037,81,78,91
1781814475044,6,-13481,13336,-514,-613,384,walking,0.00,0,4037,81,78,91
1781814475045,-414,-13423,13182,-316,-713,351,walking,0.00,0,4037,81,78,91
1781814475074,-598,-13832,13461,-213,-746,328,walking,0.00,0,4037,81,78,91
1781814475075,-658,-14628,14161,12,-799,258,walking,0.00,0,4037,81,78,91
1781814475107,-1016,-14712,14302,186,-770,184,walking,0.00,0,4037,81,78,91
1781814475138,-595,-13568,11762,333,-512,159,walking,0.00,0,4037,81,78,91
1781814475138,-15,-12211,7945,397,-138,205,walking,0.00,0,4037,81,78,91
1781814475165,-335,-13166,7207,263,87,213,walking,0.00,0,4037,81,78,91
1781814475195,-141,-14390,8836,-44,163,150,walking,0.00,0,4037,81,78,91
1781814475198,762,-14314,10136,-258,156,68,walking,0.00,0,4037,81,78,91
1781814475229,2402,-14598,11412,-220,69,126,walking,0.00,0,4037,81,78,91
1781814475230,2873,-13955,12081,-69,-2,323,walking,0.00,0,4037,81,78,91
1781814475256,1384,-12096,11003,42,-35,463,walking,0.00,0,4037,81,78,91
1781814475287,529,-11411,10234,99,-39,471,walking,0.00,0,4037,81,78,91
1781814475287,-448,-10907,8878,218,-14,429,walking,0.00,0,4037,81,78,91
1781814475315,-1145,-10984,7432,339,59,367,walking,0.00,0,4037,81,78,91
1781814475347,-1302,-11778,6791,316,98,339,walking,0.00,0,4037,81,78,91
1781814475348,-1385,-12177,6678,124,99,356,walking,0.00,0,4037,81,78,91
1781814475389,-1873,-11520,6477,-51,84,384,walking,0.00,0,4037,81,78,91
1781814475404,-2434,-10886,6848,-99,62,371,walking,0.00,0,4037,81,78,91
1781814475404,-2811,-10933,7099,-61,66,339,walking,0.00,0,4037,81,78,91
1781814475440,-3116,-11441,7412,-2,102,316,walking,0.00,0,4037,81,78,91
1781814475441,-3441,-11635,7404,36,136,258,walking,0.00,0,4037,81,78,91
1781814475465,-3798,-12419,7326,58,176,163,walking,0.00,0,4037,81,78,91
1781814475495,-4033,-12836,7268,73,238,102,walking,0.00,0,4037,81,78,91
1781814475496,-4216,-13164,7413,68,274,62,walking,0.00,0,4037,81,78,91
1781814475531,-4628,-14122,7876,55,415,-28,walking,0.00,0,4037,81,78,91
1781814475557,-4779,-14231,8285,45,448,-56,walking,0.00,0,4037,81,78,91
1781814475557,-4727,-14923,9399,18,511,-133,walking,0.00,0,4037,81,78,91
1781814475586,-4032,-15469,10862,19,514,-189,walking,0.00,0,4037,81,78,91
1781814475619,-3233,-16619,12129,133,531,-155,walking,0.00,0,4037,81,78,91
1781814475620,-2648,-15882,12550,117,479,-160,walking,0.00,0,4037,81,78,91
1781814475645,-2725,-16031,13124,146,403,-197,walking,0.00,0,4037,81,78,91
1781814475646,-3300,-15505,13957,198,318,-295,walking,0.00,0,4037,81,78,91
1781814475678,-2956,-16012,14457,350,314,-408,walking,0.00,0,4037,81,78,91
1781814475706,-2239,-16009,14213,494,400,-415,walking,0.00,0,4037,81,78,91
1781814475706,-1510,-14028,11893,485,574,-344,walking,0.00,0,4037,81,78,91
1781814475736,-2176,-12369,9898,297,681,-374,walking,0.00,0,4037,81,78,91
1781814475765,-2640,-12350,9756,85,657,-491,walking,0.00,0,4037,81,78,91
1781814475775,-2615,-13120,10893,-10,603,-565,walking,0.00,0,4037,81,78,91
1781814475794,-2346,-13486,11769,-49,562,-562,walking,0.00,0,4037,81,78,91
1781814475825,-2057,-13587,12064,-74,532,-554,walking,0.00,0,4037,81,78,91
1781814475825,-1457,-13602,13196,-176,483,-512,walking,0.00,0,4037,81,78,91
1781814475856,-1142,-12656,13041,-252,496,-440,walking,0.00,0,4037,81,78,91
1781814475887,-1124,-11291,11164,-198,531,-371,walking,0.00,0,4037,81,78,91
1781814475888,-1444,-10646,9437,-108,537,-340,walking,0.00,0,4037,81,78,91
1781814475914,-1811,-10438,8253,-51,537,-305,walking,0.00,0,4037,81,78,91
1781814475915,-2304,-10085,7666,-106,535,-298,walking,0.00,0,4037,81,78,91
1781814475945,-2574,-9657,7463,-184,543,-327,walking,0.00,0,4037,81,78,91
1781814475975,-2748,-9916,7234,-253,545,-337,walking,0.00,0,4037,81,78,91
1781814475976,-2867,-9947,7297,-354,530,-314,walking,0.00,0,4037,81,78,91
1781814476005,-3073,-9841,7491,-416,516,-248,walking,0.00,0,4037,81,78,91
1781814476040,-3320,-9921,7737,-432,459,-179,walking,0.00,0,4037,81,78,91
1781814476040,-3396,-10255,8031,-450,421,-152,walking,0.00,0,4037,81,78,91
1781814476065,-3378,-11254,9327,-425,305,-78,walking,0.00,0,4037,81,78,91
1781814476096,-3244,-11631,9574,-385,279,-52,walking,0.00,0,4037,81,78,91
1781814476096,-2963,-12640,10379,-296,232,-1,walking,0.00,0,4037,81,78,91
1781814476128,-3156,-13227,11155,-227,209,64,walking,0.00,0,4037,81,78,91
1781814476130,-3414,-13911,12031,-224,187,56,walking,0.00,0,4037,81,78,91
1781814476155,-2948,-14606,12519,-203,159,2,walking,0.00,0,4037,81,78,91
1781814476186,-2195,-15164,12353,-137,106,-57,walking,0.00,0,4037,81,78,91
1781814476187,-1711,-15262,12031,-24,39,-127,walking,0.00,0,4037,81,78,91
1781814476214,-1517,-15781,11655,120,-24,-214,walking,0.00,0,4037,81,78,91
1781814476244,-1817,-17061,11829,145,-155,-310,walking,0.00,0,4037,81,78,91
1781814476245,-1426,-17389,11844,100,-285,-385,walking,0.00,0,4037,81,78,91
1781814476279,-1263,-16893,11730,98,-321,-406,walking,0.00,0,4037,81,78,91
1781814476279,-727,-14906,10369,245,-213,-373,walking,0.00,0,4037,81,78,91
1781814476304,133,-13440,7924,364,54,-297,walking,0.00,0,4037,81,78,91
1781814476334,-70,-13180,7075,206,165,-270,walking,0.00,0,4037,81,78,91
1781814476335,166,-14057,7981,-163,107,-323,walking,0.00,0,4037,81,78,91
1781814476368,86,-13337,9106,-372,-17,-270,walking,0.00,0,4037,81,78,91
1781814476398,202,-12517,10669,-210,-122,-133,walking,0.00,0,4037,81,78,91
1781814476399,798,-12776,11448,119,-146,56,walking,0.00,0,4037,81,78,91
1781814476436,208,-11901,10164,348,-165,258,walking,0.00,0,4037,81,78,91
1781814476437,-212,-11348,9205,413,-186,318,walking,0.00,0,4037,81,78,91
1781814476454,-1089,-10575,7830,502,-228,361,walking,0.00,0,4037,81,78,91
1781814476486,-1965,-10998,7261,580,-222,395,walking,0.00,0,4037,81,78,91
1781814476486,-2324,-11556,6798,557,-193,437,walking,0.00,0,4037,81,78,91
1781814476521,-2596,-11331,6352,439,-180,460,walking,0.00,0,4037,81,78,91
1781814476545,-2979,-11119,6286,354,-163,451,walking,0.00,0,4037,81,78,91
1781814476546,-3378,-11540,6560,308,-108,414,walking,0.00,0,4037,81,78,91
1781814476576,-3201,-12285,6513,243,-63,380,walking,0.00,0,4037,81,78,91
1781814476609,-3277,-12635,6419,163,-44,379,walking,0.00,0,4037,81,78,91
1781814476610,-3430,-12952,6525,95,-32,339,walking,0.00,0,4037,81,78,91
1781814476635,-3851,-13413,6991,-18,-19,267,walking,0.00,0,4037,81,78,91
1781814476668,-4272,-14017,7489,-124,15,176,walking,0.00,0,4037,81,78,91
1781814476669,-4797,-14548,7997,-190,56,72,walking,0.00,0,4037,81,78,91
1781814476697,-5229,-14980,8844,-223,110,15,walking,0.00,0,4037,81,78,91
1781814476698,-5385,-14988,9521,-221,186,-12,walking,0.00,0,4037,81,78,91
1781814476726,-5098,-14808,10080,-160,222,-72,walking,0.00,0,4037,81,78,91
1781814476762,-4501,-16278,11298,-39,221,-107,walking,0.00,0,4037,81,78,91
1781814476763,-4165,-15415,11772,17,228,-140,walking,0.00,0,4037,81,78,91
1781814476785,-4264,-15941,11819,86,263,-128,walking,0.00,0,4037,81,78,91
1781814476823,-4327,-16218,12236,85,211,-157,walking,0.00,0,4037,81,78,91
1781814476827,-4386,-15606,12916,163,171,-218,walking,0.00,0,4037,81,78,91
1781814476846,-4991,-15738,14476,360,289,-248,walking,0.00,0,4037,81,78,91
1781814476849,-3495,-15181,13135,475,482,-368,walking,0.00,0,4037,81,78,91
1781814476874,-2568,-13263,10621,402,662,-410,walking,0.00,0,4037,81,78,91
1781814476905,-2653,-12565,9945,195,706,-495,walking,0.00,0,4037,81,78,91
1781814476905,-3017,-13164,11040,-24,679,-570,walking,0.00,0,4037,81,78,91
1781814476935,-3130,-13457,12292,-148,647,-591,walking,0.00,0,4037,81,78,91
1781814476967,-2841,-13341,12606,-182,624,-576,walking,0.00,0,4037,81,78,91
1781814476967,-2504,-13196,12624,-171,599,-555,walking,0.00,0,4037,81,78,91
1781814476998,-2125,-12695,12799,-112,529,-507,walking,0.00,0,4037,81,78,91
1781814477029,-2444,-11941,12690,-20,494,-476,walking,0.00,0,4037,81,78,91
1781814477030,-2324,-11380,11368,80,513,-464,walking,0.00,0,4037,81,78,93
1781814477054,-2026,-11269,9635,151,526,-439,walking,0.00,0,4037,81,78,93
1781814477055,-2066,-10558,7982,121,499,-427,walking,0.00,0,4037,81,78,93
1781814477085,-2352,-10161,7206,40,466,-432,walking,0.00,0,4037,81,78,93
1781814477118,-2567,-9887,6786,-37,429,-436,walking,0.00,0,4037,81,78,93
1781814477118,-2947,-9698,6702,-141,397,-435,walking,0.00,0,4037,81,78,93
1781814477154,-3219,-9630,6823,-214,364,-427,walking,0.00,0,4037,81,78,93
1781814477176,-3529,-9782,7338,-266,334,-395,walking,0.00,0,4037,81,78,93
1781814477177,-3697,-10087,7646,-326,320,-366,walking,0.00,0,4037,81,78,93
1781814477206,-3570,-10227,8167,-350,269,-338,walking,0.00,0,4037,81,78,93
1781814477239,-3743,-10644,9195,-333,226,-316,walking,0.00,0,4037,81,78,93
1781814477248,-3628,-11436,9575,-290,212,-275,walking,0.00,0,4037,81,78,93
1781814477270,-3521,-12375,10449,-274,180,-216,walking,0.00,0,4037,81,78,93
1781814477296,-3083,-13396,11469,-289,137,-158,walking,0.00,0,4037,81,78,93
1781814477297,-2342,-14611,12640,-316,73,-101,walking,0.00,0,4037,81,78,93
1781814477326,-2134,-14886,13534,-317,33,-64,walking,0.00,0,4037,81,78,93
1781814477327,-1668,-14863,13176,-215,-39,3,walking,0.00,0,4037,81,78,93
1781814477356,-1822,-14484,12999,-22,-152,13,walking,0.00,0,4037,81,78,93
1781814477388,-1747,-15291,13007,184,-201,-24,walking,0.00,0,4037,81,78,93
1781814477388,-1576,-16621,13140,296,-277,-81,walking,0.00,0,4037,81,78,93
1781814477418,-1684,-17381,13124,348,-313,-141,walking,0.00,0,4037,81,78,93
1781814477450,-1801,-16966,12476,388,-249,-165,walking,0.00,0,4037,81,78,93
1781814477450,-729,-15712,10443,474,-28,-124,walking,0.00,0,4037,81,78,93
1781814477478,509,-14762,8254,437,221,-23,walking,0.00,0,4037,81,78,93
1781814477479,812,-15078,8063,64,308,35,walking,0.00,0,4037,81,78,93
1781814477509,944,-15262,8930,-463,287,43,walking,0.00,0,4037,81,78,93
1781814477536,1170,-14830,9197,-643,236,66,walking,0.00,0,4037,81,78,93
1781814477537,1466,-14095,10115,-748,101,206,walking,0.00,0,4037,81,78,93
1781814477567,965,-12505,10229,-565,8,416,walking,0.00,0,4037,81,78,93
1781814477600,-284,-11259,9109,-112,-81,590,walking,0.00,0,4037,81,78,93
1781814477601,-1030,-11999,8826,85,-122,632,walking,0.00,0,4037,81,78,93
1781814477628,-1584,-12571,8346,93,-134,652,walking,0.00,0,4037,81,78,93
1781814477658,-1799,-12349,7884,74,-128,659,walking,0.00,0,4037,81,78,93
1781814477660,-1857,-11523,6295,96,-124,644,walking,0.00,0,4037,81,78,93
1781814477686,-1872,-11505,5881,156,-167,591,walking,0.00,0,4037,81,78,93
1781814477717,-2278,-12011,5668,165,-201,558,walking,0.00,0,4037,81,78,93
1781814477717,-2458,-12253,5309,120,-213,530,walking,0.00,0,4037,81,78,93
1781814477745,-2763,-12700,5205,58,-226,492,walking,0.00,0,4037,81,78,93
1781814477746,-3041,-12784,5292,-39,-252,467,walking,0.00,0,4037,81,78,93
1781814477775,-3512,-12902,5725,-110,-257,435,walking,0.00,0,4037,81,78,93
1781814477814,-4055,-13187,5967,-134,-238,400,walking,0.00,0,4037,81,78,93
1781814477815,-4314,-13759,6074,-143,-218,351,walking,0.00,0,4037,81,78,93
1781814477836,-4479,-14394,6486,-177,-209,307,walking,0.00,0,4037,81,78,93
1781814477869,-4633,-14687,7024,-215,-176,299,walking,0.00,0,4037,81,78,93
1781814477870,-4835,-14685,7200,-218,-145,307,walking,0.00,0,4037,81,78,93
1781814477894,-5009,-15079,8362,-166,-71,288,walking,0.00,0,4037,81,78,93
1781814477934,-4991,-15174,8847,-150,-58,280,walking,0.00,0,4037,81,78,93
1781814477934,-4580,-15269,9590,-88,-43,264,walking,0.00,0,4037,81,78,93
1781814477954,-4232,-15601,9933,-30,-33,255,walking,0.00,0,4037,81,78,93
1781814477954,-4198,-15609,9216,14,-30,260,walking,0.00,0,4037,81,78,93
1781814477991,-5091,-15716,9390,90,-98,263,walking,0.00,0,4037,81,78,93
1781814478020,-6438,-16265,10451,160,-183,235,walking,0.00,0,4037,81,78,93
1781814478020,-7092,-15819,11167,251,-166,187,walking,0.00,0,4037,81,78,93
1781814478044,-6415,-15767,11429,399,-48,91,walking,0.00,0,4037,81,78,93
1781814478077,-4781,-14966,10387,411,148,61,walking,0.00,0,4037,81,78,93
1781814478078,-4584,-13889,9306,191,256,6,walking,0.00,0,4037,81,78,93
1781814478104,-5099,-13290,9924,-105,236,-123,walking,0.00,0,4037,81,78,93
1781814478136,-4753,-13609,10869,-297,241,-245,walking,0.00,0,4037,81,78,93
1781814478136,-4288,-13375,11299,-356,226,-299,walking,0.00,0,4037,81,78,93
1781814478166,-4165,-13076,11626,-309,175,-305,walking,0.00,0,4037,81,78,93
1781814478195,-3958,-12961,11844,-233,153,-287,walking,0.00,0,4037,81,78,93
1781814478196,-3651,-12185,11812,-67,143,-232,walking,0.00,0,4037,81,78,93
1781814478230,-3577,-11203,10393,99,191,-208,walking,0.00,0,4037,81,78,93
1781814478230,-3380,-10744,8556,198,232,-241,walking,0.00,0,4037,81,78,93
1781814478258,-3292,-10964,7445,184,242,-289,walking,0.00,0,4037,81,78,93
1781814478286,-3669,-10976,6767,102,237,-318,walking,0.00,0,4037,81,78,93
1781814478287,-3969,-10948,6662,-1,223,-348,walking,0.00,0,4037,81,78,93
1781814478317,-4265,-10419,6621,-80,206,-362,walking,0.00,0,4037,81,78,93
1781814478349,-4593,-10004,6667,-105,200,-364,walking,0.00,0,4037,81,78,93
1781814478350,-4780,-10092,6826,-41,186,-336,walking,0.00,0,4037,81,78,93
1781814478377,-4797,-10658,7315,6,170,-304,walking,0.00,0,4037,81,78,93
1781814478411,-4904,-11016,7656,7,160,-285,walking,0.00,0,4037,81,78,93
1781814478411,-5027,-11355,7920,-20,161,-250,walking,0.00,0,4037,81,78,93
1781814478442,-4996,-11897,8275,-17,169,-225,walking,0.00,0,4037,81,78,93
1781814478443,-4731,-12752,8662,-9,180,-187,walking,0.00,0,4037,81,78,93
1781814478466,-4701,-13407,9364,-58,177,-136,walking,0.00,0,4037,81,78,93
1781814478499,-4592,-14382,10465,-137,152,-93,walking,0.00,0,4037,81,78,93
1781814478500,-4097,-15022,11150,-238,81,-47,walking,0.00,0,4037,81,78,93
1781814478525,-3680,-14700,11116,-250,-14,8,walking,0.00,0,4037,81,78,93
1781814478557,-3734,-14151,10745,-116,-113,27,walking,0.00,0,4037,81,78,93
1781814478558,-3861,-14862,10621,91,-208,-3,walking,0.00,0,4037,81,78,93
1781814478591,-4003,-16474,11520,218,-317,-58,walking,0.00,0,4037,81,78,93
1781814478616,-3806,-17296,12331,262,-399,-131,walking,0.00,0,4037,81,78,93
1781814478617,-3218,-17067,12482,355,-382,-205,walking,0.00,0,4037,81,78,93
1781814478644,-1764,-15711,10504,488,-191,-210,walking,0.00,0,4037,81,78,93
1781814478644,-861,-15008,8796,529,-71,-179,walking,0.00,0,4037,81,78,93
1781814478682,151,-14086,6629,363,46,-115,walking,0.00,0,4037,81,78,93
1781814478711,-64,-14215,7510,-84,7,-96,walking,0.00,0,4037,81,78,93
1781814478712,-308,-14527,9319,-501,-49,-86,walking,0.00,0,4037,81,78,93
1781814478734,304,-13922,10426,-669,-117,13,walking,0.00,0,4037,81,78,93
1781814478766,207,-12810,10669,-570,-215,159,walking,0.00,0,4037,81,78,93
1781814478767,-361,-11843,10403,-309,-299,255,walking,0.00,0,4037,81,78,93
1781814478795,-1157,-11581,9270,32,-337,338,walking,0.00,0,4037,81,78,93
1781814478796,-1671,-11961,8020,283,-358,443,walking,0.00,0,4037,81,78,93
1781814478825,-2159,-12159,7308,337,-395,501,walking,0.00,0,4037,81,78,93
1781814478857,-2322,-12181,6941,321,-398,510,walking,0.00,0,4037,81,78,93
1781814478858,-3001,-12001,6614,278,-399,514,walking,0.00,0,4037,81,78,93
1781814478884,-3489,-11950,6173,220,-359,498,walking,0.00,0,4037,81,78,93
1781814478919,-3478,-12656,6360,190,-340,490,walking,0.00,0,4037,81,78,93
1781814478923,-3736,-12454,6564,131,-314,560,walking,0.00,0,4037,81,78,93
1781814478947,-4124,-12104,6730,95,-302,528,walking,0.00,0,4037,81,78,93
1781814478975,-4415,-12356,6830,100,-251,466,walking,0.00,0,4037,81,78,93
1781814478976,-4156,-13100,6331,109,-180,392,walking,0.00,0,4037,81,78,93
1781814479007,-4486,-13197,6070,100,-143,322,walking,0.00,0,4037,81,78,93
1781814479035,-4802,-14022,6261,82,-88,227,walking,0.00,0,4037,81,78,93
1781814479036,-5270,-14814,6767,-6,-28,129,walking,0.00,0,4037,81,78,93
1781814479066,-5733,-14837,7407,-127,39,66,walking,0.00,0,4037,81,78,93
1781814479067,-6183,-14495,8249,-168,109,30,walking,0.00,0,4037,81,78,93
1781814479098,-5948,-14440,9029,-127,173,-1,walking,0.00,0,4037,81,78,93
1781814479128,-5554,-14476,9934,-27,208,-22,walking,0.00,0,4037,81,78,93
1781814479128,-4970,-14379,10084,103,257,-39,walking,0.00,0,4037,81,78,93
1781814479157,-4520,-14863,9571,228,301,-63,walking,0.00,0,4037,81,78,93
1781814479185,-5315,-15445,9674,263,272,-82,walking,0.00,0,4037,81,78,93
1781814479186,-6176,-15762,10424,228,213,-135,walking,0.00,0,4037,81,78,93
1781814479216,-6930,-15339,11547,281,246,-195,walking,0.00,0,4037,81,78,93
1781814479249,-6922,-15487,12232,338,286,-255,walking,0.00,0,4037,81,78,93
1781814479249,-5107,-15448,11927,333,416,-327,walking,0.00,0,4037,81,78,93
1781814479275,-3764,-12870,8883,216,525,-262,walking,0.00,0,4037,81,78,93
1781814479276,-4925,-11217,8315,54,525,-286,walking,0.00,0,4037,81,78,93
1781814479306,-5932,-11989,10045,-140,501,-415,walking,0.00,0,4037,81,78,93
1781814479334,-5481,-12529,11258,-321,509,-495,walking,0.00,0,4037,81,78,93
1781814479335,-5179,-11965,11858,-415,496,-560,walking,0.00,0,4037,81,78,93
1781814479366,-4970,-12454,12577,-304,445,-598,walking,0.00,0,4037,81,78,93
1781814479402,-4348,-13069,14079,-128,436,-578,walking,0.00,0,4037,81,78,93
1781814479402,-3716,-12356,13370,74,483,-501,walking,0.00,0,4037,81,78,93
1781814479424,-3381,-11012,11196,228,496,-459,walking,0.00,0,4037,81,78,93
1781814479458,-3815,-10152,10164,312,499,-498,walking,0.00,0,4037,81,78,93
1781814479458,-4000,-10608,9517,375,546,-581,walking,0.00,0,4037,81,78,93
1781814479485,-4153,-11338,9236,307,593,-602,walking,0.00,0,4037,81,78,93
1781814479486,-4347,-11287,8910,232,613,-600,walking,0.00,0,4037,81,78,93
1781814479516,-4529,-10737,8236,101,636,-590,walking,0.00,0,4037,81,78,93
1781814479547,-4775,-10202,7892,37,644,-571,walking,0.00,0,4037,81,78,93
1781814479552,-4857,-9969,7969,8,642,-538,walking,0.00,0,4037,81,78,93
1781814479574,-5022,-9663,8163,13,641,-512,walking,0.00,0,4037,81,78,93
1781814479606,-4749,-10020,8285,28,632,-485,walking,0.00,0,4037,81,78,93
1781814479607,-4469,-10334,8318,34,592,-440,walking,0.00,0,4037,81,78,93
1781814479640,-4723,-10799,8647,31,544,-379,walking,0.00,0,4037,81,78,93
1781814479667,-4839,-11318,9022,43,497,-334,walking,0.00,0,4037,81,78,93
1781814479668,-4721,-11778,9450,38,464,-300,walking,0.00,0,4037,81,78,93
1781814479699,-4643,-12260,9712,18,439,-291,walking,0.00,0,4037,81,78,93
1781814479725,-3993,-13099,10267,29,361,-298,walking,0.00,0,4037,81,78,93
1781814479726,-3408,-13960,10825,52,256,-285,walking,0.00,0,4037,81,78,93
1781814479765,-3282,-14069,10916,62,205,-279,walking,0.00,0,4037,81,78,93
1781814479766,-3090,-13778,10569,129,102,-270,walking,0.00,0,4037,81,78,93
1781814479785,-3533,-14318,11058,260,-11,-312,walking,0.00,0,4037,81,78,93
1781814479815,-3694,-16146,13039,359,-173,-403,walking,0.00,0,4037,81,78,93
1781814479816,-2977,-17067,15148,433,-297,-481,walking,0.00,0,4037,81,78,93
1781814479848,-1596,-15953,13988,662,-198,-431,walking,0.00,0,4037,81,78,93
1781814479874,-732,-13265,10166,858,32,-333,walking,0.00,0,4037,81,78,93
1781814479875,-429,-12290,8139,692,201,-361,walking,0.00,0,4037,81,78,93
1781814479910,-1167,-13664,9291,214,254,-484,walking,0.00,0,4037,81,78,93
1781814479911,-907,-14886,11043,-282,293,-559,walking,0.00,0,4037,81,78,93
1781814479935,-151,-14155,11424,-540,287,-462,walking,0.00,0,4037,81,78,93
1781814479972,32,-12551,11697,-504,214,-275,walking,0.00,0,4037,81,78,93
1781814479972,22,-12203,11929,-393,164,-185,walking,0.00,0,4037,81,78,93
1781814479998,-659,-12110,12111,-121,74,-18,walking,0.00,0,4037,81,78,93
1781814480024,-1413,-11955,11626,113,13,94,walking,0.00,0,4037,81,78,93
1781814480025,-1690,-12172,10648,280,-8,152,walking,0.00,0,4037,81,78,93
1781814480055,-2072,-12699,9885,320,-4,189,walking,0.00,0,4037,81,78,93
1781814480089,-2500,-12427,8899,272,11,191,walking,0.00,0,4037,81,78,93
1781814480115,-2865,-12154,8221,252,32,151,walking,0.00,0,4037,81,78,93
1781814480116,-2861,-12542,7643,236,62,127,walking,0.00,0,4037,81,78,93
1781814480147,-3051,-12546,7313,180,56,124,walking,0.00,0,4037,81,78,93
1781814480148,-3429,-12121,7095,119,45,96,walking,0.00,0,4037,81,78,93
1781814480175,-3721,-11908,7409,81,68,17,walking,0.00,0,4037,81,78,93
1781814480180,-3939,-12235,7635,91,147,-67,walking,0.00,0,4037,81,78,93
1781814480206,-3679,-13127,7045,131,218,-127,walking,0.00,0,4037,81,78,93
1781814480235,-3697,-13436,7210,64,258,-180,walking,0.00,0,4037,81,78,93
1781814480239,-4126,-13506,7772,-8,322,-244,walking,0.00,0,4037,81,78,93
1781814480267,-4223,-13755,8102,-74,403,-313,walking,0.00,0,4037,81,78,93
1781814480297,-4254,-13829,8709,-143,470,-354,walking,0.00,0,4037,81,78,93
1781814480298,-4246,-13473,9109,-137,524,-399,walking,0.00,0,4037,81,78,93
1781814480325,-4207,-13445,9354,-98,546,-427,walking,0.00,0,4037,81,78,93
1781814480361,-3875,-13791,10195,-7,588,-481,walking,0.00,0,4037,81,78,93
1781814480362,-3578,-14304,10718,21,658,-506,walking,0.00,0,4037,81,78,93
1781814480385,-3305,-14306,10347,42,717,-484,walking,0.00,0,4037,81,78,93
1781814480385,-3230,-14318,10176,52,729,-468,walking,0.00,0,4037,81,78,93
1781814480417,-3773,-14403,10502,62,735,-430,walking,0.00,0,4037,81,78,93
1781814480449,-4044,-14422,10897,120,683,-457,walking,0.00,0,4037,81,78,93
1781814480450,-4359,-14601,11885,162,676,-501,walking,0.00,0,4037,81,78,93
1781814480475,-4949,-14694,12688,204,668,-578,walking,0.00,0,4037,81,78,93
1781814480505,-4591,-13927,12546,235,720,-670,walking,0.00,0,4037,81,78,93
1781814480506,-4213,-12523,11353,307,825,-738,walking,0.00,0,4037,81,78,93
1781814480535,-3880,-11790,10480,307,893,-761,walking,0.00,0,4037,81,78,93
1781814480567,-4124,-10601,9219,192,967,-809,walking,0.00,0,4037,81,78,93
1781814480567,-5282,-10564,9824,28,972,-895,walking,0.00,0,4037,81,78,93
1781814480597,-5628,-11158,11405,-135,996,-997,walking,0.00,0,4037,81,78,93
1781814480597,-5749,-11270,12554,-197,1048,-1027,walking,0.00,0,4037,81,78,93
1781814480624,-5174,-11665,13526,-166,1057,-1060,walking,0.00,0,4037,81,78,93
1781814480657,-4191,-11701,13793,-48,1105,-962,walking,0.00,0,4037,81,78,93
1781814480658,-3316,-11155,13305,107,1154,-833,walking,0.00,0,4037,81,78,93
1781814480684,-3052,-10657,12561,152,1177,-737,walking,0.00,0,4037,81,78,93
1781814480715,-3047,-10263,11585,148,1204,-686,walking,0.00,0,4037,81,78,93
1781814480716,-3093,-10479,11299,158,1211,-643,walking,0.00,0,4037,81,78,93
1781814480746,-3346,-10797,11418,122,1208,-621,walking,0.00,0,4037,81,78,93
1781814480775,-3575,-10872,11444,75,1242,-590,walking,0.00,0,4037,81,78,93
1781814480776,-3418,-10356,10826,67,1231,-562,walking,0.00,0,4037,81,78,93
1781814480805,-3402,-10568,10478,84,1221,-533,walking,0.00,0,4037,81,78,93
1781814480838,-3532,-10574,10587,76,1204,-500,walking,0.00,0,4037,81,78,93
1781814480838,-3667,-10957,10391,48,1163,-472,walking,0.00,0,4037,81,78,93
1781814480872,-3652,-11096,10491,33,1132,-457,walking,0.00,0,4037,81,78,93
1781814480872,-3708,-11187,10715,17,1054,-426,walking,0.00,0,4037,81,78,93
1781814480896,-3718,-10866,10713,54,974,-403,walking,0.00,0,4037,81,78,93
1781814480924,-3792,-11250,11042,117,902,-412,walking,0.00,0,4037,81,78,93
1781814480925,-4082,-11554,11092,166,874,-402,walking,0.00,0,4037,81,78,93
1781814480956,-4336,-11629,10671,250,856,-417,walking,0.00,0,4037,81,78,93
1781814480986,-4308,-12193,10072,317,855,-443,walking,0.00,0,4037,81,78,93
1781814480986,-4085,-12957,9798,300,816,-442,walking,0.00,0,4037,81,78,93
1781814481014,-4196,-13306,9829,187,786,-429,walking,0.00,0,4037,81,78,93
1781814481014,-4283,-13374,9631,90,773,-422,walking,0.00,0,4037,81,78,93
1781814481047,-4186,-12935,9199,38,756,-399,walking,0.00,0,4037,81,78,93
1781814481074,-4037,-13065,9085,36,735,-387,walking,0.00,0,4037,81,78,93
1781814481075,-4311,-13161,9925,12,651,-348,walking,0.00,0,4037,81,78,93
1781814481107,-4510,-13332,10217,-14,547,-332,walking,0.00,0,4037,81,78,93
1781814481135,-4288,-13259,10418,54,455,-359,walking,0.00,0,4037,81,78,93
1781814481135,-3729,-13437,10757,177,410,-349,walking,0.00,0,4037,81,78,93
1781814481165,-3438,-13348,10012,352,498,-310,walking,0.00,0,4037,81,78,93
1781814481197,-3165,-13577,9329,371,546,-288,walking,0.00,0,4037,81,78,93
1781814481198,-2872,-12967,8001,307,607,-251,walking,0.00,0,4037,81,78,93
1781814481224,-2257,-13846,7064,173,627,-280,walking,0.00,0,4037,81,78,93
1781814481255,-3063,-13818,8742,5,521,-284,walking,0.00,0,4037,81,78,93
1781814481255,-3497,-13762,9354,-35,495,-310,walking,0.00,0,4037,81,78,93
1781814481287,-3105,-13660,9325,25,442,-337,walking,0.00,0,4037,81,78,93
1781814481288,-2898,-13647,9460,140,397,-335,walking,0.00,0,4037,81,78,93
1781814481315,-2761,-13584,9251,221,366,-331,walking,0.00,0,4037,81,78,93
1781814481347,-2802,-13142,8564,264,336,-341,walking,0.00,0,4037,81,78,93
1781814481349,-3092,-13258,8331,261,292,-395,walking,0.00,0,4037,81,78,93
1781814481375,-3421,-13540,8354,189,260,-416,walking,0.00,0,4037,81,78,93
1781814481414,-3618,-13294,8413,157,256,-416,walking,0.00,0,4037,81,78,93
1781814481415,-3653,-13037,8035,151,243,-409,walking,0.00,0,4037,81,78,93
1781814481437,-3783,-13070,7976,187,239,-402,walking,0.00,0,4037,81,78,93
1781814481440,-3874,-12916,7961,177,228,-358,walking,0.00,0,4037,81,78,93
1781814481466,-3984,-12388,8179,157,217,-345,walking,0.00,0,4037,81,78,93
1781814481496,-4256,-12062,8646,196,238,-374,walking,0.00,0,4037,81,78,93
1781814481496,-4252,-12520,9252,275,314,-433,walking,0.00,0,4037,81,78,93
1781814481529,-3858,-13228,9630,324,417,-484,walking,0.00,0,4037,81,78,93
1781814481555,-3133,-14049,9770,299,498,-515,walking,0.00,0,4037,81,78,93
1781814481562,-2535,-13748,9062,212,575,-495,walking,0.00,0,4037,81,78,93
1781814481584,-2543,-13212,8637,136,628,-493,walking,0.00,0,4037,81,78,93
1781814481619,-2870,-12980,8723,38,646,-531,walking,0.00,0,4037,81,78,93
1781814481620,-3330,-12643,9079,-52,634,-566,walking,0.00,0,4037,81,78,93
1781814481647,-3727,-12738,9767,-106,593,-575,walking,0.00,0,4037,81,78,93
1781814481678,-3918,-12811,10101,-165,545,-553,walking,0.00,0,4037,81,78,93
1781814481678,-3820,-12699,10359,-167,518,-529,walking,0.00,0,4037,81,78,93
1781814481705,-3800,-12775,11003,-162,459,-493,walking,0.00,0,4037,81,78,93
1781814481706,-3473,-12837,11139,-140,381,-469,walking,0.00,0,4037,81,78,93
1781814481736,-3080,-12549,11145,-68,280,-442,walking,0.00,0,4037,81,78,93
1781814481764,-3099,-12171,10713,111,201,-376,walking,0.00,0,4037,81,78,93
1781814481765,-2856,-11962,10223,284,151,-304,walking,0.00,0,4037,81,78,93
1781814481796,-2921,-11862,9563,401,132,-232,walking,0.00,0,4037,81,78,93
1781814481830,-2887,-11418,8670,460,117,-191,walking,0.00,0,4037,81,78,93
1781814481830,-3030,-11740,8074,492,112,-167,walking,0.00,0,4037,81,78,93
1781814481862,-3049,-12053,7600,439,120,-132,walking,0.00,0,4037,81,78,93
1781814481889,-3219,-11838,7242,320,144,-96,walking,0.00,0,4037,81,78,93
1781814481889,-3273,-11559,7072,143,181,-88,walking,0.00,0,4037,81,78,93
1781814481914,-3125,-11365,7256,-35,201,-53,walking,0.00,0,4037,81,78,93
1781814481947,-3121,-10906,7543,-191,213,20,walking,0.00,0,4037,81,78,93
1781814481947,-2941,-10732,7652,-263,217,66,walking,0.00,0,4037,81,78,93
1781814481974,-2678,-10177,7567,-374,194,172,walking,0.00,0,4037,81,78,93
1781814481974,-2535,-9838,7802,-440,129,282,walking,0.00,0,4037,81,78,93
1781814482007,-2385,-9559,7718,-407,15,453,walking,0.00,0,4037,81,78,93
1781814482039,-2573,-9546,7973,-376,-27,501,walking,0.00,0,4037,81,78,93
1781814482040,-3313,-10064,8490,-309,-87,545,walking,0.00,0,4037,81,78,93
1781814482065,-3589,-10723,8608,-260,-121,569,walking,0.00,0,4037,81,78,93
1781814482095,-3870,-10948,7905,-214,-171,599,walking,0.00,0,4037,81,78,93
1781814482097,-4538,-11729,8506,-197,-223,612,walking,0.00,0,4037,81,78,93
1781814482129,-5369,-11907,8656,-210,-222,585,walking,0.00,0,4037,81,78,93
1781814482157,-5576,-12603,8698,-154,-193,515,walking,0.00,0,4037,81,78,93
1781814482158,-6188,-13792,9514,-141,-200,478,walking,0.00,0,4037,81,78,93
1781814482192,-6236,-15227,10669,-177,-245,394,walking,0.00,0,4037,81,78,93
1781814482220,-5779,-16009,11514,-111,-243,352,walking,0.00,0,4037,81,78,93
1781814482221,-5986,-16552,12216,81,-219,263,walking,0.00,0,4037,81,78,93
1781814482245,-4987,-17018,12189,332,-149,164,walking,0.00,0,4037,81,78,93
1781814482246,-4286,-17120,11819,570,-77,59,walking,0.00,0,4037,81,78,93
1781814482278,-4901,-18498,12289,617,-83,-176,walking,0.00,0,4037,81,78,93
1781814482306,-4717,-19007,12338,583,-97,-304,walking,0.00,0,4037,81,78,93
1781814482307,-4044,-18627,11924,557,-82,-499,walking,0.00,0,4037,81,78,93
1781814482338,-3990,-18635,11298,566,-41,-619,walking,0.00,0,4037,81,78,93
1781814482366,-3482,-18473,11116,394,-63,-667,walking,0.00,0,4037,81,78,93
1781814482366,-3506,-17032,10373,192,-117,-576,walking,0.00,0,4037,81,78,93
1781814482397,-3632,-14302,8870,88,-165,-470,walking,0.00,0,4037,81,78,93
1781814482398,-3436,-11936,7225,138,-142,-350,walking,0.00,0,4037,81,78,93
1781814482428,-3723,-10156,5962,192,-79,-274,walking,0.00,0,4037,81,78,93
1781814482458,-3466,-10620,5390,202,-6,-247,walking,0.00,0,4037,81,78,93
1781814482462,-3457,-11616,5249,84,43,-193,walking,0.00,0,4037,81,78,93
1781814482485,-3563,-12333,5973,-149,91,-137,walking,0.00,0,4037,81,78,93
1781814482518,-3421,-12299,6592,-401,179,-100,walking,0.00,0,4037,81,78,93
1781814482519,-3253,-12501,7056,-488,219,-91,walking,0.00,0,4037,81,78,93
1781814482545,-3276,-13410,8421,-596,241,-79,walking,0.00,0,4037,81,78,93
1781814482578,-2754,-13854,10097,-570,205,-27,walking,0.00,0,4037,81,78,93
1781814482578,-2434,-13756,10953,-391,150,-6,walking,0.00,0,4037,81,78,93
1781814482607,-2294,-13454,10924,-280,134,-6,walking,0.00,0,4037,81,78,93
1781814482639,-2066,-12680,10415,3,118,-32,walking,0.00,0,4037,81,78,93
1781814482640,-2263,-12556,9430,207,95,-119,walking,0.00,0,4037,81,78,93
1781814482665,-2449,-13129,8510,255,63,-197,walking,0.00,0,4037,81,78,93
1781814482666,-2587,-13021,7742,208,0,-245,walking,0.00,0,4037,81,78,93
1781814482695,-2634,-12546,7206,204,-70,-265,walking,0.00,0,4037,81,78,93
1781814482727,-2448,-11177,6259,237,-118,-236,walking,0.00,0,4037,81,78,93
1781814482728,-2236,-9101,4534,309,-126,-193,walking,0.00,0,4037,81,78,93
1781814482758,-2145,-6943,3335,418,-34,-164,walking,0.00,0,4037,81,78,93
1781814482786,-1676,-6212,1930,497,159,-157,walking,0.00,0,4037,81,78,93
1781814482788,-1801,-6344,1835,307,309,-142,walking,0.00,0,4037,81,78,93
1781814482819,-2137,-7663,2947,-157,405,-190,walking,0.00,0,4037,81,78,93
1781814482820,-2516,-8451,3542,-391,441,-196,walking,0.00,0,4037,81,78,93
1781814482847,-4166,-10382,6591,-795,390,-168,walking,0.00,0,4037,81,78,93
1781814482876,-5117,-13826,11033,-986,219,-204,walking,0.00,0,4037,81,78,93
1781814482877,-4645,-15158,14556,-970,-110,-82,walking,0.00,0,4037,81,78,93
1781814482905,-3425,-13786,17023,-469,-303,135,walking,0.00,0,4037,81,78,93
1781814482936,-1913,-14709,18724,388,-357,219,walking,0.00,0,4037,81,78,93
1781814482937,-522,-15725,15439,979,-176,359,walking,0.00,0,4037,81,78,93
1781814482969,-1424,-13038,11234,920,-104,488,walking,0.00,0,4037,81,78,93
1781814482971,-2322,-12617,10781,740,-105,418,walking,0.00,0,4037,81,78,93
1781814482995,-3216,-15811,11061,196,-100,203,walking,0.00,0,4037,81,78,93
1781814483030,-3320,-16216,11334,83,-125,217,walking,0.00,0,4037,81,78,93
1781814483031,-3910,-16247,12028,-150,-202,300,walking,0.00,0,4037,81,78,93
1781814483055,-4362,-14762,11610,-260,-243,405,walking,0.00,0,4037,81,78,93
1781814483088,-4687,-13420,10841,-157,-244,528,walking,0.00,0,4037,81,78,93
1781814483094,-4658,-13098,10597,-93,-250,615,walking,0.00,0,4037,81,78,93
1781814483118,-4411,-13082,9907,-181,-221,640,walking,0.00,0,4037,81,78,93
1781814483145,-3920,-12942,9288,-351,-174,637,walking,0.00,0,4037,81,78,93
1781814483146,-3959,-13417,9357,-510,-155,563,walking,0.00,0,4037,81,78,93
1781814483181,-3996,-14266,9789,-554,-155,498,walking,0.00,0,4037,81,78,93
1781814483182,-4140,-15997,10605,-536,-135,426,walking,0.00,0,4037,81,78,93
1781814483205,-4445,-17191,11580,-399,-164,361,walking,0.00,0,4037,81,78,93
1781814483236,-3919,-17603,11277,-207,-161,313,walking,0.00,0,4037,81,78,93
1781814483236,-4311,-17343,11413,65,-216,272,walking,0.00,0,4037,81,78,93
1781814483269,-5617,-17988,12110,243,-327,30,walking,0.00,0,4037,81,78,93
1781814483297,-4617,-17113,12020,411,-247,-190,walking,0.00,0,4037,81,78,93
1781814483297,-4294,-16773,10689,612,-34,-353,walking,0.00,0,4037,81,78,93
1781814483326,-3003,-16513,8713,584,99,-465,walking,0.00,0,4037,81,78,93
1781814483355,-2631,-15638,7332,361,87,-474,walking,0.00,0,4037,81,78,93
1781814483356,-3080,-14319,7054,107,21,-424,walking,0.00,0,4037,81,78,93
1781814483386,-3405,-13053,6973,-23,15,-328,walking,0.00,0,4037,81,78,93
1781814483387,-3729,-11505,6683,-45,72,-221,walking,0.00,0,4037,81,78,93
1781814483419,-4146,-11189,6613,-45,158,-156,walking,0.00,0,4037,81,78,93
1781814483447,-4140,-11364,6601,-48,208,-127,walking,0.00,0,4037,81,78,93
1781814483452,-3649,-11781,6391,-71,303,-84,walking,0.00,0,4037,81,78,93
1781814483476,-2953,-12306,5775,-100,394,-40,walking,0.00,0,4037,81,78,93
1781814483505,-2835,-12573,5931,-117,407,-39,walking,0.00,0,4037,81,78,93
1781814483506,-2714,-12686,5959,-167,412,-57,walking,0.00,0,4037,81,78,93
1781814483535,-2715,-12458,6292,-186,382,-111,walking,0.00,0,4037,81,78,93
1781814483536,-2611,-12237,6374,-171,346,-164,walking,0.00,0,4037,81,78,93
1781814483567,-2726,-11394,6074,-133,317,-198,walking,0.00,0,4037,81,78,93
1781814483596,-2958,-10600,5604,-63,301,-239,walking,0.00,0,4037,81,78,93
1781814483597,-3111,-10148,5445,-22,282,-286,walking,0.00,0,4037,81,78,93
1781814483630,-3026,-9983,5501,0,292,-327,walking,0.00,0,4037,81,78,93
1781814483656,-2408,-9467,4932,21,359,-321,walking,0.00,0,4037,81,78,93
1781814483660,-1685,-9010,4020,7,435,-262,walking,0.00,0,4037,81,78,93
1781814483687,-2324,-8833,4947,-119,438,-219,walking,0.00,0,4037,81,78,93
1781814483717,-3189,-10597,7496,-296,377,-299,walking,0.00,0,4037,81,78,93
1781814483720,-2981,-13074,10181,-420,280,-340,walking,0.00,0,4037,81,78,93
1781814483747,-2852,-14101,12647,-511,56,-288,walking,0.00,0,4037,81,83,91
1781814483779,-2811,-14094,14848,-419,-132,-199,walking,0.00,0,4037,81,83,91
1781814483805,-2871,-14799,16960,-77,-270,-125,walking,0.00,0,4037,81,83,91
1781814483806,-1926,-15046,16856,352,-318,-5,walking,0.00,0,4037,81,83,91
1781814483836,-1751,-14314,15670,511,-312,69,walking,0.00,0,4037,81,83,91
1781814483837,-2400,-12586,12687,739,-298,137,walking,0.00,0,4037,81,83,91
1781814483867,-3576,-13317,12290,830,-270,149,walking,0.00,0,4037,81,83,91
1781814483868,-3968,-15605,12223,685,-233,136,walking,0.00,0,4037,81,83,91
1781814483897,-4100,-15870,11884,387,-228,181,walking,0.00,0,4037,81,83,91
1781814483928,-3896,-14726,10747,156,-198,263,walking,0.00,0,4037,81,83,91
1781814483930,-4403,-13552,10254,27,-194,346,walking,0.00,0,4037,81,83,91
1781814483955,-5056,-12903,10317,-88,-232,352,walking,0.00,0,4037,81,83,91
1781814483985,-4988,-12285,10316,-185,-238,333,walking,0.00,0,4037,81,83,91
1781814483986,-4013,-12483,9385,-257,-199,347,walking,0.00,0,4037,81,83,91
1781814484019,-3313,-12556,8480,-363,-162,439,walking,0.00,0,4037,81,83,91
1781814484047,-3237,-12322,8149,-425,-145,469,walking,0.00,0,4037,81,83,91
1781814484049,-3218,-12722,8235,-550,-119,479,walking,0.00,0,4037,81,83,91
1781814484075,-3209,-12972,8258,-593,-129,472,walking,0.00,0,4037,81,83,91
1781814484076,-4214,-13562,9638,-533,-171,407,walking,0.00,0,4037,81,83,91
1781814484108,-5393,-16038,11353,-312,-305,283,walking,0.00,0,4037,81,83,91
1781814484136,-4936,-17028,13361,-93,-474,77,walking,0.00,0,4037,81,83,91
1781814484137,-3805,-16627,14182,406,-413,-59,walking,0.00,0,4037,81,83,91
1781814484167,-3208,-17006,12589,1033,-168,-152,walking,0.00,0,4037,81,83,91
1781814484196,-2387,-17574,9884,1083,-51,-332,walking,0.00,0,4037,81,83,91
1781814484196,-1790,-16100,7593,698,-54,-449,walking,0.00,0,4037,81,83,91
1781814484226,-2505,-13208,5933,403,-25,-543,walking,0.00,0,4037,81,83,91
1781814484260,-2913,-12422,6597,330,67,-638,walking,0.00,0,4037,81,83,91
1781814484261,-2822,-13008,7051,181,157,-662,walking,0.00,0,4037,81,83,91
1781814484286,-3159,-12406,6884,-3,164,-632,walking,0.00,0,4037,81,83,91
1781814484287,-3378,-12765,7396,-56,128,-586,walking,0.00,0,4037,81,83,91
1781814484323,-3930,-13012,8787,-88,86,-424,walking,0.00,0,4037,81,83,91
1781814484353,-4097,-12820,9720,-19,95,-299,walking,0.00,0,4037,81,83,91
1781814484377,-4220,-12228,10111,154,147,-234,walking,0.00,0,4037,81,83,91
1781814484379,-4045,-12035,9706,400,211,-197,walking,0.00,0,4037,81,83,91
1781814484409,-3514,-11707,8824,617,262,-172,walking,0.00,0,4037,81,83,91
1781814484409,-3686,-11095,7438,722,278,-130,walking,0.00,0,4037,81,83,91
1781814484435,-3634,-10391,7020,709,295,-71,walking,0.00,0,4037,81,83,91
1781814484436,-2777,-8770,5918,596,423,-35,walking,0.00,0,4037,81,83,91
1781814484467,-1874,-6318,3312,482,591,-67,walking,0.00,0,4037,81,83,91
1781814484495,-1152,-5538,2204,372,734,-199,walking,0.00,0,4037,81,83,91
1781814484496,-1628,-7825,3686,16,797,-345,walking,0.00,0,4037,81,83,91
1781814484526,-2810,-9824,7397,-411,790,-364,walking,0.00,0,4037,81,83,91
1781814484559,-3012,-11266,8916,-644,756,-349,walking,0.00,0,4037,81,83,91
1781814484560,-3371,-13485,11977,-1047,392,-299,walking,0.00,0,4037,81,83,91
1781814484585,-3622,-13635,14994,-1126,-44,-160,walking,0.00,0,4037,81,83,91
1781814484616,-1798,-11446,16999,-679,-131,35,walking,0.00,0,4037,81,83,91
1781814484617,-791,-12411,17360,263,-67,249,walking,0.00,0,4037,81,83,91
1781814484650,-924,-14792,16938,718,-12,285,walking,0.00,0,4037,81,83,91
1781814484678,-777,-14773,15010,471,15,188,walking,0.00,0,4037,81,83,91
1781814484679,-871,-13558,12111,216,82,126,walking,0.00,0,4037,81,83,91
1781814484708,-1986,-14216,10900,143,109,94,walking,0.00,0,4037,81,83,91
1781814484709,-2808,-14706,10356,-147,8,91,walking,0.00,0,4037,81,83,91
1781814484738,-4097,-14155,11137,-385,-137,154,walking,0.00,0,4037,81,83,91
1781814484767,-4951,-13401,11327,-409,-202,237,walking,0.00,0,4037,81,83,91
1781814484768,-5155,-12416,11015,-323,-216,334,walking,0.00,0,4037,81,83,91
1781814484795,-5113,-12461,10627,-199,-181,417,walking,0.00,0,4037,81,83,91
1781814484826,-5306,-12740,9868,-217,-72,487,walking,0.00,0,4037,81,83,91
1781814484827,-5925,-13349,9778,-343,-61,489,walking,0.00,0,4037,81,83,91
1781814484858,-6238,-14440,10684,-414,-105,455,walking,0.00,0,4037,81,83,91
1781814484889,-6141,-14829,11207,-365,-97,421,walking,0.00,0,4037,81,83,91
1781814484890,-5195,-16005,11731,38,111,286,walking,0.00,0,4037,81,83,91
1781814484917,-4684,-16584,11935,169,162,207,walking,0.00,0,4037,81,83,91
1781814484919,-4222,-17552,13330,274,256,16,walking,0.00,0,4037,81,83,91
1781814484945,-3969,-18192,13479,176,317,-225,walking,0.00,0,4037,81,83,91
1781814484978,-3912,-17296,12536,45,361,-478,walking,0.00,0,4037,81,83,91
1781814484978,-3559,-16224,11602,28,418,-691,walking,0.00,0,4037,81,83,91
1781814485012,-3089,-15371,10479,12,471,-772,walking,0.00,0,4037,81,83,91
1781814485035,-2922,-13385,8473,-75,524,-661,walking,0.00,0,4037,81,83,91
1781814485036,-3071,-12232,7452,-89,552,-586,walking,0.00,0,4037,81,83,91
1781814485068,-3968,-10743,6300,-149,556,-462,walking,0.00,0,4037,81,83,91
1781814485069,-4206,-10842,6443,-185,553,-422,walking,0.00,0,4037,81,83,91
1781814485095,-4221,-11593,6593,-285,533,-345,walking,0.00,0,4037,81,83,91
1781814485126,-4304,-12137,6845,-352,465,-214,walking,0.00,0,4037,81,83,91
1781814485126,-4668,-12574,7873,-371,351,-72,walking,0.00,0,4037,81,83,91
1781814485157,-4579,-12372,8562,-296,269,34,walking,0.00,0,4037,81,83,91
1781814485187,-4068,-11134,8473,-69,272,85,walking,0.00,0,4037,81,83,91
1781814485191,-3382,-10746,7741,232,314,33,walking,0.00,0,4037,81,83,91
1781814485217,-2868,-11313,7160,408,356,-59,walking,0.00,0,4037,81,83,91
1781814485246,-2809,-11194,6478,374,366,-155,walking,0.00,0,4037,81,83,91
1781814485249,-2411,-10615,5727,274,426,-250,walking,0.00,0,4037,81,83,91
1781814485278,-1919,-9197,3938,191,516,-299,walking,0.00,0,4037,81,83,91
1781814485312,-2163,-8206,2894,45,621,-347,walking,0.00,0,4037,81,83,91
1781814485313,-3933,-8081,3366,-212,708,-416,walking,0.00,0,4037,81,83,91
1781814485336,-6338,-9034,5009,-516,755,-485,walking,0.00,0,4037,81,83,91
1781814485337,-6979,-10141,6278,-630,763,-514,walking,0.00,0,4037,81,83,91
1781814485371,-8617,-13700,10607,-875,590,-494,walking,0.00,0,4037,81,83,91
1781814485395,-8763,-15017,12895,-942,456,-471,walking,0.00,0,4037,81,83,91
1781814485396,-6705,-16183,16743,-909,322,-337,walking,0.00,0,4037,81,83,91
1781814485426,-3495,-13146,13655,-407,432,-4,walking,0.00,0,4037,81,83,91
1781814485463,-4320,-11133,10943,206,364,171,walking,0.00,0,4037,81,83,91
1781814485464,-5319,-12312,10943,413,299,148,walking,0.00,0,4037,81,83,91
1781814485486,-6062,-13439,11379,321,246,60,walking,0.00,0,4037,81,83,91
1781814485487,-6160,-13252,10662,249,273,-4,walking,0.00,0,4037,81,83,91
1781814485518,-6457,-13153,10076,295,336,-48,walking,0.00,0,4037,81,83,91
1781814485545,-6670,-13538,10033,326,365,-75,walking,0.00,0,4037,81,83,91
1781814485545,-6590,-14266,10061,365,423,-121,walking,0.00,0,4037,81,83,91
1781814485575,-6072,-14695,9339,373,475,-131,walking,0.00,0,4037,81,83,91
1781814485612,-5674,-14941,8676,282,456,-93,walking,0.00,0,4037,81,83,91
1781814485613,-5665,-14029,8049,77,397,-68,walking,0.00,0,4037,81,83,91
1781814485635,-5693,-12566,7930,-12,379,-49,walking,0.00,0,4037,81,83,91
1781814485637,-5825,-11883,7511,17,462,-28,walking,0.00,0,4037,81,83,91
1781814485669,-6001,-12052,7468,25,560,-22,walking,0.00,0,4037,81,83,91
1781814485699,-6240,-13891,7981,-22,615,-49,walking,0.00,0,4037,81,83,91
1781814485700,-6444,-16171,10026,-81,560,-45,walking,0.00,0,4037,81,83,91
1781814485727,-6477,-17461,11730,-77,543,-40,walking,0.00,0,4037,81,83,91
1781814485757,-6133,-16791,11743,-11,590,-89,walking,0.00,0,4037,81,83,91
1781814485758,-5632,-16844,11569,91,619,-136,walking,0.00,0,4037,81,83,91
1781814485784,-5177,-16795,11760,328,615,-270,walking,0.00,0,4037,81,83,91
1781814485816,-5922,-17477,12616,585,579,-450,walking,0.00,0,4037,81,83,91
1781814485816,-5885,-18316,12637,668,519,-685,walking,0.00,0,4037,81,83,91
1781814485849,-6031,-17524,11936,689,467,-864,walking,0.00,0,4037,81,83,91
1781814485877,-5903,-16762,10504,809,463,-965,walking,0.00,0,4037,81,83,91
1781814485877,-6059,-15504,9900,874,426,-1011,walking,0.00,0,4037,81,83,91
1781814485907,-6071,-14560,9651,785,404,-1014,walking,0.00,0,4037,81,83,91
1781814485908,-6163,-13062,9078,617,410,-962,walking,0.00,0,4037,81,83,91
1781814485935,-6482,-12689,8858,405,429,-875,walking,0.00,0,4037,81,83,91
1781814485967,-6557,-11273,8288,219,369,-807,walking,0.00,0,4037,81,83,91
1781814485969,-6607,-10840,8314,157,376,-669,walking,0.00,0,4037,81,83,91
1781814486002,-6549,-10550,8041,170,395,-548,walking,0.00,0,4037,81,83,91
1781814486028,-6511,-10380,8406,213,440,-456,walking,0.00,0,4037,81,83,91
1781814486028,-6224,-10647,8588,220,477,-431,walking,0.00,0,4037,81,83,91
1781814486056,-5524,-11510,8579,244,587,-378,walking,0.00,0,4037,81,83,91
1781814486086,-5492,-11773,8671,252,626,-367,walking,0.00,0,4037,81,83,91
1781814486087,-5404,-12235,8960,237,707,-375,walking,0.00,0,4037,81,83,91
1781814486123,-5350,-12595,9133,191,796,-429,walking,0.00,0,4037,81,83,91
1781814486124,-5266,-12836,9497,134,864,-509,walking,0.00,0,4037,81,83,91
1781814486149,-5389,-13137,10025,111,932,-584,walking,0.00,0,4037,81,83,91
1781814486177,-5326,-13277,10634,154,1003,-625,walking,0.00,0,4037,81,83,91
1781814486177,-5038,-13750,10888,232,1091,-636,walking,0.00,0,4037,81,83,91
1781814486206,-4876,-13386,10266,280,1125,-611,walking,0.00,0,4037,81,83,91
1781814486235,-5565,-13032,10312,308,1092,-634,walking,0.00,0,4037,81,83,91
1781814486236,-6074,-12491,10768,405,1061,-718,walking,0.00,0,4037,81,83,91
1781814486268,-6414,-12692,11464,603,1067,-825,walking,0.00,0,4037,81,83,91
1781814486310,-5903,-13394,11889,727,1125,-921,walking,0.00,0,4037,81,83,91
1781814486311,-4804,-13328,10553,691,1203,-924,walking,0.00,0,4037,81,83,91
1781814486327,-4297,-11694,8970,509,1179,-918,walking,0.00,0,4037,81,83,91
1781814486357,-4872,-10839,8394,313,1171,-1000,walking,0.00,0,4037,81,83,91
1781814486359,-6071,-10858,10429,165,1118,-1120,walking,0.00,0,4037,81,83,91
1781814486389,-6157,-11178,11969,85,1127,-1228,walking,0.00,0,4037,81,83,91
1781814486390,-5971,-11321,12502,80,1136,-1262,walking,0.00,0,4037,81,83,91
1781814486418,-5240,-11437,13485,170,1156,-1253,walking,0.00,0,4037,81,83,91
1781814486451,-5226,-11564,13771,208,1160,-1234,walking,0.00,0,4037,81,83,91
1781814486451,-5185,-11687,14038,255,1173,-1174,walking,0.00,0,4037,81,83,91
1781814486481,-5164,-11085,13537,275,1183,-1101,walking,0.00,0,4037,81,83,91
1781814486506,-5128,-10174,12589,320,1198,-1051,walking,0.00,0,4037,81,83,91
1781814486507,-5010,-9561,11839,388,1211,-1044,walking,0.00,0,4037,81,83,91
1781814486535,-4819,-9775,11012,406,1236,-1038,walking,0.00,0,4037,81,83,91
1781814486573,-4833,-9867,10782,377,1234,-1020,walking,0.00,0,4037,81,83,91
1781814486573,-5004,-9518,10404,298,1220,-972,walking,0.00,0,4037,81,83,91
1781814486595,-5379,-9195,10175,229,1210,-930,walking,0.00,0,4037,81,83,91
1781814486633,-5634,-8924,10170,186,1186,-890,walking,0.00,0,4037,81,83,91
1781814486634,-5713,-8823,10195,171,1178,-851,walking,0.00,0,4037,81,83,91
1781814486654,-5466,-8895,10200,179,1155,-803,walking,0.00,0,4037,81,83,91
1781814486655,-5469,-9176,10377,182,1126,-749,walking,0.00,0,4037,81,83,91
1781814486684,-5335,-9538,10618,195,1097,-711,walking,0.00,0,4037,81,83,91
1781814486716,-5276,-10115,10980,213,1044,-686,walking,0.00,0,4037,81,83,91
1781814486718,-5125,-10393,11172,234,1005,-679,walking,0.00,0,4037,81,83,91
1781814486747,-4938,-11107,12050,260,929,-669,walking,0.00,0,4037,81,83,91
1781814486776,-4452,-12103,12711,266,880,-659,walking,0.00,0,4037,81,83,91
1781814486776,-4163,-13017,13350,233,821,-639,walking,0.00,0,4037,81,83,91
1781814486807,-3961,-13472,13396,218,785,-617,walking,0.00,0,4037,81,83,91
1781814486835,-3447,-13630,12586,229,750,-583,walking,0.00,0,4037,81,83,91
1781814486839,-3625,-14169,12526,244,677,-551,walking,0.00,0,4037,81,83,91
1781814486869,-4200,-14489,13113,236,618,-553,walking,0.00,0,4037,81,83,91
1781814486897,-3975,-14735,13014,321,634,-541,walking,0.00,0,4037,81,83,91
1781814486899,-2789,-13757,11242,434,717,-470,walking,0.00,0,4037,81,83,91
1781814486924,-2588,-12740,9968,510,831,-453,walking,0.00,0,4037,81,83,91
1781814486925,-2854,-13983,10167,482,918,-572,walking,0.00,0,4037,81,83,91
1781814486957,-1920,-14926,10281,268,975,-710,walking,0.00,0,4037,81,83,91
1781814486991,-1810,-14449,10652,91,984,-781,walking,0.00,0,4037,81,83,91
1781814486991,-1793,-14299,10818,45,986,-805,walking,0.00,0,4037,81,83,91
1781814487017,-1888,-13418,10372,25,974,-790,walking,0.00,0,4037,81,83,91
1781814487046,-2489,-12312,9832,61,903,-740,walking,0.00,0,4037,81,83,91
1781814487047,-2838,-11417,9078,77,845,-685,walking,0.00,0,4037,81,83,91
1781814487076,-3063,-10896,8812,115,807,-642,walking,0.00,0,4037,81,83,91
1781814487076,-3325,-10808,8675,131,769,-624,walking,0.00,0,4037,81,83,91
1781814487107,-3564,-10882,8901,112,743,-617,walking,0.00,0,4037,81,83,91
1781814487138,-3449,-10725,8677,156,718,-610,walking,0.00,0,4037,81,83,91
1781814487139,-3161,-11216,8799,269,697,-604,walking,0.00,0,4037,81,83,91
1781814487167,-3109,-11794,8753,363,680,-573,walking,0.00,0,4037,81,83,91
1781814487197,-3253,-12165,8880,392,663,-567,walking,0.00,0,4037,81,83,91
1781814487197,-3372,-12320,8838,387,671,-580,walking,0.00,0,4037,81,83,91
1781814487225,-3475,-12670,8456,376,705,-614,walking,0.00,0,4037,81,83,91
1781814487226,-3711,-13214,8437,325,760,-657,walking,0.00,0,4037,81,83,91
1781814487258,-4020,-13389,8939,241,840,-692,walking,0.00,0,4037,81,83,91
1781814487292,-4046,-13591,9323,172,943,-725,walking,0.00,0,4037,81,83,91
1781814487293,-3928,-13321,9762,95,1014,-727,walking,0.00,0,4037,81,83,91
1781814487316,-4081,-13317,10604,82,1079,-716,walking,0.00,0,4037,81,83,91
1781814487346,-3859,-13444,11116,114,1119,-698,walking,0.00,0,4037,81,83,91
1781814487347,-3567,-13703,11909,166,1134,-693,walking,0.00,0,4037,81,83,91
1781814487375,-3907,-15125,13987,203,1072,-733,walking,0.00,0,4037,81,83,91
1781814487408,-3350,-15686,15249,206,983,-759,walking,0.00,0,4037,81,83,91
1781814487408,-2628,-14660,14705,258,972,-729,walking,0.00,0,4037,81,83,91
1781814487438,-2071,-10426,9723,515,1017,-650,walking,0.00,0,4037,81,83,91
1781814487438,-2375,-9578,8734,512,1020,-673,walking,0.00,0,4037,81,83,91
1781814487470,-3729,-9361,8799,327,970,-809,walking,0.00,0,4037,81,83,91
1781814487496,-4988,-11705,11310,-34,856,-974,walking,0.00,0,4037,81,83,91
1781814487497,-4303,-12479,13015,-293,744,-989,walking,0.00,0,4037,81,83,91
1781814487529,-3411,-11288,13688,-294,632,-871,walking,0.00,0,4037,81,83,91
1781814487556,-2900,-10640,14368,3,570,-702,walking,0.00,0,4037,81,83,91
1781814487558,-2522,-10293,13571,267,585,-571,walking,0.00,0,4037,81,83,91
1781814487589,-2352,-9155,11703,346,558,-513,walking,0.00,0,4037,81,83,91
1781814487589,-2137,-8165,9927,419,544,-538,walking,0.00,0,4037,81,83,91
1781814487617,-1832,-8297,8512,520,516,-609,walking,0.00,0,4037,81,83,91
1781814487649,-1778,-8525,8483,546,487,-632,walking,0.00,0,4037,81,83,91
1781814487650,-2286,-8648,9257,496,482,-655,walking,0.00,0,4037,81,83,91
1781814487675,-1800,-8255,8829,383,404,-635,walking,0.00,0,4037,81,83,91
1781814487705,-1944,-7797,8797,283,420,-617,walking,0.00,0,4037,81,83,91
1781814487706,-1925,-8031,9046,225,422,-510,walking,0.00,0,4037,81,83,91
1781814487737,-2240,-8134,9246,100,401,-397,walking,0.00,0,4037,81,83,91
1781814487768,-2383,-7922,9658,-57,381,-263,walking,0.00,0,4037,81,83,91
1781814487771,-1603,-7966,8319,-98,411,-77,walking,0.00,0,4037,81,83,91
1781814487799,-2147,-7917,8766,-87,376,43,walking,0.00,0,4037,81,83,91
1781814487804,-2515,-8816,8645,-63,371,121,walking,0.00,0,4037,81,83,91
1781814487825,-2751,-10074,9073,-129,319,155,walking,0.00,0,4037,81,83,91
1781814487855,-3286,-10968,9732,-199,254,205,walking,0.00,0,4037,81,83,91
1781814487856,-3794,-11757,10078,-220,209,269,walking,0.00,0,4037,81,83,91
1781814487887,-4019,-12018,9605,-216,164,330,walking,0.00,0,4037,81,83,91
1781814487915,-3896,-12281,9382,-191,100,338,walking,0.00,0,4037,81,83,91
1781814487916,-3965,-12293,9248,-176,26,316,walking,0.00,0,4037,81,83,91
1781814487946,-5016,-14223,10942,-221,-28,269,walking,0.00,0,4037,81,83,91
1781814487981,-4884,-15074,11240,-298,-124,126,walking,0.00,0,4037,81,83,91
1781814487982,-4514,-15782,12353,-256,-185,12,walking,0.00,0,4037,81,83,91
1781814488005,-4523,-17220,13706,-12,-141,-58,walking,0.00,0,4037,81,83,91
1781814488037,-3822,-18344,13917,240,-34,-109,walking,0.00,0,4037,81,83,91
1781814488038,-3256,-18612,13504,290,1,-130,walking,0.00,0,4037,81,83,91
1781814488066,-2930,-18700,13716,277,0,-188,walking,0.00,0,4037,81,83,91
1781814488096,-3724,-18646,14464,212,-9,-340,walking,0.00,0,4037,81,83,91
1781814488096,-3492,-18387,13904,232,34,-481,walking,0.00,0,4037,81,83,91
1781814488125,-3189,-17766,12767,313,111,-541,walking,0.00,0,4037,81,83,91
1781814488129,-3114,-16678,10882,247,175,-563,walking,0.00,0,4037,81,83,91
1781814488160,-2925,-14673,8811,95,206,-496,walking,0.00,0,4037,81,83,91
1781814488187,-3188,-12665,7347,-42,208,-425,walking,0.00,0,4037,81,83,91
1781814488187,-3645,-11353,6928,-137,218,-370,walking,0.00,0,4037,81,83,91
1781814488216,-3750,-11100,6861,-213,239,-314,walking,0.00,0,4037,81,83,91
1781814488249,-3161,-10820,6543,-271,264,-240,walking,0.00,0,4037,81,83,91
1781814488250,-2853,-10793,6567,-295,262,-190,walking,0.00,0,4037,81,83,91
1781814488278,-2741,-10376,6869,-319,273,-84,walking,0.00,0,4037,81,83,91
1781814488307,-2800,-10376,7231,-266,304,-17,walking,0.00,0,4037,81,83,91
1781814488307,-2381,-11267,7802,-212,337,0,walking,0.00,0,4037,81,83,91
1781814488337,-1835,-12086,8364,-189,354,-6,walking,0.00,0,4037,81,83,91
1781814488337,-1401,-12871,8808,-164,356,-22,walking,0.00,0,4037,81,83,91
1781814488366,-1198,-13399,9007,-155,327,-40,walking,0.00,0,4037,81,83,91
1781814488396,-1366,-13002,8623,-153,275,-66,walking,0.00,0,4037,81,83,91
1781814488396,-1980,-12251,8067,-68,214,-110,walking,0.00,0,4037,81,83,91
1781814488428,-2426,-12276,7939,72,144,-177,walking,0.00,0,4037,81,83,91
1781814488455,-2902,-12329,7743,173,72,-221,walking,0.00,0,4037,81,83,91
1781814488456,-2776,-11630,7194,251,18,-245,walking,0.00,0,4037,81,83,91
1781814488487,-2772,-10847,6757,356,26,-237,walking,0.00,0,4037,81,83,91
1781814488516,-2155,-10136,5539,415,110,-192,walking,0.00,0,4037,81,83,91
1781814488520,-1243,-8906,3812,350,201,-87,walking,0.00,0,4037,81,83,91
1781814488553,-1140,-8008,3571,151,264,2,walking,0.00,0,4037,81,83,91
1781814488553,-1307,-7914,3787,9,299,24,walking,0.00,0,4037,81,83,91
1781814488582,-2991,-9708,7120,-334,393,6,walking,0.00,0,4037,81,83,91
1781814488605,-3379,-11283,8453,-408,388,-8,walking,0.00,0,4037,81,83,91
1781814488606,-3715,-13984,11569,-555,199,8,walking,0.00,0,4037,81,83,91
1781814488640,-5145,-15195,14416,-636,-193,132,walking,0.00,0,4037,81,83,91
1781814488666,-4266,-12996,15584,-333,-391,306,walking,0.00,0,4037,81,83,91
1781814488666,-4080,-12608,15468,359,-451,421,walking,0.00,0,4037,81,83,91
1781814488698,-4292,-14234,15125,682,-515,352,walking,0.00,0,4037,81,83,91
1781814488727,-4212,-14096,14287,588,-525,199,walking,0.00,0,4037,81,83,91
1781814488728,-4561,-13814,12710,645,-343,109,walking,0.00,0,4037,81,83,91
1781814488755,-4251,-14036,10276,637,-109,91,walking,0.00,0,4037,81,83,91
1781814488756,-3803,-14228,8997,426,5,124,walking,0.00,0,4037,81,83,91
1781814488788,-4056,-14103,8855,78,-2,155,walking,0.00,0,4037,81,83,91
1781814488819,-4289,-14121,9270,-96,-33,173,walking,0.00,0,4037,81,83,91
1781814488820,-4716,-13322,10052,-335,-76,275,walking,0.00,0,4037,81,83,91
1781814488846,-5062,-11906,10552,-445,-96,354,walking,0.00,0,4037,81,83,91
1781814488877,-4960,-11504,10508,-421,-75,423,walking,0.00,0,4037,81,83,91
1781814488877,-4330,-11367,9983,-374,-47,490,walking,0.00,0,4037,81,83,91
1781814488906,-3787,-11788,8968,-416,-36,508,walking,0.00,0,4037,81,83,91
1781814488937,-3476,-12574,8787,-529,-69,500,walking,0.00,0,4037,81,83,91
1781814488938,-4269,-13587,10045,-535,-142,459,walking,0.00,0,4037,81,83,91
1781814488966,-4648,-15535,12164,-367,-174,362,walking,0.00,0,4037,81,83,91
1781814488996,-4359,-17214,13162,-41,-145,251,walking,0.00,0,4037,81,83,91
1781814488998,-3790,-18442,13830,318,-90,89,walking,0.00,0,4037,81,83,91
1781814489028,-3422,-20235,14989,545,-65,-129,walking,0.00,0,4037,81,83,91
1781814489029,-3370,-20393,14504,533,19,-389,walking,0.00,0,4037,81,83,91
1781814489057,-2800,-18870,12644,476,38,-634,walking,0.00,0,4037,81,83,91
1781814489086,-2113,-17679,11247,524,92,-814,walking,0.00,0,4037,81,83,91
1781814489087,-1900,-17258,10407,503,117,-842,walking,0.00,0,4037,81,83,91
1781814489119,-1583,-14201,7680,302,130,-785,walking,0.00,0,4037,81,83,91
1781814489149,-2035,-11542,6217,67,112,-696,walking,0.00,0,4037,81,83,91
1781814489149,-2837,-10399,5824,-116,132,-599,walking,0.00,0,4037,81,83,91
1781814489177,-3280,-10180,5961,-233,109,-449,walking,0.00,0,4037,81,83,91
1781814489178,-3529,-10540,6684,-356,103,-294,walking,0.00,0,4037,81,83,91
1781814489207,-3465,-10839,7292,-421,120,-105,walking,0.00,0,4037,81,83,91
1781814489238,-3111,-10948,7210,-358,151,105,walking,0.00,0,4037,81,83,91
1781814489239,-2931,-11655,7606,-269,143,305,walking,0.00,0,4037,81,83,91
1781814489265,-2695,-11887,7749,-192,135,423,walking,0.00,0,4037,81,83,91
1781814489298,-2558,-12019,7602,-21,136,414,walking,0.00,0,4037,81,83,91
1781814489298,-2466,-12459,7633,75,146,378,walking,0.00,0,4037,81,83,91
1781814489327,-2061,-13248,7404,174,175,151,walking,0.00,0,4037,81,83,91
1781814489355,-1929,-13662,7155,93,183,-58,walking,0.00,0,4037,81,83,91
1781814489356,-2061,-13576,7004,30,174,-133,walking,0.00,0,4037,81,83,91
1781814489385,-2777,-12664,7159,-100,128,-236,walking,0.00,0,4037,81,83,91
1781814489386,-3023,-11798,7192,-93,100,-292,walking,0.00,0,4037,81,83,91
1781814489418,-2979,-11172,6837,34,58,-284,walking,0.00,0,4037,81,83,91
1781814489446,-2914,-9959,6425,188,3,-241,walking,0.00,0,4037,81,83,91
1781814489447,-2932,-9317,6529,320,17,-177,walking,0.00,0,4037,81,83,91
1781814489478,-2249,-8731,5862,391,94,-74,walking,0.00,0,4037,81,83,91
1781814489505,-1685,-7397,5476,384,112,-17,walking,0.00,0,4037,81,83,91
1781814489506,-3059,-7844,8082,353,35,-37,walking,0.00,0,4037,81,83,91
1781814489535,-5036,-9711,11577,278,-30,-48,walking,0.00,0,4037,81,83,91
1781814489565,-4469,-11470,13644,359,-246,-95,walking,0.00,0,4037,81,83,91
1781814489574,-2872,-13414,17656,717,-525,9,walking,0.00,0,4037,81,83,91
1781814489595,-2247,-15306,18875,1199,-583,350,walking,0.00,0,4037,81,83,91
1781814489595,-2514,-13854,17268,1303,-558,486,walking,0.00,0,4037,81,83,91
1781814489630,-2661,-12143,14526,1244,-452,551,walking,0.00,0,4037,81,83,91
1781814489655,-3894,-13374,13563,1132,-334,482,walking,0.00,0,4037,81,83,91
1781814489656,-4301,-15152,12812,965,-252,338,walking,0.00,0,4037,81,83,91
1781814489687,-4068,-14309,11749,663,-162,243,walking,0.00,0,4037,81,83,91
1781814489715,-3985,-12977,10470,499,-26,207,walking,0.00,0,4037,81,83,91
1781814489715,-4042,-12491,10297,331,87,173,walking,0.00,0,4037,81,83,91
1781814489747,-3168,-12197,10536,-105,115,148,walking,0.00,0,4037,81,83,91
1781814489747,-2979,-11852,11092,-320,114,168,walking,0.00,0,4037,81,83,91
1781814489776,-3374,-9221,10718,-708,81,268,walking,0.00,0,4037,81,83,91
1781814489809,-3044,-8464,10922,-743,49,304,walking,0.00,0,4037,81,83,91
1781814489810,-2410,-8909,11415,-708,-12,387,walking,0.00,0,4037,81,83,91
1781814489836,-2597,-9355,11559,-621,-68,534,walking,0.00,0,4037,81,83,91
1781814489867,-2524,-10020,11260,-543,-121,683,walking,0.00,0,4037,81,83,91
1781814489868,-2984,-11497,11952,-512,-216,786,walking,0.00,0,4037,81,83,91
1781814489896,-4039,-13476,13331,-547,-347,812,walking,0.00,0,4037,81,83,91
1781814489927,-4491,-14748,14704,-514,-406,760,walking,0.00,0,4037,81,83,91
1781814489927,-4330,-15907,14920,-292,-360,664,walking,0.00,0,4037,81,83,91
1781814489955,-4320,-17684,15911,-5,-354,514,walking,0.00,0,4037,81,83,91
1781814489962,-3561,-18958,16745,247,-325,335,walking,0.00,0,4037,81,83,91
1781814489985,-2894,-19167,16340,344,-297,263,walking,0.00,0,4037,81,83,91
1781814490017,-2574,-18749,13844,314,-275,-51,walking,0.00,0,4037,81,83,91
1781814490018,-2705,-18428,13052,199,-314,-166,walking,0.00,0,4037,81,83,91
1781814490047,-2854,-15953,10738,-67,-419,-297,walking,0.00,0,4037,81,83,91
1781814490077,-3204,-13578,9066,-245,-493,-308,walking,0.00,0,4037,81,83,91
1781814490079,-3688,-11753,8030,-348,-522,-251,walking,0.00,0,4037,81,83,91
1781814490105,-3765,-10549,7094,-328,-492,-174,walking,0.00,0,4037,81,83,91
1781814490140,-3598,-9458,6551,-308,-467,-86,walking,0.00,0,4037,81,83,91
1781814490140,-2774,-9291,5848,-345,-439,7,walking,0.00,0,4037,81,83,91
1781814490167,-2699,-8763,4887,-429,-440,109,walking,0.00,0,4037,81,83,91
1781814490196,-2921,-8813,4810,-467,-457,172,walking,0.00,0,4037,81,83,91
1781814490196,-3412,-8610,5483,-442,-438,183,walking,0.00,0,4037,81,83,91
1781814490229,-2644,-10228,6391,-377,-449,103,walking,0.00,0,4037,81,83,91
1781814490230,-2413,-11684,8434,-347,-507,46,walking,0.00,0,4037,81,83,91
1781814490259,-1570,-11481,8471,-219,-495,41,walking,0.00,0,4037,81,83,91
1781814490287,-1492,-9949,8480,-29,-501,-25,walking,0.00,0,4037,81,83,91
1781814490288,-1334,-10367,7539,68,-451,-92,walking,0.00,0,4037,81,83,91
1781814490318,-2198,-9851,8313,160,-450,-305,walking,0.00,0,4037,81,83,91
1781814490346,-2199,-10389,8703,144,-413,-405,walking,0.00,0,4037,81,83,91
1781814490347,-1826,-10760,9152,64,-294,-495,walking,0.00,0,4037,81,83,91
1781814490377,-1365,-9885,8535,0,-164,-489,walking,0.00,0,4037,81,83,91
1781814490405,117,-8086,5226,-7,-17,-356,walking,0.00,0,4037,81,83,91
1781814490406,-654,-7300,6930,90,-42,-262,walking,0.00,0,4037,81,83,91
1781814490438,-1371,-10024,10389,121,-108,-253,walking,0.00,0,4037,81,83,91
1781814490439,-1281,-13766,14606,82,-263,-208,walking,0.00,0,4037,81,83,91
1781814490467,-982,-15860,18569,-77,-566,-78,walking,0.00,0,4037,81,83,91
1781814490496,-375,-15096,21940,-25,-720,85,walking,0.00,0,4037,81,83,91
1781814490497,1138,-13596,18865,278,-530,295,walking,0.00,0,4037,81,83,91
1781814490527,446,-12048,13470,455,-400,518,walking,0.00,0,4037,81,83,91
1781814490559,-553,-10737,12476,410,-463,536,walking,0.00,0,4037,81,83,91
1781814490561,-169,-12525,13316,394,-453,474,walking,0.00,0,4037,81,83,91
1781814490586,-520,-12967,13035,305,-323,529,walking,0.00,0,4037,81,83,91
1781814490621,-871,-12425,12323,220,-252,570,walking,0.00,0,4037,81,83,91
1781814490622,-1135,-11886,11343,34,-147,652,walking,0.00,0,4037,81,83,91
1781814490651,-691,-12044,10647,-176,-126,798,walking,0.00,0,4037,81,83,91
1781814490651,-376,-12375,10950,-457,-213,967,walking,0.00,0,4037,81,83,91
1781814490678,-332,-11843,11661,-720,-351,1146,walking,0.00,0,4037,81,83,91
1781814490705,-125,-10784,12081,-874,-448,1263,walking,0.00,0,4037,81,83,91
1781814490714,369,-10958,11505,-835,-512,1341,walking,0.00,0,4037,81,83,91
1781814490737,-86,-11714,11525,-765,-588,1432,walking,0.00,0,4037,81,83,91
1781814490767,-1042,-13727,13028,-704,-806,1397,walking,0.00,0,4037,81,83,91
1781814490769,-2227,-15477,14407,-593,-926,1334,walking,0.00,0,4037,81,83,91
1781814490795,-3556,-15313,13828,-399,-917,1173,walking,0.00,0,4037,81,83,91
1781814490796,-4224,-15598,13332,-226,-899,1058,walking,0.00,0,4037,81,83,91
1781814490825,-4653,-16664,12865,194,-810,766,walking,0.00,0,4037,81,83,91
1781814490859,-4779,-18628,13033,496,-753,520,walking,0.00,0,4037,81,83,91
1781814490860,-5017,-18489,12931,495,-723,180,walking,0.00,0,4037,81,83,91
1781814490887,-4530,-17857,13174,414,-651,-147,walking,0.00,0,4037,81,83,91
1781814490917,-4040,-17566,13241,308,-462,-346,walking,0.00,0,4037,81,83,91
1781814490918,-2496,-16311,11240,135,-323,-308,walking,0.00,0,4037,81,83,91
1781814490947,-2575,-13989,9761,-100,-309,-131,walking,0.00,0,4037,81,83,91
1781814490977,-3139,-12120,9595,-230,-285,24,walking,0.00,0,4037,81,83,91
1781814490979,-2974,-11126,9341,-264,-208,166,walking,0.00,0,4037,81,83,91
1781814491008,-2944,-10925,8326,-222,-124,335,walking,0.00,0,4037,81,83,91
1781814491037,-2918,-10129,6545,-196,-129,505,walking,0.00,0,4037,81,83,91
1781814491038,-3019,-9372,5992,-176,-168,599,walking,0.00,0,4037,81,83,91
1781814491067,-3010,-9813,5626,-68,-174,658,walking,0.00,0,4037,81,83,91
1781814491101,-2863,-10615,5777,9,-168,671,walking,0.00,0,4037,81,83,91
1781814491102,-2714,-11578,6210,8,-194,578,walking,0.00,0,4037,81,83,91
1781814491125,-2272,-13210,7407,-1,-153,548,walking,0.00,0,4037,81,83,91
1781814491126,-2118,-12992,7667,-57,-120,521,walking,0.00,0,4037,81,83,91
1781814491158,-2296,-11764,6292,-316,-10,244,walking,0.00,0,4037,81,83,91
1781814491185,-2636,-11462,6027,-375,-9,144,walking,0.00,0,4037,81,83,91
1781814491186,-3079,-11311,6284,-431,-64,-28,walking,0.00,0,4037,81,83,91
1781814491220,-3461,-11556,7391,-408,-156,-123,walking,0.00,0,4037,81,83,91
1781814491245,-4178,-11238,8558,-338,-226,-168,walking,0.00,0,4037,81,83,91
1781814491246,-4055,-11004,9369,-221,-228,-171,walking,0.00,0,4037,81,83,91
1781814491277,-3474,-10489,8379,-57,-142,-98,walking,0.00,0,4037,81,83,91
1781814491278,-2902,-9641,6856,78,-66,9,walking,0.00,0,4037,81,83,91
1781814491308,-2680,-8685,5385,84,-4,80,walking,0.00,0,4037,81,83,91
1781814491338,-2784,-9285,5771,15,43,86,walking,0.00,0,4037,81,83,91
1781814491338,-2950,-10693,6561,-76,40,92,walking,0.00,0,4037,81,83,91
1781814491366,-3288,-12914,9270,-464,-99,215,walking,0.00,0,4037,81,83,91
1781814491395,-3687,-13162,10718,-548,-239,257,walking,0.00,0,4037,81,83,91
1781814491396,-3638,-12569,12311,-505,-503,298,walking,0.00,0,4037,81,83,91
1781814491430,-4265,-13638,15689,-144,-607,288,walking,0.00,0,4037,81,83,91
1781814491431,-3571,-13414,14737,314,-492,298,walking,0.00,0,4037,81,83,91
1781814491459,-2921,-13832,13778,598,-439,220,walking,0.00,0,4037,81,83,91
1781814491487,-2306,-14316,12487,692,-352,149,walking,0.00,0,4037,81,83,91
1781814491491,-1915,-14429,10903,764,-232,91,walking,0.00,0,4037,81,83,91
1781814491516,-2081,-14892,9296,779,-144,27,walking,0.00,0,4037,81,83,91
1781814491545,-2194,-16336,9129,508,-165,-7,walking,0.00,0,4037,81,83,91
1781814491546,-2954,-16043,10011,73,-270,-3,walking,0.00,0,4037,81,83,91
1781814491579,-3747,-14421,10702,-203,-291,42,walking,0.00,0,4037,81,83,91
1781814491610,-3787,-13132,10732,-242,-229,164,walking,0.00,0,4037,81,83,91
1781814491611,-3735,-12778,10628,-252,-214,223,walking,0.00,0,4037,81,83,91
1781814491641,-3676,-12643,10826,-315,-244,321,walking,0.00,0,4037,81,83,91
1781814491666,-3221,-13034,11462,-357,-257,434,walking,0.00,0,4037,81,83,91
1781814491666,-2465,-12018,9993,-364,-155,562,walking,0.00,0,4037,81,83,91
1781814491699,-1806,-11240,7557,-333,-29,678,walking,0.00,0,4037,81,83,91
1781814491700,-1301,-12497,6887,-381,12,744,walking,0.00,0,4037,81,83,91
1781814491725,-1698,-16687,10395,-567,-112,847,walking,0.00,0,4037,81,83,91
1781814491757,-1527,-19617,14620,-817,-388,822,walking,0.00,0,4037,81,83,91
1781814491758,-1329,-18869,16944,-796,-685,735,walking,0.00,0,4037,81,83,91
1781814491785,-1067,-19345,20066,-116,-838,576,walking,0.00,0,4037,81,83,91
1781814491816,220,-19995,19129,601,-695,434,walking,0.00,0,4037,81,83,91
1781814491818,-85,-19198,14387,853,-557,249,walking,0.00,0,4037,81,83,91
1781814491845,117,-17256,10155,727,-542,13,walking,0.00,0,4037,81,83,91
1781814491878,365,-16507,7228,605,-624,-117,walking,0.00,0,4037,81,83,91
1781814491878,-706,-16204,7443,382,-754,-46,walking,0.00,0,4037,81,83,91
1781814491908,-1054,-16003,8088,185,-805,28,walking,0.00,0,4037,81,83,91
1781814491911,-1028,-14476,8025,-255,-877,211,walking,0.00,0,4037,81,83,91
1781814491935,-818,-11451,6385,-496,-882,430,walking,0.00,0,4037,81,83,91
1781814491969,-1222,-9520,4481,-462,-868,643,walking,0.00,0,4037,81,83,91
1781814491974,-1414,-9751,4026,-386,-892,782,walking,0.00,0,4037,81,83,91
1781814491998,-1577,-10743,4716,-530,-929,864,walking,0.00,0,4037,81,83,91
1781814492025,-2111,-10967,5250,-718,-948,880,walking,0.00,0,4037,81,83,91
1781814492026,-2746,-10719,5714,-736,-948,866,walking,0.00,0,4037,81,83,91
1781814492057,-3359,-11429,6985,-604,-961,825,walking,0.00,0,4037,81,83,91
1781814492085,-3520,-12617,8421,-495,-982,737,walking,0.00,0,4037,81,83,91
1781814492086,-3598,-12955,9785,-412,-1010,615,walking,0.00,0,4037,81,83,91
1781814492117,-3907,-12894,10555,-190,-987,461,walking,0.00,0,4037,81,83,91
1781814492117,-4095,-12865,10897,123,-911,290,walking,0.00,0,4037,81,83,91
1781814492144,-4159,-13383,10964,439,-791,87,walking,0.00,0,4037,81,83,91
1781814492177,-4138,-13781,10897,550,-729,-12,walking,0.00,0,4037,81,83,91
1781814492178,-4129,-14600,10715,698,-625,-157,walking,0.00,0,4037,81,83,91
1781814492207,-4566,-15488,11858,804,-571,-235,walking,0.00,0,4037,81,83,91
1781814492240,-4443,-17494,13745,907,-513,-281,walking,0.00,0,4037,81,83,91
1781814492241,-4539,-17168,14119,929,-457,-348,walking,0.00,0,4037,81,83,91
1781814492268,-3235,-16621,12928,852,-259,-343,walking,0.00,0,4037,81,83,91
1781814492299,-1909,-15690,11954,611,-6,-324,walking,0.00,0,4037,81,83,91
1781814492299,-686,-16695,12536,179,220,-288,walking,0.00,0,4037,81,83,91
1781814492325,158,-16771,13018,-295,352,-178,walking,0.00,0,4037,81,83,91
1781814492326,727,-15963,14332,-609,380,-13,walking,0.00,0,4037,81,83,91
1781814492357,1432,-15389,15838,-725,398,181,walking,0.00,0,4037,81,83,91
1781814492390,2110,-14573,15913,-669,438,394,walking,0.00,0,4037,81,83,91
1781814492391,2004,-13592,14762,-537,488,559,walking,0.00,0,4037,81,83,91
1781814492416,1480,-12820,12872,-447,529,637,walking,0.00,0,4037,81,83,91
1781814492448,1019,-12562,11723,-432,543,658,walking,0.00,0,4037,81,83,91
1781814492449,-100,-11670,9964,-446,554,702,walking,0.00,0,4037,81,83,91
1781814492477,-1254,-10799,8866,-504,575,721,walking,0.00,0,4037,81,83,91
1781814492508,-1964,-9963,7955,-553,589,700,walking,0.00,0,4037,81,83,91
1781814492509,-2309,-9252,7005,-539,588,671,walking,0.00,0,4037,81,83,91
1781814492539,-2638,-8565,5996,-494,567,660,walking,0.00,0,4037,81,83,91
1781814492540,-3022,-8278,5617,-439,501,627,walking,0.00,0,4037,81,83,91
1781814492565,-3397,-7785,5492,-341,422,561,walking,0.00,0,4037,81,83,91
1781814492600,-3683,-7853,5960,-211,352,442,walking,0.00,0,4037,81,83,91
1781814492601,-3755,-8769,6105,-71,292,318,walking,0.00,0,4037,81,83,91
1781814492626,-3876,-9417,6431,43,211,208,walking,0.00,0,4037,81,83,91
1781814492657,-3891,-10214,6840,123,127,86,walking,0.00,0,4037,81,83,91
1781814492658,-3901,-11436,7586,146,21,-32,walking,0.00,0,4037,81,83,91
1781814492695,-3798,-13554,9509,99,-92,-141,walking,0.00,0,4037,81,83,91
1781814492717,-3554,-14754,10656,60,-131,-160,walking,0.00,0,4037,81,83,91
1781814492718,-2448,-16292,11613,-4,-187,-154,walking,0.00,0,4037,81,83,91
1781814492749,-1586,-15283,11344,-63,-277,-185,walking,0.00,0,4037,81,83,91
1781814492783,-1018,-15378,10792,50,-381,-336,walking,0.00,0,4037,81,83,91
1781814492784,-222,-17018,10675,118,-503,-267,walking,0.00,0,4037,81,83,91
1781814492805,-736,-15824,10472,-13,-657,-188,walking,0.00,0,4037,81,83,91
1781814492806,-1323,-17342,12199,-124,-831,-200,walking,0.00,0,4037,81,83,91
1781814492839,-335,-18122,13232,-217,-1020,-200,walking,0.00,0,4037,81,83,91
1781814492867,148,-17568,14394,-225,-1162,-89,walking,0.00,0,4037,81,83,91
1781814492868,671,-13731,11149,-10,-1028,59,walking,0.00,0,4037,81,83,91
1781814492898,1143,-12389,8545,287,-823,244,walking,0.00,0,4037,81,83,91
1781814492957,1675,-13575,8891,208,-805,364,walking,0.00,0,4037,81,83,91
1781814492957,2039,-15370,10741,-213,-888,356,walking,0.00,0,4037,81,83,91
1781814492958,1675,-14256,11588,-385,-946,419,walking,0.00,0,4037,81,83,91
1781814492959,1386,-13505,11639,-330,-956,462,walking,0.00,0,4037,81,83,91
1781814492989,700,-12275,11170,-21,-1025,567,walking,0.00,0,4037,81,83,91
1781814493015,509,-12257,10787,40,-1069,590,walking,0.00,0,4037,81,83,91
1781814493016,-227,-11799,9657,63,-1177,668,walking,0.00,0,4037,81,83,91
1781814493048,-968,-10670,8698,54,-1269,706,walking,0.00,0,4037,81,83,91
1781814493076,-1486,-9895,7987,68,-1321,680,walking,0.00,0,4037,81,83,91
1781814493077,-1602,-9466,7112,89,-1299,615,walking,0.00,0,4037,81,83,91
1781814493107,-1379,-9621,6069,160,-1285,605,walking,0.00,0,4037,81,83,91
1781814493138,-1272,-10505,6144,205,-1276,638,walking,0.00,0,4037,81,83,91
1781814493139,-1054,-11229,5435,249,-1277,698,walking,0.00,0,4037,81,83,91
1781814493167,-1419,-11085,5246,243,-1332,673,walking,0.00,0,4037,81,83,91
1781814493197,-2212,-11284,6061,264,-1344,542,walking,0.00,0,4037,81,83,91
1781814493197,-2881,-12093,6594,331,-1245,372,walking,0.00,0,4037,81,83,91
1781814493230,-3243,-13091,7133,392,-1103,200,walking,0.00,0,4037,81,83,91
1781814493231,-3155,-14645,7751,387,-950,48,walking,0.00,0,4037,81,83,91
1781814493257,-3395,-15233,8433,276,-821,-73,walking,0.00,0,4037,81,83,91
1781814493285,-3618,-15550,9005,218,-752,-136,walking,0.00,0,4037,81,83,91
1781814493285,-3674,-16090,10522,121,-588,-219,walking,0.00,0,4037,81,83,91
1781814493315,-3825,-15993,12008,64,-422,-287,walking,0.00,0,4037,81,83,91
1781814493347,-3410,-15967,13527,46,-247,-378,walking,0.00,0,4037,81,83,91
1781814493348,-2340,-16409,14138,85,-72,-386,walking,0.00,0,4037,81,83,91
1781814493377,-1670,-15227,13236,138,55,-308,walking,0.00,0,4037,81,83,91
1781814493379,-2313,-17539,15410,244,71,-296,walking,0.00,0,4037,81,83,91
1781814493410,-2154,-16063,14680,301,198,-210,walking,0.00,0,4037,81,83,91
1781814493435,-1414,-16339,14977,320,311,-236,walking,0.00,0,4037,81,83,91
1781814493438,-904,-15119,13146,228,561,-197,walking,0.00,0,4037,81,83,91
1781814493466,-821,-13136,10875,88,759,-159,walking,0.00,0,4037,81,83,91
1781814493498,-736,-12925,10456,-23,810,-190,walking,0.00,0,4037,81,83,91
1781814493498,-267,-13553,11964,-276,844,-293,walking,0.00,0,4037,81,83,91
1781814493525,227,-13713,13811,-555,869,-374,walking,0.00,0,4037,81,83,91
1781814493557,1495,-13153,15269,-702,868,-418,walking,0.00,0,4037,81,83,91
1781814493558,3040,-12675,15532,-678,817,-356,walking,0.00,0,4037,81,83,91
1781814493591,3771,-11785,14751,-561,729,-224,walking,0.00,0,4037,81,83,91
1781814493615,3671,-11475,14097,-461,604,-135,walking,0.00,0,4037,81,83,91
1781814493616,2910,-11083,12679,-465,491,10,walking,0.00,0,4037,81,83,91
1781814493648,2024,-9345,10883,-547,379,21,walking,0.00,0,4037,81,83,91
1781814493658,1068,-8265,9320,-487,309,-37,walking,0.00,0,4037,81,83,91
1781814493681,300,-8088,8630,-301,273,-107,walking,0.00,0,4037,81,83,91
1781814493706,-9,-8517,8746,-233,273,-154,walking,0.00,0,4037,81,83,91
1781814493708,96,-9712,8742,-164,301,-185,walking,0.00,0,4037,81,83,91
1781814493739,312,-9459,8395,-174,283,-154,walking,0.00,0,4037,81,83,91
1781814493767,-116,-9064,7987,-195,260,-170,walking,0.00,0,4037,81,83,91
1781814493767,60,-9447,7737,-169,264,-181,walking,0.00,0,4037,81,83,91
1781814493796,275,-10472,7946,-202,261,-134,walking,0.00,0,4037,81,83,91
1781814493797,200,-10820,7997,-275,240,-59,walking,0.00,0,4037,81,83,91
1781814493825,-38,-10561,8307,-268,195,-7,walking,0.00,0,4037,81,83,91
1781814493858,-417,-11162,9083,-172,181,-22,walking,0.00,0,4037,81,83,91
1781814493859,-340,-12610,9736,-87,157,-47,walking,0.00,0,4037,81,83,91
1781814493888,281,-14686,10418,-61,73,-8,walking,0.00,0,4037,81,83,91
1781814493918,918,-15539,11522,-76,-92,113,walking,0.00,0,4037,81,83,91
1781814493924,1414,-15628,11933,-88,-191,170,walking,0.00,0,4037,81,83,91
1781814493947,2208,-15012,12066,-26,-406,227,walking,0.00,0,4037,81,83,91
1781814493948,2259,-14412,11652,223,-557,209,walking,0.00,0,4037,81,83,91
1781814493975,2139,-15557,11489,512,-615,199,walking,0.00,0,4037,81,83,91
1781814494009,2249,-16959,11987,525,-700,193,walking,0.00,0,4037,81,83,91
1781814494013,2994,-16787,12315,309,-815,184,walking,0.00,0,4037,81,83,91
1781814494037,3313,-15572,12534,153,-934,193,walking,0.00,0,4037,81,83,91
1781814494066,3166,-14560,12413,134,-972,243,walking,0.00,0,4037,81,83,91
1781814494067,3316,-13531,11179,182,-860,422,walking,0.00,0,4037,81,83,91
1781814494101,3424,-12588,9422,134,-757,662,walking,0.00,0,4037,81,83,91
1781814494126,3070,-12769,9415,-97,-837,827,walking,0.00,0,4037,81,83,91
1781814494126,3102,-13407,10695,-337,-1001,923,walking,0.00,0,4037,81,83,91
1781814494156,3413,-12691,11236,-342,-1080,1061,walking,0.00,0,4037,81,83,91
1781814494187,3079,-11798,10849,-117,-1082,1209,walking,0.00,0,4037,81,83,91
1781814494188,2465,-11962,10210,99,-1094,1294,walking,0.00,0,4037,81,83,91
1781814494216,2042,-12315,9495,160,-1128,1325,walking,0.00,0,4037,81,83,91
1781814494250,1553,-12165,8978,93,-1142,1318,walking,0.00,0,4037,81,83,91
1781814494251,1067,-11557,8011,-12,-1127,1285,walking,0.00,0,4037,81,83,91
1781814494275,487,-10791,7252,-92,-1141,1226,walking,0.00,0,4037,81,83,91
1781814494281,99,-11268,7027,-176,-1173,1178,walking,0.00,0,4037,81,83,91
1781814494307,-95,-11391,7113,-238,-1215,1177,walking,0.00,0,4037,81,83,91
1781814494337,-252,-10901,7296,-296,-1250,1179,walking,0.00,0,4037,81,83,91
1781814494338,-605,-10061,7083,-228,-1264,1180,walking,0.00,0,4037,81,83,91
1781814494370,-1076,-9682,6840,-40,-1243,1141,walking,0.00,0,4037,81,83,91
1781814494396,-1265,-10439,7179,147,-1190,1098,walking,0.00,0,4037,81,83,91
1781814494397,-1667,-12048,7945,177,-1149,1051,walking,0.00,0,4037,81,83,91
1781814494429,-2410,-12654,8235,102,-1102,1013,walking,0.00,0,4037,81,83,91
1781814494457,-3287,-13192,8808,60,-1033,971,walking,0.00,0,4037,81,83,91
1781814494462,-4017,-14248,9412,68,-920,973,walking,0.00,0,4037,81,83,91
1781814494487,-4361,-14667,9704,60,-821,1008,walking,0.00,0,4037,81,83,91
1781814494488,-4346,-14762,9946,61,-782,1018,walking,0.00,0,4037,81,83,91
1781814494519,-3983,-14653,10441,105,-706,1038,walking,0.00,0,4037,81,83,91
1781814494545,-3675,-14748,10719,195,-630,1060,walking,0.00,0,4037,81,83,91
1781814494546,-3589,-15075,11056,219,-572,1083,walking,0.00,0,4037,81,83,91
1781814494574,-3129,-15635,11303,165,-560,1101,walking,0.00,0,4037,81,83,91
1781814494605,-2483,-17228,12393,164,-594,1112,walking,0.00,0,4037,81,83,91
1781814494605,-2380,-16040,13259,162,-608,1142,walking,0.00,0,4037,81,83,91
1781814494637,-1658,-16500,14094,173,-581,1067,walking,0.00,0,4037,81,83,91
1781814494665,-943,-16607,14410,146,-545,1051,walking,0.00,0,4037,81,83,91
1781814494696,268,-16085,13887,-15,-461,1036,walking,0.00,0,4037,81,83,91
1781814494698,694,-14556,12378,-283,-445,1007,walking,0.00,0,4037,81,83,91
1781814494728,656,-13414,12239,-502,-512,908,walking,0.00,0,4037,81,83,91
1781814494729,1050,-13396,13017,-577,-588,804,walking,0.00,0,4037,81,83,91
1781814494755,1354,-13119,13413,-553,-621,752,walking,0.00,0,4037,81,83,91
1781814494756,946,-12509,13245,-472,-641,739,walking,0.00,0,4037,81,83,91
1781814494788,431,-12314,12830,-404,-674,710,walking,0.00,0,4037,81,83,91
1781814494820,96,-12076,12183,-358,-698,676,walking,0.00,0,4037,81,83,91
1781814494821,-426,-11425,11171,-313,-709,648,walking,0.00,0,4037,81,83,91
1781814494848,-1168,-10553,10040,-281,-715,588,walking,0.00,0,4037,81,83,91
1781814494878,-1369,-10191,9475,-269,-719,549,walking,0.00,0,4037,81,83,91
1781814494879,-1872,-9879,9153,-236,-723,484,walking,0.00,0,4037,81,83,91
1781814494915,-2147,-10104,9097,-222,-725,436,walking,0.00,0,4037,81,83,91
1781814494915,-2271,-10265,9376,-260,-747,407,walking,0.00,0,4037,81,83,91
1781814494941,-2470,-10212,9542,-293,-765,419,walking,0.00,0,4037,81,83,91
1781814494970,-2568,-9949,9444,-294,-785,459,walking,0.00,0,4037,81,83,91
1781814494971,-2652,-9759,9740,-301,-826,487,walking,0.00,0,4037,81,83,91
1781814494997,-2598,-9925,9950,-299,-862,524,walking,0.00,0,4037,81,83,91
1781814495028,-2751,-10099,10266,-289,-899,565,walking,0.00,0,4037,81,83,91
1781814495028,-2911,-10599,10714,-272,-904,612,walking,0.00,0,4037,81,83,91
1781814495057,-2923,-11360,11117,-275,-885,676,walking,0.00,0,4037,81,83,91
1781814495086,-2784,-12103,10974,-318,-865,770,walking,0.00,0,4037,81,83,91
1781814495087,-2741,-12115,10620,-353,-874,826,walking,0.00,0,4037,81,83,91
1781814495116,-3244,-11685,10198,-423,-961,966,walking,0.00,0,4037,81,83,91
1781814495146,-3365,-11918,10358,-418,-986,983,walking,0.00,0,4037,81,83,91
1781814495148,-3506,-12742,10891,-407,-1027,1035,walking,0.00,0,4037,81,83,91
1781814495178,-3798,-12872,10893,-397,-1038,1109,walking,0.00,0,4037,81,83,91
1781814495178,-3931,-12719,10396,-377,-1059,1144,walking,0.00,0,4037,81,83,91
1781814495206,-3980,-13246,10354,-354,-1116,1132,walking,0.00,0,4037,81,93,91
1781814495240,-3472,-13562,10560,-297,-1207,1078,walking,0.00,0,4037,81,93,91
1781814495240,-2860,-13496,10392,-196,-1272,965,walking,0.00,0,4037,81,93,91
1781814495265,-2622,-13007,9718,-23,-1300,861,walking,0.00,0,4037,81,93,91
1781814495298,-2873,-12966,9348,177,-1308,727,walking,0.00,0,4037,81,93,91
1781814495298,-2743,-13585,9160,344,-1320,550,walking,0.00,0,4037,81,93,91
1781814495328,-2233,-14588,9161,482,-1300,397,walking,0.00,0,4037,81,93,91
1781814495357,-1634,-15766,9350,530,-1257,283,walking,0.00,0,4037,81,93,91
1781814495358,-844,-15948,8690,457,-1126,203,walking,0.00,0,4037,81,93,91
1781814495386,-104,-15699,7468,335,-945,184,walking,0.00,0,4037,81,93,91
1781814495387,270,-15741,6954,228,-887,184,walking,0.00,0,4037,81,93,91
1781814495415,1044,-15367,7165,-268,-947,157,walking,0.00,0,4037,81,93,91
1781814495447,1002,-15161,7689,-383,-1000,148,walking,0.00,0,4037,81,93,91
1781814495448,460,-15064,9147,-491,-1104,156,walking,0.00,0,4037,81,93,91
1781814495478,-107,-15183,10092,-511,-1190,195,walking,0.00,0,4037,81,93,91
1781814495505,-311,-14926,10415,-477,-1229,342,walking,0.00,0,4037,81,93,91
1781814495538,-683,-14089,9889,-379,-1271,525,walking,0.00,0,4037,81,93,91
1781814495544,-1326,-12790,9012,-333,-1286,605,walking,0.00,0,4037,81,93,91
1781814495565,-1619,-11955,8365,-232,-1285,693,walking,0.00,0,4037,81,93,91
1781814495565,-2150,-12184,8390,-116,-1312,704,walking,0.00,0,4037,81,93,91
1781814495597,-2438,-12367,8389,32,-1281,748,walking,0.00,0,4037,81,93,91
1781814495627,-2944,-13061,8335,155,-1243,797,walking,0.00,0,4037,81,93,91
1781814495628,-3364,-13526,8211,183,-1191,842,walking,0.00,0,4037,81,93,91
1781814495656,-3450,-14125,8122,132,-1130,868,walking,0.00,0,4037,81,93,91
1781814495657,-3504,-14661,7841,23,-1074,890,walking,0.00,0,4037,81,93,91
1781814495688,-3548,-14439,7566,-83,-1023,935,walking,0.00,0,4037,81,93,91
1781814495714,-3652,-14090,7526,-107,-986,951,walking,0.00,0,4037,81,93,91
1781814495715,-4034,-14175,7608,-83,-889,944,walking,0.00,0,4037,81,93,91
1781814495748,-4424,-14929,7701,-65,-775,913,walking,0.00,0,4037,81,93,91
1781814495777,-4677,-15232,7635,-68,-642,907,walking,0.00,0,4037,81,93,91
1781814495778,-4922,-14797,7316,-102,-505,899,walking,0.00,0,4037,81,93,91
1781814495807,-5612,-14043,6866,-120,-370,876,walking,0.00,0,4037,81,93,91
1781814495808,-6616,-13665,7514,-77,-239,810,walking,0.00,0,4037,81,93,91
1781814495838,-7230,-14142,8570,-58,-97,712,walking,0.00,0,4037,81,93,91
1781814495865,-7409,-14708,9607,-89,31,605,walking,0.00,0,4037,81,93,91
1781814495868,-7393,-14753,10516,-122,149,477,walking,0.00,0,4037,81,93,91
1781814495897,-7169,-14381,10914,-112,284,332,walking,0.00,0,4037,81,93,91
1781814495929,-6900,-14209,11097,-89,357,262,walking,0.00,0,4037,81,93,91
1781814495930,-6321,-14230,11440,-32,491,114,walking,0.00,0,4037,81,93,91
1781814495956,-5814,-14973,12799,9,622,-58,walking,0.00,0,4037,81,93,91
1781814495986,-4642,-16347,13618,20,798,-195,walking,0.00,0,4037,81,93,91
1781814495986,-4222,-15586,12718,-4,974,-225,walking,0.00,0,4037,81,93,91
1781814496019,-4174,-14267,10696,6,1122,-339,walking,0.00,0,4037,81,93,91
1781814496019,-3938,-12757,9354,-8,1258,-376,walking,0.00,0,4037,81,93,91
1781814496045,-4092,-12732,9568,-74,1314,-519,walking,0.00,0,4037,81,93,91
1781814496077,-4072,-13555,10664,-204,1347,-645,walking,0.00,0,4037,81,93,91
1781814496105,-4090,-13619,10919,-257,1362,-684,walking,0.00,0,4037,81,93,91
1781814496106,-4463,-12993,11091,-319,1383,-726,walking,0.00,0,4037,81,93,91
1781814496136,-4157,-12331,10645,-295,1385,-743,walking,0.00,0,4037,81,93,91
1781814496137,-3446,-11154,9393,-246,1365,-710,walking,0.00,0,4037,81,93,91
1781814496173,-3066,-9999,8101,-199,1288,-688,walking,0.00,0,4037,81,93,91
1781814496182,-3302,-9303,7491,-108,1178,-685,walking,0.00,0,4037,81,93,91
1781814496196,-3444,-9520,7853,23,1065,-710,walking,0.00,0,4037,81,93,91
1781814496229,-3431,-10089,8023,116,982,-718,walking,0.00,0,4037,81,93,91
1781814496230,-3651,-10128,7959,188,881,-736,walking,0.00,0,4037,81,93,91
1781814496260,-3959,-10298,8074,273,777,-772,walking,0.00,0,4037,81,93,91
1781814496287,-4026,-11074,8383,361,674,-785,walking,0.00,0,4037,81,93,91
1781814496290,-4105,-12126,8960,386,607,-749,walking,0.00,0,4037,81,93,91
1781814496318,-3999,-12353,8512,360,568,-659,walking,0.00,0,4037,81,93,91
1781814496345,-3761,-11896,7726,312,511,-575,walking,0.00,0,4037,81,93,91
1781814496345,-3676,-11689,7623,285,464,-548,walking,0.00,0,4037,81,93,91
1781814496376,-3546,-12784,8737,181,362,-489,walking,0.00,0,4037,81,93,91
1781814496376,-3372,-13403,8614,122,336,-482,walking,0.00,0,4037,81,93,91
1781814496409,-3996,-13368,8780,8,295,-354,walking,0.00,0,4037,81,93,91
1781814496435,-4491,-12688,7975,-9,265,-246,walking,0.00,0,4037,81,93,91
1781814496436,-5046,-12949,7990,42,245,-127,walking,0.00,0,4037,81,93,91
1781814496468,-5799,-13238,8553,85,214,-102,walking,0.00,0,4037,81,93,91
1781814496496,-5682,-12425,9019,104,110,-169,walking,0.00,0,4037,81,93,91
1781814496497,-5352,-12650,8504,223,11,-198,walking,0.00,0,4037,81,93,91
1781814496528,-5201,-14007,9036,379,-41,-207,walking,0.00,0,4037,81,93,91
1781814496555,-5015,-15719,9134,391,-9,-11,walking,0.00,0,4037,81,93,91
1781814496562,-5076,-14737,8708,248,-53,74,walking,0.00,0,4037,81,93,91
1781814496588,-4869,-14904,9080,191,-147,36,walking,0.00,0,4037,81,93,91
1781814496593,-4629,-15287,9577,205,-193,34,walking,0.00,0,4037,81,93,91
1781814496618,-3198,-15609,11384,361,-330,78,walking,0.00,0,4037,81,93,91
1781814496644,-2904,-15130,11783,436,-360,58,walking,0.00,0,4037,81,93,91
1781814496645,-2607,-14319,11916,592,-326,-92,walking,0.00,0,4037,81,93,91
1781814496676,-2302,-14758,11757,673,-221,-278,walking,0.00,0,4037,81,93,91
1781814496704,-1358,-15949,11837,582,-109,-391,walking,0.00,0,4037,81,93,91
1781814496705,119,-16125,11925,346,37,-386,walking,0.00,0,4037,81,93,91
1781814496738,1621,-14923,10981,57,191,-312,walking,0.00,0,4037,81,93,91
1781814496768,1680,-14360,10852,-8,193,-302,walking,0.00,0,4037,81,93,91
1781814496768,1723,-14751,10944,-68,261,-165,walking,0.00,0,4037,81,93,91
1781814496802,1568,-12788,10329,-43,237,-85,walking,0.00,0,4037,81,93,91
1781814496829,989,-13499,9662,74,154,65,walking,0.00,0,4037,81,93,91
1781814496830,-49,-10831,8436,35,60,136,walking,0.00,0,4037,81,93,91
1781814496855,-604,-11919,8388,70,-4,112,walking,0.00,0,4037,81,93,91
1781814496859,-799,-12375,8473,21,-17,218,walking,0.00,0,4037,81,93,91
1781814496888,-1688,-11220,7929,-52,-37,276,walking,0.00,0,4037,81,93,91
1781814496918,-2029,-10846,7430,-7,-32,307,walking,0.00,0,4037,81,93,91
1781814496919,-2510,-10858,7201,1,-71,330,walking,0.00,0,4037,81,93,91
1781814496945,-3000,-10832,7189,-8,-132,326,walking,0.00,0,4037,81,93,91
1781814496976,-3260,-11137,7098,4,-152,342,walking,0.00,0,4037,81,93,91
1781814496977,-3505,-11363,7030,19,-182,377,walking,0.00,0,4037,81,93,91
1781814497005,-3819,-11264,7086,22,-171,387,walking,0.00,0,4037,81,93,91
1781814497043,-3875,-11190,6958,18,-143,375,walking,0.00,0,4037,81,93,91
1781814497043,-3941,-11335,6515,-9,-83,322,walking,0.00,0,4037,81,93,91
1781814497067,-4106,-12485,6847,-26,-57,266,walking,0.00,0,4037,81,93,91
1781814497097,-4755,-12899,7124,-86,-81,236,walking,0.00,0,4037,81,93,91
1781814497100,-5546,-12981,7946,-93,-65,177,walking,0.00,0,4037,81,93,91
1781814497127,-6670,-13759,9172,-29,1,131,walking,0.00,0,4037,81,93,90
1781814497128,-7186,-14530,10264,-2,85,92,walking,0.00,0,4037,81,93,90
1781814497155,-7228,-14457,11140,28,177,61,walking,0.00,0,4037,81,93,90
1781814497189,-7248,-14983,12344,146,279,-1,walking,0.00,0,4037,81,93,90
1781814497193,-6316,-15371,12981,194,391,-38,walking,0.00,0,4037,81,93,90
1781814497220,-6284,-15369,12069,185,477,-82,walking,0.00,0,4037,81,93,90
1781814497244,-6572,-14626,12510,271,477,-201,walking,0.00,0,4037,81,93,90
1781814497245,-6610,-17072,14957,451,496,-290,walking,0.00,0,4037,81,93,90
1781814497278,-6272,-17177,15772,477,712,-255,walking,0.00,0,4037,81,93,90
1781814497309,-5426,-14597,13658,330,880,-234,walking,0.00,0,4037,81,93,90
1781814497310,-4698,-13796,12750,257,1010,-299,walking,0.00,0,4037,81,93,90
1781814497337,-5116,-10716,11284,23,1174,-416,walking,0.00,0,4037,81,93,90
1781814497367,-5091,-11039,11862,-32,1157,-543,walking,0.00,0,4037,81,93,90
1781814497369,-5030,-10374,13003,-17,1180,-778,walking,0.00,0,4037,81,93,90
1781814497400,-5122,-12310,14892,161,1263,-837,walking,0.00,0,4037,81,93,90
1781814497400,-4931,-12579,15505,217,1353,-850,walking,0.00,0,4037,81,93,90
1781814497425,-4349,-11947,15176,203,1405,-857,walking,0.00,0,4037,81,93,90
1781814497466,-3600,-11135,13769,249,1451,-830,walking,0.00,0,4037,81,93,90
1781814497466,-2610,-9721,11336,334,1506,-778,walking,0.00,0,4037,81,93,90
1781814497507,-1867,-8235,8538,368,1466,-747,walking,0.00,0,4037,81,93,90
1781814497517,-1790,-7757,7145,286,1352,-765,walking,0.00,0,4037,81,93,90
1781814497524,-2132,-7241,6442,234,1284,-775,walking,0.00,0,4037,81,93,90
1781814497544,-2369,-7358,5839,159,1126,-825,walking,0.00,0,4037,81,93,90
1781814497575,-2705,-7819,6350,43,1021,-837,walking,0.00,0,4037,81,93,90
1781814497575,-3397,-8038,6082,-112,947,-808,walking,0.00,0,4037,81,93,90
1781814497606,-4505,-7669,6322,-142,886,-742,walking,0.00,0,4037,81,93,90
1781814497606,-5223,-7436,6377,-16,852,-656,walking,0.00,0,4037,81,93,90
1781814497640,-6848,-7187,7041,138,837,-675,walking,0.00,0,4037,81,93,90
1781814497665,-7475,-8981,8121,219,828,-863,walking,0.00,0,4037,81,93,90
1781814497668,-7072,-12051,9852,227,879,-928,walking,0.00,0,4037,81,93,90
1781814497696,-6952,-14043,11109,96,905,-894,walking,0.00,0,4037,81,93,90
1781814497698,-6997,-15397,12120,-119,907,-830,walking,0.00,0,4037,81,93,90
1781814497724,-6726,-15340,12227,-231,888,-809,walking,0.00,0,4037,81,93,90
1781814497755,-5302,-15797,12676,-280,809,-766,walking,0.00,0,4037,81,93,90
1781814497757,-4665,-15740,13376,-117,773,-641,walking,0.00,0,4037,81,93,90
1781814497785,-3874,-17135,12832,248,772,-416,walking,0.00,0,4037,81,93,90
1781814497819,-3740,-17716,12740,257,718,-345,walking,0.00,0,4037,81,93,90
1781814497819,-3385,-18531,12856,141,586,-277,walking,0.00,0,4037,81,93,90
1781814497846,-2924,-18268,12936,43,446,-231,walking,0.00,0,4037,81,93,90
1781814497877,-1522,-18467,11948,52,386,-218,walking,0.00,0,4037,81,93,90
1781814497882,290,-16627,10570,-19,423,-151,walking,0.00,0,4037,81,93,90
1781814497908,1239,-15100,8517,-235,511,-112,walking,0.00,0,4037,81,93,90
1781814497939,-90,-13557,6900,-506,361,-22,walking,0.00,0,4037,81,93,90
1781814497944,516,-14086,10417,-613,99,-11,walking,0.00,0,4037,81,93,90
1781814497968,-1200,-14130,10746,-846,-35,184,walking,0.00,0,4037,81,93,90
1781814497973,-1361,-12811,10101,-877,-104,260,walking,0.00,0,4037,81,93,90
1781814497995,-758,-11271,8142,-456,-303,489,walking,0.00,0,4037,81,93,90
1781814498025,-1119,-10981,7677,-229,-362,597,walking,0.00,0,4037,81,93,90
1781814498026,-1284,-10739,6850,89,-471,748,walking,0.00,0,4037,81,93,90
1781814498057,-2640,-10840,7304,150,-536,839,walking,0.00,0,4037,81,93,90
1781814498085,-3686,-10740,6472,52,-498,881,walking,0.00,0,4037,81,93,90
1781814498085,-3592,-10545,5236,-31,-421,876,walking,0.00,0,4037,81,93,90
1781814498116,-3359,-10901,4348,-60,-382,857,walking,0.00,0,4037,81,93,90
1781814498147,-4187,-10943,4748,-167,-371,842,walking,0.00,0,4037,81,93,90
1781814498147,-4981,-10889,4773,-280,-316,783,walking,0.00,0,4037,81,93,90
1781814498174,-5095,-11318,4200,-341,-260,722,walking,0.00,0,4037,81,93,90
1781814498175,-5246,-11807,4223,-331,-266,696,walking,0.00,0,4037,81,93,90
1781814498206,-6042,-12230,4660,-242,-243,659,walking,0.00,0,4037,81,93,90
1781814498234,-6805,-13582,5012,-107,-186,613,walking,0.00,0,4037,81,93,90
1781814498235,-7280,-14895,4928,-178,-131,540,walking,0.00,0,4037,81,93,90
1781814498277,-7443,-15522,5096,-310,-128,425,walking,0.00,0,4037,81,93,90
1781814498295,-8630,-16046,5900,-374,-181,338,walking,0.00,0,4037,81,93,90
1781814498295,-9549,-16338,7876,-361,-159,310,walking,0.00,0,4037,81,93,90
1781814498324,-8811,-16710,7656,-272,115,329,walking,0.00,0,4037,81,93,90
1781814498355,-8469,-16679,7667,-233,125,310,walking,0.00,0,4037,81,93,90
1781814498355,-7960,-16137,7811,-192,110,273,walking,0.00,0,4037,81,93,90
1781814498383,-8733,-16238,8700,-102,25,152,walking,0.00,0,4037,81,93,90
1781814498384,-8932,-16269,10463,-10,-153,22,walking,0.00,0,4037,81,93,90
1781814498414,-8760,-16632,12503,134,-200,-41,walking,0.00,0,4037,81,93,90
1781814498444,-7260,-14687,10741,315,-33,40,walking,0.00,0,4037,81,93,90
1781814498444,-7017,-12274,8282,392,85,110,walking,0.00,0,4037,81,93,90
1781814498475,-8732,-11036,8562,195,108,-24,walking,0.00,0,4037,81,93,90
1781814498506,-8681,-11615,8869,-42,68,-238,walking,0.00,0,4037,81,93,90
1781814498506,-8079,-11272,10086,-187,16,-346,walking,0.00,0,4037,81,93,90
1781814498534,-8233,-11562,11097,-91,-10,-421,walking,0.00,0,4037,81,93,90
1781814498567,-8104,-12280,11386,42,-8,-437,walking,0.00,0,4037,81,93,90
1781814498568,-7038,-13269,11223,297,-2,-368,walking,0.00,0,4037,81,93,90
1781814498594,-5980,-12500,10073,436,-20,-241,walking,0.00,0,4037,81,93,90
1781814498598,-5356,-11609,9227,462,-41,-178,walking,0.00,0,4037,81,93,90
1781814498624,-5660,-10416,8222,397,-10,-190,walking,0.00,0,4037,81,93,90
1781814498658,-5606,-9897,7286,340,34,-277,walking,0.00,0,4037,81,93,90
1781814498658,-5706,-10201,6756,254,85,-334,walking,0.00,0,4037,81,93,90
1781814498684,-5769,-10037,6301,125,122,-346,walking,0.00,0,4037,81,93,90
1781814498719,-5818,-9437,5938,22,151,-332,walking,0.00,0,4037,81,93,90
1781814498719,-5926,-8997,5883,-27,165,-314,walking,0.00,0,4037,81,93,90
1781814498745,-5876,-8897,5750,-37,179,-275,walking,0.00,0,4037,81,93,90
1781814498745,-5778,-8763,5651,-37,175,-250,walking,0.00,0,4037,81,93,90
1781814498775,-5730,-8895,5627,-46,130,-234,walking,0.00,0,4037,81,93,90
1781814498809,-6238,-8910,6069,-15,82,-266,walking,0.00,0,4037,81,93,90
1781814498814,-6574,-10963,6716,60,67,-300,walking,0.00,0,4037,81,93,90
1781814498836,-6721,-12707,7277,19,51,-276,walking,0.00,0,4037,81,93,90
1781814498868,-6803,-13718,7390,-85,22,-225,walking,0.00,0,4037,81,93,90
1781814498868,-7231,-14587,8000,-171,-20,-183,walking,0.00,0,4037,81,93,90
1781814498895,-7854,-15198,8707,-248,-41,-138,walking,0.00,0,4037,81,93,90
1781814498926,-7836,-15045,8307,-244,-35,-60,walking,0.00,0,4037,81,93,90
1781814498927,-7421,-14973,7471,-226,-30,10,walking,0.00,0,4037,81,93,90
1781814498956,-7075,-15423,7495,-278,-13,73,walking,0.00,0,4037,81,93,90
1781814498985,-7275,-15408,8636,-423,-37,112,walking,0.00,0,4037,81,93,90
1781814498985,-6839,-16591,10557,-529,-84,31,walking,0.00,0,4037,81,93,90
1781814499016,-5715,-17337,11229,-462,-252,-63,walking,0.00,0,4037,81,93,90
1781814499017,-4508,-16964,10989,-178,-311,29,walking,0.00,0,4037,81,93,90
1781814499044,-3779,-15586,9763,204,-214,199,walking,0.00,0,4037,81,93,90
1781814499075,-4136,-15229,9814,301,-152,235,walking,0.00,0,4037,81,93,90
1781814499075,-4248,-15874,10058,155,-93,109,walking,0.00,0,4037,81,93,90
1781814499106,-3239,-15688,9898,-159,-122,-24,walking,0.00,0,4037,81,93,90
1781814499140,-3476,-14605,9231,-218,-182,-90,walking,0.00,0,4037,81,93,90
1781814499140,-4117,-14131,8889,62,-215,-83,walking,0.00,0,4037,81,93,90
1781814499169,-4097,-13853,8254,299,-250,-38,walking,0.00,0,4037,81,93,90
1781814499169,-3938,-12950,6828,341,-304,20,walking,0.00,0,4037,81,93,90
1781814499200,-4168,-11590,5746,318,-359,114,walking,0.00,0,4037,81,93,90
1781814499226,-4681,-10074,5482,276,-361,180,walking,0.00,0,4037,81,93,90
1781814499227,-5178,-9557,5260,213,-301,177,walking,0.00,0,4037,81,93,90
1781814499256,-5457,-9760,5542,136,-206,136,walking,0.00,0,4037,81,93,90
1781814499284,-5364,-10395,5479,58,-68,92,walking,0.00,0,4037,81,93,90
1781814499285,-4950,-10770,5164,26,-8,81,walking,0.00,0,4037,81,93,90
1781814499315,-4431,-11399,4524,-39,53,124,walking,0.00,0,4037,81,93,90
1781814499347,-4599,-11373,4421,-45,67,147,walking,0.00,0,4037,81,93,90
1781814499348,-4614,-11801,4611,-40,71,150,walking,0.00,0,4037,81,93,90
1781814499375,-4467,-12750,4976,-130,45,124,walking,0.00,0,4037,81,93,90
1781814499376,-4939,-13360,5583,-212,38,126,walking,0.00,0,4037,81,93,90
1781814499409,-5730,-14068,6447,-252,53,101,walking,0.00,0,4037,81,93,90
1781814499436,-6591,-15235,7644,-271,124,70,walking,0.00,0,4037,81,93,90
1781814499438,-6662,-15669,7596,-270,218,86,walking,0.00,0,4037,81,93,90
1781814499469,-6565,-15685,7713,-200,245,97,walking,0.00,0,4037,81,93,90
1781814499499,-6598,-15652,7950,-132,244,108,walking,0.00,0,4037,81,93,90
1781814499500,-6761,-16240,7805,-19,260,111,walking,0.00,0,4037,81,93,90
1781814499526,-6999,-16532,6986,86,167,75,walking,0.00,0,4037,81,93,90
1781814499527,-8210,-18209,10775,90,-32,7,walking,0.00,0,4037,81,93,90
1781814499557,-7951,-18782,12644,49,-75,-9,walking,0.00,0,4037,81,93,90
1781814499594,-6912,-16851,11737,198,51,91,walking,0.00,0,4037,81,93,90
1781814499595,-6771,-14341,9920,273,216,173,walking,0.00,0,4037,81,93,90
1781814499617,-7269,-12272,9479,133,284,75,walking,0.00,0,4037,81,93,90
1781814499648,-8146,-13100,10929,-159,273,-191,walking,0.00,0,4037,81,93,90
1781814499649,-7794,-14252,11561,-328,247,-380,walking,0.00,0,4037,81,93,90
1781814499675,-7234,-14619,11937,-240,212,-389,walking,0.00,0,4037,81,93,90
1781814499707,-6845,-14723,11777,-33,174,-313,walking,0.00,0,4037,81,93,90
1781814499708,-6456,-14161,11594,146,127,-201,walking,0.00,0,4037,81,93,90
1781814499735,-6032,-12563,9850,282,129,-137,walking,0.00,0,4037,81,93,90
1781814499736,-5874,-11977,9030,329,136,-123,walking,0.00,0,4037,81,93,90
1781814499764,-5950,-10384,7083,360,229,-186,walking,0.00,0,4037,81,93,90
1781814499797,-5802,-10240,6293,334,278,-220,walking,0.00,0,4037,81,93,90
1781814499798,-5708,-9184,5030,232,351,-294,walking,0.00,0,4037,81,93,90
1781814499824,-5549,-8668,4447,121,431,-404,walking,0.00,0,4037,81,93,90
1781814499859,-5112,-9726,3996,67,468,-481,walking,0.00,0,4037,81,93,90
1781814499860,-5849,-10212,4609,-126,467,-404,walking,0.00,0,4037,81,93,90
1781814499894,-6303,-9418,5037,-326,498,-318,walking,0.00,0,4037,81,93,90
1781814499915,-6672,-9218,4925,-399,505,-278,walking,0.00,0,4037,81,93,90
1781814499915,-7000,-8884,4895,-333,479,-258,walking,0.00,0,4037,81,93,90
1781814499948,-7185,-9872,5585,-229,436,-313,walking,0.00,0,4037,81,93,90
1781814499975,-7034,-12358,7173,-179,354,-346,walking,0.00,0,4037,81,93,90
1781814499976,-6794,-13380,7153,-196,341,-303,walking,0.00,0,4037,81,93,90
1781814500004,-6552,-14719,8055,-150,297,-196,walking,0.00,0,4037,81,93,90
1781814500007,-6236,-16357,7906,-16,213,-71,walking,0.00,0,4037,81,93,90
1781814500037,-6088,-16623,8651,-24,133,95,walking,0.00,0,4037,81,93,90
1781814500064,-6143,-15764,8299,-67,91,161,walking,0.00,0,4037,81,93,90
1781814500064,-6466,-14799,7958,-26,64,124,walking,0.00,0,4037,81,93,90
1781814500095,-7652,-16587,8667,70,72,37,walking,0.00,0,4037,81,93,90
1781814500125,-7856,-18695,10424,34,-10,-89,walking,0.00,0,4037,81,93,90
1781814500126,-5725,-19589,11173,40,-101,-144,walking,0.00,0,4037,81,93,90
1781814500155,-3616,-18034,9821,238,-82,-24,walking,0.00,0,4037,81,93,90
1781814500155,-3341,-15126,7970,430,95,195,walking,0.00,0,4037,81,93,90
1781814500185,-4473,-14995,8813,197,151,92,walking,0.00,0,4037,81,93,90
1781814500215,-4433,-16259,10150,-278,103,-90,walking,0.00,0,4037,81,93,90
1781814500215,-4113,-15452,9973,-520,46,-126,walking,0.00,0,4037,81,93,90
1781814500244,-3814,-14077,9025,-327,-24,-90,walking,0.00,0,4037,81,93,90
1781814500275,-3777,-13715,8526,-94,-48,-36,walking,0.00,0,4037,81,93,90
1781814500275,-3808,-13042,7405,321,-116,88,walking,0.00,0,4037,81,93,90
1781814500305,-4103,-12273,6547,506,-204,211,walking,0.00,0,4037,81,93,90
1781814500335,-4599,-11049,6151,485,-244,279,walking,0.00,0,4037,81,93,90
1781814500336,-4565,-10195,5632,428,-196,276,walking,0.00,0,4037,81,93,90
1781814500367,-4166,-10530,4673,387,-150,219,walking,0.00,0,4037,81,93,90
1781814500395,-4410,-10801,4653,186,-125,181,walking,0.00,0,4037,81,93,90
1781814500395,-4171,-11259,4499,-40,-108,143,walking,0.00,0,4037,81,93,90
1781814500425,-4760,-10700,3835,-145,-133,109,walking,0.00,0,4037,81,93,90
1781814500425,-5179,-11291,5315,-118,-121,85,walking,0.00,0,4037,81,93,90
1781814500458,-5333,-12351,4733,-110,-65,143,walking,0.00,0,4037,81,93,90
1781814500484,-4979,-13324,4195,-106,-51,192,walking,0.00,0,4037,81,93,90
1781814500484,-5186,-14146,4158,-113,-101,274,walking,0.00,0,4037,81,93,90
1781814500514,-6424,-13651,5413,-246,-90,245,walking,0.00,0,4037,81,93,90
1781814500545,-6615,-15139,6359,-317,9,167,walking,0.00,0,4037,81,93,90
1781814500545,-6888,-15941,6046,-385,57,160,walking,0.00,0,4037,81,93,90
1781814500575,-7055,-15726,6074,-374,113,129,walking,0.00,0,4037,81,93,90
1781814500576,-7066,-15961,6584,-177,109,126,walking,0.00,0,4037,81,93,90
1781814500614,-6962,-16572,7283,-33,94,143,walking,0.00,0,4037,81,93,90
1781814500639,-7373,-16341,7536,21,131,194,walking,0.00,0,4037,81,93,90
1781814500639,-8464,-16899,7846,17,199,163,walking,0.00,0,4037,81,93,90
1781814500665,-9204,-17135,8616,-79,208,118,walking,0.00,0,4037,81,93,90
1781814500693,-10374,-16700,9620,-45,185,60,walking,0.00,0,4037,81,93,90
1781814500694,-8984,-16637,10695,113,182,-19,walking,0.00,0,4037,81,93,90
1781814500724,-6850,-14819,9936,273,323,98,walking,0.00,0,4037,81,93,90
1781814500754,-7409,-12445,8714,235,430,118,walking,0.00,0,4037,81,93,90
1781814500754,-7839,-12271,8998,-37,399,-41,walking,0.00,0,4037,81,93,90
1781814500785,-7498,-12683,9604,-277,334,-225,walking,0.00,0,4037,81,93,90
1781814500814,-7514,-12567,9877,-302,305,-285,walking,0.00,0,4037,81,93,90
1781814500814,-7453,-12639,9885,-154,211,-366,walking,0.00,0,4037,81,93,90
1781814500846,-6915,-13400,10496,134,101,-405,walking,0.00,0,4037,81,93,90
1781814500846,-5955,-13363,10056,446,74,-345,walking,0.00,0,4037,81,93,90
1781814500874,-4996,-12402,7956,702,74,-244,walking,0.00,0,4037,81,93,90
1781814500905,-4951,-12380,7198,742,58,-182,walking,0.00,0,4037,81,93,90
1781814500905,-5555,-10115,6748,537,-2,-237,walking,0.00,0,4037,81,93,90
1781814500938,-5840,-10038,6168,342,84,-294,walking,0.00,0,4037,81,93,90
1781814500963,-5815,-9872,5057,213,180,-387,walking,0.00,0,4037,81,93,90
1781814500964,-5903,-9710,4284,119,217,-422,walking,0.00,0,4037,81,93,90
1781814500998,-6304,-9940,4441,8,220,-403,walking,0.00,0,4037,81,93,90
1781814501025,-6526,-10124,4611,-109,228,-341,walking,0.00,0,4037,81,93,90
1781814501026,-6652,-9982,4736,-128,234,-261,walking,0.00,0,4037,81,93,90
1781814501055,-6912,-10630,5275,-128,221,-243,walking,0.00,0,4037,81,93,90
1781814501055,-7028,-11239,5614,-141,218,-237,walking,0.00,0,4037,81,93,90
1781814501085,-7191,-12594,6157,-165,219,-214,walking,0.00,0,4037,81,93,90
1781814501114,-7506,-14086,6688,-218,214,-198,walking,0.00,0,4037,81,93,90
1781814501114,-7606,-15184,7737,-288,172,-202,walking,0.00,0,4037,81,93,90
1781814501143,-7350,-16467,8876,-310,123,-207,walking,0.00,0,4037,81,93,90
1781814501174,-7279,-16771,9343,-271,88,-165,walking,0.00,0,4037,81,93,90
1781814501174,-7060,-16316,8653,-170,62,-99,walking,0.00,0,4037,81,93,90
1781814501206,-6865,-16942,8425,-22,25,-14,walking,0.00,0,4037,81,93,90
1781814501236,-7417,-17933,9765,-57,-78,25,walking,0.00,0,4037,81,93,90
1781814501237,-6514,-18567,10982,-120,-199,-20,walking,0.00,0,4037,81,93,90
1781814501264,-4869,-17518,10759,-2,-254,-22,walking,0.00,0,4037,81,93,90
1781814501265,-4023,-16529,9716,134,-225,9,walking,0.00,0,4037,81,93,90
1781814501294,-3375,-14363,7861,389,-44,171,walking,0.00,0,4037,81,93,90
1781814501330,-4112,-15253,8273,233,41,140,walking,0.00,0,4037,81,93,90
1781814501330,-3715,-16122,9455,-245,-18,-1,walking,0.00,0,4037,81,93,90
1781814501355,-3607,-14821,9477,-537,-77,-81,walking,0.00,0,4037,81,93,90
1781814501385,-3188,-14356,9157,-401,-128,-76,walking,0.00,0,4037,81,93,90
1781814501386,-3102,-13280,8052,-45,-144,54,walking,0.00,0,4037,81,93,90
1781814501414,-2848,-11820,6086,257,-218,181,walking,0.00,0,4037,81,93,90
1781814501414,-3244,-11688,5869,412,-372,267,walking,0.00,0,4037,81,93,90
1781814501445,-3860,-10980,5671,391,-424,354,walking,0.00,0,4037,81,93,90
1781814501477,-4258,-10353,5680,320,-389,402,walking,0.00,0,4037,81,93,90
1781814501478,-4621,-9884,5307,199,-317,381,walking,0.00,0,4037,81,93,90
1781814501504,-4735,-9726,4872,102,-255,306,walking,0.00,0,4037,81,93,90
1781814501536,-4801,-10279,5003,77,-207,245,walking,0.00,0,4037,81,93,90
1781814501537,-4897,-10657,4979,83,-183,229,walking,0.00,0,4037,81,93,90
1781814501564,-5106,-11195,5256,127,-146,234,walking,0.00,0,4037,81,93,90
1781814501597,-5380,-11808,5454,112,-85,254,walking,0.00,0,4037,81,93,90
1781814501597,-5562,-12601,5165,136,-27,247,walking,0.00,0,4037,81,93,90
1781814501626,-5615,-13604,5072,121,-5,230,walking,0.00,0,4037,81,93,90
1781814501626,-5834,-14469,5278,27,28,202,walking,0.00,0,4037,81,93,90
1781814501655,-6565,-15173,5678,-79,72,181,walking,0.00,0,4037,81,93,90
1781814501685,-7110,-16030,6270,-186,112,149,walking,0.00,0,4037,81,93,90
1781814501685,-7184,-16388,6405,-274,115,147,walking,0.00,0,4037,81,93,90
1781814501719,-7044,-16542,7621,-258,60,172,walking,0.00,0,4037,81,93,90
1781814501744,-7207,-16989,8419,-188,52,205,walking,0.00,0,4037,81,93,90
1781814501746,-7409,-16879,8724,-48,111,283,walking,0.00,0,4037,81,93,90
1781814501774,-7615,-16628,8436,-16,132,282,walking,0.00,0,4037,81,93,90
1781814501809,-8365,-16656,8290,11,149,238,walking,0.00,0,4037,81,93,90
1781814501809,-9031,-16976,8924,47,84,171,walking,0.00,0,4037,81,93,90
1781814501838,-9716,-16429,10256,120,72,104,walking,0.00,0,4037,81,93,90
1781814501838,-8199,-15826,10305,151,153,35,walking,0.00,0,4037,81,93,90
1781814501869,-6881,-13778,9769,104,294,51,walking,0.00,0,4037,81,93,90
1781814501897,-7614,-12588,9013,-40,356,-8,walking,0.00,0,4037,81,93,90
1781814501897,-7048,-13173,8970,-244,296,-118,walking,0.00,0,4037,81,93,90
1781814501930,-7394,-12639,9757,-359,178,-205,walking,0.00,0,4037,81,93,90
1781814501955,-7921,-11721,10325,-340,125,-231,walking,0.00,0,4037,81,93,90
1781814501956,-7560,-10923,10561,-183,99,-300,walking,0.00,0,4037,81,93,90
1781814501985,-6468,-11941,10338,130,125,-353,walking,0.00,0,4037,81,93,90
1781814502014,-5905,-12960,9686,423,135,-285,walking,0.00,0,4037,81,93,90
1781814502015,-5598,-12720,8986,446,139,-236,walking,0.00,0,4037,81,93,90
1781814502048,-5201,-11133,7223,399,144,-196,walking,0.00,0,4037,81,93,90
1781814502048,-5371,-9978,5990,384,152,-234,walking,0.00,0,4037,81,93,90
1781814502077,-5406,-10369,5289,304,240,-379,walking,0.00,0,4037,81,93,90
1781814502104,-5306,-10437,4945,252,261,-408,walking,0.00,0,4037,81,93,90
1781814502105,-5162,-10330,4414,142,260,-438,walking,0.00,0,4037,81,93,90
1781814502140,-5218,-10335,4194,50,230,-433,walking,0.00,0,4037,81,93,90
1781814502169,-5791,-10146,4293,-14,182,-348,walking,0.00,0,4037,81,93,90
1781814502170,-6589,-9599,4637,-56,158,-295,walking,0.00,0,4037,81,93,90
1781814502196,-7020,-9979,4854,5,160,-282,walking,0.00,0,4037,81,93,90
1781814502225,-7305,-11438,5327,49,169,-287,walking,0.00,0,4037,81,93,90
1781814502226,-7749,-12778,5943,17,187,-272,walking,0.00,0,4037,81,93,90
1781814502255,-7995,-13607,6509,-67,215,-285,walking,0.00,0,4037,81,93,90
1781814502255,-8067,-14589,6774,-97,213,-321,walking,0.00,0,4037,81,93,90
1781814502287,-7785,-15966,7767,-85,131,-308,walking,0.00,0,4037,81,93,90
1781814502314,-7558,-16589,8685,-76,102,-287,walking,0.00,0,4037,81,93,90
1781814502315,-7005,-17055,8563,-10,26,-231,walking,0.00,0,4037,81,93,90
1781814502346,-7592,-16570,9126,24,-55,-175,walking,0.00,0,4037,81,93,90
1781814502376,-7806,-16102,9480,47,-85,-134,walking,0.00,0,4037,81,93,90
1781814502376,-7390,-17919,10975,110,-108,-139,walking,0.00,0,4037,81,93,90
1781814502404,-6409,-19538,11445,193,-209,-116,walking,0.00,0,4037,81,93,90
1781814502437,-5189,-18378,11523,245,-306,-63,walking,0.00,0,4037,81,93,90
1781814502437,-3387,-16212,9670,403,-213,30,walking,0.00,0,4037,81,93,90
1781814502465,-2179,-14282,7957,380,-49,107,walking,0.00,0,4037,81,93,90
1781814502465,-2120,-14629,8818,-48,-25,71,walking,0.00,0,4037,81,93,90
1781814502496,-2421,-14874,10233,-599,-70,12,walking,0.00,0,4037,81,93,90
1781814502525,-2594,-13258,9901,-829,-136,18,walking,0.00,0,4037,81,93,90
1781814502525,-2749,-12168,9004,-637,-232,81,walking,0.00,0,4037,81,93,90
1781814502556,-2602,-12032,8316,-231,-332,239,walking,0.00,0,4037,81,93,90
1781814502587,-3311,-11899,7985,68,-426,397,walking,0.00,0,4037,81,93,90
1781814502587,-3648,-11847,7750,155,-462,457,walking,0.00,0,4037,81,93,90
1781814502615,-4226,-11567,7274,213,-487,540,walking,0.00,0,4037,81,93,90
1781814502651,-4686,-11027,6623,165,-448,557,walking,0.00,0,4037,81,93,90
1781814502652,-4919,-10835,5786,109,-371,517,walking,0.00,0,4037,81,93,90
1781814502676,-4629,-11042,5213,63,-283,461,walking,0.00,0,4037,81,93,90
1781814502677,-4300,-11478,4971,10,-217,411,walking,0.00,0,4037,81,93,90
1781814502704,-4529,-11521,4920,-44,-181,372,walking,0.00,0,4037,81,93,90
1781814502736,-4673,-11517,4589,-58,-139,351,walking,0.00,0,4037,81,93,90
1781814502738,-4774,-11936,4248,-19,-147,338,walking,0.00,0,4037,81,93,90
1781814502767,-5258,-12330,4842,-13,-202,324,walking,0.00,0,4037,81,93,90
1781814502794,-4939,-13494,4326,-35,-180,314,walking,0.00,0,4037,81,93,90
1781814502795,-5199,-13817,4673,-70,-182,310,walking,0.00,0,4037,81,93,90
1781814502828,-6298,-14867,4867,-155,-120,282,walking,0.00,0,4037,81,93,90
1781814502860,-6625,-15255,4896,-191,-102,270,walking,0.00,0,4037,81,93,90
1781814502861,-7286,-15805,5381,-315,-76,251,walking,0.00,0,4037,81,93,90
1781814502888,-8031,-16027,6082,-385,-58,230,walking,0.00,0,4037,81,93,90
1781814502888,-8014,-16477,7375,-337,-46,232,walking,0.00,0,4037,81,93,90
1781814502918,-7716,-16413,8204,-234,-14,280,walking,0.00,0,4037,81,93,90
1781814502945,-7675,-15926,8566,-143,38,287,walking,0.00,0,4037,81,93,90
1781814502945,-8038,-16484,8801,-20,41,238,walking,0.00,0,4037,81,93,90
1781814502975,-8279,-17433,9818,46,-57,199,walking,0.00,0,4037,81,93,90
1781814503011,-8808,-16912,10534,92,-148,180,walking,0.00,0,4037,81,93,90
1781814503012,-7910,-15885,10457,208,-110,143,walking,0.00,0,4037,81,93,90
1781814503034,-6678,-14002,8894,301,18,154,walking,0.00,0,4037,81,93,90
1781814503071,-6997,-13075,8326,193,84,93,walking,0.00,0,4037,81,93,90
1781814503071,-7183,-13164,8303,47,81,35,walking,0.00,0,4037,81,93,90
1781814503099,-7907,-12793,9295,-288,20,-95,walking,0.00,0,4037,81,93,90
1781814503100,-7774,-12171,10026,-397,15,-210,walking,0.00,0,4037,81,93,90
1781814503124,-7235,-12334,10318,-283,30,-249,walking,0.00,0,4037,81,93,90
1781814503158,-6557,-12411,10325,-112,11,-254,walking,0.00,0,4037,81,93,90
1781814503158,-5874,-11748,9932,76,-20,-244,walking,0.00,0,4037,81,93,90
1781814503184,-5476,-10895,8979,269,-28,-235,walking,0.00,0,4037,81,93,90
1781814503216,-4941,-9986,7391,405,-18,-258,walking,0.00,0,4037,81,93,90
1781814503216,-4526,-10246,6219,435,-52,-293,walking,0.00,0,4037,81,93,90
1781814503246,-4920,-10593,5858,387,-92,-311,walking,0.00,0,4037,81,93,90
1781814503278,-5377,-10479,5585,311,-102,-313,walking,0.00,0,4037,81,93,90
1781814503279,-5534,-10208,5387,265,-102,-314,walking,0.00,0,4037,81,93,90
1781814503308,-5878,-9950,5194,179,-99,-334,walking,0.00,0,4037,81,93,90
1781814503308,-5991,-9761,5275,115,-94,-346,walking,0.00,0,4037,81,93,90
1781814503336,-6162,-9967,5558,106,-81,-355,walking,0.00,0,4037,81,93,90
1781814503366,-6180,-10649,5827,112,-79,-341,walking,0.00,0,4037,81,93,90
1781814503367,-6462,-11373,6301,98,-89,-312,walking,0.00,0,4037,81,93,90
1781814503396,-6599,-11901,6651,80,-77,-294,walking,0.00,0,4037,81,93,90
1781814503425,-6533,-12880,6750,61,-43,-277,walking,0.00,0,4037,81,93,90
1781814503426,-6968,-14023,7533,-22,-46,-263,walking,0.00,0,4037,81,93,90
1781814503457,-7205,-15429,8713,-143,-70,-271,walking,0.00,0,4037,81,93,90
1781814503486,-6938,-16649,9979,-238,-92,-253,walking,0.00,0,4037,81,93,90
1781814503487,-6602,-16627,10644,-248,-107,-185,walking,0.00,0,4037,81,93,90
1781814503515,-6339,-16151,9927,-162,-116,-89,walking,0.00,0,4037,81,93,90
1781814503516,-6227,-16158,9555,-53,-156,1,walking,0.00,0,4037,81,93,90
1781814503552,-6039,-17210,10170,-62,-244,33,walking,0.00,0,4037,81,93,90
1781814503579,-5681,-18083,11611,-116,-390,35,walking,0.00,0,4037,81,93,90
1781814503579,-4712,-17923,12206,-67,-498,-9,walking,0.00,0,4037,81,93,90
1781814503604,-3464,-16763,11274,135,-479,-2,walking,0.00,0,4037,81,93,90
1781814503637,-2779,-15783,10095,254,-391,47,walking,0.00,0,4037,81,93,90
1781814503643,-1900,-14193,7809,283,-181,147,walking,0.00,0,4037,81,93,90
1781814503668,-2548,-14312,8870,-365,-152,94,walking,0.00,0,4037,81,93,90
1781814503705,-2739,-14260,9375,-601,-169,73,walking,0.00,0,4037,81,93,90
1781814503706,-3067,-13404,9663,-840,-192,87,walking,0.00,0,4037,81,93,90
1781814503728,-3057,-13064,9659,-769,-243,174,walking,0.00,0,4037,81,93,90
1781814503762,-2452,-13031,9451,-514,-277,344,walking,0.00,0,4037,81,93,90
1781814503763,-2342,-12668,8571,-180,-334,524,walking,0.00,0,4037,81,93,90
1781814503788,-3278,-11645,7982,15,-370,599,walking,0.00,0,4037,81,93,90
1781814503794,-3532,-10762,6467,130,-358,571,walking,0.00,0,4037,81,93,90
1781814503821,-3812,-10461,5393,169,-324,512,walking,0.00,0,4037,81,93,90
1781814503848,-3681,-11102,4589,141,-314,431,walking,0.00,0,4037,81,93,90
1781814503848,-4130,-11523,4965,-1,-300,358,walking,0.00,0,4037,81,93,90
1781814503878,-4385,-11469,5065,-78,-262,284,walking,0.00,0,4037,81,93,90
1781814503910,-4530,-11296,4823,-87,-208,262,walking,0.00,0,4037,81,93,90
1781814503911,-4256,-11144,4398,-84,-196,245,walking,0.00,0,4037,81,93,90
1781814503946,-3946,-11766,4094,-71,-202,214,walking,0.00,0,4037,81,93,90
1781814503969,-3874,-12691,4111,-85,-252,214,walking,0.00,0,4037,81,93,90
1781814503970,-4763,-12358,4863,-164,-284,186,walking,0.00,0,4037,81,93,90
1781814503995,-5586,-12808,5500,-126,-232,110,walking,0.00,0,4037,81,93,90
1781814503995,-5999,-14124,5806,-73,-137,83,walking,0.00,0,4037,81,93,90
1781814504026,-6034,-15335,5906,-42,-66,101,walking,0.00,0,4037,81,93,90
1781814504055,-6154,-15828,6386,-40,-49,134,walking,0.00,0,4037,81,93,90
1781814504060,-6352,-16462,7894,-53,-70,148,walking,0.00,0,4037,81,93,90
1781814504088,-6033,-16791,9002,58,-69,193,walking,0.00,0,4037,81,93,90
1781814504120,-5573,-17371,9969,206,-72,231,walking,0.00,0,4037,81,93,90
1781814504126,-5808,-18289,10399,261,-127,226,walking,0.00,0,4037,81,93,90
1781814504144,-6617,-18360,11702,325,-259,252,walking,0.00,0,4037,81,93,90
1781814504184,-7082,-18300,12288,349,-303,240,walking,0.00,0,4037,81,93,90
1781814504185,-6843,-17868,12724,382,-271,181,walking,0.00,0,4037,81,93,90
1781814504205,-5184,-16235,11132,385,-72,213,walking,0.00,0,4037,81,93,90
1781814504210,-4918,-14056,9419,175,48,205,walking,0.00,0,4037,81,93,90
1781814504243,-5391,-12586,9644,-276,33,57,walking,0.00,0,4037,81,93,90
1781814504268,-5711,-12293,10221,-543,4,-95,walking,0.00,0,4037,81,93,90
1781814504270,-5651,-11802,11042,-496,-16,-159,walking,0.00,0,4037,81,93,90
1781814504300,-5160,-11658,11158,-252,-2,-175,walking,0.00,0,4037,81,93,90
1781814504325,-4396,-12544,11063,11,-2,-129,walking,0.00,0,4037,81,93,90
1781814504326,-4221,-12314,11218,168,-129,-62,walking,0.00,0,4037,81,93,90
1781814504358,-4257,-12073,10732,209,-121,-21,walking,0.00,0,4037,81,93,90
1781814504358,-4267,-10541,9688,238,-78,17,walking,0.00,0,4037,81,93,90
1781814504388,-4084,-10413,8408,191,-60,-38,walking,0.00,0,4037,81,93,90
1781814504417,-3717,-10632,6662,146,-47,-83,walking,0.00,0,4037,81,93,90
1781814504418,-3167,-10835,5463,174,-98,-85,walking,0.00,0,4037,81,93,90
1781814504445,-3765,-11197,5872,134,-190,-38,walking,0.00,0,4037,81,93,90
1781814504480,-4456,-11078,5824,14,-215,11,walking,0.00,0,4037,81,93,90
1781814504481,-4754,-10654,5648,-54,-240,48,walking,0.00,0,4037,81,93,90
1781814504509,-4691,-10816,5365,-74,-262,72,walking,0.00,0,4037,81,93,90
1781814504536,-5203,-11499,5865,-94,-302,128,walking,0.00,0,4037,81,93,90
1781814504537,-6332,-11721,6450,-172,-309,148,walking,0.00,0,4037,81,93,90
1781814504568,-6609,-11819,6540,-215,-290,123,walking,0.00,0,4037,81,93,90
1781814504569,-6554,-12932,7248,-185,-257,111,walking,0.00,0,4037,81,93,90
1781814504596,-6576,-14128,7644,-193,-212,148,walking,0.00,0,4037,81,93,90
1781814504626,-6956,-14266,8354,-273,-189,154,walking,0.00,0,4037,81,93,90
1781814504628,-7387,-14385,8986,-311,-138,101,walking,0.00,0,4037,81,93,90
1781814504658,-7274,-15780,9652,-273,-95,46,walking,0.00,0,4037,81,93,90
1781814504687,-6981,-16469,9733,-253,-77,61,walking,0.00,0,4037,81,93,90
1781814504687,-6573,-16573,9516,-280,-93,121,walking,0.00,0,4037,81,93,90
1781814504714,-6709,-15502,8921,-282,-130,176,walking,0.00,0,4037,81,93,90
1781814504748,-7201,-15504,9088,-228,-173,185,walking,0.00,0,4037,81,93,90
1781814504749,-7430,-15954,9497,-247,-228,193,walking,0.00,0,4037,81,93,90
1781814504775,-7119,-15788,9974,-279,-295,170,walking,0.00,0,4037,81,93,90
1781814504776,-5976,-15909,10187,-136,-385,125,walking,0.00,0,4037,81,93,90
1781814504811,-4978,-15895,11073,100,-297,151,walking,0.00,0,4037,81,93,90
1781814504835,-2576,-14570,9032,251,3,249,walking,0.00,0,4037,81,93,90
1781814504836,-1727,-13682,7891,4,125,198,walking,0.00,0,4037,81,93,90
1781814504866,-1870,-13819,9050,-422,45,31,walking,0.00,0,4037,81,93,90
1781814504899,-1817,-13869,9732,-684,-68,-99,walking,0.00,0,4037,81,93,90
1781814504900,-2146,-13139,10018,-633,-147,-58,walking,0.00,0,4037,81,93,90
1781814504927,-2075,-12508,8923,-281,-204,55,walking,0.00,0,4037,81,93,90
1781814504957,-2298,-11457,7849,86,-334,172,walking,0.00,0,4037,81,93,90
1781814504957,-2942,-11137,7919,198,-396,201,walking,0.00,0,4037,81,93,90
1781814504985,-4010,-10774,7435,312,-473,226,walking,0.00,0,4037,81,93,90
1781814505019,-4650,-10610,6827,391,-464,239,walking,0.00,0,4037,81,93,90
1781814505019,-5195,-10663,6141,410,-389,242,walking,0.00,0,4037,81,93,90
1781814505049,-5205,-10629,5326,355,-294,216,walking,0.00,0,4037,81,93,90
1781814505049,-5305,-10443,5004,310,-236,168,walking,0.00,0,4037,81,93,90
1781814505075,-4984,-11520,4594,305,-183,109,walking,0.00,0,4037,81,93,90
1781814505107,-4352,-12451,4635,271,-195,116,walking,0.00,0,4037,81,93,90
1781814505107,-4783,-13024,5718,203,-203,101,walking,0.00,0,4037,81,93,90
1781814505133,-5543,-13576,6783,97,-158,44,walking,0.00,0,4037,81,93,90
1781814505164,-5580,-14047,6161,-5,-126,-48,walking,0.00,0,4037,81,93,90
1781814505165,-5776,-16571,7548,-72,-43,-37,walking,0.00,0,4037,81,93,90
1781814505194,-4766,-15785,5942,-176,31,-6,walking,0.00,0,4037,81,93,90
1781814505225,-5897,-15217,7078,-273,31,96,walking,0.00,0,4037,81,93,90
1781814505226,-6968,-14793,8123,-292,106,118,walking,0.00,0,4037,81,93,90
1781814505255,-7158,-14922,9275,-204,196,126,walking,0.00,0,4037,81,93,90
1781814505284,-6618,-15403,9746,-96,233,128,walking,0.00,0,4037,81,93,90
1781814505284,-6007,-15651,9672,-28,230,134,walking,0.00,0,4037,81,93,90
1781814505317,-5359,-15679,9598,133,217,159,walking,0.00,0,4037,81,93,90
1781814505317,-6053,-16020,10119,280,170,122,walking,0.00,0,4037,81,93,90
1781814505343,-6932,-16020,11391,355,112,74,walking,0.00,0,4037,81,93,90
1781814505375,-7753,-16381,12150,390,124,0,walking,0.00,0,4037,81,93,90
1781814505376,-6742,-15302,11600,368,256,-25,walking,0.00,0,4037,81,93,90
1781814505405,-5406,-13553,9899,371,416,0,walking,0.00,0,4037,81,93,90
1781814505438,-5903,-11622,9358,157,501,-53,walking,0.00,0,4037,81,93,90
1781814505438,-6519,-11204,9980,-92,493,-269,walking,0.00,0,4037,81,93,90
1781814505464,-6944,-11885,11284,-233,489,-430,walking,0.00,0,4037,81,93,90
1781814505466,-6767,-11940,11183,-228,486,-472,walking,0.00,0,4037,81,93,90
1781814505494,-6152,-11855,11186,-111,478,-500,walking,0.00,0,4037,81,93,90
1781814505527,-5926,-12409,11162,128,441,-454,walking,0.00,0,4037,81,93,90
1781814505530,-5586,-12693,11205,316,394,-376,walking,0.00,0,4037,81,93,90
1781814505556,-5025,-12234,10731,375,390,-312,walking,0.00,0,4037,81,93,90
1781814505586,-4650,-11388,9393,365,424,-293,walking,0.00,0,4037,81,93,90
1781814505586,-4733,-10536,7975,312,466,-325,walking,0.00,0,4037,81,93,90
1781814505613,-4824,-10209,6692,248,493,-378,walking,0.00,0,4037,81,93,90
1781814505644,-4709,-10558,5735,156,480,-413,walking,0.00,0,4037,81,93,90
1781814505646,-4839,-10560,5468,34,427,-392,walking,0.00,0,4037,81,93,90
1781814505676,-5477,-10163,5608,-48,394,-355,walking,0.00,0,4037,81,93,90
1781814505706,-6038,-9646,5917,-84,384,-316,walking,0.00,0,4037,81,93,90
1781814505708,-6085,-9784,5750,-68,387,-284,walking,0.00,0,4037,81,93,90
1781814505737,-6058,-10196,5891,-45,364,-251,walking,0.00,0,4037,81,93,90
1781814505738,-6227,-10900,6211,-44,336,-233,walking,0.00,0,4037,81,93,90
1781814505764,-6372,-11913,6845,-61,300,-228,walking,0.00,0,4037,81,93,90
1781814505797,-6751,-13027,7607,-81,272,-221,walking,0.00,0,4037,81,93,90
1781814505798,-6960,-13547,7955,-98,247,-222,walking,0.00,0,4037,81,93,90
1781814505826,-7271,-14613,9330,-137,205,-251,walking,0.00,0,4037,81,93,90
1781814505856,-6649,-16046,10232,-140,194,-249,walking,0.00,0,4037,81,93,90
1781814505857,-6246,-16206,10125,-115,152,-178,walking,0.00,0,4037,81,93,90
1781814505887,-6281,-15714,9550,-70,81,-143,walking,0.00,0,4037,81,93,90
1781814505887,-6490,-15938,9447,-31,-3,-129,walking,0.00,0,4037,81,93,90
1781814505917,-6580,-16614,10210,-60,-73,-111,walking,0.00,0,4037,81,93,90
1781814505945,-6322,-16968,11327,-107,-167,-97,walking,0.00,0,4037,81,93,90
1781814505946,-5178,-16627,11882,-54,-236,-97,walking,0.00,0,4037,81,93,90
1781814505975,-3582,-16189,11056,132,-251,-89,walking,0.00,0,4037,81,93,90
1781814506004,-1648,-14682,8472,295,-198,20,walking,0.00,0,4037,81,93,90
1781814506004,-892,-13374,7214,184,-184,120,walking,0.00,0,4037,81,93,90
1781814506039,-1477,-12823,8628,-157,-258,51,walking,0.00,0,4037,81,93,90
1781814506066,-1376,-13388,10001,-455,-317,-75,walking,0.00,0,4037,81,93,90
1781814506066,-845,-13359,9784,-485,-386,-70,walking,0.00,0,4037,81,93,90
1781814506107,-1064,-12983,9752,-315,-510,25,walking,0.00,0,4037,81,93,90
1781814506126,-1192,-12932,9714,-191,-566,83,walking,0.00,0,4037,81,93,90
1781814506130,-1743,-12835,9527,47,-676,217,walking,0.00,0,4037,81,93,90
1781814506154,-2815,-11900,9056,209,-752,337,walking,0.00,0,4037,81,93,90
1781814506187,-3442,-11326,8407,295,-768,396,walking,0.00,0,4037,81,93,90
1781814506187,-3459,-11425,7548,308,-734,444,walking,0.00,0,4037,81,93,90
1781814506216,-3532,-11286,6535,216,-725,460,walking,0.00,0,4037,81,93,90
1781814506217,-3476,-11380,6100,113,-727,465,walking,0.00,0,4037,81,93,90
1781814506249,-3783,-11249,6117,54,-699,483,walking,0.00,0,4037,81,93,90
1781814506275,-3736,-11609,6190,18,-669,487,walking,0.00,0,4037,81,93,90
1781814506275,-3641,-11917,5798,-2,-656,508,walking,0.00,0,4037,81,93,90
1781814506307,-3908,-12345,5883,10,-667,545,walking,0.00,0,4037,81,93,90
1781814506338,-4170,-12485,6180,7,-664,559,walking,0.00,0,4037,81,93,90
1781814506340,-4495,-13008,6318,-25,-656,528,walking,0.00,0,4037,81,93,90
1781814506367,-4579,-13460,6041,-95,-653,470,walking,0.00,0,4037,81,93,90
1781814506395,-4727,-13761,6097,-121,-660,439,walking,0.00,0,4037,81,93,90
1781814506395,-5306,-14217,6731,-169,-693,371,walking,0.00,0,4037,81,93,90
1781814506429,-5765,-14601,7481,-210,-665,326,walking,0.00,0,4037,81,93,90
1781814506429,-5814,-14593,8289,-181,-635,288,walking,0.00,0,4037,81,93,90
1781814506456,-5970,-15105,9669,-80,-600,241,walking,0.00,0,4037,81,93,90
1781814506487,-6187,-15754,11155,13,-531,199,walking,0.00,0,4037,81,93,90
1781814506488,-5618,-15998,11116,71,-410,198,walking,0.00,0,4037,81,93,90
1781814506516,-5498,-15889,10671,131,-330,240,walking,0.00,0,4037,81,93,90
1781814506551,-6079,-16230,11465,218,-307,231,walking,0.00,0,4037,81,93,90
1781814506553,-6103,-16716,12509,244,-269,207,walking,0.00,0,4037,81,93,90
1781814506579,-5738,-16917,13000,241,-247,175,walking,0.00,0,4037,81,93,90
1781814506579,-4713,-16845,12819,217,-167,176,walking,0.00,0,4037,81,93,90
1781814506604,-3511,-14706,10656,121,-35,214,walking,0.00,0,4037,81,93,90
1781814506638,-3871,-13351,9538,-184,29,185,walking,0.00,0,4037,81,93,90
1781814506639,-4070,-13636,10155,-332,7,134,walking,0.00,0,4037,81,93,90
1781814506668,-3740,-14113,11281,-566,-17,65,walking,0.00,0,4037,81,93,90
1781814506695,-3229,-13406,11571,-628,-28,72,walking,0.00,0,4037,81,93,90
1781814506695,-3047,-12613,12028,-513,-68,70,walking,0.00,0,4037,81,93,90
1781814506726,-2735,-12750,12096,-325,-108,82,walking,0.00,0,4037,81,93,90
1781814506758,-2425,-12369,10975,-167,-146,116,walking,0.00,0,4037,81,93,90
1781814506758,-2507,-11252,8921,-39,-195,121,walking,0.00,0,4037,81,93,90
1781814506789,-2648,-10801,7362,45,-219,69,walking,0.00,0,4037,81,93,90
1781814506789,-2906,-10964,6776,32,-258,29,walking,0.00,0,4037,81,93,90
1781814506816,-3262,-10064,5342,-52,-283,14,walking,0.00,0,4037,81,93,90
1781814506849,-3886,-9876,6019,-71,-367,-7,walking,0.00,0,4037,81,93,90
1781814506850,-4567,-10100,6105,-82,-353,-18,walking,0.00,0,4037,81,93,90
1781814506876,-4812,-10107,6423,-109,-314,28,walking,0.00,0,4037,81,93,90
1781814506905,-4851,-10258,6674,-156,-262,91,walking,0.00,0,4037,81,93,90
1781814506906,-4795,-10447,6643,-188,-244,136,walking,0.00,0,4037,81,93,90
1781814506941,-4961,-10990,7369,-183,-256,141,walking,0.00,0,4037,81,93,90
1781814506942,-4944,-12114,8248,-178,-247,104,walking,0.00,0,4037,81,93,90
1781814506967,-4558,-13350,9080,-204,-236,85,walking,0.00,0,4037,81,93,90
1781814506996,-4361,-14177,9820,-282,-229,80,walking,0.00,0,4037,81,93,90
1781814506997,-4107,-14740,10339,-339,-225,76,walking,0.00,0,4037,81,93,90
1781814507025,-3379,-15162,10671,-343,-271,56,walking,0.00,0,4037,81,93,90
1781814507059,-3222,-15189,10928,-340,-306,46,walking,0.00,0,4037,81,93,90
1781814507062,-3183,-15207,10743,-288,-374,-5,walking,0.00,0,4037,81,93,90
1781814507086,-3020,-15569,10433,-199,-444,-42,walking,0.00,0,4037,81,93,90
1781814507114,-2772,-15979,10270,-167,-532,-81,walking,0.00,0,4037,81,93,90
1781814507115,-2575,-16557,10402,-205,-669,-115,walking,0.00,0,4037,81,93,90
1781814507146,-2263,-17031,11746,-227,-903,-151,walking,0.00,0,4037,81,93,90
1781814507178,-2217,-17028,12201,-188,-951,-149,walking,0.00,0,4037,81,93,90
1781814507179,-1736,-16507,12331,-70,-931,-86,walking,0.00,0,4037,81,93,90
1781814507205,-227,-14480,9645,53,-699,71,walking,0.00,0,4037,81,93,90
1781814507205,303,-13416,7548,64,-553,217,walking,0.00,0,4037,81,93,90
1781814507236,320,-14577,8254,-212,-594,214,walking,0.00,0,4037,81,93,90
1781814507267,630,-14277,9005,-444,-626,255,walking,0.00,0,4037,81,93,90
1781814507267,421,-13312,9246,-428,-666,364,walking,0.00,0,4037,81,93,90
1781814507300,-330,-12911,9712,-259,-711,490,walking,0.00,0,4037,81,93,90
1781814507325,-1263,-12505,9746,-96,-737,605,walking,0.00,0,4037,81,93,90
1781814507326,-2073,-12351,8983,37,-732,715,walking,0.00,0,4037,81,93,90
1781814507357,-2302,-11421,7296,154,-725,802,walking,0.00,0,4037,81,93,90
1781814507385,-2202,-10612,5709,246,-731,834,walking,0.00,0,4037,81,93,90
1781814507386,-2489,-10333,5415,277,-734,843,walking,0.00,0,4037,81,93,90
1781814507416,-2533,-10829,5897,235,-668,823,walking,0.00,0,4037,81,93,90
1781814507448,-2621,-11654,5913,127,-616,814,walking,0.00,0,4037,81,93,90
1781814507448,-2753,-11693,5685,72,-591,832,walking,0.00,0,4037,81,93,90
1781814507477,-3514,-11413,5302,-22,-564,870,walking,0.00,0,4037,81,93,90
1781814507506,-4270,-10898,5339,-72,-549,852,walking,0.00,0,4037,81,93,90
1781814507506,-4717,-11451,5722,-49,-494,785,walking,0.00,0,4037,81,93,90
1781814507536,-4811,-12656,6078,-4,-425,734,walking,0.00,0,4037,81,93,90
1781814507536,-5208,-13493,6110,8,-342,701,walking,0.00,0,4037,81,93,90
1781814507565,-5396,-14220,6170,1,-278,635,walking,0.00,0,4037,81,93,90
1781814507594,-5588,-15140,6812,-17,-242,535,walking,0.00,0,4037,81,93,90
1781814507596,-5524,-15908,7942,-14,-209,416,walking,0.00,0,4037,81,93,90
1781814507629,-5188,-16527,9289,95,-178,315,walking,0.00,0,4037,81,93,90
1781814507657,-4857,-17259,10703,129,-206,214,walking,0.00,0,4037,81,93,90
1781814507658,-4672,-17723,11609,125,-237,135,walking,0.00,0,4037,81,93,90
1781814507685,-5000,-18096,12280,73,-317,79,walking,0.00,0,4037,81,93,90
1781814507714,-5171,-17134,12745,87,-339,76,walking,0.00,0,4037,81,93,90
1781814507714,-5357,-16180,12600,160,-313,50,walking,0.00,0,4037,81,93,90
1781814507744,-5463,-16202,12761,338,-164,-52,walking,0.00,0,4037,81,93,90
1781814507744,-4326,-15817,11326,339,80,-95,walking,0.00,0,4037,81,93,90
1781814507781,-3364,-14613,9073,88,238,-87,walking,0.00,0,4037,81,93,90
1781814507804,-3934,-13262,8369,-206,222,-121,walking,0.00,0,4037,81,93,90
1781814507805,-4758,-13085,10156,-354,160,-211,walking,0.00,0,4037,81,93,90
1781814507835,-4985,-13234,11290,-318,188,-263,walking,0.00,0,4037,81,93,90
1781814507870,-4708,-13056,11673,-190,237,-276,walking,0.00,0,4037,81,93,90
1781814507870,-4971,-13033,12192,-41,283,-294,walking,0.00,0,4037,81,93,90
1781814507896,-4914,-13189,12164,33,308,-325,walking,0.00,0,4037,81,93,90
1781814507896,-4581,-12800,11397,51,334,-336,walking,0.00,0,4037,81,93,90
1781814507927,-3986,-11943,10243,86,398,-339,walking,0.00,0,4037,81,93,90
1781814507955,-3592,-11404,9271,120,435,-343,walking,0.00,0,4037,81,93,90
1781814507956,-3398,-10674,8023,167,472,-359,walking,0.00,0,4037,81,93,90
1781814507984,-3413,-10449,6450,101,518,-379,walking,0.00,0,4037,81,93,90
1781814508015,-3399,-10443,6257,65,507,-382,walking,0.00,0,4037,81,93,90
1781814508015,-3550,-10487,6378,-33,488,-381,walking,0.00,0,4037,81,93,90
1781814508046,-3977,-9982,6449,-130,482,-366,walking,0.00,0,4037,81,93,90
1781814508078,-4106,-9563,6411,-137,486,-336,walking,0.00,0,4037,81,93,90
1781814508079,-3924,-9585,6305,-92,460,-300,walking,0.00,0,4037,81,93,90
1781814508108,-4142,-9600,6520,-32,418,-242,walking,0.00,0,4037,81,93,90
1781814508116,-4180,-10293,6846,-11,347,-202,walking,0.00,0,4037,81,93,90
1781814508136,-4348,-10928,7337,5,269,-163,walking,0.00,0,4037,81,93,90
1781814508169,-4622,-11022,7567,150,217,-124,walking,0.00,0,4037,81,93,90
1781814508169,-4611,-12123,8492,331,186,-98,walking,0.00,0,4037,81,93,90
1781814508194,-4803,-13700,10261,382,149,-67,walking,0.00,0,4037,81,93,90
1781814508229,-4669,-14603,11132,370,132,-44,walking,0.00,0,4037,81,93,90
1781814508229,-4273,-15219,11967,339,98,-17,walking,0.00,0,4037,81,93,90
1781814508256,-3959,-14992,11359,344,54,62,walking,0.00,0,4037,81,93,90
1781814508289,-4284,-15475,11368,328,32,103,walking,0.00,0,4037,81,93,90
1781814508295,-4586,-16713,12260,270,-38,91,walking,0.00,0,4037,81,93,90
1781814508314,-4735,-18039,14022,141,-147,108,walking,0.00,0,4037,81,93,90
1781814508314,-4528,-18163,15751,102,-258,64,walking,0.00,0,4037,81,93,90
1781814508349,-2504,-15910,13736,277,-84,65,walking,0.00,0,4037,81,93,90
1781814508378,-282,-14346,9636,548,220,210,walking,0.00,0,4037,81,93,90
1781814508379,-315,-14237,9063,335,274,143,walking,0.00,0,4037,81,93,90
1781814508407,-994,-15612,10937,-237,209,84,walking,0.00,0,4037,81,93,90
1781814508441,-975,-15577,11597,-487,168,50,walking,0.00,0,4037,81,93,90
1781814508466,-498,-14097,11806,-711,92,89,walking,0.00,0,4037,81,93,90
1781814508467,-910,-10899,10411,-522,-6,239,walking,0.00,0,4037,81,93,90
1781814508499,-971,-10527,10084,-340,-37,304,walking,0.00,0,4037,81,93,90
1781814508505,-1664,-10387,9521,-56,-107,408,walking,0.00,0,4037,81,93,90
1781814508528,-2273,-10051,8801,73,-154,466,walking,0.00,0,4037,81,93,90
1781814508529,-2345,-9789,7665,143,-191,516,walking,0.00,0,4037,81,93,90
1781814508561,-2561,-10094,6691,159,-234,570,walking,0.00,0,4037,81,93,90
1781814508589,-2680,-10507,6170,96,-288,600,walking,0.00,0,4037,81,93,90
1781814508596,-2860,-10806,6135,-33,-349,629,walking,0.00,0,4037,81,93,90
1781814508619,-3346,-10507,6211,-144,-405,635,walking,0.00,0,4037,81,93,90
1781814508646,-3629,-10499,6176,-153,-437,603,walking,0.00,0,4037,81,93,90
1781814508647,-3926,-11042,6197,-62,-446,549,walking,0.00,0,4037,81,93,90
1781814508680,-4125,-11823,6088,18,-430,496,walking,0.00,0,4037,81,93,90
1781814508708,-4333,-12697,6090,25,-399,454,walking,0.00,0,4037,81,93,90
1781814508715,-4897,-13382,6312,-45,-339,379,walking,0.00,0,4037,81,93,90
1781814508737,-5510,-14109,6680,-130,-257,272,walking,0.00,0,4037,81,93,90
1781814508766,-6070,-14997,7760,-205,-201,189,walking,0.00,0,4037,81,93,90
1781814508775,-6401,-15158,8346,-261,-185,165,walking,0.00,0,4037,81,93,90
1781814508796,-6770,-15102,9306,-289,-151,149,walking,0.00,0,4037,81,93,90
1781814508797,-6491,-15089,10165,-214,-112,174,walking,0.00,0,4037,81,93,90
1781814508830,-6451,-14985,10632,-77,-79,225,walking,0.00,0,4037,81,93,90
1781814508858,-6419,-15545,10703,13,-51,257,walking,0.00,0,4037,81,93,90
1781814508859,-6529,-15661,10566,8,-16,289,walking,0.00,0,4037,81,93,90
1781814508889,-7215,-15872,11228,-38,-45,259,walking,0.00,0,4037,81,93,90
1781814508915,-7817,-15891,12526,-14,-1,227,walking,0.00,0,4037,81,93,90
1781814508915,-6980,-15908,13179,1,46,112,walking,0.00,0,4037,81,93,90
1781814508946,-5266,-14172,11270,-19,189,193,walking,0.00,0,4037,81,93,90
1781814508947,-4904,-12819,9950,-72,216,200,walking,0.00,0,4037,81,93,90
1781814508982,-5636,-11794,9924,-348,58,90,walking,0.00,0,4037,81,93,90
1781814509004,-6045,-12184,11156,-433,-13,20,walking,0.00,0,4037,81,93,90
1781814509006,-6085,-12639,12746,-536,-86,-111,walking,0.00,0,4037,81,93,90
1781814509035,-6008,-12233,13248,-460,-139,-189,walking,0.00,0,4037,81,93,90
1781814509069,-5659,-12857,14182,-163,-165,-193,walking,0.00,0,4037,81,93,90
1781814509069,-5060,-13195,14352,116,-108,-125,walking,0.00,0,4037,81,93,90
1781814509098,-3978,-11874,11642,266,-18,-39,walking,0.00,0,4037,81,93,90
1781814509105,-3928,-10312,9331,331,9,-37,walking,0.00,0,4037,81,93,90
1781814509126,-3458,-9368,6296,349,68,-55,walking,0.00,0,4037,81,93,90
1781814509157,-3471,-10269,6110,282,1,-147,walking,0.00,0,4037,81,93,90
1781814509157,-3896,-10428,6112,87,-10,-150,walking,0.00,0,4037,81,93,90
1781814509188,-4687,-9615,5951,-132,-22,-164,walking,0.00,0,4037,81,93,90
1781814509218,-5092,-9037,5783,-230,-6,-163,walking,0.00,0,4037,81,93,90
1781814509218,-5271,-9105,5886,-245,8,-114,walking,0.00,0,4037,81,93,90
1781814509243,-5441,-9314,5679,-227,22,-24,walking,0.00,0,4037,81,93,90
1781814509276,-5615,-9338,5536,-226,16,18,walking,0.00,0,4037,81,93,90
1781814509277,-6049,-9746,5731,-243,-10,62,walking,0.00,0,4037,81,93,90
1781814509309,-6114,-10744,6220,-270,-48,83,walking,0.00,0,4037,81,93,90
1781814509336,-6163,-11478,6864,-327,-103,133,walking,0.00,0,4037,81,93,90
1781814509338,-6510,-11576,7378,-312,-137,177,walking,0.00,0,4037,81,93,90
1781814509364,-6620,-12570,8186,-244,-187,179,walking,0.00,0,4037,81,93,90
1781814509364,-6377,-13492,9069,-237,-286,164,walking,0.00,0,4037,81,93,90
1781814509395,-6556,-14068,10604,-188,-375,149,walking,0.00,0,4037,81,93,90
1781814509427,-6683,-14066,10661,6,-323,164,walking,0.00,0,4037,81,93,90
1781814509427,-5786,-14981,10172,134,-234,149,walking,0.00,0,4037,81,93,90
1781814509460,-5336,-16010,10017,1,-215,135,walking,0.00,0,4037,81,93,90
1781814509486,-5430,-17064,11907,-241,-332,57,walking,0.00,0,4037,81,93,90
1781814509487,-5628,-17726,13104,-312,-456,3,walking,0.00,0,4037,81,93,90
1781814509514,-4671,-16333,16352,-1,-612,-50,walking,0.00,0,4037,81,93,90
1781814509546,-3915,-15666,15542,288,-431,-15,walking,0.00,0,4037,81,93,90
1781814509546,-2425,-15708,13076,707,-83,58,walking,0.00,0,4037,81,93,90
1781814509575,-1365,-17445,11855,490,3,122,walking,0.00,0,4037,81,93,90
1781814509610,-1021,-15977,11193,-150,-106,153,walking,0.00,0,4037,81,93,90
1781814509612,-1032,-13888,10634,-436,-181,145,walking,0.00,0,4037,81,93,90
1781814509636,-1946,-12438,10387,-297,-205,171,walking,0.00,0,4037,81,93,90
1781814509636,-2898,-11433,9594,-15,-224,179,walking,0.00,0,4037,81,93,90
1781814509664,-3208,-11082,8879,108,-297,180,walking,0.00,0,4037,81,93,90
1781814509695,-3175,-10124,7473,143,-355,251,walking,0.00,0,4037,81,93,90
1781814509724,-3307,-8862,6250,202,-417,343,walking,0.00,0,4037,81,93,90
1781814509724,-3675,-8617,5952,266,-451,379,walking,0.00,0,4037,81,93,90
1781814509755,-4003,-9180,6106,247,-461,378,walking,0.00,0,4037,81,93,90
1781814509755,-4261,-9629,5839,182,-447,370,walking,0.00,0,4037,81,93,90
1781814509785,-4231,-10318,5474,182,-413,400,walking,0.00,0,4037,81,93,90
1781814509815,-4223,-10573,5390,182,-392,431,walking,0.00,0,4037,81,93,90
1781814509815,-4428,-10617,5152,156,-362,466,walking,0.00,0,4037,81,93,90
1781814509847,-5185,-12102,5903,65,-323,430,walking,0.00,0,4037,81,93,90
1781814509847,-5357,-12705,6204,11,-302,408,walking,0.00,0,4037,81,93,90
1781814509877,-6080,-13765,6766,-111,-249,360,walking,0.00,0,4037,81,93,90
1781814509904,-6936,-14584,7645,-200,-214,269,walking,0.00,0,4037,81,93,90
1781814509904,-7255,-15601,8912,-234,-179,159,walking,0.00,0,4037,81,93,90
1781814509934,-7031,-15983,10168,-212,-120,97,walking,0.00,0,4037,81,93,90
1781814509965,-7077,-15419,11935,6,-42,68,walking,0.00,0,4037,81,93,90
1781814509994,-7080,-16861,13461,180,70,-19,walking,0.00,0,4037,81,93,90
1781814509996,-6751,-18001,13649,139,91,-47,walking,0.00,0,4037,81,93,90
1781814509997,-6890,-17613,13818,77,48,-40,walking,0.00,0,4037,81,93,90
1781814510024,-7156,-16616,15123,166,-18,-86,walking,0.00,0,4037,81,93,90
1781814510054,-6992,-16506,15341,254,19,-103,walking,0.00,0,4037,81,93,90
1781814510055,-5537,-14872,13770,386,208,-84,walking,0.00,0,4037,81,93,90
1781814510083,-4264,-12913,11136,345,381,-93,walking,0.00,0,4037,81,93,90
1781814510117,-4636,-12404,10475,35,359,-186,walking,0.00,0,4037,81,93,90
1781814510117,-5528,-12257,11879,-267,244,-292,walking,0.00,0,4037,81,93,90
1781814510144,-5513,-12513,13409,-408,253,-371,walking,0.00,0,4037,81,93,90
1781814510144,-5069,-11861,13384,-353,336,-345,walking,0.00,0,4037,81,93,90
1781814510175,-4679,-11194,12556,-208,377,-307,walking,0.00,0,4037,81,93,90
1781814510204,-3946,-10664,11295,-101,365,-264,walking,0.00,0,4037,81,93,90
1781814510204,-3719,-10518,10767,-65,327,-230,walking,0.00,0,4037,81,93,90
1781814510236,-3231,-9630,8979,-58,266,-211,walking,0.00,0,4037,81,93,90
1781814510267,-3342,-9202,7840,-18,260,-203,walking,0.00,0,4037,81,93,90
1781814510267,-3657,-8924,7031,44,252,-182,walking,0.00,0,4037,81,93,90
1781814510295,-3981,-8824,6499,54,232,-164,walking,0.00,0,4037,81,93,90
1781814510327,-4104,-8965,6203,45,219,-158,walking,0.00,0,4037,81,93,90
1781814510327,-4432,-8889,5904,-8,187,-136,walking,0.00,0,4037,81,93,90
1781814510357,-4557,-8962,5901,-53,153,-128,walking,0.00,0,4037,81,93,90
1781814510386,-4807,-9264,6178,-84,117,-91,walking,0.00,0,4037,81,93,90
1781814510386,-5014,-9749,6539,-119,77,-57,walking,0.00,0,4037,81,93,90
1781814510417,-5506,-10206,7238,-152,34,-49,walking,0.00,0,4037,81,93,90
1781814510420,-5747,-11068,7842,-156,6,-51,walking,0.00,0,4037,81,93,90
1781814510444,-5670,-11951,8438,-132,-3,-34,walking,0.00,0,4037,81,93,90
1781814510475,-5861,-12971,9588,-162,-30,-35,walking,0.00,0,4037,81,93,90
1781814510475,-5970,-13650,10420,-199,-50,-52,walking,0.00,0,4037,81,93,90
1781814510509,-5483,-15703,12600,-285,-109,-72,walking,0.00,0,4037,81,93,90
1781814510534,-5202,-15745,12684,-292,-131,-58,walking,0.00,0,4037,81,93,90
1781814510535,-4813,-14945,12238,-220,-185,-31,walking,0.00,0,4037,81,93,90
1781814510565,-4628,-14997,11609,-46,-223,-44,walking,0.00,0,4037,81,93,90
1781814510565,-4440,-16049,11630,-43,-297,-86,walking,0.00,0,4037,81,93,90
1781814510594,-4361,-16942,12581,-198,-383,-117,walking,0.00,0,4037,81,93,90
1781814510626,-4458,-16859,13777,-354,-473,-131,walking,0.00,0,4037,81,93,90
1781814510626,-3959,-15362,13694,-280,-500,-146,walking,0.00,0,4037,81,93,90
1781814510657,-2780,-13368,11126,10,-280,-42,walking,0.00,0,4037,81,93,90
1781814510685,-1927,-13025,9128,191,-71,90,walking,0.00,0,4037,81,93,90
1781814510685,-1693,-14464,9601,-69,-113,98,walking,0.00,0,4037,81,93,90
1781814510715,-1707,-14113,10707,-441,-208,109,walking,0.00,0,4037,81,93,90
1781814510746,-2320,-12510,10728,-484,-232,173,walking,0.00,0,4037,81,93,90
1781814510747,-2493,-11599,10073,-260,-211,224,walking,0.00,0,4037,81,93,90
1781814510775,-2633,-11681,9100,55,-213,280,walking,0.00,0,4037,81,93,90
1781814510810,-2935,-11406,7948,159,-278,344,walking,0.00,0,4037,81,93,90
1781814510811,-3353,-10470,7157,159,-338,355,walking,0.00,0,4037,81,93,90
1781814510836,-3528,-9931,6505,190,-331,349,walking,0.00,0,4037,81,93,90
1781814510867,-3647,-10129,5901,205,-314,348,walking,0.00,0,4037,81,93,90
1781814510867,-3770,-10323,5742,187,-315,354,walking,0.00,0,4037,81,93,90
1781814510896,-4101,-10636,5781,101,-330,359,walking,0.00,0,4037,81,93,90
1781814510899,-4510,-10646,6177,46,-330,359,walking,0.00,0,4037,81,93,90
1781814510924,-4531,-10974,6267,36,-300,350,walking,0.00,0,4037,81,93,90
1781814510954,-4665,-11410,6425,54,-259,350,walking,0.00,0,4037,81,93,90
1781814510955,-4843,-11933,6475,69,-204,333,walking,0.00,0,4037,81,93,90
1781814510984,-5166,-12558,6437,60,-141,287,walking,0.00,0,4037,81,93,90
1781814511017,-5657,-13296,6734,54,-61,231,walking,0.00,0,4037,81,93,90
1781814511017,-6555,-14021,7295,42,32,164,walking,0.00,0,4037,81,93,90
1781814511044,-7284,-14514,7840,94,145,107,walking,0.00,0,4037,81,93,90
1781814511078,-7547,-15469,8901,112,243,58,walking,0.00,0,4037,81,93,90
1781814511078,-7307,-15615,10125,76,296,44,walking,0.00,0,4037,81,93,90
1781814511104,-7213,-15548,11381,197,341,66,walking,0.00,0,4037,81,93,90
1781814511134,-6253,-16536,12676,278,426,68,walking,0.00,0,4037,81,93,90
1781814511134,-5456,-17540,13214,216,469,90,walking,0.00,0,4037,81,93,90
1781814511166,-5834,-17145,13368,66,389,97,walking,0.00,0,4037,81,93,90
1781814511166,-6049,-16431,13468,40,372,83,walking,0.00,0,4037,81,93,90
1781814511195,-5602,-15825,13178,81,399,41,walking,0.00,0,4037,81,93,90
1781814511226,-4765,-14397,11277,81,451,71,walking,0.00,0,4037,81,93,90
1781814511227,-4439,-13102,10096,-56,456,77,walking,0.00,0,4037,81,93,90
1781814511256,-4832,-12659,10089,-322,381,31,walking,0.00,0,4037,81,93,90
1781814511285,-5096,-12844,11644,-555,260,-21,walking,0.00,0,4037,81,93,90
1781814511286,-5186,-12555,12304,-620,217,-36,walking,0.00,0,4037,81,93,90
1781814511315,-5084,-11633,11879,-500,168,-12,walking,0.00,0,4037,81,93,90
1781814511347,-4945,-11193,11313,-261,97,-5,walking,0.00,0,4037,81,93,90
1781814511347,-4531,-10933,10612,-77,11,1,walking,0.00,0,4037,81,93,90
1781814511377,-4421,-10429,9896,29,-36,-23,walking,0.00,0,4037,81,93,90
1781814511407,-4231,-10023,8732,129,-22,-76,walking,0.00,0,4037,81,93,90
1781814511408,-4256,-10165,7646,166,12,-141,walking,0.00,0,4037,81,93,90
1781814511435,-5032,-10168,7271,28,38,-215,walking,0.00,0,4037,81,93,90
1781814511436,-5473,-9979,7174,-71,62,-257,walking,0.00,0,4037,81,93,90
1781814511465,-5748,-9435,6478,-206,151,-290,walking,0.00,0,4037,81,93,90
1781814511498,-5931,-9259,5975,-212,235,-261,walking,0.00,0,4037,81,93,90
1781814511498,-5947,-8991,5284,-198,279,-187,walking,0.00,0,4037,81,93,90
1781814511525,-6083,-8632,5058,-258,263,-132,walking,0.00,0,4037,81,93,90
1781814511525,-6537,-9063,5520,-297,218,-91,walking,0.00,0,4037,81,93,90
1781814511558,-7052,-9467,6009,-270,178,-27,walking,0.00,0,4037,81,93,90
1781814511585,-7681,-9984,6536,-224,147,-12,walking,0.00,0,4037,81,93,90
1781814511585,-7814,-11398,7102,-186,121,-13,walking,0.00,0,4037,81,93,90
1781814511617,-7650,-12787,7901,-206,62,-18,walking,0.00,0,4037,81,93,90
1781814511646,-7596,-13101,8304,-227,16,-20,walking,0.00,0,4037,81,93,90
1781814511651,-7609,-13970,9803,-174,-71,-40,walking,0.00,0,4037,81,93,90
1781814511676,-7337,-14804,11223,-45,-115,-58,walking,0.00,0,4037,81,93,90
1781814511706,-6378,-15097,11086,131,-129,-79,walking,0.00,0,4037,81,93,90
1781814511706,-5739,-15834,10109,387,-187,-101,walking,0.00,0,4037,81,93,90
1781814511734,-5726,-16532,10469,393,-244,-118,walking,0.00,0,4037,81,93,90
1781814511764,-6057,-17478,11988,325,-403,-158,walking,0.00,0,4037,81,93,90
1781814511765,-6322,-17333,13891,348,-480,-217,walking,0.00,0,4037,81,93,90
1781814511795,-5077,-16292,13809,502,-312,-246,walking,0.00,0,4037,81,93,90
1781814511797,-3077,-15392,11435,660,63,-177,walking,0.00,0,4037,81,93,90
1781814511826,-1353,-15699,10216,427,210,-148,walking,0.00,0,4037,81,93,90
1781814511855,-798,-15545,11174,-189,86,-169,walking,0.00,0,4037,81,93,90
1781814511856,-1626,-13493,11523,-574,-82,-197,walking,0.00,0,4037,81,93,90
1781814511884,-2094,-11390,11295,-473,-152,-157,walking,0.00,0,4037,81,93,90
1781814511914,-2286,-10727,10658,-289,-164,-127,walking,0.00,0,4037,81,93,90
1781814511915,-2585,-10691,9443,108,-205,-37,walking,0.00,0,4037,81,93,90
1781814511947,-3187,-11030,8475,228,-316,67,walking,0.00,0,4037,81,93,90
1781814511948,-3767,-10470,7803,139,-427,142,walking,0.00,0,4037,81,93,90
1781814511975,-4114,-9622,7222,84,-456,197,walking,0.00,0,4037,81,93,90
1781814512005,-4076,-9406,6395,129,-427,228,walking,0.00,0,4037,81,93,90
1781814512005,-3861,-9978,6006,145,-419,287,walking,0.00,0,4037,81,93,90
1781814512035,-4131,-9942,6057,94,-445,361,walking,0.00,0,4037,81,93,90
1781814512067,-4385,-10050,6267,97,-457,390,walking,0.00,0,4037,81,93,90
1781814512068,-4487,-10636,6298,146,-437,411,walking,0.00,0,4037,81,93,90
1781814512098,-4639,-11395,6396,210,-393,402,walking,0.00,0,4037,81,93,90
1781814512099,-4585,-11918,6289,232,-364,392,walking,0.00,0,4037,81,93,90
1781814512131,-4499,-12801,6385,214,-313,347,walking,0.00,0,4037,81,93,90
1781814512156,-4766,-13454,6396,117,-252,274,walking,0.00,0,4037,81,93,90
1781814512157,-5353,-14157,7131,-6,-193,155,walking,0.00,0,4037,81,93,90
1781814512184,-5958,-15106,8361,-140,-135,46,walking,0.00,0,4037,81,93,90
1781814512214,-6582,-15247,9501,-260,-88,-9,walking,0.00,0,4037,81,93,90
1781814512216,-6731,-14813,10382,-224,-39,-16,walking,0.00,0,4037,81,93,90
1781814512246,-6376,-14941,11802,-26,18,5,walking,0.00,0,4037,81,93,90
1781814512275,-5565,-15468,12402,98,71,24,walking,0.00,0,4037,81,93,90
1781814512276,-5315,-15577,11635,172,81,53,walking,0.00,0,4037,81,93,90
1781814512310,-5987,-15741,12096,222,13,43,walking,0.00,0,4037,81,93,90
1781814512341,-6753,-17101,13849,282,-48,25,walking,0.00,0,4037,81,93,90
1781814512341,-6706,-16627,14531,260,-91,-53,walking,0.00,0,4037,81,93,90
1781814512367,-5210,-15594,13223,273,74,-37,walking,0.00,0,4037,81,93,90
1781814512402,-4368,-13252,10678,261,200,-8,walking,0.00,0,4037,81,93,90
1781814512403,-4682,-13024,10524,7,152,-84,walking,0.00,0,4037,81,93,90
1781814512427,-5182,-12694,11452,-354,74,-177,walking,0.00,0,4037,81,100,90
1781814512429,-5319,-12435,11849,-469,62,-216,walking,0.00,0,4037,81,100,90
1781814512460,-5777,-11881,12409,-514,97,-266,walking,0.00,0,4037,81,100,90
1781814512486,-5488,-11462,12138,-333,149,-253,walking,0.00,0,4037,81,100,90
1781814512487,-5007,-10875,11713,-135,159,-218,walking,0.00,0,4037,81,100,90
1781814512518,-4528,-10449,10922,46,164,-205,walking,0.00,0,4037,81,100,90
1781814512549,-4506,-10322,9760,137,185,-190,walking,0.00,0,4037,81,100,90
1781814512550,-4651,-10008,8224,100,191,-169,walking,0.00,0,4037,81,100,90
1781814512576,-4932,-9318,6844,14,185,-140,walking,0.00,0,4037,81,100,90
1781814512577,-5413,-8166,6165,-49,193,-129,walking,0.00,0,4037,81,100,90
1781814512607,-5617,-7549,5831,-44,251,-197,walking,0.00,0,4037,81,100,90
1781814512634,-5684,-7576,5864,-59,283,-238,walking,0.00,0,4037,81,100,90
1781814512635,-5684,-7985,5874,-142,347,-307,walking,0.00,0,4037,81,100,90
1781814512672,-5708,-8003,6115,-224,393,-317,walking,0.00,0,4037,81,100,90
1781814512698,-5697,-8453,6448,-240,427,-292,walking,0.00,0,4037,81,100,90
1781814512699,-5763,-9410,7227,-206,398,-233,walking,0.00,0,4037,81,100,90
1781814512725,-6265,-10621,8729,-168,349,-190,walking,0.00,0,4037,81,100,90
1781814512725,-6119,-11896,10126,-152,331,-170,walking,0.00,0,4037,81,100,90
1781814512757,-5986,-13236,10950,-118,349,-155,walking,0.00,0,4037,81,100,90
1781814512788,-6006,-14640,11817,-57,359,-143,walking,0.00,0,4037,81,100,90
1781814512790,-5419,-15577,12362,-14,361,-157,walking,0.00,0,4037,81,100,90
1781814512817,-4401,-15577,11672,94,344,-206,walking,0.00,0,4037,81,100,90
1781814512847,-4178,-15874,10484,231,285,-238,walking,0.00,0,4037,81,100,90
1781814512848,-4178,-16557,10117,313,174,-265,walking,0.00,0,4037,81,100,90
1781814512879,-4306,-17011,10563,270,96,-288,walking,0.00,0,4037,81,100,90
1781814512909,-4811,-17327,12116,70,-59,-333,walking,0.00,0,4037,81,100,90
1781814512910,-5003,-16072,12836,-59,-170,-392,walking,0.00,0,4037,81,100,90
1781814512936,-4594,-14547,13245,72,-185,-451,walking,0.00,0,4037,81,100,90
1781814512968,-3601,-13324,12014,362,-6,-434,walking,0.00,0,4037,81,100,90
1781814512972,-2469,-12839,10304,506,250,-346,walking,0.00,0,4037,81,100,90
1781814513001,-2021,-13798,10139,268,300,-294,walking,0.00,0,4037,81,100,90
1781814513005,-1358,-13626,10437,-171,220,-213,walking,0.00,0,4037,81,100,90
1781814513024,-1727,-12065,10475,-308,130,-75,walking,0.00,0,4037,81,100,90
1781814513060,-2336,-11595,10668,-195,81,73,walking,0.00,0,4037,81,100,90
1781814513061,-2333,-11240,10325,-9,35,237,walking,0.00,0,4037,81,100,90
1781814513084,-2608,-10773,9433,117,-15,387,walking,0.00,0,4037,81,100,90
1781814513118,-3197,-10112,8174,214,-44,516,walking,0.00,0,4037,81,100,90
1781814513119,-3383,-9814,7571,271,-43,564,walking,0.00,0,4037,81,100,90
1781814513148,-3415,-9288,6625,382,-36,609,walking,0.00,0,4037,81,100,90
1781814513149,-3705,-8948,6333,394,-19,568,walking,0.00,0,4037,81,100,90
1781814513175,-3796,-8913,6253,331,30,432,walking,0.00,0,4037,81,100,90
1781814513206,-3673,-9864,5984,312,68,304,walking,0.00,0,4037,81,100,90
1781814513206,-3754,-10633,5625,305,75,252,walking,0.00,0,4037,81,100,90
1781814513237,-3842,-11136,5951,288,41,224,walking,0.00,0,4037,81,100,90
1781814513264,-3966,-11908,6582,263,1,165,walking,0.00,0,4037,81,100,90
1781814513296,-4333,-12852,7115,180,-54,68,walking,0.00,0,4037,81,100,90
1781814513296,-4500,-13810,7827,64,-95,-10,walking,0.00,0,4037,81,100,90
1781814513325,-4876,-14132,7914,-14,-84,-46,walking,0.00,0,4037,81,100,90
1781814513325,-5125,-14298,7902,-32,-78,-55,walking,0.00,0,4037,81,100,90
1781814513356,-5940,-14727,8661,-62,-78,-57,walking,0.00,0,4037,81,100,90
1781814513357,-6528,-15009,9891,-80,-56,-21,walking,0.00,0,4037,81,107,90
1781814513384,-7083,-15213,11204,13,-23,51,walking,0.00,0,4037,81,107,90
1781814513416,-7246,-15985,12354,122,16,101,walking,0.00,0,4037,81,107,90
1781814513417,-6997,-16606,12567,155,60,151,walking,0.00,0,4037,81,107,90
1781814513458,-6479,-16574,11438,163,67,153,walking,0.00,0,4037,81,107,90
1781814513476,-7133,-17450,12106,175,-17,169,walking,0.00,0,4037,81,107,90
1781814513476,-7624,-17823,14150,114,-77,193,walking,0.00,0,4037,81,107,90
1781814513506,-7221,-15743,14537,-28,13,237,walking,0.00,0,4037,81,107,90
1781814513541,-6726,-12480,12669,-103,214,262,walking,0.00,0,4037,81,107,90
1781814513567,-6667,-10537,10990,-196,328,144,walking,0.00,0,4037,81,107,90
1781814513568,-7089,-9677,11111,-353,311,-77,walking,0.00,0,4037,81,107,90
1781814513573,-6850,-10181,12095,-416,255,-332,walking,0.00,0,4037,81,107,90
1781814513597,-6432,-11263,12941,-336,290,-404,walking,0.00,0,4037,81,107,90
1781814513631,-6362,-11231,13262,-198,309,-380,walking,0.00,0,4037,81,107,90
1781814513632,-6217,-11046,13071,-120,326,-377,walking,0.00,0,4037,81,107,90
1781814513660,-5463,-10233,11782,45,391,-364,walking,0.00,0,4037,81,107,90
1781814513685,-4374,-9261,9356,208,458,-375,walking,0.00,0,4037,81,107,90
1781814513689,-3575,-8682,7336,281,489,-437,walking,0.00,0,4037,81,107,90
1781814513715,-2923,-8809,6174,248,481,-509,walking,0.00,0,4037,81,107,90
1781814513747,-3268,-9037,6151,84,441,-562,walking,0.00,0,4037,81,107,90
1781814513748,-4495,-9437,6517,-149,387,-587,walking,0.00,0,4037,81,107,90
1781814513775,-5074,-9655,6933,-326,382,-544,walking,0.00,0,4037,81,107,90
1781814513781,-5691,-9716,6910,-383,375,-455,walking,0.00,0,4037,81,107,90
1781814513806,-6614,-9698,6765,-383,350,-389,walking,0.00,0,4037,81,107,90
1781814513839,-6989,-9904,7204,-350,333,-368,walking,0.00,0,4037,81,107,90
1781814513840,-7541,-10626,8185,-227,363,-326,walking,0.00,0,4037,81,107,90
1781814513867,-7944,-11405,8488,-191,446,-298,walking,0.00,0,4037,81,107,90
1781814513896,-7614,-11702,8577,-213,524,-274,walking,0.00,0,4037,81,107,90
1781814513897,-7925,-12069,9118,-229,550,-281,walking,0.00,0,4037,81,107,90
1781814513924,-7519,-13203,9932,-222,529,-317,walking,0.00,0,4037,81,107,90
1781814513958,-7336,-14550,12028,-169,399,-328,walking,0.00,0,4037,81,107,90
1781814513959,-5900,-14763,10956,-40,453,-257,walking,0.00,0,4037,81,107,90
1781814513989,-5589,-15431,11559,146,391,-169,walking,0.00,0,4037,81,107,90
1781814513991,-5617,-16561,11736,281,350,-127,walking,0.00,0,4037,81,107,90
1781814514016,-5533,-17811,12362,236,304,-101,walking,0.00,0,4037,81,107,90
1781814514051,-4969,-18094,12602,122,276,-64,walking,0.00,0,4037,81,107,90
1781814514051,-3693,-17096,11148,76,224,-5,walking,0.00,0,4037,81,107,90
1781814514074,-2885,-16031,10520,7,386,81,walking,0.00,0,4037,81,107,90
1781814514105,-1059,-15019,8687,-181,465,133,walking,0.00,0,4037,81,107,90
1781814514106,-1160,-14822,8665,-357,422,157,walking,0.00,0,4037,81,107,90
1781814514139,-764,-17206,8472,-716,199,205,walking,0.00,0,4037,81,107,90
1781814514165,-1140,-15110,9909,-1233,-89,328,walking,0.00,0,4037,81,107,90
1781814514166,-2202,-12842,9082,-1262,-217,330,walking,0.00,0,4037,81,107,90
1781814514197,-2012,-12716,8229,-783,-278,448,walking,0.00,0,4037,81,107,90
1781814514198,-853,-11962,7329,-390,-397,626,walking,0.00,0,4037,81,107,90
1781814514227,-737,-11713,6727,-115,-555,697,walking,0.00,0,4037,81,107,90
1781814514255,-1660,-11723,6500,-27,-673,778,walking,0.00,0,4037,81,107,90
1781814514256,-2898,-9547,6274,-123,-718,807,walking,0.00,0,4037,81,107,90
1781814514289,-3528,-7171,5564,-82,-716,659,walking,0.00,0,4037,81,107,90
1781814514317,-4044,-7416,5632,60,-677,368,walking,0.00,0,4037,81,107,90
1781814514318,-3814,-11073,6577,153,-674,198,walking,0.00,0,4037,81,107,90
1781814514347,-3861,-12586,6789,128,-667,204,walking,0.00,0,4037,81,107,90
1781814514348,-4001,-13428,5915,77,-669,345,walking,0.00,0,4037,81,107,90
1781814514382,-4962,-12175,5842,60,-743,390,walking,0.00,0,4037,81,107,90
1781814514406,-5067,-13366,5605,119,-696,376,walking,0.00,0,4037,81,107,90
1781814514407,-5378,-12339,5056,88,-638,392,walking,0.00,0,4037,81,107,90
1781814514438,-6818,-14714,6026,72,-553,349,walking,0.00,0,4037,81,107,90
1781814514471,-8537,-16253,7005,-173,-472,341,walking,0.00,0,4037,81,107,90
1781814514472,-9517,-15743,7321,-470,-342,339,walking,0.00,0,4037,81,107,90
1781814514497,-9322,-15371,6796,-488,-184,335,walking,0.00,0,4037,81,107,90
1781814514530,-9176,-15546,8008,-401,-60,339,walking,0.00,0,4037,81,107,90
1781814514531,-8067,-15267,8238,-285,71,340,walking,0.00,0,4037,81,107,90
1781814514563,-7359,-14192,8168,-192,121,330,walking,0.00,0,4037,81,107,90
1781814514563,-8061,-15449,9003,-13,14,225,walking,0.00,0,4037,81,107,90
1781814514588,-7966,-16608,10665,126,-154,185,walking,0.00,0,4037,81,107,90
1781814514622,-7671,-16424,11685,196,-191,187,walking,0.00,0,4037,81,107,90
1781814514623,-6866,-16182,11920,338,-88,221,walking,0.00,0,4037,81,107,90
1781814514650,-5354,-13623,8434,368,61,301,walking,0.00,0,4037,81,107,90
1781814514680,-6918,-11134,8765,211,42,260,walking,0.00,0,4037,81,107,90
1781814514682,-7143,-12085,10337,-128,-9,-26,walking,0.00,0,4037,81,107,90
1781814514706,-6899,-12213,10831,-310,-42,-152,walking,0.00,0,4037,81,107,90
1781814514738,-6587,-11117,10383,-190,-68,-181,walking,0.00,0,4037,81,107,90
1781814514739,-5891,-11395,10452,112,-103,-176,walking,0.00,0,4037,81,107,90
1781814514765,-5271,-11522,10466,349,-122,-133,walking,0.00,0,4037,81,107,90
1781814514766,-5025,-11836,9776,497,-113,-73,walking,0.00,0,4037,81,107,90
1781814514798,-4741,-10463,7824,545,-155,-137,walking,0.00,0,4037,81,107,90
1781814514830,-4719,-11449,6886,562,-176,-175,walking,0.00,0,4037,81,107,90
1781814514831,-5105,-11387,6643,529,-195,-201,walking,0.00,0,4037,81,107,90
1781814514856,-5471,-11610,6118,346,-245,-276,walking,0.00,0,4037,81,107,90
1781814514887,-5586,-11487,6433,266,-274,-275,walking,0.00,0,4037,81,107,90
1781814514888,-5999,-11208,6697,153,-274,-236,walking,0.00,0,4037,81,107,90
1781814514921,-6687,-10538,7176,73,-254,-179,walking,0.00,0,4037,81,107,90
1781814514946,-7128,-10390,7798,19,-209,-123,walking,0.00,0,4037,81,107,90
1781814514948,-6900,-10417,7766,-22,-137,-49,walking,0.00,0,4037,81,107,90
1781814514978,-5815,-11158,7052,-67,-138,47,walking,0.00,0,4037,81,107,90
1781814514979,-5327,-10972,7019,-124,-221,141,walking,0.00,0,4037,81,107,90
1781814515008,-5439,-12032,7590,-239,-329,140,walking,0.00,0,4037,81,107,90
1781814515041,-4852,-12000,6744,-351,-388,221,walking,0.00,0,4037,81,107,90
1781814515042,-4766,-12460,7027,-365,-520,177,walking,0.00,0,4037,81,107,90
1781814515071,-4974,-14264,7533,-259,-652,145,walking,0.00,0,4037,81,107,90
1781814515097,-5607,-13527,7568,-215,-809,30,walking,0.00,0,4037,81,107,90
1781814515098,-5471,-13695,6861,-81,-861,-61,walking,0.00,0,4037,81,107,90
1781814515129,-5602,-14157,7973,180,-1060,-189,walking,0.00,0,4037,81,107,90
1781814515155,-5455,-15213,9491,240,-977,-468,walking,0.00,0,4037,81,107,90
1781814515155,-4743,-14438,8461,352,-1206,-626,walking,0.00,0,4037,81,107,90
1781814515187,-2499,-18513,11124,479,-1410,-869,walking,0.00,0,4037,81,107,90
1781814515188,-3284,-20551,13433,-4,-1655,-696,walking,0.00,0,4037,81,107,90
1781814515221,-3068,-17705,12684,-465,-1824,-565,walking,0.00,0,4037,81,107,90
1781814515246,-1101,-16814,13334,-601,-1722,-601,walking,0.00,0,4037,81,107,90
1781814515247,-960,-15825,15938,-629,-1626,-415,walking,0.00,0,4037,81,107,90
1781814515280,455,-15986,11693,-788,-1168,-265,walking,0.00,0,4037,81,107,90
1781814515307,-1999,-17106,15188,-1342,-1016,-166,walking,0.00,0,4037,81,107,90
1781814515316,-1611,-11946,12995,-1954,-860,-15,walking,0.00,0,4037,81,107,90
1781814515337,-734,-11773,10741,-1942,-299,-171,walking,0.00,0,4037,81,107,90
1781814515365,-907,-7913,11964,-1620,-194,-430,walking,0.00,0,4037,81,107,90
1781814515366,1210,-9976,9649,-1017,-230,-532,walking,0.00,0,4037,81,107,90
1781814515397,770,-11272,8637,-999,-179,-579,walking,0.00,0,4037,81,107,90
1781814515428,516,-14434,7839,-1072,-335,-429,walking,0.00,0,4037,81,107,90
1781814515429,-638,-10936,6408,-1207,-365,-477,walking,0.00,0,4037,81,107,90
1781814515457,-1424,-12646,6777,-1067,-312,-456,walking,0.00,0,4037,81,107,90
1781814515461,-341,-13935,7241,-949,-295,-543,walking,0.00,0,4037,81,107,90
1781814515487,-387,-13724,5750,-1389,-85,-357,walking,0.00,0,4037,81,107,90
1781814515515,-1259,-10207,3372,-1920,-134,-606,walking,0.00,0,4037,81,107,90
1781814515516,-257,-8355,2071,-1714,-165,-789,walking,0.00,0,4037,81,107,90
1781814515546,-102,-7414,-1445,-1370,-174,-949,walking,0.00,0,4037,81,107,90
1781814515577,-663,-6075,-1372,-305,-274,-1099,walking,0.00,0,4037,81,107,90
1781814515579,-106,-9785,364,481,-321,-1306,walking,0.00,0,4037,81,107,90
1781814515608,1385,-17589,4175,1000,-276,-1102,walking,0.00,0,4037,81,107,90
1781814515640,1264,-20487,5132,1017,-68,-745,walking,0.00,0,4037,81,107,90
1781814515641,686,-21646,5081,652,91,-417,walking,0.00,0,4037,81,107,90
1781814515670,1359,-18583,3990,288,177,-336,walking,0.00,0,4037,81,107,90
1781814515671,1614,-17927,3475,323,203,-330,walking,0.00,0,4037,81,107,90
1781814515697,1336,-15978,2515,395,174,-240,walking,0.00,0,4037,81,107,90
1781814515728,3587,-16532,2571,658,43,-403,walking,0.00,0,4037,81,107,90
1781814515729,5816,-20502,6836,989,-111,-382,walking,0.00,0,4037,81,107,90
1781814515765,8224,-25373,11584,391,0,-118,walking,0.00,0,4037,81,107,90
1781814515784,8798,-25733,9508,119,-11,-33,walking,0.00,0,4037,81,107,90
1781814515784,7247,-21972,6282,-412,-175,75,walking,0.00,0,4037,81,107,90
1781814515818,6151,-19226,3959,-328,-286,274,walking,0.00,0,4037,81,107,90
1781814515846,5003,-16940,4081,96,-242,495,walking,0.00,0,4037,81,107,90
1781814515847,1931,-16036,5875,117,-109,498,walking,0.00,0,4037,81,107,90
1781814515877,514,-14309,6228,-281,69,270,walking,0.00,0,4037,81,107,90
1781814515906,-105,-13850,6986,-478,247,-93,walking,0.00,0,4037,81,107,90
1781814515906,1095,-15728,8379,-337,426,-306,walking,0.00,0,4037,81,107,90
1781814515939,1757,-15978,8711,-268,520,-364,walking,0.00,0,4037,81,107,90
1781814515940,2825,-16252,9199,-183,613,-487,walking,0.00,0,4037,81,107,90
1781814515967,3194,-18162,9876,-210,699,-444,walking,0.00,0,4037,81,107,90
1781814515996,2579,-18200,9183,-241,836,-239,walking,0.00,0,4037,81,107,90
1781814515997,1582,-17421,7324,-307,967,16,walking,0.00,0,4037,81,107,90
1781814516031,178,-15279,5630,-337,1050,225,walking,0.00,0,4037,81,107,90
1781814516056,-737,-14723,5503,-282,1106,399,walking,0.00,0,4037,81,107,90
1781814516062,-990,-15079,5891,-261,1194,593,walking,0.00,0,4037,81,107,90
1781814516088,-1863,-14699,6272,-402,1314,773,walking,0.00,0,4037,81,107,90
1781814516089,-2254,-14317,5296,-519,1405,878,walking,0.00,0,4037,81,107,90
1781814516119,-2517,-14489,5616,-512,1469,1004,walking,0.00,0,4037,81,107,90
1781814516148,-3219,-14826,5885,-650,1530,1099,walking,0.00,0,4037,81,107,90
1781814516149,-2869,-15820,4989,-825,1610,1159,walking,0.00,0,4037,81,107,90
1781814516178,-3211,-14312,5073,-789,1618,1285,walking,0.00,0,4037,81,107,90
1781814516206,-3342,-15697,4169,-886,1614,1262,walking,0.00,0,4037,81,107,90
1781814516207,-3807,-14615,4209,-942,1604,1268,walking,0.00,0,4037,81,107,90
1781814516236,-5237,-14659,5013,-896,1667,1126,walking,0.00,0,4037,81,107,90
1781814516270,-5239,-18591,6749,-823,1740,1095,walking,0.00,0,4037,81,107,90
1781814516271,-5052,-19497,7090,-1117,1809,1077,walking,0.00,0,4037,81,107,90
1781814516298,-4837,-17638,4678,-1434,1904,1018,walking,0.00,0,4037,81,107,90
1781814516328,-3900,-17145,2537,-1510,1821,885,walking,0.00,0,4037,81,107,90
1781814516329,-3720,-16733,727,-1460,1663,688,walking,0.00,0,4037,81,107,90
1781814516355,-3462,-18563,-220,-1218,1410,510,walking,0.00,0,4037,81,107,90
1781814516355,-2728,-20117,1347,-1155,1032,308,walking,0.00,0,4037,81,107,90
1781814516389,-896,-20462,2586,-1266,916,297,walking,0.00,0,4037,81,107,90
1781814516418,21,-18275,1348,-1517,1089,494,walking,0.00,0,4037,81,107,90
1781814516418,-1152,-16356,-1575,-1523,1170,605,walking,0.00,0,4037,81,107,90
1781814516446,-958,-15777,-2609,-1445,947,575,walking,0.00,0,4037,81,107,90
1781814516478,-784,-15713,-2446,-1222,553,531,walking,0.00,0,4037,81,107,90
1781814516480,-1676,-16209,-1325,-854,233,630,walking,0.00,0,4037,81,107,90
1781814516511,-1258,-14384,-367,-607,5,736,walking,0.00,0,4037,81,107,90
1781814516536,-825,-11550,256,-62,-222,711,walking,0.00,0,4037,81,107,90
1781814516536,-1160,-10371,1161,255,-297,663,walking,0.00,0,4037,81,107,90
1781814516568,-2323,-10832,1763,776,-465,591,walking,0.00,0,4037,81,107,90
1781814516571,-2066,-10180,1255,797,-509,598,walking,0.00,0,4037,81,107,90
1781814516595,-2976,-9087,611,990,-579,471,walking,0.00,0,4037,81,107,90
1781814516631,-4643,-8569,667,1308,-570,397,walking,0.00,0,4037,81,107,90
1781814516632,-5952,-10382,1120,1743,-526,258,walking,0.00,0,4037,81,107,90
1781814516656,-6654,-10946,895,1964,-412,167,walking,0.00,0,4037,81,107,90
1781814516686,-6709,-14200,2673,2111,-212,-4,walking,0.00,0,4037,81,107,90
1781814516687,-6766,-13436,1929,1872,57,-139,walking,0.00,0,4037,81,107,90
1781814516719,-7276,-16414,2023,1958,248,-397,walking,0.00,0,4037,81,107,90
1781814516719,-8249,-18150,1760,1975,420,-275,walking,0.00,0,4037,81,107,90
1781814516747,-6551,-16799,902,1785,645,-478,walking,0.00,0,4037,81,107,90
1781814516785,-6284,-18456,744,1725,683,-421,walking,0.00,0,4037,81,107,90
1781814516786,-5981,-18578,281,1550,785,-337,walking,0.00,0,4037,81,107,90
1781814516805,-5706,-18953,1575,1233,824,-327,walking,0.00,0,4037,81,107,90
1781814516838,-6851,-17683,3860,898,967,-352,walking,0.00,0,4037,81,107,90
1781814516844,-6235,-14418,2555,846,1151,-529,walking,0.00,0,4037,81,107,90
1781814516869,-6187,-15481,3507,1288,1142,-579,walking,0.00,0,4037,81,107,90
1781814516896,-5780,-15627,4580,1266,1077,-431,walking,0.00,0,4037,81,107,90
1781814516897,-5721,-15607,6795,1054,1142,-387,walking,0.00,0,4037,81,107,90
1781814516927,-5695,-14822,7381,992,1268,-274,walking,0.00,0,4037,81,107,90
1781814516928,-3459,-14384,1915,1047,1251,-436,walking,0.00,0,4037,81,107,90
1781814516959,-3445,-15356,2972,1287,884,-353,walking,0.00,0,4037,81,107,90
1781814516985,-3952,-16249,5150,1331,717,-363,walking,0.00,0,4037,81,107,90
1781814516987,-5861,-18259,8625,1299,615,-356,walking,0.00,0,4037,81,107,90
1781814517019,-6031,-17989,8018,1195,658,-332,walking,0.00,0,4037,81,107,90
1781814517046,-5770,-16449,5959,1052,743,-260,walking,0.00,0,4037,81,107,90
1781814517046,-6438,-14367,5542,723,629,-249,walking,0.00,0,4037,81,107,90
1781814517074,-8133,-10829,6847,431,553,-512,walking,0.00,0,4037,81,107,90
1781814517104,-7987,-15731,9188,351,595,-711,walking,0.00,0,4037,81,107,90
1781814517109,-7105,-15419,9920,146,578,-587,walking,0.00,0,4037,81,107,90
1781814517136,-5596,-13835,8230,130,620,-515,walking,0.00,0,4037,81,107,90
1781814517137,-4708,-13509,7846,433,551,-404,walking,0.00,0,4037,81,107,90
1781814517167,-5093,-14802,8303,649,432,-272,walking,0.00,0,4037,81,107,90
1781814517196,-5258,-13470,8056,602,367,-216,walking,0.00,0,4037,81,107,90
1781814517196,-5045,-12271,7512,611,383,-214,walking,0.00,0,4037,81,107,90
1781814517225,-5886,-11108,7254,620,442,-275,walking,0.00,0,4037,81,107,90
1781814517259,-6070,-11217,6599,626,488,-354,walking,0.00,0,4037,81,107,90
1781814517260,-6108,-12414,6479,559,493,-404,walking,0.00,0,4037,81,107,90
1781814517287,-6548,-12576,6516,455,500,-382,walking,0.00,0,4037,81,107,90
1781814517321,-6602,-12542,6464,429,520,-347,walking,0.00,0,4037,81,107,90
1781814517322,-6175,-12783,7043,363,486,-184,walking,0.00,0,4037,81,107,90
1781814517345,-7026,-12769,7148,292,467,-92,walking,0.00,0,4037,81,107,90
1781814517379,-7291,-12881,7827,285,473,-63,walking,0.00,0,4037,81,107,90
1781814517383,-6870,-13548,7188,282,491,13,walking,0.00,0,4037,81,107,90
1781814517405,-7322,-12809,8261,151,421,118,walking,0.00,0,4037,81,107,90
1781814517406,-7150,-12979,7893,93,507,124,walking,0.00,0,4037,81,107,90
1781814517435,-7273,-12029,7209,-21,555,83,walking,0.00,0,4037,81,107,90
1781814517466,-7058,-12448,6946,-7,566,29,walking,0.00,0,4037,81,107,90
1781814517467,-6720,-13342,7456,-39,559,25,walking,0.00,0,4037,81,107,90
1781814517495,-6906,-13268,7696,-57,544,29,walking,0.00,0,4037,81,107,90
1781814517526,-6941,-14204,7199,-151,540,6,walking,0.00,0,4037,81,107,90
1781814517527,-6694,-13947,6653,-198,484,36,walking,0.00,0,4037,81,107,90
1781814517558,-6796,-14469,6402,-241,432,80,walking,0.00,0,4037,81,107,90
1781814517587,-7301,-14510,6806,-300,374,111,walking,0.00,0,4037,81,107,90
1781814517588,-7123,-14531,6830,-318,356,98,walking,0.00,0,4037,81,107,90
1781814517620,-6777,-14511,6954,-353,312,92,walking,0.00,0,4037,81,107,90
1781814517650,-7921,-14589,7767,-397,255,68,walking,0.00,0,4037,81,107,90
1781814517650,-7842,-14657,7958,-371,127,-4,walking,0.00,0,4037,81,107,90
1781814517677,-6597,-14541,8320,-129,24,-26,walking,0.00,0,4037,81,107,90
1781814517678,-5575,-14590,8260,239,50,14,walking,0.00,0,4037,81,107,90
1781814517708,-4583,-14387,7408,392,165,29,walking,0.00,0,4037,81,107,90
1781814517735,-4739,-13559,6607,324,238,0,walking,0.00,0,4037,81,107,90
1781814517735,-5529,-14161,7415,117,225,-136,walking,0.00,0,4037,81,107,90
1781814517767,-5361,-14276,7430,-104,210,-257,walking,0.00,0,4037,81,107,90
1781814517795,-5319,-14040,7165,-142,192,-292,walking,0.00,0,4037,81,107,90
1781814517796,-5764,-14389,7083,14,124,-273,walking,0.00,0,4037,81,107,90
1781814517826,-6030,-14278,7152,120,110,-226,walking,0.00,0,4037,81,107,90
1781814517826,-6150,-14175,6999,339,115,-145,walking,0.00,0,4037,81,107,90
1781814517858,-6003,-14193,7047,411,161,-85,walking,0.00,0,4037,81,107,90
1781814517887,-5999,-13699,6937,305,229,-90,walking,0.00,0,4037,81,107,90
1781814517895,-5758,-13037,6444,182,285,-166,walking,0.00,0,4037,81,107,90
1781814517924,-5343,-13391,6302,150,328,-241,walking,0.00,0,4037,81,107,90
1781814517945,-5264,-13658,6335,158,368,-276,walking,0.00,0,4037,81,107,90
1781814517945,-5266,-13831,6283,139,406,-295,walking,0.00,0,4037,81,107,90
1781814517975,-5268,-13319,5908,113,430,-304,walking,0.00,0,4037,81,107,90
1781814518011,-5537,-13006,5827,156,472,-328,walking,0.00,0,4037,81,107,90
1781814518012,-5832,-13194,6048,199,527,-362,walking,0.00,0,4037,81,107,90
1781814518037,-5873,-13337,6087,225,571,-387,walking,0.00,0,4037,81,107,90
1781814518038,-5798,-13557,6332,271,603,-401,walking,0.00,0,4037,81,107,90
1781814518069,-5575,-13815,6386,374,663,-402,walking,0.00,0,4037,81,107,90
1781814518094,-5343,-14236,6316,450,700,-381,walking,0.00,0,4037,81,107,90
1781814518127,-5384,-14256,6279,432,722,-355,walking,0.00,0,4037,81,107,90
1781814518128,-5477,-14073,6523,365,750,-359,walking,0.00,0,4037,81,107,90
1781814518155,-5207,-14101,6641,312,792,-369,walking,0.00,0,4037,81,107,90
1781814518156,-4937,-14131,6062,296,806,-374,walking,0.00,0,4037,81,107,90
1781814518186,-5358,-14279,6690,259,784,-380,walking,0.00,0,4037,81,107,90
1781814518215,-5696,-14740,7039,273,786,-401,walking,0.00,0,4037,81,107,90
1781814518215,-5566,-15716,7551,285,792,-399,walking,0.00,0,4037,81,107,90
