timestamp_ms,ax,ay,az,gx,gy,gz,label,temp_c,steps,bat_mv,bat_soc,hr_bpm,spo2_pct
1779933073513,2843,10258,-12196,58,-40,1,resting,0.00,0,0,0,0,0
1779933073513,2791,10033,-12555,51,-33,13,resting,0.00,0,0,0,0,0
1779933073536,2737,9754,-12613,25,-34,25,resting,0.00,0,0,0,0,0
1779933073537,2508,9806,-12574,-23,-30,31,resting,0.00,0,0,0,0,0
1779933073537,2524,10011,-12449,-56,-26,31,resting,0.00,0,0,0,0,0
1779933073565,2498,10153,-12428,-98,-21,19,resting,0.00,0,0,0,0,0
1779933073566,2583,10387,-12354,-115,-11,5,resting,0.00,0,0,0,0,0
1779933073567,2774,10657,-12287,-100,-3,-5,resting,0.00,0,0,0,0,0
1779933073596,2844,10908,-12206,-48,-2,-15,resting,0.00,0,0,0,0,0
1779933073598,2855,11176,-12150,46,0,-21,resting,0.00,0,0,0,0,0
1779933073599,2886,11309,-12044,160,-6,-28,resting,0.00,0,0,0,0,0
1779933073627,2739,11028,-12192,267,-12,-31,resting,0.00,0,0,0,0,0
1779933073628,2556,10207,-12297,344,-19,-35,resting,0.00,0,0,0,0,0
1779933073629,2654,9448,-12366,326,-34,-39,resting,0.00,0,0,0,0,0
1779933073655,2713,9041,-12442,218,-43,-26,resting,0.00,0,0,0,0,0
1779933073655,2613,9075,-12540,66,-54,-4,resting,0.00,0,0,0,0,0
1779933073656,2360,9589,-12589,-68,-58,17,resting,0.00,0,0,0,0,0
1779933073687,2331,10088,-12506,-153,-55,28,resting,0.00,0,0,0,0,0
1779933073689,2402,10611,-12435,-187,-54,26,resting,0.00,0,0,0,0,0
1779933073689,2682,11173,-12164,-154,-50,19,resting,0.00,0,0,0,0,0
1779933073715,3084,11186,-11965,-53,-45,-3,resting,0.00,0,0,0,0,0
1779933073720,3232,10690,-12187,70,-43,-28,resting,0.00,0,0,0,0,0
1779933073721,3149,10010,-12361,135,-44,-43,resting,0.00,0,0,0,0,0
1779933073749,2954,9737,-12466,132,-28,-43,resting,0.00,0,0,0,0,0
1779933073750,2824,9755,-12561,90,-14,-51,resting,0.00,0,0,0,0,0
1779933073751,2916,9757,-12699,38,4,-78,resting,0.00,0,0,0,0,0
1779933073778,2956,9618,-12975,-40,27,-109,resting,0.00,0,0,0,0,0
1779933073779,2943,9970,-13454,-123,54,-119,resting,0.00,0,0,0,0,0
1779933073780,3102,10511,-13405,-148,86,-134,resting,0.00,0,0,0,0,0
1779933073805,3002,10829,-13308,-115,132,-167,resting,0.00,0,0,0,0,0
1779933073837,2893,11065,-13334,-36,182,-187,resting,0.00,0,0,0,0,0
1779933073865,2879,11104,-13208,58,221,-208,resting,0.00,0,0,0,0,0
1779933073871,2945,10988,-13268,142,257,-226,resting,0.00,0,0,0,0,0
1779933073872,3119,10474,-13268,181,280,-242,resting,0.00,0,0,0,0,0
1779933073873,3197,9963,-12851,177,287,-250,resting,0.00,0,0,0,0,0
1779933073873,3234,9855,-12726,157,289,-241,resting,0.00,0,0,0,0,0
1779933073874,3061,9831,-12696,119,287,-241,resting,0.00,0,0,0,0,0
1779933073880,2753,9850,-13102,86,290,-249,resting,0.00,0,0,0,0,0
1779933073895,2646,10086,-13057,63,299,-261,resting,0.00,0,0,0,0,0
1779933073895,2533,9686,-13251,75,340,-307,resting,0.00,0,0,0,0,0
1779933073896,2672,9592,-13094,51,364,-347,resting,0.00,0,0,0,0,0
1779933073926,2920,10157,-12994,49,376,-352,resting,0.00,0,0,0,0,0
1779933073926,3109,10156,-13053,56,378,-349,resting,0.00,0,0,0,0,0
1779933073926,3363,10068,-12726,55,367,-353,resting,0.00,0,0,0,0,0
1779933073954,3379,10076,-12479,45,353,-368,resting,0.00,0,0,0,0,0
1779933073955,3576,9996,-12573,11,338,-365,resting,0.00,0,0,0,0,0
1779933073955,3364,10073,-12348,7,318,-344,resting,0.00,0,0,0,0,0
1779933073986,3078,10290,-12434,12,310,-335,resting,0.00,0,0,0,0,0
1779933073986,3153,10366,-12183,26,300,-340,resting,0.00,0,0,0,0,0
1779933073987,3134,10595,-12201,39,277,-334,resting,0.00,0,0,0,0,0
1779933074014,3224,10700,-12190,57,258,-319,resting,0.00,0,0,0,0,0
1779933074014,3284,10627,-11990,95,244,-312,resting,0.00,0,0,0,0,0
1779933074015,3209,10459,-11862,104,225,-330,resting,0.00,0,0,0,0,0
1779933074047,3128,10366,-11829,95,206,-331,resting,0.00,0,0,0,0,0
1779933074047,2996,10464,-11744,72,195,-314,resting,0.00,0,0,0,0,0
1779933074048,2805,10748,-11727,42,195,-302,resting,0.00,0,0,0,0,0
1779933074078,2649,10790,-11831,24,194,-303,resting,0.00,0,0,0,0,0
1779933074079,2721,10624,-11820,13,195,-318,resting,0.00,0,0,0,0,0
1779933074080,2883,10651,-11945,27,206,-336,resting,0.00,0,0,0,0,0
1779933074109,2864,10562,-11852,61,216,-361,resting,0.00,0,0,0,0,0
1779933074109,2790,10615,-11862,69,226,-386,resting,0.00,0,0,0,0,0
1779933074109,2793,10373,-11681,73,225,-411,resting,0.00,0,0,0,0,0
1779933074135,2809,10074,-11703,75,217,-426,resting,0.00,0,0,0,0,0
1779933074135,2441,9486,-12145,49,217,-484,resting,0.00,0,0,0,0,0
1779933074136,2082,9544,-12639,-16,229,-506,resting,0.00,0,0,0,0,0
1779933074164,1869,9950,-12703,-87,249,-514,resting,0.00,0,0,0,0,0
1779933074167,1946,10585,-12921,-134,277,-522,resting,0.00,0,0,0,0,0
1779933074167,2060,10802,-13113,-138,299,-524,resting,0.00,0,0,0,0,0
1779933074194,2146,10816,-13058,-123,324,-523,resting,0.00,0,0,0,0,0
1779933074200,2256,10963,-12932,-100,344,-522,resting,0.00,0,0,0,0,0
1779933074200,2248,10911,-12825,-80,353,-515,resting,0.00,0,0,0,0,0
1779933074226,2413,10864,-12610,-77,357,-505,resting,0.00,0,0,0,0,0
1779933074227,2603,11049,-12148,-72,337,-496,resting,0.00,0,0,0,0,0
1779933074228,2619,10783,-11851,-28,319,-510,resting,0.00,0,0,0,0,0
1779933074261,2601,10324,-11892,47,299,-538,resting,0.00,0,0,0,0,0
1779933074262,2535,9715,-12243,104,283,-573,resting,0.00,0,0,0,0,0
1779933074263,2285,9661,-12154,110,266,-593,resting,0.00,0,0,0,0,0
1779933074285,2055,9980,-12110,54,240,-575,resting,0.00,0,0,0,0,0
1779933074286,1916,9843,-11903,21,205,-570,resting,0.00,0,0,0,0,0
1779933074286,1853,9671,-11964,-12,177,-613,resting,0.00,0,0,0,0,0
1779933074319,1722,9717,-12166,-28,157,-630,resting,0.00,0,0,0,0,0
1779933074320,1518,9947,-12236,-48,143,-613,resting,0.00,0,0,0,0,0
1779933074321,1185,10782,-12172,-83,119,-588,resting,0.00,0,0,0,0,0
1779933074345,1082,11051,-11737,-107,78,-613,resting,0.00,0,0,0,0,0
1779933074346,764,11286,-12098,-108,70,-590,resting,0.00,0,0,0,0,0
1779933074347,615,11562,-12162,-60,65,-553,resting,0.00,0,0,0,0,0
1779933074378,471,11681,-12138,-50,64,-544,resting,0.00,0,0,0,0,0
1779933074379,309,11914,-11991,-42,65,-525,resting,0.00,0,0,0,0,0
1779933074380,464,11931,-11649,-15,70,-524,resting,0.00,0,0,0,0,0
1779933074407,860,11779,-11714,18,72,-537,resting,0.00,0,0,0,0,0
1779933074409,1067,11513,-11442,59,65,-537,resting,0.00,0,0,0,0,0
1779933074410,1037,11623,-11442,83,66,-518,resting,0.00,0,0,0,0,0
1779933074436,973,11993,-11312,73,44,-485,resting,0.00,0,0,0,0,0
1779933074437,692,12341,-11303,51,19,-440,resting,0.00,0,0,0,0,0
1779933074438,502,13002,-11198,47,-14,-369,resting,0.00,0,0,0,0,0
1779933074472,313,13496,-10922,49,-63,-286,resting,0.00,0,0,0,0,0
1779933074473,215,13769,-10600,86,-120,-179,resting,0.00,0,0,0,0,0
1779933074473,285,14327,-10023,163,-197,-64,resting,0.00,0,0,0,0,0
1779933074494,322,15091,-9711,261,-286,57,resting,0.00,0,0,0,0,0
1779933074494,280,15190,-9165,413,-395,185,resting,0.00,0,0,0,0,0
1779933074494,-18,14365,-9299,571,-507,319,resting,0.00,0,0,0,0,0
1779933074528,73,14029,-8887,676,-630,438,resting,0.00,0,0,0,0,0
1779933074529,394,13859,-9022,733,-743,564,resting,0.00,0,0,0,0,0
1779933074529,1479,13263,-9731,752,-850,737,resting,0.00,0,0,0,0,0
1779933074555,2190,12404,-10089,653,-989,926,resting,0.00,0,0,0,0,0
1779933074556,2227,11657,-10071,515,-1098,1065,resting,0.00,0,0,0,0,0
1779933074558,2689,10983,-10180,366,-1172,1140,resting,0.00,0,0,0,0,0
1779933074586,2916,10592,-10680,183,-1242,1234,resting,0.00,0,0,0,0,0
1779933074587,2769,11217,-11006,99,-1261,1374,resting,0.00,0,0,0,0,0
1779933074588,3160,11267,-11546,105,-1253,1414,resting,0.00,0,0,0,0,0
1779933074618,2860,10182,-12314,66,-1285,1409,resting,0.00,0,0,0,0,0
1779933074619,2265,9361,-12847,16,-1270,1416,resting,0.00,0,0,0,0,0
1779933074620,2596,9158,-13239,-18,-1212,1428,resting,0.00,0,0,0,0,0
1779933074645,2785,9242,-13524,-70,-1177,1410,resting,0.00,0,0,0,0,0
1779933074646,3047,9179,-13769,-115,-1152,1370,resting,0.00,0,0,0,0,0
1779933074647,2681,8899,-13497,-145,-1134,1360,resting,0.00,0,0,0,0,0
1779933074675,1979,9791,-14164,-131,-1096,1337,resting,0.00,0,0,0,0,0
1779933074676,2366,7627,-13941,-156,-1068,1093,resting,0.00,0,0,0,0,0
1779933074677,1757,7719,-14435,-282,-1056,1093,resting,0.00,0,0,0,0,0
1779933074705,1280,8368,-14583,-199,-985,1063,resting,0.00,0,0,0,0,0
1779933074707,867,7863,-14709,-171,-913,933,resting,0.00,0,0,0,0,0
1779933074712,555,8143,-14366,-80,-843,815,resting,0.00,0,0,0,0,0
1779933074738,324,7808,-13775,28,-775,697,resting,0.00,0,0,0,0,0
1779933074739,964,8517,-14226,122,-738,550,resting,0.00,0,0,0,0,0
1779933074740,610,7854,-13278,315,-710,447,resting,0.00,0,0,0,0,0
1779933074769,863,6617,-13638,395,-670,310,resting,0.00,0,0,0,0,0
1779933074769,148,6908,-14039,409,-660,187,resting,0.00,0,0,0,0,0
1779933074770,-1101,6895,-14953,412,-593,-20,resting,0.00,0,0,0,0,0
1779933074795,-2100,7037,-15384,356,-510,-59,resting,0.00,0,0,0,0,0
1779933074795,-3078,8680,-15968,323,-429,59,resting,0.00,0,0,0,0,0
1779933074796,-3803,9054,-15654,411,-298,-105,resting,0.00,0,0,0,0,0
1779933074826,-3446,8601,-15063,412,-227,-233,resting,0.00,0,0,0,0,0
1779933074827,-2468,7509,-14362,492,-180,-219,resting,0.00,0,0,0,0,0
1779933074828,-2459,7359,-14967,498,-138,-184,resting,0.00,0,0,0,0,0
1779933074856,-3548,7713,-15450,389,-84,-213,resting,0.00,0,0,0,0,0
1779933074860,-4387,8337,-15722,196,-17,-178,resting,0.00,0,0,0,0,0
1779933074862,-4649,9428,-15317,117,49,-106,resting,0.00,0,0,0,0,0
1779933074886,-3907,9912,-14804,90,95,-115,resting,0.00,0,0,0,0,0
1779933074886,-2410,9802,-14599,110,116,-182,resting,0.00,0,0,0,0,0
1779933074888,-1234,9558,-14595,204,129,-226,resting,0.00,0,0,0,0,0
1779933074919,-427,9222,-14636,313,149,-228,resting,0.00,0,0,0,0,0
1779933074920,-282,9257,-14664,380,167,-196,resting,0.00,0,0,0,0,0
1779933074921,-375,9424,-14554,451,184,-184,resting,0.00,0,0,0,0,0
1779933074946,-319,8874,-14232,499,192,-223,resting,0.00,0,0,0,0,0
1779933074946,-170,8563,-14268,507,200,-263,resting,0.00,0,0,0,0,0
1779933074947,315,8744,-13875,546,203,-273,resting,0.00,0,0,0,0,0
1779933074978,696,8296,-13346,591,180,-291,resting,0.00,0,0,0,0,0
1779933074979,600,7616,-12829,583,142,-343,resting,0.00,0,0,0,0,0
1779933074980,639,7266,-12403,524,99,-365,resting,0.00,0,0,0,0,0
1779933075005,549,6914,-11796,465,29,-349,resting,0.00,0,0,0,0,0
1779933075005,139,7248,-11626,420,-39,-334,resting,0.00,0,0,0,0,0
1779933075010,-466,7812,-11726,365,-106,-339,resting,0.00,0,0,0,0,0
1779933075035,-900,8320,-11951,353,-164,-332,resting,0.00,0,0,0,0,0
1779933075036,-1353,8742,-12195,369,-211,-319,resting,0.00,0,0,0,0,0
1779933075037,-1708,8950,-12456,390,-239,-320,resting,0.00,0,0,0,0,0
1779933075074,-2051,8979,-12451,392,-259,-322,resting,0.00,0,0,0,0,0
1779933075074,-2259,8864,-12701,382,-278,-298,resting,0.00,0,0,0,0,0
1779933075077,-2867,8996,-13027,329,-295,-250,resting,0.00,0,0,0,0,0
1779933075095,-3258,9061,-13649,219,-297,-216,resting,0.00,0,0,0,0,0
1779933075096,-3618,9307,-14404,82,-277,-165,resting,0.00,0,0,0,0,0
1779933075100,-3599,9666,-15042,-9,-230,-102,resting,0.00,0,0,0,0,0
1779933075130,-3482,9975,-15053,-50,-176,-79,resting,0.00,0,0,0,0,0
1779933075131,-2653,9355,-14636,-18,-117,-110,resting,0.00,0,0,0,0,0
1779933075132,-1746,8474,-14301,67,-76,-128,resting,0.00,0,0,0,0,0
1779933075155,-1331,8008,-14112,156,-61,-133,resting,0.00,0,0,0,0,0
1779933075155,-1261,7387,-14186,231,-56,-150,resting,0.00,0,0,0,0,0
1779933075156,-1343,6871,-14475,266,-59,-132,resting,0.00,0,0,0,0,0
1779933075186,-1371,6818,-14662,232,-70,-107,resting,0.00,0,0,0,0,0
1779933075187,-981,6771,-15010,159,-84,-104,resting,0.00,0,0,0,0,0
1779933075188,-209,7081,-15360,118,-106,-74,resting,0.00,0,0,0,0,0
1779933075218,-109,7374,-15418,118,-131,-16,resting,0.00,0,0,0,0,0
1779933075219,-463,7367,-15453,93,-141,-9,resting,0.00,0,0,0,0,0
1779933075220,-380,7411,-15628,44,-154,-43,resting,0.00,0,0,0,0,0
1779933075246,47,8053,-15468,98,-167,-46,resting,0.00,0,0,0,0,0
1779933075252,117,8112,-15387,194,-181,-31,resting,0.00,0,0,0,0,0
1779933075253,-597,7136,-15146,394,-196,-56,resting,0.00,0,0,0,0,0
1779933075277,-819,6528,-15383,425,-190,-23,resting,0.00,0,0,0,0,0
1779933075277,-1021,6741,-15180,355,-197,-47,resting,0.00,0,0,0,0,0
1779933075278,-1007,7196,-14695,300,-203,-67,resting,0.00,0,0,0,0,0
1779933075310,-1293,7487,-14498,272,-221,-63,resting,0.00,0,0,0,0,0
1779933075311,-1624,7535,-14420,249,-233,-71,resting,0.00,0,0,0,0,0
1779933075312,-2052,7952,-14640,217,-242,-64,resting,0.00,0,0,0,0,0
1779933075335,-2515,8429,-14885,202,-235,-45,resting,0.00,0,0,0,0,0
1779933075335,-2510,8274,-14491,236,-220,-49,resting,0.00,0,0,0,0,0
1779933075337,-2166,7454,-13861,323,-204,-78,resting,0.00,0,0,0,0,0
1779933075368,-2170,6537,-14196,365,-197,-93,resting,0.00,0,0,0,0,0
1779933075369,-2552,6122,-14704,334,-182,-91,resting,0.00,0,0,0,0,0
1779933075370,-2856,6548,-15314,240,-155,-70,resting,0.00,0,0,0,0,0
1779933075395,-2659,7056,-14956,179,-140,-62,resting,0.00,0,0,0,0,0
1779933075395,-2039,6939,-14364,178,-138,-94,resting,0.00,0,0,0,0,0
1779933075396,-1706,6713,-14502,159,-158,-110,resting,0.00,0,0,0,0,0
1779933075425,-1952,7049,-14977,123,-186,-85,resting,0.00,0,0,0,0,0
1779933075426,-2459,7488,-15158,104,-198,-69,resting,0.00,0,0,0,0,0
1779933075427,-2517,7394,-14991,123,-201,-89,resting,0.00,0,0,0,0,0
1779933075463,-2273,6827,-14762,146,-206,-123,resting,0.00,0,0,0,0,0
1779933075463,-2105,6394,-14732,154,-213,-140,resting,0.00,0,0,0,0,0
1779933075464,-2168,6603,-14867,151,-217,-131,resting,0.00,0,0,0,0,0
1779933075486,-2358,6929,-14906,134,-214,-121,resting,0.00,0,0,0,0,0
1779933075487,-2522,7144,-14680,136,-210,-123,resting,0.00,0,0,0,0,0
1779933075488,-2365,7051,-14367,153,-206,-139,resting,0.00,0,0,0,0,0
1779933075517,-2023,7098,-14438,148,-205,-143,resting,0.00,0,0,0,0,0
1779933075519,-1926,7234,-14453,131,-206,-140,resting,0.00,0,0,0,0,0
1779933075519,-1886,7527,-14580,108,-201,-142,resting,0.00,0,0,0,0,0
1779933075545,-1895,7765,-14537,85,-197,-162,resting,0.00,0,0,0,0,0
1779933075545,-1798,7566,-14385,78,-184,-198,resting,0.00,0,0,0,0,0
1779933075546,-1761,7264,-14486,71,-168,-231,resting,0.00,0,0,0,0,0
1779933075578,-1866,6892,-14596,37,-149,-250,resting,0.00,0,0,0,0,0
1779933075578,-2059,6876,-14560,-8,-127,-257,resting,0.00,0,0,0,0,0
1779933075579,-2267,6855,-14545,-55,-102,-271,resting,0.00,0,0,0,0,0
1779933075609,-2438,6961,-14571,-73,-80,-283,resting,0.00,0,0,0,0,0
1779933075637,-2657,6897,-14525,-65,-60,-297,resting,0.00,0,0,0,0,0
1779933075643,-2886,6864,-14539,-52,-37,-306,resting,0.00,0,0,0,0,0
1779933075643,-3171,6754,-14399,-35,-17,-311,resting,0.00,0,0,0,0,0
1779933075644,-3352,6494,-14459,-45,4,-315,resting,0.00,0,0,0,0,0
1779933075645,-3405,6363,-14643,-50,25,-329,resting,0.00,0,0,0,0,0
1779933075674,-3302,6163,-14748,-55,43,-326,resting,0.00,0,0,0,0,0
1779933075674,-3249,6260,-14785,-60,51,-322,resting,0.00,0,0,0,0,0
1779933075678,-3299,6373,-14874,-78,56,-309,resting,0.00,0,0,0,0,0
1779933075694,-3434,6689,-14738,-79,57,-304,resting,0.00,0,0,0,0,0
1779933075695,-3365,6789,-14850,-66,64,-313,resting,0.00,0,0,0,0,0
1779933075696,-3196,6737,-14788,-51,63,-320,resting,0.00,0,0,0,0,0
1779933075730,-2999,6748,-14883,-53,56,-320,resting,0.00,0,0,0,0,0
1779933075731,-2855,6778,-14956,-48,44,-319,resting,0.00,0,0,0,0,0
1779933075732,-2771,6771,-15065,-50,30,-325,resting,0.00,0,0,0,0,0
1779933075759,-2717,6889,-15049,-56,12,-334,resting,0.00,0,0,0,0,0
1779933075760,-2671,6957,-15002,-56,-5,-335,resting,0.00,0,0,0,0,0
1779933075761,-2575,6924,-15080,-49,-20,-333,resting,0.00,0,0,0,0,0
1779933075785,-2617,6969,-15093,-37,-37,-338,resting,0.00,0,0,0,0,0
1779933075786,-2655,7070,-15102,-18,-50,-348,resting,0.00,0,0,0,0,0
1779933075787,-2639,7049,-15063,12,-64,-356,resting,0.00,0,0,0,0,0
1779933075817,-2763,6902,-15120,32,-78,-357,resting,0.00,0,0,0,0,0
1779933075818,-2950,6759,-15049,44,-91,-358,resting,0.00,0,0,0,0,0
1779933075819,-3039,6676,-15053,49,-99,-362,resting,0.00,0,0,0,0,0
1779933075851,-3211,6722,-14857,60,-112,-356,resting,0.00,0,0,0,0,0
1779933075852,-3312,6602,-14879,64,-121,-357,resting,0.00,0,0,0,0,0
1779933075853,-3526,6238,-14815,66,-130,-349,resting,0.00,0,0,0,0,0
1779933075878,-3549,6140,-14809,51,-138,-340,resting,0.00,0,0,0,0,0
1779933075884,-3679,5988,-14744,17,-147,-329,resting,0.00,0,0,0,0,0
1779933075885,-3611,6010,-14635,6,-153,-317,resting,0.00,0,0,0,0,0
1779933075909,-3701,6087,-14714,-16,-157,-305,resting,0.00,0,0,0,0,0
1779933075910,-3763,6328,-14680,-25,-157,-292,resting,0.00,0,0,0,0,0
1779933075911,-3906,6498,-14635,-18,-153,-283,resting,0.00,0,0,0,0,0
1779933075935,-4009,6404,-14548,6,-141,-288,resting,0.00,0,0,0,0,0
1779933075936,-4078,6216,-14523,28,-121,-293,resting,0.00,0,0,0,0,0
1779933075937,-4102,6040,-14434,43,-100,-293,resting,0.00,0,0,0,0,0
1779933075967,-4005,6136,-14440,59,-77,-282,resting,0.00,0,0,0,0,0
1779933075968,-3891,6259,-14379,73,-53,-267,resting,0.00,0,0,0,0,0
1779933075969,-3799,6199,-14334,73,-30,-253,resting,0.00,0,0,0,0,0
1779933075996,-3763,6152,-14269,64,-18,-242,resting,0.00,0,0,0,0,0
1779933075997,-3878,6152,-14401,41,-7,-230,resting,0.00,0,0,0,0,0
1779933076000,-3989,6132,-14548,17,6,-218,resting,0.00,0,0,0,0,0
1779933076027,-3965,6258,-14586,10,21,-210,resting,0.00,0,0,0,0,0
1779933076027,-3939,6284,-14609,0,37,-204,resting,0.00,0,0,0,0,0
1779933076028,-3842,6099,-14488,-2,47,-200,resting,0.00,0,0,0,0,0
1779933076057,-3857,5913,-14582,-8,59,-189,resting,0.00,0,0,0,0,0
1779933076059,-3938,5835,-14692,-25,69,-178,resting,0.00,0,0,0,0,0
1779933076059,-3914,5910,-14739,-48,83,-166,resting,0.00,0,0,0,0,0
1779933076087,-3894,6037,-14751,-62,89,-152,resting,0.00,0,0,0,0,0
1779933076088,-3989,6168,-14723,-74,92,-147,resting,0.00,0,0,0,0,0
1779933076089,-4035,6300,-14729,-73,94,-146,resting,0.00,0,0,0,0,0
1779933076121,-4074,6265,-14793,-73,93,-145,resting,0.00,0,0,0,0,0
1779933076122,-4106,6257,-14823,-69,86,-148,resting,0.00,0,0,0,0,0
1779933076123,-4127,6248,-14912,-72,82,-155,resting,0.00,0,0,0,0,0
1779933076145,-4067,6209,-14930,-70,77,-157,resting,0.00,0,0,0,0,0
1779933076150,-3967,6290,-14944,-68,68,-160,resting,0.00,0,0,0,0,0
1779933076152,-3943,6343,-14988,-74,54,-165,resting,0.00,0,0,0,0,0
1779933076176,-3908,6399,-15068,-73,43,-163,resting,0.00,0,0,0,0,0
1779933076177,-3930,6378,-15173,-61,29,-169,resting,0.00,0,0,0,0,0
1779933076178,-3948,6364,-15103,-48,11,-177,resting,0.00,0,0,0,0,0
1779933076209,-3884,6486,-15115,-33,-5,-180,resting,0.00,0,0,0,0,0
1779933076210,-3880,6452,-15156,-9,-24,-182,resting,0.00,0,0,0,0,0
1779933076211,-3909,6354,-15024,9,-39,-188,resting,0.00,0,0,0,0,0
1779933076235,-3835,6300,-14986,28,-52,-185,resting,0.00,0,0,0,0,0
1779933076236,-3945,6325,-14826,48,-67,-178,resting,0.00,0,0,0,0,0
1779933076237,-4112,6229,-14871,56,-77,-178,resting,0.00,0,0,0,0,0
1779933076267,-4248,6074,-14964,55,-83,-164,resting,0.00,0,0,0,0,0
1779933076268,-4272,6028,-14861,59,-84,-157,resting,0.00,0,0,0,0,0
1779933076269,-4352,6079,-14627,63,-84,-168,resting,0.00,0,0,0,0,0
1779933076296,-4391,5905,-14699,53,-86,-176,resting,0.00,0,0,0,0,0
1779933076301,-4342,5789,-14702,42,-84,-165,resting,0.00,0,0,0,0,0
1779933076302,-4416,5975,-14644,31,-83,-150,resting,0.00,0,0,0,0,0
1779933076325,-4554,6109,-14707,21,-79,-154,resting,0.00,0,0,0,0,0
1779933076327,-4447,6014,-14606,19,-71,-156,resting,0.00,0,0,0,0,0
1779933076327,-4393,6130,-14543,20,-64,-151,resting,0.00,0,0,0,0,0
1779933076357,-4357,6059,-14502,18,-60,-149,resting,0.00,0,0,0,0,0
1779933076358,-4490,5982,-14425,16,-52,-140,resting,0.00,0,0,0,0,0
1779933076359,-4527,5995,-14483,5,-40,-132,resting,0.00,0,0,0,0,0
1779933076387,-4585,5803,-14517,-16,-17,-114,resting,0.00,0,0,0,0,0
1779933076388,-4509,5880,-14555,-27,-4,-113,resting,0.00,0,0,0,0,0
1779933076389,-4580,5929,-14531,-27,3,-105,resting,0.00,0,0,0,0,0
1779933076416,-4557,5950,-14472,-26,12,-102,resting,0.00,0,0,0,0,0
1779933076417,-4581,5846,-14659,-35,18,-94,resting,0.00,0,0,0,0,0
1779933076418,-4722,5789,-14510,-38,23,-92,resting,0.00,0,0,0,0,0
1779933076454,-4548,5856,-14663,-50,31,-95,resting,0.00,0,0,0,0,0
1779933076455,-4360,6014,-14688,-45,33,-86,resting,0.00,0,0,0,0,0
1779933076455,-4393,5982,-14762,-47,35,-73,resting,0.00,0,0,0,0,0
1779933076475,-4388,6021,-14839,-43,36,-70,resting,0.00,0,0,0,0,0
1779933076476,-4437,6137,-14817,-34,33,-67,resting,0.00,0,0,0,0,0
1779933076477,-4306,6028,-14837,-27,31,-72,resting,0.00,0,0,0,0,0
1779933076509,-4232,6016,-14923,-30,23,-62,resting,0.00,0,0,0,0,0
1779933076510,-4152,6116,-14908,-25,15,-53,resting,0.00,0,0,0,0,0
1779933076512,-4275,6191,-14877,-15,7,-45,resting,0.00,0,0,0,0,0
1779933076535,-4395,6038,-14875,-4,4,-46,resting,0.00,0,0,0,0,0
1779933076536,-4487,5815,-14784,-9,-2,-48,resting,0.00,0,0,0,0,0
1779933076536,-4389,5667,-14675,-25,-2,-42,resting,0.00,0,0,0,0,0
1779933076565,-4360,5737,-14680,-45,-1,-31,resting,0.00,0,0,0,0,0
1779933076565,-4431,5883,-14655,-55,2,-19,resting,0.00,0,0,0,0,0
1779933076566,-4555,6035,-14633,-56,7,-9,resting,0.00,0,0,0,0,0
1779933076594,-4602,6120,-14576,-45,12,-5,resting,0.00,0,0,0,0,0
1779933076594,-4626,6141,-14483,-39,17,-5,resting,0.00,0,0,0,0,0
1779933076595,-4599,6061,-14492,-31,25,-6,resting,0.00,0,0,0,0,0
1779933076625,-4561,5994,-14523,-32,34,-1,resting,0.00,0,0,0,0,0
1779933076625,-4567,6019,-14555,-42,40,8,resting,0.00,0,0,0,0,0
1779933076626,-4551,6043,-14549,-49,45,14,resting,0.00,0,0,0,0,0
1779933076657,-4557,6033,-14502,-53,52,15,resting,0.00,0,0,0,0,0
1779933076657,-4539,6017,-14569,-59,57,17,resting,0.00,0,0,0,0,0
1779933076658,-4498,5978,-14674,-66,59,21,resting,0.00,0,0,0,0,0
1779933076691,-4435,6003,-14733,-74,61,26,resting,0.00,0,0,0,0,0
1779933076692,-4417,6117,-14741,-81,59,31,resting,0.00,0,0,0,0,0
1779933076693,-4400,6205,-14767,-87,55,33,resting,0.00,0,0,0,0,0
1779933076721,-4375,6258,-14795,-81,48,31,resting,0.00,0,0,0,0,0
1779933076721,-4362,6266,-14842,-72,44,29,resting,0.00,0,0,0,0,0
1779933076722,-4340,6177,-14823,-58,36,27,resting,0.00,0,0,0,0,0
1779933076745,-4378,6140,-14856,-53,29,31,resting,0.00,0,0,0,0,0
1779933076750,-4387,6210,-14838,-47,20,34,resting,0.00,0,0,0,0,0
1779933076751,-4419,6178,-14802,-43,10,37,resting,0.00,0,0,0,0,0
1779933076775,-4490,6184,-14760,-42,-1,37,resting,0.00,0,0,0,0,0
1779933076777,-4501,6160,-14743,-37,-8,40,resting,0.00,0,0,0,0,0
1779933076778,-4462,6106,-14767,-38,-14,43,resting,0.00,0,0,0,0,0
1779933076808,-4474,6125,-14739,-38,-22,48,resting,0.00,0,0,0,0,0
1779933076809,-4462,6188,-14669,-36,-27,53,resting,0.00,0,0,0,0,0
1779933076810,-4475,6170,-14670,-29,-30,59,resting,0.00,0,0,0,0,0
1779933076835,-4466,6217,-14689,-25,-35,64,resting,0.00,0,0,0,0,0
1779933076837,-4488,6238,-14741,-22,-40,66,resting,0.00,0,0,0,0,0
1779933076838,-4507,6213,-14654,-12,-40,70,resting,0.00,0,0,0,0,0
1779933076868,-4467,6222,-14628,-5,-40,73,resting,0.00,0,0,0,0,0
1779933076874,-4474,6152,-14608,-4,-44,78,resting,0.00,0,0,0,0,0
1779933076875,-4524,6133,-14593,-9,-44,84,resting,0.00,0,0,0,0,0
1779933076895,-4571,6166,-14583,-14,-43,93,resting,0.00,0,0,0,0,0
1779933076925,-4538,6247,-14576,-13,-39,99,resting,0.00,0,0,0,0,0
1779933076926,-4526,6340,-14527,-12,-37,100,resting,0.00,0,0,0,0,0
1779933076927,-4502,6346,-14522,-12,-35,101,resting,0.00,0,0,0,0,0
1779933076927,-4464,6358,-14517,-8,-33,101,resting,0.00,0,0,0,0,0
1779933076928,-4436,6353,-14534,-7,-28,100,resting,0.00,0,0,0,0,0
1779933076956,-4430,6323,-14559,-9,-25,99,resting,0.00,0,0,0,0,0
1779933076985,-4350,6361,-14540,-12,-21,98,resting,0.00,0,0,0,0,0
1779933076986,-4324,6447,-14581,-15,-18,96,resting,0.00,0,0,0,0,0
1779933076990,-4349,6507,-14586,-10,-17,91,resting,0.00,0,0,0,0,0
1779933076991,-4388,6449,-14618,-7,-13,85,resting,0.00,0,0,0,0,0
1779933076991,-4434,6487,-14566,-8,-11,81,resting,0.00,0,0,0,0,0
1779933077016,-4460,6504,-14542,-9,-12,75,resting,0.00,0,0,0,0,0
1779933077017,-4470,6463,-14590,-5,-12,70,resting,0.00,0,0,0,0,0
1779933077018,-4491,6391,-14528,-5,-10,65,resting,0.00,0,0,0,0,0
1779933077046,-4461,6410,-14524,-7,-5,64,resting,0.00,0,0,0,0,0
1779933077048,-4486,6448,-14539,-9,-1,62,resting,0.00,0,0,0,0,0
1779933077049,-4500,6430,-14471,-13,0,59,resting,0.00,0,0,0,0,0
1779933077076,-4475,6433,-14524,-16,3,56,resting,0.00,0,0,0,0,0
1779933077077,-4420,6434,-14534,-15,3,53,resting,0.00,0,0,0,0,0
1779933077078,-4384,6462,-14548,-15,3,50,resting,0.00,0,0,0,0,0
1779933077111,-4399,6481,-14566,-15,7,44,resting,0.00,0,0,0,0,0
1779933077112,-4377,6589,-14538,-13,10,40,resting,0.00,0,0,0,0,0
1779933077112,-4311,6543,-14504,-9,11,34,resting,0.00,0,0,0,0,0
1779933077135,-4287,6503,-14545,-8,11,27,resting,0.00,0,0,0,0,0
1779933077136,-4281,6470,-14545,-10,14,21,resting,0.00,0,0,0,0,0
1779933077137,-4331,6475,-14533,-16,16,22,resting,0.00,0,0,0,0,0
1779933077165,-4337,6343,-14534,-31,17,22,resting,0.00,0,0,0,0,0
1779933077167,-4351,6545,-14694,-34,19,21,resting,0.00,0,0,0,0,0
1779933077168,-4555,6638,-14489,-19,17,10,resting,0.00,0,0,0,0,0
1779933077199,-4343,6177,-14491,-19,24,5,resting,0.00,0,0,0,0,0
1779933077200,-4326,6594,-14729,-31,18,13,resting,0.00,0,0,0,0,0
1779933077201,-4456,6846,-14696,-7,11,11,resting,0.00,0,0,0,0,0
1779933077226,-4577,6546,-14533,21,17,-3,resting,0.00,0,0,0,0,0
1779933077227,-4466,6122,-14547,16,23,-12,resting,0.00,0,0,0,0,0
1779933077227,-4307,6252,-14628,-10,20,-4,resting,0.00,0,0,0,0,0
1779933077256,-4339,6337,-14499,-23,18,5,resting,0.00,0,0,0,0,0
1779933077257,-4374,6462,-14500,-32,22,6,resting,0.00,0,0,0,0,0
1779933077258,-4424,6508,-14626,-27,20,2,resting,0.00,0,0,0,0,0
1779933077290,-4336,6425,-14592,-16,19,5,resting,0.00,0,0,0,0,0
1779933077291,-4386,6370,-14483,-24,21,2,resting,0.00,0,0,0,0,0
1779933077292,-4285,6481,-14606,-37,25,-1,resting,0.00,0,0,0,0,0
1779933077315,-4345,6610,-14536,-31,20,-1,resting,0.00,0,0,0,0,0
1779933077315,-4357,6440,-14583,-26,22,-6,resting,0.00,0,0,0,0,0
1779933077316,-4376,6428,-14553,-29,24,-7,resting,0.00,0,0,0,0,0
1779933077349,-4343,6543,-14588,-30,25,-6,resting,0.00,0,0,0,0,0
1779933077350,-4307,6613,-14563,-21,25,-6,resting,0.00,0,0,0,0,0
1779933077351,-4289,6505,-14498,-14,25,-12,resting,0.00,0,0,0,0,0
1779933077378,-4278,6460,-14608,-15,28,-14,resting,0.00,0,0,0,0,0
1779933077379,-4291,6414,-14636,-14,25,-11,resting,0.00,0,0,0,0,0
1779933077380,-4284,6372,-14633,-15,26,-12,resting,0.00,0,0,0,0,0
1779933077407,-4257,6392,-14633,-22,24,-9,resting,0.00,0,0,0,0,0
1779933077408,-4244,6433,-14595,-20,18,-6,resting,0.00,0,0,0,0,0
1779933077409,-4315,6463,-14613,-18,16,-5,resting,0.00,0,0,0,0,0
1779933077435,-4327,6513,-14687,-16,13,-6,resting,0.00,0,0,0,0,0
1779933077436,-4357,6510,-14641,-4,12,-6,resting,0.00,0,0,0,0,0
1779933077437,-4356,6487,-14611,3,10,-9,resting,0.00,0,0,0,0,0
1779933077466,-4337,6432,-14563,8,7,-11,resting,0.00,0,0,0,0,0
1779933077467,-4320,6365,-14564,9,5,-10,resting,0.00,0,0,0,0,0
1779933077468,-4344,6345,-14587,4,3,-5,resting,0.00,0,0,0,0,0
1779933077499,-4335,6394,-14594,-4,1,0,resting,0.00,0,0,0,0,0
1779933077500,-4341,6492,-14558,-9,-6,0,resting,0.00,0,0,0,0,0
1779933077500,-4341,6481,-14546,-5,-3,-3,resting,0.00,0,0,0,0,0
1779933077525,-4339,6440,-14610,-5,-2,-2,resting,0.00,0,0,0,0,0
1779933077525,-4357,6509,-14604,-9,-3,1,resting,0.00,0,0,0,0,0
1779933077525,-4358,6464,-14584,-7,-4,0,resting,0.00,0,0,0,0,0
1779933077557,-4355,6401,-14519,2,-4,1,resting,0.00,0,0,0,0,0
1779933077558,-4358,6345,-14573,-1,-3,3,resting,0.00,0,0,0,0,0
1779933077558,-4354,6403,-14537,-3,-3,8,resting,0.00,0,0,0,0,0
1779933077585,-4373,6522,-14583,-2,-1,11,resting,0.00,0,0,0,0,0
1779933077591,-4422,6435,-14582,-6,-2,9,resting,0.00,0,0,0,0,0
1779933077592,-4330,6414,-14513,-4,-2,10,resting,0.00,0,0,0,0,0
1779933077617,-4325,6507,-14542,-6,0,12,resting,0.00,0,0,0,0,0
1779933077618,-4323,6512,-14526,-7,0,10,resting,0.00,0,0,0,0,0
1779933077624,-4347,6484,-14553,-11,-1,9,resting,0.00,0,0,0,0,0
1779933077646,-4379,6458,-14556,-18,0,8,resting,0.00,0,0,0,0,0
1779933077647,-4405,6525,-14559,-24,-1,6,resting,0.00,0,0,0,0,0
1779933077649,-4396,6494,-14548,-23,1,7,resting,0.00,0,0,0,0,0
1779933077675,-4362,6501,-14550,-18,0,5,resting,0.00,0,0,0,0,0
1779933077676,-4359,6477,-14552,-22,-1,5,resting,0.00,0,0,0,0,0
1779933077677,-4349,6518,-14548,-18,-2,5,resting,0.00,0,0,0,0,0
1779933077710,-4366,6537,-14562,-17,-3,6,resting,0.00,0,0,0,0,0
1779933077711,-4360,6511,-14574,-13,-3,6,resting,0.00,0,0,0,0,0
1779933077711,-4372,6466,-14552,-8,-4,6,resting,0.00,0,0,0,0,0
1779933077740,-4408,6433,-14589,-11,-4,9,resting,0.00,0,0,0,0,0
1779933077741,-4357,6481,-14541,-9,-3,12,resting,0.00,0,0,0,0,0
1779933077742,-4374,6467,-14485,-6,-2,12,resting,0.00,0,0,0,0,0
1779933077769,-4391,6476,-14495,-5,2,11,resting,0.00,0,0,0,0,0
1779933077770,-4384,6531,-14473,-7,4,12,resting,0.00,0,0,0,0,0
1779933077771,-4406,6550,-14471,-6,9,15,resting,0.00,0,0,0,0,0
1779933077798,-4435,6500,-14441,-7,13,12,resting,0.00,0,0,0,0,0
1779933077799,-4384,6447,-14482,-10,14,10,resting,0.00,0,0,0,0,0
1779933077800,-4373,6478,-14449,-9,16,11,resting,0.00,0,0,0,0,0
1779933077836,-4377,6427,-14424,-18,20,13,resting,0.00,0,0,0,0,0
1779933077837,-4425,6510,-14527,-26,24,13,resting,0.00,0,0,0,0,0
1779933077838,-4372,6636,-14515,-27,25,14,resting,0.00,0,0,0,0,0
1779933077856,-4391,6614,-14499,-20,25,11,resting,0.00,0,0,0,0,0
1779933077856,-4377,6569,-14548,-16,25,6,resting,0.00,0,0,0,0,0
1779933077857,-4402,6542,-14503,-17,23,3,resting,0.00,0,0,0,0,0
1779933077885,-4348,6589,-14557,-21,25,4,resting,0.00,0,0,0,0,0
1779933077886,-4326,6628,-14607,-20,28,2,resting,0.00,0,0,0,0,0
1779933077890,-4353,6553,-14559,-14,28,-5,resting,0.00,0,0,0,0,0
1779933077915,-4298,6472,-14514,-15,30,-6,resting,0.00,0,0,0,0,0
1779933077917,-4293,6507,-14452,-25,30,-5,resting,0.00,0,0,0,0,0
1779933077918,-4322,6553,-14470,-28,29,-4,resting,0.00,0,0,0,0,0
1779933077948,-4372,6597,-14520,-32,29,-4,resting,0.00,0,0,0,0,0
1779933077949,-4393,6629,-14557,-33,31,-3,resting,0.00,0,0,0,0,0
1779933077950,-4404,6616,-14550,-28,29,-7,resting,0.00,0,0,0,0,0
1779933077976,-4365,6614,-14509,-20,29,-11,resting,0.00,0,0,0,0,0
1779933077976,-4357,6553,-14560,-15,32,-14,resting,0.00,0,0,0,0,0
1779933077977,-4355,6539,-14493,-17,31,-14,resting,0.00,0,0,0,0,0
1779933078006,-4311,6490,-14511,-23,30,-13,resting,0.00,0,0,0,0,0
1779933078008,-4309,6523,-14476,-23,30,-12,resting,0.00,0,0,0,0,0
1779933078008,-4280,6540,-14515,-24,30,-11,resting,0.00,0,0,0,0,0
1779933078038,-4279,6550,-14604,-25,28,-10,resting,0.00,0,0,0,0,0
1779933078039,-4272,6569,-14595,-27,27,-8,resting,0.00,0,0,0,0,0
1779933078039,-4297,6561,-14573,-28,26,-8,resting,0.00,0,0,0,0,0
1779933078066,-4320,6560,-14592,-26,22,-9,resting,0.00,0,0,0,0,0
1779933078067,-4349,6526,-14534,-23,22,-10,resting,0.00,0,0,0,0,0
1779933078067,-4338,6551,-14591,-21,21,-9,resting,0.00,0,0,0,0,0
1779933078103,-4363,6600,-14577,-17,20,-8,resting,0.00,0,0,0,0,0
1779933078103,-4368,6604,-14564,-12,21,-8,resting,0.00,0,0,0,0,0
1779933078104,-4370,6607,-14553,-9,21,-11,resting,0.00,0,0,0,0,0
1779933078126,-4280,6582,-14580,-10,17,-13,resting,0.00,0,0,0,0,0
1779933078157,-4233,6587,-14552,-11,16,-15,resting,0.00,0,0,0,0,0
1779933078158,-4225,6602,-14493,-11,14,-16,resting,0.00,0,0,0,0,0
1779933078159,-4240,6581,-14526,-15,13,-16,resting,0.00,0,0,0,0,0
1779933078160,-4263,6593,-14528,-14,13,-14,resting,0.00,0,0,0,0,0
1779933078160,-4308,6550,-14533,-14,12,-15,resting,0.00,0,0,0,0,0
1779933078188,-4286,6564,-14468,-11,14,-17,resting,0.00,0,0,0,0,0
1779933078189,-4308,6549,-14516,-7,14,-15,resting,0.00,0,0,0,0,0
1779933078189,-4359,6551,-14592,-6,12,-12,resting,0.00,0,0,0,0,0
1779933078217,-4334,6582,-14556,-5,10,-11,resting,0.00,0,0,0,0,0
1779933078217,-4309,6609,-14514,-1,11,-13,resting,0.00,0,0,0,0,0
1779933078218,-4296,6562,-14435,1,9,-17,resting,0.00,0,0,0,0,0
1779933078246,-4358,6529,-14508,0,5,-15,resting,0.00,0,0,0,0,0
1779933078247,-4342,6593,-14600,-4,6,-10,resting,0.00,0,0,0,0,0
1779933078248,-4297,6624,-14556,-9,7,-9,resting,0.00,0,0,0,0,0
1779933078275,-4236,6640,-14519,-11,6,-12,resting,0.00,0,0,0,0,0
1779933078276,-4272,6564,-14507,-7,3,-15,resting,0.00,0,0,0,0,0
1779933078277,-4302,6520,-14534,-6,1,-16,resting,0.00,0,0,0,0,0
1779933078306,-4287,6620,-14636,-5,2,-12,resting,0.00,0,0,0,0,0
1779933078307,-4262,6644,-14572,-2,1,-13,resting,0.00,0,0,0,0,0
1779933078307,-4251,6599,-14493,-2,0,-14,resting,0.00,0,0,0,0,0
1779933078339,-4320,6533,-14528,-2,-6,-13,resting,0.00,0,0,0,0,0
1779933078340,-4348,6484,-14512,-1,-5,-13,resting,0.00,0,0,0,0,0
1779933078341,-4352,6575,-14560,0,-2,-9,resting,0.00,0,0,0,0,0
1779933078368,-4381,6605,-14519,0,-2,-8,resting,0.00,0,0,0,0,0
1779933078369,-4350,6576,-14491,-2,-3,-12,resting,0.00,0,0,0,0,0
1779933078370,-4362,6563,-14508,-3,-3,-13,resting,0.00,0,0,0,0,0
1779933078398,-4359,6558,-14556,-4,-1,-14,resting,0.00,0,0,0,0,0
1779933078399,-4328,6583,-14481,-6,2,-13,resting,0.00,0,0,0,0,0
1779933078400,-4290,6542,-14463,-10,1,-13,resting,0.00,0,0,0,0,0
1779933078427,-4322,6532,-14568,-21,1,-12,resting,0.00,0,0,0,0,0
1779933078435,-4432,6623,-14475,-18,-1,-12,resting,0.00,0,0,0,0,0
1779933078436,-4358,6503,-14472,-8,7,-15,resting,0.00,0,0,0,0,0
1779933078455,-4270,6394,-14482,-15,6,-9,resting,0.00,0,0,0,0,0
1779933078456,-4257,6572,-14542,-23,3,-3,resting,0.00,0,0,0,0,0
1779933078458,-4444,6665,-14499,-10,3,1,resting,0.00,0,0,0,0,0
1779933078489,-4506,6551,-14474,1,8,-4,resting,0.00,0,0,0,0,0
1779933078490,-4379,6457,-14496,-2,13,-8,resting,0.00,0,0,0,0,0
1779933078491,-4290,6518,-14479,-6,12,-3,resting,0.00,0,0,0,0,0
1779933078516,-4349,6563,-14520,-8,12,2,resting,0.00,0,0,0,0,0
1779933078519,-4365,6592,-14489,-10,13,3,resting,0.00,0,0,0,0,0
1779933078520,-4384,6616,-14515,-3,12,4,resting,0.00,0,0,0,0,0
1779933078547,-4391,6568,-14504,-1,14,2,resting,0.00,0,0,0,0,0
1779933078548,-4387,6491,-14475,-6,19,1,resting,0.00,0,0,0,0,0
1779933078548,-4360,6499,-14472,-14,19,2,resting,0.00,0,0,0,0,0
1779933078575,-4340,6560,-14450,-16,18,6,resting,0.00,0,0,0,0,0
1779933078575,-4368,6548,-14421,-16,19,6,resting,0.00,0,0,0,0,0
1779933078576,-4343,6584,-14441,-15,22,5,resting,0.00,0,0,0,0,0
1779933078606,-4308,6622,-14466,-9,24,7,resting,0.00,0,0,0,0,0
1779933078607,-4311,6577,-14484,-3,26,6,resting,0.00,0,0,0,0,0
1779933078608,-4324,6525,-14560,0,29,7,resting,0.00,0,0,0,0,0
1779933078636,-4393,6537,-14563,-4,28,8,resting,0.00,0,0,0,0,0
1779933078637,-4366,6528,-14560,-11,26,10,resting,0.00,0,0,0,0,0
1779933078667,-4343,6592,-14550,-13,23,9,resting,0.00,0,0,0,0,0
1779933078668,-4332,6654,-14542,-9,20,6,resting,0.00,0,0,0,0,0
1779933078672,-4332,6664,-14591,-5,19,4,resting,0.00,0,0,0,0,0
1779933078672,-4321,6659,-14542,2,20,5,resting,0.00,0,0,0,0,0
1779933078697,-4290,6628,-14489,8,21,1,resting,0.00,0,0,0,0,0
1779933078698,-4292,6522,-14406,8,22,-1,resting,0.00,0,0,0,0,0
1779933078699,-4283,6464,-14449,-2,23,2,resting,0.00,0,0,0,0,0
1779933078725,-4291,6454,-14507,-12,24,6,resting,0.00,0,0,0,0,0
1779933078726,-4356,6579,-14564,-21,23,10,resting,0.00,0,0,0,0,0
1779933078727,-4276,6696,-14478,-22,24,9,resting,0.00,0,0,0,0,0
1779933078759,-4311,6721,-14522,-16,25,3,resting,0.00,0,0,0,0,0
1779933078760,-4309,6632,-14570,-8,24,-4,resting,0.00,0,0,0,0,0
1779933078760,-4306,6537,-14519,-3,22,-7,resting,0.00,0,0,0,0,0
1779933078789,-4280,6495,-14502,-2,23,-4,resting,0.00,0,0,0,0,0
1779933078790,-4258,6493,-14519,-6,25,4,resting,0.00,0,0,0,0,0
1779933078791,-4289,6544,-14573,-14,24,9,resting,0.00,0,0,0,0,0
1779933078817,-4302,6593,-14539,-15,23,10,resting,0.00,0,0,0,0,0
1779933078826,-4291,6653,-14515,-13,21,9,resting,0.00,0,0,0,0,0
1779933078827,-4300,6628,-14553,-10,18,5,resting,0.00,0,0,0,0,0
1779933078847,-4286,6591,-14569,-6,17,3,resting,0.00,0,0,0,0,0
1779933078848,-4285,6582,-14566,-2,16,5,resting,0.00,0,0,0,0,0
1779933078848,-4323,6615,-14535,-3,17,7,resting,0.00,0,0,0,0,0
1779933078878,-4305,6604,-14484,-2,21,6,resting,0.00,0,0,0,0,0
1779933078878,-4276,6578,-14480,-2,21,5,resting,0.00,0,0,0,0,0
1779933078879,-4244,6567,-14431,-3,23,3,resting,0.00,0,0,0,0,0
1779933078905,-4275,6588,-14458,-10,24,5,resting,0.00,0,0,0,0,0
1779933078906,-4238,6571,-14518,-18,24,5,resting,0.00,0,0,0,0,0
1779933078907,-4255,6615,-14552,-22,24,5,resting,0.00,0,0,0,0,0
1779933078938,-4235,6634,-14557,-21,27,7,resting,0.00,0,0,0,0,0
1779933078938,-4218,6640,-14520,-15,28,8,resting,0.00,0,0,0,0,0
1779933078939,-4256,6591,-14487,-5,27,6,resting,0.00,0,0,0,0,0
1779933078965,-4243,6615,-14539,-1,30,6,resting,0.00,0,0,0,0,0
1779933078966,-4229,6587,-14510,-2,28,7,resting,0.00,0,0,0,0,0
1779933078998,-4224,6567,-14454,-4,26,8,resting,0.00,0,0,0,0,0
1779933078999,-4240,6568,-14479,-8,26,5,resting,0.00,0,0,0,0,0
1779933079000,-4268,6587,-14564,-14,25,6,resting,0.00,0,0,0,0,0
1779933079001,-4286,6627,-14605,-16,27,7,resting,0.00,0,0,0,0,0
1779933079025,-4250,6663,-14580,-15,27,5,resting,0.00,0,0,0,0,0
1779933079026,-4210,6625,-14482,-15,28,4,resting,0.00,0,0,0,0,0
1779933079030,-4196,6571,-14519,-12,28,2,resting,0.00,0,0,0,0,0
1779933079056,-4220,6561,-14583,-12,25,2,resting,0.00,0,0,0,0,0
1779933079057,-4197,6624,-14615,-13,23,7,resting,0.00,0,0,0,0,0
1779933079058,-4191,6630,-14572,-14,21,6,resting,0.00,0,0,0,0,0
1779933079092,-4205,6603,-14525,-13,19,4,resting,0.00,0,0,0,0,0
1779933079093,-4174,6596,-14565,-13,20,6,resting,0.00,0,0,0,0,0
1779933079094,-4164,6580,-14509,-13,18,10,resting,0.00,0,0,0,0,0
1779933079115,-4189,6609,-14447,-16,20,11,resting,0.00,0,0,0,0,0
1779933079116,-4160,6605,-14500,-18,20,12,resting,0.00,0,0,0,0,0
1779933079117,-4222,6593,-14535,-17,19,13,resting,0.00,0,0,0,0,0
1779933079147,-4213,6598,-14529,-17,22,13,resting,0.00,0,0,0,0,0
1779933079149,-4250,6632,-14515,-18,23,14,resting,0.00,0,0,0,0,0
1779933079150,-4251,6605,-14488,-20,22,14,resting,0.00,0,0,0,0,0
1779933079175,-4221,6630,-14484,-21,26,17,resting,0.00,0,0,0,0,0
1779933079179,-4225,6657,-14486,-22,27,19,resting,0.00,0,0,0,0,0
1779933079180,-4176,6618,-14451,-17,28,19,resting,0.00,0,0,0,0,0
1779933079205,-4189,6566,-14497,-12,27,20,resting,0.00,0,0,0,0,0
1779933079207,-4156,6554,-14509,-16,29,21,resting,0.00,0,0,0,0,0
1779933079208,-4126,6655,-14554,-19,31,24,resting,0.00,0,0,0,0,0
1779933079238,-4165,6701,-14539,-17,33,27,resting,0.00,0,0,0,0,0
1779933079239,-4136,6664,-14551,-14,31,24,resting,0.00,0,0,0,0,0
1779933079240,-4139,6596,-14496,-17,27,20,resting,0.00,0,0,0,0,0
1779933079266,-4124,6607,-14484,-20,24,22,resting,0.00,0,0,0,0,0
1779933079267,-4130,6662,-14556,-22,23,26,resting,0.00,0,0,0,0,0
1779933079267,-4166,6741,-14626,-23,22,27,resting,0.00,0,0,0,0,0
1779933079296,-4195,6772,-14546,-17,23,26,resting,0.00,0,0,0,0,0
1779933079297,-4169,6742,-14576,-13,22,22,resting,0.00,0,0,0,0,0
1779933079298,-4077,6729,-14532,-9,17,18,resting,0.00,0,0,0,0,0
1779933079325,-4039,6725,-14522,-5,14,14,resting,0.00,0,0,0,0,0
1779933079331,-4079,6685,-14520,-5,11,14,resting,0.00,0,0,0,0,0
1779933079332,-4108,6700,-14575,-8,10,13,resting,0.00,0,0,0,0,0
1779933079359,-4127,6783,-14609,-11,9,13,resting,0.00,0,0,0,0,0
1779933079359,-4104,6788,-14528,-8,9,10,resting,0.00,0,0,0,0,0
1779933079360,-4101,6698,-14482,-3,10,6,resting,0.00,0,0,0,0,0
1779933079389,-4135,6659,-14492,-6,10,6,resting,0.00,0,0,0,0,0
1779933079389,-4129,6646,-14482,-12,9,5,resting,0.00,0,0,0,0,0
1779933079391,-4161,6683,-14463,-16,11,6,resting,0.00,0,0,0,0,0
1779933079415,-4168,6715,-14470,-19,11,6,resting,0.00,0,0,0,0,0
1779933079415,-4179,6744,-14519,-19,12,6,resting,0.00,0,0,0,0,0
1779933079416,-4182,6725,-14497,-15,14,3,resting,0.00,0,0,0,0,0
1779933079446,-4095,6708,-14465,-11,17,2,resting,0.00,0,0,0,0,0
1779933079447,-4072,6687,-14487,-9,16,0,resting,0.00,0,0,0,0,0
1779933079448,-4132,6668,-14463,-12,17,1,resting,0.00,0,0,0,0,0
1779933079477,-4115,6661,-14532,-18,20,4,resting,0.00,0,0,0,0,0
1779933079478,-4080,6714,-14559,-20,22,4,resting,0.00,0,0,0,0,0
1779933079483,-4090,6745,-14526,-22,22,3,resting,0.00,0,0,0,0,0
1779933079506,-4125,6720,-14548,-19,22,-1,resting,0.00,0,0,0,0,0
1779933079507,-4122,6713,-14517,-17,19,-1,resting,0.00,0,0,0,0,0
1779933079508,-4146,6737,-14523,-15,18,-1,resting,0.00,0,0,0,0,0
1779933079538,-4174,6740,-14513,-13,17,-2,resting,0.00,0,0,0,0,0
1779933079565,-4173,6682,-14522,-9,15,-1,resting,0.00,0,0,0,0,0
1779933079566,-4137,6669,-14524,-7,16,-1,resting,0.00,0,0,0,0,0
1779933079566,-4118,6645,-14480,-4,16,0,resting,0.00,0,0,0,0,0
1779933079567,-4037,6634,-14508,-2,16,1,resting,0.00,0,0,0,0,0
1779933079572,-3988,6677,-14539,-4,18,4,resting,0.00,0,0,0,0,0
1779933079596,-3985,6759,-14556,-11,16,7,resting,0.00,0,0,0,0,0
1779933079597,-4060,6791,-14553,-16,12,6,resting,0.00,0,0,0,0,0
1779933079598,-4114,6804,-14524,-17,12,3,resting,0.00,0,0,0,0,0
1779933079628,-4141,6733,-14474,-13,12,0,resting,0.00,0,0,0,0,0
1779933079628,-4169,6689,-14492,-9,13,0,resting,0.00,0,0,0,0,0
1779933079629,-4182,6679,-14485,-8,13,2,resting,0.00,0,0,0,0,0
1779933079655,-4226,6686,-14469,-8,14,4,resting,0.00,0,0,0,0,0
1779933079656,-4146,6680,-14508,-10,17,5,resting,0.00,0,0,0,0,0
1779933079657,-4121,6777,-14549,-9,17,3,resting,0.00,0,0,0,0,0
1779933079688,-4059,6729,-14528,-7,18,-1,resting,0.00,0,0,0,0,0
1779933079688,-3942,6536,-14437,-10,18,0,resting,0.00,0,0,0,0,0
1779933079689,-3960,6686,-14480,-24,18,5,resting,0.00,0,0,0,0,0
1779933079716,-4042,6757,-14456,-22,15,9,resting,0.00,0,0,0,0,0
1779933079716,-4183,6674,-14464,-17,19,8,resting,0.00,0,0,0,0,0
1779933079718,-4156,6645,-14499,-20,23,6,resting,0.00,0,0,0,0,0
1779933079750,-4055,6774,-14483,-8,24,11,resting,0.00,0,0,0,0,0
1779933079751,-4076,6745,-14542,-6,24,7,resting,0.00,0,0,0,0,0
1779933079752,-4053,6781,-14517,-1,21,8,resting,0.00,0,0,0,0,0
1779933079776,-4065,6738,-14542,0,20,5,resting,0.00,0,0,0,0,0
1779933079781,-4031,6675,-14593,-5,20,1,resting,0.00,0,0,0,0,0
1779933079782,-4037,6725,-14595,-13,16,3,resting,0.00,0,0,0,0,0
1779933079807,-4026,6744,-14539,-17,15,3,resting,0.00,0,0,0,0,0
1779933079807,-4005,6702,-14517,-17,13,2,resting,0.00,0,0,0,0,0
1779933079808,-4027,6730,-14529,-17,9,3,resting,0.00,0,0,0,0,0
1779933079837,-4056,6822,-14557,-17,8,3,resting,0.00,0,0,0,0,0
1779933079838,-4120,6805,-14528,-11,7,2,resting,0.00,0,0,0,0,0
1779933079839,-4081,6711,-14550,-9,6,1,resting,0.00,0,0,0,0,0
1779933079872,-4046,6678,-14493,-8,7,1,resting,0.00,0,0,0,0,0
1779933079873,-3953,6696,-14520,-6,6,4,resting,0.00,0,0,0,0,0
1779933079874,-3978,6726,-14491,-8,7,3,resting,0.00,0,0,0,0,0
1779933079898,-4031,6747,-14517,-10,7,5,resting,0.00,0,0,0,0,0
1779933079904,-4036,6805,-14492,-14,9,7,resting,0.00,0,0,0,0,0
1779933079905,-4020,6854,-14479,-12,8,6,resting,0.00,0,0,0,0,0
1779933079929,-4072,6816,-14456,-9,10,1,resting,0.00,0,0,0,0,0
1779933079929,-4082,6757,-14426,-5,10,-2,resting,0.00,0,0,0,0,0
1779933079930,-4086,6705,-14502,-4,12,-2,resting,0.00,0,0,0,0,0
1779933079955,-4079,6644,-14507,-10,15,-3,resting,0.00,0,0,0,0,0
1779933079956,-4062,6658,-14489,-18,16,1,resting,0.00,0,0,0,0,0
1779933079956,-4082,6752,-14487,-20,16,4,resting,0.00,0,0,0,0,0
1779933079987,-4065,6781,-14503,-20,15,3,resting,0.00,0,0,0,0,0
1779933079988,-4081,6776,-14521,-19,16,5,resting,0.00,0,0,0,0,0
1779933079989,-4046,6772,-14521,-14,18,4,resting,0.00,0,0,0,0,0
1779933080018,-4037,6761,-14498,-11,17,4,resting,0.00,0,0,0,0,0
1779933080021,-4020,6742,-14513,-10,16,5,resting,0.00,0,0,0,0,0
1779933080021,-4046,6723,-14508,-12,15,6,resting,0.00,0,0,0,0,0
1779933080046,-4047,6723,-14521,-12,15,7,resting,0.00,0,0,0,0,0
1779933080047,-3991,6815,-14553,-11,13,6,resting,0.00,0,0,0,0,0
1779933080048,-4037,6799,-14533,-12,12,3,resting,0.00,0,0,0,0,0
1779933080082,-4013,6777,-14501,-11,11,1,resting,0.00,0,0,0,0,0
1779933080083,-4027,6792,-14501,-11,11,2,resting,0.00,0,0,0,0,0
1779933080084,-4074,6784,-14488,-8,12,2,resting,0.00,0,0,0,0,0
1779933080106,-4090,6799,-14470,-6,14,2,resting,0.00,0,0,0,0,0
1779933080106,-4032,6820,-14482,-6,13,3,resting,0.00,0,0,0,0,0
1779933080106,-4068,6757,-14465,-4,13,1,resting,0.00,0,0,0,0,0
1779933080136,-4060,6742,-14514,-5,14,3,resting,0.00,0,0,0,0,0
1779933080137,-4065,6805,-14499,-7,13,3,resting,0.00,0,0,0,0,0
1779933080138,-4052,6793,-14537,-9,13,5,resting,0.00,0,0,0,0,0
1779933080170,-4062,6777,-14494,-10,13,3,resting,0.00,0,0,0,0,0
1779933080171,-4004,6796,-14470,-8,14,0,resting,0.00,0,0,0,0,0
1779933080172,-4016,6763,-14467,-4,13,0,resting,0.00,0,0,0,0,0
1779933080196,-4050,6744,-14496,-5,13,1,resting,0.00,0,0,0,0,0
1779933080197,-4071,6766,-14492,-7,13,0,resting,0.00,0,0,0,0,0
1779933080198,-4061,6807,-14522,-7,13,1,resting,0.00,0,0,0,0,0
1779933080228,-4054,6830,-14539,-6,12,0,resting,0.00,0,0,0,0,0
1779933080228,-4017,6808,-14518,-2,10,-2,resting,0.00,0,0,0,0,0
1779933080229,-3994,6786,-14542,4,9,-5,resting,0.00,0,0,0,0,0
1779933080256,-3969,6764,-14510,6,9,-7,resting,0.00,0,0,0,0,0
1779933080256,-4029,6745,-14546,11,8,-6,resting,0.00,0,0,0,0,0
1779933080257,-4053,6693,-14593,18,7,-8,resting,0.00,0,0,0,0,0
1779933080286,-4047,6729,-14529,26,9,-10,resting,0.00,0,0,0,0,0
1779933080287,-4080,6670,-14496,31,12,-11,resting,0.00,0,0,0,0,0
1779933080289,-4087,6625,-14454,27,17,-11,resting,0.00,0,0,0,0,0
1779933080315,-4042,6706,-14426,18,20,-9,resting,0.00,0,0,0,0,0
1779933080316,-3964,6757,-14474,11,20,-7,resting,0.00,0,0,0,0,0
1779933080321,-3909,6787,-14513,1,18,-5,resting,0.00,0,0,0,0,0
1779933080349,-3955,6768,-14529,-4,15,-2,resting,0.00,0,0,0,0,0
1779933080350,-3997,6852,-14515,-8,15,-1,resting,0.00,0,0,0,0,0
1779933080351,-3989,6876,-14524,-11,13,1,resting,0.00,0,0,0,0,0
1779933080379,-4055,6869,-14562,-14,11,-3,resting,0.00,0,0,0,0,0
1779933080380,-4056,6781,-14547,-9,8,-7,resting,0.00,0,0,0,0,0
1779933080381,-4037,6701,-14508,-5,5,-9,resting,0.00,0,0,0,0,0
1779933080405,-3992,6699,-14573,-4,8,-8,resting,0.00,0,0,0,0,0
1779933080405,-3990,6687,-14592,-6,5,-4,resting,0.00,0,0,0,0,0
1779933080406,-4068,6656,-14556,-7,0,0,resting,0.00,0,0,0,0,0
1779933080436,-4070,6678,-14560,-10,-1,2,resting,0.00,0,0,0,0,0
1779933080437,-4055,6716,-14559,-7,-1,5,resting,0.00,0,0,0,0,0
1779933080438,-4061,6702,-14519,-3,-3,7,resting,0.00,0,0,0,0,0
1779933080465,-4029,6721,-14488,1,-1,8,resting,0.00,0,0,0,0,0
1779933080470,-4064,6766,-14459,4,2,10,resting,0.00,0,0,0,0,0
1779933080472,-4123,6778,-14473,6,6,10,resting,0.00,0,0,0,0,0
1779933080497,-4078,6774,-14461,2,9,7,resting,0.00,0,0,0,0,0
1779933080498,-4013,6829,-14512,-3,13,3,resting,0.00,0,0,0,0,0
1779933080498,-3969,6801,-14481,-7,13,1,resting,0.00,0,0,0,0,0
1779933080528,-3994,6747,-14478,-15,13,1,resting,0.00,0,0,0,0,0
1779933080529,-4019,6773,-14475,-17,14,-1,resting,0.00,0,0,0,0,0
1779933080530,-4073,6748,-14488,-17,16,0,resting,0.00,0,0,0,0,0
1779933080555,-4098,6682,-14534,-12,17,0,resting,0.00,0,0,0,0,0
1779933080556,-4069,6697,-14515,-8,19,0,resting,0.00,0,0,0,0,0
1779933080557,-4139,6666,-14504,-4,18,3,resting,0.00,0,0,0,0,0
1779933080587,-4132,6696,-14492,-4,20,4,resting,0.00,0,0,0,0,0
1779933080588,-4049,6720,-14522,-2,19,6,resting,0.00,0,0,0,0,0
1779933080589,-4022,6783,-14494,-1,17,4,resting,0.00,0,0,0,0,0
1779933080615,-3993,6793,-14526,-4,15,4,resting,0.00,0,0,0,0,0
1779933080616,-4002,6837,-14543,-8,16,3,resting,0.00,0,0,0,0,0
1779933080620,-3966,6839,-14564,-10,15,0,resting,0.00,0,0,0,0,0
1779933080645,-3968,6800,-14465,-5,14,-4,resting,0.00,0,0,0,0,0
1779933080647,-3984,6743,-14480,-3,13,-6,resting,0.00,0,0,0,0,0
1779933080648,-4060,6747,-14479,-7,13,-5,resting,0.00,0,0,0,0,0
1779933080674,-4088,6779,-14547,-7,11,-5,resting,0.00,0,0,0,0,0
1779933080675,-4083,6758,-14528,-6,10,-7,resting,0.00,0,0,0,0,0
1779933080676,-4030,6731,-14492,-5,11,-8,resting,0.00,0,0,0,0,0
1779933080711,-4013,6669,-14494,-1,10,-8,resting,0.00,0,0,0,0,0
1779933080712,-3989,6639,-14529,-3,13,-3,resting,0.00,0,0,0,0,0
1779933080713,-3996,6685,-14508,-6,13,5,resting,0.00,0,0,0,0,0
1779933080741,-4014,6757,-14537,-9,15,6,resting,0.00,0,0,0,0,0
1779933080768,-4025,6763,-14574,-13,16,6,resting,0.00,0,0,0,0,0
1779933080769,-3997,6762,-14528,-11,14,5,resting,0.00,0,0,0,0,0
1779933080770,-3974,6752,-14479,-4,12,1,resting,0.00,0,0,0,0,0
1779933080770,-4029,6747,-14547,-5,10,0,resting,0.00,0,0,0,0,0
1779933080771,-4039,6754,-14566,-10,10,2,resting,0.00,0,0,0,0,0
1779933080796,-4005,6799,-14573,-14,13,4,resting,0.00,0,0,0,0,0
1779933080797,-3978,6809,-14561,-12,13,3,resting,0.00,0,0,0,0,0
1779933080798,-3968,6767,-14496,-10,12,0,resting,0.00,0,0,0,0,0
1779933080828,-3988,6746,-14494,-10,12,-1,resting,0.00,0,0,0,0,0
1779933080829,-4012,6757,-14489,-11,10,0,resting,0.00,0,0,0,0,0
1779933080830,-4044,6775,-14467,-13,12,-1,resting,0.00,0,0,0,0,0
1779933080861,-4015,6808,-14510,-15,16,2,resting,0.00,0,0,0,0,0
1779933080862,-4033,6731,-14516,-9,13,1,resting,0.00,0,0,0,0,0
1779933080864,-3998,6717,-14487,-7,14,2,resting,0.00,0,0,0,0,0
1779933080886,-4022,6719,-14501,-10,14,7,resting,0.00,0,0,0,0,0
1779933080887,-3993,6742,-14527,-15,15,7,resting,0.00,0,0,0,0,0
1779933080888,-3946,6757,-14539,-19,16,8,resting,0.00,0,0,0,0,0
1779933080920,-3962,6797,-14462,-20,13,9,resting,0.00,0,0,0,0,0
1779933080921,-3981,6799,-14514,-17,12,11,resting,0.00,0,0,0,0,0
1779933080921,-4021,6789,-14480,-15,14,11,resting,0.00,0,0,0,0,0
1779933080945,-4059,6823,-14481,-14,16,10,resting,0.00,0,0,0,0,0
1779933080946,-4036,6818,-14487,-12,15,9,resting,0.00,0,0,0,0,0
1779933080946,-4030,6747,-14473,-12,16,9,resting,0.00,0,0,0,0,0
1779933080978,-4021,6764,-14471,-10,17,9,resting,0.00,0,0,0,0,0
1779933080979,-4014,6778,-14512,-9,19,11,resting,0.00,0,0,0,0,0
1779933080980,-3993,6820,-14543,-14,18,13,resting,0.00,0,0,0,0,0
1779933081007,-3969,6804,-14528,-16,18,12,resting,0.00,0,0,0,0,0
1779933081007,-3947,6820,-14497,-21,18,11,resting,0.00,0,0,0,0,0
1779933081008,-3952,6810,-14547,-23,19,11,resting,0.00,0,0,0,0,0
1779933081036,-3971,6825,-14527,-20,18,12,resting,0.00,0,0,0,0,0
1779933081038,-3992,6812,-14487,-15,17,12,resting,0.00,0,0,0,0,0
1779933081039,-4050,6795,-14507,-16,17,11,resting,0.00,0,0,0,0,0
1779933081074,-4018,6820,-14496,-17,14,11,resting,0.00,0,0,0,0,0
1779933081074,-4029,6832,-14508,-16,16,11,resting,0.00,0,0,0,0,0
1779933081075,-4009,6849,-14527,-18,17,13,resting,0.00,0,0,0,0,0
1779933081097,-3962,6836,-14523,-16,16,12,resting,0.00,0,0,0,0,0
1779933081102,-3939,6851,-14510,-16,16,12,resting,0.00,0,0,0,0,0
1779933081103,-3938,6847,-14524,-18,15,11,resting,0.00,0,0,0,0,0
1779933081130,-3934,6792,-14499,-18,14,11,resting,0.00,0,0,0,0,0
1779933081130,-3976,6807,-14487,-21,15,10,resting,0.00,0,0,0,0,0
1779933081130,-3972,6844,-14467,-22,16,12,resting,0.00,0,0,0,0,0
1779933081155,-4001,6828,-14440,-23,15,11,resting,0.00,0,0,0,0,0
1779933081155,-3973,6830,-14470,-25,17,10,resting,0.00,0,0,0,0,0
1779933081156,-3979,6874,-14463,-21,17,10,resting,0.00,0,0,0,0,0
1779933081186,-3975,6860,-14459,-18,16,9,resting,0.00,0,0,0,0,0
1779933081187,-3974,6861,-14501,-16,18,7,resting,0.00,0,0,0,0,0
1779933081188,-3933,6853,-14497,-16,19,10,resting,0.00,0,0,0,0,0
1779933081219,-3913,6843,-14519,-14,18,10,resting,0.00,0,0,0,0,0
1779933081220,-3922,6841,-14517,-13,17,8,resting,0.00,0,0,0,0,0
1779933081221,-3914,6834,-14512,-12,18,10,resting,0.00,0,0,0,0,0
1779933081246,-3902,6848,-14492,-15,19,11,resting,0.00,0,0,0,0,0
1779933081246,-3915,6895,-14481,-18,19,10,resting,0.00,0,0,0,0,0
1779933081247,-3970,6856,-14485,-16,18,10,resting,0.00,0,0,0,0,0
1779933081275,-3938,6830,-14465,-15,20,9,resting,0.00,0,0,0,0,0
1779933081278,-3949,6885,-14485,-15,21,10,resting,0.00,0,0,0,0,0
1779933081279,-3951,6884,-14508,-13,18,10,resting,0.00,0,0,0,0,0
1779933081305,-3954,6896,-14541,-14,18,8,resting,0.00,0,0,0,0,0
1779933081306,-3913,6888,-14537,-10,17,8,resting,0.00,0,0,0,0,0
1779933081307,-3904,6906,-14506,-7,16,6,resting,0.00,0,0,0,0,0
1779933081340,-3927,6875,-14510,-7,15,5,resting,0.00,0,0,0,0,0
1779933081341,-3918,6875,-14494,-7,14,2,resting,0.00,0,0,0,0,0
1779933081341,-3926,6875,-14524,-7,14,1,resting,0.00,0,0,0,0,0
1779933081369,-3915,6865,-14520,-11,14,1,resting,0.00,0,0,0,0,0
1779933081370,-3880,6874,-14522,-10,14,2,resting,0.00,0,0,0,0,0
1779933081371,-3904,6879,-14535,-13,12,1,resting,0.00,0,0,0,0,0
1779933081395,-3946,6894,-14500,-15,9,1,resting,0.00,0,0,0,0,0
1779933081396,-3909,6878,-14506,-16,8,0,resting,0.00,0,0,0,0,0
1779933081397,-3913,6837,-14535,-11,8,-1,resting,0.00,0,0,0,0,0
1779933081426,-3923,6869,-14452,-9,5,-1,resting,0.00,0,0,0,0,0
1779933081426,-3943,6870,-14440,-8,6,2,resting,0.00,0,0,0,0,0
1779933081427,-3953,6874,-14494,-5,8,4,resting,0.00,0,0,0,0,0
1779933081460,-3948,6883,-14445,-5,9,0,resting,0.00,0,0,0,0,0
1779933081461,-3900,6890,-14458,-5,11,-3,resting,0.00,0,0,0,0,0
1779933081461,-3858,6914,-14493,-10,11,-3,resting,0.00,0,0,0,0,0
1779933081486,-3833,6908,-14439,-14,9,-4,resting,0.00,0,0,0,0,0
1779933081487,-3885,6913,-14472,-19,9,-5,resting,0.00,0,0,0,0,0
1779933081488,-3878,6873,-14480,-20,9,-7,resting,0.00,0,0,0,0,0
1779933081518,-3957,6840,-14477,-19,7,-8,resting,0.00,0,0,0,0,0
1779933081519,-3967,6822,-14507,-15,6,-6,resting,0.00,0,0,0,0,0
1779933081520,-3985,6857,-14485,-10,6,-4,resting,0.00,0,0,0,0,0
1779933081546,-3984,6846,-14482,-6,6,-3,resting,0.00,0,0,0,0,0
1779933081546,-3934,6852,-14477,-3,5,-4,resting,0.00,0,0,0,0,0
1779933081547,-3950,6851,-14490,-1,4,-3,resting,0.00,0,0,0,0,0
1779933081577,-3912,6884,-14515,-1,2,-3,resting,0.00,0,0,0,0,0
1779933081578,-3881,6899,-14481,-4,2,-4,resting,0.00,0,0,0,0,0
1779933081579,-3875,6918,-14520,-6,2,-5,resting,0.00,0,0,0,0,0
1779933081605,-3878,6940,-14499,-9,-1,-7,resting,0.00,0,0,0,0,0
1779933081606,-3903,6894,-14488,-9,0,-9,resting,0.00,0,0,0,0,0
1779933081607,-3954,6894,-14510,-7,0,-10,resting,0.00,0,0,0,0,0
1779933081637,-3982,6896,-14493,-7,-2,-9,resting,0.00,0,0,0,0,0
1779933081643,-3985,6872,-14490,-5,-3,-8,resting,0.00,0,0,0,0,0
1779933081644,-3963,6839,-14474,-5,-3,-11,resting,0.00,0,0,0,0,0
1779933081666,-3935,6816,-14535,-6,-3,-9,resting,0.00,0,0,0,0,0
1779933081667,-3919,6814,-14510,-4,-1,-6,resting,0.00,0,0,0,0,0
1779933081668,-3885,6814,-14458,-6,-1,-3,resting,0.00,0,0,0,0,0
1779933081697,-3931,6865,-14473,-7,-1,-1,resting,0.00,0,0,0,0,0
1779933081702,-3955,6904,-14459,-9,-2,0,resting,0.00,0,0,0,0,0
1779933081703,-3942,6903,-14446,-10,-3,0,resting,0.00,0,0,0,0,0
1779933081731,-3943,6893,-14432,-11,-2,0,resting,0.00,0,0,0,0,0
1779933081732,-3980,6898,-14457,-11,-1,0,resting,0.00,0,0,0,0,0
1779933081733,-3980,6903,-14418,-10,1,-2,resting,0.00,0,0,0,0,0
1779933081754,-3968,6890,-14435,-10,4,-4,resting,0.00,0,0,0,0,0
1779933081754,-3976,6848,-14420,-14,5,-4,resting,0.00,0,0,0,0,0
1779933081757,-3957,6884,-14424,-12,6,-3,resting,0.00,0,0,0,0,0
1779933081785,-3973,6872,-14476,-13,7,-3,resting,0.00,0,0,0,0,0
1779933081786,-3953,6886,-14453,-15,5,-3,resting,0.00,0,0,0,0,0
1779933081787,-3963,6897,-14424,-11,4,-3,resting,0.00,0,0,0,0,0
1779933081819,-3989,6879,-14490,-12,4,-3,resting,0.00,0,0,0,0,0
1779933081820,-3975,6893,-14512,-11,3,-5,resting,0.00,0,0,0,0,0
1779933081821,-3967,6905,-14495,-8,2,-5,resting,0.00,0,0,0,0,0
1779933081844,-3971,6917,-14483,-6,0,-5,resting,0.00,0,0,0,0,0
1779933081845,-3965,6874,-14454,-5,0,-5,resting,0.00,0,0,0,0,0
1779933081846,-3986,6876,-14450,-4,-2,-5,resting,0.00,0,0,0,0,0
1779933081877,-4008,6854,-14478,-6,-2,-2,resting,0.00,0,0,0,0,0
1779933081878,-3992,6893,-14432,-8,-1,-3,resting,0.00,0,0,0,0,0
1779933081879,-3986,6928,-14422,-7,-1,-3,resting,0.00,0,0,0,0,0
1779933081910,-4038,6909,-14449,-5,-1,-2,resting,0.00,0,0,0,0,0
1779933081912,-4025,6885,-14426,-4,0,-3,resting,0.00,0,0,0,0,0
1779933081913,-4006,6897,-14441,-5,1,-4,resting,0.00,0,0,0,0,0
1779933081935,-3972,6903,-14458,-7,1,-3,resting,0.00,0,0,0,0,0
1779933081937,-3935,6886,-14452,-8,0,-3,resting,0.00,0,0,0,0,0
1779933081937,-3983,6908,-14473,-7,0,-3,resting,0.00,0,0,0,0,0
1779933081968,-4021,6931,-14455,-6,1,-5,resting,0.00,0,0,0,0,0
1779933081969,-3994,6935,-14459,-4,1,-6,resting,0.00,0,0,0,0,0
1779933081970,-4001,6873,-14457,-1,2,-8,resting,0.00,0,0,0,0,0
1779933081999,-4024,6805,-14461,0,1,-6,resting,0.00,0,0,0,0,0
1779933081999,-4029,6820,-14469,-4,0,-6,resting,0.00,0,0,0,0,0
1779933082000,-4011,6882,-14453,-7,1,-5,resting,0.00,0,0,0,0,0
1779933082026,-3985,6872,-14435,-6,1,-5,resting,0.00,0,0,0,0,0
1779933082027,-4001,6877,-14434,-8,0,-5,resting,0.00,0,0,0,0,0
1779933082028,-4005,6931,-14454,-6,2,-4,resting,0.00,0,0,0,0,0
1779933082054,-3991,6959,-14454,-3,2,-5,resting,0.00,0,0,0,0,0
1779933082055,-4000,6925,-14433,-4,0,-7,resting,0.00,0,0,0,0,0
1779933082055,-3996,6898,-14450,-4,1,-8,resting,0.00,0,0,0,0,0
1779933082086,-4017,6867,-14436,-6,2,-7,resting,0.00,0,0,0,0,0
1779933082087,-4011,6915,-14465,-8,1,-6,resting,0.00,0,0,0,0,0
1779933082087,-4014,6911,-14452,-7,1,-7,resting,0.00,0,0,0,0,0
1779933082118,-4038,6893,-14436,-6,1,-6,resting,0.00,0,0,0,0,0
1779933082145,-4006,6895,-14434,-5,0,-7,resting,0.00,0,0,0,0,0
1779933082146,-3961,6913,-14438,-4,-1,-9,resting,0.00,0,0,0,0,0
1779933082147,-4001,6908,-14494,-3,-1,-10,resting,0.00,0,0,0,0,0
1779933082148,-4004,6861,-14436,-5,1,-8,resting,0.00,0,0,0,0,0
1779933082153,-4031,6871,-14413,-5,1,-8,resting,0.00,0,0,0,0,0
1779933082176,-4038,6877,-14437,-6,1,-7,resting,0.00,0,0,0,0,0
1779933082176,-4072,6875,-14428,-6,3,-6,resting,0.00,0,0,0,0,0
1779933082177,-4074,6865,-14455,-3,3,-8,resting,0.00,0,0,0,0,0
1779933082209,-4018,6879,-14458,-3,2,-9,resting,0.00,0,0,0,0,0
1779933082210,-4042,6898,-14431,-4,4,-7,resting,0.00,0,0,0,0,0
1779933082211,-4034,6854,-14479,-6,3,-3,resting,0.00,0,0,0,0,0
1779933082235,-4022,6881,-14439,-5,1,-4,resting,0.00,0,0,0,0,0
1779933082236,-4024,6903,-14406,-6,2,-2,resting,0.00,0,0,0,0,0
1779933082237,-4036,6899,-14425,-6,2,-2,resting,0.00,0,0,0,0,0
1779933082267,-4056,6869,-14417,-5,4,-3,resting,0.00,0,0,0,0,0
1779933082267,-4006,6862,-14415,-3,6,-3,resting,0.00,0,0,0,0,0
1779933082268,-3999,6870,-14431,-1,8,-3,resting,0.00,0,0,0,0,0
1779933082295,-3997,6880,-14473,-6,7,-2,resting,0.00,0,0,0,0,0
1779933082296,-4011,6902,-14483,-11,6,0,resting,0.00,0,0,0,0,0
1779933082297,-4066,6934,-14469,-12,6,-1,resting,0.00,0,0,0,0,0
1779933082330,-4083,6901,-14464,-9,5,-3,resting,0.00,0,0,0,0,0
1779933082331,-4044,6904,-14454,-6,3,-6,resting,0.00,0,0,0,0,0
1779933082332,-4081,6870,-14411,-5,4,-5,resting,0.00,0,0,0,0,0
1779933082357,-4102,6854,-14456,-3,5,-3,resting,0.00,0,0,0,0,0
1779933082357,-4095,6824,-14440,-4,5,-3,resting,0.00,0,0,0,0,0
1779933082357,-4081,6824,-14423,-4,7,0,resting,0.00,0,0,0,0,0
1779933082386,-4026,6863,-14409,-5,9,0,resting,0.00,0,0,0,0,0
1779933082387,-4017,6873,-14428,-8,11,-1,resting,0.00,0,0,0,0,0
1779933082388,-3980,6883,-14426,-10,13,-1,resting,0.00,0,0,0,0,0
1779933082418,-4035,6906,-14418,-10,14,0,resting,0.00,0,0,0,0,0
1779933082446,-4045,6897,-14375,-9,15,0,resting,0.00,0,0,0,0,0
1779933082447,-4061,6861,-14399,-6,16,1,resting,0.00,0,0,0,0,0
1779933082452,-4035,6862,-14413,-2,17,2,resting,0.00,0,0,0,0,0
1779933082452,-4043,6840,-14418,2,20,3,resting,0.00,0,0,0,0,0
1779933082453,-4094,6822,-14391,-1,23,4,resting,0.00,0,0,0,0,0
1779933082476,-4069,6852,-14424,-3,25,6,resting,0.00,0,0,0,0,0
1779933082477,-4077,6865,-14440,-6,25,6,resting,0.00,0,0,0,0,0
1779933082478,-4015,6915,-14467,-9,26,5,resting,0.00,0,0,0,0,0
1779933082509,-4028,6940,-14497,-9,24,3,resting,0.00,0,0,0,0,0
1779933082510,-4028,6929,-14461,-7,22,2,resting,0.00,0,0,0,0,0
1779933082511,-4013,6929,-14458,-7,22,0,resting,0.00,0,0,0,0,0
1779933082536,-4000,6908,-14468,-8,21,0,resting,0.00,0,0,0,0,0
1779933082541,-3991,6877,-14532,-8,20,0,resting,0.00,0,0,0,0,0
1779933082542,-4009,6871,-14510,-10,16,-1,resting,0.00,0,0,0,0,0
1779933082568,-3981,6878,-14465,-10,17,-1,resting,0.00,0,0,0,0,0
1779933082569,-3973,6855,-14467,-7,15,0,resting,0.00,0,0,0,0,0
1779933082570,-4006,6814,-14456,-7,12,3,resting,0.00,0,0,0,0,0
1779933082596,-4001,6844,-14469,-6,12,6,resting,0.00,0,0,0,0,0
1779933082596,-4041,6848,-14402,-4,12,6,resting,0.00,0,0,0,0,0
1779933082597,-4047,6919,-14451,-1,14,6,resting,0.00,0,0,0,0,0
1779933082627,-4012,6927,-14427,-1,17,4,resting,0.00,0,0,0,0,0
1779933082628,-3998,6903,-14379,-2,18,4,resting,0.00,0,0,0,0,0
1779933082629,-3976,6935,-14408,-4,19,4,resting,0.00,0,0,0,0,0
1779933082656,-3929,6911,-14436,-6,21,3,resting,0.00,0,0,0,0,0
1779933082657,-4003,6916,-14449,-10,22,-1,resting,0.00,0,0,0,0,0
1779933082659,-4014,6924,-14421,-10,22,-3,resting,0.00,0,0,0,0,0
1779933082685,-4044,6906,-14435,-13,23,-1,resting,0.00,0,0,0,0,0
1779933082685,-4012,6866,-14473,-12,23,-2,resting,0.00,0,0,0,0,0
1779933082686,-4029,6887,-14510,-11,23,-4,resting,0.00,0,0,0,0,0
1779933082721,-4006,6882,-14489,-10,24,-4,resting,0.00,0,0,0,0,0
1779933082722,-3974,6876,-14466,-7,22,-5,resting,0.00,0,0,0,0,0
1779933082723,-3941,6908,-14515,-7,19,-3,resting,0.00,0,0,0,0,0
1779933082745,-3964,6891,-14517,-6,16,-3,resting,0.00,0,0,0,0,0
1779933082746,-3967,6850,-14478,-5,12,-1,resting,0.00,0,0,0,0,0
1779933082747,-3979,6847,-14458,-6,11,-2,resting,0.00,0,0,0,0,0
1779933082777,-3994,6860,-14445,-7,10,-2,resting,0.00,0,0,0,0,0
1779933082777,-3973,6877,-14430,-5,9,-1,resting,0.00,0,0,0,0,0
1779933082778,-3999,6889,-14454,-4,8,2,resting,0.00,0,0,0,0,0
1779933082809,-4018,6889,-14445,-5,8,1,resting,0.00,0,0,0,0,0
1779933082810,-4001,6899,-14454,-2,8,2,resting,0.00,0,0,0,0,0
1779933082811,-4010,6927,-14446,-2,10,2,resting,0.00,0,0,0,0,0
1779933082834,-3999,6900,-14452,-2,10,1,resting,0.00,0,0,0,0,0
1779933082836,-3980,6900,-14451,-2,11,0,resting,0.00,0,0,0,0,0
1779933082836,-3985,6894,-14408,-3,11,0,resting,0.00,0,0,0,0,0
1779933082868,-3986,6899,-14434,-2,12,1,resting,0.00,0,0,0,0,0
1779933082869,-3996,6908,-14465,-1,12,0,resting,0.00,0,0,0,0,0
1779933082870,-4010,6903,-14445,-3,11,-1,resting,0.00,0,0,0,0,0
1779933082896,-4000,6883,-14461,-3,11,1,resting,0.00,0,0,0,0,0
1779933082897,-4007,6886,-14454,-3,12,0,resting,0.00,0,0,0,0,0
1779933082898,-4006,6885,-14458,-2,13,0,resting,0.00,0,0,0,0,0
1779933082926,-4002,6889,-14434,-1,13,1,resting,0.00,0,0,0,0,0
1779933082926,-3970,6903,-14480,-2,14,1,resting,0.00,0,0,0,0,0
1779933082927,-3983,6928,-14498,-2,15,2,resting,0.00,0,0,0,0,0
1779933082958,-3977,6886,-14478,-3,13,2,resting,0.00,0,0,0,0,0
1779933082959,-3964,6884,-14419,-4,14,1,resting,0.00,0,0,0,0,0
1779933082960,-4002,6902,-14438,-6,14,1,resting,0.00,0,0,0,0,0
1779933082986,-3980,6895,-14443,-6,12,1,resting,0.00,0,0,0,0,0
1779933082989,-3976,6916,-14510,-7,10,-1,resting,0.00,0,0,0,0,0
1779933082989,-4007,6904,-14507,-7,9,-3,resting,0.00,0,0,0,0,0
1779933083016,-4005,6899,-14441,-3,10,-3,resting,0.00,0,0,0,0,0
1779933083016,-3956,6916,-14423,-3,9,-3,resting,0.00,0,0,0,0,0
1779933083017,-4016,6901,-14433,-2,9,-2,resting,0.00,0,0,0,0,0
1779933083054,-3987,6854,-14401,0,11,-2,resting,0.00,0,0,0,0,0
1779933083054,-3947,6864,-14434,-3,12,0,resting,0.00,0,0,0,0,0
1779933083055,-3953,6851,-14465,-5,10,1,resting,0.00,0,0,0,0,0
1779933083076,-3989,6830,-14472,-7,11,2,resting,0.00,0,0,0,0,0
1779933083076,-4029,6870,-14457,-11,11,5,resting,0.00,0,0,0,0,0
1779933083077,-4025,6887,-14468,-13,12,6,resting,0.00,0,0,0,0,0
1779933083108,-4049,6933,-14474,-11,10,4,resting,0.00,0,0,0,0,0
1779933083109,-3952,6904,-14438,1,11,2,resting,0.00,0,0,0,0,0
1779933083110,-3930,6886,-14429,8,9,3,resting,0.00,0,0,0,0,0
1779933083135,-3975,6852,-14432,6,10,4,resting,0.00,0,0,0,0,0
1779933083135,-4020,6900,-14452,-2,12,2,resting,0.00,0,0,0,0,0
1779933083135,-3945,6906,-14449,-6,12,2,resting,0.00,0,0,0,0,0
1779933083167,-3895,6908,-14438,-5,13,1,resting,0.00,0,0,0,0,0
1779933083169,-3915,6918,-14484,-4,12,-2,resting,0.00,0,0,0,0,0
1779933083170,-3956,6927,-14478,-1,10,-4,resting,0.00,0,0,0,0,0
1779933083195,-4004,6892,-14491,8,10,-5,resting,0.00,0,0,0,0,0
1779933083226,-4009,6953,-14460,22,10,-7,resting,0.00,0,0,0,0,0
1779933083227,-4063,7023,-14527,38,11,-10,resting,0.00,0,0,0,0,0
1779933083228,-4105,7094,-14534,62,16,-16,resting,0.00,0,0,0,0,0
1779933083229,-4021,7175,-14531,86,20,-25,resting,0.00,0,0,0,0,0
1779933083234,-3946,7196,-14696,110,22,-35,resting,0.00,0,0,0,0,0
1779933083256,-3860,7242,-14979,168,24,-45,resting,0.00,0,0,0,0,0
1779933083256,-3845,7087,-14702,249,26,-66,resting,0.00,0,0,0,0,0
1779933083257,-4016,6669,-14554,271,33,-91,resting,0.00,0,0,0,0,0
1779933083292,-4139,6102,-14661,239,32,-92,resting,0.00,0,0,0,0,0
1779933083293,-3895,5980,-14422,204,34,-80,resting,0.00,0,0,0,0,0
1779933083294,-3799,6071,-14712,142,41,-61,resting,0.00,0,0,0,0,0
1779933083316,-3950,5530,-14756,72,38,-44,resting,0.00,0,0,0,0,0
1779933083317,-3858,5551,-14533,15,51,-26,resting,0.00,0,0,0,0,0
1779933083317,-3782,6411,-14697,-57,53,-6,resting,0.00,0,0,0,0,0
1779933083349,-3837,7048,-14534,-100,41,3,resting,0.00,0,0,0,0,0
1779933083349,-3819,7349,-14459,-84,38,5,resting,0.00,0,0,0,0,0
1779933083350,-3896,7482,-14513,-40,30,3,resting,0.00,0,0,0,0,0
1779933083379,-4013,7543,-14582,9,17,-9,resting,0.00,0,0,0,0,0
1779933083380,-4015,7619,-14518,77,9,-30,resting,0.00,0,0,0,0,0
1779933083381,-3915,7483,-14621,144,11,-53,resting,0.00,0,0,0,0,0
1779933083408,-3826,6937,-14407,187,14,-69,resting,0.00,0,0,0,0,0
1779933083409,-3722,6153,-14514,158,23,-85,resting,0.00,0,0,0,0,0
1779933083410,-3577,5644,-14804,66,12,-81,resting,0.00,0,0,0,0,0
1779933083435,-3648,5677,-14845,-9,8,-55,resting,0.00,0,0,0,0,0
1779933083446,-3875,6360,-14666,-49,11,-32,resting,0.00,0,0,0,0,0
1779933083446,-4188,6698,-14713,-69,15,-19,resting,0.00,0,0,0,0,0
1779933083467,-4464,6531,-14664,-77,19,-21,resting,0.00,0,0,0,0,0
1779933083468,-4356,6502,-14574,-89,18,-29,resting,0.00,0,0,0,0,0
1779933083468,-4136,6461,-14643,-76,16,-30,resting,0.00,0,0,0,0,0
1779933083500,-3995,6499,-14685,-73,20,-23,resting,0.00,0,0,0,0,0
1779933083501,-4058,6634,-14734,-91,19,-14,resting,0.00,0,0,0,0,0
1779933083502,-4158,6658,-14603,-101,16,-10,resting,0.00,0,0,0,0,0
1779933083527,-4098,7340,-14366,-77,14,-5,resting,0.00,0,0,0,0,0
1779933083528,-4306,7811,-14376,-27,6,6,resting,0.00,0,0,0,0,0
1779933083529,-4448,7810,-14202,24,11,0,resting,0.00,0,0,0,0,0
1779933083557,-4250,8084,-14161,69,24,-17,resting,0.00,0,0,0,0,0
1779933083558,-3946,8162,-13999,152,32,-33,resting,0.00,0,0,0,0,0
1779933083559,-3439,7526,-12736,281,42,-39,resting,0.00,0,0,0,0,0
1779933083586,-2834,8498,-14156,214,21,130,resting,0.00,0,0,0,0,0
1779933083587,-3705,7963,-14494,173,-25,258,resting,0.00,0,0,0,0,0
1779933083588,-4139,6911,-14399,174,19,229,resting,0.00,0,0,0,0,0
1779933083615,-4097,6044,-14848,80,35,222,resting,0.00,0,0,0,0,0
1779933083616,-4036,4785,-14454,-49,28,240,resting,0.00,0,0,0,0,0
1779933083616,-4091,4323,-14872,-132,39,206,resting,0.00,0,0,0,0,0
1779933083648,-3765,5827,-14697,-125,81,176,resting,0.00,0,0,0,0,0
1779933083649,-3692,6590,-14888,-122,93,187,resting,0.00,0,0,0,0,0
1779933083649,-4069,6439,-14693,-163,82,211,resting,0.00,0,0,0,0,0
1779933083677,-4151,6653,-14872,-238,87,290,resting,0.00,0,0,0,0,0
1779933083678,-3950,6913,-14556,-327,86,352,resting,0.00,0,0,0,0,0
1779933083679,-3535,7266,-14517,-463,74,397,resting,0.00,0,0,0,0,0
1779933083710,-3359,7590,-14180,-578,50,440,resting,0.00,0,0,0,0,0
1779933083711,-3114,8203,-14379,-678,30,521,resting,0.00,0,0,0,0,0
1779933083711,-2998,8747,-14243,-765,-26,610,resting,0.00,0,0,0,0,0
1779933083735,-2994,9089,-14408,-783,-54,653,resting,0.00,0,0,0,0,0
1779933083736,-2935,8959,-14041,-716,-60,630,resting,0.00,0,0,0,0,0
1779933083737,-2563,8696,-14230,-670,-47,644,resting,0.00,0,0,0,0,0
1779933083766,-2300,8413,-14445,-589,-74,654,resting,0.00,0,0,0,0,0
1779933083767,-2451,7326,-14929,-463,-74,566,resting,0.00,0,0,0,0,0
1779933083768,-2682,6459,-15371,-357,-36,522,resting,0.00,0,0,0,0,0
1779933083799,-2904,6590,-15119,-241,24,474,resting,0.00,0,0,0,0,0
1779933083800,-3364,6326,-15396,-209,89,362,resting,0.00,0,0,0,0,0
1779933083801,-3769,5566,-15832,-313,139,311,resting,0.00,0,0,0,0,0
1779933083825,-3930,5097,-15907,-531,172,323,resting,0.00,0,0,0,0,0
1779933083827,-3865,5446,-15474,-764,204,333,resting,0.00,0,0,0,0,0
1779933083827,-3611,6046,-15174,-991,229,371,resting,0.00,0,0,0,0,0
1779933083858,-3636,6810,-14697,-1208,227,382,resting,0.00,0,0,0,0,0
1779933083859,-3602,7419,-14036,-1354,221,315,resting,0.00,0,0,0,0,0
1779933083860,-3213,8199,-13446,-1397,211,275,resting,0.00,0,0,0,0,0
1779933083885,-3038,9550,-13064,-1288,201,273,resting,0.00,0,0,0,0,0
1779933083886,-3270,10659,-12931,-1094,180,271,resting,0.00,0,0,0,0,0
1779933083887,-3519,10880,-12477,-858,168,237,resting,0.00,0,0,0,0,0
1779933083915,-3402,10990,-12120,-610,158,227,resting,0.00,0,0,0,0,0
1779933083915,-3150,10762,-11609,-369,117,256,resting,0.00,0,0,0,0,0
1779933083916,-3013,9828,-11234,-161,70,276,resting,0.00,0,0,0,0,0
1779933083948,-2953,9069,-11108,-37,18,306,resting,0.00,0,0,0,0,0
1779933083949,-3164,8701,-11106,14,-44,311,resting,0.00,0,0,0,0,0
1779933083950,-3349,8493,-11389,13,-101,282,resting,0.00,0,0,0,0,0
1779933083978,-3225,8520,-11748,14,-148,262,resting,0.00,0,0,0,0,0
1779933083979,-2827,9197,-12290,49,-166,252,resting,0.00,0,0,0,0,0
1779933083980,-2823,9425,-12735,113,-168,189,resting,0.00,0,0,0,0,0
1779933084007,-2870,9141,-13246,165,-145,154,resting,0.00,0,0,0,0,0
1779933084008,-2938,8438,-13410,162,-121,180,resting,0.00,0,0,0,0,0
1779933084009,-3012,8647,-13657,85,-102,210,resting,0.00,0,0,0,0,0
1779933084036,-3595,9423,-14599,-6,-79,248,resting,0.00,0,0,0,0,0
1779933084037,-3685,9273,-14327,-14,-26,241,resting,0.00,0,0,0,0,0
1779933084046,-2657,9991,-13677,6,52,217,resting,0.00,0,0,0,0,0
1779933084066,-2422,10125,-14787,-53,89,233,resting,0.00,0,0,0,0,0
1779933084067,-2668,9098,-13862,-99,99,232,resting,0.00,0,0,0,0,0
1779933084068,-2257,9240,-14135,-171,149,235,resting,0.00,0,0,0,0,0
1779933084099,-1945,9369,-13828,-253,145,249,resting,0.00,0,0,0,0,0
1779933084100,-1769,9918,-13355,-317,133,277,resting,0.00,0,0,0,0,0
1779933084101,-1740,10473,-13226,-340,118,299,resting,0.00,0,0,0,0,0
1779933084132,-1917,10229,-13021,-340,84,324,resting,0.00,0,0,0,0,0
1779933084133,-1916,10416,-12774,-302,66,324,resting,0.00,0,0,0,0,0
1779933084134,-1727,10194,-13118,-245,56,302,resting,0.00,0,0,0,0,0
1779933084164,-1380,10023,-12548,-191,52,279,resting,0.00,0,0,0,0,0
1779933084165,-1117,9932,-12554,-206,58,260,resting,0.00,0,0,0,0,0
1779933084166,-996,9869,-12314,-258,44,273,resting,0.00,0,0,0,0,0
1779933084184,-1526,11131,-12266,-298,27,311,resting,0.00,0,0,0,0,0
1779933084187,-2368,10575,-13142,-301,11,321,resting,0.00,0,0,0,0,0
1779933084187,-2072,10158,-12271,-221,33,273,resting,0.00,0,0,0,0,0
1779933084217,-1218,10014,-12725,-184,62,229,resting,0.00,0,0,0,0,0
1779933084217,-777,9484,-12599,-166,41,227,resting,0.00,0,0,0,0,0
1779933084218,-904,10593,-12534,-70,42,189,resting,0.00,0,0,0,0,0
1779933084246,-1960,10381,-13319,-85,38,209,resting,0.00,0,0,0,0,0
1779933084247,-2388,8969,-13079,-95,39,219,resting,0.00,0,0,0,0,0
1779933084248,-1399,9539,-12941,-107,77,202,resting,0.00,0,0,0,0,0
1779933084275,-571,9914,-13104,-158,65,186,resting,0.00,0,0,0,0,0
1779933084276,-647,9874,-13006,-224,51,174,resting,0.00,0,0,0,0,0
1779933084277,-1097,9937,-12861,-283,49,174,resting,0.00,0,0,0,0,0
1779933084311,-1519,10251,-12748,-335,50,191,resting,0.00,0,0,0,0,0
1779933084312,-1597,10616,-12621,-384,56,206,resting,0.00,0,0,0,0,0
1779933084312,-1552,10872,-12648,-435,51,230,resting,0.00,0,0,0,0,0
1779933084335,-1775,11150,-12763,-476,44,267,resting,0.00,0,0,0,0,0
1779933084340,-2087,11786,-12486,-457,45,284,resting,0.00,0,0,0,0,0
1779933084341,-2206,11692,-12444,-426,65,283,resting,0.00,0,0,0,0,0
1779933084369,-2095,11175,-12486,-389,78,296,resting,0.00,0,0,0,0,0
1779933084370,-1676,10883,-12109,-352,94,273,resting,0.00,0,0,0,0,0
1779933084371,-1336,10779,-12115,-355,103,292,resting,0.00,0,0,0,0,0
1779933084398,-1539,10464,-12056,-375,89,326,resting,0.00,0,0,0,0,0
1779933084399,-1587,10587,-11898,-362,87,335,resting,0.00,0,0,0,0,0
1779933084400,-1557,11125,-11633,-306,89,295,resting,0.00,0,0,0,0,0
1779933084425,-1283,11079,-11670,-249,92,272,resting,0.00,0,0,0,0,0
1779933084426,-1334,10728,-11624,-223,76,288,resting,0.00,0,0,0,0,0
1779933084427,-1527,10717,-11903,-244,60,320,resting,0.00,0,0,0,0,0
1779933084457,-1882,10473,-11955,-271,41,300,resting,0.00,0,0,0,0,0
1779933084458,-1451,10371,-12003,-283,47,234,resting,0.00,0,0,0,0,0
1779933084459,-950,11312,-12273,-244,53,244,resting,0.00,0,0,0,0,0
1779933084485,-919,11758,-12266,-154,65,251,resting,0.00,0,0,0,0,0
1779933084486,-1156,11236,-12183,-96,87,210,resting,0.00,0,0,0,0,0
1779933084487,-975,10869,-12355,-102,103,198,resting,0.00,0,0,0,0,0
1779933084515,-741,11203,-12664,-121,106,220,resting,0.00,0,0,0,0,0
1779933084515,-571,11170,-12900,-109,127,218,resting,0.00,0,0,0,0,0
1779933084516,-78,10360,-12722,-104,154,192,resting,0.00,0,0,0,0,0
1779933084547,694,9788,-12404,-130,180,174,resting,0.00,0,0,0,0,0
1779933084547,1117,9882,-12448,-191,184,168,resting,0.00,0,0,0,0,0
1779933084548,909,10268,-12442,-256,165,181,resting,0.00,0,0,0,0,0
1779933084577,444,11124,-12245,-268,155,188,resting,0.00,0,0,0,0,0
1779933084607,116,12037,-12092,-215,149,182,resting,0.00,0,0,0,0,0
1779933084607,-17,12181,-11794,-113,128,166,resting,0.00,0,0,0,0,0
1779933084608,-18,12059,-11511,-10,97,134,resting,0.00,0,0,0,0,0
1779933084609,120,12258,-11243,93,56,101,resting,0.00,0,0,0,0,0
1779933084610,32,12464,-11086,216,23,72,resting,0.00,0,0,0,0,0
1779933084638,-171,12163,-11164,344,10,43,resting,0.00,0,0,0,0,0
1779933084639,-197,11694,-11304,447,6,18,resting,0.00,0,0,0,0,0
1779933084640,-191,11281,-11511,522,6,-9,resting,0.00,0,0,0,0,0
1779933084666,-239,11010,-11768,575,14,-41,resting,0.00,0,0,0,0,0
1779933084666,-165,10733,-11863,605,22,-107,resting,0.00,0,0,0,0,0
1779933084667,169,10672,-11853,620,28,-161,resting,0.00,0,0,0,0,0
1779933084702,543,10875,-11796,654,21,-185,resting,0.00,0,0,0,0,0
1779933084702,669,10703,-12105,700,3,-204,resting,0.00,0,0,0,0,0
1779933084703,417,10456,-12257,746,-16,-228,resting,0.00,0,0,0,0,0
1779933084725,-12,10498,-12586,775,-22,-252,resting,0.00,0,0,0,0,0
1779933084726,-108,10529,-12832,828,-28,-274,resting,0.00,0,0,0,0,0
1779933084727,-257,9789,-12680,882,-30,-303,resting,0.00,0,0,0,0,0
1779933084756,83,9926,-12377,942,-32,-352,resting,0.00,0,0,0,0,0
1779933084757,276,10803,-12436,999,-51,-346,resting,0.00,0,0,0,0,0
1779933084758,61,10519,-12528,1057,-88,-338,resting,0.00,0,0,0,0,0
1779933084790,-185,10052,-12456,1140,-127,-339,resting,0.00,0,0,0,0,0
1779933084791,-246,9041,-12942,1203,-174,-365,resting,0.00,0,0,0,0,0
1779933084792,-238,8796,-12298,1289,-208,-420,resting,0.00,0,0,0,0,0
1779933084817,-13,8801,-13377,1279,-205,-444,resting,0.00,0,0,0,0,0
1779933084820,-312,8384,-13649,1241,-259,-438,resting,0.00,0,0,0,0,0
1779933084821,-749,7815,-13476,1237,-284,-443,resting,0.00,0,0,0,0,0
1779933084846,-956,7261,-13616,1246,-281,-474,resting,0.00,0,0,0,0,0
1779933084847,-1146,7147,-13742,1277,-284,-483,resting,0.00,0,0,0,0,0
1779933084847,-1051,6847,-13305,1313,-314,-547,resting,0.00,0,0,0,0,0
1779933084876,-775,6262,-13320,1335,-339,-618,resting,0.00,0,0,0,0,0
1779933084877,-940,5770,-13539,1295,-396,-643,resting,0.00,0,0,0,0,0
1779933084878,-1631,5986,-13488,1212,-449,-664,resting,0.00,0,0,0,0,0
1779933084905,-2181,6444,-13542,1107,-473,-706,resting,0.00,0,0,0,0,0
1779933084906,-2505,7410,-14066,1032,-482,-667,resting,0.00,0,0,0,0,0
1779933084907,-3068,8186,-14363,1022,-504,-605,resting,0.00,0,0,0,0,0
1779933084940,-3644,8515,-14819,1053,-483,-600,resting,0.00,0,0,0,0,0
1779933084940,-3885,8114,-14941,1082,-450,-621,resting,0.00,0,0,0,0,0
1779933084942,-3717,7197,-14904,1073,-411,-611,resting,0.00,0,0,0,0,0
1779933084969,-3462,6286,-14632,1047,-390,-605,resting,0.00,0,0,0,0,0
1779933084969,-3137,5664,-14585,977,-366,-616,resting,0.00,0,0,0,0,0
1779933084970,-2982,5406,-14359,862,-361,-620,resting,0.00,0,0,0,0,0
1779933084998,-3063,5526,-14647,720,-352,-586,resting,0.00,0,0,0,0,0
1779933084999,-3376,6462,-14809,618,-345,-492,resting,0.00,0,0,0,0,0
1779933085000,-3861,6727,-15126,541,-329,-451,resting,0.00,0,0,0,0,0
1779933085025,-4419,6772,-16101,411,-295,-397,resting,0.00,0,0,0,0,0
1779933085026,-4701,7612,-17345,179,-242,-247,resting,0.00,0,0,0,0,0
1779933085027,-4666,7778,-17827,8,-166,-168,resting,0.00,0,0,0,0,0
1779933085056,-3685,7300,-17199,-88,-79,-177,resting,0.00,0,0,0,0,0
1779933085057,-2789,7408,-16349,-70,-19,-169,resting,0.00,0,0,0,0,0
1779933085058,-2391,7279,-15768,12,13,-197,resting,0.00,0,0,0,0,0
1779933085089,-2524,6965,-15687,96,26,-171,resting,0.00,0,0,0,0,0
1779933085091,-2595,6554,-15614,204,35,-125,resting,0.00,0,0,0,0,0
1779933085092,-2186,5927,-15375,318,34,-147,resting,0.00,0,0,0,0,0
1779933085114,-1670,5083,-15702,401,35,-211,resting,0.00,0,0,0,0,0
1779933085115,-1425,4641,-15582,384,9,-204,resting,0.00,0,0,0,0,0
1779933085116,-1460,4352,-15304,372,-22,-158,resting,0.00,0,0,0,0,0
1779933085147,-1700,4088,-14871,336,-58,-145,resting,0.00,0,0,0,0,0
1779933085149,-2128,4204,-14815,258,-93,-144,resting,0.00,0,0,0,0,0
1779933085150,-2910,4776,-15313,158,-128,-120,resting,0.00,0,0,0,0,0
1779933085176,-3938,5258,-15791,71,-134,-71,resting,0.00,0,0,0,0,0
1779933085176,-4647,5603,-15936,33,-96,-50,resting,0.00,0,0,0,0,0
1779933085177,-4543,5465,-15348,66,-46,-94,resting,0.00,0,0,0,0,0
1779933085207,-4048,5097,-14987,110,-12,-158,resting,0.00,0,0,0,0,0
1779933085209,-3577,4930,-14900,124,-1,-174,resting,0.00,0,0,0,0,0
1779933085210,-3442,4809,-14790,112,1,-148,resting,0.00,0,0,0,0,0
1779933085238,-3632,4645,-14668,61,-3,-121,resting,0.00,0,0,0,0,0
1779933085239,-4012,4563,-14623,-33,-14,-97,resting,0.00,0,0,0,0,0
1779933085239,-4406,4464,-14564,-152,-22,-64,resting,0.00,0,0,0,0,0
1779933085266,-4666,4555,-14499,-274,-28,-32,resting,0.00,0,0,0,0,0
1779933085267,-4854,4916,-14358,-380,-33,-11,resting,0.00,0,0,0,0,0
1779933085268,-5147,5228,-14265,-466,-30,1,resting,0.00,0,0,0,0,0
1779933085296,-5448,5408,-14137,-540,-23,-7,resting,0.00,0,0,0,0,0
1779933085297,-5375,5784,-14443,-592,-7,-1,resting,0.00,0,0,0,0,0
1779933085297,-5207,6216,-14462,-562,0,-6,resting,0.00,0,0,0,0,0
1779933085331,-4932,6189,-14542,-509,17,-48,resting,0.00,0,0,0,0,0
1779933085331,-4478,5885,-14699,-465,24,-59,resting,0.00,0,0,0,0,0
1779933085332,-4167,5597,-14642,-426,23,-55,resting,0.00,0,0,0,0,0
1779933085359,-3930,5873,-15124,-407,18,30,resting,0.00,0,0,0,0,0
1779933085360,-3831,5889,-15296,-424,18,51,resting,0.00,0,0,0,0,0
1779933085361,-3747,6084,-15642,-434,11,65,resting,0.00,0,0,0,0,0
1779933085389,-3523,5838,-15360,-441,5,40,resting,0.00,0,0,0,0,0
1779933085390,-3060,6276,-15678,-432,16,98,resting,0.00,0,0,0,0,0
1779933085391,-3125,6393,-15282,-381,4,136,resting,0.00,0,0,0,0,0
1779933085415,-3192,6443,-15239,-372,7,114,resting,0.00,0,0,0,0,0
1779933085415,-3215,6159,-15010,-370,-1,90,resting,0.00,0,0,0,0,0
1779933085416,-3288,6542,-15108,-375,0,57,resting,0.00,0,0,0,0,0
1779933085446,-3305,6299,-14886,-400,-5,-7,resting,0.00,0,0,0,0,0
1779933085448,-3261,6519,-14675,-448,-9,-31,resting,0.00,0,0,0,0,0
1779933085449,-3124,6876,-14628,-472,0,15,resting,0.00,0,0,0,0,0
1779933085475,-3229,7282,-14414,-436,5,79,resting,0.00,0,0,0,0,0
1779933085476,-3387,7602,-14398,-414,14,86,resting,0.00,0,0,0,0,0
1779933085477,-3674,7558,-14487,-388,24,56,resting,0.00,0,0,0,0,0
1779933085506,-3744,7497,-14369,-352,40,19,resting,0.00,0,0,0,0,0
1779933085507,-3593,7500,-14294,-330,54,-1,resting,0.00,0,0,0,0,0
1779933085508,-3470,7483,-14397,-334,62,-9,resting,0.00,0,0,0,0,0
1779933085539,-3302,7383,-14351,-298,69,-9,resting,0.00,0,0,0,0,0
1779933085540,-3270,7170,-14344,-267,78,-17,resting,0.00,0,0,0,0,0
1779933085541,-3201,7292,-14517,-255,90,-12,resting,0.00,0,0,0,0,0
1779933085565,-3173,7253,-14603,-221,98,0,resting,0.00,0,0,0,0,0
1779933085598,-3284,7497,-14508,-189,98,2,resting,0.00,0,0,0,0,0
1779933085599,-3236,7205,-14703,-169,100,-11,resting,0.00,0,0,0,0,0
1779933085600,-3214,7279,-14621,-140,96,-21,resting,0.00,0,0,0,0,0
1779933085601,-3174,7117,-14786,-127,101,-31,resting,0.00,0,0,0,0,0
1779933085601,-3132,7061,-14675,-109,96,-35,resting,0.00,0,0,0,0,0
1779933085629,-3161,7085,-14703,-110,91,-27,resting,0.00,0,0,0,0,0
1779933085630,-3197,6966,-14652,-113,82,-22,resting,0.00,0,0,0,0,0
1779933085631,-3184,7189,-14406,-128,67,-13,resting,0.00,0,0,0,0,0
1779933085656,-3145,7322,-14609,-141,63,-23,resting,0.00,0,0,0,0,0
1779933085656,-3152,7291,-14595,-125,58,-29,resting,0.00,0,0,0,0,0
1779933085657,-3295,7414,-14462,-110,48,-15,resting,0.00,0,0,0,0,0
1779933085693,-3371,7485,-14498,-92,46,-20,resting,0.00,0,0,0,0,0
1779933085693,-3323,7382,-14447,-75,42,-32,resting,0.00,0,0,0,0,0
1779933085694,-3211,7358,-14503,-67,41,-33,resting,0.00,0,0,0,0,0
1779933085714,-3198,7390,-14393,-54,33,-30,resting,0.00,0,0,0,0,0
1779933085715,-3224,7456,-14383,-51,31,-29,resting,0.00,0,0,0,0,0
1779933085715,-3329,7580,-14348,-43,27,-29,resting,0.00,0,0,0,0,0
1779933085746,-3280,7590,-14323,-28,26,-35,resting,0.00,0,0,0,0,0
1779933085747,-3252,7485,-14352,-15,26,-36,resting,0.00,0,0,0,0,0
1779933085748,-3246,7462,-14384,-13,25,-40,resting,0.00,0,0,0,0,0
1779933085780,-3277,7488,-14327,-17,25,-42,resting,0.00,0,0,0,0,0
1779933085781,-3275,7382,-14335,-13,28,-44,resting,0.00,0,0,0,0,0
1779933085782,-3303,7363,-14385,-17,27,-45,resting,0.00,0,0,0,0,0
1779933085806,-3266,7335,-14347,-23,23,-43,resting,0.00,0,0,0,0,0
1779933085807,-3331,7382,-14350,-34,23,-41,resting,0.00,0,0,0,0,0
1779933085808,-3317,7386,-14365,-32,23,-41,resting,0.00,0,0,0,0,0
1779933085838,-3386,7406,-14315,-30,23,-41,resting,0.00,0,0,0,0,0
1779933085839,-3388,7217,-14319,-23,23,-39,resting,0.00,0,0,0,0,0
1779933085840,-3360,7275,-14258,-30,15,-21,resting,0.00,0,0,0,0,0
1779933085866,-3176,7614,-14268,-33,18,-21,resting,0.00,0,0,0,0,0
1779933085867,-3248,7446,-14500,-22,28,-39,resting,0.00,0,0,0,0,0
1779933085868,-3421,7339,-14323,5,23,-31,resting,0.00,0,0,0,0,0
1779933085897,-3353,7472,-14361,13,24,-25,resting,0.00,0,0,0,0,0
1779933085898,-3291,7408,-14387,13,23,-34,resting,0.00,0,0,0,0,0
1779933085898,-3275,7295,-14342,16,24,-29,resting,0.00,0,0,0,0,0
1779933085929,-3304,7336,-14341,9,25,-24,resting,0.00,0,0,0,0,0
1779933085930,-3309,7319,-14392,-4,22,-22,resting,0.00,0,0,0,0,0
1779933085931,-3348,7418,-14347,-9,20,-18,resting,0.00,0,0,0,0,0
1779933085959,-3303,7420,-14369,-8,21,-19,resting,0.00,0,0,0,0,0
1779933085959,-3284,7333,-14386,-5,21,-19,resting,0.00,0,0,0,0,0
1779933085960,-3336,7326,-14343,-5,20,-18,resting,0.00,0,0,0,0,0
1779933085988,-3307,7346,-14343,-17,20,-18,resting,0.00,0,0,0,0,0
1779933085990,-3303,7380,-14394,-24,19,-17,resting,0.00,0,0,0,0,0
1779933085990,-3276,7426,-14376,-23,15,-14,resting,0.00,0,0,0,0,0
1779933086015,-3274,7389,-14399,-14,13,-15,resting,0.00,0,0,0,0,0
1779933086016,-3280,7402,-14353,-5,13,-12,resting,0.00,0,0,0,0,0
1779933086017,-3291,7382,-14379,-4,10,-8,resting,0.00,0,0,0,0,0
1779933086047,-3320,7285,-14359,-5,6,-9,resting,0.00,0,0,0,0,0
1779933086048,-3326,7260,-14355,-10,5,-5,resting,0.00,0,0,0,0,0
1779933086049,-3314,7339,-14386,-18,7,0,resting,0.00,0,0,0,0,0
1779933086078,-3269,7344,-14363,-21,5,2,resting,0.00,0,0,0,0,0
1779933086080,-3279,7416,-14315,-14,4,5,resting,0.00,0,0,0,0,0
1779933086080,-3318,7435,-14337,-10,7,4,resting,0.00,0,0,0,0,0
1779933086106,-3317,7396,-14326,-12,9,4,resting,0.00,0,0,0,0,0
1779933086107,-3264,7379,-14305,-15,8,7,resting,0.00,0,0,0,0,0
1779933086108,-3266,7389,-14314,-20,9,8,resting,0.00,0,0,0,0,0
1779933086138,-3351,7440,-14271,-23,9,8,resting,0.00,0,0,0,0,0
1779933086141,-3380,7464,-14301,-25,11,10,resting,0.00,0,0,0,0,0
1779933086142,-3339,7476,-14314,-25,12,9,resting,0.00,0,0,0,0,0
1779933086165,-3346,7448,-14323,-20,13,6,resting,0.00,0,0,0,0,0
1779933086165,-3345,7435,-14329,-20,14,8,resting,0.00,0,0,0,0,0
1779933086165,-3378,7423,-14316,-21,14,7,resting,0.00,0,0,0,0,0
1779933086195,-3367,7411,-14303,-21,15,5,resting,0.00,0,0,0,0,0
1779933086196,-3308,7478,-14330,-20,15,5,resting,0.00,0,0,0,0,0
1779933086197,-3281,7486,-14365,-21,14,4,resting,0.00,0,0,0,0,0
1779933086227,-3309,7445,-14309,-20,13,3,resting,0.00,0,0,0,0,0
1779933086228,-3259,7469,-14305,-23,15,3,resting,0.00,0,0,0,0,0
1779933086228,-3251,7493,-14338,-22,15,2,resting,0.00,0,0,0,0,0
1779933086255,-3315,7483,-14332,-20,12,-2,resting,0.00,0,0,0,0,0
1779933086256,-3302,7507,-14299,-17,12,-2,resting,0.00,0,0,0,0,0
1779933086257,-3322,7460,-14259,-16,14,-2,resting,0.00,0,0,0,0,0
1779933086285,-3321,7510,-14392,-21,14,-2,resting,0.00,0,0,0,0,0
1779933086287,-3316,7473,-14234,-10,12,-6,resting,0.00,0,0,0,0,0
1779933086288,-3266,7306,-14282,-13,18,-4,resting,0.00,0,0,0,0,0
1779933086315,-3281,7488,-14322,-25,14,1,resting,0.00,0,0,0,0,0
1779933086316,-3297,7584,-14302,-23,12,3,resting,0.00,0,0,0,0,0
1779933086317,-3381,7494,-14330,-23,12,2,resting,0.00,0,0,0,0,0
1779933086350,-3384,7446,-14286,-21,13,-4,resting,0.00,0,0,0,0,0
1779933086351,-3242,7489,-14340,-24,14,-3,resting,0.00,0,0,0,0,0
1779933086351,-3273,7493,-14326,-21,10,-2,resting,0.00,0,0,0,0,0
1779933086377,-3372,7459,-14288,-18,11,-2,resting,0.00,0,0,0,0,0
1779933086378,-3331,7582,-14283,-15,13,-1,resting,0.00,0,0,0,0,0
1779933086378,-3333,7532,-14339,-4,14,-2,resting,0.00,0,0,0,0,0
1779933086405,-3271,7437,-14346,0,15,-7,resting,0.00,0,0,0,0,0
1779933086406,-3309,7490,-14298,-5,15,-7,resting,0.00,0,0,0,0,0
1779933086407,-3270,7454,-14279,-14,15,-8,resting,0.00,0,0,0,0,0
1779933086436,-3191,7423,-14245,-18,14,-4,resting,0.00,0,0,0,0,0
1779933086437,-3186,7427,-14268,-25,14,1,resting,0.00,0,0,0,0,0
1779933086438,-3285,7600,-14311,-24,11,2,resting,0.00,0,0,0,0,0
1779933086465,-3399,7622,-14280,-13,10,-2,resting,0.00,0,0,0,0,0
1779933086466,-3263,7428,-14323,1,14,-4,resting,0.00,0,0,0,0,0
1779933086467,-3259,7441,-14282,-2,12,1,resting,0.00,0,0,0,0,0
1779933086496,-3321,7459,-14344,0,11,4,resting,0.00,0,0,0,0,0
1779933086497,-3392,7464,-14348,-5,8,-1,resting,0.00,0,0,0,0,0
1779933086498,-3323,7501,-14281,-9,11,-6,resting,0.00,0,0,0,0,0
1779933086529,-3270,7533,-14311,-7,11,-1,resting,0.00,0,0,0,0,0
1779933086530,-3298,7450,-14337,-6,11,-3,resting,0.00,0,0,0,0,0
1779933086531,-3255,7476,-14320,-3,12,-2,resting,0.00,0,0,0,0,0
1779933086555,-3316,7558,-14295,-3,12,-1,resting,0.00,0,0,0,0,0
1779933086556,-3324,7463,-14286,-10,13,-5,resting,0.00,0,0,0,0,0
1779933086557,-3263,7434,-14310,-17,11,-7,resting,0.00,0,0,0,0,0
1779933086587,-3217,7526,-14352,-17,8,-4,resting,0.00,0,0,0,0,0
1779933086588,-3264,7519,-14349,-11,6,-3,resting,0.00,0,0,0,0,0
1779933086589,-3332,7484,-14297,-5,6,-1,resting,0.00,0,0,0,0,0
1779933086617,-3330,7498,-14294,-2,6,-1,resting,0.00,0,0,0,0,0
1779933086618,-3341,7502,-14304,-3,6,-1,resting,0.00,0,0,0,0,0
1779933086619,-3320,7514,-14328,-4,7,-2,resting,0.00,0,0,0,0,0
1779933086646,-3277,7488,-14317,-3,9,-1,resting,0.00,0,0,0,0,0
1779933086647,-3258,7538,-14291,-3,10,-1,resting,0.00,0,0,0,0,0
1779933086648,-3290,7553,-14309,-5,10,-2,resting,0.00,0,0,0,0,0
1779933086679,-3276,7440,-14266,-9,11,-4,resting,0.00,0,0,0,0,0
1779933086680,-3245,7514,-14323,-13,10,-1,resting,0.00,0,0,0,0,0
1779933086680,-3372,7503,-14263,-14,9,-1,resting,0.00,0,0,0,0,0
1779933086707,-3364,7400,-14303,-13,14,-3,resting,0.00,0,0,0,0,0
1779933086711,-3304,7471,-14303,-13,14,-1,resting,0.00,0,0,0,0,0
1779933086712,-3297,7503,-14298,-11,13,0,resting,0.00,0,0,0,0,0
1779933086737,-3335,7482,-14309,-7,11,1,resting,0.00,0,0,0,0,0
1779933086738,-3330,7509,-14289,-9,11,-2,resting,0.00,0,0,0,0,0
1779933086739,-3267,7509,-14336,-8,12,-3,resting,0.00,0,0,0,0,0
1779933086765,-3248,7547,-14323,-7,10,1,resting,0.00,0,0,0,0,0
1779933086771,-3286,7479,-14327,-6,10,0,resting,0.00,0,0,0,0,0
1779933086772,-3271,7465,-14319,-5,8,0,resting,0.00,0,0,0,0,0
1779933086796,-3261,7502,-14285,-5,8,2,resting,0.00,0,0,0,0,0
1779933086797,-3291,7450,-14286,-9,7,3,resting,0.00,0,0,0,0,0
1779933086798,-3331,7476,-14284,-12,9,6,resting,0.00,0,0,0,0,0
1779933086826,-3298,7513,-14294,-12,10,5,resting,0.00,0,0,0,0,0
1779933086826,-3305,7547,-14264,-11,10,4,resting,0.00,0,0,0,0,0
1779933086827,-3280,7501,-14317,-10,11,1,resting,0.00,0,0,0,0,0
1779933086855,-3277,7501,-14310,-11,10,0,resting,0.00,0,0,0,0,0
1779933086856,-3333,7552,-14289,-12,9,1,resting,0.00,0,0,0,0,0
1779933086857,-3308,7555,-14295,-9,11,0,resting,0.00,0,0,0,0,0
1779933086886,-3349,7521,-14286,-8,11,-4,resting,0.00,0,0,0,0,0
1779933086887,-3272,7485,-14266,-9,12,-4,resting,0.00,0,0,0,0,0
1779933086887,-3265,7525,-14275,-9,12,0,resting,0.00,0,0,0,0,0
1779933086920,-3294,7513,-14279,-11,13,1,resting,0.00,0,0,0,0,0
1779933086920,-3311,7512,-14252,-9,15,1,resting,0.00,0,0,0,0,0
1779933086921,-3295,7537,-14279,-8,15,1,resting,0.00,0,0,0,0,0
1779933086948,-3294,7536,-14263,-8,15,3,resting,0.00,0,0,0,0,0
1779933086949,-3247,7508,-14316,-10,14,3,resting,0.00,0,0,0,0,0
1779933086950,-3265,7514,-14307,-14,14,0,resting,0.00,0,0,0,0,0
1779933086975,-3280,7540,-14323,-13,11,1,resting,0.00,0,0,0,0,0
1779933086975,-3304,7569,-14293,-8,12,0,resting,0.00,0,0,0,0,0
1779933086976,-3278,7555,-14326,-5,10,-1,resting,0.00,0,0,0,0,0
1779933087004,-3268,7530,-14305,-6,7,-2,resting,0.00,0,0,0,0,0
1779933087005,-3256,7501,-14281,-2,7,-6,resting,0.00,0,0,0,0,0
1779933087005,-3277,7421,-14273,-1,9,-5,resting,0.00,0,0,0,0,0
1779933087035,-3268,7414,-14305,-6,9,-1,resting,0.00,0,0,0,0,0
1779933087035,-3262,7491,-14294,-12,7,2,resting,0.00,0,0,0,0,0
1779933087036,-3303,7514,-14283,-17,7,4,resting,0.00,0,0,0,0,0
1779933087066,-3318,7535,-14306,-17,6,3,resting,0.00,0,0,0,0,0
1779933087067,-3317,7585,-14322,-14,5,1,resting,0.00,0,0,0,0,0
1779933087067,-3303,7555,-14320,-7,5,2,resting,0.00,0,0,0,0,0
1779933087095,-3303,7544,-14294,-1,5,1,resting,0.00,0,0,0,0,0
1779933087095,-3326,7529,-14259,-1,4,2,resting,0.00,0,0,0,0,0
1779933087096,-3294,7507,-14269,-3,6,4,resting,0.00,0,0,0,0,0
1779933087127,-3281,7545,-14265,-7,10,1,resting,0.00,0,0,0,0,0
1779933087128,-3248,7538,-14273,-10,11,-2,resting,0.00,0,0,0,0,0
1779933087129,-3223,7557,-14238,-15,12,-3,resting,0.00,0,0,0,0,0
1779933087155,-3261,7583,-14257,-18,12,-4,resting,0.00,0,0,0,0,0
1779933087155,-3279,7577,-14340,-22,10,-5,resting,0.00,0,0,0,0,0
1779933087156,-3297,7519,-14270,-18,9,-8,resting,0.00,0,0,0,0,0
1779933087185,-3335,7531,-14225,-11,9,-8,resting,0.00,0,0,0,0,0
1779933087186,-3317,7511,-14282,-2,10,-5,resting,0.00,0,0,0,0,0
1779933087186,-3343,7493,-14273,2,10,-3,resting,0.00,0,0,0,0,0
1779933087218,-3330,7544,-14238,4,13,-3,resting,0.00,0,0,0,0,0
1779933087219,-3276,7504,-14272,3,12,-2,resting,0.00,0,0,0,0,0
1779933087220,-3265,7474,-14267,-1,13,-2,resting,0.00,0,0,0,0,0
1779933087249,-3229,7510,-14318,-8,13,0,resting,0.00,0,0,0,0,0
1779933087250,-3265,7554,-14284,-13,12,-1,resting,0.00,0,0,0,0,0
1779933087253,-3279,7549,-14314,-14,13,-3,resting,0.00,0,0,0,0,0
1779933087276,-3304,7563,-14245,-13,12,-2,resting,0.00,0,0,0,0,0
1779933087277,-3326,7578,-14226,-12,12,-3,resting,0.00,0,0,0,0,0
1779933087277,-3310,7566,-14235,-10,12,-3,resting,0.00,0,0,0,0,0
1779933087305,-3328,7558,-14298,-10,13,-5,resting,0.00,0,0,0,0,0
1779933087306,-3297,7550,-14316,-5,11,-5,resting,0.00,0,0,0,0,0
1779933087307,-3264,7501,-14310,5,10,-7,resting,0.00,0,0,0,0,0
1779933087338,-3264,7428,-14295,4,8,-6,resting,0.00,0,0,0,0,0
1779933087339,-3294,7488,-14283,-2,8,0,resting,0.00,0,0,0,0,0
1779933087339,-3309,7486,-14285,-3,6,2,resting,0.00,0,0,0,0,0
1779933087365,-3306,7459,-14294,-6,5,2,resting,0.00,0,0,0,0,0
1779933087369,-3268,7534,-14269,-7,6,2,resting,0.00,0,0,0,0,0
1779933087370,-3257,7556,-14267,-8,8,3,resting,0.00,0,0,0,0,0
1779933087397,-3320,7555,-14278,-10,7,2,resting,0.00,0,0,0,0,0
1779933087398,-3295,7608,-14277,-9,8,1,resting,0.00,0,0,0,0,0
1779933087398,-3261,7597,-14271,-5,9,-2,resting,0.00,0,0,0,0,0
1779933087427,-3286,7568,-14226,-3,8,-2,resting,0.00,0,0,0,0,0
1779933087427,-3292,7489,-14241,-2,9,-3,resting,0.00,0,0,0,0,0
1779933087428,-3286,7499,-14269,-5,11,-2,resting,0.00,0,0,0,0,0
1779933087455,-3275,7495,-14289,-6,13,0,resting,0.00,0,0,0,0,0
1779933087455,-3294,7464,-14278,-10,13,2,resting,0.00,0,0,0,0,0
1779933087456,-3266,7524,-14269,-12,11,4,resting,0.00,0,0,0,0,0
1779933087486,-3284,7591,-14286,-11,10,5,resting,0.00,0,0,0,0,0
1779933087487,-3295,7547,-14292,-10,10,3,resting,0.00,0,0,0,0,0
1779933087488,-3298,7551,-14285,-7,10,3,resting,0.00,0,0,0,0,0
1779933087519,-3246,7551,-14272,-7,10,4,resting,0.00,0,0,0,0,0
1779933087520,-3280,7582,-14274,-8,10,2,resting,0.00,0,0,0,0,0
1779933087521,-3304,7560,-14308,-11,10,1,resting,0.00,0,0,0,0,0
1779933087544,-3323,7589,-14289,-8,8,1,resting,0.00,0,0,0,0,0
1779933087545,-3323,7559,-14314,-7,7,0,resting,0.00,0,0,0,0,0
1779933087545,-3255,7526,-14282,-8,7,1,resting,0.00,0,0,0,0,0
1779933087576,-3317,7546,-14269,-9,6,1,resting,0.00,0,0,0,0,0
1779933087577,-3311,7539,-14261,-9,7,4,resting,0.00,0,0,0,0,0
1779933087578,-3299,7539,-14246,-9,9,1,resting,0.00,0,0,0,0,0
1779933087605,-3270,7569,-14224,-9,11,2,resting,0.00,0,0,0,0,0
1779933087606,-3257,7576,-14245,-8,13,2,resting,0.00,0,0,0,0,0
1779933087606,-3264,7554,-14261,-8,14,2,resting,0.00,0,0,0,0,0
1779933087635,-3279,7508,-14327,-6,12,0,resting,0.00,0,0,0,0,0
1779933087637,-3326,7525,-14291,-7,10,-1,resting,0.00,0,0,0,0,0
1779933087638,-3300,7581,-14253,-8,10,-1,resting,0.00,0,0,0,0,0
1779933087671,-3274,7564,-14285,-7,11,0,resting,0.00,0,0,0,0,0
1779933087671,-3295,7535,-14300,-7,10,0,resting,0.00,0,0,0,0,0
1779933087672,-3244,7555,-14266,-6,9,0,resting,0.00,0,0,0,0,0
1779933087696,-3265,7557,-14253,-7,10,0,resting,0.00,0,0,0,0,0
1779933087697,-3291,7515,-14269,-9,11,1,resting,0.00,0,0,0,0,0
1779933087697,-3277,7545,-14310,-9,12,2,resting,0.00,0,0,0,0,0
1779933087730,-3282,7558,-14313,-9,11,1,resting,0.00,0,0,0,0,0
1779933087738,-3268,7582,-14348,-8,9,0,resting,0.00,0,0,0,0,0
1779933087738,-3288,7591,-14278,-5,7,-1,resting,0.00,0,0,0,0,0
1779933087755,-3298,7612,-14258,-4,8,0,resting,0.00,0,0,0,0,0
1779933087756,-3319,7578,-14251,-3,7,-1,resting,0.00,0,0,0,0,0
1779933087757,-3285,7560,-14239,-3,6,-3,resting,0.00,0,0,0,0,0
1779933087786,-3271,7517,-14245,-3,8,-3,resting,0.00,0,0,0,0,0
1779933087786,-3261,7486,-14235,-1,10,-1,resting,0.00,0,0,0,0,0
1779933087787,-3235,7525,-14300,-5,10,0,resting,0.00,0,0,0,0,0
1779933087816,-3288,7512,-14267,-10,9,3,resting,0.00,0,0,0,0,0
1779933087817,-3319,7507,-14271,-11,10,4,resting,0.00,0,0,0,0,0
1779933087820,-3339,7558,-14257,-10,10,3,resting,0.00,0,0,0,0,0
1779933087846,-3320,7561,-14230,-9,12,5,resting,0.00,0,0,0,0,0
1779933087847,-3313,7567,-14270,-4,13,5,resting,0.00,0,0,0,0,0
1779933087848,-3312,7509,-14244,-3,12,5,resting,0.00,0,0,0,0,0
1779933087876,-3287,7569,-14254,-5,14,5,resting,0.00,0,0,0,0,0
1779933087876,-3214,7571,-14241,-5,14,6,resting,0.00,0,0,0,0,0
1779933087877,-3220,7554,-14300,-7,14,3,resting,0.00,0,0,0,0,0
1779933087905,-3219,7602,-14335,-13,13,1,resting,0.00,0,0,0,0,0
1779933087906,-3257,7602,-14275,-17,11,-2,resting,0.00,0,0,0,0,0
1779933087910,-3254,7585,-14299,-18,10,-4,resting,0.00,0,0,0,0,0
1779933087937,-3292,7574,-14291,-15,10,-5,resting,0.00,0,0,0,0,0
1779933087938,-3316,7540,-14274,-9,10,-5,resting,0.00,0,0,0,0,0
1779933087939,-3339,7533,-14248,-5,11,-2,resting,0.00,0,0,0,0,0
1779933087967,-3362,7557,-14283,0,9,2,resting,0.00,0,0,0,0,0
1779933087968,-3332,7524,-14235,3,10,2,resting,0.00,0,0,0,0,0
1779933087969,-3295,7565,-14282,5,9,2,resting,0.00,0,0,0,0,0
1779933087995,-3260,7564,-14286,3,10,2,resting,0.00,0,0,0,0,0
1779933087996,-3284,7555,-14271,1,9,2,resting,0.00,0,0,0,0,0
1779933087996,-3260,7579,-14302,-4,9,1,resting,0.00,0,0,0,0,0
1779933088026,-3239,7612,-14270,-7,10,1,resting,0.00,0,0,0,0,0
1779933088028,-3233,7611,-14253,-5,10,-1,resting,0.00,0,0,0,0,0
1779933088029,-3284,7562,-14245,-3,9,-4,resting,0.00,0,0,0,0,0
1779933088055,-3277,7542,-14238,-6,9,-4,resting,0.00,0,0,0,0,0
1779933088055,-3307,7565,-14273,-8,9,-4,resting,0.00,0,0,0,0,0
1779933088056,-3283,7535,-14293,-6,10,-5,resting,0.00,0,0,0,0,0
1779933088085,-3274,7512,-14281,-5,9,-4,resting,0.00,0,0,0,0,0
1779933088086,-3229,7509,-14240,-5,8,-4,resting,0.00,0,0,0,0,0
1779933088086,-3264,7575,-14301,-4,8,-1,resting,0.00,0,0,0,0,0
1779933088118,-3307,7546,-14325,-5,6,0,resting,0.00,0,0,0,0,0
1779933088119,-3301,7573,-14264,-3,6,1,resting,0.00,0,0,0,0,0
1779933088120,-3276,7588,-14261,-2,7,-1,resting,0.00,0,0,0,0,0
1779933088146,-3272,7590,-14249,-1,5,-3,resting,0.00,0,0,0,0,0
1779933088147,-3256,7610,-14263,-3,6,-4,resting,0.00,0,0,0,0,0
1779933088148,-3300,7607,-14246,-3,6,-5,resting,0.00,0,0,0,0,0
1779933088176,-3294,7567,-14233,-3,7,-6,resting,0.00,0,0,0,0,0
1779933088177,-3300,7551,-14256,-5,9,-5,resting,0.00,0,0,0,0,0
1779933088178,-3325,7502,-14253,-4,10,-6,resting,0.00,0,0,0,0,0
1779933088209,-3292,7484,-14242,-7,10,-6,resting,0.00,0,0,0,0,0
1779933088218,-3304,7525,-14222,-10,10,-4,resting,0.00,0,0,0,0,0
1779933088218,-3286,7514,-14288,-10,9,-3,resting,0.00,0,0,0,0,0
1779933088240,-3300,7565,-14287,-6,11,-3,resting,0.00,0,0,0,0,0
1779933088240,-3316,7586,-14288,-7,10,-2,resting,0.00,0,0,0,0,0
1779933088240,-3296,7586,-14259,-4,10,-2,resting,0.00,0,0,0,0,0
1779933088266,-3273,7542,-14291,-3,10,-3,resting,0.00,0,0,0,0,0
1779933088267,-3290,7544,-14301,-5,10,-1,resting,0.00,0,0,0,0,0
1779933088267,-3248,7554,-14263,-6,10,-1,resting,0.00,0,0,0,0,0
1779933088295,-3280,7536,-14262,-8,9,-2,resting,0.00,0,0,0,0,0
1779933088295,-3292,7531,-14258,-12,8,0,resting,0.00,0,0,0,0,0
1779933088296,-3306,7531,-14246,-12,8,0,resting,0.00,0,0,0,0,0
1779933088328,-3296,7587,-14284,-12,10,0,resting,0.00,0,0,0,0,0
1779933088329,-3285,7601,-14297,-7,9,0,resting,0.00,0,0,0,0,0
1779933088329,-3283,7588,-14328,-3,10,0,resting,0.00,0,0,0,0,0
1779933088359,-3309,7540,-14287,-4,8,-2,resting,0.00,0,0,0,0,0
1779933088360,-3276,7554,-14247,-3,8,0,resting,0.00,0,0,0,0,0
1779933088361,-3242,7557,-14296,-6,9,2,resting,0.00,0,0,0,0,0
1779933088385,-3297,7527,-14265,-7,9,1,resting,0.00,0,0,0,0,0
1779933088385,-3303,7547,-14258,-7,11,2,resting,0.00,0,0,0,0,0
1779933088386,-3282,7562,-14278,-5,10,4,resting,0.00,0,0,0,0,0
1779933088417,-3253,7604,-14227,-4,10,4,resting,0.00,0,0,0,0,0
1779933088448,-3300,7541,-14262,-3,11,2,resting,0.00,0,0,0,0,0
1779933088451,-3308,7540,-14276,-5,9,1,resting,0.00,0,0,0,0,0
1779933088452,-3283,7574,-14234,-6,12,2,resting,0.00,0,0,0,0,0
1779933088453,-3275,7579,-14230,-6,13,1,resting,0.00,0,0,0,0,0
1779933088453,-3263,7562,-14243,-6,12,2,resting,0.00,0,0,0,0,0
1779933088475,-3280,7499,-14283,-6,12,3,resting,0.00,0,0,0,0,0
1779933088476,-3296,7549,-14311,-6,10,1,resting,0.00,0,0,0,0,0
1779933088476,-3320,7555,-14262,-8,10,0,resting,0.00,0,0,0,0,0
1779933088509,-3259,7591,-14232,-7,11,2,resting,0.00,0,0,0,0,0
1779933088510,-3266,7570,-14273,-4,9,2,resting,0.00,0,0,0,0,0
1779933088511,-3271,7539,-14273,-4,10,0,resting,0.00,0,0,0,0,0
1779933088536,-3259,7513,-14276,-6,9,1,resting,0.00,0,0,0,0,0
1779933088537,-3234,7555,-14276,-8,10,2,resting,0.00,0,0,0,0,0
1779933088538,-3248,7584,-14260,-7,10,4,resting,0.00,0,0,0,0,0
1779933088567,-3308,7583,-14275,-8,10,2,resting,0.00,0,0,0,0,0
1779933088568,-3312,7534,-14233,-5,10,2,resting,0.00,0,0,0,0,0
1779933088568,-3268,7507,-14226,-4,13,2,resting,0.00,0,0,0,0,0
1779933088595,-3274,7557,-14263,-6,13,4,resting,0.00,0,0,0,0,0
1779933088596,-3290,7568,-14268,-8,12,3,resting,0.00,0,0,0,0,0
1779933088597,-3283,7572,-14242,-8,12,3,resting,0.00,0,0,0,0,0
1779933088626,-3301,7582,-14256,-8,12,2,resting,0.00,0,0,0,0,0
1779933088626,-3294,7572,-14245,-7,12,-1,resting,0.00,0,0,0,0,0
1779933088627,-3249,7572,-14257,-6,14,-1,resting,0.00,0,0,0,0,0
1779933088655,-3266,7555,-14263,-7,12,-1,resting,0.00,0,0,0,0,0
1779933088656,-3285,7532,-14254,-7,12,0,resting,0.00,0,0,0,0,0
1779933088663,-3226,7532,-14252,-5,11,0,resting,0.00,0,0,0,0,0
1779933088687,-3224,7511,-14286,-5,10,2,resting,0.00,0,0,0,0,0
1779933088687,-3237,7523,-14255,-9,10,4,resting,0.00,0,0,0,0,0
1779933088688,-3270,7587,-14280,-13,8,6,resting,0.00,0,0,0,0,0
1779933088719,-3262,7602,-14275,-10,7,1,resting,0.00,0,0,0,0,0
1779933088750,-3271,7589,-14262,-5,8,2,resting,0.00,0,0,0,0,0
1779933088750,-3306,7578,-14236,-1,8,3,resting,0.00,0,0,0,0,0
1779933088751,-3306,7568,-14267,2,8,3,resting,0.00,0,0,0,0,0
1779933088751,-3302,7603,-14271,1,11,4,resting,0.00,0,0,0,0,0
1779933088752,-3273,7595,-14276,-2,11,0,resting,0.00,0,0,0,0,0
1779933088776,-3243,7611,-14298,-5,11,-2,resting,0.00,0,0,0,0,0
1779933088777,-3186,7586,-14276,-8,10,-3,resting,0.00,0,0,0,0,0
1779933088777,-3230,7559,-14266,-10,11,-4,resting,0.00,0,0,0,0,0
1779933088808,-3291,7558,-14248,-15,11,-3,resting,0.00,0,0,0,0,0
1779933088808,-3328,7562,-14245,-14,10,-2,resting,0.00,0,0,0,0,0
1779933088809,-3356,7567,-14269,-7,10,-1,resting,0.00,0,0,0,0,0
1779933088835,-3328,7571,-14268,1,10,1,resting,0.00,0,0,0,0,0
1779933088836,-3307,7585,-14252,6,11,1,resting,0.00,0,0,0,0,0
1779933088837,-3327,7571,-14262,6,12,1,resting,0.00,0,0,0,0,0
1779933088866,-3289,7528,-14295,4,13,2,resting,0.00,0,0,0,0,0
1779933088867,-3243,7525,-14242,0,14,4,resting,0.00,0,0,0,0,0
1779933088868,-3241,7530,-14244,-6,13,3,resting,0.00,0,0,0,0,0
1779933088895,-3255,7570,-14227,-10,15,3,resting,0.00,0,0,0,0,0
1779933088895,-3292,7591,-14209,-11,17,2,resting,0.00,0,0,0,0,0
1779933088896,-3281,7588,-14221,-7,20,4,resting,0.00,0,0,0,0,0
1779933088928,-3290,7580,-14232,-4,20,3,resting,0.00,0,0,0,0,0
1779933088928,-3280,7605,-14204,-4,23,2,resting,0.00,0,0,0,0,0
1779933088929,-3272,7585,-14213,-4,25,4,resting,0.00,0,0,0,0,0
1779933088958,-3249,7552,-14291,-2,25,4,resting,0.00,0,0,0,0,0
1779933088987,-3196,7500,-14250,0,27,4,resting,0.00,0,0,0,0,0
1779933088988,-3173,7483,-14241,-3,29,7,resting,0.00,0,0,0,0,0
1779933088992,-3253,7546,-14263,-8,26,12,resting,0.00,0,0,0,0,0
1779933088993,-3270,7539,-14258,-10,26,15,resting,0.00,0,0,0,0,0
1779933088993,-3244,7567,-14333,-13,25,14,resting,0.00,0,0,0,0,0
1779933089016,-3199,7659,-14367,-17,22,12,resting,0.00,0,0,0,0,0
1779933089017,-3205,7723,-14371,-17,18,6,resting,0.00,0,0,0,0,0
1779933089017,-3242,7728,-14403,-11,13,-1,resting,0.00,0,0,0,0,0
1779933089048,-3201,7637,-14303,-5,12,-6,resting,0.00,0,0,0,0,0
1779933089049,-3121,7570,-14332,-2,9,-6,resting,0.00,0,0,0,0,0
1779933089049,-3130,7528,-14347,-4,2,-4,resting,0.00,0,0,0,0,0
1779933089075,-3198,7582,-14294,-1,-3,-2,resting,0.00,0,0,0,0,0
1779933089075,-3278,7608,-14314,-1,-5,0,resting,0.00,0,0,0,0,0
1779933089076,-3271,7562,-14260,1,-7,0,resting,0.00,0,0,0,0,0
1779933089107,-3264,7522,-14267,3,-6,-3,resting,0.00,0,0,0,0,0
1779933089107,-3261,7493,-14186,1,-2,-2,resting,0.00,0,0,0,0,0
1779933089108,-3281,7499,-14144,-4,1,2,resting,0.00,0,0,0,0,0
1779933089135,-3309,7565,-14137,-8,3,2,resting,0.00,0,0,0,0,0
1779933089135,-3359,7605,-14163,-8,7,3,resting,0.00,0,0,0,0,0
1779933089136,-3262,7632,-14192,-5,12,4,resting,0.00,0,0,0,0,0
1779933089166,-3217,7637,-14193,0,15,2,resting,0.00,0,0,0,0,0
1779933089167,-3248,7617,-14214,3,16,0,resting,0.00,0,0,0,0,0
1779933089167,-3262,7619,-14217,3,18,-3,resting,0.00,0,0,0,0,0
1779933089195,-3211,7563,-14313,-2,17,-4,resting,0.00,0,0,0,0,0
1779933089195,-3191,7551,-14311,-7,18,-4,resting,0.00,0,0,0,0,0
1779933089197,-3214,7528,-14304,-9,17,-4,resting,0.00,0,0,0,0,0
1779933089226,-3251,7551,-14282,-12,15,-3,resting,0.00,0,0,0,0,0
1779933089227,-3270,7590,-14331,-12,14,-2,resting,0.00,0,0,0,0,0
1779933089228,-3289,7575,-14290,-9,11,-1,resting,0.00,0,0,0,0,0
1779933089262,-3258,7590,-14296,-5,9,-2,resting,0.00,0,0,0,0,0
1779933089263,-3260,7636,-14285,-1,8,-1,resting,0.00,0,0,0,0,0
1779933089264,-3235,7613,-14279,1,8,-2,resting,0.00,0,0,0,0,0
1779933089286,-3215,7589,-14271,2,7,-4,resting,0.00,0,0,0,0,0
1779933089287,-3218,7587,-14231,4,8,-4,resting,0.00,0,0,0,0,0
1779933089287,-3190,7570,-14211,3,9,-4,resting,0.00,0,0,0,0,0
1779933089319,-3206,7570,-14247,-3,10,-4,resting,0.00,0,0,0,0,0
1779933089320,-3240,7597,-14265,-7,12,-4,resting,0.00,0,0,0,0,0
1779933089320,-3236,7586,-14254,-7,14,-6,resting,0.00,0,0,0,0,0
1779933089345,-3236,7607,-14244,-4,16,-5,resting,0.00,0,0,0,0,0
1779933089346,-3229,7584,-14263,0,16,-6,resting,0.00,0,0,0,0,0
1779933089347,-3250,7554,-14287,3,15,-7,resting,0.00,0,0,0,0,0
1779933089375,-3244,7504,-14296,1,14,-6,resting,0.00,0,0,0,0,0
1779933089376,-3230,7481,-14289,-2,15,-5,resting,0.00,0,0,0,0,0
1779933089377,-3201,7487,-14281,-4,16,-3,resting,0.00,0,0,0,0,0
1779933089408,-3232,7488,-14291,-5,17,1,resting,0.00,0,0,0,0,0
1779933089408,-3207,7521,-14301,-5,17,2,resting,0.00,0,0,0,0,0
1779933089409,-3202,7530,-14248,-7,17,4,resting,0.00,0,0,0,0,0
1779933089435,-3244,7564,-14271,-11,19,6,resting,0.00,0,0,0,0,0
1779933089436,-3224,7595,-14252,-13,20,5,resting,0.00,0,0,0,0,0
1779933089437,-3185,7612,-14312,-14,19,3,resting,0.00,0,0,0,0,0
1779933089465,-3229,7588,-14294,-12,17,3,resting,0.00,0,0,0,0,0
1779933089466,-3249,7556,-14228,-9,18,4,resting,0.00,0,0,0,0,0
1779933089467,-3228,7586,-14240,-7,21,5,resting,0.00,0,0,0,0,0
1779933089495,-3196,7618,-14320,-12,19,5,resting,0.00,0,0,0,0,0
1779933089500,-3178,7619,-14369,-13,18,2,resting,0.00,0,0,0,0,0
1779933089500,-3176,7591,-14334,-9,15,0,resting,0.00,0,0,0,0,0
1779933089525,-3197,7586,-14283,-9,13,1,resting,0.00,0,0,0,0,0
1779933089526,-3175,7591,-14342,-6,11,1,resting,0.00,0,0,0,0,0
1779933089527,-3200,7586,-14319,-4,6,0,resting,0.00,0,0,0,0,0
1779933089555,-3269,7528,-14287,-1,6,2,resting,0.00,0,0,0,0,0
1779933089585,-3202,7469,-14225,0,8,5,resting,0.00,0,0,0,0,0
1779933089586,-3168,7493,-14216,-4,8,8,resting,0.00,0,0,0,0,0
1779933089587,-3208,7526,-14215,-5,10,12,resting,0.00,0,0,0,0,0
1779933089587,-3237,7628,-14262,-9,11,11,resting,0.00,0,0,0,0,0
1779933089588,-3245,7701,-14253,-10,12,10,resting,0.00,0,0,0,0,0
1779933089616,-3254,7651,-14256,-3,12,7,resting,0.00,0,0,0,0,0
1779933089619,-3190,7614,-14252,1,13,4,resting,0.00,0,0,0,0,0
1779933089620,-3184,7558,-14270,6,14,3,resting,0.00,0,0,0,0,0
1779933089645,-3201,7541,-14234,4,15,5,resting,0.00,0,0,0,0,0
1779933089653,-3265,7541,-14248,-2,17,6,resting,0.00,0,0,0,0,0
1779933089653,-3242,7545,-14268,-8,17,8,resting,0.00,0,0,0,0,0
1779933089676,-3192,7550,-14258,-14,17,7,resting,0.00,0,0,0,0,0
1779933089677,-3189,7595,-14285,-17,19,7,resting,0.00,0,0,0,0,0
1779933089682,-3183,7638,-14303,-20,17,6,resting,0.00,0,0,0,0,0
1779933089707,-3213,7640,-14266,-18,14,3,resting,0.00,0,0,0,0,0
1779933089708,-3205,7630,-14273,-12,14,2,resting,0.00,0,0,0,0,0
1779933089709,-3223,7637,-14259,-4,16,2,resting,0.00,0,0,0,0,0
1779933089735,-3219,7625,-14259,-2,15,1,resting,0.00,0,0,0,0,0
1779933089736,-3180,7581,-14259,0,14,1,resting,0.00,0,0,0,0,0
1779933089737,-3225,7542,-14284,3,14,1,resting,0.00,0,0,0,0,0
1779933089766,-3175,7583,-14300,3,14,0,resting,0.00,0,0,0,0,0
1779933089768,-3176,7608,-14284,0,13,1,resting,0.00,0,0,0,0,0
1779933089768,-3213,7597,-14254,-4,13,1,resting,0.00,0,0,0,0,0
1779933089795,-3228,7596,-14274,-5,16,0,resting,0.00,0,0,0,0,0
1779933089795,-3196,7617,-14256,-6,18,-1,resting,0.00,0,0,0,0,0
1779933089796,-3167,7600,-14223,-5,17,-2,resting,0.00,0,0,0,0,0
1779933089829,-3194,7573,-14242,-7,17,-3,resting,0.00,0,0,0,0,0
1779933089830,-3190,7573,-14268,-9,17,-2,resting,0.00,0,0,0,0,0
1779933089833,-3173,7599,-14287,-11,17,-4,resting,0.00,0,0,0,0,0
1779933089857,-3162,7565,-14321,-9,17,-6,resting,0.00,0,0,0,0,0
1779933089857,-3162,7566,-14275,-4,15,-5,resting,0.00,0,0,0,0,0
1779933089858,-3134,7551,-14294,-6,15,-2,resting,0.00,0,0,0,0,0
1779933089890,-3170,7510,-14260,-8,16,-1,resting,0.00,0,0,0,0,0
1779933089891,-3177,7560,-14305,-7,16,1,resting,0.00,0,0,0,0,0
1779933089891,-3181,7586,-14305,-7,16,2,resting,0.00,0,0,0,0,0
1779933089918,-3160,7587,-14270,-6,15,1,resting,0.00,0,0,0,0,0
1779933089918,-3175,7592,-14255,-6,15,1,resting,0.00,0,0,0,0,0
1779933089919,-3169,7602,-14285,-8,15,1,resting,0.00,0,0,0,0,0
1779933089948,-3137,7614,-14289,-11,16,-1,resting,0.00,0,0,0,0,0
1779933089949,-3183,7603,-14208,-11,17,-1,resting,0.00,0,0,0,0,0
1779933089949,-3200,7616,-14269,-11,19,-1,resting,0.00,0,0,0,0,0
1779933089977,-3213,7609,-14291,-9,18,-2,resting,0.00,0,0,0,0,0
1779933089978,-3175,7583,-14277,-8,18,-2,resting,0.00,0,0,0,0,0
1779933089979,-3152,7583,-14329,-7,18,-3,resting,0.00,0,0,0,0,0
1779933090007,-3141,7577,-14300,-8,17,-2,resting,0.00,0,0,0,0,0
1779933090009,-3142,7539,-14311,-10,16,-1,resting,0.00,0,0,0,0,0
1779933090010,-3151,7535,-14251,-10,13,-1,resting,0.00,0,0,0,0,0
1779933090035,-3151,7562,-14295,-11,13,1,resting,0.00,0,0,0,0,0
1779933090036,-3143,7556,-14291,-13,12,2,resting,0.00,0,0,0,0,0
1779933090037,-3160,7575,-14236,-14,12,3,resting,0.00,0,0,0,0,0
1779933090066,-3175,7580,-14296,-13,14,6,resting,0.00,0,0,0,0,0
1779933090067,-3147,7570,-14268,-13,13,6,resting,0.00,0,0,0,0,0
1779933090068,-3111,7561,-14260,-14,13,8,resting,0.00,0,0,0,0,0
1779933090098,-3156,7585,-14238,-14,14,8,resting,0.00,0,0,0,0,0
1779933090099,-3181,7592,-14284,-12,13,7,resting,0.00,0,0,0,0,0
1779933090100,-3126,7594,-14299,-8,13,6,resting,0.00,0,0,0,0,0
1779933090125,-3139,7602,-14247,-8,14,7,resting,0.00,0,0,0,0,0
1779933090126,-3172,7636,-14238,-8,15,7,resting,0.00,0,0,0,0,0
1779933090127,-3155,7659,-14262,-7,13,6,resting,0.00,0,0,0,0,0
1779933090157,-3139,7593,-14293,-8,14,5,resting,0.00,0,0,0,0,0
1779933090158,-3132,7595,-14249,-7,16,4,resting,0.00,0,0,0,0,0
1779933090159,-3119,7658,-14254,-7,18,5,resting,0.00,0,0,0,0,0
1779933090185,-3137,7649,-14304,-7,16,4,resting,0.00,0,0,0,0,0
1779933090185,-3174,7615,-14293,-7,15,3,resting,0.00,0,0,0,0,0
1779933090186,-3155,7612,-14256,-3,16,2,resting,0.00,0,0,0,0,0
1779933090214,-3121,7618,-14264,-6,16,2,resting,0.00,0,0,0,0,0
1779933090215,-3138,7594,-14279,-8,14,2,resting,0.00,0,0,0,0,0
1779933090216,-3139,7635,-14290,-9,15,1,resting,0.00,0,0,0,0,0
1779933090247,-3132,7643,-14293,-7,14,1,resting,0.00,0,0,0,0,0
1779933090248,-3116,7627,-14284,-7,14,-1,resting,0.00,0,0,0,0,0
1779933090249,-3157,7647,-14296,-6,13,0,resting,0.00,0,0,0,0,0
1779933090275,-3140,7635,-14265,-8,12,0,resting,0.00,0,0,0,0,0
1779933090276,-3148,7608,-14236,-9,12,-3,resting,0.00,0,0,0,0,0
1779933090277,-3131,7636,-14214,-8,14,-2,resting,0.00,0,0,0,0,0
1779933090309,-3155,7651,-14263,-8,12,-2,resting,0.00,0,0,0,0,0
1779933090310,-3194,7642,-14245,-8,13,-2,resting,0.00,0,0,0,0,0
1779933090311,-3146,7617,-14278,-8,13,-5,resting,0.00,0,0,0,0,0
1779933090335,-3139,7595,-14290,-5,12,-5,resting,0.00,0,0,0,0,0
1779933090336,-3101,7603,-14291,-5,13,-3,resting,0.00,0,0,0,0,0
1779933090337,-3145,7596,-14283,-7,12,-3,resting,0.00,0,0,0,0,0
1779933090365,-3148,7589,-14209,-8,13,-2,resting,0.00,0,0,0,0,0
1779933090366,-3135,7606,-14213,-7,14,0,resting,0.00,0,0,0,0,0
1779933090367,-3131,7605,-14272,-8,16,-2,resting,0.00,0,0,0,0,0
1779933090399,-3142,7584,-14230,-7,15,-2,resting,0.00,0,0,0,0,0
1779933090401,-3109,7604,-14238,-6,15,-1,resting,0.00,0,0,0,0,0
1779933090401,-3149,7585,-14253,-7,15,-2,resting,0.00,0,0,0,0,0
1779933090425,-3119,7606,-14293,-8,17,-3,resting,0.00,0,0,0,0,0
1779933090426,-3100,7630,-14260,-7,17,-2,resting,0.00,0,0,0,0,0
1779933090427,-3108,7603,-14275,-7,16,-3,resting,0.00,0,0,0,0,0
1779933090456,-3096,7614,-14310,-6,15,-3,resting,0.00,0,0,0,0,0
1779933090457,-3104,7628,-14310,-7,15,-4,resting,0.00,0,0,0,0,0
1779933090458,-3148,7670,-14248,-7,15,-3,resting,0.00,0,0,0,0,0
1779933090485,-3089,7616,-14226,-5,14,-4,resting,0.00,0,0,0,0,0
1779933090486,-3073,7570,-14248,-4,12,-6,resting,0.00,0,0,0,0,0
1779933090487,-3099,7598,-14292,-5,12,-2,resting,0.00,0,0,0,0,0
1779933090515,-3121,7601,-14334,-6,12,1,resting,0.00,0,0,0,0,0
1779933090516,-3150,7600,-14281,-6,11,0,resting,0.00,0,0,0,0,0
1779933090516,-3132,7626,-14315,-8,9,0,resting,0.00,0,0,0,0,0
1779933090552,-3119,7608,-14347,-3,7,0,resting,0.00,0,0,0,0,0
1779933090553,-3091,7584,-14309,-1,6,-1,resting,0.00,0,0,0,0,0
1779933090554,-3144,7614,-14220,-3,6,2,resting,0.00,0,0,0,0,0
1779933090574,-3156,7614,-14221,-3,6,4,resting,0.00,0,0,0,0,0
1779933090575,-3137,7641,-14258,-5,9,2,resting,0.00,0,0,0,0,0
1779933090576,-3103,7625,-14262,-5,9,0,resting,0.00,0,0,0,0,0
1779933090606,-3095,7641,-14253,-7,10,0,resting,0.00,0,0,0,0,0
1779933090607,-3095,7657,-14269,-10,10,-3,resting,0.00,0,0,0,0,0
1779933090607,-3114,7633,-14266,-12,12,-5,resting,0.00,0,0,0,0,0
1779933090642,-3118,7625,-14257,-11,13,-6,resting,0.00,0,0,0,0,0
1779933090643,-3112,7596,-14260,-9,14,-3,resting,0.00,0,0,0,0,0
1779933090644,-3118,7566,-14266,-6,13,-2,resting,0.00,0,0,0,0,0
1779933090665,-3111,7585,-14263,-4,13,-1,resting,0.00,0,0,0,0,0
1779933090665,-3134,7617,-14281,-3,15,1,resting,0.00,0,0,0,0,0
1779933090666,-3155,7612,-14320,-2,15,1,resting,0.00,0,0,0,0,0
1779933090697,-3152,7620,-14277,-3,15,1,resting,0.00,0,0,0,0,0
1779933090698,-3106,7628,-14293,-3,13,3,resting,0.00,0,0,0,0,0
1779933090700,-3091,7629,-14308,-5,12,1,resting,0.00,0,0,0,0,0
1779933090725,-3073,7590,-14243,-6,11,-2,resting,0.00,0,0,0,0,0
1779933090726,-3068,7613,-14311,-6,12,-1,resting,0.00,0,0,0,0,0
1779933090727,-3115,7641,-14253,-7,11,-1,resting,0.00,0,0,0,0,0
1779933090756,-3118,7657,-14301,-9,9,-2,resting,0.00,0,0,0,0,0
1779933090756,-3121,7646,-14337,-9,8,-1,resting,0.00,0,0,0,0,0
1779933090757,-3113,7642,-14287,-7,7,-5,resting,0.00,0,0,0,0,0
1779933090785,-3108,7607,-14312,-6,7,-6,resting,0.00,0,0,0,0,0
1779933090785,-3084,7600,-14292,-2,4,-5,resting,0.00,0,0,0,0,0
1779933090786,-3099,7536,-14299,-2,2,-1,resting,0.00,0,0,0,0,0
1779933090815,-3176,7574,-14245,-3,2,1,resting,0.00,0,0,0,0,0
1779933090816,-3148,7606,-14268,-4,3,1,resting,0.00,0,0,0,0,0
1779933090817,-3101,7613,-14290,-4,3,1,resting,0.00,0,0,0,0,0
1779933090847,-3085,7688,-14285,-5,3,1,resting,0.00,0,0,0,0,0
1779933090847,-3069,7675,-14287,-6,1,-4,resting,0.00,0,0,0,0,0
1779933090848,-3071,7663,-14289,-5,1,-5,resting,0.00,0,0,0,0,0
1779933090875,-3124,7632,-14238,-2,-2,-7,resting,0.00,0,0,0,0,0
1779933090875,-3104,7631,-14262,-3,-2,-4,resting,0.00,0,0,0,0,0
1779933090876,-3151,7625,-14299,-3,-2,-7,resting,0.00,0,0,0,0,0
1779933090912,-3186,7623,-14279,-2,-1,-8,resting,0.00,0,0,0,0,0
1779933090912,-3144,7615,-14232,-3,1,-7,resting,0.00,0,0,0,0,0
1779933090913,-3129,7620,-14257,-5,0,-7,resting,0.00,0,0,0,0,0
1779933090935,-3134,7595,-14278,-6,0,-7,resting,0.00,0,0,0,0,0
1779933090939,-3120,7598,-14245,-6,0,-5,resting,0.00,0,0,0,0,0
1779933090940,-3167,7588,-14265,-7,0,-6,resting,0.00,0,0,0,0,0
1779933090966,-3124,7607,-14309,-7,-4,-6,resting,0.00,0,0,0,0,0
1779933090967,-3138,7643,-14307,-1,-3,-7,resting,0.00,0,0,0,0,0
1779933090968,-3143,7635,-14248,-2,-3,-7,resting,0.00,0,0,0,0,0
1779933090997,-3164,7614,-14216,-5,-2,-7,resting,0.00,0,0,0,0,0
1779933090998,-3147,7615,-14266,-8,-2,-6,resting,0.00,0,0,0,0,0
1779933090998,-3150,7636,-14258,-9,-3,-6,resting,0.00,0,0,0,0,0
1779933091026,-3183,7628,-14278,-9,-3,-5,resting,0.00,0,0,0,0,0
1779933091028,-3151,7667,-14307,-8,-1,-6,resting,0.00,0,0,0,0,0
1779933091034,-3165,7648,-14244,-5,-1,-6,resting,0.00,0,0,0,0,0
1779933091057,-3140,7640,-14239,-4,-2,-6,resting,0.00,0,0,0,0,0
1779933091058,-3141,7642,-14283,-5,-3,-5,resting,0.00,0,0,0,0,0
1779933091059,-3160,7610,-14211,-8,-2,-6,resting,0.00,0,0,0,0,0
1779933091089,-3177,7616,-14239,-8,-1,-5,resting,0.00,0,0,0,0,0
1779933091090,-3179,7648,-14279,-6,-1,-4,resting,0.00,0,0,0,0,0
1779933091090,-3214,7622,-14224,-7,-2,-2,resting,0.00,0,0,0,0,0
1779933091116,-3213,7603,-14230,-6,-1,-3,resting,0.00,0,0,0,0,0
1779933091116,-3194,7586,-14253,-5,1,-3,resting,0.00,0,0,0,0,0
1779933091117,-3185,7626,-14273,-5,1,-2,resting,0.00,0,0,0,0,0
1779933091147,-3184,7635,-14233,-6,1,-3,resting,0.00,0,0,0,0,0
1779933091148,-3198,7598,-14223,-6,3,-2,resting,0.00,0,0,0,0,0
1779933091148,-3195,7615,-14258,-6,2,-3,resting,0.00,0,0,0,0,0
1779933091179,-3186,7649,-14235,-6,3,-3,resting,0.00,0,0,0,0,0
1779933091179,-3172,7614,-14238,-8,3,-3,resting,0.00,0,0,0,0,0
1779933091183,-3158,7640,-14244,-8,4,-1,resting,0.00,0,0,0,0,0
1779933091206,-3181,7633,-14287,-8,5,-1,resting,0.00,0,0,0,0,0
1779933091207,-3201,7648,-14264,-7,3,-2,resting,0.00,0,0,0,0,0
1779933091208,-3204,7671,-14280,-6,4,-1,resting,0.00,0,0,0,0,0
1779933091241,-3200,7625,-14235,-7,1,-3,resting,0.00,0,0,0,0,0
1779933091242,-3194,7634,-14229,-4,2,-3,resting,0.00,0,0,0,0,0
1779933091243,-3218,7644,-14254,-4,4,-2,resting,0.00,0,0,0,0,0
1779933091266,-3186,7619,-14291,-6,3,-3,resting,0.00,0,0,0,0,0
1779933091267,-3172,7622,-14238,-7,3,-2,resting,0.00,0,0,0,0,0
1779933091268,-3200,7641,-14266,-8,2,-1,resting,0.00,0,0,0,0,0
1779933091300,-3190,7654,-14250,-9,2,0,resting,0.00,0,0,0,0,0
1779933091301,-3210,7649,-14270,-10,1,-1,resting,0.00,0,0,0,0,0
1779933091302,-3236,7652,-14262,-11,1,0,resting,0.00,0,0,0,0,0
1779933091325,-3222,7665,-14261,-8,0,0,resting,0.00,0,0,0,0,0
1779933091326,-3220,7656,-14266,-8,1,-1,resting,0.00,0,0,0,0,0
1779933091327,-3200,7618,-14265,-6,0,-1,resting,0.00,0,0,0,0,0
1779933091356,-3209,7631,-14236,-7,0,0,resting,0.00,0,0,0,0,0
1779933091357,-3196,7623,-14189,-4,0,0,resting,0.00,0,0,0,0,0
1779933091357,-3163,7600,-14262,-4,1,1,resting,0.00,0,0,0,0,0
1779933091389,-3175,7625,-14256,-6,3,2,resting,0.00,0,0,0,0,0
1779933091390,-3190,7642,-14260,-7,1,3,resting,0.00,0,0,0,0,0
1779933091391,-3216,7663,-14278,-8,0,2,resting,0.00,0,0,0,0,0
1779933091418,-3232,7680,-14286,-8,-2,1,resting,0.00,0,0,0,0,0
1779933091422,-3229,7700,-14254,-6,-1,-3,resting,0.00,0,0,0,0,0
1779933091423,-3245,7627,-14239,-5,0,-3,resting,0.00,0,0,0,0,0
1779933091446,-3204,7586,-14216,-3,-1,-1,resting,0.00,0,0,0,0,0
1779933091447,-3235,7587,-14188,-6,0,0,resting,0.00,0,0,0,0,0
1779933091448,-3252,7662,-14249,-9,0,1,resting,0.00,0,0,0,0,0
1779933091474,-3210,7648,-14238,-8,1,0,resting,0.00,0,0,0,0,0
1779933091475,-3207,7625,-14221,-8,3,-1,resting,0.00,0,0,0,0,0
1779933091476,-3176,7677,-14233,-7,3,-2,resting,0.00,0,0,0,0,0
1779933091505,-3172,7652,-14220,-7,3,-5,resting,0.00,0,0,0,0,0
1779933091506,-3195,7637,-14235,-11,3,-3,resting,0.00,0,0,0,0,0
1779933091506,-3229,7633,-14200,-13,3,-2,resting,0.00,0,0,0,0,0
1779933091538,-3272,7639,-14218,-11,3,-2,resting,0.00,0,0,0,0,0
1779933091539,-3325,7640,-14191,-6,4,-2,resting,0.00,0,0,0,0,0
1779933091539,-3271,7606,-14268,0,6,-1,resting,0.00,0,0,0,0,0
1779933091566,-3270,7638,-14257,4,6,-3,resting,0.00,0,0,0,0,0
1779933091566,-3243,7628,-14200,1,7,-3,resting,0.00,0,0,0,0,0
1779933091567,-3252,7637,-14233,-2,9,-1,resting,0.00,0,0,0,0,0
1779933091596,-3265,7657,-14252,-5,8,-3,resting,0.00,0,0,0,0,0
1779933091597,-3201,7654,-14221,-4,9,-6,resting,0.00,0,0,0,0,0
1779933091598,-3165,7657,-14269,-4,9,-6,resting,0.00,0,0,0,0,0
1779933091625,-3211,7628,-14239,-6,8,-6,resting,0.00,0,0,0,0,0
1779933091625,-3256,7623,-14213,-10,7,-6,resting,0.00,0,0,0,0,0
1779933091626,-3247,7609,-14224,-9,6,-6,resting,0.00,0,0,0,0,0
1779933091655,-3220,7628,-14249,-9,4,-6,resting,0.00,0,0,0,0,0
1779933091657,-3226,7607,-14246,-5,4,-6,resting,0.00,0,0,0,0,0
1779933091657,-3230,7594,-14258,0,3,-6,resting,0.00,0,0,0,0,0
1779933091688,-3225,7587,-14222,2,1,-2,resting,0.00,0,0,0,0,0
1779933091689,-3262,7618,-14257,4,3,0,resting,0.00,0,0,0,0,0
1779933091690,-3250,7602,-14227,3,2,0,resting,0.00,0,0,0,0,0
1779933091715,-3226,7619,-14252,-3,2,0,resting,0.00,0,0,0,0,0
1779933091716,-3214,7634,-14221,-4,2,-1,resting,0.00,0,0,0,0,0
1779933091717,-3247,7633,-14173,-4,4,-2,resting,0.00,0,0,0,0,0
1779933091746,-3247,7637,-14179,-8,7,-1,resting,0.00,0,0,0,0,0
1779933091748,-3262,7671,-14218,-9,9,-2,resting,0.00,0,0,0,0,0
1779933091748,-3258,7661,-14218,-9,9,-3,resting,0.00,0,0,0,0,0
1779933091775,-3269,7645,-14227,-5,9,-6,resting,0.00,0,0,0,0,0
1779933091775,-3267,7613,-14207,-3,10,-6,resting,0.00,0,0,0,0,0
1779933091776,-3243,7597,-14223,-1,9,-5,resting,0.00,0,0,0,0,0
1779933091808,-3218,7582,-14229,-2,10,-4,resting,0.00,0,0,0,0,0
1779933091808,-3220,7588,-14243,-5,10,-4,resting,0.00,0,0,0,0,0
1779933091809,-3230,7575,-14280,-9,8,-2,resting,0.00,0,0,0,0,0
1779933091838,-3258,7569,-14223,-9,7,0,resting,0.00,0,0,0,0,0
1779933091838,-3269,7593,-14222,-8,6,0,resting,0.00,0,0,0,0,0
1779933091839,-3228,7634,-14198,-7,3,0,resting,0.00,0,0,0,0,0
1779933091866,-3241,7632,-14258,-6,5,0,resting,0.00,0,0,0,0,0
1779933091867,-3274,7636,-14244,-5,3,-1,resting,0.00,0,0,0,0,0
1779933091868,-3267,7657,-14207,-3,3,-1,resting,0.00,0,0,0,0,0
1779933091895,-3303,7633,-14218,-4,4,0,resting,0.00,0,0,0,0,0
1779933091898,-3281,7636,-14240,-1,5,-1,resting,0.00,0,0,0,0,0
1779933091899,-3248,7641,-14200,-1,5,-1,resting,0.00,0,0,0,0,0
1779933091925,-3243,7588,-14216,-4,6,0,resting,0.00,0,0,0,0,0
1779933091929,-3249,7599,-14186,-5,7,1,resting,0.00,0,0,0,0,0
1779933091930,-3277,7628,-14185,-7,7,1,resting,0.00,0,0,0,0,0
1779933091957,-3297,7651,-14217,-7,9,0,resting,0.00,0,0,0,0,0
1779933091958,-3259,7646,-14230,-4,12,2,resting,0.00,0,0,0,0,0
1779933091959,-3282,7598,-14201,-3,12,1,resting,0.00,0,0,0,0,0
1779933091987,-3294,7632,-14210,-4,15,1,resting,0.00,0,0,0,0,0
1779933091988,-3317,7668,-14200,-3,15,3,resting,0.00,0,0,0,0,0
1779933091988,-3292,7641,-14214,-3,15,2,resting,0.00,0,0,0,0,0
1779933092016,-3220,7625,-14231,-4,16,1,resting,0.00,0,0,0,0,0
1779933092024,-3232,7596,-14242,-6,17,2,resting,0.00,0,0,0,0,0
1779933092024,-3268,7628,-14263,-6,16,2,resting,0.00,0,0,0,0,0
1779933092046,-3213,7658,-14238,-5,17,3,resting,0.00,0,0,0,0,0
1779933092047,-3253,7635,-14211,-4,17,3,resting,0.00,0,0,0,0,0
1779933092047,-3283,7649,-14226,-4,17,1,resting,0.00,0,0,0,0,0
1779933092075,-3245,7589,-14223,-3,16,0,resting,0.00,0,0,0,0,0
1779933092079,-3219,7630,-14234,-2,16,1,resting,0.00,0,0,0,0,0
1779933092079,-3257,7636,-14225,-5,17,1,resting,0.00,0,0,0,0,0
1779933092106,-3235,7636,-14220,-4,16,0,resting,0.00,0,0,0,0,0
1779933092107,-3197,7627,-14252,-4,16,-1,resting,0.00,0,0,0,0,0
1779933092107,-3225,7626,-14251,-6,14,-1,resting,0.00,0,0,0,0,0
1779933092137,-3241,7640,-14203,-4,15,-2,resting,0.00,0,0,0,0,0
1779933092138,-3277,7621,-14258,-3,14,-1,resting,0.00,0,0,0,0,0
1779933092138,-3236,7621,-14257,-1,14,-1,resting,0.00,0,0,0,0,0
1779933092165,-3226,7589,-14210,-1,14,-2,resting,0.00,0,0,0,0,0
1779933092165,-3221,7579,-14245,-2,14,-1,resting,0.00,0,0,0,0,0
1779933092166,-3245,7559,-14183,-2,14,0,resting,0.00,0,0,0,0,0
1779933092197,-3232,7610,-14226,-3,15,2,resting,0.00,0,0,0,0,0
1779933092199,-3184,7645,-14270,-6,14,4,resting,0.00,0,0,0,0,0
1779933092199,-3221,7680,-14211,-7,13,4,resting,0.00,0,0,0,0,0
1779933092229,-3251,7660,-14217,-6,11,1,resting,0.00,0,0,0,0,0
1779933092230,-3230,7668,-14316,-5,11,0,resting,0.00,0,0,0,0,0
1779933092230,-3228,7633,-14274,-3,11,-3,resting,0.00,0,0,0,0,0
1779933092256,-3221,7572,-14249,-1,11,-4,resting,0.00,0,0,0,0,0
1779933092290,-3231,7549,-14239,0,12,-1,resting,0.00,0,0,0,0,0
1779933092291,-3263,7594,-14243,-6,10,3,resting,0.00,0,0,0,0,0
1779933092291,-3243,7653,-14208,-6,10,4,resting,0.00,0,0,0,0,0
1779933092292,-3230,7655,-14232,-6,10,3,resting,0.00,0,0,0,0,0
1779933092293,-3183,7632,-14231,-6,10,1,resting,0.00,0,0,0,0,0
1779933092321,-3183,7632,-14270,-7,11,-1,resting,0.00,0,0,0,0,0
1779933092322,-3217,7675,-14243,-6,11,-1,resting,0.00,0,0,0,0,0
1779933092323,-3194,7683,-14206,-6,11,-2,resting,0.00,0,0,0,0,0
1779933092345,-3273,7597,-14212,-5,12,0,resting,0.00,0,0,0,0,0
1779933092346,-3267,7538,-14238,-2,13,-1,resting,0.00,0,0,0,0,0
1779933092347,-3298,7563,-14215,-1,14,2,resting,0.00,0,0,0,0,0
1779933092375,-3255,7597,-14230,1,17,4,resting,0.00,0,0,0,0,0
1779933092379,-3234,7652,-14257,-2,18,5,resting,0.00,0,0,0,0,0
1779933092380,-3244,7625,-14233,-3,19,5,resting,0.00,0,0,0,0,0
1779933092406,-3220,7622,-14300,-7,18,5,resting,0.00,0,0,0,0,0
1779933092407,-3204,7676,-14331,-12,16,5,resting,0.00,0,0,0,0,0
1779933092407,-3215,7660,-14307,-9,15,1,resting,0.00,0,0,0,0,0
1779933092438,-3193,7639,-14284,-10,14,-1,resting,0.00,0,0,0,0,0
1779933092440,-3200,7630,-14302,-12,14,-1,resting,0.00,0,0,0,0,0
1779933092440,-3230,7645,-14299,-13,8,0,resting,0.00,0,0,0,0,0
1779933092466,-3251,7587,-14251,-14,7,-1,resting,0.00,0,0,0,0,0
1779933092466,-3201,7607,-14254,-15,8,-2,resting,0.00,0,0,0,0,0
1779933092467,-3203,7596,-14209,-12,8,1,resting,0.00,0,0,0,0,0
1779933092495,-3169,7564,-14213,-12,9,2,resting,0.00,0,0,0,0,0
1779933092496,-3168,7513,-14191,-11,10,5,resting,0.00,0,0,0,0,0
1779933092497,-3200,7527,-14162,-11,12,6,resting,0.00,0,0,0,0,0
1779933092528,-3213,7568,-14173,-11,16,13,resting,0.00,0,0,0,0,0
1779933092529,-3225,7613,-14230,-10,20,17,resting,0.00,0,0,0,0,0
1779933092556,-3194,7635,-14201,-12,22,16,resting,0.00,0,0,0,0,0
1779933092557,-3126,7698,-14194,-15,23,17,resting,0.00,0,0,0,0,0
1779933092557,-3141,7713,-14238,-15,23,15,resting,0.00,0,0,0,0,0
1779933092558,-3249,7674,-14255,-17,24,14,resting,0.00,0,0,0,0,0
1779933092587,-3212,7645,-14244,-16,26,13,resting,0.00,0,0,0,0,0
1779933092587,-3228,7633,-14219,-15,26,11,resting,0.00,0,0,0,0,0
1779933092588,-3209,7644,-14172,-12,28,11,resting,0.00,0,0,0,0,0
1779933092616,-3175,7620,-14243,-12,28,12,resting,0.00,0,0,0,0,0
1779933092616,-3157,7641,-14283,-14,26,12,resting,0.00,0,0,0,0,0
1779933092617,-3156,7693,-14247,-11,24,14,resting,0.00,0,0,0,0,0
1779933092647,-3193,7723,-14274,-6,22,13,resting,0.00,0,0,0,0,0
1779933092648,-3162,7702,-14259,-5,22,11,resting,0.00,0,0,0,0,0
1779933092649,-3128,7704,-14275,-3,23,11,resting,0.00,0,0,0,0,0
1779933092678,-3115,7690,-14260,-4,21,7,resting,0.00,0,0,0,0,0
1779933092679,-3165,7640,-14293,-8,18,4,resting,0.00,0,0,0,0,0
1779933092680,-3194,7684,-14318,-10,15,4,resting,0.00,0,0,0,0,0
1779933092706,-3227,7690,-14278,-10,14,4,resting,0.00,0,0,0,0,0
1779933092707,-3190,7658,-14308,-9,11,3,resting,0.00,0,0,0,0,0
1779933092708,-3165,7640,-14240,-7,10,2,resting,0.00,0,0,0,0,0
1779933092737,-3188,7649,-14194,-5,14,4,resting,0.00,0,0,0,0,0
1779933092738,-3148,7640,-14205,-4,12,3,resting,0.00,0,0,0,0,0
1779933092738,-3121,7667,-14206,-3,13,5,resting,0.00,0,0,0,0,0
1779933092765,-3142,7695,-14171,-5,16,6,resting,0.00,0,0,0,0,0
1779933092765,-3110,7741,-14148,-8,19,3,resting,0.00,0,0,0,0,0
1779933092766,-3143,7750,-14184,-10,18,0,resting,0.00,0,0,0,0,0
1779933092796,-3139,7760,-14189,-10,21,-2,resting,0.00,0,0,0,0,0
1779933092797,-3148,7740,-14257,-10,22,-4,resting,0.00,0,0,0,0,0
1779933092797,-3183,7739,-14252,-7,22,-8,resting,0.00,0,0,0,0,0
1779933092828,-3178,7701,-14223,-3,23,-9,resting,0.00,0,0,0,0,0
1779933092829,-3158,7638,-14283,-1,23,-9,resting,0.00,0,0,0,0,0
1779933092830,-3082,7628,-14264,-1,22,-8,resting,0.00,0,0,0,0,0
1779933092855,-3112,7612,-14311,-3,21,-8,resting,0.00,0,0,0,0,0
1779933092855,-3070,7597,-14281,-6,19,-8,resting,0.00,0,0,0,0,0
1779933092856,-3082,7633,-14303,-8,17,-6,resting,0.00,0,0,0,0,0
1779933092886,-3120,7689,-14275,-10,15,-6,resting,0.00,0,0,0,0,0
1779933092888,-3134,7728,-14251,-9,12,-7,resting,0.00,0,0,0,0,0
1779933092889,-3130,7746,-14274,-6,12,-8,resting,0.00,0,0,0,0,0
1779933092915,-3114,7688,-14235,-5,10,-9,resting,0.00,0,0,0,0,0
1779933092915,-3131,7680,-14222,-3,9,-9,resting,0.00,0,0,0,0,0
1779933092916,-3149,7622,-14234,-2,10,-10,resting,0.00,0,0,0,0,0
1779933092947,-3138,7591,-14264,-3,10,-10,resting,0.00,0,0,0,0,0
1779933092948,-3149,7573,-14265,-4,9,-9,resting,0.00,0,0,0,0,0
1779933092949,-3121,7641,-14270,-4,8,-7,resting,0.00,0,0,0,0,0
1779933092978,-3116,7639,-14290,-4,7,-6,resting,0.00,0,0,0,0,0
1779933092979,-3121,7632,-14281,-3,7,-6,resting,0.00,0,0,0,0,0
1779933092980,-3116,7632,-14227,-3,8,-5,resting,0.00,0,0,0,0,0
1779933093006,-3072,7645,-14225,-5,10,-5,resting,0.00,0,0,0,0,0
1779933093008,-3112,7686,-14211,-8,10,-2,resting,0.00,0,0,0,0,0
1779933093015,-3153,7705,-14239,-11,10,-1,resting,0.00,0,0,0,0,0
1779933093036,-3219,7702,-14250,-11,10,-2,resting,0.00,0,0,0,0,0
1779933093037,-3170,7687,-14219,-8,10,-4,resting,0.00,0,0,0,0,0
1779933093038,-3139,7629,-14284,-3,9,-3,resting,0.00,0,0,0,0,0
1779933093066,-3142,7637,-14259,1,7,-1,resting,0.00,0,0,0,0,0
1779933093071,-3153,7619,-14231,3,7,2,resting,0.00,0,0,0,0,0
1779933093072,-3159,7585,-14188,4,10,5,resting,0.00,0,0,0,0,0
1779933093095,-3131,7610,-14189,0,11,5,resting,0.00,0,0,0,0,0
1779933093096,-3131,7588,-14219,-3,13,8,resting,0.00,0,0,0,0,0
1779933093097,-3110,7652,-14219,-6,14,9,resting,0.00,0,0,0,0,0
1779933093128,-3097,7730,-14231,-11,16,8,resting,0.00,0,0,0,0,0
1779933093129,-3122,7777,-14238,-13,16,5,resting,0.00,0,0,0,0,0
1779933093129,-3171,7742,-14258,-9,15,3,resting,0.00,0,0,0,0,0
1779933093158,-3195,7672,-14215,-2,16,1,resting,0.00,0,0,0,0,0
1779933093158,-3179,7619,-14220,6,18,2,resting,0.00,0,0,0,0,0
1779933093161,-3166,7608,-14251,7,18,4,resting,0.00,0,0,0,0,0
1779933093186,-3156,7614,-14246,4,19,6,resting,0.00,0,0,0,0,0
1779933093186,-3129,7608,-14213,2,21,8,resting,0.00,0,0,0,0,0
1779933093187,-3107,7671,-14209,-2,21,8,resting,0.00,0,0,0,0,0
1779933093215,-3098,7675,-14287,-3,23,8,resting,0.00,0,0,0,0,0
1779933093215,-3093,7701,-14298,-5,22,7,resting,0.00,0,0,0,0,0
1779933093216,-3128,7692,-14257,-7,19,5,resting,0.00,0,0,0,0,0
1779933093245,-3125,7678,-14210,-5,20,3,resting,0.00,0,0,0,0,0
1779933093247,-3081,7696,-14250,-4,20,3,resting,0.00,0,0,0,0,0
1779933093248,-3099,7703,-14249,-4,19,1,resting,0.00,0,0,0,0,0
1779933093280,-3130,7682,-14277,-3,17,1,resting,0.00,0,0,0,0,0
1779933093281,-3052,7651,-14291,-4,17,2,resting,0.00,0,0,0,0,0
1779933093281,-3051,7638,-14283,-5,18,2,resting,0.00,0,0,0,0,0
1779933093306,-3115,7643,-14298,-3,17,1,resting,0.00,0,0,0,0,0
1779933093307,-3082,7612,-14255,-4,15,1,resting,0.00,0,0,0,0,0
1779933093307,-3104,7619,-14238,-4,15,3,resting,0.00,0,0,0,0,0
1779933093336,-3126,7631,-14237,-8,14,3,resting,0.00,0,0,0,0,0
1779933093337,-3082,7714,-14219,-11,14,4,resting,0.00,0,0,0,0,0
1779933093338,-3115,7722,-14279,-9,14,4,resting,0.00,0,0,0,0,0
1779933093369,-3127,7738,-14278,-6,16,1,resting,0.00,0,0,0,0,0
1779933093370,-3110,7734,-14215,-2,16,-3,resting,0.00,0,0,0,0,0
1779933093370,-3094,7681,-14259,-1,15,-7,resting,0.00,0,0,0,0,0
1779933093395,-3125,7620,-14241,0,15,-6,resting,0.00,0,0,0,0,0
1779933093395,-3095,7622,-14286,-3,15,-5,resting,0.00,0,0,0,0,0
1779933093396,-3110,7621,-14308,-6,16,-4,resting,0.00,0,0,0,0,0
1779933093427,-3095,7631,-14260,-7,14,-3,resting,0.00,0,0,0,0,0
1779933093427,-3086,7645,-14266,-7,16,-2,resting,0.00,0,0,0,0,0
1779933093428,-3096,7629,-14246,-6,15,-4,resting,0.00,0,0,0,0,0
1779933093454,-3095,7611,-14238,-6,15,-3,resting,0.00,0,0,0,0,0
1779933093455,-3129,7689,-14246,-5,13,-2,resting,0.00,0,0,0,0,0
1779933093456,-3129,7695,-14241,-3,13,-5,resting,0.00,0,0,0,0,0
1779933093489,-3087,7676,-14268,-3,11,-3,resting,0.00,0,0,0,0,0
1779933093489,-3060,7652,-14274,-1,11,-3,resting,0.00,0,0,0,0,0
1779933093489,-3066,7669,-14250,-3,12,-5,resting,0.00,0,0,0,0,0
1779933093515,-3104,7640,-14245,-5,12,-6,resting,0.00,0,0,0,0,0
1779933093516,-3072,7649,-14220,-5,11,-5,resting,0.00,0,0,0,0,0
1779933093517,-3086,7632,-14282,-7,12,-3,resting,0.00,0,0,0,0,0
1779933093548,-3110,7614,-14257,-8,12,-2,resting,0.00,0,0,0,0,0
1779933093551,-3080,7644,-14208,-6,11,-1,resting,0.00,0,0,0,0,0
1779933093552,-3113,7673,-14233,-4,11,-2,resting,0.00,0,0,0,0,0
1779933093577,-3082,7654,-14301,-6,12,-1,resting,0.00,0,0,0,0,0
1779933093578,-3085,7641,-14261,-5,11,-2,resting,0.00,0,0,0,0,0
1779933093579,-3073,7619,-14219,-3,11,-4,resting,0.00,0,0,0,0,0
1779933093607,-3094,7652,-14224,-3,12,-4,resting,0.00,0,0,0,0,0
1779933093615,-3074,7635,-14246,-4,10,-2,resting,0.00,0,0,0,0,0
1779933093615,-3115,7651,-14286,-6,10,-2,resting,0.00,0,0,0,0,0
1779933093635,-3088,7673,-14274,-6,11,-2,resting,0.00,0,0,0,0,0
1779933093636,-3061,7645,-14270,-5,11,-2,resting,0.00,0,0,0,0,0
1779933093637,-3072,7611,-14269,-6,10,-1,resting,0.00,0,0,0,0,0
1779933093665,-3091,7671,-14275,-5,10,-2,resting,0.00,0,0,0,0,0
1779933093665,-3112,7670,-14273,-4,9,-1,resting,0.00,0,0,0,0,0
1779933093666,-3122,7653,-14287,-4,11,-2,resting,0.00,0,0,0,0,0
1779933093696,-3058,7697,-14241,-4,11,-1,resting,0.00,0,0,0,0,0
1779933093696,-3058,7692,-14248,-3,10,-1,resting,0.00,0,0,0,0,0
1779933093697,-3076,7601,-14258,-3,10,-1,resting,0.00,0,0,0,0,0
1779933093727,-3095,7621,-14252,-4,11,0,resting,0.00,0,0,0,0,0
1779933093728,-3101,7666,-14252,-7,12,2,resting,0.00,0,0,0,0,0
1779933093729,-3107,7670,-14264,-8,11,3,resting,0.00,0,0,0,0,0
1779933093760,-3093,7672,-14252,-6,12,3,resting,0.00,0,0,0,0,0
1779933093761,-3081,7686,-14288,-6,13,2,resting,0.00,0,0,0,0,0
1779933093761,-3075,7645,-14258,-8,13,1,resting,0.00,0,0,0,0,0
1779933093788,-3062,7609,-14251,-6,13,-2,resting,0.00,0,0,0,0,0
1779933093789,-3072,7642,-14278,-6,12,1,resting,0.00,0,0,0,0,0
1779933093790,-3076,7691,-14302,-8,12,4,resting,0.00,0,0,0,0,0
1779933093819,-3127,7690,-14280,-11,10,1,resting,0.00,0,0,0,0,0
1779933093819,-3095,7658,-14290,-7,10,-1,resting,0.00,0,0,0,0,0
1779933093820,-3078,7640,-14327,-3,9,0,resting,0.00,0,0,0,0,0
1779933093845,-3103,7673,-14271,-6,7,0,resting,0.00,0,0,0,0,0
1779933093846,-3101,7692,-14263,-6,7,1,resting,0.00,0,0,0,0,0
1779933093847,-3098,7658,-14250,-2,8,1,resting,0.00,0,0,0,0,0
1779933093877,-3107,7629,-14225,-2,7,0,resting,0.00,0,0,0,0,0
1779933093878,-3083,7590,-14268,-3,7,1,resting,0.00,0,0,0,0,0
1779933093878,-3086,7679,-14256,-8,8,5,resting,0.00,0,0,0,0,0
1779933093905,-3122,7682,-14264,-11,9,5,resting,0.00,0,0,0,0,0
1779933093906,-3092,7667,-14219,-11,9,3,resting,0.00,0,0,0,0,0
1779933093907,-3077,7646,-14240,-11,10,4,resting,0.00,0,0,0,0,0
1779933093938,-3135,7668,-14241,-9,10,8,resting,0.00,0,0,0,0,0
1779933093939,-3135,7661,-14262,-5,12,5,resting,0.00,0,0,0,0,0
1779933093940,-3118,7678,-14225,-4,13,4,resting,0.00,0,0,0,0,0
1779933093968,-3051,7716,-14244,-8,14,4,resting,0.00,0,0,0,0,0
1779933093969,-2993,7759,-14305,-9,14,2,resting,0.00,0,0,0,0,0
1779933093969,-2989,7712,-14268,-13,12,-3,resting,0.00,0,0,0,0,0
1779933093995,-3050,7664,-14292,-11,10,-4,resting,0.00,0,0,0,0,0
1779933093996,-3083,7648,-14278,-9,10,-4,resting,0.00,0,0,0,0,0
1779933093997,-3086,7609,-14243,-10,11,-2,resting,0.00,0,0,0,0,0
1779933094027,-3099,7632,-14267,-8,12,1,resting,0.00,0,0,0,0,0
1779933094027,-3108,7668,-14242,-5,11,3,resting,0.00,0,0,0,0,0
1779933094028,-3101,7639,-14204,-2,10,1,resting,0.00,0,0,0,0,0
1779933094055,-3095,7646,-14254,0,13,2,resting,0.00,0,0,0,0,0
1779933094056,-3070,7646,-14259,-2,11,3,resting,0.00,0,0,0,0,0
1779933094057,-3070,7648,-14270,-6,9,4,resting,0.00,0,0,0,0,0
1779933094087,-3083,7747,-14260,-7,11,3,resting,0.00,0,0,0,0,0
1779933094087,-3062,7744,-14282,-7,12,1,resting,0.00,0,0,0,0,0
1779933094088,-3057,7697,-14226,-4,12,-5,resting,0.00,0,0,0,0,0
1779933094119,-3030,7691,-14214,-1,12,-7,resting,0.00,0,0,0,0,0
1779933094120,-3083,7665,-14248,-4,13,-5,resting,0.00,0,0,0,0,0
1779933094121,-3075,7607,-14275,-6,13,-2,resting,0.00,0,0,0,0,0
1779933094145,-3086,7640,-14282,-7,12,-1,resting,0.00,0,0,0,0,0
1779933094145,-3089,7677,-14299,-9,11,-2,resting,0.00,0,0,0,0,0
1779933094146,-3018,7639,-14271,-7,11,-4,resting,0.00,0,0,0,0,0
1779933094178,-3033,7607,-14278,-5,9,-4,resting,0.00,0,0,0,0,0
1779933094179,-3065,7648,-14253,-2,8,1,resting,0.00,0,0,0,0,0
1779933094180,-3086,7640,-14258,-5,11,4,resting,0.00,0,0,0,0,0
1779933094205,-3105,7658,-14243,-6,11,4,resting,0.00,0,0,0,0,0
1779933094205,-3076,7702,-14231,-7,10,3,resting,0.00,0,0,0,0,0
1779933094206,-3057,7738,-14215,-9,10,3,resting,0.00,0,0,0,0,0
1779933094236,-3029,7703,-14262,-11,12,3,resting,0.00,0,0,0,0,0
1779933094237,-3051,7716,-14226,-11,13,1,resting,0.00,0,0,0,0,0
1779933094237,-3032,7702,-14255,-10,11,-1,resting,0.00,0,0,0,0,0
1779933094271,-3076,7688,-14248,-11,12,-3,resting,0.00,0,0,0,0,0
1779933094272,-3100,7685,-14268,-11,10,-2,resting,0.00,0,0,0,0,0
1779933094272,-3069,7705,-14265,-8,10,-2,resting,0.00,0,0,0,0,0
1779933094296,-3072,7666,-14288,-7,12,-1,resting,0.00,0,0,0,0,0
1779933094297,-3092,7633,-14314,-7,11,-2,resting,0.00,0,0,0,0,0
1779933094301,-3090,7651,-14247,-7,9,-1,resting,0.00,0,0,0,0,0
1779933094326,-3044,7678,-14314,-8,8,1,resting,0.00,0,0,0,0,0
1779933094326,-3101,7687,-14283,-8,8,1,resting,0.00,0,0,0,0,0
1779933094327,-3083,7686,-14239,-5,7,1,resting,0.00,0,0,0,0,0
1779933094355,-3038,7688,-14229,-7,8,1,resting,0.00,0,0,0,0,0
1779933094356,-3032,7698,-14227,-8,7,1,resting,0.00,0,0,0,0,0
1779933094357,-3052,7684,-14271,-8,7,0,resting,0.00,0,0,0,0,0
1779933094385,-3086,7670,-14256,-9,9,1,resting,0.00,0,0,0,0,0
1779933094386,-3100,7628,-14235,-10,8,1,resting,0.00,0,0,0,0,0
1779933094387,-3062,7710,-14272,-11,10,1,resting,0.00,0,0,0,0,0
1779933094421,-3072,7718,-14254,-9,10,1,resting,0.00,0,0,0,0,0
1779933094422,-3068,7681,-14240,-7,8,0,resting,0.00,0,0,0,0,0
1779933094422,-3053,7670,-14254,-4,11,0,resting,0.00,0,0,0,0,0
1779933094447,-3066,7673,-14236,-6,11,1,resting,0.00,0,0,0,0,0
1779933094451,-3069,7687,-14229,-6,10,0,resting,0.00,0,0,0,0,0
1779933094452,-3074,7671,-14234,-4,8,1,resting,0.00,0,0,0,0,0
1779933094477,-3058,7669,-14229,-7,10,2,resting,0.00,0,0,0,0,0
1779933094478,-3053,7698,-14237,-7,11,1,resting,0.00,0,0,0,0,0
1779933094478,-3053,7653,-14251,-8,9,0,resting,0.00,0,0,0,0,0
1779933094505,-3070,7647,-14269,-8,11,1,resting,0.00,0,0,0,0,0
1779933094505,-3107,7696,-14256,-7,11,2,resting,0.00,0,0,0,0,0
1779933094506,-3049,7700,-14282,-8,12,3,resting,0.00,0,0,0,0,0
1779933094537,-3067,7730,-14263,-7,10,1,resting,0.00,0,0,0,0,0
1779933094538,-3056,7689,-14273,-5,9,1,resting,0.00,0,0,0,0,0
1779933094539,-3050,7674,-14261,-5,9,-1,resting,0.00,0,0,0,0,0
1779933094568,-3038,7659,-14257,-4,8,1,resting,0.00,0,0,0,0,0
1779933094569,-3060,7664,-14273,-6,8,-1,resting,0.00,0,0,0,0,0
1779933094569,-3089,7667,-14241,-7,8,0,resting,0.00,0,0,0,0,0
1779933094595,-3045,7725,-14223,-7,9,3,resting,0.00,0,0,0,0,0
1779933094596,-3058,7706,-14261,-7,9,2,resting,0.00,0,0,0,0,0
1779933094597,-3090,7674,-14256,-7,11,0,resting,0.00,0,0,0,0,0
1779933094626,-3072,7711,-14202,-6,11,1,resting,0.00,0,0,0,0,0
1779933094627,-3021,7665,-14255,-6,11,2,resting,0.00,0,0,0,0,0
1779933094628,-3029,7678,-14249,-8,11,0,resting,0.00,0,0,0,0,0
1779933094659,-3064,7696,-14257,-10,10,0,resting,0.00,0,0,0,0,0
1779933094660,-3069,7689,-14284,-7,10,-1,resting,0.00,0,0,0,0,0
1779933094661,-3057,7640,-14225,-6,11,-2,resting,0.00,0,0,0,0,0
1779933094685,-3059,7694,-14261,-7,11,-2,resting,0.00,0,0,0,0,0
1779933094685,-3061,7677,-14249,-5,12,-1,resting,0.00,0,0,0,0,0
1779933094686,-3043,7683,-14242,-7,11,0,resting,0.00,0,0,0,0,0
1779933094717,-3063,7692,-14213,-6,11,0,resting,0.00,0,0,0,0,0
1779933094718,-3058,7694,-14265,-5,11,0,resting,0.00,0,0,0,0,0
1779933094718,-3051,7692,-14290,-6,10,0,resting,0.00,0,0,0,0,0
1779933094745,-3056,7661,-14302,-3,10,-1,resting,0.00,0,0,0,0,0
1779933094746,-3034,7695,-14254,-4,9,-1,resting,0.00,0,0,0,0,0
1779933094746,-3045,7664,-14185,-7,9,-1,resting,0.00,0,0,0,0,0
1779933094776,-3084,7661,-14209,-8,11,-1,resting,0.00,0,0,0,0,0
1779933094776,-3064,7705,-14271,-7,10,-1,resting,0.00,0,0,0,0,0
1779933094777,-3087,7679,-14236,-5,10,-2,resting,0.00,0,0,0,0,0
1779933094808,-3053,7693,-14217,-3,10,-2,resting,0.00,0,0,0,0,0
1779933094810,-3030,7725,-14230,-3,12,-1,resting,0.00,0,0,0,0,0
1779933094811,-3055,7697,-14271,-4,11,-3,resting,0.00,0,0,0,0,0
1779933094835,-3033,7690,-14273,-3,11,-2,resting,0.00,0,0,0,0,0
1779933094836,-3028,7657,-14272,-3,10,-2,resting,0.00,0,0,0,0,0
1779933094837,-3058,7685,-14275,-4,6,-1,resting,0.00,0,0,0,0,0
1779933094866,-3094,7736,-14216,-6,7,0,resting,0.00,0,0,0,0,0
1779933094867,-3089,7720,-14224,-6,6,-1,resting,0.00,0,0,0,0,0
1779933094868,-3062,7677,-14211,-2,6,-3,resting,0.00,0,0,0,0,0
1779933094895,-3058,7665,-14259,-1,6,-3,resting,0.00,0,0,0,0,0
1779933094896,-3046,7646,-14245,-4,7,-1,resting,0.00,0,0,0,0,0
1779933094896,-3042,7694,-14255,-8,7,3,resting,0.00,0,0,0,0,0
1779933094928,-3079,7699,-14256,-9,6,1,resting,0.00,0,0,0,0,0
1779933094933,-3092,7685,-14236,-7,7,0,resting,0.00,0,0,0,0,0
1779933094934,-3053,7662,-14281,-3,8,2,resting,0.00,0,0,0,0,0
1779933094959,-3079,7682,-14205,-3,9,3,resting,0.00,0,0,0,0,0
1779933094960,-3094,7689,-14228,-3,8,4,resting,0.00,0,0,0,0,0
1779933094960,-3086,7712,-14227,-6,10,4,resting,0.00,0,0,0,0,0
1779933094986,-3050,7774,-14197,-7,12,3,resting,0.00,0,0,0,0,0
1779933094987,-3019,7762,-14256,-8,11,-1,resting,0.00,0,0,0,0,0
1779933094988,-2982,7748,-14259,-9,9,-3,resting,0.00,0,0,0,0,0
1779933095017,-3016,7740,-14293,-10,10,-5,resting,0.00,0,0,0,0,0
1779933095018,-3065,7697,-14248,-7,11,-7,resting,0.00,0,0,0,0,0
1779933095019,-3074,7678,-14205,-7,9,-5,resting,0.00,0,0,0,0,0
1779933095045,-3116,7642,-14241,-4,10,-4,resting,0.00,0,0,0,0,0
1779933095046,-3083,7639,-14251,-1,9,-1,resting,0.00,0,0,0,0,0
1779933095047,-3124,7647,-14226,1,10,2,resting,0.00,0,0,0,0,0
1779933095076,-3079,7674,-14267,-3,10,6,resting,0.00,0,0,0,0,0
1779933095077,-3064,7682,-14274,-4,11,5,resting,0.00,0,0,0,0,0
1779933095077,-3067,7736,-14207,-6,13,4,resting,0.00,0,0,0,0,0
1779933095109,-3041,7786,-14229,-8,13,3,resting,0.00,0,0,0,0,0
1779933095110,-3032,7778,-14258,-7,13,0,resting,0.00,0,0,0,0,0
1779933095110,-3062,7733,-14229,-3,13,-4,resting,0.00,0,0,0,0,0
1779933095135,-3043,7745,-14231,-2,13,-4,resting,0.00,0,0,0,0,0
1779933095137,-3054,7668,-14221,-2,13,-3,resting,0.00,0,0,0,0,0
1779933095137,-3053,7660,-14262,-5,12,-5,resting,0.00,0,0,0,0,0
1779933095166,-3049,7636,-14244,-7,12,-3,resting,0.00,0,0,0,0,0
1779933095167,-3031,7686,-14271,-8,8,-2,resting,0.00,0,0,0,0,0
1779933095168,-3024,7665,-14296,-4,8,-3,resting,0.00,0,0,0,0,0
1779933095195,-2987,7670,-14281,-4,8,1,resting,0.00,0,0,0,0,0
1779933095196,-3018,7635,-14241,-4,6,3,resting,0.00,0,0,0,0,0
1779933095197,-3027,7649,-14202,-3,5,5,resting,0.00,0,0,0,0,0
1779933095225,-3077,7688,-14229,-5,6,5,resting,0.00,0,0,0,0,0
1779933095226,-3112,7726,-14204,-4,6,4,resting,0.00,0,0,0,0,0
1779933095227,-3055,7733,-14272,-3,8,2,resting,0.00,0,0,0,0,0
1779933095262,-3035,7792,-14253,-3,10,0,resting,0.00,0,0,0,0,0
1779933095262,-3048,7769,-14242,-5,11,-1,resting,0.00,0,0,0,0,0
1779933095263,-3051,7721,-14260,-7,10,-3,resting,0.00,0,0,0,0,0
1779933095287,-3011,7717,-14258,-5,10,-7,resting,0.00,0,0,0,0,0
1779933095287,-3052,7647,-14275,-5,9,-6,resting,0.00,0,0,0,0,0
1779933095292,-3075,7721,-14285,-6,9,-2,resting,0.00,0,0,0,0,0
1779933095316,-3071,7744,-14285,-6,7,-4,resting,0.00,0,0,0,0,0
1779933095317,-3077,7704,-14286,-4,5,-5,resting,0.00,0,0,0,0,0
1779933095318,-3068,7662,-14260,-3,4,-4,resting,0.00,0,0,0,0,0
1779933095349,-3058,7637,-14253,-3,4,-2,resting,0.00,0,0,0,0,0
1779933095349,-3060,7678,-14248,-5,4,0,resting,0.00,0,0,0,0,0
1779933095352,-3082,7716,-14248,-7,3,0,resting,0.00,0,0,0,0,0
1779933095375,-3052,7730,-14245,-7,0,1,resting,0.00,0,0,0,0,0
1779933095376,-3041,7724,-14261,-3,1,1,resting,0.00,0,0,0,0,0
1779933095377,-3057,7713,-14239,-3,2,-3,resting,0.00,0,0,0,0,0
1779933095407,-3062,7687,-14203,-5,2,-1,resting,0.00,0,0,0,0,0
1779933095408,-3060,7682,-14231,-5,1,-2,resting,0.00,0,0,0,0,0
1779933095409,-3080,7712,-14245,-7,1,-3,resting,0.00,0,0,0,0,0
1779933095435,-3105,7733,-14248,-8,1,-4,resting,0.00,0,0,0,0,0
1779933095438,-3090,7720,-14267,-7,2,-3,resting,0.00,0,0,0,0,0
1779933095442,-3098,7683,-14236,-6,2,-3,resting,0.00,0,0,0,0,0
1779933095465,-3065,7700,-14237,-5,2,-4,resting,0.00,0,0,0,0,0
1779933095466,-3097,7725,-14290,-4,3,-4,resting,0.00,0,0,0,0,0
1779933095467,-3105,7728,-14235,-4,1,-3,resting,0.00,0,0,0,0,0
1779933095496,-3079,7721,-14265,-3,-1,-3,resting,0.00,0,0,0,0,0
1779933095497,-3033,7699,-14275,-1,0,-5,resting,0.00,0,0,0,0,0
1779933095498,-3060,7693,-14236,-2,1,-5,resting,0.00,0,0,0,0,0
1779933095528,-3068,7669,-14214,-3,2,-5,resting,0.00,0,0,0,0,0
1779933095529,-3098,7693,-14214,-4,3,-5,resting,0.00,0,0,0,0,0
1779933095530,-3128,7731,-14237,-7,3,-3,resting,0.00,0,0,0,0,0
1779933095559,-3123,7723,-14257,-6,3,-4,resting,0.00,0,0,0,0,0
1779933095585,-3104,7713,-14213,-4,3,-6,resting,0.00,0,0,0,0,0
1779933095586,-3049,7704,-14186,-3,2,-8,resting,0.00,0,0,0,0,0
1779933095587,-3079,7697,-14253,-1,3,-7,resting,0.00,0,0,0,0,0
1779933095588,-3092,7692,-14273,-3,2,-7,resting,0.00,0,0,0,0,0
1779933095588,-3099,7719,-14241,-7,1,-8,resting,0.00,0,0,0,0,0
1779933095616,-3098,7713,-14247,-7,1,-8,resting,0.00,0,0,0,0,0
1779933095645,-3094,7680,-14236,-6,2,-8,resting,0.00,0,0,0,0,0
1779933095646,-3104,7682,-14240,-3,2,-8,resting,0.00,0,0,0,0,0
1779933095647,-3079,7682,-14263,-3,1,-9,resting,0.00,0,0,0,0,0
1779933095654,-3129,7701,-14242,-5,1,-6,resting,0.00,0,0,0,0,0
1779933095655,-3137,7704,-14293,-5,1,-6,resting,0.00,0,0,0,0,0
1779933095675,-3130,7674,-14288,-5,2,-7,resting,0.00,0,0,0,0,0
1779933095676,-3101,7677,-14223,-3,1,-7,resting,0.00,0,0,0,0,0
1779933095677,-3097,7673,-14237,-3,2,-3,resting,0.00,0,0,0,0,0
1779933095715,-3100,7675,-14206,-5,1,-5,resting,0.00,0,0,0,0,0
1779933095716,-3105,7663,-14261,-7,1,-5,resting,0.00,0,0,0,0,0
1779933095717,-3130,7720,-14214,-8,0,-3,resting,0.00,0,0,0,0,0
1779933095735,-3137,7688,-14208,-8,1,-4,resting,0.00,0,0,0,0,0
1779933095735,-3116,7671,-14228,-6,3,-3,resting,0.00,0,0,0,0,0
1779933095736,-3094,7731,-14217,-1,3,-4,resting,0.00,0,0,0,0,0
1779933095767,-3130,7680,-14215,-2,1,-4,resting,0.00,0,0,0,0,0
1779933095767,-3130,7674,-14246,-4,2,-3,resting,0.00,0,0,0,0,0
1779933095768,-3099,7687,-14221,-8,4,-4,resting,0.00,0,0,0,0,0
1779933095795,-3125,7682,-14220,-9,3,-3,resting,0.00,0,0,0,0,0
1779933095795,-3136,7668,-14255,-7,2,-3,resting,0.00,0,0,0,0,0
1779933095796,-3138,7691,-14209,-8,1,-1,resting,0.00,0,0,0,0,0
1779933095825,-3135,7714,-14209,-6,1,-3,resting,0.00,0,0,0,0,0
1779933095827,-3151,7693,-14231,-4,2,-2,resting,0.00,0,0,0,0,0
1779933095827,-3130,7682,-14229,-4,1,-2,resting,0.00,0,0,0,0,0
1779933095857,-3121,7684,-14165,-6,1,-3,resting,0.00,0,0,0,0,0
1779933095858,-3151,7697,-14209,-6,2,-1,resting,0.00,0,0,0,0,0
1779933095858,-3153,7737,-14243,-8,1,0,resting,0.00,0,0,0,0,0
1779933095885,-3136,7696,-14286,-8,0,-1,resting,0.00,0,0,0,0,0
1779933095886,-3127,7712,-14233,-6,-1,-1,resting,0.00,0,0,0,0,0
1779933095887,-3175,7741,-14226,-5,0,-2,resting,0.00,0,0,0,0,0
1779933095919,-3161,7716,-14207,-4,0,-2,resting,0.00,0,0,0,0,0
1779933095920,-3110,7662,-14199,-1,0,-2,resting,0.00,0,0,0,0,0
1779933095920,-3148,7640,-14171,-1,1,-1,resting,0.00,0,0,0,0,0
1779933095945,-3151,7697,-14222,-4,1,2,resting,0.00,0,0,0,0,0
1779933095950,-3187,7718,-14185,-7,2,2,resting,0.00,0,0,0,0,0
1779933095951,-3183,7738,-14227,-7,-2,0,resting,0.00,0,0,0,0,0
1779933095975,-3193,7709,-14234,-5,-3,-2,resting,0.00,0,0,0,0,0
1779933095976,-3160,7709,-14264,-5,-3,-1,resting,0.00,0,0,0,0,0
1779933095977,-3151,7686,-14251,-4,-2,-2,resting,0.00,0,0,0,0,0
1779933096008,-3145,7678,-14212,1,-4,-1,resting,0.00,0,0,0,0,0
1779933096008,-3198,7639,-14199,-3,-3,0,resting,0.00,0,0,0,0,0
1779933096009,-3204,7669,-14168,-6,-1,0,resting,0.00,0,0,0,0,0
1779933096035,-3159,7707,-14236,-6,0,-2,resting,0.00,0,0,0,0,0
1779933096035,-3131,7688,-14204,-8,1,-2,resting,0.00,0,0,0,0,0
1779933096036,-3091,7736,-14227,-10,1,-2,resting,0.00,0,0,0,0,0
1779933096065,-3135,7689,-14230,-11,2,-2,resting,0.00,0,0,0,0,0
1779933096068,-3150,7687,-14208,-13,3,-3,resting,0.00,0,0,0,0,0
1779933096069,-3155,7667,-14149,-13,2,-2,resting,0.00,0,0,0,0,0
1779933096099,-3216,7654,-14163,-8,3,1,resting,0.00,0,0,0,0,0
1779933096125,-3226,7728,-14162,-6,5,1,resting,0.00,0,0,0,0,0
1779933096125,-3210,7750,-14241,-3,8,0,resting,0.00,0,0,0,0,0
1779933096126,-3208,7726,-14177,-3,7,0,resting,0.00,0,0,0,0,0
1779933096157,-3193,7692,-14200,-3,8,0,resting,0.00,0,0,0,0,0
1779933096159,-3182,7691,-14263,-1,8,1,resting,0.00,0,0,0,0,0
1779933096160,-3177,7720,-14247,-1,9,-1,resting,0.00,0,0,0,0,0
1779933096161,-3167,7746,-14272,-3,8,-3,resting,0.00,0,0,0,0,0
1779933096161,-3162,7737,-14268,-6,8,-4,resting,0.00,0,0,0,0,0
1779933096185,-3138,7719,-14219,-7,6,-5,resting,0.00,0,0,0,0,0
1779933096186,-3120,7690,-14192,-3,6,-7,resting,0.00,0,0,0,0,0
1779933096187,-3186,7643,-14272,-4,4,-3,resting,0.00,0,0,0,0,0
1779933096216,-3177,7652,-14258,-7,4,-3,resting,0.00,0,0,0,0,0
1779933096217,-3188,7721,-14225,-6,3,-2,resting,0.00,0,0,0,0,0
1779933096217,-3139,7689,-14208,-3,2,-3,resting,0.00,0,0,0,0,0
1779933096252,-3142,7638,-14181,-1,1,-2,resting,0.00,0,0,0,0,0
1779933096252,-3177,7630,-14179,-3,1,0,resting,0.00,0,0,0,0,0
1779933096253,-3222,7678,-14204,-7,2,3,resting,0.00,0,0,0,0,0
1779933096275,-3190,7733,-14172,-7,3,4,resting,0.00,0,0,0,0,0
1779933096276,-3191,7706,-14184,-5,5,3,resting,0.00,0,0,0,0,0
1779933096277,-3187,7699,-14207,-4,7,2,resting,0.00,0,0,0,0,0
1779933096307,-3160,7728,-14184,-2,7,0,resting,0.00,0,0,0,0,0
1779933096308,-3175,7707,-14164,-2,9,-1,resting,0.00,0,0,0,0,0
1779933096309,-3187,7685,-14202,-9,10,-2,resting,0.00,0,0,0,0,0
1779933096335,-3192,7708,-14205,-11,9,-3,resting,0.00,0,0,0,0,0
1779933096335,-3208,7730,-14212,-7,10,-4,resting,0.00,0,0,0,0,0
1779933096336,-3243,7694,-14192,-6,10,-4,resting,0.00,0,0,0,0,0
1779933096369,-3189,7661,-14201,-2,10,-3,resting,0.00,0,0,0,0,0
1779933096369,-3200,7644,-14218,-3,9,-3,resting,0.00,0,0,0,0,0
1779933096369,-3212,7644,-14228,-4,10,0,resting,0.00,0,0,0,0,0
1779933096398,-3184,7647,-14241,-7,10,1,resting,0.00,0,0,0,0,0
1779933096399,-3192,7700,-14221,-6,9,0,resting,0.00,0,0,0,0,0
1779933096400,-3163,7670,-14223,-5,7,0,resting,0.00,0,0,0,0,0
1779933096425,-3146,7656,-14202,-3,8,0,resting,0.00,0,0,0,0,0
1779933096426,-3159,7672,-14226,-2,9,2,resting,0.00,0,0,0,0,0
1779933096427,-3199,7667,-14204,-5,7,1,resting,0.00,0,0,0,0,0
1779933096456,-3191,7693,-14164,-7,8,3,resting,0.00,0,0,0,0,0
1779933096457,-3175,7717,-14184,-4,10,2,resting,0.00,0,0,0,0,0
1779933096458,-3196,7691,-14213,-3,13,2,resting,0.00,0,0,0,0,0
1779933096485,-3173,7705,-14197,-3,14,3,resting,0.00,0,0,0,0,0
1779933096486,-3174,7723,-14180,-5,14,3,resting,0.00,0,0,0,0,0
1779933096486,-3221,7670,-14220,-6,14,2,resting,0.00,0,0,0,0,0
1779933096518,-3233,7694,-14190,-6,14,2,resting,0.00,0,0,0,0,0
1779933096519,-3161,7707,-14220,-7,14,2,resting,0.00,0,0,0,0,0
1779933096520,-3167,7700,-14186,-3,15,1,resting,0.00,0,0,0,0,0
1779933096548,-3193,7706,-14199,-3,16,0,resting,0.00,0,0,0,0,0
1779933096549,-3187,7743,-14203,-3,15,1,resting,0.00,0,0,0,0,0
1779933096550,-3169,7729,-14215,-2,15,1,resting,0.00,0,0,0,0,0
1779933096575,-3196,7760,-14220,-2,13,-3,resting,0.00,0,0,0,0,0
1779933096575,-3184,7727,-14271,-1,13,-1,resting,0.00,0,0,0,0,0
1779933096576,-3167,7677,-14191,0,14,-2,resting,0.00,0,0,0,0,0
1779933096607,-3184,7678,-14189,-1,14,-3,resting,0.00,0,0,0,0,0
1779933096607,-3191,7651,-14229,-1,14,-3,resting,0.00,0,0,0,0,0
1779933096608,-3165,7658,-14202,-4,14,-1,resting,0.00,0,0,0,0,0
1779933096643,-3150,7712,-14251,-6,15,0,resting,0.00,0,0,0,0,0
1779933096643,-3156,7673,-14220,-2,13,-1,resting,0.00,0,0,0,0,0
1779933096644,-3192,7703,-14173,-1,13,1,resting,0.00,0,0,0,0,0
1779933096665,-3166,7697,-14202,-3,13,0,resting,0.00,0,0,0,0,0
1779933096667,-3146,7657,-14213,-2,14,-3,resting,0.00,0,0,0,0,0
1779933096667,-3148,7642,-14196,-3,15,-2,resting,0.00,0,0,0,0,0
1779933096698,-3194,7673,-14208,-5,16,0,resting,0.00,0,0,0,0,0
1779933096700,-3176,7711,-14195,-6,16,1,resting,0.00,0,0,0,0,0
1779933096700,-3133,7704,-14224,-7,17,1,resting,0.00,0,0,0,0,0
1779933096725,-3171,7682,-14252,-6,17,1,resting,0.00,0,0,0,0,0
1779933096726,-3140,7687,-14274,-5,16,3,resting,0.00,0,0,0,0,0
1779933096726,-3137,7714,-14285,-4,14,3,resting,0.00,0,0,0,0,0
1779933096756,-3169,7641,-14202,-4,14,2,resting,0.00,0,0,0,0,0
1779933096757,-3167,7661,-14226,-4,15,3,resting,0.00,0,0,0,0,0
1779933096758,-3147,7682,-14252,-4,16,4,resting,0.00,0,0,0,0,0
1779933096785,-3162,7690,-14192,-4,14,5,resting,0.00,0,0,0,0,0
1779933096785,-3147,7695,-14184,-2,14,5,resting,0.00,0,0,0,0,0
1779933096786,-3113,7660,-14205,-4,15,5,resting,0.00,0,0,0,0,0
1779933096816,-3165,7730,-14215,-6,13,5,resting,0.00,0,0,0,0,0
1779933096817,-3165,7772,-14262,-3,12,5,resting,0.00,0,0,0,0,0
1779933096817,-3153,7732,-14274,-1,10,3,resting,0.00,0,0,0,0,0
1779933096848,-3174,7705,-14198,-1,10,0,resting,0.00,0,0,0,0,0
1779933096848,-3164,7687,-14254,1,11,0,resting,0.00,0,0,0,0,0
1779933096849,-3143,7600,-14215,1,11,1,resting,0.00,0,0,0,0,0
1779933096876,-3152,7649,-14159,-1,10,4,resting,0.00,0,0,0,0,0
1779933096882,-3166,7696,-14212,-5,10,6,resting,0.00,0,0,0,0,0
1779933096883,-3168,7706,-14239,-9,10,4,resting,0.00,0,0,0,0,0
1779933096910,-3123,7773,-14215,-8,11,3,resting,0.00,0,0,0,0,0
1779933096910,-3085,7730,-14209,-8,11,1,resting,0.00,0,0,0,0,0
1779933096911,-3111,7700,-14213,-5,12,1,resting,0.00,0,0,0,0,0
1779933096937,-3125,7693,-14192,-5,11,-1,resting,0.00,0,0,0,0,0
1779933096938,-3151,7694,-14150,-5,12,-1,resting,0.00,0,0,0,0,0
1779933096942,-3182,7684,-14219,-1,13,0,resting,0.00,0,0,0,0,0
1779933096966,-3180,7676,-14219,0,14,1,resting,0.00,0,0,0,0,0
1779933096967,-3158,7664,-14180,2,17,1,resting,0.00,0,0,0,0,0
1779933096968,-3181,7655,-14172,0,16,3,resting,0.00,0,0,0,0,0
1779933096998,-3159,7652,-14232,-3,17,3,resting,0.00,0,0,0,0,0
1779933096999,-3102,7708,-14251,-5,16,4,resting,0.00,0,0,0,0,0
1779933097000,-3166,7732,-14248,-6,16,4,resting,0.00,0,0,0,0,0
1779933097025,-3148,7720,-14250,-5,16,2,resting,0.00,0,0,0,0,0
1779933097026,-3147,7747,-14208,-3,15,-1,resting,0.00,0,0,0,0,0
1779933097026,-3162,7692,-14224,-3,14,-2,resting,0.00,0,0,0,0,0
1779933097055,-3116,7659,-14221,-2,15,-3,resting,0.00,0,0,0,0,0
1779933097056,-3131,7689,-14271,-5,13,-3,resting,0.00,0,0,0,0,0
1779933097057,-3155,7703,-14279,-6,11,-2,resting,0.00,0,0,0,0,0
1779933097085,-3148,7670,-14266,-7,12,-3,resting,0.00,0,0,0,0,0
1779933097089,-3099,7677,-14259,-6,10,-5,resting,0.00,0,0,0,0,0
1779933097090,-3103,7619,-14278,-3,9,-3,resting,0.00,0,0,0,0,0
1779933097116,-3159,7631,-14255,-3,8,1,resting,0.00,0,0,0,0,0
1779933097117,-3192,7666,-14225,-4,8,2,resting,0.00,0,0,0,0,0
1779933097117,-3140,7696,-14189,-5,8,3,resting,0.00,0,0,0,0,0
1779933097147,-3148,7709,-14241,-5,8,4,resting,0.00,0,0,0,0,0
1779933097148,-3122,7707,-14286,-2,11,2,resting,0.00,0,0,0,0,0
1779933097148,-3100,7704,-14228,-2,12,1,resting,0.00,0,0,0,0,0
1779933097176,-3156,7713,-14188,-3,11,2,resting,0.00,0,0,0,0,0
1779933097176,-3133,7712,-14185,-4,14,-1,resting,0.00,0,0,0,0,0
1779933097177,-3153,7705,-14214,-7,13,-2,resting,0.00,0,0,0,0,0
1779933097206,-3141,7697,-14184,-7,12,-4,resting,0.00,0,0,0,0,0
1779933097207,-3162,7683,-14216,-6,15,-4,resting,0.00,0,0,0,0,0
1779933097208,-3137,7675,-14231,-4,14,-3,resting,0.00,0,0,0,0,0
1779933097235,-3144,7655,-14252,-6,13,-2,resting,0.00,0,0,0,0,0
1779933097235,-3117,7635,-14312,-7,12,-2,resting,0.00,0,0,0,0,0
1779933097236,-3122,7648,-14289,-6,12,-1,resting,0.00,0,0,0,0,0
1779933097265,-3096,7637,-14241,-6,12,-1,resting,0.00,0,0,0,0,0
1779933097266,-3136,7616,-14269,-4,11,1,resting,0.00,0,0,0,0,0
1779933097267,-3121,7656,-14267,-6,8,2,resting,0.00,0,0,0,0,0
1779933097297,-3127,7690,-14196,-6,9,3,resting,0.00,0,0,0,0,0
1779933097298,-3131,7710,-14231,-5,9,3,resting,0.00,0,0,0,0,0
1779933097299,-3136,7708,-14245,-5,8,2,resting,0.00,0,0,0,0,0
1779933097331,-3168,7688,-14252,-6,9,4,resting,0.00,0,0,0,0,0
1779933097332,-3130,7761,-14219,-4,11,3,resting,0.00,0,0,0,0,0
1779933097333,-3152,7693,-14194,-3,9,1,resting,0.00,0,0,0,0,0
1779933097356,-3135,7648,-14211,-4,10,-1,resting,0.00,0,0,0,0,0
1779933097357,-3137,7652,-14186,-3,11,-1,resting,0.00,0,0,0,0,0
1779933097357,-3147,7643,-14212,-1,11,0,resting,0.00,0,0,0,0,0
1779933097385,-3126,7661,-14161,0,12,-1,resting,0.00,0,0,0,0,0
1779933097385,-3124,7713,-14223,-2,13,0,resting,0.00,0,0,0,0,0
1779933097386,-3149,7661,-14240,-2,11,0,resting,0.00,0,0,0,0,0
1779933097415,-3186,7654,-14243,-5,12,1,resting,0.00,0,0,0,0,0
1779933097416,-3159,7739,-14235,-6,13,3,resting,0.00,0,0,0,0,0
1779933097417,-3146,7759,-14221,-5,15,2,resting,0.00,0,0,0,0,0
1779933097447,-3104,7707,-14239,-4,14,0,resting,0.00,0,0,0,0,0
1779933097448,-3099,7685,-14249,-2,13,0,resting,0.00,0,0,0,0,0
1779933097449,-3103,7682,-14241,-2,14,0,resting,0.00,0,0,0,0,0
1779933097474,-3104,7685,-14231,-2,14,0,resting,0.00,0,0,0,0,0
1779933097475,-3065,7684,-14243,-3,14,1,resting,0.00,0,0,0,0,0
1779933097476,-3089,7673,-14255,-4,13,-1,resting,0.00,0,0,0,0,0
1779933097511,-3093,7644,-14254,-4,14,-3,resting,0.00,0,0,0,0,0
1779933097511,-3114,7678,-14261,-3,13,-2,resting,0.00,0,0,0,0,0
1779933097512,-3146,7705,-14224,-5,13,-1,resting,0.00,0,0,0,0,0
1779933097535,-3153,7685,-14206,-6,14,0,resting,0.00,0,0,0,0,0
1779933097539,-3156,7675,-14223,-6,16,0,resting,0.00,0,0,0,0,0
1779933097540,-3133,7703,-14248,-5,15,-1,resting,0.00,0,0,0,0,0
1779933097567,-3096,7668,-14236,-3,14,0,resting,0.00,0,0,0,0,0
1779933097568,-3088,7705,-14235,-5,13,1,resting,0.00,0,0,0,0,0
1779933097569,-3106,7684,-14228,-4,13,-1,resting,0.00,0,0,0,0,0
1779933097597,-3108,7658,-14281,-5,13,-2,resting,0.00,0,0,0,0,0
1779933097598,-3122,7650,-14234,-5,13,-1,resting,0.00,0,0,0,0,0
1779933097599,-3105,7660,-14249,-5,13,-1,resting,0.00,0,0,0,0,0
1779933097626,-3127,7690,-14232,-6,12,-1,resting,0.00,0,0,0,0,0
1779933097627,-3094,7683,-14176,-2,11,0,resting,0.00,0,0,0,0,0
1779933097628,-3079,7663,-14208,-4,12,0,resting,0.00,0,0,0,0,0
1779933097657,-3064,7672,-14203,-7,12,3,resting,0.00,0,0,0,0,0
1779933097658,-3111,7697,-14227,-9,10,3,resting,0.00,0,0,0,0,0
1779933097659,-3157,7668,-14294,-8,11,5,resting,0.00,0,0,0,0,0
1779933097685,-3132,7698,-14231,-5,10,4,resting,0.00,0,0,0,0,0
1779933097689,-3084,7682,-14244,-3,10,3,resting,0.00,0,0,0,0,0
1779933097691,-3104,7665,-14236,-1,10,3,resting,0.00,0,0,0,0,0
1779933097716,-3144,7691,-14195,-1,10,5,resting,0.00,0,0,0,0,0
1779933097718,-3139,7715,-14207,-4,12,4,resting,0.00,0,0,0,0,0
1779933097718,-3071,7764,-14235,-6,11,2,resting,0.00,0,0,0,0,0
1779933097747,-3045,7765,-14248,-7,10,-1,resting,0.00,0,0,0,0,0
1779933097748,-3078,7726,-14231,-7,9,-2,resting,0.00,0,0,0,0,0
1779933097749,-3074,7700,-14205,-7,11,-4,resting,0.00,0,0,0,0,0
1779933097780,-3113,7656,-14216,-6,11,-4,resting,0.00,0,0,0,0,0
1779933097781,-3150,7628,-14196,-5,11,-3,resting,0.00,0,0,0,0,0
1779933097782,-3141,7647,-14196,-5,12,-1,resting,0.00,0,0,0,0,0
1779933097805,-3167,7647,-14245,-3,13,1,resting,0.00,0,0,0,0,0
1779933097806,-3118,7680,-14241,-1,15,3,resting,0.00,0,0,0,0,0
1779933097807,-3115,7691,-14265,-2,15,4,resting,0.00,0,0,0,0,0
1779933097837,-3079,7688,-14251,-4,14,3,resting,0.00,0,0,0,0,0
1779933097838,-3062,7719,-14223,-5,14,2,resting,0.00,0,0,0,0,0
1779933097839,-3094,7729,-14213,-5,14,0,resting,0.00,0,0,0,0,0
1779933097869,-3132,7739,-14237,-4,14,-1,resting,0.00,0,0,0,0,0
1779933097870,-3125,7738,-14258,-5,16,-2,resting,0.00,0,0,0,0,0
1779933097871,-3111,7662,-14218,-5,14,-4,resting,0.00,0,0,0,0,0
1779933097900,-3097,7669,-14215,-6,13,-4,resting,0.00,0,0,0,0,0
1779933097901,-3105,7647,-14235,-6,13,-2,resting,0.00,0,0,0,0,0
1779933097901,-3101,7705,-14242,-6,12,-2,resting,0.00,0,0,0,0,0
1779933097925,-3071,7705,-14294,-5,11,-3,resting,0.00,0,0,0,0,0
1779933097926,-3038,7634,-14238,-2,10,-4,resting,0.00,0,0,0,0,0
1779933097926,-3029,7654,-14280,-3,10,-2,resting,0.00,0,0,0,0,0
1779933097955,-3041,7647,-14248,-3,9,1,resting,0.00,0,0,0,0,0
1779933097957,-3095,7610,-14210,-6,8,4,resting,0.00,0,0,0,0,0
1779933097957,-3111,7672,-14182,-7,11,5,resting,0.00,0,0,0,0,0
1779933097988,-3120,7701,-14217,-5,12,3,resting,0.00,0,0,0,0,0
1779933097989,-3089,7691,-14243,-5,12,2,resting,0.00,0,0,0,0,0
1779933097990,-3093,7737,-14247,-5,11,2,resting,0.00,0,0,0,0,0
1779933098022,-3091,7747,-14229,-6,12,0,resting,0.00,0,0,0,0,0
1779933098023,-3078,7695,-14215,-9,12,-3,resting,0.00,0,0,0,0,0
1779933098023,-3075,7698,-14254,-8,12,-2,resting,0.00,0,0,0,0,0
1779933098046,-3103,7720,-14264,-5,11,-2,resting,0.00,0,0,0,0,0
1779933098047,-3136,7707,-14242,-5,11,-3,resting,0.00,0,0,0,0,0
1779933098048,-3121,7661,-14227,-7,12,-2,resting,0.00,0,0,0,0,0
1779933098075,-3095,7663,-14278,-6,11,-1,resting,0.00,0,0,0,0,0
1779933098076,-3053,7673,-14267,-7,10,1,resting,0.00,0,0,0,0,0
1779933098077,-3081,7655,-14253,-6,10,0,resting,0.00,0,0,0,0,0
1779933098106,-3114,7715,-14253,-4,8,0,resting,0.00,0,0,0,0,0
1779933098106,-3086,7707,-14251,-5,9,2,resting,0.00,0,0,0,0,0
1779933098106,-3077,7697,-14209,-6,8,3,resting,0.00,0,0,0,0,0
1779933098140,-3083,7710,-14252,-7,8,1,resting,0.00,0,0,0,0,0
1779933098141,-3131,7719,-14200,-7,8,2,resting,0.00,0,0,0,0,0
1779933098142,-3149,7699,-14192,-6,9,0,resting,0.00,0,0,0,0,0
1779933098166,-3098,7674,-14207,-4,10,1,resting,0.00,0,0,0,0,0
1779933098167,-3069,7686,-14239,-4,11,0,resting,0.00,0,0,0,0,0
1779933098167,-3103,7682,-14261,-6,12,1,resting,0.00,0,0,0,0,0
1779933098197,-3089,7695,-14232,-8,12,1,resting,0.00,0,0,0,0,0
1779933098197,-3090,7728,-14229,-6,12,2,resting,0.00,0,0,0,0,0
1779933098198,-3099,7719,-14256,-3,12,0,resting,0.00,0,0,0,0,0
1779933098225,-3109,7691,-14236,-3,12,0,resting,0.00,0,0,0,0,0
1779933098226,-3105,7666,-14216,-2,12,0,resting,0.00,0,0,0,0,0
1779933098233,-3084,7668,-14233,-1,12,0,resting,0.00,0,0,0,0,0
1779933098256,-3095,7667,-14217,-3,12,1,resting,0.00,0,0,0,0,0
1779933098257,-3112,7685,-14214,-7,12,4,resting,0.00,0,0,0,0,0
1779933098257,-3090,7704,-14183,-6,14,4,resting,0.00,0,0,0,0,0
1779933098288,-3074,7688,-14243,-8,13,2,resting,0.00,0,0,0,0,0
1779933098289,-3079,7691,-14238,-6,12,2,resting,0.00,0,0,0,0,0
1779933098290,-3103,7660,-14237,-4,12,2,resting,0.00,0,0,0,0,0
1779933098315,-3067,7660,-14210,-4,12,1,resting,0.00,0,0,0,0,0
1779933098315,-3089,7687,-14204,-6,13,3,resting,0.00,0,0,0,0,0
1779933098316,-3079,7663,-14238,-6,13,4,resting,0.00,0,0,0,0,0
1779933098346,-3092,7649,-14215,-9,13,4,resting,0.00,0,0,0,0,0
1779933098350,-3065,7707,-14216,-10,14,4,resting,0.00,0,0,0,0,0
1779933098351,-3076,7718,-14199,-11,14,7,resting,0.00,0,0,0,0,0
1779933098376,-3080,7731,-14225,-11,15,6,resting,0.00,0,0,0,0,0
1779933098379,-3118,7694,-14215,-8,15,4,resting,0.00,0,0,0,0,0
1779933098380,-3046,7700,-14261,-6,15,4,resting,0.00,0,0,0,0,0
1779933098407,-3077,7669,-14261,-5,15,3,resting,0.00,0,0,0,0,0
1779933098407,-3091,7676,-14241,-7,17,5,resting,0.00,0,0,0,0,0
1779933098409,-3038,7712,-14258,-10,18,8,resting,0.00,0,0,0,0,0
1779933098438,-3071,7681,-14263,-11,15,8,resting,0.00,0,0,0,0,0
1779933098439,-3061,7695,-14344,-12,14,6,resting,0.00,0,0,0,0,0
1779933098439,-3067,7760,-14283,-9,11,7,resting,0.00,0,0,0,0,0
1779933098466,-3042,7755,-14252,-6,8,5,resting,0.00,0,0,0,0,0
1779933098471,-3062,7737,-14276,-2,7,2,resting,0.00,0,0,0,0,0
1779933098472,-3090,7674,-14261,-2,6,0,resting,0.00,0,0,0,0,0
1779933098502,-3064,7730,-14236,-3,7,2,resting,0.00,0,0,0,0,0
1779933098502,-3041,7744,-14263,-3,4,0,resting,0.00,0,0,0,0,0
1779933098503,-3077,7736,-14234,-3,3,-2,resting,0.00,0,0,0,0,0
1779933098525,-3080,7713,-14219,-1,3,-3,resting,0.00,0,0,0,0,0
1779933098525,-3077,7706,-14239,-3,4,-3,resting,0.00,0,0,0,0,0
1779933098526,-3047,7707,-14268,-6,4,-4,resting,0.00,0,0,0,0,0
1779933098557,-3070,7753,-14269,-4,2,-5,resting,0.00,0,0,0,0,0
1779933098557,-3103,7749,-14205,-1,2,-7,resting,0.00,0,0,0,0,0
1779933098558,-3102,7696,-14248,1,4,-10,resting,0.00,0,0,0,0,0
1779933098588,-3085,7713,-14227,1,5,-10,resting,0.00,0,0,0,0,0
1779933098588,-3078,7743,-14214,3,5,-11,resting,0.00,0,0,0,0,0
1779933098589,-3036,7705,-14173,2,6,-12,resting,0.00,0,0,0,0,0
1779933098615,-3054,7644,-14221,0,7,-13,resting,0.00,0,0,0,0,0
1779933098616,-3064,7663,-14216,-4,7,-11,resting,0.00,0,0,0,0,0
1779933098617,-3155,7733,-14194,-7,4,-7,resting,0.00,0,0,0,0,0
1779933098646,-3145,7736,-14234,-7,6,-8,resting,0.00,0,0,0,0,0
1779933098647,-3121,7741,-14277,-2,7,-13,resting,0.00,0,0,0,0,0
1779933098647,-3053,7689,-14268,3,7,-12,resting,0.00,0,0,0,0,0
1779933098676,-3089,7646,-14214,5,8,-8,resting,0.00,0,0,0,0,0
1779933098679,-3116,7653,-14222,5,10,-8,resting,0.00,0,0,0,0,0
1779933098680,-3117,7682,-14235,2,11,-10,resting,0.00,0,0,0,0,0
1779933098705,-3088,7676,-14228,-1,11,-10,resting,0.00,0,0,0,0,0
1779933098737,-3025,7702,-14267,-4,10,-12,resting,0.00,0,0,0,0,0
1779933098739,-3024,7736,-14292,-6,10,-13,resting,0.00,0,0,0,0,0
1779933098739,-3042,7707,-14245,-6,8,-14,resting,0.00,0,0,0,0,0
1779933098740,-3119,7683,-14243,-5,6,-14,resting,0.00,0,0,0,0,0
1779933098741,-3112,7639,-14212,-3,5,-15,resting,0.00,0,0,0,0,0
1779933098765,-3114,7645,-14244,1,5,-11,resting,0.00,0,0,0,0,0
1779933098766,-3118,7643,-14257,4,5,-7,resting,0.00,0,0,0,0,0
1779933098767,-3106,7621,-14228,5,4,-7,resting,0.00,0,0,0,0,0
1779933098794,-3085,7632,-14225,5,5,-2,resting,0.00,0,0,0,0,0
1779933098795,-3085,7640,-14243,0,6,-1,resting,0.00,0,0,0,0,0
1779933098796,-3077,7700,-14174,-5,4,-2,resting,0.00,0,0,0,0,0
1779933098829,-3098,7712,-14171,-6,4,-2,resting,0.00,0,0,0,0,0
1779933098830,-3099,7689,-14239,-6,5,-5,resting,0.00,0,0,0,0,0
1779933098830,-3117,7704,-14235,-7,4,-6,resting,0.00,0,0,0,0,0
1779933098855,-3098,7679,-14246,-5,3,-6,resting,0.00,0,0,0,0,0
1779933098891,-3101,7652,-14272,-4,3,-4,resting,0.00,0,0,0,0,0
1779933098892,-3097,7599,-14268,-3,2,-3,resting,0.00,0,0,0,0,0
1779933098892,-3102,7617,-14293,-2,1,-2,resting,0.00,0,0,0,0,0
1779933098893,-3070,7654,-14277,-4,-1,-2,resting,0.00,0,0,0,0,0
1779933098896,-3090,7606,-14222,-4,0,2,resting,0.00,0,0,0,0,0
1779933098915,-3071,7632,-14254,-5,-1,2,resting,0.00,0,0,0,0,0
1779933098916,-3132,7657,-14231,-6,-4,4,resting,0.00,0,0,0,0,0
1779933098917,-3137,7695,-14235,-5,-3,6,resting,0.00,0,0,0,0,0
1779933098945,-3152,7692,-14236,-3,-2,5,resting,0.00,0,0,0,0,0
1779933098946,-3132,7690,-14217,-4,-3,4,resting,0.00,0,0,0,0,0
1779933098947,-3105,7710,-14210,-5,-1,4,resting,0.00,0,0,0,0,0
1779933098979,-3124,7734,-14250,-5,1,2,resting,0.00,0,0,0,0,0
1779933098980,-3144,7684,-14225,-7,-1,-1,resting,0.00,0,0,0,0,0
1779933098981,-3082,7686,-14222,-8,0,-3,resting,0.00,0,0,0,0,0
1779933099005,-3096,7719,-14236,-5,-1,-2,resting,0.00,0,0,0,0,0
1779933099006,-3149,7667,-14230,-6,-1,-2,resting,0.00,0,0,0,0,0
1779933099006,-3118,7652,-14203,-7,-2,-1,resting,0.00,0,0,0,0,0
1779933099037,-3131,7682,-14258,-7,-1,0,resting,0.00,0,0,0,0,0
1779933099038,-3136,7656,-14221,-6,-1,-1,resting,0.00,0,0,0,0,0
1779933099039,-3125,7608,-14206,-4,-1,-3,resting,0.00,0,0,0,0,0
1779933099068,-3139,7653,-14231,-7,0,-1,resting,0.00,0,0,0,0,0
1779933099069,-3172,7708,-14233,-8,1,0,resting,0.00,0,0,0,0,0
1779933099072,-3139,7720,-14235,-8,1,0,resting,0.00,0,0,0,0,0
1779933099095,-3131,7723,-14208,-7,1,1,resting,0.00,0,0,0,0,0
1779933099095,-3171,7704,-14248,-5,0,-1,resting,0.00,0,0,0,0,0
1779933099096,-3142,7692,-14250,-5,-1,-3,resting,0.00,0,0,0,0,0
1779933099129,-3114,7691,-14241,-5,1,-2,resting,0.00,0,0,0,0,0
1779933099129,-3143,7719,-14225,-4,0,-2,resting,0.00,0,0,0,0,0
1779933099130,-3163,7704,-14219,-5,1,-3,resting,0.00,0,0,0,0,0
1779933099157,-3164,7692,-14218,-5,1,-4,resting,0.00,0,0,0,0,0
1779933099158,-3161,7691,-14200,-5,1,-4,resting,0.00,0,0,0,0,0
1779933099158,-3149,7659,-14216,-5,2,-5,resting,0.00,0,0,0,0,0
1779933099187,-3152,7663,-14221,-6,2,-6,resting,0.00,0,0,0,0,0
1779933099188,-3121,7686,-14216,-5,1,-4,resting,0.00,0,0,0,0,0
1779933099189,-3130,7630,-14245,-6,1,-5,resting,0.00,0,0,0,0,0
1779933099223,-3134,7680,-14250,-6,-1,-5,resting,0.00,0,0,0,0,0
1779933099224,-3155,7663,-14216,-5,-1,-6,resting,0.00,0,0,0,0,0
1779933099225,-3206,7688,-14198,-9,-1,-6,resting,0.00,0,0,0,0,0
1779933099245,-3192,7730,-14246,-7,0,-3,resting,0.00,0,0,0,0,0
1779933099274,-3192,7724,-14232,-6,1,-5,resting,0.00,0,0,0,0,0
1779933099278,-3174,7688,-14237,-7,-1,-7,resting,0.00,0,0,0,0,0
1779933099279,-3211,7667,-14217,-6,0,-6,resting,0.00,0,0,0,0,0
1779933099280,-3192,7664,-14237,-3,1,-7,resting,0.00,0,0,0,0,0
1779933099281,-3151,7678,-14248,-4,-1,-7,resting,0.00,0,0,0,0,0
1779933099305,-3179,7658,-14220,-4,0,-8,resting,0.00,0,0,0,0,0
1779933099306,-3167,7659,-14227,-4,0,-7,resting,0.00,0,0,0,0,0
1779933099307,-3172,7666,-14224,-5,1,-7,resting,0.00,0,0,0,0,0
1779933099337,-3183,7698,-14244,-5,1,-7,resting,0.00,0,0,0,0,0
1779933099338,-3177,7726,-14231,-5,0,-8,resting,0.00,0,0,0,0,0
1779933099338,-3168,7703,-14245,-4,0,-10,resting,0.00,0,0,0,0,0
1779933099365,-3177,7663,-14214,-6,1,-8,resting,0.00,0,0,0,0,0
1779933099370,-3192,7650,-14253,-7,0,-6,resting,0.00,0,0,0,0,0
1779933099371,-3189,7659,-14222,-8,-1,-7,resting,0.00,0,0,0,0,0
1779933099395,-3196,7696,-14234,-8,0,-6,resting,0.00,0,0,0,0,0
1779933099396,-3232,7741,-14242,-7,0,-5,resting,0.00,0,0,0,0,0
1779933099397,-3209,7698,-14230,-3,0,-7,resting,0.00,0,0,0,0,0
1779933099424,-3206,7664,-14224,-2,1,-7,resting,0.00,0,0,0,0,0
1779933099425,-3168,7660,-14230,-2,-1,-5,resting,0.00,0,0,0,0,0
1779933099429,-3201,7660,-14202,-6,0,-5,resting,0.00,0,0,0,0,0
1779933099456,-3181,7664,-14195,-4,0,-6,resting,0.00,0,0,0,0,0
1779933099457,-3227,7629,-14278,-5,0,-6,resting,0.00,0,0,0,0,0
1779933099462,-3226,7687,-14245,-7,2,-3,resting,0.00,0,0,0,0,0
1779933099486,-3195,7730,-14231,-6,3,-2,resting,0.00,0,0,0,0,0
1779933099487,-3196,7719,-14205,-4,2,-4,resting,0.00,0,0,0,0,0
1779933099487,-3226,7642,-14206,-5,0,-6,resting,0.00,0,0,0,0,0
1779933099515,-3256,7621,-14206,-6,1,-7,resting,0.00,0,0,0,0,0
1779933099515,-3218,7668,-14241,-6,1,-5,resting,0.00,0,0,0,0,0
1779933099516,-3222,7720,-14295,-5,2,-2,resting,0.00,0,0,0,0,0
1779933099548,-3226,7729,-14274,-3,0,-2,resting,0.00,0,0,0,0,0
1779933099549,-3235,7643,-14223,0,-1,-3,resting,0.00,0,0,0,0,0
1779933099550,-3193,7618,-14152,3,2,-3,resting,0.00,0,0,0,0,0
1779933099578,-3142,7621,-14243,0,3,-1,resting,0.00,0,0,0,0,0
1779933099579,-3229,7669,-14267,-5,2,1,resting,0.00,0,0,0,0,0
1779933099580,-3259,7760,-14208,-8,1,3,resting,0.00,0,0,0,0,0
1779933099605,-3253,7783,-14246,-8,1,0,resting,0.00,0,0,0,0,0
1779933099608,-3244,7691,-14249,-4,0,-5,resting,0.00,0,0,0,0,0
1779933099615,-3212,7649,-14204,0,-1,-6,resting,0.00,0,0,0,0,0
1779933099636,-3236,7661,-14210,1,-1,-4,resting,0.00,0,0,0,0,0
1779933099665,-3253,7653,-14184,-4,0,-2,resting,0.00,0,0,0,0,0
1779933099700,-3223,7691,-14187,-6,1,-1,resting,0.00,0,0,0,0,0
1779933099701,-3223,7704,-14225,-6,2,-1,resting,0.00,0,0,0,0,0
1779933099701,-3184,7677,-14225,-7,2,-3,resting,0.00,0,0,0,0,0
1779933099702,-3191,7678,-14198,-7,1,-5,resting,0.00,0,0,0,0,0
1779933099703,-3246,7668,-14206,-8,2,-7,resting,0.00,0,0,0,0,0
1779933099703,-3220,7679,-14187,-8,1,-4,resting,0.00,0,0,0,0,0
1779933099703,-3261,7685,-14174,-4,1,-3,resting,0.00,0,0,0,0,0
1779933099727,-3270,7656,-14197,-2,3,-3,resting,0.00,0,0,0,0,0
1779933099728,-3276,7621,-14214,1,6,-1,resting,0.00,0,0,0,0,0
1779933099729,-3283,7628,-14197,1,7,1,resting,0.00,0,0,0,0,0
1779933099755,-3255,7663,-14203,-3,7,1,resting,0.00,0,0,0,0,0
1779933099755,-3229,7672,-14186,-6,8,1,resting,0.00,0,0,0,0,0
1779933099756,-3238,7739,-14141,-7,9,1,resting,0.00,0,0,0,0,0
1779933099785,-3256,7731,-14226,-7,8,-2,resting,0.00,0,0,0,0,0
1779933099815,-3238,7730,-14273,-5,6,-6,resting,0.00,0,0,0,0,0
1779933099815,-3251,7698,-14210,-4,5,-5,resting,0.00,0,0,0,0,0
1779933099816,-3283,7639,-14233,-4,8,-7,resting,0.00,0,0,0,0,0
1779933099820,-3248,7654,-14193,-5,8,-4,resting,0.00,0,0,0,0,0
1779933099821,-3218,7665,-14193,-6,5,-4,resting,0.00,0,0,0,0,0
1779933099845,-3283,7613,-14185,-8,3,-4,resting,0.00,0,0,0,0,0
1779933099881,-3313,7604,-14261,-10,2,-2,resting,0.00,0,0,0,0,0
1779933099881,-3250,7671,-14298,-10,4,2,resting,0.00,0,0,0,0,0
1779933099882,-3193,7687,-14231,-10,4,2,resting,0.00,0,0,0,0,0
1779933099883,-3245,7643,-14173,-8,3,3,resting,0.00,0,0,0,0,0
1779933099887,-3288,7574,-14161,-6,2,3,resting,0.00,0,0,0,0,0
1779933099906,-3300,7648,-14154,-7,5,4,resting,0.00,0,0,0,0,0
1779933099906,-3273,7743,-14145,-8,7,5,resting,0.00,0,0,0,0,0
1779933099907,-3246,7785,-14156,-6,9,4,resting,0.00,0,0,0,0,0
1779933099936,-3304,7683,-14156,-2,13,-5,resting,0.00,0,0,0,0,0
1779933099969,-3272,7674,-14160,0,14,-7,resting,0.00,0,0,0,0,0
1779933099970,-3261,7640,-14187,-2,15,-6,resting,0.00,0,0,0,0,0
1779933099970,-3242,7629,-14206,-7,15,-6,resting,0.00,0,0,0,0,0
1779933099971,-3279,7651,-14259,-9,15,-2,resting,0.00,0,0,0,0,0
1779933099972,-3272,7650,-14259,-8,15,1,resting,0.00,0,0,0,0,0
1779933099995,-3226,7689,-14226,-5,16,0,resting,0.00,0,0,0,0,0
1779933099996,-3207,7685,-14225,-1,13,0,resting,0.00,0,0,0,0,0
1779933099997,-3230,7640,-14254,-1,11,2,resting,0.00,0,0,0,0,0
1779933100028,-3242,7609,-14205,-3,13,3,resting,0.00,0,0,0,0,0
1779933100028,-3233,7672,-14131,-6,14,5,resting,0.00,0,0,0,0,0
1779933100029,-3237,7687,-14166,-6,13,5,resting,0.00,0,0,0,0,0
1779933100058,-3252,7684,-14199,-4,13,5,resting,0.00,0,0,0,0,0
1779933100059,-3268,7674,-14147,-5,13,3,resting,0.00,0,0,0,0,0
1779933100060,-3254,7696,-14111,-4,14,2,resting,0.00,0,0,0,0,0
1779933100085,-3231,7705,-14192,-5,16,2,resting,0.00,0,0,0,0,0
1779933100086,-3249,7692,-14229,-2,17,2,resting,0.00,0,0,0,0,0
1779933100086,-3306,7669,-14181,-3,16,1,resting,0.00,0,0,0,0,0
1779933100115,-3253,7661,-14238,-2,19,1,resting,0.00,0,0,0,0,0
1779933100119,-3237,7669,-14229,-1,19,2,resting,0.00,0,0,0,0,0
1779933100120,-3237,7655,-14194,-2,19,1,resting,0.00,0,0,0,0,0
1779933100147,-3221,7624,-14257,-6,16,3,resting,0.00,0,0,0,0,0
1779933100148,-3231,7677,-14202,-7,17,4,resting,0.00,0,0,0,0,0
1779933100149,-3210,7723,-14206,-5,18,3,resting,0.00,0,0,0,0,0
1779933100178,-3214,7703,-14164,-2,18,2,resting,0.00,0,0,0,0,0
1779933100178,-3234,7646,-14202,0,16,2,resting,0.00,0,0,0,0,0
1779933100179,-3232,7660,-14182,1,16,1,resting,0.00,0,0,0,0,0
1779933100205,-3181,7682,-14209,1,17,0,resting,0.00,0,0,0,0,0
1779933100206,-3219,7697,-14299,-2,16,3,resting,0.00,0,0,0,0,0
1779933100207,-3192,7770,-14215,-1,16,5,resting,0.00,0,0,0,0,0
1779933100238,-3185,7705,-14157,1,15,-2,resting,0.00,0,0,0,0,0
1779933100244,-3254,7598,-14264,-1,15,-3,resting,0.00,0,0,0,0,0
1779933100245,-3254,7601,-14237,-3,16,1,resting,0.00,0,0,0,0,0
1779933100269,-3186,7717,-14188,-4,18,2,resting,0.00,0,0,0,0,0
1779933100269,-3218,7715,-14217,-6,16,0,resting,0.00,0,0,0,0,0
1779933100270,-3227,7656,-14214,-3,16,-2,resting,0.00,0,0,0,0,0
1779933100295,-3201,7640,-14223,0,17,-4,resting,0.00,0,0,0,0,0
1779933100296,-3177,7688,-14238,0,16,-2,resting,0.00,0,0,0,0,0
1779933100296,-3177,7655,-14220,-1,15,-1,resting,0.00,0,0,0,0,0
1779933100327,-3190,7608,-14213,-4,14,-1,resting,0.00,0,0,0,0,0
1779933100328,-3197,7626,-14232,-7,14,-1,resting,0.00,0,0,0,0,0
1779933100328,-3185,7718,-14231,-7,14,1,resting,0.00,0,0,0,0,0
1779933100355,-3202,7719,-14186,-2,12,1,resting,0.00,0,0,0,0,0
1779933100355,-3226,7653,-14209,2,12,-2,resting,0.00,0,0,0,0,0
1779933100356,-3184,7606,-14226,1,16,-3,resting,0.00,0,0,0,0,0
1779933100385,-3168,7641,-14238,-4,17,0,resting,0.00,0,0,0,0,0
1779933100415,-3210,7687,-14249,-8,14,4,resting,0.00,0,0,0,0,0
1779933100419,-3234,7692,-14257,-8,12,4,resting,0.00,0,0,0,0,0
1779933100419,-3256,7711,-14244,-6,12,1,resting,0.00,0,0,0,0,0
1779933100444,-3184,7670,-14221,-2,11,-2,resting,0.00,0,0,0,0,0
1779933100445,-3208,7625,-14213,2,10,0,resting,0.00,0,0,0,0,0
1779933100445,-3199,7630,-14219,4,11,3,resting,0.00,0,0,0,0,0
1779933100446,-3203,7653,-14218,2,11,5,resting,0.00,0,0,0,0,0
1779933100447,-3229,7634,-14227,-4,10,3,resting,0.00,0,0,0,0,0
1779933100477,-3175,7688,-14229,-6,12,3,resting,0.00,0,0,0,0,0
1779933100510,-3160,7703,-14197,-6,12,4,resting,0.00,0,0,0,0,0
1779933100511,-3184,7761,-14208,-10,11,3,resting,0.00,0,0,0,0,0
1779933100512,-3145,7712,-14203,-9,11,0,resting,0.00,0,0,0,0,0
1779933100512,-3177,7658,-14200,-8,12,-2,resting,0.00,0,0,0,0,0
1779933100513,-3189,7649,-14204,-6,14,-1,resting,0.00,0,0,0,0,0
1779933100539,-3255,7659,-14188,-1,16,2,resting,0.00,0,0,0,0,0
1779933100539,-3244,7640,-14158,1,17,2,resting,0.00,0,0,0,0,0
1779933100540,-3239,7601,-14235,0,19,2,resting,0.00,0,0,0,0,0
1779933100568,-3201,7623,-14232,-3,19,4,resting,0.00,0,0,0,0,0
1779933100569,-3193,7682,-14218,-6,18,4,resting,0.00,0,0,0,0,0
1779933100570,-3171,7678,-14294,-5,19,4,resting,0.00,0,0,0,0,0
1779933100595,-3187,7698,-14257,-3,19,3,resting,0.00,0,0,0,0,0
1779933100596,-3188,7665,-14274,-2,17,3,resting,0.00,0,0,0,0,0
1779933100597,-3167,7655,-14239,-3,18,1,resting,0.00,0,0,0,0,0
1779933100627,-3188,7678,-14220,-4,18,1,resting,0.00,0,0,0,0,0
1779933100627,-3138,7644,-14217,-6,16,0,resting,0.00,0,0,0,0,0
1779933100628,-3153,7669,-14290,-7,18,0,resting,0.00,0,0,0,0,0
1779933100655,-3186,7680,-14266,-9,16,-1,resting,0.00,0,0,0,0,0
1779933100655,-3131,7673,-14289,-7,13,-2,resting,0.00,0,0,0,0,0
1779933100660,-3119,7670,-14305,-2,11,1,resting,0.00,0,0,0,0,0
1779933100685,-3146,7626,-14223,-1,10,1,resting,0.00,0,0,0,0,0
1779933100686,-3177,7620,-14248,-2,9,4,resting,0.00,0,0,0,0,0
1779933100687,-3169,7604,-14242,-1,8,8,resting,0.00,0,0,0,0,0
1779933100724,-3186,7626,-14192,-3,8,9,resting,0.00,0,0,0,0,0
1779933100724,-3181,7693,-14206,-6,10,9,resting,0.00,0,0,0,0,0
1779933100725,-3167,7755,-14237,-7,10,9,resting,0.00,0,0,0,0,0
1779933100745,-3164,7753,-14245,-7,11,6,resting,0.00,0,0,0,0,0
1779933100745,-3187,7762,-14202,-6,12,4,resting,0.00,0,0,0,0,0
1779933100746,-3199,7740,-14202,-4,12,2,resting,0.00,0,0,0,0,0
1779933100776,-3167,7714,-14157,-2,12,-1,resting,0.00,0,0,0,0,0
1779933100777,-3175,7690,-14231,-1,12,-2,resting,0.00,0,0,0,0,0
1779933100778,-3198,7652,-14227,0,11,-3,resting,0.00,0,0,0,0,0
1779933100806,-3150,7653,-14243,0,13,-3,resting,0.00,0,0,0,0,0
1779933100808,-3134,7626,-14267,-2,13,-3,resting,0.00,0,0,0,0,0
1779933100809,-3141,7583,-14258,-4,12,-2,resting,0.00,0,0,0,0,0
1779933100837,-3129,7610,-14229,-4,12,0,resting,0.00,0,0,0,0,0
1779933100838,-3176,7603,-14218,-5,12,1,resting,0.00,0,0,0,0,0
1779933100839,-3177,7657,-14203,-6,11,2,resting,0.00,0,0,0,0,0
1779933100872,-3181,7714,-14216,-7,11,3,resting,0.00,0,0,0,0,0
1779933100873,-3176,7699,-14220,-6,11,2,resting,0.00,0,0,0,0,0
1779933100873,-3182,7682,-14200,-2,10,1,resting,0.00,0,0,0,0,0
1779933100895,-3165,7710,-14206,-3,12,0,resting,0.00,0,0,0,0,0
1779933100896,-3147,7695,-14222,-4,14,1,resting,0.00,0,0,0,0,0
1779933100897,-3107,7657,-14240,-4,15,1,resting,0.00,0,0,0,0,0
1779933100926,-3166,7652,-14225,-6,15,1,resting,0.00,0,0,0,0,0
1779933100928,-3167,7685,-14236,-8,15,0,resting,0.00,0,0,0,0,0
1779933100928,-3175,7682,-14216,-7,16,-1,resting,0.00,0,0,0,0,0
1779933100955,-3180,7637,-14248,-6,15,-1,resting,0.00,0,0,0,0,0
1779933100956,-3171,7645,-14240,-5,14,-1,resting,0.00,0,0,0,0,0
1779933100957,-3209,7665,-14194,-5,14,-1,resting,0.00,0,0,0,0,0
1779933100986,-3177,7685,-14224,-5,13,1,resting,0.00,0,0,0,0,0
1779933100987,-3189,7673,-14253,-5,14,2,resting,0.00,0,0,0,0,0
1779933100987,-3179,7691,-14245,-3,14,0,resting,0.00,0,0,0,0,0
1779933101016,-3167,7632,-14260,-3,14,0,resting,0.00,0,0,0,0,0
1779933101017,-3115,7637,-14260,-4,13,1,resting,0.00,0,0,0,0,0
1779933101020,-3119,7654,-14241,-3,15,1,resting,0.00,0,0,0,0,0
1779933101045,-3145,7677,-14258,-5,13,1,resting,0.00,0,0,0,0,0
1779933101046,-3159,7651,-14191,-2,11,0,resting,0.00,0,0,0,0,0
1779933101047,-3166,7628,-14206,-2,12,0,resting,0.00,0,0,0,0,0
1779933101076,-3148,7641,-14204,-4,12,1,resting,0.00,0,0,0,0,0
1779933101077,-3143,7656,-14233,-7,14,2,resting,0.00,0,0,0,0,0
1779933101078,-3150,7686,-14250,-8,15,2,resting,0.00,0,0,0,0,0
1779933101105,-3138,7680,-14256,-6,15,2,resting,0.00,0,0,0,0,0
1779933101106,-3117,7673,-14204,-5,14,-1,resting,0.00,0,0,0,0,0
1779933101107,-3160,7608,-14231,-7,14,0,resting,0.00,0,0,0,0,0
1779933101138,-3179,7626,-14258,-9,12,2,resting,0.00,0,0,0,0,0
1779933101139,-3167,7681,-14277,-10,12,4,resting,0.00,0,0,0,0,0
1779933101140,-3166,7726,-14300,-9,12,2,resting,0.00,0,0,0,0,0
1779933101167,-3150,7716,-14263,-5,11,0,resting,0.00,0,0,0,0,0
1779933101168,-3123,7632,-14224,-1,10,-1,resting,0.00,0,0,0,0,0
1779933101169,-3164,7635,-14191,1,9,-2,resting,0.00,0,0,0,0,0
1779933101196,-3152,7634,-14231,-2,10,-2,resting,0.00,0,0,0,0,0
1779933101196,-3095,7652,-14275,-7,10,0,resting,0.00,0,0,0,0,0
1779933101197,-3142,7689,-14264,-9,11,4,resting,0.00,0,0,0,0,0
1779933101227,-3155,7700,-14214,-9,7,4,resting,0.00,0,0,0,0,0
1779933101227,-3197,7670,-14196,-5,5,2,resting,0.00,0,0,0,0,0
1779933101228,-3165,7641,-14254,-2,8,-1,resting,0.00,0,0,0,0,0
1779933101259,-3122,7666,-14260,-2,7,2,resting,0.00,0,0,0,0,0
1779933101262,-3122,7697,-14220,-2,8,6,resting,0.00,0,0,0,0,0
1779933101262,-3141,7666,-14143,1,8,2,resting,0.00,0,0,0,0,0
1779933101285,-3173,7644,-14243,-1,9,1,resting,0.00,0,0,0,0,0
1779933101286,-3153,7644,-14293,-4,10,3,resting,0.00,0,0,0,0,0
1779933101287,-3087,7731,-14221,-7,13,3,resting,0.00,0,0,0,0,0
1779933101318,-3041,7790,-14206,-8,11,-2,resting,0.00,0,0,0,0,0
1779933101318,-3134,7628,-14266,-9,8,-5,resting,0.00,0,0,0,0,0
1779933101319,-3210,7614,-14296,-14,10,-3,resting,0.00,0,0,0,0,0
1779933101346,-3173,7776,-14198,-9,12,-2,resting,0.00,0,0,0,0,0
1779933101347,-3075,7738,-14146,-2,12,-3,resting,0.00,0,0,0,0,0
1779933101347,-3182,7568,-14164,2,9,-3,resting,0.00,0,0,0,0,0
1779933101377,-3215,7487,-14272,-3,10,-4,resting,0.00,0,0,0,0,0
1779933101377,-3152,7634,-14290,-4,12,0,resting,0.00,0,0,0,0,0
1779933101378,-3098,7765,-14191,-3,12,4,resting,0.00,0,0,0,0,0
1779933101405,-3108,7755,-14184,-1,12,1,resting,0.00,0,0,0,0,0
1779933101405,-3161,7637,-14219,-2,11,-2,resting,0.00,0,0,0,0,0
1779933101406,-3144,7639,-14226,-6,13,-3,resting,0.00,0,0,0,0,0
1779933101435,-3112,7747,-14228,-7,13,-1,resting,0.00,0,0,0,0,0
1779933101436,-3165,7781,-14187,-7,12,-3,resting,0.00,0,0,0,0,0
1779933101437,-3197,7640,-14196,-7,13,-6,resting,0.00,0,0,0,0,0
1779933101467,-3175,7621,-14242,-3,12,-7,resting,0.00,0,0,0,0,0
1779933101467,-3141,7643,-14250,-1,12,-4,resting,0.00,0,0,0,0,0
1779933101468,-3115,7661,-14246,-2,12,-3,resting,0.00,0,0,0,0,0
1779933101495,-3143,7631,-14214,-2,10,-4,resting,0.00,0,0,0,0,0
1779933101496,-3120,7621,-14258,-5,10,-3,resting,0.00,0,0,0,0,0
1779933101497,-3113,7598,-14263,-7,10,0,resting,0.00,0,0,0,0,0
1779933101529,-3111,7631,-14193,-7,10,1,resting,0.00,0,0,0,0,0
1779933101529,-3191,7687,-14217,-7,10,3,resting,0.00,0,0,0,0,0
1779933101530,-3195,7707,-14205,-5,11,4,resting,0.00,0,0,0,0,0
1779933101559,-3111,7673,-14217,-5,13,-1,resting,0.00,0,0,0,0,0
1779933101559,-3102,7676,-14251,-7,14,-1,resting,0.00,0,0,0,0,0
1779933101560,-3121,7701,-14287,-6,11,-1,resting,0.00,0,0,0,0,0
1779933101585,-3154,7666,-14248,-5,11,-2,resting,0.00,0,0,0,0,0
1779933101586,-3123,7667,-14205,-3,11,-2,resting,0.00,0,0,0,0,0
1779933101587,-3119,7631,-14276,-5,11,-2,resting,0.00,0,0,0,0,0
1779933101617,-3155,7655,-14235,-7,9,-2,resting,0.00,0,0,0,0,0
1779933101619,-3120,7665,-14265,-6,10,-1,resting,0.00,0,0,0,0,0
1779933101619,-3159,7646,-14256,-7,10,-2,resting,0.00,0,0,0,0,0
1779933101645,-3131,7648,-14226,-7,12,-1,resting,0.00,0,0,0,0,0
1779933101646,-3130,7700,-14250,-7,11,0,resting,0.00,0,0,0,0,0
1779933101647,-3094,7664,-14240,-5,9,1,resting,0.00,0,0,0,0,0
1779933101675,-3125,7659,-14224,-5,9,0,resting,0.00,0,0,0,0,0
1779933101676,-3139,7670,-14245,-5,10,0,resting,0.00,0,0,0,0,0
1779933101677,-3139,7652,-14243,-6,10,0,resting,0.00,0,0,0,0,0
1779933101709,-3141,7660,-14219,-6,10,2,resting,0.00,0,0,0,0,0
1779933101709,-3154,7685,-14256,-9,9,3,resting,0.00,0,0,0,0,0
1779933101710,-3173,7662,-14224,-9,9,3,resting,0.00,0,0,0,0,0
1779933101735,-3136,7681,-14269,-9,10,2,resting,0.00,0,0,0,0,0
1779933101735,-3104,7650,-14222,-6,11,4,resting,0.00,0,0,0,0,0
1779933101736,-3119,7696,-14215,-6,11,3,resting,0.00,0,0,0,0,0
1779933101767,-3123,7711,-14244,-7,10,5,resting,0.00,0,0,0,0,0
1779933101768,-3118,7683,-14261,-6,10,4,resting,0.00,0,0,0,0,0
1779933101769,-3123,7681,-14201,-6,11,2,resting,0.00,0,0,0,0,0
1779933101796,-3134,7701,-14231,-6,12,1,resting,0.00,0,0,0,0,0
1779933101796,-3127,7679,-14224,-6,12,1,resting,0.00,0,0,0,0,0
1779933101797,-3134,7684,-14203,-6,12,1,resting,0.00,0,0,0,0,0
1779933101826,-3129,7683,-14257,-6,11,-1,resting,0.00,0,0,0,0,0
1779933101827,-3161,7654,-14235,-6,10,1,resting,0.00,0,0,0,0,0
1779933101828,-3144,7709,-14202,-5,10,2,resting,0.00,0,0,0,0,0
1779933101862,-3114,7682,-14241,-3,10,2,resting,0.00,0,0,0,0,0
1779933101862,-3115,7666,-14211,-4,11,1,resting,0.00,0,0,0,0,0
1779933101863,-3115,7657,-14259,-3,10,2,resting,0.00,0,0,0,0,0
1779933101886,-3112,7660,-14225,-7,11,3,resting,0.00,0,0,0,0,0
1779933101887,-3122,7665,-14210,-8,11,2,resting,0.00,0,0,0,0,0
1779933101888,-3145,7656,-14216,-6,12,2,resting,0.00,0,0,0,0,0
1779933101917,-3153,7654,-14215,-5,11,2,resting,0.00,0,0,0,0,0
1779933101918,-3170,7659,-14211,-6,12,2,resting,0.00,0,0,0,0,0
1779933101919,-3115,7703,-14244,-7,12,0,resting,0.00,0,0,0,0,0
1779933101945,-3098,7679,-14220,-8,11,0,resting,0.00,0,0,0,0,0
1779933101946,-3119,7672,-14246,-7,10,0,resting,0.00,0,0,0,0,0
1779933101947,-3089,7750,-14262,-6,11,0,resting,0.00,0,0,0,0,0
1779933101977,-3114,7698,-14261,-6,9,-2,resting,0.00,0,0,0,0,0
1779933101979,-3121,7678,-14250,-4,8,-2,resting,0.00,0,0,0,0,0
1779933101979,-3117,7680,-14271,-3,8,-1,resting,0.00,0,0,0,0,0
1779933102008,-3148,7646,-14245,-3,7,-2,resting,0.00,0,0,0,0,0
1779933102009,-3135,7685,-14227,-5,8,-1,resting,0.00,0,0,0,0,0
1779933102009,-3166,7674,-14225,-3,7,-1,resting,0.00,0,0,0,0,0
1779933102035,-3114,7682,-14195,-5,8,-2,resting,0.00,0,0,0,0,0
1779933102036,-3104,7714,-14240,-4,8,-1,resting,0.00,0,0,0,0,0
1779933102037,-3102,7696,-14276,-5,7,-1,resting,0.00,0,0,0,0,0
1779933102065,-3136,7710,-14268,-4,7,-3,resting,0.00,0,0,0,0,0
1779933102066,-3139,7704,-14221,-2,6,-5,resting,0.00,0,0,0,0,0
1779933102067,-3151,7662,-14266,1,6,-7,resting,0.00,0,0,0,0,0
1779933102096,-3128,7675,-14271,-1,4,-7,resting,0.00,0,0,0,0,0
1779933102096,-3121,7634,-14244,-1,5,-7,resting,0.00,0,0,0,0,0
1779933102097,-3088,7600,-14226,0,5,-6,resting,0.00,0,0,0,0,0
1779933102128,-3120,7611,-14269,-3,5,-2,resting,0.00,0,0,0,0,0
1779933102129,-3159,7656,-14258,-7,3,1,resting,0.00,0,0,0,0,0
1779933102130,-3144,7723,-14244,-7,3,0,resting,0.00,0,0,0,0,0
1779933102158,-3159,7685,-14266,-5,1,-2,resting,0.00,0,0,0,0,0
1779933102159,-3149,7652,-14242,1,0,-3,resting,0.00,0,0,0,0,0
1779933102160,-3162,7672,-14231,2,1,-1,resting,0.00,0,0,0,0,0
1779933102187,-3169,7684,-14176,-2,2,0,resting,0.00,0,0,0,0,0
1779933102187,-3152,7705,-14256,-4,3,-1,resting,0.00,0,0,0,0,0
1779933102188,-3094,7730,-14276,-8,3,-1,resting,0.00,0,0,0,0,0
1779933102216,-3065,7747,-14277,-10,3,-4,resting,0.00,0,0,0,0,0
1779933102217,-3091,7739,-14269,-9,1,-9,resting,0.00,0,0,0,0,0
1779933102218,-3129,7682,-14238,-8,0,-11,resting,0.00,0,0,0,0,0
1779933102250,-3166,7648,-14232,-4,1,-11,resting,0.00,0,0,0,0,0
1779933102251,-3185,7613,-14243,0,1,-9,resting,0.00,0,0,0,0,0
1779933102252,-3201,7579,-14212,3,0,-5,resting,0.00,0,0,0,0,0
1779933102276,-3224,7627,-14229,2,0,-3,resting,0.00,0,0,0,0,0
1779933102276,-3180,7651,-14214,0,1,-1,resting,0.00,0,0,0,0,0
1779933102277,-3137,7633,-14196,-2,1,-2,resting,0.00,0,0,0,0,0
1779933102308,-3136,7679,-14233,-2,3,0,resting,0.00,0,0,0,0,0
1779933102309,-3152,7717,-14190,-2,3,-1,resting,0.00,0,0,0,0,0
1779933102309,-3177,7713,-14204,-4,2,0,resting,0.00,0,0,0,0,0
1779933102335,-3190,7731,-14225,-3,3,-4,resting,0.00,0,0,0,0,0
1779933102336,-3157,7682,-14222,-2,4,-4,resting,0.00,0,0,0,0,0
1779933102336,-3157,7643,-14217,-4,5,-5,resting,0.00,0,0,0,0,0
1779933102366,-3166,7656,-14208,-7,5,-7,resting,0.00,0,0,0,0,0
1779933102367,-3165,7645,-14201,-7,2,-5,resting,0.00,0,0,0,0,0
1779933102368,-3210,7657,-14214,-7,2,-3,resting,0.00,0,0,0,0,0
1779933102395,-3179,7700,-14262,-6,2,-3,resting,0.00,0,0,0,0,0
1779933102395,-3158,7668,-14231,-4,1,-4,resting,0.00,0,0,0,0,0
1779933102396,-3134,7622,-14229,-2,2,-5,resting,0.00,0,0,0,0,0
1779933102427,-3134,7610,-14239,-3,1,-2,resting,0.00,0,0,0,0,0
1779933102428,-3190,7612,-14211,-4,-1,0,resting,0.00,0,0,0,0,0
1779933102429,-3218,7646,-14188,-5,1,1,resting,0.00,0,0,0,0,0
1779933102463,-3207,7689,-14198,-7,1,1,resting,0.00,0,0,0,0,0
1779933102463,-3168,7703,-14231,-7,3,1,resting,0.00,0,0,0,0,0
1779933102464,-3166,7691,-14242,-7,3,-1,resting,0.00,0,0,0,0,0
1779933102485,-3198,7725,-14204,-6,3,-3,resting,0.00,0,0,0,0,0
1779933102485,-3202,7673,-14203,-6,3,-4,resting,0.00,0,0,0,0,0
1779933102486,-3178,7623,-14243,-7,2,-4,resting,0.00,0,0,0,0,0
1779933102520,-3156,7658,-14222,-5,2,-5,resting,0.00,0,0,0,0,0
1779933102520,-3201,7657,-14215,-6,3,-4,resting,0.00,0,0,0,0,0
1779933102521,-3203,7647,-14255,-7,3,-3,resting,0.00,0,0,0,0,0
1779933102545,-3179,7639,-14232,-8,1,-3,resting,0.00,0,0,0,0,0
1779933102549,-3182,7634,-14222,-9,3,-1,resting,0.00,0,0,0,0,0
1779933102550,-3195,7633,-14216,-10,2,-1,resting,0.00,0,0,0,0,0
1779933102577,-3208,7646,-14227,-9,1,0,resting,0.00,0,0,0,0,0
1779933102578,-3188,7662,-14239,-8,0,0,resting,0.00,0,0,0,0,0
1779933102578,-3180,7671,-14215,-6,1,-1,resting,0.00,0,0,0,0,0
1779933102608,-3167,7667,-14233,-5,2,0,resting,0.00,0,0,0,0,0
1779933102609,-3200,7676,-14232,-4,0,0,resting,0.00,0,0,0,0,0
1779933102609,-3255,7672,-14232,-7,-1,-1,resting,0.00,0,0,0,0,0
1779933102636,-3204,7683,-14178,-7,1,1,resting,0.00,0,0,0,0,0
1779933102637,-3187,7677,-14170,-8,3,0,resting,0.00,0,0,0,0,0
1779933102638,-3222,7667,-14186,-7,3,-1,resting,0.00,0,0,0,0,0
1779933102667,-3221,7657,-14229,-7,3,0,resting,0.00,0,0,0,0,0
1779933102668,-3233,7673,-14203,-7,3,0,resting,0.00,0,0,0,0,0
1779933102669,-3208,7673,-14235,-4,3,-2,resting,0.00,0,0,0,0,0
1779933102695,-3192,7690,-14225,-7,3,-2,resting,0.00,0,0,0,0,0
1779933102699,-3191,7664,-14177,-7,4,-3,resting,0.00,0,0,0,0,0
1779933102700,-3208,7706,-14228,-5,3,-2,resting,0.00,0,0,0,0,0
1779933102725,-3180,7706,-14197,-6,3,-2,resting,0.00,0,0,0,0,0
1779933102726,-3212,7677,-14192,-3,4,-3,resting,0.00,0,0,0,0,0
1779933102727,-3238,7689,-14220,-3,4,-2,resting,0.00,0,0,0,0,0
1779933102757,-3231,7688,-14193,-6,4,-2,resting,0.00,0,0,0,0,0
1779933102758,-3214,7649,-14214,-6,5,-2,resting,0.00,0,0,0,0,0
1779933102759,-3226,7698,-14215,-5,4,-3,resting,0.00,0,0,0,0,0
1779933102786,-3206,7696,-14220,-5,4,-3,resting,0.00,0,0,0,0,0
1779933102786,-3224,7676,-14203,-4,3,-4,resting,0.00,0,0,0,0,0
1779933102787,-3216,7676,-14222,-8,4,-3,resting,0.00,0,0,0,0,0
1779933102817,-3187,7680,-14239,-8,5,-3,resting,0.00,0,0,0,0,0
1779933102817,-3211,7717,-14220,-7,4,-3,resting,0.00,0,0,0,0,0
1779933102818,-3255,7700,-14202,-6,2,-4,resting,0.00,0,0,0,0,0
1779933102845,-3249,7689,-14199,-6,4,-4,resting,0.00,0,0,0,0,0
1779933102852,-3226,7666,-14261,-4,4,-4,resting,0.00,0,0,0,0,0
1779933102853,-3203,7670,-14222,-2,5,-4,resting,0.00,0,0,0,0,0
1779933102877,-3196,7672,-14239,-2,4,-5,resting,0.00,0,0,0,0,0
1779933102882,-3217,7664,-14241,-2,3,-5,resting,0.00,0,0,0,0,0
1779933102883,-3235,7680,-14162,0,2,-4,resting,0.00,0,0,0,0,0
1779933102907,-3212,7680,-14196,0,3,-5,resting,0.00,0,0,0,0,0
1779933102908,-3221,7669,-14222,0,4,-5,resting,0.00,0,0,0,0,0
1779933102909,-3239,7662,-14176,0,5,-4,resting,0.00,0,0,0,0,0
1779933102936,-3261,7640,-14200,0,6,-5,resting,0.00,0,0,0,0,0
1779933102937,-3242,7653,-14192,1,5,-4,resting,0.00,0,0,0,0,0
1779933102937,-3259,7662,-14229,-2,5,-4,resting,0.00,0,0,0,0,0
1779933102965,-3234,7653,-14228,-4,6,-3,resting,0.00,0,0,0,0,0
1779933102966,-3237,7676,-14182,-5,5,-3,resting,0.00,0,0,0,0,0
1779933102967,-3252,7691,-14219,-6,5,-3,resting,0.00,0,0,0,0,0
1779933102998,-3240,7693,-14269,-7,5,-4,resting,0.00,0,0,0,0,0
1779933102999,-3281,7650,-14261,-8,4,-2,resting,0.00,0,0,0,0,0
1779933102999,-3218,7668,-14226,-4,5,-3,resting,0.00,0,0,0,0,0
1779933103025,-3235,7696,-14212,-5,5,-4,resting,0.00,0,0,0,0,0
1779933103026,-3239,7642,-14222,-3,4,-5,resting,0.00,0,0,0,0,0
1779933103027,-3227,7597,-14210,-2,5,-4,resting,0.00,0,0,0,0,0
1779933103057,-3223,7612,-14237,-2,6,-2,resting,0.00,0,0,0,0,0
1779933103058,-3250,7659,-14199,-7,6,1,resting,0.00,0,0,0,0,0
1779933103059,-3290,7657,-14237,-8,5,0,resting,0.00,0,0,0,0,0
1779933103085,-3274,7700,-14219,-9,6,0,resting,0.00,0,0,0,0,0
1779933103086,-3241,7716,-14220,-8,6,-3,resting,0.00,0,0,0,0,0
1779933103086,-3267,7675,-14231,-4,4,-3,resting,0.00,0,0,0,0,0
1779933103119,-3230,7667,-14172,-2,6,-2,resting,0.00,0,0,0,0,0
1779933103119,-3238,7652,-14226,1,7,-2,resting,0.00,0,0,0,0,0
1779933103120,-3270,7641,-14205,-3,6,-1,resting,0.00,0,0,0,0,0
1779933103148,-3275,7682,-14190,-3,6,-2,resting,0.00,0,0,0,0,0
1779933103149,-3222,7682,-14214,-4,5,-3,resting,0.00,0,0,0,0,0
1779933103150,-3220,7682,-14235,-6,7,-3,resting,0.00,0,0,0,0,0
1779933103175,-3216,7651,-14203,-7,7,-5,resting,0.00,0,0,0,0,0
1779933103177,-3205,7630,-14167,-7,6,-2,resting,0.00,0,0,0,0,0
1779933103177,-3254,7635,-14168,-7,6,-1,resting,0.00,0,0,0,0,0
1779933103207,-3338,7631,-14198,-4,8,0,resting,0.00,0,0,0,0,0
1779933103208,-3295,7680,-14208,0,8,1,resting,0.00,0,0,0,0,0
1779933103209,-3274,7661,-14214,1,9,2,resting,0.00,0,0,0,0,0
1779933103235,-3298,7621,-14180,0,12,0,resting,0.00,0,0,0,0,0
1779933103236,-3236,7672,-14188,-3,13,1,resting,0.00,0,0,0,0,0
1779933103237,-3245,7689,-14155,-4,15,1,resting,0.00,0,0,0,0,0
1779933103265,-3285,7692,-14161,-8,17,1,resting,0.00,0,0,0,0,0
1779933103266,-3261,7715,-14195,-10,17,1,resting,0.00,0,0,0,0,0
1779933103267,-3241,7689,-14191,-7,16,-3,resting,0.00,0,0,0,0,0
1779933103298,-3183,7619,-14238,-1,18,-4,resting,0.00,0,0,0,0,0
1779933103299,-3198,7600,-14224,-1,14,-2,resting,0.00,0,0,0,0,0
1779933103300,-3256,7616,-14282,-7,13,2,resting,0.00,0,0,0,0,0
1779933103325,-3246,7616,-14234,-5,14,1,resting,0.00,0,0,0,0,0
1779933103326,-3199,7625,-14237,-3,11,1,resting,0.00,0,0,0,0,0
1779933103326,-3207,7624,-14258,-1,12,2,resting,0.00,0,0,0,0,0
1779933103357,-3256,7643,-14238,-1,12,6,resting,0.00,0,0,0,0,0
1779933103357,-3236,7645,-14156,-1,11,8,resting,0.00,0,0,0,0,0
1779933103359,-3268,7682,-14168,-1,13,7,resting,0.00,0,0,0,0,0
1779933103388,-3282,7680,-14160,-2,15,6,resting,0.00,0,0,0,0,0
1779933103388,-3247,7732,-14188,-5,16,6,resting,0.00,0,0,0,0,0
1779933103389,-3240,7730,-14179,-5,17,4,resting,0.00,0,0,0,0,0
1779933103415,-3222,7722,-14217,-3,19,0,resting,0.00,0,0,0,0,0
1779933103416,-3212,7707,-14181,-5,19,-4,resting,0.00,0,0,0,0,0
1779933103416,-3204,7640,-14213,-5,19,-2,resting,0.00,0,0,0,0,0
1779933103448,-3217,7662,-14253,-4,20,-2,resting,0.00,0,0,0,0,0
1779933103448,-3249,7644,-14229,-4,19,-3,resting,0.00,0,0,0,0,0
1779933103449,-3211,7644,-14231,-4,18,0,resting,0.00,0,0,0,0,0
1779933103477,-3203,7649,-14260,-4,18,2,resting,0.00,0,0,0,0,0
1779933103477,-3222,7644,-14239,-4,16,3,resting,0.00,0,0,0,0,0
1779933103482,-3216,7637,-14195,-3,14,5,resting,0.00,0,0,0,0,0
1779933103509,-3218,7673,-14246,-1,15,4,resting,0.00,0,0,0,0,0
1779933103510,-3222,7698,-14259,-3,14,3,resting,0.00,0,0,0,0,0
1779933103510,-3207,7665,-14240,-3,13,4,resting,0.00,0,0,0,0,0
1779933103535,-3220,7656,-14201,-1,13,3,resting,0.00,0,0,0,0,0
1779933103536,-3227,7678,-14172,0,13,3,resting,0.00,0,0,0,0,0
1779933103540,-3215,7665,-14203,-3,14,3,resting,0.00,0,0,0,0,0
1779933103566,-3219,7653,-14186,-4,15,2,resting,0.00,0,0,0,0,0
1779933103567,-3190,7667,-14221,-6,14,3,resting,0.00,0,0,0,0,0
1779933103568,-3209,7708,-14233,-6,15,3,resting,0.00,0,0,0,0,0
1779933103598,-3234,7677,-14191,-4,15,2,resting,0.00,0,0,0,0,0
1779933103626,-3202,7678,-14197,-2,16,1,resting,0.00,0,0,0,0,0
1779933103626,-3208,7651,-14182,-1,16,3,resting,0.00,0,0,0,0,0
1779933103628,-3203,7655,-14200,-2,14,4,resting,0.00,0,0,0,0,0
1779933103631,-3186,7704,-14226,-3,15,3,resting,0.00,0,0,0,0,0
1779933103632,-3197,7682,-14230,-4,16,1,resting,0.00,0,0,0,0,0
1779933103661,-3228,7649,-14205,-4,16,-1,resting,0.00,0,0,0,0,0
1779933103662,-3194,7662,-14209,-3,17,2,resting,0.00,0,0,0,0,0
1779933103663,-3178,7663,-14250,-4,16,2,resting,0.00,0,0,0,0,0
1779933103685,-3203,7641,-14191,-3,16,2,resting,0.00,0,0,0,0,0
1779933103685,-3212,7665,-14183,-4,16,2,resting,0.00,0,0,0,0,0
1779933103689,-3218,7652,-14250,-3,14,2,resting,0.00,0,0,0,0,0
1779933103715,-3211,7668,-14233,-3,14,1,resting,0.00,0,0,0,0,0
1779933103717,-3173,7661,-14202,-3,14,2,resting,0.00,0,0,0,0,0
1779933103717,-3193,7647,-14211,0,15,1,resting,0.00,0,0,0,0,0
1779933103748,-3201,7636,-14219,-2,17,1,resting,0.00,0,0,0,0,0
1779933103748,-3191,7660,-14203,-6,17,2,resting,0.00,0,0,0,0,0
1779933103749,-3175,7657,-14206,-5,15,2,resting,0.00,0,0,0,0,0
1779933103777,-3183,7689,-14187,-3,16,2,resting,0.00,0,0,0,0,0
1779933103807,-3201,7719,-14232,-1,17,1,resting,0.00,0,0,0,0,0
1779933103807,-3208,7671,-14257,-4,17,1,resting,0.00,0,0,0,0,0
1779933103808,-3155,7660,-14252,-5,17,2,resting,0.00,0,0,0,0,0
1779933103809,-3159,7667,-14206,-3,17,0,resting,0.00,0,0,0,0,0
1779933103810,-3197,7637,-14217,-3,15,-1,resting,0.00,0,0,0,0,0
1779933103835,-3202,7619,-14255,-4,13,-1,resting,0.00,0,0,0,0,0
1779933103836,-3173,7607,-14237,-4,14,-1,resting,0.00,0,0,0,0,0
1779933103837,-3179,7587,-14278,-4,14,1,resting,0.00,0,0,0,0,0
1779933103865,-3174,7625,-14259,-5,14,2,resting,0.00,0,0,0,0,0
1779933103866,-3167,7643,-14218,-6,12,4,resting,0.00,0,0,0,0,0
1779933103867,-3199,7724,-14216,-8,11,6,resting,0.00,0,0,0,0,0
1779933103898,-3196,7713,-14231,-6,9,4,resting,0.00,0,0,0,0,0
1779933103898,-3211,7663,-14262,-2,9,3,resting,0.00,0,0,0,0,0
1779933103899,-3131,7645,-14245,0,9,3,resting,0.00,0,0,0,0,0
1779933103925,-3139,7622,-14214,2,9,3,resting,0.00,0,0,0,0,0
1779933103926,-3187,7631,-14215,-2,11,4,resting,0.00,0,0,0,0,0
1779933103926,-3213,7665,-14190,-4,12,6,resting,0.00,0,0,0,0,0
1779933103957,-3199,7679,-14209,-5,13,7,resting,0.00,0,0,0,0,0
1779933103959,-3176,7694,-14167,-5,15,3,resting,0.00,0,0,0,0,0
1779933103960,-3140,7733,-14249,-7,16,3,resting,0.00,0,0,0,0,0
1779933103985,-3158,7691,-14259,-7,16,0,resting,0.00,0,0,0,0,0
1779933103989,-3179,7688,-14210,-6,16,-3,resting,0.00,0,0,0,0,0
1779933103989,-3179,7643,-14217,-6,17,-2,resting,0.00,0,0,0,0,0
1779933104016,-3159,7624,-14219,-5,17,-1,resting,0.00,0,0,0,0,0
1779933104017,-3186,7618,-14195,-5,16,1,resting,0.00,0,0,0,0,0
1779933104018,-3198,7620,-14229,-2,17,1,resting,0.00,0,0,0,0,0
1779933104046,-3196,7649,-14230,-4,18,2,resting,0.00,0,0,0,0,0
1779933104047,-3184,7635,-14242,-2,16,3,resting,0.00,0,0,0,0,0
1779933104049,-3167,7643,-14238,-1,16,3,resting,0.00,0,0,0,0,0
1779933104075,-3178,7665,-14234,0,17,2,resting,0.00,0,0,0,0,0
1779933104076,-3179,7659,-14263,-1,16,0,resting,0.00,0,0,0,0,0
1779933104077,-3195,7682,-14264,-3,16,0,resting,0.00,0,0,0,0,0
1779933104109,-3158,7650,-14206,-4,16,-2,resting,0.00,0,0,0,0,0
1779933104109,-3168,7648,-14221,-5,15,-2,resting,0.00,0,0,0,0,0
1779933104110,-3147,7654,-14168,-7,15,-2,resting,0.00,0,0,0,0,0
1779933104139,-3174,7671,-14220,-8,14,0,resting,0.00,0,0,0,0,0
1779933104141,-3154,7696,-14262,-6,12,-2,resting,0.00,0,0,0,0,0
1779933104142,-3133,7671,-14281,-5,13,-2,resting,0.00,0,0,0,0,0
1779933104167,-3115,7605,-14251,-3,13,-2,resting,0.00,0,0,0,0,0
1779933104197,-3168,7554,-14247,-3,11,0,resting,0.00,0,0,0,0,0
1779933104198,-3189,7582,-14251,-4,12,3,resting,0.00,0,0,0,0,0
1779933104199,-3170,7612,-14205,-6,12,6,resting,0.00,0,0,0,0,0
1779933104200,-3142,7658,-14220,-5,13,6,resting,0.00,0,0,0,0,0
1779933104201,-3112,7687,-14239,-5,15,6,resting,0.00,0,0,0,0,0
1779933104225,-3145,7732,-14186,-6,15,5,resting,0.00,0,0,0,0,0
1779933104225,-3119,7729,-14235,-6,15,2,resting,0.00,0,0,0,0,0
1779933104226,-3137,7700,-14190,-8,14,1,resting,0.00,0,0,0,0,0
1779933104257,-3156,7706,-14213,-7,14,0,resting,0.00,0,0,0,0,0
1779933104257,-3155,7675,-14252,-6,13,1,resting,0.00,0,0,0,0,0
1779933104258,-3156,7650,-14229,-5,14,0,resting,0.00,0,0,0,0,0
1779933104288,-3171,7644,-14243,-5,14,0,resting,0.00,0,0,0,0,0
1779933104289,-3137,7618,-14248,-4,13,0,resting,0.00,0,0,0,0,0
1779933104289,-3107,7603,-14245,-5,13,2,resting,0.00,0,0,0,0,0
1779933104315,-3144,7680,-14205,-7,11,4,resting,0.00,0,0,0,0,0
1779933104316,-3142,7707,-14253,-6,11,4,resting,0.00,0,0,0,0,0
1779933104317,-3136,7657,-14209,-5,11,4,resting,0.00,0,0,0,0,0
1779933104347,-3139,7655,-14226,-2,10,1,resting,0.00,0,0,0,0,0
1779933104348,-3143,7653,-14213,-1,10,1,resting,0.00,0,0,0,0,0
1779933104348,-3141,7619,-14242,-1,10,2,resting,0.00,0,0,0,0,0
1779933104383,-3162,7656,-14213,-4,10,2,resting,0.00,0,0,0,0,0
1779933104383,-3155,7662,-14228,-7,10,2,resting,0.00,0,0,0,0,0
1779933104384,-3157,7660,-14235,-9,11,4,resting,0.00,0,0,0,0,0
1779933104405,-3129,7674,-14262,-6,12,3,resting,0.00,0,0,0,0,0
1779933104407,-3145,7713,-14220,-3,11,0,resting,0.00,0,0,0,0,0
1779933104407,-3158,7645,-14224,-2,12,3,resting,0.00,0,0,0,0,0
1779933104438,-3145,7666,-14211,-5,13,1,resting,0.00,0,0,0,0,0
1779933104439,-3155,7688,-14257,-6,13,0,resting,0.00,0,0,0,0,0
1779933104439,-3139,7687,-14232,-5,13,1,resting,0.00,0,0,0,0,0
1779933104467,-3114,7673,-14236,-4,15,0,resting,0.00,0,0,0,0,0
1779933104467,-3121,7673,-14234,-5,15,1,resting,0.00,0,0,0,0,0
1779933104468,-3135,7671,-14276,-5,14,1,resting,0.00,0,0,0,0,0
1779933104500,-3143,7680,-14251,-4,13,-1,resting,0.00,0,0,0,0,0
1779933104500,-3165,7672,-14256,-5,13,-1,resting,0.00,0,0,0,0,0
1779933104501,-3141,7664,-14225,-4,11,0,resting,0.00,0,0,0,0,0
1779933104525,-3137,7665,-14251,-3,11,0,resting,0.00,0,0,0,0,0
1779933104525,-3149,7653,-14241,-6,10,-2,resting,0.00,0,0,0,0,0
1779933104526,-3158,7671,-14203,-4,10,-1,resting,0.00,0,0,0,0,0
1779933104555,-3132,7684,-14229,-5,11,-1,resting,0.00,0,0,0,0,0
1779933104556,-3147,7666,-14206,-4,11,-1,resting,0.00,0,0,0,0,0
1779933104557,-3127,7649,-14194,-3,9,-1,resting,0.00,0,0,0,0,0
1779933104588,-3124,7679,-14201,-2,10,-1,resting,0.00,0,0,0,0,0
1779933104589,-3145,7661,-14205,-3,12,0,resting,0.00,0,0,0,0,0
1779933104590,-3147,7684,-14241,-4,13,-1,resting,0.00,0,0,0,0,0
1779933104615,-3128,7667,-14259,-5,12,-2,resting,0.00,0,0,0,0,0
1779933104616,-3107,7660,-14233,-8,12,0,resting,0.00,0,0,0,0,0
1779933104617,-3119,7637,-14212,-7,13,-2,resting,0.00,0,0,0,0,0
1779933104646,-3150,7645,-14220,-7,13,-1,resting,0.00,0,0,0,0,0
1779933104647,-3169,7674,-14214,-6,13,-1,resting,0.00,0,0,0,0,0
1779933104647,-3146,7641,-14222,-5,14,0,resting,0.00,0,0,0,0,0
1779933104675,-3085,7650,-14240,-5,14,2,resting,0.00,0,0,0,0,0
1779933104680,-3134,7648,-14271,-8,13,2,resting,0.00,0,0,0,0,0
1779933104680,-3144,7687,-14302,-7,11,0,resting,0.00,0,0,0,0,0
1779933104705,-3137,7703,-14253,-6,10,0,resting,0.00,0,0,0,0,0
1779933104706,-3093,7684,-14304,-4,9,-1,resting,0.00,0,0,0,0,0
1779933104707,-3130,7690,-14295,-4,8,-1,resting,0.00,0,0,0,0,0
1779933104736,-3165,7687,-14277,-4,6,-3,resting,0.00,0,0,0,0,0
1779933104737,-3146,7614,-14205,-1,7,-4,resting,0.00,0,0,0,0,0
1779933104738,-3102,7597,-14191,-1,8,-5,resting,0.00,0,0,0,0,0
1779933104766,-3095,7607,-14227,-5,9,-2,resting,0.00,0,0,0,0,0
1779933104770,-3119,7634,-14248,-8,9,1,resting,0.00,0,0,0,0,0
1779933104770,-3191,7639,-14279,-9,7,3,resting,0.00,0,0,0,0,0
1779933104797,-3201,7654,-14273,-7,6,0,resting,0.00,0,0,0,0,0
1779933104797,-3142,7652,-14223,-5,7,0,resting,0.00,0,0,0,0,0
1779933104798,-3131,7655,-14211,-3,8,3,resting,0.00,0,0,0,0,0
1779933104826,-3150,7631,-14172,-1,8,4,resting,0.00,0,0,0,0,0
1779933104833,-3131,7633,-14198,-2,10,4,resting,0.00,0,0,0,0,0
1779933104834,-3118,7669,-14230,-6,11,4,resting,0.00,0,0,0,0,0
1779933104857,-3133,7688,-14207,-8,13,2,resting,0.00,0,0,0,0,0
1779933104858,-3125,7718,-14228,-10,14,0,resting,0.00,0,0,0,0,0
1779933104858,-3096,7688,-14280,-11,13,-2,resting,0.00,0,0,0,0,0
1779933104884,-3070,7673,-14250,-12,13,-4,resting,0.00,0,0,0,0,0
1779933104888,-3096,7669,-14254,-10,13,-4,resting,0.00,0,0,0,0,0
1779933104889,-3130,7621,-14262,-5,12,-4,resting,0.00,0,0,0,0,0
1779933104915,-3162,7610,-14254,0,13,-1,resting,0.00,0,0,0,0,0
1779933104946,-3168,7613,-14220,1,12,1,resting,0.00,0,0,0,0,0
1779933104947,-3150,7625,-14264,0,12,2,resting,0.00,0,0,0,0,0
1779933104948,-3148,7658,-14232,-1,14,4,resting,0.00,0,0,0,0,0
1779933104949,-3098,7671,-14243,-3,15,6,resting,0.00,0,0,0,0,0
1779933104949,-3078,7679,-14252,-5,14,3,resting,0.00,0,0,0,0,0
1779933104975,-3073,7696,-14234,-6,13,3,resting,0.00,0,0,0,0,0
1779933104979,-3116,7748,-14230,-7,13,1,resting,0.00,0,0,0,0,0
1779933104980,-3084,7717,-14266,-5,12,-1,resting,0.00,0,0,0,0,0
1779933105005,-3103,7626,-14269,-4,10,-3,resting,0.00,0,0,0,0,0
1779933105006,-3112,7609,-14257,-4,10,-3,resting,0.00,0,0,0,0,0
1779933105007,-3087,7631,-14218,-3,10,-2,resting,0.00,0,0,0,0,0
1779933105037,-3148,7640,-14260,-4,10,0,resting,0.00,0,0,0,0,0
1779933105038,-3170,7673,-14284,-5,10,0,resting,0.00,0,0,0,0,0
1779933105039,-3091,7616,-14237,-5,9,0,resting,0.00,0,0,0,0,0
1779933105065,-3114,7662,-14233,-3,8,0,resting,0.00,0,0,0,0,0
1779933105065,-3106,7648,-14203,-3,8,0,resting,0.00,0,0,0,0,0
1779933105066,-3146,7622,-14197,-4,7,4,resting,0.00,0,0,0,0,0
1779933105095,-3159,7675,-14207,-5,9,3,resting,0.00,0,0,0,0,0
1779933105095,-3139,7690,-14179,-3,12,3,resting,0.00,0,0,0,0,0
1779933105096,-3107,7694,-14243,-2,13,2,resting,0.00,0,0,0,0,0
1779933105124,-3137,7702,-14208,-5,15,1,resting,0.00,0,0,0,0,0
1779933105125,-3127,7705,-14233,-7,14,1,resting,0.00,0,0,0,0,0
1779933105129,-3111,7696,-14258,-8,13,0,resting,0.00,0,0,0,0,0
1779933105154,-3103,7694,-14241,-10,12,-2,resting,0.00,0,0,0,0,0
1779933105155,-3095,7701,-14292,-9,14,-2,resting,0.00,0,0,0,0,0
1779933105155,-3089,7632,-14278,-4,11,-3,resting,0.00,0,0,0,0,0
1779933105187,-3157,7632,-14266,-3,9,-2,resting,0.00,0,0,0,0,0
1779933105188,-3140,7597,-14276,-5,8,-2,resting,0.00,0,0,0,0,0
1779933105188,-3107,7657,-14300,-5,7,-2,resting,0.00,0,0,0,0,0
1779933105217,-3126,7651,-14277,-4,7,0,resting,0.00,0,0,0,0,0
1779933105224,-3099,7680,-14250,-5,7,1,resting,0.00,0,0,0,0,0
1779933105225,-3133,7706,-14227,-5,8,1,resting,0.00,0,0,0,0,0
1779933105245,-3116,7667,-14216,-5,6,-1,resting,0.00,0,0,0,0,0
1779933105246,-3120,7673,-14209,-5,7,0,resting,0.00,0,0,0,0,0
1779933105247,-3114,7689,-14237,-6,7,0,resting,0.00,0,0,0,0,0
1779933105275,-3108,7685,-14228,-7,7,0,resting,0.00,0,0,0,0,0
1779933105279,-3142,7695,-14200,-7,7,0,resting,0.00,0,0,0,0,0
1779933105280,-3132,7633,-14240,-6,8,-1,resting,0.00,0,0,0,0,0
1779933105307,-3155,7653,-14181,-5,8,-2,resting,0.00,0,0,0,0,0
1779933105308,-3135,7665,-14220,-5,8,0,resting,0.00,0,0,0,0,0
1779933105308,-3103,7661,-14267,-6,10,0,resting,0.00,0,0,0,0,0
1779933105337,-3150,7679,-14250,-5,7,1,resting,0.00,0,0,0,0,0
1779933105338,-3127,7690,-14244,-4,8,0,resting,0.00,0,0,0,0,0
1779933105339,-3099,7706,-14215,-7,8,-1,resting,0.00,0,0,0,0,0
1779933105367,-3120,7695,-14283,-4,7,0,resting,0.00,0,0,0,0,0
1779933105367,-3105,7654,-14266,-3,5,0,resting,0.00,0,0,0,0,0
1779933105367,-3154,7681,-14239,-5,5,-1,resting,0.00,0,0,0,0,0
1779933105396,-3135,7693,-14264,-5,5,-1,resting,0.00,0,0,0,0,0
1779933105399,-3120,7687,-14261,-3,5,-1,resting,0.00,0,0,0,0,0
1779933105399,-3096,7664,-14252,-2,5,-2,resting,0.00,0,0,0,0,0
1779933105425,-3081,7673,-14268,-2,5,-3,resting,0.00,0,0,0,0,0
1779933105429,-3130,7663,-14238,-3,2,-3,resting,0.00,0,0,0,0,0
1779933105430,-3140,7681,-14245,-3,2,-2,resting,0.00,0,0,0,0,0
1779933105456,-3122,7632,-14234,-3,2,-3,resting,0.00,0,0,0,0,0
1779933105457,-3139,7632,-14251,-2,3,-3,resting,0.00,0,0,0,0,0
1779933105457,-3127,7687,-14227,-3,3,-4,resting,0.00,0,0,0,0,0
1779933105490,-3156,7712,-14183,-3,2,-4,resting,0.00,0,0,0,0,0
1779933105491,-3120,7692,-14232,-3,1,-5,resting,0.00,0,0,0,0,0
1779933105491,-3108,7654,-14256,-4,2,-4,resting,0.00,0,0,0,0,0
1779933105515,-3143,7619,-14250,-4,2,-5,resting,0.00,0,0,0,0,0
1779933105516,-3108,7647,-14238,-4,1,-6,resting,0.00,0,0,0,0,0
1779933105517,-3120,7672,-14237,-4,2,-5,resting,0.00,0,0,0,0,0
1779933105546,-3108,7625,-14243,-7,0,-6,resting,0.00,0,0,0,0,0
1779933105546,-3104,7666,-14265,-5,0,-4,resting,0.00,0,0,0,0,0
1779933105547,-3132,7679,-14261,-5,-1,-3,resting,0.00,0,0,0,0,0
1779933105578,-3147,7675,-14253,-6,0,-4,resting,0.00,0,0,0,0,0
1779933105579,-3158,7680,-14267,-3,-1,-6,resting,0.00,0,0,0,0,0
1779933105580,-3133,7655,-14253,-2,-1,-6,resting,0.00,0,0,0,0,0
1779933105605,-3149,7653,-14241,-3,0,-6,resting,0.00,0,0,0,0,0
1779933105606,-3154,7631,-14237,-6,0,-4,resting,0.00,0,0,0,0,0
1779933105607,-3179,7653,-14219,-7,1,-4,resting,0.00,0,0,0,0,0
1779933105636,-3163,7647,-14190,-9,1,-3,resting,0.00,0,0,0,0,0
1779933105637,-3140,7653,-14238,-7,1,-5,resting,0.00,0,0,0,0,0
1779933105638,-3178,7667,-14241,-8,1,-5,resting,0.00,0,0,0,0,0
1779933105665,-3147,7653,-14251,-8,1,-5,resting,0.00,0,0,0,0,0
1779933105666,-3165,7654,-14256,-5,-2,-6,resting,0.00,0,0,0,0,0
1779933105666,-3162,7661,-14209,-3,0,-6,resting,0.00,0,0,0,0,0
1779933105695,-3152,7679,-14244,-2,0,-6,resting,0.00,0,0,0,0,0
1779933105696,-3175,7624,-14248,-4,-2,-5,resting,0.00,0,0,0,0,0
1779933105697,-3172,7602,-14183,-6,-2,-5,resting,0.00,0,0,0,0,0
1779933105728,-3167,7603,-14232,-5,-1,-3,resting,0.00,0,0,0,0,0
1779933105729,-3152,7621,-14234,-7,-2,0,resting,0.00,0,0,0,0,0
1779933105730,-3189,7670,-14220,-7,-1,4,resting,0.00,0,0,0,0,0
1779933105757,-3205,7709,-14200,-6,-2,3,resting,0.00,0,0,0,0,0
1779933105757,-3180,7672,-14221,-5,-1,1,resting,0.00,0,0,0,0,0
1779933105758,-3195,7650,-14253,-2,1,-1,resting,0.00,0,0,0,0,0
1779933105787,-3191,7626,-14242,-1,0,1,resting,0.00,0,0,0,0,0
1779933105788,-3174,7649,-14204,-3,0,3,resting,0.00,0,0,0,0,0
1779933105789,-3199,7652,-14182,-6,2,2,resting,0.00,0,0,0,0,0
1779933105823,-3187,7691,-14187,-9,3,2,resting,0.00,0,0,0,0,0
1779933105823,-3175,7754,-14218,-9,3,1,resting,0.00,0,0,0,0,0
1779933105824,-3131,7739,-14228,-10,3,-1,resting,0.00,0,0,0,0,0
1779933105845,-3171,7704,-14256,-9,2,-5,resting,0.00,0,0,0,0,0
1779933105846,-3181,7665,-14189,-8,2,-6,resting,0.00,0,0,0,0,0
1779933105847,-3199,7604,-14228,-6,2,-5,resting,0.00,0,0,0,0,0
1779933105878,-3211,7585,-14253,-6,1,-4,resting,0.00,0,0,0,0,0
1779933105879,-3223,7594,-14223,-5,3,0,resting,0.00,0,0,0,0,0
1779933105879,-3196,7623,-14226,-4,4,2,resting,0.00,0,0,0,0,0
1779933105906,-3239,7624,-14268,-8,2,2,resting,0.00,0,0,0,0,0
1779933105906,-3229,7666,-14238,-9,2,4,resting,0.00,0,0,0,0,0
1779933105907,-3209,7715,-14196,-5,3,4,resting,0.00,0,0,0,0,0
1779933105940,-3214,7696,-14214,-4,3,3,resting,0.00,0,0,0,0,0
1779933105941,-3216,7717,-14242,-4,4,0,resting,0.00,0,0,0,0,0
1779933105941,-3195,7689,-14234,-2,5,-2,resting,0.00,0,0,0,0,0
1779933105965,-3182,7689,-14185,-4,4,-4,resting,0.00,0,0,0,0,0
1779933105965,-3196,7659,-14199,-6,4,-4,resting,0.00,0,0,0,0,0
1779933105966,-3174,7618,-14202,-7,6,-4,resting,0.00,0,0,0,0,0
1779933105996,-3211,7658,-14214,-11,4,-4,resting,0.00,0,0,0,0,0
1779933105997,-3190,7669,-14237,-12,2,-4,resting,0.00,0,0,0,0,0
1779933105998,-3195,7679,-14269,-12,1,-3,resting,0.00,0,0,0,0,0
1779933106028,-3188,7665,-14257,-10,1,-4,resting,0.00,0,0,0,0,0
1779933106029,-3197,7662,-14275,-6,1,-3,resting,0.00,0,0,0,0,0
1779933106030,-3193,7682,-14223,-5,1,-2,resting,0.00,0,0,0,0,0
1779933106055,-3242,7660,-14169,-3,0,1,resting,0.00,0,0,0,0,0
1779933106056,-3248,7663,-14199,-3,1,0,resting,0.00,0,0,0,0,0
1779933106056,-3239,7672,-14208,-3,1,-1,resting,0.00,0,0,0,0,0
1779933106087,-3254,7682,-14254,-6,1,-1,resting,0.00,0,0,0,0,0
1779933106089,-3216,7717,-14244,-6,3,-1,resting,0.00,0,0,0,0,0
1779933106089,-3230,7702,-14202,-7,4,-3,resting,0.00,0,0,0,0,0
1779933106115,-3238,7693,-14207,-5,4,-5,resting,0.00,0,0,0,0,0
1779933106115,-3224,7666,-14208,-7,6,-5,resting,0.00,0,0,0,0,0
1779933106116,-3251,7645,-14230,-6,7,-5,resting,0.00,0,0,0,0,0
1779933106148,-3205,7638,-14216,-6,6,-4,resting,0.00,0,0,0,0,0
1779933106149,-3213,7640,-14227,-9,5,-3,resting,0.00,0,0,0,0,0
1779933106150,-3236,7627,-14254,-7,6,-2,resting,0.00,0,0,0,0,0
1779933106178,-3196,7653,-14224,-7,5,-2,resting,0.00,0,0,0,0,0
1779933106178,-3167,7660,-14220,-7,3,-2,resting,0.00,0,0,0,0,0
1779933106179,-3221,7667,-14222,-8,3,-2,resting,0.00,0,0,0,0,0
1779933106205,-3219,7670,-14229,-8,4,0,resting,0.00,0,0,0,0,0
1779933106206,-3196,7671,-14239,-6,2,2,resting,0.00,0,0,0,0,0
1779933106207,-3229,7687,-14246,-5,3,1,resting,0.00,0,0,0,0,0
1779933106237,-3244,7690,-14207,-5,2,0,resting,0.00,0,0,0,0,0
1779933106238,-3231,7684,-14229,-5,2,0,resting,0.00,0,0,0,0,0
1779933106239,-3273,7666,-14203,-4,1,0,resting,0.00,0,0,0,0,0
1779933106265,-3248,7697,-14209,-8,3,0,resting,0.00,0,0,0,0,0
1779933106265,-3217,7699,-14234,-8,3,0,resting,0.00,0,0,0,0,0
1779933106270,-3235,7703,-14186,-8,2,-1,resting,0.00,0,0,0,0,0
1779933106297,-3265,7682,-14167,-4,4,0,resting,0.00,0,0,0,0,0
1779933106298,-3235,7668,-14202,-4,4,-1,resting,0.00,0,0,0,0,0
1779933106298,-3247,7635,-14206,-5,3,0,resting,0.00,0,0,0,0,0
1779933106327,-3219,7670,-14264,-5,5,-1,resting,0.00,0,0,0,0,0
1779933106328,-3241,7663,-14185,-4,4,0,resting,0.00,0,0,0,0,0
1779933106329,-3233,7700,-14174,-5,6,0,resting,0.00,0,0,0,0,0
1779933106355,-3225,7694,-14206,-4,6,0,resting,0.00,0,0,0,0,0
1779933106355,-3247,7681,-14223,-3,6,-1,resting,0.00,0,0,0,0,0
1779933106356,-3254,7667,-14142,-3,7,-3,resting,0.00,0,0,0,0,0
1779933106386,-3217,7683,-14222,0,7,-2,resting,0.00,0,0,0,0,0
1779933106387,-3231,7670,-14220,-4,7,-2,resting,0.00,0,0,0,0,0
1779933106387,-3265,7655,-14240,-4,7,-4,resting,0.00,0,0,0,0,0
1779933106416,-3255,7680,-14240,-4,8,-3,resting,0.00,0,0,0,0,0
1779933106419,-3224,7666,-14224,-3,8,-3,resting,0.00,0,0,0,0,0
1779933106420,-3243,7696,-14226,-5,8,-3,resting,0.00,0,0,0,0,0
1779933106446,-3236,7703,-14185,-5,7,-3,resting,0.00,0,0,0,0,0
1779933106447,-3237,7693,-14224,-5,6,-3,resting,0.00,0,0,0,0,0
1779933106447,-3242,7673,-14215,-3,6,-3,resting,0.00,0,0,0,0,0
1779933106481,-3239,7668,-14184,0,8,-3,resting,0.00,0,0,0,0,0
1779933106481,-3278,7673,-14177,-1,8,-4,resting,0.00,0,0,0,0,0
1779933106482,-3273,7644,-14143,-3,10,-4,resting,0.00,0,0,0,0,0
1779933106507,-3245,7624,-14181,-5,12,-3,resting,0.00,0,0,0,0,0
1779933106511,-3266,7651,-14177,-7,15,-2,resting,0.00,0,0,0,0,0
1779933106512,-3263,7663,-14230,-7,15,-2,resting,0.00,0,0,0,0,0
1779933106537,-3227,7707,-14190,-6,14,-1,resting,0.00,0,0,0,0,0
1779933106538,-3245,7681,-14224,-5,14,1,resting,0.00,0,0,0,0,0
1779933106538,-3254,7644,-14193,-2,14,-1,resting,0.00,0,0,0,0,0
1779933106565,-3247,7645,-14182,1,14,0,resting,0.00,0,0,0,0,0
1779933106565,-3235,7672,-14212,-2,15,3,resting,0.00,0,0,0,0,0
1779933106565,-3233,7665,-14220,-3,15,4,resting,0.00,0,0,0,0,0
1779933106594,-3218,7633,-14172,-2,17,3,resting,0.00,0,0,0,0,0
1779933106594,-3204,7652,-14188,-1,18,4,resting,0.00,0,0,0,0,0
1779933106595,-3193,7679,-14217,-4,19,5,resting,0.00,0,0,0,0,0
1779933106627,-3249,7735,-14244,-7,18,4,resting,0.00,0,0,0,0,0
1779933106629,-3252,7733,-14240,-6,16,2,resting,0.00,0,0,0,0,0
1779933106629,-3259,7717,-14246,-6,13,-2,resting,0.00,0,0,0,0,0
1779933106655,-3238,7677,-14228,-1,12,-4,resting,0.00,0,0,0,0,0
1779933106660,-3273,7598,-14186,5,14,-1,resting,0.00,0,0,0,0,0
1779933106661,-3278,7601,-14188,0,15,4,resting,0.00,0,0,0,0,0
1779933106686,-3211,7649,-14200,-4,16,2,resting,0.00,0,0,0,0,0
1779933106687,-3199,7676,-14235,-6,17,4,resting,0.00,0,0,0,0,0
1779933106688,-3180,7725,-14205,-7,16,3,resting,0.00,0,0,0,0,0
1779933106718,-3150,7753,-14178,-5,16,0,resting,0.00,0,0,0,0,0
1779933106719,-3190,7768,-14157,-5,16,-2,resting,0.00,0,0,0,0,0
1779933106720,-3177,7711,-14169,-4,17,-4,resting,0.00,0,0,0,0,0
1779933106747,-3240,7640,-14190,1,15,-4,resting,0.00,0,0,0,0,0
1779933106748,-3244,7616,-14171,2,18,-2,resting,0.00,0,0,0,0,0
1779933106749,-3249,7591,-14236,1,18,0,resting,0.00,0,0,0,0,0
1779933106777,-3237,7576,-14208,1,22,2,resting,0.00,0,0,0,0,0
1779933106778,-3230,7647,-14222,-2,23,3,resting,0.00,0,0,0,0,0
1779933106779,-3227,7666,-14253,-4,21,2,resting,0.00,0,0,0,0,0
1779933106804,-3205,7670,-14252,-4,20,3,resting,0.00,0,0,0,0,0
1779933106805,-3201,7718,-14260,-3,20,3,resting,0.00,0,0,0,0,0
1779933106806,-3217,7717,-14260,-2,18,0,resting,0.00,0,0,0,0,0
1779933106835,-3183,7700,-14211,-1,16,-4,resting,0.00,0,0,0,0,0
1779933106836,-3161,7672,-14195,-1,17,-6,resting,0.00,0,0,0,0,0
1779933106837,-3204,7651,-14237,-4,16,-4,resting,0.00,0,0,0,0,0
1779933106868,-3213,7621,-14239,-7,15,-1,resting,0.00,0,0,0,0,0
1779933106869,-3192,7665,-14268,-7,15,-2,resting,0.00,0,0,0,0,0
1779933106870,-3173,7672,-14274,-4,14,-2,resting,0.00,0,0,0,0,0
1779933106895,-3150,7653,-14220,-2,11,-2,resting,0.00,0,0,0,0,0
1779933106896,-3195,7614,-14213,0,8,-1,resting,0.00,0,0,0,0,0
1779933106897,-3199,7587,-14228,-2,9,3,resting,0.00,0,0,0,0,0
1779933106930,-3221,7633,-14216,-2,11,6,resting,0.00,0,0,0,0,0
1779933106931,-3230,7643,-14205,-2,12,7,resting,0.00,0,0,0,0,0
1779933106932,-3185,7652,-14198,-2,13,5,resting,0.00,0,0,0,0,0
1779933106954,-3155,7679,-14184,-1,16,5,resting,0.00,0,0,0,0,0
1779933106955,-3211,7685,-14182,-3,18,2,resting,0.00,0,0,0,0,0
1779933106956,-3216,7696,-14214,-5,17,2,resting,0.00,0,0,0,0,0
1779933106985,-3205,7670,-14219,-7,18,1,resting,0.00,0,0,0,0,0
1779933106986,-3212,7699,-14210,-9,19,2,resting,0.00,0,0,0,0,0
1779933106987,-3203,7686,-14238,-5,20,-1,resting,0.00,0,0,0,0,0
1779933107018,-3187,7658,-14278,-3,20,-3,resting,0.00,0,0,0,0,0
1779933107019,-3181,7616,-14287,-3,20,-1,resting,0.00,0,0,0,0,0
1779933107020,-3140,7583,-14263,-3,19,0,resting,0.00,0,0,0,0,0
1779933107046,-3161,7587,-14262,-7,18,1,resting,0.00,0,0,0,0,0
1779933107076,-3191,7644,-14287,-9,15,3,resting,0.00,0,0,0,0,0
1779933107077,-3181,7682,-14252,-6,13,3,resting,0.00,0,0,0,0,0
1779933107077,-3176,7652,-14271,-2,10,3,resting,0.00,0,0,0,0,0
1779933107078,-3151,7671,-14254,-2,10,3,resting,0.00,0,0,0,0,0
1779933107079,-3150,7701,-14234,-4,10,4,resting,0.00,0,0,0,0,0
1779933107105,-3178,7664,-14248,-1,9,3,resting,0.00,0,0,0,0,0
1779933107106,-3204,7683,-14213,-1,10,4,resting,0.00,0,0,0,0,0
1779933107106,-3184,7650,-14208,-3,10,4,resting,0.00,0,0,0,0,0
1779933107138,-3175,7660,-14230,-3,11,3,resting,0.00,0,0,0,0,0
1779933107139,-3189,7647,-14243,-4,10,3,resting,0.00,0,0,0,0,0
1779933107140,-3211,7653,-14191,-4,10,4,resting,0.00,0,0,0,0,0
1779933107168,-3184,7667,-14206,-5,12,5,resting,0.00,0,0,0,0,0
1779933107169,-3204,7676,-14177,-6,13,4,resting,0.00,0,0,0,0,0
1779933107170,-3183,7629,-14229,-4,15,3,resting,0.00,0,0,0,0,0
1779933107195,-3174,7678,-14216,-6,15,3,resting,0.00,0,0,0,0,0
1779933107196,-3166,7701,-14248,-5,16,5,resting,0.00,0,0,0,0,0
1779933107196,-3155,7681,-14234,-4,15,4,resting,0.00,0,0,0,0,0
1779933107226,-3159,7682,-14234,-4,14,3,resting,0.00,0,0,0,0,0
1779933107226,-3157,7642,-14242,-3,14,2,resting,0.00,0,0,0,0,0
1779933107227,-3165,7663,-14228,-4,14,2,resting,0.00,0,0,0,0,0
1779933107260,-3155,7673,-14209,-4,13,1,resting,0.00,0,0,0,0,0
1779933107260,-3154,7645,-14237,-5,12,4,resting,0.00,0,0,0,0,0
1779933107261,-3176,7662,-14250,-6,13,2,resting,0.00,0,0,0,0,0
1779933107287,-3147,7672,-14246,-7,13,2,resting,0.00,0,0,0,0,0
1779933107288,-3149,7690,-14237,-5,11,2,resting,0.00,0,0,0,0,0
1779933107289,-3184,7658,-14234,-4,12,1,resting,0.00,0,0,0,0,0
1779933107318,-3180,7650,-14210,-3,13,-3,resting,0.00,0,0,0,0,0
1779933107319,-3182,7674,-14229,-2,12,-1,resting,0.00,0,0,0,0,0
1779933107320,-3171,7660,-14221,-3,12,0,resting,0.00,0,0,0,0,0
1779933107345,-3168,7690,-14253,-4,11,-1,resting,0.00,0,0,0,0,0
1779933107346,-3170,7694,-14215,-5,12,-3,resting,0.00,0,0,0,0,0
1779933107347,-3168,7677,-14251,-4,14,-3,resting,0.00,0,0,0,0,0
1779933107377,-3159,7685,-14246,-4,13,-2,resting,0.00,0,0,0,0,0
1779933107378,-3150,7659,-14255,-5,11,-3,resting,0.00,0,0,0,0,0
1779933107379,-3158,7636,-14242,-2,13,-6,resting,0.00,0,0,0,0,0
1779933107405,-3120,7632,-14185,0,12,-6,resting,0.00,0,0,0,0,0
1779933107406,-3135,7602,-14217,-2,12,-2,resting,0.00,0,0,0,0,0
1779933107409,-3161,7635,-14271,-5,10,1,resting,0.00,0,0,0,0,0
1779933107435,-3185,7656,-14229,-9,8,1,resting,0.00,0,0,0,0,0
1779933107436,-3196,7678,-14229,-7,10,1,resting,0.00,0,0,0,0,0
1779933107436,-3118,7630,-14261,-5,9,1,resting,0.00,0,0,0,0,0
1779933107471,-3127,7636,-14243,-2,9,2,resting,0.00,0,0,0,0,0
1779933107472,-3134,7658,-14192,0,10,5,resting,0.00,0,0,0,0,0
1779933107473,-3179,7677,-14237,0,10,4,resting,0.00,0,0,0,0,0
1779933107498,-3173,7687,-14217,-3,11,2,resting,0.00,0,0,0,0,0
1779933107498,-3108,7728,-14241,-6,12,1,resting,0.00,0,0,0,0,0
1779933107502,-3122,7702,-14250,-6,11,-2,resting,0.00,0,0,0,0,0
1779933107527,-3120,7695,-14276,-6,10,-4,resting,0.00,0,0,0,0,0
1779933107528,-3137,7665,-14238,-8,12,-5,resting,0.00,0,0,0,0,0
1779933107528,-3166,7643,-14235,-7,12,-7,resting,0.00,0,0,0,0,0
1779933107555,-3162,7621,-14228,-3,11,-4,resting,0.00,0,0,0,0,0
1779933107556,-3191,7653,-14221,-2,10,-3,resting,0.00,0,0,0,0,0
1779933107557,-3217,7610,-14206,1,11,-3,resting,0.00,0,0,0,0,0
1779933107585,-3188,7595,-14237,3,13,1,resting,0.00,0,0,0,0,0
1779933107586,-3149,7610,-14187,1,15,2,resting,0.00,0,0,0,0,0
1779933107587,-3180,7635,-14175,-2,13,3,resting,0.00,0,0,0,0,0
1779933107618,-3159,7666,-14226,-4,13,3,resting,0.00,0,0,0,0,0
1779933107646,-3164,7716,-14232,-5,13,3,resting,0.00,0,0,0,0,0
1779933107646,-3166,7745,-14242,-7,14,-1,resting,0.00,0,0,0,0,0
1779933107647,-3164,7706,-14273,-5,12,-1,resting,0.00,0,0,0,0,0
1779933107648,-3131,7649,-14219,-4,14,-2,resting,0.00,0,0,0,0,0
1779933107652,-3149,7623,-14247,-3,15,-3,resting,0.00,0,0,0,0,0
1779933107676,-3158,7629,-14240,-4,16,-3,resting,0.00,0,0,0,0,0
1779933107678,-3147,7619,-14252,-6,12,-2,resting,0.00,0,0,0,0,0
1779933107679,-3152,7618,-14260,-6,11,-4,resting,0.00,0,0,0,0,0
1779933107710,-3124,7633,-14266,-6,12,-1,resting,0.00,0,0,0,0,0
1779933107711,-3111,7663,-14281,-5,10,3,resting,0.00,0,0,0,0,0
1779933107711,-3117,7637,-14208,-2,8,3,resting,0.00,0,0,0,0,0
1779933107737,-3152,7659,-14175,-3,9,4,resting,0.00,0,0,0,0,0
1779933107738,-3186,7663,-14202,-3,9,5,resting,0.00,0,0,0,0,0
1779933107739,-3161,7644,-14257,-4,10,4,resting,0.00,0,0,0,0,0
1779933107767,-3182,7711,-14213,-4,12,5,resting,0.00,0,0,0,0,0
1779933107768,-3161,7725,-14252,-6,12,5,resting,0.00,0,0,0,0,0
1779933107769,-3134,7675,-14220,-5,12,-2,resting,0.00,0,0,0,0,0
1779933107804,-3127,7657,-14215,-6,11,-2,resting,0.00,0,0,0,0,0
1779933107804,-3121,7682,-14280,-7,13,-1,resting,0.00,0,0,0,0,0
1779933107805,-3144,7641,-14283,-5,10,-2,resting,0.00,0,0,0,0,0
1779933107826,-3144,7598,-14250,-7,10,0,resting,0.00,0,0,0,0,0
1779933107826,-3132,7607,-14194,-7,11,1,resting,0.00,0,0,0,0,0
1779933107827,-3121,7643,-14217,-7,12,2,resting,0.00,0,0,0,0,0
1779933107859,-3147,7650,-14253,-8,13,4,resting,0.00,0,0,0,0,0
1779933107859,-3122,7669,-14234,-9,13,5,resting,0.00,0,0,0,0,0
1779933107860,-3140,7677,-14242,-9,12,4,resting,0.00,0,0,0,0,0
1779933107886,-3146,7692,-14261,-8,12,3,resting,0.00,0,0,0,0,0
1779933107887,-3107,7657,-14233,-5,14,1,resting,0.00,0,0,0,0,0
1779933107888,-3120,7678,-14220,-5,13,1,resting,0.00,0,0,0,0,0
1779933107918,-3143,7662,-14275,-6,13,1,resting,0.00,0,0,0,0,0
1779933107918,-3131,7650,-14237,-7,11,1,resting,0.00,0,0,0,0,0
1779933107919,-3134,7648,-14238,-7,11,2,resting,0.00,0,0,0,0,0
1779933107945,-3115,7668,-14267,-6,11,2,resting,0.00,0,0,0,0,0
1779933107945,-3147,7686,-14232,-5,10,2,resting,0.00,0,0,0,0,0
1779933107946,-3106,7676,-14240,-5,10,2,resting,0.00,0,0,0,0,0
1779933107975,-3124,7647,-14217,-4,9,3,resting,0.00,0,0,0,0,0
1779933107976,-3119,7650,-14189,-5,9,3,resting,0.00,0,0,0,0,0
1779933107977,-3146,7656,-14184,-6,8,1,resting,0.00,0,0,0,0,0
1779933108008,-3144,7662,-14204,-5,9,1,resting,0.00,0,0,0,0,0
1779933108009,-3166,7665,-14219,-6,10,1,resting,0.00,0,0,0,0,0
1779933108010,-3167,7691,-14216,-5,12,2,resting,0.00,0,0,0,0,0
1779933108035,-3139,7696,-14200,-5,11,1,resting,0.00,0,0,0,0,0
1779933108036,-3165,7675,-14222,-3,11,-1,resting,0.00,0,0,0,0,0
1779933108037,-3136,7674,-14257,-2,13,-1,resting,0.00,0,0,0,0,0
1779933108073,-3118,7616,-14223,-4,11,1,resting,0.00,0,0,0,0,0
1779933108074,-3110,7628,-14228,-5,12,2,resting,0.00,0,0,0,0,0
1779933108074,-3115,7672,-14266,-6,12,2,resting,0.00,0,0,0,0,0
1779933108096,-3117,7662,-14266,-8,12,0,resting,0.00,0,0,0,0,0
1779933108096,-3093,7688,-14262,-4,12,0,resting,0.00,0,0,0,0,0
1779933108097,-3114,7680,-14277,-4,11,0,resting,0.00,0,0,0,0,0
1779933108129,-3121,7665,-14245,-5,11,-1,resting,0.00,0,0,0,0,0
1779933108130,-3122,7671,-14267,-4,11,-1,resting,0.00,0,0,0,0,0
1779933108130,-3115,7654,-14265,-4,10,1,resting,0.00,0,0,0,0,0
1779933108155,-3139,7639,-14249,-6,10,1,resting,0.00,0,0,0,0,0
1779933108155,-3118,7674,-14196,-6,11,0,resting,0.00,0,0,0,0,0
1779933108156,-3145,7669,-14211,-6,10,1,resting,0.00,0,0,0,0,0
1779933108185,-3124,7686,-14220,-7,12,0,resting,0.00,0,0,0,0,0
1779933108186,-3120,7693,-14228,-6,12,-2,resting,0.00,0,0,0,0,0
1779933108186,-3111,7676,-14203,-4,12,1,resting,0.00,0,0,0,0,0
1779933108217,-3118,7636,-14226,-5,11,-1,resting,0.00,0,0,0,0,0
1779933108218,-3141,7620,-14264,-6,10,-3,resting,0.00,0,0,0,0,0
1779933108218,-3153,7674,-14250,-8,9,-1,resting,0.00,0,0,0,0,0
1779933108245,-3141,7694,-14284,-7,8,0,resting,0.00,0,0,0,0,0
1779933108247,-3174,7703,-14283,-6,8,-1,resting,0.00,0,0,0,0,0
1779933108251,-3151,7741,-14233,-3,9,-4,resting,0.00,0,0,0,0,0
1779933108275,-3145,7693,-14211,2,7,-6,resting,0.00,0,0,0,0,0
1779933108276,-3111,7579,-14199,4,7,-8,resting,0.00,0,0,0,0,0
1779933108277,-3144,7579,-14223,2,8,-5,resting,0.00,0,0,0,0,0
1779933108305,-3096,7583,-14251,-5,8,-2,resting,0.00,0,0,0,0,0
1779933108309,-3172,7631,-14215,-10,8,1,resting,0.00,0,0,0,0,0
1779933108310,-3152,7712,-14238,-11,10,1,resting,0.00,0,0,0,0,0
1779933108335,-3125,7713,-14255,-7,9,1,resting,0.00,0,0,0,0,0
1779933108335,-3110,7676,-14199,0,10,-3,resting,0.00,0,0,0,0,0
1779933108336,-3096,7608,-14239,1,9,-4,resting,0.00,0,0,0,0,0
1779933108365,-3135,7617,-14202,2,11,1,resting,0.00,0,0,0,0,0
1779933108366,-3136,7653,-14175,-2,13,3,resting,0.00,0,0,0,0,0
1779933108367,-3123,7661,-14273,-6,13,2,resting,0.00,0,0,0,0,0
1779933108395,-3066,7687,-14305,-9,14,-2,resting,0.00,0,0,0,0,0
1779933108396,-3064,7705,-14251,-10,12,-2,resting,0.00,0,0,0,0,0
1779933108396,-3063,7735,-14258,-10,11,-3,resting,0.00,0,0,0,0,0
1779933108426,-3110,7709,-14252,-8,8,-6,resting,0.00,0,0,0,0,0
1779933108427,-3139,7672,-14277,-4,9,-7,resting,0.00,0,0,0,0,0
1779933108427,-3154,7634,-14218,2,8,-5,resting,0.00,0,0,0,0,0
1779933108455,-3180,7623,-14261,5,6,-3,resting,0.00,0,0,0,0,0
1779933108462,-3158,7546,-14258,6,8,-2,resting,0.00,0,0,0,0,0
1779933108462,-3145,7574,-14259,3,9,-1,resting,0.00,0,0,0,0,0
1779933108489,-3120,7621,-14225,0,9,3,resting,0.00,0,0,0,0,0
1779933108492,-3082,7654,-14226,-5,10,4,resting,0.00,0,0,0,0,0
1779933108493,-3091,7722,-14252,-6,9,2,resting,0.00,0,0,0,0,0
1779933108517,-3123,7732,-14251,-4,9,1,resting,0.00,0,0,0,0,0
1779933108518,-3074,7712,-14251,-2,8,-3,resting,0.00,0,0,0,0,0
1779933108518,-3135,7707,-14265,-3,8,-5,resting,0.00,0,0,0,0,0
1779933108545,-3106,7669,-14215,-3,7,-6,resting,0.00,0,0,0,0,0
1779933108545,-3112,7610,-14280,-4,6,-4,resting,0.00,0,0,0,0,0
1779933108546,-3156,7645,-14270,-7,6,-2,resting,0.00,0,0,0,0,0
1779933108577,-3146,7639,-14253,-6,5,-3,resting,0.00,0,0,0,0,0
1779933108577,-3149,7640,-14240,-5,3,-3,resting,0.00,0,0,0,0,0
1779933108578,-3114,7654,-14264,-2,2,-3,resting,0.00,0,0,0,0,0
1779933108609,-3111,7604,-14281,-2,-1,-3,resting,0.00,0,0,0,0,0
1779933108609,-3113,7631,-14217,-4,0,0,resting,0.00,0,0,0,0,0
1779933108610,-3125,7645,-14216,-5,-1,1,resting,0.00,0,0,0,0,0
1779933108635,-3165,7678,-14216,-3,0,0,resting,0.00,0,0,0,0,0
1779933108636,-3144,7708,-14267,-3,3,-2,resting,0.00,0,0,0,0,0
1779933108636,-3138,7709,-14245,-5,4,-3,resting,0.00,0,0,0,0,0
1779933108666,-3146,7718,-14198,-5,4,-4,resting,0.00,0,0,0,0,0
1779933108667,-3153,7706,-14228,-5,4,-7,resting,0.00,0,0,0,0,0
1779933108668,-3138,7677,-14216,-5,4,-9,resting,0.00,0,0,0,0,0
1779933108695,-3171,7639,-14206,-5,3,-8,resting,0.00,0,0,0,0,0
1779933108696,-3179,7640,-14253,-3,2,-6,resting,0.00,0,0,0,0,0
1779933108700,-3129,7603,-14272,-2,1,-6,resting,0.00,0,0,0,0,0
1779933108731,-3119,7643,-14234,-3,2,-6,resting,0.00,0,0,0,0,0
1779933108732,-3157,7615,-14213,-5,2,-6,resting,0.00,0,0,0,0,0
1779933108732,-3182,7590,-14234,-5,2,-5,resting,0.00,0,0,0,0,0
1779933108758,-3169,7624,-14205,-6,0,-3,resting,0.00,0,0,0,0,0
1779933108759,-3166,7630,-14246,-5,-2,-1,resting,0.00,0,0,0,0,0
1779933108760,-3186,7661,-14218,-5,-1,-2,resting,0.00,0,0,0,0,0
1779933108785,-3176,7657,-14218,-6,1,-1,resting,0.00,0,0,0,0,0
1779933108786,-3174,7688,-14242,-6,0,-1,resting,0.00,0,0,0,0,0
1779933108787,-3166,7612,-14228,-6,0,-3,resting,0.00,0,0,0,0,0
1779933108817,-3192,7625,-14185,-7,1,-4,resting,0.00,0,0,0,0,0
1779933108818,-3230,7606,-14232,-6,2,-4,resting,0.00,0,0,0,0,0
1779933108818,-3165,7637,-14240,-6,2,-2,resting,0.00,0,0,0,0,0
1779933108845,-3173,7679,-14237,-7,1,0,resting,0.00,0,0,0,0,0
1779933108846,-3170,7626,-14191,-7,2,-1,resting,0.00,0,0,0,0,0
1779933108847,-3152,7629,-14223,-7,3,-1,resting,0.00,0,0,0,0,0
1779933108875,-3127,7637,-14270,-8,3,0,resting,0.00,0,0,0,0,0
1779933108876,-3151,7682,-14258,-8,1,-1,resting,0.00,0,0,0,0,0
1779933108877,-3139,7715,-14216,-6,0,-2,resting,0.00,0,0,0,0,0
1779933108908,-3167,7688,-14234,-7,3,-1,resting,0.00,0,0,0,0,0
1779933108909,-3175,7613,-14265,-5,1,-2,resting,0.00,0,0,0,0,0
1779933108909,-3165,7646,-14218,-5,3,-2,resting,0.00,0,0,0,0,0
1779933108937,-3202,7619,-14173,-5,3,-1,resting,0.00,0,0,0,0,0
1779933108941,-3198,7620,-14202,-5,3,1,resting,0.00,0,0,0,0,0
1779933108942,-3146,7654,-14232,-8,3,1,resting,0.00,0,0,0,0,0
1779933108967,-3155,7652,-14216,-8,3,1,resting,0.00,0,0,0,0,0
1779933108968,-3186,7650,-14235,-6,3,1,resting,0.00,0,0,0,0,0
1779933108968,-3197,7675,-14257,-7,5,1,resting,0.00,0,0,0,0,0
1779933108995,-3168,7685,-14238,-6,4,0,resting,0.00,0,0,0,0,0
1779933108996,-3164,7637,-14242,-4,4,0,resting,0.00,0,0,0,0,0
1779933108997,-3184,7657,-14263,-7,3,0,resting,0.00,0,0,0,0,0
1779933109025,-3210,7645,-14231,-9,3,0,resting,0.00,0,0,0,0,0
1779933109027,-3212,7685,-14254,-10,3,0,resting,0.00,0,0,0,0,0
1779933109027,-3181,7692,-14274,-7,1,-1,resting,0.00,0,0,0,0,0
1779933109057,-3209,7645,-14172,-7,2,-1,resting,0.00,0,0,0,0,0
1779933109058,-3206,7666,-14195,-5,3,-2,resting,0.00,0,0,0,0,0
1779933109058,-3187,7658,-14208,-6,2,-3,resting,0.00,0,0,0,0,0
1779933109087,-3195,7620,-14226,-7,3,-1,resting,0.00,0,0,0,0,0
1779933109087,-3169,7648,-14210,-7,3,1,resting,0.00,0,0,0,0,0
1779933109088,-3160,7672,-14219,-8,5,2,resting,0.00,0,0,0,0,0
1779933109119,-3218,7716,-14255,-9,5,2,resting,0.00,0,0,0,0,0
1779933109119,-3205,7710,-14219,-9,4,-1,resting,0.00,0,0,0,0,0
1779933109120,-3230,7721,-14259,-5,1,-3,resting,0.00,0,0,0,0,0
1779933109145,-3234,7676,-14216,-4,2,-2,resting,0.00,0,0,0,0,0
1779933109146,-3217,7690,-14202,-4,4,-3,resting,0.00,0,0,0,0,0
1779933109150,-3182,7645,-14226,-3,3,-3,resting,0.00,0,0,0,0,0
1779933109177,-3193,7579,-14223,-4,2,-3,resting,0.00,0,0,0,0,0
1779933109177,-3199,7624,-14196,-5,3,-2,resting,0.00,0,0,0,0,0
1779933109178,-3168,7644,-14203,-7,4,1,resting,0.00,0,0,0,0,0
1779933109207,-3200,7659,-14266,-9,2,3,resting,0.00,0,0,0,0,0
1779933109208,-3234,7705,-14275,-8,0,0,resting,0.00,0,0,0,0,0
1779933109209,-3210,7756,-14248,-7,-1,0,resting,0.00,0,0,0,0,0
1779933109235,-3217,7702,-14275,-3,-1,-3,resting,0.00,0,0,0,0,0
1779933109236,-3200,7648,-14234,1,-2,-6,resting,0.00,0,0,0,0,0
1779933109237,-3233,7628,-14204,2,-1,-4,resting,0.00,0,0,0,0,0
1779933109266,-3259,7615,-14209,-2,0,-2,resting,0.00,0,0,0,0,0
1779933109269,-3261,7647,-14177,-6,1,-2,resting,0.00,0,0,0,0,0
1779933109270,-3203,7674,-14235,-10,2,-2,resting,0.00,0,0,0,0,0
1779933109295,-3168,7716,-14253,-12,-1,-5,resting,0.00,0,0,0,0,0
1779933109296,-3215,7705,-14182,-11,0,-8,resting,0.00,0,0,0,0,0
1779933109297,-3174,7679,-14181,-9,0,-9,resting,0.00,0,0,0,0,0
1779933109325,-3212,7667,-14200,-7,1,-10,resting,0.00,0,0,0,0,0
1779933109326,-3254,7631,-14177,-5,2,-6,resting,0.00,0,0,0,0,0
1779933109327,-3250,7657,-14180,-1,3,-5,resting,0.00,0,0,0,0,0
1779933109357,-3276,7638,-14232,-1,4,-4,resting,0.00,0,0,0,0,0
1779933109358,-3281,7628,-14215,1,6,-3,resting,0.00,0,0,0,0,0
1779933109359,-3260,7646,-14201,-1,7,-2,resting,0.00,0,0,0,0,0
1779933109386,-3225,7636,-14216,-3,8,-2,resting,0.00,0,0,0,0,0
1779933109386,-3206,7678,-14236,-7,9,-1,resting,0.00,0,0,0,0,0
1779933109387,-3257,7721,-14228,-8,7,-2,resting,0.00,0,0,0,0,0
1779933109415,-3267,7720,-14211,-5,6,-4,resting,0.00,0,0,0,0,0
1779933109416,-3194,7701,-14220,-3,6,-6,resting,0.00,0,0,0,0,0
1779933109417,-3190,7672,-14240,-2,9,-8,resting,0.00,0,0,0,0,0
1779933109452,-3238,7665,-14236,-1,7,-9,resting,0.00,0,0,0,0,0
1779933109453,-3227,7675,-14230,-4,5,-6,resting,0.00,0,0,0,0,0
1779933109453,-3237,7630,-14218,-7,4,-6,resting,0.00,0,0,0,0,0
1779933109477,-3232,7593,-14231,-7,4,-8,resting,0.00,0,0,0,0,0
1779933109478,-3226,7574,-14252,-7,4,-4,resting,0.00,0,0,0,0,0
1779933109478,-3225,7634,-14212,-9,2,0,resting,0.00,0,0,0,0,0
1779933109507,-3274,7659,-14201,-9,2,2,resting,0.00,0,0,0,0,0
1779933109508,-3330,7706,-14188,-9,2,2,resting,0.00,0,0,0,0,0
1779933109508,-3321,7723,-14151,-5,5,1,resting,0.00,0,0,0,0,0
1779933109535,-3243,7710,-14132,0,7,0,resting,0.00,0,0,0,0,0
1779933109536,-3264,7682,-14166,-1,8,-2,resting,0.00,0,0,0,0,0
1779933109537,-3243,7680,-14136,-4,8,-3,resting,0.00,0,0,0,0,0
1779933109567,-3239,7700,-14150,-6,11,-4,resting,0.00,0,0,0,0,0
1779933109569,-3237,7656,-14169,-10,13,-3,resting,0.00,0,0,0,0,0
1779933109569,-3267,7641,-14200,-7,14,-4,resting,0.00,0,0,0,0,0
1779933109595,-3251,7648,-14170,-5,15,-3,resting,0.00,0,0,0,0,0
1779933109598,-3257,7646,-14240,-5,15,-3,resting,0.00,0,0,0,0,0
1779933109598,-3262,7658,-14208,-3,14,-1,resting,0.00,0,0,0,0,0
1779933109625,-3246,7649,-14193,-3,14,0,resting,0.00,0,0,0,0,0
1779933109626,-3244,7639,-14220,-6,14,1,resting,0.00,0,0,0,0,0
1779933109627,-3247,7673,-14188,-5,15,3,resting,0.00,0,0,0,0,0
1779933109658,-3228,7656,-14185,-6,13,7,resting,0.00,0,0,0,0,0
1779933109660,-3232,7685,-14212,-4,13,5,resting,0.00,0,0,0,0,0
1779933109660,-3237,7686,-14204,-3,13,6,resting,0.00,0,0,0,0,0
1779933109687,-3247,7687,-14198,-3,13,4,resting,0.00,0,0,0,0,0
1779933109687,-3233,7643,-14162,-3,14,5,resting,0.00,0,0,0,0,0
1779933109691,-3252,7655,-14169,-3,16,5,resting,0.00,0,0,0,0,0
1779933109719,-3253,7665,-14167,-3,17,4,resting,0.00,0,0,0,0,0
1779933109719,-3233,7673,-14199,-4,18,4,resting,0.00,0,0,0,0,0
1779933109720,-3236,7701,-14239,-6,19,5,resting,0.00,0,0,0,0,0
1779933109749,-3268,7704,-14234,-5,18,3,resting,0.00,0,0,0,0,0
1779933109749,-3245,7703,-14203,-2,19,3,resting,0.00,0,0,0,0,0
1779933109750,-3200,7663,-14212,-2,20,2,resting,0.00,0,0,0,0,0
1779933109777,-3218,7647,-14246,-1,18,2,resting,0.00,0,0,0,0,0
1779933109778,-3209,7660,-14190,-2,18,3,resting,0.00,0,0,0,0,0
1779933109778,-3218,7633,-14183,-3,18,2,resting,0.00,0,0,0,0,0
1779933109806,-3233,7678,-14183,-3,20,2,resting,0.00,0,0,0,0,0
1779933109808,-3223,7690,-14216,-2,20,3,resting,0.00,0,0,0,0,0
1779933109809,-3233,7727,-14224,-2,20,3,resting,0.00,0,0,0,0,0
1779933109835,-3208,7680,-14207,-1,20,2,resting,0.00,0,0,0,0,0
1779933109836,-3184,7660,-14233,1,19,0,resting,0.00,0,0,0,0,0
1779933109837,-3190,7668,-14208,-1,18,0,resting,0.00,0,0,0,0,0
1779933109866,-3199,7625,-14181,-1,19,1,resting,0.00,0,0,0,0,0
1779933109867,-3213,7652,-14229,-5,18,1,resting,0.00,0,0,0,0,0
1779933109867,-3217,7670,-14194,-6,17,1,resting,0.00,0,0,0,0,0
1779933109898,-3215,7675,-14207,-2,20,-1,resting,0.00,0,0,0,0,0
1779933109899,-3190,7659,-14281,-1,20,-1,resting,0.00,0,0,0,0,0
1779933109899,-3180,7652,-14234,-2,19,-1,resting,0.00,0,0,0,0,0
1779933109926,-3191,7632,-14224,-4,18,-2,resting,0.00,0,0,0,0,0
1779933109926,-3188,7634,-14227,-4,17,0,resting,0.00,0,0,0,0,0
1779933109927,-3219,7651,-14228,-3,16,1,resting,0.00,0,0,0,0,0
1779933109956,-3198,7697,-14253,-3,18,0,resting,0.00,0,0,0,0,0
1779933109957,-3192,7648,-14186,-5,18,1,resting,0.00,0,0,0,0,0
1779933109958,-3190,7621,-14250,-1,16,1,resting,0.00,0,0,0,0,0
1779933109985,-3155,7588,-14201,-1,17,3,resting,0.00,0,0,0,0,0
1779933109986,-3172,7652,-14210,-3,16,4,resting,0.00,0,0,0,0,0
1779933109989,-3227,7699,-14241,-5,17,4,resting,0.00,0,0,0,0,0
1779933110015,-3227,7704,-14283,-4,15,2,resting,0.00,0,0,0,0,0
1779933110016,-3204,7691,-14273,-1,13,1,resting,0.00,0,0,0,0,0
1779933110017,-3158,7638,-14272,0,10,1,resting,0.00,0,0,0,0,0
1779933110048,-3208,7602,-14218,1,10,3,resting,0.00,0,0,0,0,0
1779933110048,-3233,7639,-14194,-2,12,4,resting,0.00,0,0,0,0,0
1779933110049,-3174,7647,-14204,-5,13,5,resting,0.00,0,0,0,0,0
1779933110076,-3165,7684,-14267,-6,12,4,resting,0.00,0,0,0,0,0
1779933110077,-3172,7726,-14223,-8,12,2,resting,0.00,0,0,0,0,0
1779933110078,-3130,7717,-14210,-7,14,1,resting,0.00,0,0,0,0,0
1779933110110,-3164,7694,-14227,-7,15,0,resting,0.00,0,0,0,0,0
1779933110111,-3183,7670,-14213,-6,13,-3,resting,0.00,0,0,0,0,0
1779933110111,-3170,7646,-14209,-2,13,-1,resting,0.00,0,0,0,0,0
1779933110135,-3183,7560,-14199,-1,16,1,resting,0.00,0,0,0,0,0
1779933110139,-3198,7573,-14271,-2,17,3,resting,0.00,0,0,0,0,0
1779933110140,-3198,7618,-14211,-3,17,4,resting,0.00,0,0,0,0,0
1779933110165,-3159,7662,-14193,-4,17,3,resting,0.00,0,0,0,0,0
1779933110166,-3155,7641,-14243,-3,16,3,resting,0.00,0,0,0,0,0
1779933110167,-3198,7676,-14284,-5,16,5,resting,0.00,0,0,0,0,0
1779933110197,-3204,7711,-14281,-4,15,4,resting,0.00,0,0,0,0,0
1779933110198,-3189,7732,-14243,-1,17,0,resting,0.00,0,0,0,0,0
1779933110199,-3160,7631,-14261,-2,16,-1,resting,0.00,0,0,0,0,0
1779933110225,-3135,7600,-14245,-5,14,0,resting,0.00,0,0,0,0,0
1779933110226,-3154,7631,-14240,-6,15,2,resting,0.00,0,0,0,0,0
1779933110226,-3154,7711,-14263,-6,14,2,resting,0.00,0,0,0,0,0
1779933110256,-3149,7703,-14265,-5,13,0,resting,0.00,0,0,0,0,0
1779933110257,-3125,7657,-14271,-3,14,-1,resting,0.00,0,0,0,0,0
1779933110257,-3121,7581,-14217,-2,11,0,resting,0.00,0,0,0,0,0
1779933110285,-3159,7593,-14195,-4,10,3,resting,0.00,0,0,0,0,0
1779933110289,-3184,7586,-14204,-4,11,6,resting,0.00,0,0,0,0,0
1779933110290,-3201,7617,-14208,-6,14,7,resting,0.00,0,0,0,0,0
1779933110319,-3174,7694,-14252,-7,13,8,resting,0.00,0,0,0,0,0
1779933110319,-3146,7701,-14221,-5,12,6,resting,0.00,0,0,0,0,0
1779933110320,-3122,7698,-14214,-5,14,4,resting,0.00,0,0,0,0,0
1779933110348,-3153,7711,-14215,-5,14,3,resting,0.00,0,0,0,0,0
1779933110348,-3142,7701,-14213,-6,12,0,resting,0.00,0,0,0,0,0
1779933110349,-3140,7695,-14258,-4,13,-1,resting,0.00,0,0,0,0,0
1779933110376,-3163,7687,-14246,-2,14,-2,resting,0.00,0,0,0,0,0
1779933110377,-3193,7605,-14195,-1,14,-4,resting,0.00,0,0,0,0,0
1779933110378,-3179,7584,-14210,-1,13,-4,resting,0.00,0,0,0,0,0
1779933110407,-3169,7608,-14225,-1,13,-1,resting,0.00,0,0,0,0,0
1779933110408,-3176,7621,-14235,-4,13,2,resting,0.00,0,0,0,0,0
1779933110409,-3160,7618,-14292,-8,14,2,resting,0.00,0,0,0,0,0
1779933110435,-3141,7672,-14227,-6,15,3,resting,0.00,0,0,0,0,0
1779933110435,-3132,7701,-14271,-3,13,3,resting,0.00,0,0,0,0,0
1779933110436,-3117,7682,-14270,-4,13,4,resting,0.00,0,0,0,0,0
1779933110466,-3126,7671,-14258,-5,13,3,resting,0.00,0,0,0,0,0
1779933110467,-3146,7671,-14247,-5,12,4,resting,0.00,0,0,0,0,0
1779933110468,-3139,7691,-14223,-7,13,1,resting,0.00,0,0,0,0,0
1779933110497,-3169,7666,-14240,-6,13,1,resting,0.00,0,0,0,0,0
1779933110498,-3189,7693,-14267,-6,13,1,resting,0.00,0,0,0,0,0
1779933110499,-3158,7700,-14250,-7,13,1,resting,0.00,0,0,0,0,0
1779933110525,-3168,7690,-14273,-5,12,2,resting,0.00,0,0,0,0,0
1779933110526,-3138,7677,-14251,-5,13,2,resting,0.00,0,0,0,0,0
1779933110527,-3123,7674,-14237,-3,14,0,resting,0.00,0,0,0,0,0
1779933110556,-3156,7677,-14247,-3,11,0,resting,0.00,0,0,0,0,0
1779933110557,-3118,7689,-14234,-3,10,1,resting,0.00,0,0,0,0,0
1779933110558,-3142,7662,-14221,-3,11,1,resting,0.00,0,0,0,0,0
1779933110589,-3138,7662,-14248,-2,12,0,resting,0.00,0,0,0,0,0
1779933110590,-3127,7632,-14229,-4,12,0,resting,0.00,0,0,0,0,0
1779933110591,-3184,7629,-14198,-7,13,-1,resting,0.00,0,0,0,0,0
1779933110618,-3147,7638,-14267,-6,12,0,resting,0.00,0,0,0,0,0
1779933110619,-3131,7668,-14220,-7,11,0,resting,0.00,0,0,0,0,0
1779933110619,-3159,7654,-14207,-6,11,1,resting,0.00,0,0,0,0,0
1779933110647,-3153,7658,-14235,-5,11,2,resting,0.00,0,0,0,0,0
1779933110648,-3129,7662,-14226,-3,13,1,resting,0.00,0,0,0,0,0
1779933110648,-3132,7650,-14219,-2,13,0,resting,0.00,0,0,0,0,0
1779933110675,-3139,7624,-14214,-1,12,0,resting,0.00,0,0,0,0,0
1779933110676,-3102,7646,-14270,-4,12,0,resting,0.00,0,0,0,0,0
1779933110676,-3088,7657,-14237,-4,12,0,resting,0.00,0,0,0,0,0
1779933110708,-3127,7656,-14233,-8,13,1,resting,0.00,0,0,0,0,0
1779933110709,-3104,7675,-14275,-9,12,1,resting,0.00,0,0,0,0,0
1779933110710,-3132,7675,-14238,-8,11,-2,resting,0.00,0,0,0,0,0
1779933110739,-3119,7705,-14260,-7,10,-2,resting,0.00,0,0,0,0,0
1779933110739,-3151,7708,-14272,-5,8,-3,resting,0.00,0,0,0,0,0
1779933110740,-3136,7648,-14286,-1,9,-4,resting,0.00,0,0,0,0,0
1779933110768,-3112,7585,-14230,1,7,-5,resting,0.00,0,0,0,0,0
1779933110768,-3137,7595,-14223,-3,8,-2,resting,0.00,0,0,0,0,0
1779933110769,-3123,7625,-14244,-6,9,1,resting,0.00,0,0,0,0,0
1779933110797,-3151,7665,-14245,-8,10,3,resting,0.00,0,0,0,0,0
1779933110799,-3161,7697,-14205,-9,9,3,resting,0.00,0,0,0,0,0
1779933110800,-3147,7729,-14244,-6,8,2,resting,0.00,0,0,0,0,0
1779933110825,-3121,7672,-14244,-3,9,0,resting,0.00,0,0,0,0,0
1779933110826,-3131,7620,-14243,2,9,0,resting,0.00,0,0,0,0,0
1779933110826,-3168,7602,-14204,3,8,2,resting,0.00,0,0,0,0,0
1779933110855,-3153,7643,-14169,-2,9,4,resting,0.00,0,0,0,0,0
1779933110856,-3143,7680,-14220,-7,10,4,resting,0.00,0,0,0,0,0
1779933110857,-3121,7667,-14234,-10,13,3,resting,0.00,0,0,0,0,0
1779933110889,-3096,7705,-14267,-10,14,1,resting,0.00,0,0,0,0,0
1779933110890,-3098,7737,-14271,-9,13,0,resting,0.00,0,0,0,0,0
1779933110890,-3107,7723,-14246,-9,12,-3,resting,0.00,0,0,0,0,0
1779933110916,-3117,7655,-14205,-6,11,-5,resting,0.00,0,0,0,0,0
1779933110917,-3156,7608,-14223,-3,9,-6,resting,0.00,0,0,0,0,0
1779933110917,-3190,7606,-14221,-1,10,-2,resting,0.00,0,0,0,0,0
1779933110947,-3177,7602,-14247,-1,10,-1,resting,0.00,0,0,0,0,0
1779933110948,-3184,7586,-14218,0,9,-1,resting,0.00,0,0,0,0,0
1779933110949,-3156,7639,-14230,-3,11,2,resting,0.00,0,0,0,0,0
1779933110974,-3127,7698,-14239,-4,10,3,resting,0.00,0,0,0,0,0
1779933110975,-3153,7686,-14216,-2,11,3,resting,0.00,0,0,0,0,0
1779933110976,-3144,7703,-14230,0,12,1,resting,0.00,0,0,0,0,0
1779933111006,-3139,7678,-14249,-3,12,-1,resting,0.00,0,0,0,0,0
1779933111007,-3118,7661,-14270,-4,13,-2,resting,0.00,0,0,0,0,0
1779933111008,-3097,7637,-14217,-6,13,-4,resting,0.00,0,0,0,0,0
1779933111034,-3125,7611,-14195,-5,13,-4,resting,0.00,0,0,0,0,0
1779933111038,-3133,7639,-14245,-6,13,0,resting,0.00,0,0,0,0,0
1779933111039,-3139,7674,-14279,-8,11,1,resting,0.00,0,0,0,0,0
1779933111065,-3143,7652,-14280,-7,9,-1,resting,0.00,0,0,0,0,0
1779933111066,-3082,7635,-14269,-4,9,-2,resting,0.00,0,0,0,0,0
1779933111067,-3095,7641,-14247,-3,10,-1,resting,0.00,0,0,0,0,0
1779933111100,-3112,7623,-14253,-4,9,3,resting,0.00,0,0,0,0,0
1779933111101,-3146,7641,-14174,-4,9,2,resting,0.00,0,0,0,0,0
1779933111102,-3156,7671,-14219,-4,10,3,resting,0.00,0,0,0,0,0
1779933111125,-3174,7661,-14246,-5,10,3,resting,0.00,0,0,0,0,0
1779933111126,-3167,7678,-14236,-5,11,1,resting,0.00,0,0,0,0,0
1779933111126,-3124,7715,-14181,-4,13,0,resting,0.00,0,0,0,0,0
1779933111155,-3123,7665,-14280,-7,12,-4,resting,0.00,0,0,0,0,0
1779933111156,-3099,7649,-14278,-7,11,-3,resting,0.00,0,0,0,0,0
1779933111157,-3089,7643,-14268,-6,11,-2,resting,0.00,0,0,0,0,0
1779933111188,-3146,7648,-14273,-4,11,-1,resting,0.00,0,0,0,0,0
1779933111189,-3105,7629,-14238,-5,11,-2,resting,0.00,0,0,0,0,0
1779933111190,-3138,7633,-14246,-6,9,-1,resting,0.00,0,0,0,0,0
1779933111217,-3121,7623,-14242,-4,9,-1,resting,0.00,0,0,0,0,0
1779933111222,-3108,7651,-14232,-4,9,-1,resting,0.00,0,0,0,0,0
1779933111223,-3115,7668,-14217,-7,7,2,resting,0.00,0,0,0,0,0
1779933111246,-3126,7676,-14238,-5,8,1,resting,0.00,0,0,0,0,0
1779933111246,-3135,7668,-14200,-5,10,1,resting,0.00,0,0,0,0,0
1779933111247,-3111,7658,-14246,-5,10,1,resting,0.00,0,0,0,0,0
1779933111275,-3097,7634,-14211,-5,9,1,resting,0.00,0,0,0,0,0
1779933111276,-3142,7634,-14187,-7,11,2,resting,0.00,0,0,0,0,0
1779933111277,-3139,7667,-14241,-8,13,3,resting,0.00,0,0,0,0,0
1779933111307,-3158,7688,-14271,-7,11,3,resting,0.00,0,0,0,0,0
1779933111307,-3123,7628,-14236,-7,11,1,resting,0.00,0,0,0,0,0
1779933111309,-3130,7648,-14230,-6,11,1,resting,0.00,0,0,0,0,0
1779933111338,-3112,7685,-14243,-5,12,1,resting,0.00,0,0,0,0,0
1779933111339,-3120,7668,-14250,-7,11,-1,resting,0.00,0,0,0,0,0
1779933111339,-3131,7647,-14227,-7,10,1,resting,0.00,0,0,0,0,0
1779933111367,-3126,7650,-14231,-7,10,2,resting,0.00,0,0,0,0,0
1779933111367,-3129,7677,-14267,-8,12,1,resting,0.00,0,0,0,0,0
1779933111368,-3132,7670,-14217,-6,11,2,resting,0.00,0,0,0,0,0
1779933111397,-3086,7670,-14236,-5,10,1,resting,0.00,0,0,0,0,0
1779933111398,-3136,7681,-14270,-6,10,-1,resting,0.00,0,0,0,0,0
1779933111399,-3130,7638,-14227,-6,10,-1,resting,0.00,0,0,0,0,0
1779933111425,-3125,7694,-14229,-5,9,1,resting,0.00,0,0,0,0,0
1779933111426,-3136,7672,-14276,-3,8,1,resting,0.00,0,0,0,0,0
1779933111426,-3107,7621,-14219,-4,6,2,resting,0.00,0,0,0,0,0
1779933111457,-3093,7665,-14224,-5,9,1,resting,0.00,0,0,0,0,0
1779933111488,-3147,7677,-14235,-7,9,1,resting,0.00,0,0,0,0,0
1779933111489,-3147,7686,-14229,-6,11,1,resting,0.00,0,0,0,0,0
1779933111490,-3104,7694,-14241,-5,9,2,resting,0.00,0,0,0,0,0
1779933111490,-3109,7687,-14243,-4,9,0,resting,0.00,0,0,0,0,0
1779933111491,-3081,7659,-14249,-4,9,-1,resting,0.00,0,0,0,0,0
1779933111516,-3109,7668,-14254,-4,8,1,resting,0.00,0,0,0,0,0
1779933111517,-3109,7641,-14234,-5,7,-1,resting,0.00,0,0,0,0,0
1779933111517,-3133,7630,-14234,-4,7,0,resting,0.00,0,0,0,0,0
1779933111547,-3129,7649,-14240,-6,7,2,resting,0.00,0,0,0,0,0
1779933111548,-3148,7675,-14216,-9,7,1,resting,0.00,0,0,0,0,0
1779933111548,-3124,7684,-14259,-6,8,0,resting,0.00,0,0,0,0,0
1779933111575,-3115,7679,-14276,-2,8,-1,resting,0.00,0,0,0,0,0
1779933111576,-3095,7674,-14275,-3,6,-1,resting,0.00,0,0,0,0,0
1779933111576,-3083,7676,-14248,-2,4,-1,resting,0.00,0,0,0,0,0
1779933111605,-3109,7684,-14242,-2,5,-2,resting,0.00,0,0,0,0,0
1779933111607,-3137,7663,-14292,-4,3,-1,resting,0.00,0,0,0,0,0
1779933111608,-3109,7649,-14294,-6,2,-3,resting,0.00,0,0,0,0,0
1779933111636,-3094,7719,-14271,-5,2,-4,resting,0.00,0,0,0,0,0
1779933111636,-3132,7727,-14273,-5,0,-5,resting,0.00,0,0,0,0,0
1779933111637,-3145,7703,-14290,-4,-4,-6,resting,0.00,0,0,0,0,0
1779933111665,-3121,7632,-14243,2,-4,-8,resting,0.00,0,0,0,0,0
1779933111666,-3119,7568,-14242,3,-3,-8,resting,0.00,0,0,0,0,0
1779933111666,-3105,7596,-14253,0,-3,-5,resting,0.00,0,0,0,0,0
1779933111699,-3158,7596,-14266,-6,-3,-3,resting,0.00,0,0,0,0,0
1779933111700,-3170,7658,-14207,-8,-2,0,resting,0.00,0,0,0,0,0
1779933111701,-3157,7703,-14221,-8,0,-1,resting,0.00,0,0,0,0,0
1779933111725,-3157,7686,-14229,-5,0,-2,resting,0.00,0,0,0,0,0
1779933111730,-3160,7688,-14239,-2,-1,-1,resting,0.00,0,0,0,0,0
1779933111731,-3165,7677,-14190,2,0,-1,resting,0.00,0,0,0,0,0
1779933111758,-3194,7646,-14172,1,1,-2,resting,0.00,0,0,0,0,0
1779933111759,-3193,7683,-14195,-2,3,-2,resting,0.00,0,0,0,0,0
1779933111759,-3125,7691,-14246,-5,3,-3,resting,0.00,0,0,0,0,0
1779933111793,-3053,7712,-14239,-8,3,-6,resting,0.00,0,0,0,0,0
1779933111793,-3094,7687,-14234,-10,4,-8,resting,0.00,0,0,0,0,0
1779933111794,-3152,7712,-14222,-11,2,-8,resting,0.00,0,0,0,0,0
1779933111817,-3187,7626,-14233,-7,2,-7,resting,0.00,0,0,0,0,0
1779933111823,-3211,7601,-14254,-3,2,-7,resting,0.00,0,0,0,0,0
1779933111824,-3206,7610,-14219,1,2,-5,resting,0.00,0,0,0,0,0
1779933111846,-3190,7596,-14268,3,0,-2,resting,0.00,0,0,0,0,0
1779933111848,-3176,7611,-14197,3,2,-1,resting,0.00,0,0,0,0,0
1779933111848,-3167,7611,-14228,-1,5,1,resting,0.00,0,0,0,0,0
1779933111879,-3170,7651,-14177,-5,5,3,resting,0.00,0,0,0,0,0
1779933111879,-3148,7701,-14260,-6,4,1,resting,0.00,0,0,0,0,0
1779933111880,-3161,7700,-14222,-4,4,-2,resting,0.00,0,0,0,0,0
1779933111906,-3173,7698,-14199,-3,4,-2,resting,0.00,0,0,0,0,0
1779933111906,-3184,7655,-14242,-6,4,-7,resting,0.00,0,0,0,0,0
1779933111907,-3145,7628,-14238,-4,6,-6,resting,0.00,0,0,0,0,0
1779933111938,-3136,7636,-14241,-7,6,-4,resting,0.00,0,0,0,0,0
1779933111939,-3175,7639,-14260,-10,5,-1,resting,0.00,0,0,0,0,0
1779933111940,-3185,7637,-14279,-9,3,-3,resting,0.00,0,0,0,0,0
1779933111965,-3159,7649,-14203,-6,1,-4,resting,0.00,0,0,0,0,0
1779933111965,-3147,7620,-14260,-4,-1,-2,resting,0.00,0,0,0,0,0
1779933111966,-3148,7646,-14270,-2,0,0,resting,0.00,0,0,0,0,0
1779933111996,-3148,7587,-14262,-3,-2,1,resting,0.00,0,0,0,0,0
1779933111997,-3191,7599,-14245,-5,-2,4,resting,0.00,0,0,0,0,0
1779933111998,-3197,7617,-14215,-6,-2,4,resting,0.00,0,0,0,0,0
1779933112028,-3208,7651,-14218,-6,-1,4,resting,0.00,0,0,0,0,0
1779933112029,-3188,7712,-14237,-5,1,2,resting,0.00,0,0,0,0,0
1779933112030,-3208,7708,-14194,-7,2,2,resting,0.00,0,0,0,0,0
1779933112055,-3193,7681,-14204,-7,3,2,resting,0.00,0,0,0,0,0
1779933112056,-3197,7695,-14235,-7,4,0,resting,0.00,0,0,0,0,0
1779933112057,-3212,7665,-14209,-6,5,-2,resting,0.00,0,0,0,0,0
1779933112091,-3195,7639,-14188,-4,6,-3,resting,0.00,0,0,0,0,0
1779933112092,-3179,7617,-14221,-8,5,-2,resting,0.00,0,0,0,0,0
1779933112092,-3188,7632,-14254,-9,5,1,resting,0.00,0,0,0,0,0
1779933112119,-3176,7652,-14236,-10,4,1,resting,0.00,0,0,0,0,0
1779933112120,-3171,7680,-14240,-11,4,1,resting,0.00,0,0,0,0,0
1779933112121,-3183,7650,-14229,-7,5,1,resting,0.00,0,0,0,0,0
1779933112147,-3200,7656,-14229,-5,4,1,resting,0.00,0,0,0,0,0
1779933112175,-3212,7632,-14232,-3,4,0,resting,0.00,0,0,0,0,0
1779933112179,-3203,7680,-14247,-6,2,0,resting,0.00,0,0,0,0,0
1779933112180,-3231,7668,-14220,-8,2,2,resting,0.00,0,0,0,0,0
1779933112181,-3196,7661,-14167,-8,2,2,resting,0.00,0,0,0,0,0
1779933112181,-3171,7643,-14185,-5,3,2,resting,0.00,0,0,0,0,0
1779933112205,-3209,7654,-14191,-5,2,2,resting,0.00,0,0,0,0,0
1779933112206,-3216,7677,-14226,-6,3,1,resting,0.00,0,0,0,0,0
1779933112207,-3208,7673,-14214,-5,6,-1,resting,0.00,0,0,0,0,0
1779933112237,-3194,7676,-14208,-5,4,0,resting,0.00,0,0,0,0,0
1779933112238,-3190,7692,-14209,-6,5,-1,resting,0.00,0,0,0,0,0
1779933112239,-3211,7653,-14220,-5,4,-1,resting,0.00,0,0,0,0,0
1779933112265,-3166,7671,-14199,-7,5,-1,resting,0.00,0,0,0,0,0
1779933112265,-3210,7704,-14181,-7,6,-5,resting,0.00,0,0,0,0,0
1779933112266,-3210,7679,-14194,-5,7,-4,resting,0.00,0,0,0,0,0
1779933112297,-3214,7640,-14196,-4,6,-5,resting,0.00,0,0,0,0,0
1779933112297,-3228,7663,-14242,-4,5,-5,resting,0.00,0,0,0,0,0
1779933112298,-3190,7676,-14269,-4,5,-3,resting,0.00,0,0,0,0,0
1779933112328,-3245,7650,-14268,-5,4,-4,resting,0.00,0,0,0,0,0
1779933112329,-3206,7663,-14246,-3,5,-4,resting,0.00,0,0,0,0,0
1779933112330,-3185,7675,-14178,-2,5,-3,resting,0.00,0,0,0,0,0
1779933112357,-3201,7662,-14181,-2,4,-4,resting,0.00,0,0,0,0,0
1779933112358,-3201,7649,-14199,-2,4,-5,resting,0.00,0,0,0,0,0
1779933112359,-3216,7686,-14188,-3,6,-3,resting,0.00,0,0,0,0,0
1779933112387,-3219,7637,-14225,-5,6,-3,resting,0.00,0,0,0,0,0
1779933112388,-3242,7658,-14251,-6,7,-4,resting,0.00,0,0,0,0,0
1779933112388,-3243,7669,-14241,-4,6,-4,resting,0.00,0,0,0,0,0
1779933112415,-3227,7663,-14185,-4,5,-4,resting,0.00,0,0,0,0,0
1779933112416,-3202,7653,-14187,-6,6,-4,resting,0.00,0,0,0,0,0
1779933112416,-3190,7659,-14169,-6,7,-5,resting,0.00,0,0,0,0,0
1779933112445,-3186,7667,-14222,-6,5,-5,resting,0.00,0,0,0,0,0
1779933112446,-3195,7632,-14246,-5,7,-4,resting,0.00,0,0,0,0,0
1779933112446,-3227,7634,-14238,-6,6,-4,resting,0.00,0,0,0,0,0
1779933112478,-3214,7642,-14230,-4,5,-4,resting,0.00,0,0,0,0,0
1779933112479,-3220,7644,-14253,-8,5,-3,resting,0.00,0,0,0,0,0
1779933112480,-3202,7652,-14263,-8,6,-2,resting,0.00,0,0,0,0,0
1779933112506,-3208,7638,-14268,-8,5,0,resting,0.00,0,0,0,0,0
1779933112507,-3220,7672,-14283,-10,5,0,resting,0.00,0,0,0,0,0
1779933112508,-3280,7702,-14236,-7,4,-2,resting,0.00,0,0,0,0,0
1779933112537,-3226,7658,-14202,-4,3,-2,resting,0.00,0,0,0,0,0
1779933112538,-3200,7689,-14214,-1,3,-3,resting,0.00,0,0,0,0,0
1779933112538,-3237,7669,-14212,-1,3,-3,resting,0.00,0,0,0,0,0
1779933112565,-3224,7615,-14213,0,5,-3,resting,0.00,0,0,0,0,0
1779933112565,-3228,7607,-14177,-2,5,-1,resting,0.00,0,0,0,0,0
1779933112566,-3199,7619,-14192,-5,8,0,resting,0.00,0,0,0,0,0
1779933112595,-3220,7672,-14240,-8,6,3,resting,0.00,0,0,0,0,0
1779933112596,-3256,7737,-14246,-9,5,2,resting,0.00,0,0,0,0,0
1779933112597,-3252,7723,-14224,-8,6,-1,resting,0.00,0,0,0,0,0
1779933112626,-3265,7691,-14230,-3,5,-5,resting,0.00,0,0,0,0,0
1779933112626,-3217,7649,-14259,2,4,-5,resting,0.00,0,0,0,0,0
1779933112627,-3243,7607,-14245,2,4,-4,resting,0.00,0,0,0,0,0
1779933112655,-3251,7608,-14214,1,4,-2,resting,0.00,0,0,0,0,0
1779933112657,-3255,7601,-14213,-4,6,1,resting,0.00,0,0,0,0,0
1779933112657,-3247,7671,-14186,-8,7,2,resting,0.00,0,0,0,0,0
1779933112686,-3193,7719,-14178,-7,8,1,resting,0.00,0,0,0,0,0
1779933112687,-3169,7697,-14205,-7,7,-2,resting,0.00,0,0,0,0,0
1779933112687,-3201,7671,-14199,-8,8,-5,resting,0.00,0,0,0,0,0
1779933112715,-3229,7683,-14140,-7,9,-4,resting,0.00,0,0,0,0,0
1779933112715,-3261,7664,-14119,-4,11,-2,resting,0.00,0,0,0,0,0
1779933112716,-3288,7622,-14160,-1,13,0,resting,0.00,0,0,0,0,0
1779933112746,-3261,7610,-14226,1,14,1,resting,0.00,0,0,0,0,0
1779933112747,-3277,7612,-14196,2,16,2,resting,0.00,0,0,0,0,0
1779933112747,-3216,7628,-14199,-2,18,3,resting,0.00,0,0,0,0,0
1779933112778,-3245,7667,-14254,-6,18,4,resting,0.00,0,0,0,0,0
1779933112779,-3225,7674,-14207,-8,19,4,resting,0.00,0,0,0,0,0
1779933112780,-3246,7706,-14206,-5,19,2,resting,0.00,0,0,0,0,0
1779933112804,-3223,7695,-14246,-2,20,0,resting,0.00,0,0,0,0,0
1779933112805,-3241,7680,-14223,-2,18,-1,resting,0.00,0,0,0,0,0
1779933112806,-3206,7661,-14229,-2,19,-1,resting,0.00,0,0,0,0,0
1779933112838,-3201,7640,-14200,-3,19,0,resting,0.00,0,0,0,0,0
1779933112840,-3222,7627,-14236,-5,17,1,resting,0.00,0,0,0,0,0
1779933112841,-3209,7664,-14250,-6,16,1,resting,0.00,0,0,0,0,0
1779933112869,-3243,7662,-14248,-6,16,2,resting,0.00,0,0,0,0,0
1779933112873,-3195,7583,-14248,-5,12,1,resting,0.00,0,0,0,0,0
1779933112873,-3179,7605,-14246,-2,12,3,resting,0.00,0,0,0,0,0
1779933112895,-3218,7631,-14213,-1,13,5,resting,0.00,0,0,0,0,0
1779933112896,-3272,7650,-14200,-2,12,7,resting,0.00,0,0,0,0,0
1779933112896,-3250,7629,-14227,0,13,7,resting,0.00,0,0,0,0,0
1779933112927,-3242,7673,-14196,1,16,5,resting,0.00,0,0,0,0,0
1779933112928,-3251,7729,-14204,0,18,6,resting,0.00,0,0,0,0,0
1779933112929,-3195,7747,-14224,-2,18,2,resting,0.00,0,0,0,0,0
1779933112957,-3194,7714,-14220,-5,18,0,resting,0.00,0,0,0,0,0
1779933112957,-3218,7695,-14204,-5,18,0,resting,0.00,0,0,0,0,0
1779933112958,-3213,7650,-14208,-6,20,-1,resting,0.00,0,0,0,0,0
1779933112987,-3180,7635,-14218,-4,20,-2,resting,0.00,0,0,0,0,0
1779933112988,-3209,7612,-14269,-3,21,-2,resting,0.00,0,0,0,0,0
1779933112989,-3193,7602,-14268,-3,20,-1,resting,0.00,0,0,0,0,0
1779933113015,-3179,7630,-14221,-5,19,-1,resting,0.00,0,0,0,0,0
1779933113019,-3163,7638,-14254,-5,19,1,resting,0.00,0,0,0,0,0
1779933113019,-3183,7654,-14246,-5,18,3,resting,0.00,0,0,0,0,0
1779933113046,-3190,7675,-14276,-6,15,2,resting,0.00,0,0,0,0,0
1779933113046,-3161,7683,-14272,-3,13,3,resting,0.00,0,0,0,0,0
1779933113048,-3143,7672,-14254,-2,14,2,resting,0.00,0,0,0,0,0
1779933113081,-3182,7657,-14239,-2,13,1,resting,0.00,0,0,0,0,0
1779933113105,-3177,7643,-14248,-2,13,2,resting,0.00,0,0,0,0,0
1779933113106,-3207,7636,-14296,-3,14,2,resting,0.00,0,0,0,0,0
1779933113106,-3183,7631,-14242,-6,13,3,resting,0.00,0,0,0,0,0
1779933113107,-3200,7656,-14218,-8,13,4,resting,0.00,0,0,0,0,0
1779933113108,-3186,7678,-14233,-6,13,3,resting,0.00,0,0,0,0,0
1779933113136,-3199,7665,-14185,-5,12,3,resting,0.00,0,0,0,0,0
1779933113137,-3184,7660,-14227,-3,13,2,resting,0.00,0,0,0,0,0
1779933113137,-3167,7633,-14224,-3,14,3,resting,0.00,0,0,0,0,0
1779933113166,-3200,7632,-14206,-5,13,3,resting,0.00,0,0,0,0,0
1779933113170,-3190,7643,-14242,-8,15,3,resting,0.00,0,0,0,0,0
1779933113171,-3190,7649,-14224,-8,17,5,resting,0.00,0,0,0,0,0
1779933113196,-3168,7661,-14231,-6,17,4,resting,0.00,0,0,0,0,0
1779933113196,-3192,7646,-14251,-5,15,3,resting,0.00,0,0,0,0,0
1779933113197,-3193,7700,-14214,-4,14,4,resting,0.00,0,0,0,0,0
1779933113228,-3214,7676,-14235,-4,16,5,resting,0.00,0,0,0,0,0
1779933113228,-3186,7645,-14231,-4,16,2,resting,0.00,0,0,0,0,0
1779933113229,-3184,7654,-14199,-3,15,3,resting,0.00,0,0,0,0,0
1779933113255,-3172,7673,-14237,-4,14,4,resting,0.00,0,0,0,0,0
1779933113255,-3176,7675,-14216,-6,14,3,resting,0.00,0,0,0,0,0
1779933113256,-3134,7643,-14230,-4,14,2,resting,0.00,0,0,0,0,0
1779933113286,-3169,7687,-14254,-5,13,3,resting,0.00,0,0,0,0,0
1779933113287,-3171,7662,-14216,-5,12,2,resting,0.00,0,0,0,0,0
1779933113287,-3148,7659,-14238,-3,12,1,resting,0.00,0,0,0,0,0
1779933113316,-3182,7672,-14255,-2,12,0,resting,0.00,0,0,0,0,0
1779933113317,-3162,7685,-14262,-3,13,0,resting,0.00,0,0,0,0,0
1779933113320,-3156,7631,-14256,-4,12,1,resting,0.00,0,0,0,0,0
1779933113347,-3124,7638,-14215,-3,13,2,resting,0.00,0,0,0,0,0
1779933113348,-3160,7674,-14232,-4,13,2,resting,0.00,0,0,0,0,0
1779933113348,-3169,7661,-14246,-5,13,0,resting,0.00,0,0,0,0,0
1779933113377,-3191,7693,-14238,-3,15,-1,resting,0.00,0,0,0,0,0
1779933113378,-3174,7666,-14217,-1,13,0,resting,0.00,0,0,0,0,0
1779933113378,-3158,7650,-14195,-3,13,-1,resting,0.00,0,0,0,0,0
1779933113406,-3163,7604,-14256,-3,14,0,resting,0.00,0,0,0,0,0
1779933113407,-3193,7624,-14237,-6,13,3,resting,0.00,0,0,0,0,0
1779933113408,-3199,7672,-14245,-7,12,3,resting,0.00,0,0,0,0,0
1779933113435,-3161,7676,-14268,-4,9,1,resting,0.00,0,0,0,0,0
1779933113436,-3177,7654,-14289,0,9,-1,resting,0.00,0,0,0,0,0
1779933113437,-3163,7618,-14240,1,9,1,resting,0.00,0,0,0,0,0
1779933113468,-3188,7567,-14189,0,10,2,resting,0.00,0,0,0,0,0
1779933113469,-3202,7645,-14231,-4,10,3,resting,0.00,0,0,0,0,0
1779933113470,-3171,7698,-14204,-6,11,2,resting,0.00,0,0,0,0,0
1779933113495,-3125,7713,-14222,-7,12,1,resting,0.00,0,0,0,0,0
1779933113496,-3156,7703,-14215,-7,12,-1,resting,0.00,0,0,0,0,0
1779933113497,-3128,7717,-14180,-7,11,-3,resting,0.00,0,0,0,0,0
1779933113527,-3171,7686,-14209,-6,11,-5,resting,0.00,0,0,0,0,0
1779933113528,-3180,7655,-14203,-4,12,-5,resting,0.00,0,0,0,0,0
1779933113529,-3183,7621,-14246,-1,13,-6,resting,0.00,0,0,0,0,0
1779933113555,-3187,7604,-14253,-1,14,-5,resting,0.00,0,0,0,0,0
1779933113556,-3166,7588,-14242,-1,14,-2,resting,0.00,0,0,0,0,0
1779933113556,-3167,7605,-14218,-2,15,0,resting,0.00,0,0,0,0,0
1779933113585,-3169,7621,-14245,-5,15,2,resting,0.00,0,0,0,0,0
1779933113586,-3181,7622,-14257,-5,15,4,resting,0.00,0,0,0,0,0
1779933113587,-3158,7702,-14221,-5,15,2,resting,0.00,0,0,0,0,0
1779933113615,-3132,7741,-14254,-3,15,0,resting,0.00,0,0,0,0,0
1779933113617,-3117,7696,-14270,-3,13,-1,resting,0.00,0,0,0,0,0
1779933113617,-3116,7668,-14253,-3,13,-2,resting,0.00,0,0,0,0,0
1779933113646,-3120,7617,-14213,-3,12,-3,resting,0.00,0,0,0,0,0
1779933113646,-3123,7647,-14228,-5,11,-3,resting,0.00,0,0,0,0,0
1779933113647,-3179,7643,-14275,-7,12,-2,resting,0.00,0,0,0,0,0
1779933113676,-3153,7661,-14274,-6,11,-2,resting,0.00,0,0,0,0,0
1779933113676,-3114,7649,-14267,-4,10,-2,resting,0.00,0,0,0,0,0
1779933113677,-3106,7611,-14318,-4,10,-1,resting,0.00,0,0,0,0,0
1779933113705,-3106,7595,-14273,-3,9,0,resting,0.00,0,0,0,0,0
1779933113706,-3147,7622,-14193,-2,9,3,resting,0.00,0,0,0,0,0
1779933113707,-3167,7625,-14246,-3,10,4,resting,0.00,0,0,0,0,0
1779933113738,-3154,7644,-14247,-5,11,5,resting,0.00,0,0,0,0,0
1779933113739,-3161,7652,-14235,-6,11,5,resting,0.00,0,0,0,0,0
1779933113740,-3158,7671,-14234,-7,11,5,resting,0.00,0,0,0,0,0
1779933113768,-3143,7747,-14229,-6,13,4,resting,0.00,0,0,0,0,0
1779933113770,-3143,7745,-14219,-5,13,1,resting,0.00,0,0,0,0,0
1779933113770,-3136,7681,-14199,-3,14,-1,resting,0.00,0,0,0,0,0
1779933113795,-3137,7642,-14216,-3,13,-2,resting,0.00,0,0,0,0,0
1779933113796,-3143,7600,-14244,-1,12,0,resting,0.00,0,0,0,0,0
1779933113797,-3178,7594,-14271,-3,13,-1,resting,0.00,0,0,0,0,0
1779933113827,-3128,7588,-14248,-6,13,1,resting,0.00,0,0,0,0,0
1779933113828,-3100,7626,-14202,-7,13,3,resting,0.00,0,0,0,0,0
1779933113829,-3138,7644,-14264,-10,13,5,resting,0.00,0,0,0,0,0
1779933113855,-3144,7687,-14284,-8,12,5,resting,0.00,0,0,0,0,0
1779933113860,-3130,7689,-14233,-5,10,3,resting,0.00,0,0,0,0,0
1779933113860,-3127,7677,-14224,-2,8,2,resting,0.00,0,0,0,0,0
1779933113885,-3123,7641,-14244,-1,8,2,resting,0.00,0,0,0,0,0
1779933113886,-3127,7609,-14240,-3,9,3,resting,0.00,0,0,0,0,0
1779933113887,-3137,7632,-14242,-6,10,3,resting,0.00,0,0,0,0,0
1779933113918,-3135,7677,-14220,-8,9,2,resting,0.00,0,0,0,0,0
1779933113919,-3161,7694,-14201,-6,9,3,resting,0.00,0,0,0,0,0
1779933113919,-3162,7653,-14235,-5,10,2,resting,0.00,0,0,0,0,0
1779933113944,-3141,7660,-14227,-4,10,2,resting,0.00,0,0,0,0,0
1779933113945,-3157,7715,-14206,-4,10,1,resting,0.00,0,0,0,0,0
1779933113946,-3100,7667,-14203,-3,11,2,resting,0.00,0,0,0,0,0
1779933113974,-3133,7649,-14272,-5,11,0,resting,0.00,0,0,0,0,0
1779933113975,-3159,7668,-14251,-7,12,2,resting,0.00,0,0,0,0,0
1779933113977,-3154,7684,-14212,-5,12,2,resting,0.00,0,0,0,0,0
1779933114006,-3177,7652,-14217,-4,11,1,resting,0.00,0,0,0,0,0
1779933114006,-3136,7639,-14267,-5,10,0,resting,0.00,0,0,0,0,0
1779933114007,-3118,7641,-14273,-6,13,0,resting,0.00,0,0,0,0,0
1779933114037,-3138,7676,-14214,-3,13,0,resting,0.00,0,0,0,0,0
1779933114037,-3120,7675,-14247,-1,11,-3,resting,0.00,0,0,0,0,0
1779933114038,-3151,7651,-14248,-3,10,-4,resting,0.00,0,0,0,0,0
1779933114071,-3146,7640,-14216,-4,8,-3,resting,0.00,0,0,0,0,0
1779933114072,-3151,7645,-14237,-4,7,-3,resting,0.00,0,0,0,0,0
1779933114072,-3145,7641,-14229,-3,9,-1,resting,0.00,0,0,0,0,0
1779933114095,-3141,7651,-14270,-2,10,-1,resting,0.00,0,0,0,0,0
1779933114096,-3156,7643,-14245,-4,9,-3,resting,0.00,0,0,0,0,0
1779933114097,-3155,7609,-14228,-3,9,-2,resting,0.00,0,0,0,0,0
1779933114127,-3159,7652,-14235,-3,10,1,resting,0.00,0,0,0,0,0
1779933114128,-3164,7681,-14226,-4,12,-1,resting,0.00,0,0,0,0,0
1779933114129,-3151,7652,-14240,-5,13,-2,resting,0.00,0,0,0,0,0
1779933114155,-3119,7641,-14257,-5,13,0,resting,0.00,0,0,0,0,0
1779933114156,-3101,7668,-14242,-5,14,-1,resting,0.00,0,0,0,0,0
1779933114157,-3098,7669,-14231,-5,15,-3,resting,0.00,0,0,0,0,0
1779933114185,-3124,7647,-14238,-4,14,-3,resting,0.00,0,0,0,0,0
1779933114186,-3152,7664,-14284,-5,12,0,resting,0.00,0,0,0,0,0
1779933114186,-3121,7669,-14267,-8,11,0,resting,0.00,0,0,0,0,0
1779933114217,-3120,7665,-14267,-6,10,-1,resting,0.00,0,0,0,0,0
1779933114218,-3138,7637,-14266,-4,11,0,resting,0.00,0,0,0,0,0
1779933114219,-3162,7633,-14245,-7,10,0,resting,0.00,0,0,0,0,0
1779933114245,-3139,7629,-14217,-7,9,1,resting,0.00,0,0,0,0,0
1779933114248,-3204,7683,-14197,-7,9,1,resting,0.00,0,0,0,0,0
1779933114251,-3156,7669,-14236,-5,11,0,resting,0.00,0,0,0,0,0
1779933114277,-3125,7627,-14227,-5,11,0,resting,0.00,0,0,0,0,0
1779933114278,-3125,7619,-14189,-3,11,0,resting,0.00,0,0,0,0,0
1779933114278,-3131,7635,-14206,-5,12,1,resting,0.00,0,0,0,0,0
1779933114305,-3103,7673,-14257,-7,11,0,resting,0.00,0,0,0,0,0
1779933114309,-3120,7681,-14293,-8,12,1,resting,0.00,0,0,0,0,0
1779933114310,-3147,7686,-14259,-7,11,0,resting,0.00,0,0,0,0,0
1779933114335,-3098,7668,-14250,-4,10,-2,resting,0.00,0,0,0,0,0
1779933114336,-3122,7682,-14248,-3,11,-2,resting,0.00,0,0,0,0,0
1779933114336,-3126,7674,-14275,-2,9,-2,resting,0.00,0,0,0,0,0
1779933114368,-3122,7656,-14223,-1,8,-2,resting,0.00,0,0,0,0,0
1779933114368,-3126,7624,-14230,-2,8,-3,resting,0.00,0,0,0,0,0
1779933114369,-3131,7594,-14212,-4,7,0,resting,0.00,0,0,0,0,0
1779933114394,-3114,7618,-14236,-6,9,2,resting,0.00,0,0,0,0,0
1779933114395,-3140,7672,-14261,-8,9,4,resting,0.00,0,0,0,0,0
1779933114395,-3170,7658,-14246,-7,8,1,resting,0.00,0,0,0,0,0
1779933114426,-3137,7644,-14266,-5,8,1,resting,0.00,0,0,0,0,0
1779933114427,-3109,7639,-14232,-3,9,3,resting,0.00,0,0,0,0,0
1779933114427,-3119,7617,-14185,-2,9,5,resting,0.00,0,0,0,0,0
1779933114455,-3158,7619,-14192,-3,10,7,resting,0.00,0,0,0,0,0
1779933114456,-3161,7655,-14250,-4,12,5,resting,0.00,0,0,0,0,0
1779933114457,-3092,7696,-14280,-6,14,3,resting,0.00,0,0,0,0,0
1779933114488,-3081,7728,-14268,-10,14,1,resting,0.00,0,0,0,0,0
1779933114492,-3074,7722,-14244,-9,12,-3,resting,0.00,0,0,0,0,0
1779933114493,-3071,7698,-14275,-9,10,-5,resting,0.00,0,0,0,0,0
1779933114518,-3134,7656,-14309,-7,8,-4,resting,0.00,0,0,0,0,0
1779933114518,-3162,7581,-14237,0,10,-1,resting,0.00,0,0,0,0,0
1779933114519,-3205,7600,-14228,1,11,0,resting,0.00,0,0,0,0,0
1779933114546,-3159,7617,-14237,1,10,2,resting,0.00,0,0,0,0,0
1779933114546,-3124,7643,-14217,-1,12,4,resting,0.00,0,0,0,0,0
1779933114547,-3084,7685,-14208,-4,12,4,resting,0.00,0,0,0,0,0
1779933114577,-3094,7667,-14254,-6,12,4,resting,0.00,0,0,0,0,0
1779933114578,-3102,7719,-14222,-4,12,3,resting,0.00,0,0,0,0,0
1779933114578,-3110,7740,-14224,-3,13,0,resting,0.00,0,0,0,0,0
1779933114605,-3110,7707,-14257,-3,13,-3,resting,0.00,0,0,0,0,0
1779933114605,-3111,7640,-14284,-3,13,-5,resting,0.00,0,0,0,0,0
1779933114606,-3138,7618,-14287,-3,12,-7,resting,0.00,0,0,0,0,0
1779933114638,-3136,7632,-14249,-5,11,-5,resting,0.00,0,0,0,0,0
1779933114639,-3130,7637,-14243,-6,11,-1,resting,0.00,0,0,0,0,0
1779933114639,-3135,7676,-14276,-8,9,1,resting,0.00,0,0,0,0,0
1779933114667,-3087,7687,-14256,-5,7,-2,resting,0.00,0,0,0,0,0
1779933114668,-3068,7645,-14290,-1,8,-3,resting,0.00,0,0,0,0,0
1779933114669,-3063,7597,-14265,1,9,0,resting,0.00,0,0,0,0,0
1779933114694,-3128,7592,-14237,-2,8,2,resting,0.00,0,0,0,0,0
1779933114695,-3129,7637,-14201,-3,8,2,resting,0.00,0,0,0,0,0
1779933114696,-3145,7678,-14195,-7,10,3,resting,0.00,0,0,0,0,0
1779933114729,-3123,7671,-14223,-8,11,3,resting,0.00,0,0,0,0,0
1779933114730,-3117,7728,-14220,-6,12,1,resting,0.00,0,0,0,0,0
1779933114731,-3127,7753,-14222,-4,14,-1,resting,0.00,0,0,0,0,0
1779933114755,-3136,7688,-14212,-2,12,-3,resting,0.00,0,0,0,0,0
1779933114756,-3103,7645,-14280,-3,12,-5,resting,0.00,0,0,0,0,0
1779933114760,-3088,7635,-14283,-5,10,-6,resting,0.00,0,0,0,0,0
1779933114786,-3099,7633,-14262,-6,8,-4,resting,0.00,0,0,0,0,0
1779933114787,-3141,7637,-14285,-6,9,-2,resting,0.00,0,0,0,0,0
1779933114788,-3142,7612,-14251,-5,7,-2,resting,0.00,0,0,0,0,0
1779933114817,-3137,7635,-14249,-5,6,-1,resting,0.00,0,0,0,0,0
1779933114817,-3117,7643,-14269,-5,6,-1,resting,0.00,0,0,0,0,0
1779933114819,-3122,7622,-14258,-5,6,0,resting,0.00,0,0,0,0,0
1779933114846,-3115,7658,-14234,-5,6,0,resting,0.00,0,0,0,0,0
1779933114847,-3134,7664,-14253,-5,4,1,resting,0.00,0,0,0,0,0
1779933114848,-3151,7672,-14215,-4,5,-2,resting,0.00,0,0,0,0,0
1779933114876,-3113,7665,-14220,-5,7,-3,resting,0.00,0,0,0,0,0
1779933114877,-3104,7661,-14232,-5,8,-1,resting,0.00,0,0,0,0,0
1779933114877,-3115,7648,-14272,-6,7,-1,resting,0.00,0,0,0,0,0
1779933114909,-3120,7656,-14254,-8,6,0,resting,0.00,0,0,0,0,0
1779933114910,-3141,7669,-14256,-8,6,-1,resting,0.00,0,0,0,0,0
1779933114911,-3126,7683,-14253,-6,6,-2,resting,0.00,0,0,0,0,0
1779933114935,-3115,7669,-14264,-5,5,-2,resting,0.00,0,0,0,0,0
1779933114936,-3111,7641,-14245,-2,4,-4,resting,0.00,0,0,0,0,0
1779933114936,-3122,7629,-14254,1,4,-2,resting,0.00,0,0,0,0,0
1779933114967,-3149,7632,-14285,-2,4,0,resting,0.00,0,0,0,0,0
1779933114968,-3143,7644,-14248,-4,4,-1,resting,0.00,0,0,0,0,0
1779933114968,-3128,7665,-14190,-6,3,-1,resting,0.00,0,0,0,0,0
1779933114996,-3151,7666,-14223,-6,3,1,resting,0.00,0,0,0,0,0
1779933115025,-3156,7699,-14254,-5,3,-2,resting,0.00,0,0,0,0,0
1779933115026,-3139,7655,-14254,-2,6,-3,resting,0.00,0,0,0,0,0
1779933115028,-3136,7634,-14258,-2,4,-2,resting,0.00,0,0,0,0,0
1779933115028,-3110,7622,-14254,-3,5,-1,resting,0.00,0,0,0,0,0
1779933115029,-3117,7619,-14256,-4,4,-1,resting,0.00,0,0,0,0,0
1779933115062,-3129,7658,-14231,-5,2,-1,resting,0.00,0,0,0,0,0
1779933115063,-3174,7671,-14261,-5,2,-2,resting,0.00,0,0,0,0,0
1779933115063,-3158,7668,-14264,-7,1,-3,resting,0.00,0,0,0,0,0
1779933115085,-3125,7682,-14243,-6,2,-2,resting,0.00,0,0,0,0,0
1779933115086,-3123,7651,-14238,-2,2,-2,resting,0.00,0,0,0,0,0
1779933115087,-3110,7653,-14215,-1,0,-4,resting,0.00,0,0,0,0,0
1779933115117,-3159,7619,-14197,-2,1,-2,resting,0.00,0,0,0,0,0
1779933115119,-3150,7591,-14223,-4,1,-1,resting,0.00,0,0,0,0,0
1779933115120,-3143,7639,-14230,-7,2,-1,resting,0.00,0,0,0,0,0
1779933115145,-3147,7716,-14246,-8,1,-1,resting,0.00,0,0,0,0,0
1779933115146,-3123,7679,-14209,-6,1,-2,resting,0.00,0,0,0,0,0
1779933115146,-3131,7651,-14251,-4,1,-3,resting,0.00,0,0,0,0,0
1779933115175,-3148,7650,-14207,-2,1,-2,resting,0.00,0,0,0,0,0
1779933115177,-3176,7652,-14201,-4,1,-1,resting,0.00,0,0,0,0,0
1779933115177,-3144,7653,-14199,-5,2,-2,resting,0.00,0,0,0,0,0
1779933115206,-3161,7636,-14209,-6,3,-2,resting,0.00,0,0,0,0,0
1779933115207,-3166,7657,-14239,-8,2,-2,resting,0.00,0,0,0,0,0
1779933115209,-3164,7693,-14208,-8,3,-2,resting,0.00,0,0,0,0,0
1779933115235,-3164,7682,-14219,-6,3,-3,resting,0.00,0,0,0,0,0
1779933115236,-3156,7640,-14226,-6,2,-3,resting,0.00,0,0,0,0,0
1779933115236,-3169,7618,-14232,-6,3,-4,resting,0.00,0,0,0,0,0
1779933115266,-3181,7633,-14216,-5,2,-2,resting,0.00,0,0,0,0,0
1779933115267,-3157,7622,-14243,-4,2,-3,resting,0.00,0,0,0,0,0
1779933115267,-3172,7662,-14216,-5,3,-2,resting,0.00,0,0,0,0,0
1779933115295,-3186,7656,-14241,-7,3,-3,resting,0.00,0,0,0,0,0
1779933115328,-3159,7625,-14234,-5,4,-2,resting,0.00,0,0,0,0,0
1779933115329,-3193,7623,-14219,-6,4,-3,resting,0.00,0,0,0,0,0
1779933115329,-3201,7653,-14220,-5,3,-2,resting,0.00,0,0,0,0,0
1779933115330,-3148,7654,-14228,-7,3,-1,resting,0.00,0,0,0,0,0
1779933115334,-3151,7679,-14257,-6,3,-1,resting,0.00,0,0,0,0,0
1779933115359,-3209,7669,-14224,-3,3,-3,resting,0.00,0,0,0,0,0
1779933115359,-3189,7676,-14241,-5,2,-3,resting,0.00,0,0,0,0,0
1779933115360,-3175,7648,-14236,-4,1,-3,resting,0.00,0,0,0,0,0
1779933115387,-3186,7677,-14232,-3,3,-4,resting,0.00,0,0,0,0,0
1779933115388,-3187,7628,-14232,-3,3,-3,resting,0.00,0,0,0,0,0
1779933115393,-3164,7597,-14221,-5,2,-4,resting,0.00,0,0,0,0,0
1779933115416,-3171,7600,-14205,-7,4,-4,resting,0.00,0,0,0,0,0
1779933115417,-3168,7601,-14220,-7,4,-1,resting,0.00,0,0,0,0,0
1779933115418,-3197,7630,-14244,-9,4,3,resting,0.00,0,0,0,0,0
1779933115445,-3191,7651,-14271,-9,2,4,resting,0.00,0,0,0,0,0
1779933115446,-3198,7678,-14263,-7,0,2,resting,0.00,0,0,0,0,0
1779933115446,-3214,7697,-14277,-3,0,-1,resting,0.00,0,0,0,0,0
1779933115475,-3180,7660,-14211,-2,1,1,resting,0.00,0,0,0,0,0
1779933115477,-3177,7660,-14230,-3,-1,1,resting,0.00,0,0,0,0,0
1779933115477,-3217,7625,-14216,-4,-1,1,resting,0.00,0,0,0,0,0
1779933115507,-3220,7657,-14217,-6,0,2,resting,0.00,0,0,0,0,0
1779933115507,-3187,7694,-14224,-11,1,-2,resting,0.00,0,0,0,0,0
1779933115508,-3181,7704,-14262,-9,1,-4,resting,0.00,0,0,0,0,0
1779933115534,-3162,7698,-14250,-9,0,-4,resting,0.00,0,0,0,0,0
1779933115535,-3170,7700,-14175,-10,1,-5,resting,0.00,0,0,0,0,0
1779933115536,-3228,7653,-14225,-8,1,-5,resting,0.00,0,0,0,0,0
1779933115567,-3228,7646,-14210,-6,2,-4,resting,0.00,0,0,0,0,0
1779933115568,-3251,7642,-14169,-2,3,-2,resting,0.00,0,0,0,0,0
1779933115569,-3263,7665,-14163,1,5,0,resting,0.00,0,0,0,0,0
1779933115595,-3214,7641,-14174,1,6,1,resting,0.00,0,0,0,0,0
1779933115595,-3180,7655,-14209,0,5,1,resting,0.00,0,0,0,0,0
1779933115596,-3240,7683,-14221,-2,6,2,resting,0.00,0,0,0,0,0
1779933115624,-3226,7685,-14218,-5,7,0,resting,0.00,0,0,0,0,0
1779933115626,-3226,7720,-14228,-4,6,-3,resting,0.00,0,0,0,0,0
1779933115626,-3219,7679,-14268,-5,5,-8,resting,0.00,0,0,0,0,0
1779933115657,-3220,7632,-14229,-3,3,-10,resting,0.00,0,0,0,0,0
1779933115658,-3171,7579,-14231,-2,2,-9,resting,0.00,0,0,0,0,0
1779933115658,-3183,7610,-14230,-7,2,-7,resting,0.00,0,0,0,0,0
1779933115686,-3231,7631,-14247,-10,1,-5,resting,0.00,0,0,0,0,0
1779933115687,-3209,7634,-14241,-10,1,-5,resting,0.00,0,0,0,0,0
1779933115687,-3201,7675,-14312,-10,1,-5,resting,0.00,0,0,0,0,0
1779933115720,-3179,7675,-14212,-6,0,-5,resting,0.00,0,0,0,0,0
1779933115720,-3185,7640,-14197,-1,2,-2,resting,0.00,0,0,0,0,0
1779933115721,-3236,7646,-14193,1,-1,-2,resting,0.00,0,0,0,0,0
1779933115749,-3248,7630,-14143,-1,0,-1,resting,0.00,0,0,0,0,0
1779933115751,-3243,7682,-14170,-3,2,0,resting,0.00,0,0,0,0,0
1779933115752,-3233,7699,-14215,-3,4,0,resting,0.00,0,0,0,0,0
1779933115776,-3216,7679,-14218,-5,4,-2,resting,0.00,0,0,0,0,0
1779933115776,-3218,7654,-14176,-6,5,-5,resting,0.00,0,0,0,0,0
1779933115777,-3205,7673,-14174,-7,7,-7,resting,0.00,0,0,0,0,0
1779933115808,-3216,7684,-14206,-7,7,-7,resting,0.00,0,0,0,0,0
1779933115809,-3249,7652,-14195,-8,8,-6,resting,0.00,0,0,0,0,0
1779933115810,-3261,7670,-14242,-6,8,-6,resting,0.00,0,0,0,0,0
1779933115834,-3258,7683,-14239,-4,7,-6,resting,0.00,0,0,0,0,0
1779933115835,-3237,7642,-14209,-6,6,-6,resting,0.00,0,0,0,0,0
1779933115836,-3212,7624,-14237,-6,7,-3,resting,0.00,0,0,0,0,0
1779933115869,-3205,7625,-14235,-6,6,-1,resting,0.00,0,0,0,0,0
1779933115869,-3203,7622,-14241,-7,4,0,resting,0.00,0,0,0,0,0
1779933115870,-3197,7650,-14211,-8,4,1,resting,0.00,0,0,0,0,0
1779933115895,-3198,7665,-14246,-6,5,0,resting,0.00,0,0,0,0,0
1779933115895,-3194,7653,-14187,-6,4,1,resting,0.00,0,0,0,0,0
1779933115896,-3252,7658,-14181,-4,4,2,resting,0.00,0,0,0,0,0
1779933115925,-3245,7647,-14190,-5,4,1,resting,0.00,0,0,0,0,0
1779933115926,-3268,7663,-14193,-7,4,1,resting,0.00,0,0,0,0,0
1779933115926,-3283,7643,-14214,-5,6,-1,resting,0.00,0,0,0,0,0
1779933115957,-3283,7682,-14209,-6,6,1,resting,0.00,0,0,0,0,0
1779933115958,-3274,7623,-14201,-6,7,1,resting,0.00,0,0,0,0,0
1779933115958,-3235,7621,-14186,-7,7,1,resting,0.00,0,0,0,0,0
1779933115985,-3230,7645,-14190,-9,8,0,resting,0.00,0,0,0,0,0
1779933115986,-3238,7647,-14192,-7,9,1,resting,0.00,0,0,0,0,0
1779933115987,-3263,7666,-14181,-5,10,1,resting,0.00,0,0,0,0,0
1779933116017,-3257,7662,-14190,-6,9,0,resting,0.00,0,0,0,0,0
1779933116018,-3255,7620,-14227,-5,10,-1,resting,0.00,0,0,0,0,0
1779933116019,-3246,7666,-14218,-4,12,0,resting,0.00,0,0,0,0,0
1779933116045,-3230,7656,-14169,-5,10,0,resting,0.00,0,0,0,0,0
1779933116052,-3233,7619,-14204,-7,11,2,resting,0.00,0,0,0,0,0
1779933116053,-3291,7625,-14189,-7,11,4,resting,0.00,0,0,0,0,0
1779933116077,-3279,7669,-14207,-7,12,2,resting,0.00,0,0,0,0,0
1779933116078,-3241,7715,-14226,-4,12,1,resting,0.00,0,0,0,0,0
1779933116078,-3248,7660,-14195,-4,14,1,resting,0.00,0,0,0,0,0
1779933116107,-3226,7636,-14205,-3,15,1,resting,0.00,0,0,0,0,0
1779933116108,-3241,7631,-14184,-3,16,1,resting,0.00,0,0,0,0,0
1779933116109,-3198,7663,-14184,-5,17,3,resting,0.00,0,0,0,0,0
1779933116134,-3269,7668,-14225,-7,18,3,resting,0.00,0,0,0,0,0
1779933116135,-3238,7636,-14243,-6,18,3,resting,0.00,0,0,0,0,0
1779933116135,-3224,7657,-14202,-3,17,4,resting,0.00,0,0,0,0,0
1779933116166,-3232,7685,-14225,-3,17,3,resting,0.00,0,0,0,0,0
1779933116167,-3223,7646,-14180,-3,17,3,resting,0.00,0,0,0,0,0
1779933116168,-3231,7626,-14197,-2,19,3,resting,0.00,0,0,0,0,0
1779933116194,-3222,7668,-14204,-3,20,2,resting,0.00,0,0,0,0,0
1779933116195,-3203,7664,-14224,-5,20,2,resting,0.00,0,0,0,0,0
1779933116199,-3217,7710,-14203,-7,21,3,resting,0.00,0,0,0,0,0
1779933116225,-3224,7696,-14210,-7,20,2,resting,0.00,0,0,0,0,0
1779933116226,-3186,7661,-14260,-6,20,1,resting,0.00,0,0,0,0,0
1779933116226,-3161,7646,-14220,-4,18,0,resting,0.00,0,0,0,0,0
1779933116256,-3205,7647,-14206,-5,17,0,resting,0.00,0,0,0,0,0
1779933116257,-3215,7668,-14241,-2,16,1,resting,0.00,0,0,0,0,0
1779933116257,-3210,7655,-14237,1,15,0,resting,0.00,0,0,0,0,0
1779933116285,-3230,7641,-14187,1,16,1,resting,0.00,0,0,0,0,0
1779933116286,-3198,7645,-14204,-1,17,2,resting,0.00,0,0,0,0,0
1779933116287,-3188,7664,-14250,-2,15,3,resting,0.00,0,0,0,0,0
1779933116318,-3212,7697,-14224,-5,16,2,resting,0.00,0,0,0,0,0
1779933116319,-3196,7727,-14230,-5,15,1,resting,0.00,0,0,0,0,0
1779933116320,-3217,7715,-14256,-4,14,0,resting,0.00,0,0,0,0,0
1779933116345,-3215,7710,-14216,-1,14,-1,resting,0.00,0,0,0,0,0
1779933116349,-3206,7635,-14225,0,12,-3,resting,0.00,0,0,0,0,0
1779933116350,-3199,7592,-14215,1,11,0,resting,0.00,0,0,0,0,0
1779933116375,-3202,7603,-14204,-1,13,3,resting,0.00,0,0,0,0,0
1779933116377,-3234,7665,-14204,-3,14,2,resting,0.00,0,0,0,0,0
1779933116378,-3165,7690,-14256,-3,14,1,resting,0.00,0,0,0,0,0
1779933116406,-3160,7679,-14259,-5,14,0,resting,0.00,0,0,0,0,0
1779933116407,-3139,7711,-14238,-5,14,-1,resting,0.00,0,0,0,0,0
1779933116408,-3167,7671,-14230,-5,13,-4,resting,0.00,0,0,0,0,0
1779933116443,-3192,7671,-14205,-5,14,-3,resting,0.00,0,0,0,0,0
1779933116444,-3205,7680,-14217,-3,15,-4,resting,0.00,0,0,0,0,0
1779933116445,-3210,7605,-14204,-2,15,-3,resting,0.00,0,0,0,0,0
1779933116467,-3237,7588,-14209,1,16,0,resting,0.00,0,0,0,0,0
1779933116468,-3260,7632,-14195,2,17,1,resting,0.00,0,0,0,0,0
1779933116468,-3199,7624,-14201,0,16,1,resting,0.00,0,0,0,0,0
1779933116494,-3190,7663,-14204,-2,17,1,resting,0.00,0,0,0,0,0
1779933116499,-3217,7674,-14249,-4,17,2,resting,0.00,0,0,0,0,0
1779933116499,-3172,7683,-14236,-3,17,1,resting,0.00,0,0,0,0,0
1779933116525,-3163,7708,-14202,-4,15,0,resting,0.00,0,0,0,0,0
1779933116526,-3183,7661,-14263,-4,15,-3,resting,0.00,0,0,0,0,0
1779933116526,-3187,7660,-14243,-4,14,-3,resting,0.00,0,0,0,0,0
1779933116556,-3207,7601,-14204,-4,15,-3,resting,0.00,0,0,0,0,0
1779933116558,-3221,7642,-14258,-5,15,0,resting,0.00,0,0,0,0,0
1779933116558,-3198,7661,-14240,-7,13,-1,resting,0.00,0,0,0,0,0
1779933116585,-3154,7634,-14254,-7,11,0,resting,0.00,0,0,0,0,0
1779933116585,-3158,7616,-14215,-4,9,0,resting,0.00,0,0,0,0,0
1779933116586,-3164,7598,-14256,-5,7,2,resting,0.00,0,0,0,0,0
1779933116615,-3177,7626,-14226,-4,9,5,resting,0.00,0,0,0,0,0
1779933116615,-3199,7635,-14223,-1,8,5,resting,0.00,0,0,0,0,0
1779933116616,-3247,7603,-14227,-1,8,6,resting,0.00,0,0,0,0,0
1779933116647,-3208,7650,-14203,0,14,7,resting,0.00,0,0,0,0,0
1779933116648,-3165,7692,-14203,-4,14,7,resting,0.00,0,0,0,0,0
1779933116649,-3164,7728,-14207,-6,14,5,resting,0.00,0,0,0,0,0
1779933116675,-3162,7712,-14194,-9,16,2,resting,0.00,0,0,0,0,0
1779933116676,-3146,7692,-14208,-8,17,1,resting,0.00,0,0,0,0,0
1779933116676,-3172,7678,-14228,-6,15,1,resting,0.00,0,0,0,0,0
1779933116704,-3180,7668,-14257,-2,16,-1,resting,0.00,0,0,0,0,0
1779933116711,-3191,7639,-14228,-2,16,-1,resting,0.00,0,0,0,0,0
1779933116712,-3203,7578,-14245,-2,15,0,resting,0.00,0,0,0,0,0
1779933116735,-3206,7595,-14264,-5,16,0,resting,0.00,0,0,0,0,0
1779933116735,-3201,7615,-14235,-10,14,4,resting,0.00,0,0,0,0,0
1779933116736,-3177,7656,-14257,-9,13,5,resting,0.00,0,0,0,0,0
1779933116765,-3173,7653,-14269,-6,10,6,resting,0.00,0,0,0,0,0
1779933116767,-3178,7676,-14273,-4,11,5,resting,0.00,0,0,0,0,0
1779933116767,-3159,7661,-14231,-2,12,5,resting,0.00,0,0,0,0,0
1779933116798,-3160,7687,-14169,-4,11,6,resting,0.00,0,0,0,0,0
1779933116799,-3154,7642,-14175,-4,12,5,resting,0.00,0,0,0,0,0
1779933116800,-3179,7654,-14222,-3,13,3,resting,0.00,0,0,0,0,0
1779933116829,-3182,7654,-14215,-4,13,3,resting,0.00,0,0,0,0,0
1779933116830,-3170,7687,-14244,-6,14,5,resting,0.00,0,0,0,0,0
1779933116831,-3180,7710,-14241,-6,15,2,resting,0.00,0,0,0,0,0
1779933116855,-3158,7687,-14217,-3,16,1,resting,0.00,0,0,0,0,0
1779933116856,-3149,7627,-14237,-2,15,2,resting,0.00,0,0,0,0,0
1779933116857,-3132,7631,-14247,-2,15,3,resting,0.00,0,0,0,0,0
1779933116885,-3166,7645,-14244,-4,16,3,resting,0.00,0,0,0,0,0
1779933116886,-3149,7672,-14258,-5,16,3,resting,0.00,0,0,0,0,0
1779933116886,-3141,7671,-14245,-6,14,3,resting,0.00,0,0,0,0,0
1779933116914,-3166,7666,-14268,-6,14,2,resting,0.00,0,0,0,0,0
1779933116915,-3144,7675,-14272,-3,15,1,resting,0.00,0,0,0,0,0
1779933116916,-3143,7662,-14177,-3,14,0,resting,0.00,0,0,0,0,0
1779933116948,-3124,7670,-14230,-3,14,1,resting,0.00,0,0,0,0,0
1779933116948,-3118,7647,-14245,-5,13,1,resting,0.00,0,0,0,0,0
1779933116949,-3158,7698,-14273,-5,13,1,resting,0.00,0,0,0,0,0
1779933116976,-3135,7664,-14226,-4,12,-1,resting,0.00,0,0,0,0,0
1779933116977,-3129,7667,-14231,-2,12,-1,resting,0.00,0,0,0,0,0
1779933116978,-3134,7647,-14264,-4,11,-1,resting,0.00,0,0,0,0,0
1779933117006,-3183,7627,-14274,-3,11,-2,resting,0.00,0,0,0,0,0
1779933117010,-3164,7670,-14235,-4,12,0,resting,0.00,0,0,0,0,0
1779933117010,-3148,7673,-14206,-5,13,1,resting,0.00,0,0,0,0,0
1779933117036,-3130,7655,-14209,-6,14,1,resting,0.00,0,0,0,0,0
1779933117043,-3109,7664,-14258,-4,14,-1,resting,0.00,0,0,0,0,0
1779933117044,-3113,7662,-14267,-5,14,1,resting,0.00,0,0,0,0,0
1779933117065,-3107,7663,-14250,-7,14,0,resting,0.00,0,0,0,0,0
1779933117066,-3151,7650,-14238,-6,12,-1,resting,0.00,0,0,0,0,0
1779933117067,-3163,7683,-14252,-6,13,-1,resting,0.00,0,0,0,0,0
1779933117097,-3122,7655,-14254,-3,14,-3,resting,0.00,0,0,0,0,0
1779933117098,-3144,7672,-14223,-6,12,-2,resting,0.00,0,0,0,0,0
1779933117099,-3126,7629,-14238,-6,12,-4,resting,0.00,0,0,0,0,0
1779933117125,-3125,7589,-14194,-4,13,-3,resting,0.00,0,0,0,0,0
1779933117126,-3124,7664,-14263,-9,11,2,resting,0.00,0,0,0,0,0
1779933117126,-3130,7658,-14333,-10,11,2,resting,0.00,0,0,0,0,0
1779933117155,-3174,7673,-14296,-6,9,0,resting,0.00,0,0,0,0,0
1779933117156,-3155,7620,-14150,-1,8,-4,resting,0.00,0,0,0,0,0
1779933117157,-3128,7613,-14267,-1,7,1,resting,0.00,0,0,0,0,0
1779933117185,-3068,7634,-14310,-3,7,4,resting,0.00,0,0,0,0,0
1779933117185,-3123,7664,-14229,-1,10,4,resting,0.00,0,0,0,0,0
1779933117186,-3151,7720,-14189,-2,8,4,resting,0.00,0,0,0,0,0
1779933117214,-3178,7650,-14203,-5,9,-1,resting,0.00,0,0,0,0,0
1779933117215,-3117,7620,-14273,-5,10,-2,resting,0.00,0,0,0,0,0
1779933117215,-3046,7746,-14282,-5,9,-1,resting,0.00,0,0,0,0,0
1779933117247,-3089,7739,-14280,-9,9,-2,resting,0.00,0,0,0,0,0
1779933117249,-3127,7648,-14227,-9,9,-7,resting,0.00,0,0,0,0,0
1779933117249,-3109,7680,-14282,-7,10,-7,resting,0.00,0,0,0,0,0
1779933117275,-3143,7607,-14185,-2,10,-4,resting,0.00,0,0,0,0,0
1779933117276,-3187,7572,-14215,-1,13,-2,resting,0.00,0,0,0,0,0
1779933117277,-3191,7593,-14227,0,13,1,resting,0.00,0,0,0,0,0
1779933117308,-3141,7637,-14266,-5,12,0,resting,0.00,0,0,0,0,0
1779933117309,-3128,7616,-14231,-4,12,2,resting,0.00,0,0,0,0,0
1779933117310,-3148,7679,-14214,-2,13,3,resting,0.00,0,0,0,0,0
1779933117339,-3147,7696,-14226,-3,15,1,resting,0.00,0,0,0,0,0
1779933117339,-3093,7703,-14223,-3,15,0,resting,0.00,0,0,0,0,0
1779933117340,-3089,7670,-14229,-4,15,-1,resting,0.00,0,0,0,0,0
1779933117368,-3109,7660,-14275,-7,15,-2,resting,0.00,0,0,0,0,0
1779933117369,-3136,7652,-14265,-5,16,-4,resting,0.00,0,0,0,0,0
1779933117370,-3119,7628,-14294,-4,14,-5,resting,0.00,0,0,0,0,0
1779933117397,-3143,7597,-14214,-5,12,-3,resting,0.00,0,0,0,0,0
1779933117398,-3118,7612,-14286,-6,13,0,resting,0.00,0,0,0,0,0
1779933117399,-3095,7666,-14284,-6,12,-1,resting,0.00,0,0,0,0,0
1779933117425,-3118,7658,-14293,-6,8,0,resting,0.00,0,0,0,0,0
1779933117427,-3083,7618,-14254,-3,10,2,resting,0.00,0,0,0,0,0
1779933117434,-3080,7590,-14225,-4,10,3,resting,0.00,0,0,0,0,0
1779933117456,-3140,7592,-14235,-5,8,5,resting,0.00,0,0,0,0,0
1779933117457,-3153,7653,-14220,-4,10,8,resting,0.00,0,0,0,0,0
1779933117457,-3163,7676,-14225,-7,11,5,resting,0.00,0,0,0,0,0
1779933117486,-3137,7663,-14253,-7,12,3,resting,0.00,0,0,0,0,0
1779933117487,-3112,7683,-14251,-7,12,3,resting,0.00,0,0,0,0,0
1779933117487,-3108,7699,-14269,-10,13,2,resting,0.00,0,0,0,0,0
1779933117515,-3091,7709,-14226,-11,13,2,resting,0.00,0,0,0,0,0
1779933117515,-3120,7697,-14242,-10,12,1,resting,0.00,0,0,0,0,0
1779933117516,-3148,7654,-14266,-9,13,-3,resting,0.00,0,0,0,0,0
1779933117547,-3149,7657,-14260,-5,12,-3,resting,0.00,0,0,0,0,0
1779933117548,-3145,7630,-14271,-1,11,-1,resting,0.00,0,0,0,0,0
1779933117549,-3150,7640,-14266,-5,11,1,resting,0.00,0,0,0,0,0
1779933117574,-3126,7636,-14246,-5,9,2,resting,0.00,0,0,0,0,0
1779933117575,-3120,7660,-14254,-6,9,2,resting,0.00,0,0,0,0,0
1779933117575,-3115,7665,-14279,-8,11,1,resting,0.00,0,0,0,0,0
1779933117605,-3178,7678,-14247,-6,10,1,resting,0.00,0,0,0,0,0
1779933117607,-3149,7637,-14229,-5,7,2,resting,0.00,0,0,0,0,0
1779933117608,-3118,7649,-14294,-8,8,4,resting,0.00,0,0,0,0,0
1779933117638,-3032,7697,-14272,-9,9,4,resting,0.00,0,0,0,0,0
1779933117639,-3111,7726,-14234,-7,10,2,resting,0.00,0,0,0,0,0
1779933117640,-3190,7626,-14189,-6,10,0,resting,0.00,0,0,0,0,0
1779933117665,-3135,7589,-14217,-7,10,0,resting,0.00,0,0,0,0,0
1779933117666,-3072,7695,-14284,-6,11,3,resting,0.00,0,0,0,0,0
1779933117667,-3101,7738,-14260,-7,11,2,resting,0.00,0,0,0,0,0
1779933117700,-3133,7655,-14237,-6,10,1,resting,0.00,0,0,0,0,0
1779933117700,-3127,7695,-14257,-8,10,0,resting,0.00,0,0,0,0,0
1779933117701,-3097,7680,-14283,-8,11,-1,resting,0.00,0,0,0,0,0
1779933117725,-3072,7719,-14287,-2,9,1,resting,0.00,0,0,0,0,0
1779933117726,-3114,7706,-14200,-2,8,0,resting,0.00,0,0,0,0,0
1779933117727,-3200,7629,-14241,-7,9,-1,resting,0.00,0,0,0,0,0
1779933117755,-3104,7667,-14265,-6,10,-2,resting,0.00,0,0,0,0,0
1779933117756,-3084,7679,-14236,-2,11,-1,resting,0.00,0,0,0,0,0
1779933117757,-3106,7642,-14217,-1,11,-1,resting,0.00,0,0,0,0,0
1779933117786,-3131,7666,-14241,-7,11,-1,resting,0.00,0,0,0,0,0
1779933117787,-3163,7664,-14243,-10,10,-1,resting,0.00,0,0,0,0,0
1779933117787,-3134,7680,-14226,-3,13,-1,resting,0.00,0,0,0,0,0
1779933117815,-3100,7660,-14246,0,13,-2,resting,0.00,0,0,0,0,0
1779933117816,-3081,7659,-14246,-2,11,-1,resting,0.00,0,0,0,0,0
1779933117816,-3133,7703,-14285,-6,12,-2,resting,0.00,0,0,0,0,0
1779933117847,-3070,7708,-14237,-5,13,-2,resting,0.00,0,0,0,0,0
1779933117847,-3086,7687,-14258,-5,13,-3,resting,0.00,0,0,0,0,0
1779933117848,-3112,7659,-14237,-4,11,-4,resting,0.00,0,0,0,0,0
1779933117875,-3112,7629,-14235,-4,10,-2,resting,0.00,0,0,0,0,0
1779933117876,-3129,7655,-14279,-6,10,0,resting,0.00,0,0,0,0,0
1779933117880,-3121,7635,-14282,-5,10,-2,resting,0.00,0,0,0,0,0
1779933117905,-3067,7664,-14271,-5,10,-3,resting,0.00,0,0,0,0,0
1779933117906,-3105,7657,-14256,-4,9,-3,resting,0.00,0,0,0,0,0
1779933117906,-3111,7649,-14269,-1,9,-1,resting,0.00,0,0,0,0,0
1779933117939,-3112,7648,-14216,-3,10,-2,resting,0.00,0,0,0,0,0
1779933117941,-3097,7698,-14233,-4,9,-1,resting,0.00,0,0,0,0,0
1779933117942,-3128,7658,-14257,-5,10,-2,resting,0.00,0,0,0,0,0
1779933117966,-3128,7658,-14248,-6,10,-1,resting,0.00,0,0,0,0,0
1779933117967,-3118,7690,-14253,-5,9,-3,resting,0.00,0,0,0,0,0
1779933117967,-3101,7700,-14255,-1,10,-3,resting,0.00,0,0,0,0,0
1779933117997,-3112,7676,-14294,-2,10,-4,resting,0.00,0,0,0,0,0
1779933117998,-3126,7681,-14269,-4,9,-6,resting,0.00,0,0,0,0,0
1779933117998,-3131,7696,-14257,-5,8,-4,resting,0.00,0,0,0,0,0
1779933118025,-3125,7663,-14254,-2,6,-5,resting,0.00,0,0,0,0,0
1779933118033,-3075,7612,-14244,-1,8,-4,resting,0.00,0,0,0,0,0
1779933118034,-3062,7613,-14238,-4,9,-1,resting,0.00,0,0,0,0,0
1779933118055,-3084,7621,-14294,-8,9,0,resting,0.00,0,0,0,0,0
1779933118056,-3162,7656,-14270,-8,8,1,resting,0.00,0,0,0,0,0
1779933118057,-3129,7677,-14266,-6,9,1,resting,0.00,0,0,0,0,0
1779933118088,-3165,7654,-14283,-4,7,-1,resting,0.00,0,0,0,0,0
1779933118089,-3157,7642,-14258,-1,7,1,resting,0.00,0,0,0,0,0
1779933118089,-3138,7663,-14249,-2,7,3,resting,0.00,0,0,0,0,0
1779933118115,-3156,7671,-14227,-3,9,5,resting,0.00,0,0,0,0,0
1779933118116,-3135,7685,-14239,-4,10,5,resting,0.00,0,0,0,0,0
1779933118117,-3110,7700,-14272,-8,11,0,resting,0.00,0,0,0,0,0
1779933118150,-3034,7719,-14267,-9,10,-2,resting,0.00,0,0,0,0,0
1779933118151,-3056,7722,-14303,-11,10,-4,resting,0.00,0,0,0,0,0
1779933118152,-3081,7713,-14247,-11,8,-6,resting,0.00,0,0,0,0,0
1779933118179,-3137,7646,-14225,-7,6,-8,resting,0.00,0,0,0,0,0
1779933118180,-3159,7586,-14271,-1,6,-4,resting,0.00,0,0,0,0,0
1779933118181,-3168,7570,-14278,1,6,-1,resting,0.00,0,0,0,0,0
1779933118205,-3181,7585,-14262,1,6,2,resting,0.00,0,0,0,0,0
1779933118206,-3142,7589,-14298,-4,6,2,resting,0.00,0,0,0,0,0
1779933118207,-3109,7635,-14252,-5,6,4,resting,0.00,0,0,0,0,0
1779933118238,-3135,7690,-14221,-6,5,6,resting,0.00,0,0,0,0,0
1779933118238,-3129,7716,-14254,-6,4,4,resting,0.00,0,0,0,0,0
1779933118239,-3107,7745,-14219,-5,6,2,resting,0.00,0,0,0,0,0
1779933118265,-3138,7738,-14232,-4,7,-1,resting,0.00,0,0,0,0,0
1779933118266,-3140,7681,-14258,-6,5,-4,resting,0.00,0,0,0,0,0
1779933118266,-3137,7639,-14261,-8,4,-4,resting,0.00,0,0,0,0,0
1779933118297,-3143,7601,-14298,-6,3,-5,resting,0.00,0,0,0,0,0
1779933118298,-3140,7612,-14264,-8,2,-4,resting,0.00,0,0,0,0,0
1779933118298,-3137,7643,-14287,-9,1,-3,resting,0.00,0,0,0,0,0
1779933118328,-3140,7675,-14236,-4,0,-2,resting,0.00,0,0,0,0,0
1779933118329,-3130,7681,-14273,-3,-1,-2,resting,0.00,0,0,0,0,0
1779933118330,-3099,7610,-14276,-1,-1,-2,resting,0.00,0,0,0,0,0
1779933118354,-3115,7615,-14215,1,-2,-1,resting,0.00,0,0,0,0,0
1779933118355,-3195,7633,-14218,-3,-1,2,resting,0.00,0,0,0,0,0
1779933118356,-3216,7639,-14191,-5,1,3,resting,0.00,0,0,0,0,0
1779933118387,-3189,7668,-14201,-6,1,2,resting,0.00,0,0,0,0,0
1779933118387,-3163,7710,-14215,-9,4,1,resting,0.00,0,0,0,0,0
1779933118387,-3137,7702,-14211,-7,5,0,resting,0.00,0,0,0,0,0
1779933118416,-3151,7713,-14269,-5,4,-3,resting,0.00,0,0,0,0,0
1779933118416,-3122,7702,-14226,-6,5,-5,resting,0.00,0,0,0,0,0
1779933118416,-3128,7646,-14194,-6,4,-6,resting,0.00,0,0,0,0,0
1779933118445,-3146,7630,-14239,-8,3,-5,resting,0.00,0,0,0,0,0
1779933118446,-3180,7641,-14303,-10,3,-3,resting,0.00,0,0,0,0,0
1779933118446,-3208,7670,-14285,-9,3,-3,resting,0.00,0,0,0,0,0
1779933118474,-3127,7670,-14223,-5,4,-4,resting,0.00,0,0,0,0,0
1779933118475,-3103,7632,-14257,-2,2,-3,resting,0.00,0,0,0,0,0
1779933118475,-3130,7621,-14270,-2,2,-1,resting,0.00,0,0,0,0,0
1779933118505,-3150,7649,-14271,-6,0,1,resting,0.00,0,0,0,0,0
1779933118506,-3165,7671,-14252,-10,1,0,resting,0.00,0,0,0,0,0
1779933118506,-3157,7690,-14266,-9,2,-1,resting,0.00,0,0,0,0,0
1779933118537,-3148,7707,-14266,-8,2,-1,resting,0.00,0,0,0,0,0
1779933118538,-3144,7734,-14233,-7,-1,-2,resting,0.00,0,0,0,0,0
1779933118538,-3135,7668,-14178,-4,1,-3,resting,0.00,0,0,0,0,0
1779933118570,-3191,7615,-14193,-4,1,-4,resting,0.00,0,0,0,0,0
1779933118571,-3243,7590,-14238,-6,1,-2,resting,0.00,0,0,0,0,0
1779933118571,-3182,7670,-14265,-7,4,0,resting,0.00,0,0,0,0,0
1779933118597,-3158,7709,-14214,-8,2,0,resting,0.00,0,0,0,0,0
1779933118600,-3173,7656,-14218,-5,1,-1,resting,0.00,0,0,0,0,0
1779933118603,-3160,7607,-14239,-5,1,-3,resting,0.00,0,0,0,0,0
1779933118624,-3164,7649,-14217,-6,4,-2,resting,0.00,0,0,0,0,0
1779933118624,-3169,7693,-14235,-7,3,0,resting,0.00,0,0,0,0,0
1779933118625,-3172,7674,-14250,-6,2,1,resting,0.00,0,0,0,0,0
1779933118657,-3211,7656,-14251,-7,2,2,resting,0.00,0,0,0,0,0
1779933118663,-3166,7686,-14270,-7,1,1,resting,0.00,0,0,0,0,0
1779933118663,-3164,7700,-14217,-5,3,0,resting,0.00,0,0,0,0,0
1779933118690,-3160,7652,-14158,-3,3,-1,resting,0.00,0,0,0,0,0
1779933118691,-3172,7611,-14195,-4,2,-1,resting,0.00,0,0,0,0,0
1779933118692,-3194,7656,-14294,-9,2,1,resting,0.00,0,0,0,0,0
1779933118715,-3178,7728,-14236,-10,3,3,resting,0.00,0,0,0,0,0
1779933118715,-3163,7741,-14128,-6,4,1,resting,0.00,0,0,0,0,0
1779933118716,-3178,7632,-14194,-4,4,-3,resting,0.00,0,0,0,0,0
1779933118746,-3177,7575,-14236,-5,2,-4,resting,0.00,0,0,0,0,0
1779933118748,-3202,7644,-14241,-7,1,-2,resting,0.00,0,0,0,0,0
1779933118749,-3214,7733,-14228,-8,1,1,resting,0.00,0,0,0,0,0
1779933118775,-3192,7780,-14300,-7,1,-3,resting,0.00,0,0,0,0,0
1779933118778,-3208,7658,-14269,-3,1,-6,resting,0.00,0,0,0,0,0
1779933118779,-3175,7645,-14182,2,1,-7,resting,0.00,0,0,0,0,0
1779933118805,-3141,7579,-14174,0,-1,-6,resting,0.00,0,0,0,0,0
1779933118805,-3209,7590,-14291,-7,-2,-4,resting,0.00,0,0,0,0,0
1779933118806,-3252,7682,-14287,-12,1,0,resting,0.00,0,0,0,0,0
1779933118836,-3159,7767,-14176,-10,2,-1,resting,0.00,0,0,0,0,0
1779933118837,-3171,7687,-14182,-3,0,-8,resting,0.00,0,0,0,0,0
1779933118838,-3250,7610,-14272,0,-1,-8,resting,0.00,0,0,0,0,0
1779933118865,-3216,7664,-14278,-4,1,-4,resting,0.00,0,0,0,0,0
1779933118865,-3168,7757,-14224,-8,0,-4,resting,0.00,0,0,0,0,0
1779933118866,-3155,7698,-14190,-7,1,-6,resting,0.00,0,0,0,0,0
1779933118896,-3230,7613,-14151,-5,0,-8,resting,0.00,0,0,0,0,0
1779933118897,-3279,7556,-14214,-2,0,-8,resting,0.00,0,0,0,0,0
1779933118897,-3249,7662,-14247,-3,3,-4,resting,0.00,0,0,0,0,0
1779933118925,-3181,7741,-14210,-4,3,0,resting,0.00,0,0,0,0,0
1779933118955,-3149,7689,-14178,-7,4,-2,resting,0.00,0,0,0,0,0
1779933118956,-3169,7613,-14199,-6,3,-6,resting,0.00,0,0,0,0,0
1779933118956,-3209,7611,-14254,-2,3,-4,resting,0.00,0,0,0,0,0
1779933118957,-3272,7725,-14265,-4,3,0,resting,0.00,0,0,0,0,0
1779933118958,-3240,7797,-14279,-7,3,0,resting,0.00,0,0,0,0,0
1779933118993,-3182,7688,-14252,-6,3,-4,resting,0.00,0,0,0,0,0
1779933118993,-3203,7619,-14227,-6,2,-6,resting,0.00,0,0,0,0,0
1779933118994,-3221,7605,-14237,-2,2,-6,resting,0.00,0,0,0,0,0
1779933119014,-3242,7731,-14210,-2,2,-4,resting,0.00,0,0,0,0,0
1779933119015,-3233,7669,-14235,-5,2,-6,resting,0.00,0,0,0,0,0
1779933119015,-3213,7644,-14290,-9,1,-7,resting,0.00,0,0,0,0,0
1779933119045,-3166,7730,-14272,-8,2,-7,resting,0.00,0,0,0,0,0
1779933119045,-3181,7713,-14232,-5,4,-9,resting,0.00,0,0,0,0,0
1779933119046,-3210,7701,-14167,-3,4,-9,resting,0.00,0,0,0,0,0
1779933119077,-3231,7555,-14159,-3,3,-8,resting,0.00,0,0,0,0,0
1779933119078,-3288,7540,-14194,-7,3,-6,resting,0.00,0,0,0,0,0
1779933119079,-3287,7669,-14233,-6,6,0,resting,0.00,0,0,0,0,0
1779933119106,-3290,7726,-14208,-3,8,2,resting,0.00,0,0,0,0,0
1779933119106,-3286,7707,-14181,-2,8,-2,resting,0.00,0,0,0,0,0
1779933119107,-3266,7633,-14198,0,8,-5,resting,0.00,0,0,0,0,0
1779933119136,-3239,7621,-14244,-1,9,-3,resting,0.00,0,0,0,0,0
1779933119169,-3189,7715,-14247,-4,11,0,resting,0.00,0,0,0,0,0
1779933119170,-3170,7702,-14181,-4,9,-4,resting,0.00,0,0,0,0,0
1779933119170,-3207,7602,-14243,-4,6,-8,resting,0.00,0,0,0,0,0
1779933119171,-3254,7510,-14214,-7,8,-7,resting,0.00,0,0,0,0,0
1779933119172,-3229,7622,-14293,-10,8,-2,resting,0.00,0,0,0,0,0
1779933119195,-3196,7755,-14274,-9,8,1,resting,0.00,0,0,0,0,0
1779933119197,-3221,7706,-14199,-6,4,-2,resting,0.00,0,0,0,0,0
1779933119197,-3268,7569,-14291,-2,1,-7,resting,0.00,0,0,0,0,0
1779933119228,-3262,7561,-14286,2,3,-5,resting,0.00,0,0,0,0,0
1779933119229,-3190,7689,-14205,2,7,4,resting,0.00,0,0,0,0,0
1779933119229,-3213,7685,-14174,-2,5,7,resting,0.00,0,0,0,0,0
1779933119256,-3278,7596,-14100,-3,3,3,resting,0.00,0,0,0,0,0
1779933119261,-3359,7567,-14231,-6,5,1,resting,0.00,0,0,0,0,0
1779933119262,-3275,7668,-14255,-7,9,6,resting,0.00,0,0,0,0,0
1779933119288,-3215,7839,-14164,-4,12,7,resting,0.00,0,0,0,0,0
1779933119289,-3217,7790,-14166,-2,10,2,resting,0.00,0,0,0,0,0
1779933119289,-3266,7581,-14198,-7,13,-2,resting,0.00,0,0,0,0,0
1779933119315,-3222,7586,-14215,-7,16,-4,resting,0.00,0,0,0,0,0
1779933119315,-3176,7735,-14235,-8,16,0,resting,0.00,0,0,0,0,0
1779933119316,-3230,7694,-14218,-7,14,1,resting,0.00,0,0,0,0,0
1779933119348,-3262,7602,-14215,-5,15,0,resting,0.00,0,0,0,0,0
1779933119349,-3236,7588,-14262,-6,15,-1,resting,0.00,0,0,0,0,0
1779933119349,-3224,7620,-14229,-6,15,3,resting,0.00,0,0,0,0,0
1779933119378,-3222,7666,-14214,-3,15,6,resting,0.00,0,0,0,0,0
1779933119379,-3256,7666,-14200,-4,15,6,resting,0.00,0,0,0,0,0
1779933119380,-3274,7659,-14212,-4,16,5,resting,0.00,0,0,0,0,0
1779933119404,-3216,7679,-14165,-3,17,6,resting,0.00,0,0,0,0,0
1779933119405,-3222,7694,-14174,-3,16,6,resting,0.00,0,0,0,0,0
1779933119405,-3267,7671,-14196,-3,18,4,resting,0.00,0,0,0,0,0
1779933119438,-3246,7643,-14211,-3,20,4,resting,0.00,0,0,0,0,0
1779933119438,-3212,7676,-14193,-4,21,3,resting,0.00,0,0,0,0,0
1779933119439,-3207,7656,-14224,-6,20,3,resting,0.00,0,0,0,0,0
1779933119470,-3261,7657,-14241,-6,21,3,resting,0.00,0,0,0,0,0
1779933119470,-3220,7665,-14222,-4,22,3,resting,0.00,0,0,0,0,0
1779933119471,-3201,7674,-14220,-2,21,0,resting,0.00,0,0,0,0,0
1779933119498,-3231,7648,-14255,-1,19,1,resting,0.00,0,0,0,0,0
1779933119503,-3259,7637,-14238,-1,19,1,resting,0.00,0,0,0,0,0
1779933119504,-3242,7681,-14250,-1,18,2,resting,0.00,0,0,0,0,0
1779933119528,-3207,7694,-14237,-1,18,2,resting,0.00,0,0,0,0,0
1779933119528,-3183,7679,-14261,1,19,3,resting,0.00,0,0,0,0,0
1779933119529,-3179,7640,-14212,-1,19,2,resting,0.00,0,0,0,0,0
1779933119557,-3211,7674,-14173,-1,19,2,resting,0.00,0,0,0,0,0
1779933119558,-3201,7686,-14218,-2,18,4,resting,0.00,0,0,0,0,0
1779933119560,-3219,7702,-14217,-4,20,1,resting,0.00,0,0,0,0,0
1779933119587,-3188,7716,-14243,-3,19,0,resting,0.00,0,0,0,0,0
1779933119587,-3177,7664,-14186,-3,19,-2,resting,0.00,0,0,0,0,0
1779933119588,-3212,7617,-14198,-4,19,-2,resting,0.00,0,0,0,0,0
1779933119615,-3196,7629,-14247,-2,19,-1,resting,0.00,0,0,0,0,0
1779933119616,-3162,7677,-14251,-4,20,2,resting,0.00,0,0,0,0,0
1779933119617,-3197,7680,-14240,-3,18,1,resting,0.00,0,0,0,0,0
1779933119645,-3156,7653,-14257,-5,16,0,resting,0.00,0,0,0,0,0
1779933119646,-3209,7614,-14282,-4,14,-2,resting,0.00,0,0,0,0,0
1779933119647,-3218,7663,-14278,-4,14,0,resting,0.00,0,0,0,0,0
1779933119681,-3171,7678,-14234,-2,15,1,resting,0.00,0,0,0,0,0
1779933119681,-3187,7665,-14238,-3,15,1,resting,0.00,0,0,0,0,0
1779933119682,-3161,7636,-14192,-5,12,2,resting,0.00,0,0,0,0,0
1779933119705,-3207,7608,-14212,-5,14,1,resting,0.00,0,0,0,0,0
1779933119706,-3196,7636,-14257,-5,15,1,resting,0.00,0,0,0,0,0
1779933119706,-3177,7691,-14244,-3,16,3,resting,0.00,0,0,0,0,0
1779933119736,-3190,7639,-14281,-2,15,3,resting,0.00,0,0,0,0,0
1779933119737,-3198,7663,-14213,-3,14,4,resting,0.00,0,0,0,0,0
1779933119737,-3187,7678,-14263,-6,12,3,resting,0.00,0,0,0,0,0
1779933119765,-3182,7703,-14336,-6,11,1,resting,0.00,0,0,0,0,0
1779933119766,-3151,7633,-14214,-1,12,0,resting,0.00,0,0,0,0,0
1779933119766,-3168,7586,-14252,1,12,0,resting,0.00,0,0,0,0,0
1779933119795,-3202,7598,-14203,3,10,4,resting,0.00,0,0,0,0,0
1779933119796,-3236,7620,-14237,-2,12,5,resting,0.00,0,0,0,0,0
1779933119797,-3171,7698,-14232,-8,13,6,resting,0.00,0,0,0,0,0
1779933119827,-3146,7704,-14209,-12,13,4,resting,0.00,0,0,0,0,0
1779933119828,-3186,7679,-14252,-10,15,1,resting,0.00,0,0,0,0,0
1779933119829,-3150,7722,-14209,-8,16,0,resting,0.00,0,0,0,0,0
1779933119860,-3195,7756,-14200,-6,16,2,resting,0.00,0,0,0,0,0
1779933119861,-3182,7685,-14157,-2,15,0,resting,0.00,0,0,0,0,0
1779933119862,-3154,7566,-14218,0,18,-3,resting,0.00,0,0,0,0,0
1779933119886,-3182,7572,-14240,-2,18,-2,resting,0.00,0,0,0,0,0
1779933119886,-3184,7616,-14304,-1,17,3,resting,0.00,0,0,0,0,0
1779933119887,-3210,7667,-14230,-3,18,6,resting,0.00,0,0,0,0,0
1779933119919,-3169,7701,-14243,-5,16,5,resting,0.00,0,0,0,0,0
1779933119920,-3179,7673,-14232,-5,15,3,resting,0.00,0,0,0,0,0
1779933119921,-3175,7623,-14253,-2,14,0,resting,0.00,0,0,0,0,0
1779933119947,-3166,7674,-14303,-2,17,0,resting,0.00,0,0,0,0,0
1779933119948,-3161,7684,-14241,-4,15,1,resting,0.00,0,0,0,0,0
1779933119949,-3142,7669,-14211,-4,14,0,resting,0.00,0,0,0,0,0
1779933119977,-3168,7598,-14249,-6,12,-3,resting,0.00,0,0,0,0,0
1779933119978,-3148,7651,-14325,-9,14,0,resting,0.00,0,0,0,0,0
1779933119979,-3126,7766,-14131,-5,13,1,resting,0.00,0,0,0,0,0
1779933120005,-3124,7655,-14181,-3,11,-5,resting,0.00,0,0,0,0,0
1779933120006,-3173,7531,-14278,-4,9,-4,resting,0.00,0,0,0,0,0
1779933120011,-3167,7598,-14261,-6,12,3,resting,0.00,0,0,0,0,0
1779933120035,-3135,7679,-14139,-5,12,4,resting,0.00,0,0,0,0,0
1779933120036,-3184,7609,-14204,-5,11,2,resting,0.00,0,0,0,0,0
1779933120036,-3175,7538,-14308,0,11,1,resting,0.00,0,0,0,0,0
1779933120065,-3149,7633,-14329,-1,14,3,resting,0.00,0,0,0,0,0
1779933120069,-3096,7795,-14225,-6,15,9,resting,0.00,0,0,0,0,0
1779933120070,-3097,7768,-14139,-7,14,5,resting,0.00,0,0,0,0,0
1779933120095,-3168,7609,-14204,-4,11,-5,resting,0.00,0,0,0,0,0
1779933120095,-3196,7593,-14248,-5,13,-5,resting,0.00,0,0,0,0,0
1779933120096,-3156,7737,-14262,-5,17,0,resting,0.00,0,0,0,0,0
1779933120127,-3138,7767,-14245,-5,15,-1,resting,0.00,0,0,0,0,0
1779933120128,-3176,7528,-14269,-3,13,-4,resting,0.00,0,0,0,0,0
1779933120129,-3146,7557,-14274,-2,13,-4,resting,0.00,0,0,0,0,0
1779933120154,-3133,7653,-14292,-4,12,2,resting,0.00,0,0,0,0,0
1779933120155,-3186,7686,-14253,-7,11,4,resting,0.00,0,0,0,0,0
1779933120156,-3181,7668,-14242,-8,12,1,resting,0.00,0,0,0,0,0
1779933120187,-3106,7643,-14242,-6,11,-1,resting,0.00,0,0,0,0,0
1779933120188,-3084,7648,-14204,-3,9,1,resting,0.00,0,0,0,0,0
1779933120188,-3168,7675,-14206,-4,11,1,resting,0.00,0,0,0,0,0
1779933120217,-3198,7652,-14211,-5,10,2,resting,0.00,0,0,0,0,0
1779933120217,-3137,7652,-14225,-6,12,2,resting,0.00,0,0,0,0,0
1779933120218,-3143,7655,-14229,-8,13,3,resting,0.00,0,0,0,0,0
1779933120245,-3159,7672,-14204,-6,12,2,resting,0.00,0,0,0,0,0
1779933120246,-3202,7668,-14238,-4,13,1,resting,0.00,0,0,0,0,0
1779933120247,-3133,7634,-14266,1,13,-1,resting,0.00,0,0,0,0,0
1779933120277,-3115,7678,-14247,0,16,0,resting,0.00,0,0,0,0,0
1779933120278,-3136,7683,-14213,-1,14,2,resting,0.00,0,0,0,0,0
1779933120278,-3162,7663,-14241,-4,15,2,resting,0.00,0,0,0,0,0
1779933120310,-3164,7634,-14283,-3,14,1,resting,0.00,0,0,0,0,0
1779933120313,-3131,7622,-14224,-3,15,1,resting,0.00,0,0,0,0,0
1779933120314,-3103,7631,-14280,-6,15,3,resting,0.00,0,0,0,0,0
1779933120335,-3134,7673,-14269,-9,14,5,resting,0.00,0,0,0,0,0
1779933120335,-3147,7652,-14252,-9,14,3,resting,0.00,0,0,0,0,0
1779933120336,-3128,7673,-14220,-4,14,2,resting,0.00,0,0,0,0,0
1779933120368,-3128,7666,-14241,-4,14,3,resting,0.00,0,0,0,0,0
1779933120368,-3137,7655,-14285,-3,13,3,resting,0.00,0,0,0,0,0
1779933120369,-3152,7616,-14252,-3,11,2,resting,0.00,0,0,0,0,0
1779933120395,-3158,7681,-14266,-8,12,4,resting,0.00,0,0,0,0,0
1779933120396,-3105,7688,-14269,-8,14,3,resting,0.00,0,0,0,0,0
1779933120397,-3079,7703,-14235,-8,14,2,resting,0.00,0,0,0,0,0
1779933120426,-3133,7683,-14180,-4,13,2,resting,0.00,0,0,0,0,0
1779933120427,-3172,7633,-14227,-7,14,2,resting,0.00,0,0,0,0,0
1779933120428,-3131,7682,-14272,-9,14,2,resting,0.00,0,0,0,0,0
1779933120454,-3104,7747,-14291,-7,15,3,resting,0.00,0,0,0,0,0
1779933120455,-3110,7722,-14259,-7,12,0,resting,0.00,0,0,0,0,0
1779933120456,-3170,7633,-14201,-5,10,-2,resting,0.00,0,0,0,0,0
1779933120488,-3154,7645,-14280,-5,11,-1,resting,0.00,0,0,0,0,0
1779933120491,-3129,7692,-14277,-5,11,1,resting,0.00,0,0,0,0,0
1779933120492,-3126,7693,-14204,-4,12,2,resting,0.00,0,0,0,0,0
1779933120518,-3081,7606,-14211,-5,10,0,resting,0.00,0,0,0,0,0
1779933120519,-3106,7586,-14225,-7,11,1,resting,0.00,0,0,0,0,0
1779933120520,-3171,7630,-14233,-9,12,3,resting,0.00,0,0,0,0,0
1779933120544,-3132,7707,-14289,-6,10,4,resting,0.00,0,0,0,0,0
1779933120545,-3171,7703,-14252,-5,10,5,resting,0.00,0,0,0,0,0
1779933120546,-3142,7633,-14256,-6,9,4,resting,0.00,0,0,0,0,0
1779933120576,-3101,7628,-14220,-2,9,3,resting,0.00,0,0,0,0,0
1779933120577,-3181,7665,-14219,0,9,6,resting,0.00,0,0,0,0,0
1779933120578,-3132,7695,-14258,-2,12,9,resting,0.00,0,0,0,0,0
1779933120605,-3078,7692,-14258,-6,15,5,resting,0.00,0,0,0,0,0
1779933120605,-3092,7705,-14220,-9,13,1,resting,0.00,0,0,0,0,0
1779933120606,-3101,7674,-14297,-12,11,-1,resting,0.00,0,0,0,0,0
1779933120635,-3122,7699,-14301,-12,10,-3,resting,0.00,0,0,0,0,0
1779933120637,-3115,7771,-14265,-8,11,-4,resting,0.00,0,0,0,0,0
1779933120638,-3081,7734,-14233,-5,12,-5,resting,0.00,0,0,0,0,0
1779933120671,-3165,7600,-14246,-2,11,-6,resting,0.00,0,0,0,0,0
1779933120672,-3169,7587,-14240,1,9,-5,resting,0.00,0,0,0,0,0
1779933120673,-3172,7598,-14248,-1,10,-3,resting,0.00,0,0,0,0,0
1779933120695,-3178,7625,-14304,-4,13,2,resting,0.00,0,0,0,0,0
1779933120697,-3108,7704,-14177,-3,13,5,resting,0.00,0,0,0,0,0
1779933120697,-3080,7684,-14101,-1,13,-1,resting,0.00,0,0,0,0,0
1779933120726,-3141,7610,-14313,-2,11,-2,resting,0.00,0,0,0,0,0
1779933120727,-3151,7684,-14319,-4,13,-1,resting,0.00,0,0,0,0,0
1779933120728,-3067,7824,-14184,-4,15,0,resting,0.00,0,0,0,0,0
1779933120755,-3019,7708,-14234,-4,12,-3,resting,0.00,0,0,0,0,0
1779933120755,-3123,7531,-14246,-4,10,-8,resting,0.00,0,0,0,0,0
1779933120756,-3138,7548,-14300,-5,13,-7,resting,0.00,0,0,0,0,0
1779933120789,-3104,7725,-14285,-6,13,-3,resting,0.00,0,0,0,0,0
1779933120790,-3098,7753,-14274,-7,13,-1,resting,0.00,0,0,0,0,0
1779933120792,-3088,7620,-14239,-5,10,-5,resting,0.00,0,0,0,0,0
1779933120817,-3086,7575,-14267,-3,9,-8,resting,0.00,0,0,0,0,0
1779933120818,-3117,7599,-14261,-1,9,-4,resting,0.00,0,0,0,0,0
1779933120819,-3099,7676,-14185,-4,10,3,resting,0.00,0,0,0,0,0
1779933120845,-3173,7644,-14233,-6,12,4,resting,0.00,0,0,0,0,0
1779933120846,-3158,7637,-14266,-7,12,1,resting,0.00,0,0,0,0,0
1779933120847,-3095,7674,-14240,-8,14,0,resting,0.00,0,0,0,0,0
1779933120876,-3081,7745,-14229,-7,13,2,resting,0.00,0,0,0,0,0
1779933120877,-3082,7757,-14233,-4,13,0,resting,0.00,0,0,0,0,0
1779933120877,-3113,7681,-14254,-6,14,-4,resting,0.00,0,0,0,0,0
1779933120905,-3077,7626,-14301,-9,11,-4,resting,0.00,0,0,0,0,0
1779933120905,-3096,7676,-14262,-8,12,-3,resting,0.00,0,0,0,0,0
1779933120906,-3139,7677,-14276,-6,10,-2,resting,0.00,0,0,0,0,0
1779933120938,-3174,7613,-14301,-1,9,-3,resting,0.00,0,0,0,0,0
1779933120942,-3130,7590,-14273,-2,8,-3,resting,0.00,0,0,0,0,0
1779933120943,-3088,7608,-14242,-5,9,-1,resting,0.00,0,0,0,0,0
1779933120967,-3101,7657,-14233,-6,10,3,resting,0.00,0,0,0,0,0
1779933120968,-3111,7672,-14247,-5,8,4,resting,0.00,0,0,0,0,0
1779933120968,-3112,7646,-14213,-5,7,1,resting,0.00,0,0,0,0,0
1779933120995,-3100,7651,-14217,-5,11,1,resting,0.00,0,0,0,0,0
1779933120996,-3116,7672,-14262,-5,10,2,resting,0.00,0,0,0,0,0
1779933120997,-3109,7664,-14234,-5,10,2,resting,0.00,0,0,0,0,0
1779933121026,-3114,7670,-14259,-8,11,3,resting,0.00,0,0,0,0,0
1779933121028,-3152,7661,-14243,-11,12,1,resting,0.00,0,0,0,0,0
1779933121029,-3100,7666,-14228,-9,12,2,resting,0.00,0,0,0,0,0
1779933121054,-3078,7650,-14296,-6,12,2,resting,0.00,0,0,0,0,0
1779933121055,-3106,7676,-14299,-7,10,2,resting,0.00,0,0,0,0,0
1779933121056,-3103,7619,-14262,-8,10,1,resting,0.00,0,0,0,0,0
1779933121087,-3092,7650,-14215,-7,10,1,resting,0.00,0,0,0,0,0
1779933121088,-3108,7672,-14251,-8,10,1,resting,0.00,0,0,0,0,0
1779933121089,-3115,7686,-14213,-6,11,2,resting,0.00,0,0,0,0,0
1779933121118,-3115,7688,-14208,-5,13,1,resting,0.00,0,0,0,0,0
1779933121119,-3128,7667,-14260,-7,12,2,resting,0.00,0,0,0,0,0
1779933121120,-3106,7690,-14245,-6,11,1,resting,0.00,0,0,0,0,0
1779933121145,-3095,7680,-14260,-5,11,-1,resting,0.00,0,0,0,0,0
1779933121145,-3096,7700,-14262,-4,11,0,resting,0.00,0,0,0,0,0
1779933121146,-3092,7671,-14265,-3,11,1,resting,0.00,0,0,0,0,0
1779933121177,-3094,7648,-14313,-5,13,-3,resting,0.00,0,0,0,0,0
1779933121179,-3094,7480,-14073,3,8,-7,resting,0.00,0,0,0,0,0
1779933121179,-3166,7652,-14217,-8,7,12,resting,0.00,0,0,0,0,0
1779933121207,-3091,7853,-14446,-27,9,11,resting,0.00,0,0,0,0,0
1779933121208,-3042,7740,-14234,0,15,-14,resting,0.00,0,0,0,0,0
1779933121209,-3074,7709,-14179,11,11,-3,resting,0.00,0,0,0,0,0
1779933121236,-3152,7462,-14150,3,5,-4,resting,0.00,0,0,0,0,0
1779933121237,-3156,7569,-14459,-15,10,-3,resting,0.00,0,0,0,0,0
1779933121237,-3115,7723,-14128,-6,9,1,resting,0.00,0,0,0,0,0
1779933121266,-3274,7506,-14146,-11,5,-7,resting,0.00,0,0,0,0,0
1779933121267,-3119,7588,-14330,-1,9,-8,resting,0.00,0,0,0,0,0
1779933121268,-3023,7704,-14250,5,10,-1,resting,0.00,0,0,0,0,0
1779933121295,-3120,7759,-14234,-5,9,11,resting,0.00,0,0,0,0,0
1779933121296,-3161,7694,-14209,-14,8,2,resting,0.00,0,0,0,0,0
1779933121297,-3090,7570,-14247,-11,10,-10,resting,0.00,0,0,0,0,0
1779933121329,-3020,7693,-14315,-3,7,-2,resting,0.00,0,0,0,0,0
1779933121329,-3085,7646,-14242,5,3,-1,resting,0.00,0,0,0,0,0
1779933121330,-3087,7844,-14329,-5,3,5,resting,0.00,0,0,0,0,0
1779933121355,-3040,7747,-14399,-12,6,-4,resting,0.00,0,0,0,0,0
1779933121356,-3114,7534,-14128,0,1,-13,resting,0.00,0,0,0,0,0
1779933121359,-3235,7635,-14162,-3,-5,0,resting,0.00,0,0,0,0,0
1779933121386,-3220,7534,-14210,0,-3,-11,resting,0.00,0,0,0,0,0
1779933121388,-3084,7743,-14295,-3,1,-2,resting,0.00,0,0,0,0,0
1779933121394,-3004,7842,-14177,0,1,6,resting,0.00,0,0,0,0,0
1779933121417,-3137,7543,-14324,-8,1,-8,resting,0.00,0,0,0,0,0
1779933121418,-3077,7639,-14298,-4,2,-7,resting,0.00,0,0,0,0,0
1779933121418,-3015,7744,-14061,6,-3,0,resting,0.00,0,0,0,0,0
1779933121445,-3257,7620,-14309,-9,-7,0,resting,0.00,0,0,0,0,0
1779933121450,-3209,7617,-14260,-9,-2,-3,resting,0.00,0,0,0,0,0
1779933121451,-3105,7715,-14191,4,4,-4,resting,0.00,0,0,0,0,0
1779933121475,-3159,7716,-14227,2,0,3,resting,0.00,0,0,0,0,0
1779933121476,-3146,7619,-14232,2,-1,-4,resting,0.00,0,0,0,0,0
1779933121476,-3086,7632,-14232,-1,3,-8,resting,0.00,0,0,0,0,0
1779933121508,-3036,7719,-14239,-11,2,-2,resting,0.00,0,0,0,0,0
1779933121509,-3116,7705,-14311,-17,1,-5,resting,0.00,0,0,0,0,0
1779933121509,-3147,7719,-14266,-10,3,-9,resting,0.00,0,0,0,0,0
1779933121537,-3108,7684,-14231,1,1,-8,resting,0.00,0,0,0,0,0
1779933121538,-3126,7582,-14221,1,1,-10,resting,0.00,0,0,0,0,0
1779933121538,-3157,7544,-14230,0,3,-7,resting,0.00,0,0,0,0,0
1779933121568,-3154,7597,-14220,-1,6,-5,resting,0.00,0,0,0,0,0
1779933121571,-3185,7648,-14235,-5,6,-3,resting,0.00,0,0,0,0,0
1779933121575,-3155,7672,-14236,-5,4,-1,resting,0.00,0,0,0,0,0
1779933121595,-3129,7677,-14229,1,4,-3,resting,0.00,0,0,0,0,0
1779933121596,-3140,7684,-14243,-4,4,-2,resting,0.00,0,0,0,0,0
1779933121597,-3130,7667,-14217,-5,4,-5,resting,0.00,0,0,0,0,0
1779933121625,-3155,7712,-14288,-7,4,-3,resting,0.00,0,0,0,0,0
1779933121626,-3129,7728,-14203,-4,4,-6,resting,0.00,0,0,0,0,0
1779933121626,-3143,7657,-14217,-4,4,-9,resting,0.00,0,0,0,0,0
1779933121661,-3153,7580,-14206,-4,4,-8,resting,0.00,0,0,0,0,0
1779933121662,-3127,7568,-14266,-5,6,-5,resting,0.00,0,0,0,0,0
1779933121663,-3156,7656,-14291,-12,4,-2,resting,0.00,0,0,0,0,0
1779933121685,-3152,7699,-14244,-10,2,-1,resting,0.00,0,0,0,0,0
1779933121686,-3143,7692,-14250,-5,1,-4,resting,0.00,0,0,0,0,0
1779933121686,-3164,7618,-14281,-3,0,-4,resting,0.00,0,0,0,0,0
1779933121717,-3166,7610,-14231,-1,0,-1,resting,0.00,0,0,0,0,0
1779933121718,-3143,7635,-14220,-3,-1,4,resting,0.00,0,0,0,0,0
1779933121718,-3165,7641,-14231,-5,2,3,resting,0.00,0,0,0,0,0
1779933121745,-3150,7624,-14228,-6,4,3,resting,0.00,0,0,0,0,0
1779933121746,-3149,7692,-14277,-10,3,4,resting,0.00,0,0,0,0,0
1779933121747,-3138,7684,-14270,-9,4,3,resting,0.00,0,0,0,0,0
1779933121777,-3168,7705,-14222,-8,3,2,resting,0.00,0,0,0,0,0
1779933121777,-3163,7698,-14200,-5,2,0,resting,0.00,0,0,0,0,0
1779933121779,-3188,7661,-14244,-6,2,-1,resting,0.00,0,0,0,0,0
1779933121806,-3190,7677,-14227,-5,4,0,resting,0.00,0,0,0,0,0
1779933121807,-3161,7657,-14260,-5,5,1,resting,0.00,0,0,0,0,0
1779933121809,-3161,7615,-14247,-8,5,1,resting,0.00,0,0,0,0,0
1779933121835,-3171,7630,-14238,-10,5,2,resting,0.00,0,0,0,0,0
1779933121836,-3177,7674,-14264,-10,3,0,resting,0.00,0,0,0,0,0
1779933121837,-3144,7686,-14244,-9,3,0,resting,0.00,0,0,0,0,0
1779933121866,-3156,7666,-14254,-6,3,3,resting,0.00,0,0,0,0,0
1779933121867,-3155,7660,-14250,-6,4,1,resting,0.00,0,0,0,0,0
1779933121868,-3165,7635,-14230,-6,3,0,resting,0.00,0,0,0,0,0
1779933121899,-3155,7642,-14242,-7,2,2,resting,0.00,0,0,0,0,0
1779933121900,-3179,7651,-14237,-8,1,2,resting,0.00,0,0,0,0,0
1779933121901,-3175,7688,-14236,-9,4,1,resting,0.00,0,0,0,0,0
1779933121928,-3189,7689,-14239,-10,3,2,resting,0.00,0,0,0,0,0
1779933121928,-3207,7675,-14231,-10,2,1,resting,0.00,0,0,0,0,0
1779933121929,-3210,7686,-14232,-7,2,0,resting,0.00,0,0,0,0,0
1779933121958,-3150,7697,-14251,-4,4,0,resting,0.00,0,0,0,0,0
1779933121959,-3236,7691,-14239,-6,3,1,resting,0.00,0,0,0,0,0
1779933121960,-3205,7687,-14196,-6,4,2,resting,0.00,0,0,0,0,0
1779933121987,-3157,7716,-14229,-6,5,1,resting,0.00,0,0,0,0,0
1779933121987,-3166,7671,-14218,-4,5,-1,resting,0.00,0,0,0,0,0
1779933121988,-3202,7678,-14228,-5,6,0,resting,0.00,0,0,0,0,0
1779933122017,-3171,7692,-14223,-5,5,-1,resting,0.00,0,0,0,0,0
1779933122018,-3182,7687,-14225,-6,6,-1,resting,0.00,0,0,0,0,0
1779933122018,-3191,7681,-14218,-5,5,-3,resting,0.00,0,0,0,0,0
1779933122045,-3178,7632,-14185,-5,6,-2,resting,0.00,0,0,0,0,0
1779933122046,-3185,7672,-14225,-6,7,-2,resting,0.00,0,0,0,0,0
1779933122046,-3213,7716,-14234,-5,7,-1,resting,0.00,0,0,0,0,0
1779933122080,-3157,7701,-14238,-2,7,-1,resting,0.00,0,0,0,0,0
1779933122080,-3181,7636,-14242,-1,5,-3,resting,0.00,0,0,0,0,0
1779933122084,-3194,7678,-14245,-3,6,-2,resting,0.00,0,0,0,0,0
1779933122108,-3162,7714,-14256,-4,5,-1,resting,0.00,0,0,0,0,0
1779933122109,-3166,7694,-14273,-4,4,-5,resting,0.00,0,0,0,0,0
1779933122109,-3157,7662,-14261,-4,4,-6,resting,0.00,0,0,0,0,0
1779933122135,-3184,7637,-14231,-3,4,-6,resting,0.00,0,0,0,0,0
1779933122136,-3191,7648,-14213,-5,2,-3,resting,0.00,0,0,0,0,0
1779933122137,-3229,7683,-14195,-10,3,-3,resting,0.00,0,0,0,0,0
1779933122166,-3201,7694,-14197,-9,3,-4,resting,0.00,0,0,0,0,0
1779933122167,-3208,7691,-14248,-7,3,-6,resting,0.00,0,0,0,0,0
1779933122168,-3219,7701,-14238,-5,3,-5,resting,0.00,0,0,0,0,0
1779933122199,-3197,7683,-14235,-2,5,-6,resting,0.00,0,0,0,0,0
1779933122201,-3193,7685,-14209,-1,3,-6,resting,0.00,0,0,0,0,0
1779933122202,-3198,7647,-14248,-1,2,-5,resting,0.00,0,0,0,0,0
1779933122225,-3222,7667,-14219,-4,4,-6,resting,0.00,0,0,0,0,0
1779933122226,-3214,7669,-14244,-4,5,-7,resting,0.00,0,0,0,0,0
1779933122226,-3187,7653,-14245,-4,3,-7,resting,0.00,0,0,0,0,0
1779933122257,-3180,7669,-14210,-2,3,-6,resting,0.00,0,0,0,0,0
1779933122257,-3168,7677,-14257,-4,4,-3,resting,0.00,0,0,0,0,0
1779933122258,-3222,7681,-14205,-5,3,-6,resting,0.00,0,0,0,0,0
1779933122285,-3246,7638,-14179,-3,1,-5,resting,0.00,0,0,0,0,0
1779933122285,-3223,7637,-14228,-4,3,-4,resting,0.00,0,0,0,0,0
1779933122286,-3196,7619,-14183,-6,4,-2,resting,0.00,0,0,0,0,0
1779933122319,-3204,7678,-14188,-7,5,2,resting,0.00,0,0,0,0,0
1779933122320,-3239,7721,-14241,-8,4,2,resting,0.00,0,0,0,0,0
1779933122321,-3229,7719,-14272,-6,4,-2,resting,0.00,0,0,0,0,0
1779933122345,-3187,7694,-14242,0,2,-6,resting,0.00,0,0,0,0,0
1779933122350,-3170,7638,-14233,2,2,-7,resting,0.00,0,0,0,0,0
1779933122350,-3203,7578,-14217,1,2,-4,resting,0.00,0,0,0,0,0
1779933122377,-3264,7633,-14213,-3,2,-1,resting,0.00,0,0,0,0,0
1779933122377,-3215,7694,-14215,-10,4,0,resting,0.00,0,0,0,0,0
1779933122378,-3176,7725,-14211,-8,7,-2,resting,0.00,0,0,0,0,0
1779933122407,-3194,7656,-14197,-4,7,-4,resting,0.00,0,0,0,0,0
1779933122408,-3232,7639,-14175,-4,7,-4,resting,0.00,0,0,0,0,0
1779933122409,-3233,7626,-14179,-5,10,-3,resting,0.00,0,0,0,0,0
1779933122435,-3240,7616,-14165,-4,12,1,resting,0.00,0,0,0,0,0
1779933122435,-3260,7606,-14175,-5,13,3,resting,0.00,0,0,0,0,0
1779933122436,-3263,7621,-14173,-4,13,8,resting,0.00,0,0,0,0,0
1779933122466,-3235,7753,-14291,-7,17,5,resting,0.00,0,0,0,0,0
1779933122467,-3232,7601,-14231,2,19,-7,resting,0.00,0,0,0,0,0
1779933122467,-3215,7510,-14143,6,21,-1,resting,0.00,0,0,0,0,0
1779933122499,-3191,7687,-14070,-7,16,17,resting,0.00,0,0,0,0,0
1779933122500,-3286,7804,-14316,-31,14,16,resting,0.00,0,0,0,0,0
1779933122501,-3230,7793,-14264,-14,19,-2,resting,0.00,0,0,0,0,0
1779933122526,-3159,7673,-14229,13,20,-8,resting,0.00,0,0,0,0,0
1779933122527,-3152,7514,-14168,17,15,-4,resting,0.00,0,0,0,0,0
1779933122527,-3150,7537,-14292,-3,13,4,resting,0.00,0,0,0,0,0
1779933122557,-3164,7736,-14339,-19,14,9,resting,0.00,0,0,0,0,0
1779933122558,-3225,7747,-14214,-18,15,5,resting,0.00,0,0,0,0,0
1779933122559,-3216,7605,-14165,-8,14,-2,resting,0.00,0,0,0,0,0
1779933122585,-3184,7558,-14228,1,12,-2,resting,0.00,0,0,0,0,0
1779933122586,-3183,7649,-14254,1,11,8,resting,0.00,0,0,0,0,0
1779933122587,-3261,7785,-14191,-1,13,15,resting,0.00,0,0,0,0,0
1779933122615,-3292,7698,-14195,-7,17,9,resting,0.00,0,0,0,0,0
1779933122616,-3207,7641,-14156,-2,21,3,resting,0.00,0,0,0,0,0
1779933122617,-3155,7665,-14221,4,19,1,resting,0.00,0,0,0,0,0
1779933122645,-3200,7625,-14220,3,16,5,resting,0.00,0,0,0,0,0
1779933122651,-3228,7749,-14191,-5,20,7,resting,0.00,0,0,0,0,0
1779933122652,-3154,7778,-14288,-14,23,4,resting,0.00,0,0,0,0,0
1779933122677,-3128,7709,-14239,-11,24,-2,resting,0.00,0,0,0,0,0
1779933122682,-3166,7646,-14225,-2,23,-5,resting,0.00,0,0,0,0,0
1779933122683,-3208,7625,-14220,2,19,-5,resting,0.00,0,0,0,0,0
1779933122707,-3179,7634,-14237,0,19,-3,resting,0.00,0,0,0,0,0
1779933122708,-3156,7663,-14242,-6,19,1,resting,0.00,0,0,0,0,0
1779933122709,-3131,7633,-14264,-11,19,2,resting,0.00,0,0,0,0,0
1779933122735,-3133,7638,-14223,-8,16,1,resting,0.00,0,0,0,0,0
1779933122735,-3154,7660,-14267,-4,15,1,resting,0.00,0,0,0,0,0
1779933122736,-3170,7665,-14242,2,12,2,resting,0.00,0,0,0,0,0
1779933122768,-3210,7720,-14269,0,13,3,resting,0.00,0,0,0,0,0
1779933122768,-3137,7687,-14270,-5,15,2,resting,0.00,0,0,0,0,0
1779933122769,-3172,7669,-14220,-7,12,0,resting,0.00,0,0,0,0,0
1779933122795,-3191,7694,-14194,-2,11,-1,resting,0.00,0,0,0,0,0
1779933122799,-3224,7659,-14263,2,13,-1,resting,0.00,0,0,0,0,0
1779933122800,-3195,7661,-14277,-1,14,-1,resting,0.00,0,0,0,0,0
1779933122826,-3172,7703,-14259,-3,17,0,resting,0.00,0,0,0,0,0
1779933122830,-3181,7644,-14190,-6,17,0,resting,0.00,0,0,0,0,0
1779933122831,-3209,7638,-14182,-8,15,1,resting,0.00,0,0,0,0,0
1779933122856,-3221,7667,-14264,-8,16,0,resting,0.00,0,0,0,0,0
1779933122857,-3153,7696,-14286,-4,18,1,resting,0.00,0,0,0,0,0
1779933122857,-3163,7706,-14232,-1,19,1,resting,0.00,0,0,0,0,0
1779933122884,-3145,7633,-14205,-2,18,1,resting,0.00,0,0,0,0,0
1779933122885,-3172,7598,-14251,-4,17,1,resting,0.00,0,0,0,0,0
1779933122886,-3180,7636,-14215,-4,19,2,resting,0.00,0,0,0,0,0
1779933122918,-3201,7676,-14234,-4,20,3,resting,0.00,0,0,0,0,0
1779933122919,-3182,7653,-14235,-5,19,4,resting,0.00,0,0,0,0,0
1779933122919,-3166,7699,-14246,-9,18,3,resting,0.00,0,0,0,0,0
1779933122948,-3142,7733,-14239,-5,15,2,resting,0.00,0,0,0,0,0
1779933122949,-3137,7696,-14249,-1,15,1,resting,0.00,0,0,0,0,0
1779933122950,-3155,7663,-14246,3,16,0,resting,0.00,0,0,0,0,0
1779933122976,-3136,7630,-14267,-1,19,0,resting,0.00,0,0,0,0,0
1779933123010,-3148,7616,-14245,-5,16,0,resting,0.00,0,0,0,0,0
1779933123011,-3140,7627,-14217,-6,15,2,resting,0.00,0,0,0,0,0
1779933123012,-3150,7627,-14263,-5,17,3,resting,0.00,0,0,0,0,0
1779933123013,-3162,7679,-14244,-5,17,2,resting,0.00,0,0,0,0,0
1779933123015,-3131,7677,-14232,-5,17,2,resting,0.00,0,0,0,0,0
1779933123035,-3141,7669,-14235,-5,16,2,resting,0.00,0,0,0,0,0
1779933123043,-3169,7659,-14276,-4,16,2,resting,0.00,0,0,0,0,0
1779933123044,-3154,7673,-14231,-4,15,1,resting,0.00,0,0,0,0,0
1779933123065,-3129,7678,-14222,0,16,2,resting,0.00,0,0,0,0,0
1779933123066,-3132,7698,-14242,-2,15,2,resting,0.00,0,0,0,0,0
1779933123067,-3129,7667,-14245,-3,16,1,resting,0.00,0,0,0,0,0
1779933123099,-3132,7641,-14251,-5,15,-1,resting,0.00,0,0,0,0,0
1779933123100,-3116,7642,-14234,-3,15,-1,resting,0.00,0,0,0,0,0
1779933123101,-3105,7656,-14235,-1,17,2,resting,0.00,0,0,0,0,0
1779933123125,-3178,7650,-14237,-6,12,3,resting,0.00,0,0,0,0,0
1779933123126,-3200,7647,-14235,-8,13,2,resting,0.00,0,0,0,0,0
1779933123127,-3149,7634,-14289,-4,12,2,resting,0.00,0,0,0,0,0
1779933123157,-3097,7652,-14267,-2,11,3,resting,0.00,0,0,0,0,0
1779933123157,-3114,7636,-14231,0,9,3,resting,0.00,0,0,0,0,0
1779933123158,-3134,7618,-14209,-1,10,3,resting,0.00,0,0,0,0,0
1779933123185,-3158,7684,-14185,-2,12,4,resting,0.00,0,0,0,0,0
1779933123185,-3162,7700,-14214,-5,14,4,resting,0.00,0,0,0,0,0
1779933123186,-3099,7705,-14235,-5,16,2,resting,0.00,0,0,0,0,0
1779933123216,-3073,7701,-14219,-7,17,2,resting,0.00,0,0,0,0,0
1779933123217,-3110,7721,-14193,-11,16,1,resting,0.00,0,0,0,0,0
1779933123217,-3105,7730,-14204,-11,16,-2,resting,0.00,0,0,0,0,0
1779933123248,-3157,7670,-14243,-10,17,-5,resting,0.00,0,0,0,0,0
1779933123249,-3171,7618,-14225,-7,17,-4,resting,0.00,0,0,0,0,0
1779933123249,-3158,7617,-14264,-3,17,-2,resting,0.00,0,0,0,0,0
1779933123275,-3198,7586,-14259,-3,18,0,resting,0.00,0,0,0,0,0
1779933123276,-3156,7602,-14242,-3,18,2,resting,0.00,0,0,0,0,0
1779933123310,-3116,7651,-14212,-4,18,3,resting,0.00,0,0,0,0,0
1779933123311,-3117,7660,-14261,-5,16,3,resting,0.00,0,0,0,0,0
1779933123312,-3125,7675,-14294,-3,14,3,resting,0.00,0,0,0,0,0
1779933123335,-3126,7711,-14231,-4,13,3,resting,0.00,0,0,0,0,0
1779933123336,-3114,7696,-14255,-5,14,1,resting,0.00,0,0,0,0,0
1779933123337,-3107,7640,-14205,-4,14,-1,resting,0.00,0,0,0,0,0
1779933123338,-3091,7629,-14227,-4,14,-3,resting,0.00,0,0,0,0,0
1779933123365,-3085,7637,-14245,-5,15,-2,resting,0.00,0,0,0,0,0
1779933123366,-3111,7668,-14253,-7,15,-1,resting,0.00,0,0,0,0,0
1779933123398,-3124,7699,-14275,-5,14,0,resting,0.00,0,0,0,0,0
1779933123399,-3109,7657,-14258,-5,13,-1,resting,0.00,0,0,0,0,0
1779933123399,-3094,7645,-14257,-5,11,-2,resting,0.00,0,0,0,0,0
1779933123400,-3068,7653,-14282,-3,11,-1,resting,0.00,0,0,0,0,0
1779933123427,-3074,7608,-14236,-2,10,0,resting,0.00,0,0,0,0,0
1779933123427,-3151,7602,-14213,-2,11,3,resting,0.00,0,0,0,0,0
1779933123428,-3100,7645,-14224,-5,13,5,resting,0.00,0,0,0,0,0
1779933123456,-3133,7685,-14245,-7,13,4,resting,0.00,0,0,0,0,0
1779933123460,-3106,7724,-14273,-7,14,4,resting,0.00,0,0,0,0,0
1779933123461,-3081,7704,-14231,-5,15,2,resting,0.00,0,0,0,0,0
1779933123490,-3117,7692,-14228,-4,12,-2,resting,0.00,0,0,0,0,0
1779933123491,-3097,7690,-14282,-4,11,-3,resting,0.00,0,0,0,0,0
1779933123491,-3112,7706,-14246,-4,15,-2,resting,0.00,0,0,0,0,0
1779933123515,-3106,7650,-14245,-5,13,-5,resting,0.00,0,0,0,0,0
1779933123516,-3130,7613,-14278,-6,12,-4,resting,0.00,0,0,0,0,0
1779933123517,-3112,7636,-14266,-8,11,-2,resting,0.00,0,0,0,0,0
1779933123547,-3117,7624,-14267,-7,11,1,resting,0.00,0,0,0,0,0
1779933123548,-3091,7648,-14247,-6,12,0,resting,0.00,0,0,0,0,0
1779933123549,-3118,7703,-14229,-4,12,0,resting,0.00,0,0,0,0,0
1779933123576,-3103,7654,-14214,-5,11,0,resting,0.00,0,0,0,0,0
1779933123577,-3092,7642,-14245,-5,11,0,resting,0.00,0,0,0,0,0
1779933123578,-3092,7653,-14267,-5,9,1,resting,0.00,0,0,0,0,0
1779933123607,-3112,7688,-14231,-8,8,1,resting,0.00,0,0,0,0,0
1779933123608,-3089,7670,-14239,-8,9,1,resting,0.00,0,0,0,0,0
1779933123609,-3097,7658,-14241,-6,12,0,resting,0.00,0,0,0,0,0
1779933123635,-3044,7630,-14228,-7,12,0,resting,0.00,0,0,0,0,0
1779933123636,-3076,7666,-14200,-8,12,1,resting,0.00,0,0,0,0,0
1779933123637,-3122,7719,-14210,-11,11,3,resting,0.00,0,0,0,0,0
1779933123666,-3115,7683,-14216,-9,12,1,resting,0.00,0,0,0,0,0
1779933123666,-3095,7666,-14239,-6,12,0,resting,0.00,0,0,0,0,0
1779933123667,-3120,7639,-14216,-4,11,0,resting,0.00,0,0,0,0,0
1779933123698,-3134,7615,-14216,-3,13,2,resting,0.00,0,0,0,0,0
1779933123699,-3103,7644,-14235,-5,14,1,resting,0.00,0,0,0,0,0
1779933123700,-3069,7676,-14315,-8,15,2,resting,0.00,0,0,0,0,0
1779933123725,-3079,7661,-14279,-9,12,2,resting,0.00,0,0,0,0,0
1779933123725,-3117,7666,-14243,-10,11,1,resting,0.00,0,0,0,0,0
1779933123725,-3090,7656,-14247,-8,12,1,resting,0.00,0,0,0,0,0
1779933123757,-3094,7664,-14252,-5,11,3,resting,0.00,0,0,0,0,0
1779933123758,-3112,7637,-14242,-3,11,2,resting,0.00,0,0,0,0,0
1779933123759,-3109,7644,-14208,-3,12,2,resting,0.00,0,0,0,0,0
1779933123785,-3126,7628,-14232,-3,12,2,resting,0.00,0,0,0,0,0
1779933123785,-3071,7660,-14248,-6,11,2,resting,0.00,0,0,0,0,0
1779933123786,-3101,7730,-14230,-8,10,4,resting,0.00,0,0,0,0,0
1779933123815,-3117,7690,-14225,-8,10,2,resting,0.00,0,0,0,0,0
1779933123816,-3106,7654,-14269,-6,11,0,resting,0.00,0,0,0,0,0
1779933123817,-3095,7685,-14205,-5,11,-1,resting,0.00,0,0,0,0,0
1779933123846,-3072,7653,-14244,-4,10,1,resting,0.00,0,0,0,0,0
1779933123846,-3103,7630,-14235,-7,12,1,resting,0.00,0,0,0,0,0
1779933123846,-3096,7682,-14215,-7,11,0,resting,0.00,0,0,0,0,0
1779933123880,-3097,7649,-14232,-5,11,0,resting,0.00,0,0,0,0,0
1779933123881,-3093,7607,-14255,-4,11,1,resting,0.00,0,0,0,0,0
1779933123882,-3073,7661,-14233,-6,10,1,resting,0.00,0,0,0,0,0
1779933123910,-3055,7678,-14243,-10,12,1,resting,0.00,0,0,0,0,0
1779933123911,-3058,7666,-14261,-10,13,2,resting,0.00,0,0,0,0,0
1779933123911,-3065,7661,-14236,-7,11,1,resting,0.00,0,0,0,0,0
1779933123939,-3091,7656,-14276,-6,11,0,resting,0.00,0,0,0,0,0
1779933123940,-3091,7684,-14267,-8,11,1,resting,0.00,0,0,0,0,0
1779933123941,-3086,7716,-14231,-5,10,1,resting,0.00,0,0,0,0,0
1779933123968,-3111,7697,-14273,-6,10,0,resting,0.00,0,0,0,0,0
1779933123968,-3111,7686,-14275,-7,10,-2,resting,0.00,0,0,0,0,0
1779933123969,-3079,7682,-14264,-2,8,-4,resting,0.00,0,0,0,0,0
1779933123997,-3038,7638,-14253,0,7,-3,resting,0.00,0,0,0,0,0
1779933123998,-3074,7624,-14226,-5,8,-1,resting,0.00,0,0,0,0,0
1779933123999,-3108,7653,-14247,-9,9,0,resting,0.00,0,0,0,0,0
1779933124025,-3119,7682,-14244,-9,7,2,resting,0.00,0,0,0,0,0
1779933124026,-3131,7699,-14268,-8,6,1,resting,0.00,0,0,0,0,0
1779933124027,-3106,7661,-14269,-3,7,-1,resting,0.00,0,0,0,0,0
1779933124059,-3084,7666,-14229,0,7,-1,resting,0.00,0,0,0,0,0
1779933124060,-3130,7686,-14242,2,7,2,resting,0.00,0,0,0,0,0
1779933124061,-3128,7663,-14202,1,9,1,resting,0.00,0,0,0,0,0
1779933124089,-3104,7684,-14232,-3,13,-1,resting,0.00,0,0,0,0,0
1779933124090,-3116,7706,-14282,-6,14,-5,resting,0.00,0,0,0,0,0
1779933124091,-3113,7624,-14175,-5,11,-7,resting,0.00,0,0,0,0,0
1779933124115,-3071,7638,-14287,-12,13,0,resting,0.00,0,0,0,0,0
1779933124115,-3023,7865,-14266,-20,14,7,resting,0.00,0,0,0,0,0
1779933124116,-3081,7889,-14178,-14,11,-2,resting,0.00,0,0,0,0,0
1779933124148,-3155,7656,-14228,0,9,-13,resting,0.00,0,0,0,0,0
1779933124150,-3180,7434,-14211,16,10,-13,resting,0.00,0,0,0,0,0
1779933124174,-3080,7527,-14335,12,13,-3,resting,0.00,0,0,0,0,0
1779933124175,-3043,7644,-14223,2,12,6,resting,0.00,0,0,0,0,0
1779933124176,-3103,7651,-14256,-17,12,9,resting,0.00,0,0,0,0,0
1779933124176,-3092,7702,-14168,-18,10,3,resting,0.00,0,0,0,0,0
1779933124207,-3088,7737,-14312,-10,12,-4,resting,0.00,0,0,0,0,0
1779933124208,-3082,7722,-14211,7,13,-6,resting,0.00,0,0,0,0,0
1779933124208,-3109,7745,-14272,7,13,-1,resting,0.00,0,0,0,0,0
1779933124238,-3097,7710,-14274,-5,11,-1,resting,0.00,0,0,0,0,0
1779933124239,-3028,7653,-14283,-10,12,-6,resting,0.00,0,0,0,0,0
1779933124239,-3018,7577,-14219,-6,11,-6,resting,0.00,0,0,0,0,0
1779933124266,-3089,7609,-14198,-4,10,-4,resting,0.00,0,0,0,0,0
1779933124267,-3148,7659,-14244,-9,7,1,resting,0.00,0,0,0,0,0
1779933124268,-3137,7727,-14280,-12,8,3,resting,0.00,0,0,0,0,0
1779933124300,-3053,7735,-14317,-9,10,1,resting,0.00,0,0,0,0,0
1779933124301,-3008,7620,-14258,1,9,-3,resting,0.00,0,0,0,0,0
1779933124301,-3078,7554,-14230,4,8,-3,resting,0.00,0,0,0,0,0
1779933124325,-3090,7635,-14206,2,8,1,resting,0.00,0,0,0,0,0
1779933124326,-3117,7632,-14218,-5,8,8,resting,0.00,0,0,0,0,0
1779933124327,-3148,7696,-14234,-15,10,7,resting,0.00,0,0,0,0,0
1779933124355,-3118,7748,-14247,-18,11,5,resting,0.00,0,0,0,0,0
1779933124357,-3039,7784,-14262,-7,11,0,resting,0.00,0,0,0,0,0
1779933124358,-3065,7731,-14278,2,11,-4,resting,0.00,0,0,0,0,0
1779933124384,-3084,7668,-14242,4,11,-5,resting,0.00,0,0,0,0,0
1779933124384,-3077,7627,-14257,-4,11,-2,resting,0.00,0,0,0,0,0
1779933124387,-3057,7618,-14279,-11,10,-1,resting,0.00,0,0,0,0,0
1779933124414,-3083,7688,-14269,-11,10,-2,resting,0.00,0,0,0,0,0
1779933124415,-3085,7695,-14224,-4,9,-5,resting,0.00,0,0,0,0,0
1779933124415,-3130,7621,-14250,0,8,-3,resting,0.00,0,0,0,0,0
1779933124447,-3078,7664,-14310,-1,8,1,resting,0.00,0,0,0,0,0
1779933124449,-3073,7681,-14287,-6,7,3,resting,0.00,0,0,0,0,0
1779933124449,-3091,7689,-14245,-8,6,1,resting,0.00,0,0,0,0,0
1779933124474,-3115,7667,-14191,-6,8,-1,resting,0.00,0,0,0,0,0
1779933124475,-3073,7650,-14216,-3,6,-1,resting,0.00,0,0,0,0,0
1779933124476,-3067,7687,-14232,-4,7,1,resting,0.00,0,0,0,0,0
1779933124506,-3056,7755,-14275,-8,7,3,resting,0.00,0,0,0,0,0
1779933124538,-3081,7732,-14265,-10,7,2,resting,0.00,0,0,0,0,0
1779933124539,-3062,7667,-14234,-7,7,-1,resting,0.00,0,0,0,0,0
1779933124540,-3096,7665,-14235,-3,7,-2,resting,0.00,0,0,0,0,0
1779933124540,-3107,7683,-14210,-4,8,-1,resting,0.00,0,0,0,0,0
1779933124541,-3144,7657,-14231,-7,8,2,resting,0.00,0,0,0,0,0
1779933124566,-3114,7703,-14259,-8,7,2,resting,0.00,0,0,0,0,0
1779933124567,-3100,7710,-14326,-8,6,-1,resting,0.00,0,0,0,0,0
1779933124568,-3098,7684,-14269,-3,6,-4,resting,0.00,0,0,0,0,0
1779933124597,-3071,7630,-14222,0,5,-2,resting,0.00,0,0,0,0,0
1779933124597,-3071,7649,-14223,-3,4,0,resting,0.00,0,0,0,0,0
1779933124598,-3044,7677,-14280,-8,3,2,resting,0.00,0,0,0,0,0
1779933124625,-3093,7723,-14234,-7,1,-2,resting,0.00,0,0,0,0,0
1779933124633,-3127,7647,-14238,-1,1,-7,resting,0.00,0,0,0,0,0
1779933124633,-3078,7672,-14233,3,0,-5,resting,0.00,0,0,0,0,0
1779933124660,-3082,7649,-14252,-2,0,-1,resting,0.00,0,0,0,0,0
1779933124661,-3083,7710,-14251,-9,-1,-1,resting,0.00,0,0,0,0,0
1779933124664,-3111,7716,-14207,-9,-1,-1,resting,0.00,0,0,0,0,0
1779933124688,-3113,7694,-14240,-5,-1,-3,resting,0.00,0,0,0,0,0
1779933124688,-3081,7673,-14190,2,-1,-6,resting,0.00,0,0,0,0,0
1779933124689,-3124,7609,-14267,-1,0,-4,resting,0.00,0,0,0,0,0
1779933124715,-3162,7654,-14259,-5,1,-3,resting,0.00,0,0,0,0,0
1779933124716,-3154,7670,-14277,-8,2,-4,resting,0.00,0,0,0,0,0
1779933124717,-3051,7695,-14247,-3,2,-4,resting,0.00,0,0,0,0,0
1779933124746,-3069,7674,-14229,-1,2,-4,resting,0.00,0,0,0,0,0
1779933124747,-3131,7600,-14209,-4,-1,-4,resting,0.00,0,0,0,0,0
1779933124748,-3134,7639,-14229,-8,1,-3,resting,0.00,0,0,0,0,0
1779933124774,-3105,7738,-14235,-9,4,-1,resting,0.00,0,0,0,0,0
1779933124775,-3143,7725,-14250,-8,3,-1,resting,0.00,0,0,0,0,0
1779933124779,-3158,7724,-14195,-3,2,-3,resting,0.00,0,0,0,0,0
1779933124807,-3176,7650,-14280,-2,0,-5,resting,0.00,0,0,0,0,0
1779933124807,-3158,7605,-14242,-1,0,-5,resting,0.00,0,0,0,0,0
1779933124808,-3099,7668,-14238,-8,1,-2,resting,0.00,0,0,0,0,0
1779933124837,-3112,7715,-14210,-8,0,-2,resting,0.00,0,0,0,0,0
1779933124838,-3146,7701,-14249,-8,0,-4,resting,0.00,0,0,0,0,0
1779933124839,-3166,7662,-14203,-4,-2,-4,resting,0.00,0,0,0,0,0
1779933124865,-3166,7659,-14263,-3,0,-4,resting,0.00,0,0,0,0,0
1779933124866,-3126,7685,-14282,-5,1,-3,resting,0.00,0,0,0,0,0
1779933124866,-3126,7659,-14243,-4,2,-2,resting,0.00,0,0,0,0,0
1779933124895,-3112,7694,-14210,-4,0,-2,resting,0.00,0,0,0,0,0
1779933124896,-3139,7669,-14191,-4,-1,-4,resting,0.00,0,0,0,0,0
1779933124897,-3168,7660,-14239,-5,2,-4,resting,0.00,0,0,0,0,0
1779933124925,-3134,7690,-14236,-5,3,-3,resting,0.00,0,0,0,0,0
1779933124926,-3133,7698,-14225,-7,3,-4,resting,0.00,0,0,0,0,0
1779933124926,-3167,7709,-14262,-5,4,-6,resting,0.00,0,0,0,0,0
1779933124956,-3169,7676,-14214,-3,1,-5,resting,0.00,0,0,0,0,0
1779933124956,-3154,7669,-14225,-3,0,-5,resting,0.00,0,0,0,0,0
1779933124957,-3143,7652,-14201,-3,3,-5,resting,0.00,0,0,0,0,0
1779933124988,-3098,7645,-14200,-3,4,-3,resting,0.00,0,0,0,0,0
1779933124990,-3130,7629,-14234,-4,4,-1,resting,0.00,0,0,0,0,0
1779933124991,-3138,7652,-14243,-7,4,1,resting,0.00,0,0,0,0,0
1779933125016,-3204,7708,-14228,-9,3,1,resting,0.00,0,0,0,0,0
1779933125017,-3170,7700,-14261,-8,2,0,resting,0.00,0,0,0,0,0
1779933125018,-3174,7657,-14269,-6,1,0,resting,0.00,0,0,0,0,0
1779933125046,-3147,7679,-14230,-4,0,-1,resting,0.00,0,0,0,0,0
1779933125047,-3173,7674,-14183,-3,0,-1,resting,0.00,0,0,0,0,0
1779933125047,-3182,7664,-14224,-2,2,-1,resting,0.00,0,0,0,0,0
1779933125075,-3168,7707,-14261,-4,1,-1,resting,0.00,0,0,0,0,0
1779933125076,-3135,7720,-14226,-6,2,-1,resting,0.00,0,0,0,0,0
1779933125077,-3133,7735,-14223,-8,3,-2,resting,0.00,0,0,0,0,0
1779933125106,-3131,7709,-14189,-7,2,-4,resting,0.00,0,0,0,0,0
1779933125112,-3162,7684,-14192,-8,2,-6,resting,0.00,0,0,0,0,0
1779933125113,-3183,7629,-14247,-6,3,-6,resting,0.00,0,0,0,0,0
1779933125137,-3231,7598,-14183,-6,4,-2,resting,0.00,0,0,0,0,0
1779933125138,-3225,7623,-14203,-5,5,-1,resting,0.00,0,0,0,0,0
1779933125139,-3202,7648,-14217,-3,6,0,resting,0.00,0,0,0,0,0
1779933125165,-3175,7651,-14244,-2,7,0,resting,0.00,0,0,0,0,0
1779933125166,-3164,7698,-14216,-3,7,1,resting,0.00,0,0,0,0,0
1779933125166,-3169,7731,-14234,-6,6,1,resting,0.00,0,0,0,0,0
1779933125196,-3190,7738,-14233,-4,6,0,resting,0.00,0,0,0,0,0
1779933125196,-3158,7733,-14228,-3,7,-2,resting,0.00,0,0,0,0,0
1779933125197,-3153,7713,-14264,-4,6,-4,resting,0.00,0,0,0,0,0
1779933125229,-3149,7641,-14251,-4,5,-5,resting,0.00,0,0,0,0,0
1779933125230,-3166,7658,-14218,-6,3,-6,resting,0.00,0,0,0,0,0
1779933125230,-3137,7631,-14226,-7,4,-5,resting,0.00,0,0,0,0,0
1779933125255,-3150,7620,-14249,-8,4,-3,resting,0.00,0,0,0,0,0
1779933125256,-3163,7661,-14231,-10,1,-2,resting,0.00,0,0,0,0,0
1779933125257,-3181,7661,-14259,-9,1,-4,resting,0.00,0,0,0,0,0
1779933125296,-3143,7674,-14252,-6,1,-5,resting,0.00,0,0,0,0,0
1779933125296,-3156,7652,-14211,-3,1,-5,resting,0.00,0,0,0,0,0
1779933125297,-3179,7649,-14184,-3,0,-1,resting,0.00,0,0,0,0,0
1779933125316,-3220,7669,-14180,-4,-1,0,resting,0.00,0,0,0,0,0
1779933125317,-3233,7678,-14234,-5,1,2,resting,0.00,0,0,0,0,0
1779933125321,-3208,7716,-14170,-4,3,1,resting,0.00,0,0,0,0,0
1779933125345,-3173,7750,-14169,-5,4,-1,resting,0.00,0,0,0,0,0
1779933125346,-3159,7698,-14200,-7,4,-1,resting,0.00,0,0,0,0,0
1779933125347,-3177,7680,-14213,-8,6,-4,resting,0.00,0,0,0,0,0
1779933125375,-3180,7699,-14204,-10,6,-5,resting,0.00,0,0,0,0,0
1779933125375,-3215,7723,-14184,-11,6,-5,resting,0.00,0,0,0,0,0
1779933125376,-3238,7695,-14243,-7,6,-6,resting,0.00,0,0,0,0,0
1779933125405,-3204,7690,-14265,-4,7,-5,resting,0.00,0,0,0,0,0
1779933125406,-3169,7667,-14256,-6,9,-5,resting,0.00,0,0,0,0,0
1779933125407,-3183,7661,-14275,-6,6,-5,resting,0.00,0,0,0,0,0
1779933125437,-3214,7614,-14226,-6,5,-3,resting,0.00,0,0,0,0,0
1779933125438,-3183,7620,-14255,-6,5,-1,resting,0.00,0,0,0,0,0
1779933125470,-3179,7678,-14237,-6,4,-1,resting,0.00,0,0,0,0,0
1779933125471,-3205,7694,-14234,-5,2,-1,resting,0.00,0,0,0,0,0
1779933125471,-3207,7661,-14219,-3,1,-1,resting,0.00,0,0,0,0,0
1779933125472,-3178,7660,-14205,-4,2,0,resting,0.00,0,0,0,0,0
1779933125495,-3213,7641,-14189,-2,2,-1,resting,0.00,0,0,0,0,0
1779933125497,-3204,7664,-14229,-3,1,-1,resting,0.00,0,0,0,0,0
1779933125497,-3216,7690,-14188,-6,4,0,resting,0.00,0,0,0,0,0
1779933125528,-3217,7670,-14128,-5,3,1,resting,0.00,0,0,0,0,0
1779933125529,-3238,7664,-14172,-5,5,2,resting,0.00,0,0,0,0,0
1779933125529,-3212,7676,-14185,-6,7,0,resting,0.00,0,0,0,0,0
1779933125557,-3208,7668,-14212,-5,9,1,resting,0.00,0,0,0,0,0
1779933125557,-3229,7681,-14225,-5,10,0,resting,0.00,0,0,0,0,0
1779933125558,-3197,7673,-14203,-5,10,1,resting,0.00,0,0,0,0,0
1779933125587,-3242,7637,-14185,-5,13,1,resting,0.00,0,0,0,0,0
1779933125588,-3236,7664,-14221,-5,13,3,resting,0.00,0,0,0,0,0
1779933125589,-3207,7665,-14196,-5,13,3,resting,0.00,0,0,0,0,0
1779933125615,-3218,7692,-14230,-6,15,3,resting,0.00,0,0,0,0,0
1779933125615,-3169,7702,-14199,-7,16,3,resting,0.00,0,0,0,0,0
1779933125616,-3213,7651,-14188,-5,15,2,resting,0.00,0,0,0,0,0
1779933125645,-3188,7675,-14175,-3,16,3,resting,0.00,0,0,0,0,0
1779933125646,-3168,7703,-14237,-3,16,3,resting,0.00,0,0,0,0,0
1779933125646,-3186,7709,-14217,-4,14,3,resting,0.00,0,0,0,0,0
1779933125679,-3220,7718,-14209,-3,15,4,resting,0.00,0,0,0,0,0
1779933125680,-3196,7713,-14198,-4,16,3,resting,0.00,0,0,0,0,0
1779933125681,-3190,7704,-14216,-3,16,0,resting,0.00,0,0,0,0,0
1779933125706,-3219,7662,-14194,-1,16,0,resting,0.00,0,0,0,0,0
1779933125707,-3173,7648,-14184,-1,18,1,resting,0.00,0,0,0,0,0
1779933125708,-3175,7681,-14202,-2,19,1,resting,0.00,0,0,0,0,0
1779933125737,-3193,7661,-14301,-4,19,1,resting,0.00,0,0,0,0,0
1779933125739,-3152,7702,-14085,0,15,-2,resting,0.00,0,0,0,0,0
1779933125740,-3280,7641,-14329,-6,16,0,resting,0.00,0,0,0,0,0
1779933125765,-3191,7742,-14225,-3,16,1,resting,0.00,0,0,0,0,0
1779933125765,-3148,7745,-14256,-1,18,-1,resting,0.00,0,0,0,0,0
1779933125766,-3161,7738,-14211,-1,16,3,resting,0.00,0,0,0,0,0
1779933125796,-3189,7593,-14085,3,16,0,resting,0.00,0,0,0,0,0
1779933125797,-3223,7571,-14276,-5,18,1,resting,0.00,0,0,0,0,0
1779933125797,-3160,7682,-14157,-2,18,5,resting,0.00,0,0,0,0,0
1779933125825,-3166,7719,-14276,-6,21,7,resting,0.00,0,0,0,0,0
1779933125829,-3161,7708,-14238,-6,18,5,resting,0.00,0,0,0,0,0
1779933125830,-3180,7679,-14228,-6,18,1,resting,0.00,0,0,0,0,0
1779933125855,-3186,7697,-14256,-5,16,0,resting,0.00,0,0,0,0,0
1779933125856,-3217,7691,-14262,0,17,2,resting,0.00,0,0,0,0,0
1779933125857,-3168,7699,-14270,-1,17,0,resting,0.00,0,0,0,0,0
1779933125885,-3133,7650,-14223,-3,13,-1,resting,0.00,0,0,0,0,0
1779933125916,-3136,7630,-14253,-2,9,-1,resting,0.00,0,0,0,0,0
1779933125917,-3178,7611,-14246,1,11,0,resting,0.00,0,0,0,0,0
1779933125917,-3211,7634,-14207,1,10,3,resting,0.00,0,0,0,0,0
1779933125921,-3185,7707,-14215,-2,10,5,resting,0.00,0,0,0,0,0
1779933125922,-3162,7710,-14237,-6,13,3,resting,0.00,0,0,0,0,0
1779933125948,-3125,7714,-14218,-5,13,2,resting,0.00,0,0,0,0,0
1779933125949,-3129,7736,-14220,-4,13,0,resting,0.00,0,0,0,0,0
1779933125949,-3177,7681,-14182,-4,13,-3,resting,0.00,0,0,0,0,0
1779933125978,-3158,7699,-14190,-4,15,-2,resting,0.00,0,0,0,0,0
1779933125979,-3176,7656,-14213,-1,15,-2,resting,0.00,0,0,0,0,0
1779933125980,-3222,7613,-14186,-2,17,-3,resting,0.00,0,0,0,0,0
1779933126007,-3170,7625,-14212,0,20,0,resting,0.00,0,0,0,0,0
1779933126008,-3149,7612,-14262,0,18,1,resting,0.00,0,0,0,0,0
1779933126008,-3126,7647,-14242,-3,18,-1,resting,0.00,0,0,0,0,0
1779933126036,-3151,7689,-14229,-4,18,1,resting,0.00,0,0,0,0,0
1779933126037,-3150,7678,-14256,-5,17,2,resting,0.00,0,0,0,0,0
1779933126038,-3172,7695,-14276,-5,17,0,resting,0.00,0,0,0,0,0
1779933126065,-3165,7703,-14269,-3,15,0,resting,0.00,0,0,0,0,0
1779933126066,-3164,7705,-14225,0,15,-1,resting,0.00,0,0,0,0,0
1779933126070,-3123,7659,-14231,-4,15,-3,resting,0.00,0,0,0,0,0
1779933126097,-3094,7590,-14299,-5,14,-4,resting,0.00,0,0,0,0,0
1779933126097,-3165,7635,-14321,-6,12,0,resting,0.00,0,0,0,0,0
1779933126099,-3146,7710,-14265,-6,12,0,resting,0.00,0,0,0,0,0
1779933126128,-3120,7688,-14288,-3,11,-3,resting,0.00,0,0,0,0,0
1779933126129,-3093,7599,-14227,0,7,-3,resting,0.00,0,0,0,0,0
1779933126130,-3121,7558,-14229,0,6,-1,resting,0.00,0,0,0,0,0
1779933126155,-3179,7602,-14178,0,8,1,resting,0.00,0,0,0,0,0
1779933126156,-3190,7654,-14181,-1,9,4,resting,0.00,0,0,0,0,0
1779933126156,-3167,7656,-14179,-4,12,5,resting,0.00,0,0,0,0,0
1779933126186,-3124,7697,-14243,-3,12,3,resting,0.00,0,0,0,0,0
1779933126187,-3130,7686,-14217,-5,15,4,resting,0.00,0,0,0,0,0
1779933126188,-3141,7712,-14203,-5,17,2,resting,0.00,0,0,0,0,0
1779933126215,-3120,7729,-14243,-5,18,1,resting,0.00,0,0,0,0,0
1779933126215,-3147,7709,-14204,-6,19,-2,resting,0.00,0,0,0,0,0
1779933126216,-3150,7675,-14210,-6,18,-2,resting,0.00,0,0,0,0,0
1779933126246,-3167,7642,-14251,-6,19,-1,resting,0.00,0,0,0,0,0
1779933126247,-3162,7660,-14240,-3,20,-1,resting,0.00,0,0,0,0,0
1779933126248,-3127,7644,-14243,-5,19,-1,resting,0.00,0,0,0,0,0
1779933126281,-3118,7631,-14275,-5,17,0,resting,0.00,0,0,0,0,0
1779933126282,-3115,7645,-14271,-5,18,2,resting,0.00,0,0,0,0,0
1779933126283,-3145,7673,-14296,-7,16,3,resting,0.00,0,0,0,0,0
1779933126305,-3125,7674,-14264,-4,13,2,resting,0.00,0,0,0,0,0
1779933126305,-3127,7622,-14245,-2,13,1,resting,0.00,0,0,0,0,0
1779933126306,-3109,7648,-14253,-4,12,2,resting,0.00,0,0,0,0,0
1779933126337,-3105,7655,-14264,-6,10,3,resting,0.00,0,0,0,0,0
1779933126337,-3119,7656,-14200,-7,11,2,resting,0.00,0,0,0,0,0
1779933126338,-3161,7669,-14240,-8,11,3,resting,0.00,0,0,0,0,0
1779933126370,-3169,7659,-14232,-7,13,4,resting,0.00,0,0,0,0,0
1779933126398,-3158,7664,-14230,-7,13,4,resting,0.00,0,0,0,0,0
1779933126398,-3126,7646,-14214,-6,14,4,resting,0.00,0,0,0,0,0
1779933126402,-3132,7673,-14242,-6,16,4,resting,0.00,0,0,0,0,0
1779933126403,-3118,7680,-14231,-7,13,3,resting,0.00,0,0,0,0,0
1779933126404,-3109,7677,-14249,-6,14,3,resting,0.00,0,0,0,0,0
1779933126428,-3083,7669,-14253,-5,16,3,resting,0.00,0,0,0,0,0
1779933126428,-3107,7678,-14222,-3,15,3,resting,0.00,0,0,0,0,0
1779933126429,-3113,7675,-14256,-6,14,2,resting,0.00,0,0,0,0,0
1779933126455,-3117,7662,-14253,-7,14,1,resting,0.00,0,0,0,0,0
1779933126455,-3114,7667,-14257,-5,14,1,resting,0.00,0,0,0,0,0
1779933126456,-3095,7669,-14235,-5,14,4,resting,0.00,0,0,0,0,0
1779933126486,-3127,7665,-14247,-6,12,2,resting,0.00,0,0,0,0,0
1779933126487,-3126,7643,-14216,-7,13,3,resting,0.00,0,0,0,0,0
1779933126487,-3120,7640,-14270,-7,12,4,resting,0.00,0,0,0,0,0
1779933126520,-3098,7670,-14254,-6,13,4,resting,0.00,0,0,0,0,0
1779933126522,-3151,7711,-14214,-7,14,2,resting,0.00,0,0,0,0,0
1779933126523,-3113,7678,-14178,-4,15,2,resting,0.00,0,0,0,0,0
1779933126548,-3111,7685,-14257,-5,14,2,resting,0.00,0,0,0,0,0
1779933126549,-3068,7694,-14248,-8,14,2,resting,0.00,0,0,0,0,0
1779933126549,-3087,7688,-14231,-6,15,1,resting,0.00,0,0,0,0,0
1779933126577,-3076,7706,-14237,-6,10,-1,resting,0.00,0,0,0,0,0
1779933126578,-3120,7692,-14255,-6,11,-1,resting,0.00,0,0,0,0,0
1779933126579,-3126,7690,-14253,-4,13,-1,resting,0.00,0,0,0,0,0
1779933126605,-3130,7693,-14227,-5,11,-1,resting,0.00,0,0,0,0,0
1779933126606,-3103,7702,-14244,-5,10,-1,resting,0.00,0,0,0,0,0
1779933126607,-3078,7657,-14238,-7,11,-1,resting,0.00,0,0,0,0,0
1779933126636,-3073,7625,-14217,-5,13,-2,resting,0.00,0,0,0,0,0
1779933126665,-3077,7632,-14272,-6,12,0,resting,0.00,0,0,0,0,0
1779933126666,-3109,7650,-14276,-7,11,1,resting,0.00,0,0,0,0,0
1779933126667,-3131,7694,-14239,-8,9,2,resting,0.00,0,0,0,0,0
1779933126674,-3126,7706,-14224,-4,8,0,resting,0.00,0,0,0,0,0
1779933126675,-3122,7682,-14240,-2,9,-1,resting,0.00,0,0,0,0,0
1779933126695,-3077,7634,-14237,-3,8,1,resting,0.00,0,0,0,0,0
1779933126697,-3079,7655,-14238,-4,9,4,resting,0.00,0,0,0,0,0
1779933126697,-3125,7708,-14188,-5,9,6,resting,0.00,0,0,0,0,0
1779933126727,-3139,7693,-14240,-6,12,5,resting,0.00,0,0,0,0,0
1779933126728,-3114,7719,-14269,-8,13,3,resting,0.00,0,0,0,0,0
1779933126729,-3042,7767,-14277,-7,12,1,resting,0.00,0,0,0,0,0
1779933126756,-3062,7741,-14241,-7,11,-3,resting,0.00,0,0,0,0,0
1779933126757,-3058,7701,-14190,-8,12,-6,resting,0.00,0,0,0,0,0
1779933126760,-3026,7681,-14227,-7,11,-6,resting,0.00,0,0,0,0,0
1779933126786,-3081,7640,-14187,-5,11,-6,resting,0.00,0,0,0,0,0
1779933126786,-3136,7649,-14216,-5,11,-4,resting,0.00,0,0,0,0,0
1779933126787,-3152,7633,-14235,-1,13,-3,resting,0.00,0,0,0,0,0
1779933126815,-3131,7646,-14285,-1,13,0,resting,0.00,0,0,0,0,0
1779933126845,-3125,7611,-14242,1,14,-1,resting,0.00,0,0,0,0,0
1779933126846,-3085,7654,-14219,-1,13,1,resting,0.00,0,0,0,0,0
1779933126847,-3081,7729,-14202,-2,11,3,resting,0.00,0,0,0,0,0
1779933126847,-3110,7749,-14236,-5,14,1,resting,0.00,0,0,0,0,0
1779933126848,-3064,7755,-14236,-5,15,0,resting,0.00,0,0,0,0,0
1779933126877,-3099,7639,-14230,-5,13,-5,resting,0.00,0,0,0,0,0
1779933126878,-3072,7617,-14211,-4,13,-6,resting,0.00,0,0,0,0,0
1779933126878,-3045,7647,-14221,-6,14,-5,resting,0.00,0,0,0,0,0
1779933126906,-3120,7650,-14250,-7,13,-2,resting,0.00,0,0,0,0,0
1779933126907,-3125,7624,-14263,-10,13,-2,resting,0.00,0,0,0,0,0
1779933126907,-3084,7658,-14281,-7,12,-1,resting,0.00,0,0,0,0,0
1779933126939,-3029,7671,-14255,-3,12,-3,resting,0.00,0,0,0,0,0
1779933126940,-3059,7620,-14221,-2,9,-2,resting,0.00,0,0,0,0,0
1779933126940,-3093,7610,-14217,-1,9,2,resting,0.00,0,0,0,0,0
1779933126969,-3109,7631,-14208,-2,10,3,resting,0.00,0,0,0,0,0
1779933126969,-3080,7658,-14262,-4,12,4,resting,0.00,0,0,0,0,0
1779933126970,-3104,7701,-14225,-7,12,4,resting,0.00,0,0,0,0,0
1779933126995,-3085,7725,-14243,-10,13,5,resting,0.00,0,0,0,0,0
1779933126998,-3073,7688,-14272,-8,12,2,resting,0.00,0,0,0,0,0
1779933126999,-3056,7713,-14255,-5,10,-1,resting,0.00,0,0,0,0,0
1779933127026,-3073,7717,-14255,-4,10,-2,resting,0.00,0,0,0,0,0
1779933127027,-3105,7658,-14242,-5,10,0,resting,0.00,0,0,0,0,0
1779933127028,-3120,7635,-14250,-6,9,0,resting,0.00,0,0,0,0,0
1779933127055,-3086,7680,-14255,-7,9,0,resting,0.00,0,0,0,0,0
1779933127056,-3102,7679,-14238,-7,10,2,resting,0.00,0,0,0,0,0
1779933127057,-3071,7664,-14222,-8,11,3,resting,0.00,0,0,0,0,0
1779933127085,-3062,7685,-14243,-6,10,3,resting,0.00,0,0,0,0,0
1779933127086,-3079,7690,-14258,-7,11,1,resting,0.00,0,0,0,0,0
1779933127087,-3101,7667,-14247,-5,10,1,resting,0.00,0,0,0,0,0
1779933127118,-3109,7689,-14236,-4,9,2,resting,0.00,0,0,0,0,0
1779933127119,-3079,7647,-14256,-5,10,3,resting,0.00,0,0,0,0,0
1779933127120,-3101,7692,-14231,-7,11,3,resting,0.00,0,0,0,0,0
1779933127145,-3087,7688,-14230,-9,10,3,resting,0.00,0,0,0,0,0
1779933127146,-3088,7652,-14232,-8,10,3,resting,0.00,0,0,0,0,0
1779933127147,-3076,7714,-14223,-8,10,4,resting,0.00,0,0,0,0,0
1779933127180,-3102,7699,-14243,-6,9,4,resting,0.00,0,0,0,0,0
1779933127180,-3101,7696,-14294,-4,11,4,resting,0.00,0,0,0,0,0
1779933127181,-3115,7656,-14230,-4,9,2,resting,0.00,0,0,0,0,0
1779933127205,-3096,7660,-14218,-4,10,1,resting,0.00,0,0,0,0,0
1779933127206,-3075,7670,-14268,-7,9,1,resting,0.00,0,0,0,0,0
1779933127206,-3105,7720,-14222,-9,10,2,resting,0.00,0,0,0,0,0
1779933127235,-3097,7730,-14237,-9,9,3,resting,0.00,0,0,0,0,0
1779933127236,-3106,7729,-14182,-7,10,2,resting,0.00,0,0,0,0,0
1779933127237,-3106,7702,-14234,-4,11,-1,resting,0.00,0,0,0,0,0
1779933127265,-3086,7665,-14283,-3,11,-1,resting,0.00,0,0,0,0,0
1779933127273,-3072,7695,-14241,-2,13,-1,resting,0.00,0,0,0,0,0
1779933127274,-3094,7685,-14274,-4,13,-1,resting,0.00,0,0,0,0,0
1779933127296,-3080,7653,-14260,-4,11,0,resting,0.00,0,0,0,0,0
1779933127296,-3039,7650,-14232,-5,11,2,resting,0.00,0,0,0,0,0
1779933127297,-3059,7689,-14241,-7,12,1,resting,0.00,0,0,0,0,0
1779933127327,-3073,7683,-14227,-7,10,0,resting,0.00,0,0,0,0,0
1779933127328,-3079,7724,-14227,-8,10,3,resting,0.00,0,0,0,0,0
1779933127329,-3091,7754,-14266,-7,10,2,resting,0.00,0,0,0,0,0
1779933127355,-3078,7699,-14291,-4,11,-2,resting,0.00,0,0,0,0,0
1779933127356,-3101,7701,-14222,-3,9,-4,resting,0.00,0,0,0,0,0
1779933127357,-3093,7653,-14227,-4,9,-4,resting,0.00,0,0,0,0,0
1779933127385,-3078,7628,-14259,-4,8,-3,resting,0.00,0,0,0,0,0
1779933127387,-3100,7682,-14204,-6,8,0,resting,0.00,0,0,0,0,0
1779933127387,-3098,7715,-14238,-8,7,2,resting,0.00,0,0,0,0,0
1779933127418,-3088,7707,-14239,-8,8,0,resting,0.00,0,0,0,0,0
1779933127419,-3078,7687,-14233,-4,9,-2,resting,0.00,0,0,0,0,0
1779933127419,-3086,7656,-14221,0,8,-3,resting,0.00,0,0,0,0,0
1779933127446,-3099,7681,-14226,-3,10,-2,resting,0.00,0,0,0,0,0
1779933127447,-3042,7672,-14246,-3,11,0,resting,0.00,0,0,0,0,0
1779933127447,-3071,7690,-14235,-5,10,-1,resting,0.00,0,0,0,0,0
1779933127476,-3074,7681,-14253,-7,9,0,resting,0.00,0,0,0,0,0
1779933127477,-3084,7714,-14197,-6,8,-1,resting,0.00,0,0,0,0,0
1779933127477,-3088,7759,-14221,-5,7,-2,resting,0.00,0,0,0,0,0
1779933127505,-3069,7718,-14271,-3,7,-3,resting,0.00,0,0,0,0,0
1779933127505,-3063,7687,-14274,0,5,-5,resting,0.00,0,0,0,0,0
1779933127506,-3055,7676,-14250,0,7,-5,resting,0.00,0,0,0,0,0
1779933127538,-3055,7624,-14183,0,8,-6,resting,0.00,0,0,0,0,0
1779933127539,-3042,7599,-14266,-2,7,-4,resting,0.00,0,0,0,0,0
1779933127540,-3102,7629,-14246,-8,7,0,resting,0.00,0,0,0,0,0
1779933127568,-3105,7679,-14251,-10,5,-3,resting,0.00,0,0,0,0,0
1779933127568,-3162,7689,-14253,-6,4,-3,resting,0.00,0,0,0,0,0
1779933127569,-3091,7691,-14265,0,5,-1,resting,0.00,0,0,0,0,0
1779933127594,-3090,7692,-14272,4,4,-2,resting,0.00,0,0,0,0,0
1779933127596,-3091,7686,-14242,7,5,-1,resting,0.00,0,0,0,0,0
1779933127597,-3096,7677,-14211,3,6,0,resting,0.00,0,0,0,0,0
1779933127626,-3090,7696,-14276,-5,7,-2,resting,0.00,0,0,0,0,0
1779933127629,-3033,7700,-14251,-8,8,-3,resting,0.00,0,0,0,0,0
1779933127630,-3027,7743,-14245,-10,7,-3,resting,0.00,0,0,0,0,0
1779933127660,-3033,7755,-14290,-9,6,-5,resting,0.00,0,0,0,0,0
1779933127661,-3093,7724,-14203,-7,5,-9,resting,0.00,0,0,0,0,0
1779933127662,-3117,7646,-14257,-3,7,-8,resting,0.00,0,0,0,0,0
1779933127685,-3134,7599,-14269,0,6,-6,resting,0.00,0,0,0,0,0
1779933127686,-3132,7612,-14244,3,5,-4,resting,0.00,0,0,0,0,0
1779933127686,-3127,7622,-14237,2,4,-3,resting,0.00,0,0,0,0,0
1779933127718,-3129,7579,-14270,-1,5,0,resting,0.00,0,0,0,0,0
1779933127719,-3128,7654,-14248,-5,5,3,resting,0.00,0,0,0,0,0
1779933127719,-3100,7708,-14267,-6,5,3,resting,0.00,0,0,0,0,0
1779933127745,-3071,7733,-14248,-5,4,3,resting,0.00,0,0,0,0,0
1779933127746,-3081,7746,-14255,-2,3,0,resting,0.00,0,0,0,0,0
1779933127746,-3114,7723,-14261,-2,2,-5,resting,0.00,0,0,0,0,0
1779933127780,-3115,7700,-14182,-2,2,-6,resting,0.00,0,0,0,0,0
1779933127780,-3072,7666,-14212,-3,1,-5,resting,0.00,0,0,0,0,0
1779933127781,-3087,7663,-14291,-3,1,-3,resting,0.00,0,0,0,0,0
1779933127805,-3139,7689,-14264,-6,0,-4,resting,0.00,0,0,0,0,0
1779933127805,-3099,7684,-14249,-4,-3,-7,resting,0.00,0,0,0,0,0
1779933127806,-3099,7620,-14291,-1,-2,-7,resting,0.00,0,0,0,0,0
1779933127837,-3107,7670,-14269,-2,-1,-4,resting,0.00,0,0,0,0,0
1779933127837,-3077,7662,-14250,-1,-3,-2,resting,0.00,0,0,0,0,0
1779933127838,-3123,7611,-14224,-3,-3,0,resting,0.00,0,0,0,0,0
1779933127865,-3166,7602,-14233,-5,-1,2,resting,0.00,0,0,0,0,0
1779933127870,-3165,7665,-14235,-6,-1,3,resting,0.00,0,0,0,0,0
1779933127871,-3095,7761,-14229,-5,0,4,resting,0.00,0,0,0,0,0
1779933127896,-3064,7772,-14218,-5,0,2,resting,0.00,0,0,0,0,0
1779933127897,-3108,7696,-14248,-5,-1,-1,resting,0.00,0,0,0,0,0
1779933127925,-3115,7690,-14224,-4,1,-3,resting,0.00,0,0,0,0,0
1779933127925,-3069,7689,-14216,-4,2,-5,resting,0.00,0,0,0,0,0
1779933127925,-3105,7673,-14194,-7,4,-4,resting,0.00,0,0,0,0,0
1779933127926,-3132,7675,-14203,-9,4,-5,resting,0.00,0,0,0,0,0
1779933127953,-3159,7665,-14254,-8,3,-7,resting,0.00,0,0,0,0,0
1779933127954,-3165,7655,-14227,-7,1,-5,resting,0.00,0,0,0,0,0
1779933127955,-3174,7681,-14260,-6,2,-2,resting,0.00,0,0,0,0,0
1779933127985,-3128,7642,-14238,-5,4,-1,resting,0.00,0,0,0,0,0
1779933127986,-3147,7671,-14204,-6,1,-2,resting,0.00,0,0,0,0,0
1779933127986,-3126,7693,-14227,-5,1,-2,resting,0.00,0,0,0,0,0
1779933128014,-3142,7680,-14258,-3,2,-1,resting,0.00,0,0,0,0,0
1779933128015,-3128,7652,-14255,-6,1,0,resting,0.00,0,0,0,0,0
1779933128016,-3131,7690,-14225,-8,1,0,resting,0.00,0,0,0,0,0
1779933128044,-3134,7666,-14222,-6,2,-1,resting,0.00,0,0,0,0,0
1779933128045,-3159,7664,-14210,-6,2,0,resting,0.00,0,0,0,0,0
1779933128045,-3141,7647,-14204,-6,4,0,resting,0.00,0,0,0,0,0
1779933128075,-3141,7675,-14206,-7,4,0,resting,0.00,0,0,0,0,0
1779933128076,-3174,7697,-14184,-11,5,1,resting,0.00,0,0,0,0,0
1779933128077,-3149,7711,-14235,-9,5,0,resting,0.00,0,0,0,0,0
1779933128109,-3147,7710,-14251,-6,3,-3,resting,0.00,0,0,0,0,0
1779933128110,-3138,7700,-14228,-6,4,-2,resting,0.00,0,0,0,0,0
1779933128111,-3214,7713,-14230,-6,5,0,resting,0.00,0,0,0,0,0
1779933128135,-3174,7677,-14232,-5,4,-1,resting,0.00,0,0,0,0,0
1779933128137,-3152,7680,-14245,-4,5,-2,resting,0.00,0,0,0,0,0
1779933128137,-3168,7668,-14220,-6,5,-2,resting,0.00,0,0,0,0,0
1779933128168,-3170,7653,-14222,-5,4,0,resting,0.00,0,0,0,0,0
1779933128168,-3166,7652,-14248,-3,3,0,resting,0.00,0,0,0,0,0
1779933128169,-3173,7685,-14229,-4,4,0,resting,0.00,0,0,0,0,0
1779933128196,-3158,7683,-14228,-6,5,1,resting,0.00,0,0,0,0,0
1779933128196,-3162,7698,-14244,-7,3,-1,resting,0.00,0,0,0,0,0
1779933128197,-3156,7697,-14233,-4,3,-2,resting,0.00,0,0,0,0,0
1779933128226,-3146,7668,-14225,-5,2,-1,resting,0.00,0,0,0,0,0
1779933128227,-3155,7630,-14230,-4,4,-1,resting,0.00,0,0,0,0,0
1779933128227,-3147,7715,-14262,-7,4,0,resting,0.00,0,0,0,0,0
1779933128262,-3140,7731,-14230,-8,1,-1,resting,0.00,0,0,0,0,0
1779933128262,-3192,7703,-14219,-7,0,-2,resting,0.00,0,0,0,0,0
1779933128263,-3194,7712,-14233,-5,1,-4,resting,0.00,0,0,0,0,0
1779933128287,-3170,7716,-14209,-3,1,-4,resting,0.00,0,0,0,0,0
1779933128288,-3180,7658,-14208,-3,3,-2,resting,0.00,0,0,0,0,0
1779933128317,-3190,7612,-14230,-5,2,-2,resting,0.00,0,0,0,0,0
1779933128318,-3182,7671,-14223,-7,4,-1,resting,0.00,0,0,0,0,0
1779933128319,-3175,7706,-14219,-8,4,0,resting,0.00,0,0,0,0,0
1779933128320,-3157,7727,-14186,-7,3,-2,resting,0.00,0,0,0,0,0
1779933128345,-3180,7694,-14212,-5,3,-2,resting,0.00,0,0,0,0,0
1779933128345,-3186,7679,-14248,-5,3,-3,resting,0.00,0,0,0,0,0
1779933128346,-3163,7710,-14215,-5,1,-3,resting,0.00,0,0,0,0,0
1779933128375,-3182,7708,-14197,-4,3,0,resting,0.00,0,0,0,0,0
1779933128376,-3140,7725,-14224,-5,2,-3,resting,0.00,0,0,0,0,0
1779933128379,-3172,7649,-14221,-4,3,-5,resting,0.00,0,0,0,0,0
1779933128408,-3195,7614,-14214,-3,5,-4,resting,0.00,0,0,0,0,0
1779933128409,-3176,7709,-14152,-3,7,-1,resting,0.00,0,0,0,0,0
1779933128410,-3174,7708,-14208,-5,5,-1,resting,0.00,0,0,0,0,0
1779933128436,-3204,7720,-14288,-8,4,-2,resting,0.00,0,0,0,0,0
1779933128436,-3218,7726,-14238,-7,3,-3,resting,0.00,0,0,0,0,0
1779933128437,-3176,7742,-14260,-4,2,-5,resting,0.00,0,0,0,0,0
1779933128466,-3165,7714,-14259,-4,1,-6,resting,0.00,0,0,0,0,0
1779933128467,-3167,7691,-14273,-4,0,-7,resting,0.00,0,0,0,0,0
1779933128467,-3186,7644,-14206,0,1,-8,resting,0.00,0,0,0,0,0
1779933128501,-3208,7646,-14190,1,0,-6,resting,0.00,0,0,0,0,0
1779933128501,-3214,7629,-14207,-2,0,-5,resting,0.00,0,0,0,0,0
1779933128502,-3173,7653,-14216,-5,2,-4,resting,0.00,0,0,0,0,0
1779933128528,-3131,7723,-14206,-9,4,-4,resting,0.00,0,0,0,0,0
1779933128529,-3145,7758,-14210,-11,3,-4,resting,0.00,0,0,0,0,0
1779933128530,-3153,7750,-14174,-10,2,-7,resting,0.00,0,0,0,0,0
1779933128558,-3216,7684,-14175,-6,4,-8,resting,0.00,0,0,0,0,0
1779933128559,-3230,7653,-14177,-4,3,-7,resting,0.00,0,0,0,0,0
1779933128560,-3241,7667,-14196,-1,5,-6,resting,0.00,0,0,0,0,0
1779933128586,-3242,7658,-14216,1,8,-4,resting,0.00,0,0,0,0,0
1779933128587,-3212,7659,-14212,0,8,-3,resting,0.00,0,0,0,0,0
1779933128587,-3188,7657,-14203,-2,8,-4,resting,0.00,0,0,0,0,0
1779933128623,-3169,7666,-14217,-3,9,-4,resting,0.00,0,0,0,0,0
1779933128623,-3194,7691,-14187,-6,9,-2,resting,0.00,0,0,0,0,0
1779933128624,-3212,7755,-14219,-9,7,-2,resting,0.00,0,0,0,0,0
1779933128650,-3199,7745,-14229,-8,8,-2,resting,0.00,0,0,0,0,0
1779933128650,-3175,7700,-14198,-4,8,-6,resting,0.00,0,0,0,0,0
1779933128651,-3166,7660,-14210,-2,9,-5,resting,0.00,0,0,0,0,0
1779933128675,-3174,7634,-14190,-1,6,-5,resting,0.00,0,0,0,0,0
1779933128675,-3179,7617,-14232,-5,6,-3,resting,0.00,0,0,0,0,0
1779933128676,-3220,7670,-14239,-9,5,-2,resting,0.00,0,0,0,0,0
1779933128708,-3189,7708,-14230,-6,6,-2,resting,0.00,0,0,0,0,0
1779933128709,-3153,7683,-14217,-3,7,-2,resting,0.00,0,0,0,0,0
1779933128709,-3194,7633,-14195,-2,5,1,resting,0.00,0,0,0,0,0
1779933128737,-3229,7616,-14173,0,7,3,resting,0.00,0,0,0,0,0
1779933128737,-3295,7649,-14177,-3,9,3,resting,0.00,0,0,0,0,0
1779933128738,-3254,7663,-14195,-4,12,5,resting,0.00,0,0,0,0,0
1779933128770,-3210,7667,-14192,-5,14,7,resting,0.00,0,0,0,0,0
1779933128775,-3209,7713,-14192,-8,16,3,resting,0.00,0,0,0,0,0
1779933128776,-3188,7715,-14164,-5,16,1,resting,0.00,0,0,0,0,0
1779933128796,-3199,7648,-14233,-7,18,-1,resting,0.00,0,0,0,0,0
1779933128800,-3224,7669,-14228,-10,20,0,resting,0.00,0,0,0,0,0
1779933128801,-3194,7746,-14246,-6,22,1,resting,0.00,0,0,0,0,0
1779933128825,-3213,7697,-14215,-3,22,-1,resting,0.00,0,0,0,0,0
1779933128826,-3215,7635,-14232,-3,21,0,resting,0.00,0,0,0,0,0
1779933128827,-3171,7622,-14235,-3,20,1,resting,0.00,0,0,0,0,0
1779933128857,-3178,7679,-14240,-3,21,3,resting,0.00,0,0,0,0,0
1779933128858,-3179,7677,-14274,-6,21,6,resting,0.00,0,0,0,0,0
1779933128858,-3184,7672,-14259,-8,20,5,resting,0.00,0,0,0,0,0
1779933128885,-3186,7665,-14188,-4,18,3,resting,0.00,0,0,0,0,0
1779933128888,-3152,7678,-14224,-2,17,2,resting,0.00,0,0,0,0,0
1779933128892,-3170,7669,-14260,-1,16,2,resting,0.00,0,0,0,0,0
1779933128915,-3192,7692,-14243,0,17,3,resting,0.00,0,0,0,0,0
1779933128915,-3140,7718,-14239,-1,18,3,resting,0.00,0,0,0,0,0
1779933128916,-3176,7640,-14245,-2,17,0,resting,0.00,0,0,0,0,0
1779933128946,-3172,7624,-14209,-2,17,2,resting,0.00,0,0,0,0,0
1779933128950,-3168,7674,-14241,-3,17,3,resting,0.00,0,0,0,0,0
1779933128950,-3158,7671,-14212,-4,15,3,resting,0.00,0,0,0,0,0
1779933128976,-3180,7702,-14232,-5,18,4,resting,0.00,0,0,0,0,0
1779933128976,-3195,7691,-14217,-4,17,4,resting,0.00,0,0,0,0,0
1779933128977,-3166,7689,-14232,-3,20,2,resting,0.00,0,0,0,0,0
1779933129008,-3165,7684,-14208,-4,19,2,resting,0.00,0,0,0,0,0
1779933129008,-3173,7644,-14201,-4,19,1,resting,0.00,0,0,0,0,0
1779933129009,-3182,7649,-14250,-1,20,1,resting,0.00,0,0,0,0,0
1779933129035,-3151,7693,-14268,-3,20,3,resting,0.00,0,0,0,0,0
1779933129035,-3159,7722,-14227,-4,19,3,resting,0.00,0,0,0,0,0
1779933129036,-3196,7713,-14189,-4,20,3,resting,0.00,0,0,0,0,0
1779933129066,-3183,7672,-14205,-5,20,1,resting,0.00,0,0,0,0,0
1779933129066,-3162,7644,-14236,-4,20,1,resting,0.00,0,0,0,0,0
1779933129067,-3185,7677,-14249,-4,22,1,resting,0.00,0,0,0,0,0
1779933129095,-3164,7700,-14238,-4,19,1,resting,0.00,0,0,0,0,0
1779933129099,-3193,7686,-14215,-2,19,2,resting,0.00,0,0,0,0,0
1779933129100,-3117,7680,-14263,-4,20,1,resting,0.00,0,0,0,0,0
1779933129125,-3103,7672,-14214,-4,18,0,resting,0.00,0,0,0,0,0
1779933129126,-3115,7655,-14213,-3,18,1,resting,0.00,0,0,0,0,0
1779933129126,-3176,7632,-14229,-5,18,1,resting,0.00,0,0,0,0,0
1779933129157,-3162,7715,-14298,-8,20,2,resting,0.00,0,0,0,0,0
1779933129158,-3101,7763,-14285,-5,18,3,resting,0.00,0,0,0,0,0
1779933129158,-3104,7686,-14141,2,19,0,resting,0.00,0,0,0,0,0
1779933129186,-3069,7563,-14180,2,17,-3,resting,0.00,0,0,0,0,0
1779933129187,-3146,7550,-14286,-5,16,0,resting,0.00,0,0,0,0,0
1779933129188,-3180,7701,-14254,-7,18,6,resting,0.00,0,0,0,0,0
1779933129217,-3182,7806,-14264,-6,18,6,resting,0.00,0,0,0,0,0
1779933129218,-3152,7724,-14307,-2,15,2,resting,0.00,0,0,0,0,0
1779933129219,-3134,7596,-14302,0,13,1,resting,0.00,0,0,0,0,0
1779933129245,-3086,7563,-14158,1,12,4,resting,0.00,0,0,0,0,0
1779933129246,-3114,7618,-14213,-1,13,7,resting,0.00,0,0,0,0,0
1779933129252,-3145,7667,-14254,-6,13,9,resting,0.00,0,0,0,0,0
1779933129275,-3136,7693,-14203,-6,15,9,resting,0.00,0,0,0,0,0
1779933129277,-3111,7713,-14232,-6,17,6,resting,0.00,0,0,0,0,0
1779933129277,-3101,7725,-14191,-5,14,5,resting,0.00,0,0,0,0,0
1779933129307,-3065,7722,-14213,-5,14,3,resting,0.00,0,0,0,0,0
1779933129308,-3076,7723,-14234,-7,15,0,resting,0.00,0,0,0,0,0
1779933129309,-3099,7715,-14241,-9,15,-2,resting,0.00,0,0,0,0,0
1779933129335,-3119,7699,-14227,-7,15,0,resting,0.00,0,0,0,0,0
1779933129336,-3111,7653,-14193,-3,15,-1,resting,0.00,0,0,0,0,0
1779933129336,-3132,7607,-14248,0,14,0,resting,0.00,0,0,0,0,0
1779933129367,-3152,7623,-14277,1,14,1,resting,0.00,0,0,0,0,0
1779933129368,-3140,7648,-14245,-3,15,3,resting,0.00,0,0,0,0,0
1779933129368,-3138,7689,-14218,-7,16,4,resting,0.00,0,0,0,0,0
1779933129394,-3141,7717,-14262,-6,16,4,resting,0.00,0,0,0,0,0
1779933129395,-3143,7717,-14287,-2,14,3,resting,0.00,0,0,0,0,0
1779933129396,-3113,7704,-14271,-2,14,1,resting,0.00,0,0,0,0,0
1779933129426,-3079,7695,-14253,-2,14,-2,resting,0.00,0,0,0,0,0
1779933129426,-3074,7695,-14230,-5,16,-2,resting,0.00,0,0,0,0,0
1779933129427,-3106,7690,-14253,-6,16,0,resting,0.00,0,0,0,0,0
1779933129456,-3088,7686,-14215,-9,15,-1,resting,0.00,0,0,0,0,0
1779933129457,-3140,7690,-14269,-7,13,-1,resting,0.00,0,0,0,0,0
1779933129458,-3127,7705,-14271,-6,13,-2,resting,0.00,0,0,0,0,0
1779933129485,-3087,7677,-14253,-5,13,-1,resting,0.00,0,0,0,0,0
1779933129486,-3079,7612,-14199,-5,11,-1,resting,0.00,0,0,0,0,0
1779933129486,-3133,7582,-14212,-6,11,1,resting,0.00,0,0,0,0,0
1779933129519,-3124,7656,-14246,-6,12,4,resting,0.00,0,0,0,0,0
1779933129519,-3137,7666,-14206,-5,13,5,resting,0.00,0,0,0,0,0
1779933129520,-3101,7696,-14218,-5,14,5,resting,0.00,0,0,0,0,0
1779933129545,-3127,7721,-14267,-9,14,6,resting,0.00,0,0,0,0,0
1779933129545,-3097,7785,-14223,-10,15,5,resting,0.00,0,0,0,0,0
1779933129546,-3070,7792,-14175,-5,15,1,resting,0.00,0,0,0,0,0
1779933129578,-3092,7678,-14216,-4,13,-4,resting,0.00,0,0,0,0,0
1779933129586,-3116,7605,-14258,-5,13,-3,resting,0.00,0,0,0,0,0
1779933129587,-3132,7699,-14274,-6,16,0,resting,0.00,0,0,0,0,0
1779933129607,-3099,7750,-14246,-6,18,1,resting,0.00,0,0,0,0,0
1779933129608,-3102,7678,-14233,-5,15,1,resting,0.00,0,0,0,0,0
1779933129609,-3074,7582,-14205,-5,14,-2,resting,0.00,0,0,0,0,0
1779933129634,-3066,7596,-14198,-6,14,-2,resting,0.00,0,0,0,0,0
1779933129635,-3106,7655,-14251,-9,12,2,resting,0.00,0,0,0,0,0
1779933129636,-3115,7731,-14269,-8,11,5,resting,0.00,0,0,0,0,0
1779933129666,-3086,7750,-14272,-8,12,3,resting,0.00,0,0,0,0,0
1779933129667,-3062,7712,-14248,-4,11,-1,resting,0.00,0,0,0,0,0
1779933129667,-3092,7648,-14235,-1,11,-2,resting,0.00,0,0,0,0,0
1779933129699,-3116,7632,-14251,-5,12,0,resting,0.00,0,0,0,0,0
1779933129699,-3114,7638,-14184,-6,10,1,resting,0.00,0,0,0,0,0
1779933129700,-3124,7668,-14244,-10,12,2,resting,0.00,0,0,0,0,0
1779933129725,-3100,7719,-14296,-11,12,2,resting,0.00,0,0,0,0,0
1779933129726,-3083,7700,-14258,-6,13,0,resting,0.00,0,0,0,0,0
1779933129726,-3071,7703,-14216,-2,13,-1,resting,0.00,0,0,0,0,0
1779933129757,-3077,7677,-14181,-2,13,-1,resting,0.00,0,0,0,0,0
1779933129758,-3109,7646,-14206,-5,13,-2,resting,0.00,0,0,0,0,0
1779933129758,-3109,7645,-14197,-8,14,0,resting,0.00,0,0,0,0,0
1779933129787,-3088,7743,-14274,-8,12,1,resting,0.00,0,0,0,0,0
1779933129787,-3101,7772,-14276,-8,13,0,resting,0.00,0,0,0,0,0
1779933129790,-3055,7707,-14201,-3,13,-3,resting,0.00,0,0,0,0,0
1779933129818,-3069,7613,-14241,-2,13,-5,resting,0.00,0,0,0,0,0
1779933129819,-3099,7649,-14268,-6,11,-4,resting,0.00,0,0,0,0,0
1779933129820,-3091,7683,-14258,-8,10,-1,resting,0.00,0,0,0,0,0
1779933129845,-3093,7712,-14246,-6,10,1,resting,0.00,0,0,0,0,0
1779933129849,-3082,7716,-14262,-5,10,0,resting,0.00,0,0,0,0,0
1779933129850,-3102,7686,-14209,-4,11,-1,resting,0.00,0,0,0,0,0
1779933129875,-3092,7684,-14190,-2,11,-1,resting,0.00,0,0,0,0,0
1779933129876,-3080,7639,-14213,-1,10,1,resting,0.00,0,0,0,0,0
1779933129876,-3105,7676,-14208,-5,11,1,resting,0.00,0,0,0,0,0
1779933129910,-3117,7662,-14218,-8,11,1,resting,0.00,0,0,0,0,0
1779933129911,-3098,7681,-14292,-12,13,3,resting,0.00,0,0,0,0,0
1779933129935,-3092,7790,-14219,-10,15,3,resting,0.00,0,0,0,0,0
1779933129935,-3049,7763,-14187,-4,15,1,resting,0.00,0,0,0,0,0
1779933129936,-3074,7622,-14235,-4,9,-2,resting,0.00,0,0,0,0,0
1779933129937,-3095,7586,-14262,-8,7,-1,resting,0.00,0,0,0,0,0
1779933129965,-3090,7685,-14281,-9,9,0,resting,0.00,0,0,0,0,0
1779933129967,-3113,7790,-14273,-7,8,4,resting,0.00,0,0,0,0,0
1779933129969,-3144,7754,-14282,-4,7,2,resting,0.00,0,0,0,0,0
1779933129998,-3106,7660,-14208,0,7,-1,resting,0.00,0,0,0,0,0
1779933129999,-3043,7599,-14190,1,6,-2,resting,0.00,0,0,0,0,0
1779933130000,-3039,7605,-14256,-4,6,0,resting,0.00,0,0,0,0,0
1779933130025,-3127,7660,-14199,-8,6,3,resting,0.00,0,0,0,0,0
1779933130026,-3150,7737,-14264,-14,7,6,resting,0.00,0,0,0,0,0
1779933130026,-3108,7777,-14189,-12,8,4,resting,0.00,0,0,0,0,0
1779933130056,-3111,7700,-14220,-3,8,-1,resting,0.00,0,0,0,0,0
1779933130057,-3087,7638,-14237,2,8,-1,resting,0.00,0,0,0,0,0
1779933130058,-3079,7626,-14206,1,9,1,resting,0.00,0,0,0,0,0
1779933130090,-3080,7685,-14200,-4,11,4,resting,0.00,0,0,0,0,0
1779933130091,-3107,7709,-14200,-5,12,5,resting,0.00,0,0,0,0,0
1779933130091,-3125,7734,-14269,-8,12,3,resting,0.00,0,0,0,0,0
1779933130115,-3054,7756,-14245,-7,14,-1,resting,0.00,0,0,0,0,0
1779933130116,-3009,7768,-14244,-8,13,-3,resting,0.00,0,0,0,0,0
1779933130117,-3040,7701,-14170,-10,14,-6,resting,0.00,0,0,0,0,0
1779933130148,-3103,7689,-14204,-11,12,-7,resting,0.00,0,0,0,0,0
1779933130149,-3103,7683,-14246,-10,11,-4,resting,0.00,0,0,0,0,0
1779933130150,-3092,7689,-14256,-3,11,-2,resting,0.00,0,0,0,0,0
1779933130177,-3127,7678,-14271,3,11,-2,resting,0.00,0,0,0,0,0
1779933130177,-3119,7622,-14228,4,12,-2,resting,0.00,0,0,0,0,0
1779933130178,-3070,7631,-14216,0,11,0,resting,0.00,0,0,0,0,0
1779933130206,-3085,7657,-14200,-3,12,4,resting,0.00,0,0,0,0,0
1779933130207,-3086,7699,-14206,-7,11,4,resting,0.00,0,0,0,0,0
1779933130208,-3125,7743,-14234,-9,12,2,resting,0.00,0,0,0,0,0
1779933130235,-3056,7761,-14249,-1,13,-2,resting,0.00,0,0,0,0,0
1779933130235,-3029,7715,-14241,-2,12,-4,resting,0.00,0,0,0,0,0
1779933130236,-3073,7643,-14251,-5,12,-5,resting,0.00,0,0,0,0,0
1779933130265,-3062,7625,-14191,-7,11,-4,resting,0.00,0,0,0,0,0
1779933130266,-3071,7648,-14267,-10,10,-2,resting,0.00,0,0,0,0,0
1779933130266,-3101,7694,-14264,-6,9,-1,resting,0.00,0,0,0,0,0
1779933130297,-3085,7675,-14261,-5,9,0,resting,0.00,0,0,0,0,0
1779933130298,-3018,7683,-14267,-4,7,1,resting,0.00,0,0,0,0,0
1779933130298,-3035,7671,-14255,-5,6,1,resting,0.00,0,0,0,0,0
1779933130325,-3072,7656,-14185,-5,5,3,resting,0.00,0,0,0,0,0
1779933130326,-3105,7669,-14180,-5,6,4,resting,0.00,0,0,0,0,0
1779933130326,-3138,7692,-14198,-7,8,3,resting,0.00,0,0,0,0,0
1779933130359,-3093,7738,-14246,-6,10,3,resting,0.00,0,0,0,0,0
1779933130359,-3050,7793,-14262,-5,10,3,resting,0.00,0,0,0,0,0
1779933130360,-3066,7742,-14248,-4,10,0,resting,0.00,0,0,0,0,0
1779933130385,-3073,7670,-14208,-6,11,-5,resting,0.00,0,0,0,0,0
1779933130385,-3062,7663,-14233,-7,11,-5,resting,0.00,0,0,0,0,0
1779933130386,-3063,7669,-14264,-6,9,-3,resting,0.00,0,0,0,0,0
1779933130417,-3096,7710,-14293,-6,10,-1,resting,0.00,0,0,0,0,0
1779933130418,-3065,7673,-14278,-4,10,-1,resting,0.00,0,0,0,0,0
1779933130419,-3065,7672,-14245,-3,9,-2,resting,0.00,0,0,0,0,0
1779933130447,-3047,7681,-14255,-3,9,0,resting,0.00,0,0,0,0,0
1779933130448,-3068,7648,-14222,-3,8,1,resting,0.00,0,0,0,0,0
1779933130448,-3115,7673,-14191,-5,8,1,resting,0.00,0,0,0,0,0
1779933130477,-3078,7729,-14237,-5,9,2,resting,0.00,0,0,0,0,0
1779933130481,-3068,7702,-14244,-6,10,2,resting,0.00,0,0,0,0,0
1779933130482,-3081,7721,-14202,-4,10,0,resting,0.00,0,0,0,0,0
1779933130509,-3040,7689,-14203,-5,10,0,resting,0.00,0,0,0,0,0
1779933130509,-3052,7639,-14206,-6,11,-1,resting,0.00,0,0,0,0,0
1779933130510,-3084,7681,-14217,-8,11,1,resting,0.00,0,0,0,0,0
1779933130535,-3089,7713,-14247,-10,10,3,resting,0.00,0,0,0,0,0
1779933130535,-3087,7731,-14245,-11,11,1,resting,0.00,0,0,0,0,0
1779933130536,-3104,7724,-14222,-6,10,1,resting,0.00,0,0,0,0,0
1779933130567,-3091,7718,-14216,-4,11,0,resting,0.00,0,0,0,0,0
1779933130568,-3039,7717,-14233,-4,11,-1,resting,0.00,0,0,0,0,0
1779933130569,-3052,7682,-14201,-4,8,-1,resting,0.00,0,0,0,0,0
1779933130597,-3078,7692,-14232,-6,8,-1,resting,0.00,0,0,0,0,0
1779933130597,-3087,7651,-14210,-6,9,-1,resting,0.00,0,0,0,0,0
1779933130598,-3090,7692,-14208,-5,9,0,resting,0.00,0,0,0,0,0
1779933130625,-3077,7711,-14270,-6,9,1,resting,0.00,0,0,0,0,0
1779933130626,-3097,7692,-14246,-4,8,0,resting,0.00,0,0,0,0,0
1779933130627,-3060,7685,-14261,-2,8,-1,resting,0.00,0,0,0,0,0
1779933130655,-3062,7666,-14248,-5,9,-2,resting,0.00,0,0,0,0,0
1779933130689,-3089,7681,-14262,-6,9,-2,resting,0.00,0,0,0,0,0
1779933130690,-3069,7680,-14222,-4,8,-1,resting,0.00,0,0,0,0,0
1779933130690,-3057,7715,-14211,-4,9,-1,resting,0.00,0,0,0,0,0
1779933130691,-3047,7698,-14225,-5,8,-1,resting,0.00,0,0,0,0,0
1779933130692,-3061,7657,-14273,-4,7,-1,resting,0.00,0,0,0,0,0
1779933130716,-3078,7684,-14259,-5,7,-1,resting,0.00,0,0,0,0,0
1779933130717,-3065,7721,-14237,-5,7,0,resting,0.00,0,0,0,0,0
1779933130717,-3063,7686,-14246,-3,7,-1,resting,0.00,0,0,0,0,0
1779933130747,-3076,7667,-14243,-2,7,-2,resting,0.00,0,0,0,0,0
1779933130748,-3075,7645,-14247,-3,7,-1,resting,0.00,0,0,0,0,0
1779933130749,-3062,7683,-14225,-5,6,0,resting,0.00,0,0,0,0,0
1779933130780,-3066,7697,-14267,-7,7,1,resting,0.00,0,0,0,0,0
1779933130781,-3065,7700,-14251,-9,7,-1,resting,0.00,0,0,0,0,0
1779933130781,-3055,7702,-14267,-6,5,-2,resting,0.00,0,0,0,0,0
1779933130806,-3082,7734,-14227,-5,4,-3,resting,0.00,0,0,0,0,0
1779933130806,-3077,7725,-14273,-4,2,-2,resting,0.00,0,0,0,0,0
1779933130807,-3078,7734,-14265,-3,1,-3,resting,0.00,0,0,0,0,0
1779933130835,-3099,7696,-14244,-2,1,-5,resting,0.00,0,0,0,0,0
1779933130839,-3093,7694,-14295,-3,-1,-4,resting,0.00,0,0,0,0,0
1779933130840,-3074,7696,-14237,-3,-2,-6,resting,0.00,0,0,0,0,0
1779933130865,-3058,7662,-14242,0,-2,-5,resting,0.00,0,0,0,0,0
1779933130867,-3088,7622,-14217,-1,-2,-5,resting,0.00,0,0,0,0,0
1779933130868,-3101,7653,-14207,-5,-2,-1,resting,0.00,0,0,0,0,0
1779933130900,-3112,7700,-14228,-9,-2,2,resting,0.00,0,0,0,0,0
1779933130901,-3126,7730,-14201,-7,-3,-1,resting,0.00,0,0,0,0,0
1779933130902,-3144,7724,-14226,-4,-3,-4,resting,0.00,0,0,0,0,0
1779933130926,-3106,7696,-14276,-1,-2,-2,resting,0.00,0,0,0,0,0
1779933130926,-3102,7673,-14200,0,-1,-1,resting,0.00,0,0,0,0,0
1779933130927,-3138,7732,-14223,-1,1,1,resting,0.00,0,0,0,0,0
1779933130956,-3142,7714,-14188,-3,2,0,resting,0.00,0,0,0,0,0
1779933130957,-3076,7681,-14194,-4,1,-3,resting,0.00,0,0,0,0,0
1779933130958,-3067,7692,-14257,-7,3,-6,resting,0.00,0,0,0,0,0
1779933130989,-3068,7722,-14242,-8,2,-6,resting,0.00,0,0,0,0,0
1779933130989,-3075,7750,-14203,-9,2,-6,resting,0.00,0,0,0,0,0
1779933130990,-3129,7711,-14211,-9,3,-8,resting,0.00,0,0,0,0,0
1779933131018,-3145,7680,-14260,-7,4,-9,resting,0.00,0,0,0,0,0
1779933131019,-3164,7637,-14198,-2,4,-5,resting,0.00,0,0,0,0,0
1779933131022,-3147,7597,-14195,2,4,-3,resting,0.00,0,0,0,0,0
1779933131047,-3178,7597,-14202,3,2,-2,resting,0.00,0,0,0,0,0
1779933131048,-3156,7670,-14226,-2,4,-1,resting,0.00,0,0,0,0,0
1779933131049,-3118,7681,-14251,-4,3,0,resting,0.00,0,0,0,0,0
1779933131074,-3123,7716,-14216,-4,3,0,resting,0.00,0,0,0,0,0
1779933131075,-3144,7730,-14192,-4,7,-3,resting,0.00,0,0,0,0,0
1779933131076,-3144,7745,-14217,-4,6,-3,resting,0.00,0,0,0,0,0
1779933131105,-3133,7739,-14221,-3,5,-4,resting,0.00,0,0,0,0,0
1779933131105,-3124,7676,-14209,-5,4,-7,resting,0.00,0,0,0,0,0
1779933131106,-3140,7645,-14203,-7,5,-6,resting,0.00,0,0,0,0,0
1779933131138,-3118,7655,-14212,-8,6,-5,resting,0.00,0,0,0,0,0
1779933131139,-3134,7676,-14254,-7,3,-5,resting,0.00,0,0,0,0,0
1779933131140,-3101,7679,-14217,-7,1,-6,resting,0.00,0,0,0,0,0
1779933131167,-3097,7688,-14266,-6,-1,-4,resting,0.00,0,0,0,0,0
1779933131167,-3078,7639,-14287,-5,-1,-3,resting,0.00,0,0,0,0,0
1779933131168,-3109,7645,-14249,-4,0,-1,resting,0.00,0,0,0,0,0
1779933131197,-3122,7691,-14176,-4,0,1,resting,0.00,0,0,0,0,0
1779933131199,-3136,7632,-14204,-5,0,2,resting,0.00,0,0,0,0,0
1779933131199,-3157,7677,-14242,-6,1,2,resting,0.00,0,0,0,0,0
1779933131225,-3119,7732,-14174,-7,0,2,resting,0.00,0,0,0,0,0
1779933131226,-3172,7736,-14194,-8,1,2,resting,0.00,0,0,0,0,0
1779933131226,-3148,7747,-14222,-7,3,0,resting,0.00,0,0,0,0,0
1779933131255,-3144,7690,-14237,-4,4,-3,resting,0.00,0,0,0,0,0
1779933131257,-3162,7686,-14213,-6,4,-2,resting,0.00,0,0,0,0,0
1779933131257,-3156,7683,-14203,-8,3,-1,resting,0.00,0,0,0,0,0
1779933131288,-3163,7660,-14222,-7,5,-1,resting,0.00,0,0,0,0,0
1779933131289,-3161,7671,-14182,-8,5,-1,resting,0.00,0,0,0,0,0
1779933131290,-3131,7671,-14228,-7,6,0,resting,0.00,0,0,0,0,0
1779933131315,-3161,7676,-14252,-7,5,0,resting,0.00,0,0,0,0,0
1779933131316,-3132,7666,-14223,-9,5,-1,resting,0.00,0,0,0,0,0
1779933131316,-3126,7710,-14224,-8,5,0,resting,0.00,0,0,0,0,0
1779933131347,-3134,7693,-14223,-7,4,0,resting,0.00,0,0,0,0,0
1779933131348,-3136,7679,-14269,-8,2,1,resting,0.00,0,0,0,0,0
1779933131348,-3124,7699,-14224,-6,1,0,resting,0.00,0,0,0,0,0
1779933131379,-3179,7680,-14173,-6,1,0,resting,0.00,0,0,0,0,0
1779933131379,-3178,7682,-14214,-6,0,0,resting,0.00,0,0,0,0,0
1779933131382,-3183,7709,-14188,-6,2,1,resting,0.00,0,0,0,0,0
1779933131405,-3156,7710,-14198,-6,1,1,resting,0.00,0,0,0,0,0
1779933131407,-3167,7709,-14196,-7,1,-1,resting,0.00,0,0,0,0,0
1779933131407,-3159,7707,-14203,-6,1,0,resting,0.00,0,0,0,0,0
1779933131438,-3167,7687,-14231,-6,2,1,resting,0.00,0,0,0,0,0
1779933131439,-3160,7699,-14230,-7,3,-1,resting,0.00,0,0,0,0,0
1779933131439,-3172,7709,-14204,-6,2,0,resting,0.00,0,0,0,0,0
1779933131466,-3171,7702,-14198,-3,3,-1,resting,0.00,0,0,0,0,0
1779933131467,-3178,7714,-14220,-3,5,-3,resting,0.00,0,0,0,0,0
1779933131468,-3173,7703,-14166,-6,6,-2,resting,0.00,0,0,0,0,0
1779933131496,-3177,7691,-14207,-8,4,-2,resting,0.00,0,0,0,0,0
1779933131496,-3141,7733,-14191,-9,4,-2,resting,0.00,0,0,0,0,0
1779933131497,-3165,7727,-14185,-7,5,-4,resting,0.00,0,0,0,0,0
1779933131530,-3168,7724,-14210,-5,7,-3,resting,0.00,0,0,0,0,0
1779933131530,-3162,7720,-14186,-4,4,-3,resting,0.00,0,0,0,0,0
1779933131531,-3170,7686,-14216,-6,5,-4,resting,0.00,0,0,0,0,0
1779933131558,-3169,7700,-14253,-5,5,-3,resting,0.00,0,0,0,0,0
1779933131562,-3156,7689,-14228,-4,5,-2,resting,0.00,0,0,0,0,0
1779933131562,-3156,7688,-14199,-7,4,-2,resting,0.00,0,0,0,0,0
1779933131587,-3146,7721,-14227,-8,3,-3,resting,0.00,0,0,0,0,0
1779933131587,-3192,7714,-14228,-7,3,-3,resting,0.00,0,0,0,0,0
1779933131588,-3172,7693,-14215,-4,3,-2,resting,0.00,0,0,0,0,0
1779933131615,-3170,7709,-14202,-3,4,-4,resting,0.00,0,0,0,0,0
1779933131616,-3184,7654,-14161,-2,6,-5,resting,0.00,0,0,0,0,0
1779933131617,-3181,7665,-14170,-5,6,-5,resting,0.00,0,0,0,0,0
1779933131648,-3175,7663,-14195,-8,7,-3,resting,0.00,0,0,0,0,0
1779933131649,-3173,7722,-14189,-9,8,-2,resting,0.00,0,0,0,0,0
1779933131649,-3179,7702,-14229,-10,8,-2,resting,0.00,0,0,0,0,0
1779933131679,-3185,7745,-14174,-10,9,-3,resting,0.00,0,0,0,0,0
1779933131706,-3214,7760,-14199,-5,9,-3,resting,0.00,0,0,0,0,0
1779933131707,-3203,7733,-14208,-5,9,-3,resting,0.00,0,0,0,0,0
1779933131708,-3153,7725,-14199,-4,9,-6,resting,0.00,0,0,0,0,0
1779933131709,-3187,7668,-14230,-3,8,-5,resting,0.00,0,0,0,0,0
1779933131709,-3169,7628,-14200,-4,8,-3,resting,0.00,0,0,0,0,0
1779933131738,-3174,7669,-14186,-4,8,-3,resting,0.00,0,0,0,0,0
1779933131738,-3203,7674,-14204,-4,6,-3,resting,0.00,0,0,0,0,0
1779933131739,-3191,7716,-14172,-5,7,-2,resting,0.00,0,0,0,0,0
1779933131765,-3143,7742,-14188,-4,8,-3,resting,0.00,0,0,0,0,0
1779933131766,-3145,7717,-14226,-4,8,-3,resting,0.00,0,0,0,0,0
1779933131767,-3185,7741,-14251,-3,5,-2,resting,0.00,0,0,0,0,0
1779933131796,-3196,7732,-14219,-5,2,-4,resting,0.00,0,0,0,0,0
1779933131799,-3211,7691,-14245,-4,2,-5,resting,0.00,0,0,0,0,0
1779933131799,-3224,7656,-14216,-2,2,-6,resting,0.00,0,0,0,0,0
1779933131829,-3206,7644,-14208,-1,2,-4,resting,0.00,0,0,0,0,0
1779933131830,-3214,7635,-14142,0,4,-3,resting,0.00,0,0,0,0,0
1779933131831,-3206,7646,-14192,0,6,0,resting,0.00,0,0,0,0,0
1779933131855,-3199,7708,-14159,-3,7,1,resting,0.00,0,0,0,0,0
1779933131856,-3151,7726,-14152,-4,11,1,resting,0.00,0,0,0,0,0
1779933131857,-3137,7733,-14203,-7,11,-2,resting,0.00,0,0,0,0,0
1779933131890,-3141,7712,-14128,-6,11,-3,resting,0.00,0,0,0,0,0
1779933131891,-3170,7686,-14132,-5,14,-3,resting,0.00,0,0,0,0,0
1779933131892,-3227,7680,-14174,-5,16,-2,resting,0.00,0,0,0,0,0
1779933131914,-3208,7690,-14142,-3,19,0,resting,0.00,0,0,0,0,0
1779933131915,-3243,7641,-14150,0,21,1,resting,0.00,0,0,0,0,0
1779933131916,-3228,7642,-14192,3,22,3,resting,0.00,0,0,0,0,0
1779933131946,-3201,7644,-14217,1,22,4,resting,0.00,0,0,0,0,0
1779933131947,-3202,7681,-14227,0,23,4,resting,0.00,0,0,0,0,0
1779933131947,-3177,7692,-14226,-3,22,5,resting,0.00,0,0,0,0,0
1779933131979,-3186,7739,-14252,-6,22,3,resting,0.00,0,0,0,0,0
1779933131979,-3202,7747,-14205,-7,18,3,resting,0.00,0,0,0,0,0
1779933131980,-3136,7733,-14229,-5,18,1,resting,0.00,0,0,0,0,0
1779933132008,-3158,7741,-14236,-3,18,-3,resting,0.00,0,0,0,0,0
1779933132012,-3167,7686,-14210,-3,16,-2,resting,0.00,0,0,0,0,0
1779933132013,-3150,7659,-14226,-4,14,-1,resting,0.00,0,0,0,0,0
1779933132037,-3147,7684,-14252,-4,14,-1,resting,0.00,0,0,0,0,0
1779933132038,-3155,7664,-14271,-4,13,0,resting,0.00,0,0,0,0,0
1779933132039,-3138,7621,-14204,-3,12,1,resting,0.00,0,0,0,0,0
1779933132065,-3160,7634,-14211,-3,11,3,resting,0.00,0,0,0,0,0
1779933132066,-3183,7633,-14196,-2,11,5,resting,0.00,0,0,0,0,0
1779933132067,-3181,7645,-14221,-2,13,6,resting,0.00,0,0,0,0,0
1779933132096,-3213,7673,-14187,-4,12,7,resting,0.00,0,0,0,0,0
1779933132097,-3195,7708,-14175,-2,15,8,resting,0.00,0,0,0,0,0
1779933132097,-3176,7766,-14203,-4,17,7,resting,0.00,0,0,0,0,0
1779933132129,-3145,7739,-14205,-6,17,6,resting,0.00,0,0,0,0,0
1779933132129,-3104,7722,-14206,-5,20,3,resting,0.00,0,0,0,0,0
1779933132130,-3139,7713,-14213,-6,21,2,resting,0.00,0,0,0,0,0
1779933132157,-3169,7701,-14162,-6,19,0,resting,0.00,0,0,0,0,0
1779933132158,-3170,7675,-14217,-7,20,-1,resting,0.00,0,0,0,0,0
1779933132159,-3120,7669,-14268,-5,21,1,resting,0.00,0,0,0,0,0
1779933132187,-3143,7637,-14247,-6,19,3,resting,0.00,0,0,0,0,0
1779933132188,-3154,7659,-14223,-7,17,2,resting,0.00,0,0,0,0,0
1779933132189,-3131,7663,-14260,-4,16,5,resting,0.00,0,0,0,0,0
1779933132215,-3136,7679,-14276,-4,14,5,resting,0.00,0,0,0,0,0
1779933132216,-3110,7698,-14255,-4,13,5,resting,0.00,0,0,0,0,0
1779933132224,-3119,7711,-14257,-4,12,4,resting,0.00,0,0,0,0,0
1779933132247,-3106,7715,-14231,-2,10,3,resting,0.00,0,0,0,0,0
1779933132248,-3101,7695,-14206,-4,11,2,resting,0.00,0,0,0,0,0
1779933132249,-3143,7699,-14214,-5,12,3,resting,0.00,0,0,0,0,0
1779933132285,-3144,7698,-14182,-6,11,4,resting,0.00,0,0,0,0,0
1779933132286,-3144,7737,-14181,-6,13,3,resting,0.00,0,0,0,0,0
1779933132286,-3177,7702,-14217,-7,12,3,resting,0.00,0,0,0,0,0
1779933132305,-3167,7692,-14215,-5,13,1,resting,0.00,0,0,0,0,0
1779933132305,-3150,7693,-14178,-2,15,1,resting,0.00,0,0,0,0,0
1779933132306,-3129,7678,-14177,-3,15,1,resting,0.00,0,0,0,0,0
1779933132337,-3152,7676,-14188,-5,17,1,resting,0.00,0,0,0,0,0
1779933132338,-3157,7644,-14195,-7,17,2,resting,0.00,0,0,0,0,0
1779933132338,-3164,7644,-14227,-6,17,2,resting,0.00,0,0,0,0,0
1779933132371,-3158,7715,-14209,-5,19,2,resting,0.00,0,0,0,0,0
1779933132371,-3175,7748,-14223,-5,18,2,resting,0.00,0,0,0,0,0
1779933132372,-3126,7726,-14240,-5,18,1,resting,0.00,0,0,0,0,0
1779933132396,-3109,7687,-14223,-4,16,-1,resting,0.00,0,0,0,0,0
1779933132397,-3130,7695,-14238,-1,16,-1,resting,0.00,0,0,0,0,0
1779933132397,-3115,7692,-14243,-1,16,0,resting,0.00,0,0,0,0,0
1779933132425,-3106,7707,-14227,-1,15,0,resting,0.00,0,0,0,0,0
1779933132429,-3109,7690,-14224,-1,14,1,resting,0.00,0,0,0,0,0
1779933132430,-3108,7712,-14246,-3,14,-1,resting,0.00,0,0,0,0,0
1779933132455,-3115,7682,-14240,-5,15,0,resting,0.00,0,0,0,0,0
1779933132456,-3130,7697,-14240,-2,14,-1,resting,0.00,0,0,0,0,0
1779933132457,-3146,7702,-14258,-3,13,1,resting,0.00,0,0,0,0,0
1779933132486,-3158,7680,-14239,-1,11,-2,resting,0.00,0,0,0,0,0
1779933132487,-3131,7681,-14228,0,10,-2,resting,0.00,0,0,0,0,0
1779933132487,-3131,7727,-14251,-1,12,-1,resting,0.00,0,0,0,0,0
1779933132515,-3153,7700,-14227,-5,12,-2,resting,0.00,0,0,0,0,0
1779933132515,-3083,7672,-14214,-4,10,-2,resting,0.00,0,0,0,0,0
1779933132516,-3088,7667,-14172,-3,11,-2,resting,0.00,0,0,0,0,0
1779933132548,-3089,7648,-14218,-3,9,-2,resting,0.00,0,0,0,0,0
1779933132549,-3144,7682,-14222,-4,9,1,resting,0.00,0,0,0,0,0
1779933132549,-3148,7665,-14213,-5,11,4,resting,0.00,0,0,0,0,0
1779933132575,-3156,7682,-14234,-5,11,3,resting,0.00,0,0,0,0,0
1779933132578,-3155,7663,-14259,-3,9,2,resting,0.00,0,0,0,0,0
1779933132579,-3116,7660,-14243,-2,9,3,resting,0.00,0,0,0,0,0
1779933132605,-3131,7685,-14167,-1,9,4,resting,0.00,0,0,0,0,0
1779933132606,-3122,7695,-14175,-1,9,7,resting,0.00,0,0,0,0,0
1779933132607,-3160,7718,-14164,-5,10,4,resting,0.00,0,0,0,0,0
1779933132637,-3109,7748,-14193,-6,12,3,resting,0.00,0,0,0,0,0
1779933132638,-3077,7701,-14214,-8,12,3,resting,0.00,0,0,0,0,0
1779933132639,-3070,7720,-14231,-8,13,1,resting,0.00,0,0,0,0,0
1779933132670,-3073,7714,-14208,-8,11,0,resting,0.00,0,0,0,0,0
1779933132672,-3103,7691,-14207,-8,12,0,resting,0.00,0,0,0,0,0
1779933132673,-3133,7657,-14221,-6,13,-3,resting,0.00,0,0,0,0,0
1779933132695,-3149,7653,-14250,-3,12,-3,resting,0.00,0,0,0,0,0
1779933132696,-3132,7634,-14271,-2,10,1,resting,0.00,0,0,0,0,0
1779933132697,-3150,7685,-14216,-1,11,3,resting,0.00,0,0,0,0,0
1779933132728,-3122,7670,-14197,-3,12,4,resting,0.00,0,0,0,0,0
1779933132729,-3113,7655,-14212,-4,12,4,resting,0.00,0,0,0,0,0
1779933132730,-3121,7716,-14252,-5,11,3,resting,0.00,0,0,0,0,0
1779933132755,-3081,7721,-14237,-5,13,3,resting,0.00,0,0,0,0,0
1779933132755,-3087,7732,-14258,-6,13,1,resting,0.00,0,0,0,0,0
1779933132756,-3130,7742,-14226,-5,12,-1,resting,0.00,0,0,0,0,0
1779933132786,-3136,7724,-14224,-3,13,-2,resting,0.00,0,0,0,0,0
1779933132788,-3084,7663,-14244,-3,14,-2,resting,0.00,0,0,0,0,0
1779933132789,-3121,7674,-14216,-4,12,-3,resting,0.00,0,0,0,0,0
1779933132815,-3106,7670,-14224,-5,12,-3,resting,0.00,0,0,0,0,0
1779933132815,-3089,7667,-14226,-4,12,-1,resting,0.00,0,0,0,0,0
1779933132816,-3103,7637,-14218,-4,11,-2,resting,0.00,0,0,0,0,0
1779933132845,-3079,7647,-14231,-4,12,0,resting,0.00,0,0,0,0,0
1779933132847,-3093,7661,-14220,-5,12,2,resting,0.00,0,0,0,0,0
1779933132847,-3106,7664,-14216,-6,12,5,resting,0.00,0,0,0,0,0
1779933132881,-3148,7691,-14186,-7,14,5,resting,0.00,0,0,0,0,0
1779933132882,-3140,7710,-14212,-8,15,4,resting,0.00,0,0,0,0,0
1779933132883,-3076,7748,-14238,-7,14,3,resting,0.00,0,0,0,0,0
1779933132906,-3138,7762,-14221,-8,14,3,resting,0.00,0,0,0,0,0
1779933132906,-3110,7743,-14225,-6,14,1,resting,0.00,0,0,0,0,0
1779933132907,-3070,7710,-14238,-4,13,-3,resting,0.00,0,0,0,0,0
1779933132941,-3087,7662,-14226,-6,13,-2,resting,0.00,0,0,0,0,0
1779933132942,-3096,7660,-14234,-8,13,0,resting,0.00,0,0,0,0,0
1779933132943,-3097,7654,-14233,-6,12,-1,resting,0.00,0,0,0,0,0
1779933132966,-3076,7664,-14221,-6,12,0,resting,0.00,0,0,0,0,0
1779933132970,-3103,7664,-14231,-6,13,3,resting,0.00,0,0,0,0,0
1779933132971,-3094,7684,-14216,-8,12,3,resting,0.00,0,0,0,0,0
1779933132995,-3101,7667,-14204,-6,13,3,resting,0.00,0,0,0,0,0
1779933132997,-3102,7669,-14243,-6,13,4,resting,0.00,0,0,0,0,0
1779933132997,-3092,7676,-14260,-6,13,3,resting,0.00,0,0,0,0,0
1779933133028,-3104,7698,-14198,-6,12,4,resting,0.00,0,0,0,0,0
1779933133029,-3084,7715,-14219,-7,13,6,resting,0.00,0,0,0,0,0
1779933133030,-3074,7713,-14226,-9,13,3,resting,0.00,0,0,0,0,0
1779933133055,-3100,7686,-14239,-8,13,0,resting,0.00,0,0,0,0,0
1779933133056,-3103,7699,-14226,-6,14,1,resting,0.00,0,0,0,0,0
1779933133057,-3095,7676,-14263,-4,13,3,resting,0.00,0,0,0,0,0
1779933133085,-3116,7704,-14239,-7,13,3,resting,0.00,0,0,0,0,0
1779933133086,-3133,7726,-14249,-7,13,3,resting,0.00,0,0,0,0,0
1779933133087,-3085,7697,-14202,-5,13,1,resting,0.00,0,0,0,0,0
1779933133115,-3074,7694,-14225,-7,12,3,resting,0.00,0,0,0,0,0
1779933133116,-3074,7674,-14156,-5,12,0,resting,0.00,0,0,0,0,0
1779933133121,-3087,7657,-14229,-6,12,3,resting,0.00,0,0,0,0,0
1779933133147,-3118,7735,-14267,-9,12,6,resting,0.00,0,0,0,0,0
1779933133148,-3099,7786,-14266,-7,14,5,resting,0.00,0,0,0,0,0
1779933133149,-3068,7761,-14257,-4,15,2,resting,0.00,0,0,0,0,0
1779933133178,-3111,7703,-14219,-1,12,-1,resting,0.00,0,0,0,0,0
1779933133179,-3080,7646,-14184,0,10,-2,resting,0.00,0,0,0,0,0
1779933133179,-3089,7637,-14234,-2,12,-3,resting,0.00,0,0,0,0,0
1779933133205,-3094,7717,-14243,-7,12,-1,resting,0.00,0,0,0,0,0
1779933133206,-3050,7714,-14228,-8,13,1,resting,0.00,0,0,0,0,0
1779933133207,-3087,7709,-14233,-6,13,-2,resting,0.00,0,0,0,0,0
1779933133235,-3100,7690,-14229,-4,11,-3,resting,0.00,0,0,0,0,0
1779933133236,-3076,7675,-14222,-2,10,-2,resting,0.00,0,0,0,0,0
1779933133238,-3063,7720,-14235,-2,12,-2,resting,0.00,0,0,0,0,0
1779933133265,-3108,7683,-14211,-3,12,-2,resting,0.00,0,0,0,0,0
1779933133269,-3102,7710,-14205,-5,10,-1,resting,0.00,0,0,0,0,0
1779933133270,-3070,7713,-14234,-3,10,-1,resting,0.00,0,0,0,0,0
1779933133297,-3095,7680,-14260,-3,12,-3,resting,0.00,0,0,0,0,0
1779933133297,-3093,7675,-14208,-2,12,-2,resting,0.00,0,0,0,0,0
1779933133298,-3058,7685,-14213,-4,10,-1,resting,0.00,0,0,0,0,0
1779933133328,-3026,7692,-14251,-3,10,-2,resting,0.00,0,0,0,0,0
1779933133328,-3110,7703,-14252,-4,9,0,resting,0.00,0,0,0,0,0
1779933133329,-3086,7701,-14210,0,7,-2,resting,0.00,0,0,0,0,0
1779933133357,-3065,7683,-14247,1,8,-1,resting,0.00,0,0,0,0,0
1779933133361,-3080,7688,-14256,3,7,-1,resting,0.00,0,0,0,0,0
1779933133362,-3068,7707,-14265,1,6,-3,resting,0.00,0,0,0,0,0
1779933133387,-3065,7676,-14220,2,6,-3,resting,0.00,0,0,0,0,0
1779933133416,-3081,7676,-14217,6,7,-3,resting,0.00,0,0,0,0,0
1779933133419,-3079,7638,-14193,4,8,-2,resting,0.00,0,0,0,0,0
1779933133420,-3069,7674,-14255,-1,10,-1,resting,0.00,0,0,0,0,0
1779933133421,-3113,7709,-14259,-4,9,1,resting,0.00,0,0,0,0,0
1779933133422,-3127,7685,-14222,-6,8,2,resting,0.00,0,0,0,0,0
1779933133445,-3094,7677,-14248,-4,8,-1,resting,0.00,0,0,0,0,0
1779933133446,-3068,7672,-14235,-1,9,0,resting,0.00,0,0,0,0,0
1779933133447,-3059,7687,-14245,2,9,3,resting,0.00,0,0,0,0,0
1779933133477,-3093,7682,-14265,5,3,4,resting,0.00,0,0,0,0,0
1779933133477,-3081,7691,-14282,3,4,4,resting,0.00,0,0,0,0,0
1779933133478,-3047,7665,-14297,5,3,3,resting,0.00,0,0,0,0,0
1779933133508,-3030,7675,-14266,3,0,3,resting,0.00,0,0,0,0,0
1779933133508,-3032,7713,-14293,2,-3,1,resting,0.00,0,0,0,0,0
1779933133512,-3057,7700,-14275,1,-5,2,resting,0.00,0,0,0,0,0
1779933133539,-3064,7652,-7076,2,-8,3,resting,0.00,0,0,0,0,0
1779933133539,-3097,7661,-14215,3,-7,4,resting,0.00,0,0,0,0,0
1779933133540,-3157,7634,-14211,6,-6,4,resting,0.00,0,0,0,0,0
1779933133569,-3145,7624,-14200,10,-5,7,resting,0.00,0,0,0,0,0
1779933133570,-3108,7650,-14174,7,-4,8,resting,0.00,0,0,0,0,0
1779933133570,-3127,7680,-14156,5,-2,9,resting,0.00,0,0,0,0,0
1779933133597,-3106,7672,-14230,2,2,8,resting,0.00,0,0,0,0,0
1779933133598,-3067,7707,-14220,-1,3,5,resting,0.00,0,0,0,0,0
1779933133599,-3090,7707,-14318,1,2,4,resting,0.00,0,0,0,0,0
1779933133627,-3082,7671,-14340,5,0,2,resting,0.00,0,0,0,0,0
1779933133628,-3049,7627,-14339,9,-5,2,resting,0.00,0,0,0,0,0
1779933133629,-3095,7605,-14371,12,-9,5,resting,0.00,0,0,0,0,0
1779933133655,-3122,7586,-14390,13,-13,6,resting,0.00,0,0,0,0,0
1779933133656,-3075,7540,-7234,15,-18,7,resting,0.00,0,0,0,0,0
1779933133657,-3067,7533,-7244,16,-25,10,resting,0.00,0,0,0,0,0
1779933133687,-3078,7548,-14327,14,-31,13,resting,0.00,0,0,0,0,0
1779933133688,-3095,7529,-14310,11,-33,16,resting,0.00,0,0,0,0,0
1779933133688,-3104,7571,-14288,9,-35,21,resting,0.00,0,0,0,0,0
1779933133715,-3112,7637,-14240,5,-37,23,resting,0.00,0,0,0,0,0
1779933133719,-3153,7671,-7041,6,-36,21,resting,0.00,0,0,0,0,0
1779933133720,-3136,7734,-14231,5,-35,20,resting,0.00,0,0,0,0,0
1779933133746,-3149,7782,-14191,1,-35,18,resting,0.00,0,0,0,0,0
1779933133747,-3187,7781,-7055,-1,-34,17,resting,0.00,0,0,0,0,0
1779933133747,-3215,7750,-14210,0,-31,12,resting,0.00,0,0,0,0,0
1779933133776,-3205,7719,-14183,-1,-28,9,resting,0.00,0,0,0,0,0
1779933133777,-3196,7637,-14247,-3,-28,9,resting,0.00,0,0,0,0,0
1779933133778,-3168,7547,-14288,0,-28,7,resting,0.00,0,0,0,0,0
1779933133807,-3126,7541,-7205,-4,-29,10,resting,0.00,0,0,0,0,0
1779933133807,-3199,7550,-7185,-11,-28,16,resting,0.00,0,0,0,0,0
1779933133809,-3284,7504,-14332,-13,-28,19,resting,0.00,0,0,0,0,0
1779933133835,-3253,7462,-14269,-12,-28,18,resting,0.00,0,0,0,0,0
1779933133837,-3229,7494,-7181,-20,-23,20,resting,0.00,0,0,0,0,0
1779933133838,-3210,7576,-14306,-34,-21,24,resting,0.00,0,0,0,0,0
1779933133872,-3119,7679,-14315,-41,-19,26,resting,0.00,0,0,0,0,0
1779933133872,-3132,7784,-14269,-44,-24,29,resting,0.00,0,0,0,0,0
1779933133873,-3193,7806,-14418,-36,-27,32,resting,0.00,0,0,0,0,0
1779933133895,-3293,7780,-14564,-12,-34,32,resting,0.00,0,0,0,0,0
1779933133896,-3301,7719,-14500,23,-38,31,resting,0.00,0,0,0,0,0
1779933133896,-3172,7707,-14550,61,-36,28,resting,0.00,0,0,0,0,0
1779933133928,-3185,7600,-14608,91,-39,30,resting,0.00,0,0,0,0,0
1779933133929,-3168,7596,-14540,113,-36,34,resting,0.00,0,0,0,0,0
1779933133929,-3188,7608,-14499,123,-35,40,resting,0.00,0,0,0,0,0
1779933133955,-3282,7641,-14543,123,-38,49,resting,0.00,0,0,0,0,0
1779933133955,-3411,7735,-14347,121,-38,57,resting,0.00,0,0,0,0,0
1779933133956,-3450,7945,-14252,140,-36,59,resting,0.00,0,0,0,0,0
1779933133985,-3505,8002,-14336,147,-35,64,resting,0.00,0,0,0,0,0
1779933133986,-3552,7893,-7126,151,-25,69,resting,0.00,0,0,0,0,0
1779933133987,-3416,7948,-14108,174,-11,69,resting,0.00,0,0,0,0,0
1779933134018,-3361,7893,-7345,180,6,66,resting,0.00,0,0,0,0,0
1779933134019,-3441,7650,-7417,178,22,64,resting,0.00,0,0,0,0,0
1779933134019,-3473,7792,-7045,192,45,69,resting,0.00,0,0,0,0,0
1779933134045,-3594,8079,-14293,204,61,72,resting,0.00,0,0,0,0,0
1779933134046,-3816,8071,-14488,237,75,65,resting,0.00,0,0,0,0,0
1779933134047,-4107,8244,-7303,263,97,77,resting,0.00,0,0,0,0,0
1779933134081,-4309,8296,-7397,319,119,123,resting,0.00,0,0,0,0,0
1779933134082,-5426,7082,-14173,362,120,185,resting,0.00,0,0,0,0,0
1779933134085,-4858,8856,-13641,311,116,284,resting,0.00,0,0,0,0,0
1779933134105,-3399,8727,-7081,122,77,333,resting,0.00,0,0,0,0,0
1779933134106,-3287,6633,-7040,164,73,275,resting,0.00,0,0,0,0,0
1779933134107,-2961,7091,-7217,225,89,292,resting,0.00,0,0,0,0,0
1779933134138,-3097,7626,-7326,217,89,305,resting,0.00,0,0,0,0,0
1779933134139,-3237,7843,-7380,283,104,296,resting,0.00,0,0,0,0,0
1779933134140,-3277,7960,-7349,390,124,274,resting,0.00,0,0,0,0,0
1779933134168,-3160,7455,-7295,485,146,262,resting,0.00,0,0,0,0,0
1779933134169,-2855,7119,-7177,532,161,252,resting,0.00,0,0,0,0,0
1779933134170,-2564,7139,-7249,546,165,238,resting,0.00,0,0,0,0,0
1779933134195,-2487,6931,-7322,554,163,291,resting,0.00,0,0,0,0,0
1779933134226,-2643,6886,-7354,565,157,355,resting,0.00,0,0,0,0,0
1779933134226,-2819,6314,-7194,490,143,280,resting,0.00,0,0,0,0,0
1779933134227,-2542,6010,-7495,347,152,266,resting,0.00,0,0,0,0,0
1779933134228,-2187,6681,-7486,309,151,382,resting,0.00,0,0,0,0,0
1779933134229,-2162,7100,-7547,318,142,424,resting,0.00,0,0,0,0,0
1779933134263,-2411,7130,-7552,316,132,375,resting,0.00,0,0,0,0,0
1779933134264,-2269,6510,-7457,326,137,315,resting,0.00,0,0,0,0,0
1779933134265,-1725,6802,-7736,376,150,396,resting,0.00,0,0,0,0,0
1779933134285,-2036,6797,-7659,462,124,418,resting,0.00,0,0,0,0,0
1779933134285,-2235,6362,-7834,478,140,394,resting,0.00,0,0,0,0,0
1779933134286,-2415,5847,-7874,479,131,366,resting,0.00,0,0,0,0,0
1779933134318,-2076,5896,-7787,461,142,355,resting,0.00,0,0,0,0,0
1779933134319,-2047,6365,-7751,445,140,373,resting,0.00,0,0,0,0,0
1779933134320,-2041,6256,-7762,456,145,383,resting,0.00,0,0,0,0,0
1779933134346,-1981,5814,-7801,463,149,392,resting,0.00,0,0,0,0,0
1779933134346,-2080,5596,-7907,462,148,392,resting,0.00,0,0,0,0,0
1779933134347,-1877,5182,-7697,459,152,358,resting,0.00,0,0,0,0,0
1779933134378,-1568,4780,-7709,443,157,347,resting,0.00,0,0,0,0,0
1779933134378,-1409,4833,-15409,412,149,360,resting,0.00,0,0,0,0,0
1779933134379,-1492,4948,-7527,368,130,367,resting,0.00,0,0,0,0,0
1779933134405,-1577,5202,-7558,324,124,351,resting,0.00,0,0,0,0,0
1779933134405,-1717,5492,-15257,302,114,364,resting,0.00,0,0,0,0,0
1779933134406,-1690,5332,-15289,320,114,390,resting,0.00,0,0,0,0,0
1779933134438,-1645,4977,-7535,338,112,383,resting,0.00,0,0,0,0,0
1779933134446,-1456,4809,-7516,312,109,369,resting,0.00,0,0,0,0,0
1779933134446,-1319,4863,-15093,283,96,359,resting,0.00,0,0,0,0,0
1779933134466,-1038,4939,-15245,287,87,360,resting,0.00,0,0,0,0,0
1779933134467,-1130,4703,-15014,290,63,349,resting,0.00,0,0,0,0,0
1779933134495,-1125,4496,-7640,266,57,333,resting,0.00,0,0,0,0,0
1779933134528,-1108,4492,-7574,239,41,317,resting,0.00,0,0,0,0,0
1779933134529,-947,4564,-7636,217,27,317,resting,0.00,0,0,0,0,0
1779933134530,-989,4699,-15082,187,7,313,resting,0.00,0,0,0,0,0
1779933134530,-989,4765,-15264,177,2,304,resting,0.00,0,0,0,0,0
1779933134531,-1055,4638,-15181,174,-10,277,resting,0.00,0,0,0,0,0
1779933134535,-947,4530,-15235,162,-16,250,resting,0.00,0,0,0,0,0
1779933134555,-859,4512,-15299,153,-26,239,resting,0.00,0,0,0,0,0
1779933134556,-733,4431,-15298,142,-27,230,resting,0.00,0,0,0,0,0
1779933134557,-633,4452,-15252,125,-32,221,resting,0.00,0,0,0,0,0
1779933134585,-667,4423,-15103,99,-45,200,resting,0.00,0,0,0,0,0
1779933134586,-569,4426,-15164,71,-55,184,resting,0.00,0,0,0,0,0
1779933134587,-612,4461,-15223,56,-69,168,resting,0.00,0,0,0,0,0
1779933134651,-675,4361,-15370,50,-73,140,resting,0.00,0,0,0,0,0
1779933134651,-617,4356,-15495,48,-79,118,resting,0.00,0,0,0,0,0
1779933134676,-767,4419,-15581,42,-86,93,resting,0.00,0,0,0,0,0
1779933134676,-918,4568,-15855,32,-86,85,resting,0.00,0,0,0,0,0
1779933134679,-1106,4780,-15842,42,-86,84,resting,0.00,0,0,0,0,0
1779933134679,-1245,5072,-15960,48,-81,79,resting,0.00,0,0,0,0,0
1779933134680,-1342,5377,-15984,62,-76,78,resting,0.00,0,0,0,0,0
1779933134681,-1395,5419,-16102,95,-69,87,resting,0.00,0,0,0,0,0
1779933134684,-1444,5189,-16123,132,-63,94,resting,0.00,0,0,0,0,0
1779933134709,-1,-1,-1,-235,-1,-1,resting,0.00,0,0,0,0,0
1779933134709,-1522,5115,-16163,113,-20,128,resting,0.00,0,0,0,0,0
1779933134736,-1,-1,-1,-201,-1,-1,resting,0.00,0,0,0,0,0
1779933134736,-1612,5435,-16097,126,-14,155,resting,0.00,0,0,0,0,0
1779933134737,-1836,5001,-16083,142,-7,143,resting,0.00,0,0,0,0,0
1779933134765,-1722,4764,-16094,137,9,161,resting,0.00,0,0,0,0,0
1779933134765,-1585,4839,-15994,148,12,197,resting,0.00,0,0,0,0,0
1779933134765,-1666,4683,-15805,142,7,194,resting,0.00,0,0,0,0,0
1779933134796,-1,-1,-1,-198,-1,-1,resting,0.00,0,0,0,0,0
1779933134800,-1,-1,-1,-198,-1,-1,resting,0.00,0,0,0,0,0
1779933134800,-1,-1,-1,-199,-1,-1,resting,0.00,0,0,0,0,0
1779933134826,-1,-1,-1,-213,-1,-1,resting,0.00,0,0,0,0,0
1779933134826,-1,-1,-1,-229,-1,-1,resting,0.00,0,0,0,0,0
1779933134827,-1,-1,-1,-237,-1,-1,resting,0.00,0,0,0,0,0
1779933134862,-1,-1,-1,-242,-1,-1,resting,0.00,0,0,0,0,0
1779933134863,-1,-1,-1,-245,-1,-1,resting,0.00,0,0,0,0,0
1779933134863,-1,-1,-1,-247,-1,-1,resting,0.00,0,0,0,0,0
1779933134887,-1,-1,-1,-249,-1,-1,resting,0.00,0,0,0,0,0
1779933134888,-1,-1,-1,-246,-1,-1,resting,0.00,0,0,0,0,0
1779933134889,-1,-1,-1,-248,-1,-1,resting,0.00,0,0,0,0,0
1779933134917,-1,-1,-1,-251,-1,-1,resting,0.00,0,0,0,0,0
1779933134918,-1,-1,-1,-252,-1,-1,resting,0.00,0,0,0,0,0
1779933134918,-1506,3778,-15961,-11,16,-12,resting,0.00,0,0,0,0,0
1779933134946,-1548,3723,-16001,-31,18,-26,resting,0.00,0,0,0,0,0
1779933134946,-1661,3923,-16027,-57,29,-42,resting,0.00,0,0,0,0,0
1779933134950,-1664,4218,-16190,-75,48,-51,resting,0.00,0,0,0,0,0
1779933134975,-1639,4385,-16112,-76,63,-57,resting,0.00,0,0,0,0,0
1779933134977,-1551,4555,-15976,-68,76,-69,resting,0.00,0,0,0,0,0
1779933134977,-1357,4542,-15886,-54,82,-81,resting,0.00,0,0,0,0,0
1779933135008,-1133,4373,-15694,-40,78,-90,resting,0.00,0,0,0,0,0
1779933135009,-1013,4363,-15694,-33,75,-94,resting,0.00,0,0,0,0,0
1779933135010,-982,4076,-15560,-14,72,-106,resting,0.00,0,0,0,0,0
1779933135039,-969,3748,-15322,-1,68,-127,resting,0.00,0,0,0,0,0
1779933135039,-1,-1,-1,-252,-1,-1,resting,0.00,0,0,0,0,0
1779933135042,-1,-1,-1,-248,-1,-1,resting,0.00,0,0,0,0,0
1779933135100,-1,-1,-1,-246,-1,-1,resting,0.00,0,0,0,0,0
1779933135101,-1,-1,-1,-240,-1,-1,resting,0.00,0,0,0,0,0
1779933135105,-1,-1,-1,-235,-1,-1,resting,0.00,0,0,0,0,0
1779933135107,-1,-1,-1,-230,-1,-1,resting,0.00,0,0,0,0,0
1779933135108,-1,-1,-1,-235,-1,-1,resting,0.00,0,0,0,0,0
1779933135109,-1,-1,-1,-252,-1,-1,resting,0.00,0,0,0,0,0
1779933135128,-1813,3679,-15347,-25,26,-388,resting,0.00,0,0,0,0,0
1779933135129,-1770,3554,-15304,-73,19,-418,resting,0.00,0,0,0,0,0
1779933135129,-1,-1,-1,-194,-1,-1,resting,0.00,0,0,0,0,0
1779933135158,-1,-1,-1,-223,-1,-1,resting,0.00,0,0,0,0,0
1779933135159,-1,-1,-1,-245,-1,-1,resting,0.00,0,0,0,0,0
1779933135160,-1,-1,-1,-251,-1,-1,resting,0.00,0,0,0,0,0
1779933135187,-1,-1,-1,-234,-1,-1,resting,0.00,0,0,0,0,0
1779933135187,-1,-1,-1,-206,-1,-1,resting,0.00,0,0,0,0,0
1779933135188,-1666,4704,-15517,-121,-85,-529,resting,0.00,0,0,0,0,0
1779933135216,-1673,4770,-15641,-80,-92,-519,resting,0.00,0,0,0,0,0
1779933135217,-1545,4467,-15590,-33,-104,-527,resting,0.00,0,0,0,0,0
1779933135218,-1343,4097,-15639,-14,-119,-550,resting,0.00,0,0,0,0,0
1779933135245,-1426,3896,-15794,-7,-133,-573,resting,0.00,0,0,0,0,0
1779933135246,-1648,3912,-15966,-27,-140,-578,resting,0.00,0,0,0,0,0
1779933135247,-1979,4172,-16099,-55,-138,-564,resting,0.00,0,0,0,0,0
1779933135275,-2349,4566,-16223,-87,-134,-567,resting,0.00,0,0,0,0,0
1779933135275,-2573,5011,-16249,-127,-125,-561,resting,0.00,0,0,0,0,0
1779933135276,-1,-1,-1,-195,-1,-1,resting,0.00,0,0,0,0,0
1779933135308,-2234,5611,-16158,-102,-108,-475,resting,0.00,0,0,0,0,0
1779933135309,-2260,5570,-15807,-54,-111,-458,resting,0.00,0,0,0,0,0
1779933135310,-2202,5316,-15795,-42,-107,-438,resting,0.00,0,0,0,0,0
1779933135335,-2181,5075,-15658,-36,-116,-406,resting,0.00,0,0,0,0,0
1779933135335,-2023,5138,-15777,-30,-120,-358,resting,0.00,0,0,0,0,0
1779933135367,-2265,5102,-15732,-33,-130,-366,resting,0.00,0,0,0,0,0
1779933135368,-2459,4735,-15713,-82,-134,-400,resting,0.00,0,0,0,0,0
1779933135369,-2337,4896,-15683,-118,-135,-384,resting,0.00,0,0,0,0,0
1779933135370,-2306,5256,-15562,-120,-142,-337,resting,0.00,0,0,0,0,0
1779933135400,-2396,5363,-15371,-126,-148,-345,resting,0.00,0,0,0,0,0
1779933135400,-1,-1,-1,-193,-1,-1,resting,0.00,0,0,0,0,0
1779933135425,-2370,5347,-15218,-105,-176,-295,resting,0.00,0,0,0,0,0
1779933135426,-2429,5472,-15431,-58,-185,-264,resting,0.00,0,0,0,0,0
1779933135427,-2599,5084,-15228,-67,-192,-280,resting,0.00,0,0,0,0,0
1779933135428,-2645,5368,-15592,-43,-189,-210,resting,0.00,0,0,0,0,0
1779933135458,-2864,5201,-15080,-34,-200,-228,resting,0.00,0,0,0,0,0
1779933135458,-2865,5455,-15427,-48,-191,-185,resting,0.00,0,0,0,0,0
1779933135459,-3093,5664,-15523,-47,-198,-128,resting,0.00,0,0,0,0,0
1779933135485,-3389,5398,-15964,-121,-192,-104,resting,0.00,0,0,0,0,0
1779933135486,-1,-1,-1,-233,-1,-1,resting,0.00,0,0,0,0,0
1779933135487,-3681,5564,-16925,-270,-111,-32,resting,0.00,0,0,0,0,0
1779933135520,-3439,5934,-16756,-267,-60,-8,resting,0.00,0,0,0,0,0
1779933135521,-1,-1,-1,-239,-1,-1,resting,0.00,0,0,0,0,0
1779933135522,-1,-1,-1,-205,-1,-1,resting,0.00,0,0,0,0,0
1779933135545,-2713,5488,-15481,-65,-9,-54,resting,0.00,0,0,0,0,0
1779933135545,-2826,5236,-15469,-5,-23,-40,resting,0.00,0,0,0,0,0
1779933135546,-1,-1,-1,-246,-1,-1,resting,0.00,0,0,0,0,0
1779933135575,-3143,4356,-15586,-3,-52,-21,resting,0.00,0,0,0,0,0
1779933135576,-3055,4418,-15547,-50,-61,-10,resting,0.00,0,0,0,0,0
1779933135577,-3023,4471,-15651,-102,-71,-7,resting,0.00,0,0,0,0,0
1779933135613,-1,-1,-1,-206,-1,-1,resting,0.00,0,0,0,0,0
1779933135613,-1,-1,-1,-230,-1,-1,resting,0.00,0,0,0,0,0
1779933135635,-1,-1,-1,-251,-1,-1,resting,0.00,0,0,0,0,0
1779933135636,-3034,4630,-15538,-271,-79,-39,resting,0.00,0,0,0,0,0
1779933135636,-2965,4922,-15484,-268,-72,-19,resting,0.00,0,0,0,0,0
1779933135637,-3086,5037,-15395,-267,-72,-21,resting,0.00,0,0,0,0,0
1779933135666,-3155,5041,-15354,-285,-69,-34,resting,0.00,0,0,0,0,0
1779933135667,-3219,5168,-15289,-302,-70,-25,resting,0.00,0,0,0,0,0
1779933135668,-3270,5310,-15254,-318,-67,-20,resting,0.00,0,0,0,0,0
1779933135699,-3296,5351,-15129,-345,-68,-32,resting,0.00,0,0,0,0,0
1779933135700,-3354,5320,-15124,-381,-70,-40,resting,0.00,0,0,0,0,0
1779933135701,-1,-1,-1,-205,-1,-1,resting,0.00,0,0,0,0,0
1779933135724,-1,-1,-1,-206,-1,-1,resting,0.00,0,0,0,0,0
1779933135726,-3446,6160,-15338,-373,-69,12,resting,0.00,0,0,0,0,0
1779933135727,-3585,6451,-15317,-314,-60,-6,resting,0.00,0,0,0,0,0
1779933135758,-1,-1,-1,-246,-1,-1,resting,0.00,0,0,0,0,0
1779933135759,-1,-1,-1,-208,-1,-1,resting,0.00,0,0,0,0,0
1779933135760,-3233,6108,-15289,-80,-42,-23,resting,0.00,0,0,0,0,0
1779933135786,-3124,5835,-15351,-21,-35,7,resting,0.00,0,0,0,0,0
1779933135787,-1,-1,-1,-256,-1,-1,resting,0.00,0,0,0,0,0
1779933135788,-3092,5176,-15310,-19,-39,13,resting,0.00,0,0,0,0,0
1779933135815,-2984,5020,-15341,-71,-47,22,resting,0.00,0,0,0,0,0
1779933135816,-2900,5163,-15375,-118,-56,34,resting,0.00,0,0,0,0,0
1779933135817,-1,-1,-1,-201,-1,-1,resting,0.00,0,0,0,0,0
1779933135845,-1,-1,-1,-212,-1,-1,resting,0.00,0,0,0,0,0
1779933135846,-1,-1,-1,-211,-1,-1,resting,0.00,0,0,0,0,0
1779933135847,-1,-1,-1,-204,-1,-1,resting,0.00,0,0,0,0,0
1779933135875,-1,-1,-1,-198,-1,-1,resting,0.00,0,0,0,0,0
1779933135876,-1,-1,-1,-201,-1,-1,resting,0.00,0,0,0,0,0
1779933135877,-1,-1,-1,-206,-1,-1,resting,0.00,0,0,0,0,0
1779933135911,-1,-1,-1,-220,-1,-1,resting,0.00,0,0,0,0,0
1779933135936,-1,-1,-1,-238,-1,-1,resting,0.00,0,0,0,0,0
1779933135936,-1,-1,-1,-251,-1,-1,resting,0.00,0,0,0,0,0
1779933135937,-3441,5913,-14892,-281,-44,-55,resting,0.00,0,0,0,0,0
1779933135938,-3302,6253,-15008,-274,-36,-7,resting,0.00,0,0,0,0,0
1779933135941,-1,-1,-1,-238,-1,-1,resting,0.00,0,0,0,0,0
1779933135967,-1,-1,-1,-219,-1,-1,resting,0.00,0,0,0,0,0
1779933135968,-1,-1,-1,-211,-1,-1,resting,0.00,0,0,0,0,0
1779933135969,-1,-1,-1,-196,-1,-1,resting,0.00,0,0,0,0,0
1779933135995,-3345,6506,-14899,-96,-6,24,resting,0.00,0,0,0,0,0
1779933135995,-3445,6420,-14817,-77,0,7,resting,0.00,0,0,0,0,0
1779933135996,-3510,6253,-14862,-71,3,-4,resting,0.00,0,0,0,0,0
1779933136025,-3395,6270,-14890,-65,2,-1,resting,0.00,0,0,0,0,0
1779933136026,-3328,6290,-14919,-57,-3,2,resting,0.00,0,0,0,0,0
1779933136027,-3369,6228,-14946,-57,-3,-1,resting,0.00,0,0,0,0,0
1779933136058,-3401,6202,-14920,-63,0,-4,resting,0.00,0,0,0,0,0
1779933136060,-3419,6356,-14829,-54,3,10,resting,0.00,0,0,0,0,0
1779933136060,-3480,6448,-14759,-39,5,17,resting,0.00,0,0,0,0,0
1779933136085,-3484,6389,-14860,-30,7,9,resting,0.00,0,0,0,0,0
1779933136088,-3458,6276,-14917,-25,4,5,resting,0.00,0,0,0,0,0
1779933136091,-3326,6255,-14985,-26,4,3,resting,0.00,0,0,0,0,0
1779933136115,-3311,6205,-14925,-27,2,4,resting,0.00,0,0,0,0,0
1779933136116,-3388,6196,-14878,-39,2,10,resting,0.00,0,0,0,0,0
1779933136117,-3385,6315,-14889,-42,2,17,resting,0.00,0,0,0,0,0
1779933136149,-3417,6389,-14853,-45,2,17,resting,0.00,0,0,0,0,0
1779933136150,-3367,6396,-14856,-39,4,8,resting,0.00,0,0,0,0,0
1779933136151,-3434,6350,-14831,-33,6,5,resting,0.00,0,0,0,0,0
1779933136178,-3392,6224,-14803,-43,9,5,resting,0.00,0,0,0,0,0
1779933136178,-3374,6394,-14795,-51,11,4,resting,0.00,0,0,0,0,0
1779933136179,-3405,6513,-14758,-46,10,8,resting,0.00,0,0,0,0,0
1779933136206,-3441,6362,-14752,-41,14,7,resting,0.00,0,0,0,0,0
1779933136208,-3431,6405,-14792,-47,16,10,resting,0.00,0,0,0,0,0
1779933136209,-3399,6558,-14795,-42,15,8,resting,0.00,0,0,0,0,0
1779933136235,-3450,6464,-14820,-32,17,6,resting,0.00,0,0,0,0,0
1779933136235,-3378,6260,-14811,-28,19,4,resting,0.00,0,0,0,0,0
1779933136236,-3371,6336,-14883,-33,18,8,resting,0.00,0,0,0,0,0
1779933136265,-3356,6336,-14789,-34,19,13,resting,0.00,0,0,0,0,0
1779933136266,-3429,6342,-14803,-36,22,12,resting,0.00,0,0,0,0,0
1779933136267,-3399,6362,-14813,-38,21,12,resting,0.00,0,0,0,0,0
1779933136298,-3371,6330,-14749,-40,22,11,resting,0.00,0,0,0,0,0
1779933136299,-3363,6305,-14792,-49,23,14,resting,0.00,0,0,0,0,0
1779933136326,-3433,6388,-14822,-66,21,17,resting,0.00,0,0,0,0,0
1779933136326,-3439,6490,-14811,-72,19,19,resting,0.00,0,0,0,0,0
1779933136327,-3422,6524,-14867,-60,19,18,resting,0.00,0,0,0,0,0
1779933136328,-3426,6585,-14844,-47,18,14,resting,0.00,0,0,0,0,0
1779933136357,-3366,6567,-14848,-33,19,12,resting,0.00,0,0,0,0,0
1779933136358,-3390,6586,-14824,-20,20,12,resting,0.00,0,0,0,0,0
1779933136359,-3375,6516,-14802,-11,20,12,resting,0.00,0,0,0,0,0
1779933136385,-3365,6432,-14770,-12,19,10,resting,0.00,0,0,0,0,0
1779933136386,-3312,6345,-14779,-20,20,10,resting,0.00,0,0,0,0,0
1779933136386,-3323,6354,-14800,-35,18,15,resting,0.00,0,0,0,0,0
1779933136416,-3316,6434,-14802,-48,19,21,resting,0.00,0,0,0,0,0
1779933136417,-3320,6478,-14827,-49,19,20,resting,0.00,0,0,0,0,0
1779933136417,-3331,6500,-14826,-47,18,18,resting,0.00,0,0,0,0,0
1779933136449,-3353,6492,-14772,-45,16,17,resting,0.00,0,0,0,0,0
1779933136449,-3356,6591,-14826,-40,16,17,resting,0.00,0,0,0,0,0
1779933136450,-3358,6614,-14828,-31,15,15,resting,0.00,0,0,0,0,0
1779933136476,-3362,6577,-14788,-25,14,10,resting,0.00,0,0,0,0,0
1779933136477,-3352,6561,-14870,-17,13,11,resting,0.00,0,0,0,0,0
1779933136478,-3356,6556,-14815,-11,9,12,resting,0.00,0,0,0,0,0
1779933136510,-3322,6597,-14765,-10,12,13,resting,0.00,0,0,0,0,0
1779933136511,-3382,6572,-14807,-11,10,13,resting,0.00,0,0,0,0,0
1779933136512,-3344,6540,-14887,-9,5,10,resting,0.00,0,0,0,0,0
1779933136535,-3279,6517,-14857,-9,2,9,resting,0.00,0,0,0,0,0
1779933136536,-3271,6543,-14834,-8,0,7,resting,0.00,0,0,0,0,0
1779933136537,-3329,6503,-14849,-7,-4,9,resting,0.00,0,0,0,0,0
1779933136569,-3374,6515,-14820,-8,-1,12,resting,0.00,0,0,0,0,0
1779933136570,-3395,6518,-14813,-7,0,11,resting,0.00,0,0,0,0,0
1779933136571,-3396,6428,-14853,-8,0,10,resting,0.00,0,0,0,0,0
1779933136594,-3354,6437,-14896,-10,1,9,resting,0.00,0,0,0,0,0
1779933136595,-3292,6484,-14843,-9,6,11,resting,0.00,0,0,0,0,0
1779933136596,-3332,6495,-14899,-10,8,11,resting,0.00,0,0,0,0,0
1779933136625,-3299,6450,-14972,-13,4,12,resting,0.00,0,0,0,0,0
1779933136626,-3413,6564,-14944,-16,1,12,resting,0.00,0,0,0,0,0
1779933136626,-3292,6415,-15037,-8,4,13,resting,0.00,0,0,0,0,0
1779933136656,-3160,6392,-15034,16,6,24,resting,0.00,0,0,0,0,0
1779933136657,-3134,6392,-14969,27,3,29,resting,0.00,0,0,0,0,0
1779933136657,-3218,6389,-14991,34,2,36,resting,0.00,0,0,0,0,0
1779933136685,-3419,6378,-15096,35,2,43,resting,0.00,0,0,0,0,0
1779933136686,-3400,6341,-15152,37,7,41,resting,0.00,0,0,0,0,0
1779933136690,-3407,6417,-15243,35,10,47,resting,0.00,0,0,0,0,0
1779933136716,-3347,6421,-15116,39,17,46,resting,0.00,0,0,0,0,0
1779933136718,-3305,6482,-14986,38,23,45,resting,0.00,0,0,0,0,0
1779933136719,-3292,6599,-14788,30,25,41,resting,0.00,0,0,0,0,0
1779933136748,-3283,6532,-14684,23,20,38,resting,0.00,0,0,0,0,0
1779933136749,-3176,6496,-14743,0,11,43,resting,0.00,0,0,0,0,0
1779933136750,-3195,6565,-14804,-22,-3,57,resting,0.00,0,0,0,0,0
1779933136776,-3292,6575,-14781,-35,-9,66,resting,0.00,0,0,0,0,0
1779933136777,-3462,6652,-14812,-42,-9,72,resting,0.00,0,0,0,0,0
1779933136778,-3487,6765,-14844,-39,-3,70,resting,0.00,0,0,0,0,0
1779933136807,-3472,7086,-14835,-26,6,66,resting,0.00,0,0,0,0,0
1779933136809,-3543,7302,-14820,4,21,59,resting,0.00,0,0,0,0,0
1779933136810,-3468,7183,-14706,48,34,49,resting,0.00,0,0,0,0,0
1779933136834,-3434,6989,-14698,83,42,40,resting,0.00,0,0,0,0,0
1779933136835,-3350,6870,-14844,88,47,38,resting,0.00,0,0,0,0,0
1779933136836,-3329,6747,-14760,80,48,45,resting,0.00,0,0,0,0,0
1779933136867,-3285,6765,-14815,72,55,52,resting,0.00,0,0,0,0,0
1779933136868,-3119,6844,-14601,73,57,47,resting,0.00,0,0,0,0,0
1779933136868,-2963,6783,-14781,65,59,43,resting,0.00,0,0,0,0,0
1779933136898,-2773,6750,-14704,65,52,36,resting,0.00,0,0,0,0,0
1779933136899,-2570,6881,-14815,80,57,22,resting,0.00,0,0,0,0,0
1779933136900,-2471,7008,-14836,108,55,4,resting,0.00,0,0,0,0,0
1779933136926,-2516,7104,-14999,121,48,-11,resting,0.00,0,0,0,0,0
1779933136927,-2552,7198,-15062,139,40,-15,resting,0.00,0,0,0,0,0
1779933136927,-2465,7323,-15234,181,41,43,resting,0.00,0,0,0,0,0
1779933136956,-2616,7427,-15324,258,39,107,resting,0.00,0,0,0,0,0
1779933136957,-2778,7130,-15452,301,42,101,resting,0.00,0,0,0,0,0
1779933136958,-2547,6828,-15552,234,29,92,resting,0.00,0,0,0,0,0
1779933136985,-2708,6733,-15872,169,32,120,resting,0.00,0,0,0,0,0
1779933136985,-2726,6698,-15535,179,39,136,resting,0.00,0,0,0,0,0
1779933136986,-2810,6782,-15467,172,41,130,resting,0.00,0,0,0,0,0
1779933137015,-2875,6957,-15424,191,37,141,resting,0.00,0,0,0,0,0
1779933137016,-2953,6904,-15417,238,32,170,resting,0.00,0,0,0,0,0
1779933137019,-3064,6925,-15566,287,27,212,resting,0.00,0,0,0,0,0
1779933137048,-3200,6680,-15596,336,19,242,resting,0.00,0,0,0,0,0
1779933137049,-3267,6349,-15699,368,14,258,resting,0.00,0,0,0,0,0
1779933137049,-3216,5825,-15629,383,15,270,resting,0.00,0,0,0,0,0
1779933137076,-3051,5914,-15977,388,19,333,resting,0.00,0,0,0,0,0
1779933137076,-3408,5573,-15312,389,4,292,resting,0.00,0,0,0,0,0
1779933137077,-3119,5203,-15368,321,12,289,resting,0.00,0,0,0,0,0
1779933137106,-2944,5293,-15440,329,-8,372,resting,0.00,0,0,0,0,0
1779933137139,-3166,4887,-14795,347,-37,323,resting,0.00,0,0,0,0,0
1779933137140,-3098,4759,-14910,288,-26,297,resting,0.00,0,0,0,0,0
1779933137141,-3056,5293,-15052,297,-42,364,resting,0.00,0,0,0,0,0
1779933137141,-3177,5285,-14813,319,-54,357,resting,0.00,0,0,0,0,0
1779933137142,-3424,5331,-15082,291,-63,336,resting,0.00,0,0,0,0,0
1779933137168,-3366,5294,-7571,298,-61,325,resting,0.00,0,0,0,0,0
1779933137169,-3037,5260,-14971,323,-56,342,resting,0.00,0,0,0,0,0
1779933137170,-2934,5102,-14798,357,-64,354,resting,0.00,0,0,0,0,0
1779933137198,-2836,4754,-14821,376,-62,361,resting,0.00,0,0,0,0,0
1779933137199,-2802,4622,-7322,398,-59,367,resting,0.00,0,0,0,0,0
1779933137200,-2831,4532,-14812,387,-56,343,resting,0.00,0,0,0,0,0
1779933137225,-2738,4383,-14656,357,-54,304,resting,0.00,0,0,0,0,0
1779933137227,-2642,4308,-7314,332,-55,277,resting,0.00,0,0,0,0,0
1779933137227,-2637,4215,-14559,293,-61,259,resting,0.00,0,0,0,0,0
1779933137256,-2564,4192,-14589,257,-59,243,resting,0.00,0,0,0,0,0
1779933137257,-2461,4427,-7322,218,-45,242,resting,0.00,0,0,0,0,0
1779933137257,-2486,4511,-14701,183,-40,222,resting,0.00,0,0,0,0,0
1779933137285,-2484,4527,-14778,141,-30,201,resting,0.00,0,0,0,0,0
1779933137285,-2446,4609,-7355,95,-29,189,resting,0.00,0,0,0,0,0
1779933137286,-2423,4583,-7339,64,-31,176,resting,0.00,0,0,0,0,0
1779933137315,-2520,4540,-7314,24,-33,153,resting,0.00,0,0,0,0,0
1779933137316,-2445,4614,-7500,-9,-27,143,resting,0.00,0,0,0,0,0
1779933137316,-2489,4709,-7555,-22,-30,141,resting,0.00,0,0,0,0,0
1779933137348,-2522,4710,-15072,-37,-26,139,resting,0.00,0,0,0,0,0
1779933137349,-2517,4831,-7698,-45,-24,142,resting,0.00,0,0,0,0,0
1779933137350,-2750,4839,-7639,-48,-25,129,resting,0.00,0,0,0,0,0
1779933137374,-2791,4645,-7711,-61,-15,113,resting,0.00,0,0,0,0,0
1779933137375,-2785,4685,-7713,-86,-13,98,resting,0.00,0,0,0,0,0
1779933137377,-2848,4748,-7585,-101,-9,90,resting,0.00,0,0,0,0,0
1779933137406,-2927,4744,-15228,-115,-5,86,resting,0.00,0,0,0,0,0
1779933137439,-3021,4798,-7641,-128,-3,84,resting,0.00,0,0,0,0,0
1779933137440,-3201,4975,-7670,-132,-2,73,resting,0.00,0,0,0,0,0
1779933137440,-3297,5034,-7921,-143,9,55,resting,0.00,0,0,0,0,0
1779933137441,-3414,4877,-7843,-141,21,42,resting,0.00,0,0,0,0,0
1779933137442,-3295,4586,-7977,-146,38,22,resting,0.00,0,0,0,0,0
1779933137465,-3192,4645,-7924,-149,59,5,resting,0.00,0,0,0,0,0
1779933137466,-3043,4769,-15350,-153,72,-8,resting,0.00,0,0,0,0,0
1779933137466,-2962,5117,-7633,-173,78,-10,resting,0.00,0,0,0,0,0
1779933137501,-2851,5569,-7593,-190,69,-5,resting,0.00,0,0,0,0,0
1779933137502,-2721,5842,-15468,-195,60,7,resting,0.00,0,0,0,0,0
1779933137502,-2640,5645,-7773,-176,48,12,resting,0.00,0,0,0,0,0
1779933137526,-2510,5633,-7807,-163,40,8,resting,0.00,0,0,0,0,0
1779933137531,-2506,5757,-7811,-160,31,5,resting,0.00,0,0,0,0,0
1779933137531,-2426,5789,-7703,-145,22,8,resting,0.00,0,0,0,0,0
1779933137555,-2381,6118,-7657,-137,7,17,resting,0.00,0,0,0,0,0
1779933137556,-2429,6106,-7638,-100,-6,20,resting,0.00,0,0,0,0,0
1779933137557,-2532,6004,-7758,-52,-10,8,resting,0.00,0,0,0,0,0
1779933137588,-2602,5686,-7832,-20,-10,4,resting,0.00,0,0,0,0,0
1779933137589,-2583,5515,-7838,4,-8,8,resting,0.00,0,0,0,0,0
1779933137590,-2538,5525,-7763,29,-7,20,resting,0.00,0,0,0,0,0
1779933137615,-2583,5596,-7681,71,-3,25,resting,0.00,0,0,0,0,0
1779933137616,-2799,5366,-15360,124,5,12,resting,0.00,0,0,0,0,0
1779933137617,-2863,5033,-7820,149,11,-7,resting,0.00,0,0,0,0,0
1779933137649,-2662,5022,-7696,149,10,-22,resting,0.00,0,0,0,0,0
1779933137649,-2479,5382,-7674,160,4,-28,resting,0.00,0,0,0,0,0
1779933137650,-2500,5544,-7596,192,-6,-17,resting,0.00,0,0,0,0,0
1779933137675,-2667,5329,-7486,250,-21,-24,resting,0.00,0,0,0,0,0
1779933137676,-2825,4975,-7763,289,-17,-48,resting,0.00,0,0,0,0,0
1779933137677,-2993,4686,-7725,285,0,-54,resting,0.00,0,0,0,0,0
1779933137705,-2947,4500,-7913,272,28,-52,resting,0.00,0,0,0,0,0
1779933137706,-2878,4552,-8016,259,53,-49,resting,0.00,0,0,0,0,0
1779933137706,-2871,4797,-7920,270,64,-66,resting,0.00,0,0,0,0,0
1779933137738,-2827,4501,-7724,270,71,-86,resting,0.00,0,0,0,0,0
1779933137739,-2643,4430,-7912,226,67,-75,resting,0.00,0,0,0,0,0
1779933137740,-2604,4851,-7935,192,57,-54,resting,0.00,0,0,0,0,0
1779933137767,-2599,4914,-7763,162,49,-46,resting,0.00,0,0,0,0,0
1779933137768,-2596,4670,-7909,150,42,-54,resting,0.00,0,0,0,0,0
1779933137768,-2541,4226,-7795,146,33,-64,resting,0.00,0,0,0,0,0
1779933137797,-2810,3833,-7915,95,25,-67,resting,0.00,0,0,0,0,0
1779933137798,-3176,3653,-7829,18,33,-57,resting,0.00,0,0,0,0,0
1779933137799,-3581,3765,-8320,-49,60,-44,resting,0.00,0,0,0,0,0
1779933137826,-3903,3996,-7840,-125,73,-32,resting,0.00,0,0,0,0,0
1779933137834,-4244,4512,-8152,-131,158,-46,resting,0.00,0,0,0,0,0
1779933137834,-4416,5307,-8513,-119,211,-85,resting,0.00,0,0,0,0,0
1779933137857,-4530,4901,-8313,-133,266,-128,resting,0.00,0,0,0,0,0
1779933137858,-3884,4625,-8285,-187,335,-167,resting,0.00,0,0,0,0,0
1779933137858,-3011,4956,-7864,-221,373,-179,resting,0.00,0,0,0,0,0
1779933137888,-2834,4830,-7376,-235,359,-170,resting,0.00,0,0,0,0,0
1779933137889,-2959,4549,-6960,-226,319,-162,resting,0.00,0,0,0,0,0
1779933137890,-3087,4675,-6863,-200,264,-162,resting,0.00,0,0,0,0,0
1779933137919,-3129,5163,-6983,-148,209,-165,resting,0.00,0,0,0,0,0
1779933137920,-3138,4837,-6865,-81,146,-183,resting,0.00,0,0,0,0,0
1779933137923,-2997,4148,-6813,-19,107,-221,resting,0.00,0,0,0,0,0
1779933137946,-2818,4175,-7041,-10,65,-245,resting,0.00,0,0,0,0,0
1779933137949,-2625,4101,-7164,-9,9,-272,resting,0.00,0,0,0,0,0
1779933137949,-2539,3781,-6943,-24,-53,-351,resting,0.00,0,0,0,0,0
1779933137974,-2120,3665,-6974,-79,-108,-419,resting,0.00,0,0,0,0,0
1779933138005,-1895,3859,-7055,-132,-179,-427,resting,0.00,0,0,0,0,0
1779933138006,-1920,3966,-7011,-155,-238,-453,resting,0.00,0,0,0,0,0
1779933138007,-2196,4400,-7308,-157,-272,-479,resting,0.00,0,0,0,0,0
1779933138007,-2798,4752,-7449,-139,-293,-486,resting,0.00,0,0,0,0,0
1779933138008,-3197,4971,-7636,-95,-286,-475,resting,0.00,0,0,0,0,0
1779933138037,-3400,5208,-7859,-22,-268,-459,resting,0.00,0,0,0,0,0
1779933138038,-3454,4832,-7640,17,-268,-523,resting,0.00,0,0,0,0,0
1779933138039,-3184,4448,-7705,20,-264,-568,resting,0.00,0,0,0,0,0
1779933138065,-3057,4281,-7809,35,-265,-557,resting,0.00,0,0,0,0,0
1779933138066,-3359,4497,-7750,0,-252,-526,resting,0.00,0,0,0,0,0
1779933138067,-3624,4778,-8019,-67,-236,-526,resting,0.00,0,0,0,0,0
1779933138096,-3399,5872,-8010,-160,-192,-440,resting,0.00,0,0,0,0,0
1779933138097,-3011,7018,-8398,-265,-167,-371,resting,0.00,0,0,0,0,0
1779933138097,-2698,8100,-8879,-495,-140,-262,resting,0.00,0,0,0,0,0
1779933138125,-1950,8643,-9213,-657,-85,-120,resting,0.00,0,0,0,0,0
1779933138125,-1239,8543,-8952,-641,-13,-47,resting,0.00,0,0,0,0,0
1779933138126,-1285,7898,-8468,-485,47,-60,resting,0.00,0,0,0,0,0
1779933138158,-2096,7246,-8065,-338,88,-71,resting,0.00,0,0,0,0,0
1779933138159,-2402,7526,-7985,-167,113,-52,resting,0.00,0,0,0,0,0
1779933138160,-2530,7179,-7924,-42,109,-28,resting,0.00,0,0,0,0,0
1779933138188,-2459,6299,-7634,24,89,-39,resting,0.00,0,0,0,0,0
1779933138189,-2231,5042,-7375,3,56,-46,resting,0.00,0,0,0,0,0
1779933138190,-2157,4257,-7344,-68,4,-33,resting,0.00,0,0,0,0,0
1779933138217,-2195,3949,-7086,-153,-53,-18,resting,0.00,0,0,0,0,0
1779933138218,-2432,4116,-6924,-214,-109,-17,resting,0.00,0,0,0,0,0
1779933138225,-2771,4330,-6962,-248,-149,-29,resting,0.00,0,0,0,0,0
1779933138245,-3189,4821,-7194,-253,-167,-31,resting,0.00,0,0,0,0,0
1779933138246,-3821,5476,-7659,-245,-166,-25,resting,0.00,0,0,0,0,0
1779933138248,-4663,6128,-8062,-253,-139,-19,resting,0.00,0,0,0,0,0
1779933138280,-5058,6658,-8325,-247,-88,-8,resting,0.00,0,0,0,0,0
1779933138280,-4829,6770,-8186,-197,-37,-17,resting,0.00,0,0,0,0,0
1779933138281,-1,-1,-1,-197,-1,-1,resting,0.00,0,0,0,0,0
1779933138305,-1,-1,-1,-51,-1,-1,resting,0.00,0,0,0,0,0
1779933138306,-1,-1,-1,-49,-1,-1,resting,0.00,0,0,0,0,0
1779933138307,-1,-1,-1,-198,-1,-1,resting,0.00,0,0,0,0,0
1779933138338,-1,-1,-1,-232,-1,-1,resting,0.00,0,0,0,0,0
1779933138366,-1,-1,-1,-6,-1,-1,resting,0.00,0,0,0,0,0
1779933138367,-1,-1,-1,-18,-1,-1,resting,0.00,0,0,0,0,0
1779933138368,-1,-1,-1,-17,-1,-1,resting,0.00,0,0,0,0,0
1779933138368,-1,-1,-1,-14,-1,-1,resting,0.00,0,0,0,0,0
1779933138372,-1,-1,-1,-9,-1,-1,resting,0.00,0,0,0,0,0
1779933138396,-1,-1,-1,-8,-1,-1,resting,0.00,0,0,0,0,0
1779933138397,-1,-1,-1,-11,-1,-1,resting,0.00,0,0,0,0,0
1779933138398,-1,-1,-1,-16,-1,-1,resting,0.00,0,0,0,0,0
1779933138429,-1,-1,-1,-30,-1,-1,resting,0.00,0,0,0,0,0
1779933138430,-1,-1,-1,-51,-1,-1,resting,0.00,0,0,0,0,0
1779933138430,-1,-1,-1,-204,-1,-1,resting,0.00,0,0,0,0,0
1779933138456,-1,-1,-1,-226,-1,-1,resting,0.00,0,0,0,0,0
1779933138457,-1,-1,-1,-252,-1,-1,resting,0.00,0,0,0,0,0
1779933138458,-1,-1,-1,-24,-1,-1,resting,0.00,0,0,0,0,0
1779933138491,-3681,6434,-7401,-600,19,-110,resting,0.00,0,0,0,0,0
1779933138492,-3602,6801,-7170,-616,24,-106,resting,0.00,0,0,0,0,0
1779933138493,-3641,7160,-7411,-594,20,-77,resting,0.00,0,0,0,0,0
1779933138515,-3696,7303,-7364,-558,16,-77,resting,0.00,0,0,0,0,0
1779933138516,-3602,7165,-7191,-534,9,-84,resting,0.00,0,0,0,0,0
1779933138517,-3518,7471,-7229,-510,0,-58,resting,0.00,0,0,0,0,0
1779933138546,-3524,7763,-7114,-467,-18,-46,resting,0.00,0,0,0,0,0
1779933138547,-3630,7881,-7008,-430,-24,-52,resting,0.00,0,0,0,0,0
1779933138547,-3663,7916,-7082,-392,-27,-49,resting,0.00,0,0,0,0,0
1779933138575,-3580,8068,-7014,-340,-25,-39,resting,0.00,0,0,0,0,0
1779933138575,-3458,8077,-6941,-292,-22,-33,resting,0.00,0,0,0,0,0
1779933138576,-3478,8051,-7129,-248,-25,-24,resting,0.00,0,0,0,0,0
1779933138605,-3562,7964,-7001,-219,-24,-34,resting,0.00,0,0,0,0,0
1779933138606,-3579,7839,-7052,-208,-24,-48,resting,0.00,0,0,0,0,0
1779933138607,-3602,7915,-6995,-202,-20,-38,resting,0.00,0,0,0,0,0
1779933138637,-3704,8145,-6964,-191,-18,-25,resting,0.00,0,0,0,0,0
1779933138638,-3835,8280,-6970,-165,-17,-28,resting,0.00,0,0,0,0,0
1779933138640,-4022,8256,-6931,-128,-16,-41,resting,0.00,0,0,0,0,0
1779933138665,-4093,8101,-6933,-86,-14,-52,resting,0.00,0,0,0,0,0
1779933138671,-4066,7997,-7052,-54,-11,-58,resting,0.00,0,0,0,0,0
1779933138671,-4038,8096,-6913,-33,-9,-59,resting,0.00,0,0,0,0,0
1779933138696,-4114,8131,-6964,2,-1,-61,resting,0.00,0,0,0,0,0
1779933138696,-4074,8114,-7134,59,13,-69,resting,0.00,0,0,0,0,0
1779933138697,-3941,7889,-6987,102,35,-79,resting,0.00,0,0,0,0,0
1779933138725,-3652,7737,-7007,140,54,-85,resting,0.00,0,0,0,0,0
1779933138726,-3563,7631,-7164,172,49,-92,resting,0.00,0,0,0,0,0
1779933138726,-3794,7505,-7258,188,42,-100,resting,0.00,0,0,0,0,0
1779933138758,-3999,7415,-7171,200,47,-116,resting,0.00,0,0,0,0,0
1779933138758,-4005,7304,-7274,210,54,-132,resting,0.00,0,0,0,0,0
1779933138759,-3905,7151,-7252,217,59,-146,resting,0.00,0,0,0,0,0
1779933138787,-3796,6951,-7324,216,59,-155,resting,0.00,0,0,0,0,0
1779933138788,-3728,6799,-7340,201,52,-159,resting,0.00,0,0,0,0,0
1779933138789,-3647,6761,-7283,176,46,-159,resting,0.00,0,0,0,0,0
1779933138815,-3654,6768,-7219,143,34,-153,resting,0.00,0,0,0,0,0
1779933138816,-3733,6772,-7381,112,21,-139,resting,0.00,0,0,0,0,0
1779933138817,-3807,6819,-7416,94,15,-128,resting,0.00,0,0,0,0,0
1779933138846,-3897,6864,-7239,82,8,-126,resting,0.00,0,0,0,0,0
1779933138847,-4047,6821,-7292,78,4,-128,resting,0.00,0,0,0,0,0
1779933138847,-4154,6791,-7296,63,7,-143,resting,0.00,0,0,0,0,0
1779933138874,-4095,6723,-7385,40,-1,-148,resting,0.00,0,0,0,0,0
1779933138875,-3977,6590,-7167,24,-5,-147,resting,0.00,0,0,0,0,0
1779933138876,-3978,6535,-7182,1,-9,-142,resting,0.00,0,0,0,0,0
1779933138905,-4015,6631,-7244,-25,-7,-140,resting,0.00,0,0,0,0,0
1779933138906,-3993,6760,-7230,-45,1,-135,resting,0.00,0,0,0,0,0
1779933138906,-3898,6863,-7107,-55,10,-129,resting,0.00,0,0,0,0,0
1779933138937,-3788,6980,-7039,-60,16,-129,resting,0.00,0,0,0,0,0
1779933138938,-3770,7010,-7049,-62,20,-128,resting,0.00,0,0,0,0,0
1779933138939,-3854,6959,-7158,-69,28,-124,resting,0.00,0,0,0,0,0
1779933138974,-3854,6914,-7108,-77,38,-118,resting,0.00,0,0,0,0,0
1779933138974,-3870,6957,-7090,-84,50,-113,resting,0.00,0,0,0,0,0
1779933138975,-3833,6935,-7143,-99,62,-115,resting,0.00,0,0,0,0,0
1779933138995,-3817,6935,-7114,-114,68,-106,resting,0.00,0,0,0,0,0
1779933138995,-3880,7164,-7109,-118,78,-95,resting,0.00,0,0,0,0,0
1779933138997,-3887,7090,-7092,-111,82,-90,resting,0.00,0,0,0,0,0
1779933139025,-3921,7058,-7198,-109,84,-88,resting,0.00,0,0,0,0,0
1779933139029,-3905,7097,-7264,-98,88,-80,resting,0.00,0,0,0,0,0
1779933139029,-3962,7074,-7255,-85,93,-73,resting,0.00,0,0,0,0,0
1779933139055,-3895,6959,-7235,-81,92,-73,resting,0.00,0,0,0,0,0
1779933139056,-3919,6869,-7235,-90,85,-62,resting,0.00,0,0,0,0,0
1779933139057,-3919,6901,-7249,-97,73,-51,resting,0.00,0,0,0,0,0
1779933139086,-3821,6953,-7275,-109,63,-42,resting,0.00,0,0,0,0,0
1779933139087,-3857,7048,-7398,-117,50,-25,resting,0.00,0,0,0,0,0
1779933139088,-3881,7084,-7414,-107,40,-18,resting,0.00,0,0,0,0,0
1779933139120,-3890,7163,-7385,-88,31,-3,resting,0.00,0,0,0,0,0
1779933139147,-3885,7257,-7377,-64,21,2,resting,0.00,0,0,0,0,0
1779933139148,-3920,7175,-7332,-42,9,1,resting,0.00,0,0,0,0,0
1779933139148,-3910,7022,-7359,-25,-3,7,resting,0.00,0,0,0,0,0
1779933139149,-3929,6980,-7374,-16,-14,16,resting,0.00,0,0,0,0,0
1779933139150,-3920,7025,-7343,-13,-25,24,resting,0.00,0,0,0,0,0
1779933139178,-3947,7069,-7302,-10,-35,34,resting,0.00,0,0,0,0,0
1779933139179,-4010,7096,-7251,-10,-42,41,resting,0.00,0,0,0,0,0
1779933139180,-4022,7098,-7193,-8,-44,44,resting,0.00,0,0,0,0,0
1779933139205,-4018,7128,-7096,-6,-46,47,resting,0.00,0,0,0,0,0
1779933139205,-4005,7176,-7058,-12,-48,50,resting,0.00,0,0,0,0,0
1779933139206,-4089,7208,-6962,-21,-41,52,resting,0.00,0,0,0,0,0
1779933139236,-4033,7268,-6933,-23,-33,52,resting,0.00,0,0,0,0,0
1779933139237,-3963,7270,-7168,-26,-25,52,resting,0.00,0,0,0,0,0
1779933139238,-4001,7280,-7097,-32,-15,52,resting,0.00,0,0,0,0,0
1779933139270,-4060,7249,-7055,-44,-8,54,resting,0.00,0,0,0,0,0
1779933139271,-4069,7311,-7059,-56,2,55,resting,0.00,0,0,0,0,0
1779933139272,-4069,7377,-7043,-63,13,54,resting,0.00,0,0,0,0,0
1779933139295,-3987,7414,-7094,-65,25,51,resting,0.00,0,0,0,0,0
1779933139296,-4025,7454,-7142,-66,33,52,resting,0.00,0,0,0,0,0
1779933139297,-4047,7457,-6924,-68,42,50,resting,0.00,0,0,0,0,0
1779933139327,-3979,7411,-7135,-63,50,43,resting,0.00,0,0,0,0,0
1779933139328,-3974,7433,-6963,-61,54,39,resting,0.00,0,0,0,0,0
1779933139328,-3912,7491,-6973,-66,57,39,resting,0.00,0,0,0,0,0
1779933139356,-3850,7486,-7037,-65,62,36,resting,0.00,0,0,0,0,0
1779933139361,-3823,7454,-7053,-63,65,30,resting,0.00,0,0,0,0,0
1779933139387,-3828,7478,-7097,-64,68,27,resting,0.00,0,0,0,0,0
1779933139387,-3840,7488,-7135,-62,67,23,resting,0.00,0,0,0,0,0
1779933139388,-3784,7464,-7114,-53,67,20,resting,0.00,0,0,0,0,0
1779933139389,-3785,7456,-7123,-47,66,18,resting,0.00,0,0,0,0,0
1779933139415,-3845,7396,-7125,-45,65,16,resting,0.00,0,0,0,0,0
1779933139416,-3868,7438,-7153,-41,64,15,resting,0.00,0,0,0,0,0
1779933139417,-3779,7462,-7155,-43,61,11,resting,0.00,0,0,0,0,0
1779933139446,-3757,7465,-7105,-44,59,11,resting,0.00,0,0,0,0,0
1779933139447,-3817,7448,-7051,-46,58,7,resting,0.00,0,0,0,0,0
1779933139447,-3807,7459,-7084,-49,55,6,resting,0.00,0,0,0,0,0
1779933139482,-3785,7498,-7095,-51,52,3,resting,0.00,0,0,0,0,0
1779933139482,-3769,7508,-7121,-49,50,-2,resting,0.00,0,0,0,0,0
1779933139483,-3725,7567,-7146,-43,49,-2,resting,0.00,0,0,0,0,0
1779933139505,-3690,7551,-7163,-39,48,-3,resting,0.00,0,0,0,0,0
1779933139506,-3655,7525,-7147,-36,43,-8,resting,0.00,0,0,0,0,0
1779933139507,-3660,7464,-7097,-34,39,-12,resting,0.00,0,0,0,0,0
1779933139536,-3624,7452,-7082,-37,34,-10,resting,0.00,0,0,0,0,0
1779933139537,-3661,7468,-7114,-41,31,-10,resting,0.00,0,0,0,0,0
1779933139538,-3705,7545,-7122,-41,27,-10,resting,0.00,0,0,0,0,0
1779933139565,-3720,7574,-7133,-38,21,-10,resting,0.00,0,0,0,0,0
1779933139566,-3742,7612,-7107,-28,15,-8,resting,0.00,0,0,0,0,0
1779933139567,-3722,7598,-7101,-17,13,-12,resting,0.00,0,0,0,0,0
1779933139595,-3677,7553,-7115,-8,9,-15,resting,0.00,0,0,0,0,0
1779933139596,-3650,7524,-7107,-2,5,-17,resting,0.00,0,0,0,0,0
1779933139597,-3691,7546,-7114,-3,1,-18,resting,0.00,0,0,0,0,0
1779933139628,-3731,7575,-7077,-2,-2,-19,resting,0.00,0,0,0,0,0
1779933139629,-3764,7577,-7066,-4,-4,-20,resting,0.00,0,0,0,0,0
1779933139629,-3740,7558,-7050,-3,-8,-22,resting,0.00,0,0,0,0,0
1779933139656,-3744,7484,-7030,1,-9,-24,resting,0.00,0,0,0,0,0
1779933139657,-3766,7482,-7006,1,-10,-23,resting,0.00,0,0,0,0,0
1779933139658,-3780,7504,-7028,2,-10,-24,resting,0.00,0,0,0,0,0
1779933139689,-3810,7500,-6995,3,-10,-24,resting,0.00,0,0,0,0,0
1779933139690,-3836,7524,-6971,0,-8,-22,resting,0.00,0,0,0,0,0
1779933139690,-3828,7468,-7000,2,-4,-23,resting,0.00,0,0,0,0,0
1779933139715,-3827,7423,-6944,4,-5,-23,resting,0.00,0,0,0,0,0
1779933139720,-3842,7404,-6953,1,-4,-22,resting,0.00,0,0,0,0,0
1779933139721,-3832,7453,-6913,-2,-2,-18,resting,0.00,0,0,0,0,0
1779933139748,-3863,7470,-7141,-2,-1,-15,resting,0.00,0,0,0,0,0
1779933139749,-3856,7469,-6952,-8,2,-13,resting,0.00,0,0,0,0,0
1779933139750,-3885,7481,-6983,-8,7,-12,resting,0.00,0,0,0,0,0
1779933139778,-3853,7547,-7168,-3,11,-11,resting,0.00,0,0,0,0,0
1779933139779,-3771,7478,-6929,-3,14,-13,resting,0.00,0,0,0,0,0
1779933139779,-3839,7414,-6970,-8,15,-12,resting,0.00,0,0,0,0,0
1779933139805,-3833,7422,-7006,-13,16,-9,resting,0.00,0,0,0,0,0
1779933139805,-3836,7504,-7012,-16,17,-6,resting,0.00,0,0,0,0,0
1779933139806,-3816,7506,-6965,-17,19,-7,resting,0.00,0,0,0,0,0
1779933139835,-3791,7481,-6994,-17,20,-7,resting,0.00,0,0,0,0,0
1779933139836,-3807,7487,-6995,-14,18,-7,resting,0.00,0,0,0,0,0
1779933139836,-3862,7454,-7024,-13,19,-6,resting,0.00,0,0,0,0,0
1779933139868,-3839,7480,-7084,-15,20,-6,resting,0.00,0,0,0,0,0
1779933139869,-3776,7482,-7072,-16,18,-4,resting,0.00,0,0,0,0,0
1779933139870,-3759,7495,-7120,-14,19,-4,resting,0.00,0,0,0,0,0
1779933139895,-3729,7561,-7147,-6,19,-6,resting,0.00,0,0,0,0,0
1779933139895,-3693,7504,-7090,3,17,-11,resting,0.00,0,0,0,0,0
1779933139896,-3713,7407,-7051,1,15,-10,resting,0.00,0,0,0,0,0
1779933139926,-3734,7365,-7049,-10,10,-6,resting,0.00,0,0,0,0,0
1779933139927,-3772,7415,-7022,-21,6,-2,resting,0.00,0,0,0,0,0
1779933139927,-3829,7481,-7025,-26,5,1,resting,0.00,0,0,0,0,0
1779933139958,-3893,7523,-6975,-23,2,2,resting,0.00,0,0,0,0,0
1779933139958,-3854,7509,-6974,-13,-1,4,resting,0.00,0,0,0,0,0
1779933139960,-3917,7485,-6927,-13,0,5,resting,0.00,0,0,0,0,0
1779933139987,-3798,7734,-7068,-17,1,-7,resting,0.00,0,0,0,0,0
1779933139988,-3744,7263,-7152,5,1,0,resting,0.00,0,0,0,0,0
1779933139989,-3681,7393,-7080,-20,1,14,resting,0.00,0,0,0,0,0
1779933140015,-3872,7716,-6971,-24,-5,6,resting,0.00,0,0,0,0,0
1779933140017,-3920,7563,-6956,-3,1,5,resting,0.00,0,0,0,0,0
1779933140018,-3849,7361,-6958,-1,6,0,resting,0.00,0,0,0,0,0
1779933140045,-3730,7375,-6976,-20,5,1,resting,0.00,0,0,0,0,0
1779933140046,-3709,7490,-6997,-24,2,13,resting,0.00,0,0,0,0,0
1779933140046,-3879,7554,-6999,-17,2,19,resting,0.00,0,0,0,0,0
1779933140077,-3923,7567,-6969,-13,5,13,resting,0.00,0,0,0,0,0
1779933140078,-3790,7532,-6971,-9,8,10,resting,0.00,0,0,0,0,0
1779933140078,-3753,7559,-7038,-5,7,13,resting,0.00,0,0,0,0,0
1779933140104,-3809,7543,-7034,-4,6,10,resting,0.00,0,0,0,0,0
1779933140104,-3813,7493,-7028,-6,4,9,resting,0.00,0,0,0,0,0
1779933140105,-3784,7456,-7025,-9,3,9,resting,0.00,0,0,0,0,0
1779933140137,-3781,7482,-7020,-19,0,11,resting,0.00,0,0,0,0,0
1779933140138,-3818,7581,-7044,-24,0,12,resting,0.00,0,0,0,0,0
1779933140139,-3857,7645,-6992,-20,0,9,resting,0.00,0,0,0,0,0
1779933140164,-3849,7635,-7005,-12,2,4,resting,0.00,0,0,0,0,0
1779933140164,-3796,7541,-7017,-11,3,2,resting,0.00,0,0,0,0,0
1779933140165,-3740,7585,-7021,-16,1,2,resting,0.00,0,0,0,0,0
1779933140195,-3720,7680,-6987,-14,-2,-2,resting,0.00,0,0,0,0,0
1779933140195,-3802,7606,-6926,-12,-1,-6,resting,0.00,0,0,0,0,0
1779933140196,-3859,7545,-6967,-9,-2,-6,resting,0.00,0,0,0,0,0
1779933140227,-3781,7553,-6987,-6,0,-5,resting,0.00,0,0,0,0,0
1779933140227,-3809,7554,-6964,-2,0,-4,resting,0.00,0,0,0,0,0
1779933140228,-3869,7551,-6968,2,1,-5,resting,0.00,0,0,0,0,0
1779933140254,-3916,7567,-6947,6,3,-6,resting,0.00,0,0,0,0,0
1779933140254,-3916,7475,-6930,3,7,-8,resting,0.00,0,0,0,0,0
1779933140255,-3757,7496,-6965,-3,8,-8,resting,0.00,0,0,0,0,0
1779933140284,-3797,7576,-6981,-7,6,-3,resting,0.00,0,0,0,0,0
1779933140285,-3933,7524,-6923,-6,5,-2,resting,0.00,0,0,0,0,0
1779933140285,-3886,7502,-6994,-16,11,-8,resting,0.00,0,0,0,0,0
1779933140314,-3763,7609,-6970,-18,9,-10,resting,0.00,0,0,0,0,0
1779933140315,-3792,7605,-6925,-11,7,-8,resting,0.00,0,0,0,0,0
1779933140316,-3852,7447,-6962,-8,11,-11,resting,0.00,0,0,0,0,0
1779933140346,-3823,7575,-7052,-14,6,-8,resting,0.00,0,0,0,0,0
1779933140348,-3765,7611,-7028,-3,10,-10,resting,0.00,0,0,0,0,0
1779933140348,-3775,7454,-6971,3,11,-13,resting,0.00,0,0,0,0,0
1779933140377,-3785,7376,-6969,-2,9,-10,resting,0.00,0,0,0,0,0
1779933140378,-3801,7507,-6965,-7,8,-7,resting,0.00,0,0,0,0,0
1779933140378,-3853,7529,-6965,-8,6,-6,resting,0.00,0,0,0,0,0
1779933140404,-3893,7506,-7167,-10,8,-4,resting,0.00,0,0,0,0,0
1779933140404,-3888,7557,-6942,-12,8,-5,resting,0.00,0,0,0,0,0
1779933140405,-3860,7560,-6937,-10,9,-3,resting,0.00,0,0,0,0,0
1779933140435,-3862,7538,-6964,-9,11,-4,resting,0.00,0,0,0,0,0
1779933140436,-3866,7529,-6967,-13,12,-4,resting,0.00,0,0,0,0,0
1779933140436,-3896,7545,-6927,-13,15,-4,resting,0.00,0,0,0,0,0
1779933140465,-3883,7560,-7010,-11,14,-4,resting,0.00,0,0,0,0,0
1779933140471,-3842,7542,-7009,-12,13,-7,resting,0.00,0,0,0,0,0
1779933140472,-3811,7514,-7006,-9,14,-4,resting,0.00,0,0,0,0,0
1779933140504,-3787,7519,-6999,-9,15,-1,resting,0.00,0,0,0,0,0
1779933140505,-3806,7546,-7019,-9,15,0,resting,0.00,0,0,0,0,0
1779933140505,-3838,7584,-6961,-7,15,1,resting,0.00,0,0,0,0,0
1779933140525,-3826,7587,-6968,-2,14,-2,resting,0.00,0,0,0,0,0
1779933140526,-3813,7527,-6999,0,15,-5,resting,0.00,0,0,0,0,0
1779933140526,-3831,7547,-7017,0,14,-1,resting,0.00,0,0,0,0,0
1779933140556,-3804,7547,-6988,1,14,2,resting,0.00,0,0,0,0,0
1779933140556,-3828,7535,-6934,0,11,1,resting,0.00,0,0,0,0,0
1779933140557,-3854,7560,-6962,0,10,1,resting,0.00,0,0,0,0,0
1779933140586,-3871,7577,-6966,-4,11,0,resting,0.00,0,0,0,0,0
1779933140587,-3822,7585,-6921,-1,16,1,resting,0.00,0,0,0,0,0
1779933140587,-3836,7552,-6924,1,16,1,resting,0.00,0,0,0,0,0
1779933140615,-3820,7504,-6944,-1,16,-2,resting,0.00,0,0,0,0,0
1779933140618,-3914,7474,-6976,-3,17,1,resting,0.00,0,0,0,0,0
1779933140619,-3895,7529,-6943,-7,19,4,resting,0.00,0,0,0,0,0
1779933140644,-3896,7542,-6926,-8,20,4,resting,0.00,0,0,0,0,0
1779933140644,-3826,7582,-6955,-7,20,2,resting,0.00,0,0,0,0,0
1779933140645,-3814,7572,-6993,-5,22,1,resting,0.00,0,0,0,0,0
1779933140676,-3850,7540,-6961,-2,24,2,resting,0.00,0,0,0,0,0
1779933140676,-3834,7553,-6976,-1,25,0,resting,0.00,0,0,0,0,0
1779933140677,-3792,7560,-6974,-3,25,0,resting,0.00,0,0,0,0,0
1779933140705,-3808,7525,-6955,-4,23,0,resting,0.00,0,0,0,0,0
1779933140706,-3796,7487,-6989,-7,25,3,resting,0.00,0,0,0,0,0
1779933140707,-3806,7532,-7007,-8,23,5,resting,0.00,0,0,0,0,0
1779933140735,-3810,7559,-6943,-8,24,5,resting,0.00,0,0,0,0,0
1779933140735,-3795,7559,-7001,-9,24,4,resting,0.00,0,0,0,0,0
1779933140736,-3806,7521,-6996,-9,25,4,resting,0.00,0,0,0,0,0
1779933140768,-3785,7563,-6998,-8,25,4,resting,0.00,0,0,0,0,0
1779933140769,-3769,7569,-7038,-9,26,4,resting,0.00,0,0,0,0,0
1779933140769,-3748,7580,-7049,-7,24,4,resting,0.00,0,0,0,0,0
1779933140795,-3780,7568,-6989,-3,24,1,resting,0.00,0,0,0,0,0
1779933140797,-3743,7495,-6972,-6,24,0,resting,0.00,0,0,0,0,0
1779933140798,-3752,7517,-6973,-9,22,1,resting,0.00,0,0,0,0,0
1779933140826,-3758,7524,-6981,-11,23,1,resting,0.00,0,0,0,0,0
1779933140827,-3779,7511,-6975,-14,22,3,resting,0.00,0,0,0,0,0
1779933140828,-3812,7555,-6987,-12,21,5,resting,0.00,0,0,0,0,0
1779933140855,-3753,7549,-7015,-11,21,3,resting,0.00,0,0,0,0,0
1779933140856,-3748,7566,-7043,-12,19,3,resting,0.00,0,0,0,0,0
1779933140856,-3780,7585,-7024,-10,19,2,resting,0.00,0,0,0,0,0
1779933140886,-3777,7585,-7034,-10,16,2,resting,0.00,0,0,0,0,0
1779933140887,-3771,7553,-6994,-9,14,1,resting,0.00,0,0,0,0,0
1779933140887,-3768,7507,-6986,-9,13,0,resting,0.00,0,0,0,0,0
1779933140917,-3770,7513,-7004,-5,14,2,resting,0.00,0,0,0,0,0
1779933140918,-3749,7517,-6941,-5,15,6,resting,0.00,0,0,0,0,0
1779933140919,-3758,7524,-6982,-9,16,7,resting,0.00,0,0,0,0,0
1779933140945,-3759,7576,-6975,-14,16,8,resting,0.00,0,0,0,0,0
1779933140948,-3763,7581,-6940,-14,18,7,resting,0.00,0,0,0,0,0
1779933140952,-3755,7605,-6966,-15,20,4,resting,0.00,0,0,0,0,0
1779933140977,-3706,7609,-6924,-16,19,4,resting,0.00,0,0,0,0,0
1779933140979,-3749,7591,-6965,-19,19,5,resting,0.00,0,0,0,0,0
1779933140979,-3767,7608,-6965,-18,18,3,resting,0.00,0,0,0,0,0
1779933141006,-3775,7591,-6941,-14,17,2,resting,0.00,0,0,0,0,0
1779933141009,-3779,7613,-6971,-9,17,2,resting,0.00,0,0,0,0,0
1779933141010,-3761,7561,-6951,-4,18,1,resting,0.00,0,0,0,0,0
1779933141036,-3800,7511,-6980,0,19,4,resting,0.00,0,0,0,0,0
1779933141064,-3773,7537,-7002,-3,18,4,resting,0.00,0,0,0,0,0
1779933141068,-3791,7562,-7002,-6,19,6,resting,0.00,0,0,0,0,0
1779933141069,-3775,7570,-6978,-8,19,6,resting,0.00,0,0,0,0,0
1779933141099,-3751,7590,-7011,-9,18,5,resting,0.00,0,0,0,0,0
1779933141100,-3784,7608,-6991,-10,17,4,resting,0.00,0,0,0,0,0
1779933141103,-3749,7585,-6952,-10,18,5,resting,0.00,0,0,0,0,0
1779933141106,-3727,7608,-7000,-10,18,6,resting,0.00,0,0,0,0,0
1779933141107,-3698,7522,-7008,-10,16,6,resting,0.00,0,0,0,0,0
1779933141129,-3760,7645,-7002,-13,12,7,resting,0.00,0,0,0,0,0
1779933141129,-3803,7675,-7006,-20,13,-2,resting,0.00,0,0,0,0,0
1779933141130,-3657,7511,-6983,-4,17,0,resting,0.00,0,0,0,0,0
1779933141155,-3603,7552,-7008,-8,15,6,resting,0.00,0,0,0,0,0
1779933141156,-3743,7675,-6948,-11,11,6,resting,0.00,0,0,0,0,0
1779933141189,-3812,7569,-7162,-2,16,5,resting,0.00,0,0,0,0,0
1779933141196,-3756,7516,-6996,-7,20,2,resting,0.00,0,0,0,0,0
1779933141197,-3687,7590,-6993,-4,16,3,resting,0.00,0,0,0,0,0
1779933141197,-3687,7591,-6967,1,17,9,resting,0.00,0,0,0,0,0
1779933141217,-3718,7549,-6964,-4,18,11,resting,0.00,0,0,0,0,0
1779933141218,-3750,7696,-6938,-5,18,8,resting,0.00,0,0,0,0,0
1779933141219,-3738,7678,-7158,-2,20,3,resting,0.00,0,0,0,0,0
1779933141246,-3698,7599,-6968,-1,20,0,resting,0.00,0,0,0,0,0
1779933141246,-3702,7615,-6977,-3,19,1,resting,0.00,0,0,0,0,0
1779933141247,-3739,7588,-6934,-2,20,0,resting,0.00,0,0,0,0,0
1779933141276,-3751,7514,-6992,1,19,1,resting,0.00,0,0,0,0,0
1779933141276,-3698,7543,-6994,-5,16,2,resting,0.00,0,0,0,0,0
1779933141277,-3726,7585,-7038,-10,14,3,resting,0.00,0,0,0,0,0
1779933141309,-3742,7638,-7009,-6,14,3,resting,0.00,0,0,0,0,0
1779933141310,-3768,7559,-7008,-3,15,-1,resting,0.00,0,0,0,0,0
1779933141311,-3686,7500,-7021,-5,14,-2,resting,0.00,0,0,0,0,0
1779933141335,-3670,7557,-7029,-8,12,1,resting,0.00,0,0,0,0,0
1779933141336,-3715,7560,-6996,-11,10,3,resting,0.00,0,0,0,0,0
1779933141337,-3706,7631,-7029,-11,11,3,resting,0.00,0,0,0,0,0
1779933141368,-3706,7663,-6944,-8,9,2,resting,0.00,0,0,0,0,0
1779933141369,-3732,7575,-6941,-4,10,1,resting,0.00,0,0,0,0,0
1779933141369,-3707,7531,-6964,-4,9,0,resting,0.00,0,0,0,0,0
1779933141395,-3728,7508,-6965,-9,9,1,resting,0.00,0,0,0,0,0
1779933141396,-3670,7610,-6948,-12,11,4,resting,0.00,0,0,0,0,0
1779933141396,-3701,7638,-6978,-10,11,3,resting,0.00,0,0,0,0,0
1779933141426,-3724,7626,-6976,-10,12,0,resting,0.00,0,0,0,0,0
1779933141426,-3735,7614,-6971,-5,12,-1,resting,0.00,0,0,0,0,0
1779933141427,-3725,7643,-6971,-1,13,-1,resting,0.00,0,0,0,0,0
1779933141455,-3706,7585,-6982,-1,14,-2,resting,0.00,0,0,0,0,0
1779933141455,-3689,7553,-7026,-12,11,2,resting,0.00,0,0,0,0,0
1779933141463,-3699,7596,-6963,-13,11,2,resting,0.00,0,0,0,0,0
1779933141486,-3697,7637,-6976,-12,14,0,resting,0.00,0,0,0,0,0
1779933141487,-3712,7600,-6961,-12,13,-1,resting,0.00,0,0,0,0,0
1779933141487,-3676,7608,-7023,-9,11,-3,resting,0.00,0,0,0,0,0
1779933141518,-3649,7607,-7023,-6,11,-3,resting,0.00,0,0,0,0,0
1779933141518,-3657,7614,-7002,-7,11,-3,resting,0.00,0,0,0,0,0
1779933141519,-3708,7587,-6968,-8,9,-1,resting,0.00,0,0,0,0,0
1779933141545,-3760,7600,-6984,-7,9,-1,resting,0.00,0,0,0,0,0
1779933141546,-3725,7611,-6938,-6,9,-2,resting,0.00,0,0,0,0,0
1779933141547,-3656,7609,-6965,-6,11,-2,resting,0.00,0,0,0,0,0
1779933141576,-3674,7614,-6998,-5,12,-3,resting,0.00,0,0,0,0,0
1779933141576,-3666,7568,-6970,-4,12,-3,resting,0.00,0,0,0,0,0
1779933141577,-3663,7601,-6965,-7,13,-2,resting,0.00,0,0,0,0,0
1779933141609,-3670,7596,-6999,-8,13,-3,resting,0.00,0,0,0,0,0
1779933141610,-3692,7597,-7010,-11,12,-2,resting,0.00,0,0,0,0,0
1779933141611,-3707,7602,-6979,-11,11,-2,resting,0.00,0,0,0,0,0
1779933141635,-3712,7623,-6956,-7,12,-3,resting,0.00,0,0,0,0,0
1779933141636,-3703,7605,-6974,-5,13,-4,resting,0.00,0,0,0,0,0
1779933141636,-3714,7626,-7036,-3,13,-4,resting,0.00,0,0,0,0,0
1779933141671,-3779,7770,-7027,2,16,-5,resting,0.00,0,0,0,0,0
1779933141672,-3788,7838,-6946,24,22,-9,resting,0.00,0,0,0,0,0
1779933141673,-3780,7704,-7159,49,22,-13,resting,0.00,0,0,0,0,0
1779933141700,-3768,7582,-6981,55,18,-14,resting,0.00,0,0,0,0,0
1779933141701,-3723,7568,-6967,61,17,-14,resting,0.00,0,0,0,0,0
1779933141701,-3695,7607,-6996,66,19,-11,resting,0.00,0,0,0,0,0
1779933141729,-3788,7659,-7013,66,21,-15,resting,0.00,0,0,0,0,0
1779933141729,-3807,7440,-7069,69,23,-19,resting,0.00,0,0,0,0,0
1779933141730,-3624,7103,-7052,65,24,-20,resting,0.00,0,0,0,0,0
1779933141759,-3343,6898,-7040,23,21,-16,resting,0.00,0,0,0,0,0
1779933141760,-3355,7149,-7131,-22,20,0,resting,0.00,0,0,0,0,0
1779933141760,-3634,7612,-7051,-27,18,18,resting,0.00,0,0,0,0,0
1779933141787,-4003,7984,-7033,-21,17,22,resting,0.00,0,0,0,0,0
1779933141788,-3984,8031,-6932,-6,15,5,resting,0.00,0,0,0,0,0
1779933141794,-3721,7702,-7158,20,12,-17,resting,0.00,0,0,0,0,0
1779933141817,-3474,7300,-6987,38,8,-26,resting,0.00,0,0,0,0,0
1779933141817,-3460,7203,-7076,33,11,-16,resting,0.00,0,0,0,0,0
1779933141818,-3629,7336,-7115,15,11,4,resting,0.00,0,0,0,0,0
1779933141845,-3775,7476,-7055,-6,9,10,resting,0.00,0,0,0,0,0
1779933141845,-3777,7484,-7037,-19,9,6,resting,0.00,0,0,0,0,0
1779933141846,-3655,7345,-6979,-18,9,2,resting,0.00,0,0,0,0,0
1779933141876,-3671,7297,-6975,-24,12,6,resting,0.00,0,0,0,0,0
1779933141877,-3692,7481,-7033,-36,12,12,resting,0.00,0,0,0,0,0
1779933141878,-3730,7711,-7020,-38,11,15,resting,0.00,0,0,0,0,0
1779933141908,-3696,7751,-7021,-32,13,13,resting,0.00,0,0,0,0,0
1779933141909,-3611,7662,-7008,-19,13,6,resting,0.00,0,0,0,0,0
1779933141909,-3615,7505,-7014,-15,12,1,resting,0.00,0,0,0,0,0
1779933141937,-3661,7418,-6980,-17,13,1,resting,0.00,0,0,0,0,0
1779933141937,-3657,7427,-6995,-28,12,4,resting,0.00,0,0,0,0,0
1779933141938,-3660,7524,-7038,-40,11,8,resting,0.00,0,0,0,0,0
1779933141967,-3712,7595,-7078,-49,8,8,resting,0.00,0,0,0,0,0
1779933141968,-3712,7566,-7035,-41,7,4,resting,0.00,0,0,0,0,0
1779933141969,-3609,7535,-7017,-29,10,4,resting,0.00,0,0,0,0,0
1779933141995,-3634,7509,-7015,-26,8,2,resting,0.00,0,0,0,0,0
1779933141995,-3636,7545,-6960,-28,8,4,resting,0.00,0,0,0,0,0
1779933141996,-3676,7584,-6985,-31,10,6,resting,0.00,0,0,0,0,0
1779933142031,-3696,7622,-7000,-30,9,7,resting,0.00,0,0,0,0,0
1779933142032,-3725,7643,-7024,-25,9,4,resting,0.00,0,0,0,0,0
1779933142033,-3713,7660,-6977,-18,10,2,resting,0.00,0,0,0,0,0
1779933142054,-3661,7624,-6995,-15,11,0,resting,0.00,0,0,0,0,0
1779933142054,-3655,7576,-6996,-17,10,0,resting,0.00,0,0,0,0,0
1779933142057,-3672,7586,-6985,-22,8,1,resting,0.00,0,0,0,0,0
1779933142085,-3661,7601,-6984,-22,9,0,resting,0.00,0,0,0,0,0
1779933142086,-3684,7600,-7004,-20,10,-1,resting,0.00,0,0,0,0,0
1779933142087,-3718,7588,-6994,-15,10,-1,resting,0.00,0,0,0,0,0
1779933142119,-3713,7566,-6976,-12,10,0,resting,0.00,0,0,0,0,0
1779933142120,-3665,7593,-6979,-12,11,2,resting,0.00,0,0,0,0,0
1779933142121,-3658,7597,-6998,-13,11,3,resting,0.00,0,0,0,0,0
1779933142145,-3694,7570,-6984,-14,10,3,resting,0.00,0,0,0,0,0
1779933142146,-3680,7612,-6980,-14,11,2,resting,0.00,0,0,0,0,0
1779933142147,-3659,7626,-6973,-13,11,2,resting,0.00,0,0,0,0,0
1779933142175,-3688,7590,-6942,-12,11,3,resting,0.00,0,0,0,0,0
1779933142208,-3603,7598,-6988,-14,12,3,resting,0.00,0,0,0,0,0
1779933142208,-3654,7577,-7023,-13,10,4,resting,0.00,0,0,0,0,0
1779933142209,-3650,7578,-7013,-14,10,5,resting,0.00,0,0,0,0,0
1779933142210,-3676,7649,-7046,-15,10,5,resting,0.00,0,0,0,0,0
1779933142210,-3656,7686,-7045,-9,11,4,resting,0.00,0,0,0,0,0
1779933142237,-3618,7659,-6957,0,10,0,resting,0.00,0,0,0,0,0
1779933142242,-3663,7577,-6955,-2,10,0,resting,0.00,0,0,0,0,0
1779933142242,-3651,7577,-6993,-6,11,2,resting,0.00,0,0,0,0,0
1779933142266,-3630,7570,-6953,-7,10,3,resting,0.00,0,0,0,0,0
1779933142267,-3633,7582,-6988,-9,10,3,resting,0.00,0,0,0,0,0
1779933142267,-3700,7636,-7017,-10,9,1,resting,0.00,0,0,0,0,0
1779933142299,-3688,7631,-6995,-9,9,0,resting,0.00,0,0,0,0,0
1779933142300,-3688,7622,-6973,-7,10,0,resting,0.00,0,0,0,0,0
1779933142301,-3697,7608,-6984,-8,10,1,resting,0.00,0,0,0,0,0
1779933142326,-3677,7619,-6954,-8,10,1,resting,0.00,0,0,0,0,0
1779933142326,-3693,7619,-6974,-8,9,4,resting,0.00,0,0,0,0,0
1779933142327,-3664,7643,-6959,-7,10,5,resting,0.00,0,0,0,0,0
1779933142358,-3681,7669,-6995,-9,10,3,resting,0.00,0,0,0,0,0
1779933142359,-3616,7607,-6996,-7,11,3,resting,0.00,0,0,0,0,0
1779933142359,-3671,7633,-6941,-5,12,2,resting,0.00,0,0,0,0,0
1779933142391,-3648,7619,-6920,-4,12,1,resting,0.00,0,0,0,0,0
1779933142392,-3644,7591,-6949,-6,13,2,resting,0.00,0,0,0,0,0
1779933142392,-3664,7615,-6996,-8,13,4,resting,0.00,0,0,0,0,0
1779933142416,-3631,7617,-6972,-8,12,3,resting,0.00,0,0,0,0,0
1779933142417,-3692,7660,-6983,-9,13,4,resting,0.00,0,0,0,0,0
1779933142417,-3655,7634,-7009,-9,12,3,resting,0.00,0,0,0,0,0
1779933142445,-3633,7610,-6962,-8,11,3,resting,0.00,0,0,0,0,0
1779933142446,-3639,7621,-6975,-7,12,1,resting,0.00,0,0,0,0,0
1779933142447,-3639,7623,-6981,-7,11,0,resting,0.00,0,0,0,0,0
1779933142476,-3624,7613,-7028,-7,10,2,resting,0.00,0,0,0,0,0
1779933142477,-3695,7618,-6985,-9,8,0,resting,0.00,0,0,0,0,0
1779933142478,-3629,7595,-6970,-7,10,2,resting,0.00,0,0,0,0,0
1779933142507,-3599,7597,-6985,-7,10,4,resting,0.00,0,0,0,0,0
1779933142508,-3620,7680,-6996,-8,8,3,resting,0.00,0,0,0,0,0
1779933142509,-3683,7640,-6953,-2,10,2,resting,0.00,0,0,0,0,0
1779933142536,-3701,7623,-6993,-3,10,-1,resting,0.00,0,0,0,0,0
1779933142537,-3618,7623,-7010,-7,9,-1,resting,0.00,0,0,0,0,0
1779933142541,-3579,7678,-6972,-9,9,1,resting,0.00,0,0,0,0,0
1779933142566,-3686,7661,-6975,-10,8,2,resting,0.00,0,0,0,0,0
1779933142567,-3716,7665,-7022,-10,6,2,resting,0.00,0,0,0,0,0
1779933142567,-3703,7680,-6983,-6,5,0,resting,0.00,0,0,0,0,0
1779933142595,-3641,7639,-6998,1,6,-3,resting,0.00,0,0,0,0,0
1779933142595,-3642,7603,-6963,3,7,-6,resting,0.00,0,0,0,0,0
1779933142596,-3595,7553,-6955,3,10,-4,resting,0.00,0,0,0,0,0
1779933142626,-3589,7551,-6983,-3,7,-2,resting,0.00,0,0,0,0,0
1779933142626,-3689,7608,-6962,-11,5,1,resting,0.00,0,0,0,0,0
1779933142627,-3697,7666,-6959,-14,5,2,resting,0.00,0,0,0,0,0
1779933142657,-3692,7656,-6955,-13,5,0,resting,0.00,0,0,0,0,0
1779933142658,-3686,7647,-6977,-5,5,1,resting,0.00,0,0,0,0,0
1779933142658,-3676,7609,-6966,1,7,2,resting,0.00,0,0,0,0,0
1779933142686,-3730,7602,-6931,1,9,2,resting,0.00,0,0,0,0,0
1779933142686,-3685,7637,-6967,-4,10,1,resting,0.00,0,0,0,0,0
1779933142687,-3635,7653,-6938,-8,11,-1,resting,0.00,0,0,0,0,0
1779933142716,-3603,7677,-6955,-12,10,-4,resting,0.00,0,0,0,0,0
1779933142718,-3583,7689,-6990,-14,8,-4,resting,0.00,0,0,0,0,0
1779933142718,-3578,7679,-6974,-14,7,-5,resting,0.00,0,0,0,0,0
1779933142746,-3641,7639,-6955,-12,6,-7,resting,0.00,0,0,0,0,0
1779933142747,-3683,7594,-6945,-9,6,-7,resting,0.00,0,0,0,0,0
1779933142748,-3690,7606,-6924,-3,6,-6,resting,0.00,0,0,0,0,0
1779933142777,-3740,7589,-6988,0,5,-5,resting,0.00,0,0,0,0,0
1779933142778,-3745,7560,-6966,3,5,-2,resting,0.00,0,0,0,0,0
1779933142778,-3682,7588,-6970,1,6,1,resting,0.00,0,0,0,0,0
1779933142808,-3664,7622,-6965,-2,5,0,resting,0.00,0,0,0,0,0
1779933142808,-3644,7619,-6972,-4,6,-1,resting,0.00,0,0,0,0,0
1779933142809,-3631,7667,-6985,-6,4,-1,resting,0.00,0,0,0,0,0
1779933142835,-3648,7692,-6966,-10,2,-3,resting,0.00,0,0,0,0,0
1779933142835,-3637,7725,-7008,-9,3,-3,resting,0.00,0,0,0,0,0
1779933142836,-3658,7695,-7001,-5,2,-7,resting,0.00,0,0,0,0,0
1779933142866,-3663,7616,-6947,1,0,-9,resting,0.00,0,0,0,0,0
1779933142869,-3706,7564,-6946,1,1,-9,resting,0.00,0,0,0,0,0
1779933142870,-3730,7566,-6988,-2,-1,-7,resting,0.00,0,0,0,0,0
1779933142899,-3705,7615,-7005,-4,-3,-6,resting,0.00,0,0,0,0,0
1779933142901,-3690,7583,-6957,-2,-2,-5,resting,0.00,0,0,0,0,0
1779933142901,-3649,7625,-7011,-2,-1,-6,resting,0.00,0,0,0,0,0
1779933142925,-3657,7639,-6972,2,-3,-6,resting,0.00,0,0,0,0,0
1779933142926,-3655,7592,-6934,1,-1,-2,resting,0.00,0,0,0,0,0
1779933142927,-3681,7532,-6940,-1,1,-1,resting,0.00,0,0,0,0,0
1779933142957,-3666,7599,-6946,-8,1,-1,resting,0.00,0,0,0,0,0
1779933142958,-3680,7680,-6971,-10,0,0,resting,0.00,0,0,0,0,0
1779933142958,-3726,7673,-6963,-8,0,0,resting,0.00,0,0,0,0,0
1779933142985,-3715,7678,-6935,-4,1,-4,resting,0.00,0,0,0,0,0
1779933142986,-3687,7638,-6939,-5,3,-6,resting,0.00,0,0,0,0,0
1779933142987,-3657,7614,-6938,-9,3,-5,resting,0.00,0,0,0,0,0
1779933143015,-3704,7592,-6998,-9,3,-4,resting,0.00,0,0,0,0,0
1779933143016,-3745,7631,-6960,-9,3,-4,resting,0.00,0,0,0,0,0
1779933143017,-3710,7642,-6962,-10,3,-5,resting,0.00,0,0,0,0,0
1779933143046,-3673,7606,-6951,-10,2,-3,resting,0.00,0,0,0,0,0
1779933143047,-3695,7628,-6993,-9,2,-3,resting,0.00,0,0,0,0,0
1779933143049,-3693,7621,-6969,-10,2,-2,resting,0.00,0,0,0,0,0
1779933143075,-3678,7637,-6971,-9,1,-1,resting,0.00,0,0,0,0,0
1779933143076,-3694,7620,-6932,-6,0,-3,resting,0.00,0,0,0,0,0
1779933143077,-3715,7632,-6998,-7,0,-4,resting,0.00,0,0,0,0,0
1779933143110,-3703,7632,-6962,-7,0,-2,resting,0.00,0,0,0,0,0
1779933143110,-3716,7645,-6946,-7,-1,-1,resting,0.00,0,0,0,0,0
1779933143111,-3674,7640,-6935,-7,-1,0,resting,0.00,0,0,0,0,0
1779933143135,-3725,7622,-6964,-7,-1,0,resting,0.00,0,0,0,0,0
1779933143135,-3730,7621,-6952,-7,0,-2,resting,0.00,0,0,0,0,0
1779933143136,-3719,7640,-6955,-5,-1,-3,resting,0.00,0,0,0,0,0
1779933143165,-3722,7644,-6936,-8,-1,-1,resting,0.00,0,0,0,0,0
1779933143166,-3704,7622,-6950,-8,1,0,resting,0.00,0,0,0,0,0
1779933143166,-3722,7620,-6924,-7,1,0,resting,0.00,0,0,0,0,0
1779933143197,-3735,7634,-6921,-6,2,-1,resting,0.00,0,0,0,0,0
1779933143197,-3725,7624,-6929,-7,3,0,resting,0.00,0,0,0,0,0
1779933143197,-3735,7635,-6940,-6,3,-1,resting,0.00,0,0,0,0,0
1779933143225,-3724,7636,-6987,-7,3,1,resting,0.00,0,0,0,0,0
1779933143226,-3731,7636,-6964,-8,2,3,resting,0.00,0,0,0,0,0
1779933143226,-3728,7668,-6975,-7,3,1,resting,0.00,0,0,0,0,0
1779933143257,-3742,7630,-6937,-6,2,-1,resting,0.00,0,0,0,0,0
1779933143258,-3724,7636,-6981,-7,4,-2,resting,0.00,0,0,0,0,0
1779933143258,-3739,7631,-6982,-7,3,0,resting,0.00,0,0,0,0,0
1779933143285,-3723,7643,-6980,-6,2,1,resting,0.00,0,0,0,0,0
1779933143285,-3732,7623,-6957,-6,3,-1,resting,0.00,0,0,0,0,0
1779933143286,-3756,7632,-6956,-6,2,-1,resting,0.00,0,0,0,0,0
1779933143320,-3733,7636,-6914,-6,1,1,resting,0.00,0,0,0,0,0
1779933143320,-3733,7649,-6973,-6,1,-1,resting,0.00,0,0,0,0,0
1779933143322,-3713,7628,-6953,-6,2,-1,resting,0.00,0,0,0,0,0
1779933143348,-3738,7616,-7162,-6,1,-1,resting,0.00,0,0,0,0,0
1779933143348,-3716,7608,-6977,-5,1,-2,resting,0.00,0,0,0,0,0
1779933143349,-3758,7620,-6958,-6,2,-2,resting,0.00,0,0,0,0,0
1779933143376,-3724,7641,-7166,-6,1,0,resting,0.00,0,0,0,0,0
1779933143377,-3730,7663,-7164,-7,2,-1,resting,0.00,0,0,0,0,0
1779933143377,-3731,7641,-6942,-8,2,-1,resting,0.00,0,0,0,0,0
1779933143407,-3743,7648,-6929,-7,1,-3,resting,0.00,0,0,0,0,0
1779933143408,-3736,7635,-7164,-6,1,-2,resting,0.00,0,0,0,0,0
1779933143408,-3769,7642,-6918,-5,1,-2,resting,0.00,0,0,0,0,0
1779933143436,-3755,7673,-6933,-5,1,-2,resting,0.00,0,0,0,0,0
1779933143466,-3727,7673,-6945,-6,3,-3,resting,0.00,0,0,0,0,0
1779933143468,-3740,7608,-6958,-4,3,-3,resting,0.00,0,0,0,0,0
1779933143468,-3781,7618,-6928,-5,3,-3,resting,0.00,0,0,0,0,0
1779933143469,-3760,7652,-6918,-4,3,-1,resting,0.00,0,0,0,0,0
1779933143470,-3759,7639,-6918,-6,3,-2,resting,0.00,0,0,0,0,0
1779933143498,-3761,7664,-6959,-6,4,-2,resting,0.00,0,0,0,0,0
1779933143499,-3750,7656,-6919,-7,3,-3,resting,0.00,0,0,0,0,0
1779933143499,-3784,7661,-6916,-5,3,-4,resting,0.00,0,0,0,0,0
1779933143527,-3760,7625,-6952,-6,3,-6,resting,0.00,0,0,0,0,0
1779933143528,-3771,7632,-6939,-6,2,-5,resting,0.00,0,0,0,0,0
1779933143529,-3787,7628,-6932,-5,3,-5,resting,0.00,0,0,0,0,0
1779933143556,-3759,7638,-6943,-4,3,-5,resting,0.00,0,0,0,0,0
1779933143557,-3737,7677,-6960,-3,1,-2,resting,0.00,0,0,0,0,0
1779933143557,-3753,7649,-6923,-2,3,-4,resting,0.00,0,0,0,0,0
1779933143585,-3765,7624,-7148,-2,5,-5,resting,0.00,0,0,0,0,0
1779933143586,-3739,7633,-6936,-3,5,-2,resting,0.00,0,0,0,0,0
1779933143590,-3764,7681,-6971,-4,4,-1,resting,0.00,0,0,0,0,0
1779933143617,-3811,7702,-6931,-7,2,-1,resting,0.00,0,0,0,0,0
1779933143617,-3843,7677,-6954,-6,3,-6,resting,0.00,0,0,0,0,0
1779933143618,-3802,7647,-6967,-2,1,-8,resting,0.00,0,0,0,0,0
1779933143647,-3763,7623,-6955,1,1,-8,resting,0.00,0,0,0,0,0
1779933143648,-3773,7618,-7165,2,1,-6,resting,0.00,0,0,0,0,0
1779933143649,-3802,7589,-7143,-1,3,-4,resting,0.00,0,0,0,0,0
1779933143675,-3795,7590,-6945,-9,4,-3,resting,0.00,0,0,0,0,0
1779933143676,-3774,7635,-6942,-11,3,-2,resting,0.00,0,0,0,0,0
1779933143676,-3767,7675,-6959,-12,4,-3,resting,0.00,0,0,0,0,0
1779933143706,-3749,7673,-6929,-12,5,-7,resting,0.00,0,0,0,0,0
1779933143707,-3802,7666,-7151,-13,4,-5,resting,0.00,0,0,0,0,0
1779933143708,-3789,7659,-7135,-10,5,-4,resting,0.00,0,0,0,0,0
1779933143735,-3829,7659,-7160,-5,7,-2,resting,0.00,0,0,0,0,0
1779933143736,-3832,7647,-7122,3,7,-3,resting,0.00,0,0,0,0,0
1779933143737,-3855,7605,-7149,4,10,-3,resting,0.00,0,0,0,0,0
1779933143767,-3796,7613,-6936,2,11,-2,resting,0.00,0,0,0,0,0
1779933143768,-3769,7626,-7131,0,12,-3,resting,0.00,0,0,0,0,0
1779933143769,-3778,7629,-6922,-5,14,-2,resting,0.00,0,0,0,0,0
1779933143798,-3782,7653,-6957,-8,13,-3,resting,0.00,0,0,0,0,0
1779933143798,-3773,7658,-6945,-11,12,-4,resting,0.00,0,0,0,0,0
1779933143799,-3819,7635,-7136,-11,13,-4,resting,0.00,0,0,0,0,0
1779933143825,-3804,7626,-7168,-8,14,-3,resting,0.00,0,0,0,0,0
1779933143827,-3800,7636,-6926,-6,13,-2,resting,0.00,0,0,0,0,0
1779933143827,-3795,7606,-6986,-5,13,-3,resting,0.00,0,0,0,0,0
1779933143857,-3773,7587,-6966,-6,11,-3,resting,0.00,0,0,0,0,0
1779933143858,-3766,7605,-6928,-3,9,-3,resting,0.00,0,0,0,0,0
1779933143859,-3769,7581,-6937,0,10,0,resting,0.00,0,0,0,0,0
1779933143886,-3768,7597,-7148,-2,9,2,resting,0.00,0,0,0,0,0
1779933143890,-3791,7591,-7166,-3,9,5,resting,0.00,0,0,0,0,0
1779933143891,-3842,7634,-7135,-3,10,7,resting,0.00,0,0,0,0,0
1779933143916,-3832,7651,-7127,-3,12,7,resting,0.00,0,0,0,0,0
1779933143917,-3792,7634,-6932,-4,15,5,resting,0.00,0,0,0,0,0
1779933143918,-3797,7680,-6935,-4,18,4,resting,0.00,0,0,0,0,0
1779933143947,-3782,7703,-7143,-5,19,2,resting,0.00,0,0,0,0,0
1779933143948,-3751,7689,-7145,-7,20,1,resting,0.00,0,0,0,0,0
1779933143949,-3742,7646,-7143,-10,21,-1,resting,0.00,0,0,0,0,0
1779933143979,-3770,7629,-7166,-12,22,0,resting,0.00,0,0,0,0,0
1779933143979,-3781,7630,-6957,-10,21,1,resting,0.00,0,0,0,0,0
1779933143982,-3827,7573,-6940,-7,21,2,resting,0.00,0,0,0,0,0
1779933144006,-3816,7586,-6936,-8,20,3,resting,0.00,0,0,0,0,0
1779933144006,-3782,7579,-6991,-7,20,4,resting,0.00,0,0,0,0,0
1779933144007,-3751,7603,-6996,-5,18,4,resting,0.00,0,0,0,0,0
1779933144034,-3735,7625,-6927,-5,15,5,resting,0.00,0,0,0,0,0
1779933144035,-3714,7637,-6938,-6,17,5,resting,0.00,0,0,0,0,0
1779933144036,-3741,7655,-6967,-6,16,6,resting,0.00,0,0,0,0,0
1779933144066,-3747,7646,-6949,-6,14,6,resting,0.00,0,0,0,0,0
1779933144067,-3733,7658,-7147,-7,13,6,resting,0.00,0,0,0,0,0
1779933144068,-3721,7667,-7112,-6,14,6,resting,0.00,0,0,0,0,0
1779933144101,-3761,7663,-7150,-5,16,4,resting,0.00,0,0,0,0,0
1779933144101,-3763,7638,-7160,-5,15,4,resting,0.00,0,0,0,0,0
1779933144102,-3751,7654,-7166,-6,15,5,resting,0.00,0,0,0,0,0
1779933144125,-3769,7640,-6930,-6,17,6,resting,0.00,0,0,0,0,0
1779933144126,-3738,7664,-6938,-7,18,5,resting,0.00,0,0,0,0,0
1779933144127,-3733,7694,-6944,-8,18,4,resting,0.00,0,0,0,0,0
1779933144157,-3791,7667,-6937,-8,19,3,resting,0.00,0,0,0,0,0
1779933144158,-3788,7642,-6913,-7,20,3,resting,0.00,0,0,0,0,0
1779933144159,-3749,7664,-7161,-6,19,3,resting,0.00,0,0,0,0,0
1779933144189,-3752,7659,-6936,-6,18,2,resting,0.00,0,0,0,0,0
1779933144190,-3746,7641,-6926,-7,19,4,resting,0.00,0,0,0,0,0
1779933144191,-3772,7637,-6916,-6,18,4,resting,0.00,0,0,0,0,0
1779933144217,-3721,7671,-6955,-8,19,2,resting,0.00,0,0,0,0,0
1779933144218,-3765,7665,-6913,-9,16,3,resting,0.00,0,0,0,0,0
1779933144218,-3750,7678,-6917,-8,18,4,resting,0.00,0,0,0,0,0
1779933144247,-3742,7682,-6928,-6,17,2,resting,0.00,0,0,0,0,0
1779933144248,-3736,7684,-6963,-5,17,-1,resting,0.00,0,0,0,0,0
1779933144248,-3753,7670,-6952,-5,17,-1,resting,0.00,0,0,0,0,0
1779933144274,-3764,7647,-7156,-4,18,-1,resting,0.00,0,0,0,0,0
1779933144274,-3718,7644,-6964,-5,20,0,resting,0.00,0,0,0,0,0
1779933144275,-1,-1,-1,-4,-1,-1,resting,0.00,0,0,0,0,0
1779933144307,-1,-1,-1,-4,-1,-1,resting,0.00,0,0,0,0,0
1779933144307,-1,-1,-1,-4,-1,-1,resting,0.00,0,0,0,0,0
1779933144308,-1,-1,-1,-4,-1,-1,resting,0.00,0,0,0,0,0
1779933144339,-1,-1,-1,-4,-1,-1,resting,0.00,0,0,0,0,0
1779933144339,-1,-1,-1,-4,-1,-1,resting,0.00,0,0,0,0,0
1779933144340,-1,-1,-1,-4,-1,-1,resting,0.00,0,0,0,0,0
1779933144367,-1,-1,-1,-3,-1,-1,resting,0.00,0,0,0,0,0
1779933144368,-1,-1,-1,-3,-1,-1,resting,0.00,0,0,0,0,0
1779933144369,-1,-1,-1,-2,-1,-1,resting,0.00,0,0,0,0,0
1779933144397,-1,-1,-1,-3,-1,-1,resting,0.00,0,0,0,0,0
1779933144398,-1,-1,-1,-4,-1,-1,resting,0.00,0,0,0,0,0
1779933144399,-1,-1,-1,-5,-1,-1,resting,0.00,0,0,0,0,0
1779933144425,-1,-1,-1,-5,-1,-1,resting,0.00,0,0,0,0,0
1779933144425,-1,-1,-1,-3,-1,-1,resting,0.00,0,0,0,0,0
1779933144426,-1,-1,-1,-1,-1,-1,resting,0.00,0,0,0,0,0
1779933144455,-1,-1,-1,-255,-1,-1,resting,0.00,0,0,0,0,0
1779933144456,-1,-1,-1,-256,-1,-1,resting,0.00,0,0,0,0,0
1779933144457,-1,-1,-1,-1,-1,-1,resting,0.00,0,0,0,0,0
1779933144488,-1,-1,-1,-2,-1,-1,resting,0.00,0,0,0,0,0
1779933144489,-1,-1,-1,-5,-1,-1,resting,0.00,0,0,0,0,0
1779933144490,-1,-1,-1,-7,-1,-1,resting,0.00,0,0,0,0,0
1779933144515,-3671,7733,-6956,-12,14,3,resting,0.00,0,0,0,0,0
1779933144547,-3618,7722,-7155,-10,12,0,resting,0.00,0,0,0,0,0
1779933144547,-3674,7680,-7164,-9,12,1,resting,0.00,0,0,0,0,0
1779933144548,-3706,7662,-6942,-4,14,0,resting,0.00,0,0,0,0,0
1779933144549,-3720,7630,-6923,0,15,-1,resting,0.00,0,0,0,0,0
1779933144549,-3703,7620,-6913,-1,14,0,resting,0.00,0,0,0,0,0
1779933144575,-3720,7619,-6924,0,15,0,resting,0.00,0,0,0,0,0
1779933144575,-3709,7596,-6938,-2,15,2,resting,0.00,0,0,0,0,0
1779933144576,-3676,7625,-6947,-5,15,4,resting,0.00,0,0,0,0,0
1779933144606,-3713,7676,-6915,-7,15,5,resting,0.00,0,0,0,0,0
1779933144607,-3724,7689,-7164,-8,15,5,resting,0.00,0,0,0,0,0
1779933144607,-3663,7707,-6946,-8,15,3,resting,0.00,0,0,0,0,0
1779933144636,-3670,7696,-7165,-7,15,0,resting,0.00,0,0,0,0,0
1779933144638,-3665,7672,-7162,-6,15,-1,resting,0.00,0,0,0,0,0
1779933144639,-3681,7690,-6918,-8,14,-1,resting,0.00,0,0,0,0,0
1779933144664,-3676,7701,-6966,-7,15,-1,resting,0.00,0,0,0,0,0
1779933144665,-3640,7669,-6951,-7,13,-1,resting,0.00,0,0,0,0,0
1779933144666,-3672,7685,-6962,-5,12,-2,resting,0.00,0,0,0,0,0
1779933144696,-3687,7638,-6986,-3,12,-1,resting,0.00,0,0,0,0,0
1779933144697,-3639,7647,-6962,-2,11,-1,resting,0.00,0,0,0,0,0
1779933144698,-3653,7628,-6961,-3,10,1,resting,0.00,0,0,0,0,0
1779933144726,-3675,7638,-6935,-3,9,2,resting,0.00,0,0,0,0,0
1779933144726,-3717,7664,-6933,-3,8,4,resting,0.00,0,0,0,0,0
1779933144727,-3708,7687,-6939,-4,11,3,resting,0.00,0,0,0,0,0
1779933144759,-3674,7697,-7164,-3,13,3,resting,0.00,0,0,0,0,0
1779933144760,-3678,7666,-7145,-4,13,2,resting,0.00,0,0,0,0,0
1779933144760,-3679,7694,-7130,-5,13,1,resting,0.00,0,0,0,0,0
1779933144788,-3705,7739,-6922,-9,13,1,resting,0.00,0,0,0,0,0
1779933144789,-3698,7732,-6965,-8,14,-2,resting,0.00,0,0,0,0,0
1779933144789,-3690,7707,-6913,-3,14,-3,resting,0.00,0,0,0,0,0
1779933144825,-3677,7629,-6936,-1,13,-3,resting,0.00,0,0,0,0,0
1779933144826,-3664,7601,-6916,0,14,-3,resting,0.00,0,0,0,0,0
1779933144826,-3688,7608,-6975,-10,14,1,resting,0.00,0,0,0,0,0
1779933144846,-3700,7667,-6958,-9,14,4,resting,0.00,0,0,0,0,0
1779933144847,-3691,7667,-6963,-9,13,2,resting,0.00,0,0,0,0,0
1779933144848,-3672,7662,-6939,-9,13,1,resting,0.00,0,0,0,0,0
1779933144875,-3675,7662,-6956,-6,13,2,resting,0.00,0,0,0,0,0
1779933144875,-3661,7676,-6948,-4,13,2,resting,0.00,0,0,0,0,0
1779933144876,-3655,7695,-6933,-4,11,2,resting,0.00,0,0,0,0,0
1779933144906,-3652,7655,-6951,-3,9,1,resting,0.00,0,0,0,0,0
1779933144906,-3670,7620,-7161,-2,10,-1,resting,0.00,0,0,0,0,0
1779933144908,-3669,7649,-6940,-4,10,0,resting,0.00,0,0,0,0,0
1779933144938,-3637,7682,-7161,-6,11,3,resting,0.00,0,0,0,0,0
1779933144939,-3658,7704,-6929,-7,10,4,resting,0.00,0,0,0,0,0
1779933144939,-3683,7691,-6964,-8,8,1,resting,0.00,0,0,0,0,0
1779933144965,-3671,7665,-6926,-5,11,2,resting,0.00,0,0,0,0,0
1779933144965,-3645,7712,-6936,-2,11,2,resting,0.00,0,0,0,0,0
1779933144966,-3691,7696,-7156,-4,10,1,resting,0.00,0,0,0,0,0
1779933144995,-3696,7687,-6953,-6,11,2,resting,0.00,0,0,0,0,0
1779933144996,-3682,7648,-6981,-7,11,0,resting,0.00,0,0,0,0,0
1779933144996,-3677,7656,-6957,-6,11,3,resting,0.00,0,0,0,0,0
1779933145025,-3655,7644,-7165,-7,11,2,resting,0.00,0,0,0,0,0
1779933145025,-3681,7687,-6928,-9,13,4,resting,0.00,0,0,0,0,0
1779933145026,-3691,7670,-6939,-7,14,3,resting,0.00,0,0,0,0,0
1779933145055,-3676,7682,-6967,-10,14,1,resting,0.00,0,0,0,0,0
1779933145056,-3673,7680,-6938,-8,12,2,resting,0.00,0,0,0,0,0
1779933145058,-3652,7662,-6926,-5,13,3,resting,0.00,0,0,0,0,0
1779933145091,-3665,7695,-7164,-4,12,2,resting,0.00,0,0,0,0,0
1779933145092,-3666,7654,-6927,-6,11,1,resting,0.00,0,0,0,0,0
1779933145092,-3609,7651,-6932,-8,12,0,resting,0.00,0,0,0,0,0
1779933145116,-3627,7680,-6933,-9,10,1,resting,0.00,0,0,0,0,0
1779933145121,-3659,7671,-6969,-7,11,1,resting,0.00,0,0,0,0,0
1779933145122,-3660,7695,-6955,-7,10,1,resting,0.00,0,0,0,0,0
1779933145147,-3677,7720,-6928,-6,11,2,resting,0.00,0,0,0,0,0
1779933145150,-3661,7695,-7165,-7,10,1,resting,0.00,0,0,0,0,0
1779933145151,-3667,7679,-6932,-6,12,1,resting,0.00,0,0,0,0,0
1779933145175,-3660,7658,-6921,-5,11,2,resting,0.00,0,0,0,0,0
1779933145176,-3629,7680,-6951,-8,11,1,resting,0.00,0,0,0,0,0
1779933145176,-3599,7691,-6946,-7,11,0,resting,0.00,0,0,0,0,0
1779933145205,-3636,7709,-6955,-8,10,1,resting,0.00,0,0,0,0,0
1779933145207,-3686,7702,-6967,-7,9,1,resting,0.00,0,0,0,0,0
1779933145207,-3697,7679,-6938,-6,10,0,resting,0.00,0,0,0,0,0
1779933145237,-3635,7713,-6918,-3,9,-1,resting,0.00,0,0,0,0,0
1779933145238,-3654,7698,-6997,-3,8,-2,resting,0.00,0,0,0,0,0
1779933145239,-3678,7689,-6974,-3,7,-2,resting,0.00,0,0,0,0,0
1779933145265,-3614,7678,-7159,-1,8,-2,resting,0.00,0,0,0,0,0
1779933145266,-3591,7645,-6940,-2,9,-1,resting,0.00,0,0,0,0,0
1779933145267,-3633,7637,-6960,-6,9,2,resting,0.00,0,0,0,0,0
1779933145295,-3689,7665,-6954,-10,7,1,resting,0.00,0,0,0,0,0
1779933145296,-3707,7673,-6953,-9,6,-1,resting,0.00,0,0,0,0,0
1779933145296,-3677,7666,-6933,-5,6,0,resting,0.00,0,0,0,0,0
1779933145325,-3660,7684,-6985,-1,6,-1,resting,0.00,0,0,0,0,0
1779933145329,-3681,7664,-6947,2,8,0,resting,0.00,0,0,0,0,0
1779933145330,-3715,7641,-6920,0,12,2,resting,0.00,0,0,0,0,0
1779933145357,-3688,7691,-7153,-4,14,2,resting,0.00,0,0,0,0,0
1779933145357,-3666,7701,-7167,-8,14,1,resting,0.00,0,0,0,0,0
1779933145358,-3619,7734,-6976,-13,12,-1,resting,0.00,0,0,0,0,0
1779933145387,-3603,7759,-7002,-15,12,-4,resting,0.00,0,0,0,0,0
1779933145388,-3593,7740,-6931,-11,12,-4,resting,0.00,0,0,0,0,0
1779933145389,-3631,7711,-6922,-8,11,-5,resting,0.00,0,0,0,0,0
1779933145415,-3680,7639,-7153,-8,10,-4,resting,0.00,0,0,0,0,0
1779933145415,-3688,7640,-6929,-2,12,-2,resting,0.00,0,0,0,0,0
1779933145416,-3725,7605,-6929,0,12,-2,resting,0.00,0,0,0,0,0
1779933145447,-3712,7606,-6962,2,14,0,resting,0.00,0,0,0,0,0
1779933145448,-3658,7620,-6959,0,13,1,resting,0.00,0,0,0,0,0
1779933145449,-3651,7659,-6963,-6,14,3,resting,0.00,0,0,0,0,0
1779933145474,-3643,7715,-6923,-7,13,4,resting,0.00,0,0,0,0,0
1779933145476,-3606,7772,-6947,-6,12,3,resting,0.00,0,0,0,0,0
1779933145477,-3608,7768,-6949,-7,12,1,resting,0.00,0,0,0,0,0
1779933145506,-3654,7689,-6961,-4,12,-3,resting,0.00,0,0,0,0,0
1779933145506,-3668,7703,-6958,-5,12,-5,resting,0.00,0,0,0,0,0
1779933145507,-1,-1,-1,-2,-1,-1,resting,0.00,0,0,0,0,0
1779933145537,-3674,7596,-6946,-4,11,-4,resting,0.00,0,0,0,0,0
1779933145538,-3665,7662,-6947,-5,10,-2,resting,0.00,0,0,0,0,0
1779933145539,-3674,7696,-6978,-8,9,0,resting,0.00,0,0,0,0,0
1779933145566,-3641,7683,-6979,-4,9,0,resting,0.00,0,0,0,0,0
1779933145567,-3594,7670,-6944,-1,10,-2,resting,0.00,0,0,0,0,0
1779933145567,-3617,7662,-6932,-2,9,0,resting,0.00,0,0,0,0,0
1779933145596,-3668,7636,-6925,-3,9,2,resting,0.00,0,0,0,0,0
1779933145597,-3683,7682,-7161,-4,10,5,resting,0.00,0,0,0,0,0
1779933145597,-3677,7700,-6915,-7,12,3,resting,0.00,0,0,0,0,0
1779933145629,-3669,7672,-7168,-8,13,4,resting,0.00,0,0,0,0,0
1779933145629,-3680,7697,-6913,-8,15,3,resting,0.00,0,0,0,0,0
1779933145630,-3628,7744,-7132,-9,15,3,resting,0.00,0,0,0,0,0
1779933145655,-3650,7703,-6918,-9,15,2,resting,0.00,0,0,0,0,0
1779933145656,-3609,7686,-6948,-10,13,0,resting,0.00,0,0,0,0,0
1779933145657,-3616,7715,-6961,-9,12,-1,resting,0.00,0,0,0,0,0
1779933145687,-3655,7673,-6980,-6,12,-1,resting,0.00,0,0,0,0,0
1779933145687,-3669,7637,-6969,-5,11,-2,resting,0.00,0,0,0,0,0
1779933145688,-3646,7648,-6927,-4,9,0,resting,0.00,0,0,0,0,0
1779933145715,-3667,7675,-7155,-5,9,1,resting,0.00,0,0,0,0,0
1779933145717,-3666,7667,-6954,-5,10,2,resting,0.00,0,0,0,0,0
1779933145721,-3627,7676,-6950,-5,9,2,resting,0.00,0,0,0,0,0
1779933145749,-3631,7676,-6917,-4,7,3,resting,0.00,0,0,0,0,0
1779933145750,-3618,7688,-6961,-4,8,2,resting,0.00,0,0,0,0,0
1779933145750,-3648,7709,-6958,-6,8,2,resting,0.00,0,0,0,0,0
1779933145778,-3639,7720,-6935,-7,8,2,resting,0.00,0,0,0,0,0
1779933145779,-3661,7715,-7150,-8,9,2,resting,0.00,0,0,0,0,0
1779933145780,-3663,7689,-7148,-7,10,0,resting,0.00,0,0,0,0,0
1779933145807,-3687,7704,-6940,-6,9,0,resting,0.00,0,0,0,0,0
1779933145807,-3666,7686,-7163,-6,9,1,resting,0.00,0,0,0,0,0
1779933145808,-3638,7666,-6960,-5,9,0,resting,0.00,0,0,0,0,0
1779933145837,-3628,7686,-6982,-6,8,1,resting,0.00,0,0,0,0,0
1779933145838,-3666,7705,-6927,-6,10,1,resting,0.00,0,0,0,0,0
1779933145838,-3646,7700,-7160,-4,9,1,resting,0.00,0,0,0,0,0
1779933145865,-3631,7686,-7168,-5,10,0,resting,0.00,0,0,0,0,0
1779933145866,-3658,7648,-7166,-4,11,0,resting,0.00,0,0,0,0,0
1779933145867,-3653,7672,-6940,-4,12,1,resting,0.00,0,0,0,0,0
1779933145895,-3672,7682,-7152,-6,10,0,resting,0.00,0,0,0,0,0
1779933145896,-3690,7660,-7146,-6,10,1,resting,0.00,0,0,0,0,0
1779933145897,-3657,7706,-6946,-5,9,0,resting,0.00,0,0,0,0,0
1779933145928,-3646,7705,-6963,-2,9,-1,resting,0.00,0,0,0,0,0
1779933145930,-3646,7679,-6954,-4,9,0,resting,0.00,0,0,0,0,0
1779933145931,-3606,7690,-6960,-6,9,-1,resting,0.00,0,0,0,0,0
1779933145955,-3614,7656,-6941,-5,10,-3,resting,0.00,0,0,0,0,0
1779933145955,-3636,7659,-6926,-3,8,-4,resting,0.00,0,0,0,0,0
1779933145956,-3682,7690,-6924,-5,8,-2,resting,0.00,0,0,0,0,0
1779933145987,-3664,7713,-7164,-5,8,-2,resting,0.00,0,0,0,0,0
1779933145988,-3634,7709,-7152,-4,8,-3,resting,0.00,0,0,0,0,0
1779933145988,-3602,7672,-6927,-3,9,-3,resting,0.00,0,0,0,0,0
1779933146015,-3624,7701,-6966,-4,7,-3,resting,0.00,0,0,0,0,0
1779933146046,-3663,7703,-6963,-2,8,-3,resting,0.00,0,0,0,0,0
1779933146046,-3648,7679,-6965,-5,7,-3,resting,0.00,0,0,0,0,0
1779933146047,-3660,7688,-6928,-5,6,-3,resting,0.00,0,0,0,0,0
1779933146048,-3629,7681,-6916,-4,5,-3,resting,0.00,0,0,0,0,0
1779933146049,-3619,7679,-6921,-3,6,-4,resting,0.00,0,0,0,0,0
1779933146081,-3631,7671,-6932,-2,6,-4,resting,0.00,0,0,0,0,0
1779933146082,-3636,7667,-7165,-3,7,-3,resting,0.00,0,0,0,0,0
1779933146083,-3689,7690,-6955,-5,6,-2,resting,0.00,0,0,0,0,0
1779933146107,-3646,7672,-6958,-6,6,-3,resting,0.00,0,0,0,0,0
1779933146112,-3617,7697,-6913,-5,5,-3,resting,0.00,0,0,0,0,0
1779933146113,-3637,7709,-6972,-5,4,-1,resting,0.00,0,0,0,0,0
1779933146137,-3649,7732,-6978,-3,2,-3,resting,0.00,0,0,0,0,0
1779933146137,-3667,7707,-6967,-3,1,-4,resting,0.00,0,0,0,0,0
1779933146138,-3679,7689,-7153,-2,0,-7,resting,0.00,0,0,0,0,0
1779933146166,-3673,7690,-6932,1,-1,-7,resting,0.00,0,0,0,0,0
1779933146166,-3646,7693,-6944,0,-1,-9,resting,0.00,0,0,0,0,0
1779933146167,-3665,7642,-6939,2,-2,-10,resting,0.00,0,0,0,0,0
1779933146198,-3644,7661,-6949,3,-1,-8,resting,0.00,0,0,0,0,0
1779933146199,-3653,7631,-6933,1,-2,-5,resting,0.00,0,0,0,0,0
1779933146199,-3653,7662,-6968,-3,-4,-1,resting,0.00,0,0,0,0,0
1779933146227,-3719,7705,-6934,-6,-6,-3,resting,0.00,0,0,0,0,0
1779933146228,-3715,7729,-6951,-3,-4,-4,resting,0.00,0,0,0,0,0
1779933146228,-3695,7722,-6968,-1,-2,-4,resting,0.00,0,0,0,0,0
1779933146257,-3692,7682,-7153,4,-2,-5,resting,0.00,0,0,0,0,0
1779933146257,-3715,7670,-7139,3,-1,-3,resting,0.00,0,0,0,0,0
1779933146262,-3738,7641,-6915,-1,0,-2,resting,0.00,0,0,0,0,0
1779933146286,-3698,7684,-6921,-5,2,-4,resting,0.00,0,0,0,0,0
1779933146287,-3640,7706,-6939,-7,4,-4,resting,0.00,0,0,0,0,0
1779933146288,-3609,7718,-7157,-8,3,-7,resting,0.00,0,0,0,0,0
1779933146315,-1,-1,-1,-33,-1,-1,resting,0.00,0,0,0,0,0
1779933146315,-3732,7660,-7149,-7,1,-8,resting,0.00,0,0,0,0,0
1779933146347,-1,-1,-1,-32,-1,-1,resting,0.00,0,0,0,0,0
1779933146378,-2048,8,-16384,8131,208,0,resting,0.00,0,0,0,0,0
1779933146379,-1,-1,-1,-256,-1,-1,resting,0.00,0,0,0,0,0
1779933146379,-3688,7660,-6923,-3,5,-2,resting,0.00,0,0,0,0,0
1779933146414,-1,-1,-1,-29,-1,-1,resting,0.00,0,0,0,0,0
1779933146415,-1,-1,-1,-2,-1,-1,resting,0.00,0,0,0,0,0
1779933146436,-3693,7642,-6952,-6,4,-6,resting,0.00,0,0,0,0,0
1779933146437,-3686,7652,-6916,-5,4,-6,resting,0.00,0,0,0,0,0
1779933146465,-1,-1,-1,-26,-1,-1,resting,0.00,0,0,0,0,0
1779933146466,-3711,7688,-6933,-5,1,-6,resting,0.00,0,0,0,0,0
1779933146466,-3703,7693,-6958,-2,0,-7,resting,0.00,0,0,0,0,0
1779933146495,-1,-1,-1,-24,-1,-1,resting,0.00,0,0,0,0,0
1779933146495,-3684,7615,-6919,-2,-3,-2,resting,0.00,0,0,0,0,0
1779933146527,-3669,7662,-7155,-3,-1,0,resting,0.00,0,0,0,0,0
1779933146528,-3736,7693,-7148,-5,0,-1,resting,0.00,0,0,0,0,0
1779933146529,-3777,7668,-6916,-2,1,0,resting,0.00,0,0,0,0,0
1779933146556,-3723,7712,-7163,-3,3,-1,resting,0.00,0,0,0,0,0
1779933146556,-3731,7700,-6922,-3,3,-2,resting,0.00,0,0,0,0,0
1779933146557,-3728,7678,-7133,-4,3,-2,resting,0.00,0,0,0,0,0
1779933146586,-3728,7691,-7161,-3,4,-1,resting,0.00,0,0,0,0,0
1779933146587,-3728,7675,-7148,-5,4,-3,resting,0.00,0,0,0,0,0
1779933146588,-3740,7619,-6930,-6,5,-2,resting,0.00,0,0,0,0,0
1779933146615,-3743,7655,-6945,-6,6,0,resting,0.00,0,0,0,0,0
1779933146619,-3726,7663,-6936,-7,5,0,resting,0.00,0,0,0,0,0
1779933146619,-3752,7626,-7155,-8,6,-1,resting,0.00,0,0,0,0,0
1779933146647,-3707,7644,-7165,-7,4,2,resting,0.00,0,0,0,0,0
1779933146648,-3750,7649,-6928,-8,3,2,resting,0.00,0,0,0,0,0
1779933146653,-3706,7670,-6967,-9,2,2,resting,0.00,0,0,0,0,0
1779933146677,-3719,7695,-6925,-5,2,2,resting,0.00,0,0,0,0,0
1779933146678,-3712,7702,-7160,-4,2,1,resting,0.00,0,0,0,0,0
1779933146678,-3716,7662,-6951,-1,1,0,resting,0.00,0,0,0,0,0
1779933146706,-3721,7684,-6913,-1,1,-2,resting,0.00,0,0,0,0,0
1779933146707,-3736,7657,-6918,-3,0,0,resting,0.00,0,0,0,0,0
1779933146708,-3776,7660,-6933,-6,0,0,resting,0.00,0,0,0,0,0
1779933146739,-3799,7709,-7149,-8,1,1,resting,0.00,0,0,0,0,0
1779933146740,-3746,7732,-7162,-6,0,1,resting,0.00,0,0,0,0,0
1779933146741,-3788,7712,-6917,-3,1,0,resting,0.00,0,0,0,0,0
1779933146769,-3759,7669,-7150,-3,2,-2,resting,0.00,0,0,0,0,0
1779933146770,-3736,7692,-6937,-3,2,-2,resting,0.00,0,0,0,0,0
1779933146770,-3730,7682,-7155,-2,4,-1,resting,0.00,0,0,0,0,0
1779933146798,-3755,7702,-6918,-3,2,0,resting,0.00,0,0,0,0,0
1779933146799,-3756,7674,-7166,-5,2,-2,resting,0.00,0,0,0,0,0
1779933146805,-3713,7665,-6952,-3,4,-2,resting,0.00,0,0,0,0,0
1779933146827,-3753,7686,-7158,-3,4,-1,resting,0.00,0,0,0,0,0
1779933146828,-3757,7679,-6918,-5,4,-3,resting,0.00,0,0,0,0,0
1779933146828,-3758,7696,-7158,-5,5,-5,resting,0.00,0,0,0,0,0
1779933146856,-3778,7657,-7148,-4,4,-3,resting,0.00,0,0,0,0,0
1779933146856,-3803,7637,-7168,-6,6,-2,resting,0.00,0,0,0,0,0
1779933146857,-3791,7668,-6913,-5,5,-3,resting,0.00,0,0,0,0,0
1779933146885,-3783,7635,-6932,-5,5,-3,resting,0.00,0,0,0,0,0
1779933146886,-3753,7663,-6941,-6,5,-3,resting,0.00,0,0,0,0,0
1779933146887,-3713,7694,-6989,-7,6,-5,resting,0.00,0,0,0,0,0
1779933146915,-3729,7684,-6933,-4,5,-5,resting,0.00,0,0,0,0,0
1779933146916,-3745,7659,-7161,-3,4,-4,resting,0.00,0,0,0,0,0
1779933146916,-3744,7671,-6920,-6,7,-4,resting,0.00,0,0,0,0,0
1779933146945,-3748,7645,-6915,-8,7,-6,resting,0.00,0,0,0,0,0
1779933146946,-3776,7640,-7139,-6,6,-7,resting,0.00,0,0,0,0,0
1779933146947,-3769,7666,-6916,-8,5,-5,resting,0.00,0,0,0,0,0
1779933146977,-3738,7704,-7139,-9,5,-5,resting,0.00,0,0,0,0,0
1779933146978,-3753,7684,-6924,-7,5,-7,resting,0.00,0,0,0,0,0
1779933146979,-3782,7680,-7164,-7,4,-5,resting,0.00,0,0,0,0,0
1779933147006,-3761,7646,-7133,-4,4,-4,resting,0.00,0,0,0,0,0
1779933147006,-3771,7663,-7130,-1,4,-4,resting,0.00,0,0,0,0,0
1779933147007,-3751,7654,-7142,-2,5,-3,resting,0.00,0,0,0,0,0
1779933147035,-3771,7644,-7165,-4,7,-2,resting,0.00,0,0,0,0,0
1779933147036,-3781,7658,-6914,-4,5,-1,resting,0.00,0,0,0,0,0
1779933147037,-3791,7676,-7143,-4,6,-2,resting,0.00,0,0,0,0,0
1779933147072,-3746,7671,-7087,0,8,0,resting,0.00,0,0,0,0,0
1779933147072,-3766,7669,-7164,-5,10,2,resting,0.00,0,0,0,0,0
1779933147073,-3833,7729,-6957,-7,7,1,resting,0.00,0,0,0,0,0
1779933147097,-3787,7685,-6942,-6,8,-4,resting,0.00,0,0,0,0,0
1779933147097,-3744,7684,-6953,-3,7,-4,resting,0.00,0,0,0,0,0
1779933147097,-3777,7658,-6934,0,8,-1,resting,0.00,0,0,0,0,0
1779933147127,-3787,7596,-6917,0,9,1,resting,0.00,0,0,0,0,0
1779933147128,-3837,7614,-7142,-5,11,2,resting,0.00,0,0,0,0,0
1779933147128,-3785,7658,-7133,-7,12,3,resting,0.00,0,0,0,0,0
1779933147155,-3723,7677,-7153,-8,14,3,resting,0.00,0,0,0,0,0
1779933147156,-3738,7710,-7127,-8,16,0,resting,0.00,0,0,0,0,0
1779933147157,-3699,7712,-7161,-7,15,-1,resting,0.00,0,0,0,0,0
1779933147185,-3713,7697,-7116,-6,16,1,resting,0.00,0,0,0,0,0
1779933147186,-3782,7664,-7131,-5,16,0,resting,0.00,0,0,0,0,0
1779933147187,-3815,7626,-7092,-5,17,0,resting,0.00,0,0,0,0,0
1779933147215,-3773,7622,-7123,-3,19,3,resting,0.00,0,0,0,0,0
1779933147219,-3800,7637,-7099,0,22,4,resting,0.00,0,0,0,0,0
1779933147220,-3801,7643,-7165,-2,23,5,resting,0.00,0,0,0,0,0
1779933147245,-3765,7661,-7154,-2,23,7,resting,0.00,0,0,0,0,0
1779933147245,-3767,7702,-6942,-5,24,7,resting,0.00,0,0,0,0,0
1779933147246,-3754,7693,-6913,-9,23,6,resting,0.00,0,0,0,0,0
1779933147276,-3769,7679,-6920,-10,24,3,resting,0.00,0,0,0,0,0
1779933147277,-3758,7701,-7147,-11,22,3,resting,0.00,0,0,0,0,0
1779933147278,-3725,7699,-6940,-9,20,3,resting,0.00,0,0,0,0,0
1779933147306,-3750,7701,-6918,-8,20,1,resting,0.00,0,0,0,0,0
1779933147306,-3718,7689,-6948,-7,20,1,resting,0.00,0,0,0,0,0
1779933147307,-3716,7642,-6981,-6,18,0,resting,0.00,0,0,0,0,0
1779933147338,-3701,7664,-6941,-2,16,0,resting,0.00,0,0,0,0,0
1779933147339,-3675,7658,-6969,-2,15,0,resting,0.00,0,0,0,0,0
1779933147339,-3707,7610,-6958,-3,15,3,resting,0.00,0,0,0,0,0
1779933147368,-3731,7648,-6915,-5,14,7,resting,0.00,0,0,0,0,0
1779933147369,-3776,7677,-7138,-5,14,8,resting,0.00,0,0,0,0,0
1779933147370,-3745,7674,-7160,-5,16,8,resting,0.00,0,0,0,0,0
1779933147395,-3756,7684,-6926,-5,19,7,resting,0.00,0,0,0,0,0
1779933147396,-3773,7746,-7159,-2,19,6,resting,0.00,0,0,0,0,0
1779933147397,-3756,7716,-7165,-2,21,5,resting,0.00,0,0,0,0,0
1779933147427,-3763,7712,-6920,-5,22,4,resting,0.00,0,0,0,0,0
1779933147430,-3712,7722,-7148,-10,22,3,resting,0.00,0,0,0,0,0
1779933147431,-3701,7702,-7140,-10,22,2,resting,0.00,0,0,0,0,0
1779933147455,-3699,7674,-6918,-9,21,1,resting,0.00,0,0,0,0,0
1779933147456,-3730,7646,-6975,-9,21,2,resting,0.00,0,0,0,0,0
1779933147456,-3708,7646,-6949,-9,21,2,resting,0.00,0,0,0,0,0
1779933147487,-3712,7635,-6941,-8,21,3,resting,0.00,0,0,0,0,0
1779933147488,-3719,7655,-6974,-9,18,4,resting,0.00,0,0,0,0,0
1779933147488,-3728,7696,-6927,-8,17,5,resting,0.00,0,0,0,0,0
1779933147518,-3732,7699,-6928,-7,17,5,resting,0.00,0,0,0,0,0
1779933147519,-3706,7687,-6917,-4,18,6,resting,0.00,0,0,0,0,0
1779933147519,-3669,7664,-7153,-4,15,5,resting,0.00,0,0,0,0,0
1779933147545,-3680,7698,-7162,-3,17,4,resting,0.00,0,0,0,0,0
1779933147546,-3685,7693,-7132,-2,17,5,resting,0.00,0,0,0,0,0
1779933147547,-3717,7680,-7147,-5,16,6,resting,0.00,0,0,0,0,0
1779933147576,-3731,7709,-6946,-5,17,4,resting,0.00,0,0,0,0,0
1779933147577,-3713,7676,-7156,-3,19,4,resting,0.00,0,0,0,0,0
1779933147578,-3690,7694,-7132,-3,17,4,resting,0.00,0,0,0,0,0
1779933147605,-3689,7707,-7146,-4,16,3,resting,0.00,0,0,0,0,0
1779933147606,-3677,7697,-6929,-7,18,3,resting,0.00,0,0,0,0,0
1779933147606,-3688,7705,-6935,-5,18,4,resting,0.00,0,0,0,0,0
1779933147635,-3689,7697,-6952,-5,19,2,resting,0.00,0,0,0,0,0
1779933147637,-3686,7682,-6945,-6,18,2,resting,0.00,0,0,0,0,0
1779933147638,-3697,7693,-6942,-2,16,2,resting,0.00,0,0,0,0,0
1779933147667,-3723,7681,-6934,-2,14,2,resting,0.00,0,0,0,0,0
1779933147668,-3721,7670,-6969,-3,14,2,resting,0.00,0,0,0,0,0
1779933147669,-3667,7676,-6930,-6,15,3,resting,0.00,0,0,0,0,0
1779933147695,-3669,7675,-6934,-4,15,2,resting,0.00,0,0,0,0,0
1779933147696,-3699,7673,-6937,-3,16,3,resting,0.00,0,0,0,0,0
1779933147697,-3701,7683,-6917,-6,16,3,resting,0.00,0,0,0,0,0
1779933147730,-3685,7679,-6936,-5,15,2,resting,0.00,0,0,0,0,0
1779933147730,-3673,7709,-6921,-3,15,2,resting,0.00,0,0,0,0,0
1779933147731,-3670,7716,-6952,-5,14,2,resting,0.00,0,0,0,0,0
1779933147758,-3674,7709,-6946,-6,14,3,resting,0.00,0,0,0,0,0
1779933147758,-3674,7739,-6958,-6,13,2,resting,0.00,0,0,0,0,0
1779933147759,-3640,7731,-7164,-4,12,-1,resting,0.00,0,0,0,0,0
1779933147785,-3691,7729,-6917,-4,12,-2,resting,0.00,0,0,0,0,0
1779933147787,-3662,7685,-6930,-2,13,-3,resting,0.00,0,0,0,0,0
1779933147787,-3644,7692,-6920,1,14,-5,resting,0.00,0,0,0,0,0
1779933147818,-3642,7675,-6925,1,13,-4,resting,0.00,0,0,0,0,0
1779933147819,-3639,7600,-6923,-3,12,-2,resting,0.00,0,0,0,0,0
1779933147820,-3627,7615,-6949,-6,11,1,resting,0.00,0,0,0,0,0
1779933147845,-3653,7670,-6943,-9,11,3,resting,0.00,0,0,0,0,0
1779933147846,-3702,7719,-6952,-10,11,2,resting,0.00,0,0,0,0,0
1779933147847,-3765,7715,-6957,-8,10,3,resting,0.00,0,0,0,0,0
1779933147875,-3693,7715,-6934,-4,8,1,resting,0.00,0,0,0,0,0
1779933147876,-3628,7679,-6947,0,10,0,resting,0.00,0,0,0,0,0
1779933147877,-3647,7695,-7126,1,12,2,resting,0.00,0,0,0,0,0
1779933147906,-3669,7668,-7122,0,11,3,resting,0.00,0,0,0,0,0
1779933147910,-3662,7652,-7155,-7,13,3,resting,0.00,0,0,0,0,0
1779933147911,-3668,7724,-7167,-11,14,1,resting,0.00,0,0,0,0,0
1779933147935,-3628,7759,-6938,-13,15,0,resting,0.00,0,0,0,0,0
1779933147935,-3631,7729,-7156,-13,16,0,resting,0.00,0,0,0,0,0
1779933147936,-3632,7737,-6957,-11,16,-3,resting,0.00,0,0,0,0,0
1779933147968,-3683,7714,-7159,-9,13,-3,resting,0.00,0,0,0,0,0
1779933147969,-3692,7702,-7150,-5,13,-1,resting,0.00,0,0,0,0,0
1779933147970,-3706,7705,-6947,-2,14,-4,resting,0.00,0,0,0,0,0
1779933147996,-3667,7653,-6926,1,12,-2,resting,0.00,0,0,0,0,0
1779933147997,-3674,7640,-6952,1,11,0,resting,0.00,0,0,0,0,0
1779933147997,-3645,7662,-6961,3,13,0,resting,0.00,0,0,0,0,0
1779933148026,-3668,7688,-6944,-2,14,1,resting,0.00,0,0,0,0,0
1779933148026,-3690,7701,-7166,-4,12,2,resting,0.00,0,0,0,0,0
1779933148028,-3668,7747,-6945,-5,12,1,resting,0.00,0,0,0,0,0
1779933148063,-3664,7750,-6959,-3,11,-1,resting,0.00,0,0,0,0,0
1779933148063,-3687,7713,-7164,-3,11,-2,resting,0.00,0,0,0,0,0
1779933148063,-3666,7684,-7137,-3,11,-4,resting,0.00,0,0,0,0,0
1779933148085,-3618,7662,-6927,-3,12,-4,resting,0.00,0,0,0,0,0
1779933148087,-3642,7673,-6958,-6,11,-2,resting,0.00,0,0,0,0,0
1779933148087,-3699,7687,-6953,-7,10,-2,resting,0.00,0,0,0,0,0
1779933148118,-3691,7672,-6944,-5,11,-2,resting,0.00,0,0,0,0,0
1779933148119,-3632,7648,-6936,-3,12,-4,resting,0.00,0,0,0,0,0
1779933148120,-3598,7653,-7140,-3,11,-2,resting,0.00,0,0,0,0,0
1779933148145,-3622,7649,-6919,-3,9,0,resting,0.00,0,0,0,0,0
1779933148146,-3656,7631,-7150,-3,9,2,resting,0.00,0,0,0,0,0
1779933148147,-3690,7693,-7168,-5,10,2,resting,0.00,0,0,0,0,0
1779933148176,-3672,7726,-6960,-5,11,1,resting,0.00,0,0,0,0,0
1779933148177,-3644,7736,-6929,-4,13,2,resting,0.00,0,0,0,0,0
1779933148178,-3620,7726,-6927,-4,12,2,resting,0.00,0,0,0,0,0
1779933148205,-3637,7711,-6923,-7,12,-1,resting,0.00,0,0,0,0,0
1779933148206,-3650,7701,-6935,-9,12,0,resting,0.00,0,0,0,0,0
1779933148210,-3660,7683,-6970,-7,12,-1,resting,0.00,0,0,0,0,0
1779933148238,-3668,7689,-6958,-6,12,0,resting,0.00,0,0,0,0,0
1779933148242,-3665,7655,-6921,-6,12,1,resting,0.00,0,0,0,0,0
1779933148243,-3681,7661,-6939,-7,12,2,resting,0.00,0,0,0,0,0
1779933148267,-3663,7684,-6923,-7,11,4,resting,0.00,0,0,0,0,0
1779933148267,-3590,7710,-6949,-6,11,2,resting,0.00,0,0,0,0,0
1779933148269,-1,-1,-1,-4,-1,-1,resting,0.00,0,0,0,0,0
1779933148295,-3642,7696,-6957,-7,10,3,resting,0.00,0,0,0,0,0
1779933148296,-3634,7686,-6916,-5,9,3,resting,0.00,0,0,0,0,0
1779933148297,-3644,7692,-6950,-4,8,3,resting,0.00,0,0,0,0,0
1779933148329,-1,-1,-1,-60,-1,-1,resting,0.00,0,0,0,0,0
1779933148329,-3632,7682,-7149,-7,9,2,resting,0.00,0,0,0,0,0
1779933148354,-3656,7701,-6917,-4,9,2,resting,0.00,0,0,0,0,0
1779933148357,-3645,7680,-7148,-4,9,3,resting,0.00,0,0,0,0,0
1779933148357,-3641,7700,-6914,-4,11,2,resting,0.00,0,0,0,0,0
1779933148386,-3656,7673,-6918,-6,11,1,resting,0.00,0,0,0,0,0
1779933148386,-3644,7653,-7143,-7,11,2,resting,0.00,0,0,0,0,0
1779933148387,-3657,7713,-7142,-8,14,4,resting,0.00,0,0,0,0,0
1779933148417,-3668,7704,-7164,-8,13,3,resting,0.00,0,0,0,0,0
1779933148419,-3648,7692,-7157,-3,13,1,resting,0.00,0,0,0,0,0
1779933148419,-3646,7701,-6922,-5,13,2,resting,0.00,0,0,0,0,0
1779933148445,-3646,7680,-7025,-7,12,1,resting,0.00,0,0,0,0,0
1779933148445,-3644,7706,-6974,-8,12,2,resting,0.00,0,0,0,0,0
1779933148446,-3613,7717,-6919,-7,12,2,resting,0.00,0,0,0,0,0
1779933148475,-3608,7636,-7168,-4,12,0,resting,0.00,0,0,0,0,0
1779933148476,-3642,7648,-6965,-3,12,2,resting,0.00,0,0,0,0,0
1779933148477,-3646,7716,-6961,-5,11,3,resting,0.00,0,0,0,0,0
1779933148508,-3618,7743,-6938,-5,10,3,resting,0.00,0,0,0,0,0
1779933148509,-3617,7764,-6946,-8,10,1,resting,0.00,0,0,0,0,0
1779933148510,-3641,7720,-6916,-6,11,0,resting,0.00,0,0,0,0,0
1779933148537,-3652,7697,-6933,-4,11,1,resting,0.00,0,0,0,0,0
1779933148538,-3612,7693,-6914,-6,12,2,resting,0.00,0,0,0,0,0
1779933148542,-3630,7692,-6941,-7,13,-1,resting,0.00,0,0,0,0,0
1779933148566,-3623,7715,-6934,-9,12,0,resting,0.00,0,0,0,0,0
1779933148567,-3621,7715,-6935,-9,11,-1,resting,0.00,0,0,0,0,0
1779933148568,-3621,7706,-6989,-8,9,-2,resting,0.00,0,0,0,0,0
1779933148595,-3660,7742,-6961,-4,8,-2,resting,0.00,0,0,0,0,0
1779933148595,-3659,7715,-6951,-3,8,-3,resting,0.00,0,0,0,0,0
1779933148596,-3678,7750,-6932,-2,8,-3,resting,0.00,0,0,0,0,0
1779933148625,-3657,7693,-7158,-1,6,-3,resting,0.00,0,0,0,0,0
1779933148626,-3626,7659,-7165,0,8,-3,resting,0.00,0,0,0,0,0
1779933148627,-3613,7614,-7168,-1,7,-4,resting,0.00,0,0,0,0,0
1779933148658,-3646,7633,-6975,-5,7,0,resting,0.00,0,0,0,0,0
1779933148658,-3645,7693,-6965,-9,8,2,resting,0.00,0,0,0,0,0
1779933148659,-3660,7733,-6921,-10,6,2,resting,0.00,0,0,0,0,0
1779933148687,-3691,7734,-6932,-8,7,0,resting,0.00,0,0,0,0,0
1779933148692,-3638,7710,-6939,-4,8,0,resting,0.00,0,0,0,0,0
1779933148693,-3632,7691,-6927,-1,8,0,resting,0.00,0,0,0,0,0
1779933148715,-3665,7679,-7158,2,10,1,resting,0.00,0,0,0,0,0
1779933148716,-3666,7693,-7161,-4,13,1,resting,0.00,0,0,0,0,0
1779933148716,-3631,7752,-6921,-7,14,1,resting,0.00,0,0,0,0,0
1779933148745,-3584,7737,-6934,-11,13,0,resting,0.00,0,0,0,0,0
1779933148749,-3599,7757,-6920,-13,13,-2,resting,0.00,0,0,0,0,0
1779933148750,-3573,7756,-7166,-11,11,-4,resting,0.00,0,0,0,0,0
1779933148776,-3626,7730,-6927,-9,8,-8,resting,0.00,0,0,0,0,0
1779933148777,-3658,7696,-6937,-4,9,-7,resting,0.00,0,0,0,0,0
1779933148777,-3672,7687,-7157,-1,9,-5,resting,0.00,0,0,0,0,0
1779933148808,-3673,7629,-6916,1,9,-3,resting,0.00,0,0,0,0,0
1779933148809,-3707,7606,-6935,2,10,-1,resting,0.00,0,0,0,0,0
1779933148810,-3691,7651,-7153,0,12,0,resting,0.00,0,0,0,0,0
1779933148836,-3657,7708,-7137,-3,12,3,resting,0.00,0,0,0,0,0
1779933148837,-3610,7724,-6916,-6,10,4,resting,0.00,0,0,0,0,0
1779933148841,-3610,7756,-6924,-8,12,3,resting,0.00,0,0,0,0,0
1779933148866,-3665,7813,-6919,-5,12,2,resting,0.00,0,0,0,0,0
1779933148866,-3650,7761,-6927,-4,11,-2,resting,0.00,0,0,0,0,0
1779933148867,-3637,7672,-6921,-4,12,-6,resting,0.00,0,0,0,0,0
1779933148895,-3610,7640,-7163,-3,12,-6,resting,0.00,0,0,0,0,0
1779933148896,-3644,7639,-7155,-4,12,-4,resting,0.00,0,0,0,0,0
1779933148925,-3691,7646,-6940,-8,12,-2,resting,0.00,0,0,0,0,0
1779933148926,-3679,7709,-6955,-8,11,-1,resting,0.00,0,0,0,0,0
1779933148927,-3621,7688,-6958,-4,10,-1,resting,0.00,0,0,0,0,0
1779933148927,-3592,7659,-6971,-5,10,1,resting,0.00,0,0,0,0,0
1779933148958,-3600,7677,-6961,-2,8,1,resting,0.00,0,0,0,0,0
1779933148959,-3610,7667,-7150,-2,10,2,resting,0.00,0,0,0,0,0
1779933148960,-3646,7659,-7149,-4,10,4,resting,0.00,0,0,0,0,0
1779933148987,-3653,7700,-6919,-7,10,3,resting,0.00,0,0,0,0,0
1779933148988,-3646,7707,-6924,-7,12,4,resting,0.00,0,0,0,0,0
1779933148989,-3616,7714,-6929,-6,12,2,resting,0.00,0,0,0,0,0
1779933149015,-3608,7736,-6942,-6,12,2,resting,0.00,0,0,0,0,0
1779933149016,-3593,7756,-7161,-6,11,1,resting,0.00,0,0,0,0,0
1779933149017,-3615,7721,-6952,-9,12,-1,resting,0.00,0,0,0,0,0
1779933149045,-3649,7727,-6948,-9,10,-2,resting,0.00,0,0,0,0,0
1779933149046,-3639,7700,-6963,-4,10,-1,resting,0.00,0,0,0,0,0
1779933149054,-3635,7660,-6986,-4,12,-2,resting,0.00,0,0,0,0,0
1779933149076,-3644,7647,-6921,-4,12,-2,resting,0.00,0,0,0,0,0
1779933149077,-3631,7659,-6939,-4,8,1,resting,0.00,0,0,0,0,0
1779933149078,-3621,7673,-6930,-4,7,1,resting,0.00,0,0,0,0,0
1779933149108,-3615,7707,-6929,-5,6,2,resting,0.00,0,0,0,0,0
1779933149109,-3610,7715,-6920,-5,7,2,resting,0.00,0,0,0,0,0
1779933149109,-3634,7704,-7161,-4,6,0,resting,0.00,0,0,0,0,0
1779933149135,-3610,7703,-7165,-3,7,1,resting,0.00,0,0,0,0,0
1779933149136,-3617,7693,-6932,-5,8,1,resting,0.00,0,0,0,0,0
1779933149136,-3655,7703,-6929,-9,7,3,resting,0.00,0,0,0,0,0
1779933149166,-3644,7739,-6929,-10,9,2,resting,0.00,0,0,0,0,0
1779933149168,-3657,7698,-6925,-7,8,1,resting,0.00,0,0,0,0,0
1779933149169,-3676,7685,-6925,-5,8,0,resting,0.00,0,0,0,0,0
1779933149195,-3658,7722,-6930,-6,10,1,resting,0.00,0,0,0,0,0
1779933149195,-3632,7722,-6915,-6,9,1,resting,0.00,0,0,0,0,0
1779933149196,-3610,7725,-6917,-5,8,-1,resting,0.00,0,0,0,0,0
1779933149226,-3623,7710,-6933,-6,8,0,resting,0.00,0,0,0,0,0
1779933149226,-3640,7720,-7162,-4,5,-1,resting,0.00,0,0,0,0,0
1779933149227,-3632,7746,-6923,-3,6,-2,resting,0.00,0,0,0,0,0
1779933149256,-3641,7685,-6949,-2,7,-1,resting,0.00,0,0,0,0,0
1779933149256,-3639,7687,-6926,-2,6,-1,resting,0.00,0,0,0,0,0
1779933149257,-3629,7705,-6972,-3,5,-1,resting,0.00,0,0,0,0,0
1779933149285,-3646,7709,-6968,-3,5,-2,resting,0.00,0,0,0,0,0
1779933149286,-3613,7714,-6936,-3,6,-3,resting,0.00,0,0,0,0,0
1779933149287,-3630,7691,-6956,-5,4,-3,resting,0.00,0,0,0,0,0
1779933149316,-3642,7749,-6957,-4,2,-3,resting,0.00,0,0,0,0,0
1779933149317,-3635,7748,-6977,-3,1,-5,resting,0.00,0,0,0,0,0
1779933149345,-3656,7736,-6966,0,0,-5,resting,0.00,0,0,0,0,0
1779933149346,-3624,7717,-6946,0,-1,-7,resting,0.00,0,0,0,0,0
1779933149377,-3616,7723,-6951,-1,-1,-7,resting,0.00,0,0,0,0,0
1779933149378,-3646,7717,-6942,0,-3,-5,resting,0.00,0,0,0,0,0
1779933149407,-3701,7713,-6965,-1,-5,-7,resting,0.00,0,0,0,0,0
1779933149408,-3671,7727,-6923,-1,-5,-9,resting,0.00,0,0,0,0,0
1779933149409,-3640,7654,-6920,1,-5,-10,resting,0.00,0,0,0,0,0
1779933149410,-3647,7687,-7163,2,-6,-9,resting,0.00,0,0,0,0,0
1779933149411,-3688,7676,-6927,2,-5,-8,resting,0.00,0,0,0,0,0
1779933149411,-3679,7705,-7165,1,-4,-6,resting,0.00,0,0,0,0,0
1779933149434,-3691,7709,-6926,0,-5,-7,resting,0.00,0,0,0,0,0
1779933149435,-1,-1,-1,-1,-1,-1,resting,0.00,0,0,0,0,0
1779933149436,-1,-1,-1,-256,-1,-1,resting,0.00,0,0,0,0,0
1779933149466,-3686,7720,-7146,-1,-5,-9,resting,0.00,0,0,0,0,0
1779933149467,-1,-1,-1,-256,-1,-1,resting,0.00,0,0,0,0,0
1779933149467,-3665,7698,-6913,0,-2,-11,resting,0.00,0,0,0,0,0
1779933149499,-1,-1,-1,-256,-1,-1,resting,0.00,0,0,0,0,0
1779933149500,-3680,7653,-7151,3,2,-10,resting,0.00,0,0,0,0,0
1779933149501,-1,-1,-1,-255,-1,-1,resting,0.00,0,0,0,0,0
1779933149525,-3677,7608,-6919,0,2,-5,resting,0.00,0,0,0,0,0
1779933149526,-1,-1,-1,-3,-1,-1,resting,0.00,0,0,0,0,0
1779933149527,-1,-1,-1,-4,-1,-1,resting,0.00,0,0,0,0,0
1779933149558,-1,-1,-1,-3,-1,-1,resting,0.00,0,0,0,0,0
1779933149559,-3690,7691,-6933,-3,1,-6,resting,0.00,0,0,0,0,0
1779933149560,-1,-1,-1,-256,-1,-1,resting,0.00,0,0,0,0,0
1779933149585,-3707,7647,-6913,2,2,-2,resting,0.00,0,0,0,0,0
1779933149585,-1,-1,-1,-1,-1,-1,resting,0.00,0,0,0,0,0
1779933149586,-3694,7670,-6939,-7,5,-3,resting,0.00,0,0,0,0,0
1779933149617,-1,-1,-1,-5,-1,-1,resting,0.00,0,0,0,0,0
1779933149618,-3640,7724,-7165,-12,3,-4,resting,0.00,0,0,0,0,0
1779933149619,-1,-1,-1,-7,-1,-1,resting,0.00,0,0,0,0,0
1779933149648,-3696,7675,-7140,-10,2,-4,resting,0.00,0,0,0,0,0
1779933149648,-1,-1,-1,-5,-1,-1,resting,0.00,0,0,0,0,0
1779933149649,-3708,7659,-6925,-6,3,-1,resting,0.00,0,0,0,0,0
1779933149676,-1,-1,-1,-1,-1,-1,resting,0.00,0,0,0,0,0
1779933149682,-3718,7625,-6924,0,3,1,resting,0.00,0,0,0,0,0
1779933149683,-1,-1,-1,-1,-1,-1,resting,0.00,0,0,0,0,0
1779933149710,-3752,7679,-7157,-4,5,4,resting,0.00,0,0,0,0,0
1779933149711,-1,-1,-1,-2,-1,-1,resting,0.00,0,0,0,0,0
1779933149712,-3706,7721,-7157,0,3,1,resting,0.00,0,0,0,0,0
1779933149736,-1,-1,-1,-1,-1,-1,resting,0.00,0,0,0,0,0
1779933149737,-3725,7720,-6978,-2,1,-5,resting,0.00,0,0,0,0,0
1779933149737,-1,-1,-1,-1,-1,-1,resting,0.00,0,0,0,0,0
1779933149767,-3686,7688,-6923,0,0,-5,resting,0.00,0,0,0,0,0
1779933149768,-1,-1,-1,-1,-1,-1,resting,0.00,0,0,0,0,0
1779933149769,-3698,7671,-6922,-1,-3,-4,resting,0.00,0,0,0,0,0
1779933149799,-1,-1,-1,-1,-1,-1,resting,0.00,0,0,0,0,0
1779933149800,-3669,7656,-6964,3,1,-2,resting,0.00,0,0,0,0,0
1779933149800,-1,-1,-1,-254,-1,-1,resting,0.00,0,0,0,0,0
1779933149826,-3689,7611,-7108,9,3,5,resting,0.00,0,0,0,0,0
1779933149827,-1,-1,-1,-249,-1,-1,resting,0.00,0,0,0,0,0
1779933149828,-3771,7521,-7075,13,9,13,resting,0.00,0,0,0,0,0
1779933149856,-1,-1,-1,-253,-1,-1,resting,0.00,0,0,0,0,0
1779933149885,-3848,7714,-7107,3,19,19,resting,0.00,0,0,0,0,0
1779933149886,-1,-1,-1,-255,-1,-1,resting,0.00,0,0,0,0,0
1779933149887,-3734,7800,-6949,4,32,10,resting,0.00,0,0,0,0,0
1779933149892,-1,-1,-1,-254,-1,-1,resting,0.00,0,0,0,0,0
1779933149892,-3710,7819,-7104,-4,39,-1,resting,0.00,0,0,0,0,0
1779933149917,-1,-1,-1,-8,-1,-1,resting,0.00,0,0,0,0,0
1779933149918,-3709,7828,-7110,-12,52,-8,resting,0.00,0,0,0,0,0
1779933149919,-1,-1,-1,-6,-1,-1,resting,0.00,0,0,0,0,0
1779933149948,-3550,7708,-7137,-8,55,-24,resting,0.00,0,0,0,0,0
1779933149949,-1,-1,-1,-5,-1,-1,resting,0.00,0,0,0,0,0
1779933149950,-3692,7619,-7130,-22,53,-27,resting,0.00,0,0,0,0,0
1779933149977,-1,-1,-1,-15,-1,-1,resting,0.00,0,0,0,0,0
1779933149978,-3658,7861,-7181,-28,39,-28,resting,0.00,0,0,0,0,0
1779933149979,-1,-1,-1,-8,-1,-1,resting,0.00,0,0,0,0,0
1779933150007,-3561,7866,-7230,-1,15,-49,resting,0.00,0,0,0,0,0
1779933150008,-1,-1,-1,-251,-1,-1,resting,0.00,0,0,0,0,0
1779933150009,-3534,7761,-7242,13,-10,-58,resting,0.00,0,0,0,0,0
1779933150035,-1,-1,-1,-247,-1,-1,resting,0.00,0,0,0,0,0
1779933150036,-3684,7595,-7128,22,-34,-62,resting,0.00,0,0,0,0,0
1779933150066,-1,-1,-1,-244,-1,-1,resting,0.00,0,0,0,0,0
1779933150067,-3819,7440,-7023,26,-50,-54,resting,0.00,0,0,0,0,0
1779933150095,-1,-1,-1,-244,-1,-1,resting,0.00,0,0,0,0,0
1779933150099,-3899,7409,-6964,21,-58,-40,resting,0.00,0,0,0,0,0
1779933150100,-1,-1,-1,-245,-1,-1,resting,0.00,0,0,0,0,0
1779933150100,-3779,7472,-6914,31,-56,-27,resting,0.00,0,0,0,0,0
1779933150101,-1,-1,-1,-236,-1,-1,resting,0.00,0,0,0,0,0
1779933150126,-3681,7442,-7096,43,-50,-13,resting,0.00,0,0,0,0,0
1779933150127,-1,-1,-1,-238,-1,-1,resting,0.00,0,0,0,0,0
1779933150127,-3691,7468,-7108,27,-45,5,resting,0.00,0,0,0,0,0
1779933150157,-1,-1,-1,-246,-1,-1,resting,0.00,0,0,0,0,0
1779933150157,-3799,7578,-7150,17,-40,14,resting,0.00,0,0,0,0,0
1779933150158,-1,-1,-1,-247,-1,-1,resting,0.00,0,0,0,0,0
1779933150185,-3895,7580,-6944,23,-38,20,resting,0.00,0,0,0,0,0
1779933150186,-1,-1,-1,-242,-1,-1,resting,0.00,0,0,0,0,0
1779933150186,-3926,7506,-6973,27,-37,22,resting,0.00,0,0,0,0,0
1779933150215,-1,-1,-1,-245,-1,-1,resting,0.00,0,0,0,0,0
1779933150216,-3963,7501,-6982,20,-36,27,resting,0.00,0,0,0,0,0
1779933150216,-1,-1,-1,-249,-1,-1,resting,0.00,0,0,0,0,0
1779933150247,-3985,7528,-7166,10,-31,28,resting,0.00,0,0,0,0,0
1779933150248,-1,-1,-1,-254,-1,-1,resting,0.00,0,0,0,0,0
1779933150249,-3950,7545,-7096,-3,-26,28,resting,0.00,0,0,0,0,0
1779933150277,-1,-1,-1,-4,-1,-1,resting,0.00,0,0,0,0,0
1779933150277,-3899,7588,-6937,-17,-19,25,resting,0.00,0,0,0,0,0
1779933150278,-3967,7579,-7028,-19,-14,26,resting,0.00,0,0,0,0,0
1779933150305,-1,-1,-1,-216,-1,-1,resting,0.00,0,0,0,0,0
1779933150336,-3821,7727,-7040,-7,11,21,resting,0.00,0,0,0,0,0
1779933150340,-1,-1,-1,-2,-1,-1,resting,0.00,0,0,0,0,0
1779933150341,-1,-1,-1,-254,-1,-1,resting,0.00,0,0,0,0,0
1779933150365,-1,-1,-1,-2,-1,-1,resting,0.00,0,0,0,0,0
1779933150365,-1,-1,-1,-3,-1,-1,resting,0.00,0,0,0,0,0
1779933150366,-1,-1,-1,-3,-1,-1,resting,0.00,0,0,0,0,0
1779933150398,-1,-1,-1,-4,-1,-1,resting,0.00,0,0,0,0,0
1779933150398,-1,-1,-1,-2,-1,-1,resting,0.00,0,0,0,0,0
1779933150399,-1,-1,-1,-256,-1,-1,resting,0.00,0,0,0,0,0
1779933150426,-1,-1,-1,-253,-1,-1,resting,0.00,0,0,0,0,0
1779933150427,-1,-1,-1,-249,-1,-1,resting,0.00,0,0,0,0,0
1779933150428,-1,-1,-1,-244,-1,-1,resting,0.00,0,0,0,0,0
1779933150457,-1,-1,-1,-245,-1,-1,resting,0.00,0,0,0,0,0
1779933150459,-1,-1,-1,-249,-1,-1,resting,0.00,0,0,0,0,0
1779933150459,-1,-1,-1,-253,-1,-1,resting,0.00,0,0,0,0,0
1779933150485,-1,-1,-1,-254,-1,-1,resting,0.00,0,0,0,0,0
1779933150485,-1,-1,-1,-254,-1,-1,resting,0.00,0,0,0,0,0
1779933150486,-1,-1,-1,-254,-1,-1,resting,0.00,0,0,0,0,0
1779933150515,-1,-1,-1,-254,-1,-1,resting,0.00,0,0,0,0,0
1779933150516,-1,-1,-1,-254,-1,-1,resting,0.00,0,0,0,0,0
1779933150517,-1,-1,-1,-255,-1,-1,resting,0.00,0,0,0,0,0
1779933150547,-1,-1,-1,-255,-1,-1,resting,0.00,0,0,0,0,0
1779933150548,-1,-1,-1,-256,-1,-1,resting,0.00,0,0,0,0,0
1779933150549,-1,-1,-1,-255,-1,-1,resting,0.00,0,0,0,0,0
1779933150575,-1,-1,-1,-255,-1,-1,resting,0.00,0,0,0,0,0
1779933150575,-1,-1,-1,-256,-1,-1,resting,0.00,0,0,0,0,0
1779933150576,-1,-1,-1,-256,-1,-1,resting,0.00,0,0,0,0,0
1779933150607,-1,-1,-1,-256,-1,-1,resting,0.00,0,0,0,0,0
1779933150609,-1,-1,-1,-253,-1,-1,resting,0.00,0,0,0,0,0
1779933150609,-1,-1,-1,-251,-1,-1,resting,0.00,0,0,0,0,0
1779933150635,-1,-1,-1,-250,-1,-1,resting,0.00,0,0,0,0,0
1779933150635,-1,-1,-1,-249,-1,-1,resting,0.00,0,0,0,0,0
1779933150636,-1,-1,-1,-249,-1,-1,resting,0.00,0,0,0,0,0
1779933150665,-1,-1,-1,-248,-1,-1,resting,0.00,0,0,0,0,0
1779933150666,-1,-1,-1,-247,-1,-1,resting,0.00,0,0,0,0,0
1779933150666,-1,-1,-1,-246,-1,-1,resting,0.00,0,0,0,0,0
1779933150700,-1,-1,-1,-245,-1,-1,resting,0.00,0,0,0,0,0
1779933150701,-1,-1,-1,-246,-1,-1,resting,0.00,0,0,0,0,0
1779933150701,-1,-1,-1,-250,-1,-1,resting,0.00,0,0,0,0,0
1779933150725,-1,-1,-1,-254,-1,-1,resting,0.00,0,0,0,0,0
1779933150726,-1,-1,-1,-2,-1,-1,resting,0.00,0,0,0,0,0
1779933150755,-1,-1,-1,-2,-1,-1,resting,0.00,0,0,0,0,0
1779933150756,-1,-1,-1,-1,-1,-1,resting,0.00,0,0,0,0,0
1779933150756,-1,-1,-1,-1,-1,-1,resting,0.00,0,0,0,0,0
1779933150758,-1,-1,-1,-255,-1,-1,resting,0.00,0,0,0,0,0
1779933150789,-1,-1,-1,-255,-1,-1,resting,0.00,0,0,0,0,0
1779933150790,-1,-1,-1,-256,-1,-1,resting,0.00,0,0,0,0,0
1779933150791,-1,-1,-1,-1,-1,-1,resting,0.00,0,0,0,0,0
1779933150815,-1,-1,-1,-1,-1,-1,resting,0.00,0,0,0,0,0
1779933150816,-1,-1,-1,-2,-1,-1,resting,0.00,0,0,0,0,0
1779933150816,-1,-1,-1,-1,-1,-1,resting,0.00,0,0,0,0,0
1779933150847,-1,-1,-1,-3,-1,-1,resting,0.00,0,0,0,0,0
1779933150849,-1,-1,-1,-3,-1,-1,resting,0.00,0,0,0,0,0
1779933150849,-1,-1,-1,-3,-1,-1,resting,0.00,0,0,0,0,0
1779933150875,-1,-1,-1,-3,-1,-1,resting,0.00,0,0,0,0,0
1779933150876,-1,-1,-1,-5,-1,-1,resting,0.00,0,0,0,0,0
1779933150877,-1,-1,-1,-8,-1,-1,resting,0.00,0,0,0,0,0
1779933150907,-1,-1,-1,-11,-1,-1,resting,0.00,0,0,0,0,0
1779933150908,-1,-1,-1,-13,-1,-1,resting,0.00,0,0,0,0,0
1779933150909,-1,-1,-1,-14,-1,-1,resting,0.00,0,0,0,0,0
1779933150939,-1,-1,-1,-13,-1,-1,resting,0.00,0,0,0,0,0
1779933150940,-1,-1,-1,-13,-1,-1,resting,0.00,0,0,0,0,0
1779933150940,-1,-1,-1,-15,-1,-1,resting,0.00,0,0,0,0,0
1779933150967,-1,-1,-1,-16,-1,-1,resting,0.00,0,0,0,0,0
1779933150968,-1,-1,-1,-18,-1,-1,resting,0.00,0,0,0,0,0
1779933150997,-1,-1,-1,-19,-1,-1,resting,0.00,0,0,0,0,0
1779933150997,-1,-1,-1,-19,-1,-1,resting,0.00,0,0,0,0,0
1779933150998,-1,-1,-1,-18,-1,-1,resting,0.00,0,0,0,0,0
1779933150999,-1,-1,-1,-20,-1,-1,resting,0.00,0,0,0,0,0
1779933151026,-1,-1,-1,-24,-1,-1,resting,0.00,0,0,0,0,0
1779933151055,-1,-1,-1,-28,-1,-1,resting,0.00,0,0,0,0,0
1779933151056,-1,-1,-1,-32,-1,-1,resting,0.00,0,0,0,0,0
1779933151056,-1,-1,-1,-34,-1,-1,resting,0.00,0,0,0,0,0
1779933151057,-1,-1,-1,-32,-1,-1,resting,0.00,0,0,0,0,0
1779933151058,-1,-1,-1,-28,-1,-1,resting,0.00,0,0,0,0,0
1779933151085,-1,-1,-1,-24,-1,-1,resting,0.00,0,0,0,0,0
1779933151089,-1,-1,-1,-23,-1,-1,resting,0.00,0,0,0,0,0
1779933151091,-1,-1,-1,-21,-1,-1,resting,0.00,0,0,0,0,0
1779933151115,-1,-1,-1,-20,-1,-1,resting,0.00,0,0,0,0,0
1779933151116,-1,-1,-1,-18,-1,-1,resting,0.00,0,0,0,0,0
1779933151117,-1,-1,-1,-15,-1,-1,resting,0.00,0,0,0,0,0
1779933151147,-1,-1,-1,-9,-1,-1,resting,0.00,0,0,0,0,0
1779933151148,-1,-1,-1,-4,-1,-1,resting,0.00,0,0,0,0,0
1779933151148,-1,-1,-1,-1,-1,-1,resting,0.00,0,0,0,0,0
1779933151179,-1,-1,-1,-254,-1,-1,resting,0.00,0,0,0,0,0
1779933151207,-1,-1,-1,-253,-1,-1,resting,0.00,0,0,0,0,0
1779933151208,-1,-1,-1,-253,-1,-1,resting,0.00,0,0,0,0,0
1779933151209,-1,-1,-1,-253,-1,-1,resting,0.00,0,0,0,0,0
1779933151210,-1,-1,-1,-255,-1,-1,resting,0.00,0,0,0,0,0
1779933151211,-1,-1,-1,-256,-1,-1,resting,0.00,0,0,0,0,0
1779933151234,-1,-1,-1,-256,-1,-1,resting,0.00,0,0,0,0,0
1779933151235,-1,-1,-1,-255,-1,-1,resting,0.00,0,0,0,0,0
1779933151235,-1,-1,-1,-252,-1,-1,resting,0.00,0,0,0,0,0
1779933151265,-1,-1,-1,-250,-1,-1,resting,0.00,0,0,0,0,0
1779933151267,-1,-1,-1,-250,-1,-1,resting,0.00,0,0,0,0,0
1779933151302,-1,-1,-1,-250,-1,-1,resting,0.00,0,0,0,0,0
1779933151303,-1,-1,-1,-251,-1,-1,resting,0.00,0,0,0,0,0
1779933151303,-1,-1,-1,-252,-1,-1,resting,0.00,0,0,0,0,0
1779933151305,-1,-1,-1,-253,-1,-1,resting,0.00,0,0,0,0,0
1779933151324,-1,-1,-1,-254,-1,-1,resting,0.00,0,0,0,0,0
1779933151325,-1,-1,-1,-256,-1,-1,resting,0.00,0,0,0,0,0
1779933151326,-1,-1,-1,-1,-1,-1,resting,0.00,0,0,0,0,0
1779933151358,-1,-1,-1,-2,-1,-1,resting,0.00,0,0,0,0,0
1779933151358,-1,-1,-1,-4,-1,-1,resting,0.00,0,0,0,0,0
1779933151359,-1,-1,-1,-6,-1,-1,resting,0.00,0,0,0,0,0
1779933151388,-1,-1,-1,-5,-1,-1,resting,0.00,0,0,0,0,0
1779933151415,-1,-1,-1,-5,-1,-1,resting,0.00,0,0,0,0,0
1779933151416,-1,-1,-1,-5,-1,-1,resting,0.00,0,0,0,0,0
1779933151446,-1,-1,-1,-5,-1,-1,resting,0.00,0,0,0,0,0
1779933151447,-1,-1,-1,-5,-1,-1,resting,0.00,0,0,0,0,0
1779933151448,-1,-1,-1,-3,-1,-1,resting,0.00,0,0,0,0,0
1779933151449,-1,-1,-1,-4,-1,-1,resting,0.00,0,0,0,0,0
1779933151449,-1,-1,-1,-5,-1,-1,resting,0.00,0,0,0,0,0
1779933151450,-1,-1,-1,-5,-1,-1,resting,0.00,0,0,0,0,0
1779933151475,-1,-1,-1,-29,-1,-1,resting,0.00,0,0,0,0,0
1779933151475,-1,-1,-1,-6,-1,-1,resting,0.00,0,0,0,0,0
1779933151506,-3767,7600,-6972,-8,26,-11,resting,0.00,0,0,0,0,0
1779933151507,-1,-1,-1,-4,-1,-1,resting,0.00,0,0,0,0,0
1779933151508,-1,-1,-1,-4,-1,-1,resting,0.00,0,0,0,0,0
1779933151539,-1,-1,-1,-26,-1,-1,resting,0.00,0,0,0,0,0
1779933151565,3584,9,-16384,8654,208,0,resting,0.00,0,0,0,0,0
1779933151565,-3758,7589,-6997,2,7,-2,resting,0.00,0,0,0,0,0
1779933151566,-3727,7590,-6990,4,5,-2,resting,0.00,0,0,0,0,0
1779933151595,-1,-1,-1,-23,-1,-1,resting,0.00,0,0,0,0,0
1779933151595,-1,-1,-1,-255,-1,-1,resting,0.00,0,0,0,0,0
1779933151625,-1,-1,-1,-21,-1,-1,resting,0.00,0,0,0,0,0
1779933151626,-1,-1,-1,-1,-1,-1,resting,0.00,0,0,0,0,0
1779933151655,-3796,7494,-6914,-3,9,10,resting,0.00,0,0,0,0,0
1779933151656,-3771,7573,-6958,-5,8,14,resting,0.00,0,0,0,0,0
1779933151721,6144,9,-16384,8667,208,0,resting,0.00,0,0,0,0,0
1779933151722,-3724,7620,-6932,-6,11,14,resting,0.00,0,0,0,0,0
1779933151722,-3718,7609,-6960,-5,11,11,resting,0.00,0,0,0,0,0
1779933151723,-3734,7614,-6936,-4,11,12,resting,0.00,0,0,0,0,0
1779933151723,-3739,7621,-6977,-5,13,10,resting,0.00,0,0,0,0,0
1779933151724,-3751,7603,-6947,-7,14,10,resting,0.00,0,0,0,0,0
1779933151747,-1,-1,-1,-15,-1,-1,resting,0.00,0,0,0,0,0
1779933151747,-1,-1,-1,-6,-1,-1,resting,0.00,0,0,0,0,0
1779933151775,-1,-1,-1,-7,-1,-1,resting,0.00,0,0,0,0,0
1779933151775,-1,-1,-1,-6,-1,-1,resting,0.00,0,0,0,0,0
1779933151779,-1,-1,-1,-6,-1,-1,resting,0.00,0,0,0,0,0
1779933151838,-1,-1,-1,-5,-1,-1,resting,0.00,0,0,0,0,0
1779933151840,-1,-1,-1,-3,-1,-1,resting,0.00,0,0,0,0,0
1779933151840,-1,-1,-1,-2,-1,-1,resting,0.00,0,0,0,0,0
1779933151841,-1,-1,-1,-2,-1,-1,resting,0.00,0,0,0,0,0
1779933151842,-1,-1,-1,-4,-1,-1,resting,0.00,0,0,0,0,0
1779933151843,-1,-1,-1,-7,-1,-1,resting,0.00,0,0,0,0,0
1779933151866,-1,-1,-1,-8,-1,-1,resting,0.00,0,0,0,0,0
1779933151868,-1,-1,-1,-6,-1,-1,resting,0.00,0,0,0,0,0
1779933151872,-1,-1,-1,-6,-1,-1,resting,0.00,0,0,0,0,0
1779933151896,-1,-1,-1,-4,-1,-1,resting,0.00,0,0,0,0,0
1779933151898,-1,-1,-1,-2,-1,-1,resting,0.00,0,0,0,0,0
1779933151898,-1,-1,-1,-2,-1,-1,resting,0.00,0,0,0,0,0
1779933151925,-1,-1,-1,-3,-1,-1,resting,0.00,0,0,0,0,0
1779933151926,-1,-1,-1,-4,-1,-1,resting,0.00,0,0,0,0,0
1779933151929,-1,-1,-1,-6,-1,-1,resting,0.00,0,0,0,0,0
1779933151957,-1,-1,-1,-7,-1,-1,resting,0.00,0,0,0,0,0
1779933151958,-1,-1,-1,-7,-1,-1,resting,0.00,0,0,0,0,0
1779933151958,-1,-1,-1,-4,-1,-1,resting,0.00,0,0,0,0,0
1779933151988,-1,-1,-1,-2,-1,-1,resting,0.00,0,0,0,0,0
1779933151988,-1,-1,-1,-255,-1,-1,resting,0.00,0,0,0,0,0
1779933151989,-1,-1,-1,-254,-1,-1,resting,0.00,0,0,0,0,0
1779933152015,-1,-1,-1,-254,-1,-1,resting,0.00,0,0,0,0,0
1779933152016,-1,-1,-1,-254,-1,-1,resting,0.00,0,0,0,0,0
1779933152046,-1,-1,-1,-256,-1,-1,resting,0.00,0,0,0,0,0
1779933152046,-1,-1,-1,-256,-1,-1,resting,0.00,0,0,0,0,0
1779933152075,-1,-1,-1,-3,-1,-1,resting,0.00,0,0,0,0,0
1779933152076,-1,-1,-1,-4,-1,-1,resting,0.00,0,0,0,0,0
1779933152077,-1,-1,-1,-2,-1,-1,resting,0.00,0,0,0,0,0
1779933152080,-1,-1,-1,-3,-1,-1,resting,0.00,0,0,0,0,0
1779933152082,-1,-1,-1,-2,-1,-1,resting,0.00,0,0,0,0,0
1779933152106,-1,-1,-1,-3,-1,-1,resting,0.00,0,0,0,0,0
1779933152107,-1,-1,-1,-2,-1,-1,resting,0.00,0,0,0,0,0
1779933152107,-1,-1,-1,-1,-1,-1,resting,0.00,0,0,0,0,0
1779933152137,-1,-1,-1,-256,-1,-1,resting,0.00,0,0,0,0,0
1779933152138,-1,-1,-1,-256,-1,-1,resting,0.00,0,0,0,0,0
1779933152139,-1,-1,-1,-255,-1,-1,resting,0.00,0,0,0,0,0
1779933152170,-1,-1,-1,-256,-1,-1,resting,0.00,0,0,0,0,0
1779933152171,-1,-1,-1,-1,-1,-1,resting,0.00,0,0,0,0,0
1779933152172,-1,-1,-1,-2,-1,-1,resting,0.00,0,0,0,0,0
1779933152196,-1,-1,-1,-2,-1,-1,resting,0.00,0,0,0,0,0
1779933152197,-1,-1,-1,-1,-1,-1,resting,0.00,0,0,0,0,0
1779933152198,-1,-1,-1,-2,-1,-1,resting,0.00,0,0,0,0,0
1779933152225,-1,-1,-1,-2,-1,-1,resting,0.00,0,0,0,0,0
1779933152225,-1,-1,-1,-2,-1,-1,resting,0.00,0,0,0,0,0
1779933152226,-1,-1,-1,-3,-1,-1,resting,0.00,0,0,0,0,0
1779933152255,-1,-1,-1,-3,-1,-1,resting,0.00,0,0,0,0,0
1779933152256,-1,-1,-1,-3,-1,-1,resting,0.00,0,0,0,0,0
1779933152257,-3733,7576,-6934,-5,10,-2,resting,0.00,0,0,0,0,0
1779933152287,-3736,7598,-6959,-5,10,-1,resting,0.00,0,0,0,0,0
1779933152291,-3737,7593,-6945,-9,9,-1,resting,0.00,0,0,0,0,0
1779933152292,-3734,7620,-6952,-7,8,2,resting,0.00,0,0,0,0,0
1779933152317,-1,-1,-1,-4,-1,-1,resting,0.00,0,0,0,0,0
1779933152321,-3728,7560,-6949,-5,8,1,resting,0.00,0,0,0,0,0
1779933152348,-3698,7558,-7162,-7,10,1,resting,0.00,0,0,0,0,0
1779933152349,-3738,7555,-6918,-7,9,4,resting,0.00,0,0,0,0,0
1779933152350,-1,-1,-1,-241,-1,-1,resting,0.00,0,0,0,0,0
1779933152375,-1,-1,-1,-240,-1,-1,resting,0.00,0,0,0,0,0
1779933152375,-3760,7592,-6946,-5,11,5,resting,0.00,0,0,0,0,0
1779933152405,-3696,7622,-6924,-4,10,4,resting,0.00,0,0,0,0,0
1779933152406,-3689,7640,-6992,-7,10,4,resting,0.00,0,0,0,0,0
1779933152407,-3718,7610,-6991,-8,11,5,resting,0.00,0,0,0,0,0
1779933152437,-1,-1,-1,-237,-1,-1,resting,0.00,0,0,0,0,0
1779933152437,-1,-1,-1,-3,-1,-1,resting,0.00,0,0,0,0,0
1779933152465,-3760,7593,-6944,-5,10,4,resting,0.00,0,0,0,0,0
1779933152466,-1,-1,-1,-235,-1,-1,resting,0.00,0,0,0,0,0
1779933152529,-1,-1,-1,-234,-1,-1,resting,0.00,0,0,0,0,0
1779933152530,-3735,7601,-6970,-4,9,5,resting,0.00,0,0,0,0,0
1779933152531,9728,9,-16384,8753,208,0,resting,0.00,0,0,0,0,0
1779933152555,-1,-1,-1,-231,-1,-1,resting,0.00,0,0,0,0,0
1779933152555,-3725,7610,-6921,-7,12,2,resting,0.00,0,0,0,0,0
1779933152590,0,9,-16384,8758,208,0,resting,0.00,0,0,0,0,0
1779933152591,-1,-1,-1,-6,-1,-1,resting,0.00,0,0,0,0,0
1779933152620,-3715,7636,-7022,-8,9,0,resting,0.00,0,0,0,0,0
1779933152682,-1,-1,-1,-227,-1,-1,resting,0.00,0,0,0,0,0
1779933152682,-3700,7659,-6962,0,6,-4,resting,0.00,0,0,0,0,0
1779933152683,-3695,7570,-6960,0,5,-5,resting,0.00,0,0,0,0,0
1779933152684,-3671,7576,-6947,1,6,-5,resting,0.00,0,0,0,0,0
1779933152705,-1,-1,-1,-223,-1,-1,resting,0.00,0,0,0,0,0
1779933152736,-1,-1,-1,-221,-1,-1,resting,0.00,0,0,0,0,0
1779933152737,-1,-1,-1,-5,-1,-1,resting,0.00,0,0,0,0,0
1779933152765,-1,-1,-1,-5,-1,-1,resting,0.00,0,0,0,0,0
1779933152766,-1,-1,-1,-6,-1,-1,resting,0.00,0,0,0,0,0
1779933152766,-1,-1,-1,-7,-1,-1,resting,0.00,0,0,0,0,0
1779933152797,-3702,7618,-6976,-8,5,-9,resting,0.00,0,0,0,0,0
1779933152798,-1,-1,-1,-2,-1,-1,resting,0.00,0,0,0,0,0
1779933152828,-1,-1,-1,-256,-1,-1,resting,0.00,0,0,0,0,0
1779933152828,-1,-1,-1,-254,-1,-1,resting,0.00,0,0,0,0,0
1779933152829,-1,-1,-1,-252,-1,-1,resting,0.00,0,0,0,0,0
1779933152830,-1,-1,-1,-255,-1,-1,resting,0.00,0,0,0,0,0
1779933152855,-1,-1,-1,-215,-1,-1,resting,0.00,0,0,0,0,0
1779933152886,-1,-1,-1,-214,-1,-1,resting,0.00,0,0,0,0,0
1779933152915,-3737,7556,-6954,-1,1,-10,resting,0.00,0,0,0,0,0
1779933152915,-1,-1,-1,-2,-1,-1,resting,0.00,0,0,0,0,0
1779933152920,-1,-1,-1,-3,-1,-1,resting,0.00,0,0,0,0,0
1779933152921,-1,-1,-1,-2,-1,-1,resting,0.00,0,0,0,0,0
1779933152952,-1,-1,-1,-1,-1,-1,resting,0.00,0,0,0,0,0
1779933152953,-1,-1,-1,-255,-1,-1,resting,0.00,0,0,0,0,0
1779933152953,-1,-1,-1,-255,-1,-1,resting,0.00,0,0,0,0,0
1779933152978,-1,-1,-1,-1,-1,-1,resting,0.00,0,0,0,0,0
1779933152979,-1,-1,-1,-256,-1,-1,resting,0.00,0,0,0,0,0
1779933152980,-1,-1,-1,-255,-1,-1,resting,0.00,0,0,0,0,0
1779933153006,-1,-1,-1,-256,-1,-1,resting,0.00,0,0,0,0,0
1779933153007,-1,-1,-1,-256,-1,-1,resting,0.00,0,0,0,0,0
1779933153015,-1,-1,-1,-1,-1,-1,resting,0.00,0,0,0,0,0
1779933153036,-1,-1,-1,-2,-1,-1,resting,0.00,0,0,0,0,0
1779933153037,-1,-1,-1,-2,-1,-1,resting,0.00,0,0,0,0,0
1779933153037,-1,-1,-1,-2,-1,-1,resting,0.00,0,0,0,0,0
1779933153065,-1,-1,-1,-3,-1,-1,resting,0.00,0,0,0,0,0
1779933153070,-1,-1,-1,-5,-1,-1,resting,0.00,0,0,0,0,0
1779933153070,-1,-1,-1,-5,-1,-1,resting,0.00,0,0,0,0,0
1779933153096,-1,-1,-1,-5,-1,-1,resting,0.00,0,0,0,0,0
1779933153096,-1,-1,-1,-5,-1,-1,resting,0.00,0,0,0,0,0
1779933153097,-1,-1,-1,-3,-1,-1,resting,0.00,0,0,0,0,0
1779933153127,-1,-1,-1,-2,-1,-1,resting,0.00,0,0,0,0,0
1779933153128,-1,-1,-1,-3,-1,-1,resting,0.00,0,0,0,0,0
1779933153129,-1,-1,-1,-2,-1,-1,resting,0.00,0,0,0,0,0
1779933153155,-1,-1,-1,-4,-1,-1,resting,0.00,0,0,0,0,0
1779933153155,-1,-1,-1,-5,-1,-1,resting,0.00,0,0,0,0,0
1779933153156,-1,-1,-1,-6,-1,-1,resting,0.00,0,0,0,0,0
1779933153186,-1,-1,-1,-5,-1,-1,resting,0.00,0,0,0,0,0
1779933153187,-1,-1,-1,-3,-1,-1,resting,0.00,0,0,0,0,0
1779933153188,-1,-1,-1,-1,-1,-1,resting,0.00,0,0,0,0,0
1779933153215,-1,-1,-1,-1,-1,-1,resting,0.00,0,0,0,0,0
1779933153215,-1,-1,-1,-2,-1,-1,resting,0.00,0,0,0,0,0
1779933153216,-1,-1,-1,-4,-1,-1,resting,0.00,0,0,0,0,0
1779933153245,-1,-1,-1,-4,-1,-1,resting,0.00,0,0,0,0,0
1779933153249,-1,-1,-1,-5,-1,-1,resting,0.00,0,0,0,0,0
1779933153252,-1,-1,-1,-4,-1,-1,resting,0.00,0,0,0,0,0
1779933153278,-1,-1,-1,-3,-1,-1,resting,0.00,0,0,0,0,0
1779933153279,-1,-1,-1,-3,-1,-1,resting,0.00,0,0,0,0,0
1779933153279,-1,-1,-1,-4,-1,-1,resting,0.00,0,0,0,0,0
1779933153305,-1,-1,-1,-3,-1,-1,resting,0.00,0,0,0,0,0
1779933153306,-1,-1,-1,-2,-1,-1,resting,0.00,0,0,0,0,0
1779933153307,-1,-1,-1,-4,-1,-1,resting,0.00,0,0,0,0,0
1779933153339,-1,-1,-1,-5,-1,-1,resting,0.00,0,0,0,0,0
1779933153340,-1,-1,-1,-5,-1,-1,resting,0.00,0,0,0,0,0
1779933153341,-1,-1,-1,-3,-1,-1,resting,0.00,0,0,0,0,0
1779933153365,-1,-1,-1,-3,-1,-1,resting,0.00,0,0,0,0,0
1779933153366,-1,-1,-1,-5,-1,-1,resting,0.00,0,0,0,0,0
1779933153367,-1,-1,-1,-5,-1,-1,resting,0.00,0,0,0,0,0
1779933153396,-1,-1,-1,-5,-1,-1,resting,0.00,0,0,0,0,0
1779933153397,-1,-1,-1,-4,-1,-1,resting,0.00,0,0,0,0,0
1779933153398,-1,-1,-1,-2,-1,-1,resting,0.00,0,0,0,0,0
1779933153428,-1,-1,-1,-3,-1,-1,resting,0.00,0,0,0,0,0
1779933153429,-1,-1,-1,-5,-1,-1,resting,0.00,0,0,0,0,0
1779933153430,-1,-1,-1,-5,-1,-1,resting,0.00,0,0,0,0,0
1779933153457,-1,-1,-1,-256,-1,-1,resting,0.00,0,0,0,0,0
1779933153461,-1,-1,-1,-254,-1,-1,resting,0.00,0,0,0,0,0
1779933153462,-1,-1,-1,-253,-1,-1,resting,0.00,0,0,0,0,0
1779933153486,-1,-1,-1,-256,-1,-1,resting,0.00,0,0,0,0,0
1779933153487,-1,-1,-1,-3,-1,-1,resting,0.00,0,0,0,0,0
1779933153488,-1,-1,-1,-5,-1,-1,resting,0.00,0,0,0,0,0
1779933153516,-1,-1,-1,-2,-1,-1,resting,0.00,0,0,0,0,0
1779933153517,-1,-1,-1,-255,-1,-1,resting,0.00,0,0,0,0,0
1779933153520,-1,-1,-1,-255,-1,-1,resting,0.00,0,0,0,0,0
1779933153545,-1,-1,-1,-255,-1,-1,resting,0.00,0,0,0,0,0
1779933153546,-1,-1,-1,-1,-1,-1,resting,0.00,0,0,0,0,0
1779933153546,-1,-1,-1,-2,-1,-1,resting,0.00,0,0,0,0,0
1779933153577,-1,-1,-1,-1,-1,-1,resting,0.00,0,0,0,0,0
1779933153578,-1,-1,-1,-1,-1,-1,resting,0.00,0,0,0,0,0
1779933153579,-1,-1,-1,-3,-1,-1,resting,0.00,0,0,0,0,0
1779933153606,-1,-1,-1,-4,-1,-1,resting,0.00,0,0,0,0,0
1779933153606,-1,-1,-1,-3,-1,-1,resting,0.00,0,0,0,0,0
1779933153607,-1,-1,-1,-256,-1,-1,resting,0.00,0,0,0,0,0
1779933153636,-1,-1,-1,-255,-1,-1,resting,0.00,0,0,0,0,0
1779933153636,-1,-1,-1,-256,-1,-1,resting,0.00,0,0,0,0,0
1779933153637,-1,-1,-1,-2,-1,-1,resting,0.00,0,0,0,0,0
1779933153665,-1,-1,-1,-47,-1,-1,resting,0.00,0,0,0,0,0
1779933153665,-3776,7561,-6923,0,10,-9,resting,0.00,0,0,0,0,0
1779933153695,-3763,7603,-6944,-2,9,-6,resting,0.00,0,0,0,0,0
1779933153727,-1,-1,-1,-44,-1,-1,resting,0.00,0,0,0,0,0
1779933153760,5376,9,-16384,8875,208,0,resting,0.00,0,0,0,0,0
1779933153761,-3874,7585,-6939,-2,14,3,resting,0.00,0,0,0,0,0
1779933153785,-1,-1,-1,-3,-1,-1,resting,0.00,0,0,0,0,0
1779933153786,6912,9,-16384,8880,208,0,resting,0.00,0,0,0,0,0
1779933153815,-1,-1,-1,-39,-1,-1,resting,0.00,0,0,0,0,0
1779933153847,-1,-1,-1,-4,-1,-1,resting,0.00,0,0,0,0,0
1779933153847,-1,-1,-1,-37,-1,-1,resting,0.00,0,0,0,0,0
1779933153877,6912,9,-16384,8890,208,0,resting,0.00,0,0,0,0,0
1779933153939,-1,-1,-1,-1,-1,-1,resting,0.00,0,0,0,0,0
1779933153940,-1,-1,-1,-2,-1,-1,resting,0.00,0,0,0,0,0
1779933153941,-1,-1,-1,-3,-1,-1,resting,0.00,0,0,0,0,0
1779933153944,-1,-1,-1,-3,-1,-1,resting,0.00,0,0,0,0,0
1779933153945,-1,-1,-1,-4,-1,-1,resting,0.00,0,0,0,0,0
1779933153945,-1,-1,-1,-5,-1,-1,resting,0.00,0,0,0,0,0
1779933153965,-1,-1,-1,-31,-1,-1,resting,0.00,0,0,0,0,0
1779933153995,12544,9,-16384,8900,208,0,resting,0.00,0,0,0,0,0
1779933153996,-3753,7574,-6996,-4,20,-3,resting,0.00,0,0,0,0,0
1779933154027,8448,9,-16384,8903,208,0,resting,0.00,0,0,0,0,0
1779933154028,-1,-1,-1,-3,-1,-1,resting,0.00,0,0,0,0,0
1779933154056,-1,-1,-1,-27,-1,-1,resting,0.00,0,0,0,0,0
1779933154064,-1,-1,-1,-2,-1,-1,resting,0.00,0,0,0,0,0
1779933154086,7168,9,-16384,8911,208,0,resting,0.00,0,0,0,0,0
1779933154118,-3809,7578,-6965,-3,16,3,resting,0.00,0,0,0,0,0
1779933154119,-1,-1,-1,-2,-1,-1,resting,0.00,0,0,0,0,0
1779933154120,-1,-1,-1,-3,-1,-1,resting,0.00,0,0,0,0,0
1779933154147,-1,-1,-1,-2,-1,-1,resting,0.00,0,0,0,0,0
1779933154147,-1,-1,-1,-1,-1,-1,resting,0.00,0,0,0,0,0
1779933154148,-1,-1,-1,-256,-1,-1,resting,0.00,0,0,0,0,0
1779933154177,-1,-1,-1,-1,-1,-1,resting,0.00,0,0,0,0,0
1779933154178,-1,-1,-1,-2,-1,-1,resting,0.00,0,0,0,0,0
1779933154179,-1,-1,-1,-2,-1,-1,resting,0.00,0,0,0,0,0
1779933154205,-1,-1,-1,-1,-1,-1,resting,0.00,0,0,0,0,0
1779933154205,-1,-1,-1,-255,-1,-1,resting,0.00,0,0,0,0,0
1779933154206,-1,-1,-1,-252,-1,-1,resting,0.00,0,0,0,0,0
1779933154236,-1,-1,-1,-251,-1,-1,resting,0.00,0,0,0,0,0
1779933154237,-1,-1,-1,-250,-1,-1,resting,0.00,0,0,0,0,0
1779933154238,-1,-1,-1,-249,-1,-1,resting,0.00,0,0,0,0,0
1779933154268,-1,-1,-1,-250,-1,-1,resting,0.00,0,0,0,0,0
1779933154269,-1,-1,-1,-16,-1,-1,resting,0.00,0,0,0,0,0
1779933154295,-3815,7563,-6914,15,-13,0,resting,0.00,0,0,0,0,0
1779933154296,-1,-1,-1,-14,-1,-1,resting,0.00,0,0,0,0,0
1779933154330,8448,9,-16384,8935,208,0,resting,0.00,0,0,0,0,0
1779933154355,-3830,7564,-7106,1,1,-6,resting,0.00,0,0,0,0,0
1779933154385,10240,9,-16384,8939,208,0,resting,0.00,0,0,0,0,0
1779933154418,-1,-1,-1,-9,-1,-1,resting,0.00,0,0,0,0,0
1779933154445,9984,9,-16384,8945,208,0,resting,0.00,0,0,0,0,0
1779933154446,-1,-1,-1,-7,-1,-1,resting,0.00,0,0,0,0,0
1779933154474,-1,-1,-1,-15,-1,-1,resting,0.00,0,0,0,0,0
1779933154478,14080,9,-16384,8950,208,0,resting,0.00,0,0,0,0,0
1779933154509,-1,-1,-1,-20,-1,-1,resting,0.00,0,0,0,0,0
1779933154511,-1,-1,-1,-18,-1,-1,resting,0.00,0,0,0,0,0
1779933154511,-1,-1,-1,-14,-1,-1,resting,0.00,0,0,0,0,0
1779933154535,-1,-1,-1,-3,-1,-1,resting,0.00,0,0,0,0,0
1779933154536,-1,-1,-1,-1,-1,-1,resting,0.00,0,0,0,0,0
1779933154568,9472,9,-16384,8959,208,0,resting,0.00,0,0,0,0,0
1779933154600,-3705,7674,-7046,-4,38,-4,resting,0.00,0,0,0,0,0
1779933154600,-1,-1,-1,-255,-1,-1,resting,0.00,0,0,0,0,0
1779933154626,-3657,7686,-7041,-3,26,-12,resting,0.00,0,0,0,0,0
1779933154627,-1,-1,-1,-1,-1,-1,resting,0.00,0,0,0,0,0
1779933154628,-1,-1,-1,-256,-1,-1,resting,0.00,0,0,0,0,0
1779933154655,-1,-1,-1,-254,-1,-1,resting,0.00,0,0,0,0,0
1779933154656,-1,-1,-1,-1,-1,-1,resting,0.00,0,0,0,0,0
1779933154685,-1,-1,-1,-252,-1,-1,resting,0.00,0,0,0,0,0
1779933154718,13568,9,-16384,8973,208,0,resting,0.00,0,0,0,0,0
1779933154745,9984,9,-16384,8975,208,0,resting,0.00,0,0,0,0,0
1779933154776,-1,-1,-1,-247,-1,-1,resting,0.00,0,0,0,0,0
1779933154808,7936,9,-16384,8981,208,0,resting,0.00,0,0,0,0,0
1779933154808,-1,-1,-1,-245,-1,-1,resting,0.00,0,0,0,0,0
1779933154835,-3624,7400,-7149,4,0,-2,resting,0.00,0,0,0,0,0
1779933154836,-1,-1,-1,-254,-1,-1,resting,0.00,0,0,0,0,0
1779933154867,-1,-1,-1,-243,-1,-1,resting,0.00,0,0,0,0,0
1779933154868,-1,-1,-1,-242,-1,-1,resting,0.00,0,0,0,0,0
1779933154894,-1,-1,-1,-241,-1,-1,resting,0.00,0,0,0,0,0
1779933154895,-1,-1,-1,-5,-1,-1,resting,0.00,0,0,0,0,0
1779933154929,-1,-1,-1,-239,-1,-1,resting,0.00,0,0,0,0,0
1779933154929,-1,-1,-1,-5,-1,-1,resting,0.00,0,0,0,0,0
1779933154957,11520,9,-16384,8999,208,0,resting,0.00,0,0,0,0,0
1779933154987,-3651,7633,-6957,-15,17,11,resting,0.00,0,0,0,0,0
1779933154988,-1,-1,-1,-235,-1,-1,resting,0.00,0,0,0,0,0
1779933155017,-1,-1,-1,-234,-1,-1,resting,0.00,0,0,0,0,0
1779933155018,-3659,7663,-7048,-7,9,-1,resting,0.00,0,0,0,0,0
1779933155047,-1,-1,-1,-232,-1,-1,resting,0.00,0,0,0,0,0
1779933155075,-1,-1,-1,-231,-1,-1,resting,0.00,0,0,0,0,0
1779933155108,-1,-1,-1,-229,-1,-1,resting,0.00,0,0,0,0,0
1779933155135,-3691,7669,-6969,2,2,-21,resting,0.00,0,0,0,0,0
1779933155136,-1,-1,-1,-228,-1,-1,resting,0.00,0,0,0,0,0
1779933155182,-1,-1,-1,-226,-1,-1,resting,0.00,0,0,0,0,0
1779933155193,8192,9,-16384,9023,208,0,resting,0.00,0,0,0,0,0
1779933155224,9216,9,-16384,9025,208,0,resting,0.00,0,0,0,0,0
1779933155225,-1,-1,-1,-252,-1,-1,resting,0.00,0,0,0,0,0
1779933155258,-1,-1,-1,-222,-1,-1,resting,0.00,0,0,0,0,0
1779933155286,-1,-1,-1,-220,-1,-1,resting,0.00,0,0,0,0,0
1779933155320,-1,-1,-1,-219,-1,-1,resting,0.00,0,0,0,0,0
1779933155345,-1,-1,-1,-218,-1,-1,resting,0.00,0,0,0,0,0
1779933155346,-1,-1,-1,-4,-1,-1,resting,0.00,0,0,0,0,0
1779933155375,-1,-1,-1,-216,-1,-1,resting,0.00,0,0,0,0,0
1779933155407,-1,-1,-1,-214,-1,-1,resting,0.00,0,0,0,0,0
1779933155435,-1,-1,-1,-213,-1,-1,resting,0.00,0,0,0,0,0
1779933155466,-1,-1,-1,-212,-1,-1,resting,0.00,0,0,0,0,0
1779933155467,-1,-1,-1,-4,-1,-1,resting,0.00,0,0,0,0,0
1779933155496,-1,-1,-1,-210,-1,-1,resting,0.00,0,0,0,0,0
1779933155527,-1,-1,-1,-208,-1,-1,resting,0.00,0,0,0,0,0
1779933155558,-1,-1,-1,-207,-1,-1,resting,0.00,0,0,0,0,0
1779933155586,-1,-1,-1,-206,-1,-1,resting,0.00,0,0,0,0,0
1779933155615,9728,9,-16384,9063,208,0,resting,0.00,0,0,0,0,0
1779933155616,-1,-1,-1,-204,-1,-1,resting,0.00,0,0,0,0,0
1779933155645,-3613,7695,-6951,-11,13,7,resting,0.00,0,0,0,0,0
1779933155675,-1,-1,-1,-202,-1,-1,resting,0.00,0,0,0,0,0
1779933155708,8448,9,-16384,9072,208,0,resting,0.00,0,0,0,0,0
1779933155735,4864,9,-16384,9075,208,0,resting,0.00,0,0,0,0,0
1779933155735,9472,9,-16384,9077,208,0,resting,0.00,0,0,0,0,0
1779933155766,-1,-1,-1,-197,-1,-1,resting,0.00,0,0,0,0,0
1779933155795,8704,9,-16384,9081,208,0,resting,0.00,0,0,0,0,0
1779933155795,-1,-1,-1,-195,-1,-1,resting,0.00,0,0,0,0,0
1779933155827,-1,-1,-1,-193,-1,-1,resting,0.00,0,0,0,0,0
1779933155857,-1,-1,-1,-64,-1,-1,resting,0.00,0,0,0,0,0
1779933155885,9728,9,-16384,9090,208,0,resting,0.00,0,0,0,0,0
1779933155919,13056,9,-16384,9093,208,0,resting,0.00,0,0,0,0,0
1779933155945,-1,-1,-1,-60,-1,-1,resting,0.00,0,0,0,0,0
1779933155978,11008,9,-16384,9099,208,0,resting,0.00,0,0,0,0,0
1779933156007,-1,-1,-1,-57,-1,-1,resting,0.00,0,0,0,0,0
1779933156035,3072,9,-16384,9105,208,0,resting,0.00,0,0,0,0,0
1779933156036,-1,-1,-1,-55,-1,-1,resting,0.00,0,0,0,0,0
1779933156067,13312,9,-16384,9110,208,0,resting,0.00,0,0,0,0,0
1779933156095,6912,9,-16384,9112,208,0,resting,0.00,0,0,0,0,0
1779933156099,-1,-1,-1,-51,-1,-1,resting,0.00,0,0,0,0,0
1779933156125,-1,-1,-1,-50,-1,-1,resting,0.00,0,0,0,0,0
1779933156157,13568,9,-16384,9118,208,0,resting,0.00,0,0,0,0,0
1779933156159,11264,9,-32768,9120,208,0,resting,0.00,0,0,0,0,0
1779933156187,-1,-1,-1,-47,-1,-1,resting,0.00,0,0,0,0,0
1779933156216,16640,9,-16384,9124,208,0,resting,0.00,0,0,0,0,0
1779933156246,-1,-1,-1,-44,-1,-1,resting,0.00,0,0,0,0,0
1779933156275,7936,9,-16384,9130,208,0,resting,0.00,0,0,0,0,0
1779933156311,-1,-1,-1,-41,-1,-1,resting,0.00,0,0,0,0,0
1779933156340,-1,-1,-1,-39,-1,-1,resting,0.00,0,0,0,0,0
1779933156365,-1,-1,-1,-38,-1,-1,resting,0.00,0,0,0,0,0
1779933156431,-1,-1,-1,-36,-1,-1,resting,0.00,0,0,0,0,0
1779933156431,-1,-1,-1,-35,-1,-1,resting,0.00,0,0,0,0,0
1779933156455,6912,9,-16384,9148,208,0,resting,0.00,0,0,0,0,0
1779933156484,9984,9,-16384,9151,208,0,resting,0.00,0,0,0,0,0
1779933156514,8704,9,-16384,9154,208,0,resting,0.00,0,0,0,0,0
1779933156514,-1,-1,-1,-30,-1,-1,resting,0.00,0,0,0,0,0
1779933156548,-1,-1,-1,-29,-1,-1,resting,0.00,0,0,0,0,0
1779933156574,-1,-1,-1,-27,-1,-1,resting,0.00,0,0,0,0,0
1779933156606,-1,-1,-1,-26,-1,-1,resting,0.00,0,0,0,0,0
1779933156643,-1,-1,-1,-24,-1,-1,resting,0.00,0,0,0,0,0
1779933156665,-1,-1,-1,-23,-1,-1,resting,0.00,0,0,0,0,0
1779933156699,-1,-1,-1,-21,-1,-1,resting,0.00,0,0,0,0,0
1779933156725,-1,-1,-1,-20,-1,-1,resting,0.00,0,0,0,0,0
1779933156758,-1,-1,-1,-18,-1,-1,resting,0.00,0,0,0,0,0
1779933156788,-1,-1,-1,-17,-1,-1,resting,0.00,0,0,0,0,0
1779933156815,-1,-1,-1,-16,-1,-1,resting,0.00,0,0,0,0,0
1779933156848,2560,9,-16384,9187,208,0,resting,0.00,0,0,0,0,0
1779933156875,13056,9,-16384,9190,208,0,resting,0.00,0,0,0,0,0
1779933156905,13312,9,-16384,9193,208,0,resting,0.00,0,0,0,0,0
1779933156906,-1,-1,-1,-11,-1,-1,resting,0.00,0,0,0,0,0
1779933156936,-1,-1,-1,-9,-1,-1,resting,0.00,0,0,0,0,0
1779933156967,-1,-1,-1,-8,-1,-1,resting,0.00,0,0,0,0,0
1779933156998,9472,9,-16384,9202,208,0,resting,0.00,0,0,0,0,0
1779933157026,-1,-1,-1,-5,-1,-1,resting,0.00,0,0,0,0,0
1779933157058,-1,-1,-1,-3,-1,-1,resting,0.00,0,0,0,0,0
1779933157085,-1,-1,-1,-2,-1,-1,resting,0.00,0,0,0,0,0
1779933157115,-1,-1,-1,-256,-1,-1,resting,0.00,0,0,0,0,0
1779933157147,-1,-1,-1,-255,-1,-1,resting,0.00,0,0,0,0,0
1779933157209,-1,-1,-1,-252,-1,-1,resting,0.00,0,0,0,0,0
1779933157210,-1,-1,-1,-251,-1,-1,resting,0.00,0,0,0,0,0
1779933157235,-1,-1,-1,-250,-1,-1,resting,0.00,0,0,0,0,0
1779933157266,-1,-1,-1,-249,-1,-1,resting,0.00,0,0,0,0,0
1779933157300,11008,9,-16384,9233,208,0,resting,0.00,0,0,0,0,0
1779933157325,-1,-1,-1,-245,-1,-1,resting,0.00,0,0,0,0,0
1779933157355,-1,-1,-1,-244,-1,-1,resting,0.00,0,0,0,0,0
1779933157416,-1,-1,-1,-242,-1,-1,resting,0.00,0,0,0,0,0
1779933157446,-1,-1,-1,-241,-1,-1,resting,0.00,0,0,0,0,0
1779933157447,-1,-1,-1,-239,-1,-1,resting,0.00,0,0,0,0,0
1779933157475,-1,-1,-1,-238,-1,-1,resting,0.00,0,0,0,0,0
1779933157506,-1,-1,-1,-237,-1,-1,resting,0.00,0,0,0,0,0
1779933157539,12544,9,-16384,9257,208,0,resting,0.00,0,0,0,0,0
1779933157568,-1,-1,-1,-233,-1,-1,resting,0.00,0,0,0,0,0
1779933157597,-1,-1,-1,-232,-1,-1,resting,0.00,0,0,0,0,0
1779933157626,-1,-1,-1,-231,-1,-1,resting,0.00,0,0,0,0,0
1779933157658,-1,-1,-1,-230,-1,-1,resting,0.00,0,0,0,0,0
1779933157688,9728,9,-16384,9272,208,0,resting,0.00,0,0,0,0,0
1779933157689,-1,-1,-1,-227,-1,-1,resting,0.00,0,0,0,0,0
1779933157750,-1,-1,-1,-225,-1,-1,resting,0.00,0,0,0,0,0
1779933157750,-1,-1,-1,-224,-1,-1,resting,0.00,0,0,0,0,0
1779933157813,12544,9,-16384,9284,208,0,resting,0.00,0,0,0,0,0
1779933157834,12800,9,-16384,9287,208,0,resting,0.00,0,0,0,0,0
1779933157865,10752,9,-16384,9290,208,0,resting,0.00,0,0,0,0,0
1779933157866,-1,-1,-1,-218,-1,-1,resting,0.00,0,0,0,0,0
1779933157896,-1,-1,-1,-217,-1,-1,resting,0.00,0,0,0,0,0
1779933157930,-1,-1,-1,-216,-1,-1,resting,0.00,0,0,0,0,0
1779933157958,-1,-1,-1,-214,-1,-1,resting,0.00,0,0,0,0,0
1779933158019,-1,-1,-1,-212,-1,-1,resting,0.00,0,0,0,0,0
1779933158076,-1,-1,-1,-209,-1,-1,resting,0.00,0,0,0,0,0
1779933158139,-1,-1,-1,-206,-1,-1,resting,0.00,0,0,0,0,0
1779933158140,-1,-1,-1,-205,-1,-1,resting,0.00,0,0,0,0,0
1779933158166,-1,-1,-1,-203,-1,-1,resting,0.00,0,0,0,0,0
1779933158229,-1,-1,-1,-201,-1,-1,resting,0.00,0,0,0,0,0
1779933158321,-1,-1,-1,-196,-1,-1,resting,0.00,0,0,0,0,0
1779933158346,16384,9,-16384,9339,208,0,resting,0.00,0,0,0,0,0
1779933158375,-1,-1,-1,-64,-1,-1,resting,0.00,0,0,0,0,0
1779933158438,-1,-1,-1,-62,-1,-1,resting,0.00,0,0,0,0,0
1779933158466,15360,9,-16384,9352,208,0,resting,0.00,0,0,0,0,0
1779933158529,-1,-1,-1,-58,-1,-1,resting,0.00,0,0,0,0,0
1779933158558,9984,9,-16384,9360,208,0,resting,0.00,0,0,0,0,0
1779933158649,-1,-1,-1,-52,-1,-1,resting,0.00,0,0,0,0,0
1779933158708,-1,-1,-1,-48,-1,-1,resting,0.00,0,0,0,0,0
1779933158737,-1,-1,-1,-46,-1,-1,resting,0.00,0,0,0,0,0
1779933158798,-1,-1,-1,-43,-1,-1,resting,0.00,0,0,0,0,0
1779933158858,-1,-1,-1,-40,-1,-1,resting,0.00,0,0,0,0,0
1779933158921,-1,-1,-1,-38,-1,-1,resting,0.00,0,0,0,0,0
1779933158948,12800,9,-16384,9399,208,0,resting,0.00,0,0,0,0,0
1779933159008,-1,-1,-1,-34,-1,-1,resting,0.00,0,0,0,0,0
1779933159037,-1,-1,-1,-32,-1,-1,resting,0.00,0,0,0,0,0
1779933159065,-1,-1,-1,-30,-1,-1,resting,0.00,0,0,0,0,0
1779933159162,-1,-1,-1,-25,-1,-1,resting,0.00,0,0,0,0,0
1779933159250,-1,-1,-1,-21,-1,-1,resting,0.00,0,0,0,0,0
1779933159341,-1,-1,-1,-16,-1,-1,resting,0.00,0,0,0,0,0
1779933159488,-1,-1,-1,-8,-1,-1,resting,0.00,0,0,0,0,0
1779933159548,-1,-1,-1,-5,-1,-1,resting,0.00,0,0,0,0,0
1779933159763,-1,-1,-1,-251,-1,-1,resting,0.00,0,0,0,0,0
1779933160138,-1,-1,-1,-234,-1,-1,resting,0.00,0,0,0,0,0
1779933160244,-1,-1,-1,-227,-1,-1,resting,0.00,0,0,0,0,0
1779933172038,-1,-1,-1,-17,-1,-1,resting,0.00,0,0,0,0,0
1779933172312,-1,-1,-1,-3,-1,-1,resting,0.00,0,0,0,0,0
1779933172554,-1,-1,-1,-247,-1,-1,resting,0.00,0,0,0,0,0
1779933172837,-1,-1,-1,-232,-1,-1,resting,0.00,0,0,0,0,0
1779933172933,-1,-1,-1,-227,-1,-1,resting,0.00,0,0,0,0,0
1779933173054,-1,-1,-1,-220,-1,-1,resting,0.00,0,0,0,0,0
1779933173304,-1,-1,-1,-209,-1,-1,resting,0.00,0,0,0,0,0
1779933173317,-1,-1,-1,-207,-1,-1,resting,0.00,0,0,0,0,0
1779933173379,-1,-1,-1,-204,-1,-1,resting,0.00,0,0,0,0,0
1779933173504,-1,-1,-1,-198,-1,-1,resting,0.00,0,0,0,0,0
1779933173654,-1,-1,-1,-63,-1,-1,resting,0.00,0,0,0,0,0
1779933173807,-1,-1,-1,-55,-1,-1,resting,0.00,0,0,0,0,0
