solid OpenSCAD_Model
  facet normal 0 -0.85774 0.514084
    outer loop
      vertex 88 19.5379 2.38886
      vertex 90 19.6388 2.55721
      vertex 88 19.6388 2.55721
    endloop
  endfacet
  facet normal 0 -0.85774 0.514084
    outer loop
      vertex 90 19.6388 2.55721
      vertex 88 19.5379 2.38886
      vertex 90 19.5379 2.38886
    endloop
  endfacet
  facet normal 0 -0.242967 0.970035
    outer loop
      vertex 88 18.4556 1.58612
      vertex 90 18.2652 1.53843
      vertex 90 18.4556 1.58612
    endloop
  endfacet
  facet normal 0 -0.242967 0.970035
    outer loop
      vertex 90 18.2652 1.53843
      vertex 88 18.4556 1.58612
      vertex 88 18.2652 1.53843
    endloop
  endfacet
  facet normal -0 0.0490735 0.998795
    outer loop
      vertex 88 17.875 1.5
      vertex 90 17.679 1.50963
      vertex 90 17.875 1.5
    endloop
  endfacet
  facet normal 0 0.0490735 0.998795
    outer loop
      vertex 90 17.679 1.50963
      vertex 88 17.875 1.5
      vertex 88 17.679 1.50963
    endloop
  endfacet
  facet normal 0 -0.970019 -0.243027
    outer loop
      vertex 88 19.8366 3.89018
      vertex 90 19.7889 4.08057
      vertex 88 19.7889 4.08057
    endloop
  endfacet
  facet normal 0 -0.970019 -0.243027
    outer loop
      vertex 90 19.7889 4.08057
      vertex 88 19.8366 3.89018
      vertex 90 19.8366 3.89018
    endloop
  endfacet
  facet normal 0 -0.0490735 0.998795
    outer loop
      vertex 88 18.071 1.50963
      vertex 90 17.875 1.5
      vertex 90 18.071 1.50963
    endloop
  endfacet
  facet normal 0 -0.0490735 0.998795
    outer loop
      vertex 90 17.875 1.5
      vertex 88 18.071 1.50963
      vertex 88 17.875 1.5
    endloop
  endfacet
  facet normal 0 0.595573 -0.803301
    outer loop
      vertex 88 16.6062 5.04602
      vertex 90 16.7639 5.16294
      vertex 90 16.6062 5.04602
    endloop
  endfacet
  facet normal 0 0.595573 -0.803301
    outer loop
      vertex 90 16.7639 5.16294
      vertex 88 16.6062 5.04602
      vertex 88 16.7639 5.16294
    endloop
  endfacet
  facet normal 0 0.94158 0.336788
    outer loop
      vertex 90 16.0272 2.73463
      vertex 88 15.9611 2.91943
      vertex 90 15.9611 2.91943
    endloop
  endfacet
  facet normal 0 0.94158 0.336788
    outer loop
      vertex 88 15.9611 2.91943
      vertex 90 16.0272 2.73463
      vertex 88 16.0272 2.73463
    endloop
  endfacet
  facet normal 0 -0.146696 -0.989182
    outer loop
      vertex 88 18.071 5.49037
      vertex 90 18.2652 5.46157
      vertex 90 18.071 5.49037
    endloop
  endfacet
  facet normal -0 -0.146696 -0.989182
    outer loop
      vertex 90 18.2652 5.46157
      vertex 88 18.071 5.49037
      vertex 88 18.2652 5.46157
    endloop
  endfacet
  facet normal 0 -0.903819 -0.427916
    outer loop
      vertex 88 19.7228 4.26537
      vertex 90 19.6388 4.44279
      vertex 88 19.6388 4.44279
    endloop
  endfacet
  facet normal 0 -0.903819 -0.427916
    outer loop
      vertex 90 19.6388 4.44279
      vertex 88 19.7228 4.26537
      vertex 90 19.7228 4.26537
    endloop
  endfacet
  facet normal 0 -0.803259 -0.59563
    outer loop
      vertex 88 19.5379 4.61114
      vertex 90 19.421 4.76879
      vertex 88 19.421 4.76879
    endloop
  endfacet
  facet normal 0 -0.803259 -0.59563
    outer loop
      vertex 90 19.421 4.76879
      vertex 88 19.5379 4.61114
      vertex 90 19.5379 4.61114
    endloop
  endfacet
  facet normal 0 -0.989176 -0.146733
    outer loop
      vertex 88 19.8654 3.69603
      vertex 90 19.8366 3.89018
      vertex 88 19.8366 3.89018
    endloop
  endfacet
  facet normal 0 -0.989176 -0.146733
    outer loop
      vertex 90 19.8366 3.89018
      vertex 88 19.8654 3.69603
      vertex 90 19.8654 3.69603
    endloop
  endfacet
  facet normal 0 -0.595573 -0.803301
    outer loop
      vertex 88 18.9861 5.16294
      vertex 90 19.1438 5.04602
      vertex 90 18.9861 5.16294
    endloop
  endfacet
  facet normal -0 -0.595573 -0.803301
    outer loop
      vertex 90 19.1438 5.04602
      vertex 88 18.9861 5.16294
      vertex 88 19.1438 5.04602
    endloop
  endfacet
  facet normal -0 0.336879 0.941548
    outer loop
      vertex 88 17.2944 1.58612
      vertex 90 17.1096 1.65224
      vertex 90 17.2944 1.58612
    endloop
  endfacet
  facet normal 0 0.336879 0.941548
    outer loop
      vertex 90 17.1096 1.65224
      vertex 88 17.2944 1.58612
      vertex 88 17.1096 1.65224
    endloop
  endfacet
  facet normal 0 -0.803259 0.59563
    outer loop
      vertex 88 19.421 2.23121
      vertex 90 19.5379 2.38886
      vertex 88 19.5379 2.38886
    endloop
  endfacet
  facet normal 0 -0.803259 0.59563
    outer loop
      vertex 90 19.5379 2.38886
      vertex 88 19.421 2.23121
      vertex 90 19.421 2.23121
    endloop
  endfacet
  facet normal 0 -0.595573 0.803301
    outer loop
      vertex 88 19.1438 1.95398
      vertex 90 18.9861 1.83706
      vertex 90 19.1438 1.95398
    endloop
  endfacet
  facet normal 0 -0.595573 0.803301
    outer loop
      vertex 90 18.9861 1.83706
      vertex 88 19.1438 1.95398
      vertex 88 18.9861 1.83706
    endloop
  endfacet
  facet normal -0 0.146696 0.989182
    outer loop
      vertex 88 17.679 1.50963
      vertex 90 17.4848 1.53843
      vertex 90 17.679 1.50963
    endloop
  endfacet
  facet normal 0 0.146696 0.989182
    outer loop
      vertex 90 17.4848 1.53843
      vertex 88 17.679 1.50963
      vertex 88 17.4848 1.53843
    endloop
  endfacet
  facet normal 0 0.970019 -0.243027
    outer loop
      vertex 90 15.9134 3.89018
      vertex 88 15.9611 4.08057
      vertex 90 15.9611 4.08057
    endloop
  endfacet
  facet normal 0 0.970019 -0.243027
    outer loop
      vertex 88 15.9611 4.08057
      vertex 90 15.9134 3.89018
      vertex 88 15.9134 3.89018
    endloop
  endfacet
  facet normal 0 -0.336879 -0.941548
    outer loop
      vertex 88 18.4556 5.41388
      vertex 90 18.6404 5.34776
      vertex 90 18.4556 5.41388
    endloop
  endfacet
  facet normal -0 -0.336879 -0.941548
    outer loop
      vertex 90 18.6404 5.34776
      vertex 88 18.4556 5.41388
      vertex 88 18.6404 5.34776
    endloop
  endfacet
  facet normal 0 0.85774 0.514084
    outer loop
      vertex 90 16.2121 2.38886
      vertex 88 16.1112 2.55721
      vertex 90 16.1112 2.55721
    endloop
  endfacet
  facet normal 0 0.85774 0.514084
    outer loop
      vertex 88 16.1112 2.55721
      vertex 90 16.2121 2.38886
      vertex 88 16.2121 2.38886
    endloop
  endfacet
  facet normal -0 0.242967 0.970035
    outer loop
      vertex 88 17.4848 1.53843
      vertex 90 17.2944 1.58612
      vertex 90 17.4848 1.53843
    endloop
  endfacet
  facet normal 0 0.242967 0.970035
    outer loop
      vertex 90 17.2944 1.58612
      vertex 88 17.4848 1.53843
      vertex 88 17.2944 1.58612
    endloop
  endfacet
  facet normal -0 0.427622 0.903958
    outer loop
      vertex 88 17.1096 1.65224
      vertex 90 16.9322 1.73616
      vertex 90 17.1096 1.65224
    endloop
  endfacet
  facet normal 0 0.427622 0.903958
    outer loop
      vertex 90 16.9322 1.73616
      vertex 88 17.1096 1.65224
      vertex 88 16.9322 1.73616
    endloop
  endfacet
  facet normal 0 0.514196 -0.857673
    outer loop
      vertex 88 16.7639 5.16294
      vertex 90 16.9322 5.26384
      vertex 90 16.7639 5.16294
    endloop
  endfacet
  facet normal 0 0.514196 -0.857673
    outer loop
      vertex 90 16.9322 5.26384
      vertex 88 16.7639 5.16294
      vertex 88 16.9322 5.26384
    endloop
  endfacet
  facet normal 0 -0.146696 0.989182
    outer loop
      vertex 88 18.2652 1.53843
      vertex 90 18.071 1.50963
      vertex 90 18.2652 1.53843
    endloop
  endfacet
  facet normal 0 -0.146696 0.989182
    outer loop
      vertex 90 18.071 1.50963
      vertex 88 18.2652 1.53843
      vertex 88 18.071 1.50963
    endloop
  endfacet
  facet normal 0 0.998803 0.0489135
    outer loop
      vertex 90 15.8846 3.30397
      vertex 88 15.875 3.5
      vertex 90 15.875 3.5
    endloop
  endfacet
  facet normal 0 0.998803 0.0489135
    outer loop
      vertex 88 15.875 3.5
      vertex 90 15.8846 3.30397
      vertex 88 15.8846 3.30397
    endloop
  endfacet
  facet normal 0 -0.0490735 -0.998795
    outer loop
      vertex 88 17.875 5.5
      vertex 90 18.071 5.49037
      vertex 90 17.875 5.5
    endloop
  endfacet
  facet normal -0 -0.0490735 -0.998795
    outer loop
      vertex 90 18.071 5.49037
      vertex 88 17.875 5.5
      vertex 88 18.071 5.49037
    endloop
  endfacet
  facet normal 0 0.903819 0.427916
    outer loop
      vertex 90 16.1112 2.55721
      vertex 88 16.0272 2.73463
      vertex 90 16.0272 2.73463
    endloop
  endfacet
  facet normal 0 0.903819 0.427916
    outer loop
      vertex 88 16.0272 2.73463
      vertex 90 16.1112 2.55721
      vertex 88 16.1112 2.55721
    endloop
  endfacet
  facet normal 0 -0.94158 0.336788
    outer loop
      vertex 88 19.7228 2.73463
      vertex 90 19.7889 2.91943
      vertex 88 19.7889 2.91943
    endloop
  endfacet
  facet normal 0 -0.94158 0.336788
    outer loop
      vertex 90 19.7889 2.91943
      vertex 88 19.7228 2.73463
      vertex 90 19.7228 2.73463
    endloop
  endfacet
  facet normal 0 -0.903819 0.427916
    outer loop
      vertex 88 19.6388 2.55721
      vertex 90 19.7228 2.73463
      vertex 88 19.7228 2.73463
    endloop
  endfacet
  facet normal 0 -0.903819 0.427916
    outer loop
      vertex 90 19.7228 2.73463
      vertex 88 19.6388 2.55721
      vertex 90 19.6388 2.55721
    endloop
  endfacet
  facet normal 0 0.242967 -0.970035
    outer loop
      vertex 88 17.2944 5.41388
      vertex 90 17.4848 5.46157
      vertex 90 17.2944 5.41388
    endloop
  endfacet
  facet normal 0 0.242967 -0.970035
    outer loop
      vertex 90 17.4848 5.46157
      vertex 88 17.2944 5.41388
      vertex 88 17.4848 5.46157
    endloop
  endfacet
  facet normal -0 0.514196 0.857673
    outer loop
      vertex 88 16.9322 1.73616
      vertex 90 16.7639 1.83706
      vertex 90 16.9322 1.73616
    endloop
  endfacet
  facet normal 0 0.514196 0.857673
    outer loop
      vertex 90 16.7639 1.83706
      vertex 88 16.9322 1.73616
      vertex 88 16.7639 1.83706
    endloop
  endfacet
  facet normal 0 -0.85774 -0.514084
    outer loop
      vertex 88 19.6388 4.44279
      vertex 90 19.5379 4.61114
      vertex 88 19.5379 4.61114
    endloop
  endfacet
  facet normal 0 -0.85774 -0.514084
    outer loop
      vertex 90 19.5379 4.61114
      vertex 88 19.6388 4.44279
      vertex 90 19.6388 4.44279
    endloop
  endfacet
  facet normal 0 -0.336879 0.941548
    outer loop
      vertex 88 18.6404 1.65224
      vertex 90 18.4556 1.58612
      vertex 90 18.6404 1.65224
    endloop
  endfacet
  facet normal 0 -0.336879 0.941548
    outer loop
      vertex 90 18.4556 1.58612
      vertex 88 18.6404 1.65224
      vertex 88 18.4556 1.58612
    endloop
  endfacet
  facet normal 0 -0.970019 0.243027
    outer loop
      vertex 88 19.7889 2.91943
      vertex 90 19.8366 3.10982
      vertex 88 19.8366 3.10982
    endloop
  endfacet
  facet normal 0 -0.970019 0.243027
    outer loop
      vertex 90 19.8366 3.10982
      vertex 88 19.7889 2.91943
      vertex 90 19.7889 2.91943
    endloop
  endfacet
  facet normal -0 0.595573 0.803301
    outer loop
      vertex 88 16.7639 1.83706
      vertex 90 16.6062 1.95398
      vertex 90 16.7639 1.83706
    endloop
  endfacet
  facet normal 0 0.595573 0.803301
    outer loop
      vertex 90 16.6062 1.95398
      vertex 88 16.7639 1.83706
      vertex 88 16.6062 1.95398
    endloop
  endfacet
  facet normal 0 -0.427622 0.903958
    outer loop
      vertex 88 18.8178 1.73616
      vertex 90 18.6404 1.65224
      vertex 90 18.8178 1.73616
    endloop
  endfacet
  facet normal 0 -0.427622 0.903958
    outer loop
      vertex 90 18.6404 1.65224
      vertex 88 18.8178 1.73616
      vertex 88 18.6404 1.65224
    endloop
  endfacet
  facet normal 0 -0.242967 -0.970035
    outer loop
      vertex 88 18.2652 5.46157
      vertex 90 18.4556 5.41388
      vertex 90 18.2652 5.46157
    endloop
  endfacet
  facet normal -0 -0.242967 -0.970035
    outer loop
      vertex 90 18.4556 5.41388
      vertex 88 18.2652 5.46157
      vertex 88 18.4556 5.41388
    endloop
  endfacet
  facet normal 0 -0.998803 -0.0489135
    outer loop
      vertex 88 19.875 3.5
      vertex 90 19.8654 3.69603
      vertex 88 19.8654 3.69603
    endloop
  endfacet
  facet normal 0 -0.998803 -0.0489135
    outer loop
      vertex 90 19.8654 3.69603
      vertex 88 19.875 3.5
      vertex 90 19.875 3.5
    endloop
  endfacet
  facet normal 0 -0.94158 -0.336788
    outer loop
      vertex 88 19.7889 4.08057
      vertex 90 19.7228 4.26537
      vertex 88 19.7228 4.26537
    endloop
  endfacet
  facet normal 0 -0.94158 -0.336788
    outer loop
      vertex 90 19.7228 4.26537
      vertex 88 19.7889 4.08057
      vertex 90 19.7889 4.08057
    endloop
  endfacet
  facet normal 0 0.146696 -0.989182
    outer loop
      vertex 88 17.4848 5.46157
      vertex 90 17.679 5.49037
      vertex 90 17.4848 5.46157
    endloop
  endfacet
  facet normal 0 0.146696 -0.989182
    outer loop
      vertex 90 17.679 5.49037
      vertex 88 17.4848 5.46157
      vertex 88 17.679 5.49037
    endloop
  endfacet
  facet normal 0 0.671635 -0.740882
    outer loop
      vertex 88 16.4608 4.91421
      vertex 90 16.6062 5.04602
      vertex 90 16.4608 4.91421
    endloop
  endfacet
  facet normal 0 0.671635 -0.740882
    outer loop
      vertex 90 16.6062 5.04602
      vertex 88 16.4608 4.91421
      vertex 88 16.6062 5.04602
    endloop
  endfacet
  facet normal 0 -0.514196 0.857673
    outer loop
      vertex 88 18.9861 1.83706
      vertex 90 18.8178 1.73616
      vertex 90 18.9861 1.83706
    endloop
  endfacet
  facet normal 0 -0.514196 0.857673
    outer loop
      vertex 90 18.8178 1.73616
      vertex 88 18.9861 1.83706
      vertex 88 18.8178 1.73616
    endloop
  endfacet
  facet normal 0 0.998803 -0.0489135
    outer loop
      vertex 90 15.875 3.5
      vertex 88 15.8846 3.69603
      vertex 90 15.8846 3.69603
    endloop
  endfacet
  facet normal 0 0.998803 -0.0489135
    outer loop
      vertex 88 15.8846 3.69603
      vertex 90 15.875 3.5
      vertex 88 15.875 3.5
    endloop
  endfacet
  facet normal 0 0.0490735 -0.998795
    outer loop
      vertex 88 17.679 5.49037
      vertex 90 17.875 5.5
      vertex 90 17.679 5.49037
    endloop
  endfacet
  facet normal 0 0.0490735 -0.998795
    outer loop
      vertex 90 17.875 5.5
      vertex 88 17.679 5.49037
      vertex 88 17.875 5.5
    endloop
  endfacet
  facet normal 0 0.803259 -0.59563
    outer loop
      vertex 90 16.2121 4.61114
      vertex 88 16.329 4.76879
      vertex 90 16.329 4.76879
    endloop
  endfacet
  facet normal 0 0.803259 -0.59563
    outer loop
      vertex 88 16.329 4.76879
      vertex 90 16.2121 4.61114
      vertex 88 16.2121 4.61114
    endloop
  endfacet
  facet normal 0 -0.740954 -0.671556
    outer loop
      vertex 88 19.421 4.76879
      vertex 90 19.2892 4.91421
      vertex 88 19.2892 4.91421
    endloop
  endfacet
  facet normal 0 -0.740954 -0.671556
    outer loop
      vertex 90 19.2892 4.91421
      vertex 88 19.421 4.76879
      vertex 90 19.421 4.76879
    endloop
  endfacet
  facet normal 0 0.336879 -0.941548
    outer loop
      vertex 88 17.1096 5.34776
      vertex 90 17.2944 5.41388
      vertex 90 17.1096 5.34776
    endloop
  endfacet
  facet normal 0 0.336879 -0.941548
    outer loop
      vertex 90 17.2944 5.41388
      vertex 88 17.1096 5.34776
      vertex 88 17.2944 5.41388
    endloop
  endfacet
  facet normal 0 0.803259 0.59563
    outer loop
      vertex 90 16.329 2.23121
      vertex 88 16.2121 2.38886
      vertex 90 16.2121 2.38886
    endloop
  endfacet
  facet normal 0 0.803259 0.59563
    outer loop
      vertex 88 16.2121 2.38886
      vertex 90 16.329 2.23121
      vertex 88 16.329 2.23121
    endloop
  endfacet
  facet normal 0 0.989176 0.146733
    outer loop
      vertex 90 15.9134 3.10982
      vertex 88 15.8846 3.30397
      vertex 90 15.8846 3.30397
    endloop
  endfacet
  facet normal 0 0.989176 0.146733
    outer loop
      vertex 88 15.8846 3.30397
      vertex 90 15.9134 3.10982
      vertex 88 15.9134 3.10982
    endloop
  endfacet
  facet normal 0 -0.514196 -0.857673
    outer loop
      vertex 88 18.8178 5.26384
      vertex 90 18.9861 5.16294
      vertex 90 18.8178 5.26384
    endloop
  endfacet
  facet normal -0 -0.514196 -0.857673
    outer loop
      vertex 90 18.9861 5.16294
      vertex 88 18.8178 5.26384
      vertex 88 18.9861 5.16294
    endloop
  endfacet
  facet normal 0 0.903819 -0.427916
    outer loop
      vertex 90 16.0272 4.26537
      vertex 88 16.1112 4.44279
      vertex 90 16.1112 4.44279
    endloop
  endfacet
  facet normal 0 0.903819 -0.427916
    outer loop
      vertex 88 16.1112 4.44279
      vertex 90 16.0272 4.26537
      vertex 88 16.0272 4.26537
    endloop
  endfacet
  facet normal 0 0.970019 0.243027
    outer loop
      vertex 90 15.9611 2.91943
      vertex 88 15.9134 3.10982
      vertex 90 15.9134 3.10982
    endloop
  endfacet
  facet normal 0 0.970019 0.243027
    outer loop
      vertex 88 15.9134 3.10982
      vertex 90 15.9611 2.91943
      vertex 88 15.9611 2.91943
    endloop
  endfacet
  facet normal 0 -0.998803 0.0489135
    outer loop
      vertex 88 19.8654 3.30397
      vertex 90 19.875 3.5
      vertex 88 19.875 3.5
    endloop
  endfacet
  facet normal 0 -0.998803 0.0489135
    outer loop
      vertex 90 19.875 3.5
      vertex 88 19.8654 3.30397
      vertex 90 19.8654 3.30397
    endloop
  endfacet
  facet normal 0 -0.989176 0.146733
    outer loop
      vertex 88 19.8366 3.10982
      vertex 90 19.8654 3.30397
      vertex 88 19.8654 3.30397
    endloop
  endfacet
  facet normal 0 -0.989176 0.146733
    outer loop
      vertex 90 19.8654 3.30397
      vertex 88 19.8366 3.10982
      vertex 90 19.8366 3.10982
    endloop
  endfacet
  facet normal 0 -0.740954 0.671556
    outer loop
      vertex 88 19.2892 2.08579
      vertex 90 19.421 2.23121
      vertex 88 19.421 2.23121
    endloop
  endfacet
  facet normal 0 -0.740954 0.671556
    outer loop
      vertex 90 19.421 2.23121
      vertex 88 19.2892 2.08579
      vertex 90 19.2892 2.08579
    endloop
  endfacet
  facet normal 0 0.740954 0.671556
    outer loop
      vertex 90 16.4608 2.08579
      vertex 88 16.329 2.23121
      vertex 90 16.329 2.23121
    endloop
  endfacet
  facet normal 0 0.740954 0.671556
    outer loop
      vertex 88 16.329 2.23121
      vertex 90 16.4608 2.08579
      vertex 88 16.4608 2.08579
    endloop
  endfacet
  facet normal 0 -0.671635 -0.740882
    outer loop
      vertex 88 19.1438 5.04602
      vertex 90 19.2892 4.91421
      vertex 90 19.1438 5.04602
    endloop
  endfacet
  facet normal -0 -0.671635 -0.740882
    outer loop
      vertex 90 19.2892 4.91421
      vertex 88 19.1438 5.04602
      vertex 88 19.2892 4.91421
    endloop
  endfacet
  facet normal 0 -0.671635 0.740882
    outer loop
      vertex 88 19.2892 2.08579
      vertex 90 19.1438 1.95398
      vertex 90 19.2892 2.08579
    endloop
  endfacet
  facet normal 0 -0.671635 0.740882
    outer loop
      vertex 90 19.1438 1.95398
      vertex 88 19.2892 2.08579
      vertex 88 19.1438 1.95398
    endloop
  endfacet
  facet normal 0 0.740954 -0.671556
    outer loop
      vertex 90 16.329 4.76879
      vertex 88 16.4608 4.91421
      vertex 90 16.4608 4.91421
    endloop
  endfacet
  facet normal 0 0.740954 -0.671556
    outer loop
      vertex 88 16.4608 4.91421
      vertex 90 16.329 4.76879
      vertex 88 16.329 4.76879
    endloop
  endfacet
  facet normal 0 0.427622 -0.903958
    outer loop
      vertex 88 16.9322 5.26384
      vertex 90 17.1096 5.34776
      vertex 90 16.9322 5.26384
    endloop
  endfacet
  facet normal 0 0.427622 -0.903958
    outer loop
      vertex 90 17.1096 5.34776
      vertex 88 16.9322 5.26384
      vertex 88 17.1096 5.34776
    endloop
  endfacet
  facet normal 0 0.989176 -0.146733
    outer loop
      vertex 90 15.8846 3.69603
      vertex 88 15.9134 3.89018
      vertex 90 15.9134 3.89018
    endloop
  endfacet
  facet normal 0 0.989176 -0.146733
    outer loop
      vertex 88 15.9134 3.89018
      vertex 90 15.8846 3.69603
      vertex 88 15.8846 3.69603
    endloop
  endfacet
  facet normal -0 0.671635 0.740882
    outer loop
      vertex 88 16.6062 1.95398
      vertex 90 16.4608 2.08579
      vertex 90 16.6062 1.95398
    endloop
  endfacet
  facet normal 0 0.671635 0.740882
    outer loop
      vertex 90 16.4608 2.08579
      vertex 88 16.6062 1.95398
      vertex 88 16.4608 2.08579
    endloop
  endfacet
  facet normal 0 -0.427622 -0.903958
    outer loop
      vertex 88 18.6404 5.34776
      vertex 90 18.8178 5.26384
      vertex 90 18.6404 5.34776
    endloop
  endfacet
  facet normal -0 -0.427622 -0.903958
    outer loop
      vertex 90 18.8178 5.26384
      vertex 88 18.6404 5.34776
      vertex 88 18.8178 5.26384
    endloop
  endfacet
  facet normal 0 0.94158 -0.336788
    outer loop
      vertex 90 15.9611 4.08057
      vertex 88 16.0272 4.26537
      vertex 90 16.0272 4.26537
    endloop
  endfacet
  facet normal 0 0.94158 -0.336788
    outer loop
      vertex 88 16.0272 4.26537
      vertex 90 15.9611 4.08057
      vertex 88 15.9611 4.08057
    endloop
  endfacet
  facet normal 0 0.85774 -0.514084
    outer loop
      vertex 90 16.1112 4.44279
      vertex 88 16.2121 4.61114
      vertex 90 16.2121 4.61114
    endloop
  endfacet
  facet normal 0 0.85774 -0.514084
    outer loop
      vertex 88 16.2121 4.61114
      vertex 90 16.1112 4.44279
      vertex 88 16.1112 4.44279
    endloop
  endfacet
  facet normal 0 -0.85774 0.514084
    outer loop
      vertex 88 32.0379 2.38886
      vertex 90 32.1388 2.55721
      vertex 88 32.1388 2.55721
    endloop
  endfacet
  facet normal 0 -0.85774 0.514084
    outer loop
      vertex 90 32.1388 2.55721
      vertex 88 32.0379 2.38886
      vertex 90 32.0379 2.38886
    endloop
  endfacet
  facet normal 0 -0.146696 0.989182
    outer loop
      vertex 88 30.7652 1.53843
      vertex 90 30.571 1.50963
      vertex 90 30.7652 1.53843
    endloop
  endfacet
  facet normal 0 -0.146696 0.989182
    outer loop
      vertex 90 30.571 1.50963
      vertex 88 30.7652 1.53843
      vertex 88 30.571 1.50963
    endloop
  endfacet
  facet normal 0 -0.242967 0.970035
    outer loop
      vertex 88 30.9556 1.58612
      vertex 90 30.7652 1.53843
      vertex 90 30.9556 1.58612
    endloop
  endfacet
  facet normal 0 -0.242967 0.970035
    outer loop
      vertex 90 30.7652 1.53843
      vertex 88 30.9556 1.58612
      vertex 88 30.7652 1.53843
    endloop
  endfacet
  facet normal -0 0.0490735 0.998795
    outer loop
      vertex 88 30.375 1.5
      vertex 90 30.179 1.50963
      vertex 90 30.375 1.5
    endloop
  endfacet
  facet normal 0 0.0490735 0.998795
    outer loop
      vertex 90 30.179 1.50963
      vertex 88 30.375 1.5
      vertex 88 30.179 1.50963
    endloop
  endfacet
  facet normal 0 -0.970019 -0.243027
    outer loop
      vertex 88 32.3366 3.89018
      vertex 90 32.2889 4.08057
      vertex 88 32.2889 4.08057
    endloop
  endfacet
  facet normal 0 -0.970019 -0.243027
    outer loop
      vertex 90 32.2889 4.08057
      vertex 88 32.3366 3.89018
      vertex 90 32.3366 3.89018
    endloop
  endfacet
  facet normal 0 -0.0490735 0.998795
    outer loop
      vertex 88 30.571 1.50963
      vertex 90 30.375 1.5
      vertex 90 30.571 1.50963
    endloop
  endfacet
  facet normal 0 -0.0490735 0.998795
    outer loop
      vertex 90 30.375 1.5
      vertex 88 30.571 1.50963
      vertex 88 30.375 1.5
    endloop
  endfacet
  facet normal 0 0.595573 -0.803301
    outer loop
      vertex 88 29.1062 5.04602
      vertex 90 29.2639 5.16294
      vertex 90 29.1062 5.04602
    endloop
  endfacet
  facet normal 0 0.595573 -0.803301
    outer loop
      vertex 90 29.2639 5.16294
      vertex 88 29.1062 5.04602
      vertex 88 29.2639 5.16294
    endloop
  endfacet
  facet normal 0 0.94158 0.336788
    outer loop
      vertex 90 28.5272 2.73463
      vertex 88 28.4611 2.91943
      vertex 90 28.4611 2.91943
    endloop
  endfacet
  facet normal 0 0.94158 0.336788
    outer loop
      vertex 88 28.4611 2.91943
      vertex 90 28.5272 2.73463
      vertex 88 28.5272 2.73463
    endloop
  endfacet
  facet normal 0 -0.146696 -0.989182
    outer loop
      vertex 88 30.571 5.49037
      vertex 90 30.7652 5.46157
      vertex 90 30.571 5.49037
    endloop
  endfacet
  facet normal -0 -0.146696 -0.989182
    outer loop
      vertex 90 30.7652 5.46157
      vertex 88 30.571 5.49037
      vertex 88 30.7652 5.46157
    endloop
  endfacet
  facet normal 0 -0.903819 -0.427916
    outer loop
      vertex 88 32.2228 4.26537
      vertex 90 32.1388 4.44279
      vertex 88 32.1388 4.44279
    endloop
  endfacet
  facet normal 0 -0.903819 -0.427916
    outer loop
      vertex 90 32.1388 4.44279
      vertex 88 32.2228 4.26537
      vertex 90 32.2228 4.26537
    endloop
  endfacet
  facet normal 0 -0.803259 -0.59563
    outer loop
      vertex 88 32.0379 4.61114
      vertex 90 31.921 4.76879
      vertex 88 31.921 4.76879
    endloop
  endfacet
  facet normal 0 -0.803259 -0.59563
    outer loop
      vertex 90 31.921 4.76879
      vertex 88 32.0379 4.61114
      vertex 90 32.0379 4.61114
    endloop
  endfacet
  facet normal 0 -0.989176 -0.146733
    outer loop
      vertex 88 32.3654 3.69603
      vertex 90 32.3366 3.89018
      vertex 88 32.3366 3.89018
    endloop
  endfacet
  facet normal 0 -0.989176 -0.146733
    outer loop
      vertex 90 32.3366 3.89018
      vertex 88 32.3654 3.69603
      vertex 90 32.3654 3.69603
    endloop
  endfacet
  facet normal 0 -0.595573 -0.803301
    outer loop
      vertex 88 31.4861 5.16294
      vertex 90 31.6438 5.04602
      vertex 90 31.4861 5.16294
    endloop
  endfacet
  facet normal -0 -0.595573 -0.803301
    outer loop
      vertex 90 31.6438 5.04602
      vertex 88 31.4861 5.16294
      vertex 88 31.6438 5.04602
    endloop
  endfacet
  facet normal -0 0.336879 0.941548
    outer loop
      vertex 88 29.7944 1.58612
      vertex 90 29.6096 1.65224
      vertex 90 29.7944 1.58612
    endloop
  endfacet
  facet normal 0 0.336879 0.941548
    outer loop
      vertex 90 29.6096 1.65224
      vertex 88 29.7944 1.58612
      vertex 88 29.6096 1.65224
    endloop
  endfacet
  facet normal 0 -0.803259 0.59563
    outer loop
      vertex 88 31.921 2.23121
      vertex 90 32.0379 2.38886
      vertex 88 32.0379 2.38886
    endloop
  endfacet
  facet normal 0 -0.803259 0.59563
    outer loop
      vertex 90 32.0379 2.38886
      vertex 88 31.921 2.23121
      vertex 90 31.921 2.23121
    endloop
  endfacet
  facet normal 0 -0.595573 0.803301
    outer loop
      vertex 88 31.6438 1.95398
      vertex 90 31.4861 1.83706
      vertex 90 31.6438 1.95398
    endloop
  endfacet
  facet normal 0 -0.595573 0.803301
    outer loop
      vertex 90 31.4861 1.83706
      vertex 88 31.6438 1.95398
      vertex 88 31.4861 1.83706
    endloop
  endfacet
  facet normal -0 0.146696 0.989182
    outer loop
      vertex 88 30.179 1.50963
      vertex 90 29.9848 1.53843
      vertex 90 30.179 1.50963
    endloop
  endfacet
  facet normal 0 0.146696 0.989182
    outer loop
      vertex 90 29.9848 1.53843
      vertex 88 30.179 1.50963
      vertex 88 29.9848 1.53843
    endloop
  endfacet
  facet normal 0 0.970019 -0.243027
    outer loop
      vertex 90 28.4134 3.89018
      vertex 88 28.4611 4.08057
      vertex 90 28.4611 4.08057
    endloop
  endfacet
  facet normal 0 0.970019 -0.243027
    outer loop
      vertex 88 28.4611 4.08057
      vertex 90 28.4134 3.89018
      vertex 88 28.4134 3.89018
    endloop
  endfacet
  facet normal 0 -0.336879 -0.941548
    outer loop
      vertex 88 30.9556 5.41388
      vertex 90 31.1404 5.34776
      vertex 90 30.9556 5.41388
    endloop
  endfacet
  facet normal -0 -0.336879 -0.941548
    outer loop
      vertex 90 31.1404 5.34776
      vertex 88 30.9556 5.41388
      vertex 88 31.1404 5.34776
    endloop
  endfacet
  facet normal 0 0.85774 0.514084
    outer loop
      vertex 90 28.7121 2.38886
      vertex 88 28.6112 2.55721
      vertex 90 28.6112 2.55721
    endloop
  endfacet
  facet normal 0 0.85774 0.514084
    outer loop
      vertex 88 28.6112 2.55721
      vertex 90 28.7121 2.38886
      vertex 88 28.7121 2.38886
    endloop
  endfacet
  facet normal -0 0.242967 0.970035
    outer loop
      vertex 88 29.9848 1.53843
      vertex 90 29.7944 1.58612
      vertex 90 29.9848 1.53843
    endloop
  endfacet
  facet normal 0 0.242967 0.970035
    outer loop
      vertex 90 29.7944 1.58612
      vertex 88 29.9848 1.53843
      vertex 88 29.7944 1.58612
    endloop
  endfacet
  facet normal -0 0.427622 0.903958
    outer loop
      vertex 88 29.6096 1.65224
      vertex 90 29.4322 1.73616
      vertex 90 29.6096 1.65224
    endloop
  endfacet
  facet normal 0 0.427622 0.903958
    outer loop
      vertex 90 29.4322 1.73616
      vertex 88 29.6096 1.65224
      vertex 88 29.4322 1.73616
    endloop
  endfacet
  facet normal 0 0.514196 -0.857673
    outer loop
      vertex 88 29.2639 5.16294
      vertex 90 29.4322 5.26384
      vertex 90 29.2639 5.16294
    endloop
  endfacet
  facet normal 0 0.514196 -0.857673
    outer loop
      vertex 90 29.4322 5.26384
      vertex 88 29.2639 5.16294
      vertex 88 29.4322 5.26384
    endloop
  endfacet
  facet normal 0 0.998803 0.0489135
    outer loop
      vertex 90 28.3846 3.30397
      vertex 88 28.375 3.5
      vertex 90 28.375 3.5
    endloop
  endfacet
  facet normal 0 0.998803 0.0489135
    outer loop
      vertex 88 28.375 3.5
      vertex 90 28.3846 3.30397
      vertex 88 28.3846 3.30397
    endloop
  endfacet
  facet normal 0 -0.0490735 -0.998795
    outer loop
      vertex 88 30.375 5.5
      vertex 90 30.571 5.49037
      vertex 90 30.375 5.5
    endloop
  endfacet
  facet normal -0 -0.0490735 -0.998795
    outer loop
      vertex 90 30.571 5.49037
      vertex 88 30.375 5.5
      vertex 88 30.571 5.49037
    endloop
  endfacet
  facet normal 0 0.903819 0.427916
    outer loop
      vertex 90 28.6112 2.55721
      vertex 88 28.5272 2.73463
      vertex 90 28.5272 2.73463
    endloop
  endfacet
  facet normal 0 0.903819 0.427916
    outer loop
      vertex 88 28.5272 2.73463
      vertex 90 28.6112 2.55721
      vertex 88 28.6112 2.55721
    endloop
  endfacet
  facet normal 0 -0.94158 0.336788
    outer loop
      vertex 88 32.2228 2.73463
      vertex 90 32.2889 2.91943
      vertex 88 32.2889 2.91943
    endloop
  endfacet
  facet normal 0 -0.94158 0.336788
    outer loop
      vertex 90 32.2889 2.91943
      vertex 88 32.2228 2.73463
      vertex 90 32.2228 2.73463
    endloop
  endfacet
  facet normal 0 -0.903819 0.427916
    outer loop
      vertex 88 32.1388 2.55721
      vertex 90 32.2228 2.73463
      vertex 88 32.2228 2.73463
    endloop
  endfacet
  facet normal 0 -0.903819 0.427916
    outer loop
      vertex 90 32.2228 2.73463
      vertex 88 32.1388 2.55721
      vertex 90 32.1388 2.55721
    endloop
  endfacet
  facet normal 0 0.242967 -0.970035
    outer loop
      vertex 88 29.7944 5.41388
      vertex 90 29.9848 5.46157
      vertex 90 29.7944 5.41388
    endloop
  endfacet
  facet normal 0 0.242967 -0.970035
    outer loop
      vertex 90 29.9848 5.46157
      vertex 88 29.7944 5.41388
      vertex 88 29.9848 5.46157
    endloop
  endfacet
  facet normal -0 0.514196 0.857673
    outer loop
      vertex 88 29.4322 1.73616
      vertex 90 29.2639 1.83706
      vertex 90 29.4322 1.73616
    endloop
  endfacet
  facet normal 0 0.514196 0.857673
    outer loop
      vertex 90 29.2639 1.83706
      vertex 88 29.4322 1.73616
      vertex 88 29.2639 1.83706
    endloop
  endfacet
  facet normal 0 -0.85774 -0.514084
    outer loop
      vertex 88 32.1388 4.44279
      vertex 90 32.0379 4.61114
      vertex 88 32.0379 4.61114
    endloop
  endfacet
  facet normal 0 -0.85774 -0.514084
    outer loop
      vertex 90 32.0379 4.61114
      vertex 88 32.1388 4.44279
      vertex 90 32.1388 4.44279
    endloop
  endfacet
  facet normal 0 -0.336879 0.941548
    outer loop
      vertex 88 31.1404 1.65224
      vertex 90 30.9556 1.58612
      vertex 90 31.1404 1.65224
    endloop
  endfacet
  facet normal 0 -0.336879 0.941548
    outer loop
      vertex 90 30.9556 1.58612
      vertex 88 31.1404 1.65224
      vertex 88 30.9556 1.58612
    endloop
  endfacet
  facet normal 0 -0.970019 0.243027
    outer loop
      vertex 88 32.2889 2.91943
      vertex 90 32.3366 3.10982
      vertex 88 32.3366 3.10982
    endloop
  endfacet
  facet normal 0 -0.970019 0.243027
    outer loop
      vertex 90 32.3366 3.10982
      vertex 88 32.2889 2.91943
      vertex 90 32.2889 2.91943
    endloop
  endfacet
  facet normal -0 0.595573 0.803301
    outer loop
      vertex 88 29.2639 1.83706
      vertex 90 29.1062 1.95398
      vertex 90 29.2639 1.83706
    endloop
  endfacet
  facet normal 0 0.595573 0.803301
    outer loop
      vertex 90 29.1062 1.95398
      vertex 88 29.2639 1.83706
      vertex 88 29.1062 1.95398
    endloop
  endfacet
  facet normal 0 -0.427622 0.903958
    outer loop
      vertex 88 31.3178 1.73616
      vertex 90 31.1404 1.65224
      vertex 90 31.3178 1.73616
    endloop
  endfacet
  facet normal 0 -0.427622 0.903958
    outer loop
      vertex 90 31.1404 1.65224
      vertex 88 31.3178 1.73616
      vertex 88 31.1404 1.65224
    endloop
  endfacet
  facet normal 0 -0.242967 -0.970035
    outer loop
      vertex 88 30.7652 5.46157
      vertex 90 30.9556 5.41388
      vertex 90 30.7652 5.46157
    endloop
  endfacet
  facet normal -0 -0.242967 -0.970035
    outer loop
      vertex 90 30.9556 5.41388
      vertex 88 30.7652 5.46157
      vertex 88 30.9556 5.41388
    endloop
  endfacet
  facet normal 0 -0.998803 -0.0489135
    outer loop
      vertex 88 32.375 3.5
      vertex 90 32.3654 3.69603
      vertex 88 32.3654 3.69603
    endloop
  endfacet
  facet normal 0 -0.998803 -0.0489135
    outer loop
      vertex 90 32.3654 3.69603
      vertex 88 32.375 3.5
      vertex 90 32.375 3.5
    endloop
  endfacet
  facet normal 0 -0.989176 0.146733
    outer loop
      vertex 88 32.3366 3.10982
      vertex 90 32.3654 3.30397
      vertex 88 32.3654 3.30397
    endloop
  endfacet
  facet normal 0 -0.989176 0.146733
    outer loop
      vertex 90 32.3654 3.30397
      vertex 88 32.3366 3.10982
      vertex 90 32.3366 3.10982
    endloop
  endfacet
  facet normal 0 -0.94158 -0.336788
    outer loop
      vertex 88 32.2889 4.08057
      vertex 90 32.2228 4.26537
      vertex 88 32.2228 4.26537
    endloop
  endfacet
  facet normal 0 -0.94158 -0.336788
    outer loop
      vertex 90 32.2228 4.26537
      vertex 88 32.2889 4.08057
      vertex 90 32.2889 4.08057
    endloop
  endfacet
  facet normal 0 0.146696 -0.989182
    outer loop
      vertex 88 29.9848 5.46157
      vertex 90 30.179 5.49037
      vertex 90 29.9848 5.46157
    endloop
  endfacet
  facet normal 0 0.146696 -0.989182
    outer loop
      vertex 90 30.179 5.49037
      vertex 88 29.9848 5.46157
      vertex 88 30.179 5.49037
    endloop
  endfacet
  facet normal 0 0.671635 -0.740882
    outer loop
      vertex 88 28.9608 4.91421
      vertex 90 29.1062 5.04602
      vertex 90 28.9608 4.91421
    endloop
  endfacet
  facet normal 0 0.671635 -0.740882
    outer loop
      vertex 90 29.1062 5.04602
      vertex 88 28.9608 4.91421
      vertex 88 29.1062 5.04602
    endloop
  endfacet
  facet normal 0 -0.514196 0.857673
    outer loop
      vertex 88 31.4861 1.83706
      vertex 90 31.3178 1.73616
      vertex 90 31.4861 1.83706
    endloop
  endfacet
  facet normal 0 -0.514196 0.857673
    outer loop
      vertex 90 31.3178 1.73616
      vertex 88 31.4861 1.83706
      vertex 88 31.3178 1.73616
    endloop
  endfacet
  facet normal 0 0.0490735 -0.998795
    outer loop
      vertex 88 30.179 5.49037
      vertex 90 30.375 5.5
      vertex 90 30.179 5.49037
    endloop
  endfacet
  facet normal 0 0.0490735 -0.998795
    outer loop
      vertex 90 30.375 5.5
      vertex 88 30.179 5.49037
      vertex 88 30.375 5.5
    endloop
  endfacet
  facet normal 0 0.803259 -0.59563
    outer loop
      vertex 90 28.7121 4.61114
      vertex 88 28.829 4.76879
      vertex 90 28.829 4.76879
    endloop
  endfacet
  facet normal 0 0.803259 -0.59563
    outer loop
      vertex 88 28.829 4.76879
      vertex 90 28.7121 4.61114
      vertex 88 28.7121 4.61114
    endloop
  endfacet
  facet normal 0 -0.740954 -0.671556
    outer loop
      vertex 88 31.921 4.76879
      vertex 90 31.7892 4.91421
      vertex 88 31.7892 4.91421
    endloop
  endfacet
  facet normal 0 -0.740954 -0.671556
    outer loop
      vertex 90 31.7892 4.91421
      vertex 88 31.921 4.76879
      vertex 90 31.921 4.76879
    endloop
  endfacet
  facet normal 0 0.336879 -0.941548
    outer loop
      vertex 88 29.6096 5.34776
      vertex 90 29.7944 5.41388
      vertex 90 29.6096 5.34776
    endloop
  endfacet
  facet normal 0 0.336879 -0.941548
    outer loop
      vertex 90 29.7944 5.41388
      vertex 88 29.6096 5.34776
      vertex 88 29.7944 5.41388
    endloop
  endfacet
  facet normal 0 0.803259 0.59563
    outer loop
      vertex 90 28.829 2.23121
      vertex 88 28.7121 2.38886
      vertex 90 28.7121 2.38886
    endloop
  endfacet
  facet normal 0 0.803259 0.59563
    outer loop
      vertex 88 28.7121 2.38886
      vertex 90 28.829 2.23121
      vertex 88 28.829 2.23121
    endloop
  endfacet
  facet normal 0 0.989176 0.146733
    outer loop
      vertex 90 28.4134 3.10982
      vertex 88 28.3846 3.30397
      vertex 90 28.3846 3.30397
    endloop
  endfacet
  facet normal 0 0.989176 0.146733
    outer loop
      vertex 88 28.3846 3.30397
      vertex 90 28.4134 3.10982
      vertex 88 28.4134 3.10982
    endloop
  endfacet
  facet normal 0 -0.514196 -0.857673
    outer loop
      vertex 88 31.3178 5.26384
      vertex 90 31.4861 5.16294
      vertex 90 31.3178 5.26384
    endloop
  endfacet
  facet normal -0 -0.514196 -0.857673
    outer loop
      vertex 90 31.4861 5.16294
      vertex 88 31.3178 5.26384
      vertex 88 31.4861 5.16294
    endloop
  endfacet
  facet normal 0 0.903819 -0.427916
    outer loop
      vertex 90 28.5272 4.26537
      vertex 88 28.6112 4.44279
      vertex 90 28.6112 4.44279
    endloop
  endfacet
  facet normal 0 0.903819 -0.427916
    outer loop
      vertex 88 28.6112 4.44279
      vertex 90 28.5272 4.26537
      vertex 88 28.5272 4.26537
    endloop
  endfacet
  facet normal 0 0.970019 0.243027
    outer loop
      vertex 90 28.4611 2.91943
      vertex 88 28.4134 3.10982
      vertex 90 28.4134 3.10982
    endloop
  endfacet
  facet normal 0 0.970019 0.243027
    outer loop
      vertex 88 28.4134 3.10982
      vertex 90 28.4611 2.91943
      vertex 88 28.4611 2.91943
    endloop
  endfacet
  facet normal 0 -0.998803 0.0489135
    outer loop
      vertex 88 32.3654 3.30397
      vertex 90 32.375 3.5
      vertex 88 32.375 3.5
    endloop
  endfacet
  facet normal 0 -0.998803 0.0489135
    outer loop
      vertex 90 32.375 3.5
      vertex 88 32.3654 3.30397
      vertex 90 32.3654 3.30397
    endloop
  endfacet
  facet normal 0 -0.740954 0.671556
    outer loop
      vertex 88 31.7892 2.08579
      vertex 90 31.921 2.23121
      vertex 88 31.921 2.23121
    endloop
  endfacet
  facet normal 0 -0.740954 0.671556
    outer loop
      vertex 90 31.921 2.23121
      vertex 88 31.7892 2.08579
      vertex 90 31.7892 2.08579
    endloop
  endfacet
  facet normal 0 0.740954 0.671556
    outer loop
      vertex 90 28.9608 2.08579
      vertex 88 28.829 2.23121
      vertex 90 28.829 2.23121
    endloop
  endfacet
  facet normal 0 0.740954 0.671556
    outer loop
      vertex 88 28.829 2.23121
      vertex 90 28.9608 2.08579
      vertex 88 28.9608 2.08579
    endloop
  endfacet
  facet normal 0 -0.671635 -0.740882
    outer loop
      vertex 88 31.6438 5.04602
      vertex 90 31.7892 4.91421
      vertex 90 31.6438 5.04602
    endloop
  endfacet
  facet normal -0 -0.671635 -0.740882
    outer loop
      vertex 90 31.7892 4.91421
      vertex 88 31.6438 5.04602
      vertex 88 31.7892 4.91421
    endloop
  endfacet
  facet normal 0 -0.671635 0.740882
    outer loop
      vertex 88 31.7892 2.08579
      vertex 90 31.6438 1.95398
      vertex 90 31.7892 2.08579
    endloop
  endfacet
  facet normal 0 -0.671635 0.740882
    outer loop
      vertex 90 31.6438 1.95398
      vertex 88 31.7892 2.08579
      vertex 88 31.6438 1.95398
    endloop
  endfacet
  facet normal 0 0.740954 -0.671556
    outer loop
      vertex 90 28.829 4.76879
      vertex 88 28.9608 4.91421
      vertex 90 28.9608 4.91421
    endloop
  endfacet
  facet normal 0 0.740954 -0.671556
    outer loop
      vertex 88 28.9608 4.91421
      vertex 90 28.829 4.76879
      vertex 88 28.829 4.76879
    endloop
  endfacet
  facet normal 0 0.427622 -0.903958
    outer loop
      vertex 88 29.4322 5.26384
      vertex 90 29.6096 5.34776
      vertex 90 29.4322 5.26384
    endloop
  endfacet
  facet normal 0 0.427622 -0.903958
    outer loop
      vertex 90 29.6096 5.34776
      vertex 88 29.4322 5.26384
      vertex 88 29.6096 5.34776
    endloop
  endfacet
  facet normal 0 0.998803 -0.0489135
    outer loop
      vertex 90 28.375 3.5
      vertex 88 28.3846 3.69603
      vertex 90 28.3846 3.69603
    endloop
  endfacet
  facet normal 0 0.998803 -0.0489135
    outer loop
      vertex 88 28.3846 3.69603
      vertex 90 28.375 3.5
      vertex 88 28.375 3.5
    endloop
  endfacet
  facet normal 0 0.989176 -0.146733
    outer loop
      vertex 90 28.3846 3.69603
      vertex 88 28.4134 3.89018
      vertex 90 28.4134 3.89018
    endloop
  endfacet
  facet normal 0 0.989176 -0.146733
    outer loop
      vertex 88 28.4134 3.89018
      vertex 90 28.3846 3.69603
      vertex 88 28.3846 3.69603
    endloop
  endfacet
  facet normal -0 0.671635 0.740882
    outer loop
      vertex 88 29.1062 1.95398
      vertex 90 28.9608 2.08579
      vertex 90 29.1062 1.95398
    endloop
  endfacet
  facet normal 0 0.671635 0.740882
    outer loop
      vertex 90 28.9608 2.08579
      vertex 88 29.1062 1.95398
      vertex 88 28.9608 2.08579
    endloop
  endfacet
  facet normal 0 -0.427622 -0.903958
    outer loop
      vertex 88 31.1404 5.34776
      vertex 90 31.3178 5.26384
      vertex 90 31.1404 5.34776
    endloop
  endfacet
  facet normal -0 -0.427622 -0.903958
    outer loop
      vertex 90 31.3178 5.26384
      vertex 88 31.1404 5.34776
      vertex 88 31.3178 5.26384
    endloop
  endfacet
  facet normal 0 0.94158 -0.336788
    outer loop
      vertex 90 28.4611 4.08057
      vertex 88 28.5272 4.26537
      vertex 90 28.5272 4.26537
    endloop
  endfacet
  facet normal 0 0.94158 -0.336788
    outer loop
      vertex 88 28.5272 4.26537
      vertex 90 28.4611 4.08057
      vertex 88 28.4611 4.08057
    endloop
  endfacet
  facet normal 0 0.85774 -0.514084
    outer loop
      vertex 90 28.6112 4.44279
      vertex 88 28.7121 4.61114
      vertex 90 28.7121 4.61114
    endloop
  endfacet
  facet normal 0 0.85774 -0.514084
    outer loop
      vertex 88 28.7121 4.61114
      vertex 90 28.6112 4.44279
      vertex 88 28.6112 4.44279
    endloop
  endfacet
  facet normal 1 0 0
    outer loop
      vertex 90 55.5 12.6
      vertex 90 72 21
      vertex 90 55.5 16.6
    endloop
  endfacet
  facet normal 1 0 0
    outer loop
      vertex 90 72 21
      vertex 90 45.5 16.6
      vertex 90 55.5 16.6
    endloop
  endfacet
  facet normal 1 0 0
    outer loop
      vertex 90 31.1404 5.34776
      vertex 90 45.5 12.6
      vertex 90 45.5 16.6
    endloop
  endfacet
  facet normal 1 0 0
    outer loop
      vertex 90 45.5 12.6
      vertex 90 32.3654 3.69603
      vertex 90 32.375 3.5
    endloop
  endfacet
  facet normal 1 0 0
    outer loop
      vertex 90 45.5 12.6
      vertex 90 32.3366 3.89018
      vertex 90 32.3654 3.69603
    endloop
  endfacet
  facet normal 1 0 0
    outer loop
      vertex 90 45.5 12.6
      vertex 90 32.2889 4.08057
      vertex 90 32.3366 3.89018
    endloop
  endfacet
  facet normal 1 0 0
    outer loop
      vertex 90 45.5 12.6
      vertex 90 32.2228 4.26537
      vertex 90 32.2889 4.08057
    endloop
  endfacet
  facet normal 1 0 0
    outer loop
      vertex 90 45.5 12.6
      vertex 90 32.1388 4.44279
      vertex 90 32.2228 4.26537
    endloop
  endfacet
  facet normal 1 0 0
    outer loop
      vertex 90 45.5 12.6
      vertex 90 32.0379 4.61114
      vertex 90 32.1388 4.44279
    endloop
  endfacet
  facet normal 1 0 0
    outer loop
      vertex 90 45.5 12.6
      vertex 90 31.921 4.76879
      vertex 90 32.0379 4.61114
    endloop
  endfacet
  facet normal 1 0 0
    outer loop
      vertex 90 45.5 12.6
      vertex 90 31.7892 4.91421
      vertex 90 31.921 4.76879
    endloop
  endfacet
  facet normal 1 0 0
    outer loop
      vertex 90 45.5 12.6
      vertex 90 31.6438 5.04602
      vertex 90 31.7892 4.91421
    endloop
  endfacet
  facet normal 1 0 0
    outer loop
      vertex 90 45.5 12.6
      vertex 90 31.4861 5.16294
      vertex 90 31.6438 5.04602
    endloop
  endfacet
  facet normal 1 0 0
    outer loop
      vertex 90 45.5 12.6
      vertex 90 31.3178 5.26384
      vertex 90 31.4861 5.16294
    endloop
  endfacet
  facet normal 1 0 0
    outer loop
      vertex 90 45.5 12.6
      vertex 90 31.1404 5.34776
      vertex 90 31.3178 5.26384
    endloop
  endfacet
  facet normal 1 0 0
    outer loop
      vertex 90 45.5 16.6
      vertex 90 30.9556 5.41388
      vertex 90 31.1404 5.34776
    endloop
  endfacet
  facet normal 1 0 0
    outer loop
      vertex 90 45.5 16.6
      vertex 90 30.7652 5.46157
      vertex 90 30.9556 5.41388
    endloop
  endfacet
  facet normal 1 0 0
    outer loop
      vertex 90 45.5 16.6
      vertex 90 30.571 5.49037
      vertex 90 30.7652 5.46157
    endloop
  endfacet
  facet normal 1 0 0
    outer loop
      vertex 90 45.5 16.6
      vertex 90 30.375 5.5
      vertex 90 30.571 5.49037
    endloop
  endfacet
  facet normal 1 0 0
    outer loop
      vertex 90 45.5 16.6
      vertex 90 30.179 5.49037
      vertex 90 30.375 5.5
    endloop
  endfacet
  facet normal 1 0 0
    outer loop
      vertex 90 45.5 16.6
      vertex 90 29.9848 5.46157
      vertex 90 30.179 5.49037
    endloop
  endfacet
  facet normal 1 0 0
    outer loop
      vertex 90 18.2652 5.46157
      vertex 90 29.9848 5.46157
      vertex 90 45.5 16.6
    endloop
  endfacet
  facet normal 1 0 0
    outer loop
      vertex 90 29.9848 5.46157
      vertex 90 18.2652 5.46157
      vertex 90 29.7944 5.41388
    endloop
  endfacet
  facet normal 1 0 -0
    outer loop
      vertex 90 18.4556 5.41388
      vertex 90 29.7944 5.41388
      vertex 90 18.2652 5.46157
    endloop
  endfacet
  facet normal 1 0 -0
    outer loop
      vertex 90 18.6404 5.34776
      vertex 90 29.6096 5.34776
      vertex 90 18.4556 5.41388
    endloop
  endfacet
  facet normal 1 0 0
    outer loop
      vertex 90 28.3846 3.69603
      vertex 90 19.875 3.5
      vertex 90 28.375 3.5
    endloop
  endfacet
  facet normal 1 0 0
    outer loop
      vertex 90 19.8654 3.69603
      vertex 90 28.3846 3.69603
      vertex 90 28.4134 3.89018
    endloop
  endfacet
  facet normal 1 0 0
    outer loop
      vertex 90 19.8366 3.89018
      vertex 90 28.4134 3.89018
      vertex 90 28.4611 4.08057
    endloop
  endfacet
  facet normal 1 0 0
    outer loop
      vertex 90 19.7889 4.08057
      vertex 90 28.4611 4.08057
      vertex 90 28.5272 4.26537
    endloop
  endfacet
  facet normal 1 0 0
    outer loop
      vertex 90 19.7228 4.26537
      vertex 90 28.5272 4.26537
      vertex 90 28.6112 4.44279
    endloop
  endfacet
  facet normal 1 0 0
    outer loop
      vertex 90 19.6388 4.44279
      vertex 90 28.6112 4.44279
      vertex 90 28.7121 4.61114
    endloop
  endfacet
  facet normal 1 0 0
    outer loop
      vertex 90 19.5379 4.61114
      vertex 90 28.7121 4.61114
      vertex 90 28.829 4.76879
    endloop
  endfacet
  facet normal 1 0 0
    outer loop
      vertex 90 19.421 4.76879
      vertex 90 28.829 4.76879
      vertex 90 28.9608 4.91421
    endloop
  endfacet
  facet normal 1 0 0
    outer loop
      vertex 90 19.2892 4.91421
      vertex 90 28.9608 4.91421
      vertex 90 29.1062 5.04602
    endloop
  endfacet
  facet normal 1 0 0
    outer loop
      vertex 90 19.1438 5.04602
      vertex 90 29.1062 5.04602
      vertex 90 29.2639 5.16294
    endloop
  endfacet
  facet normal 1 0 0
    outer loop
      vertex 90 29.6096 5.34776
      vertex 90 18.6404 5.34776
      vertex 90 29.4322 5.26384
    endloop
  endfacet
  facet normal 1 0 0
    outer loop
      vertex 90 28.3846 3.69603
      vertex 90 19.8654 3.69603
      vertex 90 19.875 3.5
    endloop
  endfacet
  facet normal 1 0 0
    outer loop
      vertex 90 28.4134 3.89018
      vertex 90 19.8366 3.89018
      vertex 90 19.8654 3.69603
    endloop
  endfacet
  facet normal 1 0 0
    outer loop
      vertex 90 28.4611 4.08057
      vertex 90 19.7889 4.08057
      vertex 90 19.8366 3.89018
    endloop
  endfacet
  facet normal 1 0 0
    outer loop
      vertex 90 28.5272 4.26537
      vertex 90 19.7228 4.26537
      vertex 90 19.7889 4.08057
    endloop
  endfacet
  facet normal 1 0 0
    outer loop
      vertex 90 28.6112 4.44279
      vertex 90 19.6388 4.44279
      vertex 90 19.7228 4.26537
    endloop
  endfacet
  facet normal 1 0 0
    outer loop
      vertex 90 28.7121 4.61114
      vertex 90 19.5379 4.61114
      vertex 90 19.6388 4.44279
    endloop
  endfacet
  facet normal 1 0 0
    outer loop
      vertex 90 28.829 4.76879
      vertex 90 19.421 4.76879
      vertex 90 19.5379 4.61114
    endloop
  endfacet
  facet normal 1 0 0
    outer loop
      vertex 90 28.9608 4.91421
      vertex 90 19.2892 4.91421
      vertex 90 19.421 4.76879
    endloop
  endfacet
  facet normal 1 0 0
    outer loop
      vertex 90 29.1062 5.04602
      vertex 90 19.1438 5.04602
      vertex 90 19.2892 4.91421
    endloop
  endfacet
  facet normal 1 0 0
    outer loop
      vertex 90 29.2639 5.16294
      vertex 90 18.9861 5.16294
      vertex 90 19.1438 5.04602
    endloop
  endfacet
  facet normal 1 0 0
    outer loop
      vertex 90 29.2639 5.16294
      vertex 90 18.8178 5.26384
      vertex 90 18.9861 5.16294
    endloop
  endfacet
  facet normal 1 0 0
    outer loop
      vertex 90 29.4322 5.26384
      vertex 90 18.8178 5.26384
      vertex 90 29.2639 5.16294
    endloop
  endfacet
  facet normal 1 0 -0
    outer loop
      vertex 90 18.8178 5.26384
      vertex 90 29.4322 5.26384
      vertex 90 18.6404 5.34776
    endloop
  endfacet
  facet normal 1 0 0
    outer loop
      vertex 90 29.7944 5.41388
      vertex 90 18.4556 5.41388
      vertex 90 29.6096 5.34776
    endloop
  endfacet
  facet normal 1 0 0
    outer loop
      vertex 90 0 21
      vertex 90 18.2652 5.46157
      vertex 90 45.5 16.6
    endloop
  endfacet
  facet normal 1 0 0
    outer loop
      vertex 90 18.2652 5.46157
      vertex 90 0 21
      vertex 90 18.071 5.49037
    endloop
  endfacet
  facet normal 1 0 0
    outer loop
      vertex 90 18.071 5.49037
      vertex 90 0 21
      vertex 90 17.875 5.5
    endloop
  endfacet
  facet normal 1 0 0
    outer loop
      vertex 90 17.875 5.5
      vertex 90 0 21
      vertex 90 17.679 5.49037
    endloop
  endfacet
  facet normal 1 0 0
    outer loop
      vertex 90 17.679 5.49037
      vertex 90 0 21
      vertex 90 17.4848 5.46157
    endloop
  endfacet
  facet normal 1 0 0
    outer loop
      vertex 90 17.4848 5.46157
      vertex 90 0 21
      vertex 90 17.2944 5.41388
    endloop
  endfacet
  facet normal 1 0 0
    outer loop
      vertex 90 15.9134 3.89018
      vertex 90 0 0
      vertex 90 15.8846 3.69603
    endloop
  endfacet
  facet normal 1 0 0
    outer loop
      vertex 90 15.9611 4.08057
      vertex 90 0 0
      vertex 90 15.9134 3.89018
    endloop
  endfacet
  facet normal 1 0 0
    outer loop
      vertex 90 16.0272 4.26537
      vertex 90 0 0
      vertex 90 15.9611 4.08057
    endloop
  endfacet
  facet normal 1 0 0
    outer loop
      vertex 90 16.1112 4.44279
      vertex 90 0 0
      vertex 90 16.0272 4.26537
    endloop
  endfacet
  facet normal 1 0 0
    outer loop
      vertex 90 0 0
      vertex 90 16.1112 4.44279
      vertex 90 0 21
    endloop
  endfacet
  facet normal 1 0 0
    outer loop
      vertex 90 16.2121 4.61114
      vertex 90 0 21
      vertex 90 16.1112 4.44279
    endloop
  endfacet
  facet normal 1 0 0
    outer loop
      vertex 90 16.329 4.76879
      vertex 90 0 21
      vertex 90 16.2121 4.61114
    endloop
  endfacet
  facet normal 1 0 0
    outer loop
      vertex 90 16.4608 4.91421
      vertex 90 0 21
      vertex 90 16.329 4.76879
    endloop
  endfacet
  facet normal 1 0 0
    outer loop
      vertex 90 16.6062 5.04602
      vertex 90 0 21
      vertex 90 16.4608 4.91421
    endloop
  endfacet
  facet normal 1 0 0
    outer loop
      vertex 90 16.7639 5.16294
      vertex 90 0 21
      vertex 90 16.6062 5.04602
    endloop
  endfacet
  facet normal 1 0 0
    outer loop
      vertex 90 16.9322 5.26384
      vertex 90 0 21
      vertex 90 16.7639 5.16294
    endloop
  endfacet
  facet normal 1 0 0
    outer loop
      vertex 90 17.1096 5.34776
      vertex 90 0 21
      vertex 90 16.9322 5.26384
    endloop
  endfacet
  facet normal 1 0 0
    outer loop
      vertex 90 17.2944 5.41388
      vertex 90 0 21
      vertex 90 17.1096 5.34776
    endloop
  endfacet
  facet normal 1 -0 0
    outer loop
      vertex 90 0 21
      vertex 90 45.5 16.6
      vertex 90 72 21
    endloop
  endfacet
  facet normal 1 0 0
    outer loop
      vertex 90 72 21
      vertex 90 55.5 12.6
      vertex 90 72 0
    endloop
  endfacet
  facet normal 1 0 0
    outer loop
      vertex 90 32.1388 2.55721
      vertex 90 55.5 12.6
      vertex 90 45.5 12.6
    endloop
  endfacet
  facet normal 1 0 0
    outer loop
      vertex 90 32.3654 3.30397
      vertex 90 45.5 12.6
      vertex 90 32.375 3.5
    endloop
  endfacet
  facet normal 1 0 0
    outer loop
      vertex 90 32.3366 3.10982
      vertex 90 45.5 12.6
      vertex 90 32.3654 3.30397
    endloop
  endfacet
  facet normal 1 0 0
    outer loop
      vertex 90 32.2889 2.91943
      vertex 90 45.5 12.6
      vertex 90 32.3366 3.10982
    endloop
  endfacet
  facet normal 1 0 0
    outer loop
      vertex 90 32.2228 2.73463
      vertex 90 45.5 12.6
      vertex 90 32.2889 2.91943
    endloop
  endfacet
  facet normal 1 0 0
    outer loop
      vertex 90 32.1388 2.55721
      vertex 90 45.5 12.6
      vertex 90 32.2228 2.73463
    endloop
  endfacet
  facet normal 1 0 0
    outer loop
      vertex 90 32.0379 2.38886
      vertex 90 55.5 12.6
      vertex 90 32.1388 2.55721
    endloop
  endfacet
  facet normal 1 0 0
    outer loop
      vertex 90 55.5 12.6
      vertex 90 32.0379 2.38886
      vertex 90 72 0
    endloop
  endfacet
  facet normal 1 -0 0
    outer loop
      vertex 90 31.921 2.23121
      vertex 90 72 0
      vertex 90 32.0379 2.38886
    endloop
  endfacet
  facet normal 1 -0 0
    outer loop
      vertex 90 31.7892 2.08579
      vertex 90 72 0
      vertex 90 31.921 2.23121
    endloop
  endfacet
  facet normal 1 -0 0
    outer loop
      vertex 90 31.6438 1.95398
      vertex 90 72 0
      vertex 90 31.7892 2.08579
    endloop
  endfacet
  facet normal 1 -0 0
    outer loop
      vertex 90 31.4861 1.83706
      vertex 90 72 0
      vertex 90 31.6438 1.95398
    endloop
  endfacet
  facet normal 1 -0 0
    outer loop
      vertex 90 31.3178 1.73616
      vertex 90 72 0
      vertex 90 31.4861 1.83706
    endloop
  endfacet
  facet normal 1 -0 0
    outer loop
      vertex 90 31.1404 1.65224
      vertex 90 72 0
      vertex 90 31.3178 1.73616
    endloop
  endfacet
  facet normal 1 -0 0
    outer loop
      vertex 90 30.9556 1.58612
      vertex 90 72 0
      vertex 90 31.1404 1.65224
    endloop
  endfacet
  facet normal 1 -0 0
    outer loop
      vertex 90 30.7652 1.53843
      vertex 90 72 0
      vertex 90 30.9556 1.58612
    endloop
  endfacet
  facet normal 1 -0 0
    outer loop
      vertex 90 30.571 1.50963
      vertex 90 72 0
      vertex 90 30.7652 1.53843
    endloop
  endfacet
  facet normal 1 -0 0
    outer loop
      vertex 90 30.375 1.5
      vertex 90 72 0
      vertex 90 30.571 1.50963
    endloop
  endfacet
  facet normal 1 -0 0
    outer loop
      vertex 90 19.875 3.5
      vertex 90 28.3846 3.30397
      vertex 90 28.375 3.5
    endloop
  endfacet
  facet normal 1 0 0
    outer loop
      vertex 90 19.8654 3.30397
      vertex 90 28.3846 3.30397
      vertex 90 19.875 3.5
    endloop
  endfacet
  facet normal 1 0 0
    outer loop
      vertex 90 28.3846 3.30397
      vertex 90 19.8654 3.30397
      vertex 90 28.4134 3.10982
    endloop
  endfacet
  facet normal 1 0 0
    outer loop
      vertex 90 19.8366 3.10982
      vertex 90 28.4134 3.10982
      vertex 90 19.8654 3.30397
    endloop
  endfacet
  facet normal 1 0 0
    outer loop
      vertex 90 28.4134 3.10982
      vertex 90 19.8366 3.10982
      vertex 90 28.4611 2.91943
    endloop
  endfacet
  facet normal 1 0 0
    outer loop
      vertex 90 19.7889 2.91943
      vertex 90 28.4611 2.91943
      vertex 90 19.8366 3.10982
    endloop
  endfacet
  facet normal 1 0 0
    outer loop
      vertex 90 28.4611 2.91943
      vertex 90 19.7889 2.91943
      vertex 90 28.5272 2.73463
    endloop
  endfacet
  facet normal 1 0 0
    outer loop
      vertex 90 19.7228 2.73463
      vertex 90 28.5272 2.73463
      vertex 90 19.7889 2.91943
    endloop
  endfacet
  facet normal 1 0 0
    outer loop
      vertex 90 28.5272 2.73463
      vertex 90 19.7228 2.73463
      vertex 90 28.6112 2.55721
    endloop
  endfacet
  facet normal 1 0 0
    outer loop
      vertex 90 19.6388 2.55721
      vertex 90 28.6112 2.55721
      vertex 90 19.7228 2.73463
    endloop
  endfacet
  facet normal 1 0 0
    outer loop
      vertex 90 28.6112 2.55721
      vertex 90 19.6388 2.55721
      vertex 90 28.7121 2.38886
    endloop
  endfacet
  facet normal 1 0 0
    outer loop
      vertex 90 19.5379 2.38886
      vertex 90 28.7121 2.38886
      vertex 90 19.6388 2.55721
    endloop
  endfacet
  facet normal 1 0 0
    outer loop
      vertex 90 28.7121 2.38886
      vertex 90 19.5379 2.38886
      vertex 90 28.829 2.23121
    endloop
  endfacet
  facet normal 1 0 0
    outer loop
      vertex 90 19.421 2.23121
      vertex 90 28.829 2.23121
      vertex 90 19.5379 2.38886
    endloop
  endfacet
  facet normal 1 0 0
    outer loop
      vertex 90 28.829 2.23121
      vertex 90 19.421 2.23121
      vertex 90 28.9608 2.08579
    endloop
  endfacet
  facet normal 1 0 0
    outer loop
      vertex 90 19.2892 2.08579
      vertex 90 28.9608 2.08579
      vertex 90 19.421 2.23121
    endloop
  endfacet
  facet normal 1 0 0
    outer loop
      vertex 90 28.9608 2.08579
      vertex 90 19.2892 2.08579
      vertex 90 29.1062 1.95398
    endloop
  endfacet
  facet normal 1 0 0
    outer loop
      vertex 90 19.1438 1.95398
      vertex 90 29.1062 1.95398
      vertex 90 19.2892 2.08579
    endloop
  endfacet
  facet normal 1 0 0
    outer loop
      vertex 90 29.1062 1.95398
      vertex 90 19.1438 1.95398
      vertex 90 29.2639 1.83706
    endloop
  endfacet
  facet normal 1 0 0
    outer loop
      vertex 90 18.9861 1.83706
      vertex 90 29.2639 1.83706
      vertex 90 19.1438 1.95398
    endloop
  endfacet
  facet normal 1 0 0
    outer loop
      vertex 90 29.2639 1.83706
      vertex 90 18.9861 1.83706
      vertex 90 29.4322 1.73616
    endloop
  endfacet
  facet normal 1 0 0
    outer loop
      vertex 90 18.8178 1.73616
      vertex 90 29.4322 1.73616
      vertex 90 18.9861 1.83706
    endloop
  endfacet
  facet normal 1 0 0
    outer loop
      vertex 90 29.4322 1.73616
      vertex 90 18.8178 1.73616
      vertex 90 29.6096 1.65224
    endloop
  endfacet
  facet normal 1 0 0
    outer loop
      vertex 90 18.6404 1.65224
      vertex 90 29.6096 1.65224
      vertex 90 18.8178 1.73616
    endloop
  endfacet
  facet normal 1 0 0
    outer loop
      vertex 90 29.6096 1.65224
      vertex 90 18.6404 1.65224
      vertex 90 29.7944 1.58612
    endloop
  endfacet
  facet normal 1 0 0
    outer loop
      vertex 90 18.4556 1.58612
      vertex 90 29.7944 1.58612
      vertex 90 18.6404 1.65224
    endloop
  endfacet
  facet normal 1 0 0
    outer loop
      vertex 90 29.7944 1.58612
      vertex 90 18.4556 1.58612
      vertex 90 29.9848 1.53843
    endloop
  endfacet
  facet normal 1 0 0
    outer loop
      vertex 90 18.2652 1.53843
      vertex 90 29.9848 1.53843
      vertex 90 18.4556 1.58612
    endloop
  endfacet
  facet normal 1 0 0
    outer loop
      vertex 90 29.9848 1.53843
      vertex 90 18.2652 1.53843
      vertex 90 30.179 1.50963
    endloop
  endfacet
  facet normal 1 0 0
    outer loop
      vertex 90 18.071 1.50963
      vertex 90 30.179 1.50963
      vertex 90 18.2652 1.53843
    endloop
  endfacet
  facet normal 1 0 0
    outer loop
      vertex 90 30.179 1.50963
      vertex 90 18.071 1.50963
      vertex 90 30.375 1.5
    endloop
  endfacet
  facet normal 1 0 0
    outer loop
      vertex 90 17.875 1.5
      vertex 90 30.375 1.5
      vertex 90 18.071 1.50963
    endloop
  endfacet
  facet normal 1 0 0
    outer loop
      vertex 90 0 0
      vertex 90 30.375 1.5
      vertex 90 17.875 1.5
    endloop
  endfacet
  facet normal 1 0 0
    outer loop
      vertex 90 15.8846 3.69603
      vertex 90 0 0
      vertex 90 15.875 3.5
    endloop
  endfacet
  facet normal 1 0 0
    outer loop
      vertex 90 15.875 3.5
      vertex 90 0 0
      vertex 90 15.8846 3.30397
    endloop
  endfacet
  facet normal 1 0 0
    outer loop
      vertex 90 15.8846 3.30397
      vertex 90 0 0
      vertex 90 15.9134 3.10982
    endloop
  endfacet
  facet normal 1 0 0
    outer loop
      vertex 90 15.9134 3.10982
      vertex 90 0 0
      vertex 90 15.9611 2.91943
    endloop
  endfacet
  facet normal 1 0 0
    outer loop
      vertex 90 15.9611 2.91943
      vertex 90 0 0
      vertex 90 16.0272 2.73463
    endloop
  endfacet
  facet normal 1 0 0
    outer loop
      vertex 90 16.0272 2.73463
      vertex 90 0 0
      vertex 90 16.1112 2.55721
    endloop
  endfacet
  facet normal 1 0 0
    outer loop
      vertex 90 16.1112 2.55721
      vertex 90 0 0
      vertex 90 16.2121 2.38886
    endloop
  endfacet
  facet normal 1 0 0
    outer loop
      vertex 90 30.375 1.5
      vertex 90 0 0
      vertex 90 72 0
    endloop
  endfacet
  facet normal 1 0 0
    outer loop
      vertex 90 17.679 1.50963
      vertex 90 0 0
      vertex 90 17.875 1.5
    endloop
  endfacet
  facet normal 1 0 0
    outer loop
      vertex 90 17.4848 1.53843
      vertex 90 0 0
      vertex 90 17.679 1.50963
    endloop
  endfacet
  facet normal 1 0 0
    outer loop
      vertex 90 17.2944 1.58612
      vertex 90 0 0
      vertex 90 17.4848 1.53843
    endloop
  endfacet
  facet normal 1 0 0
    outer loop
      vertex 90 17.1096 1.65224
      vertex 90 0 0
      vertex 90 17.2944 1.58612
    endloop
  endfacet
  facet normal 1 0 0
    outer loop
      vertex 90 16.9322 1.73616
      vertex 90 0 0
      vertex 90 17.1096 1.65224
    endloop
  endfacet
  facet normal 1 0 0
    outer loop
      vertex 90 16.7639 1.83706
      vertex 90 0 0
      vertex 90 16.9322 1.73616
    endloop
  endfacet
  facet normal 1 0 0
    outer loop
      vertex 90 16.6062 1.95398
      vertex 90 0 0
      vertex 90 16.7639 1.83706
    endloop
  endfacet
  facet normal 1 0 0
    outer loop
      vertex 90 16.4608 2.08579
      vertex 90 0 0
      vertex 90 16.6062 1.95398
    endloop
  endfacet
  facet normal 1 0 0
    outer loop
      vertex 90 16.329 2.23121
      vertex 90 0 0
      vertex 90 16.4608 2.08579
    endloop
  endfacet
  facet normal 1 0 0
    outer loop
      vertex 90 16.2121 2.38886
      vertex 90 0 0
      vertex 90 16.329 2.23121
    endloop
  endfacet
  facet normal 0 0 1
    outer loop
      vertex 60.78 24 21
      vertex 90 72 21
      vertex 60.78 58 21
    endloop
  endfacet
  facet normal 0 0 1
    outer loop
      vertex 90 72 21
      vertex 32.78 58 21
      vertex 60.78 58 21
    endloop
  endfacet
  facet normal 0 0 1
    outer loop
      vertex 32.78 58 21
      vertex 0 72 21
      vertex 32.78 24 21
    endloop
  endfacet
  facet normal -0 0 1
    outer loop
      vertex 0 72 21
      vertex 32.78 58 21
      vertex 90 72 21
    endloop
  endfacet
  facet normal 0 0 1
    outer loop
      vertex 90 72 21
      vertex 60.78 24 21
      vertex 90 0 21
    endloop
  endfacet
  facet normal -0 0 1
    outer loop
      vertex 32.78 24 21
      vertex 90 0 21
      vertex 60.78 24 21
    endloop
  endfacet
  facet normal 0 0 1
    outer loop
      vertex 32.78 24 21
      vertex 0 0 21
      vertex 90 0 21
    endloop
  endfacet
  facet normal 0 0 1
    outer loop
      vertex 0 0 21
      vertex 32.78 24 21
      vertex 0 72 21
    endloop
  endfacet
  facet normal 0 0 -1
    outer loop
      vertex 90 0 0
      vertex 88 2 0
      vertex 90 72 0
    endloop
  endfacet
  facet normal 0 0 -1
    outer loop
      vertex 90 0 0
      vertex 2 2 0
      vertex 88 2 0
    endloop
  endfacet
  facet normal -0 0 -1
    outer loop
      vertex 2 2 0
      vertex 0 0 0
      vertex 2 70 0
    endloop
  endfacet
  facet normal 0 0 -1
    outer loop
      vertex 0 0 0
      vertex 2 2 0
      vertex 90 0 0
    endloop
  endfacet
  facet normal 0 0 -1
    outer loop
      vertex 88 70 0
      vertex 90 72 0
      vertex 88 2 0
    endloop
  endfacet
  facet normal 0 0 -1
    outer loop
      vertex 2 70 0
      vertex 90 72 0
      vertex 88 70 0
    endloop
  endfacet
  facet normal 0 0 -1
    outer loop
      vertex 2 70 0
      vertex 0 72 0
      vertex 90 72 0
    endloop
  endfacet
  facet normal 0 0 -1
    outer loop
      vertex 0 72 0
      vertex 2 70 0
      vertex 0 0 0
    endloop
  endfacet
  facet normal -1 0 0
    outer loop
      vertex 0 22.3204 13.8814
      vertex 0 72 21
      vertex 0 72 0
    endloop
  endfacet
  facet normal -1 0 0
    outer loop
      vertex 0 72 21
      vertex 0 22.3204 13.8814
      vertex 0 22.336 14.2
    endloop
  endfacet
  facet normal -1 0 0
    outer loop
      vertex 0 72 0
      vertex 0 22.2736 13.566
      vertex 0 22.3204 13.8814
    endloop
  endfacet
  facet normal -1 0 0
    outer loop
      vertex 0 72 0
      vertex 0 22.1961 13.2566
      vertex 0 22.2736 13.566
    endloop
  endfacet
  facet normal -1 0 0
    outer loop
      vertex 0 72 0
      vertex 0 22.0886 12.9563
      vertex 0 22.1961 13.2566
    endloop
  endfacet
  facet normal -1 0 0
    outer loop
      vertex 0 72 0
      vertex 0 21.9522 12.668
      vertex 0 22.0886 12.9563
    endloop
  endfacet
  facet normal -1 0 0
    outer loop
      vertex 0 72 0
      vertex 0 21.7883 12.3944
      vertex 0 21.9522 12.668
    endloop
  endfacet
  facet normal -1 0 0
    outer loop
      vertex 0 72 0
      vertex 0 21.5983 12.1382
      vertex 0 21.7883 12.3944
    endloop
  endfacet
  facet normal -1 0 0
    outer loop
      vertex 0 72 0
      vertex 0 21.3841 11.9019
      vertex 0 21.5983 12.1382
    endloop
  endfacet
  facet normal -1 0 0
    outer loop
      vertex 0 72 0
      vertex 0 21.1478 11.6877
      vertex 0 21.3841 11.9019
    endloop
  endfacet
  facet normal -1 0 0
    outer loop
      vertex 0 72 0
      vertex 0 20.8916 11.4977
      vertex 0 21.1478 11.6877
    endloop
  endfacet
  facet normal -1 0 0
    outer loop
      vertex 0 72 0
      vertex 0 20.618 11.3338
      vertex 0 20.8916 11.4977
    endloop
  endfacet
  facet normal -1 0 0
    outer loop
      vertex 0 72 0
      vertex 0 20.3297 11.1974
      vertex 0 20.618 11.3338
    endloop
  endfacet
  facet normal -1 0 0
    outer loop
      vertex 0 72 0
      vertex 0 20.0294 11.0899
      vertex 0 20.3297 11.1974
    endloop
  endfacet
  facet normal -1 0 0
    outer loop
      vertex 0 0 0
      vertex 0 20.0294 11.0899
      vertex 0 72 0
    endloop
  endfacet
  facet normal -1 0 0
    outer loop
      vertex 0 20.0294 11.0899
      vertex 0 0 0
      vertex 0 19.72 11.0124
    endloop
  endfacet
  facet normal -1 0 0
    outer loop
      vertex 0 19.72 11.0124
      vertex 0 0 0
      vertex 0 19.4046 10.9656
    endloop
  endfacet
  facet normal -1 0 0
    outer loop
      vertex 0 19.4046 10.9656
      vertex 0 0 0
      vertex 0 19.086 10.95
    endloop
  endfacet
  facet normal -1 -0 0
    outer loop
      vertex 0 19.086 10.95
      vertex 0 0 0
      vertex 0 18.7674 10.9656
    endloop
  endfacet
  facet normal -1 0 0
    outer loop
      vertex 0 15.8984 13.566
      vertex 0 0 21
      vertex 0 15.8516 13.8814
    endloop
  endfacet
  facet normal -1 0 0
    outer loop
      vertex 0 0 21
      vertex 0 15.8984 13.566
      vertex 0 0 0
    endloop
  endfacet
  facet normal -1 -0 0
    outer loop
      vertex 0 15.9759 13.2566
      vertex 0 0 0
      vertex 0 15.8984 13.566
    endloop
  endfacet
  facet normal -1 -0 0
    outer loop
      vertex 0 16.0834 12.9563
      vertex 0 0 0
      vertex 0 15.9759 13.2566
    endloop
  endfacet
  facet normal -1 -0 0
    outer loop
      vertex 0 16.2198 12.668
      vertex 0 0 0
      vertex 0 16.0834 12.9563
    endloop
  endfacet
  facet normal -1 -0 0
    outer loop
      vertex 0 16.3837 12.3944
      vertex 0 0 0
      vertex 0 16.2198 12.668
    endloop
  endfacet
  facet normal -1 -0 0
    outer loop
      vertex 0 16.5737 12.1382
      vertex 0 0 0
      vertex 0 16.3837 12.3944
    endloop
  endfacet
  facet normal -1 -0 0
    outer loop
      vertex 0 16.7879 11.9019
      vertex 0 0 0
      vertex 0 16.5737 12.1382
    endloop
  endfacet
  facet normal -1 -0 0
    outer loop
      vertex 0 17.0242 11.6877
      vertex 0 0 0
      vertex 0 16.7879 11.9019
    endloop
  endfacet
  facet normal -1 -0 0
    outer loop
      vertex 0 17.2804 11.4977
      vertex 0 0 0
      vertex 0 17.0242 11.6877
    endloop
  endfacet
  facet normal -1 -0 0
    outer loop
      vertex 0 17.554 11.3338
      vertex 0 0 0
      vertex 0 17.2804 11.4977
    endloop
  endfacet
  facet normal -1 -0 0
    outer loop
      vertex 0 17.8423 11.1974
      vertex 0 0 0
      vertex 0 17.554 11.3338
    endloop
  endfacet
  facet normal -1 -0 0
    outer loop
      vertex 0 18.1426 11.0899
      vertex 0 0 0
      vertex 0 17.8423 11.1974
    endloop
  endfacet
  facet normal -1 -0 0
    outer loop
      vertex 0 18.452 11.0124
      vertex 0 0 0
      vertex 0 18.1426 11.0899
    endloop
  endfacet
  facet normal -1 -0 0
    outer loop
      vertex 0 18.7674 10.9656
      vertex 0 0 0
      vertex 0 18.452 11.0124
    endloop
  endfacet
  facet normal -1 0 0
    outer loop
      vertex 0 22.3204 14.5186
      vertex 0 72 21
      vertex 0 22.336 14.2
    endloop
  endfacet
  facet normal -1 0 0
    outer loop
      vertex 0 22.2736 14.834
      vertex 0 72 21
      vertex 0 22.3204 14.5186
    endloop
  endfacet
  facet normal -1 0 0
    outer loop
      vertex 0 22.1961 15.1434
      vertex 0 72 21
      vertex 0 22.2736 14.834
    endloop
  endfacet
  facet normal -1 0 0
    outer loop
      vertex 0 22.0886 15.4437
      vertex 0 72 21
      vertex 0 22.1961 15.1434
    endloop
  endfacet
  facet normal -1 0 0
    outer loop
      vertex 0 21.9522 15.732
      vertex 0 72 21
      vertex 0 22.0886 15.4437
    endloop
  endfacet
  facet normal -1 0 0
    outer loop
      vertex 0 21.7883 16.0056
      vertex 0 72 21
      vertex 0 21.9522 15.732
    endloop
  endfacet
  facet normal -1 0 0
    outer loop
      vertex 0 21.5983 16.2618
      vertex 0 72 21
      vertex 0 21.7883 16.0056
    endloop
  endfacet
  facet normal -1 0 0
    outer loop
      vertex 0 21.3841 16.4981
      vertex 0 72 21
      vertex 0 21.5983 16.2618
    endloop
  endfacet
  facet normal -1 0 0
    outer loop
      vertex 0 21.1478 16.7123
      vertex 0 72 21
      vertex 0 21.3841 16.4981
    endloop
  endfacet
  facet normal -1 0 0
    outer loop
      vertex 0 20.8916 16.9023
      vertex 0 72 21
      vertex 0 21.1478 16.7123
    endloop
  endfacet
  facet normal -1 0 0
    outer loop
      vertex 0 20.618 17.0662
      vertex 0 72 21
      vertex 0 20.8916 16.9023
    endloop
  endfacet
  facet normal -1 0 0
    outer loop
      vertex 0 20.3297 17.2026
      vertex 0 72 21
      vertex 0 20.618 17.0662
    endloop
  endfacet
  facet normal -1 0 0
    outer loop
      vertex 0 20.0294 17.3101
      vertex 0 72 21
      vertex 0 20.3297 17.2026
    endloop
  endfacet
  facet normal -1 0 0
    outer loop
      vertex 0 19.72 17.3876
      vertex 0 72 21
      vertex 0 20.0294 17.3101
    endloop
  endfacet
  facet normal -1 0 0
    outer loop
      vertex 0 19.4046 17.4343
      vertex 0 72 21
      vertex 0 19.72 17.3876
    endloop
  endfacet
  facet normal -1 0 0
    outer loop
      vertex 0 0 21
      vertex 0 19.4046 17.4343
      vertex 0 19.086 17.45
    endloop
  endfacet
  facet normal -1 0 0
    outer loop
      vertex 0 0 21
      vertex 0 19.086 17.45
      vertex 0 18.7674 17.4343
    endloop
  endfacet
  facet normal -1 0 0
    outer loop
      vertex 0 15.8516 13.8814
      vertex 0 0 21
      vertex 0 15.836 14.2
    endloop
  endfacet
  facet normal -1 0 0
    outer loop
      vertex 0 15.836 14.2
      vertex 0 0 21
      vertex 0 15.8516 14.5186
    endloop
  endfacet
  facet normal -1 0 0
    outer loop
      vertex 0 15.8516 14.5186
      vertex 0 0 21
      vertex 0 15.8984 14.834
    endloop
  endfacet
  facet normal -1 0 0
    outer loop
      vertex 0 15.8984 14.834
      vertex 0 0 21
      vertex 0 15.9759 15.1434
    endloop
  endfacet
  facet normal -1 0 0
    outer loop
      vertex 0 15.9759 15.1434
      vertex 0 0 21
      vertex 0 16.0834 15.4437
    endloop
  endfacet
  facet normal -1 0 0
    outer loop
      vertex 0 16.0834 15.4437
      vertex 0 0 21
      vertex 0 16.2198 15.732
    endloop
  endfacet
  facet normal -1 0 0
    outer loop
      vertex 0 16.2198 15.732
      vertex 0 0 21
      vertex 0 16.3837 16.0056
    endloop
  endfacet
  facet normal -1 0 0
    outer loop
      vertex 0 16.3837 16.0056
      vertex 0 0 21
      vertex 0 16.5737 16.2618
    endloop
  endfacet
  facet normal -1 0 0
    outer loop
      vertex 0 19.4046 17.4343
      vertex 0 0 21
      vertex 0 72 21
    endloop
  endfacet
  facet normal -1 0 0
    outer loop
      vertex 0 18.452 17.3876
      vertex 0 0 21
      vertex 0 18.7674 17.4343
    endloop
  endfacet
  facet normal -1 0 0
    outer loop
      vertex 0 18.1426 17.3101
      vertex 0 0 21
      vertex 0 18.452 17.3876
    endloop
  endfacet
  facet normal -1 0 0
    outer loop
      vertex 0 17.8423 17.2026
      vertex 0 0 21
      vertex 0 18.1426 17.3101
    endloop
  endfacet
  facet normal -1 0 0
    outer loop
      vertex 0 17.554 17.0662
      vertex 0 0 21
      vertex 0 17.8423 17.2026
    endloop
  endfacet
  facet normal -1 0 0
    outer loop
      vertex 0 17.2804 16.9023
      vertex 0 0 21
      vertex 0 17.554 17.0662
    endloop
  endfacet
  facet normal -1 0 0
    outer loop
      vertex 0 17.0242 16.7123
      vertex 0 0 21
      vertex 0 17.2804 16.9023
    endloop
  endfacet
  facet normal -1 0 0
    outer loop
      vertex 0 16.7879 16.4981
      vertex 0 0 21
      vertex 0 17.0242 16.7123
    endloop
  endfacet
  facet normal -1 0 0
    outer loop
      vertex 0 16.5737 16.2618
      vertex 0 0 21
      vertex 0 16.7879 16.4981
    endloop
  endfacet
  facet normal 0 1 -0
    outer loop
      vertex 90 72 0
      vertex 0 72 21
      vertex 90 72 21
    endloop
  endfacet
  facet normal 0 1 0
    outer loop
      vertex 0 72 21
      vertex 90 72 0
      vertex 0 72 0
    endloop
  endfacet
  facet normal 0 -1 0
    outer loop
      vertex 0 0 0
      vertex 90 0 21
      vertex 0 0 21
    endloop
  endfacet
  facet normal 0 -1 -0
    outer loop
      vertex 90 0 21
      vertex 0 0 0
      vertex 90 0 0
    endloop
  endfacet
  facet normal -1 0 0
    outer loop
      vertex 88 70 0
      vertex 88 69 1.6
      vertex 88 70 19
    endloop
  endfacet
  facet normal -1 0 0
    outer loop
      vertex 88 70 0
      vertex 88 63 1.6
      vertex 88 69 1.6
    endloop
  endfacet
  facet normal -1 0 0
    outer loop
      vertex 88 63 1.6
      vertex 88 55.5 12.6
      vertex 88 63 19
    endloop
  endfacet
  facet normal -1 0 0
    outer loop
      vertex 88 63 1.6
      vertex 88 45.5 12.6
      vertex 88 55.5 12.6
    endloop
  endfacet
  facet normal -1 0 0
    outer loop
      vertex 88 32.3654 3.69603
      vertex 88 45.5 12.6
      vertex 88 32.375 3.5
    endloop
  endfacet
  facet normal -1 0 0
    outer loop
      vertex 88 32.2228 2.73463
      vertex 88 45.5 12.6
      vertex 88 63 1.6
    endloop
  endfacet
  facet normal -1 0 0
    outer loop
      vertex 88 30.7652 1.53843
      vertex 88 63 1.6
      vertex 88 70 0
    endloop
  endfacet
  facet normal -1 0 0
    outer loop
      vertex 88 45.5 12.6
      vertex 88 32.3654 3.30397
      vertex 88 32.375 3.5
    endloop
  endfacet
  facet normal -1 0 0
    outer loop
      vertex 88 45.5 12.6
      vertex 88 32.3366 3.10982
      vertex 88 32.3654 3.30397
    endloop
  endfacet
  facet normal -1 0 0
    outer loop
      vertex 88 45.5 12.6
      vertex 88 32.2889 2.91943
      vertex 88 32.3366 3.10982
    endloop
  endfacet
  facet normal -1 0 0
    outer loop
      vertex 88 45.5 12.6
      vertex 88 32.2228 2.73463
      vertex 88 32.2889 2.91943
    endloop
  endfacet
  facet normal -1 0 0
    outer loop
      vertex 88 63 1.6
      vertex 88 32.1388 2.55721
      vertex 88 32.2228 2.73463
    endloop
  endfacet
  facet normal -1 0 0
    outer loop
      vertex 88 63 1.6
      vertex 88 32.0379 2.38886
      vertex 88 32.1388 2.55721
    endloop
  endfacet
  facet normal -1 0 0
    outer loop
      vertex 88 63 1.6
      vertex 88 31.921 2.23121
      vertex 88 32.0379 2.38886
    endloop
  endfacet
  facet normal -1 0 0
    outer loop
      vertex 88 63 1.6
      vertex 88 31.7892 2.08579
      vertex 88 31.921 2.23121
    endloop
  endfacet
  facet normal -1 0 0
    outer loop
      vertex 88 63 1.6
      vertex 88 31.6438 1.95398
      vertex 88 31.7892 2.08579
    endloop
  endfacet
  facet normal -1 0 0
    outer loop
      vertex 88 63 1.6
      vertex 88 31.4861 1.83706
      vertex 88 31.6438 1.95398
    endloop
  endfacet
  facet normal -1 0 0
    outer loop
      vertex 88 63 1.6
      vertex 88 31.3178 1.73616
      vertex 88 31.4861 1.83706
    endloop
  endfacet
  facet normal -1 0 0
    outer loop
      vertex 88 63 1.6
      vertex 88 31.1404 1.65224
      vertex 88 31.3178 1.73616
    endloop
  endfacet
  facet normal -1 -0 0
    outer loop
      vertex 88 63 1.6
      vertex 88 30.9556 1.58612
      vertex 88 31.1404 1.65224
    endloop
  endfacet
  facet normal -1 0 0
    outer loop
      vertex 88 63 1.6
      vertex 88 30.7652 1.53843
      vertex 88 30.9556 1.58612
    endloop
  endfacet
  facet normal -1 0 0
    outer loop
      vertex 88 70 0
      vertex 88 30.571 1.50963
      vertex 88 30.7652 1.53843
    endloop
  endfacet
  facet normal -1 0 0
    outer loop
      vertex 88 70 0
      vertex 88 30.375 1.5
      vertex 88 30.571 1.50963
    endloop
  endfacet
  facet normal -1 0 0
    outer loop
      vertex 88 28.3846 3.30397
      vertex 88 19.875 3.5
      vertex 88 28.375 3.5
    endloop
  endfacet
  facet normal -1 0 0
    outer loop
      vertex 88 19.8654 3.30397
      vertex 88 28.3846 3.30397
      vertex 88 28.4134 3.10982
    endloop
  endfacet
  facet normal -1 0 0
    outer loop
      vertex 88 19.8366 3.10982
      vertex 88 28.4134 3.10982
      vertex 88 28.4611 2.91943
    endloop
  endfacet
  facet normal -1 0 0
    outer loop
      vertex 88 19.7889 2.91943
      vertex 88 28.4611 2.91943
      vertex 88 28.5272 2.73463
    endloop
  endfacet
  facet normal -1 0 0
    outer loop
      vertex 88 19.7228 2.73463
      vertex 88 28.5272 2.73463
      vertex 88 28.6112 2.55721
    endloop
  endfacet
  facet normal -1 0 0
    outer loop
      vertex 88 19.6388 2.55721
      vertex 88 28.6112 2.55721
      vertex 88 28.7121 2.38886
    endloop
  endfacet
  facet normal -1 0 0
    outer loop
      vertex 88 19.5379 2.38886
      vertex 88 28.7121 2.38886
      vertex 88 28.829 2.23121
    endloop
  endfacet
  facet normal -1 0 0
    outer loop
      vertex 88 19.421 2.23121
      vertex 88 28.829 2.23121
      vertex 88 28.9608 2.08579
    endloop
  endfacet
  facet normal -1 0 0
    outer loop
      vertex 88 19.2892 2.08579
      vertex 88 28.9608 2.08579
      vertex 88 29.1062 1.95398
    endloop
  endfacet
  facet normal -1 0 0
    outer loop
      vertex 88 19.1438 1.95398
      vertex 88 29.1062 1.95398
      vertex 88 29.2639 1.83706
    endloop
  endfacet
  facet normal -1 0 0
    outer loop
      vertex 88 18.9861 1.83706
      vertex 88 29.2639 1.83706
      vertex 88 29.4322 1.73616
    endloop
  endfacet
  facet normal -1 0 0
    outer loop
      vertex 88 18.8178 1.73616
      vertex 88 29.4322 1.73616
      vertex 88 29.6096 1.65224
    endloop
  endfacet
  facet normal -1 0 0
    outer loop
      vertex 88 18.6404 1.65224
      vertex 88 29.6096 1.65224
      vertex 88 29.7944 1.58612
    endloop
  endfacet
  facet normal -1 0 0
    outer loop
      vertex 88 18.4556 1.58612
      vertex 88 29.7944 1.58612
      vertex 88 29.9848 1.53843
    endloop
  endfacet
  facet normal -1 0 0
    outer loop
      vertex 88 28.3846 3.30397
      vertex 88 19.8654 3.30397
      vertex 88 19.875 3.5
    endloop
  endfacet
  facet normal -1 0 0
    outer loop
      vertex 88 28.4134 3.10982
      vertex 88 19.8366 3.10982
      vertex 88 19.8654 3.30397
    endloop
  endfacet
  facet normal -1 0 0
    outer loop
      vertex 88 28.4611 2.91943
      vertex 88 19.7889 2.91943
      vertex 88 19.8366 3.10982
    endloop
  endfacet
  facet normal -1 0 0
    outer loop
      vertex 88 18.2652 1.53843
      vertex 88 29.9848 1.53843
      vertex 88 30.179 1.50963
    endloop
  endfacet
  facet normal -1 0 0
    outer loop
      vertex 88 28.5272 2.73463
      vertex 88 19.7228 2.73463
      vertex 88 19.7889 2.91943
    endloop
  endfacet
  facet normal -1 0 0
    outer loop
      vertex 88 28.6112 2.55721
      vertex 88 19.6388 2.55721
      vertex 88 19.7228 2.73463
    endloop
  endfacet
  facet normal -1 0 0
    outer loop
      vertex 88 28.7121 2.38886
      vertex 88 19.5379 2.38886
      vertex 88 19.6388 2.55721
    endloop
  endfacet
  facet normal -1 0 0
    outer loop
      vertex 88 28.829 2.23121
      vertex 88 19.421 2.23121
      vertex 88 19.5379 2.38886
    endloop
  endfacet
  facet normal -1 0 0
    outer loop
      vertex 88 28.9608 2.08579
      vertex 88 19.2892 2.08579
      vertex 88 19.421 2.23121
    endloop
  endfacet
  facet normal -1 0 0
    outer loop
      vertex 88 29.1062 1.95398
      vertex 88 19.1438 1.95398
      vertex 88 19.2892 2.08579
    endloop
  endfacet
  facet normal -1 0 0
    outer loop
      vertex 88 18.071 1.50963
      vertex 88 30.179 1.50963
      vertex 88 30.375 1.5
    endloop
  endfacet
  facet normal -1 0 0
    outer loop
      vertex 88 29.2639 1.83706
      vertex 88 18.9861 1.83706
      vertex 88 19.1438 1.95398
    endloop
  endfacet
  facet normal -1 0 0
    outer loop
      vertex 88 2 0
      vertex 88 30.375 1.5
      vertex 88 70 0
    endloop
  endfacet
  facet normal -1 0 0
    outer loop
      vertex 88 29.4322 1.73616
      vertex 88 18.8178 1.73616
      vertex 88 18.9861 1.83706
    endloop
  endfacet
  facet normal -1 0 0
    outer loop
      vertex 88 29.6096 1.65224
      vertex 88 18.6404 1.65224
      vertex 88 18.8178 1.73616
    endloop
  endfacet
  facet normal -1 0 0
    outer loop
      vertex 88 29.7944 1.58612
      vertex 88 18.4556 1.58612
      vertex 88 18.6404 1.65224
    endloop
  endfacet
  facet normal -1 0 0
    outer loop
      vertex 88 29.9848 1.53843
      vertex 88 18.2652 1.53843
      vertex 88 18.4556 1.58612
    endloop
  endfacet
  facet normal -1 0 0
    outer loop
      vertex 88 30.179 1.50963
      vertex 88 18.071 1.50963
      vertex 88 18.2652 1.53843
    endloop
  endfacet
  facet normal -1 -0 0
    outer loop
      vertex 88 30.375 1.5
      vertex 88 2 0
      vertex 88 18.071 1.50963
    endloop
  endfacet
  facet normal -1 -0 0
    outer loop
      vertex 88 15.8846 3.30397
      vertex 88 9 1.6
      vertex 88 15.875 3.5
    endloop
  endfacet
  facet normal -1 -0 0
    outer loop
      vertex 88 15.9134 3.10982
      vertex 88 9 1.6
      vertex 88 15.8846 3.30397
    endloop
  endfacet
  facet normal -1 -0 0
    outer loop
      vertex 88 15.9611 2.91943
      vertex 88 9 1.6
      vertex 88 15.9134 3.10982
    endloop
  endfacet
  facet normal -1 -0 0
    outer loop
      vertex 88 16.0272 2.73463
      vertex 88 9 1.6
      vertex 88 15.9611 2.91943
    endloop
  endfacet
  facet normal -1 -0 0
    outer loop
      vertex 88 16.1112 2.55721
      vertex 88 9 1.6
      vertex 88 16.0272 2.73463
    endloop
  endfacet
  facet normal -1 -0 0
    outer loop
      vertex 88 16.2121 2.38886
      vertex 88 9 1.6
      vertex 88 16.1112 2.55721
    endloop
  endfacet
  facet normal -1 -0 0
    outer loop
      vertex 88 16.329 2.23121
      vertex 88 9 1.6
      vertex 88 16.2121 2.38886
    endloop
  endfacet
  facet normal -1 -0 0
    outer loop
      vertex 88 16.4608 2.08579
      vertex 88 9 1.6
      vertex 88 16.329 2.23121
    endloop
  endfacet
  facet normal -1 -0 0
    outer loop
      vertex 88 16.6062 1.95398
      vertex 88 9 1.6
      vertex 88 16.4608 2.08579
    endloop
  endfacet
  facet normal -1 -0 0
    outer loop
      vertex 88 16.7639 1.83706
      vertex 88 9 1.6
      vertex 88 16.6062 1.95398
    endloop
  endfacet
  facet normal -1 -0 0
    outer loop
      vertex 88 16.9322 1.73616
      vertex 88 9 1.6
      vertex 88 16.7639 1.83706
    endloop
  endfacet
  facet normal -1 -0 0
    outer loop
      vertex 88 17.1096 1.65224
      vertex 88 9 1.6
      vertex 88 16.9322 1.73616
    endloop
  endfacet
  facet normal -1 0 0
    outer loop
      vertex 88 17.2944 1.58612
      vertex 88 9 1.6
      vertex 88 17.1096 1.65224
    endloop
  endfacet
  facet normal -1 0 0
    outer loop
      vertex 88 17.4848 1.53843
      vertex 88 9 1.6
      vertex 88 17.2944 1.58612
    endloop
  endfacet
  facet normal -1 0 0
    outer loop
      vertex 88 17.679 1.50963
      vertex 88 9 1.6
      vertex 88 17.4848 1.53843
    endloop
  endfacet
  facet normal -1 0 0
    outer loop
      vertex 88 2 0
      vertex 88 17.679 1.50963
      vertex 88 17.875 1.5
    endloop
  endfacet
  facet normal -1 0 0
    outer loop
      vertex 88 18.071 1.50963
      vertex 88 2 0
      vertex 88 17.875 1.5
    endloop
  endfacet
  facet normal -1 -0 0
    outer loop
      vertex 88 17.679 1.50963
      vertex 88 2 0
      vertex 88 9 1.6
    endloop
  endfacet
  facet normal -1 -0 0
    outer loop
      vertex 88 9 1.6
      vertex 88 2 0
      vertex 88 3 1.6
    endloop
  endfacet
  facet normal -1 0 0
    outer loop
      vertex 88 2 19
      vertex 88 3 1.6
      vertex 88 2 0
    endloop
  endfacet
  facet normal -1 0 0
    outer loop
      vertex 88 3 1.6
      vertex 88 2 19
      vertex 88 3 19
    endloop
  endfacet
  facet normal -1 -0 0
    outer loop
      vertex 88 70 19
      vertex 88 69 1.6
      vertex 88 69 19
    endloop
  endfacet
  facet normal -1 0 0
    outer loop
      vertex 88 55.5 16.6
      vertex 88 63 19
      vertex 88 55.5 12.6
    endloop
  endfacet
  facet normal -1 0 0
    outer loop
      vertex 88 45.5 16.6
      vertex 88 63 19
      vertex 88 55.5 16.6
    endloop
  endfacet
  facet normal -1 0 0
    outer loop
      vertex 88 32.3366 3.89018
      vertex 88 45.5 12.6
      vertex 88 32.3654 3.69603
    endloop
  endfacet
  facet normal -1 0 0
    outer loop
      vertex 88 32.2889 4.08057
      vertex 88 45.5 12.6
      vertex 88 32.3366 3.89018
    endloop
  endfacet
  facet normal -1 0 0
    outer loop
      vertex 88 32.2228 4.26537
      vertex 88 45.5 12.6
      vertex 88 32.2889 4.08057
    endloop
  endfacet
  facet normal -1 0 0
    outer loop
      vertex 88 32.1388 4.44279
      vertex 88 45.5 12.6
      vertex 88 32.2228 4.26537
    endloop
  endfacet
  facet normal -1 0 0
    outer loop
      vertex 88 32.0379 4.61114
      vertex 88 45.5 12.6
      vertex 88 32.1388 4.44279
    endloop
  endfacet
  facet normal -1 0 0
    outer loop
      vertex 88 31.921 4.76879
      vertex 88 45.5 12.6
      vertex 88 32.0379 4.61114
    endloop
  endfacet
  facet normal -1 0 0
    outer loop
      vertex 88 31.7892 4.91421
      vertex 88 45.5 12.6
      vertex 88 31.921 4.76879
    endloop
  endfacet
  facet normal -1 0 0
    outer loop
      vertex 88 31.6438 5.04602
      vertex 88 45.5 12.6
      vertex 88 31.7892 4.91421
    endloop
  endfacet
  facet normal -1 0 0
    outer loop
      vertex 88 31.4861 5.16294
      vertex 88 45.5 12.6
      vertex 88 31.6438 5.04602
    endloop
  endfacet
  facet normal -1 0 0
    outer loop
      vertex 88 31.3178 5.26384
      vertex 88 45.5 12.6
      vertex 88 31.4861 5.16294
    endloop
  endfacet
  facet normal -1 0 0
    outer loop
      vertex 88 31.1404 5.34776
      vertex 88 45.5 12.6
      vertex 88 31.3178 5.26384
    endloop
  endfacet
  facet normal -1 -0 0
    outer loop
      vertex 88 45.5 12.6
      vertex 88 31.1404 5.34776
      vertex 88 45.5 16.6
    endloop
  endfacet
  facet normal -1 0 0
    outer loop
      vertex 88 30.9556 5.41388
      vertex 88 45.5 16.6
      vertex 88 31.1404 5.34776
    endloop
  endfacet
  facet normal -1 0 0
    outer loop
      vertex 88 30.7652 5.46157
      vertex 88 45.5 16.6
      vertex 88 30.9556 5.41388
    endloop
  endfacet
  facet normal -1 0 0
    outer loop
      vertex 88 30.571 5.49037
      vertex 88 45.5 16.6
      vertex 88 30.7652 5.46157
    endloop
  endfacet
  facet normal -1 0 0
    outer loop
      vertex 88 30.375 5.5
      vertex 88 45.5 16.6
      vertex 88 30.571 5.49037
    endloop
  endfacet
  facet normal -1 0 0
    outer loop
      vertex 88 30.179 5.49037
      vertex 88 45.5 16.6
      vertex 88 30.375 5.5
    endloop
  endfacet
  facet normal -1 0 0
    outer loop
      vertex 88 9 19
      vertex 88 30.179 5.49037
      vertex 88 29.9848 5.46157
    endloop
  endfacet
  facet normal -1 0 0
    outer loop
      vertex 88 9 19
      vertex 88 29.9848 5.46157
      vertex 88 29.7944 5.41388
    endloop
  endfacet
  facet normal -1 0 0
    outer loop
      vertex 88 9 19
      vertex 88 29.7944 5.41388
      vertex 88 29.6096 5.34776
    endloop
  endfacet
  facet normal -1 0 0
    outer loop
      vertex 88 18.6404 5.34776
      vertex 88 29.6096 5.34776
      vertex 88 29.4322 5.26384
    endloop
  endfacet
  facet normal -1 0 0
    outer loop
      vertex 88 18.8178 5.26384
      vertex 88 29.4322 5.26384
      vertex 88 29.2639 5.16294
    endloop
  endfacet
  facet normal -1 0 0
    outer loop
      vertex 88 19.875 3.5
      vertex 88 28.3846 3.69603
      vertex 88 28.375 3.5
    endloop
  endfacet
  facet normal -1 0 0
    outer loop
      vertex 88 19.8654 3.69603
      vertex 88 28.3846 3.69603
      vertex 88 19.875 3.5
    endloop
  endfacet
  facet normal -1 0 0
    outer loop
      vertex 88 28.3846 3.69603
      vertex 88 19.8654 3.69603
      vertex 88 28.4134 3.89018
    endloop
  endfacet
  facet normal -1 0 0
    outer loop
      vertex 88 19.8366 3.89018
      vertex 88 28.4134 3.89018
      vertex 88 19.8654 3.69603
    endloop
  endfacet
  facet normal -1 0 0
    outer loop
      vertex 88 28.4134 3.89018
      vertex 88 19.8366 3.89018
      vertex 88 28.4611 4.08057
    endloop
  endfacet
  facet normal -1 0 0
    outer loop
      vertex 88 19.7889 4.08057
      vertex 88 28.4611 4.08057
      vertex 88 19.8366 3.89018
    endloop
  endfacet
  facet normal -1 0 0
    outer loop
      vertex 88 28.4611 4.08057
      vertex 88 19.7889 4.08057
      vertex 88 28.5272 4.26537
    endloop
  endfacet
  facet normal -1 0 0
    outer loop
      vertex 88 19.7228 4.26537
      vertex 88 28.5272 4.26537
      vertex 88 19.7889 4.08057
    endloop
  endfacet
  facet normal -1 0 0
    outer loop
      vertex 88 28.5272 4.26537
      vertex 88 19.7228 4.26537
      vertex 88 28.6112 4.44279
    endloop
  endfacet
  facet normal -1 0 0
    outer loop
      vertex 88 19.6388 4.44279
      vertex 88 28.6112 4.44279
      vertex 88 19.7228 4.26537
    endloop
  endfacet
  facet normal -1 0 0
    outer loop
      vertex 88 28.6112 4.44279
      vertex 88 19.6388 4.44279
      vertex 88 28.7121 4.61114
    endloop
  endfacet
  facet normal -1 0 0
    outer loop
      vertex 88 19.5379 4.61114
      vertex 88 28.7121 4.61114
      vertex 88 19.6388 4.44279
    endloop
  endfacet
  facet normal -1 0 0
    outer loop
      vertex 88 28.7121 4.61114
      vertex 88 19.5379 4.61114
      vertex 88 28.829 4.76879
    endloop
  endfacet
  facet normal -1 0 0
    outer loop
      vertex 88 19.421 4.76879
      vertex 88 28.829 4.76879
      vertex 88 19.5379 4.61114
    endloop
  endfacet
  facet normal -1 0 0
    outer loop
      vertex 88 28.829 4.76879
      vertex 88 19.421 4.76879
      vertex 88 28.9608 4.91421
    endloop
  endfacet
  facet normal -1 0 0
    outer loop
      vertex 88 19.2892 4.91421
      vertex 88 28.9608 4.91421
      vertex 88 19.421 4.76879
    endloop
  endfacet
  facet normal -1 0 0
    outer loop
      vertex 88 28.9608 4.91421
      vertex 88 19.2892 4.91421
      vertex 88 29.1062 5.04602
    endloop
  endfacet
  facet normal -1 0 0
    outer loop
      vertex 88 19.1438 5.04602
      vertex 88 29.1062 5.04602
      vertex 88 19.2892 4.91421
    endloop
  endfacet
  facet normal -1 0 0
    outer loop
      vertex 88 29.1062 5.04602
      vertex 88 19.1438 5.04602
      vertex 88 29.2639 5.16294
    endloop
  endfacet
  facet normal -1 0 0
    outer loop
      vertex 88 18.9861 5.16294
      vertex 88 29.2639 5.16294
      vertex 88 19.1438 5.04602
    endloop
  endfacet
  facet normal -1 0 0
    outer loop
      vertex 88 18.8178 5.26384
      vertex 88 29.2639 5.16294
      vertex 88 18.9861 5.16294
    endloop
  endfacet
  facet normal -1 0 0
    outer loop
      vertex 88 29.4322 5.26384
      vertex 88 18.8178 5.26384
      vertex 88 18.6404 5.34776
    endloop
  endfacet
  facet normal -1 0 0
    outer loop
      vertex 88 29.6096 5.34776
      vertex 88 18.6404 5.34776
      vertex 88 9 19
    endloop
  endfacet
  facet normal -1 0 0
    outer loop
      vertex 88 9 19
      vertex 88 18.6404 5.34776
      vertex 88 18.4556 5.41388
    endloop
  endfacet
  facet normal -1 0 0
    outer loop
      vertex 88 9 19
      vertex 88 18.4556 5.41388
      vertex 88 18.2652 5.46157
    endloop
  endfacet
  facet normal -1 0 0
    outer loop
      vertex 88 9 19
      vertex 88 18.2652 5.46157
      vertex 88 18.071 5.49037
    endloop
  endfacet
  facet normal -1 0 0
    outer loop
      vertex 88 9 19
      vertex 88 18.071 5.49037
      vertex 88 17.875 5.5
    endloop
  endfacet
  facet normal -1 0 0
    outer loop
      vertex 88 9 19
      vertex 88 17.875 5.5
      vertex 88 17.679 5.49037
    endloop
  endfacet
  facet normal -1 0 0
    outer loop
      vertex 88 9 19
      vertex 88 17.679 5.49037
      vertex 88 17.4848 5.46157
    endloop
  endfacet
  facet normal -1 0 0
    outer loop
      vertex 88 9 19
      vertex 88 17.4848 5.46157
      vertex 88 17.2944 5.41388
    endloop
  endfacet
  facet normal -1 0 0
    outer loop
      vertex 88 9 19
      vertex 88 17.2944 5.41388
      vertex 88 17.1096 5.34776
    endloop
  endfacet
  facet normal -1 0 0
    outer loop
      vertex 88 9 1.6
      vertex 88 15.8846 3.69603
      vertex 88 15.875 3.5
    endloop
  endfacet
  facet normal -1 0 0
    outer loop
      vertex 88 9 1.6
      vertex 88 15.9134 3.89018
      vertex 88 15.8846 3.69603
    endloop
  endfacet
  facet normal -1 0 0
    outer loop
      vertex 88 9 1.6
      vertex 88 15.9611 4.08057
      vertex 88 15.9134 3.89018
    endloop
  endfacet
  facet normal -1 0 0
    outer loop
      vertex 88 9 1.6
      vertex 88 16.0272 4.26537
      vertex 88 15.9611 4.08057
    endloop
  endfacet
  facet normal -1 0 0
    outer loop
      vertex 88 9 1.6
      vertex 88 16.1112 4.44279
      vertex 88 16.0272 4.26537
    endloop
  endfacet
  facet normal -1 0 0
    outer loop
      vertex 88 9 1.6
      vertex 88 16.2121 4.61114
      vertex 88 16.1112 4.44279
    endloop
  endfacet
  facet normal -1 0 0
    outer loop
      vertex 88 9 1.6
      vertex 88 16.329 4.76879
      vertex 88 16.2121 4.61114
    endloop
  endfacet
  facet normal -1 0 0
    outer loop
      vertex 88 9 19
      vertex 88 16.329 4.76879
      vertex 88 9 1.6
    endloop
  endfacet
  facet normal -1 0 0
    outer loop
      vertex 88 16.329 4.76879
      vertex 88 9 19
      vertex 88 16.4608 4.91421
    endloop
  endfacet
  facet normal -1 0 0
    outer loop
      vertex 88 16.4608 4.91421
      vertex 88 9 19
      vertex 88 16.6062 5.04602
    endloop
  endfacet
  facet normal -1 0 0
    outer loop
      vertex 88 16.6062 5.04602
      vertex 88 9 19
      vertex 88 16.7639 5.16294
    endloop
  endfacet
  facet normal -1 0 0
    outer loop
      vertex 88 16.7639 5.16294
      vertex 88 9 19
      vertex 88 16.9322 5.26384
    endloop
  endfacet
  facet normal -1 0 0
    outer loop
      vertex 88 45.5 16.6
      vertex 88 9 19
      vertex 88 63 19
    endloop
  endfacet
  facet normal -1 0 0
    outer loop
      vertex 88 30.179 5.49037
      vertex 88 9 19
      vertex 88 45.5 16.6
    endloop
  endfacet
  facet normal -1 0 0
    outer loop
      vertex 88 16.9322 5.26384
      vertex 88 9 19
      vertex 88 17.1096 5.34776
    endloop
  endfacet
  facet normal 0 0 -1
    outer loop
      vertex 2 69 19
      vertex 3 70 19
      vertex 3 69 19
    endloop
  endfacet
  facet normal -0 0 -1
    outer loop
      vertex 3 70 19
      vertex 2 69 19
      vertex 2 70 19
    endloop
  endfacet
  facet normal 0 0 -1
    outer loop
      vertex 87 69 19
      vertex 88 70 19
      vertex 88 69 19
    endloop
  endfacet
  facet normal -0 0 -1
    outer loop
      vertex 88 70 19
      vertex 87 69 19
      vertex 87 70 19
    endloop
  endfacet
  facet normal 0 0 -1
    outer loop
      vertex 2 2 19
      vertex 3 3 19
      vertex 3 2 19
    endloop
  endfacet
  facet normal -0 0 -1
    outer loop
      vertex 3 3 19
      vertex 2 2 19
      vertex 2 3 19
    endloop
  endfacet
  facet normal 0 0 -1
    outer loop
      vertex 87 2 19
      vertex 88 3 19
      vertex 88 2 19
    endloop
  endfacet
  facet normal -0 0 -1
    outer loop
      vertex 88 3 19
      vertex 87 2 19
      vertex 87 3 19
    endloop
  endfacet
  facet normal 0 0 -1
    outer loop
      vertex 9.43275 6.68282 19
      vertex 32.78 24 19
      vertex 9.48315 6.34306 19
    endloop
  endfacet
  facet normal 0 0 -1
    outer loop
      vertex 32.78 24 19
      vertex 9.48315 65.6569 19
      vertex 9.5 66 19
    endloop
  endfacet
  facet normal 0 0 -1
    outer loop
      vertex 9.34929 7.016 19
      vertex 32.78 24 19
      vertex 9.43275 6.68282 19
    endloop
  endfacet
  facet normal 0 0 -1
    outer loop
      vertex 32.78 24 19
      vertex 9.43275 65.3172 19
      vertex 9.48315 65.6569 19
    endloop
  endfacet
  facet normal 0 0 -1
    outer loop
      vertex 9.23358 7.33939 19
      vertex 32.78 24 19
      vertex 9.34929 7.016 19
    endloop
  endfacet
  facet normal 0 0 -1
    outer loop
      vertex 32.78 24 19
      vertex 9.34929 64.984 19
      vertex 9.43275 65.3172 19
    endloop
  endfacet
  facet normal 0 0 -1
    outer loop
      vertex 9.08672 7.64989 19
      vertex 32.78 24 19
      vertex 9.23358 7.33939 19
    endloop
  endfacet
  facet normal 0 0 -1
    outer loop
      vertex 32.78 24 19
      vertex 9.23358 64.6606 19
      vertex 9.34929 64.984 19
    endloop
  endfacet
  facet normal 0 0 -1
    outer loop
      vertex 8.91014 7.9445 19
      vertex 32.78 24 19
      vertex 9.08672 7.64989 19
    endloop
  endfacet
  facet normal 0 0 -1
    outer loop
      vertex 32.78 24 19
      vertex 9.08672 64.3501 19
      vertex 9.23358 64.6606 19
    endloop
  endfacet
  facet normal 0 0 -1
    outer loop
      vertex 8.70554 8.22038 19
      vertex 32.78 24 19
      vertex 8.91014 7.9445 19
    endloop
  endfacet
  facet normal 0 0 -1
    outer loop
      vertex 32.78 24 19
      vertex 8.91014 64.0555 19
      vertex 9.08672 64.3501 19
    endloop
  endfacet
  facet normal 0 0 -1
    outer loop
      vertex 8.47487 8.47487 19
      vertex 32.78 24 19
      vertex 8.70554 8.22038 19
    endloop
  endfacet
  facet normal 0 0 -1
    outer loop
      vertex 32.78 24 19
      vertex 8.70554 63.7796 19
      vertex 8.91014 64.0555 19
    endloop
  endfacet
  facet normal 0 0 -1
    outer loop
      vertex 8.22038 8.70554 19
      vertex 32.78 24 19
      vertex 8.47487 8.47487 19
    endloop
  endfacet
  facet normal 0 0 -1
    outer loop
      vertex 32.78 24 19
      vertex 8.47487 63.5251 19
      vertex 8.70554 63.7796 19
    endloop
  endfacet
  facet normal 0 0 -1
    outer loop
      vertex 7.9445 8.91014 19
      vertex 32.78 24 19
      vertex 8.22038 8.70554 19
    endloop
  endfacet
  facet normal 0 0 -1
    outer loop
      vertex 32.78 24 19
      vertex 8.22038 63.2945 19
      vertex 8.47487 63.5251 19
    endloop
  endfacet
  facet normal 0 0 -1
    outer loop
      vertex 7.64989 9.08672 19
      vertex 32.78 24 19
      vertex 7.9445 8.91014 19
    endloop
  endfacet
  facet normal 0 0 -1
    outer loop
      vertex 32.78 24 19
      vertex 7.9445 63.0899 19
      vertex 8.22038 63.2945 19
    endloop
  endfacet
  facet normal 0 0 -1
    outer loop
      vertex 7.33939 9.23358 19
      vertex 32.78 24 19
      vertex 7.64989 9.08672 19
    endloop
  endfacet
  facet normal 0 0 -1
    outer loop
      vertex 32.78 24 19
      vertex 7.64989 62.9133 19
      vertex 7.9445 63.0899 19
    endloop
  endfacet
  facet normal 0 0 -1
    outer loop
      vertex 7.016 9.34929 19
      vertex 32.78 24 19
      vertex 7.33939 9.23358 19
    endloop
  endfacet
  facet normal 0 0 -1
    outer loop
      vertex 32.78 24 19
      vertex 7.33939 62.7664 19
      vertex 7.64989 62.9133 19
    endloop
  endfacet
  facet normal 0 0 -1
    outer loop
      vertex 6.68282 9.43275 19
      vertex 32.78 24 19
      vertex 7.016 9.34929 19
    endloop
  endfacet
  facet normal 0 0 -1
    outer loop
      vertex 32.78 24 19
      vertex 7.016 62.6507 19
      vertex 7.33939 62.7664 19
    endloop
  endfacet
  facet normal 0 0 -1
    outer loop
      vertex 6.34306 9.48315 19
      vertex 32.78 24 19
      vertex 6.68282 9.43275 19
    endloop
  endfacet
  facet normal 0 0 -1
    outer loop
      vertex 32.78 24 19
      vertex 6.68282 62.5673 19
      vertex 7.016 62.6507 19
    endloop
  endfacet
  facet normal 0 0 -1
    outer loop
      vertex 6.34306 62.5169 19
      vertex 32.78 24 19
      vertex 6.34306 9.48315 19
    endloop
  endfacet
  facet normal 0 0 -1
    outer loop
      vertex 32.78 24 19
      vertex 6.34306 62.5169 19
      vertex 6.68282 62.5673 19
    endloop
  endfacet
  facet normal 0 0 -1
    outer loop
      vertex 6 9.5 19
      vertex 6.34306 62.5169 19
      vertex 6.34306 9.48315 19
    endloop
  endfacet
  facet normal 0 0 -1
    outer loop
      vertex 6 9.5 19
      vertex 6 62.5 19
      vertex 6.34306 62.5169 19
    endloop
  endfacet
  facet normal 0 0 -1
    outer loop
      vertex 5.65694 9.48315 19
      vertex 6 62.5 19
      vertex 6 9.5 19
    endloop
  endfacet
  facet normal 0 0 -1
    outer loop
      vertex 5.65694 9.48315 19
      vertex 5.65694 62.5169 19
      vertex 6 62.5 19
    endloop
  endfacet
  facet normal 0 0 -1
    outer loop
      vertex 5.31718 9.43275 19
      vertex 5.65694 62.5169 19
      vertex 5.65694 9.48315 19
    endloop
  endfacet
  facet normal 0 0 -1
    outer loop
      vertex 5.31718 9.43275 19
      vertex 5.31718 62.5673 19
      vertex 5.65694 62.5169 19
    endloop
  endfacet
  facet normal 0 0 -1
    outer loop
      vertex 2 9 19
      vertex 5.31718 9.43275 19
      vertex 4.984 9.34929 19
    endloop
  endfacet
  facet normal -0 0 -1
    outer loop
      vertex 5.31718 9.43275 19
      vertex 2 9 19
      vertex 5.31718 62.5673 19
    endloop
  endfacet
  facet normal 0 0 -1
    outer loop
      vertex 2 9 19
      vertex 4.984 9.34929 19
      vertex 4.66061 9.23358 19
    endloop
  endfacet
  facet normal 0 0 -1
    outer loop
      vertex 2 63 19
      vertex 5.31718 62.5673 19
      vertex 2 9 19
    endloop
  endfacet
  facet normal 0 0 -1
    outer loop
      vertex 2 9 19
      vertex 4.66061 9.23358 19
      vertex 4.35011 9.08672 19
    endloop
  endfacet
  facet normal 0 0 -1
    outer loop
      vertex 5.31718 62.5673 19
      vertex 2 63 19
      vertex 4.984 62.6507 19
    endloop
  endfacet
  facet normal 0 0 -1
    outer loop
      vertex 2 9 19
      vertex 4.35011 9.08672 19
      vertex 4.20542 9 19
    endloop
  endfacet
  facet normal 0 0 -1
    outer loop
      vertex 4.984 62.6507 19
      vertex 2 63 19
      vertex 4.66061 62.7664 19
    endloop
  endfacet
  facet normal 0 0 -1
    outer loop
      vertex 4.66061 62.7664 19
      vertex 2 63 19
      vertex 4.35011 62.9133 19
    endloop
  endfacet
  facet normal 0 0 -1
    outer loop
      vertex 4.35011 62.9133 19
      vertex 2 63 19
      vertex 4.20542 63 19
    endloop
  endfacet
  facet normal 0 0 -1
    outer loop
      vertex 81 2 19
      vertex 80.9133 4.35011 19
      vertex 81 4.20542 19
    endloop
  endfacet
  facet normal 0 0 -1
    outer loop
      vertex 81 2 19
      vertex 80.7664 4.66061 19
      vertex 80.9133 4.35011 19
    endloop
  endfacet
  facet normal 0 0 -1
    outer loop
      vertex 81 2 19
      vertex 80.6507 4.984 19
      vertex 80.7664 4.66061 19
    endloop
  endfacet
  facet normal 0 0 -1
    outer loop
      vertex 81 2 19
      vertex 80.5673 5.31718 19
      vertex 80.6507 4.984 19
    endloop
  endfacet
  facet normal 0 0 -1
    outer loop
      vertex 60.78 24 19
      vertex 80.5673 5.31718 19
      vertex 81 2 19
    endloop
  endfacet
  facet normal -0 0 -1
    outer loop
      vertex 80.5673 65.3172 19
      vertex 60.78 58 19
      vertex 80.5169 65.6569 19
    endloop
  endfacet
  facet normal 0 0 -1
    outer loop
      vertex 80.5169 5.65694 19
      vertex 60.78 24 19
      vertex 80.5 6 19
    endloop
  endfacet
  facet normal 0 0 -1
    outer loop
      vertex 80.5673 5.31718 19
      vertex 60.78 24 19
      vertex 80.5169 5.65694 19
    endloop
  endfacet
  facet normal 0 0 -1
    outer loop
      vertex 81 2 19
      vertex 32.78 24 19
      vertex 60.78 24 19
    endloop
  endfacet
  facet normal 0 0 -1
    outer loop
      vertex 9.48315 6.34306 19
      vertex 32.78 24 19
      vertex 9.5 6 19
    endloop
  endfacet
  facet normal 0 0 -1
    outer loop
      vertex 9 2 19
      vertex 32.78 24 19
      vertex 81 2 19
    endloop
  endfacet
  facet normal 0 0 -1
    outer loop
      vertex 32.78 24 19
      vertex 9.48315 5.65694 19
      vertex 9.5 6 19
    endloop
  endfacet
  facet normal 0 0 -1
    outer loop
      vertex 32.78 24 19
      vertex 9.43275 5.31718 19
      vertex 9.48315 5.65694 19
    endloop
  endfacet
  facet normal 0 0 -1
    outer loop
      vertex 32.78 24 19
      vertex 9 2 19
      vertex 9.43275 5.31718 19
    endloop
  endfacet
  facet normal 0 0 -1
    outer loop
      vertex 9.43275 5.31718 19
      vertex 9 2 19
      vertex 9.34929 4.984 19
    endloop
  endfacet
  facet normal 0 0 -1
    outer loop
      vertex 9.34929 4.984 19
      vertex 9 2 19
      vertex 9.23358 4.66061 19
    endloop
  endfacet
  facet normal 0 0 -1
    outer loop
      vertex 9.23358 4.66061 19
      vertex 9 2 19
      vertex 9.08672 4.35011 19
    endloop
  endfacet
  facet normal 0 0 -1
    outer loop
      vertex 9.08672 4.35011 19
      vertex 9 2 19
      vertex 9 4.20542 19
    endloop
  endfacet
  facet normal 0 0 -1
    outer loop
      vertex 85.6499 9.08672 19
      vertex 88 9 19
      vertex 85.7946 9 19
    endloop
  endfacet
  facet normal 0 0 -1
    outer loop
      vertex 85.3394 9.23358 19
      vertex 88 9 19
      vertex 85.6499 9.08672 19
    endloop
  endfacet
  facet normal 0 0 -1
    outer loop
      vertex 85.016 9.34929 19
      vertex 88 9 19
      vertex 85.3394 9.23358 19
    endloop
  endfacet
  facet normal -0 0 -1
    outer loop
      vertex 88 63 19
      vertex 85.6499 62.9133 19
      vertex 85.7946 63 19
    endloop
  endfacet
  facet normal 0 0 -1
    outer loop
      vertex 84.6828 9.43275 19
      vertex 88 9 19
      vertex 85.016 9.34929 19
    endloop
  endfacet
  facet normal 0 0 -1
    outer loop
      vertex 88 63 19
      vertex 85.3394 62.7664 19
      vertex 85.6499 62.9133 19
    endloop
  endfacet
  facet normal 0 0 -1
    outer loop
      vertex 88 9 19
      vertex 84.6828 9.43275 19
      vertex 88 63 19
    endloop
  endfacet
  facet normal 0 0 -1
    outer loop
      vertex 88 63 19
      vertex 85.016 62.6507 19
      vertex 85.3394 62.7664 19
    endloop
  endfacet
  facet normal 0 0 -1
    outer loop
      vertex 84.6828 62.5673 19
      vertex 88 63 19
      vertex 84.6828 9.43275 19
    endloop
  endfacet
  facet normal 0 0 -1
    outer loop
      vertex 88 63 19
      vertex 84.6828 62.5673 19
      vertex 85.016 62.6507 19
    endloop
  endfacet
  facet normal 0 0 -1
    outer loop
      vertex 84.3431 9.48315 19
      vertex 84.6828 62.5673 19
      vertex 84.6828 9.43275 19
    endloop
  endfacet
  facet normal 0 0 -1
    outer loop
      vertex 84.3431 9.48315 19
      vertex 84.3431 62.5169 19
      vertex 84.6828 62.5673 19
    endloop
  endfacet
  facet normal 0 0 -1
    outer loop
      vertex 84 9.5 19
      vertex 84.3431 62.5169 19
      vertex 84.3431 9.48315 19
    endloop
  endfacet
  facet normal 0 0 -1
    outer loop
      vertex 84 9.5 19
      vertex 84 62.5 19
      vertex 84.3431 62.5169 19
    endloop
  endfacet
  facet normal 0 0 -1
    outer loop
      vertex 60.78 24 19
      vertex 84 9.5 19
      vertex 83.6569 9.48315 19
    endloop
  endfacet
  facet normal 0 0 -1
    outer loop
      vertex 84 9.5 19
      vertex 60.78 24 19
      vertex 84 62.5 19
    endloop
  endfacet
  facet normal 0 0 -1
    outer loop
      vertex 60.78 24 19
      vertex 83.6569 9.48315 19
      vertex 83.3172 9.43275 19
    endloop
  endfacet
  facet normal -0 0 -1
    outer loop
      vertex 84 62.5 19
      vertex 60.78 24 19
      vertex 83.6569 62.5169 19
    endloop
  endfacet
  facet normal 0 0 -1
    outer loop
      vertex 60.78 24 19
      vertex 83.3172 9.43275 19
      vertex 82.984 9.34929 19
    endloop
  endfacet
  facet normal -0 0 -1
    outer loop
      vertex 83.6569 62.5169 19
      vertex 60.78 24 19
      vertex 83.3172 62.5673 19
    endloop
  endfacet
  facet normal 0 0 -1
    outer loop
      vertex 60.78 24 19
      vertex 82.984 9.34929 19
      vertex 82.6606 9.23358 19
    endloop
  endfacet
  facet normal -0 0 -1
    outer loop
      vertex 83.3172 62.5673 19
      vertex 60.78 24 19
      vertex 82.984 62.6507 19
    endloop
  endfacet
  facet normal 0 0 -1
    outer loop
      vertex 60.78 24 19
      vertex 82.6606 9.23358 19
      vertex 82.3501 9.08672 19
    endloop
  endfacet
  facet normal 0 0 -1
    outer loop
      vertex 60.78 58 19
      vertex 82.984 62.6507 19
      vertex 60.78 24 19
    endloop
  endfacet
  facet normal 0 0 -1
    outer loop
      vertex 60.78 24 19
      vertex 82.3501 9.08672 19
      vertex 82.0555 8.91014 19
    endloop
  endfacet
  facet normal -0 0 -1
    outer loop
      vertex 82.984 62.6507 19
      vertex 60.78 58 19
      vertex 82.6606 62.7664 19
    endloop
  endfacet
  facet normal 0 0 -1
    outer loop
      vertex 60.78 24 19
      vertex 82.0555 8.91014 19
      vertex 81.7796 8.70554 19
    endloop
  endfacet
  facet normal -0 0 -1
    outer loop
      vertex 82.6606 62.7664 19
      vertex 60.78 58 19
      vertex 82.3501 62.9133 19
    endloop
  endfacet
  facet normal 0 0 -1
    outer loop
      vertex 60.78 24 19
      vertex 81.7796 8.70554 19
      vertex 81.5251 8.47487 19
    endloop
  endfacet
  facet normal -0 0 -1
    outer loop
      vertex 82.3501 62.9133 19
      vertex 60.78 58 19
      vertex 82.0555 63.0899 19
    endloop
  endfacet
  facet normal 0 0 -1
    outer loop
      vertex 60.78 24 19
      vertex 81.5251 8.47487 19
      vertex 81.2945 8.22038 19
    endloop
  endfacet
  facet normal -0 0 -1
    outer loop
      vertex 82.0555 63.0899 19
      vertex 60.78 58 19
      vertex 81.7796 63.2945 19
    endloop
  endfacet
  facet normal 0 0 -1
    outer loop
      vertex 60.78 24 19
      vertex 81.2945 8.22038 19
      vertex 81.0899 7.9445 19
    endloop
  endfacet
  facet normal -0 0 -1
    outer loop
      vertex 81.7796 63.2945 19
      vertex 60.78 58 19
      vertex 81.5251 63.5251 19
    endloop
  endfacet
  facet normal 0 0 -1
    outer loop
      vertex 60.78 24 19
      vertex 81.0899 7.9445 19
      vertex 80.9133 7.64989 19
    endloop
  endfacet
  facet normal -0 0 -1
    outer loop
      vertex 81.5251 63.5251 19
      vertex 60.78 58 19
      vertex 81.2945 63.7796 19
    endloop
  endfacet
  facet normal 0 0 -1
    outer loop
      vertex 60.78 24 19
      vertex 80.9133 7.64989 19
      vertex 80.7664 7.33939 19
    endloop
  endfacet
  facet normal -0 0 -1
    outer loop
      vertex 81.2945 63.7796 19
      vertex 60.78 58 19
      vertex 81.0899 64.0555 19
    endloop
  endfacet
  facet normal 0 0 -1
    outer loop
      vertex 60.78 24 19
      vertex 80.7664 7.33939 19
      vertex 80.6507 7.016 19
    endloop
  endfacet
  facet normal -0 0 -1
    outer loop
      vertex 81.0899 64.0555 19
      vertex 60.78 58 19
      vertex 80.9133 64.3501 19
    endloop
  endfacet
  facet normal 0 0 -1
    outer loop
      vertex 60.78 24 19
      vertex 80.6507 7.016 19
      vertex 80.5673 6.68282 19
    endloop
  endfacet
  facet normal -0 0 -1
    outer loop
      vertex 80.9133 64.3501 19
      vertex 60.78 58 19
      vertex 80.7664 64.6606 19
    endloop
  endfacet
  facet normal 0 0 -1
    outer loop
      vertex 60.78 24 19
      vertex 80.5673 6.68282 19
      vertex 80.5169 6.34306 19
    endloop
  endfacet
  facet normal -0 0 -1
    outer loop
      vertex 80.7664 64.6606 19
      vertex 60.78 58 19
      vertex 80.6507 64.984 19
    endloop
  endfacet
  facet normal 0 0 -1
    outer loop
      vertex 60.78 24 19
      vertex 80.5169 6.34306 19
      vertex 80.5 6 19
    endloop
  endfacet
  facet normal -0 0 -1
    outer loop
      vertex 80.6507 64.984 19
      vertex 60.78 58 19
      vertex 80.5673 65.3172 19
    endloop
  endfacet
  facet normal 0 0 -1
    outer loop
      vertex 80.9133 67.6499 19
      vertex 81 70 19
      vertex 81 67.7946 19
    endloop
  endfacet
  facet normal 0 0 -1
    outer loop
      vertex 80.7664 67.3394 19
      vertex 81 70 19
      vertex 80.9133 67.6499 19
    endloop
  endfacet
  facet normal 0 0 -1
    outer loop
      vertex 80.6507 67.016 19
      vertex 81 70 19
      vertex 80.7664 67.3394 19
    endloop
  endfacet
  facet normal 0 0 -1
    outer loop
      vertex 80.5673 66.6828 19
      vertex 81 70 19
      vertex 80.6507 67.016 19
    endloop
  endfacet
  facet normal 0 0 -1
    outer loop
      vertex 60.78 58 19
      vertex 80.5673 66.6828 19
      vertex 80.5169 66.3431 19
    endloop
  endfacet
  facet normal -0 0 -1
    outer loop
      vertex 80.5169 65.6569 19
      vertex 60.78 58 19
      vertex 80.5 66 19
    endloop
  endfacet
  facet normal -0 0 -1
    outer loop
      vertex 80.5 66 19
      vertex 60.78 58 19
      vertex 80.5169 66.3431 19
    endloop
  endfacet
  facet normal -0 0 -1
    outer loop
      vertex 80.5673 66.6828 19
      vertex 60.78 58 19
      vertex 81 70 19
    endloop
  endfacet
  facet normal 0 0 -1
    outer loop
      vertex 32.78 58 19
      vertex 81 70 19
      vertex 60.78 58 19
    endloop
  endfacet
  facet normal 0 0 -1
    outer loop
      vertex 32.78 24 19
      vertex 9.5 66 19
      vertex 32.78 58 19
    endloop
  endfacet
  facet normal 0 0 -1
    outer loop
      vertex 9.48315 66.3431 19
      vertex 32.78 58 19
      vertex 9.5 66 19
    endloop
  endfacet
  facet normal 0 0 -1
    outer loop
      vertex 9.43275 66.6828 19
      vertex 32.78 58 19
      vertex 9.48315 66.3431 19
    endloop
  endfacet
  facet normal 0 0 -1
    outer loop
      vertex 9 70 19
      vertex 32.78 58 19
      vertex 9.43275 66.6828 19
    endloop
  endfacet
  facet normal 0 0 -1
    outer loop
      vertex 9 70 19
      vertex 9.43275 66.6828 19
      vertex 9.34929 67.016 19
    endloop
  endfacet
  facet normal 0 0 -1
    outer loop
      vertex 9 70 19
      vertex 9.34929 67.016 19
      vertex 9.23358 67.3394 19
    endloop
  endfacet
  facet normal 0 0 -1
    outer loop
      vertex 9 70 19
      vertex 9.23358 67.3394 19
      vertex 9.08672 67.6499 19
    endloop
  endfacet
  facet normal 0 0 -1
    outer loop
      vertex 9 70 19
      vertex 9.08672 67.6499 19
      vertex 9 67.7946 19
    endloop
  endfacet
  facet normal 0 0 -1
    outer loop
      vertex 32.78 58 19
      vertex 9 70 19
      vertex 81 70 19
    endloop
  endfacet
  facet normal 0 0 -1
    outer loop
      vertex 7.3435 65.8677 19
      vertex 7.3435 66.1323 19
      vertex 7.35 66 19
    endloop
  endfacet
  facet normal 0 0 -1
    outer loop
      vertex 7.32406 65.7366 19
      vertex 7.3435 66.1323 19
      vertex 7.3435 65.8677 19
    endloop
  endfacet
  facet normal 0 0 -1
    outer loop
      vertex 7.32406 65.7366 19
      vertex 7.32406 66.2634 19
      vertex 7.3435 66.1323 19
    endloop
  endfacet
  facet normal 0 0 -1
    outer loop
      vertex 7.29187 65.6081 19
      vertex 7.32406 66.2634 19
      vertex 7.32406 65.7366 19
    endloop
  endfacet
  facet normal 0 0 -1
    outer loop
      vertex 7.29187 65.6081 19
      vertex 7.29187 66.3919 19
      vertex 7.32406 66.2634 19
    endloop
  endfacet
  facet normal 0 0 -1
    outer loop
      vertex 7.24724 65.4834 19
      vertex 7.29187 66.3919 19
      vertex 7.29187 65.6081 19
    endloop
  endfacet
  facet normal 0 0 -1
    outer loop
      vertex 7.24724 65.4834 19
      vertex 7.24724 66.5166 19
      vertex 7.29187 66.3919 19
    endloop
  endfacet
  facet normal 0 0 -1
    outer loop
      vertex 7.19059 65.3636 19
      vertex 7.24724 66.5166 19
      vertex 7.24724 65.4834 19
    endloop
  endfacet
  facet normal 0 0 -1
    outer loop
      vertex 7.19059 65.3636 19
      vertex 7.19059 66.6364 19
      vertex 7.24724 66.5166 19
    endloop
  endfacet
  facet normal 0 0 -1
    outer loop
      vertex 7.12248 65.25 19
      vertex 7.19059 66.6364 19
      vertex 7.19059 65.3636 19
    endloop
  endfacet
  facet normal 0 0 -1
    outer loop
      vertex 7.12248 65.25 19
      vertex 7.12248 66.75 19
      vertex 7.19059 66.6364 19
    endloop
  endfacet
  facet normal 0 0 -1
    outer loop
      vertex 7.04356 65.1436 19
      vertex 7.12248 66.75 19
      vertex 7.12248 65.25 19
    endloop
  endfacet
  facet normal 0 0 -1
    outer loop
      vertex 7.04356 65.1436 19
      vertex 7.04356 66.8564 19
      vertex 7.12248 66.75 19
    endloop
  endfacet
  facet normal 0 0 -1
    outer loop
      vertex 6.95459 65.0454 19
      vertex 7.04356 66.8564 19
      vertex 7.04356 65.1436 19
    endloop
  endfacet
  facet normal 0 0 -1
    outer loop
      vertex 6.95459 65.0454 19
      vertex 6.95459 66.9546 19
      vertex 7.04356 66.8564 19
    endloop
  endfacet
  facet normal 0 0 -1
    outer loop
      vertex 6.85643 64.9564 19
      vertex 6.95459 66.9546 19
      vertex 6.95459 65.0454 19
    endloop
  endfacet
  facet normal 0 0 -1
    outer loop
      vertex 6.85643 64.9564 19
      vertex 6.85643 67.0436 19
      vertex 6.95459 66.9546 19
    endloop
  endfacet
  facet normal 0 0 -1
    outer loop
      vertex 6.75002 64.8775 19
      vertex 6.85643 67.0436 19
      vertex 6.85643 64.9564 19
    endloop
  endfacet
  facet normal 0 0 -1
    outer loop
      vertex 6.75002 64.8775 19
      vertex 6.75002 67.1225 19
      vertex 6.85643 67.0436 19
    endloop
  endfacet
  facet normal 0 0 -1
    outer loop
      vertex 6.63638 64.8094 19
      vertex 6.75002 67.1225 19
      vertex 6.75002 64.8775 19
    endloop
  endfacet
  facet normal 0 0 -1
    outer loop
      vertex 6.63638 64.8094 19
      vertex 6.63638 67.1906 19
      vertex 6.75002 67.1225 19
    endloop
  endfacet
  facet normal 0 0 -1
    outer loop
      vertex 6.51662 64.7528 19
      vertex 6.63638 67.1906 19
      vertex 6.63638 64.8094 19
    endloop
  endfacet
  facet normal 0 0 -1
    outer loop
      vertex 6.51662 64.7528 19
      vertex 6.51662 67.2472 19
      vertex 6.63638 67.1906 19
    endloop
  endfacet
  facet normal 0 0 -1
    outer loop
      vertex 6.39188 64.7081 19
      vertex 6.51662 67.2472 19
      vertex 6.51662 64.7528 19
    endloop
  endfacet
  facet normal 0 0 -1
    outer loop
      vertex 6.39188 64.7081 19
      vertex 6.39188 67.2919 19
      vertex 6.51662 67.2472 19
    endloop
  endfacet
  facet normal 0 0 -1
    outer loop
      vertex 6.26337 64.6759 19
      vertex 6.39188 67.2919 19
      vertex 6.39188 64.7081 19
    endloop
  endfacet
  facet normal 0 0 -1
    outer loop
      vertex 6.26337 64.6759 19
      vertex 6.26337 67.3241 19
      vertex 6.39188 67.2919 19
    endloop
  endfacet
  facet normal 0 0 -1
    outer loop
      vertex 6.13232 64.6565 19
      vertex 6.26337 67.3241 19
      vertex 6.26337 64.6759 19
    endloop
  endfacet
  facet normal 0 0 -1
    outer loop
      vertex 6.13232 64.6565 19
      vertex 6.13232 67.3435 19
      vertex 6.26337 67.3241 19
    endloop
  endfacet
  facet normal 0 0 -1
    outer loop
      vertex 6 64.65 19
      vertex 6.13232 67.3435 19
      vertex 6.13232 64.6565 19
    endloop
  endfacet
  facet normal 0 0 -1
    outer loop
      vertex 6 64.65 19
      vertex 6 67.35 19
      vertex 6.13232 67.3435 19
    endloop
  endfacet
  facet normal 0 0 -1
    outer loop
      vertex 5.86768 64.6565 19
      vertex 6 67.35 19
      vertex 6 64.65 19
    endloop
  endfacet
  facet normal 0 0 -1
    outer loop
      vertex 5.86768 64.6565 19
      vertex 5.86768 67.3435 19
      vertex 6 67.35 19
    endloop
  endfacet
  facet normal 0 0 -1
    outer loop
      vertex 5.73663 64.6759 19
      vertex 5.86768 67.3435 19
      vertex 5.86768 64.6565 19
    endloop
  endfacet
  facet normal 0 0 -1
    outer loop
      vertex 5.73663 64.6759 19
      vertex 5.73663 67.3241 19
      vertex 5.86768 67.3435 19
    endloop
  endfacet
  facet normal 0 0 -1
    outer loop
      vertex 5.60812 64.7081 19
      vertex 5.73663 67.3241 19
      vertex 5.73663 64.6759 19
    endloop
  endfacet
  facet normal 0 0 -1
    outer loop
      vertex 5.60812 64.7081 19
      vertex 5.60812 67.2919 19
      vertex 5.73663 67.3241 19
    endloop
  endfacet
  facet normal 0 0 -1
    outer loop
      vertex 5.48338 64.7528 19
      vertex 5.60812 67.2919 19
      vertex 5.60812 64.7081 19
    endloop
  endfacet
  facet normal 0 0 -1
    outer loop
      vertex 5.48338 64.7528 19
      vertex 5.48338 67.2472 19
      vertex 5.60812 67.2919 19
    endloop
  endfacet
  facet normal 0 0 -1
    outer loop
      vertex 5.36361 64.8094 19
      vertex 5.48338 67.2472 19
      vertex 5.48338 64.7528 19
    endloop
  endfacet
  facet normal 0 0 -1
    outer loop
      vertex 5.36361 64.8094 19
      vertex 5.36361 67.1906 19
      vertex 5.48338 67.2472 19
    endloop
  endfacet
  facet normal 0 0 -1
    outer loop
      vertex 5.24998 64.8775 19
      vertex 5.36361 67.1906 19
      vertex 5.36361 64.8094 19
    endloop
  endfacet
  facet normal 0 0 -1
    outer loop
      vertex 5.24998 64.8775 19
      vertex 5.24998 67.1225 19
      vertex 5.36361 67.1906 19
    endloop
  endfacet
  facet normal 0 0 -1
    outer loop
      vertex 5.14357 64.9564 19
      vertex 5.24998 67.1225 19
      vertex 5.24998 64.8775 19
    endloop
  endfacet
  facet normal 0 0 -1
    outer loop
      vertex 5.14357 64.9564 19
      vertex 5.14357 67.0436 19
      vertex 5.24998 67.1225 19
    endloop
  endfacet
  facet normal 0 0 -1
    outer loop
      vertex 5.04541 65.0454 19
      vertex 5.14357 67.0436 19
      vertex 5.14357 64.9564 19
    endloop
  endfacet
  facet normal 0 0 -1
    outer loop
      vertex 5.04541 65.0454 19
      vertex 5.04541 66.9546 19
      vertex 5.14357 67.0436 19
    endloop
  endfacet
  facet normal 0 0 -1
    outer loop
      vertex 4.95644 65.1436 19
      vertex 5.04541 66.9546 19
      vertex 5.04541 65.0454 19
    endloop
  endfacet
  facet normal 0 0 -1
    outer loop
      vertex 4.95644 65.1436 19
      vertex 4.95644 66.8564 19
      vertex 5.04541 66.9546 19
    endloop
  endfacet
  facet normal 0 0 -1
    outer loop
      vertex 4.87752 65.25 19
      vertex 4.95644 66.8564 19
      vertex 4.95644 65.1436 19
    endloop
  endfacet
  facet normal 0 0 -1
    outer loop
      vertex 4.87752 65.25 19
      vertex 4.87752 66.75 19
      vertex 4.95644 66.8564 19
    endloop
  endfacet
  facet normal 0 0 -1
    outer loop
      vertex 4.80941 65.3636 19
      vertex 4.87752 66.75 19
      vertex 4.87752 65.25 19
    endloop
  endfacet
  facet normal 0 0 -1
    outer loop
      vertex 4.80941 65.3636 19
      vertex 4.80941 66.6364 19
      vertex 4.87752 66.75 19
    endloop
  endfacet
  facet normal 0 0 -1
    outer loop
      vertex 4.75276 65.4834 19
      vertex 4.80941 66.6364 19
      vertex 4.80941 65.3636 19
    endloop
  endfacet
  facet normal 0 0 -1
    outer loop
      vertex 4.75276 65.4834 19
      vertex 4.75276 66.5166 19
      vertex 4.80941 66.6364 19
    endloop
  endfacet
  facet normal 0 0 -1
    outer loop
      vertex 4.70813 65.6081 19
      vertex 4.75276 66.5166 19
      vertex 4.75276 65.4834 19
    endloop
  endfacet
  facet normal 0 0 -1
    outer loop
      vertex 4.70813 65.6081 19
      vertex 4.70813 66.3919 19
      vertex 4.75276 66.5166 19
    endloop
  endfacet
  facet normal 0 0 -1
    outer loop
      vertex 4.67594 65.7366 19
      vertex 4.70813 66.3919 19
      vertex 4.70813 65.6081 19
    endloop
  endfacet
  facet normal 0 0 -1
    outer loop
      vertex 4.67594 65.7366 19
      vertex 4.67594 66.2634 19
      vertex 4.70813 66.3919 19
    endloop
  endfacet
  facet normal 0 0 -1
    outer loop
      vertex 4.6565 65.8677 19
      vertex 4.67594 66.2634 19
      vertex 4.67594 65.7366 19
    endloop
  endfacet
  facet normal 0 0 -1
    outer loop
      vertex 4.6565 65.8677 19
      vertex 4.6565 66.1323 19
      vertex 4.67594 66.2634 19
    endloop
  endfacet
  facet normal 0 -0 -1
    outer loop
      vertex 4.6565 66.1323 19
      vertex 4.6565 65.8677 19
      vertex 4.65 66 19
    endloop
  endfacet
  facet normal 0 0 -1
    outer loop
      vertex 7.3435 5.86768 19
      vertex 7.3435 6.13232 19
      vertex 7.35 6 19
    endloop
  endfacet
  facet normal 0 0 -1
    outer loop
      vertex 7.32406 5.73663 19
      vertex 7.3435 6.13232 19
      vertex 7.3435 5.86768 19
    endloop
  endfacet
  facet normal 0 0 -1
    outer loop
      vertex 7.32406 5.73663 19
      vertex 7.32406 6.26337 19
      vertex 7.3435 6.13232 19
    endloop
  endfacet
  facet normal 0 0 -1
    outer loop
      vertex 7.29187 5.60812 19
      vertex 7.32406 6.26337 19
      vertex 7.32406 5.73663 19
    endloop
  endfacet
  facet normal 0 0 -1
    outer loop
      vertex 7.29187 5.60812 19
      vertex 7.29187 6.39188 19
      vertex 7.32406 6.26337 19
    endloop
  endfacet
  facet normal 0 0 -1
    outer loop
      vertex 7.24724 5.48338 19
      vertex 7.29187 6.39188 19
      vertex 7.29187 5.60812 19
    endloop
  endfacet
  facet normal 0 0 -1
    outer loop
      vertex 7.24724 5.48338 19
      vertex 7.24724 6.51662 19
      vertex 7.29187 6.39188 19
    endloop
  endfacet
  facet normal 0 0 -1
    outer loop
      vertex 7.19059 5.36361 19
      vertex 7.24724 6.51662 19
      vertex 7.24724 5.48338 19
    endloop
  endfacet
  facet normal 0 0 -1
    outer loop
      vertex 7.19059 5.36361 19
      vertex 7.19059 6.63638 19
      vertex 7.24724 6.51662 19
    endloop
  endfacet
  facet normal 0 0 -1
    outer loop
      vertex 7.12248 5.24998 19
      vertex 7.19059 6.63638 19
      vertex 7.19059 5.36361 19
    endloop
  endfacet
  facet normal 0 0 -1
    outer loop
      vertex 7.12248 5.24998 19
      vertex 7.12248 6.75002 19
      vertex 7.19059 6.63638 19
    endloop
  endfacet
  facet normal 0 0 -1
    outer loop
      vertex 7.04356 5.14357 19
      vertex 7.12248 6.75002 19
      vertex 7.12248 5.24998 19
    endloop
  endfacet
  facet normal 0 0 -1
    outer loop
      vertex 7.04356 5.14357 19
      vertex 7.04356 6.85643 19
      vertex 7.12248 6.75002 19
    endloop
  endfacet
  facet normal 0 0 -1
    outer loop
      vertex 6.95459 5.04541 19
      vertex 7.04356 6.85643 19
      vertex 7.04356 5.14357 19
    endloop
  endfacet
  facet normal 0 0 -1
    outer loop
      vertex 6.95459 5.04541 19
      vertex 6.95459 6.95459 19
      vertex 7.04356 6.85643 19
    endloop
  endfacet
  facet normal 0 0 -1
    outer loop
      vertex 6.85643 4.95644 19
      vertex 6.95459 6.95459 19
      vertex 6.95459 5.04541 19
    endloop
  endfacet
  facet normal 0 0 -1
    outer loop
      vertex 6.85643 4.95644 19
      vertex 6.85643 7.04356 19
      vertex 6.95459 6.95459 19
    endloop
  endfacet
  facet normal 0 0 -1
    outer loop
      vertex 6.75002 4.87752 19
      vertex 6.85643 7.04356 19
      vertex 6.85643 4.95644 19
    endloop
  endfacet
  facet normal 0 0 -1
    outer loop
      vertex 6.75002 4.87752 19
      vertex 6.75002 7.12248 19
      vertex 6.85643 7.04356 19
    endloop
  endfacet
  facet normal 0 0 -1
    outer loop
      vertex 6.63638 4.80941 19
      vertex 6.75002 7.12248 19
      vertex 6.75002 4.87752 19
    endloop
  endfacet
  facet normal 0 0 -1
    outer loop
      vertex 6.63638 4.80941 19
      vertex 6.63638 7.19059 19
      vertex 6.75002 7.12248 19
    endloop
  endfacet
  facet normal 0 0 -1
    outer loop
      vertex 6.51662 4.75276 19
      vertex 6.63638 7.19059 19
      vertex 6.63638 4.80941 19
    endloop
  endfacet
  facet normal 0 0 -1
    outer loop
      vertex 6.51662 4.75276 19
      vertex 6.51662 7.24724 19
      vertex 6.63638 7.19059 19
    endloop
  endfacet
  facet normal 0 0 -1
    outer loop
      vertex 6.39188 4.70813 19
      vertex 6.51662 7.24724 19
      vertex 6.51662 4.75276 19
    endloop
  endfacet
  facet normal 0 0 -1
    outer loop
      vertex 6.39188 4.70813 19
      vertex 6.39188 7.29187 19
      vertex 6.51662 7.24724 19
    endloop
  endfacet
  facet normal 0 0 -1
    outer loop
      vertex 6.26337 4.67594 19
      vertex 6.39188 7.29187 19
      vertex 6.39188 4.70813 19
    endloop
  endfacet
  facet normal 0 0 -1
    outer loop
      vertex 6.26337 4.67594 19
      vertex 6.26337 7.32406 19
      vertex 6.39188 7.29187 19
    endloop
  endfacet
  facet normal 0 0 -1
    outer loop
      vertex 6.13232 4.6565 19
      vertex 6.26337 7.32406 19
      vertex 6.26337 4.67594 19
    endloop
  endfacet
  facet normal 0 0 -1
    outer loop
      vertex 6.13232 4.6565 19
      vertex 6.13232 7.3435 19
      vertex 6.26337 7.32406 19
    endloop
  endfacet
  facet normal 0 0 -1
    outer loop
      vertex 6 4.65 19
      vertex 6.13232 7.3435 19
      vertex 6.13232 4.6565 19
    endloop
  endfacet
  facet normal 0 0 -1
    outer loop
      vertex 6 4.65 19
      vertex 6 7.35 19
      vertex 6.13232 7.3435 19
    endloop
  endfacet
  facet normal 0 0 -1
    outer loop
      vertex 5.86768 4.6565 19
      vertex 6 7.35 19
      vertex 6 4.65 19
    endloop
  endfacet
  facet normal 0 0 -1
    outer loop
      vertex 5.86768 4.6565 19
      vertex 5.86768 7.3435 19
      vertex 6 7.35 19
    endloop
  endfacet
  facet normal 0 0 -1
    outer loop
      vertex 5.73663 4.67594 19
      vertex 5.86768 7.3435 19
      vertex 5.86768 4.6565 19
    endloop
  endfacet
  facet normal 0 0 -1
    outer loop
      vertex 5.73663 4.67594 19
      vertex 5.73663 7.32406 19
      vertex 5.86768 7.3435 19
    endloop
  endfacet
  facet normal 0 0 -1
    outer loop
      vertex 5.60812 4.70813 19
      vertex 5.73663 7.32406 19
      vertex 5.73663 4.67594 19
    endloop
  endfacet
  facet normal 0 0 -1
    outer loop
      vertex 5.60812 4.70813 19
      vertex 5.60812 7.29187 19
      vertex 5.73663 7.32406 19
    endloop
  endfacet
  facet normal 0 0 -1
    outer loop
      vertex 5.48338 4.75276 19
      vertex 5.60812 7.29187 19
      vertex 5.60812 4.70813 19
    endloop
  endfacet
  facet normal 0 0 -1
    outer loop
      vertex 5.48338 4.75276 19
      vertex 5.48338 7.24724 19
      vertex 5.60812 7.29187 19
    endloop
  endfacet
  facet normal 0 0 -1
    outer loop
      vertex 5.36361 4.80941 19
      vertex 5.48338 7.24724 19
      vertex 5.48338 4.75276 19
    endloop
  endfacet
  facet normal 0 0 -1
    outer loop
      vertex 5.36361 4.80941 19
      vertex 5.36361 7.19059 19
      vertex 5.48338 7.24724 19
    endloop
  endfacet
  facet normal 0 0 -1
    outer loop
      vertex 5.24998 4.87752 19
      vertex 5.36361 7.19059 19
      vertex 5.36361 4.80941 19
    endloop
  endfacet
  facet normal 0 0 -1
    outer loop
      vertex 5.24998 4.87752 19
      vertex 5.24998 7.12248 19
      vertex 5.36361 7.19059 19
    endloop
  endfacet
  facet normal 0 0 -1
    outer loop
      vertex 5.14357 4.95644 19
      vertex 5.24998 7.12248 19
      vertex 5.24998 4.87752 19
    endloop
  endfacet
  facet normal 0 0 -1
    outer loop
      vertex 5.14357 4.95644 19
      vertex 5.14357 7.04356 19
      vertex 5.24998 7.12248 19
    endloop
  endfacet
  facet normal 0 0 -1
    outer loop
      vertex 5.04541 5.04541 19
      vertex 5.14357 7.04356 19
      vertex 5.14357 4.95644 19
    endloop
  endfacet
  facet normal 0 0 -1
    outer loop
      vertex 5.04541 5.04541 19
      vertex 5.04541 6.95459 19
      vertex 5.14357 7.04356 19
    endloop
  endfacet
  facet normal 0 0 -1
    outer loop
      vertex 4.95644 5.14357 19
      vertex 5.04541 6.95459 19
      vertex 5.04541 5.04541 19
    endloop
  endfacet
  facet normal 0 0 -1
    outer loop
      vertex 4.95644 5.14357 19
      vertex 4.95644 6.85643 19
      vertex 5.04541 6.95459 19
    endloop
  endfacet
  facet normal 0 0 -1
    outer loop
      vertex 4.87752 5.24998 19
      vertex 4.95644 6.85643 19
      vertex 4.95644 5.14357 19
    endloop
  endfacet
  facet normal 0 0 -1
    outer loop
      vertex 4.87752 5.24998 19
      vertex 4.87752 6.75002 19
      vertex 4.95644 6.85643 19
    endloop
  endfacet
  facet normal 0 0 -1
    outer loop
      vertex 4.80941 5.36361 19
      vertex 4.87752 6.75002 19
      vertex 4.87752 5.24998 19
    endloop
  endfacet
  facet normal 0 0 -1
    outer loop
      vertex 4.80941 5.36361 19
      vertex 4.80941 6.63638 19
      vertex 4.87752 6.75002 19
    endloop
  endfacet
  facet normal 0 0 -1
    outer loop
      vertex 4.75276 5.48338 19
      vertex 4.80941 6.63638 19
      vertex 4.80941 5.36361 19
    endloop
  endfacet
  facet normal 0 0 -1
    outer loop
      vertex 4.75276 5.48338 19
      vertex 4.75276 6.51662 19
      vertex 4.80941 6.63638 19
    endloop
  endfacet
  facet normal 0 0 -1
    outer loop
      vertex 4.70813 5.60812 19
      vertex 4.75276 6.51662 19
      vertex 4.75276 5.48338 19
    endloop
  endfacet
  facet normal 0 0 -1
    outer loop
      vertex 4.70813 5.60812 19
      vertex 4.70813 6.39188 19
      vertex 4.75276 6.51662 19
    endloop
  endfacet
  facet normal 0 0 -1
    outer loop
      vertex 4.67594 5.73663 19
      vertex 4.70813 6.39188 19
      vertex 4.70813 5.60812 19
    endloop
  endfacet
  facet normal 0 0 -1
    outer loop
      vertex 4.67594 5.73663 19
      vertex 4.67594 6.26337 19
      vertex 4.70813 6.39188 19
    endloop
  endfacet
  facet normal 0 0 -1
    outer loop
      vertex 4.6565 5.86768 19
      vertex 4.67594 6.26337 19
      vertex 4.67594 5.73663 19
    endloop
  endfacet
  facet normal 0 0 -1
    outer loop
      vertex 4.6565 5.86768 19
      vertex 4.6565 6.13232 19
      vertex 4.67594 6.26337 19
    endloop
  endfacet
  facet normal 0 -0 -1
    outer loop
      vertex 4.6565 6.13232 19
      vertex 4.6565 5.86768 19
      vertex 4.65 6 19
    endloop
  endfacet
  facet normal 0 0 -1
    outer loop
      vertex 85.3435 65.8677 19
      vertex 85.3435 66.1323 19
      vertex 85.35 66 19
    endloop
  endfacet
  facet normal 0 0 -1
    outer loop
      vertex 85.3241 65.7366 19
      vertex 85.3435 66.1323 19
      vertex 85.3435 65.8677 19
    endloop
  endfacet
  facet normal 0 0 -1
    outer loop
      vertex 85.3241 65.7366 19
      vertex 85.3241 66.2634 19
      vertex 85.3435 66.1323 19
    endloop
  endfacet
  facet normal 0 0 -1
    outer loop
      vertex 85.2919 65.6081 19
      vertex 85.3241 66.2634 19
      vertex 85.3241 65.7366 19
    endloop
  endfacet
  facet normal 0 0 -1
    outer loop
      vertex 85.2919 65.6081 19
      vertex 85.2919 66.3919 19
      vertex 85.3241 66.2634 19
    endloop
  endfacet
  facet normal 0 0 -1
    outer loop
      vertex 85.2472 65.4834 19
      vertex 85.2919 66.3919 19
      vertex 85.2919 65.6081 19
    endloop
  endfacet
  facet normal 0 0 -1
    outer loop
      vertex 85.2472 65.4834 19
      vertex 85.2472 66.5166 19
      vertex 85.2919 66.3919 19
    endloop
  endfacet
  facet normal 0 0 -1
    outer loop
      vertex 85.1906 65.3636 19
      vertex 85.2472 66.5166 19
      vertex 85.2472 65.4834 19
    endloop
  endfacet
  facet normal 0 0 -1
    outer loop
      vertex 85.1906 65.3636 19
      vertex 85.1906 66.6364 19
      vertex 85.2472 66.5166 19
    endloop
  endfacet
  facet normal 0 0 -1
    outer loop
      vertex 85.1225 65.25 19
      vertex 85.1906 66.6364 19
      vertex 85.1906 65.3636 19
    endloop
  endfacet
  facet normal 0 0 -1
    outer loop
      vertex 85.1225 65.25 19
      vertex 85.1225 66.75 19
      vertex 85.1906 66.6364 19
    endloop
  endfacet
  facet normal 0 0 -1
    outer loop
      vertex 85.0436 65.1436 19
      vertex 85.1225 66.75 19
      vertex 85.1225 65.25 19
    endloop
  endfacet
  facet normal 0 0 -1
    outer loop
      vertex 85.0436 65.1436 19
      vertex 85.0436 66.8564 19
      vertex 85.1225 66.75 19
    endloop
  endfacet
  facet normal 0 0 -1
    outer loop
      vertex 84.9546 65.0454 19
      vertex 85.0436 66.8564 19
      vertex 85.0436 65.1436 19
    endloop
  endfacet
  facet normal 0 0 -1
    outer loop
      vertex 84.9546 65.0454 19
      vertex 84.9546 66.9546 19
      vertex 85.0436 66.8564 19
    endloop
  endfacet
  facet normal 0 0 -1
    outer loop
      vertex 84.8564 64.9564 19
      vertex 84.9546 66.9546 19
      vertex 84.9546 65.0454 19
    endloop
  endfacet
  facet normal 0 0 -1
    outer loop
      vertex 84.8564 64.9564 19
      vertex 84.8564 67.0436 19
      vertex 84.9546 66.9546 19
    endloop
  endfacet
  facet normal 0 0 -1
    outer loop
      vertex 84.75 64.8775 19
      vertex 84.8564 67.0436 19
      vertex 84.8564 64.9564 19
    endloop
  endfacet
  facet normal 0 0 -1
    outer loop
      vertex 84.75 64.8775 19
      vertex 84.75 67.1225 19
      vertex 84.8564 67.0436 19
    endloop
  endfacet
  facet normal 0 0 -1
    outer loop
      vertex 84.6364 64.8094 19
      vertex 84.75 67.1225 19
      vertex 84.75 64.8775 19
    endloop
  endfacet
  facet normal 0 0 -1
    outer loop
      vertex 84.6364 64.8094 19
      vertex 84.6364 67.1906 19
      vertex 84.75 67.1225 19
    endloop
  endfacet
  facet normal 0 0 -1
    outer loop
      vertex 84.5166 64.7528 19
      vertex 84.6364 67.1906 19
      vertex 84.6364 64.8094 19
    endloop
  endfacet
  facet normal 0 0 -1
    outer loop
      vertex 84.5166 64.7528 19
      vertex 84.5166 67.2472 19
      vertex 84.6364 67.1906 19
    endloop
  endfacet
  facet normal 0 0 -1
    outer loop
      vertex 84.3919 64.7081 19
      vertex 84.5166 67.2472 19
      vertex 84.5166 64.7528 19
    endloop
  endfacet
  facet normal 0 0 -1
    outer loop
      vertex 84.3919 64.7081 19
      vertex 84.3919 67.2919 19
      vertex 84.5166 67.2472 19
    endloop
  endfacet
  facet normal 0 0 -1
    outer loop
      vertex 84.2634 64.6759 19
      vertex 84.3919 67.2919 19
      vertex 84.3919 64.7081 19
    endloop
  endfacet
  facet normal 0 0 -1
    outer loop
      vertex 84.2634 64.6759 19
      vertex 84.2634 67.3241 19
      vertex 84.3919 67.2919 19
    endloop
  endfacet
  facet normal 0 0 -1
    outer loop
      vertex 84.1323 64.6565 19
      vertex 84.2634 67.3241 19
      vertex 84.2634 64.6759 19
    endloop
  endfacet
  facet normal 0 0 -1
    outer loop
      vertex 84.1323 64.6565 19
      vertex 84.1323 67.3435 19
      vertex 84.2634 67.3241 19
    endloop
  endfacet
  facet normal 0 0 -1
    outer loop
      vertex 84 64.65 19
      vertex 84.1323 67.3435 19
      vertex 84.1323 64.6565 19
    endloop
  endfacet
  facet normal 0 0 -1
    outer loop
      vertex 84 64.65 19
      vertex 84 67.35 19
      vertex 84.1323 67.3435 19
    endloop
  endfacet
  facet normal 0 0 -1
    outer loop
      vertex 83.8677 64.6565 19
      vertex 84 67.35 19
      vertex 84 64.65 19
    endloop
  endfacet
  facet normal 0 0 -1
    outer loop
      vertex 83.8677 64.6565 19
      vertex 83.8677 67.3435 19
      vertex 84 67.35 19
    endloop
  endfacet
  facet normal 0 0 -1
    outer loop
      vertex 83.7366 64.6759 19
      vertex 83.8677 67.3435 19
      vertex 83.8677 64.6565 19
    endloop
  endfacet
  facet normal 0 0 -1
    outer loop
      vertex 83.7366 64.6759 19
      vertex 83.7366 67.3241 19
      vertex 83.8677 67.3435 19
    endloop
  endfacet
  facet normal 0 0 -1
    outer loop
      vertex 83.6081 64.7081 19
      vertex 83.7366 67.3241 19
      vertex 83.7366 64.6759 19
    endloop
  endfacet
  facet normal 0 0 -1
    outer loop
      vertex 83.6081 64.7081 19
      vertex 83.6081 67.2919 19
      vertex 83.7366 67.3241 19
    endloop
  endfacet
  facet normal 0 0 -1
    outer loop
      vertex 83.4834 64.7528 19
      vertex 83.6081 67.2919 19
      vertex 83.6081 64.7081 19
    endloop
  endfacet
  facet normal 0 0 -1
    outer loop
      vertex 83.4834 64.7528 19
      vertex 83.4834 67.2472 19
      vertex 83.6081 67.2919 19
    endloop
  endfacet
  facet normal 0 0 -1
    outer loop
      vertex 83.3636 64.8094 19
      vertex 83.4834 67.2472 19
      vertex 83.4834 64.7528 19
    endloop
  endfacet
  facet normal 0 0 -1
    outer loop
      vertex 83.3636 64.8094 19
      vertex 83.3636 67.1906 19
      vertex 83.4834 67.2472 19
    endloop
  endfacet
  facet normal 0 0 -1
    outer loop
      vertex 83.25 64.8775 19
      vertex 83.3636 67.1906 19
      vertex 83.3636 64.8094 19
    endloop
  endfacet
  facet normal 0 0 -1
    outer loop
      vertex 83.25 64.8775 19
      vertex 83.25 67.1225 19
      vertex 83.3636 67.1906 19
    endloop
  endfacet
  facet normal 0 0 -1
    outer loop
      vertex 83.1436 64.9564 19
      vertex 83.25 67.1225 19
      vertex 83.25 64.8775 19
    endloop
  endfacet
  facet normal 0 0 -1
    outer loop
      vertex 83.1436 64.9564 19
      vertex 83.1436 67.0436 19
      vertex 83.25 67.1225 19
    endloop
  endfacet
  facet normal 0 0 -1
    outer loop
      vertex 83.0454 65.0454 19
      vertex 83.1436 67.0436 19
      vertex 83.1436 64.9564 19
    endloop
  endfacet
  facet normal 0 0 -1
    outer loop
      vertex 83.0454 65.0454 19
      vertex 83.0454 66.9546 19
      vertex 83.1436 67.0436 19
    endloop
  endfacet
  facet normal 0 0 -1
    outer loop
      vertex 82.9564 65.1436 19
      vertex 83.0454 66.9546 19
      vertex 83.0454 65.0454 19
    endloop
  endfacet
  facet normal 0 0 -1
    outer loop
      vertex 82.9564 65.1436 19
      vertex 82.9564 66.8564 19
      vertex 83.0454 66.9546 19
    endloop
  endfacet
  facet normal 0 0 -1
    outer loop
      vertex 82.8775 65.25 19
      vertex 82.9564 66.8564 19
      vertex 82.9564 65.1436 19
    endloop
  endfacet
  facet normal 0 0 -1
    outer loop
      vertex 82.8775 65.25 19
      vertex 82.8775 66.75 19
      vertex 82.9564 66.8564 19
    endloop
  endfacet
  facet normal 0 0 -1
    outer loop
      vertex 82.8094 65.3636 19
      vertex 82.8775 66.75 19
      vertex 82.8775 65.25 19
    endloop
  endfacet
  facet normal 0 0 -1
    outer loop
      vertex 82.8094 65.3636 19
      vertex 82.8094 66.6364 19
      vertex 82.8775 66.75 19
    endloop
  endfacet
  facet normal 0 0 -1
    outer loop
      vertex 82.7528 65.4834 19
      vertex 82.8094 66.6364 19
      vertex 82.8094 65.3636 19
    endloop
  endfacet
  facet normal 0 0 -1
    outer loop
      vertex 82.7528 65.4834 19
      vertex 82.7528 66.5166 19
      vertex 82.8094 66.6364 19
    endloop
  endfacet
  facet normal 0 0 -1
    outer loop
      vertex 82.7081 65.6081 19
      vertex 82.7528 66.5166 19
      vertex 82.7528 65.4834 19
    endloop
  endfacet
  facet normal 0 0 -1
    outer loop
      vertex 82.7081 65.6081 19
      vertex 82.7081 66.3919 19
      vertex 82.7528 66.5166 19
    endloop
  endfacet
  facet normal 0 0 -1
    outer loop
      vertex 82.6759 65.7366 19
      vertex 82.7081 66.3919 19
      vertex 82.7081 65.6081 19
    endloop
  endfacet
  facet normal 0 0 -1
    outer loop
      vertex 82.6759 65.7366 19
      vertex 82.6759 66.2634 19
      vertex 82.7081 66.3919 19
    endloop
  endfacet
  facet normal 0 0 -1
    outer loop
      vertex 82.6565 65.8677 19
      vertex 82.6759 66.2634 19
      vertex 82.6759 65.7366 19
    endloop
  endfacet
  facet normal 0 0 -1
    outer loop
      vertex 82.6565 65.8677 19
      vertex 82.6565 66.1323 19
      vertex 82.6759 66.2634 19
    endloop
  endfacet
  facet normal 0 -0 -1
    outer loop
      vertex 82.6565 66.1323 19
      vertex 82.6565 65.8677 19
      vertex 82.65 66 19
    endloop
  endfacet
  facet normal 0 0 -1
    outer loop
      vertex 85.3435 5.86768 19
      vertex 85.3435 6.13232 19
      vertex 85.35 6 19
    endloop
  endfacet
  facet normal 0 0 -1
    outer loop
      vertex 85.3241 5.73663 19
      vertex 85.3435 6.13232 19
      vertex 85.3435 5.86768 19
    endloop
  endfacet
  facet normal 0 0 -1
    outer loop
      vertex 85.3241 5.73663 19
      vertex 85.3241 6.26337 19
      vertex 85.3435 6.13232 19
    endloop
  endfacet
  facet normal 0 0 -1
    outer loop
      vertex 85.2919 5.60812 19
      vertex 85.3241 6.26337 19
      vertex 85.3241 5.73663 19
    endloop
  endfacet
  facet normal 0 0 -1
    outer loop
      vertex 85.2919 5.60812 19
      vertex 85.2919 6.39188 19
      vertex 85.3241 6.26337 19
    endloop
  endfacet
  facet normal 0 0 -1
    outer loop
      vertex 85.2472 5.48338 19
      vertex 85.2919 6.39188 19
      vertex 85.2919 5.60812 19
    endloop
  endfacet
  facet normal 0 0 -1
    outer loop
      vertex 85.2472 5.48338 19
      vertex 85.2472 6.51662 19
      vertex 85.2919 6.39188 19
    endloop
  endfacet
  facet normal 0 0 -1
    outer loop
      vertex 85.1906 5.36361 19
      vertex 85.2472 6.51662 19
      vertex 85.2472 5.48338 19
    endloop
  endfacet
  facet normal 0 0 -1
    outer loop
      vertex 85.1906 5.36361 19
      vertex 85.1906 6.63638 19
      vertex 85.2472 6.51662 19
    endloop
  endfacet
  facet normal 0 0 -1
    outer loop
      vertex 85.1225 5.24998 19
      vertex 85.1906 6.63638 19
      vertex 85.1906 5.36361 19
    endloop
  endfacet
  facet normal 0 0 -1
    outer loop
      vertex 85.1225 5.24998 19
      vertex 85.1225 6.75002 19
      vertex 85.1906 6.63638 19
    endloop
  endfacet
  facet normal 0 0 -1
    outer loop
      vertex 85.0436 5.14357 19
      vertex 85.1225 6.75002 19
      vertex 85.1225 5.24998 19
    endloop
  endfacet
  facet normal 0 0 -1
    outer loop
      vertex 85.0436 5.14357 19
      vertex 85.0436 6.85643 19
      vertex 85.1225 6.75002 19
    endloop
  endfacet
  facet normal 0 0 -1
    outer loop
      vertex 84.9546 5.04541 19
      vertex 85.0436 6.85643 19
      vertex 85.0436 5.14357 19
    endloop
  endfacet
  facet normal 0 0 -1
    outer loop
      vertex 84.9546 5.04541 19
      vertex 84.9546 6.95459 19
      vertex 85.0436 6.85643 19
    endloop
  endfacet
  facet normal 0 0 -1
    outer loop
      vertex 84.8564 4.95644 19
      vertex 84.9546 6.95459 19
      vertex 84.9546 5.04541 19
    endloop
  endfacet
  facet normal 0 0 -1
    outer loop
      vertex 84.8564 4.95644 19
      vertex 84.8564 7.04356 19
      vertex 84.9546 6.95459 19
    endloop
  endfacet
  facet normal 0 0 -1
    outer loop
      vertex 84.75 4.87752 19
      vertex 84.8564 7.04356 19
      vertex 84.8564 4.95644 19
    endloop
  endfacet
  facet normal 0 0 -1
    outer loop
      vertex 84.75 4.87752 19
      vertex 84.75 7.12248 19
      vertex 84.8564 7.04356 19
    endloop
  endfacet
  facet normal 0 0 -1
    outer loop
      vertex 84.6364 4.80941 19
      vertex 84.75 7.12248 19
      vertex 84.75 4.87752 19
    endloop
  endfacet
  facet normal 0 0 -1
    outer loop
      vertex 84.6364 4.80941 19
      vertex 84.6364 7.19059 19
      vertex 84.75 7.12248 19
    endloop
  endfacet
  facet normal 0 0 -1
    outer loop
      vertex 84.5166 4.75276 19
      vertex 84.6364 7.19059 19
      vertex 84.6364 4.80941 19
    endloop
  endfacet
  facet normal 0 0 -1
    outer loop
      vertex 84.5166 4.75276 19
      vertex 84.5166 7.24724 19
      vertex 84.6364 7.19059 19
    endloop
  endfacet
  facet normal 0 0 -1
    outer loop
      vertex 84.3919 4.70813 19
      vertex 84.5166 7.24724 19
      vertex 84.5166 4.75276 19
    endloop
  endfacet
  facet normal 0 0 -1
    outer loop
      vertex 84.3919 4.70813 19
      vertex 84.3919 7.29187 19
      vertex 84.5166 7.24724 19
    endloop
  endfacet
  facet normal 0 0 -1
    outer loop
      vertex 84.2634 4.67594 19
      vertex 84.3919 7.29187 19
      vertex 84.3919 4.70813 19
    endloop
  endfacet
  facet normal 0 0 -1
    outer loop
      vertex 84.2634 4.67594 19
      vertex 84.2634 7.32406 19
      vertex 84.3919 7.29187 19
    endloop
  endfacet
  facet normal 0 0 -1
    outer loop
      vertex 84.1323 4.6565 19
      vertex 84.2634 7.32406 19
      vertex 84.2634 4.67594 19
    endloop
  endfacet
  facet normal 0 0 -1
    outer loop
      vertex 84.1323 4.6565 19
      vertex 84.1323 7.3435 19
      vertex 84.2634 7.32406 19
    endloop
  endfacet
  facet normal 0 0 -1
    outer loop
      vertex 84 4.65 19
      vertex 84.1323 7.3435 19
      vertex 84.1323 4.6565 19
    endloop
  endfacet
  facet normal 0 0 -1
    outer loop
      vertex 84 4.65 19
      vertex 84 7.35 19
      vertex 84.1323 7.3435 19
    endloop
  endfacet
  facet normal 0 0 -1
    outer loop
      vertex 83.8677 4.6565 19
      vertex 84 7.35 19
      vertex 84 4.65 19
    endloop
  endfacet
  facet normal 0 0 -1
    outer loop
      vertex 83.8677 4.6565 19
      vertex 83.8677 7.3435 19
      vertex 84 7.35 19
    endloop
  endfacet
  facet normal 0 0 -1
    outer loop
      vertex 83.7366 4.67594 19
      vertex 83.8677 7.3435 19
      vertex 83.8677 4.6565 19
    endloop
  endfacet
  facet normal 0 0 -1
    outer loop
      vertex 83.7366 4.67594 19
      vertex 83.7366 7.32406 19
      vertex 83.8677 7.3435 19
    endloop
  endfacet
  facet normal 0 0 -1
    outer loop
      vertex 83.6081 4.70813 19
      vertex 83.7366 7.32406 19
      vertex 83.7366 4.67594 19
    endloop
  endfacet
  facet normal 0 0 -1
    outer loop
      vertex 83.6081 4.70813 19
      vertex 83.6081 7.29187 19
      vertex 83.7366 7.32406 19
    endloop
  endfacet
  facet normal 0 0 -1
    outer loop
      vertex 83.4834 4.75276 19
      vertex 83.6081 7.29187 19
      vertex 83.6081 4.70813 19
    endloop
  endfacet
  facet normal 0 0 -1
    outer loop
      vertex 83.4834 4.75276 19
      vertex 83.4834 7.24724 19
      vertex 83.6081 7.29187 19
    endloop
  endfacet
  facet normal 0 0 -1
    outer loop
      vertex 83.3636 4.80941 19
      vertex 83.4834 7.24724 19
      vertex 83.4834 4.75276 19
    endloop
  endfacet
  facet normal 0 0 -1
    outer loop
      vertex 83.3636 4.80941 19
      vertex 83.3636 7.19059 19
      vertex 83.4834 7.24724 19
    endloop
  endfacet
  facet normal 0 0 -1
    outer loop
      vertex 83.25 4.87752 19
      vertex 83.3636 7.19059 19
      vertex 83.3636 4.80941 19
    endloop
  endfacet
  facet normal 0 0 -1
    outer loop
      vertex 83.25 4.87752 19
      vertex 83.25 7.12248 19
      vertex 83.3636 7.19059 19
    endloop
  endfacet
  facet normal 0 0 -1
    outer loop
      vertex 83.1436 4.95644 19
      vertex 83.25 7.12248 19
      vertex 83.25 4.87752 19
    endloop
  endfacet
  facet normal 0 0 -1
    outer loop
      vertex 83.1436 4.95644 19
      vertex 83.1436 7.04356 19
      vertex 83.25 7.12248 19
    endloop
  endfacet
  facet normal 0 0 -1
    outer loop
      vertex 83.0454 5.04541 19
      vertex 83.1436 7.04356 19
      vertex 83.1436 4.95644 19
    endloop
  endfacet
  facet normal 0 0 -1
    outer loop
      vertex 83.0454 5.04541 19
      vertex 83.0454 6.95459 19
      vertex 83.1436 7.04356 19
    endloop
  endfacet
  facet normal 0 0 -1
    outer loop
      vertex 82.9564 5.14357 19
      vertex 83.0454 6.95459 19
      vertex 83.0454 5.04541 19
    endloop
  endfacet
  facet normal 0 0 -1
    outer loop
      vertex 82.9564 5.14357 19
      vertex 82.9564 6.85643 19
      vertex 83.0454 6.95459 19
    endloop
  endfacet
  facet normal 0 0 -1
    outer loop
      vertex 82.8775 5.24998 19
      vertex 82.9564 6.85643 19
      vertex 82.9564 5.14357 19
    endloop
  endfacet
  facet normal 0 0 -1
    outer loop
      vertex 82.8775 5.24998 19
      vertex 82.8775 6.75002 19
      vertex 82.9564 6.85643 19
    endloop
  endfacet
  facet normal 0 0 -1
    outer loop
      vertex 82.8094 5.36361 19
      vertex 82.8775 6.75002 19
      vertex 82.8775 5.24998 19
    endloop
  endfacet
  facet normal 0 0 -1
    outer loop
      vertex 82.8094 5.36361 19
      vertex 82.8094 6.63638 19
      vertex 82.8775 6.75002 19
    endloop
  endfacet
  facet normal 0 0 -1
    outer loop
      vertex 82.7528 5.48338 19
      vertex 82.8094 6.63638 19
      vertex 82.8094 5.36361 19
    endloop
  endfacet
  facet normal 0 0 -1
    outer loop
      vertex 82.7528 5.48338 19
      vertex 82.7528 6.51662 19
      vertex 82.8094 6.63638 19
    endloop
  endfacet
  facet normal 0 0 -1
    outer loop
      vertex 82.7081 5.60812 19
      vertex 82.7528 6.51662 19
      vertex 82.7528 5.48338 19
    endloop
  endfacet
  facet normal 0 0 -1
    outer loop
      vertex 82.7081 5.60812 19
      vertex 82.7081 6.39188 19
      vertex 82.7528 6.51662 19
    endloop
  endfacet
  facet normal 0 0 -1
    outer loop
      vertex 82.6759 5.73663 19
      vertex 82.7081 6.39188 19
      vertex 82.7081 5.60812 19
    endloop
  endfacet
  facet normal 0 0 -1
    outer loop
      vertex 82.6759 5.73663 19
      vertex 82.6759 6.26337 19
      vertex 82.7081 6.39188 19
    endloop
  endfacet
  facet normal 0 0 -1
    outer loop
      vertex 82.6565 5.86768 19
      vertex 82.6759 6.26337 19
      vertex 82.6759 5.73663 19
    endloop
  endfacet
  facet normal 0 0 -1
    outer loop
      vertex 82.6565 5.86768 19
      vertex 82.6565 6.13232 19
      vertex 82.6759 6.26337 19
    endloop
  endfacet
  facet normal 0 -0 -1
    outer loop
      vertex 82.6565 6.13232 19
      vertex 82.6565 5.86768 19
      vertex 82.65 6 19
    endloop
  endfacet
  facet normal 1 0 0
    outer loop
      vertex 2 3 19
      vertex 2 2 19
      vertex 2 3 1.6
    endloop
  endfacet
  facet normal 1 0 0
    outer loop
      vertex 2 22.3204 13.8814
      vertex 2 63 19
      vertex 2 22.336 14.2
    endloop
  endfacet
  facet normal 1 0 0
    outer loop
      vertex 2 63 19
      vertex 2 22.3204 14.5186
      vertex 2 22.336 14.2
    endloop
  endfacet
  facet normal 1 0 0
    outer loop
      vertex 2 63 19
      vertex 2 22.2736 14.834
      vertex 2 22.3204 14.5186
    endloop
  endfacet
  facet normal 1 0 0
    outer loop
      vertex 2 63 19
      vertex 2 22.1961 15.1434
      vertex 2 22.2736 14.834
    endloop
  endfacet
  facet normal 1 0 0
    outer loop
      vertex 2 63 19
      vertex 2 22.0886 15.4437
      vertex 2 22.1961 15.1434
    endloop
  endfacet
  facet normal 1 0 0
    outer loop
      vertex 2 63 19
      vertex 2 21.9522 15.732
      vertex 2 22.0886 15.4437
    endloop
  endfacet
  facet normal 1 0 0
    outer loop
      vertex 2 63 19
      vertex 2 21.7883 16.0056
      vertex 2 21.9522 15.732
    endloop
  endfacet
  facet normal 1 0 0
    outer loop
      vertex 2 63 19
      vertex 2 21.5983 16.2618
      vertex 2 21.7883 16.0056
    endloop
  endfacet
  facet normal 1 0 0
    outer loop
      vertex 2 63 19
      vertex 2 21.3841 16.4981
      vertex 2 21.5983 16.2618
    endloop
  endfacet
  facet normal 1 0 0
    outer loop
      vertex 2 63 19
      vertex 2 21.1478 16.7123
      vertex 2 21.3841 16.4981
    endloop
  endfacet
  facet normal 1 0 0
    outer loop
      vertex 2 63 19
      vertex 2 20.8916 16.9023
      vertex 2 21.1478 16.7123
    endloop
  endfacet
  facet normal 1 0 0
    outer loop
      vertex 2 63 19
      vertex 2 20.618 17.0662
      vertex 2 20.8916 16.9023
    endloop
  endfacet
  facet normal 1 0 0
    outer loop
      vertex 2 63 19
      vertex 2 20.3297 17.2026
      vertex 2 20.618 17.0662
    endloop
  endfacet
  facet normal 1 0 0
    outer loop
      vertex 2 63 19
      vertex 2 20.0294 17.3101
      vertex 2 20.3297 17.2026
    endloop
  endfacet
  facet normal 1 0 0
    outer loop
      vertex 2 63 19
      vertex 2 19.72 17.3876
      vertex 2 20.0294 17.3101
    endloop
  endfacet
  facet normal 1 0 0
    outer loop
      vertex 2 63 19
      vertex 2 19.4046 17.4343
      vertex 2 19.72 17.3876
    endloop
  endfacet
  facet normal 1 -0 0
    outer loop
      vertex 2 9 19
      vertex 2 19.4046 17.4343
      vertex 2 63 19
    endloop
  endfacet
  facet normal 1 0 0
    outer loop
      vertex 2 15.8516 14.5186
      vertex 2 9 19
      vertex 2 15.836 14.2
    endloop
  endfacet
  facet normal 1 0 0
    outer loop
      vertex 2 15.8984 14.834
      vertex 2 9 19
      vertex 2 15.8516 14.5186
    endloop
  endfacet
  facet normal 1 0 0
    outer loop
      vertex 2 15.9759 15.1434
      vertex 2 9 19
      vertex 2 15.8984 14.834
    endloop
  endfacet
  facet normal 1 0 0
    outer loop
      vertex 2 16.0834 15.4437
      vertex 2 9 19
      vertex 2 15.9759 15.1434
    endloop
  endfacet
  facet normal 1 0 0
    outer loop
      vertex 2 16.2198 15.732
      vertex 2 9 19
      vertex 2 16.0834 15.4437
    endloop
  endfacet
  facet normal 1 0 0
    outer loop
      vertex 2 16.3837 16.0056
      vertex 2 9 19
      vertex 2 16.2198 15.732
    endloop
  endfacet
  facet normal 1 0 0
    outer loop
      vertex 2 16.5737 16.2618
      vertex 2 9 19
      vertex 2 16.3837 16.0056
    endloop
  endfacet
  facet normal 1 0 0
    outer loop
      vertex 2 16.7879 16.4981
      vertex 2 9 19
      vertex 2 16.5737 16.2618
    endloop
  endfacet
  facet normal 1 0 0
    outer loop
      vertex 2 17.0242 16.7123
      vertex 2 9 19
      vertex 2 16.7879 16.4981
    endloop
  endfacet
  facet normal 1 0 0
    outer loop
      vertex 2 17.2804 16.9023
      vertex 2 9 19
      vertex 2 17.0242 16.7123
    endloop
  endfacet
  facet normal 1 0 0
    outer loop
      vertex 2 17.554 17.0662
      vertex 2 9 19
      vertex 2 17.2804 16.9023
    endloop
  endfacet
  facet normal 1 0 0
    outer loop
      vertex 2 17.8423 17.2026
      vertex 2 9 19
      vertex 2 17.554 17.0662
    endloop
  endfacet
  facet normal 1 0 0
    outer loop
      vertex 2 18.1426 17.3101
      vertex 2 9 19
      vertex 2 17.8423 17.2026
    endloop
  endfacet
  facet normal 1 0 0
    outer loop
      vertex 2 18.452 17.3876
      vertex 2 9 19
      vertex 2 18.1426 17.3101
    endloop
  endfacet
  facet normal 1 0 0
    outer loop
      vertex 2 18.7674 17.4343
      vertex 2 9 19
      vertex 2 18.452 17.3876
    endloop
  endfacet
  facet normal 1 0 0
    outer loop
      vertex 2 19.086 17.45
      vertex 2 9 19
      vertex 2 18.7674 17.4343
    endloop
  endfacet
  facet normal 1 0 0
    outer loop
      vertex 2 19.4046 17.4343
      vertex 2 9 19
      vertex 2 19.086 17.45
    endloop
  endfacet
  facet normal 1 0 0
    outer loop
      vertex 2 69 1.6
      vertex 2 70 19
      vertex 2 69 19
    endloop
  endfacet
  facet normal 1 0 0
    outer loop
      vertex 2 70 19
      vertex 2 69 1.6
      vertex 2 70 0
    endloop
  endfacet
  facet normal 1 -0 0
    outer loop
      vertex 2 63 1.6
      vertex 2 70 0
      vertex 2 69 1.6
    endloop
  endfacet
  facet normal 1 0 0
    outer loop
      vertex 2 22.2736 13.566
      vertex 2 63 19
      vertex 2 22.3204 13.8814
    endloop
  endfacet
  facet normal 1 0 0
    outer loop
      vertex 2 63 19
      vertex 2 22.2736 13.566
      vertex 2 63 1.6
    endloop
  endfacet
  facet normal 1 -0 0
    outer loop
      vertex 2 22.1961 13.2566
      vertex 2 63 1.6
      vertex 2 22.2736 13.566
    endloop
  endfacet
  facet normal 1 -0 0
    outer loop
      vertex 2 22.0886 12.9563
      vertex 2 63 1.6
      vertex 2 22.1961 13.2566
    endloop
  endfacet
  facet normal 1 -0 0
    outer loop
      vertex 2 21.9522 12.668
      vertex 2 63 1.6
      vertex 2 22.0886 12.9563
    endloop
  endfacet
  facet normal 1 -0 0
    outer loop
      vertex 2 21.7883 12.3944
      vertex 2 63 1.6
      vertex 2 21.9522 12.668
    endloop
  endfacet
  facet normal 1 -0 0
    outer loop
      vertex 2 21.5983 12.1382
      vertex 2 63 1.6
      vertex 2 21.7883 12.3944
    endloop
  endfacet
  facet normal 1 -0 0
    outer loop
      vertex 2 21.3841 11.9019
      vertex 2 63 1.6
      vertex 2 21.5983 12.1382
    endloop
  endfacet
  facet normal 1 -0 0
    outer loop
      vertex 2 21.1478 11.6877
      vertex 2 63 1.6
      vertex 2 21.3841 11.9019
    endloop
  endfacet
  facet normal 1 -0 0
    outer loop
      vertex 2 20.8916 11.4977
      vertex 2 63 1.6
      vertex 2 21.1478 11.6877
    endloop
  endfacet
  facet normal 1 -0 0
    outer loop
      vertex 2 20.618 11.3338
      vertex 2 63 1.6
      vertex 2 20.8916 11.4977
    endloop
  endfacet
  facet normal 1 0 0
    outer loop
      vertex 2 9 1.6
      vertex 2 20.618 11.3338
      vertex 2 20.3297 11.1974
    endloop
  endfacet
  facet normal 1 0 0
    outer loop
      vertex 2 20.618 11.3338
      vertex 2 9 1.6
      vertex 2 63 1.6
    endloop
  endfacet
  facet normal 1 0 0
    outer loop
      vertex 2 9 1.6
      vertex 2 20.3297 11.1974
      vertex 2 20.0294 11.0899
    endloop
  endfacet
  facet normal 1 0 0
    outer loop
      vertex 2 9 1.6
      vertex 2 20.0294 11.0899
      vertex 2 19.72 11.0124
    endloop
  endfacet
  facet normal 1 0 0
    outer loop
      vertex 2 9 1.6
      vertex 2 19.72 11.0124
      vertex 2 19.4046 10.9656
    endloop
  endfacet
  facet normal 1 0 0
    outer loop
      vertex 2 9 1.6
      vertex 2 19.4046 10.9656
      vertex 2 19.086 10.95
    endloop
  endfacet
  facet normal 1 0 0
    outer loop
      vertex 2 9 1.6
      vertex 2 19.086 10.95
      vertex 2 18.7674 10.9656
    endloop
  endfacet
  facet normal 1 0 0
    outer loop
      vertex 2 9 1.6
      vertex 2 18.7674 10.9656
      vertex 2 18.452 11.0124
    endloop
  endfacet
  facet normal 1 0 0
    outer loop
      vertex 2 9 19
      vertex 2 15.8516 13.8814
      vertex 2 15.836 14.2
    endloop
  endfacet
  facet normal 1 0 0
    outer loop
      vertex 2 9 19
      vertex 2 15.8984 13.566
      vertex 2 15.8516 13.8814
    endloop
  endfacet
  facet normal 1 0 0
    outer loop
      vertex 2 9 19
      vertex 2 15.9759 13.2566
      vertex 2 15.8984 13.566
    endloop
  endfacet
  facet normal 1 0 0
    outer loop
      vertex 2 9 1.6
      vertex 2 15.9759 13.2566
      vertex 2 9 19
    endloop
  endfacet
  facet normal 1 0 0
    outer loop
      vertex 2 15.9759 13.2566
      vertex 2 9 1.6
      vertex 2 16.0834 12.9563
    endloop
  endfacet
  facet normal 1 0 0
    outer loop
      vertex 2 16.0834 12.9563
      vertex 2 9 1.6
      vertex 2 16.2198 12.668
    endloop
  endfacet
  facet normal 1 0 0
    outer loop
      vertex 2 16.2198 12.668
      vertex 2 9 1.6
      vertex 2 16.3837 12.3944
    endloop
  endfacet
  facet normal 1 0 0
    outer loop
      vertex 2 16.3837 12.3944
      vertex 2 9 1.6
      vertex 2 16.5737 12.1382
    endloop
  endfacet
  facet normal 1 0 0
    outer loop
      vertex 2 16.5737 12.1382
      vertex 2 9 1.6
      vertex 2 16.7879 11.9019
    endloop
  endfacet
  facet normal 1 0 0
    outer loop
      vertex 2 9 1.6
      vertex 2 17.0242 11.6877
      vertex 2 16.7879 11.9019
    endloop
  endfacet
  facet normal 1 0 0
    outer loop
      vertex 2 9 1.6
      vertex 2 17.2804 11.4977
      vertex 2 17.0242 11.6877
    endloop
  endfacet
  facet normal 1 0 0
    outer loop
      vertex 2 9 1.6
      vertex 2 17.554 11.3338
      vertex 2 17.2804 11.4977
    endloop
  endfacet
  facet normal 1 0 0
    outer loop
      vertex 2 9 1.6
      vertex 2 17.8423 11.1974
      vertex 2 17.554 11.3338
    endloop
  endfacet
  facet normal 1 0 0
    outer loop
      vertex 2 9 1.6
      vertex 2 18.1426 11.0899
      vertex 2 17.8423 11.1974
    endloop
  endfacet
  facet normal 1 0 0
    outer loop
      vertex 2 9 1.6
      vertex 2 18.452 11.0124
      vertex 2 18.1426 11.0899
    endloop
  endfacet
  facet normal 1 0 0
    outer loop
      vertex 2 63 1.6
      vertex 2 9 1.6
      vertex 2 70 0
    endloop
  endfacet
  facet normal 1 0 0
    outer loop
      vertex 2 2 0
      vertex 2 9 1.6
      vertex 2 3 1.6
    endloop
  endfacet
  facet normal 1 0 0
    outer loop
      vertex 2 9 1.6
      vertex 2 2 0
      vertex 2 70 0
    endloop
  endfacet
  facet normal 1 0 0
    outer loop
      vertex 2 2 0
      vertex 2 3 1.6
      vertex 2 2 19
    endloop
  endfacet
  facet normal 0 -1 0
    outer loop
      vertex 2 70 19
      vertex 3 70 1.6
      vertex 3 70 19
    endloop
  endfacet
  facet normal 0 -1 0
    outer loop
      vertex 2 70 0
      vertex 9 70 1.6
      vertex 3 70 1.6
    endloop
  endfacet
  facet normal 0 -1 -0
    outer loop
      vertex 9 70 1.6
      vertex 2 70 0
      vertex 81 70 1.6
    endloop
  endfacet
  facet normal 0 -1 0
    outer loop
      vertex 88 70 0
      vertex 81 70 1.6
      vertex 2 70 0
    endloop
  endfacet
  facet normal 0 -1 0
    outer loop
      vertex 2 70 0
      vertex 3 70 1.6
      vertex 2 70 19
    endloop
  endfacet
  facet normal 0 -1 0
    outer loop
      vertex 9 70 1.6
      vertex 81 70 19
      vertex 9 70 19
    endloop
  endfacet
  facet normal 0 -1 -0
    outer loop
      vertex 81 70 19
      vertex 9 70 1.6
      vertex 81 70 1.6
    endloop
  endfacet
  facet normal 0 -1 0
    outer loop
      vertex 87 70 1.6
      vertex 88 70 19
      vertex 87 70 19
    endloop
  endfacet
  facet normal 0 -1 0
    outer loop
      vertex 87 70 1.6
      vertex 88 70 0
      vertex 88 70 19
    endloop
  endfacet
  facet normal 0 -1 0
    outer loop
      vertex 81 70 1.6
      vertex 88 70 0
      vertex 87 70 1.6
    endloop
  endfacet
  facet normal 0 1 0
    outer loop
      vertex 88 2 19
      vertex 87 2 1.6
      vertex 87 2 19
    endloop
  endfacet
  facet normal 0 1 0
    outer loop
      vertex 88 2 0
      vertex 81 2 1.6
      vertex 87 2 1.6
    endloop
  endfacet
  facet normal 0 1 0
    outer loop
      vertex 81 2 1.6
      vertex 88 2 0
      vertex 9 2 1.6
    endloop
  endfacet
  facet normal 0 1 0
    outer loop
      vertex 2 2 0
      vertex 9 2 1.6
      vertex 88 2 0
    endloop
  endfacet
  facet normal 0 1 -0
    outer loop
      vertex 88 2 0
      vertex 87 2 1.6
      vertex 88 2 19
    endloop
  endfacet
  facet normal 0 1 -0
    outer loop
      vertex 81 2 1.6
      vertex 9 2 19
      vertex 81 2 19
    endloop
  endfacet
  facet normal 0 1 0
    outer loop
      vertex 9 2 19
      vertex 81 2 1.6
      vertex 9 2 1.6
    endloop
  endfacet
  facet normal 0 1 -0
    outer loop
      vertex 3 2 1.6
      vertex 2 2 19
      vertex 3 2 19
    endloop
  endfacet
  facet normal 0 1 0
    outer loop
      vertex 3 2 1.6
      vertex 2 2 0
      vertex 2 2 19
    endloop
  endfacet
  facet normal 0 1 0
    outer loop
      vertex 9 2 1.6
      vertex 2 2 0
      vertex 3 2 1.6
    endloop
  endfacet
  facet normal -1 0 0
    outer loop
      vertex 60.78 24 19
      vertex 60.78 58 21
      vertex 60.78 58 19
    endloop
  endfacet
  facet normal -1 -0 0
    outer loop
      vertex 60.78 58 21
      vertex 60.78 24 19
      vertex 60.78 24 21
    endloop
  endfacet
  facet normal 1 -0 0
    outer loop
      vertex 32.78 24 21
      vertex 32.78 58 19
      vertex 32.78 58 21
    endloop
  endfacet
  facet normal 1 0 0
    outer loop
      vertex 32.78 58 19
      vertex 32.78 24 21
      vertex 32.78 24 19
    endloop
  endfacet
  facet normal 0 -1 0
    outer loop
      vertex 32.78 58 19
      vertex 60.78 58 21
      vertex 32.78 58 21
    endloop
  endfacet
  facet normal 0 -1 -0
    outer loop
      vertex 60.78 58 21
      vertex 32.78 58 19
      vertex 60.78 58 19
    endloop
  endfacet
  facet normal 0 1 -0
    outer loop
      vertex 60.78 24 19
      vertex 32.78 24 21
      vertex 60.78 24 21
    endloop
  endfacet
  facet normal 0 1 0
    outer loop
      vertex 32.78 24 21
      vertex 60.78 24 19
      vertex 32.78 24 19
    endloop
  endfacet
  facet normal 0 -0.242978 0.970032
    outer loop
      vertex 0 20.0294 11.0899
      vertex 2 19.72 11.0124
      vertex 2 20.0294 11.0899
    endloop
  endfacet
  facet normal 0 -0.242978 0.970032
    outer loop
      vertex 2 19.72 11.0124
      vertex 0 20.0294 11.0899
      vertex 0 19.72 11.0124
    endloop
  endfacet
  facet normal 0 -0.98917 -0.146776
    outer loop
      vertex 0 22.3204 14.5186
      vertex 2 22.2736 14.834
      vertex 0 22.2736 14.834
    endloop
  endfacet
  facet normal 0 -0.98917 -0.146776
    outer loop
      vertex 2 22.2736 14.834
      vertex 0 22.3204 14.5186
      vertex 2 22.3204 14.5186
    endloop
  endfacet
  facet normal 0 -0.595677 0.803224
    outer loop
      vertex 0 21.1478 11.6877
      vertex 2 20.8916 11.4977
      vertex 2 21.1478 11.6877
    endloop
  endfacet
  facet normal 0 -0.595677 0.803224
    outer loop
      vertex 2 20.8916 11.4977
      vertex 0 21.1478 11.6877
      vertex 0 20.8916 11.4977
    endloop
  endfacet
  facet normal 0 -0.0489056 0.998803
    outer loop
      vertex 0 19.4046 10.9656
      vertex 2 19.086 10.95
      vertex 2 19.4046 10.9656
    endloop
  endfacet
  facet normal 0 -0.0489056 0.998803
    outer loop
      vertex 2 19.086 10.95
      vertex 0 19.4046 10.9656
      vertex 0 19.086 10.95
    endloop
  endfacet
  facet normal 0 0.857852 0.513896
    outer loop
      vertex 2 16.3837 12.3944
      vertex 0 16.2198 12.668
      vertex 2 16.2198 12.668
    endloop
  endfacet
  facet normal 0 0.857852 0.513896
    outer loop
      vertex 0 16.2198 12.668
      vertex 2 16.3837 12.3944
      vertex 0 16.3837 12.3944
    endloop
  endfacet
  facet normal 0 0.970032 0.242978
    outer loop
      vertex 2 15.9759 13.2566
      vertex 0 15.8984 13.566
      vertex 2 15.8984 13.566
    endloop
  endfacet
  facet normal 0 0.970032 0.242978
    outer loop
      vertex 0 15.8984 13.566
      vertex 2 15.9759 13.2566
      vertex 0 15.9759 13.2566
    endloop
  endfacet
  facet normal 0 0.513896 -0.857852
    outer loop
      vertex 0 17.2804 16.9023
      vertex 2 17.554 17.0662
      vertex 2 17.2804 16.9023
    endloop
  endfacet
  facet normal 0 0.513896 -0.857852
    outer loop
      vertex 2 17.554 17.0662
      vertex 0 17.2804 16.9023
      vertex 0 17.554 17.0662
    endloop
  endfacet
  facet normal 0 -0.803224 -0.595677
    outer loop
      vertex 0 21.7883 16.0056
      vertex 2 21.5983 16.2618
      vertex 0 21.5983 16.2618
    endloop
  endfacet
  facet normal 0 -0.803224 -0.595677
    outer loop
      vertex 2 21.5983 16.2618
      vertex 0 21.7883 16.0056
      vertex 2 21.7883 16.0056
    endloop
  endfacet
  facet normal 0 0.998803 0.0489056
    outer loop
      vertex 2 15.8516 13.8814
      vertex 0 15.836 14.2
      vertex 2 15.836 14.2
    endloop
  endfacet
  facet normal 0 0.998803 0.0489056
    outer loop
      vertex 0 15.836 14.2
      vertex 2 15.8516 13.8814
      vertex 0 15.8516 13.8814
    endloop
  endfacet
  facet normal 0 -0.857852 0.513896
    outer loop
      vertex 0 21.7883 12.3944
      vertex 2 21.9522 12.668
      vertex 0 21.9522 12.668
    endloop
  endfacet
  facet normal 0 -0.857852 0.513896
    outer loop
      vertex 2 21.9522 12.668
      vertex 0 21.7883 12.3944
      vertex 2 21.7883 12.3944
    endloop
  endfacet
  facet normal 0 -0.941493 0.337031
    outer loop
      vertex 0 22.0886 12.9563
      vertex 2 22.1961 13.2566
      vertex 0 22.1961 13.2566
    endloop
  endfacet
  facet normal 0 -0.941493 0.337031
    outer loop
      vertex 2 22.1961 13.2566
      vertex 0 22.0886 12.9563
      vertex 2 22.0886 12.9563
    endloop
  endfacet
  facet normal 0 -0.970032 0.242978
    outer loop
      vertex 0 22.1961 13.2566
      vertex 2 22.2736 13.566
      vertex 0 22.2736 13.566
    endloop
  endfacet
  facet normal 0 -0.970032 0.242978
    outer loop
      vertex 2 22.2736 13.566
      vertex 0 22.1961 13.2566
      vertex 2 22.1961 13.2566
    endloop
  endfacet
  facet normal 0 -0.803224 0.595677
    outer loop
      vertex 0 21.5983 12.1382
      vertex 2 21.7883 12.3944
      vertex 0 21.7883 12.3944
    endloop
  endfacet
  facet normal 0 -0.803224 0.595677
    outer loop
      vertex 2 21.7883 12.3944
      vertex 0 21.5983 12.1382
      vertex 2 21.5983 12.1382
    endloop
  endfacet
  facet normal -0 0.595677 0.803224
    outer loop
      vertex 0 17.2804 11.4977
      vertex 2 17.0242 11.6877
      vertex 2 17.2804 11.4977
    endloop
  endfacet
  facet normal 0 0.595677 0.803224
    outer loop
      vertex 2 17.0242 11.6877
      vertex 0 17.2804 11.4977
      vertex 0 17.0242 11.6877
    endloop
  endfacet
  facet normal 0 -0.242978 -0.970032
    outer loop
      vertex 0 19.72 17.3876
      vertex 2 20.0294 17.3101
      vertex 2 19.72 17.3876
    endloop
  endfacet
  facet normal -0 -0.242978 -0.970032
    outer loop
      vertex 2 20.0294 17.3101
      vertex 0 19.72 17.3876
      vertex 0 20.0294 17.3101
    endloop
  endfacet
  facet normal 0 -0.857852 -0.513896
    outer loop
      vertex 0 21.9522 15.732
      vertex 2 21.7883 16.0056
      vertex 0 21.7883 16.0056
    endloop
  endfacet
  facet normal 0 -0.857852 -0.513896
    outer loop
      vertex 2 21.7883 16.0056
      vertex 0 21.9522 15.732
      vertex 2 21.9522 15.732
    endloop
  endfacet
  facet normal 0 -0.998803 -0.0489056
    outer loop
      vertex 0 22.336 14.2
      vertex 2 22.3204 14.5186
      vertex 0 22.3204 14.5186
    endloop
  endfacet
  facet normal 0 -0.998803 -0.0489056
    outer loop
      vertex 2 22.3204 14.5186
      vertex 0 22.336 14.2
      vertex 2 22.336 14.2
    endloop
  endfacet
  facet normal 0 0.903936 0.427668
    outer loop
      vertex 2 16.2198 12.668
      vertex 0 16.0834 12.9563
      vertex 2 16.0834 12.9563
    endloop
  endfacet
  facet normal 0 0.903936 0.427668
    outer loop
      vertex 0 16.0834 12.9563
      vertex 2 16.2198 12.668
      vertex 0 16.2198 12.668
    endloop
  endfacet
  facet normal 0 0.242978 -0.970032
    outer loop
      vertex 0 18.1426 17.3101
      vertex 2 18.452 17.3876
      vertex 2 18.1426 17.3101
    endloop
  endfacet
  facet normal 0 0.242978 -0.970032
    outer loop
      vertex 2 18.452 17.3876
      vertex 0 18.1426 17.3101
      vertex 0 18.452 17.3876
    endloop
  endfacet
  facet normal 0 0.0492184 -0.998788
    outer loop
      vertex 0 18.7674 17.4343
      vertex 2 19.086 17.45
      vertex 2 18.7674 17.4343
    endloop
  endfacet
  facet normal 0 0.0492184 -0.998788
    outer loop
      vertex 2 19.086 17.45
      vertex 0 18.7674 17.4343
      vertex 0 19.086 17.45
    endloop
  endfacet
  facet normal 0 -0.941493 -0.337031
    outer loop
      vertex 0 22.1961 15.1434
      vertex 2 22.0886 15.4437
      vertex 0 22.0886 15.4437
    endloop
  endfacet
  facet normal 0 -0.941493 -0.337031
    outer loop
      vertex 2 22.0886 15.4437
      vertex 0 22.1961 15.1434
      vertex 2 22.1961 15.1434
    endloop
  endfacet
  facet normal -0 0.427668 0.903936
    outer loop
      vertex 0 17.8423 11.1974
      vertex 2 17.554 11.3338
      vertex 2 17.8423 11.1974
    endloop
  endfacet
  facet normal 0 0.427668 0.903936
    outer loop
      vertex 2 17.554 11.3338
      vertex 0 17.8423 11.1974
      vertex 0 17.554 11.3338
    endloop
  endfacet
  facet normal 0 -0.671611 -0.740904
    outer loop
      vertex 0 21.1478 16.7123
      vertex 2 21.3841 16.4981
      vertex 2 21.1478 16.7123
    endloop
  endfacet
  facet normal -0 -0.671611 -0.740904
    outer loop
      vertex 2 21.3841 16.4981
      vertex 0 21.1478 16.7123
      vertex 0 21.3841 16.4981
    endloop
  endfacet
  facet normal 0 0.337031 -0.941493
    outer loop
      vertex 0 17.8423 17.2026
      vertex 2 18.1426 17.3101
      vertex 2 17.8423 17.2026
    endloop
  endfacet
  facet normal 0 0.337031 -0.941493
    outer loop
      vertex 2 18.1426 17.3101
      vertex 0 17.8423 17.2026
      vertex 0 18.1426 17.3101
    endloop
  endfacet
  facet normal -0 0.0489056 0.998803
    outer loop
      vertex 0 19.086 10.95
      vertex 2 18.7674 10.9656
      vertex 2 19.086 10.95
    endloop
  endfacet
  facet normal 0 0.0489056 0.998803
    outer loop
      vertex 2 18.7674 10.9656
      vertex 0 19.086 10.95
      vertex 0 18.7674 10.9656
    endloop
  endfacet
  facet normal 0 -0.146776 0.98917
    outer loop
      vertex 0 19.72 11.0124
      vertex 2 19.4046 10.9656
      vertex 2 19.72 11.0124
    endloop
  endfacet
  facet normal 0 -0.146776 0.98917
    outer loop
      vertex 2 19.4046 10.9656
      vertex 0 19.72 11.0124
      vertex 0 19.4046 10.9656
    endloop
  endfacet
  facet normal -0 0.337031 0.941493
    outer loop
      vertex 0 18.1426 11.0899
      vertex 2 17.8423 11.1974
      vertex 2 18.1426 11.0899
    endloop
  endfacet
  facet normal 0 0.337031 0.941493
    outer loop
      vertex 2 17.8423 11.1974
      vertex 0 18.1426 11.0899
      vertex 0 17.8423 11.1974
    endloop
  endfacet
  facet normal 0 0.98917 0.146776
    outer loop
      vertex 2 15.8984 13.566
      vertex 0 15.8516 13.8814
      vertex 2 15.8516 13.8814
    endloop
  endfacet
  facet normal 0 0.98917 0.146776
    outer loop
      vertex 0 15.8516 13.8814
      vertex 2 15.8984 13.566
      vertex 0 15.8984 13.566
    endloop
  endfacet
  facet normal 0 -0.337031 0.941493
    outer loop
      vertex 0 20.3297 11.1974
      vertex 2 20.0294 11.0899
      vertex 2 20.3297 11.1974
    endloop
  endfacet
  facet normal 0 -0.337031 0.941493
    outer loop
      vertex 2 20.0294 11.0899
      vertex 0 20.3297 11.1974
      vertex 0 20.0294 11.0899
    endloop
  endfacet
  facet normal 0 -0.0492184 -0.998788
    outer loop
      vertex 0 19.086 17.45
      vertex 2 19.4046 17.4343
      vertex 2 19.086 17.45
    endloop
  endfacet
  facet normal -0 -0.0492184 -0.998788
    outer loop
      vertex 2 19.4046 17.4343
      vertex 0 19.086 17.45
      vertex 0 19.4046 17.4343
    endloop
  endfacet
  facet normal 0 0.671611 -0.740904
    outer loop
      vertex 0 16.7879 16.4981
      vertex 2 17.0242 16.7123
      vertex 2 16.7879 16.4981
    endloop
  endfacet
  facet normal 0 0.671611 -0.740904
    outer loop
      vertex 2 17.0242 16.7123
      vertex 0 16.7879 16.4981
      vertex 0 17.0242 16.7123
    endloop
  endfacet
  facet normal -0 0.242978 0.970032
    outer loop
      vertex 0 18.452 11.0124
      vertex 2 18.1426 11.0899
      vertex 2 18.452 11.0124
    endloop
  endfacet
  facet normal 0 0.242978 0.970032
    outer loop
      vertex 2 18.1426 11.0899
      vertex 0 18.452 11.0124
      vertex 0 18.1426 11.0899
    endloop
  endfacet
  facet normal 0 -0.427668 0.903936
    outer loop
      vertex 0 20.618 11.3338
      vertex 2 20.3297 11.1974
      vertex 2 20.618 11.3338
    endloop
  endfacet
  facet normal 0 -0.427668 0.903936
    outer loop
      vertex 2 20.3297 11.1974
      vertex 0 20.618 11.3338
      vertex 0 20.3297 11.1974
    endloop
  endfacet
  facet normal 0 -0.740904 0.671611
    outer loop
      vertex 0 21.3841 11.9019
      vertex 2 21.5983 12.1382
      vertex 0 21.5983 12.1382
    endloop
  endfacet
  facet normal 0 -0.740904 0.671611
    outer loop
      vertex 2 21.5983 12.1382
      vertex 0 21.3841 11.9019
      vertex 2 21.3841 11.9019
    endloop
  endfacet
  facet normal 0 -0.671611 0.740904
    outer loop
      vertex 0 21.3841 11.9019
      vertex 2 21.1478 11.6877
      vertex 2 21.3841 11.9019
    endloop
  endfacet
  facet normal 0 -0.671611 0.740904
    outer loop
      vertex 2 21.1478 11.6877
      vertex 0 21.3841 11.9019
      vertex 0 21.1478 11.6877
    endloop
  endfacet
  facet normal 0 -0.970032 -0.242978
    outer loop
      vertex 0 22.2736 14.834
      vertex 2 22.1961 15.1434
      vertex 0 22.1961 15.1434
    endloop
  endfacet
  facet normal 0 -0.970032 -0.242978
    outer loop
      vertex 2 22.1961 15.1434
      vertex 0 22.2736 14.834
      vertex 2 22.2736 14.834
    endloop
  endfacet
  facet normal 0 0.857852 -0.513896
    outer loop
      vertex 2 16.2198 15.732
      vertex 0 16.3837 16.0056
      vertex 2 16.3837 16.0056
    endloop
  endfacet
  facet normal 0 0.857852 -0.513896
    outer loop
      vertex 0 16.3837 16.0056
      vertex 2 16.2198 15.732
      vertex 0 16.2198 15.732
    endloop
  endfacet
  facet normal -0 0.513896 0.857852
    outer loop
      vertex 0 17.554 11.3338
      vertex 2 17.2804 11.4977
      vertex 2 17.554 11.3338
    endloop
  endfacet
  facet normal 0 0.513896 0.857852
    outer loop
      vertex 2 17.2804 11.4977
      vertex 0 17.554 11.3338
      vertex 0 17.2804 11.4977
    endloop
  endfacet
  facet normal 0 -0.903936 0.427668
    outer loop
      vertex 0 21.9522 12.668
      vertex 2 22.0886 12.9563
      vertex 0 22.0886 12.9563
    endloop
  endfacet
  facet normal 0 -0.903936 0.427668
    outer loop
      vertex 2 22.0886 12.9563
      vertex 0 21.9522 12.668
      vertex 2 21.9522 12.668
    endloop
  endfacet
  facet normal 0 -0.513896 0.857852
    outer loop
      vertex 0 20.8916 11.4977
      vertex 2 20.618 11.3338
      vertex 2 20.8916 11.4977
    endloop
  endfacet
  facet normal 0 -0.513896 0.857852
    outer loop
      vertex 2 20.618 11.3338
      vertex 0 20.8916 11.4977
      vertex 0 20.618 11.3338
    endloop
  endfacet
  facet normal -0 0.146776 0.98917
    outer loop
      vertex 0 18.7674 10.9656
      vertex 2 18.452 11.0124
      vertex 2 18.7674 10.9656
    endloop
  endfacet
  facet normal 0 0.146776 0.98917
    outer loop
      vertex 2 18.452 11.0124
      vertex 0 18.7674 10.9656
      vertex 0 18.452 11.0124
    endloop
  endfacet
  facet normal 0 0.98917 -0.146776
    outer loop
      vertex 2 15.8516 14.5186
      vertex 0 15.8984 14.834
      vertex 2 15.8984 14.834
    endloop
  endfacet
  facet normal 0 0.98917 -0.146776
    outer loop
      vertex 0 15.8984 14.834
      vertex 2 15.8516 14.5186
      vertex 0 15.8516 14.5186
    endloop
  endfacet
  facet normal 0 -0.903936 -0.427668
    outer loop
      vertex 0 22.0886 15.4437
      vertex 2 21.9522 15.732
      vertex 0 21.9522 15.732
    endloop
  endfacet
  facet normal 0 -0.903936 -0.427668
    outer loop
      vertex 2 21.9522 15.732
      vertex 0 22.0886 15.4437
      vertex 2 22.0886 15.4437
    endloop
  endfacet
  facet normal 0 -0.740904 -0.671611
    outer loop
      vertex 0 21.5983 16.2618
      vertex 2 21.3841 16.4981
      vertex 0 21.3841 16.4981
    endloop
  endfacet
  facet normal 0 -0.740904 -0.671611
    outer loop
      vertex 2 21.3841 16.4981
      vertex 0 21.5983 16.2618
      vertex 2 21.5983 16.2618
    endloop
  endfacet
  facet normal 0 -0.998803 0.0489056
    outer loop
      vertex 0 22.3204 13.8814
      vertex 2 22.336 14.2
      vertex 0 22.336 14.2
    endloop
  endfacet
  facet normal 0 -0.998803 0.0489056
    outer loop
      vertex 2 22.336 14.2
      vertex 0 22.3204 13.8814
      vertex 2 22.3204 13.8814
    endloop
  endfacet
  facet normal 0 0.146469 -0.989215
    outer loop
      vertex 0 18.452 17.3876
      vertex 2 18.7674 17.4343
      vertex 2 18.452 17.3876
    endloop
  endfacet
  facet normal 0 0.146469 -0.989215
    outer loop
      vertex 2 18.7674 17.4343
      vertex 0 18.452 17.3876
      vertex 0 18.7674 17.4343
    endloop
  endfacet
  facet normal 0 -0.337031 -0.941493
    outer loop
      vertex 0 20.0294 17.3101
      vertex 2 20.3297 17.2026
      vertex 2 20.0294 17.3101
    endloop
  endfacet
  facet normal -0 -0.337031 -0.941493
    outer loop
      vertex 2 20.3297 17.2026
      vertex 0 20.0294 17.3101
      vertex 0 20.3297 17.2026
    endloop
  endfacet
  facet normal 0 0.970032 -0.242978
    outer loop
      vertex 2 15.8984 14.834
      vertex 0 15.9759 15.1434
      vertex 2 15.9759 15.1434
    endloop
  endfacet
  facet normal 0 0.970032 -0.242978
    outer loop
      vertex 0 15.9759 15.1434
      vertex 2 15.8984 14.834
      vertex 0 15.8984 14.834
    endloop
  endfacet
  facet normal 0 0.740904 0.671611
    outer loop
      vertex 2 16.7879 11.9019
      vertex 0 16.5737 12.1382
      vertex 2 16.5737 12.1382
    endloop
  endfacet
  facet normal 0 0.740904 0.671611
    outer loop
      vertex 0 16.5737 12.1382
      vertex 2 16.7879 11.9019
      vertex 0 16.7879 11.9019
    endloop
  endfacet
  facet normal 0 0.803224 -0.595677
    outer loop
      vertex 2 16.3837 16.0056
      vertex 0 16.5737 16.2618
      vertex 2 16.5737 16.2618
    endloop
  endfacet
  facet normal 0 0.803224 -0.595677
    outer loop
      vertex 0 16.5737 16.2618
      vertex 2 16.3837 16.0056
      vertex 0 16.3837 16.0056
    endloop
  endfacet
  facet normal 0 0.903936 -0.427668
    outer loop
      vertex 2 16.0834 15.4437
      vertex 0 16.2198 15.732
      vertex 2 16.2198 15.732
    endloop
  endfacet
  facet normal 0 0.903936 -0.427668
    outer loop
      vertex 0 16.2198 15.732
      vertex 2 16.0834 15.4437
      vertex 0 16.0834 15.4437
    endloop
  endfacet
  facet normal 0 -0.98917 0.146776
    outer loop
      vertex 0 22.2736 13.566
      vertex 2 22.3204 13.8814
      vertex 0 22.3204 13.8814
    endloop
  endfacet
  facet normal 0 -0.98917 0.146776
    outer loop
      vertex 2 22.3204 13.8814
      vertex 0 22.2736 13.566
      vertex 2 22.2736 13.566
    endloop
  endfacet
  facet normal 0 0.595677 -0.803224
    outer loop
      vertex 0 17.0242 16.7123
      vertex 2 17.2804 16.9023
      vertex 2 17.0242 16.7123
    endloop
  endfacet
  facet normal 0 0.595677 -0.803224
    outer loop
      vertex 2 17.2804 16.9023
      vertex 0 17.0242 16.7123
      vertex 0 17.2804 16.9023
    endloop
  endfacet
  facet normal 0 -0.595677 -0.803224
    outer loop
      vertex 0 20.8916 16.9023
      vertex 2 21.1478 16.7123
      vertex 2 20.8916 16.9023
    endloop
  endfacet
  facet normal -0 -0.595677 -0.803224
    outer loop
      vertex 2 21.1478 16.7123
      vertex 0 20.8916 16.9023
      vertex 0 21.1478 16.7123
    endloop
  endfacet
  facet normal 0 0.803224 0.595677
    outer loop
      vertex 2 16.5737 12.1382
      vertex 0 16.3837 12.3944
      vertex 2 16.3837 12.3944
    endloop
  endfacet
  facet normal 0 0.803224 0.595677
    outer loop
      vertex 0 16.3837 12.3944
      vertex 2 16.5737 12.1382
      vertex 0 16.5737 12.1382
    endloop
  endfacet
  facet normal 0 0.941493 0.337031
    outer loop
      vertex 2 16.0834 12.9563
      vertex 0 15.9759 13.2566
      vertex 2 15.9759 13.2566
    endloop
  endfacet
  facet normal 0 0.941493 0.337031
    outer loop
      vertex 0 15.9759 13.2566
      vertex 2 16.0834 12.9563
      vertex 0 16.0834 12.9563
    endloop
  endfacet
  facet normal 0 0.941493 -0.337031
    outer loop
      vertex 2 15.9759 15.1434
      vertex 0 16.0834 15.4437
      vertex 2 16.0834 15.4437
    endloop
  endfacet
  facet normal 0 0.941493 -0.337031
    outer loop
      vertex 0 16.0834 15.4437
      vertex 2 15.9759 15.1434
      vertex 0 15.9759 15.1434
    endloop
  endfacet
  facet normal 0 -0.427668 -0.903936
    outer loop
      vertex 0 20.3297 17.2026
      vertex 2 20.618 17.0662
      vertex 2 20.3297 17.2026
    endloop
  endfacet
  facet normal -0 -0.427668 -0.903936
    outer loop
      vertex 2 20.618 17.0662
      vertex 0 20.3297 17.2026
      vertex 0 20.618 17.0662
    endloop
  endfacet
  facet normal 0 0.998803 -0.0489056
    outer loop
      vertex 2 15.836 14.2
      vertex 0 15.8516 14.5186
      vertex 2 15.8516 14.5186
    endloop
  endfacet
  facet normal 0 0.998803 -0.0489056
    outer loop
      vertex 0 15.8516 14.5186
      vertex 2 15.836 14.2
      vertex 0 15.836 14.2
    endloop
  endfacet
  facet normal 0 0.427668 -0.903936
    outer loop
      vertex 0 17.554 17.0662
      vertex 2 17.8423 17.2026
      vertex 2 17.554 17.0662
    endloop
  endfacet
  facet normal 0 0.427668 -0.903936
    outer loop
      vertex 2 17.8423 17.2026
      vertex 0 17.554 17.0662
      vertex 0 17.8423 17.2026
    endloop
  endfacet
  facet normal 0 -0.146469 -0.989215
    outer loop
      vertex 0 19.4046 17.4343
      vertex 2 19.72 17.3876
      vertex 2 19.4046 17.4343
    endloop
  endfacet
  facet normal -0 -0.146469 -0.989215
    outer loop
      vertex 2 19.72 17.3876
      vertex 0 19.4046 17.4343
      vertex 0 19.72 17.3876
    endloop
  endfacet
  facet normal 0 0.740904 -0.671611
    outer loop
      vertex 2 16.5737 16.2618
      vertex 0 16.7879 16.4981
      vertex 2 16.7879 16.4981
    endloop
  endfacet
  facet normal 0 0.740904 -0.671611
    outer loop
      vertex 0 16.7879 16.4981
      vertex 2 16.5737 16.2618
      vertex 0 16.5737 16.2618
    endloop
  endfacet
  facet normal -0 0.671611 0.740904
    outer loop
      vertex 0 17.0242 11.6877
      vertex 2 16.7879 11.9019
      vertex 2 17.0242 11.6877
    endloop
  endfacet
  facet normal 0 0.671611 0.740904
    outer loop
      vertex 2 16.7879 11.9019
      vertex 0 17.0242 11.6877
      vertex 0 16.7879 11.9019
    endloop
  endfacet
  facet normal 0 -0.513896 -0.857852
    outer loop
      vertex 0 20.618 17.0662
      vertex 2 20.8916 16.9023
      vertex 2 20.618 17.0662
    endloop
  endfacet
  facet normal -0 -0.513896 -0.857852
    outer loop
      vertex 2 20.8916 16.9023
      vertex 0 20.618 17.0662
      vertex 0 20.8916 16.9023
    endloop
  endfacet
  facet normal 0 0 -1
    outer loop
      vertex 88 45.5 16.6
      vertex 90 55.5 16.6
      vertex 90 45.5 16.6
    endloop
  endfacet
  facet normal -0 0 -1
    outer loop
      vertex 90 55.5 16.6
      vertex 88 45.5 16.6
      vertex 88 55.5 16.6
    endloop
  endfacet
  facet normal -0 0 1
    outer loop
      vertex 88 55.5 12.6
      vertex 90 45.5 12.6
      vertex 90 55.5 12.6
    endloop
  endfacet
  facet normal 0 0 1
    outer loop
      vertex 90 45.5 12.6
      vertex 88 55.5 12.6
      vertex 88 45.5 12.6
    endloop
  endfacet
  facet normal 0 -1 0
    outer loop
      vertex 88 55.5 12.6
      vertex 90 55.5 16.6
      vertex 88 55.5 16.6
    endloop
  endfacet
  facet normal 0 -1 -0
    outer loop
      vertex 90 55.5 16.6
      vertex 88 55.5 12.6
      vertex 90 55.5 12.6
    endloop
  endfacet
  facet normal 0 1 -0
    outer loop
      vertex 90 45.5 12.6
      vertex 88 45.5 16.6
      vertex 90 45.5 16.6
    endloop
  endfacet
  facet normal 0 1 0
    outer loop
      vertex 88 45.5 16.6
      vertex 90 45.5 12.6
      vertex 88 45.5 12.6
    endloop
  endfacet
  facet normal -0.336862 -0.941554 0
    outer loop
      vertex 4.66061 62.7664 1.6
      vertex 4.984 62.6507 19
      vertex 4.66061 62.7664 19
    endloop
  endfacet
  facet normal -0.336862 -0.941554 -0
    outer loop
      vertex 4.984 62.6507 19
      vertex 4.66061 62.7664 1.6
      vertex 4.984 62.6507 1.6
    endloop
  endfacet
  facet normal 0.989172 0.14676 0
    outer loop
      vertex 9.48315 66.3431 19
      vertex 9.43275 66.6828 1.6
      vertex 9.43275 66.6828 19
    endloop
  endfacet
  facet normal 0.989172 0.14676 0
    outer loop
      vertex 9.43275 66.6828 1.6
      vertex 9.48315 66.3431 19
      vertex 9.48315 66.3431 1.6
    endloop
  endfacet
  facet normal 0.998796 0.0490519 0
    outer loop
      vertex 9.5 66 19
      vertex 9.48315 66.3431 1.6
      vertex 9.48315 66.3431 19
    endloop
  endfacet
  facet normal 0.998796 0.0490519 0
    outer loop
      vertex 9.48315 66.3431 1.6
      vertex 9.5 66 19
      vertex 9.5 66 1.6
    endloop
  endfacet
  facet normal 0.970033 0.242974 0
    outer loop
      vertex 9.43275 66.6828 19
      vertex 9.34929 67.016 1.6
      vertex 9.34929 67.016 19
    endloop
  endfacet
  facet normal 0.970033 0.242974 0
    outer loop
      vertex 9.34929 67.016 1.6
      vertex 9.43275 66.6828 19
      vertex 9.43275 66.6828 1.6
    endloop
  endfacet
  facet normal -0.242823 -0.970071 0
    outer loop
      vertex 4.984 62.6507 1.6
      vertex 5.31718 62.5673 19
      vertex 4.984 62.6507 19
    endloop
  endfacet
  facet normal -0.242823 -0.970071 -0
    outer loop
      vertex 5.31718 62.5673 19
      vertex 4.984 62.6507 1.6
      vertex 5.31718 62.5673 1.6
    endloop
  endfacet
  facet normal 0.242823 -0.970071 0
    outer loop
      vertex 6.68282 62.5673 1.6
      vertex 7.016 62.6507 19
      vertex 6.68282 62.5673 19
    endloop
  endfacet
  facet normal 0.242823 -0.970071 0
    outer loop
      vertex 7.016 62.6507 19
      vertex 6.68282 62.5673 1.6
      vertex 7.016 62.6507 1.6
    endloop
  endfacet
  facet normal 0.51414 -0.857706 0
    outer loop
      vertex 7.64989 62.9133 1.6
      vertex 7.9445 63.0899 19
      vertex 7.64989 62.9133 19
    endloop
  endfacet
  facet normal 0.51414 -0.857706 0
    outer loop
      vertex 7.9445 63.0899 19
      vertex 7.64989 62.9133 1.6
      vertex 7.9445 63.0899 1.6
    endloop
  endfacet
  facet normal 0.803237 -0.595659 0
    outer loop
      vertex 8.70554 63.7796 19
      vertex 8.91014 64.0555 1.6
      vertex 8.91014 64.0555 19
    endloop
  endfacet
  facet normal 0.803237 -0.595659 0
    outer loop
      vertex 8.91014 64.0555 1.6
      vertex 8.70554 63.7796 19
      vertex 8.70554 63.7796 1.6
    endloop
  endfacet
  facet normal 0.427661 -0.903939 0
    outer loop
      vertex 7.33939 62.7664 1.6
      vertex 7.64989 62.9133 19
      vertex 7.33939 62.7664 19
    endloop
  endfacet
  facet normal 0.427661 -0.903939 0
    outer loop
      vertex 7.64989 62.9133 19
      vertex 7.33939 62.7664 1.6
      vertex 7.64989 62.9133 1.6
    endloop
  endfacet
  facet normal 0.989172 -0.14676 0
    outer loop
      vertex 9.43275 65.3172 19
      vertex 9.48315 65.6569 1.6
      vertex 9.48315 65.6569 19
    endloop
  endfacet
  facet normal 0.989172 -0.14676 0
    outer loop
      vertex 9.48315 65.6569 1.6
      vertex 9.43275 65.3172 19
      vertex 9.43275 65.3172 1.6
    endloop
  endfacet
  facet normal 0.970033 -0.242974 0
    outer loop
      vertex 9.34929 64.984 19
      vertex 9.43275 65.3172 1.6
      vertex 9.43275 65.3172 19
    endloop
  endfacet
  facet normal 0.970033 -0.242974 0
    outer loop
      vertex 9.43275 65.3172 1.6
      vertex 9.34929 64.984 19
      vertex 9.34929 64.984 1.6
    endloop
  endfacet
  facet normal 0.336862 -0.941554 0
    outer loop
      vertex 7.016 62.6507 1.6
      vertex 7.33939 62.7664 19
      vertex 7.016 62.6507 19
    endloop
  endfacet
  facet normal 0.336862 -0.941554 0
    outer loop
      vertex 7.33939 62.7664 19
      vertex 7.016 62.6507 1.6
      vertex 7.33939 62.7664 1.6
    endloop
  endfacet
  facet normal 0.998796 -0.0490519 0
    outer loop
      vertex 9.48315 65.6569 19
      vertex 9.5 66 1.6
      vertex 9.5 66 19
    endloop
  endfacet
  facet normal 0.998796 -0.0490519 0
    outer loop
      vertex 9.5 66 1.6
      vertex 9.48315 65.6569 19
      vertex 9.48315 65.6569 1.6
    endloop
  endfacet
  facet normal 0.903984 -0.427566 0
    outer loop
      vertex 9.08672 64.3501 19
      vertex 9.23358 64.6606 1.6
      vertex 9.23358 64.6606 19
    endloop
  endfacet
  facet normal 0.903984 -0.427566 0
    outer loop
      vertex 9.23358 64.6606 1.6
      vertex 9.08672 64.3501 19
      vertex 9.08672 64.3501 1.6
    endloop
  endfacet
  facet normal 0.857754 0.51406 0
    outer loop
      vertex 9.08672 67.6499 19
      vertex 9 67.7946 1.6
      vertex 9 67.7946 19
    endloop
  endfacet
  facet normal 0.857754 0.51406 0
    outer loop
      vertex 9 67.7946 1.6
      vertex 9.08672 67.6499 19
      vertex 9.08672 67.6499 1.6
    endloop
  endfacet
  facet normal -0.513999 -0.857791 0
    outer loop
      vertex 4.20542 63 1.6
      vertex 4.35011 62.9133 19
      vertex 4.20542 63 19
    endloop
  endfacet
  facet normal -0.513999 -0.857791 -0
    outer loop
      vertex 4.35011 62.9133 19
      vertex 4.20542 63 1.6
      vertex 4.35011 62.9133 1.6
    endloop
  endfacet
  facet normal 0.146734 -0.989176 0
    outer loop
      vertex 6.34306 62.5169 1.6
      vertex 6.68282 62.5673 19
      vertex 6.34306 62.5169 19
    endloop
  endfacet
  facet normal 0.146734 -0.989176 0
    outer loop
      vertex 6.68282 62.5673 19
      vertex 6.34306 62.5169 1.6
      vertex 6.68282 62.5673 1.6
    endloop
  endfacet
  facet normal 0.941548 0.336879 0
    outer loop
      vertex 9.34929 67.016 19
      vertex 9.23358 67.3394 1.6
      vertex 9.23358 67.3394 19
    endloop
  endfacet
  facet normal 0.941548 0.336879 0
    outer loop
      vertex 9.23358 67.3394 1.6
      vertex 9.34929 67.016 19
      vertex 9.34929 67.016 1.6
    endloop
  endfacet
  facet normal 0.857724 -0.51411 0
    outer loop
      vertex 8.91014 64.0555 19
      vertex 9.08672 64.3501 1.6
      vertex 9.08672 64.3501 19
    endloop
  endfacet
  facet normal 0.857724 -0.51411 0
    outer loop
      vertex 9.08672 64.3501 1.6
      vertex 8.91014 64.0555 19
      vertex 8.91014 64.0555 1.6
    endloop
  endfacet
  facet normal 0.941548 -0.336879 0
    outer loop
      vertex 9.23358 64.6606 19
      vertex 9.34929 64.984 1.6
      vertex 9.34929 64.984 19
    endloop
  endfacet
  facet normal 0.941548 -0.336879 0
    outer loop
      vertex 9.34929 64.984 1.6
      vertex 9.23358 64.6606 19
      vertex 9.23358 64.6606 1.6
    endloop
  endfacet
  facet normal 0.903984 0.427566 0
    outer loop
      vertex 9.23358 67.3394 19
      vertex 9.08672 67.6499 1.6
      vertex 9.08672 67.6499 19
    endloop
  endfacet
  facet normal 0.903984 0.427566 0
    outer loop
      vertex 9.08672 67.6499 1.6
      vertex 9.23358 67.3394 19
      vertex 9.23358 67.3394 1.6
    endloop
  endfacet
  facet normal -0.146734 -0.989176 0
    outer loop
      vertex 5.31718 62.5673 1.6
      vertex 5.65694 62.5169 19
      vertex 5.31718 62.5673 19
    endloop
  endfacet
  facet normal -0.146734 -0.989176 -0
    outer loop
      vertex 5.65694 62.5169 19
      vertex 5.31718 62.5673 1.6
      vertex 5.65694 62.5169 1.6
    endloop
  endfacet
  facet normal 0.671469 -0.741033 0
    outer loop
      vertex 8.22038 63.2945 1.6
      vertex 8.47487 63.5251 19
      vertex 8.22038 63.2945 19
    endloop
  endfacet
  facet normal 0.671469 -0.741033 0
    outer loop
      vertex 8.47487 63.5251 19
      vertex 8.22038 63.2945 1.6
      vertex 8.47487 63.5251 1.6
    endloop
  endfacet
  facet normal -0.0492029 -0.998789 0
    outer loop
      vertex 5.65694 62.5169 1.6
      vertex 6 62.5 19
      vertex 5.65694 62.5169 19
    endloop
  endfacet
  facet normal -0.0492029 -0.998789 -0
    outer loop
      vertex 6 62.5 19
      vertex 5.65694 62.5169 1.6
      vertex 6 62.5 1.6
    endloop
  endfacet
  facet normal -0.427661 -0.903939 0
    outer loop
      vertex 4.35011 62.9133 1.6
      vertex 4.66061 62.7664 19
      vertex 4.35011 62.9133 19
    endloop
  endfacet
  facet normal -0.427661 -0.903939 -0
    outer loop
      vertex 4.66061 62.7664 19
      vertex 4.35011 62.9133 1.6
      vertex 4.66061 62.7664 1.6
    endloop
  endfacet
  facet normal 0.0492029 -0.998789 0
    outer loop
      vertex 6 62.5 1.6
      vertex 6.34306 62.5169 19
      vertex 6 62.5 19
    endloop
  endfacet
  facet normal 0.0492029 -0.998789 0
    outer loop
      vertex 6.34306 62.5169 19
      vertex 6 62.5 1.6
      vertex 6.34306 62.5169 1.6
    endloop
  endfacet
  facet normal 0.595687 -0.803217 0
    outer loop
      vertex 7.9445 63.0899 1.6
      vertex 8.22038 63.2945 19
      vertex 7.9445 63.0899 19
    endloop
  endfacet
  facet normal 0.595687 -0.803217 0
    outer loop
      vertex 8.22038 63.2945 19
      vertex 7.9445 63.0899 1.6
      vertex 8.22038 63.2945 1.6
    endloop
  endfacet
  facet normal 0 0 -1
    outer loop
      vertex 2 69 1.6
      vertex 4.65 66 1.6
      vertex 2 63 1.6
    endloop
  endfacet
  facet normal 0 0 -1
    outer loop
      vertex 4.65 66 1.6
      vertex 2 69 1.6
      vertex 3 69 1.6
    endloop
  endfacet
  facet normal 0 0 -1
    outer loop
      vertex 9.48315 65.6569 1.6
      vertex 7.3435 65.8677 1.6
      vertex 7.35 66 1.6
    endloop
  endfacet
  facet normal 0 0 -1
    outer loop
      vertex 6.63638 64.8094 1.6
      vertex 7.64989 62.9133 1.6
      vertex 7.33939 62.7664 1.6
    endloop
  endfacet
  facet normal 0 0 -1
    outer loop
      vertex 7.9445 63.0899 1.6
      vertex 7.32406 65.7366 1.6
      vertex 7.3435 65.8677 1.6
    endloop
  endfacet
  facet normal 0 0 -1
    outer loop
      vertex 7.9445 63.0899 1.6
      vertex 7.29187 65.6081 1.6
      vertex 7.32406 65.7366 1.6
    endloop
  endfacet
  facet normal 0 0 -1
    outer loop
      vertex 7.9445 63.0899 1.6
      vertex 7.24724 65.4834 1.6
      vertex 7.29187 65.6081 1.6
    endloop
  endfacet
  facet normal 0 0 -1
    outer loop
      vertex 7.9445 63.0899 1.6
      vertex 7.19059 65.3636 1.6
      vertex 7.24724 65.4834 1.6
    endloop
  endfacet
  facet normal 0 0 -1
    outer loop
      vertex 7.9445 63.0899 1.6
      vertex 7.12248 65.25 1.6
      vertex 7.19059 65.3636 1.6
    endloop
  endfacet
  facet normal 0 0 -1
    outer loop
      vertex 7.9445 63.0899 1.6
      vertex 7.04356 65.1436 1.6
      vertex 7.12248 65.25 1.6
    endloop
  endfacet
  facet normal 0 0 -1
    outer loop
      vertex 6.51662 64.7528 1.6
      vertex 7.33939 62.7664 1.6
      vertex 7.016 62.6507 1.6
    endloop
  endfacet
  facet normal 0 0 -1
    outer loop
      vertex 7.9445 63.0899 1.6
      vertex 6.95459 65.0454 1.6
      vertex 7.04356 65.1436 1.6
    endloop
  endfacet
  facet normal 0 0 -1
    outer loop
      vertex 7.9445 63.0899 1.6
      vertex 6.85643 64.9564 1.6
      vertex 6.95459 65.0454 1.6
    endloop
  endfacet
  facet normal 0 0 -1
    outer loop
      vertex 7.9445 63.0899 1.6
      vertex 6.75002 64.8775 1.6
      vertex 6.85643 64.9564 1.6
    endloop
  endfacet
  facet normal 0 0 -1
    outer loop
      vertex 6.39188 64.7081 1.6
      vertex 7.016 62.6507 1.6
      vertex 6.68282 62.5673 1.6
    endloop
  endfacet
  facet normal 0 0 -1
    outer loop
      vertex 7.64989 62.9133 1.6
      vertex 6.63638 64.8094 1.6
      vertex 6.75002 64.8775 1.6
    endloop
  endfacet
  facet normal 0 0 -1
    outer loop
      vertex 7.33939 62.7664 1.6
      vertex 6.51662 64.7528 1.6
      vertex 6.63638 64.8094 1.6
    endloop
  endfacet
  facet normal 0 0 -1
    outer loop
      vertex 7.016 62.6507 1.6
      vertex 6.39188 64.7081 1.6
      vertex 6.51662 64.7528 1.6
    endloop
  endfacet
  facet normal 0 0 -1
    outer loop
      vertex 6.26337 64.6759 1.6
      vertex 6.68282 62.5673 1.6
      vertex 6.34306 62.5169 1.6
    endloop
  endfacet
  facet normal 0 0 -1
    outer loop
      vertex 6.68282 62.5673 1.6
      vertex 6.26337 64.6759 1.6
      vertex 6.39188 64.7081 1.6
    endloop
  endfacet
  facet normal 0 0 -1
    outer loop
      vertex 6.34306 62.5169 1.6
      vertex 6.13232 64.6565 1.6
      vertex 6.26337 64.6759 1.6
    endloop
  endfacet
  facet normal 0 0 -1
    outer loop
      vertex 6 62.5 1.6
      vertex 6.13232 64.6565 1.6
      vertex 6.34306 62.5169 1.6
    endloop
  endfacet
  facet normal 0 0 -1
    outer loop
      vertex 6 62.5 1.6
      vertex 6 64.65 1.6
      vertex 6.13232 64.6565 1.6
    endloop
  endfacet
  facet normal 0 0 -1
    outer loop
      vertex 6 62.5 1.6
      vertex 5.86768 64.6565 1.6
      vertex 6 64.65 1.6
    endloop
  endfacet
  facet normal 0 0 -1
    outer loop
      vertex 5.65694 62.5169 1.6
      vertex 5.86768 64.6565 1.6
      vertex 6 62.5 1.6
    endloop
  endfacet
  facet normal -0 0 -1
    outer loop
      vertex 5.86768 64.6565 1.6
      vertex 5.65694 62.5169 1.6
      vertex 5.73663 64.6759 1.6
    endloop
  endfacet
  facet normal 0 0 -1
    outer loop
      vertex 5.31718 62.5673 1.6
      vertex 5.73663 64.6759 1.6
      vertex 5.65694 62.5169 1.6
    endloop
  endfacet
  facet normal -0 0 -1
    outer loop
      vertex 5.73663 64.6759 1.6
      vertex 5.31718 62.5673 1.6
      vertex 5.60812 64.7081 1.6
    endloop
  endfacet
  facet normal 0 0 -1
    outer loop
      vertex 4.984 62.6507 1.6
      vertex 5.60812 64.7081 1.6
      vertex 5.31718 62.5673 1.6
    endloop
  endfacet
  facet normal -0 0 -1
    outer loop
      vertex 5.60812 64.7081 1.6
      vertex 4.984 62.6507 1.6
      vertex 5.48338 64.7528 1.6
    endloop
  endfacet
  facet normal 0 0 -1
    outer loop
      vertex 4.66061 62.7664 1.6
      vertex 5.48338 64.7528 1.6
      vertex 4.984 62.6507 1.6
    endloop
  endfacet
  facet normal -0 0 -1
    outer loop
      vertex 5.48338 64.7528 1.6
      vertex 4.66061 62.7664 1.6
      vertex 5.36361 64.8094 1.6
    endloop
  endfacet
  facet normal 0 0 -1
    outer loop
      vertex 4.35011 62.9133 1.6
      vertex 5.36361 64.8094 1.6
      vertex 4.66061 62.7664 1.6
    endloop
  endfacet
  facet normal 0 0 -1
    outer loop
      vertex 4.20542 63 1.6
      vertex 5.36361 64.8094 1.6
      vertex 4.35011 62.9133 1.6
    endloop
  endfacet
  facet normal -0 0 -1
    outer loop
      vertex 5.36361 64.8094 1.6
      vertex 4.20542 63 1.6
      vertex 5.24998 64.8775 1.6
    endloop
  endfacet
  facet normal -0 0 -1
    outer loop
      vertex 5.24998 64.8775 1.6
      vertex 4.20542 63 1.6
      vertex 5.14357 64.9564 1.6
    endloop
  endfacet
  facet normal -0 0 -1
    outer loop
      vertex 5.14357 64.9564 1.6
      vertex 4.20542 63 1.6
      vertex 5.04541 65.0454 1.6
    endloop
  endfacet
  facet normal -0 0 -1
    outer loop
      vertex 5.04541 65.0454 1.6
      vertex 4.20542 63 1.6
      vertex 4.95644 65.1436 1.6
    endloop
  endfacet
  facet normal -0 0 -1
    outer loop
      vertex 4.95644 65.1436 1.6
      vertex 4.20542 63 1.6
      vertex 4.87752 65.25 1.6
    endloop
  endfacet
  facet normal -0 0 -1
    outer loop
      vertex 4.87752 65.25 1.6
      vertex 4.20542 63 1.6
      vertex 4.80941 65.3636 1.6
    endloop
  endfacet
  facet normal 0 0 -1
    outer loop
      vertex 2 63 1.6
      vertex 4.80941 65.3636 1.6
      vertex 4.20542 63 1.6
    endloop
  endfacet
  facet normal -0 0 -1
    outer loop
      vertex 4.80941 65.3636 1.6
      vertex 2 63 1.6
      vertex 4.75276 65.4834 1.6
    endloop
  endfacet
  facet normal -0 0 -1
    outer loop
      vertex 4.75276 65.4834 1.6
      vertex 2 63 1.6
      vertex 4.70813 65.6081 1.6
    endloop
  endfacet
  facet normal -0 0 -1
    outer loop
      vertex 4.70813 65.6081 1.6
      vertex 2 63 1.6
      vertex 4.67594 65.7366 1.6
    endloop
  endfacet
  facet normal 0 0 -1
    outer loop
      vertex 7.35 66 1.6
      vertex 9.5 66 1.6
      vertex 9.48315 65.6569 1.6
    endloop
  endfacet
  facet normal 0 0 -1
    outer loop
      vertex 7.3435 65.8677 1.6
      vertex 9.48315 65.6569 1.6
      vertex 9.43275 65.3172 1.6
    endloop
  endfacet
  facet normal 0 0 -1
    outer loop
      vertex 9.5 66 1.6
      vertex 7.35 66 1.6
      vertex 9.48315 66.3431 1.6
    endloop
  endfacet
  facet normal 0 0 -1
    outer loop
      vertex 7.3435 65.8677 1.6
      vertex 9.43275 65.3172 1.6
      vertex 9.34929 64.984 1.6
    endloop
  endfacet
  facet normal 0 0 -1
    outer loop
      vertex 7.3435 66.1323 1.6
      vertex 9.48315 66.3431 1.6
      vertex 7.35 66 1.6
    endloop
  endfacet
  facet normal 0 0 -1
    outer loop
      vertex 7.3435 65.8677 1.6
      vertex 9.34929 64.984 1.6
      vertex 9.23358 64.6606 1.6
    endloop
  endfacet
  facet normal -0 0 -1
    outer loop
      vertex 9.48315 66.3431 1.6
      vertex 7.3435 66.1323 1.6
      vertex 9.43275 66.6828 1.6
    endloop
  endfacet
  facet normal 0 0 -1
    outer loop
      vertex 7.3435 65.8677 1.6
      vertex 9.23358 64.6606 1.6
      vertex 9.08672 64.3501 1.6
    endloop
  endfacet
  facet normal 0 0 -1
    outer loop
      vertex 7.32406 66.2634 1.6
      vertex 9.43275 66.6828 1.6
      vertex 7.3435 66.1323 1.6
    endloop
  endfacet
  facet normal -0 0 -1
    outer loop
      vertex 9.43275 66.6828 1.6
      vertex 7.32406 66.2634 1.6
      vertex 9.34929 67.016 1.6
    endloop
  endfacet
  facet normal 0 0 -1
    outer loop
      vertex 7.3435 65.8677 1.6
      vertex 9.08672 64.3501 1.6
      vertex 8.91014 64.0555 1.6
    endloop
  endfacet
  facet normal 0 0 -1
    outer loop
      vertex 7.29187 66.3919 1.6
      vertex 9.34929 67.016 1.6
      vertex 7.32406 66.2634 1.6
    endloop
  endfacet
  facet normal 0 0 -1
    outer loop
      vertex 7.3435 65.8677 1.6
      vertex 8.91014 64.0555 1.6
      vertex 8.70554 63.7796 1.6
    endloop
  endfacet
  facet normal 0 0 -1
    outer loop
      vertex 7.3435 65.8677 1.6
      vertex 8.70554 63.7796 1.6
      vertex 8.47487 63.5251 1.6
    endloop
  endfacet
  facet normal 0 0 -1
    outer loop
      vertex 7.3435 65.8677 1.6
      vertex 8.47487 63.5251 1.6
      vertex 8.22038 63.2945 1.6
    endloop
  endfacet
  facet normal 0 0 -1
    outer loop
      vertex 7.3435 65.8677 1.6
      vertex 8.22038 63.2945 1.6
      vertex 7.9445 63.0899 1.6
    endloop
  endfacet
  facet normal 0 0 -1
    outer loop
      vertex 6.75002 64.8775 1.6
      vertex 7.9445 63.0899 1.6
      vertex 7.64989 62.9133 1.6
    endloop
  endfacet
  facet normal -0 0 -1
    outer loop
      vertex 9.34929 67.016 1.6
      vertex 7.29187 66.3919 1.6
      vertex 9.23358 67.3394 1.6
    endloop
  endfacet
  facet normal 0 0 -1
    outer loop
      vertex 7.24724 66.5166 1.6
      vertex 9.23358 67.3394 1.6
      vertex 7.29187 66.3919 1.6
    endloop
  endfacet
  facet normal -0 0 -1
    outer loop
      vertex 9.23358 67.3394 1.6
      vertex 7.24724 66.5166 1.6
      vertex 9.08672 67.6499 1.6
    endloop
  endfacet
  facet normal 0 0 -1
    outer loop
      vertex 7.19059 66.6364 1.6
      vertex 9.08672 67.6499 1.6
      vertex 7.24724 66.5166 1.6
    endloop
  endfacet
  facet normal -0 0 -1
    outer loop
      vertex 9.08672 67.6499 1.6
      vertex 7.19059 66.6364 1.6
      vertex 9 67.7946 1.6
    endloop
  endfacet
  facet normal 0 0 -1
    outer loop
      vertex 7.12248 66.75 1.6
      vertex 9 67.7946 1.6
      vertex 7.19059 66.6364 1.6
    endloop
  endfacet
  facet normal 0 0 -1
    outer loop
      vertex 7.04356 66.8564 1.6
      vertex 9 67.7946 1.6
      vertex 7.12248 66.75 1.6
    endloop
  endfacet
  facet normal 0 0 -1
    outer loop
      vertex 6.95459 66.9546 1.6
      vertex 9 67.7946 1.6
      vertex 7.04356 66.8564 1.6
    endloop
  endfacet
  facet normal 0 0 -1
    outer loop
      vertex 6.85643 67.0436 1.6
      vertex 9 67.7946 1.6
      vertex 6.95459 66.9546 1.6
    endloop
  endfacet
  facet normal 0 0 -1
    outer loop
      vertex 6.75002 67.1225 1.6
      vertex 9 67.7946 1.6
      vertex 6.85643 67.0436 1.6
    endloop
  endfacet
  facet normal 0 0 -1
    outer loop
      vertex 6.63638 67.1906 1.6
      vertex 9 67.7946 1.6
      vertex 6.75002 67.1225 1.6
    endloop
  endfacet
  facet normal -0 0 -1
    outer loop
      vertex 9 67.7946 1.6
      vertex 6.63638 67.1906 1.6
      vertex 9 70 1.6
    endloop
  endfacet
  facet normal 0 0 -1
    outer loop
      vertex 6.51662 67.2472 1.6
      vertex 9 70 1.6
      vertex 6.63638 67.1906 1.6
    endloop
  endfacet
  facet normal 0 0 -1
    outer loop
      vertex 6.39188 67.2919 1.6
      vertex 9 70 1.6
      vertex 6.51662 67.2472 1.6
    endloop
  endfacet
  facet normal 0 0 -1
    outer loop
      vertex 6.26337 67.3241 1.6
      vertex 9 70 1.6
      vertex 6.39188 67.2919 1.6
    endloop
  endfacet
  facet normal 0 0 -1
    outer loop
      vertex 6.13232 67.3435 1.6
      vertex 9 70 1.6
      vertex 6.26337 67.3241 1.6
    endloop
  endfacet
  facet normal 0 0 -1
    outer loop
      vertex 6 67.35 1.6
      vertex 9 70 1.6
      vertex 6.13232 67.3435 1.6
    endloop
  endfacet
  facet normal 0 0 -1
    outer loop
      vertex 3 70 1.6
      vertex 6 67.35 1.6
      vertex 5.86768 67.3435 1.6
    endloop
  endfacet
  facet normal 0 0 -1
    outer loop
      vertex 3 70 1.6
      vertex 5.86768 67.3435 1.6
      vertex 5.73663 67.3241 1.6
    endloop
  endfacet
  facet normal 0 0 -1
    outer loop
      vertex 3 69 1.6
      vertex 5.73663 67.3241 1.6
      vertex 5.60812 67.2919 1.6
    endloop
  endfacet
  facet normal 0 0 -1
    outer loop
      vertex 3 69 1.6
      vertex 5.60812 67.2919 1.6
      vertex 5.48338 67.2472 1.6
    endloop
  endfacet
  facet normal 0 0 -1
    outer loop
      vertex 3 69 1.6
      vertex 5.48338 67.2472 1.6
      vertex 5.36361 67.1906 1.6
    endloop
  endfacet
  facet normal 0 0 -1
    outer loop
      vertex 3 69 1.6
      vertex 5.36361 67.1906 1.6
      vertex 5.24998 67.1225 1.6
    endloop
  endfacet
  facet normal 0 0 -1
    outer loop
      vertex 3 69 1.6
      vertex 5.24998 67.1225 1.6
      vertex 5.14357 67.0436 1.6
    endloop
  endfacet
  facet normal -0 0 -1
    outer loop
      vertex 4.67594 65.7366 1.6
      vertex 2 63 1.6
      vertex 4.6565 65.8677 1.6
    endloop
  endfacet
  facet normal 0 0 -1
    outer loop
      vertex 2 63 1.6
      vertex 4.65 66 1.6
      vertex 4.6565 65.8677 1.6
    endloop
  endfacet
  facet normal 0 0 -1
    outer loop
      vertex 4.65 66 1.6
      vertex 3 69 1.6
      vertex 4.6565 66.1323 1.6
    endloop
  endfacet
  facet normal 0 0 -1
    outer loop
      vertex 3 69 1.6
      vertex 4.67594 66.2634 1.6
      vertex 4.6565 66.1323 1.6
    endloop
  endfacet
  facet normal 0 0 -1
    outer loop
      vertex 3 69 1.6
      vertex 4.70813 66.3919 1.6
      vertex 4.67594 66.2634 1.6
    endloop
  endfacet
  facet normal 0 0 -1
    outer loop
      vertex 3 69 1.6
      vertex 4.75276 66.5166 1.6
      vertex 4.70813 66.3919 1.6
    endloop
  endfacet
  facet normal 0 0 -1
    outer loop
      vertex 3 69 1.6
      vertex 4.80941 66.6364 1.6
      vertex 4.75276 66.5166 1.6
    endloop
  endfacet
  facet normal 0 0 -1
    outer loop
      vertex 3 69 1.6
      vertex 4.87752 66.75 1.6
      vertex 4.80941 66.6364 1.6
    endloop
  endfacet
  facet normal 0 0 -1
    outer loop
      vertex 3 69 1.6
      vertex 4.95644 66.8564 1.6
      vertex 4.87752 66.75 1.6
    endloop
  endfacet
  facet normal 0 0 -1
    outer loop
      vertex 3 69 1.6
      vertex 5.04541 66.9546 1.6
      vertex 4.95644 66.8564 1.6
    endloop
  endfacet
  facet normal 0 0 -1
    outer loop
      vertex 3 69 1.6
      vertex 5.14357 67.0436 1.6
      vertex 5.04541 66.9546 1.6
    endloop
  endfacet
  facet normal 0 0 -1
    outer loop
      vertex 5.73663 67.3241 1.6
      vertex 3 69 1.6
      vertex 3 70 1.6
    endloop
  endfacet
  facet normal 0 0 -1
    outer loop
      vertex 6 67.35 1.6
      vertex 3 70 1.6
      vertex 9 70 1.6
    endloop
  endfacet
  facet normal 0.740944 -0.671566 0
    outer loop
      vertex 8.47487 63.5251 19
      vertex 8.70554 63.7796 1.6
      vertex 8.70554 63.7796 19
    endloop
  endfacet
  facet normal 0.740944 -0.671566 0
    outer loop
      vertex 8.70554 63.7796 1.6
      vertex 8.47487 63.5251 19
      vertex 8.47487 63.5251 1.6
    endloop
  endfacet
  facet normal 0 1 -0
    outer loop
      vertex 3 69 1.6
      vertex 2 69 19
      vertex 3 69 19
    endloop
  endfacet
  facet normal 0 1 0
    outer loop
      vertex 2 69 19
      vertex 3 69 1.6
      vertex 2 69 1.6
    endloop
  endfacet
  facet normal 0 -1 0
    outer loop
      vertex 2 63 1.6
      vertex 4.20542 63 19
      vertex 2 63 19
    endloop
  endfacet
  facet normal 0 -1 -0
    outer loop
      vertex 4.20542 63 19
      vertex 2 63 1.6
      vertex 4.20542 63 1.6
    endloop
  endfacet
  facet normal 1 -0 0
    outer loop
      vertex 9 67.7946 19
      vertex 9 70 1.6
      vertex 9 70 19
    endloop
  endfacet
  facet normal 1 0 0
    outer loop
      vertex 9 70 1.6
      vertex 9 67.7946 19
      vertex 9 67.7946 1.6
    endloop
  endfacet
  facet normal -1 0 0
    outer loop
      vertex 3 69 1.6
      vertex 3 70 19
      vertex 3 70 1.6
    endloop
  endfacet
  facet normal -1 -0 0
    outer loop
      vertex 3 70 19
      vertex 3 69 1.6
      vertex 3 69 19
    endloop
  endfacet
  facet normal -0.989184 -0.14668 0
    outer loop
      vertex 7.3435 66.1323 1.6
      vertex 7.32406 66.2634 19
      vertex 7.32406 66.2634 1.6
    endloop
  endfacet
  facet normal -0.989184 -0.14668 0
    outer loop
      vertex 7.32406 66.2634 19
      vertex 7.3435 66.1323 1.6
      vertex 7.3435 66.1323 19
    endloop
  endfacet
  facet normal -0.998795 -0.0490716 0
    outer loop
      vertex 7.35 66 1.6
      vertex 7.3435 66.1323 19
      vertex 7.3435 66.1323 1.6
    endloop
  endfacet
  facet normal -0.998795 -0.0490716 0
    outer loop
      vertex 7.3435 66.1323 19
      vertex 7.35 66 1.6
      vertex 7.35 66 19
    endloop
  endfacet
  facet normal -0.970027 -0.242997 0
    outer loop
      vertex 7.32406 66.2634 1.6
      vertex 7.29187 66.3919 19
      vertex 7.29187 66.3919 1.6
    endloop
  endfacet
  facet normal -0.970027 -0.242997 0
    outer loop
      vertex 7.29187 66.3919 19
      vertex 7.32406 66.2634 1.6
      vertex 7.32406 66.2634 19
    endloop
  endfacet
  facet normal 0.243051 -0.970014 0
    outer loop
      vertex 5.60812 67.2919 1.6
      vertex 5.73663 67.3241 19
      vertex 5.60812 67.2919 19
    endloop
  endfacet
  facet normal 0.243051 -0.970014 0
    outer loop
      vertex 5.73663 67.3241 19
      vertex 5.60812 67.2919 1.6
      vertex 5.73663 67.3241 1.6
    endloop
  endfacet
  facet normal 0.904022 0.427486 0
    outer loop
      vertex 4.80941 65.3636 19
      vertex 4.75276 65.4834 1.6
      vertex 4.75276 65.4834 19
    endloop
  endfacet
  facet normal 0.904022 0.427486 0
    outer loop
      vertex 4.75276 65.4834 1.6
      vertex 4.80941 65.3636 19
      vertex 4.80941 65.3636 1.6
    endloop
  endfacet
  facet normal -0.427294 0.904113 0
    outer loop
      vertex 6.63638 64.8094 1.6
      vertex 6.51662 64.7528 19
      vertex 6.63638 64.8094 19
    endloop
  endfacet
  facet normal -0.427294 0.904113 0
    outer loop
      vertex 6.51662 64.7528 19
      vertex 6.63638 64.8094 1.6
      vertex 6.51662 64.7528 1.6
    endloop
  endfacet
  facet normal 0.243051 0.970014 -0
    outer loop
      vertex 5.73663 64.6759 1.6
      vertex 5.60812 64.7081 19
      vertex 5.73663 64.6759 19
    endloop
  endfacet
  facet normal 0.243051 0.970014 0
    outer loop
      vertex 5.60812 64.7081 19
      vertex 5.73663 64.6759 1.6
      vertex 5.60812 64.7081 1.6
    endloop
  endfacet
  facet normal -0.514029 0.857773 0
    outer loop
      vertex 6.75002 64.8775 1.6
      vertex 6.63638 64.8094 19
      vertex 6.75002 64.8775 19
    endloop
  endfacet
  facet normal -0.514029 0.857773 0
    outer loop
      vertex 6.63638 64.8094 19
      vertex 6.75002 64.8775 1.6
      vertex 6.63638 64.8094 1.6
    endloop
  endfacet
  facet normal 0.33734 0.941383 -0
    outer loop
      vertex 5.60812 64.7081 1.6
      vertex 5.48338 64.7528 19
      vertex 5.60812 64.7081 19
    endloop
  endfacet
  facet normal 0.33734 0.941383 0
    outer loop
      vertex 5.48338 64.7528 19
      vertex 5.60812 64.7081 1.6
      vertex 5.48338 64.7528 1.6
    endloop
  endfacet
  facet normal -0.33734 0.941383 0
    outer loop
      vertex 6.51662 64.7528 1.6
      vertex 6.39188 64.7081 19
      vertex 6.51662 64.7528 19
    endloop
  endfacet
  facet normal -0.33734 0.941383 0
    outer loop
      vertex 6.39188 64.7081 19
      vertex 6.51662 64.7528 1.6
      vertex 6.39188 64.7081 1.6
    endloop
  endfacet
  facet normal 0.671696 -0.740827 0
    outer loop
      vertex 5.04541 66.9546 1.6
      vertex 5.14357 67.0436 19
      vertex 5.04541 66.9546 19
    endloop
  endfacet
  facet normal 0.671696 -0.740827 0
    outer loop
      vertex 5.14357 67.0436 19
      vertex 5.04541 66.9546 1.6
      vertex 5.14357 67.0436 1.6
    endloop
  endfacet
  facet normal -0.243051 0.970014 0
    outer loop
      vertex 6.39188 64.7081 1.6
      vertex 6.26337 64.6759 19
      vertex 6.39188 64.7081 19
    endloop
  endfacet
  facet normal -0.243051 0.970014 0
    outer loop
      vertex 6.26337 64.6759 19
      vertex 6.39188 64.7081 1.6
      vertex 6.26337 64.6759 1.6
    endloop
  endfacet
  facet normal 0.857659 -0.514218 0
    outer loop
      vertex 4.80941 66.6364 19
      vertex 4.87752 66.75 1.6
      vertex 4.87752 66.75 19
    endloop
  endfacet
  facet normal 0.857659 -0.514218 0
    outer loop
      vertex 4.87752 66.75 1.6
      vertex 4.80941 66.6364 19
      vertex 4.80941 66.6364 1.6
    endloop
  endfacet
  facet normal 0.989184 -0.14668 0
    outer loop
      vertex 4.6565 66.1323 19
      vertex 4.67594 66.2634 1.6
      vertex 4.67594 66.2634 19
    endloop
  endfacet
  facet normal 0.989184 -0.14668 0
    outer loop
      vertex 4.67594 66.2634 1.6
      vertex 4.6565 66.1323 19
      vertex 4.6565 66.1323 1.6
    endloop
  endfacet
  facet normal -0.904022 -0.427486 0
    outer loop
      vertex 7.24724 66.5166 1.6
      vertex 7.19059 66.6364 19
      vertex 7.19059 66.6364 1.6
    endloop
  endfacet
  facet normal -0.904022 -0.427486 0
    outer loop
      vertex 7.19059 66.6364 19
      vertex 7.24724 66.5166 1.6
      vertex 7.24724 66.5166 19
    endloop
  endfacet
  facet normal -0.803177 0.59574 0
    outer loop
      vertex 7.04356 65.1436 1.6
      vertex 7.12248 65.25 19
      vertex 7.12248 65.25 1.6
    endloop
  endfacet
  facet normal -0.803177 0.59574 0
    outer loop
      vertex 7.12248 65.25 19
      vertex 7.04356 65.1436 1.6
      vertex 7.04356 65.1436 19
    endloop
  endfacet
  facet normal 0.595607 -0.803276 0
    outer loop
      vertex 5.14357 67.0436 1.6
      vertex 5.24998 67.1225 19
      vertex 5.14357 67.0436 19
    endloop
  endfacet
  facet normal 0.595607 -0.803276 0
    outer loop
      vertex 5.24998 67.1225 19
      vertex 5.14357 67.0436 1.6
      vertex 5.24998 67.1225 1.6
    endloop
  endfacet
  facet normal -0.595607 -0.803276 0
    outer loop
      vertex 6.75002 67.1225 1.6
      vertex 6.85643 67.0436 19
      vertex 6.75002 67.1225 19
    endloop
  endfacet
  facet normal -0.595607 -0.803276 -0
    outer loop
      vertex 6.85643 67.0436 19
      vertex 6.75002 67.1225 1.6
      vertex 6.85643 67.0436 1.6
    endloop
  endfacet
  facet normal -0.146439 -0.98922 0
    outer loop
      vertex 6.13232 67.3435 1.6
      vertex 6.26337 67.3241 19
      vertex 6.13232 67.3435 19
    endloop
  endfacet
  facet normal -0.146439 -0.98922 -0
    outer loop
      vertex 6.26337 67.3241 19
      vertex 6.13232 67.3435 1.6
      vertex 6.26337 67.3241 1.6
    endloop
  endfacet
  facet normal -0.803177 -0.59574 0
    outer loop
      vertex 7.12248 66.75 1.6
      vertex 7.04356 66.8564 19
      vertex 7.04356 66.8564 1.6
    endloop
  endfacet
  facet normal -0.803177 -0.59574 0
    outer loop
      vertex 7.04356 66.8564 19
      vertex 7.12248 66.75 1.6
      vertex 7.12248 66.75 19
    endloop
  endfacet
  facet normal 0.514063 -0.857753 0
    outer loop
      vertex 5.24998 67.1225 1.6
      vertex 5.36361 67.1906 19
      vertex 5.24998 67.1225 19
    endloop
  endfacet
  facet normal 0.514063 -0.857753 0
    outer loop
      vertex 5.36361 67.1906 19
      vertex 5.24998 67.1225 1.6
      vertex 5.36361 67.1906 1.6
    endloop
  endfacet
  facet normal 0.146439 -0.98922 0
    outer loop
      vertex 5.73663 67.3241 1.6
      vertex 5.86768 67.3435 19
      vertex 5.73663 67.3241 19
    endloop
  endfacet
  facet normal 0.146439 -0.98922 0
    outer loop
      vertex 5.86768 67.3435 19
      vertex 5.73663 67.3241 1.6
      vertex 5.86768 67.3435 1.6
    endloop
  endfacet
  facet normal -0.514029 -0.857773 0
    outer loop
      vertex 6.63638 67.1906 1.6
      vertex 6.75002 67.1225 19
      vertex 6.63638 67.1906 19
    endloop
  endfacet
  facet normal -0.514029 -0.857773 -0
    outer loop
      vertex 6.75002 67.1225 19
      vertex 6.63638 67.1906 1.6
      vertex 6.75002 67.1225 1.6
    endloop
  endfacet
  facet normal -0.671696 -0.740827 0
    outer loop
      vertex 6.85643 67.0436 1.6
      vertex 6.95459 66.9546 19
      vertex 6.85643 67.0436 19
    endloop
  endfacet
  facet normal -0.671696 -0.740827 -0
    outer loop
      vertex 6.95459 66.9546 19
      vertex 6.85643 67.0436 1.6
      vertex 6.95459 66.9546 1.6
    endloop
  endfacet
  facet normal 0.941516 0.336968 0
    outer loop
      vertex 4.75276 65.4834 19
      vertex 4.70813 65.6081 1.6
      vertex 4.70813 65.6081 19
    endloop
  endfacet
  facet normal 0.941516 0.336968 0
    outer loop
      vertex 4.70813 65.6081 1.6
      vertex 4.75276 65.4834 19
      vertex 4.75276 65.4834 1.6
    endloop
  endfacet
  facet normal -0.998795 0.0490716 0
    outer loop
      vertex 7.3435 65.8677 1.6
      vertex 7.35 66 19
      vertex 7.35 66 1.6
    endloop
  endfacet
  facet normal -0.998795 0.0490716 0
    outer loop
      vertex 7.35 66 19
      vertex 7.3435 65.8677 1.6
      vertex 7.3435 65.8677 19
    endloop
  endfacet
  facet normal 0.427265 -0.904126 0
    outer loop
      vertex 5.36361 67.1906 1.6
      vertex 5.48338 67.2472 19
      vertex 5.36361 67.1906 19
    endloop
  endfacet
  facet normal 0.427265 -0.904126 0
    outer loop
      vertex 5.48338 67.2472 19
      vertex 5.36361 67.1906 1.6
      vertex 5.48338 67.2472 1.6
    endloop
  endfacet
  facet normal -0.904022 0.427486 0
    outer loop
      vertex 7.19059 65.3636 1.6
      vertex 7.24724 65.4834 19
      vertex 7.24724 65.4834 1.6
    endloop
  endfacet
  facet normal -0.904022 0.427486 0
    outer loop
      vertex 7.24724 65.4834 19
      vertex 7.19059 65.3636 1.6
      vertex 7.19059 65.3636 19
    endloop
  endfacet
  facet normal 0.595607 0.803276 -0
    outer loop
      vertex 5.24998 64.8775 1.6
      vertex 5.14357 64.9564 19
      vertex 5.24998 64.8775 19
    endloop
  endfacet
  facet normal 0.595607 0.803276 0
    outer loop
      vertex 5.14357 64.9564 19
      vertex 5.24998 64.8775 1.6
      vertex 5.14357 64.9564 1.6
    endloop
  endfacet
  facet normal 0.803177 -0.59574 0
    outer loop
      vertex 4.87752 66.75 19
      vertex 4.95644 66.8564 1.6
      vertex 4.95644 66.8564 19
    endloop
  endfacet
  facet normal 0.803177 -0.59574 0
    outer loop
      vertex 4.95644 66.8564 1.6
      vertex 4.87752 66.75 19
      vertex 4.87752 66.75 1.6
    endloop
  endfacet
  facet normal 0.941516 -0.336968 0
    outer loop
      vertex 4.70813 66.3919 19
      vertex 4.75276 66.5166 1.6
      vertex 4.75276 66.5166 19
    endloop
  endfacet
  facet normal 0.941516 -0.336968 0
    outer loop
      vertex 4.75276 66.5166 1.6
      vertex 4.70813 66.3919 19
      vertex 4.70813 66.3919 1.6
    endloop
  endfacet
  facet normal -0.857659 -0.514218 0
    outer loop
      vertex 7.19059 66.6364 1.6
      vertex 7.12248 66.75 19
      vertex 7.12248 66.75 1.6
    endloop
  endfacet
  facet normal -0.857659 -0.514218 0
    outer loop
      vertex 7.12248 66.75 19
      vertex 7.19059 66.6364 1.6
      vertex 7.19059 66.6364 19
    endloop
  endfacet
  facet normal -0.941516 -0.336968 0
    outer loop
      vertex 7.29187 66.3919 1.6
      vertex 7.24724 66.5166 19
      vertex 7.24724 66.5166 1.6
    endloop
  endfacet
  facet normal -0.941516 -0.336968 0
    outer loop
      vertex 7.24724 66.5166 19
      vertex 7.29187 66.3919 1.6
      vertex 7.29187 66.3919 19
    endloop
  endfacet
  facet normal 0.671696 0.740827 -0
    outer loop
      vertex 5.14357 64.9564 1.6
      vertex 5.04541 65.0454 19
      vertex 5.14357 64.9564 19
    endloop
  endfacet
  facet normal 0.671696 0.740827 0
    outer loop
      vertex 5.04541 65.0454 19
      vertex 5.14357 64.9564 1.6
      vertex 5.04541 65.0454 1.6
    endloop
  endfacet
  facet normal -0.970027 0.242997 0
    outer loop
      vertex 7.29187 65.6081 1.6
      vertex 7.32406 65.7366 19
      vertex 7.32406 65.7366 1.6
    endloop
  endfacet
  facet normal -0.970027 0.242997 0
    outer loop
      vertex 7.32406 65.7366 19
      vertex 7.29187 65.6081 1.6
      vertex 7.29187 65.6081 19
    endloop
  endfacet
  facet normal -0.989184 0.14668 0
    outer loop
      vertex 7.32406 65.7366 1.6
      vertex 7.3435 65.8677 19
      vertex 7.3435 65.8677 1.6
    endloop
  endfacet
  facet normal -0.989184 0.14668 0
    outer loop
      vertex 7.3435 65.8677 19
      vertex 7.32406 65.7366 1.6
      vertex 7.32406 65.7366 19
    endloop
  endfacet
  facet normal 0.514063 0.857753 -0
    outer loop
      vertex 5.36361 64.8094 1.6
      vertex 5.24998 64.8775 19
      vertex 5.36361 64.8094 19
    endloop
  endfacet
  facet normal 0.514063 0.857753 0
    outer loop
      vertex 5.24998 64.8775 19
      vertex 5.36361 64.8094 1.6
      vertex 5.24998 64.8775 1.6
    endloop
  endfacet
  facet normal -0.33734 -0.941383 0
    outer loop
      vertex 6.39188 67.2919 1.6
      vertex 6.51662 67.2472 19
      vertex 6.39188 67.2919 19
    endloop
  endfacet
  facet normal -0.33734 -0.941383 -0
    outer loop
      vertex 6.51662 67.2472 19
      vertex 6.39188 67.2919 1.6
      vertex 6.51662 67.2472 1.6
    endloop
  endfacet
  facet normal 0.33734 -0.941383 0
    outer loop
      vertex 5.48338 67.2472 1.6
      vertex 5.60812 67.2919 19
      vertex 5.48338 67.2472 19
    endloop
  endfacet
  facet normal 0.33734 -0.941383 0
    outer loop
      vertex 5.60812 67.2919 19
      vertex 5.48338 67.2472 1.6
      vertex 5.60812 67.2919 1.6
    endloop
  endfacet
  facet normal -0.146439 0.98922 0
    outer loop
      vertex 6.26337 64.6759 1.6
      vertex 6.13232 64.6565 19
      vertex 6.26337 64.6759 19
    endloop
  endfacet
  facet normal -0.146439 0.98922 0
    outer loop
      vertex 6.13232 64.6565 19
      vertex 6.26337 64.6759 1.6
      vertex 6.13232 64.6565 1.6
    endloop
  endfacet
  facet normal -0.857659 0.514218 0
    outer loop
      vertex 7.12248 65.25 1.6
      vertex 7.19059 65.3636 19
      vertex 7.19059 65.3636 1.6
    endloop
  endfacet
  facet normal -0.857659 0.514218 0
    outer loop
      vertex 7.19059 65.3636 19
      vertex 7.12248 65.25 1.6
      vertex 7.12248 65.25 19
    endloop
  endfacet
  facet normal 0.0490642 -0.998796 0
    outer loop
      vertex 5.86768 67.3435 1.6
      vertex 6 67.35 19
      vertex 5.86768 67.3435 19
    endloop
  endfacet
  facet normal 0.0490642 -0.998796 0
    outer loop
      vertex 6 67.35 19
      vertex 5.86768 67.3435 1.6
      vertex 6 67.35 1.6
    endloop
  endfacet
  facet normal 0.998795 0.0490716 0
    outer loop
      vertex 4.6565 65.8677 19
      vertex 4.65 66 1.6
      vertex 4.65 66 19
    endloop
  endfacet
  facet normal 0.998795 0.0490716 0
    outer loop
      vertex 4.65 66 1.6
      vertex 4.6565 65.8677 19
      vertex 4.6565 65.8677 1.6
    endloop
  endfacet
  facet normal -0.941516 0.336968 0
    outer loop
      vertex 7.24724 65.4834 1.6
      vertex 7.29187 65.6081 19
      vertex 7.29187 65.6081 1.6
    endloop
  endfacet
  facet normal -0.941516 0.336968 0
    outer loop
      vertex 7.29187 65.6081 19
      vertex 7.24724 65.4834 1.6
      vertex 7.24724 65.4834 19
    endloop
  endfacet
  facet normal -0.427294 -0.904113 0
    outer loop
      vertex 6.51662 67.2472 1.6
      vertex 6.63638 67.1906 19
      vertex 6.51662 67.2472 19
    endloop
  endfacet
  facet normal -0.427294 -0.904113 -0
    outer loop
      vertex 6.63638 67.1906 19
      vertex 6.51662 67.2472 1.6
      vertex 6.63638 67.1906 1.6
    endloop
  endfacet
  facet normal -0.741076 -0.671421 0
    outer loop
      vertex 7.04356 66.8564 1.6
      vertex 6.95459 66.9546 19
      vertex 6.95459 66.9546 1.6
    endloop
  endfacet
  facet normal -0.741076 -0.671421 0
    outer loop
      vertex 6.95459 66.9546 19
      vertex 7.04356 66.8564 1.6
      vertex 7.04356 66.8564 19
    endloop
  endfacet
  facet normal -0.0490642 -0.998796 0
    outer loop
      vertex 6 67.35 1.6
      vertex 6.13232 67.3435 19
      vertex 6 67.35 19
    endloop
  endfacet
  facet normal -0.0490642 -0.998796 -0
    outer loop
      vertex 6.13232 67.3435 19
      vertex 6 67.35 1.6
      vertex 6.13232 67.3435 1.6
    endloop
  endfacet
  facet normal 0.857659 0.514218 0
    outer loop
      vertex 4.87752 65.25 19
      vertex 4.80941 65.3636 1.6
      vertex 4.80941 65.3636 19
    endloop
  endfacet
  facet normal 0.857659 0.514218 0
    outer loop
      vertex 4.80941 65.3636 1.6
      vertex 4.87752 65.25 19
      vertex 4.87752 65.25 1.6
    endloop
  endfacet
  facet normal 0.146439 0.98922 -0
    outer loop
      vertex 5.86768 64.6565 1.6
      vertex 5.73663 64.6759 19
      vertex 5.86768 64.6565 19
    endloop
  endfacet
  facet normal 0.146439 0.98922 0
    outer loop
      vertex 5.73663 64.6759 19
      vertex 5.86768 64.6565 1.6
      vertex 5.73663 64.6759 1.6
    endloop
  endfacet
  facet normal -0.671696 0.740827 0
    outer loop
      vertex 6.95459 65.0454 1.6
      vertex 6.85643 64.9564 19
      vertex 6.95459 65.0454 19
    endloop
  endfacet
  facet normal -0.671696 0.740827 0
    outer loop
      vertex 6.85643 64.9564 19
      vertex 6.95459 65.0454 1.6
      vertex 6.85643 64.9564 1.6
    endloop
  endfacet
  facet normal 0.0490642 0.998796 -0
    outer loop
      vertex 6 64.65 1.6
      vertex 5.86768 64.6565 19
      vertex 6 64.65 19
    endloop
  endfacet
  facet normal 0.0490642 0.998796 0
    outer loop
      vertex 5.86768 64.6565 19
      vertex 6 64.65 1.6
      vertex 5.86768 64.6565 1.6
    endloop
  endfacet
  facet normal 0.741076 -0.671421 0
    outer loop
      vertex 4.95644 66.8564 19
      vertex 5.04541 66.9546 1.6
      vertex 5.04541 66.9546 19
    endloop
  endfacet
  facet normal 0.741076 -0.671421 0
    outer loop
      vertex 5.04541 66.9546 1.6
      vertex 4.95644 66.8564 19
      vertex 4.95644 66.8564 1.6
    endloop
  endfacet
  facet normal 0.904022 -0.427486 0
    outer loop
      vertex 4.75276 66.5166 19
      vertex 4.80941 66.6364 1.6
      vertex 4.80941 66.6364 19
    endloop
  endfacet
  facet normal 0.904022 -0.427486 0
    outer loop
      vertex 4.80941 66.6364 1.6
      vertex 4.75276 66.5166 19
      vertex 4.75276 66.5166 1.6
    endloop
  endfacet
  facet normal 0.970027 -0.242997 0
    outer loop
      vertex 4.67594 66.2634 19
      vertex 4.70813 66.3919 1.6
      vertex 4.70813 66.3919 19
    endloop
  endfacet
  facet normal 0.970027 -0.242997 0
    outer loop
      vertex 4.70813 66.3919 1.6
      vertex 4.67594 66.2634 19
      vertex 4.67594 66.2634 1.6
    endloop
  endfacet
  facet normal -0.243051 -0.970014 0
    outer loop
      vertex 6.26337 67.3241 1.6
      vertex 6.39188 67.2919 19
      vertex 6.26337 67.3241 19
    endloop
  endfacet
  facet normal -0.243051 -0.970014 -0
    outer loop
      vertex 6.39188 67.2919 19
      vertex 6.26337 67.3241 1.6
      vertex 6.39188 67.2919 1.6
    endloop
  endfacet
  facet normal 0.970027 0.242997 0
    outer loop
      vertex 4.70813 65.6081 19
      vertex 4.67594 65.7366 1.6
      vertex 4.67594 65.7366 19
    endloop
  endfacet
  facet normal 0.970027 0.242997 0
    outer loop
      vertex 4.67594 65.7366 1.6
      vertex 4.70813 65.6081 19
      vertex 4.70813 65.6081 1.6
    endloop
  endfacet
  facet normal 0.427265 0.904126 -0
    outer loop
      vertex 5.48338 64.7528 1.6
      vertex 5.36361 64.8094 19
      vertex 5.48338 64.7528 19
    endloop
  endfacet
  facet normal 0.427265 0.904126 0
    outer loop
      vertex 5.36361 64.8094 19
      vertex 5.48338 64.7528 1.6
      vertex 5.36361 64.8094 1.6
    endloop
  endfacet
  facet normal 0.741076 0.671421 0
    outer loop
      vertex 5.04541 65.0454 19
      vertex 4.95644 65.1436 1.6
      vertex 4.95644 65.1436 19
    endloop
  endfacet
  facet normal 0.741076 0.671421 0
    outer loop
      vertex 4.95644 65.1436 1.6
      vertex 5.04541 65.0454 19
      vertex 5.04541 65.0454 1.6
    endloop
  endfacet
  facet normal -0.0490642 0.998796 0
    outer loop
      vertex 6.13232 64.6565 1.6
      vertex 6 64.65 19
      vertex 6.13232 64.6565 19
    endloop
  endfacet
  facet normal -0.0490642 0.998796 0
    outer loop
      vertex 6 64.65 19
      vertex 6.13232 64.6565 1.6
      vertex 6 64.65 1.6
    endloop
  endfacet
  facet normal 0.989184 0.14668 0
    outer loop
      vertex 4.67594 65.7366 19
      vertex 4.6565 65.8677 1.6
      vertex 4.6565 65.8677 19
    endloop
  endfacet
  facet normal 0.989184 0.14668 0
    outer loop
      vertex 4.6565 65.8677 1.6
      vertex 4.67594 65.7366 19
      vertex 4.67594 65.7366 1.6
    endloop
  endfacet
  facet normal -0.595607 0.803276 0
    outer loop
      vertex 6.85643 64.9564 1.6
      vertex 6.75002 64.8775 19
      vertex 6.85643 64.9564 19
    endloop
  endfacet
  facet normal -0.595607 0.803276 0
    outer loop
      vertex 6.75002 64.8775 19
      vertex 6.85643 64.9564 1.6
      vertex 6.75002 64.8775 1.6
    endloop
  endfacet
  facet normal 0.803177 0.59574 0
    outer loop
      vertex 4.95644 65.1436 19
      vertex 4.87752 65.25 1.6
      vertex 4.87752 65.25 19
    endloop
  endfacet
  facet normal 0.803177 0.59574 0
    outer loop
      vertex 4.87752 65.25 1.6
      vertex 4.95644 65.1436 19
      vertex 4.95644 65.1436 1.6
    endloop
  endfacet
  facet normal 0.998795 -0.0490716 0
    outer loop
      vertex 4.65 66 19
      vertex 4.6565 66.1323 1.6
      vertex 4.6565 66.1323 19
    endloop
  endfacet
  facet normal 0.998795 -0.0490716 0
    outer loop
      vertex 4.6565 66.1323 1.6
      vertex 4.65 66 19
      vertex 4.65 66 1.6
    endloop
  endfacet
  facet normal -0.741076 0.671421 0
    outer loop
      vertex 6.95459 65.0454 1.6
      vertex 7.04356 65.1436 19
      vertex 7.04356 65.1436 1.6
    endloop
  endfacet
  facet normal -0.741076 0.671421 0
    outer loop
      vertex 7.04356 65.1436 19
      vertex 6.95459 65.0454 1.6
      vertex 6.95459 65.0454 19
    endloop
  endfacet
  facet normal -0.336853 -0.941557 0
    outer loop
      vertex 82.6606 62.7664 1.6
      vertex 82.984 62.6507 19
      vertex 82.6606 62.7664 19
    endloop
  endfacet
  facet normal -0.336853 -0.941557 -0
    outer loop
      vertex 82.984 62.6507 19
      vertex 82.6606 62.7664 1.6
      vertex 82.984 62.6507 1.6
    endloop
  endfacet
  facet normal -0.989172 0.14676 0
    outer loop
      vertex 80.5169 66.3431 1.6
      vertex 80.5673 66.6828 19
      vertex 80.5673 66.6828 1.6
    endloop
  endfacet
  facet normal -0.989172 0.14676 0
    outer loop
      vertex 80.5673 66.6828 19
      vertex 80.5169 66.3431 1.6
      vertex 80.5169 66.3431 19
    endloop
  endfacet
  facet normal -0.24281 -0.970074 0
    outer loop
      vertex 82.984 62.6507 1.6
      vertex 83.3172 62.5673 19
      vertex 82.984 62.6507 19
    endloop
  endfacet
  facet normal -0.24281 -0.970074 -0
    outer loop
      vertex 83.3172 62.5673 19
      vertex 82.984 62.6507 1.6
      vertex 83.3172 62.5673 1.6
    endloop
  endfacet
  facet normal -0.903939 -0.427661 0
    outer loop
      vertex 80.9133 64.3501 1.6
      vertex 80.7664 64.6606 19
      vertex 80.7664 64.6606 1.6
    endloop
  endfacet
  facet normal -0.903939 -0.427661 0
    outer loop
      vertex 80.7664 64.6606 19
      vertex 80.9133 64.3501 1.6
      vertex 80.9133 64.3501 19
    endloop
  endfacet
  facet normal -0.857698 -0.514153 0
    outer loop
      vertex 81.0899 64.0555 1.6
      vertex 80.9133 64.3501 19
      vertex 80.9133 64.3501 1.6
    endloop
  endfacet
  facet normal -0.857698 -0.514153 0
    outer loop
      vertex 80.9133 64.3501 19
      vertex 81.0899 64.0555 1.6
      vertex 81.0899 64.0555 19
    endloop
  endfacet
  facet normal 0.24281 -0.970074 0
    outer loop
      vertex 84.6828 62.5673 1.6
      vertex 85.016 62.6507 19
      vertex 84.6828 62.5673 19
    endloop
  endfacet
  facet normal 0.24281 -0.970074 0
    outer loop
      vertex 85.016 62.6507 19
      vertex 84.6828 62.5673 1.6
      vertex 85.016 62.6507 1.6
    endloop
  endfacet
  facet normal -0.595659 -0.803237 0
    outer loop
      vertex 81.7796 63.2945 1.6
      vertex 82.0555 63.0899 19
      vertex 81.7796 63.2945 19
    endloop
  endfacet
  facet normal -0.595659 -0.803237 -0
    outer loop
      vertex 82.0555 63.0899 19
      vertex 81.7796 63.2945 1.6
      vertex 82.0555 63.0899 1.6
    endloop
  endfacet
  facet normal 0.513973 -0.857807 0
    outer loop
      vertex 85.6499 62.9133 1.6
      vertex 85.7946 63 19
      vertex 85.6499 62.9133 19
    endloop
  endfacet
  facet normal 0.513973 -0.857807 0
    outer loop
      vertex 85.7946 63 19
      vertex 85.6499 62.9133 1.6
      vertex 85.7946 63 1.6
    endloop
  endfacet
  facet normal -0.941557 0.336853 0
    outer loop
      vertex 80.6507 67.016 1.6
      vertex 80.7664 67.3394 19
      vertex 80.7664 67.3394 1.6
    endloop
  endfacet
  facet normal -0.941557 0.336853 0
    outer loop
      vertex 80.7664 67.3394 19
      vertex 80.6507 67.016 1.6
      vertex 80.6507 67.016 19
    endloop
  endfacet
  facet normal -0.941557 -0.336853 0
    outer loop
      vertex 80.7664 64.6606 1.6
      vertex 80.6507 64.984 19
      vertex 80.6507 64.984 1.6
    endloop
  endfacet
  facet normal -0.941557 -0.336853 0
    outer loop
      vertex 80.6507 64.984 19
      vertex 80.7664 64.6606 1.6
      vertex 80.7664 64.6606 19
    endloop
  endfacet
  facet normal 0.336853 -0.941557 0
    outer loop
      vertex 85.016 62.6507 1.6
      vertex 85.3394 62.7664 19
      vertex 85.016 62.6507 19
    endloop
  endfacet
  facet normal 0.336853 -0.941557 0
    outer loop
      vertex 85.3394 62.7664 19
      vertex 85.016 62.6507 1.6
      vertex 85.3394 62.7664 1.6
    endloop
  endfacet
  facet normal -0.857807 0.513973 0
    outer loop
      vertex 80.9133 67.6499 1.6
      vertex 81 67.7946 19
      vertex 81 67.7946 1.6
    endloop
  endfacet
  facet normal -0.857807 0.513973 0
    outer loop
      vertex 81 67.7946 19
      vertex 80.9133 67.6499 1.6
      vertex 80.9133 67.6499 19
    endloop
  endfacet
  facet normal -0.671454 -0.741046 0
    outer loop
      vertex 81.5251 63.5251 1.6
      vertex 81.7796 63.2945 19
      vertex 81.5251 63.5251 19
    endloop
  endfacet
  facet normal -0.671454 -0.741046 -0
    outer loop
      vertex 81.7796 63.2945 19
      vertex 81.5251 63.5251 1.6
      vertex 81.7796 63.2945 1.6
    endloop
  endfacet
  facet normal -0.514153 -0.857698 0
    outer loop
      vertex 82.0555 63.0899 1.6
      vertex 82.3501 62.9133 19
      vertex 82.0555 63.0899 19
    endloop
  endfacet
  facet normal -0.514153 -0.857698 -0
    outer loop
      vertex 82.3501 62.9133 19
      vertex 82.0555 63.0899 1.6
      vertex 82.3501 62.9133 1.6
    endloop
  endfacet
  facet normal 0.14676 -0.989172 0
    outer loop
      vertex 84.3431 62.5169 1.6
      vertex 84.6828 62.5673 19
      vertex 84.3431 62.5169 19
    endloop
  endfacet
  facet normal 0.14676 -0.989172 0
    outer loop
      vertex 84.6828 62.5673 19
      vertex 84.3431 62.5169 1.6
      vertex 84.6828 62.5673 1.6
    endloop
  endfacet
  facet normal -0.998789 -0.0491971 0
    outer loop
      vertex 80.5169 65.6569 1.6
      vertex 80.5 66 19
      vertex 80.5 66 1.6
    endloop
  endfacet
  facet normal -0.998789 -0.0491971 0
    outer loop
      vertex 80.5 66 19
      vertex 80.5169 65.6569 1.6
      vertex 80.5169 65.6569 19
    endloop
  endfacet
  facet normal -0.14676 -0.989172 0
    outer loop
      vertex 83.3172 62.5673 1.6
      vertex 83.6569 62.5169 19
      vertex 83.3172 62.5673 19
    endloop
  endfacet
  facet normal -0.14676 -0.989172 -0
    outer loop
      vertex 83.6569 62.5169 19
      vertex 83.3172 62.5673 1.6
      vertex 83.6569 62.5169 1.6
    endloop
  endfacet
  facet normal -0.0491971 -0.998789 0
    outer loop
      vertex 83.6569 62.5169 1.6
      vertex 84 62.5 19
      vertex 83.6569 62.5169 19
    endloop
  endfacet
  facet normal -0.0491971 -0.998789 -0
    outer loop
      vertex 84 62.5 19
      vertex 83.6569 62.5169 1.6
      vertex 84 62.5 1.6
    endloop
  endfacet
  facet normal -0.903939 0.427661 0
    outer loop
      vertex 80.7664 67.3394 1.6
      vertex 80.9133 67.6499 19
      vertex 80.9133 67.6499 1.6
    endloop
  endfacet
  facet normal -0.903939 0.427661 0
    outer loop
      vertex 80.9133 67.6499 19
      vertex 80.7664 67.3394 1.6
      vertex 80.7664 67.3394 19
    endloop
  endfacet
  facet normal -0.970074 0.24281 0
    outer loop
      vertex 80.5673 66.6828 1.6
      vertex 80.6507 67.016 19
      vertex 80.6507 67.016 1.6
    endloop
  endfacet
  facet normal -0.970074 0.24281 0
    outer loop
      vertex 80.6507 67.016 19
      vertex 80.5673 66.6828 1.6
      vertex 80.5673 66.6828 19
    endloop
  endfacet
  facet normal -0.970074 -0.24281 0
    outer loop
      vertex 80.6507 64.984 1.6
      vertex 80.5673 65.3172 19
      vertex 80.5673 65.3172 1.6
    endloop
  endfacet
  facet normal -0.970074 -0.24281 0
    outer loop
      vertex 80.5673 65.3172 19
      vertex 80.6507 64.984 1.6
      vertex 80.6507 64.984 19
    endloop
  endfacet
  facet normal -0.427661 -0.903939 0
    outer loop
      vertex 82.3501 62.9133 1.6
      vertex 82.6606 62.7664 19
      vertex 82.3501 62.9133 19
    endloop
  endfacet
  facet normal -0.427661 -0.903939 -0
    outer loop
      vertex 82.6606 62.7664 19
      vertex 82.3501 62.9133 1.6
      vertex 82.6606 62.7664 1.6
    endloop
  endfacet
  facet normal -0.741046 -0.671454 0
    outer loop
      vertex 81.5251 63.5251 1.6
      vertex 81.2945 63.7796 19
      vertex 81.2945 63.7796 1.6
    endloop
  endfacet
  facet normal -0.741046 -0.671454 0
    outer loop
      vertex 81.2945 63.7796 19
      vertex 81.5251 63.5251 1.6
      vertex 81.5251 63.5251 19
    endloop
  endfacet
  facet normal 0.427661 -0.903939 0
    outer loop
      vertex 85.3394 62.7664 1.6
      vertex 85.6499 62.9133 19
      vertex 85.3394 62.7664 19
    endloop
  endfacet
  facet normal 0.427661 -0.903939 0
    outer loop
      vertex 85.6499 62.9133 19
      vertex 85.3394 62.7664 1.6
      vertex 85.6499 62.9133 1.6
    endloop
  endfacet
  facet normal 0.0491971 -0.998789 0
    outer loop
      vertex 84 62.5 1.6
      vertex 84.3431 62.5169 19
      vertex 84 62.5 19
    endloop
  endfacet
  facet normal 0.0491971 -0.998789 0
    outer loop
      vertex 84.3431 62.5169 19
      vertex 84 62.5 1.6
      vertex 84.3431 62.5169 1.6
    endloop
  endfacet
  facet normal -0.989172 -0.14676 0
    outer loop
      vertex 80.5673 65.3172 1.6
      vertex 80.5169 65.6569 19
      vertex 80.5169 65.6569 1.6
    endloop
  endfacet
  facet normal -0.989172 -0.14676 0
    outer loop
      vertex 80.5169 65.6569 19
      vertex 80.5673 65.3172 1.6
      vertex 80.5673 65.3172 19
    endloop
  endfacet
  facet normal 0 0 -1
    outer loop
      vertex 80.5673 65.3172 1.6
      vertex 82.6759 65.7366 1.6
      vertex 80.6507 64.984 1.6
    endloop
  endfacet
  facet normal -0 0 -1
    outer loop
      vertex 82.6759 65.7366 1.6
      vertex 80.5673 65.3172 1.6
      vertex 82.6565 65.8677 1.6
    endloop
  endfacet
  facet normal 0 -0 -1
    outer loop
      vertex 80.9133 67.6499 1.6
      vertex 82.65 66 1.6
      vertex 80.7664 67.3394 1.6
    endloop
  endfacet
  facet normal 0 0 -1
    outer loop
      vertex 82.65 66 1.6
      vertex 80.9133 67.6499 1.6
      vertex 81 67.7946 1.6
    endloop
  endfacet
  facet normal 0 0 -1
    outer loop
      vertex 80.5169 65.6569 1.6
      vertex 82.6565 65.8677 1.6
      vertex 80.5673 65.3172 1.6
    endloop
  endfacet
  facet normal 0 0 -1
    outer loop
      vertex 82.65 66 1.6
      vertex 80.6507 67.016 1.6
      vertex 80.7664 67.3394 1.6
    endloop
  endfacet
  facet normal -0 0 -1
    outer loop
      vertex 82.6565 65.8677 1.6
      vertex 80.5169 65.6569 1.6
      vertex 82.65 66 1.6
    endloop
  endfacet
  facet normal 0 0 -1
    outer loop
      vertex 82.65 66 1.6
      vertex 80.5673 66.6828 1.6
      vertex 80.6507 67.016 1.6
    endloop
  endfacet
  facet normal 0 0 -1
    outer loop
      vertex 80.5 66 1.6
      vertex 82.65 66 1.6
      vertex 80.5169 65.6569 1.6
    endloop
  endfacet
  facet normal 0 0 -1
    outer loop
      vertex 82.65 66 1.6
      vertex 80.5169 66.3431 1.6
      vertex 80.5673 66.6828 1.6
    endloop
  endfacet
  facet normal 0 0 -1
    outer loop
      vertex 82.65 66 1.6
      vertex 80.5 66 1.6
      vertex 80.5169 66.3431 1.6
    endloop
  endfacet
  facet normal 0 0 -1
    outer loop
      vertex 88 63 1.6
      vertex 85.3435 65.8677 1.6
      vertex 85.35 66 1.6
    endloop
  endfacet
  facet normal 0 0 -1
    outer loop
      vertex 84.6364 64.8094 1.6
      vertex 85.6499 62.9133 1.6
      vertex 85.3394 62.7664 1.6
    endloop
  endfacet
  facet normal 0 0 -1
    outer loop
      vertex 85.7946 63 1.6
      vertex 85.3241 65.7366 1.6
      vertex 85.3435 65.8677 1.6
    endloop
  endfacet
  facet normal 0 0 -1
    outer loop
      vertex 85.7946 63 1.6
      vertex 85.2919 65.6081 1.6
      vertex 85.3241 65.7366 1.6
    endloop
  endfacet
  facet normal 0 0 -1
    outer loop
      vertex 85.7946 63 1.6
      vertex 85.2472 65.4834 1.6
      vertex 85.2919 65.6081 1.6
    endloop
  endfacet
  facet normal 0 0 -1
    outer loop
      vertex 85.7946 63 1.6
      vertex 85.1906 65.3636 1.6
      vertex 85.2472 65.4834 1.6
    endloop
  endfacet
  facet normal 0 0 -1
    outer loop
      vertex 85.7946 63 1.6
      vertex 85.1225 65.25 1.6
      vertex 85.1906 65.3636 1.6
    endloop
  endfacet
  facet normal 0 0 -1
    outer loop
      vertex 85.7946 63 1.6
      vertex 85.0436 65.1436 1.6
      vertex 85.1225 65.25 1.6
    endloop
  endfacet
  facet normal 0 0 -1
    outer loop
      vertex 84.5166 64.7528 1.6
      vertex 85.3394 62.7664 1.6
      vertex 85.016 62.6507 1.6
    endloop
  endfacet
  facet normal 0 0 -1
    outer loop
      vertex 85.7946 63 1.6
      vertex 84.9546 65.0454 1.6
      vertex 85.0436 65.1436 1.6
    endloop
  endfacet
  facet normal 0 0 -1
    outer loop
      vertex 85.7946 63 1.6
      vertex 84.8564 64.9564 1.6
      vertex 84.9546 65.0454 1.6
    endloop
  endfacet
  facet normal 0 0 -1
    outer loop
      vertex 85.7946 63 1.6
      vertex 84.75 64.8775 1.6
      vertex 84.8564 64.9564 1.6
    endloop
  endfacet
  facet normal 0 0 -1
    outer loop
      vertex 84.3919 64.7081 1.6
      vertex 85.016 62.6507 1.6
      vertex 84.6828 62.5673 1.6
    endloop
  endfacet
  facet normal 0 0 -1
    outer loop
      vertex 85.7946 63 1.6
      vertex 84.6364 64.8094 1.6
      vertex 84.75 64.8775 1.6
    endloop
  endfacet
  facet normal 0 0 -1
    outer loop
      vertex 85.3394 62.7664 1.6
      vertex 84.5166 64.7528 1.6
      vertex 84.6364 64.8094 1.6
    endloop
  endfacet
  facet normal 0 0 -1
    outer loop
      vertex 85.016 62.6507 1.6
      vertex 84.3919 64.7081 1.6
      vertex 84.5166 64.7528 1.6
    endloop
  endfacet
  facet normal 0 0 -1
    outer loop
      vertex 84.2634 64.6759 1.6
      vertex 84.6828 62.5673 1.6
      vertex 84.3431 62.5169 1.6
    endloop
  endfacet
  facet normal 0 0 -1
    outer loop
      vertex 84.6828 62.5673 1.6
      vertex 84.2634 64.6759 1.6
      vertex 84.3919 64.7081 1.6
    endloop
  endfacet
  facet normal 0 0 -1
    outer loop
      vertex 84.3431 62.5169 1.6
      vertex 84.1323 64.6565 1.6
      vertex 84.2634 64.6759 1.6
    endloop
  endfacet
  facet normal 0 0 -1
    outer loop
      vertex 84 62.5 1.6
      vertex 84.1323 64.6565 1.6
      vertex 84.3431 62.5169 1.6
    endloop
  endfacet
  facet normal 0 0 -1
    outer loop
      vertex 84 62.5 1.6
      vertex 84 64.65 1.6
      vertex 84.1323 64.6565 1.6
    endloop
  endfacet
  facet normal 0 0 -1
    outer loop
      vertex 84 62.5 1.6
      vertex 83.8677 64.6565 1.6
      vertex 84 64.65 1.6
    endloop
  endfacet
  facet normal 0 0 -1
    outer loop
      vertex 83.6569 62.5169 1.6
      vertex 83.8677 64.6565 1.6
      vertex 84 62.5 1.6
    endloop
  endfacet
  facet normal -0 0 -1
    outer loop
      vertex 83.8677 64.6565 1.6
      vertex 83.6569 62.5169 1.6
      vertex 83.7366 64.6759 1.6
    endloop
  endfacet
  facet normal 0 0 -1
    outer loop
      vertex 83.3172 62.5673 1.6
      vertex 83.7366 64.6759 1.6
      vertex 83.6569 62.5169 1.6
    endloop
  endfacet
  facet normal -0 0 -1
    outer loop
      vertex 83.7366 64.6759 1.6
      vertex 83.3172 62.5673 1.6
      vertex 83.6081 64.7081 1.6
    endloop
  endfacet
  facet normal 0 0 -1
    outer loop
      vertex 82.984 62.6507 1.6
      vertex 83.6081 64.7081 1.6
      vertex 83.3172 62.5673 1.6
    endloop
  endfacet
  facet normal -0 0 -1
    outer loop
      vertex 83.6081 64.7081 1.6
      vertex 82.984 62.6507 1.6
      vertex 83.4834 64.7528 1.6
    endloop
  endfacet
  facet normal 0 0 -1
    outer loop
      vertex 82.6606 62.7664 1.6
      vertex 83.4834 64.7528 1.6
      vertex 82.984 62.6507 1.6
    endloop
  endfacet
  facet normal -0 0 -1
    outer loop
      vertex 83.4834 64.7528 1.6
      vertex 82.6606 62.7664 1.6
      vertex 83.3636 64.8094 1.6
    endloop
  endfacet
  facet normal 0 0 -1
    outer loop
      vertex 82.3501 62.9133 1.6
      vertex 83.3636 64.8094 1.6
      vertex 82.6606 62.7664 1.6
    endloop
  endfacet
  facet normal -0 0 -1
    outer loop
      vertex 83.3636 64.8094 1.6
      vertex 82.3501 62.9133 1.6
      vertex 83.25 64.8775 1.6
    endloop
  endfacet
  facet normal 0 0 -1
    outer loop
      vertex 82.0555 63.0899 1.6
      vertex 83.25 64.8775 1.6
      vertex 82.3501 62.9133 1.6
    endloop
  endfacet
  facet normal -0 0 -1
    outer loop
      vertex 83.25 64.8775 1.6
      vertex 82.0555 63.0899 1.6
      vertex 83.1436 64.9564 1.6
    endloop
  endfacet
  facet normal 0 0 -1
    outer loop
      vertex 81.7796 63.2945 1.6
      vertex 83.1436 64.9564 1.6
      vertex 82.0555 63.0899 1.6
    endloop
  endfacet
  facet normal -0 0 -1
    outer loop
      vertex 83.1436 64.9564 1.6
      vertex 81.7796 63.2945 1.6
      vertex 83.0454 65.0454 1.6
    endloop
  endfacet
  facet normal 0 0 -1
    outer loop
      vertex 81.5251 63.5251 1.6
      vertex 83.0454 65.0454 1.6
      vertex 81.7796 63.2945 1.6
    endloop
  endfacet
  facet normal -0 0 -1
    outer loop
      vertex 83.0454 65.0454 1.6
      vertex 81.5251 63.5251 1.6
      vertex 82.9564 65.1436 1.6
    endloop
  endfacet
  facet normal 0 0 -1
    outer loop
      vertex 81.2945 63.7796 1.6
      vertex 82.9564 65.1436 1.6
      vertex 81.5251 63.5251 1.6
    endloop
  endfacet
  facet normal -0 0 -1
    outer loop
      vertex 82.9564 65.1436 1.6
      vertex 81.2945 63.7796 1.6
      vertex 82.8775 65.25 1.6
    endloop
  endfacet
  facet normal 0 0 -1
    outer loop
      vertex 81.0899 64.0555 1.6
      vertex 82.8775 65.25 1.6
      vertex 81.2945 63.7796 1.6
    endloop
  endfacet
  facet normal -0 0 -1
    outer loop
      vertex 82.8775 65.25 1.6
      vertex 81.0899 64.0555 1.6
      vertex 82.8094 65.3636 1.6
    endloop
  endfacet
  facet normal 0 0 -1
    outer loop
      vertex 85.35 66 1.6
      vertex 88 69 1.6
      vertex 88 63 1.6
    endloop
  endfacet
  facet normal 0 0 -1
    outer loop
      vertex 85.3435 65.8677 1.6
      vertex 88 63 1.6
      vertex 85.7946 63 1.6
    endloop
  endfacet
  facet normal 0 0 -1
    outer loop
      vertex 85.3435 66.1323 1.6
      vertex 88 69 1.6
      vertex 85.35 66 1.6
    endloop
  endfacet
  facet normal 0 0 -1
    outer loop
      vertex 84.6364 64.8094 1.6
      vertex 85.7946 63 1.6
      vertex 85.6499 62.9133 1.6
    endloop
  endfacet
  facet normal 0 0 -1
    outer loop
      vertex 85.3241 66.2634 1.6
      vertex 88 69 1.6
      vertex 85.3435 66.1323 1.6
    endloop
  endfacet
  facet normal -0 0 -1
    outer loop
      vertex 88 69 1.6
      vertex 85.3241 66.2634 1.6
      vertex 87 69 1.6
    endloop
  endfacet
  facet normal 0 0 -1
    outer loop
      vertex 85.2919 66.3919 1.6
      vertex 87 69 1.6
      vertex 85.3241 66.2634 1.6
    endloop
  endfacet
  facet normal 0 0 -1
    outer loop
      vertex 85.2472 66.5166 1.6
      vertex 87 69 1.6
      vertex 85.2919 66.3919 1.6
    endloop
  endfacet
  facet normal 0 0 -1
    outer loop
      vertex 85.1906 66.6364 1.6
      vertex 87 69 1.6
      vertex 85.2472 66.5166 1.6
    endloop
  endfacet
  facet normal 0 0 -1
    outer loop
      vertex 85.1225 66.75 1.6
      vertex 87 69 1.6
      vertex 85.1906 66.6364 1.6
    endloop
  endfacet
  facet normal 0 0 -1
    outer loop
      vertex 85.0436 66.8564 1.6
      vertex 87 69 1.6
      vertex 85.1225 66.75 1.6
    endloop
  endfacet
  facet normal 0 0 -1
    outer loop
      vertex 84.9546 66.9546 1.6
      vertex 87 69 1.6
      vertex 85.0436 66.8564 1.6
    endloop
  endfacet
  facet normal 0 0 -1
    outer loop
      vertex 84.8564 67.0436 1.6
      vertex 87 69 1.6
      vertex 84.9546 66.9546 1.6
    endloop
  endfacet
  facet normal 0 0 -1
    outer loop
      vertex 84.75 67.1225 1.6
      vertex 87 69 1.6
      vertex 84.8564 67.0436 1.6
    endloop
  endfacet
  facet normal 0 0 -1
    outer loop
      vertex 84.6364 67.1906 1.6
      vertex 87 69 1.6
      vertex 84.75 67.1225 1.6
    endloop
  endfacet
  facet normal 0 0 -1
    outer loop
      vertex 84.5166 67.2472 1.6
      vertex 87 69 1.6
      vertex 84.6364 67.1906 1.6
    endloop
  endfacet
  facet normal 0 0 -1
    outer loop
      vertex 84.3919 67.2919 1.6
      vertex 87 69 1.6
      vertex 84.5166 67.2472 1.6
    endloop
  endfacet
  facet normal 0 0 -1
    outer loop
      vertex 84.2634 67.3241 1.6
      vertex 87 69 1.6
      vertex 84.3919 67.2919 1.6
    endloop
  endfacet
  facet normal -0 0 -1
    outer loop
      vertex 87 69 1.6
      vertex 84.2634 67.3241 1.6
      vertex 87 70 1.6
    endloop
  endfacet
  facet normal 0 0 -1
    outer loop
      vertex 84.1323 67.3435 1.6
      vertex 87 70 1.6
      vertex 84.2634 67.3241 1.6
    endloop
  endfacet
  facet normal 0 0 -1
    outer loop
      vertex 84 67.35 1.6
      vertex 87 70 1.6
      vertex 84.1323 67.3435 1.6
    endloop
  endfacet
  facet normal 0 0 -1
    outer loop
      vertex 81 70 1.6
      vertex 84 67.35 1.6
      vertex 83.8677 67.3435 1.6
    endloop
  endfacet
  facet normal 0 0 -1
    outer loop
      vertex 81 70 1.6
      vertex 83.8677 67.3435 1.6
      vertex 83.7366 67.3241 1.6
    endloop
  endfacet
  facet normal 0 0 -1
    outer loop
      vertex 81 70 1.6
      vertex 83.7366 67.3241 1.6
      vertex 83.6081 67.2919 1.6
    endloop
  endfacet
  facet normal 0 0 -1
    outer loop
      vertex 81 70 1.6
      vertex 83.6081 67.2919 1.6
      vertex 83.4834 67.2472 1.6
    endloop
  endfacet
  facet normal 0 0 -1
    outer loop
      vertex 81 70 1.6
      vertex 83.4834 67.2472 1.6
      vertex 83.3636 67.1906 1.6
    endloop
  endfacet
  facet normal 0 0 -1
    outer loop
      vertex 81 67.7946 1.6
      vertex 83.3636 67.1906 1.6
      vertex 83.25 67.1225 1.6
    endloop
  endfacet
  facet normal 0 0 -1
    outer loop
      vertex 81 67.7946 1.6
      vertex 83.25 67.1225 1.6
      vertex 83.1436 67.0436 1.6
    endloop
  endfacet
  facet normal 0 0 -1
    outer loop
      vertex 80.9133 64.3501 1.6
      vertex 82.8094 65.3636 1.6
      vertex 81.0899 64.0555 1.6
    endloop
  endfacet
  facet normal -0 0 -1
    outer loop
      vertex 82.8094 65.3636 1.6
      vertex 80.9133 64.3501 1.6
      vertex 82.7528 65.4834 1.6
    endloop
  endfacet
  facet normal 0 0 -1
    outer loop
      vertex 80.7664 64.6606 1.6
      vertex 82.7528 65.4834 1.6
      vertex 80.9133 64.3501 1.6
    endloop
  endfacet
  facet normal -0 0 -1
    outer loop
      vertex 82.7528 65.4834 1.6
      vertex 80.7664 64.6606 1.6
      vertex 82.7081 65.6081 1.6
    endloop
  endfacet
  facet normal 0 0 -1
    outer loop
      vertex 80.6507 64.984 1.6
      vertex 82.7081 65.6081 1.6
      vertex 80.7664 64.6606 1.6
    endloop
  endfacet
  facet normal -0 0 -1
    outer loop
      vertex 82.7081 65.6081 1.6
      vertex 80.6507 64.984 1.6
      vertex 82.6759 65.7366 1.6
    endloop
  endfacet
  facet normal 0 0 -1
    outer loop
      vertex 82.65 66 1.6
      vertex 81 67.7946 1.6
      vertex 82.6565 66.1323 1.6
    endloop
  endfacet
  facet normal 0 0 -1
    outer loop
      vertex 82.6565 66.1323 1.6
      vertex 81 67.7946 1.6
      vertex 82.6759 66.2634 1.6
    endloop
  endfacet
  facet normal 0 0 -1
    outer loop
      vertex 82.6759 66.2634 1.6
      vertex 81 67.7946 1.6
      vertex 82.7081 66.3919 1.6
    endloop
  endfacet
  facet normal 0 0 -1
    outer loop
      vertex 82.7081 66.3919 1.6
      vertex 81 67.7946 1.6
      vertex 82.7528 66.5166 1.6
    endloop
  endfacet
  facet normal 0 0 -1
    outer loop
      vertex 82.7528 66.5166 1.6
      vertex 81 67.7946 1.6
      vertex 82.8094 66.6364 1.6
    endloop
  endfacet
  facet normal 0 0 -1
    outer loop
      vertex 82.8094 66.6364 1.6
      vertex 81 67.7946 1.6
      vertex 82.8775 66.75 1.6
    endloop
  endfacet
  facet normal 0 0 -1
    outer loop
      vertex 81 67.7946 1.6
      vertex 82.9564 66.8564 1.6
      vertex 82.8775 66.75 1.6
    endloop
  endfacet
  facet normal 0 0 -1
    outer loop
      vertex 81 67.7946 1.6
      vertex 83.0454 66.9546 1.6
      vertex 82.9564 66.8564 1.6
    endloop
  endfacet
  facet normal 0 0 -1
    outer loop
      vertex 81 67.7946 1.6
      vertex 83.1436 67.0436 1.6
      vertex 83.0454 66.9546 1.6
    endloop
  endfacet
  facet normal 0 0 -1
    outer loop
      vertex 83.3636 67.1906 1.6
      vertex 81 67.7946 1.6
      vertex 81 70 1.6
    endloop
  endfacet
  facet normal 0 0 -1
    outer loop
      vertex 84 67.35 1.6
      vertex 81 70 1.6
      vertex 87 70 1.6
    endloop
  endfacet
  facet normal -0.803237 -0.595659 0
    outer loop
      vertex 81.2945 63.7796 1.6
      vertex 81.0899 64.0555 19
      vertex 81.0899 64.0555 1.6
    endloop
  endfacet
  facet normal -0.803237 -0.595659 0
    outer loop
      vertex 81.0899 64.0555 19
      vertex 81.2945 63.7796 1.6
      vertex 81.2945 63.7796 19
    endloop
  endfacet
  facet normal -0.998789 0.0491971 0
    outer loop
      vertex 80.5 66 1.6
      vertex 80.5169 66.3431 19
      vertex 80.5169 66.3431 1.6
    endloop
  endfacet
  facet normal -0.998789 0.0491971 0
    outer loop
      vertex 80.5169 66.3431 19
      vertex 80.5 66 1.6
      vertex 80.5 66 19
    endloop
  endfacet
  facet normal 0 1 -0
    outer loop
      vertex 88 69 1.6
      vertex 87 69 19
      vertex 88 69 19
    endloop
  endfacet
  facet normal 0 1 0
    outer loop
      vertex 87 69 19
      vertex 88 69 1.6
      vertex 87 69 1.6
    endloop
  endfacet
  facet normal 0 -1 0
    outer loop
      vertex 85.7946 63 1.6
      vertex 88 63 19
      vertex 85.7946 63 19
    endloop
  endfacet
  facet normal 0 -1 -0
    outer loop
      vertex 88 63 19
      vertex 85.7946 63 1.6
      vertex 88 63 1.6
    endloop
  endfacet
  facet normal 1 -0 0
    outer loop
      vertex 87 69 19
      vertex 87 70 1.6
      vertex 87 70 19
    endloop
  endfacet
  facet normal 1 0 0
    outer loop
      vertex 87 70 1.6
      vertex 87 69 19
      vertex 87 69 1.6
    endloop
  endfacet
  facet normal -1 0 0
    outer loop
      vertex 81 67.7946 1.6
      vertex 81 70 19
      vertex 81 70 1.6
    endloop
  endfacet
  facet normal -1 -0 0
    outer loop
      vertex 81 70 19
      vertex 81 67.7946 1.6
      vertex 81 67.7946 19
    endloop
  endfacet
  facet normal -0.989228 -0.146385 0
    outer loop
      vertex 85.3435 66.1323 1.6
      vertex 85.3241 66.2634 19
      vertex 85.3241 66.2634 1.6
    endloop
  endfacet
  facet normal -0.989228 -0.146385 0
    outer loop
      vertex 85.3241 66.2634 19
      vertex 85.3435 66.1323 1.6
      vertex 85.3435 66.1323 19
    endloop
  endfacet
  facet normal -0.998795 -0.0490716 0
    outer loop
      vertex 85.35 66 1.6
      vertex 85.3435 66.1323 19
      vertex 85.3435 66.1323 1.6
    endloop
  endfacet
  facet normal -0.998795 -0.0490716 0
    outer loop
      vertex 85.3435 66.1323 19
      vertex 85.35 66 1.6
      vertex 85.35 66 19
    endloop
  endfacet
  facet normal -0.970009 -0.243068 0
    outer loop
      vertex 85.3241 66.2634 1.6
      vertex 85.2919 66.3919 19
      vertex 85.2919 66.3919 1.6
    endloop
  endfacet
  facet normal -0.970009 -0.243068 0
    outer loop
      vertex 85.2919 66.3919 19
      vertex 85.3241 66.2634 1.6
      vertex 85.3241 66.2634 19
    endloop
  endfacet
  facet normal 0.243068 -0.970009 0
    outer loop
      vertex 83.6081 67.2919 1.6
      vertex 83.7366 67.3241 19
      vertex 83.6081 67.2919 19
    endloop
  endfacet
  facet normal 0.243068 -0.970009 0
    outer loop
      vertex 83.7366 67.3241 19
      vertex 83.6081 67.2919 1.6
      vertex 83.7366 67.3241 1.6
    endloop
  endfacet
  facet normal 0.904168 0.427178 0
    outer loop
      vertex 82.8094 65.3636 19
      vertex 82.7528 65.4834 1.6
      vertex 82.7528 65.4834 19
    endloop
  endfacet
  facet normal 0.904168 0.427178 0
    outer loop
      vertex 82.7528 65.4834 1.6
      vertex 82.8094 65.3636 19
      vertex 82.8094 65.3636 1.6
    endloop
  endfacet
  facet normal 0.243068 0.970009 -0
    outer loop
      vertex 83.7366 64.6759 1.6
      vertex 83.6081 64.7081 19
      vertex 83.7366 64.6759 19
    endloop
  endfacet
  facet normal 0.243068 0.970009 0
    outer loop
      vertex 83.6081 64.7081 19
      vertex 83.7366 64.6759 1.6
      vertex 83.6081 64.7081 1.6
    endloop
  endfacet
  facet normal -0.514163 0.857693 0
    outer loop
      vertex 84.75 64.8775 1.6
      vertex 84.6364 64.8094 19
      vertex 84.75 64.8775 19
    endloop
  endfacet
  facet normal -0.514163 0.857693 0
    outer loop
      vertex 84.6364 64.8094 19
      vertex 84.75 64.8775 1.6
      vertex 84.6364 64.8094 1.6
    endloop
  endfacet
  facet normal 0.337436 0.941348 -0
    outer loop
      vertex 83.6081 64.7081 1.6
      vertex 83.4834 64.7528 19
      vertex 83.6081 64.7081 19
    endloop
  endfacet
  facet normal 0.337436 0.941348 0
    outer loop
      vertex 83.4834 64.7528 19
      vertex 83.6081 64.7081 1.6
      vertex 83.4834 64.7528 1.6
    endloop
  endfacet
  facet normal -0.337436 0.941348 0
    outer loop
      vertex 84.5166 64.7528 1.6
      vertex 84.3919 64.7081 19
      vertex 84.5166 64.7528 19
    endloop
  endfacet
  facet normal -0.337436 0.941348 0
    outer loop
      vertex 84.3919 64.7081 19
      vertex 84.5166 64.7528 1.6
      vertex 84.3919 64.7081 1.6
    endloop
  endfacet
  facet normal 0.671545 -0.740963 0
    outer loop
      vertex 83.0454 66.9546 1.6
      vertex 83.1436 67.0436 19
      vertex 83.0454 66.9546 19
    endloop
  endfacet
  facet normal 0.671545 -0.740963 0
    outer loop
      vertex 83.1436 67.0436 19
      vertex 83.0454 66.9546 1.6
      vertex 83.1436 67.0436 1.6
    endloop
  endfacet
  facet normal -0.243068 0.970009 0
    outer loop
      vertex 84.3919 64.7081 1.6
      vertex 84.2634 64.6759 19
      vertex 84.3919 64.7081 19
    endloop
  endfacet
  facet normal -0.243068 0.970009 0
    outer loop
      vertex 84.2634 64.6759 19
      vertex 84.3919 64.7081 1.6
      vertex 84.2634 64.6759 1.6
    endloop
  endfacet
  facet normal 0.857693 -0.514163 0
    outer loop
      vertex 82.8094 66.6364 19
      vertex 82.8775 66.75 1.6
      vertex 82.8775 66.75 19
    endloop
  endfacet
  facet normal 0.857693 -0.514163 0
    outer loop
      vertex 82.8775 66.75 1.6
      vertex 82.8094 66.6364 19
      vertex 82.8094 66.6364 1.6
    endloop
  endfacet
  facet normal 0.989228 -0.146385 0
    outer loop
      vertex 82.6565 66.1323 19
      vertex 82.6759 66.2634 1.6
      vertex 82.6759 66.2634 19
    endloop
  endfacet
  facet normal 0.989228 -0.146385 0
    outer loop
      vertex 82.6759 66.2634 1.6
      vertex 82.6565 66.1323 19
      vertex 82.6565 66.1323 1.6
    endloop
  endfacet
  facet normal -0.904168 -0.427178 0
    outer loop
      vertex 85.2472 66.5166 1.6
      vertex 85.1906 66.6364 19
      vertex 85.1906 66.6364 1.6
    endloop
  endfacet
  facet normal -0.904168 -0.427178 0
    outer loop
      vertex 85.1906 66.6364 19
      vertex 85.2472 66.5166 1.6
      vertex 85.2472 66.5166 19
    endloop
  endfacet
  facet normal -0.803249 0.595643 0
    outer loop
      vertex 85.0436 65.1436 1.6
      vertex 85.1225 65.25 19
      vertex 85.1225 65.25 1.6
    endloop
  endfacet
  facet normal -0.803249 0.595643 0
    outer loop
      vertex 85.1225 65.25 19
      vertex 85.0436 65.1436 1.6
      vertex 85.0436 65.1436 19
    endloop
  endfacet
  facet normal 0.595643 -0.803249 0
    outer loop
      vertex 83.1436 67.0436 1.6
      vertex 83.25 67.1225 19
      vertex 83.1436 67.0436 19
    endloop
  endfacet
  facet normal 0.595643 -0.803249 0
    outer loop
      vertex 83.25 67.1225 19
      vertex 83.1436 67.0436 1.6
      vertex 83.25 67.1225 1.6
    endloop
  endfacet
  facet normal -0.595643 -0.803249 0
    outer loop
      vertex 84.75 67.1225 1.6
      vertex 84.8564 67.0436 19
      vertex 84.75 67.1225 19
    endloop
  endfacet
  facet normal -0.595643 -0.803249 -0
    outer loop
      vertex 84.8564 67.0436 19
      vertex 84.75 67.1225 1.6
      vertex 84.8564 67.0436 1.6
    endloop
  endfacet
  facet normal -0.146385 -0.989228 0
    outer loop
      vertex 84.1323 67.3435 1.6
      vertex 84.2634 67.3241 19
      vertex 84.1323 67.3435 19
    endloop
  endfacet
  facet normal -0.146385 -0.989228 -0
    outer loop
      vertex 84.2634 67.3241 19
      vertex 84.1323 67.3435 1.6
      vertex 84.2634 67.3241 1.6
    endloop
  endfacet
  facet normal -0.803249 -0.595643 0
    outer loop
      vertex 85.1225 66.75 1.6
      vertex 85.0436 66.8564 19
      vertex 85.0436 66.8564 1.6
    endloop
  endfacet
  facet normal -0.803249 -0.595643 0
    outer loop
      vertex 85.0436 66.8564 19
      vertex 85.1225 66.75 1.6
      vertex 85.1225 66.75 19
    endloop
  endfacet
  facet normal 0.514163 -0.857693 0
    outer loop
      vertex 83.25 67.1225 1.6
      vertex 83.3636 67.1906 19
      vertex 83.25 67.1225 19
    endloop
  endfacet
  facet normal 0.514163 -0.857693 0
    outer loop
      vertex 83.3636 67.1906 19
      vertex 83.25 67.1225 1.6
      vertex 83.3636 67.1906 1.6
    endloop
  endfacet
  facet normal -0.514163 -0.857693 0
    outer loop
      vertex 84.6364 67.1906 1.6
      vertex 84.75 67.1225 19
      vertex 84.6364 67.1906 19
    endloop
  endfacet
  facet normal -0.514163 -0.857693 -0
    outer loop
      vertex 84.75 67.1225 19
      vertex 84.6364 67.1906 1.6
      vertex 84.75 67.1225 1.6
    endloop
  endfacet
  facet normal -0.671545 -0.740963 0
    outer loop
      vertex 84.8564 67.0436 1.6
      vertex 84.9546 66.9546 19
      vertex 84.8564 67.0436 19
    endloop
  endfacet
  facet normal -0.671545 -0.740963 -0
    outer loop
      vertex 84.9546 66.9546 19
      vertex 84.8564 67.0436 1.6
      vertex 84.9546 66.9546 1.6
    endloop
  endfacet
  facet normal 0.941348 0.337436 0
    outer loop
      vertex 82.7528 65.4834 19
      vertex 82.7081 65.6081 1.6
      vertex 82.7081 65.6081 19
    endloop
  endfacet
  facet normal 0.941348 0.337436 0
    outer loop
      vertex 82.7081 65.6081 1.6
      vertex 82.7528 65.4834 19
      vertex 82.7528 65.4834 1.6
    endloop
  endfacet
  facet normal -0.998795 0.0490716 0
    outer loop
      vertex 85.3435 65.8677 1.6
      vertex 85.35 66 19
      vertex 85.35 66 1.6
    endloop
  endfacet
  facet normal -0.998795 0.0490716 0
    outer loop
      vertex 85.35 66 19
      vertex 85.3435 65.8677 1.6
      vertex 85.3435 65.8677 19
    endloop
  endfacet
  facet normal 0.427178 -0.904168 0
    outer loop
      vertex 83.3636 67.1906 1.6
      vertex 83.4834 67.2472 19
      vertex 83.3636 67.1906 19
    endloop
  endfacet
  facet normal 0.427178 -0.904168 0
    outer loop
      vertex 83.4834 67.2472 19
      vertex 83.3636 67.1906 1.6
      vertex 83.4834 67.2472 1.6
    endloop
  endfacet
  facet normal -0.904168 0.427178 0
    outer loop
      vertex 85.1906 65.3636 1.6
      vertex 85.2472 65.4834 19
      vertex 85.2472 65.4834 1.6
    endloop
  endfacet
  facet normal -0.904168 0.427178 0
    outer loop
      vertex 85.2472 65.4834 19
      vertex 85.1906 65.3636 1.6
      vertex 85.1906 65.3636 19
    endloop
  endfacet
  facet normal 0.595643 0.803249 -0
    outer loop
      vertex 83.25 64.8775 1.6
      vertex 83.1436 64.9564 19
      vertex 83.25 64.8775 19
    endloop
  endfacet
  facet normal 0.595643 0.803249 0
    outer loop
      vertex 83.1436 64.9564 19
      vertex 83.25 64.8775 1.6
      vertex 83.1436 64.9564 1.6
    endloop
  endfacet
  facet normal 0.803249 -0.595643 0
    outer loop
      vertex 82.8775 66.75 19
      vertex 82.9564 66.8564 1.6
      vertex 82.9564 66.8564 19
    endloop
  endfacet
  facet normal 0.803249 -0.595643 0
    outer loop
      vertex 82.9564 66.8564 1.6
      vertex 82.8775 66.75 19
      vertex 82.8775 66.75 1.6
    endloop
  endfacet
  facet normal 0.941348 -0.337436 0
    outer loop
      vertex 82.7081 66.3919 19
      vertex 82.7528 66.5166 1.6
      vertex 82.7528 66.5166 19
    endloop
  endfacet
  facet normal 0.941348 -0.337436 0
    outer loop
      vertex 82.7528 66.5166 1.6
      vertex 82.7081 66.3919 19
      vertex 82.7081 66.3919 1.6
    endloop
  endfacet
  facet normal -0.857693 -0.514163 0
    outer loop
      vertex 85.1906 66.6364 1.6
      vertex 85.1225 66.75 19
      vertex 85.1225 66.75 1.6
    endloop
  endfacet
  facet normal -0.857693 -0.514163 0
    outer loop
      vertex 85.1225 66.75 19
      vertex 85.1906 66.6364 1.6
      vertex 85.1906 66.6364 19
    endloop
  endfacet
  facet normal -0.941348 -0.337436 0
    outer loop
      vertex 85.2919 66.3919 1.6
      vertex 85.2472 66.5166 19
      vertex 85.2472 66.5166 1.6
    endloop
  endfacet
  facet normal -0.941348 -0.337436 0
    outer loop
      vertex 85.2472 66.5166 19
      vertex 85.2919 66.3919 1.6
      vertex 85.2919 66.3919 19
    endloop
  endfacet
  facet normal 0.671545 0.740963 -0
    outer loop
      vertex 83.1436 64.9564 1.6
      vertex 83.0454 65.0454 19
      vertex 83.1436 64.9564 19
    endloop
  endfacet
  facet normal 0.671545 0.740963 0
    outer loop
      vertex 83.0454 65.0454 19
      vertex 83.1436 64.9564 1.6
      vertex 83.0454 65.0454 1.6
    endloop
  endfacet
  facet normal -0.970009 0.243068 0
    outer loop
      vertex 85.2919 65.6081 1.6
      vertex 85.3241 65.7366 19
      vertex 85.3241 65.7366 1.6
    endloop
  endfacet
  facet normal -0.970009 0.243068 0
    outer loop
      vertex 85.3241 65.7366 19
      vertex 85.2919 65.6081 1.6
      vertex 85.2919 65.6081 19
    endloop
  endfacet
  facet normal -0.989228 0.146385 0
    outer loop
      vertex 85.3241 65.7366 1.6
      vertex 85.3435 65.8677 19
      vertex 85.3435 65.8677 1.6
    endloop
  endfacet
  facet normal -0.989228 0.146385 0
    outer loop
      vertex 85.3435 65.8677 19
      vertex 85.3241 65.7366 1.6
      vertex 85.3241 65.7366 19
    endloop
  endfacet
  facet normal 0.514163 0.857693 -0
    outer loop
      vertex 83.3636 64.8094 1.6
      vertex 83.25 64.8775 19
      vertex 83.3636 64.8094 19
    endloop
  endfacet
  facet normal 0.514163 0.857693 0
    outer loop
      vertex 83.25 64.8775 19
      vertex 83.3636 64.8094 1.6
      vertex 83.25 64.8775 1.6
    endloop
  endfacet
  facet normal -0.337436 -0.941348 0
    outer loop
      vertex 84.3919 67.2919 1.6
      vertex 84.5166 67.2472 19
      vertex 84.3919 67.2919 19
    endloop
  endfacet
  facet normal -0.337436 -0.941348 -0
    outer loop
      vertex 84.5166 67.2472 19
      vertex 84.3919 67.2919 1.6
      vertex 84.5166 67.2472 1.6
    endloop
  endfacet
  facet normal 0.337436 -0.941348 0
    outer loop
      vertex 83.4834 67.2472 1.6
      vertex 83.6081 67.2919 19
      vertex 83.4834 67.2472 19
    endloop
  endfacet
  facet normal 0.337436 -0.941348 0
    outer loop
      vertex 83.6081 67.2919 19
      vertex 83.4834 67.2472 1.6
      vertex 83.6081 67.2919 1.6
    endloop
  endfacet
  facet normal -0.146385 0.989228 0
    outer loop
      vertex 84.2634 64.6759 1.6
      vertex 84.1323 64.6565 19
      vertex 84.2634 64.6759 19
    endloop
  endfacet
  facet normal -0.146385 0.989228 0
    outer loop
      vertex 84.1323 64.6565 19
      vertex 84.2634 64.6759 1.6
      vertex 84.1323 64.6565 1.6
    endloop
  endfacet
  facet normal -0.857693 0.514163 0
    outer loop
      vertex 85.1225 65.25 1.6
      vertex 85.1906 65.3636 19
      vertex 85.1906 65.3636 1.6
    endloop
  endfacet
  facet normal -0.857693 0.514163 0
    outer loop
      vertex 85.1906 65.3636 19
      vertex 85.1225 65.25 1.6
      vertex 85.1225 65.25 19
    endloop
  endfacet
  facet normal 0.0490716 -0.998795 0
    outer loop
      vertex 83.8677 67.3435 1.6
      vertex 84 67.35 19
      vertex 83.8677 67.3435 19
    endloop
  endfacet
  facet normal 0.0490716 -0.998795 0
    outer loop
      vertex 84 67.35 19
      vertex 83.8677 67.3435 1.6
      vertex 84 67.35 1.6
    endloop
  endfacet
  facet normal 0.998795 0.0490716 0
    outer loop
      vertex 82.6565 65.8677 19
      vertex 82.65 66 1.6
      vertex 82.65 66 19
    endloop
  endfacet
  facet normal 0.998795 0.0490716 0
    outer loop
      vertex 82.65 66 1.6
      vertex 82.6565 65.8677 19
      vertex 82.6565 65.8677 1.6
    endloop
  endfacet
  facet normal -0.941348 0.337436 0
    outer loop
      vertex 85.2472 65.4834 1.6
      vertex 85.2919 65.6081 19
      vertex 85.2919 65.6081 1.6
    endloop
  endfacet
  facet normal -0.941348 0.337436 0
    outer loop
      vertex 85.2919 65.6081 19
      vertex 85.2472 65.4834 1.6
      vertex 85.2472 65.4834 19
    endloop
  endfacet
  facet normal -0.427178 -0.904168 0
    outer loop
      vertex 84.5166 67.2472 1.6
      vertex 84.6364 67.1906 19
      vertex 84.5166 67.2472 19
    endloop
  endfacet
  facet normal -0.427178 -0.904168 -0
    outer loop
      vertex 84.6364 67.1906 19
      vertex 84.5166 67.2472 1.6
      vertex 84.6364 67.1906 1.6
    endloop
  endfacet
  facet normal -0.740963 -0.671545 0
    outer loop
      vertex 85.0436 66.8564 1.6
      vertex 84.9546 66.9546 19
      vertex 84.9546 66.9546 1.6
    endloop
  endfacet
  facet normal -0.740963 -0.671545 0
    outer loop
      vertex 84.9546 66.9546 19
      vertex 85.0436 66.8564 1.6
      vertex 85.0436 66.8564 19
    endloop
  endfacet
  facet normal -0.0490716 -0.998795 0
    outer loop
      vertex 84 67.35 1.6
      vertex 84.1323 67.3435 19
      vertex 84 67.35 19
    endloop
  endfacet
  facet normal -0.0490716 -0.998795 -0
    outer loop
      vertex 84.1323 67.3435 19
      vertex 84 67.35 1.6
      vertex 84.1323 67.3435 1.6
    endloop
  endfacet
  facet normal 0.857693 0.514163 0
    outer loop
      vertex 82.8775 65.25 19
      vertex 82.8094 65.3636 1.6
      vertex 82.8094 65.3636 19
    endloop
  endfacet
  facet normal 0.857693 0.514163 0
    outer loop
      vertex 82.8094 65.3636 1.6
      vertex 82.8775 65.25 19
      vertex 82.8775 65.25 1.6
    endloop
  endfacet
  facet normal 0.146385 0.989228 -0
    outer loop
      vertex 83.8677 64.6565 1.6
      vertex 83.7366 64.6759 19
      vertex 83.8677 64.6565 19
    endloop
  endfacet
  facet normal 0.146385 0.989228 0
    outer loop
      vertex 83.7366 64.6759 19
      vertex 83.8677 64.6565 1.6
      vertex 83.7366 64.6759 1.6
    endloop
  endfacet
  facet normal -0.671545 0.740963 0
    outer loop
      vertex 84.9546 65.0454 1.6
      vertex 84.8564 64.9564 19
      vertex 84.9546 65.0454 19
    endloop
  endfacet
  facet normal -0.671545 0.740963 0
    outer loop
      vertex 84.8564 64.9564 19
      vertex 84.9546 65.0454 1.6
      vertex 84.8564 64.9564 1.6
    endloop
  endfacet
  facet normal 0.0490716 0.998795 -0
    outer loop
      vertex 84 64.65 1.6
      vertex 83.8677 64.6565 19
      vertex 84 64.65 19
    endloop
  endfacet
  facet normal 0.0490716 0.998795 0
    outer loop
      vertex 83.8677 64.6565 19
      vertex 84 64.65 1.6
      vertex 83.8677 64.6565 1.6
    endloop
  endfacet
  facet normal 0.740963 -0.671545 0
    outer loop
      vertex 82.9564 66.8564 19
      vertex 83.0454 66.9546 1.6
      vertex 83.0454 66.9546 19
    endloop
  endfacet
  facet normal 0.740963 -0.671545 0
    outer loop
      vertex 83.0454 66.9546 1.6
      vertex 82.9564 66.8564 19
      vertex 82.9564 66.8564 1.6
    endloop
  endfacet
  facet normal 0.146385 -0.989228 0
    outer loop
      vertex 83.7366 67.3241 1.6
      vertex 83.8677 67.3435 19
      vertex 83.7366 67.3241 19
    endloop
  endfacet
  facet normal 0.146385 -0.989228 0
    outer loop
      vertex 83.8677 67.3435 19
      vertex 83.7366 67.3241 1.6
      vertex 83.8677 67.3435 1.6
    endloop
  endfacet
  facet normal 0.904168 -0.427178 0
    outer loop
      vertex 82.7528 66.5166 19
      vertex 82.8094 66.6364 1.6
      vertex 82.8094 66.6364 19
    endloop
  endfacet
  facet normal 0.904168 -0.427178 0
    outer loop
      vertex 82.8094 66.6364 1.6
      vertex 82.7528 66.5166 19
      vertex 82.7528 66.5166 1.6
    endloop
  endfacet
  facet normal 0.970009 -0.243068 0
    outer loop
      vertex 82.6759 66.2634 19
      vertex 82.7081 66.3919 1.6
      vertex 82.7081 66.3919 19
    endloop
  endfacet
  facet normal 0.970009 -0.243068 0
    outer loop
      vertex 82.7081 66.3919 1.6
      vertex 82.6759 66.2634 19
      vertex 82.6759 66.2634 1.6
    endloop
  endfacet
  facet normal -0.243068 -0.970009 0
    outer loop
      vertex 84.2634 67.3241 1.6
      vertex 84.3919 67.2919 19
      vertex 84.2634 67.3241 19
    endloop
  endfacet
  facet normal -0.243068 -0.970009 -0
    outer loop
      vertex 84.3919 67.2919 19
      vertex 84.2634 67.3241 1.6
      vertex 84.3919 67.2919 1.6
    endloop
  endfacet
  facet normal 0.970009 0.243068 0
    outer loop
      vertex 82.7081 65.6081 19
      vertex 82.6759 65.7366 1.6
      vertex 82.6759 65.7366 19
    endloop
  endfacet
  facet normal 0.970009 0.243068 0
    outer loop
      vertex 82.6759 65.7366 1.6
      vertex 82.7081 65.6081 19
      vertex 82.7081 65.6081 1.6
    endloop
  endfacet
  facet normal 0.427178 0.904168 -0
    outer loop
      vertex 83.4834 64.7528 1.6
      vertex 83.3636 64.8094 19
      vertex 83.4834 64.7528 19
    endloop
  endfacet
  facet normal 0.427178 0.904168 0
    outer loop
      vertex 83.3636 64.8094 19
      vertex 83.4834 64.7528 1.6
      vertex 83.3636 64.8094 1.6
    endloop
  endfacet
  facet normal 0.740963 0.671545 0
    outer loop
      vertex 83.0454 65.0454 19
      vertex 82.9564 65.1436 1.6
      vertex 82.9564 65.1436 19
    endloop
  endfacet
  facet normal 0.740963 0.671545 0
    outer loop
      vertex 82.9564 65.1436 1.6
      vertex 83.0454 65.0454 19
      vertex 83.0454 65.0454 1.6
    endloop
  endfacet
  facet normal -0.427178 0.904168 0
    outer loop
      vertex 84.6364 64.8094 1.6
      vertex 84.5166 64.7528 19
      vertex 84.6364 64.8094 19
    endloop
  endfacet
  facet normal -0.427178 0.904168 0
    outer loop
      vertex 84.5166 64.7528 19
      vertex 84.6364 64.8094 1.6
      vertex 84.5166 64.7528 1.6
    endloop
  endfacet
  facet normal -0.0490716 0.998795 0
    outer loop
      vertex 84.1323 64.6565 1.6
      vertex 84 64.65 19
      vertex 84.1323 64.6565 19
    endloop
  endfacet
  facet normal -0.0490716 0.998795 0
    outer loop
      vertex 84 64.65 19
      vertex 84.1323 64.6565 1.6
      vertex 84 64.65 1.6
    endloop
  endfacet
  facet normal 0.989228 0.146385 0
    outer loop
      vertex 82.6759 65.7366 19
      vertex 82.6565 65.8677 1.6
      vertex 82.6565 65.8677 19
    endloop
  endfacet
  facet normal 0.989228 0.146385 0
    outer loop
      vertex 82.6565 65.8677 1.6
      vertex 82.6759 65.7366 19
      vertex 82.6759 65.7366 1.6
    endloop
  endfacet
  facet normal -0.595643 0.803249 0
    outer loop
      vertex 84.8564 64.9564 1.6
      vertex 84.75 64.8775 19
      vertex 84.8564 64.9564 19
    endloop
  endfacet
  facet normal -0.595643 0.803249 0
    outer loop
      vertex 84.75 64.8775 19
      vertex 84.8564 64.9564 1.6
      vertex 84.75 64.8775 1.6
    endloop
  endfacet
  facet normal 0.803249 0.595643 0
    outer loop
      vertex 82.9564 65.1436 19
      vertex 82.8775 65.25 1.6
      vertex 82.8775 65.25 19
    endloop
  endfacet
  facet normal 0.803249 0.595643 0
    outer loop
      vertex 82.8775 65.25 1.6
      vertex 82.9564 65.1436 19
      vertex 82.9564 65.1436 1.6
    endloop
  endfacet
  facet normal 0.998795 -0.0490716 0
    outer loop
      vertex 82.65 66 19
      vertex 82.6565 66.1323 1.6
      vertex 82.6565 66.1323 19
    endloop
  endfacet
  facet normal 0.998795 -0.0490716 0
    outer loop
      vertex 82.6565 66.1323 1.6
      vertex 82.65 66 19
      vertex 82.65 66 1.6
    endloop
  endfacet
  facet normal -0.740963 0.671545 0
    outer loop
      vertex 84.9546 65.0454 1.6
      vertex 85.0436 65.1436 19
      vertex 85.0436 65.1436 1.6
    endloop
  endfacet
  facet normal -0.740963 0.671545 0
    outer loop
      vertex 85.0436 65.1436 19
      vertex 84.9546 65.0454 1.6
      vertex 84.9546 65.0454 19
    endloop
  endfacet
  facet normal 0.989176 0.146734 0
    outer loop
      vertex 9.48315 6.34306 19
      vertex 9.43275 6.68282 1.6
      vertex 9.43275 6.68282 19
    endloop
  endfacet
  facet normal 0.989176 0.146734 0
    outer loop
      vertex 9.43275 6.68282 1.6
      vertex 9.48315 6.34306 19
      vertex 9.48315 6.34306 1.6
    endloop
  endfacet
  facet normal 0.998796 0.0490576 0
    outer loop
      vertex 9.5 6 19
      vertex 9.48315 6.34306 1.6
      vertex 9.48315 6.34306 19
    endloop
  endfacet
  facet normal 0.998796 0.0490576 0
    outer loop
      vertex 9.48315 6.34306 1.6
      vertex 9.5 6 19
      vertex 9.5 6 1.6
    endloop
  endfacet
  facet normal 0.970029 0.242988 0
    outer loop
      vertex 9.43275 6.68282 19
      vertex 9.34929 7.016 1.6
      vertex 9.34929 7.016 19
    endloop
  endfacet
  facet normal 0.970029 0.242988 0
    outer loop
      vertex 9.34929 7.016 1.6
      vertex 9.43275 6.68282 19
      vertex 9.43275 6.68282 1.6
    endloop
  endfacet
  facet normal 0.336888 0.941545 -0
    outer loop
      vertex 7.33939 9.23358 1.6
      vertex 7.016 9.34929 19
      vertex 7.33939 9.23358 19
    endloop
  endfacet
  facet normal 0.336888 0.941545 0
    outer loop
      vertex 7.016 9.34929 19
      vertex 7.33939 9.23358 1.6
      vertex 7.016 9.34929 1.6
    endloop
  endfacet
  facet normal -0.514086 0.857739 0
    outer loop
      vertex 4.35011 9.08672 1.6
      vertex 4.20542 9 19
      vertex 4.35011 9.08672 19
    endloop
  endfacet
  facet normal -0.514086 0.857739 0
    outer loop
      vertex 4.20542 9 19
      vertex 4.35011 9.08672 1.6
      vertex 4.20542 9 1.6
    endloop
  endfacet
  facet normal -0.242988 0.970029 0
    outer loop
      vertex 5.31718 9.43275 1.6
      vertex 4.984 9.34929 19
      vertex 5.31718 9.43275 19
    endloop
  endfacet
  facet normal -0.242988 0.970029 0
    outer loop
      vertex 4.984 9.34929 19
      vertex 5.31718 9.43275 1.6
      vertex 4.984 9.34929 1.6
    endloop
  endfacet
  facet normal 0.146734 0.989176 -0
    outer loop
      vertex 6.68282 9.43275 1.6
      vertex 6.34306 9.48315 19
      vertex 6.68282 9.43275 19
    endloop
  endfacet
  facet normal 0.146734 0.989176 0
    outer loop
      vertex 6.34306 9.48315 19
      vertex 6.68282 9.43275 1.6
      vertex 6.34306 9.48315 1.6
    endloop
  endfacet
  facet normal 0.989176 -0.146734 0
    outer loop
      vertex 9.43275 5.31718 19
      vertex 9.48315 5.65694 1.6
      vertex 9.48315 5.65694 19
    endloop
  endfacet
  facet normal 0.989176 -0.146734 0
    outer loop
      vertex 9.48315 5.65694 1.6
      vertex 9.43275 5.31718 19
      vertex 9.43275 5.31718 1.6
    endloop
  endfacet
  facet normal 0.427566 0.903984 -0
    outer loop
      vertex 7.64989 9.08672 1.6
      vertex 7.33939 9.23358 19
      vertex 7.64989 9.08672 19
    endloop
  endfacet
  facet normal 0.427566 0.903984 0
    outer loop
      vertex 7.33939 9.23358 19
      vertex 7.64989 9.08672 1.6
      vertex 7.33939 9.23358 1.6
    endloop
  endfacet
  facet normal 0.970029 -0.242988 0
    outer loop
      vertex 9.34929 4.984 19
      vertex 9.43275 5.31718 1.6
      vertex 9.43275 5.31718 19
    endloop
  endfacet
  facet normal 0.970029 -0.242988 0
    outer loop
      vertex 9.43275 5.31718 1.6
      vertex 9.34929 4.984 19
      vertex 9.34929 4.984 1.6
    endloop
  endfacet
  facet normal -0.0490576 0.998796 0
    outer loop
      vertex 6 9.5 1.6
      vertex 5.65694 9.48315 19
      vertex 6 9.5 19
    endloop
  endfacet
  facet normal -0.0490576 0.998796 0
    outer loop
      vertex 5.65694 9.48315 19
      vertex 6 9.5 1.6
      vertex 5.65694 9.48315 1.6
    endloop
  endfacet
  facet normal 0.671581 0.740931 -0
    outer loop
      vertex 8.47487 8.47487 1.6
      vertex 8.22038 8.70554 19
      vertex 8.47487 8.47487 19
    endloop
  endfacet
  facet normal 0.671581 0.740931 0
    outer loop
      vertex 8.22038 8.70554 19
      vertex 8.47487 8.47487 1.6
      vertex 8.22038 8.70554 1.6
    endloop
  endfacet
  facet normal -0.427566 0.903984 0
    outer loop
      vertex 4.66061 9.23358 1.6
      vertex 4.35011 9.08672 19
      vertex 4.66061 9.23358 19
    endloop
  endfacet
  facet normal -0.427566 0.903984 0
    outer loop
      vertex 4.35011 9.08672 19
      vertex 4.66061 9.23358 1.6
      vertex 4.35011 9.08672 1.6
    endloop
  endfacet
  facet normal -0.336888 0.941545 0
    outer loop
      vertex 4.984 9.34929 1.6
      vertex 4.66061 9.23358 19
      vertex 4.984 9.34929 19
    endloop
  endfacet
  facet normal -0.336888 0.941545 0
    outer loop
      vertex 4.66061 9.23358 19
      vertex 4.984 9.34929 1.6
      vertex 4.66061 9.23358 1.6
    endloop
  endfacet
  facet normal 0.803217 0.595687 0
    outer loop
      vertex 8.91014 7.9445 19
      vertex 8.70554 8.22038 1.6
      vertex 8.70554 8.22038 19
    endloop
  endfacet
  facet normal 0.803217 0.595687 0
    outer loop
      vertex 8.70554 8.22038 1.6
      vertex 8.91014 7.9445 19
      vertex 8.91014 7.9445 1.6
    endloop
  endfacet
  facet normal 0.998796 -0.0490576 0
    outer loop
      vertex 9.48315 5.65694 19
      vertex 9.5 6 1.6
      vertex 9.5 6 19
    endloop
  endfacet
  facet normal 0.998796 -0.0490576 0
    outer loop
      vertex 9.5 6 1.6
      vertex 9.48315 5.65694 19
      vertex 9.48315 5.65694 1.6
    endloop
  endfacet
  facet normal 0.903984 -0.427566 0
    outer loop
      vertex 9.08672 4.35011 19
      vertex 9.23358 4.66061 1.6
      vertex 9.23358 4.66061 19
    endloop
  endfacet
  facet normal 0.903984 -0.427566 0
    outer loop
      vertex 9.23358 4.66061 1.6
      vertex 9.08672 4.35011 19
      vertex 9.08672 4.35011 1.6
    endloop
  endfacet
  facet normal 0.857732 0.514098 0
    outer loop
      vertex 9.08672 7.64989 19
      vertex 8.91014 7.9445 1.6
      vertex 8.91014 7.9445 19
    endloop
  endfacet
  facet normal 0.857732 0.514098 0
    outer loop
      vertex 8.91014 7.9445 1.6
      vertex 9.08672 7.64989 19
      vertex 9.08672 7.64989 1.6
    endloop
  endfacet
  facet normal 0.595687 0.803217 -0
    outer loop
      vertex 8.22038 8.70554 1.6
      vertex 7.9445 8.91014 19
      vertex 8.22038 8.70554 19
    endloop
  endfacet
  facet normal 0.595687 0.803217 0
    outer loop
      vertex 7.9445 8.91014 19
      vertex 8.22038 8.70554 1.6
      vertex 7.9445 8.91014 1.6
    endloop
  endfacet
  facet normal 0.514098 0.857732 -0
    outer loop
      vertex 7.9445 8.91014 1.6
      vertex 7.64989 9.08672 19
      vertex 7.9445 8.91014 19
    endloop
  endfacet
  facet normal 0.514098 0.857732 0
    outer loop
      vertex 7.64989 9.08672 19
      vertex 7.9445 8.91014 1.6
      vertex 7.64989 9.08672 1.6
    endloop
  endfacet
  facet normal 0.941545 0.336888 0
    outer loop
      vertex 9.34929 7.016 19
      vertex 9.23358 7.33939 1.6
      vertex 9.23358 7.33939 19
    endloop
  endfacet
  facet normal 0.941545 0.336888 0
    outer loop
      vertex 9.23358 7.33939 1.6
      vertex 9.34929 7.016 19
      vertex 9.34929 7.016 1.6
    endloop
  endfacet
  facet normal 0.857739 -0.514086 0
    outer loop
      vertex 9 4.20542 19
      vertex 9.08672 4.35011 1.6
      vertex 9.08672 4.35011 19
    endloop
  endfacet
  facet normal 0.857739 -0.514086 0
    outer loop
      vertex 9.08672 4.35011 1.6
      vertex 9 4.20542 19
      vertex 9 4.20542 1.6
    endloop
  endfacet
  facet normal 0.941545 -0.336888 0
    outer loop
      vertex 9.23358 4.66061 19
      vertex 9.34929 4.984 1.6
      vertex 9.34929 4.984 19
    endloop
  endfacet
  facet normal 0.941545 -0.336888 0
    outer loop
      vertex 9.34929 4.984 1.6
      vertex 9.23358 4.66061 19
      vertex 9.23358 4.66061 1.6
    endloop
  endfacet
  facet normal -0.146734 0.989176 0
    outer loop
      vertex 5.65694 9.48315 1.6
      vertex 5.31718 9.43275 19
      vertex 5.65694 9.48315 19
    endloop
  endfacet
  facet normal -0.146734 0.989176 0
    outer loop
      vertex 5.31718 9.43275 19
      vertex 5.65694 9.48315 1.6
      vertex 5.31718 9.43275 1.6
    endloop
  endfacet
  facet normal 0.740931 0.671581 0
    outer loop
      vertex 8.70554 8.22038 19
      vertex 8.47487 8.47487 1.6
      vertex 8.47487 8.47487 19
    endloop
  endfacet
  facet normal 0.740931 0.671581 0
    outer loop
      vertex 8.47487 8.47487 1.6
      vertex 8.70554 8.22038 19
      vertex 8.70554 8.22038 1.6
    endloop
  endfacet
  facet normal 0.0490576 0.998796 -0
    outer loop
      vertex 6.34306 9.48315 1.6
      vertex 6 9.5 19
      vertex 6.34306 9.48315 19
    endloop
  endfacet
  facet normal 0.0490576 0.998796 0
    outer loop
      vertex 6 9.5 19
      vertex 6.34306 9.48315 1.6
      vertex 6 9.5 1.6
    endloop
  endfacet
  facet normal 0.903984 0.427566 0
    outer loop
      vertex 9.23358 7.33939 19
      vertex 9.08672 7.64989 1.6
      vertex 9.08672 7.64989 19
    endloop
  endfacet
  facet normal 0.903984 0.427566 0
    outer loop
      vertex 9.08672 7.64989 1.6
      vertex 9.23358 7.33939 19
      vertex 9.23358 7.33939 1.6
    endloop
  endfacet
  facet normal 0.242988 0.970029 -0
    outer loop
      vertex 7.016 9.34929 1.6
      vertex 6.68282 9.43275 19
      vertex 7.016 9.34929 19
    endloop
  endfacet
  facet normal 0.242988 0.970029 0
    outer loop
      vertex 6.68282 9.43275 19
      vertex 7.016 9.34929 1.6
      vertex 6.68282 9.43275 1.6
    endloop
  endfacet
  facet normal 0 0 -1
    outer loop
      vertex 6.63638 4.80941 1.6
      vertex 9 4.20542 1.6
      vertex 9 2 1.6
    endloop
  endfacet
  facet normal 0 -0 -1
    outer loop
      vertex 7.3435 5.86768 1.6
      vertex 9 4.20542 1.6
      vertex 7.32406 5.73663 1.6
    endloop
  endfacet
  facet normal 0 0 -1
    outer loop
      vertex 9 4.20542 1.6
      vertex 7.35 6 1.6
      vertex 8.91014 7.9445 1.6
    endloop
  endfacet
  facet normal 0 0 -1
    outer loop
      vertex 7.3435 6.13232 1.6
      vertex 8.91014 7.9445 1.6
      vertex 7.35 6 1.6
    endloop
  endfacet
  facet normal 0 0 -1
    outer loop
      vertex 7.29187 6.39188 1.6
      vertex 8.91014 7.9445 1.6
      vertex 7.32406 6.26337 1.6
    endloop
  endfacet
  facet normal 0 0 -1
    outer loop
      vertex 7.24724 6.51662 1.6
      vertex 8.91014 7.9445 1.6
      vertex 7.29187 6.39188 1.6
    endloop
  endfacet
  facet normal 0 0 -1
    outer loop
      vertex 7.19059 6.63638 1.6
      vertex 8.91014 7.9445 1.6
      vertex 7.24724 6.51662 1.6
    endloop
  endfacet
  facet normal 0 0 -1
    outer loop
      vertex 7.32406 6.26337 1.6
      vertex 8.91014 7.9445 1.6
      vertex 7.3435 6.13232 1.6
    endloop
  endfacet
  facet normal 0 -0 -1
    outer loop
      vertex 7.35 6 1.6
      vertex 9 4.20542 1.6
      vertex 7.3435 5.86768 1.6
    endloop
  endfacet
  facet normal 0 0 -1
    outer loop
      vertex 9 4.20542 1.6
      vertex 7.29187 5.60812 1.6
      vertex 7.32406 5.73663 1.6
    endloop
  endfacet
  facet normal 0 0 -1
    outer loop
      vertex 9 4.20542 1.6
      vertex 7.24724 5.48338 1.6
      vertex 7.29187 5.60812 1.6
    endloop
  endfacet
  facet normal 0 0 -1
    outer loop
      vertex 9 4.20542 1.6
      vertex 7.19059 5.36361 1.6
      vertex 7.24724 5.48338 1.6
    endloop
  endfacet
  facet normal 0 0 -1
    outer loop
      vertex 9 4.20542 1.6
      vertex 7.12248 5.24998 1.6
      vertex 7.19059 5.36361 1.6
    endloop
  endfacet
  facet normal 0 0 -1
    outer loop
      vertex 9 4.20542 1.6
      vertex 7.04356 5.14357 1.6
      vertex 7.12248 5.24998 1.6
    endloop
  endfacet
  facet normal 0 0 -1
    outer loop
      vertex 9 4.20542 1.6
      vertex 6.95459 5.04541 1.6
      vertex 7.04356 5.14357 1.6
    endloop
  endfacet
  facet normal 0 0 -1
    outer loop
      vertex 9 4.20542 1.6
      vertex 6.85643 4.95644 1.6
      vertex 6.95459 5.04541 1.6
    endloop
  endfacet
  facet normal 0 0 -1
    outer loop
      vertex 9 4.20542 1.6
      vertex 6.75002 4.87752 1.6
      vertex 6.85643 4.95644 1.6
    endloop
  endfacet
  facet normal 0 0 -1
    outer loop
      vertex 9 4.20542 1.6
      vertex 6.63638 4.80941 1.6
      vertex 6.75002 4.87752 1.6
    endloop
  endfacet
  facet normal 0 0 -1
    outer loop
      vertex 9 2 1.6
      vertex 6.51662 4.75276 1.6
      vertex 6.63638 4.80941 1.6
    endloop
  endfacet
  facet normal 0 0 -1
    outer loop
      vertex 9 2 1.6
      vertex 6.39188 4.70813 1.6
      vertex 6.51662 4.75276 1.6
    endloop
  endfacet
  facet normal 0 0 -1
    outer loop
      vertex 9 2 1.6
      vertex 6.26337 4.67594 1.6
      vertex 6.39188 4.70813 1.6
    endloop
  endfacet
  facet normal 0 0 -1
    outer loop
      vertex 9 2 1.6
      vertex 6.13232 4.6565 1.6
      vertex 6.26337 4.67594 1.6
    endloop
  endfacet
  facet normal 0 0 -1
    outer loop
      vertex 9 2 1.6
      vertex 6 4.65 1.6
      vertex 6.13232 4.6565 1.6
    endloop
  endfacet
  facet normal 0 0 -1
    outer loop
      vertex 3 2 1.6
      vertex 6 4.65 1.6
      vertex 9 2 1.6
    endloop
  endfacet
  facet normal -0 0 -1
    outer loop
      vertex 6 4.65 1.6
      vertex 3 2 1.6
      vertex 5.86768 4.6565 1.6
    endloop
  endfacet
  facet normal -0 0 -1
    outer loop
      vertex 5.86768 4.6565 1.6
      vertex 3 2 1.6
      vertex 5.73663 4.67594 1.6
    endloop
  endfacet
  facet normal 0 0 -1
    outer loop
      vertex 3 3 1.6
      vertex 5.73663 4.67594 1.6
      vertex 3 2 1.6
    endloop
  endfacet
  facet normal -0 0 -1
    outer loop
      vertex 5.73663 4.67594 1.6
      vertex 3 3 1.6
      vertex 5.60812 4.70813 1.6
    endloop
  endfacet
  facet normal -0 0 -1
    outer loop
      vertex 5.60812 4.70813 1.6
      vertex 3 3 1.6
      vertex 5.48338 4.75276 1.6
    endloop
  endfacet
  facet normal -0 0 -1
    outer loop
      vertex 5.48338 4.75276 1.6
      vertex 3 3 1.6
      vertex 5.36361 4.80941 1.6
    endloop
  endfacet
  facet normal 0 0 -1
    outer loop
      vertex 2 3 1.6
      vertex 4.65 6 1.6
      vertex 4.6565 5.86768 1.6
    endloop
  endfacet
  facet normal 0 0 -1
    outer loop
      vertex 4.65 6 1.6
      vertex 4.20542 9 1.6
      vertex 4.35011 9.08672 1.6
    endloop
  endfacet
  facet normal -0 0 -1
    outer loop
      vertex 5.36361 4.80941 1.6
      vertex 3 3 1.6
      vertex 5.24998 4.87752 1.6
    endloop
  endfacet
  facet normal -0 0 -1
    outer loop
      vertex 5.24998 4.87752 1.6
      vertex 3 3 1.6
      vertex 5.14357 4.95644 1.6
    endloop
  endfacet
  facet normal -0 0 -1
    outer loop
      vertex 5.14357 4.95644 1.6
      vertex 3 3 1.6
      vertex 5.04541 5.04541 1.6
    endloop
  endfacet
  facet normal -0 0 -1
    outer loop
      vertex 5.04541 5.04541 1.6
      vertex 3 3 1.6
      vertex 4.95644 5.14357 1.6
    endloop
  endfacet
  facet normal -0 0 -1
    outer loop
      vertex 4.95644 5.14357 1.6
      vertex 3 3 1.6
      vertex 4.87752 5.24998 1.6
    endloop
  endfacet
  facet normal -0 0 -1
    outer loop
      vertex 4.87752 5.24998 1.6
      vertex 3 3 1.6
      vertex 4.80941 5.36361 1.6
    endloop
  endfacet
  facet normal -0 0 -1
    outer loop
      vertex 4.80941 5.36361 1.6
      vertex 3 3 1.6
      vertex 4.75276 5.48338 1.6
    endloop
  endfacet
  facet normal -0 0 -1
    outer loop
      vertex 4.75276 5.48338 1.6
      vertex 3 3 1.6
      vertex 4.70813 5.60812 1.6
    endloop
  endfacet
  facet normal -0 0 -1
    outer loop
      vertex 4.70813 5.60812 1.6
      vertex 3 3 1.6
      vertex 4.67594 5.73663 1.6
    endloop
  endfacet
  facet normal 0 0 -1
    outer loop
      vertex 2 3 1.6
      vertex 4.67594 5.73663 1.6
      vertex 3 3 1.6
    endloop
  endfacet
  facet normal -0 0 -1
    outer loop
      vertex 4.67594 5.73663 1.6
      vertex 2 3 1.6
      vertex 4.6565 5.86768 1.6
    endloop
  endfacet
  facet normal -0 0 -1
    outer loop
      vertex 4.65 6 1.6
      vertex 2 3 1.6
      vertex 2 9 1.6
    endloop
  endfacet
  facet normal 0 0 -1
    outer loop
      vertex 4.65 6 1.6
      vertex 2 9 1.6
      vertex 4.20542 9 1.6
    endloop
  endfacet
  facet normal 0 0 -1
    outer loop
      vertex 9.48315 5.65694 1.6
      vertex 9.48315 6.34306 1.6
      vertex 9.5 6 1.6
    endloop
  endfacet
  facet normal 0 0 -1
    outer loop
      vertex 9.43275 5.31718 1.6
      vertex 9.48315 6.34306 1.6
      vertex 9.48315 5.65694 1.6
    endloop
  endfacet
  facet normal 0 0 -1
    outer loop
      vertex 9.43275 5.31718 1.6
      vertex 9.43275 6.68282 1.6
      vertex 9.48315 6.34306 1.6
    endloop
  endfacet
  facet normal 0 0 -1
    outer loop
      vertex 9.34929 4.984 1.6
      vertex 9.43275 6.68282 1.6
      vertex 9.43275 5.31718 1.6
    endloop
  endfacet
  facet normal 0 0 -1
    outer loop
      vertex 9.34929 4.984 1.6
      vertex 9.34929 7.016 1.6
      vertex 9.43275 6.68282 1.6
    endloop
  endfacet
  facet normal 0 0 -1
    outer loop
      vertex 9.23358 4.66061 1.6
      vertex 9.34929 7.016 1.6
      vertex 9.34929 4.984 1.6
    endloop
  endfacet
  facet normal 0 0 -1
    outer loop
      vertex 9.23358 4.66061 1.6
      vertex 9.23358 7.33939 1.6
      vertex 9.34929 7.016 1.6
    endloop
  endfacet
  facet normal 0 0 -1
    outer loop
      vertex 9 4.20542 1.6
      vertex 9.23358 4.66061 1.6
      vertex 9.08672 4.35011 1.6
    endloop
  endfacet
  facet normal -0 0 -1
    outer loop
      vertex 9.23358 4.66061 1.6
      vertex 9 4.20542 1.6
      vertex 9.23358 7.33939 1.6
    endloop
  endfacet
  facet normal -0 0 -1
    outer loop
      vertex 9.23358 7.33939 1.6
      vertex 9 4.20542 1.6
      vertex 9.08672 7.64989 1.6
    endloop
  endfacet
  facet normal -0 0 -1
    outer loop
      vertex 9.08672 7.64989 1.6
      vertex 9 4.20542 1.6
      vertex 8.91014 7.9445 1.6
    endloop
  endfacet
  facet normal 0 0 -1
    outer loop
      vertex 7.12248 6.75002 1.6
      vertex 8.91014 7.9445 1.6
      vertex 7.19059 6.63638 1.6
    endloop
  endfacet
  facet normal -0 0 -1
    outer loop
      vertex 8.91014 7.9445 1.6
      vertex 7.12248 6.75002 1.6
      vertex 8.70554 8.22038 1.6
    endloop
  endfacet
  facet normal 0 0 -1
    outer loop
      vertex 7.04356 6.85643 1.6
      vertex 8.70554 8.22038 1.6
      vertex 7.12248 6.75002 1.6
    endloop
  endfacet
  facet normal -0 0 -1
    outer loop
      vertex 8.70554 8.22038 1.6
      vertex 7.04356 6.85643 1.6
      vertex 8.47487 8.47487 1.6
    endloop
  endfacet
  facet normal 0 0 -1
    outer loop
      vertex 6.95459 6.95459 1.6
      vertex 8.47487 8.47487 1.6
      vertex 7.04356 6.85643 1.6
    endloop
  endfacet
  facet normal -0 0 -1
    outer loop
      vertex 8.47487 8.47487 1.6
      vertex 6.95459 6.95459 1.6
      vertex 8.22038 8.70554 1.6
    endloop
  endfacet
  facet normal 0 0 -1
    outer loop
      vertex 6.85643 7.04356 1.6
      vertex 8.22038 8.70554 1.6
      vertex 6.95459 6.95459 1.6
    endloop
  endfacet
  facet normal -0 0 -1
    outer loop
      vertex 8.22038 8.70554 1.6
      vertex 6.85643 7.04356 1.6
      vertex 7.9445 8.91014 1.6
    endloop
  endfacet
  facet normal 0 0 -1
    outer loop
      vertex 6.75002 7.12248 1.6
      vertex 7.9445 8.91014 1.6
      vertex 6.85643 7.04356 1.6
    endloop
  endfacet
  facet normal -0 0 -1
    outer loop
      vertex 7.9445 8.91014 1.6
      vertex 6.75002 7.12248 1.6
      vertex 7.64989 9.08672 1.6
    endloop
  endfacet
  facet normal 0 0 -1
    outer loop
      vertex 6.63638 7.19059 1.6
      vertex 7.64989 9.08672 1.6
      vertex 6.75002 7.12248 1.6
    endloop
  endfacet
  facet normal -0 0 -1
    outer loop
      vertex 7.64989 9.08672 1.6
      vertex 6.63638 7.19059 1.6
      vertex 7.33939 9.23358 1.6
    endloop
  endfacet
  facet normal 0 0 -1
    outer loop
      vertex 6.51662 7.24724 1.6
      vertex 7.33939 9.23358 1.6
      vertex 6.63638 7.19059 1.6
    endloop
  endfacet
  facet normal -0 0 -1
    outer loop
      vertex 7.33939 9.23358 1.6
      vertex 6.51662 7.24724 1.6
      vertex 7.016 9.34929 1.6
    endloop
  endfacet
  facet normal 0 0 -1
    outer loop
      vertex 6.39188 7.29187 1.6
      vertex 7.016 9.34929 1.6
      vertex 6.51662 7.24724 1.6
    endloop
  endfacet
  facet normal -0 0 -1
    outer loop
      vertex 7.016 9.34929 1.6
      vertex 6.39188 7.29187 1.6
      vertex 6.68282 9.43275 1.6
    endloop
  endfacet
  facet normal 0 0 -1
    outer loop
      vertex 6.26337 7.32406 1.6
      vertex 6.68282 9.43275 1.6
      vertex 6.39188 7.29187 1.6
    endloop
  endfacet
  facet normal -0 0 -1
    outer loop
      vertex 6.68282 9.43275 1.6
      vertex 6.26337 7.32406 1.6
      vertex 6.34306 9.48315 1.6
    endloop
  endfacet
  facet normal 0 0 -1
    outer loop
      vertex 6.13232 7.3435 1.6
      vertex 6.34306 9.48315 1.6
      vertex 6.26337 7.32406 1.6
    endloop
  endfacet
  facet normal 0 0 -1
    outer loop
      vertex 6 7.35 1.6
      vertex 6.34306 9.48315 1.6
      vertex 6.13232 7.3435 1.6
    endloop
  endfacet
  facet normal 0 0 -1
    outer loop
      vertex 6 7.35 1.6
      vertex 6 9.5 1.6
      vertex 6.34306 9.48315 1.6
    endloop
  endfacet
  facet normal 0 0 -1
    outer loop
      vertex 5.86768 7.3435 1.6
      vertex 6 9.5 1.6
      vertex 6 7.35 1.6
    endloop
  endfacet
  facet normal 0 0 -1
    outer loop
      vertex 5.65694 9.48315 1.6
      vertex 5.86768 7.3435 1.6
      vertex 5.73663 7.32406 1.6
    endloop
  endfacet
  facet normal 0 0 -1
    outer loop
      vertex 5.86768 7.3435 1.6
      vertex 5.65694 9.48315 1.6
      vertex 6 9.5 1.6
    endloop
  endfacet
  facet normal 0 0 -1
    outer loop
      vertex 5.31718 9.43275 1.6
      vertex 5.73663 7.32406 1.6
      vertex 5.60812 7.29187 1.6
    endloop
  endfacet
  facet normal 0 0 -1
    outer loop
      vertex 4.984 9.34929 1.6
      vertex 5.60812 7.29187 1.6
      vertex 5.48338 7.24724 1.6
    endloop
  endfacet
  facet normal 0 0 -1
    outer loop
      vertex 4.66061 9.23358 1.6
      vertex 5.48338 7.24724 1.6
      vertex 5.36361 7.19059 1.6
    endloop
  endfacet
  facet normal 0 0 -1
    outer loop
      vertex 5.73663 7.32406 1.6
      vertex 5.31718 9.43275 1.6
      vertex 5.65694 9.48315 1.6
    endloop
  endfacet
  facet normal 0 0 -1
    outer loop
      vertex 4.35011 9.08672 1.6
      vertex 5.36361 7.19059 1.6
      vertex 5.24998 7.12248 1.6
    endloop
  endfacet
  facet normal 0 0 -1
    outer loop
      vertex 4.35011 9.08672 1.6
      vertex 5.24998 7.12248 1.6
      vertex 5.14357 7.04356 1.6
    endloop
  endfacet
  facet normal 0 0 -1
    outer loop
      vertex 4.35011 9.08672 1.6
      vertex 5.14357 7.04356 1.6
      vertex 5.04541 6.95459 1.6
    endloop
  endfacet
  facet normal 0 0 -1
    outer loop
      vertex 5.60812 7.29187 1.6
      vertex 4.984 9.34929 1.6
      vertex 5.31718 9.43275 1.6
    endloop
  endfacet
  facet normal 0 0 -1
    outer loop
      vertex 4.35011 9.08672 1.6
      vertex 5.04541 6.95459 1.6
      vertex 4.95644 6.85643 1.6
    endloop
  endfacet
  facet normal 0 0 -1
    outer loop
      vertex 4.35011 9.08672 1.6
      vertex 4.95644 6.85643 1.6
      vertex 4.87752 6.75002 1.6
    endloop
  endfacet
  facet normal 0 0 -1
    outer loop
      vertex 4.35011 9.08672 1.6
      vertex 4.87752 6.75002 1.6
      vertex 4.80941 6.63638 1.6
    endloop
  endfacet
  facet normal 0 0 -1
    outer loop
      vertex 4.35011 9.08672 1.6
      vertex 4.80941 6.63638 1.6
      vertex 4.75276 6.51662 1.6
    endloop
  endfacet
  facet normal 0 0 -1
    outer loop
      vertex 4.35011 9.08672 1.6
      vertex 4.75276 6.51662 1.6
      vertex 4.70813 6.39188 1.6
    endloop
  endfacet
  facet normal 0 0 -1
    outer loop
      vertex 4.35011 9.08672 1.6
      vertex 4.70813 6.39188 1.6
      vertex 4.67594 6.26337 1.6
    endloop
  endfacet
  facet normal 0 0 -1
    outer loop
      vertex 5.48338 7.24724 1.6
      vertex 4.66061 9.23358 1.6
      vertex 4.984 9.34929 1.6
    endloop
  endfacet
  facet normal 0 0 -1
    outer loop
      vertex 4.35011 9.08672 1.6
      vertex 4.67594 6.26337 1.6
      vertex 4.6565 6.13232 1.6
    endloop
  endfacet
  facet normal 0 0 -1
    outer loop
      vertex 4.35011 9.08672 1.6
      vertex 4.6565 6.13232 1.6
      vertex 4.65 6 1.6
    endloop
  endfacet
  facet normal 0 0 -1
    outer loop
      vertex 5.36361 7.19059 1.6
      vertex 4.35011 9.08672 1.6
      vertex 4.66061 9.23358 1.6
    endloop
  endfacet
  facet normal 0 1 -0
    outer loop
      vertex 4.20542 9 1.6
      vertex 2 9 19
      vertex 4.20542 9 19
    endloop
  endfacet
  facet normal 0 1 0
    outer loop
      vertex 2 9 19
      vertex 4.20542 9 1.6
      vertex 2 9 1.6
    endloop
  endfacet
  facet normal 0 -1 0
    outer loop
      vertex 2 3 1.6
      vertex 3 3 19
      vertex 2 3 19
    endloop
  endfacet
  facet normal 0 -1 -0
    outer loop
      vertex 3 3 19
      vertex 2 3 1.6
      vertex 3 3 1.6
    endloop
  endfacet
  facet normal 1 -0 0
    outer loop
      vertex 9 2 19
      vertex 9 4.20542 1.6
      vertex 9 4.20542 19
    endloop
  endfacet
  facet normal 1 0 0
    outer loop
      vertex 9 4.20542 1.6
      vertex 9 2 19
      vertex 9 2 1.6
    endloop
  endfacet
  facet normal -1 0 0
    outer loop
      vertex 3 2 1.6
      vertex 3 3 19
      vertex 3 3 1.6
    endloop
  endfacet
  facet normal -1 -0 0
    outer loop
      vertex 3 3 19
      vertex 3 2 1.6
      vertex 3 2 19
    endloop
  endfacet
  facet normal -0.989176 -0.146735 0
    outer loop
      vertex 7.3435 6.13232 1.6
      vertex 7.32406 6.26337 19
      vertex 7.32406 6.26337 1.6
    endloop
  endfacet
  facet normal -0.989176 -0.146735 0
    outer loop
      vertex 7.32406 6.26337 19
      vertex 7.3435 6.13232 1.6
      vertex 7.3435 6.13232 19
    endloop
  endfacet
  facet normal -0.998796 -0.0490642 0
    outer loop
      vertex 7.35 6 1.6
      vertex 7.3435 6.13232 19
      vertex 7.3435 6.13232 1.6
    endloop
  endfacet
  facet normal -0.998796 -0.0490642 0
    outer loop
      vertex 7.3435 6.13232 19
      vertex 7.35 6 1.6
      vertex 7.35 6 19
    endloop
  endfacet
  facet normal -0.970031 -0.24298 0
    outer loop
      vertex 7.32406 6.26337 1.6
      vertex 7.29187 6.39188 19
      vertex 7.29187 6.39188 1.6
    endloop
  endfacet
  facet normal -0.970031 -0.24298 0
    outer loop
      vertex 7.29187 6.39188 19
      vertex 7.32406 6.26337 1.6
      vertex 7.32406 6.26337 19
    endloop
  endfacet
  facet normal 0.24298 -0.970031 0
    outer loop
      vertex 5.60812 7.29187 1.6
      vertex 5.73663 7.32406 19
      vertex 5.60812 7.29187 19
    endloop
  endfacet
  facet normal 0.24298 -0.970031 0
    outer loop
      vertex 5.73663 7.32406 19
      vertex 5.60812 7.29187 1.6
      vertex 5.73663 7.32406 1.6
    endloop
  endfacet
  facet normal 0.903981 0.427574 0
    outer loop
      vertex 4.80941 5.36361 19
      vertex 4.75276 5.48338 1.6
      vertex 4.75276 5.48338 19
    endloop
  endfacet
  facet normal 0.903981 0.427574 0
    outer loop
      vertex 4.75276 5.48338 1.6
      vertex 4.80941 5.36361 19
      vertex 4.80941 5.36361 1.6
    endloop
  endfacet
  facet normal 0.24298 0.970031 -0
    outer loop
      vertex 5.73663 4.67594 1.6
      vertex 5.60812 4.70813 19
      vertex 5.73663 4.67594 19
    endloop
  endfacet
  facet normal 0.24298 0.970031 0
    outer loop
      vertex 5.60812 4.70813 19
      vertex 5.73663 4.67594 1.6
      vertex 5.60812 4.70813 1.6
    endloop
  endfacet
  facet normal -0.514085 0.857739 0
    outer loop
      vertex 6.75002 4.87752 1.6
      vertex 6.63638 4.80941 19
      vertex 6.75002 4.87752 19
    endloop
  endfacet
  facet normal -0.514085 0.857739 0
    outer loop
      vertex 6.63638 4.80941 19
      vertex 6.75002 4.87752 1.6
      vertex 6.63638 4.80941 1.6
    endloop
  endfacet
  facet normal 0.336872 0.94155 -0
    outer loop
      vertex 5.60812 4.70813 1.6
      vertex 5.48338 4.75276 19
      vertex 5.60812 4.70813 19
    endloop
  endfacet
  facet normal 0.336872 0.94155 0
    outer loop
      vertex 5.48338 4.75276 19
      vertex 5.60812 4.70813 1.6
      vertex 5.48338 4.75276 1.6
    endloop
  endfacet
  facet normal -0.336872 0.94155 0
    outer loop
      vertex 6.51662 4.75276 1.6
      vertex 6.39188 4.70813 19
      vertex 6.51662 4.75276 19
    endloop
  endfacet
  facet normal -0.336872 0.94155 0
    outer loop
      vertex 6.39188 4.70813 19
      vertex 6.51662 4.75276 1.6
      vertex 6.39188 4.70813 1.6
    endloop
  endfacet
  facet normal 0.671571 -0.74094 0
    outer loop
      vertex 5.04541 6.95459 1.6
      vertex 5.14357 7.04356 19
      vertex 5.04541 6.95459 19
    endloop
  endfacet
  facet normal 0.671571 -0.74094 0
    outer loop
      vertex 5.14357 7.04356 19
      vertex 5.04541 6.95459 1.6
      vertex 5.14357 7.04356 1.6
    endloop
  endfacet
  facet normal -0.24298 0.970031 0
    outer loop
      vertex 6.39188 4.70813 1.6
      vertex 6.26337 4.67594 19
      vertex 6.39188 4.70813 19
    endloop
  endfacet
  facet normal -0.24298 0.970031 0
    outer loop
      vertex 6.26337 4.67594 19
      vertex 6.39188 4.70813 1.6
      vertex 6.26337 4.67594 1.6
    endloop
  endfacet
  facet normal 0.857739 -0.514085 0
    outer loop
      vertex 4.80941 6.63638 19
      vertex 4.87752 6.75002 1.6
      vertex 4.87752 6.75002 19
    endloop
  endfacet
  facet normal 0.857739 -0.514085 0
    outer loop
      vertex 4.87752 6.75002 1.6
      vertex 4.80941 6.63638 19
      vertex 4.80941 6.63638 1.6
    endloop
  endfacet
  facet normal 0.989176 -0.146735 0
    outer loop
      vertex 4.6565 6.13232 19
      vertex 4.67594 6.26337 1.6
      vertex 4.67594 6.26337 19
    endloop
  endfacet
  facet normal 0.989176 -0.146735 0
    outer loop
      vertex 4.67594 6.26337 1.6
      vertex 4.6565 6.13232 19
      vertex 4.6565 6.13232 1.6
    endloop
  endfacet
  facet normal -0.903967 -0.427603 0
    outer loop
      vertex 7.24724 6.51662 1.6
      vertex 7.19059 6.63638 19
      vertex 7.19059 6.63638 1.6
    endloop
  endfacet
  facet normal -0.903967 -0.427603 0
    outer loop
      vertex 7.19059 6.63638 19
      vertex 7.24724 6.51662 1.6
      vertex 7.24724 6.51662 19
    endloop
  endfacet
  facet normal -0.803204 0.595704 0
    outer loop
      vertex 7.04356 5.14357 1.6
      vertex 7.12248 5.24998 19
      vertex 7.12248 5.24998 1.6
    endloop
  endfacet
  facet normal -0.803204 0.595704 0
    outer loop
      vertex 7.12248 5.24998 19
      vertex 7.04356 5.14357 1.6
      vertex 7.04356 5.14357 19
    endloop
  endfacet
  facet normal 0.595704 -0.803204 0
    outer loop
      vertex 5.14357 7.04356 1.6
      vertex 5.24998 7.12248 19
      vertex 5.14357 7.04356 19
    endloop
  endfacet
  facet normal 0.595704 -0.803204 0
    outer loop
      vertex 5.24998 7.12248 19
      vertex 5.14357 7.04356 1.6
      vertex 5.24998 7.12248 1.6
    endloop
  endfacet
  facet normal -0.595704 -0.803204 0
    outer loop
      vertex 6.75002 7.12248 1.6
      vertex 6.85643 7.04356 19
      vertex 6.75002 7.12248 19
    endloop
  endfacet
  facet normal -0.595704 -0.803204 -0
    outer loop
      vertex 6.85643 7.04356 19
      vertex 6.75002 7.12248 1.6
      vertex 6.85643 7.04356 1.6
    endloop
  endfacet
  facet normal -0.146735 -0.989176 0
    outer loop
      vertex 6.13232 7.3435 1.6
      vertex 6.26337 7.32406 19
      vertex 6.13232 7.3435 19
    endloop
  endfacet
  facet normal -0.146735 -0.989176 -0
    outer loop
      vertex 6.26337 7.32406 19
      vertex 6.13232 7.3435 1.6
      vertex 6.26337 7.32406 1.6
    endloop
  endfacet
  facet normal -0.803204 -0.595704 0
    outer loop
      vertex 7.12248 6.75002 1.6
      vertex 7.04356 6.85643 19
      vertex 7.04356 6.85643 1.6
    endloop
  endfacet
  facet normal -0.803204 -0.595704 0
    outer loop
      vertex 7.04356 6.85643 19
      vertex 7.12248 6.75002 1.6
      vertex 7.12248 6.75002 19
    endloop
  endfacet
  facet normal 0.514118 -0.857719 0
    outer loop
      vertex 5.24998 7.12248 1.6
      vertex 5.36361 7.19059 19
      vertex 5.24998 7.12248 19
    endloop
  endfacet
  facet normal 0.514118 -0.857719 0
    outer loop
      vertex 5.36361 7.19059 19
      vertex 5.24998 7.12248 1.6
      vertex 5.36361 7.19059 1.6
    endloop
  endfacet
  facet normal 0.146735 -0.989176 0
    outer loop
      vertex 5.73663 7.32406 1.6
      vertex 5.86768 7.3435 19
      vertex 5.73663 7.32406 19
    endloop
  endfacet
  facet normal 0.146735 -0.989176 0
    outer loop
      vertex 5.86768 7.3435 19
      vertex 5.73663 7.32406 1.6
      vertex 5.86768 7.3435 1.6
    endloop
  endfacet
  facet normal -0.514085 -0.857739 0
    outer loop
      vertex 6.63638 7.19059 1.6
      vertex 6.75002 7.12248 19
      vertex 6.63638 7.19059 19
    endloop
  endfacet
  facet normal -0.514085 -0.857739 -0
    outer loop
      vertex 6.75002 7.12248 19
      vertex 6.63638 7.19059 1.6
      vertex 6.75002 7.12248 1.6
    endloop
  endfacet
  facet normal -0.671571 -0.74094 0
    outer loop
      vertex 6.85643 7.04356 1.6
      vertex 6.95459 6.95459 19
      vertex 6.85643 7.04356 19
    endloop
  endfacet
  facet normal -0.671571 -0.74094 -0
    outer loop
      vertex 6.95459 6.95459 19
      vertex 6.85643 7.04356 1.6
      vertex 6.95459 6.95459 1.6
    endloop
  endfacet
  facet normal 0.94155 0.336872 0
    outer loop
      vertex 4.75276 5.48338 19
      vertex 4.70813 5.60812 1.6
      vertex 4.70813 5.60812 19
    endloop
  endfacet
  facet normal 0.94155 0.336872 0
    outer loop
      vertex 4.70813 5.60812 1.6
      vertex 4.75276 5.48338 19
      vertex 4.75276 5.48338 1.6
    endloop
  endfacet
  facet normal -0.998796 0.0490642 0
    outer loop
      vertex 7.3435 5.86768 1.6
      vertex 7.35 6 19
      vertex 7.35 6 1.6
    endloop
  endfacet
  facet normal -0.998796 0.0490642 0
    outer loop
      vertex 7.35 6 19
      vertex 7.3435 5.86768 1.6
      vertex 7.3435 5.86768 19
    endloop
  endfacet
  facet normal 0.427574 -0.903981 0
    outer loop
      vertex 5.36361 7.19059 1.6
      vertex 5.48338 7.24724 19
      vertex 5.36361 7.19059 19
    endloop
  endfacet
  facet normal 0.427574 -0.903981 0
    outer loop
      vertex 5.48338 7.24724 19
      vertex 5.36361 7.19059 1.6
      vertex 5.48338 7.24724 1.6
    endloop
  endfacet
  facet normal -0.903981 0.427574 0
    outer loop
      vertex 7.19059 5.36361 1.6
      vertex 7.24724 5.48338 19
      vertex 7.24724 5.48338 1.6
    endloop
  endfacet
  facet normal -0.903981 0.427574 0
    outer loop
      vertex 7.24724 5.48338 19
      vertex 7.19059 5.36361 1.6
      vertex 7.19059 5.36361 19
    endloop
  endfacet
  facet normal 0.595704 0.803204 -0
    outer loop
      vertex 5.24998 4.87752 1.6
      vertex 5.14357 4.95644 19
      vertex 5.24998 4.87752 19
    endloop
  endfacet
  facet normal 0.595704 0.803204 0
    outer loop
      vertex 5.14357 4.95644 19
      vertex 5.24998 4.87752 1.6
      vertex 5.14357 4.95644 1.6
    endloop
  endfacet
  facet normal 0.803204 -0.595704 0
    outer loop
      vertex 4.87752 6.75002 19
      vertex 4.95644 6.85643 1.6
      vertex 4.95644 6.85643 19
    endloop
  endfacet
  facet normal 0.803204 -0.595704 0
    outer loop
      vertex 4.95644 6.85643 1.6
      vertex 4.87752 6.75002 19
      vertex 4.87752 6.75002 1.6
    endloop
  endfacet
  facet normal 0.94155 -0.336872 0
    outer loop
      vertex 4.70813 6.39188 19
      vertex 4.75276 6.51662 1.6
      vertex 4.75276 6.51662 19
    endloop
  endfacet
  facet normal 0.94155 -0.336872 0
    outer loop
      vertex 4.75276 6.51662 1.6
      vertex 4.70813 6.39188 19
      vertex 4.70813 6.39188 1.6
    endloop
  endfacet
  facet normal -0.94155 -0.336872 0
    outer loop
      vertex 7.29187 6.39188 1.6
      vertex 7.24724 6.51662 19
      vertex 7.24724 6.51662 1.6
    endloop
  endfacet
  facet normal -0.94155 -0.336872 0
    outer loop
      vertex 7.24724 6.51662 19
      vertex 7.29187 6.39188 1.6
      vertex 7.29187 6.39188 19
    endloop
  endfacet
  facet normal -0.970031 0.24298 0
    outer loop
      vertex 7.29187 5.60812 1.6
      vertex 7.32406 5.73663 19
      vertex 7.32406 5.73663 1.6
    endloop
  endfacet
  facet normal -0.970031 0.24298 0
    outer loop
      vertex 7.32406 5.73663 19
      vertex 7.29187 5.60812 1.6
      vertex 7.29187 5.60812 19
    endloop
  endfacet
  facet normal -0.989176 0.146735 0
    outer loop
      vertex 7.32406 5.73663 1.6
      vertex 7.3435 5.86768 19
      vertex 7.3435 5.86768 1.6
    endloop
  endfacet
  facet normal -0.989176 0.146735 0
    outer loop
      vertex 7.3435 5.86768 19
      vertex 7.32406 5.73663 1.6
      vertex 7.32406 5.73663 19
    endloop
  endfacet
  facet normal 0.514118 0.857719 -0
    outer loop
      vertex 5.36361 4.80941 1.6
      vertex 5.24998 4.87752 19
      vertex 5.36361 4.80941 19
    endloop
  endfacet
  facet normal 0.514118 0.857719 0
    outer loop
      vertex 5.24998 4.87752 19
      vertex 5.36361 4.80941 1.6
      vertex 5.24998 4.87752 1.6
    endloop
  endfacet
  facet normal -0.336872 -0.94155 0
    outer loop
      vertex 6.39188 7.29187 1.6
      vertex 6.51662 7.24724 19
      vertex 6.39188 7.29187 19
    endloop
  endfacet
  facet normal -0.336872 -0.94155 -0
    outer loop
      vertex 6.51662 7.24724 19
      vertex 6.39188 7.29187 1.6
      vertex 6.51662 7.24724 1.6
    endloop
  endfacet
  facet normal 0.336872 -0.94155 0
    outer loop
      vertex 5.48338 7.24724 1.6
      vertex 5.60812 7.29187 19
      vertex 5.48338 7.24724 19
    endloop
  endfacet
  facet normal 0.336872 -0.94155 0
    outer loop
      vertex 5.60812 7.29187 19
      vertex 5.48338 7.24724 1.6
      vertex 5.60812 7.29187 1.6
    endloop
  endfacet
  facet normal -0.146735 0.989176 0
    outer loop
      vertex 6.26337 4.67594 1.6
      vertex 6.13232 4.6565 19
      vertex 6.26337 4.67594 19
    endloop
  endfacet
  facet normal -0.146735 0.989176 0
    outer loop
      vertex 6.13232 4.6565 19
      vertex 6.26337 4.67594 1.6
      vertex 6.13232 4.6565 1.6
    endloop
  endfacet
  facet normal -0.857719 0.514118 0
    outer loop
      vertex 7.12248 5.24998 1.6
      vertex 7.19059 5.36361 19
      vertex 7.19059 5.36361 1.6
    endloop
  endfacet
  facet normal -0.857719 0.514118 0
    outer loop
      vertex 7.19059 5.36361 19
      vertex 7.12248 5.24998 1.6
      vertex 7.12248 5.24998 19
    endloop
  endfacet
  facet normal 0.0490642 -0.998796 0
    outer loop
      vertex 5.86768 7.3435 1.6
      vertex 6 7.35 19
      vertex 5.86768 7.3435 19
    endloop
  endfacet
  facet normal 0.0490642 -0.998796 0
    outer loop
      vertex 6 7.35 19
      vertex 5.86768 7.3435 1.6
      vertex 6 7.35 1.6
    endloop
  endfacet
  facet normal 0.998796 0.0490642 0
    outer loop
      vertex 4.6565 5.86768 19
      vertex 4.65 6 1.6
      vertex 4.65 6 19
    endloop
  endfacet
  facet normal 0.998796 0.0490642 0
    outer loop
      vertex 4.65 6 1.6
      vertex 4.6565 5.86768 19
      vertex 4.6565 5.86768 1.6
    endloop
  endfacet
  facet normal -0.94155 0.336872 0
    outer loop
      vertex 7.24724 5.48338 1.6
      vertex 7.29187 5.60812 19
      vertex 7.29187 5.60812 1.6
    endloop
  endfacet
  facet normal -0.94155 0.336872 0
    outer loop
      vertex 7.29187 5.60812 19
      vertex 7.24724 5.48338 1.6
      vertex 7.24724 5.48338 19
    endloop
  endfacet
  facet normal -0.427603 -0.903967 0
    outer loop
      vertex 6.51662 7.24724 1.6
      vertex 6.63638 7.19059 19
      vertex 6.51662 7.24724 19
    endloop
  endfacet
  facet normal -0.427603 -0.903967 -0
    outer loop
      vertex 6.63638 7.19059 19
      vertex 6.51662 7.24724 1.6
      vertex 6.63638 7.19059 1.6
    endloop
  endfacet
  facet normal -0.74094 -0.671571 0
    outer loop
      vertex 7.04356 6.85643 1.6
      vertex 6.95459 6.95459 19
      vertex 6.95459 6.95459 1.6
    endloop
  endfacet
  facet normal -0.74094 -0.671571 0
    outer loop
      vertex 6.95459 6.95459 19
      vertex 7.04356 6.85643 1.6
      vertex 7.04356 6.85643 19
    endloop
  endfacet
  facet normal -0.0490642 -0.998796 0
    outer loop
      vertex 6 7.35 1.6
      vertex 6.13232 7.3435 19
      vertex 6 7.35 19
    endloop
  endfacet
  facet normal -0.0490642 -0.998796 -0
    outer loop
      vertex 6.13232 7.3435 19
      vertex 6 7.35 1.6
      vertex 6.13232 7.3435 1.6
    endloop
  endfacet
  facet normal 0.857719 0.514118 0
    outer loop
      vertex 4.87752 5.24998 19
      vertex 4.80941 5.36361 1.6
      vertex 4.80941 5.36361 19
    endloop
  endfacet
  facet normal 0.857719 0.514118 0
    outer loop
      vertex 4.80941 5.36361 1.6
      vertex 4.87752 5.24998 19
      vertex 4.87752 5.24998 1.6
    endloop
  endfacet
  facet normal -0.857739 -0.514085 0
    outer loop
      vertex 7.19059 6.63638 1.6
      vertex 7.12248 6.75002 19
      vertex 7.12248 6.75002 1.6
    endloop
  endfacet
  facet normal -0.857739 -0.514085 0
    outer loop
      vertex 7.12248 6.75002 19
      vertex 7.19059 6.63638 1.6
      vertex 7.19059 6.63638 19
    endloop
  endfacet
  facet normal 0.146735 0.989176 -0
    outer loop
      vertex 5.86768 4.6565 1.6
      vertex 5.73663 4.67594 19
      vertex 5.86768 4.6565 19
    endloop
  endfacet
  facet normal 0.146735 0.989176 0
    outer loop
      vertex 5.73663 4.67594 19
      vertex 5.86768 4.6565 1.6
      vertex 5.73663 4.67594 1.6
    endloop
  endfacet
  facet normal -0.671571 0.74094 0
    outer loop
      vertex 6.95459 5.04541 1.6
      vertex 6.85643 4.95644 19
      vertex 6.95459 5.04541 19
    endloop
  endfacet
  facet normal -0.671571 0.74094 0
    outer loop
      vertex 6.85643 4.95644 19
      vertex 6.95459 5.04541 1.6
      vertex 6.85643 4.95644 1.6
    endloop
  endfacet
  facet normal 0.0490642 0.998796 -0
    outer loop
      vertex 6 4.65 1.6
      vertex 5.86768 4.6565 19
      vertex 6 4.65 19
    endloop
  endfacet
  facet normal 0.0490642 0.998796 0
    outer loop
      vertex 5.86768 4.6565 19
      vertex 6 4.65 1.6
      vertex 5.86768 4.6565 1.6
    endloop
  endfacet
  facet normal 0.74094 -0.671571 0
    outer loop
      vertex 4.95644 6.85643 19
      vertex 5.04541 6.95459 1.6
      vertex 5.04541 6.95459 19
    endloop
  endfacet
  facet normal 0.74094 -0.671571 0
    outer loop
      vertex 5.04541 6.95459 1.6
      vertex 4.95644 6.85643 19
      vertex 4.95644 6.85643 1.6
    endloop
  endfacet
  facet normal 0.903967 -0.427603 0
    outer loop
      vertex 4.75276 6.51662 19
      vertex 4.80941 6.63638 1.6
      vertex 4.80941 6.63638 19
    endloop
  endfacet
  facet normal 0.903967 -0.427603 0
    outer loop
      vertex 4.80941 6.63638 1.6
      vertex 4.75276 6.51662 19
      vertex 4.75276 6.51662 1.6
    endloop
  endfacet
  facet normal 0.671571 0.74094 -0
    outer loop
      vertex 5.14357 4.95644 1.6
      vertex 5.04541 5.04541 19
      vertex 5.14357 4.95644 19
    endloop
  endfacet
  facet normal 0.671571 0.74094 0
    outer loop
      vertex 5.04541 5.04541 19
      vertex 5.14357 4.95644 1.6
      vertex 5.04541 5.04541 1.6
    endloop
  endfacet
  facet normal 0.970031 -0.24298 0
    outer loop
      vertex 4.67594 6.26337 19
      vertex 4.70813 6.39188 1.6
      vertex 4.70813 6.39188 19
    endloop
  endfacet
  facet normal 0.970031 -0.24298 0
    outer loop
      vertex 4.70813 6.39188 1.6
      vertex 4.67594 6.26337 19
      vertex 4.67594 6.26337 1.6
    endloop
  endfacet
  facet normal -0.24298 -0.970031 0
    outer loop
      vertex 6.26337 7.32406 1.6
      vertex 6.39188 7.29187 19
      vertex 6.26337 7.32406 19
    endloop
  endfacet
  facet normal -0.24298 -0.970031 -0
    outer loop
      vertex 6.39188 7.29187 19
      vertex 6.26337 7.32406 1.6
      vertex 6.39188 7.29187 1.6
    endloop
  endfacet
  facet normal 0.970031 0.24298 0
    outer loop
      vertex 4.70813 5.60812 19
      vertex 4.67594 5.73663 1.6
      vertex 4.67594 5.73663 19
    endloop
  endfacet
  facet normal 0.970031 0.24298 0
    outer loop
      vertex 4.67594 5.73663 1.6
      vertex 4.70813 5.60812 19
      vertex 4.70813 5.60812 1.6
    endloop
  endfacet
  facet normal 0.427574 0.903981 -0
    outer loop
      vertex 5.48338 4.75276 1.6
      vertex 5.36361 4.80941 19
      vertex 5.48338 4.75276 19
    endloop
  endfacet
  facet normal 0.427574 0.903981 0
    outer loop
      vertex 5.36361 4.80941 19
      vertex 5.48338 4.75276 1.6
      vertex 5.36361 4.80941 1.6
    endloop
  endfacet
  facet normal 0.74094 0.671571 0
    outer loop
      vertex 5.04541 5.04541 19
      vertex 4.95644 5.14357 1.6
      vertex 4.95644 5.14357 19
    endloop
  endfacet
  facet normal 0.74094 0.671571 0
    outer loop
      vertex 4.95644 5.14357 1.6
      vertex 5.04541 5.04541 19
      vertex 5.04541 5.04541 1.6
    endloop
  endfacet
  facet normal -0.427603 0.903967 0
    outer loop
      vertex 6.63638 4.80941 1.6
      vertex 6.51662 4.75276 19
      vertex 6.63638 4.80941 19
    endloop
  endfacet
  facet normal -0.427603 0.903967 0
    outer loop
      vertex 6.51662 4.75276 19
      vertex 6.63638 4.80941 1.6
      vertex 6.51662 4.75276 1.6
    endloop
  endfacet
  facet normal -0.0490642 0.998796 0
    outer loop
      vertex 6.13232 4.6565 1.6
      vertex 6 4.65 19
      vertex 6.13232 4.6565 19
    endloop
  endfacet
  facet normal -0.0490642 0.998796 0
    outer loop
      vertex 6 4.65 19
      vertex 6.13232 4.6565 1.6
      vertex 6 4.65 1.6
    endloop
  endfacet
  facet normal 0.989176 0.146735 0
    outer loop
      vertex 4.67594 5.73663 19
      vertex 4.6565 5.86768 1.6
      vertex 4.6565 5.86768 19
    endloop
  endfacet
  facet normal 0.989176 0.146735 0
    outer loop
      vertex 4.6565 5.86768 1.6
      vertex 4.67594 5.73663 19
      vertex 4.67594 5.73663 1.6
    endloop
  endfacet
  facet normal -0.595704 0.803204 0
    outer loop
      vertex 6.85643 4.95644 1.6
      vertex 6.75002 4.87752 19
      vertex 6.85643 4.95644 19
    endloop
  endfacet
  facet normal -0.595704 0.803204 0
    outer loop
      vertex 6.75002 4.87752 19
      vertex 6.85643 4.95644 1.6
      vertex 6.75002 4.87752 1.6
    endloop
  endfacet
  facet normal 0.803204 0.595704 0
    outer loop
      vertex 4.95644 5.14357 19
      vertex 4.87752 5.24998 1.6
      vertex 4.87752 5.24998 19
    endloop
  endfacet
  facet normal 0.803204 0.595704 0
    outer loop
      vertex 4.87752 5.24998 1.6
      vertex 4.95644 5.14357 19
      vertex 4.95644 5.14357 1.6
    endloop
  endfacet
  facet normal 0.998796 -0.0490642 0
    outer loop
      vertex 4.65 6 19
      vertex 4.6565 6.13232 1.6
      vertex 4.6565 6.13232 19
    endloop
  endfacet
  facet normal 0.998796 -0.0490642 0
    outer loop
      vertex 4.6565 6.13232 1.6
      vertex 4.65 6 19
      vertex 4.65 6 1.6
    endloop
  endfacet
  facet normal -0.74094 0.671571 0
    outer loop
      vertex 6.95459 5.04541 1.6
      vertex 7.04356 5.14357 19
      vertex 7.04356 5.14357 1.6
    endloop
  endfacet
  facet normal -0.74094 0.671571 0
    outer loop
      vertex 7.04356 5.14357 19
      vertex 6.95459 5.04541 1.6
      vertex 6.95459 5.04541 19
    endloop
  endfacet
  facet normal -0.989176 0.146734 0
    outer loop
      vertex 80.5169 6.34306 1.6
      vertex 80.5673 6.68282 19
      vertex 80.5673 6.68282 1.6
    endloop
  endfacet
  facet normal -0.989176 0.146734 0
    outer loop
      vertex 80.5673 6.68282 19
      vertex 80.5169 6.34306 1.6
      vertex 80.5169 6.34306 19
    endloop
  endfacet
  facet normal 0.336879 0.941548 -0
    outer loop
      vertex 85.3394 9.23358 1.6
      vertex 85.016 9.34929 19
      vertex 85.3394 9.23358 19
    endloop
  endfacet
  facet normal 0.336879 0.941548 0
    outer loop
      vertex 85.016 9.34929 19
      vertex 85.3394 9.23358 1.6
      vertex 85.016 9.34929 1.6
    endloop
  endfacet
  facet normal -0.51411 0.857724 0
    outer loop
      vertex 82.3501 9.08672 1.6
      vertex 82.0555 8.91014 19
      vertex 82.3501 9.08672 19
    endloop
  endfacet
  facet normal -0.51411 0.857724 0
    outer loop
      vertex 82.0555 8.91014 19
      vertex 82.3501 9.08672 1.6
      vertex 82.0555 8.91014 1.6
    endloop
  endfacet
  facet normal -0.903939 -0.427661 0
    outer loop
      vertex 80.9133 4.35011 1.6
      vertex 80.7664 4.66061 19
      vertex 80.7664 4.66061 1.6
    endloop
  endfacet
  facet normal -0.903939 -0.427661 0
    outer loop
      vertex 80.7664 4.66061 19
      vertex 80.9133 4.35011 1.6
      vertex 80.9133 4.35011 19
    endloop
  endfacet
  facet normal -0.242974 0.970033 0
    outer loop
      vertex 83.3172 9.43275 1.6
      vertex 82.984 9.34929 19
      vertex 83.3172 9.43275 19
    endloop
  endfacet
  facet normal -0.242974 0.970033 0
    outer loop
      vertex 82.984 9.34929 19
      vertex 83.3172 9.43275 1.6
      vertex 82.984 9.34929 1.6
    endloop
  endfacet
  facet normal -0.857791 -0.513999 0
    outer loop
      vertex 81 4.20542 1.6
      vertex 80.9133 4.35011 19
      vertex 80.9133 4.35011 1.6
    endloop
  endfacet
  facet normal -0.857791 -0.513999 0
    outer loop
      vertex 80.9133 4.35011 19
      vertex 81 4.20542 1.6
      vertex 81 4.20542 19
    endloop
  endfacet
  facet normal 0.14676 0.989172 -0
    outer loop
      vertex 84.6828 9.43275 1.6
      vertex 84.3431 9.48315 19
      vertex 84.6828 9.43275 19
    endloop
  endfacet
  facet normal 0.14676 0.989172 0
    outer loop
      vertex 84.3431 9.48315 19
      vertex 84.6828 9.43275 1.6
      vertex 84.3431 9.48315 1.6
    endloop
  endfacet
  facet normal -0.595659 0.803237 0
    outer loop
      vertex 82.0555 8.91014 1.6
      vertex 81.7796 8.70554 19
      vertex 82.0555 8.91014 19
    endloop
  endfacet
  facet normal -0.595659 0.803237 0
    outer loop
      vertex 81.7796 8.70554 19
      vertex 82.0555 8.91014 1.6
      vertex 81.7796 8.70554 1.6
    endloop
  endfacet
  facet normal -0.803217 0.595687 0
    outer loop
      vertex 81.0899 7.9445 1.6
      vertex 81.2945 8.22038 19
      vertex 81.2945 8.22038 1.6
    endloop
  endfacet
  facet normal -0.803217 0.595687 0
    outer loop
      vertex 81.2945 8.22038 19
      vertex 81.0899 7.9445 1.6
      vertex 81.0899 7.9445 19
    endloop
  endfacet
  facet normal -0.941554 0.336862 0
    outer loop
      vertex 80.6507 7.016 1.6
      vertex 80.7664 7.33939 19
      vertex 80.7664 7.33939 1.6
    endloop
  endfacet
  facet normal -0.941554 0.336862 0
    outer loop
      vertex 80.7664 7.33939 19
      vertex 80.6507 7.016 1.6
      vertex 80.6507 7.016 19
    endloop
  endfacet
  facet normal 0.427566 0.903984 -0
    outer loop
      vertex 85.6499 9.08672 1.6
      vertex 85.3394 9.23358 19
      vertex 85.6499 9.08672 19
    endloop
  endfacet
  facet normal 0.427566 0.903984 0
    outer loop
      vertex 85.3394 9.23358 19
      vertex 85.6499 9.08672 1.6
      vertex 85.3394 9.23358 1.6
    endloop
  endfacet
  facet normal -0.941554 -0.336862 0
    outer loop
      vertex 80.7664 4.66061 1.6
      vertex 80.6507 4.984 19
      vertex 80.6507 4.984 1.6
    endloop
  endfacet
  facet normal -0.941554 -0.336862 0
    outer loop
      vertex 80.6507 4.984 19
      vertex 80.7664 4.66061 1.6
      vertex 80.7664 4.66061 19
    endloop
  endfacet
  facet normal -0.0490519 0.998796 0
    outer loop
      vertex 84 9.5 1.6
      vertex 83.6569 9.48315 19
      vertex 84 9.5 19
    endloop
  endfacet
  facet normal -0.0490519 0.998796 0
    outer loop
      vertex 83.6569 9.48315 19
      vertex 84 9.5 1.6
      vertex 83.6569 9.48315 1.6
    endloop
  endfacet
  facet normal -0.427566 0.903984 0
    outer loop
      vertex 82.6606 9.23358 1.6
      vertex 82.3501 9.08672 19
      vertex 82.6606 9.23358 19
    endloop
  endfacet
  facet normal -0.427566 0.903984 0
    outer loop
      vertex 82.3501 9.08672 19
      vertex 82.6606 9.23358 1.6
      vertex 82.3501 9.08672 1.6
    endloop
  endfacet
  facet normal -0.671566 0.740944 0
    outer loop
      vertex 81.7796 8.70554 1.6
      vertex 81.5251 8.47487 19
      vertex 81.7796 8.70554 19
    endloop
  endfacet
  facet normal -0.671566 0.740944 0
    outer loop
      vertex 81.5251 8.47487 19
      vertex 81.7796 8.70554 1.6
      vertex 81.5251 8.47487 1.6
    endloop
  endfacet
  facet normal -0.336879 0.941548 0
    outer loop
      vertex 82.984 9.34929 1.6
      vertex 82.6606 9.23358 19
      vertex 82.984 9.34929 19
    endloop
  endfacet
  facet normal -0.336879 0.941548 0
    outer loop
      vertex 82.6606 9.23358 19
      vertex 82.984 9.34929 1.6
      vertex 82.6606 9.23358 1.6
    endloop
  endfacet
  facet normal -0.857706 0.51414 0
    outer loop
      vertex 80.9133 7.64989 1.6
      vertex 81.0899 7.9445 19
      vertex 81.0899 7.9445 1.6
    endloop
  endfacet
  facet normal -0.857706 0.51414 0
    outer loop
      vertex 81.0899 7.9445 19
      vertex 80.9133 7.64989 1.6
      vertex 80.9133 7.64989 19
    endloop
  endfacet
  facet normal 0.51406 0.857754 -0
    outer loop
      vertex 85.7946 9 1.6
      vertex 85.6499 9.08672 19
      vertex 85.7946 9 19
    endloop
  endfacet
  facet normal 0.51406 0.857754 0
    outer loop
      vertex 85.6499 9.08672 19
      vertex 85.7946 9 1.6
      vertex 85.6499 9.08672 1.6
    endloop
  endfacet
  facet normal -0.998789 -0.0492029 0
    outer loop
      vertex 80.5169 5.65694 1.6
      vertex 80.5 6 19
      vertex 80.5 6 1.6
    endloop
  endfacet
  facet normal -0.998789 -0.0492029 0
    outer loop
      vertex 80.5 6 19
      vertex 80.5169 5.65694 1.6
      vertex 80.5169 5.65694 19
    endloop
  endfacet
  facet normal 0.0490519 0.998796 -0
    outer loop
      vertex 84.3431 9.48315 1.6
      vertex 84 9.5 19
      vertex 84.3431 9.48315 19
    endloop
  endfacet
  facet normal 0.0490519 0.998796 0
    outer loop
      vertex 84 9.5 19
      vertex 84.3431 9.48315 1.6
      vertex 84 9.5 1.6
    endloop
  endfacet
  facet normal -0.741033 0.671469 0
    outer loop
      vertex 81.2945 8.22038 1.6
      vertex 81.5251 8.47487 19
      vertex 81.5251 8.47487 1.6
    endloop
  endfacet
  facet normal -0.741033 0.671469 0
    outer loop
      vertex 81.5251 8.47487 19
      vertex 81.2945 8.22038 1.6
      vertex 81.2945 8.22038 19
    endloop
  endfacet
  facet normal -0.14676 0.989172 0
    outer loop
      vertex 83.6569 9.48315 1.6
      vertex 83.3172 9.43275 19
      vertex 83.6569 9.48315 19
    endloop
  endfacet
  facet normal -0.14676 0.989172 0
    outer loop
      vertex 83.3172 9.43275 19
      vertex 83.6569 9.48315 1.6
      vertex 83.3172 9.43275 1.6
    endloop
  endfacet
  facet normal -0.903939 0.427661 0
    outer loop
      vertex 80.7664 7.33939 1.6
      vertex 80.9133 7.64989 19
      vertex 80.9133 7.64989 1.6
    endloop
  endfacet
  facet normal -0.903939 0.427661 0
    outer loop
      vertex 80.9133 7.64989 19
      vertex 80.7664 7.33939 1.6
      vertex 80.7664 7.33939 19
    endloop
  endfacet
  facet normal -0.970071 0.242823 0
    outer loop
      vertex 80.5673 6.68282 1.6
      vertex 80.6507 7.016 19
      vertex 80.6507 7.016 1.6
    endloop
  endfacet
  facet normal -0.970071 0.242823 0
    outer loop
      vertex 80.6507 7.016 19
      vertex 80.5673 6.68282 1.6
      vertex 80.5673 6.68282 19
    endloop
  endfacet
  facet normal 0.242974 0.970033 -0
    outer loop
      vertex 85.016 9.34929 1.6
      vertex 84.6828 9.43275 19
      vertex 85.016 9.34929 19
    endloop
  endfacet
  facet normal 0.242974 0.970033 0
    outer loop
      vertex 84.6828 9.43275 19
      vertex 85.016 9.34929 1.6
      vertex 84.6828 9.43275 1.6
    endloop
  endfacet
  facet normal -0.970071 -0.242823 0
    outer loop
      vertex 80.6507 4.984 1.6
      vertex 80.5673 5.31718 19
      vertex 80.5673 5.31718 1.6
    endloop
  endfacet
  facet normal -0.970071 -0.242823 0
    outer loop
      vertex 80.5673 5.31718 19
      vertex 80.6507 4.984 1.6
      vertex 80.6507 4.984 19
    endloop
  endfacet
  facet normal -0.989176 -0.146734 0
    outer loop
      vertex 80.5673 5.31718 1.6
      vertex 80.5169 5.65694 19
      vertex 80.5169 5.65694 1.6
    endloop
  endfacet
  facet normal -0.989176 -0.146734 0
    outer loop
      vertex 80.5169 5.65694 19
      vertex 80.5673 5.31718 1.6
      vertex 80.5673 5.31718 19
    endloop
  endfacet
  facet normal 0 0 -1
    outer loop
      vertex 84.2634 4.67594 1.6
      vertex 87 3 1.6
      vertex 87 2 1.6
    endloop
  endfacet
  facet normal 0 0 -1
    outer loop
      vertex 87 3 1.6
      vertex 85.3435 6.13232 1.6
      vertex 85.7946 9 1.6
    endloop
  endfacet
  facet normal 0 0 -1
    outer loop
      vertex 87 3 1.6
      vertex 85.35 6 1.6
      vertex 85.3435 6.13232 1.6
    endloop
  endfacet
  facet normal 0 0 -1
    outer loop
      vertex 87 3 1.6
      vertex 85.3435 5.86768 1.6
      vertex 85.35 6 1.6
    endloop
  endfacet
  facet normal 0 0 -1
    outer loop
      vertex 87 3 1.6
      vertex 85.3241 5.73663 1.6
      vertex 85.3435 5.86768 1.6
    endloop
  endfacet
  facet normal 0 0 -1
    outer loop
      vertex 87 3 1.6
      vertex 85.2919 5.60812 1.6
      vertex 85.3241 5.73663 1.6
    endloop
  endfacet
  facet normal 0 0 -1
    outer loop
      vertex 87 3 1.6
      vertex 85.2472 5.48338 1.6
      vertex 85.2919 5.60812 1.6
    endloop
  endfacet
  facet normal 0 0 -1
    outer loop
      vertex 87 3 1.6
      vertex 85.1906 5.36361 1.6
      vertex 85.2472 5.48338 1.6
    endloop
  endfacet
  facet normal 0 0 -1
    outer loop
      vertex 87 3 1.6
      vertex 85.1225 5.24998 1.6
      vertex 85.1906 5.36361 1.6
    endloop
  endfacet
  facet normal 0 0 -1
    outer loop
      vertex 87 3 1.6
      vertex 85.0436 5.14357 1.6
      vertex 85.1225 5.24998 1.6
    endloop
  endfacet
  facet normal 0 0 -1
    outer loop
      vertex 87 3 1.6
      vertex 84.9546 5.04541 1.6
      vertex 85.0436 5.14357 1.6
    endloop
  endfacet
  facet normal 0 0 -1
    outer loop
      vertex 87 3 1.6
      vertex 84.8564 4.95644 1.6
      vertex 84.9546 5.04541 1.6
    endloop
  endfacet
  facet normal 0 0 -1
    outer loop
      vertex 87 3 1.6
      vertex 84.75 4.87752 1.6
      vertex 84.8564 4.95644 1.6
    endloop
  endfacet
  facet normal 0 0 -1
    outer loop
      vertex 87 3 1.6
      vertex 84.6364 4.80941 1.6
      vertex 84.75 4.87752 1.6
    endloop
  endfacet
  facet normal 0 0 -1
    outer loop
      vertex 87 3 1.6
      vertex 84.5166 4.75276 1.6
      vertex 84.6364 4.80941 1.6
    endloop
  endfacet
  facet normal 0 0 -1
    outer loop
      vertex 87 3 1.6
      vertex 84.3919 4.70813 1.6
      vertex 84.5166 4.75276 1.6
    endloop
  endfacet
  facet normal 0 0 -1
    outer loop
      vertex 87 3 1.6
      vertex 84.2634 4.67594 1.6
      vertex 84.3919 4.70813 1.6
    endloop
  endfacet
  facet normal 0 0 -1
    outer loop
      vertex 87 2 1.6
      vertex 84.1323 4.6565 1.6
      vertex 84.2634 4.67594 1.6
    endloop
  endfacet
  facet normal 0 0 -1
    outer loop
      vertex 87 2 1.6
      vertex 84 4.65 1.6
      vertex 84.1323 4.6565 1.6
    endloop
  endfacet
  facet normal 0 0 -1
    outer loop
      vertex 81 2 1.6
      vertex 84 4.65 1.6
      vertex 87 2 1.6
    endloop
  endfacet
  facet normal -0 0 -1
    outer loop
      vertex 84 4.65 1.6
      vertex 81 2 1.6
      vertex 83.8677 4.6565 1.6
    endloop
  endfacet
  facet normal -0 0 -1
    outer loop
      vertex 83.8677 4.6565 1.6
      vertex 81 2 1.6
      vertex 83.7366 4.67594 1.6
    endloop
  endfacet
  facet normal -0 0 -1
    outer loop
      vertex 83.7366 4.67594 1.6
      vertex 81 2 1.6
      vertex 83.6081 4.70813 1.6
    endloop
  endfacet
  facet normal -0 0 -1
    outer loop
      vertex 83.6081 4.70813 1.6
      vertex 81 2 1.6
      vertex 83.4834 4.75276 1.6
    endloop
  endfacet
  facet normal -0 0 -1
    outer loop
      vertex 83.4834 4.75276 1.6
      vertex 81 2 1.6
      vertex 83.3636 4.80941 1.6
    endloop
  endfacet
  facet normal 0 0 -1
    outer loop
      vertex 81 4.20542 1.6
      vertex 83.3636 4.80941 1.6
      vertex 81 2 1.6
    endloop
  endfacet
  facet normal 0 0 -1
    outer loop
      vertex 80.5 6 1.6
      vertex 82.65 6 1.6
      vertex 82.6565 5.86768 1.6
    endloop
  endfacet
  facet normal 0 0 -1
    outer loop
      vertex 82.65 6 1.6
      vertex 82.0555 8.91014 1.6
      vertex 82.3501 9.08672 1.6
    endloop
  endfacet
  facet normal 0 0 -1
    outer loop
      vertex 80.5169 5.65694 1.6
      vertex 82.6565 5.86768 1.6
      vertex 82.6759 5.73663 1.6
    endloop
  endfacet
  facet normal 0 0 -1
    outer loop
      vertex 82.65 6 1.6
      vertex 81.7796 8.70554 1.6
      vertex 82.0555 8.91014 1.6
    endloop
  endfacet
  facet normal 0 0 -1
    outer loop
      vertex 80.5673 5.31718 1.6
      vertex 82.6759 5.73663 1.6
      vertex 82.7081 5.60812 1.6
    endloop
  endfacet
  facet normal 0 0 -1
    outer loop
      vertex 82.65 6 1.6
      vertex 81.5251 8.47487 1.6
      vertex 81.7796 8.70554 1.6
    endloop
  endfacet
  facet normal 0 0 -1
    outer loop
      vertex 80.6507 4.984 1.6
      vertex 82.7081 5.60812 1.6
      vertex 82.7528 5.48338 1.6
    endloop
  endfacet
  facet normal 0 0 -1
    outer loop
      vertex 82.65 6 1.6
      vertex 81.2945 8.22038 1.6
      vertex 81.5251 8.47487 1.6
    endloop
  endfacet
  facet normal 0 0 -1
    outer loop
      vertex 80.7664 4.66061 1.6
      vertex 82.7528 5.48338 1.6
      vertex 82.8094 5.36361 1.6
    endloop
  endfacet
  facet normal 0 0 -1
    outer loop
      vertex 82.65 6 1.6
      vertex 81.0899 7.9445 1.6
      vertex 81.2945 8.22038 1.6
    endloop
  endfacet
  facet normal 0 0 -1
    outer loop
      vertex 81 4.20542 1.6
      vertex 82.8094 5.36361 1.6
      vertex 82.8775 5.24998 1.6
    endloop
  endfacet
  facet normal -0 0 -1
    outer loop
      vertex 83.3636 4.80941 1.6
      vertex 81 4.20542 1.6
      vertex 83.25 4.87752 1.6
    endloop
  endfacet
  facet normal -0 0 -1
    outer loop
      vertex 83.25 4.87752 1.6
      vertex 81 4.20542 1.6
      vertex 83.1436 4.95644 1.6
    endloop
  endfacet
  facet normal -0 0 -1
    outer loop
      vertex 83.1436 4.95644 1.6
      vertex 81 4.20542 1.6
      vertex 83.0454 5.04541 1.6
    endloop
  endfacet
  facet normal -0 0 -1
    outer loop
      vertex 83.0454 5.04541 1.6
      vertex 81 4.20542 1.6
      vertex 82.9564 5.14357 1.6
    endloop
  endfacet
  facet normal -0 0 -1
    outer loop
      vertex 82.9564 5.14357 1.6
      vertex 81 4.20542 1.6
      vertex 82.8775 5.24998 1.6
    endloop
  endfacet
  facet normal 0 0 -1
    outer loop
      vertex 82.8094 5.36361 1.6
      vertex 81 4.20542 1.6
      vertex 80.9133 4.35011 1.6
    endloop
  endfacet
  facet normal 0 0 -1
    outer loop
      vertex 82.8094 5.36361 1.6
      vertex 80.9133 4.35011 1.6
      vertex 80.7664 4.66061 1.6
    endloop
  endfacet
  facet normal 0 0 -1
    outer loop
      vertex 82.65 6 1.6
      vertex 80.9133 7.64989 1.6
      vertex 81.0899 7.9445 1.6
    endloop
  endfacet
  facet normal 0 0 -1
    outer loop
      vertex 82.7528 5.48338 1.6
      vertex 80.7664 4.66061 1.6
      vertex 80.6507 4.984 1.6
    endloop
  endfacet
  facet normal 0 0 -1
    outer loop
      vertex 82.65 6 1.6
      vertex 80.7664 7.33939 1.6
      vertex 80.9133 7.64989 1.6
    endloop
  endfacet
  facet normal 0 0 -1
    outer loop
      vertex 82.7081 5.60812 1.6
      vertex 80.6507 4.984 1.6
      vertex 80.5673 5.31718 1.6
    endloop
  endfacet
  facet normal 0 0 -1
    outer loop
      vertex 82.65 6 1.6
      vertex 80.6507 7.016 1.6
      vertex 80.7664 7.33939 1.6
    endloop
  endfacet
  facet normal 0 0 -1
    outer loop
      vertex 82.6759 5.73663 1.6
      vertex 80.5673 5.31718 1.6
      vertex 80.5169 5.65694 1.6
    endloop
  endfacet
  facet normal 0 0 -1
    outer loop
      vertex 82.65 6 1.6
      vertex 80.5673 6.68282 1.6
      vertex 80.6507 7.016 1.6
    endloop
  endfacet
  facet normal -0 0 -1
    outer loop
      vertex 82.6565 5.86768 1.6
      vertex 80.5169 5.65694 1.6
      vertex 80.5 6 1.6
    endloop
  endfacet
  facet normal 0 0 -1
    outer loop
      vertex 82.65 6 1.6
      vertex 80.5169 6.34306 1.6
      vertex 80.5673 6.68282 1.6
    endloop
  endfacet
  facet normal 0 0 -1
    outer loop
      vertex 82.65 6 1.6
      vertex 80.5 6 1.6
      vertex 80.5169 6.34306 1.6
    endloop
  endfacet
  facet normal 0 0 -1
    outer loop
      vertex 87 3 1.6
      vertex 88 9 1.6
      vertex 88 3 1.6
    endloop
  endfacet
  facet normal -0 0 -1
    outer loop
      vertex 88 9 1.6
      vertex 87 3 1.6
      vertex 85.7946 9 1.6
    endloop
  endfacet
  facet normal 0 0 -1
    outer loop
      vertex 85.3241 6.26337 1.6
      vertex 85.7946 9 1.6
      vertex 85.3435 6.13232 1.6
    endloop
  endfacet
  facet normal 0 0 -1
    outer loop
      vertex 85.2919 6.39188 1.6
      vertex 85.7946 9 1.6
      vertex 85.3241 6.26337 1.6
    endloop
  endfacet
  facet normal 0 0 -1
    outer loop
      vertex 85.2472 6.51662 1.6
      vertex 85.7946 9 1.6
      vertex 85.2919 6.39188 1.6
    endloop
  endfacet
  facet normal 0 0 -1
    outer loop
      vertex 85.1906 6.63638 1.6
      vertex 85.7946 9 1.6
      vertex 85.2472 6.51662 1.6
    endloop
  endfacet
  facet normal 0 0 -1
    outer loop
      vertex 85.1225 6.75002 1.6
      vertex 85.7946 9 1.6
      vertex 85.1906 6.63638 1.6
    endloop
  endfacet
  facet normal 0 0 -1
    outer loop
      vertex 85.0436 6.85643 1.6
      vertex 85.7946 9 1.6
      vertex 85.1225 6.75002 1.6
    endloop
  endfacet
  facet normal 0 0 -1
    outer loop
      vertex 84.9546 6.95459 1.6
      vertex 85.7946 9 1.6
      vertex 85.0436 6.85643 1.6
    endloop
  endfacet
  facet normal 0 0 -1
    outer loop
      vertex 84.8564 7.04356 1.6
      vertex 85.7946 9 1.6
      vertex 84.9546 6.95459 1.6
    endloop
  endfacet
  facet normal 0 0 -1
    outer loop
      vertex 84.75 7.12248 1.6
      vertex 85.7946 9 1.6
      vertex 84.8564 7.04356 1.6
    endloop
  endfacet
  facet normal 0 0 -1
    outer loop
      vertex 84.6364 7.19059 1.6
      vertex 85.7946 9 1.6
      vertex 84.75 7.12248 1.6
    endloop
  endfacet
  facet normal -0 0 -1
    outer loop
      vertex 85.7946 9 1.6
      vertex 84.6364 7.19059 1.6
      vertex 85.6499 9.08672 1.6
    endloop
  endfacet
  facet normal -0 0 -1
    outer loop
      vertex 85.6499 9.08672 1.6
      vertex 84.6364 7.19059 1.6
      vertex 85.3394 9.23358 1.6
    endloop
  endfacet
  facet normal 0 0 -1
    outer loop
      vertex 84.5166 7.24724 1.6
      vertex 85.3394 9.23358 1.6
      vertex 84.6364 7.19059 1.6
    endloop
  endfacet
  facet normal -0 0 -1
    outer loop
      vertex 85.3394 9.23358 1.6
      vertex 84.5166 7.24724 1.6
      vertex 85.016 9.34929 1.6
    endloop
  endfacet
  facet normal 0 0 -1
    outer loop
      vertex 84.3919 7.29187 1.6
      vertex 85.016 9.34929 1.6
      vertex 84.5166 7.24724 1.6
    endloop
  endfacet
  facet normal -0 0 -1
    outer loop
      vertex 85.016 9.34929 1.6
      vertex 84.3919 7.29187 1.6
      vertex 84.6828 9.43275 1.6
    endloop
  endfacet
  facet normal 0 0 -1
    outer loop
      vertex 84.2634 7.32406 1.6
      vertex 84.6828 9.43275 1.6
      vertex 84.3919 7.29187 1.6
    endloop
  endfacet
  facet normal -0 0 -1
    outer loop
      vertex 84.6828 9.43275 1.6
      vertex 84.2634 7.32406 1.6
      vertex 84.3431 9.48315 1.6
    endloop
  endfacet
  facet normal 0 0 -1
    outer loop
      vertex 84.1323 7.3435 1.6
      vertex 84.3431 9.48315 1.6
      vertex 84.2634 7.32406 1.6
    endloop
  endfacet
  facet normal 0 0 -1
    outer loop
      vertex 84 7.35 1.6
      vertex 84.3431 9.48315 1.6
      vertex 84.1323 7.3435 1.6
    endloop
  endfacet
  facet normal 0 0 -1
    outer loop
      vertex 84 7.35 1.6
      vertex 84 9.5 1.6
      vertex 84.3431 9.48315 1.6
    endloop
  endfacet
  facet normal 0 0 -1
    outer loop
      vertex 83.8677 7.3435 1.6
      vertex 84 9.5 1.6
      vertex 84 7.35 1.6
    endloop
  endfacet
  facet normal 0 0 -1
    outer loop
      vertex 83.6569 9.48315 1.6
      vertex 83.8677 7.3435 1.6
      vertex 83.7366 7.32406 1.6
    endloop
  endfacet
  facet normal 0 0 -1
    outer loop
      vertex 83.8677 7.3435 1.6
      vertex 83.6569 9.48315 1.6
      vertex 84 9.5 1.6
    endloop
  endfacet
  facet normal 0 0 -1
    outer loop
      vertex 83.3172 9.43275 1.6
      vertex 83.7366 7.32406 1.6
      vertex 83.6081 7.29187 1.6
    endloop
  endfacet
  facet normal 0 0 -1
    outer loop
      vertex 82.984 9.34929 1.6
      vertex 83.6081 7.29187 1.6
      vertex 83.4834 7.24724 1.6
    endloop
  endfacet
  facet normal 0 0 -1
    outer loop
      vertex 82.6606 9.23358 1.6
      vertex 83.4834 7.24724 1.6
      vertex 83.3636 7.19059 1.6
    endloop
  endfacet
  facet normal 0 0 -1
    outer loop
      vertex 83.7366 7.32406 1.6
      vertex 83.3172 9.43275 1.6
      vertex 83.6569 9.48315 1.6
    endloop
  endfacet
  facet normal 0 0 -1
    outer loop
      vertex 82.3501 9.08672 1.6
      vertex 83.3636 7.19059 1.6
      vertex 83.25 7.12248 1.6
    endloop
  endfacet
  facet normal 0 0 -1
    outer loop
      vertex 82.3501 9.08672 1.6
      vertex 83.25 7.12248 1.6
      vertex 83.1436 7.04356 1.6
    endloop
  endfacet
  facet normal 0 0 -1
    outer loop
      vertex 82.3501 9.08672 1.6
      vertex 83.1436 7.04356 1.6
      vertex 83.0454 6.95459 1.6
    endloop
  endfacet
  facet normal 0 0 -1
    outer loop
      vertex 83.6081 7.29187 1.6
      vertex 82.984 9.34929 1.6
      vertex 83.3172 9.43275 1.6
    endloop
  endfacet
  facet normal 0 0 -1
    outer loop
      vertex 82.3501 9.08672 1.6
      vertex 83.0454 6.95459 1.6
      vertex 82.9564 6.85643 1.6
    endloop
  endfacet
  facet normal 0 0 -1
    outer loop
      vertex 82.3501 9.08672 1.6
      vertex 82.9564 6.85643 1.6
      vertex 82.8775 6.75002 1.6
    endloop
  endfacet
  facet normal 0 0 -1
    outer loop
      vertex 82.3501 9.08672 1.6
      vertex 82.8775 6.75002 1.6
      vertex 82.8094 6.63638 1.6
    endloop
  endfacet
  facet normal 0 0 -1
    outer loop
      vertex 82.3501 9.08672 1.6
      vertex 82.8094 6.63638 1.6
      vertex 82.7528 6.51662 1.6
    endloop
  endfacet
  facet normal 0 0 -1
    outer loop
      vertex 82.3501 9.08672 1.6
      vertex 82.7528 6.51662 1.6
      vertex 82.7081 6.39188 1.6
    endloop
  endfacet
  facet normal 0 0 -1
    outer loop
      vertex 82.3501 9.08672 1.6
      vertex 82.7081 6.39188 1.6
      vertex 82.6759 6.26337 1.6
    endloop
  endfacet
  facet normal 0 0 -1
    outer loop
      vertex 83.4834 7.24724 1.6
      vertex 82.6606 9.23358 1.6
      vertex 82.984 9.34929 1.6
    endloop
  endfacet
  facet normal 0 0 -1
    outer loop
      vertex 82.3501 9.08672 1.6
      vertex 82.6759 6.26337 1.6
      vertex 82.6565 6.13232 1.6
    endloop
  endfacet
  facet normal 0 0 -1
    outer loop
      vertex 82.3501 9.08672 1.6
      vertex 82.6565 6.13232 1.6
      vertex 82.65 6 1.6
    endloop
  endfacet
  facet normal 0 0 -1
    outer loop
      vertex 83.3636 7.19059 1.6
      vertex 82.3501 9.08672 1.6
      vertex 82.6606 9.23358 1.6
    endloop
  endfacet
  facet normal -0.998789 0.0492029 0
    outer loop
      vertex 80.5 6 1.6
      vertex 80.5169 6.34306 19
      vertex 80.5169 6.34306 1.6
    endloop
  endfacet
  facet normal -0.998789 0.0492029 0
    outer loop
      vertex 80.5169 6.34306 19
      vertex 80.5 6 1.6
      vertex 80.5 6 19
    endloop
  endfacet
  facet normal 0 1 -0
    outer loop
      vertex 88 9 1.6
      vertex 85.7946 9 19
      vertex 88 9 19
    endloop
  endfacet
  facet normal 0 1 0
    outer loop
      vertex 85.7946 9 19
      vertex 88 9 1.6
      vertex 85.7946 9 1.6
    endloop
  endfacet
  facet normal 0 -1 0
    outer loop
      vertex 87 3 1.6
      vertex 88 3 19
      vertex 87 3 19
    endloop
  endfacet
  facet normal 0 -1 -0
    outer loop
      vertex 88 3 19
      vertex 87 3 1.6
      vertex 88 3 1.6
    endloop
  endfacet
  facet normal 1 -0 0
    outer loop
      vertex 87 2 19
      vertex 87 3 1.6
      vertex 87 3 19
    endloop
  endfacet
  facet normal 1 0 0
    outer loop
      vertex 87 3 1.6
      vertex 87 2 19
      vertex 87 2 1.6
    endloop
  endfacet
  facet normal -1 0 0
    outer loop
      vertex 81 2 1.6
      vertex 81 4.20542 19
      vertex 81 4.20542 1.6
    endloop
  endfacet
  facet normal -1 -0 0
    outer loop
      vertex 81 4.20542 19
      vertex 81 2 1.6
      vertex 81 2 19
    endloop
  endfacet
  facet normal -0.98922 -0.146439 0
    outer loop
      vertex 85.3435 6.13232 1.6
      vertex 85.3241 6.26337 19
      vertex 85.3241 6.26337 1.6
    endloop
  endfacet
  facet normal -0.98922 -0.146439 0
    outer loop
      vertex 85.3241 6.26337 19
      vertex 85.3435 6.13232 1.6
      vertex 85.3435 6.13232 19
    endloop
  endfacet
  facet normal -0.998796 -0.0490642 0
    outer loop
      vertex 85.35 6 1.6
      vertex 85.3435 6.13232 19
      vertex 85.3435 6.13232 1.6
    endloop
  endfacet
  facet normal -0.998796 -0.0490642 0
    outer loop
      vertex 85.3435 6.13232 19
      vertex 85.35 6 1.6
      vertex 85.35 6 19
    endloop
  endfacet
  facet normal -0.970014 -0.243051 0
    outer loop
      vertex 85.3241 6.26337 1.6
      vertex 85.2919 6.39188 19
      vertex 85.2919 6.39188 1.6
    endloop
  endfacet
  facet normal -0.970014 -0.243051 0
    outer loop
      vertex 85.2919 6.39188 19
      vertex 85.3241 6.26337 1.6
      vertex 85.3241 6.26337 19
    endloop
  endfacet
  facet normal 0.242997 -0.970027 0
    outer loop
      vertex 83.6081 7.29187 1.6
      vertex 83.7366 7.32406 19
      vertex 83.6081 7.29187 19
    endloop
  endfacet
  facet normal 0.242997 -0.970027 0
    outer loop
      vertex 83.7366 7.32406 19
      vertex 83.6081 7.29187 1.6
      vertex 83.7366 7.32406 1.6
    endloop
  endfacet
  facet normal 0.904126 0.427265 0
    outer loop
      vertex 82.8094 5.36361 19
      vertex 82.7528 5.48338 1.6
      vertex 82.7528 5.48338 19
    endloop
  endfacet
  facet normal 0.904126 0.427265 0
    outer loop
      vertex 82.7528 5.48338 1.6
      vertex 82.8094 5.36361 19
      vertex 82.8094 5.36361 1.6
    endloop
  endfacet
  facet normal -0.427486 0.904022 0
    outer loop
      vertex 84.6364 4.80941 1.6
      vertex 84.5166 4.75276 19
      vertex 84.6364 4.80941 19
    endloop
  endfacet
  facet normal -0.427486 0.904022 0
    outer loop
      vertex 84.5166 4.75276 19
      vertex 84.6364 4.80941 1.6
      vertex 84.5166 4.75276 1.6
    endloop
  endfacet
  facet normal 0.242997 0.970027 -0
    outer loop
      vertex 83.7366 4.67594 1.6
      vertex 83.6081 4.70813 19
      vertex 83.7366 4.67594 19
    endloop
  endfacet
  facet normal 0.242997 0.970027 0
    outer loop
      vertex 83.6081 4.70813 19
      vertex 83.7366 4.67594 1.6
      vertex 83.6081 4.70813 1.6
    endloop
  endfacet
  facet normal -0.514218 0.857659 0
    outer loop
      vertex 84.75 4.87752 1.6
      vertex 84.6364 4.80941 19
      vertex 84.75 4.87752 19
    endloop
  endfacet
  facet normal -0.514218 0.857659 0
    outer loop
      vertex 84.6364 4.80941 19
      vertex 84.75 4.87752 1.6
      vertex 84.6364 4.80941 1.6
    endloop
  endfacet
  facet normal 0.336968 0.941516 -0
    outer loop
      vertex 83.6081 4.70813 1.6
      vertex 83.4834 4.75276 19
      vertex 83.6081 4.70813 19
    endloop
  endfacet
  facet normal 0.336968 0.941516 0
    outer loop
      vertex 83.4834 4.75276 19
      vertex 83.6081 4.70813 1.6
      vertex 83.4834 4.75276 1.6
    endloop
  endfacet
  facet normal -0.336968 0.941516 0
    outer loop
      vertex 84.5166 4.75276 1.6
      vertex 84.3919 4.70813 19
      vertex 84.5166 4.75276 19
    endloop
  endfacet
  facet normal -0.336968 0.941516 0
    outer loop
      vertex 84.3919 4.70813 19
      vertex 84.5166 4.75276 1.6
      vertex 84.3919 4.70813 1.6
    endloop
  endfacet
  facet normal 0.671421 -0.741076 0
    outer loop
      vertex 83.0454 6.95459 1.6
      vertex 83.1436 7.04356 19
      vertex 83.0454 6.95459 19
    endloop
  endfacet
  facet normal 0.671421 -0.741076 0
    outer loop
      vertex 83.1436 7.04356 19
      vertex 83.0454 6.95459 1.6
      vertex 83.1436 7.04356 1.6
    endloop
  endfacet
  facet normal -0.242997 0.970027 0
    outer loop
      vertex 84.3919 4.70813 1.6
      vertex 84.2634 4.67594 19
      vertex 84.3919 4.70813 19
    endloop
  endfacet
  facet normal -0.242997 0.970027 0
    outer loop
      vertex 84.2634 4.67594 19
      vertex 84.3919 4.70813 1.6
      vertex 84.2634 4.67594 1.6
    endloop
  endfacet
  facet normal 0.857773 -0.514029 0
    outer loop
      vertex 82.8094 6.63638 19
      vertex 82.8775 6.75002 1.6
      vertex 82.8775 6.75002 19
    endloop
  endfacet
  facet normal 0.857773 -0.514029 0
    outer loop
      vertex 82.8775 6.75002 1.6
      vertex 82.8094 6.63638 19
      vertex 82.8094 6.63638 1.6
    endloop
  endfacet
  facet normal 0.98922 -0.146439 0
    outer loop
      vertex 82.6565 6.13232 19
      vertex 82.6759 6.26337 1.6
      vertex 82.6759 6.26337 19
    endloop
  endfacet
  facet normal 0.98922 -0.146439 0
    outer loop
      vertex 82.6759 6.26337 1.6
      vertex 82.6565 6.13232 19
      vertex 82.6565 6.13232 1.6
    endloop
  endfacet
  facet normal -0.904113 -0.427294 0
    outer loop
      vertex 85.2472 6.51662 1.6
      vertex 85.1906 6.63638 19
      vertex 85.1906 6.63638 1.6
    endloop
  endfacet
  facet normal -0.904113 -0.427294 0
    outer loop
      vertex 85.1906 6.63638 19
      vertex 85.2472 6.51662 1.6
      vertex 85.2472 6.51662 19
    endloop
  endfacet
  facet normal -0.803276 0.595607 0
    outer loop
      vertex 85.0436 5.14357 1.6
      vertex 85.1225 5.24998 19
      vertex 85.1225 5.24998 1.6
    endloop
  endfacet
  facet normal -0.803276 0.595607 0
    outer loop
      vertex 85.1225 5.24998 19
      vertex 85.0436 5.14357 1.6
      vertex 85.0436 5.14357 19
    endloop
  endfacet
  facet normal 0.59574 -0.803177 0
    outer loop
      vertex 83.1436 7.04356 1.6
      vertex 83.25 7.12248 19
      vertex 83.1436 7.04356 19
    endloop
  endfacet
  facet normal 0.59574 -0.803177 0
    outer loop
      vertex 83.25 7.12248 19
      vertex 83.1436 7.04356 1.6
      vertex 83.25 7.12248 1.6
    endloop
  endfacet
  facet normal -0.59574 -0.803177 0
    outer loop
      vertex 84.75 7.12248 1.6
      vertex 84.8564 7.04356 19
      vertex 84.75 7.12248 19
    endloop
  endfacet
  facet normal -0.59574 -0.803177 -0
    outer loop
      vertex 84.8564 7.04356 19
      vertex 84.75 7.12248 1.6
      vertex 84.8564 7.04356 1.6
    endloop
  endfacet
  facet normal -0.14668 -0.989184 0
    outer loop
      vertex 84.1323 7.3435 1.6
      vertex 84.2634 7.32406 19
      vertex 84.1323 7.3435 19
    endloop
  endfacet
  facet normal -0.14668 -0.989184 -0
    outer loop
      vertex 84.2634 7.32406 19
      vertex 84.1323 7.3435 1.6
      vertex 84.2634 7.32406 1.6
    endloop
  endfacet
  facet normal -0.803276 -0.595607 0
    outer loop
      vertex 85.1225 6.75002 1.6
      vertex 85.0436 6.85643 19
      vertex 85.0436 6.85643 1.6
    endloop
  endfacet
  facet normal -0.803276 -0.595607 0
    outer loop
      vertex 85.0436 6.85643 19
      vertex 85.1225 6.75002 1.6
      vertex 85.1225 6.75002 19
    endloop
  endfacet
  facet normal 0.514218 -0.857659 0
    outer loop
      vertex 83.25 7.12248 1.6
      vertex 83.3636 7.19059 19
      vertex 83.25 7.12248 19
    endloop
  endfacet
  facet normal 0.514218 -0.857659 0
    outer loop
      vertex 83.3636 7.19059 19
      vertex 83.25 7.12248 1.6
      vertex 83.3636 7.19059 1.6
    endloop
  endfacet
  facet normal 0.14668 -0.989184 0
    outer loop
      vertex 83.7366 7.32406 1.6
      vertex 83.8677 7.3435 19
      vertex 83.7366 7.32406 19
    endloop
  endfacet
  facet normal 0.14668 -0.989184 0
    outer loop
      vertex 83.8677 7.3435 19
      vertex 83.7366 7.32406 1.6
      vertex 83.8677 7.3435 1.6
    endloop
  endfacet
  facet normal -0.514218 -0.857659 0
    outer loop
      vertex 84.6364 7.19059 1.6
      vertex 84.75 7.12248 19
      vertex 84.6364 7.19059 19
    endloop
  endfacet
  facet normal -0.514218 -0.857659 -0
    outer loop
      vertex 84.75 7.12248 19
      vertex 84.6364 7.19059 1.6
      vertex 84.75 7.12248 1.6
    endloop
  endfacet
  facet normal 0.941383 0.33734 0
    outer loop
      vertex 82.7528 5.48338 19
      vertex 82.7081 5.60812 1.6
      vertex 82.7081 5.60812 19
    endloop
  endfacet
  facet normal 0.941383 0.33734 0
    outer loop
      vertex 82.7081 5.60812 1.6
      vertex 82.7528 5.48338 19
      vertex 82.7528 5.48338 1.6
    endloop
  endfacet
  facet normal -0.998796 0.0490642 0
    outer loop
      vertex 85.3435 5.86768 1.6
      vertex 85.35 6 19
      vertex 85.35 6 1.6
    endloop
  endfacet
  facet normal -0.998796 0.0490642 0
    outer loop
      vertex 85.35 6 19
      vertex 85.3435 5.86768 1.6
      vertex 85.3435 5.86768 19
    endloop
  endfacet
  facet normal 0.427486 -0.904022 0
    outer loop
      vertex 83.3636 7.19059 1.6
      vertex 83.4834 7.24724 19
      vertex 83.3636 7.19059 19
    endloop
  endfacet
  facet normal 0.427486 -0.904022 0
    outer loop
      vertex 83.4834 7.24724 19
      vertex 83.3636 7.19059 1.6
      vertex 83.4834 7.24724 1.6
    endloop
  endfacet
  facet normal -0.904126 0.427265 0
    outer loop
      vertex 85.1906 5.36361 1.6
      vertex 85.2472 5.48338 19
      vertex 85.2472 5.48338 1.6
    endloop
  endfacet
  facet normal -0.904126 0.427265 0
    outer loop
      vertex 85.2472 5.48338 19
      vertex 85.1906 5.36361 1.6
      vertex 85.1906 5.36361 19
    endloop
  endfacet
  facet normal 0.59574 0.803177 -0
    outer loop
      vertex 83.25 4.87752 1.6
      vertex 83.1436 4.95644 19
      vertex 83.25 4.87752 19
    endloop
  endfacet
  facet normal 0.59574 0.803177 0
    outer loop
      vertex 83.1436 4.95644 19
      vertex 83.25 4.87752 1.6
      vertex 83.1436 4.95644 1.6
    endloop
  endfacet
  facet normal 0.803276 -0.595607 0
    outer loop
      vertex 82.8775 6.75002 19
      vertex 82.9564 6.85643 1.6
      vertex 82.9564 6.85643 19
    endloop
  endfacet
  facet normal 0.803276 -0.595607 0
    outer loop
      vertex 82.9564 6.85643 1.6
      vertex 82.8775 6.75002 19
      vertex 82.8775 6.75002 1.6
    endloop
  endfacet
  facet normal 0.941383 -0.33734 0
    outer loop
      vertex 82.7081 6.39188 19
      vertex 82.7528 6.51662 1.6
      vertex 82.7528 6.51662 19
    endloop
  endfacet
  facet normal 0.941383 -0.33734 0
    outer loop
      vertex 82.7528 6.51662 1.6
      vertex 82.7081 6.39188 19
      vertex 82.7081 6.39188 1.6
    endloop
  endfacet
  facet normal -0.857773 -0.514029 0
    outer loop
      vertex 85.1906 6.63638 1.6
      vertex 85.1225 6.75002 19
      vertex 85.1225 6.75002 1.6
    endloop
  endfacet
  facet normal -0.857773 -0.514029 0
    outer loop
      vertex 85.1225 6.75002 19
      vertex 85.1906 6.63638 1.6
      vertex 85.1906 6.63638 19
    endloop
  endfacet
  facet normal -0.941383 -0.33734 0
    outer loop
      vertex 85.2919 6.39188 1.6
      vertex 85.2472 6.51662 19
      vertex 85.2472 6.51662 1.6
    endloop
  endfacet
  facet normal -0.941383 -0.33734 0
    outer loop
      vertex 85.2472 6.51662 19
      vertex 85.2919 6.39188 1.6
      vertex 85.2919 6.39188 19
    endloop
  endfacet
  facet normal -0.970014 0.243051 0
    outer loop
      vertex 85.2919 5.60812 1.6
      vertex 85.3241 5.73663 19
      vertex 85.3241 5.73663 1.6
    endloop
  endfacet
  facet normal -0.970014 0.243051 0
    outer loop
      vertex 85.3241 5.73663 19
      vertex 85.2919 5.60812 1.6
      vertex 85.2919 5.60812 19
    endloop
  endfacet
  facet normal -0.98922 0.146439 0
    outer loop
      vertex 85.3241 5.73663 1.6
      vertex 85.3435 5.86768 19
      vertex 85.3435 5.86768 1.6
    endloop
  endfacet
  facet normal -0.98922 0.146439 0
    outer loop
      vertex 85.3435 5.86768 19
      vertex 85.3241 5.73663 1.6
      vertex 85.3241 5.73663 19
    endloop
  endfacet
  facet normal 0.514218 0.857659 -0
    outer loop
      vertex 83.3636 4.80941 1.6
      vertex 83.25 4.87752 19
      vertex 83.3636 4.80941 19
    endloop
  endfacet
  facet normal 0.514218 0.857659 0
    outer loop
      vertex 83.25 4.87752 19
      vertex 83.3636 4.80941 1.6
      vertex 83.25 4.87752 1.6
    endloop
  endfacet
  facet normal -0.336968 -0.941516 0
    outer loop
      vertex 84.3919 7.29187 1.6
      vertex 84.5166 7.24724 19
      vertex 84.3919 7.29187 19
    endloop
  endfacet
  facet normal -0.336968 -0.941516 -0
    outer loop
      vertex 84.5166 7.24724 19
      vertex 84.3919 7.29187 1.6
      vertex 84.5166 7.24724 1.6
    endloop
  endfacet
  facet normal 0.336968 -0.941516 0
    outer loop
      vertex 83.4834 7.24724 1.6
      vertex 83.6081 7.29187 19
      vertex 83.4834 7.24724 19
    endloop
  endfacet
  facet normal 0.336968 -0.941516 0
    outer loop
      vertex 83.6081 7.29187 19
      vertex 83.4834 7.24724 1.6
      vertex 83.6081 7.29187 1.6
    endloop
  endfacet
  facet normal -0.14668 0.989184 0
    outer loop
      vertex 84.2634 4.67594 1.6
      vertex 84.1323 4.6565 19
      vertex 84.2634 4.67594 19
    endloop
  endfacet
  facet normal -0.14668 0.989184 0
    outer loop
      vertex 84.1323 4.6565 19
      vertex 84.2634 4.67594 1.6
      vertex 84.1323 4.6565 1.6
    endloop
  endfacet
  facet normal -0.857753 0.514063 0
    outer loop
      vertex 85.1225 5.24998 1.6
      vertex 85.1906 5.36361 19
      vertex 85.1906 5.36361 1.6
    endloop
  endfacet
  facet normal -0.857753 0.514063 0
    outer loop
      vertex 85.1906 5.36361 19
      vertex 85.1225 5.24998 1.6
      vertex 85.1225 5.24998 19
    endloop
  endfacet
  facet normal 0.0490716 -0.998795 0
    outer loop
      vertex 83.8677 7.3435 1.6
      vertex 84 7.35 19
      vertex 83.8677 7.3435 19
    endloop
  endfacet
  facet normal 0.0490716 -0.998795 0
    outer loop
      vertex 84 7.35 19
      vertex 83.8677 7.3435 1.6
      vertex 84 7.35 1.6
    endloop
  endfacet
  facet normal 0.998796 0.0490642 0
    outer loop
      vertex 82.6565 5.86768 19
      vertex 82.65 6 1.6
      vertex 82.65 6 19
    endloop
  endfacet
  facet normal 0.998796 0.0490642 0
    outer loop
      vertex 82.65 6 1.6
      vertex 82.6565 5.86768 19
      vertex 82.6565 5.86768 1.6
    endloop
  endfacet
  facet normal -0.941383 0.33734 0
    outer loop
      vertex 85.2472 5.48338 1.6
      vertex 85.2919 5.60812 19
      vertex 85.2919 5.60812 1.6
    endloop
  endfacet
  facet normal -0.941383 0.33734 0
    outer loop
      vertex 85.2919 5.60812 19
      vertex 85.2472 5.48338 1.6
      vertex 85.2472 5.48338 19
    endloop
  endfacet
  facet normal -0.427486 -0.904022 0
    outer loop
      vertex 84.5166 7.24724 1.6
      vertex 84.6364 7.19059 19
      vertex 84.5166 7.24724 19
    endloop
  endfacet
  facet normal -0.427486 -0.904022 -0
    outer loop
      vertex 84.6364 7.19059 19
      vertex 84.5166 7.24724 1.6
      vertex 84.6364 7.19059 1.6
    endloop
  endfacet
  facet normal -0.740827 -0.671696 0
    outer loop
      vertex 85.0436 6.85643 1.6
      vertex 84.9546 6.95459 19
      vertex 84.9546 6.95459 1.6
    endloop
  endfacet
  facet normal -0.740827 -0.671696 0
    outer loop
      vertex 84.9546 6.95459 19
      vertex 85.0436 6.85643 1.6
      vertex 85.0436 6.85643 19
    endloop
  endfacet
  facet normal -0.0490716 -0.998795 0
    outer loop
      vertex 84 7.35 1.6
      vertex 84.1323 7.3435 19
      vertex 84 7.35 19
    endloop
  endfacet
  facet normal -0.0490716 -0.998795 -0
    outer loop
      vertex 84.1323 7.3435 19
      vertex 84 7.35 1.6
      vertex 84.1323 7.3435 1.6
    endloop
  endfacet
  facet normal 0.857753 0.514063 0
    outer loop
      vertex 82.8775 5.24998 19
      vertex 82.8094 5.36361 1.6
      vertex 82.8094 5.36361 19
    endloop
  endfacet
  facet normal 0.857753 0.514063 0
    outer loop
      vertex 82.8094 5.36361 1.6
      vertex 82.8775 5.24998 19
      vertex 82.8775 5.24998 1.6
    endloop
  endfacet
  facet normal 0.14668 0.989184 -0
    outer loop
      vertex 83.8677 4.6565 1.6
      vertex 83.7366 4.67594 19
      vertex 83.8677 4.6565 19
    endloop
  endfacet
  facet normal 0.14668 0.989184 0
    outer loop
      vertex 83.7366 4.67594 19
      vertex 83.8677 4.6565 1.6
      vertex 83.7366 4.67594 1.6
    endloop
  endfacet
  facet normal -0.671421 0.741076 0
    outer loop
      vertex 84.9546 5.04541 1.6
      vertex 84.8564 4.95644 19
      vertex 84.9546 5.04541 19
    endloop
  endfacet
  facet normal -0.671421 0.741076 0
    outer loop
      vertex 84.8564 4.95644 19
      vertex 84.9546 5.04541 1.6
      vertex 84.8564 4.95644 1.6
    endloop
  endfacet
  facet normal 0.0490716 0.998795 -0
    outer loop
      vertex 84 4.65 1.6
      vertex 83.8677 4.6565 19
      vertex 84 4.65 19
    endloop
  endfacet
  facet normal 0.0490716 0.998795 0
    outer loop
      vertex 83.8677 4.6565 19
      vertex 84 4.65 1.6
      vertex 83.8677 4.6565 1.6
    endloop
  endfacet
  facet normal 0.740827 -0.671696 0
    outer loop
      vertex 82.9564 6.85643 19
      vertex 83.0454 6.95459 1.6
      vertex 83.0454 6.95459 19
    endloop
  endfacet
  facet normal 0.740827 -0.671696 0
    outer loop
      vertex 83.0454 6.95459 1.6
      vertex 82.9564 6.85643 19
      vertex 82.9564 6.85643 1.6
    endloop
  endfacet
  facet normal -0.671421 -0.741076 0
    outer loop
      vertex 84.8564 7.04356 1.6
      vertex 84.9546 6.95459 19
      vertex 84.8564 7.04356 19
    endloop
  endfacet
  facet normal -0.671421 -0.741076 -0
    outer loop
      vertex 84.9546 6.95459 19
      vertex 84.8564 7.04356 1.6
      vertex 84.9546 6.95459 1.6
    endloop
  endfacet
  facet normal 0.904113 -0.427294 0
    outer loop
      vertex 82.7528 6.51662 19
      vertex 82.8094 6.63638 1.6
      vertex 82.8094 6.63638 19
    endloop
  endfacet
  facet normal 0.904113 -0.427294 0
    outer loop
      vertex 82.8094 6.63638 1.6
      vertex 82.7528 6.51662 19
      vertex 82.7528 6.51662 1.6
    endloop
  endfacet
  facet normal 0.671421 0.741076 -0
    outer loop
      vertex 83.1436 4.95644 1.6
      vertex 83.0454 5.04541 19
      vertex 83.1436 4.95644 19
    endloop
  endfacet
  facet normal 0.671421 0.741076 0
    outer loop
      vertex 83.0454 5.04541 19
      vertex 83.1436 4.95644 1.6
      vertex 83.0454 5.04541 1.6
    endloop
  endfacet
  facet normal 0.970014 -0.243051 0
    outer loop
      vertex 82.6759 6.26337 19
      vertex 82.7081 6.39188 1.6
      vertex 82.7081 6.39188 19
    endloop
  endfacet
  facet normal 0.970014 -0.243051 0
    outer loop
      vertex 82.7081 6.39188 1.6
      vertex 82.6759 6.26337 19
      vertex 82.6759 6.26337 1.6
    endloop
  endfacet
  facet normal -0.242997 -0.970027 0
    outer loop
      vertex 84.2634 7.32406 1.6
      vertex 84.3919 7.29187 19
      vertex 84.2634 7.32406 19
    endloop
  endfacet
  facet normal -0.242997 -0.970027 -0
    outer loop
      vertex 84.3919 7.29187 19
      vertex 84.2634 7.32406 1.6
      vertex 84.3919 7.29187 1.6
    endloop
  endfacet
  facet normal 0.970014 0.243051 0
    outer loop
      vertex 82.7081 5.60812 19
      vertex 82.6759 5.73663 1.6
      vertex 82.6759 5.73663 19
    endloop
  endfacet
  facet normal 0.970014 0.243051 0
    outer loop
      vertex 82.6759 5.73663 1.6
      vertex 82.7081 5.60812 19
      vertex 82.7081 5.60812 1.6
    endloop
  endfacet
  facet normal 0.427486 0.904022 -0
    outer loop
      vertex 83.4834 4.75276 1.6
      vertex 83.3636 4.80941 19
      vertex 83.4834 4.75276 19
    endloop
  endfacet
  facet normal 0.427486 0.904022 0
    outer loop
      vertex 83.3636 4.80941 19
      vertex 83.4834 4.75276 1.6
      vertex 83.3636 4.80941 1.6
    endloop
  endfacet
  facet normal 0.740827 0.671696 0
    outer loop
      vertex 83.0454 5.04541 19
      vertex 82.9564 5.14357 1.6
      vertex 82.9564 5.14357 19
    endloop
  endfacet
  facet normal 0.740827 0.671696 0
    outer loop
      vertex 82.9564 5.14357 1.6
      vertex 83.0454 5.04541 19
      vertex 83.0454 5.04541 1.6
    endloop
  endfacet
  facet normal -0.0490716 0.998795 0
    outer loop
      vertex 84.1323 4.6565 1.6
      vertex 84 4.65 19
      vertex 84.1323 4.6565 19
    endloop
  endfacet
  facet normal -0.0490716 0.998795 0
    outer loop
      vertex 84 4.65 19
      vertex 84.1323 4.6565 1.6
      vertex 84 4.65 1.6
    endloop
  endfacet
  facet normal 0.98922 0.146439 0
    outer loop
      vertex 82.6759 5.73663 19
      vertex 82.6565 5.86768 1.6
      vertex 82.6565 5.86768 19
    endloop
  endfacet
  facet normal 0.98922 0.146439 0
    outer loop
      vertex 82.6565 5.86768 1.6
      vertex 82.6759 5.73663 19
      vertex 82.6759 5.73663 1.6
    endloop
  endfacet
  facet normal -0.59574 0.803177 0
    outer loop
      vertex 84.8564 4.95644 1.6
      vertex 84.75 4.87752 19
      vertex 84.8564 4.95644 19
    endloop
  endfacet
  facet normal -0.59574 0.803177 0
    outer loop
      vertex 84.75 4.87752 19
      vertex 84.8564 4.95644 1.6
      vertex 84.75 4.87752 1.6
    endloop
  endfacet
  facet normal 0.803276 0.595607 0
    outer loop
      vertex 82.9564 5.14357 19
      vertex 82.8775 5.24998 1.6
      vertex 82.8775 5.24998 19
    endloop
  endfacet
  facet normal 0.803276 0.595607 0
    outer loop
      vertex 82.8775 5.24998 1.6
      vertex 82.9564 5.14357 19
      vertex 82.9564 5.14357 1.6
    endloop
  endfacet
  facet normal 0.998796 -0.0490642 0
    outer loop
      vertex 82.65 6 19
      vertex 82.6565 6.13232 1.6
      vertex 82.6565 6.13232 19
    endloop
  endfacet
  facet normal 0.998796 -0.0490642 0
    outer loop
      vertex 82.6565 6.13232 1.6
      vertex 82.65 6 19
      vertex 82.65 6 1.6
    endloop
  endfacet
  facet normal -0.740827 0.671696 0
    outer loop
      vertex 84.9546 5.04541 1.6
      vertex 85.0436 5.14357 19
      vertex 85.0436 5.14357 1.6
    endloop
  endfacet
  facet normal -0.740827 0.671696 0
    outer loop
      vertex 85.0436 5.14357 19
      vertex 84.9546 5.04541 1.6
      vertex 84.9546 5.04541 19
    endloop
  endfacet
endsolid OpenSCAD_Model
