solid OpenSCAD_Model
  facet normal 0.740952 0.671558 0
    outer loop
      vertex 2.31903 1.90318 1.5
      vertex 2.12132 2.12132 0
      vertex 2.12132 2.12132 1.5
    endloop
  endfacet
  facet normal 0.740952 0.671558 0
    outer loop
      vertex 2.12132 2.12132 0
      vertex 2.31903 1.90318 1.5
      vertex 2.31903 1.90318 0
    endloop
  endfacet
  facet normal 0.989181 0.146703 0
    outer loop
      vertex 2.98555 0.294051 1.5
      vertex 2.94236 0.585271 0
      vertex 2.94236 0.585271 1.5
    endloop
  endfacet
  facet normal 0.989181 0.146703 0
    outer loop
      vertex 2.94236 0.585271 0
      vertex 2.98555 0.294051 1.5
      vertex 2.98555 0.294051 0
    endloop
  endfacet
  facet normal 0.998795 0.0490819 0
    outer loop
      vertex 3 0 1.5
      vertex 2.98555 0.294051 0
      vertex 2.98555 0.294051 1.5
    endloop
  endfacet
  facet normal 0.998795 0.0490819 0
    outer loop
      vertex 2.98555 0.294051 0
      vertex 3 0 1.5
      vertex 3 0 0
    endloop
  endfacet
  facet normal 0.970027 0.242998 0
    outer loop
      vertex 2.94236 0.585271 1.5
      vertex 2.87082 0.870853 0
      vertex 2.87082 0.870853 1.5
    endloop
  endfacet
  facet normal 0.970027 0.242998 0
    outer loop
      vertex 2.87082 0.870853 0
      vertex 2.94236 0.585271 1.5
      vertex 2.94236 0.585271 0
    endloop
  endfacet
  facet normal 0.336882 -0.941547 0
    outer loop
      vertex 0.870853 -2.87082 0
      vertex 1.14805 -2.77164 1.5
      vertex 0.870853 -2.87082 1.5
    endloop
  endfacet
  facet normal 0.336882 -0.941547 0
    outer loop
      vertex 1.14805 -2.77164 1.5
      vertex 0.870853 -2.87082 0
      vertex 1.14805 -2.77164 0
    endloop
  endfacet
  facet normal 0.857736 0.514091 0
    outer loop
      vertex 2.64576 1.41419 1.5
      vertex 2.49441 1.66671 0
      vertex 2.49441 1.66671 1.5
    endloop
  endfacet
  facet normal 0.857736 0.514091 0
    outer loop
      vertex 2.49441 1.66671 0
      vertex 2.64576 1.41419 1.5
      vertex 2.64576 1.41419 0
    endloop
  endfacet
  facet normal 0.941547 0.336882 0
    outer loop
      vertex 2.87082 0.870853 1.5
      vertex 2.77164 1.14805 0
      vertex 2.77164 1.14805 1.5
    endloop
  endfacet
  facet normal 0.941547 0.336882 0
    outer loop
      vertex 2.77164 1.14805 0
      vertex 2.87082 0.870853 1.5
      vertex 2.87082 0.870853 0
    endloop
  endfacet
  facet normal 0.242998 0.970027 -0
    outer loop
      vertex 0.870853 2.87082 0
      vertex 0.585271 2.94236 1.5
      vertex 0.870853 2.87082 1.5
    endloop
  endfacet
  facet normal 0.242998 0.970027 0
    outer loop
      vertex 0.585271 2.94236 1.5
      vertex 0.870853 2.87082 0
      vertex 0.585271 2.94236 0
    endloop
  endfacet
  facet normal -0.740952 0.671558 0
    outer loop
      vertex -2.31903 1.90318 0
      vertex -2.12132 2.12132 1.5
      vertex -2.12132 2.12132 0
    endloop
  endfacet
  facet normal -0.740952 0.671558 0
    outer loop
      vertex -2.12132 2.12132 1.5
      vertex -2.31903 1.90318 0
      vertex -2.31903 1.90318 1.5
    endloop
  endfacet
  facet normal 0.0490819 -0.998795 0
    outer loop
      vertex 0 -3 0
      vertex 0.294051 -2.98555 1.5
      vertex 0 -3 1.5
    endloop
  endfacet
  facet normal 0.0490819 -0.998795 0
    outer loop
      vertex 0.294051 -2.98555 1.5
      vertex 0 -3 0
      vertex 0.294051 -2.98555 0
    endloop
  endfacet
  facet normal 0.427569 0.903983 -0
    outer loop
      vertex 1.41419 2.64576 0
      vertex 1.14805 2.77164 1.5
      vertex 1.41419 2.64576 1.5
    endloop
  endfacet
  facet normal 0.427569 0.903983 0
    outer loop
      vertex 1.14805 2.77164 1.5
      vertex 1.41419 2.64576 0
      vertex 1.14805 2.77164 0
    endloop
  endfacet
  facet normal 0.671558 0.740952 -0
    outer loop
      vertex 2.12132 2.12132 0
      vertex 1.90318 2.31903 1.5
      vertex 2.12132 2.12132 1.5
    endloop
  endfacet
  facet normal 0.671558 0.740952 0
    outer loop
      vertex 1.90318 2.31903 1.5
      vertex 2.12132 2.12132 0
      vertex 1.90318 2.31903 0
    endloop
  endfacet
  facet normal -0.595703 -0.803204 0
    outer loop
      vertex -1.90318 -2.31903 0
      vertex -1.66671 -2.49441 1.5
      vertex -1.90318 -2.31903 1.5
    endloop
  endfacet
  facet normal -0.595703 -0.803204 -0
    outer loop
      vertex -1.66671 -2.49441 1.5
      vertex -1.90318 -2.31903 0
      vertex -1.66671 -2.49441 0
    endloop
  endfacet
  facet normal 0.242998 -0.970027 0
    outer loop
      vertex 0.585271 -2.94236 0
      vertex 0.870853 -2.87082 1.5
      vertex 0.585271 -2.94236 1.5
    endloop
  endfacet
  facet normal 0.242998 -0.970027 0
    outer loop
      vertex 0.870853 -2.87082 1.5
      vertex 0.585271 -2.94236 0
      vertex 0.870853 -2.87082 0
    endloop
  endfacet
  facet normal 0.989181 -0.146703 0
    outer loop
      vertex 2.94236 -0.585271 1.5
      vertex 2.98555 -0.294051 0
      vertex 2.98555 -0.294051 1.5
    endloop
  endfacet
  facet normal 0.989181 -0.146703 0
    outer loop
      vertex 2.98555 -0.294051 0
      vertex 2.94236 -0.585271 1.5
      vertex 2.94236 -0.585271 0
    endloop
  endfacet
  facet normal 0.514091 -0.857736 0
    outer loop
      vertex 1.41419 -2.64576 0
      vertex 1.66671 -2.49441 1.5
      vertex 1.41419 -2.64576 1.5
    endloop
  endfacet
  facet normal 0.514091 -0.857736 0
    outer loop
      vertex 1.66671 -2.49441 1.5
      vertex 1.41419 -2.64576 0
      vertex 1.66671 -2.49441 0
    endloop
  endfacet
  facet normal -0.242998 -0.970027 0
    outer loop
      vertex -0.870853 -2.87082 0
      vertex -0.585271 -2.94236 1.5
      vertex -0.870853 -2.87082 1.5
    endloop
  endfacet
  facet normal -0.242998 -0.970027 -0
    outer loop
      vertex -0.585271 -2.94236 1.5
      vertex -0.870853 -2.87082 0
      vertex -0.585271 -2.94236 0
    endloop
  endfacet
  facet normal -0.595703 0.803204 0
    outer loop
      vertex -1.66671 2.49441 0
      vertex -1.90318 2.31903 1.5
      vertex -1.66671 2.49441 1.5
    endloop
  endfacet
  facet normal -0.595703 0.803204 0
    outer loop
      vertex -1.90318 2.31903 1.5
      vertex -1.66671 2.49441 0
      vertex -1.90318 2.31903 0
    endloop
  endfacet
  facet normal -0.998795 -0.0490819 0
    outer loop
      vertex -2.98555 -0.294051 0
      vertex -3 0 1.5
      vertex -3 0 0
    endloop
  endfacet
  facet normal -0.998795 -0.0490819 0
    outer loop
      vertex -3 0 1.5
      vertex -2.98555 -0.294051 0
      vertex -2.98555 -0.294051 1.5
    endloop
  endfacet
  facet normal -0.970027 -0.242998 0
    outer loop
      vertex -2.87082 -0.870853 0
      vertex -2.94236 -0.585271 1.5
      vertex -2.94236 -0.585271 0
    endloop
  endfacet
  facet normal -0.970027 -0.242998 0
    outer loop
      vertex -2.94236 -0.585271 1.5
      vertex -2.87082 -0.870853 0
      vertex -2.87082 -0.870853 1.5
    endloop
  endfacet
  facet normal 0.970027 -0.242998 0
    outer loop
      vertex 2.87082 -0.870853 1.5
      vertex 2.94236 -0.585271 0
      vertex 2.94236 -0.585271 1.5
    endloop
  endfacet
  facet normal 0.970027 -0.242998 0
    outer loop
      vertex 2.94236 -0.585271 0
      vertex 2.87082 -0.870853 1.5
      vertex 2.87082 -0.870853 0
    endloop
  endfacet
  facet normal -0.514091 0.857736 0
    outer loop
      vertex -1.41419 2.64576 0
      vertex -1.66671 2.49441 1.5
      vertex -1.41419 2.64576 1.5
    endloop
  endfacet
  facet normal -0.514091 0.857736 0
    outer loop
      vertex -1.66671 2.49441 1.5
      vertex -1.41419 2.64576 0
      vertex -1.66671 2.49441 0
    endloop
  endfacet
  facet normal 0.595703 0.803204 -0
    outer loop
      vertex 1.90318 2.31903 0
      vertex 1.66671 2.49441 1.5
      vertex 1.90318 2.31903 1.5
    endloop
  endfacet
  facet normal 0.595703 0.803204 0
    outer loop
      vertex 1.66671 2.49441 1.5
      vertex 1.90318 2.31903 0
      vertex 1.66671 2.49441 0
    endloop
  endfacet
  facet normal -0.903983 -0.427569 0
    outer loop
      vertex -2.64576 -1.41419 0
      vertex -2.77164 -1.14805 1.5
      vertex -2.77164 -1.14805 0
    endloop
  endfacet
  facet normal -0.903983 -0.427569 0
    outer loop
      vertex -2.77164 -1.14805 1.5
      vertex -2.64576 -1.41419 0
      vertex -2.64576 -1.41419 1.5
    endloop
  endfacet
  facet normal 0.941547 -0.336882 0
    outer loop
      vertex 2.77164 -1.14805 1.5
      vertex 2.87082 -0.870853 0
      vertex 2.87082 -0.870853 1.5
    endloop
  endfacet
  facet normal 0.941547 -0.336882 0
    outer loop
      vertex 2.87082 -0.870853 0
      vertex 2.77164 -1.14805 1.5
      vertex 2.77164 -1.14805 0
    endloop
  endfacet
  facet normal 0.146703 0.989181 -0
    outer loop
      vertex 0.585271 2.94236 0
      vertex 0.294051 2.98555 1.5
      vertex 0.585271 2.94236 1.5
    endloop
  endfacet
  facet normal 0.146703 0.989181 0
    outer loop
      vertex 0.294051 2.98555 1.5
      vertex 0.585271 2.94236 0
      vertex 0.294051 2.98555 0
    endloop
  endfacet
  facet normal -0.427569 0.903983 0
    outer loop
      vertex -1.14805 2.77164 0
      vertex -1.41419 2.64576 1.5
      vertex -1.14805 2.77164 1.5
    endloop
  endfacet
  facet normal -0.427569 0.903983 0
    outer loop
      vertex -1.41419 2.64576 1.5
      vertex -1.14805 2.77164 0
      vertex -1.41419 2.64576 0
    endloop
  endfacet
  facet normal 0.514091 0.857736 -0
    outer loop
      vertex 1.66671 2.49441 0
      vertex 1.41419 2.64576 1.5
      vertex 1.66671 2.49441 1.5
    endloop
  endfacet
  facet normal 0.514091 0.857736 0
    outer loop
      vertex 1.41419 2.64576 1.5
      vertex 1.66671 2.49441 0
      vertex 1.41419 2.64576 0
    endloop
  endfacet
  facet normal 0.427569 -0.903983 0
    outer loop
      vertex 1.14805 -2.77164 0
      vertex 1.41419 -2.64576 1.5
      vertex 1.14805 -2.77164 1.5
    endloop
  endfacet
  facet normal 0.427569 -0.903983 0
    outer loop
      vertex 1.41419 -2.64576 1.5
      vertex 1.14805 -2.77164 0
      vertex 1.41419 -2.64576 0
    endloop
  endfacet
  facet normal -0.941547 -0.336882 0
    outer loop
      vertex -2.77164 -1.14805 0
      vertex -2.87082 -0.870853 1.5
      vertex -2.87082 -0.870853 0
    endloop
  endfacet
  facet normal -0.941547 -0.336882 0
    outer loop
      vertex -2.87082 -0.870853 1.5
      vertex -2.77164 -1.14805 0
      vertex -2.77164 -1.14805 1.5
    endloop
  endfacet
  facet normal 0.857736 -0.514091 0
    outer loop
      vertex 2.49441 -1.66671 1.5
      vertex 2.64576 -1.41419 0
      vertex 2.64576 -1.41419 1.5
    endloop
  endfacet
  facet normal 0.857736 -0.514091 0
    outer loop
      vertex 2.64576 -1.41419 0
      vertex 2.49441 -1.66671 1.5
      vertex 2.49441 -1.66671 0
    endloop
  endfacet
  facet normal 0.903983 -0.427569 0
    outer loop
      vertex 2.64576 -1.41419 1.5
      vertex 2.77164 -1.14805 0
      vertex 2.77164 -1.14805 1.5
    endloop
  endfacet
  facet normal 0.903983 -0.427569 0
    outer loop
      vertex 2.77164 -1.14805 0
      vertex 2.64576 -1.41419 1.5
      vertex 2.64576 -1.41419 0
    endloop
  endfacet
  facet normal 0.998795 -0.0490819 0
    outer loop
      vertex 2.98555 -0.294051 1.5
      vertex 3 0 0
      vertex 3 0 1.5
    endloop
  endfacet
  facet normal 0.998795 -0.0490819 0
    outer loop
      vertex 3 0 0
      vertex 2.98555 -0.294051 1.5
      vertex 2.98555 -0.294051 0
    endloop
  endfacet
  facet normal -0.146703 0.989181 0
    outer loop
      vertex -0.294051 2.98555 0
      vertex -0.585271 2.94236 1.5
      vertex -0.294051 2.98555 1.5
    endloop
  endfacet
  facet normal -0.146703 0.989181 0
    outer loop
      vertex -0.585271 2.94236 1.5
      vertex -0.294051 2.98555 0
      vertex -0.585271 2.94236 0
    endloop
  endfacet
  facet normal 0.146703 -0.989181 0
    outer loop
      vertex 0.294051 -2.98555 0
      vertex 0.585271 -2.94236 1.5
      vertex 0.294051 -2.98555 1.5
    endloop
  endfacet
  facet normal 0.146703 -0.989181 0
    outer loop
      vertex 0.585271 -2.94236 1.5
      vertex 0.294051 -2.98555 0
      vertex 0.585271 -2.94236 0
    endloop
  endfacet
  facet normal 0.740952 -0.671558 0
    outer loop
      vertex 2.12132 -2.12132 1.5
      vertex 2.31903 -1.90318 0
      vertex 2.31903 -1.90318 1.5
    endloop
  endfacet
  facet normal 0.740952 -0.671558 0
    outer loop
      vertex 2.31903 -1.90318 0
      vertex 2.12132 -2.12132 1.5
      vertex 2.12132 -2.12132 0
    endloop
  endfacet
  facet normal 0.803204 -0.595703 0
    outer loop
      vertex 2.31903 -1.90318 1.5
      vertex 2.49441 -1.66671 0
      vertex 2.49441 -1.66671 1.5
    endloop
  endfacet
  facet normal 0.803204 -0.595703 0
    outer loop
      vertex 2.49441 -1.66671 0
      vertex 2.31903 -1.90318 1.5
      vertex 2.31903 -1.90318 0
    endloop
  endfacet
  facet normal -0.242998 0.970027 0
    outer loop
      vertex -0.585271 2.94236 0
      vertex -0.870853 2.87082 1.5
      vertex -0.585271 2.94236 1.5
    endloop
  endfacet
  facet normal -0.242998 0.970027 0
    outer loop
      vertex -0.870853 2.87082 1.5
      vertex -0.585271 2.94236 0
      vertex -0.870853 2.87082 0
    endloop
  endfacet
  facet normal 0.803204 0.595703 0
    outer loop
      vertex 2.49441 1.66671 1.5
      vertex 2.31903 1.90318 0
      vertex 2.31903 1.90318 1.5
    endloop
  endfacet
  facet normal 0.803204 0.595703 0
    outer loop
      vertex 2.31903 1.90318 0
      vertex 2.49441 1.66671 1.5
      vertex 2.49441 1.66671 0
    endloop
  endfacet
  facet normal 0.0490819 0.998795 -0
    outer loop
      vertex 0.294051 2.98555 0
      vertex 0 3 1.5
      vertex 0.294051 2.98555 1.5
    endloop
  endfacet
  facet normal 0.0490819 0.998795 0
    outer loop
      vertex 0 3 1.5
      vertex 0.294051 2.98555 0
      vertex 0 3 0
    endloop
  endfacet
  facet normal 0.903983 0.427569 0
    outer loop
      vertex 2.77164 1.14805 1.5
      vertex 2.64576 1.41419 0
      vertex 2.64576 1.41419 1.5
    endloop
  endfacet
  facet normal 0.903983 0.427569 0
    outer loop
      vertex 2.64576 1.41419 0
      vertex 2.77164 1.14805 1.5
      vertex 2.77164 1.14805 0
    endloop
  endfacet
  facet normal -0.857736 0.514091 0
    outer loop
      vertex -2.64576 1.41419 0
      vertex -2.49441 1.66671 1.5
      vertex -2.49441 1.66671 0
    endloop
  endfacet
  facet normal -0.857736 0.514091 0
    outer loop
      vertex -2.49441 1.66671 1.5
      vertex -2.64576 1.41419 0
      vertex -2.64576 1.41419 1.5
    endloop
  endfacet
  facet normal -0.671558 0.740952 0
    outer loop
      vertex -1.90318 2.31903 0
      vertex -2.12132 2.12132 1.5
      vertex -1.90318 2.31903 1.5
    endloop
  endfacet
  facet normal -0.671558 0.740952 0
    outer loop
      vertex -2.12132 2.12132 1.5
      vertex -1.90318 2.31903 0
      vertex -2.12132 2.12132 0
    endloop
  endfacet
  facet normal -0.857736 -0.514091 0
    outer loop
      vertex -2.49441 -1.66671 0
      vertex -2.64576 -1.41419 1.5
      vertex -2.64576 -1.41419 0
    endloop
  endfacet
  facet normal -0.857736 -0.514091 0
    outer loop
      vertex -2.64576 -1.41419 1.5
      vertex -2.49441 -1.66671 0
      vertex -2.49441 -1.66671 1.5
    endloop
  endfacet
  facet normal -0.427569 -0.903983 0
    outer loop
      vertex -1.41419 -2.64576 0
      vertex -1.14805 -2.77164 1.5
      vertex -1.41419 -2.64576 1.5
    endloop
  endfacet
  facet normal -0.427569 -0.903983 -0
    outer loop
      vertex -1.14805 -2.77164 1.5
      vertex -1.41419 -2.64576 0
      vertex -1.14805 -2.77164 0
    endloop
  endfacet
  facet normal -0.740952 -0.671558 0
    outer loop
      vertex -2.12132 -2.12132 0
      vertex -2.31903 -1.90318 1.5
      vertex -2.31903 -1.90318 0
    endloop
  endfacet
  facet normal -0.740952 -0.671558 0
    outer loop
      vertex -2.31903 -1.90318 1.5
      vertex -2.12132 -2.12132 0
      vertex -2.12132 -2.12132 1.5
    endloop
  endfacet
  facet normal -0.336882 0.941547 0
    outer loop
      vertex -0.870853 2.87082 0
      vertex -1.14805 2.77164 1.5
      vertex -0.870853 2.87082 1.5
    endloop
  endfacet
  facet normal -0.336882 0.941547 0
    outer loop
      vertex -1.14805 2.77164 1.5
      vertex -0.870853 2.87082 0
      vertex -1.14805 2.77164 0
    endloop
  endfacet
  facet normal -0.514091 -0.857736 0
    outer loop
      vertex -1.66671 -2.49441 0
      vertex -1.41419 -2.64576 1.5
      vertex -1.66671 -2.49441 1.5
    endloop
  endfacet
  facet normal -0.514091 -0.857736 -0
    outer loop
      vertex -1.41419 -2.64576 1.5
      vertex -1.66671 -2.49441 0
      vertex -1.41419 -2.64576 0
    endloop
  endfacet
  facet normal 0.595703 -0.803204 0
    outer loop
      vertex 1.66671 -2.49441 0
      vertex 1.90318 -2.31903 1.5
      vertex 1.66671 -2.49441 1.5
    endloop
  endfacet
  facet normal 0.595703 -0.803204 0
    outer loop
      vertex 1.90318 -2.31903 1.5
      vertex 1.66671 -2.49441 0
      vertex 1.90318 -2.31903 0
    endloop
  endfacet
  facet normal -0.0490819 0.998795 0
    outer loop
      vertex 0 3 0
      vertex -0.294051 2.98555 1.5
      vertex 0 3 1.5
    endloop
  endfacet
  facet normal -0.0490819 0.998795 0
    outer loop
      vertex -0.294051 2.98555 1.5
      vertex 0 3 0
      vertex -0.294051 2.98555 0
    endloop
  endfacet
  facet normal -0.970027 0.242998 0
    outer loop
      vertex -2.94236 0.585271 0
      vertex -2.87082 0.870853 1.5
      vertex -2.87082 0.870853 0
    endloop
  endfacet
  facet normal -0.970027 0.242998 0
    outer loop
      vertex -2.87082 0.870853 1.5
      vertex -2.94236 0.585271 0
      vertex -2.94236 0.585271 1.5
    endloop
  endfacet
  facet normal -0.941547 0.336882 0
    outer loop
      vertex -2.87082 0.870853 0
      vertex -2.77164 1.14805 1.5
      vertex -2.77164 1.14805 0
    endloop
  endfacet
  facet normal -0.941547 0.336882 0
    outer loop
      vertex -2.77164 1.14805 1.5
      vertex -2.87082 0.870853 0
      vertex -2.87082 0.870853 1.5
    endloop
  endfacet
  facet normal 0.336882 0.941547 -0
    outer loop
      vertex 1.14805 2.77164 0
      vertex 0.870853 2.87082 1.5
      vertex 1.14805 2.77164 1.5
    endloop
  endfacet
  facet normal 0.336882 0.941547 0
    outer loop
      vertex 0.870853 2.87082 1.5
      vertex 1.14805 2.77164 0
      vertex 0.870853 2.87082 0
    endloop
  endfacet
  facet normal -0.803204 -0.595703 0
    outer loop
      vertex -2.31903 -1.90318 0
      vertex -2.49441 -1.66671 1.5
      vertex -2.49441 -1.66671 0
    endloop
  endfacet
  facet normal -0.803204 -0.595703 0
    outer loop
      vertex -2.49441 -1.66671 1.5
      vertex -2.31903 -1.90318 0
      vertex -2.31903 -1.90318 1.5
    endloop
  endfacet
  facet normal -0.989181 -0.146703 0
    outer loop
      vertex -2.94236 -0.585271 0
      vertex -2.98555 -0.294051 1.5
      vertex -2.98555 -0.294051 0
    endloop
  endfacet
  facet normal -0.989181 -0.146703 0
    outer loop
      vertex -2.98555 -0.294051 1.5
      vertex -2.94236 -0.585271 0
      vertex -2.94236 -0.585271 1.5
    endloop
  endfacet
  facet normal -0.903983 0.427569 0
    outer loop
      vertex -2.77164 1.14805 0
      vertex -2.64576 1.41419 1.5
      vertex -2.64576 1.41419 0
    endloop
  endfacet
  facet normal -0.903983 0.427569 0
    outer loop
      vertex -2.64576 1.41419 1.5
      vertex -2.77164 1.14805 0
      vertex -2.77164 1.14805 1.5
    endloop
  endfacet
  facet normal 0 0 -1
    outer loop
      vertex 2.98555 -0.294051 0
      vertex 2.98555 0.294051 0
      vertex 3 0 0
    endloop
  endfacet
  facet normal 0 0 -1
    outer loop
      vertex 2.94236 -0.585271 0
      vertex 2.98555 0.294051 0
      vertex 2.98555 -0.294051 0
    endloop
  endfacet
  facet normal 0 0 -1
    outer loop
      vertex 2.94236 -0.585271 0
      vertex 2.94236 0.585271 0
      vertex 2.98555 0.294051 0
    endloop
  endfacet
  facet normal 0 0 -1
    outer loop
      vertex 2.87082 -0.870853 0
      vertex 2.94236 0.585271 0
      vertex 2.94236 -0.585271 0
    endloop
  endfacet
  facet normal 0 0 -1
    outer loop
      vertex 2.87082 -0.870853 0
      vertex 2.87082 0.870853 0
      vertex 2.94236 0.585271 0
    endloop
  endfacet
  facet normal 0 0 -1
    outer loop
      vertex 2.77164 -1.14805 0
      vertex 2.87082 0.870853 0
      vertex 2.87082 -0.870853 0
    endloop
  endfacet
  facet normal 0 0 -1
    outer loop
      vertex 2.77164 -1.14805 0
      vertex 2.77164 1.14805 0
      vertex 2.87082 0.870853 0
    endloop
  endfacet
  facet normal 0 0 -1
    outer loop
      vertex 2.64576 -1.41419 0
      vertex 2.77164 1.14805 0
      vertex 2.77164 -1.14805 0
    endloop
  endfacet
  facet normal 0 0 -1
    outer loop
      vertex 2.64576 -1.41419 0
      vertex 2.64576 1.41419 0
      vertex 2.77164 1.14805 0
    endloop
  endfacet
  facet normal 0 0 -1
    outer loop
      vertex 2.49441 -1.66671 0
      vertex 2.64576 1.41419 0
      vertex 2.64576 -1.41419 0
    endloop
  endfacet
  facet normal 0 0 -1
    outer loop
      vertex 2.49441 -1.66671 0
      vertex 2.49441 1.66671 0
      vertex 2.64576 1.41419 0
    endloop
  endfacet
  facet normal 0 0 -1
    outer loop
      vertex 2.31903 -1.90318 0
      vertex 2.49441 1.66671 0
      vertex 2.49441 -1.66671 0
    endloop
  endfacet
  facet normal 0 0 -1
    outer loop
      vertex 2.31903 -1.90318 0
      vertex 2.31903 1.90318 0
      vertex 2.49441 1.66671 0
    endloop
  endfacet
  facet normal 0 0 -1
    outer loop
      vertex 2.12132 -2.12132 0
      vertex 2.31903 1.90318 0
      vertex 2.31903 -1.90318 0
    endloop
  endfacet
  facet normal 0 0 -1
    outer loop
      vertex 2.12132 -2.12132 0
      vertex 2.12132 2.12132 0
      vertex 2.31903 1.90318 0
    endloop
  endfacet
  facet normal 0 0 -1
    outer loop
      vertex 1.90318 -2.31903 0
      vertex 2.12132 2.12132 0
      vertex 2.12132 -2.12132 0
    endloop
  endfacet
  facet normal 0 0 -1
    outer loop
      vertex 1.90318 -2.31903 0
      vertex 1.90318 2.31903 0
      vertex 2.12132 2.12132 0
    endloop
  endfacet
  facet normal 0 0 -1
    outer loop
      vertex 1.66671 -2.49441 0
      vertex 1.90318 2.31903 0
      vertex 1.90318 -2.31903 0
    endloop
  endfacet
  facet normal 0 0 -1
    outer loop
      vertex 1.66671 -2.49441 0
      vertex 1.66671 2.49441 0
      vertex 1.90318 2.31903 0
    endloop
  endfacet
  facet normal 0 0 -1
    outer loop
      vertex 1.41419 -2.64576 0
      vertex 1.66671 2.49441 0
      vertex 1.66671 -2.49441 0
    endloop
  endfacet
  facet normal 0 0 -1
    outer loop
      vertex 1.41419 -2.64576 0
      vertex 1.41419 2.64576 0
      vertex 1.66671 2.49441 0
    endloop
  endfacet
  facet normal 0 0 -1
    outer loop
      vertex 1.14805 -2.77164 0
      vertex 1.41419 2.64576 0
      vertex 1.41419 -2.64576 0
    endloop
  endfacet
  facet normal 0 0 -1
    outer loop
      vertex 1.14805 -2.77164 0
      vertex 1.14805 2.77164 0
      vertex 1.41419 2.64576 0
    endloop
  endfacet
  facet normal 0 0 -1
    outer loop
      vertex 0.870853 -2.87082 0
      vertex 1.14805 2.77164 0
      vertex 1.14805 -2.77164 0
    endloop
  endfacet
  facet normal 0 0 -1
    outer loop
      vertex 0.870853 -2.87082 0
      vertex 0.870853 2.87082 0
      vertex 1.14805 2.77164 0
    endloop
  endfacet
  facet normal 0 0 -1
    outer loop
      vertex 0.585271 -2.94236 0
      vertex 0.870853 2.87082 0
      vertex 0.870853 -2.87082 0
    endloop
  endfacet
  facet normal 0 0 -1
    outer loop
      vertex 0.585271 -2.94236 0
      vertex 0.585271 2.94236 0
      vertex 0.870853 2.87082 0
    endloop
  endfacet
  facet normal 0 0 -1
    outer loop
      vertex 0.294051 -2.98555 0
      vertex 0.585271 2.94236 0
      vertex 0.585271 -2.94236 0
    endloop
  endfacet
  facet normal 0 0 -1
    outer loop
      vertex 0.294051 -2.98555 0
      vertex 0.294051 2.98555 0
      vertex 0.585271 2.94236 0
    endloop
  endfacet
  facet normal 0 0 -1
    outer loop
      vertex 0 -3 0
      vertex 0.294051 2.98555 0
      vertex 0.294051 -2.98555 0
    endloop
  endfacet
  facet normal 0 0 -1
    outer loop
      vertex 0 -3 0
      vertex 0 3 0
      vertex 0.294051 2.98555 0
    endloop
  endfacet
  facet normal 0 0 -1
    outer loop
      vertex -0.294051 -2.98555 0
      vertex 0 3 0
      vertex 0 -3 0
    endloop
  endfacet
  facet normal 0 0 -1
    outer loop
      vertex -0.294051 -2.98555 0
      vertex -0.294051 2.98555 0
      vertex 0 3 0
    endloop
  endfacet
  facet normal 0 0 -1
    outer loop
      vertex -0.585271 -2.94236 0
      vertex -0.294051 2.98555 0
      vertex -0.294051 -2.98555 0
    endloop
  endfacet
  facet normal 0 0 -1
    outer loop
      vertex -0.585271 -2.94236 0
      vertex -0.585271 2.94236 0
      vertex -0.294051 2.98555 0
    endloop
  endfacet
  facet normal 0 0 -1
    outer loop
      vertex -0.870853 -2.87082 0
      vertex -0.585271 2.94236 0
      vertex -0.585271 -2.94236 0
    endloop
  endfacet
  facet normal 0 0 -1
    outer loop
      vertex -0.870853 -2.87082 0
      vertex -0.870853 2.87082 0
      vertex -0.585271 2.94236 0
    endloop
  endfacet
  facet normal 0 0 -1
    outer loop
      vertex -1.14805 -2.77164 0
      vertex -0.870853 2.87082 0
      vertex -0.870853 -2.87082 0
    endloop
  endfacet
  facet normal 0 0 -1
    outer loop
      vertex -1.14805 -2.77164 0
      vertex -1.14805 2.77164 0
      vertex -0.870853 2.87082 0
    endloop
  endfacet
  facet normal 0 0 -1
    outer loop
      vertex -1.41419 -2.64576 0
      vertex -1.14805 2.77164 0
      vertex -1.14805 -2.77164 0
    endloop
  endfacet
  facet normal 0 0 -1
    outer loop
      vertex -1.41419 -2.64576 0
      vertex -1.41419 2.64576 0
      vertex -1.14805 2.77164 0
    endloop
  endfacet
  facet normal 0 0 -1
    outer loop
      vertex -1.66671 -2.49441 0
      vertex -1.41419 2.64576 0
      vertex -1.41419 -2.64576 0
    endloop
  endfacet
  facet normal 0 0 -1
    outer loop
      vertex -1.66671 -2.49441 0
      vertex -1.66671 2.49441 0
      vertex -1.41419 2.64576 0
    endloop
  endfacet
  facet normal 0 0 -1
    outer loop
      vertex -1.90318 -2.31903 0
      vertex -1.66671 2.49441 0
      vertex -1.66671 -2.49441 0
    endloop
  endfacet
  facet normal 0 0 -1
    outer loop
      vertex -1.90318 -2.31903 0
      vertex -1.90318 2.31903 0
      vertex -1.66671 2.49441 0
    endloop
  endfacet
  facet normal 0 0 -1
    outer loop
      vertex -2.12132 -2.12132 0
      vertex -1.90318 2.31903 0
      vertex -1.90318 -2.31903 0
    endloop
  endfacet
  facet normal 0 0 -1
    outer loop
      vertex -2.12132 -2.12132 0
      vertex -2.12132 2.12132 0
      vertex -1.90318 2.31903 0
    endloop
  endfacet
  facet normal 0 0 -1
    outer loop
      vertex -2.31903 -1.90318 0
      vertex -2.12132 2.12132 0
      vertex -2.12132 -2.12132 0
    endloop
  endfacet
  facet normal 0 0 -1
    outer loop
      vertex -2.31903 -1.90318 0
      vertex -2.31903 1.90318 0
      vertex -2.12132 2.12132 0
    endloop
  endfacet
  facet normal 0 0 -1
    outer loop
      vertex -2.49441 -1.66671 0
      vertex -2.31903 1.90318 0
      vertex -2.31903 -1.90318 0
    endloop
  endfacet
  facet normal 0 0 -1
    outer loop
      vertex -2.49441 -1.66671 0
      vertex -2.49441 1.66671 0
      vertex -2.31903 1.90318 0
    endloop
  endfacet
  facet normal 0 0 -1
    outer loop
      vertex -2.64576 -1.41419 0
      vertex -2.49441 1.66671 0
      vertex -2.49441 -1.66671 0
    endloop
  endfacet
  facet normal 0 0 -1
    outer loop
      vertex -2.64576 -1.41419 0
      vertex -2.64576 1.41419 0
      vertex -2.49441 1.66671 0
    endloop
  endfacet
  facet normal 0 0 -1
    outer loop
      vertex -2.77164 -1.14805 0
      vertex -2.64576 1.41419 0
      vertex -2.64576 -1.41419 0
    endloop
  endfacet
  facet normal 0 0 -1
    outer loop
      vertex -2.77164 -1.14805 0
      vertex -2.77164 1.14805 0
      vertex -2.64576 1.41419 0
    endloop
  endfacet
  facet normal 0 0 -1
    outer loop
      vertex -2.87082 -0.870853 0
      vertex -2.77164 1.14805 0
      vertex -2.77164 -1.14805 0
    endloop
  endfacet
  facet normal 0 0 -1
    outer loop
      vertex -2.87082 -0.870853 0
      vertex -2.87082 0.870853 0
      vertex -2.77164 1.14805 0
    endloop
  endfacet
  facet normal 0 0 -1
    outer loop
      vertex -2.94236 -0.585271 0
      vertex -2.87082 0.870853 0
      vertex -2.87082 -0.870853 0
    endloop
  endfacet
  facet normal 0 0 -1
    outer loop
      vertex -2.94236 -0.585271 0
      vertex -2.94236 0.585271 0
      vertex -2.87082 0.870853 0
    endloop
  endfacet
  facet normal 0 0 -1
    outer loop
      vertex -2.98555 -0.294051 0
      vertex -2.94236 0.585271 0
      vertex -2.94236 -0.585271 0
    endloop
  endfacet
  facet normal 0 0 -1
    outer loop
      vertex -2.98555 -0.294051 0
      vertex -2.98555 0.294051 0
      vertex -2.94236 0.585271 0
    endloop
  endfacet
  facet normal 0 -0 -1
    outer loop
      vertex -2.98555 0.294051 0
      vertex -2.98555 -0.294051 0
      vertex -3 0 0
    endloop
  endfacet
  facet normal -0.671558 -0.740952 0
    outer loop
      vertex -2.12132 -2.12132 0
      vertex -1.90318 -2.31903 1.5
      vertex -2.12132 -2.12132 1.5
    endloop
  endfacet
  facet normal -0.671558 -0.740952 -0
    outer loop
      vertex -1.90318 -2.31903 1.5
      vertex -2.12132 -2.12132 0
      vertex -1.90318 -2.31903 0
    endloop
  endfacet
  facet normal -0.803204 0.595703 0
    outer loop
      vertex -2.49441 1.66671 0
      vertex -2.31903 1.90318 1.5
      vertex -2.31903 1.90318 0
    endloop
  endfacet
  facet normal -0.803204 0.595703 0
    outer loop
      vertex -2.31903 1.90318 1.5
      vertex -2.49441 1.66671 0
      vertex -2.49441 1.66671 1.5
    endloop
  endfacet
  facet normal -0.0490819 -0.998795 0
    outer loop
      vertex -0.294051 -2.98555 0
      vertex 0 -3 1.5
      vertex -0.294051 -2.98555 1.5
    endloop
  endfacet
  facet normal -0.0490819 -0.998795 -0
    outer loop
      vertex 0 -3 1.5
      vertex -0.294051 -2.98555 0
      vertex 0 -3 0
    endloop
  endfacet
  facet normal -0.146703 -0.989181 0
    outer loop
      vertex -0.585271 -2.94236 0
      vertex -0.294051 -2.98555 1.5
      vertex -0.585271 -2.94236 1.5
    endloop
  endfacet
  facet normal -0.146703 -0.989181 -0
    outer loop
      vertex -0.294051 -2.98555 1.5
      vertex -0.585271 -2.94236 0
      vertex -0.294051 -2.98555 0
    endloop
  endfacet
  facet normal -0.989181 0.146703 0
    outer loop
      vertex -2.98555 0.294051 0
      vertex -2.94236 0.585271 1.5
      vertex -2.94236 0.585271 0
    endloop
  endfacet
  facet normal -0.989181 0.146703 0
    outer loop
      vertex -2.94236 0.585271 1.5
      vertex -2.98555 0.294051 0
      vertex -2.98555 0.294051 1.5
    endloop
  endfacet
  facet normal -0.998795 0.0490819 0
    outer loop
      vertex -3 0 0
      vertex -2.98555 0.294051 1.5
      vertex -2.98555 0.294051 0
    endloop
  endfacet
  facet normal -0.998795 0.0490819 0
    outer loop
      vertex -2.98555 0.294051 1.5
      vertex -3 0 0
      vertex -3 0 1.5
    endloop
  endfacet
  facet normal -0.336882 -0.941547 0
    outer loop
      vertex -1.14805 -2.77164 0
      vertex -0.870853 -2.87082 1.5
      vertex -1.14805 -2.77164 1.5
    endloop
  endfacet
  facet normal -0.336882 -0.941547 -0
    outer loop
      vertex -0.870853 -2.87082 1.5
      vertex -1.14805 -2.77164 0
      vertex -0.870853 -2.87082 0
    endloop
  endfacet
  facet normal 0.671558 -0.740952 0
    outer loop
      vertex 1.90318 -2.31903 0
      vertex 2.12132 -2.12132 1.5
      vertex 1.90318 -2.31903 1.5
    endloop
  endfacet
  facet normal 0.671558 -0.740952 0
    outer loop
      vertex 2.12132 -2.12132 1.5
      vertex 1.90318 -2.31903 0
      vertex 2.12132 -2.12132 0
    endloop
  endfacet
  facet normal 0 0 1
    outer loop
      vertex 1.75 0 1.5
      vertex 3 0 1.5
      vertex 2.98555 0.294051 1.5
    endloop
  endfacet
  facet normal 0 0 1
    outer loop
      vertex 1.74157 0.17153 1.5
      vertex 2.98555 0.294051 1.5
      vertex 2.94236 0.585271 1.5
    endloop
  endfacet
  facet normal 0 0 1
    outer loop
      vertex 3 0 1.5
      vertex 1.75 0 1.5
      vertex 2.98555 -0.294051 1.5
    endloop
  endfacet
  facet normal 0 0 1
    outer loop
      vertex 1.71637 0.341408 1.5
      vertex 2.94236 0.585271 1.5
      vertex 2.87082 0.870853 1.5
    endloop
  endfacet
  facet normal -0 0 1
    outer loop
      vertex 1.74157 -0.17153 1.5
      vertex 2.98555 -0.294051 1.5
      vertex 1.75 0 1.5
    endloop
  endfacet
  facet normal 0 0 1
    outer loop
      vertex 1.67465 0.507998 1.5
      vertex 2.87082 0.870853 1.5
      vertex 2.77164 1.14805 1.5
    endloop
  endfacet
  facet normal 0 0 1
    outer loop
      vertex 2.98555 -0.294051 1.5
      vertex 1.74157 -0.17153 1.5
      vertex 2.94236 -0.585271 1.5
    endloop
  endfacet
  facet normal 0 0 1
    outer loop
      vertex 1.61679 0.669696 1.5
      vertex 2.77164 1.14805 1.5
      vertex 2.64576 1.41419 1.5
    endloop
  endfacet
  facet normal -0 0 1
    outer loop
      vertex 1.71637 -0.341408 1.5
      vertex 2.94236 -0.585271 1.5
      vertex 1.74157 -0.17153 1.5
    endloop
  endfacet
  facet normal 0 0 1
    outer loop
      vertex 1.54336 0.824944 1.5
      vertex 2.64576 1.41419 1.5
      vertex 2.49441 1.66671 1.5
    endloop
  endfacet
  facet normal 0 0 1
    outer loop
      vertex 2.94236 -0.585271 1.5
      vertex 1.71637 -0.341408 1.5
      vertex 2.87082 -0.870853 1.5
    endloop
  endfacet
  facet normal 0 0 1
    outer loop
      vertex 1.45507 0.972247 1.5
      vertex 2.49441 1.66671 1.5
      vertex 2.31903 1.90318 1.5
    endloop
  endfacet
  facet normal -0 0 1
    outer loop
      vertex 1.67465 -0.507998 1.5
      vertex 2.87082 -0.870853 1.5
      vertex 1.71637 -0.341408 1.5
    endloop
  endfacet
  facet normal 0 0 1
    outer loop
      vertex 1.35277 1.11019 1.5
      vertex 2.31903 1.90318 1.5
      vertex 2.12132 2.12132 1.5
    endloop
  endfacet
  facet normal 0 0 1
    outer loop
      vertex 2.87082 -0.870853 1.5
      vertex 1.67465 -0.507998 1.5
      vertex 2.77164 -1.14805 1.5
    endloop
  endfacet
  facet normal 0 0 1
    outer loop
      vertex 1.23744 1.23744 1.5
      vertex 2.12132 2.12132 1.5
      vertex 1.90318 2.31903 1.5
    endloop
  endfacet
  facet normal -0 0 1
    outer loop
      vertex 1.61679 -0.669696 1.5
      vertex 2.77164 -1.14805 1.5
      vertex 1.67465 -0.507998 1.5
    endloop
  endfacet
  facet normal 0 0 1
    outer loop
      vertex 2.77164 -1.14805 1.5
      vertex 1.61679 -0.669696 1.5
      vertex 2.64576 -1.41419 1.5
    endloop
  endfacet
  facet normal 0 0 1
    outer loop
      vertex 2.98555 0.294051 1.5
      vertex 1.74157 0.17153 1.5
      vertex 1.75 0 1.5
    endloop
  endfacet
  facet normal 0 0 1
    outer loop
      vertex 2.94236 0.585271 1.5
      vertex 1.71637 0.341408 1.5
      vertex 1.74157 0.17153 1.5
    endloop
  endfacet
  facet normal 0 0 1
    outer loop
      vertex 2.87082 0.870853 1.5
      vertex 1.67465 0.507998 1.5
      vertex 1.71637 0.341408 1.5
    endloop
  endfacet
  facet normal 0 0 1
    outer loop
      vertex 1.11019 1.35277 1.5
      vertex 1.90318 2.31903 1.5
      vertex 1.66671 2.49441 1.5
    endloop
  endfacet
  facet normal 0 0 1
    outer loop
      vertex 2.77164 1.14805 1.5
      vertex 1.61679 0.669696 1.5
      vertex 1.67465 0.507998 1.5
    endloop
  endfacet
  facet normal 0 0 1
    outer loop
      vertex 2.64576 1.41419 1.5
      vertex 1.54336 0.824944 1.5
      vertex 1.61679 0.669696 1.5
    endloop
  endfacet
  facet normal 0 0 1
    outer loop
      vertex 2.49441 1.66671 1.5
      vertex 1.45507 0.972247 1.5
      vertex 1.54336 0.824944 1.5
    endloop
  endfacet
  facet normal 0 0 1
    outer loop
      vertex 0.972247 1.45507 1.5
      vertex 1.66671 2.49441 1.5
      vertex 1.41419 2.64576 1.5
    endloop
  endfacet
  facet normal 0 0 1
    outer loop
      vertex 2.31903 1.90318 1.5
      vertex 1.35277 1.11019 1.5
      vertex 1.45507 0.972247 1.5
    endloop
  endfacet
  facet normal 0 0 1
    outer loop
      vertex 2.12132 2.12132 1.5
      vertex 1.23744 1.23744 1.5
      vertex 1.35277 1.11019 1.5
    endloop
  endfacet
  facet normal 0 0 1
    outer loop
      vertex 0.824944 1.54336 1.5
      vertex 1.41419 2.64576 1.5
      vertex 1.14805 2.77164 1.5
    endloop
  endfacet
  facet normal 0 0 1
    outer loop
      vertex 1.90318 2.31903 1.5
      vertex 1.11019 1.35277 1.5
      vertex 1.23744 1.23744 1.5
    endloop
  endfacet
  facet normal 0 0 1
    outer loop
      vertex 1.66671 2.49441 1.5
      vertex 0.972247 1.45507 1.5
      vertex 1.11019 1.35277 1.5
    endloop
  endfacet
  facet normal 0 0 1
    outer loop
      vertex 0.669696 1.61679 1.5
      vertex 1.14805 2.77164 1.5
      vertex 0.870853 2.87082 1.5
    endloop
  endfacet
  facet normal 0 0 1
    outer loop
      vertex 1.41419 2.64576 1.5
      vertex 0.824944 1.54336 1.5
      vertex 0.972247 1.45507 1.5
    endloop
  endfacet
  facet normal 0 0 1
    outer loop
      vertex 1.14805 2.77164 1.5
      vertex 0.669696 1.61679 1.5
      vertex 0.824944 1.54336 1.5
    endloop
  endfacet
  facet normal 0 0 1
    outer loop
      vertex 0.507998 1.67465 1.5
      vertex 0.870853 2.87082 1.5
      vertex 0.585271 2.94236 1.5
    endloop
  endfacet
  facet normal 0 0 1
    outer loop
      vertex 0.870853 2.87082 1.5
      vertex 0.507998 1.67465 1.5
      vertex 0.669696 1.61679 1.5
    endloop
  endfacet
  facet normal 0 0 1
    outer loop
      vertex 0.585271 2.94236 1.5
      vertex 0.341408 1.71637 1.5
      vertex 0.507998 1.67465 1.5
    endloop
  endfacet
  facet normal 0 0 1
    outer loop
      vertex 0.294051 2.98555 1.5
      vertex 0.341408 1.71637 1.5
      vertex 0.585271 2.94236 1.5
    endloop
  endfacet
  facet normal 0 0 1
    outer loop
      vertex 0.294051 2.98555 1.5
      vertex 0.17153 1.74157 1.5
      vertex 0.341408 1.71637 1.5
    endloop
  endfacet
  facet normal 0 0 1
    outer loop
      vertex 0 3 1.5
      vertex 0.17153 1.74157 1.5
      vertex 0.294051 2.98555 1.5
    endloop
  endfacet
  facet normal 0 0 1
    outer loop
      vertex 0 3 1.5
      vertex 0 1.75 1.5
      vertex 0.17153 1.74157 1.5
    endloop
  endfacet
  facet normal 0 0 1
    outer loop
      vertex 0 3 1.5
      vertex -0.17153 1.74157 1.5
      vertex 0 1.75 1.5
    endloop
  endfacet
  facet normal -0 0 1
    outer loop
      vertex -0.294051 2.98555 1.5
      vertex -0.17153 1.74157 1.5
      vertex 0 3 1.5
    endloop
  endfacet
  facet normal 0 0 1
    outer loop
      vertex -0.294051 2.98555 1.5
      vertex -0.341408 1.71637 1.5
      vertex -0.17153 1.74157 1.5
    endloop
  endfacet
  facet normal -0 0 1
    outer loop
      vertex -0.585271 2.94236 1.5
      vertex -0.341408 1.71637 1.5
      vertex -0.294051 2.98555 1.5
    endloop
  endfacet
  facet normal 0 0 1
    outer loop
      vertex -0.341408 1.71637 1.5
      vertex -0.585271 2.94236 1.5
      vertex -0.507998 1.67465 1.5
    endloop
  endfacet
  facet normal -0 0 1
    outer loop
      vertex -0.870853 2.87082 1.5
      vertex -0.507998 1.67465 1.5
      vertex -0.585271 2.94236 1.5
    endloop
  endfacet
  facet normal 0 0 1
    outer loop
      vertex -0.507998 1.67465 1.5
      vertex -0.870853 2.87082 1.5
      vertex -0.669696 1.61679 1.5
    endloop
  endfacet
  facet normal -0 0 1
    outer loop
      vertex -1.14805 2.77164 1.5
      vertex -0.669696 1.61679 1.5
      vertex -0.870853 2.87082 1.5
    endloop
  endfacet
  facet normal 0 0 1
    outer loop
      vertex -0.669696 1.61679 1.5
      vertex -1.14805 2.77164 1.5
      vertex -0.824944 1.54336 1.5
    endloop
  endfacet
  facet normal -0 0 1
    outer loop
      vertex -1.41419 2.64576 1.5
      vertex -0.824944 1.54336 1.5
      vertex -1.14805 2.77164 1.5
    endloop
  endfacet
  facet normal 0 0 1
    outer loop
      vertex -0.824944 1.54336 1.5
      vertex -1.41419 2.64576 1.5
      vertex -0.972247 1.45507 1.5
    endloop
  endfacet
  facet normal -0 0 1
    outer loop
      vertex -1.66671 2.49441 1.5
      vertex -0.972247 1.45507 1.5
      vertex -1.41419 2.64576 1.5
    endloop
  endfacet
  facet normal 0 0 1
    outer loop
      vertex -0.972247 1.45507 1.5
      vertex -1.66671 2.49441 1.5
      vertex -1.11019 1.35277 1.5
    endloop
  endfacet
  facet normal -0 0 1
    outer loop
      vertex -1.90318 2.31903 1.5
      vertex -1.11019 1.35277 1.5
      vertex -1.66671 2.49441 1.5
    endloop
  endfacet
  facet normal 0 0 1
    outer loop
      vertex -1.11019 1.35277 1.5
      vertex -1.90318 2.31903 1.5
      vertex -1.23744 1.23744 1.5
    endloop
  endfacet
  facet normal -0 0 1
    outer loop
      vertex -2.12132 2.12132 1.5
      vertex -1.23744 1.23744 1.5
      vertex -1.90318 2.31903 1.5
    endloop
  endfacet
  facet normal 0 0 1
    outer loop
      vertex -1.23744 1.23744 1.5
      vertex -2.12132 2.12132 1.5
      vertex -1.35277 1.11019 1.5
    endloop
  endfacet
  facet normal -0 0 1
    outer loop
      vertex -2.31903 1.90318 1.5
      vertex -1.35277 1.11019 1.5
      vertex -2.12132 2.12132 1.5
    endloop
  endfacet
  facet normal 0 0 1
    outer loop
      vertex -1.35277 1.11019 1.5
      vertex -2.31903 1.90318 1.5
      vertex -1.45507 0.972247 1.5
    endloop
  endfacet
  facet normal -0 0 1
    outer loop
      vertex -2.49441 1.66671 1.5
      vertex -1.45507 0.972247 1.5
      vertex -2.31903 1.90318 1.5
    endloop
  endfacet
  facet normal 0 0 1
    outer loop
      vertex -1.45507 0.972247 1.5
      vertex -2.49441 1.66671 1.5
      vertex -1.54336 0.824944 1.5
    endloop
  endfacet
  facet normal -0 0 1
    outer loop
      vertex -2.64576 1.41419 1.5
      vertex -1.54336 0.824944 1.5
      vertex -2.49441 1.66671 1.5
    endloop
  endfacet
  facet normal 0 0 1
    outer loop
      vertex -1.54336 0.824944 1.5
      vertex -2.64576 1.41419 1.5
      vertex -1.61679 0.669696 1.5
    endloop
  endfacet
  facet normal -0 0 1
    outer loop
      vertex 1.54336 -0.824944 1.5
      vertex 2.64576 -1.41419 1.5
      vertex 1.61679 -0.669696 1.5
    endloop
  endfacet
  facet normal 0 0 1
    outer loop
      vertex 2.64576 -1.41419 1.5
      vertex 1.54336 -0.824944 1.5
      vertex 2.49441 -1.66671 1.5
    endloop
  endfacet
  facet normal -0 0 1
    outer loop
      vertex 1.45507 -0.972247 1.5
      vertex 2.49441 -1.66671 1.5
      vertex 1.54336 -0.824944 1.5
    endloop
  endfacet
  facet normal 0 0 1
    outer loop
      vertex 2.49441 -1.66671 1.5
      vertex 1.45507 -0.972247 1.5
      vertex 2.31903 -1.90318 1.5
    endloop
  endfacet
  facet normal -0 0 1
    outer loop
      vertex 1.35277 -1.11019 1.5
      vertex 2.31903 -1.90318 1.5
      vertex 1.45507 -0.972247 1.5
    endloop
  endfacet
  facet normal 0 0 1
    outer loop
      vertex 2.31903 -1.90318 1.5
      vertex 1.35277 -1.11019 1.5
      vertex 2.12132 -2.12132 1.5
    endloop
  endfacet
  facet normal -0 0 1
    outer loop
      vertex 1.23744 -1.23744 1.5
      vertex 2.12132 -2.12132 1.5
      vertex 1.35277 -1.11019 1.5
    endloop
  endfacet
  facet normal 0 0 1
    outer loop
      vertex 2.12132 -2.12132 1.5
      vertex 1.23744 -1.23744 1.5
      vertex 1.90318 -2.31903 1.5
    endloop
  endfacet
  facet normal -0 0 1
    outer loop
      vertex 1.11019 -1.35277 1.5
      vertex 1.90318 -2.31903 1.5
      vertex 1.23744 -1.23744 1.5
    endloop
  endfacet
  facet normal 0 0 1
    outer loop
      vertex 1.90318 -2.31903 1.5
      vertex 1.11019 -1.35277 1.5
      vertex 1.66671 -2.49441 1.5
    endloop
  endfacet
  facet normal -0 0 1
    outer loop
      vertex 0.972247 -1.45507 1.5
      vertex 1.66671 -2.49441 1.5
      vertex 1.11019 -1.35277 1.5
    endloop
  endfacet
  facet normal 0 0 1
    outer loop
      vertex 1.66671 -2.49441 1.5
      vertex 0.972247 -1.45507 1.5
      vertex 1.41419 -2.64576 1.5
    endloop
  endfacet
  facet normal -0 0 1
    outer loop
      vertex 0.824944 -1.54336 1.5
      vertex 1.41419 -2.64576 1.5
      vertex 0.972247 -1.45507 1.5
    endloop
  endfacet
  facet normal 0 0 1
    outer loop
      vertex 1.41419 -2.64576 1.5
      vertex 0.824944 -1.54336 1.5
      vertex 1.14805 -2.77164 1.5
    endloop
  endfacet
  facet normal -0 0 1
    outer loop
      vertex 0.669696 -1.61679 1.5
      vertex 1.14805 -2.77164 1.5
      vertex 0.824944 -1.54336 1.5
    endloop
  endfacet
  facet normal 0 0 1
    outer loop
      vertex 1.14805 -2.77164 1.5
      vertex 0.669696 -1.61679 1.5
      vertex 0.870853 -2.87082 1.5
    endloop
  endfacet
  facet normal -0 0 1
    outer loop
      vertex 0.507998 -1.67465 1.5
      vertex 0.870853 -2.87082 1.5
      vertex 0.669696 -1.61679 1.5
    endloop
  endfacet
  facet normal 0 0 1
    outer loop
      vertex 0.870853 -2.87082 1.5
      vertex 0.507998 -1.67465 1.5
      vertex 0.585271 -2.94236 1.5
    endloop
  endfacet
  facet normal -0 0 1
    outer loop
      vertex 0.341408 -1.71637 1.5
      vertex 0.585271 -2.94236 1.5
      vertex 0.507998 -1.67465 1.5
    endloop
  endfacet
  facet normal 0 0 1
    outer loop
      vertex 0.341408 -1.71637 1.5
      vertex 0.294051 -2.98555 1.5
      vertex 0.585271 -2.94236 1.5
    endloop
  endfacet
  facet normal -0 0 1
    outer loop
      vertex 0.17153 -1.74157 1.5
      vertex 0.294051 -2.98555 1.5
      vertex 0.341408 -1.71637 1.5
    endloop
  endfacet
  facet normal -0 0 1
    outer loop
      vertex 0 -1.75 1.5
      vertex 0.294051 -2.98555 1.5
      vertex 0.17153 -1.74157 1.5
    endloop
  endfacet
  facet normal 0 0 1
    outer loop
      vertex 0 -1.75 1.5
      vertex 0 -3 1.5
      vertex 0.294051 -2.98555 1.5
    endloop
  endfacet
  facet normal 0 0 1
    outer loop
      vertex -0.17153 -1.74157 1.5
      vertex 0 -3 1.5
      vertex 0 -1.75 1.5
    endloop
  endfacet
  facet normal 0 0 1
    outer loop
      vertex -0.17153 -1.74157 1.5
      vertex -0.294051 -2.98555 1.5
      vertex 0 -3 1.5
    endloop
  endfacet
  facet normal 0 0 1
    outer loop
      vertex -0.341408 -1.71637 1.5
      vertex -0.294051 -2.98555 1.5
      vertex -0.17153 -1.74157 1.5
    endloop
  endfacet
  facet normal 0 0 1
    outer loop
      vertex -0.585271 -2.94236 1.5
      vertex -0.341408 -1.71637 1.5
      vertex -0.507998 -1.67465 1.5
    endloop
  endfacet
  facet normal 0 0 1
    outer loop
      vertex -0.341408 -1.71637 1.5
      vertex -0.585271 -2.94236 1.5
      vertex -0.294051 -2.98555 1.5
    endloop
  endfacet
  facet normal 0 0 1
    outer loop
      vertex -0.870853 -2.87082 1.5
      vertex -0.507998 -1.67465 1.5
      vertex -0.669696 -1.61679 1.5
    endloop
  endfacet
  facet normal 0 0 1
    outer loop
      vertex -1.14805 -2.77164 1.5
      vertex -0.669696 -1.61679 1.5
      vertex -0.824944 -1.54336 1.5
    endloop
  endfacet
  facet normal 0 0 1
    outer loop
      vertex -0.507998 -1.67465 1.5
      vertex -0.870853 -2.87082 1.5
      vertex -0.585271 -2.94236 1.5
    endloop
  endfacet
  facet normal 0 0 1
    outer loop
      vertex -1.41419 -2.64576 1.5
      vertex -0.824944 -1.54336 1.5
      vertex -0.972247 -1.45507 1.5
    endloop
  endfacet
  facet normal 0 0 1
    outer loop
      vertex -1.66671 -2.49441 1.5
      vertex -0.972247 -1.45507 1.5
      vertex -1.11019 -1.35277 1.5
    endloop
  endfacet
  facet normal 0 0 1
    outer loop
      vertex -0.669696 -1.61679 1.5
      vertex -1.14805 -2.77164 1.5
      vertex -0.870853 -2.87082 1.5
    endloop
  endfacet
  facet normal 0 0 1
    outer loop
      vertex -1.90318 -2.31903 1.5
      vertex -1.11019 -1.35277 1.5
      vertex -1.23744 -1.23744 1.5
    endloop
  endfacet
  facet normal 0 0 1
    outer loop
      vertex -2.12132 -2.12132 1.5
      vertex -1.23744 -1.23744 1.5
      vertex -1.35277 -1.11019 1.5
    endloop
  endfacet
  facet normal 0 0 1
    outer loop
      vertex -0.824944 -1.54336 1.5
      vertex -1.41419 -2.64576 1.5
      vertex -1.14805 -2.77164 1.5
    endloop
  endfacet
  facet normal 0 0 1
    outer loop
      vertex -2.31903 -1.90318 1.5
      vertex -1.35277 -1.11019 1.5
      vertex -1.45507 -0.972247 1.5
    endloop
  endfacet
  facet normal 0 0 1
    outer loop
      vertex -2.49441 -1.66671 1.5
      vertex -1.45507 -0.972247 1.5
      vertex -1.54336 -0.824944 1.5
    endloop
  endfacet
  facet normal 0 0 1
    outer loop
      vertex -2.64576 -1.41419 1.5
      vertex -1.54336 -0.824944 1.5
      vertex -1.61679 -0.669696 1.5
    endloop
  endfacet
  facet normal 0 0 1
    outer loop
      vertex -0.972247 -1.45507 1.5
      vertex -1.66671 -2.49441 1.5
      vertex -1.41419 -2.64576 1.5
    endloop
  endfacet
  facet normal 0 0 1
    outer loop
      vertex -2.77164 -1.14805 1.5
      vertex -1.61679 -0.669696 1.5
      vertex -1.67465 -0.507998 1.5
    endloop
  endfacet
  facet normal 0 0 1
    outer loop
      vertex -2.87082 -0.870853 1.5
      vertex -1.67465 -0.507998 1.5
      vertex -1.71637 -0.341408 1.5
    endloop
  endfacet
  facet normal 0 0 1
    outer loop
      vertex -2.94236 -0.585271 1.5
      vertex -1.71637 -0.341408 1.5
      vertex -1.74157 -0.17153 1.5
    endloop
  endfacet
  facet normal 0 0 1
    outer loop
      vertex -2.98555 -0.294051 1.5
      vertex -1.74157 -0.17153 1.5
      vertex -1.75 0 1.5
    endloop
  endfacet
  facet normal -0 0 1
    outer loop
      vertex -2.77164 1.14805 1.5
      vertex -1.61679 0.669696 1.5
      vertex -2.64576 1.41419 1.5
    endloop
  endfacet
  facet normal 0 0 1
    outer loop
      vertex -1.11019 -1.35277 1.5
      vertex -1.90318 -2.31903 1.5
      vertex -1.66671 -2.49441 1.5
    endloop
  endfacet
  facet normal 0 0 1
    outer loop
      vertex -1.61679 0.669696 1.5
      vertex -2.77164 1.14805 1.5
      vertex -1.67465 0.507998 1.5
    endloop
  endfacet
  facet normal 0 0 1
    outer loop
      vertex -1.23744 -1.23744 1.5
      vertex -2.12132 -2.12132 1.5
      vertex -1.90318 -2.31903 1.5
    endloop
  endfacet
  facet normal -0 0 1
    outer loop
      vertex -2.87082 0.870853 1.5
      vertex -1.67465 0.507998 1.5
      vertex -2.77164 1.14805 1.5
    endloop
  endfacet
  facet normal 0 0 1
    outer loop
      vertex -1.35277 -1.11019 1.5
      vertex -2.31903 -1.90318 1.5
      vertex -2.12132 -2.12132 1.5
    endloop
  endfacet
  facet normal 0 0 1
    outer loop
      vertex -1.67465 0.507998 1.5
      vertex -2.87082 0.870853 1.5
      vertex -1.71637 0.341408 1.5
    endloop
  endfacet
  facet normal 0 0 1
    outer loop
      vertex -1.45507 -0.972247 1.5
      vertex -2.49441 -1.66671 1.5
      vertex -2.31903 -1.90318 1.5
    endloop
  endfacet
  facet normal -0 0 1
    outer loop
      vertex -2.94236 0.585271 1.5
      vertex -1.71637 0.341408 1.5
      vertex -2.87082 0.870853 1.5
    endloop
  endfacet
  facet normal 0 0 1
    outer loop
      vertex -1.54336 -0.824944 1.5
      vertex -2.64576 -1.41419 1.5
      vertex -2.49441 -1.66671 1.5
    endloop
  endfacet
  facet normal 0 0 1
    outer loop
      vertex -1.71637 0.341408 1.5
      vertex -2.94236 0.585271 1.5
      vertex -1.74157 0.17153 1.5
    endloop
  endfacet
  facet normal 0 0 1
    outer loop
      vertex -1.61679 -0.669696 1.5
      vertex -2.77164 -1.14805 1.5
      vertex -2.64576 -1.41419 1.5
    endloop
  endfacet
  facet normal -0 0 1
    outer loop
      vertex -2.98555 0.294051 1.5
      vertex -1.74157 0.17153 1.5
      vertex -2.94236 0.585271 1.5
    endloop
  endfacet
  facet normal 0 0 1
    outer loop
      vertex -1.67465 -0.507998 1.5
      vertex -2.87082 -0.870853 1.5
      vertex -2.77164 -1.14805 1.5
    endloop
  endfacet
  facet normal 0 0 1
    outer loop
      vertex -1.74157 0.17153 1.5
      vertex -2.98555 0.294051 1.5
      vertex -1.75 0 1.5
    endloop
  endfacet
  facet normal 0 0 1
    outer loop
      vertex -1.71637 -0.341408 1.5
      vertex -2.94236 -0.585271 1.5
      vertex -2.87082 -0.870853 1.5
    endloop
  endfacet
  facet normal 0 0 1
    outer loop
      vertex -3 0 1.5
      vertex -1.75 0 1.5
      vertex -2.98555 0.294051 1.5
    endloop
  endfacet
  facet normal 0 0 1
    outer loop
      vertex -1.74157 -0.17153 1.5
      vertex -2.98555 -0.294051 1.5
      vertex -2.94236 -0.585271 1.5
    endloop
  endfacet
  facet normal 0 0 1
    outer loop
      vertex -1.75 0 1.5
      vertex -3 0 1.5
      vertex -2.98555 -0.294051 1.5
    endloop
  endfacet
  facet normal 0.989176 0.146736 0
    outer loop
      vertex 1.74157 0.17153 4.6
      vertex 1.71637 0.341408 1.5
      vertex 1.71637 0.341408 4.6
    endloop
  endfacet
  facet normal 0.989176 0.146736 0
    outer loop
      vertex 1.71637 0.341408 1.5
      vertex 1.74157 0.17153 4.6
      vertex 1.74157 0.17153 1.5
    endloop
  endfacet
  facet normal 0.998795 0.0490867 0
    outer loop
      vertex 1.75 0 4.6
      vertex 1.74157 0.17153 1.5
      vertex 1.74157 0.17153 4.6
    endloop
  endfacet
  facet normal 0.998795 0.0490867 0
    outer loop
      vertex 1.74157 0.17153 1.5
      vertex 1.75 0 4.6
      vertex 1.75 0 1.5
    endloop
  endfacet
  facet normal 0.970043 0.242933 0
    outer loop
      vertex 1.71637 0.341408 4.6
      vertex 1.67465 0.507998 1.5
      vertex 1.67465 0.507998 4.6
    endloop
  endfacet
  facet normal 0.970043 0.242933 0
    outer loop
      vertex 1.67465 0.507998 1.5
      vertex 1.71637 0.341408 4.6
      vertex 1.71637 0.341408 1.5
    endloop
  endfacet
  facet normal 0.336908 -0.941538 0
    outer loop
      vertex 0.507998 -1.67465 1.5
      vertex 0.669696 -1.61679 4.6
      vertex 0.507998 -1.67465 4.6
    endloop
  endfacet
  facet normal 0.336908 -0.941538 0
    outer loop
      vertex 0.669696 -1.61679 4.6
      vertex 0.507998 -1.67465 1.5
      vertex 0.669696 -1.61679 1.5
    endloop
  endfacet
  facet normal -0.67155 0.740959 0
    outer loop
      vertex -1.11019 1.35277 1.5
      vertex -1.23744 1.23744 4.6
      vertex -1.11019 1.35277 4.6
    endloop
  endfacet
  facet normal -0.67155 0.740959 0
    outer loop
      vertex -1.23744 1.23744 4.6
      vertex -1.11019 1.35277 1.5
      vertex -1.23744 1.23744 1.5
    endloop
  endfacet
  facet normal -0.970043 -0.242933 0
    outer loop
      vertex -1.67465 -0.507998 1.5
      vertex -1.71637 -0.341408 4.6
      vertex -1.71637 -0.341408 1.5
    endloop
  endfacet
  facet normal -0.970043 -0.242933 0
    outer loop
      vertex -1.71637 -0.341408 4.6
      vertex -1.67465 -0.507998 1.5
      vertex -1.67465 -0.507998 4.6
    endloop
  endfacet
  facet normal 0.42757 0.903982 -0
    outer loop
      vertex 0.824944 1.54336 1.5
      vertex 0.669696 1.61679 4.6
      vertex 0.824944 1.54336 4.6
    endloop
  endfacet
  facet normal 0.42757 0.903982 0
    outer loop
      vertex 0.669696 1.61679 4.6
      vertex 0.824944 1.54336 1.5
      vertex 0.669696 1.61679 1.5
    endloop
  endfacet
  facet normal -0.242933 -0.970043 0
    outer loop
      vertex -0.507998 -1.67465 1.5
      vertex -0.341408 -1.71637 4.6
      vertex -0.507998 -1.67465 4.6
    endloop
  endfacet
  facet normal -0.242933 -0.970043 -0
    outer loop
      vertex -0.341408 -1.71637 4.6
      vertex -0.507998 -1.67465 1.5
      vertex -0.341408 -1.71637 1.5
    endloop
  endfacet
  facet normal -0.146736 -0.989176 0
    outer loop
      vertex -0.341408 -1.71637 1.5
      vertex -0.17153 -1.74157 4.6
      vertex -0.341408 -1.71637 4.6
    endloop
  endfacet
  facet normal -0.146736 -0.989176 -0
    outer loop
      vertex -0.17153 -1.74157 4.6
      vertex -0.341408 -1.71637 1.5
      vertex -0.17153 -1.74157 1.5
    endloop
  endfacet
  facet normal 0.242933 0.970043 -0
    outer loop
      vertex 0.507998 1.67465 1.5
      vertex 0.341408 1.71637 4.6
      vertex 0.507998 1.67465 4.6
    endloop
  endfacet
  facet normal 0.242933 0.970043 0
    outer loop
      vertex 0.341408 1.71637 4.6
      vertex 0.507998 1.67465 1.5
      vertex 0.341408 1.71637 1.5
    endloop
  endfacet
  facet normal -0.740959 0.67155 0
    outer loop
      vertex -1.35277 1.11019 1.5
      vertex -1.23744 1.23744 4.6
      vertex -1.23744 1.23744 1.5
    endloop
  endfacet
  facet normal -0.740959 0.67155 0
    outer loop
      vertex -1.23744 1.23744 4.6
      vertex -1.35277 1.11019 1.5
      vertex -1.35277 1.11019 4.6
    endloop
  endfacet
  facet normal -0.336908 0.941538 0
    outer loop
      vertex -0.507998 1.67465 1.5
      vertex -0.669696 1.61679 4.6
      vertex -0.507998 1.67465 4.6
    endloop
  endfacet
  facet normal -0.336908 0.941538 0
    outer loop
      vertex -0.669696 1.61679 4.6
      vertex -0.507998 1.67465 1.5
      vertex -0.669696 1.61679 1.5
    endloop
  endfacet
  facet normal 0.0490867 -0.998795 0
    outer loop
      vertex 0 -1.75 1.5
      vertex 0.17153 -1.74157 4.6
      vertex 0 -1.75 4.6
    endloop
  endfacet
  facet normal 0.0490867 -0.998795 0
    outer loop
      vertex 0.17153 -1.74157 4.6
      vertex 0 -1.75 1.5
      vertex 0.17153 -1.74157 1.5
    endloop
  endfacet
  facet normal -0.0490867 0.998795 0
    outer loop
      vertex 0 1.75 1.5
      vertex -0.17153 1.74157 4.6
      vertex 0 1.75 4.6
    endloop
  endfacet
  facet normal -0.0490867 0.998795 0
    outer loop
      vertex -0.17153 1.74157 4.6
      vertex 0 1.75 1.5
      vertex -0.17153 1.74157 1.5
    endloop
  endfacet
  facet normal -0.595679 -0.803223 0
    outer loop
      vertex -1.11019 -1.35277 1.5
      vertex -0.972247 -1.45507 4.6
      vertex -1.11019 -1.35277 4.6
    endloop
  endfacet
  facet normal -0.595679 -0.803223 -0
    outer loop
      vertex -0.972247 -1.45507 4.6
      vertex -1.11019 -1.35277 1.5
      vertex -0.972247 -1.45507 1.5
    endloop
  endfacet
  facet normal -0.903982 -0.42757 0
    outer loop
      vertex -1.54336 -0.824944 1.5
      vertex -1.61679 -0.669696 4.6
      vertex -1.61679 -0.669696 1.5
    endloop
  endfacet
  facet normal -0.903982 -0.42757 0
    outer loop
      vertex -1.61679 -0.669696 4.6
      vertex -1.54336 -0.824944 1.5
      vertex -1.54336 -0.824944 4.6
    endloop
  endfacet
  facet normal -0.146736 0.989176 0
    outer loop
      vertex -0.17153 1.74157 1.5
      vertex -0.341408 1.71637 4.6
      vertex -0.17153 1.74157 4.6
    endloop
  endfacet
  facet normal -0.146736 0.989176 0
    outer loop
      vertex -0.341408 1.71637 4.6
      vertex -0.17153 1.74157 1.5
      vertex -0.341408 1.71637 1.5
    endloop
  endfacet
  facet normal 0.514103 0.857729 -0
    outer loop
      vertex 0.972247 1.45507 1.5
      vertex 0.824944 1.54336 4.6
      vertex 0.972247 1.45507 4.6
    endloop
  endfacet
  facet normal 0.514103 0.857729 0
    outer loop
      vertex 0.824944 1.54336 4.6
      vertex 0.972247 1.45507 1.5
      vertex 0.824944 1.54336 1.5
    endloop
  endfacet
  facet normal -0.998795 -0.0490867 0
    outer loop
      vertex -1.74157 -0.17153 1.5
      vertex -1.75 0 4.6
      vertex -1.75 0 1.5
    endloop
  endfacet
  facet normal -0.998795 -0.0490867 0
    outer loop
      vertex -1.75 0 4.6
      vertex -1.74157 -0.17153 1.5
      vertex -1.74157 -0.17153 4.6
    endloop
  endfacet
  facet normal -0.336908 -0.941538 0
    outer loop
      vertex -0.669696 -1.61679 1.5
      vertex -0.507998 -1.67465 4.6
      vertex -0.669696 -1.61679 4.6
    endloop
  endfacet
  facet normal -0.336908 -0.941538 -0
    outer loop
      vertex -0.507998 -1.67465 4.6
      vertex -0.669696 -1.61679 1.5
      vertex -0.507998 -1.67465 1.5
    endloop
  endfacet
  facet normal -0.903982 0.42757 0
    outer loop
      vertex -1.61679 0.669696 1.5
      vertex -1.54336 0.824944 4.6
      vertex -1.54336 0.824944 1.5
    endloop
  endfacet
  facet normal -0.903982 0.42757 0
    outer loop
      vertex -1.54336 0.824944 4.6
      vertex -1.61679 0.669696 1.5
      vertex -1.61679 0.669696 4.6
    endloop
  endfacet
  facet normal 0.970043 -0.242933 0
    outer loop
      vertex 1.67465 -0.507998 4.6
      vertex 1.71637 -0.341408 1.5
      vertex 1.71637 -0.341408 4.6
    endloop
  endfacet
  facet normal 0.970043 -0.242933 0
    outer loop
      vertex 1.71637 -0.341408 1.5
      vertex 1.67465 -0.507998 4.6
      vertex 1.67465 -0.507998 1.5
    endloop
  endfacet
  facet normal 0.67155 0.740959 -0
    outer loop
      vertex 1.23744 1.23744 1.5
      vertex 1.11019 1.35277 4.6
      vertex 1.23744 1.23744 4.6
    endloop
  endfacet
  facet normal 0.67155 0.740959 0
    outer loop
      vertex 1.11019 1.35277 4.6
      vertex 1.23744 1.23744 1.5
      vertex 1.11019 1.35277 1.5
    endloop
  endfacet
  facet normal 0.595679 0.803223 -0
    outer loop
      vertex 1.11019 1.35277 1.5
      vertex 0.972247 1.45507 4.6
      vertex 1.11019 1.35277 4.6
    endloop
  endfacet
  facet normal 0.595679 0.803223 0
    outer loop
      vertex 0.972247 1.45507 4.6
      vertex 1.11019 1.35277 1.5
      vertex 0.972247 1.45507 1.5
    endloop
  endfacet
  facet normal -0.595679 0.803223 0
    outer loop
      vertex -0.972247 1.45507 1.5
      vertex -1.11019 1.35277 4.6
      vertex -0.972247 1.45507 4.6
    endloop
  endfacet
  facet normal -0.595679 0.803223 0
    outer loop
      vertex -1.11019 1.35277 4.6
      vertex -0.972247 1.45507 1.5
      vertex -1.11019 1.35277 1.5
    endloop
  endfacet
  facet normal 0.514103 -0.857729 0
    outer loop
      vertex 0.824944 -1.54336 1.5
      vertex 0.972247 -1.45507 4.6
      vertex 0.824944 -1.54336 4.6
    endloop
  endfacet
  facet normal 0.514103 -0.857729 0
    outer loop
      vertex 0.972247 -1.45507 4.6
      vertex 0.824944 -1.54336 1.5
      vertex 0.972247 -1.45507 1.5
    endloop
  endfacet
  facet normal 0.740959 0.67155 0
    outer loop
      vertex 1.35277 1.11019 4.6
      vertex 1.23744 1.23744 1.5
      vertex 1.23744 1.23744 4.6
    endloop
  endfacet
  facet normal 0.740959 0.67155 0
    outer loop
      vertex 1.23744 1.23744 1.5
      vertex 1.35277 1.11019 4.6
      vertex 1.35277 1.11019 1.5
    endloop
  endfacet
  facet normal 0.803223 0.595679 0
    outer loop
      vertex 1.45507 0.972247 4.6
      vertex 1.35277 1.11019 1.5
      vertex 1.35277 1.11019 4.6
    endloop
  endfacet
  facet normal 0.803223 0.595679 0
    outer loop
      vertex 1.35277 1.11019 1.5
      vertex 1.45507 0.972247 4.6
      vertex 1.45507 0.972247 1.5
    endloop
  endfacet
  facet normal 0.989176 -0.146736 0
    outer loop
      vertex 1.71637 -0.341408 4.6
      vertex 1.74157 -0.17153 1.5
      vertex 1.74157 -0.17153 4.6
    endloop
  endfacet
  facet normal 0.989176 -0.146736 0
    outer loop
      vertex 1.74157 -0.17153 1.5
      vertex 1.71637 -0.341408 4.6
      vertex 1.71637 -0.341408 1.5
    endloop
  endfacet
  facet normal -0.941538 0.336908 0
    outer loop
      vertex -1.67465 0.507998 1.5
      vertex -1.61679 0.669696 4.6
      vertex -1.61679 0.669696 1.5
    endloop
  endfacet
  facet normal -0.941538 0.336908 0
    outer loop
      vertex -1.61679 0.669696 4.6
      vertex -1.67465 0.507998 1.5
      vertex -1.67465 0.507998 4.6
    endloop
  endfacet
  facet normal 0.903982 -0.42757 0
    outer loop
      vertex 1.54336 -0.824944 4.6
      vertex 1.61679 -0.669696 1.5
      vertex 1.61679 -0.669696 4.6
    endloop
  endfacet
  facet normal 0.903982 -0.42757 0
    outer loop
      vertex 1.61679 -0.669696 1.5
      vertex 1.54336 -0.824944 4.6
      vertex 1.54336 -0.824944 1.5
    endloop
  endfacet
  facet normal 0.998795 -0.0490867 0
    outer loop
      vertex 1.74157 -0.17153 4.6
      vertex 1.75 0 1.5
      vertex 1.75 0 4.6
    endloop
  endfacet
  facet normal 0.998795 -0.0490867 0
    outer loop
      vertex 1.75 0 1.5
      vertex 1.74157 -0.17153 4.6
      vertex 1.74157 -0.17153 1.5
    endloop
  endfacet
  facet normal 0.242933 -0.970043 0
    outer loop
      vertex 0.341408 -1.71637 1.5
      vertex 0.507998 -1.67465 4.6
      vertex 0.341408 -1.71637 4.6
    endloop
  endfacet
  facet normal 0.242933 -0.970043 0
    outer loop
      vertex 0.507998 -1.67465 4.6
      vertex 0.341408 -1.71637 1.5
      vertex 0.507998 -1.67465 1.5
    endloop
  endfacet
  facet normal 0.146736 -0.989176 0
    outer loop
      vertex 0.17153 -1.74157 1.5
      vertex 0.341408 -1.71637 4.6
      vertex 0.17153 -1.74157 4.6
    endloop
  endfacet
  facet normal 0.146736 -0.989176 0
    outer loop
      vertex 0.341408 -1.71637 4.6
      vertex 0.17153 -1.74157 1.5
      vertex 0.341408 -1.71637 1.5
    endloop
  endfacet
  facet normal 0.941538 0.336908 0
    outer loop
      vertex 1.67465 0.507998 4.6
      vertex 1.61679 0.669696 1.5
      vertex 1.61679 0.669696 4.6
    endloop
  endfacet
  facet normal 0.941538 0.336908 0
    outer loop
      vertex 1.61679 0.669696 1.5
      vertex 1.67465 0.507998 4.6
      vertex 1.67465 0.507998 1.5
    endloop
  endfacet
  facet normal 0.803223 -0.595679 0
    outer loop
      vertex 1.35277 -1.11019 4.6
      vertex 1.45507 -0.972247 1.5
      vertex 1.45507 -0.972247 4.6
    endloop
  endfacet
  facet normal 0.803223 -0.595679 0
    outer loop
      vertex 1.45507 -0.972247 1.5
      vertex 1.35277 -1.11019 4.6
      vertex 1.35277 -1.11019 1.5
    endloop
  endfacet
  facet normal 0.857729 -0.514103 0
    outer loop
      vertex 1.45507 -0.972247 4.6
      vertex 1.54336 -0.824944 1.5
      vertex 1.54336 -0.824944 4.6
    endloop
  endfacet
  facet normal 0.857729 -0.514103 0
    outer loop
      vertex 1.54336 -0.824944 1.5
      vertex 1.45507 -0.972247 4.6
      vertex 1.45507 -0.972247 1.5
    endloop
  endfacet
  facet normal 0.42757 -0.903982 0
    outer loop
      vertex 0.669696 -1.61679 1.5
      vertex 0.824944 -1.54336 4.6
      vertex 0.669696 -1.61679 4.6
    endloop
  endfacet
  facet normal 0.42757 -0.903982 0
    outer loop
      vertex 0.824944 -1.54336 4.6
      vertex 0.669696 -1.61679 1.5
      vertex 0.824944 -1.54336 1.5
    endloop
  endfacet
  facet normal 0.0490867 0.998795 -0
    outer loop
      vertex 0.17153 1.74157 1.5
      vertex 0 1.75 4.6
      vertex 0.17153 1.74157 4.6
    endloop
  endfacet
  facet normal 0.0490867 0.998795 0
    outer loop
      vertex 0 1.75 4.6
      vertex 0.17153 1.74157 1.5
      vertex 0 1.75 1.5
    endloop
  endfacet
  facet normal 0.941538 -0.336908 0
    outer loop
      vertex 1.61679 -0.669696 4.6
      vertex 1.67465 -0.507998 1.5
      vertex 1.67465 -0.507998 4.6
    endloop
  endfacet
  facet normal 0.941538 -0.336908 0
    outer loop
      vertex 1.67465 -0.507998 1.5
      vertex 1.61679 -0.669696 4.6
      vertex 1.61679 -0.669696 1.5
    endloop
  endfacet
  facet normal -0.242933 0.970043 0
    outer loop
      vertex -0.341408 1.71637 1.5
      vertex -0.507998 1.67465 4.6
      vertex -0.341408 1.71637 4.6
    endloop
  endfacet
  facet normal -0.242933 0.970043 0
    outer loop
      vertex -0.507998 1.67465 4.6
      vertex -0.341408 1.71637 1.5
      vertex -0.507998 1.67465 1.5
    endloop
  endfacet
  facet normal 0.903982 0.42757 0
    outer loop
      vertex 1.61679 0.669696 4.6
      vertex 1.54336 0.824944 1.5
      vertex 1.54336 0.824944 4.6
    endloop
  endfacet
  facet normal 0.903982 0.42757 0
    outer loop
      vertex 1.54336 0.824944 1.5
      vertex 1.61679 0.669696 4.6
      vertex 1.61679 0.669696 1.5
    endloop
  endfacet
  facet normal -0.42757 0.903982 0
    outer loop
      vertex -0.669696 1.61679 1.5
      vertex -0.824944 1.54336 4.6
      vertex -0.669696 1.61679 4.6
    endloop
  endfacet
  facet normal -0.42757 0.903982 0
    outer loop
      vertex -0.824944 1.54336 4.6
      vertex -0.669696 1.61679 1.5
      vertex -0.824944 1.54336 1.5
    endloop
  endfacet
  facet normal 0.146736 0.989176 -0
    outer loop
      vertex 0.341408 1.71637 1.5
      vertex 0.17153 1.74157 4.6
      vertex 0.341408 1.71637 4.6
    endloop
  endfacet
  facet normal 0.146736 0.989176 0
    outer loop
      vertex 0.17153 1.74157 4.6
      vertex 0.341408 1.71637 1.5
      vertex 0.17153 1.74157 1.5
    endloop
  endfacet
  facet normal -0.857729 -0.514103 0
    outer loop
      vertex -1.45507 -0.972247 1.5
      vertex -1.54336 -0.824944 4.6
      vertex -1.54336 -0.824944 1.5
    endloop
  endfacet
  facet normal -0.857729 -0.514103 0
    outer loop
      vertex -1.54336 -0.824944 4.6
      vertex -1.45507 -0.972247 1.5
      vertex -1.45507 -0.972247 4.6
    endloop
  endfacet
  facet normal 0.857729 0.514103 0
    outer loop
      vertex 1.54336 0.824944 4.6
      vertex 1.45507 0.972247 1.5
      vertex 1.45507 0.972247 4.6
    endloop
  endfacet
  facet normal 0.857729 0.514103 0
    outer loop
      vertex 1.45507 0.972247 1.5
      vertex 1.54336 0.824944 4.6
      vertex 1.54336 0.824944 1.5
    endloop
  endfacet
  facet normal -0.514103 0.857729 0
    outer loop
      vertex -0.824944 1.54336 1.5
      vertex -0.972247 1.45507 4.6
      vertex -0.824944 1.54336 4.6
    endloop
  endfacet
  facet normal -0.514103 0.857729 0
    outer loop
      vertex -0.972247 1.45507 4.6
      vertex -0.824944 1.54336 1.5
      vertex -0.972247 1.45507 1.5
    endloop
  endfacet
  facet normal -0.740959 -0.67155 0
    outer loop
      vertex -1.23744 -1.23744 1.5
      vertex -1.35277 -1.11019 4.6
      vertex -1.35277 -1.11019 1.5
    endloop
  endfacet
  facet normal -0.740959 -0.67155 0
    outer loop
      vertex -1.35277 -1.11019 4.6
      vertex -1.23744 -1.23744 1.5
      vertex -1.23744 -1.23744 4.6
    endloop
  endfacet
  facet normal -0.42757 -0.903982 0
    outer loop
      vertex -0.824944 -1.54336 1.5
      vertex -0.669696 -1.61679 4.6
      vertex -0.824944 -1.54336 4.6
    endloop
  endfacet
  facet normal -0.42757 -0.903982 -0
    outer loop
      vertex -0.669696 -1.61679 4.6
      vertex -0.824944 -1.54336 1.5
      vertex -0.669696 -1.61679 1.5
    endloop
  endfacet
  facet normal -0.941538 -0.336908 0
    outer loop
      vertex -1.61679 -0.669696 1.5
      vertex -1.67465 -0.507998 4.6
      vertex -1.67465 -0.507998 1.5
    endloop
  endfacet
  facet normal -0.941538 -0.336908 0
    outer loop
      vertex -1.67465 -0.507998 4.6
      vertex -1.61679 -0.669696 1.5
      vertex -1.61679 -0.669696 4.6
    endloop
  endfacet
  facet normal -0.514103 -0.857729 0
    outer loop
      vertex -0.972247 -1.45507 1.5
      vertex -0.824944 -1.54336 4.6
      vertex -0.972247 -1.45507 4.6
    endloop
  endfacet
  facet normal -0.514103 -0.857729 -0
    outer loop
      vertex -0.824944 -1.54336 4.6
      vertex -0.972247 -1.45507 1.5
      vertex -0.824944 -1.54336 1.5
    endloop
  endfacet
  facet normal -0.970043 0.242933 0
    outer loop
      vertex -1.71637 0.341408 1.5
      vertex -1.67465 0.507998 4.6
      vertex -1.67465 0.507998 1.5
    endloop
  endfacet
  facet normal -0.970043 0.242933 0
    outer loop
      vertex -1.67465 0.507998 4.6
      vertex -1.71637 0.341408 1.5
      vertex -1.71637 0.341408 4.6
    endloop
  endfacet
  facet normal -0.989176 0.146736 0
    outer loop
      vertex -1.74157 0.17153 1.5
      vertex -1.71637 0.341408 4.6
      vertex -1.71637 0.341408 1.5
    endloop
  endfacet
  facet normal -0.989176 0.146736 0
    outer loop
      vertex -1.71637 0.341408 4.6
      vertex -1.74157 0.17153 1.5
      vertex -1.74157 0.17153 4.6
    endloop
  endfacet
  facet normal 0.336908 0.941538 -0
    outer loop
      vertex 0.669696 1.61679 1.5
      vertex 0.507998 1.67465 4.6
      vertex 0.669696 1.61679 4.6
    endloop
  endfacet
  facet normal 0.336908 0.941538 0
    outer loop
      vertex 0.507998 1.67465 4.6
      vertex 0.669696 1.61679 1.5
      vertex 0.507998 1.67465 1.5
    endloop
  endfacet
  facet normal -0.803223 -0.595679 0
    outer loop
      vertex -1.35277 -1.11019 1.5
      vertex -1.45507 -0.972247 4.6
      vertex -1.45507 -0.972247 1.5
    endloop
  endfacet
  facet normal -0.803223 -0.595679 0
    outer loop
      vertex -1.45507 -0.972247 4.6
      vertex -1.35277 -1.11019 1.5
      vertex -1.35277 -1.11019 4.6
    endloop
  endfacet
  facet normal -0.989176 -0.146736 0
    outer loop
      vertex -1.71637 -0.341408 1.5
      vertex -1.74157 -0.17153 4.6
      vertex -1.74157 -0.17153 1.5
    endloop
  endfacet
  facet normal -0.989176 -0.146736 0
    outer loop
      vertex -1.74157 -0.17153 4.6
      vertex -1.71637 -0.341408 1.5
      vertex -1.71637 -0.341408 4.6
    endloop
  endfacet
  facet normal 0.595679 -0.803223 0
    outer loop
      vertex 0.972247 -1.45507 1.5
      vertex 1.11019 -1.35277 4.6
      vertex 0.972247 -1.45507 4.6
    endloop
  endfacet
  facet normal 0.595679 -0.803223 0
    outer loop
      vertex 1.11019 -1.35277 4.6
      vertex 0.972247 -1.45507 1.5
      vertex 1.11019 -1.35277 1.5
    endloop
  endfacet
  facet normal -0.67155 -0.740959 0
    outer loop
      vertex -1.23744 -1.23744 1.5
      vertex -1.11019 -1.35277 4.6
      vertex -1.23744 -1.23744 4.6
    endloop
  endfacet
  facet normal -0.67155 -0.740959 -0
    outer loop
      vertex -1.11019 -1.35277 4.6
      vertex -1.23744 -1.23744 1.5
      vertex -1.11019 -1.35277 1.5
    endloop
  endfacet
  facet normal -0.803223 0.595679 0
    outer loop
      vertex -1.45507 0.972247 1.5
      vertex -1.35277 1.11019 4.6
      vertex -1.35277 1.11019 1.5
    endloop
  endfacet
  facet normal -0.803223 0.595679 0
    outer loop
      vertex -1.35277 1.11019 4.6
      vertex -1.45507 0.972247 1.5
      vertex -1.45507 0.972247 4.6
    endloop
  endfacet
  facet normal -0.857729 0.514103 0
    outer loop
      vertex -1.54336 0.824944 1.5
      vertex -1.45507 0.972247 4.6
      vertex -1.45507 0.972247 1.5
    endloop
  endfacet
  facet normal -0.857729 0.514103 0
    outer loop
      vertex -1.45507 0.972247 4.6
      vertex -1.54336 0.824944 1.5
      vertex -1.54336 0.824944 4.6
    endloop
  endfacet
  facet normal 0 0 1
    outer loop
      vertex 2.13965 0.210736 5.4
      vertex 2.13965 -0.210736 5.4
      vertex 2.15 0 5.4
    endloop
  endfacet
  facet normal 0 0 1
    outer loop
      vertex 2.10869 0.419444 5.4
      vertex 2.13965 -0.210736 5.4
      vertex 2.13965 0.210736 5.4
    endloop
  endfacet
  facet normal 0 0 1
    outer loop
      vertex 2.10869 0.419444 5.4
      vertex 2.10869 -0.419444 5.4
      vertex 2.13965 -0.210736 5.4
    endloop
  endfacet
  facet normal 0 0 1
    outer loop
      vertex 2.05742 0.624111 5.4
      vertex 2.10869 -0.419444 5.4
      vertex 2.10869 0.419444 5.4
    endloop
  endfacet
  facet normal 0 0 1
    outer loop
      vertex 2.05742 0.624111 5.4
      vertex 2.05742 -0.624111 5.4
      vertex 2.10869 -0.419444 5.4
    endloop
  endfacet
  facet normal 0 0 1
    outer loop
      vertex 1.98634 0.822769 5.4
      vertex 2.05742 -0.624111 5.4
      vertex 2.05742 0.624111 5.4
    endloop
  endfacet
  facet normal 0 0 1
    outer loop
      vertex 1.98634 0.822769 5.4
      vertex 1.98634 -0.822769 5.4
      vertex 2.05742 -0.624111 5.4
    endloop
  endfacet
  facet normal 0 0 1
    outer loop
      vertex 1.89613 1.0135 5.4
      vertex 1.98634 -0.822769 5.4
      vertex 1.98634 0.822769 5.4
    endloop
  endfacet
  facet normal 0 0 1
    outer loop
      vertex 1.89613 1.0135 5.4
      vertex 1.89613 -1.0135 5.4
      vertex 1.98634 -0.822769 5.4
    endloop
  endfacet
  facet normal 0 0 1
    outer loop
      vertex 1.78766 1.19448 5.4
      vertex 1.89613 -1.0135 5.4
      vertex 1.89613 1.0135 5.4
    endloop
  endfacet
  facet normal 0 0 1
    outer loop
      vertex 1.78766 1.19448 5.4
      vertex 1.78766 -1.19448 5.4
      vertex 1.89613 -1.0135 5.4
    endloop
  endfacet
  facet normal 0 0 1
    outer loop
      vertex 1.66197 1.36395 5.4
      vertex 1.78766 -1.19448 5.4
      vertex 1.78766 1.19448 5.4
    endloop
  endfacet
  facet normal 0 0 1
    outer loop
      vertex 1.66197 1.36395 5.4
      vertex 1.66197 -1.36395 5.4
      vertex 1.78766 -1.19448 5.4
    endloop
  endfacet
  facet normal 0 0 1
    outer loop
      vertex 1.52028 1.52028 5.4
      vertex 1.66197 -1.36395 5.4
      vertex 1.66197 1.36395 5.4
    endloop
  endfacet
  facet normal 0 0 1
    outer loop
      vertex 1.52028 1.52028 5.4
      vertex 1.52028 -1.52028 5.4
      vertex 1.66197 -1.36395 5.4
    endloop
  endfacet
  facet normal 0 0 1
    outer loop
      vertex 1.36395 1.66197 5.4
      vertex 1.52028 -1.52028 5.4
      vertex 1.52028 1.52028 5.4
    endloop
  endfacet
  facet normal 0 0 1
    outer loop
      vertex 1.36395 1.66197 5.4
      vertex 1.36395 -1.66197 5.4
      vertex 1.52028 -1.52028 5.4
    endloop
  endfacet
  facet normal 0 0 1
    outer loop
      vertex 1.19448 1.78766 5.4
      vertex 1.36395 -1.66197 5.4
      vertex 1.36395 1.66197 5.4
    endloop
  endfacet
  facet normal 0 0 1
    outer loop
      vertex 1.19448 1.78766 5.4
      vertex 1.19448 -1.78766 5.4
      vertex 1.36395 -1.66197 5.4
    endloop
  endfacet
  facet normal 0 0 1
    outer loop
      vertex 1.0135 1.89613 5.4
      vertex 1.19448 -1.78766 5.4
      vertex 1.19448 1.78766 5.4
    endloop
  endfacet
  facet normal 0 0 1
    outer loop
      vertex 1.0135 1.89613 5.4
      vertex 1.0135 -1.89613 5.4
      vertex 1.19448 -1.78766 5.4
    endloop
  endfacet
  facet normal 0 0 1
    outer loop
      vertex 0.822769 1.98634 5.4
      vertex 1.0135 -1.89613 5.4
      vertex 1.0135 1.89613 5.4
    endloop
  endfacet
  facet normal 0 0 1
    outer loop
      vertex 0.822769 1.98634 5.4
      vertex 0.822769 -1.98634 5.4
      vertex 1.0135 -1.89613 5.4
    endloop
  endfacet
  facet normal 0 0 1
    outer loop
      vertex 0.624111 2.05742 5.4
      vertex 0.822769 -1.98634 5.4
      vertex 0.822769 1.98634 5.4
    endloop
  endfacet
  facet normal 0 0 1
    outer loop
      vertex 0.624111 2.05742 5.4
      vertex 0.624111 -2.05742 5.4
      vertex 0.822769 -1.98634 5.4
    endloop
  endfacet
  facet normal 0 0 1
    outer loop
      vertex 0.419444 2.10869 5.4
      vertex 0.624111 -2.05742 5.4
      vertex 0.624111 2.05742 5.4
    endloop
  endfacet
  facet normal 0 0 1
    outer loop
      vertex 0.419444 2.10869 5.4
      vertex 0.419444 -2.10869 5.4
      vertex 0.624111 -2.05742 5.4
    endloop
  endfacet
  facet normal 0 0 1
    outer loop
      vertex 0.210736 2.13965 5.4
      vertex 0.419444 -2.10869 5.4
      vertex 0.419444 2.10869 5.4
    endloop
  endfacet
  facet normal 0 0 1
    outer loop
      vertex 0.210736 2.13965 5.4
      vertex 0.210736 -2.13965 5.4
      vertex 0.419444 -2.10869 5.4
    endloop
  endfacet
  facet normal 0 0 1
    outer loop
      vertex 0 2.15 5.4
      vertex 0.210736 -2.13965 5.4
      vertex 0.210736 2.13965 5.4
    endloop
  endfacet
  facet normal 0 0 1
    outer loop
      vertex 0 2.15 5.4
      vertex 0 -2.15 5.4
      vertex 0.210736 -2.13965 5.4
    endloop
  endfacet
  facet normal -0 0 1
    outer loop
      vertex -0.210736 2.13965 5.4
      vertex 0 -2.15 5.4
      vertex 0 2.15 5.4
    endloop
  endfacet
  facet normal 0 0 1
    outer loop
      vertex -0.210736 2.13965 5.4
      vertex -0.210736 -2.13965 5.4
      vertex 0 -2.15 5.4
    endloop
  endfacet
  facet normal -0 0 1
    outer loop
      vertex -0.419444 2.10869 5.4
      vertex -0.210736 -2.13965 5.4
      vertex -0.210736 2.13965 5.4
    endloop
  endfacet
  facet normal 0 0 1
    outer loop
      vertex -0.419444 2.10869 5.4
      vertex -0.419444 -2.10869 5.4
      vertex -0.210736 -2.13965 5.4
    endloop
  endfacet
  facet normal -0 0 1
    outer loop
      vertex -0.624111 2.05742 5.4
      vertex -0.419444 -2.10869 5.4
      vertex -0.419444 2.10869 5.4
    endloop
  endfacet
  facet normal 0 0 1
    outer loop
      vertex -0.624111 2.05742 5.4
      vertex -0.624111 -2.05742 5.4
      vertex -0.419444 -2.10869 5.4
    endloop
  endfacet
  facet normal -0 0 1
    outer loop
      vertex -0.822769 1.98634 5.4
      vertex -0.624111 -2.05742 5.4
      vertex -0.624111 2.05742 5.4
    endloop
  endfacet
  facet normal 0 0 1
    outer loop
      vertex -0.822769 1.98634 5.4
      vertex -0.822769 -1.98634 5.4
      vertex -0.624111 -2.05742 5.4
    endloop
  endfacet
  facet normal -0 0 1
    outer loop
      vertex -1.0135 1.89613 5.4
      vertex -0.822769 -1.98634 5.4
      vertex -0.822769 1.98634 5.4
    endloop
  endfacet
  facet normal 0 0 1
    outer loop
      vertex -1.0135 1.89613 5.4
      vertex -1.0135 -1.89613 5.4
      vertex -0.822769 -1.98634 5.4
    endloop
  endfacet
  facet normal -0 0 1
    outer loop
      vertex -1.19448 1.78766 5.4
      vertex -1.0135 -1.89613 5.4
      vertex -1.0135 1.89613 5.4
    endloop
  endfacet
  facet normal 0 0 1
    outer loop
      vertex -1.19448 1.78766 5.4
      vertex -1.19448 -1.78766 5.4
      vertex -1.0135 -1.89613 5.4
    endloop
  endfacet
  facet normal -0 0 1
    outer loop
      vertex -1.36395 1.66197 5.4
      vertex -1.19448 -1.78766 5.4
      vertex -1.19448 1.78766 5.4
    endloop
  endfacet
  facet normal 0 0 1
    outer loop
      vertex -1.36395 1.66197 5.4
      vertex -1.36395 -1.66197 5.4
      vertex -1.19448 -1.78766 5.4
    endloop
  endfacet
  facet normal -0 0 1
    outer loop
      vertex -1.52028 1.52028 5.4
      vertex -1.36395 -1.66197 5.4
      vertex -1.36395 1.66197 5.4
    endloop
  endfacet
  facet normal 0 0 1
    outer loop
      vertex -1.52028 1.52028 5.4
      vertex -1.52028 -1.52028 5.4
      vertex -1.36395 -1.66197 5.4
    endloop
  endfacet
  facet normal -0 0 1
    outer loop
      vertex -1.66197 1.36395 5.4
      vertex -1.52028 -1.52028 5.4
      vertex -1.52028 1.52028 5.4
    endloop
  endfacet
  facet normal 0 0 1
    outer loop
      vertex -1.66197 1.36395 5.4
      vertex -1.66197 -1.36395 5.4
      vertex -1.52028 -1.52028 5.4
    endloop
  endfacet
  facet normal -0 0 1
    outer loop
      vertex -1.78766 1.19448 5.4
      vertex -1.66197 -1.36395 5.4
      vertex -1.66197 1.36395 5.4
    endloop
  endfacet
  facet normal 0 0 1
    outer loop
      vertex -1.78766 1.19448 5.4
      vertex -1.78766 -1.19448 5.4
      vertex -1.66197 -1.36395 5.4
    endloop
  endfacet
  facet normal -0 0 1
    outer loop
      vertex -1.89613 1.0135 5.4
      vertex -1.78766 -1.19448 5.4
      vertex -1.78766 1.19448 5.4
    endloop
  endfacet
  facet normal 0 0 1
    outer loop
      vertex -1.89613 1.0135 5.4
      vertex -1.89613 -1.0135 5.4
      vertex -1.78766 -1.19448 5.4
    endloop
  endfacet
  facet normal -0 0 1
    outer loop
      vertex -1.98634 0.822769 5.4
      vertex -1.89613 -1.0135 5.4
      vertex -1.89613 1.0135 5.4
    endloop
  endfacet
  facet normal 0 0 1
    outer loop
      vertex -1.98634 0.822769 5.4
      vertex -1.98634 -0.822769 5.4
      vertex -1.89613 -1.0135 5.4
    endloop
  endfacet
  facet normal -0 0 1
    outer loop
      vertex -2.05742 0.624111 5.4
      vertex -1.98634 -0.822769 5.4
      vertex -1.98634 0.822769 5.4
    endloop
  endfacet
  facet normal 0 0 1
    outer loop
      vertex -2.05742 0.624111 5.4
      vertex -2.05742 -0.624111 5.4
      vertex -1.98634 -0.822769 5.4
    endloop
  endfacet
  facet normal -0 0 1
    outer loop
      vertex -2.10869 0.419444 5.4
      vertex -2.05742 -0.624111 5.4
      vertex -2.05742 0.624111 5.4
    endloop
  endfacet
  facet normal 0 0 1
    outer loop
      vertex -2.10869 0.419444 5.4
      vertex -2.10869 -0.419444 5.4
      vertex -2.05742 -0.624111 5.4
    endloop
  endfacet
  facet normal -0 0 1
    outer loop
      vertex -2.13965 0.210736 5.4
      vertex -2.10869 -0.419444 5.4
      vertex -2.10869 0.419444 5.4
    endloop
  endfacet
  facet normal 0 0 1
    outer loop
      vertex -2.13965 0.210736 5.4
      vertex -2.13965 -0.210736 5.4
      vertex -2.10869 -0.419444 5.4
    endloop
  endfacet
  facet normal 0 -0 1
    outer loop
      vertex -2.13965 -0.210736 5.4
      vertex -2.13965 0.210736 5.4
      vertex -2.15 0 5.4
    endloop
  endfacet
  facet normal -0.0490867 -0.998795 0
    outer loop
      vertex -0.17153 -1.74157 1.5
      vertex 0 -1.75 4.6
      vertex -0.17153 -1.74157 4.6
    endloop
  endfacet
  facet normal -0.0490867 -0.998795 -0
    outer loop
      vertex 0 -1.75 4.6
      vertex -0.17153 -1.74157 1.5
      vertex 0 -1.75 1.5
    endloop
  endfacet
  facet normal -0.998795 0.0490867 0
    outer loop
      vertex -1.75 0 1.5
      vertex -1.74157 0.17153 4.6
      vertex -1.74157 0.17153 1.5
    endloop
  endfacet
  facet normal -0.998795 0.0490867 0
    outer loop
      vertex -1.74157 0.17153 4.6
      vertex -1.75 0 1.5
      vertex -1.75 0 4.6
    endloop
  endfacet
  facet normal 0.740959 -0.67155 0
    outer loop
      vertex 1.23744 -1.23744 4.6
      vertex 1.35277 -1.11019 1.5
      vertex 1.35277 -1.11019 4.6
    endloop
  endfacet
  facet normal 0.740959 -0.67155 0
    outer loop
      vertex 1.35277 -1.11019 1.5
      vertex 1.23744 -1.23744 4.6
      vertex 1.23744 -1.23744 1.5
    endloop
  endfacet
  facet normal 0.67155 -0.740959 0
    outer loop
      vertex 1.11019 -1.35277 1.5
      vertex 1.23744 -1.23744 4.6
      vertex 1.11019 -1.35277 4.6
    endloop
  endfacet
  facet normal 0.67155 -0.740959 0
    outer loop
      vertex 1.23744 -1.23744 4.6
      vertex 1.11019 -1.35277 1.5
      vertex 1.23744 -1.23744 1.5
    endloop
  endfacet
  facet normal -0.808747 -0.382513 -0.446781
    outer loop
      vertex -1.89613 -1.0135 5.4
      vertex -1.98634 -0.822769 5.4
      vertex -1.61679 -0.669696 4.6
    endloop
  endfacet
  facet normal -0.808741 0.382522 -0.446783
    outer loop
      vertex -1.61679 0.669696 4.6
      vertex -1.89613 1.0135 5.4
      vertex -1.54336 0.824944 4.6
    endloop
  endfacet
  facet normal 0.718596 -0.532918 -0.446787
    outer loop
      vertex 1.78766 -1.19448 5.4
      vertex 1.35277 -1.11019 4.6
      vertex 1.45507 -0.972247 4.6
    endloop
  endfacet
  facet normal 0.893565 0.0438862 -0.446783
    outer loop
      vertex 2.15 0 5.4
      vertex 1.75 0 4.6
      vertex 2.13965 0.210736 5.4
    endloop
  endfacet
  facet normal 0.893561 0.0439149 -0.446788
    outer loop
      vertex 1.75 0 4.6
      vertex 1.74157 0.17153 4.6
      vertex 2.13965 0.210736 5.4
    endloop
  endfacet
  facet normal 0.662894 0.600798 -0.446782
    outer loop
      vertex 1.35277 1.11019 4.6
      vertex 1.23744 1.23744 4.6
      vertex 1.66197 1.36395 5.4
    endloop
  endfacet
  facet normal 0.808741 -0.382522 -0.446783
    outer loop
      vertex 1.89613 -1.0135 5.4
      vertex 1.54336 -0.824944 4.6
      vertex 1.61679 -0.669696 4.6
    endloop
  endfacet
  facet normal 0.301393 -0.842348 -0.446781
    outer loop
      vertex 0.822769 -1.98634 5.4
      vertex 0.624111 -2.05742 5.4
      vertex 0.669696 -1.61679 4.6
    endloop
  endfacet
  facet normal 0.842348 -0.301393 -0.446781
    outer loop
      vertex 1.98634 -0.822769 5.4
      vertex 1.61679 -0.669696 4.6
      vertex 2.05742 -0.624111 5.4
    endloop
  endfacet
  facet normal 0.767369 -0.459921 -0.446786
    outer loop
      vertex 1.78766 -1.19448 5.4
      vertex 1.45507 -0.972247 4.6
      vertex 1.89613 -1.0135 5.4
    endloop
  endfacet
  facet normal 0.217394 -0.867825 -0.446787
    outer loop
      vertex 0.419444 -2.10869 5.4
      vertex 0.341408 -1.71637 4.6
      vertex 0.624111 -2.05742 5.4
    endloop
  endfacet
  facet normal 0.884956 -0.131276 -0.446788
    outer loop
      vertex 2.13965 -0.210736 5.4
      vertex 1.71637 -0.341408 4.6
      vertex 1.74157 -0.17153 4.6
    endloop
  endfacet
  facet normal 0.131275 -0.884956 -0.446788
    outer loop
      vertex 0.419444 -2.10869 5.4
      vertex 0.210736 -2.13965 5.4
      vertex 0.341408 -1.71637 4.6
    endloop
  endfacet
  facet normal 0.382513 -0.808747 -0.446781
    outer loop
      vertex 0.822769 -1.98634 5.4
      vertex 0.669696 -1.61679 4.6
      vertex 1.0135 -1.89613 5.4
    endloop
  endfacet
  facet normal 0.767361 -0.459938 -0.446782
    outer loop
      vertex 1.89613 -1.0135 5.4
      vertex 1.45507 -0.972247 4.6
      vertex 1.54336 -0.824944 4.6
    endloop
  endfacet
  facet normal -0.718579 -0.532945 -0.446781
    outer loop
      vertex -1.66197 -1.36395 5.4
      vertex -1.78766 -1.19448 5.4
      vertex -1.35277 -1.11019 4.6
    endloop
  endfacet
  facet normal 0.0438862 -0.893565 -0.446783
    outer loop
      vertex 0.210736 -2.13965 5.4
      vertex 0 -2.15 5.4
      vertex 0 -1.75 4.6
    endloop
  endfacet
  facet normal 0.893561 -0.0439149 -0.446788
    outer loop
      vertex 2.13965 -0.210736 5.4
      vertex 1.74157 -0.17153 4.6
      vertex 1.75 0 4.6
    endloop
  endfacet
  facet normal 0.600808 -0.662886 -0.446779
    outer loop
      vertex 1.36395 -1.66197 5.4
      vertex 1.23744 -1.23744 4.6
      vertex 1.52028 -1.52028 5.4
    endloop
  endfacet
  facet normal -0.767369 0.459921 -0.446786
    outer loop
      vertex -1.45507 0.972247 4.6
      vertex -1.89613 1.0135 5.4
      vertex -1.78766 1.19448 5.4
    endloop
  endfacet
  facet normal -0.382522 0.808741 -0.446783
    outer loop
      vertex -0.824944 1.54336 4.6
      vertex -1.0135 1.89613 5.4
      vertex -0.669696 1.61679 4.6
    endloop
  endfacet
  facet normal 0.867825 -0.217394 -0.446787
    outer loop
      vertex 2.05742 -0.624111 5.4
      vertex 1.71637 -0.341408 4.6
      vertex 2.10869 -0.419444 5.4
    endloop
  endfacet
  facet normal -0.867825 -0.217394 -0.446787
    outer loop
      vertex -2.05742 -0.624111 5.4
      vertex -2.10869 -0.419444 5.4
      vertex -1.71637 -0.341408 4.6
    endloop
  endfacet
  facet normal 0.867845 0.217339 -0.446776
    outer loop
      vertex 1.71637 0.341408 4.6
      vertex 1.67465 0.507998 4.6
      vertex 2.05742 0.624111 5.4
    endloop
  endfacet
  facet normal 0.301413 -0.842342 -0.446777
    outer loop
      vertex 0.624111 -2.05742 5.4
      vertex 0.507998 -1.67465 4.6
      vertex 0.669696 -1.61679 4.6
    endloop
  endfacet
  facet normal 0.0439149 -0.893561 -0.446788
    outer loop
      vertex 0.210736 -2.13965 5.4
      vertex 0 -1.75 4.6
      vertex 0.17153 -1.74157 4.6
    endloop
  endfacet
  facet normal -0.532918 0.718596 -0.446787
    outer loop
      vertex -1.11019 1.35277 4.6
      vertex -1.19448 1.78766 5.4
      vertex -0.972247 1.45507 4.6
    endloop
  endfacet
  facet normal -0.0439149 0.893561 -0.446788
    outer loop
      vertex -0.17153 1.74157 4.6
      vertex -0.210736 2.13965 5.4
      vertex 0 1.75 4.6
    endloop
  endfacet
  facet normal -0.0438862 -0.893565 -0.446783
    outer loop
      vertex 0 -2.15 5.4
      vertex -0.210736 -2.13965 5.4
      vertex 0 -1.75 4.6
    endloop
  endfacet
  facet normal -0.884956 0.131275 -0.446788
    outer loop
      vertex -1.71637 0.341408 4.6
      vertex -2.13965 0.210736 5.4
      vertex -2.10869 0.419444 5.4
    endloop
  endfacet
  facet normal -0.867845 0.217339 -0.446776
    outer loop
      vertex -1.71637 0.341408 4.6
      vertex -2.05742 0.624111 5.4
      vertex -1.67465 0.507998 4.6
    endloop
  endfacet
  facet normal -0.301393 0.842348 -0.446781
    outer loop
      vertex -0.669696 1.61679 4.6
      vertex -0.822769 1.98634 5.4
      vertex -0.624111 2.05742 5.4
    endloop
  endfacet
  facet normal 0.884956 -0.131275 -0.446788
    outer loop
      vertex 2.10869 -0.419444 5.4
      vertex 1.71637 -0.341408 4.6
      vertex 2.13965 -0.210736 5.4
    endloop
  endfacet
  facet normal 0.893565 -0.0438862 -0.446783
    outer loop
      vertex 2.13965 -0.210736 5.4
      vertex 1.75 0 4.6
      vertex 2.15 0 5.4
    endloop
  endfacet
  facet normal 0.217339 -0.867845 -0.446776
    outer loop
      vertex 0.624111 -2.05742 5.4
      vertex 0.341408 -1.71637 4.6
      vertex 0.507998 -1.67465 4.6
    endloop
  endfacet
  facet normal -0.382513 -0.808747 -0.446781
    outer loop
      vertex -0.822769 -1.98634 5.4
      vertex -1.0135 -1.89613 5.4
      vertex -0.669696 -1.61679 4.6
    endloop
  endfacet
  facet normal -0.718596 -0.532918 -0.446787
    outer loop
      vertex -1.35277 -1.11019 4.6
      vertex -1.78766 -1.19448 5.4
      vertex -1.45507 -0.972247 4.6
    endloop
  endfacet
  facet normal 0.459938 -0.767361 -0.446782
    outer loop
      vertex 1.0135 -1.89613 5.4
      vertex 0.824944 -1.54336 4.6
      vertex 0.972247 -1.45507 4.6
    endloop
  endfacet
  facet normal -0.767361 -0.459938 -0.446782
    outer loop
      vertex -1.45507 -0.972247 4.6
      vertex -1.89613 -1.0135 5.4
      vertex -1.54336 -0.824944 4.6
    endloop
  endfacet
  facet normal 0.217394 0.867825 -0.446787
    outer loop
      vertex 0.624111 2.05742 5.4
      vertex 0.341408 1.71637 4.6
      vertex 0.419444 2.10869 5.4
    endloop
  endfacet
  facet normal 0.301393 0.842348 -0.446781
    outer loop
      vertex 0.669696 1.61679 4.6
      vertex 0.624111 2.05742 5.4
      vertex 0.822769 1.98634 5.4
    endloop
  endfacet
  facet normal 0.382522 0.808741 -0.446783
    outer loop
      vertex 0.824944 1.54336 4.6
      vertex 0.669696 1.61679 4.6
      vertex 1.0135 1.89613 5.4
    endloop
  endfacet
  facet normal 0.718579 -0.532945 -0.446781
    outer loop
      vertex 1.66197 -1.36395 5.4
      vertex 1.35277 -1.11019 4.6
      vertex 1.78766 -1.19448 5.4
    endloop
  endfacet
  facet normal -0.0438862 0.893565 -0.446783
    outer loop
      vertex 0 1.75 4.6
      vertex -0.210736 2.13965 5.4
      vertex 0 2.15 5.4
    endloop
  endfacet
  facet normal 0.808747 0.382513 -0.446781
    outer loop
      vertex 1.98634 0.822769 5.4
      vertex 1.61679 0.669696 4.6
      vertex 1.89613 1.0135 5.4
    endloop
  endfacet
  facet normal 0.532945 -0.718579 -0.446781
    outer loop
      vertex 1.19448 -1.78766 5.4
      vertex 1.11019 -1.35277 4.6
      vertex 1.36395 -1.66197 5.4
    endloop
  endfacet
  facet normal -0.842342 -0.301413 -0.446777
    outer loop
      vertex -1.61679 -0.669696 4.6
      vertex -2.05742 -0.624111 5.4
      vertex -1.67465 -0.507998 4.6
    endloop
  endfacet
  facet normal 0.808747 -0.382513 -0.446781
    outer loop
      vertex 1.89613 -1.0135 5.4
      vertex 1.61679 -0.669696 4.6
      vertex 1.98634 -0.822769 5.4
    endloop
  endfacet
  facet normal -0.459938 0.767361 -0.446782
    outer loop
      vertex -0.972247 1.45507 4.6
      vertex -1.0135 1.89613 5.4
      vertex -0.824944 1.54336 4.6
    endloop
  endfacet
  facet normal 0.767361 0.459938 -0.446782
    outer loop
      vertex 1.54336 0.824944 4.6
      vertex 1.45507 0.972247 4.6
      vertex 1.89613 1.0135 5.4
    endloop
  endfacet
  facet normal 0.662886 -0.600808 -0.446779
    outer loop
      vertex 1.52028 -1.52028 5.4
      vertex 1.23744 -1.23744 4.6
      vertex 1.66197 -1.36395 5.4
    endloop
  endfacet
  facet normal -0.767361 0.459938 -0.446782
    outer loop
      vertex -1.54336 0.824944 4.6
      vertex -1.89613 1.0135 5.4
      vertex -1.45507 0.972247 4.6
    endloop
  endfacet
  facet normal 0.0438862 0.893565 -0.446783
    outer loop
      vertex 0.210736 2.13965 5.4
      vertex 0 1.75 4.6
      vertex 0 2.15 5.4
    endloop
  endfacet
  facet normal -0.131276 0.884956 -0.446788
    outer loop
      vertex -0.17153 1.74157 4.6
      vertex -0.341408 1.71637 4.6
      vertex -0.210736 2.13965 5.4
    endloop
  endfacet
  facet normal 0.532945 0.718579 -0.446781
    outer loop
      vertex 1.36395 1.66197 5.4
      vertex 1.11019 1.35277 4.6
      vertex 1.19448 1.78766 5.4
    endloop
  endfacet
  facet normal -0.662886 -0.600808 -0.446779
    outer loop
      vertex -1.52028 -1.52028 5.4
      vertex -1.66197 -1.36395 5.4
      vertex -1.23744 -1.23744 4.6
    endloop
  endfacet
  facet normal -0.718579 0.532945 -0.446781
    outer loop
      vertex -1.35277 1.11019 4.6
      vertex -1.78766 1.19448 5.4
      vertex -1.66197 1.36395 5.4
    endloop
  endfacet
  facet normal 0.842342 -0.301413 -0.446777
    outer loop
      vertex 2.05742 -0.624111 5.4
      vertex 1.61679 -0.669696 4.6
      vertex 1.67465 -0.507998 4.6
    endloop
  endfacet
  facet normal 0.662894 -0.600798 -0.446782
    outer loop
      vertex 1.66197 -1.36395 5.4
      vertex 1.23744 -1.23744 4.6
      vertex 1.35277 -1.11019 4.6
    endloop
  endfacet
  facet normal 0.867845 -0.217339 -0.446776
    outer loop
      vertex 2.05742 -0.624111 5.4
      vertex 1.67465 -0.507998 4.6
      vertex 1.71637 -0.341408 4.6
    endloop
  endfacet
  facet normal -0.867845 -0.217339 -0.446776
    outer loop
      vertex -1.67465 -0.507998 4.6
      vertex -2.05742 -0.624111 5.4
      vertex -1.71637 -0.341408 4.6
    endloop
  endfacet
  facet normal 0.382513 0.808747 -0.446781
    outer loop
      vertex 1.0135 1.89613 5.4
      vertex 0.669696 1.61679 4.6
      vertex 0.822769 1.98634 5.4
    endloop
  endfacet
  facet normal 0.382522 -0.808741 -0.446783
    outer loop
      vertex 1.0135 -1.89613 5.4
      vertex 0.669696 -1.61679 4.6
      vertex 0.824944 -1.54336 4.6
    endloop
  endfacet
  facet normal 0.459921 -0.767369 -0.446786
    outer loop
      vertex 1.0135 -1.89613 5.4
      vertex 0.972247 -1.45507 4.6
      vertex 1.19448 -1.78766 5.4
    endloop
  endfacet
  facet normal 0.532918 -0.718596 -0.446787
    outer loop
      vertex 1.19448 -1.78766 5.4
      vertex 0.972247 -1.45507 4.6
      vertex 1.11019 -1.35277 4.6
    endloop
  endfacet
  facet normal 0.532918 0.718596 -0.446787
    outer loop
      vertex 1.11019 1.35277 4.6
      vertex 0.972247 1.45507 4.6
      vertex 1.19448 1.78766 5.4
    endloop
  endfacet
  facet normal -0.662886 0.600808 -0.446779
    outer loop
      vertex -1.23744 1.23744 4.6
      vertex -1.66197 1.36395 5.4
      vertex -1.52028 1.52028 5.4
    endloop
  endfacet
  facet normal -0.662894 -0.600798 -0.446782
    outer loop
      vertex -1.23744 -1.23744 4.6
      vertex -1.66197 -1.36395 5.4
      vertex -1.35277 -1.11019 4.6
    endloop
  endfacet
  facet normal -0.459921 -0.767369 -0.446786
    outer loop
      vertex -1.0135 -1.89613 5.4
      vertex -1.19448 -1.78766 5.4
      vertex -0.972247 -1.45507 4.6
    endloop
  endfacet
  facet normal -0.301413 -0.842342 -0.446777
    outer loop
      vertex -0.624111 -2.05742 5.4
      vertex -0.669696 -1.61679 4.6
      vertex -0.507998 -1.67465 4.6
    endloop
  endfacet
  facet normal -0.131275 0.884956 -0.446788
    outer loop
      vertex -0.341408 1.71637 4.6
      vertex -0.419444 2.10869 5.4
      vertex -0.210736 2.13965 5.4
    endloop
  endfacet
  facet normal 0.131276 0.884956 -0.446788
    outer loop
      vertex 0.341408 1.71637 4.6
      vertex 0.17153 1.74157 4.6
      vertex 0.210736 2.13965 5.4
    endloop
  endfacet
  facet normal 0.131276 -0.884956 -0.446788
    outer loop
      vertex 0.210736 -2.13965 5.4
      vertex 0.17153 -1.74157 4.6
      vertex 0.341408 -1.71637 4.6
    endloop
  endfacet
  facet normal 0.459921 0.767369 -0.446786
    outer loop
      vertex 1.19448 1.78766 5.4
      vertex 0.972247 1.45507 4.6
      vertex 1.0135 1.89613 5.4
    endloop
  endfacet
  facet normal -0.532945 -0.718579 -0.446781
    outer loop
      vertex -1.19448 -1.78766 5.4
      vertex -1.36395 -1.66197 5.4
      vertex -1.11019 -1.35277 4.6
    endloop
  endfacet
  facet normal -0.662894 0.600798 -0.446782
    outer loop
      vertex -1.35277 1.11019 4.6
      vertex -1.66197 1.36395 5.4
      vertex -1.23744 1.23744 4.6
    endloop
  endfacet
  facet normal -0.893565 -0.0438862 -0.446783
    outer loop
      vertex -2.13965 -0.210736 5.4
      vertex -2.15 0 5.4
      vertex -1.75 0 4.6
    endloop
  endfacet
  facet normal -0.893565 0.0438862 -0.446783
    outer loop
      vertex -1.75 0 4.6
      vertex -2.15 0 5.4
      vertex -2.13965 0.210736 5.4
    endloop
  endfacet
  facet normal 0.600798 -0.662894 -0.446782
    outer loop
      vertex 1.36395 -1.66197 5.4
      vertex 1.11019 -1.35277 4.6
      vertex 1.23744 -1.23744 4.6
    endloop
  endfacet
  facet normal 0.0439149 0.893561 -0.446788
    outer loop
      vertex 0.17153 1.74157 4.6
      vertex 0 1.75 4.6
      vertex 0.210736 2.13965 5.4
    endloop
  endfacet
  facet normal -0.842348 0.301393 -0.446781
    outer loop
      vertex -1.61679 0.669696 4.6
      vertex -2.05742 0.624111 5.4
      vertex -1.98634 0.822769 5.4
    endloop
  endfacet
  facet normal -0.600808 0.662886 -0.446779
    outer loop
      vertex -1.23744 1.23744 4.6
      vertex -1.52028 1.52028 5.4
      vertex -1.36395 1.66197 5.4
    endloop
  endfacet
  facet normal -0.767369 -0.459921 -0.446786
    outer loop
      vertex -1.78766 -1.19448 5.4
      vertex -1.89613 -1.0135 5.4
      vertex -1.45507 -0.972247 4.6
    endloop
  endfacet
  facet normal -0.217339 -0.867845 -0.446776
    outer loop
      vertex -0.341408 -1.71637 4.6
      vertex -0.624111 -2.05742 5.4
      vertex -0.507998 -1.67465 4.6
    endloop
  endfacet
  facet normal -0.532918 -0.718596 -0.446787
    outer loop
      vertex -0.972247 -1.45507 4.6
      vertex -1.19448 -1.78766 5.4
      vertex -1.11019 -1.35277 4.6
    endloop
  endfacet
  facet normal 0.301413 0.842342 -0.446777
    outer loop
      vertex 0.669696 1.61679 4.6
      vertex 0.507998 1.67465 4.6
      vertex 0.624111 2.05742 5.4
    endloop
  endfacet
  facet normal 0.459938 0.767361 -0.446782
    outer loop
      vertex 0.972247 1.45507 4.6
      vertex 0.824944 1.54336 4.6
      vertex 1.0135 1.89613 5.4
    endloop
  endfacet
  facet normal -0.532945 0.718579 -0.446781
    outer loop
      vertex -1.11019 1.35277 4.6
      vertex -1.36395 1.66197 5.4
      vertex -1.19448 1.78766 5.4
    endloop
  endfacet
  facet normal -0.808747 0.382513 -0.446781
    outer loop
      vertex -1.61679 0.669696 4.6
      vertex -1.98634 0.822769 5.4
      vertex -1.89613 1.0135 5.4
    endloop
  endfacet
  facet normal -0.884956 -0.131276 -0.446788
    outer loop
      vertex -1.71637 -0.341408 4.6
      vertex -2.13965 -0.210736 5.4
      vertex -1.74157 -0.17153 4.6
    endloop
  endfacet
  facet normal -0.301393 -0.842348 -0.446781
    outer loop
      vertex -0.624111 -2.05742 5.4
      vertex -0.822769 -1.98634 5.4
      vertex -0.669696 -1.61679 4.6
    endloop
  endfacet
  facet normal -0.842348 -0.301393 -0.446781
    outer loop
      vertex -1.98634 -0.822769 5.4
      vertex -2.05742 -0.624111 5.4
      vertex -1.61679 -0.669696 4.6
    endloop
  endfacet
  facet normal -0.808741 -0.382522 -0.446783
    outer loop
      vertex -1.54336 -0.824944 4.6
      vertex -1.89613 -1.0135 5.4
      vertex -1.61679 -0.669696 4.6
    endloop
  endfacet
  facet normal 0.767369 0.459921 -0.446786
    outer loop
      vertex 1.89613 1.0135 5.4
      vertex 1.45507 0.972247 4.6
      vertex 1.78766 1.19448 5.4
    endloop
  endfacet
  facet normal -0.131276 -0.884956 -0.446788
    outer loop
      vertex -0.210736 -2.13965 5.4
      vertex -0.341408 -1.71637 4.6
      vertex -0.17153 -1.74157 4.6
    endloop
  endfacet
  facet normal -0.382513 0.808747 -0.446781
    outer loop
      vertex -0.669696 1.61679 4.6
      vertex -1.0135 1.89613 5.4
      vertex -0.822769 1.98634 5.4
    endloop
  endfacet
  facet normal 0.718579 0.532945 -0.446781
    outer loop
      vertex 1.78766 1.19448 5.4
      vertex 1.35277 1.11019 4.6
      vertex 1.66197 1.36395 5.4
    endloop
  endfacet
  facet normal -0.884956 -0.131275 -0.446788
    outer loop
      vertex -2.10869 -0.419444 5.4
      vertex -2.13965 -0.210736 5.4
      vertex -1.71637 -0.341408 4.6
    endloop
  endfacet
  facet normal -0.718596 0.532918 -0.446787
    outer loop
      vertex -1.45507 0.972247 4.6
      vertex -1.78766 1.19448 5.4
      vertex -1.35277 1.11019 4.6
    endloop
  endfacet
  facet normal 0.662886 0.600808 -0.446779
    outer loop
      vertex 1.66197 1.36395 5.4
      vertex 1.23744 1.23744 4.6
      vertex 1.52028 1.52028 5.4
    endloop
  endfacet
  facet normal 0.600808 0.662886 -0.446779
    outer loop
      vertex 1.52028 1.52028 5.4
      vertex 1.23744 1.23744 4.6
      vertex 1.36395 1.66197 5.4
    endloop
  endfacet
  facet normal -0.893561 -0.0439149 -0.446788
    outer loop
      vertex -1.74157 -0.17153 4.6
      vertex -2.13965 -0.210736 5.4
      vertex -1.75 0 4.6
    endloop
  endfacet
  facet normal 0.131275 0.884956 -0.446788
    outer loop
      vertex 0.341408 1.71637 4.6
      vertex 0.210736 2.13965 5.4
      vertex 0.419444 2.10869 5.4
    endloop
  endfacet
  facet normal -0.459921 0.767369 -0.446786
    outer loop
      vertex -0.972247 1.45507 4.6
      vertex -1.19448 1.78766 5.4
      vertex -1.0135 1.89613 5.4
    endloop
  endfacet
  facet normal -0.842342 0.301413 -0.446777
    outer loop
      vertex -1.67465 0.507998 4.6
      vertex -2.05742 0.624111 5.4
      vertex -1.61679 0.669696 4.6
    endloop
  endfacet
  facet normal 0.600798 0.662894 -0.446782
    outer loop
      vertex 1.23744 1.23744 4.6
      vertex 1.11019 1.35277 4.6
      vertex 1.36395 1.66197 5.4
    endloop
  endfacet
  facet normal 0.718596 0.532918 -0.446787
    outer loop
      vertex 1.45507 0.972247 4.6
      vertex 1.35277 1.11019 4.6
      vertex 1.78766 1.19448 5.4
    endloop
  endfacet
  facet normal -0.217339 0.867845 -0.446776
    outer loop
      vertex -0.507998 1.67465 4.6
      vertex -0.624111 2.05742 5.4
      vertex -0.341408 1.71637 4.6
    endloop
  endfacet
  facet normal 0.867825 0.217394 -0.446787
    outer loop
      vertex 2.10869 0.419444 5.4
      vertex 1.71637 0.341408 4.6
      vertex 2.05742 0.624111 5.4
    endloop
  endfacet
  facet normal -0.600798 -0.662894 -0.446782
    outer loop
      vertex -1.11019 -1.35277 4.6
      vertex -1.36395 -1.66197 5.4
      vertex -1.23744 -1.23744 4.6
    endloop
  endfacet
  facet normal -0.301413 0.842342 -0.446777
    outer loop
      vertex -0.507998 1.67465 4.6
      vertex -0.669696 1.61679 4.6
      vertex -0.624111 2.05742 5.4
    endloop
  endfacet
  facet normal -0.893561 0.0439149 -0.446788
    outer loop
      vertex -1.75 0 4.6
      vertex -2.13965 0.210736 5.4
      vertex -1.74157 0.17153 4.6
    endloop
  endfacet
  facet normal -0.459938 -0.767361 -0.446782
    outer loop
      vertex -0.824944 -1.54336 4.6
      vertex -1.0135 -1.89613 5.4
      vertex -0.972247 -1.45507 4.6
    endloop
  endfacet
  facet normal 0.217339 0.867845 -0.446776
    outer loop
      vertex 0.507998 1.67465 4.6
      vertex 0.341408 1.71637 4.6
      vertex 0.624111 2.05742 5.4
    endloop
  endfacet
  facet normal -0.131275 -0.884956 -0.446788
    outer loop
      vertex -0.210736 -2.13965 5.4
      vertex -0.419444 -2.10869 5.4
      vertex -0.341408 -1.71637 4.6
    endloop
  endfacet
  facet normal -0.884956 0.131276 -0.446788
    outer loop
      vertex -1.74157 0.17153 4.6
      vertex -2.13965 0.210736 5.4
      vertex -1.71637 0.341408 4.6
    endloop
  endfacet
  facet normal -0.217394 -0.867825 -0.446787
    outer loop
      vertex -0.419444 -2.10869 5.4
      vertex -0.624111 -2.05742 5.4
      vertex -0.341408 -1.71637 4.6
    endloop
  endfacet
  facet normal -0.0439149 -0.893561 -0.446788
    outer loop
      vertex 0 -1.75 4.6
      vertex -0.210736 -2.13965 5.4
      vertex -0.17153 -1.74157 4.6
    endloop
  endfacet
  facet normal -0.382522 -0.808741 -0.446783
    outer loop
      vertex -0.669696 -1.61679 4.6
      vertex -1.0135 -1.89613 5.4
      vertex -0.824944 -1.54336 4.6
    endloop
  endfacet
  facet normal -0.217394 0.867825 -0.446787
    outer loop
      vertex -0.341408 1.71637 4.6
      vertex -0.624111 2.05742 5.4
      vertex -0.419444 2.10869 5.4
    endloop
  endfacet
  facet normal -0.600798 0.662894 -0.446782
    outer loop
      vertex -1.23744 1.23744 4.6
      vertex -1.36395 1.66197 5.4
      vertex -1.11019 1.35277 4.6
    endloop
  endfacet
  facet normal -0.867825 0.217394 -0.446787
    outer loop
      vertex -1.71637 0.341408 4.6
      vertex -2.10869 0.419444 5.4
      vertex -2.05742 0.624111 5.4
    endloop
  endfacet
  facet normal 0.842348 0.301393 -0.446781
    outer loop
      vertex 2.05742 0.624111 5.4
      vertex 1.61679 0.669696 4.6
      vertex 1.98634 0.822769 5.4
    endloop
  endfacet
  facet normal 0.808741 0.382522 -0.446783
    outer loop
      vertex 1.61679 0.669696 4.6
      vertex 1.54336 0.824944 4.6
      vertex 1.89613 1.0135 5.4
    endloop
  endfacet
  facet normal -0.600808 -0.662886 -0.446779
    outer loop
      vertex -1.36395 -1.66197 5.4
      vertex -1.52028 -1.52028 5.4
      vertex -1.23744 -1.23744 4.6
    endloop
  endfacet
  facet normal 0.842342 0.301413 -0.446777
    outer loop
      vertex 1.67465 0.507998 4.6
      vertex 1.61679 0.669696 4.6
      vertex 2.05742 0.624111 5.4
    endloop
  endfacet
  facet normal 0.884956 0.131275 -0.446788
    outer loop
      vertex 2.13965 0.210736 5.4
      vertex 1.71637 0.341408 4.6
      vertex 2.10869 0.419444 5.4
    endloop
  endfacet
  facet normal 0.884956 0.131276 -0.446788
    outer loop
      vertex 1.74157 0.17153 4.6
      vertex 1.71637 0.341408 4.6
      vertex 2.13965 0.210736 5.4
    endloop
  endfacet
  facet normal 0.740969 0.671539 0
    outer loop
      vertex 12.319 1.90318 1.5
      vertex 12.1213 2.12132 0
      vertex 12.1213 2.12132 1.5
    endloop
  endfacet
  facet normal 0.740969 0.671539 0
    outer loop
      vertex 12.1213 2.12132 0
      vertex 12.319 1.90318 1.5
      vertex 12.319 1.90318 0
    endloop
  endfacet
  facet normal 0.989176 0.146736 0
    outer loop
      vertex 12.9856 0.294051 1.5
      vertex 12.9424 0.585271 0
      vertex 12.9424 0.585271 1.5
    endloop
  endfacet
  facet normal 0.989176 0.146736 0
    outer loop
      vertex 12.9424 0.585271 0
      vertex 12.9856 0.294051 1.5
      vertex 12.9856 0.294051 0
    endloop
  endfacet
  facet normal 0.998803 0.0489125 0
    outer loop
      vertex 13 0 1.5
      vertex 12.9856 0.294051 0
      vertex 12.9856 0.294051 1.5
    endloop
  endfacet
  facet normal 0.998803 0.0489125 0
    outer loop
      vertex 12.9856 0.294051 0
      vertex 13 0 1.5
      vertex 13 0 0
    endloop
  endfacet
  facet normal 0.969979 0.243189 0
    outer loop
      vertex 12.9424 0.585271 1.5
      vertex 12.8708 0.870853 0
      vertex 12.8708 0.870853 1.5
    endloop
  endfacet
  facet normal 0.969979 0.243189 0
    outer loop
      vertex 12.8708 0.870853 0
      vertex 12.9424 0.585271 1.5
      vertex 12.9424 0.585271 0
    endloop
  endfacet
  facet normal 0.336986 -0.94151 0
    outer loop
      vertex 10.8709 -2.87082 0
      vertex 11.148 -2.77164 1.5
      vertex 10.8709 -2.87082 1.5
    endloop
  endfacet
  facet normal 0.336986 -0.94151 0
    outer loop
      vertex 11.148 -2.77164 1.5
      vertex 10.8709 -2.87082 0
      vertex 11.148 -2.77164 0
    endloop
  endfacet
  facet normal 0.857661 0.514216 0
    outer loop
      vertex 12.6458 1.41419 1.5
      vertex 12.4944 1.66671 0
      vertex 12.4944 1.66671 1.5
    endloop
  endfacet
  facet normal 0.857661 0.514216 0
    outer loop
      vertex 12.4944 1.66671 0
      vertex 12.6458 1.41419 1.5
      vertex 12.6458 1.41419 0
    endloop
  endfacet
  facet normal 0.941525 0.336942 0
    outer loop
      vertex 12.8708 0.870853 1.5
      vertex 12.7716 1.14805 0
      vertex 12.7716 1.14805 1.5
    endloop
  endfacet
  facet normal 0.941525 0.336942 0
    outer loop
      vertex 12.7716 1.14805 0
      vertex 12.8708 0.870853 1.5
      vertex 12.8708 0.870853 0
    endloop
  endfacet
  facet normal 0.242983 0.970031 -0
    outer loop
      vertex 10.8709 2.87082 0
      vertex 10.5853 2.94236 1.5
      vertex 10.8709 2.87082 1.5
    endloop
  endfacet
  facet normal 0.242983 0.970031 0
    outer loop
      vertex 10.5853 2.94236 1.5
      vertex 10.8709 2.87082 0
      vertex 10.5853 2.94236 0
    endloop
  endfacet
  facet normal -0.740952 0.671558 0
    outer loop
      vertex 7.68097 1.90318 0
      vertex 7.87868 2.12132 1.5
      vertex 7.87868 2.12132 0
    endloop
  endfacet
  facet normal -0.740952 0.671558 0
    outer loop
      vertex 7.87868 2.12132 1.5
      vertex 7.68097 1.90318 0
      vertex 7.68097 1.90318 1.5
    endloop
  endfacet
  facet normal 0.0490738 -0.998795 0
    outer loop
      vertex 10 -3 0
      vertex 10.2941 -2.98555 1.5
      vertex 10 -3 1.5
    endloop
  endfacet
  facet normal 0.0490738 -0.998795 0
    outer loop
      vertex 10.2941 -2.98555 1.5
      vertex 10 -3 0
      vertex 10.2941 -2.98555 0
    endloop
  endfacet
  facet normal 0.427491 0.90402 -0
    outer loop
      vertex 11.4142 2.64576 0
      vertex 11.148 2.77164 1.5
      vertex 11.4142 2.64576 1.5
    endloop
  endfacet
  facet normal 0.427491 0.90402 0
    outer loop
      vertex 11.148 2.77164 1.5
      vertex 11.4142 2.64576 0
      vertex 11.148 2.77164 0
    endloop
  endfacet
  facet normal 0.671625 0.740891 -0
    outer loop
      vertex 12.1213 2.12132 0
      vertex 11.9032 2.31903 1.5
      vertex 12.1213 2.12132 1.5
    endloop
  endfacet
  facet normal 0.671625 0.740891 0
    outer loop
      vertex 11.9032 2.31903 1.5
      vertex 12.1213 2.12132 0
      vertex 11.9032 2.31903 0
    endloop
  endfacet
  facet normal -0.595703 -0.803204 0
    outer loop
      vertex 8.09682 -2.31903 0
      vertex 8.33329 -2.49441 1.5
      vertex 8.09682 -2.31903 1.5
    endloop
  endfacet
  facet normal -0.595703 -0.803204 -0
    outer loop
      vertex 8.33329 -2.49441 1.5
      vertex 8.09682 -2.31903 0
      vertex 8.33329 -2.49441 0
    endloop
  endfacet
  facet normal 0.242983 -0.970031 0
    outer loop
      vertex 10.5853 -2.94236 0
      vertex 10.8709 -2.87082 1.5
      vertex 10.5853 -2.94236 1.5
    endloop
  endfacet
  facet normal 0.242983 -0.970031 0
    outer loop
      vertex 10.8709 -2.87082 1.5
      vertex 10.5853 -2.94236 0
      vertex 10.8709 -2.87082 0
    endloop
  endfacet
  facet normal 0.989176 -0.146736 0
    outer loop
      vertex 12.9424 -0.585271 1.5
      vertex 12.9856 -0.294051 0
      vertex 12.9856 -0.294051 1.5
    endloop
  endfacet
  facet normal 0.989176 -0.146736 0
    outer loop
      vertex 12.9856 -0.294051 0
      vertex 12.9424 -0.585271 1.5
      vertex 12.9424 -0.585271 0
    endloop
  endfacet
  facet normal 0.514121 -0.857718 0
    outer loop
      vertex 11.4142 -2.64576 0
      vertex 11.6667 -2.49441 1.5
      vertex 11.4142 -2.64576 1.5
    endloop
  endfacet
  facet normal 0.514121 -0.857718 0
    outer loop
      vertex 11.6667 -2.49441 1.5
      vertex 11.4142 -2.64576 0
      vertex 11.6667 -2.49441 0
    endloop
  endfacet
  facet normal -0.242999 -0.970027 0
    outer loop
      vertex 9.12915 -2.87082 0
      vertex 9.41473 -2.94236 1.5
      vertex 9.12915 -2.87082 1.5
    endloop
  endfacet
  facet normal -0.242999 -0.970027 -0
    outer loop
      vertex 9.41473 -2.94236 1.5
      vertex 9.12915 -2.87082 0
      vertex 9.41473 -2.94236 0
    endloop
  endfacet
  facet normal -0.595703 0.803204 0
    outer loop
      vertex 8.33329 2.49441 0
      vertex 8.09682 2.31903 1.5
      vertex 8.33329 2.49441 1.5
    endloop
  endfacet
  facet normal -0.595703 0.803204 0
    outer loop
      vertex 8.09682 2.31903 1.5
      vertex 8.33329 2.49441 0
      vertex 8.09682 2.31903 0
    endloop
  endfacet
  facet normal -0.998795 -0.0490819 0
    outer loop
      vertex 7.01445 -0.294051 0
      vertex 7 0 1.5
      vertex 7 0 0
    endloop
  endfacet
  facet normal -0.998795 -0.0490819 0
    outer loop
      vertex 7 0 1.5
      vertex 7.01445 -0.294051 0
      vertex 7.01445 -0.294051 1.5
    endloop
  endfacet
  facet normal -0.970027 -0.242998 0
    outer loop
      vertex 7.12918 -0.870853 0
      vertex 7.05764 -0.585271 1.5
      vertex 7.05764 -0.585271 0
    endloop
  endfacet
  facet normal -0.970027 -0.242998 0
    outer loop
      vertex 7.05764 -0.585271 1.5
      vertex 7.12918 -0.870853 0
      vertex 7.12918 -0.870853 1.5
    endloop
  endfacet
  facet normal 0.969979 -0.243189 0
    outer loop
      vertex 12.8708 -0.870853 1.5
      vertex 12.9424 -0.585271 0
      vertex 12.9424 -0.585271 1.5
    endloop
  endfacet
  facet normal 0.969979 -0.243189 0
    outer loop
      vertex 12.9424 -0.585271 0
      vertex 12.8708 -0.870853 1.5
      vertex 12.8708 -0.870853 0
    endloop
  endfacet
  facet normal -0.514091 0.857736 0
    outer loop
      vertex 8.58581 2.64576 0
      vertex 8.33329 2.49441 1.5
      vertex 8.58581 2.64576 1.5
    endloop
  endfacet
  facet normal -0.514091 0.857736 0
    outer loop
      vertex 8.33329 2.49441 1.5
      vertex 8.58581 2.64576 0
      vertex 8.33329 2.49441 0
    endloop
  endfacet
  facet normal 0.595655 0.803241 -0
    outer loop
      vertex 11.9032 2.31903 0
      vertex 11.6667 2.49441 1.5
      vertex 11.9032 2.31903 1.5
    endloop
  endfacet
  facet normal 0.595655 0.803241 0
    outer loop
      vertex 11.6667 2.49441 1.5
      vertex 11.9032 2.31903 0
      vertex 11.6667 2.49441 0
    endloop
  endfacet
  facet normal -0.903983 -0.427569 0
    outer loop
      vertex 7.35424 -1.41419 0
      vertex 7.22836 -1.14805 1.5
      vertex 7.22836 -1.14805 0
    endloop
  endfacet
  facet normal -0.903983 -0.427569 0
    outer loop
      vertex 7.22836 -1.14805 1.5
      vertex 7.35424 -1.41419 0
      vertex 7.35424 -1.41419 1.5
    endloop
  endfacet
  facet normal 0.941525 -0.336942 0
    outer loop
      vertex 12.7716 -1.14805 1.5
      vertex 12.8708 -0.870853 0
      vertex 12.8708 -0.870853 1.5
    endloop
  endfacet
  facet normal 0.941525 -0.336942 0
    outer loop
      vertex 12.8708 -0.870853 0
      vertex 12.7716 -1.14805 1.5
      vertex 12.7716 -1.14805 0
    endloop
  endfacet
  facet normal 0.146712 0.989179 -0
    outer loop
      vertex 10.5853 2.94236 0
      vertex 10.2941 2.98555 1.5
      vertex 10.5853 2.94236 1.5
    endloop
  endfacet
  facet normal 0.146712 0.989179 0
    outer loop
      vertex 10.2941 2.98555 1.5
      vertex 10.5853 2.94236 0
      vertex 10.2941 2.98555 0
    endloop
  endfacet
  facet normal -0.427569 0.903983 0
    outer loop
      vertex 8.85195 2.77164 0
      vertex 8.58581 2.64576 1.5
      vertex 8.85195 2.77164 1.5
    endloop
  endfacet
  facet normal -0.427569 0.903983 0
    outer loop
      vertex 8.58581 2.64576 1.5
      vertex 8.85195 2.77164 0
      vertex 8.58581 2.64576 0
    endloop
  endfacet
  facet normal 0.514121 0.857718 -0
    outer loop
      vertex 11.6667 2.49441 0
      vertex 11.4142 2.64576 1.5
      vertex 11.6667 2.49441 1.5
    endloop
  endfacet
  facet normal 0.514121 0.857718 0
    outer loop
      vertex 11.4142 2.64576 1.5
      vertex 11.6667 2.49441 0
      vertex 11.4142 2.64576 0
    endloop
  endfacet
  facet normal 0.427491 -0.90402 0
    outer loop
      vertex 11.148 -2.77164 0
      vertex 11.4142 -2.64576 1.5
      vertex 11.148 -2.77164 1.5
    endloop
  endfacet
  facet normal 0.427491 -0.90402 0
    outer loop
      vertex 11.4142 -2.64576 1.5
      vertex 11.148 -2.77164 0
      vertex 11.4142 -2.64576 0
    endloop
  endfacet
  facet normal -0.941547 -0.336882 0
    outer loop
      vertex 7.22836 -1.14805 0
      vertex 7.12918 -0.870853 1.5
      vertex 7.12918 -0.870853 0
    endloop
  endfacet
  facet normal -0.941547 -0.336882 0
    outer loop
      vertex 7.12918 -0.870853 1.5
      vertex 7.22836 -1.14805 0
      vertex 7.22836 -1.14805 1.5
    endloop
  endfacet
  facet normal 0.857661 -0.514216 0
    outer loop
      vertex 12.4944 -1.66671 1.5
      vertex 12.6458 -1.41419 0
      vertex 12.6458 -1.41419 1.5
    endloop
  endfacet
  facet normal 0.857661 -0.514216 0
    outer loop
      vertex 12.6458 -1.41419 0
      vertex 12.4944 -1.66671 1.5
      vertex 12.4944 -1.66671 0
    endloop
  endfacet
  facet normal 0.904088 -0.427347 0
    outer loop
      vertex 12.6458 -1.41419 1.5
      vertex 12.7716 -1.14805 0
      vertex 12.7716 -1.14805 1.5
    endloop
  endfacet
  facet normal 0.904088 -0.427347 0
    outer loop
      vertex 12.7716 -1.14805 0
      vertex 12.6458 -1.41419 1.5
      vertex 12.6458 -1.41419 0
    endloop
  endfacet
  facet normal 0.998803 -0.0489125 0
    outer loop
      vertex 12.9856 -0.294051 1.5
      vertex 13 0 0
      vertex 13 0 1.5
    endloop
  endfacet
  facet normal 0.998803 -0.0489125 0
    outer loop
      vertex 13 0 0
      vertex 12.9856 -0.294051 1.5
      vertex 12.9856 -0.294051 0
    endloop
  endfacet
  facet normal -0.146703 0.989181 0
    outer loop
      vertex 9.70595 2.98555 0
      vertex 9.41473 2.94236 1.5
      vertex 9.70595 2.98555 1.5
    endloop
  endfacet
  facet normal -0.146703 0.989181 0
    outer loop
      vertex 9.41473 2.94236 1.5
      vertex 9.70595 2.98555 0
      vertex 9.41473 2.94236 0
    endloop
  endfacet
  facet normal 0.146712 -0.989179 0
    outer loop
      vertex 10.2941 -2.98555 0
      vertex 10.5853 -2.94236 1.5
      vertex 10.2941 -2.98555 1.5
    endloop
  endfacet
  facet normal 0.146712 -0.989179 0
    outer loop
      vertex 10.5853 -2.94236 1.5
      vertex 10.2941 -2.98555 0
      vertex 10.5853 -2.94236 0
    endloop
  endfacet
  facet normal 0.740969 -0.671539 0
    outer loop
      vertex 12.1213 -2.12132 1.5
      vertex 12.319 -1.90318 0
      vertex 12.319 -1.90318 1.5
    endloop
  endfacet
  facet normal 0.740969 -0.671539 0
    outer loop
      vertex 12.319 -1.90318 0
      vertex 12.1213 -2.12132 1.5
      vertex 12.1213 -2.12132 0
    endloop
  endfacet
  facet normal 0.803172 -0.595747 0
    outer loop
      vertex 12.319 -1.90318 1.5
      vertex 12.4944 -1.66671 0
      vertex 12.4944 -1.66671 1.5
    endloop
  endfacet
  facet normal 0.803172 -0.595747 0
    outer loop
      vertex 12.4944 -1.66671 0
      vertex 12.319 -1.90318 1.5
      vertex 12.319 -1.90318 0
    endloop
  endfacet
  facet normal -0.242999 0.970027 0
    outer loop
      vertex 9.41473 2.94236 0
      vertex 9.12915 2.87082 1.5
      vertex 9.41473 2.94236 1.5
    endloop
  endfacet
  facet normal -0.242999 0.970027 0
    outer loop
      vertex 9.12915 2.87082 1.5
      vertex 9.41473 2.94236 0
      vertex 9.12915 2.87082 0
    endloop
  endfacet
  facet normal 0.803172 0.595747 0
    outer loop
      vertex 12.4944 1.66671 1.5
      vertex 12.319 1.90318 0
      vertex 12.319 1.90318 1.5
    endloop
  endfacet
  facet normal 0.803172 0.595747 0
    outer loop
      vertex 12.319 1.90318 0
      vertex 12.4944 1.66671 1.5
      vertex 12.4944 1.66671 0
    endloop
  endfacet
  facet normal 0.0490738 0.998795 -0
    outer loop
      vertex 10.2941 2.98555 0
      vertex 10 3 1.5
      vertex 10.2941 2.98555 1.5
    endloop
  endfacet
  facet normal 0.0490738 0.998795 0
    outer loop
      vertex 10 3 1.5
      vertex 10.2941 2.98555 0
      vertex 10 3 0
    endloop
  endfacet
  facet normal 0.904088 0.427347 0
    outer loop
      vertex 12.7716 1.14805 1.5
      vertex 12.6458 1.41419 0
      vertex 12.6458 1.41419 1.5
    endloop
  endfacet
  facet normal 0.904088 0.427347 0
    outer loop
      vertex 12.6458 1.41419 0
      vertex 12.7716 1.14805 1.5
      vertex 12.7716 1.14805 0
    endloop
  endfacet
  facet normal -0.857736 0.514091 0
    outer loop
      vertex 7.35424 1.41419 0
      vertex 7.50559 1.66671 1.5
      vertex 7.50559 1.66671 0
    endloop
  endfacet
  facet normal -0.857736 0.514091 0
    outer loop
      vertex 7.50559 1.66671 1.5
      vertex 7.35424 1.41419 0
      vertex 7.35424 1.41419 1.5
    endloop
  endfacet
  facet normal -0.671558 0.740952 0
    outer loop
      vertex 8.09682 2.31903 0
      vertex 7.87868 2.12132 1.5
      vertex 8.09682 2.31903 1.5
    endloop
  endfacet
  facet normal -0.671558 0.740952 0
    outer loop
      vertex 7.87868 2.12132 1.5
      vertex 8.09682 2.31903 0
      vertex 7.87868 2.12132 0
    endloop
  endfacet
  facet normal -0.857736 -0.514091 0
    outer loop
      vertex 7.50559 -1.66671 0
      vertex 7.35424 -1.41419 1.5
      vertex 7.35424 -1.41419 0
    endloop
  endfacet
  facet normal -0.857736 -0.514091 0
    outer loop
      vertex 7.35424 -1.41419 1.5
      vertex 7.50559 -1.66671 0
      vertex 7.50559 -1.66671 1.5
    endloop
  endfacet
  facet normal -0.427569 -0.903983 0
    outer loop
      vertex 8.58581 -2.64576 0
      vertex 8.85195 -2.77164 1.5
      vertex 8.58581 -2.64576 1.5
    endloop
  endfacet
  facet normal -0.427569 -0.903983 -0
    outer loop
      vertex 8.85195 -2.77164 1.5
      vertex 8.58581 -2.64576 0
      vertex 8.85195 -2.77164 0
    endloop
  endfacet
  facet normal -0.740952 -0.671558 0
    outer loop
      vertex 7.87868 -2.12132 0
      vertex 7.68097 -1.90318 1.5
      vertex 7.68097 -1.90318 0
    endloop
  endfacet
  facet normal -0.740952 -0.671558 0
    outer loop
      vertex 7.68097 -1.90318 1.5
      vertex 7.87868 -2.12132 0
      vertex 7.87868 -2.12132 1.5
    endloop
  endfacet
  facet normal -0.336879 0.941548 0
    outer loop
      vertex 9.12915 2.87082 0
      vertex 8.85195 2.77164 1.5
      vertex 9.12915 2.87082 1.5
    endloop
  endfacet
  facet normal -0.336879 0.941548 0
    outer loop
      vertex 8.85195 2.77164 1.5
      vertex 9.12915 2.87082 0
      vertex 8.85195 2.77164 0
    endloop
  endfacet
  facet normal -0.514091 -0.857736 0
    outer loop
      vertex 8.33329 -2.49441 0
      vertex 8.58581 -2.64576 1.5
      vertex 8.33329 -2.49441 1.5
    endloop
  endfacet
  facet normal -0.514091 -0.857736 -0
    outer loop
      vertex 8.58581 -2.64576 1.5
      vertex 8.33329 -2.49441 0
      vertex 8.58581 -2.64576 0
    endloop
  endfacet
  facet normal 0.595655 -0.803241 0
    outer loop
      vertex 11.6667 -2.49441 0
      vertex 11.9032 -2.31903 1.5
      vertex 11.6667 -2.49441 1.5
    endloop
  endfacet
  facet normal 0.595655 -0.803241 0
    outer loop
      vertex 11.9032 -2.31903 1.5
      vertex 11.6667 -2.49441 0
      vertex 11.9032 -2.31903 0
    endloop
  endfacet
  facet normal -0.0490821 0.998795 0
    outer loop
      vertex 10 3 0
      vertex 9.70595 2.98555 1.5
      vertex 10 3 1.5
    endloop
  endfacet
  facet normal -0.0490821 0.998795 0
    outer loop
      vertex 9.70595 2.98555 1.5
      vertex 10 3 0
      vertex 9.70595 2.98555 0
    endloop
  endfacet
  facet normal -0.970027 0.242998 0
    outer loop
      vertex 7.05764 0.585271 0
      vertex 7.12918 0.870853 1.5
      vertex 7.12918 0.870853 0
    endloop
  endfacet
  facet normal -0.970027 0.242998 0
    outer loop
      vertex 7.12918 0.870853 1.5
      vertex 7.05764 0.585271 0
      vertex 7.05764 0.585271 1.5
    endloop
  endfacet
  facet normal -0.941547 0.336882 0
    outer loop
      vertex 7.12918 0.870853 0
      vertex 7.22836 1.14805 1.5
      vertex 7.22836 1.14805 0
    endloop
  endfacet
  facet normal -0.941547 0.336882 0
    outer loop
      vertex 7.22836 1.14805 1.5
      vertex 7.12918 0.870853 0
      vertex 7.12918 0.870853 1.5
    endloop
  endfacet
  facet normal 0.336986 0.94151 -0
    outer loop
      vertex 11.148 2.77164 0
      vertex 10.8709 2.87082 1.5
      vertex 11.148 2.77164 1.5
    endloop
  endfacet
  facet normal 0.336986 0.94151 0
    outer loop
      vertex 10.8709 2.87082 1.5
      vertex 11.148 2.77164 0
      vertex 10.8709 2.87082 0
    endloop
  endfacet
  facet normal -0.803204 -0.595703 0
    outer loop
      vertex 7.68097 -1.90318 0
      vertex 7.50559 -1.66671 1.5
      vertex 7.50559 -1.66671 0
    endloop
  endfacet
  facet normal -0.803204 -0.595703 0
    outer loop
      vertex 7.50559 -1.66671 1.5
      vertex 7.68097 -1.90318 0
      vertex 7.68097 -1.90318 1.5
    endloop
  endfacet
  facet normal -0.989181 -0.146703 0
    outer loop
      vertex 7.05764 -0.585271 0
      vertex 7.01445 -0.294051 1.5
      vertex 7.01445 -0.294051 0
    endloop
  endfacet
  facet normal -0.989181 -0.146703 0
    outer loop
      vertex 7.01445 -0.294051 1.5
      vertex 7.05764 -0.585271 0
      vertex 7.05764 -0.585271 1.5
    endloop
  endfacet
  facet normal -0.903983 0.427569 0
    outer loop
      vertex 7.22836 1.14805 0
      vertex 7.35424 1.41419 1.5
      vertex 7.35424 1.41419 0
    endloop
  endfacet
  facet normal -0.903983 0.427569 0
    outer loop
      vertex 7.35424 1.41419 1.5
      vertex 7.22836 1.14805 0
      vertex 7.22836 1.14805 1.5
    endloop
  endfacet
  facet normal 0 0 -1
    outer loop
      vertex 12.9856 -0.294051 0
      vertex 12.9856 0.294051 0
      vertex 13 0 0
    endloop
  endfacet
  facet normal 0 0 -1
    outer loop
      vertex 12.9424 -0.585271 0
      vertex 12.9856 0.294051 0
      vertex 12.9856 -0.294051 0
    endloop
  endfacet
  facet normal 0 0 -1
    outer loop
      vertex 12.9424 -0.585271 0
      vertex 12.9424 0.585271 0
      vertex 12.9856 0.294051 0
    endloop
  endfacet
  facet normal 0 0 -1
    outer loop
      vertex 12.8708 -0.870853 0
      vertex 12.9424 0.585271 0
      vertex 12.9424 -0.585271 0
    endloop
  endfacet
  facet normal 0 0 -1
    outer loop
      vertex 12.8708 -0.870853 0
      vertex 12.8708 0.870853 0
      vertex 12.9424 0.585271 0
    endloop
  endfacet
  facet normal 0 0 -1
    outer loop
      vertex 12.7716 -1.14805 0
      vertex 12.8708 0.870853 0
      vertex 12.8708 -0.870853 0
    endloop
  endfacet
  facet normal 0 0 -1
    outer loop
      vertex 12.7716 -1.14805 0
      vertex 12.7716 1.14805 0
      vertex 12.8708 0.870853 0
    endloop
  endfacet
  facet normal 0 0 -1
    outer loop
      vertex 12.6458 -1.41419 0
      vertex 12.7716 1.14805 0
      vertex 12.7716 -1.14805 0
    endloop
  endfacet
  facet normal 0 0 -1
    outer loop
      vertex 12.6458 -1.41419 0
      vertex 12.6458 1.41419 0
      vertex 12.7716 1.14805 0
    endloop
  endfacet
  facet normal 0 0 -1
    outer loop
      vertex 12.4944 -1.66671 0
      vertex 12.6458 1.41419 0
      vertex 12.6458 -1.41419 0
    endloop
  endfacet
  facet normal 0 0 -1
    outer loop
      vertex 12.4944 -1.66671 0
      vertex 12.4944 1.66671 0
      vertex 12.6458 1.41419 0
    endloop
  endfacet
  facet normal 0 0 -1
    outer loop
      vertex 12.319 -1.90318 0
      vertex 12.4944 1.66671 0
      vertex 12.4944 -1.66671 0
    endloop
  endfacet
  facet normal 0 0 -1
    outer loop
      vertex 12.319 -1.90318 0
      vertex 12.319 1.90318 0
      vertex 12.4944 1.66671 0
    endloop
  endfacet
  facet normal 0 0 -1
    outer loop
      vertex 12.1213 -2.12132 0
      vertex 12.319 1.90318 0
      vertex 12.319 -1.90318 0
    endloop
  endfacet
  facet normal 0 0 -1
    outer loop
      vertex 12.1213 -2.12132 0
      vertex 12.1213 2.12132 0
      vertex 12.319 1.90318 0
    endloop
  endfacet
  facet normal 0 0 -1
    outer loop
      vertex 11.9032 -2.31903 0
      vertex 12.1213 2.12132 0
      vertex 12.1213 -2.12132 0
    endloop
  endfacet
  facet normal 0 0 -1
    outer loop
      vertex 11.9032 -2.31903 0
      vertex 11.9032 2.31903 0
      vertex 12.1213 2.12132 0
    endloop
  endfacet
  facet normal 0 0 -1
    outer loop
      vertex 11.6667 -2.49441 0
      vertex 11.9032 2.31903 0
      vertex 11.9032 -2.31903 0
    endloop
  endfacet
  facet normal 0 0 -1
    outer loop
      vertex 11.6667 -2.49441 0
      vertex 11.6667 2.49441 0
      vertex 11.9032 2.31903 0
    endloop
  endfacet
  facet normal 0 0 -1
    outer loop
      vertex 11.4142 -2.64576 0
      vertex 11.6667 2.49441 0
      vertex 11.6667 -2.49441 0
    endloop
  endfacet
  facet normal 0 0 -1
    outer loop
      vertex 11.4142 -2.64576 0
      vertex 11.4142 2.64576 0
      vertex 11.6667 2.49441 0
    endloop
  endfacet
  facet normal 0 0 -1
    outer loop
      vertex 11.148 -2.77164 0
      vertex 11.4142 2.64576 0
      vertex 11.4142 -2.64576 0
    endloop
  endfacet
  facet normal 0 0 -1
    outer loop
      vertex 11.148 -2.77164 0
      vertex 11.148 2.77164 0
      vertex 11.4142 2.64576 0
    endloop
  endfacet
  facet normal 0 0 -1
    outer loop
      vertex 10.8709 -2.87082 0
      vertex 11.148 2.77164 0
      vertex 11.148 -2.77164 0
    endloop
  endfacet
  facet normal 0 0 -1
    outer loop
      vertex 10.8709 -2.87082 0
      vertex 10.8709 2.87082 0
      vertex 11.148 2.77164 0
    endloop
  endfacet
  facet normal 0 0 -1
    outer loop
      vertex 10.5853 -2.94236 0
      vertex 10.8709 2.87082 0
      vertex 10.8709 -2.87082 0
    endloop
  endfacet
  facet normal 0 0 -1
    outer loop
      vertex 10.5853 -2.94236 0
      vertex 10.5853 2.94236 0
      vertex 10.8709 2.87082 0
    endloop
  endfacet
  facet normal 0 0 -1
    outer loop
      vertex 10.2941 -2.98555 0
      vertex 10.5853 2.94236 0
      vertex 10.5853 -2.94236 0
    endloop
  endfacet
  facet normal 0 0 -1
    outer loop
      vertex 10.2941 -2.98555 0
      vertex 10.2941 2.98555 0
      vertex 10.5853 2.94236 0
    endloop
  endfacet
  facet normal 0 0 -1
    outer loop
      vertex 10 -3 0
      vertex 10.2941 2.98555 0
      vertex 10.2941 -2.98555 0
    endloop
  endfacet
  facet normal 0 0 -1
    outer loop
      vertex 10 -3 0
      vertex 10 3 0
      vertex 10.2941 2.98555 0
    endloop
  endfacet
  facet normal 0 0 -1
    outer loop
      vertex 9.70595 -2.98555 0
      vertex 10 3 0
      vertex 10 -3 0
    endloop
  endfacet
  facet normal 0 0 -1
    outer loop
      vertex 9.70595 -2.98555 0
      vertex 9.70595 2.98555 0
      vertex 10 3 0
    endloop
  endfacet
  facet normal 0 0 -1
    outer loop
      vertex 9.41473 -2.94236 0
      vertex 9.70595 2.98555 0
      vertex 9.70595 -2.98555 0
    endloop
  endfacet
  facet normal 0 0 -1
    outer loop
      vertex 9.41473 -2.94236 0
      vertex 9.41473 2.94236 0
      vertex 9.70595 2.98555 0
    endloop
  endfacet
  facet normal 0 0 -1
    outer loop
      vertex 9.12915 -2.87082 0
      vertex 9.41473 2.94236 0
      vertex 9.41473 -2.94236 0
    endloop
  endfacet
  facet normal 0 0 -1
    outer loop
      vertex 9.12915 -2.87082 0
      vertex 9.12915 2.87082 0
      vertex 9.41473 2.94236 0
    endloop
  endfacet
  facet normal 0 0 -1
    outer loop
      vertex 8.85195 -2.77164 0
      vertex 9.12915 2.87082 0
      vertex 9.12915 -2.87082 0
    endloop
  endfacet
  facet normal 0 0 -1
    outer loop
      vertex 8.85195 -2.77164 0
      vertex 8.85195 2.77164 0
      vertex 9.12915 2.87082 0
    endloop
  endfacet
  facet normal 0 0 -1
    outer loop
      vertex 8.58581 -2.64576 0
      vertex 8.85195 2.77164 0
      vertex 8.85195 -2.77164 0
    endloop
  endfacet
  facet normal 0 0 -1
    outer loop
      vertex 8.58581 -2.64576 0
      vertex 8.58581 2.64576 0
      vertex 8.85195 2.77164 0
    endloop
  endfacet
  facet normal 0 0 -1
    outer loop
      vertex 8.33329 -2.49441 0
      vertex 8.58581 2.64576 0
      vertex 8.58581 -2.64576 0
    endloop
  endfacet
  facet normal 0 0 -1
    outer loop
      vertex 8.33329 -2.49441 0
      vertex 8.33329 2.49441 0
      vertex 8.58581 2.64576 0
    endloop
  endfacet
  facet normal 0 0 -1
    outer loop
      vertex 8.09682 -2.31903 0
      vertex 8.33329 2.49441 0
      vertex 8.33329 -2.49441 0
    endloop
  endfacet
  facet normal 0 0 -1
    outer loop
      vertex 8.09682 -2.31903 0
      vertex 8.09682 2.31903 0
      vertex 8.33329 2.49441 0
    endloop
  endfacet
  facet normal 0 0 -1
    outer loop
      vertex 7.87868 -2.12132 0
      vertex 8.09682 2.31903 0
      vertex 8.09682 -2.31903 0
    endloop
  endfacet
  facet normal 0 0 -1
    outer loop
      vertex 7.87868 -2.12132 0
      vertex 7.87868 2.12132 0
      vertex 8.09682 2.31903 0
    endloop
  endfacet
  facet normal 0 0 -1
    outer loop
      vertex 7.68097 -1.90318 0
      vertex 7.87868 2.12132 0
      vertex 7.87868 -2.12132 0
    endloop
  endfacet
  facet normal 0 0 -1
    outer loop
      vertex 7.68097 -1.90318 0
      vertex 7.68097 1.90318 0
      vertex 7.87868 2.12132 0
    endloop
  endfacet
  facet normal 0 0 -1
    outer loop
      vertex 7.50559 -1.66671 0
      vertex 7.68097 1.90318 0
      vertex 7.68097 -1.90318 0
    endloop
  endfacet
  facet normal 0 0 -1
    outer loop
      vertex 7.50559 -1.66671 0
      vertex 7.50559 1.66671 0
      vertex 7.68097 1.90318 0
    endloop
  endfacet
  facet normal 0 0 -1
    outer loop
      vertex 7.35424 -1.41419 0
      vertex 7.50559 1.66671 0
      vertex 7.50559 -1.66671 0
    endloop
  endfacet
  facet normal 0 0 -1
    outer loop
      vertex 7.35424 -1.41419 0
      vertex 7.35424 1.41419 0
      vertex 7.50559 1.66671 0
    endloop
  endfacet
  facet normal 0 0 -1
    outer loop
      vertex 7.22836 -1.14805 0
      vertex 7.35424 1.41419 0
      vertex 7.35424 -1.41419 0
    endloop
  endfacet
  facet normal 0 0 -1
    outer loop
      vertex 7.22836 -1.14805 0
      vertex 7.22836 1.14805 0
      vertex 7.35424 1.41419 0
    endloop
  endfacet
  facet normal 0 0 -1
    outer loop
      vertex 7.12918 -0.870853 0
      vertex 7.22836 1.14805 0
      vertex 7.22836 -1.14805 0
    endloop
  endfacet
  facet normal 0 0 -1
    outer loop
      vertex 7.12918 -0.870853 0
      vertex 7.12918 0.870853 0
      vertex 7.22836 1.14805 0
    endloop
  endfacet
  facet normal 0 0 -1
    outer loop
      vertex 7.05764 -0.585271 0
      vertex 7.12918 0.870853 0
      vertex 7.12918 -0.870853 0
    endloop
  endfacet
  facet normal 0 0 -1
    outer loop
      vertex 7.05764 -0.585271 0
      vertex 7.05764 0.585271 0
      vertex 7.12918 0.870853 0
    endloop
  endfacet
  facet normal 0 0 -1
    outer loop
      vertex 7.01445 -0.294051 0
      vertex 7.05764 0.585271 0
      vertex 7.05764 -0.585271 0
    endloop
  endfacet
  facet normal 0 0 -1
    outer loop
      vertex 7.01445 -0.294051 0
      vertex 7.01445 0.294051 0
      vertex 7.05764 0.585271 0
    endloop
  endfacet
  facet normal 0 -0 -1
    outer loop
      vertex 7.01445 0.294051 0
      vertex 7.01445 -0.294051 0
      vertex 7 0 0
    endloop
  endfacet
  facet normal -0.671558 -0.740952 0
    outer loop
      vertex 7.87868 -2.12132 0
      vertex 8.09682 -2.31903 1.5
      vertex 7.87868 -2.12132 1.5
    endloop
  endfacet
  facet normal -0.671558 -0.740952 -0
    outer loop
      vertex 8.09682 -2.31903 1.5
      vertex 7.87868 -2.12132 0
      vertex 8.09682 -2.31903 0
    endloop
  endfacet
  facet normal -0.803204 0.595703 0
    outer loop
      vertex 7.50559 1.66671 0
      vertex 7.68097 1.90318 1.5
      vertex 7.68097 1.90318 0
    endloop
  endfacet
  facet normal -0.803204 0.595703 0
    outer loop
      vertex 7.68097 1.90318 1.5
      vertex 7.50559 1.66671 0
      vertex 7.50559 1.66671 1.5
    endloop
  endfacet
  facet normal -0.0490821 -0.998795 0
    outer loop
      vertex 9.70595 -2.98555 0
      vertex 10 -3 1.5
      vertex 9.70595 -2.98555 1.5
    endloop
  endfacet
  facet normal -0.0490821 -0.998795 -0
    outer loop
      vertex 10 -3 1.5
      vertex 9.70595 -2.98555 0
      vertex 10 -3 0
    endloop
  endfacet
  facet normal -0.146703 -0.989181 0
    outer loop
      vertex 9.41473 -2.94236 0
      vertex 9.70595 -2.98555 1.5
      vertex 9.41473 -2.94236 1.5
    endloop
  endfacet
  facet normal -0.146703 -0.989181 -0
    outer loop
      vertex 9.70595 -2.98555 1.5
      vertex 9.41473 -2.94236 0
      vertex 9.70595 -2.98555 0
    endloop
  endfacet
  facet normal -0.989181 0.146703 0
    outer loop
      vertex 7.01445 0.294051 0
      vertex 7.05764 0.585271 1.5
      vertex 7.05764 0.585271 0
    endloop
  endfacet
  facet normal -0.989181 0.146703 0
    outer loop
      vertex 7.05764 0.585271 1.5
      vertex 7.01445 0.294051 0
      vertex 7.01445 0.294051 1.5
    endloop
  endfacet
  facet normal -0.998795 0.0490819 0
    outer loop
      vertex 7 0 0
      vertex 7.01445 0.294051 1.5
      vertex 7.01445 0.294051 0
    endloop
  endfacet
  facet normal -0.998795 0.0490819 0
    outer loop
      vertex 7.01445 0.294051 1.5
      vertex 7 0 0
      vertex 7 0 1.5
    endloop
  endfacet
  facet normal -0.336879 -0.941548 0
    outer loop
      vertex 8.85195 -2.77164 0
      vertex 9.12915 -2.87082 1.5
      vertex 8.85195 -2.77164 1.5
    endloop
  endfacet
  facet normal -0.336879 -0.941548 -0
    outer loop
      vertex 9.12915 -2.87082 1.5
      vertex 8.85195 -2.77164 0
      vertex 9.12915 -2.87082 0
    endloop
  endfacet
  facet normal 0.671625 -0.740891 0
    outer loop
      vertex 11.9032 -2.31903 0
      vertex 12.1213 -2.12132 1.5
      vertex 11.9032 -2.31903 1.5
    endloop
  endfacet
  facet normal 0.671625 -0.740891 0
    outer loop
      vertex 12.1213 -2.12132 1.5
      vertex 11.9032 -2.31903 0
      vertex 12.1213 -2.12132 0
    endloop
  endfacet
  facet normal 0 0 1
    outer loop
      vertex 11.75 0 1.5
      vertex 13 0 1.5
      vertex 12.9856 0.294051 1.5
    endloop
  endfacet
  facet normal 0 0 1
    outer loop
      vertex 11.7416 0.17153 1.5
      vertex 12.9856 0.294051 1.5
      vertex 12.9424 0.585271 1.5
    endloop
  endfacet
  facet normal 0 0 1
    outer loop
      vertex 13 0 1.5
      vertex 11.75 0 1.5
      vertex 12.9856 -0.294051 1.5
    endloop
  endfacet
  facet normal 0 0 1
    outer loop
      vertex 11.7164 0.341408 1.5
      vertex 12.9424 0.585271 1.5
      vertex 12.8708 0.870853 1.5
    endloop
  endfacet
  facet normal -0 0 1
    outer loop
      vertex 11.7416 -0.17153 1.5
      vertex 12.9856 -0.294051 1.5
      vertex 11.75 0 1.5
    endloop
  endfacet
  facet normal 0 0 1
    outer loop
      vertex 11.6746 0.507998 1.5
      vertex 12.8708 0.870853 1.5
      vertex 12.7716 1.14805 1.5
    endloop
  endfacet
  facet normal 0 0 1
    outer loop
      vertex 12.9856 -0.294051 1.5
      vertex 11.7416 -0.17153 1.5
      vertex 12.9424 -0.585271 1.5
    endloop
  endfacet
  facet normal 0 0 1
    outer loop
      vertex 11.6168 0.669696 1.5
      vertex 12.7716 1.14805 1.5
      vertex 12.6458 1.41419 1.5
    endloop
  endfacet
  facet normal -0 0 1
    outer loop
      vertex 11.7164 -0.341408 1.5
      vertex 12.9424 -0.585271 1.5
      vertex 11.7416 -0.17153 1.5
    endloop
  endfacet
  facet normal 0 0 1
    outer loop
      vertex 11.5434 0.824944 1.5
      vertex 12.6458 1.41419 1.5
      vertex 12.4944 1.66671 1.5
    endloop
  endfacet
  facet normal 0 0 1
    outer loop
      vertex 12.9424 -0.585271 1.5
      vertex 11.7164 -0.341408 1.5
      vertex 12.8708 -0.870853 1.5
    endloop
  endfacet
  facet normal 0 0 1
    outer loop
      vertex 11.4551 0.972247 1.5
      vertex 12.4944 1.66671 1.5
      vertex 12.319 1.90318 1.5
    endloop
  endfacet
  facet normal -0 0 1
    outer loop
      vertex 11.6746 -0.507998 1.5
      vertex 12.8708 -0.870853 1.5
      vertex 11.7164 -0.341408 1.5
    endloop
  endfacet
  facet normal 0 0 1
    outer loop
      vertex 11.3528 1.11019 1.5
      vertex 12.319 1.90318 1.5
      vertex 12.1213 2.12132 1.5
    endloop
  endfacet
  facet normal 0 0 1
    outer loop
      vertex 12.8708 -0.870853 1.5
      vertex 11.6746 -0.507998 1.5
      vertex 12.7716 -1.14805 1.5
    endloop
  endfacet
  facet normal 0 0 1
    outer loop
      vertex 11.2374 1.23744 1.5
      vertex 12.1213 2.12132 1.5
      vertex 11.9032 2.31903 1.5
    endloop
  endfacet
  facet normal -0 0 1
    outer loop
      vertex 11.6168 -0.669696 1.5
      vertex 12.7716 -1.14805 1.5
      vertex 11.6746 -0.507998 1.5
    endloop
  endfacet
  facet normal 0 0 1
    outer loop
      vertex 12.7716 -1.14805 1.5
      vertex 11.6168 -0.669696 1.5
      vertex 12.6458 -1.41419 1.5
    endloop
  endfacet
  facet normal 0 0 1
    outer loop
      vertex 12.9856 0.294051 1.5
      vertex 11.7416 0.17153 1.5
      vertex 11.75 0 1.5
    endloop
  endfacet
  facet normal 0 0 1
    outer loop
      vertex 12.9424 0.585271 1.5
      vertex 11.7164 0.341408 1.5
      vertex 11.7416 0.17153 1.5
    endloop
  endfacet
  facet normal 0 0 1
    outer loop
      vertex 12.8708 0.870853 1.5
      vertex 11.6746 0.507998 1.5
      vertex 11.7164 0.341408 1.5
    endloop
  endfacet
  facet normal 0 0 1
    outer loop
      vertex 11.1102 1.35277 1.5
      vertex 11.9032 2.31903 1.5
      vertex 11.6667 2.49441 1.5
    endloop
  endfacet
  facet normal 0 0 1
    outer loop
      vertex 12.7716 1.14805 1.5
      vertex 11.6168 0.669696 1.5
      vertex 11.6746 0.507998 1.5
    endloop
  endfacet
  facet normal 0 0 1
    outer loop
      vertex 12.6458 1.41419 1.5
      vertex 11.5434 0.824944 1.5
      vertex 11.6168 0.669696 1.5
    endloop
  endfacet
  facet normal 0 0 1
    outer loop
      vertex 12.4944 1.66671 1.5
      vertex 11.4551 0.972247 1.5
      vertex 11.5434 0.824944 1.5
    endloop
  endfacet
  facet normal 0 0 1
    outer loop
      vertex 10.9722 1.45507 1.5
      vertex 11.6667 2.49441 1.5
      vertex 11.4142 2.64576 1.5
    endloop
  endfacet
  facet normal 0 0 1
    outer loop
      vertex 12.319 1.90318 1.5
      vertex 11.3528 1.11019 1.5
      vertex 11.4551 0.972247 1.5
    endloop
  endfacet
  facet normal 0 0 1
    outer loop
      vertex 12.1213 2.12132 1.5
      vertex 11.2374 1.23744 1.5
      vertex 11.3528 1.11019 1.5
    endloop
  endfacet
  facet normal 0 0 1
    outer loop
      vertex 10.8249 1.54336 1.5
      vertex 11.4142 2.64576 1.5
      vertex 11.148 2.77164 1.5
    endloop
  endfacet
  facet normal 0 0 1
    outer loop
      vertex 11.9032 2.31903 1.5
      vertex 11.1102 1.35277 1.5
      vertex 11.2374 1.23744 1.5
    endloop
  endfacet
  facet normal 0 0 1
    outer loop
      vertex 11.6667 2.49441 1.5
      vertex 10.9722 1.45507 1.5
      vertex 11.1102 1.35277 1.5
    endloop
  endfacet
  facet normal 0 0 1
    outer loop
      vertex 10.6697 1.61679 1.5
      vertex 11.148 2.77164 1.5
      vertex 10.8709 2.87082 1.5
    endloop
  endfacet
  facet normal 0 0 1
    outer loop
      vertex 11.4142 2.64576 1.5
      vertex 10.8249 1.54336 1.5
      vertex 10.9722 1.45507 1.5
    endloop
  endfacet
  facet normal 0 0 1
    outer loop
      vertex 11.148 2.77164 1.5
      vertex 10.6697 1.61679 1.5
      vertex 10.8249 1.54336 1.5
    endloop
  endfacet
  facet normal 0 0 1
    outer loop
      vertex 10.508 1.67465 1.5
      vertex 10.8709 2.87082 1.5
      vertex 10.5853 2.94236 1.5
    endloop
  endfacet
  facet normal 0 0 1
    outer loop
      vertex 10.8709 2.87082 1.5
      vertex 10.508 1.67465 1.5
      vertex 10.6697 1.61679 1.5
    endloop
  endfacet
  facet normal 0 0 1
    outer loop
      vertex 10.5853 2.94236 1.5
      vertex 10.3414 1.71637 1.5
      vertex 10.508 1.67465 1.5
    endloop
  endfacet
  facet normal 0 0 1
    outer loop
      vertex 10.2941 2.98555 1.5
      vertex 10.3414 1.71637 1.5
      vertex 10.5853 2.94236 1.5
    endloop
  endfacet
  facet normal 0 0 1
    outer loop
      vertex 10.2941 2.98555 1.5
      vertex 10.1715 1.74157 1.5
      vertex 10.3414 1.71637 1.5
    endloop
  endfacet
  facet normal 0 0 1
    outer loop
      vertex 10 3 1.5
      vertex 10.1715 1.74157 1.5
      vertex 10.2941 2.98555 1.5
    endloop
  endfacet
  facet normal 0 0 1
    outer loop
      vertex 10 3 1.5
      vertex 10 1.75 1.5
      vertex 10.1715 1.74157 1.5
    endloop
  endfacet
  facet normal 0 0 1
    outer loop
      vertex 10 3 1.5
      vertex 9.82847 1.74157 1.5
      vertex 10 1.75 1.5
    endloop
  endfacet
  facet normal -0 0 1
    outer loop
      vertex 9.70595 2.98555 1.5
      vertex 9.82847 1.74157 1.5
      vertex 10 3 1.5
    endloop
  endfacet
  facet normal 0 0 1
    outer loop
      vertex 9.70595 2.98555 1.5
      vertex 9.65859 1.71637 1.5
      vertex 9.82847 1.74157 1.5
    endloop
  endfacet
  facet normal -0 0 1
    outer loop
      vertex 9.41473 2.94236 1.5
      vertex 9.65859 1.71637 1.5
      vertex 9.70595 2.98555 1.5
    endloop
  endfacet
  facet normal 0 0 1
    outer loop
      vertex 9.65859 1.71637 1.5
      vertex 9.41473 2.94236 1.5
      vertex 9.492 1.67465 1.5
    endloop
  endfacet
  facet normal -0 0 1
    outer loop
      vertex 9.12915 2.87082 1.5
      vertex 9.492 1.67465 1.5
      vertex 9.41473 2.94236 1.5
    endloop
  endfacet
  facet normal 0 0 1
    outer loop
      vertex 9.492 1.67465 1.5
      vertex 9.12915 2.87082 1.5
      vertex 9.3303 1.61679 1.5
    endloop
  endfacet
  facet normal -0 0 1
    outer loop
      vertex 8.85195 2.77164 1.5
      vertex 9.3303 1.61679 1.5
      vertex 9.12915 2.87082 1.5
    endloop
  endfacet
  facet normal 0 0 1
    outer loop
      vertex 9.3303 1.61679 1.5
      vertex 8.85195 2.77164 1.5
      vertex 9.17506 1.54336 1.5
    endloop
  endfacet
  facet normal -0 0 1
    outer loop
      vertex 8.58581 2.64576 1.5
      vertex 9.17506 1.54336 1.5
      vertex 8.85195 2.77164 1.5
    endloop
  endfacet
  facet normal 0 0 1
    outer loop
      vertex 9.17506 1.54336 1.5
      vertex 8.58581 2.64576 1.5
      vertex 9.02775 1.45507 1.5
    endloop
  endfacet
  facet normal -0 0 1
    outer loop
      vertex 8.33329 2.49441 1.5
      vertex 9.02775 1.45507 1.5
      vertex 8.58581 2.64576 1.5
    endloop
  endfacet
  facet normal 0 0 1
    outer loop
      vertex 9.02775 1.45507 1.5
      vertex 8.33329 2.49441 1.5
      vertex 8.88981 1.35277 1.5
    endloop
  endfacet
  facet normal -0 0 1
    outer loop
      vertex 8.09682 2.31903 1.5
      vertex 8.88981 1.35277 1.5
      vertex 8.33329 2.49441 1.5
    endloop
  endfacet
  facet normal 0 0 1
    outer loop
      vertex 8.88981 1.35277 1.5
      vertex 8.09682 2.31903 1.5
      vertex 8.76256 1.23744 1.5
    endloop
  endfacet
  facet normal -0 0 1
    outer loop
      vertex 7.87868 2.12132 1.5
      vertex 8.76256 1.23744 1.5
      vertex 8.09682 2.31903 1.5
    endloop
  endfacet
  facet normal 0 0 1
    outer loop
      vertex 8.76256 1.23744 1.5
      vertex 7.87868 2.12132 1.5
      vertex 8.64723 1.11019 1.5
    endloop
  endfacet
  facet normal -0 0 1
    outer loop
      vertex 7.68097 1.90318 1.5
      vertex 8.64723 1.11019 1.5
      vertex 7.87868 2.12132 1.5
    endloop
  endfacet
  facet normal 0 0 1
    outer loop
      vertex 8.64723 1.11019 1.5
      vertex 7.68097 1.90318 1.5
      vertex 8.54493 0.972247 1.5
    endloop
  endfacet
  facet normal -0 0 1
    outer loop
      vertex 7.50559 1.66671 1.5
      vertex 8.54493 0.972247 1.5
      vertex 7.68097 1.90318 1.5
    endloop
  endfacet
  facet normal 0 0 1
    outer loop
      vertex 8.54493 0.972247 1.5
      vertex 7.50559 1.66671 1.5
      vertex 8.45664 0.824944 1.5
    endloop
  endfacet
  facet normal -0 0 1
    outer loop
      vertex 7.35424 1.41419 1.5
      vertex 8.45664 0.824944 1.5
      vertex 7.50559 1.66671 1.5
    endloop
  endfacet
  facet normal 0 0 1
    outer loop
      vertex 8.45664 0.824944 1.5
      vertex 7.35424 1.41419 1.5
      vertex 8.38321 0.669696 1.5
    endloop
  endfacet
  facet normal -0 0 1
    outer loop
      vertex 11.5434 -0.824944 1.5
      vertex 12.6458 -1.41419 1.5
      vertex 11.6168 -0.669696 1.5
    endloop
  endfacet
  facet normal 0 0 1
    outer loop
      vertex 12.6458 -1.41419 1.5
      vertex 11.5434 -0.824944 1.5
      vertex 12.4944 -1.66671 1.5
    endloop
  endfacet
  facet normal -0 0 1
    outer loop
      vertex 11.4551 -0.972247 1.5
      vertex 12.4944 -1.66671 1.5
      vertex 11.5434 -0.824944 1.5
    endloop
  endfacet
  facet normal 0 0 1
    outer loop
      vertex 12.4944 -1.66671 1.5
      vertex 11.4551 -0.972247 1.5
      vertex 12.319 -1.90318 1.5
    endloop
  endfacet
  facet normal -0 0 1
    outer loop
      vertex 11.3528 -1.11019 1.5
      vertex 12.319 -1.90318 1.5
      vertex 11.4551 -0.972247 1.5
    endloop
  endfacet
  facet normal 0 0 1
    outer loop
      vertex 12.319 -1.90318 1.5
      vertex 11.3528 -1.11019 1.5
      vertex 12.1213 -2.12132 1.5
    endloop
  endfacet
  facet normal -0 0 1
    outer loop
      vertex 11.2374 -1.23744 1.5
      vertex 12.1213 -2.12132 1.5
      vertex 11.3528 -1.11019 1.5
    endloop
  endfacet
  facet normal 0 0 1
    outer loop
      vertex 12.1213 -2.12132 1.5
      vertex 11.2374 -1.23744 1.5
      vertex 11.9032 -2.31903 1.5
    endloop
  endfacet
  facet normal -0 0 1
    outer loop
      vertex 11.1102 -1.35277 1.5
      vertex 11.9032 -2.31903 1.5
      vertex 11.2374 -1.23744 1.5
    endloop
  endfacet
  facet normal 0 0 1
    outer loop
      vertex 11.9032 -2.31903 1.5
      vertex 11.1102 -1.35277 1.5
      vertex 11.6667 -2.49441 1.5
    endloop
  endfacet
  facet normal -0 0 1
    outer loop
      vertex 10.9722 -1.45507 1.5
      vertex 11.6667 -2.49441 1.5
      vertex 11.1102 -1.35277 1.5
    endloop
  endfacet
  facet normal 0 0 1
    outer loop
      vertex 11.6667 -2.49441 1.5
      vertex 10.9722 -1.45507 1.5
      vertex 11.4142 -2.64576 1.5
    endloop
  endfacet
  facet normal -0 0 1
    outer loop
      vertex 10.8249 -1.54336 1.5
      vertex 11.4142 -2.64576 1.5
      vertex 10.9722 -1.45507 1.5
    endloop
  endfacet
  facet normal 0 0 1
    outer loop
      vertex 11.4142 -2.64576 1.5
      vertex 10.8249 -1.54336 1.5
      vertex 11.148 -2.77164 1.5
    endloop
  endfacet
  facet normal -0 0 1
    outer loop
      vertex 10.6697 -1.61679 1.5
      vertex 11.148 -2.77164 1.5
      vertex 10.8249 -1.54336 1.5
    endloop
  endfacet
  facet normal 0 0 1
    outer loop
      vertex 11.148 -2.77164 1.5
      vertex 10.6697 -1.61679 1.5
      vertex 10.8709 -2.87082 1.5
    endloop
  endfacet
  facet normal -0 0 1
    outer loop
      vertex 10.508 -1.67465 1.5
      vertex 10.8709 -2.87082 1.5
      vertex 10.6697 -1.61679 1.5
    endloop
  endfacet
  facet normal 0 0 1
    outer loop
      vertex 10.8709 -2.87082 1.5
      vertex 10.508 -1.67465 1.5
      vertex 10.5853 -2.94236 1.5
    endloop
  endfacet
  facet normal -0 0 1
    outer loop
      vertex 10.3414 -1.71637 1.5
      vertex 10.5853 -2.94236 1.5
      vertex 10.508 -1.67465 1.5
    endloop
  endfacet
  facet normal 0 0 1
    outer loop
      vertex 10.3414 -1.71637 1.5
      vertex 10.2941 -2.98555 1.5
      vertex 10.5853 -2.94236 1.5
    endloop
  endfacet
  facet normal -0 0 1
    outer loop
      vertex 10.1715 -1.74157 1.5
      vertex 10.2941 -2.98555 1.5
      vertex 10.3414 -1.71637 1.5
    endloop
  endfacet
  facet normal -0 0 1
    outer loop
      vertex 10 -1.75 1.5
      vertex 10.2941 -2.98555 1.5
      vertex 10.1715 -1.74157 1.5
    endloop
  endfacet
  facet normal 0 0 1
    outer loop
      vertex 10 -1.75 1.5
      vertex 10 -3 1.5
      vertex 10.2941 -2.98555 1.5
    endloop
  endfacet
  facet normal 0 0 1
    outer loop
      vertex 9.82847 -1.74157 1.5
      vertex 10 -3 1.5
      vertex 10 -1.75 1.5
    endloop
  endfacet
  facet normal 0 0 1
    outer loop
      vertex 9.82847 -1.74157 1.5
      vertex 9.70595 -2.98555 1.5
      vertex 10 -3 1.5
    endloop
  endfacet
  facet normal 0 0 1
    outer loop
      vertex 9.65859 -1.71637 1.5
      vertex 9.70595 -2.98555 1.5
      vertex 9.82847 -1.74157 1.5
    endloop
  endfacet
  facet normal 0 0 1
    outer loop
      vertex 9.41473 -2.94236 1.5
      vertex 9.65859 -1.71637 1.5
      vertex 9.492 -1.67465 1.5
    endloop
  endfacet
  facet normal 0 0 1
    outer loop
      vertex 9.65859 -1.71637 1.5
      vertex 9.41473 -2.94236 1.5
      vertex 9.70595 -2.98555 1.5
    endloop
  endfacet
  facet normal 0 0 1
    outer loop
      vertex 9.12915 -2.87082 1.5
      vertex 9.492 -1.67465 1.5
      vertex 9.3303 -1.61679 1.5
    endloop
  endfacet
  facet normal 0 0 1
    outer loop
      vertex 8.85195 -2.77164 1.5
      vertex 9.3303 -1.61679 1.5
      vertex 9.17506 -1.54336 1.5
    endloop
  endfacet
  facet normal 0 0 1
    outer loop
      vertex 9.492 -1.67465 1.5
      vertex 9.12915 -2.87082 1.5
      vertex 9.41473 -2.94236 1.5
    endloop
  endfacet
  facet normal 0 0 1
    outer loop
      vertex 8.58581 -2.64576 1.5
      vertex 9.17506 -1.54336 1.5
      vertex 9.02775 -1.45507 1.5
    endloop
  endfacet
  facet normal 0 0 1
    outer loop
      vertex 8.33329 -2.49441 1.5
      vertex 9.02775 -1.45507 1.5
      vertex 8.88981 -1.35277 1.5
    endloop
  endfacet
  facet normal 0 0 1
    outer loop
      vertex 9.3303 -1.61679 1.5
      vertex 8.85195 -2.77164 1.5
      vertex 9.12915 -2.87082 1.5
    endloop
  endfacet
  facet normal 0 0 1
    outer loop
      vertex 8.09682 -2.31903 1.5
      vertex 8.88981 -1.35277 1.5
      vertex 8.76256 -1.23744 1.5
    endloop
  endfacet
  facet normal 0 0 1
    outer loop
      vertex 7.87868 -2.12132 1.5
      vertex 8.76256 -1.23744 1.5
      vertex 8.64723 -1.11019 1.5
    endloop
  endfacet
  facet normal 0 0 1
    outer loop
      vertex 9.17506 -1.54336 1.5
      vertex 8.58581 -2.64576 1.5
      vertex 8.85195 -2.77164 1.5
    endloop
  endfacet
  facet normal 0 0 1
    outer loop
      vertex 7.68097 -1.90318 1.5
      vertex 8.64723 -1.11019 1.5
      vertex 8.54493 -0.972247 1.5
    endloop
  endfacet
  facet normal 0 0 1
    outer loop
      vertex 7.50559 -1.66671 1.5
      vertex 8.54493 -0.972247 1.5
      vertex 8.45664 -0.824944 1.5
    endloop
  endfacet
  facet normal 0 0 1
    outer loop
      vertex 7.35424 -1.41419 1.5
      vertex 8.45664 -0.824944 1.5
      vertex 8.38321 -0.669696 1.5
    endloop
  endfacet
  facet normal 0 0 1
    outer loop
      vertex 9.02775 -1.45507 1.5
      vertex 8.33329 -2.49441 1.5
      vertex 8.58581 -2.64576 1.5
    endloop
  endfacet
  facet normal 0 0 1
    outer loop
      vertex 7.22836 -1.14805 1.5
      vertex 8.38321 -0.669696 1.5
      vertex 8.32535 -0.507998 1.5
    endloop
  endfacet
  facet normal 0 0 1
    outer loop
      vertex 7.12918 -0.870853 1.5
      vertex 8.32535 -0.507998 1.5
      vertex 8.28363 -0.341408 1.5
    endloop
  endfacet
  facet normal 0 0 1
    outer loop
      vertex 7.05764 -0.585271 1.5
      vertex 8.28363 -0.341408 1.5
      vertex 8.25843 -0.17153 1.5
    endloop
  endfacet
  facet normal 0 0 1
    outer loop
      vertex 7.01445 -0.294051 1.5
      vertex 8.25843 -0.17153 1.5
      vertex 8.25 0 1.5
    endloop
  endfacet
  facet normal -0 0 1
    outer loop
      vertex 7.22836 1.14805 1.5
      vertex 8.38321 0.669696 1.5
      vertex 7.35424 1.41419 1.5
    endloop
  endfacet
  facet normal 0 0 1
    outer loop
      vertex 8.88981 -1.35277 1.5
      vertex 8.09682 -2.31903 1.5
      vertex 8.33329 -2.49441 1.5
    endloop
  endfacet
  facet normal 0 0 1
    outer loop
      vertex 8.38321 0.669696 1.5
      vertex 7.22836 1.14805 1.5
      vertex 8.32535 0.507998 1.5
    endloop
  endfacet
  facet normal 0 0 1
    outer loop
      vertex 8.76256 -1.23744 1.5
      vertex 7.87868 -2.12132 1.5
      vertex 8.09682 -2.31903 1.5
    endloop
  endfacet
  facet normal -0 0 1
    outer loop
      vertex 7.12918 0.870853 1.5
      vertex 8.32535 0.507998 1.5
      vertex 7.22836 1.14805 1.5
    endloop
  endfacet
  facet normal 0 0 1
    outer loop
      vertex 8.64723 -1.11019 1.5
      vertex 7.68097 -1.90318 1.5
      vertex 7.87868 -2.12132 1.5
    endloop
  endfacet
  facet normal 0 0 1
    outer loop
      vertex 8.32535 0.507998 1.5
      vertex 7.12918 0.870853 1.5
      vertex 8.28363 0.341408 1.5
    endloop
  endfacet
  facet normal 0 0 1
    outer loop
      vertex 8.54493 -0.972247 1.5
      vertex 7.50559 -1.66671 1.5
      vertex 7.68097 -1.90318 1.5
    endloop
  endfacet
  facet normal -0 0 1
    outer loop
      vertex 7.05764 0.585271 1.5
      vertex 8.28363 0.341408 1.5
      vertex 7.12918 0.870853 1.5
    endloop
  endfacet
  facet normal 0 0 1
    outer loop
      vertex 8.45664 -0.824944 1.5
      vertex 7.35424 -1.41419 1.5
      vertex 7.50559 -1.66671 1.5
    endloop
  endfacet
  facet normal 0 0 1
    outer loop
      vertex 8.28363 0.341408 1.5
      vertex 7.05764 0.585271 1.5
      vertex 8.25843 0.17153 1.5
    endloop
  endfacet
  facet normal 0 0 1
    outer loop
      vertex 8.38321 -0.669696 1.5
      vertex 7.22836 -1.14805 1.5
      vertex 7.35424 -1.41419 1.5
    endloop
  endfacet
  facet normal -0 0 1
    outer loop
      vertex 7.01445 0.294051 1.5
      vertex 8.25843 0.17153 1.5
      vertex 7.05764 0.585271 1.5
    endloop
  endfacet
  facet normal 0 0 1
    outer loop
      vertex 8.32535 -0.507998 1.5
      vertex 7.12918 -0.870853 1.5
      vertex 7.22836 -1.14805 1.5
    endloop
  endfacet
  facet normal 0 0 1
    outer loop
      vertex 8.25843 0.17153 1.5
      vertex 7.01445 0.294051 1.5
      vertex 8.25 0 1.5
    endloop
  endfacet
  facet normal 0 0 1
    outer loop
      vertex 8.28363 -0.341408 1.5
      vertex 7.05764 -0.585271 1.5
      vertex 7.12918 -0.870853 1.5
    endloop
  endfacet
  facet normal 0 0 1
    outer loop
      vertex 7 0 1.5
      vertex 8.25 0 1.5
      vertex 7.01445 0.294051 1.5
    endloop
  endfacet
  facet normal 0 0 1
    outer loop
      vertex 8.25843 -0.17153 1.5
      vertex 7.01445 -0.294051 1.5
      vertex 7.05764 -0.585271 1.5
    endloop
  endfacet
  facet normal 0 0 1
    outer loop
      vertex 8.25 0 1.5
      vertex 7 0 1.5
      vertex 7.01445 -0.294051 1.5
    endloop
  endfacet
  facet normal 0.989176 0.146736 0
    outer loop
      vertex 11.7416 0.17153 4.6
      vertex 11.7164 0.341408 1.5
      vertex 11.7164 0.341408 4.6
    endloop
  endfacet
  facet normal 0.989176 0.146736 0
    outer loop
      vertex 11.7164 0.341408 1.5
      vertex 11.7416 0.17153 4.6
      vertex 11.7416 0.17153 1.5
    endloop
  endfacet
  facet normal 0.998803 0.0489124 0
    outer loop
      vertex 11.75 0 4.6
      vertex 11.7416 0.17153 1.5
      vertex 11.7416 0.17153 4.6
    endloop
  endfacet
  facet normal 0.998803 0.0489124 0
    outer loop
      vertex 11.7416 0.17153 1.5
      vertex 11.75 0 4.6
      vertex 11.75 0 1.5
    endloop
  endfacet
  facet normal 0.969933 0.243371 0
    outer loop
      vertex 11.7164 0.341408 4.6
      vertex 11.6746 0.507998 1.5
      vertex 11.6746 0.507998 4.6
    endloop
  endfacet
  facet normal 0.969933 0.243371 0
    outer loop
      vertex 11.6746 0.507998 1.5
      vertex 11.7164 0.341408 4.6
      vertex 11.7164 0.341408 1.5
    endloop
  endfacet
  facet normal 0.336904 -0.941539 0
    outer loop
      vertex 10.508 -1.67465 1.5
      vertex 10.6697 -1.61679 4.6
      vertex 10.508 -1.67465 4.6
    endloop
  endfacet
  facet normal 0.336904 -0.941539 0
    outer loop
      vertex 10.6697 -1.61679 4.6
      vertex 10.508 -1.67465 1.5
      vertex 10.6697 -1.61679 1.5
    endloop
  endfacet
  facet normal -0.67155 0.740959 0
    outer loop
      vertex 8.88981 1.35277 1.5
      vertex 8.76256 1.23744 4.6
      vertex 8.88981 1.35277 4.6
    endloop
  endfacet
  facet normal -0.67155 0.740959 0
    outer loop
      vertex 8.76256 1.23744 4.6
      vertex 8.88981 1.35277 1.5
      vertex 8.76256 1.23744 1.5
    endloop
  endfacet
  facet normal -0.970043 -0.242933 0
    outer loop
      vertex 8.32535 -0.507998 1.5
      vertex 8.28363 -0.341408 4.6
      vertex 8.28363 -0.341408 1.5
    endloop
  endfacet
  facet normal -0.970043 -0.242933 0
    outer loop
      vertex 8.28363 -0.341408 4.6
      vertex 8.32535 -0.507998 1.5
      vertex 8.32535 -0.507998 4.6
    endloop
  endfacet
  facet normal 0.427678 0.903931 -0
    outer loop
      vertex 10.8249 1.54336 1.5
      vertex 10.6697 1.61679 4.6
      vertex 10.8249 1.54336 4.6
    endloop
  endfacet
  facet normal 0.427678 0.903931 0
    outer loop
      vertex 10.6697 1.61679 4.6
      vertex 10.8249 1.54336 1.5
      vertex 10.6697 1.61679 1.5
    endloop
  endfacet
  facet normal -0.242933 -0.970043 0
    outer loop
      vertex 9.492 -1.67465 1.5
      vertex 9.65859 -1.71637 4.6
      vertex 9.492 -1.67465 4.6
    endloop
  endfacet
  facet normal -0.242933 -0.970043 -0
    outer loop
      vertex 9.65859 -1.71637 4.6
      vertex 9.492 -1.67465 1.5
      vertex 9.65859 -1.71637 1.5
    endloop
  endfacet
  facet normal -0.146734 -0.989176 0
    outer loop
      vertex 9.65859 -1.71637 1.5
      vertex 9.82847 -1.74157 4.6
      vertex 9.65859 -1.71637 4.6
    endloop
  endfacet
  facet normal -0.146734 -0.989176 -0
    outer loop
      vertex 9.82847 -1.74157 4.6
      vertex 9.65859 -1.71637 1.5
      vertex 9.82847 -1.74157 1.5
    endloop
  endfacet
  facet normal 0.242919 0.970047 -0
    outer loop
      vertex 10.508 1.67465 1.5
      vertex 10.3414 1.71637 4.6
      vertex 10.508 1.67465 4.6
    endloop
  endfacet
  facet normal 0.242919 0.970047 0
    outer loop
      vertex 10.3414 1.71637 4.6
      vertex 10.508 1.67465 1.5
      vertex 10.3414 1.71637 1.5
    endloop
  endfacet
  facet normal -0.740959 0.67155 0
    outer loop
      vertex 8.64723 1.11019 1.5
      vertex 8.76256 1.23744 4.6
      vertex 8.76256 1.23744 1.5
    endloop
  endfacet
  facet normal -0.740959 0.67155 0
    outer loop
      vertex 8.76256 1.23744 4.6
      vertex 8.64723 1.11019 1.5
      vertex 8.64723 1.11019 4.6
    endloop
  endfacet
  facet normal -0.336904 0.941539 0
    outer loop
      vertex 9.492 1.67465 1.5
      vertex 9.3303 1.61679 4.6
      vertex 9.492 1.67465 4.6
    endloop
  endfacet
  facet normal -0.336904 0.941539 0
    outer loop
      vertex 9.3303 1.61679 4.6
      vertex 9.492 1.67465 1.5
      vertex 9.3303 1.61679 1.5
    endloop
  endfacet
  facet normal 0.0490952 -0.998794 0
    outer loop
      vertex 10 -1.75 1.5
      vertex 10.1715 -1.74157 4.6
      vertex 10 -1.75 4.6
    endloop
  endfacet
  facet normal 0.0490952 -0.998794 0
    outer loop
      vertex 10.1715 -1.74157 4.6
      vertex 10 -1.75 1.5
      vertex 10.1715 -1.74157 1.5
    endloop
  endfacet
  facet normal -0.0490867 0.998795 0
    outer loop
      vertex 10 1.75 1.5
      vertex 9.82847 1.74157 4.6
      vertex 10 1.75 4.6
    endloop
  endfacet
  facet normal -0.0490867 0.998795 0
    outer loop
      vertex 9.82847 1.74157 4.6
      vertex 10 1.75 1.5
      vertex 9.82847 1.74157 1.5
    endloop
  endfacet
  facet normal -0.595687 -0.803217 0
    outer loop
      vertex 8.88981 -1.35277 1.5
      vertex 9.02775 -1.45507 4.6
      vertex 8.88981 -1.35277 4.6
    endloop
  endfacet
  facet normal -0.595687 -0.803217 -0
    outer loop
      vertex 9.02775 -1.45507 4.6
      vertex 8.88981 -1.35277 1.5
      vertex 9.02775 -1.45507 1.5
    endloop
  endfacet
  facet normal -0.903982 -0.42757 0
    outer loop
      vertex 8.45664 -0.824944 1.5
      vertex 8.38321 -0.669696 4.6
      vertex 8.38321 -0.669696 1.5
    endloop
  endfacet
  facet normal -0.903982 -0.42757 0
    outer loop
      vertex 8.38321 -0.669696 4.6
      vertex 8.45664 -0.824944 1.5
      vertex 8.45664 -0.824944 4.6
    endloop
  endfacet
  facet normal -0.146734 0.989176 0
    outer loop
      vertex 9.82847 1.74157 1.5
      vertex 9.65859 1.71637 4.6
      vertex 9.82847 1.74157 4.6
    endloop
  endfacet
  facet normal -0.146734 0.989176 0
    outer loop
      vertex 9.65859 1.71637 4.6
      vertex 9.82847 1.74157 1.5
      vertex 9.65859 1.71637 1.5
    endloop
  endfacet
  facet normal 0.51411 0.857724 -0
    outer loop
      vertex 10.9722 1.45507 1.5
      vertex 10.8249 1.54336 4.6
      vertex 10.9722 1.45507 4.6
    endloop
  endfacet
  facet normal 0.51411 0.857724 0
    outer loop
      vertex 10.8249 1.54336 4.6
      vertex 10.9722 1.45507 1.5
      vertex 10.8249 1.54336 1.5
    endloop
  endfacet
  facet normal -0.998795 -0.0490867 0
    outer loop
      vertex 8.25843 -0.17153 1.5
      vertex 8.25 0 4.6
      vertex 8.25 0 1.5
    endloop
  endfacet
  facet normal -0.998795 -0.0490867 0
    outer loop
      vertex 8.25 0 4.6
      vertex 8.25843 -0.17153 1.5
      vertex 8.25843 -0.17153 4.6
    endloop
  endfacet
  facet normal -0.336904 -0.941539 0
    outer loop
      vertex 9.3303 -1.61679 1.5
      vertex 9.492 -1.67465 4.6
      vertex 9.3303 -1.61679 4.6
    endloop
  endfacet
  facet normal -0.336904 -0.941539 -0
    outer loop
      vertex 9.492 -1.67465 4.6
      vertex 9.3303 -1.61679 1.5
      vertex 9.492 -1.67465 1.5
    endloop
  endfacet
  facet normal -0.903982 0.42757 0
    outer loop
      vertex 8.38321 0.669696 1.5
      vertex 8.45664 0.824944 4.6
      vertex 8.45664 0.824944 1.5
    endloop
  endfacet
  facet normal -0.903982 0.42757 0
    outer loop
      vertex 8.45664 0.824944 4.6
      vertex 8.38321 0.669696 1.5
      vertex 8.38321 0.669696 4.6
    endloop
  endfacet
  facet normal 0.969933 -0.243371 0
    outer loop
      vertex 11.6746 -0.507998 4.6
      vertex 11.7164 -0.341408 1.5
      vertex 11.7164 -0.341408 4.6
    endloop
  endfacet
  facet normal 0.969933 -0.243371 0
    outer loop
      vertex 11.7164 -0.341408 1.5
      vertex 11.6746 -0.507998 4.6
      vertex 11.6746 -0.507998 1.5
    endloop
  endfacet
  facet normal 0.671695 0.740828 -0
    outer loop
      vertex 11.2374 1.23744 1.5
      vertex 11.1102 1.35277 4.6
      vertex 11.2374 1.23744 4.6
    endloop
  endfacet
  facet normal 0.671695 0.740828 0
    outer loop
      vertex 11.1102 1.35277 4.6
      vertex 11.2374 1.23744 1.5
      vertex 11.1102 1.35277 1.5
    endloop
  endfacet
  facet normal 0.59552 0.803341 -0
    outer loop
      vertex 11.1102 1.35277 1.5
      vertex 10.9722 1.45507 4.6
      vertex 11.1102 1.35277 4.6
    endloop
  endfacet
  facet normal 0.59552 0.803341 0
    outer loop
      vertex 10.9722 1.45507 4.6
      vertex 11.1102 1.35277 1.5
      vertex 10.9722 1.45507 1.5
    endloop
  endfacet
  facet normal -0.595687 0.803217 0
    outer loop
      vertex 9.02775 1.45507 1.5
      vertex 8.88981 1.35277 4.6
      vertex 9.02775 1.45507 4.6
    endloop
  endfacet
  facet normal -0.595687 0.803217 0
    outer loop
      vertex 8.88981 1.35277 4.6
      vertex 9.02775 1.45507 1.5
      vertex 8.88981 1.35277 1.5
    endloop
  endfacet
  facet normal 0.51411 -0.857724 0
    outer loop
      vertex 10.8249 -1.54336 1.5
      vertex 10.9722 -1.45507 4.6
      vertex 10.8249 -1.54336 4.6
    endloop
  endfacet
  facet normal 0.51411 -0.857724 0
    outer loop
      vertex 10.9722 -1.45507 4.6
      vertex 10.8249 -1.54336 1.5
      vertex 10.9722 -1.45507 1.5
    endloop
  endfacet
  facet normal 0.740756 0.671774 0
    outer loop
      vertex 11.3528 1.11019 4.6
      vertex 11.2374 1.23744 1.5
      vertex 11.2374 1.23744 4.6
    endloop
  endfacet
  facet normal 0.740756 0.671774 0
    outer loop
      vertex 11.2374 1.23744 1.5
      vertex 11.3528 1.11019 4.6
      vertex 11.3528 1.11019 1.5
    endloop
  endfacet
  facet normal 0.803223 0.595679 0
    outer loop
      vertex 11.4551 0.972247 4.6
      vertex 11.3528 1.11019 1.5
      vertex 11.3528 1.11019 4.6
    endloop
  endfacet
  facet normal 0.803223 0.595679 0
    outer loop
      vertex 11.3528 1.11019 1.5
      vertex 11.4551 0.972247 4.6
      vertex 11.4551 0.972247 1.5
    endloop
  endfacet
  facet normal 0.989176 -0.146736 0
    outer loop
      vertex 11.7164 -0.341408 4.6
      vertex 11.7416 -0.17153 1.5
      vertex 11.7416 -0.17153 4.6
    endloop
  endfacet
  facet normal 0.989176 -0.146736 0
    outer loop
      vertex 11.7416 -0.17153 1.5
      vertex 11.7164 -0.341408 4.6
      vertex 11.7164 -0.341408 1.5
    endloop
  endfacet
  facet normal -0.941538 0.336908 0
    outer loop
      vertex 8.32535 0.507998 1.5
      vertex 8.38321 0.669696 4.6
      vertex 8.38321 0.669696 1.5
    endloop
  endfacet
  facet normal -0.941538 0.336908 0
    outer loop
      vertex 8.38321 0.669696 4.6
      vertex 8.32535 0.507998 1.5
      vertex 8.32535 0.507998 4.6
    endloop
  endfacet
  facet normal 0.90405 -0.427427 0
    outer loop
      vertex 11.5434 -0.824944 4.6
      vertex 11.6168 -0.669696 1.5
      vertex 11.6168 -0.669696 4.6
    endloop
  endfacet
  facet normal 0.90405 -0.427427 0
    outer loop
      vertex 11.6168 -0.669696 1.5
      vertex 11.5434 -0.824944 4.6
      vertex 11.5434 -0.824944 1.5
    endloop
  endfacet
  facet normal 0.998803 -0.0489124 0
    outer loop
      vertex 11.7416 -0.17153 4.6
      vertex 11.75 0 1.5
      vertex 11.75 0 4.6
    endloop
  endfacet
  facet normal 0.998803 -0.0489124 0
    outer loop
      vertex 11.75 0 1.5
      vertex 11.7416 -0.17153 4.6
      vertex 11.7416 -0.17153 1.5
    endloop
  endfacet
  facet normal 0.242919 -0.970047 0
    outer loop
      vertex 10.3414 -1.71637 1.5
      vertex 10.508 -1.67465 4.6
      vertex 10.3414 -1.71637 4.6
    endloop
  endfacet
  facet normal 0.242919 -0.970047 0
    outer loop
      vertex 10.508 -1.67465 4.6
      vertex 10.3414 -1.71637 1.5
      vertex 10.508 -1.67465 1.5
    endloop
  endfacet
  facet normal 0.146717 -0.989178 0
    outer loop
      vertex 10.1715 -1.74157 1.5
      vertex 10.3414 -1.71637 4.6
      vertex 10.1715 -1.74157 4.6
    endloop
  endfacet
  facet normal 0.146717 -0.989178 0
    outer loop
      vertex 10.3414 -1.71637 4.6
      vertex 10.1715 -1.74157 1.5
      vertex 10.3414 -1.71637 1.5
    endloop
  endfacet
  facet normal 0.941648 0.336598 0
    outer loop
      vertex 11.6746 0.507998 4.6
      vertex 11.6168 0.669696 1.5
      vertex 11.6168 0.669696 4.6
    endloop
  endfacet
  facet normal 0.941648 0.336598 0
    outer loop
      vertex 11.6168 0.669696 1.5
      vertex 11.6746 0.507998 4.6
      vertex 11.6746 0.507998 1.5
    endloop
  endfacet
  facet normal 0.803223 -0.595679 0
    outer loop
      vertex 11.3528 -1.11019 4.6
      vertex 11.4551 -0.972247 1.5
      vertex 11.4551 -0.972247 4.6
    endloop
  endfacet
  facet normal 0.803223 -0.595679 0
    outer loop
      vertex 11.4551 -0.972247 1.5
      vertex 11.3528 -1.11019 4.6
      vertex 11.3528 -1.11019 1.5
    endloop
  endfacet
  facet normal 0.857703 -0.514145 0
    outer loop
      vertex 11.4551 -0.972247 4.6
      vertex 11.5434 -0.824944 1.5
      vertex 11.5434 -0.824944 4.6
    endloop
  endfacet
  facet normal 0.857703 -0.514145 0
    outer loop
      vertex 11.5434 -0.824944 1.5
      vertex 11.4551 -0.972247 4.6
      vertex 11.4551 -0.972247 1.5
    endloop
  endfacet
  facet normal 0.427678 -0.903931 0
    outer loop
      vertex 10.6697 -1.61679 1.5
      vertex 10.8249 -1.54336 4.6
      vertex 10.6697 -1.61679 4.6
    endloop
  endfacet
  facet normal 0.427678 -0.903931 0
    outer loop
      vertex 10.8249 -1.54336 4.6
      vertex 10.6697 -1.61679 1.5
      vertex 10.8249 -1.54336 1.5
    endloop
  endfacet
  facet normal 0.0490952 0.998794 -0
    outer loop
      vertex 10.1715 1.74157 1.5
      vertex 10 1.75 4.6
      vertex 10.1715 1.74157 4.6
    endloop
  endfacet
  facet normal 0.0490952 0.998794 0
    outer loop
      vertex 10 1.75 4.6
      vertex 10.1715 1.74157 1.5
      vertex 10 1.75 1.5
    endloop
  endfacet
  facet normal 0.941648 -0.336598 0
    outer loop
      vertex 11.6168 -0.669696 4.6
      vertex 11.6746 -0.507998 1.5
      vertex 11.6746 -0.507998 4.6
    endloop
  endfacet
  facet normal 0.941648 -0.336598 0
    outer loop
      vertex 11.6746 -0.507998 1.5
      vertex 11.6168 -0.669696 4.6
      vertex 11.6168 -0.669696 1.5
    endloop
  endfacet
  facet normal -0.242933 0.970043 0
    outer loop
      vertex 9.65859 1.71637 1.5
      vertex 9.492 1.67465 4.6
      vertex 9.65859 1.71637 4.6
    endloop
  endfacet
  facet normal -0.242933 0.970043 0
    outer loop
      vertex 9.492 1.67465 4.6
      vertex 9.65859 1.71637 1.5
      vertex 9.492 1.67465 1.5
    endloop
  endfacet
  facet normal 0.90405 0.427427 0
    outer loop
      vertex 11.6168 0.669696 4.6
      vertex 11.5434 0.824944 1.5
      vertex 11.5434 0.824944 4.6
    endloop
  endfacet
  facet normal 0.90405 0.427427 0
    outer loop
      vertex 11.5434 0.824944 1.5
      vertex 11.6168 0.669696 4.6
      vertex 11.6168 0.669696 1.5
    endloop
  endfacet
  facet normal -0.427588 0.903974 0
    outer loop
      vertex 9.3303 1.61679 1.5
      vertex 9.17506 1.54336 4.6
      vertex 9.3303 1.61679 4.6
    endloop
  endfacet
  facet normal -0.427588 0.903974 0
    outer loop
      vertex 9.17506 1.54336 4.6
      vertex 9.3303 1.61679 1.5
      vertex 9.17506 1.54336 1.5
    endloop
  endfacet
  facet normal 0.146717 0.989178 -0
    outer loop
      vertex 10.3414 1.71637 1.5
      vertex 10.1715 1.74157 4.6
      vertex 10.3414 1.71637 4.6
    endloop
  endfacet
  facet normal 0.146717 0.989178 0
    outer loop
      vertex 10.1715 1.74157 4.6
      vertex 10.3414 1.71637 1.5
      vertex 10.1715 1.74157 1.5
    endloop
  endfacet
  facet normal -0.857729 -0.514103 0
    outer loop
      vertex 8.54493 -0.972247 1.5
      vertex 8.45664 -0.824944 4.6
      vertex 8.45664 -0.824944 1.5
    endloop
  endfacet
  facet normal -0.857729 -0.514103 0
    outer loop
      vertex 8.45664 -0.824944 4.6
      vertex 8.54493 -0.972247 1.5
      vertex 8.54493 -0.972247 4.6
    endloop
  endfacet
  facet normal 0.857703 0.514145 0
    outer loop
      vertex 11.5434 0.824944 4.6
      vertex 11.4551 0.972247 1.5
      vertex 11.4551 0.972247 4.6
    endloop
  endfacet
  facet normal 0.857703 0.514145 0
    outer loop
      vertex 11.4551 0.972247 1.5
      vertex 11.5434 0.824944 4.6
      vertex 11.5434 0.824944 1.5
    endloop
  endfacet
  facet normal -0.514085 0.857739 0
    outer loop
      vertex 9.17506 1.54336 1.5
      vertex 9.02775 1.45507 4.6
      vertex 9.17506 1.54336 4.6
    endloop
  endfacet
  facet normal -0.514085 0.857739 0
    outer loop
      vertex 9.02775 1.45507 4.6
      vertex 9.17506 1.54336 1.5
      vertex 9.02775 1.45507 1.5
    endloop
  endfacet
  facet normal -0.740959 -0.67155 0
    outer loop
      vertex 8.76256 -1.23744 1.5
      vertex 8.64723 -1.11019 4.6
      vertex 8.64723 -1.11019 1.5
    endloop
  endfacet
  facet normal -0.740959 -0.67155 0
    outer loop
      vertex 8.64723 -1.11019 4.6
      vertex 8.76256 -1.23744 1.5
      vertex 8.76256 -1.23744 4.6
    endloop
  endfacet
  facet normal -0.427588 -0.903974 0
    outer loop
      vertex 9.17506 -1.54336 1.5
      vertex 9.3303 -1.61679 4.6
      vertex 9.17506 -1.54336 4.6
    endloop
  endfacet
  facet normal -0.427588 -0.903974 -0
    outer loop
      vertex 9.3303 -1.61679 4.6
      vertex 9.17506 -1.54336 1.5
      vertex 9.3303 -1.61679 1.5
    endloop
  endfacet
  facet normal -0.941538 -0.336908 0
    outer loop
      vertex 8.38321 -0.669696 1.5
      vertex 8.32535 -0.507998 4.6
      vertex 8.32535 -0.507998 1.5
    endloop
  endfacet
  facet normal -0.941538 -0.336908 0
    outer loop
      vertex 8.32535 -0.507998 4.6
      vertex 8.38321 -0.669696 1.5
      vertex 8.38321 -0.669696 4.6
    endloop
  endfacet
  facet normal -0.514085 -0.857739 0
    outer loop
      vertex 9.02775 -1.45507 1.5
      vertex 9.17506 -1.54336 4.6
      vertex 9.02775 -1.45507 4.6
    endloop
  endfacet
  facet normal -0.514085 -0.857739 -0
    outer loop
      vertex 9.17506 -1.54336 4.6
      vertex 9.02775 -1.45507 1.5
      vertex 9.17506 -1.54336 1.5
    endloop
  endfacet
  facet normal -0.970043 0.242933 0
    outer loop
      vertex 8.28363 0.341408 1.5
      vertex 8.32535 0.507998 4.6
      vertex 8.32535 0.507998 1.5
    endloop
  endfacet
  facet normal -0.970043 0.242933 0
    outer loop
      vertex 8.32535 0.507998 4.6
      vertex 8.28363 0.341408 1.5
      vertex 8.28363 0.341408 4.6
    endloop
  endfacet
  facet normal -0.989176 0.146736 0
    outer loop
      vertex 8.25843 0.17153 1.5
      vertex 8.28363 0.341408 4.6
      vertex 8.28363 0.341408 1.5
    endloop
  endfacet
  facet normal -0.989176 0.146736 0
    outer loop
      vertex 8.28363 0.341408 4.6
      vertex 8.25843 0.17153 1.5
      vertex 8.25843 0.17153 4.6
    endloop
  endfacet
  facet normal 0.336904 0.941539 -0
    outer loop
      vertex 10.6697 1.61679 1.5
      vertex 10.508 1.67465 4.6
      vertex 10.6697 1.61679 4.6
    endloop
  endfacet
  facet normal 0.336904 0.941539 0
    outer loop
      vertex 10.508 1.67465 4.6
      vertex 10.6697 1.61679 1.5
      vertex 10.508 1.67465 1.5
    endloop
  endfacet
  facet normal -0.803223 -0.595679 0
    outer loop
      vertex 8.64723 -1.11019 1.5
      vertex 8.54493 -0.972247 4.6
      vertex 8.54493 -0.972247 1.5
    endloop
  endfacet
  facet normal -0.803223 -0.595679 0
    outer loop
      vertex 8.54493 -0.972247 4.6
      vertex 8.64723 -1.11019 1.5
      vertex 8.64723 -1.11019 4.6
    endloop
  endfacet
  facet normal -0.989176 -0.146736 0
    outer loop
      vertex 8.28363 -0.341408 1.5
      vertex 8.25843 -0.17153 4.6
      vertex 8.25843 -0.17153 1.5
    endloop
  endfacet
  facet normal -0.989176 -0.146736 0
    outer loop
      vertex 8.25843 -0.17153 4.6
      vertex 8.28363 -0.341408 1.5
      vertex 8.28363 -0.341408 4.6
    endloop
  endfacet
  facet normal 0.59552 -0.803341 0
    outer loop
      vertex 10.9722 -1.45507 1.5
      vertex 11.1102 -1.35277 4.6
      vertex 10.9722 -1.45507 4.6
    endloop
  endfacet
  facet normal 0.59552 -0.803341 0
    outer loop
      vertex 11.1102 -1.35277 4.6
      vertex 10.9722 -1.45507 1.5
      vertex 11.1102 -1.35277 1.5
    endloop
  endfacet
  facet normal -0.67155 -0.740959 0
    outer loop
      vertex 8.76256 -1.23744 1.5
      vertex 8.88981 -1.35277 4.6
      vertex 8.76256 -1.23744 4.6
    endloop
  endfacet
  facet normal -0.67155 -0.740959 -0
    outer loop
      vertex 8.88981 -1.35277 4.6
      vertex 8.76256 -1.23744 1.5
      vertex 8.88981 -1.35277 1.5
    endloop
  endfacet
  facet normal -0.803223 0.595679 0
    outer loop
      vertex 8.54493 0.972247 1.5
      vertex 8.64723 1.11019 4.6
      vertex 8.64723 1.11019 1.5
    endloop
  endfacet
  facet normal -0.803223 0.595679 0
    outer loop
      vertex 8.64723 1.11019 4.6
      vertex 8.54493 0.972247 1.5
      vertex 8.54493 0.972247 4.6
    endloop
  endfacet
  facet normal -0.857729 0.514103 0
    outer loop
      vertex 8.45664 0.824944 1.5
      vertex 8.54493 0.972247 4.6
      vertex 8.54493 0.972247 1.5
    endloop
  endfacet
  facet normal -0.857729 0.514103 0
    outer loop
      vertex 8.54493 0.972247 4.6
      vertex 8.45664 0.824944 1.5
      vertex 8.45664 0.824944 4.6
    endloop
  endfacet
  facet normal 0 0 1
    outer loop
      vertex 12.1396 0.210736 5.4
      vertex 12.1396 -0.210736 5.4
      vertex 12.15 0 5.4
    endloop
  endfacet
  facet normal 0 0 1
    outer loop
      vertex 12.1087 0.419444 5.4
      vertex 12.1396 -0.210736 5.4
      vertex 12.1396 0.210736 5.4
    endloop
  endfacet
  facet normal 0 0 1
    outer loop
      vertex 12.1087 0.419444 5.4
      vertex 12.1087 -0.419444 5.4
      vertex 12.1396 -0.210736 5.4
    endloop
  endfacet
  facet normal 0 0 1
    outer loop
      vertex 12.0574 0.624111 5.4
      vertex 12.1087 -0.419444 5.4
      vertex 12.1087 0.419444 5.4
    endloop
  endfacet
  facet normal 0 0 1
    outer loop
      vertex 12.0574 0.624111 5.4
      vertex 12.0574 -0.624111 5.4
      vertex 12.1087 -0.419444 5.4
    endloop
  endfacet
  facet normal 0 0 1
    outer loop
      vertex 11.9863 0.822769 5.4
      vertex 12.0574 -0.624111 5.4
      vertex 12.0574 0.624111 5.4
    endloop
  endfacet
  facet normal 0 0 1
    outer loop
      vertex 11.9863 0.822769 5.4
      vertex 11.9863 -0.822769 5.4
      vertex 12.0574 -0.624111 5.4
    endloop
  endfacet
  facet normal 0 0 1
    outer loop
      vertex 11.8961 1.0135 5.4
      vertex 11.9863 -0.822769 5.4
      vertex 11.9863 0.822769 5.4
    endloop
  endfacet
  facet normal 0 0 1
    outer loop
      vertex 11.8961 1.0135 5.4
      vertex 11.8961 -1.0135 5.4
      vertex 11.9863 -0.822769 5.4
    endloop
  endfacet
  facet normal 0 0 1
    outer loop
      vertex 11.7877 1.19448 5.4
      vertex 11.8961 -1.0135 5.4
      vertex 11.8961 1.0135 5.4
    endloop
  endfacet
  facet normal 0 0 1
    outer loop
      vertex 11.7877 1.19448 5.4
      vertex 11.7877 -1.19448 5.4
      vertex 11.8961 -1.0135 5.4
    endloop
  endfacet
  facet normal 0 0 1
    outer loop
      vertex 11.662 1.36395 5.4
      vertex 11.7877 -1.19448 5.4
      vertex 11.7877 1.19448 5.4
    endloop
  endfacet
  facet normal 0 0 1
    outer loop
      vertex 11.662 1.36395 5.4
      vertex 11.662 -1.36395 5.4
      vertex 11.7877 -1.19448 5.4
    endloop
  endfacet
  facet normal 0 0 1
    outer loop
      vertex 11.5203 1.52028 5.4
      vertex 11.662 -1.36395 5.4
      vertex 11.662 1.36395 5.4
    endloop
  endfacet
  facet normal 0 0 1
    outer loop
      vertex 11.5203 1.52028 5.4
      vertex 11.5203 -1.52028 5.4
      vertex 11.662 -1.36395 5.4
    endloop
  endfacet
  facet normal 0 0 1
    outer loop
      vertex 11.3639 1.66197 5.4
      vertex 11.5203 -1.52028 5.4
      vertex 11.5203 1.52028 5.4
    endloop
  endfacet
  facet normal 0 0 1
    outer loop
      vertex 11.3639 1.66197 5.4
      vertex 11.3639 -1.66197 5.4
      vertex 11.5203 -1.52028 5.4
    endloop
  endfacet
  facet normal 0 0 1
    outer loop
      vertex 11.1945 1.78766 5.4
      vertex 11.3639 -1.66197 5.4
      vertex 11.3639 1.66197 5.4
    endloop
  endfacet
  facet normal 0 0 1
    outer loop
      vertex 11.1945 1.78766 5.4
      vertex 11.1945 -1.78766 5.4
      vertex 11.3639 -1.66197 5.4
    endloop
  endfacet
  facet normal 0 0 1
    outer loop
      vertex 11.0135 1.89613 5.4
      vertex 11.1945 -1.78766 5.4
      vertex 11.1945 1.78766 5.4
    endloop
  endfacet
  facet normal 0 0 1
    outer loop
      vertex 11.0135 1.89613 5.4
      vertex 11.0135 -1.89613 5.4
      vertex 11.1945 -1.78766 5.4
    endloop
  endfacet
  facet normal 0 0 1
    outer loop
      vertex 10.8228 1.98634 5.4
      vertex 11.0135 -1.89613 5.4
      vertex 11.0135 1.89613 5.4
    endloop
  endfacet
  facet normal 0 0 1
    outer loop
      vertex 10.8228 1.98634 5.4
      vertex 10.8228 -1.98634 5.4
      vertex 11.0135 -1.89613 5.4
    endloop
  endfacet
  facet normal 0 0 1
    outer loop
      vertex 10.6241 2.05742 5.4
      vertex 10.8228 -1.98634 5.4
      vertex 10.8228 1.98634 5.4
    endloop
  endfacet
  facet normal 0 0 1
    outer loop
      vertex 10.6241 2.05742 5.4
      vertex 10.6241 -2.05742 5.4
      vertex 10.8228 -1.98634 5.4
    endloop
  endfacet
  facet normal 0 0 1
    outer loop
      vertex 10.4194 2.10869 5.4
      vertex 10.6241 -2.05742 5.4
      vertex 10.6241 2.05742 5.4
    endloop
  endfacet
  facet normal 0 0 1
    outer loop
      vertex 10.4194 2.10869 5.4
      vertex 10.4194 -2.10869 5.4
      vertex 10.6241 -2.05742 5.4
    endloop
  endfacet
  facet normal 0 0 1
    outer loop
      vertex 10.2107 2.13965 5.4
      vertex 10.4194 -2.10869 5.4
      vertex 10.4194 2.10869 5.4
    endloop
  endfacet
  facet normal 0 0 1
    outer loop
      vertex 10.2107 2.13965 5.4
      vertex 10.2107 -2.13965 5.4
      vertex 10.4194 -2.10869 5.4
    endloop
  endfacet
  facet normal 0 0 1
    outer loop
      vertex 10 2.15 5.4
      vertex 10.2107 -2.13965 5.4
      vertex 10.2107 2.13965 5.4
    endloop
  endfacet
  facet normal 0 0 1
    outer loop
      vertex 10 2.15 5.4
      vertex 10 -2.15 5.4
      vertex 10.2107 -2.13965 5.4
    endloop
  endfacet
  facet normal -0 0 1
    outer loop
      vertex 9.78926 2.13965 5.4
      vertex 10 -2.15 5.4
      vertex 10 2.15 5.4
    endloop
  endfacet
  facet normal 0 0 1
    outer loop
      vertex 9.78926 2.13965 5.4
      vertex 9.78926 -2.13965 5.4
      vertex 10 -2.15 5.4
    endloop
  endfacet
  facet normal -0 0 1
    outer loop
      vertex 9.58056 2.10869 5.4
      vertex 9.78926 -2.13965 5.4
      vertex 9.78926 2.13965 5.4
    endloop
  endfacet
  facet normal 0 0 1
    outer loop
      vertex 9.58056 2.10869 5.4
      vertex 9.58056 -2.10869 5.4
      vertex 9.78926 -2.13965 5.4
    endloop
  endfacet
  facet normal -0 0 1
    outer loop
      vertex 9.37589 2.05742 5.4
      vertex 9.58056 -2.10869 5.4
      vertex 9.58056 2.10869 5.4
    endloop
  endfacet
  facet normal 0 0 1
    outer loop
      vertex 9.37589 2.05742 5.4
      vertex 9.37589 -2.05742 5.4
      vertex 9.58056 -2.10869 5.4
    endloop
  endfacet
  facet normal -0 0 1
    outer loop
      vertex 9.17723 1.98634 5.4
      vertex 9.37589 -2.05742 5.4
      vertex 9.37589 2.05742 5.4
    endloop
  endfacet
  facet normal 0 0 1
    outer loop
      vertex 9.17723 1.98634 5.4
      vertex 9.17723 -1.98634 5.4
      vertex 9.37589 -2.05742 5.4
    endloop
  endfacet
  facet normal -0 0 1
    outer loop
      vertex 8.9865 1.89613 5.4
      vertex 9.17723 -1.98634 5.4
      vertex 9.17723 1.98634 5.4
    endloop
  endfacet
  facet normal 0 0 1
    outer loop
      vertex 8.9865 1.89613 5.4
      vertex 8.9865 -1.89613 5.4
      vertex 9.17723 -1.98634 5.4
    endloop
  endfacet
  facet normal -0 0 1
    outer loop
      vertex 8.80552 1.78766 5.4
      vertex 8.9865 -1.89613 5.4
      vertex 8.9865 1.89613 5.4
    endloop
  endfacet
  facet normal 0 0 1
    outer loop
      vertex 8.80552 1.78766 5.4
      vertex 8.80552 -1.78766 5.4
      vertex 8.9865 -1.89613 5.4
    endloop
  endfacet
  facet normal -0 0 1
    outer loop
      vertex 8.63605 1.66197 5.4
      vertex 8.80552 -1.78766 5.4
      vertex 8.80552 1.78766 5.4
    endloop
  endfacet
  facet normal 0 0 1
    outer loop
      vertex 8.63605 1.66197 5.4
      vertex 8.63605 -1.66197 5.4
      vertex 8.80552 -1.78766 5.4
    endloop
  endfacet
  facet normal -0 0 1
    outer loop
      vertex 8.47972 1.52028 5.4
      vertex 8.63605 -1.66197 5.4
      vertex 8.63605 1.66197 5.4
    endloop
  endfacet
  facet normal 0 0 1
    outer loop
      vertex 8.47972 1.52028 5.4
      vertex 8.47972 -1.52028 5.4
      vertex 8.63605 -1.66197 5.4
    endloop
  endfacet
  facet normal -0 0 1
    outer loop
      vertex 8.33803 1.36395 5.4
      vertex 8.47972 -1.52028 5.4
      vertex 8.47972 1.52028 5.4
    endloop
  endfacet
  facet normal 0 0 1
    outer loop
      vertex 8.33803 1.36395 5.4
      vertex 8.33803 -1.36395 5.4
      vertex 8.47972 -1.52028 5.4
    endloop
  endfacet
  facet normal -0 0 1
    outer loop
      vertex 8.21234 1.19448 5.4
      vertex 8.33803 -1.36395 5.4
      vertex 8.33803 1.36395 5.4
    endloop
  endfacet
  facet normal 0 0 1
    outer loop
      vertex 8.21234 1.19448 5.4
      vertex 8.21234 -1.19448 5.4
      vertex 8.33803 -1.36395 5.4
    endloop
  endfacet
  facet normal -0 0 1
    outer loop
      vertex 8.10387 1.0135 5.4
      vertex 8.21234 -1.19448 5.4
      vertex 8.21234 1.19448 5.4
    endloop
  endfacet
  facet normal 0 0 1
    outer loop
      vertex 8.10387 1.0135 5.4
      vertex 8.10387 -1.0135 5.4
      vertex 8.21234 -1.19448 5.4
    endloop
  endfacet
  facet normal -0 0 1
    outer loop
      vertex 8.01366 0.822769 5.4
      vertex 8.10387 -1.0135 5.4
      vertex 8.10387 1.0135 5.4
    endloop
  endfacet
  facet normal 0 0 1
    outer loop
      vertex 8.01366 0.822769 5.4
      vertex 8.01366 -0.822769 5.4
      vertex 8.10387 -1.0135 5.4
    endloop
  endfacet
  facet normal -0 0 1
    outer loop
      vertex 7.94258 0.624111 5.4
      vertex 8.01366 -0.822769 5.4
      vertex 8.01366 0.822769 5.4
    endloop
  endfacet
  facet normal 0 0 1
    outer loop
      vertex 7.94258 0.624111 5.4
      vertex 7.94258 -0.624111 5.4
      vertex 8.01366 -0.822769 5.4
    endloop
  endfacet
  facet normal -0 0 1
    outer loop
      vertex 7.89131 0.419444 5.4
      vertex 7.94258 -0.624111 5.4
      vertex 7.94258 0.624111 5.4
    endloop
  endfacet
  facet normal 0 0 1
    outer loop
      vertex 7.89131 0.419444 5.4
      vertex 7.89131 -0.419444 5.4
      vertex 7.94258 -0.624111 5.4
    endloop
  endfacet
  facet normal -0 0 1
    outer loop
      vertex 7.86035 0.210736 5.4
      vertex 7.89131 -0.419444 5.4
      vertex 7.89131 0.419444 5.4
    endloop
  endfacet
  facet normal 0 0 1
    outer loop
      vertex 7.86035 0.210736 5.4
      vertex 7.86035 -0.210736 5.4
      vertex 7.89131 -0.419444 5.4
    endloop
  endfacet
  facet normal 0 -0 1
    outer loop
      vertex 7.86035 -0.210736 5.4
      vertex 7.86035 0.210736 5.4
      vertex 7.85 0 5.4
    endloop
  endfacet
  facet normal -0.0490867 -0.998795 0
    outer loop
      vertex 9.82847 -1.74157 1.5
      vertex 10 -1.75 4.6
      vertex 9.82847 -1.74157 4.6
    endloop
  endfacet
  facet normal -0.0490867 -0.998795 -0
    outer loop
      vertex 10 -1.75 4.6
      vertex 9.82847 -1.74157 1.5
      vertex 10 -1.75 1.5
    endloop
  endfacet
  facet normal -0.998795 0.0490867 0
    outer loop
      vertex 8.25 0 1.5
      vertex 8.25843 0.17153 4.6
      vertex 8.25843 0.17153 1.5
    endloop
  endfacet
  facet normal -0.998795 0.0490867 0
    outer loop
      vertex 8.25843 0.17153 4.6
      vertex 8.25 0 1.5
      vertex 8.25 0 4.6
    endloop
  endfacet
  facet normal 0.740756 -0.671774 0
    outer loop
      vertex 11.2374 -1.23744 4.6
      vertex 11.3528 -1.11019 1.5
      vertex 11.3528 -1.11019 4.6
    endloop
  endfacet
  facet normal 0.740756 -0.671774 0
    outer loop
      vertex 11.3528 -1.11019 1.5
      vertex 11.2374 -1.23744 4.6
      vertex 11.2374 -1.23744 1.5
    endloop
  endfacet
  facet normal 0.671695 -0.740828 0
    outer loop
      vertex 11.1102 -1.35277 1.5
      vertex 11.2374 -1.23744 4.6
      vertex 11.1102 -1.35277 4.6
    endloop
  endfacet
  facet normal 0.671695 -0.740828 0
    outer loop
      vertex 11.2374 -1.23744 4.6
      vertex 11.1102 -1.35277 1.5
      vertex 11.2374 -1.23744 1.5
    endloop
  endfacet
  facet normal -0.808747 -0.382513 -0.446781
    outer loop
      vertex 8.10387 -1.0135 5.4
      vertex 8.01366 -0.822769 5.4
      vertex 8.38321 -0.669696 4.6
    endloop
  endfacet
  facet normal -0.808741 0.382522 -0.446783
    outer loop
      vertex 8.38321 0.669696 4.6
      vertex 8.10387 1.0135 5.4
      vertex 8.45664 0.824944 4.6
    endloop
  endfacet
  facet normal 0.718593 -0.532916 -0.446794
    outer loop
      vertex 11.7877 -1.19448 5.4
      vertex 11.3528 -1.11019 4.6
      vertex 11.4551 -0.972247 4.6
    endloop
  endfacet
  facet normal 0.893557 0.0440978 -0.446779
    outer loop
      vertex 12.15 0 5.4
      vertex 11.75 0 4.6
      vertex 12.1396 0.210736 5.4
    endloop
  endfacet
  facet normal 0.893606 0.0437608 -0.446714
    outer loop
      vertex 11.75 0 4.6
      vertex 11.7416 0.17153 4.6
      vertex 12.1396 0.210736 5.4
    endloop
  endfacet
  facet normal 0.662714 0.601 -0.446776
    outer loop
      vertex 11.3528 1.11019 4.6
      vertex 11.2374 1.23744 4.6
      vertex 11.662 1.36395 5.4
    endloop
  endfacet
  facet normal 0.808828 -0.382407 -0.446724
    outer loop
      vertex 11.8961 -1.0135 5.4
      vertex 11.5434 -0.824944 4.6
      vertex 11.6168 -0.669696 4.6
    endloop
  endfacet
  facet normal 0.301335 -0.842364 -0.446788
    outer loop
      vertex 10.8228 -1.98634 5.4
      vertex 10.6241 -2.05742 5.4
      vertex 10.6697 -1.61679 4.6
    endloop
  endfacet
  facet normal 0.84234 -0.301475 -0.44674
    outer loop
      vertex 11.9863 -0.822769 5.4
      vertex 11.6168 -0.669696 4.6
      vertex 12.0574 -0.624111 5.4
    endloop
  endfacet
  facet normal 0.767499 -0.459702 -0.446789
    outer loop
      vertex 11.7877 -1.19448 5.4
      vertex 11.4551 -0.972247 4.6
      vertex 11.8961 -1.0135 5.4
    endloop
  endfacet
  facet normal 0.217362 -0.867837 -0.44678
    outer loop
      vertex 10.4194 -2.10869 5.4
      vertex 10.3414 -1.71637 4.6
      vertex 10.6241 -2.05742 5.4
    endloop
  endfacet
  facet normal 0.884991 -0.131281 -0.446717
    outer loop
      vertex 12.1396 -0.210736 5.4
      vertex 11.7164 -0.341408 4.6
      vertex 11.7416 -0.17153 4.6
    endloop
  endfacet
  facet normal 0.131281 -0.884958 -0.446783
    outer loop
      vertex 10.4194 -2.10869 5.4
      vertex 10.2107 -2.13965 5.4
      vertex 10.3414 -1.71637 4.6
    endloop
  endfacet
  facet normal 0.382562 -0.808718 -0.44679
    outer loop
      vertex 10.8228 -1.98634 5.4
      vertex 10.6697 -1.61679 4.6
      vertex 11.0135 -1.89613 5.4
    endloop
  endfacet
  facet normal 0.767361 -0.459991 -0.446728
    outer loop
      vertex 11.8961 -1.0135 5.4
      vertex 11.4551 -0.972247 4.6
      vertex 11.5434 -0.824944 4.6
    endloop
  endfacet
  facet normal -0.718579 -0.532945 -0.446781
    outer loop
      vertex 8.33803 -1.36395 5.4
      vertex 8.21234 -1.19448 5.4
      vertex 8.64723 -1.11019 4.6
    endloop
  endfacet
  facet normal 0.0438937 -0.893565 -0.446783
    outer loop
      vertex 10.2107 -2.13965 5.4
      vertex 10 -2.15 5.4
      vertex 10 -1.75 4.6
    endloop
  endfacet
  facet normal 0.893606 -0.0437608 -0.446714
    outer loop
      vertex 12.1396 -0.210736 5.4
      vertex 11.7416 -0.17153 4.6
      vertex 11.75 0 4.6
    endloop
  endfacet
  facet normal 0.60065 -0.663008 -0.446811
    outer loop
      vertex 11.3639 -1.66197 5.4
      vertex 11.2374 -1.23744 4.6
      vertex 11.5203 -1.52028 5.4
    endloop
  endfacet
  facet normal -0.767369 0.459921 -0.446786
    outer loop
      vertex 8.54493 0.972247 4.6
      vertex 8.10387 1.0135 5.4
      vertex 8.21234 1.19448 5.4
    endloop
  endfacet
  facet normal -0.382538 0.808732 -0.446785
    outer loop
      vertex 9.17506 1.54336 4.6
      vertex 8.9865 1.89613 5.4
      vertex 9.3303 1.61679 4.6
    endloop
  endfacet
  facet normal 0.867805 -0.217516 -0.446767
    outer loop
      vertex 12.0574 -0.624111 5.4
      vertex 11.7164 -0.341408 4.6
      vertex 12.1087 -0.419444 5.4
    endloop
  endfacet
  facet normal -0.867825 -0.217394 -0.446787
    outer loop
      vertex 7.94258 -0.624111 5.4
      vertex 7.89131 -0.419444 5.4
      vertex 8.28363 -0.341408 4.6
    endloop
  endfacet
  facet normal 0.86773 0.217727 -0.44681
    outer loop
      vertex 11.7164 0.341408 4.6
      vertex 11.6746 0.507998 4.6
      vertex 12.0574 0.624111 5.4
    endloop
  endfacet
  facet normal 0.301411 -0.842345 -0.446773
    outer loop
      vertex 10.6241 -2.05742 5.4
      vertex 10.508 -1.67465 4.6
      vertex 10.6697 -1.61679 4.6
    endloop
  endfacet
  facet normal 0.0439226 -0.893561 -0.446788
    outer loop
      vertex 10.2107 -2.13965 5.4
      vertex 10 -1.75 4.6
      vertex 10.1715 -1.74157 4.6
    endloop
  endfacet
  facet normal -0.532926 0.718591 -0.446785
    outer loop
      vertex 8.88981 1.35277 4.6
      vertex 8.80552 1.78766 5.4
      vertex 9.02775 1.45507 4.6
    endloop
  endfacet
  facet normal -0.0439149 0.893561 -0.446788
    outer loop
      vertex 9.82847 1.74157 4.6
      vertex 9.78926 2.13965 5.4
      vertex 10 1.75 4.6
    endloop
  endfacet
  facet normal -0.0438854 -0.893565 -0.446783
    outer loop
      vertex 10 -2.15 5.4
      vertex 9.78926 -2.13965 5.4
      vertex 10 -1.75 4.6
    endloop
  endfacet
  facet normal -0.884956 0.131275 -0.446788
    outer loop
      vertex 8.28363 0.341408 4.6
      vertex 7.86035 0.210736 5.4
      vertex 7.89131 0.419444 5.4
    endloop
  endfacet
  facet normal -0.867845 0.217339 -0.446776
    outer loop
      vertex 8.28363 0.341408 4.6
      vertex 7.94258 0.624111 5.4
      vertex 8.32535 0.507998 4.6
    endloop
  endfacet
  facet normal -0.30139 0.842349 -0.44678
    outer loop
      vertex 9.3303 1.61679 4.6
      vertex 9.17723 1.98634 5.4
      vertex 9.37589 2.05742 5.4
    endloop
  endfacet
  facet normal 0.885004 -0.131028 -0.446765
    outer loop
      vertex 12.1087 -0.419444 5.4
      vertex 11.7164 -0.341408 4.6
      vertex 12.1396 -0.210736 5.4
    endloop
  endfacet
  facet normal 0.893557 -0.0440978 -0.446779
    outer loop
      vertex 12.1396 -0.210736 5.4
      vertex 11.75 0 4.6
      vertex 12.15 0 5.4
    endloop
  endfacet
  facet normal 0.217327 -0.86785 -0.446773
    outer loop
      vertex 10.6241 -2.05742 5.4
      vertex 10.3414 -1.71637 4.6
      vertex 10.508 -1.67465 4.6
    endloop
  endfacet
  facet normal -0.382515 -0.808746 -0.44678
    outer loop
      vertex 9.17723 -1.98634 5.4
      vertex 8.9865 -1.89613 5.4
      vertex 9.3303 -1.61679 4.6
    endloop
  endfacet
  facet normal -0.718596 -0.532918 -0.446787
    outer loop
      vertex 8.64723 -1.11019 4.6
      vertex 8.21234 -1.19448 5.4
      vertex 8.54493 -0.972247 4.6
    endloop
  endfacet
  facet normal 0.45994 -0.767348 -0.446802
    outer loop
      vertex 11.0135 -1.89613 5.4
      vertex 10.8249 -1.54336 4.6
      vertex 10.9722 -1.45507 4.6
    endloop
  endfacet
  facet normal -0.767361 -0.459938 -0.446782
    outer loop
      vertex 8.54493 -0.972247 4.6
      vertex 8.10387 -1.0135 5.4
      vertex 8.45664 -0.824944 4.6
    endloop
  endfacet
  facet normal 0.217362 0.867837 -0.44678
    outer loop
      vertex 10.6241 2.05742 5.4
      vertex 10.3414 1.71637 4.6
      vertex 10.4194 2.10869 5.4
    endloop
  endfacet
  facet normal 0.301335 0.842364 -0.446788
    outer loop
      vertex 10.6697 1.61679 4.6
      vertex 10.6241 2.05742 5.4
      vertex 10.8228 1.98634 5.4
    endloop
  endfacet
  facet normal 0.382615 0.808686 -0.446802
    outer loop
      vertex 10.8249 1.54336 4.6
      vertex 10.6697 1.61679 4.6
      vertex 11.0135 1.89613 5.4
    endloop
  endfacet
  facet normal 0.718559 -0.532972 -0.446782
    outer loop
      vertex 11.662 -1.36395 5.4
      vertex 11.3528 -1.11019 4.6
      vertex 11.7877 -1.19448 5.4
    endloop
  endfacet
  facet normal -0.0438854 0.893565 -0.446783
    outer loop
      vertex 10 1.75 4.6
      vertex 9.78926 2.13965 5.4
      vertex 10 2.15 5.4
    endloop
  endfacet
  facet normal 0.808781 0.382487 -0.446741
    outer loop
      vertex 11.9863 0.822769 5.4
      vertex 11.6168 0.669696 4.6
      vertex 11.8961 1.0135 5.4
    endloop
  endfacet
  facet normal 0.533096 -0.718485 -0.446753
    outer loop
      vertex 11.1945 -1.78766 5.4
      vertex 11.1102 -1.35277 4.6
      vertex 11.3639 -1.66197 5.4
    endloop
  endfacet
  facet normal -0.842342 -0.301413 -0.446777
    outer loop
      vertex 8.38321 -0.669696 4.6
      vertex 7.94258 -0.624111 5.4
      vertex 8.32535 -0.507998 4.6
    endloop
  endfacet
  facet normal 0.808781 -0.382487 -0.446741
    outer loop
      vertex 11.8961 -1.0135 5.4
      vertex 11.6168 -0.669696 4.6
      vertex 11.9863 -0.822769 5.4
    endloop
  endfacet
  facet normal -0.459922 0.767369 -0.446785
    outer loop
      vertex 9.02775 1.45507 4.6
      vertex 8.9865 1.89613 5.4
      vertex 9.17506 1.54336 4.6
    endloop
  endfacet
  facet normal 0.767361 0.459991 -0.446728
    outer loop
      vertex 11.5434 0.824944 4.6
      vertex 11.4551 0.972247 4.6
      vertex 11.8961 1.0135 5.4
    endloop
  endfacet
  facet normal 0.66285 -0.600818 -0.44682
    outer loop
      vertex 11.5203 -1.52028 5.4
      vertex 11.2374 -1.23744 4.6
      vertex 11.662 -1.36395 5.4
    endloop
  endfacet
  facet normal -0.767361 0.459938 -0.446782
    outer loop
      vertex 8.45664 0.824944 4.6
      vertex 8.10387 1.0135 5.4
      vertex 8.54493 0.972247 4.6
    endloop
  endfacet
  facet normal 0.0438937 0.893565 -0.446783
    outer loop
      vertex 10.2107 2.13965 5.4
      vertex 10 1.75 4.6
      vertex 10 2.15 5.4
    endloop
  endfacet
  facet normal -0.131274 0.884956 -0.446788
    outer loop
      vertex 9.82847 1.74157 4.6
      vertex 9.65859 1.71637 4.6
      vertex 9.78926 2.13965 5.4
    endloop
  endfacet
  facet normal 0.533096 0.718485 -0.446753
    outer loop
      vertex 11.3639 1.66197 5.4
      vertex 11.1102 1.35277 4.6
      vertex 11.1945 1.78766 5.4
    endloop
  endfacet
  facet normal -0.662886 -0.600808 -0.446779
    outer loop
      vertex 8.47972 -1.52028 5.4
      vertex 8.33803 -1.36395 5.4
      vertex 8.76256 -1.23744 4.6
    endloop
  endfacet
  facet normal -0.718579 0.532945 -0.446781
    outer loop
      vertex 8.64723 1.11019 4.6
      vertex 8.21234 1.19448 5.4
      vertex 8.33803 1.36395 5.4
    endloop
  endfacet
  facet normal 0.842427 -0.301131 -0.446808
    outer loop
      vertex 12.0574 -0.624111 5.4
      vertex 11.6168 -0.669696 4.6
      vertex 11.6746 -0.507998 4.6
    endloop
  endfacet
  facet normal 0.662714 -0.601 -0.446776
    outer loop
      vertex 11.662 -1.36395 5.4
      vertex 11.2374 -1.23744 4.6
      vertex 11.3528 -1.11019 4.6
    endloop
  endfacet
  facet normal 0.86773 -0.217727 -0.44681
    outer loop
      vertex 12.0574 -0.624111 5.4
      vertex 11.6746 -0.507998 4.6
      vertex 11.7164 -0.341408 4.6
    endloop
  endfacet
  facet normal -0.867845 -0.217339 -0.446776
    outer loop
      vertex 8.32535 -0.507998 4.6
      vertex 7.94258 -0.624111 5.4
      vertex 8.28363 -0.341408 4.6
    endloop
  endfacet
  facet normal 0.382562 0.808718 -0.44679
    outer loop
      vertex 11.0135 1.89613 5.4
      vertex 10.6697 1.61679 4.6
      vertex 10.8228 1.98634 5.4
    endloop
  endfacet
  facet normal 0.382615 -0.808686 -0.446802
    outer loop
      vertex 11.0135 -1.89613 5.4
      vertex 10.6697 -1.61679 4.6
      vertex 10.8249 -1.54336 4.6
    endloop
  endfacet
  facet normal 0.459876 -0.767378 -0.446816
    outer loop
      vertex 11.0135 -1.89613 5.4
      vertex 10.9722 -1.45507 4.6
      vertex 11.1945 -1.78766 5.4
    endloop
  endfacet
  facet normal 0.532764 -0.718685 -0.446826
    outer loop
      vertex 11.1945 -1.78766 5.4
      vertex 10.9722 -1.45507 4.6
      vertex 11.1102 -1.35277 4.6
    endloop
  endfacet
  facet normal 0.532764 0.718685 -0.446826
    outer loop
      vertex 11.1102 1.35277 4.6
      vertex 10.9722 1.45507 4.6
      vertex 11.1945 1.78766 5.4
    endloop
  endfacet
  facet normal -0.662886 0.600808 -0.446779
    outer loop
      vertex 8.76256 1.23744 4.6
      vertex 8.33803 1.36395 5.4
      vertex 8.47972 1.52028 5.4
    endloop
  endfacet
  facet normal -0.662894 -0.600798 -0.446782
    outer loop
      vertex 8.76256 -1.23744 4.6
      vertex 8.33803 -1.36395 5.4
      vertex 8.64723 -1.11019 4.6
    endloop
  endfacet
  facet normal -0.459921 -0.767369 -0.446785
    outer loop
      vertex 8.9865 -1.89613 5.4
      vertex 8.80552 -1.78766 5.4
      vertex 9.02775 -1.45507 4.6
    endloop
  endfacet
  facet normal -0.30141 -0.842344 -0.446776
    outer loop
      vertex 9.37589 -2.05742 5.4
      vertex 9.3303 -1.61679 4.6
      vertex 9.492 -1.67465 4.6
    endloop
  endfacet
  facet normal -0.13128 0.884956 -0.446787
    outer loop
      vertex 9.65859 1.71637 4.6
      vertex 9.58056 2.10869 5.4
      vertex 9.78926 2.13965 5.4
    endloop
  endfacet
  facet normal 0.131259 0.884959 -0.446787
    outer loop
      vertex 10.3414 1.71637 4.6
      vertex 10.1715 1.74157 4.6
      vertex 10.2107 2.13965 5.4
    endloop
  endfacet
  facet normal 0.131259 -0.884959 -0.446787
    outer loop
      vertex 10.2107 -2.13965 5.4
      vertex 10.1715 -1.74157 4.6
      vertex 10.3414 -1.71637 4.6
    endloop
  endfacet
  facet normal 0.459876 0.767378 -0.446816
    outer loop
      vertex 11.1945 1.78766 5.4
      vertex 10.9722 1.45507 4.6
      vertex 11.0135 1.89613 5.4
    endloop
  endfacet
  facet normal -0.532945 -0.718579 -0.446781
    outer loop
      vertex 8.80552 -1.78766 5.4
      vertex 8.63605 -1.66197 5.4
      vertex 8.88981 -1.35277 4.6
    endloop
  endfacet
  facet normal -0.662894 0.600798 -0.446782
    outer loop
      vertex 8.64723 1.11019 4.6
      vertex 8.33803 1.36395 5.4
      vertex 8.76256 1.23744 4.6
    endloop
  endfacet
  facet normal -0.893565 -0.0438862 -0.446783
    outer loop
      vertex 7.86035 -0.210736 5.4
      vertex 7.85 0 5.4
      vertex 8.25 0 4.6
    endloop
  endfacet
  facet normal -0.893565 0.0438862 -0.446783
    outer loop
      vertex 8.25 0 4.6
      vertex 7.85 0 5.4
      vertex 7.86035 0.210736 5.4
    endloop
  endfacet
  facet normal 0.600941 -0.662791 -0.446742
    outer loop
      vertex 11.3639 -1.66197 5.4
      vertex 11.1102 -1.35277 4.6
      vertex 11.2374 -1.23744 4.6
    endloop
  endfacet
  facet normal 0.0439226 0.893561 -0.446788
    outer loop
      vertex 10.1715 1.74157 4.6
      vertex 10 1.75 4.6
      vertex 10.2107 2.13965 5.4
    endloop
  endfacet
  facet normal -0.842348 0.301393 -0.446781
    outer loop
      vertex 8.38321 0.669696 4.6
      vertex 7.94258 0.624111 5.4
      vertex 8.01366 0.822769 5.4
    endloop
  endfacet
  facet normal -0.600808 0.662886 -0.446779
    outer loop
      vertex 8.76256 1.23744 4.6
      vertex 8.47972 1.52028 5.4
      vertex 8.63605 1.66197 5.4
    endloop
  endfacet
  facet normal -0.767369 -0.459921 -0.446786
    outer loop
      vertex 8.21234 -1.19448 5.4
      vertex 8.10387 -1.0135 5.4
      vertex 8.54493 -0.972247 4.6
    endloop
  endfacet
  facet normal -0.217339 -0.867845 -0.446775
    outer loop
      vertex 9.65859 -1.71637 4.6
      vertex 9.37589 -2.05742 5.4
      vertex 9.492 -1.67465 4.6
    endloop
  endfacet
  facet normal -0.532926 -0.718591 -0.446785
    outer loop
      vertex 9.02775 -1.45507 4.6
      vertex 8.80552 -1.78766 5.4
      vertex 8.88981 -1.35277 4.6
    endloop
  endfacet
  facet normal 0.301411 0.842345 -0.446773
    outer loop
      vertex 10.6697 1.61679 4.6
      vertex 10.508 1.67465 4.6
      vertex 10.6241 2.05742 5.4
    endloop
  endfacet
  facet normal 0.45994 0.767348 -0.446802
    outer loop
      vertex 10.9722 1.45507 4.6
      vertex 10.8249 1.54336 4.6
      vertex 11.0135 1.89613 5.4
    endloop
  endfacet
  facet normal -0.532945 0.718579 -0.446781
    outer loop
      vertex 8.88981 1.35277 4.6
      vertex 8.63605 1.66197 5.4
      vertex 8.80552 1.78766 5.4
    endloop
  endfacet
  facet normal -0.808747 0.382513 -0.446781
    outer loop
      vertex 8.38321 0.669696 4.6
      vertex 8.01366 0.822769 5.4
      vertex 8.10387 1.0135 5.4
    endloop
  endfacet
  facet normal -0.884956 -0.131276 -0.446788
    outer loop
      vertex 8.28363 -0.341408 4.6
      vertex 7.86035 -0.210736 5.4
      vertex 8.25843 -0.17153 4.6
    endloop
  endfacet
  facet normal -0.30139 -0.842349 -0.44678
    outer loop
      vertex 9.37589 -2.05742 5.4
      vertex 9.17723 -1.98634 5.4
      vertex 9.3303 -1.61679 4.6
    endloop
  endfacet
  facet normal -0.842348 -0.301393 -0.446781
    outer loop
      vertex 8.01366 -0.822769 5.4
      vertex 7.94258 -0.624111 5.4
      vertex 8.38321 -0.669696 4.6
    endloop
  endfacet
  facet normal -0.808741 -0.382522 -0.446783
    outer loop
      vertex 8.45664 -0.824944 4.6
      vertex 8.10387 -1.0135 5.4
      vertex 8.38321 -0.669696 4.6
    endloop
  endfacet
  facet normal 0.767499 0.459702 -0.446789
    outer loop
      vertex 11.8961 1.0135 5.4
      vertex 11.4551 0.972247 4.6
      vertex 11.7877 1.19448 5.4
    endloop
  endfacet
  facet normal -0.131274 -0.884956 -0.446788
    outer loop
      vertex 9.78926 -2.13965 5.4
      vertex 9.65859 -1.71637 4.6
      vertex 9.82847 -1.74157 4.6
    endloop
  endfacet
  facet normal -0.382515 0.808746 -0.44678
    outer loop
      vertex 9.3303 1.61679 4.6
      vertex 8.9865 1.89613 5.4
      vertex 9.17723 1.98634 5.4
    endloop
  endfacet
  facet normal 0.718559 0.532972 -0.446782
    outer loop
      vertex 11.7877 1.19448 5.4
      vertex 11.3528 1.11019 4.6
      vertex 11.662 1.36395 5.4
    endloop
  endfacet
  facet normal -0.884956 -0.131275 -0.446788
    outer loop
      vertex 7.89131 -0.419444 5.4
      vertex 7.86035 -0.210736 5.4
      vertex 8.28363 -0.341408 4.6
    endloop
  endfacet
  facet normal -0.718596 0.532918 -0.446787
    outer loop
      vertex 8.54493 0.972247 4.6
      vertex 8.21234 1.19448 5.4
      vertex 8.64723 1.11019 4.6
    endloop
  endfacet
  facet normal 0.66285 0.600818 -0.44682
    outer loop
      vertex 11.662 1.36395 5.4
      vertex 11.2374 1.23744 4.6
      vertex 11.5203 1.52028 5.4
    endloop
  endfacet
  facet normal 0.60065 0.663008 -0.446811
    outer loop
      vertex 11.5203 1.52028 5.4
      vertex 11.2374 1.23744 4.6
      vertex 11.3639 1.66197 5.4
    endloop
  endfacet
  facet normal -0.893561 -0.0439149 -0.446788
    outer loop
      vertex 8.25843 -0.17153 4.6
      vertex 7.86035 -0.210736 5.4
      vertex 8.25 0 4.6
    endloop
  endfacet
  facet normal 0.131281 0.884958 -0.446783
    outer loop
      vertex 10.3414 1.71637 4.6
      vertex 10.2107 2.13965 5.4
      vertex 10.4194 2.10869 5.4
    endloop
  endfacet
  facet normal -0.459921 0.767369 -0.446785
    outer loop
      vertex 9.02775 1.45507 4.6
      vertex 8.80552 1.78766 5.4
      vertex 8.9865 1.89613 5.4
    endloop
  endfacet
  facet normal -0.842342 0.301413 -0.446777
    outer loop
      vertex 8.32535 0.507998 4.6
      vertex 7.94258 0.624111 5.4
      vertex 8.38321 0.669696 4.6
    endloop
  endfacet
  facet normal 0.600941 0.662791 -0.446742
    outer loop
      vertex 11.2374 1.23744 4.6
      vertex 11.1102 1.35277 4.6
      vertex 11.3639 1.66197 5.4
    endloop
  endfacet
  facet normal 0.718593 0.532916 -0.446794
    outer loop
      vertex 11.4551 0.972247 4.6
      vertex 11.3528 1.11019 4.6
      vertex 11.7877 1.19448 5.4
    endloop
  endfacet
  facet normal -0.217339 0.867845 -0.446775
    outer loop
      vertex 9.492 1.67465 4.6
      vertex 9.37589 2.05742 5.4
      vertex 9.65859 1.71637 4.6
    endloop
  endfacet
  facet normal 0.867805 0.217516 -0.446767
    outer loop
      vertex 12.1087 0.419444 5.4
      vertex 11.7164 0.341408 4.6
      vertex 12.0574 0.624111 5.4
    endloop
  endfacet
  facet normal -0.600798 -0.662894 -0.446782
    outer loop
      vertex 8.88981 -1.35277 4.6
      vertex 8.63605 -1.66197 5.4
      vertex 8.76256 -1.23744 4.6
    endloop
  endfacet
  facet normal -0.30141 0.842344 -0.446776
    outer loop
      vertex 9.492 1.67465 4.6
      vertex 9.3303 1.61679 4.6
      vertex 9.37589 2.05742 5.4
    endloop
  endfacet
  facet normal -0.893561 0.0439149 -0.446788
    outer loop
      vertex 8.25 0 4.6
      vertex 7.86035 0.210736 5.4
      vertex 8.25843 0.17153 4.6
    endloop
  endfacet
  facet normal -0.459922 -0.767369 -0.446785
    outer loop
      vertex 9.17506 -1.54336 4.6
      vertex 8.9865 -1.89613 5.4
      vertex 9.02775 -1.45507 4.6
    endloop
  endfacet
  facet normal 0.217327 0.86785 -0.446773
    outer loop
      vertex 10.508 1.67465 4.6
      vertex 10.3414 1.71637 4.6
      vertex 10.6241 2.05742 5.4
    endloop
  endfacet
  facet normal -0.13128 -0.884956 -0.446787
    outer loop
      vertex 9.78926 -2.13965 5.4
      vertex 9.58056 -2.10869 5.4
      vertex 9.65859 -1.71637 4.6
    endloop
  endfacet
  facet normal -0.884956 0.131276 -0.446788
    outer loop
      vertex 8.25843 0.17153 4.6
      vertex 7.86035 0.210736 5.4
      vertex 8.28363 0.341408 4.6
    endloop
  endfacet
  facet normal -0.217391 -0.867827 -0.446786
    outer loop
      vertex 9.58056 -2.10869 5.4
      vertex 9.37589 -2.05742 5.4
      vertex 9.65859 -1.71637 4.6
    endloop
  endfacet
  facet normal -0.0439149 -0.893561 -0.446788
    outer loop
      vertex 10 -1.75 4.6
      vertex 9.78926 -2.13965 5.4
      vertex 9.82847 -1.74157 4.6
    endloop
  endfacet
  facet normal -0.382538 -0.808732 -0.446785
    outer loop
      vertex 9.3303 -1.61679 4.6
      vertex 8.9865 -1.89613 5.4
      vertex 9.17506 -1.54336 4.6
    endloop
  endfacet
  facet normal -0.217391 0.867827 -0.446786
    outer loop
      vertex 9.65859 1.71637 4.6
      vertex 9.37589 2.05742 5.4
      vertex 9.58056 2.10869 5.4
    endloop
  endfacet
  facet normal -0.600798 0.662894 -0.446782
    outer loop
      vertex 8.76256 1.23744 4.6
      vertex 8.63605 1.66197 5.4
      vertex 8.88981 1.35277 4.6
    endloop
  endfacet
  facet normal -0.867825 0.217394 -0.446787
    outer loop
      vertex 8.28363 0.341408 4.6
      vertex 7.89131 0.419444 5.4
      vertex 7.94258 0.624111 5.4
    endloop
  endfacet
  facet normal 0.84234 0.301475 -0.44674
    outer loop
      vertex 12.0574 0.624111 5.4
      vertex 11.6168 0.669696 4.6
      vertex 11.9863 0.822769 5.4
    endloop
  endfacet
  facet normal 0.808828 0.382407 -0.446724
    outer loop
      vertex 11.6168 0.669696 4.6
      vertex 11.5434 0.824944 4.6
      vertex 11.8961 1.0135 5.4
    endloop
  endfacet
  facet normal -0.600808 -0.662886 -0.446779
    outer loop
      vertex 8.63605 -1.66197 5.4
      vertex 8.47972 -1.52028 5.4
      vertex 8.76256 -1.23744 4.6
    endloop
  endfacet
  facet normal 0.842427 0.301131 -0.446808
    outer loop
      vertex 11.6746 0.507998 4.6
      vertex 11.6168 0.669696 4.6
      vertex 12.0574 0.624111 5.4
    endloop
  endfacet
  facet normal 0.885004 0.131028 -0.446765
    outer loop
      vertex 12.1396 0.210736 5.4
      vertex 11.7164 0.341408 4.6
      vertex 12.1087 0.419444 5.4
    endloop
  endfacet
  facet normal 0.884991 0.131281 -0.446717
    outer loop
      vertex 11.7416 0.17153 4.6
      vertex 11.7164 0.341408 4.6
      vertex 12.1396 0.210736 5.4
    endloop
  endfacet
endsolid OpenSCAD_Model
