solid OpenSCAD_Model
  facet normal 0.336939 0.941527 -0
    outer loop
      vertex 13.6291 31.1292 0
      vertex 13.3519 31.2284 2
      vertex 13.6291 31.1292 2
    endloop
  endfacet
  facet normal 0.336939 0.941527 0
    outer loop
      vertex 13.3519 31.2284 2
      vertex 13.6291 31.1292 0
      vertex 13.3519 31.2284 0
    endloop
  endfacet
  facet normal -0.989174 -0.146746 0
    outer loop
      vertex 17.4856 34.2941 0
      vertex 17.4424 34.5853 2
      vertex 17.4424 34.5853 0
    endloop
  endfacet
  facet normal -0.989174 -0.146746 0
    outer loop
      vertex 17.4424 34.5853 2
      vertex 17.4856 34.2941 0
      vertex 17.4856 34.2941 2
    endloop
  endfacet
  facet normal -0.998803 -0.0489044 0
    outer loop
      vertex 17.5 34 0
      vertex 17.4856 34.2941 2
      vertex 17.4856 34.2941 0
    endloop
  endfacet
  facet normal -0.998803 -0.0489044 0
    outer loop
      vertex 17.4856 34.2941 2
      vertex 17.5 34 0
      vertex 17.5 34 2
    endloop
  endfacet
  facet normal -0.969982 -0.243175 0
    outer loop
      vertex 17.4424 34.5853 0
      vertex 17.3708 34.8709 2
      vertex 17.3708 34.8709 0
    endloop
  endfacet
  facet normal -0.969982 -0.243175 0
    outer loop
      vertex 17.3708 34.8709 2
      vertex 17.4424 34.5853 0
      vertex 17.4424 34.5853 2
    endloop
  endfacet
  facet normal 0.989174 -0.146746 0
    outer loop
      vertex 11.5144 34.2941 2
      vertex 11.5576 34.5853 0
      vertex 11.5576 34.5853 2
    endloop
  endfacet
  facet normal 0.989174 -0.146746 0
    outer loop
      vertex 11.5576 34.5853 0
      vertex 11.5144 34.2941 2
      vertex 11.5144 34.2941 0
    endloop
  endfacet
  facet normal 0.243175 0.969982 -0
    outer loop
      vertex 13.9147 31.0576 0
      vertex 13.6291 31.1292 2
      vertex 13.9147 31.0576 2
    endloop
  endfacet
  facet normal 0.243175 0.969982 0
    outer loop
      vertex 13.6291 31.1292 2
      vertex 13.9147 31.0576 0
      vertex 13.6291 31.1292 0
    endloop
  endfacet
  facet normal -0.337047 -0.941488 0
    outer loop
      vertex 15.3709 36.8708 0
      vertex 15.648 36.7716 2
      vertex 15.3709 36.8708 2
    endloop
  endfacet
  facet normal -0.337047 -0.941488 -0
    outer loop
      vertex 15.648 36.7716 2
      vertex 15.3709 36.8708 0
      vertex 15.648 36.7716 0
    endloop
  endfacet
  facet normal 0.514246 -0.857643 0
    outer loop
      vertex 12.8333 36.4944 0
      vertex 13.0858 36.6458 2
      vertex 12.8333 36.4944 2
    endloop
  endfacet
  facet normal 0.514246 -0.857643 0
    outer loop
      vertex 13.0858 36.6458 2
      vertex 12.8333 36.4944 0
      vertex 13.0858 36.6458 0
    endloop
  endfacet
  facet normal 0.904125 0.427269 0
    outer loop
      vertex 11.8542 32.5858 2
      vertex 11.7284 32.852 0
      vertex 11.7284 32.852 2
    endloop
  endfacet
  facet normal 0.904125 0.427269 0
    outer loop
      vertex 11.7284 32.852 0
      vertex 11.8542 32.5858 2
      vertex 11.8542 32.5858 0
    endloop
  endfacet
  facet normal 0.243175 -0.969982 0
    outer loop
      vertex 13.6291 36.8708 0
      vertex 13.9147 36.9424 2
      vertex 13.6291 36.8708 2
    endloop
  endfacet
  facet normal 0.243175 -0.969982 0
    outer loop
      vertex 13.9147 36.9424 2
      vertex 13.6291 36.8708 0
      vertex 13.9147 36.9424 0
    endloop
  endfacet
  facet normal 0.857643 0.514246 0
    outer loop
      vertex 12.0056 32.3333 2
      vertex 11.8542 32.5858 0
      vertex 11.8542 32.5858 2
    endloop
  endfacet
  facet normal 0.857643 0.514246 0
    outer loop
      vertex 11.8542 32.5858 0
      vertex 12.0056 32.3333 2
      vertex 12.0056 32.3333 0
    endloop
  endfacet
  facet normal -0.243175 0.969982 0
    outer loop
      vertex 15.3709 31.1292 0
      vertex 15.0853 31.0576 2
      vertex 15.3709 31.1292 2
    endloop
  endfacet
  facet normal -0.243175 0.969982 0
    outer loop
      vertex 15.0853 31.0576 2
      vertex 15.3709 31.1292 0
      vertex 15.0853 31.0576 0
    endloop
  endfacet
  facet normal 0.595699 0.803208 -0
    outer loop
      vertex 12.8333 31.5056 0
      vertex 12.5968 31.681 2
      vertex 12.8333 31.5056 2
    endloop
  endfacet
  facet normal 0.595699 0.803208 0
    outer loop
      vertex 12.5968 31.681 2
      vertex 12.8333 31.5056 0
      vertex 12.5968 31.681 0
    endloop
  endfacet
  facet normal -0.514246 0.857643 0
    outer loop
      vertex 16.1667 31.5056 0
      vertex 15.9142 31.3542 2
      vertex 16.1667 31.5056 2
    endloop
  endfacet
  facet normal -0.514246 0.857643 0
    outer loop
      vertex 15.9142 31.3542 2
      vertex 16.1667 31.5056 0
      vertex 15.9142 31.3542 0
    endloop
  endfacet
  facet normal -0.803208 0.595699 0
    outer loop
      vertex 16.819 32.0968 0
      vertex 16.9944 32.3333 2
      vertex 16.9944 32.3333 0
    endloop
  endfacet
  facet normal -0.803208 0.595699 0
    outer loop
      vertex 16.9944 32.3333 2
      vertex 16.819 32.0968 0
      vertex 16.819 32.0968 2
    endloop
  endfacet
  facet normal -0.146746 -0.989174 0
    outer loop
      vertex 14.7941 36.9856 0
      vertex 15.0853 36.9424 2
      vertex 14.7941 36.9856 2
    endloop
  endfacet
  facet normal -0.146746 -0.989174 -0
    outer loop
      vertex 15.0853 36.9424 2
      vertex 14.7941 36.9856 0
      vertex 15.0853 36.9424 0
    endloop
  endfacet
  facet normal 0.595699 -0.803208 0
    outer loop
      vertex 12.5968 36.319 0
      vertex 12.8333 36.4944 2
      vertex 12.5968 36.319 2
    endloop
  endfacet
  facet normal 0.595699 -0.803208 0
    outer loop
      vertex 12.8333 36.4944 2
      vertex 12.5968 36.319 0
      vertex 12.8333 36.4944 0
    endloop
  endfacet
  facet normal -0.427269 0.904125 0
    outer loop
      vertex 15.9142 31.3542 0
      vertex 15.648 31.2284 2
      vertex 15.9142 31.3542 2
    endloop
  endfacet
  facet normal -0.427269 0.904125 0
    outer loop
      vertex 15.648 31.2284 2
      vertex 15.9142 31.3542 0
      vertex 15.648 31.2284 0
    endloop
  endfacet
  facet normal 0.803208 -0.595699 0
    outer loop
      vertex 12.0056 35.6667 2
      vertex 12.181 35.9032 0
      vertex 12.181 35.9032 2
    endloop
  endfacet
  facet normal 0.803208 -0.595699 0
    outer loop
      vertex 12.181 35.9032 0
      vertex 12.0056 35.6667 2
      vertex 12.0056 35.6667 0
    endloop
  endfacet
  facet normal -0.989174 0.146746 0
    outer loop
      vertex 17.4424 33.4147 0
      vertex 17.4856 33.7059 2
      vertex 17.4856 33.7059 0
    endloop
  endfacet
  facet normal -0.989174 0.146746 0
    outer loop
      vertex 17.4856 33.7059 2
      vertex 17.4424 33.4147 0
      vertex 17.4424 33.4147 2
    endloop
  endfacet
  facet normal 0.941488 -0.337047 0
    outer loop
      vertex 11.6292 34.8709 2
      vertex 11.7284 35.148 0
      vertex 11.7284 35.148 2
    endloop
  endfacet
  facet normal 0.941488 -0.337047 0
    outer loop
      vertex 11.7284 35.148 0
      vertex 11.6292 34.8709 2
      vertex 11.6292 34.8709 0
    endloop
  endfacet
  facet normal -0.427269 -0.904125 0
    outer loop
      vertex 15.648 36.7716 0
      vertex 15.9142 36.6458 2
      vertex 15.648 36.7716 2
    endloop
  endfacet
  facet normal -0.427269 -0.904125 -0
    outer loop
      vertex 15.9142 36.6458 2
      vertex 15.648 36.7716 0
      vertex 15.9142 36.6458 0
    endloop
  endfacet
  facet normal 0.941488 0.337047 0
    outer loop
      vertex 11.7284 32.852 2
      vertex 11.6292 33.1291 0
      vertex 11.6292 33.1291 2
    endloop
  endfacet
  facet normal 0.941488 0.337047 0
    outer loop
      vertex 11.6292 33.1291 0
      vertex 11.7284 32.852 2
      vertex 11.7284 32.852 0
    endloop
  endfacet
  facet normal -0.969982 0.243175 0
    outer loop
      vertex 17.3708 33.1291 0
      vertex 17.4424 33.4147 2
      vertex 17.4424 33.4147 0
    endloop
  endfacet
  facet normal -0.969982 0.243175 0
    outer loop
      vertex 17.4424 33.4147 2
      vertex 17.3708 33.1291 0
      vertex 17.3708 33.1291 2
    endloop
  endfacet
  facet normal 0.0489044 -0.998803 0
    outer loop
      vertex 14.2059 36.9856 0
      vertex 14.5 37 2
      vertex 14.2059 36.9856 2
    endloop
  endfacet
  facet normal 0.0489044 -0.998803 0
    outer loop
      vertex 14.5 37 2
      vertex 14.2059 36.9856 0
      vertex 14.5 37 0
    endloop
  endfacet
  facet normal -0.671607 -0.740908 0
    outer loop
      vertex 16.4032 36.319 0
      vertex 16.6213 36.1213 2
      vertex 16.4032 36.319 2
    endloop
  endfacet
  facet normal -0.671607 -0.740908 -0
    outer loop
      vertex 16.6213 36.1213 2
      vertex 16.4032 36.319 0
      vertex 16.6213 36.1213 0
    endloop
  endfacet
  facet normal 0.4274 -0.904063 0
    outer loop
      vertex 13.0858 36.6458 0
      vertex 13.3519 36.7716 2
      vertex 13.0858 36.6458 2
    endloop
  endfacet
  facet normal 0.4274 -0.904063 0
    outer loop
      vertex 13.3519 36.7716 2
      vertex 13.0858 36.6458 0
      vertex 13.3519 36.7716 0
    endloop
  endfacet
  facet normal 0.671607 -0.740908 0
    outer loop
      vertex 12.3787 36.1213 0
      vertex 12.5968 36.319 2
      vertex 12.3787 36.1213 2
    endloop
  endfacet
  facet normal 0.671607 -0.740908 0
    outer loop
      vertex 12.5968 36.319 2
      vertex 12.3787 36.1213 0
      vertex 12.5968 36.319 0
    endloop
  endfacet
  facet normal -0.337047 0.941488 0
    outer loop
      vertex 15.648 31.2284 0
      vertex 15.3709 31.1292 2
      vertex 15.648 31.2284 2
    endloop
  endfacet
  facet normal -0.337047 0.941488 0
    outer loop
      vertex 15.3709 31.1292 2
      vertex 15.648 31.2284 0
      vertex 15.3709 31.1292 0
    endloop
  endfacet
  facet normal 0.336939 -0.941527 0
    outer loop
      vertex 13.3519 36.7716 0
      vertex 13.6291 36.8708 2
      vertex 13.3519 36.7716 2
    endloop
  endfacet
  facet normal 0.336939 -0.941527 0
    outer loop
      vertex 13.6291 36.8708 2
      vertex 13.3519 36.7716 0
      vertex 13.6291 36.8708 0
    endloop
  endfacet
  facet normal -0.803208 -0.595699 0
    outer loop
      vertex 16.9944 35.6667 0
      vertex 16.819 35.9032 2
      vertex 16.819 35.9032 0
    endloop
  endfacet
  facet normal -0.803208 -0.595699 0
    outer loop
      vertex 16.819 35.9032 2
      vertex 16.9944 35.6667 0
      vertex 16.9944 35.6667 2
    endloop
  endfacet
  facet normal 0.857643 -0.514246 0
    outer loop
      vertex 11.8542 35.4142 2
      vertex 12.0056 35.6667 0
      vertex 12.0056 35.6667 2
    endloop
  endfacet
  facet normal 0.857643 -0.514246 0
    outer loop
      vertex 12.0056 35.6667 0
      vertex 11.8542 35.4142 2
      vertex 11.8542 35.4142 0
    endloop
  endfacet
  facet normal -0.998803 0.0489044 0
    outer loop
      vertex 17.4856 33.7059 0
      vertex 17.5 34 2
      vertex 17.5 34 0
    endloop
  endfacet
  facet normal -0.998803 0.0489044 0
    outer loop
      vertex 17.5 34 2
      vertex 17.4856 33.7059 0
      vertex 17.4856 33.7059 2
    endloop
  endfacet
  facet normal -0.904125 0.427269 0
    outer loop
      vertex 17.1458 32.5858 0
      vertex 17.2716 32.852 2
      vertex 17.2716 32.852 0
    endloop
  endfacet
  facet normal -0.904125 0.427269 0
    outer loop
      vertex 17.2716 32.852 2
      vertex 17.1458 32.5858 0
      vertex 17.1458 32.5858 2
    endloop
  endfacet
  facet normal -0.857643 -0.514246 0
    outer loop
      vertex 17.1458 35.4142 0
      vertex 16.9944 35.6667 2
      vertex 16.9944 35.6667 0
    endloop
  endfacet
  facet normal -0.857643 -0.514246 0
    outer loop
      vertex 16.9944 35.6667 2
      vertex 17.1458 35.4142 0
      vertex 17.1458 35.4142 2
    endloop
  endfacet
  facet normal 0.671607 0.740908 -0
    outer loop
      vertex 12.5968 31.681 0
      vertex 12.3787 31.8787 2
      vertex 12.5968 31.681 2
    endloop
  endfacet
  facet normal 0.671607 0.740908 0
    outer loop
      vertex 12.3787 31.8787 2
      vertex 12.5968 31.681 0
      vertex 12.3787 31.8787 0
    endloop
  endfacet
  facet normal -0.595699 -0.803208 0
    outer loop
      vertex 16.1667 36.4944 0
      vertex 16.4032 36.319 2
      vertex 16.1667 36.4944 2
    endloop
  endfacet
  facet normal -0.595699 -0.803208 -0
    outer loop
      vertex 16.4032 36.319 2
      vertex 16.1667 36.4944 0
      vertex 16.4032 36.319 0
    endloop
  endfacet
  facet normal 0.514246 0.857643 -0
    outer loop
      vertex 13.0858 31.3542 0
      vertex 12.8333 31.5056 2
      vertex 13.0858 31.3542 2
    endloop
  endfacet
  facet normal 0.514246 0.857643 0
    outer loop
      vertex 12.8333 31.5056 2
      vertex 13.0858 31.3542 0
      vertex 12.8333 31.5056 0
    endloop
  endfacet
  facet normal -0.514246 -0.857643 0
    outer loop
      vertex 15.9142 36.6458 0
      vertex 16.1667 36.4944 2
      vertex 15.9142 36.6458 2
    endloop
  endfacet
  facet normal -0.514246 -0.857643 -0
    outer loop
      vertex 16.1667 36.4944 2
      vertex 15.9142 36.6458 0
      vertex 16.1667 36.4944 0
    endloop
  endfacet
  facet normal -0.146746 0.989174 0
    outer loop
      vertex 15.0853 31.0576 0
      vertex 14.7941 31.0144 2
      vertex 15.0853 31.0576 2
    endloop
  endfacet
  facet normal -0.146746 0.989174 0
    outer loop
      vertex 14.7941 31.0144 2
      vertex 15.0853 31.0576 0
      vertex 14.7941 31.0144 0
    endloop
  endfacet
  facet normal -0.941488 -0.337047 0
    outer loop
      vertex 17.3708 34.8709 0
      vertex 17.2716 35.148 2
      vertex 17.2716 35.148 0
    endloop
  endfacet
  facet normal -0.941488 -0.337047 0
    outer loop
      vertex 17.2716 35.148 2
      vertex 17.3708 34.8709 0
      vertex 17.3708 34.8709 2
    endloop
  endfacet
  facet normal -0.857643 0.514246 0
    outer loop
      vertex 16.9944 32.3333 0
      vertex 17.1458 32.5858 2
      vertex 17.1458 32.5858 0
    endloop
  endfacet
  facet normal -0.857643 0.514246 0
    outer loop
      vertex 17.1458 32.5858 2
      vertex 16.9944 32.3333 0
      vertex 16.9944 32.3333 2
    endloop
  endfacet
  facet normal 0.998803 0.0489044 0
    outer loop
      vertex 11.5144 33.7059 2
      vertex 11.5 34 0
      vertex 11.5 34 2
    endloop
  endfacet
  facet normal 0.998803 0.0489044 0
    outer loop
      vertex 11.5 34 0
      vertex 11.5144 33.7059 2
      vertex 11.5144 33.7059 0
    endloop
  endfacet
  facet normal -0.941488 0.337047 0
    outer loop
      vertex 17.2716 32.852 0
      vertex 17.3708 33.1291 2
      vertex 17.3708 33.1291 0
    endloop
  endfacet
  facet normal -0.941488 0.337047 0
    outer loop
      vertex 17.3708 33.1291 2
      vertex 17.2716 32.852 0
      vertex 17.2716 32.852 2
    endloop
  endfacet
  facet normal -0.740908 -0.671607 0
    outer loop
      vertex 16.819 35.9032 0
      vertex 16.6213 36.1213 2
      vertex 16.6213 36.1213 0
    endloop
  endfacet
  facet normal -0.740908 -0.671607 0
    outer loop
      vertex 16.6213 36.1213 2
      vertex 16.819 35.9032 0
      vertex 16.819 35.9032 2
    endloop
  endfacet
  facet normal -0.0489044 -0.998803 0
    outer loop
      vertex 14.5 37 0
      vertex 14.7941 36.9856 2
      vertex 14.5 37 2
    endloop
  endfacet
  facet normal -0.0489044 -0.998803 -0
    outer loop
      vertex 14.7941 36.9856 2
      vertex 14.5 37 0
      vertex 14.7941 36.9856 0
    endloop
  endfacet
  facet normal -0.904125 -0.427269 0
    outer loop
      vertex 17.2716 35.148 0
      vertex 17.1458 35.4142 2
      vertex 17.1458 35.4142 0
    endloop
  endfacet
  facet normal -0.904125 -0.427269 0
    outer loop
      vertex 17.1458 35.4142 2
      vertex 17.2716 35.148 0
      vertex 17.2716 35.148 2
    endloop
  endfacet
  facet normal 0.146746 0.989174 -0
    outer loop
      vertex 14.2059 31.0144 0
      vertex 13.9147 31.0576 2
      vertex 14.2059 31.0144 2
    endloop
  endfacet
  facet normal 0.146746 0.989174 0
    outer loop
      vertex 13.9147 31.0576 2
      vertex 14.2059 31.0144 0
      vertex 13.9147 31.0576 0
    endloop
  endfacet
  facet normal -0.671607 0.740908 0
    outer loop
      vertex 16.6213 31.8787 0
      vertex 16.4032 31.681 2
      vertex 16.6213 31.8787 2
    endloop
  endfacet
  facet normal -0.671607 0.740908 0
    outer loop
      vertex 16.4032 31.681 2
      vertex 16.6213 31.8787 0
      vertex 16.4032 31.681 0
    endloop
  endfacet
  facet normal 0.0489044 0.998803 -0
    outer loop
      vertex 14.5 31 0
      vertex 14.2059 31.0144 2
      vertex 14.5 31 2
    endloop
  endfacet
  facet normal 0.0489044 0.998803 0
    outer loop
      vertex 14.2059 31.0144 2
      vertex 14.5 31 0
      vertex 14.2059 31.0144 0
    endloop
  endfacet
  facet normal 0.740908 -0.671607 0
    outer loop
      vertex 12.181 35.9032 2
      vertex 12.3787 36.1213 0
      vertex 12.3787 36.1213 2
    endloop
  endfacet
  facet normal 0.740908 -0.671607 0
    outer loop
      vertex 12.3787 36.1213 0
      vertex 12.181 35.9032 2
      vertex 12.181 35.9032 0
    endloop
  endfacet
  facet normal 0.146746 -0.989174 0
    outer loop
      vertex 13.9147 36.9424 0
      vertex 14.2059 36.9856 2
      vertex 13.9147 36.9424 2
    endloop
  endfacet
  facet normal 0.146746 -0.989174 0
    outer loop
      vertex 14.2059 36.9856 2
      vertex 13.9147 36.9424 0
      vertex 14.2059 36.9856 0
    endloop
  endfacet
  facet normal 0.904125 -0.427269 0
    outer loop
      vertex 11.7284 35.148 2
      vertex 11.8542 35.4142 0
      vertex 11.8542 35.4142 2
    endloop
  endfacet
  facet normal 0.904125 -0.427269 0
    outer loop
      vertex 11.8542 35.4142 0
      vertex 11.7284 35.148 2
      vertex 11.7284 35.148 0
    endloop
  endfacet
  facet normal 0.969982 -0.243175 0
    outer loop
      vertex 11.5576 34.5853 2
      vertex 11.6292 34.8709 0
      vertex 11.6292 34.8709 2
    endloop
  endfacet
  facet normal 0.969982 -0.243175 0
    outer loop
      vertex 11.6292 34.8709 0
      vertex 11.5576 34.5853 2
      vertex 11.5576 34.5853 0
    endloop
  endfacet
  facet normal -0.243175 -0.969982 0
    outer loop
      vertex 15.0853 36.9424 0
      vertex 15.3709 36.8708 2
      vertex 15.0853 36.9424 2
    endloop
  endfacet
  facet normal -0.243175 -0.969982 -0
    outer loop
      vertex 15.3709 36.8708 2
      vertex 15.0853 36.9424 0
      vertex 15.3709 36.8708 0
    endloop
  endfacet
  facet normal 0.969982 0.243175 0
    outer loop
      vertex 11.6292 33.1291 2
      vertex 11.5576 33.4147 0
      vertex 11.5576 33.4147 2
    endloop
  endfacet
  facet normal 0.969982 0.243175 0
    outer loop
      vertex 11.5576 33.4147 0
      vertex 11.6292 33.1291 2
      vertex 11.6292 33.1291 0
    endloop
  endfacet
  facet normal 0.4274 0.904063 -0
    outer loop
      vertex 13.3519 31.2284 0
      vertex 13.0858 31.3542 2
      vertex 13.3519 31.2284 2
    endloop
  endfacet
  facet normal 0.4274 0.904063 0
    outer loop
      vertex 13.0858 31.3542 2
      vertex 13.3519 31.2284 0
      vertex 13.0858 31.3542 0
    endloop
  endfacet
  facet normal 0.740908 0.671607 0
    outer loop
      vertex 12.3787 31.8787 2
      vertex 12.181 32.0968 0
      vertex 12.181 32.0968 2
    endloop
  endfacet
  facet normal 0.740908 0.671607 0
    outer loop
      vertex 12.181 32.0968 0
      vertex 12.3787 31.8787 2
      vertex 12.3787 31.8787 0
    endloop
  endfacet
  facet normal -0.0489044 0.998803 0
    outer loop
      vertex 14.7941 31.0144 0
      vertex 14.5 31 2
      vertex 14.7941 31.0144 2
    endloop
  endfacet
  facet normal -0.0489044 0.998803 0
    outer loop
      vertex 14.5 31 2
      vertex 14.7941 31.0144 0
      vertex 14.5 31 0
    endloop
  endfacet
  facet normal 0.989174 0.146746 0
    outer loop
      vertex 11.5576 33.4147 2
      vertex 11.5144 33.7059 0
      vertex 11.5144 33.7059 2
    endloop
  endfacet
  facet normal 0.989174 0.146746 0
    outer loop
      vertex 11.5144 33.7059 0
      vertex 11.5576 33.4147 2
      vertex 11.5576 33.4147 0
    endloop
  endfacet
  facet normal -0.595699 0.803208 0
    outer loop
      vertex 16.4032 31.681 0
      vertex 16.1667 31.5056 2
      vertex 16.4032 31.681 2
    endloop
  endfacet
  facet normal -0.595699 0.803208 0
    outer loop
      vertex 16.1667 31.5056 2
      vertex 16.4032 31.681 0
      vertex 16.1667 31.5056 0
    endloop
  endfacet
  facet normal 0.803208 0.595699 0
    outer loop
      vertex 12.181 32.0968 2
      vertex 12.0056 32.3333 0
      vertex 12.0056 32.3333 2
    endloop
  endfacet
  facet normal 0.803208 0.595699 0
    outer loop
      vertex 12.0056 32.3333 0
      vertex 12.181 32.0968 2
      vertex 12.181 32.0968 0
    endloop
  endfacet
  facet normal 0.998803 -0.0489044 0
    outer loop
      vertex 11.5 34 2
      vertex 11.5144 34.2941 0
      vertex 11.5144 34.2941 2
    endloop
  endfacet
  facet normal 0.998803 -0.0489044 0
    outer loop
      vertex 11.5144 34.2941 0
      vertex 11.5 34 2
      vertex 11.5 34 0
    endloop
  endfacet
  facet normal -0.740908 0.671607 0
    outer loop
      vertex 16.6213 31.8787 0
      vertex 16.819 32.0968 2
      vertex 16.819 32.0968 0
    endloop
  endfacet
  facet normal -0.740908 0.671607 0
    outer loop
      vertex 16.819 32.0968 2
      vertex 16.6213 31.8787 0
      vertex 16.6213 31.8787 2
    endloop
  endfacet
  facet normal 0.337047 0.941488 -0
    outer loop
      vertex 67.1291 31.6292 0
      vertex 66.852 31.7284 2
      vertex 67.1291 31.6292 2
    endloop
  endfacet
  facet normal 0.337047 0.941488 0
    outer loop
      vertex 66.852 31.7284 2
      vertex 67.1291 31.6292 0
      vertex 66.852 31.7284 0
    endloop
  endfacet
  facet normal -0.989224 -0.146413 0
    outer loop
      vertex 70.9855 34.7941 0
      vertex 70.9424 35.0853 2
      vertex 70.9424 35.0853 0
    endloop
  endfacet
  facet normal -0.989224 -0.146413 0
    outer loop
      vertex 70.9424 35.0853 2
      vertex 70.9855 34.7941 0
      vertex 70.9855 34.7941 2
    endloop
  endfacet
  facet normal -0.998787 -0.0492431 0
    outer loop
      vertex 71 34.5 0
      vertex 70.9855 34.7941 2
      vertex 70.9855 34.7941 0
    endloop
  endfacet
  facet normal -0.998787 -0.0492431 0
    outer loop
      vertex 70.9855 34.7941 2
      vertex 71 34.5 0
      vertex 71 34.5 2
    endloop
  endfacet
  facet normal -0.969982 -0.243175 0
    outer loop
      vertex 70.9424 35.0853 0
      vertex 70.8708 35.3709 2
      vertex 70.8708 35.3709 0
    endloop
  endfacet
  facet normal -0.969982 -0.243175 0
    outer loop
      vertex 70.8708 35.3709 2
      vertex 70.9424 35.0853 0
      vertex 70.9424 35.0853 2
    endloop
  endfacet
  facet normal 0.989174 -0.146746 0
    outer loop
      vertex 65.0144 34.7941 2
      vertex 65.0576 35.0853 0
      vertex 65.0576 35.0853 2
    endloop
  endfacet
  facet normal 0.989174 -0.146746 0
    outer loop
      vertex 65.0576 35.0853 0
      vertex 65.0144 34.7941 2
      vertex 65.0144 34.7941 0
    endloop
  endfacet
  facet normal 0.243175 0.969982 -0
    outer loop
      vertex 67.4147 31.5576 0
      vertex 67.1291 31.6292 2
      vertex 67.4147 31.5576 2
    endloop
  endfacet
  facet normal 0.243175 0.969982 0
    outer loop
      vertex 67.1291 31.6292 2
      vertex 67.4147 31.5576 0
      vertex 67.1291 31.6292 0
    endloop
  endfacet
  facet normal -0.336939 -0.941527 0
    outer loop
      vertex 68.8708 37.3708 0
      vertex 69.148 37.2716 2
      vertex 68.8708 37.3708 2
    endloop
  endfacet
  facet normal -0.336939 -0.941527 -0
    outer loop
      vertex 69.148 37.2716 2
      vertex 68.8708 37.3708 0
      vertex 69.148 37.2716 0
    endloop
  endfacet
  facet normal 0.514246 -0.857643 0
    outer loop
      vertex 66.3333 36.9944 0
      vertex 66.5858 37.1458 2
      vertex 66.3333 36.9944 2
    endloop
  endfacet
  facet normal 0.514246 -0.857643 0
    outer loop
      vertex 66.5858 37.1458 2
      vertex 66.3333 36.9944 0
      vertex 66.5858 37.1458 0
    endloop
  endfacet
  facet normal 0.904125 0.427269 0
    outer loop
      vertex 65.3542 33.0858 2
      vertex 65.2284 33.352 0
      vertex 65.2284 33.352 2
    endloop
  endfacet
  facet normal 0.904125 0.427269 0
    outer loop
      vertex 65.2284 33.352 0
      vertex 65.3542 33.0858 2
      vertex 65.3542 33.0858 0
    endloop
  endfacet
  facet normal 0.243175 -0.969982 0
    outer loop
      vertex 67.1291 37.3708 0
      vertex 67.4147 37.4424 2
      vertex 67.1291 37.3708 2
    endloop
  endfacet
  facet normal 0.243175 -0.969982 0
    outer loop
      vertex 67.4147 37.4424 2
      vertex 67.1291 37.3708 0
      vertex 67.4147 37.4424 0
    endloop
  endfacet
  facet normal 0.857643 0.514246 0
    outer loop
      vertex 65.5056 32.8333 2
      vertex 65.3542 33.0858 0
      vertex 65.3542 33.0858 2
    endloop
  endfacet
  facet normal 0.857643 0.514246 0
    outer loop
      vertex 65.3542 33.0858 0
      vertex 65.5056 32.8333 2
      vertex 65.5056 32.8333 0
    endloop
  endfacet
  facet normal -0.243255 0.969962 0
    outer loop
      vertex 68.8708 31.6292 0
      vertex 68.5853 31.5576 2
      vertex 68.8708 31.6292 2
    endloop
  endfacet
  facet normal -0.243255 0.969962 0
    outer loop
      vertex 68.5853 31.5576 2
      vertex 68.8708 31.6292 0
      vertex 68.5853 31.5576 0
    endloop
  endfacet
  facet normal 0.595699 0.803208 -0
    outer loop
      vertex 66.3333 32.0056 0
      vertex 66.0968 32.181 2
      vertex 66.3333 32.0056 2
    endloop
  endfacet
  facet normal 0.595699 0.803208 0
    outer loop
      vertex 66.0968 32.181 2
      vertex 66.3333 32.0056 0
      vertex 66.0968 32.181 0
    endloop
  endfacet
  facet normal -0.514246 0.857643 0
    outer loop
      vertex 69.6667 32.0056 0
      vertex 69.4142 31.8542 2
      vertex 69.6667 32.0056 2
    endloop
  endfacet
  facet normal -0.514246 0.857643 0
    outer loop
      vertex 69.4142 31.8542 2
      vertex 69.6667 32.0056 0
      vertex 69.4142 31.8542 0
    endloop
  endfacet
  facet normal -0.803208 0.595699 0
    outer loop
      vertex 70.319 32.5968 0
      vertex 70.4944 32.8333 2
      vertex 70.4944 32.8333 0
    endloop
  endfacet
  facet normal -0.803208 0.595699 0
    outer loop
      vertex 70.4944 32.8333 2
      vertex 70.319 32.5968 0
      vertex 70.319 32.5968 2
    endloop
  endfacet
  facet normal -0.146746 -0.989174 0
    outer loop
      vertex 68.2941 37.4856 0
      vertex 68.5853 37.4424 2
      vertex 68.2941 37.4856 2
    endloop
  endfacet
  facet normal -0.146746 -0.989174 -0
    outer loop
      vertex 68.5853 37.4424 2
      vertex 68.2941 37.4856 0
      vertex 68.5853 37.4424 0
    endloop
  endfacet
  facet normal 0.595699 -0.803208 0
    outer loop
      vertex 66.0968 36.819 0
      vertex 66.3333 36.9944 2
      vertex 66.0968 36.819 2
    endloop
  endfacet
  facet normal 0.595699 -0.803208 0
    outer loop
      vertex 66.3333 36.9944 2
      vertex 66.0968 36.819 0
      vertex 66.3333 36.9944 0
    endloop
  endfacet
  facet normal -0.427269 0.904125 0
    outer loop
      vertex 69.4142 31.8542 0
      vertex 69.148 31.7284 2
      vertex 69.4142 31.8542 2
    endloop
  endfacet
  facet normal -0.427269 0.904125 0
    outer loop
      vertex 69.148 31.7284 2
      vertex 69.4142 31.8542 0
      vertex 69.148 31.7284 0
    endloop
  endfacet
  facet normal 0.803208 -0.595699 0
    outer loop
      vertex 65.5056 36.1667 2
      vertex 65.681 36.4032 0
      vertex 65.681 36.4032 2
    endloop
  endfacet
  facet normal 0.803208 -0.595699 0
    outer loop
      vertex 65.681 36.4032 0
      vertex 65.5056 36.1667 2
      vertex 65.5056 36.1667 0
    endloop
  endfacet
  facet normal -0.989224 0.146413 0
    outer loop
      vertex 70.9424 33.9147 0
      vertex 70.9855 34.2059 2
      vertex 70.9855 34.2059 0
    endloop
  endfacet
  facet normal -0.989224 0.146413 0
    outer loop
      vertex 70.9855 34.2059 2
      vertex 70.9424 33.9147 0
      vertex 70.9424 33.9147 2
    endloop
  endfacet
  facet normal 0.941488 -0.337047 0
    outer loop
      vertex 65.1292 35.3709 2
      vertex 65.2284 35.648 0
      vertex 65.2284 35.648 2
    endloop
  endfacet
  facet normal 0.941488 -0.337047 0
    outer loop
      vertex 65.2284 35.648 0
      vertex 65.1292 35.3709 2
      vertex 65.1292 35.3709 0
    endloop
  endfacet
  facet normal -0.427269 -0.904125 0
    outer loop
      vertex 69.148 37.2716 0
      vertex 69.4142 37.1458 2
      vertex 69.148 37.2716 2
    endloop
  endfacet
  facet normal -0.427269 -0.904125 -0
    outer loop
      vertex 69.4142 37.1458 2
      vertex 69.148 37.2716 0
      vertex 69.4142 37.1458 0
    endloop
  endfacet
  facet normal 0.941488 0.337047 0
    outer loop
      vertex 65.2284 33.352 2
      vertex 65.1292 33.6291 0
      vertex 65.1292 33.6291 2
    endloop
  endfacet
  facet normal 0.941488 0.337047 0
    outer loop
      vertex 65.1292 33.6291 0
      vertex 65.2284 33.352 2
      vertex 65.2284 33.352 0
    endloop
  endfacet
  facet normal -0.969982 0.243175 0
    outer loop
      vertex 70.8708 33.6291 0
      vertex 70.9424 33.9147 2
      vertex 70.9424 33.9147 0
    endloop
  endfacet
  facet normal -0.969982 0.243175 0
    outer loop
      vertex 70.9424 33.9147 2
      vertex 70.8708 33.6291 0
      vertex 70.8708 33.6291 2
    endloop
  endfacet
  facet normal 0.0489044 -0.998803 0
    outer loop
      vertex 67.7059 37.4856 0
      vertex 68 37.5 2
      vertex 67.7059 37.4856 2
    endloop
  endfacet
  facet normal 0.0489044 -0.998803 0
    outer loop
      vertex 68 37.5 2
      vertex 67.7059 37.4856 0
      vertex 68 37.5 0
    endloop
  endfacet
  facet normal -0.671607 -0.740908 0
    outer loop
      vertex 69.9032 36.819 0
      vertex 70.1213 36.6213 2
      vertex 69.9032 36.819 2
    endloop
  endfacet
  facet normal -0.671607 -0.740908 -0
    outer loop
      vertex 70.1213 36.6213 2
      vertex 69.9032 36.819 0
      vertex 70.1213 36.6213 0
    endloop
  endfacet
  facet normal 0.427269 -0.904125 0
    outer loop
      vertex 66.5858 37.1458 0
      vertex 66.852 37.2716 2
      vertex 66.5858 37.1458 2
    endloop
  endfacet
  facet normal 0.427269 -0.904125 0
    outer loop
      vertex 66.852 37.2716 2
      vertex 66.5858 37.1458 0
      vertex 66.852 37.2716 0
    endloop
  endfacet
  facet normal 0.671607 -0.740908 0
    outer loop
      vertex 65.8787 36.6213 0
      vertex 66.0968 36.819 2
      vertex 65.8787 36.6213 2
    endloop
  endfacet
  facet normal 0.671607 -0.740908 0
    outer loop
      vertex 66.0968 36.819 2
      vertex 65.8787 36.6213 0
      vertex 66.0968 36.819 0
    endloop
  endfacet
  facet normal -0.336939 0.941527 0
    outer loop
      vertex 69.148 31.7284 0
      vertex 68.8708 31.6292 2
      vertex 69.148 31.7284 2
    endloop
  endfacet
  facet normal -0.336939 0.941527 0
    outer loop
      vertex 68.8708 31.6292 2
      vertex 69.148 31.7284 0
      vertex 68.8708 31.6292 0
    endloop
  endfacet
  facet normal 0.337047 -0.941488 0
    outer loop
      vertex 66.852 37.2716 0
      vertex 67.1291 37.3708 2
      vertex 66.852 37.2716 2
    endloop
  endfacet
  facet normal 0.337047 -0.941488 0
    outer loop
      vertex 67.1291 37.3708 2
      vertex 66.852 37.2716 0
      vertex 67.1291 37.3708 0
    endloop
  endfacet
  facet normal -0.803208 -0.595699 0
    outer loop
      vertex 70.4944 36.1667 0
      vertex 70.319 36.4032 2
      vertex 70.319 36.4032 0
    endloop
  endfacet
  facet normal -0.803208 -0.595699 0
    outer loop
      vertex 70.319 36.4032 2
      vertex 70.4944 36.1667 0
      vertex 70.4944 36.1667 2
    endloop
  endfacet
  facet normal 0.857643 -0.514246 0
    outer loop
      vertex 65.3542 35.9142 2
      vertex 65.5056 36.1667 0
      vertex 65.5056 36.1667 2
    endloop
  endfacet
  facet normal 0.857643 -0.514246 0
    outer loop
      vertex 65.5056 36.1667 0
      vertex 65.3542 35.9142 2
      vertex 65.3542 35.9142 0
    endloop
  endfacet
  facet normal -0.998787 0.0492431 0
    outer loop
      vertex 70.9855 34.2059 0
      vertex 71 34.5 2
      vertex 71 34.5 0
    endloop
  endfacet
  facet normal -0.998787 0.0492431 0
    outer loop
      vertex 71 34.5 2
      vertex 70.9855 34.2059 0
      vertex 70.9855 34.2059 2
    endloop
  endfacet
  facet normal -0.904125 0.427269 0
    outer loop
      vertex 70.6458 33.0858 0
      vertex 70.7716 33.352 2
      vertex 70.7716 33.352 0
    endloop
  endfacet
  facet normal -0.904125 0.427269 0
    outer loop
      vertex 70.7716 33.352 2
      vertex 70.6458 33.0858 0
      vertex 70.6458 33.0858 2
    endloop
  endfacet
  facet normal -0.857643 -0.514246 0
    outer loop
      vertex 70.6458 35.9142 0
      vertex 70.4944 36.1667 2
      vertex 70.4944 36.1667 0
    endloop
  endfacet
  facet normal -0.857643 -0.514246 0
    outer loop
      vertex 70.4944 36.1667 2
      vertex 70.6458 35.9142 0
      vertex 70.6458 35.9142 2
    endloop
  endfacet
  facet normal -0.595699 -0.803208 0
    outer loop
      vertex 69.6667 36.9944 0
      vertex 69.9032 36.819 2
      vertex 69.6667 36.9944 2
    endloop
  endfacet
  facet normal -0.595699 -0.803208 -0
    outer loop
      vertex 69.9032 36.819 2
      vertex 69.6667 36.9944 0
      vertex 69.9032 36.819 0
    endloop
  endfacet
  facet normal 0.514246 0.857643 -0
    outer loop
      vertex 66.5858 31.8542 0
      vertex 66.3333 32.0056 2
      vertex 66.5858 31.8542 2
    endloop
  endfacet
  facet normal 0.514246 0.857643 0
    outer loop
      vertex 66.3333 32.0056 2
      vertex 66.5858 31.8542 0
      vertex 66.3333 32.0056 0
    endloop
  endfacet
  facet normal -0.514246 -0.857643 0
    outer loop
      vertex 69.4142 37.1458 0
      vertex 69.6667 36.9944 2
      vertex 69.4142 37.1458 2
    endloop
  endfacet
  facet normal -0.514246 -0.857643 -0
    outer loop
      vertex 69.6667 36.9944 2
      vertex 69.4142 37.1458 0
      vertex 69.6667 36.9944 0
    endloop
  endfacet
  facet normal -0.146746 0.989174 0
    outer loop
      vertex 68.5853 31.5576 0
      vertex 68.2941 31.5144 2
      vertex 68.5853 31.5576 2
    endloop
  endfacet
  facet normal -0.146746 0.989174 0
    outer loop
      vertex 68.2941 31.5144 2
      vertex 68.5853 31.5576 0
      vertex 68.2941 31.5144 0
    endloop
  endfacet
  facet normal -0.941488 -0.337047 0
    outer loop
      vertex 70.8708 35.3709 0
      vertex 70.7716 35.648 2
      vertex 70.7716 35.648 0
    endloop
  endfacet
  facet normal -0.941488 -0.337047 0
    outer loop
      vertex 70.7716 35.648 2
      vertex 70.8708 35.3709 0
      vertex 70.8708 35.3709 2
    endloop
  endfacet
  facet normal -0.857643 0.514246 0
    outer loop
      vertex 70.4944 32.8333 0
      vertex 70.6458 33.0858 2
      vertex 70.6458 33.0858 0
    endloop
  endfacet
  facet normal -0.857643 0.514246 0
    outer loop
      vertex 70.6458 33.0858 2
      vertex 70.4944 32.8333 0
      vertex 70.4944 32.8333 2
    endloop
  endfacet
  facet normal 0.998803 0.0489044 0
    outer loop
      vertex 65.0144 34.2059 2
      vertex 65 34.5 0
      vertex 65 34.5 2
    endloop
  endfacet
  facet normal 0.998803 0.0489044 0
    outer loop
      vertex 65 34.5 0
      vertex 65.0144 34.2059 2
      vertex 65.0144 34.2059 0
    endloop
  endfacet
  facet normal -0.941488 0.337047 0
    outer loop
      vertex 70.7716 33.352 0
      vertex 70.8708 33.6291 2
      vertex 70.8708 33.6291 0
    endloop
  endfacet
  facet normal -0.941488 0.337047 0
    outer loop
      vertex 70.8708 33.6291 2
      vertex 70.7716 33.352 0
      vertex 70.7716 33.352 2
    endloop
  endfacet
  facet normal -0.740908 -0.671607 0
    outer loop
      vertex 70.319 36.4032 0
      vertex 70.1213 36.6213 2
      vertex 70.1213 36.6213 0
    endloop
  endfacet
  facet normal -0.740908 -0.671607 0
    outer loop
      vertex 70.1213 36.6213 2
      vertex 70.319 36.4032 0
      vertex 70.319 36.4032 2
    endloop
  endfacet
  facet normal -0.0489044 -0.998803 0
    outer loop
      vertex 68 37.5 0
      vertex 68.2941 37.4856 2
      vertex 68 37.5 2
    endloop
  endfacet
  facet normal -0.0489044 -0.998803 -0
    outer loop
      vertex 68.2941 37.4856 2
      vertex 68 37.5 0
      vertex 68.2941 37.4856 0
    endloop
  endfacet
  facet normal -0.904125 -0.427269 0
    outer loop
      vertex 70.7716 35.648 0
      vertex 70.6458 35.9142 2
      vertex 70.6458 35.9142 0
    endloop
  endfacet
  facet normal -0.904125 -0.427269 0
    outer loop
      vertex 70.6458 35.9142 2
      vertex 70.7716 35.648 0
      vertex 70.7716 35.648 2
    endloop
  endfacet
  facet normal 0.146746 0.989174 -0
    outer loop
      vertex 67.7059 31.5144 0
      vertex 67.4147 31.5576 2
      vertex 67.7059 31.5144 2
    endloop
  endfacet
  facet normal 0.146746 0.989174 0
    outer loop
      vertex 67.4147 31.5576 2
      vertex 67.7059 31.5144 0
      vertex 67.4147 31.5576 0
    endloop
  endfacet
  facet normal -0.671607 0.740908 0
    outer loop
      vertex 70.1213 32.3787 0
      vertex 69.9032 32.181 2
      vertex 70.1213 32.3787 2
    endloop
  endfacet
  facet normal -0.671607 0.740908 0
    outer loop
      vertex 69.9032 32.181 2
      vertex 70.1213 32.3787 0
      vertex 69.9032 32.181 0
    endloop
  endfacet
  facet normal 0.0489044 0.998803 -0
    outer loop
      vertex 68 31.5 0
      vertex 67.7059 31.5144 2
      vertex 68 31.5 2
    endloop
  endfacet
  facet normal 0.0489044 0.998803 0
    outer loop
      vertex 67.7059 31.5144 2
      vertex 68 31.5 0
      vertex 67.7059 31.5144 0
    endloop
  endfacet
  facet normal 0.740908 -0.671607 0
    outer loop
      vertex 65.681 36.4032 2
      vertex 65.8787 36.6213 0
      vertex 65.8787 36.6213 2
    endloop
  endfacet
  facet normal 0.740908 -0.671607 0
    outer loop
      vertex 65.8787 36.6213 0
      vertex 65.681 36.4032 2
      vertex 65.681 36.4032 0
    endloop
  endfacet
  facet normal 0.146746 -0.989174 0
    outer loop
      vertex 67.4147 37.4424 0
      vertex 67.7059 37.4856 2
      vertex 67.4147 37.4424 2
    endloop
  endfacet
  facet normal 0.146746 -0.989174 0
    outer loop
      vertex 67.7059 37.4856 2
      vertex 67.4147 37.4424 0
      vertex 67.7059 37.4856 0
    endloop
  endfacet
  facet normal 0.904125 -0.427269 0
    outer loop
      vertex 65.2284 35.648 2
      vertex 65.3542 35.9142 0
      vertex 65.3542 35.9142 2
    endloop
  endfacet
  facet normal 0.904125 -0.427269 0
    outer loop
      vertex 65.3542 35.9142 0
      vertex 65.2284 35.648 2
      vertex 65.2284 35.648 0
    endloop
  endfacet
  facet normal 0.671607 0.740908 -0
    outer loop
      vertex 66.0968 32.181 0
      vertex 65.8787 32.3787 2
      vertex 66.0968 32.181 2
    endloop
  endfacet
  facet normal 0.671607 0.740908 0
    outer loop
      vertex 65.8787 32.3787 2
      vertex 66.0968 32.181 0
      vertex 65.8787 32.3787 0
    endloop
  endfacet
  facet normal 0.969982 -0.243175 0
    outer loop
      vertex 65.0576 35.0853 2
      vertex 65.1292 35.3709 0
      vertex 65.1292 35.3709 2
    endloop
  endfacet
  facet normal 0.969982 -0.243175 0
    outer loop
      vertex 65.1292 35.3709 0
      vertex 65.0576 35.0853 2
      vertex 65.0576 35.0853 0
    endloop
  endfacet
  facet normal -0.243255 -0.969962 0
    outer loop
      vertex 68.5853 37.4424 0
      vertex 68.8708 37.3708 2
      vertex 68.5853 37.4424 2
    endloop
  endfacet
  facet normal -0.243255 -0.969962 -0
    outer loop
      vertex 68.8708 37.3708 2
      vertex 68.5853 37.4424 0
      vertex 68.8708 37.3708 0
    endloop
  endfacet
  facet normal 0.969982 0.243175 0
    outer loop
      vertex 65.1292 33.6291 2
      vertex 65.0576 33.9147 0
      vertex 65.0576 33.9147 2
    endloop
  endfacet
  facet normal 0.969982 0.243175 0
    outer loop
      vertex 65.0576 33.9147 0
      vertex 65.1292 33.6291 2
      vertex 65.1292 33.6291 0
    endloop
  endfacet
  facet normal 0.427269 0.904125 -0
    outer loop
      vertex 66.852 31.7284 0
      vertex 66.5858 31.8542 2
      vertex 66.852 31.7284 2
    endloop
  endfacet
  facet normal 0.427269 0.904125 0
    outer loop
      vertex 66.5858 31.8542 2
      vertex 66.852 31.7284 0
      vertex 66.5858 31.8542 0
    endloop
  endfacet
  facet normal 0.740908 0.671607 0
    outer loop
      vertex 65.8787 32.3787 2
      vertex 65.681 32.5968 0
      vertex 65.681 32.5968 2
    endloop
  endfacet
  facet normal 0.740908 0.671607 0
    outer loop
      vertex 65.681 32.5968 0
      vertex 65.8787 32.3787 2
      vertex 65.8787 32.3787 0
    endloop
  endfacet
  facet normal -0.0489044 0.998803 0
    outer loop
      vertex 68.2941 31.5144 0
      vertex 68 31.5 2
      vertex 68.2941 31.5144 2
    endloop
  endfacet
  facet normal -0.0489044 0.998803 0
    outer loop
      vertex 68 31.5 2
      vertex 68.2941 31.5144 0
      vertex 68 31.5 0
    endloop
  endfacet
  facet normal 0.989174 0.146746 0
    outer loop
      vertex 65.0576 33.9147 2
      vertex 65.0144 34.2059 0
      vertex 65.0144 34.2059 2
    endloop
  endfacet
  facet normal 0.989174 0.146746 0
    outer loop
      vertex 65.0144 34.2059 0
      vertex 65.0576 33.9147 2
      vertex 65.0576 33.9147 0
    endloop
  endfacet
  facet normal -0.595699 0.803208 0
    outer loop
      vertex 69.9032 32.181 0
      vertex 69.6667 32.0056 2
      vertex 69.9032 32.181 2
    endloop
  endfacet
  facet normal -0.595699 0.803208 0
    outer loop
      vertex 69.6667 32.0056 2
      vertex 69.9032 32.181 0
      vertex 69.6667 32.0056 0
    endloop
  endfacet
  facet normal 0.803208 0.595699 0
    outer loop
      vertex 65.681 32.5968 2
      vertex 65.5056 32.8333 0
      vertex 65.5056 32.8333 2
    endloop
  endfacet
  facet normal 0.803208 0.595699 0
    outer loop
      vertex 65.5056 32.8333 0
      vertex 65.681 32.5968 2
      vertex 65.681 32.5968 0
    endloop
  endfacet
  facet normal 0.998803 -0.0489044 0
    outer loop
      vertex 65 34.5 2
      vertex 65.0144 34.7941 0
      vertex 65.0144 34.7941 2
    endloop
  endfacet
  facet normal 0.998803 -0.0489044 0
    outer loop
      vertex 65.0144 34.7941 0
      vertex 65 34.5 2
      vertex 65 34.5 0
    endloop
  endfacet
  facet normal -0.740908 0.671607 0
    outer loop
      vertex 70.1213 32.3787 0
      vertex 70.319 32.5968 2
      vertex 70.319 32.5968 0
    endloop
  endfacet
  facet normal -0.740908 0.671607 0
    outer loop
      vertex 70.319 32.5968 2
      vertex 70.1213 32.3787 0
      vertex 70.1213 32.3787 2
    endloop
  endfacet
  facet normal 0.336986 0.94151 -0
    outer loop
      vertex 45.1291 3.62918 0
      vertex 44.852 3.72836 2
      vertex 45.1291 3.62918 2
    endloop
  endfacet
  facet normal 0.336986 0.94151 0
    outer loop
      vertex 44.852 3.72836 2
      vertex 45.1291 3.62918 0
      vertex 44.852 3.72836 0
    endloop
  endfacet
  facet normal -0.989176 -0.146736 0
    outer loop
      vertex 48.9856 6.79405 0
      vertex 48.9424 7.08527 2
      vertex 48.9424 7.08527 0
    endloop
  endfacet
  facet normal -0.989176 -0.146736 0
    outer loop
      vertex 48.9424 7.08527 2
      vertex 48.9856 6.79405 0
      vertex 48.9856 6.79405 2
    endloop
  endfacet
  facet normal -0.998803 -0.0489126 0
    outer loop
      vertex 49 6.5 0
      vertex 48.9856 6.79405 2
      vertex 48.9856 6.79405 0
    endloop
  endfacet
  facet normal -0.998803 -0.0489126 0
    outer loop
      vertex 48.9856 6.79405 2
      vertex 49 6.5 0
      vertex 49 6.5 2
    endloop
  endfacet
  facet normal -0.969978 -0.243191 0
    outer loop
      vertex 48.9424 7.08527 0
      vertex 48.8708 7.37085 2
      vertex 48.8708 7.37085 0
    endloop
  endfacet
  facet normal -0.969978 -0.243191 0
    outer loop
      vertex 48.8708 7.37085 2
      vertex 48.9424 7.08527 0
      vertex 48.9424 7.08527 2
    endloop
  endfacet
  facet normal 0.989176 -0.146736 0
    outer loop
      vertex 43.0144 6.79405 2
      vertex 43.0576 7.08527 0
      vertex 43.0576 7.08527 2
    endloop
  endfacet
  facet normal 0.989176 -0.146736 0
    outer loop
      vertex 43.0576 7.08527 0
      vertex 43.0144 6.79405 2
      vertex 43.0144 6.79405 0
    endloop
  endfacet
  facet normal 0.242983 0.970031 -0
    outer loop
      vertex 45.4147 3.55764 0
      vertex 45.1291 3.62918 2
      vertex 45.4147 3.55764 2
    endloop
  endfacet
  facet normal 0.242983 0.970031 0
    outer loop
      vertex 45.1291 3.62918 2
      vertex 45.4147 3.55764 0
      vertex 45.1291 3.62918 0
    endloop
  endfacet
  facet normal -0.336986 -0.94151 0
    outer loop
      vertex 46.8709 9.37082 0
      vertex 47.148 9.27164 2
      vertex 46.8709 9.37082 2
    endloop
  endfacet
  facet normal -0.336986 -0.94151 -0
    outer loop
      vertex 47.148 9.27164 2
      vertex 46.8709 9.37082 0
      vertex 47.148 9.27164 0
    endloop
  endfacet
  facet normal 0.514121 -0.857718 0
    outer loop
      vertex 44.3333 8.99441 0
      vertex 44.5858 9.14576 2
      vertex 44.3333 8.99441 2
    endloop
  endfacet
  facet normal 0.514121 -0.857718 0
    outer loop
      vertex 44.5858 9.14576 2
      vertex 44.3333 8.99441 0
      vertex 44.5858 9.14576 0
    endloop
  endfacet
  facet normal 0.904088 0.427347 0
    outer loop
      vertex 43.3542 5.08581 2
      vertex 43.2284 5.35195 0
      vertex 43.2284 5.35195 2
    endloop
  endfacet
  facet normal 0.904088 0.427347 0
    outer loop
      vertex 43.2284 5.35195 0
      vertex 43.3542 5.08581 2
      vertex 43.3542 5.08581 0
    endloop
  endfacet
  facet normal 0.242983 -0.970031 0
    outer loop
      vertex 45.1291 9.37082 0
      vertex 45.4147 9.44236 2
      vertex 45.1291 9.37082 2
    endloop
  endfacet
  facet normal 0.242983 -0.970031 0
    outer loop
      vertex 45.4147 9.44236 2
      vertex 45.1291 9.37082 0
      vertex 45.4147 9.44236 0
    endloop
  endfacet
  facet normal 0.857661 0.514216 0
    outer loop
      vertex 43.5056 4.83329 2
      vertex 43.3542 5.08581 0
      vertex 43.3542 5.08581 2
    endloop
  endfacet
  facet normal 0.857661 0.514216 0
    outer loop
      vertex 43.3542 5.08581 0
      vertex 43.5056 4.83329 2
      vertex 43.5056 4.83329 0
    endloop
  endfacet
  facet normal -0.242983 0.970031 0
    outer loop
      vertex 46.8709 3.62918 0
      vertex 46.5853 3.55764 2
      vertex 46.8709 3.62918 2
    endloop
  endfacet
  facet normal -0.242983 0.970031 0
    outer loop
      vertex 46.5853 3.55764 2
      vertex 46.8709 3.62918 0
      vertex 46.5853 3.55764 0
    endloop
  endfacet
  facet normal 0.595655 0.803241 -0
    outer loop
      vertex 44.3333 4.00559 0
      vertex 44.0968 4.18097 2
      vertex 44.3333 4.00559 2
    endloop
  endfacet
  facet normal 0.595655 0.803241 0
    outer loop
      vertex 44.0968 4.18097 2
      vertex 44.3333 4.00559 0
      vertex 44.0968 4.18097 0
    endloop
  endfacet
  facet normal -0.514121 0.857718 0
    outer loop
      vertex 47.6667 4.00559 0
      vertex 47.4142 3.85424 2
      vertex 47.6667 4.00559 2
    endloop
  endfacet
  facet normal -0.514121 0.857718 0
    outer loop
      vertex 47.4142 3.85424 2
      vertex 47.6667 4.00559 0
      vertex 47.4142 3.85424 0
    endloop
  endfacet
  facet normal -0.803172 0.595747 0
    outer loop
      vertex 48.319 4.59682 0
      vertex 48.4944 4.83329 2
      vertex 48.4944 4.83329 0
    endloop
  endfacet
  facet normal -0.803172 0.595747 0
    outer loop
      vertex 48.4944 4.83329 2
      vertex 48.319 4.59682 0
      vertex 48.319 4.59682 2
    endloop
  endfacet
  facet normal -0.146712 -0.989179 0
    outer loop
      vertex 46.2941 9.48555 0
      vertex 46.5853 9.44236 2
      vertex 46.2941 9.48555 2
    endloop
  endfacet
  facet normal -0.146712 -0.989179 -0
    outer loop
      vertex 46.5853 9.44236 2
      vertex 46.2941 9.48555 0
      vertex 46.5853 9.44236 0
    endloop
  endfacet
  facet normal 0.595655 -0.803241 0
    outer loop
      vertex 44.0968 8.81903 0
      vertex 44.3333 8.99441 2
      vertex 44.0968 8.81903 2
    endloop
  endfacet
  facet normal 0.595655 -0.803241 0
    outer loop
      vertex 44.3333 8.99441 2
      vertex 44.0968 8.81903 0
      vertex 44.3333 8.99441 0
    endloop
  endfacet
  facet normal 0.803172 -0.595747 0
    outer loop
      vertex 43.5056 8.16671 2
      vertex 43.681 8.40318 0
      vertex 43.681 8.40318 2
    endloop
  endfacet
  facet normal 0.803172 -0.595747 0
    outer loop
      vertex 43.681 8.40318 0
      vertex 43.5056 8.16671 2
      vertex 43.5056 8.16671 0
    endloop
  endfacet
  facet normal -0.989176 0.146736 0
    outer loop
      vertex 48.9424 5.91473 0
      vertex 48.9856 6.20595 2
      vertex 48.9856 6.20595 0
    endloop
  endfacet
  facet normal -0.989176 0.146736 0
    outer loop
      vertex 48.9856 6.20595 2
      vertex 48.9424 5.91473 0
      vertex 48.9424 5.91473 2
    endloop
  endfacet
  facet normal 0.941527 -0.336939 0
    outer loop
      vertex 43.1292 7.37085 2
      vertex 43.2284 7.64805 0
      vertex 43.2284 7.64805 2
    endloop
  endfacet
  facet normal 0.941527 -0.336939 0
    outer loop
      vertex 43.2284 7.64805 0
      vertex 43.1292 7.37085 2
      vertex 43.1292 7.37085 0
    endloop
  endfacet
  facet normal -0.427491 -0.90402 0
    outer loop
      vertex 47.148 9.27164 0
      vertex 47.4142 9.14576 2
      vertex 47.148 9.27164 2
    endloop
  endfacet
  facet normal -0.427491 -0.90402 -0
    outer loop
      vertex 47.4142 9.14576 2
      vertex 47.148 9.27164 0
      vertex 47.4142 9.14576 0
    endloop
  endfacet
  facet normal 0.941527 0.336939 0
    outer loop
      vertex 43.2284 5.35195 2
      vertex 43.1292 5.62915 0
      vertex 43.1292 5.62915 2
    endloop
  endfacet
  facet normal 0.941527 0.336939 0
    outer loop
      vertex 43.1292 5.62915 0
      vertex 43.2284 5.35195 2
      vertex 43.2284 5.35195 0
    endloop
  endfacet
  facet normal -0.969978 0.243191 0
    outer loop
      vertex 48.8708 5.62915 0
      vertex 48.9424 5.91473 2
      vertex 48.9424 5.91473 0
    endloop
  endfacet
  facet normal -0.969978 0.243191 0
    outer loop
      vertex 48.9424 5.91473 2
      vertex 48.8708 5.62915 0
      vertex 48.8708 5.62915 2
    endloop
  endfacet
  facet normal 0.0490738 -0.998795 0
    outer loop
      vertex 45.7059 9.48555 0
      vertex 46 9.5 2
      vertex 45.7059 9.48555 2
    endloop
  endfacet
  facet normal 0.0490738 -0.998795 0
    outer loop
      vertex 46 9.5 2
      vertex 45.7059 9.48555 0
      vertex 46 9.5 0
    endloop
  endfacet
  facet normal -0.671625 -0.740891 0
    outer loop
      vertex 47.9032 8.81903 0
      vertex 48.1213 8.62132 2
      vertex 47.9032 8.81903 2
    endloop
  endfacet
  facet normal -0.671625 -0.740891 -0
    outer loop
      vertex 48.1213 8.62132 2
      vertex 47.9032 8.81903 0
      vertex 48.1213 8.62132 0
    endloop
  endfacet
  facet normal 0.427491 -0.90402 0
    outer loop
      vertex 44.5858 9.14576 0
      vertex 44.852 9.27164 2
      vertex 44.5858 9.14576 2
    endloop
  endfacet
  facet normal 0.427491 -0.90402 0
    outer loop
      vertex 44.852 9.27164 2
      vertex 44.5858 9.14576 0
      vertex 44.852 9.27164 0
    endloop
  endfacet
  facet normal 0.671625 -0.740891 0
    outer loop
      vertex 43.8787 8.62132 0
      vertex 44.0968 8.81903 2
      vertex 43.8787 8.62132 2
    endloop
  endfacet
  facet normal 0.671625 -0.740891 0
    outer loop
      vertex 44.0968 8.81903 2
      vertex 43.8787 8.62132 0
      vertex 44.0968 8.81903 0
    endloop
  endfacet
  facet normal -0.336986 0.94151 0
    outer loop
      vertex 47.148 3.72836 0
      vertex 46.8709 3.62918 2
      vertex 47.148 3.72836 2
    endloop
  endfacet
  facet normal -0.336986 0.94151 0
    outer loop
      vertex 46.8709 3.62918 2
      vertex 47.148 3.72836 0
      vertex 46.8709 3.62918 0
    endloop
  endfacet
  facet normal 0.336986 -0.94151 0
    outer loop
      vertex 44.852 9.27164 0
      vertex 45.1291 9.37082 2
      vertex 44.852 9.27164 2
    endloop
  endfacet
  facet normal 0.336986 -0.94151 0
    outer loop
      vertex 45.1291 9.37082 2
      vertex 44.852 9.27164 0
      vertex 45.1291 9.37082 0
    endloop
  endfacet
  facet normal -0.803172 -0.595747 0
    outer loop
      vertex 48.4944 8.16671 0
      vertex 48.319 8.40318 2
      vertex 48.319 8.40318 0
    endloop
  endfacet
  facet normal -0.803172 -0.595747 0
    outer loop
      vertex 48.319 8.40318 2
      vertex 48.4944 8.16671 0
      vertex 48.4944 8.16671 2
    endloop
  endfacet
  facet normal 0.857661 -0.514216 0
    outer loop
      vertex 43.3542 7.91419 2
      vertex 43.5056 8.16671 0
      vertex 43.5056 8.16671 2
    endloop
  endfacet
  facet normal 0.857661 -0.514216 0
    outer loop
      vertex 43.5056 8.16671 0
      vertex 43.3542 7.91419 2
      vertex 43.3542 7.91419 0
    endloop
  endfacet
  facet normal -0.998803 0.0489126 0
    outer loop
      vertex 48.9856 6.20595 0
      vertex 49 6.5 2
      vertex 49 6.5 0
    endloop
  endfacet
  facet normal -0.998803 0.0489126 0
    outer loop
      vertex 49 6.5 2
      vertex 48.9856 6.20595 0
      vertex 48.9856 6.20595 2
    endloop
  endfacet
  facet normal -0.904088 0.427347 0
    outer loop
      vertex 48.6458 5.08581 0
      vertex 48.7716 5.35195 2
      vertex 48.7716 5.35195 0
    endloop
  endfacet
  facet normal -0.904088 0.427347 0
    outer loop
      vertex 48.7716 5.35195 2
      vertex 48.6458 5.08581 0
      vertex 48.6458 5.08581 2
    endloop
  endfacet
  facet normal 0.671625 0.740891 -0
    outer loop
      vertex 44.0968 4.18097 0
      vertex 43.8787 4.37868 2
      vertex 44.0968 4.18097 2
    endloop
  endfacet
  facet normal 0.671625 0.740891 0
    outer loop
      vertex 43.8787 4.37868 2
      vertex 44.0968 4.18097 0
      vertex 43.8787 4.37868 0
    endloop
  endfacet
  facet normal -0.595655 -0.803241 0
    outer loop
      vertex 47.6667 8.99441 0
      vertex 47.9032 8.81903 2
      vertex 47.6667 8.99441 2
    endloop
  endfacet
  facet normal -0.595655 -0.803241 -0
    outer loop
      vertex 47.9032 8.81903 2
      vertex 47.6667 8.99441 0
      vertex 47.9032 8.81903 0
    endloop
  endfacet
  facet normal 0.514121 0.857718 -0
    outer loop
      vertex 44.5858 3.85424 0
      vertex 44.3333 4.00559 2
      vertex 44.5858 3.85424 2
    endloop
  endfacet
  facet normal 0.514121 0.857718 0
    outer loop
      vertex 44.3333 4.00559 2
      vertex 44.5858 3.85424 0
      vertex 44.3333 4.00559 0
    endloop
  endfacet
  facet normal -0.514121 -0.857718 0
    outer loop
      vertex 47.4142 9.14576 0
      vertex 47.6667 8.99441 2
      vertex 47.4142 9.14576 2
    endloop
  endfacet
  facet normal -0.514121 -0.857718 -0
    outer loop
      vertex 47.6667 8.99441 2
      vertex 47.4142 9.14576 0
      vertex 47.6667 8.99441 0
    endloop
  endfacet
  facet normal -0.146712 0.989179 0
    outer loop
      vertex 46.5853 3.55764 0
      vertex 46.2941 3.51445 2
      vertex 46.5853 3.55764 2
    endloop
  endfacet
  facet normal -0.146712 0.989179 0
    outer loop
      vertex 46.2941 3.51445 2
      vertex 46.5853 3.55764 0
      vertex 46.2941 3.51445 0
    endloop
  endfacet
  facet normal -0.941527 -0.336939 0
    outer loop
      vertex 48.8708 7.37085 0
      vertex 48.7716 7.64805 2
      vertex 48.7716 7.64805 0
    endloop
  endfacet
  facet normal -0.941527 -0.336939 0
    outer loop
      vertex 48.7716 7.64805 2
      vertex 48.8708 7.37085 0
      vertex 48.8708 7.37085 2
    endloop
  endfacet
  facet normal -0.857661 0.514216 0
    outer loop
      vertex 48.4944 4.83329 0
      vertex 48.6458 5.08581 2
      vertex 48.6458 5.08581 0
    endloop
  endfacet
  facet normal -0.857661 0.514216 0
    outer loop
      vertex 48.6458 5.08581 2
      vertex 48.4944 4.83329 0
      vertex 48.4944 4.83329 2
    endloop
  endfacet
  facet normal 0.998803 0.0489126 0
    outer loop
      vertex 43.0144 6.20595 2
      vertex 43 6.5 0
      vertex 43 6.5 2
    endloop
  endfacet
  facet normal 0.998803 0.0489126 0
    outer loop
      vertex 43 6.5 0
      vertex 43.0144 6.20595 2
      vertex 43.0144 6.20595 0
    endloop
  endfacet
  facet normal -0.941527 0.336939 0
    outer loop
      vertex 48.7716 5.35195 0
      vertex 48.8708 5.62915 2
      vertex 48.8708 5.62915 0
    endloop
  endfacet
  facet normal -0.941527 0.336939 0
    outer loop
      vertex 48.8708 5.62915 2
      vertex 48.7716 5.35195 0
      vertex 48.7716 5.35195 2
    endloop
  endfacet
  facet normal 0.146712 -0.989179 0
    outer loop
      vertex 45.4147 9.44236 0
      vertex 45.7059 9.48555 2
      vertex 45.4147 9.44236 2
    endloop
  endfacet
  facet normal 0.146712 -0.989179 0
    outer loop
      vertex 45.7059 9.48555 2
      vertex 45.4147 9.44236 0
      vertex 45.7059 9.48555 0
    endloop
  endfacet
  facet normal -0.740969 -0.671539 0
    outer loop
      vertex 48.319 8.40318 0
      vertex 48.1213 8.62132 2
      vertex 48.1213 8.62132 0
    endloop
  endfacet
  facet normal -0.740969 -0.671539 0
    outer loop
      vertex 48.1213 8.62132 2
      vertex 48.319 8.40318 0
      vertex 48.319 8.40318 2
    endloop
  endfacet
  facet normal -0.0490738 -0.998795 0
    outer loop
      vertex 46 9.5 0
      vertex 46.2941 9.48555 2
      vertex 46 9.5 2
    endloop
  endfacet
  facet normal -0.0490738 -0.998795 -0
    outer loop
      vertex 46.2941 9.48555 2
      vertex 46 9.5 0
      vertex 46.2941 9.48555 0
    endloop
  endfacet
  facet normal -0.904088 -0.427347 0
    outer loop
      vertex 48.7716 7.64805 0
      vertex 48.6458 7.91419 2
      vertex 48.6458 7.91419 0
    endloop
  endfacet
  facet normal -0.904088 -0.427347 0
    outer loop
      vertex 48.6458 7.91419 2
      vertex 48.7716 7.64805 0
      vertex 48.7716 7.64805 2
    endloop
  endfacet
  facet normal 0.146712 0.989179 -0
    outer loop
      vertex 45.7059 3.51445 0
      vertex 45.4147 3.55764 2
      vertex 45.7059 3.51445 2
    endloop
  endfacet
  facet normal 0.146712 0.989179 0
    outer loop
      vertex 45.4147 3.55764 2
      vertex 45.7059 3.51445 0
      vertex 45.4147 3.55764 0
    endloop
  endfacet
  facet normal -0.671625 0.740891 0
    outer loop
      vertex 48.1213 4.37868 0
      vertex 47.9032 4.18097 2
      vertex 48.1213 4.37868 2
    endloop
  endfacet
  facet normal -0.671625 0.740891 0
    outer loop
      vertex 47.9032 4.18097 2
      vertex 48.1213 4.37868 0
      vertex 47.9032 4.18097 0
    endloop
  endfacet
  facet normal -0.857661 -0.514216 0
    outer loop
      vertex 48.6458 7.91419 0
      vertex 48.4944 8.16671 2
      vertex 48.4944 8.16671 0
    endloop
  endfacet
  facet normal -0.857661 -0.514216 0
    outer loop
      vertex 48.4944 8.16671 2
      vertex 48.6458 7.91419 0
      vertex 48.6458 7.91419 2
    endloop
  endfacet
  facet normal 0.0490738 0.998795 -0
    outer loop
      vertex 46 3.5 0
      vertex 45.7059 3.51445 2
      vertex 46 3.5 2
    endloop
  endfacet
  facet normal 0.0490738 0.998795 0
    outer loop
      vertex 45.7059 3.51445 2
      vertex 46 3.5 0
      vertex 45.7059 3.51445 0
    endloop
  endfacet
  facet normal 0.740969 -0.671539 0
    outer loop
      vertex 43.681 8.40318 2
      vertex 43.8787 8.62132 0
      vertex 43.8787 8.62132 2
    endloop
  endfacet
  facet normal 0.740969 -0.671539 0
    outer loop
      vertex 43.8787 8.62132 0
      vertex 43.681 8.40318 2
      vertex 43.681 8.40318 0
    endloop
  endfacet
  facet normal 0.904088 -0.427347 0
    outer loop
      vertex 43.2284 7.64805 2
      vertex 43.3542 7.91419 0
      vertex 43.3542 7.91419 2
    endloop
  endfacet
  facet normal 0.904088 -0.427347 0
    outer loop
      vertex 43.3542 7.91419 0
      vertex 43.2284 7.64805 2
      vertex 43.2284 7.64805 0
    endloop
  endfacet
  facet normal 0.969978 -0.243191 0
    outer loop
      vertex 43.0576 7.08527 2
      vertex 43.1292 7.37085 0
      vertex 43.1292 7.37085 2
    endloop
  endfacet
  facet normal 0.969978 -0.243191 0
    outer loop
      vertex 43.1292 7.37085 0
      vertex 43.0576 7.08527 2
      vertex 43.0576 7.08527 0
    endloop
  endfacet
  facet normal -0.242983 -0.970031 0
    outer loop
      vertex 46.5853 9.44236 0
      vertex 46.8709 9.37082 2
      vertex 46.5853 9.44236 2
    endloop
  endfacet
  facet normal -0.242983 -0.970031 -0
    outer loop
      vertex 46.8709 9.37082 2
      vertex 46.5853 9.44236 0
      vertex 46.8709 9.37082 0
    endloop
  endfacet
  facet normal 0.969978 0.243191 0
    outer loop
      vertex 43.1292 5.62915 2
      vertex 43.0576 5.91473 0
      vertex 43.0576 5.91473 2
    endloop
  endfacet
  facet normal 0.969978 0.243191 0
    outer loop
      vertex 43.0576 5.91473 0
      vertex 43.1292 5.62915 2
      vertex 43.1292 5.62915 0
    endloop
  endfacet
  facet normal 0.427491 0.90402 -0
    outer loop
      vertex 44.852 3.72836 0
      vertex 44.5858 3.85424 2
      vertex 44.852 3.72836 2
    endloop
  endfacet
  facet normal 0.427491 0.90402 0
    outer loop
      vertex 44.5858 3.85424 2
      vertex 44.852 3.72836 0
      vertex 44.5858 3.85424 0
    endloop
  endfacet
  facet normal 0.740969 0.671539 0
    outer loop
      vertex 43.8787 4.37868 2
      vertex 43.681 4.59682 0
      vertex 43.681 4.59682 2
    endloop
  endfacet
  facet normal 0.740969 0.671539 0
    outer loop
      vertex 43.681 4.59682 0
      vertex 43.8787 4.37868 2
      vertex 43.8787 4.37868 0
    endloop
  endfacet
  facet normal -0.427491 0.90402 0
    outer loop
      vertex 47.4142 3.85424 0
      vertex 47.148 3.72836 2
      vertex 47.4142 3.85424 2
    endloop
  endfacet
  facet normal -0.427491 0.90402 0
    outer loop
      vertex 47.148 3.72836 2
      vertex 47.4142 3.85424 0
      vertex 47.148 3.72836 0
    endloop
  endfacet
  facet normal -0.0490738 0.998795 0
    outer loop
      vertex 46.2941 3.51445 0
      vertex 46 3.5 2
      vertex 46.2941 3.51445 2
    endloop
  endfacet
  facet normal -0.0490738 0.998795 0
    outer loop
      vertex 46 3.5 2
      vertex 46.2941 3.51445 0
      vertex 46 3.5 0
    endloop
  endfacet
  facet normal 0.989176 0.146736 0
    outer loop
      vertex 43.0576 5.91473 2
      vertex 43.0144 6.20595 0
      vertex 43.0144 6.20595 2
    endloop
  endfacet
  facet normal 0.989176 0.146736 0
    outer loop
      vertex 43.0144 6.20595 0
      vertex 43.0576 5.91473 2
      vertex 43.0576 5.91473 0
    endloop
  endfacet
  facet normal -0.595655 0.803241 0
    outer loop
      vertex 47.9032 4.18097 0
      vertex 47.6667 4.00559 2
      vertex 47.9032 4.18097 2
    endloop
  endfacet
  facet normal -0.595655 0.803241 0
    outer loop
      vertex 47.6667 4.00559 2
      vertex 47.9032 4.18097 0
      vertex 47.6667 4.00559 0
    endloop
  endfacet
  facet normal 0.803172 0.595747 0
    outer loop
      vertex 43.681 4.59682 2
      vertex 43.5056 4.83329 0
      vertex 43.5056 4.83329 2
    endloop
  endfacet
  facet normal 0.803172 0.595747 0
    outer loop
      vertex 43.5056 4.83329 0
      vertex 43.681 4.59682 2
      vertex 43.681 4.59682 0
    endloop
  endfacet
  facet normal 0.998803 -0.0489126 0
    outer loop
      vertex 43 6.5 2
      vertex 43.0144 6.79405 0
      vertex 43.0144 6.79405 2
    endloop
  endfacet
  facet normal 0.998803 -0.0489126 0
    outer loop
      vertex 43.0144 6.79405 0
      vertex 43 6.5 2
      vertex 43 6.5 0
    endloop
  endfacet
  facet normal -0.740969 0.671539 0
    outer loop
      vertex 48.1213 4.37868 0
      vertex 48.319 4.59682 2
      vertex 48.319 4.59682 0
    endloop
  endfacet
  facet normal -0.740969 0.671539 0
    outer loop
      vertex 48.319 4.59682 2
      vertex 48.1213 4.37868 0
      vertex 48.1213 4.37868 2
    endloop
  endfacet
  facet normal 0.998796 -0.049048 0
    outer loop
      vertex 4.4 66 2
      vertex 4.4077 66.1568 0
      vertex 4.4077 66.1568 2
    endloop
  endfacet
  facet normal 0.998796 -0.049048 0
    outer loop
      vertex 4.4077 66.1568 0
      vertex 4.4 66 2
      vertex 4.4 66 0
    endloop
  endfacet
  facet normal -0.989183 -0.146689 0
    outer loop
      vertex 7.59229 66.1568 2
      vertex 7.56926 66.3121 2
      vertex 7.56926 66.3121 0
    endloop
  endfacet
  facet normal -0.989183 -0.146689 -0
    outer loop
      vertex 7.59229 66.1568 2
      vertex 7.56926 66.3121 0
      vertex 7.59229 66.1568 0
    endloop
  endfacet
  facet normal -0.989183 -0.146689 0
    outer loop
      vertex 7.56926 66.3121 2
      vertex 7.59229 66.1568 2
      vertex 7.56926 66.3121 4
    endloop
  endfacet
  facet normal -0.989183 -0.146689 0
    outer loop
      vertex 7.56926 66.3121 4
      vertex 7.59229 66.1568 2
      vertex 7.59229 66.1568 4
    endloop
  endfacet
  facet normal -0.998793 -0.0491116 0
    outer loop
      vertex 7.6 66 2
      vertex 7.59229 66.1568 2
      vertex 7.59229 66.1568 0
    endloop
  endfacet
  facet normal -0.998793 -0.0491116 -0
    outer loop
      vertex 7.6 66 2
      vertex 7.59229 66.1568 0
      vertex 7.6 66 0
    endloop
  endfacet
  facet normal -0.998793 -0.0491116 0
    outer loop
      vertex 7.59229 66.1568 2
      vertex 7.6 66 2
      vertex 7.59229 66.1568 4
    endloop
  endfacet
  facet normal -0.998793 -0.0491116 0
    outer loop
      vertex 7.59229 66.1568 4
      vertex 7.6 66 2
      vertex 7.6 66 4
    endloop
  endfacet
  facet normal -0.970053 -0.242895 0
    outer loop
      vertex 7.56926 66.3121 2
      vertex 7.5311 66.4645 2
      vertex 7.5311 66.4645 0
    endloop
  endfacet
  facet normal -0.970053 -0.242895 -0
    outer loop
      vertex 7.56926 66.3121 2
      vertex 7.5311 66.4645 0
      vertex 7.56926 66.3121 0
    endloop
  endfacet
  facet normal -0.970053 -0.242895 0
    outer loop
      vertex 7.5311 66.4645 2
      vertex 7.56926 66.3121 2
      vertex 7.5311 66.4645 4
    endloop
  endfacet
  facet normal -0.970053 -0.242895 0
    outer loop
      vertex 7.5311 66.4645 4
      vertex 7.56926 66.3121 2
      vertex 7.56926 66.3121 4
    endloop
  endfacet
  facet normal -0.146493 -0.989212 0
    outer loop
      vertex 6.15683 67.5923 2
      vertex 6.31214 67.5693 4
      vertex 6.15683 67.5923 4
    endloop
  endfacet
  facet normal -0.146493 -0.989212 0
    outer loop
      vertex 6.15683 67.5923 2
      vertex 6.31214 67.5693 2
      vertex 6.31214 67.5693 4
    endloop
  endfacet
  facet normal -0.146493 -0.989212 0
    outer loop
      vertex 6.15683 67.5923 0
      vertex 6.31214 67.5693 2
      vertex 6.15683 67.5923 2
    endloop
  endfacet
  facet normal -0.146493 -0.989212 -0
    outer loop
      vertex 6.31214 67.5693 2
      vertex 6.15683 67.5923 0
      vertex 6.31214 67.5693 0
    endloop
  endfacet
  facet normal 0.970068 0.242835 0
    outer loop
      vertex 4.46889 65.5355 2
      vertex 4.43074 65.6879 0
      vertex 4.43074 65.6879 2
    endloop
  endfacet
  facet normal 0.970068 0.242835 0
    outer loop
      vertex 4.43074 65.6879 0
      vertex 4.46889 65.5355 2
      vertex 4.46889 65.5355 0
    endloop
  endfacet
  facet normal 0.336921 0.941533 -0
    outer loop
      vertex 5.53554 64.4689 0
      vertex 5.38771 64.5218 2
      vertex 5.53554 64.4689 2
    endloop
  endfacet
  facet normal 0.336921 0.941533 0
    outer loop
      vertex 5.38771 64.5218 2
      vertex 5.53554 64.4689 0
      vertex 5.38771 64.5218 0
    endloop
  endfacet
  facet normal -0.998793 0.0491116 0
    outer loop
      vertex 7.59229 65.8432 0
      vertex 7.6 66 2
      vertex 7.6 66 0
    endloop
  endfacet
  facet normal -0.998793 0.0491116 0
    outer loop
      vertex 7.6 66 2
      vertex 7.59229 65.8432 0
      vertex 7.59229 65.8432 2
    endloop
  endfacet
  facet normal 0.989173 -0.146752 0
    outer loop
      vertex 4.4077 66.1568 2
      vertex 4.43074 66.3121 0
      vertex 4.43074 66.3121 2
    endloop
  endfacet
  facet normal 0.989173 -0.146752 0
    outer loop
      vertex 4.43074 66.3121 0
      vertex 4.4077 66.1568 2
      vertex 4.4077 66.1568 0
    endloop
  endfacet
  facet normal -0.146493 0.989212 0
    outer loop
      vertex 6.31214 64.4307 0
      vertex 6.15683 64.4077 2
      vertex 6.31214 64.4307 2
    endloop
  endfacet
  facet normal -0.146493 0.989212 0
    outer loop
      vertex 6.15683 64.4077 2
      vertex 6.31214 64.4307 0
      vertex 6.15683 64.4077 0
    endloop
  endfacet
  facet normal -0.941531 -0.336926 0
    outer loop
      vertex 7.5311 66.4645 2
      vertex 7.47821 66.6123 2
      vertex 7.47821 66.6123 0
    endloop
  endfacet
  facet normal -0.941531 -0.336926 -0
    outer loop
      vertex 7.5311 66.4645 2
      vertex 7.47821 66.6123 0
      vertex 7.5311 66.4645 0
    endloop
  endfacet
  facet normal -0.941531 -0.336926 0
    outer loop
      vertex 7.47821 66.6123 2
      vertex 7.5311 66.4645 2
      vertex 7.47821 66.6123 4
    endloop
  endfacet
  facet normal -0.941531 -0.336926 0
    outer loop
      vertex 7.47821 66.6123 4
      vertex 7.5311 66.4645 2
      vertex 7.5311 66.4645 4
    endloop
  endfacet
  facet normal 0.427361 -0.904081 0
    outer loop
      vertex 5.24576 67.4111 0
      vertex 5.38771 67.4782 2
      vertex 5.24576 67.4111 2
    endloop
  endfacet
  facet normal 0.427361 -0.904081 0
    outer loop
      vertex 5.38771 67.4782 2
      vertex 5.24576 67.4111 0
      vertex 5.38771 67.4782 0
    endloop
  endfacet
  facet normal -0.970053 0.242895 0
    outer loop
      vertex 7.5311 65.5355 0
      vertex 7.56926 65.6879 2
      vertex 7.56926 65.6879 0
    endloop
  endfacet
  facet normal -0.970053 0.242895 0
    outer loop
      vertex 7.56926 65.6879 2
      vertex 7.5311 65.5355 0
      vertex 7.5311 65.5355 2
    endloop
  endfacet
  facet normal 0.427361 0.904081 -0
    outer loop
      vertex 5.38771 64.5218 0
      vertex 5.24576 64.5889 2
      vertex 5.38771 64.5218 2
    endloop
  endfacet
  facet normal 0.427361 0.904081 0
    outer loop
      vertex 5.24576 64.5889 2
      vertex 5.38771 64.5218 0
      vertex 5.24576 64.5889 0
    endloop
  endfacet
  facet normal 0.24327 -0.969959 0
    outer loop
      vertex 5.53554 67.5311 0
      vertex 5.68785 67.5693 2
      vertex 5.53554 67.5311 2
    endloop
  endfacet
  facet normal 0.24327 -0.969959 0
    outer loop
      vertex 5.68785 67.5693 2
      vertex 5.53554 67.5311 0
      vertex 5.68785 67.5693 0
    endloop
  endfacet
  facet normal 0.903925 -0.427692 0
    outer loop
      vertex 4.52179 66.6123 2
      vertex 4.58893 66.7542 0
      vertex 4.58893 66.7542 2
    endloop
  endfacet
  facet normal 0.903925 -0.427692 0
    outer loop
      vertex 4.58893 66.7542 0
      vertex 4.52179 66.6123 2
      vertex 4.52179 66.6123 0
    endloop
  endfacet
  facet normal 0.903925 0.427692 0
    outer loop
      vertex 4.58893 65.2458 2
      vertex 4.52179 65.3877 0
      vertex 4.52179 65.3877 2
    endloop
  endfacet
  facet normal 0.903925 0.427692 0
    outer loop
      vertex 4.52179 65.3877 0
      vertex 4.58893 65.2458 2
      vertex 4.58893 65.2458 0
    endloop
  endfacet
  facet normal -0.336901 -0.94154 0
    outer loop
      vertex 6.46445 67.5311 2
      vertex 6.61229 67.4782 4
      vertex 6.46445 67.5311 4
    endloop
  endfacet
  facet normal -0.336901 -0.94154 0
    outer loop
      vertex 6.46445 67.5311 2
      vertex 6.61229 67.4782 2
      vertex 6.61229 67.4782 4
    endloop
  endfacet
  facet normal -0.336901 -0.94154 0
    outer loop
      vertex 6.46445 67.5311 0
      vertex 6.61229 67.4782 2
      vertex 6.46445 67.5311 2
    endloop
  endfacet
  facet normal -0.336901 -0.94154 -0
    outer loop
      vertex 6.61229 67.4782 2
      vertex 6.46445 67.5311 0
      vertex 6.61229 67.4782 0
    endloop
  endfacet
  facet normal -0.24327 -0.969959 0
    outer loop
      vertex 6.31214 67.5693 2
      vertex 6.46445 67.5311 4
      vertex 6.31214 67.5693 4
    endloop
  endfacet
  facet normal -0.24327 -0.969959 0
    outer loop
      vertex 6.31214 67.5693 2
      vertex 6.46445 67.5311 2
      vertex 6.46445 67.5311 4
    endloop
  endfacet
  facet normal -0.24327 -0.969959 0
    outer loop
      vertex 6.31214 67.5693 0
      vertex 6.46445 67.5311 2
      vertex 6.31214 67.5693 2
    endloop
  endfacet
  facet normal -0.24327 -0.969959 -0
    outer loop
      vertex 6.46445 67.5311 2
      vertex 6.31214 67.5693 0
      vertex 6.46445 67.5311 0
    endloop
  endfacet
  facet normal 0.336921 -0.941533 0
    outer loop
      vertex 5.38771 67.4782 0
      vertex 5.53554 67.5311 2
      vertex 5.38771 67.4782 2
    endloop
  endfacet
  facet normal 0.336921 -0.941533 0
    outer loop
      vertex 5.53554 67.5311 2
      vertex 5.38771 67.4782 0
      vertex 5.53554 67.5311 0
    endloop
  endfacet
  facet normal -0.803184 0.595732 0
    outer loop
      vertex 7.23682 64.985 0
      vertex 7.33035 65.1111 2
      vertex 7.33035 65.1111 0
    endloop
  endfacet
  facet normal -0.803184 0.595732 0
    outer loop
      vertex 7.33035 65.1111 2
      vertex 7.23682 64.985 0
      vertex 7.23682 64.985 2
    endloop
  endfacet
  facet normal 0.857774 -0.514027 0
    outer loop
      vertex 4.58893 66.7542 2
      vertex 4.66965 66.8889 0
      vertex 4.66965 66.8889 2
    endloop
  endfacet
  facet normal 0.857774 -0.514027 0
    outer loop
      vertex 4.66965 66.8889 0
      vertex 4.58893 66.7542 2
      vertex 4.58893 66.7542 0
    endloop
  endfacet
  facet normal -0.671404 -0.741092 0
    outer loop
      vertex 7.01503 67.2368 2
      vertex 7.13137 67.1314 4
      vertex 7.01503 67.2368 4
    endloop
  endfacet
  facet normal -0.671404 -0.741092 0
    outer loop
      vertex 7.01503 67.2368 2
      vertex 7.13137 67.1314 2
      vertex 7.13137 67.1314 4
    endloop
  endfacet
  facet normal -0.671404 -0.741092 0
    outer loop
      vertex 7.01503 67.2368 0
      vertex 7.13137 67.1314 2
      vertex 7.01503 67.2368 2
    endloop
  endfacet
  facet normal -0.671404 -0.741092 -0
    outer loop
      vertex 7.13137 67.1314 2
      vertex 7.01503 67.2368 0
      vertex 7.13137 67.1314 0
    endloop
  endfacet
  facet normal -0.0490387 0.998797 0
    outer loop
      vertex 6.15683 64.4077 0
      vertex 6 64.4 2
      vertex 6.15683 64.4077 2
    endloop
  endfacet
  facet normal -0.0490387 0.998797 0
    outer loop
      vertex 6 64.4 2
      vertex 6.15683 64.4077 0
      vertex 6 64.4 0
    endloop
  endfacet
  facet normal -0.427385 -0.90407 0
    outer loop
      vertex 6.61229 67.4782 2
      vertex 6.75423 67.4111 4
      vertex 6.61229 67.4782 4
    endloop
  endfacet
  facet normal -0.427385 -0.90407 0
    outer loop
      vertex 6.61229 67.4782 2
      vertex 6.75423 67.4111 2
      vertex 6.75423 67.4111 4
    endloop
  endfacet
  facet normal -0.427385 -0.90407 0
    outer loop
      vertex 6.61229 67.4782 0
      vertex 6.75423 67.4111 2
      vertex 6.61229 67.4782 2
    endloop
  endfacet
  facet normal -0.427385 -0.90407 -0
    outer loop
      vertex 6.75423 67.4111 2
      vertex 6.61229 67.4782 0
      vertex 6.75423 67.4111 0
    endloop
  endfacet
  facet normal 0.741106 0.671388 0
    outer loop
      vertex 4.86863 64.8686 2
      vertex 4.76318 64.985 0
      vertex 4.76318 64.985 2
    endloop
  endfacet
  facet normal 0.741106 0.671388 0
    outer loop
      vertex 4.76318 64.985 0
      vertex 4.86863 64.8686 2
      vertex 4.86863 64.8686 0
    endloop
  endfacet
  facet normal -0.903925 -0.427692 0
    outer loop
      vertex 7.47821 66.6123 2
      vertex 7.41107 66.7542 2
      vertex 7.41107 66.7542 0
    endloop
  endfacet
  facet normal -0.903925 -0.427692 -0
    outer loop
      vertex 7.47821 66.6123 2
      vertex 7.41107 66.7542 0
      vertex 7.47821 66.6123 0
    endloop
  endfacet
  facet normal -0.903925 -0.427692 0
    outer loop
      vertex 7.41107 66.7542 2
      vertex 7.47821 66.6123 2
      vertex 7.41107 66.7542 4
    endloop
  endfacet
  facet normal -0.903925 -0.427692 0
    outer loop
      vertex 7.41107 66.7542 4
      vertex 7.47821 66.6123 2
      vertex 7.47821 66.6123 4
    endloop
  endfacet
  facet normal -0.857774 0.514027 0
    outer loop
      vertex 7.33035 65.1111 0
      vertex 7.41107 65.2458 2
      vertex 7.41107 65.2458 0
    endloop
  endfacet
  facet normal -0.857774 0.514027 0
    outer loop
      vertex 7.41107 65.2458 2
      vertex 7.33035 65.1111 0
      vertex 7.33035 65.1111 2
    endloop
  endfacet
  facet normal -0.24327 0.969959 0
    outer loop
      vertex 6.46445 64.4689 0
      vertex 6.31214 64.4307 2
      vertex 6.46445 64.4689 2
    endloop
  endfacet
  facet normal -0.24327 0.969959 0
    outer loop
      vertex 6.31214 64.4307 2
      vertex 6.46445 64.4689 0
      vertex 6.31214 64.4307 0
    endloop
  endfacet
  facet normal 0.941511 0.336982 0
    outer loop
      vertex 4.52179 65.3877 2
      vertex 4.46889 65.5355 0
      vertex 4.46889 65.5355 2
    endloop
  endfacet
  facet normal 0.941511 0.336982 0
    outer loop
      vertex 4.46889 65.5355 0
      vertex 4.52179 65.3877 2
      vertex 4.52179 65.3877 0
    endloop
  endfacet
  facet normal -0.51399 -0.857796 0
    outer loop
      vertex 6.75423 67.4111 2
      vertex 6.88891 67.3304 4
      vertex 6.75423 67.4111 4
    endloop
  endfacet
  facet normal -0.51399 -0.857796 0
    outer loop
      vertex 6.75423 67.4111 2
      vertex 6.88891 67.3304 2
      vertex 6.88891 67.3304 4
    endloop
  endfacet
  facet normal -0.51399 -0.857796 0
    outer loop
      vertex 6.75423 67.4111 0
      vertex 6.88891 67.3304 2
      vertex 6.75423 67.4111 2
    endloop
  endfacet
  facet normal -0.51399 -0.857796 -0
    outer loop
      vertex 6.88891 67.3304 2
      vertex 6.75423 67.4111 0
      vertex 6.88891 67.3304 0
    endloop
  endfacet
  facet normal 0.0490387 0.998797 -0
    outer loop
      vertex 6 64.4 0
      vertex 5.84317 64.4077 2
      vertex 6 64.4 2
    endloop
  endfacet
  facet normal 0.0490387 0.998797 0
    outer loop
      vertex 5.84317 64.4077 2
      vertex 6 64.4 0
      vertex 5.84317 64.4077 0
    endloop
  endfacet
  facet normal -0.595958 0.803015 0
    outer loop
      vertex 7.01503 64.7632 0
      vertex 6.88891 64.6696 2
      vertex 7.01503 64.7632 2
    endloop
  endfacet
  facet normal -0.595958 0.803015 0
    outer loop
      vertex 6.88891 64.6696 2
      vertex 7.01503 64.7632 0
      vertex 6.88891 64.6696 0
    endloop
  endfacet
  facet normal 0.970068 -0.242835 0
    outer loop
      vertex 4.43074 66.3121 2
      vertex 4.46889 66.4645 0
      vertex 4.46889 66.4645 2
    endloop
  endfacet
  facet normal 0.970068 -0.242835 0
    outer loop
      vertex 4.46889 66.4645 0
      vertex 4.43074 66.3121 2
      vertex 4.43074 66.3121 0
    endloop
  endfacet
  facet normal -0.336901 0.94154 0
    outer loop
      vertex 6.61229 64.5218 0
      vertex 6.46445 64.4689 2
      vertex 6.61229 64.5218 2
    endloop
  endfacet
  facet normal -0.336901 0.94154 0
    outer loop
      vertex 6.46445 64.4689 2
      vertex 6.61229 64.5218 0
      vertex 6.46445 64.4689 0
    endloop
  endfacet
  facet normal -0.803184 -0.595732 0
    outer loop
      vertex 7.33035 66.8889 2
      vertex 7.23682 67.015 2
      vertex 7.23682 67.015 0
    endloop
  endfacet
  facet normal -0.803184 -0.595732 -0
    outer loop
      vertex 7.33035 66.8889 2
      vertex 7.23682 67.015 0
      vertex 7.33035 66.8889 0
    endloop
  endfacet
  facet normal -0.803184 -0.595732 0
    outer loop
      vertex 7.23682 67.015 2
      vertex 7.33035 66.8889 2
      vertex 7.23682 67.015 4
    endloop
  endfacet
  facet normal -0.803184 -0.595732 0
    outer loop
      vertex 7.23682 67.015 4
      vertex 7.33035 66.8889 2
      vertex 7.33035 66.8889 4
    endloop
  endfacet
  facet normal 0.514018 0.857779 -0
    outer loop
      vertex 5.24576 64.5889 0
      vertex 5.11109 64.6696 2
      vertex 5.24576 64.5889 2
    endloop
  endfacet
  facet normal 0.514018 0.857779 0
    outer loop
      vertex 5.11109 64.6696 2
      vertex 5.24576 64.5889 0
      vertex 5.11109 64.6696 0
    endloop
  endfacet
  facet normal -0.595958 -0.803015 0
    outer loop
      vertex 6.88891 67.3304 2
      vertex 7.01503 67.2368 4
      vertex 6.88891 67.3304 4
    endloop
  endfacet
  facet normal -0.595958 -0.803015 0
    outer loop
      vertex 6.88891 67.3304 2
      vertex 7.01503 67.2368 2
      vertex 7.01503 67.2368 4
    endloop
  endfacet
  facet normal -0.595958 -0.803015 0
    outer loop
      vertex 6.88891 67.3304 0
      vertex 7.01503 67.2368 2
      vertex 6.88891 67.3304 2
    endloop
  endfacet
  facet normal -0.595958 -0.803015 -0
    outer loop
      vertex 7.01503 67.2368 2
      vertex 6.88891 67.3304 0
      vertex 7.01503 67.2368 0
    endloop
  endfacet
  facet normal -0.903925 0.427692 0
    outer loop
      vertex 7.41107 65.2458 0
      vertex 7.47821 65.3877 2
      vertex 7.47821 65.3877 0
    endloop
  endfacet
  facet normal -0.903925 0.427692 0
    outer loop
      vertex 7.47821 65.3877 2
      vertex 7.41107 65.2458 0
      vertex 7.41107 65.2458 2
    endloop
  endfacet
  facet normal -0.741106 0.671388 0
    outer loop
      vertex 7.13137 64.8686 0
      vertex 7.23682 64.985 2
      vertex 7.23682 64.985 0
    endloop
  endfacet
  facet normal -0.741106 0.671388 0
    outer loop
      vertex 7.23682 64.985 2
      vertex 7.13137 64.8686 0
      vertex 7.13137 64.8686 2
    endloop
  endfacet
  facet normal -0.0490387 -0.998797 0
    outer loop
      vertex 6 67.6 2
      vertex 6.15683 67.5923 4
      vertex 6 67.6 4
    endloop
  endfacet
  facet normal -0.0490387 -0.998797 0
    outer loop
      vertex 6 67.6 2
      vertex 6.15683 67.5923 2
      vertex 6.15683 67.5923 4
    endloop
  endfacet
  facet normal -0.0490387 -0.998797 0
    outer loop
      vertex 6 67.6 0
      vertex 6.15683 67.5923 2
      vertex 6 67.6 2
    endloop
  endfacet
  facet normal -0.0490387 -0.998797 -0
    outer loop
      vertex 6.15683 67.5923 2
      vertex 6 67.6 0
      vertex 6.15683 67.5923 0
    endloop
  endfacet
  facet normal -0.427385 0.90407 0
    outer loop
      vertex 6.75423 64.5889 0
      vertex 6.61229 64.5218 2
      vertex 6.75423 64.5889 2
    endloop
  endfacet
  facet normal -0.427385 0.90407 0
    outer loop
      vertex 6.61229 64.5218 2
      vertex 6.75423 64.5889 0
      vertex 6.61229 64.5218 0
    endloop
  endfacet
  facet normal 0.146484 -0.989213 0
    outer loop
      vertex 5.68785 67.5693 0
      vertex 5.84317 67.5923 2
      vertex 5.68785 67.5693 2
    endloop
  endfacet
  facet normal 0.146484 -0.989213 0
    outer loop
      vertex 5.84317 67.5923 2
      vertex 5.68785 67.5693 0
      vertex 5.84317 67.5923 0
    endloop
  endfacet
  facet normal -0.989183 0.146689 0
    outer loop
      vertex 7.56926 65.6879 0
      vertex 7.59229 65.8432 2
      vertex 7.59229 65.8432 0
    endloop
  endfacet
  facet normal -0.989183 0.146689 0
    outer loop
      vertex 7.59229 65.8432 2
      vertex 7.56926 65.6879 0
      vertex 7.56926 65.6879 2
    endloop
  endfacet
  facet normal 0.671404 -0.741092 0
    outer loop
      vertex 4.86863 67.1314 0
      vertex 4.98497 67.2368 2
      vertex 4.86863 67.1314 2
    endloop
  endfacet
  facet normal 0.671404 -0.741092 0
    outer loop
      vertex 4.98497 67.2368 2
      vertex 4.86863 67.1314 0
      vertex 4.98497 67.2368 0
    endloop
  endfacet
  facet normal -0.857774 -0.514027 0
    outer loop
      vertex 7.41107 66.7542 2
      vertex 7.33035 66.8889 2
      vertex 7.33035 66.8889 0
    endloop
  endfacet
  facet normal -0.857774 -0.514027 -0
    outer loop
      vertex 7.41107 66.7542 2
      vertex 7.33035 66.8889 0
      vertex 7.41107 66.7542 0
    endloop
  endfacet
  facet normal -0.857774 -0.514027 0
    outer loop
      vertex 7.33035 66.8889 2
      vertex 7.41107 66.7542 2
      vertex 7.33035 66.8889 4
    endloop
  endfacet
  facet normal -0.857774 -0.514027 0
    outer loop
      vertex 7.33035 66.8889 4
      vertex 7.41107 66.7542 2
      vertex 7.41107 66.7542 4
    endloop
  endfacet
  facet normal -0.741106 -0.671388 0
    outer loop
      vertex 7.23682 67.015 2
      vertex 7.13137 67.1314 2
      vertex 7.13137 67.1314 0
    endloop
  endfacet
  facet normal -0.741106 -0.671388 -0
    outer loop
      vertex 7.23682 67.015 2
      vertex 7.13137 67.1314 0
      vertex 7.23682 67.015 0
    endloop
  endfacet
  facet normal -0.741106 -0.671388 0
    outer loop
      vertex 7.13137 67.1314 2
      vertex 7.23682 67.015 2
      vertex 7.13137 67.1314 4
    endloop
  endfacet
  facet normal -0.741106 -0.671388 0
    outer loop
      vertex 7.13137 67.1314 4
      vertex 7.23682 67.015 2
      vertex 7.23682 67.015 4
    endloop
  endfacet
  facet normal 0.803184 0.595732 0
    outer loop
      vertex 4.76318 64.985 2
      vertex 4.66965 65.1111 0
      vertex 4.66965 65.1111 2
    endloop
  endfacet
  facet normal 0.803184 0.595732 0
    outer loop
      vertex 4.66965 65.1111 0
      vertex 4.76318 64.985 2
      vertex 4.76318 64.985 0
    endloop
  endfacet
  facet normal 0.741106 -0.671388 0
    outer loop
      vertex 4.76318 67.015 2
      vertex 4.86863 67.1314 0
      vertex 4.86863 67.1314 2
    endloop
  endfacet
  facet normal 0.741106 -0.671388 0
    outer loop
      vertex 4.86863 67.1314 0
      vertex 4.76318 67.015 2
      vertex 4.76318 67.015 0
    endloop
  endfacet
  facet normal 0.595958 0.803015 -0
    outer loop
      vertex 5.11109 64.6696 0
      vertex 4.98497 64.7632 2
      vertex 5.11109 64.6696 2
    endloop
  endfacet
  facet normal 0.595958 0.803015 0
    outer loop
      vertex 4.98497 64.7632 2
      vertex 5.11109 64.6696 0
      vertex 4.98497 64.7632 0
    endloop
  endfacet
  facet normal 0.671404 0.741092 -0
    outer loop
      vertex 4.98497 64.7632 0
      vertex 4.86863 64.8686 2
      vertex 4.98497 64.7632 2
    endloop
  endfacet
  facet normal 0.671404 0.741092 0
    outer loop
      vertex 4.86863 64.8686 2
      vertex 4.98497 64.7632 0
      vertex 4.86863 64.8686 0
    endloop
  endfacet
  facet normal -0.51399 0.857796 0
    outer loop
      vertex 6.88891 64.6696 0
      vertex 6.75423 64.5889 2
      vertex 6.88891 64.6696 2
    endloop
  endfacet
  facet normal -0.51399 0.857796 0
    outer loop
      vertex 6.75423 64.5889 2
      vertex 6.88891 64.6696 0
      vertex 6.75423 64.5889 0
    endloop
  endfacet
  facet normal -0.671404 0.741092 0
    outer loop
      vertex 7.13137 64.8686 0
      vertex 7.01503 64.7632 2
      vertex 7.13137 64.8686 2
    endloop
  endfacet
  facet normal -0.671404 0.741092 0
    outer loop
      vertex 7.01503 64.7632 2
      vertex 7.13137 64.8686 0
      vertex 7.01503 64.7632 0
    endloop
  endfacet
  facet normal 0.0490387 -0.998797 0
    outer loop
      vertex 5.84317 67.5923 0
      vertex 6 67.6 2
      vertex 5.84317 67.5923 2
    endloop
  endfacet
  facet normal 0.0490387 -0.998797 0
    outer loop
      vertex 6 67.6 2
      vertex 5.84317 67.5923 0
      vertex 6 67.6 0
    endloop
  endfacet
  facet normal 0.24327 0.969959 -0
    outer loop
      vertex 5.68785 64.4307 0
      vertex 5.53554 64.4689 2
      vertex 5.68785 64.4307 2
    endloop
  endfacet
  facet normal 0.24327 0.969959 0
    outer loop
      vertex 5.53554 64.4689 2
      vertex 5.68785 64.4307 0
      vertex 5.53554 64.4689 0
    endloop
  endfacet
  facet normal 0.989173 0.146752 0
    outer loop
      vertex 4.43074 65.6879 2
      vertex 4.4077 65.8432 0
      vertex 4.4077 65.8432 2
    endloop
  endfacet
  facet normal 0.989173 0.146752 0
    outer loop
      vertex 4.4077 65.8432 0
      vertex 4.43074 65.6879 2
      vertex 4.43074 65.6879 0
    endloop
  endfacet
  facet normal 0.514018 -0.857779 0
    outer loop
      vertex 5.11109 67.3304 0
      vertex 5.24576 67.4111 2
      vertex 5.11109 67.3304 2
    endloop
  endfacet
  facet normal 0.514018 -0.857779 0
    outer loop
      vertex 5.24576 67.4111 2
      vertex 5.11109 67.3304 0
      vertex 5.24576 67.4111 0
    endloop
  endfacet
  facet normal 0.595958 -0.803015 0
    outer loop
      vertex 4.98497 67.2368 0
      vertex 5.11109 67.3304 2
      vertex 4.98497 67.2368 2
    endloop
  endfacet
  facet normal 0.595958 -0.803015 0
    outer loop
      vertex 5.11109 67.3304 2
      vertex 4.98497 67.2368 0
      vertex 5.11109 67.3304 0
    endloop
  endfacet
  facet normal 0.941511 -0.336982 0
    outer loop
      vertex 4.46889 66.4645 2
      vertex 4.52179 66.6123 0
      vertex 4.52179 66.6123 2
    endloop
  endfacet
  facet normal 0.941511 -0.336982 0
    outer loop
      vertex 4.52179 66.6123 0
      vertex 4.46889 66.4645 2
      vertex 4.46889 66.4645 0
    endloop
  endfacet
  facet normal -0.941531 0.336926 0
    outer loop
      vertex 7.47821 65.3877 0
      vertex 7.5311 65.5355 2
      vertex 7.5311 65.5355 0
    endloop
  endfacet
  facet normal -0.941531 0.336926 0
    outer loop
      vertex 7.5311 65.5355 2
      vertex 7.47821 65.3877 0
      vertex 7.47821 65.3877 2
    endloop
  endfacet
  facet normal 0.857774 0.514027 0
    outer loop
      vertex 4.66965 65.1111 2
      vertex 4.58893 65.2458 0
      vertex 4.58893 65.2458 2
    endloop
  endfacet
  facet normal 0.857774 0.514027 0
    outer loop
      vertex 4.58893 65.2458 0
      vertex 4.66965 65.1111 2
      vertex 4.66965 65.1111 0
    endloop
  endfacet
  facet normal 0.998796 0.049048 0
    outer loop
      vertex 4.4077 65.8432 2
      vertex 4.4 66 0
      vertex 4.4 66 2
    endloop
  endfacet
  facet normal 0.998796 0.049048 0
    outer loop
      vertex 4.4 66 0
      vertex 4.4077 65.8432 2
      vertex 4.4077 65.8432 0
    endloop
  endfacet
  facet normal 0.146484 0.989213 -0
    outer loop
      vertex 5.84317 64.4077 0
      vertex 5.68785 64.4307 2
      vertex 5.84317 64.4077 2
    endloop
  endfacet
  facet normal 0.146484 0.989213 0
    outer loop
      vertex 5.68785 64.4307 2
      vertex 5.84317 64.4077 0
      vertex 5.68785 64.4307 0
    endloop
  endfacet
  facet normal 0.803184 -0.595732 0
    outer loop
      vertex 4.66965 66.8889 2
      vertex 4.76318 67.015 0
      vertex 4.76318 67.015 2
    endloop
  endfacet
  facet normal 0.803184 -0.595732 0
    outer loop
      vertex 4.76318 67.015 0
      vertex 4.66965 66.8889 2
      vertex 4.66965 66.8889 0
    endloop
  endfacet
  facet normal 0.998796 -0.049048 0
    outer loop
      vertex 82.4 66 2
      vertex 82.4077 66.1568 0
      vertex 82.4077 66.1568 2
    endloop
  endfacet
  facet normal 0.998796 -0.049048 0
    outer loop
      vertex 82.4077 66.1568 0
      vertex 82.4 66 2
      vertex 82.4 66 0
    endloop
  endfacet
  facet normal -0.98921 -0.146502 0
    outer loop
      vertex 85.5923 66.1568 2
      vertex 85.5693 66.3121 2
      vertex 85.5693 66.3121 0
    endloop
  endfacet
  facet normal -0.98921 -0.146502 -0
    outer loop
      vertex 85.5923 66.1568 2
      vertex 85.5693 66.3121 0
      vertex 85.5923 66.1568 0
    endloop
  endfacet
  facet normal -0.98921 -0.146502 0
    outer loop
      vertex 85.5693 66.3121 2
      vertex 85.5923 66.1568 2
      vertex 85.5693 66.3121 4
    endloop
  endfacet
  facet normal -0.98921 -0.146502 0
    outer loop
      vertex 85.5693 66.3121 4
      vertex 85.5923 66.1568 2
      vertex 85.5923 66.1568 4
    endloop
  endfacet
  facet normal -0.998796 -0.049048 0
    outer loop
      vertex 85.6 66 2
      vertex 85.5923 66.1568 2
      vertex 85.5923 66.1568 0
    endloop
  endfacet
  facet normal -0.998796 -0.049048 -0
    outer loop
      vertex 85.6 66 2
      vertex 85.5923 66.1568 0
      vertex 85.6 66 0
    endloop
  endfacet
  facet normal -0.998796 -0.049048 0
    outer loop
      vertex 85.5923 66.1568 2
      vertex 85.6 66 2
      vertex 85.5923 66.1568 4
    endloop
  endfacet
  facet normal -0.998796 -0.049048 0
    outer loop
      vertex 85.5923 66.1568 4
      vertex 85.6 66 2
      vertex 85.6 66 4
    endloop
  endfacet
  facet normal -0.969993 -0.243135 0
    outer loop
      vertex 85.5693 66.3121 2
      vertex 85.5311 66.4645 2
      vertex 85.5311 66.4645 0
    endloop
  endfacet
  facet normal -0.969993 -0.243135 -0
    outer loop
      vertex 85.5693 66.3121 2
      vertex 85.5311 66.4645 0
      vertex 85.5693 66.3121 0
    endloop
  endfacet
  facet normal -0.969993 -0.243135 0
    outer loop
      vertex 85.5311 66.4645 2
      vertex 85.5693 66.3121 2
      vertex 85.5311 66.4645 4
    endloop
  endfacet
  facet normal -0.969993 -0.243135 0
    outer loop
      vertex 85.5311 66.4645 4
      vertex 85.5693 66.3121 2
      vertex 85.5693 66.3121 4
    endloop
  endfacet
  facet normal -0.146502 -0.98921 0
    outer loop
      vertex 84.1568 67.5923 2
      vertex 84.3121 67.5693 4
      vertex 84.1568 67.5923 4
    endloop
  endfacet
  facet normal -0.146502 -0.98921 0
    outer loop
      vertex 84.1568 67.5923 2
      vertex 84.3121 67.5693 2
      vertex 84.3121 67.5693 4
    endloop
  endfacet
  facet normal -0.146502 -0.98921 0
    outer loop
      vertex 84.1568 67.5923 0
      vertex 84.3121 67.5693 2
      vertex 84.1568 67.5923 2
    endloop
  endfacet
  facet normal -0.146502 -0.98921 -0
    outer loop
      vertex 84.3121 67.5693 2
      vertex 84.1568 67.5923 0
      vertex 84.3121 67.5693 0
    endloop
  endfacet
  facet normal 0.969993 0.243135 0
    outer loop
      vertex 82.4689 65.5355 2
      vertex 82.4307 65.6879 0
      vertex 82.4307 65.6879 2
    endloop
  endfacet
  facet normal 0.969993 0.243135 0
    outer loop
      vertex 82.4307 65.6879 0
      vertex 82.4689 65.5355 2
      vertex 82.4689 65.5355 0
    endloop
  endfacet
  facet normal 0.336982 0.941511 -0
    outer loop
      vertex 83.5355 64.4689 0
      vertex 83.3877 64.5218 2
      vertex 83.5355 64.4689 2
    endloop
  endfacet
  facet normal 0.336982 0.941511 0
    outer loop
      vertex 83.3877 64.5218 2
      vertex 83.5355 64.4689 0
      vertex 83.3877 64.5218 0
    endloop
  endfacet
  facet normal -0.998796 0.049048 0
    outer loop
      vertex 85.5923 65.8432 0
      vertex 85.6 66 2
      vertex 85.6 66 0
    endloop
  endfacet
  facet normal -0.998796 0.049048 0
    outer loop
      vertex 85.6 66 2
      vertex 85.5923 65.8432 0
      vertex 85.5923 65.8432 2
    endloop
  endfacet
  facet normal 0.98921 -0.146502 0
    outer loop
      vertex 82.4077 66.1568 2
      vertex 82.4307 66.3121 0
      vertex 82.4307 66.3121 2
    endloop
  endfacet
  facet normal 0.98921 -0.146502 0
    outer loop
      vertex 82.4307 66.3121 0
      vertex 82.4077 66.1568 2
      vertex 82.4077 66.1568 0
    endloop
  endfacet
  facet normal -0.146502 0.98921 0
    outer loop
      vertex 84.3121 64.4307 0
      vertex 84.1568 64.4077 2
      vertex 84.3121 64.4307 2
    endloop
  endfacet
  facet normal -0.146502 0.98921 0
    outer loop
      vertex 84.1568 64.4077 2
      vertex 84.3121 64.4307 0
      vertex 84.1568 64.4077 0
    endloop
  endfacet
  facet normal -0.941511 -0.336982 0
    outer loop
      vertex 85.5311 66.4645 2
      vertex 85.4782 66.6123 2
      vertex 85.4782 66.6123 0
    endloop
  endfacet
  facet normal -0.941511 -0.336982 -0
    outer loop
      vertex 85.5311 66.4645 2
      vertex 85.4782 66.6123 0
      vertex 85.5311 66.4645 0
    endloop
  endfacet
  facet normal -0.941511 -0.336982 0
    outer loop
      vertex 85.4782 66.6123 2
      vertex 85.5311 66.4645 2
      vertex 85.4782 66.6123 4
    endloop
  endfacet
  facet normal -0.941511 -0.336982 0
    outer loop
      vertex 85.4782 66.6123 4
      vertex 85.5311 66.4645 2
      vertex 85.5311 66.4645 4
    endloop
  endfacet
  facet normal 0.427484 -0.904023 0
    outer loop
      vertex 83.2458 67.4111 0
      vertex 83.3877 67.4782 2
      vertex 83.2458 67.4111 2
    endloop
  endfacet
  facet normal 0.427484 -0.904023 0
    outer loop
      vertex 83.3877 67.4782 2
      vertex 83.2458 67.4111 0
      vertex 83.3877 67.4782 0
    endloop
  endfacet
  facet normal -0.969993 0.243135 0
    outer loop
      vertex 85.5311 65.5355 0
      vertex 85.5693 65.6879 2
      vertex 85.5693 65.6879 0
    endloop
  endfacet
  facet normal -0.969993 0.243135 0
    outer loop
      vertex 85.5693 65.6879 2
      vertex 85.5311 65.5355 0
      vertex 85.5311 65.5355 2
    endloop
  endfacet
  facet normal 0.427484 0.904023 -0
    outer loop
      vertex 83.3877 64.5218 0
      vertex 83.2458 64.5889 2
      vertex 83.3877 64.5218 2
    endloop
  endfacet
  facet normal 0.427484 0.904023 0
    outer loop
      vertex 83.2458 64.5889 2
      vertex 83.3877 64.5218 0
      vertex 83.2458 64.5889 0
    endloop
  endfacet
  facet normal 0.243135 -0.969993 0
    outer loop
      vertex 83.5355 67.5311 0
      vertex 83.6879 67.5693 2
      vertex 83.5355 67.5311 2
    endloop
  endfacet
  facet normal 0.243135 -0.969993 0
    outer loop
      vertex 83.6879 67.5693 2
      vertex 83.5355 67.5311 0
      vertex 83.6879 67.5693 0
    endloop
  endfacet
  facet normal 0.904023 -0.427484 0
    outer loop
      vertex 82.5218 66.6123 2
      vertex 82.5889 66.7542 0
      vertex 82.5889 66.7542 2
    endloop
  endfacet
  facet normal 0.904023 -0.427484 0
    outer loop
      vertex 82.5889 66.7542 0
      vertex 82.5218 66.6123 2
      vertex 82.5218 66.6123 0
    endloop
  endfacet
  facet normal 0.904023 0.427484 0
    outer loop
      vertex 82.5889 65.2458 2
      vertex 82.5218 65.3877 0
      vertex 82.5218 65.3877 2
    endloop
  endfacet
  facet normal 0.904023 0.427484 0
    outer loop
      vertex 82.5218 65.3877 0
      vertex 82.5889 65.2458 2
      vertex 82.5889 65.2458 0
    endloop
  endfacet
  facet normal -0.336982 -0.941511 0
    outer loop
      vertex 84.4645 67.5311 2
      vertex 84.6123 67.4782 4
      vertex 84.4645 67.5311 4
    endloop
  endfacet
  facet normal -0.336982 -0.941511 0
    outer loop
      vertex 84.4645 67.5311 2
      vertex 84.6123 67.4782 2
      vertex 84.6123 67.4782 4
    endloop
  endfacet
  facet normal -0.336982 -0.941511 0
    outer loop
      vertex 84.4645 67.5311 0
      vertex 84.6123 67.4782 2
      vertex 84.4645 67.5311 2
    endloop
  endfacet
  facet normal -0.336982 -0.941511 -0
    outer loop
      vertex 84.6123 67.4782 2
      vertex 84.4645 67.5311 0
      vertex 84.6123 67.4782 0
    endloop
  endfacet
  facet normal -0.243135 -0.969993 0
    outer loop
      vertex 84.3121 67.5693 2
      vertex 84.4645 67.5311 4
      vertex 84.3121 67.5693 4
    endloop
  endfacet
  facet normal -0.243135 -0.969993 0
    outer loop
      vertex 84.3121 67.5693 2
      vertex 84.4645 67.5311 2
      vertex 84.4645 67.5311 4
    endloop
  endfacet
  facet normal -0.243135 -0.969993 0
    outer loop
      vertex 84.3121 67.5693 0
      vertex 84.4645 67.5311 2
      vertex 84.3121 67.5693 2
    endloop
  endfacet
  facet normal -0.243135 -0.969993 -0
    outer loop
      vertex 84.4645 67.5311 2
      vertex 84.3121 67.5693 0
      vertex 84.4645 67.5311 0
    endloop
  endfacet
  facet normal 0.336982 -0.941511 0
    outer loop
      vertex 83.3877 67.4782 0
      vertex 83.5355 67.5311 2
      vertex 83.3877 67.4782 2
    endloop
  endfacet
  facet normal 0.336982 -0.941511 0
    outer loop
      vertex 83.5355 67.5311 2
      vertex 83.3877 67.4782 0
      vertex 83.5355 67.5311 0
    endloop
  endfacet
  facet normal -0.80297 0.596019 0
    outer loop
      vertex 85.2368 64.985 0
      vertex 85.3304 65.1111 2
      vertex 85.3304 65.1111 0
    endloop
  endfacet
  facet normal -0.80297 0.596019 0
    outer loop
      vertex 85.3304 65.1111 2
      vertex 85.2368 64.985 0
      vertex 85.2368 64.985 2
    endloop
  endfacet
  facet normal 0.85783 -0.513934 0
    outer loop
      vertex 82.5889 66.7542 2
      vertex 82.6696 66.8889 0
      vertex 82.6696 66.8889 2
    endloop
  endfacet
  facet normal 0.85783 -0.513934 0
    outer loop
      vertex 82.6696 66.8889 0
      vertex 82.5889 66.7542 2
      vertex 82.5889 66.7542 0
    endloop
  endfacet
  facet normal -0.671213 -0.741264 0
    outer loop
      vertex 85.015 67.2368 2
      vertex 85.1314 67.1314 4
      vertex 85.015 67.2368 4
    endloop
  endfacet
  facet normal -0.671213 -0.741264 0
    outer loop
      vertex 85.015 67.2368 2
      vertex 85.1314 67.1314 2
      vertex 85.1314 67.1314 4
    endloop
  endfacet
  facet normal -0.671213 -0.741264 0
    outer loop
      vertex 85.015 67.2368 0
      vertex 85.1314 67.1314 2
      vertex 85.015 67.2368 2
    endloop
  endfacet
  facet normal -0.671213 -0.741264 -0
    outer loop
      vertex 85.1314 67.1314 2
      vertex 85.015 67.2368 0
      vertex 85.1314 67.1314 0
    endloop
  endfacet
  facet normal -0.049048 0.998796 0
    outer loop
      vertex 84.1568 64.4077 0
      vertex 84 64.4 2
      vertex 84.1568 64.4077 2
    endloop
  endfacet
  facet normal -0.049048 0.998796 0
    outer loop
      vertex 84 64.4 2
      vertex 84.1568 64.4077 0
      vertex 84 64.4 0
    endloop
  endfacet
  facet normal -0.427484 -0.904023 0
    outer loop
      vertex 84.6123 67.4782 2
      vertex 84.7542 67.4111 4
      vertex 84.6123 67.4782 4
    endloop
  endfacet
  facet normal -0.427484 -0.904023 0
    outer loop
      vertex 84.6123 67.4782 2
      vertex 84.7542 67.4111 2
      vertex 84.7542 67.4111 4
    endloop
  endfacet
  facet normal -0.427484 -0.904023 0
    outer loop
      vertex 84.6123 67.4782 0
      vertex 84.7542 67.4111 2
      vertex 84.6123 67.4782 2
    endloop
  endfacet
  facet normal -0.427484 -0.904023 -0
    outer loop
      vertex 84.7542 67.4111 2
      vertex 84.6123 67.4782 0
      vertex 84.7542 67.4111 0
    endloop
  endfacet
  facet normal 0.741264 0.671213 0
    outer loop
      vertex 82.8686 64.8686 2
      vertex 82.7632 64.985 0
      vertex 82.7632 64.985 2
    endloop
  endfacet
  facet normal 0.741264 0.671213 0
    outer loop
      vertex 82.7632 64.985 0
      vertex 82.8686 64.8686 2
      vertex 82.8686 64.8686 0
    endloop
  endfacet
  facet normal -0.904023 -0.427484 0
    outer loop
      vertex 85.4782 66.6123 2
      vertex 85.4111 66.7542 2
      vertex 85.4111 66.7542 0
    endloop
  endfacet
  facet normal -0.904023 -0.427484 -0
    outer loop
      vertex 85.4782 66.6123 2
      vertex 85.4111 66.7542 0
      vertex 85.4782 66.6123 0
    endloop
  endfacet
  facet normal -0.904023 -0.427484 0
    outer loop
      vertex 85.4111 66.7542 2
      vertex 85.4782 66.6123 2
      vertex 85.4111 66.7542 4
    endloop
  endfacet
  facet normal -0.904023 -0.427484 0
    outer loop
      vertex 85.4111 66.7542 4
      vertex 85.4782 66.6123 2
      vertex 85.4782 66.6123 4
    endloop
  endfacet
  facet normal -0.85783 0.513934 0
    outer loop
      vertex 85.3304 65.1111 0
      vertex 85.4111 65.2458 2
      vertex 85.4111 65.2458 0
    endloop
  endfacet
  facet normal -0.85783 0.513934 0
    outer loop
      vertex 85.4111 65.2458 2
      vertex 85.3304 65.1111 0
      vertex 85.3304 65.1111 2
    endloop
  endfacet
  facet normal -0.243135 0.969993 0
    outer loop
      vertex 84.4645 64.4689 0
      vertex 84.3121 64.4307 2
      vertex 84.4645 64.4689 2
    endloop
  endfacet
  facet normal -0.243135 0.969993 0
    outer loop
      vertex 84.3121 64.4307 2
      vertex 84.4645 64.4689 0
      vertex 84.3121 64.4307 0
    endloop
  endfacet
  facet normal 0.941511 0.336982 0
    outer loop
      vertex 82.5218 65.3877 2
      vertex 82.4689 65.5355 0
      vertex 82.4689 65.5355 2
    endloop
  endfacet
  facet normal 0.941511 0.336982 0
    outer loop
      vertex 82.4689 65.5355 0
      vertex 82.5218 65.3877 2
      vertex 82.5218 65.3877 0
    endloop
  endfacet
  facet normal -0.513934 -0.85783 0
    outer loop
      vertex 84.7542 67.4111 2
      vertex 84.8889 67.3304 4
      vertex 84.7542 67.4111 4
    endloop
  endfacet
  facet normal -0.513934 -0.85783 0
    outer loop
      vertex 84.7542 67.4111 2
      vertex 84.8889 67.3304 2
      vertex 84.8889 67.3304 4
    endloop
  endfacet
  facet normal -0.513934 -0.85783 0
    outer loop
      vertex 84.7542 67.4111 0
      vertex 84.8889 67.3304 2
      vertex 84.7542 67.4111 2
    endloop
  endfacet
  facet normal -0.513934 -0.85783 -0
    outer loop
      vertex 84.8889 67.3304 2
      vertex 84.7542 67.4111 0
      vertex 84.8889 67.3304 0
    endloop
  endfacet
  facet normal 0.049048 0.998796 -0
    outer loop
      vertex 84 64.4 0
      vertex 83.8432 64.4077 2
      vertex 84 64.4 2
    endloop
  endfacet
  facet normal 0.049048 0.998796 0
    outer loop
      vertex 83.8432 64.4077 2
      vertex 84 64.4 0
      vertex 83.8432 64.4077 0
    endloop
  endfacet
  facet normal -0.596019 0.80297 0
    outer loop
      vertex 85.015 64.7632 0
      vertex 84.8889 64.6696 2
      vertex 85.015 64.7632 2
    endloop
  endfacet
  facet normal -0.596019 0.80297 0
    outer loop
      vertex 84.8889 64.6696 2
      vertex 85.015 64.7632 0
      vertex 84.8889 64.6696 0
    endloop
  endfacet
  facet normal 0.969993 -0.243135 0
    outer loop
      vertex 82.4307 66.3121 2
      vertex 82.4689 66.4645 0
      vertex 82.4689 66.4645 2
    endloop
  endfacet
  facet normal 0.969993 -0.243135 0
    outer loop
      vertex 82.4689 66.4645 0
      vertex 82.4307 66.3121 2
      vertex 82.4307 66.3121 0
    endloop
  endfacet
  facet normal -0.336982 0.941511 0
    outer loop
      vertex 84.6123 64.5218 0
      vertex 84.4645 64.4689 2
      vertex 84.6123 64.5218 2
    endloop
  endfacet
  facet normal -0.336982 0.941511 0
    outer loop
      vertex 84.4645 64.4689 2
      vertex 84.6123 64.5218 0
      vertex 84.4645 64.4689 0
    endloop
  endfacet
  facet normal -0.80297 -0.596019 0
    outer loop
      vertex 85.3304 66.8889 2
      vertex 85.2368 67.015 2
      vertex 85.2368 67.015 0
    endloop
  endfacet
  facet normal -0.80297 -0.596019 -0
    outer loop
      vertex 85.3304 66.8889 2
      vertex 85.2368 67.015 0
      vertex 85.3304 66.8889 0
    endloop
  endfacet
  facet normal -0.80297 -0.596019 0
    outer loop
      vertex 85.2368 67.015 2
      vertex 85.3304 66.8889 2
      vertex 85.2368 67.015 4
    endloop
  endfacet
  facet normal -0.80297 -0.596019 0
    outer loop
      vertex 85.2368 67.015 4
      vertex 85.3304 66.8889 2
      vertex 85.3304 66.8889 4
    endloop
  endfacet
  facet normal 0.513934 0.85783 -0
    outer loop
      vertex 83.2458 64.5889 0
      vertex 83.1111 64.6696 2
      vertex 83.2458 64.5889 2
    endloop
  endfacet
  facet normal 0.513934 0.85783 0
    outer loop
      vertex 83.1111 64.6696 2
      vertex 83.2458 64.5889 0
      vertex 83.1111 64.6696 0
    endloop
  endfacet
  facet normal -0.596019 -0.80297 0
    outer loop
      vertex 84.8889 67.3304 2
      vertex 85.015 67.2368 4
      vertex 84.8889 67.3304 4
    endloop
  endfacet
  facet normal -0.596019 -0.80297 0
    outer loop
      vertex 84.8889 67.3304 2
      vertex 85.015 67.2368 2
      vertex 85.015 67.2368 4
    endloop
  endfacet
  facet normal -0.596019 -0.80297 0
    outer loop
      vertex 84.8889 67.3304 0
      vertex 85.015 67.2368 2
      vertex 84.8889 67.3304 2
    endloop
  endfacet
  facet normal -0.596019 -0.80297 -0
    outer loop
      vertex 85.015 67.2368 2
      vertex 84.8889 67.3304 0
      vertex 85.015 67.2368 0
    endloop
  endfacet
  facet normal -0.904023 0.427484 0
    outer loop
      vertex 85.4111 65.2458 0
      vertex 85.4782 65.3877 2
      vertex 85.4782 65.3877 0
    endloop
  endfacet
  facet normal -0.904023 0.427484 0
    outer loop
      vertex 85.4782 65.3877 2
      vertex 85.4111 65.2458 0
      vertex 85.4111 65.2458 2
    endloop
  endfacet
  facet normal -0.741264 0.671213 0
    outer loop
      vertex 85.1314 64.8686 0
      vertex 85.2368 64.985 2
      vertex 85.2368 64.985 0
    endloop
  endfacet
  facet normal -0.741264 0.671213 0
    outer loop
      vertex 85.2368 64.985 2
      vertex 85.1314 64.8686 0
      vertex 85.1314 64.8686 2
    endloop
  endfacet
  facet normal -0.049048 -0.998796 0
    outer loop
      vertex 84 67.6 2
      vertex 84.1568 67.5923 4
      vertex 84 67.6 4
    endloop
  endfacet
  facet normal -0.049048 -0.998796 0
    outer loop
      vertex 84 67.6 2
      vertex 84.1568 67.5923 2
      vertex 84.1568 67.5923 4
    endloop
  endfacet
  facet normal -0.049048 -0.998796 0
    outer loop
      vertex 84 67.6 0
      vertex 84.1568 67.5923 2
      vertex 84 67.6 2
    endloop
  endfacet
  facet normal -0.049048 -0.998796 -0
    outer loop
      vertex 84.1568 67.5923 2
      vertex 84 67.6 0
      vertex 84.1568 67.5923 0
    endloop
  endfacet
  facet normal -0.427484 0.904023 0
    outer loop
      vertex 84.7542 64.5889 0
      vertex 84.6123 64.5218 2
      vertex 84.7542 64.5889 2
    endloop
  endfacet
  facet normal -0.427484 0.904023 0
    outer loop
      vertex 84.6123 64.5218 2
      vertex 84.7542 64.5889 0
      vertex 84.6123 64.5218 0
    endloop
  endfacet
  facet normal 0.146502 -0.98921 0
    outer loop
      vertex 83.6879 67.5693 0
      vertex 83.8432 67.5923 2
      vertex 83.6879 67.5693 2
    endloop
  endfacet
  facet normal 0.146502 -0.98921 0
    outer loop
      vertex 83.8432 67.5923 2
      vertex 83.6879 67.5693 0
      vertex 83.8432 67.5923 0
    endloop
  endfacet
  facet normal -0.98921 0.146502 0
    outer loop
      vertex 85.5693 65.6879 0
      vertex 85.5923 65.8432 2
      vertex 85.5923 65.8432 0
    endloop
  endfacet
  facet normal -0.98921 0.146502 0
    outer loop
      vertex 85.5923 65.8432 2
      vertex 85.5693 65.6879 0
      vertex 85.5693 65.6879 2
    endloop
  endfacet
  facet normal 0.671213 -0.741264 0
    outer loop
      vertex 82.8686 67.1314 0
      vertex 82.985 67.2368 2
      vertex 82.8686 67.1314 2
    endloop
  endfacet
  facet normal 0.671213 -0.741264 0
    outer loop
      vertex 82.985 67.2368 2
      vertex 82.8686 67.1314 0
      vertex 82.985 67.2368 0
    endloop
  endfacet
  facet normal -0.85783 -0.513934 0
    outer loop
      vertex 85.4111 66.7542 2
      vertex 85.3304 66.8889 2
      vertex 85.3304 66.8889 0
    endloop
  endfacet
  facet normal -0.85783 -0.513934 -0
    outer loop
      vertex 85.4111 66.7542 2
      vertex 85.3304 66.8889 0
      vertex 85.4111 66.7542 0
    endloop
  endfacet
  facet normal -0.85783 -0.513934 0
    outer loop
      vertex 85.3304 66.8889 2
      vertex 85.4111 66.7542 2
      vertex 85.3304 66.8889 4
    endloop
  endfacet
  facet normal -0.85783 -0.513934 0
    outer loop
      vertex 85.3304 66.8889 4
      vertex 85.4111 66.7542 2
      vertex 85.4111 66.7542 4
    endloop
  endfacet
  facet normal -0.741264 -0.671213 0
    outer loop
      vertex 85.2368 67.015 2
      vertex 85.1314 67.1314 2
      vertex 85.1314 67.1314 0
    endloop
  endfacet
  facet normal -0.741264 -0.671213 -0
    outer loop
      vertex 85.2368 67.015 2
      vertex 85.1314 67.1314 0
      vertex 85.2368 67.015 0
    endloop
  endfacet
  facet normal -0.741264 -0.671213 0
    outer loop
      vertex 85.1314 67.1314 2
      vertex 85.2368 67.015 2
      vertex 85.1314 67.1314 4
    endloop
  endfacet
  facet normal -0.741264 -0.671213 0
    outer loop
      vertex 85.1314 67.1314 4
      vertex 85.2368 67.015 2
      vertex 85.2368 67.015 4
    endloop
  endfacet
  facet normal 0.80297 0.596019 0
    outer loop
      vertex 82.7632 64.985 2
      vertex 82.6696 65.1111 0
      vertex 82.6696 65.1111 2
    endloop
  endfacet
  facet normal 0.80297 0.596019 0
    outer loop
      vertex 82.6696 65.1111 0
      vertex 82.7632 64.985 2
      vertex 82.7632 64.985 0
    endloop
  endfacet
  facet normal 0.741264 -0.671213 0
    outer loop
      vertex 82.7632 67.015 2
      vertex 82.8686 67.1314 0
      vertex 82.8686 67.1314 2
    endloop
  endfacet
  facet normal 0.741264 -0.671213 0
    outer loop
      vertex 82.8686 67.1314 0
      vertex 82.7632 67.015 2
      vertex 82.7632 67.015 0
    endloop
  endfacet
  facet normal 0.596019 0.80297 -0
    outer loop
      vertex 83.1111 64.6696 0
      vertex 82.985 64.7632 2
      vertex 83.1111 64.6696 2
    endloop
  endfacet
  facet normal 0.596019 0.80297 0
    outer loop
      vertex 82.985 64.7632 2
      vertex 83.1111 64.6696 0
      vertex 82.985 64.7632 0
    endloop
  endfacet
  facet normal 0.671213 0.741264 -0
    outer loop
      vertex 82.985 64.7632 0
      vertex 82.8686 64.8686 2
      vertex 82.985 64.7632 2
    endloop
  endfacet
  facet normal 0.671213 0.741264 0
    outer loop
      vertex 82.8686 64.8686 2
      vertex 82.985 64.7632 0
      vertex 82.8686 64.8686 0
    endloop
  endfacet
  facet normal -0.513934 0.85783 0
    outer loop
      vertex 84.8889 64.6696 0
      vertex 84.7542 64.5889 2
      vertex 84.8889 64.6696 2
    endloop
  endfacet
  facet normal -0.513934 0.85783 0
    outer loop
      vertex 84.7542 64.5889 2
      vertex 84.8889 64.6696 0
      vertex 84.7542 64.5889 0
    endloop
  endfacet
  facet normal -0.671213 0.741264 0
    outer loop
      vertex 85.1314 64.8686 0
      vertex 85.015 64.7632 2
      vertex 85.1314 64.8686 2
    endloop
  endfacet
  facet normal -0.671213 0.741264 0
    outer loop
      vertex 85.015 64.7632 2
      vertex 85.1314 64.8686 0
      vertex 85.015 64.7632 0
    endloop
  endfacet
  facet normal 0.049048 -0.998796 0
    outer loop
      vertex 83.8432 67.5923 0
      vertex 84 67.6 2
      vertex 83.8432 67.5923 2
    endloop
  endfacet
  facet normal 0.049048 -0.998796 0
    outer loop
      vertex 84 67.6 2
      vertex 83.8432 67.5923 0
      vertex 84 67.6 0
    endloop
  endfacet
  facet normal 0.243135 0.969993 -0
    outer loop
      vertex 83.6879 64.4307 0
      vertex 83.5355 64.4689 2
      vertex 83.6879 64.4307 2
    endloop
  endfacet
  facet normal 0.243135 0.969993 0
    outer loop
      vertex 83.5355 64.4689 2
      vertex 83.6879 64.4307 0
      vertex 83.5355 64.4689 0
    endloop
  endfacet
  facet normal 0.98921 0.146502 0
    outer loop
      vertex 82.4307 65.6879 2
      vertex 82.4077 65.8432 0
      vertex 82.4077 65.8432 2
    endloop
  endfacet
  facet normal 0.98921 0.146502 0
    outer loop
      vertex 82.4077 65.8432 0
      vertex 82.4307 65.6879 2
      vertex 82.4307 65.6879 0
    endloop
  endfacet
  facet normal 0.513934 -0.85783 0
    outer loop
      vertex 83.1111 67.3304 0
      vertex 83.2458 67.4111 2
      vertex 83.1111 67.3304 2
    endloop
  endfacet
  facet normal 0.513934 -0.85783 0
    outer loop
      vertex 83.2458 67.4111 2
      vertex 83.1111 67.3304 0
      vertex 83.2458 67.4111 0
    endloop
  endfacet
  facet normal 0.596019 -0.80297 0
    outer loop
      vertex 82.985 67.2368 0
      vertex 83.1111 67.3304 2
      vertex 82.985 67.2368 2
    endloop
  endfacet
  facet normal 0.596019 -0.80297 0
    outer loop
      vertex 83.1111 67.3304 2
      vertex 82.985 67.2368 0
      vertex 83.1111 67.3304 0
    endloop
  endfacet
  facet normal 0.941511 -0.336982 0
    outer loop
      vertex 82.4689 66.4645 2
      vertex 82.5218 66.6123 0
      vertex 82.5218 66.6123 2
    endloop
  endfacet
  facet normal 0.941511 -0.336982 0
    outer loop
      vertex 82.5218 66.6123 0
      vertex 82.4689 66.4645 2
      vertex 82.4689 66.4645 0
    endloop
  endfacet
  facet normal -0.941511 0.336982 0
    outer loop
      vertex 85.4782 65.3877 0
      vertex 85.5311 65.5355 2
      vertex 85.5311 65.5355 0
    endloop
  endfacet
  facet normal -0.941511 0.336982 0
    outer loop
      vertex 85.5311 65.5355 2
      vertex 85.4782 65.3877 0
      vertex 85.4782 65.3877 2
    endloop
  endfacet
  facet normal 0.85783 0.513934 0
    outer loop
      vertex 82.6696 65.1111 2
      vertex 82.5889 65.2458 0
      vertex 82.5889 65.2458 2
    endloop
  endfacet
  facet normal 0.85783 0.513934 0
    outer loop
      vertex 82.5889 65.2458 0
      vertex 82.6696 65.1111 2
      vertex 82.6696 65.1111 0
    endloop
  endfacet
  facet normal 0.998796 0.049048 0
    outer loop
      vertex 82.4077 65.8432 2
      vertex 82.4 66 0
      vertex 82.4 66 2
    endloop
  endfacet
  facet normal 0.998796 0.049048 0
    outer loop
      vertex 82.4 66 0
      vertex 82.4077 65.8432 2
      vertex 82.4077 65.8432 0
    endloop
  endfacet
  facet normal 0.146502 0.98921 -0
    outer loop
      vertex 83.8432 64.4077 0
      vertex 83.6879 64.4307 2
      vertex 83.8432 64.4077 2
    endloop
  endfacet
  facet normal 0.146502 0.98921 0
    outer loop
      vertex 83.6879 64.4307 2
      vertex 83.8432 64.4077 0
      vertex 83.6879 64.4307 0
    endloop
  endfacet
  facet normal 0.80297 -0.596019 0
    outer loop
      vertex 82.6696 66.8889 2
      vertex 82.7632 67.015 0
      vertex 82.7632 67.015 2
    endloop
  endfacet
  facet normal 0.80297 -0.596019 0
    outer loop
      vertex 82.7632 67.015 0
      vertex 82.6696 66.8889 2
      vertex 82.6696 66.8889 0
    endloop
  endfacet
  facet normal 0.998797 -0.0490387 0
    outer loop
      vertex 4.4 6 2
      vertex 4.4077 6.15683 0
      vertex 4.4077 6.15683 2
    endloop
  endfacet
  facet normal 0.998797 -0.0490387 0
    outer loop
      vertex 4.4077 6.15683 0
      vertex 4.4 6 2
      vertex 4.4 6 0
    endloop
  endfacet
  facet normal -0.989184 -0.14668 0
    outer loop
      vertex 7.59229 6.15683 2
      vertex 7.56926 6.31214 2
      vertex 7.56926 6.31214 0
    endloop
  endfacet
  facet normal -0.989184 -0.14668 -0
    outer loop
      vertex 7.59229 6.15683 2
      vertex 7.56926 6.31214 0
      vertex 7.59229 6.15683 0
    endloop
  endfacet
  facet normal -0.989184 -0.14668 0
    outer loop
      vertex 7.56926 6.31214 2
      vertex 7.59229 6.15683 2
      vertex 7.56926 6.31214 4
    endloop
  endfacet
  facet normal -0.989184 -0.14668 0
    outer loop
      vertex 7.56926 6.31214 4
      vertex 7.59229 6.15683 2
      vertex 7.59229 6.15683 4
    endloop
  endfacet
  facet normal -0.998794 -0.0491022 0
    outer loop
      vertex 7.6 6 2
      vertex 7.59229 6.15683 2
      vertex 7.59229 6.15683 0
    endloop
  endfacet
  facet normal -0.998794 -0.0491022 -0
    outer loop
      vertex 7.6 6 2
      vertex 7.59229 6.15683 0
      vertex 7.6 6 0
    endloop
  endfacet
  facet normal -0.998794 -0.0491022 0
    outer loop
      vertex 7.59229 6.15683 2
      vertex 7.6 6 2
      vertex 7.59229 6.15683 4
    endloop
  endfacet
  facet normal -0.998794 -0.0491022 0
    outer loop
      vertex 7.59229 6.15683 4
      vertex 7.6 6 2
      vertex 7.6 6 4
    endloop
  endfacet
  facet normal -0.970019 -0.24303 0
    outer loop
      vertex 7.56926 6.31214 2
      vertex 7.5311 6.46445 2
      vertex 7.5311 6.46445 0
    endloop
  endfacet
  facet normal -0.970019 -0.24303 -0
    outer loop
      vertex 7.56926 6.31214 2
      vertex 7.5311 6.46445 0
      vertex 7.56926 6.31214 0
    endloop
  endfacet
  facet normal -0.970019 -0.24303 0
    outer loop
      vertex 7.5311 6.46445 2
      vertex 7.56926 6.31214 2
      vertex 7.5311 6.46445 4
    endloop
  endfacet
  facet normal -0.970019 -0.24303 0
    outer loop
      vertex 7.5311 6.46445 4
      vertex 7.56926 6.31214 2
      vertex 7.56926 6.31214 4
    endloop
  endfacet
  facet normal -0.14668 -0.989184 0
    outer loop
      vertex 6.15683 7.59229 2
      vertex 6.31214 7.56926 4
      vertex 6.15683 7.59229 4
    endloop
  endfacet
  facet normal -0.14668 -0.989184 0
    outer loop
      vertex 6.15683 7.59229 2
      vertex 6.31214 7.56926 2
      vertex 6.31214 7.56926 4
    endloop
  endfacet
  facet normal -0.14668 -0.989184 0
    outer loop
      vertex 6.15683 7.59229 0
      vertex 6.31214 7.56926 2
      vertex 6.15683 7.59229 2
    endloop
  endfacet
  facet normal -0.14668 -0.989184 -0
    outer loop
      vertex 6.31214 7.56926 2
      vertex 6.15683 7.59229 0
      vertex 6.31214 7.56926 0
    endloop
  endfacet
  facet normal 0.970034 0.24297 0
    outer loop
      vertex 4.46889 5.53554 2
      vertex 4.43074 5.68785 0
      vertex 4.43074 5.68785 2
    endloop
  endfacet
  facet normal 0.970034 0.24297 0
    outer loop
      vertex 4.43074 5.68785 0
      vertex 4.46889 5.53554 2
      vertex 4.46889 5.53554 0
    endloop
  endfacet
  facet normal 0.336921 0.941533 -0
    outer loop
      vertex 5.53554 4.46889 0
      vertex 5.38771 4.52179 2
      vertex 5.53554 4.46889 2
    endloop
  endfacet
  facet normal 0.336921 0.941533 0
    outer loop
      vertex 5.38771 4.52179 2
      vertex 5.53554 4.46889 0
      vertex 5.38771 4.52179 0
    endloop
  endfacet
  facet normal -0.998794 0.0491022 0
    outer loop
      vertex 7.59229 5.84317 0
      vertex 7.6 6 2
      vertex 7.6 6 0
    endloop
  endfacet
  facet normal -0.998794 0.0491022 0
    outer loop
      vertex 7.6 6 2
      vertex 7.59229 5.84317 0
      vertex 7.59229 5.84317 2
    endloop
  endfacet
  facet normal 0.989175 -0.146743 0
    outer loop
      vertex 4.4077 6.15683 2
      vertex 4.43074 6.31214 0
      vertex 4.43074 6.31214 2
    endloop
  endfacet
  facet normal 0.989175 -0.146743 0
    outer loop
      vertex 4.43074 6.31214 0
      vertex 4.4077 6.15683 2
      vertex 4.4077 6.15683 0
    endloop
  endfacet
  facet normal -0.146743 0.989175 0
    outer loop
      vertex 6.31214 4.43074 0
      vertex 6.15683 4.4077 2
      vertex 6.31214 4.43074 2
    endloop
  endfacet
  facet normal -0.146743 0.989175 0
    outer loop
      vertex 6.15683 4.4077 2
      vertex 6.31214 4.43074 0
      vertex 6.15683 4.4077 0
    endloop
  endfacet
  facet normal -0.94156 -0.336845 0
    outer loop
      vertex 7.5311 6.46445 2
      vertex 7.47821 6.61229 2
      vertex 7.47821 6.61229 0
    endloop
  endfacet
  facet normal -0.94156 -0.336845 -0
    outer loop
      vertex 7.5311 6.46445 2
      vertex 7.47821 6.61229 0
      vertex 7.5311 6.46445 0
    endloop
  endfacet
  facet normal -0.94156 -0.336845 0
    outer loop
      vertex 7.47821 6.61229 2
      vertex 7.5311 6.46445 2
      vertex 7.47821 6.61229 4
    endloop
  endfacet
  facet normal -0.94156 -0.336845 0
    outer loop
      vertex 7.47821 6.61229 4
      vertex 7.5311 6.46445 2
      vertex 7.5311 6.46445 4
    endloop
  endfacet
  facet normal 0.427569 -0.903983 0
    outer loop
      vertex 5.24576 7.41107 0
      vertex 5.38771 7.47821 2
      vertex 5.24576 7.41107 2
    endloop
  endfacet
  facet normal 0.427569 -0.903983 0
    outer loop
      vertex 5.38771 7.47821 2
      vertex 5.24576 7.41107 0
      vertex 5.38771 7.47821 0
    endloop
  endfacet
  facet normal -0.970019 0.24303 0
    outer loop
      vertex 7.5311 5.53554 0
      vertex 7.56926 5.68785 2
      vertex 7.56926 5.68785 0
    endloop
  endfacet
  facet normal -0.970019 0.24303 0
    outer loop
      vertex 7.56926 5.68785 2
      vertex 7.5311 5.53554 0
      vertex 7.5311 5.53554 2
    endloop
  endfacet
  facet normal 0.427569 0.903983 -0
    outer loop
      vertex 5.38771 4.52179 0
      vertex 5.24576 4.58893 2
      vertex 5.38771 4.52179 2
    endloop
  endfacet
  facet normal 0.427569 0.903983 0
    outer loop
      vertex 5.24576 4.58893 2
      vertex 5.38771 4.52179 0
      vertex 5.24576 4.58893 0
    endloop
  endfacet
  facet normal 0.24303 -0.970019 0
    outer loop
      vertex 5.53554 7.5311 0
      vertex 5.68785 7.56926 2
      vertex 5.53554 7.5311 2
    endloop
  endfacet
  facet normal 0.24303 -0.970019 0
    outer loop
      vertex 5.68785 7.56926 2
      vertex 5.53554 7.5311 0
      vertex 5.68785 7.56926 0
    endloop
  endfacet
  facet normal 0.903971 -0.427594 0
    outer loop
      vertex 4.52179 6.61229 2
      vertex 4.58893 6.75423 0
      vertex 4.58893 6.75423 2
    endloop
  endfacet
  facet normal 0.903971 -0.427594 0
    outer loop
      vertex 4.58893 6.75423 0
      vertex 4.52179 6.61229 2
      vertex 4.52179 6.61229 0
    endloop
  endfacet
  facet normal 0.903983 0.427569 0
    outer loop
      vertex 4.58893 5.24576 2
      vertex 4.52179 5.38771 0
      vertex 4.52179 5.38771 2
    endloop
  endfacet
  facet normal 0.903983 0.427569 0
    outer loop
      vertex 4.52179 5.38771 0
      vertex 4.58893 5.24576 2
      vertex 4.58893 5.24576 0
    endloop
  endfacet
  facet normal -0.336845 -0.94156 0
    outer loop
      vertex 6.46445 7.5311 2
      vertex 6.61229 7.47821 4
      vertex 6.46445 7.5311 4
    endloop
  endfacet
  facet normal -0.336845 -0.94156 0
    outer loop
      vertex 6.46445 7.5311 2
      vertex 6.61229 7.47821 2
      vertex 6.61229 7.47821 4
    endloop
  endfacet
  facet normal -0.336845 -0.94156 0
    outer loop
      vertex 6.46445 7.5311 0
      vertex 6.61229 7.47821 2
      vertex 6.46445 7.5311 2
    endloop
  endfacet
  facet normal -0.336845 -0.94156 -0
    outer loop
      vertex 6.61229 7.47821 2
      vertex 6.46445 7.5311 0
      vertex 6.61229 7.47821 0
    endloop
  endfacet
  facet normal -0.24303 -0.970019 0
    outer loop
      vertex 6.31214 7.56926 2
      vertex 6.46445 7.5311 4
      vertex 6.31214 7.56926 4
    endloop
  endfacet
  facet normal -0.24303 -0.970019 0
    outer loop
      vertex 6.31214 7.56926 2
      vertex 6.46445 7.5311 2
      vertex 6.46445 7.5311 4
    endloop
  endfacet
  facet normal -0.24303 -0.970019 0
    outer loop
      vertex 6.31214 7.56926 0
      vertex 6.46445 7.5311 2
      vertex 6.31214 7.56926 2
    endloop
  endfacet
  facet normal -0.24303 -0.970019 -0
    outer loop
      vertex 6.46445 7.5311 2
      vertex 6.31214 7.56926 0
      vertex 6.46445 7.5311 0
    endloop
  endfacet
  facet normal 0.336865 -0.941553 0
    outer loop
      vertex 5.38771 7.47821 0
      vertex 5.53554 7.5311 2
      vertex 5.38771 7.47821 2
    endloop
  endfacet
  facet normal 0.336865 -0.941553 0
    outer loop
      vertex 5.53554 7.5311 2
      vertex 5.38771 7.47821 0
      vertex 5.53554 7.5311 0
    endloop
  endfacet
  facet normal -0.803229 0.595671 0
    outer loop
      vertex 7.23682 4.98497 0
      vertex 7.33035 5.11109 2
      vertex 7.33035 5.11109 0
    endloop
  endfacet
  facet normal -0.803229 0.595671 0
    outer loop
      vertex 7.33035 5.11109 2
      vertex 7.23682 4.98497 0
      vertex 7.23682 4.98497 2
    endloop
  endfacet
  facet normal 0.85774 -0.514084 0
    outer loop
      vertex 4.58893 6.75423 2
      vertex 4.66965 6.88891 0
      vertex 4.66965 6.88891 2
    endloop
  endfacet
  facet normal 0.85774 -0.514084 0
    outer loop
      vertex 4.66965 6.88891 0
      vertex 4.58893 6.75423 2
      vertex 4.58893 6.75423 0
    endloop
  endfacet
  facet normal -0.671578 -0.740933 0
    outer loop
      vertex 7.01503 7.23682 2
      vertex 7.13137 7.13137 4
      vertex 7.01503 7.23682 4
    endloop
  endfacet
  facet normal -0.671578 -0.740933 0
    outer loop
      vertex 7.01503 7.23682 2
      vertex 7.13137 7.13137 2
      vertex 7.13137 7.13137 4
    endloop
  endfacet
  facet normal -0.671578 -0.740933 0
    outer loop
      vertex 7.01503 7.23682 0
      vertex 7.13137 7.13137 2
      vertex 7.01503 7.23682 2
    endloop
  endfacet
  facet normal -0.671578 -0.740933 -0
    outer loop
      vertex 7.13137 7.13137 2
      vertex 7.01503 7.23682 0
      vertex 7.13137 7.13137 0
    endloop
  endfacet
  facet normal -0.0490387 0.998797 0
    outer loop
      vertex 6.15683 4.4077 0
      vertex 6 4.4 2
      vertex 6.15683 4.4077 2
    endloop
  endfacet
  facet normal -0.0490387 0.998797 0
    outer loop
      vertex 6 4.4 2
      vertex 6.15683 4.4077 0
      vertex 6 4.4 0
    endloop
  endfacet
  facet normal -0.427594 -0.903971 0
    outer loop
      vertex 6.61229 7.47821 2
      vertex 6.75423 7.41107 4
      vertex 6.61229 7.47821 4
    endloop
  endfacet
  facet normal -0.427594 -0.903971 0
    outer loop
      vertex 6.61229 7.47821 2
      vertex 6.75423 7.41107 2
      vertex 6.75423 7.41107 4
    endloop
  endfacet
  facet normal -0.427594 -0.903971 0
    outer loop
      vertex 6.61229 7.47821 0
      vertex 6.75423 7.41107 2
      vertex 6.61229 7.47821 2
    endloop
  endfacet
  facet normal -0.427594 -0.903971 -0
    outer loop
      vertex 6.75423 7.41107 2
      vertex 6.61229 7.47821 0
      vertex 6.75423 7.41107 0
    endloop
  endfacet
  facet normal 0.740933 0.671578 0
    outer loop
      vertex 4.86863 4.86863 2
      vertex 4.76318 4.98497 0
      vertex 4.76318 4.98497 2
    endloop
  endfacet
  facet normal 0.740933 0.671578 0
    outer loop
      vertex 4.76318 4.98497 0
      vertex 4.86863 4.86863 2
      vertex 4.86863 4.86863 0
    endloop
  endfacet
  facet normal -0.903971 -0.427594 0
    outer loop
      vertex 7.47821 6.61229 2
      vertex 7.41107 6.75423 2
      vertex 7.41107 6.75423 0
    endloop
  endfacet
  facet normal -0.903971 -0.427594 -0
    outer loop
      vertex 7.47821 6.61229 2
      vertex 7.41107 6.75423 0
      vertex 7.47821 6.61229 0
    endloop
  endfacet
  facet normal -0.903971 -0.427594 0
    outer loop
      vertex 7.41107 6.75423 2
      vertex 7.47821 6.61229 2
      vertex 7.41107 6.75423 4
    endloop
  endfacet
  facet normal -0.903971 -0.427594 0
    outer loop
      vertex 7.41107 6.75423 4
      vertex 7.47821 6.61229 2
      vertex 7.47821 6.61229 4
    endloop
  endfacet
  facet normal -0.857723 0.514112 0
    outer loop
      vertex 7.33035 5.11109 0
      vertex 7.41107 5.24576 2
      vertex 7.41107 5.24576 0
    endloop
  endfacet
  facet normal -0.857723 0.514112 0
    outer loop
      vertex 7.41107 5.24576 2
      vertex 7.33035 5.11109 0
      vertex 7.33035 5.11109 2
    endloop
  endfacet
  facet normal -0.24297 0.970034 0
    outer loop
      vertex 6.46445 4.46889 0
      vertex 6.31214 4.43074 2
      vertex 6.46445 4.46889 2
    endloop
  endfacet
  facet normal -0.24297 0.970034 0
    outer loop
      vertex 6.31214 4.43074 2
      vertex 6.46445 4.46889 0
      vertex 6.31214 4.43074 0
    endloop
  endfacet
  facet normal 0.941533 0.336921 0
    outer loop
      vertex 4.52179 5.38771 2
      vertex 4.46889 5.53554 0
      vertex 4.46889 5.53554 2
    endloop
  endfacet
  facet normal 0.941533 0.336921 0
    outer loop
      vertex 4.46889 5.53554 0
      vertex 4.52179 5.38771 2
      vertex 4.52179 5.38771 0
    endloop
  endfacet
  facet normal -0.514084 -0.85774 0
    outer loop
      vertex 6.75423 7.41107 2
      vertex 6.88891 7.33035 4
      vertex 6.75423 7.41107 4
    endloop
  endfacet
  facet normal -0.514084 -0.85774 0
    outer loop
      vertex 6.75423 7.41107 2
      vertex 6.88891 7.33035 2
      vertex 6.88891 7.33035 4
    endloop
  endfacet
  facet normal -0.514084 -0.85774 0
    outer loop
      vertex 6.75423 7.41107 0
      vertex 6.88891 7.33035 2
      vertex 6.75423 7.41107 2
    endloop
  endfacet
  facet normal -0.514084 -0.85774 -0
    outer loop
      vertex 6.88891 7.33035 2
      vertex 6.75423 7.41107 0
      vertex 6.88891 7.33035 0
    endloop
  endfacet
  facet normal 0.0490387 0.998797 -0
    outer loop
      vertex 6 4.4 0
      vertex 5.84317 4.4077 2
      vertex 6 4.4 2
    endloop
  endfacet
  facet normal 0.0490387 0.998797 0
    outer loop
      vertex 5.84317 4.4077 2
      vertex 6 4.4 0
      vertex 5.84317 4.4077 0
    endloop
  endfacet
  facet normal -0.595671 0.803229 0
    outer loop
      vertex 7.01503 4.76318 0
      vertex 6.88891 4.66965 2
      vertex 7.01503 4.76318 2
    endloop
  endfacet
  facet normal -0.595671 0.803229 0
    outer loop
      vertex 6.88891 4.66965 2
      vertex 7.01503 4.76318 0
      vertex 6.88891 4.66965 0
    endloop
  endfacet
  facet normal 0.970034 -0.24297 0
    outer loop
      vertex 4.43074 6.31214 2
      vertex 4.46889 6.46445 0
      vertex 4.46889 6.46445 2
    endloop
  endfacet
  facet normal 0.970034 -0.24297 0
    outer loop
      vertex 4.46889 6.46445 0
      vertex 4.43074 6.31214 2
      vertex 4.43074 6.31214 0
    endloop
  endfacet
  facet normal -0.336901 0.94154 0
    outer loop
      vertex 6.61229 4.52179 0
      vertex 6.46445 4.46889 2
      vertex 6.61229 4.52179 2
    endloop
  endfacet
  facet normal -0.336901 0.94154 0
    outer loop
      vertex 6.46445 4.46889 2
      vertex 6.61229 4.52179 0
      vertex 6.46445 4.46889 0
    endloop
  endfacet
  facet normal -0.803229 -0.595671 0
    outer loop
      vertex 7.33035 6.88891 2
      vertex 7.23682 7.01503 2
      vertex 7.23682 7.01503 0
    endloop
  endfacet
  facet normal -0.803229 -0.595671 -0
    outer loop
      vertex 7.33035 6.88891 2
      vertex 7.23682 7.01503 0
      vertex 7.33035 6.88891 0
    endloop
  endfacet
  facet normal -0.803229 -0.595671 0
    outer loop
      vertex 7.23682 7.01503 2
      vertex 7.33035 6.88891 2
      vertex 7.23682 7.01503 4
    endloop
  endfacet
  facet normal -0.803229 -0.595671 0
    outer loop
      vertex 7.23682 7.01503 4
      vertex 7.33035 6.88891 2
      vertex 7.33035 6.88891 4
    endloop
  endfacet
  facet normal 0.514112 0.857723 -0
    outer loop
      vertex 5.24576 4.58893 0
      vertex 5.11109 4.66965 2
      vertex 5.24576 4.58893 2
    endloop
  endfacet
  facet normal 0.514112 0.857723 0
    outer loop
      vertex 5.11109 4.66965 2
      vertex 5.24576 4.58893 0
      vertex 5.11109 4.66965 0
    endloop
  endfacet
  facet normal -0.595671 -0.803229 0
    outer loop
      vertex 6.88891 7.33035 2
      vertex 7.01503 7.23682 4
      vertex 6.88891 7.33035 4
    endloop
  endfacet
  facet normal -0.595671 -0.803229 0
    outer loop
      vertex 6.88891 7.33035 2
      vertex 7.01503 7.23682 2
      vertex 7.01503 7.23682 4
    endloop
  endfacet
  facet normal -0.595671 -0.803229 0
    outer loop
      vertex 6.88891 7.33035 0
      vertex 7.01503 7.23682 2
      vertex 6.88891 7.33035 2
    endloop
  endfacet
  facet normal -0.595671 -0.803229 -0
    outer loop
      vertex 7.01503 7.23682 2
      vertex 6.88891 7.33035 0
      vertex 7.01503 7.23682 0
    endloop
  endfacet
  facet normal -0.903983 0.427569 0
    outer loop
      vertex 7.41107 5.24576 0
      vertex 7.47821 5.38771 2
      vertex 7.47821 5.38771 0
    endloop
  endfacet
  facet normal -0.903983 0.427569 0
    outer loop
      vertex 7.47821 5.38771 2
      vertex 7.41107 5.24576 0
      vertex 7.41107 5.24576 2
    endloop
  endfacet
  facet normal -0.740933 0.671578 0
    outer loop
      vertex 7.13137 4.86863 0
      vertex 7.23682 4.98497 2
      vertex 7.23682 4.98497 0
    endloop
  endfacet
  facet normal -0.740933 0.671578 0
    outer loop
      vertex 7.23682 4.98497 2
      vertex 7.13137 4.86863 0
      vertex 7.13137 4.86863 2
    endloop
  endfacet
  facet normal -0.0491022 -0.998794 0
    outer loop
      vertex 6 7.6 2
      vertex 6.15683 7.59229 4
      vertex 6 7.6 4
    endloop
  endfacet
  facet normal -0.0491022 -0.998794 0
    outer loop
      vertex 6 7.6 2
      vertex 6.15683 7.59229 2
      vertex 6.15683 7.59229 4
    endloop
  endfacet
  facet normal -0.0491022 -0.998794 0
    outer loop
      vertex 6 7.6 0
      vertex 6.15683 7.59229 2
      vertex 6 7.6 2
    endloop
  endfacet
  facet normal -0.0491022 -0.998794 -0
    outer loop
      vertex 6.15683 7.59229 2
      vertex 6 7.6 0
      vertex 6.15683 7.59229 0
    endloop
  endfacet
  facet normal -0.427594 0.903971 0
    outer loop
      vertex 6.75423 4.58893 0
      vertex 6.61229 4.52179 2
      vertex 6.75423 4.58893 2
    endloop
  endfacet
  facet normal -0.427594 0.903971 0
    outer loop
      vertex 6.61229 4.52179 2
      vertex 6.75423 4.58893 0
      vertex 6.61229 4.52179 0
    endloop
  endfacet
  facet normal 0.146671 -0.989185 0
    outer loop
      vertex 5.68785 7.56926 0
      vertex 5.84317 7.59229 2
      vertex 5.68785 7.56926 2
    endloop
  endfacet
  facet normal 0.146671 -0.989185 0
    outer loop
      vertex 5.84317 7.59229 2
      vertex 5.68785 7.56926 0
      vertex 5.84317 7.59229 0
    endloop
  endfacet
  facet normal -0.989185 0.146671 0
    outer loop
      vertex 7.56926 5.68785 0
      vertex 7.59229 5.84317 2
      vertex 7.59229 5.84317 0
    endloop
  endfacet
  facet normal -0.989185 0.146671 0
    outer loop
      vertex 7.59229 5.84317 2
      vertex 7.56926 5.68785 0
      vertex 7.56926 5.68785 2
    endloop
  endfacet
  facet normal 0.671578 -0.740933 0
    outer loop
      vertex 4.86863 7.13137 0
      vertex 4.98497 7.23682 2
      vertex 4.86863 7.13137 2
    endloop
  endfacet
  facet normal 0.671578 -0.740933 0
    outer loop
      vertex 4.98497 7.23682 2
      vertex 4.86863 7.13137 0
      vertex 4.98497 7.23682 0
    endloop
  endfacet
  facet normal -0.85774 -0.514084 0
    outer loop
      vertex 7.41107 6.75423 2
      vertex 7.33035 6.88891 2
      vertex 7.33035 6.88891 0
    endloop
  endfacet
  facet normal -0.85774 -0.514084 -0
    outer loop
      vertex 7.41107 6.75423 2
      vertex 7.33035 6.88891 0
      vertex 7.41107 6.75423 0
    endloop
  endfacet
  facet normal -0.85774 -0.514084 0
    outer loop
      vertex 7.33035 6.88891 2
      vertex 7.41107 6.75423 2
      vertex 7.33035 6.88891 4
    endloop
  endfacet
  facet normal -0.85774 -0.514084 0
    outer loop
      vertex 7.33035 6.88891 4
      vertex 7.41107 6.75423 2
      vertex 7.41107 6.75423 4
    endloop
  endfacet
  facet normal -0.740933 -0.671578 0
    outer loop
      vertex 7.23682 7.01503 2
      vertex 7.13137 7.13137 2
      vertex 7.13137 7.13137 0
    endloop
  endfacet
  facet normal -0.740933 -0.671578 -0
    outer loop
      vertex 7.23682 7.01503 2
      vertex 7.13137 7.13137 0
      vertex 7.23682 7.01503 0
    endloop
  endfacet
  facet normal -0.740933 -0.671578 0
    outer loop
      vertex 7.13137 7.13137 2
      vertex 7.23682 7.01503 2
      vertex 7.13137 7.13137 4
    endloop
  endfacet
  facet normal -0.740933 -0.671578 0
    outer loop
      vertex 7.13137 7.13137 4
      vertex 7.23682 7.01503 2
      vertex 7.23682 7.01503 4
    endloop
  endfacet
  facet normal 0.803229 0.595671 0
    outer loop
      vertex 4.76318 4.98497 2
      vertex 4.66965 5.11109 0
      vertex 4.66965 5.11109 2
    endloop
  endfacet
  facet normal 0.803229 0.595671 0
    outer loop
      vertex 4.66965 5.11109 0
      vertex 4.76318 4.98497 2
      vertex 4.76318 4.98497 0
    endloop
  endfacet
  facet normal 0.740933 -0.671578 0
    outer loop
      vertex 4.76318 7.01503 2
      vertex 4.86863 7.13137 0
      vertex 4.86863 7.13137 2
    endloop
  endfacet
  facet normal 0.740933 -0.671578 0
    outer loop
      vertex 4.86863 7.13137 0
      vertex 4.76318 7.01503 2
      vertex 4.76318 7.01503 0
    endloop
  endfacet
  facet normal 0.595671 0.803229 -0
    outer loop
      vertex 5.11109 4.66965 0
      vertex 4.98497 4.76318 2
      vertex 5.11109 4.66965 2
    endloop
  endfacet
  facet normal 0.595671 0.803229 0
    outer loop
      vertex 4.98497 4.76318 2
      vertex 5.11109 4.66965 0
      vertex 4.98497 4.76318 0
    endloop
  endfacet
  facet normal 0.671578 0.740933 -0
    outer loop
      vertex 4.98497 4.76318 0
      vertex 4.86863 4.86863 2
      vertex 4.98497 4.76318 2
    endloop
  endfacet
  facet normal 0.671578 0.740933 0
    outer loop
      vertex 4.86863 4.86863 2
      vertex 4.98497 4.76318 0
      vertex 4.86863 4.86863 0
    endloop
  endfacet
  facet normal -0.514084 0.85774 0
    outer loop
      vertex 6.88891 4.66965 0
      vertex 6.75423 4.58893 2
      vertex 6.88891 4.66965 2
    endloop
  endfacet
  facet normal -0.514084 0.85774 0
    outer loop
      vertex 6.75423 4.58893 2
      vertex 6.88891 4.66965 0
      vertex 6.75423 4.58893 0
    endloop
  endfacet
  facet normal -0.671578 0.740933 0
    outer loop
      vertex 7.13137 4.86863 0
      vertex 7.01503 4.76318 2
      vertex 7.13137 4.86863 2
    endloop
  endfacet
  facet normal -0.671578 0.740933 0
    outer loop
      vertex 7.01503 4.76318 2
      vertex 7.13137 4.86863 0
      vertex 7.01503 4.76318 0
    endloop
  endfacet
  facet normal 0.0491022 -0.998794 0
    outer loop
      vertex 5.84317 7.59229 0
      vertex 6 7.6 2
      vertex 5.84317 7.59229 2
    endloop
  endfacet
  facet normal 0.0491022 -0.998794 0
    outer loop
      vertex 6 7.6 2
      vertex 5.84317 7.59229 0
      vertex 6 7.6 0
    endloop
  endfacet
  facet normal 0.24297 0.970034 -0
    outer loop
      vertex 5.68785 4.43074 0
      vertex 5.53554 4.46889 2
      vertex 5.68785 4.43074 2
    endloop
  endfacet
  facet normal 0.24297 0.970034 0
    outer loop
      vertex 5.53554 4.46889 2
      vertex 5.68785 4.43074 0
      vertex 5.53554 4.46889 0
    endloop
  endfacet
  facet normal 0.989176 0.146733 0
    outer loop
      vertex 4.43074 5.68785 2
      vertex 4.4077 5.84317 0
      vertex 4.4077 5.84317 2
    endloop
  endfacet
  facet normal 0.989176 0.146733 0
    outer loop
      vertex 4.4077 5.84317 0
      vertex 4.43074 5.68785 2
      vertex 4.43074 5.68785 0
    endloop
  endfacet
  facet normal 0.514112 -0.857723 0
    outer loop
      vertex 5.11109 7.33035 0
      vertex 5.24576 7.41107 2
      vertex 5.11109 7.33035 2
    endloop
  endfacet
  facet normal 0.514112 -0.857723 0
    outer loop
      vertex 5.24576 7.41107 2
      vertex 5.11109 7.33035 0
      vertex 5.24576 7.41107 0
    endloop
  endfacet
  facet normal 0.595671 -0.803229 0
    outer loop
      vertex 4.98497 7.23682 0
      vertex 5.11109 7.33035 2
      vertex 4.98497 7.23682 2
    endloop
  endfacet
  facet normal 0.595671 -0.803229 0
    outer loop
      vertex 5.11109 7.33035 2
      vertex 4.98497 7.23682 0
      vertex 5.11109 7.33035 0
    endloop
  endfacet
  facet normal 0.94154 -0.336901 0
    outer loop
      vertex 4.46889 6.46445 2
      vertex 4.52179 6.61229 0
      vertex 4.52179 6.61229 2
    endloop
  endfacet
  facet normal 0.94154 -0.336901 0
    outer loop
      vertex 4.52179 6.61229 0
      vertex 4.46889 6.46445 2
      vertex 4.46889 6.46445 0
    endloop
  endfacet
  facet normal -0.941553 0.336865 0
    outer loop
      vertex 7.47821 5.38771 0
      vertex 7.5311 5.53554 2
      vertex 7.5311 5.53554 0
    endloop
  endfacet
  facet normal -0.941553 0.336865 0
    outer loop
      vertex 7.5311 5.53554 2
      vertex 7.47821 5.38771 0
      vertex 7.47821 5.38771 2
    endloop
  endfacet
  facet normal 0.857723 0.514112 0
    outer loop
      vertex 4.66965 5.11109 2
      vertex 4.58893 5.24576 0
      vertex 4.58893 5.24576 2
    endloop
  endfacet
  facet normal 0.857723 0.514112 0
    outer loop
      vertex 4.58893 5.24576 0
      vertex 4.66965 5.11109 2
      vertex 4.66965 5.11109 0
    endloop
  endfacet
  facet normal 0.998797 0.0490387 0
    outer loop
      vertex 4.4077 5.84317 2
      vertex 4.4 6 0
      vertex 4.4 6 2
    endloop
  endfacet
  facet normal 0.998797 0.0490387 0
    outer loop
      vertex 4.4 6 0
      vertex 4.4077 5.84317 2
      vertex 4.4077 5.84317 0
    endloop
  endfacet
  facet normal 0.146733 0.989176 -0
    outer loop
      vertex 5.84317 4.4077 0
      vertex 5.68785 4.43074 2
      vertex 5.84317 4.4077 2
    endloop
  endfacet
  facet normal 0.146733 0.989176 0
    outer loop
      vertex 5.68785 4.43074 2
      vertex 5.84317 4.4077 0
      vertex 5.68785 4.43074 0
    endloop
  endfacet
  facet normal 0.803229 -0.595671 0
    outer loop
      vertex 4.66965 6.88891 2
      vertex 4.76318 7.01503 0
      vertex 4.76318 7.01503 2
    endloop
  endfacet
  facet normal 0.803229 -0.595671 0
    outer loop
      vertex 4.76318 7.01503 0
      vertex 4.66965 6.88891 2
      vertex 4.66965 6.88891 0
    endloop
  endfacet
  facet normal 0.998797 -0.0490387 0
    outer loop
      vertex 82.4 6 2
      vertex 82.4077 6.15683 0
      vertex 82.4077 6.15683 2
    endloop
  endfacet
  facet normal 0.998797 -0.0490387 0
    outer loop
      vertex 82.4077 6.15683 0
      vertex 82.4 6 2
      vertex 82.4 6 0
    endloop
  endfacet
  facet normal -0.989212 -0.146493 0
    outer loop
      vertex 85.5923 6.15683 2
      vertex 85.5693 6.31214 2
      vertex 85.5693 6.31214 0
    endloop
  endfacet
  facet normal -0.989212 -0.146493 -0
    outer loop
      vertex 85.5923 6.15683 2
      vertex 85.5693 6.31214 0
      vertex 85.5923 6.15683 0
    endloop
  endfacet
  facet normal -0.989212 -0.146493 0
    outer loop
      vertex 85.5693 6.31214 2
      vertex 85.5923 6.15683 2
      vertex 85.5693 6.31214 4
    endloop
  endfacet
  facet normal -0.989212 -0.146493 0
    outer loop
      vertex 85.5693 6.31214 4
      vertex 85.5923 6.15683 2
      vertex 85.5923 6.15683 4
    endloop
  endfacet
  facet normal -0.998797 -0.0490387 0
    outer loop
      vertex 85.6 6 2
      vertex 85.5923 6.15683 2
      vertex 85.5923 6.15683 0
    endloop
  endfacet
  facet normal -0.998797 -0.0490387 -0
    outer loop
      vertex 85.6 6 2
      vertex 85.5923 6.15683 0
      vertex 85.6 6 0
    endloop
  endfacet
  facet normal -0.998797 -0.0490387 0
    outer loop
      vertex 85.5923 6.15683 2
      vertex 85.6 6 2
      vertex 85.5923 6.15683 4
    endloop
  endfacet
  facet normal -0.998797 -0.0490387 0
    outer loop
      vertex 85.5923 6.15683 4
      vertex 85.6 6 2
      vertex 85.6 6 4
    endloop
  endfacet
  facet normal -0.969959 -0.24327 0
    outer loop
      vertex 85.5693 6.31214 2
      vertex 85.5311 6.46445 2
      vertex 85.5311 6.46445 0
    endloop
  endfacet
  facet normal -0.969959 -0.24327 -0
    outer loop
      vertex 85.5693 6.31214 2
      vertex 85.5311 6.46445 0
      vertex 85.5693 6.31214 0
    endloop
  endfacet
  facet normal -0.969959 -0.24327 0
    outer loop
      vertex 85.5311 6.46445 2
      vertex 85.5693 6.31214 2
      vertex 85.5311 6.46445 4
    endloop
  endfacet
  facet normal -0.969959 -0.24327 0
    outer loop
      vertex 85.5311 6.46445 4
      vertex 85.5693 6.31214 2
      vertex 85.5693 6.31214 4
    endloop
  endfacet
  facet normal -0.146689 -0.989183 0
    outer loop
      vertex 84.1568 7.59229 2
      vertex 84.3121 7.56926 4
      vertex 84.1568 7.59229 4
    endloop
  endfacet
  facet normal -0.146689 -0.989183 0
    outer loop
      vertex 84.1568 7.59229 2
      vertex 84.3121 7.56926 2
      vertex 84.3121 7.56926 4
    endloop
  endfacet
  facet normal -0.146689 -0.989183 0
    outer loop
      vertex 84.1568 7.59229 0
      vertex 84.3121 7.56926 2
      vertex 84.1568 7.59229 2
    endloop
  endfacet
  facet normal -0.146689 -0.989183 -0
    outer loop
      vertex 84.3121 7.56926 2
      vertex 84.1568 7.59229 0
      vertex 84.3121 7.56926 0
    endloop
  endfacet
  facet normal 0.969959 0.24327 0
    outer loop
      vertex 82.4689 5.53554 2
      vertex 82.4307 5.68785 0
      vertex 82.4307 5.68785 2
    endloop
  endfacet
  facet normal 0.969959 0.24327 0
    outer loop
      vertex 82.4307 5.68785 0
      vertex 82.4689 5.53554 2
      vertex 82.4689 5.53554 0
    endloop
  endfacet
  facet normal 0.336982 0.941511 -0
    outer loop
      vertex 83.5355 4.46889 0
      vertex 83.3877 4.52179 2
      vertex 83.5355 4.46889 2
    endloop
  endfacet
  facet normal 0.336982 0.941511 0
    outer loop
      vertex 83.3877 4.52179 2
      vertex 83.5355 4.46889 0
      vertex 83.3877 4.52179 0
    endloop
  endfacet
  facet normal -0.998797 0.0490387 0
    outer loop
      vertex 85.5923 5.84317 0
      vertex 85.6 6 2
      vertex 85.6 6 0
    endloop
  endfacet
  facet normal -0.998797 0.0490387 0
    outer loop
      vertex 85.6 6 2
      vertex 85.5923 5.84317 0
      vertex 85.5923 5.84317 2
    endloop
  endfacet
  facet normal 0.989212 -0.146493 0
    outer loop
      vertex 82.4077 6.15683 2
      vertex 82.4307 6.31214 0
      vertex 82.4307 6.31214 2
    endloop
  endfacet
  facet normal 0.989212 -0.146493 0
    outer loop
      vertex 82.4307 6.31214 0
      vertex 82.4077 6.15683 2
      vertex 82.4077 6.15683 0
    endloop
  endfacet
  facet normal -0.146752 0.989173 0
    outer loop
      vertex 84.3121 4.43074 0
      vertex 84.1568 4.4077 2
      vertex 84.3121 4.43074 2
    endloop
  endfacet
  facet normal -0.146752 0.989173 0
    outer loop
      vertex 84.1568 4.4077 2
      vertex 84.3121 4.43074 0
      vertex 84.1568 4.4077 0
    endloop
  endfacet
  facet normal -0.94154 -0.336901 0
    outer loop
      vertex 85.5311 6.46445 2
      vertex 85.4782 6.61229 2
      vertex 85.4782 6.61229 0
    endloop
  endfacet
  facet normal -0.94154 -0.336901 -0
    outer loop
      vertex 85.5311 6.46445 2
      vertex 85.4782 6.61229 0
      vertex 85.5311 6.46445 0
    endloop
  endfacet
  facet normal -0.94154 -0.336901 0
    outer loop
      vertex 85.4782 6.61229 2
      vertex 85.5311 6.46445 2
      vertex 85.4782 6.61229 4
    endloop
  endfacet
  facet normal -0.94154 -0.336901 0
    outer loop
      vertex 85.4782 6.61229 4
      vertex 85.5311 6.46445 2
      vertex 85.5311 6.46445 4
    endloop
  endfacet
  facet normal 0.427692 -0.903925 0
    outer loop
      vertex 83.2458 7.41107 0
      vertex 83.3877 7.47821 2
      vertex 83.2458 7.41107 2
    endloop
  endfacet
  facet normal 0.427692 -0.903925 0
    outer loop
      vertex 83.3877 7.47821 2
      vertex 83.2458 7.41107 0
      vertex 83.3877 7.47821 0
    endloop
  endfacet
  facet normal -0.969959 0.24327 0
    outer loop
      vertex 85.5311 5.53554 0
      vertex 85.5693 5.68785 2
      vertex 85.5693 5.68785 0
    endloop
  endfacet
  facet normal -0.969959 0.24327 0
    outer loop
      vertex 85.5693 5.68785 2
      vertex 85.5311 5.53554 0
      vertex 85.5311 5.53554 2
    endloop
  endfacet
  facet normal 0.427692 0.903925 -0
    outer loop
      vertex 83.3877 4.52179 0
      vertex 83.2458 4.58893 2
      vertex 83.3877 4.52179 2
    endloop
  endfacet
  facet normal 0.427692 0.903925 0
    outer loop
      vertex 83.2458 4.58893 2
      vertex 83.3877 4.52179 0
      vertex 83.2458 4.58893 0
    endloop
  endfacet
  facet normal 0.242895 -0.970053 0
    outer loop
      vertex 83.5355 7.5311 0
      vertex 83.6879 7.56926 2
      vertex 83.5355 7.5311 2
    endloop
  endfacet
  facet normal 0.242895 -0.970053 0
    outer loop
      vertex 83.6879 7.56926 2
      vertex 83.5355 7.5311 0
      vertex 83.6879 7.56926 0
    endloop
  endfacet
  facet normal 0.90407 -0.427385 0
    outer loop
      vertex 82.5218 6.61229 2
      vertex 82.5889 6.75423 0
      vertex 82.5889 6.75423 2
    endloop
  endfacet
  facet normal 0.90407 -0.427385 0
    outer loop
      vertex 82.5889 6.75423 0
      vertex 82.5218 6.61229 2
      vertex 82.5218 6.61229 0
    endloop
  endfacet
  facet normal 0.904081 0.427361 0
    outer loop
      vertex 82.5889 5.24576 2
      vertex 82.5218 5.38771 0
      vertex 82.5218 5.38771 2
    endloop
  endfacet
  facet normal 0.904081 0.427361 0
    outer loop
      vertex 82.5218 5.38771 0
      vertex 82.5889 5.24576 2
      vertex 82.5889 5.24576 0
    endloop
  endfacet
  facet normal -0.336926 -0.941531 0
    outer loop
      vertex 84.4645 7.5311 2
      vertex 84.6123 7.47821 4
      vertex 84.4645 7.5311 4
    endloop
  endfacet
  facet normal -0.336926 -0.941531 0
    outer loop
      vertex 84.4645 7.5311 2
      vertex 84.6123 7.47821 2
      vertex 84.6123 7.47821 4
    endloop
  endfacet
  facet normal -0.336926 -0.941531 0
    outer loop
      vertex 84.4645 7.5311 0
      vertex 84.6123 7.47821 2
      vertex 84.4645 7.5311 2
    endloop
  endfacet
  facet normal -0.336926 -0.941531 -0
    outer loop
      vertex 84.6123 7.47821 2
      vertex 84.4645 7.5311 0
      vertex 84.6123 7.47821 0
    endloop
  endfacet
  facet normal -0.242895 -0.970053 0
    outer loop
      vertex 84.3121 7.56926 2
      vertex 84.4645 7.5311 4
      vertex 84.3121 7.56926 4
    endloop
  endfacet
  facet normal -0.242895 -0.970053 0
    outer loop
      vertex 84.3121 7.56926 2
      vertex 84.4645 7.5311 2
      vertex 84.4645 7.5311 4
    endloop
  endfacet
  facet normal -0.242895 -0.970053 0
    outer loop
      vertex 84.3121 7.56926 0
      vertex 84.4645 7.5311 2
      vertex 84.3121 7.56926 2
    endloop
  endfacet
  facet normal -0.242895 -0.970053 -0
    outer loop
      vertex 84.4645 7.5311 2
      vertex 84.3121 7.56926 0
      vertex 84.4645 7.5311 0
    endloop
  endfacet
  facet normal 0.336926 -0.941531 0
    outer loop
      vertex 83.3877 7.47821 0
      vertex 83.5355 7.5311 2
      vertex 83.3877 7.47821 2
    endloop
  endfacet
  facet normal 0.336926 -0.941531 0
    outer loop
      vertex 83.5355 7.5311 2
      vertex 83.3877 7.47821 0
      vertex 83.5355 7.5311 0
    endloop
  endfacet
  facet normal -0.803015 0.595958 0
    outer loop
      vertex 85.2368 4.98497 0
      vertex 85.3304 5.11109 2
      vertex 85.3304 5.11109 0
    endloop
  endfacet
  facet normal -0.803015 0.595958 0
    outer loop
      vertex 85.3304 5.11109 2
      vertex 85.2368 4.98497 0
      vertex 85.2368 4.98497 2
    endloop
  endfacet
  facet normal 0.857796 -0.51399 0
    outer loop
      vertex 82.5889 6.75423 2
      vertex 82.6696 6.88891 0
      vertex 82.6696 6.88891 2
    endloop
  endfacet
  facet normal 0.857796 -0.51399 0
    outer loop
      vertex 82.6696 6.88891 0
      vertex 82.5889 6.75423 2
      vertex 82.5889 6.75423 0
    endloop
  endfacet
  facet normal -0.671388 -0.741106 0
    outer loop
      vertex 85.015 7.23682 2
      vertex 85.1314 7.13137 4
      vertex 85.015 7.23682 4
    endloop
  endfacet
  facet normal -0.671388 -0.741106 0
    outer loop
      vertex 85.015 7.23682 2
      vertex 85.1314 7.13137 2
      vertex 85.1314 7.13137 4
    endloop
  endfacet
  facet normal -0.671388 -0.741106 0
    outer loop
      vertex 85.015 7.23682 0
      vertex 85.1314 7.13137 2
      vertex 85.015 7.23682 2
    endloop
  endfacet
  facet normal -0.671388 -0.741106 -0
    outer loop
      vertex 85.1314 7.13137 2
      vertex 85.015 7.23682 0
      vertex 85.1314 7.13137 0
    endloop
  endfacet
  facet normal -0.049048 0.998796 0
    outer loop
      vertex 84.1568 4.4077 0
      vertex 84 4.4 2
      vertex 84.1568 4.4077 2
    endloop
  endfacet
  facet normal -0.049048 0.998796 0
    outer loop
      vertex 84 4.4 2
      vertex 84.1568 4.4077 0
      vertex 84 4.4 0
    endloop
  endfacet
  facet normal -0.427692 -0.903925 0
    outer loop
      vertex 84.6123 7.47821 2
      vertex 84.7542 7.41107 4
      vertex 84.6123 7.47821 4
    endloop
  endfacet
  facet normal -0.427692 -0.903925 0
    outer loop
      vertex 84.6123 7.47821 2
      vertex 84.7542 7.41107 2
      vertex 84.7542 7.41107 4
    endloop
  endfacet
  facet normal -0.427692 -0.903925 0
    outer loop
      vertex 84.6123 7.47821 0
      vertex 84.7542 7.41107 2
      vertex 84.6123 7.47821 2
    endloop
  endfacet
  facet normal -0.427692 -0.903925 -0
    outer loop
      vertex 84.7542 7.41107 2
      vertex 84.6123 7.47821 0
      vertex 84.7542 7.41107 0
    endloop
  endfacet
  facet normal 0.741092 0.671404 0
    outer loop
      vertex 82.8686 4.86863 2
      vertex 82.7632 4.98497 0
      vertex 82.7632 4.98497 2
    endloop
  endfacet
  facet normal 0.741092 0.671404 0
    outer loop
      vertex 82.7632 4.98497 0
      vertex 82.8686 4.86863 2
      vertex 82.8686 4.86863 0
    endloop
  endfacet
  facet normal -0.90407 -0.427385 0
    outer loop
      vertex 85.4782 6.61229 2
      vertex 85.4111 6.75423 2
      vertex 85.4111 6.75423 0
    endloop
  endfacet
  facet normal -0.90407 -0.427385 -0
    outer loop
      vertex 85.4782 6.61229 2
      vertex 85.4111 6.75423 0
      vertex 85.4782 6.61229 0
    endloop
  endfacet
  facet normal -0.90407 -0.427385 0
    outer loop
      vertex 85.4111 6.75423 2
      vertex 85.4782 6.61229 2
      vertex 85.4111 6.75423 4
    endloop
  endfacet
  facet normal -0.90407 -0.427385 0
    outer loop
      vertex 85.4111 6.75423 4
      vertex 85.4782 6.61229 2
      vertex 85.4782 6.61229 4
    endloop
  endfacet
  facet normal -0.857779 0.514018 0
    outer loop
      vertex 85.3304 5.11109 0
      vertex 85.4111 5.24576 2
      vertex 85.4111 5.24576 0
    endloop
  endfacet
  facet normal -0.857779 0.514018 0
    outer loop
      vertex 85.4111 5.24576 2
      vertex 85.3304 5.11109 0
      vertex 85.3304 5.11109 2
    endloop
  endfacet
  facet normal 0.671388 0.741106 -0
    outer loop
      vertex 82.985 4.76318 0
      vertex 82.8686 4.86863 2
      vertex 82.985 4.76318 2
    endloop
  endfacet
  facet normal 0.671388 0.741106 0
    outer loop
      vertex 82.8686 4.86863 2
      vertex 82.985 4.76318 0
      vertex 82.8686 4.86863 0
    endloop
  endfacet
  facet normal -0.242835 0.970068 0
    outer loop
      vertex 84.4645 4.46889 0
      vertex 84.3121 4.43074 2
      vertex 84.4645 4.46889 2
    endloop
  endfacet
  facet normal -0.242835 0.970068 0
    outer loop
      vertex 84.3121 4.43074 2
      vertex 84.4645 4.46889 0
      vertex 84.3121 4.43074 0
    endloop
  endfacet
  facet normal 0.941533 0.336921 0
    outer loop
      vertex 82.5218 5.38771 2
      vertex 82.4689 5.53554 0
      vertex 82.4689 5.53554 2
    endloop
  endfacet
  facet normal 0.941533 0.336921 0
    outer loop
      vertex 82.4689 5.53554 0
      vertex 82.5218 5.38771 2
      vertex 82.5218 5.38771 0
    endloop
  endfacet
  facet normal -0.514027 -0.857774 0
    outer loop
      vertex 84.7542 7.41107 2
      vertex 84.8889 7.33035 4
      vertex 84.7542 7.41107 4
    endloop
  endfacet
  facet normal -0.514027 -0.857774 0
    outer loop
      vertex 84.7542 7.41107 2
      vertex 84.8889 7.33035 2
      vertex 84.8889 7.33035 4
    endloop
  endfacet
  facet normal -0.514027 -0.857774 0
    outer loop
      vertex 84.7542 7.41107 0
      vertex 84.8889 7.33035 2
      vertex 84.7542 7.41107 2
    endloop
  endfacet
  facet normal -0.514027 -0.857774 -0
    outer loop
      vertex 84.8889 7.33035 2
      vertex 84.7542 7.41107 0
      vertex 84.8889 7.33035 0
    endloop
  endfacet
  facet normal 0.049048 0.998796 -0
    outer loop
      vertex 84 4.4 0
      vertex 83.8432 4.4077 2
      vertex 84 4.4 2
    endloop
  endfacet
  facet normal 0.049048 0.998796 0
    outer loop
      vertex 83.8432 4.4077 2
      vertex 84 4.4 0
      vertex 83.8432 4.4077 0
    endloop
  endfacet
  facet normal -0.595732 0.803184 0
    outer loop
      vertex 85.015 4.76318 0
      vertex 84.8889 4.66965 2
      vertex 85.015 4.76318 2
    endloop
  endfacet
  facet normal -0.595732 0.803184 0
    outer loop
      vertex 84.8889 4.66965 2
      vertex 85.015 4.76318 0
      vertex 84.8889 4.66965 0
    endloop
  endfacet
  facet normal 0.969959 -0.24327 0
    outer loop
      vertex 82.4307 6.31214 2
      vertex 82.4689 6.46445 0
      vertex 82.4689 6.46445 2
    endloop
  endfacet
  facet normal 0.969959 -0.24327 0
    outer loop
      vertex 82.4689 6.46445 0
      vertex 82.4307 6.31214 2
      vertex 82.4307 6.31214 0
    endloop
  endfacet
  facet normal -0.336982 0.941511 0
    outer loop
      vertex 84.6123 4.52179 0
      vertex 84.4645 4.46889 2
      vertex 84.6123 4.52179 2
    endloop
  endfacet
  facet normal -0.336982 0.941511 0
    outer loop
      vertex 84.4645 4.46889 2
      vertex 84.6123 4.52179 0
      vertex 84.4645 4.46889 0
    endloop
  endfacet
  facet normal -0.803015 -0.595958 0
    outer loop
      vertex 85.3304 6.88891 2
      vertex 85.2368 7.01503 2
      vertex 85.2368 7.01503 0
    endloop
  endfacet
  facet normal -0.803015 -0.595958 -0
    outer loop
      vertex 85.3304 6.88891 2
      vertex 85.2368 7.01503 0
      vertex 85.3304 6.88891 0
    endloop
  endfacet
  facet normal -0.803015 -0.595958 0
    outer loop
      vertex 85.2368 7.01503 2
      vertex 85.3304 6.88891 2
      vertex 85.2368 7.01503 4
    endloop
  endfacet
  facet normal -0.803015 -0.595958 0
    outer loop
      vertex 85.2368 7.01503 4
      vertex 85.3304 6.88891 2
      vertex 85.3304 6.88891 4
    endloop
  endfacet
  facet normal 0.514027 0.857774 -0
    outer loop
      vertex 83.2458 4.58893 0
      vertex 83.1111 4.66965 2
      vertex 83.2458 4.58893 2
    endloop
  endfacet
  facet normal 0.514027 0.857774 0
    outer loop
      vertex 83.1111 4.66965 2
      vertex 83.2458 4.58893 0
      vertex 83.1111 4.66965 0
    endloop
  endfacet
  facet normal -0.595732 -0.803184 0
    outer loop
      vertex 84.8889 7.33035 2
      vertex 85.015 7.23682 4
      vertex 84.8889 7.33035 4
    endloop
  endfacet
  facet normal -0.595732 -0.803184 0
    outer loop
      vertex 84.8889 7.33035 2
      vertex 85.015 7.23682 2
      vertex 85.015 7.23682 4
    endloop
  endfacet
  facet normal -0.595732 -0.803184 0
    outer loop
      vertex 84.8889 7.33035 0
      vertex 85.015 7.23682 2
      vertex 84.8889 7.33035 2
    endloop
  endfacet
  facet normal -0.595732 -0.803184 -0
    outer loop
      vertex 85.015 7.23682 2
      vertex 84.8889 7.33035 0
      vertex 85.015 7.23682 0
    endloop
  endfacet
  facet normal -0.904081 0.427361 0
    outer loop
      vertex 85.4111 5.24576 0
      vertex 85.4782 5.38771 2
      vertex 85.4782 5.38771 0
    endloop
  endfacet
  facet normal -0.904081 0.427361 0
    outer loop
      vertex 85.4782 5.38771 2
      vertex 85.4111 5.24576 0
      vertex 85.4111 5.24576 2
    endloop
  endfacet
  facet normal -0.741092 0.671404 0
    outer loop
      vertex 85.1314 4.86863 0
      vertex 85.2368 4.98497 2
      vertex 85.2368 4.98497 0
    endloop
  endfacet
  facet normal -0.741092 0.671404 0
    outer loop
      vertex 85.2368 4.98497 2
      vertex 85.1314 4.86863 0
      vertex 85.1314 4.86863 2
    endloop
  endfacet
  facet normal -0.0491116 -0.998793 0
    outer loop
      vertex 84 7.6 2
      vertex 84.1568 7.59229 4
      vertex 84 7.6 4
    endloop
  endfacet
  facet normal -0.0491116 -0.998793 0
    outer loop
      vertex 84 7.6 2
      vertex 84.1568 7.59229 2
      vertex 84.1568 7.59229 4
    endloop
  endfacet
  facet normal -0.0491116 -0.998793 0
    outer loop
      vertex 84 7.6 0
      vertex 84.1568 7.59229 2
      vertex 84 7.6 2
    endloop
  endfacet
  facet normal -0.0491116 -0.998793 -0
    outer loop
      vertex 84.1568 7.59229 2
      vertex 84 7.6 0
      vertex 84.1568 7.59229 0
    endloop
  endfacet
  facet normal -0.427692 0.903925 0
    outer loop
      vertex 84.7542 4.58893 0
      vertex 84.6123 4.52179 2
      vertex 84.7542 4.58893 2
    endloop
  endfacet
  facet normal -0.427692 0.903925 0
    outer loop
      vertex 84.6123 4.52179 2
      vertex 84.7542 4.58893 0
      vertex 84.6123 4.52179 0
    endloop
  endfacet
  facet normal 0.146689 -0.989183 0
    outer loop
      vertex 83.6879 7.56926 0
      vertex 83.8432 7.59229 2
      vertex 83.6879 7.56926 2
    endloop
  endfacet
  facet normal 0.146689 -0.989183 0
    outer loop
      vertex 83.8432 7.59229 2
      vertex 83.6879 7.56926 0
      vertex 83.8432 7.59229 0
    endloop
  endfacet
  facet normal -0.989213 0.146484 0
    outer loop
      vertex 85.5693 5.68785 0
      vertex 85.5923 5.84317 2
      vertex 85.5923 5.84317 0
    endloop
  endfacet
  facet normal -0.989213 0.146484 0
    outer loop
      vertex 85.5923 5.84317 2
      vertex 85.5693 5.68785 0
      vertex 85.5693 5.68785 2
    endloop
  endfacet
  facet normal 0.671388 -0.741106 0
    outer loop
      vertex 82.8686 7.13137 0
      vertex 82.985 7.23682 2
      vertex 82.8686 7.13137 2
    endloop
  endfacet
  facet normal 0.671388 -0.741106 0
    outer loop
      vertex 82.985 7.23682 2
      vertex 82.8686 7.13137 0
      vertex 82.985 7.23682 0
    endloop
  endfacet
  facet normal -0.857796 -0.51399 0
    outer loop
      vertex 85.4111 6.75423 2
      vertex 85.3304 6.88891 2
      vertex 85.3304 6.88891 0
    endloop
  endfacet
  facet normal -0.857796 -0.51399 -0
    outer loop
      vertex 85.4111 6.75423 2
      vertex 85.3304 6.88891 0
      vertex 85.4111 6.75423 0
    endloop
  endfacet
  facet normal -0.857796 -0.51399 0
    outer loop
      vertex 85.3304 6.88891 2
      vertex 85.4111 6.75423 2
      vertex 85.3304 6.88891 4
    endloop
  endfacet
  facet normal -0.857796 -0.51399 0
    outer loop
      vertex 85.3304 6.88891 4
      vertex 85.4111 6.75423 2
      vertex 85.4111 6.75423 4
    endloop
  endfacet
  facet normal -0.741092 -0.671404 0
    outer loop
      vertex 85.2368 7.01503 2
      vertex 85.1314 7.13137 2
      vertex 85.1314 7.13137 0
    endloop
  endfacet
  facet normal -0.741092 -0.671404 -0
    outer loop
      vertex 85.2368 7.01503 2
      vertex 85.1314 7.13137 0
      vertex 85.2368 7.01503 0
    endloop
  endfacet
  facet normal -0.741092 -0.671404 0
    outer loop
      vertex 85.1314 7.13137 2
      vertex 85.2368 7.01503 2
      vertex 85.1314 7.13137 4
    endloop
  endfacet
  facet normal -0.741092 -0.671404 0
    outer loop
      vertex 85.1314 7.13137 4
      vertex 85.2368 7.01503 2
      vertex 85.2368 7.01503 4
    endloop
  endfacet
  facet normal 0.803015 0.595958 0
    outer loop
      vertex 82.7632 4.98497 2
      vertex 82.6696 5.11109 0
      vertex 82.6696 5.11109 2
    endloop
  endfacet
  facet normal 0.803015 0.595958 0
    outer loop
      vertex 82.6696 5.11109 0
      vertex 82.7632 4.98497 2
      vertex 82.7632 4.98497 0
    endloop
  endfacet
  facet normal 0.741092 -0.671404 0
    outer loop
      vertex 82.7632 7.01503 2
      vertex 82.8686 7.13137 0
      vertex 82.8686 7.13137 2
    endloop
  endfacet
  facet normal 0.741092 -0.671404 0
    outer loop
      vertex 82.8686 7.13137 0
      vertex 82.7632 7.01503 2
      vertex 82.7632 7.01503 0
    endloop
  endfacet
  facet normal 0.595732 0.803184 -0
    outer loop
      vertex 83.1111 4.66965 0
      vertex 82.985 4.76318 2
      vertex 83.1111 4.66965 2
    endloop
  endfacet
  facet normal 0.595732 0.803184 0
    outer loop
      vertex 82.985 4.76318 2
      vertex 83.1111 4.66965 0
      vertex 82.985 4.76318 0
    endloop
  endfacet
  facet normal -0.514027 0.857774 0
    outer loop
      vertex 84.8889 4.66965 0
      vertex 84.7542 4.58893 2
      vertex 84.8889 4.66965 2
    endloop
  endfacet
  facet normal -0.514027 0.857774 0
    outer loop
      vertex 84.7542 4.58893 2
      vertex 84.8889 4.66965 0
      vertex 84.7542 4.58893 0
    endloop
  endfacet
  facet normal -0.671388 0.741106 0
    outer loop
      vertex 85.1314 4.86863 0
      vertex 85.015 4.76318 2
      vertex 85.1314 4.86863 2
    endloop
  endfacet
  facet normal -0.671388 0.741106 0
    outer loop
      vertex 85.015 4.76318 2
      vertex 85.1314 4.86863 0
      vertex 85.015 4.76318 0
    endloop
  endfacet
  facet normal 0.0491116 -0.998793 0
    outer loop
      vertex 83.8432 7.59229 0
      vertex 84 7.6 2
      vertex 83.8432 7.59229 2
    endloop
  endfacet
  facet normal 0.0491116 -0.998793 0
    outer loop
      vertex 84 7.6 2
      vertex 83.8432 7.59229 0
      vertex 84 7.6 0
    endloop
  endfacet
  facet normal 0.242835 0.970068 -0
    outer loop
      vertex 83.6879 4.43074 0
      vertex 83.5355 4.46889 2
      vertex 83.6879 4.43074 2
    endloop
  endfacet
  facet normal 0.242835 0.970068 0
    outer loop
      vertex 83.5355 4.46889 2
      vertex 83.6879 4.43074 0
      vertex 83.5355 4.46889 0
    endloop
  endfacet
  facet normal 0.989213 0.146484 0
    outer loop
      vertex 82.4307 5.68785 2
      vertex 82.4077 5.84317 0
      vertex 82.4077 5.84317 2
    endloop
  endfacet
  facet normal 0.989213 0.146484 0
    outer loop
      vertex 82.4077 5.84317 0
      vertex 82.4307 5.68785 2
      vertex 82.4307 5.68785 0
    endloop
  endfacet
  facet normal 0.514027 -0.857774 0
    outer loop
      vertex 83.1111 7.33035 0
      vertex 83.2458 7.41107 2
      vertex 83.1111 7.33035 2
    endloop
  endfacet
  facet normal 0.514027 -0.857774 0
    outer loop
      vertex 83.2458 7.41107 2
      vertex 83.1111 7.33035 0
      vertex 83.2458 7.41107 0
    endloop
  endfacet
  facet normal 0.595732 -0.803184 0
    outer loop
      vertex 82.985 7.23682 0
      vertex 83.1111 7.33035 2
      vertex 82.985 7.23682 2
    endloop
  endfacet
  facet normal 0.595732 -0.803184 0
    outer loop
      vertex 83.1111 7.33035 2
      vertex 82.985 7.23682 0
      vertex 83.1111 7.33035 0
    endloop
  endfacet
  facet normal 0.94154 -0.336901 0
    outer loop
      vertex 82.4689 6.46445 2
      vertex 82.5218 6.61229 0
      vertex 82.5218 6.61229 2
    endloop
  endfacet
  facet normal 0.94154 -0.336901 0
    outer loop
      vertex 82.5218 6.61229 0
      vertex 82.4689 6.46445 2
      vertex 82.4689 6.46445 0
    endloop
  endfacet
  facet normal -0.941533 0.336921 0
    outer loop
      vertex 85.4782 5.38771 0
      vertex 85.5311 5.53554 2
      vertex 85.5311 5.53554 0
    endloop
  endfacet
  facet normal -0.941533 0.336921 0
    outer loop
      vertex 85.5311 5.53554 2
      vertex 85.4782 5.38771 0
      vertex 85.4782 5.38771 2
    endloop
  endfacet
  facet normal 0.857779 0.514018 0
    outer loop
      vertex 82.6696 5.11109 2
      vertex 82.5889 5.24576 0
      vertex 82.5889 5.24576 2
    endloop
  endfacet
  facet normal 0.857779 0.514018 0
    outer loop
      vertex 82.5889 5.24576 0
      vertex 82.6696 5.11109 2
      vertex 82.6696 5.11109 0
    endloop
  endfacet
  facet normal 0.998797 0.0490387 0
    outer loop
      vertex 82.4077 5.84317 2
      vertex 82.4 6 0
      vertex 82.4 6 2
    endloop
  endfacet
  facet normal 0.998797 0.0490387 0
    outer loop
      vertex 82.4 6 0
      vertex 82.4077 5.84317 2
      vertex 82.4077 5.84317 0
    endloop
  endfacet
  facet normal 0.146752 0.989173 -0
    outer loop
      vertex 83.8432 4.4077 0
      vertex 83.6879 4.43074 2
      vertex 83.8432 4.4077 2
    endloop
  endfacet
  facet normal 0.146752 0.989173 0
    outer loop
      vertex 83.6879 4.43074 2
      vertex 83.8432 4.4077 0
      vertex 83.6879 4.43074 0
    endloop
  endfacet
  facet normal 0.803015 -0.595958 0
    outer loop
      vertex 82.6696 6.88891 2
      vertex 82.7632 7.01503 0
      vertex 82.7632 7.01503 2
    endloop
  endfacet
  facet normal 0.803015 -0.595958 0
    outer loop
      vertex 82.7632 7.01503 0
      vertex 82.6696 6.88891 2
      vertex 82.6696 6.88891 0
    endloop
  endfacet
  facet normal 1 -0 0
    outer loop
      vertex 90 0 4
      vertex 90 72 0
      vertex 90 72 4
    endloop
  endfacet
  facet normal 1 0 0
    outer loop
      vertex 90 72 0
      vertex 90 0 4
      vertex 90 0 0
    endloop
  endfacet
  facet normal 0 0 1
    outer loop
      vertex 90 72 4
      vertex 88 70 4
      vertex 90 0 4
    endloop
  endfacet
  facet normal 0 0 1
    outer loop
      vertex 90 72 4
      vertex 2 70 4
      vertex 88 70 4
    endloop
  endfacet
  facet normal 0 0 1
    outer loop
      vertex 2 70 4
      vertex 0 72 4
      vertex 2 2 4
    endloop
  endfacet
  facet normal -0 0 1
    outer loop
      vertex 0 72 4
      vertex 2 70 4
      vertex 90 72 4
    endloop
  endfacet
  facet normal -0 0 1
    outer loop
      vertex 88 2 4
      vertex 90 0 4
      vertex 88 70 4
    endloop
  endfacet
  facet normal -0 0 1
    outer loop
      vertex 2 2 4
      vertex 90 0 4
      vertex 88 2 4
    endloop
  endfacet
  facet normal 0 0 1
    outer loop
      vertex 2 2 4
      vertex 0 0 4
      vertex 90 0 4
    endloop
  endfacet
  facet normal 0 0 1
    outer loop
      vertex 0 0 4
      vertex 2 2 4
      vertex 0 72 4
    endloop
  endfacet
  facet normal 0 0 -1
    outer loop
      vertex 6.31214 7.56926 0
      vertex 13.3519 31.2284 0
      vertex 6.46445 7.5311 0
    endloop
  endfacet
  facet normal 0 0 -1
    outer loop
      vertex 11.5 34 0
      vertex 7.59229 65.8432 0
      vertex 7.6 66 0
    endloop
  endfacet
  facet normal 0 0 -1
    outer loop
      vertex 6.15683 7.59229 0
      vertex 13.3519 31.2284 0
      vertex 6.31214 7.56926 0
    endloop
  endfacet
  facet normal 0 0 -1
    outer loop
      vertex 11.5 34 0
      vertex 7.56926 65.6879 0
      vertex 7.59229 65.8432 0
    endloop
  endfacet
  facet normal -0 0 -1
    outer loop
      vertex 13.3519 31.2284 0
      vertex 6.15683 7.59229 0
      vertex 13.0858 31.3542 0
    endloop
  endfacet
  facet normal 0 0 -1
    outer loop
      vertex 11.5 34 0
      vertex 7.5311 65.5355 0
      vertex 7.56926 65.6879 0
    endloop
  endfacet
  facet normal 0 0 -1
    outer loop
      vertex 6 7.6 0
      vertex 13.0858 31.3542 0
      vertex 6.15683 7.59229 0
    endloop
  endfacet
  facet normal 0 0 -1
    outer loop
      vertex 11.5 34 0
      vertex 7.47821 65.3877 0
      vertex 7.5311 65.5355 0
    endloop
  endfacet
  facet normal -0 0 -1
    outer loop
      vertex 13.0858 31.3542 0
      vertex 6 7.6 0
      vertex 12.8333 31.5056 0
    endloop
  endfacet
  facet normal 0 0 -1
    outer loop
      vertex 11.5 34 0
      vertex 7.41107 65.2458 0
      vertex 7.47821 65.3877 0
    endloop
  endfacet
  facet normal 0 0 -1
    outer loop
      vertex 5.84317 7.59229 0
      vertex 12.8333 31.5056 0
      vertex 6 7.6 0
    endloop
  endfacet
  facet normal 0 0 -1
    outer loop
      vertex 11.5 34 0
      vertex 7.33035 65.1111 0
      vertex 7.41107 65.2458 0
    endloop
  endfacet
  facet normal -0 0 -1
    outer loop
      vertex 12.8333 31.5056 0
      vertex 5.84317 7.59229 0
      vertex 12.5968 31.681 0
    endloop
  endfacet
  facet normal 0 0 -1
    outer loop
      vertex 11.5 34 0
      vertex 7.23682 64.985 0
      vertex 7.33035 65.1111 0
    endloop
  endfacet
  facet normal 0 0 -1
    outer loop
      vertex 5.68785 7.56926 0
      vertex 12.5968 31.681 0
      vertex 5.84317 7.59229 0
    endloop
  endfacet
  facet normal 0 0 -1
    outer loop
      vertex 11.5 34 0
      vertex 7.13137 64.8686 0
      vertex 7.23682 64.985 0
    endloop
  endfacet
  facet normal -0 0 -1
    outer loop
      vertex 12.5968 31.681 0
      vertex 5.68785 7.56926 0
      vertex 12.3787 31.8787 0
    endloop
  endfacet
  facet normal 0 0 -1
    outer loop
      vertex 11.5 34 0
      vertex 7.01503 64.7632 0
      vertex 7.13137 64.8686 0
    endloop
  endfacet
  facet normal 0 0 -1
    outer loop
      vertex 5.53554 7.5311 0
      vertex 12.3787 31.8787 0
      vertex 5.68785 7.56926 0
    endloop
  endfacet
  facet normal 0 0 -1
    outer loop
      vertex 11.5 34 0
      vertex 6.88891 64.6696 0
      vertex 7.01503 64.7632 0
    endloop
  endfacet
  facet normal -0 0 -1
    outer loop
      vertex 12.3787 31.8787 0
      vertex 5.53554 7.5311 0
      vertex 12.181 32.0968 0
    endloop
  endfacet
  facet normal 0 0 -1
    outer loop
      vertex 11.5 34 0
      vertex 6.75423 64.5889 0
      vertex 6.88891 64.6696 0
    endloop
  endfacet
  facet normal 0 0 -1
    outer loop
      vertex 5.38771 7.47821 0
      vertex 12.181 32.0968 0
      vertex 5.53554 7.5311 0
    endloop
  endfacet
  facet normal 0 0 -1
    outer loop
      vertex 11.5 34 0
      vertex 6.61229 64.5218 0
      vertex 6.75423 64.5889 0
    endloop
  endfacet
  facet normal -0 0 -1
    outer loop
      vertex 12.181 32.0968 0
      vertex 5.38771 7.47821 0
      vertex 12.0056 32.3333 0
    endloop
  endfacet
  facet normal 0 0 -1
    outer loop
      vertex 11.5 34 0
      vertex 6.46445 64.4689 0
      vertex 6.61229 64.5218 0
    endloop
  endfacet
  facet normal 0 0 -1
    outer loop
      vertex 5.24576 7.41107 0
      vertex 12.0056 32.3333 0
      vertex 5.38771 7.47821 0
    endloop
  endfacet
  facet normal 0 0 -1
    outer loop
      vertex 11.5 34 0
      vertex 6.31214 64.4307 0
      vertex 6.46445 64.4689 0
    endloop
  endfacet
  facet normal -0 0 -1
    outer loop
      vertex 12.0056 32.3333 0
      vertex 5.24576 7.41107 0
      vertex 11.8542 32.5858 0
    endloop
  endfacet
  facet normal 0 0 -1
    outer loop
      vertex 11.5 34 0
      vertex 6.15683 64.4077 0
      vertex 6.31214 64.4307 0
    endloop
  endfacet
  facet normal 0 0 -1
    outer loop
      vertex 5.11109 7.33035 0
      vertex 11.8542 32.5858 0
      vertex 5.24576 7.41107 0
    endloop
  endfacet
  facet normal 0 0 -1
    outer loop
      vertex 11.5 34 0
      vertex 6 64.4 0
      vertex 6.15683 64.4077 0
    endloop
  endfacet
  facet normal -0 0 -1
    outer loop
      vertex 11.8542 32.5858 0
      vertex 5.11109 7.33035 0
      vertex 11.7284 32.852 0
    endloop
  endfacet
  facet normal 0 0 -1
    outer loop
      vertex 11.5 34 0
      vertex 5.84317 64.4077 0
      vertex 6 64.4 0
    endloop
  endfacet
  facet normal 0 0 -1
    outer loop
      vertex 4.98497 7.23682 0
      vertex 11.7284 32.852 0
      vertex 5.11109 7.33035 0
    endloop
  endfacet
  facet normal 0 0 -1
    outer loop
      vertex 11.5 34 0
      vertex 5.68785 64.4307 0
      vertex 5.84317 64.4077 0
    endloop
  endfacet
  facet normal -0 0 -1
    outer loop
      vertex 11.7284 32.852 0
      vertex 4.98497 7.23682 0
      vertex 11.6292 33.1291 0
    endloop
  endfacet
  facet normal 0 0 -1
    outer loop
      vertex 11.5 34 0
      vertex 5.53554 64.4689 0
      vertex 5.68785 64.4307 0
    endloop
  endfacet
  facet normal 0 0 -1
    outer loop
      vertex 4.86863 7.13137 0
      vertex 11.6292 33.1291 0
      vertex 4.98497 7.23682 0
    endloop
  endfacet
  facet normal 0 0 -1
    outer loop
      vertex 11.5 34 0
      vertex 5.38771 64.5218 0
      vertex 5.53554 64.4689 0
    endloop
  endfacet
  facet normal -0 0 -1
    outer loop
      vertex 11.6292 33.1291 0
      vertex 4.86863 7.13137 0
      vertex 11.5576 33.4147 0
    endloop
  endfacet
  facet normal 0 0 -1
    outer loop
      vertex 11.5 34 0
      vertex 5.24576 64.5889 0
      vertex 5.38771 64.5218 0
    endloop
  endfacet
  facet normal 0 0 -1
    outer loop
      vertex 4.76318 7.01503 0
      vertex 11.5576 33.4147 0
      vertex 4.86863 7.13137 0
    endloop
  endfacet
  facet normal 0 0 -1
    outer loop
      vertex 11.5 34 0
      vertex 5.11109 64.6696 0
      vertex 5.24576 64.5889 0
    endloop
  endfacet
  facet normal -0 0 -1
    outer loop
      vertex 11.5576 33.4147 0
      vertex 4.76318 7.01503 0
      vertex 11.5144 33.7059 0
    endloop
  endfacet
  facet normal 0 0 -1
    outer loop
      vertex 11.5 34 0
      vertex 4.98497 64.7632 0
      vertex 5.11109 64.6696 0
    endloop
  endfacet
  facet normal 0 0 -1
    outer loop
      vertex 4.66965 6.88891 0
      vertex 11.5144 33.7059 0
      vertex 4.76318 7.01503 0
    endloop
  endfacet
  facet normal 0 0 -1
    outer loop
      vertex 11.5 34 0
      vertex 4.86863 64.8686 0
      vertex 4.98497 64.7632 0
    endloop
  endfacet
  facet normal -0 0 -1
    outer loop
      vertex 11.5144 33.7059 0
      vertex 4.66965 6.88891 0
      vertex 11.5 34 0
    endloop
  endfacet
  facet normal 0 0 -1
    outer loop
      vertex 11.5 34 0
      vertex 4.76318 64.985 0
      vertex 4.86863 64.8686 0
    endloop
  endfacet
  facet normal 0 0 -1
    outer loop
      vertex 4.58893 6.75423 0
      vertex 11.5 34 0
      vertex 4.66965 6.88891 0
    endloop
  endfacet
  facet normal 0 0 -1
    outer loop
      vertex 11.5 34 0
      vertex 4.66965 65.1111 0
      vertex 4.76318 64.985 0
    endloop
  endfacet
  facet normal 0 0 -1
    outer loop
      vertex 0 0 0
      vertex 11.5 34 0
      vertex 4.58893 6.75423 0
    endloop
  endfacet
  facet normal 0 0 -1
    outer loop
      vertex 11.5 34 0
      vertex 4.58893 65.2458 0
      vertex 4.66965 65.1111 0
    endloop
  endfacet
  facet normal 0 0 -1
    outer loop
      vertex 0 0 0
      vertex 4.58893 6.75423 0
      vertex 4.52179 6.61229 0
    endloop
  endfacet
  facet normal 0 0 -1
    outer loop
      vertex 0 72 0
      vertex 11.5 34 0
      vertex 0 0 0
    endloop
  endfacet
  facet normal 0 0 -1
    outer loop
      vertex 0 0 0
      vertex 4.52179 6.61229 0
      vertex 4.46889 6.46445 0
    endloop
  endfacet
  facet normal 0 0 -1
    outer loop
      vertex 11.5 34 0
      vertex 0 72 0
      vertex 4.58893 65.2458 0
    endloop
  endfacet
  facet normal 0 0 -1
    outer loop
      vertex 0 0 0
      vertex 4.46889 6.46445 0
      vertex 4.43074 6.31214 0
    endloop
  endfacet
  facet normal 0 0 -1
    outer loop
      vertex 4.58893 65.2458 0
      vertex 0 72 0
      vertex 4.52179 65.3877 0
    endloop
  endfacet
  facet normal 0 0 -1
    outer loop
      vertex 0 0 0
      vertex 4.43074 6.31214 0
      vertex 4.4077 6.15683 0
    endloop
  endfacet
  facet normal 0 0 -1
    outer loop
      vertex 4.52179 65.3877 0
      vertex 0 72 0
      vertex 4.46889 65.5355 0
    endloop
  endfacet
  facet normal 0 0 -1
    outer loop
      vertex 0 0 0
      vertex 4.4077 6.15683 0
      vertex 4.4 6 0
    endloop
  endfacet
  facet normal 0 0 -1
    outer loop
      vertex 4.46889 65.5355 0
      vertex 0 72 0
      vertex 4.43074 65.6879 0
    endloop
  endfacet
  facet normal 0 0 -1
    outer loop
      vertex 85.5311 6.46445 0
      vertex 90 0 0
      vertex 85.5693 6.31214 0
    endloop
  endfacet
  facet normal 0 0 -1
    outer loop
      vertex 90 72 0
      vertex 85.5923 65.8432 0
      vertex 85.6 66 0
    endloop
  endfacet
  facet normal 0 0 -1
    outer loop
      vertex 85.4782 6.61229 0
      vertex 90 0 0
      vertex 85.5311 6.46445 0
    endloop
  endfacet
  facet normal 0 0 -1
    outer loop
      vertex 90 72 0
      vertex 85.5693 65.6879 0
      vertex 85.5923 65.8432 0
    endloop
  endfacet
  facet normal 0 0 -1
    outer loop
      vertex 85.4111 6.75423 0
      vertex 90 0 0
      vertex 85.4782 6.61229 0
    endloop
  endfacet
  facet normal 0 0 -1
    outer loop
      vertex 90 72 0
      vertex 85.5311 65.5355 0
      vertex 85.5693 65.6879 0
    endloop
  endfacet
  facet normal 0 0 -1
    outer loop
      vertex 90 0 0
      vertex 85.4111 6.75423 0
      vertex 90 72 0
    endloop
  endfacet
  facet normal 0 0 -1
    outer loop
      vertex 90 72 0
      vertex 85.4782 65.3877 0
      vertex 85.5311 65.5355 0
    endloop
  endfacet
  facet normal 0 0 -1
    outer loop
      vertex 85.4111 65.2458 0
      vertex 90 72 0
      vertex 85.4111 6.75423 0
    endloop
  endfacet
  facet normal 0 0 -1
    outer loop
      vertex 90 72 0
      vertex 85.4111 65.2458 0
      vertex 85.4782 65.3877 0
    endloop
  endfacet
  facet normal 0 0 -1
    outer loop
      vertex 85.3304 6.88891 0
      vertex 85.4111 65.2458 0
      vertex 85.4111 6.75423 0
    endloop
  endfacet
  facet normal 0 0 -1
    outer loop
      vertex 85.3304 6.88891 0
      vertex 85.3304 65.1111 0
      vertex 85.4111 65.2458 0
    endloop
  endfacet
  facet normal 0 0 -1
    outer loop
      vertex 85.2368 7.01503 0
      vertex 85.3304 65.1111 0
      vertex 85.3304 6.88891 0
    endloop
  endfacet
  facet normal 0 0 -1
    outer loop
      vertex 85.2368 7.01503 0
      vertex 85.2368 64.985 0
      vertex 85.3304 65.1111 0
    endloop
  endfacet
  facet normal 0 0 -1
    outer loop
      vertex 85.1314 7.13137 0
      vertex 85.2368 64.985 0
      vertex 85.2368 7.01503 0
    endloop
  endfacet
  facet normal 0 0 -1
    outer loop
      vertex 85.1314 7.13137 0
      vertex 85.1314 64.8686 0
      vertex 85.2368 64.985 0
    endloop
  endfacet
  facet normal 0 0 -1
    outer loop
      vertex 85.015 7.23682 0
      vertex 85.1314 64.8686 0
      vertex 85.1314 7.13137 0
    endloop
  endfacet
  facet normal 0 0 -1
    outer loop
      vertex 85.015 7.23682 0
      vertex 85.015 64.7632 0
      vertex 85.1314 64.8686 0
    endloop
  endfacet
  facet normal 0 0 -1
    outer loop
      vertex 71 34.5 0
      vertex 85.015 7.23682 0
      vertex 84.8889 7.33035 0
    endloop
  endfacet
  facet normal 0 0 -1
    outer loop
      vertex 85.015 7.23682 0
      vertex 71 34.5 0
      vertex 85.015 64.7632 0
    endloop
  endfacet
  facet normal 0 0 -1
    outer loop
      vertex 70.9855 34.2059 0
      vertex 84.8889 7.33035 0
      vertex 84.7542 7.41107 0
    endloop
  endfacet
  facet normal 0 0 -1
    outer loop
      vertex 70.9855 34.7941 0
      vertex 85.015 64.7632 0
      vertex 71 34.5 0
    endloop
  endfacet
  facet normal 0 0 -1
    outer loop
      vertex 70.9424 33.9147 0
      vertex 84.7542 7.41107 0
      vertex 84.6123 7.47821 0
    endloop
  endfacet
  facet normal 0 0 -1
    outer loop
      vertex 85.015 64.7632 0
      vertex 70.9855 34.7941 0
      vertex 84.8889 64.6696 0
    endloop
  endfacet
  facet normal 0 0 -1
    outer loop
      vertex 70.8708 33.6291 0
      vertex 84.6123 7.47821 0
      vertex 84.4645 7.5311 0
    endloop
  endfacet
  facet normal 0 0 -1
    outer loop
      vertex 70.9424 35.0853 0
      vertex 84.8889 64.6696 0
      vertex 70.9855 34.7941 0
    endloop
  endfacet
  facet normal 0 0 -1
    outer loop
      vertex 70.7716 33.352 0
      vertex 84.4645 7.5311 0
      vertex 84.3121 7.56926 0
    endloop
  endfacet
  facet normal 0 0 -1
    outer loop
      vertex 84.8889 64.6696 0
      vertex 70.9424 35.0853 0
      vertex 84.7542 64.5889 0
    endloop
  endfacet
  facet normal 0 0 -1
    outer loop
      vertex 70.6458 33.0858 0
      vertex 84.3121 7.56926 0
      vertex 84.1568 7.59229 0
    endloop
  endfacet
  facet normal 0 0 -1
    outer loop
      vertex 84.7542 64.5889 0
      vertex 70.9424 35.0853 0
      vertex 84.6123 64.5218 0
    endloop
  endfacet
  facet normal 0 0 -1
    outer loop
      vertex 70.6458 33.0858 0
      vertex 84.1568 7.59229 0
      vertex 84 7.6 0
    endloop
  endfacet
  facet normal 0 0 -1
    outer loop
      vertex 70.8708 35.3709 0
      vertex 84.6123 64.5218 0
      vertex 70.9424 35.0853 0
    endloop
  endfacet
  facet normal 0 0 -1
    outer loop
      vertex 70.4944 32.8333 0
      vertex 84 7.6 0
      vertex 83.8432 7.59229 0
    endloop
  endfacet
  facet normal 0 0 -1
    outer loop
      vertex 84.6123 64.5218 0
      vertex 70.8708 35.3709 0
      vertex 84.4645 64.4689 0
    endloop
  endfacet
  facet normal 0 0 -1
    outer loop
      vertex 70.319 32.5968 0
      vertex 83.8432 7.59229 0
      vertex 83.6879 7.56926 0
    endloop
  endfacet
  facet normal 0 0 -1
    outer loop
      vertex 70.7716 35.648 0
      vertex 84.4645 64.4689 0
      vertex 70.8708 35.3709 0
    endloop
  endfacet
  facet normal 0 0 -1
    outer loop
      vertex 70.1213 32.3787 0
      vertex 83.6879 7.56926 0
      vertex 83.5355 7.5311 0
    endloop
  endfacet
  facet normal 0 0 -1
    outer loop
      vertex 84.4645 64.4689 0
      vertex 70.7716 35.648 0
      vertex 84.3121 64.4307 0
    endloop
  endfacet
  facet normal 0 0 -1
    outer loop
      vertex 69.9032 32.181 0
      vertex 83.5355 7.5311 0
      vertex 83.3877 7.47821 0
    endloop
  endfacet
  facet normal 0 0 -1
    outer loop
      vertex 70.6458 35.9142 0
      vertex 84.3121 64.4307 0
      vertex 70.7716 35.648 0
    endloop
  endfacet
  facet normal 0 0 -1
    outer loop
      vertex 69.6667 32.0056 0
      vertex 83.3877 7.47821 0
      vertex 83.2458 7.41107 0
    endloop
  endfacet
  facet normal 0 0 -1
    outer loop
      vertex 84.3121 64.4307 0
      vertex 70.6458 35.9142 0
      vertex 84.1568 64.4077 0
    endloop
  endfacet
  facet normal 0 0 -1
    outer loop
      vertex 69.4142 31.8542 0
      vertex 83.2458 7.41107 0
      vertex 83.1111 7.33035 0
    endloop
  endfacet
  facet normal 0 0 -1
    outer loop
      vertex 70.4944 36.1667 0
      vertex 84.1568 64.4077 0
      vertex 70.6458 35.9142 0
    endloop
  endfacet
  facet normal 0 0 -1
    outer loop
      vertex 69.148 31.7284 0
      vertex 83.1111 7.33035 0
      vertex 82.985 7.23682 0
    endloop
  endfacet
  facet normal 0 0 -1
    outer loop
      vertex 84.1568 64.4077 0
      vertex 70.4944 36.1667 0
      vertex 84 64.4 0
    endloop
  endfacet
  facet normal 0 0 -1
    outer loop
      vertex 68.8708 31.6292 0
      vertex 82.985 7.23682 0
      vertex 82.8686 7.13137 0
    endloop
  endfacet
  facet normal 0 0 -1
    outer loop
      vertex 70.319 36.4032 0
      vertex 84 64.4 0
      vertex 70.4944 36.1667 0
    endloop
  endfacet
  facet normal 0 0 -1
    outer loop
      vertex 68.5853 31.5576 0
      vertex 82.8686 7.13137 0
      vertex 82.7632 7.01503 0
    endloop
  endfacet
  facet normal -0 0 -1
    outer loop
      vertex 84 64.4 0
      vertex 70.319 36.4032 0
      vertex 83.8432 64.4077 0
    endloop
  endfacet
  facet normal 0 0 -1
    outer loop
      vertex 68.2941 31.5144 0
      vertex 82.7632 7.01503 0
      vertex 82.6696 6.88891 0
    endloop
  endfacet
  facet normal 0 0 -1
    outer loop
      vertex 70.1213 36.6213 0
      vertex 83.8432 64.4077 0
      vertex 70.319 36.4032 0
    endloop
  endfacet
  facet normal 0 0 -1
    outer loop
      vertex 54.5 14.5 0
      vertex 82.6696 6.88891 0
      vertex 82.5889 6.75423 0
    endloop
  endfacet
  facet normal -0 0 -1
    outer loop
      vertex 83.8432 64.4077 0
      vertex 70.1213 36.6213 0
      vertex 83.6879 64.4307 0
    endloop
  endfacet
  facet normal 0 0 -1
    outer loop
      vertex 54.5 14.5 0
      vertex 82.5889 6.75423 0
      vertex 82.5218 6.61229 0
    endloop
  endfacet
  facet normal 0 0 -1
    outer loop
      vertex 69.9032 36.819 0
      vertex 83.6879 64.4307 0
      vertex 70.1213 36.6213 0
    endloop
  endfacet
  facet normal 0 0 -1
    outer loop
      vertex 54.5 14.5 0
      vertex 82.5218 6.61229 0
      vertex 82.4689 6.46445 0
    endloop
  endfacet
  facet normal -0 0 -1
    outer loop
      vertex 83.6879 64.4307 0
      vertex 69.9032 36.819 0
      vertex 83.5355 64.4689 0
    endloop
  endfacet
  facet normal 0 0 -1
    outer loop
      vertex 54.5 14.5 0
      vertex 82.4689 6.46445 0
      vertex 82.4307 6.31214 0
    endloop
  endfacet
  facet normal 0 0 -1
    outer loop
      vertex 69.6667 36.9944 0
      vertex 83.5355 64.4689 0
      vertex 69.9032 36.819 0
    endloop
  endfacet
  facet normal 0 0 -1
    outer loop
      vertex 54.5 14.5 0
      vertex 82.4307 6.31214 0
      vertex 82.4077 6.15683 0
    endloop
  endfacet
  facet normal -0 0 -1
    outer loop
      vertex 83.5355 64.4689 0
      vertex 69.6667 36.9944 0
      vertex 83.3877 64.5218 0
    endloop
  endfacet
  facet normal 0 0 -1
    outer loop
      vertex 54.5 14.5 0
      vertex 82.4077 6.15683 0
      vertex 82.4 6 0
    endloop
  endfacet
  facet normal 0 0 -1
    outer loop
      vertex 69.4142 37.1458 0
      vertex 83.3877 64.5218 0
      vertex 69.6667 36.9944 0
    endloop
  endfacet
  facet normal 0 0 -1
    outer loop
      vertex 85.5923 6.15683 0
      vertex 90 0 0
      vertex 85.6 6 0
    endloop
  endfacet
  facet normal 0 0 -1
    outer loop
      vertex 90 0 0
      vertex 85.5923 5.84317 0
      vertex 85.6 6 0
    endloop
  endfacet
  facet normal 0 0 -1
    outer loop
      vertex 90 0 0
      vertex 85.5693 5.68785 0
      vertex 85.5923 5.84317 0
    endloop
  endfacet
  facet normal 0 0 -1
    outer loop
      vertex 90 0 0
      vertex 85.5311 5.53554 0
      vertex 85.5693 5.68785 0
    endloop
  endfacet
  facet normal 0 0 -1
    outer loop
      vertex 90 0 0
      vertex 85.4782 5.38771 0
      vertex 85.5311 5.53554 0
    endloop
  endfacet
  facet normal 0 0 -1
    outer loop
      vertex 90 0 0
      vertex 85.4111 5.24576 0
      vertex 85.4782 5.38771 0
    endloop
  endfacet
  facet normal 0 0 -1
    outer loop
      vertex 90 0 0
      vertex 85.3304 5.11109 0
      vertex 85.4111 5.24576 0
    endloop
  endfacet
  facet normal 0 0 -1
    outer loop
      vertex 90 0 0
      vertex 85.2368 4.98497 0
      vertex 85.3304 5.11109 0
    endloop
  endfacet
  facet normal 0 0 -1
    outer loop
      vertex 90 0 0
      vertex 85.1314 4.86863 0
      vertex 85.2368 4.98497 0
    endloop
  endfacet
  facet normal 0 0 -1
    outer loop
      vertex 90 0 0
      vertex 85.015 4.76318 0
      vertex 85.1314 4.86863 0
    endloop
  endfacet
  facet normal 0 0 -1
    outer loop
      vertex 90 0 0
      vertex 84.8889 4.66965 0
      vertex 85.015 4.76318 0
    endloop
  endfacet
  facet normal 0 0 -1
    outer loop
      vertex 90 0 0
      vertex 84.7542 4.58893 0
      vertex 84.8889 4.66965 0
    endloop
  endfacet
  facet normal 0 0 -1
    outer loop
      vertex 90 0 0
      vertex 84.6123 4.52179 0
      vertex 84.7542 4.58893 0
    endloop
  endfacet
  facet normal 0 0 -1
    outer loop
      vertex 90 0 0
      vertex 84.4645 4.46889 0
      vertex 84.6123 4.52179 0
    endloop
  endfacet
  facet normal 0 0 -1
    outer loop
      vertex 90 0 0
      vertex 84.3121 4.43074 0
      vertex 84.4645 4.46889 0
    endloop
  endfacet
  facet normal 0 0 -1
    outer loop
      vertex 90 0 0
      vertex 84.1568 4.4077 0
      vertex 84.3121 4.43074 0
    endloop
  endfacet
  facet normal 0 0 -1
    outer loop
      vertex 90 0 0
      vertex 84 4.4 0
      vertex 84.1568 4.4077 0
    endloop
  endfacet
  facet normal 0 0 -1
    outer loop
      vertex 90 0 0
      vertex 83.8432 4.4077 0
      vertex 84 4.4 0
    endloop
  endfacet
  facet normal 0 0 -1
    outer loop
      vertex 90 0 0
      vertex 83.6879 4.43074 0
      vertex 83.8432 4.4077 0
    endloop
  endfacet
  facet normal 0 0 -1
    outer loop
      vertex 90 0 0
      vertex 83.5355 4.46889 0
      vertex 83.6879 4.43074 0
    endloop
  endfacet
  facet normal 0 0 -1
    outer loop
      vertex 90 0 0
      vertex 83.3877 4.52179 0
      vertex 83.5355 4.46889 0
    endloop
  endfacet
  facet normal 0 0 -1
    outer loop
      vertex 90 0 0
      vertex 83.2458 4.58893 0
      vertex 83.3877 4.52179 0
    endloop
  endfacet
  facet normal 0 0 -1
    outer loop
      vertex 47.4142 3.85424 0
      vertex 83.2458 4.58893 0
      vertex 90 0 0
    endloop
  endfacet
  facet normal -0 0 -1
    outer loop
      vertex 83.3877 64.5218 0
      vertex 69.4142 37.1458 0
      vertex 83.2458 64.5889 0
    endloop
  endfacet
  facet normal 0 0 -1
    outer loop
      vertex 54.5 14.5 0
      vertex 82.4 6 0
      vertex 82.4077 5.84317 0
    endloop
  endfacet
  facet normal 0 0 -1
    outer loop
      vertex 54.5 14.5 0
      vertex 82.4077 5.84317 0
      vertex 82.4307 5.68785 0
    endloop
  endfacet
  facet normal 0 0 -1
    outer loop
      vertex 54.5 14.5 0
      vertex 82.4307 5.68785 0
      vertex 82.4689 5.53554 0
    endloop
  endfacet
  facet normal 0 0 -1
    outer loop
      vertex 48.8708 5.62915 0
      vertex 82.4689 5.53554 0
      vertex 82.5218 5.38771 0
    endloop
  endfacet
  facet normal 0 0 -1
    outer loop
      vertex 84.8889 7.33035 0
      vertex 70.9855 34.2059 0
      vertex 71 34.5 0
    endloop
  endfacet
  facet normal 0 0 -1
    outer loop
      vertex 84.7542 7.41107 0
      vertex 70.9424 33.9147 0
      vertex 70.9855 34.2059 0
    endloop
  endfacet
  facet normal 0 0 -1
    outer loop
      vertex 84.6123 7.47821 0
      vertex 70.8708 33.6291 0
      vertex 70.9424 33.9147 0
    endloop
  endfacet
  facet normal 0 0 -1
    outer loop
      vertex 84.4645 7.5311 0
      vertex 70.7716 33.352 0
      vertex 70.8708 33.6291 0
    endloop
  endfacet
  facet normal 0 0 -1
    outer loop
      vertex 84.3121 7.56926 0
      vertex 70.6458 33.0858 0
      vertex 70.7716 33.352 0
    endloop
  endfacet
  facet normal 0 0 -1
    outer loop
      vertex 84 7.6 0
      vertex 70.4944 32.8333 0
      vertex 70.6458 33.0858 0
    endloop
  endfacet
  facet normal 0 0 -1
    outer loop
      vertex 83.8432 7.59229 0
      vertex 70.319 32.5968 0
      vertex 70.4944 32.8333 0
    endloop
  endfacet
  facet normal 0 0 -1
    outer loop
      vertex 83.6879 7.56926 0
      vertex 70.1213 32.3787 0
      vertex 70.319 32.5968 0
    endloop
  endfacet
  facet normal 0 0 -1
    outer loop
      vertex 83.5355 7.5311 0
      vertex 69.9032 32.181 0
      vertex 70.1213 32.3787 0
    endloop
  endfacet
  facet normal 0 0 -1
    outer loop
      vertex 83.3877 7.47821 0
      vertex 69.6667 32.0056 0
      vertex 69.9032 32.181 0
    endloop
  endfacet
  facet normal 0 0 -1
    outer loop
      vertex 48.7716 5.35195 0
      vertex 82.5218 5.38771 0
      vertex 82.5889 5.24576 0
    endloop
  endfacet
  facet normal 0 0 -1
    outer loop
      vertex 83.2458 7.41107 0
      vertex 69.4142 31.8542 0
      vertex 69.6667 32.0056 0
    endloop
  endfacet
  facet normal 0 0 -1
    outer loop
      vertex 83.1111 7.33035 0
      vertex 69.148 31.7284 0
      vertex 69.4142 31.8542 0
    endloop
  endfacet
  facet normal 0 0 -1
    outer loop
      vertex 82.985 7.23682 0
      vertex 68.8708 31.6292 0
      vertex 69.148 31.7284 0
    endloop
  endfacet
  facet normal 0 0 -1
    outer loop
      vertex 82.8686 7.13137 0
      vertex 68.5853 31.5576 0
      vertex 68.8708 31.6292 0
    endloop
  endfacet
  facet normal 0 0 -1
    outer loop
      vertex 82.7632 7.01503 0
      vertex 68.2941 31.5144 0
      vertex 68.5853 31.5576 0
    endloop
  endfacet
  facet normal 0 0 -1
    outer loop
      vertex 82.6696 6.88891 0
      vertex 54.5 14.5 0
      vertex 68.2941 31.5144 0
    endloop
  endfacet
  facet normal 0 -0 -1
    outer loop
      vertex 59 27.195 0
      vertex 68.2941 31.5144 0
      vertex 54.5 14.5 0
    endloop
  endfacet
  facet normal 0 0 -1
    outer loop
      vertex 68.2941 31.5144 0
      vertex 59 27.195 0
      vertex 68 31.5 0
    endloop
  endfacet
  facet normal -0 0 -1
    outer loop
      vertex 68 31.5 0
      vertex 59 27.195 0
      vertex 67.7059 31.5144 0
    endloop
  endfacet
  facet normal -0 0 -1
    outer loop
      vertex 67.4147 31.5576 0
      vertex 59 27.195 0
      vertex 67.1291 31.6292 0
    endloop
  endfacet
  facet normal -0 0 -1
    outer loop
      vertex 67.1291 31.6292 0
      vertex 59 27.195 0
      vertex 66.852 31.7284 0
    endloop
  endfacet
  facet normal 0 0 -1
    outer loop
      vertex 48.6458 5.08581 0
      vertex 82.5889 5.24576 0
      vertex 82.6696 5.11109 0
    endloop
  endfacet
  facet normal -0 0 -1
    outer loop
      vertex 66.852 31.7284 0
      vertex 59 27.195 0
      vertex 66.5858 31.8542 0
    endloop
  endfacet
  facet normal -0 0 -1
    outer loop
      vertex 66.5858 31.8542 0
      vertex 59 27.195 0
      vertex 66.3333 32.0056 0
    endloop
  endfacet
  facet normal -0 0 -1
    outer loop
      vertex 66.3333 32.0056 0
      vertex 59 27.195 0
      vertex 66.0968 32.181 0
    endloop
  endfacet
  facet normal -0 0 -1
    outer loop
      vertex 66.0968 32.181 0
      vertex 59 27.195 0
      vertex 65.8787 32.3787 0
    endloop
  endfacet
  facet normal -0 0 -1
    outer loop
      vertex 65.8787 32.3787 0
      vertex 59 27.195 0
      vertex 65.681 32.5968 0
    endloop
  endfacet
  facet normal -0 0 -1
    outer loop
      vertex 65.0144 34.2059 0
      vertex 59 27.195 0
      vertex 65 34.5 0
    endloop
  endfacet
  facet normal -0 0 -1
    outer loop
      vertex 65.0576 33.9147 0
      vertex 59 27.195 0
      vertex 65.0144 34.2059 0
    endloop
  endfacet
  facet normal -0 0 -1
    outer loop
      vertex 65.1292 33.6291 0
      vertex 59 27.195 0
      vertex 65.0576 33.9147 0
    endloop
  endfacet
  facet normal -0 0 -1
    outer loop
      vertex 65.2284 33.352 0
      vertex 59 27.195 0
      vertex 65.1292 33.6291 0
    endloop
  endfacet
  facet normal -0 0 -1
    outer loop
      vertex 65.3542 33.0858 0
      vertex 59 27.195 0
      vertex 65.2284 33.352 0
    endloop
  endfacet
  facet normal -0 0 -1
    outer loop
      vertex 65.5056 32.8333 0
      vertex 59 27.195 0
      vertex 65.3542 33.0858 0
    endloop
  endfacet
  facet normal -0 0 -1
    outer loop
      vertex 65.681 32.5968 0
      vertex 59 27.195 0
      vertex 65.5056 32.8333 0
    endloop
  endfacet
  facet normal 0 0 -1
    outer loop
      vertex 48.4944 4.83329 0
      vertex 82.6696 5.11109 0
      vertex 82.7632 4.98497 0
    endloop
  endfacet
  facet normal 0 0 -1
    outer loop
      vertex 48.319 4.59682 0
      vertex 82.7632 4.98497 0
      vertex 82.8686 4.86863 0
    endloop
  endfacet
  facet normal -0 0 -1
    outer loop
      vertex 67.7059 31.5144 0
      vertex 59 27.195 0
      vertex 67.4147 31.5576 0
    endloop
  endfacet
  facet normal 0 0 -1
    outer loop
      vertex 48.1213 4.37868 0
      vertex 82.8686 4.86863 0
      vertex 82.985 4.76318 0
    endloop
  endfacet
  facet normal 0 0 -1
    outer loop
      vertex 47.9032 4.18097 0
      vertex 82.985 4.76318 0
      vertex 83.1111 4.66965 0
    endloop
  endfacet
  facet normal 0 -0 -1
    outer loop
      vertex 47.6667 4.00559 0
      vertex 83.2458 4.58893 0
      vertex 47.4142 3.85424 0
    endloop
  endfacet
  facet normal 0 0 -1
    outer loop
      vertex 82.4689 5.53554 0
      vertex 48.8708 5.62915 0
      vertex 54.5 14.5 0
    endloop
  endfacet
  facet normal 0 0 -1
    outer loop
      vertex 54.5 14.5 0
      vertex 48.9856 6.20595 0
      vertex 49 6.5 0
    endloop
  endfacet
  facet normal 0 0 -1
    outer loop
      vertex 54.5 14.5 0
      vertex 48.9424 5.91473 0
      vertex 48.9856 6.20595 0
    endloop
  endfacet
  facet normal 0 0 -1
    outer loop
      vertex 54.5 14.5 0
      vertex 48.8708 5.62915 0
      vertex 48.9424 5.91473 0
    endloop
  endfacet
  facet normal -0 0 -1
    outer loop
      vertex 82.5218 5.38771 0
      vertex 48.7716 5.35195 0
      vertex 48.8708 5.62915 0
    endloop
  endfacet
  facet normal -0 0 -1
    outer loop
      vertex 82.5889 5.24576 0
      vertex 48.6458 5.08581 0
      vertex 48.7716 5.35195 0
    endloop
  endfacet
  facet normal 0 0 -1
    outer loop
      vertex 82.6696 5.11109 0
      vertex 48.4944 4.83329 0
      vertex 48.6458 5.08581 0
    endloop
  endfacet
  facet normal 0 0 -1
    outer loop
      vertex 82.7632 4.98497 0
      vertex 48.319 4.59682 0
      vertex 48.4944 4.83329 0
    endloop
  endfacet
  facet normal 0 0 -1
    outer loop
      vertex 82.8686 4.86863 0
      vertex 48.1213 4.37868 0
      vertex 48.319 4.59682 0
    endloop
  endfacet
  facet normal 0 0 -1
    outer loop
      vertex 82.985 4.76318 0
      vertex 47.9032 4.18097 0
      vertex 48.1213 4.37868 0
    endloop
  endfacet
  facet normal 0 0 -1
    outer loop
      vertex 83.1111 4.66965 0
      vertex 47.6667 4.00559 0
      vertex 47.9032 4.18097 0
    endloop
  endfacet
  facet normal -0 0 -1
    outer loop
      vertex 83.2458 4.58893 0
      vertex 47.6667 4.00559 0
      vertex 83.1111 4.66965 0
    endloop
  endfacet
  facet normal 0 0 -1
    outer loop
      vertex 90 0 0
      vertex 47.148 3.72836 0
      vertex 47.4142 3.85424 0
    endloop
  endfacet
  facet normal 0 0 -1
    outer loop
      vertex 90 0 0
      vertex 46.8709 3.62918 0
      vertex 47.148 3.72836 0
    endloop
  endfacet
  facet normal 0 0 -1
    outer loop
      vertex 90 0 0
      vertex 46.5853 3.55764 0
      vertex 46.8709 3.62918 0
    endloop
  endfacet
  facet normal 0 0 -1
    outer loop
      vertex 90 0 0
      vertex 46.2941 3.51445 0
      vertex 46.5853 3.55764 0
    endloop
  endfacet
  facet normal 0 0 -1
    outer loop
      vertex 90 0 0
      vertex 46 3.5 0
      vertex 46.2941 3.51445 0
    endloop
  endfacet
  facet normal 0 0 -1
    outer loop
      vertex 0 0 0
      vertex 46 3.5 0
      vertex 90 0 0
    endloop
  endfacet
  facet normal 0 0 -1
    outer loop
      vertex 43.0144 6.20595 0
      vertex 40.5 14.5 0
      vertex 43 6.5 0
    endloop
  endfacet
  facet normal 0 0 -1
    outer loop
      vertex 7.59229 5.84317 0
      vertex 43.0144 6.20595 0
      vertex 43.0576 5.91473 0
    endloop
  endfacet
  facet normal 0 0 -1
    outer loop
      vertex 7.56926 5.68785 0
      vertex 43.0576 5.91473 0
      vertex 43.1292 5.62915 0
    endloop
  endfacet
  facet normal 0 0 -1
    outer loop
      vertex 40.5 14.5 0
      vertex 37 27.195 0
      vertex 40.5 24.5 0
    endloop
  endfacet
  facet normal 0 0 -1
    outer loop
      vertex 17.4856 34.2941 0
      vertex 37 27.195 0
      vertex 17.5 34 0
    endloop
  endfacet
  facet normal 0 0 -1
    outer loop
      vertex 15.9142 31.3542 0
      vertex 37 27.195 0
      vertex 40.5 14.5 0
    endloop
  endfacet
  facet normal -0 0 -1
    outer loop
      vertex 43.0144 6.20595 0
      vertex 7.6 6 0
      vertex 40.5 14.5 0
    endloop
  endfacet
  facet normal 0 0 -1
    outer loop
      vertex 7.5311 5.53554 0
      vertex 43.1292 5.62915 0
      vertex 43.2284 5.35195 0
    endloop
  endfacet
  facet normal 0 0 -1
    outer loop
      vertex 7.47821 5.38771 0
      vertex 43.2284 5.35195 0
      vertex 43.3542 5.08581 0
    endloop
  endfacet
  facet normal 0 0 -1
    outer loop
      vertex 7.33035 5.11109 0
      vertex 43.3542 5.08581 0
      vertex 43.5056 4.83329 0
    endloop
  endfacet
  facet normal 0 0 -1
    outer loop
      vertex 7.23682 4.98497 0
      vertex 43.5056 4.83329 0
      vertex 43.681 4.59682 0
    endloop
  endfacet
  facet normal 0 0 -1
    outer loop
      vertex 37 27.195 0
      vertex 17.4856 33.7059 0
      vertex 17.5 34 0
    endloop
  endfacet
  facet normal 0 0 -1
    outer loop
      vertex 37 27.195 0
      vertex 17.4424 33.4147 0
      vertex 17.4856 33.7059 0
    endloop
  endfacet
  facet normal 0 0 -1
    outer loop
      vertex 7.13137 4.86863 0
      vertex 43.681 4.59682 0
      vertex 43.8787 4.37868 0
    endloop
  endfacet
  facet normal 0 0 -1
    outer loop
      vertex 37 27.195 0
      vertex 17.3708 33.1291 0
      vertex 17.4424 33.4147 0
    endloop
  endfacet
  facet normal 0 0 -1
    outer loop
      vertex 37 27.195 0
      vertex 17.2716 32.852 0
      vertex 17.3708 33.1291 0
    endloop
  endfacet
  facet normal 0 0 -1
    outer loop
      vertex 37 27.195 0
      vertex 17.1458 32.5858 0
      vertex 17.2716 32.852 0
    endloop
  endfacet
  facet normal 0 0 -1
    outer loop
      vertex 37 27.195 0
      vertex 16.9944 32.3333 0
      vertex 17.1458 32.5858 0
    endloop
  endfacet
  facet normal 0 0 -1
    outer loop
      vertex 37 27.195 0
      vertex 16.819 32.0968 0
      vertex 16.9944 32.3333 0
    endloop
  endfacet
  facet normal 0 0 -1
    outer loop
      vertex 37 27.195 0
      vertex 16.6213 31.8787 0
      vertex 16.819 32.0968 0
    endloop
  endfacet
  facet normal 0 0 -1
    outer loop
      vertex 37 27.195 0
      vertex 16.4032 31.681 0
      vertex 16.6213 31.8787 0
    endloop
  endfacet
  facet normal 0 0 -1
    outer loop
      vertex 37 27.195 0
      vertex 16.1667 31.5056 0
      vertex 16.4032 31.681 0
    endloop
  endfacet
  facet normal 0 0 -1
    outer loop
      vertex 37 27.195 0
      vertex 15.9142 31.3542 0
      vertex 16.1667 31.5056 0
    endloop
  endfacet
  facet normal 0 0 -1
    outer loop
      vertex 7.59229 6.15683 0
      vertex 40.5 14.5 0
      vertex 7.6 6 0
    endloop
  endfacet
  facet normal 0 0 -1
    outer loop
      vertex 40.5 14.5 0
      vertex 15.648 31.2284 0
      vertex 15.9142 31.3542 0
    endloop
  endfacet
  facet normal 0 0 -1
    outer loop
      vertex 7.56926 6.31214 0
      vertex 40.5 14.5 0
      vertex 7.59229 6.15683 0
    endloop
  endfacet
  facet normal 0 0 -1
    outer loop
      vertex 7.5311 6.46445 0
      vertex 40.5 14.5 0
      vertex 7.56926 6.31214 0
    endloop
  endfacet
  facet normal 0 0 -1
    outer loop
      vertex 7.47821 6.61229 0
      vertex 40.5 14.5 0
      vertex 7.5311 6.46445 0
    endloop
  endfacet
  facet normal 0 0 -1
    outer loop
      vertex 7.01503 4.76318 0
      vertex 43.8787 4.37868 0
      vertex 44.0968 4.18097 0
    endloop
  endfacet
  facet normal 0 0 -1
    outer loop
      vertex 7.41107 6.75423 0
      vertex 40.5 14.5 0
      vertex 7.47821 6.61229 0
    endloop
  endfacet
  facet normal -0 0 -1
    outer loop
      vertex 40.5 14.5 0
      vertex 7.41107 6.75423 0
      vertex 15.648 31.2284 0
    endloop
  endfacet
  facet normal 0 0 -1
    outer loop
      vertex 7.33035 6.88891 0
      vertex 15.648 31.2284 0
      vertex 7.41107 6.75423 0
    endloop
  endfacet
  facet normal 0 0 -1
    outer loop
      vertex 15.648 31.2284 0
      vertex 7.33035 6.88891 0
      vertex 15.3709 31.1292 0
    endloop
  endfacet
  facet normal 0 0 -1
    outer loop
      vertex 7.23682 7.01503 0
      vertex 15.3709 31.1292 0
      vertex 7.33035 6.88891 0
    endloop
  endfacet
  facet normal 0 0 -1
    outer loop
      vertex 15.3709 31.1292 0
      vertex 7.23682 7.01503 0
      vertex 15.0853 31.0576 0
    endloop
  endfacet
  facet normal 0 0 -1
    outer loop
      vertex 7.13137 7.13137 0
      vertex 15.0853 31.0576 0
      vertex 7.23682 7.01503 0
    endloop
  endfacet
  facet normal 0 0 -1
    outer loop
      vertex 6.46445 7.5311 0
      vertex 13.6291 31.1292 0
      vertex 6.61229 7.47821 0
    endloop
  endfacet
  facet normal -0 0 -1
    outer loop
      vertex 13.9147 31.0576 0
      vertex 6.61229 7.47821 0
      vertex 13.6291 31.1292 0
    endloop
  endfacet
  facet normal 0 0 -1
    outer loop
      vertex 6.61229 7.47821 0
      vertex 13.9147 31.0576 0
      vertex 6.75423 7.41107 0
    endloop
  endfacet
  facet normal -0 0 -1
    outer loop
      vertex 14.2059 31.0144 0
      vertex 6.75423 7.41107 0
      vertex 13.9147 31.0576 0
    endloop
  endfacet
  facet normal 0 0 -1
    outer loop
      vertex 6.75423 7.41107 0
      vertex 14.2059 31.0144 0
      vertex 6.88891 7.33035 0
    endloop
  endfacet
  facet normal -0 0 -1
    outer loop
      vertex 14.5 31 0
      vertex 6.88891 7.33035 0
      vertex 14.2059 31.0144 0
    endloop
  endfacet
  facet normal 0 0 -1
    outer loop
      vertex 6.88891 7.33035 0
      vertex 14.5 31 0
      vertex 7.01503 7.23682 0
    endloop
  endfacet
  facet normal 0 0 -1
    outer loop
      vertex 14.7941 31.0144 0
      vertex 7.01503 7.23682 0
      vertex 14.5 31 0
    endloop
  endfacet
  facet normal 0 0 -1
    outer loop
      vertex 7.01503 7.23682 0
      vertex 14.7941 31.0144 0
      vertex 7.13137 7.13137 0
    endloop
  endfacet
  facet normal 0 0 -1
    outer loop
      vertex 15.0853 31.0576 0
      vertex 7.13137 7.13137 0
      vertex 14.7941 31.0144 0
    endloop
  endfacet
  facet normal 0 0 -1
    outer loop
      vertex 6.88891 4.66965 0
      vertex 44.0968 4.18097 0
      vertex 44.3333 4.00559 0
    endloop
  endfacet
  facet normal 0 0 -1
    outer loop
      vertex 6.75423 4.58893 0
      vertex 44.3333 4.00559 0
      vertex 44.5858 3.85424 0
    endloop
  endfacet
  facet normal 0 0 -1
    outer loop
      vertex 0 0 0
      vertex 44.5858 3.85424 0
      vertex 44.852 3.72836 0
    endloop
  endfacet
  facet normal 0 0 -1
    outer loop
      vertex 0 0 0
      vertex 44.852 3.72836 0
      vertex 45.1291 3.62918 0
    endloop
  endfacet
  facet normal 0 0 -1
    outer loop
      vertex 0 0 0
      vertex 45.1291 3.62918 0
      vertex 45.4147 3.55764 0
    endloop
  endfacet
  facet normal 0 0 -1
    outer loop
      vertex 0 0 0
      vertex 45.4147 3.55764 0
      vertex 45.7059 3.51445 0
    endloop
  endfacet
  facet normal -0 0 -1
    outer loop
      vertex 46 3.5 0
      vertex 0 0 0
      vertex 45.7059 3.51445 0
    endloop
  endfacet
  facet normal 0 0 -1
    outer loop
      vertex 43.0144 6.20595 0
      vertex 7.59229 5.84317 0
      vertex 7.6 6 0
    endloop
  endfacet
  facet normal 0 0 -1
    outer loop
      vertex 43.0576 5.91473 0
      vertex 7.56926 5.68785 0
      vertex 7.59229 5.84317 0
    endloop
  endfacet
  facet normal -0 0 -1
    outer loop
      vertex 43.1292 5.62915 0
      vertex 7.5311 5.53554 0
      vertex 7.56926 5.68785 0
    endloop
  endfacet
  facet normal 0 0 -1
    outer loop
      vertex 43.2284 5.35195 0
      vertex 7.47821 5.38771 0
      vertex 7.5311 5.53554 0
    endloop
  endfacet
  facet normal 0 0 -1
    outer loop
      vertex 43.3542 5.08581 0
      vertex 7.41107 5.24576 0
      vertex 7.47821 5.38771 0
    endloop
  endfacet
  facet normal 0 0 -1
    outer loop
      vertex 43.3542 5.08581 0
      vertex 7.33035 5.11109 0
      vertex 7.41107 5.24576 0
    endloop
  endfacet
  facet normal 0 0 -1
    outer loop
      vertex 43.5056 4.83329 0
      vertex 7.23682 4.98497 0
      vertex 7.33035 5.11109 0
    endloop
  endfacet
  facet normal 0 0 -1
    outer loop
      vertex 43.681 4.59682 0
      vertex 7.13137 4.86863 0
      vertex 7.23682 4.98497 0
    endloop
  endfacet
  facet normal 0 0 -1
    outer loop
      vertex 43.8787 4.37868 0
      vertex 7.01503 4.76318 0
      vertex 7.13137 4.86863 0
    endloop
  endfacet
  facet normal 0 0 -1
    outer loop
      vertex 44.0968 4.18097 0
      vertex 6.88891 4.66965 0
      vertex 7.01503 4.76318 0
    endloop
  endfacet
  facet normal 0 0 -1
    outer loop
      vertex 44.3333 4.00559 0
      vertex 6.75423 4.58893 0
      vertex 6.88891 4.66965 0
    endloop
  endfacet
  facet normal -0 0 -1
    outer loop
      vertex 44.5858 3.85424 0
      vertex 0 0 0
      vertex 6.75423 4.58893 0
    endloop
  endfacet
  facet normal 0 0 -1
    outer loop
      vertex 6.75423 4.58893 0
      vertex 0 0 0
      vertex 6.61229 4.52179 0
    endloop
  endfacet
  facet normal 0 0 -1
    outer loop
      vertex 6.61229 4.52179 0
      vertex 0 0 0
      vertex 6.46445 4.46889 0
    endloop
  endfacet
  facet normal 0 0 -1
    outer loop
      vertex 6.46445 4.46889 0
      vertex 0 0 0
      vertex 6.31214 4.43074 0
    endloop
  endfacet
  facet normal 0 0 -1
    outer loop
      vertex 6.31214 4.43074 0
      vertex 0 0 0
      vertex 6.15683 4.4077 0
    endloop
  endfacet
  facet normal 0 0 -1
    outer loop
      vertex 6.15683 4.4077 0
      vertex 0 0 0
      vertex 6 4.4 0
    endloop
  endfacet
  facet normal 0 0 -1
    outer loop
      vertex 4.43074 65.6879 0
      vertex 0 72 0
      vertex 4.4077 65.8432 0
    endloop
  endfacet
  facet normal -0 0 -1
    outer loop
      vertex 4.4077 5.84317 0
      vertex 0 0 0
      vertex 4.4 6 0
    endloop
  endfacet
  facet normal -0 0 -1
    outer loop
      vertex 4.43074 5.68785 0
      vertex 0 0 0
      vertex 4.4077 5.84317 0
    endloop
  endfacet
  facet normal -0 0 -1
    outer loop
      vertex 4.46889 5.53554 0
      vertex 0 0 0
      vertex 4.43074 5.68785 0
    endloop
  endfacet
  facet normal -0 0 -1
    outer loop
      vertex 4.52179 5.38771 0
      vertex 0 0 0
      vertex 4.46889 5.53554 0
    endloop
  endfacet
  facet normal -0 0 -1
    outer loop
      vertex 4.58893 5.24576 0
      vertex 0 0 0
      vertex 4.52179 5.38771 0
    endloop
  endfacet
  facet normal -0 0 -1
    outer loop
      vertex 4.66965 5.11109 0
      vertex 0 0 0
      vertex 4.58893 5.24576 0
    endloop
  endfacet
  facet normal -0 0 -1
    outer loop
      vertex 4.76318 4.98497 0
      vertex 0 0 0
      vertex 4.66965 5.11109 0
    endloop
  endfacet
  facet normal -0 0 -1
    outer loop
      vertex 4.86863 4.86863 0
      vertex 0 0 0
      vertex 4.76318 4.98497 0
    endloop
  endfacet
  facet normal -0 0 -1
    outer loop
      vertex 4.98497 4.76318 0
      vertex 0 0 0
      vertex 4.86863 4.86863 0
    endloop
  endfacet
  facet normal -0 0 -1
    outer loop
      vertex 5.11109 4.66965 0
      vertex 0 0 0
      vertex 4.98497 4.76318 0
    endloop
  endfacet
  facet normal -0 0 -1
    outer loop
      vertex 5.24576 4.58893 0
      vertex 0 0 0
      vertex 5.11109 4.66965 0
    endloop
  endfacet
  facet normal -0 0 -1
    outer loop
      vertex 5.38771 4.52179 0
      vertex 0 0 0
      vertex 5.24576 4.58893 0
    endloop
  endfacet
  facet normal -0 0 -1
    outer loop
      vertex 5.53554 4.46889 0
      vertex 0 0 0
      vertex 5.38771 4.52179 0
    endloop
  endfacet
  facet normal -0 0 -1
    outer loop
      vertex 5.68785 4.43074 0
      vertex 0 0 0
      vertex 5.53554 4.46889 0
    endloop
  endfacet
  facet normal -0 0 -1
    outer loop
      vertex 5.84317 4.4077 0
      vertex 0 0 0
      vertex 5.68785 4.43074 0
    endloop
  endfacet
  facet normal -0 0 -1
    outer loop
      vertex 6 4.4 0
      vertex 0 0 0
      vertex 5.84317 4.4077 0
    endloop
  endfacet
  facet normal 0 0 -1
    outer loop
      vertex 85.5693 6.31214 0
      vertex 90 0 0
      vertex 85.5923 6.15683 0
    endloop
  endfacet
  facet normal 0 0 -1
    outer loop
      vertex 85.5923 66.1568 0
      vertex 90 72 0
      vertex 85.6 66 0
    endloop
  endfacet
  facet normal 0 0 -1
    outer loop
      vertex 85.5693 66.3121 0
      vertex 90 72 0
      vertex 85.5923 66.1568 0
    endloop
  endfacet
  facet normal 0 0 -1
    outer loop
      vertex 85.5311 66.4645 0
      vertex 90 72 0
      vertex 85.5693 66.3121 0
    endloop
  endfacet
  facet normal 0 0 -1
    outer loop
      vertex 85.4782 66.6123 0
      vertex 90 72 0
      vertex 85.5311 66.4645 0
    endloop
  endfacet
  facet normal 0 0 -1
    outer loop
      vertex 85.4111 66.7542 0
      vertex 90 72 0
      vertex 85.4782 66.6123 0
    endloop
  endfacet
  facet normal 0 0 -1
    outer loop
      vertex 85.3304 66.8889 0
      vertex 90 72 0
      vertex 85.4111 66.7542 0
    endloop
  endfacet
  facet normal 0 0 -1
    outer loop
      vertex 85.2368 67.015 0
      vertex 90 72 0
      vertex 85.3304 66.8889 0
    endloop
  endfacet
  facet normal 0 0 -1
    outer loop
      vertex 85.1314 67.1314 0
      vertex 90 72 0
      vertex 85.2368 67.015 0
    endloop
  endfacet
  facet normal 0 0 -1
    outer loop
      vertex 85.015 67.2368 0
      vertex 90 72 0
      vertex 85.1314 67.1314 0
    endloop
  endfacet
  facet normal 0 0 -1
    outer loop
      vertex 84.8889 67.3304 0
      vertex 90 72 0
      vertex 85.015 67.2368 0
    endloop
  endfacet
  facet normal 0 0 -1
    outer loop
      vertex 84.7542 67.4111 0
      vertex 90 72 0
      vertex 84.8889 67.3304 0
    endloop
  endfacet
  facet normal 0 0 -1
    outer loop
      vertex 84.6123 67.4782 0
      vertex 90 72 0
      vertex 84.7542 67.4111 0
    endloop
  endfacet
  facet normal 0 0 -1
    outer loop
      vertex 84.4645 67.5311 0
      vertex 90 72 0
      vertex 84.6123 67.4782 0
    endloop
  endfacet
  facet normal 0 0 -1
    outer loop
      vertex 84.3121 67.5693 0
      vertex 90 72 0
      vertex 84.4645 67.5311 0
    endloop
  endfacet
  facet normal 0 0 -1
    outer loop
      vertex 84.1568 67.5923 0
      vertex 90 72 0
      vertex 84.3121 67.5693 0
    endloop
  endfacet
  facet normal 0 0 -1
    outer loop
      vertex 84 67.6 0
      vertex 90 72 0
      vertex 84.1568 67.5923 0
    endloop
  endfacet
  facet normal 0 0 -1
    outer loop
      vertex 83.8432 67.5923 0
      vertex 90 72 0
      vertex 84 67.6 0
    endloop
  endfacet
  facet normal 0 0 -1
    outer loop
      vertex 83.6879 67.5693 0
      vertex 90 72 0
      vertex 83.8432 67.5923 0
    endloop
  endfacet
  facet normal 0 0 -1
    outer loop
      vertex 83.5355 67.5311 0
      vertex 90 72 0
      vertex 83.6879 67.5693 0
    endloop
  endfacet
  facet normal 0 0 -1
    outer loop
      vertex 83.3877 67.4782 0
      vertex 90 72 0
      vertex 83.5355 67.5311 0
    endloop
  endfacet
  facet normal 0 0 -1
    outer loop
      vertex 83.2458 67.4111 0
      vertex 90 72 0
      vertex 83.3877 67.4782 0
    endloop
  endfacet
  facet normal 0 0 -1
    outer loop
      vertex 83.1111 67.3304 0
      vertex 90 72 0
      vertex 83.2458 67.4111 0
    endloop
  endfacet
  facet normal 0 0 -1
    outer loop
      vertex 69.148 37.2716 0
      vertex 83.2458 64.5889 0
      vertex 69.4142 37.1458 0
    endloop
  endfacet
  facet normal -0 0 -1
    outer loop
      vertex 83.2458 64.5889 0
      vertex 69.148 37.2716 0
      vertex 83.1111 64.6696 0
    endloop
  endfacet
  facet normal 0 0 -1
    outer loop
      vertex 68.8708 37.3708 0
      vertex 83.1111 64.6696 0
      vertex 69.148 37.2716 0
    endloop
  endfacet
  facet normal -0 0 -1
    outer loop
      vertex 83.1111 64.6696 0
      vertex 68.8708 37.3708 0
      vertex 82.985 64.7632 0
    endloop
  endfacet
  facet normal 0 0 -1
    outer loop
      vertex 68.5853 37.4424 0
      vertex 82.985 64.7632 0
      vertex 68.8708 37.3708 0
    endloop
  endfacet
  facet normal -0 0 -1
    outer loop
      vertex 82.985 64.7632 0
      vertex 68.5853 37.4424 0
      vertex 82.8686 64.8686 0
    endloop
  endfacet
  facet normal 0 0 -1
    outer loop
      vertex 59 44.195 0
      vertex 82.8686 64.8686 0
      vertex 68.5853 37.4424 0
    endloop
  endfacet
  facet normal -0 0 -1
    outer loop
      vertex 82.8686 64.8686 0
      vertex 59 44.195 0
      vertex 82.7632 64.985 0
    endloop
  endfacet
  facet normal -0 0 -1
    outer loop
      vertex 82.7632 64.985 0
      vertex 59 44.195 0
      vertex 82.6696 65.1111 0
    endloop
  endfacet
  facet normal -0 0 -1
    outer loop
      vertex 82.6696 65.1111 0
      vertex 59 44.195 0
      vertex 82.5889 65.2458 0
    endloop
  endfacet
  facet normal -0 0 -1
    outer loop
      vertex 82.5889 65.2458 0
      vertex 59 44.195 0
      vertex 82.5218 65.3877 0
    endloop
  endfacet
  facet normal -0 0 -1
    outer loop
      vertex 82.5218 65.3877 0
      vertex 59 44.195 0
      vertex 82.4689 65.5355 0
    endloop
  endfacet
  facet normal -0 0 -1
    outer loop
      vertex 82.4689 65.5355 0
      vertex 59 44.195 0
      vertex 82.4307 65.6879 0
    endloop
  endfacet
  facet normal -0 0 -1
    outer loop
      vertex 82.4307 65.6879 0
      vertex 59 44.195 0
      vertex 82.4077 65.8432 0
    endloop
  endfacet
  facet normal -0 0 -1
    outer loop
      vertex 82.4077 65.8432 0
      vertex 59 44.195 0
      vertex 82.4 66 0
    endloop
  endfacet
  facet normal -0 0 -1
    outer loop
      vertex 82.4 66 0
      vertex 59 44.195 0
      vertex 82.4077 66.1568 0
    endloop
  endfacet
  facet normal -0 0 -1
    outer loop
      vertex 82.4077 66.1568 0
      vertex 59 44.195 0
      vertex 82.4307 66.3121 0
    endloop
  endfacet
  facet normal -0 0 -1
    outer loop
      vertex 82.4307 66.3121 0
      vertex 59 44.195 0
      vertex 82.4689 66.4645 0
    endloop
  endfacet
  facet normal -0 0 -1
    outer loop
      vertex 82.4689 66.4645 0
      vertex 59 44.195 0
      vertex 82.5218 66.6123 0
    endloop
  endfacet
  facet normal 0 0 -1
    outer loop
      vertex 59 44.195 0
      vertex 68.5853 37.4424 0
      vertex 68.2941 37.4856 0
    endloop
  endfacet
  facet normal 0 0 -1
    outer loop
      vertex 59 44.195 0
      vertex 68.2941 37.4856 0
      vertex 68 37.5 0
    endloop
  endfacet
  facet normal 0 0 -1
    outer loop
      vertex 59 44.195 0
      vertex 68 37.5 0
      vertex 67.7059 37.4856 0
    endloop
  endfacet
  facet normal 0 0 -1
    outer loop
      vertex 59 44.195 0
      vertex 67.7059 37.4856 0
      vertex 67.4147 37.4424 0
    endloop
  endfacet
  facet normal 0 0 -1
    outer loop
      vertex 59 44.195 0
      vertex 67.4147 37.4424 0
      vertex 67.1291 37.3708 0
    endloop
  endfacet
  facet normal 0 0 -1
    outer loop
      vertex 59 44.195 0
      vertex 67.1291 37.3708 0
      vertex 66.852 37.2716 0
    endloop
  endfacet
  facet normal 0 0 -1
    outer loop
      vertex 59 44.195 0
      vertex 66.852 37.2716 0
      vertex 66.5858 37.1458 0
    endloop
  endfacet
  facet normal 0 0 -1
    outer loop
      vertex 59 44.195 0
      vertex 66.5858 37.1458 0
      vertex 66.3333 36.9944 0
    endloop
  endfacet
  facet normal 0 0 -1
    outer loop
      vertex 59 44.195 0
      vertex 66.3333 36.9944 0
      vertex 66.0968 36.819 0
    endloop
  endfacet
  facet normal 0 0 -1
    outer loop
      vertex 59 44.195 0
      vertex 66.0968 36.819 0
      vertex 65.8787 36.6213 0
    endloop
  endfacet
  facet normal 0 0 -1
    outer loop
      vertex 59 44.195 0
      vertex 65.8787 36.6213 0
      vertex 65.681 36.4032 0
    endloop
  endfacet
  facet normal 0 0 -1
    outer loop
      vertex 59 44.195 0
      vertex 65.681 36.4032 0
      vertex 65.5056 36.1667 0
    endloop
  endfacet
  facet normal 0 0 -1
    outer loop
      vertex 59 44.195 0
      vertex 65.5056 36.1667 0
      vertex 65.3542 35.9142 0
    endloop
  endfacet
  facet normal 0 0 -1
    outer loop
      vertex 59 27.195 0
      vertex 65.0144 34.7941 0
      vertex 65 34.5 0
    endloop
  endfacet
  facet normal 0 0 -1
    outer loop
      vertex 59 44.195 0
      vertex 65.0144 34.7941 0
      vertex 59 27.195 0
    endloop
  endfacet
  facet normal 0 0 -1
    outer loop
      vertex 65.0144 34.7941 0
      vertex 59 44.195 0
      vertex 65.0576 35.0853 0
    endloop
  endfacet
  facet normal 0 0 -1
    outer loop
      vertex 65.0576 35.0853 0
      vertex 59 44.195 0
      vertex 65.1292 35.3709 0
    endloop
  endfacet
  facet normal 0 0 -1
    outer loop
      vertex 65.1292 35.3709 0
      vertex 59 44.195 0
      vertex 65.2284 35.648 0
    endloop
  endfacet
  facet normal 0 0 -1
    outer loop
      vertex 65.2284 35.648 0
      vertex 59 44.195 0
      vertex 65.3542 35.9142 0
    endloop
  endfacet
  facet normal 0 0 -1
    outer loop
      vertex 37 44.195 0
      vertex 82.5218 66.6123 0
      vertex 59 44.195 0
    endloop
  endfacet
  facet normal -0 0 -1
    outer loop
      vertex 82.5218 66.6123 0
      vertex 37 44.195 0
      vertex 82.5889 66.7542 0
    endloop
  endfacet
  facet normal 0 0 -1
    outer loop
      vertex 7.41107 66.7542 0
      vertex 82.5889 66.7542 0
      vertex 37 44.195 0
    endloop
  endfacet
  facet normal 0 0 -1
    outer loop
      vertex 82.5889 66.7542 0
      vertex 7.41107 66.7542 0
      vertex 82.6696 66.8889 0
    endloop
  endfacet
  facet normal 0 0 -1
    outer loop
      vertex 7.33035 66.8889 0
      vertex 82.6696 66.8889 0
      vertex 7.41107 66.7542 0
    endloop
  endfacet
  facet normal 0 0 -1
    outer loop
      vertex 82.6696 66.8889 0
      vertex 7.33035 66.8889 0
      vertex 82.7632 67.015 0
    endloop
  endfacet
  facet normal 0 0 -1
    outer loop
      vertex 7.23682 67.015 0
      vertex 82.7632 67.015 0
      vertex 7.33035 66.8889 0
    endloop
  endfacet
  facet normal 0 0 -1
    outer loop
      vertex 82.7632 67.015 0
      vertex 7.23682 67.015 0
      vertex 82.8686 67.1314 0
    endloop
  endfacet
  facet normal 0 0 -1
    outer loop
      vertex 37 27.195 0
      vertex 17.4856 34.2941 0
      vertex 37 44.195 0
    endloop
  endfacet
  facet normal 0 0 -1
    outer loop
      vertex 17.4424 34.5853 0
      vertex 37 44.195 0
      vertex 17.4856 34.2941 0
    endloop
  endfacet
  facet normal 0 0 -1
    outer loop
      vertex 17.3708 34.8709 0
      vertex 37 44.195 0
      vertex 17.4424 34.5853 0
    endloop
  endfacet
  facet normal 0 0 -1
    outer loop
      vertex 17.2716 35.148 0
      vertex 37 44.195 0
      vertex 17.3708 34.8709 0
    endloop
  endfacet
  facet normal 0 0 -1
    outer loop
      vertex 17.1458 35.4142 0
      vertex 37 44.195 0
      vertex 17.2716 35.148 0
    endloop
  endfacet
  facet normal 0 0 -1
    outer loop
      vertex 16.9944 35.6667 0
      vertex 37 44.195 0
      vertex 17.1458 35.4142 0
    endloop
  endfacet
  facet normal 0 0 -1
    outer loop
      vertex 16.819 35.9032 0
      vertex 37 44.195 0
      vertex 16.9944 35.6667 0
    endloop
  endfacet
  facet normal 0 0 -1
    outer loop
      vertex 16.6213 36.1213 0
      vertex 37 44.195 0
      vertex 16.819 35.9032 0
    endloop
  endfacet
  facet normal 0 0 -1
    outer loop
      vertex 16.4032 36.319 0
      vertex 37 44.195 0
      vertex 16.6213 36.1213 0
    endloop
  endfacet
  facet normal 0 0 -1
    outer loop
      vertex 16.1667 36.4944 0
      vertex 37 44.195 0
      vertex 16.4032 36.319 0
    endloop
  endfacet
  facet normal 0 0 -1
    outer loop
      vertex 15.9142 36.6458 0
      vertex 37 44.195 0
      vertex 16.1667 36.4944 0
    endloop
  endfacet
  facet normal 0 0 -1
    outer loop
      vertex 15.648 36.7716 0
      vertex 37 44.195 0
      vertex 15.9142 36.6458 0
    endloop
  endfacet
  facet normal -0 0 -1
    outer loop
      vertex 37 44.195 0
      vertex 15.648 36.7716 0
      vertex 7.6 66 0
    endloop
  endfacet
  facet normal 0 0 -1
    outer loop
      vertex 7.6 66 0
      vertex 15.648 36.7716 0
      vertex 15.3709 36.8708 0
    endloop
  endfacet
  facet normal 0 0 -1
    outer loop
      vertex 7.6 66 0
      vertex 15.3709 36.8708 0
      vertex 15.0853 36.9424 0
    endloop
  endfacet
  facet normal 0 0 -1
    outer loop
      vertex 7.6 66 0
      vertex 15.0853 36.9424 0
      vertex 14.7941 36.9856 0
    endloop
  endfacet
  facet normal 0 0 -1
    outer loop
      vertex 7.6 66 0
      vertex 14.7941 36.9856 0
      vertex 14.5 37 0
    endloop
  endfacet
  facet normal 0 0 -1
    outer loop
      vertex 7.6 66 0
      vertex 14.5 37 0
      vertex 14.2059 36.9856 0
    endloop
  endfacet
  facet normal 0 0 -1
    outer loop
      vertex 7.6 66 0
      vertex 14.2059 36.9856 0
      vertex 13.9147 36.9424 0
    endloop
  endfacet
  facet normal 0 0 -1
    outer loop
      vertex 7.6 66 0
      vertex 13.9147 36.9424 0
      vertex 13.6291 36.8708 0
    endloop
  endfacet
  facet normal 0 0 -1
    outer loop
      vertex 7.6 66 0
      vertex 13.6291 36.8708 0
      vertex 13.3519 36.7716 0
    endloop
  endfacet
  facet normal -0 0 -1
    outer loop
      vertex 13.6291 31.1292 0
      vertex 6.46445 7.5311 0
      vertex 13.3519 31.2284 0
    endloop
  endfacet
  facet normal 0 0 -1
    outer loop
      vertex 11.5 34 0
      vertex 7.6 66 0
      vertex 11.5144 34.2941 0
    endloop
  endfacet
  facet normal 0 0 -1
    outer loop
      vertex 7.6 66 0
      vertex 11.5576 34.5853 0
      vertex 11.5144 34.2941 0
    endloop
  endfacet
  facet normal 0 0 -1
    outer loop
      vertex 7.6 66 0
      vertex 11.6292 34.8709 0
      vertex 11.5576 34.5853 0
    endloop
  endfacet
  facet normal 0 0 -1
    outer loop
      vertex 7.6 66 0
      vertex 11.7284 35.148 0
      vertex 11.6292 34.8709 0
    endloop
  endfacet
  facet normal 0 0 -1
    outer loop
      vertex 7.6 66 0
      vertex 11.8542 35.4142 0
      vertex 11.7284 35.148 0
    endloop
  endfacet
  facet normal 0 0 -1
    outer loop
      vertex 7.6 66 0
      vertex 12.0056 35.6667 0
      vertex 11.8542 35.4142 0
    endloop
  endfacet
  facet normal 0 0 -1
    outer loop
      vertex 7.6 66 0
      vertex 12.181 35.9032 0
      vertex 12.0056 35.6667 0
    endloop
  endfacet
  facet normal 0 0 -1
    outer loop
      vertex 7.6 66 0
      vertex 12.3787 36.1213 0
      vertex 12.181 35.9032 0
    endloop
  endfacet
  facet normal 0 0 -1
    outer loop
      vertex 7.6 66 0
      vertex 12.5968 36.319 0
      vertex 12.3787 36.1213 0
    endloop
  endfacet
  facet normal 0 0 -1
    outer loop
      vertex 7.6 66 0
      vertex 12.8333 36.4944 0
      vertex 12.5968 36.319 0
    endloop
  endfacet
  facet normal 0 0 -1
    outer loop
      vertex 7.6 66 0
      vertex 13.0858 36.6458 0
      vertex 12.8333 36.4944 0
    endloop
  endfacet
  facet normal 0 0 -1
    outer loop
      vertex 7.6 66 0
      vertex 13.3519 36.7716 0
      vertex 13.0858 36.6458 0
    endloop
  endfacet
  facet normal 0 0 -1
    outer loop
      vertex 7.59229 66.1568 0
      vertex 37 44.195 0
      vertex 7.6 66 0
    endloop
  endfacet
  facet normal 0 0 -1
    outer loop
      vertex 7.56926 66.3121 0
      vertex 37 44.195 0
      vertex 7.59229 66.1568 0
    endloop
  endfacet
  facet normal 0 0 -1
    outer loop
      vertex 7.5311 66.4645 0
      vertex 37 44.195 0
      vertex 7.56926 66.3121 0
    endloop
  endfacet
  facet normal 0 0 -1
    outer loop
      vertex 7.47821 66.6123 0
      vertex 37 44.195 0
      vertex 7.5311 66.4645 0
    endloop
  endfacet
  facet normal 0 0 -1
    outer loop
      vertex 7.41107 66.7542 0
      vertex 37 44.195 0
      vertex 7.47821 66.6123 0
    endloop
  endfacet
  facet normal 0 0 -1
    outer loop
      vertex 7.13137 67.1314 0
      vertex 82.8686 67.1314 0
      vertex 7.23682 67.015 0
    endloop
  endfacet
  facet normal 0 0 -1
    outer loop
      vertex 82.8686 67.1314 0
      vertex 7.13137 67.1314 0
      vertex 82.985 67.2368 0
    endloop
  endfacet
  facet normal 0 0 -1
    outer loop
      vertex 7.01503 67.2368 0
      vertex 82.985 67.2368 0
      vertex 7.13137 67.1314 0
    endloop
  endfacet
  facet normal 0 0 -1
    outer loop
      vertex 82.985 67.2368 0
      vertex 7.01503 67.2368 0
      vertex 83.1111 67.3304 0
    endloop
  endfacet
  facet normal 0 0 -1
    outer loop
      vertex 6.88891 67.3304 0
      vertex 83.1111 67.3304 0
      vertex 7.01503 67.2368 0
    endloop
  endfacet
  facet normal 0 0 -1
    outer loop
      vertex 83.1111 67.3304 0
      vertex 6.88891 67.3304 0
      vertex 90 72 0
    endloop
  endfacet
  facet normal 0 0 -1
    outer loop
      vertex 6.75423 67.4111 0
      vertex 90 72 0
      vertex 6.88891 67.3304 0
    endloop
  endfacet
  facet normal 0 0 -1
    outer loop
      vertex 0 72 0
      vertex 6.75423 67.4111 0
      vertex 6.61229 67.4782 0
    endloop
  endfacet
  facet normal 0 0 -1
    outer loop
      vertex 0 72 0
      vertex 6.61229 67.4782 0
      vertex 6.46445 67.5311 0
    endloop
  endfacet
  facet normal 0 0 -1
    outer loop
      vertex 0 72 0
      vertex 6.46445 67.5311 0
      vertex 6.31214 67.5693 0
    endloop
  endfacet
  facet normal 0 0 -1
    outer loop
      vertex 0 72 0
      vertex 6.31214 67.5693 0
      vertex 6.15683 67.5923 0
    endloop
  endfacet
  facet normal 0 0 -1
    outer loop
      vertex 0 72 0
      vertex 6.15683 67.5923 0
      vertex 6 67.6 0
    endloop
  endfacet
  facet normal 0 0 -1
    outer loop
      vertex 0 72 0
      vertex 6 67.6 0
      vertex 5.84317 67.5923 0
    endloop
  endfacet
  facet normal 0 0 -1
    outer loop
      vertex 4.4077 65.8432 0
      vertex 0 72 0
      vertex 4.4 66 0
    endloop
  endfacet
  facet normal 0 0 -1
    outer loop
      vertex 6.75423 67.4111 0
      vertex 0 72 0
      vertex 90 72 0
    endloop
  endfacet
  facet normal 0 0 -1
    outer loop
      vertex 5.68785 67.5693 0
      vertex 0 72 0
      vertex 5.84317 67.5923 0
    endloop
  endfacet
  facet normal 0 0 -1
    outer loop
      vertex 5.53554 67.5311 0
      vertex 0 72 0
      vertex 5.68785 67.5693 0
    endloop
  endfacet
  facet normal 0 0 -1
    outer loop
      vertex 5.38771 67.4782 0
      vertex 0 72 0
      vertex 5.53554 67.5311 0
    endloop
  endfacet
  facet normal 0 0 -1
    outer loop
      vertex 5.24576 67.4111 0
      vertex 0 72 0
      vertex 5.38771 67.4782 0
    endloop
  endfacet
  facet normal 0 0 -1
    outer loop
      vertex 5.11109 67.3304 0
      vertex 0 72 0
      vertex 5.24576 67.4111 0
    endloop
  endfacet
  facet normal 0 0 -1
    outer loop
      vertex 4.98497 67.2368 0
      vertex 0 72 0
      vertex 5.11109 67.3304 0
    endloop
  endfacet
  facet normal 0 0 -1
    outer loop
      vertex 4.86863 67.1314 0
      vertex 0 72 0
      vertex 4.98497 67.2368 0
    endloop
  endfacet
  facet normal 0 0 -1
    outer loop
      vertex 4.76318 67.015 0
      vertex 0 72 0
      vertex 4.86863 67.1314 0
    endloop
  endfacet
  facet normal 0 0 -1
    outer loop
      vertex 4.66965 66.8889 0
      vertex 0 72 0
      vertex 4.76318 67.015 0
    endloop
  endfacet
  facet normal 0 0 -1
    outer loop
      vertex 4.58893 66.7542 0
      vertex 0 72 0
      vertex 4.66965 66.8889 0
    endloop
  endfacet
  facet normal 0 0 -1
    outer loop
      vertex 4.52179 66.6123 0
      vertex 0 72 0
      vertex 4.58893 66.7542 0
    endloop
  endfacet
  facet normal 0 0 -1
    outer loop
      vertex 4.46889 66.4645 0
      vertex 0 72 0
      vertex 4.52179 66.6123 0
    endloop
  endfacet
  facet normal 0 0 -1
    outer loop
      vertex 4.43074 66.3121 0
      vertex 0 72 0
      vertex 4.46889 66.4645 0
    endloop
  endfacet
  facet normal 0 0 -1
    outer loop
      vertex 4.4077 66.1568 0
      vertex 0 72 0
      vertex 4.43074 66.3121 0
    endloop
  endfacet
  facet normal 0 0 -1
    outer loop
      vertex 4.4 66 0
      vertex 0 72 0
      vertex 4.4077 66.1568 0
    endloop
  endfacet
  facet normal 0 0 -1
    outer loop
      vertex 54.5 24.5 0
      vertex 59 27.195 0
      vertex 54.5 14.5 0
    endloop
  endfacet
  facet normal 0 0 -1
    outer loop
      vertex 37 27.195 0
      vertex 54.5 24.5 0
      vertex 40.5 24.5 0
    endloop
  endfacet
  facet normal 0 0 -1
    outer loop
      vertex 54.5 24.5 0
      vertex 37 27.195 0
      vertex 59 27.195 0
    endloop
  endfacet
  facet normal 0 0 -1
    outer loop
      vertex 48.9856 6.79405 0
      vertex 54.5 14.5 0
      vertex 49 6.5 0
    endloop
  endfacet
  facet normal 0 0 -1
    outer loop
      vertex 48.9424 7.08527 0
      vertex 54.5 14.5 0
      vertex 48.9856 6.79405 0
    endloop
  endfacet
  facet normal 0 0 -1
    outer loop
      vertex 48.8708 7.37085 0
      vertex 54.5 14.5 0
      vertex 48.9424 7.08527 0
    endloop
  endfacet
  facet normal 0 0 -1
    outer loop
      vertex 48.7716 7.64805 0
      vertex 54.5 14.5 0
      vertex 48.8708 7.37085 0
    endloop
  endfacet
  facet normal 0 0 -1
    outer loop
      vertex 48.6458 7.91419 0
      vertex 54.5 14.5 0
      vertex 48.7716 7.64805 0
    endloop
  endfacet
  facet normal 0 0 -1
    outer loop
      vertex 48.4944 8.16671 0
      vertex 54.5 14.5 0
      vertex 48.6458 7.91419 0
    endloop
  endfacet
  facet normal 0 0 -1
    outer loop
      vertex 48.319 8.40318 0
      vertex 54.5 14.5 0
      vertex 48.4944 8.16671 0
    endloop
  endfacet
  facet normal 0 0 -1
    outer loop
      vertex 48.1213 8.62132 0
      vertex 54.5 14.5 0
      vertex 48.319 8.40318 0
    endloop
  endfacet
  facet normal 0 0 -1
    outer loop
      vertex 47.9032 8.81903 0
      vertex 54.5 14.5 0
      vertex 48.1213 8.62132 0
    endloop
  endfacet
  facet normal 0 0 -1
    outer loop
      vertex 47.6667 8.99441 0
      vertex 54.5 14.5 0
      vertex 47.9032 8.81903 0
    endloop
  endfacet
  facet normal 0 0 -1
    outer loop
      vertex 47.4142 9.14576 0
      vertex 54.5 14.5 0
      vertex 47.6667 8.99441 0
    endloop
  endfacet
  facet normal 0 0 -1
    outer loop
      vertex 47.148 9.27164 0
      vertex 54.5 14.5 0
      vertex 47.4142 9.14576 0
    endloop
  endfacet
  facet normal 0 0 -1
    outer loop
      vertex 46.8709 9.37082 0
      vertex 54.5 14.5 0
      vertex 47.148 9.27164 0
    endloop
  endfacet
  facet normal 0 0 -1
    outer loop
      vertex 46.5853 9.44236 0
      vertex 54.5 14.5 0
      vertex 46.8709 9.37082 0
    endloop
  endfacet
  facet normal 0 0 -1
    outer loop
      vertex 46.2941 9.48555 0
      vertex 54.5 14.5 0
      vertex 46.5853 9.44236 0
    endloop
  endfacet
  facet normal 0 0 -1
    outer loop
      vertex 40.5 14.5 0
      vertex 46.2941 9.48555 0
      vertex 46 9.5 0
    endloop
  endfacet
  facet normal 0 0 -1
    outer loop
      vertex 40.5 14.5 0
      vertex 46 9.5 0
      vertex 45.7059 9.48555 0
    endloop
  endfacet
  facet normal 0 0 -1
    outer loop
      vertex 40.5 14.5 0
      vertex 45.7059 9.48555 0
      vertex 45.4147 9.44236 0
    endloop
  endfacet
  facet normal 0 0 -1
    outer loop
      vertex 40.5 14.5 0
      vertex 45.4147 9.44236 0
      vertex 45.1291 9.37082 0
    endloop
  endfacet
  facet normal 0 0 -1
    outer loop
      vertex 40.5 14.5 0
      vertex 45.1291 9.37082 0
      vertex 44.852 9.27164 0
    endloop
  endfacet
  facet normal 0 0 -1
    outer loop
      vertex 40.5 14.5 0
      vertex 44.852 9.27164 0
      vertex 44.5858 9.14576 0
    endloop
  endfacet
  facet normal 0 0 -1
    outer loop
      vertex 46.2941 9.48555 0
      vertex 40.5 14.5 0
      vertex 54.5 14.5 0
    endloop
  endfacet
  facet normal 0 0 -1
    outer loop
      vertex 44.3333 8.99441 0
      vertex 40.5 14.5 0
      vertex 44.5858 9.14576 0
    endloop
  endfacet
  facet normal 0 0 -1
    outer loop
      vertex 44.0968 8.81903 0
      vertex 40.5 14.5 0
      vertex 44.3333 8.99441 0
    endloop
  endfacet
  facet normal 0 0 -1
    outer loop
      vertex 43.8787 8.62132 0
      vertex 40.5 14.5 0
      vertex 44.0968 8.81903 0
    endloop
  endfacet
  facet normal 0 0 -1
    outer loop
      vertex 43.681 8.40318 0
      vertex 40.5 14.5 0
      vertex 43.8787 8.62132 0
    endloop
  endfacet
  facet normal 0 0 -1
    outer loop
      vertex 43.5056 8.16671 0
      vertex 40.5 14.5 0
      vertex 43.681 8.40318 0
    endloop
  endfacet
  facet normal 0 0 -1
    outer loop
      vertex 43.3542 7.91419 0
      vertex 40.5 14.5 0
      vertex 43.5056 8.16671 0
    endloop
  endfacet
  facet normal 0 0 -1
    outer loop
      vertex 43.2284 7.64805 0
      vertex 40.5 14.5 0
      vertex 43.3542 7.91419 0
    endloop
  endfacet
  facet normal 0 0 -1
    outer loop
      vertex 43.1292 7.37085 0
      vertex 40.5 14.5 0
      vertex 43.2284 7.64805 0
    endloop
  endfacet
  facet normal 0 0 -1
    outer loop
      vertex 43.0576 7.08527 0
      vertex 40.5 14.5 0
      vertex 43.1292 7.37085 0
    endloop
  endfacet
  facet normal 0 0 -1
    outer loop
      vertex 43.0144 6.79405 0
      vertex 40.5 14.5 0
      vertex 43.0576 7.08527 0
    endloop
  endfacet
  facet normal 0 0 -1
    outer loop
      vertex 40.5 14.5 0
      vertex 43.0144 6.79405 0
      vertex 43 6.5 0
    endloop
  endfacet
  facet normal -1 0 0
    outer loop
      vertex 0 0 0
      vertex 0 72 4
      vertex 0 72 0
    endloop
  endfacet
  facet normal -1 -0 0
    outer loop
      vertex 0 72 4
      vertex 0 0 0
      vertex 0 0 4
    endloop
  endfacet
  facet normal 0 1 -0
    outer loop
      vertex 90 72 0
      vertex 0 72 4
      vertex 90 72 4
    endloop
  endfacet
  facet normal 0 1 0
    outer loop
      vertex 0 72 4
      vertex 90 72 0
      vertex 0 72 0
    endloop
  endfacet
  facet normal 0 -1 0
    outer loop
      vertex 0 0 0
      vertex 90 0 4
      vertex 0 0 4
    endloop
  endfacet
  facet normal 0 -1 -0
    outer loop
      vertex 90 0 4
      vertex 0 0 0
      vertex 90 0 0
    endloop
  endfacet
  facet normal -1 0 0
    outer loop
      vertex 88 2 2
      vertex 88 70 4
      vertex 88 70 2
    endloop
  endfacet
  facet normal -1 -0 0
    outer loop
      vertex 88 70 4
      vertex 88 2 2
      vertex 88 2 4
    endloop
  endfacet
  facet normal 0 0 1
    outer loop
      vertex 13.6291 36.8708 2
      vertex 6.68282 62.5673 2
      vertex 13.3519 36.7716 2
    endloop
  endfacet
  facet normal 0 0 1
    outer loop
      vertex 11.5 34 2
      vertex 9.48315 6.34306 2
      vertex 9.5 6 2
    endloop
  endfacet
  facet normal -0 0 1
    outer loop
      vertex 6.34306 62.5169 2
      vertex 13.3519 36.7716 2
      vertex 6.68282 62.5673 2
    endloop
  endfacet
  facet normal 0 0 1
    outer loop
      vertex 11.5 34 2
      vertex 9.43275 6.68282 2
      vertex 9.48315 6.34306 2
    endloop
  endfacet
  facet normal 0 0 1
    outer loop
      vertex 13.3519 36.7716 2
      vertex 6.34306 62.5169 2
      vertex 13.0858 36.6458 2
    endloop
  endfacet
  facet normal 0 0 1
    outer loop
      vertex 11.5 34 2
      vertex 9.34929 7.016 2
      vertex 9.43275 6.68282 2
    endloop
  endfacet
  facet normal -0 0 1
    outer loop
      vertex 6 62.5 2
      vertex 13.0858 36.6458 2
      vertex 6.34306 62.5169 2
    endloop
  endfacet
  facet normal 0 0 1
    outer loop
      vertex 11.5 34 2
      vertex 9.23358 7.33939 2
      vertex 9.34929 7.016 2
    endloop
  endfacet
  facet normal 0 0 1
    outer loop
      vertex 13.0858 36.6458 2
      vertex 6 62.5 2
      vertex 12.8333 36.4944 2
    endloop
  endfacet
  facet normal 0 0 1
    outer loop
      vertex 11.5 34 2
      vertex 9.08672 7.64989 2
      vertex 9.23358 7.33939 2
    endloop
  endfacet
  facet normal 0 0 1
    outer loop
      vertex 5.65694 62.5169 2
      vertex 12.8333 36.4944 2
      vertex 6 62.5 2
    endloop
  endfacet
  facet normal 0 0 1
    outer loop
      vertex 11.5 34 2
      vertex 8.91014 7.9445 2
      vertex 9.08672 7.64989 2
    endloop
  endfacet
  facet normal 0 0 1
    outer loop
      vertex 12.8333 36.4944 2
      vertex 5.65694 62.5169 2
      vertex 12.5968 36.319 2
    endloop
  endfacet
  facet normal 0 0 1
    outer loop
      vertex 11.5 34 2
      vertex 8.70554 8.22038 2
      vertex 8.91014 7.9445 2
    endloop
  endfacet
  facet normal 0 0 1
    outer loop
      vertex 5.31718 62.5673 2
      vertex 12.5968 36.319 2
      vertex 5.65694 62.5169 2
    endloop
  endfacet
  facet normal 0 0 1
    outer loop
      vertex 11.5 34 2
      vertex 8.47487 8.47487 2
      vertex 8.70554 8.22038 2
    endloop
  endfacet
  facet normal 0 0 1
    outer loop
      vertex 12.5968 36.319 2
      vertex 5.31718 62.5673 2
      vertex 12.3787 36.1213 2
    endloop
  endfacet
  facet normal 0 0 1
    outer loop
      vertex 11.5 34 2
      vertex 8.22038 8.70554 2
      vertex 8.47487 8.47487 2
    endloop
  endfacet
  facet normal 0 0 1
    outer loop
      vertex 4.984 62.6507 2
      vertex 12.3787 36.1213 2
      vertex 5.31718 62.5673 2
    endloop
  endfacet
  facet normal 0 0 1
    outer loop
      vertex 11.5 34 2
      vertex 7.9445 8.91014 2
      vertex 8.22038 8.70554 2
    endloop
  endfacet
  facet normal 0 0 1
    outer loop
      vertex 12.3787 36.1213 2
      vertex 4.984 62.6507 2
      vertex 12.181 35.9032 2
    endloop
  endfacet
  facet normal 0 0 1
    outer loop
      vertex 11.5 34 2
      vertex 7.64989 9.08672 2
      vertex 7.9445 8.91014 2
    endloop
  endfacet
  facet normal 0 0 1
    outer loop
      vertex 4.66061 62.7664 2
      vertex 12.181 35.9032 2
      vertex 4.984 62.6507 2
    endloop
  endfacet
  facet normal 0 0 1
    outer loop
      vertex 11.5 34 2
      vertex 7.33939 9.23358 2
      vertex 7.64989 9.08672 2
    endloop
  endfacet
  facet normal 0 0 1
    outer loop
      vertex 12.181 35.9032 2
      vertex 4.66061 62.7664 2
      vertex 12.0056 35.6667 2
    endloop
  endfacet
  facet normal 0 0 1
    outer loop
      vertex 11.5 34 2
      vertex 7.016 9.34929 2
      vertex 7.33939 9.23358 2
    endloop
  endfacet
  facet normal 0 0 1
    outer loop
      vertex 4.35011 62.9133 2
      vertex 12.0056 35.6667 2
      vertex 4.66061 62.7664 2
    endloop
  endfacet
  facet normal 0 0 1
    outer loop
      vertex 11.5 34 2
      vertex 6.68282 9.43275 2
      vertex 7.016 9.34929 2
    endloop
  endfacet
  facet normal 0 0 1
    outer loop
      vertex 12.0056 35.6667 2
      vertex 4.35011 62.9133 2
      vertex 11.8542 35.4142 2
    endloop
  endfacet
  facet normal 0 0 1
    outer loop
      vertex 11.5 34 2
      vertex 6.34306 9.48315 2
      vertex 6.68282 9.43275 2
    endloop
  endfacet
  facet normal 0 0 1
    outer loop
      vertex 4.0555 63.0899 2
      vertex 11.8542 35.4142 2
      vertex 4.35011 62.9133 2
    endloop
  endfacet
  facet normal 0 0 1
    outer loop
      vertex 11.5 34 2
      vertex 6 9.5 2
      vertex 6.34306 9.48315 2
    endloop
  endfacet
  facet normal 0 0 1
    outer loop
      vertex 11.8542 35.4142 2
      vertex 4.0555 63.0899 2
      vertex 11.7284 35.148 2
    endloop
  endfacet
  facet normal 0 0 1
    outer loop
      vertex 11.5 34 2
      vertex 5.65694 9.48315 2
      vertex 6 9.5 2
    endloop
  endfacet
  facet normal 0 0 1
    outer loop
      vertex 3.77962 63.2945 2
      vertex 11.7284 35.148 2
      vertex 4.0555 63.0899 2
    endloop
  endfacet
  facet normal 0 0 1
    outer loop
      vertex 11.5 34 2
      vertex 5.31718 9.43275 2
      vertex 5.65694 9.48315 2
    endloop
  endfacet
  facet normal 0 0 1
    outer loop
      vertex 11.7284 35.148 2
      vertex 3.77962 63.2945 2
      vertex 11.6292 34.8709 2
    endloop
  endfacet
  facet normal 0 0 1
    outer loop
      vertex 11.5 34 2
      vertex 4.984 9.34929 2
      vertex 5.31718 9.43275 2
    endloop
  endfacet
  facet normal 0 0 1
    outer loop
      vertex 3.52513 63.5251 2
      vertex 11.6292 34.8709 2
      vertex 3.77962 63.2945 2
    endloop
  endfacet
  facet normal 0 0 1
    outer loop
      vertex 11.5 34 2
      vertex 4.66061 9.23358 2
      vertex 4.984 9.34929 2
    endloop
  endfacet
  facet normal 0 0 1
    outer loop
      vertex 11.6292 34.8709 2
      vertex 3.52513 63.5251 2
      vertex 11.5576 34.5853 2
    endloop
  endfacet
  facet normal 0 0 1
    outer loop
      vertex 11.5 34 2
      vertex 4.35011 9.08672 2
      vertex 4.66061 9.23358 2
    endloop
  endfacet
  facet normal 0 0 1
    outer loop
      vertex 3.29446 63.7796 2
      vertex 11.5576 34.5853 2
      vertex 3.52513 63.5251 2
    endloop
  endfacet
  facet normal 0 0 1
    outer loop
      vertex 11.5 34 2
      vertex 4.0555 8.91014 2
      vertex 4.35011 9.08672 2
    endloop
  endfacet
  facet normal 0 0 1
    outer loop
      vertex 11.5576 34.5853 2
      vertex 3.29446 63.7796 2
      vertex 11.5144 34.2941 2
    endloop
  endfacet
  facet normal 0 0 1
    outer loop
      vertex 11.5 34 2
      vertex 3.77962 8.70554 2
      vertex 4.0555 8.91014 2
    endloop
  endfacet
  facet normal 0 0 1
    outer loop
      vertex 3.08986 64.0555 2
      vertex 11.5144 34.2941 2
      vertex 3.29446 63.7796 2
    endloop
  endfacet
  facet normal 0 0 1
    outer loop
      vertex 11.5 34 2
      vertex 3.52513 8.47487 2
      vertex 3.77962 8.70554 2
    endloop
  endfacet
  facet normal 0 0 1
    outer loop
      vertex 11.5144 34.2941 2
      vertex 3.08986 64.0555 2
      vertex 11.5 34 2
    endloop
  endfacet
  facet normal 0 0 1
    outer loop
      vertex 11.5 34 2
      vertex 3.29446 8.22038 2
      vertex 3.52513 8.47487 2
    endloop
  endfacet
  facet normal 0 0 1
    outer loop
      vertex 3.08986 7.9445 2
      vertex 11.5 34 2
      vertex 3.08986 64.0555 2
    endloop
  endfacet
  facet normal 0 0 1
    outer loop
      vertex 11.5 34 2
      vertex 3.08986 7.9445 2
      vertex 3.29446 8.22038 2
    endloop
  endfacet
  facet normal 0 0 1
    outer loop
      vertex 2.91328 64.3501 2
      vertex 3.08986 7.9445 2
      vertex 3.08986 64.0555 2
    endloop
  endfacet
  facet normal 0 0 1
    outer loop
      vertex 2.91328 64.3501 2
      vertex 2.91328 7.64989 2
      vertex 3.08986 7.9445 2
    endloop
  endfacet
  facet normal 0 0 1
    outer loop
      vertex 2.76642 64.6606 2
      vertex 2.91328 7.64989 2
      vertex 2.91328 64.3501 2
    endloop
  endfacet
  facet normal 0 0 1
    outer loop
      vertex 2.76642 64.6606 2
      vertex 2.76642 7.33939 2
      vertex 2.91328 7.64989 2
    endloop
  endfacet
  facet normal 0 0 1
    outer loop
      vertex 2.65071 64.984 2
      vertex 2.76642 7.33939 2
      vertex 2.76642 64.6606 2
    endloop
  endfacet
  facet normal 0 0 1
    outer loop
      vertex 2.65071 64.984 2
      vertex 2.65071 7.016 2
      vertex 2.76642 7.33939 2
    endloop
  endfacet
  facet normal 0 0 1
    outer loop
      vertex 2.56725 65.3172 2
      vertex 2.65071 7.016 2
      vertex 2.65071 64.984 2
    endloop
  endfacet
  facet normal 0 0 1
    outer loop
      vertex 2.56725 65.3172 2
      vertex 2.56725 6.68282 2
      vertex 2.65071 7.016 2
    endloop
  endfacet
  facet normal 0 0 1
    outer loop
      vertex 2.51685 65.6569 2
      vertex 2.56725 6.68282 2
      vertex 2.56725 65.3172 2
    endloop
  endfacet
  facet normal 0 0 1
    outer loop
      vertex 2.51685 65.6569 2
      vertex 2.51685 6.34306 2
      vertex 2.56725 6.68282 2
    endloop
  endfacet
  facet normal 0 0 1
    outer loop
      vertex 2 70 2
      vertex 2.51685 65.6569 2
      vertex 2.5 66 2
    endloop
  endfacet
  facet normal 0 0 1
    outer loop
      vertex 2.51685 65.6569 2
      vertex 2 70 2
      vertex 2.51685 6.34306 2
    endloop
  endfacet
  facet normal 0 0 1
    outer loop
      vertex 54.5 14.5 2
      vertex 48.9856 6.79405 2
      vertex 49 6.5 2
    endloop
  endfacet
  facet normal 0 0 1
    outer loop
      vertex 54.5 14.5 2
      vertex 48.9424 7.08527 2
      vertex 48.9856 6.79405 2
    endloop
  endfacet
  facet normal 0 0 1
    outer loop
      vertex 54.5 14.5 2
      vertex 48.8708 7.37085 2
      vertex 48.9424 7.08527 2
    endloop
  endfacet
  facet normal 0 0 1
    outer loop
      vertex 54.5 14.5 2
      vertex 48.7716 7.64805 2
      vertex 48.8708 7.37085 2
    endloop
  endfacet
  facet normal 0 0 1
    outer loop
      vertex 54.5 14.5 2
      vertex 48.6458 7.91419 2
      vertex 48.7716 7.64805 2
    endloop
  endfacet
  facet normal 0 0 1
    outer loop
      vertex 54.5 14.5 2
      vertex 48.4944 8.16671 2
      vertex 48.6458 7.91419 2
    endloop
  endfacet
  facet normal 0 0 1
    outer loop
      vertex 54.5 14.5 2
      vertex 48.319 8.40318 2
      vertex 48.4944 8.16671 2
    endloop
  endfacet
  facet normal 0 0 1
    outer loop
      vertex 54.5 14.5 2
      vertex 48.1213 8.62132 2
      vertex 48.319 8.40318 2
    endloop
  endfacet
  facet normal 0 0 1
    outer loop
      vertex 54.5 14.5 2
      vertex 47.9032 8.81903 2
      vertex 48.1213 8.62132 2
    endloop
  endfacet
  facet normal 0 0 1
    outer loop
      vertex 54.5 14.5 2
      vertex 47.6667 8.99441 2
      vertex 47.9032 8.81903 2
    endloop
  endfacet
  facet normal 0 0 1
    outer loop
      vertex 54.5 14.5 2
      vertex 47.4142 9.14576 2
      vertex 47.6667 8.99441 2
    endloop
  endfacet
  facet normal 0 0 1
    outer loop
      vertex 54.5 14.5 2
      vertex 47.148 9.27164 2
      vertex 47.4142 9.14576 2
    endloop
  endfacet
  facet normal 0 0 1
    outer loop
      vertex 54.5 14.5 2
      vertex 46.8709 9.37082 2
      vertex 47.148 9.27164 2
    endloop
  endfacet
  facet normal 0 0 1
    outer loop
      vertex 54.5 14.5 2
      vertex 46.5853 9.44236 2
      vertex 46.8709 9.37082 2
    endloop
  endfacet
  facet normal 0 0 1
    outer loop
      vertex 54.5 14.5 2
      vertex 46.2941 9.48555 2
      vertex 46.5853 9.44236 2
    endloop
  endfacet
  facet normal -0 0 1
    outer loop
      vertex 40.5 14.5 2
      vertex 46.2941 9.48555 2
      vertex 54.5 14.5 2
    endloop
  endfacet
  facet normal 0 0 1
    outer loop
      vertex 46.2941 9.48555 2
      vertex 40.5 14.5 2
      vertex 46 9.5 2
    endloop
  endfacet
  facet normal 0 0 1
    outer loop
      vertex 46 9.5 2
      vertex 40.5 14.5 2
      vertex 45.7059 9.48555 2
    endloop
  endfacet
  facet normal 0 0 1
    outer loop
      vertex 45.7059 9.48555 2
      vertex 40.5 14.5 2
      vertex 45.4147 9.44236 2
    endloop
  endfacet
  facet normal 0 0 1
    outer loop
      vertex 45.4147 9.44236 2
      vertex 40.5 14.5 2
      vertex 45.1291 9.37082 2
    endloop
  endfacet
  facet normal 0 0 1
    outer loop
      vertex 45.1291 9.37082 2
      vertex 40.5 14.5 2
      vertex 44.852 9.27164 2
    endloop
  endfacet
  facet normal 0 0 1
    outer loop
      vertex 43.0144 6.79405 2
      vertex 40.5 14.5 2
      vertex 43 6.5 2
    endloop
  endfacet
  facet normal 0 0 1
    outer loop
      vertex 43.0576 7.08527 2
      vertex 40.5 14.5 2
      vertex 43.0144 6.79405 2
    endloop
  endfacet
  facet normal 0 0 1
    outer loop
      vertex 43.1292 7.37085 2
      vertex 40.5 14.5 2
      vertex 43.0576 7.08527 2
    endloop
  endfacet
  facet normal 0 0 1
    outer loop
      vertex 43.2284 7.64805 2
      vertex 40.5 14.5 2
      vertex 43.1292 7.37085 2
    endloop
  endfacet
  facet normal 0 0 1
    outer loop
      vertex 43.3542 7.91419 2
      vertex 40.5 14.5 2
      vertex 43.2284 7.64805 2
    endloop
  endfacet
  facet normal 0 0 1
    outer loop
      vertex 43.5056 8.16671 2
      vertex 40.5 14.5 2
      vertex 43.3542 7.91419 2
    endloop
  endfacet
  facet normal 0 0 1
    outer loop
      vertex 43.681 8.40318 2
      vertex 40.5 14.5 2
      vertex 43.5056 8.16671 2
    endloop
  endfacet
  facet normal 0 0 1
    outer loop
      vertex 43.8787 8.62132 2
      vertex 40.5 14.5 2
      vertex 43.681 8.40318 2
    endloop
  endfacet
  facet normal 0 0 1
    outer loop
      vertex 44.0968 8.81903 2
      vertex 40.5 14.5 2
      vertex 43.8787 8.62132 2
    endloop
  endfacet
  facet normal 0 0 1
    outer loop
      vertex 44.3333 8.99441 2
      vertex 40.5 14.5 2
      vertex 44.0968 8.81903 2
    endloop
  endfacet
  facet normal 0 0 1
    outer loop
      vertex 44.5858 9.14576 2
      vertex 40.5 14.5 2
      vertex 44.3333 8.99441 2
    endloop
  endfacet
  facet normal 0 0 1
    outer loop
      vertex 44.852 9.27164 2
      vertex 40.5 14.5 2
      vertex 44.5858 9.14576 2
    endloop
  endfacet
  facet normal -0 0 1
    outer loop
      vertex 37 27.195 2
      vertex 54.5 24.5 2
      vertex 59 27.195 2
    endloop
  endfacet
  facet normal 0 0 1
    outer loop
      vertex 40.5 24.5 2
      vertex 37 27.195 2
      vertex 40.5 14.5 2
    endloop
  endfacet
  facet normal 0 0 1
    outer loop
      vertex 54.5 24.5 2
      vertex 37 27.195 2
      vertex 40.5 24.5 2
    endloop
  endfacet
  facet normal -0 0 1
    outer loop
      vertex 87.4831 6.34306 2
      vertex 88 2 2
      vertex 87.4831 65.6569 2
    endloop
  endfacet
  facet normal 0 0 1
    outer loop
      vertex 88 2 2
      vertex 87.4831 6.34306 2
      vertex 87.5 6 2
    endloop
  endfacet
  facet normal -0 0 1
    outer loop
      vertex 87.4327 65.3172 2
      vertex 87.4831 6.34306 2
      vertex 87.4831 65.6569 2
    endloop
  endfacet
  facet normal 0 0 1
    outer loop
      vertex 87.4327 65.3172 2
      vertex 87.4327 6.68282 2
      vertex 87.4831 6.34306 2
    endloop
  endfacet
  facet normal -0 0 1
    outer loop
      vertex 87.3493 64.984 2
      vertex 87.4327 6.68282 2
      vertex 87.4327 65.3172 2
    endloop
  endfacet
  facet normal 0 0 1
    outer loop
      vertex 87.3493 64.984 2
      vertex 87.3493 7.016 2
      vertex 87.4327 6.68282 2
    endloop
  endfacet
  facet normal -0 0 1
    outer loop
      vertex 87.2336 64.6606 2
      vertex 87.3493 7.016 2
      vertex 87.3493 64.984 2
    endloop
  endfacet
  facet normal 0 0 1
    outer loop
      vertex 87.2336 64.6606 2
      vertex 87.2336 7.33939 2
      vertex 87.3493 7.016 2
    endloop
  endfacet
  facet normal -0 0 1
    outer loop
      vertex 87.0867 64.3501 2
      vertex 87.2336 7.33939 2
      vertex 87.2336 64.6606 2
    endloop
  endfacet
  facet normal 0 0 1
    outer loop
      vertex 87.0867 64.3501 2
      vertex 87.0867 7.64989 2
      vertex 87.2336 7.33939 2
    endloop
  endfacet
  facet normal -0 0 1
    outer loop
      vertex 86.9101 64.0555 2
      vertex 87.0867 7.64989 2
      vertex 87.0867 64.3501 2
    endloop
  endfacet
  facet normal 0 0 1
    outer loop
      vertex 86.9101 64.0555 2
      vertex 86.9101 7.9445 2
      vertex 87.0867 7.64989 2
    endloop
  endfacet
  facet normal -0 0 1
    outer loop
      vertex 86.7055 63.7796 2
      vertex 86.9101 7.9445 2
      vertex 86.9101 64.0555 2
    endloop
  endfacet
  facet normal 0 0 1
    outer loop
      vertex 86.7055 63.7796 2
      vertex 86.7055 8.22038 2
      vertex 86.9101 7.9445 2
    endloop
  endfacet
  facet normal -0 0 1
    outer loop
      vertex 86.4749 63.5251 2
      vertex 86.7055 8.22038 2
      vertex 86.7055 63.7796 2
    endloop
  endfacet
  facet normal 0 0 1
    outer loop
      vertex 86.4749 63.5251 2
      vertex 86.4749 8.47487 2
      vertex 86.7055 8.22038 2
    endloop
  endfacet
  facet normal -0 0 1
    outer loop
      vertex 86.2204 63.2945 2
      vertex 86.4749 8.47487 2
      vertex 86.4749 63.5251 2
    endloop
  endfacet
  facet normal 0 0 1
    outer loop
      vertex 86.2204 63.2945 2
      vertex 86.2204 8.70554 2
      vertex 86.4749 8.47487 2
    endloop
  endfacet
  facet normal -0 0 1
    outer loop
      vertex 85.9445 63.0899 2
      vertex 86.2204 8.70554 2
      vertex 86.2204 63.2945 2
    endloop
  endfacet
  facet normal 0 0 1
    outer loop
      vertex 85.9445 63.0899 2
      vertex 85.9445 8.91014 2
      vertex 86.2204 8.70554 2
    endloop
  endfacet
  facet normal 0 0 1
    outer loop
      vertex 70.9855 34.7941 2
      vertex 85.9445 63.0899 2
      vertex 85.6499 62.9133 2
    endloop
  endfacet
  facet normal 0 0 1
    outer loop
      vertex 85.9445 63.0899 2
      vertex 71 34.5 2
      vertex 85.9445 8.91014 2
    endloop
  endfacet
  facet normal 0 0 1
    outer loop
      vertex 70.9424 35.0853 2
      vertex 85.6499 62.9133 2
      vertex 85.3394 62.7664 2
    endloop
  endfacet
  facet normal 0 0 1
    outer loop
      vertex 85.9445 8.91014 2
      vertex 71 34.5 2
      vertex 85.6499 9.08672 2
    endloop
  endfacet
  facet normal 0 0 1
    outer loop
      vertex 70.8708 35.3709 2
      vertex 85.3394 62.7664 2
      vertex 85.016 62.6507 2
    endloop
  endfacet
  facet normal -0 0 1
    outer loop
      vertex 70.9855 34.2059 2
      vertex 85.6499 9.08672 2
      vertex 71 34.5 2
    endloop
  endfacet
  facet normal 0 0 1
    outer loop
      vertex 70.7716 35.648 2
      vertex 85.016 62.6507 2
      vertex 84.6828 62.5673 2
    endloop
  endfacet
  facet normal 0 0 1
    outer loop
      vertex 85.6499 9.08672 2
      vertex 70.9855 34.2059 2
      vertex 85.3394 9.23358 2
    endloop
  endfacet
  facet normal 0 0 1
    outer loop
      vertex 70.6458 35.9142 2
      vertex 84.6828 62.5673 2
      vertex 84.3431 62.5169 2
    endloop
  endfacet
  facet normal -0 0 1
    outer loop
      vertex 70.9424 33.9147 2
      vertex 85.3394 9.23358 2
      vertex 70.9855 34.2059 2
    endloop
  endfacet
  facet normal 0 0 1
    outer loop
      vertex 70.4944 36.1667 2
      vertex 84.3431 62.5169 2
      vertex 84 62.5 2
    endloop
  endfacet
  facet normal 0 0 1
    outer loop
      vertex 85.3394 9.23358 2
      vertex 70.9424 33.9147 2
      vertex 85.016 9.34929 2
    endloop
  endfacet
  facet normal 0 0 1
    outer loop
      vertex 70.319 36.4032 2
      vertex 84 62.5 2
      vertex 83.6569 62.5169 2
    endloop
  endfacet
  facet normal -0 0 1
    outer loop
      vertex 70.8708 33.6291 2
      vertex 85.016 9.34929 2
      vertex 70.9424 33.9147 2
    endloop
  endfacet
  facet normal 0 0 1
    outer loop
      vertex 70.1213 36.6213 2
      vertex 83.6569 62.5169 2
      vertex 83.3172 62.5673 2
    endloop
  endfacet
  facet normal 0 0 1
    outer loop
      vertex 85.016 9.34929 2
      vertex 70.8708 33.6291 2
      vertex 84.6828 9.43275 2
    endloop
  endfacet
  facet normal 0 0 1
    outer loop
      vertex 69.9032 36.819 2
      vertex 83.3172 62.5673 2
      vertex 82.984 62.6507 2
    endloop
  endfacet
  facet normal -0 0 1
    outer loop
      vertex 70.7716 33.352 2
      vertex 84.6828 9.43275 2
      vertex 70.8708 33.6291 2
    endloop
  endfacet
  facet normal 0 0 1
    outer loop
      vertex 69.6667 36.9944 2
      vertex 82.984 62.6507 2
      vertex 82.6606 62.7664 2
    endloop
  endfacet
  facet normal 0 0 1
    outer loop
      vertex 84.6828 9.43275 2
      vertex 70.7716 33.352 2
      vertex 84.3431 9.48315 2
    endloop
  endfacet
  facet normal 0 0 1
    outer loop
      vertex 69.4142 37.1458 2
      vertex 82.6606 62.7664 2
      vertex 82.3501 62.9133 2
    endloop
  endfacet
  facet normal -0 0 1
    outer loop
      vertex 70.6458 33.0858 2
      vertex 84.3431 9.48315 2
      vertex 70.7716 33.352 2
    endloop
  endfacet
  facet normal 0 0 1
    outer loop
      vertex 69.148 37.2716 2
      vertex 82.3501 62.9133 2
      vertex 82.0555 63.0899 2
    endloop
  endfacet
  facet normal 0 0 1
    outer loop
      vertex 84.3431 9.48315 2
      vertex 70.6458 33.0858 2
      vertex 84 9.5 2
    endloop
  endfacet
  facet normal 0 0 1
    outer loop
      vertex 68.8708 37.3708 2
      vertex 82.0555 63.0899 2
      vertex 81.7796 63.2945 2
    endloop
  endfacet
  facet normal -0 0 1
    outer loop
      vertex 70.4944 32.8333 2
      vertex 84 9.5 2
      vertex 70.6458 33.0858 2
    endloop
  endfacet
  facet normal 0 0 1
    outer loop
      vertex 59 44.195 2
      vertex 81.7796 63.2945 2
      vertex 81.5251 63.5251 2
    endloop
  endfacet
  facet normal 0 0 1
    outer loop
      vertex 84 9.5 2
      vertex 70.4944 32.8333 2
      vertex 83.6569 9.48315 2
    endloop
  endfacet
  facet normal 0 0 1
    outer loop
      vertex 59 44.195 2
      vertex 81.5251 63.5251 2
      vertex 81.2945 63.7796 2
    endloop
  endfacet
  facet normal -0 0 1
    outer loop
      vertex 70.319 32.5968 2
      vertex 83.6569 9.48315 2
      vertex 70.4944 32.8333 2
    endloop
  endfacet
  facet normal 0 0 1
    outer loop
      vertex 59 44.195 2
      vertex 81.2945 63.7796 2
      vertex 81.0899 64.0555 2
    endloop
  endfacet
  facet normal 0 0 1
    outer loop
      vertex 83.6569 9.48315 2
      vertex 70.319 32.5968 2
      vertex 83.3172 9.43275 2
    endloop
  endfacet
  facet normal 0 0 1
    outer loop
      vertex 59 44.195 2
      vertex 81.0899 64.0555 2
      vertex 80.9133 64.3501 2
    endloop
  endfacet
  facet normal -0 0 1
    outer loop
      vertex 70.1213 32.3787 2
      vertex 83.3172 9.43275 2
      vertex 70.319 32.5968 2
    endloop
  endfacet
  facet normal 0 0 1
    outer loop
      vertex 59 44.195 2
      vertex 80.9133 64.3501 2
      vertex 80.7664 64.6606 2
    endloop
  endfacet
  facet normal 0 0 1
    outer loop
      vertex 83.3172 9.43275 2
      vertex 70.1213 32.3787 2
      vertex 82.984 9.34929 2
    endloop
  endfacet
  facet normal 0 0 1
    outer loop
      vertex 59 44.195 2
      vertex 80.7664 64.6606 2
      vertex 80.6507 64.984 2
    endloop
  endfacet
  facet normal -0 0 1
    outer loop
      vertex 69.9032 32.181 2
      vertex 82.984 9.34929 2
      vertex 70.1213 32.3787 2
    endloop
  endfacet
  facet normal 0 0 1
    outer loop
      vertex 59 44.195 2
      vertex 80.6507 64.984 2
      vertex 80.5673 65.3172 2
    endloop
  endfacet
  facet normal 0 0 1
    outer loop
      vertex 82.984 9.34929 2
      vertex 69.9032 32.181 2
      vertex 82.6606 9.23358 2
    endloop
  endfacet
  facet normal 0 0 1
    outer loop
      vertex 59 44.195 2
      vertex 80.5673 65.3172 2
      vertex 80.5169 65.6569 2
    endloop
  endfacet
  facet normal -0 0 1
    outer loop
      vertex 69.6667 32.0056 2
      vertex 82.6606 9.23358 2
      vertex 69.9032 32.181 2
    endloop
  endfacet
  facet normal 0 0 1
    outer loop
      vertex 59 44.195 2
      vertex 80.5169 65.6569 2
      vertex 80.5 66 2
    endloop
  endfacet
  facet normal 0 0 1
    outer loop
      vertex 82.6606 9.23358 2
      vertex 69.6667 32.0056 2
      vertex 82.3501 9.08672 2
    endloop
  endfacet
  facet normal 0 0 1
    outer loop
      vertex 87.4831 65.6569 2
      vertex 88 70 2
      vertex 87.5 66 2
    endloop
  endfacet
  facet normal 0 0 1
    outer loop
      vertex 88 70 2
      vertex 87.4831 66.3431 2
      vertex 87.5 66 2
    endloop
  endfacet
  facet normal 0 0 1
    outer loop
      vertex 88 70 2
      vertex 87.4327 66.6828 2
      vertex 87.4831 66.3431 2
    endloop
  endfacet
  facet normal 0 0 1
    outer loop
      vertex 88 70 2
      vertex 87.3493 67.016 2
      vertex 87.4327 66.6828 2
    endloop
  endfacet
  facet normal 0 0 1
    outer loop
      vertex 88 70 2
      vertex 87.2336 67.3394 2
      vertex 87.3493 67.016 2
    endloop
  endfacet
  facet normal 0 0 1
    outer loop
      vertex 88 70 2
      vertex 87.0867 67.6499 2
      vertex 87.2336 67.3394 2
    endloop
  endfacet
  facet normal 0 0 1
    outer loop
      vertex 88 70 2
      vertex 86.9101 67.9445 2
      vertex 87.0867 67.6499 2
    endloop
  endfacet
  facet normal 0 0 1
    outer loop
      vertex 88 70 2
      vertex 86.7055 68.2204 2
      vertex 86.9101 67.9445 2
    endloop
  endfacet
  facet normal 0 0 1
    outer loop
      vertex 88 70 2
      vertex 86.4749 68.4749 2
      vertex 86.7055 68.2204 2
    endloop
  endfacet
  facet normal 0 0 1
    outer loop
      vertex 88 70 2
      vertex 86.2204 68.7055 2
      vertex 86.4749 68.4749 2
    endloop
  endfacet
  facet normal 0 0 1
    outer loop
      vertex 88 70 2
      vertex 85.9445 68.9101 2
      vertex 86.2204 68.7055 2
    endloop
  endfacet
  facet normal 0 0 1
    outer loop
      vertex 88 70 2
      vertex 85.6499 69.0867 2
      vertex 85.9445 68.9101 2
    endloop
  endfacet
  facet normal 0 0 1
    outer loop
      vertex 88 70 2
      vertex 85.3394 69.2336 2
      vertex 85.6499 69.0867 2
    endloop
  endfacet
  facet normal 0 0 1
    outer loop
      vertex 88 70 2
      vertex 85.016 69.3493 2
      vertex 85.3394 69.2336 2
    endloop
  endfacet
  facet normal 0 0 1
    outer loop
      vertex 88 70 2
      vertex 84.6828 69.4327 2
      vertex 85.016 69.3493 2
    endloop
  endfacet
  facet normal 0 0 1
    outer loop
      vertex 88 70 2
      vertex 84.3431 69.4831 2
      vertex 84.6828 69.4327 2
    endloop
  endfacet
  facet normal 0 0 1
    outer loop
      vertex 88 70 2
      vertex 84 69.5 2
      vertex 84.3431 69.4831 2
    endloop
  endfacet
  facet normal 0 0 1
    outer loop
      vertex 88 70 2
      vertex 83.6569 69.4831 2
      vertex 84 69.5 2
    endloop
  endfacet
  facet normal -0 0 1
    outer loop
      vertex 69.4142 31.8542 2
      vertex 82.3501 9.08672 2
      vertex 69.6667 32.0056 2
    endloop
  endfacet
  facet normal 0 0 1
    outer loop
      vertex 59 44.195 2
      vertex 80.5 66 2
      vertex 80.5169 66.3431 2
    endloop
  endfacet
  facet normal 0 0 1
    outer loop
      vertex 59 44.195 2
      vertex 80.5169 66.3431 2
      vertex 80.5673 66.6828 2
    endloop
  endfacet
  facet normal 0 0 1
    outer loop
      vertex 59 44.195 2
      vertex 80.5673 66.6828 2
      vertex 80.6507 67.016 2
    endloop
  endfacet
  facet normal 0 0 1
    outer loop
      vertex 85.9445 63.0899 2
      vertex 70.9855 34.7941 2
      vertex 71 34.5 2
    endloop
  endfacet
  facet normal 0 0 1
    outer loop
      vertex 85.6499 62.9133 2
      vertex 70.9424 35.0853 2
      vertex 70.9855 34.7941 2
    endloop
  endfacet
  facet normal 0 0 1
    outer loop
      vertex 85.3394 62.7664 2
      vertex 70.8708 35.3709 2
      vertex 70.9424 35.0853 2
    endloop
  endfacet
  facet normal 0 0 1
    outer loop
      vertex 85.016 62.6507 2
      vertex 70.7716 35.648 2
      vertex 70.8708 35.3709 2
    endloop
  endfacet
  facet normal 0 0 1
    outer loop
      vertex 84.6828 62.5673 2
      vertex 70.6458 35.9142 2
      vertex 70.7716 35.648 2
    endloop
  endfacet
  facet normal 0 0 1
    outer loop
      vertex 84.3431 62.5169 2
      vertex 70.4944 36.1667 2
      vertex 70.6458 35.9142 2
    endloop
  endfacet
  facet normal 0 0 1
    outer loop
      vertex 84 62.5 2
      vertex 70.319 36.4032 2
      vertex 70.4944 36.1667 2
    endloop
  endfacet
  facet normal 0 0 1
    outer loop
      vertex 83.6569 62.5169 2
      vertex 70.1213 36.6213 2
      vertex 70.319 36.4032 2
    endloop
  endfacet
  facet normal 0 0 1
    outer loop
      vertex 83.3172 62.5673 2
      vertex 69.9032 36.819 2
      vertex 70.1213 36.6213 2
    endloop
  endfacet
  facet normal 0 0 1
    outer loop
      vertex 82.984 62.6507 2
      vertex 69.6667 36.9944 2
      vertex 69.9032 36.819 2
    endloop
  endfacet
  facet normal 0 0 1
    outer loop
      vertex 37 44.195 2
      vertex 80.6507 67.016 2
      vertex 80.7664 67.3394 2
    endloop
  endfacet
  facet normal 0 0 1
    outer loop
      vertex 82.6606 62.7664 2
      vertex 69.4142 37.1458 2
      vertex 69.6667 36.9944 2
    endloop
  endfacet
  facet normal 0 0 1
    outer loop
      vertex 82.3501 62.9133 2
      vertex 69.148 37.2716 2
      vertex 69.4142 37.1458 2
    endloop
  endfacet
  facet normal 0 0 1
    outer loop
      vertex 82.0555 63.0899 2
      vertex 68.8708 37.3708 2
      vertex 69.148 37.2716 2
    endloop
  endfacet
  facet normal 0 0 1
    outer loop
      vertex 81.7796 63.2945 2
      vertex 68.5853 37.4424 2
      vertex 68.8708 37.3708 2
    endloop
  endfacet
  facet normal 0 0 1
    outer loop
      vertex 81.7796 63.2945 2
      vertex 59 44.195 2
      vertex 68.5853 37.4424 2
    endloop
  endfacet
  facet normal 0 0 1
    outer loop
      vertex 68.5853 37.4424 2
      vertex 59 44.195 2
      vertex 68.2941 37.4856 2
    endloop
  endfacet
  facet normal 0 0 1
    outer loop
      vertex 68.2941 37.4856 2
      vertex 59 44.195 2
      vertex 68 37.5 2
    endloop
  endfacet
  facet normal 0 0 1
    outer loop
      vertex 68 37.5 2
      vertex 59 44.195 2
      vertex 67.7059 37.4856 2
    endloop
  endfacet
  facet normal 0 0 1
    outer loop
      vertex 67.7059 37.4856 2
      vertex 59 44.195 2
      vertex 67.4147 37.4424 2
    endloop
  endfacet
  facet normal 0 0 1
    outer loop
      vertex 67.4147 37.4424 2
      vertex 59 44.195 2
      vertex 67.1291 37.3708 2
    endloop
  endfacet
  facet normal 0 0 1
    outer loop
      vertex 67.1291 37.3708 2
      vertex 59 44.195 2
      vertex 66.852 37.2716 2
    endloop
  endfacet
  facet normal 0 0 1
    outer loop
      vertex 66.852 37.2716 2
      vertex 59 44.195 2
      vertex 66.5858 37.1458 2
    endloop
  endfacet
  facet normal 0 0 1
    outer loop
      vertex 9.23358 67.3394 2
      vertex 80.7664 67.3394 2
      vertex 80.9133 67.6499 2
    endloop
  endfacet
  facet normal 0 0 1
    outer loop
      vertex 66.5858 37.1458 2
      vertex 59 44.195 2
      vertex 66.3333 36.9944 2
    endloop
  endfacet
  facet normal 0 0 1
    outer loop
      vertex 66.3333 36.9944 2
      vertex 59 44.195 2
      vertex 66.0968 36.819 2
    endloop
  endfacet
  facet normal 0 0 1
    outer loop
      vertex 66.0968 36.819 2
      vertex 59 44.195 2
      vertex 65.8787 36.6213 2
    endloop
  endfacet
  facet normal 0 0 1
    outer loop
      vertex 65.8787 36.6213 2
      vertex 59 44.195 2
      vertex 65.681 36.4032 2
    endloop
  endfacet
  facet normal 0 0 1
    outer loop
      vertex 65.681 36.4032 2
      vertex 59 44.195 2
      vertex 65.5056 36.1667 2
    endloop
  endfacet
  facet normal 0 0 1
    outer loop
      vertex 59 27.195 2
      vertex 65.0144 34.7941 2
      vertex 59 44.195 2
    endloop
  endfacet
  facet normal 0 0 1
    outer loop
      vertex 65.0576 35.0853 2
      vertex 59 44.195 2
      vertex 65.0144 34.7941 2
    endloop
  endfacet
  facet normal 0 0 1
    outer loop
      vertex 65.1292 35.3709 2
      vertex 59 44.195 2
      vertex 65.0576 35.0853 2
    endloop
  endfacet
  facet normal 0 0 1
    outer loop
      vertex 65.2284 35.648 2
      vertex 59 44.195 2
      vertex 65.1292 35.3709 2
    endloop
  endfacet
  facet normal 0 0 1
    outer loop
      vertex 65.3542 35.9142 2
      vertex 59 44.195 2
      vertex 65.2284 35.648 2
    endloop
  endfacet
  facet normal 0 0 1
    outer loop
      vertex 65.5056 36.1667 2
      vertex 59 44.195 2
      vertex 65.3542 35.9142 2
    endloop
  endfacet
  facet normal 0 0 1
    outer loop
      vertex 9.08672 67.6499 2
      vertex 80.9133 67.6499 2
      vertex 81.0899 67.9445 2
    endloop
  endfacet
  facet normal 0 0 1
    outer loop
      vertex 8.91014 67.9445 2
      vertex 81.0899 67.9445 2
      vertex 81.2945 68.2204 2
    endloop
  endfacet
  facet normal 0 0 1
    outer loop
      vertex 8.70554 68.2204 2
      vertex 81.2945 68.2204 2
      vertex 81.5251 68.4749 2
    endloop
  endfacet
  facet normal 0 0 1
    outer loop
      vertex 80.6507 67.016 2
      vertex 37 44.195 2
      vertex 59 44.195 2
    endloop
  endfacet
  facet normal 0 0 1
    outer loop
      vertex 8.47487 68.4749 2
      vertex 81.5251 68.4749 2
      vertex 81.7796 68.7055 2
    endloop
  endfacet
  facet normal 0 0 1
    outer loop
      vertex 8.22038 68.7055 2
      vertex 81.7796 68.7055 2
      vertex 82.0555 68.9101 2
    endloop
  endfacet
  facet normal 0 0 1
    outer loop
      vertex 7.9445 68.9101 2
      vertex 82.0555 68.9101 2
      vertex 82.3501 69.0867 2
    endloop
  endfacet
  facet normal -0 0 1
    outer loop
      vertex 17.4856 34.2941 2
      vertex 37 27.195 2
      vertex 37 44.195 2
    endloop
  endfacet
  facet normal 0 0 1
    outer loop
      vertex 80.7664 67.3394 2
      vertex 9.23358 67.3394 2
      vertex 37 44.195 2
    endloop
  endfacet
  facet normal 0 0 1
    outer loop
      vertex 37 27.195 2
      vertex 17.4856 34.2941 2
      vertex 17.5 34 2
    endloop
  endfacet
  facet normal 0 0 1
    outer loop
      vertex 37 44.195 2
      vertex 17.4424 34.5853 2
      vertex 17.4856 34.2941 2
    endloop
  endfacet
  facet normal 0 0 1
    outer loop
      vertex 37 44.195 2
      vertex 17.3708 34.8709 2
      vertex 17.4424 34.5853 2
    endloop
  endfacet
  facet normal 0 0 1
    outer loop
      vertex 37 44.195 2
      vertex 17.2716 35.148 2
      vertex 17.3708 34.8709 2
    endloop
  endfacet
  facet normal 0 0 1
    outer loop
      vertex 37 44.195 2
      vertex 17.1458 35.4142 2
      vertex 17.2716 35.148 2
    endloop
  endfacet
  facet normal 0 0 1
    outer loop
      vertex 37 44.195 2
      vertex 16.9944 35.6667 2
      vertex 17.1458 35.4142 2
    endloop
  endfacet
  facet normal 0 0 1
    outer loop
      vertex 37 44.195 2
      vertex 16.819 35.9032 2
      vertex 16.9944 35.6667 2
    endloop
  endfacet
  facet normal -0 0 1
    outer loop
      vertex 9.48315 65.6569 2
      vertex 37 44.195 2
      vertex 9.5 66 2
    endloop
  endfacet
  facet normal 0 0 1
    outer loop
      vertex 37 44.195 2
      vertex 16.6213 36.1213 2
      vertex 16.819 35.9032 2
    endloop
  endfacet
  facet normal 0 0 1
    outer loop
      vertex 37 44.195 2
      vertex 16.4032 36.319 2
      vertex 16.6213 36.1213 2
    endloop
  endfacet
  facet normal 0 0 1
    outer loop
      vertex 37 44.195 2
      vertex 16.1667 36.4944 2
      vertex 16.4032 36.319 2
    endloop
  endfacet
  facet normal 0 0 1
    outer loop
      vertex 37 44.195 2
      vertex 15.9142 36.6458 2
      vertex 16.1667 36.4944 2
    endloop
  endfacet
  facet normal 0 0 1
    outer loop
      vertex 37 44.195 2
      vertex 15.648 36.7716 2
      vertex 15.9142 36.6458 2
    endloop
  endfacet
  facet normal -0 0 1
    outer loop
      vertex 9.43275 65.3172 2
      vertex 37 44.195 2
      vertex 9.48315 65.6569 2
    endloop
  endfacet
  facet normal -0 0 1
    outer loop
      vertex 9.34929 64.984 2
      vertex 37 44.195 2
      vertex 9.43275 65.3172 2
    endloop
  endfacet
  facet normal -0 0 1
    outer loop
      vertex 9.23358 64.6606 2
      vertex 37 44.195 2
      vertex 9.34929 64.984 2
    endloop
  endfacet
  facet normal 0 0 1
    outer loop
      vertex 7.64989 69.0867 2
      vertex 82.3501 69.0867 2
      vertex 82.6606 69.2336 2
    endloop
  endfacet
  facet normal -0 0 1
    outer loop
      vertex 9.08672 64.3501 2
      vertex 37 44.195 2
      vertex 9.23358 64.6606 2
    endloop
  endfacet
  facet normal -0 0 1
    outer loop
      vertex 8.91014 64.0555 2
      vertex 37 44.195 2
      vertex 9.08672 64.3501 2
    endloop
  endfacet
  facet normal -0 0 1
    outer loop
      vertex 8.70554 63.7796 2
      vertex 37 44.195 2
      vertex 8.91014 64.0555 2
    endloop
  endfacet
  facet normal 0 0 1
    outer loop
      vertex 37 44.195 2
      vertex 8.70554 63.7796 2
      vertex 15.648 36.7716 2
    endloop
  endfacet
  facet normal 0 0 1
    outer loop
      vertex 13.9147 36.9424 2
      vertex 7.016 62.6507 2
      vertex 13.6291 36.8708 2
    endloop
  endfacet
  facet normal -0 0 1
    outer loop
      vertex 7.016 62.6507 2
      vertex 13.9147 36.9424 2
      vertex 7.33939 62.7664 2
    endloop
  endfacet
  facet normal 0 0 1
    outer loop
      vertex 14.2059 36.9856 2
      vertex 7.33939 62.7664 2
      vertex 13.9147 36.9424 2
    endloop
  endfacet
  facet normal -0 0 1
    outer loop
      vertex 7.33939 62.7664 2
      vertex 14.2059 36.9856 2
      vertex 7.64989 62.9133 2
    endloop
  endfacet
  facet normal 0 0 1
    outer loop
      vertex 14.5 37 2
      vertex 7.64989 62.9133 2
      vertex 14.2059 36.9856 2
    endloop
  endfacet
  facet normal -0 0 1
    outer loop
      vertex 7.64989 62.9133 2
      vertex 14.5 37 2
      vertex 7.9445 63.0899 2
    endloop
  endfacet
  facet normal 0 0 1
    outer loop
      vertex 14.7941 36.9856 2
      vertex 7.9445 63.0899 2
      vertex 14.5 37 2
    endloop
  endfacet
  facet normal -0 0 1
    outer loop
      vertex 7.9445 63.0899 2
      vertex 14.7941 36.9856 2
      vertex 8.22038 63.2945 2
    endloop
  endfacet
  facet normal 0 0 1
    outer loop
      vertex 15.0853 36.9424 2
      vertex 8.22038 63.2945 2
      vertex 14.7941 36.9856 2
    endloop
  endfacet
  facet normal -0 0 1
    outer loop
      vertex 8.22038 63.2945 2
      vertex 15.0853 36.9424 2
      vertex 8.47487 63.5251 2
    endloop
  endfacet
  facet normal 0 0 1
    outer loop
      vertex 15.3709 36.8708 2
      vertex 8.47487 63.5251 2
      vertex 15.0853 36.9424 2
    endloop
  endfacet
  facet normal -0 0 1
    outer loop
      vertex 8.47487 63.5251 2
      vertex 15.3709 36.8708 2
      vertex 8.70554 63.7796 2
    endloop
  endfacet
  facet normal 0 0 1
    outer loop
      vertex 15.648 36.7716 2
      vertex 8.70554 63.7796 2
      vertex 15.3709 36.8708 2
    endloop
  endfacet
  facet normal 0 0 1
    outer loop
      vertex 7.33939 69.2336 2
      vertex 82.6606 69.2336 2
      vertex 82.984 69.3493 2
    endloop
  endfacet
  facet normal 0 0 1
    outer loop
      vertex 7.016 69.3493 2
      vertex 82.984 69.3493 2
      vertex 83.3172 69.4327 2
    endloop
  endfacet
  facet normal 0 0 1
    outer loop
      vertex 6.68282 69.4327 2
      vertex 83.3172 69.4327 2
      vertex 83.6569 69.4831 2
    endloop
  endfacet
  facet normal 0 0 1
    outer loop
      vertex 6.34306 69.4831 2
      vertex 83.6569 69.4831 2
      vertex 88 70 2
    endloop
  endfacet
  facet normal 0 0 1
    outer loop
      vertex 37 44.195 2
      vertex 9.48315 66.3431 2
      vertex 9.5 66 2
    endloop
  endfacet
  facet normal 0 0 1
    outer loop
      vertex 37 44.195 2
      vertex 9.43275 66.6828 2
      vertex 9.48315 66.3431 2
    endloop
  endfacet
  facet normal 0 0 1
    outer loop
      vertex 37 44.195 2
      vertex 9.34929 67.016 2
      vertex 9.43275 66.6828 2
    endloop
  endfacet
  facet normal 0 0 1
    outer loop
      vertex 37 44.195 2
      vertex 9.23358 67.3394 2
      vertex 9.34929 67.016 2
    endloop
  endfacet
  facet normal 0 0 1
    outer loop
      vertex 80.9133 67.6499 2
      vertex 9.08672 67.6499 2
      vertex 9.23358 67.3394 2
    endloop
  endfacet
  facet normal 0 0 1
    outer loop
      vertex 81.0899 67.9445 2
      vertex 8.91014 67.9445 2
      vertex 9.08672 67.6499 2
    endloop
  endfacet
  facet normal 0 0 1
    outer loop
      vertex 81.2945 68.2204 2
      vertex 8.70554 68.2204 2
      vertex 8.91014 67.9445 2
    endloop
  endfacet
  facet normal 0 0 1
    outer loop
      vertex 81.5251 68.4749 2
      vertex 8.47487 68.4749 2
      vertex 8.70554 68.2204 2
    endloop
  endfacet
  facet normal 0 0 1
    outer loop
      vertex 81.7796 68.7055 2
      vertex 8.22038 68.7055 2
      vertex 8.47487 68.4749 2
    endloop
  endfacet
  facet normal 0 0 1
    outer loop
      vertex 82.0555 68.9101 2
      vertex 7.9445 68.9101 2
      vertex 8.22038 68.7055 2
    endloop
  endfacet
  facet normal 0 0 1
    outer loop
      vertex 82.3501 69.0867 2
      vertex 7.64989 69.0867 2
      vertex 7.9445 68.9101 2
    endloop
  endfacet
  facet normal 0 0 1
    outer loop
      vertex 82.6606 69.2336 2
      vertex 7.33939 69.2336 2
      vertex 7.64989 69.0867 2
    endloop
  endfacet
  facet normal 0 0 1
    outer loop
      vertex 82.984 69.3493 2
      vertex 7.016 69.3493 2
      vertex 7.33939 69.2336 2
    endloop
  endfacet
  facet normal 0 0 1
    outer loop
      vertex 83.3172 69.4327 2
      vertex 6.68282 69.4327 2
      vertex 7.016 69.3493 2
    endloop
  endfacet
  facet normal 0 0 1
    outer loop
      vertex 83.6569 69.4831 2
      vertex 6.34306 69.4831 2
      vertex 6.68282 69.4327 2
    endloop
  endfacet
  facet normal -0 0 1
    outer loop
      vertex 2 70 2
      vertex 6.34306 69.4831 2
      vertex 88 70 2
    endloop
  endfacet
  facet normal 0 0 1
    outer loop
      vertex 2 2 2
      vertex 2.51685 6.34306 2
      vertex 2 70 2
    endloop
  endfacet
  facet normal 0 0 1
    outer loop
      vertex 2.51685 66.3431 2
      vertex 2 70 2
      vertex 2.5 66 2
    endloop
  endfacet
  facet normal 0 0 1
    outer loop
      vertex 2.56725 66.6828 2
      vertex 2 70 2
      vertex 2.51685 66.3431 2
    endloop
  endfacet
  facet normal 0 0 1
    outer loop
      vertex 2.65071 67.016 2
      vertex 2 70 2
      vertex 2.56725 66.6828 2
    endloop
  endfacet
  facet normal 0 0 1
    outer loop
      vertex 2.76642 67.3394 2
      vertex 2 70 2
      vertex 2.65071 67.016 2
    endloop
  endfacet
  facet normal 0 0 1
    outer loop
      vertex 2.91328 67.6499 2
      vertex 2 70 2
      vertex 2.76642 67.3394 2
    endloop
  endfacet
  facet normal 0 0 1
    outer loop
      vertex 3.08986 67.9445 2
      vertex 2 70 2
      vertex 2.91328 67.6499 2
    endloop
  endfacet
  facet normal 0 0 1
    outer loop
      vertex 3.29446 68.2204 2
      vertex 2 70 2
      vertex 3.08986 67.9445 2
    endloop
  endfacet
  facet normal 0 0 1
    outer loop
      vertex 3.52513 68.4749 2
      vertex 2 70 2
      vertex 3.29446 68.2204 2
    endloop
  endfacet
  facet normal 0 0 1
    outer loop
      vertex 3.77962 68.7055 2
      vertex 2 70 2
      vertex 3.52513 68.4749 2
    endloop
  endfacet
  facet normal 0 0 1
    outer loop
      vertex 4.0555 68.9101 2
      vertex 2 70 2
      vertex 3.77962 68.7055 2
    endloop
  endfacet
  facet normal 0 0 1
    outer loop
      vertex 4.35011 69.0867 2
      vertex 2 70 2
      vertex 4.0555 68.9101 2
    endloop
  endfacet
  facet normal 0 0 1
    outer loop
      vertex 4.66061 69.2336 2
      vertex 2 70 2
      vertex 4.35011 69.0867 2
    endloop
  endfacet
  facet normal 0 0 1
    outer loop
      vertex 4.984 69.3493 2
      vertex 2 70 2
      vertex 4.66061 69.2336 2
    endloop
  endfacet
  facet normal 0 0 1
    outer loop
      vertex 5.31718 69.4327 2
      vertex 2 70 2
      vertex 4.984 69.3493 2
    endloop
  endfacet
  facet normal 0 0 1
    outer loop
      vertex 5.65694 69.4831 2
      vertex 2 70 2
      vertex 5.31718 69.4327 2
    endloop
  endfacet
  facet normal 0 0 1
    outer loop
      vertex 6 69.5 2
      vertex 2 70 2
      vertex 5.65694 69.4831 2
    endloop
  endfacet
  facet normal 0 0 1
    outer loop
      vertex 6.34306 69.4831 2
      vertex 2 70 2
      vertex 6 69.5 2
    endloop
  endfacet
  facet normal 0 0 1
    outer loop
      vertex 88 70 2
      vertex 87.4831 65.6569 2
      vertex 88 2 2
    endloop
  endfacet
  facet normal -0 0 1
    outer loop
      vertex 87.4831 5.65694 2
      vertex 88 2 2
      vertex 87.5 6 2
    endloop
  endfacet
  facet normal -0 0 1
    outer loop
      vertex 87.4327 5.31718 2
      vertex 88 2 2
      vertex 87.4831 5.65694 2
    endloop
  endfacet
  facet normal -0 0 1
    outer loop
      vertex 87.3493 4.984 2
      vertex 88 2 2
      vertex 87.4327 5.31718 2
    endloop
  endfacet
  facet normal -0 0 1
    outer loop
      vertex 87.2336 4.66061 2
      vertex 88 2 2
      vertex 87.3493 4.984 2
    endloop
  endfacet
  facet normal -0 0 1
    outer loop
      vertex 87.0867 4.35011 2
      vertex 88 2 2
      vertex 87.2336 4.66061 2
    endloop
  endfacet
  facet normal -0 0 1
    outer loop
      vertex 86.9101 4.0555 2
      vertex 88 2 2
      vertex 87.0867 4.35011 2
    endloop
  endfacet
  facet normal -0 0 1
    outer loop
      vertex 86.7055 3.77962 2
      vertex 88 2 2
      vertex 86.9101 4.0555 2
    endloop
  endfacet
  facet normal -0 0 1
    outer loop
      vertex 86.4749 3.52513 2
      vertex 88 2 2
      vertex 86.7055 3.77962 2
    endloop
  endfacet
  facet normal -0 0 1
    outer loop
      vertex 86.2204 3.29446 2
      vertex 88 2 2
      vertex 86.4749 3.52513 2
    endloop
  endfacet
  facet normal -0 0 1
    outer loop
      vertex 85.9445 3.08986 2
      vertex 88 2 2
      vertex 86.2204 3.29446 2
    endloop
  endfacet
  facet normal -0 0 1
    outer loop
      vertex 85.6499 2.91328 2
      vertex 88 2 2
      vertex 85.9445 3.08986 2
    endloop
  endfacet
  facet normal -0 0 1
    outer loop
      vertex 85.3394 2.76642 2
      vertex 88 2 2
      vertex 85.6499 2.91328 2
    endloop
  endfacet
  facet normal -0 0 1
    outer loop
      vertex 85.016 2.65071 2
      vertex 88 2 2
      vertex 85.3394 2.76642 2
    endloop
  endfacet
  facet normal -0 0 1
    outer loop
      vertex 84.6828 2.56725 2
      vertex 88 2 2
      vertex 85.016 2.65071 2
    endloop
  endfacet
  facet normal -0 0 1
    outer loop
      vertex 84.3431 2.51685 2
      vertex 88 2 2
      vertex 84.6828 2.56725 2
    endloop
  endfacet
  facet normal -0 0 1
    outer loop
      vertex 84 2.5 2
      vertex 88 2 2
      vertex 84.3431 2.51685 2
    endloop
  endfacet
  facet normal 0 0 1
    outer loop
      vertex 83.6569 2.51685 2
      vertex 88 2 2
      vertex 84 2.5 2
    endloop
  endfacet
  facet normal 0 0 1
    outer loop
      vertex 82.3501 9.08672 2
      vertex 69.4142 31.8542 2
      vertex 82.0555 8.91014 2
    endloop
  endfacet
  facet normal -0 0 1
    outer loop
      vertex 69.148 31.7284 2
      vertex 82.0555 8.91014 2
      vertex 69.4142 31.8542 2
    endloop
  endfacet
  facet normal 0 0 1
    outer loop
      vertex 82.0555 8.91014 2
      vertex 69.148 31.7284 2
      vertex 81.7796 8.70554 2
    endloop
  endfacet
  facet normal -0 0 1
    outer loop
      vertex 68.8708 31.6292 2
      vertex 81.7796 8.70554 2
      vertex 69.148 31.7284 2
    endloop
  endfacet
  facet normal 0 0 1
    outer loop
      vertex 81.7796 8.70554 2
      vertex 68.8708 31.6292 2
      vertex 81.5251 8.47487 2
    endloop
  endfacet
  facet normal -0 0 1
    outer loop
      vertex 68.5853 31.5576 2
      vertex 81.5251 8.47487 2
      vertex 68.8708 31.6292 2
    endloop
  endfacet
  facet normal 0 0 1
    outer loop
      vertex 81.5251 8.47487 2
      vertex 68.5853 31.5576 2
      vertex 81.2945 8.22038 2
    endloop
  endfacet
  facet normal -0 0 1
    outer loop
      vertex 68.2941 31.5144 2
      vertex 81.2945 8.22038 2
      vertex 68.5853 31.5576 2
    endloop
  endfacet
  facet normal 0 0 1
    outer loop
      vertex 81.2945 8.22038 2
      vertex 68.2941 31.5144 2
      vertex 81.0899 7.9445 2
    endloop
  endfacet
  facet normal -0 0 1
    outer loop
      vertex 59 27.195 2
      vertex 81.0899 7.9445 2
      vertex 68.2941 31.5144 2
    endloop
  endfacet
  facet normal -0 0 1
    outer loop
      vertex 54.5 14.5 2
      vertex 81.0899 7.9445 2
      vertex 59 27.195 2
    endloop
  endfacet
  facet normal 0 0 1
    outer loop
      vertex 81.0899 7.9445 2
      vertex 54.5 14.5 2
      vertex 80.9133 7.64989 2
    endloop
  endfacet
  facet normal 0 0 1
    outer loop
      vertex 80.9133 7.64989 2
      vertex 54.5 14.5 2
      vertex 80.7664 7.33939 2
    endloop
  endfacet
  facet normal 0 0 1
    outer loop
      vertex 80.7664 7.33939 2
      vertex 54.5 14.5 2
      vertex 80.6507 7.016 2
    endloop
  endfacet
  facet normal 0 0 1
    outer loop
      vertex 80.6507 7.016 2
      vertex 54.5 14.5 2
      vertex 80.5673 6.68282 2
    endloop
  endfacet
  facet normal 0 0 1
    outer loop
      vertex 80.5673 6.68282 2
      vertex 54.5 14.5 2
      vertex 80.5169 6.34306 2
    endloop
  endfacet
  facet normal 0 0 1
    outer loop
      vertex 80.5 6 2
      vertex 54.5 14.5 2
      vertex 80.5169 5.65694 2
    endloop
  endfacet
  facet normal 0 0 1
    outer loop
      vertex 80.5169 5.65694 2
      vertex 54.5 14.5 2
      vertex 80.5673 5.31718 2
    endloop
  endfacet
  facet normal -0 0 1
    outer loop
      vertex 48.8708 5.62915 2
      vertex 80.5673 5.31718 2
      vertex 54.5 14.5 2
    endloop
  endfacet
  facet normal 0 0 1
    outer loop
      vertex 59 27.195 2
      vertex 68.2941 31.5144 2
      vertex 68 31.5 2
    endloop
  endfacet
  facet normal 0 0 1
    outer loop
      vertex 80.5673 5.31718 2
      vertex 48.8708 5.62915 2
      vertex 80.6507 4.984 2
    endloop
  endfacet
  facet normal 0 0 1
    outer loop
      vertex 59 27.195 2
      vertex 68 31.5 2
      vertex 67.7059 31.5144 2
    endloop
  endfacet
  facet normal 0 0 1
    outer loop
      vertex 59 27.195 2
      vertex 67.7059 31.5144 2
      vertex 67.4147 31.5576 2
    endloop
  endfacet
  facet normal 0 0 1
    outer loop
      vertex 59 27.195 2
      vertex 67.4147 31.5576 2
      vertex 67.1291 31.6292 2
    endloop
  endfacet
  facet normal 0 0 1
    outer loop
      vertex 59 27.195 2
      vertex 67.1291 31.6292 2
      vertex 66.852 31.7284 2
    endloop
  endfacet
  facet normal 0 0 1
    outer loop
      vertex 59 27.195 2
      vertex 66.852 31.7284 2
      vertex 66.5858 31.8542 2
    endloop
  endfacet
  facet normal 0 0 1
    outer loop
      vertex 59 27.195 2
      vertex 66.5858 31.8542 2
      vertex 66.3333 32.0056 2
    endloop
  endfacet
  facet normal 0 0 1
    outer loop
      vertex 59 27.195 2
      vertex 66.3333 32.0056 2
      vertex 66.0968 32.181 2
    endloop
  endfacet
  facet normal 0 0 1
    outer loop
      vertex 59 27.195 2
      vertex 66.0968 32.181 2
      vertex 65.8787 32.3787 2
    endloop
  endfacet
  facet normal 0 0 1
    outer loop
      vertex 59 27.195 2
      vertex 65.8787 32.3787 2
      vertex 65.681 32.5968 2
    endloop
  endfacet
  facet normal 0 0 1
    outer loop
      vertex 59 27.195 2
      vertex 65.681 32.5968 2
      vertex 65.5056 32.8333 2
    endloop
  endfacet
  facet normal 0 0 1
    outer loop
      vertex 59 27.195 2
      vertex 65.5056 32.8333 2
      vertex 65.3542 33.0858 2
    endloop
  endfacet
  facet normal 0 0 1
    outer loop
      vertex 65.0144 34.7941 2
      vertex 59 27.195 2
      vertex 65 34.5 2
    endloop
  endfacet
  facet normal 0 0 1
    outer loop
      vertex 65 34.5 2
      vertex 59 27.195 2
      vertex 65.0144 34.2059 2
    endloop
  endfacet
  facet normal 0 0 1
    outer loop
      vertex 65.0144 34.2059 2
      vertex 59 27.195 2
      vertex 65.0576 33.9147 2
    endloop
  endfacet
  facet normal 0 0 1
    outer loop
      vertex 65.0576 33.9147 2
      vertex 59 27.195 2
      vertex 65.1292 33.6291 2
    endloop
  endfacet
  facet normal 0 0 1
    outer loop
      vertex 65.1292 33.6291 2
      vertex 59 27.195 2
      vertex 65.2284 33.352 2
    endloop
  endfacet
  facet normal 0 0 1
    outer loop
      vertex 65.2284 33.352 2
      vertex 59 27.195 2
      vertex 65.3542 33.0858 2
    endloop
  endfacet
  facet normal 0 0 1
    outer loop
      vertex 80.5169 6.34306 2
      vertex 54.5 14.5 2
      vertex 80.5 6 2
    endloop
  endfacet
  facet normal -0 0 1
    outer loop
      vertex 48.7716 5.35195 2
      vertex 80.6507 4.984 2
      vertex 48.8708 5.62915 2
    endloop
  endfacet
  facet normal 0 0 1
    outer loop
      vertex 80.6507 4.984 2
      vertex 48.7716 5.35195 2
      vertex 80.7664 4.66061 2
    endloop
  endfacet
  facet normal -0 0 1
    outer loop
      vertex 48.6458 5.08581 2
      vertex 80.7664 4.66061 2
      vertex 48.7716 5.35195 2
    endloop
  endfacet
  facet normal 0 0 1
    outer loop
      vertex 54.5 14.5 2
      vertex 59 27.195 2
      vertex 54.5 24.5 2
    endloop
  endfacet
  facet normal 0 0 1
    outer loop
      vertex 80.7664 4.66061 2
      vertex 48.6458 5.08581 2
      vertex 80.9133 4.35011 2
    endloop
  endfacet
  facet normal -0 0 1
    outer loop
      vertex 48.4944 4.83329 2
      vertex 80.9133 4.35011 2
      vertex 48.6458 5.08581 2
    endloop
  endfacet
  facet normal 0 0 1
    outer loop
      vertex 80.9133 4.35011 2
      vertex 48.4944 4.83329 2
      vertex 81.0899 4.0555 2
    endloop
  endfacet
  facet normal -0 0 1
    outer loop
      vertex 48.319 4.59682 2
      vertex 81.0899 4.0555 2
      vertex 48.4944 4.83329 2
    endloop
  endfacet
  facet normal 0 0 1
    outer loop
      vertex 81.0899 4.0555 2
      vertex 48.319 4.59682 2
      vertex 81.2945 3.77962 2
    endloop
  endfacet
  facet normal 0 0 1
    outer loop
      vertex 48.9856 6.20595 2
      vertex 54.5 14.5 2
      vertex 49 6.5 2
    endloop
  endfacet
  facet normal 0 0 1
    outer loop
      vertex 48.9424 5.91473 2
      vertex 54.5 14.5 2
      vertex 48.9856 6.20595 2
    endloop
  endfacet
  facet normal 0 0 1
    outer loop
      vertex 48.8708 5.62915 2
      vertex 54.5 14.5 2
      vertex 48.9424 5.91473 2
    endloop
  endfacet
  facet normal -0 0 1
    outer loop
      vertex 48.1213 4.37868 2
      vertex 81.2945 3.77962 2
      vertex 48.319 4.59682 2
    endloop
  endfacet
  facet normal 0 0 1
    outer loop
      vertex 81.2945 3.77962 2
      vertex 48.1213 4.37868 2
      vertex 81.5251 3.52513 2
    endloop
  endfacet
  facet normal -0 0 1
    outer loop
      vertex 47.9032 4.18097 2
      vertex 81.5251 3.52513 2
      vertex 48.1213 4.37868 2
    endloop
  endfacet
  facet normal 0 0 1
    outer loop
      vertex 81.5251 3.52513 2
      vertex 47.9032 4.18097 2
      vertex 81.7796 3.29446 2
    endloop
  endfacet
  facet normal -0 0 1
    outer loop
      vertex 47.6667 4.00559 2
      vertex 81.7796 3.29446 2
      vertex 47.9032 4.18097 2
    endloop
  endfacet
  facet normal 0 0 1
    outer loop
      vertex 81.7796 3.29446 2
      vertex 47.6667 4.00559 2
      vertex 82.0555 3.08986 2
    endloop
  endfacet
  facet normal -0 0 1
    outer loop
      vertex 47.4142 3.85424 2
      vertex 82.0555 3.08986 2
      vertex 47.6667 4.00559 2
    endloop
  endfacet
  facet normal 0 0 1
    outer loop
      vertex 82.0555 3.08986 2
      vertex 47.4142 3.85424 2
      vertex 82.3501 2.91328 2
    endloop
  endfacet
  facet normal -0 0 1
    outer loop
      vertex 47.148 3.72836 2
      vertex 82.3501 2.91328 2
      vertex 47.4142 3.85424 2
    endloop
  endfacet
  facet normal 0 0 1
    outer loop
      vertex 82.3501 2.91328 2
      vertex 47.148 3.72836 2
      vertex 82.6606 2.76642 2
    endloop
  endfacet
  facet normal -0 0 1
    outer loop
      vertex 46.8709 3.62918 2
      vertex 82.6606 2.76642 2
      vertex 47.148 3.72836 2
    endloop
  endfacet
  facet normal 0 0 1
    outer loop
      vertex 82.6606 2.76642 2
      vertex 46.8709 3.62918 2
      vertex 82.984 2.65071 2
    endloop
  endfacet
  facet normal -0 0 1
    outer loop
      vertex 46.5853 3.55764 2
      vertex 82.984 2.65071 2
      vertex 46.8709 3.62918 2
    endloop
  endfacet
  facet normal 0 0 1
    outer loop
      vertex 82.984 2.65071 2
      vertex 46.5853 3.55764 2
      vertex 83.3172 2.56725 2
    endloop
  endfacet
  facet normal -0 0 1
    outer loop
      vertex 46.2941 3.51445 2
      vertex 83.3172 2.56725 2
      vertex 46.5853 3.55764 2
    endloop
  endfacet
  facet normal 0 0 1
    outer loop
      vertex 83.3172 2.56725 2
      vertex 46.2941 3.51445 2
      vertex 83.6569 2.51685 2
    endloop
  endfacet
  facet normal 0 0 1
    outer loop
      vertex 83.6569 2.51685 2
      vertex 46.2941 3.51445 2
      vertex 88 2 2
    endloop
  endfacet
  facet normal -0 0 1
    outer loop
      vertex 46 3.5 2
      vertex 88 2 2
      vertex 46.2941 3.51445 2
    endloop
  endfacet
  facet normal 0 0 1
    outer loop
      vertex 40.5 14.5 2
      vertex 43.0144 6.20595 2
      vertex 43 6.5 2
    endloop
  endfacet
  facet normal 0 0 1
    outer loop
      vertex 9.5 6 2
      vertex 43.0144 6.20595 2
      vertex 40.5 14.5 2
    endloop
  endfacet
  facet normal 0 0 1
    outer loop
      vertex 9.48315 5.65694 2
      vertex 43.0144 6.20595 2
      vertex 9.5 6 2
    endloop
  endfacet
  facet normal -0 0 1
    outer loop
      vertex 17.4856 33.7059 2
      vertex 37 27.195 2
      vertex 17.5 34 2
    endloop
  endfacet
  facet normal -0 0 1
    outer loop
      vertex 17.4424 33.4147 2
      vertex 37 27.195 2
      vertex 17.4856 33.7059 2
    endloop
  endfacet
  facet normal -0 0 1
    outer loop
      vertex 17.3708 33.1291 2
      vertex 37 27.195 2
      vertex 17.4424 33.4147 2
    endloop
  endfacet
  facet normal -0 0 1
    outer loop
      vertex 17.2716 32.852 2
      vertex 37 27.195 2
      vertex 17.3708 33.1291 2
    endloop
  endfacet
  facet normal -0 0 1
    outer loop
      vertex 17.1458 32.5858 2
      vertex 37 27.195 2
      vertex 17.2716 32.852 2
    endloop
  endfacet
  facet normal -0 0 1
    outer loop
      vertex 16.9944 32.3333 2
      vertex 37 27.195 2
      vertex 17.1458 32.5858 2
    endloop
  endfacet
  facet normal -0 0 1
    outer loop
      vertex 16.819 32.0968 2
      vertex 37 27.195 2
      vertex 16.9944 32.3333 2
    endloop
  endfacet
  facet normal -0 0 1
    outer loop
      vertex 16.6213 31.8787 2
      vertex 37 27.195 2
      vertex 16.819 32.0968 2
    endloop
  endfacet
  facet normal -0 0 1
    outer loop
      vertex 16.4032 31.681 2
      vertex 37 27.195 2
      vertex 16.6213 31.8787 2
    endloop
  endfacet
  facet normal -0 0 1
    outer loop
      vertex 16.1667 31.5056 2
      vertex 37 27.195 2
      vertex 16.4032 31.681 2
    endloop
  endfacet
  facet normal -0 0 1
    outer loop
      vertex 15.9142 31.3542 2
      vertex 37 27.195 2
      vertex 16.1667 31.5056 2
    endloop
  endfacet
  facet normal 0 0 1
    outer loop
      vertex 37 27.195 2
      vertex 15.9142 31.3542 2
      vertex 40.5 14.5 2
    endloop
  endfacet
  facet normal 0 0 1
    outer loop
      vertex 43.0144 6.20595 2
      vertex 9.48315 5.65694 2
      vertex 43.0576 5.91473 2
    endloop
  endfacet
  facet normal 0 0 1
    outer loop
      vertex 9.43275 5.31718 2
      vertex 43.0576 5.91473 2
      vertex 9.48315 5.65694 2
    endloop
  endfacet
  facet normal 0 0 1
    outer loop
      vertex 43.0576 5.91473 2
      vertex 9.43275 5.31718 2
      vertex 43.1292 5.62915 2
    endloop
  endfacet
  facet normal 0 0 1
    outer loop
      vertex 9.34929 4.984 2
      vertex 43.1292 5.62915 2
      vertex 9.43275 5.31718 2
    endloop
  endfacet
  facet normal 0 0 1
    outer loop
      vertex 43.1292 5.62915 2
      vertex 9.34929 4.984 2
      vertex 43.2284 5.35195 2
    endloop
  endfacet
  facet normal 0 0 1
    outer loop
      vertex 40.5 14.5 2
      vertex 15.9142 31.3542 2
      vertex 9.5 6 2
    endloop
  endfacet
  facet normal 0 0 1
    outer loop
      vertex 9.5 6 2
      vertex 15.9142 31.3542 2
      vertex 15.648 31.2284 2
    endloop
  endfacet
  facet normal 0 0 1
    outer loop
      vertex 9.5 6 2
      vertex 15.648 31.2284 2
      vertex 15.3709 31.1292 2
    endloop
  endfacet
  facet normal 0 0 1
    outer loop
      vertex 9.5 6 2
      vertex 15.3709 31.1292 2
      vertex 15.0853 31.0576 2
    endloop
  endfacet
  facet normal 0 0 1
    outer loop
      vertex 9.5 6 2
      vertex 15.0853 31.0576 2
      vertex 14.7941 31.0144 2
    endloop
  endfacet
  facet normal 0 0 1
    outer loop
      vertex 9.5 6 2
      vertex 14.7941 31.0144 2
      vertex 14.5 31 2
    endloop
  endfacet
  facet normal 0 0 1
    outer loop
      vertex 9.23358 4.66061 2
      vertex 43.2284 5.35195 2
      vertex 9.34929 4.984 2
    endloop
  endfacet
  facet normal 0 0 1
    outer loop
      vertex 9.5 6 2
      vertex 14.5 31 2
      vertex 14.2059 31.0144 2
    endloop
  endfacet
  facet normal 0 0 1
    outer loop
      vertex 9.5 6 2
      vertex 14.2059 31.0144 2
      vertex 13.9147 31.0576 2
    endloop
  endfacet
  facet normal 0 0 1
    outer loop
      vertex 9.5 6 2
      vertex 13.9147 31.0576 2
      vertex 13.6291 31.1292 2
    endloop
  endfacet
  facet normal 0 0 1
    outer loop
      vertex 9.5 6 2
      vertex 13.6291 31.1292 2
      vertex 13.3519 31.2284 2
    endloop
  endfacet
  facet normal 0 0 1
    outer loop
      vertex 9.5 6 2
      vertex 13.3519 31.2284 2
      vertex 13.0858 31.3542 2
    endloop
  endfacet
  facet normal 0 0 1
    outer loop
      vertex 9.5 6 2
      vertex 13.0858 31.3542 2
      vertex 12.8333 31.5056 2
    endloop
  endfacet
  facet normal 0 0 1
    outer loop
      vertex 9.5 6 2
      vertex 12.8333 31.5056 2
      vertex 12.5968 31.681 2
    endloop
  endfacet
  facet normal -0 0 1
    outer loop
      vertex 6.68282 62.5673 2
      vertex 13.6291 36.8708 2
      vertex 7.016 62.6507 2
    endloop
  endfacet
  facet normal 0 0 1
    outer loop
      vertex 11.5 34 2
      vertex 9.5 6 2
      vertex 11.5144 33.7059 2
    endloop
  endfacet
  facet normal 0 0 1
    outer loop
      vertex 9.5 6 2
      vertex 11.5576 33.4147 2
      vertex 11.5144 33.7059 2
    endloop
  endfacet
  facet normal 0 0 1
    outer loop
      vertex 9.5 6 2
      vertex 11.6292 33.1291 2
      vertex 11.5576 33.4147 2
    endloop
  endfacet
  facet normal 0 0 1
    outer loop
      vertex 9.5 6 2
      vertex 11.7284 32.852 2
      vertex 11.6292 33.1291 2
    endloop
  endfacet
  facet normal 0 0 1
    outer loop
      vertex 9.5 6 2
      vertex 11.8542 32.5858 2
      vertex 11.7284 32.852 2
    endloop
  endfacet
  facet normal 0 0 1
    outer loop
      vertex 9.5 6 2
      vertex 12.0056 32.3333 2
      vertex 11.8542 32.5858 2
    endloop
  endfacet
  facet normal 0 0 1
    outer loop
      vertex 9.5 6 2
      vertex 12.181 32.0968 2
      vertex 12.0056 32.3333 2
    endloop
  endfacet
  facet normal 0 0 1
    outer loop
      vertex 9.5 6 2
      vertex 12.3787 31.8787 2
      vertex 12.181 32.0968 2
    endloop
  endfacet
  facet normal 0 0 1
    outer loop
      vertex 9.5 6 2
      vertex 12.5968 31.681 2
      vertex 12.3787 31.8787 2
    endloop
  endfacet
  facet normal 0 0 1
    outer loop
      vertex 43.2284 5.35195 2
      vertex 9.23358 4.66061 2
      vertex 43.3542 5.08581 2
    endloop
  endfacet
  facet normal 0 0 1
    outer loop
      vertex 9.08672 4.35011 2
      vertex 43.3542 5.08581 2
      vertex 9.23358 4.66061 2
    endloop
  endfacet
  facet normal 0 0 1
    outer loop
      vertex 43.3542 5.08581 2
      vertex 9.08672 4.35011 2
      vertex 43.5056 4.83329 2
    endloop
  endfacet
  facet normal 0 0 1
    outer loop
      vertex 8.91014 4.0555 2
      vertex 43.5056 4.83329 2
      vertex 9.08672 4.35011 2
    endloop
  endfacet
  facet normal 0 0 1
    outer loop
      vertex 43.5056 4.83329 2
      vertex 8.91014 4.0555 2
      vertex 43.681 4.59682 2
    endloop
  endfacet
  facet normal 0 0 1
    outer loop
      vertex 8.70554 3.77962 2
      vertex 43.681 4.59682 2
      vertex 8.91014 4.0555 2
    endloop
  endfacet
  facet normal 0 0 1
    outer loop
      vertex 43.681 4.59682 2
      vertex 8.70554 3.77962 2
      vertex 43.8787 4.37868 2
    endloop
  endfacet
  facet normal 0 0 1
    outer loop
      vertex 8.47487 3.52513 2
      vertex 43.8787 4.37868 2
      vertex 8.70554 3.77962 2
    endloop
  endfacet
  facet normal 0 0 1
    outer loop
      vertex 43.8787 4.37868 2
      vertex 8.47487 3.52513 2
      vertex 44.0968 4.18097 2
    endloop
  endfacet
  facet normal 0 0 1
    outer loop
      vertex 8.22038 3.29446 2
      vertex 44.0968 4.18097 2
      vertex 8.47487 3.52513 2
    endloop
  endfacet
  facet normal 0 0 1
    outer loop
      vertex 44.0968 4.18097 2
      vertex 8.22038 3.29446 2
      vertex 44.3333 4.00559 2
    endloop
  endfacet
  facet normal 0 0 1
    outer loop
      vertex 7.9445 3.08986 2
      vertex 44.3333 4.00559 2
      vertex 8.22038 3.29446 2
    endloop
  endfacet
  facet normal 0 0 1
    outer loop
      vertex 44.3333 4.00559 2
      vertex 7.9445 3.08986 2
      vertex 44.5858 3.85424 2
    endloop
  endfacet
  facet normal 0 0 1
    outer loop
      vertex 7.64989 2.91328 2
      vertex 44.5858 3.85424 2
      vertex 7.9445 3.08986 2
    endloop
  endfacet
  facet normal 0 0 1
    outer loop
      vertex 44.5858 3.85424 2
      vertex 7.64989 2.91328 2
      vertex 44.852 3.72836 2
    endloop
  endfacet
  facet normal 0 0 1
    outer loop
      vertex 7.33939 2.76642 2
      vertex 44.852 3.72836 2
      vertex 7.64989 2.91328 2
    endloop
  endfacet
  facet normal 0 0 1
    outer loop
      vertex 44.852 3.72836 2
      vertex 7.33939 2.76642 2
      vertex 45.1291 3.62918 2
    endloop
  endfacet
  facet normal 0 0 1
    outer loop
      vertex 7.016 2.65071 2
      vertex 45.1291 3.62918 2
      vertex 7.33939 2.76642 2
    endloop
  endfacet
  facet normal 0 0 1
    outer loop
      vertex 45.1291 3.62918 2
      vertex 7.016 2.65071 2
      vertex 45.4147 3.55764 2
    endloop
  endfacet
  facet normal 0 0 1
    outer loop
      vertex 6.68282 2.56725 2
      vertex 45.4147 3.55764 2
      vertex 7.016 2.65071 2
    endloop
  endfacet
  facet normal 0 0 1
    outer loop
      vertex 45.4147 3.55764 2
      vertex 6.68282 2.56725 2
      vertex 45.7059 3.51445 2
    endloop
  endfacet
  facet normal 0 0 1
    outer loop
      vertex 6.34306 2.51685 2
      vertex 45.7059 3.51445 2
      vertex 6.68282 2.56725 2
    endloop
  endfacet
  facet normal 0 0 1
    outer loop
      vertex 45.7059 3.51445 2
      vertex 6.34306 2.51685 2
      vertex 46 3.5 2
    endloop
  endfacet
  facet normal 0 0 1
    outer loop
      vertex 2 2 2
      vertex 46 3.5 2
      vertex 6.34306 2.51685 2
    endloop
  endfacet
  facet normal 0 0 1
    outer loop
      vertex 2 2 2
      vertex 6.34306 2.51685 2
      vertex 6 2.5 2
    endloop
  endfacet
  facet normal 0 0 1
    outer loop
      vertex 46 3.5 2
      vertex 2 2 2
      vertex 88 2 2
    endloop
  endfacet
  facet normal 0 0 1
    outer loop
      vertex 5.65694 2.51685 2
      vertex 2 2 2
      vertex 6 2.5 2
    endloop
  endfacet
  facet normal 0 0 1
    outer loop
      vertex 5.31718 2.56725 2
      vertex 2 2 2
      vertex 5.65694 2.51685 2
    endloop
  endfacet
  facet normal 0 0 1
    outer loop
      vertex 4.984 2.65071 2
      vertex 2 2 2
      vertex 5.31718 2.56725 2
    endloop
  endfacet
  facet normal 0 0 1
    outer loop
      vertex 4.66061 2.76642 2
      vertex 2 2 2
      vertex 4.984 2.65071 2
    endloop
  endfacet
  facet normal 0 0 1
    outer loop
      vertex 4.35011 2.91328 2
      vertex 2 2 2
      vertex 4.66061 2.76642 2
    endloop
  endfacet
  facet normal 0 0 1
    outer loop
      vertex 4.0555 3.08986 2
      vertex 2 2 2
      vertex 4.35011 2.91328 2
    endloop
  endfacet
  facet normal 0 0 1
    outer loop
      vertex 3.77962 3.29446 2
      vertex 2 2 2
      vertex 4.0555 3.08986 2
    endloop
  endfacet
  facet normal 0 0 1
    outer loop
      vertex 3.52513 3.52513 2
      vertex 2 2 2
      vertex 3.77962 3.29446 2
    endloop
  endfacet
  facet normal 0 0 1
    outer loop
      vertex 3.29446 3.77962 2
      vertex 2 2 2
      vertex 3.52513 3.52513 2
    endloop
  endfacet
  facet normal 0 0 1
    outer loop
      vertex 3.08986 4.0555 2
      vertex 2 2 2
      vertex 3.29446 3.77962 2
    endloop
  endfacet
  facet normal 0 0 1
    outer loop
      vertex 2.91328 4.35011 2
      vertex 2 2 2
      vertex 3.08986 4.0555 2
    endloop
  endfacet
  facet normal 0 0 1
    outer loop
      vertex 2.76642 4.66061 2
      vertex 2 2 2
      vertex 2.91328 4.35011 2
    endloop
  endfacet
  facet normal 0 0 1
    outer loop
      vertex 2.65071 4.984 2
      vertex 2 2 2
      vertex 2.76642 4.66061 2
    endloop
  endfacet
  facet normal 0 0 1
    outer loop
      vertex 2.56725 5.31718 2
      vertex 2 2 2
      vertex 2.65071 4.984 2
    endloop
  endfacet
  facet normal 0 0 1
    outer loop
      vertex 2.51685 5.65694 2
      vertex 2 2 2
      vertex 2.56725 5.31718 2
    endloop
  endfacet
  facet normal 0 0 1
    outer loop
      vertex 2.5 6 2
      vertex 2 2 2
      vertex 2.51685 5.65694 2
    endloop
  endfacet
  facet normal 0 0 1
    outer loop
      vertex 2.51685 6.34306 2
      vertex 2 2 2
      vertex 2.5 6 2
    endloop
  endfacet
  facet normal 0 0 -1
    outer loop
      vertex 5.68785 64.4307 2
      vertex 5.68786 64.4307 2
      vertex 5.84317 64.4077 2
    endloop
  endfacet
  facet normal 0 0 -1
    outer loop
      vertex 5.68785 64.4307 2
      vertex 5.53555 64.4689 2
      vertex 5.68786 64.4307 2
    endloop
  endfacet
  facet normal 0 0 -1
    outer loop
      vertex 5.53554 64.4689 2
      vertex 5.53555 64.4689 2
      vertex 5.68785 64.4307 2
    endloop
  endfacet
  facet normal 0 0 -1
    outer loop
      vertex 5.53554 64.4689 2
      vertex 5.38771 64.5218 2
      vertex 5.53555 64.4689 2
    endloop
  endfacet
  facet normal 0 0 -1
    outer loop
      vertex 5.24576 64.5889 2
      vertex 5.24577 64.5889 2
      vertex 5.38771 64.5218 2
    endloop
  endfacet
  facet normal 0 0 -1
    outer loop
      vertex 5.24576 64.5889 2
      vertex 5.11109 64.6696 2
      vertex 5.24577 64.5889 2
    endloop
  endfacet
  facet normal 0 0 -1
    outer loop
      vertex 4.52179 65.3877 2
      vertex 4.46889 65.5355 2
      vertex 4.4689 65.5355 2
    endloop
  endfacet
  facet normal 0 0 -1
    outer loop
      vertex 4.43074 65.6879 2
      vertex 4.4689 65.5355 2
      vertex 4.46889 65.5355 2
    endloop
  endfacet
  facet normal 0 0 -1
    outer loop
      vertex 4.43074 65.6879 2
      vertex 4.4077 65.8432 2
      vertex 4.40771 65.8432 2
    endloop
  endfacet
  facet normal 0 0 -1
    outer loop
      vertex 4.4077 65.8432 2
      vertex 4.4 66 2
      vertex 4.40771 65.8432 2
    endloop
  endfacet
  facet normal 0 0 -1
    outer loop
      vertex 5.68786 67.5693 2
      vertex 5.68785 67.5693 2
      vertex 5.84317 67.5923 2
    endloop
  endfacet
  facet normal 0 0 -1
    outer loop
      vertex 5.53555 67.5311 2
      vertex 5.68785 67.5693 2
      vertex 5.68786 67.5693 2
    endloop
  endfacet
  facet normal 0 0 -1
    outer loop
      vertex 5.53555 67.5311 2
      vertex 5.53554 67.5311 2
      vertex 5.68785 67.5693 2
    endloop
  endfacet
  facet normal 0 0 -1
    outer loop
      vertex 5.38771 67.4782 2
      vertex 5.53554 67.5311 2
      vertex 5.53555 67.5311 2
    endloop
  endfacet
  facet normal 0 0 -1
    outer loop
      vertex 5.24577 67.4111 2
      vertex 5.24576 67.4111 2
      vertex 5.38771 67.4782 2
    endloop
  endfacet
  facet normal 0 0 -1
    outer loop
      vertex 5.11109 67.3304 2
      vertex 5.24576 67.4111 2
      vertex 5.24577 67.4111 2
    endloop
  endfacet
  facet normal 0 0 -1
    outer loop
      vertex 4.4689 66.4645 2
      vertex 4.46889 66.4645 2
      vertex 4.52179 66.6123 2
    endloop
  endfacet
  facet normal 0 0 -1
    outer loop
      vertex 4.43074 66.3121 2
      vertex 4.46889 66.4645 2
      vertex 4.4689 66.4645 2
    endloop
  endfacet
  facet normal 0 0 -1
    outer loop
      vertex 4.40771 66.1568 2
      vertex 4.4077 66.1568 2
      vertex 4.43074 66.3121 2
    endloop
  endfacet
  facet normal 0 0 -1
    outer loop
      vertex 4.4 66 2
      vertex 4.4077 66.1568 2
      vertex 4.40771 66.1568 2
    endloop
  endfacet
  facet normal 0 0 -1
    outer loop
      vertex 7.56926 5.68786 2
      vertex 7.59229 5.84317 2
      vertex 7.56926 5.68785 2
    endloop
  endfacet
  facet normal 0 0 -1
    outer loop
      vertex 7.5311 5.53555 2
      vertex 7.56926 5.68785 2
      vertex 7.5311 5.53554 2
    endloop
  endfacet
  facet normal -0 0 -1
    outer loop
      vertex 7.56926 5.68785 2
      vertex 7.5311 5.53555 2
      vertex 7.56926 5.68786 2
    endloop
  endfacet
  facet normal -0 0 -1
    outer loop
      vertex 7.5311 5.53554 2
      vertex 7.47821 5.38771 2
      vertex 7.5311 5.53555 2
    endloop
  endfacet
  facet normal 0 0 -1
    outer loop
      vertex 7.41107 5.24577 2
      vertex 7.47821 5.38771 2
      vertex 7.41107 5.24576 2
    endloop
  endfacet
  facet normal -0 0 -1
    outer loop
      vertex 7.41107 5.24576 2
      vertex 7.33035 5.11109 2
      vertex 7.41107 5.24577 2
    endloop
  endfacet
  facet normal 0 0 -1
    outer loop
      vertex 6.46445 4.4689 2
      vertex 6.61229 4.52179 2
      vertex 6.46445 4.46889 2
    endloop
  endfacet
  facet normal -0 0 -1
    outer loop
      vertex 6.46445 4.46889 2
      vertex 6.31214 4.43074 2
      vertex 6.46445 4.4689 2
    endloop
  endfacet
  facet normal 0 0 -1
    outer loop
      vertex 6.15683 4.40771 2
      vertex 6.31214 4.43074 2
      vertex 6.15683 4.4077 2
    endloop
  endfacet
  facet normal -0 0 -1
    outer loop
      vertex 6.15683 4.4077 2
      vertex 6 4.4 2
      vertex 6.15683 4.40771 2
    endloop
  endfacet
  facet normal 0 0 -1
    outer loop
      vertex 5.84317 4.4077 2
      vertex 5.84317 4.40771 2
      vertex 6 4.4 2
    endloop
  endfacet
  facet normal 0 0 -1
    outer loop
      vertex 5.84317 4.4077 2
      vertex 5.68786 4.43074 2
      vertex 5.84317 4.40771 2
    endloop
  endfacet
  facet normal 0 0 -1
    outer loop
      vertex 5.68785 4.43074 2
      vertex 5.68786 4.43074 2
      vertex 5.84317 4.4077 2
    endloop
  endfacet
  facet normal 0 0 -1
    outer loop
      vertex 5.68785 4.43074 2
      vertex 5.53555 4.4689 2
      vertex 5.68786 4.43074 2
    endloop
  endfacet
  facet normal 0 0 -1
    outer loop
      vertex 5.53554 4.46889 2
      vertex 5.53555 4.4689 2
      vertex 5.68785 4.43074 2
    endloop
  endfacet
  facet normal 0 0 -1
    outer loop
      vertex 5.53554 4.46889 2
      vertex 5.38771 4.52179 2
      vertex 5.53555 4.4689 2
    endloop
  endfacet
  facet normal 0 0 -1
    outer loop
      vertex 5.24576 4.58893 2
      vertex 5.24577 4.58893 2
      vertex 5.38771 4.52179 2
    endloop
  endfacet
  facet normal 0 0 -1
    outer loop
      vertex 5.24576 4.58893 2
      vertex 5.11109 4.66965 2
      vertex 5.24577 4.58893 2
    endloop
  endfacet
  facet normal 0 0 -1
    outer loop
      vertex 4.66965 5.11109 2
      vertex 4.58893 5.24576 2
      vertex 4.58893 5.24577 2
    endloop
  endfacet
  facet normal 0 0 -1
    outer loop
      vertex 4.52179 5.38771 2
      vertex 4.58893 5.24577 2
      vertex 4.58893 5.24576 2
    endloop
  endfacet
  facet normal 0 0 -1
    outer loop
      vertex 4.52179 5.38771 2
      vertex 4.46889 5.53554 2
      vertex 4.4689 5.53555 2
    endloop
  endfacet
  facet normal 0 0 -1
    outer loop
      vertex 4.43074 5.68785 2
      vertex 4.4689 5.53555 2
      vertex 4.46889 5.53554 2
    endloop
  endfacet
  facet normal 0 0 -1
    outer loop
      vertex 4.4689 5.53555 2
      vertex 4.43074 5.68785 2
      vertex 4.43074 5.68786 2
    endloop
  endfacet
  facet normal 0 0 -1
    outer loop
      vertex 4.4077 5.84317 2
      vertex 4.43074 5.68786 2
      vertex 4.43074 5.68785 2
    endloop
  endfacet
  facet normal 0 0 -1
    outer loop
      vertex 4.43074 5.68786 2
      vertex 4.4077 5.84317 2
      vertex 4.40771 5.84317 2
    endloop
  endfacet
  facet normal 0 0 -1
    outer loop
      vertex 4.4 6 2
      vertex 4.40771 5.84317 2
      vertex 4.4077 5.84317 2
    endloop
  endfacet
  facet normal 0 0 -1
    outer loop
      vertex 5.68786 7.56926 2
      vertex 5.68785 7.56926 2
      vertex 5.84317 7.59229 2
    endloop
  endfacet
  facet normal 0 0 -1
    outer loop
      vertex 5.53555 7.5311 2
      vertex 5.68785 7.56926 2
      vertex 5.68786 7.56926 2
    endloop
  endfacet
  facet normal 0 0 -1
    outer loop
      vertex 5.53555 7.5311 2
      vertex 5.53554 7.5311 2
      vertex 5.68785 7.56926 2
    endloop
  endfacet
  facet normal 0 0 -1
    outer loop
      vertex 5.38771 7.47821 2
      vertex 5.53554 7.5311 2
      vertex 5.53555 7.5311 2
    endloop
  endfacet
  facet normal 0 0 -1
    outer loop
      vertex 5.24577 7.41107 2
      vertex 5.24576 7.41107 2
      vertex 5.38771 7.47821 2
    endloop
  endfacet
  facet normal 0 0 -1
    outer loop
      vertex 5.11109 7.33035 2
      vertex 5.24576 7.41107 2
      vertex 5.24577 7.41107 2
    endloop
  endfacet
  facet normal 0 0 -1
    outer loop
      vertex 4.4689 6.46445 2
      vertex 4.46889 6.46445 2
      vertex 4.52179 6.61229 2
    endloop
  endfacet
  facet normal 0 0 -1
    outer loop
      vertex 4.43074 6.31214 2
      vertex 4.46889 6.46445 2
      vertex 4.4689 6.46445 2
    endloop
  endfacet
  facet normal 0 0 -1
    outer loop
      vertex 4.40771 6.15683 2
      vertex 4.4077 6.15683 2
      vertex 4.43074 6.31214 2
    endloop
  endfacet
  facet normal 0 0 -1
    outer loop
      vertex 4.4 6 2
      vertex 4.4077 6.15683 2
      vertex 4.40771 6.15683 2
    endloop
  endfacet
  facet normal 0 0 -1
    outer loop
      vertex 85.5693 5.68786 2
      vertex 85.5923 5.84317 2
      vertex 85.5693 5.68785 2
    endloop
  endfacet
  facet normal 0 0 -1
    outer loop
      vertex 85.5311 5.53555 2
      vertex 85.5693 5.68785 2
      vertex 85.5311 5.53554 2
    endloop
  endfacet
  facet normal -0 0 -1
    outer loop
      vertex 85.5693 5.68785 2
      vertex 85.5311 5.53555 2
      vertex 85.5693 5.68786 2
    endloop
  endfacet
  facet normal -0 0 -1
    outer loop
      vertex 85.5311 5.53554 2
      vertex 85.4782 5.38771 2
      vertex 85.5311 5.53555 2
    endloop
  endfacet
  facet normal 0 0 -1
    outer loop
      vertex 85.4111 5.24577 2
      vertex 85.4782 5.38771 2
      vertex 85.4111 5.24576 2
    endloop
  endfacet
  facet normal -0 0 -1
    outer loop
      vertex 85.4111 5.24576 2
      vertex 85.3304 5.11109 2
      vertex 85.4111 5.24577 2
    endloop
  endfacet
  facet normal 0 0 -1
    outer loop
      vertex 84.4645 4.4689 2
      vertex 84.6123 4.52179 2
      vertex 84.4645 4.46889 2
    endloop
  endfacet
  facet normal -0 0 -1
    outer loop
      vertex 84.4645 4.46889 2
      vertex 84.3121 4.43074 2
      vertex 84.4645 4.4689 2
    endloop
  endfacet
  facet normal 0 0 -1
    outer loop
      vertex 84.1568 4.40771 2
      vertex 84.3121 4.43074 2
      vertex 84.1568 4.4077 2
    endloop
  endfacet
  facet normal -0 0 -1
    outer loop
      vertex 84.1568 4.4077 2
      vertex 84 4.4 2
      vertex 84.1568 4.40771 2
    endloop
  endfacet
  facet normal 0 0 -1
    outer loop
      vertex 83.8432 4.4077 2
      vertex 83.8432 4.40771 2
      vertex 84 4.4 2
    endloop
  endfacet
  facet normal 0 0 -1
    outer loop
      vertex 83.8432 4.4077 2
      vertex 83.6879 4.43074 2
      vertex 83.8432 4.40771 2
    endloop
  endfacet
  facet normal 0 0 -1
    outer loop
      vertex 83.5355 4.4689 2
      vertex 83.6879 4.43074 2
      vertex 83.5355 4.46889 2
    endloop
  endfacet
  facet normal 0 0 -1
    outer loop
      vertex 83.5355 4.46889 2
      vertex 83.3877 4.52179 2
      vertex 83.5355 4.4689 2
    endloop
  endfacet
  facet normal 0 0 -1
    outer loop
      vertex 82.5889 5.24576 2
      vertex 82.5889 5.24577 2
      vertex 82.6696 5.11109 2
    endloop
  endfacet
  facet normal 0 0 -1
    outer loop
      vertex 82.5218 5.38771 2
      vertex 82.5889 5.24577 2
      vertex 82.5889 5.24576 2
    endloop
  endfacet
  facet normal 0 0 -1
    outer loop
      vertex 82.4689 5.53554 2
      vertex 82.4689 5.53555 2
      vertex 82.5218 5.38771 2
    endloop
  endfacet
  facet normal 0 0 -1
    outer loop
      vertex 82.4307 5.68785 2
      vertex 82.4689 5.53555 2
      vertex 82.4689 5.53554 2
    endloop
  endfacet
  facet normal 0 0 -1
    outer loop
      vertex 82.4307 5.68785 2
      vertex 82.4307 5.68786 2
      vertex 82.4689 5.53555 2
    endloop
  endfacet
  facet normal 0 0 -1
    outer loop
      vertex 82.4077 5.84317 2
      vertex 82.4307 5.68786 2
      vertex 82.4307 5.68785 2
    endloop
  endfacet
  facet normal 1 -0 0
    outer loop
      vertex 2 2 4
      vertex 2 70 2
      vertex 2 70 4
    endloop
  endfacet
  facet normal 1 0 0
    outer loop
      vertex 2 70 2
      vertex 2 2 4
      vertex 2 2 2
    endloop
  endfacet
  facet normal 0 -1 0
    outer loop
      vertex 2 70 2
      vertex 88 70 4
      vertex 2 70 4
    endloop
  endfacet
  facet normal 0 -1 -0
    outer loop
      vertex 88 70 4
      vertex 2 70 2
      vertex 88 70 2
    endloop
  endfacet
  facet normal 0 1 -0
    outer loop
      vertex 88 2 2
      vertex 2 2 4
      vertex 88 2 4
    endloop
  endfacet
  facet normal 0 1 0
    outer loop
      vertex 2 2 4
      vertex 88 2 2
      vertex 2 2 2
    endloop
  endfacet
  facet normal -1 0 0
    outer loop
      vertex 59 27.195 0
      vertex 59 44.195 2
      vertex 59 44.195 0
    endloop
  endfacet
  facet normal -1 -0 0
    outer loop
      vertex 59 44.195 2
      vertex 59 27.195 0
      vertex 59 27.195 2
    endloop
  endfacet
  facet normal 1 -0 0
    outer loop
      vertex 37 27.195 2
      vertex 37 44.195 0
      vertex 37 44.195 2
    endloop
  endfacet
  facet normal 1 0 0
    outer loop
      vertex 37 44.195 0
      vertex 37 27.195 2
      vertex 37 27.195 0
    endloop
  endfacet
  facet normal 0 -1 0
    outer loop
      vertex 37 44.195 0
      vertex 59 44.195 2
      vertex 37 44.195 2
    endloop
  endfacet
  facet normal 0 -1 -0
    outer loop
      vertex 59 44.195 2
      vertex 37 44.195 0
      vertex 59 44.195 0
    endloop
  endfacet
  facet normal 0 1 -0
    outer loop
      vertex 59 27.195 0
      vertex 37 27.195 2
      vertex 59 27.195 2
    endloop
  endfacet
  facet normal 0 1 0
    outer loop
      vertex 37 27.195 2
      vertex 59 27.195 0
      vertex 37 27.195 0
    endloop
  endfacet
  facet normal -1 0 0
    outer loop
      vertex 54.5 14.5 0
      vertex 54.5 24.5 2
      vertex 54.5 24.5 0
    endloop
  endfacet
  facet normal -1 -0 0
    outer loop
      vertex 54.5 24.5 2
      vertex 54.5 14.5 0
      vertex 54.5 14.5 2
    endloop
  endfacet
  facet normal 1 -0 0
    outer loop
      vertex 40.5 14.5 2
      vertex 40.5 24.5 0
      vertex 40.5 24.5 2
    endloop
  endfacet
  facet normal 1 0 0
    outer loop
      vertex 40.5 24.5 0
      vertex 40.5 14.5 2
      vertex 40.5 14.5 0
    endloop
  endfacet
  facet normal 0 -1 0
    outer loop
      vertex 40.5 24.5 0
      vertex 54.5 24.5 2
      vertex 40.5 24.5 2
    endloop
  endfacet
  facet normal 0 -1 -0
    outer loop
      vertex 54.5 24.5 2
      vertex 40.5 24.5 0
      vertex 54.5 24.5 0
    endloop
  endfacet
  facet normal 0 1 -0
    outer loop
      vertex 54.5 14.5 0
      vertex 40.5 14.5 2
      vertex 54.5 14.5 2
    endloop
  endfacet
  facet normal 0 1 0
    outer loop
      vertex 40.5 14.5 2
      vertex 54.5 14.5 0
      vertex 40.5 14.5 0
    endloop
  endfacet
  facet normal 0.989172 0.14676 0
    outer loop
      vertex 9.48315 66.3431 4
      vertex 9.43275 66.6828 2
      vertex 9.43275 66.6828 4
    endloop
  endfacet
  facet normal 0.989172 0.14676 0
    outer loop
      vertex 9.43275 66.6828 2
      vertex 9.48315 66.3431 4
      vertex 9.48315 66.3431 2
    endloop
  endfacet
  facet normal 0.998796 0.0490519 0
    outer loop
      vertex 9.5 66 4
      vertex 9.48315 66.3431 2
      vertex 9.48315 66.3431 4
    endloop
  endfacet
  facet normal 0.998796 0.0490519 0
    outer loop
      vertex 9.48315 66.3431 2
      vertex 9.5 66 4
      vertex 9.5 66 2
    endloop
  endfacet
  facet normal 0.970033 0.242974 0
    outer loop
      vertex 9.43275 66.6828 4
      vertex 9.34929 67.016 2
      vertex 9.34929 67.016 4
    endloop
  endfacet
  facet normal 0.970033 0.242974 0
    outer loop
      vertex 9.34929 67.016 2
      vertex 9.43275 66.6828 4
      vertex 9.43275 66.6828 2
    endloop
  endfacet
  facet normal 0.595687 -0.803217 0
    outer loop
      vertex 7.9445 63.0899 2
      vertex 8.22038 63.2945 4
      vertex 7.9445 63.0899 4
    endloop
  endfacet
  facet normal 0.595687 -0.803217 0
    outer loop
      vertex 8.22038 63.2945 4
      vertex 7.9445 63.0899 2
      vertex 8.22038 63.2945 2
    endloop
  endfacet
  facet normal 0.427661 -0.903939 0
    outer loop
      vertex 7.33939 62.7664 2
      vertex 7.64989 62.9133 4
      vertex 7.33939 62.7664 4
    endloop
  endfacet
  facet normal 0.427661 -0.903939 0
    outer loop
      vertex 7.64989 62.9133 4
      vertex 7.33939 62.7664 2
      vertex 7.64989 62.9133 2
    endloop
  endfacet
  facet normal -0.671469 -0.741033 0
    outer loop
      vertex 3.52513 63.5251 2
      vertex 3.77962 63.2945 4
      vertex 3.52513 63.5251 4
    endloop
  endfacet
  facet normal -0.671469 -0.741033 -0
    outer loop
      vertex 3.77962 63.2945 4
      vertex 3.52513 63.5251 2
      vertex 3.77962 63.2945 2
    endloop
  endfacet
  facet normal 0.51414 0.857706 -0
    outer loop
      vertex 7.9445 68.9101 2
      vertex 7.64989 69.0867 4
      vertex 7.9445 68.9101 4
    endloop
  endfacet
  facet normal 0.51414 0.857706 0
    outer loop
      vertex 7.64989 69.0867 4
      vertex 7.9445 68.9101 2
      vertex 7.64989 69.0867 2
    endloop
  endfacet
  facet normal -0.146734 -0.989176 0
    outer loop
      vertex 5.31718 62.5673 2
      vertex 5.65694 62.5169 4
      vertex 5.31718 62.5673 4
    endloop
  endfacet
  facet normal -0.146734 -0.989176 -0
    outer loop
      vertex 5.65694 62.5169 4
      vertex 5.31718 62.5673 2
      vertex 5.65694 62.5169 2
    endloop
  endfacet
  facet normal -0.242823 0.970071 0
    outer loop
      vertex 5.31718 69.4327 2
      vertex 4.984 69.3493 4
      vertex 5.31718 69.4327 4
    endloop
  endfacet
  facet normal -0.242823 0.970071 0
    outer loop
      vertex 4.984 69.3493 4
      vertex 5.31718 69.4327 2
      vertex 4.984 69.3493 2
    endloop
  endfacet
  facet normal 0.740944 0.671566 0
    outer loop
      vertex 8.70554 68.2204 4
      vertex 8.47487 68.4749 2
      vertex 8.47487 68.4749 4
    endloop
  endfacet
  facet normal 0.740944 0.671566 0
    outer loop
      vertex 8.47487 68.4749 2
      vertex 8.70554 68.2204 4
      vertex 8.70554 68.2204 2
    endloop
  endfacet
  facet normal -0.970033 -0.242974 0
    outer loop
      vertex 2.65071 64.984 2
      vertex 2.56725 65.3172 4
      vertex 2.56725 65.3172 2
    endloop
  endfacet
  facet normal -0.970033 -0.242974 0
    outer loop
      vertex 2.56725 65.3172 4
      vertex 2.65071 64.984 2
      vertex 2.65071 64.984 4
    endloop
  endfacet
  facet normal 0.857724 0.51411 0
    outer loop
      vertex 9.08672 67.6499 4
      vertex 8.91014 67.9445 2
      vertex 8.91014 67.9445 4
    endloop
  endfacet
  facet normal 0.857724 0.51411 0
    outer loop
      vertex 8.91014 67.9445 2
      vertex 9.08672 67.6499 4
      vertex 9.08672 67.6499 2
    endloop
  endfacet
  facet normal 0.671469 0.741033 -0
    outer loop
      vertex 8.47487 68.4749 2
      vertex 8.22038 68.7055 4
      vertex 8.47487 68.4749 4
    endloop
  endfacet
  facet normal 0.671469 0.741033 0
    outer loop
      vertex 8.22038 68.7055 4
      vertex 8.47487 68.4749 2
      vertex 8.22038 68.7055 2
    endloop
  endfacet
  facet normal -0.941548 -0.336879 0
    outer loop
      vertex 2.76642 64.6606 2
      vertex 2.65071 64.984 4
      vertex 2.65071 64.984 2
    endloop
  endfacet
  facet normal -0.941548 -0.336879 0
    outer loop
      vertex 2.65071 64.984 4
      vertex 2.76642 64.6606 2
      vertex 2.76642 64.6606 4
    endloop
  endfacet
  facet normal 0.336862 -0.941554 0
    outer loop
      vertex 7.016 62.6507 2
      vertex 7.33939 62.7664 4
      vertex 7.016 62.6507 4
    endloop
  endfacet
  facet normal 0.336862 -0.941554 0
    outer loop
      vertex 7.33939 62.7664 4
      vertex 7.016 62.6507 2
      vertex 7.33939 62.7664 2
    endloop
  endfacet
  facet normal 0.941548 0.336879 0
    outer loop
      vertex 9.34929 67.016 4
      vertex 9.23358 67.3394 2
      vertex 9.23358 67.3394 4
    endloop
  endfacet
  facet normal 0.941548 0.336879 0
    outer loop
      vertex 9.23358 67.3394 2
      vertex 9.34929 67.016 4
      vertex 9.34929 67.016 2
    endloop
  endfacet
  facet normal -0.998796 -0.0490519 0
    outer loop
      vertex 2.51685 65.6569 2
      vertex 2.5 66 4
      vertex 2.5 66 2
    endloop
  endfacet
  facet normal -0.998796 -0.0490519 0
    outer loop
      vertex 2.5 66 4
      vertex 2.51685 65.6569 2
      vertex 2.51685 65.6569 4
    endloop
  endfacet
  facet normal -0.0492029 0.998789 0
    outer loop
      vertex 6 69.5 2
      vertex 5.65694 69.4831 4
      vertex 6 69.5 4
    endloop
  endfacet
  facet normal -0.0492029 0.998789 0
    outer loop
      vertex 5.65694 69.4831 4
      vertex 6 69.5 2
      vertex 5.65694 69.4831 2
    endloop
  endfacet
  facet normal 0.903984 -0.427566 0
    outer loop
      vertex 9.08672 64.3501 4
      vertex 9.23358 64.6606 2
      vertex 9.23358 64.6606 4
    endloop
  endfacet
  facet normal 0.903984 -0.427566 0
    outer loop
      vertex 9.23358 64.6606 2
      vertex 9.08672 64.3501 4
      vertex 9.08672 64.3501 2
    endloop
  endfacet
  facet normal 0.595687 0.803217 -0
    outer loop
      vertex 8.22038 68.7055 2
      vertex 7.9445 68.9101 4
      vertex 8.22038 68.7055 4
    endloop
  endfacet
  facet normal 0.595687 0.803217 0
    outer loop
      vertex 7.9445 68.9101 4
      vertex 8.22038 68.7055 2
      vertex 7.9445 68.9101 2
    endloop
  endfacet
  facet normal 0.998796 -0.0490519 0
    outer loop
      vertex 9.48315 65.6569 4
      vertex 9.5 66 2
      vertex 9.5 66 4
    endloop
  endfacet
  facet normal 0.998796 -0.0490519 0
    outer loop
      vertex 9.5 66 2
      vertex 9.48315 65.6569 4
      vertex 9.48315 65.6569 2
    endloop
  endfacet
  facet normal -0.336862 -0.941554 0
    outer loop
      vertex 4.66061 62.7664 2
      vertex 4.984 62.6507 4
      vertex 4.66061 62.7664 4
    endloop
  endfacet
  facet normal -0.336862 -0.941554 -0
    outer loop
      vertex 4.984 62.6507 4
      vertex 4.66061 62.7664 2
      vertex 4.984 62.6507 2
    endloop
  endfacet
  facet normal -0.0492029 -0.998789 0
    outer loop
      vertex 5.65694 62.5169 2
      vertex 6 62.5 4
      vertex 5.65694 62.5169 4
    endloop
  endfacet
  facet normal -0.0492029 -0.998789 -0
    outer loop
      vertex 6 62.5 4
      vertex 5.65694 62.5169 2
      vertex 6 62.5 2
    endloop
  endfacet
  facet normal 0.0492029 -0.998789 0
    outer loop
      vertex 6 62.5 2
      vertex 6.34306 62.5169 4
      vertex 6 62.5 4
    endloop
  endfacet
  facet normal 0.0492029 -0.998789 0
    outer loop
      vertex 6.34306 62.5169 4
      vertex 6 62.5 2
      vertex 6.34306 62.5169 2
    endloop
  endfacet
  facet normal 0.803237 0.595659 0
    outer loop
      vertex 8.91014 67.9445 4
      vertex 8.70554 68.2204 2
      vertex 8.70554 68.2204 4
    endloop
  endfacet
  facet normal 0.803237 0.595659 0
    outer loop
      vertex 8.70554 68.2204 2
      vertex 8.91014 67.9445 4
      vertex 8.91014 67.9445 2
    endloop
  endfacet
  facet normal -0.671469 0.741033 0
    outer loop
      vertex 3.77962 68.7055 2
      vertex 3.52513 68.4749 4
      vertex 3.77962 68.7055 4
    endloop
  endfacet
  facet normal -0.671469 0.741033 0
    outer loop
      vertex 3.52513 68.4749 4
      vertex 3.77962 68.7055 2
      vertex 3.52513 68.4749 2
    endloop
  endfacet
  facet normal 0.146734 0.989176 -0
    outer loop
      vertex 6.68282 69.4327 2
      vertex 6.34306 69.4831 4
      vertex 6.68282 69.4327 4
    endloop
  endfacet
  facet normal 0.146734 0.989176 0
    outer loop
      vertex 6.34306 69.4831 4
      vertex 6.68282 69.4327 2
      vertex 6.34306 69.4831 2
    endloop
  endfacet
  facet normal 0.146734 -0.989176 0
    outer loop
      vertex 6.34306 62.5169 2
      vertex 6.68282 62.5673 4
      vertex 6.34306 62.5169 4
    endloop
  endfacet
  facet normal 0.146734 -0.989176 0
    outer loop
      vertex 6.68282 62.5673 4
      vertex 6.34306 62.5169 2
      vertex 6.68282 62.5673 2
    endloop
  endfacet
  facet normal 0.427661 0.903939 -0
    outer loop
      vertex 7.64989 69.0867 2
      vertex 7.33939 69.2336 4
      vertex 7.64989 69.0867 4
    endloop
  endfacet
  facet normal 0.427661 0.903939 0
    outer loop
      vertex 7.33939 69.2336 4
      vertex 7.64989 69.0867 2
      vertex 7.33939 69.2336 2
    endloop
  endfacet
  facet normal 0.941548 -0.336879 0
    outer loop
      vertex 9.23358 64.6606 4
      vertex 9.34929 64.984 2
      vertex 9.34929 64.984 4
    endloop
  endfacet
  facet normal 0.941548 -0.336879 0
    outer loop
      vertex 9.34929 64.984 2
      vertex 9.23358 64.6606 4
      vertex 9.23358 64.6606 2
    endloop
  endfacet
  facet normal 0.740944 -0.671566 0
    outer loop
      vertex 8.47487 63.5251 4
      vertex 8.70554 63.7796 2
      vertex 8.70554 63.7796 4
    endloop
  endfacet
  facet normal 0.740944 -0.671566 0
    outer loop
      vertex 8.70554 63.7796 2
      vertex 8.47487 63.5251 4
      vertex 8.47487 63.5251 2
    endloop
  endfacet
  facet normal -0.740944 0.671566 0
    outer loop
      vertex 3.29446 68.2204 2
      vertex 3.52513 68.4749 4
      vertex 3.52513 68.4749 2
    endloop
  endfacet
  facet normal -0.740944 0.671566 0
    outer loop
      vertex 3.52513 68.4749 4
      vertex 3.29446 68.2204 2
      vertex 3.29446 68.2204 4
    endloop
  endfacet
  facet normal -0.857724 0.51411 0
    outer loop
      vertex 2.91328 67.6499 2
      vertex 3.08986 67.9445 4
      vertex 3.08986 67.9445 2
    endloop
  endfacet
  facet normal -0.857724 0.51411 0
    outer loop
      vertex 3.08986 67.9445 4
      vertex 2.91328 67.6499 2
      vertex 2.91328 67.6499 4
    endloop
  endfacet
  facet normal 0.903984 0.427566 0
    outer loop
      vertex 9.23358 67.3394 4
      vertex 9.08672 67.6499 2
      vertex 9.08672 67.6499 4
    endloop
  endfacet
  facet normal 0.903984 0.427566 0
    outer loop
      vertex 9.08672 67.6499 2
      vertex 9.23358 67.3394 4
      vertex 9.23358 67.3394 2
    endloop
  endfacet
  facet normal -0.51414 0.857706 0
    outer loop
      vertex 4.35011 69.0867 2
      vertex 4.0555 68.9101 4
      vertex 4.35011 69.0867 4
    endloop
  endfacet
  facet normal -0.51414 0.857706 0
    outer loop
      vertex 4.0555 68.9101 4
      vertex 4.35011 69.0867 2
      vertex 4.0555 68.9101 2
    endloop
  endfacet
  facet normal 0.989172 -0.14676 0
    outer loop
      vertex 9.43275 65.3172 4
      vertex 9.48315 65.6569 2
      vertex 9.48315 65.6569 4
    endloop
  endfacet
  facet normal 0.989172 -0.14676 0
    outer loop
      vertex 9.48315 65.6569 2
      vertex 9.43275 65.3172 4
      vertex 9.43275 65.3172 2
    endloop
  endfacet
  facet normal 0.51414 -0.857706 0
    outer loop
      vertex 7.64989 62.9133 2
      vertex 7.9445 63.0899 4
      vertex 7.64989 62.9133 4
    endloop
  endfacet
  facet normal 0.51414 -0.857706 0
    outer loop
      vertex 7.9445 63.0899 4
      vertex 7.64989 62.9133 2
      vertex 7.9445 63.0899 2
    endloop
  endfacet
  facet normal -0.941548 0.336879 0
    outer loop
      vertex 2.65071 67.016 2
      vertex 2.76642 67.3394 4
      vertex 2.76642 67.3394 2
    endloop
  endfacet
  facet normal -0.941548 0.336879 0
    outer loop
      vertex 2.76642 67.3394 4
      vertex 2.65071 67.016 2
      vertex 2.65071 67.016 4
    endloop
  endfacet
  facet normal 0.336862 0.941554 -0
    outer loop
      vertex 7.33939 69.2336 2
      vertex 7.016 69.3493 4
      vertex 7.33939 69.2336 4
    endloop
  endfacet
  facet normal 0.336862 0.941554 0
    outer loop
      vertex 7.016 69.3493 4
      vertex 7.33939 69.2336 2
      vertex 7.016 69.3493 2
    endloop
  endfacet
  facet normal 0.242823 0.970071 -0
    outer loop
      vertex 7.016 69.3493 2
      vertex 6.68282 69.4327 4
      vertex 7.016 69.3493 4
    endloop
  endfacet
  facet normal 0.242823 0.970071 0
    outer loop
      vertex 6.68282 69.4327 4
      vertex 7.016 69.3493 2
      vertex 6.68282 69.4327 2
    endloop
  endfacet
  facet normal -0.427661 0.903939 0
    outer loop
      vertex 4.66061 69.2336 2
      vertex 4.35011 69.0867 4
      vertex 4.66061 69.2336 4
    endloop
  endfacet
  facet normal -0.427661 0.903939 0
    outer loop
      vertex 4.35011 69.0867 4
      vertex 4.66061 69.2336 2
      vertex 4.35011 69.0867 2
    endloop
  endfacet
  facet normal -0.595687 0.803217 0
    outer loop
      vertex 4.0555 68.9101 2
      vertex 3.77962 68.7055 4
      vertex 4.0555 68.9101 4
    endloop
  endfacet
  facet normal -0.595687 0.803217 0
    outer loop
      vertex 3.77962 68.7055 4
      vertex 4.0555 68.9101 2
      vertex 3.77962 68.7055 2
    endloop
  endfacet
  facet normal -0.146734 0.989176 0
    outer loop
      vertex 5.65694 69.4831 2
      vertex 5.31718 69.4327 4
      vertex 5.65694 69.4831 4
    endloop
  endfacet
  facet normal -0.146734 0.989176 0
    outer loop
      vertex 5.31718 69.4327 4
      vertex 5.65694 69.4831 2
      vertex 5.31718 69.4327 2
    endloop
  endfacet
  facet normal 0.242823 -0.970071 0
    outer loop
      vertex 6.68282 62.5673 2
      vertex 7.016 62.6507 4
      vertex 6.68282 62.5673 4
    endloop
  endfacet
  facet normal 0.242823 -0.970071 0
    outer loop
      vertex 7.016 62.6507 4
      vertex 6.68282 62.5673 2
      vertex 7.016 62.6507 2
    endloop
  endfacet
  facet normal -0.595687 -0.803217 0
    outer loop
      vertex 3.77962 63.2945 2
      vertex 4.0555 63.0899 4
      vertex 3.77962 63.2945 4
    endloop
  endfacet
  facet normal -0.595687 -0.803217 -0
    outer loop
      vertex 4.0555 63.0899 4
      vertex 3.77962 63.2945 2
      vertex 4.0555 63.0899 2
    endloop
  endfacet
  facet normal -0.903984 -0.427566 0
    outer loop
      vertex 2.91328 64.3501 2
      vertex 2.76642 64.6606 4
      vertex 2.76642 64.6606 2
    endloop
  endfacet
  facet normal -0.903984 -0.427566 0
    outer loop
      vertex 2.76642 64.6606 4
      vertex 2.91328 64.3501 2
      vertex 2.91328 64.3501 4
    endloop
  endfacet
  facet normal -0.970033 0.242974 0
    outer loop
      vertex 2.56725 66.6828 2
      vertex 2.65071 67.016 4
      vertex 2.65071 67.016 2
    endloop
  endfacet
  facet normal -0.970033 0.242974 0
    outer loop
      vertex 2.65071 67.016 4
      vertex 2.56725 66.6828 2
      vertex 2.56725 66.6828 4
    endloop
  endfacet
  facet normal -0.740944 -0.671566 0
    outer loop
      vertex 3.52513 63.5251 2
      vertex 3.29446 63.7796 4
      vertex 3.29446 63.7796 2
    endloop
  endfacet
  facet normal -0.740944 -0.671566 0
    outer loop
      vertex 3.29446 63.7796 4
      vertex 3.52513 63.5251 2
      vertex 3.52513 63.5251 4
    endloop
  endfacet
  facet normal -0.336862 0.941554 0
    outer loop
      vertex 4.984 69.3493 2
      vertex 4.66061 69.2336 4
      vertex 4.984 69.3493 4
    endloop
  endfacet
  facet normal -0.336862 0.941554 0
    outer loop
      vertex 4.66061 69.2336 4
      vertex 4.984 69.3493 2
      vertex 4.66061 69.2336 2
    endloop
  endfacet
  facet normal -0.989172 0.14676 0
    outer loop
      vertex 2.51685 66.3431 2
      vertex 2.56725 66.6828 4
      vertex 2.56725 66.6828 2
    endloop
  endfacet
  facet normal -0.989172 0.14676 0
    outer loop
      vertex 2.56725 66.6828 4
      vertex 2.51685 66.3431 2
      vertex 2.51685 66.3431 4
    endloop
  endfacet
  facet normal -0.998796 0.0490519 0
    outer loop
      vertex 2.5 66 2
      vertex 2.51685 66.3431 4
      vertex 2.51685 66.3431 2
    endloop
  endfacet
  facet normal -0.998796 0.0490519 0
    outer loop
      vertex 2.51685 66.3431 4
      vertex 2.5 66 2
      vertex 2.5 66 4
    endloop
  endfacet
  facet normal -0.989172 -0.14676 0
    outer loop
      vertex 2.56725 65.3172 2
      vertex 2.51685 65.6569 4
      vertex 2.51685 65.6569 2
    endloop
  endfacet
  facet normal -0.989172 -0.14676 0
    outer loop
      vertex 2.51685 65.6569 4
      vertex 2.56725 65.3172 2
      vertex 2.56725 65.3172 4
    endloop
  endfacet
  facet normal -0.803237 0.595659 0
    outer loop
      vertex 3.08986 67.9445 2
      vertex 3.29446 68.2204 4
      vertex 3.29446 68.2204 2
    endloop
  endfacet
  facet normal -0.803237 0.595659 0
    outer loop
      vertex 3.29446 68.2204 4
      vertex 3.08986 67.9445 2
      vertex 3.08986 67.9445 4
    endloop
  endfacet
  facet normal 0.970033 -0.242974 0
    outer loop
      vertex 9.34929 64.984 4
      vertex 9.43275 65.3172 2
      vertex 9.43275 65.3172 4
    endloop
  endfacet
  facet normal 0.970033 -0.242974 0
    outer loop
      vertex 9.43275 65.3172 2
      vertex 9.34929 64.984 4
      vertex 9.34929 64.984 2
    endloop
  endfacet
  facet normal -0.803237 -0.595659 0
    outer loop
      vertex 3.29446 63.7796 2
      vertex 3.08986 64.0555 4
      vertex 3.08986 64.0555 2
    endloop
  endfacet
  facet normal -0.803237 -0.595659 0
    outer loop
      vertex 3.08986 64.0555 4
      vertex 3.29446 63.7796 2
      vertex 3.29446 63.7796 4
    endloop
  endfacet
  facet normal 0.0492029 0.998789 -0
    outer loop
      vertex 6.34306 69.4831 2
      vertex 6 69.5 4
      vertex 6.34306 69.4831 4
    endloop
  endfacet
  facet normal 0.0492029 0.998789 0
    outer loop
      vertex 6 69.5 4
      vertex 6.34306 69.4831 2
      vertex 6 69.5 2
    endloop
  endfacet
  facet normal 0.857724 -0.51411 0
    outer loop
      vertex 8.91014 64.0555 4
      vertex 9.08672 64.3501 2
      vertex 9.08672 64.3501 4
    endloop
  endfacet
  facet normal 0.857724 -0.51411 0
    outer loop
      vertex 9.08672 64.3501 2
      vertex 8.91014 64.0555 4
      vertex 8.91014 64.0555 2
    endloop
  endfacet
  facet normal -0.51414 -0.857706 0
    outer loop
      vertex 4.0555 63.0899 2
      vertex 4.35011 62.9133 4
      vertex 4.0555 63.0899 4
    endloop
  endfacet
  facet normal -0.51414 -0.857706 -0
    outer loop
      vertex 4.35011 62.9133 4
      vertex 4.0555 63.0899 2
      vertex 4.35011 62.9133 2
    endloop
  endfacet
  facet normal -0.427661 -0.903939 0
    outer loop
      vertex 4.35011 62.9133 2
      vertex 4.66061 62.7664 4
      vertex 4.35011 62.9133 4
    endloop
  endfacet
  facet normal -0.427661 -0.903939 -0
    outer loop
      vertex 4.66061 62.7664 4
      vertex 4.35011 62.9133 2
      vertex 4.66061 62.7664 2
    endloop
  endfacet
  facet normal 0.803237 -0.595659 0
    outer loop
      vertex 8.70554 63.7796 4
      vertex 8.91014 64.0555 2
      vertex 8.91014 64.0555 4
    endloop
  endfacet
  facet normal 0.803237 -0.595659 0
    outer loop
      vertex 8.91014 64.0555 2
      vertex 8.70554 63.7796 4
      vertex 8.70554 63.7796 2
    endloop
  endfacet
  facet normal -0.242823 -0.970071 0
    outer loop
      vertex 4.984 62.6507 2
      vertex 5.31718 62.5673 4
      vertex 4.984 62.6507 4
    endloop
  endfacet
  facet normal -0.242823 -0.970071 -0
    outer loop
      vertex 5.31718 62.5673 4
      vertex 4.984 62.6507 2
      vertex 5.31718 62.5673 2
    endloop
  endfacet
  facet normal -0.857724 -0.51411 0
    outer loop
      vertex 3.08986 64.0555 2
      vertex 2.91328 64.3501 4
      vertex 2.91328 64.3501 2
    endloop
  endfacet
  facet normal -0.857724 -0.51411 0
    outer loop
      vertex 2.91328 64.3501 4
      vertex 3.08986 64.0555 2
      vertex 3.08986 64.0555 4
    endloop
  endfacet
  facet normal -0.903984 0.427566 0
    outer loop
      vertex 2.76642 67.3394 2
      vertex 2.91328 67.6499 4
      vertex 2.91328 67.6499 2
    endloop
  endfacet
  facet normal -0.903984 0.427566 0
    outer loop
      vertex 2.91328 67.6499 4
      vertex 2.76642 67.3394 2
      vertex 2.76642 67.3394 4
    endloop
  endfacet
  facet normal 0.671469 -0.741033 0
    outer loop
      vertex 8.22038 63.2945 2
      vertex 8.47487 63.5251 4
      vertex 8.22038 63.2945 4
    endloop
  endfacet
  facet normal 0.671469 -0.741033 0
    outer loop
      vertex 8.47487 63.5251 4
      vertex 8.22038 63.2945 2
      vertex 8.47487 63.5251 2
    endloop
  endfacet
  facet normal 0 0 1
    outer loop
      vertex 7.6 66 4
      vertex 9.5 66 4
      vertex 9.48315 66.3431 4
    endloop
  endfacet
  facet normal 0 0 1
    outer loop
      vertex 7.59229 66.1568 4
      vertex 9.48315 66.3431 4
      vertex 9.43275 66.6828 4
    endloop
  endfacet
  facet normal 0 0 1
    outer loop
      vertex 9.5 66 4
      vertex 7.6 66 4
      vertex 9.48315 65.6569 4
    endloop
  endfacet
  facet normal 0 0 1
    outer loop
      vertex 7.56926 66.3121 4
      vertex 9.43275 66.6828 4
      vertex 9.34929 67.016 4
    endloop
  endfacet
  facet normal -0 0 1
    outer loop
      vertex 7.59229 65.8432 4
      vertex 9.48315 65.6569 4
      vertex 7.6 66 4
    endloop
  endfacet
  facet normal 0 0 1
    outer loop
      vertex 7.5311 66.4645 4
      vertex 9.34929 67.016 4
      vertex 9.23358 67.3394 4
    endloop
  endfacet
  facet normal 0 0 1
    outer loop
      vertex 9.48315 65.6569 4
      vertex 7.59229 65.8432 4
      vertex 9.43275 65.3172 4
    endloop
  endfacet
  facet normal 0 0 1
    outer loop
      vertex 7.47821 66.6123 4
      vertex 9.23358 67.3394 4
      vertex 9.08672 67.6499 4
    endloop
  endfacet
  facet normal -0 0 1
    outer loop
      vertex 7.56926 65.6879 4
      vertex 9.43275 65.3172 4
      vertex 7.59229 65.8432 4
    endloop
  endfacet
  facet normal 0 0 1
    outer loop
      vertex 7.41107 66.7542 4
      vertex 9.08672 67.6499 4
      vertex 8.91014 67.9445 4
    endloop
  endfacet
  facet normal 0 0 1
    outer loop
      vertex 9.43275 65.3172 4
      vertex 7.56926 65.6879 4
      vertex 9.34929 64.984 4
    endloop
  endfacet
  facet normal 0 0 1
    outer loop
      vertex 7.33035 66.8889 4
      vertex 8.91014 67.9445 4
      vertex 8.70554 68.2204 4
    endloop
  endfacet
  facet normal -0 0 1
    outer loop
      vertex 7.5311 65.5355 4
      vertex 9.34929 64.984 4
      vertex 7.56926 65.6879 4
    endloop
  endfacet
  facet normal 0 0 1
    outer loop
      vertex 7.23682 67.015 4
      vertex 8.70554 68.2204 4
      vertex 8.47487 68.4749 4
    endloop
  endfacet
  facet normal 0 0 1
    outer loop
      vertex 9.34929 64.984 4
      vertex 7.5311 65.5355 4
      vertex 9.23358 64.6606 4
    endloop
  endfacet
  facet normal 0 0 1
    outer loop
      vertex 7.13137 67.1314 4
      vertex 8.47487 68.4749 4
      vertex 8.22038 68.7055 4
    endloop
  endfacet
  facet normal -0 0 1
    outer loop
      vertex 7.47821 65.3877 4
      vertex 9.23358 64.6606 4
      vertex 7.5311 65.5355 4
    endloop
  endfacet
  facet normal 0 0 1
    outer loop
      vertex 7.01503 67.2368 4
      vertex 8.22038 68.7055 4
      vertex 7.9445 68.9101 4
    endloop
  endfacet
  facet normal 0 0 1
    outer loop
      vertex 9.23358 64.6606 4
      vertex 7.47821 65.3877 4
      vertex 9.08672 64.3501 4
    endloop
  endfacet
  facet normal 0 0 1
    outer loop
      vertex 6.88891 67.3304 4
      vertex 7.9445 68.9101 4
      vertex 7.64989 69.0867 4
    endloop
  endfacet
  facet normal -0 0 1
    outer loop
      vertex 7.41107 65.2458 4
      vertex 9.08672 64.3501 4
      vertex 7.47821 65.3877 4
    endloop
  endfacet
  facet normal 0 0 1
    outer loop
      vertex 9.08672 64.3501 4
      vertex 7.41107 65.2458 4
      vertex 8.91014 64.0555 4
    endloop
  endfacet
  facet normal 0 0 1
    outer loop
      vertex 9.48315 66.3431 4
      vertex 7.59229 66.1568 4
      vertex 7.6 66 4
    endloop
  endfacet
  facet normal 0 0 1
    outer loop
      vertex 9.43275 66.6828 4
      vertex 7.56926 66.3121 4
      vertex 7.59229 66.1568 4
    endloop
  endfacet
  facet normal 0 0 1
    outer loop
      vertex 9.34929 67.016 4
      vertex 7.5311 66.4645 4
      vertex 7.56926 66.3121 4
    endloop
  endfacet
  facet normal 0 0 1
    outer loop
      vertex 9.23358 67.3394 4
      vertex 7.47821 66.6123 4
      vertex 7.5311 66.4645 4
    endloop
  endfacet
  facet normal 0 0 1
    outer loop
      vertex 9.08672 67.6499 4
      vertex 7.41107 66.7542 4
      vertex 7.47821 66.6123 4
    endloop
  endfacet
  facet normal 0 0 1
    outer loop
      vertex 6.75423 67.4111 4
      vertex 7.64989 69.0867 4
      vertex 7.33939 69.2336 4
    endloop
  endfacet
  facet normal 0 0 1
    outer loop
      vertex 8.91014 67.9445 4
      vertex 7.33035 66.8889 4
      vertex 7.41107 66.7542 4
    endloop
  endfacet
  facet normal 0 0 1
    outer loop
      vertex 8.70554 68.2204 4
      vertex 7.23682 67.015 4
      vertex 7.33035 66.8889 4
    endloop
  endfacet
  facet normal 0 0 1
    outer loop
      vertex 8.47487 68.4749 4
      vertex 7.13137 67.1314 4
      vertex 7.23682 67.015 4
    endloop
  endfacet
  facet normal 0 0 1
    outer loop
      vertex 6.61229 67.4782 4
      vertex 7.33939 69.2336 4
      vertex 7.016 69.3493 4
    endloop
  endfacet
  facet normal 0 0 1
    outer loop
      vertex 8.22038 68.7055 4
      vertex 7.01503 67.2368 4
      vertex 7.13137 67.1314 4
    endloop
  endfacet
  facet normal 0 0 1
    outer loop
      vertex 7.9445 68.9101 4
      vertex 6.88891 67.3304 4
      vertex 7.01503 67.2368 4
    endloop
  endfacet
  facet normal 0 0 1
    outer loop
      vertex 7.64989 69.0867 4
      vertex 6.75423 67.4111 4
      vertex 6.88891 67.3304 4
    endloop
  endfacet
  facet normal 0 0 1
    outer loop
      vertex 6.46445 67.5311 4
      vertex 7.016 69.3493 4
      vertex 6.68282 69.4327 4
    endloop
  endfacet
  facet normal 0 0 1
    outer loop
      vertex 7.33939 69.2336 4
      vertex 6.61229 67.4782 4
      vertex 6.75423 67.4111 4
    endloop
  endfacet
  facet normal 0 0 1
    outer loop
      vertex 7.016 69.3493 4
      vertex 6.46445 67.5311 4
      vertex 6.61229 67.4782 4
    endloop
  endfacet
  facet normal 0 0 1
    outer loop
      vertex 6.31214 67.5693 4
      vertex 6.68282 69.4327 4
      vertex 6.34306 69.4831 4
    endloop
  endfacet
  facet normal 0 0 1
    outer loop
      vertex 6.68282 69.4327 4
      vertex 6.31214 67.5693 4
      vertex 6.46445 67.5311 4
    endloop
  endfacet
  facet normal 0 0 1
    outer loop
      vertex 6.34306 69.4831 4
      vertex 6.15683 67.5923 4
      vertex 6.31214 67.5693 4
    endloop
  endfacet
  facet normal 0 0 1
    outer loop
      vertex 6 69.5 4
      vertex 6.15683 67.5923 4
      vertex 6.34306 69.4831 4
    endloop
  endfacet
  facet normal 0 0 1
    outer loop
      vertex 6 69.5 4
      vertex 6 67.6 4
      vertex 6.15683 67.5923 4
    endloop
  endfacet
  facet normal 0 0 1
    outer loop
      vertex 6 69.5 4
      vertex 5.84317 67.5923 4
      vertex 6 67.6 4
    endloop
  endfacet
  facet normal -0 0 1
    outer loop
      vertex 5.65694 69.4831 4
      vertex 5.84317 67.5923 4
      vertex 6 69.5 4
    endloop
  endfacet
  facet normal 0 0 1
    outer loop
      vertex 5.84317 67.5923 4
      vertex 5.65694 69.4831 4
      vertex 5.68786 67.5693 4
    endloop
  endfacet
  facet normal -0 0 1
    outer loop
      vertex 5.31718 69.4327 4
      vertex 5.68786 67.5693 4
      vertex 5.65694 69.4831 4
    endloop
  endfacet
  facet normal 0 0 1
    outer loop
      vertex 5.68786 67.5693 4
      vertex 5.31718 69.4327 4
      vertex 5.53555 67.5311 4
    endloop
  endfacet
  facet normal -0 0 1
    outer loop
      vertex 4.984 69.3493 4
      vertex 5.53555 67.5311 4
      vertex 5.31718 69.4327 4
    endloop
  endfacet
  facet normal 0 0 1
    outer loop
      vertex 5.53555 67.5311 4
      vertex 4.984 69.3493 4
      vertex 5.38771 67.4782 4
    endloop
  endfacet
  facet normal -0 0 1
    outer loop
      vertex 4.66061 69.2336 4
      vertex 5.38771 67.4782 4
      vertex 4.984 69.3493 4
    endloop
  endfacet
  facet normal 0 0 1
    outer loop
      vertex 5.38771 67.4782 4
      vertex 4.66061 69.2336 4
      vertex 5.24577 67.4111 4
    endloop
  endfacet
  facet normal -0 0 1
    outer loop
      vertex 4.35011 69.0867 4
      vertex 5.24577 67.4111 4
      vertex 4.66061 69.2336 4
    endloop
  endfacet
  facet normal 0 0 1
    outer loop
      vertex 5.24577 67.4111 4
      vertex 4.35011 69.0867 4
      vertex 5.11109 67.3304 4
    endloop
  endfacet
  facet normal -0 0 1
    outer loop
      vertex 4.0555 68.9101 4
      vertex 5.11109 67.3304 4
      vertex 4.35011 69.0867 4
    endloop
  endfacet
  facet normal 0 0 1
    outer loop
      vertex 5.11109 67.3304 4
      vertex 4.0555 68.9101 4
      vertex 4.98497 67.2368 4
    endloop
  endfacet
  facet normal -0 0 1
    outer loop
      vertex 3.77962 68.7055 4
      vertex 4.98497 67.2368 4
      vertex 4.0555 68.9101 4
    endloop
  endfacet
  facet normal 0 0 1
    outer loop
      vertex 4.98497 67.2368 4
      vertex 3.77962 68.7055 4
      vertex 4.86863 67.1314 4
    endloop
  endfacet
  facet normal -0 0 1
    outer loop
      vertex 3.52513 68.4749 4
      vertex 4.86863 67.1314 4
      vertex 3.77962 68.7055 4
    endloop
  endfacet
  facet normal 0 0 1
    outer loop
      vertex 4.86863 67.1314 4
      vertex 3.52513 68.4749 4
      vertex 4.76318 67.015 4
    endloop
  endfacet
  facet normal -0 0 1
    outer loop
      vertex 3.29446 68.2204 4
      vertex 4.76318 67.015 4
      vertex 3.52513 68.4749 4
    endloop
  endfacet
  facet normal 0 0 1
    outer loop
      vertex 4.76318 67.015 4
      vertex 3.29446 68.2204 4
      vertex 4.66965 66.8889 4
    endloop
  endfacet
  facet normal 0 0 1
    outer loop
      vertex 4.66965 66.8889 4
      vertex 3.08986 67.9445 4
      vertex 4.58893 66.7542 4
    endloop
  endfacet
  facet normal -0 0 1
    outer loop
      vertex 3.08986 67.9445 4
      vertex 4.66965 66.8889 4
      vertex 3.29446 68.2204 4
    endloop
  endfacet
  facet normal -0 0 1
    outer loop
      vertex 7.33035 65.1111 4
      vertex 8.91014 64.0555 4
      vertex 7.41107 65.2458 4
    endloop
  endfacet
  facet normal 0 0 1
    outer loop
      vertex 8.91014 64.0555 4
      vertex 7.33035 65.1111 4
      vertex 8.70554 63.7796 4
    endloop
  endfacet
  facet normal -0 0 1
    outer loop
      vertex 7.23682 64.985 4
      vertex 8.70554 63.7796 4
      vertex 7.33035 65.1111 4
    endloop
  endfacet
  facet normal 0 0 1
    outer loop
      vertex 8.70554 63.7796 4
      vertex 7.23682 64.985 4
      vertex 8.47487 63.5251 4
    endloop
  endfacet
  facet normal -0 0 1
    outer loop
      vertex 7.13137 64.8686 4
      vertex 8.47487 63.5251 4
      vertex 7.23682 64.985 4
    endloop
  endfacet
  facet normal 0 0 1
    outer loop
      vertex 8.47487 63.5251 4
      vertex 7.13137 64.8686 4
      vertex 8.22038 63.2945 4
    endloop
  endfacet
  facet normal -0 0 1
    outer loop
      vertex 7.01503 64.7632 4
      vertex 8.22038 63.2945 4
      vertex 7.13137 64.8686 4
    endloop
  endfacet
  facet normal 0 0 1
    outer loop
      vertex 8.22038 63.2945 4
      vertex 7.01503 64.7632 4
      vertex 7.9445 63.0899 4
    endloop
  endfacet
  facet normal -0 0 1
    outer loop
      vertex 6.88891 64.6696 4
      vertex 7.9445 63.0899 4
      vertex 7.01503 64.7632 4
    endloop
  endfacet
  facet normal 0 0 1
    outer loop
      vertex 7.9445 63.0899 4
      vertex 6.88891 64.6696 4
      vertex 7.64989 62.9133 4
    endloop
  endfacet
  facet normal -0 0 1
    outer loop
      vertex 6.75423 64.5889 4
      vertex 7.64989 62.9133 4
      vertex 6.88891 64.6696 4
    endloop
  endfacet
  facet normal 0 0 1
    outer loop
      vertex 7.64989 62.9133 4
      vertex 6.75423 64.5889 4
      vertex 7.33939 62.7664 4
    endloop
  endfacet
  facet normal -0 0 1
    outer loop
      vertex 6.61229 64.5218 4
      vertex 7.33939 62.7664 4
      vertex 6.75423 64.5889 4
    endloop
  endfacet
  facet normal 0 0 1
    outer loop
      vertex 7.33939 62.7664 4
      vertex 6.61229 64.5218 4
      vertex 7.016 62.6507 4
    endloop
  endfacet
  facet normal -0 0 1
    outer loop
      vertex 6.46445 64.4689 4
      vertex 7.016 62.6507 4
      vertex 6.61229 64.5218 4
    endloop
  endfacet
  facet normal 0 0 1
    outer loop
      vertex 7.016 62.6507 4
      vertex 6.46445 64.4689 4
      vertex 6.68282 62.5673 4
    endloop
  endfacet
  facet normal -0 0 1
    outer loop
      vertex 6.31214 64.4307 4
      vertex 6.68282 62.5673 4
      vertex 6.46445 64.4689 4
    endloop
  endfacet
  facet normal 0 0 1
    outer loop
      vertex 6.68282 62.5673 4
      vertex 6.31214 64.4307 4
      vertex 6.34306 62.5169 4
    endloop
  endfacet
  facet normal -0 0 1
    outer loop
      vertex 6.15683 64.4077 4
      vertex 6.34306 62.5169 4
      vertex 6.31214 64.4307 4
    endloop
  endfacet
  facet normal -0 0 1
    outer loop
      vertex 6 64.4 4
      vertex 6.34306 62.5169 4
      vertex 6.15683 64.4077 4
    endloop
  endfacet
  facet normal 0 0 1
    outer loop
      vertex 6 64.4 4
      vertex 6 62.5 4
      vertex 6.34306 62.5169 4
    endloop
  endfacet
  facet normal 0 0 1
    outer loop
      vertex 5.84317 64.4077 4
      vertex 6 62.5 4
      vertex 6 64.4 4
    endloop
  endfacet
  facet normal 0 0 1
    outer loop
      vertex 5.65694 62.5169 4
      vertex 5.84317 64.4077 4
      vertex 5.68786 64.4307 4
    endloop
  endfacet
  facet normal 0 0 1
    outer loop
      vertex 5.84317 64.4077 4
      vertex 5.65694 62.5169 4
      vertex 6 62.5 4
    endloop
  endfacet
  facet normal 0 0 1
    outer loop
      vertex 5.31718 62.5673 4
      vertex 5.68786 64.4307 4
      vertex 5.53555 64.4689 4
    endloop
  endfacet
  facet normal 0 0 1
    outer loop
      vertex 4.984 62.6507 4
      vertex 5.53555 64.4689 4
      vertex 5.38771 64.5218 4
    endloop
  endfacet
  facet normal 0 0 1
    outer loop
      vertex 5.68786 64.4307 4
      vertex 5.31718 62.5673 4
      vertex 5.65694 62.5169 4
    endloop
  endfacet
  facet normal 0 0 1
    outer loop
      vertex 4.66061 62.7664 4
      vertex 5.38771 64.5218 4
      vertex 5.24577 64.5889 4
    endloop
  endfacet
  facet normal 0 0 1
    outer loop
      vertex 4.35011 62.9133 4
      vertex 5.24577 64.5889 4
      vertex 5.11109 64.6696 4
    endloop
  endfacet
  facet normal 0 0 1
    outer loop
      vertex 4.0555 63.0899 4
      vertex 5.11109 64.6696 4
      vertex 4.98497 64.7632 4
    endloop
  endfacet
  facet normal 0 0 1
    outer loop
      vertex 5.53555 64.4689 4
      vertex 4.984 62.6507 4
      vertex 5.31718 62.5673 4
    endloop
  endfacet
  facet normal 0 0 1
    outer loop
      vertex 3.77962 63.2945 4
      vertex 4.98497 64.7632 4
      vertex 4.86863 64.8686 4
    endloop
  endfacet
  facet normal 0 0 1
    outer loop
      vertex 3.52513 63.5251 4
      vertex 4.86863 64.8686 4
      vertex 4.76318 64.985 4
    endloop
  endfacet
  facet normal 0 0 1
    outer loop
      vertex 3.29446 63.7796 4
      vertex 4.76318 64.985 4
      vertex 4.66965 65.1111 4
    endloop
  endfacet
  facet normal 0 0 1
    outer loop
      vertex 5.38771 64.5218 4
      vertex 4.66061 62.7664 4
      vertex 4.984 62.6507 4
    endloop
  endfacet
  facet normal 0 0 1
    outer loop
      vertex 3.08986 64.0555 4
      vertex 4.66965 65.1111 4
      vertex 4.58893 65.2458 4
    endloop
  endfacet
  facet normal 0 0 1
    outer loop
      vertex 2.91328 64.3501 4
      vertex 4.58893 65.2458 4
      vertex 4.52179 65.3877 4
    endloop
  endfacet
  facet normal 0 0 1
    outer loop
      vertex 2.76642 64.6606 4
      vertex 4.52179 65.3877 4
      vertex 4.4689 65.5355 4
    endloop
  endfacet
  facet normal 0 0 1
    outer loop
      vertex 2.65071 64.984 4
      vertex 4.4689 65.5355 4
      vertex 4.43074 65.6879 4
    endloop
  endfacet
  facet normal 0 0 1
    outer loop
      vertex 2.56725 65.3172 4
      vertex 4.43074 65.6879 4
      vertex 4.40771 65.8432 4
    endloop
  endfacet
  facet normal 0 0 1
    outer loop
      vertex 5.24577 64.5889 4
      vertex 4.35011 62.9133 4
      vertex 4.66061 62.7664 4
    endloop
  endfacet
  facet normal 0 0 1
    outer loop
      vertex 2.51685 65.6569 4
      vertex 4.40771 65.8432 4
      vertex 4.4 66 4
    endloop
  endfacet
  facet normal -0 0 1
    outer loop
      vertex 2.91328 67.6499 4
      vertex 4.58893 66.7542 4
      vertex 3.08986 67.9445 4
    endloop
  endfacet
  facet normal 0 0 1
    outer loop
      vertex 4.58893 66.7542 4
      vertex 2.91328 67.6499 4
      vertex 4.52179 66.6123 4
    endloop
  endfacet
  facet normal 0 0 1
    outer loop
      vertex 5.11109 64.6696 4
      vertex 4.0555 63.0899 4
      vertex 4.35011 62.9133 4
    endloop
  endfacet
  facet normal -0 0 1
    outer loop
      vertex 2.76642 67.3394 4
      vertex 4.52179 66.6123 4
      vertex 2.91328 67.6499 4
    endloop
  endfacet
  facet normal 0 0 1
    outer loop
      vertex 4.98497 64.7632 4
      vertex 3.77962 63.2945 4
      vertex 4.0555 63.0899 4
    endloop
  endfacet
  facet normal 0 0 1
    outer loop
      vertex 4.52179 66.6123 4
      vertex 2.76642 67.3394 4
      vertex 4.4689 66.4645 4
    endloop
  endfacet
  facet normal 0 0 1
    outer loop
      vertex 4.86863 64.8686 4
      vertex 3.52513 63.5251 4
      vertex 3.77962 63.2945 4
    endloop
  endfacet
  facet normal -0 0 1
    outer loop
      vertex 2.65071 67.016 4
      vertex 4.4689 66.4645 4
      vertex 2.76642 67.3394 4
    endloop
  endfacet
  facet normal 0 0 1
    outer loop
      vertex 4.76318 64.985 4
      vertex 3.29446 63.7796 4
      vertex 3.52513 63.5251 4
    endloop
  endfacet
  facet normal 0 0 1
    outer loop
      vertex 4.4689 66.4645 4
      vertex 2.65071 67.016 4
      vertex 4.43074 66.3121 4
    endloop
  endfacet
  facet normal 0 0 1
    outer loop
      vertex 4.66965 65.1111 4
      vertex 3.08986 64.0555 4
      vertex 3.29446 63.7796 4
    endloop
  endfacet
  facet normal -0 0 1
    outer loop
      vertex 2.56725 66.6828 4
      vertex 4.43074 66.3121 4
      vertex 2.65071 67.016 4
    endloop
  endfacet
  facet normal 0 0 1
    outer loop
      vertex 4.58893 65.2458 4
      vertex 2.91328 64.3501 4
      vertex 3.08986 64.0555 4
    endloop
  endfacet
  facet normal 0 0 1
    outer loop
      vertex 4.43074 66.3121 4
      vertex 2.56725 66.6828 4
      vertex 4.40771 66.1568 4
    endloop
  endfacet
  facet normal 0 0 1
    outer loop
      vertex 4.52179 65.3877 4
      vertex 2.76642 64.6606 4
      vertex 2.91328 64.3501 4
    endloop
  endfacet
  facet normal -0 0 1
    outer loop
      vertex 2.51685 66.3431 4
      vertex 4.40771 66.1568 4
      vertex 2.56725 66.6828 4
    endloop
  endfacet
  facet normal 0 0 1
    outer loop
      vertex 4.4689 65.5355 4
      vertex 2.65071 64.984 4
      vertex 2.76642 64.6606 4
    endloop
  endfacet
  facet normal 0 0 1
    outer loop
      vertex 4.40771 66.1568 4
      vertex 2.51685 66.3431 4
      vertex 4.4 66 4
    endloop
  endfacet
  facet normal 0 0 1
    outer loop
      vertex 4.43074 65.6879 4
      vertex 2.56725 65.3172 4
      vertex 2.65071 64.984 4
    endloop
  endfacet
  facet normal 0 0 1
    outer loop
      vertex 2.5 66 4
      vertex 4.4 66 4
      vertex 2.51685 66.3431 4
    endloop
  endfacet
  facet normal 0 0 1
    outer loop
      vertex 4.40771 65.8432 4
      vertex 2.51685 65.6569 4
      vertex 2.56725 65.3172 4
    endloop
  endfacet
  facet normal 0 0 1
    outer loop
      vertex 4.4 66 4
      vertex 2.5 66 4
      vertex 2.51685 65.6569 4
    endloop
  endfacet
  facet normal 0.24327 0.969959 -0
    outer loop
      vertex 5.68786 64.4307 2
      vertex 5.53555 64.4689 4
      vertex 5.68786 64.4307 4
    endloop
  endfacet
  facet normal 0.24327 0.969959 0
    outer loop
      vertex 5.53555 64.4689 4
      vertex 5.68786 64.4307 2
      vertex 5.53555 64.4689 2
    endloop
  endfacet
  facet normal 0.857774 0.514027 0
    outer loop
      vertex 4.66965 65.1111 4
      vertex 4.58893 65.2458 2
      vertex 4.58893 65.2458 4
    endloop
  endfacet
  facet normal 0.857774 0.514027 0
    outer loop
      vertex 4.58893 65.2458 2
      vertex 4.66965 65.1111 4
      vertex 4.66965 65.1111 2
    endloop
  endfacet
  facet normal -0.146493 0.989212 0
    outer loop
      vertex 6.31214 64.4307 2
      vertex 6.15683 64.4077 4
      vertex 6.31214 64.4307 4
    endloop
  endfacet
  facet normal -0.146493 0.989212 0
    outer loop
      vertex 6.15683 64.4077 4
      vertex 6.31214 64.4307 2
      vertex 6.15683 64.4077 2
    endloop
  endfacet
  facet normal 0.51399 -0.857796 0
    outer loop
      vertex 5.11109 67.3304 2
      vertex 5.24577 67.4111 4
      vertex 5.11109 67.3304 4
    endloop
  endfacet
  facet normal 0.51399 -0.857796 0
    outer loop
      vertex 5.24577 67.4111 4
      vertex 5.11109 67.3304 2
      vertex 5.24577 67.4111 2
    endloop
  endfacet
  facet normal -0.741106 0.671388 0
    outer loop
      vertex 7.13137 64.8686 2
      vertex 7.23682 64.985 4
      vertex 7.23682 64.985 2
    endloop
  endfacet
  facet normal -0.741106 0.671388 0
    outer loop
      vertex 7.23682 64.985 4
      vertex 7.13137 64.8686 2
      vertex 7.13137 64.8686 4
    endloop
  endfacet
  facet normal -0.51399 0.857796 0
    outer loop
      vertex 6.88891 64.6696 2
      vertex 6.75423 64.5889 4
      vertex 6.88891 64.6696 4
    endloop
  endfacet
  facet normal -0.51399 0.857796 0
    outer loop
      vertex 6.75423 64.5889 4
      vertex 6.88891 64.6696 2
      vertex 6.75423 64.5889 2
    endloop
  endfacet
  facet normal 0.989183 -0.146689 0
    outer loop
      vertex 4.40771 66.1568 4
      vertex 4.43074 66.3121 2
      vertex 4.43074 66.3121 4
    endloop
  endfacet
  facet normal 0.989183 -0.146689 0
    outer loop
      vertex 4.43074 66.3121 2
      vertex 4.40771 66.1568 4
      vertex 4.40771 66.1568 2
    endloop
  endfacet
  facet normal -0.970053 0.242895 0
    outer loop
      vertex 7.5311 65.5355 2
      vertex 7.56926 65.6879 4
      vertex 7.56926 65.6879 2
    endloop
  endfacet
  facet normal -0.970053 0.242895 0
    outer loop
      vertex 7.56926 65.6879 4
      vertex 7.5311 65.5355 2
      vertex 7.5311 65.5355 4
    endloop
  endfacet
  facet normal 0.146493 0.989212 -0
    outer loop
      vertex 5.84317 64.4077 2
      vertex 5.68786 64.4307 4
      vertex 5.84317 64.4077 4
    endloop
  endfacet
  facet normal 0.146493 0.989212 0
    outer loop
      vertex 5.68786 64.4307 4
      vertex 5.84317 64.4077 2
      vertex 5.68786 64.4307 2
    endloop
  endfacet
  facet normal 0.998793 0.0491116 0
    outer loop
      vertex 4.40771 65.8432 4
      vertex 4.4 66 2
      vertex 4.4 66 4
    endloop
  endfacet
  facet normal 0.998793 0.0491116 0
    outer loop
      vertex 4.4 66 2
      vertex 4.40771 65.8432 4
      vertex 4.40771 65.8432 2
    endloop
  endfacet
  facet normal 0.741106 -0.671388 0
    outer loop
      vertex 4.76318 67.015 4
      vertex 4.86863 67.1314 2
      vertex 4.86863 67.1314 4
    endloop
  endfacet
  facet normal 0.741106 -0.671388 0
    outer loop
      vertex 4.86863 67.1314 2
      vertex 4.76318 67.015 4
      vertex 4.76318 67.015 2
    endloop
  endfacet
  facet normal 0.970053 0.242895 0
    outer loop
      vertex 4.4689 65.5355 4
      vertex 4.43074 65.6879 2
      vertex 4.43074 65.6879 4
    endloop
  endfacet
  facet normal 0.970053 0.242895 0
    outer loop
      vertex 4.43074 65.6879 2
      vertex 4.4689 65.5355 4
      vertex 4.4689 65.5355 2
    endloop
  endfacet
  facet normal 0.336901 -0.94154 0
    outer loop
      vertex 5.38771 67.4782 2
      vertex 5.53555 67.5311 4
      vertex 5.38771 67.4782 4
    endloop
  endfacet
  facet normal 0.336901 -0.94154 0
    outer loop
      vertex 5.53555 67.5311 4
      vertex 5.38771 67.4782 2
      vertex 5.53555 67.5311 2
    endloop
  endfacet
  facet normal 0.941531 0.336926 0
    outer loop
      vertex 4.52179 65.3877 4
      vertex 4.4689 65.5355 2
      vertex 4.4689 65.5355 4
    endloop
  endfacet
  facet normal 0.941531 0.336926 0
    outer loop
      vertex 4.4689 65.5355 2
      vertex 4.52179 65.3877 4
      vertex 4.52179 65.3877 2
    endloop
  endfacet
  facet normal 0.803184 -0.595732 0
    outer loop
      vertex 4.66965 66.8889 4
      vertex 4.76318 67.015 2
      vertex 4.76318 67.015 4
    endloop
  endfacet
  facet normal 0.803184 -0.595732 0
    outer loop
      vertex 4.76318 67.015 2
      vertex 4.66965 66.8889 4
      vertex 4.66965 66.8889 2
    endloop
  endfacet
  facet normal 0.970053 -0.242895 0
    outer loop
      vertex 4.43074 66.3121 4
      vertex 4.4689 66.4645 2
      vertex 4.4689 66.4645 4
    endloop
  endfacet
  facet normal 0.970053 -0.242895 0
    outer loop
      vertex 4.4689 66.4645 2
      vertex 4.43074 66.3121 4
      vertex 4.43074 66.3121 2
    endloop
  endfacet
  facet normal 0.671404 -0.741092 0
    outer loop
      vertex 4.86863 67.1314 2
      vertex 4.98497 67.2368 4
      vertex 4.86863 67.1314 4
    endloop
  endfacet
  facet normal 0.671404 -0.741092 0
    outer loop
      vertex 4.98497 67.2368 4
      vertex 4.86863 67.1314 2
      vertex 4.98497 67.2368 2
    endloop
  endfacet
  facet normal -0.427385 0.90407 0
    outer loop
      vertex 6.75423 64.5889 2
      vertex 6.61229 64.5218 4
      vertex 6.75423 64.5889 4
    endloop
  endfacet
  facet normal -0.427385 0.90407 0
    outer loop
      vertex 6.61229 64.5218 4
      vertex 6.75423 64.5889 2
      vertex 6.61229 64.5218 2
    endloop
  endfacet
  facet normal 0.24327 -0.969959 0
    outer loop
      vertex 5.53555 67.5311 2
      vertex 5.68786 67.5693 4
      vertex 5.53555 67.5311 4
    endloop
  endfacet
  facet normal 0.24327 -0.969959 0
    outer loop
      vertex 5.68786 67.5693 4
      vertex 5.53555 67.5311 2
      vertex 5.68786 67.5693 2
    endloop
  endfacet
  facet normal 0.941531 -0.336926 0
    outer loop
      vertex 4.4689 66.4645 4
      vertex 4.52179 66.6123 2
      vertex 4.52179 66.6123 4
    endloop
  endfacet
  facet normal 0.941531 -0.336926 0
    outer loop
      vertex 4.52179 66.6123 2
      vertex 4.4689 66.4645 4
      vertex 4.4689 66.4645 2
    endloop
  endfacet
  facet normal 0.51399 0.857796 -0
    outer loop
      vertex 5.24577 64.5889 2
      vertex 5.11109 64.6696 4
      vertex 5.24577 64.5889 4
    endloop
  endfacet
  facet normal 0.51399 0.857796 0
    outer loop
      vertex 5.11109 64.6696 4
      vertex 5.24577 64.5889 2
      vertex 5.11109 64.6696 2
    endloop
  endfacet
  facet normal 0.595958 -0.803015 0
    outer loop
      vertex 4.98497 67.2368 2
      vertex 5.11109 67.3304 4
      vertex 4.98497 67.2368 4
    endloop
  endfacet
  facet normal 0.595958 -0.803015 0
    outer loop
      vertex 5.11109 67.3304 4
      vertex 4.98497 67.2368 2
      vertex 5.11109 67.3304 2
    endloop
  endfacet
  facet normal 0.0490387 -0.998797 0
    outer loop
      vertex 5.84317 67.5923 2
      vertex 6 67.6 4
      vertex 5.84317 67.5923 4
    endloop
  endfacet
  facet normal 0.0490387 -0.998797 0
    outer loop
      vertex 6 67.6 4
      vertex 5.84317 67.5923 2
      vertex 6 67.6 2
    endloop
  endfacet
  facet normal -0.0490387 0.998797 0
    outer loop
      vertex 6.15683 64.4077 2
      vertex 6 64.4 4
      vertex 6.15683 64.4077 4
    endloop
  endfacet
  facet normal -0.0490387 0.998797 0
    outer loop
      vertex 6 64.4 4
      vertex 6.15683 64.4077 2
      vertex 6 64.4 2
    endloop
  endfacet
  facet normal -0.941531 0.336926 0
    outer loop
      vertex 7.47821 65.3877 2
      vertex 7.5311 65.5355 4
      vertex 7.5311 65.5355 2
    endloop
  endfacet
  facet normal -0.941531 0.336926 0
    outer loop
      vertex 7.5311 65.5355 4
      vertex 7.47821 65.3877 2
      vertex 7.47821 65.3877 4
    endloop
  endfacet
  facet normal -0.803184 0.595732 0
    outer loop
      vertex 7.23682 64.985 2
      vertex 7.33035 65.1111 4
      vertex 7.33035 65.1111 2
    endloop
  endfacet
  facet normal -0.803184 0.595732 0
    outer loop
      vertex 7.33035 65.1111 4
      vertex 7.23682 64.985 2
      vertex 7.23682 64.985 4
    endloop
  endfacet
  facet normal -0.989183 0.146689 0
    outer loop
      vertex 7.56926 65.6879 2
      vertex 7.59229 65.8432 4
      vertex 7.59229 65.8432 2
    endloop
  endfacet
  facet normal -0.989183 0.146689 0
    outer loop
      vertex 7.59229 65.8432 4
      vertex 7.56926 65.6879 2
      vertex 7.56926 65.6879 4
    endloop
  endfacet
  facet normal 0.857774 -0.514027 0
    outer loop
      vertex 4.58893 66.7542 4
      vertex 4.66965 66.8889 2
      vertex 4.66965 66.8889 4
    endloop
  endfacet
  facet normal 0.857774 -0.514027 0
    outer loop
      vertex 4.66965 66.8889 2
      vertex 4.58893 66.7542 4
      vertex 4.58893 66.7542 2
    endloop
  endfacet
  facet normal 0.336901 0.94154 -0
    outer loop
      vertex 5.53555 64.4689 2
      vertex 5.38771 64.5218 4
      vertex 5.53555 64.4689 4
    endloop
  endfacet
  facet normal 0.336901 0.94154 0
    outer loop
      vertex 5.38771 64.5218 4
      vertex 5.53555 64.4689 2
      vertex 5.38771 64.5218 2
    endloop
  endfacet
  facet normal 0.427385 -0.90407 0
    outer loop
      vertex 5.24577 67.4111 2
      vertex 5.38771 67.4782 4
      vertex 5.24577 67.4111 4
    endloop
  endfacet
  facet normal 0.427385 -0.90407 0
    outer loop
      vertex 5.38771 67.4782 4
      vertex 5.24577 67.4111 2
      vertex 5.38771 67.4782 2
    endloop
  endfacet
  facet normal -0.595958 0.803015 0
    outer loop
      vertex 7.01503 64.7632 2
      vertex 6.88891 64.6696 4
      vertex 7.01503 64.7632 4
    endloop
  endfacet
  facet normal -0.595958 0.803015 0
    outer loop
      vertex 6.88891 64.6696 4
      vertex 7.01503 64.7632 2
      vertex 6.88891 64.6696 2
    endloop
  endfacet
  facet normal 0.671404 0.741092 -0
    outer loop
      vertex 4.98497 64.7632 2
      vertex 4.86863 64.8686 4
      vertex 4.98497 64.7632 4
    endloop
  endfacet
  facet normal 0.671404 0.741092 0
    outer loop
      vertex 4.86863 64.8686 4
      vertex 4.98497 64.7632 2
      vertex 4.86863 64.8686 2
    endloop
  endfacet
  facet normal -0.998793 0.0491116 0
    outer loop
      vertex 7.59229 65.8432 2
      vertex 7.6 66 4
      vertex 7.6 66 2
    endloop
  endfacet
  facet normal -0.998793 0.0491116 0
    outer loop
      vertex 7.6 66 4
      vertex 7.59229 65.8432 2
      vertex 7.59229 65.8432 4
    endloop
  endfacet
  facet normal 0.803184 0.595732 0
    outer loop
      vertex 4.76318 64.985 4
      vertex 4.66965 65.1111 2
      vertex 4.66965 65.1111 4
    endloop
  endfacet
  facet normal 0.803184 0.595732 0
    outer loop
      vertex 4.66965 65.1111 2
      vertex 4.76318 64.985 4
      vertex 4.76318 64.985 2
    endloop
  endfacet
  facet normal 0.903925 0.427692 0
    outer loop
      vertex 4.58893 65.2458 4
      vertex 4.52179 65.3877 2
      vertex 4.52179 65.3877 4
    endloop
  endfacet
  facet normal 0.903925 0.427692 0
    outer loop
      vertex 4.52179 65.3877 2
      vertex 4.58893 65.2458 4
      vertex 4.58893 65.2458 2
    endloop
  endfacet
  facet normal 0.427385 0.90407 -0
    outer loop
      vertex 5.38771 64.5218 2
      vertex 5.24577 64.5889 4
      vertex 5.38771 64.5218 4
    endloop
  endfacet
  facet normal 0.427385 0.90407 0
    outer loop
      vertex 5.24577 64.5889 4
      vertex 5.38771 64.5218 2
      vertex 5.24577 64.5889 2
    endloop
  endfacet
  facet normal 0.146493 -0.989212 0
    outer loop
      vertex 5.68786 67.5693 2
      vertex 5.84317 67.5923 4
      vertex 5.68786 67.5693 4
    endloop
  endfacet
  facet normal 0.146493 -0.989212 0
    outer loop
      vertex 5.84317 67.5923 4
      vertex 5.68786 67.5693 2
      vertex 5.84317 67.5923 2
    endloop
  endfacet
  facet normal 0.989183 0.146689 0
    outer loop
      vertex 4.43074 65.6879 4
      vertex 4.40771 65.8432 2
      vertex 4.40771 65.8432 4
    endloop
  endfacet
  facet normal 0.989183 0.146689 0
    outer loop
      vertex 4.40771 65.8432 2
      vertex 4.43074 65.6879 4
      vertex 4.43074 65.6879 2
    endloop
  endfacet
  facet normal -0.336901 0.94154 0
    outer loop
      vertex 6.61229 64.5218 2
      vertex 6.46445 64.4689 4
      vertex 6.61229 64.5218 4
    endloop
  endfacet
  facet normal -0.336901 0.94154 0
    outer loop
      vertex 6.46445 64.4689 4
      vertex 6.61229 64.5218 2
      vertex 6.46445 64.4689 2
    endloop
  endfacet
  facet normal -0.24327 0.969959 0
    outer loop
      vertex 6.46445 64.4689 2
      vertex 6.31214 64.4307 4
      vertex 6.46445 64.4689 4
    endloop
  endfacet
  facet normal -0.24327 0.969959 0
    outer loop
      vertex 6.31214 64.4307 4
      vertex 6.46445 64.4689 2
      vertex 6.31214 64.4307 2
    endloop
  endfacet
  facet normal 0.903925 -0.427692 0
    outer loop
      vertex 4.52179 66.6123 4
      vertex 4.58893 66.7542 2
      vertex 4.58893 66.7542 4
    endloop
  endfacet
  facet normal 0.903925 -0.427692 0
    outer loop
      vertex 4.58893 66.7542 2
      vertex 4.52179 66.6123 4
      vertex 4.52179 66.6123 2
    endloop
  endfacet
  facet normal 0.741106 0.671388 0
    outer loop
      vertex 4.86863 64.8686 4
      vertex 4.76318 64.985 2
      vertex 4.76318 64.985 4
    endloop
  endfacet
  facet normal 0.741106 0.671388 0
    outer loop
      vertex 4.76318 64.985 2
      vertex 4.86863 64.8686 4
      vertex 4.86863 64.8686 2
    endloop
  endfacet
  facet normal 0.595958 0.803015 -0
    outer loop
      vertex 5.11109 64.6696 2
      vertex 4.98497 64.7632 4
      vertex 5.11109 64.6696 4
    endloop
  endfacet
  facet normal 0.595958 0.803015 0
    outer loop
      vertex 4.98497 64.7632 4
      vertex 5.11109 64.6696 2
      vertex 4.98497 64.7632 2
    endloop
  endfacet
  facet normal -0.903925 0.427692 0
    outer loop
      vertex 7.41107 65.2458 2
      vertex 7.47821 65.3877 4
      vertex 7.47821 65.3877 2
    endloop
  endfacet
  facet normal -0.903925 0.427692 0
    outer loop
      vertex 7.47821 65.3877 4
      vertex 7.41107 65.2458 2
      vertex 7.41107 65.2458 4
    endloop
  endfacet
  facet normal -0.857774 0.514027 0
    outer loop
      vertex 7.33035 65.1111 2
      vertex 7.41107 65.2458 4
      vertex 7.41107 65.2458 2
    endloop
  endfacet
  facet normal -0.857774 0.514027 0
    outer loop
      vertex 7.41107 65.2458 4
      vertex 7.33035 65.1111 2
      vertex 7.33035 65.1111 4
    endloop
  endfacet
  facet normal 0.0490387 0.998797 -0
    outer loop
      vertex 6 64.4 2
      vertex 5.84317 64.4077 4
      vertex 6 64.4 4
    endloop
  endfacet
  facet normal 0.0490387 0.998797 0
    outer loop
      vertex 5.84317 64.4077 4
      vertex 6 64.4 2
      vertex 5.84317 64.4077 2
    endloop
  endfacet
  facet normal 0.998793 -0.0491116 0
    outer loop
      vertex 4.4 66 4
      vertex 4.40771 66.1568 2
      vertex 4.40771 66.1568 4
    endloop
  endfacet
  facet normal 0.998793 -0.0491116 0
    outer loop
      vertex 4.40771 66.1568 2
      vertex 4.4 66 4
      vertex 4.4 66 2
    endloop
  endfacet
  facet normal -0.671404 0.741092 0
    outer loop
      vertex 7.13137 64.8686 2
      vertex 7.01503 64.7632 4
      vertex 7.13137 64.8686 4
    endloop
  endfacet
  facet normal -0.671404 0.741092 0
    outer loop
      vertex 7.01503 64.7632 4
      vertex 7.13137 64.8686 2
      vertex 7.01503 64.7632 2
    endloop
  endfacet
  facet normal 0.989172 0.14676 0
    outer loop
      vertex 87.4831 66.3431 4
      vertex 87.4327 66.6828 2
      vertex 87.4327 66.6828 4
    endloop
  endfacet
  facet normal 0.989172 0.14676 0
    outer loop
      vertex 87.4327 66.6828 2
      vertex 87.4831 66.3431 4
      vertex 87.4831 66.3431 2
    endloop
  endfacet
  facet normal 0.998789 0.0491971 0
    outer loop
      vertex 87.5 66 4
      vertex 87.4831 66.3431 2
      vertex 87.4831 66.3431 4
    endloop
  endfacet
  facet normal 0.998789 0.0491971 0
    outer loop
      vertex 87.4831 66.3431 2
      vertex 87.5 66 4
      vertex 87.5 66 2
    endloop
  endfacet
  facet normal 0.970074 0.24281 0
    outer loop
      vertex 87.4327 66.6828 4
      vertex 87.3493 67.016 2
      vertex 87.3493 67.016 4
    endloop
  endfacet
  facet normal 0.970074 0.24281 0
    outer loop
      vertex 87.3493 67.016 2
      vertex 87.4327 66.6828 4
      vertex 87.4327 66.6828 2
    endloop
  endfacet
  facet normal 0.595659 -0.803237 0
    outer loop
      vertex 85.9445 63.0899 2
      vertex 86.2204 63.2945 4
      vertex 85.9445 63.0899 4
    endloop
  endfacet
  facet normal 0.595659 -0.803237 0
    outer loop
      vertex 86.2204 63.2945 4
      vertex 85.9445 63.0899 2
      vertex 86.2204 63.2945 2
    endloop
  endfacet
  facet normal 0.427661 -0.903939 0
    outer loop
      vertex 85.3394 62.7664 2
      vertex 85.6499 62.9133 4
      vertex 85.3394 62.7664 4
    endloop
  endfacet
  facet normal 0.427661 -0.903939 0
    outer loop
      vertex 85.6499 62.9133 4
      vertex 85.3394 62.7664 2
      vertex 85.6499 62.9133 2
    endloop
  endfacet
  facet normal -0.671454 -0.741046 0
    outer loop
      vertex 81.5251 63.5251 2
      vertex 81.7796 63.2945 4
      vertex 81.5251 63.5251 4
    endloop
  endfacet
  facet normal -0.671454 -0.741046 -0
    outer loop
      vertex 81.7796 63.2945 4
      vertex 81.5251 63.5251 2
      vertex 81.7796 63.2945 2
    endloop
  endfacet
  facet normal 0.514153 0.857698 -0
    outer loop
      vertex 85.9445 68.9101 2
      vertex 85.6499 69.0867 4
      vertex 85.9445 68.9101 4
    endloop
  endfacet
  facet normal 0.514153 0.857698 0
    outer loop
      vertex 85.6499 69.0867 4
      vertex 85.9445 68.9101 2
      vertex 85.6499 69.0867 2
    endloop
  endfacet
  facet normal -0.14676 -0.989172 0
    outer loop
      vertex 83.3172 62.5673 2
      vertex 83.6569 62.5169 4
      vertex 83.3172 62.5673 4
    endloop
  endfacet
  facet normal -0.14676 -0.989172 -0
    outer loop
      vertex 83.6569 62.5169 4
      vertex 83.3172 62.5673 2
      vertex 83.6569 62.5169 2
    endloop
  endfacet
  facet normal -0.24281 0.970074 0
    outer loop
      vertex 83.3172 69.4327 2
      vertex 82.984 69.3493 4
      vertex 83.3172 69.4327 4
    endloop
  endfacet
  facet normal -0.24281 0.970074 0
    outer loop
      vertex 82.984 69.3493 4
      vertex 83.3172 69.4327 2
      vertex 82.984 69.3493 2
    endloop
  endfacet
  facet normal 0.741046 0.671454 0
    outer loop
      vertex 86.7055 68.2204 4
      vertex 86.4749 68.4749 2
      vertex 86.4749 68.4749 4
    endloop
  endfacet
  facet normal 0.741046 0.671454 0
    outer loop
      vertex 86.4749 68.4749 2
      vertex 86.7055 68.2204 4
      vertex 86.7055 68.2204 2
    endloop
  endfacet
  facet normal -0.970074 -0.24281 0
    outer loop
      vertex 80.6507 64.984 2
      vertex 80.5673 65.3172 4
      vertex 80.5673 65.3172 2
    endloop
  endfacet
  facet normal -0.970074 -0.24281 0
    outer loop
      vertex 80.5673 65.3172 4
      vertex 80.6507 64.984 2
      vertex 80.6507 64.984 4
    endloop
  endfacet
  facet normal 0.857698 0.514153 0
    outer loop
      vertex 87.0867 67.6499 4
      vertex 86.9101 67.9445 2
      vertex 86.9101 67.9445 4
    endloop
  endfacet
  facet normal 0.857698 0.514153 0
    outer loop
      vertex 86.9101 67.9445 2
      vertex 87.0867 67.6499 4
      vertex 87.0867 67.6499 2
    endloop
  endfacet
  facet normal 0.671454 0.741046 -0
    outer loop
      vertex 86.4749 68.4749 2
      vertex 86.2204 68.7055 4
      vertex 86.4749 68.4749 4
    endloop
  endfacet
  facet normal 0.671454 0.741046 0
    outer loop
      vertex 86.2204 68.7055 4
      vertex 86.4749 68.4749 2
      vertex 86.2204 68.7055 2
    endloop
  endfacet
  facet normal -0.941557 -0.336853 0
    outer loop
      vertex 80.7664 64.6606 2
      vertex 80.6507 64.984 4
      vertex 80.6507 64.984 2
    endloop
  endfacet
  facet normal -0.941557 -0.336853 0
    outer loop
      vertex 80.6507 64.984 4
      vertex 80.7664 64.6606 2
      vertex 80.7664 64.6606 4
    endloop
  endfacet
  facet normal 0.336853 -0.941557 0
    outer loop
      vertex 85.016 62.6507 2
      vertex 85.3394 62.7664 4
      vertex 85.016 62.6507 4
    endloop
  endfacet
  facet normal 0.336853 -0.941557 0
    outer loop
      vertex 85.3394 62.7664 4
      vertex 85.016 62.6507 2
      vertex 85.3394 62.7664 2
    endloop
  endfacet
  facet normal 0.941557 0.336853 0
    outer loop
      vertex 87.3493 67.016 4
      vertex 87.2336 67.3394 2
      vertex 87.2336 67.3394 4
    endloop
  endfacet
  facet normal 0.941557 0.336853 0
    outer loop
      vertex 87.2336 67.3394 2
      vertex 87.3493 67.016 4
      vertex 87.3493 67.016 2
    endloop
  endfacet
  facet normal -0.998789 -0.0491971 0
    outer loop
      vertex 80.5169 65.6569 2
      vertex 80.5 66 4
      vertex 80.5 66 2
    endloop
  endfacet
  facet normal -0.998789 -0.0491971 0
    outer loop
      vertex 80.5 66 4
      vertex 80.5169 65.6569 2
      vertex 80.5169 65.6569 4
    endloop
  endfacet
  facet normal -0.0491971 0.998789 0
    outer loop
      vertex 84 69.5 2
      vertex 83.6569 69.4831 4
      vertex 84 69.5 4
    endloop
  endfacet
  facet normal -0.0491971 0.998789 0
    outer loop
      vertex 83.6569 69.4831 4
      vertex 84 69.5 2
      vertex 83.6569 69.4831 2
    endloop
  endfacet
  facet normal 0.903939 -0.427661 0
    outer loop
      vertex 87.0867 64.3501 4
      vertex 87.2336 64.6606 2
      vertex 87.2336 64.6606 4
    endloop
  endfacet
  facet normal 0.903939 -0.427661 0
    outer loop
      vertex 87.2336 64.6606 2
      vertex 87.0867 64.3501 4
      vertex 87.0867 64.3501 2
    endloop
  endfacet
  facet normal 0.595659 0.803237 -0
    outer loop
      vertex 86.2204 68.7055 2
      vertex 85.9445 68.9101 4
      vertex 86.2204 68.7055 4
    endloop
  endfacet
  facet normal 0.595659 0.803237 0
    outer loop
      vertex 85.9445 68.9101 4
      vertex 86.2204 68.7055 2
      vertex 85.9445 68.9101 2
    endloop
  endfacet
  facet normal 0.998789 -0.0491971 0
    outer loop
      vertex 87.4831 65.6569 4
      vertex 87.5 66 2
      vertex 87.5 66 4
    endloop
  endfacet
  facet normal 0.998789 -0.0491971 0
    outer loop
      vertex 87.5 66 2
      vertex 87.4831 65.6569 4
      vertex 87.4831 65.6569 2
    endloop
  endfacet
  facet normal -0.336853 -0.941557 0
    outer loop
      vertex 82.6606 62.7664 2
      vertex 82.984 62.6507 4
      vertex 82.6606 62.7664 4
    endloop
  endfacet
  facet normal -0.336853 -0.941557 -0
    outer loop
      vertex 82.984 62.6507 4
      vertex 82.6606 62.7664 2
      vertex 82.984 62.6507 2
    endloop
  endfacet
  facet normal -0.0491971 -0.998789 0
    outer loop
      vertex 83.6569 62.5169 2
      vertex 84 62.5 4
      vertex 83.6569 62.5169 4
    endloop
  endfacet
  facet normal -0.0491971 -0.998789 -0
    outer loop
      vertex 84 62.5 4
      vertex 83.6569 62.5169 2
      vertex 84 62.5 2
    endloop
  endfacet
  facet normal 0.0491971 -0.998789 0
    outer loop
      vertex 84 62.5 2
      vertex 84.3431 62.5169 4
      vertex 84 62.5 4
    endloop
  endfacet
  facet normal 0.0491971 -0.998789 0
    outer loop
      vertex 84.3431 62.5169 4
      vertex 84 62.5 2
      vertex 84.3431 62.5169 2
    endloop
  endfacet
  facet normal 0.803237 0.595659 0
    outer loop
      vertex 86.9101 67.9445 4
      vertex 86.7055 68.2204 2
      vertex 86.7055 68.2204 4
    endloop
  endfacet
  facet normal 0.803237 0.595659 0
    outer loop
      vertex 86.7055 68.2204 2
      vertex 86.9101 67.9445 4
      vertex 86.9101 67.9445 2
    endloop
  endfacet
  facet normal -0.671454 0.741046 0
    outer loop
      vertex 81.7796 68.7055 2
      vertex 81.5251 68.4749 4
      vertex 81.7796 68.7055 4
    endloop
  endfacet
  facet normal -0.671454 0.741046 0
    outer loop
      vertex 81.5251 68.4749 4
      vertex 81.7796 68.7055 2
      vertex 81.5251 68.4749 2
    endloop
  endfacet
  facet normal 0.14676 0.989172 -0
    outer loop
      vertex 84.6828 69.4327 2
      vertex 84.3431 69.4831 4
      vertex 84.6828 69.4327 4
    endloop
  endfacet
  facet normal 0.14676 0.989172 0
    outer loop
      vertex 84.3431 69.4831 4
      vertex 84.6828 69.4327 2
      vertex 84.3431 69.4831 2
    endloop
  endfacet
  facet normal 0.14676 -0.989172 0
    outer loop
      vertex 84.3431 62.5169 2
      vertex 84.6828 62.5673 4
      vertex 84.3431 62.5169 4
    endloop
  endfacet
  facet normal 0.14676 -0.989172 0
    outer loop
      vertex 84.6828 62.5673 4
      vertex 84.3431 62.5169 2
      vertex 84.6828 62.5673 2
    endloop
  endfacet
  facet normal 0.427661 0.903939 -0
    outer loop
      vertex 85.6499 69.0867 2
      vertex 85.3394 69.2336 4
      vertex 85.6499 69.0867 4
    endloop
  endfacet
  facet normal 0.427661 0.903939 0
    outer loop
      vertex 85.3394 69.2336 4
      vertex 85.6499 69.0867 2
      vertex 85.3394 69.2336 2
    endloop
  endfacet
  facet normal 0.941557 -0.336853 0
    outer loop
      vertex 87.2336 64.6606 4
      vertex 87.3493 64.984 2
      vertex 87.3493 64.984 4
    endloop
  endfacet
  facet normal 0.941557 -0.336853 0
    outer loop
      vertex 87.3493 64.984 2
      vertex 87.2336 64.6606 4
      vertex 87.2336 64.6606 2
    endloop
  endfacet
  facet normal 0.741046 -0.671454 0
    outer loop
      vertex 86.4749 63.5251 4
      vertex 86.7055 63.7796 2
      vertex 86.7055 63.7796 4
    endloop
  endfacet
  facet normal 0.741046 -0.671454 0
    outer loop
      vertex 86.7055 63.7796 2
      vertex 86.4749 63.5251 4
      vertex 86.4749 63.5251 2
    endloop
  endfacet
  facet normal -0.741046 0.671454 0
    outer loop
      vertex 81.2945 68.2204 2
      vertex 81.5251 68.4749 4
      vertex 81.5251 68.4749 2
    endloop
  endfacet
  facet normal -0.741046 0.671454 0
    outer loop
      vertex 81.5251 68.4749 4
      vertex 81.2945 68.2204 2
      vertex 81.2945 68.2204 4
    endloop
  endfacet
  facet normal -0.857698 0.514153 0
    outer loop
      vertex 80.9133 67.6499 2
      vertex 81.0899 67.9445 4
      vertex 81.0899 67.9445 2
    endloop
  endfacet
  facet normal -0.857698 0.514153 0
    outer loop
      vertex 81.0899 67.9445 4
      vertex 80.9133 67.6499 2
      vertex 80.9133 67.6499 4
    endloop
  endfacet
  facet normal 0.903939 0.427661 0
    outer loop
      vertex 87.2336 67.3394 4
      vertex 87.0867 67.6499 2
      vertex 87.0867 67.6499 4
    endloop
  endfacet
  facet normal 0.903939 0.427661 0
    outer loop
      vertex 87.0867 67.6499 2
      vertex 87.2336 67.3394 4
      vertex 87.2336 67.3394 2
    endloop
  endfacet
  facet normal -0.514153 0.857698 0
    outer loop
      vertex 82.3501 69.0867 2
      vertex 82.0555 68.9101 4
      vertex 82.3501 69.0867 4
    endloop
  endfacet
  facet normal -0.514153 0.857698 0
    outer loop
      vertex 82.0555 68.9101 4
      vertex 82.3501 69.0867 2
      vertex 82.0555 68.9101 2
    endloop
  endfacet
  facet normal 0.989172 -0.14676 0
    outer loop
      vertex 87.4327 65.3172 4
      vertex 87.4831 65.6569 2
      vertex 87.4831 65.6569 4
    endloop
  endfacet
  facet normal 0.989172 -0.14676 0
    outer loop
      vertex 87.4831 65.6569 2
      vertex 87.4327 65.3172 4
      vertex 87.4327 65.3172 2
    endloop
  endfacet
  facet normal 0.514153 -0.857698 0
    outer loop
      vertex 85.6499 62.9133 2
      vertex 85.9445 63.0899 4
      vertex 85.6499 62.9133 4
    endloop
  endfacet
  facet normal 0.514153 -0.857698 0
    outer loop
      vertex 85.9445 63.0899 4
      vertex 85.6499 62.9133 2
      vertex 85.9445 63.0899 2
    endloop
  endfacet
  facet normal -0.941557 0.336853 0
    outer loop
      vertex 80.6507 67.016 2
      vertex 80.7664 67.3394 4
      vertex 80.7664 67.3394 2
    endloop
  endfacet
  facet normal -0.941557 0.336853 0
    outer loop
      vertex 80.7664 67.3394 4
      vertex 80.6507 67.016 2
      vertex 80.6507 67.016 4
    endloop
  endfacet
  facet normal 0.336853 0.941557 -0
    outer loop
      vertex 85.3394 69.2336 2
      vertex 85.016 69.3493 4
      vertex 85.3394 69.2336 4
    endloop
  endfacet
  facet normal 0.336853 0.941557 0
    outer loop
      vertex 85.016 69.3493 4
      vertex 85.3394 69.2336 2
      vertex 85.016 69.3493 2
    endloop
  endfacet
  facet normal 0.24281 0.970074 -0
    outer loop
      vertex 85.016 69.3493 2
      vertex 84.6828 69.4327 4
      vertex 85.016 69.3493 4
    endloop
  endfacet
  facet normal 0.24281 0.970074 0
    outer loop
      vertex 84.6828 69.4327 4
      vertex 85.016 69.3493 2
      vertex 84.6828 69.4327 2
    endloop
  endfacet
  facet normal -0.427661 0.903939 0
    outer loop
      vertex 82.6606 69.2336 2
      vertex 82.3501 69.0867 4
      vertex 82.6606 69.2336 4
    endloop
  endfacet
  facet normal -0.427661 0.903939 0
    outer loop
      vertex 82.3501 69.0867 4
      vertex 82.6606 69.2336 2
      vertex 82.3501 69.0867 2
    endloop
  endfacet
  facet normal -0.595659 0.803237 0
    outer loop
      vertex 82.0555 68.9101 2
      vertex 81.7796 68.7055 4
      vertex 82.0555 68.9101 4
    endloop
  endfacet
  facet normal -0.595659 0.803237 0
    outer loop
      vertex 81.7796 68.7055 4
      vertex 82.0555 68.9101 2
      vertex 81.7796 68.7055 2
    endloop
  endfacet
  facet normal -0.14676 0.989172 0
    outer loop
      vertex 83.6569 69.4831 2
      vertex 83.3172 69.4327 4
      vertex 83.6569 69.4831 4
    endloop
  endfacet
  facet normal -0.14676 0.989172 0
    outer loop
      vertex 83.3172 69.4327 4
      vertex 83.6569 69.4831 2
      vertex 83.3172 69.4327 2
    endloop
  endfacet
  facet normal 0.24281 -0.970074 0
    outer loop
      vertex 84.6828 62.5673 2
      vertex 85.016 62.6507 4
      vertex 84.6828 62.5673 4
    endloop
  endfacet
  facet normal 0.24281 -0.970074 0
    outer loop
      vertex 85.016 62.6507 4
      vertex 84.6828 62.5673 2
      vertex 85.016 62.6507 2
    endloop
  endfacet
  facet normal -0.595659 -0.803237 0
    outer loop
      vertex 81.7796 63.2945 2
      vertex 82.0555 63.0899 4
      vertex 81.7796 63.2945 4
    endloop
  endfacet
  facet normal -0.595659 -0.803237 -0
    outer loop
      vertex 82.0555 63.0899 4
      vertex 81.7796 63.2945 2
      vertex 82.0555 63.0899 2
    endloop
  endfacet
  facet normal -0.903939 -0.427661 0
    outer loop
      vertex 80.9133 64.3501 2
      vertex 80.7664 64.6606 4
      vertex 80.7664 64.6606 2
    endloop
  endfacet
  facet normal -0.903939 -0.427661 0
    outer loop
      vertex 80.7664 64.6606 4
      vertex 80.9133 64.3501 2
      vertex 80.9133 64.3501 4
    endloop
  endfacet
  facet normal -0.970074 0.24281 0
    outer loop
      vertex 80.5673 66.6828 2
      vertex 80.6507 67.016 4
      vertex 80.6507 67.016 2
    endloop
  endfacet
  facet normal -0.970074 0.24281 0
    outer loop
      vertex 80.6507 67.016 4
      vertex 80.5673 66.6828 2
      vertex 80.5673 66.6828 4
    endloop
  endfacet
  facet normal -0.741046 -0.671454 0
    outer loop
      vertex 81.5251 63.5251 2
      vertex 81.2945 63.7796 4
      vertex 81.2945 63.7796 2
    endloop
  endfacet
  facet normal -0.741046 -0.671454 0
    outer loop
      vertex 81.2945 63.7796 4
      vertex 81.5251 63.5251 2
      vertex 81.5251 63.5251 4
    endloop
  endfacet
  facet normal -0.336853 0.941557 0
    outer loop
      vertex 82.984 69.3493 2
      vertex 82.6606 69.2336 4
      vertex 82.984 69.3493 4
    endloop
  endfacet
  facet normal -0.336853 0.941557 0
    outer loop
      vertex 82.6606 69.2336 4
      vertex 82.984 69.3493 2
      vertex 82.6606 69.2336 2
    endloop
  endfacet
  facet normal -0.989172 0.14676 0
    outer loop
      vertex 80.5169 66.3431 2
      vertex 80.5673 66.6828 4
      vertex 80.5673 66.6828 2
    endloop
  endfacet
  facet normal -0.989172 0.14676 0
    outer loop
      vertex 80.5673 66.6828 4
      vertex 80.5169 66.3431 2
      vertex 80.5169 66.3431 4
    endloop
  endfacet
  facet normal -0.998789 0.0491971 0
    outer loop
      vertex 80.5 66 2
      vertex 80.5169 66.3431 4
      vertex 80.5169 66.3431 2
    endloop
  endfacet
  facet normal -0.998789 0.0491971 0
    outer loop
      vertex 80.5169 66.3431 4
      vertex 80.5 66 2
      vertex 80.5 66 4
    endloop
  endfacet
  facet normal -0.989172 -0.14676 0
    outer loop
      vertex 80.5673 65.3172 2
      vertex 80.5169 65.6569 4
      vertex 80.5169 65.6569 2
    endloop
  endfacet
  facet normal -0.989172 -0.14676 0
    outer loop
      vertex 80.5169 65.6569 4
      vertex 80.5673 65.3172 2
      vertex 80.5673 65.3172 4
    endloop
  endfacet
  facet normal -0.803237 0.595659 0
    outer loop
      vertex 81.0899 67.9445 2
      vertex 81.2945 68.2204 4
      vertex 81.2945 68.2204 2
    endloop
  endfacet
  facet normal -0.803237 0.595659 0
    outer loop
      vertex 81.2945 68.2204 4
      vertex 81.0899 67.9445 2
      vertex 81.0899 67.9445 4
    endloop
  endfacet
  facet normal 0.970074 -0.24281 0
    outer loop
      vertex 87.3493 64.984 4
      vertex 87.4327 65.3172 2
      vertex 87.4327 65.3172 4
    endloop
  endfacet
  facet normal 0.970074 -0.24281 0
    outer loop
      vertex 87.4327 65.3172 2
      vertex 87.3493 64.984 4
      vertex 87.3493 64.984 2
    endloop
  endfacet
  facet normal -0.803237 -0.595659 0
    outer loop
      vertex 81.2945 63.7796 2
      vertex 81.0899 64.0555 4
      vertex 81.0899 64.0555 2
    endloop
  endfacet
  facet normal -0.803237 -0.595659 0
    outer loop
      vertex 81.0899 64.0555 4
      vertex 81.2945 63.7796 2
      vertex 81.2945 63.7796 4
    endloop
  endfacet
  facet normal 0.0491971 0.998789 -0
    outer loop
      vertex 84.3431 69.4831 2
      vertex 84 69.5 4
      vertex 84.3431 69.4831 4
    endloop
  endfacet
  facet normal 0.0491971 0.998789 0
    outer loop
      vertex 84 69.5 4
      vertex 84.3431 69.4831 2
      vertex 84 69.5 2
    endloop
  endfacet
  facet normal 0.857698 -0.514153 0
    outer loop
      vertex 86.9101 64.0555 4
      vertex 87.0867 64.3501 2
      vertex 87.0867 64.3501 4
    endloop
  endfacet
  facet normal 0.857698 -0.514153 0
    outer loop
      vertex 87.0867 64.3501 2
      vertex 86.9101 64.0555 4
      vertex 86.9101 64.0555 2
    endloop
  endfacet
  facet normal -0.514153 -0.857698 0
    outer loop
      vertex 82.0555 63.0899 2
      vertex 82.3501 62.9133 4
      vertex 82.0555 63.0899 4
    endloop
  endfacet
  facet normal -0.514153 -0.857698 -0
    outer loop
      vertex 82.3501 62.9133 4
      vertex 82.0555 63.0899 2
      vertex 82.3501 62.9133 2
    endloop
  endfacet
  facet normal -0.427661 -0.903939 0
    outer loop
      vertex 82.3501 62.9133 2
      vertex 82.6606 62.7664 4
      vertex 82.3501 62.9133 4
    endloop
  endfacet
  facet normal -0.427661 -0.903939 -0
    outer loop
      vertex 82.6606 62.7664 4
      vertex 82.3501 62.9133 2
      vertex 82.6606 62.7664 2
    endloop
  endfacet
  facet normal 0.803237 -0.595659 0
    outer loop
      vertex 86.7055 63.7796 4
      vertex 86.9101 64.0555 2
      vertex 86.9101 64.0555 4
    endloop
  endfacet
  facet normal 0.803237 -0.595659 0
    outer loop
      vertex 86.9101 64.0555 2
      vertex 86.7055 63.7796 4
      vertex 86.7055 63.7796 2
    endloop
  endfacet
  facet normal -0.24281 -0.970074 0
    outer loop
      vertex 82.984 62.6507 2
      vertex 83.3172 62.5673 4
      vertex 82.984 62.6507 4
    endloop
  endfacet
  facet normal -0.24281 -0.970074 -0
    outer loop
      vertex 83.3172 62.5673 4
      vertex 82.984 62.6507 2
      vertex 83.3172 62.5673 2
    endloop
  endfacet
  facet normal -0.857698 -0.514153 0
    outer loop
      vertex 81.0899 64.0555 2
      vertex 80.9133 64.3501 4
      vertex 80.9133 64.3501 2
    endloop
  endfacet
  facet normal -0.857698 -0.514153 0
    outer loop
      vertex 80.9133 64.3501 4
      vertex 81.0899 64.0555 2
      vertex 81.0899 64.0555 4
    endloop
  endfacet
  facet normal -0.903939 0.427661 0
    outer loop
      vertex 80.7664 67.3394 2
      vertex 80.9133 67.6499 4
      vertex 80.9133 67.6499 2
    endloop
  endfacet
  facet normal -0.903939 0.427661 0
    outer loop
      vertex 80.9133 67.6499 4
      vertex 80.7664 67.3394 2
      vertex 80.7664 67.3394 4
    endloop
  endfacet
  facet normal 0.671454 -0.741046 0
    outer loop
      vertex 86.2204 63.2945 2
      vertex 86.4749 63.5251 4
      vertex 86.2204 63.2945 4
    endloop
  endfacet
  facet normal 0.671454 -0.741046 0
    outer loop
      vertex 86.4749 63.5251 4
      vertex 86.2204 63.2945 2
      vertex 86.4749 63.5251 2
    endloop
  endfacet
  facet normal 0 0 1
    outer loop
      vertex 85.6 66 4
      vertex 87.5 66 4
      vertex 87.4831 66.3431 4
    endloop
  endfacet
  facet normal 0 0 1
    outer loop
      vertex 85.5923 66.1568 4
      vertex 87.4831 66.3431 4
      vertex 87.4327 66.6828 4
    endloop
  endfacet
  facet normal 0 0 1
    outer loop
      vertex 87.5 66 4
      vertex 85.6 66 4
      vertex 87.4831 65.6569 4
    endloop
  endfacet
  facet normal 0 0 1
    outer loop
      vertex 85.5693 66.3121 4
      vertex 87.4327 66.6828 4
      vertex 87.3493 67.016 4
    endloop
  endfacet
  facet normal -0 0 1
    outer loop
      vertex 85.5923 65.8432 4
      vertex 87.4831 65.6569 4
      vertex 85.6 66 4
    endloop
  endfacet
  facet normal 0 0 1
    outer loop
      vertex 85.5311 66.4645 4
      vertex 87.3493 67.016 4
      vertex 87.2336 67.3394 4
    endloop
  endfacet
  facet normal 0 0 1
    outer loop
      vertex 87.4831 65.6569 4
      vertex 85.5923 65.8432 4
      vertex 87.4327 65.3172 4
    endloop
  endfacet
  facet normal 0 0 1
    outer loop
      vertex 85.4782 66.6123 4
      vertex 87.2336 67.3394 4
      vertex 87.0867 67.6499 4
    endloop
  endfacet
  facet normal -0 0 1
    outer loop
      vertex 85.5693 65.6879 4
      vertex 87.4327 65.3172 4
      vertex 85.5923 65.8432 4
    endloop
  endfacet
  facet normal 0 0 1
    outer loop
      vertex 85.4111 66.7542 4
      vertex 87.0867 67.6499 4
      vertex 86.9101 67.9445 4
    endloop
  endfacet
  facet normal 0 0 1
    outer loop
      vertex 87.4327 65.3172 4
      vertex 85.5693 65.6879 4
      vertex 87.3493 64.984 4
    endloop
  endfacet
  facet normal 0 0 1
    outer loop
      vertex 85.3304 66.8889 4
      vertex 86.9101 67.9445 4
      vertex 86.7055 68.2204 4
    endloop
  endfacet
  facet normal -0 0 1
    outer loop
      vertex 85.5311 65.5355 4
      vertex 87.3493 64.984 4
      vertex 85.5693 65.6879 4
    endloop
  endfacet
  facet normal 0 0 1
    outer loop
      vertex 85.2368 67.015 4
      vertex 86.7055 68.2204 4
      vertex 86.4749 68.4749 4
    endloop
  endfacet
  facet normal 0 0 1
    outer loop
      vertex 87.3493 64.984 4
      vertex 85.5311 65.5355 4
      vertex 87.2336 64.6606 4
    endloop
  endfacet
  facet normal 0 0 1
    outer loop
      vertex 85.1314 67.1314 4
      vertex 86.4749 68.4749 4
      vertex 86.2204 68.7055 4
    endloop
  endfacet
  facet normal -0 0 1
    outer loop
      vertex 85.4782 65.3877 4
      vertex 87.2336 64.6606 4
      vertex 85.5311 65.5355 4
    endloop
  endfacet
  facet normal 0 0 1
    outer loop
      vertex 85.015 67.2368 4
      vertex 86.2204 68.7055 4
      vertex 85.9445 68.9101 4
    endloop
  endfacet
  facet normal 0 0 1
    outer loop
      vertex 87.2336 64.6606 4
      vertex 85.4782 65.3877 4
      vertex 87.0867 64.3501 4
    endloop
  endfacet
  facet normal 0 0 1
    outer loop
      vertex 84.8889 67.3304 4
      vertex 85.9445 68.9101 4
      vertex 85.6499 69.0867 4
    endloop
  endfacet
  facet normal -0 0 1
    outer loop
      vertex 85.4111 65.2458 4
      vertex 87.0867 64.3501 4
      vertex 85.4782 65.3877 4
    endloop
  endfacet
  facet normal 0 0 1
    outer loop
      vertex 87.0867 64.3501 4
      vertex 85.4111 65.2458 4
      vertex 86.9101 64.0555 4
    endloop
  endfacet
  facet normal 0 0 1
    outer loop
      vertex 87.4831 66.3431 4
      vertex 85.5923 66.1568 4
      vertex 85.6 66 4
    endloop
  endfacet
  facet normal 0 0 1
    outer loop
      vertex 87.4327 66.6828 4
      vertex 85.5693 66.3121 4
      vertex 85.5923 66.1568 4
    endloop
  endfacet
  facet normal 0 0 1
    outer loop
      vertex 87.3493 67.016 4
      vertex 85.5311 66.4645 4
      vertex 85.5693 66.3121 4
    endloop
  endfacet
  facet normal 0 0 1
    outer loop
      vertex 87.2336 67.3394 4
      vertex 85.4782 66.6123 4
      vertex 85.5311 66.4645 4
    endloop
  endfacet
  facet normal 0 0 1
    outer loop
      vertex 87.0867 67.6499 4
      vertex 85.4111 66.7542 4
      vertex 85.4782 66.6123 4
    endloop
  endfacet
  facet normal 0 0 1
    outer loop
      vertex 84.7542 67.4111 4
      vertex 85.6499 69.0867 4
      vertex 85.3394 69.2336 4
    endloop
  endfacet
  facet normal 0 0 1
    outer loop
      vertex 86.9101 67.9445 4
      vertex 85.3304 66.8889 4
      vertex 85.4111 66.7542 4
    endloop
  endfacet
  facet normal 0 0 1
    outer loop
      vertex 86.7055 68.2204 4
      vertex 85.2368 67.015 4
      vertex 85.3304 66.8889 4
    endloop
  endfacet
  facet normal 0 0 1
    outer loop
      vertex 86.4749 68.4749 4
      vertex 85.1314 67.1314 4
      vertex 85.2368 67.015 4
    endloop
  endfacet
  facet normal 0 0 1
    outer loop
      vertex 84.6123 67.4782 4
      vertex 85.3394 69.2336 4
      vertex 85.016 69.3493 4
    endloop
  endfacet
  facet normal 0 0 1
    outer loop
      vertex 86.2204 68.7055 4
      vertex 85.015 67.2368 4
      vertex 85.1314 67.1314 4
    endloop
  endfacet
  facet normal 0 0 1
    outer loop
      vertex 85.9445 68.9101 4
      vertex 84.8889 67.3304 4
      vertex 85.015 67.2368 4
    endloop
  endfacet
  facet normal 0 0 1
    outer loop
      vertex 85.6499 69.0867 4
      vertex 84.7542 67.4111 4
      vertex 84.8889 67.3304 4
    endloop
  endfacet
  facet normal 0 0 1
    outer loop
      vertex 84.4645 67.5311 4
      vertex 85.016 69.3493 4
      vertex 84.6828 69.4327 4
    endloop
  endfacet
  facet normal 0 0 1
    outer loop
      vertex 85.3394 69.2336 4
      vertex 84.6123 67.4782 4
      vertex 84.7542 67.4111 4
    endloop
  endfacet
  facet normal 0 0 1
    outer loop
      vertex 85.016 69.3493 4
      vertex 84.4645 67.5311 4
      vertex 84.6123 67.4782 4
    endloop
  endfacet
  facet normal 0 0 1
    outer loop
      vertex 84.3121 67.5693 4
      vertex 84.6828 69.4327 4
      vertex 84.3431 69.4831 4
    endloop
  endfacet
  facet normal 0 0 1
    outer loop
      vertex 84.6828 69.4327 4
      vertex 84.3121 67.5693 4
      vertex 84.4645 67.5311 4
    endloop
  endfacet
  facet normal 0 0 1
    outer loop
      vertex 84.3431 69.4831 4
      vertex 84.1568 67.5923 4
      vertex 84.3121 67.5693 4
    endloop
  endfacet
  facet normal 0 0 1
    outer loop
      vertex 84 69.5 4
      vertex 84.1568 67.5923 4
      vertex 84.3431 69.4831 4
    endloop
  endfacet
  facet normal 0 0 1
    outer loop
      vertex 84 69.5 4
      vertex 84 67.6 4
      vertex 84.1568 67.5923 4
    endloop
  endfacet
  facet normal 0 0 1
    outer loop
      vertex 84 69.5 4
      vertex 83.8432 67.5923 4
      vertex 84 67.6 4
    endloop
  endfacet
  facet normal -0 0 1
    outer loop
      vertex 83.6569 69.4831 4
      vertex 83.8432 67.5923 4
      vertex 84 69.5 4
    endloop
  endfacet
  facet normal 0 0 1
    outer loop
      vertex 83.8432 67.5923 4
      vertex 83.6569 69.4831 4
      vertex 83.6879 67.5693 4
    endloop
  endfacet
  facet normal -0 0 1
    outer loop
      vertex 83.3172 69.4327 4
      vertex 83.6879 67.5693 4
      vertex 83.6569 69.4831 4
    endloop
  endfacet
  facet normal 0 0 1
    outer loop
      vertex 83.6879 67.5693 4
      vertex 83.3172 69.4327 4
      vertex 83.5355 67.5311 4
    endloop
  endfacet
  facet normal -0 0 1
    outer loop
      vertex 82.984 69.3493 4
      vertex 83.5355 67.5311 4
      vertex 83.3172 69.4327 4
    endloop
  endfacet
  facet normal 0 0 1
    outer loop
      vertex 83.5355 67.5311 4
      vertex 82.984 69.3493 4
      vertex 83.3877 67.4782 4
    endloop
  endfacet
  facet normal -0 0 1
    outer loop
      vertex 82.6606 69.2336 4
      vertex 83.3877 67.4782 4
      vertex 82.984 69.3493 4
    endloop
  endfacet
  facet normal 0 0 1
    outer loop
      vertex 83.3877 67.4782 4
      vertex 82.6606 69.2336 4
      vertex 83.2458 67.4111 4
    endloop
  endfacet
  facet normal -0 0 1
    outer loop
      vertex 82.3501 69.0867 4
      vertex 83.2458 67.4111 4
      vertex 82.6606 69.2336 4
    endloop
  endfacet
  facet normal 0 0 1
    outer loop
      vertex 83.2458 67.4111 4
      vertex 82.3501 69.0867 4
      vertex 83.1111 67.3304 4
    endloop
  endfacet
  facet normal -0 0 1
    outer loop
      vertex 82.0555 68.9101 4
      vertex 83.1111 67.3304 4
      vertex 82.3501 69.0867 4
    endloop
  endfacet
  facet normal 0 0 1
    outer loop
      vertex 83.1111 67.3304 4
      vertex 82.0555 68.9101 4
      vertex 82.985 67.2368 4
    endloop
  endfacet
  facet normal -0 0 1
    outer loop
      vertex 81.7796 68.7055 4
      vertex 82.985 67.2368 4
      vertex 82.0555 68.9101 4
    endloop
  endfacet
  facet normal 0 0 1
    outer loop
      vertex 82.985 67.2368 4
      vertex 81.7796 68.7055 4
      vertex 82.8686 67.1314 4
    endloop
  endfacet
  facet normal -0 0 1
    outer loop
      vertex 81.5251 68.4749 4
      vertex 82.8686 67.1314 4
      vertex 81.7796 68.7055 4
    endloop
  endfacet
  facet normal 0 0 1
    outer loop
      vertex 82.8686 67.1314 4
      vertex 81.5251 68.4749 4
      vertex 82.7632 67.015 4
    endloop
  endfacet
  facet normal -0 0 1
    outer loop
      vertex 81.2945 68.2204 4
      vertex 82.7632 67.015 4
      vertex 81.5251 68.4749 4
    endloop
  endfacet
  facet normal 0 0 1
    outer loop
      vertex 82.7632 67.015 4
      vertex 81.2945 68.2204 4
      vertex 82.6696 66.8889 4
    endloop
  endfacet
  facet normal 0 0 1
    outer loop
      vertex 82.6696 66.8889 4
      vertex 81.0899 67.9445 4
      vertex 82.5889 66.7542 4
    endloop
  endfacet
  facet normal -0 0 1
    outer loop
      vertex 81.0899 67.9445 4
      vertex 82.6696 66.8889 4
      vertex 81.2945 68.2204 4
    endloop
  endfacet
  facet normal -0 0 1
    outer loop
      vertex 85.3304 65.1111 4
      vertex 86.9101 64.0555 4
      vertex 85.4111 65.2458 4
    endloop
  endfacet
  facet normal 0 0 1
    outer loop
      vertex 86.9101 64.0555 4
      vertex 85.3304 65.1111 4
      vertex 86.7055 63.7796 4
    endloop
  endfacet
  facet normal -0 0 1
    outer loop
      vertex 85.2368 64.985 4
      vertex 86.7055 63.7796 4
      vertex 85.3304 65.1111 4
    endloop
  endfacet
  facet normal 0 0 1
    outer loop
      vertex 86.7055 63.7796 4
      vertex 85.2368 64.985 4
      vertex 86.4749 63.5251 4
    endloop
  endfacet
  facet normal -0 0 1
    outer loop
      vertex 85.1314 64.8686 4
      vertex 86.4749 63.5251 4
      vertex 85.2368 64.985 4
    endloop
  endfacet
  facet normal 0 0 1
    outer loop
      vertex 86.4749 63.5251 4
      vertex 85.1314 64.8686 4
      vertex 86.2204 63.2945 4
    endloop
  endfacet
  facet normal -0 0 1
    outer loop
      vertex 85.015 64.7632 4
      vertex 86.2204 63.2945 4
      vertex 85.1314 64.8686 4
    endloop
  endfacet
  facet normal 0 0 1
    outer loop
      vertex 86.2204 63.2945 4
      vertex 85.015 64.7632 4
      vertex 85.9445 63.0899 4
    endloop
  endfacet
  facet normal -0 0 1
    outer loop
      vertex 84.8889 64.6696 4
      vertex 85.9445 63.0899 4
      vertex 85.015 64.7632 4
    endloop
  endfacet
  facet normal 0 0 1
    outer loop
      vertex 85.9445 63.0899 4
      vertex 84.8889 64.6696 4
      vertex 85.6499 62.9133 4
    endloop
  endfacet
  facet normal -0 0 1
    outer loop
      vertex 84.7542 64.5889 4
      vertex 85.6499 62.9133 4
      vertex 84.8889 64.6696 4
    endloop
  endfacet
  facet normal 0 0 1
    outer loop
      vertex 85.6499 62.9133 4
      vertex 84.7542 64.5889 4
      vertex 85.3394 62.7664 4
    endloop
  endfacet
  facet normal -0 0 1
    outer loop
      vertex 84.6123 64.5218 4
      vertex 85.3394 62.7664 4
      vertex 84.7542 64.5889 4
    endloop
  endfacet
  facet normal 0 0 1
    outer loop
      vertex 85.3394 62.7664 4
      vertex 84.6123 64.5218 4
      vertex 85.016 62.6507 4
    endloop
  endfacet
  facet normal -0 0 1
    outer loop
      vertex 84.4645 64.4689 4
      vertex 85.016 62.6507 4
      vertex 84.6123 64.5218 4
    endloop
  endfacet
  facet normal 0 0 1
    outer loop
      vertex 85.016 62.6507 4
      vertex 84.4645 64.4689 4
      vertex 84.6828 62.5673 4
    endloop
  endfacet
  facet normal -0 0 1
    outer loop
      vertex 84.3121 64.4307 4
      vertex 84.6828 62.5673 4
      vertex 84.4645 64.4689 4
    endloop
  endfacet
  facet normal 0 0 1
    outer loop
      vertex 84.6828 62.5673 4
      vertex 84.3121 64.4307 4
      vertex 84.3431 62.5169 4
    endloop
  endfacet
  facet normal -0 0 1
    outer loop
      vertex 84.1568 64.4077 4
      vertex 84.3431 62.5169 4
      vertex 84.3121 64.4307 4
    endloop
  endfacet
  facet normal -0 0 1
    outer loop
      vertex 84 64.4 4
      vertex 84.3431 62.5169 4
      vertex 84.1568 64.4077 4
    endloop
  endfacet
  facet normal 0 0 1
    outer loop
      vertex 84 64.4 4
      vertex 84 62.5 4
      vertex 84.3431 62.5169 4
    endloop
  endfacet
  facet normal 0 0 1
    outer loop
      vertex 83.8432 64.4077 4
      vertex 84 62.5 4
      vertex 84 64.4 4
    endloop
  endfacet
  facet normal 0 0 1
    outer loop
      vertex 83.6569 62.5169 4
      vertex 83.8432 64.4077 4
      vertex 83.6879 64.4307 4
    endloop
  endfacet
  facet normal 0 0 1
    outer loop
      vertex 83.8432 64.4077 4
      vertex 83.6569 62.5169 4
      vertex 84 62.5 4
    endloop
  endfacet
  facet normal 0 0 1
    outer loop
      vertex 83.3172 62.5673 4
      vertex 83.6879 64.4307 4
      vertex 83.5355 64.4689 4
    endloop
  endfacet
  facet normal 0 0 1
    outer loop
      vertex 82.984 62.6507 4
      vertex 83.5355 64.4689 4
      vertex 83.3877 64.5218 4
    endloop
  endfacet
  facet normal 0 0 1
    outer loop
      vertex 83.6879 64.4307 4
      vertex 83.3172 62.5673 4
      vertex 83.6569 62.5169 4
    endloop
  endfacet
  facet normal 0 0 1
    outer loop
      vertex 82.6606 62.7664 4
      vertex 83.3877 64.5218 4
      vertex 83.2458 64.5889 4
    endloop
  endfacet
  facet normal 0 0 1
    outer loop
      vertex 82.3501 62.9133 4
      vertex 83.2458 64.5889 4
      vertex 83.1111 64.6696 4
    endloop
  endfacet
  facet normal 0 0 1
    outer loop
      vertex 82.0555 63.0899 4
      vertex 83.1111 64.6696 4
      vertex 82.985 64.7632 4
    endloop
  endfacet
  facet normal 0 0 1
    outer loop
      vertex 83.5355 64.4689 4
      vertex 82.984 62.6507 4
      vertex 83.3172 62.5673 4
    endloop
  endfacet
  facet normal 0 0 1
    outer loop
      vertex 81.7796 63.2945 4
      vertex 82.985 64.7632 4
      vertex 82.8686 64.8686 4
    endloop
  endfacet
  facet normal 0 0 1
    outer loop
      vertex 81.5251 63.5251 4
      vertex 82.8686 64.8686 4
      vertex 82.7632 64.985 4
    endloop
  endfacet
  facet normal 0 0 1
    outer loop
      vertex 81.2945 63.7796 4
      vertex 82.7632 64.985 4
      vertex 82.6696 65.1111 4
    endloop
  endfacet
  facet normal 0 0 1
    outer loop
      vertex 83.3877 64.5218 4
      vertex 82.6606 62.7664 4
      vertex 82.984 62.6507 4
    endloop
  endfacet
  facet normal 0 0 1
    outer loop
      vertex 81.0899 64.0555 4
      vertex 82.6696 65.1111 4
      vertex 82.5889 65.2458 4
    endloop
  endfacet
  facet normal 0 0 1
    outer loop
      vertex 80.9133 64.3501 4
      vertex 82.5889 65.2458 4
      vertex 82.5218 65.3877 4
    endloop
  endfacet
  facet normal 0 0 1
    outer loop
      vertex 80.7664 64.6606 4
      vertex 82.5218 65.3877 4
      vertex 82.4689 65.5355 4
    endloop
  endfacet
  facet normal 0 0 1
    outer loop
      vertex 80.6507 64.984 4
      vertex 82.4689 65.5355 4
      vertex 82.4307 65.6879 4
    endloop
  endfacet
  facet normal 0 0 1
    outer loop
      vertex 80.5673 65.3172 4
      vertex 82.4307 65.6879 4
      vertex 82.4077 65.8432 4
    endloop
  endfacet
  facet normal 0 0 1
    outer loop
      vertex 83.2458 64.5889 4
      vertex 82.3501 62.9133 4
      vertex 82.6606 62.7664 4
    endloop
  endfacet
  facet normal 0 0 1
    outer loop
      vertex 80.5169 65.6569 4
      vertex 82.4077 65.8432 4
      vertex 82.4 66 4
    endloop
  endfacet
  facet normal -0 0 1
    outer loop
      vertex 80.9133 67.6499 4
      vertex 82.5889 66.7542 4
      vertex 81.0899 67.9445 4
    endloop
  endfacet
  facet normal 0 0 1
    outer loop
      vertex 82.5889 66.7542 4
      vertex 80.9133 67.6499 4
      vertex 82.5218 66.6123 4
    endloop
  endfacet
  facet normal 0 0 1
    outer loop
      vertex 83.1111 64.6696 4
      vertex 82.0555 63.0899 4
      vertex 82.3501 62.9133 4
    endloop
  endfacet
  facet normal -0 0 1
    outer loop
      vertex 80.7664 67.3394 4
      vertex 82.5218 66.6123 4
      vertex 80.9133 67.6499 4
    endloop
  endfacet
  facet normal 0 0 1
    outer loop
      vertex 82.985 64.7632 4
      vertex 81.7796 63.2945 4
      vertex 82.0555 63.0899 4
    endloop
  endfacet
  facet normal 0 0 1
    outer loop
      vertex 82.5218 66.6123 4
      vertex 80.7664 67.3394 4
      vertex 82.4689 66.4645 4
    endloop
  endfacet
  facet normal 0 0 1
    outer loop
      vertex 82.8686 64.8686 4
      vertex 81.5251 63.5251 4
      vertex 81.7796 63.2945 4
    endloop
  endfacet
  facet normal -0 0 1
    outer loop
      vertex 80.6507 67.016 4
      vertex 82.4689 66.4645 4
      vertex 80.7664 67.3394 4
    endloop
  endfacet
  facet normal 0 0 1
    outer loop
      vertex 82.7632 64.985 4
      vertex 81.2945 63.7796 4
      vertex 81.5251 63.5251 4
    endloop
  endfacet
  facet normal 0 0 1
    outer loop
      vertex 82.4689 66.4645 4
      vertex 80.6507 67.016 4
      vertex 82.4307 66.3121 4
    endloop
  endfacet
  facet normal 0 0 1
    outer loop
      vertex 82.6696 65.1111 4
      vertex 81.0899 64.0555 4
      vertex 81.2945 63.7796 4
    endloop
  endfacet
  facet normal -0 0 1
    outer loop
      vertex 80.5673 66.6828 4
      vertex 82.4307 66.3121 4
      vertex 80.6507 67.016 4
    endloop
  endfacet
  facet normal 0 0 1
    outer loop
      vertex 82.5889 65.2458 4
      vertex 80.9133 64.3501 4
      vertex 81.0899 64.0555 4
    endloop
  endfacet
  facet normal 0 0 1
    outer loop
      vertex 82.4307 66.3121 4
      vertex 80.5673 66.6828 4
      vertex 82.4077 66.1568 4
    endloop
  endfacet
  facet normal 0 0 1
    outer loop
      vertex 82.5218 65.3877 4
      vertex 80.7664 64.6606 4
      vertex 80.9133 64.3501 4
    endloop
  endfacet
  facet normal -0 0 1
    outer loop
      vertex 80.5169 66.3431 4
      vertex 82.4077 66.1568 4
      vertex 80.5673 66.6828 4
    endloop
  endfacet
  facet normal 0 0 1
    outer loop
      vertex 82.4689 65.5355 4
      vertex 80.6507 64.984 4
      vertex 80.7664 64.6606 4
    endloop
  endfacet
  facet normal 0 0 1
    outer loop
      vertex 82.4077 66.1568 4
      vertex 80.5169 66.3431 4
      vertex 82.4 66 4
    endloop
  endfacet
  facet normal 0 0 1
    outer loop
      vertex 82.4307 65.6879 4
      vertex 80.5673 65.3172 4
      vertex 80.6507 64.984 4
    endloop
  endfacet
  facet normal 0 0 1
    outer loop
      vertex 80.5 66 4
      vertex 82.4 66 4
      vertex 80.5169 66.3431 4
    endloop
  endfacet
  facet normal 0 0 1
    outer loop
      vertex 82.4077 65.8432 4
      vertex 80.5169 65.6569 4
      vertex 80.5673 65.3172 4
    endloop
  endfacet
  facet normal 0 0 1
    outer loop
      vertex 82.4 66 4
      vertex 80.5 66 4
      vertex 80.5169 65.6569 4
    endloop
  endfacet
  facet normal 0.243135 0.969993 -0
    outer loop
      vertex 83.6879 64.4307 2
      vertex 83.5355 64.4689 4
      vertex 83.6879 64.4307 4
    endloop
  endfacet
  facet normal 0.243135 0.969993 0
    outer loop
      vertex 83.5355 64.4689 4
      vertex 83.6879 64.4307 2
      vertex 83.5355 64.4689 2
    endloop
  endfacet
  facet normal 0.85783 0.513934 0
    outer loop
      vertex 82.6696 65.1111 4
      vertex 82.5889 65.2458 2
      vertex 82.5889 65.2458 4
    endloop
  endfacet
  facet normal 0.85783 0.513934 0
    outer loop
      vertex 82.5889 65.2458 2
      vertex 82.6696 65.1111 4
      vertex 82.6696 65.1111 2
    endloop
  endfacet
  facet normal -0.146502 0.98921 0
    outer loop
      vertex 84.3121 64.4307 2
      vertex 84.1568 64.4077 4
      vertex 84.3121 64.4307 4
    endloop
  endfacet
  facet normal -0.146502 0.98921 0
    outer loop
      vertex 84.1568 64.4077 4
      vertex 84.3121 64.4307 2
      vertex 84.1568 64.4077 2
    endloop
  endfacet
  facet normal 0.513934 -0.85783 0
    outer loop
      vertex 83.1111 67.3304 2
      vertex 83.2458 67.4111 4
      vertex 83.1111 67.3304 4
    endloop
  endfacet
  facet normal 0.513934 -0.85783 0
    outer loop
      vertex 83.2458 67.4111 4
      vertex 83.1111 67.3304 2
      vertex 83.2458 67.4111 2
    endloop
  endfacet
  facet normal -0.741264 0.671213 0
    outer loop
      vertex 85.1314 64.8686 2
      vertex 85.2368 64.985 4
      vertex 85.2368 64.985 2
    endloop
  endfacet
  facet normal -0.741264 0.671213 0
    outer loop
      vertex 85.2368 64.985 4
      vertex 85.1314 64.8686 2
      vertex 85.1314 64.8686 4
    endloop
  endfacet
  facet normal -0.513934 0.85783 0
    outer loop
      vertex 84.8889 64.6696 2
      vertex 84.7542 64.5889 4
      vertex 84.8889 64.6696 4
    endloop
  endfacet
  facet normal -0.513934 0.85783 0
    outer loop
      vertex 84.7542 64.5889 4
      vertex 84.8889 64.6696 2
      vertex 84.7542 64.5889 2
    endloop
  endfacet
  facet normal 0.98921 -0.146502 0
    outer loop
      vertex 82.4077 66.1568 4
      vertex 82.4307 66.3121 2
      vertex 82.4307 66.3121 4
    endloop
  endfacet
  facet normal 0.98921 -0.146502 0
    outer loop
      vertex 82.4307 66.3121 2
      vertex 82.4077 66.1568 4
      vertex 82.4077 66.1568 2
    endloop
  endfacet
  facet normal -0.969993 0.243135 0
    outer loop
      vertex 85.5311 65.5355 2
      vertex 85.5693 65.6879 4
      vertex 85.5693 65.6879 2
    endloop
  endfacet
  facet normal -0.969993 0.243135 0
    outer loop
      vertex 85.5693 65.6879 4
      vertex 85.5311 65.5355 2
      vertex 85.5311 65.5355 4
    endloop
  endfacet
  facet normal 0.146502 0.98921 -0
    outer loop
      vertex 83.8432 64.4077 2
      vertex 83.6879 64.4307 4
      vertex 83.8432 64.4077 4
    endloop
  endfacet
  facet normal 0.146502 0.98921 0
    outer loop
      vertex 83.6879 64.4307 4
      vertex 83.8432 64.4077 2
      vertex 83.6879 64.4307 2
    endloop
  endfacet
  facet normal 0.998796 0.049048 0
    outer loop
      vertex 82.4077 65.8432 4
      vertex 82.4 66 2
      vertex 82.4 66 4
    endloop
  endfacet
  facet normal 0.998796 0.049048 0
    outer loop
      vertex 82.4 66 2
      vertex 82.4077 65.8432 4
      vertex 82.4077 65.8432 2
    endloop
  endfacet
  facet normal 0.741264 -0.671213 0
    outer loop
      vertex 82.7632 67.015 4
      vertex 82.8686 67.1314 2
      vertex 82.8686 67.1314 4
    endloop
  endfacet
  facet normal 0.741264 -0.671213 0
    outer loop
      vertex 82.8686 67.1314 2
      vertex 82.7632 67.015 4
      vertex 82.7632 67.015 2
    endloop
  endfacet
  facet normal 0.969993 0.243135 0
    outer loop
      vertex 82.4689 65.5355 4
      vertex 82.4307 65.6879 2
      vertex 82.4307 65.6879 4
    endloop
  endfacet
  facet normal 0.969993 0.243135 0
    outer loop
      vertex 82.4307 65.6879 2
      vertex 82.4689 65.5355 4
      vertex 82.4689 65.5355 2
    endloop
  endfacet
  facet normal 0.336982 -0.941511 0
    outer loop
      vertex 83.3877 67.4782 2
      vertex 83.5355 67.5311 4
      vertex 83.3877 67.4782 4
    endloop
  endfacet
  facet normal 0.336982 -0.941511 0
    outer loop
      vertex 83.5355 67.5311 4
      vertex 83.3877 67.4782 2
      vertex 83.5355 67.5311 2
    endloop
  endfacet
  facet normal 0.941511 0.336982 0
    outer loop
      vertex 82.5218 65.3877 4
      vertex 82.4689 65.5355 2
      vertex 82.4689 65.5355 4
    endloop
  endfacet
  facet normal 0.941511 0.336982 0
    outer loop
      vertex 82.4689 65.5355 2
      vertex 82.5218 65.3877 4
      vertex 82.5218 65.3877 2
    endloop
  endfacet
  facet normal 0.80297 -0.596019 0
    outer loop
      vertex 82.6696 66.8889 4
      vertex 82.7632 67.015 2
      vertex 82.7632 67.015 4
    endloop
  endfacet
  facet normal 0.80297 -0.596019 0
    outer loop
      vertex 82.7632 67.015 2
      vertex 82.6696 66.8889 4
      vertex 82.6696 66.8889 2
    endloop
  endfacet
  facet normal 0.969993 -0.243135 0
    outer loop
      vertex 82.4307 66.3121 4
      vertex 82.4689 66.4645 2
      vertex 82.4689 66.4645 4
    endloop
  endfacet
  facet normal 0.969993 -0.243135 0
    outer loop
      vertex 82.4689 66.4645 2
      vertex 82.4307 66.3121 4
      vertex 82.4307 66.3121 2
    endloop
  endfacet
  facet normal 0.671213 -0.741264 0
    outer loop
      vertex 82.8686 67.1314 2
      vertex 82.985 67.2368 4
      vertex 82.8686 67.1314 4
    endloop
  endfacet
  facet normal 0.671213 -0.741264 0
    outer loop
      vertex 82.985 67.2368 4
      vertex 82.8686 67.1314 2
      vertex 82.985 67.2368 2
    endloop
  endfacet
  facet normal -0.427484 0.904023 0
    outer loop
      vertex 84.7542 64.5889 2
      vertex 84.6123 64.5218 4
      vertex 84.7542 64.5889 4
    endloop
  endfacet
  facet normal -0.427484 0.904023 0
    outer loop
      vertex 84.6123 64.5218 4
      vertex 84.7542 64.5889 2
      vertex 84.6123 64.5218 2
    endloop
  endfacet
  facet normal 0.243135 -0.969993 0
    outer loop
      vertex 83.5355 67.5311 2
      vertex 83.6879 67.5693 4
      vertex 83.5355 67.5311 4
    endloop
  endfacet
  facet normal 0.243135 -0.969993 0
    outer loop
      vertex 83.6879 67.5693 4
      vertex 83.5355 67.5311 2
      vertex 83.6879 67.5693 2
    endloop
  endfacet
  facet normal 0.941511 -0.336982 0
    outer loop
      vertex 82.4689 66.4645 4
      vertex 82.5218 66.6123 2
      vertex 82.5218 66.6123 4
    endloop
  endfacet
  facet normal 0.941511 -0.336982 0
    outer loop
      vertex 82.5218 66.6123 2
      vertex 82.4689 66.4645 4
      vertex 82.4689 66.4645 2
    endloop
  endfacet
  facet normal 0.513934 0.85783 -0
    outer loop
      vertex 83.2458 64.5889 2
      vertex 83.1111 64.6696 4
      vertex 83.2458 64.5889 4
    endloop
  endfacet
  facet normal 0.513934 0.85783 0
    outer loop
      vertex 83.1111 64.6696 4
      vertex 83.2458 64.5889 2
      vertex 83.1111 64.6696 2
    endloop
  endfacet
  facet normal 0.596019 -0.80297 0
    outer loop
      vertex 82.985 67.2368 2
      vertex 83.1111 67.3304 4
      vertex 82.985 67.2368 4
    endloop
  endfacet
  facet normal 0.596019 -0.80297 0
    outer loop
      vertex 83.1111 67.3304 4
      vertex 82.985 67.2368 2
      vertex 83.1111 67.3304 2
    endloop
  endfacet
  facet normal 0.049048 -0.998796 0
    outer loop
      vertex 83.8432 67.5923 2
      vertex 84 67.6 4
      vertex 83.8432 67.5923 4
    endloop
  endfacet
  facet normal 0.049048 -0.998796 0
    outer loop
      vertex 84 67.6 4
      vertex 83.8432 67.5923 2
      vertex 84 67.6 2
    endloop
  endfacet
  facet normal -0.049048 0.998796 0
    outer loop
      vertex 84.1568 64.4077 2
      vertex 84 64.4 4
      vertex 84.1568 64.4077 4
    endloop
  endfacet
  facet normal -0.049048 0.998796 0
    outer loop
      vertex 84 64.4 4
      vertex 84.1568 64.4077 2
      vertex 84 64.4 2
    endloop
  endfacet
  facet normal -0.941511 0.336982 0
    outer loop
      vertex 85.4782 65.3877 2
      vertex 85.5311 65.5355 4
      vertex 85.5311 65.5355 2
    endloop
  endfacet
  facet normal -0.941511 0.336982 0
    outer loop
      vertex 85.5311 65.5355 4
      vertex 85.4782 65.3877 2
      vertex 85.4782 65.3877 4
    endloop
  endfacet
  facet normal -0.80297 0.596019 0
    outer loop
      vertex 85.2368 64.985 2
      vertex 85.3304 65.1111 4
      vertex 85.3304 65.1111 2
    endloop
  endfacet
  facet normal -0.80297 0.596019 0
    outer loop
      vertex 85.3304 65.1111 4
      vertex 85.2368 64.985 2
      vertex 85.2368 64.985 4
    endloop
  endfacet
  facet normal -0.98921 0.146502 0
    outer loop
      vertex 85.5693 65.6879 2
      vertex 85.5923 65.8432 4
      vertex 85.5923 65.8432 2
    endloop
  endfacet
  facet normal -0.98921 0.146502 0
    outer loop
      vertex 85.5923 65.8432 4
      vertex 85.5693 65.6879 2
      vertex 85.5693 65.6879 4
    endloop
  endfacet
  facet normal 0.85783 -0.513934 0
    outer loop
      vertex 82.5889 66.7542 4
      vertex 82.6696 66.8889 2
      vertex 82.6696 66.8889 4
    endloop
  endfacet
  facet normal 0.85783 -0.513934 0
    outer loop
      vertex 82.6696 66.8889 2
      vertex 82.5889 66.7542 4
      vertex 82.5889 66.7542 2
    endloop
  endfacet
  facet normal 0.336982 0.941511 -0
    outer loop
      vertex 83.5355 64.4689 2
      vertex 83.3877 64.5218 4
      vertex 83.5355 64.4689 4
    endloop
  endfacet
  facet normal 0.336982 0.941511 0
    outer loop
      vertex 83.3877 64.5218 4
      vertex 83.5355 64.4689 2
      vertex 83.3877 64.5218 2
    endloop
  endfacet
  facet normal 0.427484 -0.904023 0
    outer loop
      vertex 83.2458 67.4111 2
      vertex 83.3877 67.4782 4
      vertex 83.2458 67.4111 4
    endloop
  endfacet
  facet normal 0.427484 -0.904023 0
    outer loop
      vertex 83.3877 67.4782 4
      vertex 83.2458 67.4111 2
      vertex 83.3877 67.4782 2
    endloop
  endfacet
  facet normal -0.596019 0.80297 0
    outer loop
      vertex 85.015 64.7632 2
      vertex 84.8889 64.6696 4
      vertex 85.015 64.7632 4
    endloop
  endfacet
  facet normal -0.596019 0.80297 0
    outer loop
      vertex 84.8889 64.6696 4
      vertex 85.015 64.7632 2
      vertex 84.8889 64.6696 2
    endloop
  endfacet
  facet normal 0.671213 0.741264 -0
    outer loop
      vertex 82.985 64.7632 2
      vertex 82.8686 64.8686 4
      vertex 82.985 64.7632 4
    endloop
  endfacet
  facet normal 0.671213 0.741264 0
    outer loop
      vertex 82.8686 64.8686 4
      vertex 82.985 64.7632 2
      vertex 82.8686 64.8686 2
    endloop
  endfacet
  facet normal -0.998796 0.049048 0
    outer loop
      vertex 85.5923 65.8432 2
      vertex 85.6 66 4
      vertex 85.6 66 2
    endloop
  endfacet
  facet normal -0.998796 0.049048 0
    outer loop
      vertex 85.6 66 4
      vertex 85.5923 65.8432 2
      vertex 85.5923 65.8432 4
    endloop
  endfacet
  facet normal 0.80297 0.596019 0
    outer loop
      vertex 82.7632 64.985 4
      vertex 82.6696 65.1111 2
      vertex 82.6696 65.1111 4
    endloop
  endfacet
  facet normal 0.80297 0.596019 0
    outer loop
      vertex 82.6696 65.1111 2
      vertex 82.7632 64.985 4
      vertex 82.7632 64.985 2
    endloop
  endfacet
  facet normal 0.904023 0.427484 0
    outer loop
      vertex 82.5889 65.2458 4
      vertex 82.5218 65.3877 2
      vertex 82.5218 65.3877 4
    endloop
  endfacet
  facet normal 0.904023 0.427484 0
    outer loop
      vertex 82.5218 65.3877 2
      vertex 82.5889 65.2458 4
      vertex 82.5889 65.2458 2
    endloop
  endfacet
  facet normal 0.427484 0.904023 -0
    outer loop
      vertex 83.3877 64.5218 2
      vertex 83.2458 64.5889 4
      vertex 83.3877 64.5218 4
    endloop
  endfacet
  facet normal 0.427484 0.904023 0
    outer loop
      vertex 83.2458 64.5889 4
      vertex 83.3877 64.5218 2
      vertex 83.2458 64.5889 2
    endloop
  endfacet
  facet normal 0.146502 -0.98921 0
    outer loop
      vertex 83.6879 67.5693 2
      vertex 83.8432 67.5923 4
      vertex 83.6879 67.5693 4
    endloop
  endfacet
  facet normal 0.146502 -0.98921 0
    outer loop
      vertex 83.8432 67.5923 4
      vertex 83.6879 67.5693 2
      vertex 83.8432 67.5923 2
    endloop
  endfacet
  facet normal 0.98921 0.146502 0
    outer loop
      vertex 82.4307 65.6879 4
      vertex 82.4077 65.8432 2
      vertex 82.4077 65.8432 4
    endloop
  endfacet
  facet normal 0.98921 0.146502 0
    outer loop
      vertex 82.4077 65.8432 2
      vertex 82.4307 65.6879 4
      vertex 82.4307 65.6879 2
    endloop
  endfacet
  facet normal -0.336982 0.941511 0
    outer loop
      vertex 84.6123 64.5218 2
      vertex 84.4645 64.4689 4
      vertex 84.6123 64.5218 4
    endloop
  endfacet
  facet normal -0.336982 0.941511 0
    outer loop
      vertex 84.4645 64.4689 4
      vertex 84.6123 64.5218 2
      vertex 84.4645 64.4689 2
    endloop
  endfacet
  facet normal -0.243135 0.969993 0
    outer loop
      vertex 84.4645 64.4689 2
      vertex 84.3121 64.4307 4
      vertex 84.4645 64.4689 4
    endloop
  endfacet
  facet normal -0.243135 0.969993 0
    outer loop
      vertex 84.3121 64.4307 4
      vertex 84.4645 64.4689 2
      vertex 84.3121 64.4307 2
    endloop
  endfacet
  facet normal 0.904023 -0.427484 0
    outer loop
      vertex 82.5218 66.6123 4
      vertex 82.5889 66.7542 2
      vertex 82.5889 66.7542 4
    endloop
  endfacet
  facet normal 0.904023 -0.427484 0
    outer loop
      vertex 82.5889 66.7542 2
      vertex 82.5218 66.6123 4
      vertex 82.5218 66.6123 2
    endloop
  endfacet
  facet normal 0.741264 0.671213 0
    outer loop
      vertex 82.8686 64.8686 4
      vertex 82.7632 64.985 2
      vertex 82.7632 64.985 4
    endloop
  endfacet
  facet normal 0.741264 0.671213 0
    outer loop
      vertex 82.7632 64.985 2
      vertex 82.8686 64.8686 4
      vertex 82.8686 64.8686 2
    endloop
  endfacet
  facet normal 0.596019 0.80297 -0
    outer loop
      vertex 83.1111 64.6696 2
      vertex 82.985 64.7632 4
      vertex 83.1111 64.6696 4
    endloop
  endfacet
  facet normal 0.596019 0.80297 0
    outer loop
      vertex 82.985 64.7632 4
      vertex 83.1111 64.6696 2
      vertex 82.985 64.7632 2
    endloop
  endfacet
  facet normal -0.904023 0.427484 0
    outer loop
      vertex 85.4111 65.2458 2
      vertex 85.4782 65.3877 4
      vertex 85.4782 65.3877 2
    endloop
  endfacet
  facet normal -0.904023 0.427484 0
    outer loop
      vertex 85.4782 65.3877 4
      vertex 85.4111 65.2458 2
      vertex 85.4111 65.2458 4
    endloop
  endfacet
  facet normal -0.85783 0.513934 0
    outer loop
      vertex 85.3304 65.1111 2
      vertex 85.4111 65.2458 4
      vertex 85.4111 65.2458 2
    endloop
  endfacet
  facet normal -0.85783 0.513934 0
    outer loop
      vertex 85.4111 65.2458 4
      vertex 85.3304 65.1111 2
      vertex 85.3304 65.1111 4
    endloop
  endfacet
  facet normal 0.049048 0.998796 -0
    outer loop
      vertex 84 64.4 2
      vertex 83.8432 64.4077 4
      vertex 84 64.4 4
    endloop
  endfacet
  facet normal 0.049048 0.998796 0
    outer loop
      vertex 83.8432 64.4077 4
      vertex 84 64.4 2
      vertex 83.8432 64.4077 2
    endloop
  endfacet
  facet normal 0.998796 -0.049048 0
    outer loop
      vertex 82.4 66 4
      vertex 82.4077 66.1568 2
      vertex 82.4077 66.1568 4
    endloop
  endfacet
  facet normal 0.998796 -0.049048 0
    outer loop
      vertex 82.4077 66.1568 2
      vertex 82.4 66 4
      vertex 82.4 66 2
    endloop
  endfacet
  facet normal -0.671213 0.741264 0
    outer loop
      vertex 85.1314 64.8686 2
      vertex 85.015 64.7632 4
      vertex 85.1314 64.8686 4
    endloop
  endfacet
  facet normal -0.671213 0.741264 0
    outer loop
      vertex 85.015 64.7632 4
      vertex 85.1314 64.8686 2
      vertex 85.015 64.7632 2
    endloop
  endfacet
  facet normal 0.989176 0.146734 0
    outer loop
      vertex 9.48315 6.34306 4
      vertex 9.43275 6.68282 2
      vertex 9.43275 6.68282 4
    endloop
  endfacet
  facet normal 0.989176 0.146734 0
    outer loop
      vertex 9.43275 6.68282 2
      vertex 9.48315 6.34306 4
      vertex 9.48315 6.34306 2
    endloop
  endfacet
  facet normal 0.998796 0.0490576 0
    outer loop
      vertex 9.5 6 4
      vertex 9.48315 6.34306 2
      vertex 9.48315 6.34306 4
    endloop
  endfacet
  facet normal 0.998796 0.0490576 0
    outer loop
      vertex 9.48315 6.34306 2
      vertex 9.5 6 4
      vertex 9.5 6 2
    endloop
  endfacet
  facet normal 0.970029 0.242988 0
    outer loop
      vertex 9.43275 6.68282 4
      vertex 9.34929 7.016 2
      vertex 9.34929 7.016 4
    endloop
  endfacet
  facet normal 0.970029 0.242988 0
    outer loop
      vertex 9.34929 7.016 2
      vertex 9.43275 6.68282 4
      vertex 9.43275 6.68282 2
    endloop
  endfacet
  facet normal 0.595687 -0.803217 0
    outer loop
      vertex 7.9445 3.08986 2
      vertex 8.22038 3.29446 4
      vertex 7.9445 3.08986 4
    endloop
  endfacet
  facet normal 0.595687 -0.803217 0
    outer loop
      vertex 8.22038 3.29446 4
      vertex 7.9445 3.08986 2
      vertex 8.22038 3.29446 2
    endloop
  endfacet
  facet normal 0.427566 -0.903984 0
    outer loop
      vertex 7.33939 2.76642 2
      vertex 7.64989 2.91328 4
      vertex 7.33939 2.76642 4
    endloop
  endfacet
  facet normal 0.427566 -0.903984 0
    outer loop
      vertex 7.64989 2.91328 4
      vertex 7.33939 2.76642 2
      vertex 7.64989 2.91328 2
    endloop
  endfacet
  facet normal -0.671581 -0.740931 0
    outer loop
      vertex 3.52513 3.52513 2
      vertex 3.77962 3.29446 4
      vertex 3.52513 3.52513 4
    endloop
  endfacet
  facet normal -0.671581 -0.740931 -0
    outer loop
      vertex 3.77962 3.29446 4
      vertex 3.52513 3.52513 2
      vertex 3.77962 3.29446 2
    endloop
  endfacet
  facet normal 0.514098 0.857732 -0
    outer loop
      vertex 7.9445 8.91014 2
      vertex 7.64989 9.08672 4
      vertex 7.9445 8.91014 4
    endloop
  endfacet
  facet normal 0.514098 0.857732 0
    outer loop
      vertex 7.64989 9.08672 4
      vertex 7.9445 8.91014 2
      vertex 7.64989 9.08672 2
    endloop
  endfacet
  facet normal -0.146734 -0.989176 0
    outer loop
      vertex 5.31718 2.56725 2
      vertex 5.65694 2.51685 4
      vertex 5.31718 2.56725 4
    endloop
  endfacet
  facet normal -0.146734 -0.989176 -0
    outer loop
      vertex 5.65694 2.51685 4
      vertex 5.31718 2.56725 2
      vertex 5.65694 2.51685 2
    endloop
  endfacet
  facet normal -0.242988 0.970029 0
    outer loop
      vertex 5.31718 9.43275 2
      vertex 4.984 9.34929 4
      vertex 5.31718 9.43275 4
    endloop
  endfacet
  facet normal -0.242988 0.970029 0
    outer loop
      vertex 4.984 9.34929 4
      vertex 5.31718 9.43275 2
      vertex 4.984 9.34929 2
    endloop
  endfacet
  facet normal 0.740931 0.671581 0
    outer loop
      vertex 8.70554 8.22038 4
      vertex 8.47487 8.47487 2
      vertex 8.47487 8.47487 4
    endloop
  endfacet
  facet normal 0.740931 0.671581 0
    outer loop
      vertex 8.47487 8.47487 2
      vertex 8.70554 8.22038 4
      vertex 8.70554 8.22038 2
    endloop
  endfacet
  facet normal -0.970029 -0.242988 0
    outer loop
      vertex 2.65071 4.984 2
      vertex 2.56725 5.31718 4
      vertex 2.56725 5.31718 2
    endloop
  endfacet
  facet normal -0.970029 -0.242988 0
    outer loop
      vertex 2.56725 5.31718 4
      vertex 2.65071 4.984 2
      vertex 2.65071 4.984 4
    endloop
  endfacet
  facet normal 0.857732 0.514098 0
    outer loop
      vertex 9.08672 7.64989 4
      vertex 8.91014 7.9445 2
      vertex 8.91014 7.9445 4
    endloop
  endfacet
  facet normal 0.857732 0.514098 0
    outer loop
      vertex 8.91014 7.9445 2
      vertex 9.08672 7.64989 4
      vertex 9.08672 7.64989 2
    endloop
  endfacet
  facet normal 0.671581 0.740931 -0
    outer loop
      vertex 8.47487 8.47487 2
      vertex 8.22038 8.70554 4
      vertex 8.47487 8.47487 4
    endloop
  endfacet
  facet normal 0.671581 0.740931 0
    outer loop
      vertex 8.22038 8.70554 4
      vertex 8.47487 8.47487 2
      vertex 8.22038 8.70554 2
    endloop
  endfacet
  facet normal -0.941545 -0.336888 0
    outer loop
      vertex 2.76642 4.66061 2
      vertex 2.65071 4.984 4
      vertex 2.65071 4.984 2
    endloop
  endfacet
  facet normal -0.941545 -0.336888 0
    outer loop
      vertex 2.65071 4.984 4
      vertex 2.76642 4.66061 2
      vertex 2.76642 4.66061 4
    endloop
  endfacet
  facet normal 0.336888 -0.941545 0
    outer loop
      vertex 7.016 2.65071 2
      vertex 7.33939 2.76642 4
      vertex 7.016 2.65071 4
    endloop
  endfacet
  facet normal 0.336888 -0.941545 0
    outer loop
      vertex 7.33939 2.76642 4
      vertex 7.016 2.65071 2
      vertex 7.33939 2.76642 2
    endloop
  endfacet
  facet normal 0.941545 0.336888 0
    outer loop
      vertex 9.34929 7.016 4
      vertex 9.23358 7.33939 2
      vertex 9.23358 7.33939 4
    endloop
  endfacet
  facet normal 0.941545 0.336888 0
    outer loop
      vertex 9.23358 7.33939 2
      vertex 9.34929 7.016 4
      vertex 9.34929 7.016 2
    endloop
  endfacet
  facet normal -0.998796 -0.0490576 0
    outer loop
      vertex 2.51685 5.65694 2
      vertex 2.5 6 4
      vertex 2.5 6 2
    endloop
  endfacet
  facet normal -0.998796 -0.0490576 0
    outer loop
      vertex 2.5 6 4
      vertex 2.51685 5.65694 2
      vertex 2.51685 5.65694 4
    endloop
  endfacet
  facet normal -0.0490576 0.998796 0
    outer loop
      vertex 6 9.5 2
      vertex 5.65694 9.48315 4
      vertex 6 9.5 4
    endloop
  endfacet
  facet normal -0.0490576 0.998796 0
    outer loop
      vertex 5.65694 9.48315 4
      vertex 6 9.5 2
      vertex 5.65694 9.48315 2
    endloop
  endfacet
  facet normal 0.903984 -0.427566 0
    outer loop
      vertex 9.08672 4.35011 4
      vertex 9.23358 4.66061 2
      vertex 9.23358 4.66061 4
    endloop
  endfacet
  facet normal 0.903984 -0.427566 0
    outer loop
      vertex 9.23358 4.66061 2
      vertex 9.08672 4.35011 4
      vertex 9.08672 4.35011 2
    endloop
  endfacet
  facet normal 0.595687 0.803217 -0
    outer loop
      vertex 8.22038 8.70554 2
      vertex 7.9445 8.91014 4
      vertex 8.22038 8.70554 4
    endloop
  endfacet
  facet normal 0.595687 0.803217 0
    outer loop
      vertex 7.9445 8.91014 4
      vertex 8.22038 8.70554 2
      vertex 7.9445 8.91014 2
    endloop
  endfacet
  facet normal 0.998796 -0.0490576 0
    outer loop
      vertex 9.48315 5.65694 4
      vertex 9.5 6 2
      vertex 9.5 6 4
    endloop
  endfacet
  facet normal 0.998796 -0.0490576 0
    outer loop
      vertex 9.5 6 2
      vertex 9.48315 5.65694 4
      vertex 9.48315 5.65694 2
    endloop
  endfacet
  facet normal -0.336888 -0.941545 0
    outer loop
      vertex 4.66061 2.76642 2
      vertex 4.984 2.65071 4
      vertex 4.66061 2.76642 4
    endloop
  endfacet
  facet normal -0.336888 -0.941545 -0
    outer loop
      vertex 4.984 2.65071 4
      vertex 4.66061 2.76642 2
      vertex 4.984 2.65071 2
    endloop
  endfacet
  facet normal -0.0490576 -0.998796 0
    outer loop
      vertex 5.65694 2.51685 2
      vertex 6 2.5 4
      vertex 5.65694 2.51685 4
    endloop
  endfacet
  facet normal -0.0490576 -0.998796 -0
    outer loop
      vertex 6 2.5 4
      vertex 5.65694 2.51685 2
      vertex 6 2.5 2
    endloop
  endfacet
  facet normal 0.0490576 -0.998796 0
    outer loop
      vertex 6 2.5 2
      vertex 6.34306 2.51685 4
      vertex 6 2.5 4
    endloop
  endfacet
  facet normal 0.0490576 -0.998796 0
    outer loop
      vertex 6.34306 2.51685 4
      vertex 6 2.5 2
      vertex 6.34306 2.51685 2
    endloop
  endfacet
  facet normal 0.803217 0.595687 0
    outer loop
      vertex 8.91014 7.9445 4
      vertex 8.70554 8.22038 2
      vertex 8.70554 8.22038 4
    endloop
  endfacet
  facet normal 0.803217 0.595687 0
    outer loop
      vertex 8.70554 8.22038 2
      vertex 8.91014 7.9445 4
      vertex 8.91014 7.9445 2
    endloop
  endfacet
  facet normal -0.671581 0.740931 0
    outer loop
      vertex 3.77962 8.70554 2
      vertex 3.52513 8.47487 4
      vertex 3.77962 8.70554 4
    endloop
  endfacet
  facet normal -0.671581 0.740931 0
    outer loop
      vertex 3.52513 8.47487 4
      vertex 3.77962 8.70554 2
      vertex 3.52513 8.47487 2
    endloop
  endfacet
  facet normal 0.146734 0.989176 -0
    outer loop
      vertex 6.68282 9.43275 2
      vertex 6.34306 9.48315 4
      vertex 6.68282 9.43275 4
    endloop
  endfacet
  facet normal 0.146734 0.989176 0
    outer loop
      vertex 6.34306 9.48315 4
      vertex 6.68282 9.43275 2
      vertex 6.34306 9.48315 2
    endloop
  endfacet
  facet normal 0.146734 -0.989176 0
    outer loop
      vertex 6.34306 2.51685 2
      vertex 6.68282 2.56725 4
      vertex 6.34306 2.51685 4
    endloop
  endfacet
  facet normal 0.146734 -0.989176 0
    outer loop
      vertex 6.68282 2.56725 4
      vertex 6.34306 2.51685 2
      vertex 6.68282 2.56725 2
    endloop
  endfacet
  facet normal 0.427566 0.903984 -0
    outer loop
      vertex 7.64989 9.08672 2
      vertex 7.33939 9.23358 4
      vertex 7.64989 9.08672 4
    endloop
  endfacet
  facet normal 0.427566 0.903984 0
    outer loop
      vertex 7.33939 9.23358 4
      vertex 7.64989 9.08672 2
      vertex 7.33939 9.23358 2
    endloop
  endfacet
  facet normal 0.941545 -0.336888 0
    outer loop
      vertex 9.23358 4.66061 4
      vertex 9.34929 4.984 2
      vertex 9.34929 4.984 4
    endloop
  endfacet
  facet normal 0.941545 -0.336888 0
    outer loop
      vertex 9.34929 4.984 2
      vertex 9.23358 4.66061 4
      vertex 9.23358 4.66061 2
    endloop
  endfacet
  facet normal 0.740931 -0.671581 0
    outer loop
      vertex 8.47487 3.52513 4
      vertex 8.70554 3.77962 2
      vertex 8.70554 3.77962 4
    endloop
  endfacet
  facet normal 0.740931 -0.671581 0
    outer loop
      vertex 8.70554 3.77962 2
      vertex 8.47487 3.52513 4
      vertex 8.47487 3.52513 2
    endloop
  endfacet
  facet normal -0.740931 0.671581 0
    outer loop
      vertex 3.29446 8.22038 2
      vertex 3.52513 8.47487 4
      vertex 3.52513 8.47487 2
    endloop
  endfacet
  facet normal -0.740931 0.671581 0
    outer loop
      vertex 3.52513 8.47487 4
      vertex 3.29446 8.22038 2
      vertex 3.29446 8.22038 4
    endloop
  endfacet
  facet normal -0.857732 0.514098 0
    outer loop
      vertex 2.91328 7.64989 2
      vertex 3.08986 7.9445 4
      vertex 3.08986 7.9445 2
    endloop
  endfacet
  facet normal -0.857732 0.514098 0
    outer loop
      vertex 3.08986 7.9445 4
      vertex 2.91328 7.64989 2
      vertex 2.91328 7.64989 4
    endloop
  endfacet
  facet normal 0.903984 0.427566 0
    outer loop
      vertex 9.23358 7.33939 4
      vertex 9.08672 7.64989 2
      vertex 9.08672 7.64989 4
    endloop
  endfacet
  facet normal 0.903984 0.427566 0
    outer loop
      vertex 9.08672 7.64989 2
      vertex 9.23358 7.33939 4
      vertex 9.23358 7.33939 2
    endloop
  endfacet
  facet normal -0.514098 0.857732 0
    outer loop
      vertex 4.35011 9.08672 2
      vertex 4.0555 8.91014 4
      vertex 4.35011 9.08672 4
    endloop
  endfacet
  facet normal -0.514098 0.857732 0
    outer loop
      vertex 4.0555 8.91014 4
      vertex 4.35011 9.08672 2
      vertex 4.0555 8.91014 2
    endloop
  endfacet
  facet normal 0.989176 -0.146734 0
    outer loop
      vertex 9.43275 5.31718 4
      vertex 9.48315 5.65694 2
      vertex 9.48315 5.65694 4
    endloop
  endfacet
  facet normal 0.989176 -0.146734 0
    outer loop
      vertex 9.48315 5.65694 2
      vertex 9.43275 5.31718 4
      vertex 9.43275 5.31718 2
    endloop
  endfacet
  facet normal 0.514098 -0.857732 0
    outer loop
      vertex 7.64989 2.91328 2
      vertex 7.9445 3.08986 4
      vertex 7.64989 2.91328 4
    endloop
  endfacet
  facet normal 0.514098 -0.857732 0
    outer loop
      vertex 7.9445 3.08986 4
      vertex 7.64989 2.91328 2
      vertex 7.9445 3.08986 2
    endloop
  endfacet
  facet normal -0.941545 0.336888 0
    outer loop
      vertex 2.65071 7.016 2
      vertex 2.76642 7.33939 4
      vertex 2.76642 7.33939 2
    endloop
  endfacet
  facet normal -0.941545 0.336888 0
    outer loop
      vertex 2.76642 7.33939 4
      vertex 2.65071 7.016 2
      vertex 2.65071 7.016 4
    endloop
  endfacet
  facet normal 0.336888 0.941545 -0
    outer loop
      vertex 7.33939 9.23358 2
      vertex 7.016 9.34929 4
      vertex 7.33939 9.23358 4
    endloop
  endfacet
  facet normal 0.336888 0.941545 0
    outer loop
      vertex 7.016 9.34929 4
      vertex 7.33939 9.23358 2
      vertex 7.016 9.34929 2
    endloop
  endfacet
  facet normal 0.242988 0.970029 -0
    outer loop
      vertex 7.016 9.34929 2
      vertex 6.68282 9.43275 4
      vertex 7.016 9.34929 4
    endloop
  endfacet
  facet normal 0.242988 0.970029 0
    outer loop
      vertex 6.68282 9.43275 4
      vertex 7.016 9.34929 2
      vertex 6.68282 9.43275 2
    endloop
  endfacet
  facet normal -0.427566 0.903984 0
    outer loop
      vertex 4.66061 9.23358 2
      vertex 4.35011 9.08672 4
      vertex 4.66061 9.23358 4
    endloop
  endfacet
  facet normal -0.427566 0.903984 0
    outer loop
      vertex 4.35011 9.08672 4
      vertex 4.66061 9.23358 2
      vertex 4.35011 9.08672 2
    endloop
  endfacet
  facet normal -0.595687 0.803217 0
    outer loop
      vertex 4.0555 8.91014 2
      vertex 3.77962 8.70554 4
      vertex 4.0555 8.91014 4
    endloop
  endfacet
  facet normal -0.595687 0.803217 0
    outer loop
      vertex 3.77962 8.70554 4
      vertex 4.0555 8.91014 2
      vertex 3.77962 8.70554 2
    endloop
  endfacet
  facet normal -0.146734 0.989176 0
    outer loop
      vertex 5.65694 9.48315 2
      vertex 5.31718 9.43275 4
      vertex 5.65694 9.48315 4
    endloop
  endfacet
  facet normal -0.146734 0.989176 0
    outer loop
      vertex 5.31718 9.43275 4
      vertex 5.65694 9.48315 2
      vertex 5.31718 9.43275 2
    endloop
  endfacet
  facet normal 0.242988 -0.970029 0
    outer loop
      vertex 6.68282 2.56725 2
      vertex 7.016 2.65071 4
      vertex 6.68282 2.56725 4
    endloop
  endfacet
  facet normal 0.242988 -0.970029 0
    outer loop
      vertex 7.016 2.65071 4
      vertex 6.68282 2.56725 2
      vertex 7.016 2.65071 2
    endloop
  endfacet
  facet normal -0.595687 -0.803217 0
    outer loop
      vertex 3.77962 3.29446 2
      vertex 4.0555 3.08986 4
      vertex 3.77962 3.29446 4
    endloop
  endfacet
  facet normal -0.595687 -0.803217 -0
    outer loop
      vertex 4.0555 3.08986 4
      vertex 3.77962 3.29446 2
      vertex 4.0555 3.08986 2
    endloop
  endfacet
  facet normal -0.903984 -0.427566 0
    outer loop
      vertex 2.91328 4.35011 2
      vertex 2.76642 4.66061 4
      vertex 2.76642 4.66061 2
    endloop
  endfacet
  facet normal -0.903984 -0.427566 0
    outer loop
      vertex 2.76642 4.66061 4
      vertex 2.91328 4.35011 2
      vertex 2.91328 4.35011 4
    endloop
  endfacet
  facet normal -0.970029 0.242988 0
    outer loop
      vertex 2.56725 6.68282 2
      vertex 2.65071 7.016 4
      vertex 2.65071 7.016 2
    endloop
  endfacet
  facet normal -0.970029 0.242988 0
    outer loop
      vertex 2.65071 7.016 4
      vertex 2.56725 6.68282 2
      vertex 2.56725 6.68282 4
    endloop
  endfacet
  facet normal -0.740931 -0.671581 0
    outer loop
      vertex 3.52513 3.52513 2
      vertex 3.29446 3.77962 4
      vertex 3.29446 3.77962 2
    endloop
  endfacet
  facet normal -0.740931 -0.671581 0
    outer loop
      vertex 3.29446 3.77962 4
      vertex 3.52513 3.52513 2
      vertex 3.52513 3.52513 4
    endloop
  endfacet
  facet normal -0.336888 0.941545 0
    outer loop
      vertex 4.984 9.34929 2
      vertex 4.66061 9.23358 4
      vertex 4.984 9.34929 4
    endloop
  endfacet
  facet normal -0.336888 0.941545 0
    outer loop
      vertex 4.66061 9.23358 4
      vertex 4.984 9.34929 2
      vertex 4.66061 9.23358 2
    endloop
  endfacet
  facet normal -0.989176 0.146734 0
    outer loop
      vertex 2.51685 6.34306 2
      vertex 2.56725 6.68282 4
      vertex 2.56725 6.68282 2
    endloop
  endfacet
  facet normal -0.989176 0.146734 0
    outer loop
      vertex 2.56725 6.68282 4
      vertex 2.51685 6.34306 2
      vertex 2.51685 6.34306 4
    endloop
  endfacet
  facet normal -0.998796 0.0490576 0
    outer loop
      vertex 2.5 6 2
      vertex 2.51685 6.34306 4
      vertex 2.51685 6.34306 2
    endloop
  endfacet
  facet normal -0.998796 0.0490576 0
    outer loop
      vertex 2.51685 6.34306 4
      vertex 2.5 6 2
      vertex 2.5 6 4
    endloop
  endfacet
  facet normal -0.989176 -0.146734 0
    outer loop
      vertex 2.56725 5.31718 2
      vertex 2.51685 5.65694 4
      vertex 2.51685 5.65694 2
    endloop
  endfacet
  facet normal -0.989176 -0.146734 0
    outer loop
      vertex 2.51685 5.65694 4
      vertex 2.56725 5.31718 2
      vertex 2.56725 5.31718 4
    endloop
  endfacet
  facet normal -0.803217 0.595687 0
    outer loop
      vertex 3.08986 7.9445 2
      vertex 3.29446 8.22038 4
      vertex 3.29446 8.22038 2
    endloop
  endfacet
  facet normal -0.803217 0.595687 0
    outer loop
      vertex 3.29446 8.22038 4
      vertex 3.08986 7.9445 2
      vertex 3.08986 7.9445 4
    endloop
  endfacet
  facet normal 0.970029 -0.242988 0
    outer loop
      vertex 9.34929 4.984 4
      vertex 9.43275 5.31718 2
      vertex 9.43275 5.31718 4
    endloop
  endfacet
  facet normal 0.970029 -0.242988 0
    outer loop
      vertex 9.43275 5.31718 2
      vertex 9.34929 4.984 4
      vertex 9.34929 4.984 2
    endloop
  endfacet
  facet normal -0.803217 -0.595687 0
    outer loop
      vertex 3.29446 3.77962 2
      vertex 3.08986 4.0555 4
      vertex 3.08986 4.0555 2
    endloop
  endfacet
  facet normal -0.803217 -0.595687 0
    outer loop
      vertex 3.08986 4.0555 4
      vertex 3.29446 3.77962 2
      vertex 3.29446 3.77962 4
    endloop
  endfacet
  facet normal 0.0490576 0.998796 -0
    outer loop
      vertex 6.34306 9.48315 2
      vertex 6 9.5 4
      vertex 6.34306 9.48315 4
    endloop
  endfacet
  facet normal 0.0490576 0.998796 0
    outer loop
      vertex 6 9.5 4
      vertex 6.34306 9.48315 2
      vertex 6 9.5 2
    endloop
  endfacet
  facet normal 0.857732 -0.514098 0
    outer loop
      vertex 8.91014 4.0555 4
      vertex 9.08672 4.35011 2
      vertex 9.08672 4.35011 4
    endloop
  endfacet
  facet normal 0.857732 -0.514098 0
    outer loop
      vertex 9.08672 4.35011 2
      vertex 8.91014 4.0555 4
      vertex 8.91014 4.0555 2
    endloop
  endfacet
  facet normal -0.514098 -0.857732 0
    outer loop
      vertex 4.0555 3.08986 2
      vertex 4.35011 2.91328 4
      vertex 4.0555 3.08986 4
    endloop
  endfacet
  facet normal -0.514098 -0.857732 -0
    outer loop
      vertex 4.35011 2.91328 4
      vertex 4.0555 3.08986 2
      vertex 4.35011 2.91328 2
    endloop
  endfacet
  facet normal -0.427566 -0.903984 0
    outer loop
      vertex 4.35011 2.91328 2
      vertex 4.66061 2.76642 4
      vertex 4.35011 2.91328 4
    endloop
  endfacet
  facet normal -0.427566 -0.903984 -0
    outer loop
      vertex 4.66061 2.76642 4
      vertex 4.35011 2.91328 2
      vertex 4.66061 2.76642 2
    endloop
  endfacet
  facet normal 0.803217 -0.595687 0
    outer loop
      vertex 8.70554 3.77962 4
      vertex 8.91014 4.0555 2
      vertex 8.91014 4.0555 4
    endloop
  endfacet
  facet normal 0.803217 -0.595687 0
    outer loop
      vertex 8.91014 4.0555 2
      vertex 8.70554 3.77962 4
      vertex 8.70554 3.77962 2
    endloop
  endfacet
  facet normal -0.242988 -0.970029 0
    outer loop
      vertex 4.984 2.65071 2
      vertex 5.31718 2.56725 4
      vertex 4.984 2.65071 4
    endloop
  endfacet
  facet normal -0.242988 -0.970029 -0
    outer loop
      vertex 5.31718 2.56725 4
      vertex 4.984 2.65071 2
      vertex 5.31718 2.56725 2
    endloop
  endfacet
  facet normal -0.857732 -0.514098 0
    outer loop
      vertex 3.08986 4.0555 2
      vertex 2.91328 4.35011 4
      vertex 2.91328 4.35011 2
    endloop
  endfacet
  facet normal -0.857732 -0.514098 0
    outer loop
      vertex 2.91328 4.35011 4
      vertex 3.08986 4.0555 2
      vertex 3.08986 4.0555 4
    endloop
  endfacet
  facet normal -0.903984 0.427566 0
    outer loop
      vertex 2.76642 7.33939 2
      vertex 2.91328 7.64989 4
      vertex 2.91328 7.64989 2
    endloop
  endfacet
  facet normal -0.903984 0.427566 0
    outer loop
      vertex 2.91328 7.64989 4
      vertex 2.76642 7.33939 2
      vertex 2.76642 7.33939 4
    endloop
  endfacet
  facet normal 0.671581 -0.740931 0
    outer loop
      vertex 8.22038 3.29446 2
      vertex 8.47487 3.52513 4
      vertex 8.22038 3.29446 4
    endloop
  endfacet
  facet normal 0.671581 -0.740931 0
    outer loop
      vertex 8.47487 3.52513 4
      vertex 8.22038 3.29446 2
      vertex 8.47487 3.52513 2
    endloop
  endfacet
  facet normal 0 0 1
    outer loop
      vertex 7.6 6 4
      vertex 9.5 6 4
      vertex 9.48315 6.34306 4
    endloop
  endfacet
  facet normal 0 0 1
    outer loop
      vertex 7.59229 6.15683 4
      vertex 9.48315 6.34306 4
      vertex 9.43275 6.68282 4
    endloop
  endfacet
  facet normal 0 0 1
    outer loop
      vertex 9.5 6 4
      vertex 7.6 6 4
      vertex 9.48315 5.65694 4
    endloop
  endfacet
  facet normal 0 0 1
    outer loop
      vertex 7.56926 6.31214 4
      vertex 9.43275 6.68282 4
      vertex 9.34929 7.016 4
    endloop
  endfacet
  facet normal -0 0 1
    outer loop
      vertex 7.59229 5.84317 4
      vertex 9.48315 5.65694 4
      vertex 7.6 6 4
    endloop
  endfacet
  facet normal 0 0 1
    outer loop
      vertex 7.5311 6.46445 4
      vertex 9.34929 7.016 4
      vertex 9.23358 7.33939 4
    endloop
  endfacet
  facet normal 0 0 1
    outer loop
      vertex 9.48315 5.65694 4
      vertex 7.59229 5.84317 4
      vertex 9.43275 5.31718 4
    endloop
  endfacet
  facet normal 0 0 1
    outer loop
      vertex 7.47821 6.61229 4
      vertex 9.23358 7.33939 4
      vertex 9.08672 7.64989 4
    endloop
  endfacet
  facet normal -0 0 1
    outer loop
      vertex 7.56926 5.68786 4
      vertex 9.43275 5.31718 4
      vertex 7.59229 5.84317 4
    endloop
  endfacet
  facet normal 0 0 1
    outer loop
      vertex 7.41107 6.75423 4
      vertex 9.08672 7.64989 4
      vertex 8.91014 7.9445 4
    endloop
  endfacet
  facet normal 0 0 1
    outer loop
      vertex 9.43275 5.31718 4
      vertex 7.56926 5.68786 4
      vertex 9.34929 4.984 4
    endloop
  endfacet
  facet normal 0 0 1
    outer loop
      vertex 7.33035 6.88891 4
      vertex 8.91014 7.9445 4
      vertex 8.70554 8.22038 4
    endloop
  endfacet
  facet normal -0 0 1
    outer loop
      vertex 7.5311 5.53555 4
      vertex 9.34929 4.984 4
      vertex 7.56926 5.68786 4
    endloop
  endfacet
  facet normal 0 0 1
    outer loop
      vertex 7.23682 7.01503 4
      vertex 8.70554 8.22038 4
      vertex 8.47487 8.47487 4
    endloop
  endfacet
  facet normal 0 0 1
    outer loop
      vertex 9.34929 4.984 4
      vertex 7.5311 5.53555 4
      vertex 9.23358 4.66061 4
    endloop
  endfacet
  facet normal 0 0 1
    outer loop
      vertex 7.13137 7.13137 4
      vertex 8.47487 8.47487 4
      vertex 8.22038 8.70554 4
    endloop
  endfacet
  facet normal -0 0 1
    outer loop
      vertex 7.47821 5.38771 4
      vertex 9.23358 4.66061 4
      vertex 7.5311 5.53555 4
    endloop
  endfacet
  facet normal 0 0 1
    outer loop
      vertex 7.01503 7.23682 4
      vertex 8.22038 8.70554 4
      vertex 7.9445 8.91014 4
    endloop
  endfacet
  facet normal 0 0 1
    outer loop
      vertex 9.23358 4.66061 4
      vertex 7.47821 5.38771 4
      vertex 9.08672 4.35011 4
    endloop
  endfacet
  facet normal 0 0 1
    outer loop
      vertex 6.88891 7.33035 4
      vertex 7.9445 8.91014 4
      vertex 7.64989 9.08672 4
    endloop
  endfacet
  facet normal -0 0 1
    outer loop
      vertex 7.41107 5.24577 4
      vertex 9.08672 4.35011 4
      vertex 7.47821 5.38771 4
    endloop
  endfacet
  facet normal 0 0 1
    outer loop
      vertex 9.08672 4.35011 4
      vertex 7.41107 5.24577 4
      vertex 8.91014 4.0555 4
    endloop
  endfacet
  facet normal 0 0 1
    outer loop
      vertex 9.48315 6.34306 4
      vertex 7.59229 6.15683 4
      vertex 7.6 6 4
    endloop
  endfacet
  facet normal 0 0 1
    outer loop
      vertex 9.43275 6.68282 4
      vertex 7.56926 6.31214 4
      vertex 7.59229 6.15683 4
    endloop
  endfacet
  facet normal 0 0 1
    outer loop
      vertex 9.34929 7.016 4
      vertex 7.5311 6.46445 4
      vertex 7.56926 6.31214 4
    endloop
  endfacet
  facet normal 0 0 1
    outer loop
      vertex 9.23358 7.33939 4
      vertex 7.47821 6.61229 4
      vertex 7.5311 6.46445 4
    endloop
  endfacet
  facet normal 0 0 1
    outer loop
      vertex 9.08672 7.64989 4
      vertex 7.41107 6.75423 4
      vertex 7.47821 6.61229 4
    endloop
  endfacet
  facet normal 0 0 1
    outer loop
      vertex 6.75423 7.41107 4
      vertex 7.64989 9.08672 4
      vertex 7.33939 9.23358 4
    endloop
  endfacet
  facet normal 0 0 1
    outer loop
      vertex 8.91014 7.9445 4
      vertex 7.33035 6.88891 4
      vertex 7.41107 6.75423 4
    endloop
  endfacet
  facet normal 0 0 1
    outer loop
      vertex 8.70554 8.22038 4
      vertex 7.23682 7.01503 4
      vertex 7.33035 6.88891 4
    endloop
  endfacet
  facet normal 0 0 1
    outer loop
      vertex 8.47487 8.47487 4
      vertex 7.13137 7.13137 4
      vertex 7.23682 7.01503 4
    endloop
  endfacet
  facet normal 0 0 1
    outer loop
      vertex 6.61229 7.47821 4
      vertex 7.33939 9.23358 4
      vertex 7.016 9.34929 4
    endloop
  endfacet
  facet normal 0 0 1
    outer loop
      vertex 8.22038 8.70554 4
      vertex 7.01503 7.23682 4
      vertex 7.13137 7.13137 4
    endloop
  endfacet
  facet normal 0 0 1
    outer loop
      vertex 7.9445 8.91014 4
      vertex 6.88891 7.33035 4
      vertex 7.01503 7.23682 4
    endloop
  endfacet
  facet normal 0 0 1
    outer loop
      vertex 7.64989 9.08672 4
      vertex 6.75423 7.41107 4
      vertex 6.88891 7.33035 4
    endloop
  endfacet
  facet normal 0 0 1
    outer loop
      vertex 6.46445 7.5311 4
      vertex 7.016 9.34929 4
      vertex 6.68282 9.43275 4
    endloop
  endfacet
  facet normal 0 0 1
    outer loop
      vertex 7.33939 9.23358 4
      vertex 6.61229 7.47821 4
      vertex 6.75423 7.41107 4
    endloop
  endfacet
  facet normal 0 0 1
    outer loop
      vertex 7.016 9.34929 4
      vertex 6.46445 7.5311 4
      vertex 6.61229 7.47821 4
    endloop
  endfacet
  facet normal 0 0 1
    outer loop
      vertex 6.31214 7.56926 4
      vertex 6.68282 9.43275 4
      vertex 6.34306 9.48315 4
    endloop
  endfacet
  facet normal 0 0 1
    outer loop
      vertex 6.68282 9.43275 4
      vertex 6.31214 7.56926 4
      vertex 6.46445 7.5311 4
    endloop
  endfacet
  facet normal 0 0 1
    outer loop
      vertex 6.34306 9.48315 4
      vertex 6.15683 7.59229 4
      vertex 6.31214 7.56926 4
    endloop
  endfacet
  facet normal 0 0 1
    outer loop
      vertex 6 9.5 4
      vertex 6.15683 7.59229 4
      vertex 6.34306 9.48315 4
    endloop
  endfacet
  facet normal 0 0 1
    outer loop
      vertex 6 9.5 4
      vertex 6 7.6 4
      vertex 6.15683 7.59229 4
    endloop
  endfacet
  facet normal 0 0 1
    outer loop
      vertex 6 9.5 4
      vertex 5.84317 7.59229 4
      vertex 6 7.6 4
    endloop
  endfacet
  facet normal -0 0 1
    outer loop
      vertex 5.65694 9.48315 4
      vertex 5.84317 7.59229 4
      vertex 6 9.5 4
    endloop
  endfacet
  facet normal 0 0 1
    outer loop
      vertex 5.84317 7.59229 4
      vertex 5.65694 9.48315 4
      vertex 5.68786 7.56926 4
    endloop
  endfacet
  facet normal -0 0 1
    outer loop
      vertex 5.31718 9.43275 4
      vertex 5.68786 7.56926 4
      vertex 5.65694 9.48315 4
    endloop
  endfacet
  facet normal 0 0 1
    outer loop
      vertex 5.68786 7.56926 4
      vertex 5.31718 9.43275 4
      vertex 5.53555 7.5311 4
    endloop
  endfacet
  facet normal -0 0 1
    outer loop
      vertex 4.984 9.34929 4
      vertex 5.53555 7.5311 4
      vertex 5.31718 9.43275 4
    endloop
  endfacet
  facet normal 0 0 1
    outer loop
      vertex 5.53555 7.5311 4
      vertex 4.984 9.34929 4
      vertex 5.38771 7.47821 4
    endloop
  endfacet
  facet normal -0 0 1
    outer loop
      vertex 4.66061 9.23358 4
      vertex 5.38771 7.47821 4
      vertex 4.984 9.34929 4
    endloop
  endfacet
  facet normal 0 0 1
    outer loop
      vertex 5.38771 7.47821 4
      vertex 4.66061 9.23358 4
      vertex 5.24577 7.41107 4
    endloop
  endfacet
  facet normal -0 0 1
    outer loop
      vertex 4.35011 9.08672 4
      vertex 5.24577 7.41107 4
      vertex 4.66061 9.23358 4
    endloop
  endfacet
  facet normal 0 0 1
    outer loop
      vertex 5.24577 7.41107 4
      vertex 4.35011 9.08672 4
      vertex 5.11109 7.33035 4
    endloop
  endfacet
  facet normal -0 0 1
    outer loop
      vertex 4.0555 8.91014 4
      vertex 5.11109 7.33035 4
      vertex 4.35011 9.08672 4
    endloop
  endfacet
  facet normal 0 0 1
    outer loop
      vertex 5.11109 7.33035 4
      vertex 4.0555 8.91014 4
      vertex 4.98497 7.23682 4
    endloop
  endfacet
  facet normal -0 0 1
    outer loop
      vertex 3.77962 8.70554 4
      vertex 4.98497 7.23682 4
      vertex 4.0555 8.91014 4
    endloop
  endfacet
  facet normal 0 0 1
    outer loop
      vertex 4.98497 7.23682 4
      vertex 3.77962 8.70554 4
      vertex 4.86863 7.13137 4
    endloop
  endfacet
  facet normal -0 0 1
    outer loop
      vertex 3.52513 8.47487 4
      vertex 4.86863 7.13137 4
      vertex 3.77962 8.70554 4
    endloop
  endfacet
  facet normal 0 0 1
    outer loop
      vertex 4.86863 7.13137 4
      vertex 3.52513 8.47487 4
      vertex 4.76318 7.01503 4
    endloop
  endfacet
  facet normal -0 0 1
    outer loop
      vertex 3.29446 8.22038 4
      vertex 4.76318 7.01503 4
      vertex 3.52513 8.47487 4
    endloop
  endfacet
  facet normal 0 0 1
    outer loop
      vertex 4.76318 7.01503 4
      vertex 3.29446 8.22038 4
      vertex 4.66965 6.88891 4
    endloop
  endfacet
  facet normal 0 0 1
    outer loop
      vertex 4.66965 6.88891 4
      vertex 3.08986 7.9445 4
      vertex 4.58893 6.75423 4
    endloop
  endfacet
  facet normal -0 0 1
    outer loop
      vertex 3.08986 7.9445 4
      vertex 4.66965 6.88891 4
      vertex 3.29446 8.22038 4
    endloop
  endfacet
  facet normal -0 0 1
    outer loop
      vertex 7.33035 5.11109 4
      vertex 8.91014 4.0555 4
      vertex 7.41107 5.24577 4
    endloop
  endfacet
  facet normal 0 0 1
    outer loop
      vertex 8.91014 4.0555 4
      vertex 7.33035 5.11109 4
      vertex 8.70554 3.77962 4
    endloop
  endfacet
  facet normal -0 0 1
    outer loop
      vertex 7.23682 4.98497 4
      vertex 8.70554 3.77962 4
      vertex 7.33035 5.11109 4
    endloop
  endfacet
  facet normal 0 0 1
    outer loop
      vertex 8.70554 3.77962 4
      vertex 7.23682 4.98497 4
      vertex 8.47487 3.52513 4
    endloop
  endfacet
  facet normal -0 0 1
    outer loop
      vertex 7.13137 4.86863 4
      vertex 8.47487 3.52513 4
      vertex 7.23682 4.98497 4
    endloop
  endfacet
  facet normal 0 0 1
    outer loop
      vertex 8.47487 3.52513 4
      vertex 7.13137 4.86863 4
      vertex 8.22038 3.29446 4
    endloop
  endfacet
  facet normal -0 0 1
    outer loop
      vertex 7.01503 4.76318 4
      vertex 8.22038 3.29446 4
      vertex 7.13137 4.86863 4
    endloop
  endfacet
  facet normal 0 0 1
    outer loop
      vertex 8.22038 3.29446 4
      vertex 7.01503 4.76318 4
      vertex 7.9445 3.08986 4
    endloop
  endfacet
  facet normal -0 0 1
    outer loop
      vertex 6.88891 4.66965 4
      vertex 7.9445 3.08986 4
      vertex 7.01503 4.76318 4
    endloop
  endfacet
  facet normal 0 0 1
    outer loop
      vertex 7.9445 3.08986 4
      vertex 6.88891 4.66965 4
      vertex 7.64989 2.91328 4
    endloop
  endfacet
  facet normal -0 0 1
    outer loop
      vertex 6.75423 4.58893 4
      vertex 7.64989 2.91328 4
      vertex 6.88891 4.66965 4
    endloop
  endfacet
  facet normal 0 0 1
    outer loop
      vertex 7.64989 2.91328 4
      vertex 6.75423 4.58893 4
      vertex 7.33939 2.76642 4
    endloop
  endfacet
  facet normal -0 0 1
    outer loop
      vertex 6.61229 4.52179 4
      vertex 7.33939 2.76642 4
      vertex 6.75423 4.58893 4
    endloop
  endfacet
  facet normal 0 0 1
    outer loop
      vertex 7.33939 2.76642 4
      vertex 6.61229 4.52179 4
      vertex 7.016 2.65071 4
    endloop
  endfacet
  facet normal -0 0 1
    outer loop
      vertex 6.46445 4.4689 4
      vertex 7.016 2.65071 4
      vertex 6.61229 4.52179 4
    endloop
  endfacet
  facet normal 0 0 1
    outer loop
      vertex 7.016 2.65071 4
      vertex 6.46445 4.4689 4
      vertex 6.68282 2.56725 4
    endloop
  endfacet
  facet normal -0 0 1
    outer loop
      vertex 6.31214 4.43074 4
      vertex 6.68282 2.56725 4
      vertex 6.46445 4.4689 4
    endloop
  endfacet
  facet normal 0 0 1
    outer loop
      vertex 6.68282 2.56725 4
      vertex 6.31214 4.43074 4
      vertex 6.34306 2.51685 4
    endloop
  endfacet
  facet normal -0 0 1
    outer loop
      vertex 6.15683 4.40771 4
      vertex 6.34306 2.51685 4
      vertex 6.31214 4.43074 4
    endloop
  endfacet
  facet normal -0 0 1
    outer loop
      vertex 6 4.4 4
      vertex 6.34306 2.51685 4
      vertex 6.15683 4.40771 4
    endloop
  endfacet
  facet normal 0 0 1
    outer loop
      vertex 6 4.4 4
      vertex 6 2.5 4
      vertex 6.34306 2.51685 4
    endloop
  endfacet
  facet normal 0 0 1
    outer loop
      vertex 5.84317 4.40771 4
      vertex 6 2.5 4
      vertex 6 4.4 4
    endloop
  endfacet
  facet normal 0 0 1
    outer loop
      vertex 5.65694 2.51685 4
      vertex 5.84317 4.40771 4
      vertex 5.68786 4.43074 4
    endloop
  endfacet
  facet normal 0 0 1
    outer loop
      vertex 5.84317 4.40771 4
      vertex 5.65694 2.51685 4
      vertex 6 2.5 4
    endloop
  endfacet
  facet normal 0 0 1
    outer loop
      vertex 5.31718 2.56725 4
      vertex 5.68786 4.43074 4
      vertex 5.53555 4.4689 4
    endloop
  endfacet
  facet normal 0 0 1
    outer loop
      vertex 4.984 2.65071 4
      vertex 5.53555 4.4689 4
      vertex 5.38771 4.52179 4
    endloop
  endfacet
  facet normal 0 0 1
    outer loop
      vertex 5.68786 4.43074 4
      vertex 5.31718 2.56725 4
      vertex 5.65694 2.51685 4
    endloop
  endfacet
  facet normal 0 0 1
    outer loop
      vertex 4.66061 2.76642 4
      vertex 5.38771 4.52179 4
      vertex 5.24577 4.58893 4
    endloop
  endfacet
  facet normal 0 0 1
    outer loop
      vertex 4.35011 2.91328 4
      vertex 5.24577 4.58893 4
      vertex 5.11109 4.66965 4
    endloop
  endfacet
  facet normal 0 0 1
    outer loop
      vertex 4.0555 3.08986 4
      vertex 5.11109 4.66965 4
      vertex 4.98497 4.76318 4
    endloop
  endfacet
  facet normal 0 0 1
    outer loop
      vertex 5.53555 4.4689 4
      vertex 4.984 2.65071 4
      vertex 5.31718 2.56725 4
    endloop
  endfacet
  facet normal 0 0 1
    outer loop
      vertex 3.77962 3.29446 4
      vertex 4.98497 4.76318 4
      vertex 4.86863 4.86863 4
    endloop
  endfacet
  facet normal 0 0 1
    outer loop
      vertex 3.52513 3.52513 4
      vertex 4.86863 4.86863 4
      vertex 4.76318 4.98497 4
    endloop
  endfacet
  facet normal 0 0 1
    outer loop
      vertex 3.29446 3.77962 4
      vertex 4.76318 4.98497 4
      vertex 4.66965 5.11109 4
    endloop
  endfacet
  facet normal 0 0 1
    outer loop
      vertex 5.38771 4.52179 4
      vertex 4.66061 2.76642 4
      vertex 4.984 2.65071 4
    endloop
  endfacet
  facet normal 0 0 1
    outer loop
      vertex 3.08986 4.0555 4
      vertex 4.66965 5.11109 4
      vertex 4.58893 5.24577 4
    endloop
  endfacet
  facet normal 0 0 1
    outer loop
      vertex 2.91328 4.35011 4
      vertex 4.58893 5.24577 4
      vertex 4.52179 5.38771 4
    endloop
  endfacet
  facet normal 0 0 1
    outer loop
      vertex 2.76642 4.66061 4
      vertex 4.52179 5.38771 4
      vertex 4.4689 5.53555 4
    endloop
  endfacet
  facet normal 0 0 1
    outer loop
      vertex 2.65071 4.984 4
      vertex 4.4689 5.53555 4
      vertex 4.43074 5.68786 4
    endloop
  endfacet
  facet normal 0 0 1
    outer loop
      vertex 2.56725 5.31718 4
      vertex 4.43074 5.68786 4
      vertex 4.40771 5.84317 4
    endloop
  endfacet
  facet normal 0 0 1
    outer loop
      vertex 5.24577 4.58893 4
      vertex 4.35011 2.91328 4
      vertex 4.66061 2.76642 4
    endloop
  endfacet
  facet normal 0 0 1
    outer loop
      vertex 2.51685 5.65694 4
      vertex 4.40771 5.84317 4
      vertex 4.4 6 4
    endloop
  endfacet
  facet normal -0 0 1
    outer loop
      vertex 2.91328 7.64989 4
      vertex 4.58893 6.75423 4
      vertex 3.08986 7.9445 4
    endloop
  endfacet
  facet normal 0 0 1
    outer loop
      vertex 4.58893 6.75423 4
      vertex 2.91328 7.64989 4
      vertex 4.52179 6.61229 4
    endloop
  endfacet
  facet normal 0 0 1
    outer loop
      vertex 5.11109 4.66965 4
      vertex 4.0555 3.08986 4
      vertex 4.35011 2.91328 4
    endloop
  endfacet
  facet normal -0 0 1
    outer loop
      vertex 2.76642 7.33939 4
      vertex 4.52179 6.61229 4
      vertex 2.91328 7.64989 4
    endloop
  endfacet
  facet normal 0 0 1
    outer loop
      vertex 4.98497 4.76318 4
      vertex 3.77962 3.29446 4
      vertex 4.0555 3.08986 4
    endloop
  endfacet
  facet normal 0 0 1
    outer loop
      vertex 4.52179 6.61229 4
      vertex 2.76642 7.33939 4
      vertex 4.4689 6.46445 4
    endloop
  endfacet
  facet normal 0 0 1
    outer loop
      vertex 4.86863 4.86863 4
      vertex 3.52513 3.52513 4
      vertex 3.77962 3.29446 4
    endloop
  endfacet
  facet normal -0 0 1
    outer loop
      vertex 2.65071 7.016 4
      vertex 4.4689 6.46445 4
      vertex 2.76642 7.33939 4
    endloop
  endfacet
  facet normal 0 0 1
    outer loop
      vertex 4.76318 4.98497 4
      vertex 3.29446 3.77962 4
      vertex 3.52513 3.52513 4
    endloop
  endfacet
  facet normal 0 0 1
    outer loop
      vertex 4.4689 6.46445 4
      vertex 2.65071 7.016 4
      vertex 4.43074 6.31214 4
    endloop
  endfacet
  facet normal 0 0 1
    outer loop
      vertex 4.66965 5.11109 4
      vertex 3.08986 4.0555 4
      vertex 3.29446 3.77962 4
    endloop
  endfacet
  facet normal -0 0 1
    outer loop
      vertex 2.56725 6.68282 4
      vertex 4.43074 6.31214 4
      vertex 2.65071 7.016 4
    endloop
  endfacet
  facet normal 0 0 1
    outer loop
      vertex 4.58893 5.24577 4
      vertex 2.91328 4.35011 4
      vertex 3.08986 4.0555 4
    endloop
  endfacet
  facet normal 0 0 1
    outer loop
      vertex 4.43074 6.31214 4
      vertex 2.56725 6.68282 4
      vertex 4.40771 6.15683 4
    endloop
  endfacet
  facet normal 0 0 1
    outer loop
      vertex 4.52179 5.38771 4
      vertex 2.76642 4.66061 4
      vertex 2.91328 4.35011 4
    endloop
  endfacet
  facet normal -0 0 1
    outer loop
      vertex 2.51685 6.34306 4
      vertex 4.40771 6.15683 4
      vertex 2.56725 6.68282 4
    endloop
  endfacet
  facet normal 0 0 1
    outer loop
      vertex 4.4689 5.53555 4
      vertex 2.65071 4.984 4
      vertex 2.76642 4.66061 4
    endloop
  endfacet
  facet normal 0 0 1
    outer loop
      vertex 4.40771 6.15683 4
      vertex 2.51685 6.34306 4
      vertex 4.4 6 4
    endloop
  endfacet
  facet normal 0 0 1
    outer loop
      vertex 4.43074 5.68786 4
      vertex 2.56725 5.31718 4
      vertex 2.65071 4.984 4
    endloop
  endfacet
  facet normal 0 0 1
    outer loop
      vertex 2.5 6 4
      vertex 4.4 6 4
      vertex 2.51685 6.34306 4
    endloop
  endfacet
  facet normal 0 0 1
    outer loop
      vertex 4.40771 5.84317 4
      vertex 2.51685 5.65694 4
      vertex 2.56725 5.31718 4
    endloop
  endfacet
  facet normal 0 0 1
    outer loop
      vertex 4.4 6 4
      vertex 2.5 6 4
      vertex 2.51685 5.65694 4
    endloop
  endfacet
  facet normal 0.24303 0.970019 -0
    outer loop
      vertex 5.68786 4.43074 2
      vertex 5.53555 4.4689 4
      vertex 5.68786 4.43074 4
    endloop
  endfacet
  facet normal 0.24303 0.970019 0
    outer loop
      vertex 5.53555 4.4689 4
      vertex 5.68786 4.43074 2
      vertex 5.53555 4.4689 2
    endloop
  endfacet
  facet normal 0.85774 0.514084 0
    outer loop
      vertex 4.66965 5.11109 4
      vertex 4.58893 5.24577 2
      vertex 4.58893 5.24577 4
    endloop
  endfacet
  facet normal 0.85774 0.514084 0
    outer loop
      vertex 4.58893 5.24577 2
      vertex 4.66965 5.11109 4
      vertex 4.66965 5.11109 2
    endloop
  endfacet
  facet normal -0.14668 0.989184 0
    outer loop
      vertex 6.31214 4.43074 2
      vertex 6.15683 4.40771 4
      vertex 6.31214 4.43074 4
    endloop
  endfacet
  facet normal -0.14668 0.989184 0
    outer loop
      vertex 6.15683 4.40771 4
      vertex 6.31214 4.43074 2
      vertex 6.15683 4.40771 2
    endloop
  endfacet
  facet normal 0.514084 -0.85774 0
    outer loop
      vertex 5.11109 7.33035 2
      vertex 5.24577 7.41107 4
      vertex 5.11109 7.33035 4
    endloop
  endfacet
  facet normal 0.514084 -0.85774 0
    outer loop
      vertex 5.24577 7.41107 4
      vertex 5.11109 7.33035 2
      vertex 5.24577 7.41107 2
    endloop
  endfacet
  facet normal -0.740933 0.671578 0
    outer loop
      vertex 7.13137 4.86863 2
      vertex 7.23682 4.98497 4
      vertex 7.23682 4.98497 2
    endloop
  endfacet
  facet normal -0.740933 0.671578 0
    outer loop
      vertex 7.23682 4.98497 4
      vertex 7.13137 4.86863 2
      vertex 7.13137 4.86863 4
    endloop
  endfacet
  facet normal -0.514084 0.85774 0
    outer loop
      vertex 6.88891 4.66965 2
      vertex 6.75423 4.58893 4
      vertex 6.88891 4.66965 4
    endloop
  endfacet
  facet normal -0.514084 0.85774 0
    outer loop
      vertex 6.75423 4.58893 4
      vertex 6.88891 4.66965 2
      vertex 6.75423 4.58893 2
    endloop
  endfacet
  facet normal 0.989184 -0.14668 0
    outer loop
      vertex 4.40771 6.15683 4
      vertex 4.43074 6.31214 2
      vertex 4.43074 6.31214 4
    endloop
  endfacet
  facet normal 0.989184 -0.14668 0
    outer loop
      vertex 4.43074 6.31214 2
      vertex 4.40771 6.15683 4
      vertex 4.40771 6.15683 2
    endloop
  endfacet
  facet normal -0.970019 0.24303 0
    outer loop
      vertex 7.5311 5.53555 2
      vertex 7.56926 5.68786 4
      vertex 7.56926 5.68786 2
    endloop
  endfacet
  facet normal -0.970019 0.24303 0
    outer loop
      vertex 7.56926 5.68786 4
      vertex 7.5311 5.53555 2
      vertex 7.5311 5.53555 4
    endloop
  endfacet
  facet normal 0.14668 0.989184 -0
    outer loop
      vertex 5.84317 4.40771 2
      vertex 5.68786 4.43074 4
      vertex 5.84317 4.40771 4
    endloop
  endfacet
  facet normal 0.14668 0.989184 0
    outer loop
      vertex 5.68786 4.43074 4
      vertex 5.84317 4.40771 2
      vertex 5.68786 4.43074 2
    endloop
  endfacet
  facet normal 0.998794 0.0491022 0
    outer loop
      vertex 4.40771 5.84317 4
      vertex 4.4 6 2
      vertex 4.4 6 4
    endloop
  endfacet
  facet normal 0.998794 0.0491022 0
    outer loop
      vertex 4.4 6 2
      vertex 4.40771 5.84317 4
      vertex 4.40771 5.84317 2
    endloop
  endfacet
  facet normal 0.740933 -0.671578 0
    outer loop
      vertex 4.76318 7.01503 4
      vertex 4.86863 7.13137 2
      vertex 4.86863 7.13137 4
    endloop
  endfacet
  facet normal 0.740933 -0.671578 0
    outer loop
      vertex 4.86863 7.13137 2
      vertex 4.76318 7.01503 4
      vertex 4.76318 7.01503 2
    endloop
  endfacet
  facet normal 0.970019 0.24303 0
    outer loop
      vertex 4.4689 5.53555 4
      vertex 4.43074 5.68786 2
      vertex 4.43074 5.68786 4
    endloop
  endfacet
  facet normal 0.970019 0.24303 0
    outer loop
      vertex 4.43074 5.68786 2
      vertex 4.4689 5.53555 4
      vertex 4.4689 5.53555 2
    endloop
  endfacet
  facet normal 0.336845 -0.94156 0
    outer loop
      vertex 5.38771 7.47821 2
      vertex 5.53555 7.5311 4
      vertex 5.38771 7.47821 4
    endloop
  endfacet
  facet normal 0.336845 -0.94156 0
    outer loop
      vertex 5.53555 7.5311 4
      vertex 5.38771 7.47821 2
      vertex 5.53555 7.5311 2
    endloop
  endfacet
  facet normal 0.94156 0.336845 0
    outer loop
      vertex 4.52179 5.38771 4
      vertex 4.4689 5.53555 2
      vertex 4.4689 5.53555 4
    endloop
  endfacet
  facet normal 0.94156 0.336845 0
    outer loop
      vertex 4.4689 5.53555 2
      vertex 4.52179 5.38771 4
      vertex 4.52179 5.38771 2
    endloop
  endfacet
  facet normal 0.803229 -0.595671 0
    outer loop
      vertex 4.66965 6.88891 4
      vertex 4.76318 7.01503 2
      vertex 4.76318 7.01503 4
    endloop
  endfacet
  facet normal 0.803229 -0.595671 0
    outer loop
      vertex 4.76318 7.01503 2
      vertex 4.66965 6.88891 4
      vertex 4.66965 6.88891 2
    endloop
  endfacet
  facet normal 0.970019 -0.24303 0
    outer loop
      vertex 4.43074 6.31214 4
      vertex 4.4689 6.46445 2
      vertex 4.4689 6.46445 4
    endloop
  endfacet
  facet normal 0.970019 -0.24303 0
    outer loop
      vertex 4.4689 6.46445 2
      vertex 4.43074 6.31214 4
      vertex 4.43074 6.31214 2
    endloop
  endfacet
  facet normal 0.671578 -0.740933 0
    outer loop
      vertex 4.86863 7.13137 2
      vertex 4.98497 7.23682 4
      vertex 4.86863 7.13137 4
    endloop
  endfacet
  facet normal 0.671578 -0.740933 0
    outer loop
      vertex 4.98497 7.23682 4
      vertex 4.86863 7.13137 2
      vertex 4.98497 7.23682 2
    endloop
  endfacet
  facet normal -0.427594 0.903971 0
    outer loop
      vertex 6.75423 4.58893 2
      vertex 6.61229 4.52179 4
      vertex 6.75423 4.58893 4
    endloop
  endfacet
  facet normal -0.427594 0.903971 0
    outer loop
      vertex 6.61229 4.52179 4
      vertex 6.75423 4.58893 2
      vertex 6.61229 4.52179 2
    endloop
  endfacet
  facet normal 0.24303 -0.970019 0
    outer loop
      vertex 5.53555 7.5311 2
      vertex 5.68786 7.56926 4
      vertex 5.53555 7.5311 4
    endloop
  endfacet
  facet normal 0.24303 -0.970019 0
    outer loop
      vertex 5.68786 7.56926 4
      vertex 5.53555 7.5311 2
      vertex 5.68786 7.56926 2
    endloop
  endfacet
  facet normal 0.94156 -0.336845 0
    outer loop
      vertex 4.4689 6.46445 4
      vertex 4.52179 6.61229 2
      vertex 4.52179 6.61229 4
    endloop
  endfacet
  facet normal 0.94156 -0.336845 0
    outer loop
      vertex 4.52179 6.61229 2
      vertex 4.4689 6.46445 4
      vertex 4.4689 6.46445 2
    endloop
  endfacet
  facet normal 0.514084 0.85774 -0
    outer loop
      vertex 5.24577 4.58893 2
      vertex 5.11109 4.66965 4
      vertex 5.24577 4.58893 4
    endloop
  endfacet
  facet normal 0.514084 0.85774 0
    outer loop
      vertex 5.11109 4.66965 4
      vertex 5.24577 4.58893 2
      vertex 5.11109 4.66965 2
    endloop
  endfacet
  facet normal 0.595671 -0.803229 0
    outer loop
      vertex 4.98497 7.23682 2
      vertex 5.11109 7.33035 4
      vertex 4.98497 7.23682 4
    endloop
  endfacet
  facet normal 0.595671 -0.803229 0
    outer loop
      vertex 5.11109 7.33035 4
      vertex 4.98497 7.23682 2
      vertex 5.11109 7.33035 2
    endloop
  endfacet
  facet normal 0.0491022 -0.998794 0
    outer loop
      vertex 5.84317 7.59229 2
      vertex 6 7.6 4
      vertex 5.84317 7.59229 4
    endloop
  endfacet
  facet normal 0.0491022 -0.998794 0
    outer loop
      vertex 6 7.6 4
      vertex 5.84317 7.59229 2
      vertex 6 7.6 2
    endloop
  endfacet
  facet normal -0.0491022 0.998794 0
    outer loop
      vertex 6.15683 4.40771 2
      vertex 6 4.4 4
      vertex 6.15683 4.40771 4
    endloop
  endfacet
  facet normal -0.0491022 0.998794 0
    outer loop
      vertex 6 4.4 4
      vertex 6.15683 4.40771 2
      vertex 6 4.4 2
    endloop
  endfacet
  facet normal -0.94156 0.336845 0
    outer loop
      vertex 7.47821 5.38771 2
      vertex 7.5311 5.53555 4
      vertex 7.5311 5.53555 2
    endloop
  endfacet
  facet normal -0.94156 0.336845 0
    outer loop
      vertex 7.5311 5.53555 4
      vertex 7.47821 5.38771 2
      vertex 7.47821 5.38771 4
    endloop
  endfacet
  facet normal -0.803229 0.595671 0
    outer loop
      vertex 7.23682 4.98497 2
      vertex 7.33035 5.11109 4
      vertex 7.33035 5.11109 2
    endloop
  endfacet
  facet normal -0.803229 0.595671 0
    outer loop
      vertex 7.33035 5.11109 4
      vertex 7.23682 4.98497 2
      vertex 7.23682 4.98497 4
    endloop
  endfacet
  facet normal -0.989184 0.14668 0
    outer loop
      vertex 7.56926 5.68786 2
      vertex 7.59229 5.84317 4
      vertex 7.59229 5.84317 2
    endloop
  endfacet
  facet normal -0.989184 0.14668 0
    outer loop
      vertex 7.59229 5.84317 4
      vertex 7.56926 5.68786 2
      vertex 7.56926 5.68786 4
    endloop
  endfacet
  facet normal 0.85774 -0.514084 0
    outer loop
      vertex 4.58893 6.75423 4
      vertex 4.66965 6.88891 2
      vertex 4.66965 6.88891 4
    endloop
  endfacet
  facet normal 0.85774 -0.514084 0
    outer loop
      vertex 4.66965 6.88891 2
      vertex 4.58893 6.75423 4
      vertex 4.58893 6.75423 2
    endloop
  endfacet
  facet normal 0.336845 0.94156 -0
    outer loop
      vertex 5.53555 4.4689 2
      vertex 5.38771 4.52179 4
      vertex 5.53555 4.4689 4
    endloop
  endfacet
  facet normal 0.336845 0.94156 0
    outer loop
      vertex 5.38771 4.52179 4
      vertex 5.53555 4.4689 2
      vertex 5.38771 4.52179 2
    endloop
  endfacet
  facet normal 0.427594 -0.903971 0
    outer loop
      vertex 5.24577 7.41107 2
      vertex 5.38771 7.47821 4
      vertex 5.24577 7.41107 4
    endloop
  endfacet
  facet normal 0.427594 -0.903971 0
    outer loop
      vertex 5.38771 7.47821 4
      vertex 5.24577 7.41107 2
      vertex 5.38771 7.47821 2
    endloop
  endfacet
  facet normal -0.595671 0.803229 0
    outer loop
      vertex 7.01503 4.76318 2
      vertex 6.88891 4.66965 4
      vertex 7.01503 4.76318 4
    endloop
  endfacet
  facet normal -0.595671 0.803229 0
    outer loop
      vertex 6.88891 4.66965 4
      vertex 7.01503 4.76318 2
      vertex 6.88891 4.66965 2
    endloop
  endfacet
  facet normal 0.671578 0.740933 -0
    outer loop
      vertex 4.98497 4.76318 2
      vertex 4.86863 4.86863 4
      vertex 4.98497 4.76318 4
    endloop
  endfacet
  facet normal 0.671578 0.740933 0
    outer loop
      vertex 4.86863 4.86863 4
      vertex 4.98497 4.76318 2
      vertex 4.86863 4.86863 2
    endloop
  endfacet
  facet normal -0.998794 0.0491022 0
    outer loop
      vertex 7.59229 5.84317 2
      vertex 7.6 6 4
      vertex 7.6 6 2
    endloop
  endfacet
  facet normal -0.998794 0.0491022 0
    outer loop
      vertex 7.6 6 4
      vertex 7.59229 5.84317 2
      vertex 7.59229 5.84317 4
    endloop
  endfacet
  facet normal 0.803229 0.595671 0
    outer loop
      vertex 4.76318 4.98497 4
      vertex 4.66965 5.11109 2
      vertex 4.66965 5.11109 4
    endloop
  endfacet
  facet normal 0.803229 0.595671 0
    outer loop
      vertex 4.66965 5.11109 2
      vertex 4.76318 4.98497 4
      vertex 4.76318 4.98497 2
    endloop
  endfacet
  facet normal 0.903971 0.427594 0
    outer loop
      vertex 4.58893 5.24577 4
      vertex 4.52179 5.38771 2
      vertex 4.52179 5.38771 4
    endloop
  endfacet
  facet normal 0.903971 0.427594 0
    outer loop
      vertex 4.52179 5.38771 2
      vertex 4.58893 5.24577 4
      vertex 4.58893 5.24577 2
    endloop
  endfacet
  facet normal 0.427594 0.903971 -0
    outer loop
      vertex 5.38771 4.52179 2
      vertex 5.24577 4.58893 4
      vertex 5.38771 4.52179 4
    endloop
  endfacet
  facet normal 0.427594 0.903971 0
    outer loop
      vertex 5.24577 4.58893 4
      vertex 5.38771 4.52179 2
      vertex 5.24577 4.58893 2
    endloop
  endfacet
  facet normal 0.14668 -0.989184 0
    outer loop
      vertex 5.68786 7.56926 2
      vertex 5.84317 7.59229 4
      vertex 5.68786 7.56926 4
    endloop
  endfacet
  facet normal 0.14668 -0.989184 0
    outer loop
      vertex 5.84317 7.59229 4
      vertex 5.68786 7.56926 2
      vertex 5.84317 7.59229 2
    endloop
  endfacet
  facet normal 0.989184 0.14668 0
    outer loop
      vertex 4.43074 5.68786 4
      vertex 4.40771 5.84317 2
      vertex 4.40771 5.84317 4
    endloop
  endfacet
  facet normal 0.989184 0.14668 0
    outer loop
      vertex 4.40771 5.84317 2
      vertex 4.43074 5.68786 4
      vertex 4.43074 5.68786 2
    endloop
  endfacet
  facet normal -0.336845 0.94156 0
    outer loop
      vertex 6.61229 4.52179 2
      vertex 6.46445 4.4689 4
      vertex 6.61229 4.52179 4
    endloop
  endfacet
  facet normal -0.336845 0.94156 0
    outer loop
      vertex 6.46445 4.4689 4
      vertex 6.61229 4.52179 2
      vertex 6.46445 4.4689 2
    endloop
  endfacet
  facet normal -0.24303 0.970019 0
    outer loop
      vertex 6.46445 4.4689 2
      vertex 6.31214 4.43074 4
      vertex 6.46445 4.4689 4
    endloop
  endfacet
  facet normal -0.24303 0.970019 0
    outer loop
      vertex 6.31214 4.43074 4
      vertex 6.46445 4.4689 2
      vertex 6.31214 4.43074 2
    endloop
  endfacet
  facet normal 0.903971 -0.427594 0
    outer loop
      vertex 4.52179 6.61229 4
      vertex 4.58893 6.75423 2
      vertex 4.58893 6.75423 4
    endloop
  endfacet
  facet normal 0.903971 -0.427594 0
    outer loop
      vertex 4.58893 6.75423 2
      vertex 4.52179 6.61229 4
      vertex 4.52179 6.61229 2
    endloop
  endfacet
  facet normal 0.740933 0.671578 0
    outer loop
      vertex 4.86863 4.86863 4
      vertex 4.76318 4.98497 2
      vertex 4.76318 4.98497 4
    endloop
  endfacet
  facet normal 0.740933 0.671578 0
    outer loop
      vertex 4.76318 4.98497 2
      vertex 4.86863 4.86863 4
      vertex 4.86863 4.86863 2
    endloop
  endfacet
  facet normal 0.595671 0.803229 -0
    outer loop
      vertex 5.11109 4.66965 2
      vertex 4.98497 4.76318 4
      vertex 5.11109 4.66965 4
    endloop
  endfacet
  facet normal 0.595671 0.803229 0
    outer loop
      vertex 4.98497 4.76318 4
      vertex 5.11109 4.66965 2
      vertex 4.98497 4.76318 2
    endloop
  endfacet
  facet normal -0.903971 0.427594 0
    outer loop
      vertex 7.41107 5.24577 2
      vertex 7.47821 5.38771 4
      vertex 7.47821 5.38771 2
    endloop
  endfacet
  facet normal -0.903971 0.427594 0
    outer loop
      vertex 7.47821 5.38771 4
      vertex 7.41107 5.24577 2
      vertex 7.41107 5.24577 4
    endloop
  endfacet
  facet normal -0.85774 0.514084 0
    outer loop
      vertex 7.33035 5.11109 2
      vertex 7.41107 5.24577 4
      vertex 7.41107 5.24577 2
    endloop
  endfacet
  facet normal -0.85774 0.514084 0
    outer loop
      vertex 7.41107 5.24577 4
      vertex 7.33035 5.11109 2
      vertex 7.33035 5.11109 4
    endloop
  endfacet
  facet normal 0.0491022 0.998794 -0
    outer loop
      vertex 6 4.4 2
      vertex 5.84317 4.40771 4
      vertex 6 4.4 4
    endloop
  endfacet
  facet normal 0.0491022 0.998794 0
    outer loop
      vertex 5.84317 4.40771 4
      vertex 6 4.4 2
      vertex 5.84317 4.40771 2
    endloop
  endfacet
  facet normal 0.998794 -0.0491022 0
    outer loop
      vertex 4.4 6 4
      vertex 4.40771 6.15683 2
      vertex 4.40771 6.15683 4
    endloop
  endfacet
  facet normal 0.998794 -0.0491022 0
    outer loop
      vertex 4.40771 6.15683 2
      vertex 4.4 6 4
      vertex 4.4 6 2
    endloop
  endfacet
  facet normal -0.671578 0.740933 0
    outer loop
      vertex 7.13137 4.86863 2
      vertex 7.01503 4.76318 4
      vertex 7.13137 4.86863 4
    endloop
  endfacet
  facet normal -0.671578 0.740933 0
    outer loop
      vertex 7.01503 4.76318 4
      vertex 7.13137 4.86863 2
      vertex 7.01503 4.76318 2
    endloop
  endfacet
  facet normal 0.989176 0.146734 0
    outer loop
      vertex 87.4831 6.34306 4
      vertex 87.4327 6.68282 2
      vertex 87.4327 6.68282 4
    endloop
  endfacet
  facet normal 0.989176 0.146734 0
    outer loop
      vertex 87.4327 6.68282 2
      vertex 87.4831 6.34306 4
      vertex 87.4831 6.34306 2
    endloop
  endfacet
  facet normal 0.998789 0.0492029 0
    outer loop
      vertex 87.5 6 4
      vertex 87.4831 6.34306 2
      vertex 87.4831 6.34306 4
    endloop
  endfacet
  facet normal 0.998789 0.0492029 0
    outer loop
      vertex 87.4831 6.34306 2
      vertex 87.5 6 4
      vertex 87.5 6 2
    endloop
  endfacet
  facet normal 0.970071 0.242823 0
    outer loop
      vertex 87.4327 6.68282 4
      vertex 87.3493 7.016 2
      vertex 87.3493 7.016 4
    endloop
  endfacet
  facet normal 0.970071 0.242823 0
    outer loop
      vertex 87.3493 7.016 2
      vertex 87.4327 6.68282 4
      vertex 87.4327 6.68282 2
    endloop
  endfacet
  facet normal 0.595659 -0.803237 0
    outer loop
      vertex 85.9445 3.08986 2
      vertex 86.2204 3.29446 4
      vertex 85.9445 3.08986 4
    endloop
  endfacet
  facet normal 0.595659 -0.803237 0
    outer loop
      vertex 86.2204 3.29446 4
      vertex 85.9445 3.08986 2
      vertex 86.2204 3.29446 2
    endloop
  endfacet
  facet normal 0.427566 -0.903984 0
    outer loop
      vertex 85.3394 2.76642 2
      vertex 85.6499 2.91328 4
      vertex 85.3394 2.76642 4
    endloop
  endfacet
  facet normal 0.427566 -0.903984 0
    outer loop
      vertex 85.6499 2.91328 4
      vertex 85.3394 2.76642 2
      vertex 85.6499 2.91328 2
    endloop
  endfacet
  facet normal -0.671566 -0.740944 0
    outer loop
      vertex 81.5251 3.52513 2
      vertex 81.7796 3.29446 4
      vertex 81.5251 3.52513 4
    endloop
  endfacet
  facet normal -0.671566 -0.740944 -0
    outer loop
      vertex 81.7796 3.29446 4
      vertex 81.5251 3.52513 2
      vertex 81.7796 3.29446 2
    endloop
  endfacet
  facet normal 0.51411 0.857724 -0
    outer loop
      vertex 85.9445 8.91014 2
      vertex 85.6499 9.08672 4
      vertex 85.9445 8.91014 4
    endloop
  endfacet
  facet normal 0.51411 0.857724 0
    outer loop
      vertex 85.6499 9.08672 4
      vertex 85.9445 8.91014 2
      vertex 85.6499 9.08672 2
    endloop
  endfacet
  facet normal -0.14676 -0.989172 0
    outer loop
      vertex 83.3172 2.56725 2
      vertex 83.6569 2.51685 4
      vertex 83.3172 2.56725 4
    endloop
  endfacet
  facet normal -0.14676 -0.989172 -0
    outer loop
      vertex 83.6569 2.51685 4
      vertex 83.3172 2.56725 2
      vertex 83.6569 2.51685 2
    endloop
  endfacet
  facet normal -0.242974 0.970033 0
    outer loop
      vertex 83.3172 9.43275 2
      vertex 82.984 9.34929 4
      vertex 83.3172 9.43275 4
    endloop
  endfacet
  facet normal -0.242974 0.970033 0
    outer loop
      vertex 82.984 9.34929 4
      vertex 83.3172 9.43275 2
      vertex 82.984 9.34929 2
    endloop
  endfacet
  facet normal 0.741033 0.671469 0
    outer loop
      vertex 86.7055 8.22038 4
      vertex 86.4749 8.47487 2
      vertex 86.4749 8.47487 4
    endloop
  endfacet
  facet normal 0.741033 0.671469 0
    outer loop
      vertex 86.4749 8.47487 2
      vertex 86.7055 8.22038 4
      vertex 86.7055 8.22038 2
    endloop
  endfacet
  facet normal -0.970071 -0.242823 0
    outer loop
      vertex 80.6507 4.984 2
      vertex 80.5673 5.31718 4
      vertex 80.5673 5.31718 2
    endloop
  endfacet
  facet normal -0.970071 -0.242823 0
    outer loop
      vertex 80.5673 5.31718 4
      vertex 80.6507 4.984 2
      vertex 80.6507 4.984 4
    endloop
  endfacet
  facet normal 0.857706 0.51414 0
    outer loop
      vertex 87.0867 7.64989 4
      vertex 86.9101 7.9445 2
      vertex 86.9101 7.9445 4
    endloop
  endfacet
  facet normal 0.857706 0.51414 0
    outer loop
      vertex 86.9101 7.9445 2
      vertex 87.0867 7.64989 4
      vertex 87.0867 7.64989 2
    endloop
  endfacet
  facet normal 0.671566 0.740944 -0
    outer loop
      vertex 86.4749 8.47487 2
      vertex 86.2204 8.70554 4
      vertex 86.4749 8.47487 4
    endloop
  endfacet
  facet normal 0.671566 0.740944 0
    outer loop
      vertex 86.2204 8.70554 4
      vertex 86.4749 8.47487 2
      vertex 86.2204 8.70554 2
    endloop
  endfacet
  facet normal -0.941554 -0.336862 0
    outer loop
      vertex 80.7664 4.66061 2
      vertex 80.6507 4.984 4
      vertex 80.6507 4.984 2
    endloop
  endfacet
  facet normal -0.941554 -0.336862 0
    outer loop
      vertex 80.6507 4.984 4
      vertex 80.7664 4.66061 2
      vertex 80.7664 4.66061 4
    endloop
  endfacet
  facet normal 0.336879 -0.941548 0
    outer loop
      vertex 85.016 2.65071 2
      vertex 85.3394 2.76642 4
      vertex 85.016 2.65071 4
    endloop
  endfacet
  facet normal 0.336879 -0.941548 0
    outer loop
      vertex 85.3394 2.76642 4
      vertex 85.016 2.65071 2
      vertex 85.3394 2.76642 2
    endloop
  endfacet
  facet normal 0.941554 0.336862 0
    outer loop
      vertex 87.3493 7.016 4
      vertex 87.2336 7.33939 2
      vertex 87.2336 7.33939 4
    endloop
  endfacet
  facet normal 0.941554 0.336862 0
    outer loop
      vertex 87.2336 7.33939 2
      vertex 87.3493 7.016 4
      vertex 87.3493 7.016 2
    endloop
  endfacet
  facet normal -0.998789 -0.0492029 0
    outer loop
      vertex 80.5169 5.65694 2
      vertex 80.5 6 4
      vertex 80.5 6 2
    endloop
  endfacet
  facet normal -0.998789 -0.0492029 0
    outer loop
      vertex 80.5 6 4
      vertex 80.5169 5.65694 2
      vertex 80.5169 5.65694 4
    endloop
  endfacet
  facet normal -0.0490519 0.998796 0
    outer loop
      vertex 84 9.5 2
      vertex 83.6569 9.48315 4
      vertex 84 9.5 4
    endloop
  endfacet
  facet normal -0.0490519 0.998796 0
    outer loop
      vertex 83.6569 9.48315 4
      vertex 84 9.5 2
      vertex 83.6569 9.48315 2
    endloop
  endfacet
  facet normal 0.903939 -0.427661 0
    outer loop
      vertex 87.0867 4.35011 4
      vertex 87.2336 4.66061 2
      vertex 87.2336 4.66061 4
    endloop
  endfacet
  facet normal 0.903939 -0.427661 0
    outer loop
      vertex 87.2336 4.66061 2
      vertex 87.0867 4.35011 4
      vertex 87.0867 4.35011 2
    endloop
  endfacet
  facet normal 0.595659 0.803237 -0
    outer loop
      vertex 86.2204 8.70554 2
      vertex 85.9445 8.91014 4
      vertex 86.2204 8.70554 4
    endloop
  endfacet
  facet normal 0.595659 0.803237 0
    outer loop
      vertex 85.9445 8.91014 4
      vertex 86.2204 8.70554 2
      vertex 85.9445 8.91014 2
    endloop
  endfacet
  facet normal 0.998789 -0.0492029 0
    outer loop
      vertex 87.4831 5.65694 4
      vertex 87.5 6 2
      vertex 87.5 6 4
    endloop
  endfacet
  facet normal 0.998789 -0.0492029 0
    outer loop
      vertex 87.5 6 2
      vertex 87.4831 5.65694 4
      vertex 87.4831 5.65694 2
    endloop
  endfacet
  facet normal -0.336879 -0.941548 0
    outer loop
      vertex 82.6606 2.76642 2
      vertex 82.984 2.65071 4
      vertex 82.6606 2.76642 4
    endloop
  endfacet
  facet normal -0.336879 -0.941548 -0
    outer loop
      vertex 82.984 2.65071 4
      vertex 82.6606 2.76642 2
      vertex 82.984 2.65071 2
    endloop
  endfacet
  facet normal -0.0490519 -0.998796 0
    outer loop
      vertex 83.6569 2.51685 2
      vertex 84 2.5 4
      vertex 83.6569 2.51685 4
    endloop
  endfacet
  facet normal -0.0490519 -0.998796 -0
    outer loop
      vertex 84 2.5 4
      vertex 83.6569 2.51685 2
      vertex 84 2.5 2
    endloop
  endfacet
  facet normal 0.0490519 -0.998796 0
    outer loop
      vertex 84 2.5 2
      vertex 84.3431 2.51685 4
      vertex 84 2.5 4
    endloop
  endfacet
  facet normal 0.0490519 -0.998796 0
    outer loop
      vertex 84.3431 2.51685 4
      vertex 84 2.5 2
      vertex 84.3431 2.51685 2
    endloop
  endfacet
  facet normal 0.803217 0.595687 0
    outer loop
      vertex 86.9101 7.9445 4
      vertex 86.7055 8.22038 2
      vertex 86.7055 8.22038 4
    endloop
  endfacet
  facet normal 0.803217 0.595687 0
    outer loop
      vertex 86.7055 8.22038 2
      vertex 86.9101 7.9445 4
      vertex 86.9101 7.9445 2
    endloop
  endfacet
  facet normal -0.671566 0.740944 0
    outer loop
      vertex 81.7796 8.70554 2
      vertex 81.5251 8.47487 4
      vertex 81.7796 8.70554 4
    endloop
  endfacet
  facet normal -0.671566 0.740944 0
    outer loop
      vertex 81.5251 8.47487 4
      vertex 81.7796 8.70554 2
      vertex 81.5251 8.47487 2
    endloop
  endfacet
  facet normal 0.14676 0.989172 -0
    outer loop
      vertex 84.6828 9.43275 2
      vertex 84.3431 9.48315 4
      vertex 84.6828 9.43275 4
    endloop
  endfacet
  facet normal 0.14676 0.989172 0
    outer loop
      vertex 84.3431 9.48315 4
      vertex 84.6828 9.43275 2
      vertex 84.3431 9.48315 2
    endloop
  endfacet
  facet normal 0.14676 -0.989172 0
    outer loop
      vertex 84.3431 2.51685 2
      vertex 84.6828 2.56725 4
      vertex 84.3431 2.51685 4
    endloop
  endfacet
  facet normal 0.14676 -0.989172 0
    outer loop
      vertex 84.6828 2.56725 4
      vertex 84.3431 2.51685 2
      vertex 84.6828 2.56725 2
    endloop
  endfacet
  facet normal 0.427566 0.903984 -0
    outer loop
      vertex 85.6499 9.08672 2
      vertex 85.3394 9.23358 4
      vertex 85.6499 9.08672 4
    endloop
  endfacet
  facet normal 0.427566 0.903984 0
    outer loop
      vertex 85.3394 9.23358 4
      vertex 85.6499 9.08672 2
      vertex 85.3394 9.23358 2
    endloop
  endfacet
  facet normal 0.941554 -0.336862 0
    outer loop
      vertex 87.2336 4.66061 4
      vertex 87.3493 4.984 2
      vertex 87.3493 4.984 4
    endloop
  endfacet
  facet normal 0.941554 -0.336862 0
    outer loop
      vertex 87.3493 4.984 2
      vertex 87.2336 4.66061 4
      vertex 87.2336 4.66061 2
    endloop
  endfacet
  facet normal 0.741033 -0.671469 0
    outer loop
      vertex 86.4749 3.52513 4
      vertex 86.7055 3.77962 2
      vertex 86.7055 3.77962 4
    endloop
  endfacet
  facet normal 0.741033 -0.671469 0
    outer loop
      vertex 86.7055 3.77962 2
      vertex 86.4749 3.52513 4
      vertex 86.4749 3.52513 2
    endloop
  endfacet
  facet normal -0.741033 0.671469 0
    outer loop
      vertex 81.2945 8.22038 2
      vertex 81.5251 8.47487 4
      vertex 81.5251 8.47487 2
    endloop
  endfacet
  facet normal -0.741033 0.671469 0
    outer loop
      vertex 81.5251 8.47487 4
      vertex 81.2945 8.22038 2
      vertex 81.2945 8.22038 4
    endloop
  endfacet
  facet normal -0.857706 0.51414 0
    outer loop
      vertex 80.9133 7.64989 2
      vertex 81.0899 7.9445 4
      vertex 81.0899 7.9445 2
    endloop
  endfacet
  facet normal -0.857706 0.51414 0
    outer loop
      vertex 81.0899 7.9445 4
      vertex 80.9133 7.64989 2
      vertex 80.9133 7.64989 4
    endloop
  endfacet
  facet normal 0.903939 0.427661 0
    outer loop
      vertex 87.2336 7.33939 4
      vertex 87.0867 7.64989 2
      vertex 87.0867 7.64989 4
    endloop
  endfacet
  facet normal 0.903939 0.427661 0
    outer loop
      vertex 87.0867 7.64989 2
      vertex 87.2336 7.33939 4
      vertex 87.2336 7.33939 2
    endloop
  endfacet
  facet normal -0.51411 0.857724 0
    outer loop
      vertex 82.3501 9.08672 2
      vertex 82.0555 8.91014 4
      vertex 82.3501 9.08672 4
    endloop
  endfacet
  facet normal -0.51411 0.857724 0
    outer loop
      vertex 82.0555 8.91014 4
      vertex 82.3501 9.08672 2
      vertex 82.0555 8.91014 2
    endloop
  endfacet
  facet normal 0.989176 -0.146734 0
    outer loop
      vertex 87.4327 5.31718 4
      vertex 87.4831 5.65694 2
      vertex 87.4831 5.65694 4
    endloop
  endfacet
  facet normal 0.989176 -0.146734 0
    outer loop
      vertex 87.4831 5.65694 2
      vertex 87.4327 5.31718 4
      vertex 87.4327 5.31718 2
    endloop
  endfacet
  facet normal 0.51411 -0.857724 0
    outer loop
      vertex 85.6499 2.91328 2
      vertex 85.9445 3.08986 4
      vertex 85.6499 2.91328 4
    endloop
  endfacet
  facet normal 0.51411 -0.857724 0
    outer loop
      vertex 85.9445 3.08986 4
      vertex 85.6499 2.91328 2
      vertex 85.9445 3.08986 2
    endloop
  endfacet
  facet normal -0.941554 0.336862 0
    outer loop
      vertex 80.6507 7.016 2
      vertex 80.7664 7.33939 4
      vertex 80.7664 7.33939 2
    endloop
  endfacet
  facet normal -0.941554 0.336862 0
    outer loop
      vertex 80.7664 7.33939 4
      vertex 80.6507 7.016 2
      vertex 80.6507 7.016 4
    endloop
  endfacet
  facet normal 0.336879 0.941548 -0
    outer loop
      vertex 85.3394 9.23358 2
      vertex 85.016 9.34929 4
      vertex 85.3394 9.23358 4
    endloop
  endfacet
  facet normal 0.336879 0.941548 0
    outer loop
      vertex 85.016 9.34929 4
      vertex 85.3394 9.23358 2
      vertex 85.016 9.34929 2
    endloop
  endfacet
  facet normal 0.242974 0.970033 -0
    outer loop
      vertex 85.016 9.34929 2
      vertex 84.6828 9.43275 4
      vertex 85.016 9.34929 4
    endloop
  endfacet
  facet normal 0.242974 0.970033 0
    outer loop
      vertex 84.6828 9.43275 4
      vertex 85.016 9.34929 2
      vertex 84.6828 9.43275 2
    endloop
  endfacet
  facet normal -0.427566 0.903984 0
    outer loop
      vertex 82.6606 9.23358 2
      vertex 82.3501 9.08672 4
      vertex 82.6606 9.23358 4
    endloop
  endfacet
  facet normal -0.427566 0.903984 0
    outer loop
      vertex 82.3501 9.08672 4
      vertex 82.6606 9.23358 2
      vertex 82.3501 9.08672 2
    endloop
  endfacet
  facet normal -0.595659 0.803237 0
    outer loop
      vertex 82.0555 8.91014 2
      vertex 81.7796 8.70554 4
      vertex 82.0555 8.91014 4
    endloop
  endfacet
  facet normal -0.595659 0.803237 0
    outer loop
      vertex 81.7796 8.70554 4
      vertex 82.0555 8.91014 2
      vertex 81.7796 8.70554 2
    endloop
  endfacet
  facet normal -0.14676 0.989172 0
    outer loop
      vertex 83.6569 9.48315 2
      vertex 83.3172 9.43275 4
      vertex 83.6569 9.48315 4
    endloop
  endfacet
  facet normal -0.14676 0.989172 0
    outer loop
      vertex 83.3172 9.43275 4
      vertex 83.6569 9.48315 2
      vertex 83.3172 9.43275 2
    endloop
  endfacet
  facet normal 0.242974 -0.970033 0
    outer loop
      vertex 84.6828 2.56725 2
      vertex 85.016 2.65071 4
      vertex 84.6828 2.56725 4
    endloop
  endfacet
  facet normal 0.242974 -0.970033 0
    outer loop
      vertex 85.016 2.65071 4
      vertex 84.6828 2.56725 2
      vertex 85.016 2.65071 2
    endloop
  endfacet
  facet normal -0.595659 -0.803237 0
    outer loop
      vertex 81.7796 3.29446 2
      vertex 82.0555 3.08986 4
      vertex 81.7796 3.29446 4
    endloop
  endfacet
  facet normal -0.595659 -0.803237 -0
    outer loop
      vertex 82.0555 3.08986 4
      vertex 81.7796 3.29446 2
      vertex 82.0555 3.08986 2
    endloop
  endfacet
  facet normal -0.903939 -0.427661 0
    outer loop
      vertex 80.9133 4.35011 2
      vertex 80.7664 4.66061 4
      vertex 80.7664 4.66061 2
    endloop
  endfacet
  facet normal -0.903939 -0.427661 0
    outer loop
      vertex 80.7664 4.66061 4
      vertex 80.9133 4.35011 2
      vertex 80.9133 4.35011 4
    endloop
  endfacet
  facet normal -0.970071 0.242823 0
    outer loop
      vertex 80.5673 6.68282 2
      vertex 80.6507 7.016 4
      vertex 80.6507 7.016 2
    endloop
  endfacet
  facet normal -0.970071 0.242823 0
    outer loop
      vertex 80.6507 7.016 4
      vertex 80.5673 6.68282 2
      vertex 80.5673 6.68282 4
    endloop
  endfacet
  facet normal -0.741033 -0.671469 0
    outer loop
      vertex 81.5251 3.52513 2
      vertex 81.2945 3.77962 4
      vertex 81.2945 3.77962 2
    endloop
  endfacet
  facet normal -0.741033 -0.671469 0
    outer loop
      vertex 81.2945 3.77962 4
      vertex 81.5251 3.52513 2
      vertex 81.5251 3.52513 4
    endloop
  endfacet
  facet normal -0.336879 0.941548 0
    outer loop
      vertex 82.984 9.34929 2
      vertex 82.6606 9.23358 4
      vertex 82.984 9.34929 4
    endloop
  endfacet
  facet normal -0.336879 0.941548 0
    outer loop
      vertex 82.6606 9.23358 4
      vertex 82.984 9.34929 2
      vertex 82.6606 9.23358 2
    endloop
  endfacet
  facet normal -0.989176 0.146734 0
    outer loop
      vertex 80.5169 6.34306 2
      vertex 80.5673 6.68282 4
      vertex 80.5673 6.68282 2
    endloop
  endfacet
  facet normal -0.989176 0.146734 0
    outer loop
      vertex 80.5673 6.68282 4
      vertex 80.5169 6.34306 2
      vertex 80.5169 6.34306 4
    endloop
  endfacet
  facet normal -0.998789 0.0492029 0
    outer loop
      vertex 80.5 6 2
      vertex 80.5169 6.34306 4
      vertex 80.5169 6.34306 2
    endloop
  endfacet
  facet normal -0.998789 0.0492029 0
    outer loop
      vertex 80.5169 6.34306 4
      vertex 80.5 6 2
      vertex 80.5 6 4
    endloop
  endfacet
  facet normal -0.989176 -0.146734 0
    outer loop
      vertex 80.5673 5.31718 2
      vertex 80.5169 5.65694 4
      vertex 80.5169 5.65694 2
    endloop
  endfacet
  facet normal -0.989176 -0.146734 0
    outer loop
      vertex 80.5169 5.65694 4
      vertex 80.5673 5.31718 2
      vertex 80.5673 5.31718 4
    endloop
  endfacet
  facet normal -0.803217 0.595687 0
    outer loop
      vertex 81.0899 7.9445 2
      vertex 81.2945 8.22038 4
      vertex 81.2945 8.22038 2
    endloop
  endfacet
  facet normal -0.803217 0.595687 0
    outer loop
      vertex 81.2945 8.22038 4
      vertex 81.0899 7.9445 2
      vertex 81.0899 7.9445 4
    endloop
  endfacet
  facet normal 0.970071 -0.242823 0
    outer loop
      vertex 87.3493 4.984 4
      vertex 87.4327 5.31718 2
      vertex 87.4327 5.31718 4
    endloop
  endfacet
  facet normal 0.970071 -0.242823 0
    outer loop
      vertex 87.4327 5.31718 2
      vertex 87.3493 4.984 4
      vertex 87.3493 4.984 2
    endloop
  endfacet
  facet normal -0.803217 -0.595687 0
    outer loop
      vertex 81.2945 3.77962 2
      vertex 81.0899 4.0555 4
      vertex 81.0899 4.0555 2
    endloop
  endfacet
  facet normal -0.803217 -0.595687 0
    outer loop
      vertex 81.0899 4.0555 4
      vertex 81.2945 3.77962 2
      vertex 81.2945 3.77962 4
    endloop
  endfacet
  facet normal 0.0490519 0.998796 -0
    outer loop
      vertex 84.3431 9.48315 2
      vertex 84 9.5 4
      vertex 84.3431 9.48315 4
    endloop
  endfacet
  facet normal 0.0490519 0.998796 0
    outer loop
      vertex 84 9.5 4
      vertex 84.3431 9.48315 2
      vertex 84 9.5 2
    endloop
  endfacet
  facet normal 0.857706 -0.51414 0
    outer loop
      vertex 86.9101 4.0555 4
      vertex 87.0867 4.35011 2
      vertex 87.0867 4.35011 4
    endloop
  endfacet
  facet normal 0.857706 -0.51414 0
    outer loop
      vertex 87.0867 4.35011 2
      vertex 86.9101 4.0555 4
      vertex 86.9101 4.0555 2
    endloop
  endfacet
  facet normal -0.51411 -0.857724 0
    outer loop
      vertex 82.0555 3.08986 2
      vertex 82.3501 2.91328 4
      vertex 82.0555 3.08986 4
    endloop
  endfacet
  facet normal -0.51411 -0.857724 -0
    outer loop
      vertex 82.3501 2.91328 4
      vertex 82.0555 3.08986 2
      vertex 82.3501 2.91328 2
    endloop
  endfacet
  facet normal -0.427566 -0.903984 0
    outer loop
      vertex 82.3501 2.91328 2
      vertex 82.6606 2.76642 4
      vertex 82.3501 2.91328 4
    endloop
  endfacet
  facet normal -0.427566 -0.903984 -0
    outer loop
      vertex 82.6606 2.76642 4
      vertex 82.3501 2.91328 2
      vertex 82.6606 2.76642 2
    endloop
  endfacet
  facet normal 0.803217 -0.595687 0
    outer loop
      vertex 86.7055 3.77962 4
      vertex 86.9101 4.0555 2
      vertex 86.9101 4.0555 4
    endloop
  endfacet
  facet normal 0.803217 -0.595687 0
    outer loop
      vertex 86.9101 4.0555 2
      vertex 86.7055 3.77962 4
      vertex 86.7055 3.77962 2
    endloop
  endfacet
  facet normal -0.242974 -0.970033 0
    outer loop
      vertex 82.984 2.65071 2
      vertex 83.3172 2.56725 4
      vertex 82.984 2.65071 4
    endloop
  endfacet
  facet normal -0.242974 -0.970033 -0
    outer loop
      vertex 83.3172 2.56725 4
      vertex 82.984 2.65071 2
      vertex 83.3172 2.56725 2
    endloop
  endfacet
  facet normal -0.857706 -0.51414 0
    outer loop
      vertex 81.0899 4.0555 2
      vertex 80.9133 4.35011 4
      vertex 80.9133 4.35011 2
    endloop
  endfacet
  facet normal -0.857706 -0.51414 0
    outer loop
      vertex 80.9133 4.35011 4
      vertex 81.0899 4.0555 2
      vertex 81.0899 4.0555 4
    endloop
  endfacet
  facet normal -0.903939 0.427661 0
    outer loop
      vertex 80.7664 7.33939 2
      vertex 80.9133 7.64989 4
      vertex 80.9133 7.64989 2
    endloop
  endfacet
  facet normal -0.903939 0.427661 0
    outer loop
      vertex 80.9133 7.64989 4
      vertex 80.7664 7.33939 2
      vertex 80.7664 7.33939 4
    endloop
  endfacet
  facet normal 0.671566 -0.740944 0
    outer loop
      vertex 86.2204 3.29446 2
      vertex 86.4749 3.52513 4
      vertex 86.2204 3.29446 4
    endloop
  endfacet
  facet normal 0.671566 -0.740944 0
    outer loop
      vertex 86.4749 3.52513 4
      vertex 86.2204 3.29446 2
      vertex 86.4749 3.52513 2
    endloop
  endfacet
  facet normal 0 0 1
    outer loop
      vertex 85.6 6 4
      vertex 87.5 6 4
      vertex 87.4831 6.34306 4
    endloop
  endfacet
  facet normal 0 0 1
    outer loop
      vertex 85.5923 6.15683 4
      vertex 87.4831 6.34306 4
      vertex 87.4327 6.68282 4
    endloop
  endfacet
  facet normal 0 0 1
    outer loop
      vertex 87.5 6 4
      vertex 85.6 6 4
      vertex 87.4831 5.65694 4
    endloop
  endfacet
  facet normal 0 0 1
    outer loop
      vertex 85.5693 6.31214 4
      vertex 87.4327 6.68282 4
      vertex 87.3493 7.016 4
    endloop
  endfacet
  facet normal -0 0 1
    outer loop
      vertex 85.5923 5.84317 4
      vertex 87.4831 5.65694 4
      vertex 85.6 6 4
    endloop
  endfacet
  facet normal 0 0 1
    outer loop
      vertex 85.5311 6.46445 4
      vertex 87.3493 7.016 4
      vertex 87.2336 7.33939 4
    endloop
  endfacet
  facet normal 0 0 1
    outer loop
      vertex 87.4831 5.65694 4
      vertex 85.5923 5.84317 4
      vertex 87.4327 5.31718 4
    endloop
  endfacet
  facet normal 0 0 1
    outer loop
      vertex 85.4782 6.61229 4
      vertex 87.2336 7.33939 4
      vertex 87.0867 7.64989 4
    endloop
  endfacet
  facet normal -0 0 1
    outer loop
      vertex 85.5693 5.68786 4
      vertex 87.4327 5.31718 4
      vertex 85.5923 5.84317 4
    endloop
  endfacet
  facet normal 0 0 1
    outer loop
      vertex 85.4111 6.75423 4
      vertex 87.0867 7.64989 4
      vertex 86.9101 7.9445 4
    endloop
  endfacet
  facet normal 0 0 1
    outer loop
      vertex 87.4327 5.31718 4
      vertex 85.5693 5.68786 4
      vertex 87.3493 4.984 4
    endloop
  endfacet
  facet normal 0 0 1
    outer loop
      vertex 85.3304 6.88891 4
      vertex 86.9101 7.9445 4
      vertex 86.7055 8.22038 4
    endloop
  endfacet
  facet normal -0 0 1
    outer loop
      vertex 85.5311 5.53555 4
      vertex 87.3493 4.984 4
      vertex 85.5693 5.68786 4
    endloop
  endfacet
  facet normal 0 0 1
    outer loop
      vertex 85.2368 7.01503 4
      vertex 86.7055 8.22038 4
      vertex 86.4749 8.47487 4
    endloop
  endfacet
  facet normal 0 0 1
    outer loop
      vertex 87.3493 4.984 4
      vertex 85.5311 5.53555 4
      vertex 87.2336 4.66061 4
    endloop
  endfacet
  facet normal 0 0 1
    outer loop
      vertex 85.1314 7.13137 4
      vertex 86.4749 8.47487 4
      vertex 86.2204 8.70554 4
    endloop
  endfacet
  facet normal -0 0 1
    outer loop
      vertex 85.4782 5.38771 4
      vertex 87.2336 4.66061 4
      vertex 85.5311 5.53555 4
    endloop
  endfacet
  facet normal 0 0 1
    outer loop
      vertex 85.015 7.23682 4
      vertex 86.2204 8.70554 4
      vertex 85.9445 8.91014 4
    endloop
  endfacet
  facet normal 0 0 1
    outer loop
      vertex 87.2336 4.66061 4
      vertex 85.4782 5.38771 4
      vertex 87.0867 4.35011 4
    endloop
  endfacet
  facet normal 0 0 1
    outer loop
      vertex 84.8889 7.33035 4
      vertex 85.9445 8.91014 4
      vertex 85.6499 9.08672 4
    endloop
  endfacet
  facet normal -0 0 1
    outer loop
      vertex 85.4111 5.24577 4
      vertex 87.0867 4.35011 4
      vertex 85.4782 5.38771 4
    endloop
  endfacet
  facet normal 0 0 1
    outer loop
      vertex 87.0867 4.35011 4
      vertex 85.4111 5.24577 4
      vertex 86.9101 4.0555 4
    endloop
  endfacet
  facet normal 0 0 1
    outer loop
      vertex 87.4831 6.34306 4
      vertex 85.5923 6.15683 4
      vertex 85.6 6 4
    endloop
  endfacet
  facet normal 0 0 1
    outer loop
      vertex 87.4327 6.68282 4
      vertex 85.5693 6.31214 4
      vertex 85.5923 6.15683 4
    endloop
  endfacet
  facet normal 0 0 1
    outer loop
      vertex 87.3493 7.016 4
      vertex 85.5311 6.46445 4
      vertex 85.5693 6.31214 4
    endloop
  endfacet
  facet normal 0 0 1
    outer loop
      vertex 87.2336 7.33939 4
      vertex 85.4782 6.61229 4
      vertex 85.5311 6.46445 4
    endloop
  endfacet
  facet normal 0 0 1
    outer loop
      vertex 87.0867 7.64989 4
      vertex 85.4111 6.75423 4
      vertex 85.4782 6.61229 4
    endloop
  endfacet
  facet normal 0 0 1
    outer loop
      vertex 84.7542 7.41107 4
      vertex 85.6499 9.08672 4
      vertex 85.3394 9.23358 4
    endloop
  endfacet
  facet normal 0 0 1
    outer loop
      vertex 86.9101 7.9445 4
      vertex 85.3304 6.88891 4
      vertex 85.4111 6.75423 4
    endloop
  endfacet
  facet normal 0 0 1
    outer loop
      vertex 86.7055 8.22038 4
      vertex 85.2368 7.01503 4
      vertex 85.3304 6.88891 4
    endloop
  endfacet
  facet normal 0 0 1
    outer loop
      vertex 86.4749 8.47487 4
      vertex 85.1314 7.13137 4
      vertex 85.2368 7.01503 4
    endloop
  endfacet
  facet normal 0 0 1
    outer loop
      vertex 84.6123 7.47821 4
      vertex 85.3394 9.23358 4
      vertex 85.016 9.34929 4
    endloop
  endfacet
  facet normal 0 0 1
    outer loop
      vertex 86.2204 8.70554 4
      vertex 85.015 7.23682 4
      vertex 85.1314 7.13137 4
    endloop
  endfacet
  facet normal 0 0 1
    outer loop
      vertex 85.9445 8.91014 4
      vertex 84.8889 7.33035 4
      vertex 85.015 7.23682 4
    endloop
  endfacet
  facet normal 0 0 1
    outer loop
      vertex 85.6499 9.08672 4
      vertex 84.7542 7.41107 4
      vertex 84.8889 7.33035 4
    endloop
  endfacet
  facet normal 0 0 1
    outer loop
      vertex 84.4645 7.5311 4
      vertex 85.016 9.34929 4
      vertex 84.6828 9.43275 4
    endloop
  endfacet
  facet normal 0 0 1
    outer loop
      vertex 85.3394 9.23358 4
      vertex 84.6123 7.47821 4
      vertex 84.7542 7.41107 4
    endloop
  endfacet
  facet normal 0 0 1
    outer loop
      vertex 85.016 9.34929 4
      vertex 84.4645 7.5311 4
      vertex 84.6123 7.47821 4
    endloop
  endfacet
  facet normal 0 0 1
    outer loop
      vertex 84.3121 7.56926 4
      vertex 84.6828 9.43275 4
      vertex 84.3431 9.48315 4
    endloop
  endfacet
  facet normal 0 0 1
    outer loop
      vertex 84.6828 9.43275 4
      vertex 84.3121 7.56926 4
      vertex 84.4645 7.5311 4
    endloop
  endfacet
  facet normal 0 0 1
    outer loop
      vertex 84.3431 9.48315 4
      vertex 84.1568 7.59229 4
      vertex 84.3121 7.56926 4
    endloop
  endfacet
  facet normal 0 0 1
    outer loop
      vertex 84 9.5 4
      vertex 84.1568 7.59229 4
      vertex 84.3431 9.48315 4
    endloop
  endfacet
  facet normal 0 0 1
    outer loop
      vertex 84 9.5 4
      vertex 84 7.6 4
      vertex 84.1568 7.59229 4
    endloop
  endfacet
  facet normal 0 0 1
    outer loop
      vertex 84 9.5 4
      vertex 83.8432 7.59229 4
      vertex 84 7.6 4
    endloop
  endfacet
  facet normal -0 0 1
    outer loop
      vertex 83.6569 9.48315 4
      vertex 83.8432 7.59229 4
      vertex 84 9.5 4
    endloop
  endfacet
  facet normal 0 0 1
    outer loop
      vertex 83.8432 7.59229 4
      vertex 83.6569 9.48315 4
      vertex 83.6879 7.56926 4
    endloop
  endfacet
  facet normal -0 0 1
    outer loop
      vertex 83.3172 9.43275 4
      vertex 83.6879 7.56926 4
      vertex 83.6569 9.48315 4
    endloop
  endfacet
  facet normal 0 0 1
    outer loop
      vertex 83.6879 7.56926 4
      vertex 83.3172 9.43275 4
      vertex 83.5355 7.5311 4
    endloop
  endfacet
  facet normal -0 0 1
    outer loop
      vertex 82.984 9.34929 4
      vertex 83.5355 7.5311 4
      vertex 83.3172 9.43275 4
    endloop
  endfacet
  facet normal 0 0 1
    outer loop
      vertex 83.5355 7.5311 4
      vertex 82.984 9.34929 4
      vertex 83.3877 7.47821 4
    endloop
  endfacet
  facet normal -0 0 1
    outer loop
      vertex 82.6606 9.23358 4
      vertex 83.3877 7.47821 4
      vertex 82.984 9.34929 4
    endloop
  endfacet
  facet normal 0 0 1
    outer loop
      vertex 83.3877 7.47821 4
      vertex 82.6606 9.23358 4
      vertex 83.2458 7.41107 4
    endloop
  endfacet
  facet normal -0 0 1
    outer loop
      vertex 82.3501 9.08672 4
      vertex 83.2458 7.41107 4
      vertex 82.6606 9.23358 4
    endloop
  endfacet
  facet normal 0 0 1
    outer loop
      vertex 83.2458 7.41107 4
      vertex 82.3501 9.08672 4
      vertex 83.1111 7.33035 4
    endloop
  endfacet
  facet normal -0 0 1
    outer loop
      vertex 82.0555 8.91014 4
      vertex 83.1111 7.33035 4
      vertex 82.3501 9.08672 4
    endloop
  endfacet
  facet normal 0 0 1
    outer loop
      vertex 83.1111 7.33035 4
      vertex 82.0555 8.91014 4
      vertex 82.985 7.23682 4
    endloop
  endfacet
  facet normal -0 0 1
    outer loop
      vertex 81.7796 8.70554 4
      vertex 82.985 7.23682 4
      vertex 82.0555 8.91014 4
    endloop
  endfacet
  facet normal 0 0 1
    outer loop
      vertex 82.985 7.23682 4
      vertex 81.7796 8.70554 4
      vertex 82.8686 7.13137 4
    endloop
  endfacet
  facet normal -0 0 1
    outer loop
      vertex 81.5251 8.47487 4
      vertex 82.8686 7.13137 4
      vertex 81.7796 8.70554 4
    endloop
  endfacet
  facet normal 0 0 1
    outer loop
      vertex 82.8686 7.13137 4
      vertex 81.5251 8.47487 4
      vertex 82.7632 7.01503 4
    endloop
  endfacet
  facet normal -0 0 1
    outer loop
      vertex 81.2945 8.22038 4
      vertex 82.7632 7.01503 4
      vertex 81.5251 8.47487 4
    endloop
  endfacet
  facet normal 0 0 1
    outer loop
      vertex 82.7632 7.01503 4
      vertex 81.2945 8.22038 4
      vertex 82.6696 6.88891 4
    endloop
  endfacet
  facet normal 0 0 1
    outer loop
      vertex 82.6696 6.88891 4
      vertex 81.0899 7.9445 4
      vertex 82.5889 6.75423 4
    endloop
  endfacet
  facet normal -0 0 1
    outer loop
      vertex 81.0899 7.9445 4
      vertex 82.6696 6.88891 4
      vertex 81.2945 8.22038 4
    endloop
  endfacet
  facet normal -0 0 1
    outer loop
      vertex 85.3304 5.11109 4
      vertex 86.9101 4.0555 4
      vertex 85.4111 5.24577 4
    endloop
  endfacet
  facet normal 0 0 1
    outer loop
      vertex 86.9101 4.0555 4
      vertex 85.3304 5.11109 4
      vertex 86.7055 3.77962 4
    endloop
  endfacet
  facet normal -0 0 1
    outer loop
      vertex 85.2368 4.98497 4
      vertex 86.7055 3.77962 4
      vertex 85.3304 5.11109 4
    endloop
  endfacet
  facet normal 0 0 1
    outer loop
      vertex 86.7055 3.77962 4
      vertex 85.2368 4.98497 4
      vertex 86.4749 3.52513 4
    endloop
  endfacet
  facet normal -0 0 1
    outer loop
      vertex 85.1314 4.86863 4
      vertex 86.4749 3.52513 4
      vertex 85.2368 4.98497 4
    endloop
  endfacet
  facet normal 0 0 1
    outer loop
      vertex 86.4749 3.52513 4
      vertex 85.1314 4.86863 4
      vertex 86.2204 3.29446 4
    endloop
  endfacet
  facet normal -0 0 1
    outer loop
      vertex 85.015 4.76318 4
      vertex 86.2204 3.29446 4
      vertex 85.1314 4.86863 4
    endloop
  endfacet
  facet normal 0 0 1
    outer loop
      vertex 86.2204 3.29446 4
      vertex 85.015 4.76318 4
      vertex 85.9445 3.08986 4
    endloop
  endfacet
  facet normal -0 0 1
    outer loop
      vertex 84.8889 4.66965 4
      vertex 85.9445 3.08986 4
      vertex 85.015 4.76318 4
    endloop
  endfacet
  facet normal 0 0 1
    outer loop
      vertex 85.9445 3.08986 4
      vertex 84.8889 4.66965 4
      vertex 85.6499 2.91328 4
    endloop
  endfacet
  facet normal -0 0 1
    outer loop
      vertex 84.7542 4.58893 4
      vertex 85.6499 2.91328 4
      vertex 84.8889 4.66965 4
    endloop
  endfacet
  facet normal 0 0 1
    outer loop
      vertex 85.6499 2.91328 4
      vertex 84.7542 4.58893 4
      vertex 85.3394 2.76642 4
    endloop
  endfacet
  facet normal -0 0 1
    outer loop
      vertex 84.6123 4.52179 4
      vertex 85.3394 2.76642 4
      vertex 84.7542 4.58893 4
    endloop
  endfacet
  facet normal 0 0 1
    outer loop
      vertex 85.3394 2.76642 4
      vertex 84.6123 4.52179 4
      vertex 85.016 2.65071 4
    endloop
  endfacet
  facet normal -0 0 1
    outer loop
      vertex 84.4645 4.4689 4
      vertex 85.016 2.65071 4
      vertex 84.6123 4.52179 4
    endloop
  endfacet
  facet normal 0 0 1
    outer loop
      vertex 85.016 2.65071 4
      vertex 84.4645 4.4689 4
      vertex 84.6828 2.56725 4
    endloop
  endfacet
  facet normal -0 0 1
    outer loop
      vertex 84.3121 4.43074 4
      vertex 84.6828 2.56725 4
      vertex 84.4645 4.4689 4
    endloop
  endfacet
  facet normal 0 0 1
    outer loop
      vertex 84.6828 2.56725 4
      vertex 84.3121 4.43074 4
      vertex 84.3431 2.51685 4
    endloop
  endfacet
  facet normal -0 0 1
    outer loop
      vertex 84.1568 4.40771 4
      vertex 84.3431 2.51685 4
      vertex 84.3121 4.43074 4
    endloop
  endfacet
  facet normal -0 0 1
    outer loop
      vertex 84 4.4 4
      vertex 84.3431 2.51685 4
      vertex 84.1568 4.40771 4
    endloop
  endfacet
  facet normal 0 0 1
    outer loop
      vertex 84 4.4 4
      vertex 84 2.5 4
      vertex 84.3431 2.51685 4
    endloop
  endfacet
  facet normal 0 0 1
    outer loop
      vertex 83.8432 4.40771 4
      vertex 84 2.5 4
      vertex 84 4.4 4
    endloop
  endfacet
  facet normal 0 0 1
    outer loop
      vertex 83.6569 2.51685 4
      vertex 83.8432 4.40771 4
      vertex 83.6879 4.43074 4
    endloop
  endfacet
  facet normal 0 0 1
    outer loop
      vertex 83.8432 4.40771 4
      vertex 83.6569 2.51685 4
      vertex 84 2.5 4
    endloop
  endfacet
  facet normal 0 0 1
    outer loop
      vertex 83.3172 2.56725 4
      vertex 83.6879 4.43074 4
      vertex 83.5355 4.4689 4
    endloop
  endfacet
  facet normal 0 0 1
    outer loop
      vertex 82.984 2.65071 4
      vertex 83.5355 4.4689 4
      vertex 83.3877 4.52179 4
    endloop
  endfacet
  facet normal 0 0 1
    outer loop
      vertex 83.6879 4.43074 4
      vertex 83.3172 2.56725 4
      vertex 83.6569 2.51685 4
    endloop
  endfacet
  facet normal 0 0 1
    outer loop
      vertex 82.6606 2.76642 4
      vertex 83.3877 4.52179 4
      vertex 83.2458 4.58893 4
    endloop
  endfacet
  facet normal 0 0 1
    outer loop
      vertex 82.3501 2.91328 4
      vertex 83.2458 4.58893 4
      vertex 83.1111 4.66965 4
    endloop
  endfacet
  facet normal 0 0 1
    outer loop
      vertex 82.0555 3.08986 4
      vertex 83.1111 4.66965 4
      vertex 82.985 4.76318 4
    endloop
  endfacet
  facet normal 0 0 1
    outer loop
      vertex 83.5355 4.4689 4
      vertex 82.984 2.65071 4
      vertex 83.3172 2.56725 4
    endloop
  endfacet
  facet normal 0 0 1
    outer loop
      vertex 81.7796 3.29446 4
      vertex 82.985 4.76318 4
      vertex 82.8686 4.86863 4
    endloop
  endfacet
  facet normal 0 0 1
    outer loop
      vertex 81.5251 3.52513 4
      vertex 82.8686 4.86863 4
      vertex 82.7632 4.98497 4
    endloop
  endfacet
  facet normal 0 0 1
    outer loop
      vertex 81.2945 3.77962 4
      vertex 82.7632 4.98497 4
      vertex 82.6696 5.11109 4
    endloop
  endfacet
  facet normal 0 0 1
    outer loop
      vertex 83.3877 4.52179 4
      vertex 82.6606 2.76642 4
      vertex 82.984 2.65071 4
    endloop
  endfacet
  facet normal 0 0 1
    outer loop
      vertex 81.0899 4.0555 4
      vertex 82.6696 5.11109 4
      vertex 82.5889 5.24577 4
    endloop
  endfacet
  facet normal 0 0 1
    outer loop
      vertex 80.9133 4.35011 4
      vertex 82.5889 5.24577 4
      vertex 82.5218 5.38771 4
    endloop
  endfacet
  facet normal 0 0 1
    outer loop
      vertex 80.7664 4.66061 4
      vertex 82.5218 5.38771 4
      vertex 82.4689 5.53555 4
    endloop
  endfacet
  facet normal 0 0 1
    outer loop
      vertex 80.6507 4.984 4
      vertex 82.4689 5.53555 4
      vertex 82.4307 5.68786 4
    endloop
  endfacet
  facet normal 0 0 1
    outer loop
      vertex 80.5673 5.31718 4
      vertex 82.4307 5.68786 4
      vertex 82.4077 5.84317 4
    endloop
  endfacet
  facet normal 0 0 1
    outer loop
      vertex 83.2458 4.58893 4
      vertex 82.3501 2.91328 4
      vertex 82.6606 2.76642 4
    endloop
  endfacet
  facet normal 0 0 1
    outer loop
      vertex 80.5169 5.65694 4
      vertex 82.4077 5.84317 4
      vertex 82.4 6 4
    endloop
  endfacet
  facet normal -0 0 1
    outer loop
      vertex 80.9133 7.64989 4
      vertex 82.5889 6.75423 4
      vertex 81.0899 7.9445 4
    endloop
  endfacet
  facet normal 0 0 1
    outer loop
      vertex 82.5889 6.75423 4
      vertex 80.9133 7.64989 4
      vertex 82.5218 6.61229 4
    endloop
  endfacet
  facet normal 0 0 1
    outer loop
      vertex 83.1111 4.66965 4
      vertex 82.0555 3.08986 4
      vertex 82.3501 2.91328 4
    endloop
  endfacet
  facet normal -0 0 1
    outer loop
      vertex 80.7664 7.33939 4
      vertex 82.5218 6.61229 4
      vertex 80.9133 7.64989 4
    endloop
  endfacet
  facet normal 0 0 1
    outer loop
      vertex 82.985 4.76318 4
      vertex 81.7796 3.29446 4
      vertex 82.0555 3.08986 4
    endloop
  endfacet
  facet normal 0 0 1
    outer loop
      vertex 82.5218 6.61229 4
      vertex 80.7664 7.33939 4
      vertex 82.4689 6.46445 4
    endloop
  endfacet
  facet normal 0 0 1
    outer loop
      vertex 82.8686 4.86863 4
      vertex 81.5251 3.52513 4
      vertex 81.7796 3.29446 4
    endloop
  endfacet
  facet normal -0 0 1
    outer loop
      vertex 80.6507 7.016 4
      vertex 82.4689 6.46445 4
      vertex 80.7664 7.33939 4
    endloop
  endfacet
  facet normal 0 0 1
    outer loop
      vertex 82.7632 4.98497 4
      vertex 81.2945 3.77962 4
      vertex 81.5251 3.52513 4
    endloop
  endfacet
  facet normal 0 0 1
    outer loop
      vertex 82.4689 6.46445 4
      vertex 80.6507 7.016 4
      vertex 82.4307 6.31214 4
    endloop
  endfacet
  facet normal 0 0 1
    outer loop
      vertex 82.6696 5.11109 4
      vertex 81.0899 4.0555 4
      vertex 81.2945 3.77962 4
    endloop
  endfacet
  facet normal -0 0 1
    outer loop
      vertex 80.5673 6.68282 4
      vertex 82.4307 6.31214 4
      vertex 80.6507 7.016 4
    endloop
  endfacet
  facet normal 0 0 1
    outer loop
      vertex 82.5889 5.24577 4
      vertex 80.9133 4.35011 4
      vertex 81.0899 4.0555 4
    endloop
  endfacet
  facet normal 0 0 1
    outer loop
      vertex 82.4307 6.31214 4
      vertex 80.5673 6.68282 4
      vertex 82.4077 6.15683 4
    endloop
  endfacet
  facet normal 0 0 1
    outer loop
      vertex 82.5218 5.38771 4
      vertex 80.7664 4.66061 4
      vertex 80.9133 4.35011 4
    endloop
  endfacet
  facet normal -0 0 1
    outer loop
      vertex 80.5169 6.34306 4
      vertex 82.4077 6.15683 4
      vertex 80.5673 6.68282 4
    endloop
  endfacet
  facet normal 0 0 1
    outer loop
      vertex 82.4689 5.53555 4
      vertex 80.6507 4.984 4
      vertex 80.7664 4.66061 4
    endloop
  endfacet
  facet normal 0 0 1
    outer loop
      vertex 82.4077 6.15683 4
      vertex 80.5169 6.34306 4
      vertex 82.4 6 4
    endloop
  endfacet
  facet normal 0 0 1
    outer loop
      vertex 82.4307 5.68786 4
      vertex 80.5673 5.31718 4
      vertex 80.6507 4.984 4
    endloop
  endfacet
  facet normal 0 0 1
    outer loop
      vertex 80.5 6 4
      vertex 82.4 6 4
      vertex 80.5169 6.34306 4
    endloop
  endfacet
  facet normal 0 0 1
    outer loop
      vertex 82.4077 5.84317 4
      vertex 80.5169 5.65694 4
      vertex 80.5673 5.31718 4
    endloop
  endfacet
  facet normal 0 0 1
    outer loop
      vertex 82.4 6 4
      vertex 80.5 6 4
      vertex 80.5169 5.65694 4
    endloop
  endfacet
  facet normal 0.242895 0.970053 -0
    outer loop
      vertex 83.6879 4.43074 2
      vertex 83.5355 4.4689 4
      vertex 83.6879 4.43074 4
    endloop
  endfacet
  facet normal 0.242895 0.970053 0
    outer loop
      vertex 83.5355 4.4689 4
      vertex 83.6879 4.43074 2
      vertex 83.5355 4.4689 2
    endloop
  endfacet
  facet normal 0.857796 0.51399 0
    outer loop
      vertex 82.6696 5.11109 4
      vertex 82.5889 5.24577 2
      vertex 82.5889 5.24577 4
    endloop
  endfacet
  facet normal 0.857796 0.51399 0
    outer loop
      vertex 82.5889 5.24577 2
      vertex 82.6696 5.11109 4
      vertex 82.6696 5.11109 2
    endloop
  endfacet
  facet normal -0.146689 0.989183 0
    outer loop
      vertex 84.3121 4.43074 2
      vertex 84.1568 4.40771 4
      vertex 84.3121 4.43074 4
    endloop
  endfacet
  facet normal -0.146689 0.989183 0
    outer loop
      vertex 84.1568 4.40771 4
      vertex 84.3121 4.43074 2
      vertex 84.1568 4.40771 2
    endloop
  endfacet
  facet normal 0.514027 -0.857774 0
    outer loop
      vertex 83.1111 7.33035 2
      vertex 83.2458 7.41107 4
      vertex 83.1111 7.33035 4
    endloop
  endfacet
  facet normal 0.514027 -0.857774 0
    outer loop
      vertex 83.2458 7.41107 4
      vertex 83.1111 7.33035 2
      vertex 83.2458 7.41107 2
    endloop
  endfacet
  facet normal -0.741092 0.671404 0
    outer loop
      vertex 85.1314 4.86863 2
      vertex 85.2368 4.98497 4
      vertex 85.2368 4.98497 2
    endloop
  endfacet
  facet normal -0.741092 0.671404 0
    outer loop
      vertex 85.2368 4.98497 4
      vertex 85.1314 4.86863 2
      vertex 85.1314 4.86863 4
    endloop
  endfacet
  facet normal -0.514027 0.857774 0
    outer loop
      vertex 84.8889 4.66965 2
      vertex 84.7542 4.58893 4
      vertex 84.8889 4.66965 4
    endloop
  endfacet
  facet normal -0.514027 0.857774 0
    outer loop
      vertex 84.7542 4.58893 4
      vertex 84.8889 4.66965 2
      vertex 84.7542 4.58893 2
    endloop
  endfacet
  facet normal 0.989212 -0.146493 0
    outer loop
      vertex 82.4077 6.15683 4
      vertex 82.4307 6.31214 2
      vertex 82.4307 6.31214 4
    endloop
  endfacet
  facet normal 0.989212 -0.146493 0
    outer loop
      vertex 82.4307 6.31214 2
      vertex 82.4077 6.15683 4
      vertex 82.4077 6.15683 2
    endloop
  endfacet
  facet normal -0.969959 0.24327 0
    outer loop
      vertex 85.5311 5.53555 2
      vertex 85.5693 5.68786 4
      vertex 85.5693 5.68786 2
    endloop
  endfacet
  facet normal -0.969959 0.24327 0
    outer loop
      vertex 85.5693 5.68786 4
      vertex 85.5311 5.53555 2
      vertex 85.5311 5.53555 4
    endloop
  endfacet
  facet normal 0.146689 0.989183 -0
    outer loop
      vertex 83.8432 4.40771 2
      vertex 83.6879 4.43074 4
      vertex 83.8432 4.40771 4
    endloop
  endfacet
  facet normal 0.146689 0.989183 0
    outer loop
      vertex 83.6879 4.43074 4
      vertex 83.8432 4.40771 2
      vertex 83.6879 4.43074 2
    endloop
  endfacet
  facet normal 0.998797 0.0490387 0
    outer loop
      vertex 82.4077 5.84317 4
      vertex 82.4 6 2
      vertex 82.4 6 4
    endloop
  endfacet
  facet normal 0.998797 0.0490387 0
    outer loop
      vertex 82.4 6 2
      vertex 82.4077 5.84317 4
      vertex 82.4077 5.84317 2
    endloop
  endfacet
  facet normal 0.741092 -0.671404 0
    outer loop
      vertex 82.7632 7.01503 4
      vertex 82.8686 7.13137 2
      vertex 82.8686 7.13137 4
    endloop
  endfacet
  facet normal 0.741092 -0.671404 0
    outer loop
      vertex 82.8686 7.13137 2
      vertex 82.7632 7.01503 4
      vertex 82.7632 7.01503 2
    endloop
  endfacet
  facet normal 0.969959 0.24327 0
    outer loop
      vertex 82.4689 5.53555 4
      vertex 82.4307 5.68786 2
      vertex 82.4307 5.68786 4
    endloop
  endfacet
  facet normal 0.969959 0.24327 0
    outer loop
      vertex 82.4307 5.68786 2
      vertex 82.4689 5.53555 4
      vertex 82.4689 5.53555 2
    endloop
  endfacet
  facet normal 0.336926 -0.941531 0
    outer loop
      vertex 83.3877 7.47821 2
      vertex 83.5355 7.5311 4
      vertex 83.3877 7.47821 4
    endloop
  endfacet
  facet normal 0.336926 -0.941531 0
    outer loop
      vertex 83.5355 7.5311 4
      vertex 83.3877 7.47821 2
      vertex 83.5355 7.5311 2
    endloop
  endfacet
  facet normal 0.94154 0.336901 0
    outer loop
      vertex 82.5218 5.38771 4
      vertex 82.4689 5.53555 2
      vertex 82.4689 5.53555 4
    endloop
  endfacet
  facet normal 0.94154 0.336901 0
    outer loop
      vertex 82.4689 5.53555 2
      vertex 82.5218 5.38771 4
      vertex 82.5218 5.38771 2
    endloop
  endfacet
  facet normal 0.803015 -0.595958 0
    outer loop
      vertex 82.6696 6.88891 4
      vertex 82.7632 7.01503 2
      vertex 82.7632 7.01503 4
    endloop
  endfacet
  facet normal 0.803015 -0.595958 0
    outer loop
      vertex 82.7632 7.01503 2
      vertex 82.6696 6.88891 4
      vertex 82.6696 6.88891 2
    endloop
  endfacet
  facet normal 0.969959 -0.24327 0
    outer loop
      vertex 82.4307 6.31214 4
      vertex 82.4689 6.46445 2
      vertex 82.4689 6.46445 4
    endloop
  endfacet
  facet normal 0.969959 -0.24327 0
    outer loop
      vertex 82.4689 6.46445 2
      vertex 82.4307 6.31214 4
      vertex 82.4307 6.31214 2
    endloop
  endfacet
  facet normal 0.671388 -0.741106 0
    outer loop
      vertex 82.8686 7.13137 2
      vertex 82.985 7.23682 4
      vertex 82.8686 7.13137 4
    endloop
  endfacet
  facet normal 0.671388 -0.741106 0
    outer loop
      vertex 82.985 7.23682 4
      vertex 82.8686 7.13137 2
      vertex 82.985 7.23682 2
    endloop
  endfacet
  facet normal -0.427692 0.903925 0
    outer loop
      vertex 84.7542 4.58893 2
      vertex 84.6123 4.52179 4
      vertex 84.7542 4.58893 4
    endloop
  endfacet
  facet normal -0.427692 0.903925 0
    outer loop
      vertex 84.6123 4.52179 4
      vertex 84.7542 4.58893 2
      vertex 84.6123 4.52179 2
    endloop
  endfacet
  facet normal 0.242895 -0.970053 0
    outer loop
      vertex 83.5355 7.5311 2
      vertex 83.6879 7.56926 4
      vertex 83.5355 7.5311 4
    endloop
  endfacet
  facet normal 0.242895 -0.970053 0
    outer loop
      vertex 83.6879 7.56926 4
      vertex 83.5355 7.5311 2
      vertex 83.6879 7.56926 2
    endloop
  endfacet
  facet normal 0.94154 -0.336901 0
    outer loop
      vertex 82.4689 6.46445 4
      vertex 82.5218 6.61229 2
      vertex 82.5218 6.61229 4
    endloop
  endfacet
  facet normal 0.94154 -0.336901 0
    outer loop
      vertex 82.5218 6.61229 2
      vertex 82.4689 6.46445 4
      vertex 82.4689 6.46445 2
    endloop
  endfacet
  facet normal 0.514027 0.857774 -0
    outer loop
      vertex 83.2458 4.58893 2
      vertex 83.1111 4.66965 4
      vertex 83.2458 4.58893 4
    endloop
  endfacet
  facet normal 0.514027 0.857774 0
    outer loop
      vertex 83.1111 4.66965 4
      vertex 83.2458 4.58893 2
      vertex 83.1111 4.66965 2
    endloop
  endfacet
  facet normal 0.595732 -0.803184 0
    outer loop
      vertex 82.985 7.23682 2
      vertex 83.1111 7.33035 4
      vertex 82.985 7.23682 4
    endloop
  endfacet
  facet normal 0.595732 -0.803184 0
    outer loop
      vertex 83.1111 7.33035 4
      vertex 82.985 7.23682 2
      vertex 83.1111 7.33035 2
    endloop
  endfacet
  facet normal 0.0491116 -0.998793 0
    outer loop
      vertex 83.8432 7.59229 2
      vertex 84 7.6 4
      vertex 83.8432 7.59229 4
    endloop
  endfacet
  facet normal 0.0491116 -0.998793 0
    outer loop
      vertex 84 7.6 4
      vertex 83.8432 7.59229 2
      vertex 84 7.6 2
    endloop
  endfacet
  facet normal -0.0491116 0.998793 0
    outer loop
      vertex 84.1568 4.40771 2
      vertex 84 4.4 4
      vertex 84.1568 4.40771 4
    endloop
  endfacet
  facet normal -0.0491116 0.998793 0
    outer loop
      vertex 84 4.4 4
      vertex 84.1568 4.40771 2
      vertex 84 4.4 2
    endloop
  endfacet
  facet normal -0.94154 0.336901 0
    outer loop
      vertex 85.4782 5.38771 2
      vertex 85.5311 5.53555 4
      vertex 85.5311 5.53555 2
    endloop
  endfacet
  facet normal -0.94154 0.336901 0
    outer loop
      vertex 85.5311 5.53555 4
      vertex 85.4782 5.38771 2
      vertex 85.4782 5.38771 4
    endloop
  endfacet
  facet normal -0.803015 0.595958 0
    outer loop
      vertex 85.2368 4.98497 2
      vertex 85.3304 5.11109 4
      vertex 85.3304 5.11109 2
    endloop
  endfacet
  facet normal -0.803015 0.595958 0
    outer loop
      vertex 85.3304 5.11109 4
      vertex 85.2368 4.98497 2
      vertex 85.2368 4.98497 4
    endloop
  endfacet
  facet normal -0.989212 0.146493 0
    outer loop
      vertex 85.5693 5.68786 2
      vertex 85.5923 5.84317 4
      vertex 85.5923 5.84317 2
    endloop
  endfacet
  facet normal -0.989212 0.146493 0
    outer loop
      vertex 85.5923 5.84317 4
      vertex 85.5693 5.68786 2
      vertex 85.5693 5.68786 4
    endloop
  endfacet
  facet normal 0.857796 -0.51399 0
    outer loop
      vertex 82.5889 6.75423 4
      vertex 82.6696 6.88891 2
      vertex 82.6696 6.88891 4
    endloop
  endfacet
  facet normal 0.857796 -0.51399 0
    outer loop
      vertex 82.6696 6.88891 2
      vertex 82.5889 6.75423 4
      vertex 82.5889 6.75423 2
    endloop
  endfacet
  facet normal 0.336926 0.941531 -0
    outer loop
      vertex 83.5355 4.4689 2
      vertex 83.3877 4.52179 4
      vertex 83.5355 4.4689 4
    endloop
  endfacet
  facet normal 0.336926 0.941531 0
    outer loop
      vertex 83.3877 4.52179 4
      vertex 83.5355 4.4689 2
      vertex 83.3877 4.52179 2
    endloop
  endfacet
  facet normal 0.427692 -0.903925 0
    outer loop
      vertex 83.2458 7.41107 2
      vertex 83.3877 7.47821 4
      vertex 83.2458 7.41107 4
    endloop
  endfacet
  facet normal 0.427692 -0.903925 0
    outer loop
      vertex 83.3877 7.47821 4
      vertex 83.2458 7.41107 2
      vertex 83.3877 7.47821 2
    endloop
  endfacet
  facet normal -0.595732 0.803184 0
    outer loop
      vertex 85.015 4.76318 2
      vertex 84.8889 4.66965 4
      vertex 85.015 4.76318 4
    endloop
  endfacet
  facet normal -0.595732 0.803184 0
    outer loop
      vertex 84.8889 4.66965 4
      vertex 85.015 4.76318 2
      vertex 84.8889 4.66965 2
    endloop
  endfacet
  facet normal 0.671388 0.741106 -0
    outer loop
      vertex 82.985 4.76318 2
      vertex 82.8686 4.86863 4
      vertex 82.985 4.76318 4
    endloop
  endfacet
  facet normal 0.671388 0.741106 0
    outer loop
      vertex 82.8686 4.86863 4
      vertex 82.985 4.76318 2
      vertex 82.8686 4.86863 2
    endloop
  endfacet
  facet normal -0.998797 0.0490387 0
    outer loop
      vertex 85.5923 5.84317 2
      vertex 85.6 6 4
      vertex 85.6 6 2
    endloop
  endfacet
  facet normal -0.998797 0.0490387 0
    outer loop
      vertex 85.6 6 4
      vertex 85.5923 5.84317 2
      vertex 85.5923 5.84317 4
    endloop
  endfacet
  facet normal 0.803015 0.595958 0
    outer loop
      vertex 82.7632 4.98497 4
      vertex 82.6696 5.11109 2
      vertex 82.6696 5.11109 4
    endloop
  endfacet
  facet normal 0.803015 0.595958 0
    outer loop
      vertex 82.6696 5.11109 2
      vertex 82.7632 4.98497 4
      vertex 82.7632 4.98497 2
    endloop
  endfacet
  facet normal 0.90407 0.427385 0
    outer loop
      vertex 82.5889 5.24577 4
      vertex 82.5218 5.38771 2
      vertex 82.5218 5.38771 4
    endloop
  endfacet
  facet normal 0.90407 0.427385 0
    outer loop
      vertex 82.5218 5.38771 2
      vertex 82.5889 5.24577 4
      vertex 82.5889 5.24577 2
    endloop
  endfacet
  facet normal 0.427692 0.903925 -0
    outer loop
      vertex 83.3877 4.52179 2
      vertex 83.2458 4.58893 4
      vertex 83.3877 4.52179 4
    endloop
  endfacet
  facet normal 0.427692 0.903925 0
    outer loop
      vertex 83.2458 4.58893 4
      vertex 83.3877 4.52179 2
      vertex 83.2458 4.58893 2
    endloop
  endfacet
  facet normal 0.146689 -0.989183 0
    outer loop
      vertex 83.6879 7.56926 2
      vertex 83.8432 7.59229 4
      vertex 83.6879 7.56926 4
    endloop
  endfacet
  facet normal 0.146689 -0.989183 0
    outer loop
      vertex 83.8432 7.59229 4
      vertex 83.6879 7.56926 2
      vertex 83.8432 7.59229 2
    endloop
  endfacet
  facet normal 0.989212 0.146493 0
    outer loop
      vertex 82.4307 5.68786 4
      vertex 82.4077 5.84317 2
      vertex 82.4077 5.84317 4
    endloop
  endfacet
  facet normal 0.989212 0.146493 0
    outer loop
      vertex 82.4077 5.84317 2
      vertex 82.4307 5.68786 4
      vertex 82.4307 5.68786 2
    endloop
  endfacet
  facet normal -0.336926 0.941531 0
    outer loop
      vertex 84.6123 4.52179 2
      vertex 84.4645 4.4689 4
      vertex 84.6123 4.52179 4
    endloop
  endfacet
  facet normal -0.336926 0.941531 0
    outer loop
      vertex 84.4645 4.4689 4
      vertex 84.6123 4.52179 2
      vertex 84.4645 4.4689 2
    endloop
  endfacet
  facet normal -0.242895 0.970053 0
    outer loop
      vertex 84.4645 4.4689 2
      vertex 84.3121 4.43074 4
      vertex 84.4645 4.4689 4
    endloop
  endfacet
  facet normal -0.242895 0.970053 0
    outer loop
      vertex 84.3121 4.43074 4
      vertex 84.4645 4.4689 2
      vertex 84.3121 4.43074 2
    endloop
  endfacet
  facet normal 0.90407 -0.427385 0
    outer loop
      vertex 82.5218 6.61229 4
      vertex 82.5889 6.75423 2
      vertex 82.5889 6.75423 4
    endloop
  endfacet
  facet normal 0.90407 -0.427385 0
    outer loop
      vertex 82.5889 6.75423 2
      vertex 82.5218 6.61229 4
      vertex 82.5218 6.61229 2
    endloop
  endfacet
  facet normal 0.741092 0.671404 0
    outer loop
      vertex 82.8686 4.86863 4
      vertex 82.7632 4.98497 2
      vertex 82.7632 4.98497 4
    endloop
  endfacet
  facet normal 0.741092 0.671404 0
    outer loop
      vertex 82.7632 4.98497 2
      vertex 82.8686 4.86863 4
      vertex 82.8686 4.86863 2
    endloop
  endfacet
  facet normal 0.595732 0.803184 -0
    outer loop
      vertex 83.1111 4.66965 2
      vertex 82.985 4.76318 4
      vertex 83.1111 4.66965 4
    endloop
  endfacet
  facet normal 0.595732 0.803184 0
    outer loop
      vertex 82.985 4.76318 4
      vertex 83.1111 4.66965 2
      vertex 82.985 4.76318 2
    endloop
  endfacet
  facet normal -0.90407 0.427385 0
    outer loop
      vertex 85.4111 5.24577 2
      vertex 85.4782 5.38771 4
      vertex 85.4782 5.38771 2
    endloop
  endfacet
  facet normal -0.90407 0.427385 0
    outer loop
      vertex 85.4782 5.38771 4
      vertex 85.4111 5.24577 2
      vertex 85.4111 5.24577 4
    endloop
  endfacet
  facet normal -0.857796 0.51399 0
    outer loop
      vertex 85.3304 5.11109 2
      vertex 85.4111 5.24577 4
      vertex 85.4111 5.24577 2
    endloop
  endfacet
  facet normal -0.857796 0.51399 0
    outer loop
      vertex 85.4111 5.24577 4
      vertex 85.3304 5.11109 2
      vertex 85.3304 5.11109 4
    endloop
  endfacet
  facet normal 0.0491116 0.998793 -0
    outer loop
      vertex 84 4.4 2
      vertex 83.8432 4.40771 4
      vertex 84 4.4 4
    endloop
  endfacet
  facet normal 0.0491116 0.998793 0
    outer loop
      vertex 83.8432 4.40771 4
      vertex 84 4.4 2
      vertex 83.8432 4.40771 2
    endloop
  endfacet
  facet normal 0.998797 -0.0490387 0
    outer loop
      vertex 82.4 6 4
      vertex 82.4077 6.15683 2
      vertex 82.4077 6.15683 4
    endloop
  endfacet
  facet normal 0.998797 -0.0490387 0
    outer loop
      vertex 82.4077 6.15683 2
      vertex 82.4 6 4
      vertex 82.4 6 2
    endloop
  endfacet
  facet normal -0.671388 0.741106 0
    outer loop
      vertex 85.1314 4.86863 2
      vertex 85.015 4.76318 4
      vertex 85.1314 4.86863 4
    endloop
  endfacet
  facet normal -0.671388 0.741106 0
    outer loop
      vertex 85.015 4.76318 4
      vertex 85.1314 4.86863 2
      vertex 85.015 4.76318 2
    endloop
  endfacet
endsolid OpenSCAD_Model
