timestamp_ms,ecg_raw
1781829811518,1796
1781829811520,1840
1781829811522,1911
1781829811524,1990
1781829811526,2083
1781829811528,2173
1781829811530,2250
1781829811532,2313
1781829811534,2402
1781829811536,2536
1781829811518,2703
1781829811520,2873
1781829811522,3033
1781829811524,3159
1781829811526,3234
1781829811528,3214
1781829811530,3120
1781829811532,2989
1781829811534,2829
1781829811536,2696
1781829811576,2605
1781829811578,2537
1781829811580,2492
1781829811582,2465
1781829811584,2431
1781829811586,2380
1781829811588,2308
1781829811590,2235
1781829811592,2157
1781829811594,2100
1781829811576,2087
1781829811578,2094
1781829811580,2097
1781829811582,2109
1781829811584,2120
1781829811586,2112
1781829811588,2087
1781829811590,2033
1781829811592,1978
1781829811594,1955
1781829811606,1945
1781829811608,1943
1781829811610,1956
1781829811612,1988
1781829811614,2027
1781829811616,2048
1781829811618,2030
1781829811620,1990
1781829811622,1954
1781829811624,1944
1781829811606,1952
1781829811608,1975
1781829811610,1996
1781829811612,2027
1781829811614,2048
1781829811616,2047
1781829811618,2029
1781829811620,1989
1781829811622,1964
1781829811624,1953
1781829811639,1957
1781829811641,1997
1781829811643,2045
1781829811645,2073
1781829811647,2098
1781829811649,2107
1781829811651,2084
1781829811653,2035
1781829811655,1993
1781829811657,1979
1781829811639,1999
1781829811641,2038
1781829811643,2082
1781829811645,2130
1781829811647,2167
1781829811649,2171
1781829811651,2143
1781829811653,2099
1781829811655,2053
1781829811657,2031
1781829811640,2049
1781829811642,2093
1781829811644,2123
1781829811646,2153
1781829811648,2188
1781829811650,2201
1781829811652,2182
1781829811654,2129
1781829811656,2086
1781829811658,2065
1781829811675,2081
1781829811677,2125
1781829811679,2165
1781829811681,2209
1781829811683,2242
1781829811685,2258
1781829811687,2240
1781829811689,2208
1781829811691,2173
1781829811693,2157
1781829811675,2165
1781829811677,2198
1781829811679,2241
1781829811681,2280
1781829811683,2309
1781829811685,2322
1781829811687,2307
1781829811689,2268
1781829811691,2220
1781829811693,2185
1781829811735,2187
1781829811737,2205
1781829811739,2238
1781829811741,2270
1781829811743,2307
1781829811745,2328
1781829811747,2313
1781829811749,2272
1781829811751,2242
1781829811753,2235
1781829811736,2232
1781829811738,2233
1781829811740,2245
1781829811742,2264
1781829811744,2271
1781829811746,2267
1781829811748,2242
1781829811750,2191
1781829811752,2140
1781829811754,2097
1781829811767,2087
1781829811769,2096
1781829811771,2118
1781829811773,2139
1781829811775,2147
1781829811777,2130
1781829811779,2103
1781829811781,2049
1781829811783,1987
1781829811785,1944
1781829811767,1944
1781829811769,1962
1781829811771,1972
1781829811773,1984
1781829811775,1991
1781829811777,1993
1781829811779,1972
1781829811781,1936
1781829811783,1890
1781829811785,1852
1781829811831,1838
1781829811833,1847
1781829811835,1865
1781829811837,1889
1781829811839,1903
1781829811841,1907
1781829811843,1887
1781829811845,1837
1781829811847,1779
1781829811849,1750
1781829811831,1761
1781829811833,1774
1781829811835,1793
1781829811837,1822
1781829811839,1839
1781829811841,1842
1781829811843,1819
1781829811845,1765
1781829811847,1722
1781829811849,1690
1781829811831,1686
1781829811833,1709
1781829811835,1732
1781829811837,1759
1781829811839,1785
1781829811841,1791
1781829811843,1769
1781829811845,1718
1781829811847,1661
1781829811849,1632
1781829811866,1645
1781829811868,1678
1781829811870,1719
1781829811872,1762
1781829811874,1785
1781829811876,1792
1781829811878,1759
1781829811880,1711
1781829811882,1664
1781829811884,1632
1781829811866,1637
1781829811868,1664
1781829811870,1701
1781829811872,1734
1781829811874,1758
1781829811876,1757
1781829811878,1734
1781829811880,1686
1781829811882,1638
1781829811884,1607
1781829811906,1608
1781829811908,1639
1781829811910,1675
1781829811912,1704
1781829811914,1723
1781829811916,1730
1781829811918,1711
1781829811920,1670
1781829811922,1612
1781829811924,1577
1781829811906,1573
1781829811908,1596
1781829811910,1632
1781829811912,1662
1781829811914,1691
1781829811916,1711
1781829811918,1708
1781829811920,1672
1781829811922,1631
1781829811924,1609
1781829811960,1600
1781829811962,1627
1781829811964,1665
1781829811966,1698
1781829811968,1724
1781829811970,1742
1781829811972,1726
1781829811974,1693
1781829811976,1643
1781829811978,1614
1781829811960,1622
1781829811962,1637
1781829811964,1648
1781829811966,1665
1781829811968,1698
1781829811970,1728
1781829811972,1722
1781829811974,1680
1781829811976,1632
1781829811978,1605
1781829811997,1606
1781829811999,1622
1781829812001,1655
1781829812003,1691
1781829812005,1719
1781829812007,1728
1781829812009,1709
1781829812011,1668
1781829812013,1619
1781829812015,1590
1781829811997,1591
1781829811999,1634
1781829812001,1681
1781829812003,1715
1781829812005,1740
1781829812007,1753
1781829812009,1740
1781829812011,1695
1781829812013,1656
1781829812015,1638
1781829811997,1639
1781829811999,1662
1781829812001,1697
1781829812003,1734
1781829812005,1766
1781829812007,1785
1781829812009,1776
1781829812011,1739
1781829812013,1704
1781829812015,1695
1781829812061,1710
1781829812063,1732
1781829812065,1762
1781829812067,1801
1781829812069,1823
1781829812071,1820
1781829812073,1777
1781829812075,1721
1781829812077,1669
1781829812079,1639
1781829812061,1642
1781829812063,1661
1781829812065,1673
1781829812067,1698
1781829812069,1722
1781829812071,1729
1781829812073,1704
1781829812075,1656
1781829812077,1613
1781829812079,1585
1781829812090,1588
1781829812092,1610
1781829812094,1635
1781829812096,1672
1781829812098,1714
1781829812100,1742
1781829812102,1726
1781829812104,1680
1781829812106,1634
1781829812108,1605
1781829812090,1589
1781829812092,1597
1781829812094,1627
1781829812096,1670
1781829812098,1696
1781829812100,1688
1781829812102,1661
1781829812104,1619
1781829812106,1572
1781829812108,1548
1781829812151,1556
1781829812153,1587
1781829812155,1616
1781829812157,1648
1781829812159,1680
1781829812161,1688
1781829812163,1670
1781829812165,1622
1781829812167,1575
1781829812169,1562
1781829812151,1561
1781829812153,1579
1781829812155,1606
1781829812157,1628
1781829812159,1636
1781829812161,1626
1781829812163,1606
1781829812165,1571
1781829812167,1537
1781829812169,1532
1781829812184,1568
1781829812186,1635
1781829812188,1729
1781829812190,1849
1781829812192,1987
1781829812194,2132
1781829812196,2251
1781829812198,2354
1781829812200,2456
1781829812202,2559
1781829812184,2663
1781829812186,2755
1781829812188,2810
1781829812190,2815
1781829812192,2785
1781829812194,2700
1781829812196,2553
1781829812198,2396
1781829812200,2231
1781829812202,2115
1781829812184,2039
1781829812186,1998
1781829812188,1978
1781829812190,1968
1781829812192,1959
1781829812194,1937
1781829812196,1889
1781829812198,1817
1781829812200,1745
1781829812202,1687
1781829812215,1673
1781829812217,1687
1781829812219,1709
1781829812221,1738
1781829812223,1763
1781829812225,1773
1781829812227,1750
1781829812229,1686
1781829812231,1626
1781829812233,1589
1781829812215,1579
1781829812217,1599
1781829812219,1636
1781829812221,1680
1781829812223,1707
1781829812225,1707
1781829812227,1690
1781829812229,1654
1781829812231,1619
1781829812233,1598
1781829812284,1603
1781829812286,1624
1781829812288,1654
1781829812290,1685
1781829812292,1718
1781829812294,1729
1781829812296,1707
1781829812298,1663
1781829812300,1623
1781829812302,1612
1781829812284,1634
1781829812286,1670
1781829812288,1691
1781829812290,1722
1781829812292,1767
1781829812294,1787
1781829812296,1776
1781829812298,1737
1781829812300,1692
1781829812302,1663
1781829812313,1672
1781829812315,1702
1781829812317,1744
1781829812319,1782
1781829812321,1812
1781829812323,1828
1781829812325,1825
1781829812327,1785
1781829812329,1761
1781829812331,1749
1781829812313,1764
1781829812315,1802
1781829812317,1840
1781829812319,1877
1781829812321,1907
1781829812323,1916
1781829812325,1902
1781829812327,1856
1781829812329,1822
1781829812331,1812
1781829812377,1813
1781829812379,1834
1781829812381,1877
1781829812383,1928
1781829812385,1974
1781829812387,2003
1781829812389,1982
1781829812391,1931
1781829812393,1891
1781829812395,1881
1781829812377,1900
1781829812379,1933
1781829812381,1977
1781829812383,2023
1781829812385,2051
1781829812387,2051
1781829812389,2036
1781829812391,1995
1781829812393,1945
1781829812395,1928
1781829812377,1946
1781829812379,1981
1781829812381,2021
1781829812383,2070
1781829812385,2097
1781829812387,2107
1781829812389,2087
1781829812391,2033
1781829812393,1971
1781829812395,1936
1781829812411,1939
1781829812413,1974
1781829812415,2012
1781829812417,2034
1781829812419,2069
1781829812421,2076
1781829812423,2054
1781829812425,1989
1781829812427,1928
1781829812429,1909
1781829812411,1915
1781829812413,1933
1781829812415,1955
1781829812417,1983
1781829812419,2010
1781829812421,2020
1781829812423,2008
1781829812425,1955
1781829812427,1896
1781829812429,1868
1781829812445,1870
1781829812447,1877
1781829812449,1894
1781829812451,1929
1781829812453,1954
1781829812455,1957
1781829812457,1924
1781829812459,1865
1781829812461,1817
1781829812463,1795
1781829812445,1793
1781829812447,1800
1781829812449,1830
1781829812451,1872
1781829812453,1898
1781829812455,1905
1781829812457,1885
1781829812459,1839
1781829812461,1789
1781829812463,1756
1781829812511,1753
1781829812513,1780
1781829812515,1818
1781829812517,1855
1781829812519,1882
1781829812521,1892
1781829812523,1866
1781829812525,1811
1781829812527,1764
1781829812529,1748
1781829812511,1766
1781829812513,1802
1781829812515,1843
1781829812517,1884
1781829812519,1908
1781829812521,1909
1781829812523,1883
1781829812525,1840
1781829812527,1800
1781829812529,1785
1781829812511,1806
1781829812513,1844
1781829812515,1886
1781829812517,1927
1781829812519,1962
1781829812521,1963
1781829812523,1925
1781829812525,1863
1781829812527,1821
1781829812529,1814
1781829812544,1829
1781829812546,1868
1781829812548,1896
1781829812550,1926
1781829812552,1950
1781829812554,1960
1781829812556,1949
1781829812558,1905
1781829812560,1846
1781829812562,1823
1781829812544,1834
1781829812546,1856
1781829812548,1894
1781829812550,1930
1781829812552,1956
1781829812554,1964
1781829812556,1949
1781829812558,1897
1781829812560,1841
1781829812562,1808
1781829812578,1809
1781829812580,1832
1781829812582,1878
1781829812584,1924
1781829812586,1952
1781829812588,1955
1781829812590,1931
1781829812592,1877
1781829812594,1811
1781829812596,1775
1781829812578,1781
1781829812580,1800
1781829812582,1832
1781829812584,1856
1781829812586,1870
1781829812588,1860
1781829812590,1816
1781829812592,1763
1781829812594,1717
1781829812596,1685
1781829812646,1663
1781829812648,1676
1781829812650,1696
1781829812652,1720
1781829812654,1748
1781829812656,1760
1781829812658,1733
1781829812660,1669
1781829812662,1609
1781829812664,1576
1781829812646,1572
1781829812648,1601
1781829812650,1623
1781829812652,1648
1781829812654,1676
1781829812656,1680
1781829812658,1653
1781829812660,1605
1781829812662,1556
1781829812664,1529
1781829812679,1533
1781829812681,1565
1781829812683,1605
1781829812685,1651
1781829812687,1685
1781829812689,1699
1781829812691,1689
1781829812693,1646
1781829812695,1601
1781829812697,1581
1781829812679,1592
1781829812681,1622
1781829812683,1656
1781829812685,1693
1781829812687,1712
1781829812689,1724
1781829812691,1704
1781829812693,1654
1781829812695,1614
1781829812697,1596
1781829812679,1613
1781829812681,1643
1781829812683,1673
1781829812685,1678
1781829812687,1681
1781829812689,1689
1781829812691,1671
1781829812693,1624
1781829812695,1574
1781829812697,1529
1781829812745,1517
1781829812747,1539
1781829812749,1570
1781829812751,1599
1781829812753,1623
1781829812755,1627
1781829812757,1599
1781829812759,1547
1781829812761,1493
1781829812763,1462
1781829812745,1465
1781829812747,1499
1781829812749,1531
1781829812751,1566
1781829812753,1585
1781829812755,1602
1781829812757,1582
1781829812759,1537
1781829812761,1491
1781829812763,1458
1781829812778,1457
1781829812780,1485
1781829812782,1519
1781829812784,1541
1781829812786,1563
1781829812788,1576
1781829812790,1563
1781829812792,1523
1781829812794,1489
1781829812796,1473
1781829812778,1490
1781829812780,1518
1781829812782,1555
1781829812784,1590
1781829812786,1616
1781829812788,1627
1781829812790,1610
1781829812792,1562
1781829812794,1496
1781829812796,1458
1781829812812,1453
1781829812814,1468
1781829812816,1501
1781829812818,1546
1781829812820,1581
1781829812822,1596
1781829812824,1600
1781829812826,1587
1781829812828,1578
1781829812830,1608
1781829812812,1678
1781829812814,1799
1781829812816,1950
1781829812818,2103
1781829812820,2263
1781829812822,2412
1781829812824,2524
1781829812826,2604
1781829812828,2654
1781829812830,2684
1781829812844,2684
1781829812846,2661
1781829812848,2617
1781829812850,2539
1781829812852,2442
1781829812854,2337
1781829812856,2217
1781829812858,2082
1781829812860,1972
1781829812862,1900
1781829812844,1867
1781829812846,1863
1781829812848,1868
1781829812850,1874
1781829812852,1891
1781829812854,1899
1781829812856,1868
1781829812858,1802
1781829812860,1742
1781829812862,1720
1781829812844,1737
1781829812846,1781
1781829812848,1829
1781829812850,1866
1781829812852,1889
1781829812854,1896
1781829812856,1877
1781829812858,1834
1781829812860,1789
1781829812862,1762
1781829812911,1771
1781829812913,1805
1781829812915,1840
1781829812917,1874
1781829812919,1906
1781829812921,1923
1781829812923,1911
1781829812925,1884
1781829812927,1849
1781829812929,1825
1781829812911,1821
1781829812913,1846
1781829812915,1892
1781829812917,1927
1781829812919,1958
1781829812921,1980
1781829812923,1979
1781829812925,1946
1781829812927,1891
1781829812929,1864
1781829812944,1869
1781829812946,1895
1781829812948,1941
1781829812950,1992
1781829812952,2039
1781829812954,2055
1781829812956,2035
1781829812958,1999
1781829812960,1955
1781829812962,1932
1781829812944,1937
1781829812946,1964
1781829812948,2016
1781829812950,2074
1781829812952,2123
1781829812954,2137
1781829812956,2129
1781829812958,2089
1781829812960,2034
1781829812962,2013
1781829813011,2019
1781829813013,2063
1781829813015,2095
1781829813017,2130
1781829813019,2158
1781829813021,2168
1781829813023,2165
1781829813025,2140
1781829813027,2107
1781829813029,2094
1781829813011,2113
1781829813013,2161
1781829813015,2196
1781829813017,2220
1781829813019,2249
1781829813021,2263
1781829813023,2253
1781829813025,2219
1781829813027,2176
1781829813029,2158
1781829813044,2169
1781829813046,2196
1781829813048,2227
1781829813050,2258
1781829813052,2287
1781829813054,2305
1781829813056,2295
1781829813058,2256
1781829813060,2200
1781829813062,2178
1781829813044,2190
1781829813046,2230
1781829813048,2280
1781829813050,2315
1781829813052,2336
1781829813054,2354
1781829813056,2330
1781829813058,2289
1781829813060,2232
1781829813062,2210
1781829813044,2207
1781829813046,2223
1781829813048,2260
1781829813050,2289
1781829813052,2306
1781829813054,2314
1781829813056,2296
1781829813058,2255
1781829813060,2209
1781829813062,2180
1781829813077,2178
1781829813079,2195
1781829813081,2217
1781829813083,2241
1781829813085,2260
1781829813087,2260
1781829813089,2226
1781829813091,2160
1781829813093,2098
1781829813095,2069
1781829813144,2068
1781829813146,2081
1781829813148,2097
1781829813150,2120
1781829813152,2130
1781829813154,2131
1781829813156,2113
1781829813158,2066
1781829813160,2004
1781829813162,1994
1781829813144,1991
1781829813146,2004
1781829813148,2025
1781829813150,2051
1781829813152,2088
1781829813154,2103
1781829813156,2075
1781829813158,2020
1781829813160,1963
1781829813162,1927
1781829813144,1931
1781829813146,1946
1781829813148,1974
1781829813150,2013
1781829813152,2035
1781829813154,2037
1781829813156,2024
1781829813158,1983
1781829813160,1935
1781829813162,1908
1781829813177,1922
1781829813179,1951
1781829813181,1979
1781829813183,2007
1781829813185,2027
1781829813187,2030
1781829813189,2006
1781829813191,1960
1781829813193,1910
1781829813195,1880
1781829813177,1884
1781829813179,1905
1781829813181,1942
1781829813183,1981
1781829813185,2002
1781829813187,2004
1781829813189,1979
1781829813191,1922
1781829813193,1862
1781829813195,1829
1781829813244,1827
1781829813246,1848
1781829813248,1888
1781829813250,1937
1781829813252,1977
1781829813254,2000
1781829813256,1988
1781829813258,1937
1781829813260,1885
1781829813262,1844
1781829813244,1844
1781829813246,1865
1781829813248,1892
1781829813250,1924
1781829813252,1953
1781829813254,1965
1781829813256,1940
1781829813258,1878
1781829813260,1820
1781829813262,1795
1781829813244,1801
1781829813246,1824
1781829813248,1853
1781829813250,1882
1781829813252,1907
1781829813254,1915
1781829813256,1895
1781829813258,1841
1781829813260,1782
1781829813262,1752
1781829813277,1759
1781829813279,1785
1781829813281,1825
1781829813283,1856
1781829813285,1870
1781829813287,1863
1781829813289,1828
1781829813291,1783
1781829813293,1737
1781829813295,1713
1781829813310,1727
1781829813312,1758
1781829813314,1786
1781829813316,1817
1781829813318,1842
1781829813320,1855
1781829813322,1838
1781829813324,1793
1781829813326,1756
1781829813328,1750
1781829813310,1775
1781829813312,1819
1781829813314,1861
1781829813316,1899
1781829813318,1933
1781829813320,1946
1781829813322,1926
1781829813324,1890
1781829813326,1848
1781829813328,1824
1781829813310,1833
1781829813312,1867
1781829813314,1906
1781829813316,1945
1781829813318,1978
1781829813320,1997
1781829813322,1977
1781829813324,1915
1781829813326,1852
1781829813328,1810
1781829813344,1793
1781829813346,1804
1781829813348,1824
1781829813350,1834
1781829813352,1851
1781829813354,1856
1781829813356,1832
1781829813358,1783
1781829813360,1734
1781829813362,1706
1781829813344,1715
1781829813346,1735
1781829813348,1760
1781829813350,1789
1781829813352,1818
1781829813354,1821
1781829813356,1798
1781829813358,1751
1781829813360,1700
1781829813362,1663
1781829813409,1660
1781829813411,1686
1781829813413,1723
1781829813415,1756
1781829813417,1786
1781829813419,1807
1781829813421,1792
1781829813423,1742
1781829813425,1682
1781829813427,1656
1781829813409,1662
1781829813411,1701
1781829813413,1732
1781829813415,1759
1781829813417,1787
1781829813419,1802
1781829813421,1781
1781829813423,1732
1781829813425,1679
1781829813427,1647
1781829813439,1651
1781829813441,1681
1781829813443,1711
1781829813445,1734
1781829813447,1739
1781829813449,1732
1781829813451,1695
1781829813453,1636
1781829813455,1570
1781829813457,1525
1781829813439,1518
1781829813441,1558
1781829813443,1621
1781829813445,1688
1781829813447,1767
1781829813449,1853
1781829813451,1938
1781829813453,1998
1781829813455,2071
1781829813457,2175
1781829813500,2307
1781829813502,2449
1781829813504,2584
1781829813506,2703
1781829813508,2799
1781829813510,2819
1781829813512,2757
1781829813514,2641
1781829813516,2485
1781829813518,2336
1781829813500,2224
1781829813502,2145
1781829813504,2081
1781829813506,2052
1781829813508,2031
1781829813510,2009
1781829813512,1955
1781829813514,1873
1781829813516,1803
1781829813518,1753
1781829813500,1738
1781829813502,1740
1781829813504,1753
1781829813506,1757
1781829813508,1751
1781829813510,1739
1781829813512,1703
1781829813514,1636
1781829813516,1576
1781829813518,1552
1781829813532,1557
1781829813534,1590
1781829813536,1635
1781829813538,1671
1781829813540,1701
1781829813542,1726
1781829813544,1715
1781829813546,1669
1781829813548,1623
1781829813550,1590
1781829813532,1597
1781829813534,1626
1781829813536,1654
1781829813538,1699
1781829813540,1736
1781829813542,1764
1781829813544,1763
1781829813546,1715
1781829813548,1667
1781829813550,1638
1781829813532,1638
1781829813534,1669
1781829813536,1709
1781829813538,1753
1781829813540,1798
1781829813542,1831
1781829813544,1823
1781829813546,1780
1781829813548,1728
1781829813550,1693
1781829813566,1699
1781829813568,1724
1781829813570,1756
1781829813572,1792
1781829813574,1814
1781829813576,1813
1781829813578,1795
1781829813580,1762
1781829813582,1735
1781829813584,1719
1781829813631,1722
1781829813633,1746
1781829813635,1780
1781829813637,1840
1781829813639,1893
1781829813641,1905
1781829813643,1897
1781829813645,1865
1781829813647,1829
1781829813649,1825
1781829813631,1850
1781829813633,1887
1781829813635,1922
1781829813637,1968
1781829813639,2001
1781829813641,2012
1781829813643,1993
1781829813645,1954
1781829813647,1923
1781829813649,1900
1781829813631,1907
1781829813633,1935
1781829813635,1966
1781829813637,1998
1781829813639,2032
1781829813641,2053
1781829813643,2047
1781829813645,2016
1781829813647,1972
1781829813649,1957
1781829813661,1964
1781829813663,1991
1781829813665,2023
1781829813667,2050
1781829813669,2073
1781829813671,2084
1781829813673,2068
1781829813675,2023
1781829813677,1977
1781829813679,1949
1781829813661,1946
1781829813663,1975
1781829813665,2022
1781829813667,2068
1781829813669,2096
1781829813671,2115
1781829813673,2107
1781829813675,2070
1781829813677,2019
1781829813679,1990
1781829813725,1997
1781829813727,2014
1781829813729,2044
1781829813731,2063
1781829813733,2080
1781829813735,2084
1781829813737,2057
1781829813739,2004
1781829813741,1945
1781829813743,1905
1781829813725,1908
1781829813727,1941
1781829813729,1977
1781829813731,2011
1781829813733,2029
1781829813735,2027
1781829813737,1995
1781829813739,1937
1781829813741,1882
1781829813743,1842
1781829813759,1828
1781829813761,1844
1781829813763,1870
1781829813765,1898
1781829813767,1918
1781829813769,1918
1781829813771,1891
1781829813773,1841
1781829813775,1793
1781829813777,1771
1781829813759,1776
1781829813761,1799
1781829813763,1831
1781829813765,1849
1781829813767,1869
1781829813769,1887
1781829813771,1868
1781829813773,1818
1781829813775,1764
1781829813777,1741
1781829813791,1740
1781829813793,1760
1781829813795,1800
1781829813797,1832
1781829813799,1852
1781829813801,1856
1781829813803,1845
1781829813805,1807
1781829813807,1766
1781829813809,1754
1781829813792,1768
1781829813794,1793
1781829813796,1823
1781829813798,1847
1781829813800,1870
1781829813802,1871
1781829813804,1851
1781829813806,1797
1781829813808,1739
1781829813810,1708
1781829813792,1712
1781829813794,1742
1781829813796,1777
1781829813798,1820
1781829813800,1857
1781829813802,1861
1781829813804,1835
1781829813806,1778
1781829813808,1716
1781829813810,1677
1781829813857,1686
1781829813859,1722
1781829813861,1767
1781829813863,1810
1781829813865,1838
1781829813867,1854
1781829813869,1843
1781829813871,1798
1781829813873,1745
1781829813875,1709
1781829813857,1712
1781829813859,1740
1781829813861,1765
1781829813863,1801
1781829813865,1839
1781829813867,1855
1781829813869,1839
1781829813871,1796
1781829813873,1746
1781829813875,1719
1781829813889,1728
1781829813891,1751
1781829813893,1777
1781829813895,1819
1781829813897,1867
1781829813899,1891
1781829813901,1878
1781829813903,1831
1781829813905,1784
1781829813907,1749
1781829813889,1744
1781829813891,1754
1781829813893,1804
1781829813895,1838
1781829813897,1871
1781829813899,1883
1781829813901,1865
1781829813903,1825
1781829813905,1779
1781829813907,1754
1781829813953,1755
1781829813955,1782
1781829813957,1828
1781829813959,1882
1781829813961,1931
1781829813963,1958
1781829813965,1950
1781829813967,1922
1781829813969,1879
1781829813971,1850
1781829813953,1856
1781829813955,1887
1781829813957,1923
1781829813959,1968
1781829813961,2015
1781829813963,2047
1781829813965,2037
1781829813967,2001
1781829813969,1950
1781829813971,1922
1781829813982,1928
1781829813984,1958
1781829813986,1988
1781829813988,2012
1781829813990,2025
1781829813992,2012
1781829813994,1989
1781829813996,1950
1781829813998,1900
1781829814000,1865
1781829813982,1871
1781829813984,1908
1781829813986,1948
1781829813988,1983
1781829813990,2017
1781829813992,2023
1781829813994,2000
1781829813996,1952
1781829813998,1904
1781829814000,1881
1781829813982,1880
1781829813984,1908
1781829813986,1952
1781829813988,1985
1781829813990,2017
1781829813992,2046
1781829813994,2030
1781829813996,1980
1781829813998,1940
1781829814000,1924
1781829814043,1926
1781829814045,1949
1781829814047,1971
1781829814049,1993
1781829814051,2018
1781829814053,2032
1781829814055,2017
1781829814057,1966
1781829814059,1911
1781829814061,1870
1781829814043,1865
1781829814045,1891
1781829814047,1919
1781829814049,1948
1781829814051,1980
1781829814053,1993
1781829814055,1972
1781829814057,1927
1781829814059,1869
1781829814061,1825
1781829814077,1813
1781829814079,1828
1781829814081,1849
1781829814083,1871
1781829814085,1897
1781829814087,1926
1781829814089,1950
1781829814091,1956
1781829814093,1957
1781829814095,1982
1781829814077,2067
1781829814079,2196
1781829814081,2344
1781829814083,2504
1781829814085,2666
1781829814087,2819
1781829814089,2938
1781829814091,3009
1781829814093,3041
1781829814095,3034
1781829814108,2992
1781829814110,2928
1781829814112,2836
1781829814114,2732
1781829814116,2636
1781829814118,2546
1781829814120,2422
1781829814122,2286
1781829814124,2167
1781829814126,2074
1781829814108,2020
1781829814110,2010
1781829814112,2011
1781829814114,2024
1781829814116,2033
1781829814118,2018
1781829814120,1989
1781829814122,1937
1781829814124,1879
1781829814126,1835
1781829814175,1822
1781829814177,1840
1781829814179,1869
1781829814181,1887
1781829814183,1904
1781829814185,1911
1781829814187,1902
1781829814189,1869
1781829814191,1816
1781829814193,1770
1781829814175,1760
1781829814177,1781
1781829814179,1810
1781829814181,1847
1781829814183,1880
1781829814185,1894
1781829814187,1885
1781829814189,1837
1781829814191,1771
1781829814193,1741
1781829814175,1754
1781829814177,1782
1781829814179,1821
1781829814181,1861
1781829814183,1892
1781829814185,1912
1781829814187,1909
1781829814189,1871
1781829814191,1826
1781829814193,1805
1781829814206,1806
1781829814208,1816
1781829814210,1833
1781829814212,1869
1781829814214,1909
1781829814216,1931
1781829814218,1920
1781829814220,1882
1781829814222,1841
1781829814224,1824
1781829814206,1826
1781829814208,1852
1781829814210,1892
1781829814212,1938
1781829814214,1991
1781829814216,2017
1781829814218,2002
1781829814220,1952
1781829814222,1902
1781829814224,1878
1781829814269,1888
1781829814271,1930
1781829814273,1981
1781829814275,2032
1781829814277,2077
1781829814279,2082
1781829814281,2059
1781829814283,2025
1781829814285,1998
1781829814287,1989
1781829814269,2006
1781829814271,2048
1781829814273,2095
1781829814275,2137
1781829814277,2183
1781829814279,2199
1781829814281,2178
1781829814283,2131
1781829814285,2092
1781829814287,2063
1781829814300,2062
1781829814302,2085
1781829814304,2113
1781829814306,2149
1781829814308,2181
1781829814310,2202
1781829814312,2204
1781829814314,2174
1781829814316,2139
1781829814318,2118
1781829814300,2129
1781829814302,2167
1781829814304,2210
1781829814306,2235
1781829814308,2257
1781829814310,2270
1781829814312,2251
1781829814314,2208
1781829814316,2147
1781829814318,2099
1781829814332,2096
1781829814334,2141
1781829814336,2194
1781829814338,2234
1781829814340,2262
1781829814342,2275
1781829814344,2256
1781829814346,2215
1781829814348,2184
1781829814350,2160
1781829814332,2153
1781829814334,2169
1781829814336,2201
1781829814338,2240
1781829814340,2267
1781829814342,2276
1781829814344,2252
1781829814346,2193
1781829814348,2134
1781829814350,2102
1781829814332,2095
1781829814334,2110
1781829814336,2142
1781829814338,2171
1781829814340,2202
1781829814342,2213
1781829814344,2196
1781829814346,2148
1781829814348,2102
1781829814350,2088
1781829814398,2094
1781829814400,2121
1781829814402,2154
1781829814404,2181
1781829814406,2205
1781829814408,2209
1781829814410,2203
1781829814412,2169
1781829814414,2139
1781829814416,2112
1781829814398,2112
1781829814400,2142
1781829814402,2180
1781829814404,2216
1781829814406,2247
1781829814408,2272
1781829814410,2255
1781829814412,2207
1781829814414,2166
1781829814416,2143
1781829814429,2144
1781829814431,2164
1781829814433,2208
1781829814435,2255
1781829814437,2283
1781829814439,2286
1781829814441,2263
1781829814443,2222
1781829814445,2181
1781829814447,2148
1781829814429,2148
1781829814431,2169
1781829814433,2200
1781829814435,2216
1781829814437,2239
1781829814439,2250
1781829814441,2242
1781829814443,2199
1781829814445,2160
1781829814447,2143
1781829814494,2150
1781829814496,2165
1781829814498,2184
1781829814500,2222
1781829814502,2245
1781829814504,2259
1781829814506,2249
1781829814508,2224
1781829814510,2184
1781829814512,2161
1781829814494,2162
1781829814496,2193
1781829814498,2230
1781829814500,2261
1781829814502,2291
1781829814504,2319
1781829814506,2308
1781829814508,2262
1781829814510,2199
1781829814512,2156
1781829814526,2152
1781829814528,2185
1781829814530,2215
1781829814532,2233
1781829814534,2251
1781829814536,2257
1781829814538,2238
1781829814540,2200
1781829814542,2161
1781829814544,2140
1781829814526,2147
1781829814528,2168
1781829814530,2202
1781829814532,2247
1781829814534,2282
1781829814536,2303
1781829814538,2298
1781829814540,2255
1781829814542,2206
1781829814544,2176
1781829814526,2174
1781829814528,2200
1781829814530,2243
1781829814532,2291
1781829814534,2325
1781829814536,2360
1781829814538,2365
1781829814540,2325
1781829814542,2281
1781829814544,2268
1781829814596,2281
1781829814598,2320
1781829814600,2364
1781829814602,2403
1781829814604,2441
1781829814606,2468
1781829814608,2471
1781829814610,2442
1781829814612,2403
1781829814614,2379
1781829814596,2387
1781829814598,2406
1781829814600,2436
1781829814602,2487
1781829814604,2514
1781829814606,2519
1781829814608,2496
1781829814610,2444
1781829814612,2382
1781829814614,2351
1781829814631,2342
1781829814633,2362
1781829814635,2390
1781829814637,2407
1781829814639,2444
1781829814641,2464
1781829814643,2443
1781829814645,2396
1781829814647,2340
1781829814649,2308
1781829814631,2303
1781829814633,2321
1781829814635,2351
1781829814637,2398
1781829814639,2432
1781829814641,2445
1781829814643,2425
1781829814645,2381
1781829814647,2336
1781829814649,2299
1781829814666,2294
1781829814668,2327
1781829814670,2378
1781829814672,2420
1781829814674,2448
1781829814676,2471
1781829814678,2449
1781829814680,2397
1781829814682,2356
1781829814684,2330
1781829814666,2337
1781829814668,2365
1781829814670,2398
1781829814672,2430
1781829814674,2452
1781829814676,2460
1781829814678,2444
1781829814680,2406
1781829814682,2353
1781829814684,2328
1781829814704,2327
1781829814706,2351
1781829814708,2384
1781829814710,2408
1781829814712,2414
1781829814714,2395
1781829814716,2359
1781829814718,2331
1781829814720,2305
1781829814722,2317
1781829814704,2352
1781829814706,2434
1781829814708,2544
1781829814710,2677
1781829814712,2819
1781829814714,2961
1781829814716,3086
1781829814718,3195
1781829814720,3271
1781829814722,3329
1781829814704,3398
1781829814706,3447
1781829814708,3442
1781829814710,3391
1781829814712,3306
1781829814714,3177
1781829814716,3018
1781829814718,2844
1781829814720,2688
1781829814722,2583
1781829814763,2523
1781829814765,2498
1781829814767,2482
1781829814769,2484
1781829814771,2496
1781829814773,2511
1781829814775,2503
1781829814777,2467
1781829814779,2426
1781829814781,2393
1781829814763,2386
1781829814765,2393
1781829814767,2421
1781829814769,2455
1781829814771,2487
1781829814773,2494
1781829814775,2478
1781829814777,2438
1781829814779,2382
1781829814781,2347
1781829814792,2346
1781829814794,2380
1781829814796,2434
1781829814798,2481
1781829814800,2507
1781829814802,2522
1781829814804,2523
1781829814806,2486
1781829814808,2443
1781829814810,2417
1781829814792,2426
1781829814794,2460
1781829814796,2499
1781829814798,2536
1781829814800,2567
1781829814802,2593
1781829814804,2600
1781829814806,2579
1781829814808,2541
1781829814810,2524
1781829814825,2543
1781829814827,2590
1781829814829,2629
1781829814831,2662
1781829814833,2697
1781829814835,2712
1781829814837,2721
1781829814839,2693
1781829814841,2629
1781829814843,2602
1781829814825,2605
1781829814827,2639
1781829814829,2687
1781829814831,2735
1781829814833,2770
1781829814835,2793
1781829814837,2797
1781829814839,2769
1781829814841,2732
1781829814843,2710
1781829814892,2716
1781829814894,2766
1781829814896,2829
1781829814898,2882
1781829814900,2908
1781829814902,2919
1781829814904,2898
1781829814906,2844
1781829814908,2787
1781829814910,2766
1781829814892,2790
1781829814894,2814
1781829814896,2868
1781829814898,2916
1781829814900,2960
1781829814902,2991
1781829814904,2995
1781829814906,2957
1781829814908,2908
1781829814910,2881
1781829814892,2882
1781829814894,2927
1781829814896,2983
1781829814898,3040
1781829814900,3072
1781829814902,3080
1781829814904,3069
1781829814906,3027
1781829814908,2985
1781829814910,2950
1781829814925,2959
1781829814927,2990
1781829814929,3042
1781829814931,3072
1781829814933,3115
1781829814935,3142
1781829814937,3144
1781829814939,3101
1781829814941,3043
1781829814943,2996
1781829814925,2983
1781829814927,2999
1781829814929,3024
1781829814931,3065
1781829814933,3106
1781829814935,3108
1781829814937,3070
1781829814939,3013
1781829814941,2949
1781829814943,2904
1781829814991,2904
1781829814993,2929
1781829814995,2967
1781829814997,3001
1781829814999,3031
1781829815001,3041
1781829815003,3014
1781829815005,2953
1781829815007,2892
1781829815009,2857
1781829814992,2853
1781829814994,2876
1781829814996,2898
1781829814998,2928
1781829815000,2958
1781829815002,2957
1781829815004,2915
1781829815006,2843
1781829815008,2774
1781829815010,2719
1781829815022,2689
1781829815024,2708
1781829815026,2745
1781829815028,2776
1781829815030,2808
1781829815032,2820
1781829815034,2797
1781829815036,2754
1781829815038,2706
1781829815040,2676
1781829815022,2673
1781829815024,2702
1781829815026,2739
1781829815028,2767
1781829815030,2787
1781829815032,2798
1781829815034,2790
1781829815036,2743
1781829815038,2688
1781829815040,2657
1781829815022,2650
1781829815024,2668
1781829815026,2703
1781829815028,2754
1781829815030,2800
1781829815032,2818
1781829815034,2786
1781829815036,2735
1781829815038,2678
1781829815040,2646
1781829815053,2642
1781829815055,2660
1781829815057,2694
1781829815059,2731
1781829815061,2763
1781829815063,2783
1781829815065,2763
1781829815067,2710
1781829815069,2651
1781829815071,2600
1781829815053,2591
1781829815055,2610
1781829815057,2646
1781829815059,2671
1781829815061,2689
1781829815063,2690
1781829815065,2659
1781829815067,2610
1781829815069,2555
1781829815071,2520
1781829815113,2513
1781829815115,2531
1781829815117,2569
1781829815119,2588
1781829815121,2612
1781829815123,2617
1781829815125,2595
1781829815127,2538
1781829815129,2490
1781829815131,2474
1781829815113,2478
1781829815115,2511
1781829815117,2546
1781829815119,2577
1781829815121,2599
1781829815123,2607
1781829815125,2580
1781829815127,2527
1781829815129,2479
1781829815131,2444
1781829815146,2436
1781829815148,2453
1781829815150,2481
1781829815152,2507
1781829815154,2540
1781829815156,2562
1781829815158,2542
1781829815160,2484
1781829815162,2436
1781829815164,2403
1781829815146,2402
1781829815148,2414
1781829815150,2438
1781829815152,2486
1781829815154,2527
1781829815156,2552
1781829815158,2556
1781829815160,2514
1781829815162,2446
1781829815164,2404
1781829815209,2389
1781829815211,2407
1781829815213,2421
1781829815215,2438
1781829815217,2443
1781829815219,2444
1781829815221,2410
1781829815223,2352
1781829815225,2296
1781829815227,2255
1781829815209,2246
1781829815211,2268
1781829815213,2299
1781829815215,2328
1781829815217,2351
1781829815219,2361
1781829815221,2351
1781829815223,2294
1781829815225,2230
1781829815227,2194
1781829815209,2180
1781829815211,2199
1781829815213,2227
1781829815215,2268
1781829815217,2290
1781829815219,2289
1781829815221,2271
1781829815223,2242
1781829815225,2211
1781829815227,2187
1781829815244,2178
1781829815246,2194
1781829815248,2220
1781829815250,2247
1781829815252,2275
1781829815254,2286
1781829815256,2268
1781829815258,2212
1781829815260,2149
1781829815262,2109
1781829815244,2099
1781829815246,2118
1781829815248,2140
1781829815250,2157
1781829815252,2175
1781829815254,2186
1781829815256,2159
1781829815258,2107
1781829815260,2041
1781829815262,1996
1781829815275,1982
1781829815277,1991
1781829815279,2018
1781829815281,2049
1781829815283,2100
1781829815285,2146
1781829815287,2169
1781829815289,2176
1781829815291,2193
1781829815293,2249
1781829815275,2350
1781829815277,2484
1781829815279,2643
1781829815281,2806
1781829815283,2945
1781829815285,3043
1781829815287,3071
1781829815289,3021
1781829815291,2942
1781829815293,2846
1781829815339,2754
1781829815341,2646
1781829815343,2552
1781829815345,2480
1781829815347,2409
1781829815349,2337
1781829815351,2253
1781829815353,2157
1781829815355,2069
1781829815357,1996
1781829815339,1961
1781829815341,1960
1781829815343,1972
1781829815345,1983
1781829815347,2000
1781829815349,1999
1781829815351,1980
1781829815353,1931
1781829815355,1871
1781829815357,1822
1781829815376,1809
1781829815378,1825
1781829815380,1852
1781829815382,1883
1781829815384,1916
1781829815386,1925
1781829815388,1903
1781829815390,1868
1781829815392,1826
1781829815394,1797
1781829815376,1796
1781829815378,1813
1781829815380,1839
1781829815382,1873
1781829815384,1892
1781829815386,1889
1781829815388,1857
1781829815390,1803
1781829815392,1759
1781829815394,1731
1781829815376,1725
1781829815378,1756
1781829815380,1803
1781829815382,1854
1781829815384,1893
1781829815386,1902
1781829815388,1885
1781829815390,1837
1781829815392,1773
1781829815394,1743
1781829815442,1726
1781829815444,1735
1781829815446,1771
1781829815448,1809
1781829815450,1841
1781829815452,1857
1781829815454,1845
1781829815456,1813
1781829815458,1783
1781829815460,1760
1781829815442,1757
1781829815444,1784
1781829815446,1823
1781829815448,1857
1781829815450,1881
1781829815452,1903
1781829815454,1906
1781829815456,1880
1781829815458,1846
1781829815460,1820
1781829815509,1820
1781829815511,1854
1781829815513,1903
1781829815515,1950
1781829815517,1981
1781829815519,1992
1781829815521,1975
1781829815523,1930
1781829815525,1890
1781829815527,1870
1781829815509,1882
1781829815511,1909
1781829815513,1952
1781829815515,1984
1781829815517,2011
1781829815519,2023
1781829815521,2008
1781829815523,1975
1781829815525,1944
1781829815527,1923
1781829815509,1924
1781829815511,1947
1781829815513,1972
1781829815515,2002
1781829815517,2029
1781829815519,2045
1781829815521,2031
1781829815523,1987
1781829815525,1942
1781829815527,1908
1781829815509,1910
1781829815511,1931
1781829815513,1957
1781829815515,1977
1781829815517,1985
1781829815519,1972
1781829815521,1936
1781829815523,1883
1781829815525,1824
1781829815527,1783
1781829815575,1770
1781829815577,1775
1781829815579,1802
1781829815581,1826
1781829815583,1841
1781829815585,1822
1781829815587,1786
1781829815589,1732
1781829815591,1667
1781829815593,1625
1781829815575,1603
1781829815577,1610
1781829815579,1627
1781829815581,1643
1781829815583,1652
1781829815585,1649
1781829815587,1622
1781829815589,1568
1781829815591,1508
1781829815593,1460
1781829815575,1440
1781829815577,1442
1781829815579,1459
1781829815581,1480
1781829815583,1505
1781829815585,1517
1781829815587,1502
1781829815589,1451
1781829815591,1400
1781829815593,1376
1781829815638,1373
1781829815640,1386
1781829815642,1416
1781829815644,1454
1781829815646,1494
1781829815648,1518
1781829815650,1518
1781829815652,1488
1781829815654,1440
1781829815656,1393
1781829815638,1390
1781829815640,1413
1781829815642,1442
1781829815644,1477
1781829815646,1504
1781829815648,1524
1781829815650,1518
1781829815652,1489
1781829815654,1445
1781829815656,1417
1781829815638,1421
1781829815640,1447
1781829815642,1492
1781829815644,1546
1781829815646,1588
1781829815648,1609
1781829815650,1598
1781829815652,1559
1781829815654,1508
1781829815656,1459
1781829815638,1428
1781829815640,1428
1781829815642,1445
1781829815644,1470
1781829815646,1494
1781829815648,1501
1781829815650,1479
1781829815652,1441
1781829815654,1394
1781829815656,1361
1781829815709,1362
1781829815711,1379
1781829815713,1422
1781829815715,1468
1781829815717,1505
1781829815719,1517
1781829815721,1503
1781829815723,1452
1781829815725,1401
1781829815727,1378
1781829815709,1369
1781829815711,1375
1781829815713,1394
1781829815715,1426
1781829815717,1455
1781829815719,1471
1781829815721,1464
1781829815723,1432
1781829815725,1384
1781829815727,1352
1781829815771,1349
1781829815773,1365
1781829815775,1381
1781829815777,1409
1781829815779,1437
1781829815781,1435
1781829815783,1412
1781829815785,1372
1781829815787,1325
1781829815789,1291
1781829815771,1291
1781829815773,1320
1781829815775,1366
1781829815777,1396
1781829815779,1409
1781829815781,1424
1781829815783,1426
1781829815785,1398
1781829815787,1361
1781829815789,1341
1781829815771,1352
1781829815773,1379
1781829815775,1410
1781829815777,1449
1781829815779,1481
1781829815781,1501
1781829815783,1491
1781829815785,1451
1781829815787,1412
1781829815789,1383
1781829815771,1378
1781829815773,1395
1781829815775,1423
1781829815777,1448
1781829815779,1464
1781829815781,1462
1781829815783,1436
1781829815785,1386
1781829815787,1334
1781829815789,1305
1781829815771,1300
1781829815773,1327
1781829815775,1376
1781829815777,1388
1781829815779,1376
1781829815781,1365
1781829815783,1348
1781829815785,1313
1781829815787,1265
1781829815789,1223
1781829815825,1218
1781829815827,1248
1781829815829,1284
1781829815831,1316
1781829815833,1340
1781829815835,1363
1781829815837,1357
1781829815839,1326
1781829815841,1285
1781829815843,1254
1781829815825,1245
1781829815827,1266
1781829815829,1293
1781829815831,1319
1781829815833,1350
1781829815835,1364
1781829815837,1357
1781829815839,1318
1781829815841,1271
1781829815843,1242
1781829815912,1238
1781829815914,1262
1781829815916,1292
1781829815918,1325
1781829815920,1355
1781829815922,1371
1781829815924,1369
1781829815926,1336
1781829815928,1293
1781829815930,1257
1781829815912,1246
1781829815914,1271
1781829815916,1314
1781829815918,1353
1781829815920,1373
1781829815922,1389
1781829815924,1377
1781829815926,1336
1781829815928,1301
1781829815930,1299
1781829815967,1326
1781829815969,1395
1781829815971,1495
1781829815973,1618
1781829815975,1751
1781829815977,1879
1781829815979,1994
1781829815981,2094
1781829815983,2188
1781829815985,2284
1781829815967,2375
1781829815969,2446
1781829815971,2496
1781829815973,2511
1781829815975,2483
1781829815977,2413
1781829815979,2293
1781829815981,2153
1781829815983,2009
1781829815985,1902
1781829815967,1834
1781829815969,1800
1781829815971,1787
1781829815973,1779
1781829815975,1778
1781829815977,1768
1781829815979,1732
1781829815981,1676
1781829815983,1625
1781829815985,1577
1781829815967,1553
1781829815969,1554
1781829815971,1560
1781829815973,1565
1781829815975,1573
1781829815977,1580
1781829815979,1566
1781829815981,1527
1781829815983,1475
1781829815985,1443
1781829816024,1443
1781829816026,1471
1781829816028,1508
1781829816030,1540
1781829816032,1566
1781829816034,1582
1781829816036,1559
1781829816038,1508
1781829816040,1464
1781829816042,1452
1781829816024,1462
1781829816026,1499
1781829816028,1537
1781829816030,1569
1781829816032,1595
1781829816034,1611
1781829816036,1600
1781829816038,1571
1781829816040,1535
1781829816042,1510
1781829816024,1502
1781829816026,1528
1781829816028,1569
1781829816030,1603
1781829816032,1623
1781829816034,1632
1781829816036,1615
1781829816038,1582
1781829816040,1540
1781829816042,1510
1781829816050,1511
1781829816052,1532
1781829816054,1572
1781829816056,1612
1781829816058,1643
1781829816060,1659
1781829816062,1647
1781829816064,1609
1781829816066,1570
1781829816068,1548
1781829816050,1565
1781829816052,1593
1781829816054,1617
1781829816056,1635
1781829816058,1650
1781829816060,1659
1781829816062,1654
1781829816064,1627
1781829816066,1599
1781829816068,1587
1781829816110,1605
1781829816112,1642
1781829816114,1680
1781829816116,1720
1781829816118,1770
1781829816120,1795
1781829816122,1774
1781829816124,1728
1781829816126,1684
1781829816128,1655
1781829816110,1652
1781829816112,1675
1781829816114,1714
1781829816116,1748
1781829816118,1776
1781829816120,1796
1781829816122,1788
1781829816124,1762
1781829816126,1721
1781829816128,1699
1781829816110,1688
1781829816112,1714
1781829816114,1751
1781829816116,1778
1781829816118,1807
1781829816120,1826
1781829816122,1809
1781829816124,1761
1781829816126,1706
1781829816128,1669
1781829816141,1657
1781829816143,1684
1781829816145,1708
1781829816147,1731
1781829816149,1742
1781829816151,1734
1781829816153,1692
1781829816155,1639
1781829816157,1582
1781829816159,1541
1781829816176,1526
1781829816178,1530
1781829816180,1548
1781829816182,1570
1781829816184,1578
1781829816186,1576
1781829816188,1556
1781829816190,1512
1781829816192,1461
1781829816194,1412
1781829816176,1397
1781829816178,1419
1781829816180,1444
1781829816182,1467
1781829816184,1488
1781829816186,1487
1781829816188,1460
1781829816190,1412
1781829816192,1360
1781829816194,1321
1781829816176,1312
1781829816178,1322
1781829816180,1340
1781829816182,1369
1781829816184,1397
1781829816186,1424
1781829816188,1416
1781829816190,1383
1781829816192,1344
1781829816194,1318
1781829816242,1316
1781829816244,1339
1781829816246,1365
1781829816248,1394
1781829816250,1411
1781829816252,1430
1781829816254,1427
1781829816256,1392
1781829816258,1345
1781829816260,1311
1781829816242,1316
1781829816244,1352
1781829816246,1397
1781829816248,1442
1781829816250,1477
1781829816252,1496
1781829816254,1492
1781829816256,1461
1781829816258,1429
1781829816260,1403
1781829816272,1405
1781829816274,1430
1781829816276,1466
1781829816278,1496
1781829816280,1525
1781829816282,1547
1781829816284,1529
1781829816286,1479
1781829816288,1432
1781829816290,1402
1781829816272,1403
1781829816274,1434
1781829816276,1472
1781829816278,1510
1781829816280,1540
1781829816282,1557
1781829816284,1555
1781829816286,1519
1781829816288,1477
1781829816290,1437
1781829816337,1428
1781829816339,1447
1781829816341,1480
1781829816343,1504
1781829816345,1533
1781829816347,1556
1781829816349,1549
1781829816351,1506
1781829816353,1455
1781829816355,1410
1781829816337,1403
1781829816339,1441
1781829816341,1480
1781829816343,1517
1781829816345,1554
1781829816347,1563
1781829816349,1544
1781829816351,1498
1781829816353,1445
1781829816355,1413
1781829816400,1419
1781829816402,1453
1781829816404,1495
1781829816406,1533
1781829816408,1570
1781829816410,1583
1781829816412,1573
1781829816414,1532
1781829816416,1493
1781829816418,1466
1781829816400,1466
1781829816402,1496
1781829816404,1522
1781829816406,1544
1781829816408,1566
1781829816410,1581
1781829816412,1586
1781829816414,1560
1781829816416,1512
1781829816418,1479
1781829816400,1482
1781829816402,1511
1781829816404,1552
1781829816406,1597
1781829816408,1634
1781829816410,1652
1781829816412,1653
1781829816414,1616
1781829816416,1568
1781829816418,1535
1781829816400,1525
1781829816402,1557
1781829816404,1596
1781829816406,1641
1781829816408,1681
1781829816410,1706
1781829816412,1705
1781829816414,1673
1781829816416,1628
1781829816418,1597
1781829816400,1589
1781829816402,1606
1781829816404,1629
1781829816406,1653
1781829816408,1677
1781829816410,1690
1781829816412,1677
1781829816414,1634
1781829816416,1582
1781829816418,1551
1781829816402,1544
1781829816404,1558
1781829816406,1574
1781829816408,1604
1781829816410,1630
1781829816412,1650
1781829816414,1655
1781829816416,1617
1781829816418,1564
1781829816420,1525
1781829816461,1525
1781829816463,1557
1781829816465,1596
1781829816467,1641
1781829816469,1674
1781829816471,1685
1781829816473,1659
1781829816475,1613
1781829816477,1566
1781829816479,1534
1781829816492,1524
1781829816494,1544
1781829816496,1572
1781829816498,1593
1781829816500,1625
1781829816502,1639
1781829816504,1639
1781829816506,1601
1781829816508,1559
1781829816510,1545
1781829816492,1558
1781829816494,1590
1781829816496,1631
1781829816498,1660
1781829816500,1683
1781829816502,1690
1781829816504,1679
1781829816506,1634
1781829816508,1578
1781829816510,1537
1781829816492,1520
1781829816494,1533
1781829816496,1549
1781829816498,1578
1781829816500,1612
1781829816502,1641
1781829816504,1658
1781829816506,1673
1781829816508,1699
1781829816510,1759
1781829816557,1853
1781829816559,1990
1781829816561,2151
1781829816563,2327
1781829816565,2497
1781829816567,2643
1781829816569,2738
1781829816571,2755
1781829816573,2713
1781829816575,2643
1781829816557,2575
1781829816559,2509
1781829816561,2432
1781829816563,2366
1781829816565,2304
1781829816567,2225
1781829816569,2137
1781829816571,2048
1781829816573,1964
1781829816575,1898
1781829816589,1864
1781829816591,1857
1781829816593,1864
1781829816595,1878
1781829816597,1882
1781829816599,1876
1781829816601,1843
1781829816603,1789
1781829816605,1734
1781829816607,1690
1781829816589,1667
1781829816591,1679
1781829816593,1693
1781829816595,1707
1781829816597,1731
1781829816599,1741
1781829816601,1722
1781829816603,1688
1781829816605,1650
1781829816607,1620
1781829816626,1605
1781829816628,1624
1781829816630,1657
1781829816632,1696
1781829816634,1739
1781829816636,1759
1781829816638,1756
1781829816640,1725
1781829816642,1677
1781829816644,1637
1781829816626,1628
1781829816628,1644
1781829816630,1679
1781829816632,1714
1781829816634,1752
1781829816636,1787
1781829816638,1792
1781829816640,1762
1781829816642,1716
1781829816644,1688
1781829816684,1685
1781829816686,1707
1781829816688,1748
1781829816690,1796
1781829816692,1842
1781829816694,1871
1781829816696,1872
1781829816698,1837
1781829816700,1794
1781829816702,1764
1781829816684,1762
1781829816686,1783
1781829816688,1820
1781829816690,1857
1781829816692,1888
1781829816694,1912
1781829816696,1926
1781829816698,1907
1781829816700,1882
1781829816702,1861
1781829816684,1859
1781829816686,1888
1781829816688,1936
1781829816690,1970
1781829816692,1986
1781829816694,2004
1781829816696,2012
1781829816698,1998
1781829816700,1958
1781829816702,1933
1781829816716,1944
1781829816718,1983
1781829816720,2018
1781829816722,2062
1781829816724,2104
1781829816726,2135
1781829816728,2135
1781829816730,2109
1781829816732,2074
1781829816734,2050
1781829816716,2049
1781829816718,2069
1781829816720,2088
1781829816722,2121
1781829816724,2155
1781829816726,2176
1781829816728,2182
1781829816730,2152
1781829816732,2105
1781829816734,2073
1781829816780,2057
1781829816782,2069
1781829816784,2098
1781829816786,2125
1781829816788,2149
1781829816790,2159
1781829816792,2130
1781829816794,2086
1781829816796,2028
1781829816798,1978
1781829816780,1955
1781829816782,1963
1781829816784,1978
1781829816786,1997
1781829816788,2010
1781829816790,2013
1781829816792,1993
1781829816794,1947
1781829816796,1877
1781829816798,1837
1781829816814,1815
1781829816816,1815
1781829816818,1824
1781829816820,1840
1781829816822,1858
1781829816824,1869
1781829816826,1853
1781829816828,1801
1781829816830,1735
1781829816832,1694
1781829816814,1682
1781829816816,1696
1781829816818,1726
1781829816820,1767
1781829816822,1805
1781829816824,1830
1781829816826,1822
1781829816828,1775
1781829816830,1713
1781829816832,1682
1781829816850,1688
1781829816852,1714
1781829816854,1741
1781829816856,1766
1781829816858,1794
1781829816860,1814
1781829816862,1808
1781829816864,1770
1781829816866,1711
1781829816868,1670
1781829816850,1658
1781829816852,1673
1781829816854,1699
1781829816856,1732
1781829816858,1759
1781829816860,1773
1781829816862,1760
1781829816864,1733
1781829816866,1703
1781829816868,1679
1781829816850,1687
1781829816852,1723
1781829816854,1763
1781829816856,1798
1781829816858,1824
1781829816860,1837
1781829816862,1827
1781829816864,1788
1781829816866,1744
1781829816868,1718
1781829816908,1700
1781829816910,1704
1781829816912,1731
1781829816914,1775
1781829816916,1817
1781829816918,1834
1781829816920,1824
1781829816922,1788
1781829816924,1740
1781829816926,1702
1781829816908,1698
1781829816910,1720
1781829816912,1752
1781829816914,1788
1781829816916,1825
1781829816918,1852
1781829816920,1856
1781829816922,1817
1781829816924,1769
1781829816926,1741
1781829816940,1740
1781829816942,1754
1781829816944,1777
1781829816946,1808
1781829816948,1831
1781829816950,1839
1781829816952,1830
1781829816954,1788
1781829816956,1723
1781829816958,1686
1781829816940,1684
1781829816942,1720
1781829816944,1767
1781829816946,1806
1781829816948,1838
1781829816950,1861
1781829816952,1850
1781829816954,1812
1781829816956,1758
1781829816958,1708
1781829817007,1697
1781829817009,1720
1781829817011,1764
1781829817013,1807
1781829817015,1837
1781829817017,1849
1781829817019,1844
1781829817021,1813
1781829817023,1765
1781829817025,1725
1781829817007,1708
1781829817009,1719
1781829817011,1752
1781829817013,1794
1781829817015,1833
1781829817017,1858
1781829817019,1855
1781829817021,1817
1781829817023,1773
1781829817025,1746
1781829817040,1749
1781829817042,1773
1781829817044,1806
1781829817046,1839
1781829817048,1874
1781829817050,1896
1781829817052,1900
1781829817054,1869
1781829817056,1825
1781829817058,1810
1781829817040,1806
1781829817042,1827
1781829817044,1858
1781829817046,1893
1781829817048,1916
1781829817050,1943
1781829817052,1954
1781829817054,1931
1781829817056,1889
1781829817058,1855
1781829817040,1855
1781829817042,1887
1781829817044,1931
1781829817046,1967
1781829817048,1995
1781829817050,2009
1781829817052,2012
1781829817054,1979
1781829817056,1934
1781829817058,1888
1781829817075,1876
1781829817077,1891
1781829817079,1908
1781829817081,1929
1781829817083,1948
1781829817085,1963
1781829817087,1965
1781829817089,1921
1781829817091,1864
1781829817093,1809
1781829817075,1788
1781829817077,1810
1781829817079,1844
1781829817081,1878
1781829817083,1901
1781829817085,1907
1781829817087,1902
1781829817089,1876
1781829817091,1838
1781829817093,1810
1781829817136,1793
1781829817138,1795
1781829817140,1830
1781829817142,1868
1781829817144,1896
1781829817146,1911
1781829817148,1902
1781829817150,1865
1781829817152,1809
1781829817154,1772
1781829817136,1769
1781829817138,1789
1781829817140,1823
1781829817142,1857
1781829817144,1888
1781829817146,1911
1781829817148,1897
1781829817150,1852
1781829817152,1802
1781829817154,1772
1781829817165,1766
1781829817167,1782
1781829817169,1807
1781829817171,1839
1781829817173,1872
1781829817175,1888
1781829817177,1883
1781829817179,1839
1781829817181,1776
1781829817183,1725
1781829817165,1697
1781829817167,1704
1781829817169,1718
1781829817171,1741
1781829817173,1777
1781829817175,1806
1781829817177,1815
1781829817179,1808
1781829817181,1791
1781829817183,1813
1781829817229,1882
1781829817231,2004
1781829817233,2150
1781829817235,2298
1781829817237,2462
1781829817239,2618
1781829817241,2766
1781829817243,2863
1781829817245,2901
1781829817247,2895
1781829817229,2879
1781829817231,2855
1781829817233,2796
1781829817235,2734
1781829817237,2665
1781829817239,2579
1781829817241,2473
1781829817243,2347
1781829817245,2236
1781829817247,2149
1781829817229,2100
1781829817231,2084
1781829817233,2077
1781829817235,2081
1781829817237,2086
1781829817239,2075
1781829817241,2042
1781829817243,1987
1781829817245,1926
1781829817247,1883
1781829817260,1878
1781829817262,1891
1781829817264,1917
1781829817266,1940
1781829817268,1967
1781829817270,1982
1781829817272,1975
1781829817274,1939
1781829817276,1892
1781829817278,1847
1781829817260,1827
1781829817262,1846
1781829817264,1874
1781829817266,1906
1781829817268,1945
1781829817270,1981
1781829817272,1985
1781829817274,1962
1781829817276,1910
1781829817278,1870
1781829817324,1858
1781829817326,1873
1781829817328,1909
1781829817330,1960
1781829817332,2007
1781829817334,2032
1781829817336,2033
1781829817338,1999
1781829817340,1953
1781829817342,1917
1781829817324,1906
1781829817326,1920
1781829817328,1948
1781829817330,1988
1781829817332,2019
1781829817334,2040
1781829817336,2048
1781829817338,2020
1781829817340,1971
1781829817342,1930
1781829817356,1925
1781829817358,1956
1781829817360,2006
1781829817362,2060
1781829817364,2107
1781829817366,2125
1781829817368,2107
1781829817370,2071
1781829817372,2024
1781829817374,1997
1781829817356,1994
1781829817358,2026
1781829817360,2070
1781829817362,2111
1781829817364,2149
1781829817366,2182
1781829817368,2194
1781829817370,2176
1781829817372,2147
1781829817374,2121
1781829817391,2121
1781829817393,2148
1781829817395,2177
1781829817397,2210
1781829817399,2237
1781829817401,2254
1781829817403,2254
1781829817405,2233
1781829817407,2189
1781829817409,2160
1781829817391,2158
1781829817393,2177
1781829817395,2205
1781829817397,2241
1781829817399,2275
1781829817401,2297
1781829817403,2288
1781829817405,2248
1781829817407,2202
1781829817409,2174
1781829817391,2165
1781829817393,2182
1781829817395,2209
1781829817397,2241
1781829817399,2273
1781829817401,2282
1781829817403,2261
1781829817405,2218
1781829817407,2161
1781829817409,2115
1781829817457,2099
1781829817459,2103
1781829817461,2119
1781829817463,2141
1781829817465,2146
1781829817467,2154
1781829817469,2138
1781829817471,2092
1781829817473,2023
1781829817475,1977
1781829817457,1960
1781829817459,1972
1781829817461,1996
1781829817463,2026
1781829817465,2051
1781829817467,2048
1781829817469,2026
1781829817471,1975
1781829817473,1911
1781829817475,1861
1781829817485,1850
1781829817487,1856
1781829817489,1870
1781829817491,1896
1781829817493,1929
1781829817495,1939
1781829817497,1927
1781829817499,1886
1781829817501,1831
1781829817503,1782
1781829817485,1753
1781829817487,1761
1781829817489,1788
1781829817491,1832
1781829817493,1869
1781829817495,1885
1781829817497,1876
1781829817499,1825
1781829817501,1759
1781829817503,1721
1781829817549,1721
1781829817551,1747
1781829817553,1784
1781829817555,1826
1781829817557,1852
1781829817559,1871
1781829817561,1868
1781829817563,1828
1781829817565,1768
1781829817567,1748
1781829817549,1741
1781829817551,1759
1781829817553,1785
1781829817555,1815
1781829817557,1843
1781829817559,1876
1781829817561,1882
1781829817563,1847
1781829817565,1790
1781829817567,1754
1781829817580,1748
1781829817582,1766
1781829817584,1796
1781829817586,1817
1781829817588,1841
1781829817590,1854
1781829817592,1846
1781829817594,1818
1781829817596,1776
1781829817598,1744
1781829817580,1742
1781829817582,1770
1781829817584,1812
1781829817586,1859
1781829817588,1900
1781829817590,1917
1781829817592,1907
1781829817594,1867
1781829817596,1817
1781829817598,1781
1781829817580,1765
1781829817582,1782
1781829817584,1816
1781829817586,1876
1781829817588,1912
1781829817590,1938
1781829817592,1929
1781829817594,1888
1781829817596,1831
1781829817598,1784
1781829817617,1767
1781829817619,1778
1781829817621,1809
1781829817623,1839
1781829817625,1868
1781829817627,1883
1781829817629,1886
1781829817631,1864
1781829817633,1826
1781829817635,1792
1781829817617,1774
1781829817619,1782
1781829817621,1822
1781829817623,1853
1781829817625,1889
1781829817627,1908
1781829817629,1906
1781829817631,1870
1781829817633,1818
1781829817635,1771
1781829817676,1757
1781829817678,1782
1781829817680,1829
1781829817682,1877
1781829817684,1917
1781829817686,1943
1781829817688,1938
1781829817690,1898
1781829817692,1846
1781829817694,1800
1781829817676,1787
1781829817678,1809
1781829817680,1839
1781829817682,1876
1781829817684,1903
1781829817686,1925
1781829817688,1930
1781829817690,1900
1781829817692,1860
1781829817694,1829
1781829817709,1824
1781829817711,1845
1781829817713,1876
1781829817715,1909
1781829817717,1944
1781829817719,1962
1781829817721,1958
1781829817723,1915
1781829817725,1868
1781829817727,1830
1781829817709,1816
1781829817711,1838
1781829817713,1879
1781829817715,1926
1781829817717,1968
1781829817719,1996
1781829817721,2005
1781829817723,1965
1781829817725,1900
1781829817727,1853
1781829817769,1845
1781829817771,1882
1781829817773,1930
1781829817775,1964
1781829817777,1990
1781829817779,2016
1781829817781,2020
1781829817783,1999
1781829817785,1954
1781829817787,1908
1781829817769,1885
1781829817771,1905
1781829817773,1942
1781829817775,1986
1781829817777,2030
1781829817779,2044
1781829817781,2047
1781829817783,2024
1781829817785,1983
1781829817787,1944
1781829817769,1930
1781829817771,1942
1781829817773,1974
1781829817775,2003
1781829817777,2030
1781829817779,2044
1781829817781,2034
1781829817783,2008
1781829817785,1958
1781829817787,1912
1781829817798,1905
1781829817800,1927
1781829817802,1948
1781829817804,1974
1781829817806,1997
1781829817808,1989
1781829817810,1969
1781829817812,1933
1781829817814,1891
1781829817816,1854
1781829817798,1844
1781829817800,1861
1781829817802,1892
1781829817804,1914
1781829817806,1943
1781829817808,1964
1781829817810,1966
1781829817812,1940
1781829817814,1895
1781829817816,1858
1781829817857,1845
1781829817859,1862
1781829817861,1895
1781829817863,1929
1781829817865,1964
1781829817867,1970
1781829817869,1967
1781829817871,1942
1781829817873,1890
1781829817875,1841
1781829817857,1829
1781829817859,1841
1781829817861,1872
1781829817863,1910
1781829817865,1943
1781829817867,1965
1781829817869,1976
1781829817871,1956
1781829817873,1896
1781829817875,1848
1781829817912,1819
1781829817914,1820
1781829817916,1835
1781829817918,1860
1781829817920,1897
1781829817922,1935
1781829817924,1953
1781829817926,1946
1781829817928,1932
1781829817930,1944
1781829817912,2003
1781829817914,2112
1781829817916,2249
1781829817918,2412
1781829817920,2593
1781829817922,2767
1781829817924,2908
1781829817926,3004
1781829817928,3028
1781829817930,3022
1781829817912,3008
1781829817914,2979
1781829817916,2937
1781829817918,2866
1781829817920,2782
1781829817922,2690
1781829817924,2586
1781829817926,2464
1781829817928,2336
1781829817930,2222
1781829817974,2143
1781829817976,2111
1781829817978,2097
1781829817980,2102
1781829817982,2112
1781829817984,2109
1781829817986,2083
1781829817988,2033
1781829817990,1974
1781829817992,1932
1781829817974,1912
1781829817976,1914
1781829817978,1946
1781829817980,1975
1781829817982,1999
1781829817984,2018
1781829817986,2017
1781829817988,1980
1781829817990,1921
1781829817992,1891
1781829818036,1876
1781829818038,1890
1781829818040,1927
1781829818042,1965
1781829818044,1998
1781829818046,2025
1781829818048,2025
1781829818050,1985
1781829818052,1936
1781829818054,1900
1781829818036,1895
1781829818038,1913
1781829818040,1942
1781829818042,1968
1781829818044,2004
1781829818046,2039
1781829818048,2042
1781829818050,2017
1781829818052,1965
1781829818054,1925
1781829818037,1909
1781829818039,1935
1781829818041,1973
1781829818043,2018
1781829818045,2043
1781829818047,2056
1781829818049,2048
1781829818051,2001
1781829818053,1952
1781829818055,1918
1781829818037,1908
1781829818039,1936
1781829818041,1977
1781829818043,2020
1781829818045,2055
1781829818047,2069
1781829818049,2074
1781829818051,2051
1781829818053,1998
1781829818055,1973
1781829818094,1964
1781829818096,1983
1781829818098,2018
1781829818100,2061
1781829818102,2121
1781829818104,2166
1781829818106,2175
1781829818108,2153
1781829818110,2118
1781829818112,2088
1781829818094,2081
1781829818096,2100
1781829818098,2143
1781829818100,2182
1781829818102,2223
1781829818104,2262
1781829818106,2276
1781829818108,2260
1781829818110,2204
1781829818112,2162
1781829818094,2150
1781829818096,2168
1781829818098,2214
1781829818100,2256
1781829818102,2289
1781829818104,2299
1781829818106,2287
1781829818108,2254
1781829818110,2201
1781829818112,2162
1781829818124,2143
1781829818126,2156
1781829818128,2189
1781829818130,2230
1781829818132,2269
1781829818134,2285
1781829818136,2285
1781829818138,2242
1781829818140,2195
1781829818142,2146
1781829818124,2111
1781829818126,2099
1781829818128,2126
1781829818130,2145
1781829818132,2167
1781829818134,2187
1781829818136,2187
1781829818138,2147
1781829818140,2088
1781829818142,2030
1781829818186,2000
1781829818188,2014
1781829818190,2042
1781829818192,2064
1781829818194,2077
1781829818196,2081
1781829818198,2068
1781829818200,2018
1781829818202,1954
1781829818204,1900
1781829818186,1873
1781829818188,1882
1781829818190,1901
1781829818192,1922
1781829818194,1951
1781829818196,1965
1781829818198,1964
1781829818200,1939
1781829818202,1892
1781829818204,1855
1781829818219,1835
1781829818221,1841
1781829818223,1855
1781829818225,1871
1781829818227,1889
1781829818229,1904
1781829818231,1892
1781829818233,1855
1781829818235,1809
1781829818237,1773
1781829818219,1767
1781829818221,1787
1781829818223,1818
1781829818225,1860
1781829818227,1909
1781829818229,1937
1781829818231,1935
1781829818233,1899
1781829818235,1845
1781829818237,1795
1781829818246,1764
1781829818248,1785
1781829818250,1830
1781829818252,1872
1781829818254,1903
1781829818256,1916
1781829818258,1909
1781829818260,1876
1781829818262,1820
1781829818264,1770
1781829818246,1751
1781829818248,1771
1781829818250,1818
1781829818252,1875
1781829818254,1912
1781829818256,1922
1781829818258,1924
1781829818260,1895
1781829818262,1847
1781829818264,1802
1781829818246,1788
1781829818248,1807
1781829818250,1836
1781829818252,1875
1781829818254,1896
1781829818256,1909
1781829818258,1910
1781829818260,1878
1781829818262,1833
1781829818264,1802
1781829818300,1788
1781829818302,1798
1781829818304,1831
1781829818306,1869
1781829818308,1915
1781829818310,1947
1781829818312,1942
1781829818314,1905
1781829818316,1856
1781829818318,1815
1781829818300,1807
1781829818302,1827
1781829818304,1864
1781829818306,1906
1781829818308,1943
1781829818310,1955
1781829818312,1948
1781829818314,1914
1781829818316,1877
1781829818318,1839
1781829818353,1824
1781829818355,1831
1781829818357,1856
1781829818359,1889
1781829818361,1917
1781829818363,1937
1781829818365,1938
1781829818367,1910
1781829818369,1867
1781829818371,1828
1781829818353,1809
1781829818355,1819
1781829818357,1845
1781829818359,1886
1781829818361,1932
1781829818363,1965
1781829818365,1969
1781829818367,1935
1781829818369,1887
1781829818371,1850
1781829818407,1832
1781829818409,1847
1781829818411,1877
1781829818413,1915
1781829818415,1950
1781829818417,1967
1781829818419,1958
1781829818421,1927
1781829818423,1875
1781829818425,1844
1781829818407,1839
1781829818409,1866
1781829818411,1902
1781829818413,1944
1781829818415,1992
1781829818417,2020
1781829818419,2007
1781829818421,1967
1781829818423,1915
1781829818425,1882
1781829818433,1875
1781829818435,1885
1781829818437,1916
1781829818439,1960
1781829818441,1988
1781829818443,2011
1781829818445,2019
1781829818447,2005
1781829818449,1968
1781829818451,1942
1781829818433,1939
1781829818435,1950
1781829818437,1985
1781829818439,2017
1781829818441,2049
1781829818443,2082
1781829818445,2088
1781829818447,2069
1781829818449,2025
1781829818451,1987
1781829818433,1969
1781829818435,1977
1781829818437,2001
1781829818439,2025
1781829818441,2048
1781829818443,2046
1781829818445,2018
1781829818447,1966
1781829818449,1909
1781829818451,1855
1781829818486,1833
1781829818488,1833
1781829818490,1852
1781829818492,1884
1781829818494,1922
1781829818496,1951
1781829818498,1951
1781829818500,1918
1781829818502,1872
1781829818504,1835
1781829818486,1817
1781829818488,1820
1781829818490,1843
1781829818492,1874
1781829818494,1902
1781829818496,1921
1781829818498,1924
1781829818500,1898
1781829818502,1849
1781829818504,1807
1781829818515,1791
1781829818517,1801
1781829818519,1826
1781829818521,1868
1781829818523,1911
1781829818525,1936
1781829818527,1934
1781829818529,1903
1781829818531,1840
1781829818533,1775
1781829818515,1743
1781829818517,1748
1781829818519,1769
1781829818521,1798
1781829818523,1821
1781829818525,1843
1781829818527,1851
1781829818529,1824
1781829818531,1778
1781829818533,1731
1781829818578,1691
1781829818580,1695
1781829818582,1720
1781829818584,1746
1781829818586,1778
1781829818588,1796
1781829818590,1796
1781829818592,1764
1781829818594,1720
1781829818596,1689
1781829818578,1701
1781829818580,1768
1781829818582,1867
1781829818584,1993
1781829818586,2142
1781829818588,2288
1781829818590,2428
1781829818592,2533
1781829818594,2614
1781829818596,2681
1781829818610,2746
1781829818612,2802
1781829818614,2835
1781829818616,2840
1781829818618,2802
1781829818620,2725
1781829818622,2602
1781829818624,2446
1781829818626,2281
1781829818628,2133
1781829818610,2040
1781829818612,1994
1781829818614,1974
1781829818616,1965
1781829818618,1969
1781829818620,1971
1781829818622,1963
1781829818624,1921
1781829818626,1864
1781829818628,1820
1781829818610,1799
1781829818612,1814
1781829818614,1843
1781829818616,1876
1781829818618,1909
1781829818620,1944
1781829818622,1962
1781829818624,1938
1781829818626,1882
1781829818628,1841
1781829818674,1831
1781829818676,1848
1781829818678,1878
1781829818680,1919
1781829818682,1961
1781829818684,1988
1781829818686,1988
1781829818688,1950
1781829818690,1900
1781829818692,1858
1781829818674,1847
1781829818676,1874
1781829818678,1909
1781829818680,1950
1781829818682,1996
1781829818684,2030
1781829818686,2038
1781829818688,2003
1781829818690,1953
1781829818692,1912
1781829818706,1901
1781829818708,1936
1781829818710,1973
1781829818712,2012
1781829818714,2050
1781829818716,2076
1781829818718,2090
1781829818720,2080
1781829818722,2045
1781829818724,1992
1781829818706,1966
1781829818708,1981
1781829818710,2018
1781829818712,2073
1781829818714,2121
1781829818716,2149
1781829818718,2154
1781829818720,2127
1781829818722,2081
1781829818724,2043
1781829818740,2035
1781829818742,2049
1781829818744,2089
1781829818746,2136
1781829818748,2181
1781829818750,2211
1781829818752,2220
1781829818754,2197
1781829818756,2160
1781829818758,2129
1781829818740,2129
1781829818742,2154
1781829818744,2195
1781829818746,2242
1781829818748,2286
1781829818750,2313
1781829818752,2324
1781829818754,2307
1781829818756,2259
1781829818758,2213
1781829818807,2193
1781829818809,2209
1781829818811,2247
1781829818813,2286
1781829818815,2330
1781829818817,2364
1781829818819,2369
1781829818821,2352
1781829818823,2311
1781829818825,2258
1781829818807,2231
1781829818809,2235
1781829818811,2267
1781829818813,2303
1781829818815,2330
1781829818817,2350
1781829818819,2352
1781829818821,2311
1781829818823,2268
1781829818825,2219
1781829818807,2192
1781829818809,2198
1781829818811,2211
1781829818813,2241
1781829818815,2266
1781829818817,2277
1781829818819,2266
1781829818821,2219
1781829818823,2150
1781829818825,2091
1781829818869,2067
1781829818871,2063
1781829818873,2082
1781829818875,2109
1781829818877,2128
1781829818879,2139
1781829818881,2133
1781829818883,2085
1781829818885,2014
1781829818887,1958
1781829818898,1930
1781829818900,1931
1781829818902,1946
1781829818904,1970
1781829818906,1989
1781829818908,1999
1781829818910,1979
1781829818912,1927
1781829818914,1873
1781829818916,1837
1781829818898,1819
1781829818900,1827
1781829818902,1856
1781829818904,1881
1781829818906,1905
1781829818908,1925
1781829818910,1922
1781829818912,1881
1781829818914,1821
1781829818916,1766
1781829818898,1735
1781829818900,1751
1781829818902,1793
1781829818904,1830
1781829818906,1866
1781829818908,1889
1781829818910,1892
1781829818912,1860
1781829818914,1808
1781829818916,1757
1781829818957,1727
1781829818959,1734
1781829818961,1761
1781829818963,1805
1781829818965,1845
1781829818967,1878
1781829818969,1883
1781829818971,1861
1781829818973,1820
1781829818975,1775
1781829818957,1740
1781829818959,1737
1781829818961,1762
1781829818963,1796
1781829818965,1833
1781829818967,1867
1781829818969,1881
1781829818971,1857
1781829818973,1802
1781829818975,1753
1781829818990,1733
1781829818992,1755
1781829818994,1793
1781829818996,1830
1781829818998,1859
1781829819000,1884
1781829819002,1895
1781829819004,1865
1781829819006,1815
1781829819008,1777
1781829818990,1762
1781829818992,1772
1781829818994,1809
1781829818996,1848
1781829818998,1890
1781829819000,1913
1781829819002,1915
1781829819004,1894
1781829819006,1849
1781829819008,1818
1781829818990,1798
1781829818992,1813
1781829818994,1845
1781829818996,1872
1781829818998,1899
1781829819000,1923
1781829819002,1923
1781829819004,1892
1781829819006,1846
1781829819008,1799
1781829819024,1773
1781829819026,1766
1781829819028,1787
1781829819030,1828
1781829819032,1863
1781829819034,1891
1781829819036,1901
1781829819038,1883
1781829819040,1827
1781829819042,1776
1781829819055,1753
1781829819057,1767
1781829819059,1816
1781829819061,1868
1781829819063,1916
1781829819065,1947
1781829819067,1948
1781829819069,1915
1781829819071,1852
1781829819073,1807
1781829819055,1780
1781829819057,1788
1781829819059,1820
1781829819061,1866
1781829819063,1915
1781829819065,1946
1781829819067,1954
1781829819069,1938
1781829819071,1894
1781829819073,1857
1781829819055,1837
1781829819057,1853
1781829819059,1891
1781829819061,1936
1781829819063,1988
1781829819065,2029
1781829819067,2052
1781829819069,2033
1781829819071,1995
1781829819073,1966
1781829819115,1950
1781829819117,1955
1781829819119,1980
1781829819121,2004
1781829819123,2038
1781829819125,2073
1781829819127,2089
1781829819129,2061
1781829819131,2020
1781829819133,1976
1781829819115,1959
1781829819117,1970
1781829819119,2011
1781829819121,2060
1781829819123,2084
1781829819125,2090
1781829819127,2084
1781829819129,2043
1781829819131,1988
1781829819133,1938
1781829819148,1911
1781829819150,1914
1781829819152,1941
1781829819154,1973
1781829819156,2004
1781829819158,2028
1781829819160,2028
1781829819162,1999
1781829819164,1954
1781829819166,1897
1781829819148,1876
1781829819150,1887
1781829819152,1908
1781829819154,1935
1781829819156,1952
1781829819158,1965
1781829819160,1965
1781829819162,1936
1781829819164,1897
1781829819166,1865
1781829819212,1850
1781829819214,1859
1781829819216,1892
1781829819218,1923
1781829819220,1952
1781829819222,1965
1781829819224,1963
1781829819226,1933
1781829819228,1877
1781829819230,1828
1781829819212,1808
1781829819214,1818
1781829819216,1847
1781829819218,1884
1781829819220,1917
1781829819222,1933
1781829819224,1932
1781829819226,1891
1781829819228,1837
1781829819230,1793
1781829819243,1769
1781829819245,1772
1781829819247,1789
1781829819249,1816
1781829819251,1827
1781829819253,1830
1781829819255,1829
1781829819257,1801
1781829819259,1757
1781829819261,1711
1781829819243,1709
1781829819245,1777
1781829819247,1877
1781829819249,2009
1781829819251,2150
1781829819253,2293
1781829819255,2443
1781829819257,2567
1781829819259,2666
1781829819261,2745
1781829819243,2798
1781829819245,2845
1781829819247,2859
1781829819249,2845
1781829819251,2803
1781829819253,2728
1781829819255,2622
1781829819257,2497
1781829819259,2358
1781829819261,2234
1781829819309,2145
1781829819311,2107
1781829819313,2079
1781829819315,2065
1781829819317,2059
1781829819319,2052
1781829819321,2031
1781829819323,1982
1781829819325,1904
1781829819327,1828
1781829819309,1768
1781829819311,1762
1781829819313,1780
1781829819315,1811
1781829819317,1837
1781829819319,1866
1781829819321,1878
1781829819323,1847
1781829819325,1790
1781829819327,1735
1781829819339,1707
1781829819341,1710
1781829819343,1737
1781829819345,1765
1781829819347,1801
1781829819349,1832
1781829819351,1847
1781829819353,1825
1781829819355,1785
1781829819357,1743
1781829819339,1727
1781829819341,1742
1781829819343,1773
1781829819345,1820
1781829819347,1860
1781829819349,1893
1781829819351,1909
1781829819353,1900
1781829819355,1855
1781829819357,1815
1781829819408,1791
1781829819410,1792
1781829819412,1819
1781829819414,1860
1781829819416,1906
1781829819418,1945
1781829819420,1962
1781829819422,1943
1781829819424,1883
1781829819426,1843
1781829819408,1827
1781829819410,1839
1781829819412,1879
1781829819414,1933
1781829819416,1975
1781829819418,2008
1781829819420,2022
1781829819422,1997
1781829819424,1947
1781829819426,1905
1781829819408,1892
1781829819410,1914
1781829819412,1956
1781829819414,2010
1781829819416,2055
1781829819418,2089
1781829819420,2113
1781829819422,2093
1781829819424,2038
1781829819426,2003
1781829819478,2003
1781829819480,2023
1781829819482,2057
1781829819484,2087
1781829819486,2120
1781829819488,2156
1781829819490,2177
1781829819492,2176
1781829819494,2148
1781829819496,2110
1781829819478,2093
1781829819480,2110
1781829819482,2159
1781829819484,2201
1781829819486,2239
1781829819488,2264
1781829819490,2269
1781829819492,2249
1781829819494,2200
1781829819496,2149
1781829819478,2124
1781829819480,2118
1781829819482,2146
1781829819484,2183
1781829819486,2220
1781829819488,2254
1781829819490,2281
1781829819492,2259
1781829819494,2202
1781829819496,2144
1781829819478,2108
1781829819480,2122
1781829819482,2138
1781829819484,2156
1781829819486,2184
1781829819488,2197
1781829819490,2189
1781829819492,2146
1781829819494,2082
1781829819496,2021
1781829819513,1980
1781829819515,1973
1781829819517,1985
1781829819519,2006
1781829819521,2028
1781829819523,2044
1781829819525,2048
1781829819527,2018
1781829819529,1962
1781829819531,1886
1781829819513,1837
1781829819515,1829
1781829819517,1838
1781829819519,1856
1781829819521,1881
1781829819523,1893
1781829819525,1881
1781829819527,1845
1781829819529,1801
1781829819531,1765
1781829819591,1745
1781829819593,1741
1781829819595,1756
1781829819597,1778
1781829819599,1800
1781829819601,1813
1781829819603,1822
1781829819605,1796
1781829819607,1751
1781829819609,1700
1781829819591,1674
1781829819593,1686
1781829819595,1721
1781829819597,1761
1781829819599,1806
1781829819601,1834
1781829819603,1823
1781829819605,1778
1781829819607,1720
1781829819609,1667
1781829819591,1639
1781829819593,1656
1781829819595,1694
1781829819597,1735
1781829819599,1760
1781829819601,1783
1781829819603,1793
1781829819605,1781
1781829819607,1734
1781829819609,1681
1781829819627,1654
1781829819629,1665
1781829819631,1688
1781829819633,1723
1781829819635,1762
1781829819637,1795
1781829819639,1811
1781829819641,1783
1781829819643,1739
1781829819645,1691
1781829819627,1658
1781829819629,1661
1781829819631,1687
1781829819633,1714
1781829819635,1751
1781829819637,1778
1781829819639,1797
1781829819641,1773
1781829819643,1721
1781829819645,1664
1781829819704,1640
1781829819706,1651
1781829819708,1684
1781829819710,1713
1781829819712,1738
1781829819714,1769
1781829819716,1791
1781829819718,1782
1781829819720,1747
1781829819722,1703
1781829819704,1681
1781829819706,1699
1781829819708,1736
1781829819710,1777
1781829819712,1818
1781829819714,1851
1781829819716,1866
1781829819718,1848
1781829819720,1798
1781829819722,1762
1781829819704,1732
1781829819706,1732
1781829819708,1743
1781829819710,1774
1781829819712,1806
1781829819714,1836
1781829819716,1855
1781829819718,1835
1781829819720,1792
1781829819722,1747
1781829819704,1722
1781829819706,1733
1781829819708,1763
1781829819710,1792
1781829819712,1826
1781829819714,1843
1781829819716,1849
1781829819718,1831
1781829819720,1784
1781829819722,1743
1781829819779,1712
1781829819781,1716
1781829819783,1754
1781829819785,1797
1781829819787,1828
1781829819789,1851
1781829819791,1867
1781829819793,1860
1781829819795,1821
1781829819797,1776
1781829819779,1765
1781829819781,1775
1781829819783,1807
1781829819785,1853
1781829819787,1890
1781829819789,1914
1781829819791,1927
1781829819793,1909
1781829819795,1868
1781829819797,1828
1781829819779,1817
1781829819781,1829
1781829819783,1872
1781829819785,1920
1781829819787,1969
1781829819789,2007
1781829819791,2022
1781829819793,1999
1781829819795,1943
1781829819797,1899
1781829819779,1883
1781829819781,1896
1781829819783,1934
1781829819785,1978
1781829819787,2020
1781829819789,2056
1781829819791,2061
1781829819793,2018
1781829819795,1953
1781829819797,1895
1781829819779,1862
1781829819781,1857
1781829819783,1875
1781829819785,1897
1781829819787,1928
1781829819789,1959
1781829819791,1967
1781829819793,1949
1781829819795,1899
1781829819797,1855
1781829819855,1836
1781829819857,1844
1781829819859,1868
1781829819861,1890
1781829819863,1917
1781829819865,1939
1781829819867,1938
1781829819869,1909
1781829819871,1859
1781829819873,1806
1781829819855,1769
1781829819857,1766
1781829819859,1794
1781829819861,1830
1781829819863,1874
1781829819865,1903
1781829819867,1918
1781829819869,1904
1781829819871,1854
1781829819873,1807
1781829819891,1778
1781829819893,1777
1781829819895,1804
1781829819897,1843
1781829819899,1865
1781829819901,1892
1781829819903,1895
1781829819905,1879
1781829819907,1846
1781829819909,1810
1781829819891,1792
1781829819893,1814
1781829819895,1843
1781829819897,1871
1781829819899,1915
1781829819901,1950
1781829819903,1952
1781829819905,1920
1781829819907,1846
1781829819909,1770
1781829819929,1721
1781829819931,1709
1781829819933,1715
1781829819935,1751
1781829819937,1800
1781829819939,1857
1781829819941,1908
1781829819943,1953
1781829819945,1990
1781829819947,2031
1781829819929,2110
1781829819931,2236
1781829819933,2401
1781829819935,2582
1781829819937,2772
1781829819939,2938
1781829819941,3051
1781829819943,3103
1781829819945,3061
1781829819947,2955
1781829819929,2849
1781829819931,2753
1781829819933,2680
1781829819935,2614
1781829819937,2547
1781829819939,2497
1781829819941,2444
1781829819943,2369
1781829819945,2272
1781829819947,2172
1781829820009,2102
1781829820011,2066
1781829820013,2061
1781829820015,2068
1781829820017,2079
1781829820019,2094
1781829820021,2081
1781829820023,2046
1781829820025,1985
1781829820027,1921
1781829820009,1875
1781829820011,1859
1781829820013,1869
1781829820015,1891
1781829820017,1924
1781829820019,1954
1781829820021,1967
1781829820023,1941
1781829820025,1899
1781829820027,1854
1781829820009,1823
1781829820011,1825
1781829820013,1847
1781829820015,1874
1781829820017,1897
1781829820019,1929
1781829820021,1943
1781829820023,1930
1781829820025,1888
1781829820027,1842
1781829820009,1813
1781829820011,1811
1781829820013,1846
1781829820015,1894
1781829820017,1946
1781829820019,1994
1781829820021,2008
1781829820023,1990
1781829820025,1950
1781829820027,1910
1781829820051,1885
1781829820053,1886
1781829820055,1917
1781829820057,1959
1781829820059,2008
1781829820061,2051
1781829820063,2072
1781829820065,2043
1781829820067,1989
1781829820069,1941
1781829820051,1914
1781829820053,1928
1781829820055,1969
1781829820057,2018
1781829820059,2071
1781829820061,2117
1781829820063,2130
1781829820065,2111
1781829820067,2083
1781829820069,2050
1781829820126,2032
1781829820128,2036
1781829820130,2072
1781829820132,2119
1781829820134,2165
1781829820136,2207
1781829820138,2236
1781829820140,2236
1781829820142,2205
1781829820144,2160
1781829820126,2136
1781829820128,2138
1781829820130,2166
1781829820132,2205
1781829820134,2255
1781829820136,2305
1781829820138,2326
1781829820140,2316
1781829820142,2279
1781829820144,2235
1781829820126,2202
1781829820128,2199
1781829820130,2224
1781829820132,2265
1781829820134,2304
1781829820136,2336
1781829820138,2352
1781829820140,2334
1781829820142,2286
1781829820144,2228
1781829820167,2205
1781829820169,2201
1781829820171,2221
1781829820173,2256
1781829820175,2291
1781829820177,2319
1781829820179,2330
1781829820181,2310
1781829820183,2257
1781829820185,2198
1781829820167,2163
1781829820169,2154
1781829820171,2171
1781829820173,2197
1781829820175,2225
1781829820177,2238
1781829820179,2231
1781829820181,2189
1781829820183,2128
1781829820185,2063
1781829820208,2009
1781829820210,1998
1781829820212,2005
1781829820214,2026
1781829820216,2049
1781829820218,2069
1781829820220,2080
1781829820222,2068
1781829820224,2014
1781829820226,1945
1781829820208,1905
1781829820210,1902
1781829820212,1935
1781829820214,1964
1781829820216,1992
1781829820218,2016
1781829820220,2037
1781829820222,2025
1781829820224,1979
1781829820226,1918
1781829820246,1872
1781829820248,1864
1781829820250,1887
1781829820252,1927
1781829820254,1966
1781829820256,1993
1781829820258,1992
1781829820260,1967
1781829820262,1917
1781829820264,1866
1781829820246,1850
1781829820248,1858
1781829820250,1883
1781829820252,1926
1781829820254,1960
1781829820256,1991
1781829820258,2001
1781829820260,1981
1781829820262,1941
1781829820264,1892
1781829820286,1864
1781829820288,1868
1781829820290,1899
1781829820292,1935
1781829820294,1966
1781829820296,2009
1781829820298,2037
1781829820300,2028
1781829820302,1975
1781829820304,1920
1781829820286,1883
1781829820288,1880
1781829820290,1915
1781829820292,1952
1781829820294,1981
1781829820296,2014
1781829820298,2028
1781829820300,2019
1781829820302,1976
1781829820304,1920
1781829820286,1886
1781829820288,1894
1781829820290,1916
1781829820292,1958
1781829820294,1996
1781829820296,2022
1781829820298,2038
1781829820300,2028
1781829820302,1976
1781829820304,1923
1781829820321,1889
1781829820323,1881
1781829820325,1900
1781829820327,1937
1781829820329,1980
1781829820331,2018
1781829820333,2035
1781829820335,2017
1781829820337,1964
1781829820339,1915
1781829820321,1893
1781829820323,1907
1781829820325,1943
1781829820327,1985
1781829820329,2028
1781829820331,2067
1781829820333,2094
1781829820335,2073
1781829820337,2016
1781829820339,1952
1781829820360,1902
1781829820362,1900
1781829820364,1935
1781829820366,1976
1781829820368,2011
1781829820370,2046
1781829820372,2061
1781829820374,2040
1781829820376,1987
1781829820378,1936
1781829820360,1912
1781829820362,1919
1781829820364,1944
1781829820366,1983
1781829820368,2023
1781829820370,2053
1781829820372,2073
1781829820374,2062
1781829820376,2012
1781829820378,1959
1781829820439,1923
1781829820441,1912
1781829820443,1932
1781829820445,1968
1781829820447,2016
1781829820449,2055
1781829820451,2076
1781829820453,2073
1781829820455,2038
1781829820457,1996
1781829820439,1971
1781829820441,1981
1781829820443,2018
1781829820445,2065
1781829820447,2088
1781829820449,2111
1781829820451,2109
1781829820453,2076
1781829820455,2025
1781829820457,1976
1781829820474,1953
1781829820476,1967
1781829820478,2006
1781829820480,2054
1781829820482,2095
1781829820484,2127
1781829820486,2158
1781829820488,2164
1781829820490,2137
1781829820492,2084
1781829820474,2039
1781829820476,2038
1781829820478,2073
1781829820480,2107
1781829820482,2144
1781829820484,2176
1781829820486,2187
1781829820488,2180
1781829820490,2148
1781829820492,2106
1781829820474,2079
1781829820476,2076
1781829820478,2092
1781829820480,2128
1781829820482,2153
1781829820484,2174
1781829820486,2173
1781829820488,2153
1781829820490,2103
1781829820492,2035
1781829820514,1982
1781829820516,1968
1781829820518,1980
1781829820520,2001
1781829820522,2027
1781829820524,2065
1781829820526,2085
1781829820528,2074
1781829820530,2028
1781829820532,1970
1781829820514,1925
1781829820516,1912
1781829820518,1927
1781829820520,1956
1781829820522,1989
1781829820524,2019
1781829820526,2037
1781829820528,2025
1781829820530,1983
1781829820532,1927
1781829820553,1892
1781829820555,1884
1781829820557,1896
1781829820559,1929
1781829820561,1975
1781829820563,2018
1781829820565,2039
1781829820567,2028
1781829820569,1996
1781829820571,1953
1781829820553,1912
1781829820555,1892
1781829820557,1899
1781829820559,1923
1781829820561,1952
1781829820563,1987
1781829820565,2015
1781829820567,2016
1781829820569,1986
1781829820571,1936
1781829820593,1888
1781829820595,1873
1781829820597,1884
1781829820599,1904
1781829820601,1931
1781829820603,1953
1781829820605,1964
1781829820607,1939
1781829820609,1891
1781829820611,1856
1781829820593,1844
1781829820595,1875
1781829820597,1942
1781829820599,2038
1781829820601,2156
1781829820603,2287
1781829820605,2439
1781829820607,2577
1781829820609,2678
1781829820611,2770
1781829820634,2863
1781829820636,2963
1781829820638,3050
1781829820640,3109
1781829820642,3114
1781829820644,3077
1781829820646,2985
1781829820648,2860
1781829820650,2694
1781829820652,2527
1781829820634,2389
1781829820636,2302
1781829820638,2278
1781829820640,2265
1781829820642,2245
1781829820644,2228
1781829820646,2205
1781829820648,2169
1781829820650,2112
1781829820652,2041
1781829820634,1980
1781829820636,1951
1781829820638,1963
1781829820640,1999
1781829820642,2039
1781829820644,2064
1781829820646,2065
1781829820648,2032
1781829820650,1989
1781829820652,1939
1781829820716,1888
1781829820718,1881
1781829820720,1912
1781829820722,1964
1781829820724,2011
1781829820726,2029
1781829820728,2045
1781829820730,2047
1781829820732,2014
1781829820734,1959
1781829820716,1933
1781829820718,1937
1781829820720,1960
1781829820722,1996
1781829820724,2023
1781829820726,2053
1781829820728,2065
1781829820730,2046
1781829820732,2002
1781829820734,1954
1781829820755,1919
1781829820757,1921
1781829820759,1944
1781829820761,1982
1781829820763,2023
1781829820765,2054
1781829820767,2077
1781829820769,2068
1781829820771,2034
1781829820773,1992
1781829820755,1967
1781829820757,1956
1781829820759,1977
1781829820761,2016
1781829820763,2054
1781829820765,2094
1781829820767,2123
1781829820769,2115
1781829820771,2084
1781829820773,2035
1781829820795,1997
1781829820797,1997
1781829820799,2023
1781829820801,2067
1781829820803,2114
1781829820805,2169
1781829820807,2207
1781829820809,2207
1781829820811,2170
1781829820813,2123
1781829820795,2101
1781829820797,2114
1781829820799,2146
1781829820801,2197
1781829820803,2240
1781829820805,2279
1781829820807,2299
1781829820809,2283
1781829820811,2233
1781829820813,2180
1781829820795,2139
1781829820797,2127
1781829820799,2163
1781829820801,2217
1781829820803,2265
1781829820805,2306
1781829820807,2329
1781829820809,2334
1781829820811,2294
1781829820813,2240
1781829820835,2205
1781829820837,2198
1781829820839,2221
1781829820841,2255
1781829820843,2298
1781829820845,2339
1781829820847,2352
1781829820849,2335
1781829820851,2289
1781829820853,2236
1781829820835,2196
1781829820837,2182
1781829820839,2197
1781829820841,2220
1781829820843,2245
1781829820845,2270
1781829820847,2267
1781829820849,2250
1781829820851,2207
1781829820853,2154
1781829820876,2100
1781829820878,2080
1781829820880,2081
1781829820882,2095
1781829820884,2109
1781829820886,2131
1781829820888,2146
1781829820890,2112
1781829820892,2039
1781829820894,1963
1781829820876,1906
1781829820878,1888
1781829820880,1883
1781829820882,1903
1781829820884,1936
1781829820886,1966
1781829820888,1986
1781829820890,1982
1781829820892,1947
1781829820894,1893
1781829820916,1844
1781829820918,1846
1781829820920,1875
1781829820922,1897
1781829820924,1923
1781829820926,1942
1781829820928,1950
1781829820930,1945
1781829820932,1906
1781829820934,1849
1781829820916,1807
1781829820918,1792
1781829820920,1812
1781829820922,1843
1781829820924,1880
1781829820926,1917
1781829820928,1944
1781829820930,1937
1781829820932,1891
1781829820934,1834
1781829820955,1805
1781829820957,1806
1781829820959,1822
1781829820961,1849
1781829820963,1878
1781829820965,1911
1781829820967,1924
1781829820969,1905
1781829820971,1857
1781829820973,1805
1781829820955,1772
1781829820957,1762
1781829820959,1777
1781829820961,1815
1781829820963,1864
1781829820965,1911
1781829820967,1936
1781829820969,1919
1781829820971,1864
1781829820973,1806
1781829820955,1775
1781829820957,1780
1781829820959,1815
1781829820961,1854
1781829820963,1899
1781829820965,1945
1781829820967,1971
1781829820969,1977
1781829820971,1935
1781829820973,1869
1781829820992,1826
1781829820994,1814
1781829820996,1839
1781829820998,1885
1781829821000,1937
1781829821002,1984
1781829821004,2009
1781829821006,1995
1781829821008,1950
1781829821010,1894
1781829820992,1845
1781829820994,1834
1781829820996,1858
1781829820998,1888
1781829821000,1914
1781829821002,1935
1781829821004,1947
1781829821006,1932
1781829821008,1884
1781829821010,1831
1781829821067,1788
1781829821069,1771
1781829821071,1789
1781829821073,1833
1781829821075,1878
1781829821077,1922
1781829821079,1942
1781829821081,1926
1781829821083,1880
1781829821085,1829
1781829821067,1795
1781829821069,1790
1781829821071,1799
1781829821073,1824
1781829821075,1860
1781829821077,1891
1781829821079,1915
1781829821081,1910
1781829821083,1870
1781829821085,1813
1781829821105,1776
1781829821107,1769
1781829821109,1802
1781829821111,1846
1781829821113,1888
1781829821115,1924
1781829821117,1941
1781829821119,1923
1781829821121,1885
1781829821123,1827
1781829821105,1783
1781829821107,1776
1781829821109,1789
1781829821111,1823
1781829821113,1861
1781829821115,1883
1781829821117,1889
1781829821119,1885
1781829821121,1853
1781829821123,1811
1781829821141,1778
1781829821143,1781
1781829821145,1813
1781829821147,1857
1781829821149,1897
1781829821151,1927
1781829821153,1944
1781829821155,1943
1781829821157,1904
1781829821159,1845
1781829821141,1806
1781829821143,1805
1781829821145,1831
1781829821147,1868
1781829821149,1908
1781829821151,1950
1781829821153,1991
1781829821155,1995
1781829821157,1966
1781829821159,1916
1781829821141,1878
1781829821143,1868
1781829821145,1883
1781829821147,1904
1781829821149,1939
1781829821151,1959
1781829821153,1970
1781829821155,1964
1781829821157,1934
1781829821159,1894
1781829821177,1871
1781829821179,1874
1781829821181,1886
1781829821183,1911
1781829821185,1940
1781829821187,1961
1781829821189,1967
1781829821191,1949
1781829821193,1890
1781829821195,1823
1781829821177,1769
1781829821179,1750
1781829821181,1766
1781829821183,1795
1781829821185,1832
1781829821187,1865
1781829821189,1887
1781829821191,1882
1781829821193,1837
1781829821195,1777
1781829821251,1735
1781829821253,1722
1781829821255,1741
1781829821257,1770
1781829821259,1813
1781829821261,1850
1781829821263,1856
1781829821265,1846
1781829821267,1804
1781829821269,1754
1781829821251,1708
1781829821253,1697
1781829821255,1717
1781829821257,1756
1781829821259,1795
1781829821261,1833
1781829821263,1859
1781829821265,1860
1781829821267,1826
1781829821269,1769
1781829821324,1724
1781829821326,1716
1781829821328,1738
1781829821330,1767
1781829821332,1804
1781829821334,1838
1781829821336,1856
1781829821338,1852
1781829821340,1813
1781829821342,1751
1781829821324,1694
1781829821326,1681
1781829821328,1694
1781829821330,1714
1781829821332,1746
1781829821334,1772
1781829821336,1788
1781829821338,1777
1781829821340,1754
1781829821342,1735
1781829821324,1730
1781829821326,1767
1781829821328,1859
1781829821330,1981
1781829821332,2122
1781829821334,2276
1781829821336,2409
1781829821338,2531
1781829821340,2625
1781829821342,2694
1781829821324,2756
1781829821326,2804
1781829821328,2841
1781829821330,2855
1781829821332,2843
1781829821334,2785
1781829821336,2677
1781829821338,2550
1781829821340,2385
1781829821342,2227
1781829821324,2108
1781829821326,2036
1781829821328,2002
1781829821330,1991
1781829821332,1971
1781829821334,1961
1781829821336,1966
1781829821338,1953
1781829821340,1908
1781829821342,1842
1781829821361,1788
1781829821363,1759
1781829821365,1756
1781829821367,1780
1781829821369,1812
1781829821371,1841
1781829821373,1862
1781829821375,1858
1781829821377,1811
1781829821379,1747
1781829821361,1711
1781829821363,1702
1781829821365,1712
1781829821367,1746
1781829821369,1786
1781829821371,1833
1781829821373,1866
1781829821375,1874
1781829821377,1844
1781829821379,1795
1781829821400,1758
1781829821402,1752
1781829821404,1769
1781829821406,1802
1781829821408,1840
1781829821410,1882
1781829821412,1901
1781829821414,1901
1781829821416,1864
1781829821418,1813
1781829821400,1768
1781829821402,1764
1781829821404,1796
1781829821406,1832
1781829821408,1879
1781829821410,1917
1781829821412,1949
1781829821414,1958
1781829821416,1933
1781829821418,1873
1781829821474,1826
1781829821476,1812
1781829821478,1840
1781829821480,1887
1781829821482,1936
1781829821484,1977
1781829821486,2010
1781829821488,2011
1781829821490,1982
1781829821492,1945
1781829821474,1916
1781829821476,1920
1781829821478,1951
1781829821480,1990
1781829821482,2038
1781829821484,2087
1781829821486,2115
1781829821488,2117
1781829821490,2093
1781829821492,2042
1781829821511,2011
1781829821513,2015
1781829821515,2042
1781829821517,2087
1781829821519,2144
1781829821521,2195
1781829821523,2233
1781829821525,2213
1781829821527,2169
1781829821529,2116
1781829821511,2083
1781829821513,2088
1781829821515,2113
1781829821517,2146
1781829821519,2182
1781829821521,2226
1781829821523,2259
1781829821525,2263
1781829821527,2243
1781829821529,2196
1781829821511,2149
1781829821513,2134
1781829821515,2147
1781829821517,2179
1781829821519,2205
1781829821521,2225
1781829821523,2254
1781829821525,2252
1781829821527,2214
1781829821529,2157
1781829821550,2102
1781829821552,2092
1781829821554,2114
1781829821556,2145
1781829821558,2174
1781829821560,2193
1781829821562,2202
1781829821564,2195
1781829821566,2142
1781829821568,2074
1781829821550,2007
1781829821552,1964
1781829821554,1959
1781829821556,1980
1781829821558,2008
1781829821560,2034
1781829821562,2033
1781829821564,2014
1781829821566,1962
1781829821568,1899
1781829821588,1841
1781829821590,1817
1781829821592,1821
1781829821594,1838
1781829821596,1868
1781829821598,1891
1781829821600,1902
1781829821602,1895
1781829821604,1836
1781829821606,1756
1781829821588,1710
1781829821590,1702
1781829821592,1727
1781829821594,1757
1781829821596,1788
1781829821598,1819
1781829821600,1836
1781829821602,1837
1781829821604,1806
1781829821606,1755
1781829821623,1704
1781829821625,1668
1781829821627,1666
1781829821629,1695
1781829821631,1735
1781829821633,1779
1781829821635,1813
1781829821637,1816
1781829821639,1785
1781829821641,1737
1781829821623,1693
1781829821625,1671
1781829821627,1666
1781829821629,1701
1781829821631,1739
1781829821633,1774
1781829821635,1793
1781829821637,1796
1781829821639,1765
1781829821641,1712
1781829821700,1673
1781829821702,1646
1781829821704,1653
1781829821706,1681
1781829821708,1713
1781829821710,1751
1781829821712,1778
1781829821714,1777
1781829821716,1738
1781829821718,1685
1781829821700,1640
1781829821702,1632
1781829821704,1651
1781829821706,1695
1781829821708,1737
1781829821710,1772
1781829821712,1794
1781829821714,1794
1781829821716,1763
1781829821718,1707
1781829821700,1647
1781829821702,1624
1781829821704,1634
1781829821706,1675
1781829821708,1718
1781829821710,1753
1781829821712,1774
1781829821714,1785
1781829821716,1759
1781829821718,1701
1781829821773,1645
1781829821775,1625
1781829821777,1644
1781829821779,1682
1781829821781,1735
1781829821783,1787
1781829821785,1818
1781829821787,1808
1781829821789,1766
1781829821791,1709
1781829821773,1653
1781829821775,1636
1781829821777,1657
1781829821779,1704
1781829821781,1751
1781829821783,1779
1781829821785,1793
1781829821787,1781
1781829821789,1737
1781829821791,1677
1781829821773,1630
1781829821775,1616
1781829821777,1645
1781829821779,1684
1781829821781,1729
1781829821783,1767
1781829821785,1790
1781829821787,1785
1781829821789,1743
1781829821791,1687
1781829821773,1638
1781829821775,1616
1781829821777,1627
1781829821779,1651
1781829821781,1683
1781829821783,1704
1781829821785,1723
1781829821787,1730
1781829821789,1716
1781829821791,1686
1781829821809,1648
1781829821811,1628
1781829821813,1644
1781829821815,1692
1781829821817,1741
1781829821819,1774
1781829821821,1798
1781829821823,1798
1781829821825,1771
1781829821827,1723
1781829821809,1683
1781829821811,1661
1781829821813,1685
1781829821815,1737
1781829821817,1782
1781829821819,1822
1781829821821,1846
1781829821823,1850
1781829821825,1825
1781829821827,1778
1781829821877,1749
1781829821879,1738
1781829821881,1768
1781829821883,1799
1781829821885,1838
1781829821887,1884
1781829821889,1911
1781829821891,1917
1781829821893,1899
1781829821895,1862
1781829821877,1819
1781829821879,1802
1781829821881,1817
1781829821883,1860
1781829821885,1902
1781829821887,1942
1781829821889,1970
1781829821891,1970
1781829821893,1927
1781829821895,1866
1781829821878,1810
1781829821880,1773
1781829821882,1775
1781829821884,1804
1781829821886,1830
1781829821888,1862
1781829821890,1886
1781829821892,1882
1781829821894,1844
1781829821896,1805
1781829821911,1765
1781829821913,1729
1781829821915,1737
1781829821917,1782
1781829821919,1825
1781829821921,1860
1781829821923,1870
1781829821925,1847
1781829821927,1806
1781829821929,1753
1781829821944,1703
1781829821946,1688
1781829821948,1698
1781829821950,1731
1781829821952,1778
1781829821954,1822
1781829821956,1863
1781829821958,1871
1781829821960,1847
1781829821962,1805
1781829821944,1769
1781829821946,1762
1781829821948,1778
1781829821950,1804
1781829821952,1838
1781829821954,1884
1781829821956,1924
1781829821958,1927
1781829821960,1892
1781829821962,1839
1781829821944,1789
1781829821946,1769
1781829821948,1776
1781829821950,1803
1781829821952,1835
1781829821954,1866
1781829821956,1883
1781829821958,1876
1781829821960,1839
1781829821962,1780
1781829822013,1714
1781829822015,1679
1781829822017,1698
1781829822019,1746
1781829822021,1819
1781829822023,1908
1781829822025,1989
1781829822027,2076
1781829822029,2144
1781829822031,2201
1781829822013,2273
1781829822015,2388
1781829822017,2543
1781829822019,2721
1781829822021,2883
1781829822023,3018
1781829822025,3081
1781829822027,3073
1781829822029,2985
1781829822031,2841
1781829822051,2684
1781829822053,2555
1781829822055,2457
1781829822057,2396
1781829822059,2357
1781829822061,2320
1781829822063,2294
1781829822065,2245
1781829822067,2166
1781829822069,2067
1781829822051,1980
1781829822053,1929
1781829822055,1908
1781829822057,1904
1781829822059,1915
1781829822061,1919
1781829822063,1925
1781829822065,1918
1781829822067,1883
1781829822069,1829
1781829822088,1782
1781829822090,1756
1781829822092,1748
1781829822094,1764
1781829822096,1798
1781829822098,1838
1781829822100,1872
1781829822102,1879
1781829822104,1848
1781829822106,1805
1781829822088,1760
1781829822090,1740
1781829822092,1759
1781829822094,1795
1781829822096,1833
1781829822098,1870
1781829822100,1892
1781829822102,1902
1781829822104,1869
1781829822106,1819
1781829822125,1781
1781829822127,1770
1781829822129,1788
1781829822131,1828
1781829822133,1874
1781829822135,1915
1781829822137,1943
1781829822139,1948
1781829822141,1921
1781829822143,1875
1781829822125,1829
1781829822127,1818
1781829822129,1842
1781829822131,1880
1781829822133,1925
1781829822135,1964
1781829822137,1981
1781829822139,1972
1781829822141,1956
1781829822143,1923
1781829822125,1894
1781829822127,1888
1781829822129,1907
1781829822131,1943
1781829822133,1981
1781829822135,2007
1781829822137,2031
1781829822139,2032
1781829822141,2006
1781829822143,1954
1781829822161,1902
1781829822163,1892
1781829822165,1924
1781829822167,1981
1781829822169,2037
1781829822171,2081
1781829822173,2112
1781829822175,2130
1781829822177,2123
1781829822179,2079
1781829822161,2039
1781829822163,2020
1781829822165,2040
1781829822167,2089
1781829822169,2149
1781829822171,2202
1781829822173,2243
1781829822175,2251
1781829822177,2222
1781829822179,2179
1781829822237,2133
1781829822239,2112
1781829822241,2118
1781829822243,2147
1781829822245,2196
1781829822247,2234
1781829822249,2258
1781829822251,2262
1781829822253,2222
1781829822255,2172
1781829822237,2129
1781829822239,2114
1781829822241,2124
1781829822243,2149
1781829822245,2178
1781829822247,2214
1781829822249,2236
1781829822251,2226
1781829822253,2190
1781829822255,2130
1781829822275,2054
1781829822277,2018
1781829822279,2019
1781829822281,2041
1781829822283,2074
1781829822285,2087
1781829822287,2099
1781829822289,2092
1781829822291,2050
1781829822293,1976
1781829822275,1907
1781829822277,1869
1781829822279,1868
1781829822281,1892
1781829822283,1916
1781829822285,1939
1781829822287,1947
1781829822289,1940
1781829822291,1901
1781829822293,1836
1781829822275,1777
1781829822277,1757
1781829822279,1771
1781829822281,1807
1781829822283,1849
1781829822285,1880
1781829822287,1900
1781829822289,1897
1781829822291,1865
1781829822293,1817
1781829822311,1765
1781829822313,1727
1781829822315,1719
1781829822317,1739
1781829822319,1768
1781829822321,1811
1781829822323,1852
1781829822325,1866
1781829822327,1843
1781829822329,1789
1781829822311,1726
1781829822313,1703
1781829822315,1710
1781829822317,1740
1781829822319,1774
1781829822321,1800
1781829822323,1825
1781829822325,1829
1781829822327,1798
1781829822329,1744
1781829822347,1695
1781829822349,1677
1781829822351,1697
1781829822353,1736
1781829822355,1782
1781829822357,1830
1781829822359,1859
1781829822361,1863
1781829822363,1824
1781829822365,1768
1781829822347,1714
1781829822349,1691
1781829822351,1691
1781829822353,1719
1781829822355,1760
1781829822357,1806
1781829822359,1839
1781829822361,1847
1781829822363,1829
1781829822365,1791
1781829822387,1757
1781829822389,1736
1781829822391,1733
1781829822393,1755
1781829822395,1781
1781829822397,1803
1781829822399,1829
1781829822401,1831
1781829822403,1803
1781829822405,1771
1781829822387,1735
1781829822389,1716
1781829822391,1732
1781829822393,1774
1781829822395,1819
1781829822397,1839
1781829822399,1855
1781829822401,1864
1781829822403,1835
1781829822405,1786
1781829822460,1739
1781829822462,1728
1781829822464,1745
1781829822466,1775
1781829822468,1820
1781829822470,1863
1781829822472,1896
1781829822474,1903
1781829822476,1876
1781829822478,1828
1781829822460,1776
1781829822462,1740
1781829822464,1738
1781829822466,1771
1781829822468,1816
1781829822470,1854
1781829822472,1889
1781829822474,1903
1781829822476,1878
1781829822478,1823
1781829822460,1769
1781829822462,1747
1781829822464,1749
1781829822466,1781
1781829822468,1831
1781829822470,1871
1781829822472,1902
1781829822474,1918
1781829822476,1897
1781829822478,1848
1781829822500,1801
1781829822502,1777
1781829822504,1783
1781829822506,1810
1781829822508,1849
1781829822510,1886
1781829822512,1907
1781829822514,1908
1781829822516,1887
1781829822518,1841
1781829822500,1798
1781829822502,1776
1781829822504,1790
1781829822506,1840
1781829822508,1896
1781829822510,1935
1781829822512,1956
1781829822514,1965
1781829822516,1945
1781829822518,1907
1781829822537,1863
1781829822539,1842
1781829822541,1854
1781829822543,1891
1781829822545,1929
1781829822547,1973
1781829822549,2009
1781829822551,2022
1781829822553,2010
1781829822555,1968
1781829822537,1919
1781829822539,1891
1781829822541,1892
1781829822543,1916
1781829822545,1956
1781829822547,2006
1781829822549,2050
1781829822551,2066
1781829822553,2043
1781829822555,2002
1781829822572,1970
1781829822574,1968
1781829822576,1990
1781829822578,2019
1781829822580,2054
1781829822582,2088
1781829822584,2110
1781829822586,2110
1781829822588,2072
1781829822590,2013
1781829822572,1952
1781829822574,1918
1781829822576,1923
1781829822578,1938
1781829822580,1963
1781829822582,1995
1781829822584,2034
1781829822586,2050
1781829822588,2018
1781829822590,1946
1781829822645,1887
1781829822647,1864
1781829822649,1882
1781829822651,1914
1781829822653,1956
1781829822655,1997
1781829822657,2034
1781829822659,2042
1781829822661,2019
1781829822663,1980
1781829822645,1933
1781829822647,1899
1781829822649,1902
1781829822651,1931
1781829822653,1965
1781829822655,2003
1781829822657,2030
1781829822659,2035
1781829822661,2005
1781829822663,1957
1781829822645,1914
1781829822647,1895
1781829822649,1910
1781829822651,1939
1781829822653,1963
1781829822655,1994
1781829822657,2018
1781829822659,2025
1781829822661,2008
1781829822663,1964
1781829822683,1919
1781829822685,1888
1781829822687,1900
1781829822689,1936
1781829822691,1975
1781829822693,2018
1781829822695,2049
1781829822697,2063
1781829822699,2029
1781829822701,1969
1781829822683,1903
1781829822685,1860
1781829822687,1856
1781829822689,1891
1781829822691,1941
1781829822693,1999
1781829822695,2062
1781829822697,2115
1781829822699,2154
1781829822701,2194
1781829822718,2249
1781829822720,2333
1781829822722,2473
1781829822724,2652
1781829822726,2851
1781829822728,3056
1781829822730,3229
1781829822732,3322
1781829822734,3319
1781829822736,3244
1781829822718,3131
1781829822720,3010
1781829822722,2897
1781829822724,2807
1781829822726,2734
1781829822728,2665
1781829822730,2610
1781829822732,2549
1781829822734,2461
1781829822736,2361
1781829822783,2286
1781829822785,2234
1781829822787,2206
1781829822789,2206
1781829822791,2222
1781829822793,2235
1781829822795,2237
1781829822797,2224
1781829822799,2198
1781829822801,2144
1781829822783,2085
1781829822785,2044
1781829822787,2042
1781829822789,2065
1781829822791,2094
1781829822793,2123
1781829822795,2151
1781829822797,2156
1781829822799,2119
1781829822801,2054
1781829822821,2005
1781829822823,1981
1781829822825,1995
1781829822827,2028
1781829822829,2070
1781829822831,2121
1781829822833,2161
1781829822835,2172
1781829822837,2150
1781829822839,2107
1781829822821,2062
1781829822823,2037
1781829822825,2047
1781829822827,2080
1781829822829,2118
1781829822831,2163
1781829822833,2211
1781829822835,2231
1781829822837,2226
1781829822839,2181
1781829822821,2131
1781829822823,2105
1781829822825,2117
1781829822827,2145
1781829822829,2175
1781829822831,2210
1781829822833,2244
1781829822835,2265
1781829822837,2245
1781829822839,2199
1781829822853,2153
1781829822855,2134
1781829822857,2147
1781829822859,2181
1781829822861,2232
1781829822863,2284
1781829822865,2324
1781829822867,2334
1781829822869,2320
1781829822871,2272
1781829822853,2232
1781829822855,2206
1781829822857,2213
1781829822859,2249
1781829822861,2302
1781829822863,2360
1781829822865,2399
1781829822867,2412
1781829822869,2390
1781829822871,2353
1781829822886,2310
1781829822888,2291
1781829822890,2305
1781829822892,2346
1781829822894,2396
1781829822896,2451
1781829822898,2493
1781829822900,2507
1781829822902,2478
1781829822904,2428
1781829822886,2381
1781829822888,2358
1781829822890,2361
1781829822892,2399
1781829822894,2454
1781829822896,2494
1781829822898,2527
1781829822900,2537
1781829822902,2519
1781829822904,2479
1781829822952,2435
1781829822954,2408
1781829822956,2413
1781829822958,2432
1781829822960,2457
1781829822962,2478
1781829822964,2505
1781829822966,2504
1781829822968,2485
1781829822970,2428
1781829822952,2355
1781829822954,2305
1781829822956,2299
1781829822958,2323
1781829822960,2360
1781829822962,2382
1781829822964,2389
1781829822966,2377
1781829822968,2339
1781829822970,2273
1781829822987,2214
1781829822989,2174
1781829822991,2159
1781829822993,2170
1781829822995,2186
1781829822997,2202
1781829822999,2212
1781829823001,2205
1781829823003,2174
1781829823005,2122
1781829822987,2055
1781829822989,2015
1781829822991,2008
1781829822993,2020
1781829822995,2040
1781829822997,2071
1781829822999,2097
1781829823001,2099
1781829823003,2062
1781829823005,2002
1781829822987,1953
1781829822989,1935
1781829822991,1942
1781829822993,1966
1781829822995,1993
1781829822997,2012
1781829822999,2025
1781829823001,2027
1781829823003,2007
1781829823005,1984
1781829823021,1941
1781829823023,1909
1781829823025,1915
1781829823027,1952
1781829823029,1988
1781829823031,2014
1781829823033,2038
1781829823035,2038
1781829823037,2011
1781829823039,1968
1781829823021,1897
1781829823023,1854
1781829823025,1863
1781829823027,1896
1781829823029,1939
1781829823031,1979
1781829823033,2013
1781829823035,2031
1781829823037,2022
1781829823039,1973
1781829823087,1923
1781829823089,1899
1781829823091,1902
1781829823093,1922
1781829823095,1957
1781829823097,1994
1781829823099,2018
1781829823101,2029
1781829823103,2011
1781829823105,1967
1781829823122,1927
1781829823124,1907
1781829823126,1913
1781829823128,1939
1781829823130,1970
1781829823132,2007
1781829823134,2044
1781829823136,2053
1781829823138,2028
1781829823140,1991
1781829823122,1950
1781829823124,1927
1781829823126,1927
1781829823128,1961
1781829823130,1997
1781829823132,2031
1781829823134,2060
1781829823136,2071
1781829823138,2055
1781829823140,2016
1781829823122,1965
1781829823124,1928
1781829823126,1920
1781829823128,1946
1781829823130,1982
1781829823132,2016
1781829823134,2032
1781829823136,2049
1781829823138,2035
1781829823140,1997
1781829823162,1951
1781829823164,1920
1781829823166,1924
1781829823168,1941
1781829823170,1974
1781829823172,2010
1781829823174,2044
1781829823176,2062
1781829823178,2050
1781829823180,2005
1781829823162,1950
1781829823164,1910
1781829823166,1909
1781829823168,1938
1781829823170,1980
1781829823172,2021
1781829823174,2071
1781829823176,2095
1781829823178,2079
1781829823180,2026
1781829823162,1962
1781829823164,1920
1781829823166,1916
1781829823168,1945
1781829823170,1985
1781829823172,2017
1781829823174,2047
1781829823176,2061
1781829823178,2041
1781829823180,1997
1781829823224,1944
1781829823226,1915
1781829823228,1922
1781829823230,1937
1781829823232,1966
1781829823234,2000
1781829823236,2031
1781829823238,2050
1781829823240,2025
1781829823242,1965
1781829823224,1895
1781829823226,1860
1781829823228,1871
1781829823230,1905
1781829823232,1952
1781829823234,1993
1781829823236,2021
1781829823238,2047
1781829823240,2033
1781829823242,2000
1781829823257,1967
1781829823259,1954
1781829823261,1953
1781829823263,1976
1781829823265,2006
1781829823267,2032
1781829823269,2061
1781829823271,2078
1781829823273,2070
1781829823275,2026
1781829823257,1982
1781829823259,1961
1781829823261,1979
1781829823263,2011
1781829823265,2049
1781829823267,2085
1781829823269,2114
1781829823271,2127
1781829823273,2097
1781829823275,2029
1781829823288,1959
1781829823290,1914
1781829823292,1920
1781829823294,1945
1781829823296,1979
1781829823298,2004
1781829823300,2023
1781829823302,2023
1781829823304,1986
1781829823306,1934
1781829823288,1885
1781829823290,1856
1781829823292,1852
1781829823294,1872
1781829823296,1905
1781829823298,1943
1781829823300,1976
1781829823302,1997
1781829823304,1986
1781829823306,1948
1781829823350,1883
1781829823352,1845
1781829823354,1839
1781829823356,1860
1781829823358,1895
1781829823360,1938
1781829823362,1970
1781829823364,1973
1781829823366,1951
1781829823368,1911
1781829823350,1867
1781829823352,1836
1781829823354,1824
1781829823356,1842
1781829823358,1888
1781829823360,1938
1781829823362,1961
1781829823364,1970
1781829823366,1952
1781829823368,1901
1781829823350,1847
1781829823352,1817
1781829823354,1823
1781829823356,1847
1781829823358,1883
1781829823360,1923
1781829823362,1953
1781829823364,1951
1781829823366,1916
1781829823368,1853
1781829823386,1787
1781829823388,1747
1781829823390,1744
1781829823392,1795
1781829823394,1878
1781829823396,1970
1781829823398,2062
1781829823400,2155
1781829823402,2242
1781829823404,2314
1781829823386,2394
1781829823388,2510
1781829823390,2663
1781829823392,2830
1781829823394,2985
1781829823396,3121
1781829823398,3192
1781829823400,3181
1781829823402,3115
1781829823404,2977
1781829823453,2806
1781829823455,2649
1781829823457,2527
1781829823459,2454
1781829823461,2404
1781829823463,2368
1781829823465,2338
1781829823467,2294
1781829823469,2232
1781829823471,2146
1781829823453,2065
1781829823455,2012
1781829823457,1996
1781829823459,1999
1781829823461,2002
1781829823463,2025
1781829823465,2044
1781829823467,2049
1781829823469,2024
1781829823471,1981
1781829823489,1922
1781829823491,1876
1781829823493,1863
1781829823495,1881
1781829823497,1908
1781829823499,1944
1781829823501,1977
1781829823503,1991
1781829823505,1975
1781829823507,1933
1781829823489,1881
1781829823491,1848
1781829823493,1845
1781829823495,1873
1781829823497,1911
1781829823499,1946
1781829823501,1974
1781829823503,1983
1781829823505,1948
1781829823507,1899
1781829823521,1859
1781829823523,1831
1781829823525,1835
1781829823527,1873
1781829823529,1916
1781829823531,1959
1781829823533,2004
1781829823535,2032
1781829823537,2021
1781829823539,1975
1781829823521,1923
1781829823523,1888
1781829823525,1884
1781829823527,1910
1781829823529,1955
1781829823531,2003
1781829823533,2038
1781829823535,2060
1781829823537,2042
1781829823539,2008
1781829823521,1963
1781829823523,1928
1781829823525,1927
1781829823527,1956
1781829823529,1998
1781829823531,2048
1781829823533,2094
1781829823535,2122
1781829823537,2115
1781829823539,2081
1781829823558,2032
1781829823560,2012
1781829823562,2014
1781829823564,2033
1781829823566,2076
1781829823568,2119
1781829823570,2165
1781829823572,2190
1781829823574,2188
1781829823576,2155
1781829823558,2110
1781829823560,2076
1781829823562,2063
1781829823564,2082
1781829823566,2114
1781829823568,2142
1781829823570,2169
1781829823572,2201
1781829823574,2201
1781829823576,2177
1781829823658,2136
1781829823660,2108
1781829823662,2115
1781829823664,2144
1781829823666,2190
1781829823668,2231
1781829823670,2263
1781829823672,2270
1781829823674,2245
1781829823676,2190
1781829823658,2126
1781829823660,2097
1781829823662,2098
1781829823664,2124
1781829823666,2157
1781829823668,2186
1781829823670,2209
1781829823672,2217
1781829823674,2177
1781829823676,2104
1781829823658,2040
1781829823660,2001
1781829823662,1985
1781829823664,1994
1781829823666,2024
1781829823668,2044
1781829823670,2056
1781829823672,2059
1781829823674,2038
1781829823676,1996
1781829823658,1934
1781829823660,1886
1781829823662,1868
1781829823664,1868
1781829823666,1888
1781829823668,1914
1781829823670,1923
1781829823672,1921
1781829823674,1904
1781829823676,1842
1781829823658,1773
1781829823660,1726
1781829823662,1722
1781829823664,1750
1781829823666,1785
1781829823668,1817
1781829823670,1845
1781829823672,1860
1781829823674,1849
1781829823676,1811
1781829823690,1754
1781829823692,1706
1781829823694,1700
1781829823696,1722
1781829823698,1741
1781829823700,1762
1781829823702,1778
1781829823704,1785
1781829823706,1768
1781829823708,1722
1781829823690,1671
1781829823692,1636
1781829823694,1622
1781829823696,1639
1781829823698,1665
1781829823700,1693
1781829823702,1742
1781829823704,1768
1781829823706,1764
1781829823708,1724
1781829823754,1664
1781829823756,1623
1781829823758,1613
1781829823760,1639
1781829823762,1684
1781829823764,1734
1781829823766,1774
1781829823768,1779
1781829823770,1763
1781829823772,1716
1781829823754,1661
1781829823756,1627
1781829823758,1626
1781829823760,1665
1781829823762,1711
1781829823764,1752
1781829823766,1786
1781829823768,1798
1781829823770,1772
1781829823772,1712
1781829823819,1648
1781829823821,1610
1781829823823,1605
1781829823825,1639
1781829823827,1682
1781829823829,1720
1781829823831,1762
1781829823833,1774
1781829823835,1745
1781829823837,1711
1781829823819,1659
1781829823821,1626
1781829823823,1618
1781829823825,1637
1781829823827,1673
1781829823829,1711
1781829823831,1759
1781829823833,1785
1781829823835,1779
1781829823837,1733
1781829823883,1669
1781829823885,1630
1781829823887,1627
1781829823889,1645
1781829823891,1692
1781829823893,1741
1781829823895,1777
1781829823897,1796
1781829823899,1788
1781829823901,1746
1781829823883,1690
1781829823885,1656
1781829823887,1656
1781829823889,1676
1781829823891,1721
1781829823893,1764
1781829823895,1799
1781829823897,1829
1781829823899,1826
1781829823901,1784
1781829823883,1723
1781829823885,1670
1781829823887,1650
1781829823889,1672
1781829823891,1712
1781829823893,1750
1781829823895,1773
1781829823897,1780
1781829823899,1764
1781829823901,1723
1781829823883,1671
1781829823885,1639
1781829823887,1644
1781829823889,1670
1781829823891,1705
1781829823893,1746
1781829823895,1779
1781829823897,1802
1781829823899,1797
1781829823901,1752
1781829823883,1704
1781829823885,1668
1781829823887,1669
1781829823889,1683
1781829823891,1723
1781829823893,1767
1781829823895,1806
1781829823897,1826
1781829823899,1813
1781829823901,1768
1781829823915,1706
1781829823917,1655
1781829823919,1651
1781829823921,1684
1781829823923,1726
1781829823925,1762
1781829823927,1803
1781829823929,1825
1781829823931,1833
1781829823933,1802
1781829823915,1753
1781829823917,1715
1781829823919,1706
1781829823921,1729
1781829823923,1767
1781829823925,1815
1781829823927,1852
1781829823929,1880
1781829823931,1875
1781829823933,1839
1781829823978,1786
1781829823980,1745
1781829823982,1728
1781829823984,1750
1781829823986,1790
1781829823988,1826
1781829823990,1849
1781829823992,1847
1781829823994,1803
1781829823996,1771
1781829823978,1719
1781829823980,1676
1781829823982,1660
1781829823984,1669
1781829823986,1698
1781829823988,1735
1781829823990,1763
1781829823992,1771
1781829823994,1764
1781829823996,1735
1781829824016,1683
1781829824018,1638
1781829824020,1624
1781829824022,1641
1781829824024,1667
1781829824026,1687
1781829824028,1704
1781829824030,1717
1781829824032,1710
1781829824034,1677
1781829824016,1634
1781829824018,1595
1781829824020,1578
1781829824022,1598
1781829824024,1631
1781829824026,1668
1781829824028,1698
1781829824030,1712
1781829824032,1707
1781829824034,1672
1781829824016,1617
1781829824018,1583
1781829824020,1577
1781829824022,1599
1781829824024,1638
1781829824026,1679
1781829824028,1716
1781829824030,1746
1781829824032,1750
1781829824034,1721
1781829824080,1677
1781829824082,1635
1781829824084,1622
1781829824086,1647
1781829824088,1670
1781829824090,1689
1781829824092,1699
1781829824094,1699
1781829824096,1684
1781829824098,1636
1781829824080,1595
1781829824082,1582
1781829824084,1603
1781829824086,1669
1781829824088,1774
1781829824090,1901
1781829824092,2035
1781829824094,2164
1781829824096,2286
1781829824098,2390
1781829824108,2477
1781829824110,2571
1781829824112,2673
1781829824114,2754
1781829824116,2829
1781829824118,2861
1781829824120,2854
1781829824122,2790
1781829824124,2674
1781829824126,2513
1781829824108,2349
1781829824110,2203
1781829824112,2104
1781829824114,2058
1781829824116,2046
1781829824118,2049
1781829824120,2042
1781829824122,2016
1781829824124,1963
1781829824126,1894
1781829824143,1814
1781829824145,1753
1781829824147,1730
1781829824149,1738
1781829824151,1767
1781829824153,1791
1781829824155,1826
1781829824157,1852
1781829824159,1845
1781829824161,1791
1781829824143,1738
1781829824145,1707
1781829824147,1701
1781829824149,1719
1781829824151,1757
1781829824153,1799
1781829824155,1832
1781829824157,1844
1781829824159,1829
1781829824161,1792
1781829824216,1746
1781829824218,1716
1781829824220,1709
1781829824222,1731
1781829824224,1780
1781829824226,1832
1781829824228,1885
1781829824230,1927
1781829824232,1936
1781829824234,1908
1781829824216,1858
1781829824218,1814
1781829824220,1812
1781829824222,1839
1781829824224,1888
1781829824226,1938
1781829824228,1967
1781829824230,1983
1781829824232,1973
1781829824234,1928
1781829824216,1868
1781829824218,1830
1781829824220,1823
1781829824222,1846
1781829824224,1891
1781829824226,1936
1781829824228,1981
1781829824230,2011
1781829824232,2021
1781829824234,1992
1781829824251,1947
1781829824253,1922
1781829824255,1925
1781829824257,1950
1781829824259,1989
1781829824261,2031
1781829824263,2080
1781829824265,2105
1781829824267,2114
1781829824269,2083
1781829824251,2032
1781829824253,1996
1781829824255,1993
1781829824257,2020
1781829824259,2077
1781829824261,2141
1781829824263,2186
1781829824265,2209
1781829824267,2215
1781829824269,2192
1781829824282,2154
1781829824284,2119
1781829824286,2115
1781829824288,2133
1781829824290,2168
1781829824292,2205
1781829824294,2242
1781829824296,2268
1781829824298,2254
1781829824300,2216
1781829824282,2162
1781829824284,2126
1781829824286,2124
1781829824288,2145
1781829824290,2182
1781829824292,2226
1781829824294,2266
1781829824296,2285
1781829824298,2268
1781829824300,2228
1781829824348,2172
1781829824350,2140
1781829824352,2133
1781829824354,2150
1781829824356,2176
1781829824358,2201
1781829824360,2222
1781829824362,2233
1781829824364,2218
1781829824366,2170
1781829824348,2106
1781829824350,2054
1781829824352,2018
1781829824354,2025
1781829824356,2051
1781829824358,2077
1781829824360,2097
1781829824362,2101
1781829824364,2080
1781829824366,2025
1781829824383,1958
1781829824385,1892
1781829824387,1852
1781829824389,1851
1781829824391,1867
1781829824393,1888
1781829824395,1909
1781829824397,1938
1781829824399,1943
1781829824401,1904
1781829824384,1848
1781829824386,1799
1781829824388,1761
1781829824390,1760
1781829824392,1787
1781829824394,1818
1781829824396,1839
1781829824398,1856
1781829824400,1853
1781829824402,1813
1781829824384,1760
1781829824386,1720
1781829824388,1703
1781829824390,1718
1781829824392,1756
1781829824394,1795
1781829824396,1828
1781829824398,1850
1781829824400,1822
1781829824402,1787
1781829824416,1735
1781829824418,1689
1781829824420,1668
1781829824422,1691
1781829824424,1744
1781829824426,1797
1781829824428,1833
1781829824430,1833
1781829824432,1824
1781829824434,1792
1781829824416,1732
1781829824418,1677
1781829824420,1647
1781829824422,1657
1781829824424,1697
1781829824426,1743
1781829824428,1778
1781829824430,1808
1781829824432,1807
1781829824434,1781
1781829824482,1730
1781829824484,1686
1781829824486,1667
1781829824488,1688
1781829824490,1725
1781829824492,1763
1781829824494,1807
1781829824496,1830
1781829824498,1832
1781829824500,1792
1781829824482,1736
1781829824484,1684
1781829824486,1666
1781829824488,1682
1781829824490,1708
1781829824492,1736
1781829824494,1775
1781829824496,1808
1781829824498,1808
1781829824500,1787
1781829824515,1744
1781829824517,1696
1781829824519,1674
1781829824521,1677
1781829824523,1699
1781829824525,1740
1781829824527,1791
1781829824529,1829
1781829824531,1838
1781829824533,1796
1781829824515,1737
1781829824517,1683
1781829824519,1662
1781829824521,1676
1781829824523,1709
1781829824525,1745
1781829824527,1778
1781829824529,1799
1781829824531,1798
1781829824533,1769
1781829824548,1718
1781829824550,1680
1781829824552,1660
1781829824554,1674
1781829824556,1710
1781829824558,1747
1781829824560,1784
1781829824562,1805
1781829824564,1800
1781829824566,1768
1781829824548,1720
1781829824550,1677
1781829824552,1661
1781829824554,1680
1781829824556,1719
1781829824558,1773
1781829824560,1816
1781829824562,1835
1781829824564,1827
1781829824566,1788
1781829824608,1733
1781829824610,1681
1781829824612,1664
1781829824614,1682
1781829824616,1718
1781829824618,1763
1781829824620,1797
1781829824622,1818
1781829824624,1824
1781829824626,1798
1781829824608,1753
1781829824610,1715
1781829824612,1706
1781829824614,1729
1781829824616,1761
1781829824618,1814
1781829824620,1868
1781829824622,1903
1781829824624,1902
1781829824626,1866
1781829824637,1820
1781829824639,1772
1781829824641,1756
1781829824643,1780
1781829824645,1824
1781829824647,1871
1781829824649,1908
1781829824651,1936
1781829824653,1938
1781829824655,1909
1781829824637,1872
1781829824639,1826
1781829824641,1808
1781829824643,1814
1781829824645,1838
1781829824647,1875
1781829824649,1909
1781829824651,1921
1781829824653,1902
1781829824655,1848
1781829824637,1782
1781829824639,1727
1781829824641,1695
1781829824643,1707
1781829824645,1746
1781829824647,1783
1781829824649,1809
1781829824651,1829
1781829824653,1828
1781829824655,1800
1781829824703,1740
1781829824705,1689
1781829824707,1666
1781829824709,1689
1781829824711,1728
1781829824713,1769
1781829824715,1801
1781829824717,1817
1781829824719,1815
1781829824721,1783
1781829824703,1721
1781829824705,1674
1781829824707,1670
1781829824709,1694
1781829824711,1729
1781829824713,1754
1781829824715,1769
1781829824717,1783
1781829824719,1785
1781829824721,1758
1781829824736,1709
1781829824738,1662
1781829824740,1644
1781829824742,1661
1781829824744,1699
1781829824746,1736
1781829824748,1778
1781829824750,1813
1781829824752,1827
1781829824754,1809
1781829824736,1758
1781829824738,1696
1781829824740,1656
1781829824742,1657
1781829824744,1678
1781829824746,1708
1781829824748,1737
1781829824750,1760
1781829824752,1768
1781829824754,1762
1781829824736,1755
1781829824738,1758
1781829824740,1810
1781829824742,1928
1781829824744,2080
1781829824746,2251
1781829824748,2430
1781829824750,2598
1781829824752,2736
1781829824754,2806
1781829824803,2834
1781829824805,2824
1781829824807,2792
1781829824809,2754
1781829824811,2710
1781829824813,2636
1781829824815,2561
1781829824817,2495
1781829824819,2412
1781829824821,2298
1781829824836,2154
1781829824838,2040
1781829824840,1977
1781829824842,1948
1781829824844,1949
1781829824846,1972
1781829824848,1988
1781829824850,1990
1781829824852,1964
1781829824854,1905
1781829824836,1830
1781829824838,1763
1781829824840,1730
1781829824842,1724
1781829824844,1746
1781829824846,1778
1781829824848,1809
1781829824850,1833
1781829824852,1835
1781829824854,1804
1781829824836,1754
1781829824838,1709
1781829824840,1701
1781829824842,1717
1781829824844,1751
1781829824846,1785
1781829824848,1832
1781829824850,1870
1781829824852,1872
1781829824854,1842
1781829824869,1787
1781829824871,1738
1781829824873,1726
1781829824875,1746
1781829824877,1787
1781829824879,1830
1781829824881,1868
1781829824883,1896
1781829824885,1902
1781829824887,1876
1781829824869,1828
1781829824871,1788
1781829824873,1765
1781829824875,1783
1781829824877,1830
1781829824879,1886
1781829824881,1928
1781829824883,1960
1781829824885,1967
1781829824887,1932
1781829824936,1878
1781829824938,1839
1781829824940,1827
1781829824942,1840
1781829824944,1876
1781829824946,1919
1781829824948,1974
1781829824950,2019
1781829824952,2027
1781829824954,2013
1781829824936,1964
1781829824938,1924
1781829824940,1905
1781829824942,1913
1781829824944,1957
1781829824946,2011
1781829824948,2060
1781829824950,2096
1781829824952,2100
1781829824954,2085
1781829824971,2038
1781829824973,1992
1781829824975,1989
1781829824977,2012
1781829824979,2059
1781829824981,2115
1781829824983,2160
1781829824985,2187
1781829824987,2204
1781829824989,2185
1781829824971,2131
1781829824973,2073
1781829824975,2050
1781829824977,2066
1781829824979,2097
1781829824981,2140
1781829824983,2178
1781829824985,2209
1781829824987,2218
1781829824989,2196
1781829825003,2140
1781829825005,2085
1781829825007,2065
1781829825009,2082
1781829825011,2117
1781829825013,2152
1781829825015,2192
1781829825017,2227
1781829825019,2224
1781829825021,2185
1781829825003,2138
1781829825005,2089
1781829825007,2066
1781829825009,2072
1781829825011,2095
1781829825013,2128
1781829825015,2160
1781829825017,2186
1781829825019,2179
1781829825021,2129
1781829825003,2058
1781829825005,1988
1781829825007,1941
1781829825009,1929
1781829825011,1943
1781829825013,1970
1781829825015,2003
1781829825017,2024
1781829825019,2024
1781829825021,1988
1781829825069,1918
1781829825071,1857
1781829825073,1824
1781829825075,1823
1781829825077,1849
1781829825079,1881
1781829825081,1901
1781829825083,1914
1781829825085,1918
1781829825087,1882
1781829825069,1818
1781829825071,1759
1781829825073,1727
1781829825075,1726
1781829825077,1751
1781829825079,1796
1781829825081,1835
1781829825083,1853
1781829825085,1848
1781829825087,1819
1781829825069,1762
1781829825071,1709
1781829825073,1683
1781829825075,1686
1781829825077,1711
1781829825079,1747
1781829825081,1788
1781829825083,1811
1781829825085,1812
1781829825087,1779
1781829825103,1722
1781829825105,1680
1781829825107,1664
1781829825109,1669
1781829825111,1702
1781829825113,1742
1781829825115,1773
1781829825117,1793
1781829825119,1791
1781829825121,1762
1781829825136,1715
1781829825138,1672
1781829825140,1649
1781829825142,1659
1781829825144,1695
1781829825146,1728
1781829825148,1765
1781829825150,1803
1781829825152,1814
1781829825154,1787
1781829825136,1740
1781829825138,1692
1781829825140,1674
1781829825142,1681
1781829825144,1712
1781829825146,1751
1781829825148,1791
1781829825150,1821
1781829825152,1822
1781829825154,1794
1781829825136,1744
1781829825138,1685
1781829825140,1646
1781829825142,1647
1781829825144,1668
1781829825146,1707
1781829825148,1749
1781829825150,1790
1781829825152,1805
1781829825154,1776
1781829825203,1722
1781829825205,1675
1781829825207,1650
1781829825209,1653
1781829825211,1684
1781829825213,1719
1781829825215,1757
1781829825217,1786
1781829825219,1794
1781829825221,1768
1781829825203,1715
1781829825205,1672
1781829825207,1663
1781829825209,1677
1781829825211,1704
1781829825213,1734
1781829825215,1771
1781829825217,1808
1781829825219,1826
1781829825221,1800
1781829825236,1742
1781829825238,1686
1781829825240,1656
1781829825242,1670
1781829825244,1703
1781829825246,1741
1781829825248,1781
1781829825250,1814
1781829825252,1827
1781829825254,1806
1781829825236,1763
1781829825238,1716
1781829825240,1687
1781829825242,1685
1781829825244,1715
1781829825246,1765
1781829825248,1808
1781829825250,1837
1781829825252,1843
1781829825254,1812
1781829825336,1766
1781829825338,1730
1781829825340,1702
1781829825342,1702
1781829825344,1746
1781829825346,1801
1781829825348,1848
1781829825350,1874
1781829825352,1890
1781829825354,1872
1781829825336,1830
1781829825338,1785
1781829825340,1758
1781829825342,1771
1781829825344,1810
1781829825346,1860
1781829825348,1914
1781829825350,1967
1781829825352,1989
1781829825354,1961
1781829825336,1909
1781829825338,1872
1781829825340,1863
1781829825342,1873
1781829825344,1900
1781829825346,1939
1781829825348,1977
1781829825350,2015
1781829825352,2030
1781829825354,2006
1781829825336,1953
1781829825338,1901
1781829825340,1867
1781829825342,1865
1781829825344,1886
1781829825346,1902
1781829825348,1919
1781829825350,1947
1781829825352,1948
1781829825354,1918
1781829825336,1875
1781829825338,1824
1781829825340,1791
1781829825342,1789
1781829825344,1818
1781829825346,1855
1781829825348,1880
1781829825350,1901
1781829825352,1918
1781829825354,1905
1781829825370,1869
1781829825372,1825
1781829825374,1805
1781829825376,1813
1781829825378,1832
1781829825380,1850
1781829825382,1875
1781829825384,1905
1781829825386,1909
1781829825388,1888
1781829825370,1836
1781829825372,1785
1781829825374,1769
1781829825376,1779
1781829825378,1815
1781829825380,1859
1781829825382,1898
1781829825384,1930
1781829825386,1935
1781829825388,1911
1781829825402,1859
1781829825404,1801
1781829825406,1769
1781829825408,1774
1781829825410,1809
1781829825412,1850
1781829825414,1893
1781829825416,1931
1781829825418,1936
1781829825420,1906
1781829825402,1847
1781829825404,1778
1781829825406,1724
1781829825408,1707
1781829825410,1728
1781829825412,1764
1781829825414,1807
1781829825416,1869
1781829825418,1926
1781829825420,1955
1781829825468,1970
1781829825470,2008
1781829825472,2087
1781829825474,2218
1781829825476,2375
1781829825478,2547
1781829825480,2742
1781829825482,2915
1781829825484,3036
1781829825486,3067
1781829825468,3025
1781829825470,2919
1781829825472,2821
1781829825474,2737
1781829825476,2651
1781829825478,2584
1781829825480,2530
1781829825482,2472
1781829825484,2403
1781829825486,2322
1781829825501,2212
1781829825503,2102
1781829825505,2023
1781829825507,1993
1781829825509,1993
1781829825511,2003
1781829825513,2015
1781829825515,2023
1781829825517,2010
1781829825519,1977
1781829825501,1911
1781829825503,1860
1781829825505,1831
1781829825507,1834
1781829825509,1861
1781829825511,1894
1781829825513,1927
1781829825515,1960
1781829825517,1963
1781829825519,1928
1781829825501,1866
1781829825503,1797
1781829825505,1759
1781829825507,1773
1781829825509,1818
1781829825511,1861
1781829825513,1906
1781829825515,1951
1781829825517,1967
1781829825519,1945
1781829825566,1891
1781829825568,1834
1781829825570,1801
1781829825572,1813
1781829825574,1845
1781829825576,1894
1781829825578,1936
1781829825580,1967
1781829825582,1986
1781829825584,1973
1781829825566,1927
1781829825568,1873
1781829825570,1851
1781829825572,1871
1781829825574,1917
1781829825576,1960
1781829825578,1996
1781829825580,2023
1781829825582,2036
1781829825584,2039
1781829825600,2005
1781829825602,1969
1781829825604,1951
1781829825606,1958
1781829825608,2005
1781829825610,2059
1781829825612,2090
1781829825614,2112
1781829825616,2132
1781829825618,2123
1781829825600,2083
1781829825602,2029
1781829825604,1998
1781829825606,2003
1781829825608,2036
1781829825610,2082
1781829825612,2134
1781829825614,2174
1781829825616,2203
1781829825618,2191
1781829825635,2152
1781829825637,2117
1781829825639,2089
1781829825641,2095
1781829825643,2125
1781829825645,2167
1781829825647,2214
1781829825649,2252
1781829825651,2278
1781829825653,2267
1781829825635,2233
1781829825637,2199
1781829825639,2169
1781829825641,2168
1781829825643,2198
1781829825645,2243
1781829825647,2294
1781829825649,2334
1781829825651,2355
1781829825653,2331
1781829825701,2275
1781829825703,2215
1781829825705,2166
1781829825707,2161
1781829825709,2190
1781829825711,2222
1781829825713,2258
1781829825715,2288
1781829825717,2304
1781829825719,2289
1781829825701,2244
1781829825703,2177
1781829825705,2135
1781829825707,2131
1781829825709,2142
1781829825711,2186
1781829825713,2213
1781829825715,2237
1781829825717,2240
1781829825719,2214
1781829825701,2151
1781829825703,2091
1781829825705,2031
1781829825707,2007
1781829825709,2019
1781829825711,2052
1781829825713,2091
1781829825715,2108
1781829825717,2102
1781829825719,2069
1781829825782,2014
1781829825784,1951
1781829825786,1912
1781829825788,1890
1781829825790,1898
1781829825792,1927
1781829825794,1964
1781829825796,1985
1781829825798,1990
1781829825800,1965
1781829825782,1922
1781829825784,1860
1781829825786,1823
1781829825788,1805
1781829825790,1811
1781829825792,1837
1781829825794,1864
1781829825796,1888
1781829825798,1907
1781829825800,1897
1781829825782,1853
1781829825784,1803
1781829825786,1771
1781829825788,1772
1781829825790,1811
1781829825792,1865
1781829825794,1909
1781829825796,1940
1781829825798,1956
1781829825800,1945
1781829825782,1904
1781829825784,1858
1781829825786,1819
1781829825788,1813
1781829825790,1834
1781829825792,1871
1781829825794,1900
1781829825796,1930
1781829825798,1949
1781829825800,1939
1781829825820,1887
1781829825822,1830
1781829825824,1792
1781829825826,1790
1781829825828,1820
1781829825830,1865
1781829825832,1899
1781829825834,1932
1781829825836,1954
1781829825838,1939
1781829825820,1891
1781829825822,1835
1781829825824,1797
1781829825826,1790
1781829825828,1818
1781829825830,1846
1781829825832,1881
1781829825834,1903
1781829825836,1916
1781829825838,1904
1781829825859,1860
1781829825861,1807
1781829825863,1763
1781829825865,1753
1781829825867,1787
1781829825869,1844
1781829825871,1901
1781829825873,1932
1781829825875,1939
1781829825877,1926
1781829825859,1887
1781829825861,1842
1781829825863,1808
1781829825865,1797
1781829825867,1818
1781829825869,1859
1781829825871,1894
1781829825873,1918
1781829825875,1923
1781829825877,1906
1781829825859,1867
1781829825861,1815
1781829825863,1793
1781829825865,1799
1781829825867,1818
1781829825869,1851
1781829825871,1891
1781829825873,1937
1781829825875,1956
1781829825877,1949
1781829825900,1903
1781829825902,1847
1781829825904,1808
1781829825906,1801
1781829825908,1819
1781829825910,1858
1781829825912,1900
1781829825914,1938
1781829825916,1966
1781829825918,1955
1781829825900,1906
1781829825902,1846
1781829825904,1817
1781829825906,1819
1781829825908,1851
1781829825910,1895
1781829825912,1935
1781829825914,1967
1781829825916,1978
1781829825918,1961
1781829825980,1912
1781829825982,1861
1781829825984,1842
1781829825986,1840
1781829825988,1872
1781829825990,1917
1781829825992,1960
1781829825994,2007
1781829825996,2032
1781829825998,2026
1781829825980,1991
1781829825982,1946
1781829825984,1918
1781829825986,1924
1781829825988,1957
1781829825990,2005
1781829825992,2052
1781829825994,2075
1781829825996,2088
1781829825998,2075
1781829826016,2033
1781829826018,1985
1781829826020,1958
1781829826022,1956
1781829826024,1974
1781829826026,2000
1781829826028,2036
1781829826030,2069
1781829826032,2082
1781829826034,2064
1781829826016,2005
1781829826018,1941
1781829826020,1892
1781829826022,1873
1781829826024,1893
1781829826026,1934
1781829826028,1972
1781829826030,2004
1781829826032,2022
1781829826034,2002
1781829826051,1937
1781829826053,1869
1781829826055,1817
1781829826057,1805
1781829826059,1828
1781829826061,1878
1781829826063,1932
1781829826065,1970
1781829826067,1983
1781829826069,1971
1781829826051,1931
1781829826053,1878
1781829826055,1837
1781829826057,1837
1781829826059,1855
1781829826061,1889
1781829826063,1925
1781829826065,1953
1781829826067,1962
1781829826069,1962
1781829826051,1917
1781829826053,1854
1781829826055,1817
1781829826057,1815
1781829826059,1841
1781829826061,1888
1781829826063,1927
1781829826065,1949
1781829826067,1960
1781829826069,1939
1781829826085,1885
1781829826087,1826
1781829826089,1788
1781829826091,1770
1781829826093,1794
1781829826095,1834
1781829826097,1871
1781829826099,1894
1781829826101,1898
1781829826103,1874
1781829826085,1813
1781829826087,1751
1781829826089,1717
1781829826091,1726
1781829826093,1779
1781829826095,1873
1781829826097,1984
1781829826099,2114
1781829826101,2244
1781829826103,2354
1781829826121,2436
1781829826123,2525
1781829826125,2637
1781829826127,2776
1781829826129,2919
1781829826131,3043
1781829826133,3115
1781829826135,3138
1781829826137,3092
1781829826139,2983
1781829826121,2828
1781829826123,2651
1781829826125,2489
1781829826127,2383
1781829826129,2334
1781829826131,2301
1781829826133,2275
1781829826135,2248
1781829826137,2223
1781829826139,2178
1781829826198,2100
1781829826200,2017
1781829826202,1963
1781829826204,1936
1781829826206,1938
1781829826208,1949
1781829826210,1965
1781829826212,1984
1781829826214,1988
1781829826216,1968
1781829826198,1914
1781829826200,1847
1781829826202,1801
1781829826204,1792
1781829826206,1824
1781829826208,1879
1781829826210,1928
1781829826212,1968
1781829826214,1985
1781829826216,1967
1781829826234,1916
1781829826236,1865
1781829826238,1824
1781829826240,1807
1781829826242,1836
1781829826244,1892
1781829826246,1961
1781829826248,2007
1781829826250,2018
1781829826252,1999
1781829826234,1953
1781829826236,1899
1781829826238,1855
1781829826240,1852
1781829826242,1882
1781829826244,1922
1781829826246,1972
1781829826248,2016
1781829826250,2051
1781829826252,2047
1781829826234,2009
1781829826236,1951
1781829826238,1910
1781829826240,1903
1781829826242,1928
1781829826244,1980
1781829826246,2022
1781829826248,2064
1781829826250,2098
1781829826252,2090
1781829826271,2052
1781829826273,2009
1781829826275,1981
1781829826277,1993
1781829826279,2027
1781829826281,2080
1781829826283,2127
1781829826285,2166
1781829826287,2189
1781829826289,2185
1781829826271,2145
1781829826273,2097
1781829826275,2063
1781829826277,2069
1781829826279,2104
1781829826281,2150
1781829826283,2207
1781829826285,2257
1781829826287,2283
1781829826289,2297
1781829826308,2263
1781829826310,2209
1781829826312,2161
1781829826314,2149
1781829826316,2163
1781829826318,2206
1781829826320,2261
1781829826322,2313
1781829826324,2348
1781829826326,2357
1781829826308,2317
1781829826310,2258
1781829826312,2212
1781829826314,2197
1781829826316,2221
1781829826318,2268
1781829826320,2315
1781829826322,2350
1781829826324,2373
1781829826326,2366
1781829826383,2330
1781829826385,2286
1781829826387,2259
1781829826389,2243
1781829826391,2246
1781829826393,2260
1781829826395,2280
1781829826397,2301
1781829826399,2310
1781829826401,2294
1781829826383,2240
1781829826385,2183
1781829826387,2130
1781829826389,2113
1781829826391,2123
1781829826393,2141
1781829826395,2171
1781829826397,2196
1781829826399,2204
1781829826401,2182
1781829826422,2123
1781829826424,2045
1781829826426,1974
1781829826428,1945
1781829826430,1945
1781829826432,1968
1781829826434,1998
1781829826436,2023
1781829826438,2029
1781829826440,2005
1781829826422,1953
1781829826424,1892
1781829826426,1844
1781829826428,1836
1781829826430,1867
1781829826432,1911
1781829826434,1935
1781829826436,1956
1781829826438,1975
1781829826440,1965
1781829826422,1912
1781829826424,1844
1781829826426,1786
1781829826428,1769
1781829826430,1783
1781829826432,1814
1781829826434,1847
1781829826436,1877
1781829826438,1889
1781829826440,1877
1781829826505,1832
1781829826507,1785
1781829826509,1752
1781829826511,1746
1781829826513,1758
1781829826515,1790
1781829826517,1845
1781829826519,1892
1781829826521,1921
1781829826523,1916
1781829826505,1869
1781829826507,1814
1781829826509,1772
1781829826511,1764
1781829826513,1785
1781829826515,1817
1781829826517,1856
1781829826519,1901
1781829826521,1934
1781829826523,1921
1781829826505,1868
1781829826507,1802
1781829826509,1767
1781829826511,1763
1781829826513,1790
1781829826515,1830
1781829826517,1865
1781829826519,1899
1781829826521,1936
1781829826523,1934
1781829826505,1884
1781829826507,1815
1781829826509,1758
1781829826511,1742
1781829826513,1765
1781829826515,1807
1781829826517,1854
1781829826519,1899
1781829826521,1921
1781829826523,1918
1781829826546,1880
1781829826548,1830
1781829826550,1788
1781829826552,1770
1781829826554,1779
1781829826556,1808
1781829826558,1845
1781829826560,1882
1781829826562,1910
1781829826564,1909
1781829826546,1887
1781829826548,1843
1781829826550,1797
1781829826552,1784
1781829826554,1812
1781829826556,1841
1781829826558,1871
1781829826560,1910
1781829826562,1935
1781829826564,1928
1781829826546,1879
1781829826548,1815
1781829826550,1767
1781829826552,1761
1781829826554,1789
1781829826556,1833
1781829826558,1868
1781829826560,1897
1781829826562,1915
1781829826564,1902
1781829826586,1858
1781829826588,1792
1781829826590,1752
1781829826592,1757
1781829826594,1785
1781829826596,1818
1781829826598,1864
1781829826600,1901
1781829826602,1934
1781829826604,1942
1781829826586,1912
1781829826588,1869
1781829826590,1831
1781829826592,1822
1781829826594,1837
1781829826596,1872
1781829826598,1907
1781829826600,1937
1781829826602,1947
1781829826604,1946
1781829826626,1914
1781829826628,1867
1781829826630,1837
1781829826632,1839
1781829826634,1883
1781829826636,1937
1781829826638,1993
1781829826640,2034
1781829826642,2059
1781829826644,2056
1781829826626,2009
1781829826628,1952
1781829826630,1916
1781829826632,1907
1781829826634,1927
1781829826636,1956
1781829826638,1996
1781829826640,2039
1781829826642,2064
1781829826644,2050
1781829826664,2012
1781829826666,1960
1781829826668,1916
1781829826670,1897
1781829826672,1899
1781829826674,1916
1781829826676,1949
1781829826678,1978
1781829826680,1996
1781829826682,1988
1781829826664,1945
1781829826666,1890
1781829826668,1847
1781829826670,1837
1781829826672,1859
1781829826674,1905
1781829826676,1932
1781829826678,1963
1781829826680,1981
1781829826682,1977
1781829826736,1945
1781829826738,1900
1781829826740,1854
1781829826742,1832
1781829826744,1839
1781829826746,1884
1781829826748,1936
1781829826750,1991
1781829826752,2027
1781829826754,2031
1781829826736,1982
1781829826738,1919
1781829826740,1867
1781829826742,1841
1781829826744,1862
1781829826746,1895
1781829826748,1936
1781829826750,1973
1781829826752,1989
1781829826754,1989
1781829826736,1956
1781829826738,1899
1781829826740,1849
1781829826742,1831
1781829826744,1849
1781829826746,1884
1781829826748,1909
1781829826750,1939
1781829826752,1953
1781829826754,1937
1781829826770,1898
1781829826772,1835
1781829826774,1776
1781829826776,1757
1781829826778,1768
1781829826780,1807
1781829826782,1862
1781829826784,1928
1781829826786,1983
1781829826788,2032
1781829826770,2062
1781829826772,2084
1781829826774,2137
1781829826776,2225
1781829826778,2357
1781829826780,2518
1781829826782,2706
1781829826784,2880
1781829826786,3011
1781829826788,3078
1781829826805,3071
1781829826807,2976
1781829826809,2866
1781829826811,2755
1781829826813,2654
1781829826815,2554
1781829826817,2489
1781829826819,2436
1781829826821,2371
1781829826823,2282
1781829826805,2179
1781829826807,2079
1781829826809,1991
1781829826811,1936
1781829826813,1934
1781829826815,1956
1781829826817,1991
1781829826819,2022
1781829826821,2040
1781829826823,2030
1781829826842,1989
1781829826844,1926
1781829826846,1873
1781829826848,1842
1781829826850,1851
1781829826852,1882
1781829826854,1934
1781829826856,1979
1781829826858,2005
1781829826860,2007
1781829826842,1977
1781829826844,1926
1781829826846,1880
1781829826848,1850
1781829826850,1857
1781829826852,1886
1781829826854,1927
1781829826856,1972
1781829826858,2011
1781829826860,2021
1781829826918,1994
1781829826920,1954
1781829826922,1912
1781829826924,1906
1781829826926,1913
1781829826928,1932
1781829826930,1980
1781829826932,2024
1781829826934,2061
1781829826936,2070
1781829826918,2032
1781829826920,1973
1781829826922,1925
1781829826924,1923
1781829826926,1944
1781829826928,1980
1781829826930,2026
1781829826932,2076
1781829826934,2104
1781829826936,2108
1781829826918,2081
1781829826920,2027
1781829826922,1989
1781829826924,1974
1781829826926,2002
1781829826928,2050
1781829826930,2097
1781829826932,2146
1781829826934,2180
1781829826936,2189
1781829826954,2162
1781829826956,2111
1781829826958,2074
1781829826960,2074
1781829826962,2104
1781829826964,2144
1781829826966,2181
1781829826968,2220
1781829826970,2241
1781829826972,2249
1781829826954,2236
1781829826956,2191
1781829826958,2142
1781829826960,2135
1781829826962,2165
1781829826964,2208
1781829826966,2263
1781829826968,2315
1781829826970,2352
1781829826972,2363
1781829826992,2337
1781829826994,2285
1781829826996,2239
1781829826998,2234
1781829827000,2263
1781829827002,2305
1781829827004,2351
1781829827006,2389
1781829827008,2415
1781829827010,2399
1781829826992,2347
1781829826994,2282
1781829826996,2237
1781829826998,2217
1781829827000,2229
1781829827002,2265
1781829827004,2307
1781829827006,2334
1781829827008,2344
1781829827010,2341
1781829827032,2309
1781829827034,2256
1781829827036,2197
1781829827038,2165
1781829827040,2181
1781829827042,2205
1781829827044,2225
1781829827046,2246
1781829827048,2258
1781829827050,2242
1781829827032,2196
1781829827034,2125
1781829827036,2058
1781829827038,2037
1781829827040,2054
1781829827042,2073
1781829827044,2099
1781829827046,2129
1781829827048,2143
1781829827050,2140
1781829827110,2101
1781829827112,2039
1781829827114,1975
1781829827116,1938
1781829827118,1949
1781829827120,1976
1781829827122,2007
1781829827124,2033
1781829827126,2043
1781829827128,2035
1781829827110,2000
1781829827112,1937
1781829827114,1872
1781829827116,1838
1781829827118,1844
1781829827120,1884
1781829827122,1933
1781829827124,1973
1781829827126,1995
1781829827128,2001
1781829827110,1962
1781829827112,1894
1781829827114,1828
1781829827116,1801
1781829827118,1812
1781829827120,1852
1781829827122,1899
1781829827124,1943
1781829827126,1975
1781829827128,1976
1781829827111,1932
1781829827113,1873
1781829827115,1815
1781829827117,1786
1781829827119,1800
1781829827121,1836
1781829827123,1890
1781829827125,1948
1781829827127,1987
1781829827129,1992
1781829827111,1947
1781829827113,1884
1781829827115,1829
1781829827117,1798
1781829827119,1809
1781829827121,1851
1781829827123,1902
1781829827125,1938
1781829827127,1958
1781829827129,1957
1781829827188,1931
1781829827190,1884
1781829827192,1845
1781829827194,1832
1781829827196,1850
1781829827198,1890
1781829827200,1930
1781829827202,1974
1781829827204,2007
1781829827206,2008
1781829827188,1966
1781829827190,1908
1781829827192,1852
1781829827194,1824
1781829827196,1842
1781829827198,1875
1781829827200,1907
1781829827202,1934
1781829827204,1953
1781829827206,1954
1781829827229,1915
1781829827231,1860
1781829827233,1815
1781829827235,1806
1781829827237,1837
1781829827239,1890
1781829827241,1941
1781829827243,1989
1781829827245,2008
1781829827247,1993
1781829827229,1959
1781829827231,1894
1781829827233,1841
1781829827235,1813
1781829827237,1821
1781829827239,1849
1781829827241,1888
1781829827243,1927
1781829827245,1959
1781829827247,1963
1781829827269,1920
1781829827271,1862
1781829827273,1823
1781829827275,1808
1781829827277,1826
1781829827279,1873
1781829827281,1924
1781829827283,1968
1781829827285,1997
1781829827287,1995
1781829827269,1962
1781829827271,1921
1781829827273,1876
1781829827275,1855
1781829827277,1875
1781829827279,1915
1781829827281,1962
1781829827283,1998
1781829827285,2034
1781829827287,2058
1781829827269,2046
1781829827271,2007
1781829827273,1974
1781829827275,1951
1781829827277,1965
1781829827279,1995
1781829827281,2040
1781829827283,2091
1781829827285,2122
1781829827287,2128
1781829827314,2106
1781829827316,2060
1781829827318,2005
1781829827320,1982
1781829827322,1996
1781829827324,2032
1781829827326,2073
1781829827328,2102
1781829827330,2116
1781829827332,2107
1781829827314,2065
1781829827316,2003
1781829827318,1942
1781829827320,1904
1781829827322,1903
1781829827324,1940
1781829827326,1983
1781829827328,2005
1781829827330,2021
1781829827332,2023
1781829827353,1993
1781829827355,1937
1781829827357,1883
1781829827359,1848
1781829827361,1862
1781829827363,1894
1781829827365,1938
1781829827367,1978
1781829827369,2008
1781829827371,2025
1781829827353,2002
1781829827355,1941
1781829827357,1875
1781829827359,1839
1781829827361,1836
1781829827363,1870
1781829827365,1929
1781829827367,1986
1781829827369,2014
1781829827371,2021
1781829827392,1981
1781829827394,1923
1781829827396,1879
1781829827398,1869
1781829827400,1875
1781829827402,1902
1781829827404,1936
1781829827406,1971
1781829827408,1997
1781829827410,1993
1781829827392,1962
1781829827394,1908
1781829827396,1856
1781829827398,1835
1781829827400,1854
1781829827402,1883
1781829827404,1919
1781829827406,1940
1781829827408,1954
1781829827410,1949
1781829827433,1908
1781829827435,1850
1781829827437,1801
1781829827439,1793
1781829827441,1828
1781829827443,1896
1781829827445,1984
1781829827447,2101
1781829827449,2223
1781829827451,2330
1781829827433,2424
1781829827435,2503
1781829827437,2590
1781829827439,2681
1781829827441,2797
1781829827443,2905
1781829827445,2985
1781829827447,3021
1781829827449,2993
1781829827451,2912
1781829827434,2761
1781829827436,2582
1781829827438,2414
1781829827440,2288
1781829827442,2202
1781829827444,2158
1781829827446,2138
1781829827448,2118
1781829827450,2096
1781829827452,2069
1781829827473,2019
1781829827475,1952
1781829827477,1889
1781829827479,1866
1781829827481,1881
1781829827483,1901
1781829827485,1925
1781829827487,1956
1781829827489,1983
1781829827491,1988
1781829827517,1962
1781829827519,1908
1781829827521,1851
1781829827523,1825
1781829827525,1832
1781829827527,1862
1781829827529,1903
1781829827531,1950
1781829827533,1979
1781829827535,1982
1781829827517,1947
1781829827519,1891
1781829827521,1837
1781829827523,1817
1781829827525,1845
1781829827527,1890
1781829827529,1938
1781829827531,1987
1781829827533,2025
1781829827535,2028
1781829827517,1997
1781829827519,1937
1781829827521,1878
1781829827523,1849
1781829827525,1862
1781829827527,1898
1781829827529,1946
1781829827531,1995
1781829827533,2035
1781829827535,2049
1781829827600,2040
1781829827602,1988
1781829827604,1936
1781829827606,1913
1781829827608,1937
1781829827610,1968
1781829827612,2010
1781829827614,2060
1781829827616,2098
1781829827618,2110
1781829827600,2088
1781829827602,2033
1781829827604,1981
1781829827606,1963
1781829827608,1983
1781829827610,2023
1781829827612,2070
1781829827614,2107
1781829827616,2134
1781829827618,2152
1781829827642,2126
1781829827644,2077
1781829827646,2015
1781829827648,1997
1781829827650,2019
1781829827652,2075
1781829827654,2144
1781829827656,2193
1781829827658,2224
1781829827660,2231
1781829827642,2214
1781829827644,2164
1781829827646,2117
1781829827648,2090
1781829827650,2110
1781829827652,2152
1781829827654,2203
1781829827656,2247
1781829827658,2277
1781829827660,2293
1781829827642,2273
1781829827644,2222
1781829827646,2167
1781829827648,2138
1781829827650,2152
1781829827652,2191
1781829827654,2235
1781829827656,2279
1781829827658,2315
1781829827660,2320
1781829827686,2303
1781829827688,2260
1781829827690,2218
1781829827692,2178
1781829827694,2159
1781829827696,2172
1781829827698,2198
1781829827700,2223
1781829827702,2226
1781829827704,2229
1781829827731,2195
1781829827733,2141
1781829827735,2083
1781829827737,2041
1781829827739,2042
1781829827741,2066
1781829827743,2096
1781829827745,2137
1781829827747,2154
1781829827749,2144
1781829827731,2094
1781829827733,2017
1781829827735,1957
1781829827737,1921
1781829827739,1917
1781829827741,1938
1781829827743,1970
1781829827745,2005
1781829827747,2029
1781829827749,2027
1781829827731,1996
1781829827733,1945
1781829827735,1888
1781829827737,1856
1781829827739,1855
1781829827741,1879
1781829827743,1919
1781829827745,1949
1781829827747,1962
1781829827749,1948
1781829827819,1905
1781829827821,1854
1781829827823,1803
1781829827825,1776
1781829827827,1781
1781829827829,1807
1781829827831,1834
1781829827833,1875
1781829827835,1916
1781829827837,1925
1781829827819,1888
1781829827821,1822
1781829827823,1755
1781829827825,1725
1781829827827,1727
1781829827829,1763
1781829827831,1805
1781829827833,1847
1781829827835,1890
1781829827837,1904
1781829827820,1867
1781829827822,1808
1781829827824,1750
1781829827826,1728
1781829827828,1741
1781829827830,1767
1781829827832,1799
1781829827834,1835
1781829827836,1868
1781829827838,1874
1781829827820,1856
1781829827822,1813
1781829827824,1759
1781829827826,1724
1781829827828,1724
1781829827830,1768
1781829827832,1821
1781829827834,1849
1781829827836,1872
1781829827838,1872
1781829827863,1828
1781829827865,1769
1781829827867,1713
1781829827869,1681
1781829827871,1686
1781829827873,1722
1781829827875,1765
1781829827877,1812
1781829827879,1844
1781829827881,1852
1781829827863,1836
1781829827865,1798
1781829827867,1752
1781829827869,1731
1781829827871,1744
1781829827873,1775
1781829827875,1811
1781829827877,1849
1781829827879,1872
1781829827881,1880
1781829827904,1848
1781829827906,1800
1781829827908,1752
1781829827910,1721
1781829827912,1727
1781829827914,1762
1781829827916,1798
1781829827918,1832
1781829827920,1858
1781829827922,1861
1781829827904,1834
1781829827906,1785
1781829827908,1734
1781829827910,1702
1781829827912,1700
1781829827914,1730
1781829827916,1767
1781829827918,1809
1781829827920,1842
1781829827922,1844
1781829827904,1830
1781829827906,1797
1781829827908,1748
1781829827910,1709
1781829827912,1708
1781829827914,1752
1781829827916,1804
1781829827918,1845
1781829827920,1880
1781829827922,1901
1781829827949,1894
1781829827951,1848
1781829827953,1806
1781829827955,1771
1781829827957,1762
1781829827959,1795
1781829827961,1856
1781829827963,1922
1781829827965,1970
1781829827967,2003
1781829827949,1983
1781829827951,1944
1781829827953,1907
1781829827955,1884
1781829827957,1882
1781829827959,1892
1781829827961,1921
1781829827963,1967
1781829827965,2002
1781829827967,2010
1781829827949,2003
1781829827951,1958
1781829827953,1912
1781829827955,1892
1781829827957,1907
1781829827959,1932
1781829827961,1963
1781829827963,1998
1781829827965,2030
1781829827967,2037
1781829827990,1996
1781829827992,1927
1781829827994,1860
1781829827996,1823
1781829827998,1829
1781829828000,1865
1781829828002,1902
1781829828004,1940
1781829828006,1963
1781829828008,1966
1781829828033,1940
1781829828035,1889
1781829828037,1849
1781829828039,1829
1781829828041,1821
1781829828043,1843
1781829828045,1886
1781829828047,1933
1781829828049,1963
1781829828051,1967
1781829828033,1933
1781829828035,1874
1781829828037,1818
1781829828039,1793
1781829828041,1811
1781829828043,1851
1781829828045,1899
1781829828047,1943
1781829828049,1968
1781829828051,1971
1781829828033,1946
1781829828035,1897
1781829828037,1831
1781829828039,1804
1781829828041,1802
1781829828043,1828
1781829828045,1871
1781829828047,1912
1781829828049,1960
1781829828051,1990
1781829828075,1966
1781829828077,1906
1781829828079,1843
1781829828081,1813
1781829828083,1809
1781829828085,1825
1781829828087,1850
1781829828089,1882
1781829828091,1903
1781829828093,1908
1781829828075,1900
1781829828077,1878
1781829828079,1861
1781829828081,1884
1781829828083,1950
1781829828085,2064
1781829828087,2208
1781829828089,2381
1781829828091,2556
1781829828093,2720
1781829828118,2841
1781829828120,2920
1781829828122,2969
1781829828124,2990
1781829828126,2984
1781829828128,2971
1781829828130,2936
1781829828132,2864
1781829828134,2777
1781829828136,2682
1781829828118,2564
1781829828120,2431
1781829828122,2307
1781829828124,2218
1781829828126,2167
1781829828128,2142
1781829828130,2141
1781829828132,2146
1781829828134,2140
1781829828136,2148
1781829828164,2120
1781829828166,2055
1781829828168,1969
1781829828170,1917
1781829828172,1901
1781829828174,1920
1781829828176,1941
1781829828178,1975
1781829828180,2013
1781829828182,2026
1781829828164,1999
1781829828166,1946
1781829828168,1894
1781829828170,1873
1781829828172,1883
1781829828174,1911
1781829828176,1953
1781829828178,1992
1781829828180,2021
1781829828182,2020
1781829828251,1989
1781829828253,1938
1781829828255,1877
1781829828257,1847
1781829828259,1858
1781829828261,1899
1781829828263,1939
1781829828265,1973
1781829828267,2000
1781829828269,2001
1781829828251,1965
1781829828253,1914
1781829828255,1870
1781829828257,1852
1781829828259,1860
1781829828261,1898
1781829828263,1948
1781829828265,1998
1781829828267,2034
1781829828269,2065
1781829828251,2047
1781829828253,2000
1781829828255,1945
1781829828257,1927
1781829828259,1943
1781829828261,1981
1781829828263,2029
1781829828265,2078
1781829828267,2105
1781829828269,2109
1781829828251,2101
1781829828253,2069
1781829828255,2018
1781829828257,1988
1781829828259,1987
1781829828261,2016
1781829828263,2059
1781829828265,2106
1781829828267,2151
1781829828269,2172
1781829828251,2150
1781829828253,2115
1781829828255,2076
1781829828257,2060
1781829828259,2073
1781829828261,2114
1781829828263,2163
1781829828265,2221
1781829828267,2264
1781829828269,2283
1781829828346,2263
1781829828348,2214
1781829828350,2162
1781829828352,2130
1781829828354,2129
1781829828356,2152
1781829828358,2180
1781829828360,2212
1781829828362,2257
1781829828364,2280
1781829828346,2274
1781829828348,2223
1781829828350,2180
1781829828352,2142
1781829828354,2130
1781829828356,2155
1781829828358,2201
1781829828360,2243
1781829828362,2269
1781829828364,2276
1781829828346,2248
1781829828348,2203
1781829828350,2142
1781829828352,2102
1781829828354,2104
1781829828356,2133
1781829828358,2156
1781829828360,2178
1781829828362,2195
1781829828364,2199
1781829828346,2166
1781829828348,2104
1781829828350,2033
1781829828352,1984
1781829828354,1969
1781829828356,1993
1781829828358,2033
1781829828360,2064
1781829828362,2085
1781829828364,2090
1781829828392,2060
1781829828394,1989
1781829828396,1919
1781829828398,1869
1781829828400,1848
1781829828402,1867
1781829828404,1904
1781829828406,1944
1781829828408,1972
1781829828410,1972
1781829828392,1937
1781829828394,1879
1781829828396,1817
1781829828398,1780
1781829828400,1778
1781829828402,1805
1781829828404,1849
1781829828406,1885
1781829828408,1910
1781829828410,1915
1781829828392,1890
1781829828394,1828
1781829828396,1757
1781829828398,1742
1781829828400,1743
1781829828402,1775
1781829828404,1823
1781829828406,1851
1781829828408,1880
1781829828410,1913
1781829828439,1900
1781829828441,1849
1781829828443,1772
1781829828445,1712
1781829828447,1697
1781829828449,1729
1781829828451,1770
1781829828453,1817
1781829828455,1853
1781829828457,1869
1781829828439,1847
1781829828441,1809
1781829828443,1761
1781829828445,1730
1781829828447,1739
1781829828449,1771
1781829828451,1816
1781829828453,1853
1781829828455,1887
1781829828457,1900
1781829828485,1875
1781829828487,1812
1781829828489,1746
1781829828491,1706
1781829828493,1704
1781829828495,1736
1781829828497,1785
1781829828499,1826
1781829828501,1868
1781829828503,1881
1781829828485,1858
1781829828487,1805
1781829828489,1739
1781829828491,1698
1781829828493,1698
1781829828495,1735
1781829828497,1783
1781829828499,1831
1781829828501,1865
1781829828503,1887
1781829828530,1863
1781829828532,1799
1781829828534,1735
1781829828536,1712
1781829828538,1716
1781829828540,1749
1781829828542,1792
1781829828544,1826
1781829828546,1850
1781829828548,1873
1781829828530,1862
1781829828532,1810
1781829828534,1747
1781829828536,1710
1781829828538,1705
1781829828540,1732
1781829828542,1772
1781829828544,1815
1781829828546,1853
1781829828548,1861
1781829828575,1846
1781829828577,1806
1781829828579,1749
1781829828581,1704
1781829828583,1697
1781829828585,1721
1781829828587,1756
1781829828589,1791
1781829828591,1824
1781829828593,1835
1781829828575,1817
1781829828577,1771
1781829828579,1726
1781829828581,1702
1781829828583,1707
1781829828585,1731
1781829828587,1766
1781829828589,1803
1781829828591,1842
1781829828593,1858
1781829828575,1846
1781829828577,1811
1781829828579,1763
1781829828581,1731
1781829828583,1747
1781829828585,1781
1781829828587,1830
1781829828589,1887
1781829828591,1944
1781829828593,1966
1781829828619,1947
1781829828621,1902
1781829828623,1850
1781829828625,1818
1781829828627,1814
1781829828629,1844
1781829828631,1894
1781829828633,1940
1781829828635,1975
1781829828637,1991
1781829828619,1971
1781829828621,1922
1781829828623,1863
1781829828625,1823
1781829828627,1806
1781829828629,1816
1781829828631,1839
1781829828633,1867
1781829828635,1899
1781829828637,1908
1781829828663,1894
1781829828665,1845
1781829828667,1788
1781829828669,1748
1781829828671,1746
1781829828673,1777
1781829828675,1816
1781829828677,1842
1781829828679,1868
1781829828681,1879
1781829828663,1857
1781829828665,1794
1781829828667,1723
1781829828669,1689
1781829828671,1684
1781829828673,1712
1781829828675,1761
1781829828677,1812
1781829828679,1860
1781829828681,1892
1781829828706,1890
1781829828708,1843
1781829828710,1784
1781829828712,1743
1781829828714,1740
1781829828716,1761
1781829828718,1796
1781829828720,1837
1781829828722,1875
1781829828724,1886
1781829828706,1858
1781829828708,1806
1781829828710,1740
1781829828712,1695
1781829828714,1685
1781829828716,1710
1781829828718,1748
1781829828720,1803
1781829828722,1848
1781829828724,1869
1781829828748,1854
1781829828750,1805
1781829828752,1745
1781829828754,1698
1781829828756,1678
1781829828758,1687
1781829828760,1711
1781829828762,1744
1781829828764,1776
1781829828766,1796
1781829828749,1799
1781829828751,1779
1781829828753,1771
1781829828755,1802
1781829828757,1884
1781829828759,2023
1781829828761,2187
1781829828763,2357
1781829828765,2545
1781829828767,2715
1781829828749,2834
1781829828751,2886
1781829828753,2902
1781829828755,2872
1781829828757,2835
1781829828759,2787
1781829828761,2738
1781829828763,2680
1781829828765,2608
1781829828767,2513
1781829828841,2400
1781829828843,2276
1781829828845,2168
1781829828847,2084
1781829828849,2040
1781829828851,2023
1781829828853,2025
1781829828855,2032
1781829828857,2037
1781829828859,2023
1781829828841,1984
1781829828843,1923
1781829828845,1847
1781829828847,1795
1781829828849,1780
1781829828851,1803
1781829828853,1829
1781829828855,1848
1781829828857,1880
1781829828859,1884
1781829828841,1863
1781829828843,1813
1781829828845,1753
1781829828847,1712
1781829828849,1715
1781829828851,1737
1781829828853,1770
1781829828855,1811
1781829828857,1847
1781829828859,1874
1781829828841,1867
1781829828843,1829
1781829828845,1768
1781829828847,1727
1781829828849,1718
1781829828851,1743
1781829828853,1795
1781829828855,1845
1781829828857,1893
1781829828859,1930
1781829828885,1924
1781829828887,1871
1781829828889,1808
1781829828891,1772
1781829828893,1770
1781829828895,1780
1781829828897,1813
1781829828899,1867
1781829828901,1918
1781829828903,1946
1781829828885,1940
1781829828887,1894
1781829828889,1851
1781829828891,1811
1781829828893,1801
1781829828895,1844
1781829828897,1903
1781829828899,1964
1781829828901,1997
1781829828903,2013
1781829828931,2007
1781829828933,1959
1781829828935,1916
1781829828937,1892
1781829828939,1906
1781829828941,1941
1781829828943,1975
1781829828945,2018
1781829828947,2061
1781829828949,2077
1781829828931,2060
1781829828933,2013
1781829828935,1970
1781829828937,1953
1781829828939,1956
1781829828941,1997
1781829828943,2045
1781829828945,2098
1781829828947,2154
1781829828949,2191
1781829828931,2181
1781829828933,2149
1781829828935,2103
1781829828937,2056
1781829828939,2053
1781829828941,2090
1781829828943,2139
1781829828945,2183
1781829828947,2225
1781829828949,2252
1781829828975,2251
1781829828977,2204
1781829828979,2143
1781829828981,2099
1781829828983,2092
1781829828985,2122
1781829828987,2170
1781829828989,2217
1781829828991,2248
1781829828993,2240
1781829828975,2218
1781829828977,2167
1781829828979,2101
1781829828981,2045
1781829828983,2023
1781829828985,2039
1781829828987,2086
1781829828989,2125
1781829828991,2158
1781829828993,2173
1781829829022,2158
1781829829024,2102
1781829829026,2029
1781829829028,1964
1781829829030,1936
1781829829032,1946
1781829829034,1975
1781829829036,2004
1781829829038,2026
1781829829040,2031
1781829829022,2009
1781829829024,1956
1781829829026,1890
1781829829028,1841
1781829829030,1832
1781829829032,1856
1781829829034,1889
1781829829036,1909
1781829829038,1932
1781829829040,1938
1781829829065,1912
1781829829067,1866
1781829829069,1812
1781829829071,1780
1781829829073,1781
1781829829075,1798
1781829829077,1832
1781829829079,1866
1781829829081,1894
1781829829083,1899
1781829829065,1892
1781829829067,1851
1781829829069,1786
1781829829071,1733
1781829829073,1714
1781829829075,1731
1781829829077,1761
1781829829079,1796
1781829829081,1837
1781829829083,1861
1781829829109,1850
1781829829111,1806
1781829829113,1749
1781829829115,1714
1781829829117,1716
1781829829119,1738
1781829829121,1779
1781829829123,1825
1781829829125,1862
1781829829127,1881
1781829829109,1862
1781829829111,1821
1781829829113,1773
1781829829115,1744
1781829829117,1736
1781829829119,1759
1781829829121,1797
1781829829123,1831
1781829829125,1867
1781829829127,1893
1781829829109,1883
1781829829111,1833
1781829829113,1767
1781829829115,1719
1781829829117,1711
1781829829119,1729
1781829829121,1770
1781829829123,1819
1781829829125,1862
1781829829127,1880
1781829829201,1865
1781829829203,1817
1781829829205,1763
1781829829207,1713
1781829829209,1703
1781829829211,1725
1781829829213,1764
1781829829215,1794
1781829829217,1824
1781829829219,1840
1781829829201,1829
1781829829203,1781
1781829829205,1724
1781829829207,1692
1781829829209,1693
1781829829211,1724
1781829829213,1766
1781829829215,1809
1781829829217,1843
1781829829219,1871
1781829829201,1861
1781829829203,1819
1781829829205,1758
1781829829207,1704
1781829829209,1688
1781829829211,1712
1781829829213,1756
1781829829215,1813
1781829829217,1852
1781829829219,1884
1781829829201,1878
1781829829203,1838
1781829829205,1773
1781829829207,1719
1781829829209,1708
1781829829211,1725
1781829829213,1748
1781829829215,1771
1781829829217,1798
1781829829219,1819
1781829829245,1809
1781829829247,1756
1781829829249,1692
1781829829251,1655
1781829829253,1661
1781829829255,1697
1781829829257,1749
1781829829259,1803
1781829829261,1831
1781829829263,1852
1781829829245,1847
1781829829247,1813
1781829829249,1761
1781829829251,1728
1781829829253,1725
1781829829255,1758
1781829829257,1805
1781829829259,1852
1781829829261,1900
1781829829263,1923
1781829829330,1923
1781829829332,1882
1781829829334,1824
1781829829336,1792
1781829829338,1798
1781829829340,1836
1781829829342,1884
1781829829344,1938
1781829829346,1976
1781829829348,1998
1781829829330,1983
1781829829332,1931
1781829829334,1871
1781829829336,1830
1781829829338,1827
1781829829340,1857
1781829829342,1885
1781829829344,1907
1781829829346,1939
1781829829348,1948
1781829829330,1922
1781829829332,1864
1781829829334,1797
1781829829336,1746
1781829829338,1727
1781829829340,1746
1781829829342,1795
1781829829344,1845
1781829829346,1888
1781829829348,1909
1781829829330,1901
1781829829332,1855
1781829829334,1796
1781829829336,1753
1781829829338,1735
1781829829340,1755
1781829829342,1798
1781829829344,1833
1781829829346,1856
1781829829348,1866
1781829829330,1854
1781829829332,1811
1781829829334,1765
1781829829336,1736
1781829829338,1735
1781829829340,1763
1781829829342,1803
1781829829344,1852
1781829829346,1886
1781829829348,1893
1781829829375,1879
1781829829377,1832
1781829829379,1781
1781829829381,1741
1781829829383,1724
1781829829385,1743
1781829829387,1781
1781829829389,1831
1781829829391,1864
1781829829393,1873
1781829829375,1863
1781829829377,1825
1781829829379,1769
1781829829381,1729
1781829829383,1715
1781829829385,1727
1781829829387,1749
1781829829389,1775
1781829829391,1801
1781829829393,1809
1781829829417,1786
1781829829419,1742
1781829829421,1704
1781829829423,1682
1781829829425,1702
1781829829427,1775
1781829829429,1887
1781829829431,2024
1781829829433,2187
1781829829435,2347
1781829829417,2484
1781829829419,2584
1781829829421,2672
1781829829423,2754
1781829829425,2828
1781829829427,2896
1781829829429,2925
1781829829431,2896
1781829829433,2844
1781829829435,2763
1781829829417,2639
1781829829419,2482
1781829829421,2324
1781829829423,2191
1781829829425,2107
1781829829427,2072
1781829829429,2066
1781829829431,2071
1781829829433,2062
1781829829435,2045
1781829829462,2012
1781829829464,1944
1781829829466,1860
1781829829468,1807
1781829829470,1779
1781829829472,1785
1781829829474,1815
1781829829476,1856
1781829829478,1893
1781829829480,1898
1781829829462,1875
1781829829464,1820
1781829829466,1754
1781829829468,1706
1781829829470,1687
1781829829472,1698
1781829829474,1738
1781829829476,1787
1781829829478,1829
1781829829480,1862
1781829829504,1870
1781829829506,1835
1781829829508,1788
1781829829510,1742
1781829829512,1721
1781829829514,1741
1781829829516,1775
1781829829518,1813
1781829829520,1853
1781829829522,1877
1781829829504,1873
1781829829506,1836
1781829829508,1784
1781829829510,1753
1781829829512,1740
1781829829514,1769
1781829829516,1822
1781829829518,1882
1781829829520,1923
1781829829522,1938
1781829829546,1927
1781829829548,1889
1781829829550,1845
1781829829552,1810
1781829829554,1813
1781829829556,1839
1781829829558,1883
1781829829560,1922
1781829829562,1966
1781829829564,1990
1781829829546,1996
1781829829548,1976
1781829829550,1937
1781829829552,1914
1781829829554,1912
1781829829556,1943
1781829829558,1985
1781829829560,2031
1781829829562,2062
1781829829564,2070
1781829829588,2052
1781829829590,2007
1781829829592,1967
1781829829594,1946
1781829829596,1955
1781829829598,1990
1781829829600,2037
1781829829602,2095
1781829829604,2139
1781829829606,2158
1781829829588,2144
1781829829590,2096
1781829829592,2048
1781829829594,2024
1781829829596,2033
1781829829598,2073
1781829829600,2126
1781829829602,2182
1781829829604,2229
1781829829606,2249
1781829829588,2236
1781829829590,2187
1781829829592,2128
1781829829594,2089
1781829829596,2094
1781829829598,2129
1781829829600,2172
1781829829602,2213
1781829829604,2238
1781829829606,2254
1781829829672,2242
1781829829674,2192
1781829829676,2132
1781829829678,2086
1781829829680,2079
1781829829682,2101
1781829829684,2132
1781829829686,2151
1781829829688,2170
1781829829690,2171
1781829829672,2152
1781829829674,2105
1781829829676,2028
1781829829678,1967
1781829829680,1947
1781829829682,1956
1781829829684,1996
1781829829686,2034
1781829829688,2054
1781829829690,2060
1781829829716,2039
1781829829718,1992
1781829829720,1929
1781829829722,1877
1781829829724,1857
1781829829726,1870
1781829829728,1905
1781829829730,1934
1781829829732,1962
1781829829734,1974
1781829829716,1961
1781829829718,1912
1781829829720,1841
1781829829722,1776
1781829829724,1757
1781829829726,1771
1781829829728,1810
1781829829730,1858
1781829829732,1900
1781829829734,1923
1781829829762,1910
1781829829764,1862
1781829829766,1801
1781829829768,1743
1781829829770,1721
1781829829772,1740
1781829829774,1774
1781829829776,1810
1781829829778,1844
1781829829780,1872
1781829829762,1868
1781829829764,1822
1781829829766,1763
1781829829768,1719
1781829829770,1708
1781829829772,1732
1781829829774,1776
1781829829776,1827
1781829829778,1872
1781829829780,1882
1781829829806,1855
1781829829808,1806
1781829829810,1745
1781829829812,1701
1781829829814,1692
1781829829816,1713
1781829829818,1757
1781829829820,1815
1781829829822,1858
1781829829824,1888
1781829829806,1887
1781829829808,1842
1781829829810,1774
1781829829812,1721
1781829829814,1712
1781829829816,1738
1781829829818,1777
1781829829820,1813
1781829829822,1841
1781829829824,1866
1781829829806,1865
1781829829808,1816
1781829829810,1765
1781829829812,1729
1781829829814,1719
1781829829816,1731
1781829829818,1766
1781829829820,1803
1781829829822,1843
1781829829824,1867
1781829829897,1871
1781829829899,1839
1781829829901,1783
1781829829903,1744
1781829829905,1734
1781829829907,1754
1781829829909,1795
1781829829911,1840
1781829829913,1880
1781829829915,1901
1781829829897,1897
1781829829899,1853
1781829829901,1781
1781829829903,1721
1781829829905,1694
1781829829907,1710
1781829829909,1756
1781829829911,1798
1781829829913,1835
1781829829915,1851
1781829829897,1844
1781829829899,1803
1781829829901,1749
1781829829903,1702
1781829829905,1687
1781829829907,1712
1781829829909,1769
1781829829911,1809
1781829829913,1845
1781829829915,1863
1781829829897,1850
1781829829899,1804
1781829829901,1745
1781829829903,1707
1781829829905,1702
1781829829907,1728
1781829829909,1779
1781829829911,1829
1781829829913,1875
1781829829915,1898
1781829829940,1893
1781829829942,1861
1781829829944,1808
1781829829946,1758
1781829829948,1744
1781829829950,1770
1781829829952,1827
1781829829954,1871
1781829829956,1913
1781829829958,1951
1781829829940,1961
1781829829942,1920
1781829829944,1867
1781829829946,1831
1781829829948,1828
1781829829950,1859
1781829829952,1905
1781829829954,1948
1781829829956,1979
1781829829958,2005
1781829829983,2002
1781829829985,1969
1781829829987,1918
1781829829989,1876
1781829829991,1860
1781829829993,1884
1781829829995,1918
1781829829997,1946
1781829829999,1974
1781829830001,1990
1781829829983,1992
1781829829985,1943
1781829829987,1872
1781829829989,1824
1781829829991,1803
1781829829993,1813
1781829829995,1837
1781829829997,1877
1781829829999,1926
1781829830001,1952
1781829829983,1945
1781829829985,1893
1781829829987,1824
1781829829989,1775
1781829829991,1758
1781829829993,1781
1781829829995,1825
1781829829997,1859
1781829829999,1894
1781829830001,1918
1781829830028,1910
1781829830030,1868
1781829830032,1806
1781829830034,1752
1781829830036,1736
1781829830038,1751
1781829830040,1791
1781829830042,1839
1781829830044,1882
1781829830046,1901
1781829830028,1888
1781829830030,1837
1781829830032,1778
1781829830034,1729
1781829830036,1708
1781829830038,1723
1781829830040,1756
1781829830042,1796
1781829830044,1841
1781829830046,1870
1781829830071,1873
1781829830073,1844
1781829830075,1797
1781829830077,1765
1781829830079,1761
1781829830081,1791
1781829830083,1832
1781829830085,1852
1781829830087,1865
1781829830089,1872
1781829830071,1861
1781829830073,1823
1781829830075,1773
1781829830077,1730
1781829830079,1747
1781829830081,1813
1781829830083,1912
1781829830085,2031
1781829830087,2155
1781829830089,2274
1781829830115,2403
1781829830117,2493
1781829830119,2579
1781829830121,2663
1781829830123,2757
1781829830125,2858
1781829830127,2946
1781829830129,2996
1781829830131,2985
1781829830133,2937
1781829830115,2818
1781829830117,2652
1781829830119,2466
1781829830121,2316
1781829830123,2216
1781829830125,2164
1781829830127,2141
1781829830129,2137
1781829830131,2132
1781829830133,2124
1781829830161,2088
1781829830163,2035
1781829830165,1960
1781829830167,1896
1781829830169,1861
1781829830171,1860
1781829830173,1885
1781829830175,1931
1781829830177,1968
1781829830179,1986
1781829830161,1983
1781829830163,1938
1781829830165,1868
1781829830167,1812
1781829830169,1794
1781829830171,1807
1781829830173,1847
1781829830175,1898
1781829830177,1951
1781829830179,1977
1781829830161,1978
1781829830163,1943
1781829830165,1873
1781829830167,1817
1781829830169,1801
1781829830171,1811
1781829830173,1835
1781829830175,1874
1781829830177,1915
1781829830179,1948
1781829830206,1953
1781829830208,1931
1781829830210,1887
1781829830212,1854
1781829830214,1847
1781829830216,1867
1781829830218,1908
1781829830220,1955
1781829830222,2001
1781829830224,2031
1781829830206,2021
1781829830208,1980
1781829830210,1935
1781829830212,1900
1781829830214,1885
1781829830216,1900
1781829830218,1944
1781829830220,2001
1781829830222,2040
1781829830224,2073
1781829830251,2072
1781829830253,2043
1781829830255,2001
1781829830257,1958
1781829830259,1947
1781829830261,1974
1781829830263,2012
1781829830265,2056
1781829830267,2101
1781829830269,2136
1781829830251,2143
1781829830253,2118
1781829830255,2080
1781829830257,2046
1781829830259,2025
1781829830261,2025
1781829830263,2066
1781829830265,2118
1781829830267,2168
1781829830269,2208
1781829830295,2213
1781829830297,2184
1781829830299,2135
1781829830301,2099
1781829830303,2099
1781829830305,2136
1781829830307,2181
1781829830309,2225
1781829830311,2269
1781829830313,2287
1781829830296,2279
1781829830298,2242
1781829830300,2167
1781829830302,2118
1781829830304,2110
1781829830306,2136
1781829830308,2182
1781829830310,2220
1781829830312,2251
1781829830314,2278
1781829830343,2281
1781829830345,2244
1781829830347,2183
1781829830349,2133
1781829830351,2111
1781829830353,2118
1781829830355,2155
1781829830357,2181
1781829830359,2205
1781829830361,2235
1781829830343,2227
1781829830345,2183
1781829830347,2110
1781829830349,2056
1781829830351,2029
1781829830353,2045
1781829830355,2078
1781829830357,2105
1781829830359,2132
1781829830361,2146
1781829830343,2137
1781829830345,2095
1781829830347,2030
1781829830349,1972
1781829830351,1949
1781829830353,1965
1781829830355,1988
1781829830357,2007
1781829830359,2035
1781829830361,2053
1781829830389,2037
1781829830391,1995
1781829830393,1936
1781829830395,1885
1781829830397,1864
1781829830399,1873
1781829830401,1901
1781829830403,1934
1781829830405,1973
1781829830407,1998
1781829830436,1999
1781829830438,1957
1781829830440,1897
1781829830442,1836
1781829830444,1815
1781829830446,1826
1781829830448,1851
1781829830450,1881
1781829830452,1924
1781829830454,1951
1781829830436,1945
1781829830438,1898
1781829830440,1829
1781829830442,1763
1781829830444,1731
1781829830446,1746
1781829830448,1781
1781829830450,1828
1781829830452,1871
1781829830454,1900
1781829830436,1906
1781829830438,1869
1781829830440,1822
1781829830442,1787
1781829830444,1769
1781829830446,1796
1781829830448,1837
1781829830450,1875
1781829830452,1916
1781829830454,1952
1781829830482,1954
1781829830484,1904
1781829830486,1840
1781829830488,1788
1781829830490,1768
1781829830492,1781
1781829830494,1827
1781829830496,1877
1781829830498,1921
1781829830500,1951
1781829830482,1949
1781829830484,1910
1781829830486,1852
1781829830488,1808
1781829830490,1779
1781829830492,1783
1781829830494,1817
1781829830496,1854
1781829830498,1888
1781829830500,1911
1781829830580,1901
1781829830582,1857
1781829830584,1802
1781829830586,1758
1781829830588,1744
1781829830590,1756
1781829830592,1782
1781829830594,1814
1781829830596,1848
1781829830598,1891
1781829830581,1890
1781829830583,1856
1781829830585,1818
1781829830587,1783
1781829830589,1766
1781829830591,1771
1781829830593,1798
1781829830595,1832
1781829830597,1851
1781829830599,1860
1781829830581,1862
1781829830583,1830
1781829830585,1786
1781829830587,1747
1781829830589,1740
1781829830591,1768
1781829830593,1804
1781829830595,1845
1781829830597,1889
1781829830599,1914
1781829830581,1917
1781829830583,1883
1781829830585,1837
1781829830587,1805
1781829830589,1797
1781829830591,1813
1781829830593,1842
1781829830595,1887
1781829830597,1915
1781829830599,1947
1781829830581,1961
1781829830583,1942
1781829830585,1897
1781829830587,1865
1781829830589,1844
1781829830591,1858
1781829830593,1897
1781829830595,1945
1781829830597,1993
1781829830599,2029
1781829830581,2025
1781829830583,1984
1781829830585,1930
1781829830587,1889
1781829830589,1893
1781829830591,1919
1781829830593,1962
1781829830595,2006
1781829830597,2039
1781829830599,2070
1781829830581,2076
1781829830583,2033
1781829830585,1968
1781829830587,1908
1781829830589,1869
1781829830591,1870
1781829830593,1896
1781829830595,1934
1781829830597,1971
1781829830599,1995
1781829830628,1988
1781829830630,1949
1781829830632,1894
1781829830634,1840
1781829830636,1811
1781829830638,1818
1781829830640,1866
1781829830642,1926
1781829830644,1965
1781829830646,1977
1781829830628,1961
1781829830630,1916
1781829830632,1859
1781829830634,1812
1781829830636,1798
1781829830638,1810
1781829830640,1840
1781829830642,1885
1781829830644,1924
1781829830646,1949
1781829830674,1945
1781829830676,1908
1781829830678,1849
1781829830680,1808
1781829830682,1793
1781829830684,1817
1781829830686,1855
1781829830688,1896
1781829830690,1933
1781829830692,1956
1781829830674,1947
1781829830676,1910
1781829830678,1855
1781829830680,1804
1781829830682,1777
1781829830684,1795
1781829830686,1842
1781829830688,1889
1781829830690,1928
1781829830692,1954
1781829830718,1949
1781829830720,1883
1781829830722,1809
1781829830724,1758
1781829830726,1739
1781829830728,1733
1781829830730,1768
1781829830732,1828
1781829830734,1899
1781829830736,1964
1781829830719,2004
1781829830721,2038
1781829830723,2075
1781829830725,2138
1781829830727,2252
1781829830729,2399
1781829830731,2588
1781829830733,2783
1781829830735,2943
1781829830737,3053
1781829830719,3104
1781829830721,3064
1781829830723,2958
1781829830725,2825
1781829830727,2695
1781829830729,2579
1781829830731,2485
1781829830733,2417
1781829830735,2377
1781829830737,2339
1781829830812,2285
1781829830814,2204
1781829830816,2102
1781829830818,2009
1781829830820,1956
1781829830822,1949
1781829830824,1974
1781829830826,2004
1781829830828,2026
1781829830830,2037
1781829830812,2012
1781829830814,1957
1781829830816,1896
1781829830818,1838
1781829830820,1812
1781829830822,1823
1781829830824,1857
1781829830826,1900
1781829830828,1931
1781829830830,1949
1781829830812,1943
1781829830814,1904
1781829830816,1849
1781829830818,1799
1781829830820,1775
1781829830822,1786
1781829830824,1832
1781829830826,1894
1781829830828,1950
1781829830830,1970
1781829830812,1976
1781829830814,1942
1781829830816,1892
1781829830818,1850
1781829830820,1829
1781829830822,1831
1781829830824,1860
1781829830826,1910
1781829830828,1961
1781829830830,1993
1781829830812,1991
1781829830814,1958
1781829830816,1906
1781829830818,1867
1781829830820,1856
1781829830822,1876
1781829830824,1912
1781829830826,1960
1781829830828,2011
1781829830830,2055
1781829830856,2073
1781829830858,2046
1781829830860,1996
1781829830862,1947
1781829830864,1932
1781829830866,1943
1781829830868,1967
1781829830870,2018
1781829830872,2075
1781829830874,2114
1781829830900,2121
1781829830902,2087
1781829830904,2042
1781829830906,2018
1781829830908,2015
1781829830910,2026
1781829830912,2064
1781829830914,2116
1781829830916,2171
1781829830918,2218
1781829830900,2231
1781829830902,2195
1781829830904,2138
1781829830906,2085
1781829830908,2061
1781829830910,2069
1781829830912,2099
1781829830914,2148
1781829830916,2194
1781829830918,2225
1781829830900,2231
1781829830902,2208
1781829830904,2152
1781829830906,2114
1781829830908,2100
1781829830910,2123
1781829830912,2167
1781829830914,2224
1781829830916,2269
1781829830918,2297
1781829830948,2302
1781829830950,2263
1781829830952,2198
1781829830954,2144
1781829830956,2118
1781829830958,2132
1781829830960,2178
1781829830962,2223
1781829830964,2264
1781829830966,2287
1781829830948,2283
1781829830950,2230
1781829830952,2160
1781829830954,2102
1781829830956,2068
1781829830958,2069
1781829830960,2096
1781829830962,2134
1781829830964,2171
1781829830966,2188
1781829830998,2181
1781829831000,2147
1781829831002,2068
1781829831004,1999
1781829831006,1958
1781829831008,1966
1781829831010,2005
1781829831012,2039
1781829831014,2065
1781829831016,2070
1781829830998,2049
1781829831000,2007
1781829831002,1951
1781829831004,1902
1781829831006,1876
1781829831008,1882
1781829831010,1899
1781829831012,1937
1781829831014,1974
1781829831016,1992
1781829831045,1995
1781829831047,1960
1781829831049,1902
1781829831051,1842
1781829831053,1813
1781829831055,1812
1781829831057,1840
1781829831059,1883
1781829831061,1918
1781829831063,1942
1781829831045,1934
1781829831047,1896
1781829831049,1836
1781829831051,1784
1781829831053,1768
1781829831055,1787
1781829831057,1817
1781829831059,1855
1781829831061,1891
1781829831063,1916
1781829831090,1920
1781829831092,1884
1781829831094,1825
1781829831096,1777
1781829831098,1759
1781829831100,1770
1781829831102,1804
1781829831104,1851
1781829831106,1891
1781829831108,1911
1781829831090,1910
1781829831092,1881
1781829831094,1824
1781829831096,1772
1781829831098,1746
1781829831100,1748
1781829831102,1790
1781829831104,1840
1781829831106,1894
1781829831108,1933
1781829831090,1942
1781829831092,1912
1781829831094,1851
1781829831096,1796
1781829831098,1775
1781829831100,1792
1781829831102,1819
1781829831104,1844
1781829831106,1879
1781829831108,1908
1781829831135,1909
1781829831137,1883
1781829831139,1842
1781829831141,1799
1781829831143,1768
1781829831145,1757
1781829831147,1791
1781829831149,1842
1781829831151,1877
1781829831153,1892
1781829831135,1893
1781829831137,1850
1781829831139,1799
1781829831141,1755
1781829831143,1741
1781829831145,1749
1781829831147,1775
1781829831149,1808
1781829831151,1843
1781829831153,1879
1781829831181,1889
1781829831183,1856
1781829831185,1803
1781829831187,1761
1781829831189,1746
1781829831191,1762
1781829831193,1799
1781829831195,1843
1781829831197,1869
1781829831199,1878
1781829831181,1879
1781829831183,1845
1781829831185,1792
1781829831187,1745
1781829831189,1720
1781829831191,1731
1781829831193,1767
1781829831195,1821
1781829831197,1875
1781829831199,1902
1781829831225,1910
1781829831227,1882
1781829831229,1831
1781829831231,1788
1781829831233,1770
1781829831235,1780
1781829831237,1819
1781829831239,1864
1781829831241,1908
1781829831243,1942
1781829831225,1958
1781829831227,1939
1781829831229,1897
1781829831231,1854
1781829831233,1844
1781829831235,1852
1781829831237,1886
1781829831239,1931
1781829831241,1979
1781829831243,2021
1781829831269,2035
1781829831271,2005
1781829831273,1947
1781829831275,1896
1781829831277,1881
1781829831279,1895
1781829831281,1944
1781829831283,1995
1781829831285,2029
1781829831287,2045
1781829831269,2030
1781829831271,1985
1781829831273,1922
1781829831275,1856
1781829831277,1820
1781829831279,1815
1781829831281,1833
1781829831283,1883
1781829831285,1938
1781829831287,1964
1781829831269,1960
1781829831271,1927
1781829831273,1864
1781829831275,1812
1781829831277,1795
1781829831279,1810
1781829831281,1841
1781829831283,1887
1781829831285,1926
1781829831287,1947
1781829831314,1939
1781829831316,1898
1781829831318,1845
1781829831320,1803
1781829831322,1778
1781829831324,1787
1781829831326,1819
1781829831328,1851
1781829831330,1889
1781829831332,1927
1781829831314,1938
1781829831316,1913
1781829831318,1866
1781829831320,1819
1781829831322,1784
1781829831324,1788
1781829831326,1814
1781829831328,1852
1781829831330,1885
1781829831332,1909
1781829831362,1934
1781829831364,1917
1781829831366,1874
1781829831368,1825
1781829831370,1807
1781829831372,1818
1781829831374,1835
1781829831376,1862
1781829831378,1886
1781829831380,1902
1781829831362,1890
1781829831364,1842
1781829831366,1779
1781829831368,1717
1781829831370,1699
1781829831372,1726
1781829831374,1793
1781829831376,1892
1781829831378,1998
1781829831380,2105
1781829831449,2215
1781829831451,2308
1781829831453,2391
1781829831455,2479
1781829831457,2600
1781829831459,2752
1781829831461,2907
1781829831463,3022
1781829831465,3080
1781829831467,3081
1781829831449,3004
1781829831451,2864
1781829831453,2683
1781829831455,2516
1781829831457,2396
1781829831459,2310
1781829831461,2275
1781829831463,2259
1781829831465,2248
1781829831467,2233
1781829831449,2195
1781829831451,2133
1781829831453,2037
1781829831455,1945
1781829831457,1896
1781829831459,1895
1781829831461,1913
1781829831463,1935
1781829831465,1964
1781829831467,1992
1781829831449,1995
1781829831451,1960
1781829831453,1890
1781829831455,1813
1781829831457,1773
1781829831459,1781
1781829831461,1820
1781829831463,1857
1781829831465,1895
1781829831467,1922
1781829831450,1927
1781829831452,1887
1781829831454,1836
1781829831456,1788
1781829831458,1761
1781829831460,1765
1781829831462,1791
1781829831464,1840
1781829831466,1892
1781829831468,1927
1781829831497,1933
1781829831499,1908
1781829831501,1860
1781829831503,1809
1781829831505,1781
1781829831507,1782
1781829831509,1809
1781829831511,1847
1781829831513,1889
1781829831515,1935
1781829831497,1966
1781829831499,1955
1781829831501,1902
1781829831503,1849
1781829831505,1829
1781829831507,1844
1781829831509,1880
1781829831511,1921
1781829831513,1968
1781829831515,2002
1781829831540,2015
1781829831542,1989
1781829831544,1940
1781829831546,1897
1781829831548,1876
1781829831550,1877
1781829831552,1908
1781829831554,1955
1781829831556,1996
1781829831558,2034
1781829831540,2043
1781829831542,2020
1781829831544,1974
1781829831546,1948
1781829831548,1944
1781829831550,1960
1781829831552,1990
1781829831554,2031
1781829831556,2082
1781829831558,2134
1781829831585,2158
1781829831587,2127
1781829831589,2075
1781829831591,2031
1781829831593,2022
1781829831595,2046
1781829831597,2086
1781829831599,2117
1781829831601,2144
1781829831603,2165
1781829831585,2177
1781829831587,2159
1781829831589,2115
1781829831591,2073
1781829831593,2054
1781829831595,2066
1781829831597,2099
1781829831599,2148
1781829831601,2199
1781829831603,2233
1781829831629,2238
1781829831631,2199
1781829831633,2142
1781829831635,2085
1781829831637,2055
1781829831639,2065
1781829831641,2101
1781829831643,2145
1781829831645,2184
1781829831647,2217
1781829831629,2213
1781829831631,2162
1781829831633,2090
1781829831635,2034
1781829831637,2009
1781829831639,2013
1781829831641,2034
1781829831643,2062
1781829831645,2094
1781829831647,2116
1781829831629,2106
1781829831631,2069
1781829831633,2006
1781829831635,1948
1781829831637,1922
1781829831639,1916
1781829831641,1937
1781829831643,1969
1781829831645,1993
1781829831647,2017
1781829831678,2013
1781829831680,1982
1781829831682,1927
1781829831684,1875
1781829831686,1854
1781829831688,1868
1781829831690,1898
1781829831692,1928
1781829831694,1947
1781829831696,1956
1781829831678,1951
1781829831680,1919
1781829831682,1868
1781829831684,1821
1781829831686,1800
1781829831688,1819
1781829831690,1843
1781829831692,1880
1781829831694,1917
1781829831696,1949
1781829831722,1950
1781829831724,1927
1781829831726,1869
1781829831728,1803
1781829831730,1768
1781829831732,1770
1781829831734,1797
1781829831736,1838
1781829831738,1879
1781829831740,1917
1781829831722,1925
1781829831724,1892
1781829831726,1829
1781829831728,1762
1781829831730,1732
1781829831732,1736
1781829831734,1764
1781829831736,1807
1781829831738,1850
1781829831740,1883
1781829831767,1888
1781829831769,1854
1781829831771,1789
1781829831773,1732
1781829831775,1704
1781829831777,1697
1781829831779,1723
1781829831781,1760
1781829831783,1803
1781829831785,1833
1781829831767,1838
1781829831769,1802
1781829831771,1746
1781829831773,1686
1781829831775,1642
1781829831777,1641
1781829831779,1677
1781829831781,1719
1781829831783,1760
1781829831785,1782
1781829831854,1778
1781829831856,1749
1781829831858,1693
1781829831860,1645
1781829831862,1628
1781829831864,1644
1781829831866,1688
1781829831868,1733
1781829831870,1770
1781829831872,1798
1781829831854,1790
1781829831856,1748
1781829831858,1685
1781829831860,1640
1781829831862,1625
1781829831864,1640
1781829831866,1675
1781829831868,1716
1781829831870,1753
1781829831872,1772
1781829831854,1773
1781829831856,1744
1781829831858,1689
1781829831860,1639
1781829831862,1625
1781829831864,1640
1781829831866,1678
1781829831868,1710
1781829831870,1736
1781829831872,1772
1781829831854,1789
1781829831856,1771
1781829831858,1720
1781829831860,1669
1781829831862,1644
1781829831864,1662
1781829831866,1697
1781829831868,1753
1781829831870,1804
1781829831872,1835
1781829831854,1846
1781829831856,1816
1781829831858,1758
1781829831860,1711
1781829831862,1687
1781829831864,1699
1781829831866,1740
1781829831868,1793
1781829831870,1844
1781829831872,1887
1781829831940,1900
1781829831942,1872
1781829831944,1819
1781829831946,1780
1781829831948,1759
1781829831950,1767
1781829831952,1811
1781829831954,1870
1781829831956,1919
1781829831958,1952
1781829831940,1956
1781829831942,1919
1781829831944,1856
1781829831946,1798
1781829831948,1778
1781829831950,1793
1781829831952,1826
1781829831954,1865
1781829831956,1892
1781829831958,1908
1781829831940,1906
1781829831942,1869
1781829831944,1804
1781829831946,1735
1781829831948,1694
1781829831950,1701
1781829831952,1735
1781829831954,1775
1781829831956,1803
1781829831958,1831
1781829831940,1851
1781829831942,1829
1781829831944,1780
1781829831946,1727
1781829831948,1699
1781829831950,1705
1781829831952,1739
1781829831954,1788
1781829831956,1829
1781829831958,1853
1781829831982,1843
1781829831984,1811
1781829831986,1766
1781829831988,1715
1781829831990,1689
1781829831992,1689
1781829831994,1720
1781829831996,1767
1781829831998,1809
1781829832000,1834
1781829831982,1839
1781829831984,1806
1781829831986,1741
1781829831988,1685
1781829831990,1662
1781829831992,1677
1781829831994,1717
1781829831996,1766
1781829831998,1818
1781829832000,1851
1781829831982,1864
1781829831984,1844
1781829831986,1797
1781829831988,1738
1781829831990,1700
1781829831992,1700
1781829831994,1723
1781829831996,1755
1781829831998,1780
1781829832000,1802
1781829832023,1803
1781829832025,1767
1781829832027,1716
1781829832029,1678
1781829832031,1680
1781829832033,1738
1781829832035,1833
1781829832037,1954
1781829832039,2091
1781829832041,2233
1781829832023,2363
1781829832025,2481
1781829832027,2581
1781829832029,2676
1781829832031,2779
1781829832033,2867
1781829832035,2933
1781829832037,2961
1781829832039,2935
1781829832041,2872
1781829832066,2766
1781829832068,2611
1781829832070,2441
1781829832072,2296
1781829832074,2200
1781829832076,2144
1781829832078,2120
1781829832080,2120
1781829832082,2122
1781829832084,2112
1781829832066,2087
1781829832068,2027
1781829832070,1943
1781829832072,1857
1781829832074,1800
1781829832076,1799
1781829832078,1832
1781829832080,1873
1781829832082,1911
1781829832084,1939
1781829832109,1928
1781829832111,1884
1781829832113,1814
1781829832115,1748
1781829832117,1719
1781829832119,1718
1781829832121,1750
1781829832123,1790
1781829832125,1837
1781829832127,1878
1781829832109,1890
1781829832111,1867
1781829832113,1816
1781829832115,1764
1781829832117,1739
1781829832119,1753
1781829832121,1791
1781829832123,1840
1781829832125,1885
1781829832127,1922
1781829832109,1926
1781829832111,1888
1781829832113,1838
1781829832115,1794
1781829832117,1769
1781829832119,1785
1781829832121,1826
1781829832123,1871
1781829832125,1918
1781829832127,1955
1781829832155,1966
1781829832157,1946
1781829832159,1895
1781829832161,1844
1781829832163,1822
1781829832165,1841
1781829832167,1880
1781829832169,1927
1781829832171,1978
1781829832173,2015
1781829832155,2029
1781829832157,1998
1781829832159,1938
1781829832161,1881
1781829832163,1855
1781829832165,1876
1781829832167,1910
1781829832169,1959
1781829832171,2012
1781829832173,2058
1781829832198,2080
1781829832200,2049
1781829832202,1997
1781829832204,1963
1781829832206,1959
1781829832208,1983
1781829832210,2027
1781829832212,2085
1781829832214,2139
1781829832216,2173
1781829832198,2178
1781829832200,2150
1781829832202,2102
1781829832204,2062
1781829832206,2044
1781829832208,2053
1781829832210,2090
1781829832212,2142
1781829832214,2196
1781829832216,2235
1781829832242,2243
1781829832244,2211
1781829832246,2155
1781829832248,2096
1781829832250,2071
1781829832252,2079
1781829832254,2118
1781829832256,2164
1781829832258,2215
1781829832260,2247
1781829832242,2253
1781829832244,2225
1781829832246,2165
1781829832248,2096
1781829832250,2061
1781829832252,2066
1781829832254,2103
1781829832256,2140
1781829832258,2170
1781829832260,2200
1781829832371,2190
1781829832373,2156
1781829832375,2093
1781829832377,2027
1781829832379,1990
1781829832381,1990
1781829832383,2014
1781829832385,2050
1781829832387,2082
1781829832389,2101
1781829832371,2083
1781829832373,2048
1781829832375,1979
1781829832377,1916
1781829832379,1896
1781829832381,1909
1781829832383,1945
1781829832385,1983
1781829832387,2011
1781829832389,2020
1781829832371,2003
1781829832373,1959
1781829832375,1893
1781829832377,1834
1781829832379,1809
1781829832381,1814
1781829832383,1839
1781829832385,1874
1781829832387,1907
1781829832389,1941
1781829832371,1945
1781829832373,1915
1781829832375,1859
1781829832377,1805
1781829832379,1772
1781829832381,1781
1781829832383,1818
1781829832385,1864
1781829832387,1898
1781829832389,1925
1781829832371,1937
1781829832373,1912
1781829832375,1857
1781829832377,1802
1781829832379,1776
1781829832381,1781
1781829832383,1810
1781829832385,1843
1781829832387,1877
1781829832389,1909
1781829832415,1927
1781829832417,1901
1781829832419,1845
1781829832421,1794
1781829832423,1776
1781829832425,1795
1781829832427,1833
1781829832429,1873
1781829832431,1916
1781829832433,1945
1781829832415,1946
1781829832417,1912
1781829832419,1852
1781829832421,1792
1781829832423,1771
1781829832425,1788
1781829832427,1821
1781829832429,1860
1781829832431,1897
1781829832433,1927
1781829832459,1930
1781829832461,1896
1781829832463,1839
1781829832465,1782
1781829832467,1755
1781829832469,1768
1781829832471,1807
1781829832473,1855
1781829832475,1902
1781829832477,1923
1781829832459,1923
1781829832461,1895
1781829832463,1843
1781829832465,1801
1781829832467,1778
1781829832469,1779
1781829832471,1802
1781829832473,1853
1781829832475,1905
1781829832477,1939
1781829832501,1935
1781829832503,1889
1781829832505,1818
1781829832507,1762
1781829832509,1734
1781829832511,1748
1781829832513,1787
1781829832515,1832
1781829832517,1872
1781829832519,1905
1781829832501,1914
1781829832503,1885
1781829832505,1833
1781829832507,1777
1781829832509,1748
1781829832511,1766
1781829832513,1807
1781829832515,1845
1781829832517,1854
1781829832519,1891
1781829832501,1899
1781829832503,1869
1781829832505,1806
1781829832507,1748
1781829832509,1730
1781829832511,1756
1781829832513,1804
1781829832515,1848
1781829832517,1896
1781829832519,1934
1781829832545,1928
1781829832547,1922
1781829832549,1881
1781829832551,1840
1781829832553,1830
1781829832555,1836
1781829832557,1868
1781829832559,1907
1781829832561,1956
1781829832563,1986
1781829832545,2008
1781829832547,1991
1781829832549,1940
1781829832551,1877
1781829832553,1838
1781829832555,1851
1781829832557,1894
1781829832559,1940
1781829832561,1984
1781829832563,2021
1781829832590,2037
1781829832592,2017
1781829832594,1976
1781829832596,1929
1781829832598,1905
1781829832600,1924
1781829832602,1956
1781829832604,1980
1781829832606,2010
1781829832608,2026
1781829832590,2014
1781829832592,1975
1781829832594,1925
1781829832596,1867
1781829832598,1828
1781829832600,1833
1781829832602,1873
1781829832604,1909
1781829832606,1946
1781829832608,1977
1781829832634,1966
1781829832636,1929
1781829832638,1875
1781829832640,1812
1781829832642,1782
1781829832644,1790
1781829832646,1828
1781829832648,1880
1781829832650,1928
1781829832652,1956
1781829832634,1947
1781829832636,1915
1781829832638,1870
1781829832640,1816
1781829832642,1796
1781829832644,1802
1781829832646,1826
1781829832648,1868
1781829832650,1915
1781829832652,1955
1781829832677,1967
1781829832679,1931
1781829832681,1872
1781829832683,1819
1781829832685,1777
1781829832687,1771
1781829832689,1803
1781829832691,1844
1781829832693,1883
1781829832695,1935
1781829832677,1943
1781829832679,1924
1781829832681,1876
1781829832683,1825
1781829832685,1792
1781829832687,1792
1781829832689,1816
1781829832691,1839
1781829832693,1862
1781829832695,1877
1781829832677,1870
1781829832679,1826
1781829832681,1773
1781829832683,1735
1781829832685,1743
1781829832687,1801
1781829832689,1909
1781829832691,2035
1781829832693,2172
1781829832695,2319
1781829832722,2459
1781829832724,2573
1781829832726,2657
1781829832728,2742
1781829832730,2829
1781829832732,2907
1781829832734,2980
1781829832736,3005
1781829832738,2996
1781829832740,2944
1781829832722,2835
1781829832724,2697
1781829832726,2530
1781829832728,2388
1781829832730,2289
1781829832732,2228
1781829832734,2196
1781829832736,2183
1781829832738,2176
1781829832740,2157
1781829832767,2129
1781829832769,2074
1781829832771,1984
1781829832773,1898
1781829832775,1850
1781829832777,1843
1781829832779,1863
1781829832781,1895
1781829832783,1931
1781829832785,1959
1781829832767,1960
1781829832769,1925
1781829832771,1861
1781829832773,1804
1781829832775,1773
1781829832777,1774
1781829832779,1801
1781829832781,1845
1781829832783,1894
1781829832785,1913
1781829832814,1908
1781829832816,1882
1781829832818,1844
1781829832820,1797
1781829832822,1777
1781829832824,1801
1781829832826,1846
1781829832828,1900
1781829832830,1950
1781829832832,1985
1781829832814,1987
1781829832816,1956
1781829832818,1900
1781829832820,1857
1781829832822,1840
1781829832824,1845
1781829832826,1869
1781829832828,1900
1781829832830,1953
1781829832832,1989
1781829832860,1992
1781829832862,1966
1781829832864,1921
1781829832866,1879
1781829832868,1862
1781829832870,1880
1781829832872,1920
1781829832874,1971
1781829832876,2018
1781829832878,2044
1781829832860,2064
1781829832862,2042
1781829832864,1991
1781829832866,1950
1781829832868,1926
1781829832870,1940
1781829832872,1980
1781829832874,2020
1781829832876,2067
1781829832878,2114
1781829832860,2131
1781829832862,2126
1781829832864,2096
1781829832866,2058
1781829832868,2036
1781829832870,2042
1781829832872,2085
1781829832874,2134
1781829832876,2180
1781829832878,2224
1781829832905,2240
1781829832907,2224
1781829832909,2168
1781829832911,2113
1781829832913,2086
1781829832915,2106
1781829832917,2151
1781829832919,2201
1781829832921,2242
1781829832923,2273
1781829832905,2278
1781829832907,2250
1781829832909,2188
1781829832911,2127
1781829832913,2106
1781829832915,2126
1781829832917,2170
1781829832919,2213
1781829832921,2258
1781829832923,2288
1781829832950,2299
1781829832952,2270
1781829832954,2212
1781829832956,2149
1781829832958,2114
1781829832960,2117
1781829832962,2150
1781829832964,2185
1781829832966,2216
1781829832968,2237
1781829832950,2239
1781829832952,2208
1781829832954,2144
1781829832956,2083
1781829832958,2046
1781829832960,2040
1781829832962,2065
1781829832964,2103
1781829832966,2146
1781829832968,2171
1781829832995,2170
1781829832997,2120
1781829832999,2054
1781829833001,1982
1781829833003,1948
1781829833005,1945
1781829833007,1969
1781829833009,2000
1781829833011,2033
1781829833013,2055
1781829832995,2046
1781829832997,2015
1781829832999,1963
1781829833001,1915
1781829833003,1891
1781829833005,1889
1781829833007,1918
1781829833009,1962
1781829833011,2000
1781829833013,2028
1781829833041,2028
1781829833043,1988
1781829833045,1915
1781829833047,1852
1781829833049,1829
1781829833051,1842
1781829833053,1887
1781829833055,1938
1781829833057,1979
1781829833059,2004
1781829833041,2006
1781829833043,1965
1781829833045,1910
1781829833047,1847
1781829833049,1811
1781829833051,1829
1781829833053,1867
1781829833055,1919
1781829833057,1963
1781829833059,1996
1781829833041,2006
1781829833043,1971
1781829833045,1920
1781829833047,1875
1781829833049,1844
1781829833051,1844
1781829833053,1867
1781829833055,1899
1781829833057,1938
1781829833059,1975
1781829833086,1980
1781829833088,1951
1781829833090,1894
1781829833092,1843
1781829833094,1823
1781829833096,1845
1781829833098,1886
1781829833100,1943
1781829833102,1984
1781829833104,2010
1781829833086,2004
1781829833088,1974
1781829833090,1925
1781829833092,1874
1781829833094,1841
1781829833096,1836
1781829833098,1876
1781829833100,1911
1781829833102,1947
1781829833104,1972
1781829833135,1986
1781829833137,1966
1781829833139,1914
1781829833141,1867
1781829833143,1853
1781829833145,1863
1781829833147,1882
1781829833149,1920
1781829833151,1959
1781829833153,1990
1781829833135,1982
1781829833137,1937
1781829833139,1866
1781829833141,1808
1781829833143,1780
1781829833145,1785
1781829833147,1822
1781829833149,1858
1781829833151,1896
1781829833153,1932
1781829833182,1957
1781829833184,1939
1781829833186,1877
1781829833188,1812
1781829833190,1776
1781829833192,1782
1781829833194,1821
1781829833196,1870
1781829833198,1917
1781829833200,1954
1781829833182,1963
1781829833184,1928
1781829833186,1874
1781829833188,1821
1781829833190,1796
1781829833192,1811
1781829833194,1859
1781829833196,1911
1781829833198,1951
1781829833200,1979
1781829833228,1958
1781829833230,1911
1781829833232,1866
1781829833234,1819
1781829833236,1811
1781829833238,1829
1781829833240,1870
1781829833242,1927
1781829833244,1963
1781829833246,1983
1781829833228,1994
1781829833230,1960
1781829833232,1905
1781829833234,1858
1781829833236,1843
1781829833238,1862
1781829833240,1904
1781829833242,1963
1781829833244,2022
1781829833246,2057
1781829833228,2059
1781829833230,2022
1781829833232,1973
1781829833234,1940
1781829833236,1926
1781829833238,1939
1781829833240,1980
1781829833242,2025
1781829833244,2062
1781829833246,2094
1781829833276,2111
1781829833278,2086
1781829833280,2039
1781829833282,1990
1781829833284,1959
1781829833286,1958
1781829833288,1979
1781829833290,2005
1781829833292,2038
1781829833294,2057
1781829833276,2053
1781829833278,2018
1781829833280,1951
1781829833282,1885
1781829833284,1839
1781829833286,1835
1781829833288,1856
1781829833290,1873
1781829833292,1900
1781829833294,1944
1781829833276,1962
1781829833278,1941
1781829833280,1898
1781829833282,1855
1781829833284,1849
1781829833286,1885
1781829833288,1911
1781829833290,1939
1781829833292,1971
1781829833294,1996
1781829833276,1992
1781829833278,1953
1781829833280,1892
1781829833282,1840
1781829833284,1825
1781829833286,1846
1781829833288,1884
1781829833290,1919
1781829833292,1949
1781829833294,1988
1781829833362,1997
1781829833364,1970
1781829833366,1913
1781829833368,1840
1781829833370,1800
1781829833372,1820
1781829833374,1868
1781829833376,1922
1781829833378,1980
1781829833380,2023
1781829833362,2031
1781829833364,1990
1781829833366,1916
1781829833368,1848
1781829833370,1805
1781829833372,1790
1781829833374,1814
1781829833376,1837
1781829833378,1871
1781829833380,1899
1781829833410,1914
1781829833412,1910
1781829833414,1879
1781829833416,1871
1781829833418,1910
1781829833420,2000
1781829833422,2135
1781829833424,2296
1781829833426,2471
1781829833428,2646
1781829833410,2806
1781829833412,2934
1781829833414,3012
1781829833416,3049
1781829833418,3063
1781829833420,3065
1781829833422,3044
1781829833424,2991
1781829833426,2917
1781829833428,2838
1781829833410,2738
1781829833412,2602
1781829833414,2443
1781829833416,2311
1781829833418,2223
1781829833420,2178
1781829833422,2160
1781829833424,2155
1781829833426,2164
1781829833428,2184
1781829833460,2166
1781829833462,2101
1781829833464,2013
1781829833466,1940
1781829833468,1912
1781829833470,1924
1781829833472,1960
1781829833474,1989
1781829833476,2024
1781829833478,2046
1781829833460,2050
1781829833462,2013
1781829833464,1954
1781829833466,1890
1781829833468,1869
1781829833470,1886
1781829833472,1930
1781829833474,1976
1781829833476,2016
1781829833478,2049
1781829833460,2060
1781829833462,2035
1781829833464,1983
1781829833466,1934
1781829833468,1912
1781829833470,1917
1781829833472,1962
1781829833474,2021
1781829833476,2075
1781829833478,2111
1781829833460,2114
1781829833462,2081
1781829833464,2014
1781829833466,1966
1781829833468,1944
1781829833470,1960
1781829833472,1996
1781829833474,2048
1781829833476,2102
1781829833478,2146
1781829833506,2154
1781829833508,2116
1781829833510,2053
1781829833512,2004
1781829833514,1991
1781829833516,2015
1781829833518,2047
1781829833520,2091
1781829833522,2146
1781829833524,2181
1781829833506,2190
1781829833508,2164
1781829833510,2115
1781829833512,2077
1781829833514,2063
1781829833516,2082
1781829833518,2130
1781829833520,2185
1781829833522,2223
1781829833524,2232
1781829833551,2246
1781829833553,2219
1781829833555,2175
1781829833557,2146
1781829833559,2140
1781829833561,2146
1781829833563,2181
1781829833565,2226
1781829833567,2276
1781829833569,2321
1781829833551,2332
1781829833553,2324
1781829833555,2280
1781829833557,2226
1781829833559,2201
1781829833561,2223
1781829833563,2270
1781829833565,2311
1781829833567,2353
1781829833569,2386
1781829833597,2387
1781829833599,2349
1781829833601,2292
1781829833603,2238
1781829833605,2217
1781829833607,2226
1781829833609,2264
1781829833611,2315
1781829833613,2343
1781829833615,2367
1781829833597,2379
1781829833599,2344
1781829833601,2268
1781829833603,2225
1781829833605,2209
1781829833607,2216
1781829833609,2238
1781829833611,2282
1781829833613,2327
1781829833615,2345
1781829833597,2337
1781829833599,2295
1781829833601,2224
1781829833603,2157
1781829833605,2123
1781829833607,2126
1781829833609,2162
1781829833611,2199
1781829833613,2219
1781829833615,2220
1781829833644,2209
1781829833646,2172
1781829833648,2114
1781829833650,2049
1781829833652,2023
1781829833654,2032
1781829833656,2067
1781829833658,2096
1781829833660,2131
1781829833662,2175
1781829833644,2194
1781829833646,2163
1781829833648,2102
1781829833650,2041
1781829833652,2006
1781829833654,1997
1781829833656,2009
1781829833658,2039
1781829833660,2082
1781829833662,2115
1781829833689,2122
1781829833691,2087
1781829833693,2029
1781829833695,1977
1781829833697,1952
1781829833699,1970
1781829833701,2015
1781829833703,2061
1781829833705,2100
1781829833707,2123
1781829833689,2134
1781829833691,2103
1781829833693,2041
1781829833695,1974
1781829833697,1943
1781829833699,1954
1781829833701,1988
1781829833703,2028
1781829833705,2059
1781829833707,2084
1781829833689,2089
1781829833691,2061
1781829833693,2012
1781829833695,1965
1781829833697,1948
1781829833699,1961
1781829833701,1996
1781829833703,2039
1781829833705,2079
1781829833707,2103
1781829833734,2110
1781829833736,2078
1781829833738,2014
1781829833740,1960
1781829833742,1929
1781829833744,1941
1781829833746,1977
1781829833748,2014
1781829833750,2058
1781829833752,2091
1781829833825,2100
1781829833827,2075
1781829833829,2030
1781829833831,1981
1781829833833,1947
1781829833835,1939
1781829833837,1966
1781829833839,2003
1781829833841,2040
1781829833843,2072
1781829833825,2079
1781829833827,2033
1781829833829,1973
1781829833831,1920
1781829833833,1892
1781829833835,1899
1781829833837,1937
1781829833839,1983
1781829833841,2021
1781829833843,2046
1781829833825,2050
1781829833827,2028
1781829833829,1977
1781829833831,1933
1781829833833,1912
1781829833835,1919
1781829833837,1957
1781829833839,2002
1781829833841,2024
1781829833843,2031
1781829833826,2025
1781829833828,1986
1781829833830,1926
1781829833832,1871
1781829833834,1843
1781829833836,1846
1781829833838,1897
1781829833840,1957
1781829833842,2008
1781829833844,2034
1781829833826,2035
1781829833828,2005
1781829833830,1952
1781829833832,1900
1781829833834,1879
1781829833836,1891
1781829833838,1928
1781829833840,1966
1781829833842,2000
1781829833844,2024
1781829833868,2032
1781829833870,2003
1781829833872,1944
1781829833874,1891
1781829833876,1874
1781829833878,1905
1781829833880,1948
1781829833882,1998
1781829833884,2056
1781829833886,2097
1781829833868,2106
1781829833870,2087
1781829833872,2024
1781829833874,1974
1781829833876,1946
1781829833878,1961
1781829833880,1995
1781829833882,2047
1781829833884,2104
1781829833886,2138
1781829833911,2155
1781829833913,2124
1781829833915,2061
1781829833917,2000
1781829833919,1966
1781829833921,1969
1781829833923,2011
1781829833925,2066
1781829833927,2112
1781829833929,2124
1781829833911,2115
1781829833913,2069
1781829833915,2000
1781829833917,1947
1781829833919,1908
1781829833921,1900
1781829833923,1924
1781829833925,1964
1781829833927,2004
1781829833929,2037
1781829833951,2034
1781829833953,1998
1781829833955,1931
1781829833957,1870
1781829833959,1834
1781829833961,1840
1781829833963,1878
1781829833965,1923
1781829833967,1971
1781829833969,1996
1781829833951,2006
1781829833953,1964
1781829833955,1910
1781829833957,1875
1781829833959,1864
1781829833961,1882
1781829833963,1924
1781829833965,1963
1781829833967,2004
1781829833969,2023
1781829833951,2022
1781829833953,1986
1781829833955,1932
1781829833957,1877
1781829833959,1844
1781829833961,1859
1781829833963,1901
1781829833965,1943
1781829833967,1971
1781829833969,1994
1781829833997,1993
1781829833999,1954
1781829834001,1893
1781829834003,1828
1781829834005,1804
1781829834007,1816
1781829834009,1859
1781829834011,1898
1781829834013,1930
1781829834015,1947
1781829833997,1941
1781829833999,1894
1781829834001,1828
1781829834003,1780
1781829834005,1792
1781829834007,1853
1781829834009,1959
1781829834011,2077
1781829834013,2217
1781829834015,2368
1781829834079,2504
1781829834081,2615
1781829834083,2696
1781829834085,2776
1781829834087,2860
1781829834089,2949
1781829834091,3007
1781829834093,3031
1781829834095,3020
1781829834097,2948
1781829834079,2824
1781829834081,2672
1781829834083,2491
1781829834085,2329
1781829834087,2213
1781829834089,2158
1781829834091,2151
1781829834093,2157
1781829834095,2150
1781829834097,2137
1781829834125,2112
1781829834127,2052
1781829834129,1968
1781829834131,1881
1781829834133,1825
1781829834135,1813
1781829834137,1829
1781829834139,1858
1781829834141,1892
1781829834143,1913
1781829834125,1916
1781829834127,1882
1781829834129,1822
1781829834131,1768
1781829834133,1740
1781829834135,1736
1781829834137,1765
1781829834139,1817
1781829834141,1857
1781829834143,1874
1781829834169,1867
1781829834171,1821
1781829834173,1764
1781829834175,1722
1781829834177,1708
1781829834179,1732
1781829834181,1778
1781829834183,1833
1781829834185,1890
1781829834187,1915
1781829834169,1912
1781829834171,1869
1781829834173,1802
1781829834175,1748
1781829834177,1720
1781829834179,1728
1781829834181,1769
1781829834183,1816
1781829834185,1863
1781829834187,1900
1781829834169,1907
1781829834171,1877
1781829834173,1830
1781829834175,1777
1781829834177,1749
1781829834179,1754
1781829834181,1800
1781829834183,1851
1781829834185,1894
1781829834187,1924
1781829834212,1929
1781829834214,1898
1781829834216,1848
1781829834218,1806
1781829834220,1787
1781829834222,1808
1781829834224,1847
1781829834226,1883
1781829834228,1927
1781829834230,1967
1781829834212,1978
1781829834214,1956
1781829834216,1904
1781829834218,1850
1781829834220,1830
1781829834222,1846
1781829834224,1885
1781829834226,1933
1781829834228,1988
1781829834230,2014
1781829834256,2016
1781829834258,1973
1781829834260,1909
1781829834262,1849
1781829834264,1836
1781829834266,1864
1781829834268,1904
1781829834270,1955
1781829834272,2015
1781829834274,2057
1781829834256,2072
1781829834258,2035
1781829834260,1973
1781829834262,1913
1781829834264,1880
1781829834266,1883
1781829834268,1919
1781829834270,1980
1781829834272,2031
1781829834274,2056
1781829834301,2053
1781829834303,2009
1781829834305,1955
1781829834307,1921
1781829834309,1913
1781829834311,1927
1781829834313,1949
1781829834315,1968
1781829834317,1990
1781829834319,1998
1781829834301,1975
1781829834303,1931
1781829834305,1867
1781829834307,1801
1781829834309,1773
1781829834311,1781
1781829834313,1812
1781829834315,1853
1781829834317,1889
1781829834319,1921
1781829834345,1924
1781829834347,1887
1781829834349,1820
1781829834351,1761
1781829834353,1727
1781829834355,1719
1781829834357,1741
1781829834359,1776
1781829834361,1814
1781829834363,1838
1781829834345,1826
1781829834347,1785
1781829834349,1727
1781829834351,1680
1781829834353,1654
1781829834355,1664
1781829834357,1694
1781829834359,1733
1781829834361,1777
1781829834363,1806
1781829834345,1812
1781829834347,1786
1781829834349,1729
1781829834351,1670
1781829834353,1621
1781829834355,1611
1781829834357,1635
1781829834359,1672
1781829834361,1713
1781829834363,1740
1781829834442,1754
1781829834444,1730
1781829834446,1676
1781829834448,1623
1781829834450,1602
1781829834452,1616
1781829834454,1649
1781829834456,1695
1781829834458,1741
1781829834460,1766
1781829834442,1762
1781829834444,1724
1781829834446,1658
1781829834448,1597
1781829834450,1572
1781829834452,1590
1781829834454,1634
1781829834456,1681
1781829834458,1718
1781829834460,1741
1781829834442,1744
1781829834444,1715
1781829834446,1659
1781829834448,1601
1781829834450,1579
1781829834452,1591
1781829834454,1621
1781829834456,1653
1781829834458,1686
1781829834460,1705
1781829834442,1702
1781829834444,1665
1781829834446,1612
1781829834448,1573
1781829834450,1557
1781829834452,1577
1781829834454,1612
1781829834456,1652
1781829834458,1679
1781829834460,1696
1781829834528,1701
1781829834530,1673
1781829834532,1623
1781829834534,1576
1781829834536,1559
1781829834538,1568
1781829834540,1592
1781829834542,1621
1781829834544,1652
1781829834546,1664
1781829834528,1650
1781829834530,1609
1781829834532,1548
1781829834534,1482
1781829834536,1459
1781829834538,1462
1781829834540,1485
1781829834542,1515
1781829834544,1548
1781829834546,1579
1781829834528,1584
1781829834530,1556
1781829834532,1505
1781829834534,1460
1781829834536,1441
1781829834538,1448
1781829834540,1472
1781829834542,1503
1781829834544,1540
1781829834546,1570
1781829834528,1575
1781829834530,1544
1781829834532,1487
1781829834534,1435
1781829834536,1410
1781829834538,1425
1781829834540,1458
1781829834542,1507
1781829834544,1548
1781829834546,1572
1781829834528,1568
1781829834530,1525
1781829834532,1453
1781829834534,1381
1781829834536,1352
1781829834538,1361
1781829834540,1417
1781829834542,1492
1781829834544,1559
1781829834546,1598
1781829834605,1603
1781829834607,1568
1781829834609,1507
1781829834611,1452
1781829834613,1441
1781829834615,1467
1781829834617,1511
1781829834619,1564
1781829834621,1613
1781829834623,1644
1781829834605,1648
1781829834607,1613
1781829834609,1539
1781829834611,1477
1781829834613,1449
1781829834615,1441
1781829834617,1447
1781829834619,1465
1781829834621,1497
1781829834623,1526
1781829834680,1528
1781829834682,1480
1781829834684,1414
1781829834686,1352
1781829834688,1324
1781829834690,1324
1781829834692,1359
1781829834694,1412
1781829834696,1455
1781829834698,1483
1781829834680,1482
1781829834682,1448
1781829834684,1387
1781829834686,1331
1781829834688,1296
1781829834690,1300
1781829834692,1344
1781829834694,1399
1781829834696,1443
1781829834698,1459
1781829834680,1457
1781829834682,1420
1781829834684,1357
1781829834686,1296
1781829834688,1260
1781829834690,1257
1781829834692,1277
1781829834694,1316
1781829834696,1372
1781829834698,1413
1781829834680,1421
1781829834682,1382
1781829834684,1316
1781829834686,1248
1781829834688,1215
1781829834690,1235
1781829834692,1280
1781829834694,1330
1781829834696,1371
1781829834698,1399
1781829834681,1407
1781829834683,1373
1781829834685,1312
1781829834687,1246
1781829834689,1198
1781829834691,1190
1781829834693,1222
1781829834695,1257
1781829834697,1283
1781829834699,1296
1781829834681,1287
1781829834683,1262
1781829834685,1235
1781829834687,1230
1781829834689,1259
1781829834691,1337
1781829834693,1457
1781829834695,1612
1781829834697,1779
1781829834699,1943
1781829834681,2074
1781829834683,2164
1781829834685,2233
1781829834687,2272
1781829834689,2305
1781829834691,2331
1781829834693,2329
1781829834695,2291
1781829834697,2235
1781829834699,2151
1781829834747,2043
1781829834749,1907
1781829834751,1767
1781829834753,1652
1781829834755,1580
1781829834757,1553
1781829834759,1547
1781829834761,1543
1781829834763,1538
1781829834765,1527
1781829834747,1500
1781829834749,1438
1781829834751,1351
1781829834753,1280
1781829834755,1240
1781829834757,1241
1781829834759,1266
1781829834761,1304
1781829834763,1338
1781829834765,1360
1781829834814,1357
1781829834816,1317
1781829834818,1246
1781829834820,1185
1781829834822,1157
1781829834824,1168
1781829834826,1198
1781829834828,1234
1781829834830,1267
1781829834832,1300
1781829834814,1312
1781829834816,1290
1781829834818,1230
1781829834820,1169
1781829834822,1143
1781829834824,1166
1781829834826,1199
1781829834828,1244
1781829834830,1285
1781829834832,1308
1781829834814,1303
1781829834816,1261
1781829834818,1215
1781829834820,1176
1781829834822,1172
1781829834824,1200
1781829834826,1254
1781829834828,1297
1781829834830,1343
1781829834832,1374
1781829834814,1383
1781829834816,1362
1781829834818,1310
1781829834820,1264
1781829834822,1250
1781829834824,1258
1781829834826,1292
1781829834828,1335
1781829834830,1383
1781829834832,1434
1781829834881,1463
1781829834883,1434
1781829834885,1373
1781829834887,1318
1781829834889,1293
1781829834891,1307
1781829834893,1352
1781829834895,1403
1781829834897,1450
1781829834899,1487
1781829834881,1492
1781829834883,1464
1781829834885,1415
1781829834887,1363
1781829834889,1354
1781829834891,1381
1781829834893,1425
1781829834895,1470
1781829834897,1501
1781829834899,1527
1781829834881,1552
1781829834883,1526
1781829834885,1476
1781829834887,1437
1781829834889,1418
1781829834891,1441
1781829834893,1487
1781829834895,1540
1781829834897,1590
1781829834899,1623
1781829834914,1620
1781829834916,1576
1781829834918,1511
1781829834920,1455
1781829834922,1439
1781829834924,1450
1781829834926,1487
1781829834928,1519
1781829834930,1548
1781829834932,1572
1781829834914,1585
1781829834916,1555
1781829834918,1494
1781829834920,1433
1781829834922,1406
1781829834924,1419
1781829834926,1460
1781829834928,1507
1781829834930,1533
1781829834932,1550
1781829834947,1559
1781829834949,1526
1781829834951,1462
1781829834953,1403
1781829834955,1378
1781829834957,1396
1781829834959,1429
1781829834961,1465
1781829834963,1498
1781829834965,1519
1781829834947,1511
1781829834949,1470
1781829834951,1416
1781829834953,1369
1781829834955,1345
1781829834957,1356
1781829834959,1385
1781829834961,1420
1781829834963,1451
1781829834965,1477
1781829835014,1469
1781829835016,1431
1781829835018,1376
1781829835020,1327
1781829835022,1304
1781829835024,1306
1781829835026,1338
1781829835028,1378
1781829835030,1417
1781829835032,1443
1781829835014,1442
1781829835016,1404
1781829835018,1346
1781829835020,1281
1781829835022,1250
1781829835024,1253
1781829835026,1278
1781829835028,1319
1781829835030,1373
1781829835032,1410
1781829835047,1413
1781829835049,1380
1781829835051,1326
1781829835053,1279
1781829835055,1268
1781829835057,1289
1781829835059,1335
1781829835061,1380
1781829835063,1415
1781829835065,1448
1781829835047,1444
1781829835049,1402
1781829835051,1343
1781829835053,1293
1781829835055,1276
1781829835057,1294
1781829835059,1332
1781829835061,1383
1781829835063,1428
1781829835065,1464
1781829835047,1476
1781829835049,1453
1781829835051,1406
1781829835053,1375
1781829835055,1361
1781829835057,1367
1781829835059,1398
1781829835061,1441
1781829835063,1492
1781829835065,1531
1781829835079,1541
1781829835081,1504
1781829835083,1452
1781829835085,1409
1781829835087,1394
1781829835089,1407
1781829835091,1445
1781829835093,1482
1781829835095,1519
1781829835097,1551
1781829835079,1553
1781829835081,1513
1781829835083,1457
1781829835085,1396
1781829835087,1372
1781829835089,1378
1781829835091,1404
1781829835093,1448
1781829835095,1501
1781829835097,1540
1781829835136,1552
1781829835138,1535
1781829835140,1490
1781829835142,1442
1781829835144,1413
1781829835146,1431
1781829835148,1470
1781829835150,1508
1781829835152,1562
1781829835154,1598
1781829835136,1609
1781829835138,1571
1781829835140,1515
1781829835142,1471
1781829835144,1447
1781829835146,1452
1781829835148,1488
1781829835150,1538
1781829835152,1601
1781829835154,1642
1781829835167,1654
1781829835169,1633
1781829835171,1589
1781829835173,1545
1781829835175,1526
1781829835177,1547
1781829835179,1582
1781829835181,1628
1781829835183,1681
1781829835185,1728
1781829835167,1736
1781829835169,1714
1781829835171,1679
1781829835173,1640
1781829835175,1629
1781829835177,1656
1781829835179,1711
1781829835181,1762
1781829835183,1810
1781829835185,1835
1781829835167,1845
1781829835169,1817
1781829835171,1769
1781829835173,1733
1781829835175,1727
1781829835177,1763
1781829835179,1809
1781829835181,1854
1781829835183,1890
1781829835185,1910
1781829835230,1907
1781829835232,1869
1781829835234,1825
1781829835236,1774
1781829835238,1748
1781829835240,1743
1781829835242,1771
1781829835244,1801
1781829835246,1834
1781829835248,1865
1781829835230,1866
1781829835232,1829
1781829835234,1771
1781829835236,1720
1781829835238,1693
1781829835240,1704
1781829835242,1751
1781829835244,1812
1781829835246,1857
1781829835248,1892
1781829835263,1890
1781829835265,1863
1781829835267,1823
1781829835269,1783
1781829835271,1759
1781829835273,1773
1781829835275,1810
1781829835277,1851
1781829835279,1883
1781829835281,1905
1781829835263,1914
1781829835265,1891
1781829835267,1839
1781829835269,1782
1781829835271,1762
1781829835273,1773
1781829835275,1816
1781829835277,1855
1781829835279,1892
1781829835281,1922
1781829835330,1924
1781829835332,1889
1781829835334,1837
1781829835336,1800
1781829835338,1794
1781829835340,1831
1781829835342,1880
1781829835344,1932
1781829835346,1970
1781829835348,1981
1781829835330,1964
1781829835332,1915
1781829835334,1841
1781829835336,1781
1781829835338,1748
1781829835340,1758
1781829835342,1806
1781829835344,1879
1781829835346,1966
1781829835348,2051
1781829835360,2145
1781829835362,2223
1781829835364,2283
1781829835366,2365
1781829835368,2481
1781829835370,2640
1781829835372,2819
1781829835374,2997
1781829835376,3150
1781829835378,3237
1781829835360,3238
1781829835362,3150
1781829835364,3001
1781829835366,2832
1781829835368,2696
1781829835370,2592
1781829835372,2518
1781829835374,2467
1781829835376,2424
1781829835378,2398
1781829835360,2364
1781829835362,2297
1781829835364,2206
1781829835366,2111
1781829835368,2049
1781829835370,2016
1781829835372,2019
1781829835374,2049
1781829835376,2077
1781829835378,2084
1781829835430,2062
1781829835432,2024
1781829835434,1960
1781829835436,1898
1781829835438,1870
1781829835440,1875
1781829835442,1908
1781829835444,1954
1781829835446,1994
1781829835448,2021
1781829835430,2009
1781829835432,1971
1781829835434,1922
1781829835436,1864
1781829835438,1840
1781829835440,1869
1781829835442,1915
1781829835444,1964
1781829835446,2009
1781829835448,2036
1781829835459,2027
1781829835461,1989
1781829835463,1935
1781829835465,1890
1781829835467,1878
1781829835469,1907
1781829835471,1960
1781829835473,2006
1781829835475,2053
1781829835477,2086
1781829835459,2092
1781829835461,2050
1781829835463,1996
1781829835465,1950
1781829835467,1938
1781829835469,1955
1781829835471,2002
1781829835473,2049
1781829835475,2086
1781829835477,2103
1781829835492,2104
1781829835494,2087
1781829835496,2042
1781829835498,2002
1781829835500,1981
1781829835502,1986
1781829835504,2024
1781829835506,2078
1781829835508,2125
1781829835510,2154
1781829835492,2147
1781829835494,2129
1781829835496,2091
1781829835498,2042
1781829835500,2019
1781829835502,2038
1781829835504,2093
1781829835506,2153
1781829835508,2188
1781829835510,2207
1781829835525,2205
1781829835527,2176
1781829835529,2132
1781829835531,2090
1781829835533,2072
1781829835535,2083
1781829835537,2116
1781829835539,2158
1781829835541,2191
1781829835543,2208
1781829835525,2207
1781829835527,2177
1781829835529,2123
1781829835531,2075
1781829835533,2052
1781829835535,2065
1781829835537,2104
1781829835539,2145
1781829835541,2177
1781829835543,2209
1781829835525,2211
1781829835527,2160
1781829835529,2098
1781829835531,2053
1781829835533,2030
1781829835535,2044
1781829835537,2080
1781829835539,2114
1781829835541,2144
1781829835543,2158
1781829835586,2148
1781829835588,2113
1781829835590,2070
1781829835592,2023
1781829835594,2001
1781829835596,2008
1781829835598,2041
1781829835600,2079
1781829835602,2113
1781829835604,2132
1781829835586,2109
1781829835588,2053
1781829835590,1976
1781829835592,1910
1781829835594,1879
1781829835596,1877
1781829835598,1896
1781829835600,1925
1781829835602,1956
1781829835604,1974
1781829835618,1974
1781829835620,1936
1781829835622,1879
1781829835624,1834
1781829835626,1812
1781829835628,1805
1781829835630,1831
1781829835632,1870
1781829835634,1903
1781829835636,1933
1781829835618,1936
1781829835620,1897
1781829835622,1830
1781829835624,1769
1781829835626,1742
1781829835628,1744
1781829835630,1765
1781829835632,1796
1781829835634,1836
1781829835636,1873
1781829835682,1888
1781829835684,1865
1781829835686,1828
1781829835688,1798
1781829835690,1796
1781829835692,1815
1781829835694,1843
1781829835696,1878
1781829835698,1897
1781829835700,1912
1781829835682,1918
1781829835684,1886
1781829835686,1826
1781829835688,1776
1781829835690,1755
1781829835692,1770
1781829835694,1811
1781829835696,1860
1781829835698,1910
1781829835700,1950
1781829835713,1958
1781829835715,1933
1781829835717,1879
1781829835719,1835
1781829835721,1820
1781829835723,1824
1781829835725,1837
1781829835727,1867
1781829835729,1894
1781829835731,1932
1781829835713,1944
1781829835715,1917
1781829835717,1868
1781829835719,1825
1781829835721,1802
1781829835723,1815
1781829835725,1841
1781829835727,1873
1781829835729,1907
1781829835731,1927
1781829835713,1922
1781829835715,1888
1781829835717,1841
1781829835719,1807
1781829835721,1799
1781829835723,1814
1781829835725,1850
1781829835727,1879
1781829835729,1907
1781829835731,1938
1781829835750,1945
1781829835752,1924
1781829835754,1869
1781829835756,1823
1781829835758,1800
1781829835760,1818
1781829835762,1847
1781829835764,1884
1781829835766,1911
1781829835768,1924
1781829835750,1917
1781829835752,1884
1781829835754,1828
1781829835756,1778
1781829835758,1762
1781829835760,1782
1781829835762,1818
1781829835764,1867
1781829835766,1912
1781829835768,1944
1781829835813,1954
1781829835815,1932
1781829835817,1874
1781829835819,1819
1781829835821,1793
1781829835823,1810
1781829835825,1858
1781829835827,1893
1781829835829,1926
1781829835831,1947
1781829835813,1944
1781829835815,1915
1781829835817,1875
1781829835819,1845
1781829835821,1843
1781829835823,1864
1781829835825,1899
1781829835827,1939
1781829835829,1968
1781829835831,2001
1781829835846,2000
1781829835848,1969
1781829835850,1921
1781829835852,1872
1781829835854,1854
1781829835856,1877
1781829835858,1924
1781829835860,1962
1781829835862,2000
1781829835864,2017
1781829835846,2011
1781829835848,1959
1781829835850,1884
1781829835852,1821
1781829835854,1798
1781829835856,1805
1781829835858,1831
1781829835860,1854
1781829835862,1880
1781829835864,1898
1781829835909,1898
1781829835911,1857
1781829835913,1796
1781829835915,1745
1781829835917,1721
1781829835919,1742
1781829835921,1777
1781829835923,1816
1781829835925,1858
1781829835927,1891
1781829835909,1890
1781829835911,1863
1781829835913,1813
1781829835915,1764
1781829835917,1749
1781829835919,1763
1781829835921,1794
1781829835923,1829
1781829835925,1856
1781829835927,1875
1781829835909,1877
1781829835911,1848
1781829835913,1795
1781829835915,1750
1781829835917,1735
1781829835919,1762
1781829835921,1811
1781829835923,1855
1781829835925,1895
1781829835927,1921
1781829835937,1922
1781829835939,1895
1781829835941,1838
1781829835943,1780
1781829835945,1759
1781829835947,1768
1781829835949,1793
1781829835951,1822
1781829835953,1839
1781829835955,1858
1781829835937,1848
1781829835939,1805
1781829835941,1747
1781829835943,1694
1781829835945,1671
1781829835947,1696
1781829835949,1763
1781829835951,1854
1781829835953,1955
1781829835955,2052
1781829835975,2142
1781829835977,2228
1781829835979,2319
1781829835981,2427
1781829835983,2549
1781829835985,2678
1781829835987,2819
1781829835989,2924
1781829835991,2979
1781829835993,2972
1781829835975,2906
1781829835977,2774
1781829835979,2595
1781829835981,2418
1781829835983,2279
1781829835985,2186
1781829835987,2144
1781829835989,2126
1781829835991,2105
1781829835993,2081
1781829836034,2035
1781829836036,1970
1781829836038,1893
1781829836040,1822
1781829836042,1773
1781829836044,1758
1781829836046,1777
1781829836048,1812
1781829836050,1850
1781829836052,1876
1781829836034,1872
1781829836036,1824
1781829836038,1754
1781829836040,1685
1781829836042,1658
1781829836044,1669
1781829836046,1694
1781829836048,1723
1781829836050,1754
1781829836052,1772
1781829836066,1765
1781829836068,1736
1781829836070,1698
1781829836072,1667
1781829836074,1661
1781829836076,1691
1781829836078,1728
1781829836080,1765
1781829836082,1798
1781829836084,1826
1781829836066,1811
1781829836068,1773
1781829836070,1721
1781829836072,1674
1781829836074,1646
1781829836076,1654
1781829836078,1693
1781829836080,1734
1781829836082,1783
1781829836084,1823
1781829836066,1834
1781829836068,1802
1781829836070,1745
1781829836072,1697
1781829836074,1677
1781829836076,1685
1781829836078,1728
1781829836080,1776
1781829836082,1816
1781829836084,1839
1781829836129,1843
1781829836131,1824
1781829836133,1778
1781829836135,1737
1781829836137,1725
1781829836139,1754
1781829836141,1788
1781829836143,1826
1781829836145,1858
1781829836147,1896
1781829836162,1911
1781829836164,1893
1781829836166,1853
1781829836168,1819
1781829836170,1804
1781829836172,1820
1781829836174,1851
1781829836176,1893
1781829836178,1939
1781829836180,1967
1781829836162,1972
1781829836164,1939
1781829836166,1880
1781829836168,1833
1781829836170,1832
1781829836172,1868
1781829836174,1918
1781829836176,1958
1781829836178,1996
1781829836180,2029
1781829836162,2038
1781829836164,2002
1781829836166,1941
1781829836168,1885
1781829836170,1853
1781829836172,1862
1781829836174,1894
1781829836176,1931
1781829836178,1953
1781829836180,1989
1781829836224,1976
1781829836226,1943
1781829836228,1891
1781829836230,1848
1781829836232,1834
1781829836234,1839
1781829836236,1867
1781829836238,1913
1781829836240,1959
1781829836242,1990
1781829836224,1982
1781829836226,1950
1781829836228,1893
1781829836230,1822
1781829836232,1774
1781829836234,1768
1781829836236,1793
1781829836238,1828
1781829836240,1855
1781829836242,1872
1781829836260,1866
1781829836262,1824
1781829836264,1772
1781829836266,1727
1781829836268,1702
1781829836270,1713
1781829836272,1737
1781829836274,1775
1781829836276,1824
1781829836278,1848
1781829836260,1845
1781829836262,1808
1781829836264,1747
1781829836266,1688
1781829836268,1651
1781829836270,1664
1781829836272,1700
1781829836274,1743
1781829836276,1784
1781829836278,1818
1781829836260,1824
1781829836262,1788
1781829836264,1723
1781829836266,1668
1781829836268,1658
1781829836270,1676
1781829836272,1710
1781829836274,1749
1781829836276,1782
1781829836278,1804
1781829836295,1812
1781829836297,1795
1781829836299,1752
1781829836301,1714
1781829836303,1700
1781829836305,1711
1781829836307,1747
1781829836309,1787
1781829836311,1828
1781829836313,1867
1781829836358,1877
1781829836360,1840
1781829836362,1783
1781829836364,1738
1781829836366,1730
1781829836368,1753
1781829836370,1785
1781829836372,1822
1781829836374,1864
1781829836376,1898
1781829836358,1906
1781829836360,1864
1781829836362,1798
1781829836364,1752
1781829836366,1741
1781829836368,1745
1781829836370,1776
1781829836372,1824
1781829836374,1867
1781829836376,1900
1781829836358,1905
1781829836360,1875
1781829836362,1832
1781829836364,1792
1781829836366,1775
1781829836368,1793
1781829836370,1828
1781829836372,1859
1781829836374,1903
1781829836376,1937
1781829836386,1938
1781829836388,1897
1781829836390,1839
1781829836392,1789
1781829836394,1770
1781829836396,1783
1781829836398,1823
1781829836400,1870
1781829836402,1906
1781829836404,1946
1781829836386,1936
1781829836388,1905
1781829836390,1852
1781829836392,1808
1781829836394,1786
1781829836396,1787
1781829836398,1810
1781829836400,1838
1781829836402,1863
1781829836404,1884
1781829836386,1893
1781829836388,1862
1781829836390,1813
1781829836392,1765
1781829836394,1743
1781829836396,1764
1781829836398,1812
1781829836400,1862
1781829836402,1909
1781829836404,1942
1781829836453,1955
1781829836455,1936
1781829836457,1884
1781829836459,1835
1781829836461,1814
1781829836463,1836
1781829836465,1873
1781829836467,1913
1781829836469,1957
1781829836471,1995
1781829836482,2000
1781829836484,1964
1781829836486,1913
1781829836488,1876
1781829836490,1861
1781829836492,1875
1781829836494,1913
1781829836496,1955
1781829836498,1994
1781829836500,2024
1781829836483,2030
1781829836485,1990
1781829836487,1940
1781829836489,1893
1781829836491,1870
1781829836493,1878
1781829836495,1908
1781829836497,1941
1781829836499,1962
1781829836501,1985
1781829836483,1981
1781829836485,1940
1781829836487,1871
1781829836489,1807
1781829836491,1776
1781829836493,1780
1781829836495,1806
1781829836497,1850
1781829836499,1890
1781829836501,1929
1781829836517,1944
1781829836519,1914
1781829836521,1855
1781829836523,1786
1781829836525,1751
1781829836527,1762
1781829836529,1811
1781829836531,1853
1781829836533,1883
1781829836535,1927
1781829836517,1937
1781829836519,1903
1781829836521,1845
1781829836523,1801
1781829836525,1786
1781829836527,1804
1781829836529,1839
1781829836531,1877
1781829836533,1910
1781829836535,1937
1781829836577,1929
1781829836579,1884
1781829836581,1824
1781829836583,1775
1781829836585,1750
1781829836587,1760
1781829836589,1808
1781829836591,1858
1781829836593,1902
1781829836595,1934
1781829836577,1939
1781829836579,1905
1781829836581,1854
1781829836583,1799
1781829836585,1773
1781829836587,1777
1781829836589,1793
1781829836591,1814
1781829836593,1837
1781829836595,1862
1781829836577,1877
1781829836579,1855
1781829836581,1815
1781829836583,1796
1781829836585,1824
1781829836587,1918
1781829836589,2049
1781829836591,2190
1781829836593,2333
1781829836595,2482
1781829836610,2626
1781829836612,2735
1781829836614,2804
1781829836616,2854
1781829836618,2896
1781829836620,2930
1781829836622,2936
1781829836624,2899
1781829836626,2834
1781829836628,2740
1781829836677,2644
1781829836679,2511
1781829836681,2366
1781829836683,2243
1781829836685,2162
1781829836687,2127
1781829836689,2136
1781829836691,2153
1781829836693,2159
1781829836695,2159
1781829836677,2136
1781829836679,2071
1781829836681,1982
1781829836683,1912
1781829836685,1875
1781829836687,1880
1781829836689,1900
1781829836691,1917
1781829836693,1937
1781829836695,1962
1781829836677,1970
1781829836679,1941
1781829836681,1890
1781829836683,1836
1781829836685,1813
1781829836687,1831
1781829836689,1873
1781829836691,1912
1781829836693,1951
1781829836695,1971
1781829836706,1967
1781829836708,1940
1781829836710,1896
1781829836712,1854
1781829836714,1841
1781829836716,1863
1781829836718,1912
1781829836720,1966
1781829836722,2002
1781829836724,2024
1781829836706,2021
1781829836708,1988
1781829836710,1939
1781829836712,1890
1781829836714,1865
1781829836716,1863
1781829836718,1886
1781829836720,1929
1781829836722,1980
1781829836724,2015
1781829836740,2033
1781829836742,2021
1781829836744,1982
1781829836746,1941
1781829836748,1926
1781829836750,1941
1781829836752,1972
1781829836754,2016
1781829836756,2057
1781829836758,2086
1781829836740,2096
1781829836742,2068
1781829836744,2013
1781829836746,1962
1781829836748,1948
1781829836750,1968
1781829836752,2019
1781829836754,2076
1781829836756,2134
1781829836758,2177
1781829836801,2187
1781829836803,2150
1781829836805,2093
1781829836807,2038
1781829836809,2031
1781829836811,2062
1781829836813,2116
1781829836815,2162
1781829836817,2189
1781829836819,2236
1781829836801,2256
1781829836803,2233
1781829836805,2188
1781829836807,2146
1781829836809,2121
1781829836811,2130
1781829836813,2165
1781829836815,2213
1781829836817,2255
1781829836819,2281
1781829836839,2288
1781829836841,2269
1781829836843,2224
1781829836845,2188
1781829836847,2174
1781829836849,2187
1781829836851,2224
1781829836853,2265
1781829836855,2303
1781829836857,2321
1781829836839,2313
1781829836841,2271
1781829836843,2226
1781829836845,2180
1781829836847,2167
1781829836849,2165
1781829836851,2173
1781829836853,2191
1781829836855,2222
1781829836857,2247
1781829836839,2260
1781829836841,2235
1781829836843,2185
1781829836845,2133
1781829836847,2110
1781829836849,2117
1781829836851,2138
1781829836853,2174
1781829836855,2205
1781829836857,2220
1781829836898,2205
1781829836900,2158
1781829836902,2091
1781829836904,2018
1781829836906,1987
1781829836908,2004
1781829836910,2036
1781829836912,2072
1781829836914,2113
1781829836916,2134
1781829836898,2125
1781829836900,2090
1781829836902,2042
1781829836904,1995
1781829836906,1977
1781829836908,1990
1781829836910,2011
1781829836912,2031
1781829836914,2070
1781829836916,2092
1781829836930,2089
1781829836932,2038
1781829836934,1964
1781829836936,1914
1781829836938,1896
1781829836940,1906
1781829836942,1934
1781829836944,1965
1781829836946,2002
1781829836948,2022
1781829836930,2025
1781829836932,2006
1781829836934,1955
1781829836936,1909
1781829836938,1890
1781829836940,1903
1781829836942,1940
1781829836944,1972
1781829836946,2010
1781829836948,2049
1781829836966,2052
1781829836968,2023
1781829836970,1966
1781829836972,1912
1781829836974,1888
1781829836976,1905
1781829836978,1951
1781829836980,2002
1781829836982,2064
1781829836984,2108
1781829836966,2117
1781829836968,2094
1781829836970,2040
1781829836972,1988
1781829836974,1964
1781829836976,1969
1781829836978,1994
1781829836980,2028
1781829836982,2063
1781829836984,2088
1781829837028,2087
1781829837030,2055
1781829837032,1989
1781829837034,1943
1781829837036,1931
1781829837038,1951
1781829837040,1990
1781829837042,2034
1781829837044,2076
1781829837046,2106
1781829837028,2108
1781829837030,2069
1781829837032,2012
1781829837034,1968
1781829837036,1951
1781829837038,1968
1781829837040,1990
1781829837042,2022
1781829837044,2056
1781829837046,2082
1781829837028,2088
1781829837030,2062
1781829837032,2013
1781829837034,1967
1781829837036,1965
1781829837038,1991
1781829837040,2023
1781829837042,2049
1781829837044,2077
1781829837046,2100
1781829837125,2098
1781829837127,2066
1781829837129,2013
1781829837131,1962
1781829837133,1935
1781829837135,1939
1781829837137,1977
1781829837139,2018
1781829837141,2053
1781829837143,2080
1781829837125,2074
1781829837127,2040
1781829837129,1986
1781829837131,1948
1781829837133,1935
1781829837135,1951
1781829837137,1986
1781829837139,2038
1781829837141,2095
1781829837143,2146
1781829837125,2174
1781829837127,2146
1781829837129,2090
1781829837131,2041
1781829837133,2018
1781829837135,2036
1781829837137,2082
1781829837139,2133
1781829837141,2168
1781829837143,2195
1781829837125,2208
1781829837127,2185
1781829837129,2134
1781829837131,2083
1781829837133,2069
1781829837135,2082
1781829837137,2109
1781829837139,2147
1781829837141,2170
1781829837143,2187
1781829837156,2183
1781829837158,2135
1781829837160,2079
1781829837162,2021
1781829837164,1992
1781829837166,1996
1781829837168,2022
1781829837170,2059
1781829837172,2078
1781829837174,2119
1781829837156,2132
1781829837158,2100
1781829837160,2050
1781829837162,1997
1781829837164,1971
1781829837166,1992
1781829837168,2033
1781829837170,2070
1781829837172,2107
1781829837174,2132
1781829837190,2136
1781829837192,2094
1781829837194,2033
1781829837196,1986
1781829837198,1967
1781829837200,1984
1781829837202,2019
1781829837204,2069
1781829837206,2102
1781829837208,2124
1781829837190,2122
1781829837192,2089
1781829837194,2036
1781829837196,1994
1781829837198,1979
1781829837200,1998
1781829837202,2026
1781829837204,2061
1781829837206,2097
1781829837208,2121
1781829837190,2131
1781829837192,2100
1781829837194,2037
1781829837196,1984
1781829837198,1952
1781829837200,1951
1781829837202,1980
1781829837204,2012
1781829837206,2047
1781829837208,2066
1781829837252,2058
1781829837254,2025
1781829837256,1984
1781829837258,1956
1781829837260,1981
1781829837262,2062
1781829837264,2178
1781829837266,2313
1781829837268,2472
1781829837270,2630
1781829837252,2768
1781829837254,2888
1781829837256,2970
1781829837258,3035
1781829837260,3075
1781829837262,3111
1781829837264,3120
1781829837266,3101
1781829837268,3053
1781829837270,2979
1781829837283,2880
1781829837285,2742
1781829837287,2587
1781829837289,2457
1781829837291,2365
1781829837293,2316
1781829837295,2291
1781829837297,2297
1781829837299,2303
1781829837301,2298
1781829837283,2284
1781829837285,2246
1781829837287,2175
1781829837289,2106
1781829837291,2065
1781829837293,2063
1781829837295,2089
1781829837297,2120
1781829837299,2139
1781829837301,2152
1781829837347,2150
1781829837349,2111
1781829837351,2041
1781829837353,1980
1781829837355,1956
1781829837357,1955
1781829837359,1982
1781829837361,2029
1781829837363,2075
1781829837365,2100
1781829837347,2094
1781829837349,2050
1781829837351,1991
1781829837353,1959
1781829837355,1953
1781829837357,1970
1781829837359,2007
1781829837361,2040
1781829837363,2074
1781829837365,2087
1781829837379,2080
1781829837381,2048
1781829837383,2007
1781829837385,1964
1781829837387,1943
1781829837389,1959
1781829837391,1985
1781829837393,2031
1781829837395,2086
1781829837397,2131
1781829837379,2142
1781829837381,2118
1781829837383,2072
1781829837385,2032
1781829837387,2009
1781829837389,2030
1781829837391,2059
1781829837393,2096
1781829837395,2121
1781829837397,2139
1781829837379,2137
1781829837381,2109
1781829837383,2064
1781829837385,2026
1781829837387,2011
1781829837389,2037
1781829837391,2080
1781829837393,2138
1781829837395,2198
1781829837397,2251
1781829837445,2260
1781829837447,2222
1781829837449,2160
1781829837451,2107
1781829837453,2085
1781829837455,2090
1781829837457,2117
1781829837459,2174
1781829837461,2235
1781829837463,2285
1781829837445,2298
1781829837447,2279
1781829837449,2236
1781829837451,2180
1781829837453,2146
1781829837455,2160
1781829837457,2197
1781829837459,2253
1781829837461,2304
1781829837463,2335
1781829837481,2336
1781829837483,2307
1781829837485,2244
1781829837487,2181
1781829837489,2161
1781829837491,2182
1781829837493,2208
1781829837495,2241
1781829837497,2272
1781829837499,2295
1781829837481,2292
1781829837483,2247
1781829837485,2181
1781829837487,2123
1781829837489,2091
1781829837491,2100
1781829837493,2138
1781829837495,2182
1781829837497,2211
1781829837499,2224
1781829837512,2223
1781829837514,2187
1781829837516,2132
1781829837518,2074
1781829837520,2044
1781829837522,2044
1781829837524,2064
1781829837526,2087
1781829837528,2111
1781829837530,2128
1781829837512,2127
1781829837514,2091
1781829837516,2024
1781829837518,1956
1781829837520,1921
1781829837522,1920
1781829837524,1947
1781829837526,1974
1781829837528,2008
1781829837530,2029
1781829837575,2027
1781829837577,1999
1781829837579,1943
1781829837581,1881
1781829837583,1855
1781829837585,1863
1781829837587,1889
1781829837589,1930
1781829837591,1970
1781829837593,1988
1781829837575,1988
1781829837577,1958
1781829837579,1907
1781829837581,1862
1781829837583,1840
1781829837585,1854
1781829837587,1884
1781829837589,1917
1781829837591,1954
1781829837593,1984
1781829837575,1992
1781829837577,1973
1781829837579,1926
1781829837581,1872
1781829837583,1850
1781829837585,1856
1781829837587,1897
1781829837589,1941
1781829837591,1980
1781829837593,2012
1781829837603,2021
1781829837605,1999
1781829837607,1947
1781829837609,1889
1781829837611,1868
1781829837613,1874
1781829837615,1896
1781829837617,1933
1781829837619,1981
1781829837621,2006
1781829837603,1998
1781829837605,1961
1781829837607,1903
1781829837609,1854
1781829837611,1842
1781829837613,1865
1781829837615,1908
1781829837617,1953
1781829837619,1995
1781829837621,2013
1781829837667,2006
1781829837669,1979
1781829837671,1915
1781829837673,1853
1781829837675,1821
1781829837677,1829
1781829837679,1857
1781829837681,1891
1781829837683,1932
1781829837685,1973
1781829837667,1996
1781829837669,1976
1781829837671,1928
1781829837673,1888
1781829837675,1868
1781829837677,1879
1781829837679,1912
1781829837681,1946
1781829837683,1985
1781829837685,2020
1781829837699,2015
1781829837701,1968
1781829837703,1907
1781829837705,1853
1781829837707,1829
1781829837709,1837
1781829837711,1871
1781829837713,1916
1781829837715,1952
1781829837717,1972
1781829837699,1988
1781829837701,1972
1781829837703,1931
1781829837705,1883
1781829837707,1847
1781829837709,1842
1781829837711,1865
1781829837713,1894
1781829837715,1933
1781829837717,1966
1781829837730,1979
1781829837732,1951
1781829837734,1903
1781829837736,1859
1781829837738,1842
1781829837740,1853
1781829837742,1881
1781829837744,1939
1781829837746,1986
1781829837748,2005
1781829837730,2016
1781829837732,1997
1781829837734,1944
1781829837736,1890
1781829837738,1867
1781829837740,1887
1781829837742,1941
1781829837744,1987
1781829837746,2032
1781829837748,2076
1781829837730,2087
1781829837732,2044
1781829837734,1992
1781829837736,1950
1781829837738,1926
1781829837740,1935
1781829837742,1961
1781829837744,2003
1781829837746,2045
1781829837748,2078
1781829837794,2087
1781829837796,2059
1781829837798,1998
1781829837800,1939
1781829837802,1906
1781829837804,1908
1781829837806,1937
1781829837808,1970
1781829837810,2008
1781829837812,2024
1781829837794,2011
1781829837796,1975
1781829837798,1916
1781829837800,1856
1781829837802,1831
1781829837804,1834
1781829837806,1875
1781829837808,1919
1781829837810,1955
1781829837812,1981
1781829837858,1990
1781829837860,1967
1781829837862,1916
1781829837864,1865
1781829837866,1844
1781829837868,1851
1781829837870,1885
1781829837872,1925
1781829837874,1972
1781829837876,1988
1781829837858,1981
1781829837860,1945
1781829837862,1890
1781829837864,1828
1781829837866,1798
1781829837868,1819
1781829837870,1865
1781829837872,1910
1781829837874,1961
1781829837876,1989
1781829837886,1996
1781829837888,1965
1781829837890,1912
1781829837892,1852
1781829837894,1824
1781829837896,1839
1781829837898,1872
1781829837900,1906
1781829837902,1938
1781829837904,1962
1781829837886,1960
1781829837888,1928
1781829837890,1865
1781829837892,1798
1781829837894,1752
1781829837896,1746
1781829837898,1772
1781829837900,1821
1781829837902,1883
1781829837904,1938
1781829837886,1983
1781829837888,2008
1781829837890,2031
1781829837892,2075
1781829837894,2164
1781829837896,2315
1781829837898,2491
1781829837900,2674
1781829837902,2851
1781829837904,2984
1781829837913,3050
1781829837915,3011
1781829837917,2920
1781829837919,2808
1781829837921,2709
1781829837923,2621
1781829837925,2560
1781829837927,2511
1781829837929,2465
1781829837931,2411
1781829837913,2348
1781829837915,2269
1781829837917,2181
1781829837919,2094
1781829837921,2032
1781829837923,2016
1781829837925,2030
1781829837927,2045
1781829837929,2064
1781829837931,2062
1781829837974,2040
1781829837976,1987
1781829837978,1904
1781829837980,1833
1781829837982,1798
1781829837984,1794
1781829837986,1817
1781829837988,1842
1781829837990,1870
1781829837992,1896
1781829837974,1897
1781829837976,1869
1781829837978,1812
1781829837980,1758
1781829837982,1737
1781829837984,1761
1781829837986,1815
1781829837988,1859
1781829837990,1892
1781829837992,1918
1781829838002,1917
1781829838004,1887
1781829838006,1822
1781829838008,1766
1781829838010,1754
1781829838012,1777
1781829838014,1822
1781829838016,1862
1781829838018,1894
1781829838020,1920
1781829838002,1920
1781829838004,1890
1781829838006,1833
1781829838008,1785
1781829838010,1764
1781829838012,1776
1781829838014,1817
1781829838016,1872
1781829838018,1923
1781829838020,1961
1781829838062,1977
1781829838064,1952
1781829838066,1896
1781829838068,1850
1781829838070,1830
1781829838072,1851
1781829838074,1898
1781829838076,1942
1781829838078,1972
1781829838080,1995
1781829838062,1995
1781829838064,1996
1781829838066,1962
1781829838068,1913
1781829838070,1895
1781829838072,1917
1781829838074,1965
1781829838076,2012
1781829838078,2063
1781829838080,2103
1781829838062,2104
1781829838064,2056
1781829838066,1999
1781829838068,1963
1781829838070,1943
1781829838072,1954
1781829838074,1997
1781829838076,2067
1781829838078,2103
1781829838080,2150
1781829838092,2163
1781829838094,2131
1781829838096,2077
1781829838098,2028
1781829838100,2002
1781829838102,2013
1781829838104,2054
1781829838106,2109
1781829838108,2149
1781829838110,2169
1781829838092,2166
1781829838094,2133
1781829838096,2073
1781829838098,2011
1781829838100,1975
1781829838102,1973
1781829838104,1990
1781829838106,2033
1781829838108,2080
1781829838110,2100
1781829838162,2092
1781829838164,2052
1781829838166,1996
1781829838168,1948
1781829838170,1924
1781829838172,1939
1781829838174,1977
1781829838176,2011
1781829838178,2030
1781829838180,2047
1781829838162,2043
1781829838164,2005
1781829838166,1929
1781829838168,1857
1781829838170,1811
1781829838172,1811
1781829838174,1847
1781829838176,1891
1781829838178,1931
1781829838180,1958
1781829838194,1961
1781829838196,1932
1781829838198,1873
1781829838200,1817
1781829838202,1790
1781829838204,1801
1781829838206,1830
1781829838208,1856
1781829838210,1881
1781829838212,1887
1781829838194,1876
1781829838196,1833
1781829838198,1771
1781829838200,1717
1781829838202,1697
1781829838204,1717
1781829838206,1749
1781829838208,1789
1781829838210,1833
1781829838212,1871
1781829838268,1880
1781829838270,1846
1781829838272,1782
1781829838274,1724
1781829838276,1691
1781829838278,1699
1781829838280,1738
1781829838282,1781
1781829838284,1818
1781829838286,1838
1781829838268,1838
1781829838270,1812
1781829838272,1758
1781829838274,1711
1781829838276,1697
1781829838278,1714
1781829838280,1750
1781829838282,1794
1781829838284,1836
1781829838286,1858
1781829838268,1865
1781829838270,1836
1781829838272,1789
1781829838274,1744
1781829838276,1740
1781829838278,1765
1781829838280,1807
1781829838282,1849
1781829838284,1882
1781829838286,1905
1781829838306,1900
1781829838308,1864
1781829838310,1806
1781829838312,1758
1781829838314,1725
1781829838316,1734
1781829838318,1767
1781829838320,1814
1781829838322,1862
1781829838324,1888
1781829838306,1884
1781829838308,1841
1781829838310,1788
1781829838312,1740
1781829838314,1727
1781829838316,1740
1781829838318,1781
1781829838320,1826
1781829838322,1877
1781829838324,1913
1781829838345,1912
1781829838347,1868
1781829838349,1809
1781829838351,1758
1781829838353,1727
1781829838355,1735
1781829838357,1771
1781829838359,1810
1781829838361,1860
1781829838363,1897
1781829838345,1903
1781829838347,1868
1781829838349,1799
1781829838351,1744
1781829838353,1711
1781829838355,1723
1781829838357,1759
1781829838359,1809
1781829838361,1850
1781829838363,1871
1781829838380,1865
1781829838382,1831
1781829838384,1777
1781829838386,1721
1781829838388,1697
1781829838390,1695
1781829838392,1740
1781829838394,1790
1781829838396,1830
1781829838398,1862
1781829838380,1871
1781829838382,1838
1781829838384,1791
1781829838386,1740
1781829838388,1723
1781829838390,1743
1781829838392,1776
1781829838394,1819
1781829838396,1862
1781829838398,1896
1781829838457,1895
1781829838459,1862
1781829838461,1811
1781829838463,1767
1781829838465,1754
1781829838467,1772
1781829838469,1816
1781829838471,1861
1781829838473,1904
1781829838475,1935
1781829838457,1936
1781829838459,1901
1781829838461,1853
1781829838463,1816
1781829838465,1807
1781829838467,1834
1781829838469,1874
1781829838471,1920
1781829838473,1959
1781829838475,1979
1781829838457,1980
1781829838459,1955
1781829838461,1905
1781829838463,1847
1781829838465,1801
1781829838467,1797
1781829838469,1829
1781829838471,1858
1781829838473,1889
1781829838475,1906
1781829838457,1897
1781829838459,1846
1781829838461,1779
1781829838463,1724
1781829838465,1709
1781829838467,1737
1781829838469,1779
1781829838471,1821
1781829838473,1844
1781829838475,1853
1781829838457,1840
1781829838459,1790
1781829838461,1731
1781829838463,1695
1781829838465,1678
1781829838467,1684
1781829838469,1698
1781829838471,1728
1781829838473,1778
1781829838475,1816
1781829838532,1827
1781829838534,1807
1781829838536,1753
1781829838538,1704
1781829838540,1670
1781829838542,1664
1781829838544,1693
1781829838546,1743
1781829838548,1806
1781829838550,1844
1781829838532,1841
1781829838534,1812
1781829838536,1766
1781829838538,1704
1781829838540,1670
1781829838542,1674
1781829838544,1694
1781829838546,1731
1781829838548,1774
1781829838550,1804
1781829838574,1802
1781829838576,1762
1781829838578,1691
1781829838580,1616
1781829838582,1576
1781829838584,1580
1781829838586,1607
1781829838588,1652
1781829838590,1719
1781829838592,1779
1781829838574,1827
1781829838576,1861
1781829838578,1895
1781829838580,1946
1781829838582,2036
1781829838584,2184
1781829838586,2369
1781829838588,2563
1781829838590,2741
1781829838592,2860
1781829838656,2923
1781829838658,2901
1781829838660,2798
1781829838662,2675
1781829838664,2553
1781829838666,2449
1781829838668,2360
1781829838670,2308
1781829838672,2264
1781829838674,2219
1781829838656,2180
1781829838658,2108
1781829838660,2027
1781829838662,1948
1781829838664,1897
1781829838666,1884
1781829838668,1884
1781829838670,1898
1781829838672,1918
1781829838674,1922
1781829838656,1915
1781829838658,1868
1781829838660,1801
1781829838662,1734
1781829838664,1691
1781829838666,1691
1781829838668,1713
1781829838670,1749
1781829838672,1786
1781829838674,1813
1781829838657,1811
1781829838659,1774
1781829838661,1720
1781829838663,1675
1781829838665,1661
1781829838667,1684
1781829838669,1722
1781829838671,1759
1781829838673,1787
1781829838675,1795
1781829838657,1796
1781829838659,1770
1781829838661,1719
1781829838663,1679
1781829838665,1659
1781829838667,1678
1781829838669,1717
1781829838671,1759
1781829838673,1792
1781829838675,1829
1781829838696,1834
1781829838698,1809
1781829838700,1764
1781829838702,1734
1781829838704,1725
1781829838706,1736
1781829838708,1754
1781829838710,1794
1781829838712,1836
1781829838714,1874
1781829838696,1882
1781829838698,1851
1781829838700,1793
1781829838702,1749
1781829838704,1740
1781829838706,1760
1781829838708,1807
1781829838710,1856
1781829838712,1901
1781829838714,1942
1781829838735,1955
1781829838737,1926
1781829838739,1877
1781829838741,1829
1781829838743,1823
1781829838745,1854
1781829838747,1886
1781829838749,1919
1781829838751,1960
1781829838753,1996
1781829838735,2010
1781829838737,1989
1781829838739,1948
1781829838741,1911
1781829838743,1899
1781829838745,1909
1781829838747,1937
1781829838749,1972
1781829838751,2013
1781829838753,2051
1781829838774,2060
1781829838776,2032
1781829838778,1990
1781829838780,1942
1781829838782,1908
1781829838784,1916
1781829838786,1955
1781829838788,2001
1781829838790,2040
1781829838792,2077
1781829838774,2096
1781829838776,2064
1781829838778,2002
1781829838780,1957
1781829838782,1947
1781829838784,1974
1781829838786,2008
1781829838788,2046
1781829838790,2076
1781829838792,2080
1781829838774,2076
1781829838776,2025
1781829838778,1949
1781829838780,1889
1781829838782,1857
1781829838784,1858
1781829838786,1879
1781829838788,1913
1781829838790,1948
1781829838792,1981
1781829838811,1989
1781829838813,1952
1781829838815,1879
1781829838817,1813
1781829838819,1777
1781829838821,1781
1781829838823,1818
1781829838825,1860
1781829838827,1885
1781829838829,1897
1781829838811,1898
1781829838813,1865
1781829838815,1805
1781829838817,1761
1781829838819,1737
1781829838821,1748
1781829838823,1785
1781829838825,1824
1781829838827,1860
1781829838829,1879
1781829838890,1870
1781829838892,1841
1781829838894,1782
1781829838896,1729
1781829838898,1698
1781829838900,1697
1781829838902,1725
1781829838904,1767
1781829838906,1805
1781829838908,1835
1781829838890,1850
1781829838892,1825
1781829838894,1768
1781829838896,1722
1781829838898,1705
1781829838900,1711
1781829838902,1732
1781829838904,1766
1781829838906,1814
1781829838908,1848
1781829838928,1846
1781829838930,1824
1781829838932,1778
1781829838934,1725
1781829838936,1710
1781829838938,1741
1781829838940,1786
1781829838942,1825
1781829838944,1859
1781829838946,1890
1781829838928,1903
1781829838930,1870
1781829838932,1810
1781829838934,1757
1781829838936,1739
1781829838938,1750
1781829838940,1780
1781829838942,1817
1781829838944,1851
1781829838946,1873
1781829838964,1876
1781829838966,1845
1781829838968,1794
1781829838970,1753
1781829838972,1744
1781829838974,1749
1781829838976,1767
1781829838978,1810
1781829838980,1846
1781829838982,1863
1781829838964,1846
1781829838966,1806
1781829838968,1752
1781829838970,1704
1781829838972,1687
1781829838974,1694
1781829838976,1725
1781829838978,1790
1781829838980,1841
1781829838982,1881
1781829838964,1897
1781829838966,1862
1781829838968,1795
1781829838970,1731
1781829838972,1705
1781829838974,1728
1781829838976,1766
1781829838978,1812
1781829838980,1854
1781829838982,1870
1781829839000,1871
1781829839002,1837
1781829839004,1779
1781829839006,1720
1781829839008,1689
1781829839010,1694
1781829839012,1724
1781829839014,1765
1781829839016,1804
1781829839018,1825
1781829839069,1824
1781829839071,1793
1781829839073,1735
1781829839075,1674
1781829839077,1650
1781829839079,1662
1781829839081,1704
1781829839083,1749
1781829839085,1799
1781829839087,1842
1781829839069,1854
1781829839071,1833
1781829839073,1783
1781829839075,1746
1781829839077,1743
1781829839079,1775
1781829839081,1830
1781829839083,1887
1781829839085,1922
1781829839087,1938
1781829839069,1934
1781829839071,1899
1781829839073,1869
1781829839075,1831
1781829839077,1811
1781829839079,1827
1781829839081,1872
1781829839083,1918
1781829839085,1961
1781829839087,2000
1781829839106,2007
1781829839108,1971
1781829839110,1919
1781829839112,1865
1781829839114,1834
1781829839116,1827
1781829839118,1845
1781829839120,1873
1781829839122,1900
1781829839124,1918
1781829839106,1921
1781829839108,1892
1781829839110,1824
1781829839112,1764
1781829839114,1739
1781829839116,1749
1781829839118,1780
1781829839120,1815
1781829839122,1859
1781829839124,1899
1781829839144,1902
1781829839146,1858
1781829839148,1781
1781829839150,1716
1781829839152,1695
1781829839154,1712
1781829839156,1758
1781829839158,1805
1781829839160,1860
1781829839162,1903
1781829839144,1910
1781829839146,1880
1781829839148,1827
1781829839150,1770
1781829839152,1736
1781829839154,1742
1781829839156,1770
1781829839158,1809
1781829839160,1845
1781829839162,1878
1781829839144,1890
1781829839146,1864
1781829839148,1814
1781829839150,1765
1781829839152,1733
1781829839154,1736
1781829839156,1761
1781829839158,1790
1781829839160,1826
1781829839162,1868
1781829839181,1876
1781829839183,1845
1781829839185,1799
1781829839187,1754
1781829839189,1727
1781829839191,1732
1781829839193,1759
1781829839195,1796
1781829839197,1835
1781829839199,1863
1781829839216,1874
1781829839218,1861
1781829839220,1843
1781829839222,1846
1781829839224,1893
1781829839226,1982
1781829839228,2117
1781829839230,2274
1781829839232,2434
1781829839234,2596
1781829839216,2737
1781829839218,2834
1781829839220,2872
1781829839222,2878
1781829839224,2873
1781829839226,2873
1781829839228,2853
1781829839230,2805
1781829839232,2731
1781829839234,2642
1781829839216,2526
1781829839218,2392
1781829839220,2261
1781829839222,2147
1781829839224,2082
1781829839226,2049
1781829839228,2043
1781829839230,2052
1781829839232,2047
1781829839234,2039
1781829839294,2025
1781829839296,1976
1781829839298,1900
1781829839300,1832
1781829839302,1793
1781829839304,1791
1781829839306,1824
1781829839308,1877
1781829839310,1932
1781829839312,1959
1781829839294,1959
1781829839296,1925
1781829839298,1864
1781829839300,1809
1781829839302,1788
1781829839304,1799
1781829839306,1835
1781829839308,1882
1781829839310,1918
1781829839312,1936
1781829839332,1926
1781829839334,1890
1781829839336,1839
1781829839338,1784
1781829839340,1755
1781829839342,1776
1781829839344,1831
1781829839346,1885
1781829839348,1923
1781829839350,1956
1781829839332,1973
1781829839334,1949
1781829839336,1890
1781829839338,1839
1781829839340,1825
1781829839342,1841
1781829839344,1880
1781829839346,1911
1781829839348,1951
1781829839350,1979
1781829839369,1975
1781829839371,1943
1781829839373,1890
1781829839375,1865
1781829839377,1872
1781829839379,1892
1781829839381,1935
1781829839383,1980
1781829839385,2031
1781829839387,2069
1781829839369,2076
1781829839371,2052
1781829839373,2014
1781829839375,1978
1781829839377,1961
1781829839379,1975
1781829839381,2011
1781829839383,2047
1781829839385,2095
1781829839387,2126
1781829839369,2134
1781829839371,2114
1781829839373,2072
1781829839375,2027
1781829839377,2013
1781829839379,2030
1781829839381,2061
1781829839383,2099
1781829839385,2141
1781829839387,2171
1781829839410,2189
1781829839412,2167
1781829839414,2124
1781829839416,2081
1781829839418,2060
1781829839420,2073
1781829839422,2116
1781829839424,2169
1781829839426,2210
1781829839428,2237
1781829839410,2232
1781829839412,2198
1781829839414,2137
1781829839416,2086
1781829839418,2065
1781829839420,2073
1781829839422,2112
1781829839424,2156
1781829839426,2196
1781829839428,2219
1781829839445,2218
1781829839447,2188
1781829839449,2126
1781829839451,2072
1781829839453,2044
1781829839455,2065
1781829839457,2106
1781829839459,2132
1781829839461,2150
1781829839463,2180
1781829839445,2190
1781829839447,2153
1781829839449,2089
1781829839451,2027
1781829839453,2004
1781829839455,2004
1781829839457,2025
1781829839459,2066
1781829839461,2110
1781829839463,2138
1781829839445,2140
1781829839447,2106
1781829839449,2047
1781829839451,1991
1781829839453,1959
1781829839455,1968
1781829839457,2002
1781829839459,2032
1781829839461,2061
1781829839463,2078
1781829839516,2066
1781829839518,2026
1781829839520,1963
1781829839522,1915
1781829839524,1898
1781829839526,1918
1781829839528,1955
1781829839530,1993
1781829839532,2026
1781829839534,2059
1781829839556,2075
1781829839558,2052
1781829839560,2003
1781829839562,1945
1781829839564,1911
1781829839566,1910
1781829839568,1936
1781829839570,1968
1781829839572,2005
1781829839574,2030
1781829839556,2035
1781829839558,2010
1781829839560,1961
1781829839562,1917
1781829839564,1900
1781829839566,1920
1781829839568,1958
1781829839570,2003
1781829839572,2047
1781829839574,2075
1781829839556,2078
1781829839558,2058
1781829839560,2009
1781829839562,1963
1781829839564,1946
1781829839566,1958
1781829839568,1977
1781829839570,2008
1781829839572,2049
1781829839574,2084
1781829839593,2087
1781829839595,2054
1781829839597,2002
1781829839599,1951
1781829839601,1921
1781829839603,1936
1781829839605,1969
1781829839607,2004
1781829839609,2037
1781829839611,2068
1781829839593,2075
1781829839595,2043
1781829839597,1975
1781829839599,1927
1781829839601,1916
1781829839603,1938
1781829839605,1974
1781829839607,2016
1781829839609,2050
1781829839611,2075
1781829839628,2077
1781829839630,2041
1781829839632,1991
1781829839634,1930
1781829839636,1883
1781829839638,1890
1781829839640,1934
1781829839642,1987
1781829839644,2035
1781829839646,2066
1781829839628,2067
1781829839630,2023
1781829839632,1959
1781829839634,1905
1781829839636,1883
1781829839638,1884
1781829839640,1924
1781829839642,1969
1781829839644,2016
1781829839646,2052
1781829839695,2057
1781829839697,2023
1781829839699,1959
1781829839701,1893
1781829839703,1861
1781829839705,1872
1781829839707,1915
1781829839709,1967
1781829839711,2020
1781829839713,2064
1781829839695,2069
1781829839697,2028
1781829839699,1969
1781829839701,1901
1781829839703,1878
1781829839705,1900
1781829839707,1942
1781829839709,1997
1781829839711,2059
1781829839713,2105
1781829839729,2119
1781829839731,2108
1781829839733,2057
1781829839735,1999
1781829839737,1972
1781829839739,1977
1781829839741,2012
1781829839743,2059
1781829839745,2100
1781829839747,2124
1781829839729,2129
1781829839731,2097
1781829839733,2050
1781829839735,2007
1781829839737,1979
1781829839739,1979
1781829839741,2001
1781829839743,2017
1781829839745,2030
1781829839747,2047
1781829839729,2031
1781829839731,2000
1781829839733,1952
1781829839735,1903
1781829839737,1886
1781829839739,1908
1781829839741,1948
1781829839743,1992
1781829839745,2014
1781829839747,2026
1781829839762,2020
1781829839764,1984
1781829839766,1923
1781829839768,1869
1781829839770,1851
1781829839772,1875
1781829839774,1917
1781829839776,1964
1781829839778,2007
1781829839780,2055
1781829839762,2077
1781829839764,2043
1781829839766,1988
1781829839768,1924
1781829839770,1885
1781829839772,1891
1781829839774,1924
1781829839776,1960
1781829839778,2000
1781829839780,2026
1781829839829,2033
1781829839831,2000
1781829839833,1938
1781829839835,1892
1781829839837,1883
1781829839839,1894
1781829839841,1932
1781829839843,1965
1781829839845,1995
1781829839847,2007
1781829839829,2005
1781829839831,1971
1781829839833,1917
1781829839835,1855
1781829839837,1819
1781829839839,1814
1781829839841,1843
1781829839843,1884
1781829839845,1922
1781829839847,1963
1781829839897,1985
1781829839899,1991
1781829839901,1983
1781829839903,1998
1781829839905,2057
1781829839907,2168
1781829839909,2331
1781829839911,2496
1781829839913,2672
1781829839915,2835
1781829839897,2981
1781829839899,3042
1781829839901,3031
1781829839903,2958
1781829839905,2876
1781829839907,2799
1781829839909,2728
1781829839911,2660
1781829839913,2603
1781829839915,2548
1781829839897,2456
1781829839899,2355
1781829839901,2252
1781829839903,2148
1781829839905,2087
1781829839907,2072
1781829839909,2085
1781829839911,2107
1781829839913,2131
1781829839915,2146
1781829839897,2135
1781829839899,2107
1781829839901,2051
1781829839903,1982
1781829839905,1930
1781829839907,1910
1781829839909,1928
1781829839911,1965
1781829839913,2003
1781829839915,2028
1781829839897,2025
1781829839899,1976
1781829839901,1919
1781829839903,1868
1781829839905,1841
1781829839907,1850
1781829839909,1886
1781829839911,1931
1781829839913,1978
1781829839915,2015
1781829839935,2012
1781829839937,1986
1781829839939,1948
1781829839941,1906
1781829839943,1881
1781829839945,1897
1781829839947,1946
1781829839949,1996
1781829839951,2035
1781829839953,2074
1781829839935,2089
1781829839937,2060
1781829839939,2013
1781829839941,1966
1781829839943,1952
1781829839945,1963
1781829839947,1990
1781829839949,2038
1781829839951,2084
1781829839953,2103
1781829840006,2094
1781829840008,2051
1781829840010,1986
1781829840012,1921
1781829840014,1887
1781829840016,1895
1781829840018,1908
1781829840020,1927
1781829840022,1952
1781829840024,1983
1781829840006,1998
1781829840008,1980
1781829840010,1927
1781829840012,1874
1781829840014,1843
1781829840016,1849
1781829840018,1886
1781829840020,1940
1781829840022,1982
1781829840024,2015
1781829840043,2034
1781829840045,2017
1781829840047,1976
1781829840049,1942
1781829840051,1931
1781829840053,1945
1781829840055,1979
1781829840057,2013
1781829840059,2039
1781829840061,2066
1781829840043,2081
1781829840045,2065
1781829840047,2018
1781829840049,1979
1781829840051,1960
1781829840053,1971
1781829840055,2010
1781829840057,2053
1781829840059,2090
1781829840061,2118
1781829840077,2122
1781829840079,2094
1781829840081,2040
1781829840083,1993
1781829840085,1961
1781829840087,1969
1781829840089,1999
1781829840091,2040
1781829840093,2079
1781829840095,2099
1781829840077,2102
1781829840079,2072
1781829840081,2006
1781829840083,1940
1781829840085,1916
1781829840087,1936
1781829840089,1974
1781829840091,2016
1781829840093,2069
1781829840095,2099
1781829840077,2089
1781829840079,2033
1781829840081,1975
1781829840083,1905
1781829840085,1853
1781829840087,1843
1781829840089,1872
1781829840091,1906
1781829840093,1942
1781829840095,1972
1781829840147,1973
1781829840149,1945
1781829840151,1885
1781829840153,1833
1781829840155,1820
1781829840157,1841
1781829840159,1876
1781829840161,1916
1781829840163,1953
1781829840165,1982
1781829840147,1991
1781829840149,1962
1781829840151,1900
1781829840153,1843
1781829840155,1816
1781829840157,1822
1781829840159,1866
1781829840161,1922
1781829840163,1963
1781829840165,1984
1781829840183,1986
1781829840185,1957
1781829840187,1908
1781829840189,1857
1781829840191,1830
1781829840193,1846
1781829840195,1883
1781829840197,1929
1781829840199,1976
1781829840201,2011
1781829840183,2012
1781829840185,1981
1781829840187,1925
1781829840189,1872
1781829840191,1855
1781829840193,1887
1781829840195,1925
1781829840197,1963
1781829840199,1999
1781829840201,2020
1781829840218,2024
1781829840220,1998
1781829840222,1948
1781829840224,1897
1781829840226,1882
1781829840228,1894
1781829840230,1935
1781829840232,1977
1781829840234,2018
1781829840236,2059
1781829840218,2071
1781829840220,2044
1781829840222,1993
1781829840224,1932
1781829840226,1903
1781829840228,1917
1781829840230,1951
1781829840232,1999
1781829840234,2043
1781829840236,2079
1781829840258,2081
1781829840260,2052
1781829840262,2004
1781829840264,1957
1781829840266,1932
1781829840268,1929
1781829840270,1956
1781829840272,1998
1781829840274,2031
1781829840276,2059
1781829840258,2059
1781829840260,2030
1781829840262,1978
1781829840264,1928
1781829840266,1906
1781829840268,1913
1781829840270,1937
1781829840272,1971
1781829840274,2018
1781829840276,2051
1781829840258,2055
1781829840260,2012
1781829840262,1954
1781829840264,1897
1781829840266,1873
1781829840268,1891
1781829840270,1930
1781829840272,1975
1781829840274,2020
1781829840276,2057
1781829840337,2050
1781829840339,2022
1781829840341,1961
1781829840343,1902
1781829840345,1872
1781829840347,1884
1781829840349,1917
1781829840351,1964
1781829840353,2015
1781829840355,2061
1781829840337,2083
1781829840339,2063
1781829840341,2007
1781829840343,1963
1781829840345,1946
1781829840347,1964
1781829840349,2005
1781829840351,2053
1781829840353,2098
1781829840355,2133
1781829840377,2145
1781829840379,2129
1781829840381,2073
1781829840383,2016
1781829840385,1990
1781829840387,1992
1781829840389,2028
1781829840391,2085
1781829840393,2135
1781829840395,2163
1781829840377,2162
1781829840379,2124
1781829840381,2065
1781829840383,2008
1781829840385,1977
1781829840387,1978
1781829840389,2006
1781829840391,2032
1781829840393,2066
1781829840395,2090
1781829840416,2099
1781829840418,2064
1781829840420,1992
1781829840422,1924
1781829840424,1881
1781829840426,1883
1781829840428,1919
1781829840430,1954
1781829840432,1990
1781829840434,2021
1781829840416,2026
1781829840418,2007
1781829840420,1960
1781829840422,1918
1781829840424,1902
1781829840426,1898
1781829840428,1915
1781829840430,1959
1781829840432,2006
1781829840434,2022
1781829840457,2020
1781829840459,1987
1781829840461,1924
1781829840463,1871
1781829840465,1848
1781829840467,1866
1781829840469,1901
1781829840471,1939
1781829840473,1975
1781829840475,2013
1781829840457,2020
1781829840459,1987
1781829840461,1921
1781829840463,1859
1781829840465,1822
1781829840467,1830
1781829840469,1870
1781829840471,1922
1781829840473,1966
1781829840475,1992
1781829840457,1994
1781829840459,1950
1781829840461,1881
1781829840463,1816
1781829840465,1772
1781829840467,1762
1781829840469,1798
1781829840471,1868
1781829840473,1938
1781829840475,2015
1781829840499,2092
1781829840501,2145
1781829840503,2178
1781829840505,2220
1781829840507,2323
1781829840509,2472
1781829840511,2649
1781829840513,2816
1781829840515,2953
1781829840517,3040
1781829840499,3063
1781829840501,3004
1781829840503,2881
1781829840505,2742
1781829840507,2616
1781829840509,2527
1781829840511,2479
1781829840513,2433
1781829840515,2407
1781829840517,2388
1781829840579,2345
1781829840581,2276
1781829840583,2186
1781829840585,2095
1781829840587,2047
1781829840589,2028
1781829840591,2037
1781829840593,2053
1781829840595,2056
1781829840597,2050
1781829840579,2031
1781829840581,1991
1781829840583,1923
1781829840585,1858
1781829840587,1822
1781829840589,1822
1781829840591,1850
1781829840593,1882
1781829840595,1917
1781829840597,1952
1781829840579,1955
1781829840581,1923
1781829840583,1875
1781829840585,1814
1781829840587,1778
1781829840589,1791
1781829840591,1831
1781829840593,1865
1781829840595,1899
1781829840597,1937
1781829840579,1953
1781829840581,1925
1781829840583,1881
1781829840585,1836
1781829840587,1805
1781829840589,1816
1781829840591,1850
1781829840593,1876
1781829840595,1904
1781829840597,1937
1781829840621,1955
1781829840623,1947
1781829840625,1908
1781829840627,1860
1781829840629,1842
1781829840631,1860
1781829840633,1898
1781829840635,1953
1781829840637,2008
1781829840639,2040
1781829840621,2053
1781829840623,2035
1781829840625,1997
1781829840627,1945
1781829840629,1905
1781829840631,1899
1781829840633,1929
1781829840635,1969
1781829840637,2015
1781829840639,2049
1781829840621,2059
1781829840623,2031
1781829840625,1985
1781829840627,1942
1781829840629,1943
1781829840631,1964
1781829840633,1997
1781829840635,2043
1781829840637,2095
1781829840639,2128
1781829840659,2130
1781829840661,2108
1781829840663,2059
1781829840665,2013
1781829840667,1987
1781829840669,1999
1781829840671,2030
1781829840673,2078
1781829840675,2135
1781829840677,2183
1781829840660,2197
1781829840662,2172
1781829840664,2119
1781829840666,2073
1781829840668,2041
1781829840670,2051
1781829840672,2089
1781829840674,2127
1781829840676,2160
1781829840678,2191
1781829840740,2187
1781829840742,2141
1781829840744,2081
1781829840746,2024
1781829840748,1994
1781829840750,1995
1781829840752,2019
1781829840754,2048
1781829840756,2097
1781829840758,2130
1781829840740,2139
1781829840742,2104
1781829840744,2043
1781829840746,1982
1781829840748,1957
1781829840750,1955
1781829840752,1977
1781829840754,2003
1781829840756,2024
1781829840758,2040
1781829840781,2031
1781829840783,1995
1781829840785,1940
1781829840787,1887
1781829840789,1861
1781829840791,1877
1781829840793,1906
1781829840795,1948
1781829840797,1972
1781829840799,1999
1781829840781,2000
1781829840783,1961
1781829840785,1910
1781829840787,1850
1781829840789,1812
1781829840791,1824
1781829840793,1856
1781829840795,1892
1781829840797,1924
1781829840799,1960
1781829840781,1967
1781829840783,1939
1781829840785,1880
1781829840787,1828
1781829840789,1804
1781829840791,1798
1781829840793,1831
1781829840795,1880
1781829840797,1922
1781829840799,1951
1781829840822,1951
1781829840824,1927
1781829840826,1872
1781829840828,1821
1781829840830,1786
1781829840832,1786
1781829840834,1812
1781829840836,1859
1781829840838,1913
1781829840840,1942
1781829840822,1952
1781829840824,1933
1781829840826,1883
1781829840828,1825
1781829840830,1800
1781829840832,1805
1781829840834,1840
1781829840836,1889
1781829840838,1934
1781829840840,1961
1781829840862,1968
1781829840864,1932
1781829840866,1877
1781829840868,1829
1781829840870,1808
1781829840872,1810
1781829840874,1833
1781829840876,1869
1781829840878,1914
1781829840880,1946
1781829840862,1961
1781829840864,1951
1781829840866,1906
1781829840868,1859
1781829840870,1836
1781829840872,1841
1781829840874,1868
1781829840876,1894
1781829840878,1922
1781829840880,1947
1781829840901,1938
1781829840903,1907
1781829840905,1860
1781829840907,1807
1781829840909,1789
1781829840911,1800
1781829840913,1831
1781829840915,1881
1781829840917,1918
1781829840919,1940
1781829840901,1941
1781829840903,1914
1781829840905,1866
1781829840907,1814
1781829840909,1783
1781829840911,1786
1781829840913,1809
1781829840915,1847
1781829840917,1890
1781829840919,1935
1781829840941,1945
1781829840943,1917
1781829840945,1868
1781829840947,1822
1781829840949,1806
1781829840951,1826
1781829840953,1858
1781829840955,1893
1781829840957,1925
1781829840959,1956
1781829840941,1985
1781829840943,1980
1781829840945,1920
1781829840947,1859
1781829840949,1823
1781829840951,1824
1781829840953,1863
1781829840955,1917
1781829840957,1969
1781829840959,2007
1781829840941,2022
1781829840943,2011
1781829840945,1962
1781829840947,1905
1781829840949,1877
1781829840951,1887
1781829840953,1920
1781829840955,1966
1781829840957,2011
1781829840959,2050
1781829840982,2064
1781829840984,2045
1781829840986,1990
1781829840988,1937
1781829840990,1913
1781829840992,1913
1781829840994,1932
1781829840996,1968
1781829840998,2013
1781829841000,2041
1781829840982,2034
1781829840984,1998
1781829840986,1936
1781829840988,1880
1781829840990,1844
1781829840992,1837
1781829840994,1857
1781829840996,1898
1781829840998,1935
1781829841000,1958
1781829841023,1958
1781829841025,1923
1781829841027,1867
1781829841029,1810
1781829841031,1775
1781829841033,1778
1781829841035,1803
1781829841037,1835
1781829841039,1881
1781829841041,1916
1781829841023,1922
1781829841025,1890
1781829841027,1833
1781829841029,1794
1781829841031,1768
1781829841033,1772
1781829841035,1811
1781829841037,1858
1781829841039,1903
1781829841041,1936
1781829841062,1946
1781829841064,1927
1781829841066,1879
1781829841068,1820
1781829841070,1783
1781829841072,1784
1781829841074,1808
1781829841076,1842
1781829841078,1880
1781829841080,1916
1781829841062,1941
1781829841064,1911
1781829841066,1848
1781829841068,1784
1781829841070,1756
1781829841072,1753
1781829841074,1769
1781829841076,1793
1781829841078,1819
1781829841080,1835
1781829841143,1830
1781829841145,1811
1781829841147,1775
1781829841149,1750
1781829841151,1765
1781829841153,1827
1781829841155,1922
1781829841157,2062
1781829841159,2225
1781829841161,2398
1781829841143,2537
1781829841145,2653
1781829841147,2739
1781829841149,2803
1781829841151,2852
1781829841153,2904
1781829841155,2944
1781829841157,2956
1781829841159,2918
1781829841161,2850
1781829841143,2745
1781829841145,2597
1781829841147,2435
1781829841149,2296
1781829841151,2191
1781829841153,2149
1781829841155,2145
1781829841157,2157
1781829841159,2165
1781829841161,2165
1781829841183,2146
1781829841185,2086
1781829841187,1996
1781829841189,1917
1781829841191,1864
1781829841193,1850
1781829841195,1870
1781829841197,1891
1781829841199,1916
1781829841201,1944
1781829841183,1945
1781829841185,1913
1781829841187,1858
1781829841189,1805
1781829841191,1781
1781829841193,1786
1781829841195,1818
1781829841197,1866
1781829841199,1911
1781829841201,1933
1781829841224,1921
1781829841226,1877
1781829841228,1825
1781829841230,1780
1781829841232,1773
1781829841234,1792
1781829841236,1826
1781829841238,1864
1781829841240,1906
1781829841242,1947
1781829841224,1959
1781829841226,1944
1781829841228,1900
1781829841230,1852
1781829841232,1823
1781829841234,1828
1781829841236,1868
1781829841238,1912
1781829841240,1959
1781829841242,1996
1781829841264,2010
1781829841266,1985
1781829841268,1922
1781829841270,1866
1781829841272,1842
1781829841274,1842
1781829841276,1886
1781829841278,1942
1781829841280,1998
1781829841282,2039
1781829841264,2047
1781829841266,2033
1781829841268,1991
1781829841270,1945
1781829841272,1921
1781829841274,1925
1781829841276,1958
1781829841278,2013
1781829841280,2080
1781829841282,2124
1781829841305,2136
1781829841307,2111
1781829841309,2060
1781829841311,2003
1781829841313,1983
1781829841315,2005
1781829841317,2049
1781829841319,2110
1781829841321,2157
1781829841323,2198
1781829841305,2202
1781829841307,2180
1781829841309,2137
1781829841311,2082
1781829841313,2048
1781829841315,2052
1781829841317,2082
1781829841319,2125
1781829841321,2171
1781829841323,2209
1781829841305,2218
1781829841307,2196
1781829841309,2148
1781829841311,2099
1781829841313,2070
1781829841315,2086
1781829841317,2120
1781829841319,2162
1781829841321,2206
1781829841323,2228
1781829841343,2235
1781829841345,2215
1781829841347,2154
1781829841349,2096
1781829841351,2059
1781829841353,2064
1781829841355,2100
1781829841357,2146
1781829841359,2182
1781829841361,2213
1781829841343,2220
1781829841345,2182
1781829841347,2118
1781829841349,2050
1781829841351,2007
1781829841353,2005
1781829841355,2021
1781829841357,2043
1781829841359,2075
1781829841361,2100
1781829841384,2099
1781829841386,2071
1781829841388,2019
1781829841390,1969
1781829841392,1942
1781829841394,1938
1781829841396,1968
1781829841398,2008
1781829841400,2040
1781829841402,2067
1781829841384,2063
1781829841386,2020
1781829841388,1961
1781829841390,1910
1781829841392,1888
1781829841394,1901
1781829841396,1934
1781829841398,1961
1781829841400,1998
1781829841402,2034
1781829841424,2062
1781829841426,2046
1781829841428,2002
1781829841430,1945
1781829841432,1913
1781829841434,1917
1781829841436,1946
1781829841438,1979
1781829841440,2018
1781829841442,2052
1781829841424,2061
1781829841426,2032
1781829841428,1986
1781829841430,1940
1781829841432,1910
1781829841434,1923
1781829841436,1959
1781829841438,1999
1781829841440,2040
1781829841442,2075
1781829841505,2080
1781829841507,2046
1781829841509,1996
1781829841511,1948
1781829841513,1907
1781829841515,1918
1781829841517,1953
1781829841519,1999
1781829841521,2049
1781829841523,2090
1781829841505,2107
1781829841507,2083
1781829841509,2030
1781829841511,1984
1781829841513,1966
1781829841515,1984
1781829841517,2016
1781829841519,2049
1781829841521,2088
1781829841523,2119
1781829841505,2126
1781829841507,2085
1781829841509,2024
1781829841511,1966
1781829841513,1940
1781829841515,1953
1781829841517,1984
1781829841519,2023
1781829841521,2054
1781829841523,2082
1781829841545,2091
1781829841547,2055
1781829841549,1996
1781829841551,1954
1781829841553,1937
1781829841555,1950
1781829841557,1996
1781829841559,2052
1781829841561,2098
1781829841563,2126
1781829841545,2136
1781829841547,2109
1781829841549,2054
1781829841551,2009
1781829841553,1975
1781829841555,1975
1781829841557,2008
1781829841559,2051
1781829841561,2095
1781829841563,2128
1781829841631,2146
1781829841633,2124
1781829841635,2064
1781829841637,2001
1781829841639,1974
1781829841641,1989
1781829841643,2025
1781829841645,2086
1781829841647,2142
1781829841649,2172
1781829841631,2186
1781829841633,2179
1781829841635,2137
1781829841637,2077
1781829841639,2047
1781829841641,2064
1781829841643,2093
1781829841645,2117
1781829841647,2149
1781829841649,2173
1781829841631,2175
1781829841633,2144
1781829841635,2080
1781829841637,2014
1781829841639,1973
1781829841641,1982
1781829841643,2016
1781829841645,2054
1781829841647,2075
1781829841649,2092
1781829841631,2103
1781829841633,2078
1781829841635,2019
1781829841637,1963
1781829841639,1924
1781829841641,1920
1781829841643,1935
1781829841645,1962
1781829841647,2001
1781829841649,2033
1781829841674,2054
1781829841676,2027
1781829841678,1970
1781829841680,1918
1781829841682,1899
1781829841684,1906
1781829841686,1928
1781829841688,1953
1781829841690,2003
1781829841692,2051
1781829841674,2059
1781829841676,2034
1781829841678,1978
1781829841680,1933
1781829841682,1906
1781829841684,1902
1781829841686,1930
1781829841688,1971
1781829841690,2013
1781829841692,2038
1781829841674,2047
1781829841676,2023
1781829841678,1980
1781829841680,1925
1781829841682,1897
1781829841684,1903
1781829841686,1937
1781829841688,1974
1781829841690,2003
1781829841692,2021
1781829841714,2013
1781829841716,1976
1781829841718,1904
1781829841720,1829
1781829841722,1790
1781829841724,1793
1781829841726,1836
1781829841728,1907
1781829841730,1994
1781829841732,2086
1781829841714,2174
1781829841716,2251
1781829841718,2312
1781829841720,2379
1781829841722,2458
1781829841724,2571
1781829841726,2710
1781829841728,2856
1781829841730,2975
1781829841732,3035
1781829841758,3016
1781829841760,2929
1781829841762,2785
1781829841764,2612
1781829841766,2441
1781829841768,2326
1781829841770,2259
1781829841772,2213
1781829841774,2184
1781829841776,2150
1781829841758,2111
1781829841760,2043
1781829841762,1950
1781829841764,1863
1781829841766,1820
1781829841768,1816
1781829841770,1832
1781829841772,1847
1781829841774,1869
1781829841776,1891
1781829841799,1909
1781829841801,1899
1781829841803,1848
1781829841805,1793
1781829841807,1761
1781829841809,1766
1781829841811,1796
1781829841813,1829
1781829841815,1866
1781829841817,1898
1781829841799,1904
1781829841801,1869
1781829841803,1803
1781829841805,1741
1781829841807,1712
1781829841809,1721
1781829841811,1753
1781829841813,1800
1781829841815,1846
1781829841817,1866
1781829841842,1873
1781829841844,1854
1781829841846,1798
1781829841848,1744
1781829841850,1718
1781829841852,1719
1781829841854,1748
1781829841856,1791
1781829841858,1838
1781829841860,1881
1781829841842,1891
1781829841844,1866
1781829841846,1819
1781829841848,1768
1781829841850,1739
1781829841852,1748
1781829841854,1777
1781829841856,1820
1781829841858,1868
1781829841860,1899
1781829841842,1914
1781829841844,1892
1781829841846,1843
1781829841848,1800
1781829841850,1779
1781829841852,1795
1781829841854,1829
1781829841856,1875
1781829841858,1925
1781829841860,1962
1781829841882,1978
1781829841884,1952
1781829841886,1889
1781829841888,1832
1781829841890,1807
1781829841892,1819
1781829841894,1856
1781829841896,1900
1781829841898,1942
1781829841900,1967
1781829841925,1974
1781829841927,1966
1781829841929,1936
1781829841931,1890
1781829841933,1865
1781829841935,1878
1781829841937,1914
1781829841939,1956
1781829841941,1990
1781829841943,2014
1781829841925,2021
1781829841927,2007
1781829841929,1963
1781829841931,1907
1781829841933,1867
1781829841935,1864
1781829841937,1883
1781829841939,1918
1781829841941,1962
1781829841943,1997
1781829841925,2011
1781829841927,1988
1781829841929,1933
1781829841931,1862
1781829841933,1811
1781829841935,1811
1781829841937,1842
1781829841939,1882
1781829841941,1929
1781829841943,1966
1781829841966,1976
1781829841968,1950
1781829841970,1893
1781829841972,1831
1781829841974,1788
1781829841976,1781
1781829841978,1800
1781829841980,1836
1781829841982,1869
1781829841984,1892
1781829841967,1890
1781829841969,1853
1781829841971,1800
1781829841973,1756
1781829841975,1719
1781829841977,1725
1781829841979,1745
1781829841981,1775
1781829841983,1819
1781829841985,1851
1781829842009,1852
1781829842011,1817
1781829842013,1757
1781829842015,1687
1781829842017,1645
1781829842019,1652
1781829842021,1693
1781829842023,1733
1781829842025,1770
1781829842027,1798
1781829842009,1809
1781829842011,1776
1781829842013,1716
1781829842015,1662
1781829842017,1632
1781829842019,1647
1781829842021,1683
1781829842023,1731
1781829842025,1771
1781829842027,1810
1781829842009,1820
1781829842011,1791
1781829842013,1736
1781829842015,1679
1781829842017,1654
1781829842019,1673
1781829842021,1721
1781829842023,1772
1781829842025,1820
1781829842027,1852
1781829842096,1860
1781829842098,1828
1781829842100,1776
1781829842102,1732
1781829842104,1708
1781829842106,1707
1781829842108,1728
1781829842110,1775
1781829842112,1833
1781829842114,1873
1781829842097,1892
1781829842099,1867
1781829842101,1812
1781829842103,1754
1781829842105,1712
1781829842107,1713
1781829842109,1752
1781829842111,1793
1781829842113,1824
1781829842115,1845
1781829842097,1860
1781829842099,1836
1781829842101,1783
1781829842103,1726
1781829842105,1706
1781829842107,1718
1781829842109,1750
1781829842111,1792
1781829842113,1831
1781829842115,1861
1781829842097,1872
1781829842099,1841
1781829842101,1787
1781829842103,1746
1781829842105,1715
1781829842107,1720
1781829842109,1754
1781829842111,1794
1781829842113,1840
1781829842115,1879
1781829842142,1887
1781829842144,1858
1781829842146,1812
1781829842148,1769
1781829842150,1751
1781829842152,1754
1781829842154,1774
1781829842156,1812
1781829842158,1863
1781829842160,1905
1781829842142,1916
1781829842144,1885
1781829842146,1833
1781829842148,1786
1781829842150,1769
1781829842152,1782
1781829842154,1819
1781829842156,1857
1781829842158,1901
1781829842160,1931
1781829842225,1933
1781829842227,1902
1781829842229,1843
1781829842231,1792
1781829842233,1775
1781829842235,1784
1781829842237,1832
1781829842239,1895
1781829842241,1947
1781829842243,1978
1781829842225,1980
1781829842227,1944
1781829842229,1890
1781829842231,1832
1781829842233,1790
1781829842235,1783
1781829842237,1806
1781829842239,1839
1781829842241,1883
1781829842243,1913
1781829842266,1923
1781829842268,1899
1781829842270,1844
1781829842272,1780
1781829842274,1745
1781829842276,1741
1781829842278,1765
1781829842280,1806
1781829842282,1848
1781829842284,1886
1781829842266,1884
1781829842268,1854
1781829842270,1803
1781829842272,1750
1781829842274,1720
1781829842276,1731
1781829842278,1760
1781829842280,1780
1781829842282,1817
1781829842284,1839
1781829842266,1836
1781829842268,1818
1781829842270,1772
1781829842272,1725
1781829842274,1706
1781829842276,1708
1781829842278,1740
1781829842280,1781
1781829842282,1832
1781829842284,1868
1781829842308,1878
1781829842310,1840
1781829842312,1776
1781829842314,1719
1781829842316,1701
1781829842318,1722
1781829842320,1761
1781829842322,1808
1781829842324,1843
1781829842326,1862
1781829842308,1864
1781829842310,1816
1781829842312,1739
1781829842314,1666
1781829842316,1625
1781829842318,1625
1781829842320,1664
1781829842322,1721
1781829842324,1781
1781829842326,1836
1781829842391,1893
1781829842393,1933
1781829842395,1966
1781829842397,2012
1781829842399,2104
1781829842401,2244
1781829842403,2409
1781829842405,2581
1781829842407,2752
1781829842409,2873
1781829842391,2915
1781829842393,2893
1781829842395,2814
1781829842397,2693
1781829842399,2569
1781829842401,2465
1781829842403,2396
1781829842405,2349
1781829842407,2309
1781829842409,2270
1781829842391,2223
1781829842393,2144
1781829842395,2043
1781829842397,1946
1781829842399,1885
1781829842401,1861
1781829842403,1865
1781829842405,1895
1781829842407,1928
1781829842409,1934
1781829842392,1918
1781829842394,1873
1781829842396,1806
1781829842398,1740
1781829842400,1703
1781829842402,1711
1781829842404,1751
1781829842406,1804
1781829842408,1856
1781829842410,1892
1781829842433,1895
1781829842435,1854
1781829842437,1786
1781829842439,1725
1781829842441,1704
1781829842443,1716
1781829842445,1753
1781829842447,1809
1781829842449,1855
1781829842451,1890
1781829842433,1898
1781829842435,1874
1781829842437,1822
1781829842439,1757
1781829842441,1708
1781829842443,1711
1781829842445,1758
1781829842447,1823
1781829842449,1877
1781829842451,1922
1781829842433,1939
1781829842435,1923
1781829842437,1868
1781829842439,1815
1781829842441,1783
1781829842443,1786
1781829842445,1809
1781829842447,1852
1781829842449,1905
1781829842451,1943
1781829842474,1958
1781829842476,1938
1781829842478,1904
1781829842480,1872
1781829842482,1850
1781829842484,1864
1781829842486,1889
1781829842488,1925
1781829842490,1963
1781829842492,1989
1781829842474,1997
1781829842476,1977
1781829842478,1926
1781829842480,1881
1781829842482,1857
1781829842484,1872
1781829842486,1915
1781829842488,1966
1781829842490,2015
1781829842492,2061
1781829842515,2092
1781829842517,2078
1781829842519,2020
1781829842521,1954
1781829842523,1921
1781829842525,1929
1781829842527,1956
1781829842529,1998
1781829842531,2048
1781829842533,2089
1781829842515,2105
1781829842517,2076
1781829842519,2023
1781829842521,1968
1781829842523,1940
1781829842525,1948
1781829842527,1984
1781829842529,2031
1781829842531,2078
1781829842533,2102
1781829842558,2109
1781829842560,2085
1781829842562,2029
1781829842564,1977
1781829842566,1955
1781829842568,1959
1781829842570,1979
1781829842572,2008
1781829842574,2028
1781829842576,2058
1781829842558,2080
1781829842560,2067
1781829842562,2026
1781829842564,1973
1781829842566,1937
1781829842568,1935
1781829842570,1957
1781829842572,1983
1781829842574,2016
1781829842576,2039
1781829842599,2030
1781829842601,1982
1781829842603,1908
1781829842605,1843
1781829842607,1807
1781829842609,1813
1781829842611,1841
1781829842613,1887
1781829842615,1929
1781829842617,1958
1781829842599,1960
1781829842601,1929
1781829842603,1876
1781829842605,1826
1781829842607,1788
1781829842609,1785
1781829842611,1817
1781829842613,1860
1781829842615,1906
1781829842617,1919
1781829842599,1919
1781829842601,1882
1781829842603,1827
1781829842605,1782
1781829842607,1770
1781829842609,1781
1781829842611,1812
1781829842613,1859
1781829842615,1895
1781829842617,1911
1781829842641,1915
1781829842643,1894
1781829842645,1842
1781829842647,1786
1781829842649,1759
1781829842651,1763
1781829842653,1799
1781829842655,1846
1781829842657,1891
1781829842659,1910
1781829842641,1911
1781829842643,1895
1781829842645,1851
1781829842647,1801
1781829842649,1774
1781829842651,1783
1781829842653,1816
1781829842655,1858
1781829842657,1902
1781829842659,1932
1781829842683,1947
1781829842685,1927
1781829842687,1879
1781829842689,1836
1781829842691,1818
1781829842693,1823
1781829842695,1847
1781829842697,1881
1781829842699,1927
1781829842701,1965
1781829842683,1971
1781829842685,1931
1781829842687,1861
1781829842689,1797
1781829842691,1770
1781829842693,1780
1781829842695,1814
1781829842697,1857
1781829842699,1890
1781829842701,1927
1781829842767,1949
1781829842769,1919
1781829842771,1860
1781829842773,1807
1781829842775,1777
1781829842777,1779
1781829842779,1808
1781829842781,1860
1781829842783,1912
1781829842785,1939
1781829842767,1941
1781829842769,1918
1781829842771,1871
1781829842773,1825
1781829842775,1800
1781829842777,1809
1781829842779,1841
1781829842781,1891
1781829842783,1930
1781829842785,1963
1781829842811,1978
1781829842813,1964
1781829842815,1914
1781829842817,1857
1781829842819,1831
1781829842821,1839
1781829842823,1877
1781829842825,1916
1781829842827,1951
1781829842829,1985
1781829842811,2000
1781829842813,1978
1781829842815,1931
1781829842817,1888
1781829842819,1855
1781829842821,1841
1781829842823,1855
1781829842825,1891
1781829842827,1930
1781829842829,1971
1781829842811,1993
1781829842813,1967
1781829842815,1900
1781829842817,1825
1781829842819,1781
1781829842821,1780
1781829842823,1801
1781829842825,1821
1781829842827,1843
1781829842829,1867
1781829842857,1867
1781829842859,1836
1781829842861,1781
1781829842863,1733
1781829842865,1719
1781829842867,1736
1781829842869,1769
1781829842871,1811
1781829842873,1848
1781829842875,1879
1781829842857,1884
1781829842859,1862
1781829842861,1806
1781829842863,1737
1781829842865,1702
1781829842867,1709
1781829842869,1751
1781829842871,1817
1781829842873,1862
1781829842875,1894
1781829842899,1902
1781829842901,1877
1781829842903,1816
1781829842905,1745
1781829842907,1699
1781829842909,1689
1781829842911,1705
1781829842913,1744
1781829842915,1791
1781829842917,1825
1781829842899,1836
1781829842901,1810
1781829842903,1748
1781829842905,1682
1781829842907,1654
1781829842909,1672
1781829842911,1704
1781829842913,1734
1781829842915,1753
1781829842917,1765
1781829842941,1762
1781829842943,1721
1781829842945,1661
1781829842947,1603
1781829842949,1568
1781829842951,1578
1781829842953,1626
1781829842955,1706
1781829842957,1785
1781829842959,1853
1781829842941,1926
1781829842943,1992
1781829842945,2034
1781829842947,2098
1781829842949,2196
1781829842951,2331
1781829842953,2492
1781829842955,2653
1781829842957,2775
1781829842959,2865
1781829843023,2874
1781829843025,2795
1781829843027,2661
1781829843029,2504
1781829843031,2359
1781829843033,2260
1781829843035,2199
1781829843037,2177
1781829843039,2166
1781829843041,2150
1781829843023,2116
1781829843025,2049
1781829843027,1946
1781829843029,1853
1781829843031,1784
1781829843033,1761
1781829843035,1776
1781829843037,1809
1781829843039,1837
1781829843041,1865
1781829843023,1856
1781829843025,1816
1781829843027,1754
1781829843029,1685
1781829843031,1642
1781829843033,1639
1781829843035,1669
1781829843037,1708
1781829843039,1755
1781829843041,1792
1781829843023,1802
1781829843025,1777
1781829843027,1721
1781829843029,1661
1781829843031,1624
1781829843033,1623
1781829843035,1652
1781829843037,1695
1781829843039,1734
1781829843041,1768
1781829843023,1782
1781829843025,1760
1781829843027,1706
1781829843029,1651
1781829843031,1619
1781829843033,1627
1781829843035,1678
1781829843037,1742
1781829843039,1779
1781829843041,1821
1781829843064,1824
1781829843066,1793
1781829843068,1746
1781829843070,1702
1781829843072,1683
1781829843074,1693
1781829843076,1728
1781829843078,1768
1781829843080,1810
1781829843082,1859
1781829843064,1887
1781829843066,1872
1781829843068,1823
1781829843070,1769
1781829843072,1741
1781829843074,1759
1781829843076,1805
1781829843078,1842
1781829843080,1878
1781829843082,1903
1781829843107,1923
1781829843109,1905
1781829843111,1861
1781829843113,1817
1781829843115,1808
1781829843117,1829
1781829843119,1876
1781829843121,1929
1781829843123,1972
1781829843125,2005
1781829843107,2003
1781829843109,1984
1781829843111,1940
1781829843113,1889
1781829843115,1868
1781829843117,1881
1781829843119,1910
1781829843121,1951
1781829843123,1990
1781829843125,2020
1781829843149,2018
1781829843151,1984
1781829843153,1942
1781829843155,1906
1781829843157,1892
1781829843159,1896
1781829843161,1932
1781829843163,1989
1781829843165,2039
1781829843167,2066
1781829843149,2061
1781829843151,2029
1781829843153,1980
1781829843155,1925
1781829843157,1892
1781829843159,1901
1781829843161,1935
1781829843163,1966
1781829843165,1994
1781829843167,2021
1781829843149,2024
1781829843151,1995
1781829843153,1932
1781829843155,1864
1781829843157,1833
1781829843159,1830
1781829843161,1853
1781829843163,1888
1781829843165,1931
1781829843167,1965
1781829843195,1965
1781829843197,1928
1781829843199,1863
1781829843201,1790
1781829843203,1739
1781829843205,1733
1781829843207,1767
1781829843209,1810
1781829843211,1852
1781829843213,1887
1781829843195,1892
1781829843197,1859
1781829843199,1793
1781829843201,1727
1781829843203,1698
1781829843205,1701
1781829843207,1729
1781829843209,1766
1781829843211,1803
1781829843213,1850
1781829843237,1872
1781829843239,1838
1781829843241,1781
1781829843243,1727
1781829843245,1686
1781829843247,1678
1781829843249,1708
1781829843251,1756
1781829843253,1799
1781829843255,1826
1781829843237,1826
1781829843239,1804
1781829843241,1757
1781829843243,1706
1781829843245,1696
1781829843247,1719
1781829843249,1751
1781829843251,1791
1781829843253,1830
1781829843255,1856
1781829843278,1859
1781829843280,1836
1781829843282,1793
1781829843284,1752
1781829843286,1722
1781829843288,1730
1781829843290,1760
1781829843292,1805
1781829843294,1851
1781829843296,1894
1781829843278,1903
1781829843280,1881
1781829843282,1815
1781829843284,1749
1781829843286,1709
1781829843288,1707
1781829843290,1738
1781829843292,1794
1781829843294,1858
1781829843296,1900
1781829843322,1897
1781829843324,1866
1781829843326,1825
1781829843328,1783
1781829843330,1760
1781829843332,1768
1781829843334,1797
1781829843336,1840
1781829843338,1883
1781829843340,1921
1781829843322,1931
1781829843324,1899
1781829843326,1839
1781829843328,1784
1781829843330,1761
1781829843332,1762
1781829843334,1794
1781829843336,1833
1781829843338,1875
1781829843340,1912
1781829843322,1934
1781829843324,1909
1781829843326,1851
1781829843328,1799
1781829843330,1775
1781829843332,1779
1781829843334,1819
1781829843336,1867
1781829843338,1907
1781829843340,1941
1781829843364,1956
1781829843366,1935
1781829843368,1872
1781829843370,1820
1781829843372,1787
1781829843374,1792
1781829843376,1830
1781829843378,1886
1781829843380,1935
1781829843382,1973
1781829843364,1992
1781829843366,1964
1781829843368,1913
1781829843370,1863
1781829843372,1836
1781829843374,1845
1781829843376,1884
1781829843378,1937
1781829843380,1994
1781829843382,2029
1781829843406,2033
1781829843408,1995
1781829843410,1930
1781829843412,1873
1781829843414,1830
1781829843416,1820
1781829843418,1833
1781829843420,1867
1781829843422,1905
1781829843424,1923
1781829843406,1919
1781829843408,1886
1781829843410,1831
1781829843412,1765
1781829843414,1726
1781829843416,1728
1781829843418,1767
1781829843420,1804
1781829843422,1852
1781829843424,1890
1781829843448,1891
1781829843450,1847
1781829843452,1787
1781829843454,1728
1781829843456,1705
1781829843458,1713
1781829843460,1755
1781829843462,1806
1781829843464,1858
1781829843466,1896
1781829843448,1910
1781829843450,1882
1781829843452,1833
1781829843454,1775
1781829843456,1745
1781829843458,1753
1781829843460,1782
1781829843462,1810
1781829843464,1844
1781829843466,1867
1781829843531,1868
1781829843533,1850
1781829843535,1810
1781829843537,1755
1781829843539,1722
1781829843541,1729
1781829843543,1768
1781829843545,1808
1781829843547,1838
1781829843549,1847
1781829843531,1840
1781829843533,1808
1781829843535,1745
1781829843537,1687
1781829843539,1660
1781829843541,1667
1781829843543,1691
1781829843545,1726
1781829843547,1776
1781829843549,1835
1781829843531,1883
1781829843533,1907
1781829843535,1924
1781829843537,1960
1781829843539,2038
1781829843541,2165
1781829843543,2332
1781829843545,2518
1781829843547,2697
1781829843549,2849
1781829843620,2928
1781829843622,2931
1781829843624,2866
1781829843626,2748
1781829843628,2641
1781829843630,2552
1781829843632,2467
1781829843634,2409
1781829843636,2360
1781829843638,2336
1781829843620,2286
1781829843622,2213
1781829843624,2124
1781829843626,2042
1781829843628,1984
1781829843630,1957
1781829843632,1955
1781829843634,1976
1781829843636,1994
1781829843638,1991
1781829843620,1981
1781829843622,1943
1781829843624,1877
1781829843626,1814
1781829843628,1776
1781829843630,1769
1781829843632,1786
1781829843634,1820
1781829843636,1859
1781829843638,1895
1781829843620,1901
1781829843622,1871
1781829843624,1823
1781829843626,1776
1781829843628,1758
1781829843630,1772
1781829843632,1801
1781829843634,1829
1781829843636,1864
1781829843638,1899
1781829843663,1910
1781829843665,1889
1781829843667,1838
1781829843669,1795
1781829843671,1779
1781829843673,1778
1781829843675,1813
1781829843677,1863
1781829843679,1913
1781829843681,1945
1781829843663,1957
1781829843665,1930
1781829843667,1871
1781829843669,1821
1781829843671,1796
1781829843673,1812
1781829843675,1850
1781829843677,1902
1781829843679,1960
1781829843681,2005
1781829843663,2015
1781829843665,1984
1781829843667,1928
1781829843669,1884
1781829843671,1867
1781829843673,1876
1781829843675,1917
1781829843677,1968
1781829843679,2011
1781829843681,2045
1781829843705,2054
1781829843707,2027
1781829843709,1975
1781829843711,1932
1781829843713,1907
1781829843715,1928
1781829843717,1965
1781829843719,2010
1781829843721,2054
1781829843723,2089
1781829843705,2096
1781829843707,2067
1781829843709,2020
1781829843711,1975
1781829843713,1949
1781829843715,1975
1781829843717,2025
1781829843719,2082
1781829843721,2136
1781829843723,2173
1781829843749,2171
1781829843751,2135
1781829843753,2085
1781829843755,2029
1781829843757,2007
1781829843759,2020
1781829843761,2064
1781829843763,2117
1781829843765,2157
1781829843767,2172
1781829843749,2171
1781829843751,2143
1781829843753,2079
1781829843755,2011
1781829843757,1973
1781829843759,1975
1781829843761,1999
1781829843763,2038
1781829843765,2078
1781829843767,2103
1781829843795,2099
1781829843797,2067
1781829843799,2019
1781829843801,1963
1781829843803,1936
1781829843805,1942
1781829843807,1970
1781829843809,2013
1781829843811,2057
1781829843813,2088
1781829843795,2090
1781829843797,2045
1781829843799,1961
1781829843801,1884
1781829843803,1830
1781829843805,1837
1781829843807,1872
1781829843809,1914
1781829843811,1953
1781829843813,1989
1781829843838,1999
1781829843840,1961
1781829843842,1895
1781829843844,1828
1781829843846,1784
1781829843848,1788
1781829843850,1826
1781829843852,1874
1781829843854,1912
1781829843856,1940
1781829843838,1949
1781829843840,1917
1781829843842,1857
1781829843844,1800
1781829843846,1766
1781829843848,1768
1781829843850,1797
1781829843852,1847
1781829843854,1896
1781829843856,1934
1781829843839,1939
1781829843841,1913
1781829843843,1872
1781829843845,1813
1781829843847,1783
1781829843849,1795
1781829843851,1826
1781829843853,1871
1781829843855,1919
1781829843857,1964
1781829843881,1980
1781829843883,1964
1781829843885,1903
1781829843887,1839
1781829843889,1805
1781829843891,1807
1781829843893,1821
1781829843895,1852
1781829843897,1893
1781829843899,1939
1781829843881,1963
1781829843883,1947
1781829843885,1890
1781829843887,1838
1781829843889,1815
1781829843891,1818
1781829843893,1850
1781829843895,1890
1781829843897,1929
1781829843899,1968
1781829843923,1989
1781829843925,1964
1781829843927,1911
1781829843929,1864
1781829843931,1833
1781829843933,1834
1781829843935,1868
1781829843937,1924
1781829843939,1964
1781829843941,1987
1781829843923,1996
1781829843925,1965
1781829843927,1912
1781829843929,1857
1781829843931,1822
1781829843933,1833
1781829843935,1871
1781829843937,1914
1781829843939,1953
1781829843941,1977
1781829843966,1980
1781829843968,1943
1781829843970,1871
1781829843972,1814
1781829843974,1780
1781829843976,1790
1781829843978,1832
1781829843980,1883
1781829843982,1925
1781829843984,1956
1781829843966,1962
1781829843968,1936
1781829843970,1881
1781829843972,1819
1781829843974,1786
1781829843976,1793
1781829843978,1839
1781829843980,1892
1781829843982,1920
1781829843984,1959
1781829844011,1969
1781829844013,1944
1781829844015,1897
1781829844017,1841
1781829844019,1818
1781829844021,1841
1781829844023,1896
1781829844025,1963
1781829844027,2022
1781829844029,2058
1781829844011,2056
1781829844013,2018
1781829844015,1969
1781829844017,1915
1781829844019,1871
1781829844021,1867
1781829844023,1903
1781829844025,1961
1781829844027,2003
1781829844029,2047
1781829844011,2073
1781829844013,2058
1781829844015,2007
1781829844017,1951
1781829844019,1923
1781829844021,1923
1781829844023,1940
1781829844025,1966
1781829844027,1980
1781829844029,1987
1781829844056,1980
1781829844058,1951
1781829844060,1892
1781829844062,1838
1781829844064,1806
1781829844066,1811
1781829844068,1841
1781829844070,1875
1781829844072,1918
1781829844074,1950
1781829844056,1961
1781829844058,1940
1781829844060,1885
1781829844062,1820
1781829844064,1796
1781829844066,1811
1781829844068,1845
1781829844070,1888
1781829844072,1915
1781829844074,1942
1781829844097,1944
1781829844099,1903
1781829844101,1848
1781829844103,1804
1781829844105,1788
1781829844107,1792
1781829844109,1828
1781829844111,1866
1781829844113,1904
1781829844115,1943
1781829844097,1950
1781829844099,1913
1781829844101,1855
1781829844103,1808
1781829844105,1789
1781829844107,1809
1781829844109,1835
1781829844111,1871
1781829844113,1901
1781829844115,1935
1781829844139,1947
1781829844141,1910
1781829844143,1850
1781829844145,1788
1781829844147,1746
1781829844149,1746
1781829844151,1765
1781829844153,1805
1781829844155,1854
1781829844157,1877
1781829844139,1882
1781829844141,1875
1781829844143,1860
1781829844145,1866
1781829844147,1919
1781829844149,2008
1781829844151,2147
1781829844153,2318
1781829844155,2486
1781829844157,2623
1781829844181,2744
1781829844183,2829
1781829844185,2860
1781829844187,2848
1781829844189,2798
1781829844191,2743
1781829844193,2692
1781829844195,2630
1781829844197,2560
1781829844199,2490
1781829844181,2400
1781829844183,2300
1781829844185,2184
1781829844187,2087
1781829844189,2015
1781829844191,1982
1781829844193,1989
1781829844195,2008
1781829844197,2037
1781829844199,2059
1781829844181,2037
1781829844183,1968
1781829844185,1882
1781829844187,1817
1781829844189,1774
1781829844191,1771
1781829844193,1803
1781829844195,1833
1781829844197,1865
1781829844199,1891
1781829844224,1902
1781829844226,1877
1781829844228,1808
1781829844230,1746
1781829844232,1722
1781829844234,1732
1781829844236,1771
1781829844238,1815
1781829844240,1850
1781829844242,1873
1781829844224,1888
1781829844226,1869
1781829844228,1810
1781829844230,1750
1781829844232,1732
1781829844234,1747
1781829844236,1787
1781829844238,1831
1781829844240,1873
1781829844242,1897
1781829844266,1897
1781829844268,1866
1781829844270,1823
1781829844272,1790
1781829844274,1767
1781829844276,1757
1781829844278,1790
1781829844280,1848
1781829844282,1902
1781829844284,1942
1781829844266,1952
1781829844268,1933
1781829844270,1888
1781829844272,1843
1781829844274,1828
1781829844276,1832
1781829844278,1860
1781829844280,1904
1781829844282,1956
1781829844284,1995
1781829844310,2005
1781829844312,1988
1781829844314,1948
1781829844316,1897
1781829844318,1875
1781829844320,1893
1781829844322,1937
1781829844324,1971
1781829844326,2008
1781829844328,2043
1781829844310,2068
1781829844312,2050
1781829844314,2004
1781829844316,1960
1781829844318,1928
1781829844320,1936
1781829844322,1972
1781829844324,2023
1781829844326,2075
1781829844328,2128
1781829844356,2154
1781829844358,2136
1781829844360,2084
1781829844362,2030
1781829844364,2003
1781829844366,2007
1781829844368,2034
1781829844370,2075
1781829844372,2112
1781829844374,2142
1781829844356,2153
1781829844358,2118
1781829844360,2062
1781829844362,2010
1781829844364,1989
1781829844366,1997
1781829844368,2022
1781829844370,2055
1781829844372,2097
1781829844374,2136
1781829844356,2152
1781829844358,2127
1781829844360,2071
1781829844362,2011
1781829844364,1970
1781829844366,1961
1781829844368,1972
1781829844370,2003
1781829844372,2039
1781829844374,2071
1781829844398,2076
1781829844400,2037
1781829844402,1966
1781829844404,1913
1781829844406,1890
1781829844408,1890
1781829844410,1909
1781829844412,1950
1781829844414,1990
1781829844416,2021
1781829844398,2018
1781829844400,1986
1781829844402,1927
1781829844404,1865
1781829844406,1827
1781829844408,1835
1781829844410,1871
1781829844412,1910
1781829844414,1943
1781829844416,1962
1781829844440,1962
1781829844442,1925
1781829844444,1874
1781829844446,1829
1781829844448,1808
1781829844450,1822
1781829844452,1858
1781829844454,1901
1781829844456,1942
1781829844458,1964
1781829844440,1959
1781829844442,1920
1781829844444,1862
1781829844446,1808
1781829844448,1787
1781829844450,1802
1781829844452,1849
1781829844454,1896
1781829844456,1940
1781829844458,1969
1781829844482,1976
1781829844484,1937
1781829844486,1877
1781829844488,1821
1781829844490,1798
1781829844492,1812
1781829844494,1853
1781829844496,1900
1781829844498,1937
1781829844500,1972
1781829844482,1992
1781829844484,1972
1781829844486,1921
1781829844488,1870
1781829844490,1843
1781829844492,1858
1781829844494,1903
1781829844496,1962
1781829844498,2001
1781829844500,2028
1781829844569,2031
1781829844571,1996
1781829844573,1937
1781829844575,1880
1781829844577,1847
1781829844579,1850
1781829844581,1889
1781829844583,1941
1781829844585,1993
1781829844587,2035
1781829844569,2052
1781829844571,2028
1781829844573,1974
1781829844575,1912
1781829844577,1870
1781829844579,1871
1781829844581,1891
1781829844583,1940
1781829844585,1989
1781829844587,2017
1781829844569,2026
1781829844571,1990
1781829844573,1931
1781829844575,1860
1781829844577,1820
1781829844579,1833
1781829844581,1875
1781829844583,1911
1781829844585,1954
1781829844587,1986
1781829844615,2004
1781829844617,1982
1781829844619,1937
1781829844621,1882
1781829844623,1843
1781829844625,1830
1781829844627,1855
1781829844629,1906
1781829844631,1954
1781829844633,1989
1781829844615,1988
1781829844617,1954
1781829844619,1904
1781829844621,1852
1781829844623,1827
1781829844625,1837
1781829844627,1874
1781829844629,1923
1781829844631,1974
1781829844633,2008
1781829844615,2014
1781829844617,1979
1781829844619,1925
1781829844621,1870
1781829844623,1848
1781829844625,1854
1781829844627,1887
1781829844629,1926
1781829844631,1971
1781829844633,2007
1781829844659,2021
1781829844661,2009
1781829844663,1964
1781829844665,1912
1781829844667,1889
1781829844669,1909
1781829844671,1954
1781829844673,1997
1781829844675,2048
1781829844677,2096
1781829844704,2109
1781829844706,2088
1781829844708,2031
1781829844710,1988
1781829844712,1967
1781829844714,1971
1781829844716,2007
1781829844718,2054
1781829844720,2102
1781829844722,2135
1781829844704,2137
1781829844706,2092
1781829844708,2030
1781829844710,1970
1781829844712,1943
1781829844714,1952
1781829844716,1984
1781829844718,2023
1781829844720,2046
1781829844722,2063
1781829844747,2067
1781829844749,2023
1781829844751,1947
1781829844753,1875
1781829844755,1831
1781829844757,1826
1781829844759,1853
1781829844761,1904
1781829844763,1960
1781829844765,2007
1781829844747,2010
1781829844749,1981
1781829844751,1933
1781829844753,1881
1781829844755,1855
1781829844757,1872
1781829844759,1918
1781829844761,1963
1781829844763,1999
1781829844765,2018
1781829844747,2020
1781829844749,1985
1781829844751,1928
1781829844753,1875
1781829844755,1840
1781829844757,1839
1781829844759,1876
1781829844761,1929
1781829844763,1971
1781829844765,2004
1781829844837,2012
1781829844839,1989
1781829844841,1935
1781829844843,1886
1781829844845,1848
1781829844847,1839
1781829844849,1866
1781829844851,1907
1781829844853,1944
1781829844855,1958
1781829844837,1954
1781829844839,1912
1781829844841,1840
1781829844843,1776
1781829844845,1753
1781829844847,1775
1781829844849,1840
1781829844851,1922
1781829844853,2005
1781829844855,2107
1781829844837,2211
1781829844839,2302
1781829844841,2377
1781829844843,2446
1781829844845,2564
1781829844847,2695
1781829844849,2833
1781829844851,2942
1781829844853,2999
1781829844855,3005
1781829844837,2956
1781829844839,2835
1781829844841,2665
1781829844843,2492
1781829844845,2363
1781829844847,2288
1781829844849,2258
1781829844851,2234
1781829844853,2223
1781829844855,2223
1781829844882,2210
1781829844884,2159
1781829844886,2078
1781829844888,1990
1781829844890,1928
1781829844892,1905
1781829844894,1923
1781829844896,1950
1781829844898,1980
1781829844900,1991
1781829844882,1984
1781829844884,1951
1781829844886,1893
1781829844888,1833
1781829844890,1804
1781829844892,1814
1781829844894,1847
1781829844896,1879
1781829844898,1905
1781829844900,1930
1781829844974,1943
1781829844976,1930
1781829844978,1882
1781829844980,1826
1781829844982,1796
1781829844984,1797
1781829844986,1826
1781829844988,1850
1781829844990,1884
1781829844992,1936
1781829844974,1954
1781829844976,1928
1781829844978,1872
1781829844980,1821
1781829844982,1801
1781829844984,1828
1781829844986,1874
1781829844988,1913
1781829844990,1950
1781829844992,1984
1781829844974,2006
1781829844976,1984
1781829844978,1916
1781829844980,1851
1781829844982,1834
1781829844984,1852
1781829844986,1892
1781829844988,1935
1781829844990,1975
1781829844992,2010
1781829844974,2024
1781829844976,2002
1781829844978,1945
1781829844980,1888
1781829844982,1864
1781829844984,1870
1781829844986,1916
1781829844988,1982
1781829844990,2046
1781829844992,2087
1781829845020,2097
1781829845022,2064
1781829845024,1996
1781829845026,1936
1781829845028,1913
1781829845030,1932
1781829845032,1974
1781829845034,2022
1781829845036,2074
1781829845038,2117
1781829845020,2133
1781829845022,2122
1781829845024,2071
1781829845026,2017
1781829845028,1984
1781829845030,1986
1781829845032,2021
1781829845034,2081
1781829845036,2127
1781829845038,2164
1781829845020,2178
1781829845022,2152
1781829845024,2096
1781829845026,2038
1781829845028,2005
1781829845030,2009
1781829845032,2039
1781829845034,2081
1781829845036,2117
1781829845038,2132
1781829845063,2134
1781829845065,2105
1781829845067,2042
1781829845069,1991
1781829845071,1976
1781829845073,1994
1781829845075,2029
1781829845077,2062
1781829845079,2091
1781829845081,2104
1781829845063,2106
1781829845065,2081
1781829845067,2034
1781829845069,1978
1781829845071,1928
1781829845073,1922
1781829845075,1946
1781829845077,1965
1781829845079,1993
1781829845081,2017
1781829845063,2030
1781829845065,2004
1781829845067,1931
1781829845069,1871
1781829845071,1838
1781829845073,1837
1781829845075,1856
1781829845077,1878
1781829845079,1907
1781829845081,1927
1781829845106,1938
1781829845108,1907
1781829845110,1853
1781829845112,1794
1781829845114,1772
1781829845116,1789
1781829845118,1822
1781829845120,1858
1781829845122,1892
1781829845124,1921
1781829845153,1929
1781829845155,1901
1781829845157,1838
1781829845159,1780
1781829845161,1751
1781829845163,1774
1781829845165,1825
1781829845167,1862
1781829845169,1895
1781829845171,1921
1781829845153,1931
1781829845155,1901
1781829845157,1842
1781829845159,1794
1781829845161,1765
1781829845163,1784
1781829845165,1824
1781829845167,1863
1781829845169,1906
1781829845171,1939
1781829845153,1951
1781829845155,1933
1781829845157,1872
1781829845159,1808
1781829845161,1777
1781829845163,1789
1781829845165,1825
1781829845167,1868
1781829845169,1907
1781829845171,1941
1781829845196,1950
1781829845198,1930
1781829845200,1880
1781829845202,1829
1781829845204,1811
1781829845206,1825
1781829845208,1858
1781829845210,1894
1781829845212,1929
1781829845214,1961
1781829845196,1976
1781829845198,1959
1781829845200,1918
1781829845202,1878
1781829845204,1857
1781829845206,1857
1781829845208,1883
1781829845210,1913
1781829845212,1938
1781829845214,1961
1781829845241,1969
1781829845243,1956
1781829845245,1911
1781829845247,1856
1781829845249,1821
1781829845251,1819
1781829845253,1857
1781829845255,1913
1781829845257,1957
1781829845259,1999
1781829845241,2011
1781829845243,1974
1781829845245,1908
1781829845247,1843
1781829845249,1816
1781829845251,1823
1781829845253,1854
1781829845255,1894
1781829845257,1929
1781829845259,1949
1781829845241,1948
1781829845243,1915
1781829845245,1861
1781829845247,1804
1781829845249,1774
1781829845251,1777
1781829845253,1809
1781829845255,1860
1781829845257,1913
1781829845259,1945
1781829845286,1957
1781829845288,1943
1781829845290,1890
1781829845292,1838
1781829845294,1811
1781829845296,1819
1781829845298,1851
1781829845300,1891
1781829845302,1931
1781829845304,1953
1781829845330,1953
1781829845332,1933
1781829845334,1871
1781829845336,1806
1781829845338,1782
1781829845340,1792
1781829845342,1834
1781829845344,1888
1781829845346,1930
1781829845348,1959
1781829845330,1973
1781829845332,1963
1781829845334,1919
1781829845336,1854
1781829845338,1817
1781829845340,1816
1781829845342,1848
1781829845344,1904
1781829845346,1953
1781829845348,1991
1781829845330,1998
1781829845332,1968
1781829845334,1901
1781829845336,1839
1781829845338,1833
1781829845340,1875
1781829845342,1937
1781829845344,1984
1781829845346,2023
1781829845348,2050
1781829845372,2070
1781829845374,2059
1781829845376,2007
1781829845378,1956
1781829845380,1935
1781829845382,1944
1781829845384,1971
1781829845386,2008
1781829845388,2044
1781829845390,2069
1781829845372,2074
1781829845374,2046
1781829845376,1988
1781829845378,1915
1781829845380,1873
1781829845382,1873
1781829845384,1897
1781829845386,1926
1781829845388,1956
1781829845390,1979
1781829845419,1986
1781829845421,1960
1781829845423,1899
1781829845425,1838
1781829845427,1798
1781829845429,1805
1781829845431,1836
1781829845433,1889
1781829845435,1933
1781829845437,1960
1781829845419,1969
1781829845421,1943
1781829845423,1879
1781829845425,1813
1781829845427,1792
1781829845429,1801
1781829845431,1829
1781829845433,1862
1781829845435,1892
1781829845437,1919
1781829845460,1925
1781829845462,1894
1781829845464,1843
1781829845466,1788
1781829845468,1763
1781829845470,1771
1781829845472,1805
1781829845474,1855
1781829845476,1900
1781829845478,1937
1781829845460,1949
1781829845462,1917
1781829845464,1856
1781829845466,1797
1781829845468,1765
1781829845470,1768
1781829845472,1794
1781829845474,1841
1781829845476,1898
1781829845478,1929
1781829845505,1927
1781829845507,1886
1781829845509,1821
1781829845511,1761
1781829845513,1735
1781829845515,1736
1781829845517,1764
1781829845519,1815
1781829845521,1885
1781829845523,1951
1781829845505,2021
1781829845507,2082
1781829845509,2129
1781829845511,2182
1781829845513,2275
1781829845515,2418
1781829845517,2593
1781829845519,2754
1781829845521,2879
1781829845523,2968
1781829845505,2989
1781829845507,2931
1781829845509,2823
1781829845511,2673
1781829845513,2538
1781829845515,2443
1781829845517,2385
1781829845519,2356
1781829845521,2338
1781829845523,2316
1781829845547,2288
1781829845549,2241
1781829845551,2164
1781829845553,2079
1781829845555,2020
1781829845557,1998
1781829845559,2008
1781829845561,2017
1781829845563,2034
1781829845565,2042
1781829845547,2037
1781829845549,2001
1781829845551,1935
1781829845553,1862
1781829845555,1820
1781829845557,1827
1781829845559,1848
1781829845561,1886
1781829845563,1920
1781829845565,1944
1781829845590,1948
1781829845592,1926
1781829845594,1874
1781829845596,1817
1781829845598,1782
1781829845600,1787
1781829845602,1836
1781829845604,1889
1781829845606,1928
1781829845608,1959
1781829845590,1965
1781829845592,1939
1781829845594,1882
1781829845596,1824
1781829845598,1797
1781829845600,1805
1781829845602,1839
1781829845604,1881
1781829845606,1925
1781829845608,1967
1781829845676,1974
1781829845678,1944
1781829845680,1893
1781829845682,1856
1781829845684,1857
1781829845686,1883
1781829845688,1917
1781829845690,1952
1781829845692,1987
1781829845694,2014
1781829845676,2025
1781829845678,1996
1781829845680,1938
1781829845682,1888
1781829845684,1871
1781829845686,1882
1781829845688,1930
1781829845690,1965
1781829845692,2007
1781829845694,2045
1781829845676,2058
1781829845678,2035
1781829845680,1985
1781829845682,1945
1781829845684,1920
1781829845686,1924
1781829845688,1962
1781829845690,2015
1781829845692,2062
1781829845694,2098
1781829845676,2108
1781829845678,2084
1781829845680,2038
1781829845682,1985
1781829845684,1952
1781829845686,1966
1781829845688,2011
1781829845690,2059
1781829845692,2097
1781829845694,2128
1781829845722,2138
1781829845724,2113
1781829845726,2064
1781829845728,2000
1781829845730,1965
1781829845732,1966
1781829845734,1998
1781829845736,2049
1781829845738,2099
1781829845740,2131
1781829845722,2141
1781829845724,2123
1781829845726,2067
1781829845728,1996
1781829845730,1960
1781829845732,1972
1781829845734,2013
1781829845736,2048
1781829845738,2086
1781829845740,2121
1781829845722,2126
1781829845724,2098
1781829845726,2040
1781829845728,1973
1781829845730,1932
1781829845732,1921
1781829845734,1943
1781829845736,1967
1781829845738,1998
1781829845740,2026
1781829845769,2027
1781829845771,1995
1781829845773,1931
1781829845775,1867
1781829845777,1838
1781829845779,1835
1781829845781,1853
1781829845783,1890
1781829845785,1931
1781829845787,1966
1781829845769,1977
1781829845771,1950
1781829845773,1893
1781829845775,1835
1781829845777,1799
1781829845779,1807
1781829845781,1837
1781829845783,1879
1781829845785,1913
1781829845787,1943
1781829845814,1959
1781829845816,1946
1781829845818,1886
1781829845820,1829
1781829845822,1792
1781829845824,1796
1781829845826,1833
1781829845828,1877
1781829845830,1919
1781829845832,1953
1781829845814,1960
1781829845816,1940
1781829845818,1890
1781829845820,1836
1781829845822,1803
1781829845824,1808
1781829845826,1852
1781829845828,1913
1781829845830,1972
1781829845832,2012
1781829845859,2025
1781829845861,1996
1781829845863,1947
1781829845865,1902
1781829845867,1879
1781829845869,1879
1781829845871,1898
1781829845873,1937
1781829845875,1977
1781829845877,2016
1781829845859,2039
1781829845861,2020
1781829845863,1955
1781829845865,1893
1781829845867,1857
1781829845869,1859
1781829845871,1897
1781829845873,1950
1781829845875,1989
1781829845877,2016
1781829845859,2030
1781829845861,2010
1781829845863,1960
1781829845865,1906
1781829845867,1881
1781829845869,1882
1781829845871,1902
1781829845873,1940
1781829845875,1980
1781829845877,2011
1781829845906,2025
1781829845908,2010
1781829845910,1959
1781829845912,1889
1781829845914,1846
1781829845916,1853
1781829845918,1902
1781829845920,1966
1781829845922,2021
1781829845924,2065
1781829845906,2073
1781829845908,2047
1781829845910,1980
1781829845912,1910
1781829845914,1876
1781829845916,1881
1781829845918,1916
1781829845920,1962
1781829845922,2009
1781829845924,2038
1781829846003,2042
1781829846005,2011
1781829846007,1962
1781829846009,1914
1781829846011,1899
1781829846013,1915
1781829846015,1943
1781829846017,1961
1781829846019,1984
1781829846021,2004
1781829846003,2014
1781829846005,1990
1781829846007,1937
1781829846009,1890
1781829846011,1869
1781829846013,1881
1781829846015,1928
1781829846017,1988
1781829846019,2035
1781829846021,2081
1781829846003,2102
1781829846005,2086
1781829846007,2043
1781829846009,2006
1781829846011,1996
1781829846013,1999
1781829846015,2023
1781829846017,2070
1781829846019,2115
1781829846021,2170
1781829846003,2208
1781829846005,2187
1781829846007,2139
1781829846009,2087
1781829846011,2055
1781829846013,2070
1781829846015,2112
1781829846017,2166
1781829846019,2216
1781829846021,2258
1781829846046,2278
1781829846048,2252
1781829846050,2202
1781829846052,2146
1781829846054,2113
1781829846056,2121
1781829846058,2155
1781829846060,2196
1781829846062,2240
1781829846064,2271
1781829846046,2282
1781829846048,2255
1781829846050,2200
1781829846052,2135
1781829846054,2087
1781829846056,2076
1781829846058,2088
1781829846060,2112
1781829846062,2149
1781829846064,2176
1781829846046,2173
1781829846048,2151
1781829846050,2096
1781829846052,2032
1781829846054,1987
1781829846056,1972
1781829846058,1987
1781829846060,2015
1781829846062,2052
1781829846064,2096
1781829846139,2114
1781829846141,2092
1781829846143,2039
1781829846145,1967
1781829846147,1932
1781829846149,1935
1781829846151,1959
1781829846153,1985
1781829846155,2009
1781829846157,2033
1781829846139,2043
1781829846141,2026
1781829846143,1973
1781829846145,1914
1781829846147,1887
1781829846149,1894
1781829846151,1924
1781829846153,1960
1781829846155,2005
1781829846157,2041
1781829846139,2058
1781829846141,2028
1781829846143,1974
1781829846145,1920
1781829846147,1880
1781829846149,1866
1781829846151,1894
1781829846153,1931
1781829846155,1964
1781829846157,1992
1781829846139,2009
1781829846141,1989
1781829846143,1926
1781829846145,1857
1781829846147,1812
1781829846149,1793
1781829846151,1804
1781829846153,1825
1781829846155,1856
1781829846157,1897
1781829846186,1928
1781829846188,1939
1781829846190,1939
1781829846192,1948
1781829846194,2010
1781829846196,2121
1781829846198,2273
1781829846200,2440
1781829846202,2617
1781829846204,2797
1781829846186,2944
1781829846188,3025
1781829846190,3016
1781829846192,2962
1781829846194,2897
1781829846196,2832
1781829846198,2767
1781829846200,2686
1781829846202,2613
1781829846204,2556
1781829846280,2489
1781829846282,2404
1781829846284,2290
1781829846286,2171
1781829846288,2082
1781829846290,2042
1781829846292,2042
1781829846294,2049
1781829846296,2066
1781829846298,2074
1781829846281,2056
1781829846283,2005
1781829846285,1931
1781829846287,1859
1781829846289,1811
1781829846291,1800
1781829846293,1825
1781829846295,1862
1781829846297,1900
1781829846299,1943
1781829846281,1955
1781829846283,1939
1781829846285,1883
1781829846287,1827
1781829846289,1769
1781829846291,1757
1781829846293,1773
1781829846295,1808
1781829846297,1854
1781829846299,1902
1781829846281,1919
1781829846283,1898
1781829846285,1845
1781829846287,1793
1781829846289,1763
1781829846291,1769
1781829846293,1807
1781829846295,1845
1781829846297,1887
1781829846299,1936
1781829846281,1957
1781829846283,1941
1781829846285,1888
1781829846287,1833
1781829846289,1801
1781829846291,1803
1781829846293,1836
1781829846295,1885
1781829846297,1939
1781829846299,1984
1781829846281,2002
1781829846283,1990
1781829846285,1945
1781829846287,1880
1781829846289,1829
1781829846291,1821
1781829846293,1847
1781829846295,1892
1781829846297,1948
1781829846299,1998
1781829846281,2031
1781829846283,2015
1781829846285,1958
1781829846287,1888
1781829846289,1849
1781829846291,1854
1781829846293,1894
1781829846295,1936
1781829846297,1988
1781829846299,2047
1781829846326,2078
1781829846328,2056
1781829846330,2005
1781829846332,1950
1781829846334,1928
1781829846336,1939
1781829846338,1982
1781829846340,2048
1781829846342,2104
1781829846344,2136
1781829846326,2157
1781829846328,2153
1781829846330,2104
1781829846332,2050
1781829846334,2010
1781829846336,2015
1781829846338,2037
1781829846340,2071
1781829846342,2103
1781829846344,2125
1781829846372,2133
1781829846374,2114
1781829846376,2062
1781829846378,1999
1781829846380,1969
1781829846382,1980
1781829846384,2007
1781829846386,2036
1781829846388,2073
1781829846390,2102
1781829846372,2118
1781829846374,2100
1781829846376,2040
1781829846378,1977
1781829846380,1937
1781829846382,1923
1781829846384,1938
1781829846386,1960
1781829846388,1986
1781829846390,2016
1781829846372,2025
1781829846374,2001
1781829846376,1943
1781829846378,1892
1781829846380,1865
1781829846382,1874
1781829846384,1894
1781829846386,1924
1781829846388,1954
1781829846390,1974
1781829846421,1970
1781829846423,1949
1781829846425,1891
1781829846427,1828
1781829846429,1793
1781829846431,1782
1781829846433,1802
1781829846435,1826
1781829846437,1863
1781829846439,1893
1781829846421,1902
1781829846423,1883
1781829846425,1829
1781829846427,1768
1781829846429,1732
1781829846431,1722
1781829846433,1755
1781829846435,1814
1781829846437,1867
1781829846439,1904
1781829846469,1926
1781829846471,1911
1781829846473,1876
1781829846475,1814
1781829846477,1769
1781829846479,1765
1781829846481,1792
1781829846483,1825
1781829846485,1862
1781829846487,1891
1781829846469,1904
1781829846471,1873
1781829846473,1810
1781829846475,1757
1781829846477,1723
1781829846479,1733
1781829846481,1771
1781829846483,1818
1781829846485,1875
1781829846487,1915
1781829846514,1933
1781829846516,1909
1781829846518,1859
1781829846520,1804
1781829846522,1767
1781829846524,1772
1781829846526,1812
1781829846528,1855
1781829846530,1904
1781829846532,1935
1781829846514,1935
1781829846516,1909
1781829846518,1856
1781829846520,1792
1781829846522,1760
1781829846524,1759
1781829846526,1785
1781829846528,1829
1781829846530,1868
1781829846532,1903
1781829846514,1918
1781829846516,1904
1781829846518,1859
1781829846520,1803
1781829846522,1766
1781829846524,1762
1781829846526,1791
1781829846528,1830
1781829846530,1865
1781829846532,1893
1781829846608,1899
1781829846610,1880
1781829846612,1829
1781829846614,1775
1781829846616,1735
1781829846618,1722
1781829846620,1746
1781829846622,1780
1781829846624,1821
1781829846626,1861
1781829846608,1886
1781829846610,1878
1781829846612,1820
1781829846614,1751
1781829846616,1706
1781829846618,1698
1781829846620,1716
1781829846622,1748
1781829846624,1794
1781829846626,1833
1781829846609,1851
1781829846611,1829
1781829846613,1771
1781829846615,1719
1781829846617,1684
1781829846619,1688
1781829846621,1732
1781829846623,1777
1781829846625,1829
1781829846627,1869
1781829846609,1894
1781829846611,1878
1781829846613,1827
1781829846615,1767
1781829846617,1736
1781829846619,1741
1781829846621,1780
1781829846623,1837
1781829846625,1891
1781829846627,1933
1781829846699,1957
1781829846701,1947
1781829846703,1892
1781829846705,1823
1781829846707,1780
1781829846709,1777
1781829846711,1816
1781829846713,1865
1781829846715,1916
1781829846717,1969
1781829846699,2004
1781829846701,1985
1781829846703,1930
1781829846705,1872
1781829846707,1834
1781829846709,1832
1781829846711,1841
1781829846713,1864
1781829846715,1892
1781829846717,1913
1781829846699,1913
1781829846701,1875
1781829846703,1810
1781829846705,1744
1781829846707,1700
1781829846709,1699
1781829846711,1737
1781829846713,1796
1781829846715,1842
1781829846717,1877
1781829846699,1881
1781829846701,1870
1781829846703,1823
1781829846705,1765
1781829846707,1732
1781829846709,1726
1781829846711,1751
1781829846713,1788
1781829846715,1833
1781829846717,1867
1781829846699,1879
1781829846701,1870
1781829846703,1831
1781829846705,1784
1781829846707,1755
1781829846709,1745
1781829846711,1767
1781829846713,1805
1781829846715,1843
1781829846717,1869
1781829846791,1876
1781829846793,1854
1781829846795,1801
1781829846797,1737
1781829846799,1699
1781829846801,1710
1781829846803,1752
1781829846805,1797
1781829846807,1849
1781829846809,1893
1781829846791,1907
1781829846793,1888
1781829846795,1824
1781829846797,1756
1781829846799,1710
1781829846801,1704
1781829846803,1730
1781829846805,1761
1781829846807,1797
1781829846809,1836
1781829846791,1854
1781829846793,1851
1781829846795,1830
1781829846797,1816
1781829846799,1844
1781829846801,1929
1781829846803,2053
1781829846805,2200
1781829846807,2371
1781829846809,2540
1781829846791,2691
1781829846793,2811
1781829846795,2871
1781829846797,2870
1781829846799,2847
1781829846801,2803
1781829846803,2758
1781829846805,2698
1781829846807,2616
1781829846809,2517
1781829846837,2414
1781829846839,2304
1781829846841,2178
1781829846843,2054
1781829846845,1959
1781829846847,1900
1781829846849,1888
1781829846851,1899
1781829846853,1919
1781829846855,1937
1781829846837,1947
1781829846839,1929
1781829846841,1875
1781829846843,1818
1781829846845,1768
1781829846847,1743
1781829846849,1763
1781829846851,1805
1781829846853,1854
1781829846855,1894
1781829846883,1906
1781829846885,1884
1781829846887,1833
1781829846889,1776
1781829846891,1739
1781829846893,1748
1781829846895,1793
1781829846897,1835
1781829846899,1884
1781829846901,1921
1781829846883,1926
1781829846885,1918
1781829846887,1875
1781829846889,1818
1781829846891,1780
1781829846893,1772
1781829846895,1786
1781829846897,1825
1781829846899,1880
1781829846901,1920
1781829846883,1939
1781829846885,1927
1781829846887,1879
1781829846889,1826
1781829846891,1783
1781829846893,1774
1781829846895,1808
1781829846897,1865
1781829846899,1925
1781829846901,1974
1781829846931,1998
1781829846933,1984
1781829846935,1938
1781829846937,1882
1781829846939,1834
1781829846941,1829
1781829846943,1861
1781829846945,1910
1781829846947,1959
1781829846949,2002
1781829846931,2037
1781829846933,2035
1781829846935,1992
1781829846937,1948
1781829846939,1918
1781829846941,1921
1781829846943,1963
1781829846945,2019
1781829846947,2073
1781829846949,2121
1781829846977,2149
1781829846979,2141
1781829846981,2095
1781829846983,2030
1781829846985,1988
1781829846987,1986
1781829846989,2019
1781829846991,2076
1781829846993,2125
1781829846995,2161
1781829846977,2183
1781829846979,2172
1781829846981,2132
1781829846983,2074
1781829846985,2034
1781829846987,2028
1781829846989,2050
1781829846991,2094
1781829846993,2123
1781829846995,2147
1781829847023,2153
1781829847025,2140
1781829847027,2101
1781829847029,2047
1781829847031,2006
1781829847033,1996
1781829847035,2019
1781829847037,2071
1781829847039,2124
1781829847041,2159
1781829847023,2172
1781829847025,2151
1781829847027,2095
1781829847029,2037
1781829847031,2002
1781829847033,1982
1781829847035,1998
1781829847037,2033
1781829847039,2059
1781829847041,2082
1781829847072,2090
1781829847074,2067
1781829847076,2014
1781829847078,1954
1781829847080,1910
1781829847082,1900
1781829847084,1909
1781829847086,1946
1781829847088,1988
1781829847090,2015
1781829847072,2008
1781829847074,1972
1781829847076,1914
1781829847078,1847
1781829847080,1779
1781829847082,1743
1781829847084,1751
1781829847086,1786
1781829847088,1838
1781829847090,1883
1781829847072,1902
1781829847074,1883
1781829847076,1828
1781829847078,1767
1781829847080,1732
1781829847082,1727
1781829847084,1752
1781829847086,1791
1781829847088,1835
1781829847090,1870
1781829847120,1869
1781829847122,1835
1781829847124,1783
1781829847126,1731
1781829847128,1694
1781829847130,1692
1781829847132,1711
1781829847134,1757
1781829847136,1803
1781829847138,1847
1781829847120,1865
1781829847122,1840
1781829847124,1795
1781829847126,1746
1781829847128,1702
1781829847130,1696
1781829847132,1737
1781829847134,1788
1781829847136,1833
1781829847138,1874
1781829847165,1903
1781829847167,1897
1781829847169,1854
1781829847171,1802
1781829847173,1766
1781829847175,1766
1781829847177,1791
1781829847179,1846
1781829847181,1901
1781829847183,1946
1781829847165,1964
1781829847167,1954
1781829847169,1898
1781829847171,1813
1781829847173,1767
1781829847175,1769
1781829847177,1810
1781829847179,1864
1781829847181,1899
1781829847183,1906
1781829847210,1920
1781829847212,1915
1781829847214,1866
1781829847216,1803
1781829847218,1773
1781829847220,1780
1781829847222,1813
1781829847224,1858
1781829847226,1898
1781829847228,1928
1781829847210,1942
1781829847212,1929
1781829847214,1877
1781829847216,1817
1781829847218,1780
1781829847220,1785
1781829847222,1811
1781829847224,1848
1781829847226,1896
1781829847228,1936
1781829847254,1953
1781829847256,1926
1781829847258,1871
1781829847260,1812
1781829847262,1773
1781829847264,1766
1781829847266,1791
1781829847268,1840
1781829847270,1885
1781829847272,1926
1781829847254,1947
1781829847256,1935
1781829847258,1895
1781829847260,1842
1781829847262,1807
1781829847264,1803
1781829847266,1828
1781829847268,1856
1781829847270,1884
1781829847272,1908
1781829847254,1938
1781829847256,1946
1781829847258,1908
1781829847260,1860
1781829847262,1836
1781829847264,1839
1781829847266,1870
1781829847268,1905
1781829847270,1947
1781829847272,1991
1781829847298,1999
1781829847300,1979
1781829847302,1928
1781829847304,1845
1781829847306,1799
1781829847308,1802
1781829847310,1837
1781829847312,1869
1781829847314,1895
1781829847316,1924
1781829847298,1936
1781829847300,1909
1781829847302,1856
1781829847304,1798
1781829847306,1747
1781829847308,1735
1781829847310,1757
1781829847312,1795
1781829847314,1834
1781829847316,1875
1781829847342,1897
1781829847344,1876
1781829847346,1824
1781829847348,1766
1781829847350,1731
1781829847352,1731
1781829847354,1768
1781829847356,1810
1781829847358,1841
1781829847360,1861
1781829847342,1877
1781829847344,1869
1781829847346,1819
1781829847348,1765
1781829847350,1720
1781829847352,1700
1781829847354,1715
1781829847356,1754
1781829847358,1799
1781829847360,1841
1781829847388,1869
1781829847390,1864
1781829847392,1820
1781829847394,1764
1781829847396,1734
1781829847398,1738
1781829847400,1753
1781829847402,1783
1781829847404,1835
1781829847406,1890
1781829847388,1921
1781829847390,1901
1781829847392,1840
1781829847394,1773
1781829847396,1724
1781829847398,1699
1781829847400,1721
1781829847402,1762
1781829847404,1819
1781829847406,1874
1781829847434,1906
1781829847436,1934
1781829847438,1944
1781829847440,1960
1781829847442,2012
1781829847444,2108
1781829847446,2263
1781829847448,2461
1781829847450,2662
1781829847452,2843
1781829847434,2973
1781829847436,3033
1781829847438,3005
1781829847440,2919
1781829847442,2814
1781829847444,2725
1781829847446,2643
1781829847448,2570
1781829847450,2512
1781829847452,2473
1781829847434,2425
1781829847436,2345
1781829847438,2240
1781829847440,2138
1781829847442,2060
1781829847444,2022
1781829847446,2031
1781829847448,2057
1781829847450,2080
1781829847452,2105
1781829847525,2120
1781829847527,2087
1781829847529,2025
1781829847531,1957
1781829847533,1903
1781829847535,1881
1781829847537,1899
1781829847539,1944
1781829847541,1974
1781829847543,1992
1781829847525,2012
1781829847527,1999
1781829847529,1953
1781829847531,1898
1781829847533,1854
1781829847535,1852
1781829847537,1890
1781829847539,1945
1781829847541,2000
1781829847543,2050
1781829847526,2072
1781829847528,2066
1781829847530,2024
1781829847532,1967
1781829847534,1930
1781829847536,1928
1781829847538,1943
1781829847540,1964
1781829847542,1991
1781829847544,2020
1781829847526,2047
1781829847528,2058
1781829847530,2038
1781829847532,2005
1781829847534,1972
1781829847536,1967
1781829847538,2002
1781829847540,2060
1781829847542,2107
1781829847544,2149
1781829847574,2176
1781829847576,2166
1781829847578,2115
1781829847580,2047
1781829847582,1994
1781829847584,1979
1781829847586,2000
1781829847588,2050
1781829847590,2101
1781829847592,2145
1781829847574,2177
1781829847576,2181
1781829847578,2135
1781829847580,2056
1781829847582,2004
1781829847584,2001
1781829847586,2045
1781829847588,2100
1781829847590,2157
1781829847592,2211
1781829847619,2229
1781829847621,2219
1781829847623,2187
1781829847625,2134
1781829847627,2089
1781829847629,2078
1781829847631,2105
1781829847633,2150
1781829847635,2199
1781829847637,2249
1781829847620,2275
1781829847622,2262
1781829847624,2213
1781829847626,2147
1781829847628,2102
1781829847630,2094
1781829847632,2122
1781829847634,2165
1781829847636,2216
1781829847638,2256
1781829847620,2274
1781829847622,2259
1781829847624,2213
1781829847626,2160
1781829847628,2119
1781829847630,2096
1781829847632,2107
1781829847634,2142
1781829847636,2184
1781829847638,2229
1781829847667,2239
1781829847669,2221
1781829847671,2177
1781829847673,2125
1781829847675,2077
1781829847677,2051
1781829847679,2064
1781829847681,2095
1781829847683,2131
1781829847685,2162
1781829847712,2178
1781829847714,2153
1781829847716,2098
1781829847718,2030
1781829847720,1982
1781829847722,1958
1781829847724,1963
1781829847726,1991
1781829847728,2032
1781829847730,2072
1781829847712,2082
1781829847714,2060
1781829847716,2015
1781829847718,1950
1781829847720,1897
1781829847722,1885
1781829847724,1890
1781829847726,1917
1781829847728,1969
1781829847730,2017
1781829847712,2038
1781829847714,2027
1781829847716,1972
1781829847718,1909
1781829847720,1861
1781829847722,1852
1781829847724,1878
1781829847726,1912
1781829847728,1958
1781829847730,2010
1781829847758,2025
1781829847760,2006
1781829847762,1963
1781829847764,1918
1781829847766,1893
1781829847768,1885
1781829847770,1890
1781829847772,1912
1781829847774,1949
1781829847776,1996
1781829847758,2032
1781829847760,2035
1781829847762,1983
1781829847764,1926
1781829847766,1879
1781829847768,1868
1781829847770,1892
1781829847772,1929
1781829847774,1967
1781829847776,2012
1781829847803,2050
1781829847805,2057
1781829847807,2012
1781829847809,1948
1781829847811,1902
1781829847813,1898
1781829847815,1923
1781829847817,1964
1781829847819,1997
1781829847821,2040
1781829847803,2059
1781829847805,2042
1781829847807,1996
1781829847809,1936
1781829847811,1885
1781829847813,1873
1781829847815,1894
1781829847817,1937
1781829847819,1988
1781829847821,2022
1781829847803,2044
1781829847805,2042
1781829847807,2003
1781829847809,1933
1781829847811,1893
1781829847813,1891
1781829847815,1936
1781829847817,1992
1781829847819,2037
1781829847821,2076
1781829847849,2074
1781829847851,2048
1781829847853,2002
1781829847855,1943
1781829847857,1898
1781829847859,1886
1781829847861,1902
1781829847863,1936
1781829847865,1980
1781829847867,2027
1781829847895,2040
1781829847897,2025
1781829847899,1985
1781829847901,1918
1781829847903,1872
1781829847905,1865
1781829847907,1902
1781829847909,1956
1781829847911,2002
1781829847913,2051
1781829847895,2083
1781829847897,2084
1781829847899,2045
1781829847901,1978
1781829847903,1938
1781829847905,1922
1781829847907,1931
1781829847909,1976
1781829847911,2035
1781829847913,2094
1781829847895,2128
1781829847897,2122
1781829847899,2073
1781829847901,2023
1781829847903,1999
1781829847905,1994
1781829847907,2024
1781829847909,2072
1781829847911,2115
1781829847913,2160
1781829847939,2176
1781829847941,2139
1781829847943,2078
1781829847945,2000
1781829847947,1938
1781829847949,1896
1781829847951,1889
1781829847953,1930
1781829847955,1983
1781829847957,2030
1781829847939,2043
1781829847941,2035
1781829847943,1986
1781829847945,1926
1781829847947,1874
1781829847949,1848
1781829847951,1855
1781829847953,1872
1781829847955,1889
1781829847957,1948
1781829847939,1985
1781829847941,1991
1781829847943,1953
1781829847945,1890
1781829847947,1834
1781829847949,1823
1781829847951,1848
1781829847953,1887
1781829847955,1928
1781829847957,1964
1781829847985,1992
1781829847987,1991
1781829847989,1955
1781829847991,1903
1781829847993,1856
1781829847995,1839
1781829847997,1864
1781829847999,1905
1781829848001,1941
1781829848003,1969
1781829848027,1985
1781829848029,1966
1781829848031,1915
1781829848033,1856
1781829848035,1817
1781829848037,1800
1781829848039,1824
1781829848041,1859
1781829848043,1894
1781829848045,1917
1781829848027,1919
1781829848029,1899
1781829848031,1852
1781829848033,1777
1781829848035,1724
1781829848037,1697
1781829848039,1703
1781829848041,1740
1781829848043,1795
1781829848045,1861
1781829848027,1929
1781829848029,1986
1781829848031,2016
1781829848033,2047
1781829848035,2105
1781829848037,2213
1781829848039,2373
1781829848041,2548
1781829848043,2715
1781829848045,2855
1781829848072,2933
1781829848074,2941
1781829848076,2891
1781829848078,2801
1781829848080,2671
1781829848082,2546
1781829848084,2462
1781829848086,2404
1781829848088,2366
1781829848090,2337
1781829848073,2305
1781829848075,2246
1781829848077,2162
1781829848079,2081
1781829848081,2011
1781829848083,1953
1781829848085,1936
1781829848087,1944
1781829848089,1952
1781829848091,1966
1781829848118,1956
1781829848120,1912
1781829848122,1845
1781829848124,1785
1781829848126,1737
1781829848128,1717
1781829848130,1731
1781829848132,1767
1781829848134,1802
1781829848136,1830
1781829848118,1843
1781829848120,1821
1781829848122,1767
1781829848124,1693
1781829848126,1637
1781829848128,1621
1781829848130,1647
1781829848132,1691
1781829848134,1731
1781829848136,1763
1781829848118,1773
1781829848120,1745
1781829848122,1689
1781829848124,1631
1781829848126,1596
1781829848128,1591
1781829848130,1612
1781829848132,1666
1781829848134,1723
1781829848136,1763
1781829848204,1779
1781829848206,1783
1781829848208,1747
1781829848210,1680
1781829848212,1636
1781829848214,1629
1781829848216,1655
1781829848218,1693
1781829848220,1728
1781829848222,1768
1781829848205,1793
1781829848207,1787
1781829848209,1744
1781829848211,1683
1781829848213,1647
1781829848215,1647
1781829848217,1671
1781829848219,1707
1781829848221,1755
1781829848223,1797
1781829848205,1828
1781829848207,1823
1781829848209,1784
1781829848211,1733
1781829848213,1703
1781829848215,1713
1781829848217,1756
1781829848219,1812
1781829848221,1848
1781829848223,1881
1781829848205,1909
1781829848207,1913
1781829848209,1866
1781829848211,1800
1781829848213,1764
1781829848215,1770
1781829848217,1801
1781829848219,1856
1781829848221,1917
1781829848223,1956
1781829848249,1973
1781829848251,1960
1781829848253,1908
1781829848255,1848
1781829848257,1816
1781829848259,1814
1781829848261,1838
1781829848263,1884
1781829848265,1945
1781829848267,1987
1781829848249,2002
1781829848251,1992
1781829848253,1949
1781829848255,1891
1781829848257,1845
1781829848259,1825
1781829848261,1838
1781829848263,1862
1781829848265,1897
1781829848267,1931
1781829848340,1952
1781829848342,1938
1781829848344,1880
1781829848346,1808
1781829848348,1758
1781829848350,1755
1781829848352,1782
1781829848354,1820
1781829848356,1855
1781829848358,1889
1781829848340,1905
1781829848342,1906
1781829848344,1858
1781829848346,1780
1781829848348,1709
1781829848350,1681
1781829848352,1692
1781829848354,1709
1781829848356,1730
1781829848358,1766
1781829848340,1792
1781829848342,1786
1781829848344,1751
1781829848346,1693
1781829848348,1637
1781829848350,1627
1781829848352,1649
1781829848354,1689
1781829848356,1737
1781829848358,1782
1781829848340,1788
1781829848342,1762
1781829848344,1721
1781829848346,1675
1781829848348,1635
1781829848350,1632
1781829848352,1653
1781829848354,1702
1781829848356,1747
1781829848358,1773
1781829848385,1786
1781829848387,1783
1781829848389,1754
1781829848391,1700
1781829848393,1662
1781829848395,1654
1781829848397,1658
1781829848399,1692
1781829848401,1731
1781829848403,1759
1781829848385,1769
1781829848387,1775
1781829848389,1750
1781829848391,1700
1781829848393,1659
1781829848395,1652
1781829848397,1676
1781829848399,1713
1781829848401,1757
1781829848403,1789
1781829848385,1813
1781829848387,1813
1781829848389,1782
1781829848391,1741
1781829848393,1704
1781829848395,1698
1781829848397,1720
1781829848399,1768
1781829848401,1813
1781829848403,1851
1781829848430,1879
1781829848432,1880
1781829848434,1842
1781829848436,1785
1781829848438,1736
1781829848440,1716
1781829848442,1733
1781829848444,1767
1781829848446,1815
1781829848448,1857
1781829848430,1870
1781829848432,1846
1781829848434,1805
1781829848436,1751
1781829848438,1709
1781829848440,1708
1781829848442,1733
1781829848444,1773
1781829848446,1820
1781829848448,1853
1781829848471,1881
1781829848473,1878
1781829848475,1827
1781829848477,1764
1781829848479,1707
1781829848481,1693
1781829848483,1722
1781829848485,1770
1781829848487,1820
1781829848489,1854
1781829848471,1873
1781829848473,1874
1781829848475,1845
1781829848477,1795
1781829848479,1761
1781829848481,1767
1781829848483,1795
1781829848485,1839
1781829848487,1881
1781829848489,1917
1781829848512,1943
1781829848514,1947
1781829848516,1923
1781829848518,1867
1781829848520,1828
1781829848522,1830
1781829848524,1866
1781829848526,1912
1781829848528,1959
1781829848530,1997
1781829848512,2023
1781829848514,2026
1781829848516,1983
1781829848518,1923
1781829848520,1883
1781829848522,1876
1781829848524,1899
1781829848526,1931
1781829848528,1961
1781829848530,1972
1781829848556,1976
1781829848558,1959
1781829848560,1912
1781829848562,1844
1781829848564,1791
1781829848566,1777
1781829848568,1791
1781829848570,1822
1781829848572,1856
1781829848574,1895
1781829848557,1925
1781829848559,1910
1781829848561,1850
1781829848563,1783
1781829848565,1747
1781829848567,1744
1781829848569,1770
1781829848571,1803
1781829848573,1831
1781829848575,1862
1781829848557,1885
1781829848559,1883
1781829848561,1863
1781829848563,1811
1781829848565,1758
1781829848567,1757
1781829848569,1787
1781829848571,1824
1781829848573,1866
1781829848575,1912
1781829848598,1951
1781829848600,1958
1781829848602,1916
1781829848604,1854
1781829848606,1798
1781829848608,1777
1781829848610,1779
1781829848612,1809
1781829848614,1854
1781829848616,1912
1781829848598,1941
1781829848600,1935
1781829848602,1901
1781829848604,1841
1781829848606,1792
1781829848608,1785
1781829848610,1806
1781829848612,1833
1781829848614,1872
1781829848616,1901
1781829848638,1914
1781829848640,1890
1781829848642,1825
1781829848644,1758
1781829848646,1712
1781829848648,1716
1781829848650,1756
1781829848652,1821
1781829848654,1894
1781829848656,1983
1781829848638,2079
1781829848640,2163
1781829848642,2236
1781829848644,2309
1781829848646,2412
1781829848648,2540
1781829848650,2695
1781829848652,2855
1781829848654,2989
1781829848656,3073
1781829848721,3108
1781829848723,3063
1781829848725,2932
1781829848727,2770
1781829848729,2606
1781829848731,2473
1781829848733,2381
1781829848735,2337
1781829848737,2325
1781829848739,2323
1781829848721,2319
1781829848723,2293
1781829848725,2219
1781829848727,2126
1781829848729,2044
1781829848731,1997
1781829848733,1984
1781829848735,1983
1781829848737,1998
1781829848739,2019
1781829848722,2027
1781829848724,2008
1781829848726,1952
1781829848728,1877
1781829848730,1816
1781829848732,1791
1781829848734,1803
1781829848736,1820
1781829848738,1849
1781829848740,1876
1781829848722,1895
1781829848724,1898
1781829848726,1851
1781829848728,1790
1781829848730,1749
1781829848732,1738
1781829848734,1764
1781829848736,1818
1781829848738,1865
1781829848740,1902
1781829848722,1926
1781829848724,1930
1781829848726,1897
1781829848728,1842
1781829848730,1785
1781829848732,1766
1781829848734,1786
1781829848736,1827
1781829848738,1878
1781829848740,1927
1781829848805,1958
1781829848807,1962
1781829848809,1931
1781829848811,1879
1781829848813,1840
1781829848815,1823
1781829848817,1840
1781829848819,1871
1781829848821,1909
1781829848823,1946
1781829848805,1977
1781829848807,1987
1781829848809,1953
1781829848811,1894
1781829848813,1848
1781829848815,1831
1781829848817,1855
1781829848819,1906
1781829848821,1951
1781829848823,1995
1781829848805,2036
1781829848807,2049
1781829848809,2017
1781829848811,1961
1781829848813,1920
1781829848815,1915
1781829848817,1940
1781829848819,1974
1781829848821,2016
1781829848823,2058
1781829848805,2087
1781829848807,2094
1781829848809,2052
1781829848811,1993
1781829848813,1942
1781829848815,1933
1781829848817,1965
1781829848819,2028
1781829848821,2085
1781829848823,2132
1781829848845,2170
1781829848847,2168
1781829848849,2128
1781829848851,2073
1781829848853,2020
1781829848855,2009
1781829848857,2035
1781829848859,2091
1781829848861,2144
1781829848863,2177
1781829848845,2192
1781829848847,2180
1781829848849,2131
1781829848851,2059
1781829848853,2013
1781829848855,2013
1781829848857,2034
1781829848859,2080
1781829848861,2125
1781829848863,2156
1781829848929,2175
1781829848931,2153
1781829848933,2117
1781829848935,2070
1781829848937,2021
1781829848939,2002
1781829848941,2014
1781829848943,2050
1781829848945,2090
1781829848947,2127
1781829848929,2161
1781829848931,2155
1781829848933,2096
1781829848935,2016
1781829848937,1957
1781829848939,1934
1781829848941,1945
1781829848943,1984
1781829848945,2018
1781829848947,2046
1781829848929,2059
1781829848931,2045
1781829848933,1992
1781829848935,1926
1781829848937,1871
1781829848939,1834
1781829848941,1835
1781829848943,1871
1781829848945,1922
1781829848947,1967
1781829848970,1999
1781829848972,1997
1781829848974,1951
1781829848976,1875
1781829848978,1823
1781829848980,1818
1781829848982,1852
1781829848984,1891
1781829848986,1936
1781829848988,1979
1781829848970,2008
1781829848972,2009
1781829848974,1964
1781829848976,1903
1781829848978,1851
1781829848980,1827
1781829848982,1847
1781829848984,1888
1781829848986,1933
1781829848988,1979
1781829849011,2001
1781829849013,2007
1781829849015,1962
1781829849017,1898
1781829849019,1847
1781829849021,1823
1781829849023,1832
1781829849025,1866
1781829849027,1903
1781829849029,1943
1781829849011,1967
1781829849013,1964
1781829849015,1929
1781829849017,1875
1781829849019,1834
1781829849021,1816
1781829849023,1825
1781829849025,1851
1781829849027,1905
1781829849029,1960
1781829849054,1995
1781829849056,1998
1781829849058,1960
1781829849060,1904
1781829849062,1854
1781829849064,1827
1781829849066,1846
1781829849068,1877
1781829849070,1914
1781829849072,1956
1781829849054,1978
1781829849056,1983
1781829849058,1943
1781829849060,1883
1781829849062,1828
1781829849064,1823
1781829849066,1844
1781829849068,1888
1781829849070,1935
1781829849072,1972
1781829849094,2003
1781829849096,2008
1781829849098,1974
1781829849100,1913
1781829849102,1863
1781829849104,1836
1781829849106,1835
1781829849108,1869
1781829849110,1908
1781829849112,1943
1781829849094,1973
1781829849096,1978
1781829849098,1934
1781829849100,1874
1781829849102,1831
1781829849104,1811
1781829849106,1822
1781829849108,1863
1781829849110,1915
1781829849112,1968
1781829849094,2009
1781829849096,2014
1781829849098,1984
1781829849100,1930
1781829849102,1882
1781829849104,1873
1781829849106,1888
1781829849108,1924
1781829849110,1982
1781829849112,2031
1781829849137,2067
1781829849139,2069
1781829849141,2016
1781829849143,1947
1781829849145,1893
1781829849147,1885
1781829849149,1910
1781829849151,1964
1781829849153,2020
1781829849155,2055
1781829849137,2093
1781829849139,2117
1781829849141,2094
1781829849143,2036
1781829849145,1988
1781829849147,1975
1781829849149,1989
1781829849151,2025
1781829849153,2057
1781829849155,2094
1781829849178,2112
1781829849180,2105
1781829849182,2043
1781829849184,1950
1781829849186,1890
1781829849188,1873
1781829849190,1897
1781829849192,1936
1781829849194,1978
1781829849196,2015
1781829849178,2039
1781829849180,2043
1781829849182,2005
1781829849184,1946
1781829849186,1876
1781829849188,1844
1781829849190,1863
1781829849192,1903
1781829849194,1941
1781829849196,1975
1781829849220,1996
1781829849222,1990
1781829849224,1943
1781829849226,1887
1781829849228,1837
1781829849230,1812
1781829849232,1824
1781829849234,1866
1781829849236,1910
1781829849238,1956
1781829849220,1983
1781829849222,1977
1781829849224,1935
1781829849226,1873
1781829849228,1823
1781829849230,1804
1781829849232,1819
1781829849234,1856
1781829849236,1902
1781829849238,1948
1781829849260,1974
1781829849262,1963
1781829849264,1920
1781829849266,1864
1781829849268,1815
1781829849270,1802
1781829849272,1833
1781829849274,1872
1781829849276,1910
1781829849278,1941
1781829849260,1961
1781829849262,1955
1781829849264,1912
1781829849266,1850
1781829849268,1797
1781829849270,1762
1781829849272,1773
1781829849274,1840
1781829849276,1927
1781829849278,2030
1781829849260,2139
1781829849262,2225
1781829849264,2303
1781829849266,2373
1781829849268,2446
1781829849270,2549
1781829849272,2692
1781829849274,2851
1781829849276,2955
1781829849278,3037
1781829849304,3051
1781829849306,3002
1781829849308,2876
1781829849310,2721
1781829849312,2559
1781829849314,2435
1781829849316,2366
1781829849318,2343
1781829849320,2332
1781829849322,2328
1781829849304,2325
1781829849306,2303
1781829849308,2256
1781829849310,2181
1781829849312,2107
1781829849314,2046
1781829849316,2022
1781829849318,2024
1781829849320,2042
1781829849322,2068
1781829849345,2081
1781829849347,2049
1781829849349,1981
1781829849351,1914
1781829849353,1861
1781829849355,1847
1781829849357,1868
1781829849359,1898
1781829849361,1931
1781829849363,1972
1781829849345,1999
1781829849347,1999
1781829849349,1976
1781829849351,1936
1781829849353,1892
1781829849355,1880
1781829849357,1901
1781829849359,1957
1781829849361,2012
1781829849363,2038
1781829849388,2042
1781829849390,2021
1781829849392,1974
1781829849394,1923
1781829849396,1886
1781829849398,1887
1781829849400,1924
1781829849402,1974
1781829849404,2021
1781829849406,2060
1781829849388,2079
1781829849390,2077
1781829849392,2047
1781829849394,1997
1781829849396,1971
1781829849398,1977
1781829849400,2007
1781829849402,2063
1781829849404,2121
1781829849406,2163
1781829849388,2196
1781829849390,2211
1781829849392,2187
1781829849394,2139
1781829849396,2097
1781829849398,2086
1781829849400,2104
1781829849402,2129
1781829849404,2155
1781829849406,2204
1781829849470,2251
1781829849472,2246
1781829849474,2206
1781829849476,2152
1781829849478,2109
1781829849480,2089
1781829849482,2105
1781829849484,2163
1781829849486,2234
1781829849488,2297
1781829849470,2324
1781829849472,2326
1781829849474,2293
1781829849476,2244
1781829849478,2183
1781829849480,2153
1781829849482,2154
1781829849484,2184
1781829849486,2229
1781829849488,2265
1781829849511,2290
1781829849513,2288
1781829849515,2247
1781829849517,2194
1781829849519,2158
1781829849521,2139
1781829849523,2160
1781829849525,2203
1781829849527,2248
1781829849529,2281
1781829849511,2298
1781829849513,2303
1781829849515,2263
1781829849517,2207
1781829849519,2148
1781829849521,2114
1781829849523,2118
1781829849525,2140
1781829849527,2169
1781829849529,2207
1781829849553,2237
1781829849555,2246
1781829849557,2204
1781829849559,2131
1781829849561,2068
1781829849563,2031
1781829849565,2033
1781829849567,2078
1781829849569,2118
1781829849571,2150
1781829849553,2176
1781829849555,2180
1781829849557,2145
1781829849559,2080
1781829849561,2006
1781829849563,1970
1781829849565,1984
1781829849567,2032
1781829849569,2090
1781829849571,2145
1781829849594,2174
1781829849596,2176
1781829849598,2134
1781829849600,2067
1781829849602,2001
1781829849604,1966
1781829849606,1972
1781829849608,1997
1781829849610,2026
1781829849612,2068
1781829849594,2109
1781829849596,2116
1781829849598,2075
1781829849600,2001
1781829849602,1947
1781829849604,1933
1781829849606,1948
1781829849608,1978
1781829849610,2013
1781829849612,2049
1781829849594,2082
1781829849596,2097
1781829849598,2072
1781829849600,2016
1781829849602,1962
1781829849604,1952
1781829849606,1985
1781829849608,2036
1781829849610,2066
1781829849612,2110
1781829849637,2155
1781829849639,2177
1781829849641,2158
1781829849643,2092
1781829849645,2017
1781829849647,1972
1781829849649,1973
1781829849651,2024
1781829849653,2101
1781829849655,2166
1781829849637,2203
1781829849639,2209
1781829849641,2187
1781829849643,2133
1781829849645,2080
1781829849647,2055
1781829849649,2075
1781829849651,2117
1781829849653,2148
1781829849655,2169
1781829849676,2191
1781829849678,2199
1781829849680,2167
1781829849682,2111
1781829849684,2054
1781829849686,2024
1781829849688,2026
1781829849690,2053
1781829849692,2097
1781829849694,2146
1781829849676,2175
1781829849678,2171
1781829849680,2130
1781829849682,2081
1781829849684,2033
1781829849686,2006
1781829849688,2007
1781829849690,2031
1781829849692,2079
1781829849694,2126
1781829849718,2161
1781829849720,2159
1781829849722,2114
1781829849724,2040
1781829849726,1983
1781829849728,1956
1781829849730,1958
1781829849732,1984
1781829849734,2023
1781829849736,2077
1781829849718,2107
1781829849720,2112
1781829849722,2089
1781829849724,2028
1781829849726,1980
1781829849728,1961
1781829849730,1982
1781829849732,2027
1781829849734,2073
1781829849736,2109
1781829849755,2144
1781829849757,2154
1781829849759,2123
1781829849761,2058
1781829849763,1999
1781829849765,1977
1781829849767,1990
1781829849769,2042
1781829849771,2102
1781829849773,2159
1781829849755,2188
1781829849757,2188
1781829849759,2165
1781829849761,2123
1781829849763,2076
1781829849765,2066
1781829849767,2099
1781829849769,2127
1781829849771,2165
1781829849773,2216
1781829849755,2263
1781829849757,2280
1781829849759,2245
1781829849761,2176
1781829849763,2110
1781829849765,2083
1781829849767,2085
1781829849769,2117
1781829849771,2154
1781829849773,2191
1781829849792,2206
1781829849794,2203
1781829849796,2165
1781829849798,2097
1781829849800,2038
1781829849802,2006
1781829849804,2003
1781829849806,2023
1781829849808,2046
1781829849810,2075
1781829849792,2085
1781829849794,2062
1781829849796,2017
1781829849798,1968
1781829849800,1925
1781829849802,1901
1781829849804,1910
1781829849806,1925
1781829849808,1947
1781829849810,1981
1781829849867,2021
1781829849869,2035
1781829849871,2011
1781829849873,1950
1781829849875,1880
1781829849877,1854
1781829849879,1859
1781829849881,1887
1781829849883,1935
1781829849885,1986
1781829849867,2027
1781829849869,2041
1781829849871,1998
1781829849873,1946
1781829849875,1899
1781829849877,1876
1781829849879,1866
1781829849881,1882
1781829849883,1931
1781829849885,1977
1781829849904,1999
1781829849906,1994
1781829849908,1957
1781829849910,1896
1781829849912,1838
1781829849914,1809
1781829849916,1800
1781829849918,1821
1781829849920,1861
1781829849922,1895
1781829849904,1923
1781829849906,1923
1781829849908,1882
1781829849910,1821
1781829849912,1777
1781829849914,1762
1781829849916,1784
1781829849918,1838
1781829849920,1927
1781829849922,2037
1781829849940,2154
1781829849942,2265
1781829849944,2355
1781829849946,2429
1781829849948,2504
1781829849950,2616
1781829849952,2756
1781829849954,2898
1781829849956,3004
1781829849958,3050
1781829849940,3039
1781829849942,2964
1781829849944,2815
1781829849946,2639
1781829849948,2485
1781829849950,2377
1781829849952,2324
1781829849954,2308
1781829849956,2288
1781829849958,2276
1781829849940,2265
1781829849942,2222
1781829849944,2162
1781829849946,2085
1781829849948,2012
1781829849950,1955
1781829849952,1955
1781829849954,1988
1781829849956,2028
1781829849958,2068
1781829849978,2082
1781829849980,2075
1781829849982,2049
1781829849984,1991
1781829849986,1935
1781829849988,1908
1781829849990,1911
1781829849992,1926
1781829849994,1958
1781829849996,2003
1781829849978,2036
1781829849980,2044
1781829849982,2012
1781829849984,1944
1781829849986,1891
1781829849988,1872
1781829849990,1882
1781829849992,1918
1781829849994,1956
1781829849996,1993
1781829850019,2019
1781829850021,2019
1781829850023,1969
1781829850025,1909
1781829850027,1859
1781829850029,1842
1781829850031,1857
1781829850033,1882
1781829850035,1929
1781829850037,1984
1781829850019,2015
1781829850021,2023
1781829850023,2000
1781829850025,1928
1781829850027,1856
1781829850029,1842
1781829850031,1878
1781829850033,1937
1781829850035,2000
1781829850037,2059
1781829850096,2104
1781829850098,2115
1781829850100,2077
1781829850102,1997
1781829850104,1924
1781829850106,1889
1781829850108,1895
1781829850110,1937
1781829850112,2005
1781829850114,2071
1781829850096,2106
1781829850098,2119
1781829850100,2095
1781829850102,2041
1781829850104,1985
1781829850106,1959
1781829850108,1971
1781829850110,2014
1781829850112,2047
1781829850114,2086
1781829850136,2129
1781829850138,2143
1781829850140,2113
1781829850142,2075
1781829850144,2035
1781829850146,2010
1781829850148,2016
1781829850150,2042
1781829850152,2092
1781829850154,2135
1781829850137,2166
1781829850139,2175
1781829850141,2146
1781829850143,2097
1781829850145,2048
1781829850147,2026
1781829850149,2038
1781829850151,2064
1781829850153,2089
1781829850155,2129
1781829850137,2159
1781829850139,2158
1781829850141,2126
1781829850143,2060
1781829850145,1992
1781829850147,1970
1781829850149,1976
1781829850151,2004
1781829850153,2052
1781829850155,2091
1781829850175,2123
1781829850177,2139
1781829850179,2112
1781829850181,2049
1781829850183,1978
1781829850185,1932
1781829850187,1929
1781829850189,1965
1781829850191,2005
1781829850193,2044
1781829850175,2065
1781829850177,2055
1781829850179,2021
1781829850181,1964
1781829850183,1919
1781829850185,1897
1781829850187,1912
1781829850189,1941
1781829850191,1966
1781829850193,1998
1781829850214,2022
1781829850216,2016
1781829850218,1970
1781829850220,1898
1781829850222,1841
1781829850224,1814
1781829850226,1826
1781829850228,1857
1781829850230,1890
1781829850232,1914
1781829850214,1941
1781829850216,1935
1781829850218,1897
1781829850220,1833
1781829850222,1770
1781829850224,1733
1781829850226,1744
1781829850228,1784
1781829850230,1836
1781829850232,1880
1781829850251,1904
1781829850253,1900
1781829850255,1861
1781829850257,1797
1781829850259,1734
1781829850261,1698
1781829850263,1692
1781829850265,1725
1781829850267,1777
1781829850269,1827
1781829850251,1860
1781829850253,1876
1781829850255,1854
1781829850257,1803
1781829850259,1752
1781829850261,1724
1781829850263,1731
1781829850265,1771
1781829850267,1818
1781829850269,1868
1781829850289,1897
1781829850291,1922
1781829850293,1908
1781829850295,1855
1781829850297,1795
1781829850299,1763
1781829850301,1780
1781829850303,1832
1781829850305,1896
1781829850307,1952
1781829850289,1979
1781829850291,1994
1781829850293,1955
1781829850295,1885
1781829850297,1823
1781829850299,1802
1781829850301,1829
1781829850303,1874
1781829850305,1922
1781829850307,1956
1781829850289,1987
1781829850291,1997
1781829850293,1961
1781829850295,1895
1781829850297,1819
1781829850299,1779
1781829850301,1791
1781829850303,1833
1781829850305,1882
1781829850307,1915
1781829850369,1941
1781829850371,1944
1781829850373,1902
1781829850375,1833
1781829850377,1777
1781829850379,1741
1781829850381,1747
1781829850383,1792
1781829850385,1849
1781829850387,1901
1781829850369,1932
1781829850371,1933
1781829850373,1897
1781829850375,1835
1781829850377,1783
1781829850379,1750
1781829850381,1746
1781829850383,1789
1781829850385,1842
1781829850387,1880
1781829850408,1905
1781829850410,1912
1781829850412,1892
1781829850414,1851
1781829850416,1809
1781829850418,1796
1781829850420,1823
1781829850422,1863
1781829850424,1911
1781829850426,1956
1781829850408,1997
1781829850410,1997
1781829850412,1971
1781829850414,1923
1781829850416,1877
1781829850418,1855
1781829850420,1868
1781829850422,1911
1781829850424,1942
1781829850426,1972
1781829850450,2004
1781829850452,2010
1781829850454,1984
1781829850456,1932
1781829850458,1871
1781829850460,1837
1781829850462,1836
1781829850464,1851
1781829850466,1879
1781829850468,1925
1781829850450,1951
1781829850452,1948
1781829850454,1907
1781829850456,1830
1781829850458,1756
1781829850460,1713
1781829850462,1715
1781829850464,1745
1781829850466,1782
1781829850468,1831
1781829850489,1861
1781829850491,1854
1781829850493,1791
1781829850495,1720
1781829850497,1652
1781829850499,1605
1781829850501,1590
1781829850503,1623
1781829850505,1662
1781829850507,1714
1781829850489,1767
1781829850491,1795
1781829850493,1769
1781829850495,1702
1781829850497,1636
1781829850499,1605
1781829850501,1618
1781829850503,1667
1781829850505,1716
1781829850507,1755
1781829850489,1772
1781829850491,1765
1781829850493,1725
1781829850495,1647
1781829850497,1561
1781829850499,1517
1781829850501,1531
1781829850503,1583
1781829850505,1639
1781829850507,1695
1781829850566,1741
1781829850568,1759
1781829850570,1734
1781829850572,1667
1781829850574,1592
1781829850576,1565
1781829850578,1585
1781829850580,1620
1781829850582,1658
1781829850584,1696
1781829850566,1714
1781829850568,1702
1781829850570,1652
1781829850572,1589
1781829850574,1524
1781829850576,1502
1781829850578,1512
1781829850580,1554
1781829850582,1610
1781829850584,1701
1781829850566,1809
1781829850568,1906
1781829850570,1984
1781829850572,2049
1781829850574,2123
1781829850576,2226
1781829850578,2377
1781829850580,2544
1781829850582,2683
1781829850584,2787
1781829850566,2852
1781829850568,2848
1781829850570,2759
1781829850572,2609
1781829850574,2460
1781829850576,2338
1781829850578,2245
1781829850580,2212
1781829850582,2212
1781829850584,2200
1781829850603,2178
1781829850605,2152
1781829850607,2086
1781829850609,1988
1781829850611,1901
1781829850613,1839
1781829850615,1816
1781829850617,1825
1781829850619,1856
1781829850621,1879
1781829850603,1890
1781829850605,1877
1781829850607,1834
1781829850609,1778
1781829850611,1727
1781829850613,1690
1781829850615,1693
1781829850617,1719
1781829850619,1755
1781829850621,1794
1781829850684,1832
1781829850686,1839
1781829850688,1809
1781829850690,1733
1781829850692,1662
1781829850694,1633
1781829850696,1640
1781829850698,1682
1781829850700,1746
1781829850702,1816
1781829850684,1852
1781829850686,1861
1781829850688,1831
1781829850690,1777
1781829850692,1713
1781829850694,1677
1781829850696,1689
1781829850698,1740
1781829850700,1797
1781829850702,1855
1781829850684,1897
1781829850686,1912
1781829850688,1894
1781829850690,1837
1781829850692,1773
1781829850694,1749
1781829850696,1766
1781829850698,1813
1781829850700,1865
1781829850702,1915
1781829850722,1957
1781829850724,1973
1781829850726,1947
1781829850728,1895
1781829850730,1840
1781829850732,1818
1781829850734,1835
1781829850736,1880
1781829850738,1930
1781829850740,1992
1781829850761,2047
1781829850763,2079
1781829850765,2063
1781829850767,2012
1781829850769,1961
1781829850771,1922
1781829850773,1925
1781829850775,1971
1781829850777,2027
1781829850779,2083
1781829850761,2120
1781829850763,2127
1781829850765,2101
1781829850767,2055
1781829850769,1993
1781829850771,1960
1781829850773,1972
1781829850775,2004
1781829850777,2050
1781829850779,2108
1781829850761,2136
1781829850763,2143
1781829850765,2119
1781829850767,2071
1781829850769,2009
1781829850771,1976
1781829850773,1984
1781829850775,2031
1781829850777,2074
1781829850779,2113
1781829850799,2137
1781829850801,2142
1781829850803,2114
1781829850805,2060
1781829850807,2003
1781829850809,1970
1781829850811,1973
1781829850813,1987
1781829850815,2017
1781829850817,2045
1781829850799,2057
1781829850801,2037
1781829850803,1980
1781829850805,1894
1781829850807,1828
1781829850809,1799
1781829850811,1807
1781829850813,1834
1781829850815,1869
1781829850817,1906
1781829850799,1941
1781829850801,1951
1781829850803,1925
1781829850805,1853
1781829850807,1777
1781829850809,1750
1781829850811,1772
1781829850813,1807
1781829850815,1834
1781829850817,1869
1781829850836,1912
1781829850838,1938
1781829850840,1922
1781829850842,1889
1781829850844,1856
1781829850846,1832
1781829850848,1834
1781829850850,1872
1781829850852,1923
1781829850854,1971
1781829850873,2013
1781829850875,2031
1781829850877,2012
1781829850879,1956
1781829850881,1909
1781829850883,1883
1781829850885,1888
1781829850887,1913
1781829850889,1960
1781829850891,2001
1781829850873,2030
1781829850875,2039
1781829850877,2010
1781829850879,1963
1781829850881,1922
1781829850883,1900
1781829850885,1906
1781829850887,1943
1781829850889,1988
1781829850891,2033
1781829850873,2076
1781829850875,2098
1781829850877,2090
1781829850879,2054
1781829850881,1995
1781829850883,1961
1781829850885,1974
1781829850887,2016
1781829850889,2059
1781829850891,2097
1781829850954,2124
1781829850956,2127
1781829850958,2097
1781829850960,2034
1781829850962,1968
1781829850964,1924
1781829850966,1927
1781829850968,1965
1781829850970,2011
1781829850972,2059
1781829850954,2099
1781829850956,2111
1781829850958,2081
1781829850960,2020
1781829850962,1960
1781829850964,1920
1781829850966,1913
1781829850968,1950
1781829850970,2005
1781829850972,2053
1781829850990,2086
1781829850992,2093
1781829850994,2054
1781829850996,2002
1781829850998,1948
1781829851000,1908
1781829851002,1903
1781829851004,1940
1781829851006,1995
1781829851008,2042
1781829850990,2071
1781829850992,2073
1781829850994,2023
1781829850996,1956
1781829850998,1903
1781829851000,1885
1781829851002,1893
1781829851004,1919
1781829851006,1957
1781829851008,1994
1781829850990,2035
1781829850992,2051
1781829850994,2032
1781829850996,1975
1781829850998,1911
1781829851000,1877
1781829851002,1880
1781829851004,1915
1781829851006,1948
1781829851008,1994
1781829851028,2013
1781829851030,2022
1781829851032,1993
1781829851034,1947
1781829851036,1905
1781829851038,1887
1781829851040,1893
1781829851042,1937
1781829851044,1988
1781829851046,2043
1781829851067,2078
1781829851069,2085
1781829851071,2051
1781829851073,1996
1781829851075,1937
1781829851077,1897
1781829851079,1899
1781829851081,1943
1781829851083,2009
1781829851085,2076
1781829851067,2123
1781829851069,2151
1781829851071,2138
1781829851073,2095
1781829851075,2041
1781829851077,2009
1781829851079,1999
1781829851081,2015
1781829851083,2044
1781829851085,2076
1781829851067,2106
1781829851069,2115
1781829851071,2079
1781829851073,2011
1781829851075,1939
1781829851077,1899
1781829851079,1902
1781829851081,1935
1781829851083,1983
1781829851085,2031
1781829851103,2058
1781829851105,2064
1781829851107,2028
1781829851109,1973
1781829851111,1915
1781829851113,1879
1781829851115,1884
1781829851117,1910
1781829851119,1945
1781829851121,1981
1781829851103,2011
1781829851105,2020
1781829851107,1994
1781829851109,1941
1781829851111,1893
1781829851113,1864
1781829851115,1866
1781829851117,1893
1781829851119,1941
1781829851121,1991
1781829851175,2027
1781829851177,2040
1781829851179,1998
1781829851181,1931
1781829851183,1873
1781829851185,1839
1781829851187,1837
1781829851189,1852
1781829851191,1887
1781829851193,1937
1781829851175,1976
1781829851177,2002
1781829851179,1985
1781829851181,1932
1781829851183,1873
1781829851185,1836
1781829851187,1829
1781829851189,1848
1781829851191,1878
1781829851193,1907
1781829851212,1926
1781829851214,1919
1781829851216,1884
1781829851218,1821
1781829851220,1768
1781829851222,1773
1781829851224,1816
1781829851226,1894
1781829851228,2005
1781829851230,2126
1781829851212,2260
1781829851214,2380
1781829851216,2474
1781829851218,2567
1781829851220,2659
1781829851222,2757
1781829851224,2862
1781829851226,2958
1781829851228,3015
1781829851230,3028
1781829851252,2987
1781829851254,2901
1781829851256,2761
1781829851258,2574
1781829851260,2382
1781829851262,2239
1781829851264,2152
1781829851266,2114
1781829851268,2106
1781829851270,2114
1781829851253,2115
1781829851255,2097
1781829851257,2049
1781829851259,1968
1781829851261,1882
1781829851263,1824
1781829851265,1801
1781829851267,1806
1781829851269,1844
1781829851271,1881
1781829851253,1918
1781829851255,1939
1781829851257,1925
1781829851259,1876
1781829851261,1803
1781829851263,1746
1781829851265,1733
1781829851267,1756
1781829851269,1788
1781829851271,1823
1781829851290,1846
1781829851292,1852
1781829851294,1829
1781829851296,1780
1781829851298,1715
1781829851300,1679
1781829851302,1681
1781829851304,1715
1781829851306,1767
1781829851308,1818
1781829851290,1856
1781829851292,1880
1781829851294,1861
1781829851296,1815
1781829851298,1757
1781829851300,1716
1781829851302,1717
1781829851304,1750
1781829851306,1805
1781829851308,1856
1781829851328,1895
1781829851330,1923
1781829851332,1920
1781829851334,1875
1781829851336,1833
1781829851338,1799
1781829851340,1800
1781829851342,1850
1781829851344,1899
1781829851346,1940
1781829851328,1980
1781829851330,1997
1781829851332,1968
1781829851334,1911
1781829851336,1846
1781829851338,1828
1781829851340,1840
1781829851342,1868
1781829851344,1906
1781829851346,1955
1781829851367,1997
1781829851369,2015
1781829851371,1997
1781829851373,1949
1781829851375,1903
1781829851377,1891
1781829851379,1915
1781829851381,1967
1781829851383,2019
1781829851385,2068
1781829851367,2094
1781829851369,2099
1781829851371,2097
1781829851373,2063
1781829851375,2021
1781829851377,1999
1781829851379,2012
1781829851381,2052
1781829851383,2101
1781829851385,2142
1781829851450,2164
1781829851452,2172
1781829851454,2148
1781829851456,2100
1781829851458,2042
1781829851460,2020
1781829851462,2035
1781829851464,2066
1781829851466,2102
1781829851468,2149
1781829851450,2184
1781829851452,2193
1781829851454,2151
1781829851456,2076
1781829851458,2015
1781829851460,1989
1781829851462,1993
1781829851464,2026
1781829851466,2067
1781829851468,2106
1781829851450,2141
1781829851452,2150
1781829851454,2124
1781829851456,2062
1781829851458,1988
1781829851460,1951
1781829851462,1947
1781829851464,1980
1781829851466,2032
1781829851468,2082
1781829851488,2105
1781829851490,2102
1781829851492,2071
1781829851494,2013
1781829851496,1953
1781829851498,1921
1781829851500,1921
1781829851502,1941
1781829851504,1966
1781829851506,2000
1781829851488,2019
1781829851490,2026
1781829851492,1989
1781829851494,1924
1781829851496,1854
1781829851498,1819
1781829851500,1818
1781829851502,1837
1781829851504,1873
1781829851506,1914
1781829851528,1953
1781829851530,1971
1781829851532,1951
1781829851534,1905
1781829851536,1850
1781829851538,1809
1781829851540,1808
1781829851542,1840
1781829851544,1890
1781829851546,1939
1781829851528,1988
1781829851530,2014
1781829851532,2000
1781829851534,1958
1781829851536,1908
1781829851538,1875
1781829851540,1871
1781829851542,1892
1781829851544,1933
1781829851546,1974
1781829851569,2010
1781829851571,2027
1781829851573,2005
1781829851575,1949
1781829851577,1886
1781829851579,1855
1781829851581,1858
1781829851583,1884
1781829851585,1925
1781829851587,1960
1781829851569,1991
1781829851571,2008
1781829851573,2001
1781829851575,1953
1781829851577,1890
1781829851579,1852
1781829851581,1840
1781829851583,1872
1781829851585,1930
1781829851587,1990
1781829851609,2045
1781829851611,2052
1781829851613,2021
1781829851615,1968
1781829851617,1918
1781829851619,1877
1781829851621,1880
1781829851623,1912
1781829851625,1952
1781829851627,1991
1781829851609,2024
1781829851611,2042
1781829851613,2040
1781829851615,2002
1781829851617,1946
1781829851619,1898
1781829851621,1886
1781829851623,1903
1781829851625,1932
1781829851627,1958
1781829851609,1994
1781829851611,2008
1781829851613,1992
1781829851615,1952
1781829851617,1904
1781829851619,1871
1781829851621,1889
1781829851623,1935
1781829851625,1992
1781829851627,2043
1781829851650,2078
1781829851652,2092
1781829851654,2079
1781829851656,2022
1781829851658,1958
1781829851660,1921
1781829851662,1917
1781829851664,1953
1781829851666,1989
1781829851668,2024
1781829851650,2054
1781829851652,2075
1781829851654,2058
1781829851656,2013
1781829851658,1970
1781829851660,1953
1781829851662,1969
1781829851664,2009
1781829851666,2053
1781829851668,2097
1781829851732,2122
1781829851734,2127
1781829851736,2092
1781829851738,2022
1781829851740,1964
1781829851742,1908
1781829851744,1886
1781829851746,1902
1781829851748,1935
1781829851750,1979
1781829851732,2009
1781829851734,1993
1781829851736,1958
1781829851738,1904
1781829851740,1839
1781829851742,1810
1781829851744,1818
1781829851746,1851
1781829851748,1889
1781829851750,1931
1781829851732,1964
1781829851734,1980
1781829851736,1959
1781829851738,1896
1781829851740,1824
1781829851742,1766
1781829851744,1751
1781829851746,1788
1781829851748,1854
1781829851750,1914
1781829851732,1959
1781829851734,1980
1781829851736,1967
1781829851738,1915
1781829851740,1836
1781829851742,1778
1781829851744,1769
1781829851746,1799
1781829851748,1843
1781829851750,1893
1781829851771,1934
1781829851773,1946
1781829851775,1919
1781829851777,1865
1781829851779,1814
1781829851781,1781
1781829851783,1789
1781829851785,1821
1781829851787,1873
1781829851789,1924
1781829851771,1955
1781829851773,1951
1781829851775,1907
1781829851777,1835
1781829851779,1770
1781829851781,1723
1781829851783,1709
1781829851785,1727
1781829851787,1778
1781829851789,1859
1781829851771,1945
1781829851773,2011
1781829851775,2055
1781829851777,2093
1781829851779,2149
1781829851781,2236
1781829851783,2360
1781829851785,2518
1781829851787,2689
1781829851789,2843
1781829851852,2951
1781829851854,2999
1781829851856,2973
1781829851858,2873
1781829851860,2718
1781829851862,2558
1781829851864,2412
1781829851866,2311
1781829851868,2242
1781829851870,2201
1781829851852,2165
1781829851854,2118
1781829851856,2047
1781829851858,1966
1781829851860,1875
1781829851862,1817
1781829851864,1793
1781829851866,1804
1781829851868,1838
1781829851870,1868
1781829851892,1895
1781829851894,1914
1781829851896,1895
1781829851898,1847
1781829851900,1800
1781829851902,1767
1781829851904,1765
1781829851906,1799
1781829851908,1847
1781829851910,1910
1781829851892,1969
1781829851894,1987
1781829851896,1962
1781829851898,1892
1781829851900,1815
1781829851902,1771
1781829851904,1765
1781829851906,1786
1781829851908,1827
1781829851910,1876
1781829851936,1922
1781829851938,1949
1781829851940,1939
1781829851942,1894
1781829851944,1830
1781829851946,1787
1781829851948,1782
1781829851950,1820
1781829851952,1867
1781829851954,1918
1781829851936,1959
1781829851938,1986
1781829851940,1959
1781829851942,1899
1781829851944,1834
1781829851946,1802
1781829851948,1804
1781829851950,1830
1781829851952,1871
1781829851954,1932
1781829851976,1980
1781829851978,2000
1781829851980,1984
1781829851982,1940
1781829851984,1896
1781829851986,1872
1781829851988,1879
1781829851990,1918
1781829851992,1953
1781829851994,2000
1781829851976,2052
1781829851978,2084
1781829851980,2075
1781829851982,2024
1781829851984,1963
1781829851986,1932
1781829851988,1935
1781829851990,1970
1781829851992,2016
1781829851994,2070
1781829851976,2116
1781829851978,2146
1781829851980,2128
1781829851982,2075
1781829851984,2013
1781829851986,1985
1781829851988,1992
1781829851990,2019
1781829851992,2060
1781829851994,2109
1781829852019,2150
1781829852021,2170
1781829852023,2157
1781829852025,2116
1781829852027,2072
1781829852029,2037
1781829852031,2034
1781829852033,2064
1781829852035,2114
1781829852037,2164
1781829852019,2206
1781829852021,2215
1781829852023,2175
1781829852025,2092
1781829852027,2005
1781829852029,1955
1781829852031,1936
1781829852033,1959
1781829852035,2005
1781829852037,2054
1781829852059,2085
1781829852061,2106
1781829852063,2092
1781829852065,2030
1781829852067,1964
1781829852069,1930
1781829852071,1926
1781829852073,1946
1781829852075,1980
1781829852077,2020
1781829852059,2045
1781829852061,2041
1781829852063,2019
1781829852065,1962
1781829852067,1903
1781829852069,1873
1781829852071,1881
1781829852073,1889
1781829852075,1913
1781829852077,1950
1781829852102,1978
1781829852104,1983
1781829852106,1968
1781829852108,1912
1781829852110,1845
1781829852112,1804
1781829852114,1801
1781829852116,1826
1781829852118,1856
1781829852120,1897
1781829852102,1927
1781829852104,1941
1781829852106,1916
1781829852108,1859
1781829852110,1789
1781829852112,1740
1781829852114,1729
1781829852116,1760
1781829852118,1803
1781829852120,1846
1781829852142,1893
1781829852144,1931
1781829852146,1917
1781829852148,1853
1781829852150,1795
1781829852152,1760
1781829852154,1757
1781829852156,1792
1781829852158,1842
1781829852160,1891
1781829852143,1926
1781829852145,1937
1781829852147,1909
1781829852149,1853
1781829852151,1786
1781829852153,1737
1781829852155,1727
1781829852157,1758
1781829852159,1816
1781829852161,1877
1781829852143,1926
1781829852145,1963
1781829852147,1950
1781829852149,1891
1781829852151,1820
1781829852153,1765
1781829852155,1753
1781829852157,1789
1781829852159,1836
1781829852161,1885
1781829852185,1931
1781829852187,1948
1781829852189,1929
1781829852191,1875
1781829852193,1809
1781829852195,1761
1781829852197,1755
1781829852199,1782
1781829852201,1826
1781829852203,1877
1781829852185,1921
1781829852187,1933
1781829852189,1907
1781829852191,1856
1781829852193,1805
1781829852195,1767
1781829852197,1763
1781829852199,1801
1781829852201,1851
1781829852203,1909
1781829852225,1953
1781829852227,1973
1781829852229,1966
1781829852231,1918
1781829852233,1843
1781829852235,1790
1781829852237,1765
1781829852239,1776
1781829852241,1811
1781829852243,1853
1781829852225,1897
1781829852227,1923
1781829852229,1907
1781829852231,1858
1781829852233,1819
1781829852235,1794
1781829852237,1804
1781829852239,1838
1781829852241,1871
1781829852243,1918
1781829852269,1956
1781829852271,1966
1781829852273,1946
1781829852275,1897
1781829852277,1832
1781829852279,1792
1781829852281,1789
1781829852283,1813
1781829852285,1863
1781829852287,1903
1781829852269,1937
1781829852271,1941
1781829852273,1893
1781829852275,1810
1781829852277,1736
1781829852279,1698
1781829852281,1701
1781829852283,1723
1781829852285,1766
1781829852287,1813
1781829852269,1850
1781829852271,1865
1781829852273,1840
1781829852275,1782
1781829852277,1720
1781829852279,1688
1781829852281,1689
1781829852283,1708
1781829852285,1723
1781829852287,1751
1781829852353,1783
1781829852355,1794
1781829852357,1775
1781829852359,1720
1781829852361,1671
1781829852363,1642
1781829852365,1641
1781829852367,1663
1781829852369,1690
1781829852371,1729
1781829852353,1769
1781829852355,1798
1781829852357,1780
1781829852359,1717
1781829852361,1644
1781829852363,1587
1781829852365,1592
1781829852367,1640
1781829852369,1701
1781829852371,1779
1781829852392,1832
1781829852394,1853
1781829852396,1839
1781829852398,1792
1781829852400,1727
1781829852402,1672
1781829852404,1652
1781829852406,1664
1781829852408,1696
1781829852410,1730
1781829852392,1756
1781829852394,1759
1781829852396,1734
1781829852398,1680
1781829852400,1635
1781829852402,1623
1781829852404,1655
1781829852406,1740
1781829852408,1867
1781829852410,2014
1781829852433,2158
1781829852435,2299
1781829852437,2411
1781829852439,2476
1781829852441,2529
1781829852443,2593
1781829852445,2654
1781829852447,2718
1781829852449,2766
1781829852451,2775
1781829852433,2733
1781829852435,2645
1781829852437,2511
1781829852439,2352
1781829852441,2201
1781829852443,2089
1781829852445,2013
1781829852447,1987
1781829852449,1977
1781829852451,1970
1781829852473,1961
1781829852475,1937
1781829852477,1896
1781829852479,1832
1781829852481,1775
1781829852483,1733
1781829852485,1725
1781829852487,1744
1781829852489,1766
1781829852491,1822
1781829852473,1856
1781829852475,1850
1781829852477,1809
1781829852479,1755
1781829852481,1687
1781829852483,1643
1781829852485,1633
1781829852487,1661
1781829852489,1699
1781829852491,1749
1781829852473,1793
1781829852475,1819
1781829852477,1808
1781829852479,1764
1781829852481,1715
1781829852483,1678
1781829852485,1686
1781829852487,1733
1781829852489,1793
1781829852491,1843
1781829852515,1882
1781829852517,1889
1781829852519,1856
1781829852521,1801
1781829852523,1734
1781829852525,1689
1781829852527,1681
1781829852529,1718
1781829852531,1785
1781829852533,1849
1781829852515,1895
1781829852517,1919
1781829852519,1900
1781829852521,1852
1781829852523,1786
1781829852525,1741
1781829852527,1747
1781829852529,1780
1781829852531,1831
1781829852533,1882
1781829852554,1939
1781829852556,1975
1781829852558,1964
1781829852560,1922
1781829852562,1871
1781829852564,1830
1781829852566,1819
1781829852568,1841
1781829852570,1887
1781829852572,1944
1781829852554,1999
1781829852556,2029
1781829852558,2021
1781829852560,1981
1781829852562,1937
1781829852564,1901
1781829852566,1907
1781829852568,1936
1781829852570,1981
1781829852572,2023
1781829852594,2067
1781829852596,2085
1781829852598,2076
1781829852600,2041
1781829852602,1992
1781829852604,1965
1781829852606,1967
1781829852608,1980
1781829852610,2009
1781829852612,2051
1781829852594,2093
1781829852596,2109
1781829852598,2090
1781829852600,2033
1781829852602,1978
1781829852604,1951
1781829852606,1957
1781829852608,1984
1781829852610,2018
1781829852612,2058
1781829852635,2097
1781829852637,2120
1781829852639,2100
1781829852641,2041
1781829852643,1970
1781829852645,1922
1781829852647,1922
1781829852649,1960
1781829852651,2007
1781829852653,2037
1781829852635,2051
1781829852637,2045
1781829852639,2018
1781829852641,1952
1781829852643,1883
1781829852645,1828
1781829852647,1811
1781829852649,1831
1781829852651,1872
1781829852653,1917
1781829852635,1957
1781829852637,1965
1781829852639,1943
1781829852641,1892
1781829852643,1827
1781829852645,1781
1781829852647,1773
1781829852649,1791
1781829852651,1818
1781829852653,1857
1781829852674,1886
1781829852676,1895
1781829852678,1871
1781829852680,1819
1781829852682,1764
1781829852684,1717
1781829852686,1708
1781829852688,1730
1781829852690,1772
1781829852692,1817
1781829852674,1861
1781829852676,1893
1781829852678,1886
1781829852680,1843
1781829852682,1784
1781829852684,1735
1781829852686,1712
1781829852688,1723
1781829852690,1766
1781829852692,1807
1781829852717,1850
1781829852719,1860
1781829852721,1834
1781829852723,1782
1781829852725,1736
1781829852727,1700
1781829852729,1704
1781829852731,1747
1781829852733,1800
1781829852735,1860
1781829852717,1909
1781829852719,1933
1781829852721,1909
1781829852723,1852
1781829852725,1790
1781829852727,1754
1781829852729,1750
1781829852731,1782
1781829852733,1812
1781829852735,1845
1781829852799,1888
1781829852801,1912
1781829852803,1898
1781829852805,1861
1781829852807,1810
1781829852809,1772
1781829852811,1769
1781829852813,1797
1781829852815,1855
1781829852817,1901
1781829852799,1936
1781829852801,1948
1781829852803,1926
1781829852805,1870
1781829852807,1809
1781829852809,1764
1781829852811,1751
1781829852813,1771
1781829852815,1807
1781829852817,1853
1781829852840,1902
1781829852842,1925
1781829852844,1900
1781829852846,1854
1781829852848,1785
1781829852850,1734
1781829852852,1746
1781829852854,1796
1781829852856,1854
1781829852858,1915
1781829852840,1956
1781829852842,1977
1781829852844,1968
1781829852846,1927
1781829852848,1877
1781829852850,1843
1781829852852,1838
1781829852854,1875
1781829852856,1931
1781829852858,1977
1781829852840,2019
1781829852842,2037
1781829852844,2019
1781829852846,1977
1781829852848,1913
1781829852850,1882
1781829852852,1890
1781829852854,1921
1781829852856,1950
1781829852858,1979
1781829852885,2012
1781829852887,2025
1781829852889,2001
1781829852891,1959
1781829852893,1899
1781829852895,1863
1781829852897,1861
1781829852899,1876
1781829852901,1895
1781829852903,1915
1781829852885,1932
1781829852887,1917
1781829852889,1884
1781829852891,1821
1781829852893,1756
1781829852895,1721
1781829852897,1716
1781829852899,1752
1781829852901,1810
1781829852903,1854
1781829852928,1891
1781829852930,1905
1781829852932,1890
1781829852934,1833
1781829852936,1768
1781829852938,1729
1781829852940,1731
1781829852942,1765
1781829852944,1802
1781829852946,1836
1781829852928,1874
1781829852930,1887
1781829852932,1874
1781829852934,1822
1781829852936,1756
1781829852938,1714
1781829852940,1711
1781829852942,1748
1781829852944,1789
1781829852946,1826
1781829853014,1864
1781829853016,1892
1781829853018,1871
1781829853020,1812
1781829853022,1743
1781829853024,1697
1781829853026,1693
1781829853028,1721
1781829853030,1765
1781829853032,1819
1781829853014,1871
1781829853016,1891
1781829853018,1872
1781829853020,1811
1781829853022,1736
1781829853024,1691
1781829853026,1673
1781829853028,1689
1781829853030,1727
1781829853032,1781
1781829853015,1847
1781829853017,1915
1781829853019,1970
1781829853021,1983
1781829853023,1993
1781829853025,2030
1781829853027,2137
1781829853029,2287
1781829853031,2464
1781829853033,2642
1781829853015,2801
1781829853017,2924
1781829853019,2974
1781829853021,2929
1781829853023,2832
1781829853025,2724
1781829853027,2626
1781829853029,2534
1781829853031,2476
1781829853033,2441
1781829853015,2399
1781829853017,2335
1781829853019,2262
1781829853021,2161
1781829853023,2050
1781829853025,1970
1781829853027,1927
1781829853029,1929
1781829853031,1951
1781829853033,1969
1781829853101,1975
1781829853103,1980
1781829853105,1957
1781829853107,1890
1781829853109,1810
1781829853111,1760
1781829853113,1747
1781829853115,1768
1781829853117,1808
1781829853119,1853
1781829853101,1899
1781829853103,1919
1781829853105,1901
1781829853107,1841
1781829853109,1780
1781829853111,1746
1781829853113,1739
1781829853115,1755
1781829853117,1789
1781829853119,1836
1781829853101,1877
1781829853103,1900
1781829853105,1885
1781829853107,1832
1781829853109,1788
1781829853111,1766
1781829853113,1765
1781829853115,1788
1781829853117,1828
1781829853119,1880
1781829853101,1934
1781829853103,1965
1781829853105,1953
1781829853107,1905
1781829853109,1842
1781829853111,1806
1781829853113,1809
1781829853115,1845
1781829853117,1892
1781829853119,1930
1781829853143,1963
1781829853145,1981
1781829853147,1974
1781829853149,1928
1781829853151,1868
1781829853153,1832
1781829853155,1843
1781829853157,1884
1781829853159,1933
1781829853161,1995
1781829853143,2038
1781829853145,2062
1781829853147,2044
1781829853149,1996
1781829853151,1941
1781829853153,1903
1781829853155,1896
1781829853157,1928
1781829853159,1964
1781829853161,2016
1781829853185,2056
1781829853187,2079
1781829853189,2075
1781829853191,2042
1781829853193,1989
1781829853195,1954
1781829853197,1963
1781829853199,2010
1781829853201,2060
1781829853203,2105
1781829853185,2139
1781829853187,2147
1781829853189,2142
1781829853191,2093
1781829853193,2041
1781829853195,1997
1781829853197,1999
1781829853199,2042
1781829853201,2098
1781829853203,2153
1781829853185,2197
1781829853187,2215
1781829853189,2192
1781829853191,2144
1781829853193,2071
1781829853195,2011
1781829853197,1993
1781829853199,2013
1781829853201,2050
1781829853203,2081
1781829853227,2110
1781829853229,2133
1781829853231,2122
1781829853233,2064
1781829853235,1980
1781829853237,1911
1781829853239,1890
1781829853241,1907
1781829853243,1944
1781829853245,1986
1781829853227,2024
1781829853229,2047
1781829853231,2029
1781829853233,1972
1781829853235,1897
1781829853237,1835
1781829853239,1826
1781829853241,1852
1781829853243,1884
1781829853245,1917
1781829853269,1941
1781829853271,1960
1781829853273,1952
1781829853275,1905
1781829853277,1850
1781829853279,1819
1781829853281,1822
1781829853283,1844
1781829853285,1876
1781829853287,1918
1781829853269,1952
1781829853271,1953
1781829853273,1913
1781829853275,1847
1781829853277,1786
1781829853279,1747
1781829853281,1745
1781829853283,1784
1781829853285,1826
1781829853287,1872
1781829853311,1910
1781829853313,1932
1781829853315,1914
1781829853317,1864
1781829853319,1806
1781829853321,1757
1781829853323,1756
1781829853325,1787
1781829853327,1833
1781829853329,1880
1781829853311,1920
1781829853313,1949
1781829853315,1949
1781829853317,1893
1781829853319,1828
1781829853321,1784
1781829853323,1785
1781829853325,1819
1781829853327,1877
1781829853329,1938
1781829853353,1993
1781829853355,2015
1781829853357,1987
1781829853359,1936
1781829853361,1874
1781829853363,1826
1781829853365,1815
1781829853367,1834
1781829853369,1865
1781829853371,1909
1781829853353,1953
1781829853355,1982
1781829853357,1964
1781829853359,1916
1781829853361,1858
1781829853363,1811
1781829853365,1809
1781829853367,1855
1781829853369,1907
1781829853371,1968
1781829853353,2021
1781829853355,2042
1781829853357,2019
1781829853359,1955
1781829853361,1880
1781829853363,1836
1781829853365,1827
1781829853367,1861
1781829853369,1912
1781829853371,1963
1781829853398,2010
1781829853400,2029
1781829853402,2012
1781829853404,1959
1781829853406,1896
1781829853408,1848
1781829853410,1840
1781829853412,1886
1781829853414,1944
1781829853416,2000
1781829853439,2054
1781829853441,2082
1781829853443,2076
1781829853445,2025
1781829853447,1955
1781829853449,1901
1781829853451,1890
1781829853453,1914
1781829853455,1956
1781829853457,1997
1781829853439,2037
1781829853441,2070
1781829853443,2071
1781829853445,2024
1781829853447,1969
1781829853449,1936
1781829853451,1951
1781829853453,1992
1781829853455,2041
1781829853457,2087
1781829853439,2131
1781829853441,2154
1781829853443,2132
1781829853445,2076
1781829853447,1997
1781829853449,1944
1781829853451,1934
1781829853453,1962
1781829853455,2001
1781829853457,2031
1781829853485,2054
1781829853487,2073
1781829853489,2050
1781829853491,1998
1781829853493,1930
1781829853495,1883
1781829853497,1872
1781829853499,1884
1781829853501,1902
1781829853503,1933
1781829853485,1961
1781829853487,1978
1781829853489,1972
1781829853491,1917
1781829853493,1849
1781829853495,1809
1781829853497,1809
1781829853499,1841
1781829853501,1881
1781829853503,1919
1781829853527,1957
1781829853529,1970
1781829853531,1961
1781829853533,1925
1781829853535,1873
1781829853537,1835
1781829853539,1834
1781829853541,1856
1781829853543,1880
1781829853545,1947
1781829853527,1987
1781829853529,1995
1781829853531,1968
1781829853533,1912
1781829853535,1853
1781829853537,1824
1781829853539,1831
1781829853541,1853
1781829853543,1897
1781829853545,1942
1781829853527,1982
1781829853529,2003
1781829853531,1982
1781829853533,1918
1781829853535,1846
1781829853537,1796
1781829853539,1779
1781829853541,1780
1781829853543,1808
1781829853545,1851
1781829853616,1898
1781829853618,1921
1781829853620,1919
1781829853622,1895
1781829853624,1884
1781829853626,1901
1781829853628,1987
1781829853630,2116
1781829853632,2266
1781829853634,2462
1781829853616,2657
1781829853618,2818
1781829853620,2930
1781829853622,2983
1781829853624,2983
1781829853626,2937
1781829853628,2887
1781829853630,2843
1781829853632,2791
1781829853634,2724
1781829853616,2665
1781829853618,2604
1781829853620,2509
1781829853622,2384
1781829853624,2262
1781829853626,2170
1781829853628,2112
1781829853630,2087
1781829853632,2094
1781829853634,2106
1781829853616,2116
1781829853618,2108
1781829853620,2081
1781829853622,2017
1781829853624,1941
1781829853626,1860
1781829853628,1821
1781829853630,1835
1781829853632,1876
1781829853634,1921
1781829853703,1956
1781829853705,1978
1781829853707,1960
1781829853709,1911
1781829853711,1851
1781829853713,1822
1781829853715,1828
1781829853717,1863
1781829853719,1892
1781829853721,1939
1781829853704,1973
1781829853706,1980
1781829853708,1969
1781829853710,1919
1781829853712,1862
1781829853714,1818
1781829853716,1804
1781829853718,1823
1781829853720,1873
1781829853722,1922
1781829853704,1957
1781829853706,1992
1781829853708,1992
1781829853710,1955
1781829853712,1901
1781829853714,1859
1781829853716,1852
1781829853718,1879
1781829853720,1922
1781829853722,1974
1781829853750,2019
1781829853752,2047
1781829853754,2033
1781829853756,1984
1781829853758,1927
1781829853760,1881
1781829853762,1869
1781829853764,1899
1781829853766,1946
1781829853768,2011
1781829853794,2074
1781829853796,2108
1781829853798,2099
1781829853800,2053
1781829853802,1991
1781829853804,1949
1781829853806,1951
1781829853808,1990
1781829853810,2044
1781829853812,2103
1781829853794,2146
1781829853796,2169
1781829853798,2164
1781829853800,2130
1781829853802,2068
1781829853804,2025
1781829853806,2014
1781829853808,2056
1781829853810,2114
1781829853812,2169
1781829853794,2221
1781829853796,2254
1781829853798,2238
1781829853800,2192
1781829853802,2129
1781829853804,2084
1781829853806,2075
1781829853808,2107
1781829853810,2161
1781829853812,2209
1781829853838,2248
1781829853840,2256
1781829853842,2228
1781829853844,2164
1781829853846,2110
1781829853848,2075
1781829853850,2071
1781829853852,2095
1781829853854,2134
1781829853856,2173
1781829853838,2219
1781829853840,2225
1781829853842,2205
1781829853844,2147
1781829853846,2083
1781829853848,2037
1781829853850,2017
1781829853852,2020
1781829853854,2037
1781829853856,2064
1781829853883,2091
1781829853885,2122
1781829853887,2107
1781829853889,2047
1781829853891,1972
1781829853893,1920
1781829853895,1914
1781829853897,1943
1781829853899,1976
1781829853901,2007
1781829853883,2037
1781829853885,2040
1781829853887,2017
1781829853889,1962
1781829853891,1893
1781829853893,1846
1781829853895,1844
1781829853897,1867
1781829853899,1896
1781829853901,1941
1781829853883,1958
1781829853885,1964
1781829853887,1950
1781829853889,1894
1781829853891,1834
1781829853893,1796
1781829853895,1784
1781829853897,1807
1781829853899,1859
1781829853901,1901
1781829853931,1940
1781829853933,1960
1781829853935,1940
1781829853937,1884
1781829853939,1830
1781829853941,1795
1781829853943,1792
1781829853945,1820
1781829853947,1864
1781829853949,1921
1781829853931,1970
1781829853933,1995
1781829853935,1988
1781829853937,1949
1781829853939,1884
1781829853941,1828
1781829853943,1812
1781829853945,1831
1781829853947,1877
1781829853949,1933
1781829853931,1971
1781829853933,1991
1781829853935,1973
1781829853937,1925
1781829853939,1872
1781829853941,1837
1781829853943,1839
1781829853945,1874
1781829853947,1912
1781829853949,1946
1781829853931,1971
1781829853933,1983
1781829853935,1961
1781829853937,1908
1781829853939,1849
1781829853941,1818
1781829853943,1828
1781829853945,1867
1781829853947,1906
1781829853949,1945
1781829854019,1971
1781829854021,1974
1781829854023,1948
1781829854025,1896
1781829854027,1843
1781829854029,1828
1781829854031,1844
1781829854033,1875
1781829854035,1909
1781829854037,1944
1781829854019,1987
1781829854021,2018
1781829854023,2010
1781829854025,1962
1781829854027,1905
1781829854029,1864
1781829854031,1866
1781829854033,1903
1781829854035,1944
1781829854037,1979
1781829854068,2004
1781829854070,2002
1781829854072,1984
1781829854074,1939
1781829854076,1882
1781829854078,1840
1781829854080,1831
1781829854082,1843
1781829854084,1883
1781829854086,1940
1781829854068,1991
1781829854070,2019
1781829854072,1992
1781829854074,1939
1781829854076,1890
1781829854078,1855
1781829854080,1862
1781829854082,1903
1781829854084,1949
1781829854086,1993
1781829854068,2031
1781829854070,2044
1781829854072,2033
1781829854074,1994
1781829854076,1951
1781829854078,1927
1781829854080,1930
1781829854082,1972
1781829854084,2022
1781829854086,2069
1781829854068,2108
1781829854070,2126
1781829854072,2103
1781829854074,2043
1781829854076,1986
1781829854078,1947
1781829854080,1940
1781829854082,1964
1781829854084,1998
1781829854086,2035
1781829854115,2073
1781829854117,2079
1781829854119,2051
1781829854121,1996
1781829854123,1922
1781829854125,1862
1781829854127,1838
1781829854129,1852
1781829854131,1893
1781829854133,1933
1781829854115,1971
1781829854117,1987
1781829854119,1967
1781829854121,1907
1781829854123,1835
1781829854125,1791
1781829854127,1783
1781829854129,1826
1781829854131,1880
1781829854133,1925
1781829854115,1963
1781829854117,1977
1781829854119,1962
1781829854121,1914
1781829854123,1859
1781829854125,1810
1781829854127,1800
1781829854129,1828
1781829854131,1880
1781829854133,1934
1781829854161,1975
1781829854163,2002
1781829854165,1989
1781829854167,1928
1781829854169,1851
1781829854171,1800
1781829854173,1800
1781829854175,1838
1781829854177,1884
1781829854179,1930
1781829854161,1978
1781829854163,2012
1781829854165,2004
1781829854167,1953
1781829854169,1886
1781829854171,1828
1781829854173,1810
1781829854175,1827
1781829854177,1862
1781829854179,1899
1781829854209,1916
1781829854211,1895
1781829854213,1851
1781829854215,1787
1781829854217,1732
1781829854219,1723
1781829854221,1763
1781829854223,1841
1781829854225,1951
1781829854227,2097
1781829854209,2234
1781829854211,2374
1781829854213,2492
1781829854215,2583
1781829854217,2672
1781829854219,2758
1781829854221,2855
1781829854223,2944
1781829854225,3009
1781829854227,3032
1781829854301,3015
1781829854303,2946
1781829854305,2807
1781829854307,2633
1781829854309,2465
1781829854311,2331
1781829854313,2259
1781829854315,2224
1781829854317,2210
1781829854319,2213
1781829854301,2214
1781829854303,2194
1781829854305,2149
1781829854307,2077
1781829854309,1999
1781829854311,1947
1781829854313,1924
1781829854315,1916
1781829854317,1937
1781829854319,1976
1781829854301,2013
1781829854303,2031
1781829854305,2008
1781829854307,1948
1781829854309,1878
1781829854311,1824
1781829854313,1805
1781829854315,1828
1781829854317,1865
1781829854319,1908
1781829854301,1946
1781829854303,1955
1781829854305,1946
1781829854307,1899
1781829854309,1830
1781829854311,1796
1781829854313,1805
1781829854315,1831
1781829854317,1879
1781829854319,1931
1781829854301,1972
1781829854303,1997
1781829854305,1989
1781829854307,1942
1781829854309,1884
1781829854311,1842
1781829854313,1844
1781829854315,1881
1781829854317,1915
1781829854319,1952
1781829854349,1991
1781829854351,2008
1781829854353,1981
1781829854355,1919
1781829854357,1863
1781829854359,1836
1781829854361,1851
1781829854363,1896
1781829854365,1945
1781829854367,1999
1781829854349,2051
1781829854351,2076
1781829854353,2069
1781829854355,2029
1781829854357,1979
1781829854359,1943
1781829854361,1952
1781829854363,1994
1781829854365,2033
1781829854367,2083
1781829854397,2118
1781829854399,2142
1781829854401,2147
1781829854403,2117
1781829854405,2085
1781829854407,2059
1781829854409,2057
1781829854411,2078
1781829854413,2116
1781829854415,2167
1781829854397,2200
1781829854399,2214
1781829854401,2198
1781829854403,2148
1781829854405,2096
1781829854407,2062
1781829854409,2070
1781829854411,2099
1781829854413,2133
1781829854415,2180
1781829854443,2221
1781829854445,2244
1781829854447,2241
1781829854449,2193
1781829854451,2133
1781829854453,2090
1781829854455,2081
1781829854457,2096
1781829854459,2130
1781829854461,2183
1781829854443,2220
1781829854445,2228
1781829854447,2193
1781829854449,2132
1781829854451,2071
1781829854453,2032
1781829854455,2034
1781829854457,2066
1781829854459,2103
1781829854461,2136
1781829854489,2168
1781829854491,2170
1781829854493,2148
1781829854495,2097
1781829854497,2029
1781829854499,1986
1781829854501,1967
1781829854503,1982
1781829854505,2014
1781829854507,2054
1781829854489,2077
1781829854491,2082
1781829854493,2054
1781829854495,1986
1781829854497,1922
1781829854499,1873
1781829854501,1857
1781829854503,1877
1781829854505,1916
1781829854507,1953
1781829854489,1985
1781829854491,1994
1781829854493,1965
1781829854495,1916
1781829854497,1852
1781829854499,1802
1781829854501,1804
1781829854503,1816
1781829854505,1844
1781829854507,1884
1781829854534,1932
1781829854536,1948
1781829854538,1921
1781829854540,1864
1781829854542,1798
1781829854544,1751
1781829854546,1742
1781829854548,1765
1781829854550,1807
1781829854552,1863
1781829854534,1909
1781829854536,1944
1781829854538,1935
1781829854540,1891
1781829854542,1836
1781829854544,1805
1781829854546,1803
1781829854548,1824
1781829854550,1849
1781829854552,1877
1781829854581,1918
1781829854583,1945
1781829854585,1938
1781829854587,1898
1781829854589,1842
1781829854591,1804
1781829854593,1795
1781829854595,1815
1781829854597,1858
1781829854599,1911
1781829854581,1958
1781829854583,1981
1781829854585,1965
1781829854587,1917
1781829854589,1858
1781829854591,1820
1781829854593,1815
1781829854595,1842
1781829854597,1878
1781829854599,1913
1781829854630,1955
1781829854632,1982
1781829854634,1951
1781829854636,1889
1781829854638,1832
1781829854640,1797
1781829854642,1799
1781829854644,1837
1781829854646,1883
1781829854648,1927
1781829854630,1972
1781829854632,2005
1781829854634,1993
1781829854636,1927
1781829854638,1856
1781829854640,1819
1781829854642,1813
1781829854644,1841
1781829854646,1890
1781829854648,1945
1781829854674,1985
1781829854676,2004
1781829854678,1989
1781829854680,1944
1781829854682,1875
1781829854684,1825
1781829854686,1809
1781829854688,1830
1781829854690,1873
1781829854692,1922
1781829854674,1971
1781829854676,2000
1781829854678,1986
1781829854680,1941
1781829854682,1867
1781829854684,1815
1781829854686,1800
1781829854688,1825
1781829854690,1876
1781829854692,1928
1781829854674,1971
1781829854676,2008
1781829854678,2003
1781829854680,1959
1781829854682,1902
1781829854684,1862
1781829854686,1869
1781829854688,1907
1781829854690,1956
1781829854692,1999
1781829854720,2041
1781829854722,2064
1781829854724,2041
1781829854726,1993
1781829854728,1940
1781829854730,1907
1781829854732,1911
1781829854734,1945
1781829854736,1989
1781829854738,2034
1781829854720,2074
1781829854722,2099
1781829854724,2092
1781829854726,2059
1781829854728,2002
1781829854730,1965
1781829854732,1972
1781829854734,2009
1781829854736,2056
1781829854738,2110
1781829854768,2154
1781829854770,2159
1781829854772,2130
1781829854774,2057
1781829854776,1977
1781829854778,1926
1781829854780,1908
1781829854782,1917
1781829854784,1943
1781829854786,1978
1781829854768,2014
1781829854770,2029
1781829854772,2000
1781829854774,1942
1781829854776,1886
1781829854778,1847
1781829854780,1847
1781829854782,1888
1781829854784,1944
1781829854786,1995
1781829854815,2027
1781829854817,2046
1781829854819,2021
1781829854821,1966
1781829854823,1899
1781829854825,1860
1781829854827,1864
1781829854829,1896
1781829854831,1934
1781829854833,1980
1781829854815,2018
1781829854817,2031
1781829854819,2014
1781829854821,1958
1781829854823,1896
1781829854825,1855
1781829854827,1856
1781829854829,1884
1781829854831,1926
1781829854833,1975
1781829854863,2010
1781829854865,2029
1781829854867,2012
1781829854869,1955
1781829854871,1886
1781829854873,1841
1781829854875,1834
1781829854877,1880
1781829854879,1944
1781829854881,1984
1781829854863,2010
1781829854865,2008
1781829854867,1960
1781829854869,1885
1781829854871,1814
1781829854873,1772
1781829854875,1781
1781829854877,1834
1781829854879,1913
1781829854881,2004
1781829854863,2108
1781829854865,2201
1781829854867,2273
1781829854869,2321
1781829854871,2376
1781829854873,2473
1781829854875,2607
1781829854877,2764
1781829854879,2928
1781829854881,3064
1781829854954,3163
1781829854956,3183
1781829854958,3107
1781829854960,2953
1781829854962,2766
1781829854964,2590
1781829854966,2468
1781829854968,2391
1781829854970,2342
1781829854972,2301
1781829854954,2283
1781829854956,2252
1781829854958,2183
1781829854960,2088
1781829854962,1997
1781829854964,1930
1781829854966,1904
1781829854968,1913
1781829854970,1942
1781829854972,1977
1781829854954,2006
1781829854956,2019
1781829854958,1994
1781829854960,1941
1781829854962,1881
1781829854964,1847
1781829854966,1847
1781829854968,1875
1781829854970,1904
1781829854972,1946
1781829854954,1984
1781829854956,2004
1781829854958,1983
1781829854960,1941
1781829854962,1884
1781829854964,1840
1781829854966,1834
1781829854968,1854
1781829854970,1887
1781829854972,1941
1781829855042,1983
1781829855044,2002
1781829855046,1985
1781829855048,1925
1781829855050,1862
1781829855052,1822
1781829855054,1827
1781829855056,1860
1781829855058,1907
1781829855060,1960
1781829855042,2015
1781829855044,2036
1781829855046,2019
1781829855048,1965
1781829855050,1899
1781829855052,1872
1781829855054,1881
1781829855056,1911
1781829855058,1959
1781829855060,2010
1781829855042,2063
1781829855044,2093
1781829855046,2092
1781829855048,2042
1781829855050,1971
1781829855052,1926
1781829855054,1935
1781829855056,1978
1781829855058,2032
1781829855060,2090
1781829855084,2131
1781829855086,2151
1781829855088,2134
1781829855090,2078
1781829855092,2011
1781829855094,1969
1781829855096,1970
1781829855098,2011
1781829855100,2069
1781829855102,2137
1781829855084,2189
1781829855086,2192
1781829855088,2155
1781829855090,2108
1781829855092,2068
1781829855094,2042
1781829855096,2038
1781829855098,2061
1781829855100,2105
1781829855102,2155
1781829855084,2188
1781829855086,2205
1781829855088,2183
1781829855090,2129
1781829855092,2069
1781829855094,2037
1781829855096,2043
1781829855098,2084
1781829855100,2137
1781829855102,2180
1781829855084,2210
1781829855086,2225
1781829855088,2211
1781829855090,2169
1781829855092,2106
1781829855094,2053
1781829855096,2036
1781829855098,2064
1781829855100,2105
1781829855102,2150
1781829855130,2176
1781829855132,2167
1781829855134,2138
1781829855136,2076
1781829855138,1994
1781829855140,1948
1781829855142,1933
1781829855144,1953
1781829855146,1982
1781829855148,2022
1781829855130,2062
1781829855132,2078
1781829855134,2047
1781829855136,1980
1781829855138,1908
1781829855140,1862
1781829855142,1841
1781829855144,1847
1781829855146,1882
1781829855148,1911
1781829855173,1954
1781829855175,1974
1781829855177,1964
1781829855179,1919
1781829855181,1849
1781829855183,1799
1781829855185,1790
1781829855187,1816
1781829855189,1861
1781829855191,1897
1781829855173,1927
1781829855175,1936
1781829855177,1914
1781829855179,1855
1781829855181,1791
1781829855183,1754
1781829855185,1754
1781829855187,1781
1781829855189,1827
1781829855191,1875
1781829855173,1920
1781829855175,1946
1781829855177,1929
1781829855179,1880
1781829855181,1822
1781829855183,1788
1781829855185,1785
1781829855187,1819
1781829855189,1858
1781829855191,1896
1781829855216,1920
1781829855218,1928
1781829855220,1902
1781829855222,1847
1781829855224,1783
1781829855226,1748
1781829855228,1744
1781829855230,1770
1781829855232,1821
1781829855234,1876
1781829855216,1916
1781829855218,1929
1781829855220,1918
1781829855222,1872
1781829855224,1820
1781829855226,1796
1781829855228,1800
1781829855230,1820
1781829855232,1859
1781829855234,1906
1781829855258,1943
1781829855260,1964
1781829855262,1936
1781829855264,1864
1781829855266,1799
1781829855268,1764
1781829855270,1764
1781829855272,1799
1781829855274,1838
1781829855276,1880
1781829855258,1926
1781829855260,1949
1781829855262,1943
1781829855264,1895
1781829855266,1833
1781829855268,1777
1781829855270,1760
1781829855272,1783
1781829855274,1823
1781829855276,1864
1781829855301,1902
1781829855303,1925
1781829855305,1912
1781829855307,1863
1781829855309,1796
1781829855311,1746
1781829855313,1730
1781829855315,1753
1781829855317,1795
1781829855319,1847
1781829855301,1890
1781829855303,1910
1781829855305,1893
1781829855307,1836
1781829855309,1759
1781829855311,1713
1781829855313,1711
1781829855315,1741
1781829855317,1790
1781829855319,1840
1781829855346,1882
1781829855348,1896
1781829855350,1874
1781829855352,1822
1781829855354,1761
1781829855356,1724
1781829855358,1711
1781829855360,1739
1781829855362,1788
1781829855364,1848
1781829855346,1892
1781829855348,1916
1781829855350,1894
1781829855352,1837
1781829855354,1778
1781829855356,1740
1781829855358,1742
1781829855360,1782
1781829855362,1828
1781829855364,1870
1781829855346,1893
1781829855348,1910
1781829855350,1905
1781829855352,1862
1781829855354,1812
1781829855356,1784
1781829855358,1797
1781829855360,1839
1781829855362,1893
1781829855364,1944
1781829855435,1987
1781829855437,2000
1781829855439,1978
1781829855441,1925
1781829855443,1866
1781829855445,1819
1781829855447,1823
1781829855449,1857
1781829855451,1906
1781829855453,1958
1781829855435,1997
1781829855437,2004
1781829855439,1964
1781829855441,1883
1781829855443,1802
1781829855445,1745
1781829855447,1733
1781829855449,1752
1781829855451,1780
1781829855453,1833
1781829855435,1884
1781829855437,1907
1781829855439,1897
1781829855441,1838
1781829855443,1780
1781829855445,1741
1781829855447,1730
1781829855449,1757
1781829855451,1802
1781829855453,1849
1781829855435,1880
1781829855437,1887
1781829855439,1866
1781829855441,1809
1781829855443,1745
1781829855445,1712
1781829855447,1715
1781829855449,1741
1781829855451,1783
1781829855453,1834
1781829855527,1877
1781829855529,1887
1781829855531,1871
1781829855533,1817
1781829855535,1759
1781829855537,1715
1781829855539,1709
1781829855541,1741
1781829855543,1792
1781829855545,1845
1781829855528,1878
1781829855530,1878
1781829855532,1841
1781829855534,1778
1781829855536,1715
1781829855538,1688
1781829855540,1698
1781829855542,1723
1781829855544,1755
1781829855546,1777
1781829855528,1806
1781829855530,1822
1781829855532,1801
1781829855534,1749
1781829855536,1699
1781829855538,1672
1781829855540,1692
1781829855542,1766
1781829855544,1864
1781829855546,1992
1781829855528,2128
1781829855530,2257
1781829855532,2363
1781829855534,2442
1781829855536,2528
1781829855538,2641
1781829855540,2755
1781829855542,2861
1781829855544,2938
1781829855546,2951
1781829855528,2926
1781829855530,2847
1781829855532,2712
1781829855534,2530
1781829855536,2351
1781829855538,2207
1781829855540,2118
1781829855542,2082
1781829855544,2075
1781829855546,2090
1781829855616,2090
1781829855618,2078
1781829855620,2028
1781829855622,1956
1781829855624,1866
1781829855626,1802
1781829855628,1781
1781829855630,1789
1781829855632,1817
1781829855634,1849
1781829855616,1879
1781829855618,1886
1781829855620,1861
1781829855622,1797
1781829855624,1741
1781829855626,1704
1781829855628,1698
1781829855630,1727
1781829855632,1771
1781829855634,1815
1781829855617,1845
1781829855619,1869
1781829855621,1859
1781829855623,1810
1781829855625,1759
1781829855627,1733
1781829855629,1736
1781829855631,1769
1781829855633,1813
1781829855635,1852
1781829855617,1880
1781829855619,1894
1781829855621,1879
1781829855623,1834
1781829855625,1771
1781829855627,1732
1781829855629,1721
1781829855631,1745
1781829855633,1801
1781829855635,1877
1781829855713,1931
1781829855715,1943
1781829855717,1915
1781829855719,1855
1781829855721,1799
1781829855723,1765
1781829855725,1759
1781829855727,1792
1781829855729,1853
1781829855731,1910
1781829855713,1956
1781829855715,1980
1781829855717,1972
1781829855719,1920
1781829855721,1860
1781829855723,1834
1781829855725,1849
1781829855727,1890
1781829855729,1939
1781829855731,1986
1781829855713,2021
1781829855715,2043
1781829855717,2029
1781829855719,1992
1781829855721,1951
1781829855723,1921
1781829855725,1922
1781829855727,1965
1781829855729,2008
1781829855731,2066
1781829855713,2115
1781829855715,2137
1781829855717,2113
1781829855719,2055
1781829855721,1989
1781829855723,1958
1781829855725,1968
1781829855727,2009
1781829855729,2066
1781829855731,2107
1781829855713,2146
1781829855715,2153
1781829855717,2124
1781829855719,2075
1781829855721,2015
1781829855723,1979
1781829855725,1987
1781829855727,2018
1781829855729,2062
1781829855731,2107
1781829855759,2146
1781829855761,2154
1781829855763,2114
1781829855765,2043
1781829855767,1971
1781829855769,1938
1781829855771,1946
1781829855773,1969
1781829855775,2008
1781829855777,2047
1781829855759,2089
1781829855761,2115
1781829855763,2087
1781829855765,1998
1781829855767,1917
1781829855769,1866
1781829855771,1853
1781829855773,1876
1781829855775,1913
1781829855777,1951
1781829855805,1980
1781829855807,1986
1781829855809,1956
1781829855811,1885
1781829855813,1821
1781829855815,1771
1781829855817,1770
1781829855819,1803
1781829855821,1859
1781829855823,1913
1781829855805,1957
1781829855807,1981
1781829855809,1961
1781829855811,1897
1781829855813,1819
1781829855815,1765
1781829855817,1760
1781829855819,1786
1781829855821,1830
1781829855823,1878
1781829855851,1921
1781829855853,1939
1781829855855,1916
1781829855857,1853
1781829855859,1788
1781829855861,1754
1781829855863,1752
1781829855865,1767
1781829855867,1785
1781829855869,1806
1781829855851,1844
1781829855853,1867
1781829855855,1852
1781829855857,1796
1781829855859,1723
1781829855861,1683
1781829855863,1680
1781829855865,1723
1781829855867,1777
1781829855869,1836
1781829855899,1875
1781829855901,1889
1781829855903,1879
1781829855905,1838
1781829855907,1792
1781829855909,1767
1781829855911,1780
1781829855913,1815
1781829855915,1865
1781829855917,1905
1781829855899,1933
1781829855901,1946
1781829855903,1911
1781829855905,1850
1781829855907,1789
1781829855909,1762
1781829855911,1776
1781829855913,1820
1781829855915,1893
1781829855917,1965
1781829855899,2034
1781829855901,2074
1781829855903,2064
1781829855905,2016
1781829855907,1953
1781829855909,1916
1781829855911,1921
1781829855913,1962
1781829855915,2018
1781829855917,2086
1781829855946,2139
1781829855948,2155
1781829855950,2130
1781829855952,2074
1781829855954,2008
1781829855956,1970
1781829855958,1968
1781829855960,1998
1781829855962,2038
1781829855964,2082
1781829855946,2116
1781829855948,2142
1781829855950,2123
1781829855952,2069
1781829855954,1999
1781829855956,1952
1781829855958,1930
1781829855960,1928
1781829855962,1933
1781829855964,1947
1781829855990,1956
1781829855992,1954
1781829855994,1921
1781829855996,1863
1781829855998,1807
1781829856000,1773
1781829856002,1788
1781829856004,1828
1781829856006,1873
1781829856008,1915
1781829855990,1956
1781829855992,1970
1781829855994,1949
1781829855996,1901
1781829855998,1846
1781829856000,1803
1781829856002,1786
1781829856004,1793
1781829856006,1811
1781829856008,1848
1781829856034,1878
1781829856036,1889
1781829856038,1878
1781829856040,1834
1781829856042,1786
1781829856044,1765
1781829856046,1772
1781829856048,1810
1781829856050,1862
1781829856052,1919
1781829856034,1961
1781829856036,1978
1781829856038,1959
1781829856040,1909
1781829856042,1847
1781829856044,1812
1781829856046,1822
1781829856048,1867
1781829856050,1922
1781829856052,1980
1781829856080,2034
1781829856082,2063
1781829856084,2049
1781829856086,1994
1781829856088,1943
1781829856090,1927
1781829856092,1957
1781829856094,2006
1781829856096,2060
1781829856098,2087
1781829856080,2112
1781829856082,2131
1781829856084,2116
1781829856086,2051
1781829856088,1976
1781829856090,1926
1781829856092,1910
1781829856094,1925
1781829856096,1948
1781829856098,1983
1781829856080,2017
1781829856082,2031
1781829856084,2012
1781829856086,1950
1781829856088,1888
1781829856090,1846
1781829856092,1845
1781829856094,1875
1781829856096,1927
1781829856098,1972
1781829856122,2008
1781829856124,2034
1781829856126,2014
1781829856128,1969
1781829856130,1908
1781829856132,1855
1781829856134,1836
1781829856136,1855
1781829856138,1891
1781829856140,1927
1781829856122,1982
1781829856124,2024
1781829856126,2019
1781829856128,1964
1781829856130,1910
1781829856132,1888
1781829856134,1885
1781829856136,1917
1781829856138,1953
1781829856140,1981
1781829856166,2012
1781829856168,2019
1781829856170,1996
1781829856172,1944
1781829856174,1867
1781829856176,1820
1781829856178,1824
1781829856180,1854
1781829856182,1887
1781829856184,1919
1781829856166,1945
1781829856168,1953
1781829856170,1938
1781829856172,1889
1781829856174,1833
1781829856176,1792
1781829856178,1783
1781829856180,1810
1781829856182,1844
1781829856184,1881
1781829856213,1909
1781829856215,1920
1781829856217,1897
1781829856219,1855
1781829856221,1816
1781829856223,1803
1781829856225,1845
1781829856227,1946
1781829856229,2078
1781829856231,2225
1781829856213,2389
1781829856215,2543
1781829856217,2663
1781829856219,2752
1781829856221,2799
1781829856223,2857
1781829856225,2904
1781829856227,2931
1781829856229,2934
1781829856231,2903
1781829856258,2840
1781829856260,2750
1781829856262,2615
1781829856264,2463
1781829856266,2316
1781829856268,2212
1781829856270,2161
1781829856272,2142
1781829856274,2148
1781829856276,2166
1781829856258,2161
1781829856260,2146
1781829856262,2086
1781829856264,1999
1781829856266,1920
1781829856268,1857
1781829856270,1834
1781829856272,1850
1781829856274,1886
1781829856276,1914
1781829856258,1931
1781829856260,1919
1781829856262,1883
1781829856264,1825
1781829856266,1770
1781829856268,1743
1781829856270,1759
1781829856272,1792
1781829856274,1833
1781829856276,1873
1781829856304,1912
1781829856306,1915
1781829856308,1881
1781829856310,1807
1781829856312,1741
1781829856314,1716
1781829856316,1717
1781829856318,1752
1781829856320,1793
1781829856322,1838
1781829856350,1859
1781829856352,1856
1781829856354,1835
1781829856356,1786
1781829856358,1734
1781829856360,1706
1781829856362,1714
1781829856364,1767
1781829856366,1826
1781829856368,1872
1781829856350,1913
1781829856352,1931
1781829856354,1902
1781829856356,1836
1781829856358,1786
1781829856360,1766
1781829856362,1777
1781829856364,1814
1781829856366,1872
1781829856368,1936
1781829856350,1990
1781829856352,2021
1781829856354,2005
1781829856356,1950
1781829856358,1898
1781829856360,1875
1781829856362,1874
1781829856364,1911
1781829856366,1970
1781829856368,2033
1781829856442,2079
1781829856444,2103
1781829856446,2089
1781829856448,2038
1781829856450,1987
1781829856452,1961
1781829856454,1965
1781829856456,2000
1781829856458,2046
1781829856460,2102
1781829856442,2139
1781829856444,2157
1781829856446,2136
1781829856448,2087
1781829856450,2029
1781829856452,1990
1781829856454,2005
1781829856456,2054
1781829856458,2110
1781829856460,2163
1781829856442,2201
1781829856444,2225
1781829856446,2198
1781829856448,2141
1781829856450,2082
1781829856452,2057
1781829856454,2070
1781829856456,2111
1781829856458,2166
1781829856460,2212
1781829856442,2243
1781829856444,2248
1781829856446,2223
1781829856448,2172
1781829856450,2099
1781829856452,2049
1781829856454,2029
1781829856456,2032
1781829856458,2064
1781829856460,2109
1781829856442,2142
1781829856444,2156
1781829856446,2136
1781829856448,2065
1781829856450,1978
1781829856452,1919
1781829856454,1914
1781829856456,1949
1781829856458,1976
1781829856460,2010
1781829856487,2047
1781829856489,2047
1781829856491,2009
1781829856493,1926
1781829856495,1855
1781829856497,1818
1781829856499,1821
1781829856501,1853
1781829856503,1901
1781829856505,1948
1781829856533,1984
1781829856535,1990
1781829856537,1964
1781829856539,1911
1781829856541,1852
1781829856543,1819
1781829856545,1819
1781829856547,1837
1781829856549,1879
1781829856551,1921
1781829856580,1962
1781829856582,1967
1781829856584,1938
1781829856586,1870
1781829856588,1806
1781829856590,1773
1781829856592,1783
1781829856594,1820
1781829856596,1866
1781829856598,1904
1781829856580,1935
1781829856582,1955
1781829856584,1942
1781829856586,1886
1781829856588,1817
1781829856590,1775
1781829856592,1772
1781829856594,1816
1781829856596,1874
1781829856598,1937
1781829856580,1973
1781829856582,1974
1781829856584,1947
1781829856586,1892
1781829856588,1846
1781829856590,1833
1781829856592,1848
1781829856594,1878
1781829856596,1904
1781829856598,1944
1781829856580,1976
1781829856582,1992
1781829856584,1980
1781829856586,1924
1781829856588,1865
1781829856590,1834
1781829856592,1838
1781829856594,1871
1781829856596,1918
1781829856598,1955
1781829856580,1972
1781829856582,1975
1781829856584,1935
1781829856586,1872
1781829856588,1825
1781829856590,1806
1781829856592,1819
1781829856594,1860
1781829856596,1908
1781829856598,1970
1781829856624,2007
1781829856626,2023
1781829856628,2009
1781829856630,1968
1781829856632,1918
1781829856634,1882
1781829856636,1884
1781829856638,1905
1781829856640,1930
1781829856642,1980
1781829856668,2009
1781829856670,2015
1781829856672,1985
1781829856674,1932
1781829856676,1878
1781829856678,1847
1781829856680,1860
1781829856682,1896
1781829856684,1940
1781829856686,1976
1781829856668,2002
1781829856670,2000
1781829856672,1968
1781829856674,1913
1781829856676,1859
1781829856678,1837
1781829856680,1849
1781829856682,1884
1781829856684,1928
1781829856686,1978
1781829856668,2015
1781829856670,2020
1781829856672,1985
1781829856674,1921
1781829856676,1856
1781829856678,1829
1781829856680,1845
1781829856682,1886
1781829856684,1931
1781829856686,1981
1781829856713,2017
1781829856715,2020
1781829856717,1987
1781829856719,1930
1781829856721,1873
1781829856723,1848
1781829856725,1845
1781829856727,1862
1781829856729,1904
1781829856731,1952
1781829856713,1999
1781829856715,2030
1781829856717,2017
1781829856719,1968
1781829856721,1913
1781829856723,1883
1781829856725,1897
1781829856727,1930
1781829856729,1968
1781829856731,2018
1781829856756,2070
1781829856758,2088
1781829856760,2077
1781829856762,2030
1781829856764,1979
1781829856766,1956
1781829856768,1959
1781829856770,1986
1781829856772,2041
1781829856774,2087
1781829856756,2126
1781829856758,2157
1781829856760,2137
1781829856762,2084
1781829856764,2027
1781829856766,1995
1781829856768,1985
1781829856770,2000
1781829856772,2032
1781829856774,2072
1781829856756,2094
1781829856758,2096
1781829856760,2068
1781829856762,2004
1781829856764,1948
1781829856766,1922
1781829856768,1922
1781829856770,1946
1781829856772,1979
1781829856774,2021
1781829856799,2051
1781829856801,2057
1781829856803,2017
1781829856805,1963
1781829856807,1901
1781829856809,1864
1781829856811,1864
1781829856813,1896
1781829856815,1940
1781829856817,1987
1781829856845,2016
1781829856847,2022
1781829856849,1996
1781829856851,1945
1781829856853,1894
1781829856855,1875
1781829856857,1886
1781829856859,1919
1781829856861,1957
1781829856863,2002
1781829856845,2030
1781829856847,2036
1781829856849,1994
1781829856851,1921
1781829856853,1839
1781829856855,1798
1781829856857,1797
1781829856859,1829
1781829856861,1872
1781829856863,1924
1781829856845,1967
1781829856847,1985
1781829856849,1958
1781829856851,1898
1781829856853,1840
1781829856855,1811
1781829856857,1804
1781829856859,1826
1781829856861,1867
1781829856863,1903
1781829856888,1928
1781829856890,1938
1781829856892,1907
1781829856894,1853
1781829856896,1815
1781829856898,1823
1781829856900,1884
1781829856902,1968
1781829856904,2083
1781829856906,2214
1781829856888,2351
1781829856890,2495
1781829856892,2618
1781829856894,2712
1781829856896,2784
1781829856898,2847
1781829856900,2920
1781829856902,2975
1781829856904,2990
1781829856906,2986
1781829856933,2931
1781829856935,2848
1781829856937,2702
1781829856939,2540
1781829856941,2394
1781829856943,2294
1781829856945,2238
1781829856947,2213
1781829856949,2212
1781829856951,2206
1781829856933,2187
1781829856935,2168
1781829856937,2118
1781829856939,2031
1781829856941,1946
1781829856943,1890
1781829856945,1879
1781829856947,1898
1781829856949,1935
1781829856951,1969
1781829856982,1996
1781829856984,1996
1781829856986,1961
1781829856988,1900
1781829856990,1836
1781829856992,1785
1781829856994,1780
1781829856996,1818
1781829856998,1873
1781829857000,1917
1781829856982,1943
1781829856984,1959
1781829856986,1935
1781829856988,1878
1781829856990,1829
1781829856992,1790
1781829856994,1787
1781829856996,1816
1781829856998,1862
1781829857000,1915
1781829857029,1949
1781829857031,1946
1781829857033,1908
1781829857035,1851
1781829857037,1784
1781829857039,1759
1781829857041,1778
1781829857043,1829
1781829857045,1884
1781829857047,1936
1781829857029,1988
1781829857031,2017
1781829857033,2000
1781829857035,1950
1781829857037,1889
1781829857039,1855
1781829857041,1861
1781829857043,1889
1781829857045,1939
1781829857047,1985
1781829857029,2020
1781829857031,2041
1781829857033,2025
1781829857035,1977
1781829857037,1935
1781829857039,1915
1781829857041,1935
1781829857043,1982
1781829857045,2026
1781829857047,2072
1781829857075,2104
1781829857077,2118
1781829857079,2101
1781829857081,2062
1781829857083,2006
1781829857085,1987
1781829857087,2010
1781829857089,2058
1781829857091,2116
1781829857093,2179
1781829857075,2229
1781829857077,2243
1781829857079,2223
1781829857081,2167
1781829857083,2103
1781829857085,2070
1781829857087,2073
1781829857089,2098
1781829857091,2139
1781829857093,2193
1781829857120,2237
1781829857122,2257
1781829857124,2225
1781829857126,2163
1781829857128,2102
1781829857130,2066
1781829857132,2079
1781829857134,2115
1781829857136,2158
1781829857138,2204
1781829857166,2245
1781829857168,2253
1781829857170,2226
1781829857172,2156
1781829857174,2082
1781829857176,2032
1781829857178,2031
1781829857180,2062
1781829857182,2096
1781829857184,2135
1781829857166,2163
1781829857168,2157
1781829857170,2108
1781829857172,2015
1781829857174,1935
1781829857176,1904
1781829857178,1931
1781829857180,1974
1781829857182,2027
1781829857184,2068
1781829857166,2087
1781829857168,2070
1781829857170,2018
1781829857172,1939
1781829857174,1872
1781829857176,1823
1781829857178,1829
1781829857180,1873
1781829857182,1920
1781829857184,1950
1781829857212,1965
1781829857214,1958
1781829857216,1911
1781829857218,1848
1781829857220,1788
1781829857222,1765
1781829857224,1768
1781829857226,1800
1781829857228,1844
1781829857230,1886
1781829857212,1920
1781829857214,1927
1781829857216,1887
1781829857218,1811
1781829857220,1747
1781829857222,1705
1781829857224,1718
1781829857226,1761
1781829857228,1808
1781829857230,1855
1781829857212,1887
1781829857214,1881
1781829857216,1843
1781829857218,1785
1781829857220,1729
1781829857222,1696
1781829857224,1707
1781829857226,1753
1781829857228,1806
1781829857230,1853
1781829857256,1892
1781829857258,1899
1781829857260,1858
1781829857262,1801
1781829857264,1739
1781829857266,1706
1781829857268,1719
1781829857270,1766
1781829857272,1828
1781829857274,1881
1781829857256,1912
1781829857258,1915
1781829857260,1873
1781829857262,1806
1781829857264,1745
1781829857266,1712
1781829857268,1728
1781829857270,1767
1781829857272,1801
1781829857274,1837
1781829857300,1875
1781829857302,1884
1781829857304,1847
1781829857306,1792
1781829857308,1738
1781829857310,1707
1781829857312,1712
1781829857314,1751
1781829857316,1815
1781829857318,1869
1781829857300,1908
1781829857302,1913
1781829857304,1877
1781829857306,1804
1781829857308,1748
1781829857310,1732
1781829857312,1756
1781829857314,1796
1781829857316,1837
1781829857318,1879
1781829857345,1910
1781829857347,1921
1781829857349,1892
1781829857351,1827
1781829857353,1758
1781829857355,1730
1781829857357,1748
1781829857359,1791
1781829857361,1837
1781829857363,1875
1781829857345,1903
1781829857347,1911
1781829857349,1891
1781829857351,1842
1781829857353,1777
1781829857355,1740
1781829857357,1756
1781829857359,1800
1781829857361,1849
1781829857363,1899
1781829857389,1942
1781829857391,1940
1781829857393,1908
1781829857395,1845
1781829857397,1779
1781829857399,1744
1781829857401,1748
1781829857403,1787
1781829857405,1836
1781829857407,1888
1781829857389,1922
1781829857391,1926
1781829857393,1897
1781829857395,1844
1781829857397,1785
1781829857399,1755
1781829857401,1765
1781829857403,1812
1781829857405,1861
1781829857407,1903
1781829857389,1932
1781829857391,1935
1781829857393,1897
1781829857395,1837
1781829857397,1781
1781829857399,1762
1781829857401,1781
1781829857403,1835
1781829857405,1901
1781829857407,1961
1781829857433,1995
1781829857435,2009
1781829857437,1982
1781829857439,1918
1781829857441,1866
1781829857443,1851
1781829857445,1878
1781829857447,1915
1781829857449,1967
1781829857451,2023
1781829857433,2067
1781829857435,2078
1781829857437,2043
1781829857439,1979
1781829857441,1917
1781829857443,1894
1781829857445,1916
1781829857447,1958
1781829857449,2008
1781829857451,2064
1781829857480,2110
1781829857482,2114
1781829857484,2081
1781829857486,2030
1781829857488,1986
1781829857490,1968
1781829857492,1983
1781829857494,2014
1781829857496,2045
1781829857498,2072
1781829857480,2090
1781829857482,2090
1781829857484,2053
1781829857486,1975
1781829857488,1900
1781829857490,1874
1781829857492,1882
1781829857494,1916
1781829857496,1958
1781829857498,1997
1781829857523,2021
1781829857525,2022
1781829857527,1984
1781829857529,1929
1781829857531,1875
1781829857533,1834
1781829857535,1841
1781829857537,1882
1781829857539,1938
1781829857541,2002
1781829857523,2048
1781829857525,2065
1781829857527,2031
1781829857529,1966
1781829857531,1907
1781829857533,1872
1781829857535,1875
1781829857537,1902
1781829857539,1940
1781829857541,1981
1781829857568,2023
1781829857570,2032
1781829857572,1997
1781829857574,1939
1781829857576,1880
1781829857578,1849
1781829857580,1856
1781829857582,1886
1781829857584,1938
1781829857586,1992
1781829857568,2032
1781829857570,2044
1781829857572,2013
1781829857574,1956
1781829857576,1894
1781829857578,1842
1781829857580,1828
1781829857582,1850
1781829857584,1875
1781829857586,1907
1781829857568,1935
1781829857570,1950
1781829857572,1934
1781829857574,1891
1781829857576,1877
1781829857578,1921
1781829857580,2021
1781829857582,2169
1781829857584,2347
1781829857586,2543
1781829857614,2727
1781829857616,2889
1781829857618,2992
1781829857620,3041
1781829857622,3039
1781829857624,3025
1781829857626,2998
1781829857628,2964
1781829857630,2915
1781829857632,2856
1781829857614,2784
1781829857616,2690
1781829857618,2547
1781829857620,2391
1781829857622,2260
1781829857624,2183
1781829857626,2149
1781829857628,2152
1781829857630,2165
1781829857632,2190
1781829857662,2200
1781829857664,2181
1781829857666,2128
1781829857668,2052
1781829857670,1978
1781829857672,1940
1781829857674,1942
1781829857676,1949
1781829857678,1975
1781829857680,2004
1781829857662,2014
1781829857664,2002
1781829857666,1964
1781829857668,1901
1781829857670,1853
1781829857672,1832
1781829857674,1843
1781829857676,1866
1781829857678,1898
1781829857680,1937
1781829857711,1973
1781829857713,1983
1781829857715,1958
1781829857717,1909
1781829857719,1866
1781829857721,1847
1781829857723,1855
1781829857725,1879
1781829857727,1918
1781829857729,1967
1781829857711,2011
1781829857713,2021
1781829857715,1986
1781829857717,1926
1781829857719,1865
1781829857721,1850
1781829857723,1881
1781829857725,1934
1781829857727,1995
1781829857729,2037
1781829857711,2057
1781829857713,2068
1781829857715,2046
1781829857717,1994
1781829857719,1951
1781829857721,1935
1781829857723,1956
1781829857725,1990
1781829857727,2018
1781829857729,2069
1781829857711,2108
1781829857713,2113
1781829857715,2072
1781829857717,2004
1781829857719,1957
1781829857721,1936
1781829857723,1957
1781829857725,2018
1781829857727,2081
1781829857729,2138
1781829857711,2176
1781829857713,2181
1781829857715,2154
1781829857717,2098
1781829857719,2057
1781829857721,2046
1781829857723,2062
1781829857725,2089
1781829857727,2129
1781829857729,2176
1781829857801,2229
1781829857803,2258
1781829857805,2236
1781829857807,2176
1781829857809,2121
1781829857811,2093
1781829857813,2117
1781829857815,2161
1781829857817,2193
1781829857819,2252
1781829857801,2289
1781829857803,2290
1781829857805,2249
1781829857807,2176
1781829857809,2119
1781829857811,2089
1781829857813,2096
1781829857815,2135
1781829857817,2179
1781829857819,2215
1781829857801,2239
1781829857803,2244
1781829857805,2196
1781829857807,2138
1781829857809,2084
1781829857811,2057
1781829857813,2052
1781829857815,2072
1781829857817,2112
1781829857819,2154
1781829857801,2187
1781829857803,2190
1781829857805,2141
1781829857807,2081
1781829857809,2026
1781829857811,1997
1781829857813,2000
1781829857815,2018
1781829857817,2052
1781829857819,2084
1781829857847,2100
1781829857849,2092
1781829857851,2053
1781829857853,1985
1781829857855,1922
1781829857857,1889
1781829857859,1904
1781829857861,1950
1781829857863,2001
1781829857865,2041
1781829857847,2052
1781829857849,2040
1781829857851,1998
1781829857853,1924
1781829857855,1856
1781829857857,1829
1781829857859,1848
1781829857861,1884
1781829857863,1923
1781829857865,1962
1781829857891,1993
1781829857893,2004
1781829857895,1976
1781829857897,1917
1781829857899,1854
1781829857901,1828
1781829857903,1847
1781829857905,1888
1781829857907,1947
1781829857909,2001
1781829857891,2039
1781829857893,2053
1781829857895,2025
1781829857897,1969
1781829857899,1918
1781829857901,1887
1781829857903,1879
1781829857905,1904
1781829857907,1947
1781829857909,1985
1781829857891,2015
1781829857893,2025
1781829857895,1995
1781829857897,1933
1781829857899,1875
1781829857901,1862
1781829857903,1891
1781829857905,1945
1781829857907,1991
1781829857909,2031
1781829857986,2063
1781829857988,2061
1781829857990,2017
1781829857992,1950
1781829857994,1892
1781829857996,1860
1781829857998,1873
1781829858000,1911
1781829858002,1968
1781829858004,2026
1781829857986,2065
1781829857988,2071
1781829857990,2036
1781829857992,1987
1781829857994,1941
1781829857996,1925
1781829857998,1944
1781829858000,1976
1781829858002,2024
1781829858004,2072
1781829857986,2099
1781829857988,2089
1781829857990,2034
1781829857992,1966
1781829857994,1906
1781829857996,1883
1781829857998,1894
1781829858000,1932
1781829858002,1985
1781829858004,2053
1781829857986,2087
1781829857988,2091
1781829857990,2049
1781829857992,1982
1781829857994,1918
1781829857996,1885
1781829857998,1898
1781829858000,1933
1781829858002,1972
1781829858004,2009
1781829858032,2034
1781829858034,2025
1781829858036,1979
1781829858038,1924
1781829858040,1892
1781829858042,1880
1781829858044,1894
1781829858046,1924
1781829858048,1968
1781829858050,2017
1781829858032,2049
1781829858034,2060
1781829858036,2021
1781829858038,1946
1781829858040,1878
1781829858042,1845
1781829858044,1839
1781829858046,1864
1781829858048,1929
1781829858050,1994
1781829858032,2037
1781829858034,2051
1781829858036,2023
1781829858038,1968
1781829858040,1929
1781829858042,1908
1781829858044,1921
1781829858046,1946
1781829858048,1977
1781829858050,2016
1781829858079,2039
1781829858081,2032
1781829858083,1991
1781829858085,1926
1781829858087,1872
1781829858089,1861
1781829858091,1880
1781829858093,1921
1781829858095,1969
1781829858097,2007
1781829858079,2049
1781829858081,2069
1781829858083,2042
1781829858085,1980
1781829858087,1927
1781829858089,1914
1781829858091,1936
1781829858093,1988
1781829858095,2038
1781829858097,2102
1781829858128,2130
1781829858130,2121
1781829858132,2071
1781829858134,2008
1781829858136,1960
1781829858138,1952
1781829858140,1986
1781829858142,2034
1781829858144,2088
1781829858146,2137
1781829858128,2163
1781829858130,2160
1781829858132,2116
1781829858134,2062
1781829858136,2006
1781829858138,1971
1781829858140,1967
1781829858142,1979
1781829858144,2009
1781829858146,2040
1781829858178,2064
1781829858180,2053
1781829858182,2013
1781829858184,1943
1781829858186,1877
1781829858188,1847
1781829858190,1859
1781829858192,1891
1781829858194,1926
1781829858196,1959
1781829858178,1968
1781829858180,1968
1781829858182,1942
1781829858184,1890
1781829858186,1836
1781829858188,1815
1781829858190,1829
1781829858192,1868
1781829858194,1923
1781829858196,1966
1781829858230,1988
1781829858232,1982
1781829858234,1944
1781829858236,1882
1781829858238,1826
1781829858240,1794
1781829858242,1798
1781829858244,1833
1781829858246,1875
1781829858248,1909
1781829858230,1935
1781829858232,1944
1781829858234,1910
1781829858236,1848
1781829858238,1793
1781829858240,1775
1781829858242,1804
1781829858244,1852
1781829858246,1895
1781829858248,1929
1781829858230,1953
1781829858232,1943
1781829858234,1895
1781829858236,1825
1781829858238,1766
1781829858240,1736
1781829858242,1746
1781829858244,1781
1781829858246,1815
1781829858248,1845
1781829858279,1879
1781829858281,1890
1781829858283,1862
1781829858285,1835
1781829858287,1833
1781829858289,1879
1781829858291,1980
1781829858293,2119
1781829858295,2287
1781829858297,2471
1781829858279,2643
1781829858281,2792
1781829858283,2870
1781829858285,2901
1781829858287,2920
1781829858289,2898
1781829858291,2859
1781829858293,2827
1781829858295,2782
1781829858297,2710
